date,hv10,hv10_rank,phv10,phv10_rank,ivcall10,ivcall10_rank,ivmean10,ivmean10_rank,ivput10,ivput10_rank,hv180,hv180_rank,phv180,phv180_rank,ivcall1080,ivcall1080_rank,ivmean1080,ivmean1080_rank,ivput1080,ivput1080_rank
2025-07-18,0.5899,63.0,0.4624,55.0,0.5095,37.0,0.5094,38.0,0.5094,38.0,0.675,71.0,0.5431,71.0,0.5847,45.0,0.59,47.0,0.5954,49.0
2025-07-17,0.6522,73.0,0.5037,65.0,0.5125,38.0,0.5117,39.0,0.511,39.0,0.6771,72.0,0.5477,73.0,0.5835,44.0,0.587,46.0,0.5905,47.0
2025-07-16,0.8532,89.0,0.5899,80.0,0.5533,52.0,0.5577,54.0,0.5621,56.0,0.6769,72.0,0.5484,73.0,0.5795,41.0,0.5557,24.0,0.5319,12.0
2025-07-15,0.8337,88.0,0.5879,80.0,0.5467,50.0,0.5476,51.0,0.5484,52.0,0.6771,72.0,0.5517,74.0,0.582,43.0,0.5888,47.0,0.5955,49.0
2025-07-14,0.811,87.0,0.5779,78.0,0.5486,51.0,0.5549,53.0,0.5612,56.0,0.6792,72.0,0.5527,74.0,0.5641,33.0,0.5225,10.0,0.4808,5.0
2025-07-11,0.7945,86.0,0.5732,78.0,0.5531,52.0,0.574,59.0,0.5949,66.0,0.6836,73.0,0.5526,74.0,0.5742,38.0,0.55,22.0,0.5259,10.0
2025-07-09,0.701,78.0,0.5292,70.0,0.5289,44.0,0.538,48.0,0.5472,52.0,0.6765,71.0,0.5504,74.0,0.5672,35.0,0.5671,32.0,0.5669,30.0
2025-07-08,0.5546,57.0,0.4577,54.0,0.5489,51.0,0.5454,51.0,0.5419,50.0,0.6665,70.0,0.5484,73.0,0.5732,38.0,0.5668,31.0,0.5603,26.0
2025-07-07,0.4222,32.0,0.3789,28.0,0.5536,52.0,0.5592,55.0,0.5647,57.0,0.6618,69.0,0.545,72.0,0.5577,28.0,0.5602,27.0,0.5627,27.0
2025-07-03,0.3971,26.0,0.3552,21.0,0.5172,40.0,0.4896,30.0,0.4621,21.0,0.6712,71.0,0.547,72.0,0.5639,32.0,0.5746,37.0,0.5853,44.0
2025-07-02,0.4021,27.0,0.3529,20.0,0.4869,28.0,0.4896,30.0,0.4924,32.0,0.6714,71.0,0.5469,72.0,0.5702,36.0,0.5231,10.0,0.476,5.0
2025-07-01,0.3973,26.0,0.3649,24.0,0.5328,46.0,0.5094,38.0,0.4859,30.0,0.6714,71.0,0.5467,72.0,0.5573,28.0,0.5478,20.0,0.5382,14.0
2025-06-30,0.444,36.0,0.3814,30.0,0.5117,38.0,0.5064,37.0,0.5011,35.0,0.6728,71.0,0.5465,72.0,0.5633,32.0,0.5569,25.0,0.5505,20.0
2025-06-27,0.3964,26.0,0.3909,33.0,0.4883,28.0,0.4702,23.0,0.4522,18.0,0.6728,71.0,0.5458,72.0,0.5663,34.0,0.5675,32.0,0.5687,31.0
2025-06-26,0.3824,24.0,0.4031,37.0,0.4845,28.0,0.4972,33.0,0.5099,38.0,0.6698,70.0,0.5469,72.0,0.5741,38.0,0.5618,28.0,0.5496,19.0
2025-06-25,0.3384,16.0,0.3978,35.0,0.4963,32.0,0.502,35.0,0.5077,38.0,0.669,70.0,0.5461,72.0,0.5707,36.0,0.5679,32.0,0.5651,28.0
2025-06-24,0.3402,17.0,0.4068,38.0,0.5006,34.0,0.4992,34.0,0.4979,34.0,0.669,70.0,0.5459,72.0,0.5688,36.0,0.5436,18.0,0.5185,9.0
2025-06-23,0.3444,17.0,0.3983,35.0,0.5186,41.0,0.5056,36.0,0.4927,32.0,0.6689,70.0,0.5458,72.0,0.5858,46.0,0.5707,34.0,0.5556,22.0
2025-06-20,0.3438,17.0,0.4014,36.0,0.5274,44.0,0.5687,57.0,0.61,69.0,0.6691,70.0,0.5452,72.0,0.5808,42.0,0.5594,27.0,0.5379,14.0
2025-06-18,0.2946,10.0,0.3773,28.0,0.5693,57.0,0.5648,56.0,0.5602,56.0,0.6745,71.0,0.5467,72.0,0.582,43.0,0.603,54.0,0.624,62.0
2025-06-17,0.2425,5.0,0.3701,26.0,0.5856,62.0,0.5792,61.0,0.5729,59.0,0.6736,71.0,0.5457,72.0,0.5704,36.0,0.581,42.0,0.5915,47.0
2025-06-16,0.1704,1.0,0.3855,31.0,0.5547,53.0,0.5611,55.0,0.5674,57.0,0.6729,71.0,0.5457,72.0,0.5808,42.0,0.55,22.0,0.5192,9.0
2025-06-13,0.8896,91.0,0.4924,62.0,0.5785,60.0,0.5845,62.0,0.5905,65.0,0.6741,71.0,0.5453,72.0,0.5469,24.0,0.5438,18.0,0.5406,15.0
2025-06-12,0.8907,91.0,0.4862,61.0,0.5809,61.0,0.575,59.0,0.569,57.0,0.6828,73.0,0.5462,72.0,0.5629,32.0,0.6062,56.0,0.6496,71.0
2025-06-11,0.8579,89.0,0.4958,63.0,0.5907,64.0,0.5936,65.0,0.5965,66.0,0.685,73.0,0.5472,72.0,0.5686,35.0,0.5794,41.0,0.5901,47.0
2025-06-10,0.9476,94.0,0.5682,77.0,0.6452,76.0,0.6267,73.0,0.6082,69.0,0.6854,73.0,0.5469,72.0,0.5753,39.0,0.6134,59.0,0.6514,72.0
2025-06-09,0.9447,94.0,0.5687,77.0,0.6329,74.0,0.6297,73.0,0.6265,73.0,0.6909,74.0,0.55,74.0,0.5815,43.0,0.583,43.0,0.5845,44.0
2025-06-06,1.034,96.0,0.5883,80.0,0.5995,66.0,0.6093,69.0,0.619,71.0,0.6915,74.0,0.5497,73.0,0.5915,49.0,0.5767,39.0,0.5619,26.0
2025-06-05,0.9685,95.0,0.6188,84.0,0.6195,71.0,0.6292,73.0,0.6388,75.0,0.6912,74.0,0.5489,73.0,0.5774,40.0,0.586,45.0,0.5945,49.0
2025-06-04,0.6785,76.0,0.573,78.0,0.5351,46.0,0.5418,49.0,0.5485,52.0,0.6607,68.0,0.5439,71.0,0.5742,38.0,0.5808,41.0,0.5873,45.0
2025-06-03,0.6969,78.0,0.5765,78.0,0.5442,49.0,0.5524,53.0,0.5605,56.0,0.6655,70.0,0.5458,72.0,0.5863,46.0,0.6086,57.0,0.6308,65.0
2025-06-02,0.7403,82.0,0.5699,77.0,0.5697,57.0,0.5589,54.0,0.5481,52.0,0.666,70.0,0.5454,72.0,0.5515,27.0,0.5722,36.0,0.5929,48.0
2025-05-30,0.4062,28.0,0.4862,61.0,0.5313,45.0,0.5261,44.0,0.5209,43.0,0.6477,65.0,0.5408,69.0,0.5941,50.0,0.6181,61.0,0.6421,69.0
2025-05-29,0.4589,39.0,0.52,68.0,0.5252,43.0,0.529,45.0,0.5328,47.0,0.6477,65.0,0.5406,69.0,0.5943,50.0,0.6188,61.0,0.6433,69.0
2025-05-28,0.3481,18.0,0.4833,60.0,0.5206,41.0,0.5502,52.0,0.5798,61.0,0.6461,65.0,0.5386,68.0,0.6107,57.0,0.6462,70.0,0.6818,80.0
2025-05-27,0.3738,22.0,0.4167,41.0,0.5748,59.0,0.5772,60.0,0.5796,61.0,0.6473,65.0,0.5355,67.0,0.6118,57.0,0.6093,57.0,0.6068,55.0
2025-05-23,0.2877,9.0,0.3636,23.0,0.5228,42.0,0.5048,36.0,0.4868,30.0,0.6444,65.0,0.5332,67.0,0.6529,71.0,0.6255,63.0,0.5981,51.0
2025-05-22,0.3617,20.0,0.3645,24.0,0.5149,39.0,0.5107,39.0,0.5064,37.0,0.6448,65.0,0.5331,67.0,0.6365,66.0,0.6508,72.0,0.6652,76.0
2025-05-21,0.3466,17.0,0.3736,27.0,0.5121,38.0,0.5194,42.0,0.5266,45.0,0.6449,65.0,0.533,67.0,0.5923,49.0,0.6011,54.0,0.6098,56.0
2025-05-20,0.3565,19.0,0.391,33.0,0.5251,43.0,0.5247,44.0,0.5242,44.0,0.6449,65.0,0.5329,67.0,0.6188,60.0,0.6125,59.0,0.6063,54.0
2025-05-19,0.4961,46.0,0.4109,39.0,0.5133,39.0,0.5176,41.0,0.5218,43.0,0.645,65.0,0.5312,66.0,0.6382,67.0,0.6296,64.0,0.621,61.0
2025-05-16,0.9258,93.0,0.6525,88.0,0.5231,42.0,0.5202,42.0,0.5174,41.0,0.6451,65.0,0.533,67.0,0.6053,55.0,0.6027,54.0,0.6001,52.0
2025-05-15,0.9248,93.0,0.6657,89.0,0.5397,48.0,0.5449,50.0,0.5501,53.0,0.648,65.0,0.5365,68.0,0.6691,76.0,0.6527,73.0,0.6364,67.0
2025-05-14,1.0273,96.0,0.6845,90.0,0.5418,48.0,0.5651,56.0,0.5884,64.0,0.6485,66.0,0.5372,68.0,0.6123,57.0,0.6138,59.0,0.6154,59.0
2025-05-13,1.0302,96.0,0.6991,91.0,0.552,52.0,0.5697,57.0,0.5874,64.0,0.6475,65.0,0.5369,68.0,0.6045,54.0,0.6036,55.0,0.6028,53.0
2025-05-12,1.031,96.0,0.7006,92.0,0.6063,68.0,0.613,70.0,0.6196,71.0,0.65,66.0,0.5373,68.0,0.5956,51.0,0.6232,62.0,0.6508,71.0
2025-05-09,1.096,97.0,0.6951,91.0,0.5528,52.0,0.5708,57.0,0.5887,64.0,0.6527,67.0,0.537,68.0,0.5761,40.0,0.5954,50.0,0.6148,59.0
2025-05-08,0.9647,95.0,0.6568,88.0,0.5546,52.0,0.5842,62.0,0.6139,70.0,0.6466,65.0,0.5349,67.0,0.6101,57.0,0.6169,60.0,0.6237,62.0
2025-05-07,0.5847,63.0,0.4225,44.0,0.6591,79.0,0.6846,83.0,0.71,87.0,0.6248,62.0,0.5231,65.0,0.5655,34.0,0.5892,47.0,0.6128,57.0
2025-05-06,0.5664,59.0,0.4044,37.0,0.7031,86.0,0.6588,79.0,0.6145,70.0,0.6244,62.0,0.5229,65.0,0.5826,44.0,0.602,54.0,0.6215,61.0
2025-05-05,0.4259,32.0,0.3797,28.0,0.6803,83.0,0.6846,83.0,0.6889,84.0,0.6197,61.0,0.5222,64.0,0.5791,41.0,0.5894,47.0,0.5996,52.0
2025-05-02,0.3955,26.0,0.3434,17.0,0.616,70.0,0.6294,73.0,0.6427,76.0,0.6199,61.0,0.5218,64.0,0.5825,44.0,0.5891,47.0,0.5957,49.0
2025-05-01,0.4221,32.0,0.3817,30.0,0.6208,71.0,0.6083,69.0,0.5959,66.0,0.6223,61.0,0.5213,64.0,0.5887,47.0,0.5904,48.0,0.5921,48.0
2025-04-30,0.4013,27.0,0.4328,47.0,0.6156,70.0,0.626,73.0,0.6365,75.0,0.6177,60.0,0.5211,64.0,0.6653,75.0,0.689,82.0,0.7128,87.0
2025-04-29,0.3996,26.0,0.5158,67.0,0.6568,78.0,0.6446,76.0,0.6325,74.0,0.62,61.0,0.5214,64.0,0.6679,76.0,0.6792,79.0,0.6905,82.0
2025-04-28,0.4137,28.0,0.5158,67.0,0.6522,78.0,0.6506,77.0,0.6489,77.0,0.62,61.0,0.5211,64.0,0.633,65.0,0.6192,61.0,0.6053,54.0
2025-04-25,0.4285,33.0,0.5879,80.0,0.5573,53.0,0.574,59.0,0.5908,65.0,0.6204,61.0,0.5217,64.0,0.5929,49.0,0.6212,62.0,0.6496,71.0
2025-04-24,0.4285,33.0,0.5805,79.0,0.5318,45.0,0.5833,62.0,0.6347,75.0,0.6204,61.0,0.5224,64.0,0.6166,59.0,0.6382,68.0,0.6598,74.0
2025-04-23,0.5788,61.0,0.645,87.0,0.7195,89.0,0.6816,83.0,0.6436,76.0,0.6206,61.0,0.5223,64.0,0.6233,62.0,0.6209,61.0,0.6185,60.0
2025-04-22,0.6347,70.0,0.6221,85.0,0.6425,76.0,0.6513,77.0,0.6601,80.0,0.6232,61.0,0.5206,64.0,0.6081,56.0,0.6116,57.0,0.6151,59.0
2025-04-21,0.4724,41.0,0.6077,83.0,0.7699,94.0,0.7116,87.0,0.6532,78.0,0.6204,61.0,0.519,64.0,0.6306,64.0,0.6184,61.0,0.6062,54.0
2025-04-17,0.7872,85.0,0.6611,89.0,0.539,47.0,0.5391,48.0,0.5392,49.0,0.6532,67.0,0.5265,65.0,0.6099,57.0,0.6108,57.0,0.6116,57.0
2025-04-16,0.8207,87.0,0.7501,95.0,0.619,71.0,0.613,70.0,0.607,69.0,0.6531,67.0,0.5276,66.0,0.5986,52.0,0.5778,39.0,0.5569,23.0
2025-04-15,0.8846,90.0,0.8101,97.0,0.5865,62.0,0.5943,65.0,0.6021,67.0,0.653,67.0,0.5248,65.0,0.5958,51.0,0.6014,54.0,0.607,55.0
2025-04-14,1.3439,100.0,0.8976,99.0,0.7085,87.0,0.6502,77.0,0.5918,65.0,0.653,67.0,0.525,65.0,0.5915,49.0,0.5708,34.0,0.55,20.0
2025-04-11,1.3116,100.0,0.8961,99.0,0.7332,90.0,0.8376,98.0,0.9421,99.0,0.6481,65.0,0.5203,64.0,0.6807,79.0,0.6809,79.0,0.6812,80.0
2025-04-10,1.2687,99.0,0.8924,99.0,0.6091,68.0,,,0.6375,75.0,0.6451,65.0,0.5196,64.0,0.5952,51.0,,,0.6021,53.0
2025-04-09,1.2539,99.0,0.8755,99.0,0.6641,80.0,,,0.5666,57.0,0.6493,66.0,0.5202,64.0,0.599,52.0,,,0.6107,57.0
2025-04-08,0.795,86.0,0.8042,97.0,0.7554,93.0,,,0.7784,95.0,0.6243,62.0,0.512,62.0,0.596,51.0,,,0.6195,61.0
2025-04-07,0.7957,86.0,0.74,94.0,0.8379,97.0,,,0.7044,86.0,0.6225,61.0,0.5055,59.0,0.6868,81.0,,,0.625,63.0
2025-04-04,0.8787,90.0,0.6237,85.0,0.821,96.0,,,0.5827,62.0,0.6226,61.0,0.4962,56.0,0.6117,57.0,,,0.6002,52.0
2025-04-03,0.3492,18.0,0.4934,62.0,0.608,68.0,,,0.6016,67.0,0.5881,48.0,0.4897,54.0,0.5711,37.0,,,0.591,47.0
2025-04-02,0.2886,9.0,0.4482,51.0,0.5692,57.0,,,0.582,62.0,0.5856,48.0,0.4851,52.0,0.5623,32.0,,,0.5764,38.0
2025-04-01,0.2823,9.0,0.4397,49.0,0.562,55.0,,,0.5718,59.0,0.5868,48.0,0.4851,52.0,0.6007,53.0,,,0.579,40.0
2025-03-31,0.2945,10.0,0.4428,50.0,0.6016,66.0,,,0.5966,66.0,0.5883,48.0,0.4855,53.0,0.564,33.0,,,0.5771,39.0
2025-03-28,0.3159,13.0,0.412,40.0,0.5213,42.0,,,0.5233,44.0,0.5923,50.0,0.4846,52.0,0.5563,28.0,,,0.5807,41.0
2025-03-27,0.2866,9.0,0.3897,32.0,0.5282,44.0,,,0.524,44.0,0.5931,50.0,0.4842,52.0,0.5594,30.0,,,0.5679,31.0
2025-03-26,0.2575,7.0,0.3903,33.0,0.5273,44.0,,,0.5372,49.0,0.5928,50.0,0.483,51.0,0.5479,25.0,,,0.5032,7.0
2025-03-25,0.4602,39.0,0.4336,47.0,0.5399,48.0,,,0.5503,53.0,0.5927,50.0,0.4826,51.0,0.5625,32.0,,,0.5537,21.0
2025-03-24,0.4507,37.0,0.3935,34.0,0.5053,36.0,,,0.5369,49.0,0.6004,53.0,0.4841,52.0,0.5752,39.0,,,0.5814,42.0
2025-03-21,0.6515,73.0,0.4946,62.0,0.5013,34.0,,,0.623,72.0,0.6013,54.0,0.4852,52.0,0.5825,44.0,,,0.5159,9.0
2025-03-20,0.6114,67.0,0.487,61.0,0.5459,50.0,,,0.5398,49.0,0.6014,54.0,0.4846,52.0,0.5791,41.0,,,0.5782,39.0
2025-03-19,0.6712,75.0,0.5664,77.0,0.5933,64.0,,,0.6069,69.0,0.6014,54.0,0.4848,52.0,0.565,33.0,,,0.5899,47.0
2025-03-18,0.8948,91.0,0.5957,81.0,0.5809,61.0,,,0.5971,66.0,0.6039,55.0,0.4882,54.0,0.5846,45.0,,,0.591,47.0
2025-03-17,0.8993,91.0,0.6033,82.0,0.5805,61.0,,,0.5789,61.0,0.6038,55.0,0.4878,54.0,0.5942,50.0,,,0.6035,54.0
2025-03-14,0.88,90.0,0.5805,79.0,0.5844,62.0,,,0.6092,69.0,0.598,52.0,0.4858,53.0,0.5819,43.0,,,0.5998,52.0
2025-03-13,0.9356,93.0,0.6416,87.0,0.6447,76.0,,,0.6357,75.0,0.6034,55.0,0.4865,53.0,0.5955,51.0,,,0.6171,59.0
2025-03-12,0.8648,89.0,0.6156,84.0,0.625,72.0,,,0.6281,73.0,0.6129,57.0,0.4898,55.0,0.6001,53.0,,,0.616,59.0
2025-03-11,0.8681,89.0,0.6359,86.0,0.6651,80.0,,,0.5918,65.0,0.6221,61.0,0.4953,56.0,0.5911,48.0,,,0.6197,61.0
2025-03-10,0.6605,74.0,0.5768,78.0,0.6003,66.0,,,0.6632,80.0,0.6082,57.0,0.4909,55.0,0.6205,60.0,,,0.6174,60.0
2025-03-07,0.6704,75.0,0.5597,76.0,0.5797,60.0,,,0.5924,65.0,0.6012,53.0,0.4888,54.0,0.5819,43.0,,,0.6136,57.0
2025-03-06,0.7087,79.0,0.5844,80.0,0.596,65.0,,,0.6146,70.0,0.6056,55.0,0.4913,55.0,0.653,71.0,,,0.6222,62.0
2025-03-05,0.7599,83.0,0.5966,81.0,0.6473,77.0,,,0.7186,88.0,0.6174,60.0,0.4957,56.0,0.5876,47.0,,,0.6171,59.0
2025-03-04,0.5696,60.0,0.5581,75.0,0.5667,56.0,,,0.622,72.0,0.6068,56.0,0.4919,55.0,0.5923,49.0,,,0.6145,57.0
2025-03-03,0.5971,65.0,0.5239,68.0,0.7016,86.0,,,0.5796,61.0,0.6122,57.0,0.4911,55.0,0.6935,82.0,,,0.5681,31.0
2025-02-28,0.7707,84.0,0.5821,79.0,0.5377,47.0,,,0.4836,28.0,0.6122,57.0,0.4892,54.0,0.6991,84.0,,,0.5874,45.0
2025-02-27,0.7704,84.0,0.5684,77.0,0.4178,9.0,,,0.4758,26.0,0.6123,57.0,0.4881,54.0,0.5992,53.0,,,0.5834,43.0
2025-02-26,0.6366,70.0,0.5502,74.0,0.6121,69.0,,,0.6143,70.0,0.6085,57.0,0.4868,53.0,0.5818,43.0,,,0.5859,44.0
2025-02-25,0.6506,72.0,0.608,83.0,0.6344,74.0,,,0.5766,60.0,0.6053,55.0,0.4835,52.0,0.6093,56.0,,,0.5802,41.0
2025-02-24,0.6221,68.0,0.5854,80.0,0.6129,69.0,,,0.5948,66.0,0.6032,55.0,0.4818,51.0,0.6818,79.0,,,0.5904,47.0
2025-02-21,0.6416,71.0,0.5898,80.0,0.8824,99.0,,,0.4647,22.0,0.603,54.0,0.48,51.0,1.07,100.0,,,0.5909,47.0
2025-02-20,0.6036,66.0,0.5765,78.0,0.5183,40.0,,,0.4829,28.0,0.6021,54.0,0.4787,50.0,0.6042,54.0,,,0.6149,59.0
2025-02-19,0.3893,25.0,0.5118,66.0,0.8131,96.0,,,0.6669,81.0,0.594,51.0,0.4736,47.0,0.6247,62.0,,,0.531,12.0
2025-02-18,0.4187,31.0,0.5583,75.0,0.6627,79.0,,,0.6345,74.0,0.594,51.0,0.4744,48.0,0.6065,55.0,,,0.6245,63.0
2025-02-14,0.4398,35.0,0.5641,76.0,0.5791,60.0,,,0.6024,67.0,0.5965,52.0,0.4749,48.0,0.5768,40.0,,,0.5902,47.0
2025-02-13,0.3867,24.0,0.4675,56.0,0.5924,64.0,,,0.6508,78.0,0.5929,50.0,0.468,45.0,0.5929,49.0,,,0.5981,51.0
2025-02-12,0.6449,72.0,0.5211,68.0,0.6261,72.0,,,0.5864,64.0,0.5936,51.0,0.4686,45.0,0.6491,70.0,,,0.6568,73.0
2025-02-11,0.6114,67.0,0.5148,67.0,0.6236,72.0,,,0.6264,73.0,0.5919,50.0,0.4665,44.0,0.6011,53.0,,,0.8189,100.0
2025-02-10,0.6733,75.0,0.5459,73.0,0.5866,62.0,,,0.6083,69.0,0.5932,51.0,0.4682,45.0,0.599,52.0,,,0.6172,60.0
2025-02-07,0.8463,89.0,0.5469,73.0,0.547,50.0,,,0.5416,50.0,0.5944,51.0,0.468,45.0,0.6168,59.0,,,0.7796,97.0
2025-02-06,0.827,87.0,0.5213,68.0,0.6009,66.0,,,0.4835,28.0,0.593,50.0,0.4649,43.0,0.6778,78.0,,,0.6284,64.0
2025-02-05,0.7625,84.0,0.5313,70.0,0.5771,60.0,,,0.561,56.0,0.5915,50.0,0.4649,43.0,0.5715,37.0,,,0.6212,61.0
2025-02-04,0.8881,91.0,0.5468,73.0,0.5821,61.0,,,0.654,78.0,0.5928,50.0,0.466,44.0,0.5934,50.0,,,0.6094,56.0
2025-02-03,0.7718,84.0,0.5023,64.0,0.6069,68.0,,,0.521,43.0,0.5851,47.0,0.4656,44.0,0.5639,32.0,,,0.5775,39.0
2025-01-31,0.772,84.0,0.477,59.0,0.5814,61.0,,,0.5278,45.0,0.5894,49.0,0.471,46.0,0.8826,100.0,,,0.5863,45.0
2025-01-30,0.7078,79.0,0.4461,50.0,0.4883,28.0,,,0.7299,90.0,0.5905,49.0,0.4769,49.0,0.6422,68.0,,,0.6116,57.0
2025-01-29,0.5052,48.0,0.4704,57.0,0.5397,48.0,,,0.4706,24.0,0.6155,59.0,0.4868,53.0,0.6458,69.0,,,0.6168,59.0
2025-01-28,0.5538,57.0,0.5509,74.0,0.5716,57.0,,,0.3203,1.0,0.6137,59.0,0.4856,53.0,0.6987,84.0,,,0.6064,54.0
2025-01-27,0.5386,54.0,0.5405,72.0,0.6237,72.0,,,0.4627,21.0,0.6141,59.0,0.4845,52.0,0.5392,21.0,,,0.6344,67.0
2025-01-24,0.4316,34.0,0.5916,81.0,0.5178,40.0,,,0.4685,23.0,0.608,57.0,0.4832,51.0,0.5797,42.0,,,0.6081,55.0
2025-01-23,0.5507,56.0,0.6164,84.0,0.5231,42.0,,,0.5115,39.0,0.608,57.0,0.4828,51.0,0.6381,67.0,,,0.6484,71.0
2025-01-22,0.6401,71.0,0.6182,84.0,0.5366,47.0,,,0.4945,33.0,0.6083,57.0,0.4834,52.0,0.6459,69.0,,,0.6132,57.0
2025-01-21,0.6313,69.0,0.6199,84.0,0.5244,43.0,,,0.5735,59.0,0.6094,57.0,0.4843,52.0,0.64,67.0,,,0.6653,76.0
2025-01-17,0.6237,68.0,0.5951,81.0,0.5149,39.0,,,0.522,43.0,0.6089,57.0,0.4817,51.0,0.5753,39.0,,,0.6139,57.0
2025-01-16,0.5546,57.0,0.5233,68.0,0.3728,2.0,,,0.5139,40.0,0.6051,55.0,0.4758,49.0,0.5798,42.0,,,0.5989,51.0
2025-01-15,0.5514,56.0,0.5313,70.0,0.523,42.0,,,0.5143,40.0,0.6049,55.0,0.4764,49.0,0.6376,66.0,,,0.5954,49.0
2025-01-14,0.535,53.0,0.4513,51.0,0.526,43.0,,,0.5223,44.0,0.6082,57.0,0.476,49.0,0.6062,55.0,,,0.5988,51.0
2025-01-13,0.6713,75.0,0.4688,57.0,0.4748,25.0,,,0.5854,63.0,0.6073,56.0,0.4753,49.0,0.5872,47.0,,,0.6105,57.0
2025-01-10,0.5558,57.0,0.4621,55.0,0.5497,51.0,,,0.5564,55.0,0.6086,57.0,0.4771,50.0,0.572,37.0,,,0.6086,56.0
2025-01-08,0.5987,65.0,0.4541,52.0,0.4806,27.0,,,0.5421,50.0,0.6091,57.0,0.4769,49.0,0.5851,45.0,,,0.6215,61.0
2025-01-07,0.6259,69.0,0.437,48.0,0.559,54.0,,,0.5865,64.0,0.6092,57.0,0.476,49.0,0.5815,43.0,,,0.6136,57.0
2025-01-06,0.6173,67.0,0.4323,47.0,0.5761,59.0,,,0.5394,49.0,0.6088,57.0,0.475,49.0,0.6008,53.0,,,0.6071,55.0
2025-01-03,0.6167,67.0,0.4052,37.0,0.5274,44.0,,,0.5073,37.0,0.6106,57.0,0.4742,48.0,0.6182,60.0,,,0.5993,51.0
2025-01-02,0.5684,59.0,0.3843,30.0,0.5301,45.0,,,0.5175,41.0,0.6113,57.0,0.4744,48.0,0.518,12.0,,,0.6077,55.0
2024-12-31,0.3086,12.0,0.3222,12.0,0.4965,32.0,,,0.5167,41.0,0.6009,53.0,0.4727,47.0,0.5735,38.0,,,0.7469,93.0
2024-12-30,0.2871,9.0,0.3218,12.0,0.5384,47.0,,,0.4883,30.0,0.6016,54.0,0.473,47.0,0.5952,51.0,,,0.6245,63.0
2024-12-27,0.4595,39.0,0.3865,31.0,0.4471,16.0,,,0.447,17.0,0.6073,56.0,0.474,48.0,0.6101,57.0,,,0.6618,75.0
2024-12-26,0.4448,36.0,0.3876,32.0,0.4709,24.0,,,0.5145,40.0,0.6067,56.0,0.4746,48.0,0.6019,54.0,,,0.6828,80.0
2024-12-24,0.416,30.0,0.3744,27.0,0.4267,11.0,,,0.4799,28.0,0.6074,56.0,0.4742,48.0,0.5838,44.0,,,0.6094,56.0
2024-12-23,0.3891,25.0,0.3785,28.0,0.4432,15.0,,,0.4237,11.0,0.6071,56.0,0.4753,49.0,0.6226,61.0,,,0.602,53.0
2024-12-20,0.47,41.0,0.4114,39.0,0.4514,18.0,,,0.318,1.0,0.607,56.0,0.4751,49.0,0.6289,64.0,,,0.5853,44.0
2024-12-19,0.622,68.0,0.4307,46.0,0.6773,82.0,,,0.445,16.0,0.6069,56.0,0.4743,48.0,0.6292,64.0,,,0.6673,76.0
2024-12-18,0.6182,68.0,0.4394,49.0,0.5149,39.0,,,0.476,26.0,0.6077,56.0,0.474,48.0,0.6328,65.0,,,0.6493,71.0
2024-12-17,0.7282,81.0,0.454,52.0,0.5325,46.0,,,0.4894,31.0,0.6008,53.0,0.471,46.0,0.6293,64.0,,,0.6073,55.0
2024-12-16,0.7322,81.0,0.4623,55.0,0.5755,59.0,,,0.5118,39.0,0.6031,54.0,0.4717,47.0,0.5863,46.0,,,0.6069,55.0
2024-12-13,0.7285,81.0,0.4583,54.0,0.582,61.0,,,0.5009,35.0,0.6051,55.0,0.4716,47.0,0.5868,46.0,,,0.5883,46.0
2024-12-12,0.7139,80.0,0.4641,55.0,0.5386,47.0,,,0.4,6.0,0.6044,55.0,0.4722,47.0,0.652,71.0,,,0.6093,56.0
2024-12-11,0.6122,67.0,0.4787,59.0,0.5516,51.0,,,0.5538,54.0,0.595,51.0,0.4708,46.0,0.6057,55.0,,,0.6112,57.0
2024-12-10,0.6332,70.0,0.459,54.0,0.5607,54.0,,,0.5323,47.0,0.5919,50.0,0.4691,45.0,0.6012,53.0,,,0.5589,24.0
2024-12-09,0.6231,68.0,0.4534,52.0,0.5695,57.0,,,0.5749,60.0,0.592,50.0,0.4699,46.0,0.5714,37.0,,,0.6366,67.0
2024-12-06,0.4862,44.0,0.3767,28.0,0.4549,18.0,,,0.5435,51.0,0.586,48.0,0.4712,46.0,0.5929,49.0,,,0.5743,36.0
2024-12-05,0.4744,42.0,0.3646,24.0,0.5971,65.0,,,0.4614,21.0,0.5855,48.0,0.4712,46.0,0.5601,31.0,,,0.5903,47.0
2024-12-04,0.5289,52.0,0.3553,21.0,0.5152,39.0,,,0.5162,41.0,0.5854,47.0,0.4716,47.0,0.5587,30.0,,,0.5369,14.0
2024-12-03,0.5392,54.0,0.3512,20.0,0.5304,45.0,,,0.5308,47.0,0.5959,52.0,0.4725,47.0,0.5744,39.0,,,0.5732,36.0
2024-12-02,0.2613,7.0,0.3011,7.0,0.5031,35.0,,,0.5103,39.0,0.5892,49.0,0.4707,46.0,0.5863,46.0,,,0.6087,56.0
2024-11-29,0.2444,5.0,0.2962,6.0,0.4985,33.0,,,0.4619,21.0,0.588,48.0,0.4706,46.0,0.5941,50.0,,,0.5815,42.0
2024-11-27,0.2702,8.0,0.2956,6.0,0.5028,35.0,,,0.5273,45.0,0.5949,51.0,0.4716,47.0,0.5227,14.0,,,0.5173,9.0
2024-11-26,0.4154,30.0,0.3043,8.0,0.5335,46.0,,,0.4781,27.0,0.595,51.0,0.4715,46.0,0.5834,44.0,,,0.5867,45.0
2024-11-25,0.407,28.0,0.3556,21.0,0.5293,45.0,,,0.4933,33.0,0.5949,51.0,0.4727,47.0,0.6112,57.0,,,0.5338,12.0
2024-11-22,0.4496,37.0,0.4379,48.0,0.4972,32.0,,,0.4793,28.0,0.5927,50.0,0.4735,47.0,0.5861,46.0,,,0.5806,41.0
2024-11-21,0.4471,37.0,0.4569,53.0,0.5022,34.0,,,0.4983,34.0,0.5957,52.0,0.4735,47.0,0.6997,84.0,,,0.5371,14.0
2024-11-20,0.4303,33.0,0.4516,52.0,0.5102,38.0,,,0.5062,37.0,0.6016,54.0,0.4739,48.0,0.5861,46.0,,,0.6044,54.0
2024-11-19,0.5032,48.0,0.4701,57.0,0.5405,48.0,,,0.5007,35.0,0.6017,54.0,0.4736,47.0,0.6215,61.0,,,0.5367,14.0
2024-11-18,0.5779,61.0,0.4798,59.0,0.5266,44.0,,,0.5865,64.0,0.6025,54.0,0.4742,48.0,0.5875,47.0,,,0.5821,42.0
2024-11-15,0.5431,55.0,0.488,61.0,0.6285,73.0,,,0.5516,53.0,0.6049,55.0,0.4753,49.0,0.5834,44.0,,,0.6201,61.0
2024-11-14,0.6085,66.0,0.4903,62.0,0.61,69.0,,,0.5736,59.0,0.6075,56.0,0.4745,48.0,0.5849,45.0,,,0.581,42.0
2024-11-13,0.4861,44.0,0.434,47.0,0.6264,72.0,,,0.5833,63.0,0.6042,55.0,0.4715,46.0,0.5912,48.0,,,0.5854,44.0
2024-11-12,0.4883,44.0,0.4319,46.0,0.6224,72.0,,,0.6224,72.0,0.6115,57.0,0.4739,48.0,0.5971,52.0,,,0.5453,17.0
2024-11-11,0.4304,33.0,0.4541,52.0,0.6318,74.0,,,0.6318,74.0,0.6111,57.0,0.4738,48.0,0.6006,53.0,,,0.5803,41.0
2024-11-08,0.4306,33.0,0.4398,49.0,0.5406,48.0,,,0.5749,60.0,0.6095,57.0,0.4744,48.0,0.5645,33.0,,,0.6125,57.0
2024-11-07,0.414,30.0,0.4324,47.0,0.557,53.0,,,0.5818,62.0,0.6071,56.0,0.4742,48.0,0.5528,27.0,,,0.6055,54.0
2024-11-06,0.4458,36.0,0.4254,45.0,0.7396,91.0,,,0.6762,82.0,0.6062,56.0,0.4746,48.0,0.5865,46.0,,,0.6227,62.0
2024-11-05,0.4106,28.0,0.3807,28.0,0.7132,88.0,,,0.7238,89.0,0.603,54.0,0.4739,48.0,0.5252,15.0,,,0.6234,62.0
2024-11-04,0.4113,28.0,0.3785,28.0,0.7309,90.0,,,0.7426,91.0,0.6071,56.0,0.4753,49.0,0.5751,39.0,,,0.6169,59.0
2024-11-01,0.4201,31.0,0.3865,31.0,0.6755,82.0,,,0.7042,86.0,0.6067,56.0,0.4751,49.0,0.6001,53.0,,,0.6183,60.0
2024-10-31,0.4078,28.0,0.3601,23.0,0.7319,90.0,,,0.7383,91.0,0.606,56.0,0.4749,48.0,0.5978,52.0,,,0.6288,64.0
2024-10-30,0.4473,37.0,0.3637,24.0,0.7531,92.0,,,0.7364,91.0,0.6089,57.0,0.4757,49.0,0.5985,52.0,,,0.5858,44.0
2024-10-29,0.4237,32.0,0.3862,31.0,0.7425,91.0,,,0.737,91.0,0.607,56.0,0.4764,49.0,0.5904,48.0,,,0.7052,86.0
2024-10-28,0.8963,91.0,0.6016,82.0,0.7376,91.0,,,0.7325,90.0,0.605,55.0,0.4763,49.0,0.6075,56.0,,,0.6296,65.0
2024-10-25,0.9416,94.0,0.6215,84.0,0.6496,77.0,,,0.645,76.0,0.6051,55.0,0.4783,50.0,0.6038,54.0,,,0.6092,56.0
2024-10-24,0.9288,93.0,0.6344,86.0,0.6289,73.0,,,0.6263,73.0,0.6057,55.0,0.4792,50.0,0.5852,45.0,,,0.6869,81.0
2024-10-23,0.9255,93.0,0.6215,84.0,0.6346,74.0,,,0.6081,69.0,0.607,56.0,0.4792,50.0,0.6056,55.0,,,0.6278,64.0
2024-10-22,0.8971,91.0,0.6158,84.0,0.6271,73.0,,,0.6273,73.0,0.6068,56.0,0.4807,51.0,0.5457,24.0,,,0.6877,81.0
2024-10-21,0.9149,92.0,0.6067,83.0,0.6322,74.0,,,0.6361,75.0,0.6045,55.0,0.4815,51.0,0.6049,55.0,,,0.6152,59.0
2024-10-18,0.9307,93.0,0.6262,85.0,0.5626,55.0,,,0.5965,66.0,0.6021,54.0,0.4799,50.0,0.5896,48.0,,,0.612,57.0
2024-10-17,0.4018,27.0,0.4111,39.0,0.509,37.0,,,0.5399,49.0,0.5694,42.0,0.47,46.0,0.5714,37.0,,,0.623,62.0
2024-10-16,0.3547,19.0,0.3997,36.0,0.5248,43.0,,,0.7092,87.0,0.5695,42.0,0.4725,47.0,0.5744,39.0,,,0.6535,72.0
2024-10-15,0.3966,26.0,0.3752,28.0,0.5512,51.0,,,0.5158,41.0,0.5693,42.0,0.4715,46.0,0.5435,23.0,,,0.6235,62.0
2024-10-14,0.3961,26.0,0.4141,40.0,0.5121,38.0,,,0.5798,61.0,0.5694,42.0,0.4725,47.0,0.5697,36.0,,,0.6119,57.0
2024-10-11,0.3983,26.0,0.4189,42.0,0.5518,51.0,,,0.5625,56.0,0.5694,42.0,0.4742,48.0,0.5895,48.0,,,0.6291,65.0
2024-10-10,0.4129,28.0,0.429,46.0,0.5878,63.0,,,0.5711,59.0,0.5836,47.0,0.4773,50.0,0.5921,49.0,,,0.6501,71.0
2024-10-09,0.326,14.0,0.3839,30.0,0.5972,65.0,,,0.4598,20.0,0.5785,45.0,0.4771,50.0,0.5946,51.0,,,0.6274,64.0
2024-10-08,0.4623,40.0,0.4043,37.0,0.6228,72.0,,,0.6107,69.0,0.5838,47.0,0.4899,55.0,0.5958,51.0,,,0.6313,66.0
2024-10-07,0.4985,46.0,0.4156,41.0,0.6162,70.0,,,0.5975,66.0,0.5835,47.0,0.4908,55.0,0.5724,37.0,,,0.6106,57.0
2024-10-04,0.5044,48.0,0.3992,36.0,0.537,47.0,,,0.5864,64.0,0.583,47.0,0.4972,57.0,0.6107,57.0,,,0.6333,66.0
2024-10-03,0.5081,49.0,0.3476,18.0,0.5928,64.0,,,0.5797,61.0,0.5836,47.0,0.4957,56.0,0.6042,54.0,,,0.6173,60.0
2024-10-02,0.665,74.0,0.4296,46.0,0.583,61.0,,,0.5946,65.0,0.5843,47.0,0.4988,57.0,0.5772,40.0,,,0.6283,64.0
2024-10-01,0.6676,75.0,0.4413,49.0,0.6163,70.0,,,0.6715,82.0,0.5854,47.0,0.501,57.0,0.5442,23.0,,,0.572,34.0
2024-09-30,0.653,73.0,0.4254,45.0,0.5539,52.0,,,0.5417,50.0,0.5835,47.0,0.5022,57.0,0.5562,28.0,,,0.6636,75.0
2024-09-27,0.5789,61.0,0.4168,41.0,0.5707,57.0,,,0.6006,67.0,0.6203,61.0,0.5171,63.0,0.5883,47.0,,,0.6102,56.0
2024-09-26,0.5769,61.0,0.471,57.0,0.5957,65.0,,,0.6507,78.0,0.62,61.0,0.5164,63.0,0.8831,100.0,,,0.6661,76.0
2024-09-25,0.5876,63.0,0.4836,60.0,0.5809,61.0,,,0.5334,47.0,0.6244,62.0,0.5179,63.0,0.6051,55.0,,,0.6258,63.0
2024-09-24,0.5749,61.0,0.4929,62.0,0.5719,57.0,,,0.5259,45.0,0.6284,62.0,0.5201,64.0,0.5924,49.0,,,0.6385,68.0
2024-09-23,0.5255,52.0,0.4411,49.0,0.5108,38.0,,,0.5204,43.0,0.6268,62.0,0.5188,64.0,0.5965,51.0,,,0.7025,85.0
2024-09-20,0.781,85.0,0.5688,77.0,0.5203,41.0,,,0.5223,44.0,0.6262,62.0,0.5188,64.0,0.5765,40.0,,,0.5761,38.0
2024-09-19,0.8367,88.0,0.6504,88.0,0.6317,74.0,,,0.5535,54.0,0.6255,62.0,0.5198,64.0,0.4704,4.0,,,0.6244,63.0
2024-09-18,0.8365,88.0,0.6523,88.0,0.5643,56.0,,,0.7649,94.0,0.6245,62.0,0.5198,64.0,0.58,42.0,,,0.5778,39.0
2024-09-17,0.7324,81.0,0.6034,82.0,0.5763,59.0,,,0.6245,72.0,0.6235,61.0,0.5187,64.0,0.6612,74.0,,,0.6561,73.0
2024-09-16,0.8631,89.0,0.6525,88.0,0.5917,64.0,,,0.6131,70.0,0.6286,62.0,0.5229,65.0,0.7833,96.0,,,0.5524,21.0
2024-09-13,1.1134,98.0,0.713,92.0,0.5681,57.0,,,0.5776,61.0,0.634,63.0,0.5235,65.0,0.5585,30.0,,,0.6518,72.0
2024-09-12,1.0874,97.0,0.7118,92.0,0.5744,59.0,,,0.6092,69.0,0.6291,62.0,0.5226,65.0,0.5012,7.0,,,0.7389,92.0
2024-09-11,0.8915,91.0,0.6342,86.0,0.5973,65.0,,,0.5412,50.0,0.611,57.0,0.5156,63.0,0.5972,52.0,,,0.6172,60.0
2024-09-10,0.6659,75.0,0.5456,73.0,0.5573,53.0,,,0.5191,42.0,0.6013,54.0,0.5102,61.0,0.5871,47.0,,,0.6481,71.0
2024-09-09,0.5807,62.0,0.5326,70.0,0.5613,55.0,,,0.5667,57.0,0.5995,53.0,0.5112,61.0,0.5738,38.0,,,0.6332,66.0
2024-09-06,0.5629,59.0,0.5289,70.0,0.553,52.0,,,0.5368,48.0,0.5997,53.0,0.5112,61.0,0.5927,49.0,,,0.6462,70.0
2024-09-05,0.5684,59.0,0.4549,53.0,0.6007,66.0,,,0.4705,24.0,0.5967,52.0,0.509,61.0,0.6931,82.0,,,0.745,93.0
2024-09-04,0.4203,31.0,0.3393,16.0,0.5226,42.0,,,0.5555,54.0,0.585,47.0,0.5045,59.0,0.5649,33.0,,,0.608,55.0
2024-09-03,0.452,38.0,0.3262,13.0,0.4876,28.0,,,0.5173,41.0,0.5878,48.0,0.5047,59.0,0.6616,74.0,,,0.6114,57.0
2024-08-30,0.3518,18.0,0.248,2.0,0.4369,14.0,,,0.4664,23.0,0.5844,47.0,0.5024,57.0,0.5405,22.0,,,0.6017,53.0
2024-08-29,0.3753,22.0,0.2699,3.0,0.4904,30.0,,,0.448,17.0,0.5849,47.0,0.5042,59.0,0.5327,18.0,,,0.609,56.0
2024-08-28,0.3648,20.0,0.2998,7.0,0.5094,37.0,,,0.4787,28.0,0.59,49.0,0.5054,59.0,0.6179,60.0,,,0.6299,65.0
2024-08-27,0.3375,16.0,0.3163,10.0,0.4631,21.0,,,0.4941,33.0,0.5904,49.0,0.5082,60.0,0.6022,54.0,,,0.7268,90.0
2024-08-26,0.3311,15.0,0.3284,13.0,0.5106,38.0,,,0.5084,38.0,0.5905,49.0,0.509,61.0,0.5627,32.0,,,0.5989,51.0
2024-08-23,0.3466,17.0,0.3482,18.0,0.4835,28.0,,,0.5133,40.0,0.593,50.0,0.5095,61.0,0.5837,44.0,,,0.6114,57.0
2024-08-22,0.3468,17.0,0.3469,18.0,0.4689,23.0,,,0.4899,31.0,0.5926,50.0,0.5091,61.0,0.6297,64.0,,,0.6223,62.0
2024-08-21,0.2443,5.0,0.3933,34.0,0.5501,51.0,,,0.4918,32.0,0.5911,50.0,0.5096,61.0,0.5703,36.0,,,0.5961,50.0
2024-08-20,0.2535,6.0,0.4112,39.0,0.554,52.0,,,0.5506,53.0,0.593,50.0,0.5141,62.0,0.5587,30.0,,,0.6228,62.0
2024-08-19,0.2063,2.0,0.3917,33.0,0.5416,48.0,,,0.5495,52.0,0.593,50.0,0.5156,63.0,0.5802,42.0,,,0.7324,91.0
2024-08-16,0.1727,1.0,0.3895,32.0,0.5186,41.0,,,0.518,41.0,0.5913,50.0,0.5146,62.0,0.6388,67.0,,,0.6445,70.0
2024-08-15,0.3743,22.0,0.4315,46.0,0.5395,48.0,,,0.5459,51.0,0.5912,50.0,0.5149,62.0,0.8421,99.0,,,0.6354,67.0
2024-08-14,0.3896,25.0,0.4705,57.0,0.6044,67.0,,,0.6344,74.0,0.5903,49.0,0.5147,62.0,0.5816,43.0,,,0.591,47.0
2024-08-13,0.5476,56.0,0.5838,79.0,0.602,67.0,,,0.5816,62.0,0.5947,51.0,0.5149,62.0,0.6766,78.0,,,0.7127,87.0
2024-08-12,0.6316,69.0,0.6666,89.0,0.6297,73.0,,,0.7441,92.0,0.5936,51.0,0.5134,62.0,0.6394,67.0,,,0.5906,47.0
2024-08-09,0.994,95.0,0.7856,97.0,0.521,41.0,,,0.5855,63.0,0.6054,55.0,0.5167,63.0,0.7155,87.0,,,0.5914,47.0
2024-08-08,0.9864,95.0,0.7885,97.0,1.0241,100.0,,,0.5676,57.0,0.6047,55.0,0.5168,63.0,0.6145,57.0,,,0.6434,69.0
2024-08-07,0.9806,95.0,0.7818,97.0,0.5735,57.0,,,0.6414,76.0,0.6043,55.0,0.516,63.0,0.6506,70.0,,,1.1584,100.0
2024-08-06,1.0249,96.0,0.767,96.0,0.6483,77.0,,,0.6559,79.0,0.6023,54.0,0.5138,62.0,0.6083,56.0,,,0.7477,93.0
2024-08-05,0.961,94.0,0.7359,94.0,0.8397,97.0,,,0.742,91.0,0.6005,53.0,0.511,61.0,0.6499,70.0,,,0.5989,51.0
2024-08-02,0.9519,94.0,0.6608,89.0,0.6286,73.0,,,0.4528,18.0,0.5977,52.0,0.5045,59.0,0.587,47.0,,,0.5892,46.0
2024-08-01,0.9283,93.0,0.5705,77.0,0.6365,75.0,,,0.5835,63.0,0.5954,52.0,0.4973,57.0,0.5846,45.0,,,0.5549,22.0
2024-07-31,0.3214,14.0,0.3647,24.0,0.6375,75.0,,,0.6169,71.0,0.5588,39.0,0.4871,53.0,0.5237,14.0,,,0.5742,36.0
2024-07-30,0.3148,13.0,0.3687,25.0,0.6242,72.0,,,0.6354,75.0,0.5648,41.0,0.4887,54.0,0.5269,16.0,,,0.5794,40.0
2024-07-29,0.2807,8.0,0.3933,34.0,0.6129,69.0,,,0.6019,67.0,0.5643,41.0,0.4886,54.0,0.5373,20.0,,,0.6027,53.0
2024-07-26,0.3615,20.0,0.4765,59.0,0.6744,82.0,,,0.7687,94.0,0.564,40.0,0.4883,54.0,0.5372,20.0,,,0.6058,54.0
2024-07-25,0.3913,25.0,0.503,64.0,0.6365,75.0,,,0.595,66.0,0.5702,42.0,0.4923,55.0,0.5496,26.0,,,0.6021,53.0
2024-07-24,0.6207,68.0,0.5247,69.0,0.8756,98.0,,,0.6167,71.0,0.5698,42.0,0.4912,55.0,0.5613,31.0,,,0.5894,46.0
2024-07-23,0.6068,66.0,0.5074,65.0,0.6051,67.0,,,0.5865,64.0,0.5678,41.0,0.4894,54.0,0.5491,26.0,,,0.5946,49.0
2024-07-22,0.6068,66.0,0.5084,65.0,0.6176,70.0,,,0.6203,71.0,0.569,42.0,0.4927,56.0,0.5367,20.0,,,0.6003,52.0
2024-07-19,0.622,68.0,0.5105,66.0,0.5988,66.0,,,0.4989,35.0,0.569,42.0,0.4935,56.0,0.5511,26.0,,,0.5912,47.0
2024-07-18,0.668,75.0,0.4945,62.0,0.8631,98.0,,,0.5526,53.0,0.5708,43.0,0.4976,57.0,0.5245,15.0,,,0.5798,41.0
2024-07-17,0.6032,66.0,0.4213,43.0,0.5457,49.0,,,0.5756,60.0,0.5647,41.0,0.4936,56.0,0.5604,31.0,,,0.6198,61.0
2024-07-16,0.5105,49.0,0.4195,43.0,0.5427,48.0,,,0.536,48.0,0.5604,40.0,0.4922,55.0,0.5396,21.0,,,0.616,59.0
2024-07-15,0.4153,30.0,0.3805,28.0,0.5457,49.0,,,0.5045,36.0,0.564,40.0,0.4926,55.0,0.6161,59.0,,,0.6465,70.0
2024-07-12,0.4949,46.0,0.3977,35.0,0.6023,67.0,,,0.518,41.0,0.5836,47.0,0.497,57.0,0.549,25.0,,,0.6111,57.0
2024-07-11,0.4572,39.0,0.4076,38.0,0.5343,46.0,,,0.5431,51.0,0.588,48.0,0.4979,57.0,0.5679,35.0,,,0.9077,100.0
2024-07-10,0.5405,54.0,0.4165,41.0,0.5431,49.0,,,0.53,46.0,0.5895,49.0,0.4997,57.0,0.5438,23.0,,,0.6233,62.0
2024-07-09,0.5353,53.0,0.4273,45.0,0.5588,54.0,,,0.5411,50.0,0.5879,48.0,0.4996,57.0,0.56,31.0,,,0.621,61.0
2024-07-08,0.4514,38.0,0.3988,36.0,0.5305,45.0,,,0.5452,51.0,0.586,48.0,0.4982,57.0,0.5116,10.0,,,0.6,52.0
2024-07-05,0.4541,38.0,0.3626,23.0,0.4965,32.0,,,0.4976,34.0,0.5855,48.0,0.4969,57.0,0.5415,22.0,,,0.6203,61.0
2024-07-03,0.4779,42.0,0.3468,18.0,0.4878,28.0,,,0.5149,40.0,0.5845,47.0,0.4976,57.0,0.5472,25.0,,,0.63,65.0
2024-07-02,0.2369,5.0,0.3145,10.0,0.4842,28.0,,,0.4318,13.0,0.5778,45.0,0.4964,56.0,0.5593,30.0,,,0.7789,97.0
2024-07-01,0.2407,5.0,0.3197,11.0,0.475,25.0,,,0.4277,12.0,0.5867,48.0,0.4967,57.0,0.563,32.0,,,0.5837,43.0
2024-06-28,0.3793,23.0,0.3101,9.0,0.4522,18.0,,,0.3956,5.0,0.5868,48.0,0.4966,57.0,0.5721,37.0,,,0.5855,44.0
2024-06-27,0.4048,27.0,0.304,8.0,0.5439,49.0,,,0.47,24.0,0.5868,48.0,0.4959,56.0,0.5751,39.0,,,0.5956,49.0
2024-06-26,0.4073,28.0,0.311,9.0,0.4976,32.0,,,0.4542,19.0,0.5891,49.0,0.4967,57.0,0.563,32.0,,,0.622,62.0
2024-06-25,0.4091,28.0,0.3138,10.0,0.5029,35.0,,,0.4208,10.0,0.5892,49.0,0.497,57.0,0.5682,35.0,,,0.6244,63.0
2024-06-24,0.3969,26.0,0.353,20.0,0.49,30.0,,,0.4721,25.0,0.5888,49.0,0.4974,57.0,0.5509,26.0,,,0.6069,55.0
2024-06-21,0.4153,30.0,0.4583,54.0,0.548,50.0,,,0.522,43.0,0.5888,49.0,0.4997,57.0,0.5792,41.0,,,0.6054,54.0
2024-06-20,0.3426,17.0,0.4537,52.0,0.5392,47.0,,,0.5373,49.0,0.5884,49.0,0.4999,57.0,0.4766,4.0,,,0.5874,45.0
2024-06-18,0.2292,4.0,0.4591,54.0,0.6176,70.0,,,0.5545,54.0,0.5893,49.0,0.5013,57.0,0.4933,6.0,,,0.5075,8.0
2024-06-17,0.4589,39.0,0.4681,56.0,0.4968,32.0,,,0.5302,46.0,0.5931,50.0,0.5042,59.0,0.5039,8.0,,,0.4708,5.0
2024-06-14,0.5151,50.0,0.4767,59.0,0.5356,47.0,,,0.4977,34.0,0.5929,50.0,0.5041,59.0,0.5001,7.0,,,0.5862,45.0
2024-06-13,0.5239,51.0,0.4846,60.0,0.6398,75.0,,,0.4851,30.0,0.5942,51.0,0.5046,59.0,0.4955,6.0,,,0.6136,57.0
2024-06-12,0.6096,66.0,0.4838,60.0,0.5454,49.0,,,0.5661,57.0,0.5952,51.0,0.5043,59.0,0.4918,6.0,,,0.6151,59.0
2024-06-11,0.611,66.0,0.3832,30.0,0.6044,67.0,,,0.5398,49.0,0.6147,59.0,0.509,61.0,0.5557,28.0,,,0.5812,42.0
2024-06-10,0.6083,66.0,0.397,35.0,0.5123,38.0,,,0.5346,48.0,0.6182,60.0,0.5104,61.0,0.4808,5.0,,,0.5612,26.0
2024-06-07,0.5924,64.0,0.3965,35.0,0.5354,46.0,,,0.5695,57.0,0.6181,60.0,0.5102,61.0,0.5867,46.0,,,0.6382,68.0
2024-06-06,0.4782,42.0,0.3756,28.0,0.5691,57.0,,,0.5181,41.0,0.61,57.0,0.5096,61.0,0.606,55.0,,,0.4891,5.0
2024-06-05,0.6323,69.0,0.3798,28.0,0.4958,32.0,,,0.6101,69.0,0.6093,57.0,0.5091,61.0,0.5858,46.0,,,0.6248,63.0
2024-06-04,0.646,72.0,0.3711,26.0,0.5454,49.0,,,0.4953,33.0,0.6094,57.0,0.5088,60.0,0.6009,53.0,,,0.6133,57.0
2024-06-03,0.5354,53.0,0.3611,23.0,0.5861,62.0,,,0.621,72.0,0.603,54.0,0.5082,60.0,0.6103,57.0,,,0.5957,49.0
2024-05-31,0.6324,69.0,0.3947,34.0,0.5602,54.0,,,0.5442,51.0,0.604,55.0,0.5094,61.0,0.6004,53.0,,,0.7813,97.0
2024-05-30,0.6647,74.0,0.3956,34.0,0.5704,57.0,,,0.5779,61.0,0.6072,56.0,0.5107,61.0,0.5733,38.0,,,0.5944,49.0
2024-05-29,0.6735,75.0,0.3982,35.0,0.5785,60.0,,,0.6233,72.0,0.6073,56.0,0.5104,61.0,0.5783,41.0,,,0.5609,26.0
2024-05-28,0.7683,84.0,0.4631,55.0,0.5645,56.0,,,0.5542,54.0,0.6033,55.0,0.5101,61.0,0.5581,30.0,,,0.5943,49.0
2024-05-24,0.6603,74.0,0.4498,51.0,0.4948,31.0,,,0.4737,26.0,0.5985,53.0,0.5095,61.0,0.5746,39.0,,,0.5922,48.0
2024-05-23,0.6706,75.0,0.4841,60.0,0.5096,37.0,,,0.542,50.0,0.5988,53.0,0.5099,61.0,0.6139,57.0,,,0.5858,44.0
2024-05-22,0.669,75.0,0.4792,59.0,0.5654,56.0,,,0.6057,68.0,0.5998,53.0,0.5103,61.0,0.6423,68.0,,,0.5879,45.0
2024-05-21,0.5585,57.0,0.4749,57.0,0.5507,51.0,,,0.5824,62.0,0.5937,51.0,0.5091,61.0,0.5827,44.0,,,0.5293,11.0
2024-05-20,0.498,46.0,0.4807,60.0,0.5658,56.0,,,0.4422,15.0,0.5927,50.0,0.5087,60.0,0.5602,31.0,,,0.6058,54.0
2024-05-17,0.5539,57.0,0.5026,64.0,0.572,57.0,,,0.5808,62.0,0.5927,50.0,0.5084,60.0,0.5287,17.0,,,0.6099,56.0
2024-05-16,0.4557,38.0,0.4555,53.0,0.5189,41.0,,,0.5126,40.0,0.5859,48.0,0.5058,59.0,0.5557,28.0,,,0.6382,68.0
2024-05-15,0.4615,40.0,0.4754,57.0,0.543,49.0,,,0.5265,45.0,0.5872,48.0,0.5065,60.0,0.5309,17.0,,,0.509,8.0
2024-05-14,0.5555,57.0,0.4651,56.0,0.5468,50.0,,,0.5456,51.0,0.5867,48.0,0.5051,59.0,0.5595,30.0,,,0.6589,74.0
2024-05-13,0.559,57.0,0.4742,57.0,0.5259,43.0,,,0.4897,31.0,0.602,54.0,0.5079,60.0,0.6387,67.0,,,0.5756,38.0
2024-05-10,0.5274,52.0,0.4594,54.0,0.5198,41.0,,,0.5267,45.0,0.6011,53.0,0.5085,60.0,0.5427,23.0,,,0.5934,48.0
2024-05-09,0.4617,40.0,0.4676,56.0,0.5466,50.0,,,0.5413,50.0,0.6002,53.0,0.5071,60.0,0.5695,36.0,,,0.6126,57.0
2024-05-08,0.4532,38.0,0.4562,53.0,0.5579,54.0,,,0.5288,46.0,0.5975,52.0,0.5083,60.0,0.6135,57.0,,,0.6417,69.0
2024-05-07,0.4733,41.0,0.4674,56.0,0.643,76.0,,,0.642,76.0,0.5967,52.0,0.5078,60.0,0.5682,35.0,,,0.6052,54.0
2024-05-06,0.4672,41.0,0.4765,59.0,0.6208,71.0,,,0.612,70.0,0.5975,52.0,0.5113,62.0,0.7204,88.0,,,0.5929,48.0
2024-05-03,0.2996,11.0,0.4792,59.0,0.578,60.0,,,0.576,60.0,0.5959,52.0,0.5116,62.0,0.5583,30.0,,,0.5991,51.0
2024-05-02,0.2996,11.0,0.4559,53.0,0.5865,62.0,,,0.5926,65.0,0.6076,56.0,0.5171,63.0,0.6611,74.0,,,0.6043,54.0
2024-05-01,0.3938,25.0,0.5059,65.0,0.6925,85.0,,,0.6153,70.0,0.6475,65.0,0.539,68.0,0.5621,32.0,,,0.6241,62.0
2024-04-30,0.4319,34.0,0.5371,71.0,0.6034,67.0,,,0.6,67.0,0.6475,65.0,0.5375,68.0,0.5652,33.0,,,0.655,73.0
2024-04-29,0.3974,26.0,0.5232,68.0,0.6191,71.0,,,0.6275,73.0,0.6513,66.0,0.5384,68.0,0.5491,26.0,,,0.4533,3.0
2024-04-26,0.356,19.0,0.5221,68.0,0.5596,54.0,,,0.5799,61.0,0.6501,66.0,0.5382,68.0,0.5673,35.0,,,0.6299,65.0
2024-04-25,0.3491,18.0,0.5182,67.0,0.5954,65.0,,,0.5824,62.0,0.6502,66.0,0.5375,68.0,0.5741,38.0,,,0.6387,68.0
2024-04-24,0.6291,69.0,0.545,72.0,0.5766,59.0,,,0.5487,52.0,0.6497,66.0,0.5365,68.0,0.564,33.0,,,0.6125,57.0
2024-04-23,0.6284,69.0,0.5875,80.0,0.5797,60.0,,,0.5472,52.0,0.6508,66.0,0.5381,68.0,0.5645,33.0,,,0.5021,7.0
2024-04-22,0.5397,54.0,0.7122,92.0,0.5789,60.0,,,0.587,64.0,0.6485,66.0,0.5352,67.0,0.5244,15.0,,,0.5449,17.0
2024-04-19,0.5776,61.0,0.6871,90.0,0.5472,50.0,,,0.5539,54.0,0.6477,65.0,0.5342,67.0,0.6025,54.0,,,0.672,78.0
2024-04-18,0.5661,59.0,0.7628,95.0,0.5726,57.0,,,0.5534,54.0,0.6483,66.0,0.5352,67.0,0.5641,33.0,,,0.6794,79.0
2024-04-17,0.6187,68.0,0.7557,95.0,0.5939,64.0,,,0.5727,59.0,0.6482,65.0,0.5342,67.0,0.5034,8.0,,,0.6811,80.0
2024-04-16,0.6525,73.0,0.7743,96.0,0.5978,66.0,,,0.6125,70.0,0.6484,66.0,0.5346,67.0,0.545,24.0,,,0.6677,76.0
2024-04-15,0.4915,45.0,0.7717,96.0,0.6339,74.0,,,0.6397,75.0,0.6384,64.0,0.5331,67.0,0.3974,1.0,,,0.5308,11.0
2024-04-12,0.4909,45.0,0.7634,96.0,0.6131,69.0,,,0.5995,67.0,0.6384,64.0,0.5307,66.0,0.4081,1.0,,,0.5594,25.0
2024-04-11,0.91,92.0,0.805,97.0,0.6371,75.0,,,0.5906,65.0,0.6449,65.0,0.5245,65.0,0.5458,24.0,,,0.5411,16.0
2024-04-10,0.8944,91.0,0.7933,97.0,0.666,80.0,,,0.629,73.0,0.6479,65.0,0.5249,65.0,0.4131,1.0,,,0.6122,57.0
2024-04-09,0.8131,87.0,0.7282,94.0,0.6501,77.0,,,0.6391,75.0,0.6471,65.0,0.519,64.0,0.5084,9.0,,,0.5866,45.0
2024-04-08,0.7897,86.0,0.7475,95.0,0.7072,87.0,,,0.6442,76.0,0.6482,65.0,0.5184,64.0,0.5993,53.0,,,0.6094,56.0
2024-04-05,0.7571,83.0,0.7393,94.0,0.6623,79.0,,,0.6409,76.0,0.6479,65.0,0.5158,63.0,0.5846,45.0,,,0.6774,79.0
2024-04-04,0.8642,89.0,0.7178,93.0,0.6495,77.0,,,0.6482,77.0,0.6472,65.0,0.5138,62.0,0.5805,42.0,,,0.6117,57.0
2024-04-03,0.875,90.0,0.7065,92.0,0.672,81.0,,,0.6849,83.0,0.6472,65.0,0.5118,62.0,0.5857,46.0,,,0.6032,53.0
2024-04-02,0.546,55.0,0.4722,57.0,0.5867,62.0,,,0.5706,57.0,0.6117,57.0,0.4964,56.0,0.5286,17.0,,,0.5778,39.0
2024-04-01,0.6184,68.0,0.5135,66.0,0.5522,52.0,,,0.5431,51.0,0.6125,57.0,0.497,57.0,0.5573,28.0,,,0.574,36.0
2024-03-28,0.6264,69.0,0.5711,78.0,0.4889,28.0,,,0.5034,36.0,0.6098,57.0,0.497,57.0,0.5602,31.0,,,0.5766,38.0
2024-03-27,0.6996,78.0,0.5529,74.0,0.4724,24.0,,,0.5248,44.0,0.6056,55.0,0.4962,56.0,0.5483,25.0,,,0.5796,41.0
2024-03-26,0.556,57.0,0.5132,66.0,0.5207,41.0,,,0.4923,32.0,0.6009,53.0,0.4946,56.0,0.5754,39.0,,,0.5954,49.0
2024-03-25,0.6408,71.0,0.5162,67.0,0.4921,30.0,,,0.4734,25.0,0.6009,53.0,0.4936,56.0,0.561,31.0,,,0.5771,39.0
2024-03-22,0.6452,72.0,0.498,63.0,0.4953,31.0,,,0.4647,22.0,0.6037,55.0,0.4931,56.0,0.5709,37.0,,,0.579,40.0
2024-03-21,0.6502,72.0,0.5185,68.0,0.4802,27.0,,,0.5016,36.0,0.6035,55.0,0.4925,55.0,0.5336,19.0,,,0.5749,37.0
2024-03-20,0.6274,69.0,0.4777,59.0,0.5112,38.0,,,0.5285,46.0,0.6023,54.0,0.4901,55.0,0.5499,26.0,,,0.5745,37.0
2024-03-19,0.5279,52.0,0.4154,41.0,0.5,33.0,,,0.5537,54.0,0.5982,53.0,0.4852,52.0,0.5581,30.0,,,0.5802,41.0
2024-03-18,0.3566,19.0,0.403,37.0,0.5359,47.0,,,0.52,42.0,0.5926,50.0,0.484,52.0,0.4919,6.0,,,0.5661,30.0
2024-03-15,0.376,22.0,0.425,45.0,0.5276,44.0,,,0.5271,45.0,0.5969,52.0,0.4863,53.0,0.5534,27.0,,,0.5767,38.0
2024-03-14,0.3593,19.0,0.4035,37.0,0.5078,37.0,,,0.537,49.0,0.5953,51.0,0.4855,53.0,0.5619,32.0,,,0.6912,82.0
2024-03-13,0.3642,20.0,0.4361,48.0,0.5373,47.0,,,0.5204,43.0,0.5973,52.0,0.4859,53.0,0.6403,67.0,,,0.6371,68.0
2024-03-12,0.4447,36.0,0.424,44.0,0.5633,55.0,,,0.5598,56.0,0.5969,52.0,0.4849,52.0,0.6283,63.0,,,0.5562,23.0
2024-03-11,0.4217,31.0,0.4749,57.0,0.5862,62.0,,,0.5862,63.0,0.5968,52.0,0.484,52.0,0.5526,27.0,,,0.5813,42.0
2024-03-08,0.4305,33.0,0.454,52.0,0.5375,47.0,,,0.5451,51.0,0.596,52.0,0.4823,51.0,0.6089,56.0,,,0.5918,47.0
2024-03-07,0.5548,57.0,0.4538,52.0,0.5228,42.0,,,0.548,52.0,0.5962,52.0,0.4821,51.0,0.5457,24.0,,,0.5398,15.0
2024-03-06,0.5505,56.0,0.4322,47.0,0.5666,56.0,,,0.5635,57.0,0.5936,51.0,0.4816,51.0,0.5799,42.0,,,0.5588,24.0
2024-03-05,0.5418,54.0,0.4364,48.0,0.6014,66.0,,,0.6028,68.0,0.5913,50.0,0.481,51.0,0.5645,33.0,,,0.5668,30.0
2024-03-04,0.5375,54.0,0.5012,64.0,0.5576,54.0,,,0.5883,64.0,0.5913,50.0,0.4795,50.0,0.5742,38.0,,,0.5024,7.0
2024-03-01,0.458,39.0,0.5231,68.0,0.516,40.0,,,0.4195,10.0,0.5871,48.0,0.4794,50.0,0.572,37.0,,,0.7248,89.0
2024-02-29,0.3723,21.0,0.4648,56.0,0.4646,21.0,,,0.4917,32.0,0.5837,47.0,0.4774,50.0,0.5624,32.0,,,0.5571,23.0
2024-02-28,0.3578,19.0,0.465,56.0,0.5092,37.0,,,0.5197,42.0,0.5836,47.0,0.4769,49.0,0.5854,46.0,,,0.5586,24.0
2024-02-27,0.2825,9.0,0.4628,55.0,0.5333,46.0,,,0.5066,37.0,0.5818,46.0,0.4765,49.0,0.6445,68.0,,,0.5807,41.0
2024-02-26,0.4079,28.0,0.4741,57.0,0.5245,43.0,,,0.527,45.0,0.5829,47.0,0.477,49.0,0.5973,52.0,,,0.5805,41.0
2024-02-23,0.3825,24.0,0.4731,57.0,0.5219,42.0,,,0.5147,40.0,0.5856,48.0,0.4778,50.0,0.6295,64.0,,,0.6102,56.0
2024-02-22,0.6763,76.0,0.4656,56.0,0.5374,47.0,,,0.5289,46.0,0.583,47.0,0.473,47.0,0.5821,43.0,,,0.6199,61.0
2024-02-21,0.674,76.0,0.4204,43.0,0.7314,90.0,,,0.6648,80.0,0.583,47.0,0.4715,46.0,0.5979,52.0,,,0.6112,57.0
2024-02-20,0.6719,75.0,0.4206,43.0,0.6086,68.0,,,0.6779,83.0,0.5834,47.0,0.4718,47.0,0.622,61.0,,,0.6015,53.0
2024-02-16,0.6719,75.0,0.4064,38.0,0.5952,65.0,,,0.5764,60.0,0.5836,47.0,0.4712,46.0,0.5906,48.0,,,0.6219,62.0
2024-02-15,0.6695,75.0,0.3946,34.0,0.6381,75.0,,,0.5593,55.0,0.5836,47.0,0.4707,46.0,0.6027,54.0,,,0.6163,59.0
2024-02-14,0.5911,64.0,0.3926,33.0,0.7395,91.0,,,0.5981,67.0,0.5784,45.0,0.4701,46.0,0.602,54.0,,,0.6232,62.0
2024-02-13,0.5802,62.0,0.3956,34.0,1.0092,100.0,,,0.6907,84.0,0.578,45.0,0.4698,46.0,0.6048,54.0,,,0.6133,57.0
2024-02-12,0.3471,17.0,0.3012,7.0,0.5903,63.0,,,0.5486,52.0,0.5657,41.0,0.465,44.0,0.5855,46.0,,,0.5975,50.0
2024-02-09,0.5502,56.0,0.3466,18.0,0.5469,50.0,,,0.5445,51.0,0.5686,41.0,0.4658,44.0,0.5827,44.0,,,0.5951,49.0
2024-02-08,0.5434,55.0,0.3505,19.0,0.5355,47.0,,,0.5202,43.0,0.5706,42.0,0.4665,44.0,0.5792,41.0,,,0.6052,54.0
2024-02-07,0.5476,56.0,0.3699,26.0,0.4779,26.0,,,0.598,67.0,0.5751,44.0,0.4683,45.0,0.5922,49.0,,,0.6024,53.0
2024-02-06,0.6539,73.0,0.4559,53.0,0.586,62.0,,,0.5018,36.0,0.5754,44.0,0.4688,45.0,0.5743,39.0,,,0.6021,53.0
2024-02-05,0.6165,67.0,0.4478,51.0,0.5575,54.0,,,0.5559,55.0,0.5738,43.0,0.4681,45.0,0.5707,36.0,,,0.5939,48.0
2024-02-02,0.5744,60.0,0.4325,47.0,0.5232,42.0,,,0.5279,45.0,0.571,43.0,0.4683,45.0,0.6447,69.0,,,0.5968,50.0
2024-02-01,0.5814,62.0,0.4802,60.0,0.5673,56.0,,,0.5003,35.0,0.5707,43.0,0.4674,44.0,0.5672,35.0,,,0.6024,53.0
2024-01-31,0.4133,28.0,0.4691,57.0,0.6031,67.0,,,0.4997,35.0,0.5648,41.0,0.4663,44.0,0.5751,39.0,,,0.6086,56.0
2024-01-30,0.4888,44.0,0.559,75.0,0.5899,63.0,,,0.5591,55.0,0.5669,41.0,0.4666,44.0,0.5746,39.0,,,0.6067,55.0
2024-01-29,0.4886,44.0,0.5644,76.0,0.5774,60.0,,,0.5064,37.0,0.569,42.0,0.4671,44.0,0.6667,76.0,,,0.5893,46.0
2024-01-26,0.3217,14.0,0.5023,64.0,0.5415,48.0,,,0.4981,34.0,0.5665,41.0,0.4628,43.0,0.606,55.0,,,0.5843,44.0
2024-01-25,0.5429,55.0,0.5487,73.0,0.5613,55.0,,,0.5304,46.0,0.571,43.0,0.4649,43.0,0.606,55.0,,,0.588,46.0
2024-01-24,0.7892,86.0,0.6248,85.0,0.5009,34.0,,,0.5196,42.0,0.5711,43.0,0.465,44.0,0.6409,68.0,,,0.4892,5.0
2024-01-23,0.9051,91.0,0.5904,80.0,0.5804,61.0,,,0.5193,42.0,0.5798,46.0,0.4643,43.0,0.5575,28.0,,,0.5876,45.0
2024-01-22,0.8987,91.0,0.6075,83.0,0.531,45.0,,,0.5482,52.0,0.5798,46.0,0.4632,43.0,0.6316,65.0,,,0.5932,48.0
2024-01-19,0.8416,88.0,0.5284,69.0,0.5242,43.0,,,0.5196,42.0,0.5776,45.0,0.4572,40.0,0.6972,83.0,,,0.5999,52.0
2024-01-18,0.813,87.0,0.5088,66.0,0.5448,49.0,,,0.5379,49.0,0.5787,45.0,0.4566,39.0,0.5704,36.0,,,0.6098,56.0
2024-01-17,0.8156,87.0,0.5077,65.0,0.5314,45.0,,,0.531,47.0,0.5787,45.0,0.456,39.0,0.6903,82.0,,,0.59,47.0
2024-01-16,0.7573,83.0,0.4816,60.0,0.5079,37.0,,,0.5027,36.0,0.5721,43.0,0.4534,38.0,0.5476,25.0,,,0.5783,39.0
2024-01-12,0.4278,33.0,0.3838,30.0,0.5085,37.0,,,0.4694,24.0,0.553,38.0,0.448,36.0,0.5442,23.0,,,0.578,39.0
2024-01-11,0.4501,37.0,0.3818,30.0,0.4841,28.0,,,0.4549,19.0,0.5508,38.0,0.4483,36.0,0.6292,64.0,,,0.5789,40.0
2024-01-10,0.443,36.0,0.3462,18.0,0.4751,25.0,,,0.4585,20.0,0.5496,38.0,0.4467,36.0,0.5377,20.0,,,0.577,39.0
2024-01-09,0.4238,32.0,0.3438,17.0,0.4842,28.0,,,0.4652,22.0,0.5499,38.0,0.4474,36.0,0.5404,22.0,,,0.7615,95.0
2024-01-08,0.4337,34.0,0.3638,24.0,0.4534,18.0,,,0.4643,22.0,0.5503,38.0,0.4476,36.0,0.4434,2.0,,,0.6489,71.0
2024-01-05,0.4649,40.0,0.3658,24.0,0.4876,28.0,,,0.4602,20.0,0.5639,40.0,0.4497,37.0,0.4594,3.0,,,0.6352,67.0
2024-01-04,0.5136,50.0,0.3408,16.0,0.4839,28.0,,,0.4935,33.0,0.5637,40.0,0.4484,37.0,0.5478,25.0,,,0.6871,81.0
2024-01-03,0.4838,43.0,0.3967,35.0,0.5047,35.0,,,0.5228,44.0,0.5662,41.0,0.45,37.0,0.5384,21.0,,,0.6655,76.0
2024-01-02,0.4002,27.0,0.3984,35.0,0.4798,27.0,,,0.5048,37.0,0.5569,39.0,0.4493,37.0,0.4788,4.0,,,0.5681,31.0
2023-12-29,0.4539,38.0,0.4235,44.0,0.4599,20.0,,,0.4288,12.0,0.5572,39.0,0.4485,37.0,0.5589,30.0,,,0.5657,28.0
2023-12-28,0.5606,57.0,0.4882,61.0,0.4632,21.0,,,0.4448,16.0,0.5578,39.0,0.4488,37.0,0.5174,12.0,,,0.5644,28.0
2023-12-27,0.4978,46.0,0.4769,59.0,0.4639,21.0,,,0.462,21.0,0.5562,39.0,0.4481,36.0,0.5856,46.0,,,0.5615,26.0
2023-12-26,0.5388,54.0,0.4815,60.0,0.5006,34.0,,,0.4613,21.0,0.5583,39.0,0.4483,36.0,0.5337,19.0,,,0.6041,54.0
2023-12-22,0.557,57.0,0.4976,63.0,0.4487,17.0,,,0.4406,15.0,0.558,39.0,0.4483,36.0,0.3816,1.0,,,0.629,64.0
2023-12-21,0.8355,88.0,0.6136,83.0,0.4628,21.0,,,0.4611,21.0,0.5579,39.0,0.4452,35.0,0.5291,17.0,,,0.5657,28.0
2023-12-20,0.912,92.0,0.6279,85.0,0.4694,23.0,,,0.4442,16.0,0.5561,39.0,0.445,35.0,0.5441,23.0,,,0.5682,31.0
2023-12-19,0.8364,88.0,0.6083,83.0,0.4323,13.0,,,0.4653,22.0,0.5539,39.0,0.443,34.0,0.51,9.0,,,0.5644,28.0
2023-12-18,0.852,89.0,0.5627,76.0,0.4412,15.0,,,0.4539,19.0,0.5495,38.0,0.4395,34.0,0.5475,25.0,,,0.5848,44.0
2023-12-15,0.8492,89.0,0.5633,76.0,0.4592,20.0,,,0.4481,17.0,0.5494,38.0,0.4392,34.0,0.5073,9.0,,,0.5933,48.0
2023-12-14,0.8277,87.0,0.5575,75.0,0.4942,31.0,,,0.4565,19.0,0.5482,37.0,0.4383,34.0,0.5228,14.0,,,0.5659,28.0
2023-12-13,0.8256,87.0,0.5521,74.0,0.4619,20.0,,,0.4691,24.0,0.5484,37.0,0.437,33.0,0.5143,11.0,,,0.5831,43.0
2023-12-12,0.2903,10.0,0.3932,34.0,0.5317,45.0,,,0.4332,13.0,0.5251,32.0,0.4258,28.0,0.4518,3.0,,,0.5404,15.0
2023-12-11,0.4313,34.0,0.4035,37.0,0.4838,28.0,,,0.5377,49.0,0.5212,31.0,0.4233,27.0,0.4688,4.0,,,0.5302,11.0
2023-12-08,0.4442,36.0,0.4011,36.0,0.4819,27.0,,,0.475,26.0,0.5215,31.0,0.4239,27.0,0.558,30.0,,,0.5428,16.0
2023-12-07,0.3797,23.0,0.3861,31.0,0.4937,31.0,,,0.4989,35.0,0.5189,31.0,0.424,27.0,0.6734,77.0,,,0.5048,7.0
2023-12-06,0.406,28.0,0.3898,32.0,0.4921,30.0,,,0.4952,33.0,0.519,31.0,0.4235,27.0,0.5831,44.0,,,0.6075,55.0
2023-12-05,0.4087,28.0,0.397,35.0,0.521,41.0,,,0.4912,32.0,0.5197,31.0,0.4232,26.0,0.5607,31.0,,,0.6065,55.0
2023-12-04,0.3904,25.0,0.409,39.0,0.5163,40.0,,,0.5425,50.0,0.5194,31.0,0.4222,26.0,0.5377,20.0,,,0.7079,86.0
2023-12-01,0.3086,12.0,0.3866,31.0,0.5206,41.0,,,0.4909,31.0,0.5187,31.0,0.4218,26.0,0.5228,14.0,,,0.617,59.0
2023-11-30,0.2985,11.0,0.347,18.0,0.47,23.0,,,0.4643,22.0,0.5146,28.0,0.4188,24.0,0.5708,37.0,,,0.5708,33.0
2023-11-29,0.3135,12.0,0.3482,18.0,0.491,30.0,,,0.4655,22.0,0.5144,28.0,0.4179,24.0,0.5412,22.0,,,0.5704,33.0
2023-11-28,0.326,14.0,0.3713,26.0,0.4714,24.0,,,0.4779,27.0,0.5149,28.0,0.4193,24.0,0.5799,42.0,,,0.5738,36.0
2023-11-27,0.335,16.0,0.3834,30.0,0.5135,39.0,,,0.5077,38.0,0.5173,30.0,0.4213,25.0,0.597,52.0,,,0.5659,28.0
2023-11-24,0.3331,15.0,0.3847,31.0,0.4679,22.0,,,0.4576,20.0,0.5166,30.0,0.4208,25.0,0.5503,26.0,,,0.5649,28.0
2023-11-22,0.5956,64.0,0.4324,47.0,0.4431,15.0,,,0.4335,13.0,0.5138,28.0,0.4197,25.0,0.5545,28.0,,,0.6208,61.0
2023-11-21,0.5932,64.0,0.4629,55.0,0.4313,12.0,,,0.4032,6.0,0.5138,28.0,0.4199,25.0,0.5442,23.0,,,0.6201,61.0
2023-11-20,0.6231,68.0,0.449,51.0,0.4562,19.0,,,0.437,14.0,0.512,28.0,0.4193,24.0,0.5642,33.0,,,0.5643,28.0
2023-11-17,0.6613,74.0,0.5007,64.0,0.4375,14.0,,,0.4598,20.0,0.5136,28.0,0.419,24.0,0.5367,20.0,,,0.5597,25.0
2023-11-16,0.6596,74.0,0.4939,62.0,0.43,12.0,,,0.4763,27.0,0.5135,28.0,0.4181,24.0,0.5359,19.0,,,0.569,32.0
2023-11-15,0.6584,74.0,0.5598,76.0,0.4668,22.0,,,0.4325,13.0,0.5117,28.0,0.4169,23.0,0.5496,26.0,,,0.5317,12.0
2023-11-14,0.7443,82.0,0.5776,78.0,0.4724,24.0,,,0.4443,16.0,0.5113,28.0,0.4163,23.0,0.5414,22.0,,,0.5353,13.0
2023-11-13,0.6769,76.0,0.6256,85.0,0.4916,30.0,,,0.4828,28.0,0.491,21.0,0.412,21.0,0.5685,35.0,,,0.5486,19.0
2023-11-10,1.1666,98.0,0.8818,99.0,0.4713,24.0,,,0.5012,35.0,0.491,21.0,0.4101,19.0,0.588,47.0,,,0.5643,28.0
2023-11-09,1.1769,98.0,0.8836,99.0,0.5062,36.0,,,0.5062,37.0,0.4919,22.0,0.4101,19.0,0.6008,53.0,,,0.5458,17.0
2023-11-08,1.2018,99.0,0.8763,99.0,0.5392,47.0,,,0.5392,49.0,0.4918,22.0,0.406,17.0,0.5752,39.0,,,0.5431,16.0
2023-11-07,1.2013,99.0,0.8836,99.0,0.5361,47.0,,,0.5361,48.0,0.4917,22.0,0.4054,16.0,0.5584,30.0,,,0.5409,15.0
2023-11-06,1.1811,99.0,0.8443,98.0,0.5265,43.0,,,0.5101,39.0,0.4956,23.0,0.4013,14.0,0.562,32.0,,,0.5627,27.0
2023-11-03,1.1772,99.0,0.8317,98.0,0.4833,28.0,,,0.5148,40.0,0.4923,22.0,0.3998,14.0,0.5426,23.0,,,0.5779,39.0
2023-11-02,0.9438,94.0,0.7743,96.0,0.5379,47.0,,,0.5355,48.0,0.4754,16.0,0.3908,11.0,0.5665,34.0,,,0.6018,53.0
2023-11-01,0.3927,25.0,0.4287,45.0,0.5805,61.0,,,0.5883,64.0,0.4235,7.0,0.3595,5.0,0.5395,21.0,,,0.5743,36.0
2023-10-31,0.3791,23.0,0.4758,57.0,0.5827,61.0,,,0.5628,56.0,0.4239,7.0,0.3612,6.0,0.5408,22.0,,,0.5737,36.0
2023-10-30,0.2438,5.0,0.4609,54.0,0.6076,68.0,,,0.5961,66.0,0.4174,6.0,0.3589,5.0,0.5379,20.0,,,0.5752,37.0
2023-10-27,0.2632,7.0,0.4448,50.0,0.5864,62.0,,,0.5821,62.0,0.4184,6.0,0.3577,5.0,0.5329,18.0,,,0.5422,16.0
2023-10-26,0.2233,4.0,0.4627,55.0,0.6044,67.0,,,0.5848,63.0,0.4189,6.0,0.3591,5.0,0.5462,24.0,,,0.5873,45.0
2023-10-25,0.4158,30.0,0.4821,60.0,0.5967,65.0,,,0.5596,55.0,0.4195,6.0,0.3604,6.0,0.5424,23.0,,,0.5694,32.0
2023-10-24,0.3775,23.0,0.4548,53.0,0.5966,65.0,,,0.5606,56.0,0.4181,6.0,0.3583,5.0,0.5427,23.0,,,0.5841,43.0
2023-10-23,0.6512,73.0,0.554,74.0,0.5813,61.0,,,0.5942,65.0,0.4182,6.0,0.3587,5.0,0.5347,19.0,,,0.5713,34.0
2023-10-20,0.7119,79.0,0.5464,73.0,0.5407,48.0,,,0.5128,40.0,0.4177,6.0,0.3554,5.0,0.5351,19.0,,,0.5715,34.0
2023-10-19,0.6801,76.0,0.5287,69.0,0.4954,32.0,,,0.5291,46.0,0.4171,5.0,0.3534,5.0,0.5298,17.0,,,0.5751,37.0
2023-10-18,0.7279,81.0,0.5253,69.0,0.5278,44.0,,,0.5163,41.0,0.4168,5.0,0.3527,4.0,0.5378,20.0,,,0.5685,31.0
2023-10-17,0.7155,80.0,0.4994,63.0,0.4929,31.0,,,0.5114,39.0,0.4167,5.0,0.3511,4.0,0.5326,18.0,,,0.5706,33.0
2023-10-16,0.6807,76.0,0.4883,61.0,0.5115,38.0,,,0.4933,33.0,0.4114,4.0,0.3492,4.0,0.5484,25.0,,,0.5731,35.0
2023-10-13,0.6788,76.0,0.4817,60.0,0.5103,38.0,,,0.4885,30.0,0.4125,4.0,0.3494,4.0,0.5422,22.0,,,0.5763,38.0
2023-10-12,0.4076,28.0,0.3741,27.0,0.4602,20.0,,,0.4836,28.0,0.3899,2.0,0.3422,2.0,0.5485,25.0,,,0.5784,40.0
2023-10-11,0.4228,32.0,0.352,20.0,0.4585,19.0,,,0.4851,30.0,0.3866,2.0,0.3393,2.0,0.5447,24.0,,,0.5724,35.0
2023-10-10,0.4872,44.0,0.3657,24.0,0.4887,28.0,,,0.4672,23.0,0.3939,2.0,0.3431,2.0,0.5528,27.0,,,0.5707,33.0
2023-10-09,0.4547,38.0,0.4005,36.0,0.5248,43.0,,,0.5221,43.0,0.3937,2.0,0.3442,3.0,0.5429,23.0,,,0.5753,37.0
2023-10-06,0.4798,43.0,0.4095,39.0,0.4747,25.0,,,0.4878,30.0,0.3942,2.0,0.345,3.0,0.5426,23.0,,,0.5764,38.0
2023-10-05,0.4559,38.0,0.392,33.0,0.4814,27.0,,,0.4699,24.0,0.3911,2.0,0.3436,3.0,0.568,35.0,,,0.5733,36.0
2023-10-04,0.5321,53.0,0.4083,39.0,0.4666,22.0,,,0.4774,27.0,0.3914,2.0,0.3446,3.0,0.5327,18.0,,,0.5752,37.0
2023-10-03,0.5023,47.0,0.3917,33.0,0.5249,43.0,,,0.5077,38.0,0.3896,2.0,0.3458,3.0,0.5449,24.0,,,0.574,36.0
2023-10-02,0.4163,30.0,0.3768,28.0,0.5162,40.0,,,0.5045,36.0,0.3848,2.0,0.3464,3.0,0.5487,25.0,,,0.5731,35.0
2023-09-29,0.4069,28.0,0.3479,18.0,0.4681,22.0,,,0.4512,18.0,0.3887,2.0,0.3482,4.0,0.5433,23.0,,,0.5731,35.0
2023-09-28,0.3899,25.0,0.3061,8.0,0.4776,26.0,,,0.4773,27.0,0.3883,2.0,0.3467,3.0,0.5413,22.0,,,0.5742,36.0
2023-09-27,0.3658,20.0,0.3456,17.0,0.4845,28.0,,,0.4972,34.0,0.3855,2.0,0.3465,3.0,0.5237,14.0,,,0.5765,38.0
2023-09-26,0.2848,9.0,0.3554,21.0,0.5304,45.0,,,0.4722,25.0,0.3916,2.0,0.3472,3.0,0.547,24.0,,,0.5745,37.0
2023-09-25,0.4469,36.0,0.3505,19.0,0.4701,23.0,,,0.4512,18.0,0.3882,2.0,0.3466,3.0,0.5437,23.0,,,0.5709,34.0
2023-09-22,0.4691,41.0,0.3714,26.0,0.4637,21.0,,,0.454,19.0,0.3922,2.0,0.3488,4.0,0.5271,16.0,,,0.5506,20.0
2023-09-21,0.4821,43.0,0.3519,20.0,0.4727,24.0,,,0.4401,15.0,0.3938,2.0,0.3528,5.0,0.5491,26.0,,,0.5498,19.0
2023-09-20,0.4577,39.0,0.3501,19.0,0.4156,8.0,,,0.4331,13.0,0.3918,2.0,0.3532,5.0,0.5184,12.0,,,0.5484,19.0
2023-09-19,0.4704,41.0,0.3588,22.0,0.4684,22.0,,,0.4427,15.0,0.3954,2.0,0.3559,5.0,0.5182,12.0,,,0.5451,17.0
2023-09-18,0.356,19.0,0.3165,10.0,0.4545,18.0,,,0.4275,12.0,0.4056,3.0,0.3624,6.0,0.5055,8.0,,,0.5466,18.0
2023-09-15,0.3015,11.0,0.2944,6.0,0.4429,15.0,,,0.334,1.0,0.5438,36.0,0.3834,9.0,0.5162,11.0,,,0.5417,16.0
2023-09-14,0.2019,2.0,0.2853,5.0,0.3897,4.0,,,0.3726,2.0,0.5415,36.0,0.3835,9.0,0.5089,9.0,,,0.54,15.0
2023-09-13,0.229,4.0,0.2915,6.0,0.3984,5.0,,,0.3973,5.0,0.5477,37.0,0.3861,9.0,0.4961,6.0,,,0.5426,16.0
2023-09-12,0.2181,3.0,0.3366,15.0,0.408,7.0,,,0.3693,2.0,0.5475,37.0,0.3873,10.0,0.4964,7.0,,,0.5405,15.0
2023-09-11,0.2184,3.0,0.3382,16.0,0.3933,4.0,,,0.4014,6.0,0.5474,37.0,0.3908,11.0,0.5218,13.0,,,0.5527,21.0
2023-09-08,0.1295,1.0,0.3334,14.0,0.4158,8.0,,,0.3608,1.0,0.5488,37.0,0.3927,11.0,0.5197,13.0,,,0.5516,20.0
2023-09-07,0.2822,9.0,0.3297,13.0,0.4258,11.0,,,0.402,6.0,0.57,42.0,0.3949,12.0,0.5086,9.0,,,0.5481,18.0
2023-09-06,0.4187,31.0,0.3676,25.0,0.4273,12.0,,,0.3954,5.0,0.5699,42.0,0.3963,13.0,0.5205,13.0,,,0.5464,18.0
2023-09-05,0.4147,30.0,0.3768,28.0,0.4226,10.0,,,0.4049,7.0,0.57,42.0,0.3962,13.0,0.5082,9.0,,,0.5449,17.0
2023-09-01,0.38,23.0,0.3769,28.0,0.3613,1.0,,,0.3395,1.0,0.5705,42.0,0.3978,13.0,0.5267,16.0,,,0.5417,16.0
2023-08-31,0.3463,17.0,0.3491,19.0,0.3658,2.0,,,0.3811,3.0,0.5724,43.0,0.3972,13.0,0.5113,10.0,,,0.5395,15.0
2023-08-30,0.3092,12.0,0.3477,18.0,0.3797,3.0,,,0.4662,23.0,0.5724,43.0,0.3974,13.0,0.4971,7.0,,,0.5394,15.0
2023-08-29,0.2842,9.0,0.3428,17.0,0.4185,9.0,,,0.3755,2.0,0.5752,44.0,0.3979,13.0,0.5139,11.0,,,0.5333,12.0
2023-08-28,0.2787,8.0,0.33,14.0,0.364,2.0,,,0.4144,9.0,0.5743,44.0,0.3973,13.0,0.5177,12.0,,,0.5442,17.0
2023-08-25,0.1856,1.0,0.3006,7.0,0.381,3.0,,,0.4002,6.0,0.5733,43.0,0.3961,13.0,0.5071,9.0,,,0.5401,15.0
2023-08-24,0.2103,3.0,0.2875,5.0,0.4031,6.0,,,0.4015,6.0,0.5732,43.0,0.3959,12.0,0.5059,8.0,,,0.5373,14.0
2023-08-23,0.3382,16.0,0.2853,5.0,0.4117,7.0,,,0.4071,7.0,0.5734,43.0,0.3953,12.0,0.509,9.0,,,0.5369,14.0
2023-08-22,0.3592,19.0,0.2985,7.0,0.4358,14.0,,,0.4212,10.0,0.6012,53.0,0.4048,16.0,0.5127,10.0,,,0.5467,18.0
2023-08-21,0.498,46.0,0.3425,17.0,0.4632,21.0,,,0.4226,10.0,0.6019,54.0,0.4056,17.0,0.5295,17.0,,,0.5493,19.0
2023-08-18,0.5081,49.0,0.3514,20.0,0.4492,17.0,,,0.4259,11.0,0.6018,54.0,0.4051,16.0,0.5237,14.0,,,0.5552,22.0
2023-08-17,0.5084,49.0,0.3471,18.0,0.4689,23.0,,,0.4565,19.0,0.6029,54.0,0.4059,17.0,0.5284,16.0,,,0.5641,28.0
2023-08-16,0.5027,47.0,0.3631,23.0,0.4863,28.0,,,0.4724,25.0,0.6026,54.0,0.4059,17.0,0.5446,24.0,,,0.518,9.0
2023-08-15,0.5068,48.0,0.3627,23.0,0.5023,34.0,,,0.4677,23.0,0.6024,54.0,0.4069,18.0,0.5415,22.0,,,0.516,9.0
2023-08-14,0.4459,36.0,0.358,22.0,0.4206,10.0,,,0.4776,27.0,0.6,53.0,0.4058,17.0,0.5391,21.0,,,0.512,8.0
2023-08-11,0.4384,35.0,0.3532,20.0,0.428,12.0,,,0.4573,19.0,0.5976,52.0,0.4053,16.0,0.5359,19.0,,,0.5136,8.0
2023-08-10,0.3946,26.0,0.3399,16.0,0.4198,9.0,,,0.4571,19.0,0.5935,51.0,0.4033,15.0,0.515,11.0,,,0.5076,8.0
2023-08-09,0.4112,28.0,0.3297,13.0,0.4504,17.0,,,0.4504,17.0,0.5932,51.0,0.4028,15.0,0.5288,17.0,,,0.5083,8.0
2023-08-08,0.5582,57.0,0.384,30.0,0.471,24.0,,,0.4667,23.0,0.5939,51.0,0.4045,16.0,0.5324,18.0,,,0.507,8.0
2023-08-07,0.5686,60.0,0.3637,24.0,0.4694,23.0,,,0.4081,7.0,0.5939,51.0,0.4034,15.0,0.5279,16.0,,,0.5053,7.0
2023-08-04,0.7062,79.0,0.4224,44.0,0.4496,17.0,,,0.4462,16.0,0.5934,51.0,0.404,15.0,0.5207,13.0,,,0.5026,7.0
2023-08-03,0.6825,77.0,0.4106,39.0,0.5057,36.0,,,0.4836,28.0,0.5923,50.0,0.403,15.0,0.5136,10.0,,,0.5423,16.0
2023-08-02,0.6857,77.0,0.3981,35.0,0.5549,53.0,,,0.5153,40.0,0.5934,51.0,0.403,15.0,0.4926,6.0,,,0.5268,11.0
2023-08-01,0.6741,76.0,0.3834,30.0,0.539,47.0,,,0.524,44.0,0.5911,50.0,0.4043,16.0,0.4878,5.0,,,0.5397,15.0
2023-07-31,0.6359,70.0,0.3773,28.0,0.5153,39.0,,,0.5086,38.0,0.5899,49.0,0.4064,17.0,0.4836,5.0,,,0.5315,12.0
2023-07-28,0.5372,54.0,0.3368,15.0,0.5143,39.0,,,0.5005,35.0,0.5857,48.0,0.4042,16.0,0.4922,6.0,,,0.5441,17.0
2023-07-27,0.5287,52.0,0.339,16.0,0.5458,50.0,,,0.5213,43.0,0.5854,47.0,0.4044,16.0,0.5032,8.0,,,0.5441,17.0
2023-07-26,0.3983,26.0,0.3014,7.0,0.5177,40.0,,,0.5056,37.0,0.5768,45.0,0.4013,14.0,0.4901,5.0,,,0.5435,16.0
2023-07-25,0.4038,27.0,0.3232,12.0,0.5261,43.0,,,0.5066,37.0,0.5771,45.0,0.4017,14.0,0.492,6.0,,,0.5475,18.0
2023-07-24,0.4067,28.0,0.348,18.0,0.5323,46.0,,,0.5284,46.0,0.5796,46.0,0.4046,16.0,0.526,15.0,,,0.5659,28.0
2023-07-21,0.3164,13.0,0.3382,16.0,0.4452,16.0,,,0.4672,23.0,0.5785,45.0,0.4052,16.0,0.4394,2.0,,,0.5585,24.0
2023-07-20,0.5423,55.0,0.3958,34.0,0.4777,26.0,,,0.4677,23.0,0.5789,45.0,0.4065,17.0,0.5189,12.0,,,0.5605,26.0
2023-07-19,0.4567,39.0,0.3898,32.0,0.4604,20.0,,,0.4346,13.0,0.5781,45.0,0.4071,18.0,0.5216,13.0,,,0.5644,28.0
2023-07-18,0.4458,36.0,0.4239,44.0,0.4783,26.0,,,0.4592,20.0,0.5787,45.0,0.4076,18.0,0.5271,16.0,,,0.5647,28.0
2023-07-17,0.4456,36.0,0.4007,36.0,0.4671,22.0,,,0.4609,21.0,0.576,44.0,0.4077,18.0,0.5277,16.0,,,0.5718,34.0
2023-07-14,0.5648,59.0,0.3852,31.0,0.445,16.0,,,0.4409,15.0,0.5765,44.0,0.4072,18.0,0.5486,25.0,,,0.5719,34.0
2023-07-13,0.6131,67.0,0.3751,27.0,0.451,17.0,,,0.4479,17.0,0.5761,44.0,0.4061,17.0,0.5254,15.0,,,0.5702,33.0
2023-07-12,0.6147,67.0,0.3749,27.0,0.4466,16.0,,,0.4536,18.0,0.5758,44.0,0.4076,18.0,0.5272,16.0,,,0.5845,44.0
2023-07-11,0.4226,32.0,0.3341,14.0,0.4553,19.0,,,0.4477,17.0,0.562,40.0,0.4055,17.0,0.5421,22.0,,,0.5857,44.0
2023-07-10,0.4192,31.0,0.3396,16.0,0.4401,15.0,,,0.4127,8.0,0.563,40.0,0.4064,17.0,0.5436,23.0,,,0.566,30.0
2023-07-07,0.3797,23.0,0.2843,5.0,0.3917,4.0,,,0.3975,5.0,0.5605,40.0,0.4053,16.0,0.5372,20.0,,,0.5713,34.0
2023-07-06,0.3809,23.0,0.3011,7.0,0.4061,7.0,,,0.3838,3.0,0.5619,40.0,0.4072,18.0,0.5532,27.0,,,0.575,37.0
2023-07-05,0.353,18.0,0.3031,8.0,0.3989,5.0,,,0.3974,5.0,0.5614,40.0,0.4072,18.0,0.5464,24.0,,,0.5739,36.0
2023-07-03,0.3043,11.0,0.3023,7.0,0.3893,4.0,,,0.4032,6.0,0.5672,41.0,0.4079,18.0,0.543,23.0,,,0.5751,37.0
2023-06-30,0.305,12.0,0.2968,6.0,0.3244,1.0,,,0.3614,1.0,0.5663,41.0,0.4108,20.0,0.5372,20.0,,,0.5662,30.0
2023-06-29,0.2474,6.0,0.2721,3.0,0.3361,1.0,,,0.3698,2.0,0.5636,40.0,0.4104,20.0,0.5466,24.0,,,0.5719,34.0
2023-06-28,0.2926,10.0,0.2641,3.0,0.3815,3.0,,,0.3668,2.0,0.5633,40.0,0.4105,20.0,0.554,28.0,,,0.5727,35.0
2023-06-27,0.292,10.0,0.2783,4.0,0.3745,2.0,,,0.3872,4.0,0.5654,41.0,0.4112,20.0,0.5614,31.0,,,0.5611,26.0
2023-06-26,0.2881,9.0,0.2483,2.0,0.3655,2.0,,,0.3765,2.0,0.5662,41.0,0.4114,20.0,0.5384,21.0,,,0.5624,27.0
2023-06-23,0.1715,1.0,0.2781,4.0,0.3989,5.0,,,0.385,3.0,0.5639,40.0,0.4121,21.0,0.5573,28.0,,,0.5737,36.0
2023-06-22,0.1636,1.0,0.2837,5.0,0.4074,7.0,,,0.3972,5.0,0.564,40.0,0.4132,21.0,0.5613,31.0,,,0.5663,30.0
2023-06-21,0.1599,1.0,0.2783,4.0,0.4217,10.0,,,0.3889,4.0,0.5641,40.0,0.4134,21.0,0.5673,35.0,,,0.5741,36.0
2023-06-20,0.1724,1.0,0.2841,5.0,0.4067,7.0,,,0.4099,8.0,0.5696,42.0,0.4153,22.0,0.5757,40.0,,,0.577,39.0
2023-06-16,0.195,2.0,0.2837,5.0,0.3751,2.0,,,0.3637,2.0,0.5705,42.0,0.417,23.0,0.5609,31.0,,,0.5489,19.0
2023-06-15,0.2082,3.0,0.3057,8.0,0.3605,1.0,,,0.3749,2.0,0.5709,43.0,0.4175,23.0,0.5544,28.0,,,0.5779,39.0
2023-06-14,0.1963,2.0,0.3095,9.0,0.4251,11.0,,,0.3823,3.0,0.5759,44.0,0.4179,24.0,0.5588,30.0,,,0.5766,38.0
2023-06-13,0.1954,2.0,0.2666,3.0,0.4327,13.0,,,0.4072,7.0,0.5759,44.0,0.4171,23.0,0.5555,28.0,,,0.5718,34.0
2023-06-12,0.1989,2.0,0.2809,4.0,0.4439,15.0,,,0.4235,10.0,0.5765,44.0,0.4192,24.0,0.5592,30.0,,,0.5747,37.0
2023-06-09,0.3617,20.0,0.3448,17.0,0.4131,8.0,,,0.4217,10.0,0.5765,44.0,0.4196,24.0,0.5567,28.0,,,0.56,25.0
2023-06-08,0.3386,16.0,0.3496,19.0,0.4404,15.0,,,0.4364,14.0,0.5768,45.0,0.4217,26.0,0.5598,30.0,,,0.5789,40.0
2023-06-07,0.3317,15.0,0.3602,23.0,0.4633,21.0,,,0.4153,9.0,0.5763,44.0,0.423,26.0,0.5655,34.0,,,0.5844,44.0
2023-06-06,0.3097,12.0,0.3487,19.0,0.4577,19.0,,,0.4494,17.0,0.58,46.0,0.4228,26.0,0.5565,28.0,,,0.5838,43.0
2023-06-05,0.3745,22.0,0.3575,22.0,0.4642,21.0,,,0.459,20.0,0.5802,46.0,0.4234,27.0,0.5671,34.0,,,0.5861,44.0
2023-06-02,0.4118,28.0,0.3711,26.0,0.4177,9.0,,,0.4316,12.0,0.5854,47.0,0.4255,28.0,0.5628,32.0,,,0.5898,47.0
2023-06-01,0.4064,28.0,0.3458,18.0,0.4442,15.0,,,0.4508,18.0,0.5852,47.0,0.4265,28.0,0.5656,34.0,,,0.5944,49.0
2023-05-31,0.2595,7.0,0.2862,5.0,0.503,35.0,,,0.4459,16.0,0.5828,47.0,0.426,28.0,0.5714,37.0,,,0.5905,47.0
2023-05-30,0.2402,5.0,0.2853,5.0,0.4979,33.0,,,0.4869,30.0,0.584,47.0,0.4282,28.0,0.5675,35.0,,,0.5943,49.0
2023-05-26,0.2442,5.0,0.2709,3.0,0.4618,20.0,,,0.454,19.0,0.5864,48.0,0.428,28.0,0.5771,40.0,,,0.5899,47.0
2023-05-25,0.2572,6.0,0.2659,3.0,0.4896,30.0,,,0.4437,16.0,0.5968,52.0,0.4322,31.0,0.5679,35.0,,,0.5939,48.0
2023-05-24,0.2397,5.0,0.2555,2.0,0.4702,23.0,,,0.4391,14.0,0.5956,52.0,0.4316,31.0,0.5682,35.0,,,0.5923,48.0
2023-05-23,0.2395,5.0,0.2459,1.0,0.455,18.0,,,0.4164,9.0,0.5952,51.0,0.4323,31.0,0.5644,33.0,,,0.5853,44.0
2023-05-22,0.2359,4.0,0.2424,1.0,0.4354,13.0,,,0.4296,12.0,0.5979,52.0,0.4329,31.0,0.5614,31.0,,,0.5839,43.0
2023-05-19,0.3897,25.0,0.2939,6.0,0.4491,17.0,,,0.4262,11.0,0.5978,52.0,0.4338,31.0,0.5688,36.0,,,0.5883,46.0
2023-05-18,0.3687,21.0,0.3076,9.0,0.4654,22.0,,,0.4297,12.0,0.5978,52.0,0.4336,31.0,0.5718,37.0,,,0.5623,27.0
2023-05-17,0.3696,21.0,0.2992,7.0,0.4662,22.0,,,0.4483,17.0,0.5975,52.0,0.4348,32.0,0.5731,38.0,,,0.5692,32.0
2023-05-16,0.3666,20.0,0.2953,6.0,0.5076,36.0,,,0.479,28.0,0.5975,52.0,0.4345,32.0,0.5846,45.0,,,0.5681,31.0
2023-05-15,0.3567,19.0,0.3355,15.0,0.4175,9.0,,,0.4668,23.0,0.6009,53.0,0.4389,34.0,0.5784,41.0,,,0.5672,31.0
2023-05-12,0.3378,16.0,0.3593,22.0,0.4769,25.0,,,0.4553,19.0,0.6017,54.0,0.44,34.0,0.5864,46.0,,,0.5691,32.0
2023-05-11,0.3356,16.0,0.368,25.0,0.5044,35.0,,,0.4883,30.0,0.6017,54.0,0.4408,34.0,0.5984,52.0,,,0.5731,35.0
2023-05-10,0.2479,6.0,0.3807,28.0,0.4968,32.0,,,0.4886,31.0,0.6046,55.0,0.4406,34.0,0.5799,42.0,,,0.5699,33.0
2023-05-09,0.2579,7.0,0.4007,36.0,0.5169,40.0,,,0.4815,28.0,0.608,57.0,0.4451,35.0,0.5842,45.0,,,0.5694,32.0
2023-05-08,0.2596,7.0,0.4113,39.0,0.4794,26.0,,,0.5013,36.0,0.6112,57.0,0.4493,37.0,0.58,42.0,,,0.5705,33.0
2023-05-05,0.267,7.0,0.4174,42.0,0.4641,21.0,,,0.4806,28.0,0.6114,57.0,0.4506,37.0,0.5815,43.0,,,0.5809,42.0
2023-05-04,0.2461,5.0,0.3913,33.0,0.5563,53.0,,,0.5365,48.0,0.6291,62.0,0.4508,37.0,0.5871,47.0,,,0.5748,37.0
2023-05-03,0.2404,5.0,0.3793,28.0,0.62,71.0,,,0.6122,70.0,0.629,62.0,0.4512,37.0,0.5809,43.0,,,0.5953,49.0
2023-05-02,0.2056,2.0,0.3679,25.0,0.5981,66.0,,,0.6205,72.0,0.6374,63.0,0.4575,40.0,0.5657,34.0,,,0.5874,45.0
2023-05-01,0.1282,1.0,0.3363,15.0,0.582,61.0,,,0.5774,61.0,0.6382,64.0,0.4576,40.0,0.5761,40.0,,,0.5991,51.0
2023-04-28,0.1854,1.0,0.3029,8.0,0.597,65.0,,,0.5866,64.0,0.6378,64.0,0.4567,39.0,0.573,38.0,,,0.5957,49.0
2023-04-27,0.232,4.0,0.3083,9.0,0.6113,69.0,,,0.6006,67.0,0.6378,64.0,0.4571,40.0,0.5695,36.0,,,0.595,49.0
2023-04-26,0.2193,3.0,0.3178,11.0,0.6351,74.0,,,0.6272,73.0,0.6386,64.0,0.4576,40.0,0.5724,37.0,,,0.5943,49.0
2023-04-25,0.2232,4.0,0.317,11.0,0.6335,74.0,,,0.6178,71.0,0.6409,64.0,0.4584,41.0,0.5805,42.0,,,0.6047,54.0
2023-04-24,0.3771,23.0,0.3902,32.0,0.5943,64.0,,,0.5753,60.0,0.6409,64.0,0.4581,40.0,0.5742,38.0,,,0.5969,50.0
2023-04-21,0.4258,32.0,0.413,40.0,0.5239,42.0,,,0.5316,47.0,0.6412,65.0,0.4589,41.0,0.5762,40.0,,,0.5962,50.0
2023-04-20,0.4441,36.0,0.4183,42.0,0.5045,35.0,,,0.5026,36.0,0.6502,66.0,0.4637,43.0,0.5786,41.0,,,0.6019,53.0
2023-04-19,0.4008,27.0,0.4119,40.0,0.5163,40.0,,,0.4983,34.0,0.654,67.0,0.4682,45.0,0.5856,46.0,,,0.5898,47.0
2023-04-18,0.405,27.0,0.4163,41.0,0.5198,41.0,,,0.5181,41.0,0.6587,68.0,0.4685,45.0,0.5801,42.0,,,0.5989,51.0
2023-04-17,0.4066,28.0,0.4296,46.0,0.5259,43.0,,,0.4958,33.0,0.6589,68.0,0.4689,45.0,0.5795,41.0,,,0.6,52.0
2023-04-14,0.412,28.0,0.4589,54.0,0.5132,39.0,,,0.5061,37.0,0.6598,68.0,0.4707,46.0,0.5725,38.0,,,0.6016,53.0
2023-04-13,0.3188,13.0,0.4431,50.0,0.5226,42.0,,,0.5187,42.0,0.6634,69.0,0.4708,46.0,0.5786,41.0,,,0.6016,53.0
2023-04-12,0.3133,12.0,0.437,48.0,0.5255,43.0,,,0.5266,45.0,0.6643,69.0,0.4737,48.0,0.5785,41.0,,,0.5997,52.0
2023-04-11,0.3159,13.0,0.4313,46.0,0.5234,42.0,,,0.542,50.0,0.6658,70.0,0.4745,48.0,0.5757,40.0,,,0.603,53.0
2023-04-10,0.3934,25.0,0.4459,50.0,0.5554,53.0,,,0.5672,57.0,0.6658,70.0,0.4767,49.0,0.5743,39.0,,,0.5923,48.0
2023-04-06,0.4257,32.0,0.4367,48.0,0.4989,33.0,,,0.4933,33.0,0.6656,70.0,0.4776,50.0,0.5664,34.0,,,0.592,48.0
2023-04-05,0.4496,37.0,0.4363,48.0,0.5158,40.0,,,0.53,46.0,0.6772,72.0,0.4792,50.0,0.572,37.0,,,0.593,48.0
2023-04-04,0.3867,24.0,0.47,57.0,0.5131,39.0,,,0.5095,38.0,0.6786,72.0,0.4788,50.0,0.5738,38.0,,,0.5863,45.0
2023-04-03,0.3427,17.0,0.4276,45.0,0.5232,42.0,,,0.4996,35.0,0.675,71.0,0.4784,50.0,0.5719,37.0,,,0.5899,47.0
2023-03-31,0.3516,18.0,0.4567,53.0,0.4949,31.0,,,0.5244,44.0,0.6774,72.0,0.4796,50.0,0.5723,37.0,,,0.5944,49.0
2023-03-30,0.4642,40.0,0.5645,76.0,0.5004,33.0,,,0.5118,39.0,0.6915,74.0,0.4816,51.0,0.5651,33.0,,,0.6097,56.0
2023-03-29,1.77,100.0,0.7709,96.0,0.5171,40.0,,,0.5232,44.0,0.6917,74.0,0.4855,53.0,0.5806,42.0,,,0.5894,46.0
2023-03-28,1.7776,100.0,0.7743,96.0,0.5325,46.0,,,0.5365,48.0,0.6915,74.0,0.4864,53.0,0.5733,38.0,,,0.5985,51.0
2023-03-27,1.8001,100.0,0.7899,97.0,0.5518,51.0,,,0.576,60.0,0.7035,77.0,0.4892,54.0,0.5904,48.0,,,0.6064,54.0
2023-03-24,1.7909,100.0,0.7594,95.0,0.5752,59.0,,,0.5933,65.0,0.7029,77.0,0.4864,53.0,0.5869,46.0,,,0.6187,60.0
2023-03-23,1.7853,100.0,0.786,97.0,0.5864,62.0,,,0.6095,69.0,0.7038,77.0,0.4883,54.0,0.5842,45.0,,,0.6134,57.0
2023-03-22,1.7778,100.0,0.7852,97.0,0.597,65.0,,,0.5949,66.0,0.7125,79.0,0.4893,54.0,0.5897,48.0,,,0.6143,57.0
2023-03-21,1.8431,100.0,0.7321,94.0,0.6534,78.0,,,0.6558,79.0,0.7046,78.0,0.4851,52.0,0.6272,63.0,,,0.627,64.0
2023-03-20,0.6375,70.0,0.515,67.0,0.5886,63.0,,,0.5952,66.0,0.603,54.0,0.4705,46.0,0.5528,27.0,,,0.573,35.0
2023-03-17,0.6378,70.0,0.5072,65.0,0.5885,63.0,,,0.5981,67.0,0.6055,55.0,0.4707,46.0,0.5526,27.0,,,0.5722,35.0
2023-03-16,0.71,79.0,0.4969,63.0,0.5304,45.0,,,0.5663,57.0,0.6015,54.0,0.4698,46.0,0.5441,23.0,,,0.5719,34.0
2023-03-15,0.7994,86.0,0.5,64.0,0.586,62.0,,,0.6011,67.0,0.6015,54.0,0.4717,47.0,0.5521,27.0,,,0.5784,40.0
2023-03-14,0.8079,86.0,0.455,53.0,0.5483,51.0,,,0.5739,59.0,0.6025,54.0,0.4709,46.0,0.5462,24.0,,,0.5636,27.0
2023-03-13,0.8224,87.0,0.4293,46.0,0.6089,68.0,,,0.6297,74.0,0.601,53.0,0.469,45.0,0.5552,28.0,,,0.5795,40.0
2023-03-10,0.4756,42.0,0.377,28.0,0.525,43.0,,,0.5083,38.0,0.5878,48.0,0.4677,45.0,0.5897,48.0,,,0.5392,15.0
2023-03-09,0.5145,50.0,0.3629,23.0,0.5087,37.0,,,0.5152,40.0,0.5926,50.0,0.4676,45.0,0.5652,33.0,,,0.5375,14.0
2023-03-08,0.503,48.0,0.372,27.0,0.5183,40.0,,,0.5183,42.0,0.594,51.0,0.468,45.0,0.5694,36.0,,,0.5342,13.0
2023-03-07,0.458,39.0,0.3259,13.0,0.4989,33.0,,,0.4989,35.0,0.5929,50.0,0.4663,44.0,0.5689,36.0,,,0.5354,13.0
2023-03-06,0.8978,91.0,0.4796,59.0,0.4978,33.0,,,0.4978,34.0,0.5976,52.0,0.4702,46.0,0.5636,32.0,,,0.53,11.0
2023-03-03,0.9012,91.0,0.4868,61.0,0.4448,16.0,,,0.4422,15.0,0.598,52.0,0.4717,47.0,0.5654,34.0,,,0.5309,11.0
2023-03-02,0.8373,88.0,0.4697,57.0,0.4673,22.0,,,0.46,20.0,0.5986,53.0,0.4729,47.0,0.5735,38.0,,,0.5438,17.0
2023-03-01,0.8342,88.0,0.4814,60.0,0.5023,34.0,,,0.4617,21.0,0.6011,53.0,0.4733,47.0,0.5767,40.0,,,0.5414,16.0
2023-02-28,0.7733,84.0,0.4798,59.0,0.5223,42.0,,,0.4693,24.0,0.5994,53.0,0.4735,47.0,0.5788,41.0,,,0.5357,13.0
2023-02-27,0.7766,85.0,0.4882,61.0,0.4808,27.0,,,0.4808,28.0,0.6009,53.0,0.4741,48.0,0.5803,42.0,,,0.5433,16.0
2023-02-24,0.7321,81.0,0.4814,60.0,0.4629,21.0,,,0.4554,19.0,0.6005,53.0,0.4749,48.0,0.5635,32.0,,,0.5469,18.0
2023-02-23,0.214,3.0,0.3114,9.0,0.4909,30.0,,,0.4446,16.0,0.5768,45.0,0.4704,46.0,0.5529,27.0,,,0.5662,30.0
2023-02-22,0.1906,2.0,0.29,5.0,0.5137,39.0,,,0.501,35.0,0.576,44.0,0.4698,46.0,0.5458,24.0,,,0.5678,31.0
2023-02-21,0.1868,1.0,0.2991,7.0,0.5199,41.0,,,0.5169,41.0,0.5787,45.0,0.4721,47.0,0.5462,24.0,,,0.5669,30.0
2023-02-17,0.1704,1.0,0.3164,10.0,0.4822,27.0,,,0.4999,35.0,0.5814,46.0,0.4743,48.0,0.5435,23.0,,,0.569,32.0
2023-02-16,0.1671,1.0,0.3092,9.0,0.5116,38.0,,,0.4879,30.0,0.5817,46.0,0.4742,48.0,0.5408,22.0,,,0.5697,32.0
2023-02-15,0.1326,1.0,0.3012,7.0,0.5053,36.0,,,0.5009,35.0,0.5844,47.0,0.4735,47.0,0.545,24.0,,,0.566,30.0
2023-02-14,0.1184,1.0,0.2969,6.0,0.5108,38.0,,,0.503,36.0,0.584,47.0,0.4735,47.0,0.5504,26.0,,,0.5649,28.0
2023-02-13,0.2333,4.0,0.3021,7.0,0.5276,44.0,,,0.535,48.0,0.5886,49.0,0.4744,48.0,0.5422,22.0,,,0.5686,31.0
2023-02-10,0.2282,4.0,0.3611,23.0,0.5057,36.0,,,0.4806,28.0,0.5885,49.0,0.4745,48.0,0.5373,20.0,,,0.5667,30.0
2023-02-09,0.3563,19.0,0.4015,36.0,0.51,37.0,,,0.4994,35.0,0.5897,49.0,0.4753,49.0,0.5544,28.0,,,0.5636,27.0
2023-02-08,0.348,18.0,0.3782,28.0,0.4925,31.0,,,0.4752,26.0,0.5904,49.0,0.4747,48.0,0.541,22.0,,,0.5648,28.0
2023-02-07,0.3487,18.0,0.3837,30.0,0.4722,24.0,,,0.466,22.0,0.5928,50.0,0.4764,49.0,0.5458,24.0,,,0.5686,31.0
2023-02-06,0.3724,22.0,0.3726,27.0,0.4752,25.0,,,0.4747,26.0,0.5935,51.0,0.4766,49.0,0.5485,25.0,,,0.5701,33.0
2023-02-03,0.3749,22.0,0.3871,32.0,0.4603,20.0,,,0.4579,20.0,0.5938,51.0,0.4781,50.0,0.5484,25.0,,,0.5727,35.0
2023-02-02,0.4003,27.0,0.4259,45.0,0.4497,17.0,,,0.4567,19.0,0.594,51.0,0.4779,50.0,0.5423,22.0,,,0.5661,30.0
2023-02-01,0.4028,27.0,0.399,36.0,0.4477,17.0,,,0.4634,22.0,0.5937,51.0,0.479,50.0,0.539,21.0,,,0.574,36.0
2023-01-31,0.3757,22.0,0.3786,28.0,0.4773,25.0,,,0.486,30.0,0.6055,55.0,0.4853,53.0,0.5398,21.0,,,0.5744,37.0
2023-01-30,0.3803,23.0,0.3953,34.0,0.5121,38.0,,,0.4829,28.0,0.607,56.0,0.4864,53.0,0.5534,27.0,,,0.572,34.0
2023-01-27,0.3926,25.0,0.4002,36.0,0.4801,27.0,,,0.4686,23.0,0.6073,56.0,0.4871,53.0,0.5529,27.0,,,0.5704,33.0
2023-01-26,0.3782,23.0,0.4271,45.0,0.5039,35.0,,,0.4756,26.0,0.606,56.0,0.4874,54.0,0.555,28.0,,,0.5739,36.0
2023-01-25,0.3896,25.0,0.427,45.0,0.4692,23.0,,,0.4739,26.0,0.6062,56.0,0.4889,54.0,0.5545,28.0,,,0.5788,40.0
2023-01-24,0.2348,4.0,0.3778,28.0,0.492,30.0,,,0.5098,38.0,0.6074,56.0,0.4881,54.0,0.5651,33.0,,,0.5961,50.0
2023-01-23,0.1948,2.0,0.3873,32.0,0.5114,38.0,,,0.5152,40.0,0.6139,59.0,0.4907,55.0,0.5656,34.0,,,0.5942,49.0
2023-01-20,0.1943,2.0,0.3764,28.0,0.4707,24.0,,,0.4539,19.0,0.6138,59.0,0.4903,55.0,0.5794,41.0,,,0.6027,53.0
2023-01-19,0.2853,9.0,0.3758,28.0,0.4891,30.0,,,0.4752,26.0,0.6139,59.0,0.4913,55.0,0.5748,39.0,,,0.5976,51.0
2023-01-18,0.2869,9.0,0.3825,30.0,0.4566,19.0,,,0.4388,14.0,0.6136,59.0,0.4959,56.0,0.5842,45.0,,,0.6071,55.0
2023-01-17,0.3583,19.0,0.3916,33.0,0.4597,20.0,,,0.4577,20.0,0.6153,59.0,0.4962,56.0,0.5889,47.0,,,0.5992,51.0
2023-01-13,0.354,19.0,0.3854,31.0,0.4219,10.0,,,0.4244,11.0,0.6145,59.0,0.4972,57.0,0.586,46.0,,,0.61,56.0
2023-01-12,0.4866,44.0,0.408,38.0,0.4502,17.0,,,0.4438,16.0,0.6144,59.0,0.4975,57.0,0.5845,45.0,,,0.6133,57.0
2023-01-11,0.4862,44.0,0.4324,47.0,0.4936,31.0,,,0.4932,33.0,0.6153,59.0,0.4963,56.0,0.5969,52.0,,,0.6161,59.0
2023-01-10,0.4741,42.0,0.4271,45.0,0.5087,37.0,,,0.4973,34.0,0.6146,59.0,0.4984,57.0,0.601,53.0,,,0.6199,61.0
2023-01-09,0.4749,42.0,0.4174,42.0,0.5163,40.0,,,0.5288,46.0,0.6167,60.0,0.5002,57.0,0.598,52.0,,,0.6153,59.0
2023-01-06,0.5176,50.0,0.4089,39.0,0.5067,36.0,,,0.4966,34.0,0.6196,61.0,0.5053,59.0,0.6045,54.0,,,0.6273,64.0
2023-01-05,0.4948,46.0,0.3905,33.0,0.5323,46.0,,,0.539,49.0,0.6187,60.0,0.5054,59.0,0.6213,61.0,,,0.6382,68.0
2023-01-04,0.4668,40.0,0.4043,37.0,0.5262,43.0,,,0.5305,46.0,0.6185,60.0,0.5057,59.0,0.6105,57.0,,,0.6324,66.0
2023-01-03,0.2914,10.0,0.4112,39.0,0.5665,56.0,,,0.5433,51.0,0.6139,59.0,0.5064,60.0,0.6229,62.0,,,0.636,67.0
2022-12-30,0.2798,8.0,0.3551,21.0,0.4786,26.0,,,0.4992,35.0,0.6165,60.0,0.506,60.0,0.62,60.0,,,0.6398,68.0
2022-12-29,0.439,35.0,0.382,30.0,0.5013,34.0,,,0.4694,24.0,0.6162,60.0,0.5072,60.0,0.6269,63.0,,,0.6339,67.0
2022-12-28,0.5027,47.0,0.4066,38.0,0.4903,30.0,,,0.5014,36.0,0.6268,62.0,0.5121,62.0,0.6152,59.0,,,0.6385,68.0
2022-12-27,0.4313,34.0,0.4113,39.0,0.506,36.0,,,0.5065,37.0,0.6261,62.0,0.5165,63.0,0.6176,59.0,,,0.639,68.0
2022-12-23,0.5586,57.0,0.3959,35.0,0.4543,18.0,,,0.4376,14.0,0.6297,62.0,0.5182,64.0,0.6189,60.0,,,0.6385,68.0
2022-12-22,0.5586,57.0,0.3883,32.0,0.4801,27.0,,,0.465,22.0,0.6306,62.0,0.5198,64.0,0.6235,62.0,,,0.6419,69.0
2022-12-21,0.5734,60.0,0.4114,39.0,0.4706,24.0,,,0.4567,19.0,0.6342,63.0,0.5214,64.0,0.6225,61.0,,,0.6375,68.0
2022-12-20,0.5732,60.0,0.4111,39.0,0.4837,28.0,,,0.4849,30.0,0.6344,63.0,0.5216,64.0,0.6213,61.0,,,0.6337,66.0
2022-12-19,0.427,32.0,0.4191,42.0,0.473,24.0,,,0.4701,24.0,0.6349,63.0,0.523,65.0,0.6192,60.0,,,0.6439,70.0
2022-12-16,0.3953,26.0,0.4126,40.0,0.5038,35.0,,,0.5052,37.0,0.6341,63.0,0.5242,65.0,0.6323,65.0,,,0.6425,69.0
2022-12-15,0.5083,49.0,0.4145,41.0,0.5205,41.0,,,0.5096,38.0,0.6358,63.0,0.5246,65.0,0.6299,64.0,,,0.6439,70.0
2022-12-14,0.3753,22.0,0.4216,43.0,0.4855,28.0,,,0.5079,38.0,0.6309,62.0,0.5265,65.0,0.6229,62.0,,,0.6408,69.0
2022-12-13,0.5136,50.0,0.4436,50.0,0.5454,49.0,,,0.545,51.0,0.6312,62.0,0.5264,65.0,0.6182,60.0,,,0.6391,68.0
2022-12-12,0.4894,45.0,0.4328,47.0,0.5767,59.0,,,0.5811,62.0,0.6307,62.0,0.5264,65.0,0.6314,65.0,,,0.6481,71.0
2022-12-09,0.5299,53.0,0.4635,55.0,0.5943,64.0,,,0.5709,57.0,0.6325,63.0,0.5287,66.0,0.6363,66.0,,,0.6507,71.0
2022-12-08,0.5449,55.0,0.4701,57.0,0.5815,61.0,,,0.581,62.0,0.6329,63.0,0.5289,66.0,0.636,66.0,,,0.6508,71.0
2022-12-07,0.5592,57.0,0.4518,52.0,0.6058,68.0,,,0.6039,68.0,0.6539,67.0,0.5307,66.0,0.639,67.0,,,0.6473,70.0
2022-12-06,0.7103,79.0,0.514,66.0,0.6028,67.0,,,0.5904,65.0,0.6572,67.0,0.5377,68.0,0.639,67.0,,,0.6501,71.0
2022-12-05,0.7106,79.0,0.5024,64.0,0.5754,59.0,,,0.5625,56.0,0.6607,68.0,0.5383,68.0,0.6333,65.0,,,0.6462,70.0
2022-12-02,0.6327,69.0,0.4905,62.0,0.52,41.0,,,0.5151,40.0,0.6553,67.0,0.5375,68.0,0.628,63.0,,,0.6416,69.0
2022-12-01,0.6679,75.0,0.4663,56.0,0.5065,36.0,,,0.5125,40.0,0.6553,67.0,0.536,67.0,0.6284,63.0,,,0.6442,70.0
2022-11-30,0.6568,73.0,0.4465,50.0,0.5256,43.0,,,0.5152,40.0,0.6547,67.0,0.5372,68.0,0.6304,64.0,,,0.6475,70.0
2022-11-29,0.6358,70.0,0.4045,37.0,0.5144,39.0,,,0.5439,51.0,0.6546,67.0,0.5358,67.0,0.6383,67.0,,,0.6571,74.0
2022-11-28,0.5929,64.0,0.4214,43.0,0.5457,49.0,,,0.5404,50.0,0.6681,70.0,0.5407,69.0,0.6412,68.0,,,0.6528,72.0
2022-11-25,0.287,9.0,0.3267,13.0,0.4814,27.0,,,0.489,31.0,0.6592,68.0,0.5379,68.0,0.6399,67.0,,,0.6563,73.0
2022-11-23,0.4481,37.0,0.4207,43.0,0.4739,25.0,,,0.4929,32.0,0.6631,69.0,0.5414,69.0,0.6376,66.0,,,0.654,72.0
2022-11-22,0.4621,40.0,0.4241,44.0,0.4896,30.0,,,0.4871,30.0,0.6628,69.0,0.5409,69.0,0.6526,71.0,,,0.6231,62.0
2022-11-21,0.3838,24.0,0.4261,45.0,0.523,42.0,,,0.5201,43.0,0.6613,69.0,0.5406,69.0,0.6525,71.0,,,0.6223,62.0
2022-11-18,0.5784,61.0,0.4388,49.0,0.5239,42.0,,,0.5109,39.0,0.6615,69.0,0.5402,69.0,0.6575,73.0,,,0.6312,66.0
2022-11-17,0.6527,73.0,0.5221,68.0,0.5229,42.0,,,0.5565,55.0,0.6614,69.0,0.5413,69.0,0.6627,74.0,,,0.6317,66.0
2022-11-16,0.705,78.0,0.5631,76.0,0.5623,55.0,,,0.5623,56.0,0.6612,69.0,0.5415,69.0,0.66,74.0,,,0.6298,65.0
2022-11-15,0.7045,78.0,0.5819,79.0,0.5824,61.0,,,0.5783,61.0,0.6612,69.0,0.5426,70.0,0.6603,74.0,,,0.6268,64.0
2022-11-14,0.7903,86.0,0.5484,73.0,0.528,44.0,,,0.5591,55.0,0.6624,69.0,0.5415,69.0,0.662,74.0,,,0.6284,64.0
2022-11-11,0.802,86.0,0.553,74.0,0.5549,53.0,,,0.5608,56.0,0.6669,70.0,0.5419,70.0,0.6647,75.0,,,0.6269,64.0
2022-11-10,0.9959,95.0,0.6331,86.0,0.5907,64.0,,,0.5846,63.0,0.6673,70.0,0.5418,70.0,0.6561,72.0,,,0.6278,64.0
2022-11-09,0.9415,94.0,0.6448,87.0,0.6351,74.0,,,0.6343,74.0,0.661,68.0,0.5411,69.0,0.6583,73.0,,,0.6325,66.0
2022-11-08,0.855,89.0,0.5892,80.0,0.697,85.0,,,0.7111,87.0,0.6706,71.0,0.5448,72.0,0.6513,71.0,,,0.6649,76.0
2022-11-07,0.8458,89.0,0.5422,72.0,0.6965,85.0,,,0.7216,89.0,0.6844,73.0,0.5498,73.0,0.6519,71.0,,,0.6647,75.0
2022-11-04,0.8714,90.0,0.5356,71.0,0.6704,81.0,,,0.6603,80.0,0.6847,73.0,0.5523,74.0,0.6587,73.0,,,0.6715,77.0
2022-11-03,0.603,65.0,0.5242,69.0,0.6987,86.0,,,0.7041,86.0,0.6693,70.0,0.5546,74.0,0.66,74.0,,,0.6671,76.0
2022-11-02,0.6055,66.0,0.5051,65.0,0.7085,87.0,,,0.688,84.0,0.6858,73.0,0.5575,75.0,0.6572,73.0,,,0.6683,77.0
2022-11-01,0.3644,20.0,0.3968,35.0,0.7217,89.0,,,0.7148,88.0,0.6797,72.0,0.5532,74.0,0.6486,70.0,,,0.6671,76.0
2022-10-31,0.5504,56.0,0.4599,54.0,0.7561,93.0,,,0.7222,89.0,0.6861,73.0,0.5577,75.0,0.6551,72.0,,,0.6623,75.0
2022-10-28,0.604,66.0,0.5279,69.0,0.6504,77.0,,,0.6579,79.0,0.687,73.0,0.5588,75.0,0.6517,71.0,,,0.6611,75.0
2022-10-27,0.7574,83.0,0.5314,70.0,0.6639,80.0,,,0.666,80.0,0.6878,73.0,0.5588,75.0,0.646,69.0,,,0.6673,76.0
2022-10-26,0.7153,80.0,0.5351,71.0,0.6364,75.0,,,0.6493,77.0,0.6871,73.0,0.5585,75.0,0.6472,69.0,,,0.6657,76.0
2022-10-25,0.7053,79.0,0.5517,74.0,0.6433,76.0,,,0.6595,79.0,0.6863,73.0,0.559,75.0,0.6499,70.0,,,0.6662,76.0
2022-10-24,0.8864,90.0,0.6012,82.0,0.6681,81.0,,,0.6662,80.0,0.687,73.0,0.5598,76.0,0.6606,74.0,,,0.6697,77.0
2022-10-21,0.9045,91.0,0.6449,87.0,0.6401,75.0,,,0.6372,75.0,0.6873,73.0,0.5599,76.0,0.6563,72.0,,,0.672,78.0
2022-10-20,0.7873,85.0,0.5965,81.0,0.6327,74.0,,,0.6528,78.0,0.6814,72.0,0.5575,75.0,0.6632,75.0,,,0.6709,77.0
2022-10-19,0.6717,75.0,0.5588,75.0,0.6864,84.0,,,0.6506,78.0,0.6799,72.0,0.5548,75.0,0.6661,76.0,,,0.6716,78.0
2022-10-18,0.5897,63.0,0.5701,77.0,0.6444,76.0,,,0.6381,75.0,0.6778,72.0,0.5559,75.0,0.6635,75.0,,,0.6751,78.0
2022-10-17,0.7481,82.0,0.5984,82.0,0.6656,80.0,,,0.6444,76.0,0.6828,73.0,0.5573,75.0,0.6684,76.0,,,0.6708,77.0
2022-10-14,0.7667,84.0,0.5885,80.0,0.7014,86.0,,,0.6706,81.0,0.6815,72.0,0.5558,75.0,0.6754,78.0,,,0.6766,79.0
2022-10-13,0.6628,74.0,0.5684,77.0,0.6844,83.0,,,0.6892,84.0,0.6803,72.0,0.5547,75.0,0.6667,76.0,,,0.6749,78.0
2022-10-12,0.6958,78.0,0.5394,72.0,0.7072,87.0,,,0.7104,87.0,0.6798,72.0,0.5527,74.0,0.6629,75.0,,,0.6723,78.0
2022-10-11,0.8926,91.0,0.5525,74.0,0.7207,89.0,,,0.7164,88.0,0.6777,72.0,0.5512,74.0,0.6578,73.0,,,0.675,78.0
2022-10-10,0.9156,92.0,0.5907,80.0,0.6926,85.0,,,0.7104,87.0,0.6807,72.0,0.5498,73.0,0.6456,69.0,,,0.6648,75.0
2022-10-07,0.9135,92.0,0.585,80.0,0.6505,77.0,,,0.6515,78.0,0.6813,72.0,0.5492,73.0,0.6653,75.0,,,0.6669,76.0
2022-10-06,0.6505,72.0,0.6018,82.0,0.6632,80.0,,,0.6661,80.0,0.6704,71.0,0.5474,73.0,0.6588,73.0,,,0.6645,75.0
2022-10-05,0.6893,77.0,0.5923,81.0,0.6665,80.0,,,0.663,80.0,0.6695,70.0,0.5464,72.0,0.6646,75.0,,,0.6681,77.0
2022-10-04,0.7717,84.0,0.5939,81.0,0.6753,82.0,,,0.6589,79.0,0.6698,70.0,0.5446,72.0,0.6625,74.0,,,0.6661,76.0
2022-10-03,1.0698,97.0,0.6117,83.0,0.6795,82.0,,,0.6933,84.0,0.6672,70.0,0.5434,71.0,0.6604,74.0,,,0.6694,77.0
2022-09-30,0.9578,94.0,0.6159,84.0,0.6803,83.0,,,0.6438,76.0,0.6542,67.0,0.545,72.0,0.6724,77.0,,,0.6698,77.0
2022-09-29,0.897,91.0,0.5842,80.0,0.6817,83.0,,,0.677,83.0,0.6495,66.0,0.5411,69.0,0.6741,77.0,,,0.6688,77.0
2022-09-28,0.922,93.0,0.5765,78.0,0.6554,78.0,,,0.6533,78.0,0.6516,66.0,0.5409,69.0,0.65,70.0,,,0.6656,76.0
2022-09-27,0.6149,67.0,0.5428,72.0,0.6801,83.0,,,0.6677,81.0,0.6347,63.0,0.5376,68.0,0.6689,76.0,,,0.6707,77.0
2022-09-26,0.5968,65.0,0.5714,78.0,0.6933,85.0,,,0.705,86.0,0.6345,63.0,0.5376,68.0,0.669,76.0,,,0.6719,78.0
2022-09-23,0.5962,64.0,0.5682,77.0,0.6685,81.0,,,0.6227,72.0,0.6337,63.0,0.5381,68.0,0.6656,75.0,,,0.6649,76.0
2022-09-22,0.4045,27.0,0.5216,68.0,0.6142,70.0,,,0.604,68.0,0.6246,62.0,0.5357,67.0,0.6584,73.0,,,0.6532,72.0
2022-09-21,0.5139,50.0,0.4912,62.0,0.6283,73.0,,,0.6068,68.0,0.623,61.0,0.533,67.0,0.6563,72.0,,,0.6533,72.0
2022-09-20,0.6499,72.0,0.4654,56.0,0.631,73.0,,,0.6051,68.0,0.6228,61.0,0.5317,66.0,0.6592,73.0,,,0.6522,72.0
2022-09-19,0.6398,71.0,0.4615,55.0,0.6249,72.0,,,0.5963,66.0,0.6208,61.0,0.5314,66.0,0.6507,70.0,,,0.6625,75.0
2022-09-16,0.6265,69.0,0.4347,48.0,0.6071,68.0,,,0.597,66.0,0.6192,61.0,0.5302,66.0,0.6517,71.0,,,0.6574,74.0
2022-09-15,0.7361,82.0,0.4743,57.0,0.6016,66.0,,,0.6046,68.0,0.6198,61.0,0.5283,66.0,0.6526,71.0,,,0.6612,75.0
2022-09-14,0.7291,81.0,0.469,57.0,0.5985,66.0,,,0.5739,59.0,0.619,60.0,0.5269,65.0,0.6483,70.0,,,0.6603,74.0
2022-09-13,0.7492,82.0,0.499,63.0,0.612,69.0,,,0.5567,55.0,0.6213,61.0,0.5287,66.0,0.6479,70.0,,,0.6566,73.0
2022-09-12,0.6249,69.0,0.4856,61.0,0.5573,53.0,,,0.5534,54.0,0.6152,59.0,0.5286,66.0,0.6408,68.0,,,0.659,74.0
2022-09-09,0.5971,65.0,0.4791,59.0,0.5417,48.0,,,0.5404,50.0,0.6123,57.0,0.535,67.0,0.6394,67.0,,,0.6444,70.0
2022-09-08,0.6398,71.0,0.4896,61.0,0.5739,57.0,,,0.6007,67.0,0.6123,57.0,0.5354,67.0,0.6318,65.0,,,0.6437,69.0
2022-09-07,0.6355,70.0,0.4986,63.0,0.5831,61.0,,,0.622,72.0,0.6119,57.0,0.5355,67.0,0.6467,69.0,,,0.6537,72.0
2022-09-06,0.5042,48.0,0.4833,60.0,0.6345,74.0,,,0.622,72.0,0.6127,57.0,0.5345,67.0,0.6596,73.0,,,0.6543,72.0
2022-09-02,0.5107,49.0,0.4536,52.0,0.5469,50.0,,,0.5378,49.0,0.6129,57.0,0.5341,67.0,0.6531,71.0,,,0.6499,71.0
2022-09-01,0.481,43.0,0.4561,53.0,0.5706,57.0,,,0.582,62.0,0.6135,59.0,0.5376,68.0,0.655,72.0,,,0.6625,75.0
2022-08-31,0.5573,57.0,0.4987,63.0,0.5721,57.0,,,0.5683,57.0,0.6128,57.0,0.5399,69.0,0.6573,73.0,,,0.6564,73.0
2022-08-30,0.5622,57.0,0.4923,62.0,0.6075,68.0,,,0.5536,54.0,0.6148,59.0,0.5403,69.0,0.6608,74.0,,,0.6547,73.0
2022-08-29,0.5827,62.0,0.4778,59.0,0.5649,56.0,,,0.5482,52.0,0.6136,59.0,0.5403,69.0,0.6556,72.0,,,0.6525,72.0
2022-08-26,0.5863,63.0,0.4566,53.0,0.5886,63.0,,,0.5463,51.0,0.6137,59.0,0.5394,68.0,0.6582,73.0,,,0.6583,74.0
2022-08-25,0.5888,63.0,0.4054,38.0,0.5516,51.0,,,0.535,48.0,0.6215,61.0,0.5394,68.0,0.6509,71.0,,,0.6467,70.0
2022-08-24,0.5887,63.0,0.4026,37.0,0.5684,57.0,,,0.5877,64.0,0.6215,61.0,0.5399,69.0,0.6463,69.0,,,0.6458,70.0
2022-08-23,0.5276,52.0,0.3776,28.0,0.5768,59.0,,,0.5663,57.0,0.6187,60.0,0.5392,68.0,0.6506,70.0,,,0.6467,70.0
2022-08-22,0.4509,37.0,0.3266,13.0,0.5379,47.0,,,0.5523,53.0,0.6152,59.0,0.5441,71.0,0.6528,71.0,,,0.6573,74.0
2022-08-19,0.4732,41.0,0.3649,24.0,0.5854,62.0,,,0.5121,39.0,0.6159,60.0,0.5449,72.0,0.6605,74.0,,,0.6448,70.0
2022-08-18,0.4886,44.0,0.378,28.0,0.5713,57.0,,,0.5424,50.0,0.6142,59.0,0.5461,72.0,0.6631,75.0,,,0.6489,71.0
2022-08-17,0.4713,41.0,0.4068,38.0,0.5854,62.0,,,0.5494,52.0,0.6157,60.0,0.5475,73.0,0.6621,74.0,,,0.6495,71.0
2022-08-16,0.493,45.0,0.3871,32.0,0.5461,50.0,,,0.527,45.0,0.6125,57.0,0.5468,72.0,0.6735,77.0,,,0.6394,68.0
2022-08-15,0.4915,45.0,0.4544,52.0,0.5307,45.0,,,0.5542,54.0,0.6146,59.0,0.5472,72.0,0.6775,78.0,,,0.6347,67.0
2022-08-12,0.6622,74.0,0.5765,78.0,0.5777,60.0,,,0.5894,64.0,0.614,59.0,0.5486,73.0,0.6706,77.0,,,0.655,73.0
2022-08-11,0.7128,79.0,0.5858,80.0,0.6068,68.0,,,0.6147,70.0,0.6127,57.0,0.5482,73.0,0.6754,78.0,,,0.6553,73.0
2022-08-10,0.661,74.0,0.5736,78.0,0.6195,71.0,,,0.6168,71.0,0.6171,60.0,0.5496,73.0,0.6719,77.0,,,0.6509,71.0
2022-08-09,0.66,74.0,0.5694,77.0,0.6435,76.0,,,0.647,77.0,0.6171,60.0,0.5509,74.0,0.6763,78.0,,,0.6532,72.0
2022-08-08,0.6352,70.0,0.5784,79.0,0.6554,78.0,,,0.647,77.0,0.6168,60.0,0.5499,74.0,0.6888,81.0,,,0.648,71.0
2022-08-05,0.6383,70.0,0.5973,81.0,0.6075,68.0,,,0.6141,70.0,0.6141,59.0,0.5501,74.0,0.6897,82.0,,,0.6668,76.0
2022-08-04,0.6823,77.0,0.6,82.0,0.6398,75.0,,,0.6558,79.0,0.6215,61.0,0.5492,73.0,0.6917,82.0,,,0.6714,77.0
2022-08-03,0.5295,53.0,0.4784,59.0,0.7125,87.0,,,0.6909,84.0,0.6079,56.0,0.5425,70.0,0.6678,76.0,,,0.6774,79.0
2022-08-02,0.4863,44.0,0.4898,61.0,0.6602,79.0,,,0.6864,84.0,0.6075,56.0,0.5422,70.0,0.6673,76.0,,,0.667,76.0
2022-08-01,0.4891,45.0,0.5601,76.0,0.6686,81.0,,,0.6923,84.0,0.6079,56.0,0.5419,70.0,0.6712,77.0,,,0.6761,79.0
2022-07-29,0.5963,64.0,0.5785,79.0,0.6548,78.0,,,0.6488,77.0,0.6083,57.0,0.5422,70.0,0.6775,78.0,,,0.6756,79.0
2022-07-28,0.6092,66.0,0.5725,78.0,0.6537,78.0,,,0.6718,82.0,0.6141,59.0,0.5425,70.0,0.6741,77.0,,,0.6803,80.0
2022-07-27,0.544,55.0,0.5527,74.0,0.7002,86.0,,,0.6942,84.0,0.6102,57.0,0.5412,69.0,0.6859,80.0,,,0.6911,82.0
2022-07-26,0.3742,22.0,0.4984,63.0,0.7315,90.0,,,0.7329,90.0,0.6092,57.0,0.5398,69.0,0.687,81.0,,,0.6866,81.0
2022-07-25,0.3326,15.0,0.5334,70.0,0.7366,91.0,,,0.7143,88.0,0.6093,57.0,0.5418,70.0,0.6819,79.0,,,0.6772,79.0
2022-07-22,0.3801,23.0,0.5461,73.0,0.6811,83.0,,,0.6457,77.0,0.6092,57.0,0.5409,69.0,0.6775,78.0,,,0.6711,77.0
2022-07-21,0.5188,51.0,0.559,75.0,0.6672,80.0,,,0.67,81.0,0.6128,57.0,0.5412,69.0,0.6806,79.0,,,0.6822,80.0
2022-07-20,0.4657,40.0,0.5628,76.0,0.6481,77.0,,,0.6064,68.0,0.6159,60.0,0.5425,70.0,0.6862,80.0,,,0.676,79.0
2022-07-19,0.4795,43.0,0.5473,73.0,0.6616,79.0,,,0.6196,71.0,0.6161,60.0,0.542,70.0,0.6778,78.0,,,0.6849,81.0
2022-07-18,0.4795,43.0,0.5703,77.0,0.6529,78.0,,,0.652,78.0,0.6406,64.0,0.5496,73.0,0.6863,81.0,,,0.6814,80.0
2022-07-15,0.524,51.0,0.5993,82.0,0.6733,81.0,,,0.6513,78.0,0.6394,64.0,0.5506,74.0,0.6919,82.0,,,0.692,82.0
2022-07-14,0.5242,51.0,0.5816,79.0,0.6987,86.0,,,0.7037,86.0,0.6398,64.0,0.5487,73.0,0.6866,81.0,,,0.6892,82.0
2022-07-13,0.6871,77.0,0.6225,85.0,0.6257,72.0,,,0.6628,80.0,0.6383,64.0,0.5467,72.0,0.681,79.0,,,0.6875,81.0
2022-07-12,0.6382,70.0,0.608,83.0,0.6869,84.0,,,0.6685,81.0,0.6352,63.0,0.5415,69.0,0.6859,80.0,,,0.6859,81.0
2022-07-11,0.6856,77.0,0.621,84.0,0.7076,87.0,,,0.6822,83.0,0.638,64.0,0.5411,69.0,0.6858,80.0,,,0.6811,80.0
2022-07-08,0.686,77.0,0.6474,87.0,0.6496,77.0,,,0.6266,73.0,0.6376,64.0,0.5409,69.0,0.6902,82.0,,,0.6846,81.0
2022-07-07,0.7151,80.0,0.6647,89.0,0.6733,81.0,,,0.6508,78.0,0.6377,64.0,0.5397,68.0,0.6995,84.0,,,0.684,80.0
2022-07-06,0.6246,68.0,0.6405,87.0,0.7024,86.0,,,0.6932,84.0,0.6361,63.0,0.5381,68.0,0.6907,82.0,,,0.6873,81.0
2022-07-05,0.7778,85.0,0.6596,88.0,0.7133,88.0,,,0.6661,80.0,0.6373,63.0,0.5399,69.0,0.689,82.0,,,0.6813,80.0
2022-07-01,0.6498,72.0,0.6225,85.0,0.5651,56.0,,,0.5649,57.0,0.6279,62.0,0.5354,67.0,0.6602,74.0,,,0.6568,73.0
2022-06-30,0.5916,64.0,0.5657,77.0,0.6059,68.0,,,0.5812,62.0,0.6259,62.0,0.5313,66.0,0.6593,73.0,,,0.6545,73.0
2022-06-29,0.5792,61.0,0.5557,75.0,0.5779,60.0,,,0.5808,62.0,0.6227,61.0,0.5287,66.0,0.6547,72.0,,,0.6537,72.0
2022-06-28,0.5696,60.0,0.5231,68.0,0.5639,55.0,,,0.5629,56.0,0.6232,61.0,0.5273,66.0,0.6551,72.0,,,0.6514,72.0
2022-06-27,0.491,45.0,0.5116,66.0,0.5624,55.0,,,0.564,57.0,0.6254,62.0,0.5256,65.0,0.6522,71.0,,,0.6532,72.0
2022-06-24,0.5283,52.0,0.5478,73.0,0.6004,66.0,,,0.5791,61.0,0.6251,62.0,0.5253,65.0,0.6617,74.0,,,0.6531,72.0
2022-06-23,0.4282,33.0,0.5337,70.0,0.6462,76.0,,,0.6301,74.0,0.6196,61.0,0.5229,65.0,0.6697,76.0,,,0.6605,74.0
2022-06-22,0.7818,85.0,0.5404,72.0,0.639,75.0,,,0.6269,73.0,0.6187,60.0,0.5207,64.0,0.6665,76.0,,,0.6602,74.0
2022-06-21,0.9122,92.0,0.6469,87.0,0.6509,77.0,,,0.6282,73.0,0.6182,60.0,0.5202,64.0,0.6742,78.0,,,0.6558,73.0
2022-06-17,0.927,93.0,0.6329,86.0,0.6541,78.0,,,0.6796,83.0,0.6187,60.0,0.5183,64.0,0.6587,73.0,,,0.675,78.0
2022-06-16,0.9327,93.0,0.6365,86.0,0.688,84.0,,,0.6873,84.0,0.6186,60.0,0.5179,63.0,0.6723,77.0,,,0.6681,77.0
2022-06-15,0.9292,93.0,0.6071,83.0,0.6589,79.0,,,0.6704,81.0,0.6186,60.0,0.516,63.0,0.6637,75.0,,,0.6658,76.0
2022-06-14,0.8696,89.0,0.6138,83.0,0.7004,86.0,,,0.6965,85.0,0.6196,61.0,0.514,62.0,0.6713,77.0,,,0.6686,77.0
2022-06-13,0.8685,89.0,0.5929,81.0,0.6698,81.0,,,0.6814,83.0,0.6183,60.0,0.5141,62.0,0.6854,80.0,,,0.652,72.0
2022-06-10,0.8265,87.0,0.628,85.0,0.6351,74.0,,,0.6225,72.0,0.5977,52.0,0.5115,62.0,0.6524,71.0,,,0.6374,68.0
2022-06-09,0.7616,84.0,0.5173,67.0,0.5887,63.0,,,0.583,63.0,0.5904,49.0,0.5038,59.0,0.6507,70.0,,,0.6295,65.0
2022-06-08,0.7689,84.0,0.5588,75.0,0.6026,67.0,,,0.5824,62.0,0.5868,48.0,0.5031,57.0,0.6452,69.0,,,0.6334,66.0
2022-06-07,0.7685,84.0,0.5529,74.0,0.6102,69.0,,,0.6089,69.0,0.591,50.0,0.503,57.0,0.6344,65.0,,,0.63,65.0
2022-06-06,0.7688,84.0,0.5521,74.0,0.6141,70.0,,,0.6304,74.0,0.5911,50.0,0.5031,57.0,0.6455,69.0,,,0.6291,65.0
2022-06-03,0.7682,84.0,0.5058,65.0,0.5838,61.0,,,0.5835,63.0,0.5931,50.0,0.5004,57.0,0.6435,68.0,,,0.6314,66.0
2022-06-02,0.7304,81.0,0.5179,67.0,0.5918,64.0,,,0.5946,65.0,0.5925,50.0,0.5017,57.0,0.6481,70.0,,,0.6341,67.0
2022-06-01,0.4207,31.0,0.4375,48.0,0.5913,64.0,,,0.5731,59.0,0.5749,44.0,0.4971,57.0,0.6447,69.0,,,0.6286,64.0
2022-05-31,0.3509,18.0,0.4423,49.0,0.5999,66.0,,,0.5596,55.0,0.5729,43.0,0.4971,57.0,0.6579,73.0,,,0.6264,63.0
2022-05-27,0.4029,27.0,0.423,44.0,0.5122,38.0,,,0.5205,43.0,0.5756,44.0,0.4987,57.0,0.6372,66.0,,,0.6286,64.0
2022-05-26,0.5696,60.0,0.448,51.0,0.5669,56.0,,,0.5544,54.0,0.5765,44.0,0.5032,57.0,0.6532,71.0,,,0.6262,63.0
2022-05-25,0.5714,60.0,0.4527,52.0,0.5966,65.0,,,0.6135,70.0,0.5776,45.0,0.5062,60.0,0.6642,75.0,,,0.6256,63.0
2022-05-24,0.5684,59.0,0.4573,54.0,0.6159,70.0,,,0.6176,71.0,0.5813,46.0,0.5099,61.0,0.6684,76.0,,,0.633,66.0
2022-05-23,0.7978,86.0,0.5835,79.0,0.6448,76.0,,,0.6217,72.0,0.5816,46.0,0.5089,61.0,0.6748,78.0,,,0.6297,65.0
2022-05-20,1.0674,97.0,0.6911,91.0,0.6496,77.0,,,0.6694,81.0,0.5819,46.0,0.5083,60.0,0.6738,77.0,,,0.6367,67.0
2022-05-19,1.0713,97.0,0.7256,93.0,0.6739,82.0,,,0.6739,82.0,0.5825,47.0,0.5082,60.0,0.6757,78.0,,,0.6345,67.0
2022-05-18,0.9775,95.0,0.7447,95.0,0.6788,82.0,,,0.6735,82.0,0.5758,44.0,0.5066,60.0,0.6679,76.0,,,0.626,63.0
2022-05-17,1.1059,98.0,0.7798,96.0,0.632,74.0,,,0.6468,77.0,0.5713,43.0,0.5053,59.0,0.6604,74.0,,,0.628,64.0
2022-05-16,1.0764,97.0,0.7888,97.0,0.7081,87.0,,,0.7081,87.0,0.5706,42.0,0.505,59.0,0.6752,78.0,,,0.6304,65.0
2022-05-13,1.0944,97.0,0.86,99.0,0.7128,88.0,,,0.7184,88.0,0.5713,43.0,0.5051,59.0,0.6587,73.0,,,0.6256,63.0
2022-05-12,0.7623,84.0,0.787,97.0,0.8419,97.0,,,0.8266,98.0,0.5532,39.0,0.4964,56.0,0.6749,78.0,,,0.6543,72.0
2022-05-11,0.7568,83.0,0.686,90.0,0.7658,93.0,,,0.7795,95.0,0.5353,35.0,0.4875,54.0,0.6082,56.0,,,0.5963,50.0
2022-05-10,0.7584,83.0,0.64,87.0,0.7382,91.0,,,0.7694,94.0,0.5351,35.0,0.4839,52.0,0.6085,56.0,,,0.5943,49.0
2022-05-09,0.756,83.0,0.6022,82.0,0.7472,92.0,,,0.7657,94.0,0.535,35.0,0.4816,51.0,0.6152,59.0,,,0.5904,47.0
2022-05-06,0.6044,66.0,0.5494,73.0,0.6659,80.0,,,0.6725,82.0,0.5146,28.0,0.478,50.0,0.5921,49.0,,,0.5705,33.0
2022-05-05,0.5761,61.0,0.539,71.0,0.6843,83.0,,,0.695,85.0,0.5138,28.0,0.477,49.0,0.5955,51.0,,,0.5792,40.0
2022-05-04,0.4611,40.0,0.4545,53.0,0.6564,78.0,,,0.669,81.0,0.5102,28.0,0.4717,47.0,0.5791,41.0,,,0.5626,27.0
2022-05-03,0.4773,42.0,0.4477,51.0,0.7081,87.0,,,0.7298,90.0,0.5091,28.0,0.4712,46.0,0.5835,44.0,,,0.5706,33.0
2022-05-02,0.4134,28.0,0.4752,57.0,0.7411,91.0,,,0.7499,92.0,0.5081,27.0,0.4714,46.0,0.5945,50.0,,,0.5725,35.0
2022-04-29,0.4516,38.0,0.5128,66.0,0.6627,79.0,,,0.668,81.0,0.5085,28.0,0.4705,46.0,0.5946,51.0,,,0.5701,33.0
2022-04-28,0.5121,49.0,0.4902,62.0,0.6687,81.0,,,0.6473,77.0,0.5075,27.0,0.4691,45.0,0.5878,47.0,,,0.5682,31.0
2022-04-27,0.4116,28.0,0.5099,66.0,0.6829,83.0,,,0.6769,82.0,0.5091,28.0,0.4679,45.0,0.5975,52.0,,,0.5688,32.0
2022-04-26,0.404,27.0,0.5232,68.0,0.6875,84.0,,,0.6772,83.0,0.5084,27.0,0.4671,44.0,0.5938,50.0,,,0.5707,33.0
2022-04-25,0.4702,41.0,0.4821,60.0,0.659,79.0,,,0.653,78.0,0.5042,26.0,0.465,44.0,0.5885,47.0,,,0.5652,28.0
2022-04-22,0.6363,70.0,0.4626,55.0,0.5589,54.0,,,0.5618,56.0,0.4993,24.0,0.4634,43.0,0.5786,41.0,,,0.5564,23.0
2022-04-21,0.6472,72.0,0.4416,49.0,0.5469,50.0,,,0.5373,49.0,0.4961,23.0,0.4621,43.0,0.5753,39.0,,,0.5522,21.0
2022-04-20,0.5467,55.0,0.4052,37.0,0.5287,44.0,,,0.5152,40.0,0.4881,20.0,0.4612,42.0,0.5755,39.0,,,0.55,20.0
2022-04-19,0.5685,60.0,0.4029,37.0,0.5239,42.0,,,0.5183,42.0,0.4882,20.0,0.4612,42.0,0.5784,41.0,,,0.5502,20.0
2022-04-18,0.3281,15.0,0.3557,21.0,0.5501,51.0,,,0.529,46.0,0.4798,17.0,0.4597,41.0,0.5818,43.0,,,0.552,20.0
2022-04-14,0.2327,4.0,0.3308,14.0,0.4742,25.0,,,0.4994,35.0,0.4802,17.0,0.4589,41.0,0.5742,38.0,,,0.5573,23.0
2022-04-13,0.4226,32.0,0.431,46.0,0.4993,33.0,,,0.496,33.0,0.4806,17.0,0.4588,41.0,0.5825,44.0,,,0.5532,21.0
2022-04-12,0.3509,18.0,0.425,45.0,0.5138,39.0,,,0.5282,45.0,0.4789,17.0,0.4586,41.0,0.5807,42.0,,,0.5578,24.0
2022-04-11,0.3894,25.0,0.4262,45.0,0.5231,42.0,,,0.5082,38.0,0.4805,17.0,0.4578,40.0,0.5805,42.0,,,0.5555,22.0
2022-04-08,0.405,27.0,0.4169,41.0,0.4904,30.0,,,0.4888,31.0,0.4885,20.0,0.4605,42.0,0.575,39.0,,,0.5526,21.0
2022-04-07,0.3767,22.0,0.4268,45.0,0.5008,34.0,,,0.4873,30.0,0.4884,20.0,0.4614,42.0,0.5809,43.0,,,0.5562,23.0
2022-04-06,0.3669,20.0,0.4776,59.0,0.5031,35.0,,,0.516,41.0,0.4885,20.0,0.4615,42.0,0.5798,42.0,,,0.557,23.0
2022-04-05,0.4104,28.0,0.4764,59.0,0.5106,38.0,,,0.5165,41.0,0.4891,21.0,0.4617,42.0,0.5813,43.0,,,0.5563,23.0
2022-04-04,0.3263,14.0,0.3865,31.0,0.5094,37.0,,,0.5086,38.0,0.4847,19.0,0.4581,40.0,0.5823,44.0,,,0.5586,24.0
2022-04-01,0.3265,14.0,0.4033,37.0,0.4982,33.0,,,0.4876,30.0,0.4851,19.0,0.4591,41.0,0.5789,41.0,,,0.556,23.0
2022-03-31,0.2454,5.0,0.3881,32.0,0.511,38.0,,,0.5126,40.0,0.4835,19.0,0.4589,41.0,0.5845,45.0,,,0.5585,24.0
2022-03-30,0.2477,6.0,0.392,33.0,0.5068,36.0,,,0.5167,41.0,0.4859,20.0,0.4591,41.0,0.5845,45.0,,,0.56,25.0
2022-03-29,0.2756,8.0,0.3881,32.0,0.5451,49.0,,,0.5196,42.0,0.4859,20.0,0.4585,41.0,0.5947,51.0,,,0.5642,28.0
2022-03-28,0.2737,8.0,0.333,14.0,0.5507,51.0,,,0.5478,52.0,0.4866,20.0,0.4563,39.0,0.5979,52.0,,,0.5741,36.0
2022-03-25,0.2632,7.0,0.3754,28.0,0.5365,47.0,,,0.5337,48.0,0.4898,21.0,0.4573,40.0,0.597,52.0,,,0.5736,36.0
2022-03-24,0.2632,7.0,0.3982,35.0,0.5583,54.0,,,0.5554,54.0,0.4905,21.0,0.4575,40.0,0.5907,48.0,,,0.5726,35.0
2022-03-23,0.2987,11.0,0.5279,69.0,0.5398,48.0,,,0.5465,51.0,0.4906,21.0,0.4572,40.0,0.6001,53.0,,,0.5714,34.0
2022-03-22,0.4285,33.0,0.5386,71.0,0.5221,42.0,,,0.5375,49.0,0.4909,21.0,0.4572,40.0,0.5957,51.0,,,0.5788,40.0
2022-03-21,0.4429,35.0,0.539,71.0,0.5628,55.0,,,0.5767,60.0,0.4921,22.0,0.4567,39.0,0.6092,56.0,,,0.583,43.0
2022-03-18,0.5972,65.0,0.5857,80.0,0.5428,48.0,,,0.5378,49.0,0.4919,22.0,0.4567,39.0,0.6181,60.0,,,0.5772,39.0
2022-03-17,0.6329,70.0,0.5967,81.0,0.5663,56.0,,,0.5907,65.0,0.4926,22.0,0.4572,40.0,0.6202,60.0,,,0.5804,41.0
2022-03-16,0.6629,74.0,0.6454,87.0,0.6643,80.0,,,0.6709,82.0,0.4924,22.0,0.455,38.0,0.6243,62.0,,,0.5853,44.0
2022-03-15,0.6672,75.0,0.6713,89.0,0.7001,86.0,,,0.7108,87.0,0.4926,22.0,0.4547,38.0,0.6358,66.0,,,0.5959,50.0
2022-03-14,0.6646,74.0,0.5752,78.0,0.6966,85.0,,,0.7133,88.0,0.4966,23.0,0.4473,36.0,0.6291,64.0,,,0.6153,59.0
2022-03-11,0.5961,64.0,0.5757,78.0,0.6611,79.0,,,0.6557,79.0,0.4934,22.0,0.4465,36.0,0.6335,65.0,,,0.6114,57.0
2022-03-10,0.5723,60.0,0.5679,77.0,0.7068,87.0,,,0.7264,90.0,0.4925,22.0,0.4464,36.0,0.6365,66.0,,,0.5986,51.0
2022-03-09,0.6161,67.0,0.5705,77.0,0.7386,91.0,,,0.7467,92.0,0.4857,19.0,0.4471,36.0,0.6273,63.0,,,0.6125,57.0
2022-03-08,0.5621,57.0,0.5628,76.0,0.8348,97.0,,,0.8054,97.0,0.4848,19.0,0.4461,35.0,0.6344,65.0,,,0.6242,62.0
2022-03-07,0.5443,55.0,0.489,61.0,0.8022,95.0,,,0.8136,97.0,0.4801,17.0,0.4402,34.0,0.6375,66.0,,,0.6115,57.0
2022-03-04,0.5809,62.0,0.5726,78.0,0.7162,88.0,,,0.7106,87.0,0.4793,17.0,0.4374,33.0,0.6226,61.0,,,0.5962,50.0
2022-03-03,0.5658,59.0,0.575,78.0,0.6706,81.0,,,0.6764,82.0,0.4793,17.0,0.4373,33.0,0.61,57.0,,,0.5833,43.0
2022-03-02,0.58,61.0,0.5835,79.0,0.6822,83.0,,,0.6586,79.0,0.4807,18.0,0.4373,33.0,0.6114,57.0,,,0.5876,45.0
2022-03-01,0.624,68.0,0.6039,82.0,0.7399,91.0,,,0.7198,89.0,0.4803,17.0,0.4369,33.0,0.6077,56.0,,,0.5843,44.0
2022-02-28,0.3366,16.0,0.5542,74.0,0.6627,79.0,,,0.6467,77.0,0.4662,13.0,0.4327,31.0,0.5983,52.0,,,0.5794,40.0
2022-02-25,0.4157,30.0,0.5487,73.0,0.5783,60.0,,,0.567,57.0,0.4671,13.0,0.4323,31.0,0.602,54.0,,,0.5791,40.0
2022-02-24,0.4277,33.0,0.5687,77.0,0.6287,73.0,,,0.6724,82.0,0.4674,13.0,0.4315,30.0,0.6047,54.0,,,0.5791,40.0
2022-02-23,0.3967,26.0,0.4315,46.0,0.6141,70.0,,,0.6249,72.0,0.4727,15.0,0.4262,28.0,0.6109,57.0,,,0.5725,35.0
2022-02-22,0.5167,50.0,0.4733,57.0,0.6017,67.0,,,0.5929,65.0,0.472,15.0,0.4254,28.0,0.6108,57.0,,,0.5784,40.0
2022-02-18,0.5166,50.0,0.4872,61.0,0.5512,51.0,,,0.5576,55.0,0.472,15.0,0.4237,27.0,0.6127,57.0,,,0.5786,40.0
2022-02-17,0.4132,28.0,0.4599,54.0,0.5606,54.0,,,0.5593,55.0,0.4693,14.0,0.422,26.0,0.6121,57.0,,,0.5782,39.0
2022-02-16,0.4149,30.0,0.4632,55.0,0.5092,37.0,,,0.5419,50.0,0.4749,16.0,0.4223,26.0,0.6063,55.0,,,0.5743,36.0
2022-02-15,0.501,47.0,0.4952,62.0,0.5292,45.0,,,0.5383,49.0,0.4729,15.0,0.4232,26.0,0.6048,54.0,,,0.5764,38.0
2022-02-14,0.5113,49.0,0.4622,55.0,0.5823,61.0,,,0.5847,63.0,0.4743,15.0,0.4214,25.0,0.6127,57.0,,,0.5757,38.0
2022-02-11,0.5772,61.0,0.4768,59.0,0.568,57.0,,,0.581,62.0,0.4739,15.0,0.4222,26.0,0.6153,59.0,,,0.5788,40.0
2022-02-10,0.514,50.0,0.4249,44.0,0.5285,44.0,,,0.5345,48.0,0.4695,14.0,0.4204,25.0,0.6063,55.0,,,0.5703,33.0
2022-02-09,0.4849,44.0,0.3932,34.0,0.5173,40.0,,,0.5334,47.0,0.4688,14.0,0.4185,24.0,0.6045,54.0,,,0.5636,27.0
2022-02-08,0.5766,61.0,0.4374,48.0,0.5482,51.0,,,0.57,57.0,0.4699,14.0,0.4183,24.0,0.6041,54.0,,,0.5726,35.0
2022-02-07,0.5851,63.0,0.43,46.0,0.5772,60.0,,,0.5658,57.0,0.4712,14.0,0.4186,24.0,0.6093,56.0,,,0.5823,42.0
2022-02-04,0.6374,70.0,0.4238,44.0,0.5703,57.0,,,0.5675,57.0,0.4639,13.0,0.4163,23.0,0.6136,57.0,,,0.5846,44.0
2022-02-03,0.649,72.0,0.464,55.0,0.5869,62.0,,,0.5903,64.0,0.4639,13.0,0.4157,22.0,0.62,60.0,,,0.5831,43.0
2022-02-02,0.6468,72.0,0.4644,56.0,0.5781,60.0,,,0.5629,56.0,0.4675,13.0,0.4156,22.0,0.6078,56.0,,,0.5686,31.0
2022-02-01,0.7023,78.0,0.5484,73.0,0.5668,56.0,,,0.5377,49.0,0.4669,13.0,0.4156,22.0,0.6125,57.0,,,0.5757,38.0
2022-01-31,0.7329,82.0,0.5841,79.0,0.5826,61.0,,,0.5684,57.0,0.4664,13.0,0.4158,22.0,0.6155,59.0,,,0.5893,46.0
2022-01-28,0.4586,39.0,0.5638,76.0,0.6049,67.0,,,0.621,72.0,0.459,12.0,0.4166,23.0,0.6173,59.0,,,0.591,47.0
2022-01-27,1.0209,96.0,0.6835,90.0,0.6573,78.0,,,0.6315,74.0,0.4592,12.0,0.4162,23.0,0.6278,63.0,,,0.5842,43.0
2022-01-26,0.9536,94.0,0.6757,90.0,0.6524,78.0,,,0.6474,77.0,0.4501,11.0,0.4137,21.0,0.6046,54.0,,,0.5776,39.0
2022-01-25,0.946,94.0,0.6462,87.0,0.6962,85.0,,,0.7039,86.0,0.4485,10.0,0.4106,20.0,0.6175,59.0,,,0.5872,45.0
2022-01-24,0.945,94.0,0.6388,87.0,0.713,88.0,,,0.7082,87.0,0.45,10.0,0.4097,19.0,0.6212,61.0,,,0.5894,46.0
2022-01-21,0.9134,92.0,0.5639,76.0,0.5885,63.0,,,0.5851,63.0,0.4469,10.0,0.404,15.0,0.6077,56.0,,,0.573,35.0
2022-01-20,0.8267,87.0,0.5371,71.0,0.5546,52.0,,,0.5589,55.0,0.4397,9.0,0.4011,14.0,0.5996,53.0,,,0.5729,35.0
2022-01-19,0.7919,86.0,0.5279,69.0,0.6471,76.0,,,0.6485,77.0,0.4401,9.0,0.4006,14.0,0.6062,55.0,,,0.5767,38.0
2022-01-18,0.3762,22.0,0.3655,24.0,0.5546,52.0,,,0.5515,53.0,0.4049,3.0,0.3896,10.0,0.6009,53.0,,,0.5489,19.0
2022-01-14,0.4345,34.0,0.3452,17.0,0.4548,18.0,,,0.463,21.0,0.4047,3.0,0.3883,10.0,0.5892,48.0,,,0.5579,24.0
2022-01-13,0.4608,39.0,0.4126,40.0,0.4573,19.0,,,0.4754,26.0,0.409,3.0,0.3899,10.0,0.6072,56.0,,,0.5615,26.0
2022-01-12,0.4386,35.0,0.4136,40.0,0.4851,28.0,,,0.4718,25.0,0.408,3.0,0.3899,10.0,0.5968,52.0,,,0.5613,26.0
2022-01-11,0.4151,30.0,0.42,43.0,0.4805,27.0,,,0.4825,28.0,0.4095,4.0,0.3909,11.0,0.5949,51.0,,,0.5621,27.0
2022-01-10,0.3033,11.0,0.3899,32.0,0.5081,37.0,,,0.5083,38.0,0.4175,6.0,0.3938,12.0,0.6245,62.0,,,0.5472,18.0
2022-01-07,0.3472,17.0,0.403,37.0,0.5036,35.0,,,0.4966,34.0,0.4172,5.0,0.394,12.0,0.584,44.0,,,0.5537,21.0
2022-01-06,0.4594,39.0,0.4191,42.0,0.5191,41.0,,,0.5083,38.0,0.4172,5.0,0.3941,12.0,0.5951,51.0,,,0.5247,10.0
2022-01-05,0.4435,36.0,0.4122,40.0,0.5058,36.0,,,0.5256,44.0,0.4146,5.0,0.394,12.0,0.594,50.0,,,0.5079,8.0
2022-01-04,0.4212,31.0,0.3369,15.0,0.4995,33.0,,,0.4987,34.0,0.415,5.0,0.3903,11.0,0.5822,43.0,,,0.5335,12.0
2022-01-03,0.4351,34.0,0.3367,15.0,0.4976,32.0,,,0.4938,33.0,0.4158,5.0,0.3901,11.0,0.5846,45.0,,,0.5579,24.0
2021-12-31,0.4544,38.0,0.3353,15.0,0.4882,28.0,,,0.492,32.0,0.4196,6.0,0.3925,11.0,0.6203,60.0,,,0.5589,24.0
2021-12-30,0.4821,43.0,0.34,16.0,0.4928,31.0,,,0.4931,32.0,0.4201,6.0,0.3941,12.0,0.5993,53.0,,,0.5659,28.0
2021-12-29,0.4582,39.0,0.3166,11.0,0.482,27.0,,,0.471,24.0,0.4193,6.0,0.3947,12.0,0.6131,57.0,,,0.6103,57.0
2021-12-28,0.194,2.0,0.2927,6.0,0.4864,28.0,,,0.4828,28.0,0.4112,4.0,0.394,12.0,0.6088,56.0,,,0.5698,32.0
2021-12-27,0.2632,7.0,0.3015,7.0,0.5064,36.0,,,0.4952,33.0,0.4114,4.0,0.395,12.0,0.5986,52.0,,,0.5636,27.0
2021-12-23,0.2445,5.0,0.3516,20.0,0.4657,22.0,,,0.4551,19.0,0.4135,5.0,0.3958,12.0,0.6222,61.0,,,0.5908,47.0
2021-12-22,0.3527,18.0,0.3521,20.0,0.4692,23.0,,,0.4682,23.0,0.413,4.0,0.396,12.0,0.6704,76.0,,,0.5979,51.0
2021-12-21,0.354,19.0,0.3495,19.0,0.4903,30.0,,,0.493,32.0,0.4119,4.0,0.3961,13.0,0.665,75.0,,,0.5849,44.0
2021-12-20,0.3409,17.0,0.3544,21.0,0.5641,56.0,,,0.5466,51.0,0.4098,4.0,0.3969,13.0,0.6095,57.0,,,0.5053,7.0
2021-12-17,0.4565,38.0,0.3657,24.0,0.5004,33.0,,,0.5369,49.0,0.4102,4.0,0.3966,13.0,0.6817,79.0,,,0.5973,50.0
2021-12-16,0.4572,39.0,0.3683,25.0,0.5431,49.0,,,0.5248,44.0,0.41,4.0,0.3967,13.0,0.7295,90.0,,,0.5948,49.0
2021-12-15,0.4197,31.0,0.3657,24.0,0.5589,54.0,,,0.5435,51.0,0.4051,3.0,0.3961,13.0,0.6964,83.0,,,0.5793,40.0
2021-12-14,0.4419,35.0,0.3582,22.0,0.5554,53.0,,,0.5553,54.0,0.4053,3.0,0.3947,12.0,0.6149,57.0,,,0.4113,1.0
2021-12-13,0.4285,33.0,0.3685,25.0,0.5454,49.0,,,0.5394,49.0,0.4042,3.0,0.3948,12.0,0.6062,55.0,,,0.4652,4.0
2021-12-10,0.4298,33.0,0.3856,31.0,0.4978,33.0,,,0.5107,39.0,0.4194,6.0,0.3989,14.0,0.6535,72.0,,,0.4405,1.0
2021-12-09,0.5588,57.0,0.4838,60.0,0.5168,40.0,,,0.5155,40.0,0.4192,6.0,0.3993,14.0,0.6033,54.0,,,0.4827,5.0
2021-12-08,0.5091,49.0,0.5564,75.0,0.5101,38.0,,,0.5262,45.0,0.4139,5.0,0.3991,14.0,0.7351,90.0,,,0.6042,54.0
2021-12-07,0.5578,57.0,0.5997,82.0,0.5487,51.0,,,0.5555,54.0,0.4149,5.0,0.4018,14.0,0.7341,90.0,,,0.6075,55.0
2021-12-06,0.5304,53.0,0.6518,88.0,0.6099,69.0,,,0.629,73.0,0.4128,4.0,0.402,14.0,0.7165,87.0,,,0.5558,22.0
2021-12-03,0.518,50.0,0.631,86.0,0.6462,76.0,,,0.6557,79.0,0.4186,6.0,0.4017,14.0,0.6018,54.0,,,0.4689,4.0
2021-12-02,0.5182,51.0,0.6253,85.0,0.6552,78.0,,,0.6523,78.0,0.4186,6.0,0.4004,14.0,0.6521,71.0,,,0.5805,41.0
2021-12-01,0.5153,50.0,0.6271,85.0,0.6541,78.0,,,0.6615,80.0,0.4194,6.0,0.3992,14.0,0.6184,60.0,,,0.5933,48.0
2021-11-30,0.4233,32.0,0.5665,77.0,0.6056,68.0,,,0.6168,71.0,0.4102,4.0,0.3928,11.0,0.6569,72.0,,,0.6177,60.0
2021-11-29,0.4157,30.0,0.4879,61.0,0.6096,69.0,,,0.5774,61.0,0.4086,3.0,0.3865,9.0,0.6088,56.0,,,0.5954,49.0
2021-11-26,0.3283,15.0,0.4306,46.0,0.5521,52.0,,,0.5637,57.0,0.4139,5.0,0.3827,9.0,0.6532,71.0,,,0.6183,60.0
2021-11-24,0.2525,6.0,0.3494,19.0,0.4724,24.0,,,0.4783,27.0,0.4092,3.0,0.3778,8.0,0.6257,62.0,,,0.6156,59.0
2021-11-23,0.2093,3.0,0.3436,17.0,0.4925,31.0,,,0.4956,33.0,0.4122,4.0,0.3784,8.0,0.6355,66.0,,,0.5848,44.0
2021-11-22,0.2214,3.0,0.3342,14.0,0.497,32.0,,,0.4817,28.0,0.4121,4.0,0.378,8.0,0.6317,65.0,,,0.5467,18.0
2021-11-19,0.2221,3.0,0.3147,10.0,0.446,16.0,,,0.4252,11.0,0.4112,4.0,0.3779,8.0,0.5633,32.0,,,0.5995,52.0
2021-11-18,0.2116,3.0,0.3423,17.0,0.4327,13.0,,,0.4354,13.0,0.4097,4.0,0.3773,8.0,0.6023,54.0,,,0.52,9.0
2021-11-17,0.178,1.0,0.3646,24.0,0.4491,17.0,,,0.4585,20.0,0.4092,3.0,0.3788,8.0,0.5553,28.0,,,0.5981,51.0
2021-11-16,0.2649,7.0,0.3671,25.0,0.4571,19.0,,,0.4582,20.0,0.4093,3.0,0.3783,8.0,0.6375,66.0,,,0.5399,15.0
2021-11-15,0.3712,21.0,0.4029,37.0,0.497,32.0,,,0.497,34.0,0.4086,3.0,0.379,8.0,0.5731,38.0,,,0.5546,22.0
2021-11-12,0.3732,22.0,0.4324,47.0,0.4895,30.0,,,0.5105,39.0,0.411,4.0,0.381,8.0,0.6156,59.0,,,0.5506,20.0
2021-11-11,0.3598,19.0,0.4424,49.0,0.515,39.0,,,0.5176,41.0,0.4112,4.0,0.3829,9.0,0.6241,62.0,,,0.571,34.0
2021-11-10,0.4054,28.0,0.4276,45.0,0.5146,39.0,,,0.515,40.0,0.4112,4.0,0.3832,9.0,0.5914,49.0,,,0.5439,17.0
2021-11-09,0.4082,28.0,0.3895,32.0,0.5185,41.0,,,0.5316,47.0,0.4281,7.0,0.3869,10.0,0.5972,52.0,,,0.5531,21.0
2021-11-08,0.5069,48.0,0.3635,23.0,0.5106,38.0,,,0.5214,43.0,0.4319,8.0,0.3856,9.0,0.5705,36.0,,,0.5639,28.0
2021-11-05,0.4815,43.0,0.3537,20.0,0.5066,36.0,,,0.5103,39.0,0.4305,8.0,0.3861,9.0,0.5917,49.0,,,0.5738,36.0
2021-11-04,0.2952,10.0,0.3101,9.0,0.5015,34.0,,,0.4994,35.0,0.427,7.0,0.3869,10.0,0.5942,50.0,,,0.5078,8.0
2021-11-03,0.2952,10.0,0.2659,3.0,0.5516,51.0,,,0.5649,57.0,0.4315,8.0,0.3912,11.0,0.7208,88.0,,,0.494,6.0
2021-11-02,0.3332,15.0,0.2698,3.0,0.5667,56.0,,,0.5535,54.0,0.4342,8.0,0.395,12.0,0.6032,54.0,,,0.4147,1.0
2021-11-01,0.3255,14.0,0.3316,14.0,0.5449,49.0,,,0.552,53.0,0.4356,8.0,0.3965,13.0,0.5769,40.0,,,0.5308,11.0
2021-10-29,0.3062,12.0,0.3311,14.0,0.5658,56.0,,,0.543,50.0,0.4446,10.0,0.4016,14.0,0.5445,24.0,,,0.5209,9.0
2021-10-28,0.2215,3.0,0.3552,21.0,0.5574,53.0,,,0.5794,61.0,0.4419,9.0,0.4018,14.0,0.6136,57.0,,,0.5256,10.0
2021-10-27,0.2475,6.0,0.3727,27.0,0.5726,57.0,,,0.568,57.0,0.4481,10.0,0.4049,16.0,0.593,49.0,,,0.5271,11.0
2021-10-26,0.2709,8.0,0.3617,23.0,0.5821,61.0,,,0.5754,60.0,0.4561,11.0,0.4059,17.0,0.5813,43.0,,,0.5364,14.0
2021-10-25,0.3418,17.0,0.3698,26.0,0.5963,65.0,,,0.589,64.0,0.4578,11.0,0.4074,18.0,0.6054,55.0,,,0.5458,17.0
2021-10-22,0.3625,20.0,0.3534,20.0,0.5272,44.0,,,0.5192,42.0,0.4577,11.0,0.4071,18.0,0.6128,57.0,,,0.5419,16.0
2021-10-21,0.4801,43.0,0.3912,33.0,0.4975,32.0,,,0.5158,41.0,0.458,12.0,0.4063,17.0,0.6334,65.0,,,0.5605,26.0
2021-10-20,0.477,42.0,0.407,38.0,0.4969,32.0,,,0.5088,38.0,0.4583,12.0,0.4063,17.0,0.6126,57.0,,,0.552,20.0
2021-10-19,0.5027,47.0,0.3941,34.0,0.4988,33.0,,,0.4919,32.0,0.4568,11.0,0.4054,16.0,0.6299,64.0,,,0.5258,10.0
2021-10-18,0.4905,45.0,0.394,34.0,0.463,21.0,,,0.4724,25.0,0.4544,11.0,0.4052,16.0,0.6108,57.0,,,0.5025,7.0
2021-10-15,0.461,39.0,0.4181,42.0,0.4602,20.0,,,0.4346,13.0,0.4562,11.0,0.4062,17.0,0.7299,90.0,,,0.3895,1.0
2021-10-14,0.3533,18.0,0.434,47.0,0.4669,22.0,,,0.4825,28.0,0.4592,12.0,0.4065,17.0,0.7615,94.0,,,0.5383,14.0
2021-10-13,0.3876,24.0,0.4471,51.0,0.4817,27.0,,,0.4917,32.0,0.4567,11.0,0.4069,18.0,0.6288,64.0,,,0.5356,13.0
2021-10-12,0.3344,16.0,0.3879,32.0,0.4813,27.0,,,0.5046,36.0,0.4495,10.0,0.4035,15.0,0.6403,67.0,,,0.5603,26.0
2021-10-11,0.3041,11.0,0.3684,25.0,0.5112,38.0,,,0.4853,30.0,0.4484,10.0,0.4037,15.0,0.6868,81.0,,,0.5504,20.0
2021-10-08,0.3198,13.0,0.3784,28.0,0.4949,31.0,,,0.4831,28.0,0.4528,11.0,0.4045,16.0,0.6323,65.0,,,0.7369,92.0
2021-10-07,0.4449,36.0,0.3941,34.0,0.505,35.0,,,0.5114,39.0,0.4551,11.0,0.4049,16.0,0.5938,50.0,,,0.5998,52.0
2021-10-06,0.43,33.0,0.3727,27.0,0.5357,47.0,,,0.5183,42.0,0.4553,11.0,0.4039,15.0,0.5716,37.0,,,0.6292,65.0
2021-10-05,0.4133,28.0,0.3636,23.0,0.5391,47.0,,,0.5205,43.0,0.4575,11.0,0.4039,15.0,0.5791,41.0,,,0.5542,22.0
2021-10-04,0.4128,28.0,0.352,20.0,0.5474,50.0,,,0.531,47.0,0.4576,11.0,0.4038,15.0,0.5819,43.0,,,0.6572,74.0
2021-10-01,0.398,26.0,0.3375,15.0,0.4904,30.0,,,0.4917,32.0,0.4617,12.0,0.4031,15.0,0.6217,61.0,,,0.6888,82.0
2021-09-30,0.4046,27.0,0.348,18.0,0.5203,41.0,,,0.5147,40.0,0.4619,12.0,0.4026,15.0,0.6252,62.0,,,0.6835,80.0
2021-09-29,0.4079,28.0,0.3546,21.0,0.5254,43.0,,,0.5192,42.0,0.4656,13.0,0.4037,15.0,0.593,49.0,,,0.654,72.0
2021-09-28,0.32,13.0,0.3232,12.0,0.5157,40.0,,,0.5223,44.0,0.4601,12.0,0.4025,15.0,0.5683,35.0,,,0.7538,94.0
2021-09-27,0.339,17.0,0.3356,15.0,0.4971,32.0,,,0.4798,28.0,0.4664,13.0,0.4026,15.0,0.6339,65.0,,,0.5623,27.0
2021-09-24,0.4467,36.0,0.3474,18.0,0.4829,27.0,,,0.4785,27.0,0.4709,14.0,0.4038,15.0,0.6421,68.0,,,0.5565,23.0
2021-09-23,0.4485,37.0,0.3434,17.0,0.4753,25.0,,,0.4802,28.0,0.4725,15.0,0.4046,16.0,0.6223,61.0,,,0.4959,6.0
2021-09-22,0.4447,36.0,0.3552,21.0,0.5213,42.0,,,0.5287,46.0,0.4726,15.0,0.4054,16.0,0.6089,56.0,,,0.6834,80.0
2021-09-21,0.5167,50.0,0.4355,48.0,0.5591,54.0,,,0.5545,54.0,0.4725,15.0,0.4054,16.0,0.6173,59.0,,,0.5765,38.0
2021-09-20,0.5012,47.0,0.4218,43.0,0.5842,62.0,,,0.6123,70.0,0.4718,15.0,0.4048,16.0,0.58,42.0,,,0.5622,27.0
2021-09-17,0.4718,41.0,0.4267,45.0,0.4969,32.0,,,0.522,43.0,0.4708,14.0,0.4048,16.0,0.5641,33.0,,,0.5826,43.0
2021-09-16,0.4563,38.0,0.4226,44.0,0.4914,30.0,,,0.5034,36.0,0.4758,16.0,0.4063,17.0,0.5477,25.0,,,0.5735,36.0
2021-09-15,0.3681,21.0,0.4157,41.0,0.4897,30.0,,,0.4919,32.0,0.47,14.0,0.4045,16.0,0.5669,34.0,,,0.6024,53.0
2021-09-14,0.4134,28.0,0.433,47.0,0.4942,31.0,,,0.4908,31.0,0.4701,14.0,0.4046,16.0,0.624,62.0,,,0.6046,54.0
2021-09-13,0.4068,28.0,0.4162,41.0,0.4948,31.0,,,0.5063,37.0,0.4715,15.0,0.4052,16.0,0.5482,25.0,,,0.5698,32.0
2021-09-10,0.2905,10.0,0.3173,11.0,0.4756,25.0,,,0.4756,26.0,0.4711,14.0,0.4028,15.0,0.5802,42.0,,,0.5686,31.0
2021-09-09,0.322,14.0,0.3199,11.0,0.5012,34.0,,,0.4699,24.0,0.4715,15.0,0.4028,15.0,0.5899,48.0,,,0.5789,40.0
2021-09-08,0.3283,15.0,0.3228,12.0,0.4989,33.0,,,0.4882,30.0,0.4733,15.0,0.4031,15.0,0.5821,43.0,,,0.5671,30.0
2021-09-07,0.4591,39.0,0.3942,34.0,0.5057,36.0,,,0.5045,36.0,0.4742,15.0,0.4074,18.0,0.5814,43.0,,,0.5526,21.0
2021-09-03,0.3975,26.0,0.3858,31.0,0.457,19.0,,,0.4433,16.0,0.4724,15.0,0.4069,18.0,0.5777,40.0,,,0.578,39.0
2021-09-02,0.415,30.0,0.3658,24.0,0.4204,10.0,,,0.4304,12.0,0.4708,14.0,0.406,17.0,0.5796,41.0,,,0.5618,26.0
2021-09-01,0.4135,28.0,0.3734,27.0,0.4235,11.0,,,0.4245,11.0,0.4767,16.0,0.407,18.0,0.5745,39.0,,,0.5641,28.0
2021-08-31,0.4977,46.0,0.3862,31.0,0.4181,9.0,,,0.4256,11.0,0.479,17.0,0.4087,19.0,0.6131,57.0,,,0.5708,33.0
2021-08-30,0.4952,46.0,0.4052,37.0,0.4545,18.0,,,0.4058,7.0,0.4781,17.0,0.4124,21.0,0.5827,44.0,,,0.5662,30.0
2021-08-27,0.5376,54.0,0.413,40.0,0.4436,15.0,,,0.4402,15.0,0.4819,18.0,0.4188,24.0,0.579,41.0,,,0.5722,35.0
2021-08-26,0.4372,35.0,0.3564,21.0,0.472,24.0,,,0.4677,23.0,0.4782,17.0,0.4159,22.0,0.5945,50.0,,,0.5719,34.0
2021-08-25,0.5119,49.0,0.3866,31.0,0.4796,26.0,,,0.4648,22.0,0.4821,18.0,0.4181,24.0,0.5936,50.0,,,0.5675,31.0
2021-08-24,0.4991,47.0,0.3981,35.0,0.5031,35.0,,,0.5031,36.0,0.4905,21.0,0.4275,28.0,0.583,44.0,,,0.566,30.0
2021-08-23,0.517,50.0,0.3954,34.0,0.5078,37.0,,,0.5078,38.0,0.495,23.0,0.4316,31.0,0.5888,47.0,,,0.5662,30.0
2021-08-20,0.3917,25.0,0.3997,36.0,0.5136,39.0,,,0.5189,42.0,0.4946,23.0,0.4374,33.0,0.5843,45.0,,,0.5721,35.0
2021-08-19,0.457,39.0,0.3758,28.0,0.5527,52.0,,,0.5527,53.0,0.4981,24.0,0.4403,34.0,0.587,47.0,,,0.5693,32.0
2021-08-18,0.4387,35.0,0.3608,23.0,0.5561,53.0,,,0.526,45.0,0.497,24.0,0.4433,35.0,0.5779,41.0,,,0.5706,33.0
2021-08-17,0.505,48.0,0.3592,22.0,0.5173,40.0,,,0.5285,46.0,0.5255,32.0,0.4527,38.0,0.5877,47.0,,,0.574,36.0
2021-08-16,0.4588,39.0,0.332,14.0,0.5375,47.0,,,0.5491,52.0,0.5223,31.0,0.452,37.0,0.5767,40.0,,,0.5701,33.0
2021-08-13,0.4659,40.0,0.3403,16.0,0.5329,46.0,,,0.5449,51.0,0.5223,31.0,0.4522,38.0,0.5767,40.0,,,0.5637,28.0
2021-08-12,0.4503,37.0,0.4072,38.0,0.5444,49.0,,,0.5414,50.0,0.5212,31.0,0.4533,38.0,0.5827,44.0,,,0.5594,25.0
2021-08-11,0.4324,34.0,0.3857,31.0,0.5692,57.0,,,0.5607,56.0,0.5192,31.0,0.4539,38.0,0.5881,47.0,,,0.5589,24.0
2021-08-10,0.3409,17.0,0.377,28.0,0.5575,54.0,,,0.5552,54.0,0.5185,30.0,0.457,40.0,0.583,44.0,,,0.5608,26.0
2021-08-09,0.3292,15.0,0.3747,27.0,0.5549,53.0,,,0.5531,54.0,0.5185,30.0,0.4574,40.0,0.5852,45.0,,,0.5644,28.0
2021-08-06,0.3021,11.0,0.3607,23.0,0.4826,27.0,,,0.4885,30.0,0.5146,28.0,0.4579,40.0,0.5783,41.0,,,0.5623,27.0
2021-08-05,0.3542,19.0,0.3636,23.0,0.4971,32.0,,,0.5063,37.0,0.5142,28.0,0.4577,40.0,0.5591,30.0,,,0.5613,26.0
2021-08-04,0.3664,20.0,0.3572,22.0,0.5005,33.0,,,0.5046,36.0,0.5177,30.0,0.4582,40.0,0.5769,40.0,,,0.5559,22.0
2021-08-03,0.2964,10.0,0.2941,6.0,0.4869,28.0,,,0.5002,35.0,0.5171,30.0,0.4567,39.0,0.5781,41.0,,,0.565,28.0
2021-08-02,0.3175,13.0,0.2973,6.0,0.5262,43.0,,,0.5134,40.0,0.5174,30.0,0.4631,43.0,0.576,40.0,,,0.5622,27.0
2021-07-30,0.3116,12.0,0.3087,9.0,0.4794,26.0,,,0.4861,30.0,0.518,30.0,0.4657,44.0,0.5767,40.0,,,0.5642,28.0
2021-07-29,0.3741,22.0,0.3511,20.0,0.4845,28.0,,,0.4919,32.0,0.6504,66.0,0.4744,48.0,0.5807,42.0,,,0.5656,28.0
2021-07-28,0.367,20.0,0.3573,22.0,0.5291,45.0,,,0.526,45.0,0.711,79.0,0.4889,54.0,0.5882,47.0,,,0.5697,32.0
2021-07-27,0.4241,32.0,0.3646,24.0,0.5231,42.0,,,0.5343,48.0,0.7171,79.0,0.4948,56.0,0.5769,40.0,,,0.5672,31.0
2021-07-26,0.6075,66.0,0.4313,46.0,0.5308,45.0,,,0.5181,41.0,0.7693,88.0,0.5307,66.0,0.5778,40.0,,,0.5655,28.0
2021-07-23,0.5679,59.0,0.4309,46.0,0.504,35.0,,,0.4907,31.0,0.7697,88.0,0.5307,66.0,0.579,41.0,,,0.5644,28.0
2021-07-22,0.5786,61.0,0.443,50.0,0.5128,38.0,,,0.5174,41.0,0.7704,88.0,0.5313,66.0,0.5844,45.0,,,0.5635,27.0
2021-07-21,0.5789,61.0,0.4443,50.0,0.5308,45.0,,,0.5341,48.0,0.7702,88.0,0.5344,67.0,0.5797,42.0,,,0.5674,31.0
2021-07-20,0.4426,35.0,0.4192,42.0,0.5352,46.0,,,0.5265,45.0,0.7692,88.0,0.5387,68.0,0.5792,41.0,,,0.5707,33.0
2021-07-19,0.4784,42.0,0.4169,41.0,0.5937,64.0,,,0.587,64.0,0.77,88.0,0.5389,68.0,0.595,51.0,,,0.5734,36.0
2021-07-16,0.4889,45.0,0.4457,50.0,0.4914,30.0,,,0.4952,33.0,0.7799,89.0,0.5418,70.0,0.5856,46.0,,,0.5696,32.0
2021-07-15,0.3346,16.0,0.3949,34.0,0.4606,20.0,,,0.4634,22.0,0.779,89.0,0.5411,69.0,0.5879,47.0,,,0.5795,40.0
2021-07-14,0.338,16.0,0.4144,41.0,0.4858,28.0,,,0.4854,30.0,0.7851,90.0,0.5414,69.0,0.5881,47.0,,,0.5733,36.0
2021-07-13,0.3307,15.0,0.4169,41.0,0.5035,35.0,,,0.4885,30.0,0.7864,90.0,0.5415,69.0,0.5935,50.0,,,0.5779,39.0
2021-07-12,0.3275,15.0,0.4293,46.0,0.4995,33.0,,,0.4837,28.0,0.7881,90.0,0.5424,70.0,0.5935,50.0,,,0.5828,43.0
2021-07-09,0.3883,24.0,0.4366,48.0,0.466,22.0,,,0.4709,24.0,0.7866,90.0,0.543,71.0,0.5906,48.0,,,0.5833,43.0
2021-07-08,0.3498,18.0,0.4423,49.0,0.5153,39.0,,,0.5183,42.0,0.7882,90.0,0.5426,70.0,0.596,51.0,,,0.5843,44.0
2021-07-07,0.2672,7.0,0.404,37.0,0.4887,28.0,,,0.4494,17.0,0.7925,91.0,0.5429,71.0,0.5914,49.0,,,0.5793,40.0
2021-07-06,0.254,6.0,0.3945,34.0,0.4902,30.0,,,0.4885,30.0,0.7924,91.0,0.5428,71.0,0.5929,49.0,,,0.5762,38.0
2021-07-02,0.235,4.0,0.356,21.0,0.4174,9.0,,,0.4213,10.0,0.7917,91.0,0.5418,70.0,0.5926,49.0,,,0.5767,38.0
2021-07-01,0.2347,4.0,0.3519,20.0,0.4221,10.0,,,0.4326,13.0,0.7917,91.0,0.542,70.0,0.5889,47.0,,,0.5757,38.0
2021-06-30,0.2333,4.0,0.3254,13.0,0.482,27.0,,,0.4688,24.0,0.7956,92.0,0.5419,70.0,0.5937,50.0,,,0.5802,41.0
2021-06-29,0.127,1.0,0.3288,13.0,0.4631,21.0,,,0.4696,24.0,0.7951,91.0,0.5413,69.0,0.598,52.0,,,0.5783,39.0
2021-06-28,0.1316,1.0,0.3287,13.0,0.4656,22.0,,,0.4611,21.0,0.7985,92.0,0.5421,70.0,0.5944,50.0,,,0.5715,34.0
2021-06-25,0.4687,41.0,0.4014,36.0,0.4604,20.0,,,0.4598,20.0,0.7982,92.0,0.5426,70.0,0.595,51.0,,,0.5799,41.0
2021-06-24,0.4655,40.0,0.3996,36.0,0.4845,28.0,,,0.4993,35.0,0.7986,92.0,0.5419,70.0,0.5926,49.0,,,0.5811,42.0
2021-06-23,0.4298,33.0,0.4123,40.0,0.5042,35.0,,,0.509,38.0,0.7986,92.0,0.542,70.0,0.597,52.0,,,0.58,41.0
2021-06-22,0.4874,44.0,0.4547,53.0,0.5166,40.0,,,0.5168,41.0,0.8001,93.0,0.5427,71.0,0.6026,54.0,,,0.5805,41.0
2021-06-21,0.4873,44.0,0.4665,56.0,0.5438,49.0,,,0.5407,50.0,0.807,94.0,0.5466,72.0,0.6071,56.0,,,0.5839,43.0
2021-06-18,0.6373,70.0,0.4761,57.0,0.539,47.0,,,0.5541,54.0,0.8089,94.0,0.5469,72.0,0.6178,59.0,,,0.5923,48.0
2021-06-17,0.6509,73.0,0.4633,55.0,0.5472,50.0,,,0.543,50.0,0.8088,94.0,0.5474,73.0,0.6231,62.0,,,0.5966,50.0
2021-06-16,0.4233,32.0,0.3912,33.0,0.5516,51.0,,,0.54,50.0,0.8023,93.0,0.5439,71.0,0.6134,57.0,,,0.6078,55.0
2021-06-15,0.4114,28.0,0.3767,28.0,0.5199,41.0,,,0.5018,36.0,0.8067,94.0,0.5455,72.0,0.6734,77.0,,,0.639,68.0
2021-06-14,0.3996,26.0,0.3661,24.0,0.5183,40.0,,,0.529,46.0,0.8135,95.0,0.5464,72.0,0.6091,56.0,,,0.5914,47.0
2021-06-11,0.5425,55.0,0.3058,8.0,0.5278,44.0,,,0.5267,45.0,0.8146,95.0,0.5454,72.0,0.6266,63.0,,,0.6001,52.0
2021-06-10,0.5294,52.0,0.3003,7.0,0.5559,53.0,,,0.552,53.0,0.814,95.0,0.5451,72.0,0.6234,62.0,,,0.6104,57.0
2021-06-09,0.4808,43.0,0.2777,4.0,0.5478,50.0,,,0.548,52.0,0.8115,95.0,0.5443,72.0,0.6056,55.0,,,0.5832,43.0
2021-06-08,0.4775,42.0,0.2865,5.0,0.558,54.0,,,0.5505,53.0,0.8142,95.0,0.5453,72.0,0.5958,51.0,,,0.586,44.0
2021-06-07,0.458,39.0,0.3158,10.0,0.5324,46.0,,,0.5368,48.0,0.8134,95.0,0.5453,72.0,0.5961,51.0,,,0.5833,43.0
2021-06-04,0.4661,40.0,0.3305,14.0,0.5062,36.0,,,0.5076,38.0,0.8145,95.0,0.5472,72.0,0.6093,56.0,,,0.5873,45.0
2021-06-03,0.473,41.0,0.3648,24.0,0.5348,46.0,,,0.5351,48.0,0.8146,95.0,0.5471,72.0,0.6219,61.0,,,0.5898,47.0
2021-06-02,0.2305,4.0,0.3556,21.0,0.5475,50.0,,,0.54,50.0,0.8102,95.0,0.5477,73.0,0.6068,55.0,,,0.5966,50.0
2021-06-01,0.2769,8.0,0.3726,27.0,0.5283,44.0,,,0.5338,48.0,0.8104,95.0,0.5478,73.0,0.6011,53.0,,,0.5939,48.0
2021-05-28,0.2548,6.0,0.3906,33.0,0.4527,18.0,,,0.4362,14.0,0.8134,95.0,0.5474,73.0,0.6065,55.0,,,0.5883,46.0
2021-05-27,0.2654,7.0,0.4206,43.0,0.4551,19.0,,,0.4551,19.0,0.8136,95.0,0.5481,73.0,0.6565,72.0,,,0.5894,46.0
2021-05-26,0.2651,7.0,0.414,40.0,0.4721,24.0,,,0.467,23.0,0.8137,95.0,0.5476,73.0,0.5977,52.0,,,0.5845,44.0
2021-05-25,0.5275,52.0,0.4974,63.0,0.498,33.0,,,0.5064,37.0,0.8134,95.0,0.5478,73.0,0.6595,73.0,,,0.6149,59.0
2021-05-24,0.5438,55.0,0.4749,57.0,0.4706,24.0,,,0.4751,26.0,0.8145,95.0,0.5486,73.0,0.7226,88.0,,,0.5847,44.0
2021-05-21,0.5953,64.0,0.4899,61.0,0.5208,41.0,,,0.5237,44.0,0.8194,96.0,0.5507,74.0,0.6604,74.0,,,0.6731,78.0
2021-05-20,0.6801,76.0,0.5193,68.0,0.5849,62.0,,,0.5869,64.0,0.8189,95.0,0.5502,74.0,0.6735,77.0,,,0.6477,71.0
2021-05-19,0.6979,78.0,0.5713,78.0,0.6298,73.0,,,0.6349,75.0,0.8185,95.0,0.5488,73.0,0.5878,47.0,,,0.6594,74.0
2021-05-18,0.7508,83.0,0.6022,82.0,0.6096,69.0,,,0.6195,71.0,0.8199,96.0,0.5481,73.0,0.6799,79.0,,,0.6565,73.0
2021-05-17,0.7579,83.0,0.6056,83.0,0.6518,77.0,,,0.6433,76.0,0.8212,96.0,0.5477,73.0,0.6462,69.0,,,0.6638,75.0
2021-05-14,0.6909,77.0,0.5973,81.0,0.518,40.0,,,0.5539,54.0,0.8134,95.0,0.5433,71.0,0.6197,60.0,,,0.63,65.0
2021-05-13,0.6722,75.0,0.597,81.0,0.5837,61.0,,,0.5844,63.0,0.8119,95.0,0.5436,71.0,0.6319,65.0,,,0.6311,65.0
2021-05-12,0.7429,82.0,0.617,84.0,0.6288,73.0,,,0.624,72.0,0.8113,95.0,0.5436,71.0,0.6386,67.0,,,0.6447,70.0
2021-05-11,0.7503,83.0,0.6023,82.0,0.5873,63.0,,,0.5997,67.0,0.8084,94.0,0.5416,70.0,0.6463,69.0,,,0.646,70.0
2021-05-10,0.7556,83.0,0.5412,72.0,0.5506,51.0,,,0.5582,55.0,0.8095,94.0,0.5388,68.0,0.6331,65.0,,,0.618,60.0
2021-05-07,0.7299,81.0,0.4947,62.0,0.5054,36.0,,,0.5133,40.0,0.81,95.0,0.5364,68.0,0.6286,64.0,,,0.6284,64.0
2021-05-06,0.7156,80.0,0.5041,65.0,0.6309,73.0,,,0.6448,76.0,0.8093,94.0,0.5376,68.0,0.6413,68.0,,,0.6373,68.0
2021-05-05,0.5736,60.0,0.4197,43.0,0.6618,79.0,,,0.6544,78.0,0.8182,95.0,0.5387,68.0,0.6316,65.0,,,0.6369,67.0
2021-05-04,0.5747,61.0,0.4292,46.0,0.661,79.0,,,0.6697,81.0,0.8226,96.0,0.5413,69.0,0.64,67.0,,,0.6411,69.0
2021-05-03,0.4884,44.0,0.3796,28.0,0.6655,80.0,,,0.6876,84.0,0.821,96.0,0.5417,70.0,0.6762,78.0,,,0.6204,61.0
2021-04-30,0.2816,9.0,0.3565,21.0,0.6029,67.0,,,0.6111,70.0,0.8183,95.0,0.5414,69.0,0.6593,73.0,,,0.6346,67.0
2021-04-29,0.4158,30.0,0.3605,23.0,0.6313,73.0,,,0.6414,76.0,0.8172,95.0,0.5416,70.0,0.6139,57.0,,,0.6175,60.0
2021-04-28,0.3944,26.0,0.3385,16.0,0.6098,69.0,,,0.5999,67.0,0.8164,95.0,0.5416,70.0,0.6106,57.0,,,0.6037,54.0
2021-04-27,0.4209,31.0,0.3263,13.0,0.6273,73.0,,,0.6068,68.0,0.8271,97.0,0.543,71.0,0.6571,72.0,,,0.6231,62.0
2021-04-26,0.4195,31.0,0.3486,19.0,0.6312,73.0,,,0.617,71.0,0.8273,97.0,0.5434,71.0,0.6095,57.0,,,0.615,59.0
2021-04-23,0.5036,48.0,0.3678,25.0,0.5686,57.0,,,0.5668,57.0,0.8285,97.0,0.5441,71.0,0.6274,63.0,,,0.6185,60.0
2021-04-22,0.5601,57.0,0.3881,32.0,0.5919,64.0,,,0.574,60.0,0.8285,97.0,0.544,71.0,0.6401,67.0,,,0.5934,48.0
2021-04-21,0.5384,54.0,0.3758,28.0,0.5908,64.0,,,0.6071,69.0,0.8275,97.0,0.5435,71.0,0.6201,60.0,,,0.6259,63.0
2021-04-20,0.494,46.0,0.3795,28.0,0.5675,56.0,,,0.5534,54.0,0.8262,97.0,0.543,71.0,0.6302,64.0,,,0.6096,56.0
2021-04-19,0.4903,45.0,0.3934,34.0,0.5439,49.0,,,0.5368,48.0,0.8284,97.0,0.5441,71.0,0.6737,77.0,,,0.6178,60.0
2021-04-16,0.5871,63.0,0.3797,28.0,0.5025,34.0,,,0.4917,32.0,0.827,97.0,0.5445,72.0,0.621,61.0,,,0.6243,62.0
2021-04-15,0.5858,63.0,0.3466,18.0,0.4911,30.0,,,0.4817,28.0,0.8271,97.0,0.5438,71.0,0.6155,59.0,,,0.5973,50.0
2021-04-14,0.5946,64.0,0.3637,24.0,0.4779,26.0,,,0.4911,32.0,0.8256,97.0,0.543,71.0,0.6247,62.0,,,0.5968,50.0
2021-04-13,0.532,53.0,0.348,18.0,0.4922,31.0,,,0.4916,32.0,0.8237,96.0,0.5423,70.0,0.6724,77.0,,,0.6342,67.0
2021-04-12,0.6095,66.0,0.3477,18.0,0.5053,36.0,,,0.4802,28.0,0.8237,96.0,0.543,71.0,0.6226,61.0,,,0.6256,63.0
2021-04-09,0.5238,51.0,0.3617,23.0,0.4865,28.0,,,0.4809,28.0,0.8212,96.0,0.5425,70.0,0.6402,67.0,,,0.6301,65.0
2021-04-08,0.5829,62.0,0.3674,25.0,0.4704,23.0,,,0.4554,19.0,0.8265,97.0,0.5432,71.0,0.6268,63.0,,,0.6262,63.0
2021-04-07,0.5997,65.0,0.3935,34.0,0.5122,38.0,,,0.504,36.0,0.8244,97.0,0.543,71.0,0.6414,68.0,,,0.6359,67.0
2021-04-06,0.5797,61.0,0.4,36.0,0.5392,47.0,,,0.5287,46.0,0.8241,97.0,0.5432,71.0,0.6387,67.0,,,0.6548,73.0
2021-04-05,0.5327,53.0,0.3761,28.0,0.5316,45.0,,,0.5267,45.0,0.8262,97.0,0.5441,71.0,0.6587,73.0,,,0.6373,68.0
2021-04-01,0.5458,55.0,0.3804,28.0,0.4961,32.0,,,0.5116,39.0,0.8266,97.0,0.5443,72.0,0.698,83.0,,,0.6995,84.0
2021-03-31,0.5285,52.0,0.4065,38.0,0.5251,43.0,,,0.5081,38.0,0.8239,97.0,0.5444,72.0,0.7046,85.0,,,0.6814,80.0
2021-03-30,0.3701,21.0,0.3716,26.0,0.55,51.0,,,0.5506,53.0,0.8224,96.0,0.5434,71.0,0.7068,85.0,,,0.7111,87.0
2021-03-29,0.3605,20.0,0.3555,21.0,0.5681,57.0,,,0.5831,63.0,0.821,96.0,0.543,71.0,0.6857,80.0,,,0.6827,80.0
2021-03-26,0.3649,20.0,0.3387,16.0,0.5383,47.0,,,0.5287,46.0,0.8196,96.0,0.5421,70.0,0.7336,90.0,,,0.7222,89.0
2021-03-25,0.472,41.0,0.4013,36.0,0.5914,64.0,,,0.5874,64.0,0.8196,96.0,0.544,71.0,0.7208,88.0,,,0.7003,84.0
2021-03-24,0.4445,36.0,0.3956,34.0,0.5297,45.0,,,0.5303,46.0,0.8272,97.0,0.5457,72.0,0.7339,90.0,,,0.7166,88.0
2021-03-23,0.5099,49.0,0.3962,35.0,0.5227,42.0,,,0.5416,50.0,0.8294,97.0,0.5498,73.0,0.7236,89.0,,,0.7086,86.0
2021-03-22,0.4191,31.0,0.4497,51.0,0.517,40.0,,,0.5306,46.0,0.8366,98.0,0.5528,74.0,0.7747,95.0,,,0.7453,93.0
2021-03-19,0.4136,28.0,0.4549,53.0,0.5695,57.0,,,0.5315,47.0,0.8364,98.0,0.5535,74.0,0.8362,99.0,,,0.7865,98.0
2021-03-18,0.4047,27.0,0.4544,52.0,0.6288,73.0,,,0.6172,71.0,0.8513,99.0,0.5582,75.0,0.7999,97.0,,,0.7795,97.0
2021-03-17,0.3747,22.0,0.4555,53.0,0.6318,74.0,,,0.6471,77.0,0.8505,99.0,0.5581,75.0,0.8003,97.0,,,0.8012,99.0
2021-03-16,0.4649,40.0,0.4301,46.0,0.6368,75.0,,,0.6304,74.0,0.8492,99.0,0.5565,75.0,0.7881,96.0,,,0.7752,96.0
2021-03-15,0.4314,34.0,0.4904,62.0,0.7054,87.0,,,0.6665,81.0,0.8486,99.0,0.5563,75.0,0.8094,97.0,,,0.8478,100.0
2021-03-12,0.5232,51.0,0.5761,78.0,0.6502,77.0,,,0.6645,80.0,0.8481,99.0,0.557,75.0,0.8061,97.0,,,0.819,100.0
2021-03-11,0.5482,56.0,0.529,70.0,0.7074,87.0,,,0.7202,89.0,0.8527,100.0,0.5553,75.0,0.8428,99.0,,,0.816,99.0
2021-03-10,0.6218,68.0,0.5589,75.0,0.7148,88.0,,,0.7143,88.0,0.8527,100.0,0.557,75.0,0.8158,98.0,,,0.7912,98.0
2021-03-09,0.7207,80.0,0.6717,89.0,0.7866,95.0,,,0.7575,93.0,0.853,100.0,0.5587,75.0,0.8441,99.0,,,0.8063,99.0
2021-03-08,0.574,60.0,0.7106,92.0,0.766,93.0,,,0.7467,92.0,0.852,99.0,0.5584,75.0,0.8531,100.0,,,0.8108,99.0
2021-03-05,0.6016,65.0,0.761,95.0,0.7322,90.0,,,0.7234,89.0,0.8505,99.0,0.5597,76.0,0.8519,100.0,,,0.8051,99.0
2021-03-04,0.7368,82.0,0.7649,96.0,0.7099,87.0,,,0.7434,92.0,0.8504,99.0,0.5586,75.0,0.8146,98.0,,,0.7973,98.0
2021-03-03,0.7257,81.0,0.7384,94.0,0.7095,87.0,,,0.6991,85.0,0.8476,99.0,0.5545,74.0,0.8473,99.0,,,0.8347,100.0
2021-03-02,1.0805,97.0,0.8326,98.0,0.7182,88.0,,,0.7026,86.0,0.8479,99.0,0.5568,75.0,0.8512,99.0,,,0.8552,100.0
2021-03-01,1.0428,96.0,0.8198,98.0,0.7205,89.0,,,0.7089,87.0,0.8476,99.0,0.5588,75.0,0.8637,100.0,,,0.8185,100.0
2021-02-26,0.9448,94.0,0.7377,94.0,0.7082,87.0,,,0.6793,83.0,0.8417,99.0,0.5519,74.0,0.8941,100.0,,,1.0329,100.0
2021-02-25,0.8685,89.0,0.705,92.0,0.816,96.0,,,0.8058,97.0,0.8408,98.0,0.5494,73.0,0.8524,100.0,,,0.797,98.0
2021-02-24,0.7212,80.0,0.6486,88.0,0.7319,90.0,,,0.7465,92.0,0.8366,98.0,0.5472,72.0,0.8042,97.0,,,0.8181,100.0
2021-02-23,0.7109,79.0,0.6378,87.0,0.7463,92.0,,,0.7544,93.0,0.8369,98.0,0.5452,72.0,0.8389,99.0,,,0.7814,97.0
2021-02-22,0.6814,76.0,0.5956,81.0,0.8448,97.0,,,0.8356,98.0,0.8365,98.0,0.543,71.0,0.7893,96.0,,,0.7756,97.0
2021-02-19,0.1979,2.0,0.4621,55.0,0.6721,81.0,,,0.6458,77.0,0.8215,96.0,0.5347,67.0,0.7837,96.0,,,0.7693,96.0
2021-02-18,0.198,2.0,0.4501,51.0,0.7142,88.0,,,0.7463,92.0,0.8225,96.0,0.5338,67.0,0.7701,94.0,,,0.7923,98.0
2021-02-17,0.3047,12.0,0.4526,52.0,0.7892,95.0,,,0.7409,91.0,0.8235,96.0,0.5338,67.0,0.8697,100.0,,,0.7357,91.0
2021-02-16,0.3029,11.0,0.4688,57.0,0.7122,87.0,,,0.7348,91.0,0.8261,97.0,0.5338,67.0,0.7341,90.0,,,0.749,93.0
2021-02-12,0.3483,18.0,0.5464,73.0,0.754,93.0,,,0.7402,91.0,0.8265,97.0,0.5344,67.0,0.7444,92.0,,,0.7432,92.0
2021-02-11,0.3689,21.0,0.5329,70.0,0.7221,89.0,,,0.7256,90.0,0.8275,97.0,0.5317,66.0,0.7488,92.0,,,0.7441,92.0
2021-02-10,1.7146,100.0,0.6492,88.0,0.7605,93.0,,,0.7684,94.0,0.8279,97.0,0.532,66.0,0.7455,92.0,,,0.7511,94.0
2021-02-09,2.2395,100.0,0.806,97.0,0.7867,95.0,,,0.7771,95.0,0.8292,97.0,0.5322,66.0,0.7726,95.0,,,0.7512,94.0
2021-02-08,2.2911,100.0,0.8708,99.0,0.7443,92.0,,,0.7935,96.0,0.8292,97.0,0.5326,67.0,0.8163,98.0,,,0.7666,96.0
2021-02-05,2.5652,100.0,1.1816,100.0,0.8138,96.0,,,0.7967,96.0,0.848,99.0,0.5363,67.0,0.7538,93.0,,,0.7593,95.0
2021-02-04,2.5849,100.0,1.1752,100.0,0.8327,97.0,,,0.8158,97.0,0.8474,99.0,0.5363,67.0,0.775,95.0,,,0.7641,96.0
2021-02-03,2.5741,100.0,1.1359,100.0,0.8566,98.0,,,0.863,99.0,0.8505,99.0,0.5329,67.0,0.7838,96.0,,,0.7916,98.0
2021-02-02,2.5622,100.0,1.1462,100.0,1.0534,100.0,,,0.9795,99.0,0.85,99.0,0.5333,67.0,0.8074,97.0,,,0.8025,99.0
2021-02-01,1.4582,100.0,1.1305,100.0,1.9159,100.0,,,1.8948,100.0,0.7497,86.0,0.5286,66.0,0.8706,100.0,,,0.9137,100.0
2021-01-29,1.228,99.0,1.0191,100.0,1.6466,100.0,,,1.6105,100.0,0.7008,77.0,0.518,64.0,0.738,91.0,,,0.749,93.0
2021-01-28,1.2607,99.0,0.9974,100.0,1.5324,100.0,,,1.5118,100.0,0.6944,75.0,0.5127,62.0,0.6972,83.0,,,0.71,86.0
2021-01-27,0.7402,82.0,0.6204,84.0,0.7783,94.0,,,0.7878,96.0,0.6385,64.0,0.4754,49.0,0.6652,75.0,,,0.6733,78.0
2021-01-26,0.8805,90.0,0.6231,85.0,0.6297,73.0,,,0.6329,74.0,0.6428,65.0,0.4757,49.0,0.6579,73.0,,,0.6549,73.0
2021-01-25,0.8855,90.0,0.6247,85.0,0.6414,76.0,,,0.6475,77.0,0.642,65.0,0.476,49.0,0.6519,71.0,,,0.6615,75.0
2021-01-22,0.9384,93.0,0.5906,80.0,0.6021,67.0,,,0.6028,68.0,0.6432,65.0,0.4736,47.0,0.6684,76.0,,,0.652,72.0
2021-01-21,0.929,93.0,0.4987,63.0,0.5716,57.0,,,0.5707,57.0,0.6493,66.0,0.468,45.0,0.6508,70.0,,,0.6545,73.0
2021-01-20,0.9502,94.0,0.4931,62.0,0.6095,68.0,,,0.6114,70.0,0.6482,65.0,0.468,45.0,0.6431,68.0,,,0.6569,74.0
2021-01-19,0.8445,88.0,0.4693,57.0,0.5689,57.0,,,0.5721,59.0,0.6384,64.0,0.4673,44.0,0.6439,68.0,,,0.6578,74.0
2021-01-15,0.6158,67.0,0.4323,47.0,0.5989,66.0,,,0.5907,65.0,0.6573,67.0,0.4723,47.0,0.6581,73.0,,,0.6525,72.0
2021-01-14,0.554,57.0,0.4244,44.0,0.5866,62.0,,,0.5779,61.0,0.6557,67.0,0.4732,47.0,0.6637,75.0,,,0.6641,75.0
2021-01-13,0.4537,38.0,0.4185,42.0,0.5697,57.0,,,0.5558,55.0,0.6671,70.0,0.4767,49.0,0.6579,73.0,,,0.6628,75.0
2021-01-12,0.6424,71.0,0.4088,39.0,0.5968,65.0,,,0.6022,67.0,0.6658,70.0,0.4758,49.0,0.6552,72.0,,,0.6691,77.0
2021-01-11,0.6314,69.0,0.399,36.0,0.6129,69.0,,,0.6141,70.0,0.6662,70.0,0.4759,49.0,0.656,72.0,,,0.6572,74.0
2021-01-08,0.7081,79.0,0.4323,47.0,0.6364,75.0,,,0.6254,73.0,0.6639,69.0,0.4761,49.0,0.6931,82.0,,,0.6721,78.0
2021-01-07,0.5002,47.0,0.3869,32.0,0.5562,53.0,,,0.5686,57.0,0.6562,67.0,0.4746,48.0,0.6508,70.0,,,0.6739,78.0
2021-01-06,0.4676,41.0,0.3823,30.0,0.591,64.0,,,0.596,66.0,0.6568,67.0,0.4792,50.0,0.6548,72.0,,,0.6771,79.0
2021-01-05,0.4575,39.0,0.3605,23.0,0.6183,70.0,,,0.6105,69.0,0.6573,67.0,0.4788,50.0,0.6657,75.0,,,0.6713,77.0
2021-01-04,0.4567,39.0,0.372,27.0,0.6328,74.0,,,0.6337,74.0,0.6575,67.0,0.4814,51.0,0.6627,74.0,,,0.661,75.0
2020-12-31,0.6546,73.0,0.4432,50.0,0.5095,37.0,,,0.5191,42.0,0.6606,68.0,0.4823,51.0,0.6655,75.0,,,0.6813,80.0
2020-12-30,0.6787,76.0,0.4725,57.0,0.5349,46.0,,,0.5307,46.0,0.6605,68.0,0.483,51.0,0.6557,72.0,,,0.68,79.0
2020-12-29,0.6183,68.0,0.4502,51.0,0.5334,46.0,,,0.5402,50.0,0.6565,67.0,0.4828,51.0,0.6965,83.0,,,0.682,80.0
2020-12-28,0.6675,75.0,0.4401,49.0,0.5265,43.0,,,0.522,43.0,0.658,68.0,0.4831,51.0,0.6608,74.0,,,0.679,79.0
2020-12-24,0.7438,82.0,0.479,59.0,0.4443,15.0,,,0.4497,17.0,0.6579,68.0,0.4845,52.0,0.654,72.0,,,0.6712,77.0
2020-12-23,0.8234,87.0,0.5055,65.0,0.4642,21.0,,,0.4748,26.0,0.6622,69.0,0.4882,54.0,0.653,71.0,,,0.6698,77.0
2020-12-22,0.8819,90.0,0.5146,67.0,0.5583,54.0,,,0.5244,44.0,0.6603,68.0,0.4874,54.0,0.674,77.0,,,0.6686,77.0
2020-12-21,0.6814,76.0,0.4437,50.0,0.5295,45.0,,,0.5733,59.0,0.6525,66.0,0.4863,53.0,0.6503,70.0,,,0.6707,77.0
2020-12-18,0.6783,76.0,0.4141,40.0,0.511,38.0,,,0.5146,40.0,0.6503,66.0,0.4847,52.0,0.6788,79.0,,,0.6885,82.0
2020-12-17,0.7663,84.0,0.4267,45.0,0.5315,45.0,,,0.5293,46.0,0.6523,66.0,0.4852,52.0,0.6572,73.0,,,0.6652,76.0
2020-12-16,0.7362,82.0,0.4193,42.0,0.5822,61.0,,,0.5664,57.0,0.6495,66.0,0.4853,53.0,0.6376,66.0,,,0.6716,78.0
2020-12-15,0.6556,73.0,0.4116,40.0,0.5238,42.0,,,0.5223,44.0,0.6477,65.0,0.4843,52.0,0.6761,78.0,,,0.6578,74.0
2020-12-14,0.3966,26.0,0.3833,30.0,0.5206,41.0,,,0.4956,33.0,0.6392,64.0,0.4842,52.0,0.6564,72.0,,,0.6324,66.0
2020-12-11,0.3807,23.0,0.3639,24.0,0.5393,48.0,,,0.5281,45.0,0.6394,64.0,0.4833,52.0,0.6648,75.0,,,0.6511,71.0
2020-12-10,0.3987,26.0,0.3695,26.0,0.541,48.0,,,0.5406,50.0,0.6391,64.0,0.4834,52.0,0.683,80.0,,,0.6416,69.0
2020-12-09,0.551,56.0,0.3766,28.0,0.56,54.0,,,0.5338,48.0,0.6422,65.0,0.4855,53.0,0.6378,67.0,,,0.6417,69.0
2020-12-08,0.425,32.0,0.3695,26.0,0.5741,59.0,,,0.5621,56.0,0.6393,64.0,0.4894,54.0,0.6496,70.0,,,0.6406,69.0
2020-12-07,0.4271,33.0,0.3856,31.0,0.5641,56.0,,,0.5604,56.0,0.6394,64.0,0.4918,55.0,0.6432,68.0,,,0.6527,72.0
2020-12-04,0.4089,28.0,0.3479,18.0,0.5125,38.0,,,0.5001,35.0,0.6564,67.0,0.4986,57.0,0.6259,62.0,,,0.6434,69.0
2020-12-03,0.4123,28.0,0.3968,35.0,0.5508,51.0,,,0.5243,44.0,0.6618,69.0,0.5035,57.0,0.6547,72.0,,,0.635,67.0
2020-12-02,0.5881,63.0,0.4319,46.0,0.5616,55.0,,,0.5222,43.0,0.6616,69.0,0.5043,59.0,0.6551,72.0,,,0.6378,68.0
2020-12-01,0.4817,43.0,0.4231,44.0,0.5481,51.0,,,0.5643,57.0,0.657,67.0,0.5058,59.0,0.6402,67.0,,,0.6205,61.0
2020-11-30,0.4817,43.0,0.4231,44.0,0.7212,89.0,,,0.4312,12.0,0.657,67.0,0.5058,59.0,0.6627,74.0,,,0.6034,53.0
2020-11-29,0.5038,48.0,0.4207,43.0,0.5923,64.0,,,0.5588,55.0,0.6575,67.0,0.5054,59.0,0.6472,69.0,,,0.6358,67.0
2020-11-28,0.5038,48.0,0.4207,43.0,0.5572,53.0,,,0.5285,46.0,0.6575,67.0,0.5054,59.0,0.6468,69.0,,,0.6354,67.0
2020-11-27,0.5196,51.0,0.4161,41.0,0.5313,45.0,,,0.5038,36.0,0.6596,68.0,0.5064,60.0,0.6464,69.0,,,0.635,67.0
2020-11-26,0.5196,51.0,0.4161,41.0,0.555,53.0,,,0.5192,42.0,0.6596,68.0,0.5064,60.0,0.6454,69.0,,,0.6287,64.0
2020-11-25,0.4828,43.0,0.407,38.0,0.5299,45.0,,,0.4959,33.0,0.6648,70.0,0.5089,61.0,0.645,69.0,,,0.6283,64.0
2020-11-24,0.3963,26.0,0.3579,22.0,0.5056,36.0,,,0.5042,36.0,0.6705,71.0,0.5088,60.0,0.6381,67.0,,,0.6291,65.0
2020-11-23,0.3037,11.0,0.3274,13.0,0.5131,39.0,,,0.4635,22.0,0.6732,71.0,0.5077,60.0,0.6584,73.0,,,0.5953,49.0
2020-11-20,0.2765,8.0,0.3309,14.0,0.4955,32.0,,,0.469,24.0,0.6735,71.0,0.5101,61.0,0.6524,71.0,,,0.6409,69.0
2020-11-19,0.3563,19.0,0.3675,25.0,0.5044,35.0,,,0.4931,32.0,0.6747,71.0,0.5134,62.0,0.6473,70.0,,,0.6431,69.0
2020-11-18,0.3771,23.0,0.3693,26.0,0.5126,38.0,,,0.4933,33.0,0.6739,71.0,0.5136,62.0,0.6466,69.0,,,0.6306,65.0
2020-11-17,0.3771,23.0,0.3693,26.0,0.3011,1.0,,,0.7245,90.0,0.6739,71.0,0.5136,62.0,0.5924,49.0,,,0.6734,78.0
2020-11-16,0.3969,26.0,0.4094,39.0,0.4831,28.0,,,0.5513,53.0,0.6726,71.0,0.5141,62.0,0.6444,68.0,,,0.6658,76.0
2020-11-15,0.8034,86.0,0.5188,68.0,0.6005,66.0,,,0.5893,64.0,0.6744,71.0,0.5154,62.0,0.6884,81.0,,,0.67,77.0
2020-11-14,0.8034,86.0,0.5188,68.0,0.5699,57.0,,,0.5596,55.0,0.6744,71.0,0.5154,62.0,0.688,81.0,,,0.6696,77.0
2020-11-13,0.8034,86.0,0.5188,68.0,0.6243,72.0,,,0.4658,22.0,0.6744,71.0,0.5154,62.0,0.6732,77.0,,,0.6562,73.0
2020-11-12,0.8953,91.0,0.5594,75.0,0.5774,60.0,,,0.5552,54.0,0.6756,71.0,0.5157,63.0,0.6576,73.0,,,0.6423,69.0
2020-11-11,0.9404,93.0,0.5873,80.0,0.5679,56.0,,,0.563,56.0,0.6758,71.0,0.5176,63.0,0.6597,74.0,,,0.6419,69.0
2020-11-10,0.9556,94.0,0.5998,82.0,0.6128,69.0,,,0.626,73.0,0.6787,72.0,0.5196,64.0,0.6651,75.0,,,0.6551,73.0
2020-11-09,0.8786,90.0,0.5882,80.0,0.6244,72.0,,,0.6312,74.0,0.6933,75.0,0.5223,64.0,0.6719,77.0,,,0.6852,81.0
2020-11-06,0.7868,85.0,0.5872,80.0,0.5688,57.0,,,0.5663,57.0,0.6917,74.0,0.5293,66.0,0.681,79.0,,,0.6844,81.0
2020-11-05,1.0481,97.0,0.5977,82.0,0.6351,74.0,,,0.6472,77.0,0.6936,75.0,0.5311,66.0,0.7074,85.0,,,0.6926,82.0
2020-11-04,0.8209,87.0,0.5156,67.0,0.7012,86.0,,,0.706,86.0,0.6776,72.0,0.5269,65.0,0.6821,79.0,,,0.6756,79.0
2020-11-03,0.7587,83.0,0.4881,61.0,0.78,94.0,,,0.7922,96.0,0.6776,72.0,0.5271,66.0,0.6796,79.0,,,0.6837,80.0
2020-11-02,0.6945,78.0,0.432,46.0,0.768,94.0,,,0.7869,96.0,0.675,71.0,0.5261,65.0,0.6837,80.0,,,0.6943,83.0
2020-10-30,0.6429,71.0,0.4077,38.0,0.8115,96.0,,,0.8229,98.0,0.6774,72.0,0.5272,66.0,0.6931,82.0,,,0.7004,84.0
2020-10-29,0.6614,74.0,0.3972,35.0,0.8065,96.0,,,0.8114,97.0,0.6784,72.0,0.527,66.0,0.7063,85.0,,,0.6957,83.0
2020-10-28,0.736,82.0,0.4041,37.0,0.8172,96.0,,,0.8163,97.0,0.6783,72.0,0.528,66.0,0.6976,83.0,,,0.7036,85.0
2020-10-27,0.4591,39.0,0.368,25.0,0.7168,88.0,,,0.716,88.0,0.6657,70.0,0.5259,65.0,0.6898,82.0,,,0.6901,82.0
2020-10-26,0.4501,37.0,0.3588,22.0,0.7369,91.0,,,0.7101,87.0,0.666,70.0,0.5286,66.0,0.6971,83.0,,,0.6831,80.0
2020-10-23,0.3949,26.0,0.3356,15.0,0.599,66.0,,,0.596,66.0,0.6713,71.0,0.5329,67.0,0.6964,83.0,,,0.6967,83.0
2020-10-22,0.4209,31.0,0.3456,17.0,0.592,64.0,,,0.5819,62.0,0.6768,72.0,0.5359,67.0,0.6945,83.0,,,0.6965,83.0
2020-10-21,0.4014,27.0,0.3629,23.0,0.6035,67.0,,,0.5925,65.0,0.6786,72.0,0.5384,68.0,0.702,84.0,,,0.7043,86.0
2020-10-20,0.3772,23.0,0.3665,25.0,0.5904,63.0,,,0.5885,64.0,0.6778,72.0,0.5397,68.0,0.7212,88.0,,,0.7232,89.0
2020-10-19,0.5093,49.0,0.3692,25.0,0.5532,52.0,,,0.5726,59.0,0.6751,71.0,0.5417,70.0,0.7344,90.0,,,0.7326,91.0
2020-10-16,0.4907,45.0,0.34,16.0,0.5574,53.0,,,0.5581,55.0,0.6758,71.0,0.544,71.0,0.7834,96.0,,,0.7831,97.0
2020-10-15,0.4369,35.0,0.3296,13.0,0.568,57.0,,,0.5946,65.0,0.6767,72.0,0.544,71.0,0.7385,91.0,,,0.8067,99.0
2020-10-14,0.5989,65.0,0.3933,34.0,0.5936,64.0,,,0.5823,62.0,0.6766,72.0,0.5464,72.0,0.7746,95.0,,,0.7998,98.0
2020-10-13,0.6026,65.0,0.3991,36.0,0.5866,62.0,,,0.5929,65.0,0.6769,72.0,0.5491,73.0,0.7908,96.0,,,0.8147,99.0
2020-10-12,0.6095,66.0,0.3846,30.0,0.6054,68.0,,,0.5915,65.0,0.6815,72.0,0.5499,74.0,0.7808,95.0,,,0.7776,97.0
2020-10-09,0.611,66.0,0.3839,30.0,0.569,57.0,,,0.5732,59.0,0.6816,73.0,0.5514,74.0,0.7544,93.0,,,0.8202,100.0
2020-10-08,0.4666,40.0,0.3625,23.0,0.5742,59.0,,,0.5811,62.0,0.6762,71.0,0.5529,74.0,0.7599,93.0,,,0.7959,98.0
2020-10-07,0.4441,36.0,0.3689,25.0,0.5889,63.0,,,0.594,65.0,0.6755,71.0,0.5649,76.0,0.8616,100.0,,,0.78,97.0
2020-10-06,0.4313,34.0,0.4189,42.0,0.6456,76.0,,,0.6342,74.0,0.6846,73.0,0.5798,78.0,0.7665,94.0,,,0.7728,96.0
2020-10-05,0.5471,56.0,0.4143,40.0,0.6235,72.0,,,0.618,71.0,0.6939,75.0,0.5811,79.0,0.7638,94.0,,,0.8351,100.0
2020-10-02,0.6178,68.0,0.501,64.0,0.6085,68.0,,,0.5802,61.0,0.6933,75.0,0.5819,79.0,0.7922,96.0,,,0.785,97.0
2020-10-01,0.8274,87.0,0.5743,78.0,0.5992,66.0,,,0.5959,66.0,0.6932,75.0,0.5859,81.0,0.7893,96.0,,,0.7697,96.0
2020-09-30,0.7916,86.0,0.5787,79.0,0.6074,68.0,,,0.5827,62.0,0.7007,77.0,0.5883,82.0,0.7926,96.0,,,0.8066,99.0
2020-09-29,0.9512,94.0,0.6514,88.0,0.6391,75.0,,,0.6368,75.0,0.7034,77.0,0.5922,82.0,0.7924,96.0,,,0.7867,98.0
2020-09-28,0.9333,93.0,0.6532,88.0,0.6132,69.0,,,0.6358,75.0,0.7045,78.0,0.5946,82.0,0.8129,97.0,,,0.7664,96.0
2020-09-25,0.9195,92.0,0.6369,86.0,0.7074,87.0,,,0.7012,85.0,0.7048,78.0,0.5962,83.0,0.8475,99.0,,,0.7757,97.0
2020-09-24,0.8852,90.0,0.6031,82.0,0.7052,87.0,,,0.7223,89.0,0.6977,76.0,0.5965,83.0,0.7422,91.0,,,0.749,93.0
2020-09-23,0.715,80.0,0.5459,73.0,0.7693,94.0,,,0.7681,94.0,0.7011,77.0,0.603,84.0,0.7827,95.0,,,0.718,88.0
2020-09-22,0.8143,87.0,0.5009,64.0,0.7095,87.0,,,0.6976,85.0,0.6936,75.0,0.6039,84.0,0.7505,93.0,,,0.7347,91.0
2020-09-21,0.8139,87.0,0.5254,69.0,0.7448,92.0,,,0.748,92.0,0.6946,75.0,0.6107,85.0,0.7924,96.0,,,0.7598,95.0
2020-09-18,0.4772,42.0,0.4636,55.0,0.6168,70.0,,,0.5906,65.0,0.6766,72.0,0.618,86.0,0.7773,95.0,,,0.7296,90.0
2020-09-17,0.5021,47.0,0.462,55.0,0.6168,70.0,,,0.6223,72.0,0.7239,80.0,0.6246,88.0,0.7551,93.0,,,0.7588,95.0
2020-09-16,0.5116,49.0,0.4978,63.0,0.6559,78.0,,,0.6184,71.0,0.7326,82.0,0.6382,92.0,0.8529,100.0,,,0.728,90.0
2020-09-15,0.5039,48.0,0.5351,71.0,0.6604,79.0,,,0.6274,73.0,0.7332,82.0,0.6461,94.0,0.735,90.0,,,0.7514,94.0
2020-09-14,0.4889,45.0,0.5328,70.0,0.6623,79.0,,,0.6526,78.0,0.7343,83.0,0.693,97.0,0.6551,72.0,,,0.7226,89.0
2020-09-11,0.3937,25.0,0.5553,74.0,0.686,84.0,,,0.6917,84.0,0.7635,87.0,0.7143,97.0,0.7665,94.0,,,0.7651,96.0
2020-09-10,0.4237,32.0,0.5904,80.0,0.7002,86.0,,,0.6899,84.0,0.7859,90.0,0.7405,97.0,0.7869,96.0,,,0.8474,100.0
2020-09-09,0.4531,38.0,0.5647,76.0,0.6996,86.0,,,0.7058,86.0,0.7951,91.0,0.7928,98.0,0.7614,94.0,,,0.7618,95.0
2020-09-08,0.5,47.0,0.574,78.0,0.7479,92.0,,,0.7466,92.0,0.8141,95.0,0.8078,98.0,0.7691,94.0,,,0.7606,95.0
2020-09-04,0.5089,49.0,0.5772,78.0,0.6299,73.0,,,0.6494,77.0,0.8445,99.0,0.8264,99.0,0.7746,95.0,,,0.7658,96.0
2020-09-03,0.5831,62.0,0.5686,77.0,0.7069,87.0,,,0.6917,84.0,0.8618,100.0,0.8327,99.0,0.7559,93.0,,,0.7524,94.0
2020-09-02,0.5834,62.0,0.5666,77.0,0.6735,81.0,,,0.6705,81.0,0.8631,100.0,0.8345,99.0,0.7532,93.0,,,0.7573,94.0
2020-09-01,0.5137,50.0,0.5163,67.0,0.6362,75.0,,,0.627,73.0,0.8752,100.0,0.8373,99.0,0.7568,93.0,,,0.7536,94.0
2020-08-31,0.4956,46.0,0.4331,47.0,0.6228,72.0,,,0.6175,71.0,0.8751,100.0,0.8368,99.0,0.7438,92.0,,,0.7456,93.0
2020-08-28,0.5136,50.0,0.4411,49.0,0.5846,62.0,,,0.5907,65.0,0.8748,100.0,0.8374,99.0,0.7457,92.0,,,0.7452,93.0
2020-08-27,0.499,47.0,0.4442,50.0,0.6257,72.0,,,0.6141,70.0,0.8721,100.0,0.8378,99.0,0.7479,92.0,,,0.7433,92.0
2020-08-26,0.4931,45.0,0.4183,42.0,0.6275,73.0,,,0.6297,74.0,0.8719,100.0,0.839,99.0,0.7441,92.0,,,0.7425,92.0
2020-08-25,0.4783,42.0,0.3862,31.0,0.5974,65.0,,,0.5819,62.0,0.8724,100.0,0.8392,99.0,0.7485,92.0,,,0.7462,93.0
2020-08-24,0.4823,43.0,0.3823,30.0,0.6347,74.0,,,0.6213,72.0,0.8837,100.0,0.8458,100.0,0.7617,94.0,,,0.7498,94.0
2020-08-21,0.5479,56.0,0.4084,39.0,0.6424,76.0,,,0.6352,75.0,0.8971,100.0,0.853,100.0,0.7657,94.0,,,0.7577,95.0
2020-08-20,0.5153,50.0,0.4236,44.0,0.6459,76.0,,,0.6501,78.0,0.8964,100.0,0.8538,100.0,0.7606,93.0,,,0.7648,96.0
2020-08-19,0.9069,92.0,0.503,64.0,0.6603,79.0,,,0.6704,81.0,0.8983,100.0,0.8542,100.0,0.7686,94.0,,,0.759,95.0
2020-08-18,0.8918,91.0,0.5156,67.0,0.6611,79.0,,,0.6551,79.0,0.8963,100.0,0.8549,100.0,0.7607,94.0,,,0.7585,95.0
2020-08-17,0.9251,93.0,0.5212,68.0,0.7386,91.0,,,0.6852,83.0,0.8967,100.0,0.8537,100.0,0.7588,93.0,,,0.7478,93.0
2020-08-14,0.8426,88.0,0.5602,76.0,0.6787,82.0,,,0.6726,82.0,0.8969,100.0,0.8562,100.0,0.7666,94.0,,,0.7647,96.0
2020-08-13,0.8454,88.0,0.5973,81.0,0.7162,88.0,,,0.7222,89.0,0.9048,100.0,0.8594,100.0,0.7523,93.0,,,0.745,93.0
2020-08-12,0.935,93.0,0.6198,84.0,0.7385,91.0,,,0.7335,90.0,0.9061,100.0,0.8596,100.0,0.7785,95.0,,,0.7662,96.0
2020-08-11,0.9269,93.0,0.6246,85.0,0.3073,1.0,,,1.8845,100.0,0.9062,100.0,0.8594,100.0,0.5563,28.0,,,0.8129,99.0
2020-08-10,0.5948,64.0,0.5516,74.0,0.7021,86.0,,,0.6978,85.0,0.8871,100.0,0.8565,100.0,0.7275,89.0,,,0.7905,98.0
2020-08-07,0.6925,77.0,0.5443,72.0,0.6763,82.0,,,0.6688,81.0,0.8875,100.0,0.8554,100.0,0.7397,91.0,,,0.7297,90.0
2020-08-06,0.6234,68.0,0.5231,68.0,0.7567,93.0,,,0.7612,93.0,0.8841,100.0,0.8543,100.0,0.7227,89.0,,,0.729,90.0
2020-08-05,0.6414,71.0,0.4989,63.0,0.7614,93.0,,,0.7678,94.0,0.8845,100.0,0.8533,100.0,0.72,88.0,,,0.7267,90.0
2020-08-04,0.7792,85.0,0.4555,53.0,0.7337,90.0,,,0.7517,92.0,0.8859,100.0,0.8519,100.0,0.707,85.0,,,0.7185,88.0
2020-08-03,0.6613,74.0,0.407,38.0,0.7601,93.0,,,0.7716,94.0,0.8815,100.0,0.8504,100.0,0.7104,86.0,,,0.713,87.0
2020-07-31,0.7224,80.0,0.455,53.0,0.7526,92.0,,,0.7544,93.0,0.8813,100.0,0.85,100.0,0.7081,85.0,,,0.7089,86.0
2020-07-30,1.0914,97.0,0.578,78.0,0.7684,94.0,,,0.7625,93.0,0.8817,100.0,0.8504,100.0,0.7038,85.0,,,0.6937,83.0
2020-07-29,1.02,96.0,0.5878,80.0,0.741,91.0,,,0.7757,95.0,0.8784,100.0,0.85,100.0,0.6925,82.0,,,0.7055,86.0
2020-07-28,1.0667,97.0,0.633,86.0,0.84,97.0,,,0.8219,98.0,0.8783,100.0,0.8495,100.0,0.7081,85.0,,,0.7038,85.0
2020-07-27,0.9733,95.0,0.6212,84.0,0.8444,97.0,,,0.8416,98.0,0.8773,100.0,0.849,100.0,0.6818,79.0,,,0.7002,84.0
2020-07-24,1.0205,96.0,0.6171,84.0,0.7668,93.0,,,0.7546,93.0,0.8722,100.0,0.8488,100.0,0.6881,81.0,,,0.6817,80.0
2020-07-23,1.0054,96.0,0.6149,84.0,0.8059,96.0,,,0.784,95.0,0.8729,100.0,0.8486,100.0,0.6967,83.0,,,0.6954,83.0
2020-07-22,0.809,86.0,0.5844,80.0,0.8187,96.0,,,0.8528,98.0,0.8716,100.0,0.8487,100.0,0.678,78.0,,,0.6912,82.0
2020-07-21,0.6559,73.0,0.5492,73.0,0.7017,86.0,,,0.702,86.0,0.8539,100.0,0.845,100.0,0.6757,78.0,,,0.6769,79.0
2020-07-20,0.6412,71.0,0.5243,69.0,0.6837,83.0,,,0.6749,82.0,0.85,99.0,0.8443,100.0,0.6699,76.0,,,0.6746,78.0
2020-07-17,0.3342,16.0,0.5053,65.0,0.5924,64.0,,,0.5956,66.0,0.8399,98.0,0.8421,100.0,0.6797,79.0,,,0.675,78.0
2020-07-16,0.539,54.0,0.5263,69.0,0.6126,69.0,,,0.6314,74.0,0.8393,98.0,0.8438,100.0,0.6657,75.0,,,0.6769,79.0
2020-07-15,0.5061,48.0,0.5305,70.0,0.6598,79.0,,,0.6666,81.0,0.8417,99.0,0.845,100.0,0.6693,76.0,,,0.6841,81.0
2020-07-14,0.5127,49.0,0.5481,73.0,0.6641,80.0,,,0.6778,83.0,0.8416,99.0,0.8448,100.0,0.6786,79.0,,,0.6828,80.0
2020-07-13,0.5591,57.0,0.5413,72.0,0.6862,84.0,,,0.7034,86.0,0.8413,99.0,0.8445,100.0,0.6918,82.0,,,0.6792,79.0
2020-07-10,0.5469,55.0,0.4872,61.0,0.6299,73.0,,,0.6367,75.0,0.8411,98.0,0.8418,100.0,0.6751,78.0,,,0.6872,81.0
2020-07-09,0.5876,63.0,0.5375,71.0,0.6493,77.0,,,0.6707,81.0,0.8422,99.0,0.8419,100.0,0.6813,79.0,,,0.6865,81.0
2020-07-08,0.5932,64.0,0.49,62.0,0.6597,79.0,,,0.6466,77.0,0.8422,99.0,0.8401,100.0,0.689,82.0,,,0.683,80.0
2020-07-07,0.449,37.0,0.5171,67.0,0.6246,72.0,,,0.5777,61.0,0.8365,98.0,0.8393,99.0,0.699,84.0,,,0.6975,83.0
2020-07-06,0.4479,37.0,0.5032,64.0,0.6403,75.0,,,0.5099,38.0,0.8412,99.0,0.8401,100.0,0.6946,83.0,,,0.6911,82.0
2020-07-02,0.5187,51.0,0.4952,62.0,0.5453,49.0,,,0.5242,44.0,0.8421,99.0,0.8394,99.0,0.7001,84.0,,,0.6903,82.0
2020-07-01,0.4708,41.0,0.4806,60.0,0.5845,62.0,,,0.597,66.0,0.8419,99.0,0.8402,100.0,0.6848,80.0,,,0.7008,85.0
2020-06-30,0.495,46.0,0.476,57.0,0.5988,66.0,,,0.6376,75.0,0.8421,99.0,0.8398,99.0,0.6749,78.0,,,0.7004,84.0
2020-06-29,0.4376,35.0,0.4323,47.0,0.6427,76.0,,,0.6669,81.0,0.8382,98.0,0.838,99.0,0.6957,83.0,,,0.7041,85.0
2020-06-26,0.5187,51.0,0.4412,49.0,0.6189,70.0,,,0.6215,72.0,0.8383,98.0,0.8382,99.0,0.6933,82.0,,,0.7022,85.0
2020-06-25,0.518,50.0,0.3815,30.0,0.6232,72.0,,,0.6663,80.0,0.8396,98.0,0.8372,99.0,0.6906,82.0,,,0.6867,81.0
2020-06-24,0.5823,62.0,0.4302,46.0,0.6672,80.0,,,0.6367,75.0,0.8396,98.0,0.8372,99.0,0.7108,86.0,,,0.6952,83.0
2020-06-23,0.5447,55.0,0.5045,65.0,0.6989,86.0,,,0.64,75.0,0.8388,98.0,0.8374,99.0,0.7162,87.0,,,0.7025,85.0
2020-06-22,0.5302,53.0,0.5372,71.0,0.7003,86.0,,,0.7114,87.0,0.8434,99.0,0.8385,99.0,0.7069,85.0,,,0.7074,86.0
2020-06-19,0.6644,74.0,0.6463,87.0,0.695,85.0,,,0.6787,83.0,0.8477,99.0,0.8393,99.0,0.7218,88.0,,,0.6991,84.0
2020-06-18,0.7939,86.0,0.697,91.0,0.7303,90.0,,,0.6756,82.0,0.8487,99.0,0.8393,99.0,0.7208,88.0,,,0.6979,84.0
2020-06-17,0.7918,86.0,0.7072,92.0,0.7256,89.0,,,0.7341,91.0,0.8477,99.0,0.839,99.0,0.7122,87.0,,,0.6829,80.0
2020-06-16,0.827,87.0,0.7078,92.0,0.7819,95.0,,,0.7162,88.0,0.8482,99.0,0.8394,99.0,0.7092,86.0,,,0.6978,83.0
2020-06-15,0.8099,87.0,0.7053,92.0,0.7628,93.0,,,0.7976,96.0,0.8462,99.0,0.838,99.0,0.703,84.0,,,0.6989,84.0
2020-06-12,0.8411,88.0,0.6456,87.0,0.7486,92.0,,,0.7455,92.0,0.8461,99.0,0.8352,99.0,0.6916,82.0,,,0.7414,92.0
2020-06-11,0.8588,89.0,0.6383,87.0,0.7352,91.0,,,0.7125,88.0,0.8492,99.0,0.835,99.0,0.7201,88.0,,,0.6972,83.0
2020-06-10,0.6633,74.0,0.5516,74.0,0.6709,81.0,,,0.6901,84.0,0.8352,98.0,0.8303,99.0,0.6844,80.0,,,0.7003,84.0
2020-06-09,0.7049,78.0,0.5018,64.0,0.6765,82.0,,,0.6993,85.0,0.8309,98.0,0.8275,99.0,0.6927,82.0,,,0.7012,85.0
2020-06-08,0.829,88.0,0.4975,63.0,0.6809,83.0,,,0.704,86.0,0.831,98.0,0.8265,99.0,0.6852,80.0,,,0.6999,84.0
2020-06-05,0.8379,88.0,0.5378,71.0,0.6482,77.0,,,0.6696,81.0,0.8305,98.0,0.8263,99.0,0.6813,79.0,,,0.7035,85.0
2020-06-04,0.8231,87.0,0.5619,76.0,0.6627,79.0,,,0.6498,77.0,0.8356,98.0,0.8255,99.0,0.6945,83.0,,,0.6905,82.0
2020-06-03,0.8407,88.0,0.5703,77.0,0.6675,81.0,,,0.6671,81.0,0.8352,98.0,0.8257,99.0,0.6886,81.0,,,0.6944,83.0
2020-06-02,0.7922,86.0,0.5587,75.0,0.7498,92.0,,,0.6481,77.0,0.8342,98.0,0.8249,99.0,0.6472,69.0,,,0.6974,83.0
2020-06-01,0.7007,78.0,0.5332,70.0,0.7102,87.0,,,0.7177,88.0,0.8309,98.0,0.8232,99.0,0.7253,89.0,,,0.7248,89.0
2020-05-29,0.6039,66.0,0.5051,65.0,0.6536,78.0,,,0.6687,81.0,0.8251,97.0,0.8221,99.0,0.6967,83.0,,,0.7231,89.0
2020-05-28,0.4222,32.0,0.5366,71.0,0.6621,79.0,,,0.7012,85.0,0.8189,95.0,0.8216,99.0,0.7112,86.0,,,0.6641,75.0
2020-05-27,0.4778,42.0,0.5308,70.0,0.6596,79.0,,,0.6725,82.0,0.8192,96.0,0.8202,98.0,0.6878,81.0,,,0.6848,81.0
2020-05-26,0.7815,85.0,0.5458,73.0,0.7186,88.0,,,0.6888,84.0,0.8198,96.0,0.8185,98.0,0.7091,86.0,,,0.6579,74.0
2020-05-22,0.7187,80.0,0.6533,88.0,0.6441,76.0,,,0.6472,77.0,0.8193,96.0,0.818,98.0,0.7079,85.0,,,0.6986,84.0
2020-05-21,0.7991,86.0,0.6963,91.0,0.6942,85.0,,,0.6396,75.0,0.8193,96.0,0.8176,98.0,0.7293,90.0,,,0.7206,88.0
2020-05-20,0.695,78.0,0.6932,91.0,0.6587,78.0,,,0.7103,87.0,0.82,96.0,0.8173,98.0,0.716,87.0,,,0.7201,88.0
2020-05-19,0.8845,90.0,0.7205,93.0,0.6895,84.0,,,0.7343,91.0,0.819,96.0,0.8169,98.0,0.7261,89.0,,,0.7602,95.0
2020-05-18,0.9011,91.0,0.7079,92.0,0.7432,92.0,,,0.7043,86.0,0.8185,95.0,0.8153,98.0,0.7163,87.0,,,0.7479,93.0
2020-05-15,0.912,92.0,0.7077,92.0,0.733,90.0,,,0.7315,90.0,0.8164,95.0,0.814,98.0,0.7094,86.0,,,0.7336,91.0
2020-05-14,0.6305,69.0,0.6583,88.0,0.7331,90.0,,,0.7171,88.0,0.8,93.0,0.811,98.0,0.7091,86.0,,,0.7186,88.0
2020-05-13,0.5762,61.0,0.5661,77.0,0.7628,93.0,,,0.8095,97.0,0.7994,92.0,0.8059,98.0,0.7224,88.0,,,0.7235,89.0
2020-05-12,0.5542,57.0,0.5076,65.0,0.7588,93.0,,,0.7561,93.0,0.7982,92.0,0.8034,98.0,0.7692,94.0,,,0.7127,87.0
2020-05-11,0.5885,63.0,0.5456,73.0,0.8399,97.0,,,0.7867,95.0,0.7996,92.0,0.8036,98.0,0.7272,89.0,,,0.7142,87.0
2020-05-08,0.6183,68.0,0.5892,80.0,0.7785,94.0,,,0.773,94.0,0.7979,92.0,0.8027,98.0,0.735,90.0,,,0.7334,91.0
2020-05-07,0.7375,82.0,0.6097,83.0,0.7668,93.0,,,0.7895,96.0,0.798,92.0,0.8028,98.0,0.7202,88.0,,,0.7291,90.0
2020-05-06,0.7122,79.0,0.6156,84.0,0.7752,94.0,,,0.8091,97.0,0.7971,92.0,0.8044,98.0,0.714,87.0,,,0.7195,88.0
2020-05-05,0.6769,76.0,0.6303,86.0,0.8179,96.0,,,0.7965,96.0,0.7962,92.0,0.8043,98.0,0.7262,89.0,,,0.6989,84.0
2020-05-04,0.6705,75.0,0.6499,88.0,0.8282,97.0,,,0.7981,96.0,0.7991,92.0,0.8034,98.0,0.7117,86.0,,,0.7307,90.0
2020-05-01,0.6567,73.0,0.6918,91.0,0.7239,89.0,,,0.7537,92.0,0.8,93.0,0.8033,98.0,0.6989,84.0,,,0.7278,90.0
2020-04-30,0.6621,74.0,0.649,88.0,0.7677,94.0,,,0.802,96.0,0.7999,93.0,0.802,98.0,0.736,91.0,,,0.699,84.0
2020-04-29,0.3709,21.0,0.6099,83.0,0.7672,93.0,,,0.7775,95.0,0.7957,92.0,0.7988,98.0,0.6582,73.0,,,0.7062,86.0
2020-04-28,0.2787,8.0,0.6099,83.0,0.7807,95.0,,,0.8068,97.0,0.7905,90.0,0.7975,98.0,0.6976,83.0,,,0.7146,87.0
2020-04-27,0.488,44.0,0.5939,81.0,0.7782,94.0,,,0.8051,97.0,0.7879,90.0,0.7959,98.0,0.7105,86.0,,,0.7339,91.0
2020-04-24,0.4943,46.0,0.6004,82.0,0.8913,99.0,,,0.8792,99.0,0.7897,90.0,0.795,98.0,0.6858,80.0,,,0.7207,88.0
2020-04-23,0.5421,54.0,0.5946,81.0,0.9107,99.0,,,0.9187,99.0,0.7908,91.0,0.7938,98.0,0.7403,91.0,,,0.7237,89.0
2020-04-22,0.498,46.0,0.7246,93.0,0.8954,99.0,,,0.9065,99.0,0.7917,91.0,0.7918,98.0,0.7365,91.0,,,0.7471,93.0
2020-04-21,0.6929,77.0,0.9062,99.0,0.9512,99.0,,,1.0118,100.0,0.7902,90.0,0.7918,98.0,0.7009,84.0,,,0.7206,88.0
2020-04-20,0.9035,91.0,0.9204,99.0,0.9396,99.0,,,0.9567,99.0,0.7902,90.0,0.7904,98.0,0.8322,99.0,,,0.6851,81.0
2020-04-17,0.9145,92.0,0.9043,99.0,0.9172,99.0,,,0.8953,99.0,0.7896,90.0,0.7892,98.0,0.7409,91.0,,,0.7256,89.0
2020-04-16,0.818,87.0,0.9342,99.0,0.9686,100.0,,,0.9155,99.0,0.7865,90.0,0.7888,98.0,0.8342,99.0,,,0.7453,93.0
2020-04-15,0.8742,90.0,0.945,99.0,0.9872,100.0,,,0.929,99.0,0.789,90.0,0.7884,98.0,0.7783,95.0,,,0.68,79.0
2020-04-14,0.9002,91.0,0.9632,100.0,0.9753,100.0,,,1.0178,100.0,0.7964,92.0,0.7886,98.0,0.6864,81.0,,,0.6896,82.0
2020-04-13,0.8709,90.0,0.8641,99.0,1.0095,100.0,,,1.0392,100.0,0.7972,92.0,0.7801,98.0,0.6732,77.0,,,0.7167,88.0
2020-04-09,0.8313,88.0,0.72,93.0,0.8828,99.0,,,0.94,99.0,0.789,90.0,0.7693,98.0,0.7116,86.0,,,0.7085,86.0
2020-04-08,0.6505,72.0,0.7017,92.0,0.9541,100.0,,,1.0338,100.0,0.779,89.0,0.7674,98.0,0.7404,91.0,,,0.762,95.0
2020-04-07,0.7605,83.0,0.8323,98.0,1.0419,100.0,,,1.0078,100.0,0.7791,89.0,0.7668,97.0,0.683,80.0,,,0.698,84.0
2020-04-06,0.8274,87.0,0.8418,98.0,0.9482,99.0,,,1.0915,100.0,0.7796,89.0,0.7638,97.0,0.6828,80.0,,,0.686,81.0
2020-04-03,0.5117,49.0,0.9001,99.0,1.0622,100.0,,,0.9892,100.0,0.7726,89.0,0.7618,97.0,0.9018,100.0,,,0.6252,63.0
2020-04-02,0.5928,64.0,0.9888,100.0,1.1142,100.0,,,1.0598,100.0,0.771,88.0,0.7587,97.0,0.8797,100.0,,,0.6968,83.0
2020-04-01,1.3727,100.0,1.0374,100.0,1.0297,100.0,,,1.0791,100.0,0.7701,88.0,0.7571,97.0,0.8242,98.0,,,0.5138,8.0
2020-03-31,1.4501,100.0,1.1504,100.0,1.3216,100.0,,,1.1209,100.0,0.77,88.0,0.7549,97.0,0.9065,100.0,,,0.5869,45.0
2020-03-30,1.4349,100.0,1.2067,100.0,1.0911,100.0,,,1.2106,100.0,0.7703,88.0,0.7534,97.0,0.7724,95.0,,,0.7084,86.0
2020-03-27,1.3114,100.0,1.5381,100.0,0.9944,100.0,,,1.1267,100.0,0.7654,88.0,0.746,97.0,0.7841,96.0,,,0.6119,57.0
2020-03-26,1.66,100.0,1.6818,100.0,1.101,100.0,,,1.0717,100.0,0.7651,87.0,0.7438,97.0,0.707,85.0,,,0.7003,84.0
2020-03-25,1.7576,100.0,1.8392,100.0,1.3896,100.0,,,1.31,100.0,0.7654,88.0,0.738,97.0,0.7119,86.0,,,0.5334,12.0
2020-03-24,1.7761,100.0,2.141,100.0,1.3456,100.0,,,1.2522,100.0,0.7645,87.0,0.7281,97.0,0.7418,91.0,,,0.6879,81.0
2020-03-23,1.7597,100.0,2.2049,100.0,1.4459,100.0,,,1.2682,100.0,0.7178,80.0,0.7241,97.0,0.8556,100.0,,,0.6549,73.0
2020-03-20,1.8993,100.0,2.265,100.0,1.4194,100.0,,,1.2201,100.0,0.7062,78.0,0.7127,97.0,0.9422,100.0,,,0.7402,92.0
2020-03-19,1.9746,100.0,2.2747,100.0,1.8556,100.0,,,1.6405,100.0,0.7088,79.0,0.7058,97.0,0.9255,100.0,,,0.7794,97.0
2020-03-18,1.9702,100.0,2.0278,100.0,3.9991,100.0,,,3.8315,100.0,0.7063,78.0,0.6592,96.0,1.0744,100.0,,,0.9982,100.0
2020-03-17,1.8784,100.0,1.9205,100.0,1.8065,100.0,,,1.3471,100.0,0.6759,71.0,0.6353,92.0,0.8207,98.0,,,0.7642,96.0
2020-03-16,1.4713,100.0,1.7439,100.0,1.463,100.0,,,1.6548,100.0,0.6457,65.0,0.6046,84.0,0.9063,100.0,,,0.6289,64.0
2020-03-13,1.1671,98.0,1.2679,100.0,1.2777,100.0,,,1.4715,100.0,0.6307,62.0,0.5325,67.0,0.8134,98.0,,,0.7055,86.0
2020-03-12,1.1659,98.0,1.0961,100.0,1.3724,100.0,,,1.307,100.0,0.6116,57.0,0.5106,61.0,0.9089,100.0,,,0.6996,84.0
2020-03-11,0.9842,95.0,0.8395,98.0,1.0296,100.0,,,1.0393,100.0,0.5769,45.0,0.48,51.0,0.6653,75.0,,,0.5765,38.0
2020-03-10,0.8375,88.0,0.7185,93.0,0.9692,100.0,,,1.0331,100.0,0.554,39.0,0.4703,46.0,0.6734,77.0,,,0.6721,78.0
2020-03-09,0.9431,94.0,0.8099,97.0,0.9446,99.0,,,1.0608,100.0,0.552,38.0,0.4668,44.0,0.6445,68.0,,,0.5922,48.0
2020-03-06,0.9408,93.0,0.8596,99.0,0.8346,97.0,,,0.822,98.0,0.5309,33.0,0.4597,41.0,0.5797,42.0,,,0.5893,46.0
2020-03-05,0.9411,94.0,0.8331,98.0,0.8064,96.0,,,0.777,95.0,0.5297,33.0,0.4573,40.0,0.5812,43.0,,,0.5888,46.0
2020-03-04,0.9308,93.0,0.8357,98.0,0.787,95.0,,,0.7922,96.0,0.5323,34.0,0.458,40.0,0.5819,43.0,,,0.5841,43.0
2020-03-03,0.9162,92.0,0.8427,98.0,0.9531,99.0,,,0.6929,84.0,0.5491,38.0,0.4613,42.0,0.5653,34.0,,,0.601,52.0
2020-03-02,0.9237,93.0,0.7857,97.0,0.9258,99.0,,,0.9146,99.0,0.5481,37.0,0.456,39.0,0.56,31.0,,,0.5837,43.0
2020-02-28,0.9034,91.0,0.8116,97.0,0.8799,98.0,,,0.9163,99.0,0.5461,37.0,0.455,38.0,0.5591,30.0,,,0.583,43.0
2020-02-27,0.8671,89.0,0.7482,95.0,0.6327,74.0,,,0.6289,73.0,0.5299,33.0,0.442,34.0,0.5604,31.0,,,0.5656,28.0
2020-02-26,0.7869,85.0,0.6057,83.0,0.6181,70.0,,,0.5714,59.0,0.5113,28.0,0.4308,30.0,0.5509,26.0,,,0.5515,20.0
2020-02-25,0.786,85.0,0.5914,81.0,0.6324,74.0,,,0.5829,63.0,0.5111,28.0,0.4308,30.0,0.5646,33.0,,,0.5513,20.0
2020-02-24,0.721,80.0,0.5691,77.0,0.6359,75.0,,,0.6056,68.0,0.5081,27.0,0.4292,30.0,0.5386,21.0,,,0.5564,23.0
2020-02-21,0.7213,80.0,0.5307,70.0,0.5327,46.0,,,0.5339,48.0,0.5078,27.0,0.4273,28.0,0.5383,21.0,,,0.5567,23.0
2020-02-20,0.7068,79.0,0.5397,72.0,0.5087,37.0,,,0.5051,37.0,0.5153,30.0,0.4303,30.0,0.553,27.0,,,0.5654,28.0
2020-02-19,0.6707,75.0,0.4746,57.0,0.495,31.0,,,0.5226,44.0,0.512,28.0,0.4252,28.0,0.5461,24.0,,,0.5662,30.0
2020-02-18,0.4554,38.0,0.3606,23.0,0.5738,57.0,,,0.5863,63.0,0.4981,24.0,0.4175,23.0,0.5302,17.0,,,0.5528,21.0
2020-02-14,0.3149,13.0,0.3234,12.0,0.55,51.0,,,0.5498,52.0,0.4973,24.0,0.4171,23.0,0.5386,21.0,,,0.551,20.0
2020-02-13,0.348,18.0,0.3307,14.0,0.5524,52.0,,,0.5785,61.0,0.4974,24.0,0.4221,26.0,0.5353,19.0,,,0.5653,28.0
2020-02-12,0.39,25.0,0.3461,18.0,0.5754,59.0,,,0.5341,48.0,0.5,25.0,0.4231,26.0,0.5463,24.0,,,0.5495,19.0
2020-02-11,0.414,30.0,0.3703,26.0,0.5398,48.0,,,0.5467,52.0,0.4997,24.0,0.4244,27.0,0.522,13.0,,,0.5599,25.0
2020-02-10,0.419,31.0,0.3561,21.0,0.5521,52.0,,,0.5757,60.0,0.4997,24.0,0.4259,28.0,0.5402,22.0,,,0.5553,22.0
2020-02-07,0.369,21.0,0.3501,19.0,0.5283,44.0,,,0.4905,31.0,0.501,25.0,0.4354,32.0,0.5462,24.0,,,0.5486,19.0
2020-02-06,0.3388,16.0,0.3345,15.0,0.5159,40.0,,,0.4979,34.0,0.4988,24.0,0.4352,32.0,0.5344,19.0,,,0.5589,24.0
2020-02-05,0.3398,17.0,0.3378,16.0,0.4849,28.0,,,0.5122,39.0,0.4984,24.0,0.4347,32.0,0.5412,22.0,,,0.5562,23.0
2020-02-04,0.3305,15.0,0.4099,39.0,0.5024,34.0,,,0.4975,34.0,0.4993,24.0,0.4372,33.0,0.5277,16.0,,,0.5553,22.0
2020-02-03,0.4392,35.0,0.4118,40.0,0.5159,40.0,,,0.4913,32.0,0.5047,26.0,0.4385,34.0,0.5333,19.0,,,0.555,22.0
2020-01-31,0.4159,30.0,0.4153,41.0,0.4866,28.0,,,0.5029,36.0,0.5034,26.0,0.4383,34.0,0.5385,21.0,,,0.5584,24.0
2020-01-30,0.4114,28.0,0.425,45.0,0.499,33.0,,,0.4818,28.0,0.508,27.0,0.4398,34.0,0.5472,25.0,,,0.5489,19.0
2020-01-29,0.4113,28.0,0.478,59.0,0.5171,40.0,,,0.4929,32.0,0.5097,28.0,0.4398,34.0,0.5316,18.0,,,0.5586,24.0
2020-01-28,0.4446,36.0,0.5168,67.0,0.5155,39.0,,,0.5117,39.0,0.5129,28.0,0.4476,36.0,0.5327,18.0,,,0.5576,24.0
2020-01-27,0.4485,37.0,0.5117,66.0,0.4995,33.0,,,0.507,37.0,0.5205,31.0,0.4534,38.0,0.5397,21.0,,,0.5587,24.0
2020-01-24,0.4341,34.0,0.4614,55.0,0.4719,24.0,,,0.4675,23.0,0.5172,30.0,0.4493,37.0,0.5219,13.0,,,0.5651,28.0
2020-01-23,0.3692,21.0,0.4533,52.0,0.4901,30.0,,,0.4384,14.0,0.5149,28.0,0.4491,37.0,0.5414,22.0,,,0.5514,20.0
2020-01-22,0.4082,28.0,0.4496,51.0,0.4858,28.0,,,0.4471,17.0,0.515,28.0,0.448,36.0,0.5325,18.0,,,0.5509,20.0
2020-01-21,0.4306,33.0,0.4415,49.0,0.4598,20.0,,,0.4454,16.0,0.5217,31.0,0.4509,37.0,0.5247,15.0,,,0.5631,27.0
2020-01-17,0.4558,38.0,0.3793,28.0,0.4024,6.0,,,0.382,3.0,0.5226,31.0,0.4474,36.0,0.5329,18.0,,,0.5571,23.0
2020-01-16,0.5303,53.0,0.3671,25.0,0.4161,8.0,,,0.4432,15.0,0.5181,30.0,0.447,36.0,0.528,16.0,,,0.5591,25.0
2020-01-15,0.5735,60.0,0.3749,27.0,0.4221,10.0,,,0.4213,10.0,0.5188,31.0,0.4473,36.0,0.5264,15.0,,,0.5686,31.0
2020-01-14,0.5453,55.0,0.4064,38.0,0.4544,18.0,,,0.4361,14.0,0.518,30.0,0.4489,37.0,0.5367,20.0,,,0.5631,27.0
2020-01-13,0.4942,46.0,0.4229,44.0,0.4543,18.0,,,0.4337,13.0,0.5251,32.0,0.4534,38.0,0.5367,20.0,,,0.5631,27.0
2020-01-10,0.4899,45.0,0.4161,41.0,0.4331,13.0,,,0.4202,10.0,0.5353,35.0,0.4564,39.0,0.5388,21.0,,,0.5664,30.0
2020-01-09,0.4454,36.0,0.4274,45.0,0.4607,20.0,,,0.4471,17.0,0.5465,37.0,0.4632,43.0,0.5248,15.0,,,0.5601,25.0
2020-01-08,0.5684,59.0,0.4506,51.0,0.4879,28.0,,,0.441,15.0,0.5447,36.0,0.463,43.0,0.5118,10.0,,,0.5664,30.0
2020-01-07,0.423,32.0,0.4064,38.0,0.4456,16.0,,,0.4749,26.0,0.5362,35.0,0.4604,42.0,0.5257,15.0,,,0.5692,32.0
2020-01-06,0.4012,27.0,0.4287,45.0,0.4568,19.0,,,0.4742,26.0,0.5369,35.0,0.4609,42.0,0.5255,15.0,,,0.5549,22.0
2020-01-03,0.5258,52.0,0.4249,44.0,0.446,16.0,,,0.4617,21.0,0.5364,35.0,0.4589,41.0,0.5211,13.0,,,0.5616,26.0
2020-01-02,0.6264,69.0,0.461,54.0,0.4381,14.0,,,0.4403,15.0,0.5356,35.0,0.4579,40.0,0.5265,15.0,,,0.5665,30.0
2019-12-31,0.7292,81.0,0.4765,59.0,0.4634,21.0,,,0.4234,10.0,0.5355,35.0,0.4575,40.0,0.536,20.0,,,0.5602,25.0
2019-12-30,0.7214,80.0,0.4686,56.0,0.4612,20.0,,,0.4525,18.0,0.5356,35.0,0.458,40.0,0.5222,14.0,,,0.567,30.0
2019-12-27,0.7385,82.0,0.4617,55.0,0.4206,10.0,,,0.4089,8.0,0.5328,34.0,0.4566,39.0,0.5267,16.0,,,0.5472,18.0
2019-12-26,0.7096,79.0,0.4589,54.0,0.419,9.0,,,0.4126,8.0,0.5381,35.0,0.4609,42.0,0.5138,11.0,,,0.5616,26.0
2019-12-24,0.719,80.0,0.4371,48.0,0.3834,3.0,,,0.4035,6.0,0.5454,37.0,0.46,42.0,0.5579,28.0,,,0.5744,37.0
2019-12-23,0.6794,76.0,0.428,45.0,0.3212,1.0,,,0.3692,2.0,0.5391,36.0,0.4578,40.0,0.4929,6.0,,,0.5639,28.0
2019-12-20,0.4434,36.0,0.3895,32.0,0.3365,1.0,,,0.3039,1.0,0.5276,33.0,0.4545,38.0,0.5275,16.0,,,0.546,17.0
2019-12-19,0.3655,20.0,0.371,26.0,0.3282,1.0,,,0.3449,1.0,0.5241,32.0,0.4547,38.0,0.5111,10.0,,,0.5759,38.0
2019-12-18,0.3664,20.0,0.3628,23.0,0.3405,1.0,,,0.3828,3.0,0.5244,32.0,0.4568,39.0,0.5353,19.0,,,0.591,47.0
2019-12-17,0.3176,13.0,0.3393,16.0,0.3921,4.0,,,0.357,1.0,0.5321,34.0,0.4588,41.0,0.5574,28.0,,,0.5813,42.0
2019-12-16,0.5743,60.0,0.3595,22.0,0.3992,5.0,,,0.3716,2.0,0.5322,34.0,0.46,42.0,0.5529,27.0,,,0.5791,40.0
2019-12-13,0.5823,62.0,0.3709,26.0,0.3596,1.0,,,0.4089,8.0,0.5397,36.0,0.4614,42.0,0.5489,25.0,,,0.5932,48.0
2019-12-12,0.4906,45.0,0.3366,15.0,0.4023,6.0,,,0.4189,9.0,0.5366,35.0,0.4604,42.0,0.5558,28.0,,,0.5864,45.0
2019-12-11,0.5446,55.0,0.3066,8.0,0.4219,10.0,,,0.4127,8.0,0.5365,35.0,0.4594,41.0,0.5741,38.0,,,0.5991,51.0
2019-12-10,0.5476,56.0,0.3075,8.0,0.377,2.0,,,0.4446,16.0,0.5373,35.0,0.4592,41.0,0.5528,27.0,,,0.5889,46.0
2019-12-09,0.5501,56.0,0.3196,11.0,0.4556,19.0,,,0.4363,14.0,0.5375,35.0,0.4621,43.0,0.5562,28.0,,,0.5947,49.0
2019-12-06,0.5664,59.0,0.3303,14.0,0.4275,12.0,,,0.4075,7.0,0.5374,35.0,0.4621,43.0,0.5614,31.0,,,0.5933,48.0
2019-12-05,0.3863,24.0,0.332,14.0,0.4592,20.0,,,0.4193,10.0,0.527,33.0,0.4614,42.0,0.5546,28.0,,,0.5938,48.0
2019-12-04,0.4,27.0,0.3151,10.0,0.4558,19.0,,,0.4447,16.0,0.5276,33.0,0.4612,42.0,0.5486,25.0,,,0.5947,49.0
2019-12-03,0.3572,19.0,0.3136,10.0,0.4535,18.0,,,0.4568,19.0,0.5277,33.0,0.4609,42.0,0.5427,23.0,,,0.6011,52.0
2019-12-02,0.4335,34.0,0.3356,15.0,0.4347,13.0,,,0.475,26.0,0.5266,33.0,0.461,42.0,0.5486,25.0,,,0.5987,51.0
2019-11-29,0.4309,33.0,0.3236,12.0,0.3983,5.0,,,0.4205,10.0,0.5269,33.0,0.4607,42.0,0.5528,27.0,,,0.596,50.0
2019-11-27,0.4088,28.0,0.3249,12.0,0.3912,4.0,,,0.3795,3.0,0.5266,33.0,0.4632,43.0,0.5555,28.0,,,0.6017,53.0
2019-11-26,0.406,28.0,0.3192,11.0,0.4118,8.0,,,0.4016,6.0,0.5254,32.0,0.4638,43.0,0.5431,23.0,,,0.6006,52.0
2019-11-25,0.328,15.0,0.2881,5.0,0.4145,8.0,,,0.409,8.0,0.5289,33.0,0.4648,43.0,0.55,26.0,,,0.5974,50.0
2019-11-22,0.368,21.0,0.2803,4.0,0.3808,3.0,,,0.3674,2.0,0.5339,34.0,0.4658,44.0,0.5554,28.0,,,0.6043,54.0
2019-11-21,0.3717,21.0,0.2798,4.0,0.4024,6.0,,,0.3769,3.0,0.5357,35.0,0.4671,44.0,0.562,32.0,,,0.6018,53.0
2019-11-20,0.294,10.0,0.2997,7.0,0.4139,8.0,,,0.4038,7.0,0.5315,34.0,0.4661,44.0,0.5509,26.0,,,0.6062,54.0
2019-11-19,0.3556,19.0,0.3351,15.0,0.3959,5.0,,,0.4001,6.0,0.5328,34.0,0.4664,44.0,0.5567,28.0,,,0.6027,53.0
2019-11-18,0.3409,17.0,0.3802,28.0,0.3771,2.0,,,0.4167,9.0,0.5328,34.0,0.4669,44.0,0.5481,25.0,,,0.6148,59.0
2019-11-15,0.5129,50.0,0.4771,59.0,0.3962,5.0,,,0.4081,7.0,0.5323,34.0,0.4675,44.0,0.5686,35.0,,,0.6158,59.0
2019-11-14,0.4929,45.0,0.4909,62.0,0.4135,8.0,,,0.4703,24.0,0.5359,35.0,0.4696,45.0,0.5506,26.0,,,0.6159,59.0
2019-11-13,0.5821,62.0,0.5017,64.0,0.4833,28.0,,,0.4397,15.0,0.5355,35.0,0.4697,45.0,0.5737,38.0,,,0.6139,57.0
2019-11-12,0.6085,66.0,0.5035,64.0,0.4444,16.0,,,0.5059,37.0,0.5355,35.0,0.4691,45.0,0.567,34.0,,,0.624,62.0
2019-11-11,0.5952,64.0,0.501,64.0,0.4827,27.0,,,0.4789,28.0,0.5338,34.0,0.4679,45.0,0.565,33.0,,,0.6149,59.0
2019-11-08,0.55,56.0,0.4861,61.0,0.4848,28.0,,,0.4821,28.0,0.5323,34.0,0.4667,44.0,0.5801,42.0,,,0.615,59.0
2019-11-07,0.5428,55.0,0.4706,57.0,0.5228,42.0,,,0.4993,35.0,0.5322,34.0,0.4645,43.0,0.5686,35.0,,,0.6158,59.0
2019-11-06,0.4632,40.0,0.3715,26.0,0.5787,60.0,,,0.6091,69.0,0.5282,33.0,0.4598,42.0,0.5523,27.0,,,0.6178,60.0
2019-11-05,0.5174,50.0,0.3666,25.0,0.6156,70.0,,,0.6057,68.0,0.5296,33.0,0.4595,41.0,0.5927,49.0,,,0.606,54.0
2019-11-04,0.4675,41.0,0.3867,31.0,0.6014,66.0,,,0.5865,64.0,0.5252,32.0,0.4587,41.0,0.5908,48.0,,,0.6017,53.0
2019-11-01,0.4444,36.0,0.3918,33.0,0.5553,53.0,,,0.5517,53.0,0.5236,32.0,0.4591,41.0,0.5792,41.0,,,0.6128,57.0
2019-10-31,0.4299,33.0,0.3656,24.0,0.5737,57.0,,,0.586,63.0,0.5251,32.0,0.4591,41.0,0.5832,44.0,,,0.6183,60.0
2019-10-30,0.4214,31.0,0.3656,24.0,0.6082,68.0,,,0.6176,71.0,0.5256,32.0,0.4603,42.0,0.5779,41.0,,,0.6243,62.0
2019-10-29,0.4668,40.0,0.3728,27.0,0.6202,71.0,,,0.5808,62.0,0.5257,32.0,0.4591,41.0,0.5865,46.0,,,0.6013,52.0
2019-10-28,0.474,42.0,0.3918,33.0,0.6472,77.0,,,0.6007,67.0,0.5258,32.0,0.4588,41.0,0.5866,46.0,,,0.5999,52.0
2019-10-25,0.4329,34.0,0.4182,42.0,0.5086,37.0,,,0.5523,53.0,0.5254,32.0,0.4598,42.0,0.583,44.0,,,0.6173,60.0
2019-10-24,0.5965,64.0,0.4566,53.0,0.5022,34.0,,,0.5329,47.0,0.5264,32.0,0.4602,42.0,0.5843,45.0,,,0.6108,57.0
2019-10-23,0.6285,69.0,0.4468,51.0,0.5218,42.0,,,0.5069,37.0,0.5239,32.0,0.4594,41.0,0.5819,43.0,,,0.5867,45.0
2019-10-22,0.6341,70.0,0.4452,50.0,0.525,43.0,,,0.5189,42.0,0.5272,33.0,0.4598,42.0,0.5823,44.0,,,0.5966,50.0
2019-10-21,0.747,82.0,0.4619,55.0,0.577,60.0,,,0.4973,34.0,0.5312,33.0,0.4607,42.0,0.5912,48.0,,,0.6097,56.0
2019-10-18,0.7153,80.0,0.4447,50.0,0.4976,32.0,,,0.4736,25.0,0.5292,33.0,0.4593,41.0,0.591,48.0,,,0.6161,59.0
2019-10-17,0.7248,81.0,0.4294,46.0,0.4779,26.0,,,0.4988,34.0,0.5286,33.0,0.4585,41.0,0.5927,49.0,,,0.6235,62.0
2019-10-16,0.7133,80.0,0.4034,37.0,0.4782,26.0,,,0.5072,37.0,0.526,32.0,0.4577,40.0,0.5811,43.0,,,0.6167,59.0
2019-10-15,0.4993,47.0,0.3259,13.0,0.5254,43.0,,,0.4776,27.0,0.5168,30.0,0.4549,38.0,0.5959,51.0,,,0.5944,49.0
2019-10-14,0.5005,47.0,0.3466,18.0,0.4789,26.0,,,0.4728,25.0,0.515,28.0,0.455,38.0,0.6104,57.0,,,0.6233,62.0
2019-10-11,0.4718,41.0,0.3618,23.0,0.525,43.0,,,0.4968,34.0,0.5143,28.0,0.4553,39.0,0.6014,53.0,,,0.609,56.0
2019-10-10,0.3341,16.0,0.3413,17.0,0.5348,46.0,,,0.5236,44.0,0.5101,28.0,0.4541,38.0,0.5983,52.0,,,0.6293,65.0
2019-10-09,0.3354,16.0,0.3713,26.0,0.5494,51.0,,,0.539,49.0,0.51,28.0,0.454,38.0,0.6152,59.0,,,0.6244,63.0
2019-10-08,0.5061,48.0,0.417,42.0,0.551,51.0,,,0.5953,66.0,0.5091,28.0,0.4535,38.0,0.5998,53.0,,,0.6337,66.0
2019-10-07,0.4803,43.0,0.4223,43.0,0.5275,44.0,,,0.5276,45.0,0.5091,28.0,0.4536,38.0,0.6076,56.0,,,0.6202,61.0
2019-10-04,0.4774,42.0,0.4159,41.0,0.5376,47.0,,,0.5425,50.0,0.5094,28.0,0.4533,38.0,0.6128,57.0,,,0.6309,65.0
2019-10-03,0.5129,50.0,0.4598,54.0,0.5982,66.0,,,0.527,45.0,0.5089,28.0,0.4521,38.0,0.6172,59.0,,,0.6116,57.0
2019-10-02,0.5179,50.0,0.4736,57.0,0.5762,59.0,,,0.5928,65.0,0.5091,28.0,0.4512,37.0,0.5966,51.0,,,0.6323,66.0
2019-10-01,0.559,57.0,0.4748,57.0,0.5947,65.0,,,0.5411,50.0,0.5084,27.0,0.4505,37.0,0.5866,46.0,,,0.6324,66.0
2019-09-30,0.5568,57.0,0.452,52.0,0.5372,47.0,,,0.5311,47.0,0.51,28.0,0.451,37.0,0.5942,50.0,,,0.6157,59.0
2019-09-27,0.5215,51.0,0.4216,43.0,0.533,46.0,,,0.526,45.0,0.5025,25.0,0.4484,37.0,0.589,47.0,,,0.6221,62.0
2019-09-26,0.502,47.0,0.4578,54.0,0.5649,56.0,,,0.495,33.0,0.5006,25.0,0.4478,36.0,0.5623,32.0,,,0.6266,63.0
2019-09-25,0.4992,47.0,0.4643,55.0,0.532,46.0,,,0.5412,50.0,0.5041,26.0,0.4502,37.0,0.5939,50.0,,,0.6054,54.0
2019-09-24,0.3367,16.0,0.4361,48.0,0.5548,53.0,,,0.5423,50.0,0.4981,24.0,0.4472,36.0,0.5794,41.0,,,0.6236,62.0
2019-09-23,0.525,51.0,0.4628,55.0,0.5553,53.0,,,0.5316,47.0,0.5022,25.0,0.4458,35.0,0.5755,39.0,,,0.6327,66.0
2019-09-20,0.5022,47.0,0.5162,67.0,0.518,40.0,,,0.52,42.0,0.5019,25.0,0.4462,35.0,0.5796,41.0,,,0.666,76.0
2019-09-19,0.5102,49.0,0.5238,68.0,0.524,43.0,,,0.5811,62.0,0.5018,25.0,0.4454,35.0,0.5973,52.0,,,0.6186,60.0
2019-09-18,0.4608,39.0,0.5325,70.0,0.5688,57.0,,,0.5705,57.0,0.5022,25.0,0.4454,35.0,0.6081,56.0,,,0.6134,57.0
2019-09-17,0.4564,38.0,0.5202,68.0,0.5726,57.0,,,0.5956,66.0,0.5015,25.0,0.4428,34.0,0.5986,52.0,,,0.6149,59.0
2019-09-16,0.4983,46.0,0.5488,73.0,0.5734,57.0,,,0.6006,67.0,0.5013,25.0,0.4438,35.0,0.6056,55.0,,,0.6153,59.0
2019-09-13,0.6092,66.0,0.5952,81.0,0.5708,57.0,,,0.5361,48.0,0.4993,24.0,0.4443,35.0,0.614,57.0,,,0.6048,54.0
2019-09-12,0.6139,67.0,0.5539,74.0,0.5822,61.0,,,0.6013,67.0,0.4942,23.0,0.441,34.0,0.6058,55.0,,,0.6093,56.0
2019-09-11,0.7021,78.0,0.5166,67.0,0.5625,55.0,,,0.5829,63.0,0.4936,23.0,0.4377,34.0,0.6066,55.0,,,0.6116,57.0
2019-09-10,0.691,77.0,0.5055,65.0,0.6067,68.0,,,0.5568,55.0,0.4934,22.0,0.4373,33.0,0.6123,57.0,,,0.6238,62.0
2019-09-09,0.6981,78.0,0.5315,70.0,0.5774,60.0,,,0.5744,60.0,0.4992,24.0,0.4361,33.0,0.61,57.0,,,0.6092,56.0
2019-09-06,0.7062,79.0,0.5265,69.0,0.5415,48.0,,,0.5141,40.0,0.499,24.0,0.4343,32.0,0.6063,55.0,,,0.6177,60.0
2019-09-05,0.7375,82.0,0.4962,63.0,0.5754,59.0,,,0.5563,55.0,0.4974,24.0,0.4322,31.0,0.6176,59.0,,,0.6068,55.0
2019-09-04,0.4089,28.0,0.4176,42.0,0.5398,48.0,,,0.6089,69.0,0.4773,16.0,0.4282,28.0,0.6136,57.0,,,0.629,64.0
2019-09-03,0.5514,56.0,0.4635,55.0,0.5903,63.0,,,0.617,71.0,0.4806,17.0,0.4283,28.0,0.6151,59.0,,,0.6278,64.0
2019-08-30,0.5424,55.0,0.4399,49.0,0.5133,39.0,,,0.5374,49.0,0.4797,17.0,0.4278,28.0,0.6168,59.0,,,0.6278,64.0
2019-08-29,0.5437,55.0,0.4331,47.0,0.5387,47.0,,,0.5331,47.0,0.4812,18.0,0.4282,28.0,0.6193,60.0,,,0.6264,63.0
2019-08-28,0.4961,46.0,0.4008,36.0,0.5692,57.0,,,0.5452,51.0,0.4765,16.0,0.4251,28.0,0.6334,65.0,,,0.6337,66.0
2019-08-27,0.4803,43.0,0.4666,56.0,0.5612,55.0,,,0.5711,59.0,0.4763,16.0,0.4248,27.0,0.6096,57.0,,,0.6255,63.0
2019-08-26,0.5755,61.0,0.4809,60.0,0.5333,46.0,,,0.5999,67.0,0.4841,19.0,0.4271,28.0,0.6209,61.0,,,0.6354,67.0
2019-08-23,0.5622,57.0,0.4871,61.0,0.5415,48.0,,,0.58,61.0,0.4839,19.0,0.4266,28.0,0.6144,57.0,,,0.6189,60.0
2019-08-22,0.4182,31.0,0.4737,57.0,0.5527,52.0,,,0.5285,46.0,0.4791,17.0,0.4248,27.0,0.6241,62.0,,,0.6176,60.0
2019-08-21,0.4734,41.0,0.6168,84.0,0.5921,64.0,,,0.5346,48.0,0.4789,17.0,0.4269,28.0,0.6083,56.0,,,0.614,57.0
2019-08-20,0.4732,41.0,0.6299,86.0,0.6105,69.0,,,0.5831,63.0,0.4834,19.0,0.4308,30.0,0.616,59.0,,,0.6182,60.0
2019-08-19,0.2973,10.0,0.6083,83.0,0.6247,72.0,,,0.5528,53.0,0.4788,17.0,0.4295,30.0,0.6103,57.0,,,0.6243,62.0
2019-08-16,0.3784,23.0,0.5829,79.0,0.5539,52.0,,,0.5968,66.0,0.4796,17.0,0.4248,27.0,0.627,63.0,,,0.6266,63.0
2019-08-15,0.4919,45.0,0.5957,81.0,0.6149,70.0,,,0.6393,75.0,0.4764,16.0,0.4244,27.0,0.6278,63.0,,,0.6387,68.0
2019-08-14,0.5032,48.0,0.592,81.0,0.6746,82.0,,,0.6207,72.0,0.4845,19.0,0.4261,28.0,0.6282,63.0,,,0.6568,73.0
2019-08-13,0.5627,59.0,0.5821,79.0,0.6344,74.0,,,0.6024,67.0,0.4849,19.0,0.4243,27.0,0.6359,66.0,,,0.6314,66.0
2019-08-12,0.5378,54.0,0.4373,48.0,0.6803,83.0,,,0.6269,73.0,0.4818,18.0,0.4143,22.0,0.6171,59.0,,,0.6196,61.0
2019-08-09,0.5548,57.0,0.553,74.0,0.6178,70.0,,,0.6044,68.0,0.4817,18.0,0.4136,21.0,0.6068,55.0,,,0.604,54.0
2019-08-08,0.7439,82.0,0.6399,87.0,0.6226,72.0,,,0.651,78.0,0.4818,18.0,0.414,21.0,0.5997,53.0,,,0.6216,61.0
2019-08-07,0.7297,81.0,0.598,82.0,0.7136,88.0,,,0.7041,86.0,0.4805,17.0,0.4107,20.0,0.6116,57.0,,,0.6175,60.0
2019-08-06,0.6453,72.0,0.5796,79.0,0.7005,86.0,,,0.7155,88.0,0.4757,16.0,0.4087,19.0,0.5941,50.0,,,0.6174,60.0
2019-08-05,0.6418,71.0,0.5697,77.0,0.7402,91.0,,,0.7102,87.0,0.4776,17.0,0.409,19.0,0.5952,51.0,,,0.6114,57.0
2019-08-02,0.6626,74.0,0.5972,81.0,0.6332,74.0,,,0.6262,73.0,0.4739,15.0,0.4081,18.0,0.5942,50.0,,,0.6082,55.0
2019-08-01,0.6737,76.0,0.5897,80.0,0.6564,78.0,,,0.643,76.0,0.4715,15.0,0.4075,18.0,0.5681,35.0,,,0.5862,45.0
2019-07-31,0.5911,64.0,0.5073,65.0,0.6261,72.0,,,0.6513,78.0,0.4681,14.0,0.3992,14.0,0.571,37.0,,,0.5693,32.0
2019-07-30,0.4608,39.0,0.4048,37.0,0.6672,80.0,,,0.6566,79.0,0.4586,12.0,0.3925,11.0,0.5678,35.0,,,0.5741,36.0
2019-07-29,0.4595,39.0,0.4543,52.0,0.6332,74.0,,,0.6822,83.0,0.4592,12.0,0.3926,11.0,0.5678,35.0,,,0.5674,31.0
2019-07-26,0.5937,64.0,0.5234,68.0,0.5697,57.0,,,0.603,68.0,0.4605,12.0,0.395,12.0,0.5501,26.0,,,0.5645,28.0
2019-07-25,0.7485,82.0,0.5802,79.0,0.5803,60.0,,,0.5873,64.0,0.4623,12.0,0.3964,13.0,0.5493,26.0,,,0.5642,28.0
2019-07-24,0.6035,66.0,0.6283,85.0,0.6069,68.0,,,0.6002,67.0,0.4532,11.0,0.3932,11.0,0.5513,26.0,,,0.5554,22.0
2019-07-23,0.6152,67.0,0.6284,85.0,0.5654,56.0,,,0.6025,68.0,0.4578,11.0,0.3947,12.0,0.542,22.0,,,0.5511,20.0
2019-07-22,0.6424,71.0,0.5928,81.0,0.588,63.0,,,0.5564,55.0,0.4577,11.0,0.3933,11.0,0.5527,27.0,,,0.5456,17.0
2019-07-19,0.7387,82.0,0.5995,82.0,0.549,51.0,,,0.5413,50.0,0.4572,11.0,0.3936,12.0,0.5409,22.0,,,0.5518,20.0
2019-07-18,0.7087,79.0,0.5716,78.0,0.5022,34.0,,,0.5184,42.0,0.4571,11.0,0.3911,11.0,0.5317,18.0,,,0.5422,16.0
2019-07-17,0.6774,76.0,0.502,64.0,0.4888,28.0,,,0.4628,21.0,0.4507,11.0,0.3865,9.0,0.5221,14.0,,,0.5383,14.0
2019-07-16,0.555,57.0,0.4359,48.0,0.4183,9.0,,,0.4514,18.0,0.4365,9.0,0.3846,9.0,0.5122,10.0,,,0.5207,9.0
2019-07-15,0.3181,13.0,0.3112,9.0,0.382,3.0,,,0.4116,8.0,0.4244,7.0,0.3775,8.0,0.5152,11.0,,,0.5219,10.0
2019-07-12,0.3051,12.0,0.3149,10.0,0.4381,14.0,,,0.381,3.0,0.4516,11.0,0.3868,9.0,0.5152,11.0,,,0.516,9.0
2019-07-11,0.4729,41.0,0.4158,41.0,0.42,10.0,,,0.4106,8.0,0.4508,11.0,0.387,10.0,0.521,13.0,,,0.5339,13.0
2019-07-10,0.6034,66.0,0.4103,39.0,0.4107,7.0,,,0.4467,16.0,0.4495,10.0,0.3861,9.0,0.5096,9.0,,,0.5201,9.0
2019-07-09,0.5883,63.0,0.4017,36.0,0.4014,6.0,,,0.4271,11.0,0.4495,10.0,0.386,9.0,0.515,11.0,,,0.5255,10.0
2019-07-08,0.582,62.0,0.3975,35.0,0.4685,23.0,,,0.389,4.0,0.4493,10.0,0.386,9.0,0.5316,18.0,,,0.5234,10.0
2019-07-05,0.5838,62.0,0.4278,45.0,0.4316,13.0,,,0.391,4.0,0.4495,10.0,0.3887,10.0,0.534,19.0,,,0.522,10.0
2019-07-03,0.5847,63.0,0.4476,51.0,0.3928,4.0,,,0.4326,13.0,0.4506,11.0,0.3894,10.0,0.5204,13.0,,,0.5266,10.0
2019-07-02,0.7293,81.0,0.4984,63.0,0.4191,9.0,,,0.3671,2.0,0.4511,11.0,0.391,11.0,0.5123,10.0,,,0.5377,14.0
2019-07-01,0.6284,69.0,0.4419,49.0,0.4124,8.0,,,0.382,3.0,0.447,10.0,0.3874,10.0,0.5153,11.0,,,0.5334,12.0
2019-06-28,0.568,59.0,0.4627,55.0,0.4062,7.0,,,0.4427,15.0,0.4391,9.0,0.3877,10.0,0.5072,9.0,,,0.5287,11.0
2019-06-27,0.5687,60.0,0.4755,57.0,0.4471,16.0,,,0.4396,14.0,0.4396,9.0,0.3892,10.0,0.5134,10.0,,,0.5291,11.0
2019-06-26,0.552,57.0,0.4797,59.0,0.4774,25.0,,,0.4501,17.0,0.443,10.0,0.3898,10.0,0.5146,11.0,,,0.5194,9.0
2019-06-25,0.5084,49.0,0.4579,54.0,0.4835,28.0,,,0.473,25.0,0.4433,10.0,0.3894,10.0,0.5057,8.0,,,0.5265,10.0
2019-06-24,0.5028,47.0,0.4663,56.0,0.4611,20.0,,,0.5318,47.0,0.4433,10.0,0.3903,11.0,0.5034,8.0,,,0.5281,11.0
2019-06-21,0.4005,27.0,0.4124,40.0,0.4373,14.0,,,0.4306,12.0,0.4351,8.0,0.3876,10.0,0.5076,9.0,,,0.5365,14.0
2019-06-20,0.3985,26.0,0.3914,33.0,0.4747,25.0,,,0.4207,10.0,0.435,8.0,0.3876,10.0,0.4997,7.0,,,0.5112,8.0
2019-06-19,0.2299,4.0,0.3672,25.0,0.4171,9.0,,,0.44,15.0,0.4361,9.0,0.3875,10.0,0.4908,6.0,,,0.5199,9.0
2019-06-18,0.2916,10.0,0.3477,18.0,0.4485,17.0,,,0.4656,22.0,0.4557,11.0,0.4013,14.0,0.5089,9.0,,,0.5171,9.0
2019-06-17,0.303,11.0,0.348,18.0,0.4678,22.0,,,0.4684,23.0,0.4603,12.0,0.4061,17.0,0.5127,10.0,,,0.5231,10.0
2019-06-14,0.289,9.0,0.3449,17.0,0.4191,9.0,,,0.4677,23.0,0.4657,13.0,0.4092,19.0,0.5099,9.0,,,0.5227,10.0
2019-06-13,0.2744,8.0,0.3472,18.0,0.4233,11.0,,,0.4477,17.0,0.4668,13.0,0.408,18.0,0.5076,9.0,,,0.5203,9.0
2019-06-12,0.284,9.0,0.3693,26.0,0.4568,19.0,,,0.473,25.0,0.4668,13.0,0.4087,19.0,0.5065,8.0,,,0.5187,9.0
2019-06-11,0.4447,36.0,0.4071,38.0,0.4149,8.0,,,0.4815,28.0,0.4694,14.0,0.4093,19.0,0.4985,7.0,,,0.5368,14.0
2019-06-10,0.5275,52.0,0.418,42.0,0.4624,21.0,,,0.4746,26.0,0.4681,14.0,0.4102,19.0,0.5081,9.0,,,0.5291,11.0
2019-06-07,0.4763,42.0,0.4476,51.0,0.4151,8.0,,,0.4719,25.0,0.4669,13.0,0.4115,20.0,0.5119,10.0,,,0.532,12.0
2019-06-06,0.4621,40.0,0.4418,49.0,0.4278,12.0,,,0.4588,20.0,0.4709,14.0,0.4126,21.0,0.5021,7.0,,,0.5382,14.0
2019-06-05,0.5323,53.0,0.4454,50.0,0.4837,28.0,,,0.4968,34.0,0.4703,14.0,0.4127,21.0,0.5154,11.0,,,0.5409,15.0
2019-06-04,0.5133,50.0,0.4087,39.0,0.4058,7.0,,,0.4537,18.0,0.4702,14.0,0.4107,20.0,0.5008,7.0,,,0.5382,14.0
2019-06-03,0.4784,42.0,0.4036,37.0,0.4692,23.0,,,0.4888,31.0,0.4709,14.0,0.4103,20.0,0.5111,10.0,,,0.5465,18.0
2019-05-31,0.5327,53.0,0.4026,37.0,0.4653,21.0,,,0.4498,17.0,0.4645,13.0,0.4102,19.0,0.5137,10.0,,,0.5327,12.0
2019-05-30,0.4028,27.0,0.3774,28.0,0.424,11.0,,,0.4452,16.0,0.4581,12.0,0.4087,19.0,0.515,11.0,,,0.5366,14.0
2019-05-29,0.3073,12.0,0.3358,15.0,0.4762,25.0,,,0.41,8.0,0.458,12.0,0.4107,20.0,0.5171,12.0,,,0.522,10.0
2019-05-28,0.3256,14.0,0.3459,18.0,0.4051,6.0,,,0.3977,5.0,0.4587,12.0,0.4121,21.0,0.5136,10.0,,,0.5235,10.0
2019-05-24,0.3272,14.0,0.3433,17.0,0.3947,4.0,,,0.4356,13.0,0.4625,12.0,0.4144,22.0,0.5066,8.0,,,0.5334,12.0
2019-05-23,0.3049,12.0,0.3238,12.0,0.4223,10.0,,,0.3858,3.0,0.4794,17.0,0.4187,24.0,0.5144,11.0,,,0.527,11.0
2019-05-22,0.2771,8.0,0.3192,11.0,0.4379,14.0,,,0.3897,4.0,0.4864,20.0,0.4202,25.0,0.533,18.0,,,0.5194,9.0
2019-05-21,0.3056,12.0,0.2745,4.0,0.4324,13.0,,,0.4228,10.0,0.4826,18.0,0.4196,24.0,0.5112,10.0,,,0.542,16.0
2019-05-20,0.3232,14.0,0.2668,3.0,0.3798,3.0,,,0.4207,10.0,0.484,19.0,0.4203,25.0,0.5126,10.0,,,0.5274,11.0
2019-05-17,0.3717,21.0,0.297,6.0,0.4535,18.0,,,0.4048,7.0,0.4842,19.0,0.4208,25.0,0.4996,7.0,,,0.5381,14.0
2019-05-16,0.4096,28.0,0.3272,13.0,0.4272,12.0,,,0.3897,4.0,0.4853,19.0,0.4215,25.0,0.5141,11.0,,,0.5342,13.0
2019-05-15,0.4497,37.0,0.3623,23.0,0.4463,16.0,,,0.4292,12.0,0.4928,22.0,0.4256,28.0,0.5305,17.0,,,0.5279,11.0
2019-05-14,0.4497,37.0,0.3639,24.0,0.4399,15.0,,,0.4175,9.0,0.4971,24.0,0.4313,30.0,0.5188,12.0,,,0.5227,10.0
2019-05-13,0.4154,30.0,0.3484,19.0,0.4849,28.0,,,0.4846,28.0,0.5033,26.0,0.432,31.0,0.5013,7.0,,,0.5364,14.0
2019-05-10,0.4607,39.0,0.3714,26.0,0.4458,16.0,,,0.4092,8.0,0.5027,25.0,0.4324,31.0,0.5067,8.0,,,0.4995,7.0
2019-05-09,0.4758,42.0,0.4163,41.0,0.4532,18.0,,,0.4643,22.0,0.5019,25.0,0.4328,31.0,0.5114,10.0,,,0.5369,14.0
2019-05-08,0.4396,35.0,0.3981,35.0,0.5775,60.0,,,0.5392,49.0,0.5032,26.0,0.4338,31.0,0.6336,65.0,,,0.5291,11.0
2019-05-07,0.4579,39.0,0.3804,28.0,0.5634,55.0,,,0.5216,43.0,0.5028,25.0,0.4328,31.0,0.5166,12.0,,,0.5487,19.0
2019-05-06,0.5252,52.0,0.3739,27.0,0.5253,43.0,,,0.5507,53.0,0.5007,25.0,0.4316,31.0,0.5188,12.0,,,0.5394,15.0
2019-05-03,0.5267,52.0,0.3783,28.0,0.5303,45.0,,,0.5357,48.0,0.5015,25.0,0.4325,31.0,0.5268,16.0,,,0.5323,12.0
2019-05-02,0.5155,50.0,0.3862,31.0,0.5319,45.0,,,0.5165,41.0,0.505,26.0,0.4328,31.0,0.5249,15.0,,,0.5396,15.0
2019-05-01,0.4592,39.0,0.3761,28.0,0.4826,27.0,,,0.5103,39.0,0.5031,26.0,0.4318,31.0,0.5149,11.0,,,0.5519,20.0
2019-04-30,0.4601,39.0,0.351,20.0,0.4689,23.0,,,0.4581,20.0,0.502,25.0,0.4308,30.0,0.518,12.0,,,0.5361,13.0
2019-04-29,0.4574,39.0,0.3588,22.0,0.4728,24.0,,,0.5454,51.0,0.5028,25.0,0.4319,31.0,0.5099,9.0,,,0.5336,12.0
2019-04-26,0.3712,21.0,0.3537,20.0,0.3826,3.0,,,0.4237,11.0,0.4996,24.0,0.4333,31.0,0.5116,10.0,,,0.5353,13.0
2019-04-25,0.2798,8.0,0.3273,13.0,0.3841,3.0,,,0.4159,9.0,0.5027,25.0,0.437,33.0,0.5162,11.0,,,0.5327,12.0
2019-04-24,0.2775,8.0,0.3328,14.0,0.4472,17.0,,,0.4494,17.0,0.5036,26.0,0.4373,33.0,0.5245,15.0,,,0.5222,10.0
2019-04-23,0.2627,7.0,0.3218,12.0,0.4191,9.0,,,0.3921,5.0,0.5035,26.0,0.4393,34.0,0.5262,15.0,,,0.5343,13.0
2019-04-22,0.2572,6.0,0.3096,9.0,0.4004,6.0,,,0.4195,10.0,0.5034,26.0,0.4391,34.0,0.5204,13.0,,,0.5244,10.0
2019-04-18,0.239,5.0,0.2847,5.0,0.3749,2.0,,,0.3933,5.0,0.5018,25.0,0.4395,34.0,0.5066,8.0,,,0.5341,13.0
2019-04-17,0.2524,6.0,0.2719,3.0,0.3914,4.0,,,0.3909,4.0,0.5018,25.0,0.4406,34.0,0.5231,14.0,,,0.5212,10.0
2019-04-16,0.2942,10.0,0.2574,2.0,0.4342,13.0,,,0.3914,4.0,0.5018,25.0,0.4405,34.0,0.5235,14.0,,,0.5333,12.0
2019-04-15,0.2437,5.0,0.2414,1.0,0.3636,1.0,,,0.4236,10.0,0.4995,24.0,0.4419,34.0,0.5155,11.0,,,0.5348,13.0
2019-04-12,0.3373,16.0,0.302,7.0,0.4225,10.0,,,0.3696,2.0,0.5005,25.0,0.4422,34.0,0.523,14.0,,,0.5274,11.0
2019-04-11,0.3395,17.0,0.3028,8.0,0.4055,6.0,,,0.3898,4.0,0.5007,25.0,0.4443,35.0,0.5191,12.0,,,0.534,13.0
2019-04-10,0.2804,8.0,0.2952,6.0,0.401,6.0,,,0.4067,7.0,0.513,28.0,0.4513,37.0,0.5229,14.0,,,0.5223,10.0
2019-04-09,0.3694,21.0,0.35,19.0,0.4167,9.0,,,0.4018,6.0,0.5123,28.0,0.4521,38.0,0.511,10.0,,,0.5342,13.0
2019-04-08,0.3656,20.0,0.3639,24.0,0.4186,9.0,,,0.4321,13.0,0.5128,28.0,0.4529,38.0,0.5277,16.0,,,0.53,11.0
2019-04-05,0.4138,30.0,0.3714,26.0,0.3883,4.0,,,0.4003,6.0,0.5133,28.0,0.4556,39.0,0.522,13.0,,,0.531,12.0
2019-04-04,0.4338,34.0,0.3967,35.0,0.3759,2.0,,,0.4289,12.0,0.5129,28.0,0.4562,39.0,0.5272,16.0,,,0.5415,16.0
2019-04-03,0.3152,13.0,0.3392,16.0,0.4124,8.0,,,0.3989,6.0,0.511,28.0,0.4543,38.0,0.5233,14.0,,,0.5271,11.0
2019-04-02,0.4404,35.0,0.3618,23.0,0.445,16.0,,,0.4221,10.0,0.5119,28.0,0.4554,39.0,0.522,13.0,,,0.5275,11.0
2019-04-01,0.4374,35.0,0.3597,22.0,0.4354,13.0,,,0.3988,6.0,0.5132,28.0,0.4561,39.0,0.5138,11.0,,,0.5373,14.0
2019-03-29,0.4043,27.0,0.3379,16.0,0.4292,12.0,,,0.4161,9.0,0.5098,28.0,0.4541,38.0,0.5252,15.0,,,0.5275,11.0
2019-03-28,0.4331,34.0,0.3801,28.0,0.4411,15.0,,,0.4416,15.0,0.5114,28.0,0.4546,38.0,0.5181,12.0,,,0.531,12.0
2019-03-27,0.3519,18.0,0.3729,27.0,0.4379,14.0,,,0.4499,17.0,0.5079,27.0,0.4551,39.0,0.5207,13.0,,,0.5308,11.0
2019-03-26,0.2741,8.0,0.3653,24.0,0.4199,10.0,,,0.4274,12.0,0.5068,27.0,0.455,38.0,0.5128,10.0,,,0.5378,14.0
2019-03-25,0.2614,7.0,0.3836,30.0,0.4756,25.0,,,0.4714,24.0,0.507,27.0,0.4552,39.0,0.5132,10.0,,,0.5344,13.0
2019-03-22,0.3886,25.0,0.3708,26.0,0.4429,15.0,,,0.4295,12.0,0.5052,26.0,0.4558,39.0,0.5133,10.0,,,0.5304,11.0
2019-03-21,0.3949,26.0,0.3726,27.0,0.4081,7.0,,,0.4251,11.0,0.5052,26.0,0.4571,40.0,0.5157,11.0,,,0.535,13.0
2019-03-20,0.4457,36.0,0.3496,19.0,0.4169,9.0,,,0.437,14.0,0.5066,27.0,0.4583,40.0,0.5096,9.0,,,0.5311,12.0
2019-03-19,0.4627,40.0,0.3245,12.0,0.4018,6.0,,,0.4546,19.0,0.5076,27.0,0.4567,39.0,0.5047,8.0,,,0.5332,12.0
2019-03-18,0.5266,52.0,0.334,14.0,0.4373,14.0,,,0.4296,12.0,0.5071,27.0,0.4567,39.0,0.5049,8.0,,,0.5344,13.0
2019-03-15,0.5346,53.0,0.339,16.0,0.4168,9.0,,,0.4239,11.0,0.5097,28.0,0.4575,40.0,0.5041,8.0,,,0.5407,15.0
2019-03-14,0.5654,59.0,0.3418,17.0,0.4411,15.0,,,0.4123,8.0,0.5099,28.0,0.4569,39.0,0.5329,18.0,,,0.5324,12.0
2019-03-13,0.4235,32.0,0.3396,16.0,0.4124,8.0,,,0.4296,12.0,0.5049,26.0,0.4582,40.0,0.5222,14.0,,,0.5354,13.0
2019-03-12,0.4241,32.0,0.3648,24.0,0.4384,14.0,,,0.437,14.0,0.5116,28.0,0.4645,43.0,0.5183,12.0,,,0.5409,15.0
2019-03-11,0.5581,57.0,0.41,39.0,0.4623,21.0,,,0.4459,16.0,0.5096,28.0,0.4663,44.0,0.5275,16.0,,,0.5326,12.0
2019-03-08,0.5418,54.0,0.3869,32.0,0.4232,11.0,,,0.4483,17.0,0.5096,28.0,0.4658,44.0,0.5197,13.0,,,0.5462,17.0
2019-03-07,0.4797,43.0,0.4025,37.0,0.4178,9.0,,,0.4137,9.0,0.507,27.0,0.4689,45.0,0.5142,11.0,,,0.5456,17.0
2019-03-06,0.4411,35.0,0.4241,44.0,0.488,28.0,,,0.4199,10.0,0.5056,27.0,0.4682,45.0,0.5337,19.0,,,0.5321,12.0
2019-03-05,0.5719,60.0,0.4765,59.0,0.4266,11.0,,,0.4497,17.0,0.5045,26.0,0.4676,45.0,0.5174,12.0,,,0.5475,18.0
2019-03-04,0.5684,59.0,0.477,59.0,0.4124,8.0,,,0.4838,28.0,0.5089,28.0,0.469,45.0,0.5222,14.0,,,0.549,19.0
2019-03-01,0.5672,59.0,0.4664,56.0,0.4102,7.0,,,0.3868,4.0,0.5093,28.0,0.468,45.0,0.5242,14.0,,,0.5375,14.0
2019-02-28,0.4315,34.0,0.4369,48.0,0.4239,11.0,,,0.4014,6.0,0.5048,26.0,0.4665,44.0,0.5224,14.0,,,0.5385,15.0
2019-02-27,0.5642,59.0,0.4803,60.0,0.4174,9.0,,,0.4597,20.0,0.5048,26.0,0.4667,44.0,0.5286,17.0,,,0.5446,17.0
2019-02-26,0.4469,36.0,0.4657,56.0,0.4086,7.0,,,0.4404,15.0,0.5048,26.0,0.4704,46.0,0.516,11.0,,,0.5524,21.0
2019-02-25,0.4452,36.0,0.4381,48.0,0.3832,3.0,,,0.4268,11.0,0.5113,28.0,0.4717,47.0,0.5088,9.0,,,0.5417,16.0
2019-02-22,0.4158,30.0,0.3735,27.0,0.5605,54.0,,,0.5317,47.0,0.5116,28.0,0.4705,46.0,0.5307,17.0,,,0.5312,12.0
2019-02-21,0.4396,35.0,0.3721,27.0,0.4932,31.0,,,0.5923,65.0,0.5186,30.0,0.4719,47.0,0.5269,16.0,,,0.5514,20.0
2019-02-20,0.4149,30.0,0.3613,23.0,0.5433,49.0,,,0.5457,51.0,0.518,30.0,0.4712,46.0,0.5277,16.0,,,0.5442,17.0
2019-02-19,0.42,31.0,0.3503,19.0,0.5171,40.0,,,0.5547,54.0,0.5182,30.0,0.4705,46.0,0.5282,16.0,,,0.5414,16.0
2019-02-15,0.3424,17.0,0.313,10.0,0.4849,28.0,,,0.4809,28.0,0.5121,28.0,0.469,45.0,0.5432,23.0,,,0.5529,21.0
2019-02-14,0.3222,14.0,0.3162,10.0,0.5412,48.0,,,0.5143,40.0,0.5134,28.0,0.4698,46.0,0.5374,20.0,,,0.5467,18.0
2019-02-13,0.293,10.0,0.3038,8.0,0.451,17.0,,,0.4724,25.0,0.513,28.0,0.4745,48.0,0.5377,20.0,,,0.5489,19.0
2019-02-12,0.3011,11.0,0.3122,9.0,0.3949,4.0,,,0.5495,52.0,0.529,33.0,0.4781,50.0,0.5398,21.0,,,0.5499,20.0
2019-02-11,0.3177,13.0,0.3188,11.0,0.412,8.0,,,0.5021,36.0,0.5298,33.0,0.4785,50.0,0.5407,22.0,,,0.5478,18.0
2019-02-08,0.3477,18.0,0.3184,11.0,0.4759,25.0,,,0.4277,12.0,0.5804,46.0,0.4976,57.0,0.5391,21.0,,,0.5562,23.0
2019-02-07,0.3542,19.0,0.3759,28.0,0.4778,26.0,,,0.4164,9.0,0.5789,45.0,0.4974,57.0,0.5383,21.0,,,0.5539,22.0
2019-02-06,0.326,14.0,0.3802,28.0,0.4359,14.0,,,0.4339,13.0,0.5783,45.0,0.497,57.0,0.5393,21.0,,,0.5449,17.0
2019-02-05,0.2879,9.0,0.381,28.0,0.4545,18.0,,,0.4776,27.0,0.5781,45.0,0.497,57.0,0.5352,19.0,,,0.5602,25.0
2019-02-04,0.3711,21.0,0.408,38.0,0.457,19.0,,,0.4689,24.0,0.5795,46.0,0.4982,57.0,0.5364,20.0,,,0.5615,26.0
2019-02-01,0.363,20.0,0.4179,42.0,0.441,15.0,,,0.4523,18.0,0.5794,46.0,0.4978,57.0,0.5381,21.0,,,0.5652,28.0
2019-01-31,0.2717,8.0,0.423,44.0,0.4776,26.0,,,0.4994,35.0,0.5788,45.0,0.4973,57.0,0.5427,23.0,,,0.5564,23.0
2019-01-30,0.3038,11.0,0.4295,46.0,0.4892,30.0,,,0.4348,13.0,0.578,45.0,0.4972,57.0,0.5611,31.0,,,0.5646,28.0
2019-01-29,0.3796,23.0,0.3953,34.0,0.506,36.0,,,0.5203,43.0,0.5767,45.0,0.4946,56.0,0.5423,22.0,,,0.5675,31.0
2019-01-28,0.3575,19.0,0.4155,41.0,0.4763,25.0,,,0.4984,34.0,0.5752,44.0,0.4943,56.0,0.5345,19.0,,,0.5568,23.0
2019-01-25,0.4107,28.0,0.4238,44.0,0.4448,16.0,,,0.4605,21.0,0.5752,44.0,0.4937,56.0,0.5323,18.0,,,0.558,24.0
2019-01-24,0.6514,73.0,0.5341,70.0,0.4577,19.0,,,0.4451,16.0,0.5699,42.0,0.4927,56.0,0.5171,12.0,,,0.5641,28.0
2019-01-23,0.6192,68.0,0.5139,66.0,0.469,23.0,,,0.4575,20.0,0.5706,42.0,0.4915,55.0,0.5378,20.0,,,0.5542,22.0
2019-01-22,0.6022,65.0,0.5059,65.0,0.5741,59.0,,,0.4857,30.0,0.5716,43.0,0.4907,55.0,0.5497,26.0,,,0.5527,21.0
2019-01-18,0.5767,61.0,0.5063,65.0,0.5056,36.0,,,0.475,26.0,0.5725,43.0,0.4902,55.0,0.5413,22.0,,,0.5593,25.0
2019-01-17,0.6246,68.0,0.4951,62.0,0.451,17.0,,,0.466,22.0,0.5737,43.0,0.4908,55.0,0.5773,40.0,,,0.5629,27.0
2019-01-16,0.6452,72.0,0.4962,63.0,0.4508,17.0,,,0.5117,39.0,0.5739,44.0,0.4902,55.0,0.5452,24.0,,,0.578,39.0
2019-01-15,0.6452,72.0,0.5087,65.0,0.4933,31.0,,,0.5155,40.0,0.5738,43.0,0.4895,54.0,0.5517,27.0,,,0.5583,24.0
2019-01-14,0.2503,6.0,0.396,35.0,0.4786,26.0,,,0.4928,32.0,0.5543,39.0,0.4829,51.0,0.5554,28.0,,,0.5616,26.0
2019-01-11,0.4068,28.0,0.4234,44.0,0.4638,21.0,,,0.5025,36.0,0.5691,42.0,0.4864,53.0,0.5627,32.0,,,0.5655,28.0
2019-01-10,0.4165,30.0,0.4358,48.0,0.5198,41.0,,,0.4387,14.0,0.571,43.0,0.4868,53.0,0.5551,28.0,,,0.5656,28.0
2019-01-09,0.3768,23.0,0.4536,52.0,0.476,25.0,,,0.5255,44.0,0.5703,42.0,0.4865,53.0,0.5415,22.0,,,0.5713,34.0
2019-01-08,0.4749,42.0,0.4584,54.0,0.5226,42.0,,,0.5454,51.0,0.5699,42.0,0.4864,53.0,0.56,31.0,,,0.5795,40.0
2019-01-07,0.4796,43.0,0.44,49.0,0.5053,36.0,,,0.5326,47.0,0.574,44.0,0.4863,53.0,0.5597,30.0,,,0.5634,27.0
2019-01-04,0.4383,35.0,0.4615,55.0,0.5341,46.0,,,0.5542,54.0,0.5738,43.0,0.4854,53.0,0.5522,27.0,,,0.5778,39.0
2019-01-03,0.423,32.0,0.4494,51.0,0.5658,56.0,,,0.5858,63.0,0.5736,43.0,0.4844,52.0,0.5413,22.0,,,0.5908,47.0
2019-01-02,0.3939,25.0,0.4442,50.0,0.5545,52.0,,,0.5431,51.0,0.5711,43.0,0.4833,52.0,0.558,30.0,,,0.5838,43.0
2018-12-31,0.5343,53.0,0.4606,54.0,0.5722,57.0,,,0.576,60.0,0.5701,42.0,0.4823,51.0,0.5471,24.0,,,0.5944,49.0
2018-12-28,0.8495,89.0,0.6287,85.0,0.5783,60.0,,,0.5048,37.0,0.574,44.0,0.4829,51.0,0.5817,43.0,,,0.5848,44.0
2018-12-27,0.8391,88.0,0.6779,90.0,0.5091,37.0,,,0.628,73.0,0.5718,43.0,0.4825,51.0,0.5738,38.0,,,0.6026,53.0
2018-12-26,0.8797,90.0,0.699,91.0,0.5533,52.0,,,0.6173,71.0,0.5732,43.0,0.4818,51.0,0.5702,36.0,,,0.5984,51.0
2018-12-24,0.9178,92.0,0.6841,90.0,0.496,32.0,,,0.6664,81.0,0.5725,43.0,0.4789,50.0,0.568,35.0,,,0.5887,46.0
2018-12-21,0.9052,92.0,0.6837,90.0,0.5532,52.0,,,0.581,62.0,0.5699,42.0,0.4782,50.0,0.5763,40.0,,,0.592,48.0
2018-12-20,0.9194,92.0,0.6785,90.0,0.5475,50.0,,,0.5378,49.0,0.5702,42.0,0.4777,50.0,0.5681,35.0,,,0.5814,42.0
2018-12-19,0.8261,87.0,0.6745,90.0,0.536,47.0,,,0.4594,20.0,0.5613,40.0,0.4765,49.0,0.6078,56.0,,,0.5759,38.0
2018-12-18,0.4997,47.0,0.5181,67.0,0.5228,42.0,,,0.5538,54.0,0.5491,38.0,0.465,44.0,0.5654,34.0,,,0.5796,41.0
2018-12-17,0.4975,46.0,0.4644,56.0,0.4994,33.0,,,0.4633,21.0,0.5447,36.0,0.4603,42.0,0.5712,37.0,,,0.5925,48.0
2018-12-14,0.4115,28.0,0.4123,40.0,0.527,44.0,,,0.4809,28.0,0.5381,35.0,0.457,40.0,0.5627,32.0,,,0.5711,34.0
2018-12-13,0.3515,18.0,0.3989,36.0,0.5176,40.0,,,0.5713,59.0,0.5373,35.0,0.4563,39.0,0.5666,34.0,,,0.5764,38.0
2018-12-12,0.338,16.0,0.4004,36.0,0.5572,53.0,,,0.5489,52.0,0.5373,35.0,0.4553,39.0,0.5585,30.0,,,0.5875,45.0
2018-12-11,0.335,16.0,0.4217,43.0,0.5449,49.0,,,0.5677,57.0,0.5415,36.0,0.4573,40.0,0.5646,33.0,,,0.5651,28.0
2018-12-10,0.3538,19.0,0.3916,33.0,0.6208,71.0,,,0.5744,60.0,0.5431,36.0,0.4555,39.0,0.5503,26.0,,,0.5865,45.0
2018-12-07,0.3903,25.0,0.4334,47.0,0.6051,67.0,,,0.5778,61.0,0.5436,36.0,0.4548,38.0,0.5727,38.0,,,0.5872,45.0
2018-12-06,0.327,14.0,0.4335,47.0,0.576,59.0,,,0.6466,77.0,0.5395,36.0,0.4534,38.0,0.5661,34.0,,,0.5784,40.0
2018-12-04,0.4364,34.0,0.4733,57.0,0.5898,63.0,,,0.6116,70.0,0.5426,36.0,0.4538,38.0,0.5683,35.0,,,0.5719,34.0
2018-12-03,0.6551,73.0,0.5338,70.0,0.5437,49.0,,,0.6061,68.0,0.5432,36.0,0.453,38.0,0.5659,34.0,,,0.5765,38.0
2018-11-30,0.7757,85.0,0.5552,74.0,0.5438,49.0,,,0.5974,66.0,0.5435,36.0,0.4521,38.0,0.5481,25.0,,,0.5861,44.0
2018-11-29,0.7761,85.0,0.5483,73.0,0.5972,65.0,,,0.5596,55.0,0.5441,36.0,0.45,37.0,0.5642,33.0,,,0.5942,49.0
2018-11-28,0.7815,85.0,0.5594,75.0,0.5862,62.0,,,0.5885,64.0,0.5444,36.0,0.4498,37.0,0.5624,32.0,,,0.5806,41.0
2018-11-27,0.7382,82.0,0.512,66.0,0.5897,63.0,,,0.5308,47.0,0.5418,36.0,0.4463,35.0,0.5835,44.0,,,0.5706,33.0
2018-11-26,0.7764,85.0,0.508,65.0,0.6111,69.0,,,0.5221,43.0,0.5416,36.0,0.4453,35.0,0.5805,42.0,,,0.6137,57.0
2018-11-23,0.8421,88.0,0.5333,70.0,0.5445,49.0,,,0.5521,53.0,0.5381,35.0,0.4427,34.0,0.5891,48.0,,,0.5771,39.0
2018-11-21,0.6546,73.0,0.5424,72.0,0.5084,37.0,,,0.503,36.0,0.5241,32.0,0.4376,33.0,0.5647,33.0,,,0.5723,35.0
2018-11-20,0.6849,77.0,0.5284,69.0,0.5631,55.0,,,0.4721,25.0,0.5171,30.0,0.4357,33.0,0.5766,40.0,,,0.5758,38.0
2018-11-19,0.6969,78.0,0.5176,67.0,0.5294,45.0,,,0.5639,57.0,0.5178,30.0,0.4347,32.0,0.561,31.0,,,0.5774,39.0
2018-11-16,0.6873,77.0,0.51,66.0,0.4516,18.0,,,0.4769,27.0,0.517,30.0,0.4339,32.0,0.5587,30.0,,,0.5743,36.0
2018-11-15,0.7009,78.0,0.5336,70.0,0.5136,39.0,,,0.4841,28.0,0.5164,30.0,0.4337,31.0,0.5676,35.0,,,0.5822,42.0
2018-11-14,0.6639,74.0,0.5269,69.0,0.5261,43.0,,,0.4663,23.0,0.515,28.0,0.4325,31.0,0.5672,35.0,,,0.5751,37.0
2018-11-13,0.3503,18.0,0.472,57.0,0.4695,23.0,,,0.5198,42.0,0.5075,27.0,0.4287,30.0,0.5706,36.0,,,0.5849,44.0
2018-11-12,0.4298,33.0,0.388,32.0,0.4955,32.0,,,0.4611,21.0,0.5041,26.0,0.423,26.0,0.5297,17.0,,,0.5655,28.0
2018-11-09,0.4661,40.0,0.367,25.0,0.4246,11.0,,,0.4852,30.0,0.4975,24.0,0.4213,25.0,0.5855,46.0,,,0.5693,32.0
2018-11-08,0.4648,40.0,0.3598,22.0,0.4055,6.0,,,0.4722,25.0,0.4975,24.0,0.4215,25.0,0.5746,39.0,,,0.5633,27.0
2018-11-07,0.4793,43.0,0.3773,28.0,0.5184,41.0,,,0.4754,26.0,0.4976,24.0,0.4214,25.0,0.5724,37.0,,,0.5471,18.0
2018-11-06,0.4434,36.0,0.3593,22.0,0.672,81.0,,,0.6627,80.0,0.4954,23.0,0.4205,25.0,0.5687,36.0,,,0.5721,35.0
2018-11-05,0.3941,25.0,0.3902,32.0,0.6484,77.0,,,0.6719,82.0,0.4939,23.0,0.4206,25.0,0.5486,25.0,,,0.5815,42.0
2018-11-02,0.5656,59.0,0.4722,57.0,0.6014,66.0,,,0.6746,82.0,0.5005,25.0,0.4257,28.0,0.5623,32.0,,,0.5763,38.0
2018-11-01,0.5461,55.0,0.4667,56.0,0.6903,84.0,,,0.6268,73.0,0.4995,24.0,0.4246,27.0,0.5654,34.0,,,0.5727,35.0
2018-10-31,0.4072,28.0,0.4983,63.0,0.6857,84.0,,,0.6972,85.0,0.4955,23.0,0.4249,27.0,0.5562,28.0,,,0.5825,42.0
2018-10-30,0.4072,28.0,0.5048,65.0,0.6607,79.0,,,0.7266,90.0,0.4944,23.0,0.4244,27.0,0.5616,31.0,,,0.5812,42.0
2018-10-29,0.3561,19.0,0.5073,65.0,0.6955,85.0,,,0.7018,86.0,0.4938,23.0,0.4232,26.0,0.5736,38.0,,,0.5705,33.0
2018-10-26,0.375,22.0,0.5129,66.0,0.6404,75.0,,,0.6261,73.0,0.4932,22.0,0.4221,26.0,0.575,39.0,,,0.5698,32.0
2018-10-25,0.3664,20.0,0.4874,61.0,0.6145,70.0,,,0.5798,61.0,0.4951,23.0,0.4213,25.0,0.5702,36.0,,,0.5628,27.0
2018-10-24,0.1236,1.0,0.4269,45.0,0.5465,50.0,,,0.5469,52.0,0.4873,20.0,0.4161,23.0,0.58,42.0,,,0.5625,27.0
2018-10-23,0.1603,1.0,0.4319,46.0,0.559,54.0,,,0.5571,55.0,0.4903,21.0,0.4155,22.0,0.5702,36.0,,,0.5625,27.0
2018-10-22,0.1716,1.0,0.4264,45.0,0.5393,48.0,,,0.5066,37.0,0.4904,21.0,0.4132,21.0,0.5574,28.0,,,0.5689,32.0
2018-10-19,0.5257,52.0,0.5355,71.0,0.4586,19.0,,,0.5027,36.0,0.4908,21.0,0.4122,21.0,0.5545,28.0,,,0.5615,26.0
2018-10-18,0.5173,50.0,0.5298,70.0,0.4755,25.0,,,0.471,24.0,0.4911,21.0,0.4119,21.0,0.5585,30.0,,,0.5678,31.0
2018-10-17,0.5498,56.0,0.5192,68.0,0.4854,28.0,,,0.4888,31.0,0.4915,21.0,0.4105,20.0,0.5569,28.0,,,0.5693,32.0
2018-10-16,0.541,54.0,0.5527,74.0,0.4514,18.0,,,0.4791,28.0,0.4954,23.0,0.4106,20.0,0.5577,28.0,,,0.5673,31.0
2018-10-15,0.5475,56.0,0.5349,71.0,0.5305,45.0,,,0.5181,41.0,0.4957,23.0,0.4088,19.0,0.5573,28.0,,,0.5685,31.0
2018-10-12,0.545,55.0,0.5324,70.0,0.5351,46.0,,,0.4976,34.0,0.4946,23.0,0.4083,18.0,0.5686,35.0,,,0.5673,31.0
2018-10-11,0.4691,41.0,0.4616,55.0,0.4602,20.0,,,0.5653,57.0,0.4897,21.0,0.4021,15.0,0.5657,34.0,,,0.5849,44.0
2018-10-10,0.2902,10.0,0.4053,38.0,0.5016,34.0,,,0.5256,44.0,0.4813,18.0,0.3983,13.0,0.5734,38.0,,,0.5706,33.0
2018-10-09,0.2913,10.0,0.3928,33.0,0.5125,38.0,,,0.5336,48.0,0.4814,18.0,0.3978,13.0,0.5568,28.0,,,0.5684,31.0
2018-10-08,0.3101,12.0,0.3998,36.0,0.5039,35.0,,,0.5283,46.0,0.4819,18.0,0.3975,13.0,0.5649,33.0,,,0.5646,28.0
2018-10-05,0.3059,12.0,0.361,23.0,0.4501,17.0,,,0.481,28.0,0.4812,18.0,0.3949,12.0,0.5695,36.0,,,0.566,30.0
2018-10-04,0.3339,16.0,0.3712,26.0,0.478,26.0,,,0.4892,31.0,0.485,19.0,0.3964,13.0,0.5524,27.0,,,0.5562,23.0
2018-10-03,0.342,17.0,0.3597,22.0,0.5451,49.0,,,0.4637,22.0,0.4855,19.0,0.3959,12.0,0.5785,41.0,,,0.5638,28.0
2018-10-02,0.3334,15.0,0.3692,25.0,0.5255,43.0,,,0.4749,26.0,0.4854,19.0,0.3959,12.0,0.5612,31.0,,,0.5642,28.0
2018-10-01,0.29,10.0,0.3818,30.0,0.5018,34.0,,,0.4721,25.0,0.484,19.0,0.3953,12.0,0.5657,34.0,,,0.5631,27.0
2018-09-28,0.324,14.0,0.4261,45.0,0.455,18.0,,,0.5204,43.0,0.4841,19.0,0.3951,12.0,0.5601,31.0,,,0.5661,30.0
2018-09-27,0.3192,13.0,0.4225,44.0,0.4789,26.0,,,0.5121,39.0,0.4821,18.0,0.3943,12.0,0.5591,30.0,,,0.5718,34.0
2018-09-26,0.3233,14.0,0.4066,38.0,0.5031,35.0,,,0.4504,17.0,0.4823,18.0,0.3936,12.0,0.5853,45.0,,,0.5539,22.0
2018-09-25,0.3799,23.0,0.4172,42.0,0.5169,40.0,,,0.4758,26.0,0.4823,18.0,0.3929,11.0,0.5706,36.0,,,0.5576,24.0
2018-09-24,0.3917,25.0,0.418,42.0,0.562,55.0,,,0.5099,38.0,0.4823,18.0,0.3929,11.0,0.5661,34.0,,,0.5715,34.0
2018-09-21,0.3822,24.0,0.4197,43.0,0.5066,36.0,,,0.4657,22.0,0.4829,18.0,0.3917,11.0,0.5781,41.0,,,0.5679,31.0
2018-09-20,0.5105,49.0,0.5106,66.0,0.4335,13.0,,,0.5169,41.0,0.483,18.0,0.3908,11.0,0.5687,36.0,,,0.5717,34.0
2018-09-19,0.4675,41.0,0.5038,65.0,0.4826,27.0,,,0.527,45.0,0.4827,18.0,0.3894,10.0,0.5799,42.0,,,0.5655,28.0
2018-09-18,0.4981,46.0,0.5027,64.0,0.5467,50.0,,,0.5304,46.0,0.483,18.0,0.3887,10.0,0.5735,38.0,,,0.5816,42.0
2018-09-17,0.5086,49.0,0.5574,75.0,0.4994,33.0,,,0.5102,39.0,0.483,18.0,0.3899,10.0,0.5474,25.0,,,0.5596,25.0
2018-09-14,0.4632,40.0,0.5383,71.0,0.5146,39.0,,,0.4751,26.0,0.4879,20.0,0.3911,11.0,0.5673,35.0,,,0.5536,21.0
2018-09-13,0.4505,37.0,0.5404,72.0,0.4919,30.0,,,0.5519,53.0,0.4901,21.0,0.392,11.0,0.5436,23.0,,,0.5566,23.0
2018-09-12,0.5436,55.0,0.5423,72.0,0.5541,52.0,,,0.5267,45.0,0.4899,21.0,0.3902,11.0,0.555,28.0,,,0.5586,24.0
2018-09-11,0.3813,24.0,0.4359,48.0,0.4787,26.0,,,0.5047,37.0,0.4822,18.0,0.3835,9.0,0.5607,31.0,,,0.5565,23.0
2018-09-10,0.4295,33.0,0.4149,41.0,0.486,28.0,,,0.4982,34.0,0.4826,18.0,0.3812,8.0,0.5464,24.0,,,0.5524,21.0
2018-09-07,0.4277,33.0,0.406,38.0,0.4711,24.0,,,0.498,34.0,0.482,18.0,0.3806,8.0,0.5559,28.0,,,0.5585,24.0
2018-09-06,0.4093,28.0,0.4326,47.0,0.5053,36.0,,,0.4918,32.0,0.4812,18.0,0.3764,8.0,0.5488,25.0,,,0.5574,23.0
2018-09-05,0.5991,65.0,0.4882,61.0,0.5588,54.0,,,0.5074,38.0,0.4823,18.0,0.3773,8.0,0.5517,27.0,,,0.5512,20.0
2018-09-04,0.6938,78.0,0.5247,69.0,0.541,48.0,,,0.5621,56.0,0.4827,18.0,0.3776,8.0,0.5592,30.0,,,0.551,20.0
2018-08-31,0.7301,81.0,0.5239,68.0,0.5124,38.0,,,0.4444,16.0,0.4784,17.0,0.3757,7.0,0.5523,27.0,,,0.5527,21.0
2018-08-30,0.7231,81.0,0.5209,68.0,0.4954,32.0,,,0.491,31.0,0.4816,18.0,0.3788,8.0,0.551,26.0,,,0.5521,20.0
2018-08-29,0.6785,76.0,0.5059,65.0,0.4918,30.0,,,0.4579,20.0,0.4856,19.0,0.3795,8.0,0.5518,27.0,,,0.5446,17.0
2018-08-28,0.6981,78.0,0.5192,68.0,0.4778,26.0,,,0.4739,26.0,0.486,20.0,0.3796,8.0,0.5491,26.0,,,0.5482,19.0
2018-08-27,0.6247,69.0,0.455,53.0,0.5209,41.0,,,0.5086,38.0,0.4832,19.0,0.3741,7.0,0.5562,28.0,,,0.547,18.0
2018-08-24,0.5844,63.0,0.4901,62.0,0.4733,24.0,,,0.4297,12.0,0.4785,17.0,0.3763,7.0,0.5552,28.0,,,0.5576,24.0
2018-08-23,0.7483,82.0,0.5177,67.0,0.4936,31.0,,,0.4727,25.0,0.4731,15.0,0.3732,7.0,0.5519,27.0,,,0.5558,22.0
2018-08-22,0.6887,77.0,0.5004,64.0,0.4771,25.0,,,0.4715,24.0,0.4694,14.0,0.3728,7.0,0.5311,18.0,,,0.5645,28.0
2018-08-21,1.2125,99.0,0.7636,96.0,0.4366,14.0,,,0.4897,31.0,0.4694,14.0,0.3742,7.0,0.5523,27.0,,,0.5532,21.0
2018-08-20,1.1951,99.0,0.7646,96.0,0.5461,50.0,,,0.4336,13.0,0.469,14.0,0.3745,7.0,0.555,28.0,,,0.549,19.0
2018-08-17,1.1723,98.0,0.7599,95.0,0.4619,20.0,,,0.5126,40.0,0.4666,13.0,0.3735,7.0,0.5526,27.0,,,0.5531,21.0
2018-08-16,1.1048,98.0,0.7516,95.0,0.5038,35.0,,,0.4913,32.0,0.4641,13.0,0.3734,7.0,0.5442,23.0,,,0.5405,15.0
2018-08-15,1.097,98.0,0.7072,92.0,0.5279,44.0,,,0.5267,45.0,0.4672,13.0,0.3688,6.0,0.5498,26.0,,,0.5575,23.0
2018-08-14,1.044,97.0,0.6619,89.0,0.4505,17.0,,,0.4471,17.0,0.4527,11.0,0.3671,6.0,0.5317,18.0,,,0.5415,16.0
2018-08-13,1.0149,96.0,0.6534,88.0,0.5128,38.0,,,0.4266,11.0,0.4514,11.0,0.3679,6.0,0.5373,20.0,,,0.5455,17.0
2018-08-10,0.2503,6.0,0.3075,8.0,0.5022,34.0,,,0.4724,25.0,0.3913,2.0,0.3462,3.0,0.5326,18.0,,,0.5211,9.0
2018-08-09,0.2674,8.0,0.3027,8.0,0.4865,28.0,,,0.4578,20.0,0.3917,2.0,0.3475,3.0,0.5321,18.0,,,0.5206,9.0
2018-08-08,0.2654,7.0,0.3115,9.0,0.489,30.0,,,0.5249,44.0,0.4088,3.0,0.3579,5.0,0.5291,17.0,,,0.5267,10.0
2018-08-07,0.277,8.0,0.2964,6.0,0.5215,42.0,,,0.4845,28.0,0.4166,5.0,0.367,6.0,0.5348,19.0,,,0.5202,9.0
2018-08-06,0.1983,2.0,0.2642,3.0,0.4952,31.0,,,0.5162,41.0,0.4145,5.0,0.3656,6.0,0.5317,18.0,,,0.5153,9.0
2018-08-03,0.2724,8.0,0.2527,2.0,0.4704,23.0,,,0.4051,7.0,0.4167,5.0,0.367,6.0,0.5313,18.0,,,0.5068,8.0
2018-08-02,0.3103,12.0,0.2502,2.0,0.495,31.0,,,0.4156,9.0,0.4173,6.0,0.3674,6.0,0.5359,19.0,,,0.516,9.0
2018-08-01,0.3325,15.0,0.2503,2.0,0.5033,35.0,,,0.4006,6.0,0.4177,6.0,0.369,6.0,0.5329,18.0,,,0.5221,10.0
2018-07-31,0.3862,24.0,0.299,7.0,0.4739,25.0,,,0.4014,6.0,0.4274,7.0,0.3716,7.0,0.5382,21.0,,,0.5116,8.0
2018-07-30,0.3603,20.0,0.316,10.0,0.433,13.0,,,0.4637,22.0,0.4269,7.0,0.3714,7.0,0.5355,19.0,,,0.5255,10.0
2018-07-27,0.3596,19.0,0.3266,13.0,0.4012,6.0,,,0.466,22.0,0.4268,7.0,0.3751,7.0,0.5368,20.0,,,0.5146,8.0
2018-07-26,0.3777,23.0,0.3393,16.0,0.4048,6.0,,,0.3977,5.0,0.4306,8.0,0.3791,8.0,0.5384,21.0,,,0.5193,9.0
2018-07-25,0.635,70.0,0.4197,43.0,0.4631,21.0,,,0.4381,14.0,0.4307,8.0,0.38,8.0,0.5392,21.0,,,0.5247,10.0
2018-07-24,0.5831,62.0,0.4338,47.0,0.4601,20.0,,,0.4753,26.0,0.4295,8.0,0.3817,8.0,0.5375,20.0,,,0.5274,11.0
2018-07-23,0.5549,57.0,0.4377,48.0,0.469,23.0,,,0.4722,25.0,0.4459,10.0,0.3887,10.0,0.5357,19.0,,,0.5231,10.0
2018-07-20,0.5711,60.0,0.4118,40.0,0.4358,14.0,,,0.4514,18.0,0.4438,10.0,0.3875,10.0,0.5379,20.0,,,0.5193,9.0
2018-07-19,0.5947,64.0,0.4228,44.0,0.4374,14.0,,,0.4109,8.0,0.4436,10.0,0.3862,9.0,0.5495,26.0,,,0.5127,8.0
2018-07-18,0.595,64.0,0.433,47.0,0.4172,9.0,,,0.4577,20.0,0.4429,10.0,0.3862,9.0,0.5196,12.0,,,0.5217,10.0
2018-07-17,0.557,57.0,0.4286,45.0,0.4722,24.0,,,0.3816,3.0,0.4427,9.0,0.3853,9.0,0.5245,15.0,,,0.5278,11.0
2018-07-16,0.4306,33.0,0.3545,21.0,0.4212,10.0,,,0.3697,2.0,0.4278,7.0,0.3832,9.0,0.5223,14.0,,,0.5151,9.0
2018-07-13,0.4019,27.0,0.336,15.0,0.3786,2.0,,,0.3878,4.0,0.4253,7.0,0.3832,9.0,0.5174,12.0,,,0.5188,9.0
2018-07-12,0.5255,52.0,0.3801,28.0,0.3833,3.0,,,0.3879,4.0,0.4397,9.0,0.3868,9.0,0.5202,13.0,,,0.5197,9.0
2018-07-11,0.5261,52.0,0.3781,28.0,0.3818,3.0,,,0.3992,6.0,0.4414,9.0,0.3887,10.0,0.5257,15.0,,,0.5359,13.0
2018-07-10,0.413,28.0,0.3418,17.0,0.3788,2.0,,,0.3744,2.0,0.4352,8.0,0.3862,9.0,0.5142,11.0,,,0.5142,8.0
2018-07-09,0.3744,22.0,0.3191,11.0,0.3683,2.0,,,0.3973,5.0,0.4347,8.0,0.3855,9.0,0.5062,8.0,,,0.5006,7.0
2018-07-06,0.3834,24.0,0.3101,9.0,0.3968,5.0,,,0.3937,5.0,0.4359,8.0,0.3852,9.0,0.5132,10.0,,,0.5177,9.0
2018-07-05,0.3704,21.0,0.3187,11.0,0.3717,2.0,,,0.3816,3.0,0.4345,8.0,0.3853,9.0,0.5141,11.0,,,0.5207,9.0
2018-07-03,0.4247,32.0,0.338,16.0,0.401,6.0,,,0.3389,1.0,0.4349,8.0,0.3855,9.0,0.5196,12.0,,,0.514,8.0
2018-07-02,0.3721,21.0,0.3073,8.0,0.3783,2.0,,,0.3363,1.0,0.4288,7.0,0.3833,9.0,0.5221,14.0,,,0.5152,9.0
2018-06-29,0.369,21.0,0.3,7.0,0.3777,2.0,,,0.3057,1.0,0.4304,8.0,0.3851,9.0,0.5215,13.0,,,0.5136,8.0
2018-06-28,0.318,13.0,0.2774,4.0,0.3492,1.0,,,0.3756,2.0,0.439,9.0,0.3879,10.0,0.519,12.0,,,0.5232,10.0
2018-06-27,0.3222,14.0,0.3074,8.0,0.3767,2.0,,,0.3863,4.0,0.4397,9.0,0.3892,10.0,0.526,15.0,,,0.5143,8.0
2018-06-26,0.3125,12.0,0.2963,6.0,0.3606,1.0,,,0.3408,1.0,0.4399,9.0,0.3902,11.0,0.5309,17.0,,,0.5194,9.0
2018-06-25,0.5022,47.0,0.3498,19.0,0.3922,4.0,,,0.3521,1.0,0.4398,9.0,0.39,11.0,0.5278,16.0,,,0.5065,8.0
2018-06-22,0.5285,52.0,0.3287,13.0,0.3075,1.0,,,0.3345,1.0,0.4389,9.0,0.389,10.0,0.5243,15.0,,,0.5125,8.0
2018-06-21,0.4635,40.0,0.3196,11.0,0.3792,2.0,,,0.3236,1.0,0.4573,11.0,0.3971,13.0,0.5218,13.0,,,0.5073,8.0
2018-06-20,0.4751,42.0,0.3201,11.0,0.3956,4.0,,,0.3624,1.0,0.4584,12.0,0.3977,13.0,0.5261,15.0,,,0.5113,8.0
2018-06-19,0.5385,54.0,0.3421,17.0,0.4097,7.0,,,0.3971,5.0,0.4594,12.0,0.3984,14.0,0.5095,9.0,,,0.5166,9.0
2018-06-18,0.5531,57.0,0.325,13.0,0.3764,2.0,,,0.3785,3.0,0.4594,12.0,0.3979,13.0,0.5163,12.0,,,0.5138,8.0
2018-06-15,0.5742,60.0,0.3303,14.0,0.3842,3.0,,,0.3876,4.0,0.463,12.0,0.3986,14.0,0.5198,13.0,,,0.5269,11.0
2018-06-14,0.3043,11.0,0.2466,1.0,0.2987,1.0,,,0.3902,4.0,0.453,11.0,0.3958,12.0,0.5089,9.0,,,0.5221,10.0
2018-06-13,0.2963,10.0,0.2483,2.0,0.3535,1.0,,,0.3849,3.0,0.452,11.0,0.3981,13.0,0.5129,10.0,,,0.5342,13.0
2018-06-12,0.3329,15.0,0.2294,1.0,0.3714,2.0,,,0.3817,3.0,0.4755,16.0,0.4084,18.0,0.5234,14.0,,,0.5398,15.0
2018-06-11,0.3339,16.0,0.2452,1.0,0.379,2.0,,,0.3985,6.0,0.4753,16.0,0.4087,19.0,0.5151,11.0,,,0.545,17.0
2018-06-08,0.2814,9.0,0.2213,1.0,0.3641,2.0,,,0.3721,2.0,0.4734,15.0,0.4089,19.0,0.5326,18.0,,,0.5371,14.0
2018-06-07,0.2152,3.0,0.2039,1.0,0.3305,1.0,,,0.3713,2.0,0.4743,15.0,0.4093,19.0,0.5229,14.0,,,0.5486,19.0
2018-06-06,0.2164,3.0,0.2262,1.0,0.3384,1.0,,,0.4217,10.0,0.4743,15.0,0.4093,19.0,0.5233,14.0,,,0.5469,18.0
2018-06-05,0.2218,3.0,0.2456,1.0,0.4033,6.0,,,0.3703,2.0,0.4744,15.0,0.4097,19.0,0.5349,19.0,,,0.5484,19.0
2018-06-04,0.2114,3.0,0.2541,2.0,0.4165,9.0,,,0.4158,9.0,0.4743,15.0,0.4097,19.0,0.5412,22.0,,,0.5335,12.0
2018-06-01,0.2062,2.0,0.2552,2.0,0.4051,6.0,,,0.3463,1.0,0.4746,15.0,0.4098,19.0,0.5249,15.0,,,0.5361,13.0
2018-05-31,0.2015,2.0,0.2409,1.0,0.3771,2.0,,,0.3807,3.0,0.4747,15.0,0.4097,19.0,0.5281,16.0,,,0.541,16.0
2018-05-30,0.2726,8.0,0.2607,2.0,0.4084,7.0,,,0.374,2.0,0.4748,16.0,0.4105,20.0,0.5359,19.0,,,0.5479,18.0
2018-05-29,0.269,8.0,0.2687,3.0,0.4224,10.0,,,0.3894,4.0,0.4748,16.0,0.411,20.0,0.534,19.0,,,0.549,19.0
2018-05-25,0.2464,5.0,0.2437,1.0,0.3122,1.0,,,0.3435,1.0,0.4742,15.0,0.4104,20.0,0.5326,18.0,,,0.5439,17.0
2018-05-24,0.2109,3.0,0.2612,2.0,0.3692,2.0,,,0.37,2.0,0.4733,15.0,0.4105,20.0,0.534,19.0,,,0.5392,15.0
2018-05-23,0.2392,5.0,0.2654,3.0,0.3722,2.0,,,0.3548,1.0,0.4743,15.0,0.4113,20.0,0.5325,18.0,,,0.5353,13.0
2018-05-22,0.2525,6.0,0.2915,6.0,0.3669,2.0,,,0.3871,4.0,0.4753,16.0,0.4114,20.0,0.5284,16.0,,,0.5327,12.0
2018-05-21,0.2611,7.0,0.3129,10.0,0.307,1.0,,,0.3398,1.0,0.4755,16.0,0.4114,20.0,0.5265,15.0,,,0.5494,19.0
2018-05-18,0.3969,26.0,0.4216,43.0,0.3958,5.0,,,0.3621,1.0,0.4747,15.0,0.4117,20.0,0.5331,18.0,,,0.5427,16.0
2018-05-17,0.3911,25.0,0.4176,42.0,0.3818,3.0,,,0.4043,7.0,0.4768,16.0,0.4124,21.0,0.5295,17.0,,,0.548,18.0
2018-05-16,0.3878,24.0,0.4358,48.0,0.382,3.0,,,0.4071,7.0,0.4768,16.0,0.4127,21.0,0.5357,19.0,,,0.544,17.0
2018-05-15,0.3847,24.0,0.4158,41.0,0.3808,3.0,,,0.388,4.0,0.4764,16.0,0.4121,21.0,0.5332,19.0,,,0.5521,20.0
2018-05-14,0.3684,21.0,0.4106,39.0,0.3658,2.0,,,0.3647,2.0,0.4767,16.0,0.4119,21.0,0.5276,16.0,,,0.5322,12.0
2018-05-11,0.3482,18.0,0.3906,33.0,0.3556,1.0,,,0.3426,1.0,0.4766,16.0,0.4112,20.0,0.5305,17.0,,,0.5441,17.0
2018-05-10,0.3422,17.0,0.4031,37.0,0.3773,2.0,,,0.388,4.0,0.478,17.0,0.4106,20.0,0.5267,16.0,,,0.5493,19.0
2018-05-09,0.1838,1.0,0.2818,4.0,0.5062,36.0,,,0.4844,28.0,0.4738,15.0,0.4055,17.0,0.5544,28.0,,,0.5527,21.0
2018-05-08,0.3618,20.0,0.2868,5.0,0.5026,34.0,,,0.501,35.0,0.4769,16.0,0.4073,18.0,0.5576,28.0,,,0.5541,22.0
2018-05-07,0.3592,19.0,0.2715,3.0,0.4961,32.0,,,0.4945,33.0,0.4768,16.0,0.4064,17.0,0.5498,26.0,,,0.5479,18.0
2018-05-04,0.3601,20.0,0.2728,3.0,0.5049,35.0,,,0.5059,37.0,0.4832,19.0,0.4102,19.0,0.5468,24.0,,,0.5757,38.0
2018-05-03,0.3628,20.0,0.3024,7.0,0.6072,68.0,,,0.5663,57.0,0.4931,22.0,0.4158,22.0,0.5594,30.0,,,0.5625,27.0
2018-05-02,0.3661,20.0,0.3043,8.0,0.5292,45.0,,,0.5672,57.0,0.4931,22.0,0.416,23.0,0.555,28.0,,,0.5668,30.0
2018-05-01,0.4296,33.0,0.2835,5.0,0.5649,56.0,,,0.5329,47.0,0.4919,22.0,0.4154,22.0,0.5483,25.0,,,0.5795,40.0
2018-04-30,0.4186,31.0,0.2742,4.0,0.5342,46.0,,,0.4787,28.0,0.4922,22.0,0.4149,22.0,0.5642,33.0,,,0.561,26.0
2018-04-27,0.3368,16.0,0.286,5.0,0.4466,16.0,,,0.4666,23.0,0.4893,21.0,0.4155,22.0,0.5605,31.0,,,0.5702,33.0
2018-04-26,0.3623,20.0,0.2802,4.0,0.4893,30.0,,,0.4686,23.0,0.4898,21.0,0.4161,23.0,0.5612,31.0,,,0.5692,32.0
2018-04-25,0.3709,21.0,0.2945,6.0,0.4898,30.0,,,0.4647,22.0,0.4934,22.0,0.4178,23.0,0.5726,38.0,,,0.5755,38.0
2018-04-24,0.3697,21.0,0.2786,4.0,0.5006,34.0,,,0.4609,21.0,0.4931,22.0,0.4165,23.0,0.5629,32.0,,,0.5786,40.0
2018-04-23,0.3855,24.0,0.2887,5.0,0.4693,23.0,,,0.4879,30.0,0.493,22.0,0.4165,23.0,0.5702,36.0,,,0.5676,31.0
2018-04-20,0.2704,8.0,0.2845,5.0,0.4529,18.0,,,0.4408,15.0,0.4892,21.0,0.4163,23.0,0.5665,34.0,,,0.5828,43.0
2018-04-19,0.3207,14.0,0.3315,14.0,0.4427,15.0,,,0.4564,19.0,0.4887,20.0,0.4162,23.0,0.5608,31.0,,,0.5752,37.0
2018-04-18,0.3145,13.0,0.3255,13.0,0.4793,26.0,,,0.4532,18.0,0.4892,21.0,0.4156,22.0,0.5682,35.0,,,0.5792,40.0
2018-04-17,0.3122,12.0,0.3541,21.0,0.4277,12.0,,,0.4675,23.0,0.4887,20.0,0.4162,23.0,0.5726,38.0,,,0.5773,39.0
2018-04-16,0.3319,15.0,0.3494,19.0,0.4659,22.0,,,0.5198,42.0,0.4885,20.0,0.4156,22.0,0.5767,40.0,,,0.5814,42.0
2018-04-13,0.2979,11.0,0.3413,17.0,0.4197,9.0,,,0.4921,32.0,0.4888,20.0,0.4155,22.0,0.5966,51.0,,,0.5915,47.0
2018-04-12,0.3025,11.0,0.3403,16.0,0.4956,32.0,,,0.441,15.0,0.4879,20.0,0.415,22.0,0.5938,50.0,,,0.5949,49.0
2018-04-11,0.3051,12.0,0.3366,15.0,0.4601,20.0,,,0.5,35.0,0.4878,20.0,0.4144,22.0,0.5819,43.0,,,0.5972,50.0
2018-04-10,0.2209,3.0,0.2983,7.0,0.4319,13.0,,,0.4763,27.0,0.4842,19.0,0.4132,21.0,0.5995,53.0,,,0.6085,55.0
2018-04-09,0.2152,3.0,0.2977,7.0,0.5184,41.0,,,0.4914,32.0,0.4844,19.0,0.4149,22.0,0.6147,57.0,,,0.6129,57.0
2018-04-06,0.2551,6.0,0.2777,4.0,0.5266,44.0,,,0.424,11.0,0.4838,19.0,0.414,21.0,0.6212,61.0,,,0.6091,56.0
2018-04-05,0.255,6.0,0.2898,5.0,0.493,31.0,,,0.5041,36.0,0.489,21.0,0.4179,24.0,0.6,53.0,,,0.6183,60.0
2018-04-04,0.2731,8.0,0.3198,11.0,0.4759,25.0,,,0.462,21.0,0.4888,20.0,0.4177,23.0,0.6209,61.0,,,0.6123,57.0
2018-04-03,0.3547,19.0,0.3165,10.0,0.5145,39.0,,,0.5237,44.0,0.4903,21.0,0.4178,23.0,0.6132,57.0,,,0.6192,61.0
2018-04-02,0.3412,17.0,0.3377,16.0,0.5669,56.0,,,0.4823,28.0,0.4902,21.0,0.4184,24.0,0.6239,62.0,,,0.6141,57.0
2018-03-29,0.494,46.0,0.3857,31.0,0.4704,23.0,,,0.4431,15.0,0.4896,21.0,0.4184,24.0,0.6159,59.0,,,0.6173,60.0
2018-03-28,0.556,57.0,0.4023,37.0,0.5331,46.0,,,0.4874,30.0,0.4897,21.0,0.4183,24.0,0.606,55.0,,,0.6186,60.0
2018-03-27,0.5258,52.0,0.395,34.0,0.5013,34.0,,,0.4628,21.0,0.4892,21.0,0.4189,24.0,0.6182,60.0,,,0.6094,56.0
2018-03-26,0.5175,50.0,0.399,36.0,0.5547,53.0,,,0.4923,32.0,0.4892,21.0,0.4181,24.0,0.6429,68.0,,,0.6054,54.0
2018-03-23,0.5051,48.0,0.3764,28.0,0.5057,36.0,,,0.4476,17.0,0.4888,20.0,0.4182,24.0,0.6387,67.0,,,0.6287,64.0
2018-03-22,0.4907,45.0,0.3767,28.0,0.5038,35.0,,,0.4694,24.0,0.4875,20.0,0.4191,24.0,0.6292,64.0,,,0.6206,61.0
2018-03-21,0.4966,46.0,0.356,21.0,0.4872,28.0,,,0.4776,27.0,0.4912,21.0,0.4187,24.0,0.6286,64.0,,,0.6226,62.0
2018-03-20,0.3329,15.0,0.3188,11.0,0.5529,52.0,,,0.4922,32.0,0.4828,18.0,0.417,23.0,0.6462,69.0,,,0.6252,63.0
2018-03-19,0.2395,5.0,0.3082,9.0,0.4812,27.0,,,0.5443,51.0,0.4815,18.0,0.4192,24.0,0.6457,69.0,,,0.6296,65.0
2018-03-16,0.2397,5.0,0.3129,10.0,0.4797,26.0,,,0.5159,41.0,0.4832,19.0,0.4196,24.0,0.6303,64.0,,,0.6218,62.0
2018-03-15,0.3722,21.0,0.357,22.0,0.4576,19.0,,,0.514,40.0,0.4839,19.0,0.4188,24.0,0.6267,63.0,,,0.6231,62.0
2018-03-14,0.492,45.0,0.3859,31.0,0.5377,47.0,,,0.4772,27.0,0.4838,19.0,0.4187,24.0,0.6487,70.0,,,0.6211,61.0
2018-03-13,0.4681,41.0,0.3897,32.0,0.545,49.0,,,0.4914,32.0,0.484,19.0,0.4191,24.0,0.6438,68.0,,,0.6097,56.0
2018-03-12,0.4698,41.0,0.3962,35.0,0.5525,52.0,,,0.4943,33.0,0.4857,19.0,0.4194,24.0,0.6223,61.0,,,0.593,48.0
2018-03-09,0.4906,45.0,0.474,57.0,0.5285,44.0,,,0.5186,42.0,0.4874,20.0,0.4213,25.0,0.5959,51.0,,,0.5931,48.0
2018-03-08,0.5154,50.0,0.4666,56.0,0.5136,39.0,,,0.5347,48.0,0.4882,20.0,0.421,25.0,0.6265,63.0,,,0.598,51.0
2018-03-07,0.5961,64.0,0.4852,61.0,0.5514,51.0,,,0.5871,64.0,0.4919,22.0,0.4222,26.0,0.6226,61.0,,,0.6137,57.0
2018-03-06,0.5042,48.0,0.4579,54.0,0.5736,57.0,,,0.5276,45.0,0.4898,21.0,0.4197,25.0,0.6225,61.0,,,0.6083,55.0
2018-03-05,0.3809,23.0,0.4351,48.0,0.5206,41.0,,,0.5876,64.0,0.4828,18.0,0.4204,25.0,0.6268,63.0,,,0.6077,55.0
2018-03-02,0.3724,22.0,0.4335,47.0,0.6091,68.0,,,0.53,46.0,0.4872,20.0,0.4208,25.0,0.6318,65.0,,,0.6104,57.0
2018-03-01,0.3776,23.0,0.4449,50.0,0.6158,70.0,,,0.5667,57.0,0.4872,20.0,0.4218,26.0,0.6196,60.0,,,0.6177,60.0
2018-02-28,0.3341,16.0,0.3766,28.0,0.5832,61.0,,,0.5468,52.0,0.4928,22.0,0.4192,24.0,0.6299,64.0,,,0.5886,46.0
2018-02-27,0.3671,20.0,0.433,47.0,0.6014,66.0,,,0.6359,75.0,0.4943,23.0,0.4196,24.0,0.62,60.0,,,0.5984,51.0
2018-02-26,0.3341,16.0,0.4309,46.0,0.593,64.0,,,0.6159,71.0,0.4919,22.0,0.4227,26.0,0.6134,57.0,,,0.6091,56.0
2018-02-23,0.5039,48.0,0.4751,57.0,0.6041,67.0,,,0.5986,67.0,0.5041,26.0,0.4264,28.0,0.6191,60.0,,,0.6067,55.0
2018-02-22,0.5126,49.0,0.4898,61.0,0.6499,77.0,,,0.6108,69.0,0.5043,26.0,0.4269,28.0,0.6237,62.0,,,0.6077,55.0
2018-02-21,0.7366,82.0,0.6126,83.0,0.6866,84.0,,,0.6285,73.0,0.5043,26.0,0.4273,28.0,0.6204,60.0,,,0.5933,48.0
2018-02-20,0.829,88.0,0.6935,91.0,0.7015,86.0,,,0.5943,65.0,0.5047,26.0,0.4262,28.0,0.6272,63.0,,,0.597,50.0
2018-02-16,0.7829,85.0,0.6773,90.0,0.5515,51.0,,,0.5977,67.0,0.5025,25.0,0.425,28.0,0.6069,55.0,,,0.5912,47.0
2018-02-15,0.7637,84.0,0.6611,89.0,0.588,63.0,,,0.5356,48.0,0.4998,25.0,0.422,26.0,0.615,59.0,,,0.5935,48.0
2018-02-14,0.7752,84.0,0.6483,88.0,0.5807,61.0,,,0.6727,82.0,0.5004,25.0,0.4233,27.0,0.6092,56.0,,,0.6182,60.0
2018-02-13,0.7081,79.0,0.6191,84.0,0.5433,49.0,,,0.608,69.0,0.4945,23.0,0.4197,25.0,0.6226,61.0,,,0.5821,42.0
2018-02-12,0.7975,86.0,0.631,86.0,0.6224,72.0,,,0.5422,50.0,0.4988,24.0,0.4219,26.0,0.6435,68.0,,,0.6095,56.0
2018-02-09,0.4317,34.0,0.5217,68.0,0.619,71.0,,,0.5972,66.0,0.4831,19.0,0.4136,21.0,0.6228,62.0,,,0.5887,46.0
2018-02-08,0.4176,31.0,0.4404,49.0,0.6193,71.0,,,0.501,35.0,0.4798,17.0,0.4055,17.0,0.6241,62.0,,,0.5778,39.0
2018-02-07,0.4418,35.0,0.498,63.0,0.541,48.0,,,0.5481,52.0,0.4817,18.0,0.4077,18.0,0.6126,57.0,,,0.5608,26.0
2018-02-06,0.4427,35.0,0.4849,61.0,0.6515,77.0,,,0.5726,59.0,0.4941,23.0,0.4098,19.0,0.6206,60.0,,,0.5786,40.0
2018-02-05,0.4556,38.0,0.5026,64.0,0.5917,64.0,,,0.5421,50.0,0.4947,23.0,0.4103,20.0,0.6334,65.0,,,0.5895,46.0
2018-02-02,0.5498,56.0,0.572,78.0,0.5104,38.0,,,0.4549,19.0,0.4942,23.0,0.4117,20.0,0.6216,61.0,,,0.5646,28.0
2018-02-01,0.5504,56.0,0.5505,74.0,0.5031,35.0,,,0.4483,17.0,0.4867,20.0,0.4114,20.0,0.5931,50.0,,,0.5644,28.0
2018-01-31,0.571,60.0,0.5462,73.0,0.4967,32.0,,,0.4962,33.0,0.5702,42.0,0.4367,33.0,0.5869,46.0,,,0.5804,41.0
2018-01-30,0.5847,63.0,0.5058,65.0,0.5246,43.0,,,0.49,31.0,0.5705,42.0,0.4337,31.0,0.584,44.0,,,0.5528,21.0
2018-01-29,0.5659,59.0,0.4456,50.0,0.571,57.0,,,0.4834,28.0,0.571,43.0,0.4315,30.0,0.5884,47.0,,,0.5521,20.0
2018-01-26,0.592,64.0,0.4691,57.0,0.4638,21.0,,,0.4709,24.0,0.5696,42.0,0.4312,30.0,0.5643,33.0,,,0.5593,25.0
2018-01-25,0.5842,62.0,0.4567,53.0,0.4479,17.0,,,0.4378,14.0,0.5697,42.0,0.4298,30.0,0.5717,37.0,,,0.559,25.0
2018-01-24,0.6044,66.0,0.4073,38.0,0.4463,16.0,,,0.4438,16.0,0.5579,39.0,0.4241,27.0,0.5817,43.0,,,0.5747,37.0
2018-01-23,0.6327,69.0,0.4321,47.0,0.4866,28.0,,,0.4836,28.0,0.5591,39.0,0.4247,27.0,0.5967,52.0,,,0.5611,26.0
2018-01-22,0.6358,70.0,0.4232,44.0,0.4407,15.0,,,0.4979,34.0,0.5625,40.0,0.4288,30.0,0.586,46.0,,,0.5659,28.0
2018-01-19,0.639,71.0,0.4221,43.0,0.4777,26.0,,,0.4658,22.0,0.5633,40.0,0.4286,30.0,0.5935,50.0,,,0.5744,37.0
2018-01-18,0.6571,73.0,0.4277,45.0,0.4881,28.0,,,0.4872,30.0,0.5661,41.0,0.4302,30.0,0.5996,53.0,,,0.5717,34.0
2018-01-17,0.5813,62.0,0.3933,34.0,0.5259,43.0,,,0.4521,18.0,0.5627,40.0,0.4282,28.0,0.593,49.0,,,0.5651,28.0
2018-01-16,0.5782,61.0,0.3808,28.0,0.4785,26.0,,,0.4738,26.0,0.5625,40.0,0.4278,28.0,0.5874,47.0,,,0.572,34.0
2018-01-12,0.2704,8.0,0.3099,9.0,0.3973,5.0,,,0.4612,21.0,0.5511,38.0,0.4249,27.0,0.5818,43.0,,,0.5634,27.0
2018-01-11,0.2675,8.0,0.3053,8.0,0.4373,14.0,,,0.4082,8.0,0.5501,38.0,0.4227,26.0,0.5739,38.0,,,0.5512,20.0
2018-01-10,0.5189,51.0,0.3731,27.0,0.4002,5.0,,,0.4797,28.0,0.5508,38.0,0.4231,26.0,0.6034,54.0,,,0.5565,23.0
2018-01-09,0.5203,51.0,0.3907,33.0,0.4739,25.0,,,0.4128,8.0,0.5517,38.0,0.4232,26.0,0.5839,44.0,,,0.5539,22.0
2018-01-08,0.5077,48.0,0.4057,38.0,0.4163,9.0,,,0.4667,23.0,0.5519,38.0,0.4235,27.0,0.582,43.0,,,0.5589,24.0
2018-01-05,0.5091,49.0,0.4069,38.0,0.4295,12.0,,,0.3679,2.0,0.5519,38.0,0.4238,27.0,0.5744,39.0,,,0.5538,22.0
2018-01-04,0.5096,49.0,0.4029,37.0,0.4267,11.0,,,0.4621,21.0,0.5526,38.0,0.4253,28.0,0.5639,32.0,,,0.5621,27.0
2018-01-03,0.7879,85.0,0.5351,71.0,0.4362,14.0,,,0.4283,12.0,0.5592,40.0,0.4298,30.0,0.572,37.0,,,0.5677,31.0
2018-01-02,0.7858,85.0,0.515,67.0,0.43,12.0,,,0.5006,35.0,0.5593,40.0,0.4283,28.0,0.5594,30.0,,,0.5631,27.0
2017-12-29,0.6144,67.0,0.4726,57.0,0.4354,13.0,,,0.4236,10.0,0.5513,38.0,0.4267,28.0,0.5753,39.0,,,0.5446,17.0
2017-12-28,0.6398,71.0,0.4646,56.0,0.4244,11.0,,,0.4336,13.0,0.5512,38.0,0.4274,28.0,0.5761,40.0,,,0.5506,20.0
2017-12-27,0.7172,80.0,0.4519,52.0,0.4156,8.0,,,0.4354,13.0,0.562,40.0,0.4291,30.0,0.5823,44.0,,,0.5521,20.0
2017-12-26,0.7177,80.0,0.4508,51.0,0.4345,13.0,,,0.4519,18.0,0.5628,40.0,0.4296,30.0,0.5569,28.0,,,0.5506,20.0
2017-12-22,0.7059,79.0,0.4841,60.0,0.3732,2.0,,,0.3887,4.0,0.565,41.0,0.4309,30.0,0.5726,38.0,,,0.5472,18.0
2017-12-21,0.6751,76.0,0.5126,66.0,0.3856,3.0,,,0.312,1.0,0.5489,38.0,0.4234,27.0,0.5787,41.0,,,0.5597,25.0
2017-12-20,0.6333,70.0,0.5098,66.0,0.3488,1.0,,,0.3725,2.0,0.5483,37.0,0.4233,27.0,0.5823,44.0,,,0.5709,34.0
2017-12-19,0.633,70.0,0.5171,67.0,0.3976,5.0,,,0.3913,4.0,0.5474,37.0,0.4238,27.0,0.5743,39.0,,,0.5598,25.0
2017-12-18,0.6294,69.0,0.5183,67.0,0.3994,5.0,,,0.3777,3.0,0.5487,37.0,0.4234,27.0,0.5693,36.0,,,0.5569,23.0
2017-12-15,0.6846,77.0,0.5129,66.0,0.3499,1.0,,,0.3675,2.0,0.5477,37.0,0.423,26.0,0.5884,47.0,,,0.5605,26.0
2017-12-14,0.7097,79.0,0.5091,66.0,0.4187,9.0,,,0.4108,8.0,0.5482,37.0,0.423,26.0,0.5718,37.0,,,0.5716,34.0
2017-12-13,0.7071,79.0,0.4774,59.0,0.3578,1.0,,,0.4622,21.0,0.548,37.0,0.4212,25.0,0.5664,34.0,,,0.5749,37.0
2017-12-12,0.3436,17.0,0.2702,3.0,0.4092,7.0,,,0.4502,17.0,0.527,33.0,0.4119,21.0,0.5756,39.0,,,0.5689,32.0
2017-12-11,0.3482,18.0,0.2733,4.0,0.4195,9.0,,,0.4445,16.0,0.5272,33.0,0.413,21.0,0.5778,40.0,,,0.5547,22.0
2017-12-08,0.3228,14.0,0.269,3.0,0.3695,2.0,,,0.3956,5.0,0.527,33.0,0.4129,21.0,0.5757,40.0,,,0.5701,33.0
2017-12-07,0.2101,3.0,0.2571,2.0,0.4178,9.0,,,0.3706,2.0,0.5311,33.0,0.4221,26.0,0.6022,54.0,,,0.5751,37.0
2017-12-06,0.1845,1.0,0.2574,2.0,0.405,6.0,,,0.4626,21.0,0.5321,34.0,0.4234,27.0,0.5853,45.0,,,0.5726,35.0
2017-12-05,0.1682,1.0,0.2693,3.0,0.3957,4.0,,,0.4359,14.0,0.5319,34.0,0.4232,26.0,0.5843,45.0,,,0.5781,39.0
2017-12-04,0.204,2.0,0.2948,6.0,0.4307,12.0,,,0.3949,5.0,0.5335,34.0,0.4236,27.0,0.5889,47.0,,,0.5711,34.0
2017-12-01,0.2453,5.0,0.2965,6.0,0.4199,10.0,,,0.4174,9.0,0.5334,34.0,0.4238,27.0,0.6023,54.0,,,0.5864,45.0
2017-11-30,0.2498,6.0,0.2859,5.0,0.4256,11.0,,,0.412,8.0,0.5342,34.0,0.4241,27.0,0.5892,48.0,,,0.587,45.0
2017-11-29,0.2582,7.0,0.2932,6.0,0.4561,19.0,,,0.4291,12.0,0.5479,37.0,0.4263,28.0,0.5993,53.0,,,0.5878,45.0
2017-11-28,0.3343,16.0,0.3046,8.0,0.434,13.0,,,0.4269,11.0,0.5477,37.0,0.4266,28.0,0.6016,53.0,,,0.5822,42.0
2017-11-27,0.3341,16.0,0.3064,8.0,0.4277,12.0,,,0.3994,6.0,0.5477,37.0,0.4267,28.0,0.6065,55.0,,,0.5837,43.0
2017-11-24,0.3319,15.0,0.3015,7.0,0.4136,8.0,,,0.4209,10.0,0.548,37.0,0.4264,28.0,0.6057,55.0,,,0.5909,47.0
2017-11-22,0.309,12.0,0.2827,4.0,0.3045,1.0,,,0.405,7.0,0.5473,37.0,0.426,28.0,0.6011,53.0,,,0.6111,57.0
2017-11-21,0.2999,11.0,0.2874,5.0,0.3793,3.0,,,0.3704,2.0,0.5476,37.0,0.4262,28.0,0.6046,54.0,,,0.5966,50.0
2017-11-20,0.3375,16.0,0.2953,6.0,0.4219,10.0,,,0.4052,7.0,0.5473,37.0,0.4267,28.0,0.6087,56.0,,,0.5986,51.0
2017-11-17,0.3737,22.0,0.2952,6.0,0.3957,4.0,,,0.4106,8.0,0.5476,37.0,0.4263,28.0,0.6023,54.0,,,0.5819,42.0
2017-11-16,0.3943,26.0,0.3174,11.0,0.4086,7.0,,,0.3715,2.0,0.5462,37.0,0.4268,28.0,0.6464,69.0,,,0.5997,52.0
2017-11-15,0.3922,25.0,0.3146,10.0,0.4702,23.0,,,0.3967,5.0,0.549,38.0,0.4289,30.0,0.5852,45.0,,,0.6033,53.0
2017-11-14,0.5329,53.0,0.3818,30.0,0.3912,4.0,,,0.4461,16.0,0.5492,38.0,0.4284,28.0,0.7017,84.0,,,0.5705,33.0
2017-11-13,0.6742,76.0,0.475,57.0,0.4503,17.0,,,0.3772,3.0,0.5495,38.0,0.4284,28.0,0.6531,71.0,,,0.6189,60.0
2017-11-10,0.6808,76.0,0.4719,57.0,0.4231,10.0,,,0.412,8.0,0.5536,39.0,0.429,30.0,0.6206,60.0,,,0.5467,18.0
2017-11-09,0.6714,75.0,0.4822,60.0,0.3996,5.0,,,0.4566,19.0,0.5545,39.0,0.4292,30.0,0.6277,63.0,,,0.5477,18.0
2017-11-08,0.6418,71.0,0.4649,56.0,0.47,23.0,,,0.4007,6.0,0.5532,39.0,0.428,28.0,0.6094,57.0,,,0.6179,60.0
2017-11-07,0.6134,67.0,0.4489,51.0,0.4477,17.0,,,0.4377,14.0,0.5507,38.0,0.427,28.0,0.61,57.0,,,0.5862,45.0
2017-11-06,0.6157,67.0,0.4633,55.0,0.4215,10.0,,,0.4968,34.0,0.554,39.0,0.4272,28.0,0.6405,67.0,,,0.5307,11.0
2017-11-03,0.5593,57.0,0.4299,46.0,0.451,17.0,,,0.5108,39.0,0.5548,39.0,0.4262,28.0,0.7198,88.0,,,0.5594,25.0
2017-11-02,0.3761,22.0,0.32,11.0,0.5298,45.0,,,0.4824,28.0,0.5526,38.0,0.4223,26.0,0.6594,73.0,,,0.5054,8.0
2017-11-01,0.3765,22.0,0.3155,10.0,0.5323,46.0,,,0.543,50.0,0.5531,39.0,0.4223,26.0,0.6344,65.0,,,0.5179,9.0
2017-10-31,0.3566,19.0,0.3045,8.0,0.5239,42.0,,,0.5475,52.0,0.5529,38.0,0.4215,25.0,0.6278,63.0,,,0.5657,28.0
2017-10-30,0.3484,18.0,0.3065,8.0,0.5613,55.0,,,0.5307,46.0,0.5561,39.0,0.4228,26.0,0.5937,50.0,,,0.5802,41.0
2017-10-27,0.3274,14.0,0.2899,5.0,0.5192,41.0,,,0.524,44.0,0.5698,42.0,0.4294,30.0,0.592,49.0,,,0.5751,37.0
2017-10-26,0.2963,10.0,0.2823,4.0,0.5585,54.0,,,0.5273,45.0,0.5696,42.0,0.4289,30.0,0.6266,63.0,,,0.5638,28.0
2017-10-25,0.1837,1.0,0.2337,1.0,0.5282,44.0,,,0.5465,51.0,0.5662,41.0,0.4275,28.0,0.5716,37.0,,,0.5892,46.0
2017-10-24,0.2002,2.0,0.25,2.0,0.571,57.0,,,0.5167,41.0,0.567,41.0,0.4289,30.0,0.56,31.0,,,0.5713,34.0
2017-10-23,0.2039,2.0,0.2483,2.0,0.5097,37.0,,,0.5289,46.0,0.5669,41.0,0.4294,30.0,0.6029,54.0,,,0.5264,10.0
2017-10-20,0.1992,2.0,0.2314,1.0,0.5027,34.0,,,0.4419,15.0,0.5682,41.0,0.4296,30.0,0.5905,48.0,,,0.6007,52.0
2017-10-19,0.221,3.0,0.2582,2.0,0.5014,34.0,,,0.4923,32.0,0.5692,42.0,0.4314,30.0,0.5317,18.0,,,0.609,56.0
2017-10-18,0.1925,2.0,0.3089,9.0,0.4409,15.0,,,0.5469,52.0,0.5726,43.0,0.4344,32.0,0.5936,50.0,,,0.5975,50.0
2017-10-17,0.2216,3.0,0.3046,8.0,0.509,37.0,,,0.4801,28.0,0.5738,43.0,0.4338,31.0,0.5986,52.0,,,0.5217,10.0
2017-10-16,0.3821,24.0,0.396,35.0,0.4583,19.0,,,0.4698,24.0,0.5733,43.0,0.434,32.0,0.6235,62.0,,,0.6099,56.0
2017-10-13,0.3561,19.0,0.3858,31.0,0.4421,15.0,,,0.4355,13.0,0.5732,43.0,0.4338,31.0,0.5959,51.0,,,0.609,56.0
2017-10-12,0.377,23.0,0.3956,34.0,0.4627,21.0,,,0.444,16.0,0.5791,46.0,0.4365,33.0,0.5937,50.0,,,0.5919,48.0
2017-10-11,0.3754,22.0,0.4144,41.0,0.4345,13.0,,,0.4766,27.0,0.5789,45.0,0.4371,33.0,0.6323,65.0,,,0.6147,57.0
2017-10-10,0.3754,22.0,0.4072,38.0,0.4972,32.0,,,0.4908,31.0,0.579,46.0,0.4368,33.0,0.5819,43.0,,,0.5993,51.0
2017-10-09,0.3657,20.0,0.372,27.0,0.4721,24.0,,,0.4975,34.0,0.5786,45.0,0.4353,32.0,0.5821,43.0,,,0.6304,65.0
2017-10-06,0.4007,27.0,0.3863,31.0,0.444,15.0,,,0.4566,19.0,0.5785,45.0,0.4352,32.0,0.5919,49.0,,,0.6104,57.0
2017-10-05,0.2615,7.0,0.2934,6.0,0.4218,10.0,,,0.4478,17.0,0.5803,46.0,0.4342,32.0,0.5885,47.0,,,0.5997,52.0
2017-10-04,0.2722,8.0,0.3308,14.0,0.4789,26.0,,,0.4655,22.0,0.5804,46.0,0.4352,32.0,0.6089,56.0,,,0.6267,64.0
2017-10-03,0.2474,6.0,0.3468,18.0,0.453,18.0,,,0.4584,20.0,0.5791,46.0,0.4364,33.0,0.647,69.0,,,0.581,42.0
2017-10-02,0.373,22.0,0.3456,17.0,0.504,35.0,,,0.4771,27.0,0.5791,46.0,0.4356,33.0,0.559,30.0,,,0.5345,13.0
2017-09-29,0.3678,21.0,0.3577,22.0,0.4806,27.0,,,0.4768,27.0,0.5789,45.0,0.4362,33.0,0.5337,19.0,,,0.6002,52.0
2017-09-28,0.3847,24.0,0.4184,42.0,0.4952,31.0,,,0.4916,32.0,0.5796,46.0,0.4363,33.0,0.6771,78.0,,,0.5983,51.0
2017-09-27,0.3975,26.0,0.4081,39.0,0.4929,31.0,,,0.5092,38.0,0.5814,46.0,0.4365,33.0,0.635,66.0,,,0.6037,54.0
2017-09-26,0.4254,32.0,0.413,40.0,0.5354,46.0,,,0.4751,26.0,0.5827,47.0,0.438,34.0,0.6455,69.0,,,0.6549,73.0
2017-09-25,0.4234,32.0,0.3858,31.0,0.4942,31.0,,,0.5486,52.0,0.5825,47.0,0.4367,33.0,0.6164,59.0,,,0.6395,68.0
2017-09-22,0.4137,28.0,0.3775,28.0,0.4945,31.0,,,0.4537,18.0,0.5817,46.0,0.4358,33.0,0.6251,62.0,,,0.6056,54.0
2017-09-21,0.3576,19.0,0.3699,26.0,0.4834,28.0,,,0.4921,32.0,0.5789,45.0,0.4363,33.0,0.6467,69.0,,,0.6213,61.0
2017-09-20,0.4488,37.0,0.4055,38.0,0.5099,37.0,,,0.5333,47.0,0.5804,46.0,0.436,33.0,0.6684,76.0,,,0.6159,59.0
2017-09-19,0.4508,37.0,0.3491,19.0,0.5181,40.0,,,0.5486,52.0,0.5794,46.0,0.4331,31.0,0.6355,66.0,,,0.6074,55.0
2017-09-18,0.4547,38.0,0.3692,25.0,0.5522,52.0,,,0.5111,39.0,0.578,45.0,0.4333,31.0,0.6616,74.0,,,0.6311,65.0
2017-09-15,0.4986,47.0,0.3735,27.0,0.4851,28.0,,,0.5319,47.0,0.5774,45.0,0.4338,31.0,0.6401,67.0,,,0.6187,60.0
2017-09-14,0.4981,46.0,0.4174,42.0,0.5152,39.0,,,0.5151,40.0,0.5771,45.0,0.4352,32.0,0.6633,75.0,,,0.5868,45.0
2017-09-13,0.5854,63.0,0.4196,43.0,0.53,45.0,,,0.512,39.0,0.577,45.0,0.4347,32.0,0.6242,62.0,,,0.557,23.0
2017-09-12,0.5415,54.0,0.439,49.0,0.5531,52.0,,,0.5692,57.0,0.5751,44.0,0.4356,33.0,0.5815,43.0,,,0.6248,63.0
2017-09-11,0.6247,69.0,0.4404,49.0,0.5462,50.0,,,0.4921,32.0,0.5726,43.0,0.4355,33.0,0.6795,79.0,,,0.6257,63.0
2017-09-08,0.6352,70.0,0.444,50.0,0.5349,46.0,,,0.5532,54.0,0.5867,48.0,0.4423,34.0,0.6366,66.0,,,0.6388,68.0
2017-09-07,0.5641,59.0,0.4936,62.0,0.5353,46.0,,,0.5529,53.0,0.5893,49.0,0.4452,35.0,0.6523,71.0,,,0.6406,69.0
2017-09-06,0.6881,77.0,0.5572,75.0,0.5623,55.0,,,0.6033,68.0,0.589,49.0,0.4465,36.0,0.6444,68.0,,,0.6296,65.0
2017-09-05,0.6532,73.0,0.5354,71.0,0.5707,57.0,,,0.5487,52.0,0.5921,50.0,0.4455,35.0,0.6303,64.0,,,0.6298,65.0
2017-09-01,0.6314,69.0,0.5351,71.0,0.4922,31.0,,,0.5203,43.0,0.5886,49.0,0.4456,35.0,0.6377,67.0,,,0.6394,68.0
2017-08-31,0.6274,69.0,0.5143,67.0,0.5121,38.0,,,0.515,40.0,0.5892,49.0,0.4445,35.0,0.644,68.0,,,0.6404,69.0
2017-08-30,0.5772,61.0,0.4778,59.0,0.5206,41.0,,,0.5037,36.0,0.5824,47.0,0.4431,35.0,0.652,71.0,,,0.6303,65.0
2017-08-29,0.5256,52.0,0.4731,57.0,0.5136,39.0,,,0.5618,56.0,0.5838,47.0,0.445,35.0,0.751,93.0,,,0.6321,66.0
2017-08-28,0.5216,51.0,0.441,49.0,0.5841,62.0,,,0.5529,53.0,0.5832,47.0,0.4441,35.0,0.644,68.0,,,0.6269,64.0
2017-08-25,0.2389,5.0,0.3538,21.0,0.4725,24.0,,,0.4778,27.0,0.5891,49.0,0.4463,35.0,0.6421,68.0,,,0.624,62.0
2017-08-24,0.3743,22.0,0.4061,38.0,0.5078,37.0,,,0.5097,38.0,0.5888,49.0,0.4473,36.0,0.6591,73.0,,,0.6338,67.0
2017-08-23,0.3819,24.0,0.4129,40.0,0.4838,28.0,,,0.5781,61.0,0.5889,49.0,0.4485,37.0,0.6707,77.0,,,0.6463,70.0
2017-08-22,0.4306,33.0,0.4183,42.0,0.571,57.0,,,0.5745,60.0,0.5942,51.0,0.4584,41.0,0.6579,73.0,,,0.6363,67.0
2017-08-21,0.4505,37.0,0.4515,51.0,0.5199,41.0,,,0.5607,56.0,0.5935,51.0,0.4594,41.0,0.6482,70.0,,,0.6288,64.0
2017-08-18,0.6941,78.0,0.5073,65.0,0.5214,42.0,,,0.5282,45.0,0.5954,52.0,0.4596,41.0,0.6451,69.0,,,0.638,68.0
2017-08-17,0.6789,76.0,0.4779,59.0,0.5597,54.0,,,0.541,50.0,0.5985,53.0,0.4631,43.0,0.6403,67.0,,,0.6364,67.0
2017-08-16,0.6811,76.0,0.5162,67.0,0.5565,53.0,,,0.5505,53.0,0.5994,53.0,0.4637,43.0,0.6539,72.0,,,0.6452,70.0
2017-08-15,0.6508,73.0,0.4932,62.0,0.5632,55.0,,,0.56,56.0,0.5952,51.0,0.4608,42.0,0.6449,69.0,,,0.6287,64.0
2017-08-14,1.4167,100.0,0.7876,97.0,0.5994,66.0,,,0.5497,52.0,0.5962,52.0,0.4599,42.0,0.648,70.0,,,0.6464,70.0
2017-08-11,1.4163,100.0,0.7835,97.0,0.5483,51.0,,,0.5734,59.0,0.5963,52.0,0.4599,42.0,0.6348,66.0,,,0.6279,64.0
2017-08-10,1.4198,100.0,0.7756,96.0,0.5521,52.0,,,0.5379,49.0,0.595,51.0,0.4587,41.0,0.6307,64.0,,,0.6345,67.0
2017-08-09,1.2262,99.0,0.7435,94.0,0.5546,52.0,,,0.5427,50.0,0.5835,47.0,0.4552,39.0,0.6732,77.0,,,0.632,66.0
2017-08-08,1.1936,99.0,0.7364,94.0,0.5171,40.0,,,0.5552,54.0,0.5856,48.0,0.457,40.0,0.6421,68.0,,,0.6245,63.0
2017-08-07,1.2444,99.0,0.7145,93.0,0.597,65.0,,,0.528,45.0,0.5893,49.0,0.4568,39.0,0.6453,69.0,,,0.6107,57.0
2017-08-04,1.2422,99.0,0.7071,92.0,0.5135,39.0,,,0.5234,44.0,0.5893,49.0,0.4554,39.0,0.6751,78.0,,,0.6154,59.0
2017-08-03,0.4865,44.0,0.421,43.0,0.5502,51.0,,,0.5093,38.0,0.5108,28.0,0.4318,31.0,0.6446,68.0,,,0.5957,49.0
2017-08-02,0.4998,47.0,0.4223,43.0,0.5382,47.0,,,0.512,39.0,0.5208,31.0,0.4354,32.0,0.642,68.0,,,0.6014,52.0
2017-08-01,0.4888,44.0,0.4236,44.0,0.5046,35.0,,,0.5333,47.0,0.5178,30.0,0.4346,32.0,0.6144,57.0,,,0.6065,55.0
2017-07-31,0.4856,44.0,0.4187,42.0,0.5692,57.0,,,0.5591,55.0,0.518,30.0,0.4347,32.0,0.6348,66.0,,,0.6135,57.0
2017-07-28,0.486,44.0,0.4219,43.0,0.5426,48.0,,,0.5393,49.0,0.5184,30.0,0.4361,33.0,0.6218,61.0,,,0.6302,65.0
2017-07-27,0.4759,42.0,0.4207,43.0,0.5614,55.0,,,0.5616,56.0,0.5229,31.0,0.4359,33.0,0.6146,57.0,,,0.6128,57.0
2017-07-26,0.4299,33.0,0.3969,35.0,0.5478,50.0,,,0.5466,51.0,0.5216,31.0,0.4355,33.0,0.6258,62.0,,,0.623,62.0
2017-07-25,0.3711,21.0,0.3046,8.0,0.5403,48.0,,,0.5658,57.0,0.52,31.0,0.4318,31.0,0.6123,57.0,,,0.6191,61.0
2017-07-24,0.3796,23.0,0.3102,9.0,0.5298,45.0,,,0.5693,57.0,0.5194,31.0,0.432,31.0,0.613,57.0,,,0.6333,66.0
2017-07-21,0.3084,12.0,0.2859,5.0,0.488,28.0,,,0.4936,33.0,0.5164,30.0,0.4309,30.0,0.623,62.0,,,0.5968,50.0
2017-07-20,0.3183,13.0,0.2956,6.0,0.4654,22.0,,,0.5441,51.0,0.5173,30.0,0.4331,31.0,0.6334,65.0,,,0.6324,66.0
2017-07-19,0.3384,16.0,0.3273,13.0,0.5061,36.0,,,0.4594,20.0,0.5195,31.0,0.4335,31.0,0.6308,64.0,,,0.6133,57.0
2017-07-18,0.4345,34.0,0.4125,40.0,0.5192,41.0,,,0.5197,42.0,0.5193,31.0,0.4341,32.0,0.6166,59.0,,,0.6324,66.0
2017-07-17,0.5013,47.0,0.4215,43.0,0.4633,21.0,,,0.4872,30.0,0.5192,31.0,0.4354,32.0,0.6359,66.0,,,0.6329,66.0
2017-07-14,0.5278,52.0,0.44,49.0,0.4373,14.0,,,0.4985,34.0,0.5228,31.0,0.4389,34.0,0.6444,68.0,,,0.6367,67.0
2017-07-13,0.5085,49.0,0.4641,55.0,0.4681,22.0,,,0.4482,17.0,0.5234,32.0,0.4392,34.0,0.6478,70.0,,,0.6294,65.0
2017-07-12,0.6813,76.0,0.4979,63.0,0.461,20.0,,,0.4644,22.0,0.5262,32.0,0.4421,34.0,0.6576,73.0,,,0.6459,70.0
2017-07-11,0.7066,79.0,0.5036,64.0,0.5014,34.0,,,0.4949,33.0,0.5266,33.0,0.4444,35.0,0.6132,57.0,,,0.6551,73.0
2017-07-10,0.7005,78.0,0.4972,63.0,0.4708,24.0,,,0.5395,49.0,0.5256,32.0,0.4452,35.0,0.6292,64.0,,,0.6372,68.0
2017-07-07,0.5568,57.0,0.4357,48.0,0.4958,32.0,,,0.4749,26.0,0.5189,31.0,0.4431,35.0,0.6367,66.0,,,0.6358,67.0
2017-07-06,0.5575,57.0,0.4345,47.0,0.5085,37.0,,,0.4866,30.0,0.518,30.0,0.4443,35.0,0.6486,70.0,,,0.638,68.0
2017-07-05,0.5635,59.0,0.4251,45.0,0.482,27.0,,,0.4814,28.0,0.5213,31.0,0.4485,37.0,0.6472,69.0,,,0.6386,68.0
2017-07-03,0.6185,68.0,0.394,34.0,0.4975,32.0,,,0.465,22.0,0.5393,36.0,0.4554,39.0,0.6558,72.0,,,0.6174,60.0
2017-06-30,0.4182,31.0,0.3364,15.0,0.4148,8.0,,,0.4103,8.0,0.5299,33.0,0.4538,38.0,0.6307,64.0,,,0.6513,71.0
2017-06-29,0.4135,28.0,0.3225,12.0,0.4569,19.0,,,0.451,18.0,0.5354,35.0,0.4556,39.0,0.6562,72.0,,,0.6312,66.0
2017-06-28,0.2606,7.0,0.297,6.0,0.4272,12.0,,,0.4369,14.0,0.5423,36.0,0.4633,43.0,0.6213,61.0,,,0.6537,72.0
2017-06-27,0.254,6.0,0.3052,8.0,0.4597,20.0,,,0.4732,25.0,0.5592,40.0,0.4676,45.0,0.6527,71.0,,,0.6369,67.0
2017-06-26,0.2619,7.0,0.3274,13.0,0.4339,13.0,,,0.4618,21.0,0.559,39.0,0.4683,45.0,0.6626,74.0,,,0.6529,72.0
2017-06-23,0.3258,14.0,0.3249,12.0,0.4117,7.0,,,0.4312,12.0,0.5701,42.0,0.4694,45.0,0.6606,74.0,,,0.6384,68.0
2017-06-22,0.4843,44.0,0.5003,64.0,0.4526,18.0,,,0.4667,23.0,0.5689,42.0,0.4695,45.0,0.6737,77.0,,,0.6482,71.0
2017-06-21,0.4689,41.0,0.5188,68.0,0.4463,16.0,,,0.5212,43.0,0.5676,41.0,0.4714,46.0,0.6666,76.0,,,0.6466,70.0
2017-06-20,0.4433,36.0,0.5121,66.0,0.4826,27.0,,,0.5078,38.0,0.5675,41.0,0.4717,47.0,0.6328,65.0,,,0.6424,69.0
2017-06-19,0.4467,36.0,0.5137,66.0,0.475,25.0,,,0.5112,39.0,0.5674,41.0,0.4752,49.0,0.6498,70.0,,,0.653,72.0
2017-06-16,0.4206,31.0,0.4991,63.0,0.5429,48.0,,,0.4766,27.0,0.5682,41.0,0.4749,48.0,0.6852,80.0,,,0.6306,65.0
2017-06-15,0.4203,31.0,0.4901,62.0,0.5053,36.0,,,0.4816,28.0,0.5685,41.0,0.476,49.0,0.6592,73.0,,,0.6216,61.0
2017-06-14,0.7497,83.0,0.5212,68.0,0.5311,45.0,,,0.5761,60.0,0.5883,48.0,0.4802,51.0,0.66,74.0,,,0.6324,66.0
2017-06-13,0.644,72.0,0.364,24.0,0.4776,26.0,,,0.5372,49.0,0.5894,49.0,0.4794,50.0,0.6253,62.0,,,0.6779,79.0
2017-06-12,0.6193,68.0,0.3389,16.0,0.5456,49.0,,,0.5155,40.0,0.5881,48.0,0.4795,50.0,0.6566,72.0,,,0.6574,74.0
2017-06-09,0.6215,68.0,0.347,18.0,0.5133,39.0,,,0.4862,30.0,0.5882,48.0,0.4813,51.0,0.6421,68.0,,,0.6595,74.0
2017-06-08,0.5892,63.0,0.3516,20.0,0.4838,28.0,,,0.4894,31.0,0.5959,52.0,0.4856,53.0,0.6466,69.0,,,0.6678,76.0
2017-06-07,0.6108,66.0,0.3525,20.0,0.5156,39.0,,,0.5267,45.0,0.5981,53.0,0.4869,53.0,0.6301,64.0,,,0.645,70.0
2017-06-06,0.5851,63.0,0.3475,18.0,0.4684,22.0,,,0.5313,47.0,0.5984,53.0,0.4881,54.0,0.6355,66.0,,,0.6546,73.0
2017-06-05,0.1897,2.0,0.2928,6.0,0.4465,16.0,,,0.5218,43.0,0.586,48.0,0.4872,54.0,0.6273,63.0,,,0.6576,74.0
2017-06-02,0.2665,7.0,0.3097,9.0,0.4446,16.0,,,0.4524,18.0,0.5864,48.0,0.4893,54.0,0.6458,69.0,,,0.6425,69.0
2017-06-01,0.3262,14.0,0.3569,21.0,0.5009,34.0,,,0.4906,31.0,0.6038,55.0,0.4961,56.0,0.6575,73.0,,,0.6325,66.0
2017-05-31,0.3763,22.0,0.3482,18.0,0.5394,48.0,,,0.4537,18.0,0.6034,55.0,0.4991,57.0,0.6688,76.0,,,0.6592,74.0
2017-05-30,0.4067,28.0,0.3414,17.0,0.5319,45.0,,,0.491,31.0,0.6032,55.0,0.4992,57.0,0.6677,76.0,,,0.6265,63.0
2017-05-26,0.4726,41.0,0.3534,20.0,0.48,27.0,,,0.4662,23.0,0.6033,55.0,0.5032,57.0,0.6707,77.0,,,0.6398,68.0
2017-05-25,0.5238,51.0,0.3535,20.0,0.4782,26.0,,,0.4687,24.0,0.6057,55.0,0.5039,59.0,0.6526,71.0,,,0.6334,66.0
2017-05-24,0.5162,50.0,0.3362,15.0,0.45,17.0,,,0.5235,44.0,0.605,55.0,0.5035,57.0,0.6288,64.0,,,0.6586,74.0
2017-05-23,0.5059,48.0,0.3223,12.0,0.5095,37.0,,,0.4544,19.0,0.6169,60.0,0.5046,59.0,0.6771,78.0,,,0.634,67.0
2017-05-22,0.4614,40.0,0.2707,3.0,0.5137,39.0,,,0.429,12.0,0.6149,59.0,0.5037,59.0,0.6638,75.0,,,0.6504,71.0
2017-05-19,0.5434,55.0,0.3356,15.0,0.469,23.0,,,0.4737,26.0,0.6155,59.0,0.5045,59.0,0.6479,70.0,,,0.6493,71.0
2017-05-18,0.5931,64.0,0.3654,24.0,0.4979,33.0,,,0.4969,34.0,0.6159,60.0,0.506,60.0,0.6623,74.0,,,0.6447,70.0
2017-05-17,0.4396,35.0,0.3487,19.0,0.4709,24.0,,,0.5079,38.0,0.6119,57.0,0.509,61.0,0.6471,69.0,,,0.6517,72.0
2017-05-16,0.4479,37.0,0.3417,17.0,0.4666,22.0,,,0.4792,28.0,0.6114,57.0,0.5095,61.0,0.652,71.0,,,0.6556,73.0
2017-05-15,0.4519,38.0,0.3713,26.0,0.4821,27.0,,,0.5028,36.0,0.6203,61.0,0.5151,62.0,0.6348,66.0,,,0.6561,73.0
2017-05-12,0.8589,89.0,0.4883,61.0,0.4612,20.0,,,0.4747,26.0,0.6228,61.0,0.5241,65.0,0.6414,68.0,,,0.6521,72.0
2017-05-11,0.8537,89.0,0.4902,62.0,0.435,13.0,,,0.5059,37.0,0.6349,63.0,0.5337,67.0,0.6571,72.0,,,0.646,70.0
2017-05-10,0.772,84.0,0.4521,52.0,0.4901,30.0,,,0.4816,28.0,0.635,63.0,0.5344,67.0,0.6539,72.0,,,0.6495,71.0
2017-05-09,0.657,73.0,0.4484,51.0,0.5157,40.0,,,0.5098,38.0,0.6618,69.0,0.5374,68.0,0.6747,78.0,,,0.6499,71.0
2017-05-08,0.6669,75.0,0.4549,53.0,0.5158,40.0,,,0.5299,46.0,0.6615,69.0,0.5395,68.0,0.6602,74.0,,,0.6576,74.0
2017-05-05,0.6556,73.0,0.4629,55.0,0.4947,31.0,,,0.5626,56.0,0.664,69.0,0.5405,69.0,0.6524,71.0,,,0.6555,73.0
2017-05-04,0.5831,62.0,0.4734,57.0,0.5869,62.0,,,0.5787,61.0,0.6624,69.0,0.5433,71.0,0.6859,80.0,,,0.6524,72.0
2017-05-03,0.3801,23.0,0.3999,36.0,0.7125,87.0,,,0.5753,60.0,0.6499,66.0,0.5391,68.0,0.6932,82.0,,,0.6296,65.0
2017-05-02,0.396,26.0,0.393,33.0,0.6218,71.0,,,0.597,66.0,0.6499,66.0,0.5452,72.0,0.6649,75.0,,,0.6711,77.0
2017-05-01,0.3908,25.0,0.3922,33.0,0.6511,77.0,,,0.5724,59.0,0.6574,67.0,0.5473,73.0,0.634,65.0,,,0.6438,70.0
2017-04-28,0.4188,31.0,0.3719,26.0,0.6126,69.0,,,0.5753,60.0,0.6584,68.0,0.5478,73.0,0.6372,66.0,,,0.6425,69.0
2017-04-27,0.4898,45.0,0.4122,40.0,0.6674,81.0,,,0.6056,68.0,0.6583,68.0,0.5483,73.0,0.6586,73.0,,,0.6195,61.0
2017-04-26,0.4952,46.0,0.4108,39.0,0.5761,59.0,,,0.6118,70.0,0.6585,68.0,0.5489,73.0,0.6524,71.0,,,0.6634,75.0
2017-04-25,0.4237,32.0,0.3858,31.0,0.6099,69.0,,,0.5912,65.0,0.66,68.0,0.5497,73.0,0.6557,72.0,,,0.6536,72.0
2017-04-24,0.3879,24.0,0.3137,10.0,0.6381,75.0,,,0.5801,61.0,0.6564,67.0,0.5471,72.0,0.6993,84.0,,,0.6518,72.0
2017-04-21,0.3962,26.0,0.3223,12.0,0.6192,71.0,,,0.6206,72.0,0.6567,67.0,0.5481,73.0,0.651,71.0,,,0.6458,70.0
2017-04-20,0.4017,27.0,0.3254,13.0,0.592,64.0,,,0.6341,74.0,0.6579,68.0,0.5511,74.0,0.6666,76.0,,,0.6518,72.0
2017-04-19,0.5548,57.0,0.3859,31.0,0.695,85.0,,,0.6016,67.0,0.658,68.0,0.5512,74.0,0.6603,74.0,,,0.6514,72.0
2017-04-18,0.3852,24.0,0.3534,20.0,0.5569,53.0,,,0.6724,82.0,0.6529,67.0,0.5507,74.0,0.649,70.0,,,0.6702,77.0
2017-04-17,0.3783,23.0,0.3859,31.0,0.611,69.0,,,0.5698,57.0,0.6579,68.0,0.553,74.0,0.6351,66.0,,,0.6458,70.0
2017-04-13,0.3429,17.0,0.3965,35.0,0.5122,38.0,,,0.4682,23.0,0.6575,67.0,0.5527,74.0,0.6419,68.0,,,0.6493,71.0
2017-04-12,0.3519,18.0,0.391,33.0,0.472,24.0,,,0.5225,44.0,0.6581,68.0,0.5534,74.0,0.6226,61.0,,,0.6679,76.0
2017-04-11,0.3671,20.0,0.4123,40.0,0.4704,23.0,,,0.5392,49.0,0.6584,68.0,0.5553,75.0,0.6285,64.0,,,0.6745,78.0
2017-04-10,0.253,6.0,0.3802,28.0,0.4911,30.0,,,0.5292,46.0,0.6537,67.0,0.5546,74.0,0.6635,75.0,,,0.6675,76.0
2017-04-07,0.2612,7.0,0.3636,23.0,0.5154,39.0,,,0.4982,34.0,0.6584,68.0,0.5563,75.0,0.6684,76.0,,,0.656,73.0
2017-04-06,0.2626,7.0,0.3332,14.0,0.5117,38.0,,,0.5111,39.0,0.6584,68.0,0.5555,75.0,0.646,69.0,,,0.6752,78.0
2017-04-05,0.3157,13.0,0.3601,23.0,0.5319,45.0,,,0.4762,27.0,0.6585,68.0,0.5604,76.0,0.6381,67.0,,,0.6539,72.0
2017-04-04,0.3328,15.0,0.3522,20.0,0.5114,38.0,,,0.5534,54.0,0.6643,69.0,0.561,76.0,0.6344,65.0,,,0.6539,72.0
2017-04-03,0.3415,17.0,0.3559,21.0,0.5015,34.0,,,0.619,71.0,0.665,70.0,0.5662,76.0,0.6632,75.0,,,0.6734,78.0
2017-03-31,0.2859,9.0,0.3433,17.0,0.5429,48.0,,,0.5307,46.0,0.6807,72.0,0.5682,76.0,0.6838,80.0,,,0.6755,79.0
2017-03-30,0.2443,5.0,0.3261,13.0,0.5459,50.0,,,0.5539,54.0,0.6808,72.0,0.5693,76.0,0.7112,86.0,,,0.644,70.0
2017-03-29,0.2376,5.0,0.3541,21.0,0.5742,59.0,,,0.5588,55.0,0.6811,72.0,0.5723,77.0,0.7079,85.0,,,0.657,74.0
2017-03-28,0.2489,6.0,0.3544,21.0,0.5678,56.0,,,0.5334,47.0,0.6822,73.0,0.573,77.0,0.6783,79.0,,,0.6483,71.0
2017-03-27,0.2228,4.0,0.355,21.0,0.5449,49.0,,,0.6108,69.0,0.6835,73.0,0.5743,77.0,0.6742,78.0,,,0.6664,76.0
2017-03-24,0.1344,1.0,0.3967,35.0,0.5728,57.0,,,0.5532,54.0,0.6835,73.0,0.575,78.0,0.6863,81.0,,,0.6643,75.0
2017-03-23,0.5687,60.0,0.5135,66.0,0.5863,62.0,,,0.5801,61.0,0.6852,73.0,0.5778,78.0,0.6899,82.0,,,0.6625,75.0
2017-03-22,0.7179,80.0,0.5664,77.0,0.5743,59.0,,,0.5963,66.0,0.6902,74.0,0.5792,78.0,0.6862,80.0,,,0.6604,74.0
2017-03-21,0.7292,81.0,0.5816,79.0,0.659,79.0,,,0.5494,52.0,0.6943,75.0,0.5858,80.0,0.6801,79.0,,,0.6616,75.0
2017-03-20,0.7706,84.0,0.5795,79.0,0.5472,50.0,,,0.5828,63.0,0.7067,78.0,0.5874,81.0,0.6864,81.0,,,0.6645,75.0
2017-03-17,0.7807,85.0,0.5878,80.0,0.5447,49.0,,,0.5703,57.0,0.7064,78.0,0.5873,81.0,0.7077,85.0,,,0.6646,75.0
2017-03-16,0.7948,86.0,0.5758,78.0,0.6292,73.0,,,0.6088,69.0,0.7073,78.0,0.5868,81.0,0.7016,84.0,,,0.674,78.0
2017-03-15,0.801,86.0,0.559,75.0,0.6221,71.0,,,0.6445,76.0,0.7083,79.0,0.5854,80.0,0.7091,86.0,,,0.6757,79.0
2017-03-14,0.5113,49.0,0.4893,61.0,0.5896,63.0,,,0.6235,72.0,0.695,75.0,0.5815,79.0,0.6992,84.0,,,0.6753,79.0
2017-03-13,0.4261,32.0,0.4753,57.0,0.6498,77.0,,,0.6912,84.0,0.6905,74.0,0.5792,78.0,0.6865,81.0,,,0.6645,75.0
2017-03-10,0.6928,77.0,0.553,74.0,0.6142,70.0,,,0.6065,68.0,0.692,74.0,0.5805,79.0,0.6976,83.0,,,0.6763,79.0
2017-03-09,0.5518,57.0,0.5607,76.0,0.6372,75.0,,,0.6236,72.0,0.6884,74.0,0.5827,79.0,0.7198,88.0,,,0.6678,76.0
2017-03-08,0.5924,64.0,0.5759,78.0,0.6933,85.0,,,0.5565,55.0,0.6974,76.0,0.5857,80.0,0.7062,85.0,,,0.6698,77.0
2017-03-07,0.6324,69.0,0.6984,91.0,0.657,78.0,,,0.6351,75.0,0.697,76.0,0.5861,81.0,0.7095,86.0,,,0.6757,79.0
2017-03-06,0.6428,71.0,0.6993,91.0,0.6201,71.0,,,0.66,79.0,0.697,76.0,0.5854,80.0,0.7121,86.0,,,0.6753,79.0
2017-03-03,0.7225,80.0,0.6769,90.0,0.6282,73.0,,,0.6528,78.0,0.7036,77.0,0.5852,80.0,0.7261,89.0,,,0.7007,84.0
2017-03-02,0.7307,81.0,0.7076,92.0,0.73,90.0,,,0.5849,63.0,0.7072,78.0,0.5832,79.0,0.7134,87.0,,,0.6619,75.0
2017-03-01,0.5224,51.0,0.637,86.0,0.5962,65.0,,,0.6247,72.0,0.6941,75.0,0.581,79.0,0.6929,82.0,,,0.698,84.0
2017-02-28,0.5086,49.0,0.6188,84.0,0.6221,71.0,,,0.6233,72.0,0.6951,75.0,0.5803,79.0,0.7187,88.0,,,0.6898,82.0
2017-02-27,0.5361,54.0,0.5959,81.0,0.5829,61.0,,,0.6474,77.0,0.7021,77.0,0.5827,79.0,0.6866,81.0,,,0.6597,74.0
2017-02-24,0.4658,40.0,0.4464,50.0,0.552,52.0,,,0.5731,59.0,0.6973,76.0,0.576,78.0,0.6995,84.0,,,0.6683,77.0
2017-02-23,0.4918,45.0,0.4381,48.0,0.5853,62.0,,,0.576,60.0,0.6981,76.0,0.5802,78.0,0.6818,79.0,,,0.6699,77.0
2017-02-22,0.3901,25.0,0.4316,46.0,0.6053,67.0,,,0.643,76.0,0.6976,76.0,0.5817,79.0,0.6829,80.0,,,0.6752,78.0
2017-02-21,0.4545,38.0,0.3576,22.0,0.6867,84.0,,,0.6274,73.0,0.7058,78.0,0.5822,79.0,0.6871,81.0,,,0.6799,79.0
2017-02-17,0.5163,50.0,0.3936,34.0,0.6104,69.0,,,0.6196,71.0,0.7052,78.0,0.5826,79.0,0.6865,81.0,,,0.6817,80.0
2017-02-16,0.5317,53.0,0.3943,34.0,0.6275,73.0,,,0.6498,77.0,0.7062,78.0,0.5839,80.0,0.6635,75.0,,,0.6817,80.0
2017-02-15,0.4989,47.0,0.4201,43.0,0.6862,84.0,,,0.6416,76.0,0.7132,79.0,0.5847,80.0,0.7012,84.0,,,0.6584,74.0
2017-02-14,0.6431,71.0,0.4737,57.0,0.6661,80.0,,,0.655,79.0,0.7116,79.0,0.5849,80.0,0.6753,78.0,,,0.672,78.0
2017-02-13,0.6449,72.0,0.4692,57.0,0.6914,84.0,,,0.6335,74.0,0.7128,79.0,0.5853,80.0,0.6898,82.0,,,0.6866,81.0
2017-02-10,0.6022,65.0,0.4792,59.0,0.5708,57.0,,,0.6054,68.0,0.7128,79.0,0.5864,81.0,0.6743,78.0,,,0.7045,86.0
2017-02-09,0.5744,60.0,0.4612,54.0,0.6485,77.0,,,0.5766,60.0,0.7115,79.0,0.5854,80.0,0.7134,87.0,,,0.6769,79.0
2017-02-08,0.4507,37.0,0.4246,44.0,0.5814,61.0,,,0.6212,72.0,0.7086,79.0,0.5848,80.0,0.7037,85.0,,,0.6893,82.0
2017-02-07,0.5033,48.0,0.4306,46.0,0.6021,67.0,,,0.6438,76.0,0.7081,78.0,0.5855,80.0,0.7043,85.0,,,0.7058,86.0
2017-02-06,0.4563,38.0,0.421,43.0,0.5861,62.0,,,0.5764,60.0,0.7081,78.0,0.5866,81.0,0.6857,80.0,,,0.7249,89.0
2017-02-03,0.4069,28.0,0.3556,21.0,0.5853,62.0,,,0.6334,74.0,0.7003,77.0,0.5842,80.0,0.6927,82.0,,,0.6999,84.0
2017-02-02,0.4264,32.0,0.3506,19.0,0.6269,73.0,,,0.6443,76.0,0.7006,77.0,0.5846,80.0,0.6932,82.0,,,0.7025,85.0
2017-02-01,0.4727,41.0,0.3887,32.0,0.6126,69.0,,,0.6004,67.0,0.7009,77.0,0.5851,80.0,0.6959,83.0,,,0.7159,87.0
2017-01-31,0.5035,48.0,0.3711,26.0,0.6148,70.0,,,0.6329,74.0,0.7006,77.0,0.584,80.0,0.6732,77.0,,,0.7057,86.0
2017-01-30,0.3854,24.0,0.3855,31.0,0.614,70.0,,,0.6307,74.0,0.6956,75.0,0.5848,80.0,0.7246,89.0,,,0.6898,82.0
2017-01-27,0.3694,21.0,0.396,35.0,0.6157,70.0,,,0.6149,70.0,0.6957,75.0,0.5852,80.0,0.7011,84.0,,,0.7269,90.0
2017-01-26,0.429,33.0,0.4495,51.0,0.654,78.0,,,0.6017,67.0,0.6957,75.0,0.5849,80.0,0.7297,90.0,,,0.7041,85.0
2017-01-25,0.4841,44.0,0.4547,53.0,0.6143,70.0,,,0.6545,79.0,0.6993,76.0,0.586,81.0,0.7013,84.0,,,0.7146,87.0
2017-01-24,0.5466,55.0,0.5041,65.0,0.6339,74.0,,,0.6554,79.0,0.6994,76.0,0.5868,81.0,0.7278,89.0,,,0.693,82.0
2017-01-23,0.5297,53.0,0.5122,66.0,0.6689,81.0,,,0.6798,83.0,0.7039,77.0,0.589,82.0,0.7094,86.0,,,0.7287,90.0
2017-01-20,0.5027,47.0,0.5368,71.0,0.6582,78.0,,,0.6708,82.0,0.7056,78.0,0.5894,82.0,0.7281,89.0,,,0.7184,88.0
2017-01-19,0.5079,48.0,0.5568,75.0,0.6927,85.0,,,0.5114,39.0,0.7075,78.0,0.59,82.0,0.719,88.0,,,0.7231,89.0
2017-01-18,0.5097,49.0,0.5621,76.0,0.6577,78.0,,,0.6195,71.0,0.7078,78.0,0.5895,82.0,0.7476,92.0,,,0.7027,85.0
2017-01-17,0.4963,46.0,0.5867,80.0,0.6914,84.0,,,0.6715,82.0,0.7093,79.0,0.5896,82.0,0.7177,88.0,,,0.7435,92.0
2017-01-13,0.7394,82.0,0.6878,91.0,0.6196,71.0,,,0.6377,75.0,0.7205,80.0,0.5915,82.0,0.7314,90.0,,,0.7366,91.0
2017-01-12,0.7269,81.0,0.659,88.0,0.6193,71.0,,,0.7242,89.0,0.7171,79.0,0.589,82.0,0.7464,92.0,,,0.7155,87.0
2017-01-11,0.739,82.0,0.6572,88.0,0.7179,88.0,,,0.7595,93.0,0.7171,79.0,0.5869,81.0,0.7334,90.0,,,0.7372,92.0
2017-01-10,0.9257,93.0,0.7339,94.0,0.6668,80.0,,,0.7024,86.0,0.7171,79.0,0.5855,80.0,0.7144,87.0,,,0.7252,89.0
2017-01-09,1.0578,97.0,0.7651,96.0,0.7131,88.0,,,0.7253,90.0,0.7165,79.0,0.5851,80.0,0.7424,91.0,,,0.7172,88.0
2017-01-06,1.067,97.0,0.7599,95.0,0.7255,89.0,,,0.6625,80.0,0.7297,82.0,0.5883,82.0,0.7134,87.0,,,0.7322,91.0
2017-01-05,0.9783,95.0,0.7211,93.0,0.731,90.0,,,0.7284,90.0,0.7323,82.0,0.5872,81.0,0.7373,91.0,,,0.7333,91.0
2017-01-04,0.9255,93.0,0.6213,84.0,0.6549,78.0,,,0.7341,91.0,0.7194,80.0,0.5833,79.0,0.7122,87.0,,,0.716,87.0
2017-01-03,0.9607,94.0,0.634,86.0,0.7106,87.0,,,0.7705,94.0,0.7257,81.0,0.5872,81.0,0.7363,91.0,,,0.7241,89.0
2016-12-30,0.9377,93.0,0.6076,83.0,0.7548,93.0,,,0.6814,83.0,0.7211,80.0,0.5856,80.0,0.7463,92.0,,,0.7226,89.0
2016-12-29,0.7497,83.0,0.5353,71.0,0.6969,85.0,,,0.7013,85.0,0.716,79.0,0.579,78.0,0.7023,84.0,,,0.7477,93.0
2016-12-28,0.5469,55.0,0.4639,55.0,0.705,87.0,,,0.716,88.0,0.7007,77.0,0.5757,78.0,0.7424,91.0,,,0.7329,91.0
2016-12-27,0.5625,59.0,0.4857,61.0,0.7135,88.0,,,0.7068,87.0,0.7128,79.0,0.5774,78.0,0.6956,83.0,,,0.7475,93.0
2016-12-23,0.5975,65.0,0.5356,71.0,0.7269,90.0,,,0.7244,89.0,0.7047,78.0,0.5768,78.0,0.7545,93.0,,,0.7252,89.0
2016-12-22,0.6164,67.0,0.6452,87.0,0.7509,92.0,,,0.7413,91.0,0.7078,78.0,0.5778,78.0,0.7675,94.0,,,0.728,90.0
2016-12-21,0.6651,74.0,0.6368,86.0,0.7224,89.0,,,0.7414,91.0,0.7079,78.0,0.5775,78.0,0.7377,91.0,,,0.7193,88.0
2016-12-20,0.6612,74.0,0.6509,88.0,0.7484,92.0,,,0.7401,91.0,0.7105,79.0,0.582,79.0,0.7209,88.0,,,0.7475,93.0
2016-12-19,0.6593,74.0,0.6643,89.0,0.7312,90.0,,,0.7297,90.0,0.7151,79.0,0.58,78.0,0.7398,91.0,,,0.7199,88.0
2016-12-16,0.6441,72.0,0.6735,89.0,0.7516,92.0,,,0.7208,89.0,0.7147,79.0,0.5797,78.0,0.7694,94.0,,,0.7104,87.0
2016-12-15,0.7654,84.0,0.6679,89.0,0.72,89.0,,,0.721,89.0,0.7145,79.0,0.5788,78.0,0.726,89.0,,,0.721,88.0
2016-12-14,0.5977,65.0,0.6261,85.0,0.7321,90.0,,,0.7013,85.0,0.6994,76.0,0.5748,77.0,0.7451,92.0,,,0.7035,85.0
2016-12-13,0.5227,51.0,0.5502,74.0,0.7948,95.0,,,0.7702,94.0,0.6964,76.0,0.5721,77.0,0.7175,88.0,,,0.7258,89.0
2016-12-12,0.8734,90.0,0.6333,86.0,0.7711,94.0,,,0.7288,90.0,0.6964,76.0,0.5732,77.0,0.7288,90.0,,,0.7197,88.0
2016-12-09,0.8702,89.0,0.6562,88.0,0.7181,88.0,,,0.6994,85.0,0.6979,76.0,0.5787,78.0,0.7304,90.0,,,0.7042,85.0
2016-12-08,0.707,79.0,0.6002,82.0,0.7254,89.0,,,0.7188,88.0,0.6945,75.0,0.5777,78.0,0.7333,90.0,,,0.715,87.0
2016-12-07,0.6245,68.0,0.6402,87.0,0.7185,88.0,,,0.7215,89.0,0.6933,75.0,0.5782,78.0,0.7012,84.0,,,0.7199,88.0
2016-12-06,0.6337,70.0,0.6318,86.0,0.7143,88.0,,,0.7016,86.0,0.6923,74.0,0.5776,78.0,0.7008,84.0,,,0.7232,89.0
2016-12-05,0.608,66.0,0.6095,83.0,0.7424,91.0,,,0.7363,91.0,0.6936,75.0,0.5796,78.0,0.7112,86.0,,,0.7256,89.0
2016-12-02,0.8832,90.0,0.6041,82.0,0.7015,86.0,,,0.6719,82.0,0.6955,75.0,0.5797,78.0,0.7034,85.0,,,0.7342,91.0
2016-12-01,0.661,74.0,0.513,66.0,0.6783,82.0,,,0.6972,85.0,0.6874,73.0,0.5749,78.0,0.7245,89.0,,,0.7311,90.0
2016-11-30,0.6768,76.0,0.465,56.0,0.6965,85.0,,,0.6641,80.0,0.688,73.0,0.5724,77.0,0.7164,87.0,,,0.7295,90.0
2016-11-29,0.6973,78.0,0.4872,61.0,0.6799,83.0,,,0.6566,79.0,0.6881,73.0,0.5731,77.0,0.7094,86.0,,,0.7196,88.0
2016-11-28,0.6717,75.0,0.3929,33.0,0.6881,84.0,,,0.6845,83.0,0.6866,73.0,0.569,76.0,0.7082,86.0,,,0.7279,90.0
2016-11-25,0.6164,67.0,0.4735,57.0,0.6895,84.0,,,0.693,84.0,0.7056,78.0,0.5714,77.0,0.73,90.0,,,0.715,87.0
2016-11-23,0.8047,86.0,0.568,77.0,0.6834,83.0,,,0.6936,84.0,0.7054,78.0,0.5728,77.0,0.7228,89.0,,,0.7123,87.0
2016-11-22,0.5812,62.0,0.6781,90.0,0.648,77.0,,,0.6659,80.0,0.6949,75.0,0.5729,77.0,0.6939,83.0,,,0.7146,87.0
2016-11-21,0.8754,90.0,0.7894,97.0,0.6442,76.0,,,0.6647,80.0,0.6979,76.0,0.574,77.0,0.7391,91.0,,,0.73,90.0
2016-11-18,0.9161,92.0,0.8146,98.0,0.6814,83.0,,,0.6688,81.0,0.6968,76.0,0.576,78.0,0.7459,92.0,,,0.7304,90.0
2016-11-17,1.3013,100.0,0.8457,98.0,0.6773,82.0,,,0.6986,85.0,0.7001,77.0,0.58,78.0,0.7397,91.0,,,0.7216,89.0
2016-11-16,1.2932,99.0,0.829,98.0,0.7203,89.0,,,0.7243,89.0,0.7098,79.0,0.5802,78.0,0.7344,90.0,,,0.7469,93.0
2016-11-15,1.3221,100.0,0.8332,98.0,0.7233,89.0,,,0.7867,95.0,0.7091,79.0,0.5822,79.0,0.7303,90.0,,,0.7566,94.0
2016-11-14,1.2551,99.0,0.8171,98.0,0.8584,98.0,,,0.7936,96.0,0.7005,77.0,0.5808,79.0,0.7732,95.0,,,0.736,91.0
2016-11-11,1.2138,99.0,0.7214,93.0,0.8189,96.0,,,0.7653,94.0,0.6989,76.0,0.5813,79.0,0.7348,90.0,,,0.7319,90.0
2016-11-10,1.067,97.0,0.6793,90.0,0.7984,95.0,,,0.8029,96.0,0.6942,75.0,0.5765,78.0,0.7309,90.0,,,0.737,92.0
2016-11-09,1.0192,96.0,0.6719,89.0,0.6795,82.0,,,0.841,98.0,0.6973,76.0,0.578,78.0,0.6918,82.0,,,0.7353,91.0
2016-11-08,0.6094,66.0,0.6322,86.0,0.8459,98.0,,,0.8371,98.0,0.6701,70.0,0.5753,78.0,0.7238,89.0,,,0.7379,92.0
2016-11-07,0.609,66.0,0.6141,83.0,0.8936,99.0,,,0.826,98.0,0.67,70.0,0.5738,77.0,0.7511,93.0,,,0.7264,89.0
2016-11-04,0.5679,59.0,0.6125,83.0,0.9107,99.0,,,0.8439,98.0,0.6688,70.0,0.574,77.0,0.7136,87.0,,,0.7288,90.0
2016-11-03,0.5845,63.0,0.589,80.0,0.8322,97.0,,,0.7986,96.0,0.6727,71.0,0.5735,77.0,0.7178,88.0,,,0.7193,88.0
2016-11-02,0.5993,65.0,0.5836,79.0,0.8467,98.0,,,0.8212,98.0,0.6765,71.0,0.574,77.0,0.7165,87.0,,,0.7137,87.0
2016-11-01,0.6435,71.0,0.5258,69.0,0.7834,95.0,,,0.7588,93.0,0.6901,74.0,0.5697,76.0,0.7474,92.0,,,0.7171,88.0
2016-10-31,0.4794,43.0,0.4903,62.0,0.7192,89.0,,,0.7221,89.0,0.6875,73.0,0.5694,76.0,0.7003,84.0,,,0.6986,84.0
2016-10-28,0.3932,25.0,0.4909,62.0,0.7156,88.0,,,0.7167,88.0,0.6882,74.0,0.5684,76.0,0.723,89.0,,,0.7013,85.0
2016-10-27,0.477,42.0,0.4923,62.0,0.7081,87.0,,,0.7159,88.0,0.6916,74.0,0.5704,77.0,0.7154,87.0,,,0.693,82.0
2016-10-26,0.5497,56.0,0.5002,64.0,0.7086,87.0,,,0.6995,85.0,0.6909,74.0,0.5709,77.0,0.6959,83.0,,,0.7041,85.0
2016-10-25,0.4738,42.0,0.4563,53.0,0.6654,80.0,,,0.6596,79.0,0.6927,74.0,0.5728,77.0,0.7252,89.0,,,0.7021,85.0
2016-10-24,0.4615,40.0,0.4551,53.0,0.7199,89.0,,,0.6885,84.0,0.6964,76.0,0.5727,77.0,0.678,78.0,,,0.6994,84.0
2016-10-21,0.4256,32.0,0.435,48.0,0.6884,84.0,,,0.6952,85.0,0.6955,75.0,0.5709,77.0,0.6999,84.0,,,0.7082,86.0
2016-10-20,0.4039,27.0,0.4637,55.0,0.7006,86.0,,,0.7232,89.0,0.697,76.0,0.572,77.0,0.7036,85.0,,,0.6977,83.0
2016-10-19,0.5501,56.0,0.4845,60.0,0.7386,91.0,,,0.7136,88.0,0.7043,77.0,0.5738,77.0,0.7147,87.0,,,0.7123,87.0
2016-10-18,0.5142,50.0,0.4717,57.0,0.7343,90.0,,,0.6961,85.0,0.7027,77.0,0.5745,77.0,0.7103,86.0,,,0.7277,90.0
2016-10-17,0.4096,28.0,0.5426,72.0,0.715,88.0,,,0.7346,91.0,0.7079,78.0,0.579,78.0,0.7163,87.0,,,0.7079,86.0
2016-10-14,0.5237,51.0,0.5656,77.0,0.7407,91.0,,,0.7228,89.0,0.7081,78.0,0.582,79.0,0.7054,85.0,,,0.6954,83.0
2016-10-13,0.5351,53.0,0.6368,86.0,0.7274,90.0,,,0.6598,79.0,0.7094,79.0,0.5864,81.0,0.7217,88.0,,,0.6957,83.0
2016-10-12,0.7225,80.0,0.6531,88.0,0.7738,94.0,,,0.7048,86.0,0.7401,84.0,0.5878,81.0,0.7185,88.0,,,0.6802,80.0
2016-10-11,0.6301,69.0,0.6617,89.0,0.8136,96.0,,,0.6794,83.0,0.7414,84.0,0.5872,81.0,0.7194,88.0,,,0.6706,77.0
2016-10-10,0.6339,70.0,0.6717,89.0,0.7892,95.0,,,0.6969,85.0,0.7468,85.0,0.5895,82.0,0.702,84.0,,,0.6854,81.0
2016-10-07,0.5977,65.0,0.6791,90.0,0.7461,92.0,,,0.7047,86.0,0.7476,85.0,0.5925,82.0,0.6945,83.0,,,0.6973,83.0
2016-10-06,0.671,75.0,0.6403,87.0,0.8056,96.0,,,0.7198,89.0,0.7475,85.0,0.5892,82.0,0.7192,88.0,,,0.6957,83.0
2016-10-05,0.6485,72.0,0.6378,87.0,0.7109,87.0,,,0.7511,92.0,0.7429,85.0,0.5888,82.0,0.7067,85.0,,,0.6865,81.0
2016-10-04,0.6492,72.0,0.6011,82.0,0.7534,92.0,,,0.7098,87.0,0.753,86.0,0.5878,81.0,0.7044,85.0,,,0.6908,82.0
2016-10-03,0.4444,36.0,0.5846,80.0,0.6959,85.0,,,0.7194,88.0,0.7385,84.0,0.5864,81.0,0.6956,83.0,,,0.6795,79.0
2016-09-30,0.4819,43.0,0.6654,89.0,0.6826,83.0,,,0.6329,74.0,0.7373,83.0,0.5846,80.0,0.7134,87.0,,,0.6782,79.0
2016-09-29,0.8655,89.0,0.6608,89.0,0.7007,86.0,,,0.6461,77.0,0.7367,83.0,0.582,79.0,0.6947,83.0,,,0.681,80.0
2016-09-28,0.8608,89.0,0.6479,87.0,0.6732,81.0,,,0.6659,80.0,0.7356,83.0,0.582,79.0,0.6948,83.0,,,0.7023,85.0
2016-09-27,0.8474,89.0,0.6188,84.0,0.6821,83.0,,,0.6547,79.0,0.7369,83.0,0.5806,79.0,0.6754,78.0,,,0.6966,83.0
2016-09-26,0.8422,88.0,0.6088,83.0,0.7061,87.0,,,0.6552,79.0,0.7349,83.0,0.5829,79.0,0.7081,85.0,,,0.6768,79.0
2016-09-23,0.8223,87.0,0.5831,79.0,0.6795,82.0,,,0.6624,80.0,0.7354,83.0,0.5832,79.0,0.7007,84.0,,,0.6835,80.0
2016-09-22,0.7294,81.0,0.5658,77.0,0.6637,80.0,,,0.6382,75.0,0.7303,82.0,0.5832,79.0,0.6882,81.0,,,0.6768,79.0
2016-09-21,0.6749,76.0,0.4785,59.0,0.674,82.0,,,0.6557,79.0,0.7275,81.0,0.5801,78.0,0.6702,76.0,,,0.7008,85.0
2016-09-20,0.3239,14.0,0.4875,61.0,0.6784,82.0,,,0.6777,83.0,0.7178,80.0,0.5797,78.0,0.7018,84.0,,,0.7049,86.0
2016-09-19,0.5398,54.0,0.5599,76.0,0.6822,83.0,,,0.6598,79.0,0.72,80.0,0.582,79.0,0.7087,86.0,,,0.6985,84.0
2016-09-16,0.4805,43.0,0.5623,76.0,0.7393,91.0,,,0.6555,79.0,0.7265,81.0,0.5831,79.0,0.7085,86.0,,,0.6935,83.0
2016-09-15,0.5016,47.0,0.5595,75.0,0.6969,85.0,,,0.708,87.0,0.7254,81.0,0.5841,80.0,0.6889,81.0,,,0.7004,84.0
2016-09-14,0.7538,83.0,0.5628,76.0,0.9108,99.0,,,0.844,98.0,0.7254,81.0,0.5842,80.0,0.6857,80.0,,,0.6989,84.0
2016-09-13,0.8233,87.0,0.5554,74.0,0.8805,99.0,,,0.8863,99.0,0.7279,82.0,0.585,80.0,0.6853,80.0,,,0.6981,84.0
2016-09-12,0.7917,86.0,0.5625,76.0,0.852,98.0,,,0.815,97.0,0.7258,81.0,0.5883,82.0,0.6764,78.0,,,0.6933,83.0
2016-09-09,0.8136,87.0,0.5142,67.0,0.7347,90.0,,,0.6892,84.0,0.7334,83.0,0.5942,82.0,0.689,82.0,,,0.6742,78.0
2016-09-08,0.7752,84.0,0.5191,68.0,0.6633,80.0,,,0.6716,82.0,0.7226,80.0,0.5922,82.0,0.7032,85.0,,,0.6932,82.0
2016-09-07,0.7766,85.0,0.5292,70.0,0.6432,76.0,,,0.7246,90.0,0.7234,80.0,0.5967,83.0,0.6817,79.0,,,0.699,84.0
2016-09-06,0.7899,86.0,0.6174,84.0,0.6849,83.0,,,0.7105,87.0,0.7235,80.0,0.5983,83.0,0.7145,87.0,,,0.7104,87.0
2016-09-02,0.6377,70.0,0.6211,84.0,0.6507,77.0,,,0.712,88.0,0.7239,80.0,0.5992,83.0,0.7047,85.0,,,0.6972,83.0
2016-09-01,0.6632,74.0,0.6927,91.0,0.7508,92.0,,,0.8031,97.0,0.7214,80.0,0.6022,84.0,0.6741,77.0,,,0.6831,80.0
2016-08-31,0.6636,74.0,0.6622,89.0,0.7365,91.0,,,0.7091,87.0,0.721,80.0,0.6013,83.0,0.683,80.0,,,0.6679,76.0
2016-08-30,0.6643,74.0,0.6764,90.0,0.6603,79.0,,,0.6485,77.0,0.7299,82.0,0.6031,84.0,0.6696,76.0,,,0.6769,79.0
2016-08-29,0.6767,76.0,0.6293,86.0,0.6364,75.0,,,0.6173,71.0,0.7212,80.0,0.608,84.0,0.6861,80.0,,,0.6871,81.0
2016-08-26,0.6469,72.0,0.619,84.0,0.6405,75.0,,,0.6316,74.0,0.7257,81.0,0.61,85.0,0.6884,81.0,,,0.6704,77.0
2016-08-25,0.6439,72.0,0.5459,73.0,0.6191,71.0,,,0.6434,76.0,0.7248,81.0,0.6055,84.0,0.6723,77.0,,,0.6942,83.0
2016-08-24,0.4918,45.0,0.5316,70.0,0.679,82.0,,,0.6373,75.0,0.7328,82.0,0.6085,85.0,0.6731,77.0,,,0.6657,76.0
2016-08-23,0.3509,18.0,0.4403,49.0,0.6006,66.0,,,0.5822,62.0,0.719,80.0,0.6043,84.0,0.6669,76.0,,,0.6678,76.0
2016-08-22,0.3629,20.0,0.4475,51.0,0.6044,67.0,,,0.6047,68.0,0.7181,80.0,0.6059,84.0,0.6619,74.0,,,0.6919,82.0
2016-08-19,0.4237,32.0,0.4339,47.0,0.5939,64.0,,,0.5926,65.0,0.7183,80.0,0.6083,84.0,0.6505,70.0,,,0.6771,79.0
2016-08-18,0.2377,5.0,0.4643,55.0,0.5964,65.0,,,0.6523,78.0,0.7072,78.0,0.6104,85.0,0.6721,77.0,,,0.6885,82.0
2016-08-17,0.3009,11.0,0.4579,54.0,0.6234,72.0,,,0.7304,90.0,0.7068,78.0,0.6114,85.0,0.6838,80.0,,,0.6855,81.0
2016-08-16,0.3167,13.0,0.4536,52.0,0.618,70.0,,,0.5899,64.0,0.7044,77.0,0.6116,85.0,0.6936,82.0,,,0.6625,75.0
2016-08-15,0.315,13.0,0.452,52.0,0.562,55.0,,,0.5525,53.0,0.7058,78.0,0.6132,85.0,0.6845,80.0,,,0.671,77.0
2016-08-12,0.2515,6.0,0.4295,46.0,0.5274,44.0,,,0.5473,52.0,0.7075,78.0,0.6187,86.0,0.6759,78.0,,,0.6727,78.0
2016-08-11,0.2418,5.0,0.4241,44.0,0.5514,51.0,,,0.5206,43.0,0.707,78.0,0.6189,86.0,0.7008,84.0,,,0.6814,80.0
2016-08-10,0.245,5.0,0.424,44.0,0.5478,50.0,,,0.6101,69.0,0.7116,79.0,0.6198,87.0,0.6945,83.0,,,0.6965,83.0
2016-08-09,0.2766,8.0,0.3766,28.0,0.6171,70.0,,,0.6347,75.0,0.7157,79.0,0.626,89.0,0.6915,82.0,,,0.6804,80.0
2016-08-08,0.3623,20.0,0.4037,37.0,0.6456,76.0,,,0.6328,74.0,0.725,81.0,0.6276,89.0,0.6979,83.0,,,0.6884,82.0
2016-08-05,0.3676,20.0,0.4087,39.0,0.6432,76.0,,,0.6524,78.0,0.7249,81.0,0.6297,90.0,0.6822,79.0,,,0.6889,82.0
2016-08-04,0.3464,17.0,0.481,60.0,0.6294,73.0,,,0.6333,74.0,0.7276,82.0,0.6323,91.0,0.6802,79.0,,,0.6949,83.0
2016-08-03,0.3512,18.0,0.4995,64.0,0.6392,75.0,,,0.6707,81.0,0.7309,82.0,0.6343,91.0,0.6738,77.0,,,0.7021,85.0
2016-08-02,0.5533,57.0,0.508,65.0,0.661,79.0,,,0.6408,76.0,0.734,83.0,0.638,92.0,0.6973,83.0,,,0.6983,84.0
2016-08-01,0.602,65.0,0.4965,63.0,0.6611,79.0,,,0.6532,78.0,0.736,83.0,0.6387,93.0,0.6871,81.0,,,0.7056,86.0
2016-07-29,0.6359,70.0,0.5466,73.0,0.6456,76.0,,,0.6475,77.0,0.7396,84.0,0.6395,93.0,0.6817,79.0,,,0.7077,86.0
2016-07-28,0.9216,93.0,0.5673,77.0,0.6558,78.0,,,0.675,82.0,0.741,84.0,0.6395,93.0,0.6888,81.0,,,0.7003,84.0
2016-07-27,0.9228,93.0,0.549,73.0,0.6767,82.0,,,0.6669,81.0,0.7415,84.0,0.6389,93.0,0.6822,79.0,,,0.6993,84.0
2016-07-26,0.8365,88.0,0.4679,56.0,0.6994,86.0,,,0.6598,79.0,0.7412,84.0,0.6366,92.0,0.6969,83.0,,,0.6965,83.0
2016-07-25,0.7374,82.0,0.4543,52.0,0.6801,83.0,,,0.685,83.0,0.7419,84.0,0.6371,92.0,0.6616,74.0,,,0.6911,82.0
2016-07-22,0.7221,80.0,0.4547,53.0,0.6633,80.0,,,0.6377,75.0,0.7375,83.0,0.6366,92.0,0.6766,78.0,,,0.6856,81.0
2016-07-21,0.95,94.0,0.5387,71.0,0.6589,79.0,,,0.672,82.0,0.7396,84.0,0.6371,92.0,0.6833,80.0,,,0.7012,85.0
2016-07-20,0.9628,95.0,0.5428,72.0,0.6354,75.0,,,0.6535,78.0,0.7378,83.0,0.6365,92.0,0.6877,81.0,,,0.6799,79.0
2016-07-19,0.759,83.0,0.5501,74.0,0.6477,77.0,,,0.6613,80.0,0.7196,80.0,0.6365,92.0,0.6679,76.0,,,0.6854,81.0
2016-07-18,0.8434,88.0,0.6288,85.0,0.6337,74.0,,,0.6727,82.0,0.719,80.0,0.6379,92.0,0.66,74.0,,,0.6913,82.0
2016-07-15,0.8925,91.0,0.6366,86.0,0.6712,81.0,,,0.6574,79.0,0.7199,80.0,0.642,93.0,0.6842,80.0,,,0.7002,84.0
2016-07-14,0.8793,90.0,0.6356,86.0,0.6657,80.0,,,0.674,82.0,0.7329,82.0,0.6505,95.0,0.7002,84.0,,,0.7018,85.0
2016-07-13,0.8745,90.0,0.6263,85.0,0.6782,82.0,,,0.6083,69.0,0.7333,83.0,0.651,95.0,0.6968,83.0,,,0.6999,84.0
2016-07-12,0.8509,89.0,0.5944,81.0,0.6807,83.0,,,0.5709,57.0,0.7264,81.0,0.6481,95.0,0.7233,89.0,,,0.6767,79.0
2016-07-11,0.6194,68.0,0.5529,74.0,0.6956,85.0,,,0.679,83.0,0.7176,80.0,0.6461,94.0,0.6662,76.0,,,0.7053,86.0
2016-07-08,0.6212,68.0,0.5223,68.0,0.6053,67.0,,,0.6036,68.0,0.7223,80.0,0.6468,94.0,0.6835,80.0,,,0.7325,91.0
2016-07-07,0.5682,59.0,0.4489,51.0,0.6347,74.0,,,0.6401,75.0,0.73,82.0,0.6471,94.0,0.717,87.0,,,0.7084,86.0
2016-07-06,0.6414,71.0,0.5422,72.0,0.682,83.0,,,0.72,89.0,0.7308,82.0,0.6476,95.0,0.6738,77.0,,,0.7135,87.0
2016-07-05,0.6665,75.0,0.5555,74.0,0.6815,83.0,,,0.6743,82.0,0.7321,82.0,0.6484,95.0,0.6776,78.0,,,0.7183,88.0
2016-07-01,0.6871,77.0,0.5455,73.0,0.6415,76.0,,,0.6056,68.0,0.7322,82.0,0.6477,95.0,0.7173,87.0,,,0.7323,91.0
2016-06-30,0.5407,54.0,0.5131,66.0,0.6333,74.0,,,0.6203,71.0,0.7256,81.0,0.6469,94.0,0.6984,83.0,,,0.733,91.0
2016-06-29,0.5565,57.0,0.497,63.0,0.6133,69.0,,,0.6083,69.0,0.7264,81.0,0.6469,94.0,0.7192,88.0,,,0.7243,89.0
2016-06-28,0.551,56.0,0.5471,73.0,0.6394,75.0,,,0.6594,79.0,0.7251,81.0,0.6461,94.0,0.724,89.0,,,0.7407,92.0
2016-06-27,0.559,57.0,0.5642,76.0,0.7504,92.0,,,0.6944,85.0,0.7295,82.0,0.6452,94.0,0.7395,91.0,,,0.7142,87.0
2016-06-24,0.5229,51.0,0.5972,81.0,0.6895,84.0,,,0.6601,80.0,0.7247,81.0,0.641,93.0,0.7178,88.0,,,0.7113,87.0
2016-06-23,0.5158,50.0,0.6279,85.0,0.6971,85.0,,,0.7151,88.0,0.7338,83.0,0.6427,93.0,0.7063,85.0,,,0.7179,88.0
2016-06-22,0.543,55.0,0.6496,88.0,0.6916,85.0,,,0.7117,88.0,0.7369,83.0,0.6443,94.0,0.6845,80.0,,,0.7402,92.0
2016-06-21,0.5475,56.0,0.6501,88.0,0.6843,83.0,,,0.6882,84.0,0.7377,83.0,0.6443,94.0,0.7327,90.0,,,0.7186,88.0
2016-06-20,0.5619,57.0,0.7001,91.0,0.6967,85.0,,,0.6733,82.0,0.7359,83.0,0.6451,94.0,0.684,80.0,,,0.7477,93.0
2016-06-17,0.5536,57.0,0.677,90.0,0.7289,90.0,,,0.709,87.0,0.7356,83.0,0.6446,94.0,0.7399,91.0,,,0.725,89.0
2016-06-16,0.6788,76.0,0.6597,88.0,0.7376,91.0,,,0.7045,86.0,0.7353,83.0,0.6438,94.0,0.7511,93.0,,,0.7157,87.0
2016-06-15,0.642,71.0,0.5488,73.0,0.6608,79.0,,,0.7014,85.0,0.7537,86.0,0.6411,93.0,0.7262,89.0,,,0.7153,87.0
2016-06-14,0.5817,62.0,0.5152,67.0,0.741,91.0,,,0.785,95.0,0.7563,87.0,0.6403,93.0,0.7324,90.0,,,0.7246,89.0
2016-06-13,0.8303,88.0,0.5162,67.0,0.7729,94.0,,,0.8225,98.0,0.7561,87.0,0.6399,93.0,0.7046,85.0,,,0.7319,90.0
2016-06-10,0.828,87.0,0.5225,68.0,0.6744,82.0,,,0.6745,82.0,0.758,87.0,0.6408,93.0,0.7051,85.0,,,0.7039,85.0
2016-06-09,0.7714,84.0,0.4822,60.0,0.6406,75.0,,,0.6634,80.0,0.7572,87.0,0.6385,92.0,0.6997,84.0,,,0.708,86.0
2016-06-08,0.7816,85.0,0.4763,59.0,0.6851,84.0,,,0.6442,76.0,0.7563,87.0,0.6371,92.0,0.7473,92.0,,,0.7039,85.0
2016-06-07,0.8425,88.0,0.4957,63.0,0.6739,82.0,,,0.6671,81.0,0.7525,86.0,0.6372,92.0,0.714,87.0,,,0.721,88.0
2016-06-06,0.8254,87.0,0.5382,71.0,0.6759,82.0,,,0.6953,85.0,0.7529,86.0,0.6377,92.0,0.701,84.0,,,0.7422,92.0
2016-06-03,0.8569,89.0,0.6152,84.0,0.6389,75.0,,,0.6522,78.0,0.76,87.0,0.6397,93.0,0.6682,76.0,,,0.7449,93.0
2016-06-02,0.6984,78.0,0.6446,87.0,0.6548,78.0,,,0.6527,78.0,0.7469,85.0,0.6393,93.0,0.72,88.0,,,0.7337,91.0
2016-06-01,0.678,76.0,0.6667,89.0,0.6781,82.0,,,0.6747,82.0,0.7472,85.0,0.6386,92.0,0.7398,91.0,,,0.7139,87.0
2016-05-31,0.683,77.0,0.6969,91.0,0.6946,85.0,,,0.6678,81.0,0.7501,86.0,0.6385,92.0,0.7354,91.0,,,0.7257,89.0
2016-05-27,0.7154,80.0,0.7941,97.0,0.6654,80.0,,,0.685,83.0,0.7518,86.0,0.6389,93.0,0.7964,97.0,,,0.6953,83.0
2016-05-26,0.7845,85.0,0.8212,98.0,0.7163,88.0,,,0.686,83.0,0.7475,85.0,0.6382,92.0,0.7417,91.0,,,0.722,89.0
2016-05-25,0.946,94.0,0.8389,98.0,0.6782,82.0,,,0.7217,89.0,0.7476,85.0,0.6368,92.0,0.7092,86.0,,,0.7368,91.0
2016-05-24,0.9439,94.0,0.7872,97.0,0.6873,84.0,,,0.7045,86.0,0.7456,85.0,0.6326,91.0,0.7626,94.0,,,0.6933,83.0
2016-05-23,0.7612,83.0,0.7457,95.0,0.7062,87.0,,,0.6626,80.0,0.7394,84.0,0.6306,90.0,0.7639,94.0,,,0.7505,94.0
2016-05-20,0.7638,84.0,0.7257,93.0,0.6908,84.0,,,0.7191,88.0,0.7413,84.0,0.6291,90.0,0.719,88.0,,,0.749,93.0
2016-05-19,0.7997,86.0,0.7201,93.0,0.6957,85.0,,,0.7696,94.0,0.7443,85.0,0.6284,90.0,0.7472,92.0,,,0.7599,95.0
2016-05-18,0.8179,87.0,0.6095,83.0,0.7234,89.0,,,0.7112,87.0,0.7508,86.0,0.6249,89.0,0.7426,92.0,,,0.7242,89.0
2016-05-17,0.9279,93.0,0.5689,77.0,0.7151,88.0,,,0.6882,84.0,0.7417,84.0,0.6237,88.0,0.7486,92.0,,,0.7434,92.0
2016-05-16,0.8912,91.0,0.5275,69.0,0.7253,89.0,,,0.7475,92.0,0.7418,84.0,0.6228,88.0,0.7483,92.0,,,0.7612,95.0
2016-05-13,0.8817,90.0,0.51,66.0,0.6539,78.0,,,0.6934,84.0,0.7399,84.0,0.6237,88.0,0.7198,88.0,,,0.7437,92.0
2016-05-12,0.9658,95.0,0.5541,74.0,0.7386,91.0,,,0.7027,86.0,0.7414,84.0,0.6266,89.0,0.7323,90.0,,,0.7587,95.0
2016-05-11,0.9744,95.0,0.558,75.0,0.7256,89.0,,,0.7524,92.0,0.7423,84.0,0.6264,89.0,0.7119,86.0,,,0.7618,95.0
2016-05-10,0.9471,94.0,0.5762,78.0,0.7753,94.0,,,0.7848,95.0,0.7396,84.0,0.6242,88.0,0.7871,96.0,,,0.7611,95.0
2016-05-09,0.976,95.0,0.5597,76.0,0.8651,98.0,,,0.7889,96.0,0.7417,84.0,0.6234,88.0,0.7837,96.0,,,0.7392,92.0
2016-05-06,0.7564,83.0,0.5489,73.0,0.7686,94.0,,,0.7634,93.0,0.7261,81.0,0.6233,88.0,0.7383,91.0,,,0.7729,96.0
2016-05-05,0.7067,79.0,0.5407,72.0,0.7818,95.0,,,0.7968,96.0,0.7281,82.0,0.6227,88.0,0.7524,93.0,,,0.7646,96.0
2016-05-04,0.7973,86.0,0.5912,81.0,0.7967,95.0,,,0.7602,93.0,0.7287,82.0,0.623,88.0,0.7707,95.0,,,0.7483,93.0
2016-05-03,0.6935,78.0,0.5707,78.0,0.795,95.0,,,0.7718,94.0,0.7318,82.0,0.6244,88.0,0.7996,97.0,,,0.7816,97.0
2016-05-02,0.8787,90.0,0.6444,87.0,0.8197,96.0,,,0.8165,97.0,0.7308,82.0,0.6248,89.0,0.7902,96.0,,,0.6781,79.0
2016-04-29,0.7761,85.0,0.6297,86.0,0.7747,94.0,,,0.7676,94.0,0.7256,81.0,0.6235,88.0,0.768,94.0,,,0.7473,93.0
2016-04-28,0.7637,84.0,0.6998,91.0,0.7127,88.0,,,0.7115,87.0,0.7235,80.0,0.6235,88.0,0.7476,92.0,,,0.7534,94.0
2016-04-27,1.1599,98.0,0.7322,94.0,0.6802,83.0,,,0.7663,94.0,0.735,83.0,0.6273,89.0,0.7341,90.0,,,0.7274,90.0
2016-04-26,1.1612,98.0,0.7259,93.0,0.693,85.0,,,0.7336,91.0,0.7342,83.0,0.6303,90.0,0.7137,87.0,,,0.7895,98.0
2016-04-25,1.1839,99.0,0.7468,95.0,0.7749,94.0,,,0.7451,92.0,0.7301,82.0,0.6287,90.0,0.7501,92.0,,,0.7637,95.0
2016-04-22,1.2169,99.0,0.7715,96.0,0.7476,92.0,,,0.7222,89.0,0.7301,82.0,0.6282,89.0,0.7428,92.0,,,0.7173,88.0
2016-04-21,1.0264,96.0,0.7112,92.0,0.7239,89.0,,,0.8026,96.0,0.7199,80.0,0.6243,88.0,0.7426,92.0,,,0.7332,91.0
2016-04-20,1.0196,96.0,0.6801,90.0,0.6842,83.0,,,0.7205,89.0,0.7199,80.0,0.622,87.0,0.7303,90.0,,,0.6953,83.0
2016-04-19,0.9421,94.0,0.6593,88.0,0.6697,81.0,,,0.7092,87.0,0.7242,81.0,0.6185,86.0,0.6888,81.0,,,0.7492,93.0
2016-04-18,0.668,75.0,0.6298,86.0,0.6599,79.0,,,0.6432,76.0,0.6977,76.0,0.6167,86.0,0.7252,89.0,,,0.6986,84.0
2016-04-15,0.6724,75.0,0.6201,84.0,0.6543,78.0,,,0.6702,81.0,0.7078,78.0,0.6213,87.0,0.7116,86.0,,,0.7358,91.0
2016-04-14,0.6143,67.0,0.5441,72.0,0.6672,80.0,,,0.6523,78.0,0.7016,77.0,0.6181,86.0,0.7277,89.0,,,0.6875,81.0
2016-04-13,0.525,51.0,0.4926,62.0,0.6832,83.0,,,0.6663,80.0,0.7026,77.0,0.6186,86.0,0.7402,91.0,,,0.6995,84.0
2016-04-12,0.6437,72.0,0.4821,60.0,0.623,72.0,,,0.6659,80.0,0.7041,77.0,0.6195,87.0,0.7096,86.0,,,0.6879,81.0
2016-04-11,0.6548,73.0,0.5319,70.0,0.6587,78.0,,,0.6758,82.0,0.7063,78.0,0.6205,87.0,0.6689,76.0,,,0.7182,88.0
2016-04-08,0.5127,49.0,0.5157,67.0,0.5981,66.0,,,0.7005,85.0,0.6976,76.0,0.6203,87.0,0.7139,87.0,,,0.7021,85.0
2016-04-07,0.4224,32.0,0.5241,69.0,0.6736,81.0,,,0.625,73.0,0.6981,76.0,0.6195,87.0,0.7147,87.0,,,0.7028,85.0
2016-04-06,0.508,48.0,0.5913,81.0,0.6516,77.0,,,0.7649,94.0,0.7008,77.0,0.6202,87.0,0.6833,80.0,,,0.7066,86.0
2016-04-05,0.5106,49.0,0.6246,85.0,0.6979,86.0,,,0.7042,86.0,0.7008,77.0,0.6218,87.0,0.7209,88.0,,,0.7091,86.0
2016-04-04,0.5715,60.0,0.648,87.0,0.6708,81.0,,,0.6636,80.0,0.706,78.0,0.6232,88.0,0.7356,91.0,,,0.6919,82.0
2016-04-01,0.6651,74.0,0.6591,88.0,0.64,75.0,,,0.6932,84.0,0.7036,77.0,0.6255,89.0,0.686,80.0,,,0.7173,88.0
2016-03-31,0.6617,74.0,0.6291,86.0,0.6544,78.0,,,0.7238,89.0,0.7286,82.0,0.6305,90.0,0.7402,91.0,,,0.6835,80.0
2016-03-30,0.6401,71.0,0.6006,82.0,0.6531,78.0,,,0.67,81.0,0.7269,81.0,0.632,91.0,0.7214,88.0,,,0.6973,83.0
2016-03-29,0.6749,76.0,0.5979,82.0,0.6543,78.0,,,0.7318,90.0,0.7324,82.0,0.6343,91.0,0.6873,81.0,,,0.7524,94.0
2016-03-28,0.637,70.0,0.6307,86.0,0.6787,82.0,,,0.7862,95.0,0.7303,82.0,0.6318,91.0,0.723,89.0,,,0.7209,88.0
2016-03-24,0.7496,82.0,0.734,94.0,0.6656,80.0,,,0.7084,87.0,0.7395,84.0,0.6304,90.0,0.7277,89.0,,,0.7279,90.0
2016-03-23,0.7311,81.0,0.7242,93.0,0.7472,92.0,,,0.7082,87.0,0.7382,84.0,0.63,90.0,0.7757,95.0,,,0.7176,88.0
2016-03-22,0.5338,53.0,0.7747,96.0,0.6632,80.0,,,0.6983,85.0,0.744,85.0,0.6339,91.0,0.7572,93.0,,,0.7103,87.0
2016-03-21,0.5001,47.0,0.7811,97.0,0.685,83.0,,,0.7293,90.0,0.7464,85.0,0.6351,92.0,0.7361,91.0,,,0.739,92.0
2016-03-18,0.5809,62.0,0.7946,97.0,0.6386,75.0,,,0.7186,88.0,0.7499,86.0,0.634,91.0,0.7239,89.0,,,0.733,91.0
2016-03-17,0.5935,64.0,0.8185,98.0,0.731,90.0,,,0.6423,76.0,0.7476,85.0,0.6333,91.0,0.7824,95.0,,,0.7122,87.0
2016-03-16,0.6423,71.0,0.7692,96.0,0.6643,80.0,,,0.7044,86.0,0.7471,85.0,0.6301,90.0,0.7421,91.0,,,0.773,96.0
2016-03-15,0.698,78.0,0.6736,90.0,0.7031,86.0,,,0.725,90.0,0.7397,84.0,0.6239,88.0,0.7467,92.0,,,0.735,91.0
2016-03-14,0.6981,78.0,0.7782,96.0,0.7181,88.0,,,0.7306,90.0,0.742,84.0,0.6232,88.0,0.7524,93.0,,,0.7085,86.0
2016-03-11,0.6644,74.0,0.7516,95.0,0.589,63.0,,,0.6898,84.0,0.7424,84.0,0.6209,87.0,0.7561,93.0,,,0.727,90.0
2016-03-10,0.6203,68.0,0.7318,94.0,0.6605,79.0,,,0.7176,88.0,0.7423,84.0,0.6201,87.0,0.7462,92.0,,,0.7576,95.0
2016-03-09,0.8412,88.0,0.7643,96.0,0.7409,91.0,,,0.6651,80.0,0.7356,83.0,0.6208,87.0,0.8191,98.0,,,0.7615,95.0
2016-03-08,0.8422,88.0,0.7248,93.0,0.7695,94.0,,,0.7028,86.0,0.7372,83.0,0.6208,87.0,0.7751,95.0,,,0.7391,92.0
2016-03-07,0.8294,88.0,0.7327,94.0,0.6874,84.0,,,0.7543,92.0,0.74,84.0,0.6234,88.0,0.7738,95.0,,,0.7762,97.0
2016-03-04,0.7052,79.0,0.7543,95.0,0.7349,91.0,,,0.7025,86.0,0.7288,82.0,0.6218,87.0,0.7467,92.0,,,0.7411,92.0
2016-03-03,0.7003,78.0,0.6704,89.0,0.6903,84.0,,,0.7067,87.0,0.7285,82.0,0.6166,86.0,0.7581,93.0,,,0.7473,93.0
2016-03-02,0.594,64.0,0.6431,87.0,0.662,79.0,,,0.7702,94.0,0.7248,81.0,0.6185,86.0,0.7923,96.0,,,0.7767,97.0
2016-03-01,0.5718,60.0,0.6558,88.0,0.7748,94.0,,,0.681,83.0,0.7262,81.0,0.6242,88.0,0.8497,99.0,,,0.7516,94.0
2016-02-29,0.4314,34.0,0.619,84.0,0.751,92.0,,,0.6817,83.0,0.7244,81.0,0.6248,89.0,0.8092,97.0,,,0.751,94.0
2016-02-26,0.5849,63.0,0.711,92.0,0.7293,90.0,,,0.722,89.0,0.725,81.0,0.6279,89.0,0.8208,98.0,,,0.7521,94.0
2016-02-25,0.5806,62.0,0.6931,91.0,0.6454,76.0,,,0.7595,93.0,0.7267,81.0,0.6283,90.0,0.7357,91.0,,,0.7997,98.0
2016-02-24,0.6162,67.0,0.6608,89.0,0.7209,89.0,,,0.8379,98.0,0.7329,82.0,0.6286,90.0,0.7593,93.0,,,0.7614,95.0
2016-02-23,0.738,82.0,0.7462,95.0,0.7635,93.0,,,0.836,98.0,0.7372,83.0,0.6279,89.0,0.7971,97.0,,,0.7718,96.0
2016-02-22,0.8817,90.0,0.7509,95.0,0.8465,98.0,,,0.7642,93.0,0.7406,84.0,0.6329,91.0,0.8336,99.0,,,0.782,97.0
2016-02-19,0.8603,89.0,0.7766,96.0,0.8087,96.0,,,0.7779,95.0,0.7492,86.0,0.6421,93.0,0.8387,99.0,,,0.7521,94.0
2016-02-18,0.8848,90.0,0.7919,97.0,0.8429,97.0,,,0.812,97.0,0.7545,86.0,0.6434,94.0,0.7918,96.0,,,0.8084,99.0
2016-02-17,0.8733,90.0,0.7284,94.0,0.7356,91.0,,,0.8709,99.0,0.7485,85.0,0.6376,92.0,0.8155,98.0,,,0.7822,97.0
2016-02-16,0.8999,91.0,0.7791,96.0,0.7924,95.0,,,0.9335,99.0,0.749,86.0,0.6366,92.0,0.801,97.0,,,0.7908,98.0
2016-02-12,0.7392,82.0,0.776,96.0,0.7591,93.0,,,0.927,99.0,0.7494,86.0,0.6356,92.0,0.8101,97.0,,,0.8145,99.0
2016-02-11,0.7368,82.0,0.6663,89.0,0.7939,95.0,,,0.6957,85.0,0.7485,85.0,0.629,90.0,0.7848,96.0,,,0.7841,97.0
2016-02-10,0.7597,83.0,0.6558,88.0,0.6815,83.0,,,0.8467,98.0,0.7366,83.0,0.6291,90.0,0.7723,95.0,,,0.8044,99.0
2016-02-09,0.753,83.0,0.6114,83.0,0.8857,99.0,,,0.756,93.0,0.7427,84.0,0.6283,90.0,0.8294,98.0,,,0.7663,96.0
2016-02-08,0.5501,56.0,0.5724,78.0,0.8105,96.0,,,0.7043,86.0,0.7567,87.0,0.6294,90.0,0.8111,97.0,,,0.7552,94.0
2016-02-05,0.6666,75.0,0.5592,75.0,0.6197,71.0,,,0.7533,92.0,0.7569,87.0,0.6299,90.0,0.778,95.0,,,0.7928,98.0
2016-02-04,0.6323,69.0,0.4749,57.0,0.68,83.0,,,0.7181,88.0,0.7663,88.0,0.6318,91.0,0.7833,96.0,,,0.7484,93.0
2016-02-03,0.6612,74.0,0.4586,54.0,0.6952,85.0,,,0.6832,83.0,0.7629,87.0,0.6339,91.0,0.7429,92.0,,,0.7519,94.0
2016-02-02,0.6008,65.0,0.4809,60.0,0.5643,56.0,,,0.7539,92.0,0.7607,87.0,0.6348,91.0,0.7766,95.0,,,0.7096,86.0
2016-02-01,0.4966,46.0,0.5042,65.0,0.7198,89.0,,,0.6782,83.0,0.7606,87.0,0.6366,92.0,0.824,98.0,,,0.7612,95.0
2016-01-29,0.5069,48.0,0.5284,69.0,0.6901,84.0,,,0.7218,89.0,0.7596,87.0,0.6385,92.0,0.7622,94.0,,,0.7738,96.0
2016-01-28,0.4859,44.0,0.5832,79.0,0.6933,85.0,,,0.735,91.0,0.7563,87.0,0.638,92.0,0.7923,96.0,,,0.7372,92.0
2016-01-27,0.7513,83.0,0.7156,93.0,0.7075,87.0,,,0.7363,91.0,0.7557,87.0,0.6372,92.0,0.7981,97.0,,,0.756,94.0
2016-01-26,0.7553,83.0,0.7318,94.0,0.6124,69.0,,,0.7727,94.0,0.7576,87.0,0.637,92.0,0.7676,94.0,,,0.7741,96.0
2016-01-25,0.6429,71.0,0.7359,94.0,0.8554,98.0,,,0.7249,90.0,0.7519,86.0,0.6368,92.0,0.833,99.0,,,0.7375,92.0
2016-01-22,0.6447,72.0,0.716,93.0,0.6917,85.0,,,0.7859,95.0,0.7537,86.0,0.6357,92.0,0.8156,98.0,,,0.736,91.0
2016-01-21,0.6384,70.0,0.7327,94.0,0.7741,94.0,,,0.788,96.0,0.7832,90.0,0.6419,93.0,0.7527,93.0,,,0.7502,94.0
2016-01-20,0.7342,82.0,0.7776,96.0,0.6594,79.0,,,0.8198,98.0,0.784,90.0,0.6496,95.0,0.7701,94.0,,,0.7383,92.0
2016-01-19,0.5434,55.0,0.7303,94.0,0.8079,96.0,,,0.7533,92.0,0.7874,90.0,0.6505,95.0,0.8469,99.0,,,0.6927,82.0
2016-01-15,0.4477,37.0,0.5965,81.0,0.7792,94.0,,,0.7706,94.0,0.7791,89.0,0.6442,94.0,0.8687,100.0,,,0.7095,86.0
2016-01-14,0.4731,41.0,0.5617,76.0,0.716,88.0,,,0.7291,90.0,0.7818,89.0,0.6442,94.0,0.8351,99.0,,,0.7311,90.0
2016-01-13,0.4761,42.0,0.5695,77.0,0.7316,90.0,,,0.7718,94.0,0.8045,93.0,0.6533,95.0,0.8212,98.0,,,0.7443,92.0
2016-01-12,0.6307,69.0,0.5695,77.0,0.6889,84.0,,,0.7601,93.0,0.8127,95.0,0.6554,96.0,0.8079,97.0,,,0.7379,92.0
2016-01-11,0.6313,69.0,0.5074,65.0,0.7428,91.0,,,0.7063,86.0,0.8131,95.0,0.6547,95.0,0.8378,99.0,,,0.6888,82.0
2016-01-08,0.4891,45.0,0.3969,35.0,0.7238,89.0,,,0.688,84.0,0.8063,94.0,0.6504,95.0,0.8171,98.0,,,0.72,88.0
2016-01-07,0.459,39.0,0.3811,30.0,0.7523,92.0,,,0.7107,87.0,0.805,93.0,0.65,95.0,0.7951,96.0,,,0.7203,88.0
2016-01-06,0.6565,73.0,0.4228,44.0,0.7024,86.0,,,0.7386,91.0,0.8068,94.0,0.651,95.0,0.8245,98.0,,,0.7324,91.0
2016-01-05,0.7817,85.0,0.4686,56.0,0.6931,85.0,,,0.7809,95.0,0.8078,94.0,0.6522,95.0,0.7982,97.0,,,0.7251,89.0
2016-01-04,0.8036,86.0,0.4529,52.0,0.713,88.0,,,0.7276,90.0,0.8077,94.0,0.652,95.0,0.7449,92.0,,,0.7345,91.0
2015-12-31,0.7583,83.0,0.4539,52.0,0.644,76.0,,,0.7525,92.0,0.805,93.0,0.6522,95.0,0.7702,94.0,,,0.7277,90.0
2015-12-30,0.785,85.0,0.5145,67.0,0.713,88.0,,,0.6317,74.0,0.8063,94.0,0.6533,95.0,0.7982,97.0,,,0.7214,88.0
2015-12-29,0.7153,80.0,0.5352,71.0,0.6779,82.0,,,0.7006,85.0,0.8055,94.0,0.6542,95.0,0.8061,97.0,,,0.7268,90.0
2015-12-28,1.0587,97.0,0.5976,82.0,0.7257,90.0,,,0.6914,84.0,0.8057,94.0,0.6539,95.0,0.8133,98.0,,,0.735,91.0
2015-12-24,0.9779,95.0,0.5832,79.0,0.6425,76.0,,,0.7054,86.0,0.7998,93.0,0.6529,95.0,0.7686,94.0,,,0.7769,97.0
2015-12-23,0.9596,94.0,0.567,77.0,0.6582,78.0,,,0.7239,89.0,0.7949,91.0,0.6518,95.0,0.79,96.0,,,0.7554,94.0
2015-12-22,0.9531,94.0,0.5858,80.0,0.7341,90.0,,,0.6462,77.0,0.7931,91.0,0.6513,95.0,0.8386,99.0,,,0.7523,94.0
2015-12-21,0.954,94.0,0.5822,79.0,0.8041,96.0,,,0.7031,86.0,0.7945,91.0,0.6518,95.0,0.8058,97.0,,,0.7442,92.0
2015-12-18,0.9158,92.0,0.5369,71.0,0.899,99.0,,,0.7447,92.0,0.793,91.0,0.649,95.0,0.8285,98.0,,,0.7382,92.0
2015-12-17,0.9167,92.0,0.5341,70.0,0.8696,98.0,,,0.6875,84.0,0.7914,91.0,0.6481,95.0,0.8804,100.0,,,0.7151,87.0
2015-12-16,0.5999,65.0,0.4741,57.0,0.6975,85.0,,,0.7988,96.0,0.7767,89.0,0.645,94.0,0.811,97.0,,,0.7637,95.0
2015-12-15,0.4751,42.0,0.5018,64.0,0.921,99.0,,,0.7224,89.0,0.7705,88.0,0.6443,94.0,0.8343,99.0,,,0.7268,90.0
2015-12-14,0.6358,70.0,0.5037,65.0,0.8278,97.0,,,0.7305,90.0,0.7705,88.0,0.6439,94.0,0.8567,100.0,,,0.7425,92.0
2015-12-11,0.6406,71.0,0.4717,57.0,0.8755,98.0,,,0.7286,90.0,0.771,88.0,0.6427,93.0,0.8514,99.0,,,0.7639,95.0
2015-12-10,0.6755,76.0,0.4827,60.0,0.7352,91.0,,,0.7372,91.0,0.7715,88.0,0.6424,93.0,0.8265,98.0,,,0.7678,96.0
2015-12-09,0.7306,81.0,0.5169,67.0,0.8142,96.0,,,0.7639,93.0,0.7715,88.0,0.6418,93.0,0.8191,98.0,,,0.7638,95.0
2015-12-08,0.7375,82.0,0.5168,67.0,0.9005,99.0,,,0.7266,90.0,0.7767,89.0,0.6442,94.0,0.8442,99.0,,,0.752,94.0
2015-12-07,0.717,80.0,0.5191,68.0,0.7901,95.0,,,0.7606,93.0,0.7759,89.0,0.6433,94.0,0.8661,100.0,,,0.7497,93.0
2015-12-04,0.542,54.0,0.4662,56.0,0.6496,77.0,,,0.7671,94.0,0.7715,88.0,0.6406,93.0,0.7852,96.0,,,0.7822,97.0
2015-12-03,0.6212,68.0,0.4698,57.0,0.7711,94.0,,,0.7647,94.0,0.7673,88.0,0.6396,93.0,0.8362,99.0,,,0.7777,97.0
2015-12-02,0.6803,76.0,0.4808,60.0,0.803,96.0,,,0.7141,88.0,0.7664,88.0,0.6394,93.0,0.8413,99.0,,,0.7888,98.0
2015-12-01,0.6706,75.0,0.5092,66.0,0.7213,89.0,,,0.9014,99.0,0.7648,87.0,0.6387,93.0,0.781,95.0,,,0.8101,99.0
2015-11-30,0.7741,84.0,0.5642,76.0,0.7611,93.0,,,0.7737,95.0,0.7622,87.0,0.6367,92.0,0.8187,98.0,,,0.8017,99.0
2015-11-27,0.7843,85.0,0.592,81.0,0.7253,89.0,,,0.8007,96.0,0.7601,87.0,0.6359,92.0,0.8025,97.0,,,0.8134,99.0
2015-11-25,0.8759,90.0,0.6249,85.0,0.7565,93.0,,,0.808,97.0,0.7611,87.0,0.6355,92.0,0.837,99.0,,,0.8025,99.0
2015-11-24,0.872,90.0,0.6498,88.0,0.7796,94.0,,,0.8187,97.0,0.7619,87.0,0.6352,92.0,0.8241,98.0,,,0.8142,99.0
2015-11-23,0.8007,86.0,0.6827,90.0,0.8503,98.0,,,0.7091,87.0,0.7533,86.0,0.6344,91.0,0.8484,99.0,,,0.7808,97.0
2015-11-20,0.785,85.0,0.6831,90.0,0.7481,92.0,,,0.8222,98.0,0.7525,86.0,0.6338,91.0,0.8202,98.0,,,0.8094,99.0
2015-11-19,0.7237,81.0,0.6517,88.0,0.7558,93.0,,,0.8396,98.0,0.7522,86.0,0.6319,91.0,0.7872,96.0,,,0.827,100.0
2015-11-18,0.6417,71.0,0.5803,79.0,0.7166,88.0,,,0.8016,96.0,0.7426,84.0,0.6274,89.0,0.8666,100.0,,,0.8048,99.0
2015-11-17,0.5859,63.0,0.5626,76.0,0.7932,95.0,,,0.752,92.0,0.7425,84.0,0.6259,89.0,0.8249,98.0,,,0.7774,97.0
2015-11-16,0.5794,61.0,0.5259,69.0,0.5753,59.0,,,0.7449,92.0,0.7395,84.0,0.6233,88.0,0.8209,98.0,,,0.7905,98.0
2015-11-13,0.5761,61.0,0.4956,63.0,0.7255,89.0,,,0.856,98.0,0.7391,84.0,0.6212,87.0,0.8398,99.0,,,0.8143,99.0
2015-11-12,0.4766,42.0,0.5074,65.0,0.8167,96.0,,,0.7597,93.0,0.7353,83.0,0.6179,86.0,0.9161,100.0,,,0.7915,98.0
2015-11-11,0.5603,57.0,0.5258,69.0,0.83,97.0,,,0.7783,95.0,0.7361,83.0,0.6172,86.0,0.8265,98.0,,,0.724,89.0
2015-11-10,0.5992,65.0,0.5625,76.0,0.7969,95.0,,,0.6843,83.0,0.7362,83.0,0.6168,86.0,0.8462,99.0,,,0.7647,96.0
2015-11-09,0.5686,60.0,0.5631,76.0,0.8352,97.0,,,0.729,90.0,0.7338,83.0,0.6162,86.0,0.8167,98.0,,,0.7309,90.0
2015-11-06,0.6157,67.0,0.6239,85.0,0.907,99.0,,,0.7008,85.0,0.7335,83.0,0.6149,86.0,0.8517,100.0,,,0.7325,91.0
2015-11-05,0.6569,73.0,0.68,90.0,0.8497,98.0,,,0.8039,97.0,0.7322,82.0,0.6146,86.0,0.8207,98.0,,,0.7569,94.0
2015-11-04,0.6564,73.0,0.6895,91.0,0.7776,94.0,,,0.7285,90.0,0.7319,82.0,0.6142,85.0,0.8537,100.0,,,0.7563,94.0
2015-11-03,0.5895,63.0,0.6408,87.0,0.7974,95.0,,,0.9304,99.0,0.7267,81.0,0.6105,85.0,0.7613,94.0,,,0.7964,98.0
2015-11-02,0.5559,57.0,0.6343,86.0,0.7466,92.0,,,0.8808,99.0,0.7298,82.0,0.6109,85.0,0.7497,92.0,,,0.7913,98.0
2015-10-30,0.5426,55.0,0.6038,82.0,0.9539,99.0,,,0.7391,91.0,0.7301,82.0,0.6106,85.0,0.8757,100.0,,,0.767,96.0
2015-10-29,0.6186,68.0,0.6157,84.0,0.8864,99.0,,,0.7122,88.0,0.7304,82.0,0.6113,85.0,0.8653,100.0,,,0.7587,95.0
2015-10-28,0.5382,54.0,0.5504,74.0,0.7718,94.0,,,0.91,99.0,0.7223,80.0,0.6077,84.0,0.7813,95.0,,,0.781,97.0
2015-10-27,0.6957,78.0,0.5718,78.0,0.7937,95.0,,,0.7782,95.0,0.7226,80.0,0.6033,84.0,0.804,97.0,,,0.7901,98.0
2015-10-26,0.7065,79.0,0.5676,77.0,0.86,98.0,,,0.7524,92.0,0.7231,80.0,0.6029,84.0,0.8229,98.0,,,0.7998,98.0
2015-10-23,0.7889,86.0,0.6189,84.0,0.7942,95.0,,,0.7963,96.0,0.7252,81.0,0.603,84.0,0.8326,99.0,,,0.8068,99.0
2015-10-22,0.8456,88.0,0.6327,86.0,0.8096,96.0,,,0.7829,95.0,0.7253,81.0,0.6024,84.0,0.8186,98.0,,,0.7921,98.0
2015-10-21,0.9067,92.0,0.6551,88.0,0.8079,96.0,,,0.7064,86.0,0.7255,81.0,0.6027,84.0,0.8308,99.0,,,0.7807,97.0
2015-10-20,0.848,89.0,0.6881,91.0,0.7603,93.0,,,0.7618,93.0,0.7241,81.0,0.603,84.0,0.7771,95.0,,,0.8064,99.0
2015-10-19,0.8665,89.0,0.6768,90.0,0.798,95.0,,,0.773,94.0,0.7217,80.0,0.6026,84.0,0.8127,97.0,,,0.7772,97.0
2015-10-16,0.7253,81.0,0.6005,82.0,0.8296,97.0,,,0.7026,86.0,0.7126,79.0,0.5977,83.0,0.7956,97.0,,,0.7791,97.0
2015-10-15,0.659,74.0,0.6156,84.0,0.7316,90.0,,,0.7617,93.0,0.7115,79.0,0.5971,83.0,0.7786,95.0,,,0.8092,99.0
2015-10-14,0.7173,80.0,0.5873,80.0,0.7808,95.0,,,0.7158,88.0,0.7089,79.0,0.5933,82.0,0.821,98.0,,,0.7895,98.0
2015-10-13,0.7029,78.0,0.6044,82.0,0.7233,89.0,,,0.8576,99.0,0.7066,78.0,0.5913,82.0,0.7615,94.0,,,0.8144,99.0
2015-10-12,1.0275,96.0,0.71,92.0,0.8412,97.0,,,0.7707,94.0,0.703,77.0,0.5905,82.0,0.805,97.0,,,0.7778,97.0
2015-10-09,0.9928,95.0,0.725,93.0,0.6848,83.0,,,0.8118,97.0,0.7019,77.0,0.5877,81.0,0.7614,94.0,,,0.8052,99.0
2015-10-08,1.0269,96.0,0.7764,96.0,0.8216,97.0,,,0.8122,97.0,0.7016,77.0,0.589,82.0,0.801,97.0,,,0.7682,96.0
2015-10-07,0.9385,93.0,0.7784,96.0,0.7847,95.0,,,0.8484,98.0,0.6993,76.0,0.5886,82.0,0.7539,93.0,,,0.8011,99.0
2015-10-06,1.1458,98.0,0.762,95.0,0.7555,93.0,,,0.7775,95.0,0.6996,77.0,0.5865,81.0,0.7722,95.0,,,0.8241,100.0
2015-10-05,1.1288,98.0,0.7551,95.0,0.8037,96.0,,,0.8167,97.0,0.6933,75.0,0.5846,80.0,0.8221,98.0,,,0.7852,97.0
2015-10-02,1.2457,99.0,0.788,97.0,0.8451,97.0,,,0.8536,98.0,0.6936,75.0,0.5815,79.0,0.7829,96.0,,,0.8104,99.0
2015-10-01,1.016,96.0,0.707,92.0,0.8545,98.0,,,0.8274,98.0,0.6658,70.0,0.5739,77.0,0.7729,95.0,,,0.7573,94.0
2015-09-30,1.0485,97.0,0.6377,87.0,0.8371,97.0,,,0.9274,99.0,0.6699,70.0,0.5698,76.0,0.7339,90.0,,,0.773,96.0
2015-09-29,0.9061,92.0,0.578,78.0,0.8155,96.0,,,0.7719,94.0,0.6625,69.0,0.5656,76.0,0.7955,97.0,,,0.7613,95.0
2015-09-28,0.9218,93.0,0.5991,82.0,0.8496,98.0,,,0.7553,93.0,0.6625,69.0,0.5654,76.0,0.7851,96.0,,,0.7495,93.0
2015-09-25,0.796,86.0,0.6272,85.0,0.8162,96.0,,,0.8192,97.0,0.6554,67.0,0.5659,76.0,0.7488,92.0,,,0.7576,95.0
2015-09-24,0.8172,87.0,0.6105,83.0,0.8198,96.0,,,0.8138,97.0,0.6562,67.0,0.5663,76.0,0.7261,89.0,,,0.771,96.0
2015-09-23,0.5746,61.0,0.5586,75.0,0.7859,95.0,,,0.7829,95.0,0.6413,65.0,0.5617,76.0,0.7907,96.0,,,0.7271,90.0
2015-09-22,0.4858,44.0,0.5255,69.0,0.8228,97.0,,,0.7685,94.0,0.6399,64.0,0.5606,76.0,0.7827,95.0,,,0.7497,93.0
2015-09-21,0.2627,7.0,0.5813,79.0,0.8034,96.0,,,0.856,98.0,0.638,64.0,0.565,76.0,0.7491,92.0,,,0.7575,94.0
2015-09-18,0.3812,23.0,0.6277,85.0,0.876,98.0,,,0.7876,96.0,0.6379,64.0,0.5645,76.0,0.7412,91.0,,,0.7563,94.0
2015-09-17,0.5262,52.0,0.6657,89.0,0.7909,95.0,,,0.803,97.0,0.6376,64.0,0.5623,76.0,0.7686,94.0,,,0.7449,93.0
2015-09-16,0.5204,51.0,0.6394,87.0,0.7335,90.0,,,0.8751,99.0,0.6496,66.0,0.5618,76.0,0.7321,90.0,,,0.7544,94.0
2015-09-15,0.4304,33.0,0.6794,90.0,0.8099,96.0,,,0.7936,96.0,0.6453,65.0,0.5625,76.0,0.7673,94.0,,,0.743,92.0
2015-09-14,0.3714,21.0,0.7153,93.0,0.8664,98.0,,,0.8021,96.0,0.6447,65.0,0.5623,76.0,0.7457,92.0,,,0.7599,95.0
2015-09-11,0.3701,21.0,0.7905,97.0,0.8728,98.0,,,0.7891,96.0,0.6517,66.0,0.5654,76.0,0.7304,90.0,,,0.796,98.0
2015-09-10,0.3403,17.0,0.8198,98.0,0.8561,98.0,,,0.7942,96.0,0.6512,66.0,0.563,76.0,0.7862,96.0,,,0.7567,94.0
2015-09-09,0.3487,18.0,0.8249,98.0,0.936,99.0,,,0.7826,95.0,0.6503,66.0,0.5605,76.0,0.7797,95.0,,,0.7561,94.0
2015-09-08,0.5029,47.0,0.8041,97.0,0.8694,98.0,,,0.8909,99.0,0.6499,66.0,0.5573,75.0,0.758,93.0,,,0.7621,95.0
2015-09-04,0.7972,86.0,0.8471,98.0,0.8248,97.0,,,0.8258,98.0,0.6497,66.0,0.5569,75.0,0.7174,88.0,,,0.7576,95.0
2015-09-03,0.8487,89.0,0.8361,98.0,0.8505,98.0,,,0.8277,98.0,0.6526,66.0,0.5578,75.0,0.8021,97.0,,,0.7312,90.0
2015-09-02,0.8696,89.0,0.8564,99.0,0.8223,97.0,,,0.9302,99.0,0.652,66.0,0.5544,74.0,0.773,95.0,,,0.7225,89.0
2015-09-01,0.9486,94.0,0.9127,99.0,0.9218,99.0,,,0.8223,98.0,0.6632,69.0,0.5542,74.0,0.8442,99.0,,,0.7175,88.0
2015-08-31,0.9749,95.0,0.8943,99.0,0.8737,98.0,,,0.8562,99.0,0.6633,69.0,0.5508,74.0,0.7651,94.0,,,0.7389,92.0
2015-08-28,0.9956,95.0,0.8504,99.0,0.8296,97.0,,,0.8119,97.0,0.6631,69.0,0.5471,72.0,0.7441,92.0,,,0.7627,95.0
2015-08-27,0.9863,95.0,0.8159,98.0,0.7562,93.0,,,1.0401,100.0,0.6607,68.0,0.5448,72.0,0.7063,85.0,,,0.7504,94.0
2015-08-26,0.6765,76.0,0.7706,96.0,0.8587,98.0,,,0.8182,97.0,0.6479,65.0,0.5419,70.0,0.8298,98.0,,,0.7021,85.0
2015-08-25,0.8879,91.0,0.7624,95.0,0.8655,98.0,,,0.7603,93.0,0.6445,65.0,0.5402,69.0,0.8715,100.0,,,0.7029,85.0
2015-08-24,0.8884,91.0,0.6783,90.0,0.8849,99.0,,,0.8529,98.0,0.6433,65.0,0.5318,66.0,0.8247,98.0,,,0.7089,86.0
2015-08-21,0.8409,88.0,0.5407,72.0,0.8413,97.0,,,0.7208,89.0,0.634,63.0,0.5205,64.0,0.7488,92.0,,,0.6698,77.0
2015-08-20,0.9801,95.0,0.5583,75.0,0.662,79.0,,,0.6627,80.0,0.6304,62.0,0.5212,64.0,0.6916,82.0,,,0.6674,76.0
2015-08-19,1.0197,96.0,0.5983,82.0,0.6877,84.0,,,0.767,94.0,0.6359,63.0,0.5246,65.0,0.69,82.0,,,0.6805,80.0
2015-08-18,1.1298,98.0,0.7063,92.0,0.7273,90.0,,,0.735,91.0,0.6351,63.0,0.5259,65.0,0.7024,84.0,,,0.6606,74.0
2015-08-17,1.0088,96.0,0.7515,95.0,0.6677,81.0,,,0.8096,97.0,0.6354,63.0,0.5296,66.0,0.644,68.0,,,0.6918,82.0
2015-08-14,1.0007,95.0,0.7574,95.0,0.6927,85.0,,,0.7608,93.0,0.6306,62.0,0.5299,66.0,0.7166,87.0,,,0.6805,80.0
2015-08-13,1.0732,97.0,0.7735,96.0,0.7603,93.0,,,0.7301,90.0,0.6325,63.0,0.529,66.0,0.726,89.0,,,0.6619,75.0
2015-08-12,0.9215,93.0,0.7764,96.0,0.7553,93.0,,,0.7561,93.0,0.6266,62.0,0.5263,65.0,0.6619,74.0,,,0.7274,90.0
2015-08-11,0.822,87.0,0.722,93.0,0.7006,86.0,,,0.7473,92.0,0.6065,56.0,0.5212,64.0,0.6331,65.0,,,0.6869,81.0
2015-08-10,0.7691,84.0,0.6898,91.0,0.7435,92.0,,,0.7474,92.0,0.5988,53.0,0.5193,64.0,0.6872,81.0,,,0.685,81.0
2015-08-07,0.5259,52.0,0.5865,80.0,0.753,92.0,,,0.7769,95.0,0.5796,46.0,0.5122,62.0,0.7373,91.0,,,0.659,74.0
2015-08-06,0.5233,51.0,0.5249,69.0,0.6982,86.0,,,0.7397,91.0,0.5795,46.0,0.5086,60.0,0.6583,73.0,,,0.7038,85.0
2015-08-05,0.4314,34.0,0.5003,64.0,0.8769,98.0,,,0.6944,85.0,0.5743,44.0,0.5066,60.0,0.7243,89.0,,,0.6627,75.0
2015-08-04,0.9662,95.0,0.6119,83.0,0.7153,88.0,,,0.7165,88.0,0.5755,44.0,0.5048,59.0,0.7119,86.0,,,0.66,74.0
2015-08-03,1.0136,96.0,0.7294,94.0,0.7329,90.0,,,0.7687,94.0,0.5755,44.0,0.5027,57.0,0.7101,86.0,,,0.6504,71.0
2015-07-31,1.055,97.0,0.7915,97.0,0.7074,87.0,,,0.7041,86.0,0.5756,44.0,0.5022,57.0,0.681,79.0,,,0.6452,70.0
2015-07-30,1.0114,96.0,0.8197,98.0,0.7035,86.0,,,0.6988,85.0,0.5752,44.0,0.504,59.0,0.6705,76.0,,,0.6553,73.0
2015-07-29,1.107,98.0,0.8356,98.0,0.7425,91.0,,,0.7825,95.0,0.5744,44.0,0.5078,60.0,0.6842,80.0,,,0.6562,73.0
2015-07-28,1.2967,100.0,0.9581,100.0,0.7415,91.0,,,0.7906,96.0,0.5807,46.0,0.5119,62.0,0.7013,84.0,,,0.646,70.0
2015-07-27,1.2005,99.0,0.982,100.0,0.7246,89.0,,,0.8091,97.0,0.5796,46.0,0.5142,62.0,0.7378,91.0,,,0.6296,65.0
2015-07-24,1.1121,98.0,0.9122,99.0,0.6739,82.0,,,0.7644,93.0,0.5498,38.0,0.5085,60.0,0.5814,43.0,,,0.6719,78.0
2015-07-23,1.0525,97.0,0.789,97.0,0.6067,68.0,,,0.643,76.0,0.5572,39.0,0.5002,57.0,0.6205,60.0,,,0.5934,48.0
2015-07-22,1.0284,96.0,0.7219,93.0,0.6114,69.0,,,0.6025,68.0,0.5521,38.0,0.4963,56.0,0.5956,51.0,,,0.5815,42.0
2015-07-21,1.1092,98.0,0.7155,93.0,0.6022,67.0,,,0.5849,63.0,0.557,39.0,0.496,56.0,0.5861,46.0,,,0.5613,26.0
2015-07-20,1.0178,96.0,0.7063,92.0,0.5758,59.0,,,0.5618,56.0,0.5534,39.0,0.4952,56.0,0.6037,54.0,,,0.5507,20.0
2015-07-17,0.697,78.0,0.5422,72.0,0.5434,49.0,,,0.5338,48.0,0.5196,31.0,0.4848,52.0,0.6146,57.0,,,0.5462,17.0
2015-07-16,0.4951,46.0,0.4315,46.0,0.5466,50.0,,,0.5008,35.0,0.5086,28.0,0.4791,50.0,0.5793,41.0,,,0.5706,33.0
2015-07-15,0.4131,28.0,0.4728,57.0,0.528,44.0,,,0.5203,43.0,0.5111,28.0,0.4821,51.0,0.5893,48.0,,,0.5291,11.0
2015-07-14,0.4725,41.0,0.4947,62.0,0.5413,48.0,,,0.4938,33.0,0.5094,28.0,0.4868,53.0,0.5503,26.0,,,0.5426,16.0
2015-07-13,0.4843,44.0,0.4844,60.0,0.5017,34.0,,,0.5466,51.0,0.5279,33.0,0.4961,56.0,0.5452,24.0,,,0.5835,43.0
2015-07-10,0.437,35.0,0.4719,57.0,0.5631,55.0,,,0.4733,25.0,0.5268,33.0,0.4995,57.0,0.593,49.0,,,0.5319,12.0
2015-07-09,0.4172,31.0,0.4587,54.0,0.5483,51.0,,,0.5405,50.0,0.5395,36.0,0.5094,61.0,0.5905,48.0,,,0.5358,13.0
2015-07-08,0.4166,30.0,0.4367,48.0,0.4876,28.0,,,0.5631,57.0,0.5452,37.0,0.5097,61.0,0.5702,36.0,,,0.5366,14.0
2015-07-07,0.4571,39.0,0.4434,50.0,0.5392,47.0,,,0.496,33.0,0.5487,37.0,0.5155,63.0,0.5613,31.0,,,0.5533,21.0
2015-07-06,0.4436,36.0,0.4066,38.0,0.4549,18.0,,,0.4811,28.0,0.5475,37.0,0.518,64.0,0.5619,32.0,,,0.5489,19.0
2015-07-02,0.3616,20.0,0.3841,30.0,0.5006,34.0,,,0.4755,26.0,0.581,46.0,0.5322,66.0,0.5732,38.0,,,0.5556,22.0
2015-07-01,0.3177,13.0,0.3895,32.0,0.5353,46.0,,,0.4815,28.0,0.5869,48.0,0.5343,67.0,0.5699,36.0,,,0.5429,16.0
2015-06-30,0.3723,21.0,0.3778,28.0,0.4702,23.0,,,0.512,39.0,0.5868,48.0,0.5385,68.0,0.5648,33.0,,,0.5462,17.0
2015-06-29,0.3734,22.0,0.3737,27.0,0.5069,36.0,,,0.4721,25.0,0.5869,48.0,0.539,68.0,0.5538,28.0,,,0.543,16.0
2015-06-26,0.4481,37.0,0.3798,28.0,0.4533,18.0,,,0.4353,13.0,0.5963,52.0,0.5416,70.0,0.5558,28.0,,,0.5296,11.0
2015-06-25,0.4111,28.0,0.3511,20.0,0.5021,34.0,,,0.4649,22.0,0.596,52.0,0.5414,69.0,0.5394,21.0,,,0.5485,19.0
2015-06-24,0.4077,28.0,0.3512,20.0,0.4872,28.0,,,0.4422,15.0,0.5965,52.0,0.5416,70.0,0.5576,28.0,,,0.5486,19.0
2015-06-23,0.5701,60.0,0.4415,49.0,0.4986,33.0,,,0.446,16.0,0.5996,53.0,0.545,72.0,0.5594,30.0,,,0.5471,18.0
2015-06-22,0.493,45.0,0.432,46.0,0.4997,33.0,,,0.4594,20.0,0.5976,52.0,0.5496,73.0,0.55,26.0,,,0.5655,28.0
2015-06-19,0.5317,53.0,0.4092,39.0,0.4704,23.0,,,0.4637,22.0,0.6156,60.0,0.5528,74.0,0.5721,37.0,,,0.545,17.0
2015-06-18,0.4848,44.0,0.3954,34.0,0.4469,16.0,,,0.4704,24.0,0.6183,60.0,0.555,75.0,0.5724,37.0,,,0.5513,20.0
2015-06-17,0.4797,43.0,0.3853,31.0,0.4756,25.0,,,0.4863,30.0,0.621,61.0,0.5567,75.0,0.5255,15.0,,,0.573,35.0
2015-06-16,0.4676,41.0,0.388,32.0,0.4956,32.0,,,0.4692,24.0,0.6286,62.0,0.5611,76.0,0.557,28.0,,,0.5642,28.0
2015-06-15,0.483,43.0,0.3902,32.0,0.51,37.0,,,0.4965,33.0,0.6289,62.0,0.5647,76.0,0.5534,27.0,,,0.5614,26.0
2015-06-12,0.1879,2.0,0.2814,4.0,0.4674,22.0,,,0.5125,40.0,0.6344,63.0,0.5804,79.0,0.5839,44.0,,,0.555,22.0
2015-06-11,0.2456,5.0,0.3066,8.0,0.5795,60.0,,,0.516,41.0,0.6389,64.0,0.5864,81.0,0.5861,46.0,,,0.5647,28.0
2015-06-10,0.2907,10.0,0.307,8.0,0.5092,37.0,,,0.5094,38.0,0.6385,64.0,0.5882,81.0,0.581,43.0,,,0.5599,25.0
2015-06-09,0.2957,10.0,0.324,12.0,0.5528,52.0,,,0.5075,38.0,0.6386,64.0,0.5908,82.0,0.5693,36.0,,,0.5595,25.0
2015-06-08,0.3013,11.0,0.3233,12.0,0.5062,36.0,,,0.5314,47.0,0.6629,69.0,0.6012,83.0,0.5535,28.0,,,0.5807,41.0
2015-06-05,0.3374,16.0,0.3248,12.0,0.5467,50.0,,,0.5014,36.0,0.6629,69.0,0.6066,84.0,0.5868,46.0,,,0.5597,25.0
2015-06-04,0.3295,15.0,0.3312,14.0,0.4777,26.0,,,0.5304,46.0,0.6629,69.0,0.6077,84.0,0.5679,35.0,,,0.5612,26.0
2015-06-03,0.454,38.0,0.3559,21.0,0.493,31.0,,,0.519,42.0,0.6644,70.0,0.6089,85.0,0.5609,31.0,,,0.5646,28.0
2015-06-02,0.4241,32.0,0.3416,17.0,0.5201,41.0,,,0.4993,35.0,0.6684,70.0,0.6112,85.0,0.5572,28.0,,,0.5755,38.0
2015-06-01,0.3866,24.0,0.3335,14.0,0.5062,36.0,,,0.5197,42.0,0.675,71.0,0.6143,85.0,0.5866,46.0,,,0.5701,33.0
2015-05-29,0.3862,24.0,0.314,10.0,0.5014,34.0,,,0.52,42.0,0.6797,72.0,0.6158,86.0,0.5523,27.0,,,0.5643,28.0
2015-05-28,0.4191,31.0,0.3144,10.0,0.5219,42.0,,,0.5203,43.0,0.7208,80.0,0.6236,88.0,0.5971,52.0,,,0.5833,43.0
2015-05-27,0.3537,18.0,0.3017,7.0,0.5101,38.0,,,0.5059,37.0,0.7219,80.0,0.624,88.0,0.6219,61.0,,,0.5641,28.0
2015-05-26,0.368,21.0,0.3029,8.0,0.472,24.0,,,0.5051,37.0,0.722,80.0,0.6245,88.0,0.5715,37.0,,,0.5427,16.0
2015-05-22,0.2581,7.0,0.2736,4.0,0.4791,26.0,,,0.4903,31.0,0.724,81.0,0.6254,89.0,0.5886,47.0,,,0.5783,39.0
2015-05-21,0.314,12.0,0.2949,6.0,0.5159,40.0,,,0.4723,25.0,0.7243,81.0,0.6272,89.0,0.5611,31.0,,,0.568,31.0
2015-05-20,0.3173,13.0,0.3038,8.0,0.535,46.0,,,0.4696,24.0,0.7249,81.0,0.6279,89.0,0.5814,43.0,,,0.5779,39.0
2015-05-19,0.3193,13.0,0.3126,10.0,0.5552,53.0,,,0.5164,41.0,0.7329,82.0,0.632,91.0,0.5893,48.0,,,0.5547,22.0
2015-05-18,0.2561,6.0,0.3728,27.0,0.5553,53.0,,,0.5387,49.0,0.7378,83.0,0.6331,91.0,0.5739,38.0,,,0.5787,40.0
2015-05-15,0.3735,22.0,0.4258,45.0,0.5502,51.0,,,0.4997,35.0,0.7393,84.0,0.634,91.0,0.5949,51.0,,,0.5746,37.0
2015-05-14,0.4539,38.0,0.4585,54.0,0.5342,46.0,,,0.5356,48.0,0.7527,86.0,0.6443,94.0,0.5699,36.0,,,0.5627,27.0
2015-05-13,0.4942,46.0,0.4834,60.0,0.546,50.0,,,0.5355,48.0,0.7534,86.0,0.6463,94.0,0.5808,42.0,,,0.5588,24.0
2015-05-12,0.4802,43.0,0.4684,56.0,0.5649,56.0,,,0.5512,53.0,0.7562,87.0,0.6488,95.0,0.6085,56.0,,,0.5866,45.0
2015-05-11,0.5002,47.0,0.4822,60.0,0.5139,39.0,,,0.5775,61.0,0.7597,87.0,0.6506,95.0,0.6096,57.0,,,0.5858,44.0
2015-05-08,0.5666,59.0,0.4982,63.0,0.5054,36.0,,,0.5252,44.0,0.7681,88.0,0.6554,96.0,0.6138,57.0,,,0.597,50.0
2015-05-07,0.4285,33.0,0.4702,57.0,0.5194,41.0,,,0.5852,63.0,0.7777,89.0,0.6572,96.0,0.5934,50.0,,,0.6021,53.0
2015-05-06,0.4375,35.0,0.4407,49.0,0.6223,71.0,,,0.5511,53.0,0.7791,89.0,0.6572,96.0,0.6219,61.0,,,0.5716,34.0
2015-05-05,0.5176,50.0,0.4474,51.0,0.5933,64.0,,,0.5604,56.0,0.7862,90.0,0.6575,96.0,0.6046,54.0,,,0.5584,24.0
2015-05-04,0.4969,46.0,0.4391,49.0,0.5711,57.0,,,0.6264,73.0,0.7909,91.0,0.6581,96.0,0.5902,48.0,,,0.5658,28.0
2015-05-01,0.4861,44.0,0.4543,52.0,0.5687,57.0,,,0.5684,57.0,0.7926,91.0,0.6598,96.0,0.5561,28.0,,,0.5902,47.0
2015-04-30,0.4851,44.0,0.4449,50.0,0.588,63.0,,,0.5596,55.0,0.8005,93.0,0.6633,96.0,0.6273,63.0,,,0.5716,34.0
2015-04-29,0.4171,30.0,0.4224,44.0,0.572,57.0,,,0.5517,53.0,0.8147,95.0,0.6675,96.0,0.5976,52.0,,,0.5685,31.0
2015-04-28,0.4137,28.0,0.4071,38.0,0.5878,63.0,,,0.5751,60.0,0.8192,96.0,0.6697,96.0,0.5838,44.0,,,0.5747,37.0
2015-04-27,0.4063,28.0,0.4134,40.0,0.5733,57.0,,,0.6088,69.0,0.821,96.0,0.6698,96.0,0.5816,43.0,,,0.5954,49.0
2015-04-24,0.1969,2.0,0.3869,32.0,0.5574,53.0,,,0.5574,55.0,0.821,96.0,0.6694,96.0,0.6199,60.0,,,0.5805,41.0
2015-04-23,0.4153,30.0,0.4137,40.0,0.5791,60.0,,,0.5707,57.0,0.8212,96.0,0.6695,96.0,0.5957,51.0,,,0.5811,42.0
2015-04-22,0.4067,28.0,0.4116,40.0,0.5966,65.0,,,0.5711,59.0,0.8223,96.0,0.67,96.0,0.6372,66.0,,,0.5753,37.0
2015-04-21,0.3911,25.0,0.3975,35.0,0.5518,51.0,,,0.5793,61.0,0.8261,97.0,0.671,96.0,0.6316,65.0,,,0.5818,42.0
2015-04-20,0.4096,28.0,0.4036,37.0,0.5538,52.0,,,0.5742,60.0,0.8259,97.0,0.6716,96.0,0.6189,60.0,,,0.612,57.0
2015-04-17,0.4271,33.0,0.4011,36.0,0.6191,71.0,,,0.6076,69.0,0.8267,97.0,0.6719,96.0,0.6187,60.0,,,0.5743,36.0
2015-04-16,0.4936,46.0,0.4019,36.0,0.6151,70.0,,,0.5795,61.0,0.8304,97.0,0.6741,96.0,0.6171,59.0,,,0.5691,32.0
2015-04-15,0.5836,62.0,0.4001,36.0,0.5851,62.0,,,0.5772,60.0,0.831,98.0,0.6755,96.0,0.5964,51.0,,,0.5973,50.0
2015-04-14,0.525,51.0,0.3525,20.0,0.5747,59.0,,,0.6422,76.0,0.8283,97.0,0.6749,96.0,0.6272,63.0,,,0.574,36.0
2015-04-13,0.5243,51.0,0.3646,24.0,0.6217,71.0,,,0.5802,61.0,0.8286,97.0,0.676,97.0,0.6288,64.0,,,0.5775,39.0
2015-04-10,0.5619,57.0,0.3984,35.0,0.587,63.0,,,0.6531,78.0,0.8293,97.0,0.6774,97.0,0.6045,54.0,,,0.5779,39.0
2015-04-09,0.5361,54.0,0.4448,50.0,0.6043,67.0,,,0.6135,70.0,0.8289,97.0,0.6789,97.0,0.6322,65.0,,,0.5731,35.0
2015-04-08,0.5785,61.0,0.4695,57.0,0.6206,71.0,,,0.6346,75.0,0.8305,98.0,0.6818,97.0,0.596,51.0,,,0.5758,38.0
2015-04-07,0.58,61.0,0.4826,60.0,0.6521,78.0,,,0.6083,69.0,0.8354,98.0,0.6896,97.0,0.6126,57.0,,,0.5665,30.0
2015-04-06,0.4953,46.0,0.5566,75.0,0.5733,57.0,,,0.6291,73.0,0.8328,98.0,0.6896,97.0,0.5768,40.0,,,0.5881,46.0
2015-04-02,0.4053,28.0,0.559,75.0,0.594,64.0,,,0.5662,57.0,0.8313,98.0,0.6896,97.0,0.5958,51.0,,,0.5729,35.0
2015-04-01,0.4049,27.0,0.5444,72.0,0.5517,51.0,,,0.5997,67.0,0.836,98.0,0.6897,97.0,0.5716,37.0,,,0.5927,48.0
2015-03-31,0.7085,79.0,0.5584,75.0,0.5717,57.0,,,0.6269,73.0,0.8353,98.0,0.6891,97.0,0.5798,42.0,,,0.5815,42.0
2015-03-30,0.6889,77.0,0.5437,72.0,0.6392,75.0,,,0.5616,56.0,0.8344,98.0,0.6874,97.0,0.6032,54.0,,,0.5735,36.0
2015-03-27,0.6035,66.0,0.5694,77.0,0.5679,56.0,,,0.6107,69.0,0.8327,98.0,0.6872,97.0,0.5931,50.0,,,0.6001,52.0
2015-03-26,0.678,76.0,0.6097,83.0,0.5688,57.0,,,0.5857,63.0,0.8326,98.0,0.6856,97.0,0.607,56.0,,,0.5689,32.0
2015-03-25,0.6473,72.0,0.5447,72.0,0.5935,64.0,,,0.5914,65.0,0.8318,98.0,0.6816,97.0,0.6051,55.0,,,0.5802,41.0
2015-03-24,0.6457,72.0,0.5599,76.0,0.598,66.0,,,0.6071,69.0,0.8318,98.0,0.6813,97.0,0.589,47.0,,,0.5994,51.0
2015-03-23,0.5818,62.0,0.5857,80.0,0.5723,57.0,,,0.5286,46.0,0.8316,98.0,0.6811,97.0,0.5771,40.0,,,0.6036,54.0
2015-03-20,0.4448,36.0,0.5594,75.0,0.6671,80.0,,,0.5211,43.0,0.8233,96.0,0.6796,97.0,0.6293,64.0,,,0.568,31.0
2015-03-19,0.4668,40.0,0.6079,83.0,0.5334,46.0,,,0.5685,57.0,0.8245,97.0,0.6791,97.0,0.5905,48.0,,,0.6027,53.0
2015-03-18,0.5252,52.0,0.5958,81.0,0.4546,18.0,,,1.6118,100.0,0.8253,97.0,0.6781,97.0,0.5286,17.0,,,0.6237,62.0
2015-03-17,0.7034,78.0,0.6354,86.0,0.5948,65.0,,,0.617,71.0,0.8202,96.0,0.6746,96.0,0.614,57.0,,,0.5813,42.0
2015-03-16,0.7633,84.0,0.6579,88.0,0.6189,70.0,,,0.5851,63.0,0.8204,96.0,0.6742,96.0,0.5982,52.0,,,0.5833,43.0
2015-03-13,0.7649,84.0,0.647,87.0,0.5976,65.0,,,0.7065,87.0,0.8206,96.0,0.6733,96.0,0.5797,42.0,,,0.586,44.0
2015-03-12,0.6877,77.0,0.6352,86.0,0.6272,73.0,,,0.617,71.0,0.819,96.0,0.6719,96.0,0.6132,57.0,,,0.5745,37.0
2015-03-11,0.6788,76.0,0.6514,88.0,0.5898,63.0,,,0.6311,74.0,0.8191,96.0,0.6716,96.0,0.5752,39.0,,,0.5979,51.0
2015-03-10,0.5131,50.0,0.5965,81.0,0.6286,73.0,,,0.6467,77.0,0.8167,95.0,0.6683,96.0,0.6298,64.0,,,0.5722,35.0
2015-03-09,0.5957,64.0,0.5627,76.0,0.6221,71.0,,,0.6228,72.0,0.8162,95.0,0.6667,96.0,0.6458,69.0,,,0.5467,18.0
2015-03-06,0.4058,28.0,0.4382,48.0,0.6364,75.0,,,0.5626,56.0,0.8059,94.0,0.6617,96.0,0.6222,61.0,,,0.5689,32.0
2015-03-05,0.3903,25.0,0.4862,61.0,0.5586,54.0,,,0.575,60.0,0.8033,93.0,0.6598,96.0,0.6211,61.0,,,0.5841,43.0
2015-03-04,0.5035,48.0,0.5431,72.0,0.5734,57.0,,,0.5796,61.0,0.8041,93.0,0.6597,96.0,0.6132,57.0,,,0.5717,34.0
2015-03-03,0.5352,53.0,0.5546,74.0,0.5831,61.0,,,0.5795,61.0,0.8064,94.0,0.6612,96.0,0.6364,66.0,,,0.5696,32.0
2015-03-02,0.6366,70.0,0.6013,82.0,0.6072,68.0,,,0.6176,71.0,0.8062,94.0,0.6598,96.0,0.6054,55.0,,,0.5893,46.0
2015-02-27,0.6934,77.0,0.6208,84.0,0.5441,49.0,,,0.5896,64.0,0.8072,94.0,0.659,96.0,0.6071,56.0,,,0.587,45.0
2015-02-26,0.7129,80.0,0.6381,87.0,0.59,63.0,,,0.5997,67.0,0.8069,94.0,0.659,96.0,0.6262,63.0,,,0.5758,38.0
2015-02-25,0.7278,81.0,0.6322,86.0,0.6111,69.0,,,0.6121,70.0,0.807,94.0,0.6584,96.0,0.6316,65.0,,,0.584,43.0
2015-02-24,0.6799,76.0,0.5587,75.0,0.6343,74.0,,,0.6088,69.0,0.8035,93.0,0.6545,95.0,0.5986,52.0,,,0.5826,43.0
2015-02-23,0.5223,51.0,0.5102,66.0,0.665,80.0,,,0.6161,71.0,0.8012,93.0,0.6517,95.0,0.622,61.0,,,0.5898,47.0
2015-02-20,0.525,51.0,0.496,63.0,0.646,76.0,,,0.6621,80.0,0.8005,93.0,0.6502,95.0,0.6292,64.0,,,0.5939,48.0
2015-02-19,0.4629,40.0,0.422,43.0,1.4261,100.0,,,0.5332,47.0,0.7981,92.0,0.6465,94.0,0.6717,77.0,,,0.5807,41.0
2015-02-18,0.4141,30.0,0.383,30.0,0.5248,43.0,,,1.1717,100.0,0.7963,92.0,0.6447,94.0,0.5923,49.0,,,0.6258,63.0
2015-02-17,0.4244,32.0,0.3937,34.0,1.1213,100.0,,,0.6294,74.0,0.7948,91.0,0.6437,94.0,0.6648,75.0,,,0.5878,45.0
2015-02-13,0.4229,32.0,0.4142,40.0,0.5772,60.0,,,0.9067,99.0,0.7944,91.0,0.6436,94.0,0.5945,50.0,,,0.6245,63.0
2015-02-12,0.3723,21.0,0.4201,43.0,0.8125,96.0,,,0.6392,75.0,0.7933,91.0,0.6436,94.0,0.6704,76.0,,,0.5953,49.0
2015-02-11,0.3834,24.0,0.4457,50.0,0.9806,100.0,,,0.6056,68.0,0.7932,91.0,0.643,94.0,0.6405,67.0,,,0.5991,51.0
2015-02-10,0.3822,24.0,0.5139,66.0,0.7259,90.0,,,0.6532,78.0,0.7944,91.0,0.6435,94.0,0.634,65.0,,,0.5995,52.0
2015-02-09,0.504,48.0,0.5791,79.0,0.6263,72.0,,,0.8653,99.0,0.7975,92.0,0.6443,94.0,0.6013,53.0,,,0.6202,61.0
2015-02-06,0.5569,57.0,0.6222,85.0,0.8706,98.0,,,0.5735,59.0,0.7967,92.0,0.6439,94.0,0.6672,76.0,,,0.5867,45.0
2015-02-05,0.699,78.0,0.6639,89.0,0.6796,82.0,,,0.7839,95.0,0.7954,92.0,0.6425,93.0,0.624,62.0,,,0.6153,59.0
2015-02-04,0.8161,87.0,0.6987,91.0,0.7181,88.0,,,0.6846,83.0,0.7952,92.0,0.6419,93.0,0.6394,67.0,,,0.6077,55.0
2015-02-03,0.8449,88.0,0.7227,93.0,0.9039,99.0,,,0.6201,71.0,0.795,91.0,0.6415,93.0,0.6711,77.0,,,0.5906,47.0
2015-02-02,0.9172,92.0,0.7282,94.0,0.5663,56.0,,,0.8858,99.0,0.7959,92.0,0.6396,93.0,0.5578,28.0,,,0.64,69.0
2015-01-30,0.9084,92.0,0.6891,91.0,0.6699,81.0,,,0.6898,84.0,0.7949,91.0,0.6362,92.0,0.5892,48.0,,,0.6235,62.0
2015-01-29,0.8094,86.0,0.6619,89.0,0.6992,86.0,,,0.7189,88.0,0.7905,90.0,0.6326,91.0,0.6036,54.0,,,0.6176,60.0
2015-01-28,0.8268,87.0,0.6414,87.0,0.6643,80.0,,,0.6739,82.0,0.7893,90.0,0.6301,90.0,0.6274,63.0,,,0.6113,57.0
2015-01-27,0.6929,77.0,0.6074,83.0,0.6903,84.0,,,0.7004,85.0,0.7821,89.0,0.6263,89.0,0.606,55.0,,,0.6243,62.0
2015-01-26,0.603,65.0,0.6233,85.0,0.7101,87.0,,,0.7096,87.0,0.776,89.0,0.6234,88.0,0.6169,59.0,,,0.6282,64.0
2015-01-23,0.826,87.0,0.7202,93.0,0.7134,88.0,,,0.6674,81.0,0.7737,89.0,0.6213,87.0,0.6426,68.0,,,0.6178,60.0
2015-01-22,0.7919,86.0,0.7573,95.0,0.6723,81.0,,,0.6968,85.0,0.7704,88.0,0.619,86.0,0.6283,63.0,,,0.6192,61.0
2015-01-21,0.9648,95.0,0.8667,99.0,0.7247,89.0,,,0.7145,88.0,0.7725,88.0,0.6189,86.0,0.6299,64.0,,,0.6298,65.0
2015-01-20,1.008,96.0,0.8561,99.0,0.6856,84.0,,,0.7431,92.0,0.7726,89.0,0.6164,86.0,0.6489,70.0,,,0.6231,62.0
2015-01-16,1.0538,97.0,0.909,99.0,0.7132,88.0,,,0.7073,87.0,0.7711,88.0,0.6148,86.0,0.6214,61.0,,,0.64,69.0
2015-01-15,0.9927,95.0,0.9274,99.0,0.7538,92.0,,,0.7041,86.0,0.7668,88.0,0.6128,85.0,0.6635,75.0,,,0.6112,57.0
2015-01-14,1.3395,100.0,1.0316,100.0,0.751,92.0,,,0.7232,89.0,0.7667,88.0,0.6091,85.0,0.6276,63.0,,,0.6244,63.0
2015-01-13,1.1183,98.0,0.9651,100.0,0.6996,86.0,,,0.7276,90.0,0.7544,86.0,0.6009,83.0,0.6132,57.0,,,0.6124,57.0
2015-01-12,1.0026,96.0,0.9697,100.0,0.8212,97.0,,,0.6953,85.0,0.7556,86.0,0.5968,83.0,0.6403,67.0,,,0.6096,56.0
2015-01-09,0.9953,95.0,0.872,99.0,0.6781,82.0,,,0.7629,93.0,0.746,85.0,0.5873,81.0,0.612,57.0,,,0.6212,61.0
2015-01-08,1.0219,96.0,0.8865,99.0,0.7039,87.0,,,0.6958,85.0,0.7427,84.0,0.5874,81.0,0.6315,65.0,,,0.6205,61.0
2015-01-07,1.001,95.0,0.8261,98.0,0.7259,90.0,,,0.7184,88.0,0.7454,85.0,0.5822,79.0,0.6535,72.0,,,0.624,62.0
2015-01-06,0.9142,92.0,0.7799,96.0,0.7246,89.0,,,0.725,90.0,0.7454,85.0,0.5794,78.0,0.6187,60.0,,,0.6352,67.0
2015-01-05,0.6243,68.0,0.6257,85.0,0.7036,87.0,,,0.8074,97.0,0.7169,79.0,0.5666,76.0,0.6211,61.0,,,0.6323,66.0
2015-01-02,0.6171,67.0,0.6668,89.0,0.6797,83.0,,,0.7463,92.0,0.7123,79.0,0.5645,76.0,0.6131,57.0,,,0.6373,68.0
2014-12-31,0.9325,93.0,0.647,87.0,0.6832,83.0,,,0.6789,83.0,0.7095,79.0,0.5594,76.0,0.6284,63.0,,,0.6225,62.0
2014-12-30,0.9798,95.0,0.6705,89.0,0.6897,84.0,,,0.7362,91.0,0.7102,79.0,0.5585,75.0,0.62,60.0,,,0.6355,67.0
2014-12-29,0.9137,92.0,0.6617,89.0,0.8338,97.0,,,0.6704,81.0,0.7013,77.0,0.5559,75.0,0.6523,71.0,,,0.6227,62.0
2014-12-26,0.9526,94.0,0.7132,93.0,0.7763,94.0,,,0.6518,78.0,0.6999,77.0,0.5544,74.0,0.6647,75.0,,,0.6247,63.0
2014-12-24,0.9718,95.0,0.7585,95.0,0.7942,95.0,,,0.6526,78.0,0.6987,76.0,0.5545,74.0,0.6246,62.0,,,0.6391,68.0
2014-12-23,1.1043,98.0,0.9491,99.0,0.702,86.0,,,0.6535,78.0,0.6963,75.0,0.5518,74.0,0.6458,69.0,,,0.6134,57.0
2014-12-22,1.1617,98.0,0.963,100.0,0.7755,94.0,,,0.6668,81.0,0.6963,75.0,0.5473,73.0,0.6711,77.0,,,0.6217,61.0
2014-12-19,0.9106,92.0,0.9399,99.0,0.6442,76.0,,,0.7811,95.0,0.6825,73.0,0.543,71.0,0.6263,63.0,,,0.6486,71.0
2014-12-18,0.881,90.0,0.9401,99.0,0.6973,85.0,,,0.6745,82.0,0.6781,72.0,0.5403,69.0,0.6205,60.0,,,0.6498,71.0
2014-12-17,1.1157,98.0,1.0302,100.0,0.728,90.0,,,0.6836,83.0,0.6745,71.0,0.5396,68.0,0.6384,67.0,,,0.6523,72.0
2014-12-16,1.0585,97.0,1.0445,100.0,0.8078,96.0,,,0.7474,92.0,0.6663,70.0,0.5351,67.0,0.6652,75.0,,,0.64,69.0
2014-12-15,1.0619,97.0,1.0232,100.0,0.7878,95.0,,,0.7195,88.0,0.6662,70.0,0.5319,66.0,0.6804,79.0,,,0.624,62.0
2014-12-12,0.8799,90.0,0.824,98.0,0.1836,1.0,,,0.6619,80.0,0.662,69.0,0.5116,62.0,0.6516,71.0,,,0.6386,68.0
2014-12-11,0.8975,91.0,0.7879,97.0,0.9038,99.0,,,0.6555,79.0,0.6603,68.0,0.5064,60.0,0.6611,74.0,,,0.6266,63.0
2014-12-10,1.0242,96.0,0.8068,97.0,0.6809,83.0,,,0.6558,79.0,0.6605,68.0,0.5048,59.0,0.635,66.0,,,0.642,69.0
2014-12-09,1.0624,97.0,0.7992,97.0,0.7501,92.0,,,0.6462,77.0,0.6606,68.0,0.5018,57.0,0.6334,65.0,,,0.6408,69.0
2014-12-08,1.2413,99.0,0.768,96.0,0.854,98.0,,,0.6695,81.0,0.6337,63.0,0.4894,54.0,0.6543,72.0,,,0.6411,69.0
2014-12-05,1.2386,99.0,0.6967,91.0,0.8832,99.0,,,0.6809,83.0,0.6362,63.0,0.4834,52.0,0.6575,73.0,,,0.6316,66.0
2014-12-04,1.2682,99.0,0.6895,91.0,0.9059,99.0,,,0.6807,83.0,0.6376,64.0,0.4825,51.0,0.6765,78.0,,,0.6226,62.0
2014-12-03,1.2923,99.0,0.6989,91.0,0.7805,94.0,,,0.6631,80.0,0.6385,64.0,0.4808,51.0,0.6485,70.0,,,0.6254,63.0
2014-12-02,1.1747,98.0,0.6834,90.0,0.9531,99.0,,,0.6667,81.0,0.6309,62.0,0.4768,49.0,0.6834,80.0,,,0.6096,56.0
2014-12-01,1.1957,99.0,0.6403,87.0,0.8884,99.0,,,0.6319,74.0,0.6251,62.0,0.4727,47.0,0.6456,69.0,,,0.6072,55.0
2014-11-28,1.0806,97.0,0.6765,90.0,0.9435,99.0,,,0.6428,76.0,0.6205,61.0,0.4704,46.0,0.6643,75.0,,,0.5541,22.0
2014-11-26,0.8323,88.0,0.5572,75.0,0.7278,90.0,,,0.5921,65.0,0.5756,44.0,0.4595,41.0,0.6486,70.0,,,0.5619,26.0
2014-11-25,0.8239,87.0,0.5596,75.0,0.6228,72.0,,,0.6238,72.0,0.5736,43.0,0.4584,41.0,0.6483,70.0,,,0.5576,24.0
2014-11-24,1.0471,97.0,0.7327,94.0,0.6311,73.0,,,0.5843,63.0,0.5729,43.0,0.4576,40.0,0.6408,68.0,,,0.5661,30.0
2014-11-21,0.9665,95.0,0.7385,94.0,0.5752,59.0,,,0.6122,70.0,0.5668,41.0,0.4556,39.0,0.5778,40.0,,,0.5418,16.0
2014-11-20,1.0352,96.0,0.7593,95.0,0.5852,62.0,,,0.596,66.0,0.5671,41.0,0.4548,38.0,0.6083,56.0,,,0.5756,38.0
2014-11-19,1.0802,97.0,0.779,96.0,0.5795,60.0,,,0.6051,68.0,0.5687,42.0,0.4556,39.0,0.6186,60.0,,,0.5538,22.0
2014-11-18,1.0932,97.0,0.7945,97.0,0.6,66.0,,,0.6318,74.0,0.5608,40.0,0.4501,37.0,0.5906,48.0,,,0.5782,39.0
2014-11-17,1.1803,99.0,0.8313,98.0,0.6034,67.0,,,0.5706,57.0,0.5512,38.0,0.4481,36.0,0.5968,52.0,,,0.5402,15.0
2014-11-14,1.157,98.0,0.8437,98.0,0.5631,55.0,,,0.7612,93.0,0.5497,38.0,0.4464,36.0,0.5284,16.0,,,0.5549,22.0
2014-11-13,1.129,98.0,0.7172,93.0,0.5859,62.0,,,0.5531,54.0,0.5291,33.0,0.431,30.0,0.6018,54.0,,,0.557,23.0
2014-11-12,1.1797,99.0,0.7105,92.0,0.5668,56.0,,,0.5624,56.0,0.528,33.0,0.4274,28.0,0.5711,37.0,,,0.5368,14.0
2014-11-11,1.1778,99.0,0.688,91.0,0.5797,60.0,,,0.784,95.0,0.5247,32.0,0.4233,27.0,0.5664,34.0,,,0.5478,18.0
2014-11-10,1.2125,99.0,0.7257,93.0,0.5991,66.0,,,0.5356,48.0,0.5182,30.0,0.4199,25.0,0.5989,52.0,,,0.5348,13.0
2014-11-07,1.3024,100.0,0.729,94.0,0.5743,59.0,,,0.709,87.0,0.5074,27.0,0.4118,20.0,0.542,22.0,,,0.5728,35.0
2014-11-06,0.9928,95.0,0.7168,93.0,0.6092,68.0,,,0.5523,53.0,0.4858,20.0,0.4067,17.0,0.5874,47.0,,,0.5327,12.0
2014-11-05,0.9837,95.0,0.7004,92.0,0.666,80.0,,,0.5276,45.0,0.4811,18.0,0.4035,15.0,0.5951,51.0,,,0.5261,10.0
2014-11-04,0.9604,94.0,0.6939,91.0,0.5565,53.0,,,0.5731,59.0,0.4701,14.0,0.4004,14.0,0.5809,43.0,,,0.5151,9.0
2014-11-03,1.0036,96.0,0.6791,90.0,0.5457,49.0,,,0.7587,93.0,0.4619,12.0,0.3978,13.0,0.5286,17.0,,,0.5307,11.0
2014-10-31,0.8653,89.0,0.668,89.0,0.5475,50.0,,,0.5486,52.0,0.4574,11.0,0.3948,12.0,0.549,25.0,,,0.5113,8.0
2014-10-30,0.8312,88.0,0.6167,84.0,0.5862,62.0,,,0.5752,60.0,0.4445,10.0,0.3888,10.0,0.5363,20.0,,,0.4899,6.0
2014-10-29,0.6577,74.0,0.5245,69.0,0.5384,47.0,,,0.5323,47.0,0.4153,5.0,0.38,8.0,0.5018,7.0,,,0.4984,7.0
2014-10-28,0.6392,71.0,0.4674,56.0,0.5171,40.0,,,0.5361,48.0,0.4068,3.0,0.375,7.0,0.4721,4.0,,,0.5016,7.0
2014-10-27,0.5831,62.0,0.5237,68.0,0.7576,93.0,,,0.5427,50.0,0.4051,3.0,0.3748,7.0,0.5229,14.0,,,0.482,5.0
2014-10-24,0.6176,67.0,0.5429,72.0,0.5129,38.0,,,0.4942,33.0,0.3983,3.0,0.3725,7.0,0.4839,5.0,,,0.4876,5.0
2014-10-23,0.6203,68.0,0.5488,73.0,0.5018,34.0,,,0.4895,31.0,0.3974,3.0,0.3708,6.0,0.4968,7.0,,,0.4679,4.0
2014-10-22,0.6056,66.0,0.5605,76.0,0.6211,71.0,,,0.5059,37.0,0.3971,3.0,0.369,6.0,0.5362,20.0,,,0.4517,3.0
2014-10-21,0.5041,48.0,0.5587,75.0,0.5101,38.0,,,0.4717,25.0,0.3889,2.0,0.3667,6.0,0.5264,15.0,,,0.4608,4.0
2014-10-20,0.5205,51.0,0.5808,79.0,0.4901,30.0,,,0.4704,24.0,0.3896,2.0,0.3656,6.0,0.4884,5.0,,,0.4674,4.0
2014-10-17,0.5462,55.0,0.6299,86.0,0.5392,47.0,,,0.503,36.0,0.3884,2.0,0.3652,6.0,0.5175,12.0,,,0.4467,2.0
2014-10-16,0.6136,67.0,0.731,94.0,0.4926,31.0,,,0.5236,44.0,0.3812,2.0,0.3598,6.0,0.4701,4.0,,,0.4865,5.0
2014-10-15,0.6482,72.0,0.708,92.0,0.5036,35.0,,,0.475,26.0,0.381,2.0,0.3566,5.0,0.5005,7.0,,,0.4638,4.0
2014-10-14,0.6401,71.0,0.6912,91.0,0.5605,54.0,,,0.4889,31.0,0.3803,2.0,0.3555,5.0,0.5322,18.0,,,0.4584,4.0
2014-10-13,0.7404,82.0,0.6814,90.0,0.5518,51.0,,,0.4535,18.0,0.38,2.0,0.3526,4.0,0.5065,8.0,,,0.464,4.0
2014-10-10,0.7116,79.0,0.6636,89.0,0.5564,53.0,,,0.4851,30.0,0.3783,1.0,0.3506,4.0,0.5051,8.0,,,0.467,4.0
2014-10-09,0.7125,79.0,0.6357,86.0,0.463,21.0,,,0.4636,22.0,0.3785,1.0,0.3477,4.0,0.4937,6.0,,,0.4591,4.0
2014-10-08,0.697,78.0,0.5932,81.0,0.4591,20.0,,,0.4766,27.0,0.3748,1.0,0.3423,2.0,0.4669,4.0,,,0.4907,6.0
2014-10-07,0.4315,34.0,0.3702,26.0,0.6197,71.0,,,0.4433,16.0,0.3623,1.0,0.326,1.0,0.5082,9.0,,,0.4496,2.0
2014-10-06,0.4139,30.0,0.3385,16.0,0.4577,19.0,,,0.437,14.0,0.3617,1.0,0.328,1.0,0.5007,7.0,,,0.4525,3.0
2014-10-03,0.4032,27.0,0.3337,14.0,0.5058,36.0,,,0.4328,13.0,0.364,1.0,0.3315,1.0,0.5122,10.0,,,0.4456,2.0
2014-10-02,0.2172,3.0,0.2931,6.0,0.4547,18.0,,,0.5072,37.0,0.3538,1.0,0.3296,1.0,0.477,4.0,,,0.4673,4.0
2014-10-01,0.3054,12.0,0.2885,5.0,0.4653,21.0,,,0.4518,18.0,0.3537,1.0,0.3299,1.0,0.5168,12.0,,,0.4571,3.0
2014-09-30,0.3528,18.0,0.3066,8.0,0.4463,16.0,,,0.4724,25.0,0.3537,1.0,0.3308,1.0,0.5175,12.0,,,0.4511,2.0
2014-09-29,0.3896,25.0,0.3233,12.0,0.4601,20.0,,,0.4574,19.0,0.3517,1.0,0.329,1.0,0.5184,12.0,,,0.4583,4.0
2014-09-26,0.3955,26.0,0.3236,12.0,0.4516,18.0,,,0.4834,28.0,0.3547,1.0,0.329,1.0,0.5076,9.0,,,0.4546,3.0
2014-09-25,0.3987,26.0,0.3431,17.0,0.4472,17.0,,,0.4417,15.0,0.3551,1.0,0.3291,1.0,0.4713,4.0,,,0.4739,5.0
2014-09-24,0.4025,27.0,0.3508,19.0,0.4481,17.0,,,0.4424,15.0,0.3585,1.0,0.33,1.0,0.4812,5.0,,,0.4557,3.0
2014-09-23,0.4106,28.0,0.3504,19.0,0.4291,12.0,,,0.5107,39.0,0.3582,1.0,0.3317,1.0,0.475,4.0,,,0.4714,5.0
2014-09-22,0.2893,9.0,0.3467,18.0,0.4469,16.0,,,0.4432,15.0,0.3571,1.0,0.3335,1.0,0.4997,7.0,,,0.4402,1.0
2014-09-19,0.2929,10.0,0.3351,15.0,0.4292,12.0,,,0.3863,4.0,0.3579,1.0,0.3366,1.0,0.5129,10.0,,,0.4277,1.0
2014-09-18,0.2025,2.0,0.288,5.0,0.4437,15.0,,,0.4017,6.0,0.3523,1.0,0.3342,1.0,0.4846,5.0,,,0.4416,1.0
2014-09-17,0.1805,1.0,0.3134,10.0,0.4255,11.0,,,0.4008,6.0,0.3677,1.0,0.3392,2.0,0.4869,5.0,,,0.4472,2.0
2014-09-16,0.246,5.0,0.3072,8.0,0.4337,13.0,,,0.396,5.0,0.3664,1.0,0.3392,2.0,0.4685,4.0,,,0.4419,1.0
2014-09-15,0.2848,9.0,0.3087,9.0,0.4455,16.0,,,0.4033,6.0,0.367,1.0,0.3392,2.0,0.4726,4.0,,,0.4473,2.0
2014-09-12,0.3941,25.0,0.3902,32.0,0.4052,6.0,,,0.411,8.0,0.3723,1.0,0.3407,2.0,0.4476,2.0,,,0.4438,1.0
2014-09-11,0.3975,26.0,0.3823,30.0,0.4204,10.0,,,0.4016,6.0,0.3724,1.0,0.3422,2.0,0.4422,2.0,,,0.4522,3.0
2014-09-10,0.4149,30.0,0.3705,26.0,0.4405,15.0,,,0.402,6.0,0.375,1.0,0.3427,2.0,0.4423,2.0,,,0.449,2.0
2014-09-09,0.4298,33.0,0.3683,25.0,0.4268,11.0,,,0.4026,6.0,0.375,1.0,0.3435,3.0,0.4445,2.0,,,0.4493,2.0
2014-09-08,0.4516,38.0,0.3412,16.0,0.6031,67.0,,,0.3925,5.0,0.378,1.0,0.3446,3.0,0.4569,3.0,,,0.4369,1.0
2014-09-05,0.4138,30.0,0.3344,15.0,0.3996,5.0,,,0.4035,6.0,0.3775,1.0,0.3441,3.0,0.4377,2.0,,,0.4492,2.0
2014-09-04,0.4826,43.0,0.3308,14.0,0.4002,5.0,,,0.4033,6.0,0.3768,1.0,0.3453,3.0,0.4485,2.0,,,0.4324,1.0
2014-09-03,0.3811,23.0,0.2258,1.0,0.3803,3.0,,,0.3937,5.0,0.371,1.0,0.3407,2.0,0.4529,3.0,,,0.4232,1.0
2014-09-02,0.3885,25.0,0.2309,1.0,0.397,5.0,,,0.3923,5.0,0.3745,1.0,0.3414,2.0,0.4471,2.0,,,0.4171,1.0
2014-08-29,0.3247,14.0,0.2362,1.0,0.3884,4.0,,,0.3538,1.0,0.3724,1.0,0.3412,2.0,0.4356,1.0,,,0.4444,2.0
2014-08-28,0.3243,14.0,0.232,1.0,0.379,2.0,,,0.362,1.0,0.3733,1.0,0.3416,2.0,0.4349,1.0,,,0.4373,1.0
2014-08-27,0.3333,15.0,0.2423,1.0,0.3977,5.0,,,0.3235,1.0,0.3742,1.0,0.3424,2.0,0.4492,3.0,,,0.43,1.0
2014-08-26,0.3311,15.0,0.2475,2.0,0.3801,3.0,,,0.3582,1.0,0.3778,1.0,0.3446,3.0,0.4385,2.0,,,0.442,1.0
2014-08-25,0.205,2.0,0.2483,2.0,0.401,6.0,,,0.3867,4.0,0.3732,1.0,0.3441,3.0,0.4691,4.0,,,0.4445,2.0
2014-08-22,0.3294,15.0,0.3024,7.0,0.3863,3.0,,,0.3918,5.0,0.3741,1.0,0.345,3.0,0.4463,2.0,,,0.4469,2.0
2014-08-21,0.3928,25.0,0.3568,21.0,0.3985,5.0,,,0.3867,4.0,0.3773,1.0,0.3462,3.0,0.4316,1.0,,,0.4414,1.0
2014-08-20,0.4055,28.0,0.3589,22.0,0.3858,3.0,,,0.3942,5.0,0.379,2.0,0.3471,3.0,0.4586,3.0,,,0.4335,1.0
2014-08-19,0.4267,32.0,0.3603,23.0,0.3894,4.0,,,0.3922,5.0,0.3789,2.0,0.3472,3.0,0.4545,3.0,,,0.434,1.0
2014-08-18,0.4396,35.0,0.3617,23.0,0.3814,3.0,,,0.3751,2.0,0.3788,2.0,0.3478,4.0,0.4466,2.0,,,0.4442,2.0
2014-08-15,0.426,32.0,0.3586,22.0,0.3917,4.0,,,0.3859,4.0,0.3856,2.0,0.3497,4.0,0.448,2.0,,,0.4458,2.0
2014-08-14,0.487,44.0,0.3484,19.0,0.3909,4.0,,,0.4047,7.0,0.3946,2.0,0.3537,5.0,0.4446,2.0,,,0.4311,1.0
2014-08-13,0.4035,27.0,0.3158,10.0,0.3904,4.0,,,0.3952,5.0,0.3899,2.0,0.3517,4.0,0.4438,2.0,,,0.4247,1.0
2014-08-12,0.2253,4.0,0.2692,3.0,0.4213,10.0,,,0.4181,9.0,0.3877,2.0,0.3496,4.0,0.4597,3.0,,,0.4459,2.0
2014-08-11,0.2237,4.0,0.2748,4.0,0.416,8.0,,,0.4129,8.0,0.393,2.0,0.3519,4.0,0.4353,1.0,,,0.4555,3.0
2014-08-08,0.2318,4.0,0.2734,4.0,0.4124,8.0,,,0.4097,8.0,0.3962,2.0,0.3538,5.0,0.4544,3.0,,,0.4495,2.0
2014-08-07,0.2306,4.0,0.2739,4.0,0.4303,12.0,,,0.5459,51.0,0.4025,3.0,0.3557,5.0,0.4486,2.0,,,0.4549,3.0
2014-08-06,0.2329,4.0,0.2666,3.0,0.4343,13.0,,,0.5518,53.0,0.4048,3.0,0.3556,5.0,0.429,1.0,,,0.4589,4.0
2014-08-05,0.1717,1.0,0.2678,3.0,0.4259,11.0,,,0.5311,47.0,0.4057,3.0,0.3577,5.0,0.4339,1.0,,,0.4529,3.0
2014-08-04,0.2921,10.0,0.2995,7.0,0.412,8.0,,,0.4822,28.0,0.4059,3.0,0.3572,5.0,0.4489,3.0,,,0.4399,1.0
2014-08-01,0.2632,7.0,0.2798,4.0,0.417,9.0,,,0.4618,21.0,0.4062,3.0,0.3576,5.0,0.4471,2.0,,,0.4442,2.0
2014-07-31,0.2854,9.0,0.2696,3.0,0.4287,12.0,,,0.4038,7.0,0.4065,3.0,0.3571,5.0,0.4478,2.0,,,0.4432,1.0
2014-07-30,0.297,10.0,0.2701,3.0,0.4198,9.0,,,0.4764,27.0,0.4063,3.0,0.3591,5.0,0.4358,2.0,,,0.4468,2.0
2014-07-29,0.2996,11.0,0.2749,4.0,0.4344,13.0,,,0.4539,19.0,0.4072,3.0,0.3599,6.0,0.4486,2.0,,,0.4479,2.0
2014-07-28,0.2997,11.0,0.2795,4.0,0.4287,12.0,,,0.489,31.0,0.4076,3.0,0.3605,6.0,0.4352,1.0,,,0.4559,3.0
2014-07-25,0.3864,24.0,0.3091,9.0,0.4082,7.0,,,0.4729,25.0,0.4095,4.0,0.3609,6.0,0.4322,1.0,,,0.4564,3.0
2014-07-24,0.3284,15.0,0.2769,4.0,0.4033,6.0,,,0.4302,12.0,0.4067,3.0,0.3596,5.0,0.4586,3.0,,,0.462,4.0
2014-07-23,0.4032,27.0,0.3406,16.0,0.4257,11.0,,,0.4076,7.0,0.4129,4.0,0.3622,6.0,0.4816,5.0,,,0.445,2.0
2014-07-22,0.5594,57.0,0.3681,25.0,0.4291,12.0,,,0.4048,7.0,0.4156,5.0,0.3685,6.0,0.4765,4.0,,,0.4542,3.0
2014-07-21,0.5788,61.0,0.3927,33.0,0.4131,8.0,,,0.417,9.0,0.4181,6.0,0.3702,6.0,0.4617,3.0,,,0.4619,4.0
2014-07-18,0.5801,62.0,0.4227,44.0,0.4018,6.0,,,0.4756,26.0,0.4206,6.0,0.3713,6.0,0.4584,3.0,,,0.4588,4.0
2014-07-17,0.611,66.0,0.4234,44.0,0.4389,14.0,,,0.4327,13.0,0.421,6.0,0.3734,7.0,0.4506,3.0,,,0.4676,4.0
2014-07-16,0.5337,53.0,0.4154,41.0,0.425,11.0,,,0.4491,17.0,0.4203,6.0,0.3725,7.0,0.4658,4.0,,,0.4611,4.0
2014-07-15,0.5165,50.0,0.4183,42.0,0.453,18.0,,,0.4097,8.0,0.4194,6.0,0.3721,7.0,0.469,4.0,,,0.4622,4.0
2014-07-14,0.5049,48.0,0.3831,30.0,0.4548,18.0,,,0.5167,41.0,0.4183,6.0,0.3707,6.0,0.4724,4.0,,,0.464,4.0
2014-07-11,0.2932,10.0,0.3513,20.0,0.4432,15.0,,,0.4862,30.0,0.4133,4.0,0.3731,7.0,0.4576,3.0,,,0.4738,5.0
2014-07-10,0.2866,9.0,0.3304,14.0,0.4493,17.0,,,0.3591,1.0,0.4137,5.0,0.3731,7.0,0.481,5.0,,,0.4582,3.0
2014-07-09,0.3166,13.0,0.3154,10.0,0.4219,10.0,,,0.4525,18.0,0.4195,6.0,0.3713,6.0,0.4631,4.0,,,0.4625,4.0
2014-07-08,0.2722,8.0,0.325,13.0,0.3824,3.0,,,0.4424,15.0,0.4225,7.0,0.3724,7.0,0.451,3.0,,,0.4732,5.0
2014-07-07,0.2876,9.0,0.3137,10.0,0.4478,17.0,,,0.4368,14.0,0.4226,7.0,0.3722,7.0,0.4766,4.0,,,0.4549,3.0
2014-07-03,0.205,2.0,0.311,9.0,0.3565,1.0,,,0.4116,8.0,0.4232,7.0,0.3759,7.0,0.4486,2.0,,,0.4757,5.0
2014-07-02,0.2956,10.0,0.3487,19.0,0.4036,6.0,,,0.3887,4.0,0.4231,7.0,0.3758,7.0,0.4724,4.0,,,0.457,3.0
2014-07-01,0.3368,16.0,0.3684,25.0,0.4055,6.0,,,0.419,10.0,0.4259,7.0,0.3779,8.0,0.4787,4.0,,,0.4521,3.0
2014-06-30,0.32,13.0,0.3735,27.0,0.4113,7.0,,,0.3775,3.0,0.4351,8.0,0.3803,8.0,0.4534,3.0,,,0.473,5.0
2014-06-27,0.4453,36.0,0.3788,28.0,0.3964,5.0,,,0.3856,3.0,0.4368,9.0,0.3818,9.0,0.4681,4.0,,,0.4557,3.0
2014-06-26,0.4822,43.0,0.4048,37.0,0.3962,5.0,,,0.4137,9.0,0.4381,9.0,0.3814,8.0,0.4633,4.0,,,0.4722,5.0
2014-06-25,0.4834,43.0,0.4193,42.0,0.3991,5.0,,,0.3905,4.0,0.4377,9.0,0.3818,9.0,0.4712,4.0,,,0.4616,4.0
2014-06-24,0.5186,51.0,0.4151,41.0,0.4259,11.0,,,0.3768,2.0,0.4391,9.0,0.3817,8.0,0.4814,5.0,,,0.4576,3.0
2014-06-23,0.4239,32.0,0.3816,30.0,0.3832,3.0,,,0.4134,9.0,0.4372,9.0,0.3792,8.0,0.4661,4.0,,,0.4749,5.0
2014-06-20,0.4315,34.0,0.3982,35.0,0.4135,8.0,,,0.4256,11.0,0.4359,8.0,0.3786,8.0,0.4672,4.0,,,0.4676,4.0
2014-06-19,0.4035,27.0,0.4001,36.0,0.4156,8.0,,,0.3802,3.0,0.436,9.0,0.3783,8.0,0.4628,4.0,,,0.4759,5.0
2014-06-18,0.329,15.0,0.3715,26.0,0.4007,6.0,,,0.4087,8.0,0.4292,8.0,0.3763,7.0,0.4598,3.0,,,0.4746,5.0
2014-06-17,0.302,11.0,0.3252,13.0,0.3813,3.0,,,0.4078,7.0,0.4253,7.0,0.3757,7.0,0.4611,3.0,,,0.4786,5.0
2014-06-16,0.3027,11.0,0.3066,8.0,0.4234,11.0,,,0.4138,9.0,0.4255,7.0,0.3749,7.0,0.4937,6.0,,,0.4679,4.0
2014-06-13,0.2132,3.0,0.312,9.0,0.4229,10.0,,,0.4124,8.0,0.4246,7.0,0.3755,7.0,0.4675,4.0,,,0.4825,5.0
2014-06-12,0.2559,6.0,0.2966,6.0,0.4743,25.0,,,0.4046,7.0,0.4251,7.0,0.3758,7.0,0.4847,5.0,,,0.489,5.0
2014-06-11,0.2351,4.0,0.2592,2.0,0.4052,6.0,,,0.4056,7.0,0.4236,7.0,0.3754,7.0,0.4736,4.0,,,0.4921,6.0
2014-06-10,0.2209,3.0,0.2449,1.0,0.4162,8.0,,,0.4103,8.0,0.4262,7.0,0.3767,8.0,0.4833,5.0,,,0.49,6.0
2014-06-09,0.2324,4.0,0.2657,3.0,0.4408,15.0,,,0.3965,5.0,0.4318,8.0,0.3775,8.0,0.4943,6.0,,,0.4684,4.0
2014-06-06,0.2485,6.0,0.322,12.0,0.4211,10.0,,,0.3677,2.0,0.436,9.0,0.3786,8.0,0.4814,5.0,,,0.4877,5.0
2014-06-05,0.3789,23.0,0.3591,22.0,0.4316,13.0,,,0.4051,7.0,0.4365,9.0,0.3794,8.0,0.4804,5.0,,,0.4838,5.0
2014-06-04,0.3489,18.0,0.3579,22.0,0.4183,9.0,,,0.3852,3.0,0.4357,8.0,0.3794,8.0,0.4902,5.0,,,0.4809,5.0
2014-06-03,0.3472,17.0,0.3578,22.0,0.4049,6.0,,,0.4078,7.0,0.443,10.0,0.3842,9.0,0.4832,5.0,,,0.4948,6.0
2014-06-02,0.3414,17.0,0.3481,18.0,0.4024,6.0,,,0.4034,6.0,0.444,10.0,0.3846,9.0,0.4941,6.0,,,0.4938,6.0
2014-05-30,0.3278,15.0,0.3453,17.0,0.3847,3.0,,,0.406,7.0,0.4574,11.0,0.3882,10.0,0.4792,4.0,,,0.495,6.0
2014-05-29,0.3254,14.0,0.3209,11.0,0.3749,2.0,,,0.404,7.0,0.4608,12.0,0.3885,10.0,0.4867,5.0,,,0.4926,6.0
2014-05-28,0.3325,15.0,0.2934,6.0,0.389,4.0,,,0.3729,2.0,0.4601,12.0,0.3868,9.0,0.5,7.0,,,0.4909,6.0
2014-05-27,0.2554,6.0,0.2302,1.0,0.4338,13.0,,,0.3847,3.0,0.4595,12.0,0.3861,9.0,0.4993,7.0,,,0.4801,5.0
2014-05-23,0.2109,3.0,0.2153,1.0,0.3936,4.0,,,0.3579,1.0,0.458,12.0,0.3884,10.0,0.487,5.0,,,0.4878,5.0
2014-05-22,0.2311,4.0,0.2508,2.0,0.4046,6.0,,,0.3844,3.0,0.4579,11.0,0.3896,10.0,0.491,6.0,,,0.4839,5.0
2014-05-21,0.2348,4.0,0.2557,2.0,0.3465,1.0,,,0.394,5.0,0.4594,12.0,0.3906,11.0,0.4848,5.0,,,0.4857,5.0
2014-05-20,0.2499,6.0,0.2512,2.0,0.3419,1.0,,,0.3873,4.0,0.4623,12.0,0.3923,11.0,0.4866,5.0,,,0.4904,6.0
2014-05-19,0.2467,5.0,0.2698,3.0,0.3963,5.0,,,0.3878,4.0,0.4631,12.0,0.3926,11.0,0.4817,5.0,,,0.4888,5.0
2014-05-16,0.2076,3.0,0.2463,1.0,0.3929,4.0,,,0.419,10.0,0.4677,13.0,0.3934,11.0,0.4939,6.0,,,0.4916,6.0
2014-05-15,0.2548,6.0,0.2852,5.0,0.4285,12.0,,,0.4163,9.0,0.4683,14.0,0.3941,12.0,0.4981,7.0,,,0.4946,6.0
2014-05-14,0.2387,5.0,0.2921,6.0,0.3846,3.0,,,0.4128,8.0,0.4685,14.0,0.3948,12.0,0.494,6.0,,,0.4949,6.0
2014-05-13,0.2231,4.0,0.2752,4.0,0.4112,7.0,,,0.4303,12.0,0.4678,14.0,0.3944,12.0,0.4931,6.0,,,0.4933,6.0
2014-05-12,0.3112,12.0,0.3083,9.0,0.398,5.0,,,0.4181,9.0,0.4691,14.0,0.3975,13.0,0.493,6.0,,,0.4946,6.0
2014-05-09,0.2986,11.0,0.3153,10.0,0.412,8.0,,,0.431,12.0,0.469,14.0,0.3984,14.0,0.4897,5.0,,,0.4961,6.0
2014-05-08,0.3011,11.0,0.3045,8.0,0.3987,5.0,,,0.443,15.0,0.4695,14.0,0.3987,14.0,0.4897,5.0,,,0.4901,6.0
2014-05-07,0.3474,18.0,0.3123,9.0,0.4201,10.0,,,0.4512,18.0,0.4714,15.0,0.3991,14.0,0.4918,6.0,,,0.4939,6.0
2014-05-06,0.3364,16.0,0.2919,6.0,0.4396,14.0,,,0.4315,12.0,0.4697,14.0,0.398,13.0,0.4906,5.0,,,0.4955,6.0
2014-05-05,0.3341,16.0,0.2897,5.0,0.5066,36.0,,,0.4237,11.0,0.4702,14.0,0.3982,13.0,0.5039,8.0,,,0.4941,6.0
2014-05-02,0.3402,17.0,0.2998,7.0,0.4497,17.0,,,0.4128,8.0,0.4703,14.0,0.3985,14.0,0.493,6.0,,,0.4895,5.0
2014-05-01,0.307,12.0,0.2827,4.0,0.4849,28.0,,,0.4371,14.0,0.4705,14.0,0.3981,13.0,0.4974,7.0,,,0.4953,6.0
2014-04-30,0.3438,17.0,0.2993,7.0,0.5099,37.0,,,0.4364,14.0,0.4785,17.0,0.3993,14.0,0.4955,6.0,,,0.497,6.0
2014-04-29,0.3512,18.0,0.3232,12.0,0.4989,33.0,,,0.4335,13.0,0.4795,17.0,0.4019,14.0,0.5035,8.0,,,0.4937,6.0
2014-04-28,0.3362,16.0,0.3226,12.0,0.4985,33.0,,,0.427,11.0,0.4798,17.0,0.403,15.0,0.5044,8.0,,,0.4915,6.0
2014-04-25,0.3004,11.0,0.3265,13.0,0.4313,12.0,,,0.4321,13.0,0.4793,17.0,0.4032,15.0,0.4911,6.0,,,0.4976,7.0
2014-04-24,0.3088,12.0,0.3344,15.0,0.4791,26.0,,,0.4505,18.0,0.4793,17.0,0.4039,15.0,0.4976,7.0,,,0.4925,6.0
2014-04-23,0.3193,13.0,0.3305,14.0,0.4267,11.0,,,0.4322,13.0,0.4887,20.0,0.405,16.0,0.4932,6.0,,,0.4953,6.0
2014-04-22,0.3372,16.0,0.3506,19.0,0.4306,12.0,,,0.4543,19.0,0.4919,22.0,0.4064,17.0,0.4882,5.0,,,0.5,7.0
2014-04-21,0.2572,6.0,0.3925,33.0,0.393,4.0,,,0.4609,21.0,0.4931,22.0,0.4074,18.0,0.4912,6.0,,,0.5038,7.0
2014-04-17,0.3753,22.0,0.4319,46.0,0.4377,14.0,,,0.4365,14.0,0.4944,23.0,0.4064,17.0,0.5,7.0,,,0.4875,5.0
2014-04-16,0.4016,27.0,0.4321,47.0,0.4564,19.0,,,0.4521,18.0,0.4943,23.0,0.4077,18.0,0.4961,6.0,,,0.4985,7.0
2014-04-15,0.3991,26.0,0.4379,48.0,0.4912,30.0,,,0.4577,20.0,0.509,28.0,0.4104,20.0,0.4922,6.0,,,0.4975,6.0
2014-04-14,0.3837,24.0,0.4479,51.0,0.4514,18.0,,,0.4508,18.0,0.5096,28.0,0.4106,20.0,0.4956,6.0,,,0.4968,6.0
2014-04-11,0.3753,22.0,0.4408,49.0,0.4581,19.0,,,0.462,21.0,0.5094,28.0,0.4112,20.0,0.5034,8.0,,,0.4951,6.0
2014-04-10,0.3928,25.0,0.4144,41.0,0.4251,11.0,,,0.4469,17.0,0.5074,27.0,0.4099,19.0,0.5056,8.0,,,0.4884,5.0
2014-04-09,0.3043,11.0,0.3576,22.0,0.446,16.0,,,0.4425,15.0,0.5059,27.0,0.4069,18.0,0.491,6.0,,,0.4924,6.0
2014-04-08,0.3678,21.0,0.3055,8.0,0.4489,17.0,,,0.4294,12.0,0.5041,26.0,0.4043,16.0,0.5038,8.0,,,0.4865,5.0
2014-04-07,0.3548,19.0,0.3325,14.0,0.4699,23.0,,,0.4418,15.0,0.5037,26.0,0.4066,17.0,0.4923,6.0,,,0.4949,6.0
2014-04-04,0.3797,23.0,0.3539,21.0,0.4121,8.0,,,0.4508,18.0,0.5077,27.0,0.409,19.0,0.494,6.0,,,0.5,7.0
2014-04-03,0.4542,38.0,0.4025,37.0,0.4468,16.0,,,0.4637,22.0,0.5081,27.0,0.4083,18.0,0.4897,5.0,,,0.5,7.0
2014-04-02,0.4406,35.0,0.4068,38.0,0.4682,22.0,,,0.4375,14.0,0.5074,27.0,0.4084,18.0,0.5026,8.0,,,0.4989,7.0
2014-04-01,0.5644,59.0,0.4753,57.0,0.4746,25.0,,,0.4574,19.0,0.5063,27.0,0.4091,19.0,0.5055,8.0,,,0.5015,7.0
2014-03-31,0.5487,56.0,0.4864,61.0,0.4619,20.0,,,0.4773,27.0,0.5059,27.0,0.4104,20.0,0.5144,11.0,,,0.5079,8.0
2014-03-28,0.5658,59.0,0.4816,60.0,0.4337,13.0,,,0.4346,13.0,0.5048,26.0,0.41,19.0,0.5064,8.0,,,0.5015,7.0
2014-03-27,0.5838,62.0,0.479,59.0,0.4327,13.0,,,0.4402,15.0,0.506,27.0,0.4093,19.0,0.5038,8.0,,,0.5072,8.0
2014-03-26,0.5656,59.0,0.4738,57.0,0.4457,16.0,,,0.4539,19.0,0.5051,26.0,0.4096,19.0,0.5103,9.0,,,0.5072,8.0
2014-03-25,0.5555,57.0,0.4314,46.0,0.4754,25.0,,,0.4213,10.0,0.5039,26.0,0.4085,19.0,0.5067,8.0,,,0.5004,7.0
2014-03-24,0.5658,59.0,0.4408,49.0,0.4817,27.0,,,0.4375,14.0,0.5051,26.0,0.4092,19.0,0.5182,12.0,,,0.499,7.0
2014-03-21,0.4374,35.0,0.4044,37.0,0.4497,17.0,,,0.4571,19.0,0.493,22.0,0.4071,18.0,0.4991,7.0,,,0.504,7.0
2014-03-20,0.4817,43.0,0.3923,33.0,0.4561,19.0,,,0.4468,16.0,0.4956,23.0,0.4096,19.0,0.4992,7.0,,,0.5005,7.0
2014-03-19,0.4814,43.0,0.4114,39.0,0.4641,21.0,,,0.4493,17.0,0.5038,26.0,0.4115,20.0,0.5013,7.0,,,0.5016,7.0
2014-03-18,0.3974,26.0,0.3899,32.0,0.4479,17.0,,,0.4602,20.0,0.5004,25.0,0.4139,21.0,0.5,7.0,,,0.502,7.0
2014-03-17,0.4493,37.0,0.3695,26.0,0.4598,20.0,,,0.4574,19.0,0.5249,32.0,0.4352,32.0,0.4998,7.0,,,0.4974,6.0
2014-03-14,0.421,31.0,0.3452,17.0,0.4593,20.0,,,0.4765,27.0,0.5232,31.0,0.4343,32.0,0.4941,6.0,,,0.5041,7.0
2014-03-13,0.4325,34.0,0.3352,15.0,0.4804,27.0,,,0.482,28.0,0.5247,32.0,0.4346,32.0,0.5134,10.0,,,0.5158,9.0
2014-03-12,0.4157,30.0,0.3002,7.0,0.4828,27.0,,,0.5006,35.0,0.5229,31.0,0.4337,31.0,0.5312,18.0,,,0.5304,11.0
2014-03-11,0.4329,34.0,0.3432,17.0,0.4838,28.0,,,0.5007,35.0,0.5319,34.0,0.435,32.0,0.5326,18.0,,,0.5312,12.0
2014-03-10,0.4258,32.0,0.3078,9.0,0.4878,28.0,,,0.5145,40.0,0.5318,34.0,0.4342,32.0,0.5389,21.0,,,0.5315,12.0
2014-03-07,0.4396,35.0,0.3227,12.0,0.5053,36.0,,,0.4862,30.0,0.5327,34.0,0.4343,32.0,0.5344,19.0,,,0.5362,14.0
2014-03-06,0.4444,36.0,0.333,14.0,0.5289,44.0,,,0.4915,32.0,0.5312,33.0,0.4343,32.0,0.5299,17.0,,,0.5339,13.0
2014-03-05,0.4509,37.0,0.3573,22.0,0.5247,43.0,,,0.4828,28.0,0.5316,34.0,0.4347,32.0,0.5344,19.0,,,0.535,13.0
2014-03-04,0.4129,28.0,0.3506,19.0,0.5048,35.0,,,0.5121,39.0,0.5347,34.0,0.4353,32.0,0.537,20.0,,,0.5402,15.0
2014-03-03,0.4029,27.0,0.3537,20.0,0.5314,45.0,,,0.5253,44.0,0.5337,34.0,0.4349,32.0,0.5427,23.0,,,0.5384,15.0
2014-02-28,0.4717,41.0,0.3521,20.0,0.5115,38.0,,,0.4764,27.0,0.5327,34.0,0.4336,31.0,0.548,25.0,,,0.5375,14.0
2014-02-27,0.5536,57.0,0.4243,44.0,0.4753,25.0,,,0.5173,41.0,0.5328,34.0,0.4348,32.0,0.5337,19.0,,,0.5438,17.0
2014-02-26,0.5793,61.0,0.4164,41.0,0.5013,34.0,,,0.5073,37.0,0.5319,34.0,0.4364,33.0,0.5253,15.0,,,0.5396,15.0
2014-02-25,0.6244,68.0,0.4114,39.0,0.5182,40.0,,,0.5251,44.0,0.5307,33.0,0.4393,34.0,0.5356,19.0,,,0.5372,14.0
2014-02-24,0.6311,69.0,0.4341,47.0,0.514,39.0,,,0.5152,40.0,0.5354,35.0,0.4472,36.0,0.5439,23.0,,,0.5563,23.0
2014-02-21,0.6965,78.0,0.4601,54.0,0.5097,37.0,,,0.5021,36.0,0.5365,35.0,0.4474,36.0,0.5547,28.0,,,0.5582,24.0
2014-02-20,0.7269,81.0,0.4785,59.0,0.5195,41.0,,,0.5126,40.0,0.5374,35.0,0.448,36.0,0.5473,25.0,,,0.5502,20.0
2014-02-19,0.695,78.0,0.4506,51.0,0.5286,44.0,,,0.5335,48.0,0.5349,34.0,0.4465,36.0,0.5602,31.0,,,0.5638,28.0
2014-02-18,0.4835,43.0,0.4158,41.0,0.4929,31.0,,,0.5199,42.0,0.5317,34.0,0.4439,35.0,0.55,26.0,,,0.556,23.0
2014-02-14,0.487,44.0,0.4115,40.0,0.4738,25.0,,,0.5008,35.0,0.5358,35.0,0.4467,36.0,0.5573,28.0,,,0.5608,26.0
2014-02-13,0.5331,53.0,0.4162,41.0,0.4824,27.0,,,0.5124,40.0,0.5326,34.0,0.4472,36.0,0.5617,32.0,,,0.5582,24.0
2014-02-12,0.4929,45.0,0.3754,28.0,0.5152,39.0,,,0.4901,31.0,0.5302,33.0,0.4482,36.0,0.5648,33.0,,,0.5602,25.0
2014-02-11,0.388,24.0,0.3763,28.0,0.4859,28.0,,,0.5073,37.0,0.5346,34.0,0.4521,38.0,0.5604,31.0,,,0.5607,26.0
2014-02-10,0.3495,18.0,0.358,22.0,0.4885,28.0,,,0.523,44.0,0.5471,37.0,0.4565,39.0,0.5624,32.0,,,0.5636,27.0
2014-02-07,0.3181,13.0,0.3636,23.0,0.4987,33.0,,,0.4553,19.0,0.5456,37.0,0.4584,41.0,0.5665,34.0,,,0.5705,33.0
2014-02-06,0.3042,11.0,0.3339,14.0,0.5132,39.0,,,0.486,30.0,0.5468,37.0,0.4574,40.0,0.5658,34.0,,,0.5671,30.0
2014-02-05,0.325,14.0,0.3458,18.0,0.5203,41.0,,,0.4778,27.0,0.5498,38.0,0.4603,42.0,0.5697,36.0,,,0.568,31.0
2014-02-04,0.4347,34.0,0.3694,26.0,0.5295,45.0,,,0.4877,30.0,0.557,39.0,0.4618,43.0,0.569,36.0,,,0.5753,37.0
2014-02-03,0.4533,38.0,0.4685,56.0,0.5267,44.0,,,0.4656,22.0,0.5567,39.0,0.4621,43.0,0.5677,35.0,,,0.573,35.0
2014-01-31,0.5337,53.0,0.4652,56.0,0.5012,34.0,,,0.4895,31.0,0.5642,40.0,0.4642,43.0,0.5719,37.0,,,0.5736,36.0
2014-01-30,0.5551,57.0,0.4725,57.0,0.508,37.0,,,0.5045,36.0,0.5637,40.0,0.4634,43.0,0.5802,42.0,,,0.571,34.0
2014-01-29,0.5627,59.0,0.4962,63.0,0.47,23.0,,,0.5042,36.0,0.5649,41.0,0.4644,43.0,0.5684,35.0,,,0.572,34.0
2014-01-28,0.5863,63.0,0.4971,63.0,0.5339,46.0,,,0.4636,22.0,0.5652,41.0,0.4654,44.0,0.5732,38.0,,,0.5679,31.0
2014-01-27,0.5669,59.0,0.4884,61.0,0.5201,41.0,,,0.4725,25.0,0.5645,41.0,0.4661,44.0,0.5651,33.0,,,0.5655,28.0
2014-01-24,0.4903,45.0,0.4766,59.0,0.4745,25.0,,,0.4762,27.0,0.5605,40.0,0.4644,43.0,0.56,31.0,,,0.567,30.0
2014-01-23,0.5362,54.0,0.4426,50.0,0.4792,26.0,,,0.4822,28.0,0.5587,39.0,0.4592,41.0,0.5551,28.0,,,0.5641,28.0
2014-01-22,0.5101,49.0,0.4387,49.0,0.4696,23.0,,,0.4974,34.0,0.5566,39.0,0.4586,41.0,0.5619,32.0,,,0.5694,32.0
2014-01-21,0.5088,49.0,0.4224,44.0,0.467,22.0,,,0.4906,31.0,0.5566,39.0,0.4583,40.0,0.5695,36.0,,,0.5744,37.0
2014-01-17,0.6201,68.0,0.4078,38.0,0.4595,20.0,,,0.5039,36.0,0.5595,40.0,0.4622,43.0,0.5756,39.0,,,0.5801,41.0
2014-01-16,0.579,61.0,0.4104,39.0,0.4964,32.0,,,0.4895,31.0,0.5583,39.0,0.4631,43.0,0.5745,39.0,,,0.5818,42.0
2014-01-15,0.6094,66.0,0.4755,57.0,0.4969,32.0,,,0.4984,34.0,0.5655,41.0,0.4635,43.0,0.5741,38.0,,,0.5778,39.0
2014-01-14,0.5909,64.0,0.4628,55.0,0.5001,33.0,,,0.5059,37.0,0.5667,41.0,0.4632,43.0,0.5739,38.0,,,0.582,42.0
2014-01-13,0.5472,56.0,0.4321,47.0,0.5041,35.0,,,0.5219,43.0,0.5631,40.0,0.4606,42.0,0.5752,39.0,,,0.5848,44.0
2014-01-10,0.6511,73.0,0.4517,52.0,0.5004,33.0,,,0.5354,48.0,0.5642,40.0,0.4627,43.0,0.5757,40.0,,,0.5889,46.0
2014-01-09,0.6219,68.0,0.4899,61.0,0.5223,42.0,,,0.5046,36.0,0.5651,41.0,0.4642,43.0,0.5858,46.0,,,0.5796,41.0
2014-01-08,0.557,57.0,0.4755,57.0,0.5037,35.0,,,0.4819,28.0,0.5621,40.0,0.4632,43.0,0.5835,44.0,,,0.5954,49.0
2014-01-07,0.549,56.0,0.4756,57.0,0.5002,33.0,,,0.5775,61.0,0.5631,40.0,0.4633,43.0,0.5868,46.0,,,0.5931,48.0
2014-01-06,0.5396,54.0,0.417,42.0,0.5019,34.0,,,0.5049,37.0,0.5666,41.0,0.4607,42.0,0.5852,45.0,,,0.5817,42.0
2014-01-03,0.5392,54.0,0.4088,39.0,0.5043,35.0,,,0.4897,31.0,0.5688,42.0,0.4613,42.0,0.5865,46.0,,,0.5801,41.0
2014-01-02,0.4617,40.0,0.3813,30.0,0.4687,23.0,,,0.4797,28.0,0.5711,43.0,0.4613,42.0,0.5766,40.0,,,0.5809,42.0
2013-12-31,0.321,14.0,0.3358,15.0,0.4982,33.0,,,0.5188,42.0,0.5643,41.0,0.4603,42.0,0.5747,39.0,,,0.5801,41.0
2013-12-30,0.2862,9.0,0.2623,3.0,0.6329,74.0,,,0.4724,25.0,0.5622,40.0,0.4587,41.0,0.5848,45.0,,,0.576,38.0
2013-12-27,0.2602,7.0,0.2955,6.0,0.4642,21.0,,,0.5166,41.0,0.5693,42.0,0.4612,42.0,0.5672,35.0,,,0.5895,46.0
2013-12-26,0.2731,8.0,0.2878,5.0,0.5239,42.0,,,0.5239,44.0,0.5755,44.0,0.4656,44.0,0.5803,42.0,,,0.585,44.0
2013-12-24,0.2162,3.0,0.299,7.0,0.5018,34.0,,,0.5247,44.0,0.5764,44.0,0.4665,44.0,0.568,35.0,,,0.5979,51.0
2013-12-23,0.2309,4.0,0.3162,10.0,0.5802,60.0,,,0.543,50.0,0.598,52.0,0.4792,50.0,0.5842,45.0,,,0.5762,38.0
2013-12-20,0.2579,7.0,0.3397,16.0,0.5333,46.0,,,0.521,43.0,0.6057,55.0,0.4824,51.0,0.5926,49.0,,,0.5892,46.0
2013-12-19,0.3198,13.0,0.3732,27.0,0.5527,52.0,,,0.5363,48.0,0.6132,57.0,0.4837,52.0,0.5807,42.0,,,0.5884,46.0
2013-12-18,0.5099,49.0,0.3931,33.0,0.5664,56.0,,,0.5166,41.0,0.6138,59.0,0.4844,52.0,0.6014,53.0,,,0.5789,40.0
2013-12-17,0.5599,57.0,0.38,28.0,0.5579,54.0,,,0.525,44.0,0.6238,62.0,0.4869,53.0,0.5917,49.0,,,0.5937,48.0
2013-12-16,0.5661,59.0,0.394,34.0,0.6726,81.0,,,0.5508,53.0,0.6257,62.0,0.4891,54.0,0.5957,51.0,,,0.5934,48.0
2013-12-13,0.5907,63.0,0.3858,31.0,0.6922,85.0,,,0.5529,53.0,0.634,63.0,0.4911,55.0,0.5941,50.0,,,0.588,46.0
2013-12-12,0.6706,75.0,0.4486,51.0,0.6108,69.0,,,0.566,57.0,0.6348,63.0,0.4926,55.0,0.5747,39.0,,,0.5957,49.0
2013-12-11,0.6706,75.0,0.4371,48.0,0.6413,76.0,,,0.5328,47.0,0.6342,63.0,0.4916,55.0,0.5852,45.0,,,0.588,46.0
2013-12-10,0.7997,86.0,0.4644,56.0,0.5289,44.0,,,0.5456,51.0,0.6313,63.0,0.49,55.0,0.5778,40.0,,,0.5851,44.0
2013-12-09,0.7661,84.0,0.4682,56.0,0.4863,28.0,,,0.5643,57.0,0.627,62.0,0.49,55.0,0.5647,33.0,,,0.6013,52.0
2013-12-06,0.7143,80.0,0.4626,55.0,0.6314,74.0,,,0.5159,41.0,0.6239,62.0,0.4898,55.0,0.6016,53.0,,,0.5918,47.0
2013-12-05,0.7429,82.0,0.4678,56.0,0.6154,70.0,,,0.5594,55.0,0.6237,61.0,0.4895,54.0,0.5925,49.0,,,0.5966,50.0
2013-12-04,0.7486,82.0,0.5007,64.0,0.5434,49.0,,,0.5637,57.0,0.6236,61.0,0.4894,54.0,0.5617,32.0,,,0.5869,45.0
2013-12-03,0.6357,70.0,0.4487,51.0,0.6437,76.0,,,0.5322,47.0,0.6183,60.0,0.4861,53.0,0.5966,51.0,,,0.574,36.0
2013-12-02,0.6401,71.0,0.4517,52.0,0.563,55.0,,,0.5184,42.0,0.6195,61.0,0.4859,53.0,0.5742,38.0,,,0.5837,43.0
2013-11-29,0.4915,45.0,0.4189,42.0,0.5287,44.0,,,0.4905,31.0,0.611,57.0,0.4848,52.0,0.5806,42.0,,,0.5743,36.0
2013-11-27,0.4128,28.0,0.4004,36.0,0.5374,47.0,,,0.4952,33.0,0.6079,56.0,0.4847,52.0,0.5779,41.0,,,0.5881,46.0
2013-11-26,0.4629,40.0,0.4217,43.0,0.5277,44.0,,,0.4959,33.0,0.6078,56.0,0.4845,52.0,0.5686,35.0,,,0.5884,46.0
2013-11-25,0.4353,34.0,0.4044,37.0,0.4927,31.0,,,0.5051,37.0,0.6098,57.0,0.4854,53.0,0.5659,34.0,,,0.5837,43.0
2013-11-22,0.4481,37.0,0.3682,25.0,0.4784,26.0,,,0.4897,31.0,0.6124,57.0,0.4871,53.0,0.5819,43.0,,,0.5722,35.0
2013-11-21,0.4551,38.0,0.3602,23.0,0.466,22.0,,,0.5101,39.0,0.6175,60.0,0.4884,54.0,0.567,34.0,,,0.5922,48.0
2013-11-20,0.4535,38.0,0.4015,36.0,0.5038,35.0,,,0.491,31.0,0.62,61.0,0.4896,54.0,0.5727,38.0,,,0.5689,32.0
2013-11-19,0.4292,33.0,0.3858,31.0,0.4667,22.0,,,0.5114,39.0,0.6179,60.0,0.4899,55.0,0.562,32.0,,,0.5989,51.0
2013-11-18,0.4187,31.0,0.398,35.0,0.5085,37.0,,,0.4723,25.0,0.6173,60.0,0.4905,55.0,0.568,35.0,,,0.5785,40.0
2013-11-15,0.3385,16.0,0.3749,27.0,0.4972,32.0,,,0.4918,32.0,0.6129,57.0,0.4901,55.0,0.5833,44.0,,,0.59,47.0
2013-11-14,0.3232,14.0,0.3691,25.0,0.5311,45.0,,,0.5399,49.0,0.6124,57.0,0.4933,56.0,0.5844,45.0,,,0.6008,52.0
2013-11-13,0.2984,11.0,0.3638,24.0,0.5133,39.0,,,0.5523,53.0,0.6137,59.0,0.4943,56.0,0.5864,46.0,,,0.6052,54.0
2013-11-12,0.305,12.0,0.3654,24.0,0.5429,48.0,,,0.5319,47.0,0.634,63.0,0.5068,60.0,0.586,46.0,,,0.6014,52.0
2013-11-11,0.3346,16.0,0.322,12.0,0.5545,52.0,,,0.7294,90.0,0.6388,64.0,0.5081,60.0,0.5844,45.0,,,0.6052,54.0
2013-11-08,0.4428,35.0,0.335,15.0,0.5436,49.0,,,0.565,57.0,0.6388,64.0,0.5088,60.0,0.5899,48.0,,,0.6098,56.0
2013-11-07,0.462,40.0,0.3723,27.0,0.5607,54.0,,,0.6514,78.0,0.6524,66.0,0.5142,62.0,0.5993,53.0,,,0.6003,52.0
2013-11-06,0.4628,40.0,0.3915,33.0,0.6552,78.0,,,0.5952,66.0,0.6509,66.0,0.5147,62.0,0.5841,44.0,,,0.6016,53.0
2013-11-05,0.4454,36.0,0.3986,36.0,0.6351,74.0,,,0.6439,76.0,0.6526,66.0,0.5147,62.0,0.5849,45.0,,,0.6007,52.0
2013-11-04,0.4919,45.0,0.4066,38.0,0.6663,80.0,,,0.6576,79.0,0.652,66.0,0.5157,63.0,0.5848,45.0,,,0.6069,55.0
2013-11-01,0.6879,77.0,0.4265,45.0,0.6254,72.0,,,0.5821,62.0,0.6522,66.0,0.5175,63.0,0.5896,48.0,,,0.6033,53.0
2013-10-31,0.711,79.0,0.4454,50.0,0.616,70.0,,,0.5937,65.0,0.6525,66.0,0.5176,63.0,0.6012,53.0,,,0.5963,50.0
2013-10-30,0.6414,71.0,0.4527,52.0,0.613,69.0,,,0.5814,62.0,0.6495,66.0,0.5175,63.0,0.5838,44.0,,,0.6009,52.0
2013-10-29,0.6464,72.0,0.4101,39.0,0.6135,69.0,,,0.6022,67.0,0.6492,66.0,0.516,63.0,0.581,43.0,,,0.5964,50.0
2013-10-28,0.6099,66.0,0.4133,40.0,0.6055,68.0,,,0.5924,65.0,0.6479,65.0,0.5154,62.0,0.5862,46.0,,,0.5987,51.0
2013-10-25,0.7149,80.0,0.4592,54.0,0.578,60.0,,,0.5719,59.0,0.6473,65.0,0.5154,62.0,0.5725,38.0,,,0.6034,53.0
2013-10-24,0.7779,85.0,0.4571,53.0,0.5639,55.0,,,0.5743,60.0,0.648,65.0,0.5162,63.0,0.5828,44.0,,,0.6095,56.0
2013-10-23,0.7011,78.0,0.447,51.0,0.596,65.0,,,0.5888,64.0,0.6417,65.0,0.5161,63.0,0.5912,48.0,,,0.6022,53.0
2013-10-22,0.5869,63.0,0.4174,42.0,0.5855,62.0,,,0.5587,55.0,0.6383,64.0,0.5147,62.0,0.5912,48.0,,,0.5979,51.0
2013-10-21,0.6042,66.0,0.3839,30.0,0.5756,59.0,,,0.577,60.0,0.6399,64.0,0.5176,63.0,0.5803,42.0,,,0.6025,53.0
2013-10-18,0.5935,64.0,0.3948,34.0,0.5764,59.0,,,0.5628,56.0,0.6422,65.0,0.5223,64.0,0.5877,47.0,,,0.6089,56.0
2013-10-17,0.5833,62.0,0.414,40.0,0.5819,61.0,,,0.5758,60.0,0.6545,67.0,0.5257,65.0,0.5924,49.0,,,0.6068,55.0
2013-10-16,0.3184,13.0,0.4134,40.0,0.5995,66.0,,,0.6075,69.0,0.6455,65.0,0.5242,65.0,0.6074,56.0,,,0.6141,57.0
2013-10-15,0.3325,15.0,0.4095,39.0,0.6194,71.0,,,0.6266,73.0,0.6444,65.0,0.5247,65.0,0.6067,55.0,,,0.6139,57.0
2013-10-14,0.3136,12.0,0.3908,33.0,0.6381,75.0,,,0.6279,73.0,0.6442,65.0,0.5261,65.0,0.6016,53.0,,,0.6199,61.0
2013-10-11,0.3185,13.0,0.3992,36.0,0.6461,76.0,,,0.6087,69.0,0.6469,65.0,0.5296,66.0,0.6059,55.0,,,0.6195,61.0
2013-10-10,0.3239,14.0,0.4228,44.0,0.6599,79.0,,,0.6256,73.0,0.6567,67.0,0.5358,67.0,0.6149,57.0,,,0.6154,59.0
2013-10-09,0.3316,15.0,0.4202,43.0,0.6852,84.0,,,0.6432,76.0,0.6576,67.0,0.5399,69.0,0.6181,60.0,,,0.6136,57.0
2013-10-08,0.3394,17.0,0.3867,31.0,0.668,81.0,,,0.618,71.0,0.6852,73.0,0.542,70.0,0.6094,57.0,,,0.6168,59.0
2013-10-07,0.2664,7.0,0.3673,25.0,0.6607,79.0,,,0.6138,70.0,0.6857,73.0,0.5412,69.0,0.6011,53.0,,,0.6183,60.0
2013-10-04,0.2248,4.0,0.4045,37.0,0.6419,76.0,,,0.5876,64.0,0.6854,73.0,0.5412,69.0,0.6068,55.0,,,0.6108,57.0
2013-10-03,0.3227,14.0,0.4221,43.0,0.6246,72.0,,,0.5867,64.0,0.6866,73.0,0.5422,70.0,0.629,64.0,,,0.6138,57.0
2013-10-02,0.3137,12.0,0.4437,50.0,0.6272,73.0,,,0.5809,62.0,0.6888,74.0,0.5431,71.0,0.6078,56.0,,,0.6132,57.0
2013-10-01,0.3305,15.0,0.4736,57.0,0.6075,68.0,,,0.5951,66.0,0.6894,74.0,0.5426,70.0,0.6087,56.0,,,0.6109,57.0
2013-09-30,0.4503,37.0,0.5035,64.0,0.6064,68.0,,,0.6076,69.0,0.6885,74.0,0.5438,71.0,0.6017,54.0,,,0.612,57.0
2013-09-27,0.4497,37.0,0.5453,73.0,0.5749,59.0,,,0.5731,59.0,0.6912,74.0,0.5467,72.0,0.6018,54.0,,,0.605,54.0
2013-09-26,0.9115,92.0,0.7797,96.0,0.5744,59.0,,,0.5624,56.0,0.693,75.0,0.5504,74.0,0.5918,49.0,,,0.5951,49.0
2013-09-25,0.8933,91.0,0.7563,95.0,0.5885,63.0,,,0.5915,65.0,0.6969,76.0,0.5501,74.0,0.6101,57.0,,,0.598,51.0
2013-09-24,0.8969,91.0,0.7575,95.0,0.5844,62.0,,,0.5959,66.0,0.6969,76.0,0.5498,73.0,0.6101,57.0,,,0.6061,54.0
2013-09-23,0.9015,91.0,0.7487,95.0,0.5915,64.0,,,0.5771,60.0,0.6972,76.0,0.5483,73.0,0.6229,62.0,,,0.6026,53.0
2013-09-20,0.9946,95.0,0.7313,94.0,0.584,62.0,,,0.5811,62.0,0.6959,75.0,0.5461,72.0,0.6082,56.0,,,0.6009,52.0
2013-09-19,0.9057,92.0,0.713,92.0,0.5989,66.0,,,0.5912,65.0,0.6901,74.0,0.5445,72.0,0.5923,49.0,,,0.5994,51.0
2013-09-18,0.9182,92.0,0.6768,90.0,0.615,70.0,,,0.5751,60.0,0.6898,74.0,0.5421,70.0,0.6006,53.0,,,0.6085,55.0
2013-09-17,0.5141,50.0,0.3492,19.0,0.6216,71.0,,,0.6395,75.0,0.671,71.0,0.5238,65.0,0.5925,49.0,,,0.6068,55.0
2013-09-16,0.5454,55.0,0.3532,20.0,0.6163,70.0,,,0.6239,72.0,0.6714,71.0,0.5237,65.0,0.5925,49.0,,,0.6004,52.0
2013-09-13,0.5736,60.0,0.3505,19.0,0.6198,71.0,,,0.595,66.0,0.6704,71.0,0.5229,65.0,0.5894,48.0,,,0.6056,54.0
2013-09-12,0.5512,56.0,0.3296,13.0,0.6226,72.0,,,0.6213,72.0,0.6702,71.0,0.5221,64.0,0.598,52.0,,,0.6052,54.0
2013-09-11,0.4503,37.0,0.31,9.0,0.6105,69.0,,,0.6309,74.0,0.6622,69.0,0.521,64.0,0.5842,45.0,,,0.6034,53.0
2013-09-10,0.4373,35.0,0.3231,12.0,0.6307,73.0,,,0.6256,73.0,0.662,69.0,0.5207,64.0,0.5903,48.0,,,0.5973,50.0
2013-09-09,0.4156,30.0,0.3686,25.0,0.6213,71.0,,,0.5911,65.0,0.6609,68.0,0.5206,64.0,0.5932,50.0,,,0.5845,44.0
2013-09-06,0.4265,32.0,0.4334,47.0,0.5885,63.0,,,0.584,63.0,0.6621,69.0,0.5216,64.0,0.5774,40.0,,,0.5881,46.0
2013-09-05,0.4752,42.0,0.5683,77.0,0.5953,65.0,,,0.5715,59.0,0.6627,69.0,0.522,64.0,0.587,47.0,,,0.5805,41.0
2013-09-04,0.476,42.0,0.5584,75.0,0.5566,53.0,,,0.591,65.0,0.6595,68.0,0.5211,64.0,0.5707,36.0,,,0.5894,46.0
2013-09-03,0.5109,49.0,0.5742,78.0,0.5927,64.0,,,0.5817,62.0,0.6596,68.0,0.5229,65.0,0.5709,37.0,,,0.5755,38.0
2013-08-30,0.5304,53.0,0.5704,77.0,0.57,57.0,,,0.5672,57.0,0.6582,68.0,0.523,65.0,0.5824,44.0,,,0.578,39.0
2013-08-29,0.5822,62.0,0.567,77.0,0.5726,57.0,,,0.5689,57.0,0.6645,70.0,0.5264,65.0,0.5635,32.0,,,0.5803,41.0
2013-08-28,0.6708,75.0,0.5795,79.0,0.5635,55.0,,,0.5703,57.0,0.6645,70.0,0.5251,65.0,0.5823,44.0,,,0.5762,38.0
2013-08-27,0.6571,73.0,0.5428,72.0,0.5588,54.0,,,0.5534,54.0,0.6662,70.0,0.5235,65.0,0.5687,36.0,,,0.5683,31.0
2013-08-26,0.5675,59.0,0.453,52.0,0.54,48.0,,,0.5268,45.0,0.6614,69.0,0.5167,63.0,0.554,28.0,,,0.571,34.0
2013-08-23,0.6492,72.0,0.5355,71.0,0.5236,42.0,,,0.5282,45.0,0.6613,69.0,0.5169,63.0,0.5624,32.0,,,0.5661,30.0
2013-08-22,0.8278,87.0,0.6042,82.0,0.5289,44.0,,,0.5191,42.0,0.6619,69.0,0.5159,63.0,0.5664,34.0,,,0.5625,27.0
2013-08-21,0.8422,88.0,0.6269,85.0,0.553,52.0,,,0.5502,53.0,0.6603,68.0,0.5173,63.0,0.5619,32.0,,,0.5628,27.0
2013-08-20,0.7548,83.0,0.6237,85.0,0.5635,55.0,,,0.5578,55.0,0.6579,68.0,0.5167,63.0,0.563,32.0,,,0.5599,25.0
2013-08-19,0.7478,82.0,0.6215,84.0,0.5816,61.0,,,0.5723,59.0,0.6545,67.0,0.5143,62.0,0.564,33.0,,,0.5723,35.0
2013-08-16,0.7098,79.0,0.6383,87.0,0.5802,60.0,,,0.5723,59.0,0.6544,67.0,0.5138,62.0,0.5699,36.0,,,0.5724,35.0
2013-08-15,0.6002,65.0,0.6045,82.0,0.564,55.0,,,0.5965,66.0,0.6529,67.0,0.5122,62.0,0.5522,27.0,,,0.569,32.0
2013-08-14,0.8528,89.0,0.5815,79.0,0.5921,64.0,,,0.5537,54.0,0.6476,65.0,0.5078,60.0,0.5463,24.0,,,0.5671,30.0
2013-08-13,0.6898,77.0,0.4906,62.0,0.5463,50.0,,,0.5586,55.0,0.6342,63.0,0.5033,57.0,0.5544,28.0,,,0.5645,28.0
2013-08-12,0.7182,80.0,0.4803,60.0,0.6695,81.0,,,0.706,86.0,0.6344,63.0,0.5032,57.0,0.5463,24.0,,,0.5697,32.0
2013-08-09,0.7155,80.0,0.4925,62.0,0.5713,57.0,,,0.5599,56.0,0.6316,63.0,0.5047,59.0,0.5506,26.0,,,0.5552,22.0
2013-08-08,0.6556,73.0,0.464,55.0,0.626,72.0,,,0.5709,57.0,0.6289,62.0,0.5021,57.0,0.5546,28.0,,,0.5587,24.0
2013-08-07,0.4203,31.0,0.4233,44.0,0.676,82.0,,,0.6565,79.0,0.6223,61.0,0.5002,57.0,0.565,33.0,,,0.5615,26.0
2013-08-06,0.4058,28.0,0.4147,41.0,0.6208,71.0,,,0.643,76.0,0.6226,61.0,0.5001,57.0,0.5703,36.0,,,0.5581,24.0
2013-08-05,0.2594,7.0,0.352,20.0,0.6027,67.0,,,0.5779,61.0,0.6163,60.0,0.4967,57.0,0.5583,30.0,,,0.5597,25.0
2013-08-02,0.36,19.0,0.3727,27.0,0.5734,57.0,,,0.5703,57.0,0.6164,60.0,0.4966,57.0,0.5752,39.0,,,0.5722,35.0
2013-08-01,0.3996,26.0,0.4585,54.0,0.619,71.0,,,0.5947,66.0,0.6153,59.0,0.4952,56.0,0.5648,33.0,,,0.5688,32.0
2013-07-31,0.4298,33.0,0.4565,53.0,0.6224,72.0,,,0.6449,76.0,0.6135,59.0,0.4943,56.0,0.5641,33.0,,,0.5706,33.0
2013-07-30,0.5788,61.0,0.4426,50.0,0.6436,76.0,,,0.626,73.0,0.6135,59.0,0.4935,56.0,0.5772,40.0,,,0.5804,41.0
2013-07-29,0.5908,63.0,0.4564,53.0,0.6271,73.0,,,0.6114,70.0,0.6133,59.0,0.494,56.0,0.5851,45.0,,,0.5816,42.0
2013-07-26,0.5885,63.0,0.4663,56.0,0.5848,62.0,,,0.5816,62.0,0.6131,57.0,0.4942,56.0,0.566,34.0,,,0.5842,43.0
2013-07-25,0.6352,70.0,0.5095,66.0,0.5742,59.0,,,0.6036,68.0,0.6205,61.0,0.4953,56.0,0.5742,38.0,,,0.5856,44.0
2013-07-24,0.6851,77.0,0.5249,69.0,0.5946,65.0,,,0.6025,68.0,0.6191,60.0,0.4947,56.0,0.5665,34.0,,,0.5748,37.0
2013-07-23,0.5605,57.0,0.4281,45.0,0.6036,67.0,,,0.5968,66.0,0.6189,60.0,0.4907,55.0,0.5717,37.0,,,0.5743,36.0
2013-07-22,0.6186,68.0,0.416,41.0,0.6192,71.0,,,0.6054,68.0,0.6192,61.0,0.4902,55.0,0.5729,38.0,,,0.5809,42.0
2013-07-19,0.5972,65.0,0.4252,45.0,0.5679,56.0,,,0.5704,57.0,0.6128,57.0,0.49,55.0,0.5633,32.0,,,0.5853,44.0
2013-07-18,0.5924,64.0,0.4271,45.0,0.6093,68.0,,,0.615,70.0,0.61,57.0,0.4894,54.0,0.5758,40.0,,,0.5736,36.0
2013-07-17,0.6026,65.0,0.4465,50.0,0.6255,72.0,,,0.5963,66.0,0.6101,57.0,0.4889,54.0,0.5845,45.0,,,0.5824,42.0
2013-07-16,0.549,56.0,0.4063,38.0,0.601,66.0,,,0.5539,54.0,0.6085,57.0,0.4861,53.0,0.5753,39.0,,,0.5904,47.0
2013-07-15,0.5456,55.0,0.3873,32.0,0.5903,63.0,,,0.5821,62.0,0.6029,54.0,0.4843,52.0,0.5829,44.0,,,0.5846,44.0
2013-07-12,0.6328,70.0,0.4383,48.0,0.6047,67.0,,,0.6064,68.0,0.6026,54.0,0.4843,52.0,0.5857,46.0,,,0.5925,48.0
2013-07-11,0.7602,83.0,0.5127,66.0,0.5873,63.0,,,0.5751,60.0,0.6021,54.0,0.4841,52.0,0.5768,40.0,,,0.5934,48.0
2013-07-10,0.7247,81.0,0.5176,67.0,0.5912,64.0,,,0.5858,63.0,0.5965,52.0,0.4831,51.0,0.5885,47.0,,,0.6033,53.0
2013-07-09,0.9413,94.0,0.6822,90.0,0.5957,65.0,,,0.5932,65.0,0.5942,51.0,0.482,51.0,0.5906,48.0,,,0.6037,54.0
2013-07-08,0.9695,95.0,0.7055,92.0,0.6354,75.0,,,0.6091,69.0,0.5893,49.0,0.4804,51.0,0.5976,52.0,,,0.5999,52.0
2013-07-05,1.0965,97.0,0.7102,92.0,0.5947,65.0,,,0.5962,66.0,0.589,49.0,0.4794,50.0,0.5933,50.0,,,0.6083,55.0
2013-07-03,1.0637,97.0,0.706,92.0,0.6038,67.0,,,0.5822,62.0,0.5887,49.0,0.4786,50.0,0.5927,49.0,,,0.601,52.0
2013-07-02,1.1806,99.0,0.7208,93.0,0.5737,57.0,,,0.5806,61.0,0.5806,46.0,0.4766,49.0,0.6079,56.0,,,0.6072,55.0
2013-07-01,1.0977,98.0,0.6939,91.0,0.5751,59.0,,,0.5613,56.0,0.5784,45.0,0.473,47.0,0.5913,49.0,,,0.596,50.0
2013-06-28,1.2134,99.0,0.7126,92.0,0.5584,54.0,,,0.5877,64.0,0.5806,46.0,0.472,47.0,0.5979,52.0,,,0.6034,53.0
2013-06-27,0.9509,94.0,0.5747,78.0,0.6089,68.0,,,0.6181,71.0,0.5582,39.0,0.4617,42.0,0.5825,44.0,,,0.6121,57.0
2013-06-26,0.7546,83.0,0.5234,68.0,0.6083,68.0,,,0.5852,63.0,0.5488,37.0,0.4586,41.0,0.6155,59.0,,,0.6079,55.0
2013-06-25,0.7081,79.0,0.4982,63.0,0.5983,66.0,,,0.5722,59.0,0.5418,36.0,0.4569,39.0,0.5756,39.0,,,0.5937,48.0
2013-06-24,0.635,70.0,0.5008,64.0,0.5839,62.0,,,0.6149,70.0,0.5399,36.0,0.4562,39.0,0.5967,52.0,,,0.5737,36.0
2013-06-21,0.5298,53.0,0.4418,49.0,0.5158,40.0,,,0.5934,65.0,0.5298,33.0,0.452,37.0,0.5803,42.0,,,0.5798,41.0
2013-06-20,0.4303,33.0,0.4025,37.0,0.5559,53.0,,,0.5874,64.0,0.5263,32.0,0.4494,37.0,0.5724,37.0,,,0.5863,45.0
2013-06-19,0.225,4.0,0.344,17.0,0.5232,42.0,,,0.5483,52.0,0.5176,30.0,0.4475,36.0,0.5751,39.0,,,0.5762,38.0
2013-06-18,0.1918,2.0,0.2975,6.0,0.5471,50.0,,,0.5441,51.0,0.517,30.0,0.4461,35.0,0.5691,36.0,,,0.5705,33.0
2013-06-17,0.2601,7.0,0.3036,8.0,0.5515,51.0,,,0.5485,52.0,0.517,30.0,0.4469,36.0,0.565,33.0,,,0.5767,38.0
2013-06-14,0.3396,17.0,0.3555,21.0,0.5443,49.0,,,0.5362,48.0,0.537,35.0,0.4515,37.0,0.5785,41.0,,,0.5693,32.0
2013-06-13,0.3213,14.0,0.3586,22.0,0.5457,49.0,,,0.5515,53.0,0.5369,35.0,0.4507,37.0,0.5524,27.0,,,0.5754,38.0
2013-06-12,0.3228,14.0,0.3485,19.0,0.5527,52.0,,,0.5506,53.0,0.5376,35.0,0.4504,37.0,0.5694,36.0,,,0.5614,26.0
2013-06-11,0.461,39.0,0.3848,31.0,0.5582,54.0,,,0.6055,68.0,0.542,36.0,0.451,37.0,0.5708,37.0,,,0.5621,27.0
2013-06-10,0.5255,52.0,0.461,54.0,0.5589,54.0,,,0.549,52.0,0.5417,36.0,0.4507,37.0,0.5696,36.0,,,0.5576,24.0
2013-06-07,0.6239,68.0,0.4909,62.0,0.5637,55.0,,,0.569,57.0,0.5426,36.0,0.4501,37.0,0.5699,36.0,,,0.5689,32.0
2013-06-06,0.5824,62.0,0.5174,67.0,0.5616,55.0,,,0.5597,56.0,0.5422,36.0,0.45,37.0,0.5661,34.0,,,0.5701,33.0
2013-06-05,0.6083,66.0,0.5124,66.0,0.5889,63.0,,,0.5828,63.0,0.5405,36.0,0.4482,36.0,0.556,28.0,,,0.5763,38.0
2013-06-04,0.6076,66.0,0.5088,66.0,0.5825,61.0,,,0.6007,67.0,0.5418,36.0,0.4482,36.0,0.5607,31.0,,,0.5672,31.0
2013-06-03,0.5947,64.0,0.5243,69.0,0.5976,65.0,,,0.6065,68.0,0.5422,36.0,0.449,37.0,0.5456,24.0,,,0.5746,37.0
2013-05-31,0.5402,54.0,0.548,73.0,0.6143,70.0,,,0.5977,67.0,0.5364,35.0,0.447,36.0,0.5656,34.0,,,0.5752,37.0
2013-05-30,0.5059,48.0,0.5096,66.0,0.5596,54.0,,,0.559,55.0,0.5337,34.0,0.4431,35.0,0.5639,32.0,,,0.5706,33.0
2013-05-29,0.7727,84.0,0.6743,90.0,0.589,63.0,,,0.5729,59.0,0.5273,33.0,0.4408,34.0,0.5304,17.0,,,0.5697,32.0
2013-05-28,0.8581,89.0,0.6991,91.0,0.5718,57.0,,,0.5785,61.0,0.5222,31.0,0.4403,34.0,0.5709,37.0,,,0.5584,24.0
2013-05-24,0.8552,89.0,0.6951,91.0,0.5697,57.0,,,0.5664,57.0,0.5227,31.0,0.4385,34.0,0.5447,24.0,,,0.5542,22.0
2013-05-23,1.0273,96.0,0.7628,95.0,0.5751,59.0,,,0.5721,59.0,0.5223,31.0,0.4378,34.0,0.5503,26.0,,,0.5654,28.0
2013-05-22,1.0265,96.0,0.7603,95.0,0.5799,60.0,,,0.5674,57.0,0.5232,31.0,0.437,33.0,0.5479,25.0,,,0.5578,24.0
2013-05-21,1.029,96.0,0.72,93.0,0.566,56.0,,,0.563,56.0,0.5254,32.0,0.434,32.0,0.55,26.0,,,0.5625,27.0
2013-05-20,1.0239,96.0,0.7184,93.0,0.5607,54.0,,,0.5371,49.0,0.5239,32.0,0.4337,31.0,0.5141,11.0,,,0.5394,15.0
2013-05-17,0.5486,56.0,0.5716,78.0,0.5631,55.0,,,0.5483,52.0,0.5046,26.0,0.4187,24.0,0.5794,41.0,,,0.5615,26.0
2013-05-16,0.6346,70.0,0.526,69.0,0.5277,44.0,,,0.5008,35.0,0.4994,24.0,0.4155,22.0,0.5612,31.0,,,0.5589,24.0
2013-05-15,0.6521,73.0,0.5208,68.0,0.5396,48.0,,,0.6995,85.0,0.501,25.0,0.4147,22.0,0.5631,32.0,,,0.5554,22.0
2013-05-14,0.4167,30.0,0.4123,40.0,0.5567,53.0,,,0.5587,55.0,0.4966,23.0,0.4157,22.0,0.554,28.0,,,0.5549,22.0
2013-05-13,0.4477,37.0,0.4089,39.0,0.5562,53.0,,,0.5622,56.0,0.4968,23.0,0.4164,23.0,0.5431,23.0,,,0.5428,16.0
2013-05-10,0.4127,28.0,0.4127,40.0,0.5519,52.0,,,0.5454,51.0,0.4955,23.0,0.4162,23.0,0.5223,14.0,,,0.5384,15.0
2013-05-09,0.4307,33.0,0.4161,41.0,0.6093,68.0,,,0.5299,46.0,0.4956,23.0,0.4146,22.0,0.5668,34.0,,,0.5358,13.0
2013-05-08,0.4536,38.0,0.3962,35.0,0.5807,61.0,,,0.5431,51.0,0.4985,24.0,0.4136,21.0,0.533,18.0,,,0.5309,11.0
2013-05-07,0.3724,22.0,0.3808,28.0,0.5633,55.0,,,0.6324,74.0,0.4951,23.0,0.4133,21.0,0.5405,22.0,,,0.5363,14.0
2013-05-06,0.3874,24.0,0.4544,52.0,0.5935,64.0,,,0.5306,46.0,0.4926,22.0,0.4128,21.0,0.5491,26.0,,,0.5347,13.0
2013-05-03,0.4936,46.0,0.5342,70.0,0.5518,51.0,,,0.5259,45.0,0.4929,22.0,0.4123,21.0,0.5469,24.0,,,0.5367,14.0
2013-05-02,0.7271,81.0,0.5998,82.0,0.5994,66.0,,,0.5471,52.0,0.4937,23.0,0.4116,20.0,0.5518,27.0,,,0.5483,19.0
2013-05-01,0.7848,85.0,0.6119,83.0,0.5892,63.0,,,0.6171,71.0,0.4951,23.0,0.4112,20.0,0.5432,23.0,,,0.5534,21.0
2013-04-30,0.7547,83.0,0.6058,83.0,0.576,59.0,,,0.5313,47.0,0.4984,24.0,0.4102,19.0,0.5046,8.0,,,0.5465,18.0
2013-04-29,0.7535,83.0,0.6206,84.0,0.6358,75.0,,,0.601,67.0,0.4975,24.0,0.409,19.0,0.5655,34.0,,,0.5479,18.0
2013-04-26,0.7786,85.0,0.6706,89.0,0.5775,60.0,,,0.583,63.0,0.5028,25.0,0.4091,19.0,0.5491,26.0,,,0.5356,13.0
2013-04-25,0.9023,91.0,0.6983,91.0,0.5873,63.0,,,0.5655,57.0,0.4998,25.0,0.4044,16.0,0.5544,28.0,,,0.5349,13.0
2013-04-24,0.8804,90.0,0.6974,91.0,0.5457,49.0,,,0.5319,47.0,0.4977,24.0,0.3987,14.0,0.5281,16.0,,,0.5447,17.0
2013-04-23,0.9381,93.0,0.6928,91.0,0.6186,70.0,,,0.6096,69.0,0.4819,18.0,0.3936,12.0,0.5475,25.0,,,0.548,18.0
2013-04-22,0.9422,94.0,0.7012,92.0,0.6042,67.0,,,0.6275,73.0,0.4795,17.0,0.3924,11.0,0.5449,24.0,,,0.5464,18.0
2013-04-19,0.922,93.0,0.6918,91.0,0.6029,67.0,,,0.6026,68.0,0.4803,17.0,0.3911,11.0,0.5202,13.0,,,0.5466,18.0
2013-04-18,0.882,90.0,0.6764,90.0,0.5976,65.0,,,0.6161,71.0,0.4807,18.0,0.3881,10.0,0.5454,24.0,,,0.5444,17.0
2013-04-17,0.8852,90.0,0.6457,87.0,0.6306,73.0,,,0.6183,71.0,0.4772,16.0,0.3829,9.0,0.5466,24.0,,,0.5383,14.0
2013-04-16,0.8449,88.0,0.5546,74.0,0.5969,65.0,,,0.6051,68.0,0.4647,13.0,0.3742,7.0,0.5254,15.0,,,0.5231,10.0
2013-04-15,0.8795,90.0,0.5014,64.0,0.6224,72.0,,,0.6128,70.0,0.4639,13.0,0.3678,6.0,0.5305,17.0,,,0.5243,10.0
2013-04-12,0.582,62.0,0.4902,62.0,0.4836,28.0,,,0.4787,28.0,0.424,7.0,0.3617,6.0,0.4692,4.0,,,0.4705,4.0
2013-04-11,0.5464,55.0,0.5584,75.0,0.4514,18.0,,,0.4634,22.0,0.4197,6.0,0.36,6.0,0.4577,3.0,,,0.4544,3.0
2013-04-10,0.6544,73.0,0.5797,79.0,0.4555,19.0,,,0.4571,19.0,0.4201,6.0,0.3603,6.0,0.4515,3.0,,,0.4569,3.0
2013-04-09,0.6497,72.0,0.5688,77.0,0.46,20.0,,,0.4074,7.0,0.4189,6.0,0.3587,5.0,0.4397,2.0,,,0.4576,3.0
2013-04-08,0.551,56.0,0.5438,72.0,0.4472,17.0,,,0.4667,23.0,0.4141,5.0,0.3566,5.0,0.4385,2.0,,,0.462,4.0
2013-04-05,0.58,61.0,0.5403,72.0,0.4441,15.0,,,0.3993,6.0,0.4192,6.0,0.3564,5.0,0.448,2.0,,,0.4561,3.0
2013-04-04,0.57,60.0,0.5172,67.0,0.3925,4.0,,,0.4404,15.0,0.4191,6.0,0.354,5.0,0.4168,1.0,,,0.458,3.0
2013-04-03,0.3818,24.0,0.4555,53.0,0.4007,6.0,,,0.4514,18.0,0.4125,4.0,0.349,4.0,0.4492,3.0,,,0.4519,3.0
2013-04-02,0.3712,21.0,0.3187,11.0,0.4148,8.0,,,0.4203,10.0,0.4099,4.0,0.3409,2.0,0.4445,2.0,,,0.4369,1.0
2013-04-01,0.288,9.0,0.2648,3.0,0.4081,7.0,,,0.4057,7.0,0.4016,3.0,0.3386,2.0,0.4426,2.0,,,0.441,1.0
2013-03-28,0.2532,6.0,0.2507,2.0,0.3747,2.0,,,0.3722,2.0,0.4061,3.0,0.3387,2.0,0.4321,1.0,,,0.4404,1.0
2013-03-27,0.236,4.0,0.2546,2.0,0.3623,1.0,,,0.3925,5.0,0.4058,3.0,0.3409,2.0,0.4079,1.0,,,0.4448,2.0
2013-03-26,0.2501,6.0,0.2474,1.0,0.3725,2.0,,,0.3864,4.0,0.4057,3.0,0.3419,2.0,0.4331,1.0,,,0.4424,1.0
2013-03-25,0.2068,2.0,0.2434,1.0,0.3905,4.0,,,0.4034,6.0,0.4094,4.0,0.3431,2.0,0.4251,1.0,,,0.445,2.0
2013-03-22,0.1955,2.0,0.2324,1.0,0.3842,3.0,,,0.3826,3.0,0.4097,4.0,0.3433,3.0,0.4275,1.0,,,0.4411,1.0
2013-03-21,0.3025,11.0,0.2873,5.0,0.3886,4.0,,,0.3962,5.0,0.4098,4.0,0.3441,3.0,0.4235,1.0,,,0.4429,1.0
2013-03-20,0.3392,17.0,0.3042,8.0,0.3945,4.0,,,0.3833,3.0,0.4091,3.0,0.3442,3.0,0.4487,3.0,,,0.4407,1.0
2013-03-19,0.3393,17.0,0.3012,7.0,0.4004,6.0,,,0.3991,6.0,0.4106,4.0,0.3446,3.0,0.4306,1.0,,,0.4448,2.0
2013-03-18,0.3334,15.0,0.3521,20.0,0.3881,4.0,,,0.3807,3.0,0.4106,4.0,0.3452,3.0,0.4106,1.0,,,0.4453,2.0
2013-03-15,0.3128,12.0,0.3631,23.0,0.392,4.0,,,0.406,7.0,0.4113,4.0,0.3463,3.0,0.4278,1.0,,,0.4444,2.0
2013-03-14,0.4873,44.0,0.4573,54.0,0.3983,5.0,,,0.3958,5.0,0.4164,5.0,0.3511,4.0,0.4356,1.0,,,0.446,2.0
2013-03-13,0.4864,44.0,0.468,56.0,0.4195,9.0,,,0.4153,9.0,0.4166,5.0,0.3526,4.0,0.4387,2.0,,,0.4456,2.0
2013-03-12,0.519,51.0,0.4714,57.0,0.4087,7.0,,,0.4187,9.0,0.4149,5.0,0.3503,4.0,0.4221,1.0,,,0.4408,1.0
2013-03-11,0.5222,51.0,0.474,57.0,0.4227,10.0,,,0.4208,10.0,0.413,4.0,0.3497,4.0,0.4363,2.0,,,0.4395,1.0
2013-03-08,0.5398,54.0,0.4832,60.0,0.4314,12.0,,,0.4137,9.0,0.4157,5.0,0.3497,4.0,0.4249,1.0,,,0.4428,1.0
2013-03-07,0.5623,57.0,0.4474,51.0,0.4252,11.0,,,0.4539,19.0,0.4154,5.0,0.3468,3.0,0.4514,3.0,,,0.4471,2.0
2013-03-06,0.5644,59.0,0.4697,57.0,0.4481,17.0,,,0.4732,25.0,0.4154,5.0,0.3462,3.0,0.4127,1.0,,,0.4545,3.0
2013-03-05,0.3086,12.0,0.3784,28.0,0.4443,15.0,,,0.4665,23.0,0.4068,3.0,0.3399,2.0,0.4517,3.0,,,0.4522,3.0
2013-03-04,0.2742,8.0,0.3695,26.0,0.4942,31.0,,,0.4973,34.0,0.418,6.0,0.3432,3.0,0.4704,4.0,,,0.4614,4.0
2013-03-01,0.2907,10.0,0.3411,16.0,0.4766,25.0,,,0.473,25.0,0.4138,5.0,0.3415,2.0,0.4504,3.0,,,0.4665,4.0
2013-02-28,0.2952,10.0,0.3525,20.0,0.466,22.0,,,0.4688,24.0,0.4138,5.0,0.3409,2.0,0.4611,3.0,,,0.4526,3.0
2013-02-27,0.283,9.0,0.3489,19.0,0.4558,19.0,,,0.462,21.0,0.4129,4.0,0.3401,2.0,0.4438,2.0,,,0.4523,3.0
2013-02-26,0.2844,9.0,0.372,27.0,0.4688,23.0,,,0.4785,27.0,0.4107,4.0,0.3399,2.0,0.4494,3.0,,,0.4584,4.0
2013-02-25,0.2839,9.0,0.3716,26.0,0.4759,25.0,,,0.4601,20.0,0.4114,4.0,0.3383,1.0,0.4501,3.0,,,0.4602,4.0
2013-02-22,0.2825,9.0,0.4148,41.0,0.4747,25.0,,,0.4523,18.0,0.4115,4.0,0.3396,2.0,0.4633,4.0,,,0.4515,2.0
2013-02-21,0.2891,9.0,0.4091,39.0,0.4542,18.0,,,0.4661,23.0,0.4134,4.0,0.3405,2.0,0.443,2.0,,,0.4598,4.0
2013-02-20,0.2564,6.0,0.404,37.0,0.4447,16.0,,,0.4451,16.0,0.4151,5.0,0.3412,2.0,0.4453,2.0,,,0.4446,2.0
2013-02-19,0.2704,8.0,0.3836,30.0,0.4685,23.0,,,0.4653,22.0,0.4174,6.0,0.3404,2.0,0.4291,1.0,,,0.4548,3.0
2013-02-15,0.2771,8.0,0.3744,27.0,0.4753,25.0,,,0.4518,18.0,0.4171,5.0,0.3402,2.0,0.4494,3.0,,,0.4526,3.0
2013-02-14,0.2561,6.0,0.3475,18.0,0.4379,14.0,,,0.4134,9.0,0.4168,5.0,0.3395,2.0,0.4414,2.0,,,0.4402,1.0
2013-02-13,0.2422,5.0,0.2978,7.0,0.4402,15.0,,,0.4773,27.0,0.4168,5.0,0.3376,1.0,0.4562,3.0,,,0.4317,1.0
2013-02-12,0.2235,4.0,0.2405,1.0,0.421,10.0,,,0.4392,14.0,0.4173,6.0,0.3346,1.0,0.4273,1.0,,,0.4501,2.0
2013-02-11,0.2073,3.0,0.2539,2.0,0.43,12.0,,,0.4266,11.0,0.4173,6.0,0.3351,1.0,0.4332,1.0,,,0.4512,2.0
2013-02-08,0.1009,1.0,0.2637,3.0,0.4273,12.0,,,0.3609,1.0,0.4154,5.0,0.3345,1.0,0.4383,2.0,,,0.4561,3.0
2013-02-07,0.0915,1.0,0.2612,2.0,0.4399,15.0,,,0.3456,1.0,0.4153,5.0,0.3338,1.0,0.4289,1.0,,,0.4603,4.0
2013-02-06,0.3883,24.0,0.3162,10.0,0.3946,4.0,,,0.4028,6.0,0.4153,5.0,0.3335,1.0,0.4316,1.0,,,0.4588,4.0
2013-02-05,0.4227,32.0,0.3248,12.0,0.3937,4.0,,,0.3888,4.0,0.4152,5.0,0.3333,1.0,0.4391,2.0,,,0.4702,4.0
2013-02-04,0.5218,51.0,0.3645,24.0,0.4014,6.0,,,0.3971,5.0,0.4268,7.0,0.3359,1.0,0.4477,2.0,,,0.454,3.0
2013-02-01,0.5725,60.0,0.3698,26.0,0.3742,2.0,,,0.368,2.0,0.4269,7.0,0.3353,1.0,0.4316,1.0,,,0.4574,3.0
2013-01-31,0.5732,60.0,0.3663,25.0,0.3973,5.0,,,0.3813,3.0,0.4268,7.0,0.335,1.0,0.4391,2.0,,,0.4716,5.0
2013-01-30,0.5776,61.0,0.3581,22.0,0.3865,3.0,,,0.3876,4.0,0.4271,7.0,0.3355,1.0,0.4119,1.0,,,0.444,2.0
2013-01-29,0.5757,61.0,0.3543,21.0,0.3838,3.0,,,0.3852,3.0,0.4322,8.0,0.3375,1.0,0.4182,1.0,,,0.463,4.0
2013-01-28,0.2885,9.0,0.3165,10.0,0.4075,7.0,,,0.393,5.0,0.4219,7.0,0.3354,1.0,0.4507,3.0,,,0.4416,1.0
2013-01-25,0.2883,9.0,0.3082,9.0,0.3642,2.0,,,0.3827,3.0,0.4213,6.0,0.3349,1.0,0.4397,2.0,,,0.449,2.0
2013-01-24,0.2449,5.0,0.2683,3.0,0.3475,1.0,,,0.3499,1.0,0.4185,6.0,0.3337,1.0,0.434,1.0,,,0.4438,1.0
2013-01-23,0.1752,1.0,0.2596,2.0,0.3568,1.0,,,0.3501,1.0,0.4232,7.0,0.3357,1.0,0.4354,1.0,,,0.4455,2.0
2013-01-22,0.1626,1.0,0.2482,2.0,0.3377,1.0,,,0.3334,1.0,0.4236,7.0,0.3357,1.0,0.4354,1.0,,,0.4568,3.0
2013-01-18,0.1904,2.0,0.2351,1.0,0.3851,3.0,,,0.3787,3.0,0.4248,7.0,0.3352,1.0,0.4594,3.0,,,0.4909,6.0
2013-01-17,0.1907,2.0,0.2327,1.0,0.3971,5.0,,,0.3873,4.0,0.4244,7.0,0.3353,1.0,0.4802,5.0,,,0.4981,7.0
2013-01-16,0.1854,1.0,0.2243,1.0,0.4079,7.0,,,0.4038,7.0,0.4326,8.0,0.3369,1.0,0.4761,4.0,,,0.5033,7.0
2013-01-15,0.1749,1.0,0.2306,1.0,0.4104,7.0,,,0.4097,8.0,0.4317,8.0,0.3384,1.0,0.4792,4.0,,,0.5064,8.0
2013-01-14,0.2131,3.0,0.2455,1.0,0.418,9.0,,,0.413,8.0,0.4322,8.0,0.3391,2.0,0.4918,6.0,,,0.5051,7.0
2013-01-11,0.3354,16.0,0.2758,4.0,0.3826,3.0,,,0.3638,2.0,0.4314,8.0,0.3387,2.0,0.4983,7.0,,,0.4868,5.0
2013-01-10,0.4639,40.0,0.2822,4.0,0.4084,7.0,,,0.3802,3.0,0.4307,8.0,0.3389,2.0,0.5099,9.0,,,0.5148,8.0
2013-01-09,0.4956,46.0,0.3551,21.0,0.4164,9.0,,,0.3987,6.0,0.4306,8.0,0.3424,2.0,0.4895,5.0,,,0.4979,7.0
2013-01-08,0.5274,52.0,0.3665,25.0,0.4232,11.0,,,0.4196,10.0,0.4306,8.0,0.3428,2.0,0.4936,6.0,,,0.4905,6.0
2013-01-07,0.5253,52.0,0.3629,23.0,0.4168,9.0,,,0.4217,10.0,0.4374,9.0,0.3485,4.0,0.5083,9.0,,,0.5211,9.0
2013-01-04,0.519,51.0,0.3571,22.0,0.4177,9.0,,,0.4225,10.0,0.4369,9.0,0.3484,4.0,0.4623,4.0,,,0.5473,18.0
2013-01-03,0.5102,49.0,0.341,16.0,0.4367,14.0,,,0.4271,11.0,0.4419,9.0,0.3487,4.0,0.5327,18.0,,,0.5373,14.0
2013-01-02,0.4048,27.0,0.3089,9.0,0.427,12.0,,,0.4338,13.0,0.4364,9.0,0.3476,4.0,0.5209,13.0,,,0.4779,5.0
2012-12-31,0.2753,8.0,0.3316,14.0,0.4648,21.0,,,0.4747,26.0,0.4391,9.0,0.3486,4.0,0.516,11.0,,,0.5573,23.0
2012-12-28,0.1872,2.0,0.2831,4.0,0.4672,22.0,,,0.4715,24.0,0.4375,9.0,0.3453,3.0,0.5568,28.0,,,0.5503,20.0
2012-12-27,0.1257,1.0,0.2947,6.0,0.4576,19.0,,,0.4632,21.0,0.4392,9.0,0.3449,3.0,0.5463,24.0,,,0.5522,21.0
2012-12-26,0.6403,71.0,0.4017,36.0,0.4659,22.0,,,0.4704,24.0,0.4429,10.0,0.3464,3.0,0.5314,18.0,,,0.5532,21.0
2012-12-24,0.6542,73.0,0.4026,37.0,0.4656,22.0,,,0.4686,23.0,0.4436,10.0,0.3477,4.0,0.5222,14.0,,,0.5558,22.0
2012-12-21,0.647,72.0,0.4102,39.0,0.4658,22.0,,,0.4632,21.0,0.4463,10.0,0.3492,4.0,0.5216,13.0,,,0.5614,26.0
2012-12-20,0.7528,83.0,0.433,47.0,0.4654,22.0,,,0.4685,23.0,0.4462,10.0,0.3494,4.0,0.5152,11.0,,,0.5664,30.0
2012-12-19,0.7513,83.0,0.4106,39.0,0.4713,24.0,,,0.493,32.0,0.4462,10.0,0.3488,4.0,0.5286,17.0,,,0.56,25.0
2012-12-18,0.76,83.0,0.39,32.0,0.4696,23.0,,,0.4824,28.0,0.4589,12.0,0.3516,4.0,0.5234,14.0,,,0.5528,21.0
2012-12-17,0.788,85.0,0.3752,28.0,0.4852,28.0,,,0.4715,24.0,0.4606,12.0,0.3519,4.0,0.5529,27.0,,,0.5296,11.0
2012-12-14,0.3922,25.0,0.2714,3.0,0.4396,14.0,,,0.3879,4.0,0.4341,8.0,0.3478,4.0,0.5119,10.0,,,0.5575,23.0
2012-12-13,0.4566,39.0,0.298,7.0,0.4503,17.0,,,0.406,7.0,0.4342,8.0,0.3497,4.0,0.5206,13.0,,,0.5497,19.0
2012-12-12,0.4178,31.0,0.3148,10.0,0.396,5.0,,,0.3925,5.0,0.4321,8.0,0.3502,4.0,0.5075,9.0,,,0.5442,17.0
2012-12-11,0.3269,14.0,0.2906,5.0,0.4256,11.0,,,0.4151,9.0,0.4286,7.0,0.3505,4.0,0.5371,20.0,,,0.5375,14.0
2012-12-10,0.3206,13.0,0.3044,8.0,0.4294,12.0,,,0.4286,12.0,0.4281,7.0,0.3514,4.0,0.518,12.0,,,0.5625,27.0
2012-12-07,0.3081,12.0,0.3057,8.0,0.3992,5.0,,,0.4066,7.0,0.4332,8.0,0.3534,5.0,0.5227,14.0,,,0.5481,18.0
2012-12-06,0.2661,7.0,0.3389,16.0,0.4303,12.0,,,0.4247,11.0,0.4339,8.0,0.3546,5.0,0.5109,10.0,,,0.5325,12.0
2012-12-05,0.2853,9.0,0.332,14.0,0.425,11.0,,,0.4245,11.0,0.4337,8.0,0.3566,5.0,0.5333,19.0,,,0.5286,11.0
2012-12-04,0.209,3.0,0.3093,9.0,0.4283,12.0,,,0.4239,11.0,0.4323,8.0,0.358,5.0,0.5008,7.0,,,0.5615,26.0
2012-12-03,0.2273,4.0,0.2964,6.0,0.4111,7.0,,,0.4272,12.0,0.4361,9.0,0.3575,5.0,0.5432,23.0,,,0.5422,16.0
2012-11-30,0.2522,6.0,0.3129,10.0,0.4118,8.0,,,0.4158,9.0,0.4362,9.0,0.3577,5.0,0.5174,12.0,,,0.5492,19.0
2012-11-29,0.2765,8.0,0.3361,15.0,0.3969,5.0,,,0.4063,7.0,0.4363,9.0,0.3586,5.0,0.5244,15.0,,,0.5601,25.0
2012-11-28,0.4359,34.0,0.344,17.0,0.4128,8.0,,,0.4075,7.0,0.4449,10.0,0.3623,6.0,0.5204,13.0,,,0.5551,22.0
2012-11-27,0.435,34.0,0.3353,15.0,0.4116,7.0,,,0.4177,9.0,0.4477,10.0,0.3623,6.0,0.5442,23.0,,,0.5357,13.0
2012-11-26,0.4759,42.0,0.3513,20.0,0.4019,6.0,,,0.4086,8.0,0.4468,10.0,0.3649,6.0,0.5303,17.0,,,0.5486,19.0
2012-11-23,0.7233,81.0,0.4987,63.0,0.4012,6.0,,,0.3922,5.0,0.4468,10.0,0.3655,6.0,0.5026,8.0,,,0.5655,28.0
2012-11-21,0.7159,80.0,0.5157,67.0,0.3972,5.0,,,0.416,9.0,0.4464,10.0,0.3655,6.0,0.5395,21.0,,,0.5599,25.0
2012-11-20,0.6839,77.0,0.4993,63.0,0.4233,11.0,,,0.4146,9.0,0.4451,10.0,0.3666,6.0,0.5328,18.0,,,0.5487,19.0
2012-11-19,0.6858,77.0,0.4793,59.0,0.4131,8.0,,,0.4315,12.0,0.4473,10.0,0.3737,7.0,0.5148,11.0,,,0.5784,40.0
2012-11-16,0.5946,64.0,0.5021,64.0,0.4677,22.0,,,0.4709,24.0,0.4408,9.0,0.375,7.0,0.5347,19.0,,,0.5695,32.0
2012-11-15,0.5852,63.0,0.4944,62.0,0.4963,32.0,,,0.496,33.0,0.4455,10.0,0.3757,7.0,0.5543,28.0,,,0.5669,30.0
2012-11-14,0.5796,61.0,0.4934,62.0,0.4982,33.0,,,0.4619,21.0,0.4438,10.0,0.3766,8.0,0.537,20.0,,,0.564,28.0
2012-11-13,0.2896,10.0,0.3467,18.0,0.5396,48.0,,,0.5334,47.0,0.4286,7.0,0.3684,6.0,0.5326,18.0,,,0.5556,22.0
2012-11-12,0.3661,20.0,0.3105,9.0,0.5802,60.0,,,0.4927,32.0,0.429,8.0,0.3716,7.0,0.5474,25.0,,,0.5516,20.0
2012-11-09,0.3752,22.0,0.3125,10.0,0.4834,28.0,,,0.4759,26.0,0.4608,12.0,0.3882,10.0,0.5358,19.0,,,0.5491,19.0
2012-11-08,0.4347,34.0,0.3298,13.0,0.4877,28.0,,,0.4733,25.0,0.4671,13.0,0.3901,11.0,0.5191,12.0,,,0.5483,19.0
2012-11-07,0.4182,31.0,0.3001,7.0,0.4852,28.0,,,0.4584,20.0,0.4652,13.0,0.3891,10.0,0.5141,11.0,,,0.5554,22.0
2012-11-06,0.5028,47.0,0.2909,5.0,0.434,13.0,,,0.46,20.0,0.4652,13.0,0.389,10.0,0.5218,13.0,,,0.5521,20.0
2012-11-05,0.5362,54.0,0.2895,5.0,0.4875,28.0,,,0.4394,14.0,0.465,13.0,0.3916,11.0,0.5481,25.0,,,0.5579,24.0
2012-11-02,0.5909,64.0,0.2984,7.0,0.4422,15.0,,,0.4256,11.0,0.4638,13.0,0.3917,11.0,0.5427,23.0,,,0.5608,26.0
2012-11-01,0.5719,60.0,0.3207,11.0,0.4144,8.0,,,0.4248,11.0,0.4655,13.0,0.3941,12.0,0.5295,17.0,,,0.5599,25.0
2012-10-31,0.5664,59.0,0.3259,13.0,0.4344,13.0,,,0.4454,16.0,0.4655,13.0,0.3951,12.0,0.5483,25.0,,,0.5719,34.0
2012-10-26,0.5294,52.0,0.3093,9.0,0.4457,16.0,,,0.4438,16.0,0.4665,13.0,0.3965,13.0,0.5396,21.0,,,0.5605,26.0
2012-10-25,0.5289,52.0,0.2997,7.0,0.447,16.0,,,0.4481,17.0,0.4673,13.0,0.3963,13.0,0.5256,15.0,,,0.5591,25.0
2012-10-24,0.4364,34.0,0.2871,5.0,0.4509,17.0,,,0.4575,20.0,0.4634,13.0,0.3959,12.0,0.5403,22.0,,,0.5644,28.0
2012-10-23,0.4117,28.0,0.2687,3.0,0.4625,21.0,,,0.4613,21.0,0.4619,12.0,0.3965,13.0,0.5369,20.0,,,0.559,25.0
2012-10-22,0.3071,12.0,0.2589,2.0,0.4388,14.0,,,0.4426,15.0,0.4573,11.0,0.3966,13.0,0.5165,12.0,,,0.556,23.0
2012-10-19,0.2259,4.0,0.2323,1.0,0.4377,14.0,,,0.4453,16.0,0.4563,11.0,0.3958,12.0,0.5256,15.0,,,0.5662,30.0
2012-10-18,0.2434,5.0,0.2458,1.0,0.3531,1.0,,,0.4463,16.0,0.4591,12.0,0.3976,13.0,0.5373,20.0,,,0.5592,25.0
2012-10-17,0.2174,3.0,0.2629,3.0,0.4433,15.0,,,0.447,17.0,0.4575,11.0,0.3976,13.0,0.5283,16.0,,,0.5653,28.0
2012-10-16,0.2346,4.0,0.2599,2.0,0.4472,17.0,,,0.415,9.0,0.4624,12.0,0.3979,13.0,0.5296,17.0,,,0.5676,31.0
2012-10-15,0.1924,2.0,0.267,3.0,0.4206,10.0,,,0.4642,22.0,0.4631,12.0,0.3988,14.0,0.5272,16.0,,,0.5722,35.0
2012-10-12,0.3767,22.0,0.2762,4.0,0.4677,22.0,,,0.3863,4.0,0.4636,13.0,0.3988,14.0,0.5396,21.0,,,0.5752,37.0
2012-10-11,0.3757,22.0,0.2746,4.0,0.3998,5.0,,,0.3971,5.0,0.464,13.0,0.399,14.0,0.543,23.0,,,0.5691,32.0
2012-10-10,0.3757,22.0,0.2826,4.0,0.4028,6.0,,,0.4151,9.0,0.4652,13.0,0.3999,14.0,0.5421,22.0,,,0.5744,37.0
2012-10-09,0.3637,20.0,0.2728,3.0,0.4381,14.0,,,0.4324,13.0,0.466,13.0,0.4004,14.0,0.5379,20.0,,,0.571,34.0
2012-10-08,0.3515,18.0,0.2579,2.0,0.4341,13.0,,,0.4237,11.0,0.4685,14.0,0.4,14.0,0.5432,23.0,,,0.5695,32.0
2012-10-05,0.4343,34.0,0.2783,4.0,0.3976,5.0,,,0.4118,8.0,0.4751,16.0,0.4029,15.0,0.539,21.0,,,0.5742,36.0
2012-10-04,0.4083,28.0,0.3191,11.0,0.4095,7.0,,,0.436,14.0,0.4748,16.0,0.4032,15.0,0.5222,14.0,,,0.5816,42.0
2012-10-03,0.3488,18.0,0.3366,15.0,0.4319,13.0,,,0.4172,9.0,0.471,14.0,0.4038,15.0,0.5442,23.0,,,0.5697,32.0
2012-10-02,0.4412,35.0,0.3641,24.0,0.439,14.0,,,0.4322,13.0,0.471,14.0,0.4041,16.0,0.5318,18.0,,,0.5841,43.0
2012-10-01,0.4506,37.0,0.3714,26.0,0.4264,11.0,,,0.4356,13.0,0.4713,14.0,0.4041,16.0,0.5402,22.0,,,0.573,35.0
2012-09-28,0.4523,38.0,0.3752,28.0,0.4227,10.0,,,0.4218,10.0,0.4756,16.0,0.4047,16.0,0.5023,8.0,,,0.5658,28.0
2012-09-27,0.4515,38.0,0.3719,26.0,0.4299,12.0,,,0.4244,11.0,0.4772,16.0,0.4061,17.0,0.5373,20.0,,,0.5837,43.0
2012-09-26,0.3732,22.0,0.3661,24.0,0.4294,12.0,,,0.4347,13.0,0.4745,15.0,0.4066,17.0,0.5106,9.0,,,0.5883,46.0
2012-09-25,0.3684,21.0,0.3437,17.0,0.4383,14.0,,,0.4329,13.0,0.4748,16.0,0.4052,16.0,0.5582,30.0,,,0.5715,34.0
2012-09-24,0.3771,23.0,0.3378,16.0,0.4395,14.0,,,0.4431,15.0,0.4743,15.0,0.4048,16.0,0.5355,19.0,,,0.573,35.0
2012-09-21,0.2323,4.0,0.3968,35.0,0.4062,7.0,,,0.4307,12.0,0.4738,15.0,0.4054,16.0,0.5161,11.0,,,0.6062,54.0
2012-09-20,0.2363,5.0,0.4115,40.0,0.4228,10.0,,,0.4245,11.0,0.4751,16.0,0.4058,17.0,0.519,12.0,,,0.5733,36.0
2012-09-19,0.228,4.0,0.3973,35.0,0.4192,9.0,,,0.4258,11.0,0.4752,16.0,0.4052,16.0,0.5278,16.0,,,0.5767,38.0
2012-09-18,0.3196,13.0,0.4008,36.0,0.4258,11.0,,,0.4641,22.0,0.4787,17.0,0.4067,17.0,0.5297,17.0,,,0.5726,35.0
2012-09-17,0.3329,15.0,0.3908,33.0,0.4436,15.0,,,0.4515,18.0,0.4804,17.0,0.4069,18.0,0.522,13.0,,,0.5701,33.0
2012-09-14,0.3291,15.0,0.3782,28.0,0.4317,13.0,,,0.3659,2.0,0.4808,18.0,0.4068,18.0,0.506,8.0,,,0.5321,12.0
2012-09-13,0.3419,17.0,0.362,23.0,0.3917,4.0,,,0.4241,11.0,0.4796,17.0,0.4074,18.0,0.4893,5.0,,,0.5376,14.0
2012-09-12,0.2893,9.0,0.27,3.0,0.4099,7.0,,,0.4377,14.0,0.4763,16.0,0.4033,15.0,0.4979,7.0,,,0.5451,17.0
2012-09-11,0.4428,35.0,0.3199,11.0,0.4323,13.0,,,0.4473,17.0,0.4771,16.0,0.4023,15.0,0.5051,8.0,,,0.5425,16.0
2012-09-10,0.4736,41.0,0.339,16.0,0.4256,11.0,,,0.4145,9.0,0.4765,16.0,0.4028,15.0,0.522,13.0,,,0.5386,15.0
2012-09-07,0.48,43.0,0.3414,17.0,0.3894,4.0,,,0.3908,4.0,0.4878,20.0,0.406,17.0,0.5211,13.0,,,0.5534,21.0
2012-09-06,0.471,41.0,0.3407,16.0,0.4142,8.0,,,0.4156,9.0,0.486,20.0,0.4064,17.0,0.5238,14.0,,,0.5498,19.0
2012-09-05,0.4785,42.0,0.3402,16.0,0.4266,11.0,,,0.4384,14.0,0.4886,20.0,0.4071,18.0,0.5251,15.0,,,0.5594,25.0
2012-09-04,0.4821,43.0,0.3535,20.0,0.4324,13.0,,,0.4395,14.0,0.4895,21.0,0.4088,19.0,0.5224,14.0,,,0.5626,27.0
2012-08-31,0.4874,44.0,0.3725,27.0,0.4161,8.0,,,0.4205,10.0,0.4889,21.0,0.4087,19.0,0.5207,13.0,,,0.5568,23.0
2012-08-30,0.3154,13.0,0.323,12.0,0.4099,7.0,,,0.4286,12.0,0.4801,17.0,0.4059,17.0,0.5348,19.0,,,0.5569,23.0
2012-08-29,0.3551,19.0,0.336,15.0,0.4131,8.0,,,0.4245,11.0,0.4881,20.0,0.4063,17.0,0.5379,20.0,,,0.5602,25.0
2012-08-28,0.3325,15.0,0.3432,17.0,0.4084,7.0,,,0.4132,9.0,0.4915,21.0,0.4072,18.0,0.5237,14.0,,,0.5513,20.0
2012-08-27,0.324,14.0,0.3506,19.0,0.4228,10.0,,,0.4245,11.0,0.4928,22.0,0.4074,18.0,0.526,15.0,,,0.5455,17.0
2012-08-24,0.3027,11.0,0.3659,24.0,0.4217,10.0,,,0.4262,11.0,0.4933,22.0,0.4077,18.0,0.521,13.0,,,0.5495,19.0
2012-08-23,0.3003,11.0,0.3596,22.0,0.4291,12.0,,,0.423,10.0,0.4997,24.0,0.4142,21.0,0.5272,16.0,,,0.546,17.0
2012-08-22,0.3101,12.0,0.3363,15.0,0.3905,4.0,,,0.4082,8.0,0.5089,28.0,0.4156,22.0,0.5019,7.0,,,0.55,20.0
2012-08-21,0.358,19.0,0.3208,11.0,0.3829,3.0,,,0.3789,3.0,0.5073,27.0,0.4149,22.0,0.5139,11.0,,,0.5406,15.0
2012-08-20,0.3395,17.0,0.2872,5.0,0.3794,3.0,,,0.3799,3.0,0.5054,27.0,0.4139,21.0,0.5134,10.0,,,0.5388,15.0
2012-08-17,0.2905,10.0,0.262,2.0,0.3895,4.0,,,0.3984,6.0,0.5038,26.0,0.4133,21.0,0.507,9.0,,,0.5321,12.0
2012-08-16,0.2894,10.0,0.2468,1.0,0.4106,7.0,,,0.3404,1.0,0.5056,27.0,0.4138,21.0,0.5166,12.0,,,0.5521,20.0
2012-08-15,0.2166,3.0,0.2167,1.0,0.4239,11.0,,,0.4261,11.0,0.5043,26.0,0.413,21.0,0.5161,11.0,,,0.5492,19.0
2012-08-14,0.4804,43.0,0.2613,2.0,0.4357,14.0,,,0.4326,13.0,0.504,26.0,0.413,21.0,0.5432,23.0,,,0.5495,19.0
2012-08-13,0.4548,38.0,0.2557,2.0,0.5548,53.0,,,0.4349,13.0,0.5057,27.0,0.415,22.0,0.5378,20.0,,,0.5477,18.0
2012-08-10,0.4216,31.0,0.2515,2.0,0.4396,14.0,,,0.4343,13.0,0.5053,27.0,0.4146,22.0,0.5238,14.0,,,0.5564,23.0
2012-08-09,0.4345,34.0,0.2862,5.0,0.4469,16.0,,,0.4481,17.0,0.5054,27.0,0.4154,22.0,0.5266,16.0,,,0.5603,26.0
2012-08-08,0.5488,56.0,0.3345,15.0,0.4817,27.0,,,0.4557,19.0,0.5055,27.0,0.4157,22.0,0.5292,17.0,,,0.5554,22.0
2012-08-07,0.5489,56.0,0.3492,19.0,0.4632,21.0,,,0.4544,19.0,0.5057,27.0,0.4163,23.0,0.5241,14.0,,,0.5536,21.0
2012-08-06,0.5456,55.0,0.3532,20.0,0.4225,10.0,,,0.4697,24.0,0.5061,27.0,0.4177,23.0,0.529,17.0,,,0.5708,33.0
2012-08-03,0.3543,19.0,0.3276,13.0,0.4575,19.0,,,0.4822,28.0,0.4967,23.0,0.4166,23.0,0.5508,26.0,,,0.5637,28.0
2012-08-02,0.5151,50.0,0.377,28.0,0.5014,34.0,,,0.4982,34.0,0.4968,23.0,0.4176,23.0,0.5588,30.0,,,0.5799,41.0
2012-08-01,0.5316,53.0,0.3765,28.0,0.4841,28.0,,,0.4947,33.0,0.4968,23.0,0.4174,23.0,0.5596,30.0,,,0.5893,46.0
2012-07-31,0.5454,55.0,0.3526,20.0,0.4953,31.0,,,0.4819,28.0,0.4973,24.0,0.4165,23.0,0.5521,27.0,,,0.5652,28.0
2012-07-30,0.4271,33.0,0.3151,10.0,0.4778,26.0,,,0.495,33.0,0.4935,22.0,0.4152,22.0,0.5394,21.0,,,0.5812,42.0
2012-07-27,0.5066,48.0,0.3448,17.0,0.4714,24.0,,,0.4776,27.0,0.4934,22.0,0.4151,22.0,0.5403,22.0,,,0.5744,37.0
2012-07-26,0.5078,48.0,0.3691,25.0,0.4724,24.0,,,0.4959,33.0,0.4944,23.0,0.4161,23.0,0.5408,22.0,,,0.589,46.0
2012-07-25,0.5066,48.0,0.3683,25.0,0.503,35.0,,,0.5134,40.0,0.4928,22.0,0.4159,22.0,0.5515,27.0,,,0.5934,48.0
2012-07-24,0.4328,34.0,0.3212,11.0,0.5013,34.0,,,0.5205,43.0,0.49,21.0,0.4159,22.0,0.532,18.0,,,0.5892,46.0
2012-07-23,0.4199,31.0,0.3168,11.0,0.506,36.0,,,0.5108,39.0,0.4892,21.0,0.4165,23.0,0.5426,23.0,,,0.5888,46.0
2012-07-20,0.3797,23.0,0.3763,28.0,0.4805,27.0,,,0.4885,30.0,0.5026,25.0,0.4276,28.0,0.5491,26.0,,,0.5864,45.0
2012-07-19,0.3631,20.0,0.3805,28.0,0.4858,28.0,,,0.5654,57.0,0.5037,26.0,0.4278,28.0,0.5239,14.0,,,0.6073,55.0
2012-07-18,0.3576,19.0,0.4366,48.0,0.5119,38.0,,,0.5094,38.0,0.4968,23.0,0.4266,28.0,0.564,33.0,,,0.6006,52.0
2012-07-17,0.3598,19.0,0.4178,42.0,0.528,44.0,,,0.5162,41.0,0.4976,24.0,0.4261,28.0,0.5488,25.0,,,0.5944,49.0
2012-07-16,0.399,26.0,0.4215,43.0,0.5097,37.0,,,0.5368,48.0,0.4977,24.0,0.4265,28.0,0.5659,34.0,,,0.5908,47.0
2012-07-13,0.4287,33.0,0.4291,46.0,0.5248,43.0,,,0.5195,42.0,0.4978,24.0,0.4262,28.0,0.5712,37.0,,,0.5804,41.0
2012-07-12,0.5997,65.0,0.4443,50.0,0.4559,19.0,,,0.5382,49.0,0.498,24.0,0.428,28.0,0.5343,19.0,,,0.5992,51.0
2012-07-11,0.6024,65.0,0.402,36.0,0.4892,30.0,,,0.5461,51.0,0.5008,25.0,0.4262,28.0,0.5684,35.0,,,0.5974,50.0
2012-07-10,0.6602,74.0,0.3993,36.0,0.5001,33.0,,,0.5103,39.0,0.5007,25.0,0.4259,28.0,0.5913,49.0,,,0.5994,51.0
2012-07-09,0.6118,67.0,0.3247,12.0,0.5156,39.0,,,0.4835,28.0,0.4957,23.0,0.4214,25.0,0.555,28.0,,,0.5974,50.0
2012-07-06,0.6164,67.0,0.3448,17.0,0.5082,37.0,,,0.4582,20.0,0.4959,23.0,0.4218,26.0,0.5645,33.0,,,0.5796,41.0
2012-07-05,0.5677,59.0,0.3502,19.0,0.4238,11.0,,,0.4619,21.0,0.4918,22.0,0.4214,25.0,0.5595,30.0,,,0.5947,49.0
2012-07-03,0.5777,61.0,0.343,17.0,0.497,32.0,,,0.4372,14.0,0.4917,22.0,0.4209,25.0,0.5561,28.0,,,0.6015,53.0
2012-07-02,0.4575,39.0,0.3356,15.0,0.4647,21.0,,,0.5255,44.0,0.4851,19.0,0.4223,26.0,0.5635,32.0,,,0.6022,53.0
2012-06-29,0.6157,67.0,0.3981,35.0,0.4321,13.0,,,0.4716,25.0,0.4848,19.0,0.4225,26.0,0.5566,28.0,,,0.5866,45.0
2012-06-28,0.4745,42.0,0.4173,42.0,0.4783,26.0,,,0.5067,37.0,0.4855,19.0,0.4224,26.0,0.5945,50.0,,,0.6211,61.0
2012-06-27,0.5326,53.0,0.4225,44.0,0.4642,21.0,,,0.4791,28.0,0.4826,18.0,0.4213,25.0,0.5768,40.0,,,0.6189,60.0
2012-06-26,0.5089,49.0,0.4322,47.0,0.4914,30.0,,,0.4838,28.0,0.483,18.0,0.4236,27.0,0.611,57.0,,,0.6094,56.0
2012-06-25,0.5004,47.0,0.4244,44.0,0.5038,35.0,,,0.5,35.0,0.4857,19.0,0.4247,27.0,0.5908,48.0,,,0.6269,64.0
2012-06-22,0.4996,47.0,0.4482,51.0,0.4718,24.0,,,0.4676,23.0,0.4866,20.0,0.4249,27.0,0.585,45.0,,,0.6158,59.0
2012-06-21,0.499,47.0,0.4481,51.0,0.4947,31.0,,,0.49,31.0,0.4866,20.0,0.4246,27.0,0.6197,60.0,,,0.61,56.0
2012-06-20,0.4154,30.0,0.4175,42.0,0.4699,23.0,,,0.4656,22.0,0.4755,16.0,0.4218,26.0,0.5945,50.0,,,0.6089,56.0
2012-06-19,0.3982,26.0,0.4178,42.0,0.442,15.0,,,0.4535,18.0,0.4743,15.0,0.4216,26.0,0.5829,44.0,,,0.6314,66.0
2012-06-18,0.3847,24.0,0.4288,46.0,0.4816,27.0,,,0.4862,30.0,0.4762,16.0,0.4208,25.0,0.5869,46.0,,,0.6271,64.0
2012-06-15,0.42,31.0,0.4395,49.0,0.5338,46.0,,,0.5207,43.0,0.4773,16.0,0.4201,25.0,0.6171,59.0,,,0.6386,68.0
2012-06-14,0.4931,45.0,0.4377,48.0,0.5619,55.0,,,0.5585,55.0,0.4858,20.0,0.4215,25.0,0.6187,60.0,,,0.6334,66.0
2012-06-13,0.4857,44.0,0.4183,42.0,0.5588,54.0,,,0.5503,53.0,0.5031,26.0,0.4233,27.0,0.6252,62.0,,,0.6415,69.0
2012-06-12,0.4802,43.0,0.4287,45.0,0.5257,43.0,,,0.5617,56.0,0.5092,28.0,0.425,28.0,0.5955,51.0,,,0.6377,68.0
2012-06-11,0.5307,53.0,0.4531,52.0,0.559,54.0,,,0.5374,49.0,0.5095,28.0,0.4286,30.0,0.6196,60.0,,,0.6281,64.0
2012-06-08,0.558,57.0,0.46,54.0,0.556,53.0,,,0.5041,36.0,0.5104,28.0,0.4278,28.0,0.6149,57.0,,,0.6459,70.0
2012-06-07,0.5806,62.0,0.4649,56.0,0.566,56.0,,,0.5182,42.0,0.5189,31.0,0.427,28.0,0.6264,63.0,,,0.6345,67.0
2012-06-06,0.5374,54.0,0.4384,49.0,0.5513,51.0,,,0.5658,57.0,0.5228,31.0,0.4275,28.0,0.6025,54.0,,,0.6423,69.0
2012-06-05,0.4921,45.0,0.4353,48.0,0.5851,62.0,,,0.5722,59.0,0.5193,31.0,0.4279,28.0,0.6177,59.0,,,0.6628,75.0
2012-06-04,0.4749,42.0,0.4603,54.0,0.5775,60.0,,,0.6152,70.0,0.518,30.0,0.4292,30.0,0.6232,62.0,,,0.6745,78.0
2012-06-01,0.5164,50.0,0.555,74.0,0.5725,57.0,,,0.5599,56.0,0.5181,30.0,0.4288,30.0,0.6288,64.0,,,0.6725,78.0
2012-05-31,0.3472,17.0,0.5339,70.0,0.5993,66.0,,,0.587,64.0,0.5093,28.0,0.4273,28.0,0.6387,67.0,,,0.6566,73.0
2012-05-30,0.3859,24.0,0.5365,71.0,0.5861,62.0,,,0.5878,64.0,0.5091,28.0,0.4267,28.0,0.6156,59.0,,,0.6414,69.0
2012-05-29,0.3586,19.0,0.5261,69.0,0.5655,56.0,,,0.5813,62.0,0.5252,32.0,0.4259,28.0,0.6235,62.0,,,0.6502,71.0
2012-05-25,0.3459,17.0,0.5348,71.0,0.5554,53.0,,,0.5646,57.0,0.5253,32.0,0.426,28.0,0.6203,60.0,,,0.6486,71.0
2012-05-24,0.3795,23.0,0.5878,80.0,0.5701,57.0,,,0.5625,56.0,0.5304,33.0,0.4262,28.0,0.6212,61.0,,,0.6449,70.0
2012-05-23,0.9007,91.0,0.7341,94.0,0.5809,61.0,,,0.57,57.0,0.5306,33.0,0.425,28.0,0.6234,62.0,,,0.6618,75.0
2012-05-22,0.9072,92.0,0.6721,89.0,0.589,63.0,,,0.5809,62.0,0.5352,35.0,0.4185,24.0,0.6586,73.0,,,0.6616,75.0
2012-05-21,0.9084,92.0,0.6649,89.0,0.5949,65.0,,,0.6087,69.0,0.5383,36.0,0.4186,24.0,0.616,59.0,,,0.648,71.0
2012-05-18,0.8254,87.0,0.6515,88.0,0.6287,73.0,,,0.6327,74.0,0.5365,35.0,0.4186,24.0,0.6361,66.0,,,0.6708,77.0
2012-05-17,0.7724,84.0,0.6691,89.0,0.6608,79.0,,,0.6408,76.0,0.5346,34.0,0.4184,24.0,0.6376,66.0,,,0.6538,72.0
2012-05-16,0.6947,78.0,0.6593,88.0,0.673,81.0,,,0.625,73.0,0.5412,36.0,0.4206,25.0,0.6182,60.0,,,0.6209,61.0
2012-05-15,0.6915,77.0,0.634,86.0,0.6609,79.0,,,0.6581,79.0,0.5411,36.0,0.417,23.0,0.6152,59.0,,,0.6442,70.0
2012-05-14,0.4155,30.0,0.4397,49.0,0.627,73.0,,,0.5524,53.0,0.5171,30.0,0.4025,15.0,0.5841,44.0,,,0.5973,50.0
2012-05-11,0.3775,23.0,0.445,50.0,0.4835,28.0,,,0.4946,33.0,0.5142,28.0,0.4011,14.0,0.5632,32.0,,,0.5827,43.0
2012-05-10,0.386,24.0,0.4366,48.0,0.5199,41.0,,,0.5073,37.0,0.515,28.0,0.4003,14.0,0.5662,34.0,,,0.5833,43.0
2012-05-09,0.4137,28.0,0.4259,45.0,0.5768,59.0,,,0.519,42.0,0.5149,28.0,0.403,15.0,0.5589,30.0,,,0.5783,39.0
2012-05-08,0.4383,35.0,0.3906,33.0,0.573,57.0,,,0.5802,61.0,0.5236,32.0,0.4041,16.0,0.5566,28.0,,,0.585,44.0
2012-05-07,0.4371,35.0,0.3964,35.0,0.5771,60.0,,,0.5199,42.0,0.5238,32.0,0.4054,16.0,0.5597,30.0,,,0.5742,36.0
2012-05-04,0.3988,26.0,0.357,22.0,0.482,27.0,,,0.4992,35.0,0.5232,31.0,0.4037,15.0,0.5265,15.0,,,0.5663,30.0
2012-05-03,0.4463,36.0,0.3743,27.0,0.4981,33.0,,,0.4972,34.0,0.5233,32.0,0.4043,16.0,0.5366,20.0,,,0.553,21.0
2012-05-02,0.3528,18.0,0.333,14.0,0.4737,24.0,,,0.4984,34.0,0.5239,32.0,0.4044,16.0,0.5262,15.0,,,0.548,18.0
2012-05-01,0.4353,34.0,0.3363,15.0,0.471,24.0,,,0.4598,20.0,0.5265,32.0,0.4047,16.0,0.5186,12.0,,,0.5424,16.0
2012-04-30,0.4483,37.0,0.3498,19.0,0.4953,31.0,,,0.4846,28.0,0.5261,32.0,0.4144,22.0,0.5406,22.0,,,0.5511,20.0
2012-04-27,0.4532,38.0,0.3231,12.0,0.4467,16.0,,,0.4603,21.0,0.5335,34.0,0.4144,22.0,0.5143,11.0,,,0.5379,14.0
2012-04-26,0.4633,40.0,0.3179,11.0,0.4683,22.0,,,0.4586,20.0,0.5335,34.0,0.4148,22.0,0.5112,10.0,,,0.551,20.0
2012-04-25,0.4689,41.0,0.3333,14.0,0.4791,26.0,,,0.4737,26.0,0.5357,35.0,0.4161,23.0,0.4878,5.0,,,0.5537,21.0
2012-04-24,0.3835,24.0,0.3164,10.0,0.5273,44.0,,,0.5045,36.0,0.5339,34.0,0.4175,23.0,0.5284,16.0,,,0.5341,13.0
2012-04-23,0.4187,31.0,0.3217,11.0,0.5257,43.0,,,0.5186,42.0,0.5366,35.0,0.4262,28.0,0.5308,17.0,,,0.5407,15.0
2012-04-20,0.5574,57.0,0.3724,27.0,0.4895,30.0,,,0.4978,34.0,0.542,36.0,0.4285,30.0,0.5285,17.0,,,0.5364,14.0
2012-04-19,0.5437,55.0,0.3671,25.0,0.487,28.0,,,0.508,38.0,0.5414,36.0,0.429,30.0,0.5303,17.0,,,0.5584,24.0
2012-04-18,0.5347,53.0,0.3851,31.0,0.5067,36.0,,,0.52,42.0,0.5415,36.0,0.4327,31.0,0.5292,17.0,,,0.5546,22.0
2012-04-17,0.528,52.0,0.3843,30.0,0.5355,47.0,,,0.5195,42.0,0.5505,38.0,0.4359,33.0,0.5303,17.0,,,0.5572,23.0
2012-04-16,0.4984,46.0,0.3733,27.0,0.5375,47.0,,,0.5271,45.0,0.5511,38.0,0.4435,35.0,0.5215,13.0,,,0.5602,25.0
2012-04-13,0.5488,56.0,0.3684,25.0,0.5235,42.0,,,0.4682,23.0,0.5544,39.0,0.4442,35.0,0.5272,16.0,,,0.5512,20.0
2012-04-12,0.5287,52.0,0.3924,33.0,0.4711,24.0,,,0.5071,37.0,0.5526,38.0,0.4446,35.0,0.511,10.0,,,0.5623,27.0
2012-04-11,0.3446,17.0,0.3599,22.0,0.5287,44.0,,,0.4445,16.0,0.5469,37.0,0.4433,35.0,0.5368,20.0,,,0.5438,17.0
2012-04-10,0.3829,24.0,0.3601,23.0,0.4873,28.0,,,0.4723,25.0,0.5468,37.0,0.4438,35.0,0.5072,9.0,,,0.5432,16.0
2012-04-09,0.4171,30.0,0.356,21.0,0.4925,31.0,,,0.4702,24.0,0.5472,37.0,0.4449,35.0,0.5107,9.0,,,0.5376,14.0
2012-04-05,0.4784,42.0,0.3883,32.0,0.4546,18.0,,,0.4417,15.0,0.5513,38.0,0.4447,35.0,0.5165,12.0,,,0.5309,11.0
2012-04-04,0.4863,44.0,0.4029,37.0,0.4329,13.0,,,0.4592,20.0,0.5554,39.0,0.4523,38.0,0.5062,8.0,,,0.543,16.0
2012-04-03,0.439,35.0,0.3846,30.0,0.4405,15.0,,,0.4269,11.0,0.5603,40.0,0.4557,39.0,0.5105,9.0,,,0.5408,15.0
2012-04-02,0.476,42.0,0.3825,30.0,0.4061,7.0,,,0.4121,8.0,0.5759,44.0,0.4657,44.0,0.5062,8.0,,,0.5356,13.0
2012-03-30,0.5064,48.0,0.3716,26.0,0.425,11.0,,,0.4308,12.0,0.5794,46.0,0.4695,45.0,0.4922,6.0,,,0.5261,10.0
2012-03-29,0.493,45.0,0.376,28.0,0.4379,14.0,,,0.428,12.0,0.5798,46.0,0.4721,47.0,0.4991,7.0,,,0.5505,20.0
2012-03-28,0.4727,41.0,0.389,32.0,0.4381,14.0,,,0.4515,18.0,0.5806,46.0,0.4742,48.0,0.5132,10.0,,,0.5285,11.0
2012-03-27,0.4041,27.0,0.357,22.0,0.4443,15.0,,,0.4391,14.0,0.5778,45.0,0.4788,50.0,0.5202,13.0,,,0.5016,7.0
2012-03-26,0.3943,26.0,0.3462,18.0,0.4271,12.0,,,0.4002,6.0,0.5884,49.0,0.4864,53.0,0.4909,6.0,,,0.5076,8.0
2012-03-23,0.3918,25.0,0.3527,20.0,0.4264,11.0,,,0.4421,15.0,0.5889,49.0,0.4893,54.0,0.4849,5.0,,,0.5383,14.0
2012-03-22,0.4552,38.0,0.3885,32.0,0.4361,14.0,,,0.4448,16.0,0.5856,48.0,0.4896,54.0,0.5094,9.0,,,0.5177,9.0
2012-03-21,0.449,37.0,0.3831,30.0,0.4362,14.0,,,0.426,11.0,0.5936,51.0,0.4924,55.0,0.5096,9.0,,,0.5116,8.0
2012-03-20,0.4622,40.0,0.3846,30.0,0.4228,10.0,,,0.4206,10.0,0.609,57.0,0.4953,56.0,0.487,5.0,,,0.5528,21.0
2012-03-19,0.5026,47.0,0.3897,32.0,0.4297,12.0,,,0.4291,12.0,0.6101,57.0,0.4971,57.0,0.5215,13.0,,,0.5194,9.0
2012-03-16,0.5535,57.0,0.3886,32.0,0.446,16.0,,,0.4405,15.0,0.6105,57.0,0.4992,57.0,0.518,12.0,,,0.542,16.0
2012-03-15,0.5605,57.0,0.3913,33.0,0.4597,20.0,,,0.4538,18.0,0.61,57.0,0.4994,57.0,0.5374,20.0,,,0.5426,16.0
2012-03-14,0.6299,69.0,0.4062,38.0,0.4562,19.0,,,0.4633,21.0,0.6104,57.0,0.5001,57.0,0.5575,28.0,,,0.535,13.0
2012-03-13,0.538,54.0,0.3665,25.0,0.4547,18.0,,,0.4481,17.0,0.6021,54.0,0.4982,57.0,0.5227,14.0,,,0.5477,18.0
2012-03-12,0.5388,54.0,0.3598,22.0,0.4587,20.0,,,0.4609,21.0,0.6031,54.0,0.5012,57.0,0.5157,11.0,,,0.5245,10.0
2012-03-09,0.556,57.0,0.3524,20.0,0.4131,8.0,,,0.4459,16.0,0.6013,54.0,0.5013,57.0,0.4989,7.0,,,0.53,11.0
2012-03-08,0.5837,62.0,0.4519,52.0,0.4667,22.0,,,0.4422,15.0,0.6112,57.0,0.5057,59.0,0.5187,12.0,,,0.5436,16.0
2012-03-07,0.7643,84.0,0.4886,61.0,0.4816,27.0,,,0.4773,27.0,0.6134,59.0,0.5068,60.0,0.5127,10.0,,,0.5465,18.0
2012-03-06,0.7504,83.0,0.4851,61.0,0.5155,39.0,,,0.5169,41.0,0.6133,59.0,0.5067,60.0,0.5073,9.0,,,0.558,24.0
2012-03-05,0.6803,76.0,0.4723,57.0,0.455,18.0,,,0.4509,18.0,0.6076,56.0,0.5072,60.0,0.5041,8.0,,,0.5356,13.0
2012-03-02,0.6435,71.0,0.4544,52.0,0.4461,16.0,,,0.4538,18.0,0.6075,56.0,0.5099,61.0,0.5044,8.0,,,0.5496,19.0
2012-03-01,0.638,70.0,0.4651,56.0,0.4565,19.0,,,0.4434,16.0,0.6071,56.0,0.5105,61.0,0.4917,6.0,,,0.5221,10.0
2012-02-29,0.6386,71.0,0.4592,54.0,0.4717,24.0,,,0.4516,18.0,0.6066,56.0,0.5107,61.0,0.4963,7.0,,,0.5013,7.0
2012-02-28,0.4757,42.0,0.334,14.0,0.4341,13.0,,,0.4382,14.0,0.6003,53.0,0.5056,59.0,0.4723,4.0,,,0.5211,9.0
2012-02-27,0.327,14.0,0.3236,12.0,0.4473,17.0,,,0.4429,15.0,0.598,52.0,0.505,59.0,0.5242,14.0,,,0.5117,8.0
2012-02-24,0.2974,10.0,0.3136,10.0,0.4063,7.0,,,0.3965,5.0,0.5981,53.0,0.5063,60.0,0.5245,15.0,,,0.5427,16.0
2012-02-23,0.2991,11.0,0.3229,12.0,0.3995,5.0,,,0.4196,10.0,0.6003,53.0,0.5089,61.0,0.5344,19.0,,,0.508,8.0
2012-02-22,0.2975,10.0,0.3217,11.0,0.405,6.0,,,0.4328,13.0,0.6019,54.0,0.513,62.0,0.513,10.0,,,0.5105,8.0
2012-02-21,0.2861,9.0,0.3125,10.0,0.4175,9.0,,,0.4369,14.0,0.6054,55.0,0.5166,63.0,0.5133,10.0,,,0.4999,7.0
2012-02-17,0.2922,10.0,0.3413,17.0,0.442,15.0,,,0.449,17.0,0.605,55.0,0.5176,63.0,0.5278,16.0,,,0.5525,21.0
2012-02-16,0.3014,11.0,0.348,18.0,0.4621,21.0,,,0.4601,20.0,0.6112,57.0,0.5187,64.0,0.5195,12.0,,,0.5388,15.0
2012-02-15,0.2148,3.0,0.3212,11.0,0.4565,19.0,,,0.4679,23.0,0.6102,57.0,0.5178,63.0,0.5395,21.0,,,0.5328,12.0
2012-02-14,0.1925,2.0,0.323,12.0,0.4881,28.0,,,0.4791,28.0,0.6103,57.0,0.5215,64.0,0.5205,13.0,,,0.5567,23.0
2012-02-13,0.2099,3.0,0.3135,10.0,0.4427,15.0,,,0.4774,27.0,0.6104,57.0,0.5224,64.0,0.5272,16.0,,,0.5625,27.0
2012-02-10,0.1779,1.0,0.3227,12.0,0.348,1.0,,,0.4692,24.0,0.6138,59.0,0.5245,65.0,0.5306,17.0,,,0.56,25.0
2012-02-09,0.1901,2.0,0.3243,12.0,0.4446,16.0,,,0.4719,25.0,0.6213,61.0,0.5272,66.0,0.5535,28.0,,,0.5695,32.0
2012-02-08,0.2489,6.0,0.3182,11.0,0.438,14.0,,,0.4879,30.0,0.6214,61.0,0.527,66.0,0.5496,26.0,,,0.5637,28.0
2012-02-07,0.2173,3.0,0.3121,9.0,0.46,20.0,,,0.4208,10.0,0.6219,61.0,0.5289,66.0,0.4969,7.0,,,0.5433,16.0
2012-02-06,0.3693,21.0,0.3431,17.0,0.4293,12.0,,,0.4734,25.0,0.6327,63.0,0.5398,69.0,0.5383,21.0,,,0.5808,42.0
2012-02-03,0.3741,22.0,0.3588,22.0,0.4509,17.0,,,0.4297,12.0,0.634,63.0,0.543,71.0,0.5381,21.0,,,0.5787,40.0
2012-02-02,0.527,52.0,0.5393,72.0,0.4654,22.0,,,0.4444,16.0,0.6404,64.0,0.5488,73.0,0.548,25.0,,,0.5711,34.0
2012-02-01,0.5708,60.0,0.5368,71.0,0.4592,20.0,,,0.4792,28.0,0.6429,65.0,0.5565,75.0,0.5396,21.0,,,0.538,14.0
2012-01-31,0.5547,57.0,0.5378,71.0,0.4779,26.0,,,0.4764,27.0,0.6705,71.0,0.5711,77.0,0.5522,27.0,,,0.5835,43.0
2012-01-30,0.5553,57.0,0.5337,70.0,0.4686,23.0,,,0.4803,28.0,0.6703,71.0,0.5714,77.0,0.5416,22.0,,,0.599,51.0
2012-01-27,0.5903,63.0,0.5421,72.0,0.4612,20.0,,,0.4764,27.0,0.6757,71.0,0.5727,77.0,0.5347,19.0,,,0.5603,26.0
2012-01-26,0.5624,59.0,0.5074,65.0,0.4775,26.0,,,0.476,26.0,0.6721,71.0,0.5721,77.0,0.5279,16.0,,,0.5774,39.0
2012-01-25,0.5815,62.0,0.5227,68.0,0.4934,31.0,,,0.4867,30.0,0.6715,71.0,0.5721,77.0,0.5239,14.0,,,0.6108,57.0
2012-01-24,0.363,20.0,0.3454,17.0,0.46,20.0,,,0.4665,23.0,0.661,68.0,0.5646,76.0,0.5416,22.0,,,0.607,55.0
2012-01-23,0.3446,17.0,0.3394,16.0,0.4657,22.0,,,0.4736,25.0,0.6672,70.0,0.5707,77.0,0.5505,26.0,,,0.6118,57.0
2012-01-20,0.3192,13.0,0.3366,15.0,0.4907,30.0,,,0.502,36.0,0.6667,70.0,0.5706,77.0,0.5605,31.0,,,0.6258,63.0
2012-01-19,0.2949,10.0,0.3329,14.0,0.5076,36.0,,,0.5122,39.0,0.6661,70.0,0.5707,77.0,0.5669,34.0,,,0.6412,69.0
2012-01-18,0.2792,8.0,0.3178,11.0,0.5393,48.0,,,0.5245,44.0,0.6661,70.0,0.5698,76.0,0.5705,36.0,,,0.6431,69.0
2012-01-17,0.2913,10.0,0.3232,12.0,0.55,51.0,,,0.4971,34.0,0.666,70.0,0.5714,77.0,0.5801,42.0,,,0.6397,68.0
2012-01-13,0.3096,12.0,0.3332,14.0,0.5249,43.0,,,0.4609,21.0,0.6692,70.0,0.5741,77.0,0.5721,37.0,,,0.6464,70.0
2012-01-12,0.1088,1.0,0.327,13.0,0.4655,22.0,,,0.4492,17.0,0.6685,70.0,0.5771,78.0,0.5678,35.0,,,0.6331,66.0
2012-01-11,0.241,5.0,0.3273,13.0,0.485,28.0,,,0.4845,28.0,0.6789,72.0,0.5787,78.0,0.5673,35.0,,,0.6494,71.0
2012-01-10,0.247,6.0,0.3211,11.0,0.5049,35.0,,,0.5099,38.0,0.6792,72.0,0.5788,78.0,0.5936,50.0,,,0.6555,73.0
2012-01-09,0.2519,6.0,0.3815,30.0,0.5339,46.0,,,0.5205,43.0,0.6793,72.0,0.5796,78.0,0.5799,42.0,,,0.6737,78.0
2012-01-06,0.4591,39.0,0.4151,41.0,0.4733,24.0,,,0.5293,46.0,0.6879,73.0,0.581,79.0,0.5948,51.0,,,0.6667,76.0
2012-01-05,0.4974,46.0,0.4203,43.0,0.5158,40.0,,,0.5079,38.0,0.6886,74.0,0.5857,80.0,0.5857,46.0,,,0.6585,74.0
2012-01-04,0.4861,44.0,0.3831,30.0,0.544,49.0,,,0.5492,52.0,0.691,74.0,0.586,81.0,0.591,48.0,,,0.6655,76.0
2012-01-03,0.4869,44.0,0.3847,31.0,0.5626,55.0,,,0.5424,50.0,0.691,74.0,0.5858,80.0,0.6164,59.0,,,0.6496,71.0
2011-12-30,0.3871,24.0,0.4034,37.0,0.5585,54.0,,,0.5709,57.0,0.688,73.0,0.5859,81.0,0.6059,55.0,,,0.6717,78.0
2011-12-29,0.461,39.0,0.415,41.0,0.58,60.0,,,0.5821,62.0,0.6896,74.0,0.586,81.0,0.6414,68.0,,,0.6958,83.0
2011-12-28,0.4495,37.0,0.3653,24.0,0.5786,60.0,,,0.6081,69.0,0.6993,76.0,0.585,80.0,0.636,66.0,,,0.6682,77.0
2011-12-27,0.5078,48.0,0.362,23.0,0.5426,48.0,,,0.5657,57.0,0.6965,76.0,0.5835,79.0,0.6169,59.0,,,0.6643,75.0
2011-12-23,0.6514,73.0,0.4218,43.0,0.5221,42.0,,,0.5447,51.0,0.6959,75.0,0.5833,79.0,0.6092,56.0,,,0.6589,74.0
2011-12-22,0.81,87.0,0.4546,53.0,0.5477,50.0,,,0.5673,57.0,0.6971,76.0,0.5835,79.0,0.6098,57.0,,,0.6674,76.0
2011-12-21,0.9132,92.0,0.5252,69.0,0.5445,49.0,,,0.5491,52.0,0.6981,76.0,0.5837,80.0,0.593,49.0,,,0.6801,79.0
2011-12-20,0.9451,94.0,0.5166,67.0,0.563,55.0,,,0.5638,57.0,0.699,76.0,0.5836,79.0,0.6211,61.0,,,0.6677,76.0
2011-12-19,1.0019,95.0,0.526,69.0,0.5938,64.0,,,0.6068,68.0,0.6983,76.0,0.5837,80.0,0.6207,61.0,,,0.6733,78.0
2011-12-16,1.0495,97.0,0.552,74.0,0.5262,43.0,,,0.6857,83.0,0.6975,76.0,0.5869,81.0,0.5936,50.0,,,0.69,82.0
2011-12-15,0.9685,95.0,0.5362,71.0,0.6387,75.0,,,0.7823,95.0,0.6917,74.0,0.5864,81.0,0.6338,65.0,,,0.6863,81.0
2011-12-14,0.6933,77.0,0.5139,66.0,0.6494,77.0,,,0.6518,78.0,0.6946,75.0,0.5888,82.0,0.6802,79.0,,,0.7368,91.0
2011-12-13,0.6578,74.0,0.4915,62.0,0.6201,71.0,,,0.5798,61.0,0.6904,74.0,0.5873,81.0,0.7055,85.0,,,0.7228,89.0
2011-12-12,0.5857,63.0,0.4317,46.0,0.5934,64.0,,,0.6661,80.0,0.6869,73.0,0.5842,80.0,0.6392,67.0,,,0.761,95.0
2011-12-09,0.5765,61.0,0.4421,49.0,0.5222,42.0,,,0.6097,69.0,0.6867,73.0,0.5857,80.0,0.654,72.0,,,0.7262,89.0
2011-12-08,0.6921,77.0,0.446,50.0,0.6611,79.0,,,0.6565,79.0,0.6812,72.0,0.5866,81.0,0.6802,79.0,,,0.7326,91.0
2011-12-07,0.5612,57.0,0.4119,40.0,0.5983,66.0,,,0.6118,70.0,0.6813,72.0,0.5867,81.0,0.6652,75.0,,,0.7258,89.0
2011-12-06,0.5529,57.0,0.4052,37.0,0.6137,69.0,,,0.5884,64.0,0.6918,74.0,0.5917,82.0,0.6519,71.0,,,0.7346,91.0
2011-12-05,0.5793,61.0,0.3847,31.0,0.5974,65.0,,,0.5989,67.0,0.6942,75.0,0.5909,82.0,0.6655,75.0,,,0.6944,83.0
2011-12-02,0.7803,85.0,0.3917,33.0,0.5722,57.0,,,0.5736,59.0,0.7,77.0,0.5924,82.0,0.6879,81.0,,,0.7261,89.0
2011-12-01,0.7845,85.0,0.3938,34.0,0.5537,52.0,,,0.5813,62.0,0.7049,78.0,0.5927,82.0,0.6735,77.0,,,0.6527,72.0
2011-11-30,0.8594,89.0,0.4074,38.0,0.5898,63.0,,,0.6069,69.0,0.7037,77.0,0.5929,82.0,0.6872,81.0,,,0.7453,93.0
2011-11-29,0.6504,72.0,0.4063,38.0,0.6579,78.0,,,0.6356,75.0,0.6934,75.0,0.595,83.0,0.7308,90.0,,,0.7438,92.0
2011-11-28,0.7596,83.0,0.4528,52.0,0.6174,70.0,,,0.6458,77.0,0.6935,75.0,0.595,83.0,0.7197,88.0,,,0.7484,93.0
2011-11-25,0.6173,67.0,0.4565,53.0,0.6717,81.0,,,0.6563,79.0,0.6904,74.0,0.5965,83.0,0.7197,88.0,,,0.7372,92.0
2011-11-23,0.612,67.0,0.456,53.0,0.6794,82.0,,,0.6463,77.0,0.6927,74.0,0.5972,83.0,0.732,90.0,,,0.743,92.0
2011-11-22,0.5506,56.0,0.4457,50.0,0.6136,69.0,,,0.6205,72.0,0.689,74.0,0.5966,83.0,0.6272,63.0,,,0.712,87.0
2011-11-21,0.4572,39.0,0.4191,42.0,0.6659,80.0,,,0.6544,78.0,0.6879,73.0,0.5955,83.0,0.7157,87.0,,,0.7358,91.0
2011-11-18,0.4456,36.0,0.4448,50.0,0.6473,77.0,,,0.6341,74.0,0.6857,73.0,0.5949,82.0,0.7159,87.0,,,0.7214,88.0
2011-11-17,0.5309,53.0,0.4893,61.0,0.6738,82.0,,,0.7546,93.0,0.6872,73.0,0.5945,82.0,0.7318,90.0,,,0.6838,80.0
2011-11-16,0.4305,33.0,0.4602,54.0,0.6492,77.0,,,0.65,78.0,0.6905,74.0,0.5941,82.0,0.6893,82.0,,,0.7059,86.0
2011-11-15,0.5354,53.0,0.4572,54.0,0.7042,87.0,,,0.6395,75.0,0.6907,74.0,0.5939,82.0,0.7084,86.0,,,0.7034,85.0
2011-11-14,0.5401,54.0,0.469,57.0,0.658,78.0,,,0.6718,82.0,0.6918,74.0,0.5955,83.0,0.7075,85.0,,,0.6911,82.0
2011-11-11,0.6051,66.0,0.4962,63.0,0.6083,68.0,,,0.6393,75.0,0.691,74.0,0.5959,83.0,0.6979,83.0,,,0.7129,87.0
2011-11-10,0.6561,73.0,0.5035,64.0,0.6557,78.0,,,0.685,83.0,0.6934,75.0,0.5969,83.0,0.6853,80.0,,,0.7314,90.0
2011-11-09,0.6604,74.0,0.5892,80.0,0.6734,81.0,,,0.7086,87.0,0.6937,75.0,0.5974,83.0,0.6934,82.0,,,0.7114,87.0
2011-11-08,0.6467,72.0,0.5498,74.0,0.7157,88.0,,,0.6928,84.0,0.6898,74.0,0.5986,83.0,0.6858,80.0,,,0.7119,87.0
2011-11-07,0.6416,71.0,0.5426,72.0,0.7016,86.0,,,0.72,89.0,0.6917,74.0,0.602,84.0,0.6342,65.0,,,0.7299,90.0
2011-11-04,0.6549,73.0,0.5543,74.0,0.7007,86.0,,,0.6939,84.0,0.6914,74.0,0.6084,85.0,0.6782,79.0,,,0.7142,87.0
2011-11-03,0.6325,69.0,0.5762,78.0,0.6857,84.0,,,0.7196,89.0,0.7012,77.0,0.6111,85.0,0.6739,77.0,,,0.7467,93.0
2011-11-02,0.6252,69.0,0.6566,88.0,0.7157,88.0,,,0.7271,90.0,0.6987,76.0,0.6098,85.0,0.6897,82.0,,,0.7627,95.0
2011-11-01,0.6977,78.0,0.6821,90.0,0.7595,93.0,,,0.7732,94.0,0.7055,78.0,0.6106,85.0,0.7046,85.0,,,0.753,94.0
2011-10-31,0.6761,76.0,0.5834,79.0,0.7285,90.0,,,0.702,86.0,0.7147,79.0,0.6109,85.0,0.7153,87.0,,,0.7362,91.0
2011-10-28,0.4694,41.0,0.6149,84.0,0.6451,76.0,,,0.6401,75.0,0.7184,80.0,0.6159,86.0,0.6997,84.0,,,0.7401,92.0
2011-10-27,0.7335,82.0,0.6477,87.0,0.6749,82.0,,,0.6633,80.0,0.7197,80.0,0.6183,86.0,0.7196,88.0,,,0.7454,93.0
2011-10-26,0.7198,80.0,0.7264,94.0,0.6941,85.0,,,0.7206,89.0,0.7211,80.0,0.6199,87.0,0.7088,86.0,,,0.7574,94.0
2011-10-25,0.7897,86.0,0.713,92.0,0.7077,87.0,,,0.7358,91.0,0.7383,84.0,0.6221,87.0,0.7093,86.0,,,0.7919,98.0
2011-10-24,0.7633,84.0,0.6218,85.0,0.7082,87.0,,,0.7287,90.0,0.7364,83.0,0.6163,86.0,0.7241,89.0,,,0.7797,97.0
2011-10-21,0.5973,65.0,0.6059,83.0,0.7717,94.0,,,0.7697,94.0,0.7329,82.0,0.6168,86.0,0.753,93.0,,,0.7836,97.0
2011-10-20,0.5898,63.0,0.6025,82.0,0.812,96.0,,,0.8092,97.0,0.7441,85.0,0.6218,87.0,0.7534,93.0,,,0.7996,98.0
2011-10-19,0.6168,67.0,0.5821,79.0,0.7707,94.0,,,0.8338,98.0,0.7509,86.0,0.6199,87.0,0.756,93.0,,,0.8008,99.0
2011-10-18,0.535,53.0,0.5338,70.0,0.6786,82.0,,,0.7711,94.0,0.7475,85.0,0.6222,88.0,0.7284,89.0,,,0.7911,98.0
2011-10-17,0.5843,63.0,0.5282,69.0,0.7678,94.0,,,0.7903,96.0,0.7461,85.0,0.6172,86.0,0.7494,92.0,,,0.7959,98.0
2011-10-14,0.6459,72.0,0.565,76.0,0.6473,77.0,,,0.675,82.0,0.7461,85.0,0.6161,86.0,0.7268,89.0,,,0.7924,98.0
2011-10-13,0.834,88.0,0.7029,92.0,0.7186,88.0,,,0.7362,91.0,0.7454,85.0,0.6162,86.0,0.7362,91.0,,,0.8009,99.0
2011-10-12,0.8917,91.0,0.744,94.0,0.7206,89.0,,,0.7102,87.0,0.7464,85.0,0.6212,87.0,0.7581,93.0,,,0.8004,98.0
2011-10-11,0.9219,93.0,0.7676,96.0,0.7661,93.0,,,0.772,94.0,0.7464,85.0,0.6229,88.0,0.7699,94.0,,,0.8175,100.0
2011-10-10,0.9607,94.0,0.7767,96.0,0.7672,93.0,,,0.7732,94.0,0.7487,86.0,0.6239,88.0,0.7719,95.0,,,0.8265,100.0
2011-10-07,0.929,93.0,0.8413,98.0,0.7924,95.0,,,0.8155,97.0,0.7642,87.0,0.6298,90.0,0.8404,99.0,,,0.8283,100.0
2011-10-06,1.0183,96.0,0.8541,99.0,0.7778,94.0,,,0.8029,96.0,0.7733,89.0,0.6307,90.0,0.8307,99.0,,,0.8759,100.0
2011-10-05,0.9117,92.0,0.8422,98.0,0.8027,96.0,,,0.8774,99.0,0.7748,89.0,0.6338,91.0,0.828,98.0,,,0.8783,100.0
2011-10-04,0.5227,51.0,0.7429,94.0,0.8411,97.0,,,0.9671,99.0,0.7617,87.0,0.631,90.0,0.8103,97.0,,,0.8981,100.0
2011-10-03,0.5911,64.0,0.7263,93.0,0.8839,99.0,,,0.9219,99.0,0.7589,87.0,0.6288,90.0,0.9264,100.0,,,0.8633,100.0
2011-09-30,0.7091,79.0,0.7338,94.0,0.8718,98.0,,,0.8786,99.0,0.7586,87.0,0.6325,91.0,0.8463,99.0,,,0.8911,100.0
2011-09-29,0.7096,79.0,0.7387,94.0,0.8019,95.0,,,0.8442,98.0,0.7684,88.0,0.6351,92.0,0.8492,99.0,,,0.8341,100.0
2011-09-28,0.7809,85.0,0.6937,91.0,0.8233,97.0,,,0.8097,97.0,0.7786,89.0,0.6316,91.0,0.8678,100.0,,,0.8417,100.0
2011-09-27,0.7271,81.0,0.5889,80.0,0.7942,95.0,,,0.7901,96.0,0.7708,88.0,0.6267,89.0,0.8524,100.0,,,0.8385,100.0
2011-09-26,0.7163,80.0,0.56,76.0,0.8243,97.0,,,0.8289,98.0,0.7716,88.0,0.6247,89.0,0.8054,97.0,,,0.8586,100.0
2011-09-23,0.7008,78.0,0.5483,73.0,0.8372,97.0,,,0.8344,98.0,0.774,89.0,0.6239,88.0,0.8651,100.0,,,0.8307,100.0
2011-09-22,0.6155,67.0,0.5486,73.0,0.7447,92.0,,,0.7913,96.0,0.7667,88.0,0.6216,87.0,0.795,96.0,,,0.8252,100.0
2011-09-21,0.3206,13.0,0.5031,64.0,0.6937,85.0,,,0.6884,84.0,0.7546,86.0,0.6193,87.0,0.8002,97.0,,,0.7786,97.0
2011-09-20,0.5529,57.0,0.5521,74.0,0.6901,84.0,,,0.6633,80.0,0.7537,86.0,0.6175,86.0,0.7757,95.0,,,0.758,95.0
2011-09-19,0.5354,53.0,0.5344,71.0,0.7023,86.0,,,0.6852,83.0,0.7554,86.0,0.6162,86.0,0.7653,94.0,,,0.7798,97.0
2011-09-16,0.5407,54.0,0.5332,70.0,0.689,84.0,,,0.6683,81.0,0.7598,87.0,0.6199,87.0,0.7609,94.0,,,0.7698,96.0
2011-09-15,0.5388,54.0,0.5396,72.0,0.7274,90.0,,,0.6425,76.0,0.7598,87.0,0.6196,87.0,0.7624,94.0,,,0.7647,96.0
2011-09-14,0.5563,57.0,0.5867,80.0,0.7185,88.0,,,0.7143,88.0,0.7679,88.0,0.6197,87.0,0.7322,90.0,,,0.7593,95.0
2011-09-13,0.6134,67.0,0.5455,73.0,0.7409,91.0,,,0.7387,91.0,0.77,88.0,0.6172,86.0,0.792,96.0,,,0.7719,96.0
2011-09-12,0.5973,65.0,0.5412,72.0,0.8452,98.0,,,0.7998,96.0,0.7744,89.0,0.6184,86.0,0.757,93.0,,,0.82,100.0
2011-09-09,0.4146,30.0,0.4496,51.0,0.6737,81.0,,,0.6966,85.0,0.7651,87.0,0.6169,86.0,0.7884,96.0,,,0.7712,96.0
2011-09-08,0.4895,45.0,0.4563,53.0,0.6457,76.0,,,0.6352,75.0,0.7731,89.0,0.6184,86.0,0.7521,93.0,,,0.7639,95.0
2011-09-07,0.4897,45.0,0.4776,59.0,0.6333,74.0,,,0.6863,84.0,0.7731,89.0,0.6196,87.0,0.7471,92.0,,,0.7867,98.0
2011-09-06,0.5191,51.0,0.5049,65.0,0.687,84.0,,,0.7582,93.0,0.7734,89.0,0.6267,89.0,0.777,95.0,,,0.7884,98.0
2011-09-02,0.3661,20.0,0.5123,66.0,0.6042,67.0,,,0.612,70.0,0.7908,91.0,0.6266,89.0,0.7599,93.0,,,0.7743,96.0
2011-09-01,0.5851,63.0,0.572,78.0,0.6239,72.0,,,0.6353,75.0,0.7909,91.0,0.6276,89.0,0.7682,94.0,,,0.7735,96.0
2011-08-31,0.5954,64.0,0.5806,79.0,0.6342,74.0,,,0.6221,72.0,0.7909,91.0,0.6299,90.0,0.7599,93.0,,,0.7756,97.0
2011-08-30,0.6565,73.0,0.5914,81.0,0.6551,78.0,,,0.6142,70.0,0.7934,91.0,0.6304,90.0,0.769,94.0,,,0.7801,97.0
2011-08-29,0.6035,66.0,0.5791,79.0,0.6682,81.0,,,0.7193,88.0,0.7935,91.0,0.6305,90.0,0.7746,95.0,,,0.8055,99.0
2011-08-26,0.6272,69.0,0.6117,83.0,0.7194,89.0,,,0.7527,92.0,0.7937,91.0,0.6294,90.0,0.7382,91.0,,,0.8379,100.0
2011-08-25,0.6016,65.0,0.5916,81.0,0.769,94.0,,,0.7724,94.0,0.7924,91.0,0.6303,90.0,0.7995,97.0,,,0.7903,98.0
2011-08-24,0.64,71.0,0.5611,76.0,0.7529,92.0,,,0.774,95.0,0.7957,92.0,0.6275,89.0,0.782,95.0,,,0.8047,99.0
2011-08-23,0.6601,74.0,0.5413,72.0,0.7604,93.0,,,0.7582,93.0,0.7924,91.0,0.6242,88.0,0.8152,98.0,,,0.8132,99.0
2011-08-22,0.6728,75.0,0.5385,71.0,0.7803,94.0,,,0.7796,95.0,0.7948,91.0,0.6242,88.0,0.7908,96.0,,,0.8039,99.0
2011-08-19,0.6008,65.0,0.5557,75.0,0.8083,96.0,,,0.786,95.0,0.7999,93.0,0.629,90.0,0.8039,97.0,,,0.7892,98.0
2011-08-18,0.7811,85.0,0.7183,93.0,0.7805,94.0,,,0.8481,98.0,0.8024,93.0,0.6298,90.0,0.7903,96.0,,,0.7992,98.0
2011-08-17,0.7739,84.0,0.7143,93.0,0.6647,80.0,,,0.7071,87.0,0.8029,93.0,0.6278,89.0,0.7606,93.0,,,0.7641,96.0
2011-08-16,0.9117,92.0,0.7747,96.0,0.7917,95.0,,,0.7253,90.0,0.804,93.0,0.628,89.0,0.7749,95.0,,,0.7695,96.0
2011-08-15,0.8993,91.0,0.8465,98.0,0.7001,86.0,,,0.8094,97.0,0.8011,93.0,0.6264,89.0,0.7546,93.0,,,0.772,96.0
2011-08-12,1.0877,97.0,0.9799,100.0,0.8318,97.0,,,0.8091,97.0,0.796,92.0,0.6241,88.0,0.7878,96.0,,,0.7878,98.0
2011-08-11,1.1182,98.0,0.9822,100.0,0.9269,99.0,,,0.9182,99.0,0.7958,92.0,0.6236,88.0,0.7957,97.0,,,0.8208,100.0
2011-08-10,1.2098,99.0,0.9761,100.0,1.0019,100.0,,,1.0296,100.0,0.7945,91.0,0.6218,87.0,0.8338,99.0,,,0.8176,100.0
2011-08-09,1.0474,97.0,0.8676,99.0,0.8673,98.0,,,1.2161,100.0,0.7866,90.0,0.6127,85.0,0.7641,94.0,,,0.8359,100.0
2011-08-08,1.002,96.0,0.8388,98.0,1.0865,100.0,,,1.0876,100.0,0.7864,90.0,0.6111,85.0,0.8189,98.0,,,0.8071,99.0
2011-08-05,0.9578,94.0,0.7754,96.0,0.8388,97.0,,,0.8493,98.0,0.7814,89.0,0.6069,84.0,0.7538,93.0,,,0.753,94.0
2011-08-04,1.0054,96.0,0.7566,95.0,0.8674,98.0,,,0.7959,96.0,0.7794,89.0,0.5997,83.0,0.7146,87.0,,,0.661,75.0
2011-08-03,0.6139,67.0,0.5281,69.0,0.665,80.0,,,0.6519,78.0,0.754,86.0,0.5856,80.0,0.6612,74.0,,,0.6581,74.0
2011-08-02,0.5986,65.0,0.5205,68.0,0.6473,77.0,,,0.6348,75.0,0.7538,86.0,0.5855,80.0,0.6499,70.0,,,0.6683,77.0
2011-08-01,0.4339,34.0,0.4847,61.0,0.6471,76.0,,,0.6237,72.0,0.751,86.0,0.5875,81.0,0.6509,71.0,,,0.6388,68.0
2011-07-29,0.4174,31.0,0.4943,62.0,0.6331,74.0,,,0.6452,76.0,0.751,86.0,0.587,81.0,0.6423,68.0,,,0.6502,71.0
2011-07-28,0.5482,56.0,0.5609,76.0,0.6214,71.0,,,0.6226,72.0,0.7556,86.0,0.5878,81.0,0.6352,66.0,,,0.6562,73.0
2011-07-27,0.569,60.0,0.6113,83.0,0.6272,73.0,,,0.616,71.0,0.7554,86.0,0.5884,82.0,0.6351,66.0,,,0.6382,68.0
2011-07-26,0.6296,69.0,0.5276,69.0,0.6088,68.0,,,0.6163,71.0,0.7534,86.0,0.5868,81.0,0.6332,65.0,,,0.6309,65.0
2011-07-25,0.6012,65.0,0.529,70.0,0.6088,68.0,,,0.5881,64.0,0.7558,87.0,0.5925,82.0,0.628,63.0,,,0.6322,66.0
2011-07-22,0.5763,61.0,0.5409,72.0,0.5994,66.0,,,0.5966,66.0,0.7736,89.0,0.6006,83.0,0.6302,64.0,,,0.6292,65.0
2011-07-21,0.666,75.0,0.5736,78.0,0.5976,65.0,,,0.6027,68.0,0.7761,89.0,0.6014,83.0,0.6258,62.0,,,0.6338,67.0
2011-07-20,0.6235,68.0,0.6299,86.0,0.6123,69.0,,,0.6158,70.0,0.7765,89.0,0.6014,83.0,0.6295,64.0,,,0.6577,74.0
2011-07-19,0.764,84.0,0.5957,81.0,0.5778,60.0,,,0.6022,67.0,0.7778,89.0,0.5988,83.0,0.6608,74.0,,,0.6601,74.0
2011-07-18,0.6835,77.0,0.5338,70.0,0.6033,67.0,,,0.6294,74.0,0.7885,90.0,0.5998,83.0,0.6283,63.0,,,0.6728,78.0
2011-07-15,0.5581,57.0,0.5039,65.0,0.5811,61.0,,,0.6254,73.0,0.7812,89.0,0.6012,83.0,0.6286,64.0,,,0.6322,66.0
2011-07-14,0.5676,59.0,0.5017,64.0,0.5918,64.0,,,0.6147,70.0,0.7812,89.0,0.6018,84.0,0.6312,65.0,,,0.6365,67.0
2011-07-13,0.6921,77.0,0.5073,65.0,0.5561,53.0,,,0.6227,72.0,0.7835,90.0,0.6016,84.0,0.6365,66.0,,,0.6352,67.0
2011-07-12,0.6487,72.0,0.4738,57.0,0.5754,59.0,,,0.611,70.0,0.7847,90.0,0.6051,84.0,0.6399,67.0,,,0.6353,67.0
2011-07-11,0.6457,72.0,0.3558,21.0,0.6174,70.0,,,0.6125,70.0,0.7841,90.0,0.6013,83.0,0.6274,63.0,,,0.6281,64.0
2011-07-08,0.5077,48.0,0.3097,9.0,0.4631,21.0,,,0.5221,43.0,0.7885,90.0,0.6001,83.0,0.6261,63.0,,,0.6307,65.0
2011-07-07,0.4983,46.0,0.3249,12.0,0.5329,46.0,,,0.5675,57.0,0.7891,90.0,0.6009,83.0,0.6348,66.0,,,0.6287,64.0
2011-07-06,0.5934,64.0,0.3397,16.0,0.4596,20.0,,,0.5355,48.0,0.7893,90.0,0.6019,84.0,0.622,61.0,,,0.6348,67.0
2011-07-05,0.6535,73.0,0.3525,20.0,0.5086,37.0,,,0.5709,57.0,0.7971,92.0,0.6059,84.0,0.6353,66.0,,,0.6649,76.0
2011-07-01,0.3991,26.0,0.4146,41.0,0.5309,45.0,,,0.5057,37.0,0.7884,90.0,0.6067,84.0,0.648,70.0,,,0.6554,73.0
2011-06-30,0.3882,24.0,0.4368,48.0,0.5283,44.0,,,0.5296,46.0,0.7973,92.0,0.6156,86.0,0.6347,66.0,,,0.6453,70.0
2011-06-29,0.7329,82.0,0.5408,72.0,0.5549,53.0,,,0.545,51.0,0.8035,93.0,0.6214,87.0,0.6513,71.0,,,0.6563,73.0
2011-06-28,0.7316,81.0,0.5332,70.0,0.5704,57.0,,,0.5817,62.0,0.8051,94.0,0.6215,87.0,0.6448,69.0,,,0.6609,75.0
2011-06-27,0.7274,81.0,0.5344,71.0,0.5951,65.0,,,0.5929,65.0,0.8045,93.0,0.622,87.0,0.6599,74.0,,,0.6619,75.0
2011-06-24,0.7259,81.0,0.5572,75.0,0.5904,63.0,,,0.5935,65.0,0.8042,93.0,0.6224,88.0,0.6538,72.0,,,0.6547,73.0
2011-06-23,0.7209,80.0,0.5795,79.0,0.5683,57.0,,,0.5827,62.0,0.8194,96.0,0.6289,90.0,0.6545,72.0,,,0.6625,75.0
2011-06-22,0.7655,84.0,0.5494,73.0,0.5804,61.0,,,0.5771,60.0,0.82,96.0,0.6269,89.0,0.6552,72.0,,,0.6483,71.0
2011-06-21,0.9704,95.0,0.6311,86.0,0.5822,61.0,,,0.5861,63.0,0.8198,96.0,0.6261,89.0,0.65,70.0,,,0.6717,78.0
2011-06-20,0.7055,79.0,0.5563,75.0,0.6134,69.0,,,0.621,72.0,0.8074,94.0,0.6217,87.0,0.6685,76.0,,,0.6748,78.0
2011-06-17,0.8519,89.0,0.5901,80.0,0.6233,72.0,,,0.6451,76.0,0.8074,94.0,0.6219,87.0,0.6662,76.0,,,0.6876,81.0
2011-06-16,0.874,90.0,0.6034,82.0,0.6331,74.0,,,0.6953,85.0,0.8084,94.0,0.6222,88.0,0.679,79.0,,,0.7036,85.0
2011-06-15,0.8759,90.0,0.5883,80.0,0.65,77.0,,,0.6547,79.0,0.8083,94.0,0.6224,88.0,0.6756,78.0,,,0.6744,78.0
2011-06-14,0.8863,90.0,0.6123,83.0,0.5727,57.0,,,0.6314,74.0,0.8077,94.0,0.6219,87.0,0.6667,76.0,,,0.6824,80.0
2011-06-13,0.7568,83.0,0.5847,80.0,0.6625,79.0,,,0.6625,80.0,0.8122,95.0,0.627,89.0,0.6955,83.0,,,0.682,80.0
2011-06-10,0.6379,70.0,0.5155,67.0,0.5676,56.0,,,0.5743,60.0,0.8044,93.0,0.6227,88.0,0.6938,83.0,,,0.6804,80.0
2011-06-09,0.6404,71.0,0.5291,70.0,0.5544,52.0,,,0.6123,70.0,0.8058,94.0,0.6251,89.0,0.6819,79.0,,,0.6924,82.0
2011-06-08,0.4879,44.0,0.4924,62.0,0.6017,67.0,,,0.5892,64.0,0.802,93.0,0.6276,89.0,0.6887,81.0,,,0.6891,82.0
2011-06-07,0.5022,47.0,0.4609,54.0,0.6209,71.0,,,0.6638,80.0,0.7974,92.0,0.6271,89.0,0.6958,83.0,,,0.6936,83.0
2011-06-06,0.5029,47.0,0.4557,53.0,0.6774,82.0,,,0.6537,78.0,0.7997,93.0,0.6293,90.0,0.7025,84.0,,,0.6948,83.0
2011-06-03,0.4957,46.0,0.3932,34.0,0.6244,72.0,,,0.6466,77.0,0.8007,93.0,0.632,91.0,0.6922,82.0,,,0.7015,85.0
2011-06-02,0.6832,77.0,0.4324,47.0,0.6458,76.0,,,0.6241,72.0,0.8054,94.0,0.6339,91.0,0.6947,83.0,,,0.7048,86.0
2011-06-01,0.6356,70.0,0.3928,33.0,0.6197,71.0,,,0.632,74.0,0.804,93.0,0.6323,91.0,0.6865,81.0,,,0.686,81.0
2011-05-31,0.4786,42.0,0.4138,40.0,0.5982,66.0,,,0.6376,75.0,0.8012,93.0,0.6311,90.0,0.688,81.0,,,0.7061,86.0
2011-05-27,0.5537,57.0,0.428,45.0,0.602,67.0,,,0.6452,76.0,0.8026,93.0,0.6315,91.0,0.6865,81.0,,,0.7012,85.0
2011-05-26,0.5697,60.0,0.4536,52.0,0.6279,73.0,,,0.641,76.0,0.8047,93.0,0.6331,91.0,0.7007,84.0,,,0.7092,86.0
2011-05-25,0.5999,65.0,0.5005,64.0,0.645,76.0,,,0.6563,79.0,0.805,93.0,0.6328,91.0,0.7053,85.0,,,0.7013,85.0
2011-05-24,0.7062,79.0,0.5722,78.0,0.6694,81.0,,,0.6645,80.0,0.8068,94.0,0.6333,91.0,0.7025,84.0,,,0.7279,90.0
2011-05-23,0.5376,54.0,0.6153,84.0,0.7279,90.0,,,0.7226,89.0,0.7995,92.0,0.6315,91.0,0.7154,87.0,,,0.7069,86.0
2011-05-20,0.5856,63.0,0.7188,93.0,0.7114,87.0,,,0.7335,90.0,0.7995,92.0,0.6314,90.0,0.7117,86.0,,,0.7318,90.0
2011-05-19,0.7143,80.0,0.7441,94.0,0.7186,88.0,,,0.7638,93.0,0.8012,93.0,0.6306,90.0,0.7201,88.0,,,0.723,89.0
2011-05-18,0.7201,80.0,0.7365,94.0,0.6806,83.0,,,0.7429,91.0,0.8038,93.0,0.634,91.0,0.7169,87.0,,,0.7275,90.0
2011-05-17,0.8646,89.0,0.7387,94.0,0.7471,92.0,,,0.765,94.0,0.8055,94.0,0.6332,91.0,0.7265,89.0,,,0.7346,91.0
2011-05-16,1.019,96.0,0.7977,97.0,0.6886,84.0,,,0.8107,97.0,0.8065,94.0,0.6318,91.0,0.7249,89.0,,,0.7132,87.0
2011-05-13,1.1156,98.0,0.8204,98.0,0.7273,90.0,,,0.7539,92.0,0.804,93.0,0.633,91.0,0.7034,85.0,,,0.7133,87.0
2011-05-12,1.0976,98.0,0.8048,97.0,0.7463,92.0,,,0.7851,95.0,0.8033,93.0,0.6305,90.0,0.7062,85.0,,,0.7139,87.0
2011-05-11,1.1342,98.0,0.7472,95.0,0.7623,93.0,,,0.7567,93.0,0.8061,94.0,0.625,89.0,0.7079,85.0,,,0.7005,84.0
2011-05-10,1.2297,99.0,0.756,95.0,0.7249,89.0,,,0.735,91.0,0.7957,92.0,0.6215,87.0,0.7244,89.0,,,0.6876,81.0
2011-05-09,1.2292,99.0,0.7563,95.0,0.7494,92.0,,,0.7704,94.0,0.7962,92.0,0.6248,89.0,0.7167,87.0,,,0.7262,89.0
2011-05-06,1.0641,97.0,0.7757,96.0,0.7808,95.0,,,0.7942,96.0,0.8026,93.0,0.642,93.0,0.7115,86.0,,,0.7164,88.0
2011-05-05,1.0971,98.0,0.7609,95.0,0.8515,98.0,,,0.8371,98.0,0.8074,94.0,0.6406,93.0,0.7333,90.0,,,0.7198,88.0
2011-05-04,1.082,97.0,0.683,90.0,0.8454,98.0,,,0.8044,97.0,0.7982,92.0,0.6409,93.0,0.7103,86.0,,,0.7532,94.0
2011-05-03,1.0093,96.0,0.7109,92.0,0.8004,95.0,,,0.823,98.0,0.8111,95.0,0.6393,93.0,0.7343,90.0,,,0.7376,92.0
2011-05-02,1.0119,96.0,0.6841,90.0,0.8045,96.0,,,0.7794,95.0,0.8067,94.0,0.6423,93.0,0.723,89.0,,,0.7055,86.0
2011-04-29,0.9152,92.0,0.6144,84.0,0.7369,91.0,,,0.733,90.0,0.7951,91.0,0.6542,95.0,0.7149,87.0,,,0.6996,84.0
2011-04-28,0.9181,92.0,0.621,84.0,0.7372,91.0,,,0.735,91.0,0.7955,92.0,0.6541,95.0,0.7176,88.0,,,0.697,83.0
2011-04-27,0.8962,91.0,0.6804,90.0,0.7188,89.0,,,0.7416,91.0,0.7913,91.0,0.6525,95.0,0.7043,85.0,,,0.7017,85.0
2011-04-26,0.5988,65.0,0.6223,85.0,0.7643,93.0,,,0.7492,92.0,0.7837,90.0,0.6471,94.0,0.7097,86.0,,,0.6984,84.0
2011-04-25,0.5744,60.0,0.6537,88.0,0.7454,92.0,,,0.7512,92.0,0.7765,89.0,0.6466,94.0,0.6882,81.0,,,0.6395,68.0
2011-04-21,0.8354,88.0,0.6728,89.0,0.702,86.0,,,0.7112,87.0,0.7718,88.0,0.6429,93.0,0.6803,79.0,,,0.656,73.0
2011-04-20,1.0793,97.0,0.7592,95.0,0.6989,86.0,,,0.7231,89.0,0.7838,90.0,0.6464,94.0,0.6599,74.0,,,0.671,77.0
2011-04-19,1.1635,98.0,0.8436,98.0,0.7379,91.0,,,0.7866,95.0,0.7828,90.0,0.6471,94.0,0.6563,72.0,,,0.6906,82.0
2011-04-18,1.1647,98.0,0.9059,99.0,0.7437,92.0,,,0.7565,93.0,0.783,90.0,0.6478,95.0,0.6807,79.0,,,0.6898,82.0
2011-04-15,1.1508,98.0,0.8499,98.0,0.7599,93.0,,,0.7522,92.0,0.7807,89.0,0.6426,93.0,0.6713,77.0,,,0.6499,71.0
2011-04-14,1.1504,98.0,0.8955,99.0,0.741,91.0,,,0.7431,92.0,0.7949,91.0,0.6431,94.0,0.6529,71.0,,,0.6655,76.0
2011-04-13,1.2577,99.0,0.9234,99.0,0.7661,93.0,,,0.7429,91.0,0.7946,91.0,0.6408,93.0,0.6647,75.0,,,0.6824,80.0
2011-04-12,1.1465,98.0,0.8646,99.0,0.8434,97.0,,,0.7787,95.0,0.7824,90.0,0.6357,92.0,0.6663,76.0,,,0.6416,69.0
2011-04-11,0.9599,94.0,0.8008,97.0,0.6466,76.0,,,0.6738,82.0,0.7683,88.0,0.6294,90.0,0.611,57.0,,,0.6213,61.0
2011-04-08,0.7229,81.0,0.7115,92.0,0.633,74.0,,,0.6059,68.0,0.7574,87.0,0.6234,88.0,0.6244,62.0,,,0.6271,64.0
2011-04-07,0.6158,67.0,0.6271,85.0,0.6503,77.0,,,0.683,83.0,0.7559,87.0,0.6182,86.0,0.6119,57.0,,,0.6181,60.0
2011-04-06,0.5838,62.0,0.6053,83.0,0.635,74.0,,,0.6473,77.0,0.7557,87.0,0.617,86.0,0.6081,56.0,,,0.6137,57.0
2011-04-05,0.607,66.0,0.4964,63.0,0.5769,59.0,,,0.555,54.0,0.7555,86.0,0.6112,85.0,0.5451,24.0,,,0.5971,50.0
2011-04-04,0.5542,57.0,0.394,34.0,0.4684,22.0,,,0.566,57.0,0.749,86.0,0.6086,85.0,0.5247,15.0,,,0.5705,33.0
2011-04-01,0.3733,22.0,0.3765,28.0,0.4955,32.0,,,0.5172,41.0,0.7419,84.0,0.6086,85.0,0.5407,22.0,,,0.6001,52.0
2011-03-31,0.4514,38.0,0.4428,50.0,0.5208,41.0,,,0.5482,52.0,0.7469,85.0,0.6083,84.0,0.559,30.0,,,0.573,35.0
2011-03-30,0.4929,45.0,0.4474,51.0,0.4559,19.0,,,0.5963,66.0,0.7484,85.0,0.6084,85.0,0.5533,27.0,,,0.5941,49.0
2011-03-29,0.6262,69.0,0.4576,54.0,0.5288,44.0,,,0.5849,63.0,0.747,85.0,0.6088,85.0,0.5895,48.0,,,0.5935,48.0
2011-03-28,0.6424,71.0,0.4542,52.0,0.5369,47.0,,,0.5486,52.0,0.747,85.0,0.6092,85.0,0.5853,45.0,,,0.596,50.0
2011-03-25,0.5894,63.0,0.4827,60.0,0.5366,47.0,,,0.4847,30.0,0.7462,85.0,0.609,85.0,0.5923,49.0,,,0.5783,39.0
2011-03-24,0.5089,49.0,0.5388,71.0,0.5937,64.0,,,0.6001,67.0,0.7456,85.0,0.6117,85.0,0.5937,50.0,,,0.6001,52.0
2011-03-23,0.9305,93.0,0.5769,78.0,0.5654,56.0,,,0.5595,55.0,0.7451,85.0,0.6113,85.0,0.6059,55.0,,,0.5974,50.0
2011-03-22,0.9007,91.0,0.5275,69.0,0.6085,68.0,,,0.589,64.0,0.7429,85.0,0.6072,84.0,0.6274,63.0,,,0.6022,53.0
2011-03-21,0.8747,90.0,0.6704,89.0,0.5944,65.0,,,0.6401,75.0,0.7422,84.0,0.6071,84.0,0.6106,57.0,,,0.6446,70.0
2011-03-18,1.1061,98.0,0.7042,92.0,0.6397,75.0,,,0.6458,77.0,0.7359,83.0,0.6061,84.0,0.6089,56.0,,,0.6181,60.0
2011-03-17,1.0285,96.0,0.7251,93.0,0.6853,84.0,,,0.6862,84.0,0.7334,83.0,0.6092,85.0,0.5887,47.0,,,0.6527,72.0
2011-03-16,0.9078,92.0,0.7403,94.0,0.7471,92.0,,,0.7565,93.0,0.7358,83.0,0.6105,85.0,0.6893,82.0,,,0.6403,69.0
2011-03-15,0.9835,95.0,0.7089,92.0,0.6859,84.0,,,0.7414,91.0,0.7361,83.0,0.6081,84.0,0.6444,68.0,,,0.686,81.0
2011-03-14,0.9472,94.0,0.6908,91.0,0.6807,83.0,,,0.7231,89.0,0.7246,81.0,0.6066,84.0,0.5857,46.0,,,0.6009,52.0
2011-03-11,0.9499,94.0,0.6665,89.0,0.7541,93.0,,,0.6405,76.0,0.7249,81.0,0.6062,84.0,0.6242,62.0,,,0.6159,59.0
2011-03-10,0.94,93.0,0.5788,79.0,0.779,94.0,,,0.5315,47.0,0.729,82.0,0.5996,83.0,0.644,68.0,,,0.6068,55.0
2011-03-09,0.5203,51.0,0.5328,70.0,0.6145,70.0,,,0.569,57.0,0.7048,78.0,0.5964,83.0,0.6394,67.0,,,0.6279,64.0
2011-03-08,0.4455,36.0,0.502,64.0,0.4445,16.0,,,0.575,60.0,0.7063,78.0,0.5959,83.0,0.6793,79.0,,,0.7083,86.0
2011-03-07,0.4331,34.0,0.459,54.0,0.626,72.0,,,0.5612,56.0,0.7088,79.0,0.5951,83.0,0.6515,71.0,,,0.631,65.0
