date,hv10,hv10_rank,phv10,phv10_rank,ivcall10,ivcall10_rank,ivmean10,ivmean10_rank,ivput10,ivput10_rank,hv180,hv180_rank,phv180,phv180_rank,ivcall1080,ivcall1080_rank,ivmean1080,ivmean1080_rank,ivput1080,ivput1080_rank
2025-07-21,0.4821,82.0,0.404,75.0,0.5552,49.0,0.5426,48.0,0.5299,49.0,0.3838,45.0,0.371,57.0,0.4538,34.0,0.4749,46.0,0.496,57.0
2025-07-18,0.4195,77.0,0.4045,75.0,0.5525,49.0,0.4996,35.0,0.4468,26.0,0.3816,44.0,0.3708,57.0,0.494,52.0,0.4959,56.0,0.4978,59.0
2025-07-17,0.3188,57.0,0.3214,55.0,0.5487,48.0,0.5224,42.0,0.496,41.0,0.3757,43.0,0.3657,55.0,0.4208,23.0,0.4534,34.0,0.4861,54.0
2025-07-16,0.2628,42.0,0.3328,59.0,0.7149,80.0,0.6212,67.0,0.5274,48.0,0.3745,43.0,0.3685,57.0,0.4667,39.0,0.478,47.0,0.4892,55.0
2025-07-15,0.2426,34.0,0.3492,64.0,0.5561,50.0,0.4852,30.0,0.4142,18.0,0.3826,45.0,0.3748,59.0,0.483,46.0,0.4486,32.0,0.4142,22.0
2025-07-14,0.1881,16.0,0.3209,55.0,0.4817,28.0,0.4678,25.0,0.454,28.0,0.381,44.0,0.3739,59.0,0.4545,34.0,0.4542,35.0,0.454,40.0
2025-07-11,0.1722,13.0,0.3145,53.0,0.4675,26.0,0.4445,18.0,0.4215,19.0,0.3859,45.0,0.3763,60.0,0.4423,30.0,0.4319,26.0,0.4215,25.0
2025-07-09,0.1999,21.0,0.3783,71.0,0.7016,78.0,0.5774,57.0,0.4531,28.0,0.3894,46.0,0.3792,61.0,0.477,44.0,0.465,41.0,0.4531,39.0
2025-07-08,0.2346,32.0,0.3641,68.0,0.4717,27.0,0.4242,13.0,0.3768,9.0,0.3913,47.0,0.3799,61.0,0.4799,45.0,0.4507,33.0,0.4215,25.0
2025-07-07,0.199,20.0,0.361,67.0,0.5239,41.0,0.4778,28.0,0.4317,22.0,0.3903,46.0,0.3797,61.0,0.4563,34.0,0.444,31.0,0.4317,28.0
2025-07-03,0.3019,54.0,0.3783,71.0,0.5634,51.0,0.5104,38.0,0.4574,28.0,0.3899,46.0,0.381,62.0,0.4574,35.0,0.4574,36.0,0.4574,41.0
2025-07-02,0.3233,59.0,0.3635,68.0,0.4505,23.0,0.7774,89.0,1.1042,98.0,0.3904,46.0,0.3802,61.0,0.4463,31.0,0.4558,35.0,0.4654,45.0
2025-07-01,0.3131,57.0,0.3584,66.0,0.8894,92.0,0.993,97.0,1.0967,98.0,0.3902,46.0,0.3803,61.0,0.4545,34.0,0.4596,38.0,0.4647,45.0
2025-06-30,0.2915,51.0,0.3367,60.0,0.4667,26.0,0.458,22.0,0.4492,26.0,0.3904,46.0,0.3762,60.0,0.4667,39.0,0.458,37.0,0.4492,37.0
2025-06-27,0.2863,50.0,0.3383,61.0,0.4561,24.0,0.45,19.0,0.4438,25.0,0.3905,46.0,0.3764,60.0,0.4561,34.0,0.45,33.0,0.4438,35.0
2025-06-26,0.277,47.0,0.3352,60.0,0.4108,14.0,0.5861,60.0,0.7614,87.0,0.3905,46.0,0.3763,60.0,0.4881,49.0,0.4658,41.0,0.4436,35.0
2025-06-25,0.3084,56.0,0.3215,55.0,0.5494,48.0,0.6324,69.0,0.7154,82.0,0.3912,47.0,0.3772,60.0,0.4534,34.0,0.4445,31.0,0.4356,32.0
2025-06-24,0.2223,28.0,0.2753,35.0,0.459,24.0,0.4714,26.0,0.4838,36.0,0.3863,45.0,0.3759,60.0,0.5607,79.0,0.5222,69.0,0.4838,53.0
2025-06-23,0.2691,44.0,0.2834,39.0,0.4608,25.0,0.6612,74.0,0.8617,93.0,0.3863,45.0,0.3774,60.0,0.4289,26.0,0.4598,38.0,0.4908,56.0
2025-06-20,0.2894,50.0,0.3111,51.0,0.4782,28.0,0.4718,27.0,0.4653,31.0,0.3861,45.0,0.3785,61.0,0.4357,28.0,0.4505,33.0,0.4653,45.0
2025-06-18,0.2897,50.0,0.2431,19.0,0.4564,24.0,0.4671,25.0,0.4778,35.0,0.3867,46.0,0.3784,61.0,0.409,20.0,0.4132,20.0,0.4174,24.0
2025-06-17,0.3414,64.0,0.253,24.0,0.4563,24.0,0.4531,20.0,0.4499,27.0,0.3866,46.0,0.3792,61.0,0.4808,46.0,0.5016,59.0,0.5225,68.0
2025-06-16,0.3483,66.0,0.2518,23.0,0.4359,20.0,0.4658,25.0,0.4958,41.0,0.3887,46.0,0.3805,61.0,0.4316,27.0,0.4848,51.0,0.5379,73.0
2025-06-13,0.3591,68.0,0.2642,30.0,0.4648,25.0,0.6269,68.0,0.789,89.0,0.3944,47.0,0.3867,64.0,0.4648,39.0,0.4925,54.0,0.5202,67.0
2025-06-12,0.3242,59.0,0.276,35.0,0.4508,23.0,0.4836,30.0,0.5164,46.0,0.3951,47.0,0.3873,64.0,0.4234,24.0,0.4699,43.0,0.5164,66.0
2025-06-11,0.3444,65.0,0.2958,45.0,0.5599,51.0,0.5244,42.0,0.489,39.0,0.3942,47.0,0.3869,64.0,0.4992,54.0,0.5014,59.0,0.5036,62.0
2025-06-10,0.2677,44.0,0.2839,39.0,0.5488,48.0,0.6288,68.0,0.7089,81.0,0.392,47.0,0.3857,63.0,0.4233,24.0,0.4854,51.0,0.5475,76.0
2025-06-09,0.2664,43.0,0.2894,42.0,0.5346,44.0,0.6445,72.0,0.7544,86.0,0.3915,47.0,0.3853,63.0,0.4099,20.0,0.464,40.0,0.5181,67.0
2025-06-06,0.2446,34.0,0.2837,39.0,0.6505,71.0,0.6497,72.0,0.6489,73.0,0.3896,46.0,0.3848,63.0,0.4247,25.0,0.4743,45.0,0.5238,69.0
2025-06-05,0.2355,32.0,0.2866,41.0,0.5586,50.0,0.5394,46.0,0.5203,47.0,0.3886,46.0,0.3849,63.0,0.431,27.0,0.4667,42.0,0.5024,61.0
2025-06-04,0.3245,59.0,0.298,46.0,0.5635,51.0,0.6332,69.0,0.703,80.0,0.3887,46.0,0.3846,63.0,0.4702,41.0,0.4855,51.0,0.5007,61.0
2025-06-03,0.3101,56.0,0.2979,46.0,0.432,19.0,0.4652,24.0,0.4983,42.0,0.3894,46.0,0.3846,63.0,0.421,24.0,0.467,42.0,0.5131,65.0
2025-06-02,0.2961,52.0,0.2685,32.0,0.3732,8.0,0.4272,13.0,0.4811,36.0,0.3882,46.0,0.3843,63.0,0.4599,36.0,0.4806,48.0,0.5013,61.0
2025-05-30,0.3858,72.0,0.2645,30.0,0.4599,24.0,0.4318,14.0,0.4038,15.0,0.388,46.0,0.3837,62.0,0.4441,31.0,0.4803,48.0,0.5166,66.0
2025-05-29,0.3884,73.0,0.2548,25.0,0.4375,20.0,0.4671,25.0,0.4967,41.0,0.3898,46.0,0.3838,63.0,0.4165,22.0,0.4678,42.0,0.519,67.0
2025-05-28,0.3835,72.0,0.2506,23.0,0.4867,31.0,0.4844,30.0,0.4821,36.0,0.3888,46.0,0.3835,62.0,0.5339,71.0,0.5146,66.0,0.4952,57.0
2025-05-27,0.3873,73.0,0.2587,27.0,0.4216,16.0,0.4472,19.0,0.4727,33.0,0.3892,46.0,0.3849,63.0,0.476,44.0,0.4844,50.0,0.4928,57.0
2025-05-23,0.389,73.0,0.3179,54.0,0.4676,26.0,0.4901,32.0,0.5126,46.0,0.385,45.0,0.3839,63.0,0.4488,32.0,0.4807,48.0,0.5126,65.0
2025-05-22,0.4299,78.0,0.3163,54.0,0.5169,39.0,0.514,39.0,0.511,45.0,0.3849,45.0,0.3835,62.0,0.5363,72.0,0.5192,68.0,0.502,61.0
2025-05-21,0.4481,79.0,0.3237,56.0,0.5877,57.0,0.5058,37.0,0.424,20.0,0.3855,45.0,0.3842,63.0,0.5425,74.0,0.4832,50.0,0.424,26.0
2025-05-20,0.3719,70.0,0.3398,61.0,0.3567,7.0,0.469,26.0,0.5814,62.0,0.3828,45.0,0.384,63.0,0.3984,17.0,0.4244,24.0,0.4504,38.0
2025-05-19,0.4032,75.0,0.4182,77.0,0.4638,25.0,0.4189,12.0,0.374,9.0,0.3822,44.0,0.3839,63.0,0.4502,33.0,0.461,38.0,0.4717,48.0
2025-05-16,0.4054,75.0,0.4802,86.0,0.3949,11.0,,,,,0.3823,44.0,0.3846,63.0,0.45,33.0,,,,
2025-05-15,0.4075,76.0,0.4794,86.0,0.4821,28.0,0.4692,26.0,0.4562,28.0,0.3804,44.0,0.3844,63.0,0.4642,38.0,0.4602,38.0,0.4562,41.0
2025-05-14,0.4073,76.0,0.4677,85.0,0.5112,38.0,0.4752,28.0,0.4391,24.0,0.3789,43.0,0.3837,62.0,0.4784,45.0,0.4588,37.0,0.4391,33.0
2025-05-13,0.4442,79.0,0.4788,86.0,0.5402,46.0,0.484,30.0,0.4278,21.0,0.3784,43.0,0.3839,63.0,0.5019,56.0,0.4648,40.0,0.4278,27.0
2025-05-12,0.4598,80.0,0.4746,86.0,0.473,27.0,0.4696,26.0,0.4661,31.0,0.3783,43.0,0.3845,63.0,0.4552,34.0,0.4606,38.0,0.4661,45.0
2025-05-09,0.4787,82.0,0.4668,85.0,0.4861,31.0,0.4735,27.0,0.4609,30.0,0.385,45.0,0.3881,64.0,0.4526,33.0,0.4568,36.0,0.4609,43.0
2025-05-08,0.458,80.0,0.3998,75.0,0.6725,74.0,0.5622,54.0,0.452,27.0,0.4344,63.0,0.3881,64.0,0.4779,45.0,0.465,41.0,0.452,39.0
2025-05-07,0.4552,80.0,0.3204,55.0,0.5401,46.0,0.515,40.0,0.4898,39.0,0.4379,64.0,0.3849,63.0,0.4681,40.0,0.479,48.0,0.4898,55.0
2025-05-06,0.4324,78.0,0.3092,51.0,0.4924,32.0,0.4748,27.0,0.4573,28.0,0.4373,64.0,0.3849,63.0,0.4914,50.0,0.4744,45.0,0.4573,41.0
2025-05-05,0.2622,42.0,0.2538,25.0,0.4451,22.0,0.516,40.0,0.5869,63.0,0.4326,63.0,0.3826,62.0,0.4277,26.0,0.4616,39.0,0.4954,57.0
2025-05-02,0.2393,33.0,0.2389,17.0,0.4695,27.0,0.4926,32.0,0.5157,46.0,0.43,62.0,0.3813,62.0,0.489,49.0,0.4818,49.0,0.4746,49.0
2025-05-01,0.2351,32.0,0.292,43.0,0.5569,50.0,0.5264,43.0,0.496,41.0,0.4282,61.0,0.3815,62.0,0.4897,50.0,0.4718,44.0,0.4538,40.0
2025-04-30,0.2006,21.0,0.297,45.0,0.5049,36.0,0.5065,37.0,0.5081,44.0,0.4275,61.0,0.381,62.0,0.4582,36.0,0.46,38.0,0.4617,44.0
2025-04-29,0.1902,17.0,0.306,49.0,0.8588,91.0,0.6886,78.0,0.5184,47.0,0.4275,61.0,0.3807,61.0,0.4613,37.0,0.4559,35.0,0.4505,38.0
2025-04-28,0.1951,19.0,0.3108,51.0,0.5864,57.0,0.5532,51.0,0.52,47.0,0.4292,62.0,0.381,62.0,0.4632,38.0,0.4689,43.0,0.4746,49.0
2025-04-25,0.2671,44.0,0.3511,64.0,0.487,31.0,0.5087,37.0,0.5303,49.0,0.4295,62.0,0.381,62.0,0.4615,37.0,0.4857,51.0,0.5099,64.0
2025-04-24,0.3688,70.0,0.4083,76.0,0.5638,52.0,0.5682,55.0,0.5727,60.0,0.4293,62.0,0.3819,62.0,0.4902,50.0,0.487,52.0,0.4839,53.0
2025-04-23,0.345,65.0,0.4085,76.0,1.1452,98.0,0.854,94.0,0.5628,57.0,0.4275,61.0,0.3813,62.0,0.5457,75.0,0.5259,70.0,0.5061,63.0
2025-04-22,0.3757,71.0,0.3879,72.0,0.6082,62.0,0.596,62.0,0.5837,63.0,0.4273,61.0,0.379,61.0,0.496,53.0,0.5081,62.0,0.5202,67.0
2025-04-21,0.5529,87.0,0.5021,89.0,0.664,73.0,0.6642,75.0,0.6643,76.0,0.426,60.0,0.3785,61.0,0.5698,81.0,0.5549,78.0,0.54,74.0
2025-04-17,0.6971,93.0,0.5824,95.0,0.8051,87.0,0.7269,83.0,0.6487,73.0,0.4276,61.0,0.3785,61.0,0.5644,80.0,0.5414,74.0,0.5183,67.0
2025-04-16,0.7389,94.0,0.642,96.0,0.916,94.0,0.9125,95.0,0.909,94.0,0.427,61.0,0.3793,61.0,0.4824,46.0,0.4942,55.0,0.5061,63.0
2025-04-15,0.7992,95.0,0.6432,96.0,0.7936,87.0,0.643,71.0,0.4924,40.0,0.4296,62.0,0.3777,60.0,0.5516,76.0,0.496,56.0,0.4405,34.0
2025-04-14,0.788,95.0,0.613,96.0,0.7439,83.0,0.6504,72.0,0.557,57.0,0.4272,61.0,0.3745,59.0,0.5574,78.0,0.5493,76.0,0.5412,74.0
2025-04-11,0.7661,95.0,0.6205,96.0,0.5276,42.0,0.5562,52.0,0.5848,63.0,0.4306,62.0,0.3746,59.0,0.5315,70.0,0.5491,76.0,0.5667,81.0
2025-04-10,0.695,93.0,0.6286,96.0,0.5503,48.0,,,0.5871,63.0,0.4307,62.0,0.374,59.0,0.5615,79.0,,,0.5612,80.0
2025-04-09,0.6246,91.0,0.5441,93.0,0.6674,73.0,,,0.733,84.0,0.4205,57.0,0.3655,54.0,0.4927,51.0,,,0.5214,68.0
2025-04-08,0.4175,77.0,0.4662,85.0,0.8238,89.0,,,0.532,49.0,0.41,53.0,0.3589,52.0,0.52,65.0,,,0.5142,65.0
2025-04-07,0.3939,74.0,0.3758,70.0,0.4477,22.0,,,1.0421,97.0,0.4048,51.0,0.3532,50.0,0.4426,30.0,,,0.4913,56.0
2025-04-04,0.2661,43.0,0.338,61.0,0.531,43.0,,,0.7033,80.0,0.3964,47.0,0.3509,49.0,0.4623,37.0,,,0.5131,65.0
2025-04-03,0.2494,36.0,0.3324,59.0,0.3953,11.0,,,0.632,71.0,0.3959,47.0,0.3503,49.0,0.4085,20.0,,,0.4578,42.0
2025-04-02,0.228,30.0,0.3139,53.0,0.4266,17.0,,,0.4608,30.0,0.3953,47.0,0.3492,48.0,0.4205,23.0,,,0.4608,43.0
2025-04-01,0.2097,24.0,0.2767,36.0,0.5213,41.0,,,0.5765,61.0,0.3979,48.0,0.3491,48.0,0.4279,26.0,,,0.4631,44.0
2025-03-31,0.1339,5.0,0.26,28.0,0.5212,40.0,,,0.7216,82.0,0.3969,48.0,0.3482,48.0,0.3973,16.0,,,0.4807,51.0
2025-03-28,0.0909,2.0,0.2316,14.0,0.4115,14.0,,,0.4515,27.0,0.396,47.0,0.3471,47.0,0.4115,21.0,,,0.4515,38.0
2025-03-27,0.1194,3.0,0.2457,21.0,0.3978,12.0,,,0.548,54.0,0.3961,47.0,0.3473,47.0,0.4246,25.0,,,0.548,76.0
2025-03-25,0.257,39.0,0.2852,40.0,0.4145,15.0,,,0.4454,26.0,0.3983,48.0,0.3473,47.0,0.4277,26.0,,,0.4454,36.0
2025-03-24,0.246,35.0,0.2765,36.0,0.4774,28.0,,,0.5041,43.0,0.3994,48.0,0.3477,48.0,0.4062,19.0,,,0.4254,26.0
2025-03-21,0.2571,39.0,0.2979,46.0,0.5108,38.0,,,0.471,32.0,0.3993,48.0,0.3478,48.0,0.3949,15.0,,,0.4365,32.0
2025-03-20,0.3909,73.0,0.3324,59.0,0.5821,56.0,,,0.529,49.0,0.3989,48.0,0.3482,48.0,0.411,20.0,,,0.4321,28.0
2025-03-19,0.4649,81.0,0.3531,65.0,0.42,16.0,,,0.5506,55.0,0.3991,48.0,0.3484,48.0,0.4187,23.0,,,0.4441,35.0
2025-03-18,0.4437,79.0,0.3659,68.0,0.6688,73.0,,,0.4876,38.0,0.3998,48.0,0.3491,48.0,0.4336,27.0,,,0.4167,23.0
2025-03-17,0.4649,81.0,0.3925,73.0,0.5129,38.0,,,0.4378,23.0,0.3999,49.0,0.3494,48.0,0.4575,35.0,,,0.4378,32.0
2025-03-14,0.383,72.0,0.3873,72.0,0.4914,32.0,,,0.4217,19.0,0.3955,47.0,0.3476,48.0,0.4279,26.0,,,0.4442,35.0
2025-03-13,0.3828,72.0,0.4008,75.0,0.5674,53.0,,,0.5095,45.0,0.3981,48.0,0.3478,48.0,0.4732,42.0,,,0.4363,32.0
2025-03-12,0.3873,73.0,0.4111,76.0,0.6343,68.0,,,0.5411,52.0,0.4015,49.0,0.3484,48.0,0.5022,56.0,,,0.4399,33.0
2025-03-11,0.3652,69.0,0.4601,84.0,0.5729,54.0,,,0.4392,24.0,0.3993,48.0,0.347,47.0,0.4387,28.0,,,0.4064,19.0
2025-03-10,0.6745,93.0,0.5845,95.0,0.4874,31.0,,,0.4612,30.0,0.3962,47.0,0.3463,47.0,0.4232,24.0,,,0.4612,44.0
2025-03-06,0.6617,92.0,0.5649,94.0,0.5025,35.0,,,0.5306,49.0,0.3954,47.0,0.3437,47.0,0.4547,34.0,,,0.4152,23.0
2025-03-05,0.6393,91.0,0.5475,93.0,0.4215,16.0,,,0.47,32.0,0.397,48.0,0.3437,47.0,0.4335,27.0,,,0.418,24.0
2025-03-04,0.6826,93.0,0.5615,94.0,0.5883,57.0,,,0.4478,26.0,0.396,47.0,0.3425,47.0,0.3856,13.0,,,0.401,17.0
2025-03-03,0.6775,93.0,0.5428,92.0,0.3705,8.0,,,0.4422,25.0,0.3985,48.0,0.3416,47.0,0.3729,9.0,,,0.3964,16.0
2025-02-28,0.6797,93.0,0.4722,85.0,0.5008,35.0,,,0.3798,10.0,0.3965,47.0,0.3359,44.0,0.4115,21.0,,,0.3798,10.0
2025-02-27,0.285,49.0,0.2821,39.0,0.6184,64.0,,,0.69,78.0,0.371,42.0,0.323,39.0,0.3784,10.0,,,0.3918,14.0
2025-02-26,0.2903,51.0,0.3104,51.0,0.6777,75.0,,,0.6619,75.0,0.3706,42.0,0.3226,39.0,0.3737,9.0,,,0.4116,21.0
2025-02-25,0.284,49.0,0.3022,48.0,0.6481,70.0,,,0.6786,77.0,0.3696,41.0,0.3213,38.0,0.39,14.0,,,0.3989,17.0
2025-02-24,0.2763,46.0,0.2975,45.0,0.5463,47.0,,,0.6668,76.0,0.3697,41.0,0.3213,38.0,0.3809,11.0,,,0.415,22.0
2025-02-21,0.1905,17.0,0.2461,21.0,0.762,84.0,,,0.3532,6.0,0.3672,40.0,0.3188,35.0,0.4507,33.0,,,0.3846,12.0
2025-02-20,0.1911,17.0,0.2478,22.0,0.5531,49.0,,,0.4516,27.0,0.3675,40.0,0.3185,35.0,0.469,40.0,,,0.3737,9.0
2025-02-19,0.1847,16.0,0.2551,25.0,0.5743,54.0,,,0.435,23.0,0.3687,41.0,0.319,35.0,0.4581,35.0,,,0.3808,11.0
2025-02-18,0.1228,4.0,0.253,24.0,0.5843,57.0,,,0.5527,55.0,0.3683,41.0,0.3198,36.0,0.4464,31.0,,,0.4058,19.0
2025-02-14,0.1347,6.0,0.221,11.0,1.3861,99.0,,,0.394,13.0,0.3733,43.0,0.3197,36.0,0.4706,41.0,,,0.4263,27.0
2025-02-13,0.0933,2.0,0.2136,8.0,0.7233,81.0,,,0.4216,19.0,0.3723,43.0,0.3197,36.0,0.4394,28.0,,,0.4388,33.0
2025-02-12,0.0895,1.0,0.264,30.0,0.9077,93.0,,,0.4524,27.0,0.3849,45.0,0.3232,39.0,0.4517,33.0,,,0.4379,33.0
2025-02-11,0.2386,33.0,0.3009,47.0,0.6948,78.0,,,0.4276,21.0,0.3861,45.0,0.3234,39.0,0.4025,18.0,,,0.3909,14.0
2025-02-10,0.284,49.0,0.3326,59.0,0.6892,77.0,,,0.5753,61.0,0.3864,46.0,0.3233,39.0,0.4109,20.0,,,0.4438,35.0
2025-02-07,0.2913,51.0,0.3368,60.0,0.6929,77.0,,,0.406,15.0,0.3867,46.0,0.3234,39.0,0.4105,20.0,,,0.4064,19.0
2025-02-06,0.2902,51.0,0.3364,60.0,0.7445,83.0,,,0.3984,14.0,0.3881,46.0,0.3241,39.0,0.3928,15.0,,,0.3984,16.0
2025-02-04,0.3573,67.0,0.3412,62.0,0.6748,75.0,,,0.4302,21.0,0.4285,61.0,0.3371,45.0,0.3882,13.0,,,0.4185,24.0
2025-01-30,0.1705,12.0,0.2445,20.0,0.4659,26.0,,,0.3941,13.0,0.4242,60.0,0.3335,43.0,0.4011,17.0,,,0.4279,27.0
2025-01-29,0.1752,13.0,0.2406,18.0,0.4691,27.0,,,0.4281,21.0,0.4255,60.0,0.335,44.0,0.4062,19.0,,,0.4286,28.0
2025-01-28,0.0909,2.0,0.2351,16.0,0.5107,38.0,,,0.4683,32.0,0.4248,60.0,0.3348,44.0,0.3828,12.0,,,0.398,16.0
2025-01-27,0.1596,10.0,0.3158,53.0,0.472,27.0,,,0.4082,16.0,0.4276,61.0,0.3361,45.0,0.3985,17.0,,,0.4306,28.0
2025-01-24,0.3894,73.0,0.422,78.0,0.4359,20.0,,,0.4433,25.0,0.427,61.0,0.3359,44.0,0.3888,14.0,,,0.441,34.0
2025-01-23,0.4085,76.0,0.438,81.0,0.3834,9.0,,,0.4821,36.0,0.4272,61.0,0.3359,44.0,0.397,16.0,,,0.4107,21.0
2025-01-22,0.4989,83.0,0.4767,86.0,0.2863,2.0,,,0.4219,20.0,0.4284,61.0,0.3364,45.0,0.3749,10.0,,,0.4272,27.0
2025-01-21,0.4994,83.0,0.4787,86.0,0.3462,6.0,,,0.3386,5.0,0.429,62.0,0.3363,45.0,0.3805,11.0,,,0.4364,32.0
2025-01-17,0.5554,87.0,0.5246,91.0,0.4186,15.0,,,0.3529,6.0,0.4288,61.0,0.336,44.0,0.3835,12.0,,,0.4386,33.0
2025-01-16,0.557,87.0,0.5337,92.0,0.4206,16.0,,,0.3638,8.0,0.4306,62.0,0.3369,45.0,0.4365,28.0,,,0.4347,31.0
2025-01-15,0.5694,88.0,0.5089,90.0,0.4851,30.0,,,0.3618,8.0,0.43,62.0,0.333,43.0,0.3984,17.0,,,0.423,25.0
2025-01-14,0.3925,74.0,0.4264,79.0,0.3962,11.0,,,0.4152,18.0,0.4217,57.0,0.3267,40.0,0.393,15.0,,,0.3952,15.0
2025-01-13,0.4243,77.0,0.4324,80.0,0.441,21.0,,,0.4706,32.0,0.4212,57.0,0.3254,40.0,0.3957,16.0,,,0.418,24.0
2025-01-10,0.3319,62.0,0.3905,73.0,0.4572,24.0,,,0.3933,13.0,0.4181,57.0,0.3222,38.0,0.3925,15.0,,,0.4284,28.0
2025-01-08,0.3616,68.0,0.3903,73.0,0.5495,48.0,,,0.3522,6.0,0.418,56.0,0.322,38.0,0.4339,28.0,,,0.4244,26.0
2025-01-07,0.2018,21.0,0.3261,57.0,0.4519,23.0,,,0.2825,2.0,0.4146,55.0,0.3189,35.0,0.401,17.0,,,0.4334,30.0
2025-01-06,0.2056,22.0,0.3123,52.0,0.5547,49.0,,,0.2778,2.0,0.42,57.0,0.319,35.0,0.4572,35.0,,,0.3881,13.0
2025-01-03,0.1997,21.0,0.3104,51.0,0.6809,75.0,,,0.4184,19.0,0.4189,57.0,0.317,34.0,0.4335,27.0,,,0.4331,30.0
2025-01-02,0.202,21.0,0.3143,53.0,0.6496,71.0,,,0.2739,2.0,0.4191,57.0,0.3164,33.0,0.401,17.0,,,0.3595,7.0
2024-12-31,0.1889,16.0,0.3082,50.0,0.619,64.0,,,0.3841,10.0,0.4183,57.0,0.3155,32.0,0.361,7.0,,,0.3646,7.0
2024-12-30,0.1613,10.0,0.3237,56.0,0.5643,52.0,,,0.4173,18.0,0.4192,57.0,0.3161,33.0,0.3629,7.0,,,0.3587,6.0
2024-12-27,0.2032,22.0,0.3772,70.0,0.28,2.0,,,0.4432,25.0,0.4193,57.0,0.3163,33.0,0.3575,6.0,,,0.3469,4.0
2024-12-26,0.2145,26.0,0.3889,73.0,0.278,2.0,,,0.4802,36.0,0.4205,57.0,0.317,34.0,0.3439,4.0,,,0.3571,6.0
2024-12-24,0.2498,37.0,0.4117,76.0,0.3475,6.0,,,0.4329,22.0,0.424,60.0,0.3194,36.0,0.3474,4.0,,,0.3591,6.0
2024-12-23,0.3392,64.0,0.4819,87.0,0.2971,3.0,,,0.6379,71.0,0.423,59.0,0.3187,35.0,0.3389,3.0,,,0.355,5.0
2024-12-20,0.4055,75.0,0.4799,86.0,0.6379,69.0,,,0.4165,18.0,0.4232,59.0,0.3183,35.0,0.3634,7.0,,,0.3545,5.0
2024-12-19,0.4109,76.0,0.4571,84.0,0.6397,69.0,,,0.3569,7.0,0.4235,59.0,0.3164,33.0,0.357,6.0,,,0.3569,6.0
2024-12-18,0.4075,76.0,0.4401,81.0,0.6381,69.0,,,0.4532,28.0,0.4236,59.0,0.3152,32.0,0.3538,5.0,,,0.4276,27.0
2024-12-17,0.3903,73.0,0.3904,73.0,1.0893,97.0,,,1.374,100.0,0.4209,57.0,0.3122,27.0,0.359,6.0,,,0.3575,6.0
2024-12-16,0.3958,74.0,0.3744,70.0,0.7374,82.0,,,1.3745,100.0,0.4215,57.0,0.3117,26.0,0.3588,6.0,,,0.357,6.0
2024-12-13,0.3629,69.0,0.3497,64.0,0.4922,32.0,,,0.4039,15.0,0.4188,57.0,0.3102,24.0,0.3545,5.0,,,0.3559,6.0
2024-12-12,0.1969,20.0,0.2035,6.0,0.3133,4.0,,,0.395,13.0,0.4124,54.0,0.3028,16.0,0.3571,6.0,,,0.3531,5.0
2024-12-11,0.1528,8.0,0.1976,4.0,0.4066,13.0,,,0.4969,41.0,0.4114,54.0,0.3023,15.0,0.3635,7.0,,,0.3746,9.0
2024-12-10,0.2039,22.0,0.2295,14.0,0.3791,9.0,,,0.5654,59.0,0.4114,54.0,0.3023,15.0,0.3984,17.0,,,0.3573,6.0
2024-12-09,0.2058,22.0,0.2312,14.0,0.4329,19.0,,,0.7531,86.0,0.4114,54.0,0.3028,16.0,0.3567,6.0,,,0.3392,3.0
2024-12-06,0.261,41.0,0.2527,24.0,0.3585,7.0,,,0.5034,43.0,0.4121,54.0,0.3041,17.0,0.35,5.0,,,0.3376,3.0
2024-12-05,0.2612,41.0,0.2508,23.0,0.2979,3.0,,,0.653,74.0,0.4125,54.0,0.3046,17.0,0.3565,6.0,,,0.3549,5.0
2024-12-04,0.2661,43.0,0.2874,41.0,0.3572,7.0,,,0.5454,53.0,0.413,55.0,0.3069,20.0,0.3593,7.0,,,0.3469,4.0
2024-12-03,0.2889,50.0,0.2819,38.0,0.2674,1.0,,,0.3915,12.0,0.4126,54.0,0.307,20.0,0.3369,3.0,,,0.3303,2.0
2024-12-02,0.2452,35.0,0.2716,33.0,0.3292,4.0,,,0.7222,82.0,0.4132,55.0,0.3073,21.0,0.3623,7.0,,,0.3489,4.0
2024-11-29,0.2393,33.0,0.2643,30.0,0.3364,5.0,,,0.4901,39.0,0.4127,55.0,0.3063,19.0,0.4125,21.0,,,0.3362,2.0
2024-11-27,0.2604,41.0,0.273,34.0,0.3088,3.0,,,0.76,86.0,0.4127,55.0,0.3077,21.0,0.3498,4.0,,,0.3361,2.0
2024-11-26,0.2332,31.0,0.2555,25.0,0.3295,5.0,,,0.7111,81.0,0.4116,54.0,0.307,20.0,0.3556,6.0,,,0.3449,3.0
2024-11-25,0.2341,32.0,0.2771,36.0,0.3272,4.0,,,0.3,2.0,0.4114,54.0,0.3076,21.0,0.3425,3.0,,,0.3501,4.0
2024-11-22,0.2122,25.0,0.2455,21.0,0.3028,3.0,,,0.3523,6.0,0.4108,53.0,0.3057,19.0,0.3635,7.0,,,0.3419,3.0
2024-11-21,0.3097,56.0,0.3125,52.0,0.2971,3.0,,,0.7978,89.0,0.4101,53.0,0.3057,19.0,0.3549,5.0,,,0.3486,4.0
2024-11-20,0.2771,47.0,0.3255,57.0,0.3532,7.0,,,0.3226,4.0,0.4121,54.0,0.307,20.0,0.3598,7.0,,,0.3597,7.0
2024-11-19,0.2585,40.0,0.3312,59.0,0.3784,9.0,,,0.4568,28.0,0.4119,54.0,0.3061,19.0,0.3449,4.0,,,0.352,5.0
2024-11-18,0.4528,80.0,0.4145,77.0,0.3181,4.0,,,0.3059,3.0,0.4115,54.0,0.3061,19.0,0.3654,8.0,,,0.341,3.0
2024-11-15,0.9632,98.0,0.4834,87.0,0.3482,6.0,,,0.4306,21.0,0.4144,55.0,0.3081,21.0,0.3384,3.0,,,0.3485,4.0
2024-11-14,1.0297,98.0,0.4853,87.0,0.3484,6.0,,,0.6381,71.0,0.4161,56.0,0.3081,21.0,0.3488,4.0,,,0.3561,6.0
2024-11-13,1.0549,99.0,0.486,87.0,0.3333,5.0,,,0.5428,53.0,0.4161,56.0,0.308,21.0,0.3512,5.0,,,0.3492,4.0
2024-11-12,1.0307,98.0,0.4514,83.0,0.3456,6.0,,,0.5624,57.0,0.4109,53.0,0.3056,19.0,0.3562,6.0,,,0.3523,5.0
2024-11-11,1.0309,98.0,0.44,81.0,0.2835,2.0,,,0.4795,35.0,0.4101,53.0,0.305,18.0,0.3522,5.0,,,0.3515,5.0
2024-11-08,1.0281,98.0,0.4293,80.0,0.6181,64.0,,,0.4913,39.0,0.4118,54.0,0.3046,17.0,0.3593,7.0,,,0.3633,7.0
2024-11-07,0.9571,98.0,0.3482,64.0,0.728,81.0,,,0.3597,7.0,0.4082,52.0,0.3008,15.0,0.3708,9.0,,,0.351,4.0
2024-11-06,0.2518,37.0,0.2405,18.0,0.7693,85.0,,,0.7532,86.0,0.3486,35.0,0.2957,11.0,0.3624,7.0,,,0.3647,7.0
2024-11-05,0.1926,18.0,0.2226,11.0,0.6844,76.0,,,0.936,95.0,0.3454,33.0,0.2958,11.0,0.3741,9.0,,,0.3799,10.0
2024-11-04,0.1755,14.0,0.2069,7.0,0.6905,77.0,,,0.8557,92.0,0.3445,33.0,0.3072,21.0,0.3603,7.0,,,0.3807,11.0
2024-11-01,0.1773,14.0,0.2341,15.0,0.5593,50.0,,,0.65,73.0,0.3451,33.0,0.3074,21.0,0.3756,10.0,,,0.3609,7.0
2024-10-31,0.1942,18.0,0.2387,17.0,0.6245,65.0,,,0.6328,71.0,0.3451,33.0,0.3085,22.0,0.3981,16.0,,,0.3729,9.0
2024-10-30,0.1998,21.0,0.2275,13.0,0.5395,46.0,,,0.6716,76.0,0.345,33.0,0.3083,22.0,0.3821,11.0,,,0.3744,9.0
2024-10-29,0.1936,18.0,0.2329,15.0,0.4985,34.0,,,0.5815,62.0,0.3449,33.0,0.3085,22.0,0.3771,10.0,,,0.3858,12.0
2024-10-28,0.226,28.0,0.2531,24.0,0.6205,64.0,,,0.4743,34.0,0.3452,33.0,0.3094,23.0,0.3756,10.0,,,0.3809,11.0
2024-10-25,0.2401,33.0,0.271,33.0,0.6645,73.0,,,0.5619,57.0,0.345,33.0,0.3095,23.0,0.3994,17.0,,,0.4035,18.0
2024-10-24,0.2991,53.0,0.2807,38.0,0.5128,38.0,,,0.3971,13.0,0.3458,33.0,0.3101,24.0,0.3859,13.0,,,0.3775,10.0
2024-10-23,0.2972,52.0,0.2607,28.0,0.6288,66.0,,,0.3804,10.0,0.3469,34.0,0.3093,23.0,0.3812,11.0,,,0.3795,10.0
2024-10-22,0.3423,64.0,0.2771,36.0,0.5639,52.0,,,0.5388,51.0,0.3465,34.0,0.3092,23.0,0.3886,14.0,,,0.3748,9.0
2024-10-21,0.3358,63.0,0.2895,42.0,0.4238,17.0,,,0.4915,39.0,0.3463,34.0,0.3092,23.0,0.3662,8.0,,,0.3723,9.0
2024-10-18,0.3362,63.0,0.2846,40.0,0.5422,46.0,,,0.4822,36.0,0.3463,34.0,0.3088,22.0,0.3712,9.0,,,0.3801,10.0
2024-10-17,0.3364,63.0,0.2895,42.0,0.4945,33.0,,,0.3985,14.0,0.3458,33.0,0.3081,21.0,0.3802,11.0,,,0.4334,30.0
2024-10-16,0.2976,53.0,0.2709,33.0,0.3942,11.0,,,0.499,42.0,0.3441,33.0,0.3069,20.0,0.368,8.0,,,0.3838,12.0
2024-10-15,0.27,45.0,0.2612,28.0,0.5014,35.0,,,0.4528,27.0,0.3449,33.0,0.3081,21.0,0.4122,21.0,,,0.3584,6.0
2024-10-14,0.2652,43.0,0.2546,25.0,0.4753,28.0,,,0.5043,43.0,0.349,35.0,0.3092,23.0,0.3676,8.0,,,0.3881,13.0
2024-10-11,0.195,19.0,0.2443,20.0,0.4401,21.0,,,0.4192,19.0,0.3471,34.0,0.3101,24.0,0.3707,9.0,,,0.3817,11.0
2024-10-10,0.2499,37.0,0.2745,34.0,0.4838,30.0,,,0.5341,50.0,0.3451,33.0,0.3099,24.0,0.3816,11.0,,,0.3714,9.0
2024-10-09,0.2477,36.0,0.2787,37.0,0.4553,24.0,,,0.3382,5.0,0.3473,34.0,0.3112,26.0,0.3925,15.0,,,0.3684,8.0
2024-10-08,0.2662,43.0,0.2644,30.0,0.5569,50.0,,,0.3626,8.0,0.3479,34.0,0.3109,25.0,0.4061,19.0,,,0.3991,17.0
2024-10-07,0.2657,43.0,0.262,28.0,0.4296,18.0,,,0.3807,10.0,0.3474,34.0,0.3106,25.0,0.3922,15.0,,,0.3851,12.0
2024-10-04,0.3139,57.0,0.2672,31.0,0.4644,25.0,,,0.4407,24.0,0.3489,35.0,0.3108,25.0,0.3787,10.0,,,0.3752,10.0
2024-10-03,0.3175,57.0,0.2717,33.0,0.4482,22.0,,,0.3428,5.0,0.3488,35.0,0.3105,25.0,0.384,12.0,,,0.3826,11.0
2024-10-02,0.3445,65.0,0.2831,39.0,0.4134,14.0,,,0.4617,30.0,0.3497,35.0,0.3104,25.0,0.3879,13.0,,,0.37,8.0
2024-10-01,0.2655,43.0,0.2471,21.0,0.3798,9.0,,,0.3834,10.0,0.3451,33.0,0.3087,22.0,0.3639,7.0,,,0.3922,14.0
2024-09-30,0.2825,48.0,0.2593,27.0,0.4007,12.0,,,0.3593,7.0,0.3454,33.0,0.3089,23.0,0.3827,12.0,,,0.3655,8.0
2024-09-27,0.2738,46.0,0.2624,28.0,0.2789,2.0,,,0.3796,10.0,0.3454,33.0,0.3086,22.0,0.4376,28.0,,,0.3982,16.0
2024-09-26,0.3216,59.0,0.2874,41.0,0.3298,5.0,,,0.349,6.0,0.3476,34.0,0.3088,22.0,0.3786,10.0,,,0.3221,1.0
2024-09-25,0.2712,45.0,0.2929,43.0,0.2529,1.0,,,0.3486,6.0,0.3463,34.0,0.3087,22.0,0.3859,13.0,,,0.3835,12.0
2024-09-24,0.2694,44.0,0.2923,43.0,0.3855,10.0,,,0.3516,6.0,0.3458,33.0,0.3087,22.0,0.4201,23.0,,,0.3715,9.0
2024-09-23,0.2853,49.0,0.2796,37.0,0.3803,9.0,,,0.3257,4.0,0.3439,33.0,0.3075,21.0,0.3961,16.0,,,0.3559,6.0
2024-09-20,0.2893,50.0,0.3096,51.0,0.4111,14.0,,,0.4074,16.0,0.3438,32.0,0.3077,21.0,0.3941,15.0,,,0.4205,25.0
2024-09-19,0.1932,18.0,0.3096,51.0,0.2791,2.0,,,1.0596,98.0,0.3427,32.0,0.3067,20.0,0.3556,6.0,,,0.3737,9.0
2024-09-18,0.2252,28.0,0.3145,53.0,0.4811,28.0,,,1.1185,98.0,0.3438,32.0,0.3064,20.0,0.3843,12.0,,,0.397,16.0
2024-09-17,0.2969,52.0,0.2977,45.0,0.4442,22.0,,,1.1934,99.0,0.3426,32.0,0.3051,18.0,0.3828,12.0,,,0.3833,12.0
2024-09-16,0.3032,54.0,0.2903,42.0,0.5666,53.0,,,0.8513,92.0,0.343,32.0,0.3047,17.0,0.3879,13.0,,,0.3679,8.0
2024-09-13,0.3921,73.0,0.3185,54.0,0.5148,39.0,,,0.8229,91.0,0.3474,34.0,0.3064,20.0,0.3257,2.0,,,0.3878,13.0
2024-09-12,0.3329,62.0,0.3083,50.0,0.5796,56.0,,,0.9131,94.0,0.3444,33.0,0.3065,20.0,0.3508,5.0,,,0.3889,13.0
2024-09-11,0.2989,53.0,0.2924,43.0,0.6586,72.0,,,0.8512,92.0,0.3415,32.0,0.3048,17.0,0.374,9.0,,,0.4026,18.0
2024-09-10,0.2444,34.0,0.2771,36.0,0.4148,15.0,,,0.5749,61.0,0.341,32.0,0.3036,16.0,0.3858,13.0,,,0.3915,14.0
2024-09-09,0.2681,44.0,0.2567,26.0,0.629,66.0,,,0.6765,77.0,0.3415,32.0,0.3031,16.0,0.393,15.0,,,0.3589,6.0
2024-09-06,0.2755,46.0,0.2422,19.0,0.3892,10.0,,,0.5172,47.0,0.3406,32.0,0.3029,16.0,0.3799,11.0,,,0.3909,14.0
2024-09-05,0.2891,50.0,0.2361,16.0,0.5781,55.0,,,0.3274,4.0,0.3458,33.0,0.3045,17.0,0.3895,14.0,,,0.381,11.0
2024-09-04,0.2422,34.0,0.192,3.0,0.3528,7.0,,,0.3781,10.0,0.3444,33.0,0.3037,16.0,0.4175,22.0,,,0.3748,9.0
2024-09-03,0.2663,43.0,0.1945,4.0,0.3455,6.0,,,0.3997,14.0,0.3446,33.0,0.3058,19.0,0.4299,27.0,,,0.3701,8.0
2024-08-30,0.0868,1.0,0.1593,1.0,0.2977,3.0,,,0.3936,13.0,0.342,32.0,0.3071,20.0,0.3816,11.0,,,0.3686,8.0
2024-08-29,0.095,2.0,0.164,1.0,0.3422,5.0,,,0.3885,12.0,0.3425,32.0,0.3076,21.0,0.3791,11.0,,,0.3537,5.0
2024-08-28,0.1795,14.0,0.2069,7.0,0.3488,6.0,,,0.4106,17.0,0.3427,32.0,0.3086,22.0,0.3982,16.0,,,0.369,8.0
2024-08-27,0.2705,45.0,0.2502,22.0,0.2827,2.0,,,0.3779,9.0,0.3429,32.0,0.3104,25.0,0.3612,7.0,,,0.3698,8.0
2024-08-26,0.2932,51.0,0.2702,33.0,0.3386,5.0,,,0.3235,4.0,0.4132,55.0,0.3273,40.0,0.392,14.0,,,0.3729,9.0
2024-08-23,0.446,79.0,0.3311,57.0,0.2082,1.0,,,0.3811,10.0,0.4135,55.0,0.3282,41.0,0.375,10.0,,,0.3789,10.0
2024-08-22,0.5176,85.0,0.3362,60.0,0.2814,2.0,,,0.3052,3.0,0.413,55.0,0.3285,41.0,0.364,8.0,,,0.3554,6.0
2024-08-21,0.5178,85.0,0.3403,61.0,0.3113,4.0,,,0.2844,2.0,0.4153,56.0,0.3302,42.0,0.3733,9.0,,,0.3659,8.0
2024-08-20,0.5156,85.0,0.3392,61.0,0.4444,22.0,,,0.2725,1.0,0.4166,56.0,0.3307,42.0,0.3816,11.0,,,0.3498,4.0
2024-08-19,0.5438,87.0,0.3368,60.0,0.3448,6.0,,,0.2828,2.0,0.4164,56.0,0.3297,42.0,0.3595,7.0,,,0.3805,11.0
2024-08-16,0.8824,97.0,0.4893,88.0,0.4625,25.0,,,0.3208,4.0,0.4135,55.0,0.329,41.0,0.3582,6.0,,,0.3799,10.0
2024-08-15,0.8898,97.0,0.4984,88.0,0.3634,7.0,,,0.5164,46.0,0.4155,56.0,0.3294,41.0,0.3543,5.0,,,0.3871,13.0
2024-08-14,0.8607,96.0,0.4743,86.0,0.3043,3.0,,,0.378,9.0,0.4056,51.0,0.3271,40.0,0.3765,10.0,,,0.3872,13.0
2024-08-13,0.8644,96.0,0.4792,86.0,0.3594,7.0,,,0.5247,48.0,0.4046,50.0,0.3273,40.0,0.369,8.0,,,0.3691,8.0
2024-08-12,0.8801,96.0,0.4783,86.0,0.3424,5.0,,,0.4233,20.0,0.4044,50.0,0.3273,40.0,0.3879,13.0,,,0.3658,8.0
2024-08-09,0.8931,97.0,0.4988,89.0,0.4061,13.0,,,0.3577,7.0,0.4052,51.0,0.3276,40.0,0.4055,19.0,,,0.3692,8.0
2024-08-08,0.8749,96.0,0.4883,88.0,0.5021,35.0,,,0.5174,47.0,0.4037,50.0,0.3266,40.0,0.3808,11.0,,,0.3976,16.0
2024-08-07,0.3473,65.0,0.3356,60.0,0.8198,88.0,,,0.4357,23.0,0.3616,39.0,0.3143,30.0,0.3983,17.0,,,0.3983,16.0
2024-08-05,0.3462,65.0,0.3063,49.0,1.1171,98.0,,,0.5776,61.0,0.3632,39.0,0.3129,28.0,0.4092,20.0,,,0.4165,23.0
2024-08-02,0.3437,65.0,0.3051,49.0,0.8144,88.0,,,0.4294,21.0,0.3613,38.0,0.3127,28.0,0.4086,20.0,,,0.3957,16.0
2024-08-01,0.3129,57.0,0.3046,49.0,0.6859,76.0,,,0.4096,16.0,0.3604,38.0,0.3127,28.0,0.4039,18.0,,,0.3762,10.0
2024-07-31,0.2394,33.0,0.266,31.0,0.5098,37.0,,,0.3612,8.0,0.3593,38.0,0.3108,25.0,0.3923,15.0,,,0.3818,11.0
2024-07-30,0.2469,36.0,0.2832,39.0,0.529,43.0,,,0.4133,17.0,0.3593,38.0,0.3115,26.0,0.3926,15.0,,,0.4042,18.0
2024-07-29,0.2205,27.0,0.2509,23.0,0.5509,48.0,,,0.4995,42.0,0.3579,37.0,0.311,26.0,0.392,14.0,,,0.3711,9.0
2024-07-26,0.1855,16.0,0.2654,30.0,0.4908,32.0,,,0.3901,12.0,0.3579,37.0,0.3108,25.0,0.3691,8.0,,,0.3819,11.0
2024-07-25,0.21,25.0,0.2606,28.0,0.4555,24.0,,,0.401,14.0,0.3601,38.0,0.3109,25.0,0.3717,9.0,,,0.3761,10.0
2024-07-24,0.209,24.0,0.2493,22.0,0.4667,26.0,,,0.4085,16.0,0.3589,38.0,0.3104,25.0,0.3572,6.0,,,0.3916,14.0
2024-07-23,0.2064,23.0,0.2499,22.0,0.4114,14.0,,,0.3849,11.0,0.3613,38.0,0.3135,28.0,0.397,16.0,,,0.3736,9.0
2024-07-22,0.2301,31.0,0.2754,35.0,0.4866,31.0,,,0.3987,14.0,0.3613,38.0,0.3135,28.0,0.3616,7.0,,,0.3991,17.0
2024-07-19,0.3223,59.0,0.2763,36.0,0.4983,34.0,,,0.3109,3.0,0.359,38.0,0.313,28.0,0.3982,16.0,,,0.3822,11.0
2024-07-18,0.3115,56.0,0.2724,34.0,0.4292,18.0,,,0.3842,11.0,0.36,38.0,0.3132,28.0,0.3813,11.0,,,0.3842,12.0
2024-07-15,0.3608,68.0,0.2881,41.0,0.6303,66.0,,,0.3765,9.0,0.36,38.0,0.3145,31.0,0.4238,25.0,,,0.3765,10.0
2024-07-12,0.391,73.0,0.2976,45.0,0.4124,14.0,,,0.356,7.0,0.3619,39.0,0.3155,32.0,0.397,16.0,,,0.356,6.0
2024-07-11,0.4187,77.0,0.2916,43.0,0.3349,5.0,,,0.4118,17.0,0.3617,39.0,0.3146,31.0,0.381,11.0,,,0.4118,21.0
2024-07-10,0.3437,65.0,0.3199,55.0,0.4836,30.0,,,0.3924,12.0,0.3551,36.0,0.3153,32.0,0.3786,10.0,,,0.3924,14.0
2024-07-09,0.3145,57.0,0.3393,61.0,0.3508,6.0,,,0.2755,2.0,0.3576,37.0,0.3201,37.0,0.3863,13.0,,,0.2755,1.0
2024-07-08,0.3379,63.0,0.3462,63.0,0.6095,62.0,,,0.4022,15.0,0.3624,39.0,0.3217,38.0,0.4074,19.0,,,0.4022,17.0
2024-07-05,0.3387,63.0,0.3244,56.0,0.3843,9.0,,,0.4196,19.0,0.3693,41.0,0.3375,45.0,0.3639,7.0,,,0.3449,3.0
2024-07-03,0.3302,61.0,0.3085,50.0,0.4038,13.0,,,0.502,43.0,0.3686,41.0,0.3395,46.0,0.3835,12.0,,,0.502,61.0
2024-07-02,0.269,44.0,0.3097,51.0,0.7696,85.0,,,0.4333,22.0,0.3712,42.0,0.341,46.0,0.4131,21.0,,,0.4333,30.0
2024-07-01,0.2919,51.0,0.3037,48.0,0.3276,4.0,,,0.4655,31.0,0.3708,42.0,0.3413,46.0,0.4715,41.0,,,0.4594,42.0
2024-06-28,0.1813,15.0,0.2593,27.0,0.7126,80.0,,,0.317,3.0,0.3679,41.0,0.3401,46.0,0.423,24.0,,,0.3598,7.0
2024-06-27,0.1892,17.0,0.2405,18.0,0.4584,24.0,,,0.4062,16.0,0.3678,40.0,0.3399,46.0,0.4086,20.0,,,0.3743,9.0
2024-06-26,0.1804,15.0,0.2323,14.0,0.3901,10.0,,,0.4656,31.0,0.3676,40.0,0.3392,46.0,0.3905,14.0,,,0.3576,6.0
2024-06-25,0.1612,10.0,0.2329,15.0,0.4217,16.0,,,0.3377,5.0,0.3676,40.0,0.3399,46.0,0.3919,14.0,,,0.3682,8.0
2024-06-24,0.1567,9.0,0.2412,19.0,0.3947,11.0,,,0.2622,1.0,0.37,42.0,0.3413,46.0,0.3961,16.0,,,0.306,1.0
2024-06-21,0.1776,14.0,0.2544,25.0,0.5394,46.0,,,0.3357,5.0,0.3705,42.0,0.3411,46.0,0.3863,13.0,,,0.4164,23.0
2024-06-20,0.123,4.0,0.252,23.0,0.5926,57.0,,,0.2919,2.0,0.3715,42.0,0.3408,46.0,0.4042,19.0,,,0.4053,19.0
2024-06-18,0.2135,25.0,0.293,43.0,0.5132,38.0,,,0.2738,1.0,0.3738,43.0,0.3415,47.0,0.4165,22.0,,,0.3783,10.0
2024-06-17,0.2045,22.0,0.2942,44.0,0.5394,46.0,,,0.3983,14.0,0.3788,43.0,0.3425,47.0,0.4068,19.0,,,0.3989,17.0
2024-06-14,0.2507,37.0,0.305,49.0,0.6356,68.0,,,0.5951,65.0,0.3809,44.0,0.3425,47.0,0.3953,15.0,,,0.3967,16.0
2024-06-13,0.2505,37.0,0.3096,51.0,0.5116,38.0,,,0.5352,50.0,0.3825,45.0,0.3493,48.0,0.4071,19.0,,,0.3986,16.0
2024-06-12,0.2438,34.0,0.3247,57.0,0.6855,76.0,,,0.3801,10.0,0.3907,46.0,0.3573,51.0,0.4004,17.0,,,0.3774,10.0
2024-06-11,0.2325,31.0,0.3087,50.0,0.67,74.0,,,0.5862,63.0,0.398,48.0,0.3594,52.0,0.3925,15.0,,,0.44,33.0
2024-06-10,0.2295,30.0,0.309,51.0,0.4195,16.0,,,0.6363,71.0,0.4,49.0,0.3607,52.0,0.3802,11.0,,,0.4398,33.0
2024-06-07,0.1879,16.0,0.2639,28.0,0.7068,79.0,,,0.3519,6.0,0.3985,48.0,0.3592,52.0,0.4157,22.0,,,0.4054,19.0
2024-06-06,0.1896,17.0,0.2551,25.0,0.7355,82.0,,,0.2869,2.0,0.3985,48.0,0.359,52.0,0.419,23.0,,,0.3843,12.0
2024-06-05,0.2095,24.0,0.2661,31.0,0.6572,72.0,,,0.2775,2.0,0.3979,48.0,0.3595,52.0,0.4373,28.0,,,0.4055,19.0
2024-06-04,0.2099,24.0,0.2609,28.0,0.4573,24.0,,,0.4732,33.0,0.3979,48.0,0.3598,52.0,0.4038,18.0,,,0.4161,23.0
2024-06-03,0.209,24.0,0.2404,18.0,0.4825,30.0,,,0.3224,4.0,0.3996,48.0,0.3603,52.0,0.4248,25.0,,,0.386,12.0
2024-05-31,0.3211,59.0,0.2773,36.0,0.4889,32.0,,,0.4709,32.0,0.4031,50.0,0.3626,53.0,0.392,14.0,,,0.4347,31.0
2024-05-30,0.3626,69.0,0.2866,41.0,0.5078,37.0,,,0.3591,7.0,0.4053,51.0,0.3637,53.0,0.4106,20.0,,,0.3937,15.0
2024-05-29,0.3473,65.0,0.2921,43.0,0.4776,28.0,,,0.4016,14.0,0.4052,51.0,0.3645,54.0,0.4181,23.0,,,0.4037,18.0
2024-05-28,0.3735,71.0,0.3112,51.0,0.3511,6.0,,,0.3994,14.0,0.4068,52.0,0.3654,54.0,0.4243,25.0,,,0.3784,10.0
2024-05-24,0.3212,59.0,0.2907,42.0,0.2673,1.0,,,0.3325,5.0,0.4083,52.0,0.3654,54.0,0.3915,14.0,,,0.4071,19.0
2024-05-23,0.3497,66.0,0.3044,49.0,0.3747,8.0,,,0.4674,31.0,0.4084,52.0,0.3665,55.0,0.4202,23.0,,,0.4116,21.0
2024-05-22,0.3996,74.0,0.3387,61.0,0.3649,7.0,,,0.3625,8.0,0.409,52.0,0.3668,55.0,0.3797,11.0,,,0.4332,30.0
2024-05-21,0.3293,60.0,0.3171,54.0,0.5967,60.0,,,0.3579,7.0,0.4055,51.0,0.3658,55.0,0.497,53.0,,,0.4134,22.0
2024-05-20,0.2779,47.0,0.3224,56.0,0.3707,8.0,,,0.3964,13.0,0.4039,50.0,0.3657,55.0,0.4462,31.0,,,0.461,43.0
2024-05-17,0.2658,43.0,0.4773,86.0,0.3912,11.0,,,0.4067,16.0,0.4044,50.0,0.366,55.0,0.419,23.0,,,0.4509,38.0
2024-05-16,0.2662,43.0,0.4733,86.0,0.4716,27.0,,,1.0297,97.0,0.4035,50.0,0.3655,54.0,0.4405,28.0,,,0.4544,40.0
2024-05-15,0.2623,42.0,0.4815,87.0,0.8206,88.0,,,0.4456,26.0,0.4044,50.0,0.3664,55.0,0.4427,30.0,,,0.487,54.0
2024-05-14,0.1853,16.0,0.474,86.0,1.0304,96.0,,,0.4814,36.0,0.4036,50.0,0.3678,56.0,0.4891,49.0,,,0.4745,49.0
2024-05-13,0.1101,3.0,0.4516,83.0,0.5964,59.0,,,0.494,40.0,0.4092,52.0,0.368,56.0,0.489,49.0,,,0.4802,51.0
2024-05-10,0.1401,6.0,0.453,83.0,0.5613,51.0,,,0.4886,39.0,0.4101,53.0,0.3701,57.0,0.4465,31.0,,,0.4534,40.0
2024-05-09,0.1744,13.0,0.4435,82.0,0.5068,37.0,,,0.5631,57.0,0.4102,53.0,0.3713,57.0,0.4886,49.0,,,0.4458,36.0
2024-05-08,0.2198,27.0,0.2719,34.0,1.0624,97.0,,,0.8495,92.0,0.4591,67.0,0.3737,59.0,0.5203,65.0,,,0.4452,36.0
2024-05-07,0.2278,30.0,0.273,34.0,0.8393,90.0,,,1.0364,97.0,0.4591,67.0,0.3753,60.0,0.5025,56.0,,,0.4941,57.0
2024-05-06,0.2264,28.0,0.2539,25.0,0.6886,77.0,,,0.7079,81.0,0.4597,67.0,0.3748,59.0,0.4977,53.0,,,0.4999,60.0
2024-05-03,0.2352,32.0,0.2494,22.0,0.6867,76.0,,,0.7615,87.0,0.4597,67.0,0.3751,60.0,0.5126,61.0,,,0.5275,70.0
2024-05-02,0.2267,28.0,0.2412,19.0,0.7021,78.0,,,0.8968,93.0,0.4611,67.0,0.3749,59.0,0.5074,59.0,,,0.5191,67.0
2024-05-01,0.2347,32.0,0.2224,11.0,0.6924,77.0,,,0.6664,76.0,0.4607,67.0,0.3744,59.0,0.4955,52.0,,,0.5163,66.0
2024-04-30,0.2156,26.0,0.2117,8.0,0.7628,84.0,,,0.8761,93.0,0.4598,67.0,0.3739,59.0,0.5437,74.0,,,0.4747,49.0
2024-04-29,0.2144,26.0,0.2387,17.0,0.7075,79.0,,,0.6855,78.0,0.4591,67.0,0.3734,59.0,0.4898,50.0,,,0.4899,55.0
2024-04-26,0.3419,64.0,0.2597,27.0,0.6854,76.0,,,0.7971,89.0,0.4583,67.0,0.373,57.0,0.498,54.0,,,0.4985,59.0
2024-04-25,0.3708,70.0,0.2949,44.0,0.6579,72.0,,,0.6694,76.0,0.4583,67.0,0.373,57.0,0.5152,63.0,,,0.4743,49.0
2024-04-24,0.3701,70.0,0.3023,48.0,0.6413,69.0,,,0.7996,89.0,0.4583,67.0,0.3732,57.0,0.5049,57.0,,,0.5061,63.0
2024-04-23,0.4072,75.0,0.3274,57.0,0.4481,22.0,,,0.5455,53.0,0.4583,67.0,0.3733,59.0,0.5057,57.0,,,0.482,52.0
2024-04-22,0.4066,75.0,0.3387,61.0,0.4224,16.0,,,0.749,85.0,0.458,66.0,0.3734,59.0,0.5133,62.0,,,0.5304,71.0
2024-04-19,0.4061,75.0,0.3363,60.0,0.4198,16.0,,,0.5782,61.0,0.458,66.0,0.3737,59.0,0.5212,66.0,,,0.548,76.0
2024-04-18,0.3377,63.0,0.313,52.0,0.7196,80.0,,,0.6325,71.0,0.4553,66.0,0.3726,57.0,0.5473,75.0,,,0.4902,55.0
2024-04-17,0.2775,47.0,0.281,38.0,0.6697,74.0,,,0.9089,94.0,0.4583,67.0,0.375,59.0,0.5407,73.0,,,0.4958,57.0
2024-04-16,0.2697,45.0,0.2505,23.0,0.6749,75.0,,,0.6591,75.0,0.458,66.0,0.3739,59.0,0.5317,70.0,,,0.4882,55.0
2024-04-15,0.2738,46.0,0.2493,22.0,0.6667,73.0,,,0.7688,87.0,0.4606,67.0,0.3753,60.0,0.5153,63.0,,,0.4933,57.0
2024-04-12,0.1636,11.0,0.2281,13.0,0.9084,93.0,,,0.6142,68.0,0.4592,67.0,0.374,59.0,0.506,59.0,,,0.5049,62.0
2024-04-11,0.1599,10.0,0.2114,8.0,0.5846,57.0,,,0.347,6.0,0.459,67.0,0.3741,59.0,0.4971,53.0,,,0.4824,52.0
2024-04-10,0.176,14.0,0.222,11.0,0.384,9.0,,,0.587,63.0,0.464,68.0,0.3764,60.0,0.5196,65.0,,,0.4985,59.0
2024-04-09,0.1633,11.0,0.2201,10.0,0.6038,61.0,,,0.6177,68.0,0.4634,68.0,0.3764,60.0,0.5043,57.0,,,0.4929,57.0
2024-04-08,0.198,20.0,0.2317,14.0,0.6227,64.0,,,0.4144,18.0,0.4636,68.0,0.3765,60.0,0.5342,71.0,,,0.4993,60.0
2024-04-05,0.2043,22.0,0.2203,10.0,0.4858,31.0,,,0.4695,32.0,0.4632,68.0,0.3767,60.0,0.5219,66.0,,,0.4928,57.0
2024-04-04,0.1894,17.0,0.2238,11.0,0.5408,46.0,,,0.4821,36.0,0.4635,68.0,0.3771,60.0,0.5014,56.0,,,0.4823,52.0
2024-04-03,0.1906,17.0,0.2078,7.0,0.6061,61.0,,,0.4866,38.0,0.4638,68.0,0.3768,60.0,0.5168,64.0,,,0.5073,63.0
2024-04-02,0.2058,22.0,0.2123,8.0,0.4185,15.0,,,0.5401,52.0,0.4648,68.0,0.3786,61.0,0.5155,63.0,,,0.5313,71.0
2024-04-01,0.1831,15.0,0.206,6.0,0.3887,10.0,,,0.4446,25.0,0.4642,68.0,0.3798,61.0,0.531,70.0,,,0.5433,75.0
2024-03-28,0.1862,16.0,0.2063,6.0,0.4058,13.0,,,0.356,7.0,0.464,68.0,0.38,61.0,0.5207,65.0,,,0.4953,57.0
2024-03-27,0.3103,56.0,0.2456,21.0,0.3687,8.0,,,0.4179,18.0,0.4655,69.0,0.3813,62.0,0.4831,46.0,,,0.4846,53.0
2024-03-26,0.3105,56.0,0.2578,26.0,0.3881,10.0,,,0.5718,60.0,0.466,69.0,0.3819,62.0,0.5233,67.0,,,0.5194,67.0
2024-03-25,0.3039,54.0,0.2526,24.0,0.4318,19.0,,,0.4672,31.0,0.4669,69.0,0.3815,62.0,0.5142,62.0,,,0.5416,74.0
2024-03-22,0.3093,56.0,0.2503,23.0,0.4548,24.0,,,0.4042,15.0,0.467,69.0,0.3819,62.0,0.5183,64.0,,,0.5332,72.0
2024-03-21,0.2972,52.0,0.2517,23.0,0.3981,12.0,,,0.4536,28.0,0.4664,69.0,0.382,62.0,0.5176,64.0,,,0.5094,64.0
2024-03-20,0.2929,51.0,0.2556,25.0,0.5044,36.0,,,0.4153,18.0,0.4662,69.0,0.3819,62.0,0.5251,68.0,,,0.4983,59.0
2024-03-19,0.3856,72.0,0.2862,41.0,0.604,61.0,,,0.4789,35.0,0.4661,69.0,0.3822,62.0,0.4888,49.0,,,0.5227,68.0
2024-03-18,0.2547,38.0,0.2693,32.0,0.464,25.0,,,0.3863,11.0,0.4627,68.0,0.3812,62.0,0.5321,71.0,,,0.5036,62.0
2024-03-15,0.2857,49.0,0.2966,45.0,0.4304,18.0,,,0.4353,23.0,0.4627,68.0,0.3808,61.0,0.5135,62.0,,,0.5404,74.0
2024-03-14,0.2878,50.0,0.3331,59.0,0.4379,20.0,,,0.4744,34.0,0.4629,68.0,0.3809,61.0,0.5207,65.0,,,0.5784,83.0
2024-03-13,0.3307,61.0,0.346,63.0,0.5976,60.0,,,0.4101,17.0,0.4644,68.0,0.3824,62.0,0.5344,71.0,,,0.5246,69.0
2024-03-12,0.3491,66.0,0.3539,65.0,0.5201,40.0,,,0.504,43.0,0.4647,68.0,0.3823,62.0,0.5075,59.0,,,0.523,68.0
2024-03-11,0.3346,62.0,0.3739,69.0,0.598,60.0,,,0.3892,12.0,0.4646,68.0,0.3839,63.0,0.5379,72.0,,,0.499,60.0
2024-03-08,0.9809,98.0,0.5575,93.0,0.6712,74.0,,,0.4904,39.0,0.4809,73.0,0.3856,63.0,0.5296,69.0,,,0.5368,73.0
2024-03-07,0.9842,98.0,0.5584,93.0,0.4144,15.0,,,0.522,47.0,0.4814,73.0,0.386,63.0,0.4946,52.0,,,0.5411,74.0
2024-03-06,0.9795,98.0,0.5412,92.0,0.5952,59.0,,,0.609,67.0,0.4824,73.0,0.3854,63.0,0.5298,69.0,,,0.5618,80.0
2024-03-05,1.0359,99.0,0.5353,92.0,0.6342,68.0,,,0.5565,57.0,0.4819,73.0,0.3839,63.0,0.4909,50.0,,,0.5403,74.0
2024-03-04,1.0578,99.0,0.5367,92.0,0.4179,15.0,,,0.5862,63.0,0.4817,73.0,0.3835,62.0,0.4869,48.0,,,0.5635,80.0
2024-03-01,1.0608,99.0,0.53,91.0,0.556,50.0,,,0.4655,31.0,0.4881,78.0,0.3873,64.0,0.4846,47.0,,,0.555,78.0
2024-02-29,1.0605,99.0,0.5227,91.0,0.4195,16.0,,,0.4815,36.0,0.4892,79.0,0.3866,64.0,0.5239,67.0,,,0.4987,60.0
2024-02-28,0.3869,72.0,0.3119,52.0,0.6687,73.0,,,0.833,91.0,0.4322,63.0,0.3728,57.0,0.5028,57.0,,,0.5277,70.0
2024-02-27,0.4162,76.0,0.3099,51.0,0.7535,83.0,,,0.8364,91.0,0.4323,63.0,0.3729,57.0,0.5158,63.0,,,0.5298,70.0
2024-02-26,0.4197,77.0,0.3152,53.0,0.7761,85.0,,,0.786,89.0,0.4326,63.0,0.3728,57.0,0.476,44.0,,,0.5307,71.0
2024-02-23,0.3642,69.0,0.2852,40.0,0.7834,86.0,,,0.6242,69.0,0.4303,62.0,0.3714,57.0,0.5076,60.0,,,0.5293,70.0
2024-02-22,0.2992,53.0,0.2819,38.0,0.6901,77.0,,,0.6506,74.0,0.4286,61.0,0.371,57.0,0.4984,54.0,,,0.5264,69.0
2024-02-21,0.2824,48.0,0.2795,37.0,0.7247,81.0,,,0.6582,75.0,0.4289,62.0,0.3712,57.0,0.5632,79.0,,,0.5355,72.0
2024-02-20,0.3189,57.0,0.2685,32.0,0.7407,82.0,,,0.6517,74.0,0.4286,61.0,0.3712,57.0,0.5067,59.0,,,0.5321,71.0
2024-02-16,0.3309,61.0,0.2684,32.0,0.664,73.0,,,0.7781,88.0,0.4264,60.0,0.3712,57.0,0.4825,46.0,,,0.5083,63.0
2024-02-15,0.2592,40.0,0.2536,24.0,0.6799,75.0,,,1.2767,99.0,0.425,60.0,0.3705,57.0,0.4599,36.0,,,0.5307,71.0
2024-02-14,0.2602,41.0,0.2528,24.0,0.7055,79.0,,,0.703,80.0,0.4247,60.0,0.3706,57.0,0.4627,38.0,,,0.5047,62.0
2024-02-13,0.2763,46.0,0.2519,23.0,0.6627,72.0,,,0.5207,47.0,0.4322,63.0,0.3734,59.0,0.4687,40.0,,,0.4827,52.0
2024-02-12,0.2375,32.0,0.2429,19.0,0.4802,28.0,,,0.989,96.0,0.432,63.0,0.3763,60.0,0.4287,26.0,,,0.4865,54.0
2024-02-09,0.2387,33.0,0.2593,27.0,0.496,33.0,,,0.5635,57.0,0.4395,64.0,0.3798,61.0,0.443,30.0,,,0.4836,53.0
2024-02-08,0.2977,53.0,0.275,35.0,0.568,53.0,,,0.8047,90.0,0.4391,64.0,0.3798,61.0,0.4713,41.0,,,0.484,53.0
2024-02-07,0.2013,21.0,0.2586,27.0,0.5757,55.0,,,0.577,61.0,0.4382,64.0,0.3839,63.0,0.4781,45.0,,,0.4801,51.0
2024-02-06,0.2779,47.0,0.2681,32.0,0.8366,90.0,,,0.567,59.0,0.4891,78.0,0.4069,72.0,0.4793,45.0,,,0.4581,42.0
2024-02-05,0.2921,51.0,0.2607,28.0,0.8938,93.0,,,0.5744,61.0,0.4928,81.0,0.4148,75.0,0.482,46.0,,,0.5023,61.0
2024-02-02,0.3577,67.0,0.3182,54.0,0.8105,88.0,,,0.4864,38.0,0.4947,82.0,0.4159,76.0,0.4902,50.0,,,0.4692,46.0
2024-02-01,0.3547,67.0,0.3168,54.0,0.7699,85.0,,,0.4444,25.0,0.4945,82.0,0.4158,75.0,0.5046,57.0,,,0.5136,65.0
2024-01-31,0.351,66.0,0.3114,51.0,0.7112,80.0,,,0.5113,45.0,0.4945,82.0,0.4152,75.0,0.5258,68.0,,,0.4896,55.0
2024-01-30,0.3334,62.0,0.2958,45.0,0.466,26.0,,,0.6512,74.0,0.494,82.0,0.4147,75.0,0.5001,55.0,,,0.4817,52.0
2024-01-29,0.3639,69.0,0.3345,60.0,0.6587,72.0,,,0.5777,61.0,0.4946,82.0,0.4158,75.0,0.4829,46.0,,,0.4849,53.0
2024-01-26,0.3056,55.0,0.323,56.0,0.7561,84.0,,,0.7251,83.0,0.4929,81.0,0.4151,75.0,0.4845,47.0,,,0.4517,39.0
2024-01-25,0.3044,54.0,0.3269,57.0,0.75,83.0,,,0.5944,65.0,0.4925,81.0,0.4149,75.0,0.485,47.0,,,0.4483,37.0
2024-01-24,0.2612,41.0,0.2928,43.0,0.5219,41.0,,,0.517,46.0,0.4899,79.0,0.4125,74.0,0.4814,46.0,,,0.4473,37.0
2024-01-23,0.2569,39.0,0.2958,45.0,0.5132,38.0,,,0.7249,83.0,0.4902,80.0,0.4128,75.0,0.4667,39.0,,,0.4638,44.0
2024-01-22,0.2711,45.0,0.3197,55.0,0.5763,55.0,,,0.5312,49.0,0.4901,79.0,0.4123,74.0,0.4484,32.0,,,0.4685,46.0
2024-01-19,0.3364,63.0,0.3895,73.0,0.5006,35.0,,,0.6074,67.0,0.4901,79.0,0.4122,74.0,0.4688,40.0,,,0.4778,50.0
2024-01-18,0.4035,75.0,0.3814,71.0,0.5694,53.0,,,0.9004,94.0,0.4893,79.0,0.411,74.0,0.4366,28.0,,,0.4604,43.0
2024-01-17,0.4751,81.0,0.5866,95.0,0.6011,60.0,,,0.5797,62.0,0.4906,80.0,0.4121,74.0,0.4554,34.0,,,0.4628,44.0
2024-01-16,0.4383,78.0,0.611,95.0,0.6327,67.0,,,0.926,95.0,0.4908,80.0,0.4122,74.0,0.4036,18.0,,,0.4919,56.0
2024-01-12,0.5049,84.0,0.6202,96.0,0.4039,13.0,,,0.6154,68.0,0.4905,80.0,0.4121,74.0,0.4116,21.0,,,0.4126,21.0
2024-01-11,0.4845,82.0,0.6287,96.0,0.7444,83.0,,,0.6582,75.0,0.5021,85.0,0.4188,76.0,0.3994,17.0,,,0.4311,28.0
2024-01-10,0.5119,84.0,0.6244,96.0,0.6136,63.0,,,0.4953,41.0,0.5021,85.0,0.4177,76.0,0.3971,16.0,,,0.4207,25.0
2024-01-09,0.498,83.0,0.5888,95.0,0.5768,55.0,,,0.4472,26.0,0.4997,84.0,0.4147,75.0,0.4088,20.0,,,0.414,22.0
2024-01-08,0.4443,79.0,0.5694,94.0,0.6367,68.0,,,0.7033,80.0,0.4955,82.0,0.4133,75.0,0.4641,38.0,,,0.4691,46.0
2024-01-05,0.3111,56.0,0.366,68.0,0.5498,48.0,,,0.4976,41.0,0.4893,79.0,0.3994,70.0,0.4831,46.0,,,0.4735,48.0
2024-01-04,0.3309,61.0,0.3418,62.0,0.488,31.0,,,0.3457,6.0,0.4915,80.0,0.399,69.0,0.49,50.0,,,0.5104,64.0
2024-01-03,0.2552,38.0,0.3117,52.0,0.5302,43.0,,,0.4691,32.0,0.4891,78.0,0.3976,68.0,0.4572,35.0,,,0.4961,57.0
2024-01-02,0.2258,28.0,0.2935,44.0,0.5554,49.0,,,0.4653,31.0,0.4893,79.0,0.3974,68.0,0.4792,45.0,,,0.4781,50.0
2023-12-29,0.3365,63.0,0.2913,43.0,0.5222,41.0,,,0.3397,5.0,0.4894,79.0,0.397,68.0,0.5003,55.0,,,0.4606,43.0
2023-12-28,0.3951,74.0,0.2994,46.0,0.4946,33.0,,,0.4386,24.0,0.4893,79.0,0.3964,67.0,0.4676,39.0,,,0.4813,51.0
2023-12-27,0.3712,70.0,0.3065,49.0,0.4675,26.0,,,0.3856,11.0,0.489,78.0,0.3969,68.0,0.4501,33.0,,,0.4246,26.0
2023-12-26,0.4507,79.0,0.41,76.0,0.5233,41.0,,,0.4171,18.0,0.4904,80.0,0.3969,68.0,0.441,30.0,,,0.4451,36.0
2023-12-22,0.5954,89.0,0.5056,89.0,0.4377,20.0,,,0.378,9.0,0.4891,78.0,0.3957,67.0,0.4537,34.0,,,0.4929,57.0
2023-12-21,0.6728,92.0,0.5397,92.0,0.374,8.0,,,0.4888,39.0,0.4889,78.0,0.3958,67.0,0.4766,44.0,,,0.5036,62.0
2023-12-20,0.6767,93.0,0.5576,93.0,0.4478,22.0,,,0.4844,37.0,0.4881,78.0,0.3955,67.0,0.4519,33.0,,,0.5084,64.0
2023-12-19,0.6285,91.0,0.5522,93.0,0.4457,22.0,,,0.3435,6.0,0.4882,78.0,0.3975,68.0,0.4682,40.0,,,0.461,43.0
2023-12-18,0.5912,89.0,0.5399,92.0,0.5281,42.0,,,0.4024,15.0,0.4858,76.0,0.3973,68.0,0.4772,44.0,,,0.4968,57.0
2023-12-15,0.5797,88.0,0.5519,93.0,0.4538,23.0,,,0.4317,22.0,0.487,77.0,0.3985,69.0,0.4463,31.0,,,0.4923,56.0
2023-12-14,0.5567,87.0,0.4783,86.0,0.4996,34.0,,,0.469,32.0,0.4856,75.0,0.3928,65.0,0.4898,50.0,,,0.4729,48.0
2023-12-13,0.4363,78.0,0.3788,71.0,0.4073,13.0,,,0.4247,20.0,0.4783,71.0,0.3875,64.0,0.4875,49.0,,,0.4934,57.0
2023-12-12,0.3639,69.0,0.3702,69.0,0.4849,30.0,,,0.408,16.0,0.4785,72.0,0.3875,64.0,0.4421,30.0,,,0.4363,32.0
2023-12-11,0.3669,69.0,0.3669,68.0,0.5302,43.0,,,0.3935,13.0,0.4922,81.0,0.3927,65.0,0.5018,56.0,,,0.5006,60.0
2023-12-08,0.3701,70.0,0.3713,69.0,0.4843,30.0,,,0.3796,10.0,0.4927,81.0,0.3923,65.0,0.4929,51.0,,,0.4983,59.0
2023-12-07,0.3851,72.0,0.3834,71.0,0.337,5.0,,,0.3413,5.0,0.4926,81.0,0.3928,65.0,0.4323,27.0,,,0.5181,67.0
2023-12-06,0.4527,80.0,0.3834,71.0,0.4942,33.0,,,0.4125,17.0,0.4937,82.0,0.3928,65.0,0.4705,41.0,,,0.4688,46.0
2023-12-05,0.4557,80.0,0.3917,73.0,0.3552,7.0,,,0.4297,21.0,0.4938,82.0,0.3922,65.0,0.4847,47.0,,,0.4517,39.0
2023-12-04,0.3979,74.0,0.3764,70.0,0.3176,4.0,,,0.3063,3.0,0.4919,81.0,0.3909,65.0,0.4682,40.0,,,0.46,43.0
2023-12-01,0.3721,70.0,0.3435,62.0,0.5216,41.0,,,0.4423,25.0,0.4897,79.0,0.3885,64.0,0.4216,24.0,,,0.4279,27.0
2023-11-30,0.3292,60.0,0.3283,57.0,0.5413,46.0,,,0.4339,22.0,0.4883,78.0,0.3876,64.0,0.4561,34.0,,,0.4696,47.0
2023-11-29,0.3336,62.0,0.323,56.0,0.4465,22.0,,,0.525,48.0,0.4887,78.0,0.3874,64.0,0.4573,35.0,,,0.4626,44.0
2023-11-28,0.2865,50.0,0.3119,52.0,0.2767,1.0,,,0.2832,2.0,0.4899,79.0,0.3876,64.0,0.4575,35.0,,,0.4724,48.0
2023-11-27,0.2132,25.0,0.3113,51.0,0.4139,15.0,,,0.4135,17.0,0.4868,77.0,0.3865,64.0,0.4433,30.0,,,0.4603,43.0
2023-11-24,0.2538,38.0,0.3312,59.0,0.5177,40.0,,,0.4034,15.0,0.4867,77.0,0.3855,63.0,0.4527,33.0,,,0.4684,46.0
2023-11-22,0.3869,72.0,0.361,67.0,0.288,2.0,,,0.3739,9.0,0.4864,76.0,0.3852,63.0,0.4696,40.0,,,0.4712,47.0
2023-11-21,0.372,70.0,0.3955,74.0,0.3632,7.0,,,0.3991,14.0,0.4861,76.0,0.3845,63.0,0.4312,27.0,,,0.43,28.0
2023-11-20,0.3702,70.0,0.4203,78.0,0.3088,3.0,,,0.3221,4.0,0.4861,76.0,0.384,63.0,0.485,47.0,,,0.4699,47.0
2023-11-17,0.8771,96.0,0.5736,94.0,0.4319,19.0,,,0.5609,57.0,0.4859,76.0,0.3847,63.0,0.4371,28.0,,,0.4752,49.0
2023-11-16,0.8902,97.0,0.594,95.0,0.5328,43.0,,,0.5153,46.0,0.4863,76.0,0.3858,63.0,0.4651,39.0,,,0.4741,48.0
2023-11-15,0.8758,96.0,0.5857,95.0,0.4779,28.0,,,0.4539,28.0,0.4849,75.0,0.3849,63.0,0.4616,37.0,,,0.4372,32.0
2023-11-14,0.8874,97.0,0.5661,94.0,0.4296,18.0,,,0.403,15.0,0.4842,75.0,0.3831,62.0,0.4461,31.0,,,0.4596,42.0
2023-11-13,0.8725,96.0,0.5428,92.0,0.6354,68.0,,,0.5011,42.0,0.4799,72.0,0.383,62.0,0.457,35.0,,,0.4604,43.0
2023-11-10,0.8836,97.0,0.5112,90.0,0.6304,67.0,,,0.4399,24.0,0.4793,72.0,0.3806,61.0,0.4424,30.0,,,0.431,28.0
2023-11-09,0.8829,97.0,0.4809,86.0,0.4409,21.0,,,0.6551,74.0,0.4807,72.0,0.3812,62.0,0.4447,31.0,,,0.4341,31.0
2023-11-08,0.2181,27.0,0.2642,30.0,0.7443,83.0,,,1.1049,98.0,0.4357,63.0,0.3717,57.0,0.5193,65.0,,,0.4546,40.0
2023-11-07,0.2033,22.0,0.211,8.0,0.8162,88.0,,,0.7894,89.0,0.4353,63.0,0.37,57.0,0.4856,48.0,,,0.5105,64.0
2023-11-06,0.1594,10.0,0.1997,5.0,0.8853,92.0,,,0.6878,78.0,0.4348,63.0,0.3706,57.0,0.4846,47.0,,,0.4996,60.0
2023-11-03,0.1676,11.0,0.1939,4.0,0.7043,79.0,,,0.6003,65.0,0.468,70.0,0.38,61.0,0.4909,50.0,,,0.4595,42.0
2023-11-02,0.1035,2.0,0.1913,3.0,0.8293,89.0,,,0.6962,79.0,0.4668,69.0,0.3801,61.0,0.4932,52.0,,,0.4982,59.0
2023-11-01,0.132,5.0,0.1927,3.0,0.7649,84.0,,,0.6826,78.0,0.4669,69.0,0.3798,61.0,0.458,35.0,,,0.4386,33.0
2023-10-31,0.1329,5.0,0.2053,6.0,0.6474,70.0,,,0.6782,77.0,0.4669,69.0,0.3799,61.0,0.4946,52.0,,,0.4549,40.0
2023-10-30,0.1463,7.0,0.217,10.0,0.6367,68.0,,,0.7006,80.0,0.467,69.0,0.3801,61.0,0.4534,34.0,,,0.5247,69.0
2023-10-27,0.3294,61.0,0.3065,49.0,0.6668,73.0,,,0.5846,63.0,0.4677,69.0,0.3813,62.0,0.4916,50.0,,,0.4624,44.0
2023-10-26,0.3341,62.0,0.3139,53.0,0.7693,85.0,,,0.632,71.0,0.4678,69.0,0.3818,62.0,0.5284,69.0,,,0.5077,63.0
2023-10-25,0.4227,77.0,0.3443,63.0,0.4171,15.0,,,0.5893,64.0,0.4712,70.0,0.3857,63.0,0.4546,34.0,,,0.4671,46.0
2023-10-24,0.4383,78.0,0.3416,62.0,0.7018,78.0,,,0.4949,40.0,0.4718,70.0,0.3866,64.0,0.5016,56.0,,,0.502,61.0
2023-10-23,0.4261,77.0,0.3509,64.0,0.6121,63.0,,,0.5361,51.0,0.4767,71.0,0.3891,64.0,0.4566,35.0,,,0.4427,35.0
2023-10-20,0.4919,83.0,0.387,72.0,0.5655,52.0,,,0.6016,66.0,0.4786,72.0,0.3892,64.0,0.4566,35.0,,,0.4452,36.0
2023-10-19,0.5104,84.0,0.3839,72.0,0.6374,68.0,,,0.6216,69.0,0.4821,73.0,0.3907,65.0,0.4843,47.0,,,0.4821,52.0
2023-10-18,0.4233,77.0,0.3146,53.0,0.5433,47.0,,,0.5393,52.0,0.4867,77.0,0.3972,68.0,0.5167,63.0,,,0.5368,73.0
2023-10-17,0.4086,76.0,0.3167,54.0,0.5474,48.0,,,0.5809,62.0,0.4866,77.0,0.3967,68.0,0.5577,78.0,,,0.5498,76.0
2023-10-16,0.3603,68.0,0.2952,44.0,0.6426,69.0,,,0.6268,70.0,0.4845,75.0,0.3954,67.0,0.5572,78.0,,,0.5117,65.0
2023-10-13,0.359,68.0,0.3002,47.0,0.5971,60.0,,,0.5168,46.0,0.4843,75.0,0.3957,67.0,0.5818,83.0,,,0.5195,67.0
2023-10-12,0.3771,71.0,0.3249,57.0,0.5932,59.0,,,0.6499,73.0,0.4847,75.0,0.3951,67.0,0.5675,80.0,,,0.4308,28.0
2023-10-11,0.2078,23.0,0.308,50.0,0.5976,60.0,,,0.4694,32.0,0.4795,72.0,0.3932,66.0,0.4746,43.0,,,0.5096,64.0
2023-10-10,0.2222,28.0,0.3122,52.0,0.6237,65.0,,,0.6747,77.0,0.4794,72.0,0.3939,66.0,0.5244,67.0,,,0.4949,57.0
2023-10-09,0.2996,53.0,0.3425,62.0,0.467,26.0,,,0.6037,66.0,0.487,77.0,0.3985,69.0,0.5545,77.0,,,0.4944,57.0
2023-10-06,0.3138,57.0,0.3439,63.0,0.5548,49.0,,,0.5253,48.0,0.4876,78.0,0.3983,69.0,0.544,74.0,,,0.5102,64.0
2023-10-05,0.3296,61.0,0.3304,57.0,0.5541,49.0,,,0.4958,41.0,0.4874,77.0,0.3977,69.0,0.5099,61.0,,,0.5243,69.0
2023-10-04,0.3248,59.0,0.3341,59.0,0.6055,61.0,,,0.5584,57.0,0.4876,78.0,0.3983,69.0,0.5388,73.0,,,0.5147,66.0
2023-10-03,0.293,51.0,0.3004,47.0,0.6785,75.0,,,0.4899,39.0,0.487,77.0,0.3966,68.0,0.5189,64.0,,,0.5135,65.0
2023-10-02,0.2683,44.0,0.2647,30.0,0.2887,2.0,,,0.4211,19.0,0.4861,76.0,0.395,67.0,0.4918,51.0,,,0.4618,44.0
2023-09-29,0.2765,46.0,0.2693,32.0,0.4329,19.0,,,0.3926,12.0,0.4865,76.0,0.3963,67.0,0.4608,37.0,,,0.5035,62.0
2023-09-28,0.1989,20.0,0.2446,20.0,0.4938,33.0,,,0.4183,19.0,0.4851,75.0,0.3951,67.0,0.5458,75.0,,,0.505,62.0
2023-09-27,0.1795,14.0,0.2285,13.0,0.4869,31.0,,,0.54,52.0,0.4847,75.0,0.3948,67.0,0.5237,67.0,,,0.4977,59.0
2023-09-26,0.1303,5.0,0.2356,16.0,0.4798,28.0,,,0.4293,21.0,0.4838,74.0,0.3947,66.0,0.5304,70.0,,,0.4868,54.0
2023-09-25,0.2084,24.0,0.2621,28.0,0.4238,17.0,,,0.4034,15.0,0.4839,74.0,0.3943,66.0,0.5226,66.0,,,0.4637,44.0
2023-09-22,0.233,31.0,0.2608,28.0,0.4072,13.0,,,0.4613,30.0,0.4838,74.0,0.3939,66.0,0.5392,73.0,,,0.4834,53.0
2023-09-21,0.2348,32.0,0.3042,48.0,0.4704,27.0,,,0.5322,50.0,0.4839,74.0,0.394,66.0,0.5058,57.0,,,0.4714,48.0
2023-09-20,0.6135,90.0,0.3574,66.0,0.3932,11.0,,,0.4227,20.0,0.484,74.0,0.3942,66.0,0.4982,54.0,,,0.4779,50.0
2023-09-19,0.6577,92.0,0.371,69.0,0.4238,17.0,,,0.3742,9.0,0.484,74.0,0.3937,66.0,0.5378,72.0,,,0.4781,50.0
2023-09-18,0.659,92.0,0.3873,72.0,0.4519,23.0,,,0.3866,11.0,0.484,74.0,0.3938,66.0,0.4681,40.0,,,0.4994,60.0
2023-09-15,0.6362,91.0,0.3888,73.0,0.4324,19.0,,,0.497,41.0,0.484,74.0,0.3935,66.0,0.5298,69.0,,,0.4759,49.0
2023-09-14,0.6526,92.0,0.3677,68.0,0.4334,19.0,,,0.4268,21.0,0.4831,74.0,0.3925,65.0,0.5115,61.0,,,0.4753,49.0
2023-09-13,0.6625,92.0,0.439,81.0,0.4382,20.0,,,0.4785,35.0,0.4856,75.0,0.3933,66.0,0.4735,42.0,,,0.5042,62.0
2023-09-12,0.7153,94.0,0.4202,77.0,0.6707,74.0,,,0.5252,48.0,0.4862,76.0,0.3935,66.0,0.4928,51.0,,,0.4569,41.0
2023-09-11,0.473,81.0,0.3723,69.0,0.6597,72.0,,,0.3462,6.0,0.4655,69.0,0.3908,65.0,0.4726,42.0,,,0.4842,53.0
2023-09-08,0.4371,78.0,0.3691,68.0,0.7839,86.0,,,0.4311,22.0,0.4674,69.0,0.3904,65.0,0.4901,50.0,,,0.5202,67.0
2023-09-07,0.4427,79.0,0.3525,65.0,0.4366,20.0,,,0.4464,26.0,0.4658,69.0,0.39,65.0,0.5297,69.0,,,0.4367,32.0
2023-09-06,0.4365,78.0,0.3465,63.0,0.6485,70.0,,,0.5124,46.0,0.4652,69.0,0.3901,65.0,0.4967,53.0,,,0.4983,59.0
2023-09-05,0.4286,78.0,0.347,63.0,0.5004,35.0,,,0.5727,60.0,0.4651,68.0,0.3898,65.0,0.5137,62.0,,,0.4828,52.0
2023-09-01,0.2644,42.0,0.2538,25.0,0.4773,28.0,,,0.2209,1.0,0.4571,66.0,0.3858,63.0,0.4907,50.0,,,0.4877,55.0
2023-08-31,0.2516,37.0,0.2573,26.0,0.3065,3.0,,,0.5795,61.0,0.4563,66.0,0.3859,63.0,0.4919,51.0,,,0.4347,31.0
2023-08-30,0.214,26.0,0.2762,36.0,0.4044,13.0,,,0.5681,59.0,0.4572,66.0,0.3864,64.0,0.5046,57.0,,,0.4713,48.0
2023-08-29,0.2098,24.0,0.253,24.0,0.4195,16.0,,,0.3576,7.0,0.4587,67.0,0.3862,64.0,0.5141,62.0,,,0.4567,41.0
2023-08-28,0.1967,19.0,0.2639,28.0,0.4668,26.0,,,0.3774,9.0,0.4586,67.0,0.3866,64.0,0.5209,65.0,,,0.4575,42.0
2023-08-25,0.3879,73.0,0.3285,57.0,0.4441,21.0,,,0.3991,14.0,0.4971,83.0,0.4016,70.0,0.5058,57.0,,,0.4605,43.0
2023-08-24,0.3961,74.0,0.3875,72.0,0.5164,39.0,,,0.4047,15.0,0.4978,83.0,0.4017,70.0,0.532,70.0,,,0.4731,48.0
2023-08-23,0.5541,87.0,0.439,81.0,0.4746,28.0,,,0.4483,26.0,0.4969,83.0,0.402,71.0,0.4995,54.0,,,0.4541,40.0
2023-08-22,0.5431,87.0,0.4316,80.0,0.474,27.0,,,0.5262,48.0,0.4964,83.0,0.4014,70.0,0.5286,69.0,,,0.47,47.0
2023-08-21,0.5673,88.0,0.4912,88.0,0.4453,22.0,,,0.4505,27.0,0.4964,83.0,0.4004,70.0,0.5252,68.0,,,0.4589,42.0
2023-08-18,1.0663,99.0,0.7515,98.0,0.5299,43.0,,,0.4936,40.0,0.4963,83.0,0.4001,70.0,0.5132,62.0,,,0.4845,53.0
2023-08-17,1.0615,99.0,0.824,99.0,0.5376,45.0,,,0.485,37.0,0.4971,83.0,0.3995,70.0,0.5301,70.0,,,0.4968,57.0
2023-08-16,1.0953,99.0,0.8102,99.0,0.4527,23.0,,,0.474,33.0,0.4898,79.0,0.3968,68.0,0.5225,66.0,,,0.4822,52.0
2023-08-15,1.1017,99.0,0.7827,99.0,0.6042,61.0,,,0.4751,34.0,0.4894,79.0,0.3935,66.0,0.5025,56.0,,,0.4841,53.0
2023-08-14,0.9932,98.0,0.7522,99.0,0.4147,15.0,,,0.4751,34.0,0.4836,74.0,0.3906,65.0,0.5156,63.0,,,0.5086,64.0
2023-08-11,1.0282,98.0,0.7536,99.0,0.5926,57.0,,,0.5294,49.0,0.4831,74.0,0.3903,65.0,0.5231,67.0,,,0.4626,44.0
2023-08-10,1.0177,98.0,0.7212,98.0,0.7302,81.0,,,0.679,77.0,0.4829,73.0,0.3861,64.0,0.5235,67.0,,,0.5219,68.0
2023-08-09,0.3869,72.0,0.4384,81.0,0.6535,71.0,,,0.6163,68.0,0.4275,61.0,0.3618,52.0,0.5178,64.0,,,0.483,52.0
2023-08-08,0.2154,26.0,0.2637,28.0,0.8956,93.0,,,0.7806,88.0,0.4219,57.0,0.3522,50.0,0.4914,50.0,,,0.4832,52.0
2023-08-07,0.1613,10.0,0.2272,13.0,0.7632,84.0,,,0.8351,91.0,0.421,57.0,0.351,49.0,0.5058,57.0,,,0.49,55.0
2023-08-04,0.1957,19.0,0.2367,16.0,0.6835,76.0,,,0.7666,87.0,0.4219,57.0,0.3512,49.0,0.5143,62.0,,,0.4632,44.0
2023-08-03,0.1959,19.0,0.2354,16.0,0.8112,88.0,,,0.8059,90.0,0.4217,57.0,0.3514,50.0,0.4889,49.0,,,0.4787,50.0
2023-08-02,0.1721,13.0,0.2247,12.0,0.7875,86.0,,,0.7258,83.0,0.421,57.0,0.3511,49.0,0.4876,49.0,,,0.4818,52.0
2023-08-01,0.1651,11.0,0.2028,5.0,0.6105,62.0,,,0.6911,79.0,0.4211,57.0,0.3498,49.0,0.476,44.0,,,0.4353,31.0
2023-07-31,0.2171,27.0,0.2449,20.0,0.5712,54.0,,,0.5398,52.0,0.4211,57.0,0.3506,49.0,0.4723,42.0,,,0.4519,39.0
2023-07-28,0.2503,37.0,0.2592,27.0,0.6084,62.0,,,0.3424,5.0,0.421,57.0,0.3507,49.0,0.4754,43.0,,,0.4529,39.0
2023-07-27,0.2878,50.0,0.2828,39.0,0.5867,57.0,,,0.5374,51.0,0.4216,57.0,0.3508,49.0,0.4691,40.0,,,0.4427,35.0
2023-07-26,0.5208,85.0,0.4203,78.0,0.4271,17.0,,,0.4662,31.0,0.4221,57.0,0.3511,49.0,0.4472,32.0,,,0.435,31.0
2023-07-25,0.509,84.0,0.4252,79.0,0.6092,62.0,,,0.5288,49.0,0.4218,57.0,0.3533,50.0,0.4777,44.0,,,0.4254,26.0
2023-07-24,0.5092,84.0,0.4332,80.0,0.5136,39.0,,,0.4304,21.0,0.4216,57.0,0.3531,50.0,0.4736,42.0,,,0.451,38.0
2023-07-21,0.4725,81.0,0.4236,78.0,0.6071,62.0,,,0.4594,28.0,0.4206,57.0,0.3526,50.0,0.4893,49.0,,,0.4336,30.0
2023-07-20,0.4004,74.0,0.4026,75.0,0.5593,50.0,,,0.5054,44.0,0.4223,59.0,0.3534,50.0,0.4551,34.0,,,0.4659,45.0
2023-07-19,0.5139,85.0,0.4281,79.0,0.5148,39.0,,,0.5668,59.0,0.4222,57.0,0.3529,50.0,0.4945,52.0,,,0.4502,38.0
2023-07-18,0.5127,85.0,0.4215,78.0,0.4912,32.0,,,0.4889,39.0,0.4217,57.0,0.3521,50.0,0.4668,39.0,,,0.4571,41.0
2023-07-17,0.3117,56.0,0.2932,43.0,0.3493,6.0,,,0.4119,17.0,0.4106,53.0,0.3438,47.0,0.4873,48.0,,,0.4593,42.0
2023-07-14,0.2931,51.0,0.301,47.0,0.433,19.0,,,0.4525,27.0,0.4104,53.0,0.3435,47.0,0.4814,46.0,,,0.4848,53.0
2023-07-13,0.2776,47.0,0.2904,42.0,0.4336,19.0,,,0.3046,3.0,0.4111,54.0,0.3431,47.0,0.4925,51.0,,,0.4426,35.0
2023-07-12,0.2702,45.0,0.2975,45.0,0.1723,1.0,,,0.4214,19.0,0.4111,54.0,0.3429,47.0,0.4701,41.0,,,0.4616,44.0
2023-07-11,0.3401,64.0,0.3129,52.0,0.2848,2.0,,,0.3765,9.0,0.4109,53.0,0.3428,47.0,0.5134,62.0,,,0.4543,40.0
2023-07-10,0.2609,41.0,0.2676,31.0,0.3465,6.0,,,0.4699,32.0,0.4072,52.0,0.3403,46.0,0.4928,51.0,,,0.4417,34.0
2023-07-07,0.2473,36.0,0.2668,31.0,0.1738,1.0,,,0.3517,6.0,0.4097,53.0,0.3407,46.0,0.509,60.0,,,0.4464,36.0
2023-07-06,0.208,23.0,0.2449,20.0,0.3979,12.0,,,0.4413,24.0,0.4088,52.0,0.3407,46.0,0.5006,55.0,,,0.4492,37.0
2023-07-05,0.3032,54.0,0.3039,48.0,0.3742,8.0,,,0.3114,3.0,0.4082,52.0,0.3402,46.0,0.4999,55.0,,,0.4518,39.0
2023-07-03,0.3319,62.0,0.3195,55.0,0.3109,4.0,,,0.4462,26.0,0.4086,52.0,0.3403,46.0,0.4871,48.0,,,0.4539,40.0
2023-06-30,0.4008,75.0,0.3415,62.0,0.3494,6.0,,,0.4317,22.0,0.4086,52.0,0.3399,46.0,0.4173,22.0,,,0.4198,25.0
2023-06-29,0.368,69.0,0.3336,59.0,0.2561,1.0,,,0.4508,27.0,0.408,52.0,0.3392,46.0,0.4586,36.0,,,0.4127,21.0
2023-06-28,0.3762,71.0,0.3761,70.0,0.4185,15.0,,,0.4227,20.0,0.408,52.0,0.3393,46.0,0.4532,34.0,,,0.4309,28.0
2023-06-27,0.471,81.0,0.4193,77.0,0.4601,25.0,,,0.4547,28.0,0.408,52.0,0.339,45.0,0.4568,35.0,,,0.4348,31.0
2023-06-26,0.6555,92.0,0.5213,91.0,0.5649,52.0,,,0.3609,8.0,0.4084,52.0,0.339,45.0,0.4804,46.0,,,0.473,48.0
2023-06-23,0.5426,87.0,0.4818,87.0,0.5036,36.0,,,0.4293,21.0,0.4046,50.0,0.3355,44.0,0.4366,28.0,,,0.4514,38.0
2023-06-22,0.4809,82.0,0.4783,86.0,0.4183,15.0,,,0.4022,15.0,0.4036,50.0,0.3362,45.0,0.4418,30.0,,,0.4775,50.0
2023-06-21,0.4803,82.0,0.4739,86.0,0.4962,34.0,,,0.431,22.0,0.4017,49.0,0.3347,44.0,0.4402,28.0,,,0.4453,36.0
2023-06-20,0.5136,85.0,0.4697,85.0,0.5396,46.0,,,0.442,25.0,0.4017,49.0,0.3348,44.0,0.468,39.0,,,0.4363,32.0
2023-06-16,0.5365,86.0,0.4362,81.0,0.5192,40.0,,,0.4049,15.0,0.4026,49.0,0.3324,43.0,0.4804,46.0,,,0.4265,27.0
2023-06-15,0.5192,85.0,0.3889,73.0,0.5015,35.0,,,0.4147,18.0,0.3971,48.0,0.3304,42.0,0.479,45.0,,,0.4467,37.0
2023-06-14,0.2281,30.0,0.2527,24.0,0.5629,51.0,,,0.4417,24.0,0.3805,44.0,0.3221,38.0,0.483,46.0,,,0.4299,28.0
2023-06-13,0.2406,33.0,0.2643,30.0,0.5224,41.0,,,0.4017,14.0,0.3802,44.0,0.3226,39.0,0.4837,47.0,,,0.4312,28.0
2023-06-12,0.3069,55.0,0.2733,34.0,0.5204,40.0,,,0.6576,75.0,0.3801,43.0,0.3223,38.0,0.4955,52.0,,,0.4311,28.0
2023-06-09,0.258,40.0,0.2428,19.0,0.5788,56.0,,,0.4091,16.0,0.3778,43.0,0.3217,38.0,0.495,52.0,,,0.4301,28.0
2023-06-08,0.252,37.0,0.2461,21.0,0.5333,44.0,,,0.4557,28.0,0.3804,44.0,0.3229,39.0,0.4842,47.0,,,0.4344,31.0
2023-06-07,0.2494,36.0,0.2522,24.0,0.5231,41.0,,,0.4106,17.0,0.3808,44.0,0.3229,39.0,0.4892,49.0,,,0.4313,28.0
2023-06-06,0.2483,36.0,0.2507,23.0,0.5787,55.0,,,0.4068,16.0,0.3819,44.0,0.3239,39.0,0.4878,49.0,,,0.4335,30.0
2023-06-05,0.2458,35.0,0.2418,19.0,0.5549,49.0,,,0.416,18.0,0.3831,45.0,0.3234,39.0,0.484,47.0,,,0.4362,32.0
2023-06-02,0.1972,20.0,0.2595,27.0,0.5197,40.0,,,0.4049,15.0,0.3849,45.0,0.3233,39.0,0.4769,44.0,,,0.4309,28.0
2023-06-01,0.1456,7.0,0.2702,33.0,0.5192,40.0,,,0.4766,34.0,0.3824,45.0,0.3221,38.0,0.469,40.0,,,0.4345,31.0
2023-05-31,0.1057,2.0,0.2757,35.0,0.3826,9.0,,,0.4343,23.0,0.3825,45.0,0.3225,39.0,0.4767,44.0,,,0.4346,31.0
2023-05-30,0.1128,3.0,0.2768,36.0,0.4538,23.0,,,0.44,24.0,0.3825,45.0,0.3228,39.0,0.4826,46.0,,,0.4607,43.0
2023-05-26,0.1587,9.0,0.3163,54.0,0.443,21.0,,,0.4397,24.0,0.3825,45.0,0.3223,38.0,0.4855,48.0,,,0.4828,52.0
2023-05-25,0.1596,10.0,0.3221,56.0,0.4737,27.0,,,0.3819,10.0,0.3825,45.0,0.322,38.0,0.4834,47.0,,,0.4515,38.0
2023-05-24,0.2104,25.0,0.3723,69.0,0.4235,17.0,,,0.6535,74.0,0.3829,45.0,0.3222,38.0,0.4903,50.0,,,0.4389,33.0
2023-05-23,0.2118,25.0,0.3942,74.0,0.4123,14.0,,,0.4184,19.0,0.3829,45.0,0.3206,37.0,0.4756,43.0,,,0.4416,34.0
2023-05-22,0.1753,13.0,0.3755,70.0,0.423,16.0,,,0.4414,24.0,0.3825,45.0,0.319,35.0,0.4854,48.0,,,0.4384,33.0
2023-05-19,0.1705,12.0,0.3886,72.0,0.415,15.0,,,0.4242,20.0,0.3825,45.0,0.319,35.0,0.484,47.0,,,0.4365,32.0
2023-05-18,0.6938,93.0,0.5281,91.0,0.4883,31.0,,,0.419,19.0,0.3825,45.0,0.3192,36.0,0.4754,43.0,,,0.4384,33.0
2023-05-17,0.711,94.0,0.5056,89.0,0.5161,39.0,,,0.4226,20.0,0.3818,44.0,0.3173,34.0,0.484,47.0,,,0.432,28.0
2023-05-16,0.7147,94.0,0.5006,89.0,0.5114,38.0,,,0.5084,44.0,0.3819,44.0,0.3169,33.0,0.4962,53.0,,,0.4653,45.0
2023-05-15,0.7288,94.0,0.4621,84.0,0.6042,61.0,,,0.4429,25.0,0.3802,44.0,0.3142,30.0,0.4902,50.0,,,0.4444,35.0
2023-05-12,0.7248,94.0,0.4262,79.0,0.5793,56.0,,,0.4024,15.0,0.3802,44.0,0.3114,26.0,0.4767,44.0,,,0.4563,41.0
2023-05-11,0.7537,95.0,0.4428,82.0,0.4277,18.0,,,0.5982,65.0,0.3804,44.0,0.3114,26.0,0.497,53.0,,,0.4487,37.0
2023-05-10,0.77,95.0,0.4347,80.0,0.4617,25.0,,,0.526,48.0,0.3803,44.0,0.3111,26.0,0.4942,52.0,,,0.4302,28.0
2023-05-09,0.303,54.0,0.3391,61.0,1.0132,96.0,,,0.4719,33.0,0.3426,32.0,0.3045,17.0,0.4719,41.0,,,0.4424,34.0
2023-05-08,0.3253,60.0,0.3537,65.0,0.6197,64.0,,,0.5469,54.0,0.3714,42.0,0.3108,25.0,0.5011,56.0,,,0.4504,38.0
2023-05-05,0.4353,78.0,0.4048,75.0,0.625,65.0,,,0.4424,25.0,0.3717,42.0,0.3119,27.0,0.4897,50.0,,,0.4495,37.0
2023-05-04,0.4535,80.0,0.4111,76.0,0.6309,67.0,,,0.5085,44.0,0.3716,42.0,0.312,27.0,0.5002,55.0,,,0.4475,37.0
2023-05-03,0.4639,81.0,0.4379,81.0,0.6386,69.0,,,0.4951,41.0,0.3727,43.0,0.3123,27.0,0.5043,57.0,,,0.4606,43.0
2023-05-02,0.5596,88.0,0.5586,93.0,0.6449,70.0,,,0.5169,46.0,0.3742,43.0,0.3114,26.0,0.5031,57.0,,,0.4605,43.0
2023-05-01,0.6128,90.0,0.5521,93.0,0.6897,77.0,,,0.4978,41.0,0.3742,43.0,0.3111,26.0,0.501,55.0,,,0.4256,26.0
2023-04-28,0.4622,80.0,0.5026,89.0,0.5585,50.0,,,0.5386,51.0,0.3699,42.0,0.306,19.0,0.4882,49.0,,,0.4327,30.0
2023-04-27,0.5176,85.0,0.4921,88.0,0.6201,64.0,,,0.6076,67.0,0.37,42.0,0.3059,19.0,0.4944,52.0,,,0.4153,23.0
2023-04-26,0.5344,86.0,0.4544,84.0,0.5545,49.0,,,0.4918,39.0,0.3634,39.0,0.3031,16.0,0.4778,45.0,,,0.4542,40.0
2023-04-25,0.5249,85.0,0.4529,83.0,0.6082,62.0,,,0.401,14.0,0.3632,39.0,0.3046,17.0,0.4752,43.0,,,0.445,36.0
2023-04-24,0.4843,82.0,0.4373,81.0,0.7486,83.0,,,0.7042,80.0,0.3632,39.0,0.3063,19.0,0.464,38.0,,,0.4772,50.0
2023-04-21,0.3558,67.0,0.3431,62.0,0.6078,62.0,,,0.4017,14.0,0.3485,35.0,0.2938,10.0,0.4727,42.0,,,0.4406,34.0
2023-04-20,0.4037,75.0,0.3495,64.0,0.6373,68.0,,,0.4888,39.0,0.3549,36.0,0.2963,11.0,0.4486,32.0,,,0.4455,36.0
2023-04-19,0.4027,75.0,0.3461,63.0,0.6318,67.0,,,0.4099,17.0,0.3549,36.0,0.2963,11.0,0.5102,61.0,,,0.4454,36.0
2023-04-18,0.4053,75.0,0.3553,66.0,0.6562,71.0,,,0.4491,26.0,0.3564,37.0,0.2978,13.0,0.5165,63.0,,,0.4377,32.0
2023-04-17,0.4033,75.0,0.3558,66.0,0.5918,57.0,,,0.497,41.0,0.3565,37.0,0.2979,13.0,0.505,57.0,,,0.4305,28.0
2023-04-14,0.392,73.0,0.3472,63.0,0.6324,67.0,,,0.3607,7.0,0.3581,37.0,0.2992,14.0,0.5201,65.0,,,0.4075,19.0
2023-04-13,0.3906,73.0,0.3634,67.0,0.6282,66.0,,,0.6291,70.0,0.3582,37.0,0.2993,14.0,0.5162,63.0,,,0.4461,36.0
2023-04-12,0.2083,24.0,0.2647,30.0,0.5138,39.0,,,0.4798,35.0,0.3513,35.0,0.2953,11.0,0.5255,68.0,,,0.4596,42.0
2023-04-11,0.1536,9.0,0.2648,30.0,0.4928,33.0,,,0.3596,7.0,0.3511,35.0,0.2956,11.0,0.5056,57.0,,,0.5068,63.0
2023-04-10,0.1354,6.0,0.259,27.0,0.6328,67.0,,,0.4963,41.0,0.3509,35.0,0.2981,13.0,0.5192,65.0,,,0.4249,26.0
2023-04-06,0.1635,11.0,0.2356,16.0,0.625,65.0,,,0.4362,23.0,0.3545,36.0,0.2992,14.0,0.5231,67.0,,,0.466,45.0
2023-04-05,0.1556,9.0,0.23,14.0,0.526,42.0,,,0.3852,11.0,0.3542,36.0,0.299,14.0,0.5193,65.0,,,0.4086,20.0
2023-04-04,0.158,9.0,0.2361,16.0,0.5482,48.0,,,0.3585,7.0,0.3549,36.0,0.2995,14.0,0.4848,47.0,,,0.4338,31.0
2023-04-03,0.1639,11.0,0.2072,7.0,0.5591,50.0,,,0.4933,40.0,0.3546,36.0,0.2975,12.0,0.5266,68.0,,,0.4392,33.0
2023-03-31,0.142,7.0,0.2005,5.0,0.5204,40.0,,,0.4814,36.0,0.354,36.0,0.2978,13.0,0.5367,72.0,,,0.4368,32.0
2023-03-30,0.1369,6.0,0.1925,3.0,0.4095,14.0,,,0.4499,27.0,0.3541,36.0,0.2987,14.0,0.5068,59.0,,,0.416,23.0
2023-03-29,0.1455,7.0,0.1963,4.0,0.5721,54.0,,,0.4891,39.0,0.3573,37.0,0.3009,15.0,0.5313,70.0,,,0.4858,54.0
2023-03-28,0.1769,14.0,0.2116,8.0,0.4484,23.0,,,0.4162,18.0,0.3574,37.0,0.3015,15.0,0.5228,66.0,,,0.4457,36.0
2023-03-27,0.3087,56.0,0.2442,20.0,0.4143,15.0,,,0.5078,44.0,0.3602,38.0,0.3024,15.0,0.5005,55.0,,,0.4514,38.0
2023-03-24,0.3284,60.0,0.2933,43.0,0.4272,17.0,,,0.3742,9.0,0.3601,38.0,0.3024,15.0,0.5278,69.0,,,0.4348,31.0
2023-03-23,0.3171,57.0,0.2829,39.0,0.6127,63.0,,,0.3332,5.0,0.3608,38.0,0.3034,16.0,0.4986,54.0,,,0.4658,45.0
2023-03-22,0.4054,75.0,0.3031,48.0,0.5676,53.0,,,0.3981,14.0,0.3608,38.0,0.3033,16.0,0.5027,57.0,,,0.5035,62.0
2023-03-21,0.4049,75.0,0.3124,52.0,0.5342,44.0,,,0.5396,52.0,0.3615,39.0,0.3035,16.0,0.5256,68.0,,,0.3869,13.0
2023-03-20,0.3987,74.0,0.3216,55.0,0.559,50.0,,,0.5487,54.0,0.3618,39.0,0.304,17.0,0.4615,37.0,,,0.4147,22.0
2023-03-17,0.3818,71.0,0.3124,52.0,0.5954,59.0,,,0.4932,40.0,0.3606,38.0,0.3033,16.0,0.4875,49.0,,,0.4465,37.0
2023-03-16,0.2703,45.0,0.2979,46.0,0.4613,25.0,,,0.5777,61.0,0.359,38.0,0.3044,17.0,0.4163,22.0,,,0.4856,54.0
2023-03-15,0.2586,40.0,0.2655,30.0,0.5828,56.0,,,0.4511,27.0,0.3581,37.0,0.3021,15.0,0.4737,42.0,,,0.4581,42.0
2023-03-14,0.3209,57.0,0.2806,38.0,0.4993,34.0,,,0.42,19.0,0.3581,37.0,0.3027,16.0,0.4969,53.0,,,0.4445,36.0
2023-03-13,0.2354,32.0,0.2785,37.0,0.5454,47.0,,,0.4186,19.0,0.3551,36.0,0.3036,16.0,0.5147,62.0,,,0.4402,34.0
2023-03-10,0.2565,39.0,0.2783,37.0,0.5087,37.0,,,0.3601,7.0,0.3551,36.0,0.3033,16.0,0.5245,67.0,,,0.4551,41.0
2023-03-09,0.8913,97.0,0.5313,91.0,0.3987,12.0,,,0.6001,65.0,0.3572,37.0,0.304,17.0,0.5323,71.0,,,0.5003,60.0
2023-03-08,0.91,97.0,0.5357,92.0,0.3905,10.0,,,0.6113,68.0,0.3572,37.0,0.3047,17.0,0.4999,55.0,,,0.4492,37.0
2023-03-07,0.9133,97.0,0.5383,92.0,0.291,2.0,,,0.4379,23.0,0.3576,37.0,0.3048,17.0,0.5272,68.0,,,0.4599,43.0
2023-03-06,0.9128,97.0,0.5313,91.0,0.4559,24.0,,,0.3117,3.0,0.3576,37.0,0.305,18.0,0.5205,65.0,,,0.4596,42.0
2023-03-03,0.8723,96.0,0.5208,90.0,0.5374,45.0,,,0.5612,57.0,0.3564,37.0,0.3044,17.0,0.4212,24.0,,,0.4693,46.0
2023-03-02,0.8296,96.0,0.5079,89.0,0.6043,61.0,,,0.3691,8.0,0.3568,37.0,0.305,18.0,0.4483,32.0,,,0.4699,47.0
2023-03-01,0.8602,96.0,0.4998,89.0,0.5525,49.0,,,0.9581,95.0,0.3565,37.0,0.3057,19.0,0.5278,69.0,,,0.5468,76.0
2023-02-28,0.1985,20.0,0.1994,5.0,0.6279,66.0,,,0.6814,78.0,0.299,16.0,0.2859,7.0,0.4823,46.0,,,0.4773,50.0
2023-02-27,0.1959,19.0,0.1877,3.0,0.6084,62.0,,,0.5018,42.0,0.2984,15.0,0.2857,7.0,0.4346,28.0,,,0.4783,50.0
2023-02-24,0.1986,20.0,0.1833,2.0,0.6141,63.0,,,0.551,55.0,0.2997,16.0,0.285,6.0,0.4509,33.0,,,0.4428,35.0
2023-02-23,0.1949,19.0,0.1782,2.0,0.6117,62.0,,,0.484,37.0,0.3007,17.0,0.2855,7.0,0.4718,41.0,,,0.4688,46.0
2023-02-22,0.23,31.0,0.2051,6.0,0.4172,15.0,,,0.545,53.0,0.3006,17.0,0.2858,7.0,0.4627,38.0,,,0.4671,46.0
2023-02-21,0.2533,38.0,0.2182,10.0,0.6703,74.0,,,0.4444,25.0,0.3018,18.0,0.2865,7.0,0.5076,60.0,,,0.4777,50.0
2023-02-17,0.2241,28.0,0.2213,11.0,0.4803,28.0,,,0.476,34.0,0.302,18.0,0.2878,8.0,0.3985,17.0,,,0.4441,35.0
2023-02-16,0.2426,34.0,0.2233,11.0,0.6188,64.0,,,0.4702,32.0,0.3031,19.0,0.2901,8.0,0.4501,33.0,,,0.4487,37.0
2023-02-15,0.2246,28.0,0.2317,14.0,0.4404,21.0,,,0.5448,53.0,0.3074,22.0,0.2933,10.0,0.4426,30.0,,,0.4678,46.0
2023-02-14,0.2252,28.0,0.224,12.0,0.5007,35.0,,,0.4717,33.0,0.3078,22.0,0.293,10.0,0.4635,38.0,,,0.4377,32.0
2023-02-13,0.2214,28.0,0.229,13.0,0.4113,14.0,,,0.4564,28.0,0.3085,23.0,0.293,10.0,0.4182,23.0,,,0.4609,43.0
2023-02-10,0.214,26.0,0.2161,9.0,0.389,10.0,,,0.4061,15.0,0.3071,21.0,0.2927,9.0,0.4081,20.0,,,0.4765,50.0
2023-02-09,0.1977,20.0,0.2266,13.0,0.4683,26.0,,,0.4089,16.0,0.3085,23.0,0.2939,10.0,0.4402,28.0,,,0.4927,56.0
2023-02-08,0.173,13.0,0.2245,12.0,0.4222,16.0,,,0.4679,31.0,0.3077,22.0,0.2946,10.0,0.4576,35.0,,,0.4187,24.0
2023-02-07,0.1733,13.0,0.2223,11.0,0.4801,28.0,,,0.4591,28.0,0.3093,23.0,0.298,13.0,0.4635,38.0,,,0.4446,36.0
2023-02-06,0.1911,17.0,0.2344,15.0,0.414,15.0,,,0.4416,24.0,0.3087,23.0,0.2992,14.0,0.4661,39.0,,,0.4668,46.0
2023-02-03,0.1943,18.0,0.2812,38.0,0.4511,23.0,,,0.3933,13.0,0.3865,46.0,0.3623,52.0,0.4297,26.0,,,0.506,63.0
2023-02-02,0.1956,19.0,0.2738,34.0,0.4113,14.0,,,0.3702,8.0,0.3885,46.0,0.3638,53.0,0.4686,40.0,,,0.4424,34.0
2023-02-01,0.1771,14.0,0.2757,35.0,0.5099,38.0,,,0.5535,56.0,0.3876,46.0,0.3649,54.0,0.4113,21.0,,,0.4423,34.0
2023-01-31,0.3311,61.0,0.3069,50.0,0.4431,21.0,,,0.436,23.0,0.3873,46.0,0.3653,54.0,0.4602,37.0,,,0.4573,41.0
2023-01-30,0.3284,60.0,0.3078,50.0,0.3996,12.0,,,0.4549,28.0,0.3873,46.0,0.3662,55.0,0.4267,26.0,,,0.4656,45.0
2023-01-27,0.3093,56.0,0.3087,50.0,0.4008,12.0,,,0.4392,24.0,0.3875,46.0,0.3663,55.0,0.4325,27.0,,,0.4324,30.0
2023-01-26,0.2793,48.0,0.2956,44.0,0.4387,20.0,,,0.4327,22.0,0.387,46.0,0.366,55.0,0.456,34.0,,,0.4323,30.0
2023-01-25,0.2863,50.0,0.2445,20.0,0.3791,9.0,,,0.5053,44.0,0.3869,46.0,0.3646,54.0,0.4586,36.0,,,0.4751,49.0
2023-01-24,0.2949,52.0,0.2545,25.0,0.3909,10.0,,,0.5371,51.0,0.3868,46.0,0.3658,55.0,0.5164,63.0,,,0.4934,57.0
2023-01-23,0.299,53.0,0.2456,21.0,0.421,16.0,,,0.464,30.0,0.3864,46.0,0.3664,55.0,0.4228,24.0,,,0.5375,73.0
2023-01-20,0.1502,8.0,0.1784,2.0,0.3909,10.0,,,0.4693,32.0,0.38,43.0,0.3644,54.0,0.4836,47.0,,,0.5109,64.0
2023-01-19,0.1505,8.0,0.1709,1.0,0.6724,74.0,,,0.4579,28.0,0.382,44.0,0.3647,54.0,0.5131,62.0,,,0.5126,65.0
2023-01-13,0.2803,48.0,0.2264,12.0,0.6248,65.0,,,0.5799,62.0,0.3842,45.0,0.3666,55.0,0.493,52.0,,,0.4421,34.0
2023-01-12,0.2572,39.0,0.225,12.0,0.6764,75.0,,,0.5587,57.0,0.3825,45.0,0.3669,56.0,0.4925,51.0,,,0.5139,65.0
2023-01-11,0.2592,40.0,0.2272,13.0,0.6788,75.0,,,0.4789,35.0,0.3825,45.0,0.3678,56.0,0.4786,45.0,,,0.5176,66.0
2023-01-10,0.2663,43.0,0.2345,16.0,0.4835,30.0,,,0.4412,24.0,0.387,46.0,0.3714,57.0,0.5318,70.0,,,0.4843,53.0
2023-01-09,0.2697,45.0,0.2426,19.0,0.4864,31.0,,,0.5321,50.0,0.387,46.0,0.372,57.0,0.5917,85.0,,,0.5153,66.0
2023-01-06,0.201,21.0,0.2247,12.0,0.7886,86.0,,,0.4882,38.0,0.3852,45.0,0.3721,57.0,0.4308,27.0,,,0.5628,80.0
2023-01-05,0.1285,5.0,0.2012,5.0,0.57,53.0,,,0.5197,47.0,0.3842,45.0,0.3729,57.0,0.5221,66.0,,,0.4971,59.0
2023-01-04,0.1275,4.0,0.1892,3.0,0.6231,65.0,,,0.3944,13.0,0.3848,45.0,0.3732,57.0,0.5077,60.0,,,0.4967,57.0
2023-01-03,0.1383,6.0,0.23,14.0,0.5769,55.0,,,0.6335,71.0,0.3849,45.0,0.3732,57.0,0.4669,39.0,,,0.506,63.0
2022-12-30,0.1779,14.0,0.2342,15.0,0.5365,45.0,,,0.7255,83.0,0.3877,46.0,0.3745,59.0,0.4781,45.0,,,0.4542,40.0
2022-12-29,0.1741,13.0,0.2404,18.0,0.584,57.0,,,0.5821,62.0,0.3885,46.0,0.3759,60.0,0.47,41.0,,,0.4497,37.0
2022-12-28,0.1908,17.0,0.2454,21.0,0.572,54.0,,,0.5001,42.0,0.3891,46.0,0.378,61.0,0.4986,54.0,,,0.5054,62.0
2022-12-27,0.1863,16.0,0.2722,34.0,0.493,33.0,,,0.4173,18.0,0.3898,46.0,0.3783,61.0,0.5043,57.0,,,0.5047,62.0
2022-12-23,0.1925,18.0,0.2718,33.0,0.6156,63.0,,,0.4568,28.0,0.3907,46.0,0.3801,61.0,0.5373,72.0,,,0.4956,57.0
2022-12-22,0.2118,25.0,0.2866,41.0,0.6398,69.0,,,0.4512,27.0,0.3927,47.0,0.3832,62.0,0.5066,59.0,,,0.4895,55.0
2022-12-21,0.1981,20.0,0.2581,27.0,0.4278,18.0,,,0.3868,11.0,0.3946,47.0,0.3833,62.0,0.4921,51.0,,,0.4957,57.0
2022-12-20,0.1768,14.0,0.2702,33.0,0.6311,67.0,,,0.63,70.0,0.4088,52.0,0.3892,64.0,0.5412,73.0,,,0.4979,59.0
2022-12-19,0.2382,33.0,0.2865,41.0,0.6536,71.0,,,0.5441,53.0,0.4107,53.0,0.3906,65.0,0.5791,83.0,,,0.5441,75.0
2022-12-16,0.2303,31.0,0.2812,38.0,0.5046,36.0,,,0.535,50.0,0.4129,55.0,0.3912,65.0,0.5078,60.0,,,0.5595,79.0
2022-12-15,0.2831,48.0,0.2753,35.0,0.5659,52.0,,,0.5978,65.0,0.4129,55.0,0.3909,65.0,0.5496,76.0,,,0.5561,78.0
2022-12-14,0.2951,52.0,0.2789,37.0,0.5339,44.0,,,0.6277,70.0,0.4126,54.0,0.3924,65.0,0.5024,56.0,,,0.558,78.0
2022-12-13,0.3166,57.0,0.2775,36.0,0.5658,52.0,,,0.6032,66.0,0.4126,54.0,0.3932,66.0,0.5493,76.0,,,0.5545,77.0
2022-12-12,0.3184,57.0,0.2693,32.0,0.5611,51.0,,,0.5514,55.0,0.4126,54.0,0.3934,66.0,0.498,54.0,,,0.5562,78.0
2022-12-09,0.3408,64.0,0.2624,28.0,0.4859,31.0,,,0.4372,23.0,0.4126,54.0,0.3943,66.0,0.4805,46.0,,,0.5456,75.0
2022-12-08,0.3019,54.0,0.2434,19.0,0.4613,25.0,,,0.5343,50.0,0.4148,55.0,0.3953,67.0,0.4734,42.0,,,0.4292,28.0
2022-12-07,0.2959,52.0,0.238,17.0,0.5082,37.0,,,0.5085,44.0,0.4147,55.0,0.3976,68.0,0.4766,44.0,,,0.4262,27.0
2022-12-06,0.2539,38.0,0.2037,6.0,0.5278,42.0,,,0.3843,11.0,0.4134,55.0,0.3988,69.0,0.484,47.0,,,0.4531,39.0
2022-12-05,0.2444,34.0,0.2125,8.0,0.5338,44.0,,,0.5546,56.0,0.5337,88.0,0.475,92.0,0.5439,74.0,,,0.491,56.0
2022-12-02,0.1226,4.0,0.1919,3.0,0.4609,25.0,,,0.3584,7.0,0.5434,90.0,0.4857,94.0,0.4611,37.0,,,0.4997,60.0
2022-12-01,0.1281,5.0,0.1951,4.0,0.4821,28.0,,,0.4358,23.0,0.5625,91.0,0.4956,95.0,0.538,72.0,,,0.5635,80.0
2022-11-30,0.1142,3.0,0.1895,3.0,0.6316,67.0,,,0.4443,25.0,0.5619,91.0,0.4955,95.0,0.4571,35.0,,,0.5798,84.0
2022-11-29,0.115,3.0,0.1891,3.0,0.5689,53.0,,,0.4725,33.0,0.5621,91.0,0.4973,95.0,0.477,44.0,,,0.5457,75.0
2022-11-28,0.1174,3.0,0.2105,7.0,0.4526,23.0,,,0.3832,10.0,0.5626,91.0,0.4993,95.0,0.5224,66.0,,,0.5588,79.0
2022-11-25,0.1257,4.0,0.2144,9.0,0.3976,12.0,,,0.3911,12.0,0.563,91.0,0.5014,95.0,0.6404,91.0,,,0.6466,91.0
2022-11-23,0.0878,1.0,0.2188,10.0,0.5155,39.0,,,0.5584,57.0,0.5658,91.0,0.5063,96.0,0.6396,91.0,,,0.6374,90.0
2022-11-22,0.0813,1.0,0.2278,13.0,0.4635,25.0,,,0.6443,72.0,0.5756,92.0,0.5115,96.0,0.6179,88.0,,,0.6099,88.0
2022-11-21,0.0476,1.0,0.2366,16.0,0.7678,85.0,,,0.6141,68.0,0.5754,92.0,0.5119,96.0,0.6458,92.0,,,0.6637,93.0
2022-11-18,0.0685,1.0,0.2507,23.0,0.5264,42.0,,,0.6461,73.0,0.5868,93.0,0.5169,96.0,0.6351,91.0,,,0.6542,92.0
2022-11-17,0.2199,27.0,0.342,62.0,0.7719,85.0,,,0.7019,80.0,0.5878,93.0,0.5175,96.0,0.654,92.0,,,0.6574,92.0
2022-11-16,0.6635,92.0,0.4279,79.0,0.5847,57.0,,,0.5453,53.0,0.5897,93.0,0.5179,96.0,0.6396,91.0,,,0.6625,93.0
2022-11-15,0.6742,92.0,0.4408,82.0,0.6111,62.0,,,0.5378,51.0,0.5897,93.0,0.5188,96.0,0.6357,91.0,,,0.6595,92.0
2022-11-14,0.6739,92.0,0.4355,81.0,0.5705,54.0,,,0.6356,71.0,0.5899,93.0,0.5189,96.0,0.6719,94.0,,,0.6404,91.0
2022-11-11,0.6744,92.0,0.4385,81.0,1.0534,96.0,,,0.8213,91.0,0.5944,94.0,0.5228,96.0,0.6444,91.0,,,0.6644,93.0
2022-11-10,0.6837,93.0,0.4431,82.0,0.717,80.0,,,0.7323,84.0,0.5949,94.0,0.5231,96.0,0.6528,92.0,,,0.6746,94.0
2022-11-09,0.6895,93.0,0.4342,80.0,0.729,81.0,,,0.6791,77.0,0.5948,94.0,0.5235,96.0,0.6331,90.0,,,0.6742,94.0
2022-11-08,0.6117,90.0,0.3616,67.0,0.7353,82.0,,,0.7889,89.0,0.5929,93.0,0.521,96.0,0.6335,90.0,,,0.6295,90.0
2022-11-07,0.2865,50.0,0.2672,31.0,0.6854,76.0,,,0.7845,88.0,0.5818,92.0,0.5192,96.0,0.6331,90.0,,,0.7132,96.0
2022-11-04,0.2741,46.0,0.2617,28.0,0.8857,92.0,,,0.7073,81.0,0.5831,92.0,0.5196,96.0,0.6575,93.0,,,0.6826,95.0
2022-11-03,0.3483,66.0,0.2976,45.0,0.8295,89.0,,,0.7473,85.0,0.5914,93.0,0.5255,96.0,0.6704,94.0,,,0.6694,93.0
2022-11-02,0.4178,77.0,0.3543,65.0,0.6626,72.0,,,0.6901,78.0,0.5922,93.0,0.5271,96.0,0.6313,90.0,,,0.7174,96.0
2022-11-01,0.3725,71.0,0.3509,64.0,0.9104,93.0,,,0.7786,88.0,0.5936,94.0,0.5285,96.0,0.6596,93.0,,,0.6788,94.0
2022-10-31,0.4775,82.0,0.3823,71.0,0.7528,83.0,,,0.7019,80.0,0.5945,94.0,0.5302,97.0,0.6738,95.0,,,0.6831,95.0
2022-10-28,0.4795,82.0,0.3867,72.0,0.8599,91.0,,,1.0591,98.0,0.5945,94.0,0.531,97.0,0.6693,94.0,,,0.6824,95.0
2022-10-27,0.5013,83.0,0.3941,74.0,0.7333,82.0,,,0.8452,92.0,0.5937,94.0,0.5309,97.0,0.66,93.0,,,0.6649,93.0
2022-10-26,0.5044,84.0,0.3888,73.0,0.7036,79.0,,,0.7676,87.0,0.5937,94.0,0.5311,97.0,0.6525,92.0,,,0.6685,93.0
2022-10-25,0.496,83.0,0.3834,71.0,0.8289,89.0,,,0.7659,87.0,0.5918,93.0,0.5305,97.0,0.677,95.0,,,0.6724,94.0
2022-10-24,0.3894,73.0,0.3407,61.0,0.8577,91.0,,,0.7159,82.0,0.5895,93.0,0.5293,97.0,0.6267,89.0,,,0.6251,89.0
2022-10-21,0.4143,76.0,0.3651,68.0,0.6372,68.0,,,0.6903,79.0,0.5894,93.0,0.5298,97.0,0.6078,87.0,,,0.555,78.0
2022-10-20,0.3498,66.0,0.3377,61.0,0.8387,90.0,,,0.7388,84.0,0.585,93.0,0.5306,97.0,0.6513,92.0,,,0.6497,91.0
2022-10-19,0.3443,65.0,0.3729,69.0,1.0739,97.0,,,0.739,84.0,0.5852,93.0,0.5323,97.0,0.7173,97.0,,,0.739,97.0
2022-10-18,0.3972,74.0,0.3765,70.0,0.8656,91.0,,,0.7152,82.0,0.5857,93.0,0.5322,97.0,0.6552,92.0,,,0.7128,96.0
2022-10-17,0.3843,72.0,0.3716,69.0,0.7001,78.0,,,0.7509,85.0,0.5853,93.0,0.5339,97.0,0.6686,94.0,,,0.6923,95.0
2022-10-14,0.3619,68.0,0.3512,64.0,1.1311,98.0,,,1.1048,98.0,0.5838,92.0,0.5332,97.0,0.728,97.0,,,0.7229,97.0
2022-10-13,0.3635,69.0,0.336,60.0,0.9748,95.0,,,1.0574,98.0,0.5843,93.0,0.5332,97.0,0.6841,95.0,,,0.6639,93.0
2022-10-12,0.278,47.0,0.3099,51.0,0.9446,94.0,,,0.7378,84.0,0.5916,93.0,0.5355,97.0,0.7736,98.0,,,0.6537,92.0
2022-10-11,0.2767,47.0,0.3216,55.0,1.0156,96.0,,,0.93,95.0,0.5918,93.0,0.5386,97.0,0.7171,97.0,,,0.6966,95.0
2022-10-10,0.3319,62.0,0.3104,51.0,1.3996,99.0,,,0.7703,88.0,0.5918,93.0,0.5378,97.0,0.703,96.0,,,0.6307,90.0
2022-10-07,0.2618,41.0,0.2816,38.0,0.7357,82.0,,,1.0965,98.0,0.5909,93.0,0.5384,97.0,0.6776,95.0,,,0.76,98.0
2022-10-06,0.3351,62.0,0.2988,46.0,0.7901,86.0,,,0.769,87.0,0.5908,93.0,0.5404,97.0,0.6592,93.0,,,0.7377,97.0
2022-10-05,0.3186,57.0,0.294,44.0,0.8819,92.0,,,0.64,72.0,0.5913,93.0,0.5414,97.0,0.6786,95.0,,,0.666,93.0
2022-10-04,0.3425,64.0,0.3259,57.0,0.7735,85.0,,,0.5797,62.0,0.5983,94.0,0.5449,97.0,0.7251,97.0,,,0.7306,97.0
2022-10-03,0.3445,65.0,0.3148,53.0,0.8157,88.0,,,0.6468,73.0,0.5996,95.0,0.5453,97.0,0.65,92.0,,,0.6738,94.0
2022-09-30,0.3559,67.0,0.2966,45.0,0.8075,87.0,,,0.7658,87.0,0.6005,95.0,0.547,97.0,0.6863,95.0,,,0.6792,94.0
2022-09-29,0.2942,52.0,0.2682,32.0,0.6186,64.0,,,0.6166,68.0,0.5994,95.0,0.5465,97.0,0.6634,93.0,,,0.6668,93.0
2022-09-28,0.2847,49.0,0.254,25.0,0.5968,60.0,,,0.7537,86.0,0.6024,96.0,0.548,98.0,0.641,91.0,,,0.6957,95.0
2022-09-27,0.2559,39.0,0.285,40.0,0.6558,71.0,,,0.5745,61.0,0.6006,95.0,0.5484,98.0,0.6738,95.0,,,0.6525,92.0
2022-09-26,0.2486,36.0,0.2894,42.0,0.7037,79.0,,,0.7362,84.0,0.6011,95.0,0.5486,98.0,0.6342,90.0,,,0.7045,96.0
2022-09-23,0.1355,6.0,0.269,32.0,0.833,89.0,,,0.6823,78.0,0.6003,95.0,0.5485,98.0,0.7068,96.0,,,0.6696,93.0
2022-09-22,0.2436,34.0,0.3074,50.0,0.8245,89.0,,,0.6925,79.0,0.6003,95.0,0.5487,98.0,0.6518,92.0,,,0.6768,94.0
2022-09-21,0.2391,33.0,0.3082,50.0,0.8062,87.0,,,0.6473,73.0,0.6008,95.0,0.5491,98.0,0.6799,95.0,,,0.6326,90.0
2022-09-20,0.3145,57.0,0.3213,55.0,0.7172,80.0,,,0.5706,60.0,0.6009,95.0,0.5493,98.0,0.6694,94.0,,,0.6656,93.0
2022-09-19,0.3107,56.0,0.3348,60.0,0.5726,54.0,,,0.7131,81.0,0.6008,95.0,0.5497,98.0,0.6473,92.0,,,0.6683,93.0
2022-09-16,0.2581,40.0,0.3041,48.0,0.8002,87.0,,,0.6564,75.0,0.5998,95.0,0.5498,98.0,0.6212,89.0,,,0.6658,93.0
2022-09-15,0.2532,38.0,0.3187,54.0,0.7501,83.0,,,0.6781,77.0,0.602,96.0,0.5508,98.0,0.6548,92.0,,,0.6846,95.0
2022-09-14,0.2807,48.0,0.3117,52.0,0.7912,86.0,,,0.7068,81.0,0.6019,95.0,0.5509,98.0,0.6459,92.0,,,0.6706,94.0
2022-09-13,0.2922,51.0,0.3046,49.0,0.8973,93.0,,,0.6351,71.0,0.6009,95.0,0.551,98.0,0.6068,87.0,,,0.6778,94.0
2022-09-12,0.2954,52.0,0.3215,55.0,0.7147,80.0,,,0.5489,54.0,0.6012,95.0,0.5524,98.0,0.5908,85.0,,,0.6724,94.0
2022-09-09,0.1895,17.0,0.3054,49.0,1.0527,96.0,,,0.6975,79.0,0.5995,95.0,0.5521,98.0,0.6663,94.0,,,0.6792,94.0
2022-09-08,0.1795,14.0,0.298,46.0,0.7436,83.0,,,0.6286,70.0,0.5999,95.0,0.5573,98.0,0.6539,92.0,,,0.6666,93.0
2022-09-07,0.186,16.0,0.2885,42.0,0.7851,86.0,,,0.5992,65.0,0.6237,97.0,0.5742,99.0,0.673,94.0,,,0.6773,94.0
2022-09-06,0.1494,8.0,0.2793,37.0,0.6854,76.0,,,0.5775,61.0,0.6239,97.0,0.574,99.0,0.6934,96.0,,,0.5717,82.0
2022-09-02,0.1554,9.0,0.2768,36.0,0.8395,90.0,,,0.5521,55.0,0.6234,97.0,0.5744,99.0,0.6168,88.0,,,0.6406,91.0
2022-09-01,0.1334,5.0,0.2536,24.0,0.8305,89.0,,,0.5352,50.0,0.6235,97.0,0.5738,99.0,0.6563,93.0,,,0.6245,89.0
2022-08-31,0.0771,1.0,0.2501,22.0,0.8896,92.0,,,0.5913,64.0,0.6317,98.0,0.5771,99.0,0.6546,92.0,,,0.5841,84.0
2022-08-30,0.0859,1.0,0.2873,41.0,0.9162,94.0,,,0.6597,75.0,0.6314,98.0,0.5773,99.0,0.6152,88.0,,,0.6593,92.0
2022-08-29,0.3529,67.0,0.3362,60.0,0.6699,74.0,,,0.5826,62.0,0.6311,98.0,0.5773,99.0,0.6666,94.0,,,0.6578,92.0
2022-08-26,0.3659,69.0,0.3401,61.0,0.6194,64.0,,,0.5556,56.0,0.6323,98.0,0.5788,100.0,0.6758,95.0,,,0.5727,82.0
2022-08-25,0.3612,68.0,0.3303,57.0,0.5809,56.0,,,0.5763,61.0,0.6319,98.0,0.5794,100.0,0.6569,93.0,,,0.5862,85.0
2022-08-24,0.3616,68.0,0.3366,60.0,0.7274,81.0,,,0.6462,73.0,0.6342,98.0,0.5812,100.0,0.6097,88.0,,,0.6641,93.0
2022-08-23,0.3847,72.0,0.3519,65.0,0.7387,82.0,,,0.5588,57.0,0.6364,98.0,0.5826,100.0,0.6637,93.0,,,0.6748,94.0
2022-08-22,0.3522,66.0,0.3443,63.0,0.6125,63.0,,,0.5785,61.0,0.6357,98.0,0.5834,100.0,0.61,88.0,,,0.6747,94.0
2022-08-19,0.3565,67.0,0.3643,68.0,0.5793,56.0,,,0.5825,62.0,0.6387,99.0,0.5837,100.0,0.6172,88.0,,,0.6443,91.0
2022-08-18,0.2747,46.0,0.3395,61.0,0.5648,52.0,,,0.5737,60.0,0.6364,98.0,0.5823,100.0,0.6872,95.0,,,0.6802,95.0
2022-08-17,1.0146,98.0,0.9241,100.0,1.0814,97.0,,,0.9177,94.0,0.6363,98.0,0.5824,100.0,0.6611,93.0,,,0.6448,91.0
2022-08-16,1.0588,99.0,0.9358,100.0,0.6917,77.0,,,0.8219,91.0,0.6365,98.0,0.5827,100.0,0.6594,93.0,,,0.6602,92.0
2022-08-15,1.0558,99.0,0.9419,100.0,0.8487,90.0,,,0.6424,72.0,0.6365,98.0,0.5825,100.0,0.6596,93.0,,,0.6647,93.0
2022-08-12,1.0093,98.0,0.9407,100.0,1.0177,96.0,,,0.6617,75.0,0.6356,98.0,0.582,100.0,0.7116,96.0,,,0.7066,96.0
2022-08-11,0.9953,98.0,0.9427,100.0,0.8007,87.0,,,0.7036,80.0,0.6384,99.0,0.5835,100.0,0.7177,97.0,,,0.7169,96.0
2022-08-10,1.0185,98.0,0.9236,100.0,0.89,92.0,,,0.5657,59.0,0.6388,99.0,0.5823,100.0,0.7092,96.0,,,0.7123,96.0
2022-08-09,1.0115,98.0,0.9182,100.0,0.8124,88.0,,,0.5525,55.0,0.6389,99.0,0.582,100.0,0.7382,97.0,,,0.7324,97.0
2022-08-08,0.2083,24.0,0.3296,57.0,0.8015,87.0,,,0.6906,79.0,0.5939,94.0,0.5456,97.0,0.739,97.0,,,0.7388,97.0
2022-08-05,0.1184,3.0,0.3176,54.0,0.816,88.0,,,0.7171,82.0,0.593,93.0,0.5478,97.0,0.7053,96.0,,,0.6887,95.0
2022-08-04,0.1171,3.0,0.3085,50.0,0.7964,87.0,,,0.72,82.0,0.5964,94.0,0.5506,98.0,0.6879,95.0,,,0.7075,96.0
2022-08-03,0.1074,3.0,0.2886,42.0,0.5875,57.0,,,0.716,82.0,0.5967,94.0,0.5503,98.0,0.7046,96.0,,,0.6985,95.0
2022-08-02,0.1727,13.0,0.2753,35.0,0.6059,61.0,,,0.6042,66.0,0.5967,94.0,0.5505,98.0,0.682,95.0,,,0.7278,97.0
2022-08-01,0.1764,14.0,0.2748,35.0,0.6735,74.0,,,0.7295,83.0,0.5975,94.0,0.5531,98.0,0.6764,95.0,,,0.7049,96.0
2022-07-29,0.1521,8.0,0.2817,38.0,0.7954,87.0,,,0.6548,74.0,0.6039,96.0,0.5562,98.0,0.7003,96.0,,,0.7391,97.0
2022-07-28,0.2634,42.0,0.294,44.0,0.7133,80.0,,,0.6569,75.0,0.6296,97.0,0.5771,99.0,0.68,95.0,,,0.7181,96.0
2022-07-27,0.2646,43.0,0.2809,38.0,0.785,86.0,,,0.6927,79.0,0.6318,98.0,0.5776,99.0,0.7251,97.0,,,0.716,96.0
2022-07-26,0.271,45.0,0.2823,39.0,0.716,80.0,,,0.7258,83.0,0.6321,98.0,0.5771,99.0,0.7456,97.0,,,0.7131,96.0
2022-07-25,0.3592,68.0,0.3491,64.0,0.6643,73.0,,,0.6817,78.0,0.6324,98.0,0.5775,99.0,0.6994,96.0,,,0.712,96.0
2022-07-22,0.3347,62.0,0.3526,65.0,0.6274,66.0,,,0.6251,69.0,0.6317,98.0,0.5782,99.0,0.7119,97.0,,,0.713,96.0
2022-07-21,0.3335,62.0,0.3663,68.0,0.6215,64.0,,,0.5719,60.0,0.6316,98.0,0.5799,100.0,0.7136,97.0,,,0.7117,96.0
2022-07-20,0.3468,65.0,0.3809,71.0,0.6999,78.0,,,0.5689,59.0,0.6315,98.0,0.5806,100.0,0.708,96.0,,,0.7111,96.0
2022-07-19,0.3134,57.0,0.3705,69.0,0.6868,76.0,,,0.6517,74.0,0.6306,98.0,0.5803,100.0,0.7147,97.0,,,0.7268,97.0
2022-07-18,0.3192,57.0,0.3659,68.0,0.833,89.0,,,0.8361,91.0,0.6309,98.0,0.5801,100.0,0.7238,97.0,,,0.7188,97.0
2022-07-15,0.3577,67.0,0.3724,69.0,0.8889,92.0,,,0.9288,95.0,0.6307,98.0,0.5797,100.0,0.7844,98.0,,,0.8076,99.0
2022-07-14,0.2922,51.0,0.3397,61.0,0.9552,95.0,,,0.7449,85.0,0.6289,97.0,0.5782,99.0,0.7906,98.0,,,0.7862,98.0
2022-07-13,0.3206,57.0,0.371,69.0,0.9752,95.0,,,0.8807,93.0,0.6303,97.0,0.5786,100.0,0.8414,100.0,,,0.8092,99.0
2022-07-12,0.3307,61.0,0.364,68.0,0.9488,95.0,,,0.9825,96.0,0.6304,97.0,0.5781,99.0,0.825,99.0,,,0.8267,100.0
2022-07-11,0.2801,48.0,0.3702,69.0,1.4206,100.0,,,1.2031,99.0,0.6303,97.0,0.5776,99.0,0.8118,99.0,,,0.8095,99.0
2022-07-08,0.2974,52.0,0.4118,76.0,1.0066,95.0,,,0.8397,92.0,0.6313,98.0,0.5789,100.0,0.7885,98.0,,,0.846,100.0
2022-07-07,0.3791,71.0,0.4335,80.0,0.951,95.0,,,0.8903,93.0,0.64,99.0,0.5807,100.0,0.7993,99.0,,,0.7804,98.0
2022-07-06,0.5469,87.0,0.504,89.0,1.4676,100.0,,,0.8778,93.0,0.6387,99.0,0.5798,100.0,0.8433,100.0,,,0.7822,98.0
2022-07-05,0.6075,90.0,0.5065,89.0,0.8659,91.0,,,0.9204,94.0,0.6384,99.0,0.5787,100.0,0.842,100.0,,,0.802,99.0
2022-07-01,0.5868,89.0,0.4911,88.0,0.6539,71.0,,,0.9086,94.0,0.6377,99.0,0.5773,99.0,0.8342,100.0,,,0.8925,100.0
2022-06-30,0.5914,89.0,0.4957,88.0,0.8762,92.0,,,0.9772,96.0,0.6377,99.0,0.5777,99.0,0.8717,100.0,,,0.8344,100.0
2022-06-29,0.5935,89.0,0.4915,88.0,0.7379,82.0,,,0.8612,93.0,0.6373,99.0,0.577,99.0,0.8725,100.0,,,0.8312,100.0
2022-06-28,0.5843,89.0,0.4681,85.0,0.9924,95.0,,,0.831,91.0,0.6365,98.0,0.576,99.0,0.8555,100.0,,,0.8493,100.0
2022-06-27,0.5309,86.0,0.4541,83.0,0.7987,87.0,,,0.688,78.0,0.6346,98.0,0.5749,99.0,0.7904,98.0,,,0.8867,100.0
2022-06-24,0.3006,54.0,0.3797,71.0,0.7581,84.0,,,0.8705,93.0,0.6261,97.0,0.5706,99.0,0.7384,97.0,,,0.7951,99.0
2022-06-23,0.2682,44.0,0.3846,72.0,0.729,81.0,,,0.5915,64.0,0.6245,97.0,0.5695,99.0,0.761,98.0,,,0.7636,98.0
2022-06-22,0.2588,40.0,0.4105,76.0,0.5761,55.0,,,0.5687,59.0,0.6232,97.0,0.5688,99.0,0.7723,98.0,,,0.7869,98.0
2022-06-21,0.2706,45.0,0.4311,80.0,0.663,72.0,,,0.742,84.0,0.6239,97.0,0.569,99.0,0.8079,99.0,,,0.8211,99.0
2022-06-17,1.4937,100.0,1.1604,100.0,0.9802,95.0,,,0.649,73.0,0.6239,97.0,0.5682,99.0,0.8474,100.0,,,0.7892,98.0
2022-06-16,1.4893,100.0,1.2322,100.0,0.8548,91.0,,,0.9435,95.0,0.624,97.0,0.5681,98.0,0.8312,100.0,,,0.8159,99.0
2022-06-15,1.7128,100.0,1.2968,100.0,0.8156,88.0,,,0.7102,81.0,0.6239,97.0,0.5683,99.0,0.8004,99.0,,,0.777,98.0
2022-06-14,1.7008,100.0,1.2896,100.0,0.6493,71.0,,,0.8174,90.0,0.6257,97.0,0.568,98.0,0.8129,99.0,,,0.836,100.0
2022-06-13,1.6393,100.0,1.2931,100.0,1.2275,99.0,,,0.8226,91.0,0.625,97.0,0.5677,98.0,0.8122,99.0,,,0.8175,99.0
2022-06-10,1.6625,100.0,1.2932,100.0,0.8149,88.0,,,0.9127,94.0,0.6248,97.0,0.5664,98.0,0.8081,99.0,,,0.8383,100.0
2022-06-09,1.6797,100.0,1.2952,100.0,1.4063,100.0,,,0.8459,92.0,0.6248,97.0,0.5651,98.0,0.8115,99.0,,,0.7243,97.0
2022-06-08,0.89,97.0,0.7675,99.0,1.1929,98.0,,,0.9173,94.0,0.5205,87.0,0.5028,96.0,0.8019,99.0,,,0.7717,98.0
2022-06-07,0.8015,95.0,0.702,98.0,1.0308,96.0,,,0.8963,93.0,0.5067,86.0,0.4924,95.0,0.8116,99.0,,,0.7961,99.0
2022-06-06,0.582,88.0,0.5729,94.0,0.7627,84.0,,,0.7142,81.0,0.4881,78.0,0.4823,93.0,0.7445,97.0,,,0.7601,98.0
2022-06-03,0.7282,94.0,0.6482,97.0,0.7683,85.0,,,0.9323,95.0,0.4879,78.0,0.4823,93.0,0.7715,98.0,,,0.7463,98.0
2022-06-02,0.7508,95.0,0.6318,96.0,0.8732,92.0,,,0.7424,85.0,0.4878,78.0,0.4808,93.0,0.7905,98.0,,,0.758,98.0
2022-06-01,0.7591,95.0,0.6152,96.0,0.9414,94.0,,,0.7972,89.0,0.4878,78.0,0.4791,92.0,0.7539,98.0,,,0.8037,99.0
2022-05-31,0.7652,95.0,0.6,95.0,0.9415,94.0,,,0.816,90.0,0.4877,78.0,0.4777,92.0,0.752,98.0,,,0.7785,98.0
2022-05-27,0.6752,93.0,0.526,91.0,0.8435,90.0,,,0.7766,88.0,0.4825,73.0,0.4728,92.0,0.7691,98.0,,,0.7476,98.0
2022-05-26,0.6801,93.0,0.5085,89.0,0.6977,78.0,,,0.8369,92.0,0.473,71.0,0.4686,91.0,0.7058,96.0,,,0.7566,98.0
2022-05-25,0.675,93.0,0.5117,90.0,1.1067,97.0,,,0.9451,95.0,0.4737,71.0,0.4731,92.0,0.7667,98.0,,,0.7379,97.0
2022-05-24,0.4403,79.0,0.4291,79.0,0.9451,94.0,,,0.945,95.0,0.468,70.0,0.4693,91.0,0.8007,99.0,,,0.7479,98.0
2022-05-23,0.4329,78.0,0.4261,79.0,0.8928,93.0,,,0.9723,96.0,0.4668,69.0,0.4693,91.0,0.8131,99.0,,,0.8348,100.0
2022-05-20,0.5123,84.0,0.4548,84.0,1.0979,97.0,,,0.9109,94.0,0.465,68.0,0.4685,91.0,0.8134,99.0,,,0.8068,99.0
2022-05-19,0.5511,87.0,0.4572,84.0,1.1027,97.0,,,0.9859,96.0,0.4662,69.0,0.4685,91.0,0.8265,99.0,,,0.8357,100.0
2022-05-18,0.6817,93.0,0.5597,93.0,0.962,95.0,,,0.9626,96.0,0.4663,69.0,0.4685,91.0,0.8623,100.0,,,0.8857,100.0
2022-05-17,0.5993,90.0,0.5211,90.0,1.1035,97.0,,,1.1756,99.0,0.4633,68.0,0.4653,90.0,0.8305,100.0,,,0.8325,100.0
2022-05-16,0.683,93.0,0.5446,93.0,1.2051,98.0,,,1.5914,100.0,0.4639,68.0,0.4647,90.0,0.791,98.0,,,0.7583,98.0
2022-05-13,0.7097,94.0,0.5605,93.0,1.3283,99.0,,,1.1948,99.0,0.4639,68.0,0.4636,90.0,0.7504,97.0,,,0.8047,99.0
2022-05-12,0.7028,94.0,0.5625,94.0,1.1802,98.0,,,1.034,97.0,0.4639,68.0,0.463,90.0,0.75,97.0,,,0.8245,100.0
2022-05-11,0.589,89.0,0.5381,92.0,1.186,98.0,,,1.3457,100.0,0.4584,67.0,0.4605,90.0,0.8721,100.0,,,0.8382,100.0
2022-05-10,0.571,88.0,0.5332,91.0,1.0698,97.0,,,1.258,99.0,0.4558,66.0,0.4603,90.0,0.8303,99.0,,,0.85,100.0
2022-05-09,0.2645,43.0,0.4257,79.0,1.6728,100.0,,,1.2719,99.0,0.4468,65.0,0.4543,88.0,0.8645,100.0,,,0.8607,100.0
2022-05-06,0.2473,36.0,0.4087,76.0,1.119,98.0,,,1.1711,99.0,0.4473,65.0,0.4561,89.0,0.8304,99.0,,,0.8322,100.0
2022-05-05,0.1585,9.0,0.3837,72.0,1.2722,99.0,,,1.0947,98.0,0.4427,65.0,0.4538,88.0,0.8499,100.0,,,0.8177,99.0
2022-05-04,0.1296,5.0,0.3919,73.0,1.2429,99.0,,,0.9606,96.0,0.4408,64.0,0.4519,88.0,0.8244,99.0,,,0.8082,99.0
2022-05-03,0.1278,4.0,0.4172,77.0,1.1943,98.0,,,0.9686,96.0,0.4408,64.0,0.451,87.0,0.8565,100.0,,,0.8427,100.0
2022-05-02,0.1681,12.0,0.4239,78.0,1.1556,98.0,,,0.9523,95.0,0.4409,64.0,0.4505,87.0,0.8213,99.0,,,0.8073,99.0
2022-04-29,0.1611,10.0,0.4499,83.0,1.033,96.0,,,0.7977,89.0,0.4411,64.0,0.4504,87.0,0.8434,100.0,,,0.8241,99.0
2022-04-28,0.1637,11.0,0.4453,82.0,1.0251,96.0,,,0.7674,87.0,0.4411,64.0,0.4499,87.0,0.827,99.0,,,0.8023,99.0
2022-04-27,0.2378,32.0,0.436,81.0,1.0275,96.0,,,0.645,73.0,0.4413,64.0,0.4495,87.0,0.8149,99.0,,,0.8206,99.0
2022-04-26,0.4677,81.0,0.4905,88.0,0.9737,95.0,,,0.8138,90.0,0.4418,65.0,0.4487,87.0,0.8206,99.0,,,0.7917,99.0
2022-04-25,0.4679,81.0,0.516,90.0,0.8079,87.0,,,0.7776,88.0,0.4432,65.0,0.4468,86.0,0.7951,99.0,,,0.813,99.0
2022-04-22,0.4896,82.0,0.4937,88.0,0.9416,94.0,,,0.7872,89.0,0.4429,65.0,0.4449,86.0,0.8234,99.0,,,0.7906,98.0
2022-04-21,0.5285,86.0,0.5086,89.0,0.9444,94.0,,,0.6698,76.0,0.4405,64.0,0.4439,86.0,0.7642,98.0,,,0.7291,97.0
2022-04-20,0.5303,86.0,0.5129,90.0,0.8649,91.0,,,0.7288,83.0,0.4395,64.0,0.4416,85.0,0.7753,98.0,,,0.767,98.0
2022-04-19,0.5628,88.0,0.5286,91.0,0.8902,92.0,,,0.8069,90.0,0.44,64.0,0.4414,85.0,0.7818,98.0,,,0.7116,96.0
2022-04-18,0.6828,93.0,0.5795,95.0,0.8574,91.0,,,0.7214,82.0,0.4401,64.0,0.4408,84.0,0.7703,98.0,,,0.7648,98.0
2022-04-14,0.3933,74.0,0.5338,92.0,0.8969,93.0,,,0.7842,88.0,0.4235,59.0,0.4363,83.0,0.7627,98.0,,,0.7453,98.0
2022-04-13,0.4365,78.0,0.5149,90.0,1.1567,98.0,,,0.6504,73.0,0.4223,59.0,0.4318,82.0,0.7825,98.0,,,0.6581,92.0
2022-04-12,0.4304,78.0,0.5139,90.0,0.9362,94.0,,,0.7255,83.0,0.4227,59.0,0.4312,81.0,0.7412,97.0,,,0.6916,95.0
2022-04-11,0.4549,80.0,0.5145,90.0,0.8554,91.0,,,0.7347,84.0,0.4223,59.0,0.429,81.0,0.7681,98.0,,,0.6934,95.0
2022-04-08,0.4921,83.0,0.4937,88.0,1.1039,97.0,,,0.7369,84.0,0.4224,59.0,0.4262,80.0,0.7798,98.0,,,0.6795,94.0
2022-04-07,0.4897,83.0,0.4742,86.0,0.8427,90.0,,,0.6542,74.0,0.4222,57.0,0.4249,80.0,0.695,96.0,,,0.5934,86.0
2022-04-06,0.4076,76.0,0.4193,77.0,1.0162,96.0,,,0.7056,80.0,0.4148,55.0,0.4205,77.0,0.5998,86.0,,,0.5693,81.0
2022-04-05,0.3807,71.0,0.4043,75.0,1.0772,97.0,,,0.767,87.0,0.4138,55.0,0.4197,77.0,0.6171,88.0,,,0.5742,82.0
2022-04-04,0.3251,60.0,0.3575,66.0,0.9242,94.0,,,0.7834,88.0,0.4109,53.0,0.4167,76.0,0.6334,90.0,,,0.6017,87.0
2022-04-01,0.3235,59.0,0.3545,66.0,0.8746,92.0,,,0.7876,89.0,0.4111,54.0,0.4164,76.0,0.6224,89.0,,,0.6096,88.0
2022-03-31,0.223,28.0,0.3122,52.0,0.9884,95.0,,,0.7675,87.0,0.4088,52.0,0.4142,75.0,0.5967,86.0,,,0.5729,82.0
2022-03-30,0.1927,18.0,0.3285,57.0,0.7365,82.0,,,0.732,84.0,0.4086,52.0,0.4132,75.0,0.6191,89.0,,,0.6088,87.0
2022-03-29,0.264,42.0,0.3557,66.0,0.6675,73.0,,,0.7341,84.0,0.4087,52.0,0.4131,75.0,0.6113,88.0,,,0.6127,88.0
2022-03-28,0.2128,25.0,0.346,63.0,0.7535,83.0,,,0.6622,75.0,0.408,52.0,0.4121,74.0,0.6414,91.0,,,0.6073,87.0
2022-03-25,0.2155,26.0,0.3748,70.0,0.4913,32.0,,,0.6835,78.0,0.4083,52.0,0.4121,74.0,0.6298,90.0,,,0.6096,88.0
2022-03-24,0.2451,35.0,0.3993,74.0,0.6722,74.0,,,0.5447,53.0,0.4092,52.0,0.4117,74.0,0.6447,91.0,,,0.5829,84.0
2022-03-23,0.2458,35.0,0.396,74.0,0.612,63.0,,,0.9122,94.0,0.4106,53.0,0.4124,74.0,0.6567,93.0,,,0.5811,84.0
2022-03-22,0.2531,38.0,0.5106,90.0,0.7387,82.0,,,0.6572,75.0,0.4105,53.0,0.4119,74.0,0.6839,95.0,,,0.5982,86.0
2022-03-21,0.723,94.0,0.7607,99.0,0.8991,93.0,,,0.6642,76.0,0.4106,53.0,0.4099,73.0,0.681,95.0,,,0.6262,89.0
2022-03-18,0.7179,94.0,0.7511,98.0,0.8478,90.0,,,0.5707,60.0,0.4084,52.0,0.4083,73.0,0.5961,86.0,,,0.5862,85.0
2022-03-17,0.7133,94.0,0.752,99.0,0.8455,90.0,,,0.5543,56.0,0.4093,53.0,0.4076,72.0,0.6171,88.0,,,0.6118,88.0
2022-03-16,0.7603,95.0,0.739,98.0,0.8504,90.0,,,1.299,99.0,0.4096,53.0,0.4068,72.0,0.6126,88.0,,,0.6547,92.0
2022-03-15,0.7908,95.0,0.7729,99.0,0.6537,71.0,,,0.6344,71.0,0.4095,53.0,0.4056,71.0,0.666,94.0,,,0.6091,88.0
2022-03-14,0.7797,95.0,0.7732,99.0,0.7705,85.0,,,0.6731,76.0,0.4094,53.0,0.4056,71.0,0.651,92.0,,,0.6215,89.0
2022-03-11,0.7928,95.0,0.7016,98.0,1.0111,96.0,,,0.4843,37.0,0.4095,53.0,0.3983,69.0,0.6306,90.0,,,0.6034,87.0
2022-03-10,0.4878,82.0,0.4197,77.0,0.6813,76.0,,,0.8136,90.0,0.3782,43.0,0.3744,59.0,0.4695,40.0,,,0.5398,74.0
2022-03-09,0.5111,84.0,0.434,80.0,0.6341,68.0,,,0.6154,68.0,0.3805,44.0,0.375,59.0,0.5387,73.0,,,0.5295,70.0
2022-03-08,0.5922,89.0,0.4633,84.0,0.7363,82.0,,,0.5747,61.0,0.3812,44.0,0.3759,60.0,0.4918,51.0,,,0.5039,62.0
2022-03-07,0.5782,88.0,0.4947,88.0,0.6979,78.0,,,0.6784,77.0,0.3829,45.0,0.3808,61.0,0.536,72.0,,,0.5162,66.0
2022-03-04,0.4285,77.0,0.438,81.0,0.6961,78.0,,,0.6699,76.0,0.3707,42.0,0.3759,60.0,0.5165,63.0,,,0.5306,71.0
2022-03-03,0.5059,84.0,0.4638,85.0,0.5562,50.0,,,0.6352,71.0,0.3729,43.0,0.3782,61.0,0.5357,72.0,,,0.6128,88.0
2022-03-02,0.5126,85.0,0.4625,84.0,0.6596,72.0,,,0.7552,86.0,0.3736,43.0,0.3779,61.0,0.5311,70.0,,,0.5313,71.0
2022-03-01,0.486,82.0,0.4366,81.0,0.7131,80.0,,,0.5705,59.0,0.3713,42.0,0.376,60.0,0.5055,57.0,,,0.4921,56.0
2022-02-28,0.5023,84.0,0.4209,78.0,0.7489,83.0,,,0.5821,62.0,0.3709,42.0,0.3744,59.0,0.5257,68.0,,,0.5467,76.0
2022-02-25,0.4015,75.0,0.3762,70.0,0.6293,66.0,,,0.6405,72.0,0.3667,40.0,0.3715,57.0,0.5402,73.0,,,0.5452,75.0
2022-02-24,0.3412,64.0,0.3358,60.0,0.7031,79.0,,,0.6319,71.0,0.3622,39.0,0.3687,57.0,0.4724,42.0,,,0.5354,72.0
2022-02-23,0.4524,79.0,0.3489,64.0,0.6465,70.0,,,0.5724,60.0,0.3631,39.0,0.3669,56.0,0.4874,48.0,,,0.4912,56.0
2022-02-22,0.3691,70.0,0.3209,55.0,0.6416,69.0,,,0.4308,22.0,0.3565,37.0,0.3645,54.0,0.5843,84.0,,,0.4168,23.0
2022-02-18,0.3736,71.0,0.3302,57.0,0.5099,38.0,,,0.6285,70.0,0.3577,37.0,0.3642,53.0,0.4961,53.0,,,0.523,68.0
2022-02-17,0.3836,72.0,0.3444,63.0,1.023,96.0,,,0.4795,35.0,0.3577,37.0,0.3637,53.0,0.4999,55.0,,,0.4924,56.0
2022-02-16,0.3701,70.0,0.4196,77.0,0.3305,5.0,,,0.4658,31.0,0.3567,37.0,0.3633,53.0,0.507,59.0,,,0.518,67.0
2022-02-15,0.4652,81.0,0.4963,88.0,0.825,89.0,,,0.6817,78.0,0.3569,37.0,0.3648,54.0,0.5552,77.0,,,0.4979,59.0
2022-02-14,0.4826,82.0,0.4984,88.0,0.4278,18.0,,,0.6372,71.0,0.3582,37.0,0.365,54.0,0.4935,52.0,,,0.4987,60.0
2022-02-11,0.3714,70.0,0.4747,86.0,0.4926,32.0,,,0.4878,38.0,0.3529,36.0,0.3621,52.0,0.4941,52.0,,,0.4365,32.0
2022-02-10,0.3613,68.0,0.5164,90.0,0.5171,40.0,,,0.5408,52.0,0.351,35.0,0.361,52.0,0.5954,85.0,,,0.5048,62.0
2022-02-09,0.4994,83.0,0.5684,94.0,0.8337,90.0,,,0.5522,55.0,0.3516,35.0,0.3603,52.0,0.5169,64.0,,,0.5245,69.0
2022-02-08,0.9691,98.0,0.8574,99.0,0.7272,81.0,,,0.5092,45.0,0.3505,35.0,0.3593,52.0,0.4784,45.0,,,0.4996,60.0
2022-02-07,0.9959,98.0,0.8341,99.0,0.5757,55.0,,,0.4922,40.0,0.3518,35.0,0.3553,51.0,0.5532,77.0,,,0.5507,77.0
2022-02-04,0.9584,98.0,0.7899,99.0,0.4984,34.0,,,0.5412,52.0,0.347,34.0,0.3503,49.0,0.6103,88.0,,,0.5198,67.0
2022-02-03,0.9551,98.0,0.7919,99.0,0.6278,66.0,,,0.5338,50.0,0.3464,34.0,0.3517,50.0,0.521,66.0,,,0.4932,57.0
2022-02-02,0.9555,98.0,0.7931,99.0,0.6121,63.0,,,0.6642,76.0,0.3469,34.0,0.3505,49.0,0.4939,52.0,,,0.4504,38.0
2022-02-01,0.9425,97.0,0.7829,99.0,0.6947,77.0,,,0.6004,65.0,0.3452,33.0,0.3466,47.0,0.4227,24.0,,,0.4424,34.0
2022-01-31,0.8234,96.0,0.7553,99.0,0.8348,90.0,,,0.7167,82.0,0.3332,30.0,0.3416,47.0,0.5133,62.0,,,0.4579,42.0
2022-01-28,0.3063,55.0,0.3884,72.0,0.6533,71.0,,,0.5818,62.0,0.2892,12.0,0.3054,18.0,0.4745,43.0,,,0.4872,55.0
2022-01-27,0.1941,18.0,0.3608,67.0,0.6269,66.0,,,0.6751,77.0,0.2842,11.0,0.3033,16.0,0.4553,34.0,,,0.5695,81.0
2022-01-26,0.15,8.0,0.3655,68.0,0.5298,43.0,,,0.6398,72.0,0.2839,10.0,0.3034,16.0,0.4288,26.0,,,0.4896,55.0
2022-01-25,0.1909,17.0,0.3674,68.0,0.3921,11.0,,,0.5707,60.0,0.2835,10.0,0.3027,16.0,0.4725,42.0,,,0.5162,66.0
2022-01-24,0.2424,34.0,0.3637,68.0,0.5278,42.0,,,0.6074,67.0,0.2836,10.0,0.3009,15.0,0.4552,34.0,,,0.4179,24.0
2022-01-21,0.2637,42.0,0.3122,52.0,0.5476,48.0,,,0.9444,95.0,0.2836,10.0,0.2986,13.0,0.4387,28.0,,,0.4376,32.0
2022-01-20,0.2755,46.0,0.2913,43.0,0.5466,47.0,,,0.7486,85.0,0.2836,10.0,0.2966,12.0,0.4259,25.0,,,0.5072,63.0
2022-01-19,0.3385,63.0,0.3294,57.0,0.6184,64.0,,,0.9016,94.0,0.2825,9.0,0.2955,11.0,0.6262,89.0,,,0.584,84.0
2022-01-18,0.5611,88.0,0.3826,71.0,0.6603,72.0,,,0.715,82.0,0.2835,10.0,0.2956,11.0,0.4412,30.0,,,0.5786,83.0
2022-01-14,0.5568,87.0,0.3756,70.0,0.6238,65.0,,,1.1857,99.0,0.2835,10.0,0.2949,10.0,0.6029,87.0,,,0.4279,27.0
2022-01-13,0.5576,87.0,0.3558,66.0,0.8638,91.0,,,0.4634,30.0,0.283,10.0,0.2937,10.0,0.5759,82.0,,,0.521,68.0
2022-01-12,0.504,84.0,0.3341,59.0,0.5215,41.0,,,0.825,91.0,0.2799,8.0,0.2931,10.0,0.5076,60.0,,,0.5151,66.0
2022-01-11,0.5253,86.0,0.3516,64.0,0.702,78.0,,,0.3808,10.0,0.2796,8.0,0.2948,10.0,0.4139,21.0,,,0.361,7.0
2022-01-10,0.4777,82.0,0.3523,65.0,0.2958,3.0,,,0.6047,66.0,0.2777,8.0,0.2938,10.0,0.4999,55.0,,,0.4662,45.0
2022-01-07,0.4668,81.0,0.333,59.0,0.683,76.0,,,1.0899,98.0,0.2746,7.0,0.2906,9.0,0.3749,10.0,,,0.5073,63.0
2022-01-06,0.1053,2.0,0.2603,28.0,0.5709,54.0,,,0.491,39.0,0.2522,4.0,0.2869,7.0,0.4293,26.0,,,0.4972,59.0
2022-01-05,0.1057,2.0,0.2577,26.0,0.5941,59.0,,,0.5079,44.0,0.2525,4.0,0.2872,7.0,0.4865,48.0,,,0.4279,27.0
2022-01-04,0.1238,4.0,0.2623,28.0,0.4517,23.0,,,0.6482,73.0,0.2524,4.0,0.2872,7.0,0.499,54.0,,,0.5373,73.0
2022-01-03,0.1251,4.0,0.2625,28.0,0.5558,50.0,,,0.5041,43.0,0.2536,4.0,0.2877,7.0,0.5137,62.0,,,0.4963,57.0
2021-12-31,0.1478,7.0,0.2617,28.0,0.5403,46.0,,,0.8566,93.0,0.2532,4.0,0.2876,7.0,0.5023,56.0,,,0.4245,26.0
2021-12-30,0.1536,9.0,0.2505,23.0,0.5321,43.0,,,0.6806,77.0,0.2533,4.0,0.2865,7.0,0.3894,14.0,,,0.6136,88.0
2021-12-29,0.1656,11.0,0.2439,19.0,0.3819,9.0,,,0.4676,31.0,0.2533,4.0,0.2843,6.0,0.3967,16.0,,,0.5015,61.0
2021-12-28,0.1646,11.0,0.2728,34.0,0.4916,32.0,,,0.4921,40.0,0.2534,4.0,0.2847,6.0,0.4991,54.0,,,0.4816,52.0
2021-12-27,0.2838,49.0,0.303,48.0,0.4879,31.0,,,0.6086,67.0,0.2541,5.0,0.2851,7.0,0.3845,12.0,,,0.4442,35.0
2021-12-23,0.3379,63.0,0.3359,60.0,0.4348,19.0,,,0.485,37.0,0.2538,4.0,0.2849,6.0,0.3278,2.0,,,0.3951,15.0
2021-12-22,0.3279,60.0,0.347,63.0,0.518,40.0,,,0.3974,13.0,0.2559,5.0,0.2857,7.0,0.3763,10.0,,,0.5782,83.0
2021-12-21,0.3158,57.0,0.3298,57.0,0.4092,13.0,,,0.4978,41.0,0.2541,5.0,0.2845,6.0,0.4155,22.0,,,0.412,21.0
2021-12-20,0.3144,57.0,0.3263,57.0,0.5828,56.0,,,0.8377,92.0,0.2541,5.0,0.2839,6.0,0.501,55.0,,,0.5412,74.0
2021-12-17,0.3048,55.0,0.3085,50.0,0.6309,67.0,,,0.5145,46.0,0.2561,5.0,0.2834,6.0,0.5134,62.0,,,0.4573,41.0
2021-12-16,0.3058,55.0,0.2837,39.0,0.6139,63.0,,,0.5507,55.0,0.256,5.0,0.2819,5.0,0.466,39.0,,,0.4655,45.0
2021-12-15,0.1852,16.0,0.26,28.0,0.5936,59.0,,,0.4706,32.0,0.252,4.0,0.2802,5.0,0.4815,46.0,,,0.444,35.0
2021-12-14,0.123,4.0,0.2406,18.0,0.6909,77.0,,,0.4626,30.0,0.2474,3.0,0.2778,5.0,0.4287,26.0,,,0.4856,54.0
2021-12-13,0.1304,5.0,0.2357,16.0,0.6984,78.0,,,0.462,30.0,0.2477,3.0,0.2773,5.0,0.4528,33.0,,,0.4309,28.0
2021-12-10,0.0978,2.0,0.249,22.0,0.6399,69.0,,,0.4844,37.0,0.2482,3.0,0.2772,5.0,0.5211,66.0,,,0.4973,59.0
2021-12-09,0.0839,1.0,0.264,30.0,0.657,72.0,,,0.5725,60.0,0.2484,4.0,0.2769,5.0,0.4499,32.0,,,0.4811,51.0
2021-12-08,0.0913,2.0,0.2986,46.0,0.6419,69.0,,,0.5876,64.0,0.2491,4.0,0.2764,5.0,0.4556,34.0,,,0.491,56.0
2021-12-07,0.2279,30.0,0.4143,77.0,0.6323,67.0,,,0.4837,36.0,0.2495,4.0,0.277,5.0,0.4581,35.0,,,0.5132,65.0
2021-12-06,0.4123,76.0,0.4482,82.0,0.6304,67.0,,,0.482,36.0,0.2496,4.0,0.2771,5.0,0.486,48.0,,,0.4328,30.0
2021-12-03,0.3839,72.0,0.4519,83.0,0.8748,92.0,,,0.6409,72.0,0.2476,3.0,0.2758,5.0,0.5374,72.0,,,0.5016,61.0
2021-12-02,0.3648,69.0,0.4466,82.0,0.4811,28.0,,,1.0249,97.0,0.2473,3.0,0.2752,5.0,0.4811,46.0,,,0.5959,86.0
2021-12-01,0.4074,76.0,0.4541,83.0,0.7551,84.0,,,0.7317,83.0,0.2469,3.0,0.2751,4.0,0.4864,48.0,,,0.7317,97.0
2021-11-30,0.4185,77.0,0.4532,83.0,0.8182,88.0,,,0.7232,82.0,0.2518,4.0,0.2772,5.0,0.5221,66.0,,,0.7232,97.0
2021-11-29,0.4643,81.0,0.4503,83.0,1.0215,96.0,,,0.806,90.0,0.252,4.0,0.2745,4.0,0.5238,67.0,,,0.459,42.0
2021-11-24,0.3668,69.0,0.3016,47.0,0.6874,76.0,,,0.6298,70.0,0.2406,3.0,0.2632,2.0,0.4748,43.0,,,0.4511,38.0
2021-11-23,0.3616,68.0,0.2793,37.0,0.7732,85.0,,,0.9777,96.0,0.2401,3.0,0.263,2.0,0.5076,60.0,,,0.4968,57.0
2021-11-22,0.3622,69.0,0.2763,36.0,0.5007,35.0,,,0.3148,3.0,0.2402,3.0,0.263,2.0,0.4995,54.0,,,0.6153,88.0
2021-11-19,0.3069,55.0,0.2734,34.0,0.5916,57.0,,,0.6759,77.0,0.2385,3.0,0.262,1.0,0.4641,38.0,,,0.4719,48.0
2021-11-18,0.3017,54.0,0.2844,40.0,0.4926,32.0,,,0.4903,39.0,0.2368,2.0,0.2617,1.0,0.4721,42.0,,,0.5585,79.0
2021-11-17,0.2883,50.0,0.3498,64.0,0.6638,73.0,,,0.5607,57.0,0.2314,2.0,0.2596,1.0,0.4931,52.0,,,0.5213,68.0
2021-11-16,0.2606,41.0,0.3464,63.0,0.3845,10.0,,,0.5211,47.0,0.2302,1.0,0.2593,1.0,0.4712,41.0,,,0.5345,72.0
2021-11-15,0.2636,42.0,0.3532,65.0,0.4255,17.0,,,0.6393,72.0,0.2301,1.0,0.259,1.0,0.4591,36.0,,,0.4928,57.0
2021-11-12,0.2368,32.0,0.3501,64.0,0.5503,48.0,,,0.4551,28.0,0.2301,1.0,0.2588,1.0,0.4713,41.0,,,0.5148,66.0
2021-11-11,0.2345,32.0,0.3579,66.0,0.4467,22.0,,,0.4961,41.0,0.2302,1.0,0.2598,1.0,0.4775,44.0,,,0.4964,57.0
2021-11-10,0.2184,27.0,0.353,65.0,0.4995,34.0,,,0.4928,40.0,0.2312,1.0,0.2582,1.0,0.4323,27.0,,,0.51,64.0
2021-11-09,0.2199,27.0,0.3331,59.0,0.4357,20.0,,,0.7912,89.0,0.2297,1.0,0.2572,1.0,0.4118,21.0,,,0.4688,46.0
2021-11-08,0.1749,13.0,0.2451,20.0,0.8902,92.0,,,0.3844,11.0,0.2245,1.0,0.2514,1.0,0.456,34.0,,,0.4599,43.0
2021-11-05,0.2027,21.0,0.257,26.0,0.6666,73.0,,,0.4732,33.0,0.2271,1.0,0.252,1.0,0.5275,69.0,,,0.4738,48.0
2021-11-04,0.324,59.0,0.268,32.0,0.7687,85.0,,,0.511,45.0,0.2261,1.0,0.2518,1.0,0.458,35.0,,,0.4687,46.0
2021-11-03,0.3359,63.0,0.278,36.0,0.8465,90.0,,,0.4013,14.0,0.2261,1.0,0.2531,1.0,0.4648,39.0,,,0.4331,30.0
2021-11-02,0.3221,59.0,0.2723,34.0,0.834,90.0,,,0.498,41.0,0.2274,1.0,0.2544,1.0,0.4897,50.0,,,0.432,28.0
2021-11-01,0.2963,52.0,0.2514,23.0,0.8103,88.0,,,0.5367,51.0,0.2311,1.0,0.2588,1.0,0.4891,49.0,,,0.4709,47.0
2021-10-29,0.2823,48.0,0.2524,24.0,0.8085,87.0,,,0.6068,67.0,0.2308,1.0,0.2589,1.0,0.4985,54.0,,,0.4653,45.0
2021-10-28,0.2238,28.0,0.2311,14.0,0.6924,77.0,,,0.476,34.0,0.2274,1.0,0.258,1.0,0.4724,42.0,,,0.4565,41.0
2021-10-26,0.1524,8.0,0.1801,2.0,0.8517,90.0,,,0.518,47.0,0.2284,1.0,0.2608,1.0,0.5424,74.0,,,0.5843,84.0
2021-10-25,0.1464,7.0,0.1763,1.0,0.568,53.0,,,0.5643,57.0,0.2284,1.0,0.2621,2.0,0.3962,16.0,,,0.5643,80.0
2021-10-22,0.1442,7.0,0.1687,1.0,1.044,96.0,,,0.9315,95.0,0.2287,1.0,0.2619,1.0,0.4801,45.0,,,0.4249,26.0
2021-10-21,0.1424,7.0,0.1612,1.0,0.4548,24.0,,,0.3624,8.0,0.2293,1.0,0.2622,2.0,0.4771,44.0,,,0.4706,47.0
2021-10-20,0.1425,7.0,0.1647,1.0,0.4237,17.0,,,0.4542,28.0,0.2292,1.0,0.2619,1.0,0.4237,25.0,,,0.4542,40.0
2021-10-19,0.0732,1.0,0.1602,1.0,0.4485,23.0,,,0.5219,47.0,0.228,1.0,0.2616,1.0,0.3584,6.0,,,0.5452,75.0
2021-10-18,0.1037,2.0,0.1829,2.0,0.5602,51.0,,,0.6238,69.0,0.2292,1.0,0.2621,2.0,0.5042,57.0,,,0.5322,71.0
2021-10-15,0.1092,3.0,0.1952,4.0,0.7127,80.0,,,0.5673,59.0,0.2291,1.0,0.2625,2.0,0.4828,46.0,,,0.4743,49.0
2021-10-14,0.1377,6.0,0.2036,6.0,0.7389,82.0,,,0.5037,43.0,0.2313,2.0,0.263,2.0,0.5021,56.0,,,0.4501,38.0
2021-10-13,0.1707,12.0,0.21,7.0,0.6859,76.0,,,0.5022,43.0,0.2317,2.0,0.2633,2.0,0.4623,37.0,,,0.4531,39.0
2021-10-12,0.1903,17.0,0.2235,11.0,0.6993,78.0,,,0.5554,56.0,0.2317,2.0,0.2641,2.0,0.4736,42.0,,,0.4836,53.0
2021-10-11,0.2066,23.0,0.2217,11.0,0.6467,70.0,,,0.565,59.0,0.2313,2.0,0.2636,2.0,0.4749,43.0,,,0.454,40.0
2021-10-08,0.2215,28.0,0.2304,14.0,0.7278,81.0,,,0.4978,41.0,0.2313,2.0,0.2639,2.0,0.5434,74.0,,,0.4978,59.0
2021-10-07,0.2316,31.0,0.2246,12.0,0.7387,82.0,,,0.4903,39.0,0.2309,1.0,0.2638,2.0,0.554,77.0,,,0.4903,55.0
2021-10-06,0.2614,41.0,0.2324,15.0,0.6253,65.0,,,0.543,53.0,0.2315,2.0,0.2639,2.0,0.4937,52.0,,,0.543,75.0
2021-10-04,0.2861,49.0,0.2527,24.0,0.5632,51.0,,,0.4525,27.0,0.2386,3.0,0.2663,3.0,0.4595,36.0,,,0.4525,39.0
2021-10-01,0.2656,43.0,0.2455,21.0,0.4139,15.0,,,0.497,41.0,0.2378,3.0,0.2662,2.0,0.4069,19.0,,,0.497,59.0
2021-09-30,0.2561,39.0,0.2384,17.0,0.5227,41.0,,,0.5019,42.0,0.2367,2.0,0.2663,3.0,0.4639,38.0,,,0.5019,61.0
2021-09-29,0.2653,43.0,0.2316,14.0,0.5754,55.0,,,0.522,47.0,0.2362,2.0,0.266,2.0,0.5094,60.0,,,0.522,68.0
2021-09-28,0.2706,45.0,0.253,24.0,0.7389,82.0,,,0.4532,28.0,0.2375,3.0,0.2672,3.0,0.5533,77.0,,,0.4532,39.0
2021-09-24,0.2039,22.0,0.2401,18.0,0.5355,44.0,,,0.4584,28.0,0.2345,2.0,0.2658,2.0,0.5215,66.0,,,0.4438,35.0
2021-09-23,0.2153,26.0,0.2556,25.0,0.517,39.0,,,1.1437,99.0,0.2346,2.0,0.2662,2.0,0.517,64.0,,,0.4551,41.0
2021-09-22,0.2768,47.0,0.2923,43.0,0.8518,90.0,,,0.4387,24.0,0.234,2.0,0.2668,3.0,0.528,69.0,,,0.4387,33.0
2021-09-21,0.3445,65.0,0.3193,55.0,0.4945,33.0,,,0.4864,38.0,0.2343,2.0,0.267,3.0,0.4754,43.0,,,0.493,57.0
2021-09-20,0.3407,64.0,0.3547,66.0,0.6053,61.0,,,0.4787,35.0,0.2342,2.0,0.2672,3.0,0.4988,54.0,,,0.4771,50.0
2021-09-17,0.4041,75.0,0.428,79.0,0.5335,44.0,,,0.4381,23.0,0.2343,2.0,0.2669,3.0,0.4548,34.0,,,0.4745,49.0
2021-09-16,0.3579,68.0,0.4319,80.0,0.5472,47.0,,,0.4722,33.0,0.235,2.0,0.266,2.0,0.4586,36.0,,,0.4581,42.0
2021-09-15,0.365,69.0,0.4666,85.0,0.5428,46.0,,,0.4278,21.0,0.2373,2.0,0.2662,2.0,0.5428,74.0,,,0.4278,27.0
2021-09-14,0.3634,69.0,0.4603,84.0,0.6406,69.0,,,0.823,91.0,0.2375,3.0,0.2665,3.0,0.6406,91.0,,,0.5397,73.0
2021-09-13,0.35,66.0,0.4446,82.0,0.5113,38.0,,,0.4294,21.0,0.2347,2.0,0.2654,2.0,0.5113,61.0,,,0.4294,28.0
2021-09-10,0.2103,25.0,0.425,78.0,0.5559,50.0,,,0.387,11.0,0.2322,2.0,0.2647,2.0,0.5559,78.0,,,0.387,13.0
2021-09-09,0.2711,45.0,0.3951,74.0,0.7171,80.0,,,0.3887,12.0,0.2377,3.0,0.2734,4.0,0.5577,78.0,,,0.3887,13.0
2021-09-08,0.2078,23.0,0.2898,42.0,0.6473,70.0,,,0.4624,30.0,0.2325,2.0,0.2667,3.0,0.4586,36.0,,,0.4557,41.0
2021-09-07,0.2574,39.0,0.2697,33.0,0.6641,73.0,,,0.4786,35.0,0.2337,2.0,0.2651,2.0,0.472,42.0,,,0.4715,48.0
2021-09-03,0.1955,19.0,0.185,2.0,0.6732,74.0,,,0.6052,66.0,0.2318,2.0,0.2612,1.0,0.475,43.0,,,0.6052,87.0
2021-08-30,0.2021,21.0,0.2344,15.0,0.6403,69.0,,,0.4521,27.0,0.242,3.0,0.2665,3.0,0.5023,56.0,,,0.4521,39.0
2021-08-25,0.2211,28.0,0.2405,18.0,0.9113,93.0,,,0.6476,73.0,0.2472,3.0,0.2701,3.0,0.5506,76.0,,,0.6476,91.0
2021-08-24,0.208,23.0,0.2425,19.0,0.6356,68.0,,,0.6421,72.0,0.2457,3.0,0.2714,4.0,0.5111,61.0,,,0.6421,91.0
2021-08-23,0.2092,24.0,0.2486,22.0,0.5823,56.0,,,0.5892,64.0,0.2475,3.0,0.2725,4.0,0.4709,41.0,,,0.5892,85.0
2021-08-18,0.1895,17.0,0.2817,38.0,0.528,42.0,,,0.3932,13.0,0.2526,4.0,0.2722,4.0,0.4938,52.0,,,0.3932,15.0
2021-08-17,0.1895,17.0,0.2813,38.0,1.9643,100.0,,,0.6056,67.0,0.2542,5.0,0.2721,4.0,0.472,42.0,,,0.6056,87.0
2021-08-11,0.2865,50.0,0.2987,46.0,1.5095,100.0,,,0.4313,22.0,0.2566,5.0,0.2725,4.0,0.4786,45.0,,,0.4313,28.0
2021-08-10,0.3041,54.0,0.2846,40.0,0.5606,51.0,,,0.6021,66.0,0.2558,5.0,0.2713,4.0,0.4303,27.0,,,0.4596,42.0
2021-08-09,0.2974,52.0,0.2446,20.0,0.6143,63.0,,,0.9722,96.0,0.2562,5.0,0.2691,3.0,0.471,41.0,,,0.4427,35.0
2021-08-06,0.2942,52.0,0.2379,17.0,0.4189,16.0,,,0.6252,69.0,0.2558,5.0,0.2694,3.0,0.4189,23.0,,,0.4802,51.0
2021-08-05,0.2996,53.0,0.2542,25.0,0.5663,52.0,,,0.5814,62.0,0.2558,5.0,0.2691,3.0,0.4311,27.0,,,0.4283,28.0
2021-08-04,0.2874,50.0,0.2492,22.0,0.5688,53.0,,,0.5142,46.0,0.2553,5.0,0.2692,3.0,0.5688,81.0,,,0.4083,20.0
2021-08-03,0.1345,6.0,0.2138,8.0,0.7896,86.0,,,0.7864,89.0,0.249,4.0,0.2683,3.0,0.4435,30.0,,,0.4409,34.0
2021-08-02,0.1676,11.0,0.2219,11.0,0.7886,86.0,,,0.5632,57.0,0.2521,4.0,0.2695,3.0,0.422,24.0,,,0.4459,36.0
2021-07-30,0.1611,10.0,0.2086,7.0,0.5184,40.0,,,0.8084,90.0,0.2518,4.0,0.2701,3.0,0.4209,24.0,,,0.4521,39.0
2021-07-29,0.1694,12.0,0.1997,5.0,0.4879,31.0,,,1.2134,99.0,0.2517,4.0,0.2697,3.0,0.4879,49.0,,,0.5204,67.0
2021-07-27,0.1606,10.0,0.2408,18.0,0.7925,86.0,,,0.7749,88.0,0.2542,5.0,0.271,4.0,0.4185,23.0,,,0.4321,28.0
2021-07-23,0.1395,6.0,0.2411,19.0,0.8277,89.0,,,0.7802,88.0,0.2557,5.0,0.2747,4.0,0.4242,25.0,,,0.4441,35.0
2021-07-22,0.0859,1.0,0.2362,16.0,0.7859,86.0,,,0.7939,89.0,0.254,5.0,0.2738,4.0,0.4781,45.0,,,0.4446,36.0
2021-07-21,0.1052,2.0,0.2482,22.0,0.7884,86.0,,,1.0902,98.0,0.2552,5.0,0.2748,4.0,0.4681,40.0,,,0.4424,34.0
2021-07-20,0.0769,1.0,0.2444,20.0,0.5287,43.0,,,1.0808,98.0,0.2553,5.0,0.2754,5.0,0.4466,31.0,,,0.4085,20.0
2021-07-19,0.1198,4.0,0.2384,17.0,0.4956,33.0,,,1.0676,98.0,0.2553,5.0,0.2751,4.0,0.3914,14.0,,,0.3964,16.0
2021-07-16,0.1247,4.0,0.2204,10.0,0.8187,88.0,,,0.9262,95.0,0.2554,5.0,0.2731,4.0,0.4716,41.0,,,0.4505,38.0
2021-07-15,0.124,4.0,0.2214,11.0,0.5279,42.0,,,1.0292,97.0,0.2555,5.0,0.2742,4.0,0.4038,18.0,,,0.4239,26.0
2021-07-14,0.1216,4.0,0.2159,9.0,0.8128,88.0,,,0.9171,94.0,0.2592,6.0,0.276,5.0,0.5074,59.0,,,0.5298,70.0
2021-07-12,0.1645,11.0,0.212,8.0,0.8126,88.0,,,0.7541,86.0,0.2592,6.0,0.2775,5.0,0.5073,59.0,,,0.4896,55.0
2021-07-08,0.1915,18.0,0.219,10.0,0.7234,81.0,,,0.9235,94.0,0.2588,6.0,0.2776,5.0,0.5053,57.0,,,0.5261,69.0
2021-07-06,0.1912,17.0,0.1902,3.0,0.8718,91.0,,,0.879,93.0,0.2683,6.0,0.2825,6.0,0.5092,60.0,,,0.5601,79.0
2021-07-02,0.2611,41.0,0.2243,12.0,0.7569,84.0,,,0.7569,86.0,0.2682,6.0,0.2837,6.0,0.4761,44.0,,,0.5153,66.0
2021-07-01,0.2588,40.0,0.2168,9.0,0.8022,87.0,,,0.7484,85.0,0.2681,6.0,0.2845,6.0,0.4654,39.0,,,0.5537,77.0
2021-06-30,0.2446,34.0,0.2061,6.0,0.5541,49.0,,,0.8102,90.0,0.2674,6.0,0.2848,6.0,0.5541,77.0,,,0.593,86.0
2021-06-29,0.2406,33.0,0.2047,6.0,0.938,94.0,,,0.7698,87.0,0.2678,6.0,0.2849,6.0,0.5526,76.0,,,0.4716,48.0
2021-06-28,0.1977,20.0,0.1937,4.0,0.7197,81.0,,,0.7401,84.0,0.2658,6.0,0.2846,6.0,0.4717,41.0,,,0.4988,60.0
2021-06-25,0.1913,18.0,0.1903,3.0,0.7604,84.0,,,0.5105,45.0,0.2717,7.0,0.287,7.0,0.4765,44.0,,,0.5105,64.0
2021-06-24,0.1898,17.0,0.1927,3.0,0.6827,76.0,,,0.7869,89.0,0.2718,7.0,0.2879,8.0,0.6318,90.0,,,0.666,93.0
2021-06-23,0.1384,6.0,0.1596,1.0,0.7742,85.0,,,0.7993,89.0,0.2697,6.0,0.2869,7.0,0.294,1.0,,,0.4778,50.0
2021-06-22,0.1699,12.0,0.1784,2.0,0.7082,79.0,,,0.7932,89.0,0.2696,6.0,0.2868,7.0,0.3882,13.0,,,0.4817,52.0
2021-06-21,0.1781,14.0,0.1941,4.0,0.6366,68.0,,,0.6634,75.0,0.2696,6.0,0.2873,7.0,0.3285,2.0,,,0.4961,57.0
2021-06-18,0.1781,14.0,0.1948,4.0,0.7539,84.0,,,0.6437,72.0,0.2699,6.0,0.2886,8.0,0.7539,98.0,,,0.4664,45.0
2021-06-17,0.154,9.0,0.1852,2.0,0.2957,3.0,,,0.7006,80.0,0.2755,7.0,0.2911,9.0,0.2957,1.0,,,0.4667,45.0
2021-06-16,0.1611,10.0,0.2047,6.0,0.6184,64.0,,,0.899,94.0,0.2753,7.0,0.2912,9.0,0.3547,5.0,,,0.4972,59.0
2021-06-15,0.2602,41.0,0.27,33.0,0.9138,94.0,,,0.5729,60.0,0.2777,8.0,0.2921,9.0,0.4457,31.0,,,0.468,46.0
2021-06-14,0.2564,39.0,0.2668,31.0,0.8942,93.0,,,0.6069,67.0,0.2769,7.0,0.292,9.0,0.6665,94.0,,,0.4365,32.0
2021-05-28,0.1361,6.0,0.1971,4.0,0.659,72.0,,,0.4461,26.0,0.2841,10.0,0.2933,10.0,0.4014,18.0,,,0.4461,36.0
2021-05-07,0.2966,52.0,0.3778,70.0,0.7632,84.0,,,0.7408,84.0,0.2927,13.0,0.3055,18.0,0.4922,51.0,,,0.7408,97.0
2021-05-05,0.2672,44.0,0.3025,48.0,0.5165,39.0,,,0.367,8.0,0.3058,20.0,0.3108,25.0,0.5165,63.0,,,0.367,8.0
2021-05-04,0.2496,36.0,0.2944,44.0,0.4695,27.0,,,0.6142,68.0,0.3067,21.0,0.315,32.0,0.4912,50.0,,,0.465,45.0
2021-04-30,0.1732,13.0,0.22,10.0,0.6118,62.0,,,0.413,17.0,0.3049,20.0,0.3114,26.0,0.5262,68.0,,,0.413,22.0
2021-04-28,0.224,28.0,0.204,6.0,0.5223,41.0,,,0.4118,17.0,0.309,23.0,0.3139,30.0,0.5223,66.0,,,0.4118,21.0
2021-04-15,0.3054,55.0,0.274,34.0,0.4963,34.0,,,0.8347,91.0,0.3107,24.0,0.3181,35.0,0.4963,53.0,,,0.4509,38.0
2021-04-14,0.3054,55.0,0.2702,33.0,0.9022,93.0,,,0.4411,24.0,0.3108,24.0,0.3179,35.0,0.504,57.0,,,0.4411,34.0
2021-04-13,0.3235,59.0,0.2866,41.0,0.6913,77.0,,,0.7075,81.0,0.311,24.0,0.3176,34.0,0.6913,96.0,,,0.4614,44.0
2021-04-12,0.2959,52.0,0.3008,47.0,0.9246,94.0,,,0.9259,95.0,0.3104,24.0,0.3176,34.0,0.5475,75.0,,,0.9259,100.0
2021-03-15,0.2848,49.0,0.3009,47.0,1.5631,100.0,,,0.854,92.0,0.3135,25.0,0.3113,26.0,0.5156,63.0,,,0.854,100.0
2021-03-11,0.387,72.0,0.3307,57.0,0.4502,23.0,,,0.5097,45.0,0.3129,25.0,0.3109,25.0,0.4502,33.0,,,0.5097,64.0
2021-03-09,0.4068,75.0,0.361,67.0,0.4919,32.0,,,0.8559,93.0,0.3146,26.0,0.3129,28.0,0.4919,51.0,,,0.8559,100.0
2021-03-08,0.3549,67.0,0.3224,56.0,0.8946,93.0,,,0.6498,73.0,0.308,22.0,0.3098,23.0,0.8946,100.0,,,0.6498,91.0
2021-02-26,0.3338,62.0,0.264,30.0,0.8943,93.0,,,1.0151,97.0,0.3043,19.0,0.3097,23.0,0.8943,100.0,,,0.8168,99.0
2021-02-25,0.3528,67.0,0.2596,27.0,0.8196,88.0,,,1.2901,99.0,0.3032,19.0,0.3087,22.0,0.5968,86.0,,,0.4702,47.0
2021-02-24,0.3524,66.0,0.2554,25.0,0.8186,88.0,,,1.0336,97.0,0.3012,18.0,0.3077,21.0,0.4298,27.0,,,0.5306,71.0
2021-01-27,0.189,16.0,0.2651,30.0,0.8731,91.0,,,0.5135,46.0,0.2987,15.0,0.3153,32.0,0.538,72.0,,,0.5135,65.0
2021-01-25,0.2517,37.0,0.2916,43.0,0.4742,28.0,,,0.6108,67.0,0.2988,15.0,0.315,32.0,0.4742,43.0,,,0.5202,67.0
2021-01-21,0.1566,9.0,0.2842,40.0,0.7696,85.0,,,0.639,72.0,0.2976,15.0,0.3139,30.0,0.7696,98.0,,,0.639,91.0
2021-01-20,0.1582,9.0,0.2844,40.0,0.5005,35.0,,,0.5292,49.0,0.2988,15.0,0.3138,30.0,0.5005,55.0,,,0.4685,46.0
2021-01-19,0.2474,36.0,0.3152,53.0,0.6957,78.0,,,0.5033,43.0,0.2991,16.0,0.3139,30.0,0.4636,38.0,,,0.4711,47.0
2021-01-15,0.3503,66.0,0.3625,67.0,0.5744,55.0,,,0.502,43.0,0.3018,18.0,0.3141,30.0,0.5744,81.0,,,0.502,61.0
2021-01-14,0.3289,60.0,0.3498,64.0,0.7212,81.0,,,0.5627,57.0,0.2996,16.0,0.313,28.0,0.5097,60.0,,,0.4443,35.0
2021-01-13,0.3289,60.0,0.3499,64.0,0.6246,65.0,,,0.715,82.0,0.3002,17.0,0.3121,27.0,0.3778,10.0,,,0.715,96.0
2021-01-12,0.3312,61.0,0.3422,62.0,0.6097,62.0,,,0.8433,92.0,0.3026,19.0,0.3118,27.0,0.628,89.0,,,0.4662,45.0
2021-01-11,0.3472,65.0,0.3447,63.0,0.5638,52.0,,,0.8438,92.0,0.3026,19.0,0.312,27.0,0.5264,68.0,,,0.5147,66.0
2021-01-08,0.3382,63.0,0.3425,62.0,0.8433,90.0,,,0.6983,79.0,0.3035,19.0,0.3116,26.0,0.5641,80.0,,,0.5459,76.0
2021-01-07,0.263,42.0,0.3528,65.0,0.4437,21.0,,,0.7581,86.0,0.2997,16.0,0.3102,24.0,0.4437,30.0,,,0.5676,81.0
2021-01-06,0.2577,40.0,0.2999,47.0,0.6114,62.0,,,0.4809,36.0,0.3003,17.0,0.3102,24.0,0.6114,88.0,,,0.4809,51.0
2021-01-05,0.2607,41.0,0.2781,37.0,0.689,77.0,,,0.4725,33.0,0.3002,17.0,0.309,23.0,0.689,95.0,,,0.4725,48.0
2020-12-30,0.263,42.0,0.2808,38.0,0.6677,73.0,,,0.633,71.0,0.3058,20.0,0.3099,24.0,0.4588,36.0,,,0.633,90.0
2020-12-28,0.2794,48.0,0.2816,38.0,0.8903,93.0,,,0.5592,57.0,0.3005,17.0,0.3083,22.0,0.5742,81.0,,,0.5592,79.0
2020-12-23,0.3225,59.0,0.2793,37.0,0.7914,86.0,,,0.5328,50.0,0.3009,17.0,0.3087,22.0,0.5638,79.0,,,0.5328,71.0
2020-12-17,0.2981,53.0,0.2528,24.0,0.7523,83.0,,,0.5603,57.0,0.3002,17.0,0.3079,21.0,0.5835,84.0,,,0.5603,79.0
2020-12-16,0.3136,57.0,0.258,27.0,0.8289,89.0,,,0.5584,57.0,0.3003,17.0,0.3081,21.0,0.641,91.0,,,0.5584,78.0
2020-12-15,0.2969,52.0,0.2503,23.0,0.78,86.0,,,0.7999,90.0,0.2992,16.0,0.3078,21.0,0.5961,86.0,,,0.7999,99.0
2020-12-14,0.3268,60.0,0.2631,28.0,0.7606,84.0,,,0.8511,92.0,0.3034,19.0,0.3092,23.0,0.5531,77.0,,,0.5247,69.0
2020-12-11,0.397,74.0,0.3139,53.0,0.5161,39.0,,,0.5496,54.0,0.3038,19.0,0.3093,23.0,0.5659,80.0,,,0.5496,76.0
2020-12-10,0.3157,57.0,0.2979,46.0,0.4824,28.0,,,0.9169,94.0,0.3008,17.0,0.3087,22.0,0.4971,53.0,,,0.5895,85.0
2020-12-09,0.307,55.0,0.2843,40.0,0.5705,54.0,,,0.9315,95.0,0.2998,17.0,0.309,23.0,0.7174,97.0,,,0.5124,65.0
2020-12-07,0.3543,67.0,0.3223,56.0,0.4352,20.0,,,0.5121,46.0,0.3004,17.0,0.312,27.0,0.5168,64.0,,,0.5121,65.0
2020-12-04,0.3228,59.0,0.3281,57.0,0.4791,28.0,,,0.6257,69.0,0.3009,17.0,0.3118,27.0,0.5153,63.0,,,0.4644,45.0
2020-12-03,0.3062,55.0,0.3274,57.0,0.4929,33.0,,,0.8666,93.0,0.3005,17.0,0.3131,28.0,0.4567,35.0,,,0.5802,84.0
2020-12-01,0.2214,28.0,0.309,51.0,0.4308,18.0,,,0.7979,89.0,0.3003,17.0,0.3146,31.0,0.6919,96.0,,,0.7979,99.0
2020-11-30,0.2214,28.0,0.309,51.0,0.4112,14.0,,,0.5178,47.0,0.3003,17.0,0.3146,31.0,0.4667,39.0,,,0.5178,67.0
2020-11-26,0.2281,30.0,0.315,53.0,0.3866,10.0,,,0.6561,74.0,0.2991,16.0,0.3128,28.0,0.6894,96.0,,,0.6561,92.0
2020-11-25,0.2596,40.0,0.305,49.0,0.3784,9.0,,,0.6498,73.0,0.2993,16.0,0.3125,28.0,0.6863,95.0,,,0.6498,91.0
2020-11-24,0.267,44.0,0.2992,46.0,0.4095,14.0,,,0.7447,85.0,0.3009,17.0,0.3134,28.0,0.67,94.0,,,0.5208,68.0
2020-11-23,0.2533,38.0,0.2904,42.0,0.4168,15.0,,,0.4522,27.0,0.299,16.0,0.3129,28.0,0.6644,94.0,,,0.4583,42.0
2020-11-09,0.5266,86.0,0.5199,90.0,0.5065,37.0,,,0.3706,9.0,0.2937,13.0,0.3169,33.0,0.5756,82.0,,,0.3706,8.0
2020-11-06,0.5674,88.0,0.4842,87.0,0.3254,4.0,,,1.1639,99.0,0.2962,14.0,0.3127,28.0,0.5249,68.0,,,0.4805,51.0
2020-11-05,0.3337,62.0,0.3956,74.0,1.1347,98.0,,,0.4581,28.0,0.2775,7.0,0.3049,18.0,0.5031,57.0,,,0.4581,42.0
2020-11-04,0.3647,69.0,0.3964,74.0,1.1776,98.0,,,0.3822,10.0,0.2819,9.0,0.3071,20.0,1.1776,100.0,,,0.3822,11.0
2020-11-03,0.3863,72.0,0.3359,60.0,0.9668,95.0,,,0.5655,59.0,0.2823,9.0,0.3048,17.0,0.5207,65.0,,,0.5126,65.0
2020-11-02,0.3586,68.0,0.3328,59.0,1.0716,97.0,,,1.1291,99.0,0.2953,14.0,0.3115,26.0,0.4816,46.0,,,1.1291,100.0
2020-10-30,0.344,65.0,0.3528,65.0,0.8553,91.0,,,0.4545,28.0,0.2952,14.0,0.3125,28.0,0.5243,67.0,,,0.4545,40.0
2020-10-29,0.3197,57.0,0.3335,59.0,0.9471,94.0,,,1.107,98.0,0.2929,13.0,0.3111,26.0,0.4769,44.0,,,0.4189,24.0
2020-10-27,0.2243,28.0,0.2525,24.0,0.9157,94.0,,,0.8154,90.0,0.2913,12.0,0.3102,24.0,0.4635,38.0,,,0.2626,1.0
2020-10-26,0.2076,23.0,0.2422,19.0,0.8665,91.0,,,0.39,12.0,0.2899,12.0,0.3108,25.0,0.4481,32.0,,,0.4852,53.0
2020-10-23,0.144,7.0,0.2295,14.0,0.766,84.0,,,0.5294,49.0,0.2902,12.0,0.311,26.0,0.5073,59.0,,,0.4984,59.0
2020-10-22,0.1286,5.0,0.2318,14.0,0.7085,79.0,,,0.7534,86.0,0.2908,12.0,0.3128,28.0,0.4689,40.0,,,0.4818,52.0
2020-10-20,0.0932,2.0,0.211,8.0,0.7666,84.0,,,0.4098,16.0,0.3156,26.0,0.3212,38.0,0.5232,67.0,,,0.4098,20.0
2020-10-06,0.3279,60.0,0.2965,45.0,0.6406,69.0,,,0.7335,84.0,0.3224,28.0,0.3341,43.0,0.6406,91.0,,,0.7335,97.0
2020-10-05,0.33,61.0,0.2757,35.0,0.6689,74.0,,,0.6446,73.0,0.3262,28.0,0.3354,44.0,0.6689,94.0,,,0.6446,91.0
2020-10-02,0.189,16.0,0.2265,12.0,0.7132,80.0,,,0.7622,87.0,0.3279,28.0,0.3386,45.0,0.3861,13.0,,,0.5468,76.0
2020-10-01,0.241,33.0,0.2067,7.0,0.6545,71.0,,,0.7512,85.0,0.3349,31.0,0.3456,47.0,0.3944,15.0,,,0.5443,75.0
2020-09-30,0.2458,35.0,0.2289,13.0,0.6995,78.0,,,0.7511,85.0,0.3428,32.0,0.3493,48.0,0.451,33.0,,,0.5601,79.0
2020-09-29,0.3385,63.0,0.3433,62.0,0.7104,79.0,,,0.767,87.0,0.3427,32.0,0.3515,50.0,0.4482,32.0,,,0.5765,83.0
2020-09-28,0.338,63.0,0.3467,63.0,0.7028,79.0,,,0.7648,87.0,0.3461,34.0,0.3591,52.0,0.4024,18.0,,,0.5415,74.0
2020-09-25,0.2525,37.0,0.3391,61.0,0.7292,81.0,,,0.9904,96.0,0.3496,35.0,0.3605,52.0,0.542,73.0,,,0.5373,73.0
2020-09-24,0.2469,36.0,0.3355,60.0,0.7197,81.0,,,0.8157,90.0,0.3508,35.0,0.3636,53.0,0.4676,39.0,,,0.5408,74.0
2020-09-23,0.2479,36.0,0.3366,60.0,0.7376,82.0,,,0.7087,81.0,0.3648,40.0,0.3706,57.0,0.4876,49.0,,,0.5277,70.0
2020-09-22,0.274,46.0,0.3348,60.0,0.723,81.0,,,0.6827,78.0,0.3652,40.0,0.3743,59.0,0.467,39.0,,,0.5165,66.0
2020-09-21,0.2703,45.0,0.3222,56.0,0.721,81.0,,,0.6676,76.0,0.3869,46.0,0.3827,62.0,0.478,45.0,,,0.5165,66.0
2020-09-18,0.1944,19.0,0.2387,17.0,0.8724,91.0,,,0.6446,73.0,0.3875,46.0,0.3797,61.0,0.4153,22.0,,,0.5271,69.0
2020-09-17,0.2021,21.0,0.2366,16.0,0.8024,87.0,,,0.6651,76.0,0.3904,46.0,0.3811,62.0,0.4924,51.0,,,0.5184,67.0
2020-09-16,0.2028,21.0,0.2678,31.0,0.5376,45.0,,,0.3456,6.0,0.3941,47.0,0.3851,63.0,0.3388,3.0,,,0.5207,68.0
2020-09-15,0.203,21.0,0.3028,48.0,0.6478,70.0,,,0.7447,85.0,0.4022,49.0,0.3985,69.0,0.4514,33.0,,,0.4878,55.0
2020-09-14,0.2064,23.0,0.3027,48.0,0.6474,70.0,,,0.3633,8.0,0.406,51.0,0.4057,71.0,0.3508,5.0,,,0.4991,60.0
2020-09-11,0.2541,38.0,0.3128,52.0,0.8012,87.0,,,0.3331,5.0,0.446,65.0,0.4202,77.0,0.3907,14.0,,,0.5019,61.0
2020-09-10,0.2984,53.0,0.3378,61.0,0.797,87.0,,,0.3276,4.0,0.4701,70.0,0.4323,82.0,0.3437,4.0,,,0.4355,31.0
2020-09-09,0.2627,42.0,0.3097,51.0,0.3504,6.0,,,0.7497,85.0,0.485,75.0,0.4361,83.0,0.2574,1.0,,,0.4243,26.0
2020-09-08,0.2539,38.0,0.3031,48.0,0.3243,4.0,,,0.2751,2.0,0.4857,76.0,0.4472,86.0,0.2917,1.0,,,0.4326,30.0
2020-09-04,0.2545,38.0,0.2739,34.0,0.2783,2.0,,,0.2583,1.0,0.5065,86.0,0.4494,87.0,0.279,1.0,,,0.432,28.0
2020-09-03,0.2552,38.0,0.2389,17.0,0.3417,5.0,,,0.6063,67.0,0.5064,86.0,0.449,87.0,0.2674,1.0,,,0.443,35.0
2020-09-02,0.2474,36.0,0.2325,15.0,0.3506,6.0,,,0.7227,82.0,0.5117,86.0,0.4507,87.0,0.2717,1.0,,,0.45,38.0
2020-09-01,0.1937,18.0,0.2076,7.0,0.913,93.0,,,0.2715,1.0,0.5166,87.0,0.452,88.0,0.2925,1.0,,,0.4191,24.0
2020-08-31,0.1374,6.0,0.1887,3.0,0.6032,61.0,,,0.6431,72.0,0.5161,86.0,0.4515,87.0,0.2806,1.0,,,0.4012,17.0
2020-08-28,0.1397,6.0,0.1744,1.0,0.6988,78.0,,,0.6944,79.0,0.5196,87.0,0.4528,88.0,0.2604,1.0,,,0.4406,34.0
2020-08-27,0.1479,7.0,0.1741,1.0,0.6699,74.0,,,0.6712,76.0,0.5222,87.0,0.4549,88.0,0.2977,2.0,,,0.458,42.0
2020-08-26,0.1537,9.0,0.1837,2.0,0.689,77.0,,,0.7033,80.0,0.5224,87.0,0.4574,89.0,0.2719,1.0,,,0.4276,27.0
2020-08-25,0.1598,10.0,0.1842,2.0,0.7161,80.0,,,0.7067,80.0,0.5238,87.0,0.458,89.0,0.2749,1.0,,,0.4156,23.0
2020-08-24,0.1547,9.0,0.1921,3.0,0.665,73.0,,,0.5686,59.0,0.5426,89.0,0.464,90.0,0.3491,4.0,,,0.3925,14.0
2020-08-21,0.1584,9.0,0.2058,6.0,0.8889,92.0,,,0.2486,1.0,0.5433,90.0,0.4663,91.0,0.438,28.0,,,0.4088,20.0
2020-08-20,0.1457,7.0,0.1786,2.0,0.3459,6.0,,,0.2492,1.0,0.5426,89.0,0.4658,90.0,0.4399,28.0,,,0.4328,30.0
2020-08-19,0.208,23.0,0.2229,11.0,0.4,12.0,,,0.3417,5.0,0.543,89.0,0.4664,91.0,0.4295,26.0,,,0.4307,28.0
2020-08-18,0.2088,24.0,0.2686,32.0,0.809,87.0,,,0.3763,9.0,0.5459,90.0,0.4665,91.0,0.4026,18.0,,,0.3669,8.0
2020-08-17,0.2073,23.0,0.3059,49.0,0.4324,19.0,,,0.2951,2.0,0.546,90.0,0.4664,91.0,0.4177,22.0,,,0.3855,12.0
2020-08-14,0.3156,57.0,0.4175,77.0,0.4135,14.0,,,0.3739,9.0,0.5477,90.0,0.4682,91.0,0.4208,23.0,,,0.4397,33.0
2020-08-13,0.3313,61.0,0.4308,80.0,0.3958,11.0,,,0.3198,4.0,0.5478,90.0,0.4682,91.0,0.4216,24.0,,,0.3835,12.0
2020-08-12,0.33,61.0,0.4289,79.0,0.3844,10.0,,,0.391,12.0,0.5485,91.0,0.4683,91.0,0.3983,17.0,,,0.4543,40.0
2020-08-11,0.3862,72.0,0.4499,83.0,0.5051,36.0,,,0.3415,5.0,0.5479,90.0,0.4681,91.0,0.4099,20.0,,,0.4316,28.0
2020-08-10,0.3761,71.0,0.4512,83.0,0.6132,63.0,,,0.3292,4.0,0.5494,91.0,0.4681,91.0,0.4224,24.0,,,0.3927,15.0
2020-08-07,0.3717,70.0,0.4318,80.0,0.4248,17.0,,,0.3538,7.0,0.5493,91.0,0.4666,91.0,0.3788,10.0,,,0.3923,14.0
2020-08-06,0.3807,71.0,0.4119,76.0,0.8222,89.0,,,0.7449,85.0,0.5493,91.0,0.4652,90.0,0.4498,32.0,,,0.3761,10.0
2020-08-05,0.271,45.0,0.3016,47.0,0.4675,26.0,,,0.5089,45.0,0.5463,90.0,0.4602,90.0,0.3952,15.0,,,0.4422,34.0
2020-08-04,0.2706,45.0,0.2783,37.0,0.4764,28.0,,,0.4696,32.0,0.5461,90.0,0.4592,90.0,0.4055,19.0,,,0.424,26.0
2020-08-03,0.3139,57.0,0.2819,38.0,0.5966,60.0,,,0.4397,24.0,0.5466,90.0,0.4593,90.0,0.3847,12.0,,,0.4365,32.0
2020-07-31,0.2196,27.0,0.252,23.0,0.5288,43.0,,,0.5049,44.0,0.5449,90.0,0.4583,90.0,0.4587,36.0,,,0.3918,14.0
2020-07-30,0.2572,39.0,0.2396,18.0,0.5432,47.0,,,0.4756,34.0,0.5444,90.0,0.4571,89.0,0.4175,22.0,,,0.4669,46.0
2020-07-29,0.2815,48.0,0.2413,19.0,0.4896,32.0,,,0.3323,5.0,0.5446,90.0,0.4568,89.0,0.4356,28.0,,,0.4517,39.0
2020-07-28,0.251,37.0,0.229,13.0,0.616,63.0,,,0.395,13.0,0.5452,90.0,0.4571,89.0,0.4241,25.0,,,0.4383,33.0
2020-07-27,0.3276,60.0,0.2399,18.0,0.4565,24.0,,,0.4563,28.0,0.5469,90.0,0.4579,89.0,0.4022,18.0,,,0.4058,19.0
2020-07-24,0.3137,57.0,0.2448,20.0,0.4754,28.0,,,0.4434,25.0,0.5469,90.0,0.458,89.0,0.4097,20.0,,,0.3925,14.0
2020-07-23,0.3254,60.0,0.239,17.0,0.4835,30.0,,,0.3782,10.0,0.5462,90.0,0.4578,89.0,0.4501,33.0,,,0.418,24.0
2020-07-22,0.3425,64.0,0.2404,18.0,0.4655,26.0,,,0.4562,28.0,0.5459,90.0,0.458,89.0,0.4839,47.0,,,0.4029,18.0
2020-07-21,0.3458,65.0,0.2963,45.0,0.4013,12.0,,,0.585,63.0,0.5452,90.0,0.4577,89.0,0.4224,24.0,,,0.4084,20.0
2020-07-20,0.3804,71.0,0.3087,50.0,0.4316,19.0,,,0.4486,26.0,0.5449,90.0,0.4573,89.0,0.4408,30.0,,,0.4117,21.0
2020-07-17,0.4217,77.0,0.3202,55.0,0.3891,10.0,,,0.4828,36.0,0.5444,90.0,0.4571,89.0,0.4233,24.0,,,0.4485,37.0
2020-07-16,0.3726,71.0,0.3088,51.0,0.3373,5.0,,,0.508,44.0,0.5431,89.0,0.4567,89.0,0.4825,46.0,,,0.4695,46.0
2020-07-15,0.3777,71.0,0.3087,50.0,0.5829,56.0,,,0.4318,22.0,0.5431,89.0,0.4566,89.0,0.4313,27.0,,,0.3512,4.0
2020-07-14,0.3324,62.0,0.3129,52.0,0.6694,74.0,,,0.5108,45.0,0.5424,89.0,0.4568,89.0,0.4175,22.0,,,0.3562,6.0
2020-07-13,0.2082,24.0,0.3232,56.0,0.8214,88.0,,,0.621,69.0,0.5456,90.0,0.4589,90.0,0.5138,62.0,,,0.5271,69.0
2020-07-10,0.1901,17.0,0.2579,26.0,0.8216,89.0,,,0.4615,30.0,0.5443,90.0,0.4569,89.0,0.52,65.0,,,0.3522,5.0
2020-07-09,0.245,35.0,0.2497,22.0,0.8913,93.0,,,0.4709,32.0,0.5433,90.0,0.4563,89.0,0.391,14.0,,,0.3359,2.0
2020-07-08,0.2554,38.0,0.2581,27.0,0.6661,73.0,,,0.448,26.0,0.5413,89.0,0.4557,89.0,0.4446,31.0,,,0.3342,2.0
2020-07-07,0.2662,43.0,0.2663,31.0,0.6213,64.0,,,0.4226,20.0,0.5413,89.0,0.4557,89.0,0.4603,37.0,,,0.3535,5.0
2020-07-06,0.2772,47.0,0.2917,43.0,0.8247,89.0,,,0.4043,15.0,0.5406,89.0,0.456,89.0,0.4922,51.0,,,0.3313,2.0
2020-07-02,0.2921,51.0,0.2861,40.0,0.5919,57.0,,,0.3573,7.0,0.5407,89.0,0.4558,89.0,0.4618,37.0,,,0.3319,2.0
2020-07-01,0.2706,45.0,0.2772,36.0,0.543,46.0,,,0.4206,19.0,0.5411,89.0,0.4555,88.0,0.4596,36.0,,,0.3569,6.0
2020-06-30,0.2483,36.0,0.2789,37.0,0.5706,54.0,,,0.4539,28.0,0.542,89.0,0.4553,88.0,0.3756,10.0,,,0.3211,1.0
2020-06-29,0.2899,50.0,0.2897,42.0,0.541,46.0,,,0.3756,9.0,0.5416,89.0,0.4549,88.0,0.4128,21.0,,,0.3606,7.0
2020-06-26,0.2763,46.0,0.2715,33.0,0.665,73.0,,,0.4105,17.0,0.5405,89.0,0.4541,88.0,0.4472,32.0,,,0.3197,1.0
2020-06-25,0.2629,42.0,0.2682,32.0,0.5728,54.0,,,0.386,11.0,0.5402,89.0,0.4538,88.0,0.4543,34.0,,,0.3618,7.0
2020-06-24,0.2457,35.0,0.269,32.0,0.6165,63.0,,,0.4092,16.0,0.5394,88.0,0.4532,88.0,0.4374,28.0,,,0.3655,8.0
2020-06-23,0.2033,22.0,0.2929,43.0,0.4226,16.0,,,0.5336,50.0,0.5394,88.0,0.4532,88.0,0.4745,43.0,,,0.3813,11.0
2020-06-22,0.228,30.0,0.3312,59.0,0.5181,40.0,,,0.761,87.0,0.5394,88.0,0.4528,88.0,0.4826,46.0,,,0.3858,12.0
2020-06-19,0.308,56.0,0.3269,57.0,0.5348,44.0,,,0.7182,82.0,0.5392,88.0,0.4524,88.0,0.4756,43.0,,,0.4384,33.0
2020-06-18,0.2719,45.0,0.3346,60.0,0.6092,62.0,,,0.7559,86.0,0.537,88.0,0.4515,87.0,0.5341,71.0,,,0.3897,14.0
2020-06-17,0.2978,53.0,0.3633,67.0,0.5545,49.0,,,0.5958,65.0,0.5378,88.0,0.4523,88.0,0.5215,66.0,,,0.4876,55.0
2020-06-16,0.3345,62.0,0.3779,70.0,0.6521,71.0,,,0.7585,86.0,0.538,88.0,0.452,88.0,0.4981,54.0,,,0.4758,49.0
2020-06-15,0.3396,64.0,0.3783,71.0,0.5634,51.0,,,0.9256,95.0,0.5377,88.0,0.4511,87.0,0.5583,78.0,,,0.5315,71.0
2020-06-12,0.334,62.0,0.3706,69.0,0.7151,80.0,,,0.9147,94.0,0.5371,88.0,0.4504,87.0,0.5307,70.0,,,0.4332,30.0
2020-06-11,0.3289,60.0,0.3344,60.0,0.746,83.0,,,0.4491,26.0,0.5372,88.0,0.4485,87.0,0.5366,72.0,,,0.5113,64.0
2020-06-10,0.288,50.0,0.3394,61.0,0.5949,59.0,,,0.5299,49.0,0.5362,88.0,0.4485,87.0,0.506,59.0,,,0.4777,50.0
2020-06-09,0.2135,25.0,0.3326,59.0,0.8856,92.0,,,0.6053,67.0,0.5354,88.0,0.4472,86.0,0.4713,41.0,,,0.4956,57.0
2020-06-08,0.215,26.0,0.3034,48.0,0.8328,89.0,,,0.4202,19.0,0.5345,88.0,0.4458,86.0,0.5393,73.0,,,0.552,77.0
2020-06-05,0.2039,22.0,0.3064,49.0,0.5684,53.0,,,0.6427,72.0,0.5332,87.0,0.4455,86.0,0.5159,63.0,,,0.5275,70.0
2020-06-04,0.2017,21.0,0.3198,55.0,0.6995,78.0,,,0.5411,52.0,0.5328,87.0,0.4449,86.0,0.4447,31.0,,,0.4641,45.0
2020-06-03,0.1959,19.0,0.3202,55.0,0.8961,93.0,,,0.8237,91.0,0.5324,87.0,0.4444,86.0,0.4515,33.0,,,0.4214,25.0
2020-06-02,0.1957,19.0,0.3284,57.0,0.6581,72.0,,,0.7658,87.0,0.5324,87.0,0.4446,86.0,0.472,42.0,,,0.4034,18.0
2020-06-01,0.1689,12.0,0.3309,57.0,0.4395,21.0,,,0.7589,86.0,0.5321,87.0,0.4446,86.0,0.5441,74.0,,,0.4303,28.0
2020-05-29,0.194,18.0,0.3411,61.0,0.5142,39.0,,,0.5889,64.0,0.5323,87.0,0.4441,86.0,0.4756,43.0,,,0.4306,28.0
2020-05-28,0.194,18.0,0.3534,65.0,0.9218,94.0,,,0.5738,60.0,0.5363,88.0,0.4447,86.0,0.4977,53.0,,,0.4609,43.0
2020-05-27,0.2861,49.0,0.3564,66.0,0.747,83.0,,,0.6364,71.0,0.5369,88.0,0.4437,86.0,0.4888,49.0,,,0.4383,33.0
2020-05-26,0.2792,48.0,0.3362,60.0,0.651,71.0,,,0.5873,63.0,0.5377,88.0,0.4433,85.0,0.5095,60.0,,,0.4333,30.0
2020-05-22,0.3413,64.0,0.3508,64.0,0.6586,72.0,,,0.547,54.0,0.5407,89.0,0.4437,86.0,0.5012,56.0,,,0.4498,37.0
2020-05-21,0.3405,64.0,0.3631,67.0,0.7566,84.0,,,0.4544,28.0,0.5406,89.0,0.4432,85.0,0.5341,71.0,,,0.412,21.0
2020-05-20,0.3908,73.0,0.3969,74.0,0.9438,94.0,,,0.5043,43.0,0.5406,89.0,0.4428,85.0,0.5904,85.0,,,0.4038,18.0
2020-05-19,0.4013,75.0,0.4015,75.0,0.7383,82.0,,,0.583,63.0,0.5398,89.0,0.4419,85.0,0.4785,45.0,,,0.4388,33.0
2020-05-18,0.5589,88.0,0.4741,86.0,0.7518,83.0,,,0.5693,59.0,0.5424,89.0,0.4423,85.0,0.5487,75.0,,,0.4618,44.0
2020-05-15,0.5321,86.0,0.4636,85.0,0.8742,92.0,,,0.4825,36.0,0.5408,89.0,0.4412,85.0,0.562,79.0,,,0.4411,34.0
2020-05-14,0.5313,86.0,0.4544,84.0,0.923,94.0,,,0.7059,80.0,0.5407,89.0,0.4409,84.0,0.5198,65.0,,,0.4374,32.0
2020-05-13,0.4796,82.0,0.4512,83.0,0.7459,83.0,,,0.5705,59.0,0.5394,88.0,0.4397,84.0,0.5983,86.0,,,0.4199,25.0
2020-05-12,0.4771,82.0,0.4638,85.0,0.9447,94.0,,,0.4813,36.0,0.5402,89.0,0.4388,84.0,0.5371,72.0,,,0.3829,12.0
2020-05-11,0.3834,72.0,0.4444,82.0,0.663,72.0,,,0.5846,63.0,0.5384,88.0,0.4398,84.0,0.4853,47.0,,,0.4707,47.0
2020-05-08,0.4698,81.0,0.4244,78.0,0.7617,84.0,,,0.6049,66.0,0.5445,90.0,0.4412,85.0,0.5126,61.0,,,0.4098,20.0
2020-05-07,0.2897,50.0,0.3526,65.0,0.8593,91.0,,,1.5032,100.0,0.539,88.0,0.4518,88.0,0.4763,44.0,,,0.478,50.0
2020-05-06,0.4138,76.0,0.4263,79.0,1.0426,96.0,,,0.654,74.0,0.5385,88.0,0.4512,87.0,0.5187,64.0,,,0.488,55.0
2020-05-05,0.6251,91.0,0.4737,86.0,1.9987,100.0,,,0.6543,74.0,0.539,88.0,0.4516,88.0,0.5796,83.0,,,0.4909,56.0
2020-05-04,0.6245,91.0,0.459,84.0,1.9244,100.0,,,0.4472,26.0,0.5391,88.0,0.4506,87.0,0.4968,53.0,,,0.5285,70.0
2020-05-01,0.612,90.0,0.4476,82.0,1.6359,100.0,,,0.6145,68.0,0.5379,88.0,0.4488,87.0,0.5449,74.0,,,0.4865,54.0
2020-04-30,0.616,90.0,0.4389,81.0,1.7246,100.0,,,0.4389,24.0,0.5382,88.0,0.4481,87.0,0.5692,81.0,,,0.4661,45.0
2020-04-29,0.639,91.0,0.4514,83.0,1.3076,99.0,,,1.6153,100.0,0.5372,88.0,0.4477,87.0,0.4725,42.0,,,0.5027,61.0
2020-04-28,0.6377,91.0,0.4593,84.0,1.0775,97.0,,,0.7866,89.0,0.5369,88.0,0.4466,86.0,0.5607,79.0,,,0.4933,57.0
2020-04-27,0.506,84.0,0.3854,72.0,1.0669,97.0,,,1.216,99.0,0.533,87.0,0.4434,86.0,0.487,48.0,,,0.5501,77.0
2020-04-24,0.3472,65.0,0.3779,70.0,0.9796,95.0,,,1.0779,98.0,0.5228,87.0,0.4409,84.0,0.4114,21.0,,,0.5553,78.0
2020-04-23,0.3613,68.0,0.4281,79.0,1.3272,99.0,,,1.2269,99.0,0.5225,87.0,0.4407,84.0,0.5324,71.0,,,0.534,72.0
2020-04-22,0.358,68.0,0.4279,79.0,1.1602,98.0,,,1.0508,98.0,0.5231,87.0,0.4398,84.0,0.6163,88.0,,,0.6252,89.0
2020-04-21,0.3197,57.0,0.425,78.0,1.21,99.0,,,1.1003,98.0,0.5218,87.0,0.4393,84.0,0.5924,85.0,,,0.5323,71.0
2020-04-20,0.3065,55.0,0.4348,80.0,1.4448,100.0,,,1.4373,100.0,0.5193,87.0,0.438,83.0,0.553,76.0,,,0.6198,89.0
2020-04-17,0.4597,80.0,0.4748,86.0,1.42,100.0,,,1.4111,100.0,0.5187,87.0,0.4364,83.0,0.6483,92.0,,,0.6624,93.0
2020-04-16,0.5717,88.0,0.5636,94.0,1.5031,100.0,,,1.4278,100.0,0.5191,87.0,0.4371,83.0,0.675,95.0,,,0.6541,92.0
2020-04-15,0.632,91.0,0.5722,94.0,1.355,99.0,,,1.1189,99.0,0.519,87.0,0.4348,82.0,0.5992,86.0,,,0.6947,95.0
2020-04-14,0.6112,90.0,0.5612,94.0,0.7121,80.0,,,0.8061,90.0,0.5189,87.0,0.4322,82.0,0.4988,54.0,,,0.542,74.0
2020-04-13,0.6182,90.0,0.6281,96.0,2.7934,100.0,,,1.3773,100.0,0.5193,87.0,0.4316,81.0,0.6559,93.0,,,0.677,94.0
2020-04-09,0.704,94.0,0.6431,96.0,1.2666,99.0,,,0.92,94.0,0.5202,87.0,0.4319,82.0,0.5667,80.0,,,0.659,92.0
2020-04-08,0.7099,94.0,0.6522,97.0,1.1895,98.0,,,2.2125,100.0,0.5175,87.0,0.4304,81.0,0.5639,79.0,,,0.6541,92.0
2020-04-07,0.7435,95.0,0.6732,97.0,1.2659,99.0,,,2.3492,100.0,0.5091,86.0,0.4262,80.0,0.6507,92.0,,,0.6211,89.0
2020-04-06,0.6826,93.0,0.6394,96.0,0.9342,94.0,,,2.0881,100.0,0.5052,86.0,0.4198,77.0,0.6704,94.0,,,0.5909,85.0
2020-04-03,0.8115,95.0,0.6967,98.0,2.0434,100.0,,,2.0808,100.0,0.4987,83.0,0.4168,76.0,0.6214,89.0,,,0.6357,90.0
2020-04-02,0.8885,97.0,0.6961,98.0,2.0047,100.0,,,2.1138,100.0,0.4988,83.0,0.4148,75.0,0.6228,89.0,,,0.7735,98.0
2020-04-01,0.8893,97.0,0.6388,96.0,1.9643,100.0,,,2.0338,100.0,0.4961,82.0,0.4085,73.0,0.634,90.0,,,0.6557,92.0
2020-03-31,0.8227,96.0,0.6629,97.0,1.074,97.0,,,1.9002,100.0,0.4941,82.0,0.4078,72.0,0.6206,89.0,,,0.6157,88.0
2020-03-30,0.9159,97.0,0.7641,99.0,0.809,87.0,,,1.8245,100.0,0.4943,82.0,0.4052,71.0,0.5736,81.0,,,0.6832,95.0
2020-03-27,0.8575,96.0,0.7721,99.0,0.8205,88.0,,,1.5949,100.0,0.4826,73.0,0.3992,70.0,0.6352,91.0,,,0.6379,91.0
2020-03-26,1.1991,99.0,0.8709,99.0,0.7294,81.0,,,1.012,97.0,0.4823,73.0,0.3962,67.0,0.4929,51.0,,,0.5205,67.0
2020-03-25,1.2462,99.0,0.9052,99.0,1.1579,98.0,,,0.8792,93.0,0.4625,68.0,0.3875,64.0,0.6188,89.0,,,0.6088,87.0
2020-03-24,1.3311,99.0,0.9331,100.0,0.9133,93.0,,,0.9518,95.0,0.4593,67.0,0.3862,64.0,0.6266,89.0,,,0.5492,76.0
2020-03-23,1.3155,99.0,1.0128,100.0,0.8492,90.0,,,1.0384,97.0,0.4561,66.0,0.3852,63.0,0.6278,89.0,,,0.637,90.0
2020-03-20,1.3654,99.0,1.0113,100.0,0.8849,92.0,,,0.844,92.0,0.4517,66.0,0.3814,62.0,0.6898,96.0,,,0.6072,87.0
2020-03-19,1.357,99.0,0.9215,100.0,1.1088,97.0,,,0.8883,93.0,0.4464,65.0,0.3678,56.0,1.1088,100.0,,,0.6816,95.0
2020-03-18,1.3819,100.0,0.8797,99.0,0.7322,81.0,,,0.7222,82.0,0.4413,64.0,0.3604,52.0,0.7322,97.0,,,0.7222,97.0
2020-03-17,1.198,99.0,0.7674,99.0,0.7776,85.0,,,1.3377,99.0,0.405,51.0,0.3435,47.0,0.5833,84.0,,,0.7906,98.0
2020-03-13,0.8,95.0,0.5994,95.0,0.8241,89.0,,,0.8524,92.0,0.3554,37.0,0.3218,38.0,0.6623,93.0,,,0.6397,91.0
2020-03-11,0.6262,91.0,0.4511,83.0,0.5103,38.0,,,1.0384,97.0,0.3271,28.0,0.3022,15.0,0.6055,87.0,,,0.6026,87.0
2020-03-10,0.6591,92.0,0.4492,83.0,0.5552,49.0,,,0.9179,94.0,0.3285,28.0,0.303,16.0,0.5552,77.0,,,0.5827,84.0
2020-03-09,0.7485,95.0,0.5177,90.0,1.1483,98.0,,,0.7888,89.0,0.3179,27.0,0.3003,14.0,0.6105,88.0,,,0.5034,61.0
2020-03-06,0.7202,94.0,0.5251,91.0,0.5337,44.0,,,0.705,80.0,0.3141,26.0,0.301,15.0,0.5318,70.0,,,0.5021,61.0
2020-03-05,0.723,94.0,0.5178,90.0,0.7558,84.0,,,0.9567,95.0,0.3131,25.0,0.301,15.0,0.4723,42.0,,,0.4626,44.0
2020-03-04,0.7004,94.0,0.502,89.0,0.8193,88.0,,,0.9644,96.0,0.3098,24.0,0.2998,14.0,0.4328,27.0,,,0.4753,49.0
2020-03-03,0.6229,90.0,0.4696,85.0,0.6643,73.0,,,0.959,95.0,0.3055,20.0,0.2985,13.0,0.479,45.0,,,0.4982,59.0
2020-03-02,0.6205,90.0,0.4244,78.0,0.7546,84.0,,,1.0111,97.0,0.3056,20.0,0.2957,11.0,0.5046,57.0,,,0.4222,25.0
2020-02-28,0.5315,86.0,0.4496,83.0,0.7174,80.0,,,0.9906,96.0,0.3064,21.0,0.2963,11.0,0.4999,55.0,,,0.4202,25.0
2020-02-27,0.2641,42.0,0.3251,57.0,0.4896,32.0,,,0.6143,68.0,0.2737,7.0,0.2871,7.0,0.4455,31.0,,,0.4384,33.0
2020-02-26,0.2643,42.0,0.274,34.0,0.5055,36.0,,,0.6289,70.0,0.2736,7.0,0.2833,6.0,0.4075,19.0,,,0.3614,7.0
2020-02-25,0.2575,39.0,0.2647,30.0,0.6816,76.0,,,0.5623,57.0,0.2737,7.0,0.283,6.0,0.3944,15.0,,,0.314,1.0
2020-02-24,0.2845,49.0,0.2779,36.0,0.5731,54.0,,,0.7509,85.0,0.2759,7.0,0.2839,6.0,0.3578,6.0,,,0.3001,1.0
2020-02-21,0.2628,42.0,0.2702,33.0,0.3726,8.0,,,0.3304,4.0,0.2714,7.0,0.2845,6.0,0.4049,19.0,,,0.2965,1.0
2020-02-20,0.2849,49.0,0.2706,33.0,0.5106,38.0,,,0.4191,19.0,0.2717,7.0,0.285,6.0,0.4115,21.0,,,0.3646,7.0
2020-02-19,0.2533,38.0,0.2031,5.0,0.3936,11.0,,,0.2775,2.0,0.2687,6.0,0.2821,5.0,0.3423,3.0,,,0.3157,1.0
2020-02-18,0.2261,28.0,0.1972,4.0,0.4831,30.0,,,0.3093,3.0,0.2698,6.0,0.2822,6.0,0.3455,4.0,,,0.3814,11.0
2020-02-14,0.2589,40.0,0.1889,3.0,0.3282,4.0,,,0.3407,5.0,0.2686,6.0,0.2817,5.0,0.3287,2.0,,,0.2997,1.0
2020-02-13,0.2849,49.0,0.204,6.0,0.3953,11.0,,,0.3283,4.0,0.2731,7.0,0.283,6.0,0.3613,7.0,,,0.2975,1.0
2020-02-12,0.1348,6.0,0.1552,1.0,0.5336,44.0,,,0.2935,2.0,0.2705,7.0,0.2828,6.0,0.2772,1.0,,,0.2854,1.0
2020-02-11,0.1315,5.0,0.1591,1.0,0.4098,14.0,,,0.2543,1.0,0.2705,7.0,0.2836,6.0,0.3187,2.0,,,0.292,1.0
2020-02-07,0.3106,56.0,0.233,15.0,0.2967,3.0,,,0.2934,2.0,0.2708,7.0,0.285,6.0,0.2626,1.0,,,0.2482,1.0
2020-02-06,0.319,57.0,0.2402,18.0,0.2325,1.0,,,0.3481,6.0,0.2708,7.0,0.2859,7.0,0.37,9.0,,,0.3359,2.0
2020-02-05,0.2992,53.0,0.237,16.0,0.3615,7.0,,,0.359,7.0,0.2711,7.0,0.2868,7.0,0.3334,3.0,,,0.3414,3.0
2020-02-04,0.2732,46.0,0.2398,18.0,0.4068,13.0,,,0.403,15.0,0.2869,11.0,0.2924,9.0,0.3495,4.0,,,0.3387,3.0
2020-02-03,0.2828,48.0,0.2594,27.0,0.3943,11.0,,,0.4045,15.0,0.2869,11.0,0.2942,10.0,0.3776,10.0,,,0.3467,4.0
2020-01-31,0.2653,43.0,0.2581,27.0,0.4086,13.0,,,0.3898,12.0,0.2868,11.0,0.2949,10.0,0.3575,6.0,,,0.3528,5.0
2020-01-30,0.2479,36.0,0.231,14.0,0.3454,6.0,,,0.393,12.0,0.2874,12.0,0.2976,12.0,0.3314,3.0,,,0.3358,2.0
2020-01-29,0.1638,11.0,0.1959,4.0,0.2724,1.0,,,0.3713,9.0,0.2843,11.0,0.2969,12.0,0.3543,5.0,,,0.3713,9.0
2020-01-28,0.1376,6.0,0.1903,3.0,0.364,7.0,,,0.3533,6.0,0.2838,10.0,0.2977,13.0,0.3563,6.0,,,0.3265,2.0
2020-01-27,0.1383,6.0,0.1998,5.0,0.3129,4.0,,,0.3522,6.0,0.284,10.0,0.2982,13.0,0.3439,4.0,,,0.3305,2.0
2020-01-24,0.3419,64.0,0.2689,32.0,0.3834,9.0,,,0.3868,11.0,0.2855,11.0,0.2989,14.0,0.3651,8.0,,,0.3597,7.0
2020-01-23,0.2936,52.0,0.2722,34.0,0.3462,6.0,,,0.2775,2.0,0.2842,11.0,0.2982,13.0,0.346,4.0,,,0.3274,2.0
2020-01-22,0.2912,51.0,0.282,39.0,0.2565,1.0,,,0.2466,1.0,0.2842,11.0,0.2986,13.0,0.3751,10.0,,,0.3421,3.0
2020-01-21,0.2961,52.0,0.2836,39.0,0.2875,2.0,,,0.3428,5.0,0.2848,11.0,0.3006,14.0,0.3674,8.0,,,0.3407,3.0
2020-01-17,0.2822,48.0,0.281,38.0,0.349,6.0,,,0.2511,1.0,0.2865,11.0,0.3029,16.0,0.331,3.0,,,0.3467,4.0
2020-01-16,0.2721,45.0,0.2934,44.0,0.3094,3.0,,,0.2521,1.0,0.2866,11.0,0.303,16.0,0.3467,4.0,,,0.3356,2.0
2020-01-15,0.2898,50.0,0.287,41.0,0.3213,4.0,,,0.2304,1.0,0.2869,11.0,0.3026,15.0,0.3575,6.0,,,0.3259,2.0
2020-01-14,0.1826,15.0,0.2233,11.0,0.2762,1.0,,,0.3009,3.0,0.2812,9.0,0.2997,14.0,0.3436,4.0,,,0.3463,3.0
2020-01-13,0.2094,24.0,0.2015,5.0,0.2762,1.0,,,0.3009,3.0,0.2804,8.0,0.2988,14.0,0.3436,4.0,,,0.3463,3.0
2020-01-10,0.2019,21.0,0.2018,5.0,0.3024,3.0,,,0.2601,1.0,0.2802,8.0,0.2984,13.0,0.3601,7.0,,,0.3399,3.0
2020-01-09,0.2081,24.0,0.2011,5.0,0.3095,3.0,,,0.2816,2.0,0.2802,8.0,0.2987,14.0,0.3548,5.0,,,0.3632,7.0
2020-01-08,0.2016,21.0,0.201,5.0,0.275,1.0,,,0.2684,1.0,0.2801,8.0,0.2986,13.0,0.3574,6.0,,,0.3477,4.0
2020-01-07,0.177,14.0,0.1986,4.0,0.3495,6.0,,,0.2992,2.0,0.28,8.0,0.2981,13.0,0.342,3.0,,,0.3222,1.0
2020-01-06,0.177,14.0,0.1994,5.0,0.2773,2.0,,,0.2528,1.0,0.2813,9.0,0.2992,14.0,0.3551,5.0,,,0.3468,4.0
2020-01-03,0.1875,16.0,0.1833,2.0,0.2621,1.0,,,0.2887,2.0,0.2803,8.0,0.2987,14.0,0.3621,7.0,,,0.361,7.0
2020-01-02,0.1342,6.0,0.1805,2.0,0.2576,1.0,,,0.3254,4.0,0.2783,8.0,0.3012,15.0,0.348,4.0,,,0.3522,5.0
2019-12-31,0.1305,5.0,0.1694,1.0,0.2973,3.0,,,0.2751,2.0,0.2807,9.0,0.3019,15.0,0.3641,8.0,,,0.3495,4.0
2019-12-30,0.2145,26.0,0.2096,7.0,0.2666,1.0,,,0.271,1.0,0.2811,9.0,0.302,15.0,0.3252,2.0,,,0.3326,2.0
2019-12-27,0.2297,30.0,0.2143,9.0,0.2597,1.0,,,0.2827,2.0,0.2811,9.0,0.303,16.0,0.339,3.0,,,0.3594,7.0
2019-12-26,0.2147,26.0,0.197,4.0,0.3335,5.0,,,0.255,1.0,0.2815,9.0,0.3036,16.0,0.3404,3.0,,,0.3384,3.0
2019-12-24,0.202,21.0,0.2026,5.0,0.2474,1.0,,,0.2799,2.0,0.2821,9.0,0.3044,17.0,0.3474,4.0,,,0.3554,6.0
2019-12-23,0.2021,21.0,0.2032,5.0,0.3313,5.0,,,0.3516,6.0,0.2823,9.0,0.3047,17.0,0.3196,2.0,,,0.344,3.0
2019-12-20,0.1947,19.0,0.2105,7.0,0.2526,1.0,,,0.3351,5.0,0.2836,10.0,0.3048,17.0,0.3327,3.0,,,0.3548,5.0
2019-12-19,0.1991,20.0,0.21,7.0,0.2938,2.0,,,0.3387,5.0,0.2836,10.0,0.3051,18.0,0.3436,4.0,,,0.3462,3.0
2019-12-18,0.1214,4.0,0.172,1.0,0.3112,4.0,,,0.3176,3.0,0.2817,9.0,0.3039,17.0,0.3445,4.0,,,0.3396,3.0
2019-12-17,0.1024,2.0,0.1949,4.0,0.2383,1.0,,,0.3231,4.0,0.2826,9.0,0.3046,17.0,0.3528,5.0,,,0.3314,2.0
2019-12-16,0.1164,3.0,0.2116,8.0,0.2603,1.0,,,0.3296,4.0,0.2828,10.0,0.305,18.0,0.3412,3.0,,,0.3374,2.0
2019-12-13,0.1157,3.0,0.2076,7.0,0.2727,1.0,,,0.3235,4.0,0.2828,10.0,0.3053,18.0,0.334,3.0,,,0.3417,3.0
2019-12-12,0.0995,2.0,0.2247,12.0,0.2983,3.0,,,0.3194,4.0,0.2833,10.0,0.3053,18.0,0.3495,4.0,,,0.3344,2.0
2019-12-11,0.101,2.0,0.2313,14.0,0.2818,2.0,,,0.3414,5.0,0.2839,10.0,0.3061,19.0,0.3536,5.0,,,0.3473,4.0
2019-12-10,0.1785,14.0,0.2468,21.0,0.2864,2.0,,,0.3173,3.0,0.2854,11.0,0.3075,21.0,0.3434,4.0,,,0.3527,5.0
2019-12-09,0.3408,64.0,0.2723,34.0,0.3105,3.0,,,0.3079,3.0,0.2857,11.0,0.3074,21.0,0.3399,3.0,,,0.3303,2.0
2019-12-06,0.352,66.0,0.2572,26.0,0.3221,4.0,,,0.2393,1.0,0.2851,11.0,0.3067,20.0,0.3496,4.0,,,0.3783,10.0
2019-12-05,0.3944,74.0,0.2778,36.0,0.3035,3.0,,,0.2484,1.0,0.2872,12.0,0.3071,20.0,0.352,5.0,,,0.3462,3.0
2019-12-04,0.4544,80.0,0.3018,47.0,0.3309,5.0,,,0.3409,5.0,0.2905,12.0,0.3089,23.0,0.3552,5.0,,,0.3626,7.0
2019-12-03,0.4535,80.0,0.2916,43.0,0.3304,5.0,,,0.2451,1.0,0.2906,12.0,0.3081,21.0,0.3309,2.0,,,0.3546,5.0
2019-12-02,0.4544,80.0,0.285,40.0,0.3153,4.0,,,0.2414,1.0,0.2906,12.0,0.3076,21.0,0.3715,9.0,,,0.3344,2.0
2019-11-29,0.4187,77.0,0.2859,40.0,0.3752,8.0,,,0.2543,1.0,0.29,12.0,0.3073,21.0,0.3668,8.0,,,0.3601,7.0
2019-11-27,0.3918,73.0,0.2947,44.0,0.318,4.0,,,0.3317,4.0,0.2825,9.0,0.3066,20.0,0.3364,3.0,,,0.3508,4.0
2019-11-26,0.3923,74.0,0.2959,45.0,0.3537,7.0,,,0.3296,4.0,0.2862,11.0,0.3103,24.0,0.3205,2.0,,,0.3573,6.0
2019-11-25,0.3142,57.0,0.2746,35.0,0.2771,2.0,,,0.3004,2.0,0.285,11.0,0.3111,26.0,0.3538,5.0,,,0.3702,8.0
2019-11-22,0.2796,48.0,0.2444,20.0,0.2922,2.0,,,0.3134,3.0,0.2827,9.0,0.3117,26.0,0.371,9.0,,,0.3958,16.0
2019-11-21,0.3256,60.0,0.2507,23.0,0.3333,5.0,,,0.3527,6.0,0.2835,10.0,0.3128,28.0,0.3296,2.0,,,0.3827,11.0
2019-11-20,0.3319,62.0,0.3314,59.0,0.3486,6.0,,,0.3216,4.0,0.2842,11.0,0.3137,28.0,0.3572,6.0,,,0.3631,7.0
2019-11-19,0.5145,85.0,0.3882,72.0,0.3072,3.0,,,0.3068,3.0,0.2879,12.0,0.3146,31.0,0.3805,11.0,,,0.3612,7.0
2019-11-18,0.4723,81.0,0.6124,96.0,0.363,7.0,,,0.3126,3.0,0.2833,10.0,0.3132,28.0,0.368,8.0,,,0.3294,2.0
2019-11-15,0.4304,78.0,0.6112,95.0,0.3595,7.0,,,0.3626,8.0,0.282,9.0,0.3137,28.0,0.3388,3.0,,,0.3522,5.0
2019-11-14,0.398,74.0,0.6137,96.0,0.3805,9.0,,,0.3406,5.0,0.2822,9.0,0.3139,30.0,0.4099,20.0,,,0.3766,10.0
2019-11-13,0.4175,77.0,0.6132,96.0,0.3269,4.0,,,0.3703,8.0,0.2822,9.0,0.3144,31.0,0.3917,14.0,,,0.3659,8.0
2019-11-12,0.4178,77.0,0.6113,96.0,0.3438,6.0,,,0.487,38.0,0.2832,10.0,0.3147,31.0,0.3623,7.0,,,0.3494,4.0
2019-11-11,0.4067,75.0,0.5726,94.0,0.5176,40.0,,,0.3431,6.0,0.2827,9.0,0.3105,25.0,0.3486,4.0,,,0.3607,7.0
2019-11-08,0.2688,44.0,0.5315,91.0,0.2626,1.0,,,0.3302,4.0,0.2799,8.0,0.31,24.0,0.3848,12.0,,,0.3918,14.0
2019-11-07,0.1926,18.0,0.2051,6.0,0.3957,11.0,,,0.6,65.0,0.2753,7.0,0.2874,7.0,0.4005,17.0,,,0.3934,15.0
2019-11-06,0.2304,31.0,0.2417,19.0,0.8631,91.0,,,0.8257,91.0,0.2754,7.0,0.288,8.0,0.4238,25.0,,,0.4182,24.0
2019-11-05,0.213,25.0,0.2343,15.0,0.8288,89.0,,,0.7247,83.0,0.2919,13.0,0.2921,9.0,0.4338,27.0,,,0.433,30.0
2019-11-04,0.2115,25.0,0.2343,15.0,0.8234,89.0,,,0.8154,90.0,0.2921,13.0,0.2935,10.0,0.3848,12.0,,,0.4192,24.0
2019-11-01,0.2412,33.0,0.2409,18.0,0.6784,75.0,,,0.4533,28.0,0.292,13.0,0.2943,10.0,0.4713,41.0,,,0.4563,41.0
2019-10-31,0.2176,27.0,0.2344,15.0,0.6667,73.0,,,0.394,13.0,0.2917,12.0,0.295,11.0,0.41,20.0,,,0.4391,33.0
2019-10-30,0.2009,21.0,0.2267,13.0,0.5761,55.0,,,0.5518,55.0,0.2937,13.0,0.2955,11.0,0.4025,18.0,,,0.4102,20.0
2019-10-29,0.1779,14.0,0.226,12.0,0.6837,76.0,,,0.4061,15.0,0.2957,14.0,0.2971,12.0,0.45,33.0,,,0.4003,17.0
2019-10-28,0.2141,26.0,0.224,12.0,0.6268,65.0,,,0.531,49.0,0.2961,14.0,0.2956,11.0,0.4425,30.0,,,0.4292,28.0
2019-10-25,0.195,19.0,0.2188,10.0,0.5667,53.0,,,0.4507,27.0,0.2966,14.0,0.2955,11.0,0.447,32.0,,,0.3906,14.0
2019-10-24,0.2166,26.0,0.2278,13.0,0.6046,61.0,,,0.3868,11.0,0.2966,14.0,0.2962,11.0,0.4592,36.0,,,0.4507,38.0
2019-10-23,0.2222,28.0,0.2364,16.0,0.5713,54.0,,,0.339,5.0,0.2953,14.0,0.2965,12.0,0.4537,34.0,,,0.38,10.0
2019-10-22,0.256,39.0,0.2589,27.0,0.5352,44.0,,,0.3464,6.0,0.2956,14.0,0.2965,12.0,0.4511,33.0,,,0.3875,13.0
2019-10-21,0.2594,40.0,0.2693,32.0,0.5373,45.0,,,0.4463,26.0,0.2962,14.0,0.2973,12.0,0.4647,39.0,,,0.4502,38.0
2019-10-18,0.2634,42.0,0.2641,30.0,0.5534,49.0,,,0.4836,36.0,0.2983,15.0,0.2982,13.0,0.4587,36.0,,,0.4415,34.0
2019-10-17,0.163,11.0,0.2341,15.0,0.5286,42.0,,,0.4901,39.0,0.2954,14.0,0.2969,12.0,0.4387,28.0,,,0.4522,39.0
2019-10-16,0.1715,12.0,0.2359,16.0,0.5999,60.0,,,0.4855,37.0,0.2963,14.0,0.2972,12.0,0.4237,25.0,,,0.3874,13.0
2019-10-15,0.1701,12.0,0.2308,14.0,0.4799,28.0,,,0.4635,30.0,0.2967,15.0,0.297,12.0,0.4696,40.0,,,0.4309,28.0
2019-10-14,0.1588,10.0,0.2279,13.0,0.5945,59.0,,,0.4425,25.0,0.2965,14.0,0.2965,12.0,0.3934,15.0,,,0.4331,30.0
2019-10-11,0.16,10.0,0.2321,14.0,0.6674,73.0,,,0.4862,38.0,0.2988,15.0,0.2984,13.0,0.4449,31.0,,,0.4287,28.0
2019-10-10,0.214,26.0,0.2266,13.0,0.6447,70.0,,,0.3635,8.0,0.2988,15.0,0.2983,13.0,0.4392,28.0,,,0.464,44.0
2019-10-09,0.2193,27.0,0.2437,19.0,0.7452,83.0,,,0.5023,43.0,0.2988,15.0,0.2983,13.0,0.4212,24.0,,,0.4455,36.0
2019-10-08,0.2458,35.0,0.2594,27.0,0.4658,26.0,,,0.4334,22.0,0.2992,16.0,0.2987,14.0,0.4339,28.0,,,0.455,40.0
2019-10-07,0.251,37.0,0.2627,28.0,0.396,11.0,,,0.4874,38.0,0.299,16.0,0.2991,14.0,0.4357,28.0,,,0.433,30.0
2019-10-04,0.2604,41.0,0.2806,38.0,0.513,38.0,,,0.3833,10.0,0.2989,16.0,0.299,14.0,0.3721,9.0,,,0.3561,6.0
2019-10-03,0.2599,41.0,0.2833,39.0,0.5308,43.0,,,0.5509,55.0,0.2998,17.0,0.2983,13.0,0.3578,6.0,,,0.4081,19.0
2019-10-02,0.1974,20.0,0.2653,30.0,0.6319,67.0,,,0.5499,54.0,0.2983,15.0,0.2971,12.0,0.4887,49.0,,,0.352,5.0
2019-10-01,0.1819,15.0,0.2694,32.0,0.6731,74.0,,,0.8462,92.0,0.2969,15.0,0.2969,12.0,0.5639,79.0,,,0.3821,11.0
2019-09-30,0.1832,15.0,0.2717,33.0,0.6753,75.0,,,0.3091,3.0,0.298,15.0,0.2971,12.0,0.5861,84.0,,,0.3148,1.0
2019-09-27,0.1683,12.0,0.2601,28.0,0.7437,83.0,,,0.5843,63.0,0.2982,15.0,0.2976,12.0,0.4853,47.0,,,0.3226,1.0
2019-09-26,0.1595,10.0,0.2695,33.0,0.7432,83.0,,,0.4204,19.0,0.2986,15.0,0.298,13.0,0.5075,59.0,,,0.3851,12.0
2019-09-25,0.1613,10.0,0.252,23.0,0.6831,76.0,,,0.5408,52.0,0.3008,17.0,0.2978,13.0,0.5128,62.0,,,0.4301,28.0
2019-09-24,0.1847,16.0,0.2453,21.0,0.6371,68.0,,,0.5149,46.0,0.3005,17.0,0.2968,12.0,0.5468,75.0,,,0.3707,9.0
2019-09-23,0.1861,16.0,0.2542,25.0,0.51,38.0,,,0.4963,41.0,0.3002,17.0,0.2965,12.0,0.5483,75.0,,,0.4509,38.0
2019-09-20,0.2079,23.0,0.2802,37.0,0.6007,60.0,,,0.526,48.0,0.2995,16.0,0.2963,11.0,0.4368,28.0,,,0.404,18.0
2019-09-19,0.2344,32.0,0.268,32.0,0.4357,20.0,,,0.4282,21.0,0.2991,16.0,0.2955,11.0,0.4413,30.0,,,0.405,18.0
2019-09-18,0.3173,57.0,0.3232,56.0,0.5661,52.0,,,0.4806,36.0,0.2992,16.0,0.2958,11.0,0.4565,34.0,,,0.3565,6.0
2019-09-17,0.293,51.0,0.3262,57.0,0.5089,37.0,,,0.5103,45.0,0.3007,17.0,0.2974,12.0,0.417,22.0,,,0.3711,9.0
2019-09-16,0.3076,56.0,0.342,62.0,0.4948,33.0,,,0.4551,28.0,0.3008,17.0,0.2978,13.0,0.4228,24.0,,,0.416,23.0
2019-09-13,0.3343,62.0,0.3615,67.0,0.467,26.0,,,0.516,46.0,0.301,18.0,0.2987,14.0,0.4676,39.0,,,0.3396,3.0
2019-09-12,0.3386,63.0,0.3666,68.0,0.4752,28.0,,,0.5362,51.0,0.3014,18.0,0.298,13.0,0.3857,13.0,,,0.3733,9.0
2019-09-11,0.3352,62.0,0.3622,67.0,0.4337,19.0,,,0.4541,28.0,0.2994,16.0,0.2962,11.0,0.449,32.0,,,0.4934,57.0
2019-09-10,0.3578,67.0,0.3607,67.0,0.4157,15.0,,,0.5394,52.0,0.2998,17.0,0.297,12.0,0.3824,12.0,,,0.5021,61.0
2019-09-09,0.3087,56.0,0.3031,48.0,0.491,32.0,,,0.4438,25.0,0.297,15.0,0.2963,11.0,0.4586,36.0,,,0.4089,20.0
2019-09-06,0.2984,53.0,0.2863,41.0,0.5383,45.0,,,0.4586,28.0,0.3706,42.0,0.3076,21.0,0.4737,42.0,,,0.4172,23.0
2019-09-05,0.3044,54.0,0.2959,45.0,0.5022,35.0,,,0.4281,21.0,0.3707,42.0,0.3075,21.0,0.5321,71.0,,,0.3874,13.0
2019-09-04,0.3065,55.0,0.2761,35.0,0.5252,42.0,,,0.4117,17.0,0.3695,41.0,0.3062,19.0,0.5014,56.0,,,0.3945,15.0
2019-09-03,0.311,56.0,0.2638,28.0,0.6323,67.0,,,0.4181,18.0,0.3692,41.0,0.3051,18.0,0.4872,48.0,,,0.4271,27.0
2019-08-30,0.2811,48.0,0.2385,17.0,0.4091,13.0,,,0.3145,3.0,0.3683,41.0,0.3045,17.0,0.3997,17.0,,,0.3567,6.0
2019-08-29,0.2764,46.0,0.2385,17.0,0.5031,35.0,,,0.495,40.0,0.3684,41.0,0.3051,18.0,0.495,52.0,,,0.4675,46.0
2019-08-28,0.2583,40.0,0.2437,19.0,0.5003,35.0,,,0.3726,9.0,0.3678,40.0,0.306,19.0,0.548,75.0,,,0.4189,24.0
2019-08-27,0.3334,62.0,0.2653,30.0,0.5424,46.0,,,0.3753,9.0,0.3689,41.0,0.3068,20.0,0.5301,70.0,,,0.4165,23.0
2019-08-26,0.259,40.0,0.2572,26.0,0.5154,39.0,,,0.5297,49.0,0.3673,40.0,0.3058,19.0,0.4913,50.0,,,0.4823,52.0
2019-08-23,0.2629,42.0,0.2523,24.0,0.5036,36.0,,,0.6176,68.0,0.3677,40.0,0.3052,18.0,0.439,28.0,,,0.4239,26.0
2019-08-22,0.2197,27.0,0.2565,26.0,0.3149,4.0,,,0.4737,33.0,0.3678,40.0,0.3053,18.0,0.4626,38.0,,,0.4849,53.0
2019-08-21,0.198,20.0,0.2645,30.0,0.4351,19.0,,,0.5513,55.0,0.3682,41.0,0.3055,18.0,0.4479,32.0,,,0.414,22.0
2019-08-20,0.2065,23.0,0.2765,36.0,0.4868,31.0,,,0.4888,39.0,0.3673,40.0,0.3055,18.0,0.4091,20.0,,,0.4722,48.0
2019-08-19,0.2783,47.0,0.2957,45.0,0.4286,18.0,,,0.5016,42.0,0.3673,40.0,0.3057,19.0,0.4491,32.0,,,0.4569,41.0
2019-08-16,0.4428,79.0,0.3708,69.0,0.365,8.0,,,0.4522,27.0,0.3647,39.0,0.3049,18.0,0.4311,27.0,,,0.4615,44.0
2019-08-15,0.4368,78.0,0.3742,69.0,0.4841,30.0,,,0.4226,20.0,0.3636,39.0,0.3039,17.0,0.4205,23.0,,,0.4146,22.0
2019-08-14,0.434,78.0,0.3751,70.0,0.5037,36.0,,,0.4461,26.0,0.3636,39.0,0.3035,16.0,0.4599,36.0,,,0.4186,24.0
2019-08-13,0.4856,82.0,0.4186,77.0,0.5352,44.0,,,0.5853,63.0,0.3651,40.0,0.3039,17.0,0.5832,84.0,,,0.5388,73.0
2019-08-12,0.4949,83.0,0.4209,78.0,0.5367,45.0,,,1.01,97.0,0.3647,39.0,0.3032,16.0,0.4411,30.0,,,0.3797,10.0
2019-08-09,0.4968,83.0,0.4239,78.0,0.5863,57.0,,,0.5368,51.0,0.3647,39.0,0.3023,15.0,0.4529,33.0,,,0.4226,25.0
2019-08-08,0.477,82.0,0.4175,77.0,0.5132,38.0,,,0.8482,92.0,0.3651,40.0,0.3019,15.0,0.3989,17.0,,,0.4647,45.0
2019-08-07,0.2437,34.0,0.3542,65.0,0.5494,48.0,,,0.6976,79.0,0.3525,36.0,0.2964,12.0,0.4469,31.0,,,0.3976,16.0
2019-08-06,0.2492,36.0,0.3309,57.0,0.7869,86.0,,,0.6947,79.0,0.3524,36.0,0.295,11.0,0.4457,31.0,,,0.4854,53.0
2019-08-05,0.2351,32.0,0.3257,57.0,0.7928,87.0,,,0.6799,77.0,0.352,35.0,0.2945,10.0,0.5351,71.0,,,0.4082,20.0
2019-08-02,0.1879,16.0,0.2909,42.0,0.7004,78.0,,,0.6541,74.0,0.3504,35.0,0.2909,9.0,0.5171,64.0,,,0.4142,22.0
2019-08-01,0.2005,21.0,0.3191,55.0,0.7833,86.0,,,0.7056,80.0,0.351,35.0,0.2904,8.0,0.5,55.0,,,0.4956,57.0
2019-07-31,0.2048,22.0,0.3038,48.0,0.5602,51.0,,,0.6445,72.0,0.3515,35.0,0.2898,8.0,0.5066,59.0,,,0.3526,5.0
2019-07-30,0.2029,21.0,0.2936,44.0,0.531,43.0,,,0.7116,81.0,0.3517,35.0,0.2894,8.0,0.4569,35.0,,,0.3958,16.0
2019-07-29,0.2691,44.0,0.2846,40.0,0.7299,81.0,,,0.7524,86.0,0.352,35.0,0.289,8.0,0.5029,57.0,,,0.5176,66.0
2019-07-26,0.2604,41.0,0.2831,39.0,0.7079,79.0,,,0.6362,71.0,0.3519,35.0,0.2889,8.0,0.5052,57.0,,,0.5273,70.0
2019-07-25,0.26,41.0,0.2784,37.0,0.5794,56.0,,,0.6414,72.0,0.3521,36.0,0.2887,8.0,0.4715,41.0,,,0.5251,69.0
2019-07-24,0.2388,33.0,0.2456,21.0,0.5391,45.0,,,0.5205,47.0,0.3531,36.0,0.2871,7.0,0.4346,28.0,,,0.5127,65.0
2019-07-23,0.1523,8.0,0.182,2.0,0.6139,63.0,,,0.6261,70.0,0.3524,36.0,0.2852,7.0,0.5062,59.0,,,0.4161,23.0
2019-07-22,0.1849,16.0,0.1842,2.0,0.6742,75.0,,,0.6201,69.0,0.3541,36.0,0.2859,7.0,0.526,68.0,,,0.54,74.0
2019-07-19,0.205,22.0,0.2166,9.0,0.71,79.0,,,0.6308,70.0,0.3543,36.0,0.2883,8.0,0.5566,78.0,,,0.5444,75.0
2019-07-18,0.1521,8.0,0.1976,4.0,0.6161,63.0,,,0.6565,75.0,0.3533,36.0,0.2886,8.0,0.5236,67.0,,,0.4828,52.0
2019-07-17,0.1517,8.0,0.2574,26.0,0.4729,27.0,,,0.628,70.0,0.3534,36.0,0.2888,8.0,0.514,62.0,,,0.3832,12.0
2019-07-16,0.212,25.0,0.279,37.0,0.5363,45.0,,,0.6151,68.0,0.354,36.0,0.2895,8.0,0.5195,65.0,,,0.2923,1.0
2019-07-15,0.2153,26.0,0.2751,35.0,0.6419,69.0,,,0.7265,83.0,0.354,36.0,0.2899,8.0,0.5222,66.0,,,0.359,6.0
2019-07-12,0.2193,27.0,0.2951,44.0,0.4901,32.0,,,0.5339,50.0,0.3561,37.0,0.2908,9.0,0.4746,43.0,,,0.3518,5.0
2019-07-11,0.1961,19.0,0.3133,53.0,0.6011,60.0,,,0.6227,69.0,0.3595,38.0,0.2919,9.0,0.5052,57.0,,,0.3319,2.0
2019-07-10,0.2286,30.0,0.3079,50.0,0.603,61.0,,,0.5283,48.0,0.3586,38.0,0.2908,9.0,0.4897,50.0,,,0.3571,6.0
2019-07-09,0.2433,34.0,0.3117,52.0,0.5986,60.0,,,0.4772,35.0,0.3603,38.0,0.2918,9.0,0.4595,36.0,,,0.3849,12.0
2019-07-08,0.2841,49.0,0.2663,31.0,0.5608,51.0,,,0.487,38.0,0.362,39.0,0.291,9.0,0.6665,94.0,,,0.3875,13.0
2019-07-05,0.2207,28.0,0.2498,22.0,0.6355,68.0,,,0.6299,70.0,0.3601,38.0,0.2905,8.0,0.5031,57.0,,,0.4123,21.0
2019-07-03,0.1996,21.0,0.2536,24.0,0.5872,57.0,,,0.5579,57.0,0.3598,38.0,0.2909,9.0,0.4215,24.0,,,0.4402,34.0
2019-07-02,0.2575,39.0,0.253,24.0,0.6436,69.0,,,0.4696,32.0,0.3692,41.0,0.2919,9.0,0.5117,61.0,,,0.5,60.0
2019-07-01,0.2351,32.0,0.2327,15.0,0.5724,54.0,,,0.551,55.0,0.3691,41.0,0.2917,9.0,0.4783,45.0,,,0.4437,35.0
2019-06-28,0.2231,28.0,0.2246,12.0,0.5683,53.0,,,0.4754,34.0,0.3687,41.0,0.2919,9.0,0.4693,40.0,,,0.4822,52.0
2019-06-27,0.2235,28.0,0.2195,10.0,0.5579,50.0,,,0.4712,33.0,0.3685,41.0,0.2922,9.0,0.5657,80.0,,,0.4289,28.0
2019-06-26,0.2045,22.0,0.2434,19.0,0.546,47.0,,,0.4526,27.0,0.3674,40.0,0.2928,10.0,0.4921,51.0,,,0.4072,19.0
2019-06-25,0.2387,33.0,0.2653,30.0,0.5777,55.0,,,0.417,18.0,0.3675,40.0,0.2942,10.0,0.4776,44.0,,,0.5266,69.0
2019-06-24,0.2441,34.0,0.2604,28.0,0.6534,71.0,,,0.3567,7.0,0.3715,42.0,0.2968,12.0,0.6729,94.0,,,0.3476,4.0
2019-06-21,0.193,18.0,0.2452,20.0,0.577,55.0,,,0.587,63.0,0.373,43.0,0.297,12.0,0.4901,50.0,,,0.3757,10.0
2019-06-20,0.2028,21.0,0.2592,27.0,0.5535,49.0,,,0.5311,49.0,0.3742,43.0,0.2984,13.0,0.502,56.0,,,0.4535,40.0
2019-06-19,0.3153,57.0,0.2867,41.0,0.4505,23.0,,,0.6103,67.0,0.3771,43.0,0.3023,15.0,0.4791,45.0,,,0.4428,35.0
2019-06-18,0.3103,56.0,0.2838,39.0,0.6299,66.0,,,0.5273,48.0,0.3808,44.0,0.3069,20.0,0.4766,44.0,,,0.4835,53.0
2019-06-17,0.3006,54.0,0.2628,28.0,0.6767,75.0,,,0.8869,93.0,0.3803,44.0,0.3064,20.0,0.5889,84.0,,,0.409,20.0
2019-06-14,0.2938,52.0,0.2431,19.0,0.8433,90.0,,,0.5831,63.0,0.3795,43.0,0.3056,19.0,0.3919,14.0,,,0.5035,62.0
2019-06-13,0.2856,49.0,0.2555,25.0,0.7841,86.0,,,0.7777,88.0,0.3814,44.0,0.3069,20.0,0.3629,7.0,,,0.375,10.0
2019-06-12,0.3522,66.0,0.3248,57.0,0.531,43.0,,,0.8134,90.0,0.3816,44.0,0.307,20.0,0.4955,52.0,,,0.5347,72.0
2019-06-11,0.3605,68.0,0.3482,64.0,0.9149,94.0,,,0.3965,13.0,0.3801,43.0,0.3068,20.0,0.5145,62.0,,,0.4616,44.0
2019-06-10,0.3624,69.0,0.3496,64.0,0.7346,82.0,,,0.7538,86.0,0.3807,44.0,0.3084,22.0,0.6363,91.0,,,0.4955,57.0
2019-06-07,0.3772,71.0,0.3702,69.0,0.5239,41.0,,,0.7217,82.0,0.3806,44.0,0.3109,25.0,0.5114,61.0,,,0.389,14.0
2019-06-06,0.388,73.0,0.3859,72.0,0.5082,37.0,,,0.737,84.0,0.3811,44.0,0.3117,26.0,0.4642,38.0,,,0.5047,62.0
2019-06-05,0.3902,73.0,0.4026,75.0,0.4755,28.0,,,0.5496,54.0,0.3803,44.0,0.3135,28.0,0.4886,49.0,,,0.3953,15.0
2019-06-04,0.4128,76.0,0.3992,74.0,0.6295,66.0,,,0.5708,60.0,0.386,45.0,0.3171,34.0,0.4247,25.0,,,0.5588,79.0
2019-06-03,0.2533,38.0,0.3533,65.0,0.7536,84.0,,,0.5148,46.0,0.3856,45.0,0.3144,31.0,0.5314,70.0,,,0.3695,8.0
2019-05-31,0.2534,38.0,0.3264,57.0,0.6737,75.0,,,0.4215,19.0,0.3961,47.0,0.3145,31.0,0.5619,79.0,,,0.443,35.0
2019-05-30,0.2565,39.0,0.2988,46.0,0.597,60.0,,,0.4552,28.0,0.3937,47.0,0.3132,28.0,0.5301,70.0,,,0.4161,23.0
2019-05-29,0.2771,47.0,0.2898,42.0,0.4984,34.0,,,0.4734,33.0,0.3981,48.0,0.314,30.0,0.5007,55.0,,,0.4567,41.0
2019-05-28,0.2775,47.0,0.2729,34.0,0.5571,50.0,,,0.4334,22.0,0.3974,48.0,0.3136,28.0,0.5454,74.0,,,0.4686,46.0
2019-05-24,0.4143,76.0,0.3152,53.0,0.4511,23.0,,,0.5402,52.0,0.3963,47.0,0.3137,28.0,0.5087,60.0,,,0.4302,28.0
2019-05-23,0.4076,76.0,0.3171,54.0,0.4583,24.0,,,0.4869,38.0,0.3959,47.0,0.3141,30.0,0.4893,49.0,,,0.4236,26.0
2019-05-22,0.3998,74.0,0.316,53.0,0.5336,44.0,,,0.4494,27.0,0.3955,47.0,0.3135,28.0,0.4983,54.0,,,0.4139,22.0
2019-05-21,0.593,89.0,0.3771,70.0,0.4992,34.0,,,0.5171,46.0,0.3962,47.0,0.3137,28.0,0.5045,57.0,,,0.4229,25.0
2019-05-20,0.5859,89.0,0.3889,73.0,0.5071,37.0,,,0.4385,23.0,0.3963,47.0,0.3147,31.0,0.5404,73.0,,,0.4267,27.0
2019-05-17,0.5738,88.0,0.3923,73.0,0.4097,14.0,,,0.4125,17.0,0.3946,47.0,0.3176,34.0,0.5443,74.0,,,0.4487,37.0
2019-05-16,0.5713,88.0,0.4012,75.0,0.4066,13.0,,,0.4591,28.0,0.3976,48.0,0.321,37.0,0.4635,38.0,,,0.4533,40.0
2019-05-15,0.4731,81.0,0.3564,66.0,0.4585,24.0,,,0.5331,50.0,0.3986,48.0,0.3201,37.0,0.4439,30.0,,,0.4919,56.0
2019-05-14,0.515,85.0,0.3773,70.0,0.4866,31.0,,,0.5297,49.0,0.3987,48.0,0.3207,37.0,0.4514,33.0,,,0.4921,56.0
2019-05-13,0.5369,86.0,0.3704,69.0,0.6219,64.0,,,0.419,19.0,0.4005,49.0,0.3239,39.0,0.5313,70.0,,,0.3738,9.0
2019-05-10,0.3028,54.0,0.2995,47.0,0.8542,90.0,,,0.4663,31.0,0.3919,47.0,0.3233,39.0,0.4796,45.0,,,0.466,45.0
2019-05-09,0.2861,49.0,0.2879,41.0,0.8319,89.0,,,0.677,77.0,0.405,51.0,0.328,41.0,0.5057,57.0,,,0.4743,49.0
2019-05-08,0.3003,54.0,0.2833,39.0,0.8139,88.0,,,0.6254,69.0,0.405,51.0,0.3273,40.0,0.4561,34.0,,,0.4699,47.0
2019-05-07,0.2993,53.0,0.2661,31.0,0.7152,80.0,,,0.485,37.0,0.4053,51.0,0.3272,40.0,0.489,49.0,,,0.4576,42.0
2019-05-06,0.1803,15.0,0.2663,31.0,0.6715,74.0,,,0.7399,84.0,0.403,50.0,0.3266,40.0,0.4197,23.0,,,0.5035,62.0
2019-05-03,0.172,12.0,0.2512,23.0,0.5323,43.0,,,0.5111,45.0,0.402,49.0,0.3252,40.0,0.4391,28.0,,,0.4872,55.0
2019-05-02,0.1668,11.0,0.2521,24.0,0.5943,59.0,,,0.5129,46.0,0.4028,49.0,0.3258,40.0,0.4465,31.0,,,0.4708,47.0
2019-05-01,0.1745,13.0,0.2568,26.0,0.6769,75.0,,,0.6275,70.0,0.4034,50.0,0.3262,40.0,0.4834,47.0,,,0.4887,55.0
2019-04-30,0.1733,13.0,0.2463,21.0,0.6395,69.0,,,0.6707,76.0,0.4036,50.0,0.3262,40.0,0.4704,41.0,,,0.4394,33.0
2019-04-29,0.1184,3.0,0.2377,17.0,0.6743,75.0,,,0.5828,63.0,0.4038,50.0,0.3271,40.0,0.457,35.0,,,0.4556,41.0
2019-04-26,0.2988,53.0,0.2954,44.0,0.6358,68.0,,,0.6844,78.0,0.4043,50.0,0.3282,41.0,0.4362,28.0,,,0.4564,41.0
2019-04-25,0.3128,57.0,0.2873,41.0,0.5849,57.0,,,0.6472,73.0,0.4044,50.0,0.3279,41.0,0.4525,33.0,,,0.4508,38.0
2019-04-24,0.2767,47.0,0.2652,30.0,0.7138,80.0,,,0.5939,65.0,0.4053,51.0,0.3286,41.0,0.4694,40.0,,,0.4758,49.0
2019-04-23,0.2869,50.0,0.2724,34.0,0.6236,65.0,,,0.6211,69.0,0.4053,51.0,0.3296,42.0,0.486,48.0,,,0.4824,52.0
2019-04-22,0.2574,39.0,0.276,35.0,0.4855,30.0,,,0.5973,65.0,0.4053,51.0,0.3299,42.0,0.4445,31.0,,,0.4794,51.0
2019-04-18,0.2333,31.0,0.2736,34.0,0.4854,30.0,,,0.5521,55.0,0.4052,51.0,0.3303,42.0,0.4637,38.0,,,0.4754,49.0
2019-04-17,0.2085,24.0,0.2667,31.0,0.6507,71.0,,,0.4869,38.0,0.405,51.0,0.33,42.0,0.5045,57.0,,,0.4646,45.0
2019-04-16,0.1374,6.0,0.1996,5.0,0.6136,63.0,,,0.5274,48.0,0.4026,49.0,0.3279,41.0,0.4946,52.0,,,0.3916,14.0
2019-04-15,0.1419,7.0,0.1914,3.0,0.5618,51.0,,,0.561,57.0,0.4037,50.0,0.3283,41.0,0.4586,36.0,,,0.4103,20.0
2019-04-12,0.1961,19.0,0.2165,9.0,0.6167,63.0,,,0.6608,75.0,0.4037,50.0,0.3285,41.0,0.5013,56.0,,,0.3939,15.0
2019-04-11,0.2219,28.0,0.2355,16.0,0.5566,50.0,,,0.6993,80.0,0.4034,50.0,0.3285,41.0,0.4692,40.0,,,0.4848,53.0
2019-04-10,0.2418,34.0,0.2385,17.0,0.5732,54.0,,,0.7146,82.0,0.4057,51.0,0.3288,41.0,0.4869,48.0,,,0.4172,23.0
2019-04-09,0.3024,54.0,0.2562,26.0,0.5892,57.0,,,0.5656,59.0,0.4065,51.0,0.3294,41.0,0.5067,59.0,,,0.4546,40.0
2019-04-08,0.2624,42.0,0.253,24.0,0.5256,42.0,,,0.6758,77.0,0.4057,51.0,0.3297,42.0,0.4625,38.0,,,0.4326,30.0
2019-04-05,0.2653,43.0,0.2532,24.0,0.5243,41.0,,,0.5727,60.0,0.4057,51.0,0.3299,42.0,0.4981,54.0,,,0.4138,22.0
2019-04-04,0.2684,44.0,0.2572,26.0,0.5528,49.0,,,0.6501,73.0,0.4065,51.0,0.3302,42.0,0.461,37.0,,,0.4461,36.0
2019-04-03,0.2497,37.0,0.2382,17.0,0.5316,43.0,,,0.4651,30.0,0.4058,51.0,0.3297,42.0,0.5282,69.0,,,0.4063,19.0
2019-04-02,0.1889,16.0,0.2214,11.0,0.5052,36.0,,,0.554,56.0,0.4048,51.0,0.3287,41.0,0.5125,61.0,,,0.4274,27.0
2019-04-01,0.2979,53.0,0.2584,27.0,0.4852,30.0,,,0.5097,45.0,0.4047,50.0,0.3281,41.0,0.4692,40.0,,,0.453,39.0
2019-03-29,0.2235,28.0,0.2516,23.0,0.5316,43.0,,,0.4675,31.0,0.4025,49.0,0.3278,41.0,0.5058,57.0,,,0.4982,59.0
2019-03-28,0.2525,37.0,0.2841,39.0,0.5675,53.0,,,0.4566,28.0,0.4026,49.0,0.3278,41.0,0.5169,64.0,,,0.4879,55.0
2019-03-27,0.2627,42.0,0.2831,39.0,0.4855,30.0,,,0.4401,24.0,0.4026,49.0,0.328,41.0,0.5006,55.0,,,0.5028,61.0
2019-03-26,0.2644,42.0,0.2787,37.0,0.5657,52.0,,,0.3936,13.0,0.4026,49.0,0.3283,41.0,0.5051,57.0,,,0.4022,17.0
2019-03-25,0.2786,47.0,0.2971,45.0,0.512,38.0,,,0.4124,17.0,0.4027,49.0,0.3281,41.0,0.4919,51.0,,,0.5046,62.0
2019-03-22,0.2626,42.0,0.3306,57.0,0.6264,65.0,,,0.5406,52.0,0.4025,49.0,0.3279,41.0,0.5242,67.0,,,0.4868,54.0
2019-03-21,0.9579,98.0,0.4646,85.0,0.5183,40.0,,,0.5138,46.0,0.3999,49.0,0.3258,40.0,0.4976,53.0,,,0.4725,48.0
2019-03-20,0.9859,98.0,0.4702,85.0,0.5391,45.0,,,0.5135,46.0,0.4007,49.0,0.3253,40.0,0.4845,47.0,,,0.4946,57.0
2019-03-19,0.9645,98.0,0.4589,84.0,0.6878,77.0,,,0.4681,31.0,0.4002,49.0,0.324,39.0,0.506,59.0,,,0.5769,83.0
2019-03-18,0.9496,97.0,0.4595,84.0,0.6301,66.0,,,0.5043,43.0,0.4002,49.0,0.3247,40.0,0.4849,47.0,,,0.4559,41.0
2019-03-15,0.9305,97.0,0.4685,85.0,0.6775,75.0,,,0.4915,39.0,0.4024,49.0,0.3258,40.0,0.6007,86.0,,,0.5548,78.0
2019-03-14,0.927,97.0,0.4653,85.0,0.7324,81.0,,,1.1626,99.0,0.403,50.0,0.3253,40.0,0.5551,77.0,,,0.5863,85.0
2019-03-13,0.9356,97.0,0.4423,82.0,1.0604,96.0,,,0.4931,40.0,0.4028,49.0,0.3231,39.0,0.6302,90.0,,,0.5623,80.0
2019-03-12,0.2327,31.0,0.2706,33.0,1.2455,99.0,,,1.6647,100.0,0.337,31.0,0.3131,28.0,0.5463,75.0,,,0.5518,77.0
2019-03-11,0.2254,28.0,0.2625,28.0,1.2363,99.0,,,0.6546,74.0,0.3364,31.0,0.3122,27.0,0.5155,63.0,,,0.5343,72.0
2019-03-08,0.2571,39.0,0.2565,26.0,0.7739,85.0,,,0.6614,75.0,0.3364,31.0,0.3115,26.0,0.5069,59.0,,,0.5215,68.0
2019-03-07,0.2785,47.0,0.2679,32.0,1.0107,96.0,,,0.6296,70.0,0.3364,31.0,0.3116,26.0,0.5288,69.0,,,0.5177,67.0
2019-03-06,0.2745,46.0,0.2601,28.0,0.8276,89.0,,,0.6769,77.0,0.3358,31.0,0.3112,26.0,0.5577,78.0,,,0.5052,62.0
2019-03-05,0.234,31.0,0.247,21.0,0.5607,51.0,,,0.7651,87.0,0.3339,30.0,0.3105,25.0,0.5283,69.0,,,0.5357,72.0
2019-03-04,0.2356,32.0,0.2374,17.0,0.4976,34.0,,,0.5088,45.0,0.3344,30.0,0.3106,25.0,0.5758,82.0,,,0.5308,71.0
2019-03-01,0.215,26.0,0.2224,11.0,0.5492,48.0,,,1.2818,99.0,0.3352,31.0,0.3109,25.0,0.4968,53.0,,,0.562,80.0
2019-02-28,0.204,22.0,0.2136,8.0,0.3099,3.0,,,0.7673,87.0,0.3346,30.0,0.3103,24.0,0.4982,54.0,,,0.5499,76.0
2019-02-27,0.1916,18.0,0.2105,7.0,0.5865,57.0,,,0.7064,80.0,0.3344,30.0,0.3099,24.0,0.5203,65.0,,,0.5322,71.0
2019-02-26,0.2199,27.0,0.2251,12.0,0.6315,67.0,,,0.7807,88.0,0.334,30.0,0.3092,23.0,0.5571,78.0,,,0.5442,75.0
2019-02-25,0.2092,24.0,0.2139,8.0,0.4966,34.0,,,0.4388,24.0,0.3338,30.0,0.3086,22.0,0.5048,57.0,,,0.4685,46.0
2019-02-22,0.1971,20.0,0.2057,6.0,0.496,33.0,,,0.5434,53.0,0.3335,30.0,0.3089,23.0,0.5268,68.0,,,0.5219,68.0
2019-02-21,0.2272,30.0,0.2149,9.0,0.4783,28.0,,,0.5212,47.0,0.3342,30.0,0.3087,22.0,0.5675,80.0,,,0.5178,67.0
2019-02-20,0.1723,13.0,0.2172,10.0,0.4478,22.0,,,0.6177,68.0,0.3332,30.0,0.3088,22.0,0.5125,61.0,,,0.5613,80.0
2019-02-19,0.1747,13.0,0.2146,9.0,0.504,36.0,,,0.7996,89.0,0.3333,30.0,0.3087,22.0,0.5509,76.0,,,0.5379,73.0
2019-02-15,0.1778,14.0,0.2144,9.0,0.4609,25.0,,,1.0712,98.0,0.3333,30.0,0.3086,22.0,0.5208,65.0,,,0.5709,82.0
2019-02-14,0.1745,13.0,0.1949,4.0,0.5612,51.0,,,0.7873,89.0,0.3328,30.0,0.3075,21.0,0.5643,80.0,,,0.5374,73.0
2019-02-13,0.1847,16.0,0.2053,6.0,0.5469,47.0,,,0.977,96.0,0.3352,31.0,0.3086,22.0,0.5521,76.0,,,0.5334,72.0
2019-02-12,0.1795,14.0,0.2194,10.0,0.4992,34.0,,,1.0299,97.0,0.3356,31.0,0.3096,23.0,0.5169,64.0,,,0.5911,86.0
2019-02-11,0.1868,16.0,0.2081,7.0,0.5956,59.0,,,0.9947,97.0,0.3345,30.0,0.3093,23.0,0.5314,70.0,,,0.5822,84.0
2019-02-08,0.2079,23.0,0.2201,10.0,0.5954,59.0,,,0.9782,96.0,0.3346,30.0,0.3096,23.0,0.5373,72.0,,,0.5591,79.0
2019-02-07,0.2085,24.0,0.2161,9.0,0.6653,73.0,,,0.9627,96.0,0.3347,31.0,0.3099,24.0,0.5672,80.0,,,0.5603,79.0
2019-02-06,0.1994,21.0,0.2135,8.0,0.5825,56.0,,,0.8483,92.0,0.3413,32.0,0.3213,38.0,0.6278,89.0,,,0.5338,72.0
2019-02-05,0.2598,41.0,0.2132,8.0,0.4881,31.0,,,0.8372,92.0,0.3411,32.0,0.3211,38.0,0.553,76.0,,,0.5433,75.0
2019-02-04,0.2625,42.0,0.2211,11.0,0.6045,61.0,,,0.834,91.0,0.3408,32.0,0.3208,37.0,0.5225,66.0,,,0.5492,76.0
2019-02-01,0.3121,56.0,0.2289,13.0,1.3726,99.0,,,1.3855,100.0,0.3408,32.0,0.3208,37.0,0.5541,77.0,,,0.5175,66.0
2019-01-31,0.3066,55.0,0.2747,35.0,0.4488,23.0,,,1.2568,99.0,0.3403,31.0,0.3205,37.0,0.5146,62.0,,,0.5781,83.0
2019-01-30,0.299,53.0,0.2783,37.0,1.2453,99.0,,,0.8448,92.0,0.339,31.0,0.3196,36.0,0.5731,81.0,,,0.585,85.0
2019-01-29,0.3,53.0,0.2813,38.0,0.5497,48.0,,,0.9253,95.0,0.3396,31.0,0.3199,36.0,0.5747,82.0,,,0.5583,78.0
2019-01-28,0.307,55.0,0.294,44.0,1.3285,99.0,,,0.8196,91.0,0.3403,31.0,0.3202,37.0,0.5877,84.0,,,0.5368,73.0
2019-01-25,0.2623,42.0,0.298,46.0,1.1076,97.0,,,0.8572,93.0,0.3384,31.0,0.3201,37.0,0.5302,70.0,,,0.5997,86.0
2019-01-24,0.2874,50.0,0.3,47.0,1.1841,98.0,,,0.8113,90.0,0.3385,31.0,0.3197,36.0,0.6299,90.0,,,0.574,82.0
2019-01-23,0.3389,64.0,0.3087,50.0,0.5556,50.0,,,0.7263,83.0,0.3365,31.0,0.3196,36.0,0.4913,50.0,,,0.5532,77.0
2019-01-22,0.3378,63.0,0.2696,33.0,1.1452,98.0,,,0.7523,85.0,0.3363,31.0,0.3175,34.0,0.494,52.0,,,0.5531,77.0
2019-01-18,0.3487,66.0,0.2673,31.0,1.0569,96.0,,,0.8469,92.0,0.3353,31.0,0.3167,33.0,0.5945,85.0,,,0.6392,91.0
2019-01-17,0.3592,68.0,0.2968,45.0,0.6479,70.0,,,0.9646,96.0,0.3355,31.0,0.3169,33.0,0.6005,86.0,,,0.665,93.0
2019-01-16,0.3569,67.0,0.297,45.0,1.0602,96.0,,,1.0617,98.0,0.3356,31.0,0.3166,33.0,0.6334,90.0,,,0.592,86.0
2019-01-15,0.3482,66.0,0.2934,44.0,0.9983,95.0,,,0.9711,96.0,0.3361,31.0,0.3167,33.0,0.5966,86.0,,,0.6133,88.0
2019-01-14,0.4544,80.0,0.314,53.0,1.1097,97.0,,,1.0686,98.0,0.3344,30.0,0.3165,33.0,0.6638,93.0,,,0.5785,83.0
2019-01-11,0.3646,69.0,0.3111,51.0,0.5929,59.0,,,1.0054,97.0,0.33,30.0,0.3157,32.0,0.5833,84.0,,,0.6184,89.0
2019-01-10,0.3888,73.0,0.3249,57.0,0.8273,89.0,,,0.9686,96.0,0.3314,30.0,0.316,33.0,0.5243,67.0,,,0.607,87.0
2019-01-09,0.398,74.0,0.3176,54.0,0.954,95.0,,,0.8909,93.0,0.3301,30.0,0.3151,32.0,0.5465,75.0,,,0.6504,91.0
2019-01-08,0.3857,72.0,0.2997,47.0,0.8844,92.0,,,0.9531,95.0,0.3287,28.0,0.3136,28.0,0.5812,83.0,,,0.6292,90.0
2019-01-07,0.3857,72.0,0.3165,54.0,1.009,96.0,,,0.9357,95.0,0.3293,28.0,0.3135,28.0,0.6329,90.0,,,0.6181,88.0
2019-01-04,0.4348,78.0,0.3543,65.0,0.7324,81.0,,,1.0016,97.0,0.3294,30.0,0.3132,28.0,0.5377,72.0,,,0.6353,90.0
2019-01-03,0.3527,66.0,0.3419,62.0,0.5813,56.0,,,0.8335,91.0,0.3212,28.0,0.3144,31.0,0.4884,49.0,,,0.4412,34.0
2019-01-02,0.3662,69.0,0.3521,65.0,0.5562,50.0,,,0.5379,51.0,0.3203,28.0,0.3135,28.0,0.4623,37.0,,,0.4937,57.0
2018-12-31,0.4089,76.0,0.3998,75.0,0.3763,8.0,,,0.8161,90.0,0.3239,28.0,0.3171,34.0,0.4804,46.0,,,0.4597,43.0
2018-12-28,0.4902,83.0,0.452,83.0,0.8283,89.0,,,0.5138,46.0,0.3251,28.0,0.3179,35.0,0.4726,42.0,,,0.4698,47.0
2018-12-27,0.4906,83.0,0.4512,83.0,0.8084,87.0,,,0.8347,91.0,0.3252,28.0,0.3177,34.0,0.4246,25.0,,,0.4906,56.0
2018-12-26,0.493,83.0,0.4374,81.0,0.3539,7.0,,,0.755,86.0,0.3261,28.0,0.3172,34.0,0.4061,19.0,,,0.5202,67.0
2018-12-24,0.4003,74.0,0.42,77.0,0.6391,69.0,,,0.4841,37.0,0.3216,28.0,0.3148,32.0,0.5023,56.0,,,0.4352,31.0
2018-12-21,0.3806,71.0,0.4091,76.0,0.6484,70.0,,,0.4756,34.0,0.3197,28.0,0.3144,31.0,0.4991,54.0,,,0.4353,31.0
2018-12-20,0.3716,70.0,0.3968,74.0,0.5432,47.0,,,0.7351,84.0,0.3189,28.0,0.3136,28.0,0.4924,51.0,,,0.442,34.0
2018-12-19,0.3783,71.0,0.385,72.0,0.3911,11.0,,,0.3773,9.0,0.3159,26.0,0.3097,23.0,0.3834,12.0,,,0.486,54.0
2018-12-18,0.2038,22.0,0.3525,65.0,1.0541,96.0,,,0.3454,6.0,0.3131,25.0,0.3056,19.0,0.3839,12.0,,,0.4519,39.0
2018-12-17,0.2558,39.0,0.3561,66.0,0.3944,11.0,,,0.3926,12.0,0.3152,26.0,0.3059,19.0,0.359,6.0,,,0.351,4.0
2018-12-14,0.2893,50.0,0.3823,71.0,0.432,19.0,,,0.4051,15.0,0.3171,27.0,0.3065,20.0,0.3884,14.0,,,0.4066,19.0
2018-12-13,0.3599,68.0,0.4218,78.0,0.4692,27.0,,,0.3836,10.0,0.3144,26.0,0.3059,19.0,0.3589,6.0,,,0.3492,4.0
2018-12-12,0.4551,80.0,0.4326,80.0,0.4975,34.0,,,0.3574,7.0,0.314,26.0,0.3057,19.0,0.3778,10.0,,,0.3507,4.0
2018-12-11,0.6122,90.0,0.4535,83.0,0.5316,43.0,,,0.3599,7.0,0.3139,26.0,0.3049,18.0,0.4196,23.0,,,0.3384,3.0
2018-12-10,0.5563,87.0,0.4192,77.0,0.8401,90.0,,,0.4592,28.0,0.3097,24.0,0.3014,15.0,0.2977,2.0,,,0.3826,11.0
2018-12-07,0.5855,89.0,0.414,76.0,0.4417,21.0,,,0.3612,8.0,0.3098,24.0,0.2991,14.0,0.3109,2.0,,,0.365,8.0
2018-12-06,0.5915,89.0,0.4123,76.0,0.7202,81.0,,,0.42,19.0,0.3094,23.0,0.2988,14.0,0.2952,1.0,,,0.4003,17.0
2018-12-04,0.6432,91.0,0.4047,75.0,0.7383,82.0,,,0.3177,3.0,0.3093,23.0,0.297,12.0,0.4314,27.0,,,0.3231,1.0
2018-12-03,0.5122,84.0,0.3548,66.0,0.3546,7.0,,,0.4609,30.0,0.3011,18.0,0.293,10.0,0.3241,2.0,,,0.4755,49.0
2018-11-30,0.5057,84.0,0.3385,61.0,0.33,5.0,,,0.5349,50.0,0.2975,15.0,0.2918,9.0,0.3201,2.0,,,0.4032,18.0
2018-11-29,0.3701,70.0,0.3117,52.0,0.4275,17.0,,,0.4741,34.0,0.2837,10.0,0.2906,9.0,0.378,10.0,,,0.3782,10.0
2018-11-28,0.3697,70.0,0.3252,57.0,0.7085,79.0,,,0.531,49.0,0.2835,10.0,0.2902,8.0,0.3632,7.0,,,0.3818,11.0
2018-11-27,0.1971,20.0,0.3525,65.0,0.7955,87.0,,,0.4279,21.0,0.279,8.0,0.2893,8.0,0.3542,5.0,,,0.3826,11.0
2018-11-26,0.3469,65.0,0.3968,74.0,0.5718,54.0,,,0.3388,5.0,0.2802,8.0,0.2889,8.0,0.411,20.0,,,0.3549,5.0
2018-11-23,0.4386,79.0,0.4144,77.0,0.3889,10.0,,,0.4118,17.0,0.2774,7.0,0.2881,8.0,0.3693,8.0,,,0.3708,9.0
2018-11-21,0.4424,79.0,0.4181,77.0,0.4007,12.0,,,0.3852,11.0,0.278,8.0,0.2886,8.0,0.3744,9.0,,,0.3546,5.0
2018-11-20,0.458,80.0,0.4668,85.0,0.5031,35.0,,,0.343,6.0,0.2779,8.0,0.2889,8.0,0.3901,14.0,,,0.4516,38.0
2018-11-19,0.5423,86.0,0.5013,89.0,0.3231,4.0,,,0.454,28.0,0.2807,9.0,0.2895,8.0,0.3396,3.0,,,0.3864,13.0
2018-11-16,0.6973,93.0,0.5505,93.0,0.5183,40.0,,,0.3631,8.0,0.2804,8.0,0.2882,8.0,0.4266,26.0,,,0.3455,3.0
2018-11-15,0.6841,93.0,0.5153,90.0,0.3283,4.0,,,0.424,20.0,0.2798,8.0,0.2849,6.0,0.334,3.0,,,0.3892,14.0
2018-11-14,0.6599,92.0,0.4825,87.0,0.5669,53.0,,,0.3229,4.0,0.2748,7.0,0.2811,5.0,0.4273,26.0,,,0.3283,2.0
2018-11-13,0.5068,84.0,0.4486,83.0,0.4258,17.0,,,0.3921,12.0,0.2638,6.0,0.2783,5.0,0.3692,8.0,,,0.3796,10.0
2018-11-12,0.5041,84.0,0.4403,81.0,0.3807,9.0,,,0.4055,15.0,0.2656,6.0,0.278,5.0,0.3239,2.0,,,0.4558,41.0
2018-11-09,0.3863,72.0,0.3988,74.0,0.2979,3.0,,,0.4421,25.0,0.2627,6.0,0.274,4.0,0.2658,1.0,,,0.3952,15.0
2018-11-08,0.4453,79.0,0.3511,64.0,0.5632,51.0,,,0.7142,81.0,0.259,6.0,0.2712,4.0,0.3498,4.0,,,0.3928,15.0
2018-11-07,0.2223,28.0,0.2471,21.0,0.5654,52.0,,,0.4158,18.0,0.2438,3.0,0.2688,3.0,0.379,11.0,,,0.3889,13.0
2018-11-06,0.252,37.0,0.2774,36.0,0.8288,89.0,,,0.4732,33.0,0.2672,6.0,0.2809,5.0,0.3581,6.0,,,0.4097,20.0
2018-11-05,0.2563,39.0,0.2874,41.0,1.6549,100.0,,,0.7021,80.0,0.2676,6.0,0.2865,7.0,0.3757,10.0,,,0.4029,18.0
2018-11-02,0.2592,40.0,0.2942,44.0,1.5393,100.0,,,0.4511,27.0,0.4873,77.0,0.3575,51.0,0.3837,12.0,,,0.4038,18.0
2018-11-01,0.3269,60.0,0.3198,55.0,1.5533,100.0,,,0.6352,71.0,0.4869,77.0,0.3575,51.0,0.3792,11.0,,,0.5006,60.0
2018-10-31,0.275,46.0,0.3269,57.0,1.4498,100.0,,,0.4063,16.0,0.4857,76.0,0.357,51.0,0.4179,22.0,,,0.3879,13.0
2018-10-30,0.2721,45.0,0.3298,57.0,1.3684,99.0,,,0.4334,22.0,0.4854,75.0,0.3564,51.0,0.4023,18.0,,,0.3925,14.0
2018-10-29,0.2618,41.0,0.3304,57.0,0.778,85.0,,,0.4066,16.0,0.4856,75.0,0.3563,51.0,0.4185,23.0,,,0.3827,11.0
2018-10-26,0.2587,40.0,0.3006,47.0,0.3892,10.0,,,0.4247,20.0,0.4866,77.0,0.3554,51.0,0.381,11.0,,,0.4022,17.0
2018-10-25,0.2424,34.0,0.2881,41.0,0.3957,11.0,,,0.4279,21.0,0.4861,76.0,0.3544,51.0,0.3692,8.0,,,0.3057,1.0
2018-10-24,0.282,48.0,0.2941,44.0,0.435,19.0,,,0.3851,11.0,0.4856,75.0,0.3543,50.0,0.422,24.0,,,0.3949,15.0
2018-10-23,0.2257,28.0,0.2637,28.0,0.3561,7.0,,,0.4581,28.0,0.4841,74.0,0.3528,50.0,0.3692,8.0,,,0.4243,26.0
2018-10-22,0.2288,30.0,0.2482,22.0,0.4014,12.0,,,0.5226,47.0,0.4841,74.0,0.3515,50.0,0.4014,18.0,,,0.3907,14.0
2018-10-19,0.281,48.0,0.2506,23.0,0.8706,91.0,,,0.462,30.0,0.4837,74.0,0.3507,49.0,0.4192,23.0,,,0.385,12.0
2018-10-18,0.2921,51.0,0.2539,25.0,0.4327,19.0,,,0.4944,40.0,0.4834,74.0,0.3503,49.0,0.3883,14.0,,,0.4027,18.0
2018-10-17,0.2963,52.0,0.2605,28.0,0.3907,10.0,,,0.5093,45.0,0.4834,74.0,0.3509,49.0,0.3697,8.0,,,0.4077,19.0
2018-10-16,0.2852,49.0,0.2512,23.0,0.406,13.0,,,0.4466,26.0,0.483,74.0,0.3504,49.0,0.3839,12.0,,,0.4082,20.0
2018-10-15,0.2329,31.0,0.2425,19.0,0.3948,11.0,,,0.5024,43.0,0.4818,73.0,0.3498,49.0,0.3696,8.0,,,0.4133,22.0
2018-10-12,0.2126,25.0,0.245,20.0,0.4464,22.0,,,0.4339,22.0,0.4818,73.0,0.3495,48.0,0.4061,19.0,,,0.3794,10.0
2018-10-11,0.2401,33.0,0.2416,19.0,0.4428,21.0,,,0.4396,24.0,0.4817,73.0,0.3492,48.0,0.4212,24.0,,,0.386,12.0
2018-10-10,0.1854,16.0,0.2212,11.0,0.7029,79.0,,,0.4308,22.0,0.481,73.0,0.3493,48.0,0.4009,17.0,,,0.3825,11.0
2018-10-09,0.1617,10.0,0.2166,9.0,0.4103,14.0,,,0.4745,34.0,0.4806,72.0,0.3488,48.0,0.3823,12.0,,,0.3958,16.0
2018-10-08,0.1538,9.0,0.206,6.0,0.406,13.0,,,0.4699,32.0,0.4805,72.0,0.3492,48.0,0.3797,11.0,,,0.395,15.0
2018-10-05,0.148,7.0,0.2066,6.0,0.888,92.0,,,0.4326,22.0,0.4806,72.0,0.349,48.0,0.3834,12.0,,,0.388,13.0
2018-10-04,0.1149,3.0,0.2092,7.0,0.461,25.0,,,0.436,23.0,0.48,72.0,0.3497,49.0,0.3777,10.0,,,0.3726,9.0
2018-10-03,0.1122,3.0,0.1951,4.0,0.3676,8.0,,,0.4497,27.0,0.4806,72.0,0.3495,48.0,0.3551,5.0,,,0.3922,14.0
2018-10-02,0.116,3.0,0.1989,5.0,0.4544,23.0,,,0.4127,17.0,0.4805,72.0,0.3495,48.0,0.385,13.0,,,0.3877,13.0
2018-10-01,0.1026,2.0,0.1996,5.0,0.4334,19.0,,,0.4031,15.0,0.4804,72.0,0.3497,49.0,0.3904,14.0,,,0.3826,11.0
2018-09-28,0.1468,7.0,0.185,2.0,0.4336,19.0,,,0.4079,16.0,0.4805,72.0,0.3496,48.0,0.3906,14.0,,,0.3867,13.0
2018-09-27,0.1472,7.0,0.1909,3.0,0.4347,19.0,,,0.4086,16.0,0.4813,73.0,0.351,49.0,0.3775,10.0,,,0.3441,3.0
2018-09-26,0.1358,6.0,0.2044,6.0,0.4036,12.0,,,0.414,18.0,0.4822,73.0,0.3512,49.0,0.3545,5.0,,,0.4104,21.0
2018-09-25,0.2554,38.0,0.2222,11.0,0.4269,17.0,,,0.3977,13.0,0.4838,74.0,0.3523,50.0,0.3965,16.0,,,0.3938,15.0
2018-09-24,0.2677,44.0,0.2376,17.0,0.3618,7.0,,,0.4237,20.0,0.4842,75.0,0.3531,50.0,0.2619,1.0,,,0.4133,22.0
2018-09-21,0.2696,44.0,0.2306,14.0,0.4115,14.0,,,0.4061,15.0,0.484,74.0,0.3531,50.0,0.3041,2.0,,,0.3954,16.0
2018-09-20,0.3432,65.0,0.2698,33.0,0.318,4.0,,,0.4169,18.0,0.484,74.0,0.3537,50.0,0.32,2.0,,,0.3989,17.0
2018-09-19,0.317,57.0,0.2692,32.0,0.3959,11.0,,,0.4178,18.0,0.4833,74.0,0.3544,51.0,0.3875,13.0,,,0.4004,17.0
2018-09-18,0.309,56.0,0.2639,28.0,0.3973,12.0,,,0.4221,20.0,0.4847,75.0,0.3551,51.0,0.3347,3.0,,,0.4024,17.0
2018-09-17,0.2891,50.0,0.2523,24.0,0.4291,18.0,,,0.39,12.0,0.4852,75.0,0.3548,51.0,0.4095,20.0,,,0.3828,12.0
2018-09-14,0.2442,34.0,0.2332,15.0,0.369,8.0,,,0.4179,18.0,0.4835,74.0,0.3543,50.0,0.3214,2.0,,,0.412,21.0
2018-09-13,0.1807,15.0,0.2238,11.0,0.4115,14.0,,,0.4032,15.0,0.4825,73.0,0.3559,51.0,0.3977,16.0,,,0.389,14.0
2018-09-12,0.2228,28.0,0.2371,17.0,0.4273,17.0,,,0.3925,12.0,0.4831,74.0,0.3563,51.0,0.4021,18.0,,,0.3861,12.0
2018-09-11,0.2218,28.0,0.2206,10.0,0.4205,16.0,,,0.3958,13.0,0.4813,73.0,0.3546,51.0,0.3812,11.0,,,0.3935,15.0
2018-09-10,0.2056,22.0,0.2197,10.0,0.4,12.0,,,0.393,12.0,0.4823,73.0,0.3552,51.0,0.3843,12.0,,,0.3897,14.0
2018-09-07,0.1902,17.0,0.2212,11.0,0.3903,10.0,,,0.3937,13.0,0.4823,73.0,0.3561,51.0,0.2913,1.0,,,0.3882,13.0
2018-09-06,0.1876,16.0,0.2139,8.0,0.3663,8.0,,,0.4073,16.0,0.4855,75.0,0.3577,51.0,0.2725,1.0,,,0.3952,15.0
2018-09-05,0.1695,12.0,0.1994,5.0,0.4909,32.0,,,0.3979,14.0,0.4865,76.0,0.3579,51.0,0.2748,1.0,,,0.3897,14.0
2018-09-04,0.1918,18.0,0.2062,6.0,0.3264,4.0,,,0.4863,38.0,0.4871,77.0,0.3586,52.0,0.2645,1.0,,,0.4079,19.0
2018-08-31,0.2259,28.0,0.1871,3.0,0.3431,5.0,,,0.4098,16.0,0.4881,78.0,0.3585,51.0,0.3052,2.0,,,0.4153,23.0
2018-08-30,0.1337,5.0,0.1617,1.0,0.2889,2.0,,,0.4015,14.0,0.4869,77.0,0.3589,52.0,0.3604,7.0,,,0.4024,17.0
2018-08-29,0.1533,8.0,0.1665,1.0,0.3649,7.0,,,0.3993,14.0,0.4871,77.0,0.3595,52.0,0.3523,5.0,,,0.4047,18.0
2018-08-28,0.1495,8.0,0.1724,1.0,0.381,9.0,,,0.3994,14.0,0.4872,77.0,0.3606,52.0,0.3688,8.0,,,0.3497,4.0
2018-08-27,0.172,12.0,0.1775,1.0,0.3853,10.0,,,0.3945,13.0,0.4877,78.0,0.3614,52.0,0.3731,9.0,,,0.3873,13.0
2018-08-24,0.2514,37.0,0.2138,8.0,0.3794,9.0,,,0.4307,21.0,0.4882,78.0,0.3621,52.0,0.3672,8.0,,,0.4017,17.0
2018-08-23,0.2605,41.0,0.2239,12.0,0.3741,8.0,,,0.3935,13.0,0.4909,80.0,0.3632,53.0,0.3643,8.0,,,0.3534,5.0
2018-08-22,0.2319,31.0,0.2293,14.0,0.3775,9.0,,,0.3662,8.0,0.4906,80.0,0.3631,53.0,0.3554,5.0,,,0.391,14.0
2018-08-21,0.2427,34.0,0.2378,17.0,0.2941,2.0,,,0.4249,20.0,0.4905,80.0,0.363,53.0,0.3708,9.0,,,0.303,1.0
2018-08-20,0.2379,32.0,0.245,20.0,0.3616,7.0,,,0.4247,20.0,0.4908,80.0,0.3633,53.0,0.374,9.0,,,0.3953,15.0
2018-08-17,0.3877,73.0,0.4327,80.0,0.4701,27.0,,,0.3843,11.0,0.4907,80.0,0.3637,53.0,0.3934,15.0,,,0.3373,2.0
2018-08-16,0.3836,72.0,0.4347,80.0,0.3347,5.0,,,0.4419,25.0,0.491,80.0,0.3653,54.0,0.3358,3.0,,,0.4013,17.0
2018-08-15,0.3361,63.0,0.422,78.0,0.3725,8.0,,,0.369,8.0,0.4898,79.0,0.3647,54.0,0.4038,18.0,,,0.3814,11.0
2018-08-14,0.3385,63.0,0.4168,77.0,0.3722,8.0,,,0.3859,11.0,0.4899,79.0,0.3645,54.0,0.3969,16.0,,,0.3987,17.0
2018-08-13,0.34,64.0,0.4107,76.0,0.3868,10.0,,,0.3791,10.0,0.4904,80.0,0.3641,53.0,0.4007,17.0,,,0.4109,21.0
2018-08-10,0.3242,59.0,0.3996,75.0,0.4002,12.0,,,0.3787,10.0,0.4905,80.0,0.3648,54.0,0.3713,9.0,,,0.4021,17.0
2018-08-09,0.3293,60.0,0.3978,74.0,0.4382,20.0,,,0.3925,12.0,0.4903,80.0,0.3649,54.0,0.3938,15.0,,,0.4049,18.0
2018-08-08,0.1602,10.0,0.1826,2.0,0.3859,10.0,,,0.7358,84.0,0.4863,76.0,0.3551,51.0,0.3865,13.0,,,0.4116,21.0
2018-08-07,0.1698,12.0,0.1851,2.0,0.4091,13.0,,,0.6371,71.0,0.488,78.0,0.3567,51.0,0.4012,18.0,,,0.4093,20.0
2018-08-06,0.1989,20.0,0.1892,3.0,0.3833,9.0,,,0.6334,71.0,0.4879,78.0,0.3579,51.0,0.3705,9.0,,,0.4161,23.0
2018-08-03,0.1992,20.0,0.1965,4.0,0.5438,47.0,,,0.3979,14.0,0.4886,78.0,0.3597,52.0,0.3827,12.0,,,0.4088,20.0
2018-08-02,0.1951,19.0,0.2024,5.0,0.6284,66.0,,,0.4007,14.0,0.4891,78.0,0.3623,52.0,0.3953,15.0,,,0.4039,18.0
2018-08-01,0.1949,19.0,0.2123,8.0,0.6324,67.0,,,0.386,11.0,0.4976,83.0,0.3668,55.0,0.4122,21.0,,,0.3925,14.0
2018-07-31,0.1796,15.0,0.2128,8.0,0.5166,39.0,,,0.4079,16.0,0.4991,84.0,0.3671,56.0,0.3902,14.0,,,0.4003,17.0
2018-07-30,0.1705,12.0,0.2138,8.0,0.4835,30.0,,,0.3818,10.0,0.4989,84.0,0.3677,56.0,0.4124,21.0,,,0.414,22.0
2018-07-27,0.1747,13.0,0.226,12.0,0.5991,60.0,,,0.3897,12.0,0.4993,84.0,0.3683,56.0,0.4177,22.0,,,0.3966,16.0
2018-07-26,0.1257,4.0,0.2324,15.0,0.459,24.0,,,0.3837,10.0,0.5013,85.0,0.3686,57.0,0.3869,13.0,,,0.3956,16.0
2018-07-25,0.125,4.0,0.2275,13.0,0.5521,49.0,,,0.4181,18.0,0.5009,85.0,0.3681,56.0,0.3969,16.0,,,0.4483,37.0
2018-07-24,0.2097,24.0,0.2379,17.0,0.5483,48.0,,,0.4064,16.0,0.5011,85.0,0.3687,57.0,0.3789,11.0,,,0.3947,15.0
2018-07-23,0.2257,28.0,0.2309,14.0,0.429,18.0,,,0.414,18.0,0.5011,85.0,0.3685,57.0,0.3713,9.0,,,0.414,22.0
2018-07-20,0.2161,26.0,0.2268,13.0,1.2622,99.0,,,0.4185,19.0,0.5007,84.0,0.3684,56.0,0.3761,10.0,,,0.4174,24.0
2018-07-19,0.2097,24.0,0.2317,14.0,1.2569,99.0,,,0.4173,18.0,0.5001,84.0,0.3682,56.0,0.3843,12.0,,,0.4295,28.0
2018-07-18,0.179,14.0,0.2164,9.0,1.2846,99.0,,,0.3931,12.0,0.4995,84.0,0.3677,56.0,0.4168,22.0,,,0.4247,26.0
2018-07-17,0.2579,40.0,0.2751,35.0,0.4094,14.0,,,0.3879,12.0,0.4995,84.0,0.3673,56.0,0.4044,19.0,,,0.4336,30.0
2018-07-16,0.2435,34.0,0.2674,31.0,0.4413,21.0,,,0.3682,8.0,0.4991,84.0,0.3674,56.0,0.4365,28.0,,,0.4189,24.0
2018-07-13,0.2913,51.0,0.3437,62.0,1.2061,98.0,,,0.3847,11.0,0.5011,85.0,0.3679,56.0,0.4218,24.0,,,0.4131,22.0
2018-07-12,0.2845,49.0,0.3626,67.0,1.1411,98.0,,,0.4185,19.0,0.5013,85.0,0.368,56.0,0.4027,18.0,,,0.4273,27.0
2018-07-11,0.2734,46.0,0.368,68.0,1.1141,97.0,,,0.3936,13.0,0.5024,85.0,0.3689,57.0,0.4085,20.0,,,0.4155,23.0
2018-07-10,0.2812,48.0,0.3766,70.0,1.0951,97.0,,,0.3996,14.0,0.5028,86.0,0.3688,57.0,0.387,13.0,,,0.42,25.0
2018-07-09,0.2956,52.0,0.378,71.0,1.0792,97.0,,,0.4448,25.0,0.5027,85.0,0.3689,57.0,0.3601,7.0,,,0.4306,28.0
2018-07-06,0.3231,59.0,0.3415,62.0,1.0656,97.0,,,0.4062,16.0,0.5012,85.0,0.3663,55.0,0.4047,19.0,,,0.4222,25.0
2018-07-05,0.3352,62.0,0.3539,65.0,1.1875,98.0,,,0.4433,25.0,0.5012,85.0,0.3668,55.0,0.3788,10.0,,,0.4354,31.0
2018-07-03,0.2838,49.0,0.2786,37.0,0.3745,8.0,,,0.3219,4.0,0.4987,83.0,0.3634,53.0,0.3745,9.0,,,0.4251,26.0
2018-07-02,0.2503,37.0,0.2631,28.0,0.3747,8.0,,,0.3065,3.0,0.4986,83.0,0.3637,53.0,0.3747,9.0,,,0.4226,25.0
2018-06-29,0.246,35.0,0.2702,33.0,0.3971,12.0,,,1.1179,98.0,0.4992,84.0,0.3653,54.0,0.4313,27.0,,,0.3978,16.0
2018-06-28,0.2646,43.0,0.2706,33.0,0.4122,14.0,,,1.0896,98.0,0.4988,83.0,0.3647,54.0,0.394,15.0,,,0.4309,28.0
2018-06-27,0.2867,50.0,0.2808,38.0,0.4074,13.0,,,1.0544,98.0,0.5,84.0,0.3655,54.0,0.4281,26.0,,,0.4133,22.0
2018-06-26,0.2834,49.0,0.2681,32.0,0.3693,8.0,,,1.0473,97.0,0.4993,84.0,0.3648,54.0,0.4012,18.0,,,0.4308,28.0
2018-06-25,0.2036,22.0,0.249,22.0,0.4011,12.0,,,1.0674,98.0,0.4984,83.0,0.3642,53.0,0.418,23.0,,,0.4106,21.0
2018-06-22,0.247,36.0,0.2416,19.0,0.4241,17.0,,,1.0093,97.0,0.4986,83.0,0.3643,53.0,0.4389,28.0,,,0.4172,23.0
2018-06-21,0.2437,34.0,0.2325,15.0,0.5126,38.0,,,0.9957,97.0,0.4979,83.0,0.3643,53.0,0.4265,25.0,,,0.4133,22.0
2018-06-20,0.2065,23.0,0.2244,12.0,0.5984,60.0,,,0.9509,95.0,0.497,83.0,0.364,53.0,0.4684,40.0,,,0.4976,59.0
2018-06-19,0.1013,2.0,0.2106,7.0,0.5048,36.0,,,0.3558,7.0,0.4957,82.0,0.3635,53.0,0.4682,40.0,,,0.3946,15.0
2018-06-18,0.0975,2.0,0.2031,5.0,0.506,36.0,,,0.3846,11.0,0.4961,82.0,0.3634,53.0,0.3885,14.0,,,0.4151,22.0
2018-06-15,0.1052,2.0,0.2001,5.0,0.505,36.0,,,0.3726,9.0,0.4965,83.0,0.3636,53.0,0.397,16.0,,,0.4043,18.0
2018-06-14,0.1059,3.0,0.2343,15.0,0.4879,31.0,,,0.3712,9.0,0.4984,83.0,0.3643,53.0,0.3859,13.0,,,0.4109,21.0
2018-06-13,0.0956,2.0,0.2408,18.0,0.5313,43.0,,,0.3766,9.0,0.4993,84.0,0.3657,55.0,0.4102,20.0,,,0.4105,21.0
2018-06-12,0.1659,11.0,0.2634,28.0,0.5251,42.0,,,0.7212,82.0,0.4992,84.0,0.3661,55.0,0.4023,18.0,,,0.4042,18.0
2018-06-11,0.1895,17.0,0.2601,28.0,0.422,16.0,,,0.6712,76.0,0.5018,85.0,0.367,56.0,0.398,16.0,,,0.4044,18.0
2018-06-08,0.1953,19.0,0.2674,31.0,0.6198,64.0,,,0.3744,9.0,0.5019,85.0,0.367,56.0,0.4118,21.0,,,0.4103,20.0
2018-06-07,0.2221,28.0,0.2839,39.0,0.5461,47.0,,,0.5451,53.0,0.502,85.0,0.3665,55.0,0.3958,16.0,,,0.4164,23.0
2018-06-06,0.208,23.0,0.2909,42.0,0.3867,10.0,,,0.5249,48.0,0.502,85.0,0.3667,55.0,0.3873,13.0,,,0.4106,21.0
2018-06-05,0.3222,59.0,0.2929,43.0,0.4404,21.0,,,0.5108,45.0,0.5025,85.0,0.366,55.0,0.4051,19.0,,,0.4077,19.0
2018-06-04,0.3185,57.0,0.2922,43.0,0.3566,7.0,,,0.7142,81.0,0.5025,85.0,0.3663,55.0,0.3842,12.0,,,0.4351,31.0
2018-06-01,0.2658,43.0,0.2827,39.0,0.3807,9.0,,,0.5231,47.0,0.5016,85.0,0.3663,55.0,0.4021,18.0,,,0.3545,5.0
2018-05-31,0.2167,26.0,0.2799,37.0,0.398,12.0,,,0.4176,18.0,0.5014,85.0,0.3688,57.0,0.4074,19.0,,,0.4193,25.0
2018-05-30,0.2175,27.0,0.2706,33.0,0.4253,17.0,,,0.3875,12.0,0.5029,86.0,0.3688,57.0,0.4304,27.0,,,0.4093,20.0
2018-05-29,0.2811,48.0,0.2603,28.0,0.392,11.0,,,0.5608,57.0,0.5076,86.0,0.37,57.0,0.4039,18.0,,,0.435,31.0
2018-05-25,0.2924,51.0,0.2631,28.0,0.4137,14.0,,,0.3721,9.0,0.5077,86.0,0.3703,57.0,0.4404,28.0,,,0.4003,17.0
2018-05-24,0.2102,25.0,0.2639,28.0,0.4378,20.0,,,0.4225,20.0,0.5058,86.0,0.3705,57.0,0.409,20.0,,,0.4076,19.0
2018-05-23,0.3354,63.0,0.3334,59.0,0.4062,13.0,,,0.4379,23.0,0.5078,86.0,0.3717,57.0,0.3976,16.0,,,0.396,16.0
2018-05-22,0.5482,87.0,0.4745,86.0,0.4061,13.0,,,0.3747,9.0,0.5078,86.0,0.3712,57.0,0.4392,28.0,,,0.4466,37.0
2018-05-21,0.5423,86.0,0.5354,92.0,0.3754,8.0,,,0.3825,10.0,0.5096,86.0,0.372,57.0,0.3671,8.0,,,0.3854,12.0
2018-05-18,1.9034,100.0,1.0457,100.0,0.3487,6.0,,,0.3833,10.0,0.5096,86.0,0.372,57.0,0.4124,21.0,,,0.3712,9.0
2018-05-17,1.8909,100.0,1.0438,100.0,0.3351,5.0,,,0.4068,16.0,0.5086,86.0,0.3718,57.0,0.3644,8.0,,,0.4075,19.0
2018-05-16,1.8896,100.0,1.0423,100.0,0.3419,5.0,,,0.4217,19.0,0.5088,86.0,0.3714,57.0,0.3338,3.0,,,0.4116,21.0
2018-05-15,1.8735,100.0,1.0351,100.0,0.5239,41.0,,,0.3905,12.0,0.5072,86.0,0.3714,57.0,0.4918,51.0,,,0.4157,23.0
2018-05-14,1.8879,100.0,1.0149,100.0,0.399,12.0,,,0.4941,40.0,0.505,86.0,0.3686,57.0,0.4705,41.0,,,0.4181,24.0
2018-05-11,1.7608,100.0,0.9574,100.0,0.6323,67.0,,,0.3682,8.0,0.4948,82.0,0.3608,52.0,0.5119,61.0,,,0.3682,8.0
2018-05-10,1.7335,100.0,0.9241,100.0,0.5387,45.0,,,0.3539,7.0,0.4942,82.0,0.3572,51.0,0.5227,66.0,,,0.3001,1.0
2018-05-09,0.2308,31.0,0.2157,9.0,0.7996,87.0,,,0.367,8.0,0.2939,13.0,0.3033,16.0,0.358,6.0,,,0.3886,13.0
2018-05-08,0.2293,30.0,0.2071,7.0,0.3938,11.0,,,0.4615,30.0,0.2935,13.0,0.3049,18.0,0.3517,5.0,,,0.4066,19.0
2018-05-07,0.2141,26.0,0.1964,4.0,0.4746,28.0,,,0.4769,34.0,0.2932,13.0,0.3049,18.0,0.4772,44.0,,,0.4089,20.0
2018-05-04,0.1943,18.0,0.1918,3.0,0.445,22.0,,,0.494,40.0,0.306,21.0,0.3095,23.0,0.3822,12.0,,,0.4222,25.0
2018-05-03,0.1545,9.0,0.1851,2.0,0.504,36.0,,,0.4576,28.0,0.3087,23.0,0.3103,24.0,0.4276,26.0,,,0.4014,17.0
2018-05-02,0.0743,1.0,0.1831,2.0,0.658,72.0,,,0.4507,27.0,0.3066,21.0,0.3096,23.0,0.4171,22.0,,,0.4127,21.0
2018-05-01,0.0647,1.0,0.1815,2.0,0.4088,13.0,,,0.5037,43.0,0.3076,22.0,0.3102,24.0,0.3793,11.0,,,0.4301,28.0
2018-04-30,0.0728,1.0,0.1725,1.0,0.4599,24.0,,,0.5795,61.0,0.3077,22.0,0.3102,24.0,0.418,23.0,,,0.4101,20.0
2018-04-27,0.0633,1.0,0.1686,1.0,0.5353,44.0,,,0.4305,21.0,0.3082,22.0,0.3113,26.0,0.3711,9.0,,,0.3857,12.0
2018-04-26,0.0558,1.0,0.1813,2.0,0.4412,21.0,,,0.382,10.0,0.3081,22.0,0.3114,26.0,0.3891,14.0,,,0.4157,23.0
2018-04-25,0.1566,9.0,0.2141,9.0,0.4376,20.0,,,0.4534,28.0,0.3086,23.0,0.312,27.0,0.3974,16.0,,,0.4063,19.0
2018-04-24,0.1697,12.0,0.2128,8.0,0.4805,28.0,,,0.4054,15.0,0.3086,23.0,0.3121,27.0,0.3877,13.0,,,0.3689,8.0
2018-04-23,0.1706,12.0,0.2168,9.0,0.4144,15.0,,,0.4411,24.0,0.3086,23.0,0.3124,27.0,0.3843,12.0,,,0.3818,11.0
2018-04-20,0.182,15.0,0.2125,8.0,0.5753,55.0,,,0.4003,14.0,0.3092,23.0,0.3126,28.0,0.3977,16.0,,,0.3644,7.0
2018-04-19,0.1714,12.0,0.2401,18.0,0.4899,32.0,,,0.4115,17.0,0.3089,23.0,0.3124,27.0,0.3848,12.0,,,0.3872,13.0
2018-04-18,0.1945,19.0,0.2441,20.0,0.5236,41.0,,,0.3956,13.0,0.3089,23.0,0.3133,28.0,0.3657,8.0,,,0.3748,9.0
2018-04-17,0.2038,22.0,0.2475,21.0,0.4188,16.0,,,0.4522,27.0,0.3089,23.0,0.3132,28.0,0.3391,3.0,,,0.4217,25.0
2018-04-16,0.1714,12.0,0.2313,14.0,1.1302,98.0,,,0.534,50.0,0.3081,22.0,0.3122,27.0,0.3941,15.0,,,0.4042,18.0
2018-04-13,0.1594,10.0,0.2402,18.0,0.4968,34.0,,,0.5078,44.0,0.3077,22.0,0.3122,27.0,0.4553,34.0,,,0.4241,26.0
2018-04-12,0.197,20.0,0.2558,26.0,0.514,39.0,,,0.4722,33.0,0.3077,22.0,0.3143,30.0,0.4296,26.0,,,0.3859,12.0
2018-04-11,0.2058,22.0,0.2667,31.0,0.4649,26.0,,,0.4696,32.0,0.3076,22.0,0.3144,31.0,0.4071,19.0,,,0.3988,17.0
2018-04-10,0.2934,52.0,0.2749,35.0,0.3589,7.0,,,0.4963,41.0,0.3079,22.0,0.3132,28.0,0.3876,13.0,,,0.4149,22.0
2018-04-09,0.2846,49.0,0.288,41.0,0.5203,40.0,,,0.4941,40.0,0.3066,21.0,0.3131,28.0,0.458,35.0,,,0.4342,31.0
2018-04-06,0.2774,47.0,0.2918,43.0,0.5068,37.0,,,0.482,36.0,0.307,21.0,0.3128,28.0,0.4332,27.0,,,0.4336,30.0
2018-04-05,0.2786,47.0,0.2991,46.0,0.446,22.0,,,0.4938,40.0,0.3069,21.0,0.3124,27.0,0.4601,37.0,,,0.4307,28.0
2018-04-04,0.279,48.0,0.3068,49.0,0.4398,21.0,,,0.5355,51.0,0.3088,23.0,0.3134,28.0,0.3999,17.0,,,0.4566,41.0
2018-04-03,0.3007,54.0,0.2952,44.0,0.395,11.0,,,0.5423,53.0,0.3075,22.0,0.3121,27.0,0.3991,17.0,,,0.4565,41.0
2018-04-02,0.2539,38.0,0.2941,44.0,0.5606,51.0,,,0.4421,25.0,0.3061,21.0,0.3122,27.0,0.4622,37.0,,,0.4066,19.0
2018-03-29,0.229,30.0,0.2729,34.0,0.4668,26.0,,,0.4942,40.0,0.3102,24.0,0.3124,27.0,0.4094,20.0,,,0.4418,34.0
2018-03-28,0.1804,15.0,0.3038,48.0,0.5389,45.0,,,0.453,28.0,0.3095,23.0,0.3121,27.0,0.4503,33.0,,,0.4163,23.0
2018-03-27,0.1768,14.0,0.3063,49.0,0.5208,40.0,,,0.4554,28.0,0.3096,24.0,0.3114,26.0,0.4409,30.0,,,0.4273,27.0
2018-03-26,0.2038,22.0,0.2893,42.0,0.4684,26.0,,,0.487,38.0,0.3121,25.0,0.3121,27.0,0.4245,25.0,,,0.4416,34.0
2018-03-23,0.2078,23.0,0.2861,40.0,0.5363,45.0,,,0.4738,33.0,0.3282,28.0,0.3164,33.0,0.4639,38.0,,,0.3952,15.0
2018-03-22,0.1808,15.0,0.2876,41.0,0.4753,28.0,,,0.4371,23.0,0.3259,28.0,0.3177,34.0,0.4254,25.0,,,0.4099,20.0
2018-03-21,0.3182,57.0,0.3166,54.0,0.3003,3.0,,,0.5049,44.0,0.3257,28.0,0.3185,35.0,0.3556,6.0,,,0.4282,27.0
2018-03-20,0.3479,66.0,0.3161,53.0,0.4353,20.0,,,0.43,21.0,0.3323,30.0,0.3247,40.0,0.4419,30.0,,,0.4125,21.0
2018-03-19,0.3528,67.0,0.29,42.0,0.4445,22.0,,,0.4548,28.0,0.3321,30.0,0.3224,38.0,0.4342,28.0,,,0.3471,4.0
2018-03-16,0.331,61.0,0.2882,42.0,0.3917,11.0,,,0.4198,19.0,0.3312,30.0,0.3222,38.0,0.4129,21.0,,,0.419,24.0
2018-03-15,0.3313,61.0,0.3227,56.0,0.4432,21.0,,,0.4316,22.0,0.3312,30.0,0.3225,39.0,0.4406,30.0,,,0.4585,42.0
2018-03-14,0.2818,48.0,0.3212,55.0,0.3848,10.0,,,0.4399,24.0,0.3294,30.0,0.3217,38.0,0.3994,17.0,,,0.4198,25.0
2018-03-13,0.3026,54.0,0.326,57.0,0.4107,14.0,,,0.7421,85.0,0.3293,28.0,0.3208,37.0,0.4389,28.0,,,0.4517,39.0
2018-03-12,0.2544,38.0,0.3045,49.0,1.0942,97.0,,,1.2395,99.0,0.3252,28.0,0.3191,36.0,0.4051,19.0,,,0.4807,51.0
2018-03-09,0.2885,50.0,0.3063,49.0,0.795,87.0,,,1.0196,97.0,0.3238,28.0,0.3187,35.0,0.4181,23.0,,,0.4622,44.0
2018-03-08,0.367,69.0,0.3177,54.0,0.9499,95.0,,,1.0424,97.0,0.3231,28.0,0.3179,35.0,0.4206,23.0,,,0.4644,45.0
2018-03-07,0.3069,55.0,0.3076,50.0,0.9786,95.0,,,0.969,96.0,0.3212,28.0,0.3177,34.0,0.4307,27.0,,,0.4522,39.0
2018-03-06,0.2487,36.0,0.2804,37.0,0.9665,95.0,,,0.9922,96.0,0.3202,28.0,0.3161,33.0,0.4572,35.0,,,0.4616,44.0
2018-03-05,0.3016,54.0,0.2749,35.0,0.926,94.0,,,0.9889,96.0,0.3199,28.0,0.3159,33.0,0.4632,38.0,,,0.4353,31.0
2018-03-02,0.305,55.0,0.2631,28.0,0.7775,85.0,,,0.9125,94.0,0.3197,28.0,0.3151,32.0,0.4632,38.0,,,0.461,43.0
2018-03-01,0.3084,56.0,0.2855,40.0,0.7939,87.0,,,0.8412,92.0,0.3193,28.0,0.3151,32.0,0.4637,38.0,,,0.4497,37.0
2018-02-28,0.3142,57.0,0.2822,39.0,0.8457,90.0,,,0.7594,86.0,0.3217,28.0,0.3156,32.0,0.4874,48.0,,,0.4314,28.0
2018-02-27,0.2314,31.0,0.2579,26.0,0.6643,73.0,,,0.7823,88.0,0.3181,27.0,0.3141,30.0,0.4593,36.0,,,0.4488,37.0
2018-02-26,0.2386,33.0,0.2555,25.0,0.5979,60.0,,,0.7632,87.0,0.3179,27.0,0.3147,31.0,0.4446,31.0,,,0.4557,41.0
2018-02-23,0.2533,38.0,0.2813,38.0,0.5677,53.0,,,0.7484,85.0,0.318,27.0,0.3146,31.0,0.4371,28.0,,,0.466,45.0
2018-02-22,0.2423,34.0,0.2847,40.0,0.6388,69.0,,,0.7174,82.0,0.3171,27.0,0.3144,31.0,0.486,48.0,,,0.4691,46.0
2018-02-21,0.242,34.0,0.2785,37.0,0.6948,78.0,,,0.6986,79.0,0.3171,27.0,0.3138,30.0,0.4674,39.0,,,0.4373,32.0
2018-02-20,0.2855,49.0,0.2809,38.0,0.6859,76.0,,,0.6978,79.0,0.3164,26.0,0.3121,27.0,0.4682,40.0,,,0.4378,32.0
2018-02-16,0.2454,35.0,0.3005,47.0,0.6398,69.0,,,0.6872,78.0,0.3172,27.0,0.313,28.0,0.4558,34.0,,,0.4512,38.0
2018-02-15,0.2166,26.0,0.3359,60.0,0.5898,57.0,,,0.6944,79.0,0.3169,27.0,0.313,28.0,0.4382,28.0,,,0.4594,42.0
2018-02-14,0.2194,27.0,0.3817,71.0,0.5678,53.0,,,0.7136,81.0,0.3195,28.0,0.3162,33.0,0.4202,23.0,,,0.4613,44.0
2018-02-13,0.499,83.0,0.4302,80.0,0.7078,79.0,,,0.7085,81.0,0.319,28.0,0.3149,32.0,0.4596,36.0,,,0.4455,36.0
2018-02-12,0.5329,86.0,0.4317,80.0,0.5511,48.0,,,0.5279,48.0,0.319,28.0,0.3143,30.0,0.4646,38.0,,,0.4502,38.0
2018-02-09,0.5438,87.0,0.4414,82.0,0.5228,41.0,,,0.5632,57.0,0.3189,28.0,0.3144,31.0,0.4192,23.0,,,0.4708,47.0
2018-02-08,0.4971,83.0,0.4281,79.0,0.4192,16.0,,,0.5558,56.0,0.3166,27.0,0.313,28.0,0.4143,21.0,,,0.4702,47.0
2018-02-07,0.5204,85.0,0.416,77.0,0.4191,16.0,,,0.6385,71.0,0.3188,28.0,0.3136,28.0,0.4166,22.0,,,0.468,46.0
2018-02-06,0.4725,81.0,0.3832,71.0,0.4048,13.0,,,0.5729,60.0,0.3184,27.0,0.3142,30.0,0.4159,22.0,,,0.4586,42.0
2018-02-05,0.4465,79.0,0.3485,64.0,0.5454,47.0,,,0.4853,37.0,0.3174,27.0,0.3124,27.0,0.5348,71.0,,,0.3836,12.0
2018-02-02,0.3149,57.0,0.2601,28.0,0.5698,53.0,,,0.5392,51.0,0.305,20.0,0.3091,23.0,0.4523,33.0,,,0.4339,31.0
2018-02-01,0.2692,44.0,0.2508,23.0,0.5191,40.0,,,0.5532,56.0,0.3017,18.0,0.3088,22.0,0.4238,25.0,,,0.4543,40.0
2018-01-31,0.2372,32.0,0.2277,13.0,0.6495,71.0,,,0.5148,46.0,0.3017,18.0,0.3088,22.0,0.4752,43.0,,,0.4182,24.0
2018-01-30,0.229,30.0,0.2097,7.0,0.8598,91.0,,,0.5028,43.0,0.3026,19.0,0.3103,24.0,0.4532,34.0,,,0.4342,31.0
2018-01-29,0.0744,1.0,0.1931,3.0,0.5707,54.0,,,0.4702,32.0,0.3032,19.0,0.3135,28.0,0.447,32.0,,,0.4305,28.0
2018-01-26,0.0744,1.0,0.2052,6.0,0.5155,39.0,,,0.4891,39.0,0.3078,22.0,0.3154,32.0,0.4427,30.0,,,0.4437,35.0
2018-01-25,0.218,27.0,0.213,8.0,0.4945,33.0,,,0.5383,51.0,0.3085,23.0,0.3147,31.0,0.4569,35.0,,,0.5523,77.0
2018-01-24,0.222,28.0,0.2169,10.0,0.4369,20.0,,,0.4858,37.0,0.3092,23.0,0.3152,32.0,0.4477,32.0,,,0.4144,22.0
2018-01-23,0.2293,30.0,0.2414,19.0,0.6035,61.0,,,0.4884,38.0,0.3104,24.0,0.3168,33.0,0.4396,28.0,,,0.4525,39.0
2018-01-22,0.2271,30.0,0.2482,22.0,0.4094,14.0,,,0.4757,34.0,0.3106,24.0,0.3168,33.0,0.4726,42.0,,,0.4451,36.0
2018-01-19,0.2414,33.0,0.2484,22.0,0.4746,28.0,,,0.4742,34.0,0.3106,24.0,0.3172,34.0,0.444,31.0,,,0.4548,40.0
2018-01-18,0.2456,35.0,0.2522,24.0,0.4683,26.0,,,0.5071,44.0,0.3155,26.0,0.3202,37.0,0.437,28.0,,,0.5006,60.0
2018-01-17,0.2498,37.0,0.2531,24.0,0.4677,26.0,,,0.555,56.0,0.3182,27.0,0.3215,38.0,0.4614,37.0,,,0.5059,63.0
2018-01-16,0.2135,25.0,0.2441,20.0,0.5265,42.0,,,0.5559,57.0,0.3146,26.0,0.3205,37.0,0.4925,51.0,,,0.4982,59.0
2018-01-12,0.2697,45.0,0.2745,34.0,0.5961,59.0,,,0.4122,17.0,0.3144,26.0,0.3208,37.0,0.4963,53.0,,,0.4834,53.0
2018-01-11,0.2338,31.0,0.2962,45.0,0.4805,28.0,,,0.5307,49.0,0.3129,25.0,0.3196,36.0,0.5027,57.0,,,0.4915,56.0
2018-01-10,0.15,8.0,0.2973,45.0,0.5086,37.0,,,0.6162,68.0,0.3119,25.0,0.3196,36.0,0.5234,67.0,,,0.4897,55.0
2018-01-09,0.1673,11.0,0.3135,53.0,0.5497,48.0,,,0.4858,37.0,0.3118,25.0,0.3195,36.0,0.5066,59.0,,,0.4797,51.0
2018-01-08,0.1809,15.0,0.3106,51.0,0.5287,43.0,,,0.6467,73.0,0.3117,25.0,0.3198,36.0,0.4367,28.0,,,0.5085,64.0
2018-01-05,0.2038,22.0,0.3025,48.0,0.5428,46.0,,,0.5293,49.0,0.3117,25.0,0.3192,36.0,0.5298,69.0,,,0.4857,54.0
2018-01-04,0.2559,39.0,0.3,47.0,0.5495,48.0,,,0.3629,8.0,0.3118,25.0,0.3189,35.0,0.4858,48.0,,,0.4771,50.0
2018-01-03,0.2222,28.0,0.278,36.0,0.6889,77.0,,,0.4489,26.0,0.3119,25.0,0.3183,35.0,0.5407,73.0,,,0.4759,49.0
2018-01-02,0.2077,23.0,0.2375,17.0,0.4625,25.0,,,0.498,41.0,0.3107,24.0,0.3161,33.0,0.5006,55.0,,,0.4916,56.0
2017-12-29,0.2116,25.0,0.2402,18.0,0.7043,79.0,,,0.4559,28.0,0.3107,24.0,0.3209,37.0,0.4789,45.0,,,0.4751,49.0
2017-12-28,0.1715,12.0,0.2284,13.0,0.4645,25.0,,,0.4373,23.0,0.3084,22.0,0.32,36.0,0.5002,55.0,,,0.4757,49.0
2017-12-27,0.1799,15.0,0.2374,17.0,0.4955,33.0,,,0.4675,31.0,0.3084,22.0,0.3203,37.0,0.4934,52.0,,,0.4791,51.0
2017-12-26,0.2418,34.0,0.2525,24.0,0.4211,16.0,,,0.4963,41.0,0.3089,23.0,0.3206,37.0,0.4752,43.0,,,0.4991,60.0
2017-12-22,0.3007,54.0,0.2761,35.0,0.3538,7.0,,,0.4948,40.0,0.3085,23.0,0.3198,36.0,0.5199,65.0,,,0.473,48.0
2017-12-21,0.2972,52.0,0.2771,36.0,0.295,3.0,,,0.4818,36.0,0.3101,24.0,0.3198,36.0,0.4871,48.0,,,0.4946,57.0
2017-12-20,0.3576,67.0,0.2993,46.0,0.4502,23.0,,,0.4775,35.0,0.3124,25.0,0.3199,36.0,0.5083,60.0,,,0.4928,57.0
2017-12-19,0.3577,67.0,0.2988,46.0,0.4811,28.0,,,0.4569,28.0,0.3124,25.0,0.3195,36.0,0.5253,68.0,,,0.4815,51.0
2017-12-18,0.3195,57.0,0.286,40.0,0.3683,8.0,,,0.5235,48.0,0.3114,24.0,0.3193,36.0,0.4054,19.0,,,0.4759,49.0
2017-12-15,0.3238,59.0,0.2825,39.0,0.3734,8.0,,,0.5337,50.0,0.3113,24.0,0.3193,36.0,0.4648,39.0,,,0.5206,68.0
2017-12-14,0.3132,57.0,0.2767,36.0,0.5033,35.0,,,0.4995,42.0,0.3097,24.0,0.3194,36.0,0.5587,78.0,,,0.4587,42.0
2017-12-13,0.2734,46.0,0.2554,25.0,0.4629,25.0,,,0.5012,42.0,0.3078,22.0,0.3209,37.0,0.5128,62.0,,,0.4602,43.0
2017-12-12,0.293,51.0,0.269,32.0,0.373,8.0,,,0.5558,56.0,0.3088,23.0,0.321,37.0,0.4771,44.0,,,0.5136,65.0
2017-12-11,0.1937,18.0,0.3021,48.0,0.4257,17.0,,,0.5388,51.0,0.3072,21.0,0.3206,37.0,0.5243,67.0,,,0.4983,59.0
2017-12-08,0.2719,45.0,0.3083,50.0,0.554,49.0,,,0.5001,42.0,0.3071,21.0,0.3209,37.0,0.5449,74.0,,,0.4708,47.0
2017-12-07,0.4166,76.0,0.3544,66.0,0.5641,52.0,,,0.5001,42.0,0.308,22.0,0.3216,38.0,0.5637,79.0,,,0.4867,54.0
2017-12-06,0.419,77.0,0.3628,67.0,0.4755,28.0,,,0.4746,34.0,0.3082,22.0,0.3229,39.0,0.5781,82.0,,,0.4716,48.0
2017-12-05,0.4109,76.0,0.3811,71.0,0.6109,62.0,,,0.4858,37.0,0.3076,22.0,0.3238,39.0,0.5463,75.0,,,0.4821,52.0
2017-12-04,0.4581,80.0,0.3951,74.0,0.4743,28.0,,,0.4488,26.0,0.3081,22.0,0.3238,39.0,0.542,73.0,,,0.4761,49.0
2017-12-01,0.4457,79.0,0.3804,71.0,0.7483,83.0,,,0.4846,37.0,0.3075,22.0,0.3233,39.0,0.4605,37.0,,,0.4855,54.0
2017-11-30,0.4377,78.0,0.3473,64.0,0.3808,9.0,,,0.5129,46.0,0.3058,20.0,0.3209,37.0,0.473,42.0,,,0.5048,62.0
2017-11-29,0.4252,77.0,0.3411,61.0,0.4268,17.0,,,0.5532,56.0,0.3039,19.0,0.3204,37.0,0.4726,42.0,,,0.526,69.0
2017-11-28,0.3162,57.0,0.302,48.0,0.4865,31.0,,,0.601,66.0,0.2965,14.0,0.3187,35.0,0.5678,80.0,,,0.5203,67.0
2017-11-27,0.3272,60.0,0.2911,42.0,0.5145,39.0,,,0.5529,56.0,0.2963,14.0,0.3185,35.0,0.5972,86.0,,,0.4796,51.0
2017-11-24,0.307,55.0,0.2834,39.0,0.5214,41.0,,,0.5121,46.0,0.2954,14.0,0.3179,35.0,0.5701,81.0,,,0.4833,52.0
2017-11-22,0.1951,19.0,0.2651,30.0,0.435,19.0,,,0.5071,44.0,0.2917,12.0,0.3168,33.0,0.5574,78.0,,,0.5008,61.0
2017-11-21,0.3402,64.0,0.3001,47.0,0.4593,24.0,,,0.5021,43.0,0.2917,12.0,0.3209,37.0,0.5012,56.0,,,0.5232,68.0
2017-11-20,0.2915,51.0,0.3083,50.0,0.5158,39.0,,,0.5692,59.0,0.3171,27.0,0.3315,43.0,0.5011,56.0,,,0.515,66.0
2017-11-17,0.4562,80.0,0.5205,90.0,0.5098,37.0,,,0.5732,60.0,0.3171,27.0,0.3313,42.0,0.4668,39.0,,,0.5074,63.0
2017-11-16,0.4549,80.0,0.5367,92.0,0.4951,33.0,,,0.5523,55.0,0.3168,27.0,0.3312,42.0,0.4604,37.0,,,0.5284,70.0
2017-11-15,0.4449,79.0,0.5375,92.0,0.503,35.0,,,0.5176,47.0,0.3161,26.0,0.3313,42.0,0.4715,41.0,,,0.5127,65.0
2017-11-14,0.5708,88.0,0.5707,94.0,0.4982,34.0,,,0.4811,36.0,0.3161,26.0,0.3302,42.0,0.5147,62.0,,,0.4929,57.0
2017-11-13,0.626,91.0,0.5736,94.0,0.5449,47.0,,,0.4442,25.0,0.3161,26.0,0.3312,42.0,0.5634,79.0,,,0.4723,48.0
2017-11-10,0.5833,89.0,0.5554,93.0,0.523,41.0,,,0.4763,34.0,0.3116,25.0,0.3304,42.0,0.5395,73.0,,,0.476,49.0
2017-11-09,0.5822,88.0,0.5458,93.0,0.4005,12.0,,,0.4978,41.0,0.314,26.0,0.3298,42.0,0.4607,37.0,,,0.5242,69.0
2017-11-08,0.4712,81.0,0.3491,64.0,0.6061,61.0,,,0.794,89.0,0.3046,20.0,0.314,30.0,0.5254,68.0,,,0.4893,55.0
2017-11-07,0.4763,81.0,0.3366,60.0,0.6212,64.0,,,0.7527,86.0,0.3069,21.0,0.3133,28.0,0.5378,72.0,,,0.4973,59.0
2017-11-06,0.4769,82.0,0.3322,59.0,0.9054,93.0,,,0.7444,85.0,0.3083,22.0,0.3151,32.0,0.5914,85.0,,,0.4565,41.0
2017-11-03,0.2465,35.0,0.2532,24.0,0.5968,60.0,,,0.5496,54.0,0.3024,18.0,0.3141,30.0,0.5555,78.0,,,0.4997,60.0
2017-11-02,0.1806,15.0,0.2341,15.0,1.088,97.0,,,1.5577,100.0,0.3012,18.0,0.3136,28.0,0.5682,80.0,,,0.5577,78.0
2017-11-01,0.18,15.0,0.2541,25.0,0.4476,22.0,,,0.7631,87.0,0.3021,18.0,0.3326,43.0,0.5715,81.0,,,0.5955,86.0
2017-10-31,0.1429,7.0,0.2442,20.0,0.566,52.0,,,0.731,83.0,0.301,18.0,0.3324,43.0,0.5356,72.0,,,0.5043,62.0
2017-10-30,0.1471,7.0,0.2326,15.0,0.638,69.0,,,0.6952,79.0,0.3013,18.0,0.3326,43.0,0.5337,71.0,,,0.505,62.0
2017-10-27,0.1242,4.0,0.2251,12.0,0.474,27.0,,,0.6406,72.0,0.3011,18.0,0.3318,43.0,0.5172,64.0,,,0.5079,63.0
2017-10-26,0.1268,4.0,0.2279,13.0,0.6199,64.0,,,0.6396,72.0,0.3041,19.0,0.3337,43.0,0.5068,59.0,,,0.5088,64.0
2017-10-25,0.1105,3.0,0.2179,10.0,0.4944,33.0,,,0.618,69.0,0.3039,19.0,0.3341,43.0,0.5093,60.0,,,0.5254,69.0
2017-10-24,0.1208,4.0,0.2157,9.0,0.5343,44.0,,,0.4623,30.0,0.3039,19.0,0.3343,44.0,0.492,51.0,,,0.5383,73.0
2017-10-23,0.1197,3.0,0.2602,28.0,0.6463,70.0,,,0.5902,64.0,0.304,19.0,0.3336,43.0,0.5631,79.0,,,0.4787,50.0
2017-10-20,0.1057,2.0,0.2554,25.0,0.5454,47.0,,,0.5234,48.0,0.3037,19.0,0.3337,43.0,0.5599,78.0,,,0.5743,82.0
2017-10-19,0.1227,4.0,0.2577,26.0,0.5415,46.0,,,0.6262,70.0,0.305,20.0,0.3344,44.0,0.5197,65.0,,,0.5072,63.0
2017-10-18,0.1213,4.0,0.2377,17.0,0.8318,89.0,,,0.5732,60.0,0.305,20.0,0.3337,43.0,0.539,73.0,,,0.4778,50.0
2017-10-17,0.1338,5.0,0.2401,18.0,0.5554,49.0,,,0.5875,63.0,0.3052,20.0,0.3341,43.0,0.5399,73.0,,,0.4912,56.0
2017-10-16,0.1121,3.0,0.2361,16.0,0.543,46.0,,,0.5892,64.0,0.3044,19.0,0.3344,44.0,0.5339,71.0,,,0.4908,56.0
2017-10-13,0.1967,19.0,0.2667,31.0,0.4872,31.0,,,0.6131,68.0,0.3046,20.0,0.3345,44.0,0.5033,57.0,,,0.507,63.0
2017-10-12,0.1977,20.0,0.2032,5.0,0.5034,35.0,,,0.5814,62.0,0.3046,20.0,0.3325,43.0,0.5209,65.0,,,0.4931,57.0
2017-10-11,0.1968,19.0,0.2164,9.0,0.4785,28.0,,,0.6052,66.0,0.3064,21.0,0.3335,43.0,0.5088,60.0,,,0.4913,56.0
2017-10-10,0.3291,60.0,0.2582,27.0,0.5059,36.0,,,0.5891,64.0,0.3063,21.0,0.3336,43.0,0.466,39.0,,,0.4936,57.0
2017-10-09,0.3301,61.0,0.2678,31.0,0.5365,45.0,,,0.5391,51.0,0.3063,21.0,0.3342,43.0,0.5343,71.0,,,0.4688,46.0
2017-10-06,0.3152,57.0,0.2627,28.0,0.4743,28.0,,,0.5472,54.0,0.3056,20.0,0.3345,44.0,0.4985,54.0,,,0.4738,48.0
2017-10-05,0.3321,62.0,0.2932,43.0,0.3412,5.0,,,0.6116,68.0,0.3056,20.0,0.3349,44.0,0.4593,36.0,,,0.5282,70.0
2017-10-04,0.4913,83.0,0.3569,66.0,0.5563,50.0,,,0.5261,48.0,0.304,19.0,0.3348,44.0,0.529,69.0,,,0.4705,47.0
2017-10-03,0.4726,81.0,0.3868,72.0,0.5826,56.0,,,0.5361,51.0,0.3046,20.0,0.3359,44.0,0.5117,61.0,,,0.4931,57.0
2017-10-02,0.5032,84.0,0.3965,74.0,0.3775,9.0,,,0.5972,65.0,0.3046,20.0,0.3363,45.0,0.4719,41.0,,,0.518,67.0
2017-09-29,0.509,84.0,0.4617,84.0,0.5467,47.0,,,0.5066,44.0,0.2987,15.0,0.3353,44.0,0.5187,64.0,,,0.4719,48.0
2017-09-28,0.5093,84.0,0.4563,84.0,0.4749,28.0,,,0.4292,21.0,0.2988,15.0,0.3354,44.0,0.5062,59.0,,,0.4987,60.0
2017-09-27,0.5136,85.0,0.4644,85.0,0.4352,20.0,,,0.5733,60.0,0.3007,17.0,0.3363,45.0,0.4597,36.0,,,0.512,65.0
2017-09-26,0.5156,85.0,0.4484,82.0,0.5364,45.0,,,0.4815,36.0,0.2992,16.0,0.3361,45.0,0.4804,46.0,,,0.4833,52.0
2017-09-25,0.3336,62.0,0.3756,70.0,0.6313,67.0,,,0.5541,56.0,0.2817,9.0,0.3313,42.0,0.4564,34.0,,,0.4888,55.0
2017-09-22,0.3311,61.0,0.3432,62.0,0.5683,53.0,,,0.585,63.0,0.2814,9.0,0.3295,42.0,0.4505,33.0,,,0.5088,64.0
2017-09-21,0.302,54.0,0.3262,57.0,0.5163,39.0,,,0.5054,44.0,0.2821,9.0,0.3313,42.0,0.4345,28.0,,,0.5146,66.0
2017-09-20,0.0731,1.0,0.1779,1.0,0.5433,47.0,,,0.5624,57.0,0.2788,8.0,0.3279,41.0,0.5174,64.0,,,0.4854,53.0
2017-09-19,0.0887,1.0,0.1814,2.0,0.4591,24.0,,,0.5513,55.0,0.2788,8.0,0.3288,41.0,0.5064,59.0,,,0.481,51.0
2017-09-18,0.086,1.0,0.1778,1.0,0.4741,27.0,,,0.5305,49.0,0.2787,8.0,0.3299,42.0,0.6393,91.0,,,0.5026,61.0
2017-09-15,0.1016,2.0,0.1791,2.0,0.5331,44.0,,,0.5502,55.0,0.2788,8.0,0.3309,42.0,0.5191,65.0,,,0.4862,54.0
2017-09-14,0.1053,2.0,0.1964,4.0,0.5113,38.0,,,0.5658,59.0,0.2899,12.0,0.3344,44.0,0.5022,56.0,,,0.4964,57.0
2017-09-13,0.1126,3.0,0.2043,6.0,0.5503,48.0,,,0.5464,53.0,0.2944,13.0,0.3366,45.0,0.5074,59.0,,,0.489,55.0
2017-09-12,0.1178,3.0,0.2179,10.0,0.5081,37.0,,,0.5422,53.0,0.297,15.0,0.339,45.0,0.5025,56.0,,,0.5593,79.0
2017-09-11,0.2458,35.0,0.2416,19.0,0.5063,37.0,,,0.5379,51.0,0.2972,15.0,0.3402,46.0,0.4984,54.0,,,0.4854,53.0
2017-09-08,0.2673,44.0,0.2419,19.0,0.4985,34.0,,,0.5288,49.0,0.3264,28.0,0.3528,50.0,0.4985,54.0,,,0.4861,54.0
2017-09-07,0.2609,41.0,0.2476,21.0,0.5178,40.0,,,0.5436,53.0,0.425,60.0,0.3739,59.0,0.5056,57.0,,,0.5014,61.0
2017-09-06,0.2629,42.0,0.2476,21.0,0.5345,44.0,,,0.5348,50.0,0.425,60.0,0.3748,59.0,0.5136,62.0,,,0.4834,53.0
2017-09-05,0.2619,42.0,0.2416,19.0,0.5182,40.0,,,0.5453,53.0,0.425,60.0,0.3753,60.0,0.5098,61.0,,,0.4908,56.0
2017-09-01,0.2496,36.0,0.2346,16.0,0.4976,34.0,,,0.5521,55.0,0.4252,60.0,0.3757,60.0,0.4789,45.0,,,0.5976,86.0
2017-08-31,0.2411,33.0,0.2208,10.0,0.5092,37.0,,,0.5737,60.0,0.4252,60.0,0.3758,60.0,0.5345,71.0,,,0.5477,76.0
2017-08-30,0.211,25.0,0.2255,12.0,0.5318,43.0,,,0.6108,67.0,0.4226,59.0,0.3756,60.0,0.557,78.0,,,0.5305,71.0
2017-08-29,0.1903,17.0,0.2332,15.0,0.5368,45.0,,,0.6614,75.0,0.4223,59.0,0.3757,60.0,0.5386,72.0,,,0.5554,78.0
2017-08-28,0.2516,37.0,0.2851,40.0,0.5036,36.0,,,0.6619,75.0,0.4224,59.0,0.3762,60.0,0.5727,81.0,,,0.4525,39.0
2017-08-25,0.2783,47.0,0.2878,41.0,0.5587,50.0,,,0.6019,66.0,0.4239,60.0,0.3778,60.0,0.5773,82.0,,,0.5617,80.0
2017-08-24,0.278,47.0,0.2819,38.0,0.5055,36.0,,,0.608,67.0,0.4237,59.0,0.3776,60.0,0.575,82.0,,,0.5766,83.0
2017-08-23,0.2754,46.0,0.2906,42.0,0.5621,51.0,,,0.6049,66.0,0.4244,60.0,0.3783,61.0,0.5747,82.0,,,0.5711,82.0
2017-08-22,0.2854,49.0,0.2971,45.0,0.5466,47.0,,,0.6588,75.0,0.4272,61.0,0.3797,61.0,0.5632,79.0,,,0.5768,83.0
2017-08-21,0.291,51.0,0.3128,52.0,0.401,12.0,,,0.7,80.0,0.4269,61.0,0.3801,61.0,0.5552,77.0,,,0.5816,84.0
2017-08-18,0.3032,54.0,0.3554,66.0,0.5515,48.0,,,0.7401,84.0,0.432,63.0,0.3825,62.0,0.5484,75.0,,,0.6249,89.0
2017-08-17,0.1724,13.0,0.3268,57.0,0.6458,70.0,,,0.5824,62.0,0.4296,62.0,0.3804,61.0,0.5945,85.0,,,0.5939,86.0
2017-08-16,0.1835,15.0,0.3472,63.0,0.5848,57.0,,,0.5842,63.0,0.5667,91.0,0.4071,72.0,0.5827,83.0,,,0.5954,86.0
2017-08-15,0.158,9.0,0.3551,66.0,0.5751,55.0,,,0.5933,64.0,0.5676,91.0,0.408,72.0,0.5493,76.0,,,0.5935,86.0
2017-08-14,0.2178,27.0,0.3634,67.0,0.536,45.0,,,0.826,91.0,0.5676,91.0,0.4092,73.0,0.6434,91.0,,,0.689,95.0
2017-08-11,0.2301,31.0,0.3927,74.0,0.8032,87.0,,,0.5861,63.0,0.569,91.0,0.4098,73.0,0.5816,83.0,,,0.5342,72.0
2017-08-10,0.2698,45.0,0.4141,76.0,0.5376,45.0,,,0.7501,85.0,0.5686,91.0,0.4085,73.0,0.6011,87.0,,,0.55,77.0
2017-08-09,0.3045,55.0,0.4009,75.0,1.2155,99.0,,,0.9713,96.0,0.5696,91.0,0.4068,72.0,0.6281,90.0,,,0.562,80.0
2017-08-08,0.2983,53.0,0.3823,71.0,0.9873,95.0,,,0.8332,91.0,0.5696,91.0,0.4058,71.0,0.5968,86.0,,,0.5375,73.0
2017-08-07,0.3531,67.0,0.3681,68.0,0.6759,75.0,,,0.8739,93.0,0.569,91.0,0.4049,71.0,0.559,78.0,,,0.543,75.0
2017-08-04,0.349,66.0,0.3895,73.0,0.5868,57.0,,,0.8598,93.0,0.5735,92.0,0.4084,73.0,0.5209,65.0,,,0.5468,76.0
2017-08-03,0.2892,50.0,0.3757,70.0,0.6583,72.0,,,0.7416,84.0,0.5732,92.0,0.4079,72.0,0.5553,77.0,,,0.5363,72.0
2017-08-02,0.2997,53.0,0.3463,63.0,0.9165,94.0,,,0.5516,55.0,0.5725,92.0,0.414,75.0,0.605,87.0,,,0.5008,61.0
2017-08-01,0.3043,54.0,0.3352,60.0,0.7671,85.0,,,0.5615,57.0,0.5705,92.0,0.4116,74.0,0.5781,82.0,,,0.5151,66.0
2017-07-31,0.3575,67.0,0.3324,59.0,0.6859,76.0,,,0.5617,57.0,0.5684,91.0,0.4104,73.0,0.5502,76.0,,,0.5443,75.0
2017-07-28,0.3586,68.0,0.3333,59.0,0.5494,48.0,,,0.3873,12.0,0.5684,91.0,0.4106,73.0,0.5458,75.0,,,0.5416,74.0
2017-07-27,0.3389,64.0,0.3327,59.0,0.5051,36.0,,,0.5007,42.0,0.5701,92.0,0.4122,74.0,0.5733,81.0,,,0.5064,63.0
2017-07-26,0.3242,59.0,0.3,47.0,0.5986,60.0,,,0.5907,64.0,0.5705,92.0,0.4125,74.0,0.5799,83.0,,,0.5584,78.0
2017-07-25,0.3287,60.0,0.3048,49.0,0.6277,66.0,,,0.6013,66.0,0.5704,92.0,0.4127,74.0,0.5662,80.0,,,0.5563,78.0
2017-07-24,0.3286,60.0,0.297,45.0,0.7037,79.0,,,0.5464,53.0,0.5716,92.0,0.413,75.0,0.5979,86.0,,,0.4379,33.0
2017-07-21,0.1969,20.0,0.2443,20.0,0.486,31.0,,,0.6427,72.0,0.5692,91.0,0.4109,74.0,0.5258,68.0,,,0.4185,24.0
2017-07-20,0.0979,2.0,0.1936,3.0,0.6189,64.0,,,0.5895,64.0,0.5679,91.0,0.4098,73.0,0.5385,72.0,,,0.4986,60.0
2017-07-19,0.1131,3.0,0.2026,5.0,0.5868,57.0,,,0.5805,62.0,0.5678,91.0,0.4102,73.0,0.4836,47.0,,,0.4863,54.0
2017-07-18,0.2005,21.0,0.2149,9.0,0.593,59.0,,,0.5959,65.0,0.568,91.0,0.411,74.0,0.478,45.0,,,0.3665,8.0
2017-07-17,0.2121,25.0,0.2189,10.0,0.6079,62.0,,,0.5913,64.0,0.5701,92.0,0.4115,74.0,0.5481,75.0,,,0.487,54.0
2017-07-14,0.2066,23.0,0.3222,56.0,0.6067,61.0,,,0.5597,57.0,0.57,91.0,0.4119,74.0,0.5515,76.0,,,0.4906,56.0
2017-07-13,0.207,23.0,0.3218,55.0,0.5817,56.0,,,0.6871,78.0,0.5726,92.0,0.4141,75.0,0.511,61.0,,,0.5015,61.0
2017-07-12,0.2089,24.0,0.3182,54.0,0.6013,60.0,,,0.6279,70.0,0.5729,92.0,0.4139,75.0,0.629,90.0,,,0.3629,7.0
2017-07-11,0.2266,28.0,0.3277,57.0,0.5549,49.0,,,0.7292,83.0,0.5729,92.0,0.4144,75.0,0.5042,57.0,,,0.5061,63.0
2017-07-10,0.2139,25.0,0.3178,54.0,0.5956,59.0,,,0.5936,65.0,0.5773,92.0,0.4175,76.0,0.5403,73.0,,,0.5025,61.0
2017-07-07,0.1619,11.0,0.3084,50.0,0.5549,49.0,,,0.6385,71.0,0.5771,92.0,0.419,76.0,0.521,66.0,,,0.4804,51.0
2017-07-06,0.2572,39.0,0.3156,53.0,0.5659,52.0,,,0.5976,65.0,0.5774,92.0,0.4196,76.0,0.5935,85.0,,,0.4936,57.0
2017-07-05,0.2575,39.0,0.2037,6.0,0.5652,52.0,,,0.5878,64.0,0.5782,92.0,0.4162,76.0,0.5008,55.0,,,0.587,85.0
2017-07-03,0.2605,41.0,0.2107,7.0,0.5761,55.0,,,0.55,54.0,0.5804,92.0,0.4185,76.0,0.5792,83.0,,,0.5592,79.0
2017-06-30,0.2644,42.0,0.212,8.0,0.5344,44.0,,,0.3637,8.0,0.5843,93.0,0.4214,78.0,0.5365,72.0,,,0.5497,76.0
2017-06-29,0.275,46.0,0.2261,12.0,0.5249,41.0,,,0.5929,64.0,0.584,92.0,0.4216,78.0,0.5232,67.0,,,0.5147,66.0
2017-06-28,0.2722,45.0,0.2976,45.0,0.5332,44.0,,,0.5601,57.0,0.584,92.0,0.4215,78.0,0.4789,45.0,,,0.5401,74.0
2017-06-27,0.2586,40.0,0.3004,47.0,0.5582,50.0,,,0.4704,32.0,0.583,92.0,0.4218,78.0,0.5152,63.0,,,0.455,40.0
2017-06-26,0.1524,8.0,0.3127,52.0,0.556,50.0,,,0.5275,48.0,0.5817,92.0,0.4225,78.0,0.4684,40.0,,,0.4961,57.0
2017-06-23,0.1509,8.0,0.3245,56.0,0.5218,41.0,,,0.502,43.0,0.5973,94.0,0.428,81.0,0.4677,39.0,,,0.4784,50.0
2017-06-22,0.2347,32.0,0.3284,57.0,0.5434,47.0,,,0.4987,42.0,0.5978,94.0,0.4285,81.0,0.5288,69.0,,,0.4764,50.0
2017-06-21,0.2544,38.0,0.3489,64.0,0.3253,4.0,,,0.4678,31.0,0.5977,94.0,0.4286,81.0,0.5722,81.0,,,0.4734,48.0
2017-06-20,0.267,44.0,0.3547,66.0,0.4823,28.0,,,0.386,11.0,0.5978,94.0,0.4301,81.0,0.5517,76.0,,,0.4626,44.0
2017-06-19,0.277,47.0,0.3127,52.0,0.3984,12.0,,,0.6452,73.0,0.5982,94.0,0.4289,81.0,0.6216,89.0,,,0.5351,72.0
2017-06-16,0.2539,38.0,0.3125,52.0,0.459,24.0,,,0.5332,50.0,0.5993,95.0,0.4316,81.0,0.6285,90.0,,,0.5022,61.0
2017-06-15,0.1571,9.0,0.3078,50.0,0.5269,42.0,,,0.5726,60.0,0.5986,94.0,0.432,82.0,0.5452,74.0,,,0.4044,18.0
2017-06-14,0.1548,9.0,0.2984,46.0,0.5923,57.0,,,0.5277,48.0,0.6011,95.0,0.433,82.0,0.6366,91.0,,,0.4741,48.0
2017-06-13,0.1406,6.0,0.3054,49.0,0.515,39.0,,,0.5797,62.0,0.6007,95.0,0.4333,82.0,0.6007,86.0,,,0.5143,66.0
2017-06-12,0.1489,8.0,0.2845,40.0,0.5551,49.0,,,0.5262,48.0,0.601,95.0,0.4328,82.0,0.6251,89.0,,,0.4804,51.0
2017-06-09,0.1325,5.0,0.2811,38.0,0.5225,41.0,,,0.5164,46.0,0.6007,95.0,0.4321,82.0,0.5858,84.0,,,0.4937,57.0
2017-06-08,0.0894,1.0,0.2777,36.0,0.4926,32.0,,,0.4972,41.0,0.6005,95.0,0.4324,82.0,0.5672,80.0,,,0.4867,54.0
2017-06-07,0.0759,1.0,0.3439,63.0,0.4635,25.0,,,0.499,42.0,0.6008,95.0,0.4327,82.0,0.5769,82.0,,,0.4823,52.0
2017-06-06,0.5632,88.0,0.4921,88.0,0.4824,28.0,,,0.5359,51.0,0.6068,96.0,0.4355,83.0,0.6451,91.0,,,0.4794,51.0
2017-06-05,0.5545,87.0,0.492,88.0,0.6485,70.0,,,0.62,69.0,0.6068,96.0,0.436,83.0,0.543,74.0,,,0.4855,54.0
2017-06-02,0.5534,87.0,0.4842,87.0,0.4812,28.0,,,0.6043,66.0,0.6082,97.0,0.4362,83.0,0.5512,76.0,,,0.4985,59.0
2017-06-01,0.5548,87.0,0.4815,87.0,0.6859,76.0,,,0.5823,62.0,0.6095,97.0,0.4372,83.0,0.5673,80.0,,,0.4763,50.0
2017-05-31,0.5512,87.0,0.4704,85.0,0.5896,57.0,,,0.4893,39.0,0.6108,97.0,0.4376,83.0,0.4872,48.0,,,0.4387,33.0
2017-05-30,0.5595,88.0,0.4855,87.0,0.6146,63.0,,,0.4683,32.0,0.6108,97.0,0.4378,83.0,0.535,71.0,,,0.5091,64.0
2017-05-26,0.557,87.0,0.4466,82.0,0.593,59.0,,,0.5075,44.0,0.6108,97.0,0.435,83.0,0.5796,83.0,,,0.4905,56.0
2017-05-25,0.2162,26.0,0.2757,35.0,0.5602,51.0,,,0.3027,3.0,0.5959,94.0,0.4268,80.0,0.6334,90.0,,,0.6266,89.0
2017-05-24,0.2166,26.0,0.2712,33.0,0.5459,47.0,,,0.6196,69.0,0.5959,94.0,0.4268,80.0,0.6311,90.0,,,0.6093,88.0
2017-05-23,0.2589,40.0,0.2894,42.0,0.5168,39.0,,,0.3591,7.0,0.5988,94.0,0.4314,81.0,0.6223,89.0,,,0.6269,90.0
2017-05-22,0.3077,56.0,0.3227,56.0,0.6444,70.0,,,0.3635,8.0,0.5989,94.0,0.4316,81.0,0.6095,88.0,,,0.6283,90.0
2017-05-19,0.4405,79.0,0.3763,70.0,0.6023,61.0,,,0.5533,56.0,0.6033,96.0,0.4353,83.0,0.651,92.0,,,0.6025,87.0
2017-05-18,0.4527,80.0,0.3578,66.0,0.5499,48.0,,,0.6608,75.0,0.6035,96.0,0.4345,82.0,0.5827,83.0,,,0.6435,91.0
2017-05-17,0.4674,81.0,0.5781,95.0,0.6237,65.0,,,0.3182,4.0,0.6036,96.0,0.4341,82.0,0.6633,93.0,,,0.6098,88.0
2017-05-16,0.413,76.0,0.5728,94.0,0.5666,53.0,,,0.6207,69.0,0.6026,96.0,0.4341,82.0,0.6541,92.0,,,0.6519,92.0
2017-05-15,0.4232,77.0,0.5783,95.0,0.6116,62.0,,,0.5786,61.0,0.6037,96.0,0.436,83.0,0.6676,94.0,,,0.6247,89.0
2017-05-12,0.3581,68.0,0.5702,94.0,0.5414,46.0,,,0.7436,85.0,0.6033,96.0,0.4358,83.0,0.5784,82.0,,,0.6232,89.0
2017-05-11,0.4211,77.0,0.5692,94.0,0.4355,20.0,,,0.728,83.0,0.6036,96.0,0.4364,83.0,0.5534,77.0,,,0.6569,92.0
2017-05-10,0.2935,52.0,0.5425,92.0,0.4392,20.0,,,0.8894,93.0,0.5991,95.0,0.4346,82.0,0.5923,85.0,,,0.6314,90.0
2017-05-09,0.2401,33.0,0.5405,92.0,0.6559,71.0,,,0.6635,75.0,0.6368,99.0,0.4464,86.0,0.5395,73.0,,,0.6574,92.0
2017-05-08,0.2302,31.0,0.2766,36.0,0.8831,92.0,,,1.0478,97.0,0.637,99.0,0.4338,82.0,0.5968,86.0,,,0.6022,87.0
2017-05-05,0.2343,32.0,0.2745,34.0,0.7609,84.0,,,0.7246,82.0,0.639,99.0,0.4338,82.0,0.5896,85.0,,,0.4275,27.0
2017-05-04,0.2686,44.0,0.275,35.0,0.5259,42.0,,,0.7134,81.0,0.6396,99.0,0.4346,82.0,0.5486,75.0,,,0.5588,79.0
2017-05-03,0.2584,40.0,0.2708,33.0,0.6951,78.0,,,0.6115,68.0,0.6472,99.0,0.4394,84.0,0.6139,88.0,,,0.6208,89.0
2017-05-02,0.1622,11.0,0.237,16.0,0.6159,63.0,,,0.6709,76.0,0.6462,99.0,0.4386,83.0,0.5621,79.0,,,0.5691,81.0
2017-05-01,0.1605,10.0,0.2237,11.0,0.5832,57.0,,,0.6744,77.0,0.6467,99.0,0.4386,83.0,0.5983,86.0,,,0.6644,93.0
2017-04-28,0.1623,11.0,0.2194,10.0,0.5755,55.0,,,0.6088,67.0,0.6469,99.0,0.4387,83.0,0.6471,92.0,,,0.6582,92.0
2017-04-27,0.1579,9.0,0.2345,16.0,0.603,61.0,,,0.4732,33.0,0.648,100.0,0.4407,84.0,0.6715,94.0,,,0.6543,92.0
2017-04-26,0.2193,27.0,0.249,22.0,0.5639,52.0,,,0.6886,78.0,0.6482,100.0,0.4407,84.0,0.5329,71.0,,,0.5805,84.0
2017-04-25,0.1861,16.0,0.2392,18.0,0.6522,71.0,,,0.6107,67.0,0.6477,100.0,0.4409,84.0,0.6576,93.0,,,0.6489,91.0
2017-04-24,0.18,15.0,0.2289,13.0,0.6239,65.0,,,0.6782,77.0,0.6476,99.0,0.4406,84.0,0.5885,84.0,,,0.6608,93.0
2017-04-21,0.172,12.0,0.2331,15.0,0.669,74.0,,,0.6917,79.0,0.6474,99.0,0.4405,84.0,0.4241,25.0,,,0.6351,90.0
2017-04-20,0.1731,13.0,0.2367,16.0,0.7272,81.0,,,0.4655,31.0,0.6473,99.0,0.4403,84.0,0.4469,31.0,,,0.6268,90.0
2017-04-19,0.1673,11.0,0.2374,17.0,1.1147,97.0,,,0.7142,81.0,0.6472,99.0,0.441,85.0,0.4901,50.0,,,0.5897,85.0
2017-04-18,0.1683,12.0,0.2512,23.0,0.7298,81.0,,,0.7556,86.0,0.6479,100.0,0.4407,84.0,0.6218,89.0,,,0.6122,88.0
2017-04-17,0.1042,2.0,0.2833,39.0,0.6886,77.0,,,0.4985,42.0,0.6473,99.0,0.4402,84.0,0.4148,22.0,,,0.6147,88.0
2017-04-13,0.1332,5.0,0.295,44.0,0.6923,77.0,,,0.6936,79.0,0.6473,99.0,0.4407,84.0,0.5926,85.0,,,0.6201,89.0
2017-04-12,0.1343,6.0,0.2921,43.0,0.6744,75.0,,,0.7356,84.0,0.6477,100.0,0.441,85.0,0.415,22.0,,,0.621,89.0
2017-04-11,0.2182,27.0,0.2999,47.0,0.8587,91.0,,,0.7253,83.0,0.6476,99.0,0.4409,84.0,0.4354,28.0,,,0.6237,89.0
2017-04-10,0.2366,32.0,0.3151,53.0,0.7697,85.0,,,0.7236,82.0,0.6497,100.0,0.4423,85.0,0.4578,35.0,,,0.6123,88.0
2017-04-07,0.2374,32.0,0.2944,44.0,0.6939,77.0,,,0.7591,86.0,0.6506,100.0,0.4427,85.0,0.4234,24.0,,,0.5576,78.0
2017-04-06,0.208,23.0,0.2738,34.0,0.631,67.0,,,0.7692,87.0,0.6503,100.0,0.4417,85.0,0.5991,86.0,,,0.6912,95.0
2017-04-05,0.2553,38.0,0.3138,53.0,0.671,74.0,,,0.7818,88.0,0.6508,100.0,0.4415,85.0,0.6733,95.0,,,0.7026,95.0
2017-04-04,0.3316,62.0,0.3543,65.0,0.7796,86.0,,,0.7918,89.0,0.6529,100.0,0.4426,85.0,0.6581,93.0,,,0.7019,95.0
2017-04-03,0.3308,61.0,0.3618,67.0,0.89,92.0,,,0.7557,86.0,0.6531,100.0,0.4424,85.0,0.7086,96.0,,,0.6713,94.0
2017-03-31,0.2679,44.0,0.3753,70.0,0.622,64.0,,,0.8346,91.0,0.6528,100.0,0.4418,85.0,0.5927,85.0,,,0.6728,94.0
2017-03-30,0.2074,23.0,0.3738,69.0,0.7048,79.0,,,0.6885,78.0,0.6533,100.0,0.4422,85.0,0.5765,82.0,,,0.6616,93.0
2017-03-29,0.4564,80.0,0.4219,78.0,0.7189,80.0,,,0.7753,88.0,0.6533,100.0,0.4424,85.0,0.6717,94.0,,,0.6722,94.0
2017-03-28,0.4974,83.0,0.448,82.0,0.6702,74.0,,,0.8219,91.0,0.6553,100.0,0.4438,86.0,0.578,82.0,,,0.6514,92.0
2017-03-27,0.5044,84.0,0.4446,82.0,0.6854,76.0,,,0.8983,94.0,0.6545,100.0,0.4418,85.0,0.5824,83.0,,,0.7266,97.0
2017-03-24,0.4726,81.0,0.4217,78.0,0.6631,72.0,,,0.8041,90.0,0.6527,100.0,0.4405,84.0,0.6761,95.0,,,0.7133,96.0
2017-03-23,0.7295,94.0,0.5678,94.0,0.7924,86.0,,,0.7781,88.0,0.6533,100.0,0.4414,85.0,0.7267,97.0,,,0.6622,93.0
2017-03-22,1.4403,100.0,0.7617,99.0,0.7712,85.0,,,0.8228,91.0,0.6537,100.0,0.4431,85.0,0.7053,96.0,,,0.7271,97.0
2017-03-21,1.4412,100.0,0.7623,99.0,0.9272,94.0,,,0.7101,81.0,0.658,100.0,0.4464,86.0,0.7358,97.0,,,0.6287,90.0
2017-03-20,1.4088,100.0,0.7434,98.0,0.6245,65.0,,,0.8708,93.0,0.6542,100.0,0.447,86.0,0.639,91.0,,,0.7411,97.0
2017-03-17,1.3797,99.0,0.7316,98.0,0.7073,79.0,,,0.838,92.0,0.6722,100.0,0.4491,87.0,0.6489,92.0,,,0.7272,97.0
2017-03-16,1.3514,99.0,0.7168,98.0,0.783,86.0,,,0.5816,62.0,0.6707,100.0,0.4483,87.0,0.7224,97.0,,,0.6431,91.0
2017-03-15,1.3578,99.0,0.7122,98.0,0.6173,64.0,,,1.5758,100.0,0.672,100.0,0.4477,87.0,0.628,89.0,,,0.8023,99.0
2017-03-14,1.1234,99.0,0.5958,95.0,1.1303,98.0,,,0.5784,61.0,0.6579,100.0,0.4381,83.0,0.8527,100.0,,,0.6169,88.0
2017-03-13,0.1368,6.0,0.3013,47.0,1.2269,99.0,,,1.1431,99.0,0.6019,95.0,0.4215,78.0,0.5236,67.0,,,0.707,96.0
2017-03-10,0.1597,10.0,0.3175,54.0,1.0469,96.0,,,0.74,84.0,0.6028,96.0,0.4242,79.0,0.6862,95.0,,,0.6798,95.0
2017-03-09,0.1723,13.0,0.2977,45.0,0.9122,93.0,,,0.7346,84.0,0.6032,96.0,0.424,79.0,0.7078,96.0,,,0.6929,95.0
2017-03-08,0.1771,14.0,0.2994,46.0,0.7637,84.0,,,0.7123,81.0,0.6053,96.0,0.4244,80.0,0.6876,95.0,,,0.6796,94.0
2017-03-07,0.3101,56.0,0.3175,54.0,0.8762,92.0,,,0.6727,76.0,0.6053,96.0,0.4244,80.0,0.6677,94.0,,,0.7039,96.0
2017-03-06,0.3496,66.0,0.333,59.0,0.9945,95.0,,,0.7101,81.0,0.6052,96.0,0.424,79.0,0.6899,96.0,,,0.6787,94.0
2017-03-03,0.4352,78.0,0.3807,71.0,0.6473,70.0,,,0.7527,86.0,0.6058,96.0,0.4241,79.0,0.7105,96.0,,,0.4646,45.0
2017-03-02,0.4327,78.0,0.372,69.0,0.7376,82.0,,,0.6456,73.0,0.6065,96.0,0.425,80.0,0.7259,97.0,,,0.6336,90.0
2017-03-01,1.6828,100.0,0.7001,98.0,0.635,68.0,,,0.8575,93.0,0.6056,96.0,0.4242,79.0,0.6905,96.0,,,0.6885,95.0
2017-02-28,1.699,100.0,0.7084,98.0,0.6927,77.0,,,0.8118,90.0,0.6063,96.0,0.427,80.0,0.6916,96.0,,,0.6863,95.0
2017-02-27,1.7039,100.0,0.7182,98.0,0.6229,65.0,,,0.7919,89.0,0.606,96.0,0.4264,80.0,0.6638,93.0,,,0.7175,96.0
2017-02-24,1.6955,100.0,0.7134,98.0,0.568,53.0,,,0.8175,90.0,0.6038,96.0,0.4255,80.0,0.6527,92.0,,,0.7059,96.0
2017-02-23,1.6876,100.0,0.7032,98.0,0.8613,91.0,,,0.729,83.0,0.6029,96.0,0.4249,80.0,0.6421,91.0,,,0.7311,97.0
2017-02-22,1.658,100.0,0.6828,98.0,0.7181,80.0,,,0.6052,66.0,0.5986,94.0,0.4237,79.0,0.7061,96.0,,,0.6365,90.0
2017-02-21,1.6633,100.0,0.6787,98.0,0.8972,93.0,,,0.6034,66.0,0.6034,96.0,0.4309,81.0,0.8346,100.0,,,0.5202,67.0
2017-02-17,0.1949,19.0,0.2993,46.0,0.6987,78.0,,,0.6844,78.0,0.479,72.0,0.4066,72.0,0.5681,80.0,,,0.5771,83.0
2017-02-16,0.2893,50.0,0.3635,68.0,0.5917,57.0,,,0.7635,87.0,0.4796,72.0,0.4084,73.0,0.5327,71.0,,,0.5911,86.0
2017-02-15,0.3278,60.0,0.3374,61.0,0.5576,50.0,,,0.7606,86.0,0.4796,72.0,0.4068,72.0,0.5381,72.0,,,0.6029,87.0
2017-02-14,0.3464,65.0,0.4648,85.0,0.7334,82.0,,,0.8338,91.0,0.4795,72.0,0.4074,72.0,0.5394,73.0,,,0.5815,84.0
2017-02-13,0.3461,65.0,0.4644,85.0,0.6408,69.0,,,0.7803,88.0,0.4815,73.0,0.4088,73.0,0.5398,73.0,,,0.5846,84.0
2017-02-10,0.3482,66.0,0.461,84.0,0.6778,75.0,,,0.7707,88.0,0.4797,72.0,0.4086,73.0,0.581,83.0,,,0.6066,87.0
2017-02-09,0.3534,67.0,0.4648,85.0,0.838,90.0,,,0.7491,85.0,0.4802,72.0,0.4093,73.0,0.5908,85.0,,,0.5902,85.0
2017-02-08,0.3841,72.0,0.4917,88.0,0.5787,55.0,,,0.9029,94.0,0.4821,73.0,0.4095,73.0,0.5096,60.0,,,0.644,91.0
2017-02-07,0.3359,63.0,0.4598,84.0,0.8172,88.0,,,0.7125,81.0,0.4781,71.0,0.407,72.0,0.6247,89.0,,,0.6056,87.0
2017-02-06,0.3213,59.0,0.459,84.0,0.8755,92.0,,,0.749,85.0,0.4783,71.0,0.4082,72.0,0.6189,89.0,,,0.6511,92.0
2017-02-03,0.3621,68.0,0.3227,56.0,0.7704,85.0,,,0.7472,85.0,0.5053,86.0,0.4218,78.0,0.5897,85.0,,,0.6216,89.0
2017-02-02,0.3613,68.0,0.3206,55.0,0.7561,84.0,,,0.6742,77.0,0.5047,86.0,0.4223,78.0,0.6096,88.0,,,0.605,87.0
2017-02-01,0.3564,67.0,0.3204,55.0,0.6017,60.0,,,0.7642,87.0,0.5049,86.0,0.4228,79.0,0.6082,87.0,,,0.6369,90.0
2017-01-31,0.3421,64.0,0.3238,56.0,0.5442,47.0,,,0.7791,88.0,0.5044,86.0,0.423,79.0,0.5546,77.0,,,0.6669,93.0
2017-01-30,0.2348,32.0,0.3034,48.0,0.6377,68.0,,,0.6106,67.0,0.502,85.0,0.4215,78.0,0.6397,91.0,,,0.4265,27.0
2017-01-27,0.2687,44.0,0.276,35.0,0.5912,57.0,,,0.695,79.0,0.5009,85.0,0.4202,77.0,0.6149,88.0,,,0.6352,90.0
2017-01-26,0.2684,44.0,0.2846,40.0,0.6782,75.0,,,0.6033,66.0,0.501,85.0,0.4211,78.0,0.6597,93.0,,,0.5681,81.0
2017-01-25,0.3101,56.0,0.3241,56.0,0.6132,63.0,,,0.6578,75.0,0.4998,84.0,0.4219,78.0,0.6347,90.0,,,0.6352,90.0
2017-01-24,0.2435,34.0,0.3219,56.0,0.5808,56.0,,,0.6915,79.0,0.4999,84.0,0.4217,78.0,0.6349,90.0,,,0.4868,54.0
2017-01-23,0.2681,44.0,0.3228,56.0,0.605,61.0,,,0.6682,76.0,0.4998,84.0,0.4213,78.0,0.5989,86.0,,,0.6229,89.0
2017-01-20,0.3438,65.0,0.3844,72.0,0.6726,74.0,,,0.5934,64.0,0.4997,84.0,0.4213,78.0,0.6349,90.0,,,0.6052,87.0
2017-01-19,0.3388,64.0,0.4056,75.0,0.7471,83.0,,,0.5682,59.0,0.5027,85.0,0.423,79.0,0.6571,93.0,,,0.5843,84.0
2017-01-18,0.3934,74.0,0.4086,76.0,0.6268,65.0,,,0.5359,51.0,0.5008,84.0,0.4227,79.0,0.6082,87.0,,,0.6975,95.0
2017-01-17,0.3752,71.0,0.4086,76.0,0.7422,83.0,,,0.5662,59.0,0.5008,84.0,0.4224,78.0,0.6316,90.0,,,0.6275,90.0
2017-01-13,0.3713,70.0,0.4108,76.0,0.6519,71.0,,,0.5479,54.0,0.4991,84.0,0.4206,77.0,0.601,86.0,,,0.44,33.0
2017-01-12,0.5393,86.0,0.4599,84.0,0.5662,52.0,,,0.6022,66.0,0.4999,84.0,0.421,77.0,0.5575,78.0,,,0.6169,88.0
2017-01-11,0.539,86.0,0.4621,84.0,0.5799,56.0,,,0.5312,49.0,0.4998,84.0,0.421,77.0,0.6611,93.0,,,0.6455,91.0
2017-01-10,0.4524,79.0,0.4012,75.0,0.6497,71.0,,,0.5248,48.0,0.4944,82.0,0.4176,76.0,0.6145,88.0,,,0.5684,81.0
2017-01-09,0.4278,77.0,0.3692,68.0,0.5857,57.0,,,0.6888,78.0,0.4932,81.0,0.4157,75.0,0.5702,81.0,,,0.6008,86.0
2017-01-06,0.4125,76.0,0.3779,70.0,0.7062,79.0,,,0.5386,51.0,0.4926,81.0,0.4156,75.0,0.6188,89.0,,,0.5545,77.0
2017-01-05,0.6983,93.0,0.4666,85.0,0.5803,56.0,,,0.5355,51.0,0.4927,81.0,0.4158,75.0,0.6382,91.0,,,0.5557,78.0
2017-01-04,0.6975,93.0,0.4406,81.0,0.5165,39.0,,,0.6881,78.0,0.4899,79.0,0.4136,75.0,0.535,71.0,,,0.6497,91.0
2017-01-03,0.5972,89.0,0.3924,73.0,0.5075,37.0,,,0.5808,62.0,0.4856,75.0,0.4108,74.0,0.5826,83.0,,,0.5139,65.0
2016-12-30,0.588,89.0,0.425,78.0,0.5498,48.0,,,0.5648,57.0,0.4856,75.0,0.4108,74.0,0.5852,84.0,,,0.5927,86.0
2016-12-29,0.6185,90.0,0.4464,82.0,0.6367,68.0,,,0.4095,16.0,0.4865,76.0,0.4115,74.0,0.6593,93.0,,,0.605,87.0
2016-12-28,0.6272,91.0,0.4881,87.0,0.5905,57.0,,,0.4231,20.0,0.4864,76.0,0.4109,74.0,0.5777,82.0,,,0.6334,90.0
2016-12-27,0.6598,92.0,0.4917,88.0,0.6309,67.0,,,0.426,21.0,0.4865,76.0,0.41,73.0,0.6053,87.0,,,0.5944,86.0
2016-12-23,0.4124,76.0,0.4265,79.0,0.4687,26.0,,,0.5282,48.0,0.4663,69.0,0.4044,71.0,0.5483,75.0,,,0.5673,81.0
2016-12-22,0.4001,74.0,0.4246,78.0,0.5553,49.0,,,0.5064,44.0,0.4684,70.0,0.4053,71.0,0.5983,86.0,,,0.5542,77.0
2016-12-21,0.4002,74.0,0.4303,80.0,0.5925,57.0,,,0.472,33.0,0.4782,71.0,0.4087,73.0,0.5491,75.0,,,0.5326,71.0
2016-12-20,0.3553,67.0,0.3948,74.0,0.4856,30.0,,,0.5884,64.0,0.4769,71.0,0.4073,72.0,0.5122,61.0,,,0.5766,83.0
2016-12-19,0.3585,68.0,0.3888,73.0,0.565,52.0,,,0.4825,36.0,0.479,72.0,0.4094,73.0,0.6085,87.0,,,0.5278,70.0
2016-12-16,0.2565,39.0,0.3392,61.0,0.5351,44.0,,,0.4874,38.0,0.4786,72.0,0.4068,72.0,0.5679,80.0,,,0.5594,79.0
2016-12-15,0.4818,82.0,0.385,72.0,0.4614,25.0,,,0.5891,64.0,0.4795,72.0,0.4073,72.0,0.5295,69.0,,,0.5863,85.0
2016-12-14,0.4082,76.0,0.3678,68.0,0.7,78.0,,,0.5143,46.0,0.4779,71.0,0.4066,72.0,0.5747,82.0,,,0.565,81.0
2016-12-13,0.4588,80.0,0.3731,69.0,0.5732,54.0,,,0.5187,47.0,0.4784,71.0,0.4067,72.0,0.516,63.0,,,0.5585,79.0
2016-12-12,0.4845,82.0,0.3864,72.0,0.6288,66.0,,,0.5588,57.0,0.4802,72.0,0.4075,72.0,0.5357,72.0,,,0.5398,74.0
2016-12-09,0.5175,85.0,0.4038,75.0,0.5839,57.0,,,0.4966,41.0,0.4812,73.0,0.4075,72.0,0.5763,82.0,,,0.5533,77.0
2016-12-08,0.5146,85.0,0.4009,75.0,0.4746,28.0,,,0.5766,61.0,0.4809,73.0,0.4071,72.0,0.517,64.0,,,0.5364,73.0
2016-12-07,0.4993,83.0,0.3909,73.0,0.5737,54.0,,,0.5073,44.0,0.4809,73.0,0.4069,72.0,0.582,83.0,,,0.5492,76.0
2016-12-06,0.3307,61.0,0.3298,57.0,0.4819,28.0,,,0.7224,82.0,0.4729,71.0,0.4038,71.0,0.5179,64.0,,,0.5136,65.0
2016-12-05,0.3299,61.0,0.3182,54.0,0.4876,31.0,,,0.7249,83.0,0.4738,71.0,0.4036,71.0,0.5257,68.0,,,0.547,76.0
2016-12-02,0.371,70.0,0.3998,75.0,0.4562,24.0,,,0.5936,65.0,0.4726,70.0,0.4029,71.0,0.5346,71.0,,,0.5627,80.0
2016-12-01,0.3381,63.0,0.3817,71.0,0.5629,51.0,,,0.5229,47.0,0.4713,70.0,0.4017,70.0,0.5524,76.0,,,0.4606,43.0
2016-11-30,0.4314,78.0,0.4322,80.0,0.5179,40.0,,,0.5796,62.0,0.4692,70.0,0.4023,71.0,0.5606,79.0,,,0.5639,80.0
2016-11-29,0.4339,78.0,0.4292,80.0,0.5039,36.0,,,0.5445,53.0,0.4697,70.0,0.4028,71.0,0.5321,71.0,,,0.5485,76.0
2016-11-28,0.4347,78.0,0.4214,78.0,0.4948,33.0,,,0.4971,41.0,0.4697,70.0,0.4024,71.0,0.5744,81.0,,,0.5253,69.0
2016-11-25,0.4608,80.0,0.4332,80.0,0.431,18.0,,,0.5623,57.0,0.4698,70.0,0.4027,71.0,0.4978,54.0,,,0.5244,69.0
2016-11-23,0.4872,82.0,0.4628,84.0,0.4399,21.0,,,0.6936,79.0,0.4698,70.0,0.4038,71.0,0.4714,41.0,,,0.5561,78.0
2016-11-22,0.4166,76.0,0.39,73.0,0.5374,45.0,,,0.5108,45.0,0.4669,69.0,0.3987,69.0,0.5571,78.0,,,0.5407,74.0
2016-11-21,0.4569,80.0,0.4223,78.0,0.5477,48.0,,,0.4793,35.0,0.4671,69.0,0.3989,69.0,0.5796,83.0,,,0.5369,73.0
2016-11-18,0.292,51.0,0.362,67.0,0.5453,47.0,,,0.5419,52.0,0.4604,67.0,0.3947,66.0,0.5488,75.0,,,0.5424,75.0
2016-11-17,0.895,97.0,0.5608,94.0,0.4795,28.0,,,0.6039,66.0,0.4596,67.0,0.395,67.0,0.5348,71.0,,,0.5212,68.0
2016-11-16,0.9371,97.0,0.5736,94.0,0.5654,52.0,,,0.5649,57.0,0.4606,67.0,0.395,67.0,0.5057,57.0,,,0.578,83.0
2016-11-15,0.9336,97.0,0.5689,94.0,0.5637,52.0,,,0.7214,82.0,0.4621,67.0,0.3952,67.0,0.4896,50.0,,,0.5759,82.0
2016-11-14,0.9344,97.0,0.5595,93.0,0.5605,51.0,,,0.5328,50.0,0.4734,71.0,0.3991,69.0,0.5617,79.0,,,0.5462,76.0
2016-11-11,1.0849,99.0,0.6174,96.0,0.4213,16.0,,,0.7306,83.0,0.4726,70.0,0.3994,70.0,0.4562,34.0,,,0.5889,85.0
2016-11-10,1.099,99.0,0.5975,95.0,0.5793,56.0,,,0.6004,65.0,0.473,71.0,0.3993,70.0,0.5382,72.0,,,0.5082,63.0
2016-11-09,1.0908,99.0,0.5959,95.0,0.4868,31.0,,,0.6281,70.0,0.4731,71.0,0.3991,69.0,0.4946,52.0,,,0.6061,87.0
2016-11-08,0.5705,88.0,0.4138,76.0,0.6466,70.0,,,0.7193,82.0,0.4255,60.0,0.3866,64.0,0.5775,82.0,,,0.5426,75.0
2016-11-07,0.5854,89.0,0.4292,80.0,0.675,75.0,,,0.9516,95.0,0.4267,61.0,0.3882,64.0,0.5335,71.0,,,0.6064,87.0
2016-11-04,0.5374,86.0,0.4273,79.0,0.587,57.0,,,0.6467,73.0,0.4257,60.0,0.389,64.0,0.5125,61.0,,,0.588,85.0
2016-11-03,0.5036,84.0,0.4158,77.0,0.9008,93.0,,,0.5795,61.0,0.4255,60.0,0.3894,65.0,0.6612,93.0,,,0.486,54.0
2016-11-02,0.2774,47.0,0.3116,51.0,0.7446,83.0,,,0.7251,83.0,0.431,62.0,0.3932,66.0,0.5315,70.0,,,0.5572,78.0
2016-11-01,0.2713,45.0,0.3014,47.0,0.6705,74.0,,,0.8044,90.0,0.4306,62.0,0.3933,66.0,0.5282,69.0,,,0.5772,83.0
2016-10-31,0.2468,35.0,0.3065,49.0,0.6499,71.0,,,0.7258,83.0,0.4304,62.0,0.3951,67.0,0.5183,64.0,,,0.6072,87.0
2016-10-28,0.2629,42.0,0.3017,47.0,0.6228,65.0,,,0.7318,83.0,0.4306,62.0,0.395,67.0,0.5549,77.0,,,0.5867,85.0
2016-10-27,0.1896,17.0,0.2446,20.0,0.6711,74.0,,,0.7551,86.0,0.4303,62.0,0.3933,66.0,0.5434,74.0,,,0.5478,76.0
2016-10-26,0.1794,14.0,0.233,15.0,0.7101,79.0,,,0.6755,77.0,0.4302,62.0,0.3945,66.0,0.5726,81.0,,,0.5407,74.0
2016-10-25,0.1317,5.0,0.2323,14.0,0.6798,75.0,,,0.7048,80.0,0.4294,62.0,0.3946,66.0,0.5512,76.0,,,0.534,72.0
2016-10-24,0.1894,17.0,0.2499,22.0,0.7646,84.0,,,0.7421,85.0,0.4307,62.0,0.395,67.0,0.5624,79.0,,,0.543,75.0
2016-10-21,0.1871,16.0,0.2549,25.0,0.5856,57.0,,,0.6435,72.0,0.4305,62.0,0.3961,67.0,0.5225,66.0,,,0.5786,83.0
2016-10-20,0.3005,54.0,0.2757,35.0,0.5837,57.0,,,0.645,73.0,0.4319,63.0,0.3956,67.0,0.5221,66.0,,,0.562,80.0
2016-10-19,0.2669,44.0,0.3057,49.0,0.6965,78.0,,,1.0092,97.0,0.4313,62.0,0.3962,67.0,0.5627,79.0,,,0.5658,81.0
2016-10-18,0.2956,52.0,0.3027,48.0,0.631,67.0,,,0.9115,94.0,0.4333,63.0,0.3972,68.0,0.5069,59.0,,,0.584,84.0
2016-10-17,0.3374,63.0,0.3161,53.0,0.6069,62.0,,,0.9168,94.0,0.4333,63.0,0.4015,70.0,0.5167,63.0,,,0.567,81.0
2016-10-14,0.3744,71.0,0.3426,62.0,0.8772,92.0,,,0.5734,60.0,0.4334,63.0,0.401,70.0,0.6103,88.0,,,0.5621,80.0
2016-10-13,0.4056,75.0,0.3267,57.0,0.7716,85.0,,,0.8723,93.0,0.4323,63.0,0.4004,70.0,0.5497,76.0,,,0.583,84.0
2016-10-12,0.4295,78.0,0.3218,55.0,1.0403,96.0,,,0.5647,57.0,0.4323,63.0,0.4004,70.0,0.6025,87.0,,,0.5609,80.0
2016-10-11,0.3842,72.0,0.3128,52.0,0.7175,80.0,,,0.7787,88.0,0.4285,61.0,0.3991,69.0,0.5746,82.0,,,0.5623,80.0
2016-10-10,0.3294,61.0,0.2867,41.0,0.6628,72.0,,,0.7357,84.0,0.4263,60.0,0.3979,69.0,0.5701,81.0,,,0.5717,82.0
2016-10-07,0.42,77.0,0.3273,57.0,0.5651,52.0,,,0.7731,88.0,0.4265,61.0,0.3979,69.0,0.5406,73.0,,,0.5899,85.0
2016-10-06,0.4018,75.0,0.3207,55.0,0.8902,92.0,,,0.6257,69.0,0.4261,60.0,0.3978,69.0,0.5958,86.0,,,0.5397,73.0
2016-10-05,0.3415,64.0,0.3024,48.0,0.6939,77.0,,,0.7086,81.0,0.4217,57.0,0.3965,68.0,0.6049,87.0,,,0.5299,70.0
2016-10-04,0.3648,69.0,0.3396,61.0,0.742,82.0,,,0.7654,87.0,0.4235,59.0,0.3976,68.0,0.5424,74.0,,,0.5969,86.0
2016-10-03,0.3693,70.0,0.4028,75.0,0.6996,78.0,,,0.7815,88.0,0.4239,60.0,0.398,69.0,0.5739,81.0,,,0.5912,86.0
2016-09-30,0.449,79.0,0.4549,84.0,0.711,79.0,,,0.7012,80.0,0.4236,59.0,0.3976,68.0,0.5819,83.0,,,0.5457,75.0
2016-09-29,0.4249,77.0,0.5008,89.0,0.742,82.0,,,0.5591,57.0,0.4268,61.0,0.399,69.0,0.6033,87.0,,,0.5377,73.0
2016-09-28,0.856,96.0,0.5348,92.0,0.6136,63.0,,,0.6621,75.0,0.4252,60.0,0.3987,69.0,0.6088,87.0,,,0.5549,78.0
2016-09-27,0.8483,96.0,0.5485,93.0,0.5956,59.0,,,0.6876,78.0,0.4245,60.0,0.3994,70.0,0.5759,82.0,,,0.576,83.0
2016-09-26,0.8554,96.0,0.541,92.0,0.6291,66.0,,,0.6573,75.0,0.4308,62.0,0.4024,71.0,0.555,77.0,,,0.5549,78.0
2016-09-23,0.8293,96.0,0.521,90.0,0.526,42.0,,,0.5831,63.0,0.4288,61.0,0.4021,71.0,0.5272,68.0,,,0.5233,68.0
2016-09-22,0.8296,96.0,0.4988,89.0,0.5746,55.0,,,0.4422,25.0,0.4305,62.0,0.3999,70.0,0.563,79.0,,,0.5406,74.0
2016-09-21,0.7377,94.0,0.4887,88.0,0.5362,45.0,,,0.5834,63.0,0.427,61.0,0.4005,70.0,0.5166,63.0,,,0.5402,74.0
2016-09-20,0.698,93.0,0.4446,82.0,0.5414,46.0,,,0.5085,44.0,0.4287,61.0,0.3996,70.0,0.5429,74.0,,,0.5615,80.0
2016-09-19,0.4102,76.0,0.3894,73.0,0.6946,77.0,,,0.5434,53.0,0.3998,48.0,0.3971,68.0,0.5723,81.0,,,0.554,77.0
2016-09-16,0.4107,76.0,0.3786,71.0,0.5685,53.0,,,0.5985,65.0,0.4024,49.0,0.3975,68.0,0.5398,73.0,,,0.5759,82.0
2016-09-15,0.3753,71.0,0.3742,69.0,0.5779,55.0,,,0.5973,65.0,0.4028,49.0,0.3981,69.0,0.5651,80.0,,,0.5741,82.0
2016-09-14,0.3623,69.0,0.3764,70.0,0.5534,49.0,,,0.5635,57.0,0.403,50.0,0.4001,70.0,0.5624,79.0,,,0.5748,82.0
2016-09-13,0.3485,66.0,0.3787,71.0,0.5823,56.0,,,0.5838,63.0,0.4038,50.0,0.4018,70.0,0.5125,61.0,,,0.5674,81.0
2016-09-12,0.3245,59.0,0.3161,53.0,0.6697,74.0,,,0.7125,81.0,0.4147,55.0,0.4145,75.0,0.5379,72.0,,,0.5684,81.0
2016-09-09,0.3129,57.0,0.3656,68.0,0.6359,68.0,,,0.4857,37.0,0.4205,57.0,0.4159,76.0,0.5899,85.0,,,0.5329,72.0
2016-09-08,0.2489,36.0,0.3469,63.0,0.6591,72.0,,,0.5019,42.0,0.4315,62.0,0.4195,76.0,0.5652,80.0,,,0.5421,74.0
2016-09-07,0.2464,35.0,0.3438,62.0,0.4638,25.0,,,0.6296,70.0,0.4326,63.0,0.4202,77.0,0.5201,65.0,,,0.5721,82.0
2016-09-06,0.2561,39.0,0.3542,65.0,0.6567,71.0,,,0.5317,49.0,0.4333,63.0,0.4203,77.0,0.5516,76.0,,,0.5573,78.0
2016-09-02,0.2099,24.0,0.3716,69.0,0.7366,82.0,,,0.3417,5.0,0.4332,63.0,0.4209,77.0,0.5416,73.0,,,0.5154,66.0
2016-09-01,0.3624,69.0,0.4776,86.0,0.5343,44.0,,,0.5968,65.0,0.4315,62.0,0.42,77.0,0.4888,49.0,,,0.5569,78.0
2016-08-31,0.4036,75.0,0.4811,87.0,0.5011,35.0,,,0.6398,72.0,0.4357,63.0,0.4207,77.0,0.5668,80.0,,,0.5289,70.0
2016-08-30,0.4329,78.0,0.4765,86.0,0.6513,71.0,,,0.613,68.0,0.4352,63.0,0.42,77.0,0.5679,80.0,,,0.5579,78.0
2016-08-29,0.4313,78.0,0.4767,86.0,0.6254,65.0,,,0.6055,67.0,0.4354,63.0,0.421,77.0,0.6207,89.0,,,0.5394,73.0
2016-08-26,0.4603,80.0,0.492,88.0,0.5845,57.0,,,0.5448,53.0,0.4375,64.0,0.4212,78.0,0.5653,80.0,,,0.5454,75.0
2016-08-25,0.4989,83.0,0.5054,89.0,0.5947,59.0,,,0.6068,67.0,0.4378,64.0,0.4231,79.0,0.5311,70.0,,,0.5468,76.0
2016-08-24,0.4972,83.0,0.4938,88.0,0.6888,77.0,,,0.5236,48.0,0.4452,65.0,0.4256,80.0,0.6148,88.0,,,0.5284,70.0
2016-08-23,0.2314,31.0,0.3719,69.0,0.6635,73.0,,,0.5596,57.0,0.4461,65.0,0.4206,77.0,0.579,83.0,,,0.6052,87.0
2016-08-22,0.3652,69.0,0.3632,67.0,0.539,45.0,,,0.5532,56.0,0.4456,65.0,0.4202,77.0,0.539,73.0,,,0.5532,77.0
2016-08-19,0.3638,69.0,0.3339,59.0,0.4582,24.0,,,0.58,62.0,0.4446,65.0,0.4178,76.0,0.5422,74.0,,,0.5366,73.0
2016-08-18,0.3541,67.0,0.3661,68.0,0.5153,39.0,,,0.4991,42.0,0.4445,65.0,0.4187,76.0,0.5442,74.0,,,0.5283,70.0
2016-08-16,0.717,94.0,0.644,96.0,0.542,46.0,,,0.4676,31.0,0.444,65.0,0.4197,77.0,0.5229,67.0,,,0.4989,60.0
2016-08-15,0.7383,94.0,0.6493,97.0,0.5282,42.0,,,0.5808,62.0,0.4443,65.0,0.4203,77.0,0.5116,61.0,,,0.5333,72.0
2016-08-12,0.7504,95.0,0.6466,97.0,0.5852,57.0,,,0.4735,33.0,0.4462,65.0,0.4218,78.0,0.5852,84.0,,,0.5321,71.0
2016-08-11,0.6855,93.0,0.6467,97.0,0.4733,27.0,,,0.624,69.0,0.4455,65.0,0.4231,79.0,0.4859,48.0,,,0.5532,77.0
2016-08-10,0.7029,94.0,0.6368,96.0,0.5731,54.0,,,0.5648,57.0,0.4445,65.0,0.4226,79.0,0.5424,74.0,,,0.5145,66.0
2016-08-09,0.7047,94.0,0.6326,96.0,0.4998,35.0,,,0.6428,72.0,0.4446,65.0,0.4217,78.0,0.5248,68.0,,,0.53,70.0
2016-08-08,0.133,5.0,0.3258,57.0,0.6044,61.0,,,0.6134,68.0,0.4164,56.0,0.4011,70.0,0.5142,62.0,,,0.5164,66.0
2016-08-05,0.1568,9.0,0.306,49.0,0.6603,72.0,,,0.6105,67.0,0.4165,56.0,0.4021,71.0,0.5287,69.0,,,0.5065,63.0
2016-08-04,0.141,7.0,0.2843,40.0,0.5753,55.0,,,1.421,100.0,0.4157,56.0,0.4029,71.0,0.5101,61.0,,,0.5115,65.0
2016-08-03,0.1417,7.0,0.282,39.0,0.5806,56.0,,,0.5921,64.0,0.4157,56.0,0.4033,71.0,0.5002,55.0,,,0.524,69.0
2016-08-02,0.2468,35.0,0.3386,61.0,0.4895,32.0,,,0.4462,26.0,0.4156,56.0,0.4035,71.0,0.5163,63.0,,,0.5125,65.0
2016-08-01,0.2487,36.0,0.3359,60.0,0.4679,26.0,,,0.485,37.0,0.4185,57.0,0.4062,71.0,0.5006,55.0,,,0.5269,69.0
2016-07-29,0.2357,32.0,0.3164,54.0,0.4605,25.0,,,0.4886,39.0,0.4193,57.0,0.4068,72.0,0.4962,53.0,,,0.5294,70.0
2016-07-28,0.3158,57.0,0.2928,43.0,0.4988,34.0,,,0.4336,22.0,0.4222,57.0,0.4063,71.0,0.5186,64.0,,,0.5034,61.0
2016-07-27,0.3234,59.0,0.307,50.0,0.4779,28.0,,,0.5527,55.0,0.4215,57.0,0.4077,72.0,0.4944,52.0,,,0.5218,68.0
2016-07-26,0.3246,59.0,0.314,53.0,0.457,24.0,,,0.4676,31.0,0.4217,57.0,0.4097,73.0,0.5002,55.0,,,0.5237,68.0
2016-07-25,0.3232,59.0,0.3046,49.0,0.455,24.0,,,0.4605,30.0,0.4218,57.0,0.4104,73.0,0.5275,69.0,,,0.5109,64.0
2016-07-22,0.238,32.0,0.2362,16.0,0.4857,30.0,,,0.4995,42.0,0.4186,57.0,0.4083,73.0,0.564,80.0,,,0.5364,73.0
2016-07-21,0.2167,26.0,0.2488,22.0,0.4735,27.0,,,0.4341,22.0,0.4183,57.0,0.4098,73.0,0.54,73.0,,,0.5585,79.0
2016-07-20,0.254,38.0,0.2623,28.0,0.4414,21.0,,,0.5078,44.0,0.4187,57.0,0.4103,73.0,0.5416,73.0,,,0.5546,77.0
2016-07-19,0.2191,27.0,0.2541,25.0,0.4828,30.0,,,0.4945,40.0,0.4177,56.0,0.4114,74.0,0.5169,64.0,,,0.519,67.0
2016-07-18,0.1342,6.0,0.247,21.0,0.4825,30.0,,,0.497,41.0,0.4174,56.0,0.413,75.0,0.4769,44.0,,,0.497,59.0
2016-07-15,0.1417,7.0,0.2518,23.0,0.427,17.0,,,0.5071,44.0,0.4209,57.0,0.419,76.0,0.4964,53.0,,,0.5071,63.0
2016-07-14,0.1587,9.0,0.2666,31.0,0.4126,14.0,,,0.5689,59.0,0.4224,59.0,0.4212,78.0,0.4899,50.0,,,0.5689,81.0
2016-07-13,0.163,11.0,0.2574,26.0,0.5036,36.0,,,0.501,42.0,0.4232,59.0,0.4214,78.0,0.5266,68.0,,,0.501,61.0
2016-07-12,0.1503,8.0,0.2481,22.0,0.4473,22.0,,,0.5215,47.0,0.4238,59.0,0.4232,79.0,0.5015,56.0,,,0.5215,68.0
2016-07-11,0.125,4.0,0.2289,13.0,0.4309,18.0,,,0.4853,37.0,0.4234,59.0,0.4244,80.0,0.4973,53.0,,,0.5232,68.0
2016-07-08,0.2755,46.0,0.2737,34.0,0.8664,91.0,,,0.5302,49.0,0.4236,59.0,0.4256,80.0,0.5013,56.0,,,0.5302,71.0
2016-07-07,0.4971,83.0,0.3501,64.0,0.4286,18.0,,,0.4744,34.0,0.4304,62.0,0.4292,81.0,0.5059,59.0,,,0.5652,81.0
2016-07-06,0.5019,83.0,0.3606,67.0,0.4448,22.0,,,0.4786,35.0,0.4316,63.0,0.4305,81.0,0.508,60.0,,,0.5665,81.0
2016-07-05,0.5532,87.0,0.4105,76.0,0.444,21.0,,,0.4692,32.0,0.4371,64.0,0.4308,81.0,0.5163,63.0,,,0.5705,82.0
2016-07-01,0.5894,89.0,0.4229,78.0,0.4504,23.0,,,0.4513,27.0,0.4371,64.0,0.4314,81.0,0.5241,67.0,,,0.5598,79.0
2016-06-30,0.604,90.0,0.4493,83.0,0.4318,19.0,,,0.4804,36.0,0.4373,64.0,0.4316,81.0,0.4792,45.0,,,0.5319,71.0
2016-06-29,0.6078,90.0,0.4619,84.0,0.4851,30.0,,,0.4248,20.0,0.4408,64.0,0.4323,82.0,0.5614,79.0,,,0.4765,50.0
2016-06-28,0.5528,87.0,0.4466,82.0,0.431,18.0,,,0.486,37.0,0.4382,64.0,0.4311,81.0,0.4894,50.0,,,0.5606,79.0
2016-06-27,0.4456,79.0,0.4103,76.0,0.4321,19.0,,,0.4839,36.0,0.427,61.0,0.4279,81.0,0.5056,57.0,,,0.4784,50.0
2016-06-24,0.464,81.0,0.3983,74.0,0.4526,23.0,,,0.4719,33.0,0.427,61.0,0.4271,80.0,0.4766,44.0,,,0.5013,61.0
2016-06-23,0.404,75.0,0.3441,63.0,0.4291,18.0,,,0.4733,33.0,0.4243,60.0,0.4244,80.0,0.4926,51.0,,,0.5185,67.0
2016-06-22,0.3457,65.0,0.3413,62.0,0.4586,24.0,,,0.4479,26.0,0.4218,57.0,0.4237,79.0,0.4875,49.0,,,0.5163,66.0
2016-06-21,0.2692,44.0,0.3125,52.0,0.4281,18.0,,,0.4856,37.0,0.42,57.0,0.4217,78.0,0.4833,46.0,,,0.5225,68.0
2016-06-20,0.1491,8.0,0.304,48.0,0.4898,32.0,,,0.4364,23.0,0.4188,57.0,0.421,77.0,0.5354,71.0,,,0.5003,60.0
2016-06-17,0.2271,30.0,0.2923,43.0,0.4286,18.0,,,0.3872,11.0,0.4185,57.0,0.4203,77.0,0.5273,69.0,,,0.4953,57.0
2016-06-16,0.1989,20.0,0.258,27.0,0.4512,23.0,,,0.4258,20.0,0.4165,56.0,0.4194,76.0,0.5085,60.0,,,0.5113,64.0
2016-06-15,0.1903,17.0,0.2986,46.0,0.4663,26.0,,,0.4366,23.0,0.4156,56.0,0.4196,76.0,0.5042,57.0,,,0.5041,62.0
2016-06-14,0.2285,30.0,0.3154,53.0,0.447,22.0,,,0.4436,25.0,0.4155,56.0,0.4196,76.0,0.4957,53.0,,,0.5148,66.0
2016-06-13,0.2299,30.0,0.3233,56.0,0.4558,24.0,,,0.4478,26.0,0.4151,55.0,0.4194,76.0,0.5377,72.0,,,0.5189,67.0
2016-06-10,0.2212,28.0,0.3068,49.0,0.4483,22.0,,,0.4541,28.0,0.4153,56.0,0.4192,76.0,0.5028,57.0,,,0.5139,65.0
2016-06-09,0.166,11.0,0.3225,56.0,0.4295,18.0,,,0.4667,31.0,0.4151,55.0,0.4204,77.0,0.4636,38.0,,,0.5333,72.0
2016-06-08,0.1624,11.0,0.3164,54.0,0.4376,20.0,,,0.4652,30.0,0.4148,55.0,0.4223,78.0,0.4868,48.0,,,0.5275,70.0
2016-06-07,0.1837,15.0,0.3249,57.0,0.5235,41.0,,,0.6003,65.0,0.4153,56.0,0.4236,79.0,0.4881,49.0,,,0.5343,72.0
2016-06-06,0.1927,18.0,0.2809,38.0,0.4525,23.0,,,0.4751,34.0,0.4152,55.0,0.4221,78.0,0.4459,31.0,,,0.5445,75.0
2016-06-03,0.1706,12.0,0.2706,33.0,0.4982,34.0,,,0.44,24.0,0.4162,56.0,0.4225,78.0,0.4774,44.0,,,0.5248,69.0
2016-06-02,0.1818,15.0,0.2568,26.0,0.5132,38.0,,,0.4439,25.0,0.4164,56.0,0.4225,78.0,0.5097,60.0,,,0.5216,68.0
2016-06-01,0.2678,44.0,0.2857,40.0,0.4448,22.0,,,0.4263,21.0,0.4166,56.0,0.4246,80.0,0.4745,43.0,,,0.5267,69.0
2016-05-31,0.5191,85.0,0.3834,71.0,0.4186,15.0,,,0.4643,30.0,0.4167,56.0,0.4237,79.0,0.5547,77.0,,,0.5124,65.0
2016-05-27,0.5083,84.0,0.4019,75.0,0.4497,23.0,,,0.4758,34.0,0.4169,56.0,0.4249,80.0,0.4746,43.0,,,0.5276,70.0
2016-05-26,0.5138,85.0,0.429,79.0,0.4544,23.0,,,0.5238,48.0,0.4161,56.0,0.4258,80.0,0.505,57.0,,,0.5109,64.0
2016-05-25,0.4943,83.0,0.439,81.0,0.5045,36.0,,,0.5322,50.0,0.4201,57.0,0.4279,81.0,0.4962,53.0,,,0.5198,67.0
2016-05-24,0.4816,82.0,0.4455,82.0,0.4531,23.0,,,0.5523,55.0,0.4235,59.0,0.4283,81.0,0.4829,46.0,,,0.5333,72.0
2016-05-23,0.4814,82.0,0.4841,87.0,0.4968,34.0,,,0.5108,45.0,0.4216,57.0,0.4284,81.0,0.5304,70.0,,,0.4668,46.0
2016-05-20,0.4714,81.0,0.4874,87.0,0.3294,5.0,,,0.5572,57.0,0.4202,57.0,0.4276,80.0,0.4666,39.0,,,0.5561,78.0
2016-05-19,0.3603,68.0,0.4209,78.0,0.3908,10.0,,,0.5379,51.0,0.4055,51.0,0.423,79.0,0.5038,57.0,,,0.5081,63.0
2016-05-18,0.5936,89.0,0.5429,92.0,0.4388,20.0,,,0.5179,47.0,0.4064,51.0,0.4229,79.0,0.5244,67.0,,,0.5697,82.0
2016-05-17,0.5976,90.0,0.5224,91.0,0.5048,36.0,,,0.6388,71.0,0.4083,52.0,0.4226,79.0,0.5268,68.0,,,0.531,71.0
2016-05-16,0.625,91.0,0.5472,93.0,0.4709,27.0,,,0.685,78.0,0.4096,53.0,0.4235,79.0,0.5135,62.0,,,0.5416,74.0
2016-05-13,0.6304,91.0,0.5367,92.0,0.4385,20.0,,,0.6882,78.0,0.4063,51.0,0.4251,80.0,0.529,69.0,,,0.5849,85.0
2016-05-12,0.6468,91.0,0.5039,89.0,0.5721,54.0,,,0.5955,65.0,0.4417,65.0,0.4398,84.0,0.5844,84.0,,,0.5688,81.0
2016-05-11,0.6265,91.0,0.5085,89.0,0.5318,43.0,,,0.57,59.0,0.442,65.0,0.4395,84.0,0.6041,87.0,,,0.5356,72.0
2016-05-10,0.6149,90.0,0.4961,88.0,0.5571,50.0,,,0.6219,69.0,0.4429,65.0,0.4392,84.0,0.56,78.0,,,0.5625,80.0
2016-05-09,0.1993,20.0,0.3487,64.0,0.6755,75.0,,,0.5693,59.0,0.4233,59.0,0.4326,82.0,0.5833,84.0,,,0.5736,82.0
2016-05-06,0.176,14.0,0.3598,67.0,0.6225,64.0,,,0.5739,60.0,0.4238,59.0,0.4333,82.0,0.5895,84.0,,,0.5744,82.0
2016-05-05,0.1902,17.0,0.3179,54.0,0.6954,78.0,,,0.55,54.0,0.4257,60.0,0.4333,82.0,0.5933,85.0,,,0.568,81.0
2016-05-04,0.2032,22.0,0.3285,57.0,0.6979,78.0,,,0.5488,54.0,0.4271,61.0,0.4337,82.0,0.6007,86.0,,,0.5572,78.0
2016-05-03,0.2053,22.0,0.3392,61.0,0.6666,73.0,,,0.5543,56.0,0.4298,62.0,0.4361,83.0,0.5884,84.0,,,0.5602,79.0
2016-05-02,0.2205,27.0,0.39,73.0,0.5981,60.0,,,0.5905,64.0,0.4302,62.0,0.4356,83.0,0.553,76.0,,,0.5887,85.0
2016-04-29,0.2447,35.0,0.3794,71.0,0.5371,45.0,,,0.5535,56.0,0.4377,64.0,0.4387,83.0,0.5889,84.0,,,0.5608,80.0
2016-04-28,0.2285,30.0,0.3724,69.0,0.6272,66.0,,,0.6031,66.0,0.4368,64.0,0.4389,84.0,0.5834,84.0,,,0.5787,84.0
2016-04-27,0.2206,28.0,0.3541,65.0,0.5073,37.0,,,0.4122,17.0,0.4393,64.0,0.4411,85.0,0.5802,83.0,,,0.5663,81.0
2016-04-26,0.2245,28.0,0.3538,65.0,0.6344,68.0,,,0.6541,74.0,0.4495,66.0,0.4463,86.0,0.5505,76.0,,,0.5792,84.0
2016-04-22,0.1346,6.0,0.3183,54.0,0.4576,24.0,,,0.5362,51.0,0.4491,66.0,0.4477,87.0,0.508,60.0,,,0.57,82.0
2016-04-21,0.1481,7.0,0.2206,10.0,0.6031,61.0,,,0.5088,45.0,0.455,66.0,0.4472,86.0,0.5341,71.0,,,0.5765,83.0
2016-04-20,0.1486,8.0,0.2314,14.0,0.6266,65.0,,,0.4672,31.0,0.4569,66.0,0.4516,88.0,0.5704,81.0,,,0.5703,82.0
2016-04-19,0.2386,33.0,0.2598,27.0,0.6232,65.0,,,0.4775,35.0,0.4581,66.0,0.4554,88.0,0.5754,82.0,,,0.5544,77.0
2016-04-18,0.2513,37.0,0.2657,31.0,0.5899,57.0,,,0.5803,62.0,0.4642,68.0,0.4574,89.0,0.5314,70.0,,,0.5637,80.0
2016-04-15,0.2219,28.0,0.2753,35.0,0.6441,69.0,,,0.5711,60.0,0.465,68.0,0.461,90.0,0.5721,81.0,,,0.5589,79.0
2016-04-14,0.3435,65.0,0.3134,53.0,0.6268,65.0,,,0.5476,54.0,0.4663,69.0,0.462,90.0,0.5747,82.0,,,0.5667,81.0
2016-04-13,0.3893,73.0,0.3433,62.0,0.4898,32.0,,,0.5886,64.0,0.47,70.0,0.4638,90.0,0.5564,78.0,,,0.582,84.0
2016-04-12,0.3904,73.0,0.3537,65.0,0.6115,62.0,,,0.6393,72.0,0.4698,70.0,0.4643,90.0,0.5591,78.0,,,0.5774,83.0
2016-04-11,0.5251,86.0,0.4189,77.0,0.809,87.0,,,0.5521,55.0,0.4731,71.0,0.4658,90.0,0.6063,87.0,,,0.5521,77.0
2016-04-07,0.5091,84.0,0.4349,81.0,0.5901,57.0,,,0.6028,66.0,0.4713,70.0,0.4663,91.0,0.5828,83.0,,,0.5515,77.0
2016-04-06,0.555,87.0,0.4991,89.0,0.4661,26.0,,,0.7055,80.0,0.4712,70.0,0.4668,91.0,0.5205,65.0,,,0.5768,83.0
2016-04-05,0.5877,89.0,0.5088,89.0,0.6535,71.0,,,0.6464,73.0,0.4689,70.0,0.4684,91.0,0.5796,83.0,,,0.567,81.0
2016-04-04,0.5349,86.0,0.5137,90.0,0.5404,46.0,,,0.6545,74.0,0.4687,70.0,0.4687,91.0,0.556,78.0,,,0.5709,82.0
2016-04-01,0.5885,89.0,0.5234,91.0,0.5625,51.0,,,0.7867,89.0,0.4685,70.0,0.4726,92.0,0.5522,76.0,,,0.5812,84.0
2016-03-31,0.5027,84.0,0.4814,87.0,0.6811,76.0,,,0.6022,66.0,0.4619,67.0,0.4701,91.0,0.6278,89.0,,,0.5379,73.0
2016-03-30,0.5244,85.0,0.4925,88.0,0.7416,82.0,,,0.6049,66.0,0.4623,68.0,0.4717,92.0,0.6191,89.0,,,0.5474,76.0
2016-03-29,0.4982,83.0,0.5244,91.0,0.5559,50.0,,,0.6853,78.0,0.475,71.0,0.4741,92.0,0.5095,60.0,,,0.6152,88.0
2016-03-28,0.5983,90.0,0.6641,97.0,0.7116,80.0,,,0.609,67.0,0.4701,70.0,0.4733,92.0,0.5936,85.0,,,0.5542,77.0
2016-03-24,0.6337,91.0,0.6583,97.0,0.6526,71.0,,,0.6526,74.0,0.4713,70.0,0.4734,92.0,0.6039,87.0,,,0.5677,81.0
2016-03-23,0.8423,96.0,0.6893,98.0,0.6862,76.0,,,0.6244,69.0,0.487,77.0,0.4792,92.0,0.6147,88.0,,,0.5491,76.0
2016-03-22,0.8199,95.0,0.6866,98.0,0.595,59.0,,,0.6753,77.0,0.4874,77.0,0.4813,93.0,0.548,75.0,,,0.5906,85.0
2016-03-21,0.8142,95.0,0.6793,98.0,0.6093,62.0,,,0.6407,72.0,0.4872,77.0,0.4813,93.0,0.5913,85.0,,,0.5644,81.0
2016-03-18,0.8137,95.0,0.6668,97.0,0.6067,61.0,,,0.6792,77.0,0.4903,80.0,0.4817,93.0,0.5448,74.0,,,0.5879,85.0
2016-03-17,0.8,95.0,0.6388,96.0,0.5976,60.0,,,0.6508,74.0,0.4958,82.0,0.4847,94.0,0.5864,84.0,,,0.5608,80.0
2016-03-16,0.6986,93.0,0.437,81.0,0.6265,65.0,,,0.5648,57.0,0.4876,78.0,0.4739,92.0,0.5828,83.0,,,0.5628,80.0
2016-03-15,0.5948,89.0,0.4417,82.0,0.6276,66.0,,,0.6188,69.0,0.4842,75.0,0.4732,92.0,0.5711,81.0,,,0.5606,79.0
2016-03-14,0.3833,72.0,0.379,71.0,0.79,86.0,,,0.6641,76.0,0.4701,70.0,0.4706,91.0,0.5621,79.0,,,0.591,86.0
2016-03-11,0.3968,74.0,0.3652,68.0,0.6318,67.0,,,0.6727,76.0,0.468,70.0,0.4706,91.0,0.5492,75.0,,,0.5777,83.0
2016-03-10,0.389,73.0,0.4082,76.0,0.6452,70.0,,,0.6409,72.0,0.4669,69.0,0.4735,92.0,0.5735,81.0,,,0.5728,82.0
2016-03-09,0.5308,86.0,0.4568,84.0,0.6484,70.0,,,0.6524,74.0,0.4735,71.0,0.4761,92.0,0.5668,80.0,,,0.5696,82.0
2016-03-08,0.6714,92.0,0.4878,87.0,0.6792,75.0,,,0.6104,67.0,0.4733,71.0,0.4771,92.0,0.6076,87.0,,,0.5442,75.0
2016-03-07,0.618,90.0,0.4734,86.0,0.5974,60.0,,,0.6509,74.0,0.4738,71.0,0.4776,92.0,0.5492,75.0,,,0.5869,85.0
2016-03-04,0.5992,90.0,0.4407,82.0,0.6159,63.0,,,0.6687,76.0,0.4842,75.0,0.4794,92.0,0.5472,75.0,,,0.5778,83.0
2016-03-03,0.5944,89.0,0.4391,81.0,0.6603,72.0,,,0.6254,69.0,0.4839,74.0,0.4803,92.0,0.5935,85.0,,,0.552,77.0
2016-03-02,0.6031,90.0,0.452,83.0,0.595,59.0,,,0.6714,76.0,0.484,74.0,0.4816,93.0,0.5625,79.0,,,0.5807,84.0
2016-03-01,0.5939,89.0,0.4534,83.0,0.5941,59.0,,,0.7123,81.0,0.4845,75.0,0.4798,92.0,0.5299,69.0,,,0.6403,91.0
2016-02-29,0.4281,77.0,0.4052,75.0,0.6728,74.0,,,0.5571,57.0,0.4783,71.0,0.4806,93.0,0.5903,85.0,,,0.5628,80.0
2016-02-25,0.3704,70.0,0.4182,77.0,0.5928,57.0,,,0.627,70.0,0.4761,71.0,0.4808,93.0,0.5583,78.0,,,0.6229,89.0
2016-02-24,0.3694,70.0,0.4276,79.0,0.567,53.0,,,0.6701,76.0,0.4772,71.0,0.4814,93.0,0.5582,78.0,,,0.6267,89.0
2016-02-23,0.3754,71.0,0.423,78.0,0.7066,79.0,,,0.5603,57.0,0.4872,77.0,0.4829,93.0,0.6182,88.0,,,0.5413,74.0
2016-02-22,0.325,60.0,0.4155,77.0,0.628,66.0,,,0.6761,77.0,0.487,77.0,0.4853,94.0,0.5554,77.0,,,0.5794,84.0
2016-02-19,0.3274,60.0,0.397,74.0,0.6228,65.0,,,0.6717,76.0,0.4934,82.0,0.4965,95.0,0.5497,76.0,,,0.5782,83.0
2016-02-18,0.3169,57.0,0.4099,76.0,0.689,77.0,,,0.6137,68.0,0.4928,81.0,0.4968,95.0,0.5973,86.0,,,0.5434,75.0
2016-02-17,0.2486,36.0,0.3829,71.0,0.6317,67.0,,,0.6515,74.0,0.4919,81.0,0.4975,95.0,0.5655,80.0,,,0.5763,83.0
2016-02-16,0.1529,8.0,0.3627,67.0,0.6574,72.0,,,0.6521,74.0,0.4915,80.0,0.4971,95.0,0.572,81.0,,,0.6096,88.0
2016-02-12,0.2575,39.0,0.4049,75.0,0.6128,63.0,,,0.6687,76.0,0.4918,81.0,0.4968,95.0,0.5603,79.0,,,0.619,89.0
2016-02-11,0.2361,32.0,0.4257,79.0,0.6332,67.0,,,0.6947,79.0,0.4916,80.0,0.4969,95.0,0.5754,82.0,,,0.5956,86.0
2016-02-10,0.2828,48.0,0.4252,79.0,0.6663,73.0,,,0.6103,67.0,0.4919,81.0,0.4988,95.0,0.5967,86.0,,,0.5355,72.0
2016-02-09,0.2413,33.0,0.417,77.0,0.6501,71.0,,,0.6276,70.0,0.4921,81.0,0.5036,96.0,0.5903,85.0,,,0.5926,86.0
2016-02-08,0.2776,47.0,0.4232,78.0,0.6298,66.0,,,0.6949,79.0,0.4921,81.0,0.5033,96.0,0.5743,81.0,,,0.6027,87.0
2016-02-05,0.304,54.0,0.4273,79.0,0.6694,74.0,,,0.6274,70.0,0.4922,81.0,0.5033,96.0,0.5872,84.0,,,0.5857,85.0
2016-02-04,0.297,52.0,0.4278,79.0,0.6303,66.0,,,0.6436,72.0,0.494,82.0,0.5035,96.0,0.6021,87.0,,,0.5385,73.0
2016-02-03,0.2587,40.0,0.4074,76.0,0.5883,57.0,,,0.5878,64.0,0.4928,81.0,0.5024,95.0,0.5543,77.0,,,0.6306,90.0
2016-02-02,0.2559,39.0,0.3892,73.0,0.5861,57.0,,,0.5485,54.0,0.4969,83.0,0.5043,96.0,0.621,89.0,,,0.5499,76.0
2016-02-01,0.188,16.0,0.3981,74.0,0.5065,37.0,,,0.5757,61.0,0.4951,82.0,0.5037,96.0,0.5733,81.0,,,0.5693,81.0
2016-01-28,0.3395,64.0,0.4848,87.0,0.52,40.0,,,0.5676,59.0,0.4946,82.0,0.5016,95.0,0.5788,82.0,,,0.5698,82.0
2016-01-27,0.3481,66.0,0.5012,89.0,0.5394,46.0,,,0.5539,56.0,0.4967,83.0,0.5016,95.0,0.5897,85.0,,,0.5598,79.0
2016-01-26,0.3435,65.0,0.4992,89.0,0.7204,81.0,,,0.5489,54.0,0.4961,82.0,0.5013,95.0,0.6053,87.0,,,0.5434,75.0
2016-01-25,0.3703,70.0,0.5094,90.0,0.5326,43.0,,,0.5487,54.0,0.4992,84.0,0.5015,95.0,0.657,93.0,,,0.555,78.0
2016-01-22,0.3739,71.0,0.5258,91.0,0.4951,33.0,,,0.5457,53.0,0.4996,84.0,0.5015,95.0,0.6531,92.0,,,0.5464,76.0
2016-01-21,0.3836,72.0,0.5253,91.0,0.6057,61.0,,,0.5393,52.0,0.5002,84.0,0.5011,95.0,0.6466,92.0,,,0.5597,79.0
2016-01-20,0.4854,82.0,0.5499,93.0,0.5449,47.0,,,0.5748,61.0,0.5008,84.0,0.5002,95.0,0.579,83.0,,,0.5847,85.0
2016-01-19,0.3707,70.0,0.4869,87.0,0.6972,78.0,,,0.541,52.0,0.4971,83.0,0.495,95.0,0.6042,87.0,,,0.541,74.0
2016-01-15,0.4341,78.0,0.4655,85.0,0.5332,44.0,,,0.5766,61.0,0.4964,83.0,0.4933,95.0,0.5632,79.0,,,0.5766,83.0
2016-01-14,0.4468,79.0,0.4654,85.0,0.5869,57.0,,,0.5795,61.0,0.496,82.0,0.4931,95.0,0.5554,77.0,,,0.5795,84.0
2016-01-13,0.4322,78.0,0.4338,80.0,0.6113,62.0,,,0.5403,52.0,0.4951,82.0,0.4912,95.0,0.6139,88.0,,,0.5403,74.0
2016-01-12,0.4513,79.0,0.4148,77.0,0.5692,53.0,,,0.5831,63.0,0.495,82.0,0.4897,94.0,0.5628,79.0,,,0.5831,84.0
2016-01-11,0.4077,76.0,0.397,74.0,0.5715,54.0,,,0.5395,52.0,0.4947,82.0,0.4889,94.0,0.5818,83.0,,,0.5395,73.0
2016-01-08,0.3699,70.0,0.3195,55.0,0.6222,64.0,,,0.4924,40.0,0.4901,79.0,0.4858,94.0,0.5826,83.0,,,0.5404,74.0
2016-01-07,0.3913,73.0,0.2798,37.0,0.6477,70.0,,,0.5042,43.0,0.49,79.0,0.4847,94.0,0.5995,86.0,,,0.5426,75.0
2016-01-06,0.269,44.0,0.2667,31.0,0.5273,42.0,,,0.5054,44.0,0.4859,76.0,0.4848,94.0,0.5825,83.0,,,0.533,72.0
2016-01-05,0.2709,45.0,0.2508,23.0,0.7186,80.0,,,0.4696,32.0,0.4865,76.0,0.4844,94.0,0.5845,84.0,,,0.5347,72.0
2016-01-04,0.2304,31.0,0.2259,12.0,0.6299,66.0,,,0.4659,31.0,0.4863,76.0,0.4841,94.0,0.608,87.0,,,0.5326,71.0
2015-12-31,0.1285,5.0,0.2088,7.0,0.5447,47.0,,,0.4785,35.0,0.4842,75.0,0.4838,94.0,0.5485,75.0,,,0.5065,63.0
2015-12-30,0.1311,5.0,0.194,4.0,0.512,38.0,,,0.487,38.0,0.4842,75.0,0.4836,93.0,0.5225,66.0,,,0.506,63.0
2015-12-29,0.131,5.0,0.2025,5.0,0.503,35.0,,,0.4864,38.0,0.4843,75.0,0.4838,94.0,0.5172,64.0,,,0.6073,87.0
2015-12-28,0.1298,5.0,0.2146,9.0,0.5093,37.0,,,0.4682,31.0,0.4844,75.0,0.484,94.0,0.5267,68.0,,,0.5928,86.0
2015-12-24,0.1208,4.0,0.2159,9.0,0.524,41.0,,,0.529,49.0,0.4843,75.0,0.484,94.0,0.5206,65.0,,,0.6205,89.0
2015-12-23,0.0899,1.0,0.2292,13.0,0.5153,39.0,,,0.5338,50.0,0.4846,75.0,0.4841,94.0,0.509,60.0,,,0.6229,89.0
2015-12-22,0.1297,5.0,0.244,20.0,0.4862,31.0,,,0.5484,54.0,0.4866,77.0,0.4852,94.0,0.5019,56.0,,,0.6112,88.0
2015-12-21,0.175,13.0,0.2866,41.0,0.5336,44.0,,,0.5341,50.0,0.4869,77.0,0.4856,94.0,0.5124,61.0,,,0.5311,71.0
2015-12-18,0.1663,11.0,0.3375,61.0,0.5412,46.0,,,0.5537,56.0,0.487,77.0,0.4858,94.0,0.5166,63.0,,,0.538,73.0
2015-12-17,0.1813,15.0,0.3606,67.0,0.5345,44.0,,,0.5466,54.0,0.487,77.0,0.4855,94.0,0.5235,67.0,,,0.5317,71.0
2015-12-16,0.1764,14.0,0.3544,66.0,0.5319,43.0,,,0.5475,54.0,0.4874,77.0,0.4853,94.0,0.5053,57.0,,,0.5278,70.0
2015-12-15,0.2257,28.0,0.3776,70.0,0.377,9.0,,,0.5417,52.0,0.4888,78.0,0.486,94.0,0.5247,67.0,,,0.5251,69.0
2015-12-14,0.23,31.0,0.3869,72.0,0.5374,45.0,,,0.5556,56.0,0.4894,79.0,0.4864,94.0,0.5151,63.0,,,0.5288,70.0
2015-12-11,0.1472,7.0,0.4194,77.0,0.542,46.0,,,0.5599,57.0,0.4917,81.0,0.4873,94.0,0.5304,70.0,,,0.535,72.0
2015-12-10,0.1453,7.0,0.3921,73.0,0.4133,14.0,,,0.5472,54.0,0.4912,80.0,0.4857,94.0,0.514,62.0,,,0.5252,69.0
2015-12-09,0.1753,13.0,0.3749,70.0,0.4789,28.0,,,0.5551,56.0,0.4914,80.0,0.484,94.0,0.5178,64.0,,,0.5263,69.0
2015-12-08,0.1746,13.0,0.3726,69.0,0.4743,28.0,,,0.5489,54.0,0.4912,80.0,0.4834,93.0,0.5156,63.0,,,0.5105,64.0
2015-12-07,0.3521,66.0,0.4079,76.0,0.6312,67.0,,,0.6258,70.0,0.4927,81.0,0.4837,93.0,0.6312,90.0,,,0.6258,89.0
2015-12-04,0.3826,72.0,0.4016,75.0,0.508,37.0,,,0.5439,53.0,0.4916,80.0,0.4823,93.0,0.525,68.0,,,0.4803,51.0
2015-12-03,0.3524,66.0,0.3936,74.0,0.5727,54.0,,,0.4462,26.0,0.4914,80.0,0.4817,93.0,0.5338,71.0,,,0.4853,53.0
2015-12-02,0.3293,60.0,0.355,66.0,0.5713,54.0,,,0.3845,11.0,0.4918,81.0,0.482,93.0,0.5218,66.0,,,0.4868,54.0
2015-12-01,0.3244,59.0,0.3694,68.0,0.4317,19.0,,,0.4259,20.0,0.4918,81.0,0.4823,93.0,0.5038,57.0,,,0.4927,56.0
2015-11-25,0.3887,73.0,0.3569,66.0,0.2912,2.0,,,0.551,55.0,0.4918,81.0,0.4803,92.0,0.4569,35.0,,,0.4815,51.0
2015-11-24,0.3477,66.0,0.3865,72.0,0.5201,40.0,,,0.551,55.0,0.4894,79.0,0.4806,93.0,0.4751,43.0,,,0.4656,45.0
2015-11-23,0.8043,95.0,0.6409,96.0,0.5065,37.0,,,0.5473,54.0,0.4897,79.0,0.4811,93.0,0.4857,48.0,,,0.4865,54.0
2015-11-20,0.8434,96.0,0.6485,97.0,0.5285,42.0,,,0.5363,51.0,0.4901,79.0,0.4817,93.0,0.4969,53.0,,,0.4571,41.0
2015-11-19,0.8693,96.0,0.6523,97.0,0.5539,49.0,,,0.5397,52.0,0.4901,79.0,0.4808,93.0,0.4879,49.0,,,0.4954,57.0
2015-11-18,0.8225,95.0,0.6652,97.0,0.4426,21.0,,,0.5864,63.0,0.4898,79.0,0.4805,93.0,0.4619,37.0,,,0.4852,53.0
2015-11-17,0.8445,96.0,0.6597,97.0,0.6594,72.0,,,0.728,83.0,0.4864,76.0,0.4791,92.0,0.6594,93.0,,,0.728,97.0
2015-11-16,0.8458,96.0,0.6686,97.0,0.5571,50.0,,,0.5607,57.0,0.4851,75.0,0.4779,92.0,0.4684,40.0,,,0.5251,69.0
2015-11-13,0.8734,96.0,0.6471,97.0,0.5494,48.0,,,0.5826,62.0,0.4851,75.0,0.4759,92.0,0.4423,30.0,,,0.5212,68.0
2015-11-12,0.4558,80.0,0.4427,82.0,0.5959,59.0,,,0.5665,59.0,0.4501,66.0,0.4595,90.0,0.5121,61.0,,,0.4799,51.0
2015-11-11,0.4366,78.0,0.4449,82.0,0.6136,63.0,,,0.495,40.0,0.4494,66.0,0.4591,90.0,0.5205,65.0,,,0.4699,47.0
2015-11-10,0.5131,85.0,0.4876,87.0,0.583,57.0,,,0.5229,47.0,0.4485,66.0,0.4581,90.0,0.492,51.0,,,0.4983,59.0
2015-11-09,0.5133,85.0,0.4673,85.0,0.6016,60.0,,,0.5013,42.0,0.4481,66.0,0.4585,90.0,0.5058,57.0,,,0.4721,48.0
2015-11-06,0.5505,87.0,0.5008,89.0,0.5629,51.0,,,0.5428,53.0,0.4478,66.0,0.4585,90.0,0.4745,43.0,,,0.4764,50.0
2015-11-05,0.6614,92.0,0.5512,93.0,0.6336,68.0,,,0.4855,37.0,0.453,66.0,0.4581,90.0,0.5006,55.0,,,0.4704,47.0
2015-11-04,0.6116,90.0,0.5562,93.0,0.4606,25.0,,,0.4377,23.0,0.4519,66.0,0.4576,89.0,0.448,32.0,,,0.4712,47.0
2015-11-03,0.6316,91.0,0.544,93.0,0.5777,55.0,,,0.4575,28.0,0.4537,66.0,0.4569,89.0,0.5229,67.0,,,0.4575,42.0
2015-11-02,0.6569,92.0,0.5784,95.0,0.4752,28.0,,,0.652,74.0,0.4536,66.0,0.4569,89.0,0.4699,41.0,,,0.4711,47.0
2015-10-30,0.6492,92.0,0.5895,95.0,0.4404,21.0,,,0.4945,40.0,0.446,65.0,0.4536,88.0,0.4506,33.0,,,0.4959,57.0
2015-10-29,0.6699,92.0,0.6323,96.0,0.4968,34.0,,,0.4682,31.0,0.4469,65.0,0.4543,88.0,0.5384,72.0,,,0.453,39.0
2015-10-28,0.7201,94.0,0.6208,96.0,0.4207,16.0,,,0.5026,43.0,0.4471,65.0,0.4526,88.0,0.4485,32.0,,,0.5003,60.0
2015-10-27,0.5676,88.0,0.6018,95.0,0.4941,33.0,,,0.4876,38.0,0.4349,63.0,0.4474,87.0,0.4966,53.0,,,0.484,53.0
2015-10-26,0.5997,90.0,0.6036,95.0,0.6062,61.0,,,0.4616,30.0,0.4352,63.0,0.4466,86.0,0.5117,61.0,,,0.475,49.0
2015-10-23,0.6377,91.0,0.6014,95.0,0.4391,20.0,,,0.5007,42.0,0.4375,64.0,0.4455,86.0,0.4551,34.0,,,0.51,64.0
2015-10-22,0.5541,87.0,0.5692,94.0,0.4621,25.0,,,0.5278,48.0,0.4307,62.0,0.4422,85.0,0.4757,44.0,,,0.5113,64.0
2015-10-21,0.5782,88.0,0.5336,92.0,0.5951,59.0,,,0.493,40.0,0.4289,62.0,0.4381,83.0,0.4938,52.0,,,0.4967,57.0
2015-10-20,0.5608,88.0,0.4875,87.0,0.5026,35.0,,,0.4781,35.0,0.4284,61.0,0.4349,83.0,0.5312,70.0,,,0.4833,52.0
2015-10-19,0.4223,77.0,0.4636,85.0,0.4403,21.0,,,0.5119,45.0,0.4223,59.0,0.4326,82.0,0.449,32.0,,,0.5119,65.0
2015-10-16,0.4116,76.0,0.4138,76.0,0.4887,32.0,,,0.4884,38.0,0.421,57.0,0.4286,81.0,0.4819,46.0,,,0.4884,55.0
2015-10-15,0.4063,75.0,0.4519,83.0,0.4405,21.0,,,0.5091,45.0,0.4193,57.0,0.4273,80.0,0.4498,32.0,,,0.5091,64.0
2015-10-14,0.3391,64.0,0.4458,82.0,0.4861,31.0,,,0.5043,43.0,0.4145,55.0,0.4255,80.0,0.4861,48.0,,,0.5043,62.0
2015-10-13,0.3225,59.0,0.5134,90.0,0.5259,42.0,,,0.4628,30.0,0.4142,55.0,0.4249,80.0,0.5537,77.0,,,0.4628,44.0
2015-10-09,0.2662,43.0,0.526,91.0,0.5052,36.0,,,0.4885,39.0,0.411,54.0,0.4229,79.0,0.4926,51.0,,,0.4885,55.0
2015-10-08,0.5725,88.0,0.5648,94.0,0.4888,32.0,,,0.4908,39.0,0.411,54.0,0.4222,78.0,0.4866,48.0,,,0.4908,56.0
2015-10-07,0.5903,89.0,0.5976,95.0,0.4484,23.0,,,0.5073,44.0,0.411,54.0,0.4211,78.0,0.4611,37.0,,,0.5073,63.0
2015-10-06,0.6328,91.0,0.5845,95.0,0.5121,38.0,,,0.4772,35.0,0.4096,53.0,0.4178,76.0,0.5105,61.0,,,0.4772,50.0
2015-10-05,0.805,95.0,0.6642,97.0,0.513,38.0,,,0.4792,35.0,0.4095,53.0,0.418,76.0,0.5057,57.0,,,0.4792,51.0
2015-10-02,0.8176,95.0,0.6486,97.0,0.4394,20.0,,,0.5058,44.0,0.4095,53.0,0.4198,77.0,0.4619,37.0,,,0.5058,62.0
2015-10-01,0.7971,95.0,0.6483,97.0,0.4478,22.0,,,0.5118,45.0,0.4097,53.0,0.4189,76.0,0.4899,50.0,,,0.5118,65.0
2015-09-30,0.8132,95.0,0.6409,96.0,0.4881,31.0,,,0.4892,39.0,0.4096,53.0,0.4163,76.0,0.4738,43.0,,,0.4892,55.0
2015-09-29,0.361,68.0,0.6749,97.0,0.5047,36.0,,,0.5038,43.0,0.3921,47.0,0.4128,75.0,0.5455,75.0,,,0.4757,49.0
2015-09-28,0.527,86.0,0.6718,97.0,0.5339,44.0,,,0.4986,42.0,0.3914,47.0,0.4085,73.0,0.5307,70.0,,,0.4923,56.0
2015-09-25,0.6353,91.0,0.6564,97.0,0.5248,41.0,,,0.4453,25.0,0.3879,46.0,0.4077,72.0,0.5445,74.0,,,0.4453,36.0
2015-09-23,0.5181,85.0,0.5387,92.0,0.5075,37.0,,,0.4179,18.0,0.3688,41.0,0.3968,68.0,0.4802,45.0,,,0.4282,27.0
2015-09-21,0.5845,89.0,0.5924,95.0,0.4824,28.0,,,0.4289,21.0,0.3673,40.0,0.3966,68.0,0.4689,40.0,,,0.4181,24.0
2015-09-18,0.4003,74.0,0.5276,91.0,0.4756,28.0,,,0.4101,17.0,0.3674,40.0,0.3965,68.0,0.4306,27.0,,,0.4157,23.0
2015-09-17,0.4847,82.0,0.5023,89.0,0.4299,18.0,,,0.4526,27.0,0.366,40.0,0.3933,66.0,0.4437,30.0,,,0.4319,28.0
2015-09-16,0.6555,92.0,0.5469,93.0,0.4615,25.0,,,0.4717,33.0,0.3696,41.0,0.3946,66.0,0.4377,28.0,,,0.4195,25.0
2015-09-15,0.6186,90.0,0.5542,93.0,0.4174,15.0,,,0.4752,34.0,0.3693,41.0,0.3941,66.0,0.4001,17.0,,,0.4419,34.0
2015-09-14,0.6641,92.0,0.5645,94.0,0.407,13.0,,,0.4789,35.0,0.3712,42.0,0.3948,67.0,0.4011,17.0,,,0.4495,37.0
2015-09-11,0.6569,92.0,0.5219,91.0,0.4031,12.0,,,0.4785,35.0,0.3722,43.0,0.3915,65.0,0.3882,13.0,,,0.4537,40.0
2015-09-10,0.6106,90.0,0.5333,92.0,0.5105,38.0,,,0.4333,22.0,0.3642,39.0,0.3881,64.0,0.4594,36.0,,,0.4242,26.0
2015-09-09,0.6788,93.0,0.5352,92.0,0.5213,41.0,,,0.411,17.0,0.3648,40.0,0.3875,64.0,0.4648,39.0,,,0.4151,22.0
2015-09-08,0.6542,92.0,0.5285,91.0,0.4495,23.0,,,0.4841,37.0,0.3604,38.0,0.3872,64.0,0.3868,13.0,,,0.4665,45.0
2015-09-04,0.4699,81.0,0.4777,86.0,0.4674,26.0,,,0.4758,34.0,0.3488,35.0,0.3838,63.0,0.4455,31.0,,,0.4531,39.0
2015-09-03,0.6337,91.0,0.4854,87.0,0.4891,32.0,,,0.4463,26.0,0.3487,35.0,0.3816,62.0,0.4571,35.0,,,0.4507,38.0
2015-09-02,0.6384,91.0,0.5174,90.0,0.4157,15.0,,,0.5224,47.0,0.3466,34.0,0.381,62.0,0.412,21.0,,,0.4589,42.0
2015-09-01,0.7255,94.0,0.7028,98.0,0.49,32.0,,,0.494,40.0,0.3455,33.0,0.3811,62.0,0.4469,31.0,,,0.4697,47.0
2015-08-31,0.679,93.0,0.6673,97.0,0.5269,42.0,,,0.4342,23.0,0.3435,32.0,0.3765,60.0,0.499,54.0,,,0.4275,27.0
2015-08-28,0.6514,92.0,0.6788,98.0,0.4667,26.0,,,0.4639,30.0,0.339,31.0,0.3745,59.0,0.4587,36.0,,,0.4335,30.0
2015-08-27,0.6577,92.0,0.6755,98.0,0.4272,17.0,,,0.4824,36.0,0.3396,31.0,0.3746,59.0,0.4111,21.0,,,0.455,40.0
2015-08-26,0.6267,91.0,0.6707,97.0,0.4437,21.0,,,0.5233,48.0,0.3383,31.0,0.3739,59.0,0.4051,19.0,,,0.461,43.0
2015-08-25,0.3464,65.0,0.6439,96.0,0.5248,41.0,,,0.4408,24.0,0.3225,28.0,0.3703,57.0,0.4971,53.0,,,0.4317,28.0
2015-08-24,0.3356,63.0,0.639,96.0,0.6147,63.0,,,0.5044,43.0,0.3207,28.0,0.3683,56.0,0.4844,47.0,,,0.4593,42.0
2015-08-21,0.2286,30.0,0.5332,91.0,0.5655,52.0,,,0.544,53.0,0.3116,25.0,0.3505,49.0,0.4635,38.0,,,0.4464,36.0
2015-08-20,0.2249,28.0,0.5307,91.0,0.5448,47.0,,,0.5292,49.0,0.3115,24.0,0.3494,48.0,0.4574,35.0,,,0.4516,38.0
2015-08-19,0.2254,28.0,0.5,89.0,0.5824,56.0,,,0.5528,56.0,0.3107,24.0,0.3462,47.0,0.4637,38.0,,,0.4418,34.0
2015-08-18,0.2755,46.0,0.496,88.0,0.5576,50.0,,,0.5408,52.0,0.3155,26.0,0.3529,50.0,0.4461,31.0,,,0.4371,32.0
2015-08-17,0.2906,51.0,0.5133,90.0,0.5013,35.0,,,0.5794,61.0,0.3148,26.0,0.3524,50.0,0.411,20.0,,,0.4471,37.0
2015-08-14,0.3588,68.0,0.5584,93.0,0.536,45.0,,,0.5581,57.0,0.3147,26.0,0.3515,50.0,0.4384,28.0,,,0.4356,32.0
2015-08-13,0.3739,71.0,0.5179,90.0,0.5381,45.0,,,0.5349,50.0,0.3136,26.0,0.3479,48.0,0.4476,32.0,,,0.4246,26.0
2015-08-12,0.3684,70.0,0.401,75.0,0.5176,40.0,,,0.6759,77.0,0.3122,25.0,0.3391,46.0,0.4271,26.0,,,0.4159,23.0
2015-08-11,0.3709,70.0,0.3859,72.0,0.5048,36.0,,,0.7006,80.0,0.312,25.0,0.3383,45.0,0.3925,15.0,,,0.4391,33.0
2015-08-10,0.4417,79.0,0.3906,73.0,0.4895,32.0,,,0.7018,80.0,0.3122,25.0,0.3381,45.0,0.4062,19.0,,,0.4256,26.0
2015-08-07,0.3914,73.0,0.3787,71.0,0.4803,28.0,,,0.6274,70.0,0.3102,24.0,0.3374,45.0,0.4052,19.0,,,0.4165,23.0
2015-08-06,0.4396,79.0,0.3873,72.0,0.5945,59.0,,,0.5901,64.0,0.3086,23.0,0.3359,44.0,0.4227,24.0,,,0.4142,22.0
2015-08-05,0.3563,67.0,0.3189,55.0,0.599,60.0,,,0.5856,63.0,0.3014,18.0,0.3334,43.0,0.4185,23.0,,,0.4031,18.0
2015-08-04,0.3747,71.0,0.3341,59.0,0.584,57.0,,,0.5403,52.0,0.302,18.0,0.334,43.0,0.4115,21.0,,,0.4111,21.0
2015-08-03,0.3992,74.0,0.3533,65.0,0.5601,51.0,,,0.6158,68.0,0.3017,18.0,0.3336,43.0,0.4067,19.0,,,0.4094,20.0
2015-07-31,0.3982,74.0,0.3457,63.0,0.5269,42.0,,,0.5131,46.0,0.3051,20.0,0.336,44.0,0.3951,15.0,,,0.414,22.0
2015-07-30,0.3048,55.0,0.3231,56.0,0.5138,39.0,,,0.5659,59.0,0.3025,19.0,0.3361,45.0,0.4021,18.0,,,0.4234,26.0
2015-07-29,0.3015,54.0,0.3244,56.0,0.5854,57.0,,,0.5611,57.0,0.3049,20.0,0.3368,45.0,0.4286,26.0,,,0.3934,15.0
2015-07-28,0.2183,27.0,0.2796,37.0,0.5268,42.0,,,0.5347,50.0,0.302,18.0,0.3362,45.0,0.4084,20.0,,,0.4003,17.0
2015-07-27,0.2063,23.0,0.2616,28.0,0.5305,43.0,,,0.5326,50.0,0.3022,18.0,0.3364,45.0,0.3974,16.0,,,0.4028,18.0
2015-07-24,0.1408,7.0,0.2493,22.0,0.4929,33.0,,,0.5053,44.0,0.3035,19.0,0.336,44.0,0.4175,22.0,,,0.398,16.0
2015-07-23,0.1307,5.0,0.2265,12.0,0.5069,37.0,,,0.4867,38.0,0.3015,18.0,0.3357,44.0,0.415,22.0,,,0.39,14.0
2015-07-22,0.1567,9.0,0.2399,18.0,0.4875,31.0,,,0.4842,37.0,0.3053,20.0,0.3406,46.0,0.4041,18.0,,,0.3979,16.0
2015-07-21,0.2102,25.0,0.2645,30.0,0.4724,27.0,,,0.5002,42.0,0.3053,20.0,0.3405,46.0,0.3998,17.0,,,0.3937,15.0
2015-07-20,0.2389,33.0,0.257,26.0,0.498,34.0,,,0.4772,35.0,0.3049,20.0,0.3405,46.0,0.4269,26.0,,,0.4087,20.0
2015-07-17,0.2531,38.0,0.2579,26.0,0.4764,28.0,,,0.4791,35.0,0.3059,21.0,0.3403,46.0,0.4117,21.0,,,0.4051,19.0
2015-07-16,0.2626,42.0,0.2442,20.0,0.4626,25.0,,,0.4043,15.0,0.3055,20.0,0.3406,46.0,0.4272,26.0,,,0.396,16.0
2015-07-15,0.2467,35.0,0.2574,26.0,0.4675,26.0,,,0.4734,33.0,0.3127,25.0,0.3468,47.0,0.4239,25.0,,,0.406,19.0
2015-07-14,0.243,34.0,0.258,27.0,0.4841,30.0,,,0.477,34.0,0.3248,28.0,0.3499,49.0,0.4248,25.0,,,0.4085,20.0
2015-07-13,0.2256,28.0,0.2588,27.0,0.4781,28.0,,,0.4798,35.0,0.3234,28.0,0.3498,49.0,0.4077,20.0,,,0.4054,19.0
2015-07-10,0.2041,22.0,0.237,16.0,0.4657,26.0,,,0.5544,56.0,0.3235,28.0,0.3498,49.0,0.4109,20.0,,,0.4173,24.0
2015-07-09,0.1987,20.0,0.24,18.0,0.4886,32.0,,,0.4881,38.0,0.3229,28.0,0.3533,50.0,0.424,25.0,,,0.4291,28.0
2015-07-08,0.2411,33.0,0.2655,30.0,0.5113,38.0,,,0.5091,45.0,0.3244,28.0,0.3542,50.0,0.4255,25.0,,,0.4228,25.0
2015-07-07,0.2446,34.0,0.275,35.0,0.4966,34.0,,,0.4783,35.0,0.3299,30.0,0.3566,51.0,0.4315,27.0,,,0.4273,27.0
2015-07-06,0.2672,44.0,0.2764,36.0,0.5094,37.0,,,0.4928,40.0,0.3473,34.0,0.3632,53.0,0.4268,26.0,,,0.4362,32.0
2015-07-02,0.2618,41.0,0.2667,31.0,0.4732,27.0,,,0.4667,31.0,0.3474,34.0,0.3654,54.0,0.4254,25.0,,,0.4232,25.0
2015-07-01,0.2781,47.0,0.26,28.0,0.4312,18.0,,,0.4652,30.0,0.3464,34.0,0.3659,55.0,0.4235,24.0,,,0.4222,25.0
2015-06-30,0.3157,57.0,0.2863,41.0,0.4721,27.0,,,0.4597,28.0,0.3471,34.0,0.3663,55.0,0.459,36.0,,,0.4233,26.0
2015-06-29,0.3191,57.0,0.3031,48.0,0.484,30.0,,,0.4735,33.0,0.3468,34.0,0.3663,55.0,0.4271,26.0,,,0.422,25.0
2015-06-26,0.2614,41.0,0.3093,51.0,0.4482,22.0,,,0.4164,18.0,0.3444,33.0,0.3656,55.0,0.4253,25.0,,,0.4175,24.0
2015-06-25,0.1921,18.0,0.2894,42.0,0.432,19.0,,,0.4321,22.0,0.3438,32.0,0.3652,54.0,0.422,24.0,,,0.427,27.0
2015-06-24,0.1915,18.0,0.287,41.0,0.4359,20.0,,,0.4336,22.0,0.3437,32.0,0.3672,56.0,0.4204,23.0,,,0.4215,25.0
2015-06-23,0.1891,16.0,0.3068,49.0,0.417,15.0,,,0.4355,23.0,0.3441,33.0,0.3676,56.0,0.4146,22.0,,,0.4232,25.0
2015-06-22,0.3222,59.0,0.3132,52.0,0.4243,17.0,,,0.4377,23.0,0.3471,34.0,0.3683,56.0,0.4347,28.0,,,0.4235,26.0
2015-06-19,0.3057,55.0,0.2807,38.0,0.4295,18.0,,,0.4217,19.0,0.3461,34.0,0.3687,57.0,0.4257,25.0,,,0.4326,30.0
2015-06-18,0.3011,54.0,0.2634,28.0,0.4465,22.0,,,0.4372,23.0,0.3458,33.0,0.3695,57.0,0.4276,26.0,,,0.4444,35.0
2015-06-17,0.2538,38.0,0.2915,43.0,0.4732,27.0,,,0.4745,34.0,0.3426,32.0,0.3685,57.0,0.4461,31.0,,,0.4469,37.0
2015-06-16,0.258,40.0,0.3077,50.0,0.4612,25.0,,,0.4591,28.0,0.3513,35.0,0.3721,57.0,0.4384,28.0,,,0.4487,37.0
2015-06-15,0.2447,35.0,0.3021,48.0,0.4846,30.0,,,0.472,33.0,0.3522,36.0,0.3764,60.0,0.4471,32.0,,,0.4566,41.0
2015-06-12,0.2421,34.0,0.2826,39.0,0.4777,28.0,,,0.4733,33.0,0.364,39.0,0.3844,63.0,0.4401,28.0,,,0.4521,39.0
2015-06-11,0.2998,53.0,0.3301,57.0,0.4384,20.0,,,0.4512,27.0,0.3613,38.0,0.3852,63.0,0.4328,27.0,,,0.4541,40.0
2015-06-10,0.3049,55.0,0.3636,68.0,0.4518,23.0,,,0.4559,28.0,0.3623,39.0,0.3859,63.0,0.4397,28.0,,,0.4409,34.0
2015-06-09,0.3053,55.0,0.3794,71.0,0.4645,25.0,,,0.4845,37.0,0.3625,39.0,0.3859,63.0,0.4474,32.0,,,0.454,40.0
2015-06-08,0.2361,32.0,0.3469,63.0,0.4706,27.0,,,0.4587,28.0,0.364,39.0,0.3838,63.0,0.4464,31.0,,,0.4418,34.0
2015-06-05,0.2441,34.0,0.3324,59.0,0.3957,11.0,,,0.4113,17.0,0.3649,40.0,0.386,63.0,0.4422,30.0,,,0.431,28.0
2015-06-04,0.2294,30.0,0.3461,63.0,0.3677,8.0,,,0.4599,28.0,0.3662,40.0,0.389,64.0,0.4415,30.0,,,0.4511,38.0
2015-06-03,0.2296,30.0,0.3472,63.0,0.419,16.0,,,0.4352,23.0,0.3691,41.0,0.3916,65.0,0.4514,33.0,,,0.4457,36.0
2015-06-02,0.1267,4.0,0.2939,44.0,0.4878,31.0,,,0.4218,20.0,0.3682,41.0,0.3918,65.0,0.4602,37.0,,,0.4698,47.0
2015-06-01,0.1595,10.0,0.2629,28.0,0.5027,35.0,,,0.4881,38.0,0.3678,40.0,0.3957,67.0,0.461,37.0,,,0.4696,47.0
2015-05-29,0.1731,13.0,0.2277,13.0,0.4659,26.0,,,0.4306,21.0,0.3719,42.0,0.3965,68.0,0.468,39.0,,,0.4615,44.0
2015-05-28,0.1973,20.0,0.209,7.0,0.4711,27.0,,,0.3992,14.0,0.3727,43.0,0.3962,67.0,0.4623,37.0,,,0.4634,44.0
2015-05-27,0.2032,22.0,0.2222,11.0,0.5626,51.0,,,0.5981,65.0,0.3727,43.0,0.3967,68.0,0.5534,77.0,,,0.5903,85.0
2015-05-26,0.1268,4.0,0.2774,36.0,0.5867,57.0,,,0.6167,68.0,0.3717,42.0,0.3965,68.0,0.5572,78.0,,,0.6699,94.0
2015-05-21,0.3922,73.0,0.345,63.0,0.5627,51.0,,,0.6177,68.0,0.3717,42.0,0.397,68.0,0.5547,77.0,,,0.6502,91.0
2015-05-20,0.4024,75.0,0.3429,62.0,0.58,56.0,,,0.6166,68.0,0.3728,43.0,0.3974,68.0,0.5492,75.0,,,0.6605,92.0
2015-05-19,0.4894,82.0,0.3907,73.0,0.6082,62.0,,,0.6111,67.0,0.3735,43.0,0.3983,69.0,0.5512,76.0,,,0.6702,94.0
2015-05-18,0.4549,80.0,0.4028,75.0,0.5603,51.0,,,0.6254,69.0,0.3724,43.0,0.4003,70.0,0.5433,74.0,,,0.5974,86.0
2015-05-15,0.4404,79.0,0.4055,75.0,0.539,45.0,,,0.6542,74.0,0.3721,42.0,0.4003,70.0,0.5223,66.0,,,0.5896,85.0
