date,hv10,hv10_rank,phv10,phv10_rank,ivcall10,ivcall10_rank,ivmean10,ivmean10_rank,ivput10,ivput10_rank,hv180,hv180_rank,phv180,phv180_rank,ivcall1080,ivcall1080_rank,ivmean1080,ivmean1080_rank,ivput1080,ivput1080_rank
2025-10-06,1.0359,84.0,1.0296,88.0,1.5031,93.0,1.5143,95.0,1.5255,96.0,1.9331,100.0,1.521,100.0,1.1747,94.0,1.233,96.0,1.2912,97.0
2025-10-02,1.248,92.0,1.0331,88.0,1.1987,85.0,1.1994,85.0,1.2,87.0,1.9293,100.0,1.5272,100.0,1.1894,94.0,1.2357,96.0,1.2819,97.0
2025-10-01,1.6762,97.0,1.1588,94.0,1.3627,89.0,1.354,90.0,1.3454,91.0,1.929,100.0,1.5324,100.0,1.1938,94.0,1.2534,97.0,1.313,98.0
2025-09-30,1.8312,98.0,1.178,94.0,1.3976,91.0,1.3924,91.0,1.3871,93.0,1.9311,100.0,1.5309,100.0,1.21,95.0,1.2405,97.0,1.2711,97.0
2025-09-29,1.8326,98.0,1.1929,94.0,1.3722,90.0,1.3768,91.0,1.3813,92.0,1.9301,100.0,1.5313,100.0,1.1858,94.0,1.2794,97.0,1.3729,99.0
2025-09-24,1.344,93.0,1.2733,96.0,1.6694,96.0,1.6962,97.0,1.723,98.0,1.9046,100.0,1.5222,100.0,1.2037,95.0,1.2644,97.0,1.3252,98.0
2025-09-23,1.6355,97.0,1.2885,96.0,1.6183,95.0,1.6136,96.0,1.6089,97.0,1.9221,100.0,1.5229,100.0,1.1815,94.0,1.2484,97.0,1.3153,98.0
2025-09-22,1.5693,96.0,1.3072,96.0,1.6945,96.0,1.6882,97.0,1.682,98.0,1.9042,100.0,1.5177,100.0,1.2579,96.0,1.2828,97.0,1.3078,98.0
2025-09-19,3.869,100.0,1.7995,100.0,1.4293,91.0,1.4577,93.0,1.4862,95.0,1.8931,100.0,1.5142,100.0,1.1926,94.0,1.2638,97.0,1.3349,98.0
2025-09-18,3.8735,100.0,1.841,100.0,1.5944,95.0,1.6307,96.0,1.667,98.0,1.8915,100.0,1.5124,100.0,1.1749,94.0,1.2601,97.0,1.3453,99.0
2025-09-16,3.9377,100.0,1.8282,100.0,2.0172,99.0,2.0226,99.0,2.0281,99.0,1.8831,100.0,1.5023,100.0,1.1901,94.0,1.2751,97.0,1.3601,99.0
2025-09-15,3.881,100.0,1.8652,100.0,1.9559,99.0,1.9768,99.0,1.9976,99.0,1.8798,100.0,1.5016,100.0,1.1851,94.0,1.2524,97.0,1.3196,98.0
2025-09-12,3.9079,100.0,1.933,100.0,2.0242,99.0,2.0583,99.0,2.0924,100.0,1.8808,100.0,1.4983,100.0,1.134,93.0,1.2089,96.0,1.2838,97.0
2025-09-10,1.4908,95.0,1.5627,99.0,1.5165,93.0,1.5019,94.0,1.4874,95.0,1.6788,100.0,1.4623,100.0,1.1547,93.0,1.2178,96.0,1.2808,97.0
2025-09-09,1.3761,94.0,1.5805,99.0,1.5694,94.0,1.5842,96.0,1.5991,97.0,1.683,100.0,1.4604,100.0,1.1601,94.0,1.2224,96.0,1.2848,97.0
2025-09-08,1.3521,94.0,1.5927,99.0,1.772,97.0,1.7823,98.0,1.7926,99.0,1.6862,100.0,1.4613,100.0,1.1697,94.0,1.2271,96.0,1.2845,97.0
2025-09-05,1.6544,97.0,1.6359,100.0,1.5678,94.0,1.6067,96.0,1.6457,97.0,1.684,100.0,1.4539,100.0,1.1305,92.0,1.2191,96.0,1.3076,98.0
2025-09-04,1.6006,97.0,1.6886,100.0,1.7482,97.0,1.7677,98.0,1.7872,99.0,1.6785,100.0,1.451,100.0,1.2221,95.0,1.2657,97.0,1.3093,98.0
2025-08-26,2.5677,100.0,2.1909,100.0,2.0715,99.0,2.098,100.0,2.1245,100.0,1.6516,100.0,1.418,100.0,1.2442,96.0,1.1919,95.0,1.1397,95.0
2025-08-25,2.4788,100.0,2.0977,100.0,2.289,100.0,2.2844,100.0,2.2798,100.0,1.6514,100.0,1.409,100.0,1.1782,94.0,1.178,95.0,1.1779,96.0
2025-08-22,2.4794,100.0,2.2079,100.0,2.7646,100.0,2.8033,100.0,2.842,100.0,1.6486,100.0,1.3967,100.0,1.2885,97.0,1.273,97.0,1.2574,97.0
2025-08-21,1.9755,99.0,1.742,100.0,1.988,99.0,2.0805,99.0,2.173,100.0,1.5843,100.0,1.3585,100.0,1.2335,95.0,1.3031,98.0,1.3727,99.0
2025-08-20,1.9386,99.0,1.7611,100.0,2.0215,99.0,2.0525,99.0,2.0835,99.0,1.5773,100.0,1.3531,100.0,1.2354,95.0,1.3201,98.0,1.4047,99.0
2025-08-19,1.6593,97.0,1.8098,100.0,2.4662,100.0,2.4576,100.0,2.449,100.0,1.5704,100.0,1.3477,100.0,1.2604,96.0,1.3207,98.0,1.381,99.0
2025-08-18,1.4227,95.0,1.7889,100.0,2.5369,100.0,2.5622,100.0,2.5874,100.0,1.5702,100.0,1.3428,100.0,1.2414,96.0,1.3271,98.0,1.4128,99.0
2025-08-15,1.4981,95.0,1.7248,100.0,2.116,100.0,2.1578,100.0,2.1996,100.0,1.552,100.0,1.3349,100.0,1.1779,94.0,1.2517,97.0,1.3255,98.0
2025-08-13,2.2204,100.0,1.4823,99.0,1.6185,98.0,1.6245,98.0,1.6305,98.0,1.5185,100.0,1.3074,100.0,1.157,96.0,1.2566,99.0,1.3563,100.0
2025-08-12,2.4148,100.0,1.5811,100.0,1.7338,99.0,1.7598,99.0,1.7857,100.0,1.5188,100.0,1.3056,100.0,1.1484,96.0,1.2634,99.0,1.3784,100.0
2025-08-08,2.4221,100.0,1.4538,99.0,1.4388,94.0,1.4679,96.0,1.497,97.0,1.4993,100.0,1.2919,100.0,1.1095,94.0,1.2226,98.0,1.3356,100.0
2025-08-07,2.3901,100.0,1.4377,99.0,1.5168,96.0,1.5557,97.0,1.5946,98.0,1.4978,100.0,1.2873,100.0,1.1265,95.0,1.2224,98.0,1.3183,100.0
2025-08-05,1.8476,99.0,1.5311,100.0,2.3573,100.0,2.3785,100.0,2.3997,100.0,1.4413,100.0,1.2745,100.0,1.1493,96.0,1.2706,99.0,1.3919,100.0
2025-08-04,1.8672,99.0,1.5492,100.0,2.4188,100.0,2.4205,100.0,2.4222,100.0,1.4421,100.0,1.272,100.0,1.1682,96.0,1.2554,99.0,1.3425,100.0
2025-08-01,1.5873,98.0,1.5921,100.0,1.9719,100.0,2.0432,100.0,2.1145,100.0,1.4252,100.0,1.2629,100.0,1.1236,94.0,1.3641,100.0,1.6046,100.0
2025-07-31,1.6833,98.0,1.7034,100.0,1.9062,100.0,1.8381,100.0,1.77,100.0,1.4148,100.0,1.256,100.0,1.082,91.0,1.1672,97.0,1.2523,99.0
2025-07-30,1.6717,98.0,2.1751,100.0,1.9426,100.0,1.9296,100.0,1.9165,100.0,1.4053,100.0,1.2518,100.0,1.0855,92.0,1.1569,97.0,1.2283,99.0
2025-07-29,3.0326,100.0,3.1472,100.0,2.0644,100.0,2.0557,100.0,2.0471,100.0,1.4057,100.0,1.2497,100.0,1.0488,87.0,1.1434,96.0,1.2381,99.0
2025-07-28,3.4382,100.0,3.2187,100.0,2.0913,100.0,2.1177,100.0,2.1441,100.0,1.3929,100.0,1.2396,100.0,1.0663,89.0,1.1796,97.0,1.293,100.0
2025-07-25,3.3168,100.0,3.2954,100.0,2.2173,100.0,2.2492,100.0,2.2811,100.0,1.3921,100.0,1.2349,100.0,1.0082,82.0,1.1275,96.0,1.2469,99.0
2025-07-24,3.7095,100.0,3.4115,100.0,2.6735,100.0,2.6812,100.0,2.6888,100.0,1.3909,100.0,1.2315,100.0,1.0498,88.0,1.0426,88.0,1.0355,89.0
2025-07-22,2.6833,100.0,3.329,100.0,3.0319,100.0,3.0866,100.0,3.1413,100.0,1.3487,100.0,1.204,100.0,1.1206,94.0,1.2415,99.0,1.3624,100.0
2025-07-21,2.7608,100.0,3.0974,100.0,3.9407,100.0,3.9677,100.0,3.9947,100.0,1.3387,100.0,1.1549,97.0,1.3128,99.0,1.3946,100.0,1.4764,100.0
2025-07-18,2.4923,100.0,2.1566,100.0,3.5954,100.0,3.5332,100.0,3.4709,100.0,1.2422,98.0,1.0174,93.0,1.3562,99.0,1.4221,100.0,1.488,100.0
2025-07-17,2.3825,100.0,1.9661,100.0,2.9964,100.0,2.9475,100.0,2.8986,100.0,1.1655,94.0,0.9969,92.0,1.218,97.0,1.282,99.0,1.3461,100.0
2025-07-16,2.3915,100.0,1.8157,100.0,2.6486,100.0,2.6608,100.0,2.673,100.0,1.1567,93.0,0.9722,90.0,1.2632,98.0,1.3012,99.0,1.3393,100.0
2025-07-15,1.7683,99.0,1.5628,100.0,2.11,100.0,2.133,100.0,2.156,100.0,1.0446,84.0,0.9478,86.0,1.459,100.0,1.4778,100.0,1.4966,100.0
2025-07-14,1.705,99.0,1.4983,99.0,2.1904,100.0,2.0212,100.0,1.8519,100.0,1.0234,82.0,0.9395,84.0,1.4741,100.0,1.5076,100.0,1.541,100.0
2025-07-11,1.6418,98.0,1.3753,98.0,1.8792,100.0,2.3544,100.0,2.8296,100.0,1.0043,81.0,0.9292,83.0,1.5279,100.0,1.4747,100.0,1.4215,100.0
2025-07-09,1.0322,85.0,1.1218,94.0,1.4921,95.0,2.2633,100.0,3.0345,100.0,0.9567,75.0,0.8994,79.0,1.5494,100.0,1.4558,100.0,1.3623,100.0
2025-07-08,1.1202,89.0,1.0561,91.0,1.4604,95.0,1.452,96.0,1.4436,96.0,0.9711,76.0,0.8947,79.0,1.409,100.0,1.4018,100.0,1.3946,100.0
2025-07-07,0.6431,60.0,0.9309,85.0,1.6162,97.0,1.4724,96.0,1.3285,93.0,0.9337,74.0,0.8868,78.0,1.5026,100.0,1.4352,100.0,1.3679,100.0
2025-07-03,0.889,76.0,0.8981,82.0,1.4312,94.0,1.4977,96.0,1.5641,98.0,0.935,74.0,0.8838,78.0,1.5102,100.0,1.4363,100.0,1.3624,100.0
2025-07-02,0.7977,71.0,0.8628,80.0,1.8802,100.0,3.4261,100.0,4.972,100.0,0.9272,74.0,0.8818,78.0,1.5198,100.0,1.3537,100.0,1.1876,99.0
2025-07-01,0.8043,71.0,0.871,81.0,1.3873,93.0,1.5103,97.0,1.6333,98.0,0.9271,74.0,0.882,78.0,1.5635,100.0,1.4062,100.0,1.249,99.0
2025-06-30,0.8689,75.0,0.8188,76.0,1.4679,95.0,1.3364,92.0,1.2049,89.0,0.923,73.0,0.8755,78.0,1.7042,100.0,1.5572,100.0,1.4103,100.0
2025-06-27,0.8504,74.0,0.7515,70.0,1.1731,87.0,1.2656,90.0,1.3582,94.0,0.9216,73.0,0.8713,78.0,1.616,100.0,1.512,100.0,1.4081,100.0
2025-06-26,0.8223,72.0,0.6968,66.0,1.5349,96.0,1.4058,95.0,1.2768,92.0,0.9209,73.0,0.8696,77.0,1.6298,100.0,1.5482,100.0,1.4665,100.0
2025-06-25,0.7397,67.0,0.6901,65.0,2.8076,100.0,1.8954,100.0,0.9831,77.0,0.9171,73.0,0.869,77.0,1.5889,100.0,1.4577,100.0,1.3265,100.0
2025-06-24,0.6723,62.0,0.6625,62.0,1.297,90.0,1.2488,90.0,1.2007,89.0,0.9129,72.0,0.8673,77.0,1.424,100.0,1.3588,100.0,1.2937,100.0
2025-06-23,0.5792,54.0,0.617,57.0,1.2826,90.0,1.679,99.0,2.0753,100.0,0.9111,72.0,0.8681,77.0,1.5816,100.0,1.4242,100.0,1.2667,99.0
2025-06-20,0.6003,56.0,0.6518,61.0,1.9178,100.0,1.5601,97.0,1.2024,89.0,0.9121,72.0,0.8687,77.0,1.6475,100.0,1.466,100.0,1.2846,100.0
2025-06-18,0.5774,54.0,0.5631,52.0,1.7949,99.0,1.6329,98.0,1.4709,96.0,0.9154,73.0,0.8732,78.0,1.4658,100.0,1.3558,100.0,1.2459,99.0
2025-06-17,1.2343,93.0,0.7643,71.0,1.8163,99.0,1.951,100.0,2.0858,100.0,0.9143,73.0,0.8721,78.0,1.4241,100.0,1.3826,100.0,1.3412,100.0
2025-06-16,1.2505,93.0,0.7592,71.0,1.3634,92.0,1.4706,96.0,1.5779,98.0,0.9134,73.0,0.8723,78.0,1.4663,100.0,1.3798,100.0,1.2934,100.0
2025-06-13,1.3246,95.0,0.9683,87.0,1.736,99.0,5.4778,100.0,9.2195,100.0,0.913,73.0,0.8719,78.0,1.481,100.0,1.3726,100.0,1.2641,99.0
2025-06-12,1.3668,95.0,1.0129,89.0,2.0577,100.0,2.435,100.0,2.8124,100.0,0.9149,73.0,0.8742,78.0,1.5049,100.0,1.4186,100.0,1.3324,100.0
2025-06-11,1.3668,95.0,1.0352,90.0,1.597,97.0,1.7205,99.0,1.844,100.0,0.9153,73.0,0.8748,78.0,1.5183,100.0,1.418,100.0,1.3177,100.0
2025-06-10,1.4701,96.0,1.0354,90.0,1.6365,98.0,1.7508,99.0,1.865,100.0,0.9169,73.0,0.8726,78.0,1.5313,100.0,1.4476,100.0,1.3639,100.0
2025-06-09,1.386,95.0,1.0431,90.0,1.6351,98.0,1.3978,94.0,1.1606,88.0,0.9109,72.0,0.8741,78.0,1.6187,100.0,1.4567,100.0,1.2947,100.0
2025-06-06,0.8638,75.0,0.8858,82.0,1.5348,96.0,1.3989,94.0,1.263,91.0,0.8781,70.0,0.8683,77.0,1.4738,100.0,1.4037,100.0,1.3336,100.0
2025-06-05,0.8413,74.0,0.8759,81.0,1.2083,88.0,1.2309,89.0,1.2535,91.0,0.8764,70.0,0.872,78.0,1.4973,100.0,1.4086,100.0,1.3198,100.0
2025-06-04,0.7574,68.0,0.6445,61.0,1.1139,85.0,1.1938,88.0,1.2736,92.0,0.8728,70.0,0.8608,77.0,1.536,100.0,1.4614,100.0,1.3868,100.0
2025-06-03,0.5833,55.0,0.5626,52.0,1.7764,99.0,2.5757,100.0,3.375,100.0,0.8676,70.0,0.8588,77.0,1.5046,100.0,1.4286,100.0,1.3525,100.0
2025-06-02,0.5819,54.0,0.5417,50.0,2.1198,100.0,1.6081,98.0,1.0964,85.0,0.8757,70.0,0.8656,77.0,1.572,100.0,1.5062,100.0,1.4404,100.0
2025-05-30,0.5061,46.0,0.5144,48.0,1.8223,99.0,3.7222,100.0,5.6221,100.0,0.8705,70.0,0.8656,77.0,1.5396,100.0,1.4274,100.0,1.3153,100.0
2025-05-29,0.5614,53.0,0.5645,52.0,2.0616,100.0,1.5686,97.0,1.0757,83.0,0.8706,70.0,0.8667,77.0,1.4695,100.0,1.3953,100.0,1.3211,100.0
2025-05-28,0.5581,52.0,0.6401,60.0,1.8339,100.0,1.5467,97.0,1.2595,91.0,0.8708,70.0,0.8676,77.0,1.5142,100.0,1.4182,100.0,1.3222,100.0
2025-05-27,0.7859,70.0,0.6923,65.0,1.1596,86.0,1.3192,92.0,1.4787,97.0,0.8953,72.0,0.8745,78.0,1.5487,100.0,1.433,100.0,1.3172,100.0
2025-05-23,0.7805,70.0,0.7426,69.0,1.6257,98.0,1.3851,94.0,1.1445,87.0,0.9257,74.0,0.8873,78.0,1.4384,100.0,1.3822,100.0,1.3259,100.0
2025-05-22,0.879,76.0,0.781,73.0,1.6845,98.0,1.4028,94.0,1.121,86.0,0.9284,74.0,0.891,79.0,1.4716,100.0,1.4112,100.0,1.3508,100.0
2025-05-21,0.8803,76.0,0.7915,74.0,1.8359,100.0,1.5042,97.0,1.1725,88.0,0.929,74.0,0.8909,79.0,1.5215,100.0,1.422,100.0,1.3224,100.0
2025-05-20,0.7847,70.0,0.7877,73.0,2.3385,100.0,1.7403,99.0,1.1421,87.0,0.9242,73.0,0.8899,79.0,1.527,100.0,1.3868,100.0,1.2466,99.0
2025-05-19,1.821,99.0,0.8986,83.0,1.2173,88.0,1.2834,91.0,1.3496,93.0,0.9206,73.0,0.8879,78.0,1.4063,100.0,1.3561,100.0,1.3059,100.0
2025-05-16,1.8161,99.0,0.8496,79.0,2.1121,100.0,1.836,100.0,1.56,98.0,0.924,73.0,0.8863,78.0,1.4456,100.0,1.3469,100.0,1.2482,99.0
2025-05-15,2.2677,100.0,1.0362,90.0,2.0679,100.0,1.6484,98.0,1.2289,90.0,0.9176,73.0,0.885,78.0,1.3643,99.0,1.3009,99.0,1.2375,99.0
2025-05-14,2.2889,100.0,1.0357,90.0,1.9576,100.0,1.6696,99.0,1.3817,94.0,0.9182,73.0,0.8839,78.0,1.2302,97.0,1.2021,98.0,1.174,99.0
2025-05-13,2.2597,100.0,1.0176,89.0,1.5874,97.0,1.3799,94.0,1.1724,88.0,0.9147,73.0,0.8825,78.0,1.1149,94.0,1.084,93.0,1.0532,91.0
2025-05-12,2.2594,100.0,1.0296,90.0,1.3049,91.0,1.2046,88.0,1.1043,85.0,0.9146,73.0,0.8839,78.0,1.0522,88.0,1.0688,91.0,1.0855,95.0
2025-05-09,2.2188,100.0,1.0209,89.0,1.7294,99.0,1.4702,96.0,1.211,89.0,0.9105,72.0,0.8914,79.0,1.1086,94.0,1.1031,94.0,1.0977,96.0
2025-05-08,1.4265,96.0,0.8913,82.0,1.4181,94.0,1.2916,91.0,1.1651,88.0,0.8378,66.0,0.8838,78.0,1.1064,94.0,1.0964,93.0,1.0864,95.0
2025-05-07,1.4335,96.0,0.9074,83.0,1.6153,97.0,1.3505,93.0,1.0857,84.0,0.8437,67.0,0.8874,78.0,1.0582,89.0,1.0736,92.0,1.089,96.0
2025-05-06,0.3279,22.0,0.7317,68.0,5.5789,100.0,3.6886,100.0,1.7982,100.0,0.7823,61.0,0.8748,78.0,1.1051,93.0,1.1081,94.0,1.1111,97.0
2025-05-05,0.1799,5.0,0.714,67.0,1.6147,97.0,1.375,94.0,1.1353,87.0,0.7804,61.0,0.873,78.0,1.0983,93.0,1.104,94.0,1.1097,97.0
2025-05-02,0.4734,43.0,0.9286,85.0,1.8566,100.0,1.4808,96.0,1.1051,85.0,0.7832,61.0,0.8725,78.0,1.1164,94.0,1.1086,94.0,1.1008,96.0
2025-05-01,0.99,83.0,1.3084,98.0,2.3294,100.0,1.7349,99.0,1.1404,87.0,0.7856,61.0,0.8724,78.0,1.1112,94.0,1.1151,95.0,1.1189,97.0
2025-04-30,1.1648,91.0,1.322,98.0,2.0274,100.0,1.671,99.0,1.3146,93.0,0.7871,61.0,0.8732,78.0,1.119,94.0,1.118,95.0,1.1169,97.0
2025-04-29,1.1607,91.0,1.3157,98.0,1.9118,100.0,1.6326,98.0,1.3535,94.0,0.7888,61.0,0.8739,78.0,1.3383,99.0,1.2188,98.0,1.0992,96.0
2025-04-28,1.2121,92.0,1.3059,98.0,2.962,100.0,2.3002,100.0,1.6385,98.0,0.7957,62.0,0.8741,78.0,1.3323,99.0,1.1722,97.0,1.0122,84.0
2025-04-25,1.2056,92.0,1.2731,97.0,1.5952,97.0,1.4373,95.0,1.2794,92.0,0.795,62.0,0.8703,78.0,1.1098,94.0,0.953,70.0,0.7961,60.0
2025-04-24,1.2061,92.0,1.2667,97.0,2.0518,100.0,1.829,100.0,1.6062,98.0,0.796,62.0,0.8681,77.0,1.1182,94.0,1.1122,95.0,1.1061,97.0
2025-04-23,1.1867,92.0,1.1463,95.0,1.5231,96.0,1.2904,91.0,1.0578,82.0,0.7896,61.0,0.8566,76.0,1.2811,99.0,1.1002,94.0,0.9194,67.0
2025-04-22,0.7285,66.0,0.7382,68.0,1.2368,89.0,1.1578,87.0,1.0788,84.0,0.7564,57.0,0.8264,71.0,1.0587,89.0,1.0762,92.0,1.0937,96.0
2025-04-21,0.8053,71.0,0.7698,72.0,1.3633,92.0,1.226,89.0,1.0887,84.0,0.7504,57.0,0.825,71.0,1.0594,89.0,1.0771,92.0,1.0948,96.0
2025-04-17,1.165,91.0,0.9846,88.0,1.2195,88.0,1.1909,88.0,1.1623,88.0,0.751,57.0,0.8253,71.0,1.2019,97.0,1.1482,97.0,1.0944,96.0
2025-04-16,1.1901,92.0,1.0899,93.0,1.6002,97.0,1.4347,95.0,1.2692,91.0,0.7558,57.0,0.826,71.0,1.2433,98.0,1.0642,90.0,0.8852,65.0
2025-04-15,1.2309,93.0,1.344,98.0,1.6969,98.0,1.3836,94.0,1.0704,83.0,0.7578,59.0,0.8247,71.0,1.1928,97.0,1.1132,95.0,1.0335,88.0
2025-04-14,1.2273,93.0,1.4361,99.0,2.4778,100.0,1.8982,100.0,1.3186,93.0,0.7565,57.0,0.8235,71.0,1.2059,97.0,1.148,97.0,1.09,96.0
2025-04-11,1.1845,92.0,1.4294,99.0,1.0919,84.0,0.995,77.0,0.8982,69.0,0.7531,57.0,0.822,71.0,1.1876,97.0,1.1389,96.0,1.0902,96.0
2025-04-10,1.1634,91.0,1.4121,99.0,1.1944,88.0,,,1.0874,84.0,0.7568,59.0,0.8207,71.0,1.2313,97.0,,,1.0949,96.0
2025-04-09,0.9563,81.0,1.4109,99.0,0.9455,73.0,,,1.399,95.0,0.7454,57.0,0.8165,70.0,0.988,78.0,,,1.0462,90.0
2025-04-08,0.8083,71.0,1.3087,98.0,3.2073,100.0,,,0.9405,73.0,0.7251,55.0,0.8041,68.0,1.1319,95.0,,,1.0937,96.0
2025-04-07,0.7685,69.0,1.2195,96.0,0.9717,75.0,,,1.4331,96.0,0.7213,54.0,0.796,66.0,1.1201,94.0,,,1.0864,95.0
2025-04-04,0.6445,60.0,0.9131,84.0,1.4026,94.0,,,1.094,85.0,0.7258,55.0,0.7751,63.0,1.0974,93.0,,,0.9471,70.0
2025-04-03,0.5757,54.0,0.7391,69.0,1.154,86.0,,,1.094,85.0,0.7264,55.0,0.7656,62.0,1.1234,94.0,,,0.9489,70.0
2025-04-02,0.5667,53.0,0.695,66.0,1.0358,80.0,,,1.029,80.0,0.7246,55.0,0.7655,62.0,1.1046,93.0,,,1.0923,96.0
2025-04-01,0.6245,57.0,0.6343,60.0,0.8747,67.0,,,1.031,80.0,0.7245,55.0,0.7628,62.0,1.0764,91.0,,,1.0887,96.0
2025-03-31,0.6556,61.0,0.5483,51.0,0.8346,63.0,,,0.862,65.0,0.7274,55.0,0.7597,61.0,1.0936,93.0,,,1.0721,95.0
2025-03-28,0.3404,24.0,0.5218,49.0,0.6679,51.0,,,0.8137,60.0,0.7152,53.0,0.7579,61.0,1.2619,98.0,,,1.0772,95.0
2025-03-27,0.3583,27.0,0.5996,56.0,0.6602,50.0,,,0.9688,75.0,0.7139,53.0,0.759,61.0,1.2011,97.0,,,1.0605,93.0
2025-03-26,0.3898,32.0,0.5852,54.0,1.0622,82.0,,,0.9415,73.0,0.7167,54.0,0.7589,61.0,1.0502,88.0,,,1.0825,95.0
2025-03-25,0.4626,42.0,0.6982,66.0,1.1387,86.0,,,0.9185,71.0,0.7241,55.0,0.7605,61.0,1.2503,98.0,,,1.0677,94.0
2025-03-24,0.4133,35.0,0.7089,67.0,0.9676,75.0,,,1.0978,85.0,0.7298,55.0,0.7623,61.0,1.0836,92.0,,,1.0739,95.0
2025-03-21,0.7215,65.0,0.8053,75.0,0.9338,72.0,,,1.1348,87.0,0.7291,55.0,0.7631,62.0,1.2,97.0,,,1.0743,95.0
2025-03-20,0.8952,77.0,0.8625,80.0,1.014,79.0,,,0.9605,75.0,0.732,56.0,0.7638,62.0,1.3927,99.0,,,1.0695,94.0
2025-03-19,1.0418,86.0,0.8962,82.0,1.0536,81.0,,,1.2043,89.0,0.7319,56.0,0.7651,62.0,1.0569,88.0,,,0.9805,76.0
2025-03-18,1.0128,84.0,0.9139,84.0,0.9851,76.0,,,2.3327,100.0,0.7356,56.0,0.7662,62.0,1.1356,95.0,,,0.943,70.0
2025-03-17,0.9995,83.0,0.9457,85.0,1.1579,86.0,,,1.2423,91.0,0.7345,56.0,0.7675,62.0,1.6196,100.0,,,1.0478,91.0
2025-03-14,0.9797,82.0,0.8737,81.0,0.61,45.0,,,1.2617,91.0,0.7351,56.0,0.7717,62.0,1.052,88.0,,,1.064,93.0
2025-03-13,0.9453,80.0,0.8707,80.0,5.0645,100.0,,,0.909,70.0,0.7361,56.0,0.7745,63.0,1.2608,98.0,,,1.0191,85.0
2025-03-12,0.8246,72.0,0.9218,84.0,0.943,73.0,,,1.0257,80.0,0.7329,56.0,0.775,63.0,1.0544,88.0,,,1.0407,89.0
2025-03-11,0.7694,69.0,0.9749,87.0,1.1023,84.0,,,1.2768,92.0,0.7255,55.0,0.7766,63.0,1.0913,93.0,,,0.8691,64.0
2025-03-10,0.7366,66.0,0.9227,84.0,1.8534,100.0,,,1.0407,81.0,0.7178,54.0,0.777,63.0,1.0417,87.0,,,1.0436,90.0
2025-03-07,0.7644,69.0,0.9345,85.0,1.3522,92.0,,,1.0356,80.0,0.7207,54.0,0.7736,63.0,1.239,98.0,,,0.9935,80.0
2025-03-06,0.8155,72.0,0.9533,86.0,1.9012,100.0,,,1.1538,88.0,0.7233,54.0,0.7757,63.0,1.6118,100.0,,,0.9656,73.0
2025-03-05,0.9671,81.0,0.9781,87.0,1.0081,78.0,,,1.102,85.0,0.7235,55.0,0.7751,63.0,1.1711,96.0,,,1.0609,93.0
2025-03-04,0.9873,83.0,1.0197,89.0,1.1799,87.0,,,1.0582,82.0,0.7236,55.0,0.7784,63.0,1.2809,99.0,,,0.8804,64.0
2025-03-03,0.9745,82.0,0.9514,86.0,1.4488,95.0,,,1.0514,81.0,0.7361,56.0,0.7777,63.0,1.0598,89.0,,,0.998,81.0
2025-02-28,0.8402,74.0,0.8569,79.0,1.3245,91.0,,,1.1038,85.0,0.7237,55.0,0.7717,62.0,1.2708,98.0,,,1.0206,86.0
2025-02-27,0.7826,70.0,0.866,80.0,2.1651,100.0,,,1.312,93.0,0.7187,54.0,0.7734,62.0,1.096,93.0,,,1.0649,93.0
2025-02-26,0.6758,62.0,0.7921,74.0,1.5877,97.0,,,1.6221,98.0,0.7266,55.0,0.7733,62.0,0.9954,80.0,,,1.0663,94.0
2025-02-25,0.6753,62.0,0.7734,72.0,1.5171,96.0,,,1.2068,89.0,0.7276,55.0,0.7728,62.0,1.0765,91.0,,,1.0705,94.0
2025-02-24,0.5789,54.0,0.7347,68.0,1.6748,98.0,,,0.6883,49.0,0.7394,57.0,0.7763,63.0,1.2429,98.0,,,1.8463,100.0
2025-02-21,0.7102,65.0,0.8145,76.0,1.4871,95.0,,,1.4545,96.0,0.7559,57.0,0.781,63.0,1.1222,94.0,,,1.0675,94.0
2025-02-20,0.553,51.0,0.8156,76.0,1.4825,95.0,,,1.3164,93.0,0.7511,57.0,0.7825,63.0,1.077,91.0,,,0.6741,53.0
2025-02-19,0.4239,36.0,0.7863,73.0,1.4646,95.0,,,1.6142,98.0,0.7508,57.0,0.7819,63.0,1.0239,84.0,,,1.0807,95.0
2025-02-18,0.4755,43.0,0.7907,74.0,1.595,97.0,,,1.4955,97.0,0.7501,57.0,0.7844,64.0,1.0019,81.0,,,1.056,92.0
2025-02-14,0.4799,43.0,0.7838,73.0,1.2859,90.0,,,1.2271,90.0,0.761,59.0,0.7929,66.0,1.042,87.0,,,1.0667,94.0
2025-02-13,0.5011,46.0,0.76,71.0,0.9048,69.0,,,0.9946,77.0,0.7595,59.0,0.7908,65.0,1.0685,90.0,,,1.0574,92.0
2025-02-12,0.5123,47.0,0.7455,69.0,1.3011,91.0,,,1.133,87.0,0.7596,59.0,0.79,65.0,1.0511,88.0,,,1.2406,99.0
2025-02-11,0.4973,46.0,0.5953,56.0,1.2356,89.0,,,1.1493,88.0,0.7539,57.0,0.7851,64.0,1.0883,92.0,,,1.262,99.0
2025-02-10,0.536,49.0,0.5546,52.0,2.0952,100.0,,,1.0578,82.0,0.7665,60.0,0.7859,64.0,1.1169,94.0,,,1.1494,98.0
2025-02-07,0.5017,46.0,0.6138,57.0,1.1218,85.0,,,0.7202,53.0,0.7674,60.0,0.7874,65.0,1.0624,89.0,,,1.0709,94.0
2025-02-06,0.4851,44.0,0.6055,57.0,1.0774,83.0,,,1.0641,82.0,0.7659,60.0,0.7868,64.0,1.0559,88.0,,,1.3879,100.0
2025-02-05,0.7483,67.0,0.7627,71.0,1.7176,99.0,,,1.0829,84.0,0.7692,60.0,0.7865,64.0,1.0973,93.0,,,0.8451,63.0
2025-02-04,0.6818,63.0,0.777,72.0,0.9744,76.0,,,1.4261,95.0,0.7725,60.0,0.7902,65.0,1.0746,90.0,,,1.6692,100.0
2025-02-03,0.6827,63.0,0.7865,73.0,1.6029,97.0,,,1.1391,87.0,0.7725,60.0,0.7911,66.0,1.068,90.0,,,1.6583,100.0
2025-01-31,0.6627,61.0,0.7974,74.0,1.1882,87.0,,,0.9707,76.0,0.779,61.0,0.7974,67.0,1.0854,92.0,,,1.8324,100.0
2025-01-30,0.6201,57.0,0.7741,72.0,1.0288,80.0,,,1.0554,82.0,0.8004,63.0,0.8037,68.0,1.159,96.0,,,1.2908,100.0
2025-01-29,0.6335,59.0,0.759,71.0,1.3883,93.0,,,0.9296,72.0,0.8086,65.0,0.8087,69.0,1.0546,88.0,,,0.9445,70.0
2025-01-28,0.7463,67.0,0.8611,80.0,1.0035,78.0,,,0.894,68.0,0.808,65.0,0.8105,69.0,1.0487,87.0,,,0.9031,66.0
2025-01-27,0.4866,44.0,0.7669,71.0,1.0887,83.0,,,1.0256,80.0,0.8025,63.0,0.8064,69.0,1.0772,91.0,,,1.6706,100.0
2025-01-24,0.8194,72.0,0.8279,77.0,0.9254,71.0,,,0.9598,75.0,0.8024,63.0,0.8058,68.0,1.0854,92.0,,,1.0542,92.0
2025-01-23,0.8062,71.0,0.8256,77.0,0.9572,74.0,,,1.0668,82.0,0.8028,63.0,0.807,69.0,1.0455,87.0,,,1.6943,100.0
2025-01-22,0.89,76.0,0.8341,77.0,1.4446,95.0,,,1.0798,84.0,0.8031,64.0,0.8097,69.0,1.0902,93.0,,,2.4281,100.0
2025-01-21,0.909,78.0,0.829,77.0,2.0088,100.0,,,1.1232,86.0,0.8082,65.0,0.813,70.0,1.2352,97.0,,,1.0494,91.0
2025-01-17,0.9352,79.0,0.8019,75.0,1.184,87.0,,,1.0732,83.0,0.8085,65.0,0.8133,70.0,1.0857,92.0,,,1.0526,91.0
2025-01-16,0.9328,79.0,0.7142,67.0,1.0331,80.0,,,0.8274,61.0,0.8048,64.0,0.8074,69.0,0.953,71.0,,,1.0279,87.0
2025-01-15,0.976,82.0,0.6972,66.0,1.0129,79.0,,,1.0227,80.0,0.8065,64.0,0.8062,69.0,1.0575,89.0,,,1.0733,95.0
2025-01-14,0.7257,66.0,0.6181,57.0,1.2804,90.0,,,1.1079,85.0,0.7966,62.0,0.8111,70.0,1.0852,92.0,,,1.4612,100.0
2025-01-13,0.7266,66.0,0.6204,57.0,1.2294,89.0,,,1.3502,93.0,0.802,63.0,0.819,70.0,1.0726,90.0,,,0.9413,70.0
2025-01-10,0.666,62.0,0.6134,57.0,1.6157,97.0,,,1.1058,85.0,0.8241,66.0,0.8257,71.0,1.1565,96.0,,,1.0905,96.0
2025-01-08,0.6605,61.0,0.5997,56.0,1.0703,82.0,,,0.7678,57.0,0.8404,67.0,0.832,73.0,1.1079,94.0,,,1.0683,94.0
2025-01-07,0.6122,57.0,0.6146,57.0,1.0428,80.0,,,0.8628,65.0,0.8486,68.0,0.8339,73.0,1.0796,91.0,,,1.4319,100.0
2025-01-06,0.4925,45.0,0.5943,56.0,1.0217,79.0,,,0.8896,68.0,0.8517,68.0,0.8323,73.0,1.0972,93.0,,,1.0576,92.0
2025-01-03,0.4223,36.0,0.5593,52.0,1.4062,94.0,,,0.8691,66.0,0.8495,68.0,0.8331,73.0,1.0655,89.0,,,1.2359,99.0
2025-01-02,0.3243,22.0,0.5199,49.0,0.7812,59.0,,,0.9748,76.0,0.8507,68.0,0.8357,74.0,1.0598,89.0,,,1.3157,100.0
2024-12-31,0.3545,26.0,0.5658,53.0,0.6026,44.0,,,0.8699,66.0,0.8517,68.0,0.8351,74.0,1.0767,91.0,,,1.0654,93.0
2024-12-30,0.4051,34.0,0.588,55.0,0.8735,66.0,,,0.8817,68.0,0.8522,68.0,0.8348,73.0,1.1222,94.0,,,1.9887,100.0
2024-12-27,0.665,62.0,0.7739,72.0,0.9995,77.0,,,0.8335,62.0,0.8513,68.0,0.8356,74.0,1.1265,95.0,,,1.3719,100.0
2024-12-26,0.669,62.0,0.7664,71.0,0.8894,68.0,,,0.9414,73.0,0.851,68.0,0.836,74.0,1.1363,95.0,,,1.2764,99.0
2024-12-24,0.6033,56.0,0.7559,70.0,1.0703,82.0,,,0.8193,60.0,0.8508,68.0,0.836,74.0,1.0569,88.0,,,1.1919,99.0
2024-12-23,0.5946,56.0,0.7526,70.0,0.5074,33.0,,,0.8209,60.0,0.8513,68.0,0.8375,74.0,1.2627,98.0,,,1.0491,91.0
2024-12-20,0.6355,59.0,0.8073,75.0,1.0532,81.0,,,0.9281,71.0,0.8517,68.0,0.8375,74.0,1.6364,100.0,,,1.087,96.0
2024-12-19,0.6203,57.0,0.7664,71.0,1.3802,93.0,,,0.7309,54.0,0.8538,68.0,0.8385,74.0,1.2853,99.0,,,1.0576,92.0
2024-12-18,0.632,59.0,0.7386,69.0,1.5673,97.0,,,0.8556,65.0,0.8551,69.0,0.8369,74.0,1.1278,95.0,,,1.1154,97.0
2024-12-17,0.4385,38.0,0.5896,55.0,1.0035,78.0,,,0.9775,76.0,0.8438,67.0,0.8292,72.0,1.0788,91.0,,,1.0509,91.0
2024-12-16,0.5064,46.0,0.6835,64.0,0.9031,69.0,,,1.0202,79.0,0.8443,67.0,0.8302,72.0,1.1469,96.0,,,1.0222,86.0
2024-12-13,0.4936,45.0,0.7532,70.0,0.887,68.0,,,0.9817,77.0,0.8491,68.0,0.831,73.0,1.0766,91.0,,,1.0482,91.0
2024-12-12,0.5301,49.0,0.7725,72.0,0.9752,76.0,,,0.9929,77.0,0.8487,68.0,0.831,73.0,1.1012,93.0,,,1.0514,91.0
2024-12-11,0.4129,35.0,0.7424,69.0,1.0549,81.0,,,0.9091,70.0,0.8452,67.0,0.8286,72.0,1.084,92.0,,,1.5536,100.0
2024-12-10,0.6708,62.0,0.8874,82.0,1.1046,84.0,,,1.0347,80.0,0.8455,67.0,0.8285,72.0,1.0342,86.0,,,1.0662,93.0
2024-12-09,0.6756,62.0,0.9253,84.0,1.1049,84.0,,,1.0938,84.0,0.8467,67.0,0.8313,73.0,1.0651,89.0,,,1.0388,89.0
2024-12-06,0.7099,64.0,0.9257,84.0,0.8622,65.0,,,0.7321,54.0,0.8491,68.0,0.8372,74.0,1.2121,97.0,,,0.6176,44.0
2024-12-05,0.7174,65.0,0.8741,81.0,1.1359,85.0,,,0.967,75.0,0.8485,67.0,0.8331,73.0,1.0721,90.0,,,0.9972,80.0
2024-12-04,1.1151,89.0,0.9184,84.0,1.0766,83.0,,,1.0141,79.0,0.8481,67.0,0.8281,72.0,1.0251,85.0,,,1.002,81.0
2024-12-03,1.41,96.0,1.1112,94.0,0.9354,72.0,,,1.014,79.0,0.8534,68.0,0.827,71.0,1.1191,94.0,,,1.0206,86.0
2024-12-02,1.4032,96.0,1.1476,95.0,0.9497,73.0,,,0.9751,76.0,0.8541,69.0,0.8261,71.0,1.0462,87.0,,,1.0321,88.0
2024-11-29,1.0837,87.0,1.039,90.0,1.1115,85.0,,,0.8701,66.0,0.8443,67.0,0.8176,70.0,1.0167,83.0,,,1.0704,94.0
2024-11-27,1.1385,90.0,1.0101,89.0,0.9718,75.0,,,1.0857,84.0,0.8433,67.0,0.8152,70.0,1.0251,85.0,,,1.0487,91.0
2024-11-26,1.2355,93.0,0.9892,88.0,1.0152,79.0,,,1.002,78.0,0.8421,67.0,0.8143,70.0,1.0293,85.0,,,0.8902,65.0
2024-11-25,1.318,94.0,0.9949,88.0,1.3343,92.0,,,1.2377,90.0,0.8418,67.0,0.8138,70.0,1.0613,89.0,,,0.8445,63.0
2024-11-22,1.1452,90.0,0.8981,82.0,0.9535,74.0,,,0.9402,73.0,0.8197,66.0,0.8066,69.0,1.0397,86.0,,,1.1797,99.0
2024-11-21,0.5786,54.0,0.6683,63.0,1.0928,84.0,,,0.8294,62.0,0.793,62.0,0.7921,66.0,1.1329,95.0,,,1.5409,100.0
2024-11-20,0.4864,44.0,0.585,54.0,1.2816,90.0,,,0.7869,57.0,0.7921,62.0,0.7881,65.0,1.0417,87.0,,,1.0008,81.0
2024-11-19,0.4254,36.0,0.639,60.0,0.8597,65.0,,,0.8186,60.0,0.7916,62.0,0.7879,65.0,1.0293,85.0,,,1.148,98.0
2024-11-18,0.4197,36.0,0.817,76.0,0.7757,57.0,,,0.8221,61.0,0.7931,62.0,0.7879,65.0,1.0326,85.0,,,0.987,78.0
2024-11-15,0.5868,55.0,0.825,76.0,0.9189,70.0,,,0.8214,61.0,0.7926,62.0,0.7897,65.0,1.0632,89.0,,,0.8919,65.0
2024-11-14,0.6338,59.0,0.8704,80.0,0.8814,67.0,,,0.925,71.0,0.7941,62.0,0.7896,65.0,1.0136,83.0,,,1.0291,87.0
2024-11-13,0.6895,63.0,0.8684,80.0,1.0372,80.0,,,0.989,77.0,0.7936,62.0,0.7891,65.0,1.0744,90.0,,,1.0312,88.0
2024-11-12,0.6811,63.0,0.8552,79.0,1.0042,78.0,,,0.8968,69.0,0.7929,62.0,0.787,64.0,1.0749,90.0,,,1.0654,93.0
2024-11-11,0.6889,63.0,0.8501,79.0,1.1676,87.0,,,0.9974,78.0,0.792,62.0,0.7869,64.0,1.0591,89.0,,,1.0294,87.0
2024-11-08,0.7662,69.0,0.8367,78.0,1.0422,80.0,,,1.1036,85.0,0.7922,62.0,0.7938,66.0,1.1862,97.0,,,1.0238,86.0
2024-11-07,0.7764,69.0,0.6886,65.0,1.9511,100.0,,,1.7371,99.0,0.7922,62.0,0.7861,64.0,1.1539,96.0,,,1.0529,91.0
2024-11-06,0.7601,68.0,0.6965,66.0,1.6432,98.0,,,1.6877,99.0,0.7949,62.0,0.7865,64.0,1.1041,93.0,,,0.8899,65.0
2024-11-05,0.6962,64.0,0.6392,60.0,1.7565,99.0,,,1.8207,100.0,0.788,61.0,0.7825,63.0,1.0571,88.0,,,0.9831,77.0
2024-11-04,0.6871,63.0,0.6297,59.0,1.6418,98.0,,,1.7896,100.0,0.7949,62.0,0.7846,64.0,1.4608,100.0,,,1.0121,84.0
2024-11-01,0.6922,63.0,0.6004,56.0,1.78,99.0,,,1.5878,98.0,0.7989,63.0,0.7841,64.0,1.4252,100.0,,,1.0327,88.0
2024-10-31,0.6799,62.0,0.6144,57.0,1.7067,99.0,,,1.776,100.0,0.7989,63.0,0.7853,64.0,1.7856,100.0,,,1.0265,87.0
2024-10-30,0.6248,57.0,0.5737,53.0,1.5438,96.0,,,1.4748,96.0,0.801,63.0,0.7848,64.0,1.2102,97.0,,,1.0215,86.0
2024-10-29,0.6008,56.0,0.5468,51.0,1.3978,93.0,,,1.5989,98.0,0.8094,65.0,0.7947,66.0,1.4428,100.0,,,0.9694,74.0
2024-10-28,0.5523,51.0,0.5174,48.0,1.644,98.0,,,1.4993,97.0,0.8074,65.0,0.7944,66.0,1.3424,99.0,,,0.8541,63.0
2024-10-25,0.5275,48.0,0.5066,47.0,1.2738,90.0,,,1.1961,89.0,0.8017,63.0,0.796,66.0,1.0414,87.0,,,0.9913,79.0
2024-10-24,0.6161,57.0,0.5024,47.0,1.1479,86.0,,,1.1334,87.0,0.8069,64.0,0.7968,66.0,1.4414,100.0,,,1.0277,87.0
2024-10-23,0.5746,54.0,0.5159,48.0,1.496,95.0,,,1.2545,91.0,0.8062,64.0,0.7987,67.0,1.401,99.0,,,0.9771,75.0
2024-10-22,0.6286,57.0,0.5339,50.0,1.4143,94.0,,,1.245,91.0,0.8068,64.0,0.7991,67.0,1.4489,100.0,,,1.0225,86.0
2024-10-21,0.723,65.0,0.6155,57.0,1.5005,96.0,,,1.0384,81.0,0.8076,65.0,0.8002,67.0,1.1229,94.0,,,1.0114,84.0
2024-10-18,0.7517,68.0,0.5864,55.0,1.0264,79.0,,,0.4952,26.0,0.8089,65.0,0.8003,67.0,1.2341,97.0,,,0.6874,54.0
2024-10-17,0.747,67.0,0.5993,56.0,1.2791,90.0,,,1.1943,89.0,0.8092,65.0,0.8027,68.0,1.3233,99.0,,,1.0367,89.0
2024-10-16,0.5805,54.0,0.5704,53.0,0.9662,75.0,,,1.232,90.0,0.8025,63.0,0.802,68.0,1.1943,97.0,,,1.0464,90.0
2024-10-15,0.7398,67.0,0.6337,59.0,1.2432,89.0,,,1.2628,91.0,0.8008,63.0,0.8016,68.0,1.1185,94.0,,,1.087,96.0
2024-10-14,0.7644,69.0,0.6576,62.0,0.9935,77.0,,,1.0272,80.0,0.8002,63.0,0.8026,68.0,1.3322,99.0,,,1.0586,92.0
2024-10-11,0.7424,67.0,0.673,63.0,0.8508,64.0,,,0.96,75.0,0.7989,63.0,0.802,68.0,1.3439,99.0,,,1.1418,98.0
2024-10-10,0.6026,56.0,0.6074,57.0,1.1247,85.0,,,0.9026,69.0,0.7941,62.0,0.7989,67.0,1.2489,98.0,,,1.0864,95.0
2024-10-09,0.6389,60.0,0.6373,60.0,1.0449,80.0,,,1.0005,78.0,0.7982,63.0,0.8023,68.0,1.8272,100.0,,,1.3882,100.0
2024-10-08,0.6107,57.0,0.6571,62.0,1.828,99.0,,,0.8233,61.0,0.8006,63.0,0.8028,68.0,1.1399,95.0,,,1.0894,96.0
2024-10-07,0.6118,57.0,0.6846,65.0,1.4268,94.0,,,1.0811,84.0,0.7999,63.0,0.8034,68.0,1.423,100.0,,,1.1728,99.0
2024-10-04,0.5431,50.0,0.6277,59.0,1.0216,79.0,,,1.0095,78.0,0.8078,65.0,0.8021,68.0,1.1632,96.0,,,1.1028,97.0
2024-10-03,0.6546,61.0,0.64,60.0,1.4934,95.0,,,1.2637,91.0,0.8069,64.0,0.8001,67.0,1.3235,99.0,,,1.338,100.0
2024-10-02,0.7936,71.0,0.6303,59.0,1.1214,85.0,,,0.9549,74.0,0.8065,64.0,0.7986,67.0,1.3157,99.0,,,1.2326,99.0
2024-10-01,0.7948,71.0,0.6417,61.0,1.1288,85.0,,,1.0119,79.0,0.807,64.0,0.798,67.0,1.2523,98.0,,,1.1616,99.0
2024-09-30,0.7953,71.0,0.6406,60.0,1.0627,82.0,,,1.0157,79.0,0.8057,64.0,0.8,67.0,1.1155,94.0,,,1.1338,98.0
2024-09-27,0.7816,70.0,0.6832,64.0,0.9283,71.0,,,1.0025,78.0,0.8059,64.0,0.799,67.0,1.1353,95.0,,,1.0789,95.0
2024-09-26,0.8647,75.0,0.7428,69.0,1.0384,80.0,,,0.9111,70.0,0.8082,65.0,0.7978,67.0,1.1303,95.0,,,1.0866,96.0
2024-09-25,0.7591,68.0,0.7579,71.0,0.9743,76.0,,,0.9605,75.0,0.8072,64.0,0.7986,67.0,1.1254,95.0,,,1.0846,95.0
2024-09-24,0.767,69.0,0.889,82.0,1.0029,78.0,,,0.9633,75.0,0.8013,63.0,0.7996,67.0,1.2479,98.0,,,1.089,96.0
2024-09-23,0.6789,62.0,0.9129,84.0,1.06,81.0,,,0.966,75.0,0.7963,62.0,0.7978,67.0,1.1092,94.0,,,1.0917,96.0
2024-09-20,0.792,71.0,0.9855,88.0,1.2811,90.0,,,0.8954,69.0,0.7958,62.0,0.7971,67.0,1.3394,99.0,,,1.0577,92.0
2024-09-19,0.7392,67.0,1.0463,91.0,1.0965,84.0,,,1.0147,79.0,0.7928,62.0,0.7968,66.0,1.4125,100.0,,,1.0914,96.0
2024-09-18,0.7398,67.0,1.0625,91.0,1.2252,89.0,,,1.1348,87.0,0.7956,62.0,0.7949,66.0,1.1911,97.0,,,1.0397,89.0
2024-09-17,0.4356,38.0,1.0184,89.0,1.3074,91.0,,,1.2921,92.0,0.7931,62.0,0.7911,66.0,1.2313,97.0,,,1.084,95.0
2024-09-16,0.6341,59.0,1.0569,91.0,1.5974,97.0,,,1.4098,95.0,0.8024,63.0,0.7938,66.0,1.0798,91.0,,,1.0609,93.0
2024-09-13,0.6212,57.0,0.9265,85.0,0.9781,76.0,,,1.0469,81.0,0.8023,63.0,0.7854,64.0,1.1036,93.0,,,1.0284,87.0
2024-09-12,0.6453,60.0,0.931,85.0,1.0574,81.0,,,1.2304,90.0,0.8082,65.0,0.789,65.0,1.0456,87.0,,,1.0825,95.0
2024-09-11,0.8832,76.0,0.9621,87.0,0.9789,76.0,,,1.0193,79.0,0.8035,64.0,0.7855,64.0,1.0374,86.0,,,1.0578,92.0
2024-09-10,0.8256,72.0,0.9034,83.0,1.0808,83.0,,,0.9749,76.0,0.8084,65.0,0.7831,64.0,1.0381,86.0,,,1.0171,85.0
2024-09-09,0.8264,72.0,0.867,80.0,0.9622,74.0,,,0.9625,75.0,0.8084,65.0,0.7789,63.0,1.0899,92.0,,,1.0194,85.0
2024-09-06,0.8987,77.0,0.9307,85.0,1.2033,88.0,,,1.0002,78.0,0.8061,64.0,0.7787,63.0,1.303,99.0,,,1.0603,93.0
2024-09-05,0.8967,77.0,0.9111,83.0,1.0806,83.0,,,1.0711,83.0,0.806,64.0,0.7755,63.0,1.089,92.0,,,1.4646,100.0
2024-09-04,1.1738,91.0,0.9945,88.0,1.0652,82.0,,,1.0738,83.0,0.8054,64.0,0.7763,63.0,1.062,89.0,,,1.018,85.0
2024-09-03,1.4152,96.0,1.0545,91.0,1.0033,78.0,,,1.0333,80.0,0.8055,64.0,0.774,63.0,1.0219,84.0,,,1.0519,91.0
2024-08-30,1.2421,93.0,1.0181,89.0,0.8861,67.0,,,0.9099,70.0,0.7976,63.0,0.7681,62.0,1.0724,90.0,,,1.039,89.0
2024-08-29,1.2477,93.0,1.0071,89.0,0.9577,74.0,,,0.9328,72.0,0.8057,64.0,0.7683,62.0,1.0665,89.0,,,1.0553,92.0
2024-08-28,1.2383,93.0,1.0264,90.0,0.9702,75.0,,,0.9834,77.0,0.806,64.0,0.766,62.0,1.0699,90.0,,,1.0478,91.0
2024-08-27,0.9818,82.0,1.0827,92.0,0.9143,70.0,,,0.9963,78.0,0.7924,62.0,0.7615,61.0,1.0871,92.0,,,1.0307,88.0
2024-08-26,0.8385,73.0,1.0468,91.0,0.985,76.0,,,0.9545,74.0,0.79,61.0,0.762,61.0,1.0419,87.0,,,1.0188,85.0
2024-08-23,0.7373,66.0,0.9582,86.0,0.9881,77.0,,,1.0121,79.0,0.7756,61.0,0.7556,61.0,1.0226,84.0,,,1.039,89.0
2024-08-22,0.5507,51.0,0.8818,81.0,0.8994,69.0,,,0.831,62.0,0.7599,59.0,0.7475,61.0,1.0042,82.0,,,1.0107,83.0
2024-08-21,0.6967,64.0,0.8717,81.0,0.9494,73.0,,,0.9655,75.0,0.7653,59.0,0.7435,60.0,1.0316,85.0,,,1.0113,84.0
2024-08-20,0.8115,72.0,0.8778,81.0,1.2691,90.0,,,1.0206,79.0,0.7649,59.0,0.744,60.0,1.057,88.0,,,1.0557,92.0
2024-08-19,0.8186,72.0,0.8326,77.0,1.0674,82.0,,,1.0303,80.0,0.7656,60.0,0.741,60.0,1.0828,91.0,,,1.0297,87.0
2024-08-16,0.701,64.0,0.6584,62.0,1.3792,93.0,,,1.4326,96.0,0.7562,57.0,0.7329,59.0,1.0325,85.0,,,1.0219,86.0
2024-08-15,0.8683,75.0,0.7489,69.0,1.6158,97.0,,,0.9563,74.0,0.7623,59.0,0.7362,59.0,1.0287,85.0,,,1.0332,88.0
2024-08-14,0.8615,75.0,0.766,71.0,1.2402,89.0,,,0.9971,78.0,0.7762,61.0,0.7462,60.0,1.0683,90.0,,,1.0299,88.0
2024-08-13,1.0128,84.0,0.8357,78.0,1.2338,89.0,,,0.9304,72.0,0.7766,61.0,0.745,60.0,1.0619,89.0,,,1.0471,90.0
2024-08-12,0.9711,82.0,0.899,83.0,0.8624,65.0,,,0.9977,78.0,0.7686,60.0,0.7404,60.0,1.1669,96.0,,,1.0154,84.0
2024-08-09,1.0058,84.0,0.9893,88.0,0.9624,75.0,,,0.9536,74.0,0.7777,61.0,0.7401,60.0,1.0987,93.0,,,1.0344,88.0
2024-08-08,1.011,84.0,1.0182,89.0,0.9354,72.0,,,1.0112,79.0,0.7781,61.0,0.7391,60.0,1.0177,83.0,,,1.0271,87.0
2024-08-07,0.7546,68.0,1.0694,92.0,1.1715,87.0,,,1.1115,85.0,0.7787,61.0,0.7401,60.0,1.2183,97.0,,,1.0193,85.0
2024-08-06,0.8113,72.0,1.0233,89.0,1.1267,85.0,,,1.0731,83.0,0.7755,60.0,0.7363,59.0,1.075,91.0,,,0.7754,59.0
2024-08-05,0.8672,75.0,1.0342,90.0,1.2537,89.0,,,1.3779,94.0,0.7757,61.0,0.7357,59.0,1.1018,93.0,,,1.0432,90.0
2024-08-02,0.943,80.0,0.9929,88.0,1.3592,92.0,,,1.0887,84.0,0.7683,60.0,0.7302,59.0,1.421,100.0,,,1.0098,83.0
2024-08-01,0.7035,64.0,0.9311,85.0,1.4972,96.0,,,1.5464,97.0,0.7542,57.0,0.7234,59.0,1.0693,90.0,,,1.0877,96.0
2024-07-31,0.6252,57.0,0.8419,78.0,1.5269,96.0,,,1.2233,90.0,0.7451,57.0,0.7173,59.0,1.0018,81.0,,,1.0152,84.0
2024-07-30,0.6704,62.0,0.8076,75.0,1.3584,92.0,,,1.3142,93.0,0.7467,57.0,0.715,59.0,1.0071,82.0,,,0.9825,77.0
2024-07-29,0.6245,57.0,0.763,71.0,1.2245,89.0,,,1.2092,89.0,0.7435,57.0,0.7161,59.0,0.9847,78.0,,,0.9794,76.0
2024-07-26,0.7001,64.0,0.915,84.0,1.2045,88.0,,,1.2223,90.0,0.7461,57.0,0.7151,59.0,0.9804,77.0,,,1.001,81.0
2024-07-25,0.7427,67.0,1.013,89.0,1.3603,92.0,,,1.067,83.0,0.7611,59.0,0.7179,59.0,1.0028,81.0,,,1.0085,83.0
2024-07-24,1.2224,93.0,1.0768,92.0,1.4349,94.0,,,1.1158,85.0,0.7601,59.0,0.7139,59.0,1.0667,90.0,,,1.0108,83.0
2024-07-23,1.3354,95.0,1.1132,94.0,1.4144,94.0,,,1.2736,92.0,0.7578,59.0,0.7099,57.0,1.0218,84.0,,,1.0109,83.0
2024-07-22,1.4079,96.0,1.1155,94.0,1.3205,91.0,,,1.0805,84.0,0.7591,59.0,0.7122,57.0,0.9961,80.0,,,1.0154,84.0
2024-07-19,1.442,96.0,1.1108,94.0,1.5895,97.0,,,1.278,92.0,0.7595,59.0,0.7145,59.0,1.3707,99.0,,,1.0706,94.0
2024-07-18,1.3504,95.0,1.1256,94.0,1.4452,95.0,,,0.9863,77.0,0.7714,60.0,0.716,59.0,1.0649,89.0,,,1.0775,95.0
2024-07-17,1.1574,91.0,1.0482,91.0,1.0528,81.0,,,1.2014,89.0,0.7702,60.0,0.7074,57.0,1.0066,82.0,,,1.005,82.0
2024-07-16,0.7865,70.0,0.9264,84.0,1.0727,82.0,,,0.9968,78.0,0.7653,59.0,0.7029,57.0,0.9875,78.0,,,0.9816,77.0
2024-07-15,0.806,71.0,0.8023,75.0,0.7613,57.0,,,0.8255,61.0,0.7396,57.0,0.6936,57.0,0.8905,63.0,,,1.0007,81.0
2024-07-12,0.659,61.0,0.6824,64.0,0.7538,57.0,,,1.1887,89.0,0.7294,55.0,0.687,57.0,0.9686,75.0,,,1.0025,82.0
2024-07-11,0.5852,55.0,0.6626,63.0,0.7096,54.0,,,0.6974,51.0,0.7163,54.0,0.6871,57.0,0.9994,81.0,,,0.9705,74.0
2024-07-10,0.4604,41.0,0.6799,64.0,0.9905,77.0,,,0.8327,62.0,0.7069,53.0,0.6889,57.0,0.9938,80.0,,,0.9996,81.0
2024-07-09,0.4867,44.0,0.6653,63.0,1.1456,86.0,,,0.7487,56.0,0.7068,53.0,0.6868,57.0,1.0026,81.0,,,0.9882,78.0
2024-07-08,0.3956,33.0,0.5685,53.0,1.1024,84.0,,,0.8164,60.0,0.7077,53.0,0.684,57.0,1.033,86.0,,,1.0069,82.0
2024-07-05,0.4562,41.0,0.6491,61.0,0.7258,55.0,,,0.8488,64.0,0.7182,54.0,0.6864,57.0,0.9973,80.0,,,0.9942,80.0
2024-07-03,0.5356,49.0,0.6381,60.0,0.834,63.0,,,0.8361,62.0,0.7312,56.0,0.692,57.0,1.0191,84.0,,,1.0043,82.0
2024-07-02,0.5088,47.0,0.6417,61.0,0.8219,62.0,,,1.2523,91.0,0.73,56.0,0.6913,57.0,1.0316,85.0,,,0.9834,77.0
2024-07-01,0.5386,50.0,0.645,61.0,1.5467,96.0,,,0.8392,63.0,0.7338,56.0,0.6907,57.0,1.0069,82.0,,,0.9889,79.0
2024-06-28,0.6346,59.0,0.651,61.0,0.8883,68.0,,,0.7293,54.0,0.7353,56.0,0.6892,57.0,1.012,83.0,,,0.9777,76.0
2024-06-27,0.6294,59.0,0.6136,57.0,0.8551,65.0,,,0.634,44.0,0.7367,57.0,0.6885,57.0,1.0165,83.0,,,1.0103,83.0
2024-06-26,0.6081,57.0,0.6247,59.0,0.9466,73.0,,,0.7363,54.0,0.7355,56.0,0.6885,57.0,0.9885,79.0,,,0.9944,80.0
2024-06-25,0.4378,38.0,0.5398,50.0,0.7487,56.0,,,0.7722,57.0,0.7321,56.0,0.6846,57.0,1.0237,84.0,,,0.9722,74.0
2024-06-24,0.4653,42.0,0.6161,57.0,0.7202,55.0,,,0.7308,54.0,0.7308,56.0,0.6837,57.0,0.9981,80.0,,,0.9831,77.0
2024-06-21,0.6398,60.0,0.7638,71.0,0.9209,70.0,,,0.738,55.0,0.7426,57.0,0.6866,57.0,0.9678,75.0,,,0.9739,75.0
2024-06-20,0.6045,57.0,0.744,69.0,1.1368,85.0,,,0.7924,59.0,0.7451,57.0,0.6857,57.0,1.2927,99.0,,,0.9622,72.0
2024-06-18,0.5246,48.0,0.6944,65.0,0.5826,41.0,,,0.7047,52.0,0.7474,57.0,0.6903,57.0,0.9853,78.0,,,0.9748,75.0
2024-06-17,0.6253,57.0,0.6916,65.0,0.7051,53.0,,,0.7189,53.0,0.7542,57.0,0.6911,57.0,0.9535,71.0,,,0.9527,71.0
2024-06-14,0.6694,62.0,0.6911,65.0,0.6182,46.0,,,0.7473,55.0,0.7531,57.0,0.6925,57.0,0.9394,68.0,,,0.9403,69.0
2024-06-13,0.7021,64.0,0.6846,65.0,0.6631,50.0,,,0.9005,69.0,0.7692,60.0,0.7011,57.0,0.9966,80.0,,,0.9302,68.0
2024-06-12,0.5888,55.0,0.6237,57.0,0.7397,56.0,,,0.8937,68.0,0.7812,61.0,0.7012,57.0,0.9114,64.0,,,0.9586,72.0
2024-06-11,0.508,47.0,0.4313,36.0,0.7742,57.0,,,0.7944,59.0,0.8205,66.0,0.7088,57.0,0.912,64.0,,,0.9383,69.0
2024-06-10,0.5523,51.0,0.4489,39.0,0.856,65.0,,,0.857,65.0,0.8222,66.0,0.7139,59.0,0.9639,73.0,,,0.9175,67.0
2024-06-07,0.5672,53.0,0.47,42.0,0.6607,50.0,,,0.8076,60.0,0.8225,66.0,0.7155,59.0,0.9361,67.0,,,0.9457,70.0
2024-06-06,0.5548,52.0,0.4833,44.0,0.7921,59.0,,,0.9224,71.0,0.8189,65.0,0.7173,59.0,0.9431,69.0,,,0.9575,72.0
2024-06-05,0.565,53.0,0.479,43.0,0.7318,55.0,,,0.6355,44.0,0.819,66.0,0.7181,59.0,0.9743,76.0,,,0.9403,69.0
2024-06-04,0.5448,50.0,0.4842,44.0,0.795,60.0,,,1.0565,82.0,0.8185,65.0,0.7213,59.0,0.9568,72.0,,,0.9465,70.0
2024-06-03,0.5937,55.0,0.4943,46.0,0.7358,56.0,,,0.9437,73.0,0.8185,65.0,0.7253,59.0,0.9535,71.0,,,0.9557,71.0
2024-05-31,0.6068,57.0,0.5299,49.0,1.0145,79.0,,,0.7937,59.0,0.8197,66.0,0.7262,59.0,0.9496,70.0,,,0.9565,72.0
2024-05-30,0.6629,61.0,0.5499,51.0,0.8011,60.0,,,0.83,62.0,0.8308,66.0,0.7377,60.0,0.9574,72.0,,,0.9654,73.0
2024-05-29,0.6173,57.0,0.559,52.0,0.8153,61.0,,,0.7845,57.0,0.8299,66.0,0.7398,60.0,1.0042,82.0,,,0.9671,73.0
2024-05-28,0.5384,50.0,0.5514,51.0,0.9027,69.0,,,0.766,57.0,0.827,66.0,0.7416,60.0,0.9559,72.0,,,0.9579,72.0
2024-05-24,0.4278,37.0,0.5551,52.0,0.6898,52.0,,,0.6976,51.0,0.8288,66.0,0.7462,60.0,0.9702,75.0,,,1.0447,90.0
2024-05-23,0.449,40.0,0.7584,71.0,0.7012,53.0,,,0.7477,55.0,0.8324,66.0,0.7481,61.0,1.5758,100.0,,,0.9681,74.0
2024-05-22,0.4355,37.0,0.7852,73.0,1.0673,82.0,,,0.7864,57.0,0.8359,66.0,0.7484,61.0,0.9625,73.0,,,0.9731,75.0
2024-05-21,0.6601,61.0,0.7686,72.0,0.9343,72.0,,,1.3829,94.0,0.838,66.0,0.7472,60.0,0.9506,70.0,,,0.9661,73.0
2024-05-20,0.454,40.0,0.7479,69.0,0.9214,71.0,,,0.7994,59.0,0.8369,66.0,0.7461,60.0,0.9795,77.0,,,0.971,74.0
2024-05-17,0.6334,59.0,0.793,74.0,0.9624,75.0,,,0.7851,57.0,0.8373,66.0,0.7469,60.0,0.9898,79.0,,,0.977,75.0
2024-05-16,0.7789,70.0,0.8061,75.0,0.8289,63.0,,,0.821,60.0,0.8382,67.0,0.748,61.0,0.9662,74.0,,,0.9051,66.0
2024-05-15,0.8319,73.0,0.8232,76.0,0.9011,69.0,,,0.8309,62.0,0.8395,67.0,0.7486,61.0,0.9876,78.0,,,0.9879,78.0
2024-05-14,0.8933,77.0,0.6695,63.0,0.7632,57.0,,,0.8805,68.0,0.8463,67.0,0.7427,60.0,0.9749,76.0,,,0.9913,79.0
2024-05-13,0.9582,81.0,0.8453,78.0,0.9458,73.0,,,0.8214,61.0,0.8631,69.0,0.7411,60.0,0.8731,63.0,,,0.9937,80.0
2024-05-10,0.9214,78.0,0.8403,78.0,0.7612,57.0,,,0.8583,65.0,0.8588,69.0,0.7406,60.0,0.9556,72.0,,,0.978,76.0
2024-05-09,0.9237,79.0,0.8868,82.0,1.0235,79.0,,,0.909,70.0,0.8597,69.0,0.7412,60.0,0.996,80.0,,,0.988,78.0
2024-05-08,0.9386,80.0,0.8595,79.0,1.1911,88.0,,,0.7989,59.0,0.8581,69.0,0.7444,60.0,0.9892,79.0,,,1.0193,85.0
2024-05-07,0.8481,74.0,0.8773,81.0,1.0425,80.0,,,0.9422,73.0,0.8564,69.0,0.7455,60.0,0.9649,74.0,,,1.0023,81.0
2024-05-06,0.7777,70.0,0.8753,81.0,0.9631,75.0,,,0.8268,61.0,0.8554,69.0,0.7479,61.0,0.9285,66.0,,,0.9912,79.0
2024-05-03,0.7738,69.0,0.8721,81.0,0.8032,60.0,,,1.1306,86.0,0.8534,68.0,0.7577,61.0,0.9779,77.0,,,0.9856,78.0
2024-05-02,0.5507,51.0,0.6775,64.0,1.6171,97.0,,,1.6159,98.0,0.8479,67.0,0.7729,62.0,0.9933,80.0,,,0.9945,80.0
2024-05-01,0.5816,54.0,0.7089,67.0,1.5079,96.0,,,1.4888,97.0,0.8751,70.0,0.7779,63.0,1.0131,83.0,,,0.9593,72.0
2024-04-30,0.5764,54.0,0.6529,62.0,1.5219,96.0,,,1.4764,97.0,0.8751,70.0,0.7754,63.0,0.891,63.0,,,0.9981,81.0
2024-04-29,0.4439,39.0,0.6214,57.0,1.3846,93.0,,,1.4117,95.0,0.8807,70.0,0.7897,65.0,0.96,73.0,,,1.0075,83.0
2024-04-26,0.4426,38.0,0.6139,57.0,1.4245,94.0,,,1.4432,96.0,0.8806,70.0,0.79,65.0,0.9731,76.0,,,1.0056,82.0
2024-04-25,0.3729,28.0,0.605,57.0,1.2243,89.0,,,1.4215,95.0,0.88,70.0,0.7897,65.0,0.958,72.0,,,0.969,74.0
2024-04-24,0.309,20.0,0.5866,55.0,1.3172,91.0,,,1.422,95.0,0.8784,70.0,0.7899,65.0,0.9398,68.0,,,0.9825,77.0
2024-04-23,0.4603,41.0,0.6327,59.0,1.3863,93.0,,,1.0033,78.0,0.8784,70.0,0.7892,65.0,0.9642,74.0,,,0.9961,80.0
2024-04-22,0.453,40.0,0.6016,56.0,1.3051,91.0,,,1.2755,92.0,0.8787,70.0,0.7871,64.0,0.9753,76.0,,,0.9887,79.0
2024-04-19,0.4604,41.0,0.604,57.0,1.0345,80.0,,,0.9732,76.0,0.8794,70.0,0.7888,65.0,0.9641,74.0,,,0.9838,77.0
2024-04-18,0.6913,63.0,0.6457,61.0,0.9765,76.0,,,1.0029,78.0,0.8794,70.0,0.7899,65.0,0.9952,80.0,,,0.996,80.0
2024-04-17,0.741,67.0,0.6014,56.0,0.8937,68.0,,,1.0332,80.0,0.8809,70.0,0.791,66.0,0.9199,65.0,,,0.9813,77.0
2024-04-16,0.7347,66.0,0.5969,56.0,0.8846,67.0,,,0.8636,66.0,0.8867,71.0,0.7934,66.0,0.9149,64.0,,,0.9913,79.0
2024-04-15,0.7278,66.0,0.5852,54.0,0.9016,69.0,,,0.8118,60.0,0.8866,71.0,0.7937,66.0,1.491,100.0,,,1.0038,82.0
2024-04-12,0.6932,63.0,0.5833,54.0,0.8453,64.0,,,0.8396,63.0,0.8817,71.0,0.7911,66.0,0.9499,70.0,,,0.9834,77.0
2024-04-11,0.7606,68.0,0.569,53.0,0.8481,64.0,,,0.8375,63.0,0.8801,70.0,0.7919,66.0,1.6969,100.0,,,0.9832,77.0
2024-04-10,0.76,68.0,0.5564,52.0,0.8614,65.0,,,0.829,62.0,0.8869,71.0,0.7948,66.0,0.9798,77.0,,,0.9624,73.0
2024-04-09,0.4873,45.0,0.5432,51.0,0.9452,73.0,,,0.825,61.0,0.8725,70.0,0.7954,66.0,0.9177,65.0,,,0.9869,78.0
2024-04-08,0.5128,47.0,0.6291,59.0,0.7788,57.0,,,0.84,63.0,0.8823,71.0,0.8021,68.0,0.9509,70.0,,,0.9847,78.0
2024-04-05,0.5363,49.0,0.6123,57.0,0.936,72.0,,,0.7538,56.0,0.8855,71.0,0.803,68.0,1.0322,85.0,,,0.9825,77.0
2024-04-04,0.5312,49.0,0.621,57.0,0.8366,63.0,,,0.8673,66.0,0.8861,71.0,0.8046,68.0,1.0231,84.0,,,0.9829,77.0
2024-04-03,0.4904,45.0,0.5655,53.0,0.8571,65.0,,,0.8478,64.0,0.8845,71.0,0.8019,68.0,0.961,73.0,,,0.9724,75.0
2024-04-02,0.4725,43.0,0.5926,55.0,0.9024,69.0,,,0.8482,64.0,0.8994,72.0,0.8069,69.0,0.9548,71.0,,,0.9672,73.0
2024-04-01,0.5637,53.0,0.6026,56.0,1.0538,81.0,,,0.8598,65.0,0.9112,72.0,0.8102,69.0,0.9172,65.0,,,0.9604,72.0
2024-03-28,0.6986,64.0,0.6627,63.0,0.7874,59.0,,,0.7054,52.0,0.9093,72.0,0.8102,69.0,0.9203,65.0,,,0.9568,72.0
2024-03-27,0.7871,70.0,0.6269,59.0,0.7424,56.0,,,0.7866,57.0,0.9087,72.0,0.8108,69.0,0.9923,79.0,,,0.9418,70.0
2024-03-26,0.9008,77.0,0.7671,71.0,0.7927,59.0,,,0.8062,60.0,0.9091,72.0,0.8133,70.0,0.9108,64.0,,,0.9445,70.0
2024-03-25,0.8823,76.0,0.8046,75.0,0.7138,54.0,,,0.8006,59.0,0.9153,73.0,0.8174,70.0,0.9244,66.0,,,0.9415,70.0
2024-03-22,1.067,87.0,0.8426,78.0,0.8411,63.0,,,0.7612,56.0,0.9162,73.0,0.8191,70.0,1.0733,90.0,,,0.9177,67.0
2024-03-21,0.9992,83.0,0.8267,77.0,0.8,60.0,,,0.8343,62.0,0.917,73.0,0.8187,70.0,0.9252,66.0,,,0.9592,72.0
2024-03-20,0.9773,82.0,0.8329,77.0,0.8322,63.0,,,0.8742,67.0,0.9145,73.0,0.8203,71.0,0.8244,59.0,,,0.9519,71.0
2024-03-19,0.8339,73.0,0.7805,72.0,0.8723,66.0,,,0.8293,62.0,0.9315,74.0,0.8282,72.0,0.8309,60.0,,,0.9384,69.0
2024-03-18,0.8343,73.0,0.7776,72.0,0.9144,70.0,,,0.9012,69.0,0.9349,74.0,0.8338,73.0,0.9251,66.0,,,1.0448,90.0
2024-03-15,0.635,59.0,0.6709,63.0,0.9293,71.0,,,0.8505,64.0,0.9284,74.0,0.8279,72.0,0.9458,69.0,,,0.8528,63.0
2024-03-14,0.7634,69.0,0.6683,63.0,0.8274,62.0,,,0.86,65.0,0.9282,74.0,0.826,71.0,0.9165,65.0,,,0.9315,68.0
2024-03-13,0.773,69.0,0.6415,60.0,0.9885,77.0,,,0.8953,69.0,0.9245,73.0,0.8264,71.0,0.8953,63.0,,,1.0138,84.0
2024-03-12,0.7771,70.0,0.6305,59.0,1.2083,88.0,,,0.858,65.0,0.925,73.0,0.8265,71.0,1.0073,82.0,,,1.064,93.0
2024-03-11,0.7861,70.0,0.6301,59.0,1.0076,78.0,,,0.9628,75.0,0.9277,74.0,0.8265,71.0,0.9468,69.0,,,1.142,98.0
2024-03-08,0.7361,66.0,0.6787,64.0,0.8467,64.0,,,0.8205,60.0,0.925,73.0,0.8266,71.0,0.9181,65.0,,,1.0518,91.0
2024-03-07,0.7217,65.0,0.654,62.0,0.9199,70.0,,,0.8661,66.0,0.9245,73.0,0.8254,71.0,0.8927,63.0,,,1.1237,97.0
2024-03-06,0.7355,66.0,0.6316,59.0,0.847,64.0,,,0.8743,67.0,0.9244,73.0,0.8242,71.0,0.8956,63.0,,,1.0418,90.0
2024-03-05,0.7409,67.0,0.6147,57.0,0.8261,62.0,,,0.8411,63.0,0.9206,73.0,0.8252,71.0,1.0097,83.0,,,1.0379,89.0
2024-03-04,0.5389,50.0,0.6021,56.0,0.8504,64.0,,,0.8746,67.0,0.9128,72.0,0.8244,71.0,0.8413,60.0,,,1.1562,99.0
2024-03-01,0.5053,46.0,0.6229,57.0,0.7449,56.0,,,0.8227,61.0,0.9129,72.0,0.8269,71.0,0.8897,63.0,,,0.926,68.0
2024-02-29,0.5381,50.0,0.6437,61.0,0.7662,57.0,,,0.8451,63.0,0.9127,72.0,0.828,72.0,0.9932,80.0,,,0.5603,34.0
2024-02-28,0.7381,67.0,0.6414,60.0,0.8317,63.0,,,0.7908,59.0,0.9124,72.0,0.8273,72.0,0.9252,66.0,,,0.9279,68.0
2024-02-27,0.9975,83.0,0.8178,76.0,0.6248,46.0,,,0.823,61.0,0.9147,73.0,0.8298,72.0,0.9918,79.0,,,0.8942,65.0
2024-02-26,0.9767,82.0,0.8429,78.0,0.8192,61.0,,,0.8461,64.0,0.9197,73.0,0.8338,73.0,0.9002,64.0,,,0.9249,68.0
2024-02-23,0.9688,81.0,0.8236,76.0,0.8968,69.0,,,0.7861,57.0,0.9169,73.0,0.8328,73.0,0.9114,64.0,,,0.9523,71.0
2024-02-22,1.0738,87.0,0.8164,76.0,0.7689,57.0,,,0.935,72.0,0.9184,73.0,0.8336,73.0,0.9807,77.0,,,0.9296,68.0
2024-02-21,1.0631,86.0,0.8013,74.0,0.789,59.0,,,0.8634,66.0,0.9211,73.0,0.8358,74.0,0.9248,66.0,,,0.9281,68.0
2024-02-20,1.0977,88.0,0.7879,73.0,0.9454,73.0,,,0.9415,73.0,0.9234,73.0,0.8386,74.0,0.9211,65.0,,,0.9379,69.0
2024-02-16,1.0963,88.0,0.7501,70.0,0.8224,62.0,,,0.9072,70.0,0.9182,73.0,0.8385,74.0,1.0741,90.0,,,0.9435,70.0
2024-02-15,0.8563,74.0,0.5567,52.0,1.7438,99.0,,,1.6942,99.0,0.9054,72.0,0.8308,72.0,1.1276,95.0,,,0.9875,78.0
2024-02-14,0.8376,73.0,0.559,52.0,1.5739,97.0,,,1.5677,98.0,0.9058,72.0,0.8303,72.0,0.9546,71.0,,,0.9637,73.0
2024-02-13,0.9296,79.0,0.6051,57.0,1.5941,97.0,,,1.604,98.0,0.9022,72.0,0.8308,72.0,1.0004,81.0,,,0.9763,75.0
2024-02-12,0.7279,66.0,0.6249,59.0,1.4322,94.0,,,1.4079,95.0,0.8923,71.0,0.8304,72.0,1.0024,81.0,,,0.9714,74.0
2024-02-09,0.7483,67.0,0.6451,61.0,1.4105,94.0,,,1.3694,94.0,0.8938,72.0,0.8306,72.0,0.9428,69.0,,,0.9638,73.0
2024-02-08,0.6939,63.0,0.7244,67.0,1.3857,93.0,,,1.3638,94.0,0.891,71.0,0.8311,73.0,1.1062,94.0,,,0.9471,70.0
2024-02-07,0.6468,60.0,0.7093,67.0,1.2993,90.0,,,1.2543,91.0,0.8896,71.0,0.8312,73.0,0.9393,68.0,,,0.9683,74.0
2024-02-06,0.9937,83.0,0.7828,73.0,1.3808,93.0,,,1.342,93.0,0.8895,71.0,0.8356,74.0,0.9509,70.0,,,0.9665,73.0
2024-02-05,0.9788,82.0,0.7528,70.0,1.4102,94.0,,,1.3868,94.0,0.8905,71.0,0.8368,74.0,0.934,67.0,,,0.9684,74.0
2024-02-02,0.8467,74.0,0.7246,67.0,1.0083,78.0,,,1.0435,81.0,0.883,71.0,0.8399,75.0,0.9223,66.0,,,0.9521,71.0
2024-02-01,0.9039,77.0,0.7623,71.0,1.0024,78.0,,,1.0105,79.0,0.8839,71.0,0.8428,75.0,0.9167,65.0,,,0.964,73.0
2024-01-31,0.9206,78.0,0.8,74.0,1.0317,80.0,,,1.031,80.0,0.9842,77.0,0.8558,76.0,0.9135,64.0,,,0.9604,72.0
2024-01-30,1.071,87.0,0.7618,71.0,0.9612,74.0,,,0.8946,68.0,0.983,77.0,0.8532,76.0,0.8091,57.0,,,0.8269,62.0
2024-01-29,0.9791,82.0,0.8013,74.0,0.9249,71.0,,,0.9406,73.0,0.9903,79.0,0.8554,76.0,0.8434,61.0,,,0.9365,69.0
2024-01-26,0.8891,76.0,0.8045,75.0,1.1399,86.0,,,0.8788,67.0,0.9794,76.0,0.8535,76.0,0.9586,72.0,,,0.823,62.0
2024-01-25,0.9194,78.0,0.8087,75.0,0.8954,68.0,,,0.9144,70.0,0.9828,77.0,0.8538,76.0,0.838,60.0,,,0.8403,62.0
2024-01-24,1.014,84.0,0.8204,76.0,0.9327,71.0,,,0.9017,69.0,0.9983,80.0,0.8577,77.0,0.9261,66.0,,,0.9468,70.0
2024-01-23,0.9926,83.0,0.788,73.0,0.9372,72.0,,,0.8962,69.0,0.9982,80.0,0.8597,77.0,0.9392,68.0,,,0.9175,67.0
2024-01-22,0.9869,83.0,0.7734,72.0,0.98,76.0,,,0.9251,71.0,0.9973,80.0,0.8571,76.0,0.9364,67.0,,,0.9497,71.0
2024-01-19,0.6289,59.0,0.7347,68.0,0.9589,74.0,,,0.9149,70.0,0.986,78.0,0.856,76.0,1.0904,93.0,,,1.0024,81.0
2024-01-18,0.4477,39.0,0.7227,67.0,0.9211,71.0,,,0.8747,67.0,0.988,78.0,0.8568,76.0,0.9364,67.0,,,0.9541,71.0
2024-01-17,0.8741,75.0,0.6727,63.0,0.9105,70.0,,,0.9299,72.0,0.9875,78.0,0.8534,76.0,0.9311,67.0,,,0.957,72.0
2024-01-16,1.0056,84.0,0.778,72.0,0.9346,72.0,,,0.9191,71.0,0.9884,79.0,0.8549,76.0,1.0178,83.0,,,1.1941,99.0
2024-01-12,0.9381,80.0,0.7552,70.0,0.7944,60.0,,,0.8198,60.0,0.9827,77.0,0.8563,76.0,1.6655,100.0,,,0.9625,73.0
2024-01-11,0.9668,81.0,0.7272,68.0,0.8661,66.0,,,0.8302,62.0,0.9829,77.0,0.8559,76.0,1.3013,99.0,,,0.7016,55.0
2024-01-10,0.9734,82.0,0.6851,65.0,0.9379,72.0,,,0.9998,78.0,0.9826,77.0,0.8541,76.0,0.9428,69.0,,,0.8539,63.0
2024-01-09,0.9621,81.0,0.6973,66.0,0.8652,66.0,,,0.8526,64.0,0.9896,79.0,0.8593,77.0,1.2776,98.0,,,0.8517,63.0
2024-01-08,0.9412,80.0,0.6583,62.0,0.803,60.0,,,0.7739,57.0,0.9856,78.0,0.8607,77.0,1.0012,81.0,,,1.4169,100.0
2024-01-05,0.6149,57.0,0.6147,57.0,0.8259,62.0,,,0.8196,60.0,0.9872,78.0,0.8628,77.0,1.5841,100.0,,,0.8925,65.0
2024-01-04,0.4877,45.0,0.4528,40.0,0.8569,65.0,,,0.7888,57.0,0.9842,77.0,0.8606,77.0,1.0593,89.0,,,0.9092,66.0
2024-01-03,0.8028,71.0,0.5447,51.0,0.8276,62.0,,,0.8819,68.0,0.988,78.0,0.8647,77.0,0.9395,68.0,,,1.0594,93.0
2024-01-02,0.748,67.0,0.5421,51.0,0.8775,67.0,,,0.9015,69.0,0.9842,77.0,0.8647,77.0,0.939,68.0,,,0.7536,57.0
2023-12-29,0.8578,74.0,0.6707,63.0,0.8094,61.0,,,0.8177,60.0,0.9853,78.0,0.8649,77.0,1.0682,90.0,,,0.9882,78.0
2023-12-28,0.854,74.0,0.6631,63.0,0.8237,62.0,,,0.849,64.0,0.9861,78.0,0.8659,77.0,0.9326,67.0,,,1.0076,83.0
2023-12-27,0.8379,73.0,0.6981,66.0,0.8664,66.0,,,0.8784,67.0,0.9899,79.0,0.869,77.0,0.9706,75.0,,,1.0614,93.0
2023-12-26,1.1822,92.0,0.8352,78.0,0.8829,67.0,,,0.88,68.0,0.9901,79.0,0.871,78.0,1.178,96.0,,,0.8544,63.0
2023-12-22,1.3286,95.0,0.8993,83.0,0.8525,64.0,,,0.8456,63.0,0.9903,79.0,0.874,78.0,1.0191,84.0,,,0.8196,61.0
2023-12-21,1.616,98.0,1.0641,92.0,0.8238,62.0,,,0.8809,68.0,1.0078,81.0,0.8836,78.0,1.0475,87.0,,,0.8937,65.0
2023-12-20,1.6642,98.0,1.1186,94.0,0.8897,68.0,,,0.8997,69.0,1.0263,83.0,0.8933,79.0,1.0981,93.0,,,0.9313,68.0
2023-12-19,1.5625,98.0,1.0536,91.0,0.8276,62.0,,,0.8361,62.0,1.0199,82.0,0.8893,78.0,1.0892,92.0,,,0.8041,60.0
2023-12-18,1.5393,97.0,1.0631,91.0,0.8763,67.0,,,0.8816,68.0,1.0228,82.0,0.8934,79.0,1.0573,88.0,,,1.0396,89.0
2023-12-15,1.5351,97.0,1.0573,91.0,0.8899,68.0,,,0.9313,72.0,1.023,82.0,0.8949,79.0,0.9417,68.0,,,2.2712,100.0
2023-12-14,1.1952,92.0,0.9879,88.0,0.9784,76.0,,,0.9693,76.0,1.0089,81.0,0.893,79.0,0.9192,65.0,,,0.6924,54.0
2023-12-13,1.1434,90.0,0.9984,88.0,0.9529,74.0,,,0.8652,66.0,0.9988,80.0,0.8977,79.0,0.9651,74.0,,,2.0138,100.0
2023-12-12,0.4571,41.0,0.7922,74.0,0.8006,60.0,,,0.7735,57.0,0.9665,76.0,0.8864,78.0,1.0217,84.0,,,0.8584,64.0
2023-12-11,0.5978,56.0,0.9028,83.0,0.8777,67.0,,,0.8637,66.0,0.9646,75.0,0.885,78.0,0.9578,72.0,,,0.926,68.0
2023-12-08,0.5396,50.0,0.92,84.0,0.8693,66.0,,,0.8901,68.0,0.9641,75.0,0.8897,79.0,2.0483,100.0,,,0.9428,70.0
2023-12-07,0.5423,50.0,0.9295,85.0,0.9452,73.0,,,0.9255,71.0,0.976,76.0,0.894,79.0,1.8219,100.0,,,0.8533,63.0
2023-12-06,0.5555,52.0,0.9786,87.0,0.99,77.0,,,0.9755,76.0,0.9829,77.0,0.8963,79.0,1.0467,87.0,,,1.0038,82.0
2023-12-05,0.5596,52.0,0.9667,87.0,0.9732,76.0,,,0.9665,75.0,0.9842,77.0,0.8978,79.0,0.9512,71.0,,,0.9969,80.0
2023-12-04,0.4724,43.0,0.9211,84.0,1.0167,79.0,,,1.0151,79.0,0.9882,78.0,0.8984,79.0,0.9549,71.0,,,0.9982,81.0
2023-12-01,0.451,40.0,0.9102,83.0,0.9132,70.0,,,0.8901,68.0,0.991,79.0,0.8987,79.0,0.9564,72.0,,,0.9841,78.0
2023-11-30,0.7148,65.0,0.7223,67.0,0.8951,68.0,,,0.9097,70.0,0.9827,77.0,0.8941,79.0,0.9721,75.0,,,0.9851,78.0
2023-11-29,0.6988,64.0,0.7069,66.0,0.9038,69.0,,,0.8996,69.0,0.985,77.0,0.8936,79.0,1.1471,96.0,,,0.9839,77.0
2023-11-28,0.6964,64.0,0.6865,65.0,0.8195,61.0,,,0.8774,67.0,0.9913,79.0,0.9004,79.0,0.7809,57.0,,,0.8992,65.0
2023-11-27,0.7722,69.0,0.6096,57.0,0.8674,66.0,,,0.8652,66.0,0.9893,79.0,0.9023,80.0,0.9428,69.0,,,0.9194,67.0
2023-11-24,0.8298,73.0,0.6559,62.0,0.8292,63.0,,,0.8439,63.0,0.9917,79.0,0.9036,80.0,0.9194,65.0,,,0.8137,61.0
2023-11-22,1.0104,84.0,0.6512,61.0,1.0903,83.0,,,0.908,70.0,0.9893,79.0,0.9047,80.0,1.367,99.0,,,0.9914,79.0
2023-11-21,1.0422,86.0,0.6459,61.0,1.0792,83.0,,,0.8467,64.0,0.9875,78.0,0.9048,80.0,1.1547,96.0,,,1.0269,87.0
2023-11-20,0.8654,75.0,0.6555,62.0,0.8183,61.0,,,0.8991,69.0,0.99,79.0,0.916,81.0,0.949,70.0,,,0.947,70.0
2023-11-17,1.0638,86.0,0.7511,70.0,0.9483,73.0,,,0.8336,62.0,0.9913,79.0,0.9181,81.0,1.0362,86.0,,,1.0711,94.0
2023-11-16,1.0776,87.0,0.7636,71.0,0.9096,70.0,,,0.9055,69.0,0.9928,80.0,0.9245,82.0,1.1278,95.0,,,1.029,87.0
2023-11-15,1.0014,84.0,0.8126,76.0,0.901,69.0,,,0.9159,71.0,0.9942,80.0,0.9269,82.0,1.0998,93.0,,,1.0156,84.0
2023-11-14,1.03,85.0,0.9213,84.0,0.9267,71.0,,,0.9369,72.0,0.9883,78.0,0.9252,82.0,1.1252,94.0,,,0.9294,68.0
2023-11-13,0.7567,68.0,1.2522,97.0,0.9274,71.0,,,0.859,65.0,0.9737,76.0,0.9253,82.0,1.0253,85.0,,,1.0163,85.0
2023-11-10,1.2249,93.0,1.3079,98.0,0.9446,73.0,,,0.8785,67.0,0.9968,80.0,0.9341,83.0,1.0883,92.0,,,0.9563,71.0
2023-11-09,1.224,93.0,1.306,98.0,0.9661,75.0,,,1.008,78.0,0.9965,80.0,0.9344,83.0,0.9805,77.0,,,1.024,86.0
2023-11-08,1.2954,94.0,1.4034,99.0,0.9481,73.0,,,1.026,80.0,0.9955,80.0,0.935,83.0,1.0834,91.0,,,1.0269,87.0
2023-11-07,1.2625,94.0,1.4076,99.0,1.0668,82.0,,,1.0102,78.0,0.9989,80.0,0.9395,84.0,1.0319,85.0,,,1.0397,89.0
2023-11-06,1.2427,93.0,1.3805,98.0,1.0614,82.0,,,1.0866,84.0,0.9977,80.0,0.9397,84.0,0.9921,79.0,,,1.0293,87.0
2023-11-03,1.2192,93.0,1.2814,97.0,1.0448,80.0,,,1.1089,85.0,0.9963,80.0,0.9555,87.0,1.1108,94.0,,,1.0587,92.0
2023-11-02,1.1978,92.0,0.9535,86.0,1.6631,98.0,,,1.7585,99.0,0.9959,80.0,0.9414,85.0,1.2069,97.0,,,1.0286,87.0
2023-11-01,0.6512,60.0,0.8693,80.0,1.6683,98.0,,,1.7432,99.0,0.9911,79.0,0.9476,86.0,1.0872,92.0,,,1.0628,93.0
2023-10-31,0.6464,60.0,0.8939,82.0,1.7574,99.0,,,1.7771,100.0,1.0693,86.0,0.9622,88.0,1.2367,98.0,,,1.07,94.0
2023-10-30,0.3708,28.0,0.6252,59.0,1.3659,93.0,,,1.3934,95.0,1.0599,85.0,0.9515,86.0,1.0841,92.0,,,1.0622,93.0
2023-10-27,0.3941,32.0,0.6354,60.0,1.3636,92.0,,,1.3531,94.0,1.0603,85.0,0.9519,86.0,1.0555,88.0,,,1.0305,88.0
2023-10-26,0.5309,49.0,0.6845,64.0,1.3832,93.0,,,1.3643,94.0,1.0649,86.0,0.9553,87.0,1.0572,88.0,,,1.0227,86.0
2023-10-25,0.5381,50.0,0.6719,63.0,1.3934,93.0,,,1.4272,96.0,1.0676,86.0,0.9569,87.0,1.0156,83.0,,,1.0587,92.0
2023-10-24,0.5446,50.0,0.6735,63.0,1.4202,94.0,,,1.4049,95.0,1.0698,87.0,0.9611,87.0,1.0267,85.0,,,1.0271,87.0
2023-10-23,0.4484,39.0,0.7044,66.0,1.3975,93.0,,,1.409,95.0,1.0694,87.0,0.9613,88.0,1.0165,83.0,,,0.9971,80.0
2023-10-20,0.5571,52.0,0.7299,68.0,1.16,87.0,,,1.0575,82.0,1.072,87.0,0.9616,88.0,1.114,94.0,,,1.0038,82.0
2023-10-19,0.5911,55.0,0.756,70.0,0.9965,77.0,,,1.1294,86.0,1.0755,87.0,0.9623,88.0,1.0402,86.0,,,1.039,89.0
2023-10-18,0.9322,79.0,0.8225,76.0,0.9962,77.0,,,1.0301,80.0,1.082,88.0,0.9641,88.0,0.9643,74.0,,,1.0684,94.0
2023-10-17,0.8824,76.0,0.7928,74.0,0.9772,76.0,,,0.94,73.0,1.0774,87.0,0.965,88.0,1.0095,82.0,,,1.0262,87.0
2023-10-16,0.8865,76.0,0.8065,75.0,0.8954,68.0,,,0.9169,71.0,1.0798,88.0,0.9689,89.0,1.0,81.0,,,1.0496,91.0
2023-10-13,0.8753,76.0,0.8023,75.0,0.9384,72.0,,,0.9559,74.0,1.0863,88.0,0.9701,89.0,1.0123,83.0,,,1.0624,93.0
2023-10-12,1.1699,91.0,0.8657,80.0,0.9304,71.0,,,0.8805,68.0,1.0864,88.0,0.9699,89.0,1.0257,85.0,,,1.0445,90.0
2023-10-11,1.2841,94.0,0.8641,80.0,0.8898,68.0,,,0.9242,71.0,1.0809,88.0,0.968,89.0,1.0125,83.0,,,1.0311,88.0
2023-10-10,1.2842,94.0,0.8456,79.0,0.9135,70.0,,,0.9329,72.0,1.0865,88.0,0.9695,89.0,0.9659,74.0,,,1.0431,90.0
2023-10-09,1.119,89.0,0.8027,75.0,0.9199,70.0,,,0.9876,77.0,1.0792,88.0,0.9656,88.0,0.9816,78.0,,,1.018,85.0
2023-10-06,1.0915,88.0,0.8186,76.0,0.8955,69.0,,,0.9384,72.0,1.077,87.0,0.9672,88.0,1.0408,87.0,,,1.0486,91.0
2023-10-05,1.1524,91.0,0.8689,80.0,0.977,76.0,,,0.9575,74.0,1.0815,88.0,0.9699,89.0,0.9637,73.0,,,1.0226,86.0
2023-10-04,1.1714,91.0,0.9026,83.0,1.0039,78.0,,,0.9269,71.0,1.0811,88.0,0.9702,89.0,1.617,100.0,,,1.0703,94.0
2023-10-03,0.9666,81.0,0.8319,77.0,0.9723,75.0,,,1.0228,80.0,1.0689,86.0,0.967,88.0,1.0105,83.0,,,1.0644,93.0
2023-10-02,0.6648,62.0,0.8089,75.0,0.9558,74.0,,,0.9455,73.0,1.0624,86.0,0.968,89.0,0.9654,74.0,,,1.0547,92.0
2023-09-29,1.1425,90.0,0.9814,88.0,0.9272,71.0,,,0.8879,68.0,1.064,86.0,0.9694,89.0,0.9861,78.0,,,1.0218,86.0
2023-09-28,1.1713,91.0,1.0302,90.0,0.8717,66.0,,,0.9339,72.0,1.0656,86.0,0.9678,89.0,0.9513,71.0,,,1.0501,91.0
2023-09-27,1.1358,90.0,1.0065,89.0,0.9874,77.0,,,0.9522,74.0,1.0704,87.0,0.9707,89.0,0.9921,79.0,,,1.0318,88.0
2023-09-26,0.8738,75.0,0.9476,86.0,0.9316,71.0,,,1.0452,81.0,1.0659,86.0,0.968,89.0,0.9759,76.0,,,1.0463,90.0
2023-09-25,0.871,75.0,0.9612,86.0,1.0022,77.0,,,0.9735,76.0,1.0694,87.0,0.9688,89.0,0.9848,78.0,,,1.0468,90.0
2023-09-22,0.8819,76.0,0.9532,86.0,0.9058,69.0,,,0.9704,76.0,1.0734,87.0,0.9717,90.0,0.9535,71.0,,,1.0447,90.0
2023-09-21,0.8034,71.0,0.9359,85.0,0.9759,76.0,,,0.9317,72.0,1.075,87.0,0.9744,90.0,0.9906,79.0,,,1.0414,90.0
2023-09-20,0.4895,45.0,0.749,69.0,0.7767,57.0,,,0.8224,61.0,1.0532,84.0,0.9687,89.0,1.0236,84.0,,,1.0376,89.0
2023-09-19,0.3842,31.0,0.5992,56.0,0.8556,65.0,,,0.8546,64.0,1.0555,85.0,0.9772,90.0,0.981,78.0,,,1.0634,93.0
2023-09-18,0.3713,28.0,0.5832,54.0,0.8339,63.0,,,0.8284,61.0,1.0648,86.0,0.9845,91.0,0.9998,81.0,,,1.0311,88.0
2023-09-15,0.4405,38.0,0.6501,61.0,0.8099,61.0,,,0.823,61.0,1.0853,88.0,0.9895,91.0,1.044,87.0,,,1.0759,95.0
2023-09-14,0.3469,25.0,0.5936,55.0,0.784,59.0,,,0.7843,57.0,1.0927,89.0,0.9922,92.0,0.9783,77.0,,,1.019,85.0
2023-09-13,0.3522,26.0,0.6401,60.0,0.8072,61.0,,,0.7309,54.0,1.0936,89.0,0.9938,92.0,0.9502,70.0,,,1.0324,88.0
2023-09-12,0.2357,10.0,0.6634,63.0,0.7551,57.0,,,0.8294,62.0,1.0909,89.0,0.996,92.0,0.9566,72.0,,,1.0303,88.0
2023-09-11,0.2292,9.0,0.694,65.0,0.8234,62.0,,,0.8481,64.0,1.1126,90.0,1.0127,93.0,1.0205,84.0,,,1.0256,87.0
2023-09-08,0.3951,33.0,0.7461,69.0,0.8443,64.0,,,0.8046,59.0,1.1129,90.0,1.0169,93.0,0.9602,73.0,,,0.9761,75.0
2023-09-07,0.561,52.0,0.8257,77.0,0.8568,65.0,,,0.8657,66.0,1.1209,91.0,1.0272,93.0,0.9803,77.0,,,0.9403,69.0
2023-09-06,0.5782,54.0,0.7746,72.0,0.9178,70.0,,,0.9027,69.0,1.1383,91.0,1.041,93.0,0.9837,78.0,,,0.9969,80.0
2023-09-05,0.5759,54.0,0.795,74.0,0.9466,73.0,,,0.9088,70.0,1.1576,93.0,1.0479,94.0,0.97,75.0,,,1.0036,82.0
2023-09-01,0.6874,63.0,0.8059,75.0,0.7497,56.0,,,0.7814,57.0,1.16,93.0,1.0493,94.0,0.9802,77.0,,,1.0041,82.0
2023-08-31,0.7075,64.0,0.8533,79.0,0.796,60.0,,,0.824,61.0,1.1602,93.0,1.0488,94.0,0.9776,77.0,,,0.9981,81.0
2023-08-30,0.7202,65.0,0.8605,80.0,0.7462,56.0,,,0.7629,57.0,1.1619,94.0,1.0527,94.0,0.9638,73.0,,,1.0027,82.0
2023-08-29,0.7042,64.0,0.8353,78.0,0.7881,59.0,,,0.8456,63.0,1.1661,94.0,1.0541,94.0,0.9667,74.0,,,0.9964,80.0
2023-08-28,0.6944,63.0,0.7784,72.0,0.7588,57.0,,,0.8238,61.0,1.164,94.0,1.0533,94.0,0.9764,76.0,,,1.0069,82.0
2023-08-25,0.6845,63.0,0.7878,73.0,0.834,63.0,,,0.7821,57.0,1.1688,94.0,1.0568,94.0,0.9986,81.0,,,1.0076,83.0
2023-08-24,0.609,57.0,0.7571,70.0,0.8874,68.0,,,0.8681,66.0,1.1673,94.0,1.0558,94.0,0.9667,74.0,,,1.0202,86.0
2023-08-23,0.5603,52.0,0.6989,66.0,0.8518,64.0,,,0.8701,66.0,1.175,95.0,1.0633,94.0,0.9855,78.0,,,0.995,80.0
2023-08-22,0.3839,31.0,0.6312,59.0,0.7616,57.0,,,0.8639,66.0,1.188,95.0,1.0638,94.0,0.9755,76.0,,,1.01,83.0
2023-08-21,0.3823,31.0,0.5904,55.0,0.914,70.0,,,0.869,66.0,1.188,95.0,1.0665,94.0,0.9606,73.0,,,1.0112,84.0
2023-08-18,0.3318,22.0,0.6716,63.0,0.9343,72.0,,,0.8401,63.0,1.1875,95.0,1.0675,95.0,0.9782,77.0,,,1.0156,84.0
2023-08-17,0.3489,25.0,0.7107,67.0,0.914,70.0,,,0.9452,73.0,1.1938,96.0,1.0704,95.0,1.005,82.0,,,1.0366,89.0
2023-08-16,0.4339,37.0,0.7957,74.0,0.913,70.0,,,0.9287,71.0,1.1984,96.0,1.0737,95.0,0.9789,77.0,,,1.0038,82.0
2023-08-15,0.4537,40.0,0.8708,81.0,0.9614,74.0,,,0.9487,74.0,1.204,97.0,1.0762,95.0,0.9765,76.0,,,1.0016,81.0
2023-08-14,1.8625,99.0,1.0812,92.0,0.9405,73.0,,,0.9458,73.0,1.2076,97.0,1.0783,95.0,0.9716,75.0,,,1.0044,82.0
2023-08-11,1.8466,99.0,1.0882,93.0,0.9436,73.0,,,1.0014,78.0,1.2113,97.0,1.086,95.0,0.9667,74.0,,,1.0075,83.0
2023-08-10,1.8486,99.0,1.1074,93.0,0.9448,73.0,,,0.9623,75.0,1.2117,97.0,1.087,95.0,1.0026,81.0,,,1.0084,83.0
2023-08-09,1.8785,99.0,1.0729,92.0,1.0055,78.0,,,1.0332,80.0,1.2137,98.0,1.085,95.0,0.9788,77.0,,,1.0076,83.0
2023-08-08,1.9963,100.0,1.0369,90.0,1.0867,83.0,,,1.0414,81.0,1.2195,98.0,1.0929,95.0,0.9796,77.0,,,0.9879,78.0
2023-08-07,2.2274,100.0,1.0299,90.0,1.0298,80.0,,,0.9785,76.0,1.2219,98.0,1.0914,95.0,0.957,72.0,,,0.9697,74.0
2023-08-04,2.2284,100.0,1.0444,90.0,1.0873,83.0,,,1.1087,85.0,1.2212,98.0,1.0889,95.0,0.9418,68.0,,,0.9617,72.0
2023-08-03,1.1408,90.0,0.8251,76.0,2.1128,100.0,,,2.0872,100.0,1.1444,92.0,1.0809,95.0,0.9853,78.0,,,1.026,87.0
2023-08-02,1.1488,91.0,0.8155,76.0,1.66,98.0,,,1.6619,99.0,1.15,92.0,1.0873,95.0,0.9769,76.0,,,0.9988,81.0
2023-08-01,0.8752,75.0,0.8264,77.0,1.5338,96.0,,,1.523,97.0,1.1593,93.0,1.0947,95.0,0.9575,72.0,,,0.9769,75.0
2023-07-31,0.8779,76.0,0.8018,75.0,1.4584,95.0,,,1.4346,96.0,1.1651,94.0,1.0994,96.0,0.9416,68.0,,,0.9807,76.0
2023-07-28,0.974,82.0,0.8305,77.0,1.4343,94.0,,,1.4446,96.0,1.1653,94.0,1.1028,96.0,0.9531,71.0,,,0.9849,78.0
2023-07-27,0.6503,60.0,0.7952,74.0,1.4097,94.0,,,1.4235,95.0,1.152,92.0,1.1026,96.0,0.952,71.0,,,0.986,78.0
2023-07-26,0.6043,56.0,0.7111,67.0,1.4345,94.0,,,1.427,96.0,1.1649,94.0,1.1096,96.0,0.9612,73.0,,,0.9812,77.0
2023-07-25,0.6222,57.0,0.7131,67.0,1.3818,93.0,,,1.4155,95.0,1.1715,95.0,1.1121,96.0,0.942,68.0,,,0.9804,76.0
2023-07-24,0.7932,71.0,0.8008,74.0,1.3561,92.0,,,1.3854,94.0,1.1716,95.0,1.1134,96.0,0.9497,70.0,,,0.9808,76.0
2023-07-21,0.5948,56.0,0.8012,74.0,1.2201,88.0,,,1.2227,90.0,1.1736,95.0,1.1174,96.0,0.9597,73.0,,,0.987,78.0
2023-07-20,0.905,78.0,0.8597,80.0,1.2123,88.0,,,1.2339,90.0,1.1785,95.0,1.1192,96.0,0.9598,73.0,,,0.9834,77.0
2023-07-19,1.0528,86.0,0.8816,81.0,1.1803,87.0,,,1.1806,88.0,1.1797,95.0,1.1187,96.0,0.9654,74.0,,,0.9871,78.0
2023-07-18,1.0429,86.0,0.9089,83.0,1.156,86.0,,,1.1135,85.0,1.1848,95.0,1.1194,96.0,0.9527,71.0,,,0.9908,79.0
2023-07-17,1.0511,86.0,0.8925,82.0,1.0858,83.0,,,1.0776,83.0,1.1894,96.0,1.1259,96.0,0.9473,70.0,,,0.9768,75.0
2023-07-14,1.1104,89.0,0.8926,82.0,1.0607,82.0,,,1.0786,84.0,1.1892,96.0,1.1308,97.0,0.9426,68.0,,,0.9816,77.0
2023-07-13,0.9996,84.0,0.8292,77.0,1.0836,83.0,,,1.1106,85.0,1.1819,95.0,1.1359,97.0,0.9426,68.0,,,0.974,75.0
2023-07-12,1.0076,84.0,0.8284,77.0,1.0756,82.0,,,1.0555,82.0,1.1957,96.0,1.1452,97.0,0.9586,72.0,,,0.9956,80.0
2023-07-11,0.9144,78.0,0.7922,74.0,1.0682,82.0,,,1.0782,83.0,1.2031,97.0,1.1473,97.0,0.9364,67.0,,,0.9685,74.0
2023-07-10,0.7662,69.0,0.7854,73.0,1.0457,80.0,,,1.0736,83.0,1.1985,96.0,1.1474,97.0,0.9409,68.0,,,0.9709,74.0
2023-07-07,1.1787,92.0,0.9395,85.0,1.0037,78.0,,,0.9405,73.0,1.1972,96.0,1.1485,97.0,0.9449,69.0,,,0.9706,74.0
2023-07-06,1.3835,95.0,1.0886,93.0,1.0132,79.0,,,1.0425,81.0,1.1987,96.0,1.1527,97.0,0.9437,69.0,,,0.9723,75.0
2023-07-05,1.2523,93.0,1.0991,93.0,1.0997,84.0,,,1.0525,82.0,1.2032,97.0,1.1531,97.0,0.9707,75.0,,,0.9843,78.0
2023-07-03,1.3526,95.0,1.1379,95.0,1.0167,79.0,,,1.0145,79.0,1.204,97.0,1.1556,97.0,0.9534,71.0,,,0.9833,77.0
2023-06-30,1.353,95.0,1.1393,95.0,1.025,79.0,,,1.0498,81.0,1.2052,97.0,1.1605,97.0,0.9782,77.0,,,0.9899,79.0
2023-06-29,1.3162,94.0,1.1773,96.0,1.0965,84.0,,,1.1419,87.0,1.2049,97.0,1.1609,97.0,0.9578,72.0,,,0.9986,81.0
2023-06-28,1.3191,94.0,1.2456,97.0,1.1759,87.0,,,1.1329,87.0,1.208,97.0,1.1633,98.0,0.9655,74.0,,,1.0051,82.0
2023-06-27,1.0325,85.0,1.1044,93.0,0.9212,71.0,,,0.9957,77.0,1.1936,96.0,1.1558,97.0,0.9496,70.0,,,0.9768,75.0
2023-06-26,0.5579,52.0,0.9936,88.0,0.9706,75.0,,,0.9956,77.0,1.1811,95.0,1.1511,97.0,0.9622,73.0,,,0.9929,80.0
2023-06-23,0.5574,52.0,1.0599,91.0,1.0821,83.0,,,1.0933,84.0,1.1814,95.0,1.1504,97.0,0.9603,73.0,,,1.0045,82.0
2023-06-22,0.5981,56.0,1.0717,92.0,1.1307,85.0,,,1.1658,88.0,1.1853,95.0,1.153,97.0,0.9761,76.0,,,1.0084,83.0
2023-06-21,0.6892,63.0,1.0788,92.0,1.1965,88.0,,,1.1354,87.0,1.1952,96.0,1.1603,97.0,1.0061,82.0,,,0.9945,80.0
2023-06-20,0.8191,72.0,1.0615,91.0,1.2129,88.0,,,1.2576,91.0,1.1983,96.0,1.1613,98.0,1.008,82.0,,,1.0529,91.0
2023-06-16,0.8423,74.0,1.0092,89.0,1.1099,84.0,,,1.0948,85.0,1.2001,96.0,1.1609,97.0,1.0077,82.0,,,0.9885,79.0
2023-06-15,1.0009,84.0,1.0076,89.0,1.1933,88.0,,,1.2239,90.0,1.2107,97.0,1.1625,98.0,0.985,78.0,,,1.0184,85.0
2023-06-14,0.9972,83.0,1.0508,91.0,1.3009,91.0,,,1.3522,93.0,1.2172,98.0,1.1638,98.0,0.9879,78.0,,,1.0446,90.0
2023-06-13,1.0919,88.0,0.9837,88.0,1.2959,90.0,,,1.296,92.0,1.2173,98.0,1.1635,98.0,0.9981,80.0,,,1.0173,85.0
2023-06-12,1.0639,87.0,1.0337,90.0,1.125,85.0,,,0.9496,74.0,1.2097,97.0,1.1715,98.0,0.9445,69.0,,,0.9848,78.0
2023-06-09,0.8837,76.0,1.0707,92.0,1.0531,81.0,,,1.0192,79.0,1.2131,97.0,1.1747,98.0,1.0016,81.0,,,0.9776,76.0
2023-06-08,0.9935,83.0,1.0596,91.0,1.0418,80.0,,,1.1216,86.0,1.212,97.0,1.1734,98.0,0.9659,74.0,,,0.9807,76.0
2023-06-07,0.9349,79.0,1.0253,90.0,1.25,89.0,,,1.0633,82.0,1.209,97.0,1.1742,98.0,1.0646,89.0,,,0.9724,75.0
2023-06-06,0.8619,75.0,1.0117,89.0,1.0749,82.0,,,1.1042,85.0,1.2135,98.0,1.1768,99.0,0.9521,71.0,,,0.9791,76.0
2023-06-05,0.9847,82.0,1.1057,93.0,1.097,84.0,,,1.1956,89.0,1.2197,98.0,1.1776,99.0,0.9492,70.0,,,0.98,76.0
2023-06-02,0.9855,82.0,1.1348,95.0,1.1427,86.0,,,1.1238,86.0,1.2275,98.0,1.1809,99.0,1.0595,89.0,,,1.0004,81.0
2023-06-01,0.8645,75.0,1.1181,94.0,1.1559,86.0,,,1.2066,89.0,1.2274,98.0,1.1751,98.0,0.9477,70.0,,,0.9921,79.0
2023-05-31,0.9025,77.0,1.0812,92.0,1.2089,88.0,,,1.1203,86.0,1.2271,98.0,1.1724,98.0,0.9904,79.0,,,1.0572,92.0
2023-05-30,0.8087,71.0,1.0628,91.0,1.1552,86.0,,,0.7439,55.0,1.2255,98.0,1.174,98.0,1.0,81.0,,,1.058,92.0
2023-05-26,0.7809,70.0,1.0441,90.0,1.133,85.0,,,1.2229,90.0,1.2257,98.0,1.1731,98.0,0.9895,79.0,,,1.0687,94.0
2023-05-25,1.2014,92.0,1.1708,96.0,1.1414,86.0,,,1.176,88.0,1.2396,98.0,1.1788,99.0,1.034,86.0,,,0.9967,80.0
2023-05-24,1.033,85.0,1.0166,89.0,1.2079,88.0,,,1.0348,80.0,1.2376,98.0,1.1734,98.0,0.9971,80.0,,,0.9778,76.0
2023-05-23,1.0557,86.0,1.0575,91.0,1.236,89.0,,,1.2108,89.0,1.2575,99.0,1.178,99.0,0.9674,75.0,,,1.0271,87.0
2023-05-22,1.1443,90.0,1.0388,90.0,1.1014,84.0,,,1.1164,86.0,1.2562,99.0,1.1729,98.0,0.9621,73.0,,,1.0129,84.0
2023-05-19,1.1388,90.0,1.0411,90.0,0.905,69.0,,,1.1742,88.0,1.2546,99.0,1.1718,98.0,0.9403,68.0,,,0.9751,75.0
2023-05-18,1.1615,91.0,1.3628,98.0,1.1368,85.0,,,1.1172,86.0,1.2606,99.0,1.1771,99.0,0.9303,67.0,,,0.9809,76.0
2023-05-17,1.176,91.0,1.4494,99.0,1.0858,83.0,,,1.1385,87.0,1.2608,99.0,1.1772,99.0,0.9358,67.0,,,0.9153,67.0
2023-05-16,1.1075,89.0,1.4708,99.0,1.1449,86.0,,,1.0457,81.0,1.246,98.0,1.1706,98.0,0.9753,76.0,,,0.968,74.0
2023-05-15,1.8757,99.0,1.6246,100.0,1.4232,94.0,,,1.0769,83.0,1.2524,99.0,1.1713,98.0,1.0192,84.0,,,0.9831,77.0
2023-05-12,1.9032,99.0,1.588,100.0,1.2632,90.0,,,1.1802,88.0,1.2583,99.0,1.1728,98.0,0.9813,78.0,,,0.9872,78.0
2023-05-11,1.7643,99.0,1.5481,100.0,1.3636,92.0,,,1.3263,93.0,1.2597,99.0,1.1763,99.0,0.993,79.0,,,1.0222,86.0
2023-05-10,1.9141,99.0,1.5585,100.0,1.4003,94.0,,,1.2976,92.0,1.3032,100.0,1.1926,100.0,0.941,68.0,,,0.9719,74.0
2023-05-09,1.8405,99.0,1.2996,97.0,1.3163,91.0,,,1.3361,93.0,1.3083,100.0,1.1745,98.0,0.9922,79.0,,,0.9884,79.0
2023-05-08,1.8372,99.0,1.2548,97.0,1.2598,89.0,,,1.3254,93.0,1.3093,100.0,1.1803,99.0,0.9479,70.0,,,0.994,80.0
2023-05-05,1.7815,99.0,1.1033,93.0,1.2499,89.0,,,1.3875,94.0,1.3131,100.0,1.1814,99.0,0.9511,70.0,,,0.9898,79.0
2023-05-04,0.8319,73.0,0.8816,81.0,2.1764,100.0,,,1.8056,100.0,1.2652,99.0,1.1815,99.0,1.0542,88.0,,,1.1413,98.0
2023-05-03,0.9049,77.0,0.8704,80.0,1.8967,100.0,,,1.7476,99.0,1.2657,99.0,1.1836,99.0,1.0547,88.0,,,1.0541,92.0
2023-05-02,1.0291,85.0,0.9034,83.0,1.5326,96.0,,,1.6768,99.0,1.2684,99.0,1.1842,99.0,1.0072,82.0,,,1.0431,90.0
2023-05-01,0.9918,83.0,0.8944,82.0,1.586,97.0,,,1.521,97.0,1.2673,99.0,1.1882,99.0,1.0363,86.0,,,1.0298,88.0
2023-04-28,0.9226,79.0,0.9288,85.0,1.8544,100.0,,,1.5683,98.0,1.2651,99.0,1.1874,99.0,1.0327,86.0,,,1.0187,85.0
2023-04-27,0.7627,69.0,0.8732,81.0,1.7216,99.0,,,1.5408,97.0,1.2611,99.0,1.1847,99.0,1.109,94.0,,,1.0437,90.0
2023-04-26,0.6323,59.0,0.8884,82.0,1.783,99.0,,,1.6606,99.0,1.2604,99.0,1.187,99.0,1.0885,92.0,,,1.0276,87.0
2023-04-25,0.7735,69.0,0.8669,80.0,1.5653,97.0,,,1.5779,98.0,1.2587,99.0,1.1871,99.0,1.0528,88.0,,,1.0317,88.0
2023-04-24,0.7979,71.0,0.9035,83.0,1.7508,99.0,,,1.7756,100.0,1.2738,100.0,1.1924,100.0,1.0239,84.0,,,1.0109,83.0
2023-04-21,0.7901,70.0,0.8539,79.0,1.3369,92.0,,,1.4947,97.0,1.2698,100.0,1.1915,100.0,0.9884,79.0,,,1.0089,83.0
2023-04-20,0.6964,64.0,0.8388,78.0,1.4078,94.0,,,1.3088,92.0,1.269,99.0,1.1908,100.0,1.0741,90.0,,,1.007,83.0
2023-04-19,0.9342,79.0,0.8268,77.0,1.0995,84.0,,,1.1194,86.0,1.2703,100.0,1.1895,100.0,1.031,85.0,,,0.9982,81.0
2023-04-18,0.7977,71.0,0.8041,75.0,0.8516,64.0,,,1.1426,87.0,1.2702,100.0,1.1893,100.0,0.9675,75.0,,,0.998,81.0
2023-04-17,0.7645,69.0,0.8061,75.0,0.856,65.0,,,1.2983,92.0,1.2695,99.0,1.19,100.0,0.9761,76.0,,,1.0025,82.0
2023-04-14,0.8995,77.0,0.8638,80.0,1.1425,86.0,,,1.1173,86.0,1.2689,99.0,1.1948,100.0,0.9943,80.0,,,1.0182,85.0
2023-04-13,0.8086,71.0,0.8443,78.0,1.1291,85.0,,,1.2492,91.0,1.2729,100.0,1.199,100.0,0.9717,75.0,,,0.9907,79.0
2023-04-12,0.8391,73.0,0.8486,79.0,1.3655,92.0,,,1.2216,90.0,1.273,100.0,1.204,100.0,0.9987,81.0,,,0.9768,75.0
2023-04-11,0.9265,79.0,0.889,82.0,1.3879,93.0,,,1.3294,93.0,1.2742,100.0,1.2028,100.0,0.9479,70.0,,,0.9745,75.0
2023-04-10,0.8249,72.0,0.8296,77.0,1.3053,91.0,,,1.3965,95.0,1.2739,100.0,1.2037,100.0,0.9471,69.0,,,0.9823,77.0
2023-04-06,0.9026,77.0,0.8751,81.0,1.2087,88.0,,,1.2143,89.0,1.2758,100.0,1.2047,100.0,0.9609,73.0,,,0.9939,80.0
2023-04-05,1.0933,88.0,0.9249,84.0,1.332,92.0,,,1.0438,81.0,1.2778,100.0,1.2041,100.0,0.9525,71.0,,,1.0105,83.0
2023-04-04,0.9934,83.0,0.9358,85.0,1.2669,90.0,,,1.3101,93.0,1.2776,100.0,1.2042,100.0,0.966,74.0,,,0.9823,77.0
2023-04-03,0.9667,81.0,0.9689,87.0,1.3209,91.0,,,1.6046,98.0,1.2782,100.0,1.203,100.0,0.9669,74.0,,,0.9826,77.0
2023-03-31,1.092,88.0,1.1767,96.0,1.4299,94.0,,,1.2411,91.0,1.2812,100.0,1.2022,100.0,0.9531,71.0,,,1.0054,82.0
2023-03-30,1.1862,92.0,1.2211,96.0,1.0009,77.0,,,1.2134,89.0,1.276,100.0,1.1991,100.0,0.9459,69.0,,,0.9799,76.0
2023-03-29,1.5216,97.0,1.2828,97.0,1.2744,90.0,,,1.4034,95.0,1.2749,100.0,1.1986,100.0,0.9526,71.0,,,1.0016,81.0
2023-03-28,1.5973,98.0,1.3178,98.0,1.4399,94.0,,,1.3142,93.0,1.2743,100.0,1.1978,100.0,0.9912,79.0,,,0.9971,80.0
2023-03-27,1.5312,97.0,1.2947,97.0,1.7519,99.0,,,1.217,90.0,1.2744,100.0,1.197,100.0,0.9857,78.0,,,0.995,80.0
2023-03-24,1.5277,97.0,1.2773,97.0,1.4884,95.0,,,1.3222,93.0,1.2748,100.0,1.1944,100.0,0.9732,76.0,,,1.0164,85.0
2023-03-23,1.7699,99.0,1.4503,99.0,1.5398,96.0,,,1.4754,96.0,1.2755,100.0,1.1932,100.0,1.0003,81.0,,,1.0268,87.0
2023-03-22,1.7098,99.0,1.3273,98.0,1.3335,92.0,,,1.2335,90.0,1.2691,99.0,1.1852,99.0,0.9809,77.0,,,1.0252,87.0
2023-03-21,1.5545,98.0,1.3647,98.0,1.258,89.0,,,1.5299,97.0,1.266,99.0,1.18,99.0,0.9923,79.0,,,1.0211,86.0
2023-03-20,1.6882,99.0,1.5084,100.0,1.8729,100.0,,,1.1762,88.0,1.2511,99.0,1.1792,99.0,1.0043,82.0,,,1.0147,84.0
2023-03-17,1.8014,99.0,1.5386,100.0,1.4552,95.0,,,1.3914,95.0,1.2484,98.0,1.176,99.0,1.0307,85.0,,,1.0197,86.0
2023-03-16,1.8124,99.0,1.5557,100.0,1.3009,91.0,,,1.6844,99.0,1.2489,98.0,1.1751,98.0,1.061,89.0,,,1.0395,89.0
2023-03-15,1.8187,99.0,1.5335,100.0,1.5984,97.0,,,1.446,96.0,1.2482,98.0,1.1729,98.0,1.0486,87.0,,,1.0699,94.0
2023-03-14,1.5126,97.0,1.3958,99.0,1.4424,95.0,,,1.276,92.0,1.2249,98.0,1.1601,97.0,1.0749,90.0,,,1.056,92.0
2023-03-13,1.606,98.0,1.3863,99.0,1.705,98.0,,,1.3407,93.0,1.2247,98.0,1.1582,97.0,1.3993,99.0,,,1.129,98.0
2023-03-10,1.4644,96.0,1.2821,97.0,1.7895,99.0,,,1.5836,98.0,1.2179,98.0,1.1497,97.0,1.3498,99.0,,,1.1135,97.0
2023-03-09,1.3101,94.0,1.0884,93.0,1.8027,99.0,,,1.3744,94.0,1.2066,97.0,1.135,97.0,1.2041,97.0,,,1.0527,91.0
2023-03-08,0.9308,79.0,0.9614,87.0,1.0794,83.0,,,1.7869,100.0,1.1973,96.0,1.1284,97.0,1.1211,94.0,,,1.1264,98.0
2023-03-07,1.055,86.0,1.0829,92.0,1.4442,95.0,,,1.2401,91.0,1.1934,96.0,1.1258,96.0,1.2642,98.0,,,1.0974,96.0
2023-03-06,1.2594,94.0,1.1348,95.0,1.697,98.0,,,1.226,90.0,1.196,96.0,1.1258,96.0,1.1852,96.0,,,1.0462,90.0
2023-03-03,1.2599,94.0,1.1205,94.0,1.2627,90.0,,,1.2296,90.0,1.1961,96.0,1.1209,96.0,1.2297,97.0,,,1.1248,98.0
2023-03-02,1.0128,84.0,1.0959,93.0,1.71,99.0,,,1.2599,91.0,1.189,95.0,1.1187,96.0,1.1567,96.0,,,1.1229,97.0
2023-03-01,0.8573,74.0,1.1174,94.0,1.2769,90.0,,,1.4275,96.0,1.1866,95.0,1.1164,96.0,1.2701,98.0,,,1.1208,97.0
2023-02-28,0.8573,74.0,1.123,94.0,1.2654,90.0,,,1.228,90.0,1.1836,95.0,1.114,96.0,1.2497,98.0,,,1.1124,97.0
2023-02-27,0.759,68.0,1.1598,95.0,1.3754,93.0,,,1.2994,92.0,1.1835,95.0,1.1138,96.0,1.1315,95.0,,,1.0796,95.0
2023-02-24,1.1193,89.0,1.0294,90.0,1.3176,91.0,,,1.1625,88.0,1.1757,95.0,1.1047,96.0,1.1069,94.0,,,1.0967,96.0
2023-02-23,1.1201,89.0,1.1165,94.0,2.0101,100.0,,,1.8854,100.0,1.164,94.0,1.1013,96.0,1.2886,99.0,,,1.1213,97.0
2023-02-22,1.1509,91.0,1.0639,92.0,2.295,100.0,,,1.7771,100.0,1.1659,94.0,1.0979,96.0,1.1426,95.0,,,1.0955,96.0
2023-02-21,1.1668,91.0,1.0568,91.0,1.9187,100.0,,,1.6501,99.0,1.1658,94.0,1.096,96.0,1.2648,98.0,,,1.1242,98.0
2023-02-17,1.1686,91.0,1.1687,96.0,1.6232,98.0,,,1.5587,98.0,1.1601,93.0,1.0935,95.0,1.0641,89.0,,,1.0649,93.0
2023-02-16,1.1405,90.0,1.1454,95.0,1.6876,98.0,,,1.6703,99.0,1.1564,93.0,1.0895,95.0,1.0496,88.0,,,1.2105,99.0
2023-02-15,1.0405,86.0,1.1152,94.0,1.8189,99.0,,,1.8769,100.0,1.1544,92.0,1.0871,95.0,1.0402,86.0,,,1.1216,97.0
2023-02-14,0.9433,80.0,1.1259,94.0,1.8569,100.0,,,1.8437,100.0,1.1478,92.0,1.085,95.0,1.0777,91.0,,,1.143,98.0
2023-02-13,0.6762,62.0,1.1098,94.0,1.8278,99.0,,,1.9194,100.0,1.1516,92.0,1.078,95.0,1.0863,92.0,,,1.1518,98.0
2023-02-10,1.3256,95.0,1.2349,97.0,1.6662,98.0,,,1.5569,97.0,1.1523,92.0,1.078,95.0,1.143,95.0,,,1.1509,98.0
2023-02-09,1.5008,97.0,1.3077,98.0,1.5666,97.0,,,1.389,94.0,1.1524,92.0,1.0773,95.0,1.2554,98.0,,,1.1799,99.0
2023-02-08,1.4317,96.0,1.2079,96.0,1.6097,97.0,,,1.4444,96.0,1.1497,92.0,1.0684,95.0,1.2377,98.0,,,1.1993,99.0
2023-02-07,1.352,95.0,1.2231,96.0,1.4256,94.0,,,1.3842,94.0,1.1478,92.0,1.0664,94.0,1.1744,96.0,,,1.2538,99.0
2023-02-06,1.485,97.0,1.3769,98.0,1.4658,95.0,,,1.3781,94.0,1.1561,92.0,1.0663,94.0,1.1852,96.0,,,1.2093,99.0
2023-02-03,1.2231,93.0,1.3756,98.0,1.3076,91.0,,,1.4045,95.0,1.1562,93.0,1.0647,94.0,1.0482,87.0,,,1.145,98.0
2023-02-02,0.9449,80.0,1.2977,97.0,1.5611,96.0,,,1.494,97.0,1.1532,92.0,1.0598,94.0,1.0765,91.0,,,1.1512,98.0
2023-02-01,1.1102,89.0,1.2545,97.0,1.2399,89.0,,,1.3032,92.0,1.1677,94.0,1.0664,94.0,1.0351,86.0,,,0.9673,73.0
2023-01-31,1.0978,88.0,1.1911,96.0,1.4402,94.0,,,1.5563,97.0,1.1676,94.0,1.0624,94.0,0.9977,80.0,,,1.15,98.0
2023-01-30,1.1079,89.0,1.1486,95.0,1.3926,93.0,,,1.3073,92.0,1.1695,95.0,1.0612,94.0,0.9976,80.0,,,1.0504,91.0
2023-01-27,1.3596,95.0,1.1368,95.0,1.2184,88.0,,,1.3359,93.0,1.1692,94.0,1.0586,94.0,1.1572,96.0,,,1.1251,98.0
2023-01-26,1.2422,93.0,1.0729,92.0,1.1933,88.0,,,1.2884,92.0,1.151,92.0,1.0483,94.0,1.075,91.0,,,1.1043,97.0
2023-01-25,1.1114,89.0,1.1191,94.0,1.2105,88.0,,,1.2148,90.0,1.1417,91.0,1.0461,94.0,1.0964,93.0,,,1.0882,96.0
2023-01-24,1.1174,89.0,1.2401,97.0,1.3023,91.0,,,1.3734,94.0,1.1458,92.0,1.0495,94.0,1.1322,95.0,,,1.0992,96.0
2023-01-23,1.273,94.0,1.3238,98.0,1.272,90.0,,,1.4724,96.0,1.1437,92.0,1.0451,94.0,1.0449,87.0,,,1.1203,97.0
2023-01-20,1.3981,96.0,1.3665,98.0,1.3801,93.0,,,1.4871,97.0,1.1385,91.0,1.0431,93.0,1.0434,87.0,,,1.0915,96.0
2023-01-19,1.3767,95.0,1.3883,99.0,1.3834,93.0,,,1.349,93.0,1.1337,91.0,1.0429,93.0,1.1287,95.0,,,1.103,97.0
2023-01-18,1.1199,89.0,1.4119,99.0,1.3896,93.0,,,1.2699,91.0,1.1335,91.0,1.0429,93.0,1.1545,96.0,,,1.0751,95.0
2023-01-17,0.7859,70.0,1.3717,98.0,1.3905,93.0,,,1.5759,98.0,1.1306,91.0,1.0349,93.0,1.0675,90.0,,,1.2251,99.0
2023-01-13,1.2187,93.0,1.3029,98.0,1.5795,97.0,,,1.3635,94.0,1.1293,91.0,1.03,93.0,1.0574,88.0,,,1.2359,99.0
2023-01-12,1.2115,92.0,1.2187,96.0,1.3055,91.0,,,1.3492,93.0,1.1384,91.0,1.0228,93.0,1.0658,89.0,,,1.1087,97.0
2023-01-11,1.2124,92.0,1.1463,95.0,1.2342,89.0,,,1.5489,97.0,1.1187,91.0,1.011,93.0,1.0824,91.0,,,1.0582,92.0
2023-01-10,0.9595,81.0,1.0883,93.0,1.4535,95.0,,,1.9978,100.0,1.1006,89.0,1.0058,93.0,1.1135,94.0,,,1.0149,84.0
2023-01-09,1.0231,85.0,1.1267,95.0,1.4669,95.0,,,2.0698,100.0,1.1003,89.0,1.0035,93.0,1.2243,97.0,,,0.9166,67.0
2023-01-06,1.0803,87.0,1.0873,93.0,1.1456,86.0,,,1.6409,98.0,1.0976,89.0,0.9995,92.0,1.3033,99.0,,,1.164,99.0
2023-01-05,1.1399,90.0,1.0576,91.0,1.5081,96.0,,,1.2157,90.0,1.0951,89.0,0.9957,92.0,1.2693,98.0,,,0.928,68.0
2023-01-04,0.9387,80.0,1.0484,91.0,1.4714,95.0,,,2.203,100.0,1.0944,89.0,0.9999,93.0,1.1455,95.0,,,1.2506,99.0
2023-01-03,1.0823,87.0,1.091,93.0,0.794,60.0,,,1.6426,99.0,1.0865,88.0,0.9976,92.0,1.1832,96.0,,,0.9387,69.0
2022-12-30,1.2001,92.0,1.1346,95.0,1.1345,85.0,,,1.4027,95.0,1.089,89.0,0.9909,92.0,1.1456,96.0,,,1.0381,89.0
2022-12-29,1.1899,92.0,1.1845,96.0,1.2886,90.0,,,1.1548,88.0,1.0877,89.0,0.9896,91.0,1.0891,92.0,,,0.9366,69.0
2022-12-28,1.1278,90.0,1.2041,96.0,1.3577,92.0,,,1.4066,95.0,1.0868,88.0,0.9897,91.0,1.1314,95.0,,,1.1084,97.0
2022-12-27,0.9312,79.0,1.223,96.0,1.2542,89.0,,,1.3855,94.0,1.0872,88.0,0.9893,91.0,1.3176,99.0,,,1.2488,99.0
2022-12-23,0.9477,80.0,1.2285,97.0,1.1081,84.0,,,1.4016,95.0,1.0859,88.0,0.9871,91.0,1.2194,97.0,,,0.8901,65.0
2022-12-22,0.9546,81.0,1.2888,97.0,1.2221,88.0,,,1.2856,92.0,1.0891,89.0,0.989,91.0,1.2312,97.0,,,1.1259,98.0
2022-12-21,1.0919,88.0,1.3819,98.0,1.8373,100.0,,,1.4587,96.0,1.0835,88.0,0.9842,91.0,1.5594,100.0,,,1.1099,97.0
2022-12-20,1.2703,94.0,1.3266,98.0,1.8071,99.0,,,1.3128,93.0,1.077,87.0,0.9764,90.0,1.1906,97.0,,,1.1243,98.0
2022-12-19,1.2273,93.0,1.2754,97.0,1.252,89.0,,,1.2758,92.0,1.079,88.0,0.9719,90.0,1.1889,97.0,,,1.0467,90.0
2022-12-16,1.1844,92.0,1.2534,97.0,1.7121,99.0,,,1.1245,86.0,1.0888,89.0,0.9709,89.0,1.276,98.0,,,1.0165,85.0
2022-12-15,1.1277,89.0,1.2672,97.0,1.2996,90.0,,,1.2639,91.0,1.0808,88.0,0.971,89.0,1.0898,92.0,,,0.9343,69.0
2022-12-14,1.1462,90.0,1.2949,97.0,1.1628,87.0,,,1.0996,85.0,1.0758,87.0,0.9702,89.0,1.0231,84.0,,,1.0036,82.0
2022-12-13,1.3035,94.0,1.3001,97.0,1.2015,88.0,,,1.3566,94.0,1.0895,89.0,0.9689,89.0,1.0457,87.0,,,1.1044,97.0
2022-12-12,1.2559,93.0,1.1047,93.0,1.46,95.0,,,1.3631,94.0,1.1104,90.0,0.9585,87.0,1.0923,93.0,,,1.1486,98.0
2022-12-09,0.8383,73.0,1.0264,90.0,1.3562,92.0,,,1.5431,97.0,1.0979,89.0,0.9535,87.0,1.1287,95.0,,,1.0403,89.0
2022-12-08,1.0452,86.0,1.072,92.0,1.5323,96.0,,,1.3187,93.0,1.0981,89.0,0.9551,87.0,1.1977,97.0,,,1.0856,95.0
2022-12-07,0.9493,81.0,1.0028,88.0,1.6712,98.0,,,1.5776,98.0,1.1094,90.0,0.9534,87.0,1.1236,94.0,,,1.053,91.0
2022-12-06,1.0445,86.0,1.052,91.0,1.6889,98.0,,,1.3022,92.0,1.124,91.0,0.9552,87.0,1.2155,97.0,,,1.0526,91.0
2022-12-05,1.2446,93.0,1.0233,89.0,1.301,91.0,,,1.2568,91.0,1.1249,91.0,0.953,86.0,1.2376,98.0,,,1.0542,92.0
2022-12-02,1.5803,98.0,1.0801,92.0,1.2647,90.0,,,1.0156,79.0,1.1171,91.0,0.9482,86.0,1.1788,96.0,,,1.0155,84.0
2022-12-01,1.4811,96.0,1.075,92.0,1.2429,89.0,,,1.2374,90.0,1.1137,90.0,0.9477,86.0,1.0518,88.0,,,1.0782,95.0
2022-11-30,1.4928,97.0,1.0681,92.0,1.241,89.0,,,1.2604,91.0,1.1146,91.0,0.9491,86.0,1.0213,84.0,,,1.0713,94.0
2022-11-29,1.5485,97.0,1.122,94.0,1.3556,92.0,,,1.1245,86.0,1.1129,90.0,0.9449,85.0,1.1819,96.0,,,1.0785,95.0
2022-11-28,1.5401,97.0,1.1227,94.0,1.34,92.0,,,1.1971,89.0,1.1329,91.0,0.9532,87.0,1.0907,93.0,,,1.1492,98.0
2022-11-25,1.3685,95.0,1.0157,89.0,1.0078,78.0,,,1.125,86.0,1.1208,91.0,0.9494,86.0,0.9558,72.0,,,1.037,89.0
2022-11-23,1.42,96.0,0.9715,87.0,1.0727,82.0,,,1.1482,88.0,1.1154,91.0,0.9465,85.0,0.9747,76.0,,,0.8895,65.0
2022-11-22,1.0225,85.0,0.9492,86.0,1.1745,87.0,,,1.1276,86.0,1.1082,90.0,0.9439,85.0,1.0895,92.0,,,1.0353,89.0
2022-11-21,1.2498,93.0,1.1053,93.0,1.1704,87.0,,,1.2642,91.0,1.1085,90.0,0.9439,85.0,1.0936,93.0,,,1.0945,96.0
2022-11-18,1.9638,100.0,1.3993,99.0,1.1919,88.0,,,1.1689,88.0,1.1109,90.0,0.9435,85.0,1.0312,85.0,,,1.054,92.0
2022-11-17,1.9616,100.0,1.3227,98.0,1.1055,84.0,,,1.1517,88.0,1.1125,90.0,0.9378,84.0,1.0853,92.0,,,1.0688,94.0
2022-11-16,1.9984,100.0,1.4929,99.0,1.1258,85.0,,,1.0911,84.0,1.1123,90.0,0.9373,84.0,1.0548,88.0,,,1.1052,97.0
2022-11-15,2.2011,100.0,1.616,100.0,0.9001,69.0,,,1.1025,85.0,1.1094,90.0,0.9394,84.0,0.982,78.0,,,1.0834,95.0
2022-11-14,2.2579,100.0,1.7507,100.0,1.23,89.0,,,1.219,90.0,1.1001,89.0,0.9396,84.0,1.0381,86.0,,,1.1241,97.0
2022-11-11,2.2109,100.0,1.7237,100.0,1.079,83.0,,,1.1256,86.0,1.0979,89.0,0.9341,83.0,1.0697,90.0,,,1.1082,97.0
2022-11-10,2.1089,100.0,1.6512,100.0,1.1422,86.0,,,1.2772,92.0,1.0926,89.0,0.9258,82.0,0.9828,78.0,,,1.1146,97.0
2022-11-09,0.9439,80.0,1.4971,99.0,1.2607,89.0,,,1.2989,92.0,1.034,83.0,0.9039,80.0,1.0465,87.0,,,1.1536,99.0
2022-11-08,0.9706,81.0,1.4919,99.0,1.3237,91.0,,,1.4454,96.0,1.0546,85.0,0.91,81.0,1.0327,86.0,,,1.0062,82.0
2022-11-07,1.1006,88.0,1.3271,98.0,1.3885,93.0,,,1.2638,91.0,1.0776,87.0,0.9086,80.0,1.1602,96.0,,,0.9009,66.0
2022-11-04,0.9228,79.0,1.2055,96.0,1.0821,83.0,,,1.0803,84.0,1.0636,86.0,0.9032,80.0,1.0009,81.0,,,0.951,71.0
2022-11-03,0.5374,50.0,1.0074,89.0,1.7762,99.0,,,1.8182,100.0,1.0451,84.0,0.9027,80.0,1.0034,82.0,,,1.0346,88.0
2022-11-02,1.1163,89.0,1.062,91.0,1.5961,97.0,,,1.6028,98.0,1.0547,85.0,0.9053,80.0,1.0293,85.0,,,1.0302,88.0
2022-11-01,1.0882,88.0,1.0602,91.0,1.6353,98.0,,,1.6633,99.0,1.0547,85.0,0.9248,82.0,1.0273,85.0,,,1.0509,91.0
2022-10-31,1.013,84.0,0.9541,86.0,1.5204,96.0,,,1.5155,97.0,1.0631,86.0,0.9209,82.0,0.997,80.0,,,1.0291,87.0
2022-10-28,0.9869,83.0,0.9768,87.0,1.3152,91.0,,,1.4403,96.0,1.0644,86.0,0.9233,82.0,0.9234,66.0,,,1.0171,85.0
2022-10-27,1.1601,91.0,0.9762,87.0,1.5292,96.0,,,1.4871,97.0,1.065,86.0,0.9247,82.0,0.8892,63.0,,,1.0158,85.0
2022-10-26,1.1549,91.0,0.9563,86.0,1.5153,96.0,,,1.475,96.0,1.0713,87.0,0.928,83.0,0.9203,65.0,,,1.0229,86.0
2022-10-25,1.1368,90.0,1.0363,90.0,1.4483,95.0,,,1.4674,96.0,1.0716,87.0,0.9273,83.0,0.9779,77.0,,,1.0231,86.0
2022-10-24,0.9187,78.0,1.0466,91.0,1.5243,96.0,,,1.5297,97.0,1.0548,85.0,0.9231,82.0,0.9558,72.0,,,1.0172,85.0
2022-10-21,0.9038,77.0,1.1227,94.0,1.3641,92.0,,,1.2495,91.0,1.0542,84.0,0.9233,82.0,1.0049,82.0,,,0.8314,62.0
2022-10-20,0.9512,81.0,1.1012,93.0,1.166,87.0,,,1.0893,84.0,1.0561,85.0,0.9229,82.0,1.2098,97.0,,,1.0579,92.0
2022-10-19,0.8922,77.0,1.1325,95.0,1.1398,86.0,,,1.1332,87.0,1.0556,85.0,0.9227,82.0,0.9896,79.0,,,0.8275,62.0
2022-10-18,0.9416,80.0,1.1405,95.0,1.0365,80.0,,,1.0664,82.0,1.053,84.0,0.923,82.0,0.9834,78.0,,,0.98,76.0
2022-10-17,0.9581,81.0,1.1171,94.0,1.0079,78.0,,,1.0134,79.0,1.0584,85.0,0.9272,82.0,1.2518,98.0,,,0.9601,72.0
2022-10-14,0.9461,80.0,1.0705,92.0,1.113,85.0,,,1.0698,83.0,1.0593,85.0,0.922,82.0,1.3001,99.0,,,0.8198,61.0
2022-10-13,0.8433,74.0,0.94,85.0,1.0066,78.0,,,1.0755,83.0,1.0533,84.0,0.9145,81.0,1.0384,86.0,,,0.9417,70.0
2022-10-12,1.0501,86.0,0.8013,74.0,1.0664,82.0,,,1.1206,86.0,1.0561,85.0,0.909,80.0,1.071,90.0,,,1.1467,98.0
2022-10-11,0.9968,83.0,0.7955,74.0,1.0978,84.0,,,1.0584,82.0,1.054,84.0,0.9077,80.0,1.0163,83.0,,,0.8549,64.0
2022-10-10,0.887,76.0,0.6863,65.0,1.0255,79.0,,,1.1086,85.0,1.0573,85.0,0.9052,80.0,1.1454,95.0,,,1.0968,96.0
2022-10-07,0.8802,76.0,0.6877,65.0,1.0232,79.0,,,1.0161,79.0,1.0559,85.0,0.9057,80.0,1.0057,82.0,,,1.005,82.0
2022-10-06,1.0186,85.0,0.7449,69.0,1.0236,79.0,,,0.9702,76.0,1.0586,85.0,0.9103,81.0,1.0155,83.0,,,0.9409,69.0
2022-10-05,0.9236,79.0,0.6773,64.0,0.9487,73.0,,,0.9934,77.0,1.0543,84.0,0.9082,80.0,0.946,69.0,,,1.0155,84.0
2022-10-04,0.9069,78.0,0.7252,67.0,0.965,75.0,,,0.951,74.0,1.0529,84.0,0.9085,80.0,0.9788,77.0,,,1.0049,82.0
2022-10-03,0.8402,74.0,0.8155,76.0,0.955,74.0,,,0.9382,72.0,1.0543,84.0,0.9115,81.0,1.0199,84.0,,,0.8873,65.0
2022-09-30,0.9403,80.0,0.8294,77.0,0.9722,75.0,,,1.0521,81.0,1.0592,85.0,0.9124,81.0,1.1417,95.0,,,0.8684,64.0
2022-09-29,1.0705,87.0,0.9113,84.0,0.9719,75.0,,,1.0476,81.0,1.0646,86.0,0.914,81.0,0.9588,72.0,,,0.9132,66.0
2022-09-28,1.0868,88.0,0.905,83.0,1.0228,79.0,,,0.9706,76.0,1.0598,85.0,0.9123,81.0,1.1137,94.0,,,1.0133,84.0
2022-09-27,0.8777,76.0,0.8699,80.0,1.0474,81.0,,,1.0669,83.0,1.0555,85.0,0.9105,81.0,0.9936,80.0,,,0.9334,69.0
2022-09-26,0.7435,67.0,0.8559,79.0,1.1256,85.0,,,1.0605,82.0,1.0581,85.0,0.9105,81.0,0.9819,78.0,,,0.8302,62.0
2022-09-23,0.7523,68.0,0.8499,79.0,1.0909,84.0,,,1.07,83.0,1.0676,86.0,0.9112,81.0,0.9842,78.0,,,0.9138,66.0
2022-09-22,0.4027,34.0,0.8012,74.0,1.087,83.0,,,0.9589,75.0,1.0663,86.0,0.9075,80.0,1.0197,84.0,,,0.8396,62.0
2022-09-21,0.4257,36.0,0.7805,72.0,0.9861,77.0,,,0.9799,76.0,1.0641,86.0,0.9077,80.0,0.9671,75.0,,,0.788,59.0
2022-09-20,0.565,53.0,0.681,64.0,0.9717,75.0,,,0.964,75.0,1.0575,85.0,0.9042,80.0,1.0655,89.0,,,0.7557,57.0
2022-09-19,0.8115,72.0,0.6521,62.0,0.9369,72.0,,,0.9255,71.0,1.0515,84.0,0.9047,80.0,1.0736,90.0,,,0.9619,72.0
2022-09-16,0.8511,74.0,0.6406,60.0,0.895,68.0,,,0.854,64.0,1.0679,86.0,0.9116,81.0,0.9561,72.0,,,0.7441,57.0
2022-09-15,0.9022,77.0,0.6558,62.0,0.8688,66.0,,,0.8629,65.0,1.0674,86.0,0.9121,81.0,1.0123,83.0,,,0.9425,70.0
2022-09-14,0.8954,77.0,0.5991,56.0,0.8416,63.0,,,0.8347,62.0,1.0671,86.0,0.9102,81.0,0.8622,62.0,,,0.8672,64.0
2022-09-13,0.8434,74.0,0.5738,53.0,0.7802,57.0,,,0.8344,62.0,1.0687,86.0,0.9118,81.0,0.8102,57.0,,,0.8468,63.0
2022-09-12,0.592,55.0,0.5555,52.0,0.7734,57.0,,,0.787,57.0,1.0714,87.0,0.9124,81.0,0.8532,61.0,,,0.9033,66.0
2022-09-09,0.662,61.0,0.5894,55.0,0.7525,57.0,,,0.7512,56.0,1.0787,88.0,0.9158,81.0,0.8532,61.0,,,0.8576,64.0
2022-09-08,0.5308,49.0,0.5867,55.0,0.7772,57.0,,,0.8115,60.0,1.0766,87.0,0.9176,81.0,0.9041,64.0,,,0.892,65.0
2022-09-07,0.5091,47.0,0.5809,54.0,0.8083,61.0,,,0.8475,64.0,1.0806,88.0,0.9207,82.0,0.9894,79.0,,,0.9649,73.0
2022-09-06,0.387,31.0,0.567,53.0,0.8603,65.0,,,0.8938,68.0,1.0782,88.0,0.9205,82.0,0.9715,75.0,,,0.9882,78.0
2022-09-02,0.4577,41.0,0.5932,55.0,0.8445,64.0,,,0.7245,53.0,1.0869,88.0,0.9241,82.0,0.9597,73.0,,,0.8711,64.0
2022-09-01,0.4219,36.0,0.556,52.0,0.884,67.0,,,0.8502,64.0,1.0872,88.0,0.9297,83.0,0.9898,79.0,,,0.9587,72.0
2022-08-31,0.4257,36.0,0.5918,55.0,0.8649,66.0,,,0.8632,66.0,1.0881,89.0,0.9328,83.0,1.0285,85.0,,,0.9654,73.0
2022-08-30,0.4148,35.0,0.5524,51.0,0.8737,66.0,,,0.8309,62.0,1.1058,90.0,0.9426,85.0,0.9726,76.0,,,0.9556,71.0
2022-08-29,0.5255,48.0,0.5508,51.0,0.782,59.0,,,0.808,60.0,1.1134,90.0,0.9474,86.0,0.9942,80.0,,,0.9345,69.0
2022-08-26,0.5253,48.0,0.5438,51.0,0.8159,61.0,,,0.8411,63.0,1.115,91.0,0.9476,86.0,0.9659,74.0,,,0.9425,70.0
2022-08-25,0.7787,70.0,0.5911,55.0,0.8283,62.0,,,0.8541,64.0,1.1138,90.0,0.9478,86.0,0.9489,70.0,,,0.964,73.0
2022-08-24,0.6502,60.0,0.6039,57.0,0.9558,74.0,,,0.8683,66.0,1.112,90.0,0.9484,86.0,0.9619,73.0,,,0.9496,71.0
2022-08-23,0.6132,57.0,0.6297,59.0,0.9332,72.0,,,0.9321,72.0,1.1713,95.0,0.9688,89.0,0.9543,71.0,,,0.9384,69.0
2022-08-22,0.8334,73.0,0.6381,60.0,0.9563,74.0,,,0.9606,75.0,1.1994,96.0,0.9924,92.0,0.937,68.0,,,0.944,70.0
2022-08-19,0.8488,74.0,0.6552,62.0,0.9375,72.0,,,0.879,67.0,1.2052,97.0,0.9971,92.0,0.9465,69.0,,,0.9319,68.0
2022-08-18,1.0775,87.0,0.6707,63.0,0.827,62.0,,,0.8569,65.0,1.205,97.0,0.9997,93.0,0.936,67.0,,,0.9167,67.0
2022-08-17,1.1567,91.0,0.7048,66.0,0.9119,70.0,,,0.862,65.0,1.2052,97.0,1.0011,93.0,0.9092,64.0,,,0.8857,65.0
2022-08-16,0.9945,83.0,0.7363,68.0,0.8963,69.0,,,0.8639,66.0,1.1981,96.0,1.0007,93.0,0.9369,67.0,,,0.9149,66.0
2022-08-15,1.4536,96.0,1.0413,90.0,0.8817,67.0,,,0.8808,68.0,1.1958,96.0,0.9991,92.0,0.8788,63.0,,,0.8902,65.0
2022-08-12,1.616,98.0,1.0717,92.0,0.8868,67.0,,,0.8779,67.0,1.2049,97.0,1.0004,93.0,0.8759,63.0,,,0.881,64.0
2022-08-11,1.6337,98.0,1.0889,93.0,0.9006,69.0,,,0.8983,69.0,1.2024,97.0,0.999,92.0,0.907,64.0,,,0.926,68.0
2022-08-10,1.6316,98.0,1.096,93.0,0.8931,68.0,,,0.8995,69.0,1.2023,97.0,1.0006,93.0,0.8916,63.0,,,0.8856,65.0
2022-08-09,1.602,98.0,1.1052,93.0,0.9278,71.0,,,0.9532,74.0,1.1948,96.0,1.0036,93.0,0.8735,63.0,,,0.896,65.0
2022-08-08,1.4941,97.0,1.0928,93.0,0.9095,70.0,,,0.9145,70.0,1.1945,96.0,1.0027,93.0,0.9214,65.0,,,0.9176,67.0
2022-08-05,1.5108,97.0,1.1402,95.0,0.9642,75.0,,,1.0063,78.0,1.1938,96.0,1.0008,93.0,0.9043,64.0,,,0.9015,66.0
2022-08-04,0.9422,80.0,0.8813,81.0,1.7564,99.0,,,1.7481,99.0,1.1585,93.0,0.9848,91.0,1.017,83.0,,,0.9411,70.0
2022-08-03,0.7612,68.0,0.8348,77.0,1.6719,98.0,,,1.6647,99.0,1.1509,92.0,0.9833,91.0,0.9187,65.0,,,0.9633,73.0
2022-08-02,0.6661,62.0,0.7988,74.0,1.6174,97.0,,,1.5921,98.0,1.1505,92.0,0.9821,90.0,0.9525,71.0,,,0.9168,67.0
2022-08-01,0.7694,69.0,0.8422,78.0,1.3656,92.0,,,1.3825,94.0,1.1508,92.0,0.9822,90.0,0.9204,65.0,,,0.9014,66.0
2022-07-29,0.7734,69.0,0.812,76.0,1.452,95.0,,,1.3873,94.0,1.1565,93.0,0.9821,90.0,0.9421,68.0,,,0.9112,66.0
2022-07-28,0.8135,72.0,0.8123,76.0,1.4007,94.0,,,1.4732,96.0,1.1698,95.0,0.986,91.0,0.9394,68.0,,,0.9652,73.0
2022-07-27,0.9609,81.0,0.7449,69.0,1.3568,92.0,,,1.4159,95.0,1.1676,94.0,0.981,90.0,0.9226,66.0,,,0.8992,65.0
2022-07-26,0.939,80.0,0.7139,67.0,1.5349,96.0,,,1.4579,96.0,1.1672,94.0,0.98,90.0,0.969,75.0,,,0.9489,70.0
2022-07-25,0.9087,78.0,0.7167,67.0,1.4469,95.0,,,1.4122,95.0,1.1655,94.0,0.9841,91.0,0.9806,77.0,,,0.9428,70.0
2022-07-22,0.9253,79.0,0.7052,66.0,1.1458,86.0,,,1.0782,83.0,1.1651,94.0,0.9845,91.0,0.9503,70.0,,,0.977,75.0
2022-07-21,0.7455,67.0,0.6515,61.0,1.0697,82.0,,,1.0912,84.0,1.1599,93.0,0.989,91.0,0.9321,67.0,,,0.9691,74.0
2022-07-20,0.742,67.0,0.6859,65.0,1.0524,81.0,,,1.075,83.0,1.1604,93.0,0.9903,91.0,0.9322,67.0,,,0.9652,73.0
2022-07-19,0.9346,79.0,0.7853,73.0,1.0097,78.0,,,1.0432,81.0,1.1601,93.0,0.9928,92.0,0.9197,65.0,,,0.977,75.0
2022-07-18,0.6529,61.0,0.7643,71.0,0.9615,74.0,,,0.9566,74.0,1.1543,92.0,0.9905,91.0,0.9667,74.0,,,0.9302,68.0
2022-07-15,0.7734,69.0,0.7767,72.0,0.8883,68.0,,,0.9064,69.0,1.1592,93.0,0.9911,92.0,0.9471,69.0,,,0.9219,67.0
2022-07-14,0.7268,66.0,0.7825,73.0,0.9713,75.0,,,0.9462,73.0,1.1591,93.0,0.9926,92.0,0.9774,76.0,,,0.9311,68.0
2022-07-13,0.8119,72.0,0.8845,82.0,0.9813,76.0,,,1.0052,78.0,1.1585,93.0,0.9924,92.0,0.9401,68.0,,,0.9533,71.0
2022-07-12,0.9291,79.0,0.9056,83.0,1.0063,78.0,,,1.0009,78.0,1.1626,94.0,0.9944,92.0,0.9469,69.0,,,0.8687,64.0
2022-07-11,0.9406,80.0,0.9027,83.0,1.0079,78.0,,,1.0326,80.0,1.1634,94.0,0.9934,92.0,0.929,66.0,,,0.8766,64.0
2022-07-08,0.8936,77.0,0.8465,79.0,0.9082,69.0,,,0.8757,67.0,1.1584,93.0,0.9902,91.0,0.9944,80.0,,,0.9128,66.0
2022-07-07,0.9761,82.0,0.8479,79.0,0.9593,74.0,,,0.9507,74.0,1.1592,93.0,0.99,91.0,0.9464,69.0,,,0.8929,65.0
2022-07-06,0.9487,80.0,0.8826,81.0,1.0265,79.0,,,1.0077,78.0,1.1586,93.0,0.9923,92.0,0.9657,74.0,,,0.9708,74.0
2022-07-05,1.0035,84.0,0.8868,82.0,1.0656,82.0,,,1.0443,81.0,1.169,94.0,0.9963,92.0,0.9769,76.0,,,0.9355,69.0
2022-07-01,1.1406,90.0,0.8929,82.0,0.9366,72.0,,,0.9638,75.0,1.1672,94.0,0.9935,92.0,1.0092,82.0,,,0.9756,75.0
2022-06-30,1.0238,85.0,0.928,85.0,0.9844,76.0,,,0.9888,77.0,1.1614,94.0,0.9921,92.0,1.0335,86.0,,,0.9537,71.0
2022-06-29,1.0238,85.0,0.9613,87.0,1.0063,78.0,,,0.9538,74.0,1.1613,93.0,0.9905,91.0,1.0493,88.0,,,0.9911,79.0
2022-06-28,1.0885,88.0,0.9811,88.0,0.9501,74.0,,,0.97,76.0,1.1602,93.0,0.9898,91.0,0.9792,77.0,,,0.9611,72.0
2022-06-27,1.5644,98.0,1.014,89.0,0.9766,76.0,,,0.9616,75.0,1.1586,93.0,0.9882,91.0,0.9885,79.0,,,0.9691,74.0
2022-06-24,1.5254,97.0,0.9895,88.0,0.9737,76.0,,,0.9834,77.0,1.1576,93.0,0.9853,91.0,0.9676,75.0,,,0.9647,73.0
2022-06-23,1.5071,97.0,1.0264,90.0,1.083,83.0,,,1.0677,83.0,1.1545,92.0,0.9841,91.0,0.9747,76.0,,,0.9787,76.0
2022-06-22,1.5172,97.0,0.9877,88.0,1.1121,85.0,,,1.0668,82.0,1.1422,92.0,0.9787,90.0,0.975,76.0,,,0.9302,68.0
2022-06-21,1.687,98.0,1.0333,90.0,1.0952,84.0,,,1.109,85.0,1.1419,91.0,0.9747,90.0,1.0073,82.0,,,0.9728,75.0
2022-06-17,1.6871,99.0,1.0441,90.0,1.0563,81.0,,,1.1165,86.0,1.1452,92.0,0.9721,90.0,1.0191,84.0,,,0.9683,74.0
2022-06-16,1.2856,94.0,0.9942,88.0,1.2031,88.0,,,1.1397,87.0,1.1322,91.0,0.9703,89.0,1.0645,89.0,,,1.0239,86.0
2022-06-15,1.2242,93.0,0.9234,84.0,1.0967,84.0,,,1.0629,82.0,1.1139,90.0,0.9718,90.0,1.0107,83.0,,,0.9782,76.0
2022-06-14,1.137,90.0,0.951,86.0,1.1814,87.0,,,1.1546,88.0,1.1145,90.0,0.9716,90.0,0.9913,79.0,,,0.941,69.0
2022-06-13,1.0537,86.0,0.8989,83.0,1.185,87.0,,,1.1941,89.0,1.1144,90.0,0.9693,89.0,1.0184,84.0,,,0.9711,74.0
2022-06-10,1.5205,97.0,0.999,88.0,1.064,82.0,,,0.9947,77.0,1.1027,90.0,0.9659,88.0,0.9987,81.0,,,0.9183,67.0
2022-06-09,1.2238,93.0,0.9542,86.0,0.9566,74.0,,,0.9396,73.0,1.081,88.0,0.96,87.0,0.9691,75.0,,,0.9342,69.0
2022-06-08,1.1011,88.0,0.911,83.0,0.8634,66.0,,,0.9071,70.0,1.0736,87.0,0.9569,87.0,0.933,67.0,,,0.9276,68.0
2022-06-07,1.3882,95.0,1.0107,89.0,0.8671,66.0,,,0.871,67.0,1.0747,87.0,0.957,87.0,0.9265,66.0,,,0.9266,68.0
2022-06-06,1.3861,95.0,1.0148,89.0,0.9642,75.0,,,0.9429,73.0,1.0741,87.0,0.9567,87.0,0.951,70.0,,,0.9162,67.0
2022-06-03,1.3189,94.0,0.976,87.0,0.9357,72.0,,,0.9156,71.0,1.0737,87.0,0.9533,87.0,0.9596,73.0,,,0.9519,71.0
2022-06-02,1.4197,96.0,1.0104,89.0,0.9528,74.0,,,0.9611,75.0,1.075,87.0,0.9555,87.0,0.9466,69.0,,,0.9203,67.0
2022-06-01,1.1734,91.0,0.8539,79.0,0.9525,74.0,,,0.9257,71.0,1.056,85.0,0.9487,86.0,0.9938,80.0,,,0.9248,67.0
2022-05-31,1.1452,90.0,0.8345,77.0,0.994,77.0,,,0.9516,74.0,1.0552,85.0,0.9451,85.0,0.9483,70.0,,,0.9607,72.0
2022-05-27,1.1075,89.0,0.8444,78.0,0.8762,67.0,,,0.9036,69.0,1.0613,86.0,0.9477,86.0,0.9724,76.0,,,0.9384,69.0
2022-05-26,0.8427,74.0,0.7583,71.0,0.944,73.0,,,0.9223,71.0,1.0408,84.0,0.9429,85.0,0.971,75.0,,,0.9289,68.0
2022-05-25,0.923,79.0,0.7883,73.0,0.9806,76.0,,,0.9814,77.0,1.0403,84.0,0.9424,85.0,0.9736,76.0,,,0.9432,70.0
2022-05-24,0.8346,73.0,0.8133,76.0,1.055,81.0,,,1.0445,81.0,1.0389,83.0,0.9411,85.0,1.0151,83.0,,,0.9611,72.0
2022-05-23,1.1788,92.0,0.9165,84.0,1.0066,78.0,,,1.0246,80.0,1.0321,83.0,0.9387,84.0,0.9928,79.0,,,0.9491,71.0
2022-05-20,1.4263,96.0,1.1361,95.0,1.0481,81.0,,,1.0598,82.0,1.0394,84.0,0.9428,85.0,1.0055,82.0,,,0.9642,73.0
2022-05-19,1.5903,98.0,1.1966,96.0,1.0903,83.0,,,1.066,82.0,1.0434,84.0,0.9421,85.0,1.018,83.0,,,0.9773,75.0
2022-05-18,1.614,98.0,1.3638,98.0,1.0899,83.0,,,1.0939,84.0,1.0445,84.0,0.9405,84.0,1.0247,84.0,,,0.98,76.0
2022-05-17,1.6709,98.0,1.425,99.0,1.0607,82.0,,,1.079,84.0,1.0375,83.0,0.9381,84.0,0.9363,67.0,,,0.9925,79.0
2022-05-16,1.7141,99.0,1.6419,100.0,1.1585,86.0,,,1.161,88.0,1.0345,83.0,0.9368,84.0,1.0367,86.0,,,0.9857,78.0
2022-05-13,1.8505,99.0,1.6713,100.0,1.1409,86.0,,,1.1347,87.0,1.0359,83.0,0.9352,83.0,1.0056,82.0,,,1.0315,88.0
2022-05-12,1.5297,97.0,1.6301,100.0,1.2718,90.0,,,1.3224,93.0,1.0107,82.0,0.9277,83.0,1.0353,86.0,,,0.9581,72.0
2022-05-11,0.9979,83.0,1.4892,99.0,1.3159,91.0,,,1.2729,92.0,0.9849,77.0,0.9122,81.0,1.0433,87.0,,,1.0111,84.0
2022-05-10,1.1831,92.0,1.5025,99.0,1.3251,91.0,,,1.3155,93.0,1.004,81.0,0.91,81.0,1.0375,86.0,,,1.0329,88.0
2022-05-09,1.1831,92.0,1.3465,98.0,1.1995,88.0,,,1.2133,89.0,1.0079,81.0,0.8974,79.0,1.0486,87.0,,,1.0113,84.0
2022-05-06,1.1116,89.0,1.306,98.0,1.1857,87.0,,,1.223,90.0,0.9985,80.0,0.8918,79.0,1.0799,91.0,,,1.0711,94.0
2022-05-05,1.0673,87.0,1.0363,90.0,1.8299,100.0,,,1.8125,100.0,0.9956,80.0,0.8681,77.0,0.9973,80.0,,,1.0191,85.0
2022-05-04,0.8388,73.0,0.9865,88.0,1.9761,100.0,,,2.0234,100.0,0.9879,78.0,0.8665,77.0,1.011,83.0,,,1.1181,97.0
2022-05-03,0.8598,75.0,0.9667,87.0,1.8057,99.0,,,1.7303,99.0,1.0076,81.0,0.8712,78.0,0.9989,81.0,,,1.0548,92.0
2022-05-02,0.9415,80.0,0.9459,85.0,1.6439,98.0,,,1.6659,99.0,1.0064,81.0,0.8736,78.0,1.0305,85.0,,,1.0916,96.0
2022-04-29,0.9076,78.0,0.9419,85.0,1.6886,98.0,,,1.7619,100.0,1.022,82.0,0.8814,78.0,0.9893,79.0,,,0.9341,69.0
2022-04-28,0.9218,78.0,0.9494,86.0,1.6913,98.0,,,1.6481,99.0,1.0246,83.0,0.8809,78.0,0.941,68.0,,,0.793,60.0
2022-04-27,0.8358,73.0,0.9027,83.0,1.7153,99.0,,,1.6903,99.0,1.0193,82.0,0.8764,78.0,0.9577,72.0,,,0.9232,67.0
2022-04-26,0.8691,75.0,0.8916,82.0,1.6679,98.0,,,1.6266,98.0,1.019,82.0,0.8727,78.0,0.9863,78.0,,,0.8138,61.0
2022-04-25,0.8758,76.0,0.8501,79.0,1.4961,96.0,,,1.5213,97.0,1.0167,82.0,0.8696,77.0,0.9563,72.0,,,0.9505,71.0
2022-04-22,1.0189,85.0,0.8458,79.0,1.2929,90.0,,,1.261,91.0,1.013,82.0,0.8666,77.0,0.9619,73.0,,,0.92,67.0
2022-04-21,1.0141,84.0,0.8602,80.0,1.1527,86.0,,,1.1984,89.0,1.0122,82.0,0.8643,77.0,0.9576,72.0,,,0.9312,68.0
2022-04-20,0.9178,78.0,0.8352,78.0,1.047,81.0,,,1.0322,80.0,1.0063,81.0,0.857,76.0,0.9662,74.0,,,0.907,66.0
2022-04-19,0.8349,73.0,0.8351,77.0,0.9688,75.0,,,0.9711,76.0,1.0049,81.0,0.8546,76.0,0.9272,66.0,,,0.8277,62.0
2022-04-18,0.8645,75.0,0.8307,77.0,0.9583,74.0,,,0.9475,73.0,1.0026,81.0,0.8532,76.0,0.9365,67.0,,,0.782,59.0
2022-04-14,0.9812,82.0,0.85,79.0,0.8631,66.0,,,0.844,63.0,0.9989,80.0,0.8501,75.0,0.9369,67.0,,,0.8276,62.0
2022-04-13,1.1188,89.0,0.8842,82.0,0.876,67.0,,,0.9066,70.0,1.0001,80.0,0.8542,76.0,0.9178,65.0,,,0.7926,60.0
2022-04-12,1.0519,86.0,0.8698,80.0,0.9322,71.0,,,0.9145,70.0,0.9908,79.0,0.8511,75.0,0.9497,70.0,,,0.9152,66.0
2022-04-11,1.0181,85.0,0.8287,77.0,0.9534,74.0,,,0.9751,76.0,0.9896,79.0,0.8479,75.0,0.9177,65.0,,,0.9069,66.0
2022-04-08,0.8524,74.0,0.7487,69.0,0.8962,69.0,,,0.9322,72.0,0.9839,77.0,0.8427,75.0,0.9669,74.0,,,0.9167,67.0
2022-04-07,0.8761,76.0,0.7295,68.0,1.0144,79.0,,,0.9884,77.0,0.9883,78.0,0.8418,75.0,0.9271,66.0,,,0.7409,57.0
2022-04-06,1.2066,92.0,0.7821,73.0,0.9129,70.0,,,0.9337,72.0,0.9886,79.0,0.8405,75.0,0.9397,68.0,,,0.9159,67.0
2022-04-05,1.1268,89.0,0.733,68.0,0.8438,64.0,,,0.8492,64.0,0.9864,78.0,0.8396,75.0,0.9125,64.0,,,0.8193,61.0
2022-04-04,1.0368,86.0,0.732,68.0,0.8377,63.0,,,0.8245,61.0,0.9816,77.0,0.837,74.0,0.8985,63.0,,,0.8661,64.0
2022-04-01,0.93,79.0,0.7175,67.0,0.8055,60.0,,,0.8436,63.0,0.9772,76.0,0.8356,74.0,0.9099,64.0,,,0.7347,57.0
2022-03-31,0.9281,79.0,0.7574,70.0,0.7979,60.0,,,0.785,57.0,0.9774,76.0,0.8355,74.0,0.9144,64.0,,,0.8462,63.0
2022-03-30,1.1806,92.0,0.8909,82.0,0.7961,60.0,,,0.7811,57.0,0.9803,76.0,0.8369,74.0,0.9167,65.0,,,0.7573,57.0
2022-03-29,1.0334,85.0,0.8857,82.0,0.8192,61.0,,,0.8634,66.0,0.9754,76.0,0.836,74.0,0.8851,63.0,,,0.904,66.0
2022-03-28,0.9066,78.0,0.8348,77.0,0.8464,64.0,,,0.637,45.0,0.9657,75.0,0.8321,73.0,0.9287,66.0,,,0.9257,68.0
2022-03-25,0.9566,81.0,0.8841,81.0,0.773,57.0,,,0.8233,61.0,0.9639,75.0,0.8303,72.0,0.8991,64.0,,,0.8236,62.0
2022-03-24,0.9461,80.0,0.8734,81.0,0.8272,62.0,,,0.8061,59.0,0.9642,75.0,0.8281,72.0,0.9078,64.0,,,0.8485,63.0
2022-03-23,0.9125,78.0,0.9145,84.0,0.9144,70.0,,,0.9023,69.0,0.9656,75.0,0.8277,72.0,0.9135,64.0,,,0.8511,63.0
2022-03-22,1.0739,87.0,0.9178,84.0,0.9454,73.0,,,0.9508,74.0,0.9662,76.0,0.8254,71.0,0.8927,63.0,,,0.8279,62.0
2022-03-21,1.092,88.0,0.8402,78.0,0.8518,64.0,,,0.9429,73.0,0.9475,75.0,0.8163,70.0,0.8964,63.0,,,0.851,63.0
2022-03-18,1.0854,88.0,0.8394,78.0,0.7948,60.0,,,0.8319,62.0,0.9476,75.0,0.816,70.0,0.944,69.0,,,0.8049,60.0
2022-03-17,1.1859,92.0,0.8997,83.0,0.877,67.0,,,0.891,68.0,0.9506,75.0,0.8151,70.0,0.9081,64.0,,,0.855,64.0
2022-03-16,1.1615,91.0,0.9544,86.0,0.9265,71.0,,,0.9224,71.0,0.9452,74.0,0.812,70.0,0.9669,74.0,,,0.8154,61.0
2022-03-15,1.1017,88.0,0.9873,88.0,1.009,78.0,,,1.017,79.0,0.9359,74.0,0.8102,69.0,0.9537,71.0,,,0.897,65.0
2022-03-14,1.2523,93.0,1.1097,94.0,1.0404,80.0,,,0.7177,53.0,0.9297,74.0,0.8068,69.0,0.9532,71.0,,,0.8605,64.0
2022-03-11,1.3092,94.0,1.1529,95.0,0.9951,77.0,,,0.9905,77.0,0.927,74.0,0.8036,68.0,0.9417,68.0,,,0.8994,65.0
2022-03-10,1.3336,95.0,1.1084,94.0,1.0101,79.0,,,0.9783,76.0,0.9236,73.0,0.7989,67.0,0.9224,66.0,,,0.7631,57.0
2022-03-09,1.3331,95.0,1.1066,93.0,1.0553,81.0,,,1.048,81.0,0.926,74.0,0.7996,67.0,0.9509,70.0,,,0.8173,61.0
2022-03-08,1.085,88.0,1.0761,92.0,1.0871,83.0,,,1.0699,83.0,0.9138,73.0,0.7945,66.0,0.9731,76.0,,,0.9212,67.0
2022-03-07,1.6383,98.0,1.2744,97.0,1.1157,85.0,,,1.1498,88.0,0.9117,72.0,0.786,64.0,0.994,80.0,,,0.9382,69.0
2022-03-04,2.2266,100.0,1.5442,100.0,1.0803,83.0,,,1.0755,83.0,0.9129,72.0,0.7827,64.0,0.9696,75.0,,,0.8995,66.0
2022-03-03,2.1446,100.0,1.4751,99.0,0.9657,75.0,,,0.9885,77.0,0.8931,71.0,0.7691,62.0,0.9286,66.0,,,0.8925,65.0
2022-03-02,2.1151,100.0,1.451,99.0,0.9396,72.0,,,0.9535,74.0,0.8859,71.0,0.7626,62.0,0.9144,64.0,,,0.8706,64.0
2022-03-01,2.0749,100.0,1.4628,99.0,1.0528,81.0,,,0.9561,74.0,0.8833,71.0,0.7616,61.0,0.9206,65.0,,,0.851,63.0
2022-02-28,2.0718,100.0,1.4748,99.0,0.9972,77.0,,,1.0127,79.0,0.8855,71.0,0.7607,61.0,0.9467,69.0,,,0.8705,64.0
2022-02-25,2.0755,100.0,1.4541,99.0,1.1022,84.0,,,1.1183,86.0,0.8858,71.0,0.7581,61.0,0.9445,69.0,,,0.8775,64.0
2022-02-24,1.5346,97.0,1.2253,96.0,1.8496,100.0,,,1.7207,99.0,0.8053,64.0,0.7318,59.0,0.9299,67.0,,,0.8428,62.0
2022-02-23,1.0245,85.0,0.7999,74.0,2.0193,100.0,,,1.8088,100.0,0.7658,60.0,0.6973,57.0,0.9262,66.0,,,0.8689,64.0
2022-02-22,0.8868,76.0,0.7441,69.0,1.5803,97.0,,,1.5857,98.0,0.7575,59.0,0.6923,57.0,0.9083,64.0,,,0.8461,63.0
2022-02-18,0.8029,71.0,0.7675,71.0,1.4642,95.0,,,1.514,97.0,0.753,57.0,0.6877,57.0,0.8827,63.0,,,0.8711,64.0
2022-02-17,0.8974,77.0,0.7451,69.0,1.377,93.0,,,1.374,94.0,0.7576,59.0,0.6856,57.0,0.8768,63.0,,,0.8448,63.0
2022-02-16,0.7622,68.0,0.7377,68.0,1.3191,91.0,,,1.3033,92.0,0.7587,59.0,0.6847,57.0,0.8451,61.0,,,0.8203,61.0
2022-02-15,0.7773,70.0,0.7633,71.0,1.3427,92.0,,,1.3087,92.0,0.7603,59.0,0.6846,57.0,0.8153,57.0,,,0.7789,59.0
2022-02-14,0.4951,46.0,0.7385,69.0,1.3499,92.0,,,1.3356,93.0,0.7454,57.0,0.6846,57.0,0.8679,62.0,,,0.8083,61.0
2022-02-11,0.7257,66.0,0.7685,72.0,1.1498,86.0,,,1.1209,86.0,0.7458,57.0,0.6837,57.0,0.8696,62.0,,,0.8068,60.0
2022-02-10,0.752,68.0,0.7438,69.0,1.0354,80.0,,,1.0367,81.0,0.7579,59.0,0.6821,56.0,0.873,62.0,,,0.815,61.0
2022-02-09,0.8828,76.0,0.6835,64.0,0.9394,72.0,,,0.9232,71.0,0.764,59.0,0.6777,56.0,0.8216,59.0,,,0.7939,60.0
2022-02-08,1.0638,86.0,0.7782,72.0,0.937,72.0,,,0.8958,69.0,0.7573,59.0,0.6782,56.0,0.8189,57.0,,,0.7684,59.0
2022-02-07,1.0707,87.0,0.7777,72.0,0.9423,73.0,,,0.9064,69.0,0.8193,66.0,0.6875,57.0,0.824,59.0,,,0.8004,60.0
2022-02-04,1.0748,87.0,0.7792,72.0,0.9103,70.0,,,0.8757,67.0,0.8197,66.0,0.6864,57.0,0.8223,59.0,,,0.7865,59.0
2022-02-03,1.1234,89.0,0.8527,79.0,0.9175,70.0,,,0.9385,72.0,0.8187,65.0,0.6843,57.0,0.8421,60.0,,,0.7543,57.0
2022-02-02,1.0137,84.0,0.8514,79.0,0.8579,65.0,,,0.8467,64.0,0.8136,65.0,0.6848,57.0,0.7951,57.0,,,0.7901,59.0
2022-02-01,0.9768,82.0,0.9735,87.0,0.8388,63.0,,,0.8061,59.0,0.8123,65.0,0.683,56.0,0.824,59.0,,,0.7828,59.0
2022-01-31,0.9156,78.0,0.9721,87.0,0.9247,71.0,,,0.9448,73.0,0.8046,64.0,0.6807,56.0,0.8472,61.0,,,0.7746,59.0
2022-01-28,0.411,35.0,0.9478,86.0,0.9729,75.0,,,0.9717,76.0,0.786,61.0,0.6735,56.0,0.8172,57.0,,,0.7367,57.0
2022-01-27,0.2768,15.0,0.9416,85.0,1.0562,81.0,,,1.091,84.0,0.7872,61.0,0.6726,56.0,0.8261,59.0,,,0.7694,59.0
2022-01-26,0.383,31.0,0.9482,86.0,1.1728,87.0,,,1.1079,85.0,0.7872,61.0,0.6701,56.0,0.8203,59.0,,,0.7115,56.0
2022-01-25,0.3826,31.0,0.9002,83.0,1.1085,84.0,,,1.0617,82.0,0.7857,61.0,0.6626,56.0,0.8216,59.0,,,0.7202,57.0
2022-01-24,0.3828,31.0,0.8792,81.0,1.191,88.0,,,1.2023,89.0,0.7843,61.0,0.6602,56.0,0.8091,57.0,,,0.767,59.0
2022-01-21,0.7271,66.0,0.7848,73.0,0.9842,76.0,,,0.9496,74.0,0.7902,62.0,0.6509,56.0,0.8705,62.0,,,0.736,57.0
2022-01-20,0.8498,74.0,0.7606,71.0,0.8247,62.0,,,0.8321,62.0,0.7895,61.0,0.6494,56.0,0.7576,56.0,,,0.7217,57.0
2022-01-19,0.8656,75.0,0.7237,67.0,0.8515,64.0,,,0.8381,63.0,0.7892,61.0,0.6445,56.0,0.8077,57.0,,,0.7215,57.0
2022-01-18,0.821,72.0,0.7533,70.0,0.8785,67.0,,,0.836,62.0,0.7843,61.0,0.6428,55.0,0.7956,57.0,,,0.7531,57.0
2022-01-14,0.7489,67.0,0.8015,75.0,0.7218,55.0,,,0.725,53.0,0.7768,61.0,0.6403,55.0,0.7886,57.0,,,0.7291,57.0
2022-01-13,0.9756,82.0,0.8618,80.0,0.7216,55.0,,,0.7442,55.0,0.7752,60.0,0.6374,55.0,0.7475,55.0,,,0.7031,56.0
2022-01-12,1.0101,84.0,0.9055,83.0,0.7356,55.0,,,0.698,51.0,0.7738,60.0,0.6385,55.0,0.7661,56.0,,,0.6881,54.0
2022-01-11,0.9135,78.0,0.8586,79.0,0.69,52.0,,,0.7182,53.0,0.7689,60.0,0.6345,55.0,0.7609,56.0,,,0.6955,55.0
2022-01-10,0.7978,71.0,0.843,78.0,0.8363,63.0,,,0.7948,59.0,0.7681,60.0,0.6342,55.0,0.751,55.0,,,0.6954,55.0
2022-01-07,0.9029,77.0,0.8393,78.0,0.7793,57.0,,,0.7672,57.0,0.7682,60.0,0.6326,55.0,0.7894,57.0,,,0.6927,54.0
2022-01-06,0.9015,77.0,0.8089,75.0,0.7873,59.0,,,0.7891,59.0,0.768,60.0,0.63,55.0,0.7692,56.0,,,0.6778,53.0
2022-01-05,0.8835,76.0,0.7312,68.0,0.7465,56.0,,,0.7427,55.0,0.7666,60.0,0.6243,54.0,0.8067,57.0,,,0.7006,55.0
2022-01-04,0.5919,55.0,0.5969,56.0,0.6969,53.0,,,0.6763,49.0,0.7499,57.0,0.6161,54.0,0.743,55.0,,,0.6673,52.0
2022-01-03,0.4095,35.0,0.5302,49.0,0.6707,51.0,,,0.6349,44.0,0.7437,57.0,0.6127,54.0,0.6987,53.0,,,0.684,54.0
2021-12-31,0.3584,27.0,0.5041,47.0,0.6556,49.0,,,0.6467,46.0,0.7426,57.0,0.6128,54.0,0.7694,56.0,,,0.7038,56.0
2021-12-30,0.48,43.0,0.5329,50.0,0.6495,48.0,,,0.6489,46.0,0.7479,57.0,0.6159,54.0,0.8178,57.0,,,0.7151,56.0
2021-12-29,0.4262,36.0,0.5345,50.0,0.693,53.0,,,0.6557,47.0,0.7456,57.0,0.6128,54.0,0.7429,55.0,,,0.6968,55.0
2021-12-28,0.5639,53.0,0.6777,64.0,0.6561,49.0,,,0.6321,44.0,0.7446,57.0,0.6111,54.0,0.8512,61.0,,,0.7252,57.0
2021-12-27,0.6516,61.0,0.7087,66.0,0.6664,50.0,,,0.6811,49.0,0.7463,57.0,0.6108,54.0,0.7845,57.0,,,0.696,55.0
2021-12-23,0.6406,60.0,0.7373,68.0,0.6005,43.0,,,0.5893,39.0,0.7468,57.0,0.6108,54.0,0.7593,56.0,,,0.6936,54.0
2021-12-22,0.725,65.0,0.7319,68.0,0.6255,47.0,,,0.6213,43.0,0.7477,57.0,0.6101,54.0,0.7574,55.0,,,0.7007,55.0
2021-12-21,0.7418,67.0,0.7526,70.0,0.6703,51.0,,,0.6833,49.0,0.7504,57.0,0.6115,54.0,0.7332,55.0,,,0.6714,52.0
2021-12-20,0.6368,59.0,0.7552,70.0,0.8676,66.0,,,0.8581,65.0,0.7464,57.0,0.6113,54.0,0.779,57.0,,,0.7635,57.0
2021-12-17,0.6594,61.0,0.7306,68.0,0.7999,60.0,,,0.8413,63.0,0.7461,57.0,0.6083,54.0,0.8065,57.0,,,0.6891,54.0
2021-12-16,0.3946,32.0,0.5795,54.0,0.7753,57.0,,,0.7464,55.0,0.7402,57.0,0.599,53.0,0.772,56.0,,,0.6763,53.0
2021-12-15,0.4525,40.0,0.5306,50.0,0.768,57.0,,,0.7378,54.0,0.7379,57.0,0.5958,53.0,0.8194,59.0,,,0.6482,49.0
2021-12-14,0.6364,59.0,0.5791,54.0,0.7425,56.0,,,0.7596,56.0,0.7382,57.0,0.5937,53.0,0.8189,57.0,,,0.6705,52.0
2021-12-13,0.6086,57.0,0.6431,61.0,0.7241,55.0,,,0.7032,51.0,0.7354,56.0,0.5933,53.0,0.7592,56.0,,,0.6941,55.0
2021-12-10,0.5829,55.0,0.6366,60.0,0.7152,54.0,,,0.6487,46.0,0.7348,56.0,0.594,53.0,0.7572,55.0,,,0.6762,53.0
2021-12-09,0.8212,72.0,0.7207,67.0,0.7108,54.0,,,0.689,50.0,0.7351,56.0,0.5934,53.0,0.6453,52.0,,,0.6871,54.0
2021-12-08,0.7966,71.0,0.7395,69.0,0.6947,53.0,,,0.6947,50.0,0.7363,56.0,0.5951,53.0,0.7411,55.0,,,0.6966,55.0
2021-12-07,0.7795,70.0,0.7425,69.0,0.7107,54.0,,,0.7387,55.0,0.7358,56.0,0.5951,53.0,0.7582,56.0,,,0.7044,56.0
2021-12-06,0.7459,67.0,0.738,68.0,0.7951,60.0,,,0.7833,57.0,0.7345,56.0,0.5944,53.0,0.8666,62.0,,,0.6794,53.0
2021-12-03,0.5623,53.0,0.6755,64.0,0.9053,69.0,,,0.9532,74.0,0.7289,55.0,0.5912,53.0,0.8006,57.0,,,0.7256,57.0
2021-12-02,0.6988,64.0,0.7279,68.0,0.843,64.0,,,0.8568,65.0,0.7275,55.0,0.5886,52.0,0.8005,57.0,,,0.6764,53.0
2021-12-01,0.6739,62.0,0.7719,72.0,0.8486,64.0,,,0.8441,63.0,0.7328,56.0,0.5945,53.0,0.7788,57.0,,,0.7076,56.0
2021-11-30,0.5935,55.0,0.6865,65.0,0.8245,62.0,,,0.811,60.0,0.7225,54.0,0.5896,52.0,0.821,59.0,,,0.702,56.0
2021-11-29,0.5956,56.0,0.6448,61.0,0.7934,59.0,,,0.7852,57.0,0.7221,54.0,0.5871,52.0,0.7725,56.0,,,0.7644,59.0
2021-11-26,0.5815,54.0,0.6589,62.0,0.8581,65.0,,,0.8566,65.0,0.7218,54.0,0.5895,52.0,0.8285,60.0,,,0.8222,62.0
2021-11-24,0.5835,55.0,0.6804,64.0,0.7771,57.0,,,0.7446,55.0,0.7267,55.0,0.5954,53.0,0.8076,57.0,,,0.7279,57.0
2021-11-23,0.4436,39.0,0.6918,65.0,0.8279,62.0,,,0.8268,61.0,0.7274,55.0,0.5967,53.0,0.8045,57.0,,,0.7944,60.0
2021-11-22,0.4854,44.0,0.594,55.0,0.7259,55.0,,,0.732,54.0,0.7151,53.0,0.5897,53.0,0.8651,62.0,,,0.7584,57.0
2021-11-19,1.0724,87.0,0.6158,57.0,0.6099,45.0,,,0.6727,48.0,0.7073,53.0,0.5869,52.0,0.7835,57.0,,,0.6816,54.0
2021-11-18,1.1348,90.0,0.6768,64.0,0.6199,46.0,,,0.6258,43.0,0.7093,53.0,0.5896,52.0,0.7254,54.0,,,0.6967,55.0
2021-11-17,1.1621,91.0,0.7276,68.0,0.6366,47.0,,,0.6161,42.0,0.7101,53.0,0.591,53.0,0.7308,54.0,,,0.6827,54.0
2021-11-16,1.1576,91.0,0.707,66.0,0.669,51.0,,,0.6353,44.0,0.709,53.0,0.59,53.0,0.7312,54.0,,,0.6827,54.0
2021-11-15,1.1998,92.0,0.7755,72.0,0.6565,49.0,,,0.6649,48.0,0.7054,53.0,0.5885,52.0,0.7649,56.0,,,0.743,57.0
2021-11-12,1.4716,96.0,0.9256,84.0,0.6983,53.0,,,0.6886,50.0,0.7056,53.0,0.5881,52.0,0.7423,55.0,,,0.7016,55.0
2021-11-11,1.4776,96.0,0.9988,88.0,0.892,68.0,,,0.8798,67.0,0.7105,53.0,0.587,52.0,0.7534,55.0,,,0.7603,57.0
2021-11-10,1.4311,96.0,1.1627,95.0,1.618,98.0,,,1.6185,98.0,0.6807,52.0,0.587,52.0,0.8252,59.0,,,0.7535,57.0
2021-11-09,1.4666,96.0,1.1372,95.0,1.5969,97.0,,,1.5934,98.0,0.6724,52.0,0.584,52.0,0.7598,56.0,,,0.7168,56.0
2021-11-08,1.4548,96.0,1.106,93.0,1.6661,98.0,,,1.6633,99.0,0.6749,52.0,0.582,52.0,0.7318,54.0,,,0.7345,57.0
2021-11-05,1.4656,96.0,1.1022,93.0,1.5268,96.0,,,1.5269,97.0,0.6826,52.0,0.5981,53.0,0.7034,53.0,,,0.7189,56.0
2021-11-04,1.4034,96.0,1.0332,90.0,1.5877,97.0,,,1.579,98.0,0.7046,53.0,0.604,54.0,0.7124,54.0,,,0.6794,53.0
2021-11-03,1.0289,85.0,0.8904,82.0,1.3369,92.0,,,1.3558,94.0,0.6795,52.0,0.6032,54.0,0.7389,55.0,,,0.5665,35.0
2021-11-02,1.0686,87.0,0.7794,72.0,1.1628,87.0,,,1.1376,87.0,0.6973,53.0,0.6035,54.0,0.6706,53.0,,,0.5755,36.0
2021-11-01,0.3851,31.0,0.3673,27.0,0.998,77.0,,,1.0125,79.0,0.6618,52.0,0.5829,52.0,0.5647,49.0,,,0.5731,36.0
2021-10-29,0.2908,17.0,0.3066,19.0,0.7481,56.0,,,0.742,55.0,0.6653,52.0,0.5829,52.0,0.6452,52.0,,,0.5701,36.0
2021-10-28,0.2844,16.0,0.3201,21.0,0.6856,52.0,,,0.7108,52.0,0.6652,52.0,0.5858,52.0,0.603,51.0,,,0.572,36.0
2021-10-27,0.2674,14.0,0.3229,21.0,0.6607,50.0,,,0.673,48.0,0.6653,52.0,0.5887,52.0,0.6134,51.0,,,0.5775,37.0
2021-10-26,0.3313,22.0,0.5032,47.0,0.673,51.0,,,0.6503,46.0,0.6672,52.0,0.5912,53.0,0.6369,52.0,,,0.5669,35.0
2021-10-25,0.3331,23.0,0.4933,45.0,0.6481,48.0,,,0.603,40.0,0.6682,52.0,0.5917,53.0,0.617,51.0,,,0.5713,36.0
2021-10-22,0.2915,18.0,0.4921,45.0,0.5872,41.0,,,0.5986,40.0,0.6715,52.0,0.5958,53.0,0.6088,51.0,,,0.5674,35.0
2021-10-21,0.2763,15.0,0.5167,48.0,0.5761,40.0,,,0.58,38.0,0.6716,52.0,0.5974,53.0,0.6011,51.0,,,0.5779,37.0
2021-10-20,0.4262,36.0,0.5577,52.0,0.605,44.0,,,0.6094,41.0,0.6715,52.0,0.6028,53.0,0.5938,51.0,,,0.5786,37.0
2021-10-19,0.3692,28.0,0.5564,52.0,0.6227,46.0,,,0.6094,41.0,0.6856,52.0,0.61,54.0,0.5927,51.0,,,0.5747,36.0
2021-10-18,0.4538,40.0,0.6409,60.0,0.7077,54.0,,,0.6921,50.0,0.6883,53.0,0.6125,54.0,0.5818,50.0,,,0.5281,28.0
2021-10-15,0.4523,40.0,0.5156,48.0,0.5292,35.0,,,0.5424,34.0,0.6876,52.0,0.6078,54.0,0.5828,50.0,,,0.5859,38.0
2021-10-14,0.3683,28.0,0.5401,50.0,0.5444,37.0,,,0.5649,37.0,0.7035,53.0,0.6204,54.0,0.5992,51.0,,,0.5755,36.0
2021-10-13,0.3652,28.0,0.563,52.0,0.6074,44.0,,,0.6133,42.0,0.7086,53.0,0.6243,54.0,0.6056,51.0,,,0.5882,38.0
2021-10-12,0.7528,68.0,0.6238,57.0,0.6246,46.0,,,0.6216,43.0,0.7132,53.0,0.6259,55.0,0.5928,51.0,,,0.5866,38.0
2021-10-11,0.7047,64.0,0.5997,56.0,0.6076,44.0,,,0.59,39.0,0.7164,54.0,0.6258,55.0,0.5796,50.0,,,0.5659,35.0
2021-10-08,0.7134,65.0,0.603,56.0,0.6453,48.0,,,0.6442,46.0,0.7164,54.0,0.6278,55.0,0.6285,52.0,,,0.5569,34.0
2021-10-07,0.5945,56.0,0.5112,48.0,0.6064,44.0,,,0.5959,39.0,0.7111,53.0,0.6244,55.0,0.6479,52.0,,,0.6144,43.0
2021-10-06,0.6267,57.0,0.5227,49.0,0.6241,46.0,,,0.6089,41.0,0.7152,53.0,0.6254,55.0,0.6323,52.0,,,0.5345,30.0
2021-10-05,0.6409,60.0,0.5324,50.0,0.6264,47.0,,,0.6026,40.0,0.7186,54.0,0.626,55.0,0.6313,52.0,,,0.59,38.0
2021-10-04,0.6495,60.0,0.5254,49.0,0.6404,48.0,,,0.6521,47.0,0.7187,54.0,0.6253,55.0,0.6541,52.0,,,0.6208,44.0
2021-10-01,0.4381,38.0,0.4361,37.0,0.6135,45.0,,,0.5887,39.0,0.7106,53.0,0.6216,54.0,0.6507,52.0,,,0.5239,26.0
2021-09-30,0.4353,37.0,0.4454,38.0,0.584,41.0,,,0.5807,38.0,0.7151,53.0,0.6244,55.0,0.6164,51.0,,,0.5982,40.0
2021-09-29,0.4817,44.0,0.4484,39.0,0.5981,43.0,,,0.5893,39.0,0.7166,54.0,0.6282,55.0,0.6424,52.0,,,0.5534,34.0
2021-09-28,0.471,43.0,0.4985,46.0,0.6307,47.0,,,0.6414,45.0,0.7187,54.0,0.6318,55.0,0.6408,52.0,,,0.5748,36.0
2021-09-27,0.2254,9.0,0.4943,46.0,0.5596,39.0,,,0.5765,37.0,0.7167,54.0,0.633,55.0,0.6511,52.0,,,0.576,36.0
2021-09-24,0.2782,15.0,0.4807,44.0,0.5401,37.0,,,0.5494,35.0,0.7167,54.0,0.6324,55.0,0.6406,52.0,,,0.617,44.0
2021-09-23,0.3007,19.0,0.4622,41.0,0.5551,38.0,,,0.5714,37.0,0.7163,54.0,0.6336,55.0,0.6523,52.0,,,0.6058,41.0
2021-09-22,0.5316,49.0,0.4561,40.0,0.6031,44.0,,,0.6044,40.0,0.7235,55.0,0.6383,55.0,0.6645,53.0,,,0.63,46.0
2021-09-21,0.67,62.0,0.4859,45.0,0.6475,48.0,,,0.641,45.0,0.7258,55.0,0.6438,56.0,0.6392,52.0,,,0.6207,44.0
2021-09-20,0.6028,56.0,0.471,43.0,0.6562,49.0,,,0.6358,44.0,0.7234,54.0,0.6506,56.0,0.6764,53.0,,,0.6496,49.0
2021-09-17,0.6062,57.0,0.4178,34.0,0.5483,38.0,,,0.5464,35.0,0.7459,57.0,0.6598,56.0,0.6691,53.0,,,0.6423,48.0
2021-09-16,0.6269,57.0,0.443,38.0,0.5698,39.0,,,0.5638,36.0,0.754,57.0,0.6636,56.0,0.6323,52.0,,,0.594,39.0
2021-09-15,0.5339,49.0,0.4222,34.0,0.5478,38.0,,,0.58,38.0,0.7504,57.0,0.6631,56.0,0.6486,52.0,,,0.6094,42.0
2021-09-14,0.6013,56.0,0.4394,38.0,0.6011,43.0,,,0.5953,39.0,0.7515,57.0,0.6659,56.0,0.6621,53.0,,,0.6002,41.0
2021-09-13,0.5533,51.0,0.4432,38.0,0.5849,41.0,,,0.6027,40.0,0.7521,57.0,0.6686,56.0,0.6454,52.0,,,0.6263,45.0
2021-09-10,0.4827,44.0,0.3887,30.0,0.5798,40.0,,,0.5778,37.0,0.7504,57.0,0.6732,56.0,0.6582,53.0,,,0.6496,49.0
2021-09-09,0.4659,42.0,0.3967,31.0,0.5853,41.0,,,0.5788,38.0,0.7534,57.0,0.6814,56.0,0.6596,53.0,,,0.6477,49.0
2021-09-08,0.4661,42.0,0.4087,33.0,0.6228,46.0,,,0.5893,39.0,0.7591,59.0,0.6843,57.0,0.6545,52.0,,,0.654,50.0
2021-09-07,0.2056,7.0,0.3834,28.0,0.5797,40.0,,,0.5859,38.0,0.7573,59.0,0.6878,57.0,0.6607,53.0,,,0.6567,50.0
2021-09-03,0.3959,33.0,0.4327,36.0,0.5463,37.0,,,0.5444,35.0,0.7716,60.0,0.6937,57.0,0.6655,53.0,,,0.6623,51.0
2021-09-02,0.3829,31.0,0.4238,35.0,0.5541,38.0,,,0.5652,37.0,0.7813,61.0,0.696,57.0,0.6675,53.0,,,0.6612,51.0
2021-09-01,0.469,42.0,0.4356,37.0,0.5561,38.0,,,0.5545,36.0,0.7889,61.0,0.6982,57.0,0.684,53.0,,,0.6664,52.0
2021-08-31,0.5186,48.0,0.4767,43.0,0.5185,34.0,,,0.5175,31.0,0.7975,63.0,0.7062,57.0,0.6772,53.0,,,0.668,52.0
2021-08-30,0.5174,48.0,0.486,45.0,0.5645,39.0,,,0.5357,33.0,0.8103,65.0,0.7645,62.0,0.6842,53.0,,,0.6602,51.0
2021-08-27,0.5137,47.0,0.5627,52.0,0.5453,37.0,,,0.5603,36.0,0.8436,67.0,0.7846,64.0,0.682,53.0,,,0.6623,51.0
2021-08-26,0.5789,54.0,0.5523,51.0,0.5933,42.0,,,0.6181,42.0,0.8489,68.0,0.7902,65.0,0.6912,53.0,,,0.6772,53.0
2021-08-25,0.8694,75.0,0.5531,52.0,0.606,44.0,,,0.624,43.0,0.8499,68.0,0.7902,65.0,0.6909,53.0,,,0.6778,53.0
2021-08-24,0.9999,84.0,0.5902,55.0,0.6418,48.0,,,0.6513,46.0,0.8575,69.0,0.7905,65.0,0.6658,53.0,,,0.6768,53.0
2021-08-23,0.9159,78.0,0.6141,57.0,0.6165,45.0,,,0.6167,42.0,0.8537,68.0,0.7936,66.0,0.6806,53.0,,,0.6679,52.0
2021-08-20,1.6354,98.0,0.7838,73.0,0.655,49.0,,,0.6615,47.0,0.8542,69.0,0.7981,67.0,0.7017,53.0,,,0.6885,54.0
2021-08-19,1.636,98.0,0.7915,74.0,0.6401,48.0,,,0.6657,48.0,0.8644,69.0,0.8007,68.0,0.7121,54.0,,,0.6923,54.0
2021-08-18,1.6229,98.0,0.7345,68.0,0.6655,50.0,,,0.6519,47.0,0.8658,69.0,0.8059,68.0,0.7205,54.0,,,0.7057,56.0
2021-08-17,1.6371,98.0,0.7861,73.0,0.7444,56.0,,,0.7361,54.0,0.8694,70.0,0.8066,69.0,0.7459,55.0,,,0.7146,56.0
2021-08-16,1.4805,96.0,0.7591,71.0,0.6611,50.0,,,0.6564,47.0,0.8598,69.0,0.8068,69.0,0.7346,55.0,,,0.7083,56.0
2021-08-13,1.3582,95.0,0.7336,68.0,0.5956,42.0,,,0.5921,39.0,0.8543,69.0,0.8083,69.0,0.7259,54.0,,,0.7012,55.0
2021-08-12,1.3117,94.0,0.7021,66.0,0.7451,56.0,,,0.7637,57.0,0.8552,69.0,0.8086,69.0,0.7547,55.0,,,0.7112,56.0
2021-08-11,0.4849,44.0,0.4952,46.0,1.1225,85.0,,,1.0708,83.0,0.7975,63.0,0.8044,68.0,0.7505,55.0,,,0.7027,56.0
2021-08-10,0.4699,43.0,0.4643,42.0,0.9998,77.0,,,0.9798,76.0,0.7983,63.0,0.8073,69.0,0.7256,54.0,,,0.7051,56.0
2021-08-09,0.4699,43.0,0.4577,41.0,0.9456,73.0,,,0.9923,77.0,0.803,64.0,0.8144,70.0,0.7429,55.0,,,0.6973,55.0
2021-08-06,0.3923,32.0,0.3729,28.0,0.887,68.0,,,0.8607,65.0,0.812,65.0,0.8182,70.0,0.7368,55.0,,,0.7055,56.0
2021-08-05,0.5878,55.0,0.4351,37.0,0.8842,67.0,,,0.8634,66.0,0.8349,66.0,0.8266,71.0,0.7254,54.0,,,0.6953,55.0
2021-08-04,0.5861,55.0,0.4566,40.0,0.8529,65.0,,,0.8513,64.0,0.8361,66.0,0.8262,71.0,0.7128,54.0,,,0.6985,55.0
2021-08-03,0.5767,54.0,0.47,42.0,0.818,61.0,,,0.8144,60.0,0.8399,67.0,0.8261,71.0,0.7281,54.0,,,0.6878,54.0
2021-08-02,0.4562,41.0,0.4383,37.0,0.8213,61.0,,,0.8293,62.0,0.837,66.0,0.8264,71.0,0.727,54.0,,,0.6983,55.0
2021-07-30,0.4904,45.0,0.4577,41.0,0.7932,59.0,,,0.7902,59.0,0.8369,66.0,0.8305,72.0,0.7314,54.0,,,0.697,55.0
2021-07-29,0.5025,46.0,0.4791,44.0,0.794,60.0,,,0.7582,56.0,0.8459,67.0,0.833,73.0,0.7308,54.0,,,0.6889,54.0
2021-07-28,0.4947,46.0,0.5226,49.0,0.807,61.0,,,0.7954,59.0,0.8457,67.0,0.8346,73.0,0.731,54.0,,,0.7018,56.0
2021-07-27,0.3355,23.0,0.4907,45.0,0.7769,57.0,,,0.7775,57.0,0.8427,67.0,0.8343,73.0,0.7198,54.0,,,0.6984,55.0
2021-07-26,0.3855,31.0,0.4844,44.0,0.7448,56.0,,,0.7618,57.0,0.8425,67.0,0.8339,73.0,0.7112,54.0,,,0.6962,55.0
2021-07-23,0.3833,31.0,0.5043,47.0,0.71,54.0,,,0.7265,53.0,0.8522,68.0,0.8365,74.0,0.7265,54.0,,,0.7148,56.0
2021-07-22,0.418,35.0,0.5282,49.0,0.7386,56.0,,,0.7283,54.0,0.8526,68.0,0.8405,75.0,0.7327,54.0,,,0.7034,56.0
2021-07-21,0.4687,42.0,0.5313,50.0,0.7421,56.0,,,0.7253,53.0,0.8562,69.0,0.8426,75.0,0.7233,54.0,,,0.6892,54.0
2021-07-20,0.4912,45.0,0.5192,48.0,0.7553,57.0,,,0.7351,54.0,0.8556,69.0,0.8433,75.0,0.731,54.0,,,0.6954,55.0
2021-07-19,0.4428,38.0,0.4971,46.0,0.774,57.0,,,0.7566,56.0,0.8542,69.0,0.8434,75.0,0.7422,55.0,,,0.7195,57.0
2021-07-16,0.4429,39.0,0.5074,47.0,0.7527,57.0,,,0.7423,55.0,0.8598,69.0,0.8469,75.0,0.7551,55.0,,,0.7232,57.0
2021-07-15,0.5199,48.0,0.5515,51.0,0.721,55.0,,,0.727,54.0,0.8668,69.0,0.8496,75.0,0.7373,55.0,,,0.7246,57.0
2021-07-14,0.5558,52.0,0.5175,48.0,0.7117,54.0,,,0.5648,37.0,0.867,69.0,0.85,75.0,0.7471,55.0,,,0.7468,57.0
2021-07-13,0.5383,50.0,0.4885,45.0,0.6105,45.0,,,0.6071,40.0,0.866,69.0,0.8492,75.0,0.7651,56.0,,,0.721,57.0
2021-07-12,0.5088,47.0,0.4912,45.0,0.6416,48.0,,,0.6497,46.0,0.8645,69.0,0.8492,75.0,0.7535,55.0,,,0.7255,57.0
2021-07-09,0.4887,45.0,0.4908,45.0,0.5881,41.0,,,0.5605,36.0,0.8673,70.0,0.8531,76.0,0.7617,56.0,,,0.726,57.0
2021-07-08,0.4645,42.0,0.4744,43.0,0.5993,43.0,,,0.6158,42.0,0.8673,70.0,0.8527,75.0,0.7681,56.0,,,0.7322,57.0
2021-07-07,0.5905,55.0,0.4756,43.0,0.6085,45.0,,,0.612,41.0,0.8696,70.0,0.8542,76.0,0.7691,56.0,,,0.7366,57.0
2021-07-06,0.4529,40.0,0.4315,36.0,0.6054,44.0,,,0.6293,44.0,0.8678,70.0,0.853,76.0,0.7687,56.0,,,0.7444,57.0
2021-07-02,0.4433,39.0,0.4341,36.0,0.5832,41.0,,,0.5651,37.0,0.8713,70.0,0.8563,76.0,0.7807,57.0,,,0.7478,57.0
2021-07-01,0.4839,44.0,0.4471,39.0,0.602,44.0,,,0.5954,39.0,0.8764,70.0,0.8599,77.0,0.762,56.0,,,0.7429,57.0
2021-06-30,0.3918,32.0,0.4262,35.0,0.618,46.0,,,0.622,43.0,0.8788,70.0,0.8651,77.0,0.7575,56.0,,,0.7442,57.0
2021-06-29,0.4115,35.0,0.4218,34.0,0.6399,48.0,,,0.6462,46.0,0.8828,71.0,0.8662,77.0,0.7768,57.0,,,0.7414,57.0
2021-06-28,0.3515,26.0,0.4213,34.0,0.6684,51.0,,,0.644,46.0,0.8829,71.0,0.867,77.0,0.7601,56.0,,,0.7487,57.0
2021-06-25,0.2604,13.0,0.4399,38.0,0.6145,45.0,,,0.6329,44.0,0.8811,70.0,0.8736,78.0,0.7584,56.0,,,0.7411,57.0
2021-06-24,0.2672,14.0,0.4328,36.0,0.6038,44.0,,,0.6161,42.0,0.8941,72.0,0.8796,78.0,0.7971,57.0,,,0.7411,57.0
2021-06-23,0.4272,37.0,0.503,47.0,0.6421,48.0,,,0.6598,47.0,0.8941,72.0,0.8827,78.0,0.7732,57.0,,,0.744,57.0
2021-06-22,0.3584,27.0,0.5022,47.0,0.6507,49.0,,,0.6601,47.0,0.8999,72.0,0.8856,78.0,0.7767,57.0,,,0.7596,57.0
2021-06-21,0.3402,24.0,0.5011,46.0,0.6894,52.0,,,0.6965,51.0,0.9021,72.0,0.8918,79.0,0.7942,57.0,,,0.7645,59.0
2021-06-18,0.3412,24.0,0.532,50.0,0.6832,52.0,,,0.6987,51.0,0.9064,72.0,0.907,80.0,0.8173,57.0,,,0.7844,59.0
2021-06-17,0.3456,25.0,0.5612,52.0,0.5978,42.0,,,0.6931,50.0,0.9065,72.0,0.9092,80.0,0.8039,57.0,,,0.7885,59.0
2021-06-16,0.5381,50.0,0.6438,61.0,0.6817,52.0,,,0.702,51.0,0.9284,74.0,0.9133,81.0,0.8239,59.0,,,0.7778,59.0
2021-06-15,0.558,52.0,0.6632,63.0,0.7102,54.0,,,0.7273,54.0,0.9348,74.0,0.9191,82.0,0.8189,57.0,,,0.7765,59.0
2021-06-14,0.4374,38.0,0.6149,57.0,0.7401,56.0,,,0.7686,57.0,0.9355,74.0,0.9184,82.0,0.7996,57.0,,,0.7844,59.0
2021-06-11,0.4412,38.0,0.6594,62.0,0.6901,52.0,,,0.7017,51.0,0.9603,75.0,0.9251,82.0,0.8077,57.0,,,0.7838,59.0
2021-06-10,0.5691,53.0,0.7519,70.0,0.7972,60.0,,,0.8095,60.0,0.9611,75.0,0.9285,83.0,0.8099,57.0,,,0.7966,60.0
2021-06-09,0.6009,56.0,0.757,70.0,0.9345,72.0,,,0.9385,72.0,0.9613,75.0,0.9284,83.0,0.8585,62.0,,,0.8006,60.0
2021-06-08,0.5942,56.0,0.7437,69.0,0.9609,74.0,,,0.9414,73.0,0.9659,75.0,0.9344,83.0,0.8152,57.0,,,0.7995,60.0
2021-06-07,0.5098,47.0,0.6613,62.0,0.8308,63.0,,,0.8497,64.0,0.9619,75.0,0.9337,83.0,0.8151,57.0,,,0.7904,60.0
2021-06-04,0.5967,56.0,0.6866,65.0,0.7766,57.0,,,0.7535,56.0,0.9909,79.0,0.9358,84.0,0.8171,57.0,,,0.8775,64.0
2021-06-03,0.65,60.0,0.7058,66.0,0.8164,61.0,,,0.7831,57.0,0.9911,79.0,0.9359,84.0,0.8207,59.0,,,0.802,60.0
2021-06-02,0.6457,60.0,0.6665,63.0,0.7916,59.0,,,0.8017,59.0,0.993,80.0,0.9342,83.0,0.8182,57.0,,,0.811,61.0
2021-06-01,0.4917,45.0,0.5648,52.0,0.7563,57.0,,,0.7417,55.0,0.988,78.0,0.9327,83.0,0.8326,60.0,,,0.7775,59.0
2021-05-28,0.4826,44.0,0.5438,51.0,0.7205,55.0,,,0.711,52.0,0.9998,80.0,0.9387,84.0,0.835,60.0,,,0.8025,60.0
2021-05-27,0.629,59.0,0.5449,51.0,0.715,54.0,,,0.7261,53.0,1.0011,80.0,0.9421,85.0,0.8329,60.0,,,0.7931,60.0
2021-05-26,0.6277,57.0,0.6174,57.0,0.7501,56.0,,,0.7507,56.0,1.0055,81.0,0.9435,85.0,0.8504,61.0,,,0.8014,60.0
2021-05-25,0.4899,45.0,0.5844,54.0,0.7678,57.0,,,0.7397,55.0,1.0091,81.0,0.9446,85.0,0.8683,62.0,,,0.7887,59.0
2021-05-24,0.6051,57.0,0.5854,54.0,0.7739,57.0,,,0.7557,56.0,1.0085,81.0,0.9456,85.0,0.8356,60.0,,,0.798,60.0
2021-05-21,0.7759,69.0,0.8182,76.0,0.7633,57.0,,,0.7776,57.0,1.0089,81.0,0.9484,86.0,0.8545,62.0,,,0.816,61.0
2021-05-20,1.1378,90.0,0.9642,87.0,0.8071,61.0,,,0.6835,49.0,1.0092,82.0,0.949,86.0,0.8399,60.0,,,0.815,61.0
2021-05-19,1.1464,90.0,1.0842,92.0,0.848,64.0,,,0.7943,59.0,1.0093,82.0,0.9527,86.0,0.8537,61.0,,,0.7941,60.0
2021-05-18,1.2527,93.0,1.1598,95.0,0.8387,63.0,,,0.8283,61.0,1.0062,81.0,0.9537,87.0,0.8259,59.0,,,0.8123,61.0
2021-05-17,1.3234,95.0,1.1256,94.0,0.8187,61.0,,,0.8776,67.0,1.0061,81.0,0.9504,86.0,0.826,59.0,,,0.8176,61.0
2021-05-14,1.3131,94.0,1.1273,95.0,0.7843,59.0,,,0.8206,60.0,1.0065,81.0,0.951,86.0,0.8301,60.0,,,0.8118,61.0
2021-05-13,1.1306,90.0,1.141,95.0,0.9577,74.0,,,0.93,72.0,1.0059,81.0,0.9518,86.0,0.8427,61.0,,,0.8015,60.0
2021-05-12,1.1269,89.0,1.0094,89.0,0.9927,77.0,,,0.992,77.0,1.0012,81.0,0.9439,85.0,0.8702,62.0,,,0.7987,60.0
2021-05-11,0.871,75.0,0.8921,82.0,1.188,87.0,,,1.1698,88.0,0.9813,76.0,0.9364,84.0,0.8305,60.0,,,0.8223,62.0
2021-05-10,0.7591,68.0,0.7419,69.0,1.1319,85.0,,,1.1388,87.0,0.982,77.0,0.9319,83.0,0.8504,61.0,,,0.8114,61.0
2021-05-07,0.5675,53.0,0.6669,63.0,0.9163,70.0,,,0.9469,73.0,0.9739,76.0,0.9301,83.0,0.8023,57.0,,,0.818,61.0
2021-05-06,0.4215,36.0,0.662,62.0,0.9328,71.0,,,0.9538,74.0,0.9762,76.0,0.935,83.0,0.824,59.0,,,0.8518,63.0
2021-05-05,0.3677,28.0,0.7155,67.0,0.8973,69.0,,,0.8957,69.0,0.9739,76.0,0.9339,83.0,0.7947,57.0,,,0.823,62.0
2021-05-04,0.8023,71.0,0.7841,73.0,0.8999,69.0,,,0.915,70.0,0.9814,77.0,0.9339,83.0,0.8269,60.0,,,0.8057,60.0
2021-05-03,0.8407,74.0,0.7816,73.0,0.8888,68.0,,,0.8838,68.0,0.986,78.0,0.9346,83.0,0.8636,62.0,,,0.8158,61.0
2021-04-30,0.7915,70.0,0.779,72.0,0.8582,65.0,,,0.8563,65.0,0.988,78.0,0.9386,84.0,0.8613,62.0,,,0.8352,62.0
2021-04-29,0.8993,77.0,0.9277,85.0,0.8618,65.0,,,0.8571,65.0,0.989,79.0,0.9405,84.0,0.8527,61.0,,,0.8249,62.0
2021-04-28,0.9153,78.0,0.9259,84.0,0.8494,64.0,,,0.8589,65.0,0.9861,78.0,0.9395,84.0,0.8342,60.0,,,0.819,61.0
2021-04-27,1.0611,86.0,0.9403,85.0,0.8615,65.0,,,0.8419,63.0,0.9882,78.0,0.9392,84.0,0.8347,60.0,,,0.8384,62.0
2021-04-26,1.2001,92.0,0.901,83.0,0.8574,65.0,,,0.8827,68.0,0.9883,78.0,0.9367,84.0,0.8174,57.0,,,0.8394,62.0
2021-04-23,1.0343,85.0,0.8361,78.0,0.8535,65.0,,,0.838,63.0,0.9845,77.0,0.9364,84.0,0.8423,61.0,,,0.8486,63.0
2021-04-22,0.9846,82.0,0.8182,76.0,0.8727,66.0,,,0.8638,66.0,0.9826,77.0,0.9375,84.0,0.8483,61.0,,,0.847,63.0
2021-04-21,1.0662,87.0,0.8063,75.0,0.8716,66.0,,,0.8518,64.0,0.9934,80.0,0.9426,85.0,0.8227,59.0,,,0.8434,63.0
2021-04-20,0.7098,64.0,0.6429,61.0,0.8394,63.0,,,0.8444,63.0,0.9822,77.0,0.9353,84.0,0.878,63.0,,,0.8139,61.0
2021-04-19,0.7336,66.0,0.5816,54.0,0.8249,62.0,,,0.8258,61.0,0.9835,77.0,0.9374,84.0,0.8509,61.0,,,0.8211,62.0
2021-04-16,0.695,63.0,0.5419,51.0,0.7922,59.0,,,0.7765,57.0,0.9855,78.0,0.9405,84.0,0.8612,62.0,,,0.829,62.0
2021-04-15,0.6488,60.0,0.5736,53.0,0.6236,46.0,,,0.726,53.0,0.9823,77.0,0.9452,85.0,0.8459,61.0,,,0.8073,60.0
2021-04-14,0.7353,66.0,0.6109,57.0,0.6366,47.0,,,0.6703,48.0,0.9924,79.0,0.9507,86.0,0.839,60.0,,,0.8118,61.0
2021-04-13,0.7496,68.0,0.6528,62.0,0.7171,54.0,,,0.7331,54.0,1.0012,81.0,0.953,86.0,0.822,59.0,,,0.8371,62.0
2021-04-12,0.6429,60.0,0.6656,63.0,0.7498,56.0,,,0.7508,56.0,0.9989,80.0,0.9545,87.0,0.8456,61.0,,,0.8465,63.0
2021-04-09,0.6126,57.0,0.6535,62.0,0.7146,54.0,,,0.6959,51.0,1.004,81.0,0.955,87.0,0.8568,62.0,,,0.8703,64.0
2021-04-08,0.6043,56.0,0.6799,64.0,0.7675,57.0,,,0.7626,57.0,1.0191,82.0,0.962,88.0,0.8706,62.0,,,0.8537,63.0
2021-04-07,0.7522,68.0,0.7502,70.0,0.8006,60.0,,,0.7779,57.0,1.0229,82.0,0.9627,88.0,0.9234,66.0,,,0.8932,65.0
2021-04-06,0.7209,65.0,0.7956,74.0,0.8126,61.0,,,0.8044,59.0,1.0245,83.0,0.961,87.0,0.8584,62.0,,,0.8674,64.0
2021-04-05,0.6706,62.0,0.8425,78.0,0.8694,66.0,,,0.879,67.0,1.0352,83.0,0.9645,88.0,0.9241,66.0,,,0.9362,69.0
2021-04-01,0.9802,82.0,0.9431,85.0,0.8277,62.0,,,0.8318,62.0,1.0337,83.0,0.9635,88.0,0.9294,66.0,,,0.9071,66.0
2021-03-31,0.9717,82.0,0.9738,87.0,0.8872,68.0,,,0.9073,70.0,1.0332,83.0,0.9649,88.0,0.9106,64.0,,,0.9028,66.0
2021-03-30,0.9189,78.0,0.9659,87.0,0.9389,72.0,,,0.9507,74.0,1.0327,83.0,0.9656,88.0,0.9334,67.0,,,0.9065,66.0
2021-03-29,0.9755,82.0,0.9786,87.0,0.9781,76.0,,,0.9636,75.0,1.0329,83.0,0.9655,88.0,0.9605,73.0,,,0.9234,67.0
2021-03-26,0.9475,80.0,0.9546,86.0,0.8772,67.0,,,0.9132,70.0,1.0395,84.0,0.9675,88.0,0.9219,66.0,,,0.9541,71.0
2021-03-25,1.0288,85.0,0.9602,86.0,0.9152,70.0,,,0.9115,70.0,1.0377,83.0,0.9633,88.0,0.942,68.0,,,0.9178,67.0
2021-03-24,0.9787,82.0,0.9733,87.0,0.8857,67.0,,,0.8853,68.0,1.0382,83.0,0.9606,87.0,0.9786,77.0,,,0.9054,66.0
2021-03-23,0.8769,76.0,0.8708,81.0,0.8299,63.0,,,0.865,66.0,1.022,82.0,0.9608,87.0,0.9299,67.0,,,0.907,66.0
2021-03-22,0.7018,64.0,0.8801,81.0,0.8394,63.0,,,0.8758,67.0,1.0237,82.0,0.9662,88.0,0.9204,65.0,,,0.9329,68.0
2021-03-19,0.9141,78.0,0.9562,86.0,0.8952,68.0,,,0.9311,72.0,1.0307,83.0,0.9676,88.0,0.945,69.0,,,0.9632,73.0
2021-03-18,1.005,84.0,0.9587,86.0,0.8377,63.0,,,0.7922,59.0,1.0323,83.0,0.972,90.0,0.9683,75.0,,,0.9557,71.0
2021-03-17,0.8327,73.0,0.9553,86.0,0.8078,61.0,,,0.9048,69.0,1.0323,83.0,0.9718,90.0,0.953,71.0,,,0.955,71.0
2021-03-16,1.1934,92.0,0.9796,87.0,0.8469,64.0,,,0.8753,67.0,1.0328,83.0,0.9686,89.0,0.964,74.0,,,0.96,72.0
2021-03-15,1.3732,95.0,1.5122,100.0,0.9239,71.0,,,0.9288,72.0,1.0403,84.0,0.9639,88.0,0.9494,70.0,,,0.9668,73.0
2021-03-12,1.7459,99.0,1.6664,100.0,0.8638,66.0,,,0.8913,68.0,1.118,91.0,0.9764,90.0,0.9605,73.0,,,0.9523,71.0
2021-03-11,1.7734,99.0,1.6813,100.0,0.939,72.0,,,0.9287,71.0,1.118,91.0,0.974,90.0,0.9987,81.0,,,0.9796,76.0
2021-03-10,1.6003,98.0,1.6505,100.0,0.9251,71.0,,,0.9693,76.0,1.1092,90.0,0.9732,90.0,1.0081,82.0,,,0.9904,79.0
2021-03-09,1.553,97.0,1.6335,100.0,1.0524,81.0,,,1.0689,83.0,1.1035,90.0,0.9752,90.0,1.0213,84.0,,,0.9842,78.0
2021-03-08,1.3511,95.0,1.646,100.0,1.2071,88.0,,,1.1452,87.0,1.0989,89.0,0.9732,90.0,1.0595,89.0,,,1.0086,83.0
2021-03-05,1.3305,95.0,1.6353,100.0,1.1733,87.0,,,1.2373,90.0,1.0902,89.0,0.9669,88.0,1.0269,85.0,,,1.0207,86.0
2021-03-04,1.5036,97.0,1.1127,94.0,1.2757,90.0,,,1.2475,91.0,1.0829,88.0,0.9243,82.0,1.0892,92.0,,,1.0604,93.0
2021-03-03,1.1474,91.0,0.9574,86.0,1.0846,83.0,,,1.1212,86.0,1.0535,84.0,0.9071,80.0,1.0349,86.0,,,1.0161,85.0
2021-03-02,1.0979,88.0,0.8769,81.0,1.0116,79.0,,,1.0444,81.0,1.0456,84.0,0.9021,79.0,1.0138,83.0,,,1.0436,90.0
2021-03-01,1.0734,87.0,0.8805,81.0,1.0206,79.0,,,1.0306,80.0,1.045,84.0,0.9004,79.0,1.0818,91.0,,,1.0699,94.0
2021-02-26,0.9164,78.0,0.9232,84.0,1.0739,82.0,,,1.0827,84.0,1.0407,84.0,0.8998,79.0,1.0738,90.0,,,1.0697,94.0
2021-02-25,0.9251,79.0,0.8967,82.0,1.1272,85.0,,,1.1455,87.0,1.0398,84.0,0.8962,79.0,1.0415,87.0,,,1.0776,95.0
2021-02-24,0.8903,76.0,0.8912,82.0,1.1035,84.0,,,1.1617,88.0,1.034,83.0,0.8906,79.0,1.0065,82.0,,,1.0673,94.0
2021-02-23,0.4345,37.0,0.9023,83.0,1.1603,87.0,,,1.1915,89.0,1.0267,83.0,0.8875,78.0,1.0856,92.0,,,1.1199,97.0
2021-02-22,0.6587,61.0,0.885,82.0,1.1649,87.0,,,1.1854,88.0,1.0233,82.0,0.8797,78.0,1.1032,93.0,,,1.0583,92.0
2021-02-19,0.8421,74.0,0.9754,87.0,1.1714,87.0,,,1.2093,89.0,1.0182,82.0,0.879,78.0,1.0985,93.0,,,1.0162,85.0
2021-02-18,1.145,90.0,1.0717,92.0,0.8582,65.0,,,0.9275,71.0,1.0182,82.0,0.8773,78.0,1.077,91.0,,,1.0641,93.0
2021-02-17,1.1259,89.0,1.0273,90.0,0.9959,77.0,,,0.9803,77.0,1.0182,82.0,0.8742,78.0,1.0736,90.0,,,1.0381,89.0
2021-02-16,1.2074,92.0,0.9991,88.0,1.0283,80.0,,,1.0622,82.0,1.016,82.0,0.8722,78.0,1.1227,94.0,,,1.0367,89.0
2021-02-12,1.1109,89.0,0.9387,85.0,0.941,73.0,,,0.9997,78.0,1.0126,82.0,0.8667,77.0,1.0789,91.0,,,1.007,83.0
2021-02-11,1.0362,85.0,0.9439,85.0,1.0203,79.0,,,1.082,84.0,1.0105,82.0,0.8628,77.0,1.0333,86.0,,,1.0243,86.0
2021-02-10,1.0717,87.0,0.8665,80.0,1.0446,80.0,,,1.134,87.0,1.0085,81.0,0.8558,76.0,0.9955,80.0,,,1.0653,93.0
2021-02-09,1.0171,85.0,0.7868,73.0,0.985,76.0,,,1.0362,81.0,1.002,81.0,0.8495,75.0,0.9703,75.0,,,1.0424,90.0
2021-02-08,0.7322,66.0,0.6448,61.0,0.8003,60.0,,,0.742,55.0,0.9867,78.0,0.8409,75.0,1.0516,88.0,,,1.0156,84.0
2021-02-05,0.7328,66.0,0.6596,62.0,0.7783,57.0,,,0.7672,57.0,0.9864,78.0,0.8409,75.0,1.0205,84.0,,,1.041,89.0
2021-02-04,0.8583,75.0,0.7266,68.0,0.7609,57.0,,,0.9393,72.0,0.9807,76.0,0.8408,75.0,0.9169,65.0,,,0.9785,76.0
2021-02-03,0.8576,74.0,0.7805,72.0,0.893,68.0,,,1.0206,79.0,0.9807,76.0,0.839,74.0,0.8974,63.0,,,1.0313,88.0
2021-02-02,0.9573,81.0,0.7536,70.0,0.609,45.0,,,0.8731,67.0,0.9807,76.0,0.8347,73.0,0.8925,63.0,,,1.0306,88.0
2021-02-01,0.7529,68.0,0.7314,68.0,0.7347,55.0,,,0.9068,70.0,0.975,76.0,0.8322,73.0,0.9591,72.0,,,1.0147,84.0
2021-01-29,0.7399,67.0,0.7313,68.0,0.766,57.0,,,0.9468,73.0,0.9751,76.0,0.8301,72.0,0.9296,67.0,,,1.0121,84.0
2021-01-28,0.818,72.0,0.7856,73.0,0.8164,61.0,,,0.9352,72.0,0.9737,76.0,0.8286,72.0,0.9625,73.0,,,1.047,90.0
2021-01-27,1.0023,84.0,0.839,78.0,0.8829,67.0,,,1.0792,84.0,0.9758,76.0,0.8288,72.0,0.966,74.0,,,1.03,88.0
2021-01-26,0.7956,71.0,0.8118,75.0,0.8086,61.0,,,1.0433,81.0,0.9666,76.0,0.8261,71.0,0.8597,62.0,,,1.0203,86.0
2021-01-25,0.8002,71.0,0.734,68.0,0.769,57.0,,,1.0089,78.0,0.9671,76.0,0.822,71.0,0.8737,63.0,,,0.9887,79.0
2021-01-22,0.7042,64.0,0.6923,65.0,0.6622,50.0,,,1.0909,84.0,0.9621,75.0,0.8191,70.0,0.8318,60.0,,,0.9715,74.0
2021-01-21,0.724,65.0,0.7538,70.0,0.6315,47.0,,,1.0708,83.0,0.9612,75.0,0.818,70.0,0.8226,59.0,,,0.9905,79.0
2021-01-20,0.7467,67.0,0.7261,67.0,0.696,53.0,,,1.1964,89.0,0.9611,75.0,0.8159,70.0,0.7714,56.0,,,1.0476,91.0
2021-01-19,0.7524,68.0,0.6909,65.0,0.6727,51.0,,,1.1464,87.0,0.958,75.0,0.8121,70.0,0.8197,59.0,,,0.9914,79.0
2021-01-15,0.6074,57.0,0.638,60.0,0.6725,51.0,,,0.9698,76.0,0.9524,75.0,0.8087,69.0,0.8644,62.0,,,0.9719,74.0
2021-01-14,0.6879,63.0,0.6752,64.0,0.7689,57.0,,,0.9837,77.0,0.9517,75.0,0.8074,69.0,0.8489,61.0,,,0.9806,76.0
2021-01-13,0.7572,68.0,0.7503,70.0,0.823,62.0,,,1.0609,82.0,0.9515,75.0,0.8073,69.0,0.8684,62.0,,,0.9861,78.0
2021-01-12,0.7053,64.0,0.8499,79.0,0.8265,62.0,,,1.0554,82.0,0.95,75.0,0.8065,69.0,0.8344,60.0,,,1.0214,86.0
2021-01-11,0.8669,75.0,0.7997,74.0,0.8539,65.0,,,1.0659,82.0,0.9481,75.0,0.802,68.0,0.902,64.0,,,0.9921,79.0
2021-01-08,0.8823,76.0,0.8132,76.0,0.8877,68.0,,,1.0432,81.0,0.9474,74.0,0.8014,68.0,0.8692,62.0,,,0.9935,80.0
2021-01-07,0.7811,70.0,0.9062,83.0,0.8716,66.0,,,1.0544,82.0,0.9441,74.0,0.7984,67.0,0.8312,60.0,,,1.0146,84.0
2021-01-06,1.0757,87.0,1.0019,88.0,0.9213,71.0,,,1.2038,89.0,0.9441,74.0,0.7985,67.0,0.8485,61.0,,,1.0096,83.0
2021-01-05,1.0064,84.0,0.9463,85.0,0.921,71.0,,,1.1009,85.0,0.9418,74.0,0.7946,66.0,0.8295,60.0,,,0.9591,72.0
2021-01-04,0.9482,80.0,0.9967,88.0,0.9631,75.0,,,1.1428,87.0,0.9383,74.0,0.7903,65.0,0.7978,57.0,,,0.9613,72.0
2020-12-31,0.7404,67.0,1.0069,89.0,0.8784,67.0,,,0.9631,75.0,0.9356,74.0,0.7838,64.0,0.846,61.0,,,0.9409,69.0
2020-12-30,0.9416,80.0,1.2077,96.0,0.8784,67.0,,,1.0128,79.0,0.9301,74.0,0.7825,63.0,0.8284,60.0,,,0.9181,67.0
2020-12-29,0.9581,81.0,1.2267,96.0,0.9927,77.0,,,1.1457,87.0,0.9288,74.0,0.7813,63.0,0.8401,60.0,,,1.0002,81.0
2020-12-28,1.355,95.0,1.2043,96.0,1.0496,81.0,,,1.1742,88.0,0.929,74.0,0.7725,62.0,0.846,61.0,,,0.9991,81.0
2020-12-24,1.2761,94.0,1.2021,96.0,1.0324,80.0,,,1.1317,87.0,0.9144,73.0,0.7643,62.0,0.852,61.0,,,0.9779,76.0
2020-12-23,1.3129,94.0,1.1801,96.0,1.0547,81.0,,,1.1713,88.0,0.9143,73.0,0.7612,61.0,0.9154,65.0,,,1.0401,89.0
2020-12-22,1.4958,97.0,1.2323,97.0,1.0091,78.0,,,1.1524,88.0,0.9057,72.0,0.7585,61.0,0.8454,61.0,,,1.0014,81.0
2020-12-21,1.4551,96.0,1.1979,96.0,1.0613,82.0,,,1.4516,96.0,0.9019,72.0,0.7517,61.0,0.7869,57.0,,,1.0021,81.0
2014-06-12,0.1818,5.0,0.2762,16.0,0.3485,4.0,,,0.3458,2.0,0.347,5.0,0.0,1.0,0.3847,7.0,,,0.4056,3.0
2014-06-11,0.157,3.0,0.2653,15.0,0.3488,4.0,,,0.3497,3.0,0.3509,5.0,0.0,1.0,0.3788,6.0,,,0.4148,4.0
2014-06-10,0.155,3.0,0.2571,14.0,0.3476,4.0,,,0.3663,7.0,0.3504,5.0,0.0,1.0,0.3818,7.0,,,0.4112,3.0
2014-06-09,0.2341,10.0,0.2887,17.0,0.3398,3.0,,,0.3828,10.0,0.3523,6.0,0.0,1.0,0.3868,8.0,,,0.409,3.0
2014-06-06,0.2457,12.0,0.2831,16.0,0.3508,4.0,,,0.3445,2.0,0.3524,6.0,0.0,1.0,0.3934,11.0,,,0.4014,2.0
2014-06-05,0.276,15.0,0.2993,18.0,0.3537,5.0,,,0.3636,6.0,0.3519,6.0,0.0,1.0,0.3845,7.0,,,0.4151,4.0
2014-06-04,0.2916,18.0,0.3273,22.0,0.376,11.0,,,0.366,7.0,0.3537,6.0,0.0,1.0,0.3885,9.0,,,0.4164,4.0
2014-06-03,0.2852,17.0,0.0,1.0,0.3749,10.0,,,0.3699,7.0,0.3541,6.0,0.0,1.0,0.3902,10.0,,,0.4139,4.0
2014-06-02,0.2817,16.0,0.0,1.0,0.3776,12.0,,,0.3743,8.0,0.3549,7.0,0.0,1.0,0.3816,7.0,,,0.4055,3.0
2014-05-30,0.2887,17.0,0.0,1.0,0.3612,7.0,,,0.358,4.0,0.3545,7.0,0.0,1.0,0.3824,7.0,,,0.404,2.0
2014-05-29,0.1808,5.0,0.0,1.0,0.3568,6.0,,,0.3638,6.0,0.353,6.0,0.0,1.0,0.3904,10.0,,,0.4051,2.0
2014-05-28,0.2413,11.0,0.0,1.0,0.3653,8.0,,,0.3607,5.0,0.3523,6.0,0.0,1.0,0.3966,13.0,,,0.4096,3.0
2014-05-27,0.208,7.0,0.0,1.0,0.3709,9.0,,,0.3674,7.0,0.3505,5.0,0.0,1.0,0.3969,13.0,,,0.4138,3.0
2014-05-23,0.1702,4.0,0.2993,18.0,0.3537,5.0,,,0.3601,5.0,0.3485,5.0,0.0,1.0,0.392,11.0,,,0.4252,8.0
2014-05-22,0.243,11.0,0.2981,18.0,0.3621,7.0,,,0.3715,8.0,0.3513,6.0,0.0,1.0,0.3999,14.0,,,0.4221,6.0
2014-05-21,0.4897,45.0,0.3688,27.0,0.3642,7.0,,,0.3687,7.0,0.3513,6.0,0.0,1.0,0.3977,13.0,,,0.4228,7.0
2014-05-20,0.5554,52.0,0.3883,30.0,0.3765,11.0,,,0.3765,9.0,0.351,5.0,0.0,1.0,0.4002,14.0,,,0.4237,7.0
2014-05-19,0.5706,53.0,0.3955,31.0,0.3769,12.0,,,0.3768,9.0,0.3506,5.0,0.0,1.0,0.3989,14.0,,,0.4237,7.0
2014-05-16,0.5803,54.0,0.421,34.0,0.3759,11.0,,,0.3856,11.0,0.351,5.0,0.0,1.0,0.3988,14.0,,,0.4257,8.0
2014-05-15,0.6186,57.0,0.4799,44.0,0.385,14.0,,,0.3912,12.0,0.3514,6.0,0.0,1.0,0.3995,14.0,,,0.4266,8.0
2014-05-14,0.6093,57.0,0.4824,44.0,0.3846,14.0,,,0.3927,12.0,0.3505,5.0,0.0,1.0,0.4045,16.0,,,0.4254,8.0
2014-05-13,0.6034,56.0,0.4762,43.0,0.3924,15.0,,,0.3901,12.0,0.3496,5.0,0.0,1.0,0.4023,15.0,,,0.4239,7.0
2014-05-12,0.5316,49.0,0.5758,54.0,0.3867,14.0,,,0.3792,10.0,0.3344,4.0,0.0,1.0,0.3941,12.0,,,0.418,5.0
2014-05-09,0.4968,46.0,0.5814,54.0,0.3648,8.0,,,0.376,9.0,0.3321,4.0,0.0,1.0,0.3948,12.0,,,0.4223,6.0
2014-05-08,0.5112,47.0,0.5917,55.0,0.3826,13.0,,,0.3873,11.0,0.3319,4.0,0.0,1.0,0.3983,14.0,,,0.4232,7.0
2014-05-07,0.5156,47.0,0.6013,56.0,0.3995,16.0,,,0.3988,13.0,0.3324,4.0,0.0,1.0,0.401,15.0,,,0.4237,7.0
2014-05-06,0.4978,46.0,0.6096,57.0,0.3816,13.0,,,0.3978,13.0,0.3292,3.0,0.0,1.0,0.4002,14.0,,,0.4206,6.0
2014-05-05,0.5755,54.0,0.6548,62.0,0.3753,11.0,,,0.3856,11.0,0.3268,3.0,0.0,1.0,0.3965,13.0,,,0.4168,5.0
2014-05-02,0.5626,53.0,0.6611,62.0,0.3671,8.0,,,0.3833,10.0,0.3269,3.0,0.0,1.0,0.3898,10.0,,,0.4143,4.0
2014-05-01,0.5085,47.0,0.5542,52.0,0.5559,38.0,,,0.5736,37.0,0.3249,2.0,0.0,1.0,0.4006,15.0,,,0.4251,8.0
2014-04-30,0.5062,46.0,0.5481,51.0,0.6071,44.0,,,0.5929,39.0,0.3263,3.0,0.0,1.0,0.4065,17.0,,,0.4299,9.0
2014-04-29,0.4471,39.0,0.5217,49.0,0.5999,43.0,,,0.5913,39.0,0.3333,4.0,0.0,1.0,0.4158,20.0,,,0.4339,10.0
2014-04-28,0.3947,33.0,0.0,1.0,0.6159,45.0,,,0.6064,40.0,0.3725,14.0,0.0,1.0,0.4106,19.0,,,0.4364,11.0
2014-04-25,0.3865,31.0,0.0,1.0,0.5474,38.0,,,0.5465,35.0,0.3697,13.0,0.0,1.0,0.4127,19.0,,,0.4348,11.0
2014-04-24,0.2455,12.0,0.0,1.0,0.5389,36.0,,,0.5224,32.0,0.3661,12.0,0.0,1.0,0.4088,18.0,,,0.4269,8.0
2014-04-23,0.2533,13.0,0.0,1.0,0.5269,35.0,,,0.5093,28.0,0.3666,13.0,0.0,1.0,0.404,16.0,,,0.4269,8.0
2014-04-22,0.2486,12.0,0.0,1.0,0.5155,34.0,,,0.5079,28.0,0.3666,13.0,0.0,1.0,0.4023,15.0,,,0.426,8.0
2014-04-21,0.376,30.0,0.0,1.0,0.5063,33.0,,,0.5271,32.0,0.3676,13.0,0.0,1.0,0.4021,15.0,,,0.4292,9.0
2014-04-17,0.5212,48.0,0.4427,38.0,0.5003,31.0,,,0.4877,25.0,0.3726,14.0,0.0,1.0,0.4062,16.0,,,0.4244,7.0
2014-04-16,0.5413,50.0,0.4552,40.0,0.4992,31.0,,,0.5188,31.0,0.3727,14.0,0.0,1.0,0.3985,14.0,,,0.4314,10.0
2014-04-15,0.5618,53.0,0.4757,43.0,0.5111,33.0,,,0.5086,28.0,0.3729,14.0,0.0,1.0,0.4026,15.0,,,0.4292,9.0
2014-04-14,0.5616,53.0,0.4679,42.0,0.4351,20.0,,,0.5171,31.0,0.3721,14.0,0.0,1.0,0.403,15.0,,,0.4298,9.0
2014-04-11,0.5397,50.0,0.4919,45.0,0.4191,19.0,,,0.5121,30.0,0.3704,13.0,0.0,1.0,0.4077,17.0,,,0.4329,10.0
2014-04-10,0.4513,40.0,0.4295,36.0,0.4045,16.0,,,0.371,8.0,0.3633,11.0,0.0,1.0,0.4019,15.0,,,0.4258,8.0
2014-04-09,0.3731,28.0,0.3988,32.0,0.3932,15.0,,,0.4055,14.0,0.3614,10.0,0.0,1.0,0.3919,11.0,,,0.424,7.0
2014-04-08,0.2829,16.0,0.3927,31.0,0.4093,17.0,,,0.4095,15.0,0.3578,7.0,0.0,1.0,0.3972,13.0,,,0.427,8.0
2014-04-07,0.2615,14.0,0.3833,28.0,0.4286,20.0,,,0.4109,15.0,0.3591,8.0,0.0,1.0,0.3966,13.0,,,0.4262,8.0
2014-04-04,0.1931,6.0,0.3656,27.0,0.3716,10.0,,,0.3874,11.0,0.3573,7.0,0.0,1.0,0.3932,11.0,,,0.4241,7.0
2014-04-03,0.1808,5.0,0.3572,26.0,0.3821,13.0,,,0.3861,11.0,0.3572,7.0,0.0,1.0,0.3913,11.0,,,0.4216,6.0
2014-04-02,0.1445,3.0,0.3533,25.0,0.3711,10.0,,,0.3681,7.0,0.3572,7.0,0.0,1.0,0.3934,11.0,,,0.4234,7.0
2014-04-01,0.2741,15.0,0.4077,32.0,0.3704,9.0,,,0.3766,9.0,0.3585,8.0,0.0,1.0,0.3921,11.0,,,0.4242,7.0
2014-03-31,0.292,18.0,0.4158,34.0,0.3701,9.0,,,0.3844,11.0,0.3583,8.0,0.0,1.0,0.3994,14.0,,,0.421,6.0
2014-03-28,0.2912,18.0,0.4132,33.0,0.3767,12.0,,,0.3794,10.0,0.3595,8.0,0.0,1.0,0.3951,12.0,,,0.4245,7.0
2014-03-27,0.2673,14.0,0.4152,33.0,0.3823,13.0,,,0.3778,9.0,0.361,9.0,0.0,1.0,0.3981,13.0,,,0.4224,6.0
2014-03-26,0.3478,25.0,0.4098,33.0,0.377,12.0,,,0.3761,9.0,0.3614,10.0,0.0,1.0,0.3966,13.0,,,0.4245,7.0
2014-03-25,0.3499,25.0,0.3831,28.0,0.374,10.0,,,0.3876,11.0,0.3645,11.0,0.0,1.0,0.3955,12.0,,,0.421,6.0
2014-03-24,0.3608,27.0,0.3439,24.0,0.3903,15.0,,,0.383,10.0,0.3639,11.0,0.0,1.0,0.3978,13.0,,,0.4249,8.0
2014-03-21,0.2899,17.0,0.2905,17.0,0.376,11.0,,,0.3835,10.0,0.3612,9.0,0.0,1.0,0.391,11.0,,,0.4208,6.0
2014-03-20,0.2775,15.0,0.2835,17.0,0.3749,10.0,,,0.3815,10.0,0.3612,9.0,0.0,1.0,0.3938,12.0,,,0.4189,5.0
2014-03-19,0.2858,17.0,0.2867,17.0,0.371,10.0,,,0.3811,10.0,0.361,9.0,0.0,1.0,0.3897,10.0,,,0.4207,6.0
2014-03-18,0.2835,16.0,0.2758,16.0,0.3679,9.0,,,0.3775,9.0,0.3607,9.0,0.0,1.0,0.3866,8.0,,,0.4194,5.0
2014-03-17,0.2274,9.0,0.2564,14.0,0.3773,12.0,,,0.3862,11.0,0.3592,8.0,0.0,1.0,0.3922,11.0,,,0.4195,5.0
2014-03-14,0.2867,17.0,0.2629,15.0,0.3762,11.0,,,0.3676,7.0,0.3593,8.0,0.0,1.0,0.3899,10.0,,,0.4232,7.0
2014-03-13,0.2605,13.0,0.2525,14.0,0.3813,13.0,,,0.3754,8.0,0.3602,9.0,0.0,1.0,0.3897,10.0,,,0.4168,5.0
2014-03-12,0.3889,32.0,0.3005,18.0,0.3681,9.0,,,0.3716,8.0,0.3595,8.0,0.0,1.0,0.388,9.0,,,0.4165,4.0
2014-03-11,0.3992,33.0,0.2991,18.0,0.3803,12.0,,,0.3699,7.0,0.3627,10.0,0.0,1.0,0.3906,10.0,,,0.4149,4.0
2014-03-10,0.3953,33.0,0.3126,20.0,0.3747,10.0,,,0.3808,10.0,0.3625,10.0,0.0,1.0,0.3885,9.0,,,0.4154,4.0
2014-03-07,0.3703,28.0,0.3126,20.0,0.3563,6.0,,,0.3587,5.0,0.3622,10.0,0.0,1.0,0.3863,8.0,,,0.415,4.0
2014-03-06,0.3686,28.0,0.3373,23.0,0.3657,8.0,,,0.365,6.0,0.3683,13.0,0.0,1.0,0.3862,8.0,,,0.4156,4.0
2014-03-05,0.3525,26.0,0.3251,21.0,0.3588,6.0,,,0.3645,6.0,0.3667,13.0,0.0,1.0,0.3894,9.0,,,0.4151,4.0
2014-03-04,0.3419,24.0,0.3455,24.0,0.3626,7.0,,,0.3662,7.0,0.3667,13.0,0.0,1.0,0.3901,10.0,,,0.4161,4.0
2014-03-03,0.228,9.0,0.3098,20.0,0.3843,14.0,,,0.3919,12.0,0.3599,9.0,0.0,1.0,0.3903,10.0,,,0.4203,6.0
2014-02-28,0.1945,6.0,0.3108,20.0,0.3517,5.0,,,0.3647,6.0,0.3602,9.0,0.0,1.0,0.385,8.0,,,0.418,5.0
2014-02-27,0.1516,3.0,0.2931,17.0,0.3627,7.0,,,0.3621,5.0,0.3596,8.0,0.0,1.0,0.3853,8.0,,,0.4163,4.0
2014-02-26,0.1614,4.0,0.3009,18.0,0.3673,8.0,,,0.3706,8.0,0.3594,8.0,0.0,1.0,0.3903,10.0,,,0.418,5.0
2014-02-25,0.1801,5.0,0.0,1.0,0.372,10.0,,,0.3747,8.0,0.3623,10.0,0.0,1.0,0.3879,9.0,,,0.4215,6.0
2014-02-24,0.2336,10.0,0.0,1.0,0.3907,15.0,,,0.3815,10.0,0.3634,11.0,0.0,1.0,0.3895,10.0,,,0.4221,6.0
2014-02-21,0.1983,7.0,0.0,1.0,0.4003,16.0,,,0.4026,14.0,0.3615,10.0,0.0,1.0,0.4101,18.0,,,0.428,9.0
2014-02-20,0.201,7.0,0.0,1.0,0.3668,8.0,,,0.3724,8.0,0.3606,9.0,0.0,1.0,0.4031,16.0,,,0.4297,9.0
2014-02-19,0.2525,12.0,0.0,1.0,0.3758,11.0,,,0.3703,8.0,0.3605,9.0,0.0,1.0,0.4065,17.0,,,0.4306,10.0
2014-02-18,0.3139,20.0,0.0,1.0,0.3761,11.0,,,0.3768,9.0,0.3623,10.0,0.0,1.0,0.3988,14.0,,,0.4377,11.0
2014-02-14,0.3448,25.0,0.5281,49.0,0.3674,8.0,,,0.3303,1.0,0.3656,12.0,0.0,1.0,0.4091,18.0,,,0.4397,12.0
2014-02-13,0.3874,32.0,0.547,51.0,0.3709,9.0,,,0.3499,3.0,0.3659,12.0,0.0,1.0,0.4038,16.0,,,0.4422,12.0
2014-02-12,0.4488,40.0,0.5688,53.0,0.3757,11.0,,,0.3563,4.0,0.3659,12.0,0.0,1.0,0.4078,17.0,,,0.4428,13.0
2014-02-11,0.4592,41.0,0.6206,57.0,0.3713,10.0,,,0.3797,10.0,0.3651,12.0,0.0,1.0,0.4068,17.0,,,0.4485,14.0
2014-02-10,0.4499,40.0,0.5985,56.0,0.389,14.0,,,0.3993,13.0,0.3639,11.0,0.0,1.0,0.4072,17.0,,,0.4511,15.0
2014-02-07,0.4183,35.0,0.5862,54.0,0.391,15.0,,,0.388,11.0,0.3616,10.0,0.0,1.0,0.4163,20.0,,,0.4451,13.0
2014-02-06,0.4381,38.0,0.4429,38.0,0.7461,56.0,,,0.7619,57.0,0.362,10.0,0.0,1.0,0.4325,23.0,,,0.4647,18.0
2014-02-05,0.4325,37.0,0.4341,36.0,0.6504,49.0,,,0.6449,46.0,0.3596,8.0,0.0,1.0,0.4257,22.0,,,0.4576,17.0
2014-02-04,0.4345,37.0,0.4335,36.0,0.6199,46.0,,,0.6103,41.0,0.3574,7.0,0.0,1.0,0.4202,21.0,,,0.4566,16.0
2014-02-03,0.3285,22.0,0.4244,35.0,0.6182,46.0,,,0.6131,41.0,0.3543,7.0,0.0,1.0,0.4256,22.0,,,0.4654,18.0
2014-01-31,0.3254,22.0,0.3348,23.0,0.5581,39.0,,,0.5412,34.0,0.3518,6.0,0.0,1.0,0.4226,22.0,,,0.4565,16.0
2014-01-30,0.3244,22.0,0.3438,24.0,0.5186,34.0,,,0.5275,33.0,0.3665,12.0,0.0,1.0,0.4196,21.0,,,0.4514,15.0
2014-01-29,0.3447,25.0,0.3277,22.0,0.4971,31.0,,,0.5058,28.0,0.3683,13.0,0.0,1.0,0.416,20.0,,,0.4495,14.0
2014-01-28,0.3152,20.0,0.0,1.0,0.4812,28.0,,,0.4933,26.0,0.3662,12.0,0.0,1.0,0.4103,18.0,,,0.449,14.0
2014-01-27,0.2464,12.0,0.0,1.0,0.4863,28.0,,,0.4837,24.0,0.3642,11.0,0.0,1.0,0.4194,21.0,,,0.4508,15.0
2014-01-24,0.2216,8.0,0.0,1.0,0.471,26.0,,,0.4744,22.0,0.361,9.0,0.0,1.0,0.4112,19.0,,,0.4494,14.0
2014-01-23,0.192,6.0,0.0,1.0,0.457,24.0,,,0.4658,21.0,0.3601,9.0,0.0,1.0,0.4053,16.0,,,0.4516,15.0
2014-01-22,0.2537,13.0,0.0,1.0,0.444,22.0,,,0.4497,19.0,0.3635,11.0,0.0,1.0,0.4019,15.0,,,0.4502,15.0
2014-01-21,0.3166,21.0,0.0,1.0,0.4388,21.0,,,0.4526,20.0,0.3829,16.0,0.0,1.0,0.4086,18.0,,,0.4487,14.0
2014-01-17,0.3179,21.0,0.3178,21.0,0.426,19.0,,,0.4343,18.0,0.3844,16.0,0.0,1.0,0.4149,20.0,,,0.4425,12.0
2014-01-16,0.3427,24.0,0.3396,24.0,0.4257,19.0,,,0.4337,18.0,0.383,16.0,0.0,1.0,0.4073,17.0,,,0.4483,14.0
2014-01-15,0.4327,37.0,0.3674,27.0,0.4207,19.0,,,0.4374,18.0,0.3839,16.0,0.0,1.0,0.4118,19.0,,,0.444,13.0
2014-01-14,0.4318,37.0,0.37,27.0,0.4241,19.0,,,0.4282,17.0,0.3852,16.0,0.0,1.0,0.4096,18.0,,,0.4464,13.0
2014-01-13,0.4021,34.0,0.3576,26.0,0.4287,20.0,,,0.3737,8.0,0.3833,16.0,0.0,1.0,0.4157,20.0,,,0.4464,13.0
2014-01-10,0.3742,30.0,0.3353,23.0,0.4433,22.0,,,0.3216,1.0,0.3826,16.0,0.0,1.0,0.409,18.0,,,0.4508,15.0
2014-01-09,0.366,28.0,0.0,1.0,0.4344,20.0,,,0.3438,2.0,0.3822,15.0,0.0,1.0,0.4067,17.0,,,0.4505,15.0
2014-01-08,0.3752,30.0,0.0,1.0,0.4423,22.0,,,0.3449,2.0,0.3883,17.0,0.0,1.0,0.4096,18.0,,,0.4498,14.0
2014-01-07,0.299,18.0,0.0,1.0,0.3466,4.0,,,0.3444,2.0,0.386,16.0,0.0,1.0,0.418,21.0,,,0.4496,14.0
2014-01-06,0.2217,8.0,0.0,1.0,0.3518,5.0,,,0.3517,4.0,0.3813,15.0,0.0,1.0,0.418,21.0,,,0.4553,16.0
2014-01-03,0.2201,8.0,0.0,1.0,0.3467,4.0,,,0.3472,3.0,0.3816,15.0,0.0,1.0,0.4085,18.0,,,0.4626,18.0
2014-01-02,0.1917,6.0,0.0,1.0,0.3602,6.0,,,0.3612,5.0,0.3814,15.0,0.0,1.0,0.4188,21.0,,,0.4543,16.0
2013-12-31,0.175,5.0,0.0,1.0,0.3438,3.0,,,0.3496,3.0,0.3813,15.0,0.0,1.0,0.4082,18.0,,,0.4627,18.0
2013-12-30,0.279,16.0,0.0,1.0,0.3527,5.0,,,0.3557,4.0,0.3813,15.0,0.0,1.0,0.4206,21.0,,,0.4591,17.0
2013-12-27,0.2797,16.0,0.0,1.0,0.3396,3.0,,,0.3471,3.0,0.3834,16.0,0.0,1.0,0.4247,22.0,,,0.4535,16.0
2013-12-26,0.2799,16.0,0.0,1.0,0.3329,2.0,,,0.3437,2.0,0.3825,15.0,0.0,1.0,0.4158,20.0,,,0.4514,15.0
2013-12-24,0.2701,15.0,0.3073,19.0,0.3251,1.0,,,0.3451,2.0,0.383,16.0,0.0,1.0,0.4164,20.0,,,0.4549,16.0
2013-12-23,0.3667,28.0,0.3978,31.0,0.3324,2.0,,,0.343,2.0,0.3829,16.0,0.0,1.0,0.4082,18.0,,,0.4553,16.0
2013-12-20,0.3746,30.0,0.3988,32.0,0.3392,3.0,,,0.3434,2.0,0.3827,16.0,0.0,1.0,0.4158,20.0,,,0.4519,15.0
2013-12-19,0.2989,18.0,0.3768,28.0,0.3675,9.0,,,0.3582,5.0,0.3795,15.0,0.0,1.0,0.418,21.0,,,0.4516,15.0
2013-12-18,0.2997,19.0,0.3686,27.0,0.3671,8.0,,,0.3704,8.0,0.3803,15.0,0.0,1.0,0.4146,20.0,,,0.4595,17.0
2013-12-17,0.2234,9.0,0.3605,26.0,0.4296,20.0,,,0.3711,8.0,0.3794,15.0,0.0,1.0,0.4229,22.0,,,0.4573,17.0
2013-12-16,0.2246,9.0,0.3613,26.0,0.436,21.0,,,0.3867,11.0,0.3823,15.0,0.0,1.0,0.4191,21.0,,,0.4537,16.0
2013-12-13,0.2514,12.0,0.3452,24.0,0.4065,16.0,,,0.4219,16.0,0.3832,16.0,0.0,1.0,0.4266,22.0,,,0.4599,17.0
2013-12-12,0.1704,4.0,0.2412,13.0,0.3571,6.0,,,0.3619,5.0,0.3853,16.0,0.0,1.0,0.4224,22.0,,,0.4534,16.0
2013-12-11,0.166,4.0,0.2356,13.0,0.3648,8.0,,,0.3564,4.0,0.3852,16.0,0.0,1.0,0.4224,22.0,,,0.4617,18.0
2013-12-10,0.2574,13.0,0.2645,15.0,0.3501,4.0,,,0.3423,2.0,0.3897,17.0,0.0,1.0,0.4116,19.0,,,0.4591,17.0
2013-12-09,0.2572,13.0,0.263,15.0,0.3476,4.0,,,0.3531,4.0,0.3897,17.0,0.0,1.0,0.4057,16.0,,,0.4576,17.0
2013-12-06,0.2564,13.0,0.0,1.0,0.3384,3.0,,,0.3397,1.0,0.3897,17.0,0.0,1.0,0.4253,22.0,,,0.4472,14.0
2013-12-05,0.2503,12.0,0.0,1.0,0.3576,6.0,,,0.3546,4.0,0.3898,17.0,0.0,1.0,0.417,20.0,,,0.4531,15.0
2013-12-04,0.2557,13.0,0.0,1.0,0.3585,6.0,,,0.3489,3.0,0.3897,17.0,0.0,1.0,0.4203,21.0,,,0.4613,18.0
2013-12-03,0.2597,13.0,0.0,1.0,0.3548,6.0,,,0.3632,6.0,0.3905,18.0,0.0,1.0,0.4033,16.0,,,0.4588,17.0
2013-12-02,0.251,12.0,0.0,1.0,0.3541,5.0,,,0.3572,4.0,0.3906,18.0,0.0,1.0,0.4177,21.0,,,0.464,18.0
2013-11-29,0.1712,4.0,0.0,1.0,0.3497,4.0,,,0.3568,4.0,0.3882,17.0,0.0,1.0,0.4134,20.0,,,0.4527,15.0
2013-11-27,0.2375,11.0,0.2393,13.0,0.3445,3.0,,,0.3536,4.0,0.3885,17.0,0.0,1.0,0.4132,19.0,,,0.4487,14.0
2013-11-26,0.2531,12.0,0.2482,14.0,0.3578,6.0,,,0.3594,5.0,0.3912,18.0,0.0,1.0,0.4093,18.0,,,0.4571,17.0
2013-11-25,0.2763,15.0,0.2449,14.0,0.3615,7.0,,,0.3633,6.0,0.3909,18.0,0.0,1.0,0.4048,16.0,,,0.4592,17.0
2013-11-22,0.2849,17.0,0.271,15.0,0.3399,3.0,,,0.3416,2.0,0.391,18.0,0.0,1.0,0.4075,17.0,,,0.4567,16.0
2013-11-21,0.2997,19.0,0.3019,18.0,0.343,3.0,,,0.3499,3.0,0.3921,18.0,0.0,1.0,0.4004,15.0,,,0.4582,17.0
2013-11-20,0.2989,18.0,0.3261,21.0,0.3549,6.0,,,0.3591,5.0,0.3921,18.0,0.0,1.0,0.4193,21.0,,,0.4558,16.0
2013-11-19,0.3541,26.0,0.3787,28.0,0.3614,7.0,,,0.3724,8.0,0.3922,18.0,0.0,1.0,0.4278,23.0,,,0.4548,16.0
2013-11-18,0.2661,14.0,0.3869,30.0,0.3648,8.0,,,0.3701,8.0,0.3903,17.0,0.0,1.0,0.4124,19.0,,,0.4499,15.0
2013-11-15,0.4814,43.0,0.4289,35.0,0.3602,6.0,,,0.3631,6.0,0.3904,17.0,0.0,1.0,0.4079,17.0,,,0.4555,16.0
2013-11-14,0.8,71.0,0.5098,48.0,0.37,9.0,,,0.3769,9.0,0.3895,17.0,0.0,1.0,0.4137,20.0,,,0.4439,13.0
2013-11-13,0.8223,72.0,0.4964,46.0,0.365,8.0,,,0.3786,9.0,0.3889,17.0,0.0,1.0,0.4061,16.0,,,0.4554,16.0
2013-11-12,0.8301,73.0,0.506,47.0,0.3695,9.0,,,0.372,8.0,0.389,17.0,0.0,1.0,0.3978,13.0,,,0.4631,18.0
2013-11-11,0.8618,75.0,0.5041,47.0,0.371,10.0,,,0.3835,10.0,0.3958,18.0,0.0,1.0,0.4124,19.0,,,0.4608,18.0
2013-11-08,0.9154,78.0,0.482,44.0,0.3763,11.0,,,0.3444,2.0,0.4101,21.0,0.0,1.0,0.3995,14.0,,,0.4596,17.0
2013-11-07,0.9292,79.0,0.4856,45.0,0.3845,14.0,,,0.3752,8.0,0.4084,21.0,0.0,1.0,0.4179,21.0,,,0.4582,17.0
2013-11-06,0.8397,73.0,0.4589,41.0,0.3815,13.0,,,0.3907,12.0,0.4024,19.0,0.0,1.0,0.408,17.0,,,0.4475,14.0
2013-11-05,0.4961,46.0,0.4156,34.0,0.7311,55.0,,,0.7119,52.0,0.3671,13.0,0.0,1.0,0.4105,18.0,,,0.4504,15.0
2013-11-04,0.4952,46.0,0.436,37.0,0.6496,48.0,,,0.6496,46.0,0.367,13.0,0.0,1.0,0.4003,15.0,,,0.4548,16.0
2013-11-01,0.4128,35.0,0.4194,34.0,0.5819,40.0,,,0.5855,38.0,0.3633,11.0,0.0,1.0,0.4176,21.0,,,0.448,14.0
2013-10-31,0.4109,35.0,0.4093,33.0,0.5765,40.0,,,0.5748,37.0,0.3629,11.0,0.0,1.0,0.4131,19.0,,,0.4529,15.0
2013-10-30,0.3432,25.0,0.4076,32.0,0.5678,39.0,,,0.5613,36.0,0.3589,8.0,0.0,1.0,0.4026,15.0,,,0.4495,14.0
2013-10-29,0.3038,19.0,0.3928,31.0,0.5545,38.0,,,0.5619,36.0,0.3571,7.0,0.0,1.0,0.3922,11.0,,,0.4533,15.0
2013-10-28,0.3358,23.0,0.388,30.0,0.5487,38.0,,,0.5525,36.0,0.3571,7.0,0.0,1.0,0.399,14.0,,,0.4499,15.0
2013-10-25,0.2549,13.0,0.3298,22.0,0.5032,32.0,,,0.5252,32.0,0.3554,7.0,0.0,1.0,0.4087,18.0,,,0.4523,15.0
2013-10-24,0.2936,18.0,0.3037,18.0,0.5159,34.0,,,0.5164,31.0,0.3586,8.0,0.0,1.0,0.4116,19.0,,,0.4528,15.0
2013-10-23,0.3155,20.0,0.2901,17.0,0.5054,32.0,,,0.5087,28.0,0.366,12.0,0.0,1.0,0.3993,14.0,,,0.4588,17.0
2013-10-22,0.3333,23.0,0.287,17.0,0.4932,30.0,,,0.5066,28.0,0.3692,13.0,0.0,1.0,0.4121,19.0,,,0.4539,16.0
2013-10-21,0.3417,24.0,0.268,15.0,0.5019,32.0,,,0.509,28.0,0.3687,13.0,0.0,1.0,0.4088,18.0,,,0.4456,13.0
2013-10-18,0.347,25.0,0.2614,14.0,0.487,28.0,,,0.4977,27.0,0.3685,13.0,0.0,1.0,0.4067,17.0,,,0.4435,13.0
2013-10-17,0.3082,20.0,0.2875,17.0,0.4833,28.0,,,0.4868,25.0,0.3661,12.0,0.0,1.0,0.4031,16.0,,,0.4564,16.0
2013-10-16,0.3265,22.0,0.3165,20.0,0.4709,26.0,,,0.4921,26.0,0.3657,12.0,0.0,1.0,0.4054,16.0,,,0.4579,17.0
2013-10-15,0.3032,19.0,0.3202,21.0,0.495,30.0,,,0.5013,27.0,0.3648,11.0,0.0,1.0,0.3982,13.0,,,0.4598,17.0
2013-10-14,0.3106,20.0,0.3264,21.0,0.4958,30.0,,,0.5008,27.0,0.3653,12.0,0.0,1.0,0.4067,17.0,,,0.4573,17.0
2013-10-11,0.3672,28.0,0.3773,28.0,0.4748,27.0,,,0.3632,6.0,0.3656,12.0,0.0,1.0,0.3896,10.0,,,0.4564,16.0
2013-10-10,0.3369,23.0,0.375,28.0,0.3682,9.0,,,0.4962,26.0,0.3649,12.0,0.0,1.0,0.3993,14.0,,,0.4502,15.0
2013-10-09,0.3679,28.0,0.385,28.0,0.4936,30.0,,,0.3988,13.0,0.3638,11.0,0.0,1.0,0.4171,20.0,,,0.4453,13.0
2013-10-08,0.3683,28.0,0.3458,24.0,0.4894,28.0,,,0.4068,14.0,0.3648,11.0,0.0,1.0,0.4084,18.0,,,0.4558,16.0
2013-10-07,0.3561,27.0,0.3238,21.0,0.3963,16.0,,,0.395,12.0,0.3638,11.0,0.0,1.0,0.4123,19.0,,,0.4481,14.0
2013-10-04,0.3496,25.0,0.3221,21.0,0.3518,5.0,,,0.3667,7.0,0.3621,10.0,0.0,1.0,0.4098,18.0,,,0.442,12.0
2013-10-03,0.3394,24.0,0.3076,19.0,0.37,9.0,,,0.369,7.0,0.3723,14.0,0.0,1.0,0.4,14.0,,,0.4534,16.0
2013-10-02,0.24,11.0,0.2665,15.0,0.3357,2.0,,,0.3521,4.0,0.3695,13.0,0.0,1.0,0.3879,9.0,,,0.445,13.0
2013-10-01,0.3088,20.0,0.3141,20.0,0.3542,5.0,,,0.3646,6.0,0.3702,13.0,0.0,1.0,0.3765,5.0,,,0.457,16.0
2013-09-30,0.2255,9.0,0.3134,20.0,0.3666,8.0,,,0.3755,8.0,0.3685,13.0,0.0,1.0,0.3977,13.0,,,0.4448,13.0
2013-09-27,0.2861,17.0,0.3437,24.0,0.3554,6.0,,,0.3591,5.0,0.3702,13.0,0.0,1.0,0.3927,11.0,,,0.4437,13.0
2013-09-26,0.3116,20.0,0.3568,26.0,0.3546,5.0,,,0.3572,4.0,0.37,13.0,0.0,1.0,0.3886,9.0,,,0.438,11.0
2013-09-25,0.3063,19.0,0.3466,25.0,0.3569,6.0,,,0.3588,5.0,0.3746,14.0,0.0,1.0,0.3993,14.0,,,0.4391,11.0
2013-09-24,0.3908,32.0,0.4165,34.0,0.3555,6.0,,,0.3659,7.0,0.3754,14.0,0.0,1.0,0.3918,11.0,,,0.4445,13.0
2013-09-23,0.4033,34.0,0.3982,31.0,0.3625,7.0,,,0.3693,7.0,0.3758,15.0,0.0,1.0,0.3866,8.0,,,0.4437,13.0
2013-09-20,0.3984,33.0,0.367,27.0,0.3542,5.0,,,0.347,2.0,0.3752,14.0,0.0,1.0,0.3901,10.0,,,0.4406,12.0
2013-09-19,0.3932,32.0,0.3576,26.0,0.353,5.0,,,0.354,4.0,0.3752,14.0,0.0,1.0,0.3952,12.0,,,0.4369,11.0
2013-09-18,0.3503,25.0,0.3284,22.0,0.35,4.0,,,0.3656,6.0,0.3719,14.0,0.0,1.0,0.3704,4.0,,,0.4419,12.0
2013-09-17,0.341,24.0,0.3061,19.0,0.3558,6.0,,,0.3686,7.0,0.3721,14.0,0.0,1.0,0.3879,9.0,,,0.4352,11.0
2013-09-16,0.3239,22.0,0.305,19.0,0.3789,12.0,,,0.3759,9.0,0.3715,14.0,0.0,1.0,0.3964,13.0,,,0.4331,10.0
2013-09-13,0.2608,13.0,0.2328,13.0,0.3499,4.0,,,0.3395,1.0,0.3656,12.0,0.0,1.0,0.3977,13.0,,,0.437,11.0
2013-09-12,0.2909,17.0,0.2476,14.0,0.363,7.0,,,0.3394,1.0,0.3655,12.0,0.0,1.0,0.4002,14.0,,,0.4385,11.0
2013-09-11,0.2804,16.0,0.2384,13.0,0.3484,4.0,,,0.3597,5.0,0.3651,12.0,0.0,1.0,0.3925,11.0,,,0.4423,12.0
2013-09-10,0.2796,16.0,0.0,1.0,0.3707,9.0,,,0.3862,11.0,0.3651,12.0,0.0,1.0,0.398,13.0,,,0.4444,13.0
2013-09-09,0.2657,14.0,0.0,1.0,0.37,9.0,,,0.3857,11.0,0.3647,11.0,0.0,1.0,0.3948,12.0,,,0.4444,13.0
2013-09-06,0.3191,21.0,0.0,1.0,0.3581,6.0,,,0.3632,6.0,0.3651,12.0,0.0,1.0,0.4071,17.0,,,0.4403,12.0
2013-09-05,0.3185,21.0,0.0,1.0,0.3757,11.0,,,0.3757,8.0,0.3649,12.0,0.0,1.0,0.3953,12.0,,,0.4434,13.0
2013-09-04,0.3463,25.0,0.0,1.0,0.3771,12.0,,,0.3836,11.0,0.3614,10.0,0.0,1.0,0.3985,14.0,,,0.4404,12.0
2013-09-03,0.3382,24.0,0.0,1.0,0.3812,13.0,,,0.3867,11.0,0.3604,9.0,0.0,1.0,0.3907,10.0,,,0.4473,14.0
2013-08-30,0.342,24.0,0.2907,17.0,0.3723,10.0,,,0.363,6.0,0.3621,10.0,0.0,1.0,0.3956,12.0,,,0.4376,11.0
2013-08-29,0.3279,22.0,0.2955,17.0,0.3764,11.0,,,0.3788,9.0,0.3617,10.0,0.0,1.0,0.3939,12.0,,,0.4486,14.0
2013-08-28,0.3002,19.0,0.2815,16.0,0.3767,12.0,,,0.3868,11.0,0.3626,10.0,0.0,1.0,0.3948,12.0,,,0.4497,14.0
2013-08-27,0.3081,20.0,0.279,16.0,0.3912,15.0,,,0.3957,13.0,0.363,11.0,0.0,1.0,0.4051,16.0,,,0.44,12.0
2013-08-26,0.1478,3.0,0.266,15.0,0.3775,12.0,,,0.3795,10.0,0.3632,11.0,0.0,1.0,0.4144,20.0,,,0.4332,10.0
2013-08-23,0.1679,4.0,0.2075,12.0,0.339,3.0,,,0.3589,5.0,0.3626,10.0,0.0,1.0,0.385,8.0,,,0.4341,10.0
2013-08-22,0.1736,5.0,0.2503,14.0,0.3497,4.0,,,0.3658,6.0,0.3627,10.0,0.0,1.0,0.3859,8.0,,,0.4326,10.0
2013-08-21,0.1644,4.0,0.2792,16.0,0.3613,7.0,,,0.3654,6.0,0.3681,13.0,0.0,1.0,0.3824,7.0,,,0.4328,10.0
2013-08-20,0.4825,44.0,0.4165,34.0,0.363,7.0,,,0.3789,9.0,0.3688,13.0,0.0,1.0,0.3871,9.0,,,0.4325,10.0
2013-08-19,0.4967,46.0,0.4446,38.0,0.3642,7.0,,,0.3681,7.0,0.3729,14.0,0.0,1.0,0.3882,9.0,,,0.4258,8.0
2013-08-16,0.4751,43.0,0.4462,39.0,0.3577,6.0,,,0.3741,8.0,0.3726,14.0,0.0,1.0,0.3882,9.0,,,0.4313,10.0
2013-08-15,0.4746,43.0,0.4474,39.0,0.3711,10.0,,,0.3821,10.0,0.3732,14.0,0.0,1.0,0.3818,7.0,,,0.4356,11.0
2013-08-14,0.4372,38.0,0.4998,46.0,0.3649,8.0,,,0.3776,9.0,0.3731,14.0,0.0,1.0,0.4016,15.0,,,0.4174,5.0
2013-08-13,0.4622,42.0,0.4808,44.0,0.3663,8.0,,,0.3809,10.0,0.3748,14.0,0.0,1.0,0.3872,9.0,,,0.4336,10.0
2013-08-12,0.5366,50.0,0.5339,50.0,0.4473,22.0,,,0.3924,12.0,0.3747,14.0,0.0,1.0,0.3914,11.0,,,0.4338,10.0
2013-08-09,0.5996,56.0,0.4989,46.0,0.3547,5.0,,,0.3655,6.0,0.3604,9.0,0.0,1.0,0.3757,5.0,,,0.4372,11.0
2013-08-08,0.5939,55.0,0.4775,43.0,0.3362,2.0,,,0.3458,2.0,0.3584,8.0,0.0,1.0,0.381,7.0,,,0.4298,9.0
2013-08-07,0.6187,57.0,0.4791,44.0,0.3418,3.0,,,0.3516,3.0,0.3585,8.0,0.0,1.0,0.384,7.0,,,0.4289,9.0
2013-08-06,0.6186,57.0,0.4836,44.0,0.3036,1.0,,,0.3495,3.0,0.3592,8.0,0.0,1.0,0.376,5.0,,,0.4172,5.0
2013-08-05,0.6322,59.0,0.4258,35.0,0.3072,1.0,,,0.3567,4.0,0.3592,8.0,0.0,1.0,0.3759,5.0,,,0.42,6.0
2013-08-02,0.6315,59.0,0.4342,37.0,0.3115,1.0,,,0.3491,3.0,0.3645,11.0,0.0,1.0,0.3808,7.0,,,0.4114,3.0
2013-08-01,0.5605,52.0,0.3475,25.0,0.6493,48.0,,,0.6382,45.0,0.3616,10.0,0.0,1.0,0.3849,8.0,,,0.4238,7.0
2013-07-31,0.3068,19.0,0.2725,16.0,0.5441,37.0,,,0.5547,36.0,0.3555,7.0,0.0,1.0,0.3843,7.0,,,0.4292,9.0
2013-07-30,0.3042,19.0,0.2625,15.0,0.5312,36.0,,,0.5475,35.0,0.3572,7.0,0.0,1.0,0.392,11.0,,,0.4285,9.0
2013-07-29,0.4005,34.0,0.3258,21.0,0.5416,37.0,,,0.5444,35.0,0.3557,7.0,0.0,1.0,0.3863,8.0,,,0.4195,5.0
2013-07-26,0.4004,34.0,0.3144,20.0,0.4874,28.0,,,0.5067,28.0,0.3566,7.0,0.0,1.0,0.3846,7.0,,,0.4207,6.0
2013-07-25,0.3544,26.0,0.3139,20.0,0.4809,28.0,,,0.4905,25.0,0.3591,8.0,0.0,1.0,0.3861,8.0,,,0.4324,10.0
2013-07-24,0.2804,16.0,0.3029,18.0,0.4906,30.0,,,0.4886,25.0,0.3581,7.0,0.0,1.0,0.3883,9.0,,,0.4193,5.0
2013-07-23,0.2667,14.0,0.3036,18.0,0.487,28.0,,,0.4885,25.0,0.3586,8.0,0.0,1.0,0.411,19.0,,,0.4146,4.0
2013-07-22,0.3133,20.0,0.2966,17.0,0.4659,25.0,,,0.4862,25.0,0.3659,12.0,0.0,1.0,0.3777,5.0,,,0.428,9.0
2013-07-19,0.3135,20.0,0.3143,20.0,0.4751,27.0,,,0.4894,25.0,0.3661,12.0,0.0,1.0,0.3729,4.0,,,0.4243,7.0
2013-07-18,0.1697,4.0,0.2535,14.0,0.4308,20.0,,,0.4448,19.0,0.3599,9.0,0.0,1.0,0.3735,4.0,,,0.4144,4.0
2013-07-17,0.2546,13.0,0.2788,16.0,0.4348,20.0,,,0.4453,19.0,0.3599,9.0,0.0,1.0,0.3733,4.0,,,0.4139,4.0
2013-07-16,0.2608,13.0,0.2646,15.0,0.4465,22.0,,,0.4569,20.0,0.3605,9.0,0.0,1.0,0.3781,6.0,,,0.4186,5.0
2013-07-15,0.2496,12.0,0.2568,14.0,0.4445,22.0,,,0.4616,20.0,0.3602,9.0,0.0,1.0,0.3721,4.0,,,0.4134,3.0
2013-07-12,0.2266,9.0,0.0,1.0,0.4407,21.0,,,0.4459,19.0,0.3601,9.0,0.0,1.0,0.3605,2.0,,,0.4196,6.0
2013-07-11,0.2184,8.0,0.0,1.0,0.322,1.0,,,0.4583,20.0,0.3594,8.0,0.0,1.0,0.3737,5.0,,,0.4242,7.0
2013-07-10,0.2275,9.0,0.0,1.0,0.3398,3.0,,,0.4582,20.0,0.3627,10.0,0.0,1.0,0.3693,3.0,,,0.4336,10.0
2013-07-09,0.1878,6.0,0.0,1.0,0.44,21.0,,,0.3242,1.0,0.3622,10.0,0.0,1.0,0.3775,5.0,,,0.4224,6.0
2013-07-08,0.1729,5.0,0.0,1.0,0.4388,21.0,,,0.3516,3.0,0.3619,10.0,0.0,1.0,0.3854,8.0,,,0.4295,9.0
2013-07-05,0.1852,5.0,0.0,1.0,0.4366,21.0,,,0.3397,1.0,0.3616,10.0,0.0,1.0,0.367,3.0,,,0.4297,9.0
2013-07-03,0.2677,14.0,0.2804,16.0,0.3372,2.0,,,0.3402,1.0,0.3625,10.0,0.0,1.0,0.3902,10.0,,,0.4391,11.0
2013-07-02,0.4147,35.0,0.3263,21.0,0.3342,2.0,,,0.3497,3.0,0.3629,11.0,0.0,1.0,0.4014,15.0,,,0.4282,9.0
2013-07-01,0.4216,36.0,0.3362,23.0,0.3362,2.0,,,0.3488,3.0,0.3628,11.0,0.0,1.0,0.3905,10.0,,,0.4407,12.0
2013-06-28,0.4969,46.0,0.3938,31.0,0.333,2.0,,,0.3383,1.0,0.3641,11.0,0.0,1.0,0.4044,16.0,,,0.4423,12.0
2013-06-27,0.4924,45.0,0.3867,30.0,0.3345,2.0,,,0.3419,2.0,0.3633,11.0,0.0,1.0,0.389,9.0,,,0.4383,11.0
2013-06-26,0.4737,43.0,0.3869,30.0,0.3496,4.0,,,0.3564,4.0,0.3633,11.0,0.0,1.0,0.386,8.0,,,0.4468,14.0
2013-06-25,0.3946,32.0,0.3713,27.0,0.3543,5.0,,,0.3639,6.0,0.3609,9.0,0.0,1.0,0.3931,11.0,,,0.4507,15.0
2013-06-24,0.3342,23.0,0.372,28.0,0.3793,12.0,,,0.3979,13.0,0.367,13.0,0.0,1.0,0.4222,22.0,,,0.4338,10.0
2013-06-21,0.3263,22.0,0.3496,25.0,0.3606,7.0,,,0.3762,9.0,0.3609,9.0,0.0,1.0,0.3976,13.0,,,0.4442,13.0
2013-06-20,0.3232,21.0,0.3295,22.0,0.3758,11.0,,,0.3861,11.0,0.3604,9.0,0.0,1.0,0.4031,16.0,,,0.446,13.0
2013-06-19,0.2166,8.0,0.2133,12.0,0.3567,6.0,,,0.3627,6.0,0.3542,7.0,0.0,1.0,0.3961,12.0,,,0.4356,11.0
2013-06-18,0.2163,8.0,0.2093,12.0,0.3704,9.0,,,0.3849,11.0,0.3541,6.0,0.0,1.0,0.3937,11.0,,,0.4464,13.0
2013-06-17,0.233,10.0,0.2085,12.0,0.3745,10.0,,,0.3811,10.0,0.3544,7.0,0.0,1.0,0.3949,12.0,,,0.4347,11.0
2013-06-14,0.3099,20.0,0.2372,13.0,0.3761,11.0,,,0.389,12.0,0.3544,7.0,0.0,1.0,0.3994,14.0,,,0.4399,12.0
2013-06-13,0.3022,19.0,0.2431,13.0,0.392,15.0,,,0.3904,12.0,0.3541,6.0,0.0,1.0,0.381,7.0,,,0.4565,16.0
2013-06-12,0.3005,19.0,0.268,15.0,0.3874,14.0,,,0.3892,12.0,0.3536,6.0,0.0,1.0,0.4024,15.0,,,0.4371,11.0
2013-06-11,0.3201,21.0,0.3036,18.0,0.3859,14.0,,,0.3995,13.0,0.3534,6.0,0.0,1.0,0.4006,15.0,,,0.4378,11.0
2013-06-10,0.3024,19.0,0.3069,19.0,0.3903,15.0,,,0.408,14.0,0.3525,6.0,0.0,1.0,0.3933,11.0,,,0.4411,12.0
2013-06-07,0.3094,20.0,0.3066,19.0,0.3836,13.0,,,0.3955,13.0,0.3528,6.0,0.0,1.0,0.3951,12.0,,,0.4455,13.0
2013-06-06,0.2986,18.0,0.32,21.0,0.4105,17.0,,,0.4217,16.0,0.3558,7.0,0.0,1.0,0.3957,12.0,,,0.4449,13.0
2013-06-05,0.1881,6.0,0.3337,23.0,0.4195,19.0,,,0.4224,17.0,0.3529,6.0,0.0,1.0,0.3832,7.0,,,0.4397,12.0
2013-06-04,0.1917,6.0,0.0,1.0,0.4086,17.0,,,0.4268,17.0,0.3528,6.0,0.0,1.0,0.3939,12.0,,,0.4386,11.0
2013-06-03,0.1905,6.0,0.0,1.0,0.4069,17.0,,,0.4251,17.0,0.3522,6.0,0.0,1.0,0.3796,6.0,,,0.441,12.0
2013-05-31,0.2009,7.0,0.0,1.0,0.391,15.0,,,0.4091,15.0,0.3513,6.0,0.0,1.0,0.3895,10.0,,,0.4276,8.0
2013-05-30,0.3728,28.0,0.0,1.0,0.3891,14.0,,,0.402,13.0,0.3514,6.0,0.0,1.0,0.3764,5.0,,,0.4288,9.0
2013-05-29,0.6568,61.0,0.0,1.0,0.3967,16.0,,,0.4051,14.0,0.3515,6.0,0.0,1.0,0.3765,5.0,,,0.4202,6.0
2013-05-28,0.6575,61.0,0.0,1.0,0.3994,16.0,,,0.4132,15.0,0.3558,7.0,0.0,1.0,0.3797,6.0,,,0.4144,4.0
2013-05-24,0.6566,61.0,0.6264,59.0,0.3819,13.0,,,0.3938,12.0,0.3595,8.0,0.0,1.0,0.3568,2.0,,,0.4239,7.0
2013-05-23,0.6616,61.0,0.6416,61.0,0.3927,15.0,,,0.4013,13.0,0.3596,8.0,0.0,1.0,0.3612,2.0,,,0.4268,8.0
2013-05-22,0.6634,61.0,0.6226,57.0,0.3815,13.0,,,0.4001,13.0,0.3591,8.0,0.0,1.0,0.3728,4.0,,,0.4241,7.0
2013-05-21,0.5257,48.0,0.55,51.0,0.394,15.0,,,0.412,15.0,0.3505,5.0,0.0,1.0,0.3749,5.0,,,0.4179,5.0
2013-05-20,0.2291,9.0,0.3469,25.0,0.3282,1.0,,,0.3435,2.0,0.3305,3.0,0.0,1.0,0.3618,2.0,,,0.4095,3.0
2013-05-17,0.2268,9.0,0.3371,23.0,0.3252,1.0,,,0.3376,1.0,0.3305,3.0,0.0,1.0,0.3538,1.0,,,0.4167,5.0
2013-05-16,0.1555,3.0,0.2981,18.0,0.3253,1.0,,,0.3388,1.0,0.3291,3.0,0.0,1.0,0.3571,2.0,,,0.4121,3.0
2013-05-15,0.2353,10.0,0.3461,24.0,0.327,1.0,,,0.3403,1.0,0.3317,4.0,0.0,1.0,0.3554,2.0,,,0.4129,3.0
2013-05-14,0.3419,24.0,0.345,24.0,0.3318,2.0,,,0.3431,2.0,0.3316,4.0,0.0,1.0,0.3665,3.0,,,0.4056,3.0
2013-05-13,0.4467,39.0,0.3624,26.0,0.3299,1.0,,,0.3491,3.0,0.3308,3.0,0.0,1.0,0.3559,2.0,,,0.4144,4.0
2013-05-10,0.4576,41.0,0.3852,28.0,0.331,2.0,,,0.3477,3.0,0.3305,3.0,0.0,1.0,0.3633,2.0,,,0.4104,3.0
2013-05-09,0.4583,41.0,0.3912,30.0,0.3345,2.0,,,0.3482,3.0,0.3308,3.0,0.0,1.0,0.3557,2.0,,,0.4171,5.0
2013-05-08,0.4729,43.0,0.3933,31.0,0.3301,2.0,,,0.3513,3.0,0.3308,3.0,0.0,1.0,0.3526,1.0,,,0.4187,5.0
2013-05-07,0.476,43.0,0.3809,28.0,0.3313,2.0,,,0.3496,3.0,0.331,4.0,0.0,1.0,0.3485,1.0,,,0.4184,5.0
2013-05-06,0.448,39.0,0.3419,24.0,0.3304,2.0,,,0.3439,2.0,0.3293,3.0,0.0,1.0,0.3644,3.0,,,0.4136,3.0
2013-05-03,0.3926,32.0,0.3393,23.0,0.3294,1.0,,,0.3075,1.0,0.3254,3.0,0.0,1.0,0.3467,1.0,,,0.4233,7.0
2013-05-02,0.2981,18.0,0.3046,19.0,0.5703,39.0,,,0.6051,40.0,0.3171,1.0,0.0,1.0,0.3568,2.0,,,0.4431,13.0
2013-05-01,0.2391,11.0,0.277,16.0,0.6139,45.0,,,0.6033,40.0,0.3137,1.0,0.0,1.0,0.3905,10.0,,,0.4418,12.0
2013-04-30,0.237,10.0,0.2729,16.0,0.6041,44.0,,,0.6075,41.0,0.3194,2.0,0.0,1.0,0.3791,6.0,,,0.4292,9.0
2013-04-29,0.2477,12.0,0.2723,16.0,0.5715,40.0,,,0.5836,38.0,0.3195,2.0,0.0,1.0,0.3773,5.0,,,0.4303,10.0
2013-04-26,0.2705,15.0,0.3067,19.0,0.522,35.0,,,0.5281,33.0,0.3235,2.0,0.0,1.0,0.3664,3.0,,,0.4411,12.0
2013-04-25,0.2637,14.0,0.3031,18.0,0.5201,34.0,,,0.5298,33.0,0.3235,2.0,0.0,1.0,0.3779,6.0,,,0.4329,10.0
2013-04-24,0.2472,12.0,0.3065,19.0,0.5095,33.0,,,0.5254,32.0,0.3291,3.0,0.0,1.0,0.3784,6.0,,,0.4296,9.0
2013-04-23,0.4226,36.0,0.3525,25.0,0.5012,31.0,,,0.5102,30.0,0.3278,3.0,0.0,1.0,0.3703,4.0,,,0.431,10.0
2013-04-22,0.3637,28.0,0.3513,25.0,0.5015,32.0,,,0.5138,30.0,0.3263,3.0,0.0,1.0,0.3772,5.0,,,0.4105,3.0
2013-04-19,0.4015,34.0,0.3517,25.0,0.4896,28.0,,,0.5009,27.0,0.3263,3.0,0.0,1.0,0.3793,6.0,,,0.4359,11.0
2013-04-18,0.3665,28.0,0.3589,26.0,0.5104,33.0,,,0.519,31.0,0.3259,3.0,0.0,1.0,0.3765,5.0,,,0.4443,13.0
2013-04-17,0.3721,28.0,0.37,27.0,0.5077,33.0,,,0.5133,30.0,0.325,3.0,0.0,1.0,0.3877,9.0,,,0.4367,11.0
2013-04-16,0.3919,32.0,0.3751,28.0,0.4993,31.0,,,0.5073,28.0,0.3249,2.0,0.0,1.0,0.3775,5.0,,,0.4362,11.0
2013-04-15,0.5339,49.0,0.4471,39.0,0.4918,30.0,,,0.5166,31.0,0.3248,2.0,0.0,1.0,0.3795,6.0,,,0.447,14.0
2013-04-12,0.4032,34.0,0.4104,33.0,0.4677,26.0,,,0.476,22.0,0.3126,1.0,0.0,1.0,0.3735,4.0,,,0.428,9.0
2013-04-11,0.3946,32.0,0.416,34.0,0.4598,25.0,,,0.4702,22.0,0.3225,2.0,0.0,1.0,0.371,4.0,,,0.4266,8.0
2013-04-10,0.3929,32.0,0.444,38.0,0.4639,25.0,,,0.3674,7.0,0.3223,2.0,0.0,1.0,0.37,4.0,,,0.4281,9.0
2013-04-09,0.3924,32.0,0.446,39.0,0.3602,6.0,,,0.474,22.0,0.3235,2.0,0.0,1.0,0.3688,3.0,,,0.4257,8.0
2013-04-08,0.3581,27.0,0.0,1.0,0.4508,23.0,,,0.3801,10.0,0.3221,2.0,0.0,1.0,0.3651,3.0,,,0.4195,5.0
2013-04-05,0.3696,28.0,0.0,1.0,0.428,20.0,,,0.3433,2.0,0.3227,2.0,0.0,1.0,0.3557,2.0,,,0.4228,7.0
2013-04-04,0.2182,8.0,0.0,1.0,0.4402,21.0,,,0.3455,2.0,0.317,1.0,0.0,1.0,0.3651,3.0,,,0.4217,6.0
2013-04-03,0.2139,8.0,0.0,1.0,0.3391,3.0,,,0.3543,4.0,0.3162,1.0,0.0,1.0,0.3704,4.0,,,0.4226,7.0
2013-04-02,0.1975,6.0,0.0,1.0,0.3277,1.0,,,0.3495,3.0,0.3158,1.0,0.0,1.0,0.3872,9.0,,,0.4151,4.0
2013-04-01,0.0959,2.0,0.0,1.0,0.3516,5.0,,,0.3597,5.0,0.3149,1.0,0.0,1.0,0.3804,6.0,,,0.4605,17.0
2013-03-28,0.091,2.0,0.2534,14.0,0.3296,1.0,,,0.339,1.0,0.3167,1.0,0.0,1.0,0.3698,3.0,,,0.4655,18.0
2013-03-27,0.1108,2.0,0.2587,14.0,0.3326,2.0,,,0.3491,3.0,0.3162,1.0,0.0,1.0,0.362,2.0,,,0.4663,18.0
2013-03-26,0.1105,2.0,0.2618,14.0,0.3431,3.0,,,0.3548,4.0,0.3167,1.0,0.0,1.0,0.4173,21.0,,,0.4248,8.0
2013-03-25,0.0944,2.0,0.2378,13.0,0.3467,4.0,,,0.3609,5.0,0.3173,1.0,0.0,1.0,0.3972,13.0,,,0.4573,17.0
2013-03-22,0.0984,2.0,0.2326,13.0,0.3366,2.0,,,0.3559,4.0,0.3181,1.0,0.0,1.0,0.3803,6.0,,,0.4634,18.0
2013-03-21,0.1007,2.0,0.2281,13.0,0.3427,3.0,,,0.3537,4.0,0.3198,2.0,0.0,1.0,0.3968,13.0,,,0.4575,17.0
2013-03-20,0.1662,4.0,0.2372,13.0,0.3488,4.0,,,0.3611,5.0,0.3198,2.0,0.0,1.0,0.395,12.0,,,0.4639,18.0
2013-03-19,0.1482,3.0,0.2277,13.0,0.356,6.0,,,0.3725,8.0,0.3205,2.0,0.0,1.0,0.3849,8.0,,,0.4594,17.0
2013-03-18,0.2554,13.0,0.2194,13.0,0.3539,5.0,,,0.3617,5.0,0.3218,2.0,0.0,1.0,0.3692,3.0,,,0.4694,18.0
2013-03-15,0.2663,14.0,0.2257,13.0,0.347,4.0,,,0.3719,8.0,0.3311,4.0,0.0,1.0,0.3919,11.0,,,0.4633,18.0
2013-03-14,0.3785,30.0,0.2951,17.0,0.3687,9.0,,,0.3843,11.0,0.3334,4.0,0.0,1.0,0.39,10.0,,,0.4571,17.0
2013-03-13,0.3785,30.0,0.3625,26.0,0.3741,10.0,,,0.3892,12.0,0.3337,4.0,0.0,1.0,0.3869,9.0,,,0.4666,18.0
2013-03-12,0.3741,30.0,0.372,28.0,0.3679,9.0,,,0.3914,12.0,0.3366,4.0,0.0,1.0,0.3891,9.0,,,0.4655,18.0
2013-03-11,0.3769,30.0,0.4314,36.0,0.3804,12.0,,,0.4189,16.0,0.3348,4.0,0.0,1.0,0.3767,5.0,,,0.482,19.0
2013-03-08,0.3993,34.0,0.4578,41.0,0.3917,15.0,,,0.4026,14.0,0.3348,4.0,0.0,1.0,0.3705,4.0,,,0.4836,19.0
2013-03-07,0.4209,36.0,0.5076,48.0,0.4116,17.0,,,0.4694,21.0,0.3426,4.0,0.0,1.0,0.382,7.0,,,0.4838,19.0
2013-03-06,0.4075,34.0,0.5089,48.0,0.4159,18.0,,,0.4123,15.0,0.344,4.0,0.0,1.0,0.3719,4.0,,,0.4885,20.0
2013-03-05,0.3978,33.0,0.4786,43.0,0.4232,19.0,,,0.4068,14.0,0.3428,4.0,0.0,1.0,0.4132,19.0,,,0.4809,19.0
2013-03-04,0.4003,34.0,0.4326,36.0,0.4106,17.0,,,0.4153,15.0,0.3444,5.0,0.0,1.0,0.3961,12.0,,,0.484,19.0
2013-03-01,0.4546,41.0,0.442,38.0,0.3785,12.0,,,0.3857,11.0,0.3471,5.0,0.0,1.0,0.39,10.0,,,0.4828,19.0
2013-02-28,0.36,27.0,0.3774,28.0,0.3612,7.0,,,0.3408,2.0,0.342,4.0,0.0,1.0,0.409,18.0,,,0.4743,18.0
2013-02-27,0.3469,25.0,0.3452,24.0,0.3458,3.0,,,0.3674,7.0,0.3414,4.0,0.0,1.0,0.4051,16.0,,,0.4806,19.0
2013-02-26,0.212,7.0,0.0,1.0,0.3448,3.0,,,0.3906,12.0,0.3471,5.0,0.0,1.0,0.3806,6.0,,,0.4824,19.0
2013-02-25,0.2109,7.0,0.0,1.0,0.3471,4.0,,,0.3982,13.0,0.3476,5.0,0.0,1.0,0.4111,19.0,,,0.4814,19.0
2013-02-22,0.229,9.0,0.0,1.0,0.3587,6.0,,,0.3495,3.0,0.3472,5.0,0.0,1.0,0.3777,5.0,,,0.4987,21.0
2013-02-21,0.1893,6.0,0.0,1.0,0.3414,3.0,,,0.3646,6.0,0.3463,5.0,0.0,1.0,0.3908,11.0,,,0.4816,19.0
2013-02-20,0.288,17.0,0.0,1.0,0.3405,3.0,,,0.358,4.0,0.3443,5.0,0.0,1.0,0.3836,7.0,,,0.4908,20.0
2013-02-19,0.3161,21.0,0.0,1.0,0.3343,2.0,,,0.361,5.0,0.3466,5.0,0.0,1.0,0.3949,12.0,,,0.5,21.0
2013-02-15,0.5484,51.0,0.5406,50.0,0.3373,2.0,,,0.3501,3.0,0.3466,5.0,0.0,1.0,0.409,18.0,,,0.4843,19.0
2013-02-14,0.548,51.0,0.5401,50.0,0.349,4.0,,,0.3645,6.0,0.347,5.0,0.0,1.0,0.3886,9.0,,,0.4944,20.0
2013-02-13,0.5746,54.0,0.5312,50.0,0.3436,3.0,,,0.3611,5.0,0.3466,5.0,0.0,1.0,0.3966,13.0,,,0.4991,21.0
2013-02-12,0.6346,59.0,0.5417,50.0,0.367,8.0,,,0.3817,10.0,0.3471,5.0,0.0,1.0,0.3784,6.0,,,0.4978,21.0
2013-02-11,0.569,53.0,0.4826,44.0,0.3797,12.0,,,0.4034,14.0,0.3417,4.0,0.0,1.0,0.3982,13.0,,,0.5134,23.0
2013-02-08,0.5676,53.0,0.4816,44.0,0.3681,9.0,,,0.3926,12.0,0.3417,4.0,0.0,1.0,0.4116,19.0,,,0.4869,19.0
2013-02-07,0.406,34.0,0.3329,23.0,0.8366,63.0,,,0.8546,64.0,0.3266,3.0,0.0,1.0,0.4283,23.0,,,0.5013,21.0
2013-02-06,0.4242,36.0,0.3309,22.0,0.7493,56.0,,,0.7532,56.0,0.3266,3.0,0.0,1.0,0.418,21.0,,,0.4897,20.0
2013-02-05,0.4446,39.0,0.3347,23.0,0.7539,57.0,,,0.7294,54.0,0.3267,3.0,0.0,1.0,0.4417,25.0,,,0.494,20.0
2013-02-04,0.4414,38.0,0.3289,22.0,0.7166,54.0,,,0.694,50.0,0.3258,3.0,0.0,1.0,0.4306,23.0,,,0.4775,19.0
2013-02-01,0.3987,33.0,0.3334,23.0,0.6156,45.0,,,0.6355,44.0,0.3218,2.0,0.0,1.0,0.4078,17.0,,,0.4919,20.0
2013-01-31,0.3809,30.0,0.3265,21.0,0.6195,46.0,,,0.6306,44.0,0.3213,2.0,0.0,1.0,0.4073,17.0,,,0.498,21.0
2013-01-30,0.3761,30.0,0.3156,20.0,0.601,43.0,,,0.6289,43.0,0.3212,2.0,0.0,1.0,0.4215,22.0,,,0.478,19.0
2013-01-29,0.1534,3.0,0.0,1.0,0.5843,41.0,,,0.6102,41.0,0.3154,1.0,0.0,1.0,0.3965,13.0,,,0.5042,22.0
2013-01-28,0.2573,13.0,0.0,1.0,0.5724,40.0,,,0.604,40.0,0.3163,1.0,0.0,1.0,0.3938,12.0,,,0.5116,23.0
2013-01-25,0.2565,13.0,0.0,1.0,0.5546,38.0,,,0.5776,37.0,0.3183,2.0,0.0,1.0,0.413,19.0,,,0.4956,21.0
2013-01-24,0.3074,19.0,0.0,1.0,0.5632,39.0,,,0.588,38.0,0.319,2.0,0.0,1.0,0.4249,22.0,,,0.4907,20.0
2013-01-23,0.2875,17.0,0.0,1.0,0.503,32.0,,,0.5196,31.0,0.3787,15.0,0.0,1.0,0.4037,16.0,,,0.5032,22.0
2013-01-22,0.2996,18.0,0.0,1.0,0.491,30.0,,,0.5263,32.0,0.3866,17.0,0.0,1.0,0.4019,15.0,,,0.5011,21.0
2013-01-18,0.3187,21.0,0.2468,14.0,0.4737,27.0,,,0.5154,30.0,0.3876,17.0,0.0,1.0,0.3911,11.0,,,0.5105,23.0
2013-01-17,0.2456,12.0,0.2173,13.0,0.4986,31.0,,,0.5458,35.0,0.3892,17.0,0.0,1.0,0.4072,17.0,,,0.5277,27.0
2013-01-16,0.2625,14.0,0.2486,14.0,0.5067,33.0,,,0.5426,34.0,0.3915,18.0,0.0,1.0,0.4452,26.0,,,0.5284,28.0
2013-01-15,0.2233,8.0,0.3159,20.0,0.5201,34.0,,,0.5511,35.0,0.3905,18.0,0.0,1.0,0.4237,22.0,,,0.5373,31.0
2013-01-14,0.246,12.0,0.3324,22.0,0.5199,34.0,,,0.5469,35.0,0.3905,18.0,0.0,1.0,0.4344,24.0,,,0.5237,26.0
2013-01-11,0.2415,11.0,0.3419,24.0,0.5023,32.0,,,0.5387,34.0,0.3904,17.0,0.0,1.0,0.4123,19.0,,,0.5277,27.0
2013-01-10,0.36,27.0,0.3722,28.0,0.368,9.0,,,0.5469,35.0,0.3906,18.0,0.0,1.0,0.4249,22.0,,,0.5412,31.0
2013-01-09,0.3639,28.0,0.0,1.0,0.5312,36.0,,,0.5651,37.0,0.3904,17.0,0.0,1.0,0.4383,25.0,,,0.5278,27.0
2013-01-08,0.3603,27.0,0.0,1.0,0.3833,13.0,,,0.5446,35.0,0.3903,17.0,0.0,1.0,0.4334,23.0,,,0.5312,28.0
2013-01-07,0.3108,20.0,0.0,1.0,0.5134,33.0,,,0.4279,17.0,0.3892,17.0,0.0,1.0,0.425,22.0,,,0.534,30.0
2013-01-04,0.3053,19.0,0.0,1.0,0.4948,30.0,,,0.4031,14.0,0.3915,18.0,0.0,1.0,0.426,22.0,,,0.5372,31.0
2013-01-03,0.3216,21.0,0.0,1.0,0.3528,5.0,,,0.513,30.0,0.391,18.0,0.0,1.0,0.4382,25.0,,,0.5288,28.0
2013-01-02,0.3201,21.0,0.0,1.0,0.3719,10.0,,,0.4052,14.0,0.3907,18.0,0.0,1.0,0.429,23.0,,,0.5374,31.0
2012-12-31,0.1011,2.0,0.0,1.0,0.4064,16.0,,,0.4281,17.0,0.385,16.0,0.0,1.0,0.4389,25.0,,,0.5415,31.0
2012-12-28,0.1014,2.0,0.0,1.0,0.3852,14.0,,,0.4085,14.0,0.3872,17.0,0.0,1.0,0.4358,24.0,,,0.5363,30.0
2012-12-27,0.1217,3.0,0.0,1.0,0.3954,16.0,,,0.4098,15.0,0.3872,17.0,0.0,1.0,0.4374,24.0,,,0.5496,33.0
2012-12-26,0.1572,3.0,0.0,1.0,0.3838,13.0,,,0.4069,14.0,0.3928,18.0,0.0,1.0,0.4458,26.0,,,0.5456,32.0
2012-12-24,0.2742,15.0,0.2746,16.0,0.3782,12.0,,,0.4032,14.0,0.3928,18.0,0.0,1.0,0.438,24.0,,,0.5468,32.0
2012-12-21,0.2733,15.0,0.2911,17.0,0.3755,11.0,,,0.3911,12.0,0.3927,18.0,0.0,1.0,0.4449,26.0,,,0.5466,32.0
2012-12-20,0.252,12.0,0.2966,17.0,0.3725,10.0,,,0.3985,13.0,0.417,22.0,0.0,1.0,0.4312,23.0,,,0.5482,33.0
2012-12-19,0.2492,12.0,0.2743,16.0,0.3681,9.0,,,0.4016,13.0,0.4218,23.0,0.0,1.0,0.4394,25.0,,,0.5448,32.0
2012-12-18,0.191,6.0,0.2848,17.0,0.3686,9.0,,,0.4005,13.0,0.4228,24.0,0.0,1.0,0.4306,23.0,,,0.5496,33.0
2012-12-17,0.1908,6.0,0.2887,17.0,0.3626,7.0,,,0.4019,13.0,0.4225,23.0,0.0,1.0,0.4213,21.0,,,0.5474,32.0
2012-12-14,0.2171,8.0,0.3417,24.0,0.3752,11.0,,,0.4048,14.0,0.42,23.0,0.0,1.0,0.4401,25.0,,,0.5489,33.0
2012-12-13,0.2412,11.0,0.3718,28.0,0.3793,12.0,,,0.4096,15.0,0.421,23.0,0.0,1.0,0.4385,25.0,,,0.5582,34.0
2012-12-12,0.3928,32.0,0.3811,28.0,0.3745,10.0,,,0.3686,7.0,0.4216,23.0,0.0,1.0,0.4526,28.0,,,0.5547,34.0
2012-12-11,0.3953,33.0,0.3724,28.0,0.3725,10.0,,,0.4091,15.0,0.4226,24.0,0.0,1.0,0.4359,24.0,,,0.5604,34.0
2012-12-10,0.3939,32.0,0.3804,28.0,0.3787,12.0,,,0.4177,16.0,0.4221,23.0,0.0,1.0,0.4478,27.0,,,0.5532,33.0
2012-12-07,0.3769,30.0,0.369,27.0,0.375,11.0,,,0.3769,9.0,0.4214,23.0,0.0,1.0,0.4565,28.0,,,0.5644,35.0
2012-12-06,0.3671,28.0,0.3645,26.0,0.3643,7.0,,,0.4171,16.0,0.4217,23.0,0.0,1.0,0.443,26.0,,,0.5629,35.0
2012-12-05,0.2261,9.0,0.305,19.0,0.4082,17.0,,,0.3857,11.0,0.4174,22.0,0.0,1.0,0.4544,28.0,,,0.5691,36.0
2012-12-04,0.2319,10.0,0.2865,17.0,0.4169,18.0,,,0.4067,14.0,0.4173,22.0,0.0,1.0,0.4695,32.0,,,0.5662,35.0
2012-12-03,0.2373,11.0,0.2718,15.0,0.3538,5.0,,,0.4215,16.0,0.4142,21.0,0.0,1.0,0.4565,28.0,,,0.5631,35.0
2012-11-30,0.2359,10.0,0.0,1.0,0.3414,3.0,,,0.4117,15.0,0.4187,22.0,0.0,1.0,0.451,28.0,,,0.5587,34.0
2012-11-29,0.2338,10.0,0.0,1.0,0.376,11.0,,,0.3774,9.0,0.4187,22.0,0.0,1.0,0.4496,27.0,,,0.5632,35.0
2012-11-28,0.2312,10.0,0.0,1.0,0.3804,12.0,,,0.4113,15.0,0.4248,24.0,0.0,1.0,0.4542,28.0,,,0.5676,35.0
2012-11-27,0.2321,10.0,0.0,1.0,0.3866,14.0,,,0.4,13.0,0.4249,25.0,0.0,1.0,0.4682,32.0,,,0.5725,36.0
2012-11-26,0.2385,11.0,0.0,1.0,0.4,16.0,,,0.4276,17.0,0.4249,25.0,0.0,1.0,0.4539,28.0,,,0.5811,37.0
2012-11-23,0.2102,7.0,0.0,1.0,0.3919,15.0,,,0.4222,16.0,0.4246,24.0,0.0,1.0,0.4389,25.0,,,0.5804,37.0
2012-11-21,0.1781,5.0,0.2423,13.0,0.3917,15.0,,,0.4292,17.0,0.4225,23.0,0.0,1.0,0.4512,28.0,,,0.5943,39.0
2012-11-20,0.1595,4.0,0.2653,15.0,0.386,14.0,,,0.4266,17.0,0.4223,23.0,0.0,1.0,0.4528,28.0,,,0.5918,39.0
2012-11-19,0.1608,4.0,0.2718,15.0,0.3845,14.0,,,0.4246,17.0,0.4226,24.0,0.0,1.0,0.4564,28.0,,,0.5949,40.0
2012-11-16,0.2366,10.0,0.3302,22.0,0.411,17.0,,,0.4497,19.0,0.4231,24.0,0.0,1.0,0.4564,28.0,,,0.5964,40.0
2012-11-15,0.2294,9.0,0.328,22.0,0.4147,18.0,,,0.443,18.0,0.4231,24.0,0.0,1.0,0.4579,30.0,,,0.5941,39.0
2012-11-14,0.3743,30.0,0.3382,23.0,0.4183,18.0,,,0.4463,19.0,0.4242,24.0,0.0,1.0,0.4629,31.0,,,0.5848,37.0
2012-11-13,0.3596,27.0,0.3353,23.0,0.4111,17.0,,,0.4529,20.0,0.434,27.0,0.0,1.0,0.457,30.0,,,0.5914,38.0
2012-11-12,0.4323,37.0,0.4605,41.0,0.4317,20.0,,,0.468,21.0,0.4349,27.0,0.0,1.0,0.4584,30.0,,,0.5937,39.0
2012-11-09,0.4419,38.0,0.4561,40.0,0.442,21.0,,,0.4805,23.0,0.4357,27.0,0.0,1.0,0.4659,32.0,,,0.5932,39.0
2012-11-08,0.4451,39.0,0.4538,40.0,0.4441,22.0,,,0.4734,22.0,0.4416,28.0,0.0,1.0,0.4661,32.0,,,0.5726,36.0
2012-11-07,0.383,31.0,0.0,1.0,0.4274,20.0,,,0.4748,22.0,0.4379,28.0,0.0,1.0,0.4515,28.0,,,0.5903,38.0
2012-11-06,0.3809,30.0,0.0,1.0,0.415,18.0,,,0.4608,20.0,0.441,28.0,0.0,1.0,0.4477,27.0,,,0.5941,39.0
2012-11-05,0.2883,17.0,0.0,1.0,0.4731,27.0,,,0.4962,26.0,0.4384,28.0,0.0,1.0,0.4594,30.0,,,0.5978,40.0
2012-11-02,0.301,19.0,0.0,1.0,0.4412,21.0,,,0.4648,21.0,0.4397,28.0,0.0,1.0,0.4533,28.0,,,0.5968,40.0
2012-11-01,0.0837,2.0,0.0,1.0,0.8138,61.0,,,0.773,57.0,0.438,28.0,0.0,1.0,0.4541,28.0,,,0.6002,41.0
2012-10-31,0.079,2.0,0.0,1.0,0.7388,56.0,,,0.77,57.0,0.4385,28.0,0.0,1.0,0.4493,27.0,,,0.6068,42.0
2012-10-26,0.4319,37.0,0.3661,27.0,0.6879,52.0,,,0.7233,53.0,0.4401,28.0,0.0,1.0,0.4396,25.0,,,0.6082,42.0
2012-10-25,0.451,40.0,0.3645,26.0,0.6553,49.0,,,0.6914,50.0,0.4401,28.0,0.0,1.0,0.4705,33.0,,,0.5758,36.0
2012-10-24,0.4573,41.0,0.3541,25.0,0.6479,48.0,,,0.6894,50.0,0.4402,28.0,0.0,1.0,0.4408,25.0,,,0.6034,41.0
2012-10-23,0.4581,41.0,0.314,20.0,0.6517,49.0,,,0.6925,50.0,0.4424,28.0,0.0,1.0,0.4464,26.0,,,0.6021,41.0
2012-10-22,0.4602,41.0,0.3016,18.0,0.6372,47.0,,,0.687,49.0,0.5005,39.0,0.0,1.0,0.4466,27.0,,,0.6057,41.0
2012-10-19,0.2542,13.0,0.2439,13.0,0.6012,43.0,,,0.637,45.0,0.4939,38.0,0.0,1.0,0.4526,28.0,,,0.6084,42.0
2012-10-18,0.2698,14.0,0.2574,14.0,0.6179,46.0,,,0.6465,46.0,0.4937,38.0,0.0,1.0,0.4486,27.0,,,0.6107,42.0
2012-10-17,0.2391,11.0,0.2306,13.0,0.601,43.0,,,0.6407,45.0,0.4929,38.0,0.0,1.0,0.444,26.0,,,0.6104,42.0
2012-10-16,0.2427,11.0,0.2729,16.0,0.584,41.0,,,0.6244,43.0,0.499,39.0,0.0,1.0,0.4433,26.0,,,0.6201,44.0
2012-10-15,0.2262,9.0,0.2721,16.0,0.6021,44.0,,,0.6392,45.0,0.4985,39.0,0.0,1.0,0.4473,27.0,,,0.6168,44.0
2012-10-12,0.237,10.0,0.281,16.0,0.5923,42.0,,,0.6283,43.0,0.4987,39.0,0.0,1.0,0.4693,32.0,,,0.6202,44.0
2012-10-11,0.2486,12.0,0.2825,16.0,0.5885,41.0,,,0.6437,45.0,0.4985,39.0,0.0,1.0,0.4725,33.0,,,0.6226,44.0
2012-10-10,0.261,13.0,0.3005,18.0,0.5921,42.0,,,0.6295,44.0,0.4982,39.0,0.0,1.0,0.4539,28.0,,,0.6124,43.0
2012-10-09,0.231,10.0,0.3015,18.0,0.4248,19.0,,,0.4257,17.0,0.5009,39.0,0.0,1.0,0.4436,26.0,,,0.6162,43.0
2012-10-08,0.1779,5.0,0.3346,23.0,0.569,39.0,,,0.436,18.0,0.5008,39.0,0.0,1.0,0.4378,24.0,,,0.6272,45.0
2012-10-05,0.1764,5.0,0.2978,18.0,0.4076,17.0,,,0.6039,40.0,0.5003,39.0,0.0,1.0,0.4531,28.0,,,0.6143,43.0
2012-10-04,0.2636,14.0,0.3177,21.0,0.4194,19.0,,,0.6165,42.0,0.5057,40.0,0.0,1.0,0.4492,27.0,,,0.6242,45.0
2012-10-03,0.4514,40.0,0.381,28.0,0.4212,19.0,,,0.5982,40.0,0.5053,40.0,0.0,1.0,0.4454,26.0,,,0.6269,45.0
2012-10-02,0.4544,41.0,0.3921,30.0,0.5693,39.0,,,0.4489,19.0,0.5087,41.0,0.0,1.0,0.4511,28.0,,,0.6243,45.0
2012-10-01,0.4225,36.0,0.3837,28.0,0.573,40.0,,,0.4794,23.0,0.509,41.0,0.0,1.0,0.4432,26.0,,,0.6323,46.0
2012-09-28,0.353,26.0,0.394,31.0,0.4569,24.0,,,0.4821,24.0,0.5081,41.0,0.0,1.0,0.4701,33.0,,,0.6318,46.0
2012-09-27,0.351,26.0,0.3682,27.0,0.4475,22.0,,,0.4845,24.0,0.5087,41.0,0.0,1.0,0.4474,27.0,,,0.6279,45.0
2012-09-26,0.3213,21.0,0.3757,28.0,0.4661,25.0,,,0.5055,28.0,0.5081,41.0,0.0,1.0,0.4625,31.0,,,0.6171,44.0
2012-09-25,0.3959,33.0,0.4196,34.0,0.4578,24.0,,,0.4905,25.0,0.5071,41.0,0.0,1.0,0.4687,32.0,,,0.6111,42.0
2012-09-24,0.4409,38.0,0.3932,31.0,0.4403,21.0,,,0.4726,22.0,0.5016,40.0,0.0,1.0,0.4603,30.0,,,0.6207,44.0
2012-09-21,0.5191,48.0,0.4386,37.0,0.4331,20.0,,,0.469,21.0,0.5009,39.0,0.0,1.0,0.4401,25.0,,,0.634,46.0
2012-09-20,0.5306,49.0,0.4699,42.0,0.4289,20.0,,,0.4841,24.0,0.5015,40.0,0.0,1.0,0.4521,28.0,,,0.6375,47.0
2012-09-19,0.5414,50.0,0.4845,44.0,0.4437,22.0,,,0.4967,27.0,0.4997,39.0,0.0,1.0,0.4347,24.0,,,0.6354,47.0
2012-09-18,0.5539,51.0,0.5003,46.0,0.4488,22.0,,,0.505,28.0,0.502,40.0,0.0,1.0,0.4428,26.0,,,0.6245,45.0
2012-09-17,0.5523,51.0,0.507,47.0,0.4574,24.0,,,0.5083,28.0,0.5019,40.0,0.0,1.0,0.448,27.0,,,0.6348,47.0
2012-09-14,0.4927,45.0,0.5051,47.0,0.4281,20.0,,,0.4739,22.0,0.4952,38.0,0.0,1.0,0.4661,32.0,,,0.5839,37.0
2012-09-13,0.4867,44.0,0.4944,46.0,0.4172,18.0,,,0.4422,18.0,0.4954,38.0,0.0,1.0,0.464,31.0,,,0.5796,37.0
2012-09-12,0.4595,41.0,0.4602,41.0,0.4598,25.0,,,0.5236,32.0,0.4932,38.0,0.0,1.0,0.4741,33.0,,,0.5878,38.0
2012-09-11,0.4107,35.0,0.0,1.0,0.5197,34.0,,,0.5302,33.0,0.4922,38.0,0.0,1.0,0.4634,31.0,,,0.5845,37.0
2012-09-10,0.393,32.0,0.0,1.0,0.4592,24.0,,,0.5266,32.0,0.4914,37.0,0.0,1.0,0.4726,33.0,,,0.5888,38.0
2012-09-07,0.4233,36.0,0.0,1.0,0.4519,23.0,,,0.4865,25.0,0.4929,38.0,0.0,1.0,0.4663,32.0,,,0.5884,38.0
2012-09-06,0.413,35.0,0.0,1.0,0.4354,21.0,,,0.4777,23.0,0.4937,38.0,0.0,1.0,0.4647,31.0,,,0.588,38.0
2012-09-05,0.2166,8.0,0.0,1.0,0.4979,31.0,,,0.5385,34.0,0.4864,36.0,0.0,1.0,0.4704,33.0,,,0.5953,40.0
2012-09-04,0.2023,7.0,0.0,1.0,0.4052,16.0,,,0.4742,22.0,0.4858,36.0,0.0,1.0,0.4639,31.0,,,0.614,43.0
2012-08-31,0.1804,5.0,0.334,23.0,0.3907,15.0,,,0.4763,23.0,0.4866,36.0,0.0,1.0,0.464,31.0,,,0.6157,43.0
2012-08-30,0.1717,5.0,0.3135,20.0,0.4123,17.0,,,0.4634,21.0,0.4897,37.0,0.0,1.0,0.4603,30.0,,,0.5966,40.0
2012-08-29,0.1787,5.0,0.3284,22.0,0.3996,16.0,,,0.4447,19.0,0.4886,37.0,0.0,1.0,0.4621,31.0,,,0.5956,40.0
2012-08-28,0.1733,5.0,0.334,23.0,0.3777,12.0,,,0.423,17.0,0.4886,37.0,0.0,1.0,0.4549,28.0,,,0.5977,40.0
2012-08-27,0.2532,12.0,0.3419,24.0,0.3835,13.0,,,0.4182,16.0,0.489,37.0,0.0,1.0,0.4649,31.0,,,0.597,40.0
2012-08-24,0.245,11.0,0.3072,19.0,0.367,8.0,,,0.4195,16.0,0.4978,38.0,0.0,1.0,0.4436,26.0,,,0.5916,39.0
2012-08-23,0.2422,11.0,0.308,19.0,0.362,7.0,,,0.4226,17.0,0.4978,38.0,0.0,1.0,0.45,27.0,,,0.6007,41.0
2012-08-22,0.2371,11.0,0.2778,16.0,0.3547,5.0,,,0.4089,14.0,0.498,39.0,0.0,1.0,0.4502,28.0,,,0.5956,40.0
2012-08-21,0.2125,8.0,0.2831,16.0,0.3332,2.0,,,0.408,14.0,0.4983,39.0,0.0,1.0,0.4469,27.0,,,0.5921,39.0
2012-08-20,0.2098,7.0,0.2591,14.0,0.3509,4.0,,,0.4212,16.0,0.498,39.0,0.0,1.0,0.4514,28.0,,,0.5909,38.0
2012-08-17,0.3,19.0,0.3166,20.0,0.3402,3.0,,,0.4179,16.0,0.4978,38.0,0.0,1.0,0.4431,26.0,,,0.6,41.0
2012-08-16,0.2857,17.0,0.3187,21.0,0.3662,8.0,,,0.4385,18.0,0.4972,38.0,0.0,1.0,0.4431,26.0,,,0.602,41.0
2012-08-15,0.316,20.0,0.3427,24.0,0.374,10.0,,,0.4505,19.0,0.4981,39.0,0.0,1.0,0.4456,26.0,,,0.6116,43.0
2012-08-14,0.3067,19.0,0.3494,25.0,0.39,14.0,,,0.4645,21.0,0.4984,39.0,0.0,1.0,0.4474,27.0,,,0.6272,45.0
2012-08-13,0.8273,72.0,0.4356,37.0,0.3894,14.0,,,0.4664,21.0,0.4986,39.0,0.0,1.0,0.439,25.0,,,0.6133,43.0
2012-08-10,0.9632,81.0,0.5173,48.0,0.3864,14.0,,,0.4684,21.0,0.5004,39.0,0.0,1.0,0.4361,24.0,,,0.6159,43.0
2012-08-09,0.9656,81.0,0.5245,49.0,0.3796,12.0,,,0.4646,21.0,0.5002,39.0,0.0,1.0,0.4316,23.0,,,0.6167,43.0
2012-08-08,0.9867,83.0,0.5014,46.0,0.3981,16.0,,,0.4795,23.0,0.499,39.0,0.0,1.0,0.4371,24.0,,,0.6278,45.0
2012-08-07,1.0482,86.0,0.502,46.0,0.4081,17.0,,,0.4927,26.0,0.5067,41.0,0.0,1.0,0.4471,27.0,,,0.6269,45.0
2012-08-06,1.0513,86.0,0.5374,50.0,0.4299,20.0,,,0.497,27.0,0.5096,41.0,0.0,1.0,0.4574,30.0,,,0.6301,46.0
2012-08-03,1.0618,86.0,0.585,54.0,0.4356,21.0,,,0.5191,31.0,0.5089,41.0,0.0,1.0,0.4726,33.0,,,0.6417,48.0
2012-08-02,0.4246,36.0,0.5271,49.0,1.0008,77.0,,,1.0347,80.0,0.4625,33.0,0.0,1.0,0.4921,36.0,,,0.6561,50.0
2012-08-01,0.3623,28.0,0.4474,39.0,0.8639,66.0,,,0.9164,71.0,0.4573,31.0,0.0,1.0,0.4944,37.0,,,0.6494,49.0
2012-07-31,0.3699,28.0,0.4522,40.0,0.8426,64.0,,,0.8794,67.0,0.4574,31.0,0.0,1.0,0.4759,34.0,,,0.6632,51.0
2012-07-30,0.369,28.0,0.4505,39.0,0.8229,62.0,,,0.8593,65.0,0.4899,37.0,0.0,1.0,0.489,36.0,,,0.6432,48.0
2012-07-27,0.2789,16.0,0.4247,35.0,0.7163,54.0,,,0.7707,57.0,0.4887,37.0,0.0,1.0,0.4825,35.0,,,0.6445,48.0
2012-07-26,0.1784,5.0,0.3806,28.0,0.7266,55.0,,,0.7707,57.0,0.4885,37.0,0.0,1.0,0.4695,32.0,,,0.6522,50.0
2012-07-25,0.2224,8.0,0.3385,23.0,0.6837,52.0,,,0.7381,55.0,0.4906,37.0,0.0,1.0,0.4836,35.0,,,0.6318,46.0
2012-07-24,0.2309,10.0,0.3715,28.0,0.6933,53.0,,,0.7339,54.0,0.4918,37.0,0.0,1.0,0.451,28.0,,,0.6636,52.0
2012-07-23,0.2231,8.0,0.3695,27.0,0.6959,53.0,,,0.7453,55.0,0.4926,38.0,0.0,1.0,0.484,35.0,,,0.6557,50.0
2012-07-20,0.2018,7.0,0.3749,28.0,0.6527,49.0,,,0.6955,50.0,0.4921,37.0,0.0,1.0,0.4395,25.0,,,0.6644,52.0
2012-07-19,0.2366,10.0,0.3793,28.0,0.6691,51.0,,,0.7153,53.0,0.4921,37.0,0.0,1.0,0.4687,32.0,,,0.6496,49.0
2012-07-18,0.2785,16.0,0.4154,33.0,0.6356,47.0,,,0.7202,53.0,0.4921,37.0,0.0,1.0,0.4633,31.0,,,0.6315,46.0
2012-07-17,0.2796,16.0,0.3998,32.0,0.6402,48.0,,,0.7156,53.0,0.4925,38.0,0.0,1.0,0.4504,28.0,,,0.6413,48.0
2012-07-16,0.3505,26.0,0.4029,32.0,0.6518,49.0,,,0.7222,53.0,0.4917,37.0,0.0,1.0,0.4481,27.0,,,0.6558,50.0
2012-07-13,0.3425,24.0,0.3769,28.0,0.6136,45.0,,,0.7062,52.0,0.4917,37.0,0.0,1.0,0.4529,28.0,,,0.6601,51.0
2012-07-12,0.3228,21.0,0.0,1.0,0.6226,46.0,,,0.7143,52.0,0.4914,37.0,0.0,1.0,0.4601,30.0,,,0.6624,51.0
2012-07-11,0.3342,23.0,0.0,1.0,0.6275,47.0,,,0.7181,53.0,0.492,37.0,0.0,1.0,0.4502,28.0,,,0.6497,49.0
2012-07-10,0.5893,55.0,0.0,1.0,0.638,48.0,,,0.5563,36.0,0.4925,38.0,0.0,1.0,0.4695,32.0,,,0.6332,46.0
2012-07-09,0.7191,65.0,0.0,1.0,0.5298,35.0,,,0.7373,54.0,0.4941,38.0,0.0,1.0,0.4419,26.0,,,0.655,50.0
2012-07-06,0.7134,65.0,0.0,1.0,0.5091,33.0,,,0.5436,35.0,0.4943,38.0,0.0,1.0,0.4735,33.0,,,0.6437,48.0
2012-07-05,0.6906,63.0,0.0,1.0,0.5874,41.0,,,0.5561,36.0,0.4904,37.0,0.0,1.0,0.4506,28.0,,,0.6436,48.0
2012-07-03,0.7117,65.0,0.6325,59.0,0.4862,28.0,,,0.5504,35.0,0.4939,38.0,0.0,1.0,0.4514,28.0,,,0.6383,47.0
2012-07-02,0.7252,65.0,0.6352,60.0,0.4799,28.0,,,0.5466,35.0,0.5029,40.0,0.0,1.0,0.4407,25.0,,,0.6617,51.0
2012-06-29,0.4168,35.0,0.486,45.0,0.5182,34.0,,,0.4786,23.0,0.4877,36.0,0.0,1.0,0.4291,23.0,,,0.6437,48.0
2012-06-28,0.2816,16.0,0.4767,43.0,0.5506,38.0,,,0.512,30.0,0.4857,36.0,0.0,1.0,0.4553,28.0,,,0.6495,49.0
2012-06-27,0.2612,13.0,0.4349,37.0,0.3959,16.0,,,0.5018,28.0,0.4848,36.0,0.0,1.0,0.4394,25.0,,,0.6427,48.0
2012-06-26,0.2823,16.0,0.444,38.0,0.3977,16.0,,,0.5059,28.0,0.4852,36.0,0.0,1.0,0.4554,28.0,,,0.635,47.0
2012-06-25,0.2614,14.0,0.3938,31.0,0.3949,15.0,,,0.5407,34.0,0.485,36.0,0.0,1.0,0.4536,28.0,,,0.6476,49.0
2012-06-22,0.2288,9.0,0.328,22.0,0.3928,15.0,,,0.4949,26.0,0.4842,36.0,0.0,1.0,0.4418,26.0,,,0.6465,49.0
2012-06-21,0.2154,8.0,0.3432,24.0,0.3906,15.0,,,0.514,30.0,0.4837,36.0,0.0,1.0,0.4662,32.0,,,0.644,48.0
2012-06-20,0.2885,17.0,0.374,28.0,0.3941,15.0,,,0.5113,30.0,0.4824,35.0,0.0,1.0,0.4398,25.0,,,0.65,49.0
2012-06-19,0.2728,15.0,0.5285,49.0,0.3437,3.0,,,0.5371,34.0,0.4824,35.0,0.0,1.0,0.434,24.0,,,0.6616,51.0
2012-06-18,0.3689,28.0,0.58,54.0,0.3653,8.0,,,0.5546,36.0,0.4841,36.0,0.0,1.0,0.4265,22.0,,,0.6666,52.0
2012-06-15,0.3861,31.0,0.5776,54.0,0.4166,18.0,,,0.6214,43.0,0.4835,35.0,0.0,1.0,0.4303,23.0,,,0.6703,52.0
2012-06-14,0.3824,31.0,0.58,54.0,0.425,19.0,,,0.6284,43.0,0.4835,35.0,0.0,1.0,0.4362,24.0,,,0.6589,51.0
2012-06-13,0.3969,33.0,0.5979,56.0,0.4259,19.0,,,0.6314,44.0,0.4843,36.0,0.0,1.0,0.4356,24.0,,,0.659,51.0
2012-06-12,0.3627,28.0,0.6119,57.0,0.4245,19.0,,,0.639,45.0,0.4857,36.0,0.0,1.0,0.435,24.0,,,0.6635,52.0
2012-06-11,0.3208,21.0,0.622,57.0,0.4899,30.0,,,0.6732,48.0,0.4863,36.0,0.0,1.0,0.4476,27.0,,,0.6391,47.0
2012-06-08,0.3234,22.0,0.5556,52.0,0.4476,22.0,,,0.631,44.0,0.5132,41.0,0.0,1.0,0.4596,30.0,,,0.6582,50.0
2012-06-07,0.1426,3.0,0.6787,64.0,0.5087,33.0,,,0.6393,45.0,0.5081,41.0,0.0,1.0,0.4737,33.0,,,0.6399,48.0
2012-06-06,0.1622,4.0,0.6992,66.0,0.503,32.0,,,0.6161,42.0,0.5105,41.0,0.0,1.0,0.4813,35.0,,,0.6394,48.0
2012-06-05,0.1657,4.0,0.0,1.0,0.5832,41.0,,,0.6491,46.0,0.5109,41.0,0.0,1.0,0.5064,39.0,,,0.6252,45.0
2012-06-04,0.1645,4.0,0.0,1.0,0.5459,37.0,,,0.6543,47.0,0.5112,41.0,0.0,1.0,0.5221,43.0,,,0.6229,44.0
2012-06-01,0.4826,44.0,0.0,1.0,0.5901,41.0,,,0.6378,45.0,0.5142,41.0,0.0,1.0,0.4942,36.0,,,0.6233,44.0
2012-05-31,0.5002,46.0,0.0,1.0,0.5789,40.0,,,0.6208,42.0,0.5143,41.0,0.0,1.0,0.4899,36.0,,,0.6161,43.0
2012-05-30,0.5106,47.0,0.0,1.0,0.6047,44.0,,,0.634,44.0,0.5146,41.0,0.0,1.0,0.5238,43.0,,,0.6173,44.0
2012-05-29,0.5907,55.0,0.0,1.0,0.487,28.0,,,0.5453,35.0,0.5182,41.0,0.0,1.0,0.4902,36.0,,,0.6083,42.0
2012-05-25,0.6483,60.0,0.5238,49.0,0.4796,28.0,,,0.5367,34.0,0.5187,41.0,0.0,1.0,0.5027,38.0,,,0.5948,39.0
2012-05-24,0.6365,59.0,0.5092,48.0,0.5051,32.0,,,0.5429,34.0,0.5289,42.0,0.0,1.0,0.5017,38.0,,,0.5924,39.0
2012-05-23,0.4826,44.0,0.4285,35.0,0.4718,26.0,,,0.4789,23.0,0.52,42.0,0.0,1.0,0.504,38.0,,,0.5984,40.0
2012-05-22,0.5183,48.0,0.4559,40.0,0.457,24.0,,,0.4906,25.0,0.5204,42.0,0.0,1.0,0.5065,39.0,,,0.5779,37.0
2012-05-21,0.5279,48.0,0.4385,37.0,0.4563,24.0,,,0.5013,27.0,0.5339,43.0,0.0,1.0,0.5024,38.0,,,0.5984,40.0
2012-05-18,0.428,37.0,0.4034,32.0,0.4946,30.0,,,0.5277,33.0,0.5288,42.0,0.0,1.0,0.5082,39.0,,,0.5861,38.0
2012-05-17,0.4315,37.0,0.3965,31.0,0.4894,28.0,,,0.5235,32.0,0.5285,42.0,0.0,1.0,0.5195,42.0,,,0.5622,35.0
2012-05-16,0.354,26.0,0.3576,26.0,0.4671,25.0,,,0.5057,28.0,0.5292,42.0,0.0,1.0,0.5109,40.0,,,0.5746,36.0
2012-05-15,0.3505,26.0,0.3493,25.0,0.4811,28.0,,,0.5033,28.0,0.5289,42.0,0.0,1.0,0.5059,39.0,,,0.5621,35.0
2012-05-14,0.2878,17.0,0.3429,24.0,0.4699,26.0,,,0.511,30.0,0.5279,42.0,0.0,1.0,0.4886,36.0,,,0.5904,38.0
2012-05-11,0.2962,18.0,0.3096,20.0,0.462,25.0,,,0.4905,25.0,0.5281,42.0,0.0,1.0,0.513,40.0,,,0.5531,33.0
2012-05-10,1.0306,85.0,0.3506,25.0,0.4691,26.0,,,0.5104,30.0,0.5312,43.0,0.0,1.0,0.5006,38.0,,,0.5801,37.0
2012-05-09,0.9866,83.0,0.3868,30.0,0.4787,28.0,,,0.5282,33.0,0.5304,43.0,0.0,1.0,0.5141,41.0,,,0.576,36.0
2012-05-08,0.9625,81.0,0.3798,28.0,0.4701,26.0,,,0.5306,33.0,0.5303,43.0,0.0,1.0,0.5016,38.0,,,0.5767,36.0
2012-05-07,0.9938,83.0,0.3864,30.0,0.4945,30.0,,,0.4928,26.0,0.5304,43.0,0.0,1.0,0.5021,38.0,,,0.5788,37.0
2012-05-04,1.1033,88.0,0.4779,43.0,0.4986,31.0,,,0.4944,26.0,0.5305,43.0,0.0,1.0,0.5119,40.0,,,0.5723,36.0
2012-05-03,1.0929,88.0,0.4691,42.0,0.4696,26.0,,,0.4846,24.0,0.5305,43.0,0.0,1.0,0.5159,41.0,,,0.5571,34.0
2012-05-02,1.106,88.0,0.4479,39.0,0.4463,22.0,,,0.4754,22.0,0.5288,42.0,0.0,1.0,0.5011,38.0,,,0.5771,37.0
2012-05-01,0.4012,34.0,0.4082,32.0,0.7939,60.0,,,0.7996,59.0,0.4767,35.0,0.0,1.0,0.5199,42.0,,,0.5687,35.0
2012-04-30,0.3444,25.0,0.3652,27.0,0.7528,57.0,,,0.753,56.0,0.4791,35.0,0.0,1.0,0.4999,38.0,,,0.5767,36.0
2012-04-27,0.3707,28.0,0.3693,27.0,0.7271,55.0,,,0.7548,56.0,0.4794,35.0,0.0,1.0,0.4801,34.0,,,0.5758,36.0
2012-04-26,0.4141,35.0,0.3598,26.0,0.7296,55.0,,,0.7349,54.0,0.4818,35.0,0.0,1.0,0.5088,40.0,,,0.5785,37.0
2012-04-25,0.2764,15.0,0.2427,13.0,0.6817,52.0,,,0.6964,51.0,0.4748,34.0,0.0,1.0,0.5052,39.0,,,0.5696,36.0
2012-04-24,0.4438,39.0,0.3092,19.0,0.6847,52.0,,,0.705,52.0,0.4908,37.0,0.0,1.0,0.5312,44.0,,,0.6035,41.0
2012-04-23,0.4352,37.0,0.3171,21.0,0.6944,53.0,,,0.7024,51.0,0.5193,41.0,0.0,1.0,0.5221,43.0,,,0.6028,41.0
2012-04-20,0.5217,48.0,0.3809,28.0,0.6921,52.0,,,0.7058,52.0,0.5198,42.0,0.0,1.0,0.5249,43.0,,,0.599,40.0
2012-04-19,0.5331,49.0,0.3908,30.0,0.6766,51.0,,,0.6982,51.0,0.5272,42.0,0.0,1.0,0.5285,44.0,,,0.5985,40.0
2012-04-18,0.4845,44.0,0.3912,30.0,0.6696,51.0,,,0.69,50.0,0.5238,42.0,0.0,1.0,0.537,45.0,,,0.5861,38.0
2012-04-17,0.4895,45.0,0.391,30.0,0.678,52.0,,,0.707,52.0,0.524,42.0,0.0,1.0,0.5458,47.0,,,0.5809,37.0
2012-04-16,0.4847,44.0,0.0,1.0,0.7077,54.0,,,0.7159,53.0,0.5313,43.0,0.0,1.0,0.5732,50.0,,,0.5746,36.0
2012-04-13,0.3497,25.0,0.0,1.0,0.6707,51.0,,,0.6853,49.0,0.5268,42.0,0.0,1.0,0.517,41.0,,,0.5933,39.0
2012-04-12,0.3442,25.0,0.0,1.0,0.5122,33.0,,,0.6926,50.0,0.5321,43.0,0.0,1.0,0.516,41.0,,,0.624,45.0
2012-04-11,0.2391,11.0,0.0,1.0,0.67,51.0,,,0.541,34.0,0.5288,42.0,0.0,1.0,0.5318,44.0,,,0.612,43.0
2012-04-10,0.2118,7.0,0.0,1.0,0.5306,36.0,,,0.6734,48.0,0.5296,43.0,0.0,1.0,0.5443,47.0,,,0.5942,39.0
2012-04-09,0.2025,7.0,0.0,1.0,0.5415,37.0,,,0.673,48.0,0.5295,42.0,0.0,1.0,0.5411,46.0,,,0.5875,38.0
2012-04-05,0.2631,14.0,0.3842,28.0,0.6306,47.0,,,0.5099,30.0,0.5297,43.0,0.0,1.0,0.5226,43.0,,,0.6132,43.0
2012-04-04,0.2745,15.0,0.4014,32.0,0.5131,33.0,,,0.5296,33.0,0.5299,43.0,0.0,1.0,0.5036,38.0,,,0.6119,43.0
2012-04-03,0.3396,24.0,0.3883,30.0,0.502,32.0,,,0.5092,28.0,0.5319,43.0,0.0,1.0,0.5357,45.0,,,0.6043,41.0
2012-04-02,0.3232,21.0,0.3341,23.0,0.5106,33.0,,,0.6287,43.0,0.5336,43.0,0.0,1.0,0.527,44.0,,,0.6248,45.0
2012-03-30,0.3152,20.0,0.3487,25.0,0.5055,32.0,,,0.5072,28.0,0.5365,43.0,0.0,1.0,0.5225,43.0,,,0.5903,38.0
2012-03-29,0.3587,27.0,0.3569,26.0,0.5172,34.0,,,0.5211,32.0,0.5365,43.0,0.0,1.0,0.5493,47.0,,,0.5941,39.0
2012-03-28,0.3504,25.0,0.3549,26.0,0.5013,31.0,,,0.5161,30.0,0.539,43.0,0.0,1.0,0.5539,47.0,,,0.6129,43.0
2012-03-27,0.3605,27.0,0.3604,26.0,0.5143,34.0,,,0.5204,31.0,0.5463,44.0,0.0,1.0,0.5633,49.0,,,0.5993,41.0
2012-03-26,0.3719,28.0,0.3301,22.0,0.4955,30.0,,,0.5088,28.0,0.5545,44.0,0.0,1.0,0.5087,39.0,,,0.6089,42.0
2012-03-23,0.3252,22.0,0.3339,23.0,0.499,31.0,,,0.5098,28.0,0.5535,44.0,0.0,1.0,0.527,44.0,,,0.5948,39.0
2012-03-22,0.3324,23.0,0.3387,23.0,0.5142,34.0,,,0.5247,32.0,0.5562,44.0,0.0,1.0,0.5588,48.0,,,0.6063,41.0
2012-03-21,0.3344,23.0,0.3473,25.0,0.5059,32.0,,,0.5335,33.0,0.5588,44.0,0.0,1.0,0.5275,44.0,,,0.6373,47.0
2012-03-20,0.341,24.0,0.3846,28.0,0.5023,32.0,,,0.5041,28.0,0.5583,44.0,0.0,1.0,0.5456,47.0,,,0.6247,45.0
2012-03-19,0.3094,20.0,0.3859,30.0,0.4921,30.0,,,0.5069,28.0,0.5646,44.0,0.0,1.0,0.5122,40.0,,,0.6204,44.0
2012-03-16,0.2647,14.0,0.3858,30.0,0.4984,31.0,,,0.5099,30.0,0.5641,44.0,0.0,1.0,0.5372,45.0,,,0.608,42.0
2012-03-15,0.2666,14.0,0.3986,32.0,0.5007,31.0,,,0.5234,32.0,0.5665,44.0,0.0,1.0,0.5294,44.0,,,0.6085,42.0
2012-03-14,0.4189,36.0,0.4588,41.0,0.505,32.0,,,0.5235,32.0,0.5814,45.0,0.0,1.0,0.5376,45.0,,,0.6131,43.0
2012-03-13,0.4263,37.0,0.4624,42.0,0.4873,28.0,,,0.5196,31.0,0.5981,45.0,0.0,1.0,0.4995,37.0,,,0.635,47.0
2012-03-12,0.3912,32.0,0.4659,42.0,0.5284,35.0,,,0.5562,36.0,0.5994,45.0,0.0,1.0,0.5619,49.0,,,0.6102,42.0
2012-03-09,0.3695,28.0,0.4511,39.0,0.5409,37.0,,,0.53,33.0,0.6001,45.0,0.0,1.0,0.5476,47.0,,,0.6235,45.0
2012-03-08,0.4068,34.0,0.4579,41.0,0.5444,37.0,,,0.5347,33.0,0.6014,45.0,0.0,1.0,0.5253,43.0,,,0.6344,46.0
2012-03-07,0.3959,33.0,0.4826,44.0,0.5694,39.0,,,0.5793,38.0,0.605,46.0,0.0,1.0,0.5421,46.0,,,0.6268,45.0
2012-03-06,0.3974,33.0,0.4856,45.0,0.5951,42.0,,,0.6129,41.0,0.605,46.0,0.0,1.0,0.5744,50.0,,,0.6054,41.0
2012-03-05,0.2524,12.0,0.4208,34.0,0.5648,39.0,,,0.5973,40.0,0.5986,45.0,0.0,1.0,0.5368,45.0,,,0.6194,44.0
2012-03-02,0.2683,14.0,0.4155,33.0,0.5155,34.0,,,0.5141,30.0,0.6014,45.0,0.0,1.0,0.5732,50.0,,,0.5932,39.0
2012-03-01,0.2592,13.0,0.3951,31.0,0.5188,34.0,,,0.4891,25.0,0.6027,45.0,0.0,1.0,0.5176,42.0,,,0.6328,46.0
2012-02-29,0.306,19.0,0.3875,30.0,0.4948,30.0,,,0.5085,28.0,0.6047,45.0,0.0,1.0,0.5193,42.0,,,0.5959,40.0
2012-02-28,0.2981,18.0,0.0,1.0,0.4991,31.0,,,0.5161,30.0,0.6167,47.0,0.0,1.0,0.5319,44.0,,,0.6179,44.0
2012-02-27,0.3574,27.0,0.0,1.0,0.5026,32.0,,,0.5096,28.0,0.6221,47.0,0.0,1.0,0.5309,44.0,,,0.6117,43.0
2012-02-24,0.5264,48.0,0.0,1.0,0.4535,23.0,,,0.4744,22.0,0.6232,47.0,0.0,1.0,0.5204,42.0,,,0.6029,41.0
2012-02-23,0.5777,54.0,0.0,1.0,0.4748,27.0,,,0.496,26.0,0.6224,47.0,0.0,1.0,0.5133,40.0,,,0.614,43.0
2012-02-22,0.5781,54.0,0.0,1.0,0.4565,24.0,,,0.4832,24.0,0.6223,47.0,0.0,1.0,0.5076,39.0,,,0.6323,46.0
2012-02-21,0.5809,54.0,0.0,1.0,0.4613,25.0,,,0.4857,25.0,0.6252,48.0,0.0,1.0,0.5259,43.0,,,0.6078,42.0
2012-02-17,0.5531,51.0,0.5467,51.0,0.4565,24.0,,,0.4967,27.0,0.6273,48.0,0.0,1.0,0.5371,45.0,,,0.6019,41.0
2012-02-16,0.9638,81.0,0.6964,66.0,0.4783,28.0,,,0.5351,33.0,0.6273,48.0,0.0,1.0,0.5099,40.0,,,0.6431,48.0
2012-02-15,0.8729,75.0,0.6739,63.0,0.5257,35.0,,,0.5513,35.0,0.6273,48.0,0.0,1.0,0.5261,43.0,,,0.6213,44.0
2012-02-14,0.7811,70.0,0.6549,62.0,0.5293,35.0,,,0.5631,36.0,0.6236,47.0,0.0,1.0,0.5424,46.0,,,0.6282,46.0
2012-02-13,0.8328,73.0,0.7087,66.0,0.531,36.0,,,0.5703,37.0,0.6241,47.0,0.0,1.0,0.524,43.0,,,0.6274,45.0
2012-02-10,0.8636,75.0,0.7501,70.0,0.5263,35.0,,,0.5389,34.0,0.6298,48.0,0.0,1.0,0.5257,43.0,,,0.6312,46.0
2012-02-09,0.8949,77.0,0.7577,70.0,0.4839,28.0,,,0.554,36.0,0.63,48.0,0.0,1.0,0.517,41.0,,,0.636,47.0
2012-02-08,0.8963,77.0,0.7493,69.0,0.5386,36.0,,,0.5515,35.0,0.6298,48.0,0.0,1.0,0.5526,47.0,,,0.6231,44.0
2012-02-07,0.3761,30.0,0.5941,55.0,1.0595,81.0,,,1.1176,86.0,0.616,47.0,0.0,1.0,0.5341,45.0,,,0.6632,51.0
2012-02-06,0.3583,27.0,0.5179,48.0,1.0444,80.0,,,1.1246,86.0,0.6197,47.0,0.0,1.0,0.5513,47.0,,,0.6394,48.0
2012-02-03,0.1943,6.0,0.4866,45.0,0.8657,66.0,,,0.9092,70.0,0.6186,47.0,0.0,1.0,0.5052,39.0,,,0.6636,52.0
2012-02-02,0.1533,3.0,0.4119,33.0,0.8195,61.0,,,0.8428,63.0,0.6183,47.0,0.0,1.0,0.5253,43.0,,,0.6509,49.0
2012-02-01,0.1373,3.0,0.3629,26.0,0.7627,57.0,,,0.8268,61.0,0.6174,47.0,0.0,1.0,0.5146,41.0,,,0.6518,50.0
2012-01-31,0.1044,2.0,0.3625,26.0,0.7853,59.0,,,0.839,63.0,0.6167,47.0,0.0,1.0,0.5147,41.0,,,0.6501,49.0
2012-01-30,0.1784,5.0,0.3469,25.0,0.7936,60.0,,,0.8436,63.0,0.6251,48.0,0.0,1.0,0.507,39.0,,,0.6544,50.0
2012-01-27,0.2543,13.0,0.3925,30.0,0.7892,59.0,,,0.8351,62.0,0.6286,48.0,0.0,1.0,0.511,40.0,,,0.6541,50.0
2012-01-26,0.3376,23.0,0.4233,35.0,0.7738,57.0,,,0.854,64.0,0.6368,49.0,0.0,1.0,0.515,41.0,,,0.6625,51.0
2012-01-25,0.3376,23.0,0.434,36.0,0.7836,59.0,,,0.8719,67.0,0.6367,49.0,0.0,1.0,0.5069,39.0,,,0.6678,52.0
2012-01-24,0.3214,21.0,0.0,1.0,0.6761,51.0,,,0.7417,55.0,0.6416,50.0,0.0,1.0,0.5164,41.0,,,0.6584,50.0
2012-01-23,0.4097,35.0,0.0,1.0,0.6757,51.0,,,0.7538,56.0,0.6462,50.0,0.0,1.0,0.5148,41.0,,,0.6549,50.0
2012-01-20,0.4159,35.0,0.0,1.0,0.6889,52.0,,,0.748,56.0,0.6465,50.0,0.0,1.0,0.5151,41.0,,,0.6621,51.0
2012-01-19,0.5365,50.0,0.0,1.0,0.6934,53.0,,,0.7521,56.0,0.6462,50.0,0.0,1.0,0.539,46.0,,,0.6361,47.0
2012-01-18,0.4852,44.0,0.0,1.0,0.6696,51.0,,,0.7629,57.0,0.6463,50.0,0.0,1.0,0.5073,39.0,,,0.6486,49.0
2012-01-17,0.4825,44.0,0.0,1.0,0.6682,51.0,,,0.7509,56.0,0.6442,50.0,0.0,1.0,0.5324,44.0,,,0.6473,49.0
2012-01-13,0.4659,42.0,0.6263,59.0,0.5308,36.0,,,0.7284,54.0,0.6457,50.0,0.0,1.0,0.5111,40.0,,,0.6612,51.0
2012-01-12,0.4591,41.0,0.5787,54.0,0.6887,52.0,,,0.5454,35.0,0.6429,50.0,0.0,1.0,0.5232,43.0,,,0.652,50.0
2012-01-11,0.4415,38.0,0.6031,57.0,0.6584,49.0,,,0.5739,37.0,0.6432,50.0,0.0,1.0,0.5199,42.0,,,0.676,53.0
2012-01-10,0.3368,23.0,0.0,1.0,0.6619,50.0,,,0.6115,41.0,0.6381,49.0,0.0,1.0,0.5169,41.0,,,0.6733,53.0
2012-01-09,0.2457,12.0,0.0,1.0,0.5998,43.0,,,0.6152,42.0,0.634,49.0,0.0,1.0,0.5263,44.0,,,0.6722,52.0
2012-01-06,0.1706,4.0,0.0,1.0,0.5578,39.0,,,0.7515,56.0,0.6322,49.0,0.0,1.0,0.5422,46.0,,,0.6923,54.0
2012-01-05,0.2013,7.0,0.0,1.0,0.5738,40.0,,,0.6404,45.0,0.6321,49.0,0.0,1.0,0.5329,45.0,,,0.6845,54.0
2012-01-04,0.196,6.0,0.0,1.0,0.5994,43.0,,,0.6565,47.0,0.6353,49.0,0.0,1.0,0.5346,45.0,,,0.7045,56.0
2012-01-03,0.1571,3.0,0.0,1.0,0.6083,45.0,,,0.6843,49.0,0.639,49.0,0.0,1.0,0.5381,46.0,,,0.6971,55.0
2011-12-30,0.1924,6.0,0.0,1.0,0.596,42.0,,,0.6593,47.0,0.6409,49.0,0.0,1.0,0.5438,46.0,,,0.6619,51.0
2011-12-29,0.266,14.0,0.0,1.0,0.5951,42.0,,,0.6585,47.0,0.6426,50.0,0.0,1.0,0.5379,45.0,,,0.6874,54.0
2011-12-28,0.8505,74.0,0.0,1.0,0.617,45.0,,,0.6868,49.0,0.6427,50.0,0.0,1.0,0.5681,49.0,,,0.6633,52.0
2011-12-27,0.8314,73.0,0.0,1.0,0.6272,47.0,,,0.7026,51.0,0.6419,50.0,0.0,1.0,0.5367,45.0,,,0.6769,53.0
2011-12-23,0.8535,74.0,0.6382,60.0,0.5925,42.0,,,0.6754,49.0,0.6543,51.0,0.0,1.0,0.5558,48.0,,,0.6642,52.0
2011-12-22,0.829,73.0,0.6535,62.0,0.5966,42.0,,,0.6867,49.0,0.6541,51.0,0.0,1.0,0.5299,44.0,,,0.6679,52.0
2011-12-21,0.7838,70.0,0.6896,65.0,0.6508,49.0,,,0.7133,52.0,0.6533,51.0,0.0,1.0,0.5772,50.0,,,0.6558,50.0
2011-12-20,0.6298,59.0,0.6233,57.0,0.5306,36.0,,,0.6516,46.0,0.6507,51.0,0.0,1.0,0.4972,37.0,,,0.6983,55.0
2011-12-19,0.3115,20.0,0.5194,48.0,0.5391,36.0,,,0.6206,42.0,0.6277,48.0,0.0,1.0,0.5546,48.0,,,0.6586,51.0
2011-12-16,0.4619,42.0,0.5499,51.0,0.547,37.0,,,0.6341,44.0,0.6331,49.0,0.0,1.0,0.5271,44.0,,,0.6595,51.0
2011-12-15,0.4355,37.0,0.5334,50.0,0.5402,37.0,,,0.6171,42.0,0.6308,49.0,0.0,1.0,0.5552,48.0,,,0.6934,54.0
2011-12-14,0.442,38.0,0.5127,48.0,0.5177,34.0,,,0.5897,39.0,0.6306,48.0,0.0,1.0,0.5343,45.0,,,0.6789,53.0
2011-12-13,0.6507,60.0,0.566,53.0,0.5188,34.0,,,0.6784,49.0,0.6304,48.0,0.0,1.0,0.5558,48.0,,,0.6379,47.0
2011-12-12,0.5979,56.0,0.4914,45.0,0.5293,35.0,,,0.6122,41.0,0.6281,48.0,0.0,1.0,0.5405,46.0,,,0.6708,52.0
2011-12-09,0.6162,57.0,0.5374,50.0,0.5357,36.0,,,0.6105,41.0,0.6309,49.0,0.0,1.0,0.5686,49.0,,,0.6625,51.0
2011-12-08,0.7863,70.0,0.5717,53.0,0.5418,37.0,,,0.6077,41.0,0.6308,49.0,0.0,1.0,0.5598,49.0,,,0.6603,51.0
2011-12-07,0.6825,63.0,0.5748,53.0,0.5332,36.0,,,0.5867,38.0,0.6306,48.0,0.0,1.0,0.528,44.0,,,0.6297,46.0
2011-12-06,0.6593,61.0,0.6021,56.0,0.5086,33.0,,,0.5791,38.0,0.631,49.0,0.0,1.0,0.545,47.0,,,0.6615,51.0
2011-12-05,0.7207,65.0,0.6125,57.0,0.5954,42.0,,,0.5973,40.0,0.6306,48.0,0.0,1.0,0.5243,43.0,,,0.6566,50.0
2011-12-02,0.6141,57.0,0.0,1.0,0.5419,37.0,,,0.5713,37.0,0.6214,47.0,0.0,1.0,0.5709,50.0,,,0.6445,48.0
2011-12-01,0.6225,57.0,0.0,1.0,0.572,40.0,,,0.6218,43.0,0.6215,47.0,0.0,1.0,0.5766,50.0,,,0.654,50.0
2011-11-30,0.6695,62.0,0.0,1.0,0.5331,36.0,,,0.5911,39.0,0.621,47.0,0.0,1.0,0.4902,36.0,,,0.7104,56.0
2011-11-29,0.3331,23.0,0.0,1.0,0.6015,44.0,,,0.6303,44.0,0.6087,46.0,0.0,1.0,0.563,49.0,,,0.6462,49.0
2011-11-28,0.312,20.0,0.0,1.0,0.4872,28.0,,,0.5887,39.0,0.6086,46.0,0.0,1.0,0.5649,49.0,,,0.656,50.0
2011-11-25,0.2855,17.0,0.0,1.0,0.5535,38.0,,,0.6187,42.0,0.6085,46.0,0.0,1.0,0.5746,50.0,,,0.6846,54.0
2011-11-23,0.234,10.0,0.5709,53.0,0.534,36.0,,,0.5372,34.0,0.6099,46.0,0.0,1.0,0.5435,46.0,,,0.6919,54.0
2011-11-22,0.2944,18.0,0.5754,54.0,0.5105,33.0,,,0.5415,34.0,0.6119,46.0,0.0,1.0,0.572,50.0,,,0.6269,45.0
2011-11-21,0.2612,13.0,0.5217,49.0,0.4893,28.0,,,0.5367,34.0,0.6147,46.0,0.0,1.0,0.552,47.0,,,0.6634,52.0
2011-11-18,0.1995,7.0,0.5035,47.0,0.4561,23.0,,,0.5383,34.0,0.6127,46.0,0.0,1.0,0.5797,50.0,,,0.6373,47.0
2011-11-17,0.2734,15.0,0.4534,40.0,0.5312,36.0,,,0.5897,39.0,0.6128,46.0,0.0,1.0,0.5557,48.0,,,0.6765,53.0
2011-11-16,0.3173,21.0,0.4426,38.0,0.5482,38.0,,,0.6111,41.0,0.6129,46.0,0.0,1.0,0.5398,46.0,,,0.6763,53.0
2011-11-15,0.3542,26.0,0.463,42.0,0.5484,38.0,,,0.6138,42.0,0.6144,46.0,0.0,1.0,0.5307,44.0,,,0.6789,53.0
2011-11-14,0.3677,28.0,0.514,48.0,0.5521,38.0,,,0.6158,42.0,0.6157,46.0,0.0,1.0,0.5493,47.0,,,0.6764,53.0
2011-11-11,0.6982,64.0,0.5926,55.0,0.5559,38.0,,,0.6049,40.0,0.6153,46.0,0.0,1.0,0.5575,48.0,,,0.6653,52.0
2011-11-10,0.9961,83.0,0.6798,64.0,0.529,35.0,,,0.5996,40.0,0.6202,47.0,0.0,1.0,0.5877,51.0,,,0.6439,48.0
2011-11-09,0.9925,83.0,0.6876,65.0,0.5599,39.0,,,0.6375,45.0,0.6194,47.0,0.0,1.0,0.5579,48.0,,,0.6514,49.0
2011-11-08,1.0237,85.0,0.7053,66.0,0.4767,27.0,,,0.5365,34.0,0.6185,47.0,0.0,1.0,0.4895,36.0,,,0.6745,53.0
2011-11-07,1.0042,84.0,0.6826,64.0,0.55,38.0,,,0.6314,44.0,0.6195,47.0,0.0,1.0,0.496,37.0,,,0.6488,49.0
2011-11-04,0.9992,83.0,0.6882,65.0,0.5886,41.0,,,0.6259,43.0,0.6182,47.0,0.0,1.0,0.4917,36.0,,,0.6747,53.0
2011-11-03,1.018,85.0,0.7127,67.0,0.5478,38.0,,,0.6285,43.0,0.6241,47.0,0.0,1.0,0.4985,37.0,,,0.6631,51.0
2011-11-02,0.6513,60.0,0.6428,61.0,0.6331,47.0,,,0.7112,52.0,0.6094,46.0,0.0,1.0,0.5134,41.0,,,0.7246,57.0
2011-11-01,0.6133,57.0,0.6112,57.0,0.9087,69.0,,,0.9647,75.0,0.5894,45.0,0.0,1.0,0.5196,42.0,,,0.6591,51.0
2011-10-31,0.6534,61.0,0.5897,55.0,0.8043,60.0,,,0.8563,65.0,0.5893,45.0,0.0,1.0,0.5093,40.0,,,0.6391,47.0
2011-10-28,0.5823,54.0,0.5793,54.0,0.7243,55.0,,,0.8101,60.0,0.5852,45.0,0.0,1.0,0.5035,38.0,,,0.6328,46.0
2011-10-27,0.5823,54.0,0.5866,55.0,0.7281,55.0,,,0.8136,60.0,0.5886,45.0,0.0,1.0,0.5032,38.0,,,0.6178,44.0
2011-10-26,0.5875,55.0,0.5789,54.0,0.7074,54.0,,,0.786,57.0,0.5884,45.0,0.0,1.0,0.4949,37.0,,,0.614,43.0
2011-10-25,0.4467,39.0,0.504,47.0,0.6943,53.0,,,0.8003,59.0,0.5832,45.0,0.0,1.0,0.4951,37.0,,,0.618,44.0
2011-10-24,0.4479,39.0,0.5535,52.0,0.6379,47.0,,,0.7784,57.0,0.6245,48.0,0.0,1.0,0.4792,34.0,,,0.6207,44.0
2011-10-21,0.359,27.0,0.5113,48.0,0.6003,43.0,,,0.7515,56.0,0.6283,48.0,0.0,1.0,0.4983,37.0,,,0.6345,47.0
2011-10-20,0.4078,34.0,0.5077,48.0,0.5951,42.0,,,0.7444,55.0,0.6286,48.0,0.0,1.0,0.5024,38.0,,,0.63,46.0
2011-10-19,0.3986,33.0,0.5204,49.0,0.5946,42.0,,,0.7777,57.0,0.6288,48.0,0.0,1.0,0.4996,37.0,,,0.6322,46.0
2011-10-18,0.3864,31.0,0.5477,51.0,0.5812,40.0,,,0.6923,50.0,0.629,48.0,0.0,1.0,0.494,36.0,,,0.6252,45.0
2011-10-17,0.53,49.0,0.5705,53.0,0.618,46.0,,,0.7117,52.0,0.6297,48.0,0.0,1.0,0.5068,39.0,,,0.6305,46.0
2011-10-14,0.6099,57.0,0.6397,60.0,0.5985,43.0,,,0.6552,47.0,0.6344,49.0,0.0,1.0,0.5033,38.0,,,0.6378,47.0
2011-10-13,0.6452,60.0,0.7073,66.0,0.5404,37.0,,,0.7096,52.0,0.6345,49.0,0.0,1.0,0.5122,40.0,,,0.6365,47.0
2011-10-12,0.6966,64.0,0.8124,76.0,0.606,44.0,,,0.7358,54.0,0.6323,49.0,0.0,1.0,0.5089,40.0,,,0.6381,47.0
2011-10-11,0.7699,69.0,0.8662,80.0,0.5994,43.0,,,0.7019,51.0,0.6324,49.0,0.0,1.0,0.5105,40.0,,,0.6512,49.0
2011-10-10,0.7735,69.0,0.8541,79.0,0.6296,47.0,,,0.7364,54.0,0.6331,49.0,0.0,1.0,0.5399,46.0,,,0.6348,47.0
2011-10-07,0.7875,70.0,0.8379,78.0,0.625,46.0,,,0.6929,50.0,0.6332,49.0,0.0,1.0,0.5469,47.0,,,0.6428,48.0
2011-10-06,0.8395,73.0,0.8536,79.0,0.5736,40.0,,,0.6897,50.0,0.6318,49.0,0.0,1.0,0.5179,42.0,,,0.6488,49.0
2011-10-05,0.7276,66.0,0.807,75.0,0.6709,51.0,,,0.7043,51.0,0.6244,48.0,0.0,1.0,0.5637,49.0,,,0.6444,48.0
2011-10-04,0.6083,57.0,0.7497,69.0,0.6329,47.0,,,0.6962,51.0,0.6159,46.0,0.0,1.0,0.5176,42.0,,,0.6359,47.0
2011-10-03,0.8678,75.0,0.6842,64.0,0.6547,49.0,,,0.7211,53.0,0.6159,46.0,0.0,1.0,0.5471,47.0,,,0.639,47.0
2011-09-30,1.0462,86.0,0.6944,65.0,0.64,48.0,,,0.6754,49.0,0.6139,46.0,0.0,1.0,0.5682,49.0,,,0.6481,49.0
2011-09-29,1.0351,85.0,0.6872,65.0,0.6379,47.0,,,0.6626,48.0,0.6122,46.0,0.0,1.0,0.5439,46.0,,,0.6556,50.0
2011-09-28,1.0395,86.0,0.7147,67.0,0.7239,55.0,,,0.7208,53.0,0.6112,46.0,0.0,1.0,0.5794,50.0,,,0.6524,50.0
2011-09-27,0.9835,82.0,0.6757,64.0,0.6958,53.0,,,0.7207,53.0,0.6069,46.0,0.0,1.0,0.5746,50.0,,,0.6559,50.0
2011-09-26,0.9935,83.0,0.694,65.0,0.7304,55.0,,,0.7477,55.0,0.6077,46.0,0.0,1.0,0.5555,48.0,,,0.6583,50.0
2011-09-23,0.9226,79.0,0.6659,63.0,0.7216,55.0,,,0.8006,59.0,0.605,46.0,0.0,1.0,0.5625,49.0,,,0.6809,53.0
2011-09-22,0.5884,55.0,0.6096,57.0,0.7811,59.0,,,0.7828,57.0,0.5904,45.0,0.0,1.0,0.6023,51.0,,,0.6436,48.0
2011-09-21,0.5299,49.0,0.5359,50.0,0.6899,52.0,,,0.7061,52.0,0.5749,45.0,0.0,1.0,0.556,48.0,,,0.6393,48.0
2011-09-20,0.5316,49.0,0.5412,50.0,0.6962,53.0,,,0.7061,52.0,0.5739,45.0,0.0,1.0,0.5689,49.0,,,0.6314,46.0
2011-09-19,0.5234,48.0,0.5673,53.0,0.6887,52.0,,,0.7018,51.0,0.5747,45.0,0.0,1.0,0.5559,48.0,,,0.6383,47.0
2011-09-16,0.6811,63.0,0.7665,71.0,0.6546,49.0,,,0.705,52.0,0.5737,44.0,0.0,1.0,0.549,47.0,,,0.6304,46.0
2011-09-15,0.7918,70.0,0.7542,70.0,0.6582,49.0,,,0.6874,49.0,0.5719,44.0,0.0,1.0,0.5509,47.0,,,0.624,45.0
2011-09-14,0.8242,72.0,0.786,73.0,0.6912,52.0,,,0.6891,50.0,0.574,45.0,0.0,1.0,0.5552,48.0,,,0.6062,41.0
2011-09-13,0.8108,72.0,0.0,1.0,0.6983,53.0,,,0.6997,51.0,0.5758,45.0,0.0,1.0,0.5406,46.0,,,0.6102,42.0
2011-09-12,0.7491,68.0,0.0,1.0,0.7855,59.0,,,0.7511,56.0,0.5741,45.0,0.0,1.0,0.5529,47.0,,,0.6126,43.0
2011-09-09,0.7705,69.0,0.0,1.0,0.6956,53.0,,,0.7473,55.0,0.573,44.0,0.0,1.0,0.5953,51.0,,,0.6366,47.0
2011-09-08,0.7827,70.0,0.0,1.0,0.7006,53.0,,,0.7365,54.0,0.572,44.0,0.0,1.0,0.572,50.0,,,0.6215,44.0
2011-09-07,0.6016,56.0,0.0,1.0,0.6576,49.0,,,0.6658,48.0,0.5593,44.0,0.0,1.0,0.562,49.0,,,0.6158,43.0
2011-09-06,0.5101,47.0,0.0,1.0,0.7182,54.0,,,0.7044,52.0,0.554,44.0,0.0,1.0,0.5851,50.0,,,0.6159,43.0
2011-09-02,0.6388,59.0,0.5964,56.0,0.6532,49.0,,,0.6586,47.0,0.5519,44.0,0.0,1.0,0.5899,51.0,,,0.608,42.0
2011-09-01,0.6465,60.0,0.6262,59.0,0.6265,47.0,,,0.6365,45.0,0.5533,44.0,0.0,1.0,0.5855,51.0,,,0.5907,38.0
2011-08-31,0.6635,61.0,0.6724,63.0,0.5971,42.0,,,0.6128,41.0,0.5518,44.0,0.0,1.0,0.573,50.0,,,0.5947,39.0
2011-08-30,0.5287,49.0,0.6217,57.0,0.58,40.0,,,0.5679,37.0,0.5487,44.0,0.0,1.0,0.5565,48.0,,,0.5821,37.0
2011-08-29,0.5399,50.0,0.6401,60.0,0.5853,41.0,,,0.5864,38.0,0.5487,44.0,0.0,1.0,0.5522,47.0,,,0.5936,39.0
2011-08-26,0.8009,71.0,0.6751,64.0,0.601,43.0,,,0.6084,41.0,0.5469,44.0,0.0,1.0,0.5547,48.0,,,0.6113,42.0
2011-08-25,0.7251,65.0,0.6286,59.0,0.7109,54.0,,,0.6478,46.0,0.5408,43.0,0.0,1.0,0.5961,51.0,,,0.5982,40.0
2011-08-24,0.7265,66.0,0.6305,59.0,0.6162,45.0,,,0.6437,45.0,0.5409,44.0,0.0,1.0,0.5552,48.0,,,0.6011,41.0
2011-08-23,0.775,69.0,0.6077,57.0,0.6458,48.0,,,0.6556,47.0,0.5429,44.0,0.0,1.0,0.5596,48.0,,,0.6072,42.0
2011-08-22,0.6211,57.0,0.5347,50.0,0.7004,53.0,,,0.7085,52.0,0.5365,43.0,0.0,1.0,0.5701,49.0,,,0.5857,38.0
2011-08-19,0.6239,57.0,0.5583,52.0,0.7905,59.0,,,0.6478,46.0,0.539,43.0,0.0,1.0,0.595,51.0,,,0.5899,38.0
2011-08-18,0.8254,72.0,0.6486,61.0,0.7247,55.0,,,0.7043,51.0,0.5391,43.0,0.0,1.0,0.5877,51.0,,,0.6076,42.0
2011-08-17,0.6821,63.0,0.6432,61.0,0.6615,50.0,,,0.5762,37.0,0.5268,42.0,0.0,1.0,0.5688,49.0,,,0.5768,37.0
2011-08-16,0.7527,68.0,0.6327,59.0,0.5577,39.0,,,0.5954,39.0,0.5272,42.0,0.0,1.0,0.5549,48.0,,,0.5711,36.0
2011-08-15,0.72,65.0,0.6382,60.0,0.596,42.0,,,0.6129,41.0,0.5272,42.0,0.0,1.0,0.5401,46.0,,,0.5858,38.0
2011-08-12,0.8253,72.0,0.6384,60.0,0.5487,38.0,,,0.6054,40.0,0.5287,42.0,0.0,1.0,0.5408,46.0,,,0.5927,39.0
2011-08-11,0.8938,77.0,0.702,66.0,0.7056,53.0,,,0.713,52.0,0.5287,42.0,0.0,1.0,0.5563,48.0,,,0.6003,41.0
2011-08-10,0.8844,76.0,0.6968,66.0,0.7009,53.0,,,0.6873,49.0,0.5298,43.0,0.0,1.0,0.5854,50.0,,,0.5781,37.0
2011-08-09,0.6841,63.0,0.6033,57.0,0.5871,41.0,,,0.5931,39.0,0.5195,41.0,0.0,1.0,0.5635,49.0,,,0.6068,42.0
2011-08-08,0.4931,45.0,0.5687,53.0,0.7276,55.0,,,0.7101,52.0,0.5149,41.0,0.0,1.0,0.5854,50.0,,,0.5922,39.0
2011-08-05,0.4632,42.0,0.5275,49.0,0.5832,41.0,,,0.5833,38.0,0.5053,40.0,0.0,1.0,0.5729,50.0,,,0.5822,37.0
2011-08-04,0.3982,33.0,0.5037,47.0,0.5887,41.0,,,0.5727,37.0,0.505,40.0,0.0,1.0,0.5869,51.0,,,0.5674,35.0
2011-08-03,0.3821,31.0,0.4852,44.0,0.5272,35.0,,,0.5252,32.0,0.5014,39.0,0.0,1.0,0.5405,46.0,,,0.5915,39.0
2011-08-02,0.2687,14.0,0.3664,27.0,0.8415,63.0,,,0.8215,61.0,0.5047,40.0,0.0,1.0,0.5585,48.0,,,0.5667,35.0
2011-08-01,0.2929,18.0,0.3324,22.0,0.7421,56.0,,,0.747,55.0,0.5042,40.0,0.0,1.0,0.5478,47.0,,,0.5604,34.0
2011-07-29,0.3716,28.0,0.3352,23.0,0.6819,52.0,,,0.6941,50.0,0.5042,40.0,0.0,1.0,0.5482,47.0,,,0.5622,35.0
2011-07-28,0.3781,30.0,0.3536,25.0,0.6464,48.0,,,0.6501,46.0,0.5027,40.0,0.0,1.0,0.5456,47.0,,,0.5505,33.0
2011-07-27,0.381,30.0,0.358,26.0,0.6586,49.0,,,0.6621,47.0,0.5027,40.0,0.0,1.0,0.539,46.0,,,0.5512,33.0
2011-07-26,0.3635,28.0,0.3743,28.0,0.6767,51.0,,,0.6898,50.0,0.5026,40.0,0.0,1.0,0.5404,46.0,,,0.5546,34.0
2011-07-25,0.4543,40.0,0.3824,28.0,0.6923,52.0,,,0.691,50.0,0.5024,40.0,0.0,1.0,0.5508,47.0,,,0.5381,31.0
2011-07-22,0.5603,52.0,0.4401,38.0,0.6854,52.0,,,0.6798,49.0,0.5048,40.0,0.0,1.0,0.5293,44.0,,,0.5579,34.0
2011-07-21,0.5735,54.0,0.4682,42.0,0.6733,51.0,,,0.6823,49.0,0.5052,40.0,0.0,1.0,0.5418,46.0,,,0.5478,33.0
2011-07-20,0.5318,49.0,0.4392,38.0,0.655,49.0,,,0.655,47.0,0.5024,40.0,0.0,1.0,0.5335,45.0,,,0.5511,33.0
2011-07-19,0.5342,49.0,0.4553,40.0,0.6591,50.0,,,0.6716,48.0,0.5038,40.0,0.0,1.0,0.526,43.0,,,0.5472,32.0
2011-07-18,0.5107,47.0,0.468,42.0,0.664,50.0,,,0.6613,47.0,0.5036,40.0,0.0,1.0,0.5233,43.0,,,0.5486,33.0
2011-07-15,0.5156,47.0,0.4657,42.0,0.6383,48.0,,,0.6478,46.0,0.5039,40.0,0.0,1.0,0.522,42.0,,,0.5519,33.0
2011-07-14,0.3327,23.0,0.4828,44.0,0.7018,53.0,,,0.6646,48.0,0.5007,39.0,0.0,1.0,0.5401,46.0,,,0.5408,31.0
2011-07-13,0.6569,61.0,0.5073,47.0,0.7107,54.0,,,0.6583,47.0,0.4945,38.0,0.0,1.0,0.5218,42.0,,,0.5326,28.0
2011-07-12,0.6096,57.0,0.0,1.0,0.6077,44.0,,,0.4915,25.0,0.4921,37.0,0.0,1.0,0.5182,42.0,,,0.5277,27.0
2011-07-11,0.6059,57.0,0.0,1.0,0.5057,32.0,,,0.4976,27.0,0.4927,38.0,0.0,1.0,0.5247,43.0,,,0.5258,27.0
2011-07-08,0.5364,49.0,0.0,1.0,0.4189,18.0,,,0.4232,17.0,0.4895,37.0,0.0,1.0,0.4957,37.0,,,0.5454,32.0
2011-07-07,0.5345,49.0,0.0,1.0,0.4371,21.0,,,0.4433,18.0,0.4895,37.0,0.0,1.0,0.5208,42.0,,,0.5179,24.0
2011-07-06,0.5854,55.0,0.0,1.0,0.4769,27.0,,,0.4828,24.0,0.4895,37.0,0.0,1.0,0.5129,40.0,,,0.5405,31.0
2011-07-05,0.526,48.0,0.0,1.0,0.4853,28.0,,,0.4763,23.0,0.4885,37.0,0.0,1.0,0.4977,37.0,,,0.5542,34.0
2011-07-01,0.3736,28.0,0.4231,35.0,0.4219,19.0,,,0.4242,17.0,0.4758,35.0,0.0,1.0,0.5292,44.0,,,0.533,30.0
2011-06-30,0.3695,28.0,0.4602,41.0,0.4112,17.0,,,0.4197,16.0,0.4782,35.0,0.0,1.0,0.5184,42.0,,,0.5346,30.0
2011-06-29,0.3933,32.0,0.4816,44.0,0.4295,20.0,,,0.4467,19.0,0.4804,35.0,0.0,1.0,0.5133,40.0,,,0.5401,31.0
2011-06-28,0.4086,34.0,0.4719,43.0,0.452,23.0,,,0.4621,20.0,0.4825,35.0,0.0,1.0,0.5034,38.0,,,0.5611,34.0
2011-06-27,0.4405,38.0,0.4795,44.0,0.4686,26.0,,,0.4775,23.0,0.4869,36.0,0.0,1.0,0.5175,42.0,,,0.5551,34.0
2011-06-24,0.4579,41.0,0.5016,46.0,0.4617,25.0,,,0.4719,22.0,0.4884,36.0,0.0,1.0,0.5268,44.0,,,0.5367,31.0
2011-06-23,0.4361,38.0,0.4982,46.0,0.4555,23.0,,,0.4563,20.0,0.487,36.0,0.0,1.0,0.5021,38.0,,,0.562,35.0
2011-06-22,0.4612,42.0,0.4585,41.0,0.438,21.0,,,0.4454,19.0,0.4878,36.0,0.0,1.0,0.5165,41.0,,,0.537,31.0
2011-06-21,0.443,39.0,0.4536,40.0,0.4606,25.0,,,0.4685,21.0,0.4868,36.0,0.0,1.0,0.519,42.0,,,0.5561,34.0
2011-06-20,0.351,26.0,0.448,39.0,0.4813,28.0,,,0.4941,26.0,0.484,36.0,0.0,1.0,0.5228,43.0,,,0.5502,33.0
2011-06-17,0.4418,38.0,0.4691,42.0,0.4909,30.0,,,0.4934,26.0,0.484,36.0,0.0,1.0,0.549,47.0,,,0.5306,28.0
2011-06-16,0.3836,31.0,0.4226,35.0,0.4725,26.0,,,0.4966,27.0,0.4818,35.0,0.0,1.0,0.5135,41.0,,,0.5436,32.0
2011-06-15,0.3633,28.0,0.4606,41.0,0.4763,27.0,,,0.4783,23.0,0.4805,35.0,0.0,1.0,0.5205,42.0,,,0.5429,32.0
2011-06-14,0.4679,42.0,0.4875,45.0,0.4572,24.0,,,0.4605,20.0,0.4803,35.0,0.0,1.0,0.515,41.0,,,0.5291,28.0
2011-06-13,0.4012,34.0,0.5025,47.0,0.4861,28.0,,,0.4935,26.0,0.479,35.0,0.0,1.0,0.5116,40.0,,,0.5434,32.0
2011-06-10,0.4676,42.0,0.4777,43.0,0.4726,27.0,,,0.4493,19.0,0.4789,35.0,0.0,1.0,0.5292,44.0,,,0.5329,30.0
2011-06-09,0.5476,51.0,0.5104,48.0,0.4748,27.0,,,0.4783,23.0,0.4769,35.0,0.0,1.0,0.5112,40.0,,,0.5478,33.0
2011-06-08,0.4827,44.0,0.489,45.0,0.4841,28.0,,,0.4965,27.0,0.4755,34.0,0.0,1.0,0.5135,41.0,,,0.5498,33.0
2011-06-07,0.4907,45.0,0.0,1.0,0.4819,28.0,,,0.4795,23.0,0.4763,35.0,0.0,1.0,0.515,41.0,,,0.5448,32.0
2011-06-06,0.4987,46.0,0.0,1.0,0.5122,33.0,,,0.4737,22.0,0.4765,35.0,0.0,1.0,0.5406,46.0,,,0.5292,28.0
2011-06-03,0.4455,39.0,0.0,1.0,0.4656,25.0,,,0.4721,22.0,0.4793,35.0,0.0,1.0,0.5221,43.0,,,0.5434,32.0
2011-06-02,0.466,42.0,0.0,1.0,0.4738,27.0,,,0.4799,23.0,0.4793,35.0,0.0,1.0,0.5063,39.0,,,0.5493,33.0
2011-06-01,0.437,38.0,0.0,1.0,0.4939,30.0,,,0.484,24.0,0.4778,35.0,0.0,1.0,0.5415,46.0,,,0.5278,27.0
2011-05-31,0.4553,41.0,0.0,1.0,0.4582,24.0,,,0.476,22.0,0.4706,34.0,0.0,1.0,0.5054,39.0,,,0.546,32.0
2011-05-27,0.477,43.0,0.3079,19.0,0.4397,21.0,,,0.4435,19.0,0.4708,34.0,0.0,1.0,0.5244,43.0,,,0.5398,31.0
2011-05-26,0.506,46.0,0.3409,24.0,0.4559,23.0,,,0.4664,21.0,0.4716,34.0,0.0,1.0,0.518,42.0,,,0.5556,34.0
2011-05-25,0.4829,44.0,0.351,25.0,0.5119,33.0,,,0.5144,30.0,0.471,34.0,0.0,1.0,0.5177,42.0,,,0.5617,35.0
2011-05-24,0.5774,54.0,0.4083,33.0,0.5181,34.0,,,0.5002,27.0,0.4702,34.0,0.0,1.0,0.537,45.0,,,0.5467,32.0
2011-05-23,0.5834,55.0,0.4143,33.0,0.5382,36.0,,,0.5275,33.0,0.4699,34.0,0.0,1.0,0.5343,45.0,,,0.5383,31.0
2011-05-20,0.5089,47.0,0.4048,32.0,0.4526,23.0,,,0.4524,20.0,0.4619,32.0,0.0,1.0,0.5134,41.0,,,0.5427,32.0
2011-05-19,0.5116,47.0,0.404,32.0,0.469,26.0,,,0.4827,24.0,0.4618,32.0,0.0,1.0,0.5067,39.0,,,0.5448,32.0
2011-05-18,0.5232,48.0,0.4021,32.0,0.4543,23.0,,,0.484,24.0,0.4644,33.0,0.0,1.0,0.5109,40.0,,,0.559,34.0
2011-05-17,0.563,53.0,0.4053,32.0,0.4915,30.0,,,0.4973,27.0,0.4632,33.0,0.0,1.0,0.5123,40.0,,,0.5485,33.0
2011-05-16,0.5594,52.0,0.3948,31.0,0.5389,36.0,,,0.5234,32.0,0.4703,34.0,0.0,1.0,0.5194,42.0,,,0.534,30.0
2011-05-13,0.3774,30.0,0.3189,21.0,0.4497,22.0,,,0.3994,13.0,0.4616,32.0,0.0,1.0,0.508,39.0,,,0.5304,28.0
2011-05-12,1.077,87.0,0.4739,43.0,0.5045,32.0,,,0.4294,18.0,0.4655,33.0,0.0,1.0,0.5179,42.0,,,0.5383,31.0
2011-05-11,1.1417,90.0,0.5613,52.0,0.4139,18.0,,,0.426,17.0,0.4626,33.0,0.0,1.0,0.5034,38.0,,,0.5361,30.0
2011-05-10,1.1689,91.0,0.5711,53.0,0.4427,22.0,,,0.4504,19.0,0.4667,33.0,0.0,1.0,0.4947,37.0,,,0.538,31.0
2011-05-09,1.1698,91.0,0.5747,53.0,0.4693,26.0,,,0.4764,23.0,0.4659,33.0,0.0,1.0,0.501,38.0,,,0.5312,28.0
2011-05-06,1.0964,88.0,0.5663,53.0,0.464,25.0,,,0.4675,21.0,0.4639,33.0,0.0,1.0,0.5088,40.0,,,0.5433,32.0
2011-05-05,1.1237,89.0,0.5735,53.0,0.4765,27.0,,,0.4791,23.0,0.4639,33.0,0.0,1.0,0.5123,40.0,,,0.5469,32.0
2011-05-04,1.0956,88.0,0.6423,61.0,0.4783,28.0,,,0.4818,24.0,0.4645,33.0,0.0,1.0,0.5059,39.0,,,0.539,31.0
2011-05-03,0.6729,62.0,0.5338,50.0,0.7151,54.0,,,0.7001,51.0,0.4005,19.0,0.0,1.0,0.5024,38.0,,,0.5385,31.0
2011-05-02,0.4801,43.0,0.0,1.0,0.6594,50.0,,,0.6635,48.0,0.3818,15.0,0.0,1.0,0.4891,36.0,,,0.5307,28.0
2011-04-29,0.5125,47.0,0.0,1.0,0.6044,44.0,,,0.6163,42.0,0.3854,16.0,0.0,1.0,0.4778,34.0,,,0.5331,30.0
2011-04-28,0.5672,53.0,0.0,1.0,0.6126,45.0,,,0.6124,41.0,0.3845,16.0,0.0,1.0,0.4886,36.0,,,0.5326,28.0
2011-04-27,0.5586,52.0,0.0,1.0,0.6013,43.0,,,0.614,42.0,0.386,16.0,0.0,1.0,0.4837,35.0,,,0.5317,28.0
2011-04-26,0.567,53.0,0.0,1.0,0.5977,42.0,,,0.6222,43.0,0.3865,17.0,0.0,1.0,0.489,36.0,,,0.5254,26.0
2011-04-25,0.3322,22.0,0.0,1.0,0.6163,45.0,,,0.6393,45.0,0.4001,19.0,0.0,1.0,0.4795,34.0,,,0.5222,26.0
2011-04-21,0.3866,31.0,0.3865,30.0,0.5575,39.0,,,0.5752,37.0,0.4029,19.0,0.0,1.0,0.4705,33.0,,,0.5357,30.0
2011-04-20,0.3736,28.0,0.3659,27.0,0.5635,39.0,,,0.5809,38.0,0.4018,19.0,0.0,1.0,0.4781,34.0,,,0.5326,28.0
2011-04-19,0.2522,12.0,0.3743,28.0,0.5729,40.0,,,0.5866,38.0,0.3978,19.0,0.0,1.0,0.4825,35.0,,,0.5323,28.0
2011-04-18,0.2517,12.0,0.3435,24.0,0.579,40.0,,,0.5883,38.0,0.3981,19.0,0.0,1.0,0.4807,34.0,,,0.5337,30.0
2011-04-15,0.2611,13.0,0.305,19.0,0.5777,40.0,,,0.5832,38.0,0.3971,18.0,0.0,1.0,0.4864,35.0,,,0.5277,27.0
2011-04-14,0.3338,23.0,0.4259,35.0,0.5901,41.0,,,0.5928,39.0,0.4048,20.0,0.0,1.0,0.4863,35.0,,,0.5296,28.0
2011-04-13,0.3245,22.0,0.4262,35.0,0.587,41.0,,,0.6025,40.0,0.4032,20.0,0.0,1.0,0.4801,34.0,,,0.528,28.0
2011-04-12,0.3617,27.0,0.4293,35.0,0.5864,41.0,,,0.4824,24.0,0.4036,20.0,0.0,1.0,0.4845,35.0,,,0.5251,26.0
2011-04-11,0.3475,25.0,0.4354,37.0,0.4828,28.0,,,0.4789,23.0,0.4029,19.0,0.0,1.0,0.482,35.0,,,0.5185,24.0
2011-04-08,0.3367,23.0,0.434,36.0,0.4158,18.0,,,0.4206,16.0,0.423,24.0,0.0,1.0,0.4688,32.0,,,0.5179,24.0
2011-04-07,0.3981,33.0,0.4336,36.0,0.456,23.0,,,0.4647,21.0,0.4231,24.0,0.0,1.0,0.467,32.0,,,0.5195,25.0
2011-04-06,0.3896,32.0,0.43,36.0,0.4688,26.0,,,0.4769,23.0,0.4235,24.0,0.0,1.0,0.4678,32.0,,,0.5087,23.0
2011-04-05,0.3001,19.0,0.3327,22.0,0.4446,22.0,,,0.4514,20.0,0.4201,23.0,0.0,1.0,0.4626,31.0,,,0.5053,22.0
2011-04-04,0.3199,21.0,0.3447,24.0,0.4795,28.0,,,0.4824,24.0,0.4205,23.0,0.0,1.0,0.4596,30.0,,,0.5079,22.0
2011-04-01,0.3414,24.0,0.3692,27.0,0.4515,23.0,,,0.4716,22.0,0.4196,23.0,0.0,1.0,0.4665,32.0,,,0.5046,22.0
2011-03-31,0.3246,22.0,0.391,30.0,0.4693,26.0,,,0.4632,21.0,0.4219,23.0,0.0,1.0,0.4577,30.0,,,0.5093,23.0
2011-03-30,0.2952,18.0,0.3806,28.0,0.4354,21.0,,,0.4536,20.0,0.4221,23.0,0.0,1.0,0.4569,28.0,,,0.5081,22.0
2011-03-29,0.2721,15.0,0.3939,31.0,0.4452,22.0,,,0.4469,19.0,0.4213,23.0,0.0,1.0,0.459,30.0,,,0.512,23.0
2011-03-28,0.2256,9.0,0.3851,28.0,0.4738,27.0,,,0.4808,24.0,0.4282,26.0,0.0,1.0,0.4824,35.0,,,0.5014,21.0
2011-03-25,0.2233,8.0,0.3786,28.0,0.459,24.0,,,0.4783,23.0,0.4275,25.0,0.0,1.0,0.4736,33.0,,,0.4986,21.0
2011-03-24,0.2253,9.0,0.4083,33.0,0.4262,19.0,,,0.4344,18.0,0.4268,25.0,0.0,1.0,0.4703,33.0,,,0.5197,25.0
2011-03-23,0.2156,8.0,0.4206,34.0,0.4567,24.0,,,0.4622,20.0,0.4289,26.0,0.0,1.0,0.4746,33.0,,,0.5144,23.0
2011-03-22,0.2982,18.0,0.4111,33.0,0.4208,19.0,,,0.4431,18.0,0.4279,25.0,0.0,1.0,0.4804,34.0,,,0.5189,25.0
2011-03-21,0.3402,24.0,0.4376,37.0,0.4353,20.0,,,0.4513,20.0,0.4279,25.0,0.0,1.0,0.4809,35.0,,,0.5257,27.0
2011-03-18,0.3266,22.0,0.4476,39.0,0.4727,27.0,,,0.4963,27.0,0.4268,25.0,0.0,1.0,0.4945,37.0,,,0.5195,25.0
2011-03-17,0.3227,21.0,0.4454,38.0,0.5011,31.0,,,0.5059,28.0,0.4268,25.0,0.0,1.0,0.4896,36.0,,,0.5268,27.0
2011-03-16,0.3045,19.0,0.4473,39.0,0.5153,34.0,,,0.5198,31.0,0.4263,25.0,0.0,1.0,0.499,37.0,,,0.5284,28.0
2011-03-15,0.3926,32.0,0.458,41.0,0.5007,31.0,,,0.4968,27.0,0.4269,25.0,0.0,1.0,0.4983,37.0,,,0.5318,28.0
2011-03-14,0.3988,33.0,0.4314,36.0,0.493,30.0,,,0.5232,32.0,0.4273,25.0,0.0,1.0,0.4913,36.0,,,0.5201,25.0
2011-03-11,0.3785,30.0,0.4279,35.0,0.5,31.0,,,0.4434,18.0,0.4246,24.0,0.0,1.0,0.4877,36.0,,,0.5252,26.0
2011-03-10,0.353,26.0,0.4039,32.0,0.4832,28.0,,,0.4975,27.0,0.423,24.0,0.0,1.0,0.4988,37.0,,,0.519,25.0
2011-03-09,0.4441,39.0,0.4526,40.0,0.4842,28.0,,,0.4946,26.0,0.4227,24.0,0.0,1.0,0.5097,40.0,,,0.521,26.0
2011-03-08,0.445,39.0,0.4643,42.0,0.476,27.0,,,0.4996,27.0,0.4266,25.0,0.0,1.0,0.5044,38.0,,,0.5221,26.0
2011-03-07,0.451,40.0,0.452,40.0,0.502,32.0,,,0.5013,27.0,0.4288,26.0,0.0,1.0,0.5048,39.0,,,0.5186,24.0
2011-03-04,0.4863,44.0,0.4309,36.0,0.4743,27.0,,,0.4949,26.0,0.4258,25.0,0.0,1.0,0.4797,34.0,,,0.5301,28.0
2011-03-03,0.5278,48.0,0.464,42.0,0.4747,27.0,,,0.4967,27.0,0.4412,28.0,0.0,1.0,0.4934,36.0,,,0.5202,25.0
2011-03-02,0.5497,51.0,0.4758,43.0,0.5014,31.0,,,0.521,31.0,0.439,28.0,0.0,1.0,0.4957,37.0,,,0.5247,26.0
2011-03-01,0.5402,50.0,0.0,1.0,0.5033,32.0,,,0.5188,31.0,0.4393,28.0,0.0,1.0,0.4893,36.0,,,0.5332,30.0
2011-02-28,0.5146,47.0,0.0,1.0,0.5081,33.0,,,0.5097,28.0,0.4346,27.0,0.0,1.0,0.4809,35.0,,,0.5249,26.0
2011-02-25,0.5147,47.0,0.0,1.0,0.4984,31.0,,,0.5081,28.0,0.4353,27.0,0.0,1.0,0.4969,37.0,,,0.5115,23.0
2011-02-24,0.5054,46.0,0.0,1.0,0.5242,35.0,,,0.5297,33.0,0.4352,27.0,0.0,1.0,0.4821,35.0,,,0.5283,28.0
2011-02-23,0.2888,17.0,0.0,1.0,0.5256,35.0,,,0.5274,33.0,0.4294,26.0,0.0,1.0,0.4975,37.0,,,0.5256,27.0
2011-02-22,0.2814,16.0,0.0,1.0,0.5037,32.0,,,0.5005,27.0,0.4284,26.0,0.0,1.0,0.4993,37.0,,,0.5072,22.0
2011-02-18,0.5242,48.0,0.4217,34.0,0.4567,24.0,,,0.4626,21.0,0.4232,24.0,0.0,1.0,0.4866,35.0,,,0.4954,20.0
2011-02-17,0.4534,40.0,0.5019,46.0,0.4641,25.0,,,0.4664,21.0,0.4224,23.0,0.0,1.0,0.4753,34.0,,,0.5084,23.0
2011-02-16,0.4479,39.0,0.5066,47.0,0.4725,26.0,,,0.4885,25.0,0.4252,25.0,0.0,1.0,0.4739,33.0,,,0.511,23.0
2011-02-15,0.4492,40.0,0.5117,48.0,0.478,28.0,,,0.4847,24.0,0.4261,25.0,0.0,1.0,0.4752,34.0,,,0.5089,23.0
2011-02-14,0.4189,36.0,0.5255,49.0,0.4841,28.0,,,0.481,24.0,0.4282,26.0,0.0,1.0,0.4751,34.0,,,0.5062,22.0
2011-02-11,0.3648,28.0,0.5272,49.0,0.4134,18.0,,,0.483,24.0,0.4476,30.0,0.0,1.0,0.4603,30.0,,,0.5058,22.0
2011-02-10,0.3812,31.0,0.5204,49.0,0.4694,26.0,,,0.4913,25.0,0.4467,30.0,0.0,1.0,0.4595,30.0,,,0.5175,24.0
2011-02-09,0.2399,11.0,0.4574,40.0,0.4506,23.0,,,0.4622,20.0,0.438,28.0,0.0,1.0,0.4584,30.0,,,0.5134,23.0
2011-02-08,0.2371,11.0,0.3709,27.0,0.8919,68.0,,,0.8807,68.0,0.4384,28.0,0.0,1.0,0.4691,32.0,,,0.5163,24.0
2011-02-07,0.3407,24.0,0.4135,33.0,0.8479,64.0,,,0.8734,67.0,0.4384,28.0,0.0,1.0,0.4793,34.0,,,0.5169,24.0
2011-02-04,0.3535,26.0,0.452,40.0,0.7525,57.0,,,0.7664,57.0,0.4386,28.0,0.0,1.0,0.4671,32.0,,,0.5054,22.0
2011-02-03,0.3563,27.0,0.4322,36.0,0.6598,50.0,,,0.6864,49.0,0.4386,28.0,0.0,1.0,0.4562,28.0,,,0.519,25.0
2011-02-02,0.3537,26.0,0.458,41.0,0.6611,50.0,,,0.6679,48.0,0.4381,28.0,0.0,1.0,0.4716,33.0,,,0.5052,22.0
2011-02-01,0.3521,26.0,0.4512,39.0,0.6377,47.0,,,0.6491,46.0,0.4381,28.0,0.0,1.0,0.4724,33.0,,,0.5163,24.0
2011-01-31,0.3392,24.0,0.4736,43.0,0.6748,51.0,,,0.6813,49.0,0.4356,27.0,0.0,1.0,0.4746,33.0,,,0.5258,27.0
2011-01-28,0.3604,27.0,0.4673,42.0,0.6655,50.0,,,0.6631,48.0,0.4358,27.0,0.0,1.0,0.4827,35.0,,,0.5292,28.0
2011-01-27,0.3443,25.0,0.4407,38.0,0.6662,50.0,,,0.6751,48.0,0.4388,28.0,0.0,1.0,0.4784,34.0,,,0.5196,25.0
2011-01-26,0.2829,16.0,0.4047,32.0,0.6595,50.0,,,0.664,48.0,0.4378,28.0,0.0,1.0,0.4752,34.0,,,0.5216,26.0
2011-01-25,0.2765,15.0,0.0,1.0,0.6589,50.0,,,0.6629,48.0,0.438,28.0,0.0,1.0,0.4812,35.0,,,0.5193,25.0
2011-01-24,0.1672,4.0,0.0,1.0,0.6587,49.0,,,0.6722,48.0,0.4498,31.0,0.0,1.0,0.4817,35.0,,,0.536,30.0
2011-01-21,0.1627,4.0,0.0,1.0,0.6314,47.0,,,0.6362,45.0,0.4497,31.0,0.0,1.0,0.4862,35.0,,,0.5379,31.0
2011-01-20,0.1879,6.0,0.0,1.0,0.661,50.0,,,0.6666,48.0,0.4487,30.0,0.0,1.0,0.4795,34.0,,,0.5359,30.0
2011-01-19,0.1897,6.0,0.0,1.0,0.6213,46.0,,,0.6317,44.0,0.4476,30.0,0.0,1.0,0.4629,31.0,,,0.5254,26.0
2011-01-18,0.2811,16.0,0.0,1.0,0.4763,27.0,,,0.6198,42.0,0.4487,30.0,0.0,1.0,0.4633,31.0,,,0.518,24.0
2011-01-14,0.3513,26.0,0.3493,25.0,0.5725,40.0,,,0.3971,13.0,0.4485,30.0,0.0,1.0,0.4606,30.0,,,0.5269,27.0
2011-01-13,0.4851,44.0,0.487,45.0,0.4013,16.0,,,0.5967,40.0,0.4502,31.0,0.0,1.0,0.4633,31.0,,,0.5183,24.0
2011-01-12,0.5464,51.0,0.4946,46.0,0.5677,39.0,,,0.4357,18.0,0.4499,31.0,0.0,1.0,0.4667,32.0,,,0.5296,28.0
2011-01-11,0.5522,51.0,0.5129,48.0,0.4159,18.0,,,0.5935,39.0,0.45,31.0,0.0,1.0,0.4714,33.0,,,0.5233,26.0
2011-01-10,0.553,51.0,0.5071,47.0,0.4696,26.0,,,0.4891,25.0,0.4483,30.0,0.0,1.0,0.4655,31.0,,,0.524,26.0
2011-01-07,0.5441,50.0,0.4956,46.0,0.4511,23.0,,,0.4533,20.0,0.4476,30.0,0.0,1.0,0.4675,32.0,,,0.5251,26.0
2011-01-06,0.5332,49.0,0.4847,44.0,0.4702,26.0,,,0.456,20.0,0.4458,30.0,0.0,1.0,0.4596,30.0,,,0.5209,25.0
2011-01-05,0.505,46.0,0.4514,40.0,0.4569,24.0,,,0.4759,22.0,0.4488,31.0,0.0,1.0,0.4727,33.0,,,0.5361,30.0
2011-01-04,0.2971,18.0,0.3468,25.0,0.4342,20.0,,,0.4583,20.0,0.4392,28.0,0.0,1.0,0.477,34.0,,,0.5338,30.0
2011-01-03,0.2411,11.0,0.0,1.0,0.4434,22.0,,,0.4478,19.0,0.4373,28.0,0.0,1.0,0.4624,31.0,,,0.5248,26.0
2010-12-31,0.2418,11.0,0.0,1.0,0.4405,21.0,,,0.4406,18.0,0.4372,28.0,0.0,1.0,0.4612,31.0,,,0.5306,28.0
2010-12-30,0.1895,6.0,0.0,1.0,0.4086,17.0,,,0.4105,15.0,0.436,27.0,0.0,1.0,0.457,30.0,,,0.5306,28.0
2010-12-29,0.207,7.0,0.0,1.0,0.4139,18.0,,,0.4318,18.0,0.4374,28.0,0.0,1.0,0.4518,28.0,,,0.5276,27.0
2010-12-28,0.2217,8.0,0.0,1.0,0.4167,18.0,,,0.4228,17.0,0.4373,28.0,0.0,1.0,0.4507,28.0,,,0.5219,26.0
2010-12-27,0.2412,11.0,0.0,1.0,0.4222,19.0,,,0.4303,18.0,0.4435,30.0,0.0,1.0,0.4524,28.0,,,0.5256,27.0
2010-12-23,0.2385,11.0,0.3734,28.0,0.3971,16.0,,,0.4054,14.0,0.4424,28.0,0.0,1.0,0.4535,28.0,,,0.5304,28.0
2010-12-22,0.4647,42.0,0.4519,40.0,0.4069,17.0,,,0.4174,16.0,0.4426,28.0,0.0,1.0,0.4536,28.0,,,0.5282,28.0
2010-12-21,0.4709,43.0,0.4705,43.0,0.4031,16.0,,,0.4213,16.0,0.4424,28.0,0.0,1.0,0.4544,28.0,,,0.525,26.0
2010-12-20,0.4518,40.0,0.465,42.0,0.4075,17.0,,,0.4328,18.0,0.4454,30.0,0.0,1.0,0.4488,27.0,,,0.5276,27.0
2010-12-17,0.453,40.0,0.4592,41.0,0.4352,20.0,,,0.4548,20.0,0.447,30.0,0.0,1.0,0.4598,30.0,,,0.5299,28.0
2010-12-16,0.4516,40.0,0.46,41.0,0.4491,22.0,,,0.4695,21.0,0.4494,31.0,0.0,1.0,0.4538,28.0,,,0.5283,28.0
2010-12-15,0.3992,33.0,0.4526,40.0,0.4828,28.0,,,0.4809,24.0,0.4588,32.0,0.0,1.0,0.467,32.0,,,0.5325,28.0
2010-12-14,0.416,35.0,0.4382,37.0,0.4929,30.0,,,0.4997,27.0,0.4591,32.0,0.0,1.0,0.4612,31.0,,,0.5158,24.0
2010-12-13,0.1923,6.0,0.3584,26.0,0.4649,25.0,,,0.4762,23.0,0.4518,31.0,0.0,1.0,0.458,30.0,,,0.5085,23.0
2010-12-10,0.1977,7.0,0.3458,24.0,0.4619,25.0,,,0.4581,20.0,0.4538,31.0,0.0,1.0,0.4492,27.0,,,0.5265,27.0
2010-12-09,0.1969,6.0,0.4164,34.0,0.4661,25.0,,,0.485,25.0,0.4568,31.0,0.0,1.0,0.437,24.0,,,0.5285,28.0
2010-12-08,0.2167,8.0,0.4531,40.0,0.4546,23.0,,,0.4785,23.0,0.4577,32.0,0.0,1.0,0.4326,23.0,,,0.5254,26.0
2010-12-07,0.2248,9.0,0.4669,42.0,0.4736,27.0,,,0.4856,25.0,0.4577,32.0,0.0,1.0,0.4399,25.0,,,0.5235,26.0
2010-12-06,0.3056,19.0,0.4846,44.0,0.4861,28.0,,,0.5055,28.0,0.4581,32.0,0.0,1.0,0.4359,24.0,,,0.5263,27.0
2010-12-03,0.3003,19.0,0.0,1.0,0.5063,33.0,,,0.5218,32.0,0.4582,32.0,0.0,1.0,0.4481,27.0,,,0.5176,24.0
2010-12-02,0.4717,43.0,0.0,1.0,0.522,35.0,,,0.5331,33.0,0.458,32.0,0.0,1.0,0.4379,24.0,,,0.5201,25.0
2010-12-01,0.4989,46.0,0.0,1.0,0.5443,37.0,,,0.563,36.0,0.4588,32.0,0.0,1.0,0.4427,26.0,,,0.5153,24.0
2010-11-30,0.5555,52.0,0.0,1.0,0.5548,38.0,,,0.5547,36.0,0.4596,32.0,0.0,1.0,0.4385,25.0,,,0.5282,28.0
2010-11-29,0.5517,51.0,0.0,1.0,0.5436,37.0,,,0.5675,37.0,0.4608,32.0,0.0,1.0,0.4427,26.0,,,0.5174,24.0
2010-11-26,0.5711,53.0,0.0,1.0,0.5376,36.0,,,0.5454,35.0,0.4679,34.0,0.0,1.0,0.4352,24.0,,,0.5269,27.0
2010-11-24,0.5767,54.0,0.5893,55.0,0.5227,35.0,,,0.5361,34.0,0.4661,33.0,0.0,1.0,0.4402,25.0,,,0.5167,24.0
2010-11-23,0.3712,28.0,0.4614,41.0,0.4714,26.0,,,0.4934,26.0,0.4588,32.0,0.0,1.0,0.4314,23.0,,,0.5123,23.0
2010-11-22,0.4239,36.0,0.3813,28.0,0.4583,24.0,,,0.4655,21.0,0.4576,31.0,0.0,1.0,0.4319,23.0,,,0.5121,23.0
2010-11-19,0.3559,27.0,0.3348,23.0,0.4534,23.0,,,0.4722,22.0,0.4554,31.0,0.0,1.0,0.4325,23.0,,,0.5204,25.0
2010-11-18,0.3518,26.0,0.3272,22.0,0.4805,28.0,,,0.4957,26.0,0.4551,31.0,0.0,1.0,0.4343,24.0,,,0.5284,28.0
2010-11-17,0.2718,15.0,0.3318,22.0,0.4921,30.0,,,0.5408,34.0,0.4514,31.0,0.0,1.0,0.4422,26.0,,,0.5239,26.0
2010-11-16,0.2683,14.0,0.3266,22.0,0.5026,32.0,,,0.5366,34.0,0.4569,31.0,0.0,1.0,0.4421,26.0,,,0.5259,27.0
2010-11-15,0.291,18.0,0.327,22.0,0.4592,24.0,,,0.5193,31.0,0.4561,31.0,0.0,1.0,0.4504,28.0,,,0.5291,28.0
2010-11-12,0.3463,25.0,0.3061,19.0,0.454,23.0,,,0.5008,27.0,0.4562,31.0,0.0,1.0,0.4492,27.0,,,0.5207,25.0
2010-11-11,0.7305,66.0,0.3954,31.0,0.5292,35.0,,,0.4884,25.0,0.4587,32.0,0.0,1.0,0.4333,23.0,,,0.5168,24.0
2010-11-10,0.7273,66.0,0.459,41.0,0.4997,31.0,,,0.5136,30.0,0.4594,32.0,0.0,1.0,0.4265,22.0,,,0.5192,25.0
2010-11-09,0.761,68.0,0.4744,43.0,0.5321,36.0,,,0.5162,31.0,0.4668,33.0,0.0,1.0,0.4342,24.0,,,0.514,23.0
2010-11-08,0.7203,65.0,0.4873,45.0,0.5187,34.0,,,0.525,32.0,0.4632,33.0,0.0,1.0,0.4258,22.0,,,0.5116,23.0
2010-11-05,0.723,65.0,0.4893,45.0,0.4999,31.0,,,0.5278,33.0,0.4631,33.0,0.0,1.0,0.4371,24.0,,,0.5147,24.0
2010-11-04,0.6706,62.0,0.4998,46.0,0.5014,31.0,,,0.5436,35.0,0.4608,32.0,0.0,1.0,0.4267,22.0,,,0.5199,25.0
2010-11-03,0.6754,62.0,0.5059,47.0,0.4979,31.0,,,0.5409,34.0,0.46,32.0,0.0,1.0,0.433,23.0,,,0.5131,23.0
2010-11-02,0.4562,41.0,0.5732,53.0,0.7668,57.0,,,0.8208,60.0,0.4384,28.0,0.0,1.0,0.4399,25.0,,,0.5266,27.0
2010-11-01,0.4479,39.0,0.5208,49.0,0.7935,59.0,,,0.7549,56.0,0.4417,28.0,0.0,1.0,0.4427,26.0,,,0.5145,23.0
2010-10-29,0.4089,35.0,0.5425,51.0,0.6709,51.0,,,0.7135,52.0,0.442,28.0,0.0,1.0,0.4378,24.0,,,0.5144,23.0
2010-10-28,0.3801,30.0,0.5339,50.0,0.633,47.0,,,0.6379,45.0,0.4432,30.0,0.0,1.0,0.4139,20.0,,,0.4951,20.0
2010-10-27,0.7082,64.0,0.6052,57.0,0.6251,46.0,,,0.6455,46.0,0.4434,30.0,0.0,1.0,0.417,20.0,,,0.5036,22.0
2010-10-26,0.6884,63.0,0.5867,55.0,0.6291,47.0,,,0.6343,44.0,0.4463,30.0,0.0,1.0,0.4243,22.0,,,0.507,22.0
2010-10-25,0.6943,63.0,0.587,55.0,0.6112,45.0,,,0.6365,45.0,0.4501,31.0,0.0,1.0,0.4214,22.0,,,0.4969,21.0
2010-10-22,0.5148,47.0,0.4602,41.0,0.5923,42.0,,,0.608,41.0,0.4449,30.0,0.0,1.0,0.4288,23.0,,,0.5035,22.0
2010-10-21,0.4755,43.0,0.4637,42.0,0.5966,42.0,,,0.6467,46.0,0.4451,30.0,0.0,1.0,0.4206,21.0,,,0.5079,22.0
2010-10-20,0.5142,47.0,0.4263,35.0,0.5969,42.0,,,0.6286,43.0,0.4448,30.0,0.0,1.0,0.4137,20.0,,,0.5085,23.0
2010-10-19,0.6043,56.0,0.4231,35.0,0.6075,44.0,,,0.6396,45.0,0.4456,30.0,0.0,1.0,0.4164,20.0,,,0.4922,20.0
2010-10-18,0.3132,20.0,0.3252,21.0,0.6014,44.0,,,0.6413,45.0,0.4309,27.0,0.0,1.0,0.3996,14.0,,,0.5031,22.0
2010-10-15,0.3543,26.0,0.3385,23.0,0.6233,46.0,,,0.659,47.0,0.4312,27.0,0.0,1.0,0.4113,19.0,,,0.4974,21.0
2010-10-14,0.4646,42.0,0.3626,26.0,0.617,45.0,,,0.6456,46.0,0.43,26.0,0.0,1.0,0.4038,16.0,,,0.4944,20.0
2010-10-13,0.4639,42.0,0.3871,30.0,0.6082,45.0,,,0.5271,32.0,0.4296,26.0,0.0,1.0,0.3992,14.0,,,0.4867,19.0
2010-10-12,0.4915,45.0,0.4062,32.0,0.5989,43.0,,,0.5688,37.0,0.4296,26.0,0.0,1.0,0.3848,8.0,,,0.5021,21.0
2010-10-11,0.5392,50.0,0.4506,39.0,0.6018,44.0,,,0.6235,43.0,0.4294,26.0,0.0,1.0,0.3829,7.0,,,0.5017,21.0
2010-10-08,0.4515,40.0,0.4783,43.0,0.597,42.0,,,0.6238,43.0,0.4278,25.0,0.0,1.0,0.3985,14.0,,,0.4913,20.0
2010-10-07,0.4167,35.0,0.469,42.0,0.6154,45.0,,,0.606,40.0,0.4285,26.0,0.0,1.0,0.3984,14.0,,,0.4907,20.0
2010-10-06,0.4299,37.0,0.4702,43.0,0.5676,39.0,,,0.5825,38.0,0.4268,25.0,0.0,1.0,0.3967,13.0,,,0.4954,20.0
2010-10-05,0.3282,22.0,0.4522,40.0,0.5672,39.0,,,0.5357,33.0,0.419,22.0,0.0,1.0,0.386,8.0,,,0.4844,19.0
2010-10-04,0.3359,23.0,0.4344,37.0,0.5074,33.0,,,0.5421,34.0,0.4186,22.0,0.0,1.0,0.3782,6.0,,,0.491,20.0
2010-10-01,0.3212,21.0,0.4436,38.0,0.5521,38.0,,,0.5061,28.0,0.4176,22.0,0.0,1.0,0.3941,12.0,,,0.4874,19.0
2010-09-30,0.1869,5.0,0.3957,31.0,0.4725,26.0,,,0.5201,31.0,0.4125,21.0,0.0,1.0,0.3724,4.0,,,0.492,20.0
2010-09-29,0.1611,4.0,0.3296,22.0,0.4756,27.0,,,0.5035,28.0,0.4144,22.0,0.0,1.0,0.3837,7.0,,,0.4882,19.0
2010-09-28,0.1614,4.0,0.3778,28.0,0.4877,28.0,,,0.5156,30.0,0.4145,22.0,0.0,1.0,0.3735,4.0,,,0.5052,22.0
2010-09-27,0.1785,5.0,0.3925,30.0,0.5162,34.0,,,0.5021,28.0,0.4146,22.0,0.0,1.0,0.385,8.0,,,0.4869,19.0
2010-09-24,0.2868,17.0,0.4126,33.0,0.4535,23.0,,,0.4985,27.0,0.4165,22.0,0.0,1.0,0.3785,6.0,,,0.4905,20.0
2010-09-23,0.3187,21.0,0.4671,42.0,0.4875,28.0,,,0.5236,32.0,0.4184,22.0,0.0,1.0,0.3796,6.0,,,0.4918,20.0
2010-09-22,0.368,28.0,0.4579,41.0,0.4667,25.0,,,0.5035,28.0,0.4179,22.0,0.0,1.0,0.3744,5.0,,,0.4939,20.0
2010-09-21,0.5527,51.0,0.4985,46.0,0.4664,25.0,,,0.5033,28.0,0.4248,24.0,0.0,1.0,0.368,3.0,,,0.5002,21.0
2010-09-20,0.5572,52.0,0.4931,45.0,0.4633,25.0,,,0.4986,27.0,0.4247,24.0,0.0,1.0,0.3735,4.0,,,0.4948,20.0
2010-09-17,0.5456,51.0,0.4747,43.0,0.4499,23.0,,,0.5074,28.0,0.4248,24.0,0.0,1.0,0.3664,3.0,,,0.4908,20.0
2010-09-16,0.5163,48.0,0.458,41.0,0.4811,28.0,,,0.5262,32.0,0.4246,24.0,0.0,1.0,0.3627,2.0,,,0.504,22.0
2010-09-15,0.5614,53.0,0.4466,39.0,0.5136,34.0,,,0.5491,35.0,0.4213,23.0,0.0,1.0,0.3648,3.0,,,0.505,22.0
2010-09-14,0.5552,52.0,0.0,1.0,0.5052,32.0,,,0.5541,36.0,0.4193,23.0,0.0,1.0,0.3712,4.0,,,0.4991,21.0
2010-09-13,0.5134,47.0,0.0,1.0,0.4987,31.0,,,0.5433,34.0,0.4181,22.0,0.0,1.0,0.3549,2.0,,,0.5183,24.0
2010-09-10,0.2143,8.0,0.0,1.0,0.4366,21.0,,,0.4771,23.0,0.4018,19.0,0.0,1.0,0.3734,4.0,,,0.5237,26.0
2010-09-09,0.2198,8.0,0.0,1.0,0.4531,23.0,,,0.5201,31.0,0.4026,19.0,0.0,1.0,0.3737,5.0,,,0.5559,34.0
2010-09-08,0.2125,8.0,0.0,1.0,0.4464,22.0,,,0.5191,31.0,0.4026,19.0,0.0,1.0,0.39,10.0,,,0.5347,30.0
2010-09-07,0.2847,16.0,0.0,1.0,0.4922,30.0,,,0.5062,28.0,0.4024,19.0,0.0,1.0,0.4205,21.0,,,0.5208,25.0
2010-09-03,0.3222,21.0,0.3265,21.0,0.4179,18.0,,,0.4847,24.0,0.4012,19.0,0.0,1.0,0.367,3.0,,,0.5559,34.0
2010-09-02,0.3561,27.0,0.3522,25.0,0.4579,24.0,,,0.5016,28.0,0.401,19.0,0.0,1.0,0.4139,20.0,,,0.5203,25.0
2010-09-01,0.7191,65.0,0.412,33.0,0.4587,24.0,,,0.4934,26.0,0.4014,19.0,0.0,1.0,0.4197,21.0,,,0.5123,23.0
2010-08-31,0.7335,66.0,0.4458,38.0,0.4724,26.0,,,0.511,30.0,0.4011,19.0,0.0,1.0,0.4107,19.0,,,0.537,31.0
2010-08-30,0.7331,66.0,0.4547,40.0,0.4678,26.0,,,0.5097,28.0,0.4011,19.0,0.0,1.0,0.4495,27.0,,,0.5194,25.0
2010-08-27,0.7114,65.0,0.4465,39.0,0.4392,21.0,,,0.5098,28.0,0.401,19.0,0.0,1.0,0.4031,16.0,,,0.5435,32.0
2010-08-26,0.6716,62.0,0.4492,39.0,0.4736,27.0,,,0.4922,26.0,0.3977,19.0,0.0,1.0,0.4202,21.0,,,0.5208,25.0
2010-08-25,0.6516,61.0,0.4384,37.0,0.4675,25.0,,,0.5063,28.0,0.3981,19.0,0.0,1.0,0.4277,23.0,,,0.5359,30.0
2010-08-24,0.5938,55.0,0.4344,37.0,0.4775,27.0,,,0.5179,31.0,0.3954,18.0,0.0,1.0,0.4794,34.0,,,0.5071,22.0
2010-08-23,0.2226,8.0,0.4081,32.0,0.4288,20.0,,,0.4815,24.0,0.3737,14.0,0.0,1.0,0.4153,20.0,,,0.4926,20.0
2010-08-20,0.181,5.0,0.3797,28.0,0.4211,19.0,,,0.4782,23.0,0.3724,14.0,0.0,1.0,0.4397,25.0,,,0.5155,24.0
2010-08-19,0.1877,5.0,0.3953,31.0,0.4166,18.0,,,0.4827,24.0,0.3724,14.0,0.0,1.0,0.4062,16.0,,,0.478,19.0
2010-08-18,0.2021,7.0,0.4239,35.0,0.401,16.0,,,0.4738,22.0,0.3766,15.0,0.0,1.0,0.4651,31.0,,,0.4745,18.0
2010-08-17,0.343,25.0,0.4328,36.0,0.4193,19.0,,,0.4604,20.0,0.3769,15.0,0.0,1.0,0.4139,20.0,,,0.4875,19.0
2010-08-16,0.3492,25.0,0.4328,36.0,0.4191,19.0,,,0.45,19.0,0.3805,15.0,0.0,1.0,0.4074,17.0,,,0.5001,21.0
2010-08-13,0.3636,28.0,0.4196,34.0,0.3906,15.0,,,0.4309,18.0,0.3826,16.0,0.0,1.0,0.4038,16.0,,,0.4736,18.0
2010-08-12,0.5615,53.0,0.4694,42.0,0.419,18.0,,,0.4953,26.0,0.3823,15.0,0.0,1.0,0.4004,15.0,,,0.515,24.0
2010-08-11,0.5657,53.0,0.4962,46.0,0.4252,19.0,,,0.4272,17.0,0.3823,15.0,0.0,1.0,0.4064,17.0,,,0.5081,22.0
2010-08-10,0.5568,52.0,0.5031,47.0,0.3671,8.0,,,0.4143,15.0,0.3847,16.0,0.0,1.0,0.3498,1.0,,,0.4963,21.0
2010-08-09,0.5512,51.0,0.5128,48.0,0.3766,11.0,,,0.3952,12.0,0.3842,16.0,0.0,1.0,0.3604,2.0,,,0.4622,18.0
2010-08-06,0.5509,51.0,0.4942,46.0,0.3889,14.0,,,0.4448,19.0,0.3784,15.0,0.0,1.0,0.3595,2.0,,,0.483,19.0
2010-08-05,0.5448,50.0,0.4855,45.0,0.3833,13.0,,,0.4476,19.0,0.378,15.0,0.0,1.0,0.394,12.0,,,0.4951,20.0
2010-08-04,0.5429,50.0,0.4915,45.0,0.3831,13.0,,,0.456,20.0,0.3804,15.0,0.0,1.0,0.3885,9.0,,,0.5024,21.0
2010-08-03,0.2896,17.0,0.4378,37.0,0.464,25.0,,,0.5518,36.0,0.3686,13.0,0.0,1.0,0.4607,30.0,,,0.5236,26.0
2010-08-02,0.2876,17.0,0.3872,30.0,0.5434,37.0,,,0.5036,28.0,0.4672,33.0,0.0,1.0,0.45,27.0,,,0.5482,33.0
2010-07-30,0.2951,18.0,0.3588,26.0,0.4872,28.0,,,0.4956,26.0,0.4676,33.0,0.0,1.0,0.4917,36.0,,,0.528,28.0
2010-07-29,0.2866,17.0,0.3052,19.0,0.4509,23.0,,,0.5164,31.0,0.4693,34.0,0.0,1.0,0.503,38.0,,,0.5326,28.0
2010-07-28,0.2333,10.0,0.3049,19.0,0.4377,21.0,,,0.5172,31.0,0.4671,33.0,0.0,1.0,0.4627,31.0,,,0.5311,28.0
2010-07-27,0.2266,9.0,0.3534,25.0,0.4596,24.0,,,0.5043,28.0,0.4705,34.0,0.0,1.0,0.4806,34.0,,,0.5265,27.0
2010-07-26,0.3812,31.0,0.4392,38.0,0.4315,20.0,,,0.5641,37.0,0.4741,34.0,0.0,1.0,0.4292,23.0,,,0.5394,31.0
2010-07-23,0.3407,24.0,0.4213,34.0,0.4367,21.0,,,0.4759,22.0,0.4726,34.0,0.0,1.0,0.4681,32.0,,,0.529,28.0
2010-07-22,0.3421,24.0,0.4292,35.0,0.4383,21.0,,,0.4726,22.0,0.4726,34.0,0.0,1.0,0.4548,28.0,,,0.5279,28.0
2010-07-21,0.333,23.0,0.4307,36.0,0.4435,22.0,,,0.4879,25.0,0.4726,34.0,0.0,1.0,0.4626,31.0,,,0.5193,25.0
2010-07-20,0.3538,26.0,0.4448,38.0,0.431,20.0,,,0.5087,28.0,0.4732,34.0,0.0,1.0,0.4192,21.0,,,0.568,35.0
2010-07-19,0.3519,26.0,0.4455,38.0,0.4617,25.0,,,0.5118,30.0,0.4719,34.0,0.0,1.0,0.5069,39.0,,,0.5504,33.0
2010-07-16,0.3559,27.0,0.4111,33.0,0.4529,23.0,,,0.5822,38.0,0.4721,34.0,0.0,1.0,0.4824,35.0,,,0.5611,34.0
2010-07-15,0.3617,27.0,0.4035,32.0,0.4473,22.0,,,0.5568,36.0,0.4675,33.0,0.0,1.0,0.4404,25.0,,,0.5479,33.0
2010-07-14,0.3497,25.0,0.4357,37.0,0.4433,22.0,,,0.5631,36.0,0.467,33.0,0.0,1.0,0.433,23.0,,,0.5537,34.0
2010-07-13,0.3361,23.0,0.0,1.0,0.4786,28.0,,,0.5292,33.0,0.4677,34.0,0.0,1.0,0.4603,30.0,,,0.5304,28.0
2010-07-12,0.3584,27.0,0.0,1.0,0.5128,33.0,,,0.5644,37.0,0.4683,34.0,0.0,1.0,0.4742,33.0,,,0.53,28.0
2010-07-09,0.3697,28.0,0.0,1.0,0.4933,30.0,,,0.5249,32.0,0.4684,34.0,0.0,1.0,0.474,33.0,,,0.5602,34.0
2010-07-08,0.4337,37.0,0.0,1.0,0.5213,35.0,,,0.5235,32.0,0.4672,33.0,0.0,1.0,0.4925,36.0,,,0.531,28.0
2010-07-07,0.4615,42.0,0.0,1.0,0.5267,35.0,,,0.5955,39.0,0.4673,33.0,0.0,1.0,0.4853,35.0,,,0.5466,32.0
2010-07-06,0.2365,10.0,0.0,1.0,0.6,43.0,,,0.6011,40.0,0.4624,32.0,0.0,1.0,0.5232,43.0,,,0.53,28.0
2010-07-02,0.5958,56.0,0.4596,41.0,0.5317,36.0,,,0.619,42.0,0.4623,32.0,0.0,1.0,0.4966,37.0,,,0.5413,31.0
2010-07-01,0.62,57.0,0.4505,39.0,0.5473,37.0,,,0.6419,45.0,0.462,32.0,0.0,1.0,0.489,36.0,,,0.5511,33.0
2010-06-30,0.6324,59.0,0.4486,39.0,0.596,42.0,,,0.5952,39.0,0.4626,33.0,0.0,1.0,0.5139,41.0,,,0.5188,25.0
2010-06-29,0.6296,59.0,0.4434,38.0,0.6181,46.0,,,0.5896,39.0,0.4604,32.0,0.0,1.0,0.5034,38.0,,,0.5001,21.0
2010-06-28,0.6505,60.0,0.4564,40.0,0.5364,36.0,,,0.5302,33.0,0.4587,32.0,0.0,1.0,0.4872,35.0,,,0.5265,27.0
2010-06-25,0.6152,57.0,0.4828,44.0,0.4845,28.0,,,0.6251,43.0,0.4558,31.0,0.0,1.0,0.4671,32.0,,,0.5467,32.0
2010-06-24,0.4408,38.0,0.4364,37.0,0.5342,36.0,,,0.6344,44.0,0.4478,30.0,0.0,1.0,0.4992,37.0,,,0.5327,30.0
2010-06-23,0.4439,39.0,0.4246,35.0,0.6006,43.0,,,0.5846,38.0,0.4474,30.0,0.0,1.0,0.5068,39.0,,,0.53,28.0
2010-06-22,0.4021,34.0,0.4247,35.0,0.5697,39.0,,,0.5965,40.0,0.447,30.0,0.0,1.0,0.5329,45.0,,,0.5418,31.0
2010-06-21,0.3338,23.0,0.4135,33.0,0.5452,37.0,,,0.4723,22.0,0.4454,30.0,0.0,1.0,0.5285,44.0,,,0.5055,22.0
2010-06-18,0.0631,2.0,0.3993,32.0,0.481,28.0,,,0.4931,26.0,0.4429,28.0,0.0,1.0,0.48,34.0,,,0.5325,28.0
2010-06-17,0.0834,2.0,0.3977,31.0,0.4579,24.0,,,0.5509,35.0,0.4415,28.0,0.0,1.0,0.488,36.0,,,0.5477,32.0
2010-06-16,0.4741,43.0,0.4344,37.0,0.5762,40.0,,,0.564,36.0,0.4411,28.0,0.0,1.0,0.5215,42.0,,,0.569,35.0
2010-06-15,0.4799,43.0,0.4193,34.0,0.5818,40.0,,,0.6332,44.0,0.4408,28.0,0.0,1.0,0.5141,41.0,,,0.5651,35.0
2010-06-14,0.4916,45.0,0.4146,33.0,0.6245,46.0,,,0.6774,49.0,0.4402,28.0,0.0,1.0,0.5327,45.0,,,0.5978,40.0
2010-06-11,0.4852,44.0,0.409,33.0,0.5915,41.0,,,0.6606,47.0,0.4402,28.0,0.0,1.0,0.5347,45.0,,,0.6109,42.0
2010-06-10,0.4624,42.0,0.398,31.0,0.6121,45.0,,,0.6981,51.0,0.4399,28.0,0.0,1.0,0.5375,45.0,,,0.6234,45.0
2010-06-09,0.4307,37.0,0.4109,33.0,0.7827,59.0,,,0.6875,49.0,0.4388,28.0,0.0,1.0,0.576,50.0,,,0.6264,45.0
2010-06-08,0.3267,22.0,0.0,1.0,0.6617,50.0,,,0.7175,53.0,0.4376,28.0,0.0,1.0,0.6126,51.0,,,0.6387,47.0
2010-06-07,0.1628,4.0,0.0,1.0,0.662,50.0,,,0.6888,50.0,0.4299,26.0,0.0,1.0,0.5694,49.0,,,0.6317,46.0
2010-06-04,0.3994,34.0,0.0,1.0,0.6347,47.0,,,0.6204,42.0,0.4341,27.0,0.0,1.0,0.5631,49.0,,,0.5994,41.0
2010-06-03,0.3891,32.0,0.0,1.0,0.5522,38.0,,,0.6099,41.0,0.4333,27.0,0.0,1.0,0.5347,45.0,,,0.5988,40.0
2010-06-02,0.3737,30.0,0.0,1.0,0.5207,35.0,,,0.6843,49.0,0.4329,27.0,0.0,1.0,0.5346,45.0,,,0.5901,38.0
2010-06-01,0.4563,41.0,0.0,1.0,0.5469,37.0,,,0.6221,43.0,0.4336,27.0,0.0,1.0,0.5673,49.0,,,0.6054,41.0
2010-05-28,0.5582,52.0,0.4222,34.0,0.5217,35.0,,,0.6079,41.0,0.4322,27.0,0.0,1.0,0.5341,45.0,,,0.5529,33.0
2010-05-27,0.5601,52.0,0.4107,33.0,0.6008,43.0,,,0.61,41.0,0.432,27.0,0.0,1.0,0.5638,49.0,,,0.6474,49.0
2010-05-26,0.3962,33.0,0.3662,27.0,0.6033,44.0,,,0.6893,50.0,0.4268,25.0,0.0,1.0,0.5983,51.0,,,0.6329,46.0
2010-05-25,0.3731,28.0,0.3529,25.0,0.651,49.0,,,0.7413,55.0,0.4265,25.0,0.0,1.0,0.5774,50.0,,,0.7024,56.0
2010-05-24,0.3767,30.0,0.3303,22.0,0.6893,52.0,,,0.6919,50.0,0.4266,25.0,0.0,1.0,0.6218,52.0,,,0.5799,37.0
2010-05-21,0.3845,31.0,0.2875,17.0,0.7166,54.0,,,0.773,57.0,0.4227,24.0,0.0,1.0,0.6208,52.0,,,0.6649,52.0
2010-05-20,0.4815,44.0,0.3558,26.0,0.7072,54.0,,,0.6718,48.0,0.4221,23.0,0.0,1.0,0.6403,52.0,,,0.6075,42.0
2010-05-19,0.2819,16.0,0.4075,32.0,0.6403,48.0,,,0.625,43.0,0.4143,22.0,0.0,1.0,0.5688,49.0,,,0.5981,40.0
2010-05-18,0.2823,16.0,0.4222,34.0,0.631,47.0,,,0.6329,44.0,0.4143,22.0,0.0,1.0,0.5619,49.0,,,0.595,40.0
2010-05-17,0.3196,21.0,0.423,35.0,0.6148,45.0,,,0.7018,51.0,0.415,22.0,0.0,1.0,0.5068,39.0,,,0.5684,35.0
2010-05-14,0.4619,42.0,0.5063,47.0,0.598,42.0,,,0.6533,47.0,0.416,22.0,0.0,1.0,0.5571,48.0,,,0.5942,39.0
2010-05-13,0.4903,45.0,0.5369,50.0,0.5741,40.0,,,0.6182,42.0,0.4174,22.0,0.0,1.0,0.5307,44.0,,,0.5823,37.0
2010-05-12,0.5563,52.0,0.5277,49.0,0.582,40.0,,,0.6594,47.0,0.4167,22.0,0.0,1.0,0.5271,44.0,,,0.5883,38.0
2010-05-11,0.5164,48.0,0.4836,44.0,0.6005,43.0,,,0.5874,38.0,0.4132,21.0,0.0,1.0,0.5557,48.0,,,0.5925,39.0
2010-05-10,0.4779,43.0,0.4296,36.0,0.569,39.0,,,0.6223,43.0,0.4113,21.0,0.0,1.0,0.4549,28.0,,,0.5147,24.0
2010-05-07,0.4469,39.0,0.4287,35.0,0.5986,43.0,,,0.5877,38.0,0.409,21.0,0.0,1.0,0.5146,41.0,,,0.5027,21.0
2010-05-06,0.5059,46.0,0.465,42.0,0.5288,35.0,,,0.5222,32.0,0.4133,21.0,0.0,1.0,0.4628,31.0,,,0.4523,15.0
2010-05-05,0.4589,41.0,0.3674,27.0,0.5356,36.0,,,0.44,18.0,0.4114,21.0,0.0,1.0,0.4108,19.0,,,0.44,12.0
2010-05-04,0.3255,22.0,0.309,19.0,0.5251,35.0,,,0.5153,30.0,0.407,21.0,0.0,1.0,0.4305,23.0,,,0.4497,14.0
2010-05-03,0.309,20.0,0.3003,18.0,0.5437,37.0,,,0.4832,24.0,0.4056,20.0,0.0,1.0,0.3837,7.0,,,0.4115,3.0
2010-04-30,0.3339,23.0,0.2996,18.0,0.5072,33.0,,,0.4623,21.0,0.4054,20.0,0.0,1.0,0.4039,16.0,,,0.3926,2.0
2010-04-29,0.3369,23.0,0.3117,20.0,0.4536,23.0,,,0.4697,21.0,0.4053,20.0,0.0,1.0,0.3802,6.0,,,0.419,5.0
2010-04-28,0.33,22.0,0.2895,17.0,0.4184,18.0,,,0.4485,19.0,0.4046,20.0,0.0,1.0,0.3847,7.0,,,0.41,3.0
2010-04-27,0.2348,10.0,0.2339,13.0,0.4038,16.0,,,0.3823,10.0,0.4013,19.0,0.0,1.0,0.3642,3.0,,,0.3986,2.0
2010-04-26,0.2274,9.0,0.2515,14.0,0.4135,18.0,,,0.3771,9.0,0.4011,19.0,0.0,1.0,0.3702,4.0,,,0.3817,1.0
2010-04-23,0.2105,7.0,0.246,14.0,0.3605,7.0,,,0.3791,10.0,0.402,19.0,0.0,1.0,0.3503,1.0,,,0.3787,1.0
2010-04-22,0.2085,7.0,0.2599,14.0,0.3466,4.0,,,0.3905,12.0,0.4023,19.0,0.0,1.0,0.3413,1.0,,,0.3905,2.0
2010-04-21,0.1917,6.0,0.2846,17.0,0.3482,4.0,,,0.388,11.0,0.4066,21.0,0.0,1.0,0.3608,2.0,,,0.3961,2.0
2010-04-20,0.1883,6.0,0.2708,15.0,0.3674,8.0,,,0.3675,7.0,0.4072,21.0,0.0,1.0,0.3487,1.0,,,0.3847,2.0
2010-04-19,0.2616,14.0,0.3074,19.0,0.3669,8.0,,,0.3757,8.0,0.4064,21.0,0.0,1.0,0.3542,1.0,,,0.3855,2.0
2010-04-16,0.2063,7.0,0.2907,17.0,0.329,1.0,,,0.395,12.0,0.4053,20.0,0.0,1.0,0.3462,1.0,,,0.4024,2.0
2010-04-15,0.206,7.0,0.2811,16.0,0.3814,13.0,,,0.3665,7.0,0.4056,20.0,0.0,1.0,0.3643,3.0,,,0.3937,2.0
2010-04-14,0.2833,16.0,0.3104,20.0,0.3814,13.0,,,0.3694,7.0,0.4086,21.0,0.0,1.0,0.3722,4.0,,,0.3848,2.0
2010-04-13,0.3315,22.0,0.3493,25.0,0.4137,18.0,,,0.3691,7.0,0.4115,21.0,0.0,1.0,0.3757,5.0,,,0.378,1.0
2010-04-12,0.3325,23.0,0.0,1.0,0.3837,13.0,,,0.3808,10.0,0.4116,21.0,0.0,1.0,0.3674,3.0,,,0.3954,2.0
2010-04-09,0.4911,45.0,0.0,1.0,0.3257,1.0,,,0.4108,15.0,0.4116,21.0,0.0,1.0,0.3412,1.0,,,0.4173,5.0
2010-04-08,0.4213,36.0,0.0,1.0,0.3525,5.0,,,0.4467,19.0,0.4108,21.0,0.0,1.0,0.3595,2.0,,,0.413,3.0
2010-04-07,0.4167,35.0,0.0,1.0,0.3809,13.0,,,0.409,15.0,0.4106,21.0,0.0,1.0,0.3809,7.0,,,0.3726,1.0
2010-04-06,0.4185,36.0,0.0,1.0,0.4187,18.0,,,0.3844,11.0,0.4106,21.0,0.0,1.0,0.392,11.0,,,0.3795,1.0
2010-04-05,0.4124,35.0,0.0,1.0,0.3681,9.0,,,0.3972,13.0,0.409,21.0,0.0,1.0,0.3622,2.0,,,0.4063,3.0
2010-04-01,0.3417,24.0,0.3107,20.0,0.3818,13.0,,,0.3891,12.0,0.4077,21.0,0.0,1.0,0.4022,15.0,,,0.3838,2.0
2010-03-31,0.1106,2.0,0.2078,12.0,0.3989,16.0,,,0.3758,9.0,0.4036,20.0,0.0,1.0,0.3785,6.0,,,0.3851,2.0
2010-03-30,0.1438,3.0,0.2693,15.0,0.3594,6.0,,,0.3785,9.0,0.4035,20.0,0.0,1.0,0.3556,2.0,,,0.3995,2.0
2010-03-29,0.1715,4.0,0.3213,21.0,0.3293,1.0,,,0.4176,16.0,0.4035,20.0,0.0,1.0,0.3378,1.0,,,0.4212,6.0
2010-03-26,0.1713,4.0,0.3027,18.0,0.3514,5.0,,,0.4304,18.0,0.4052,20.0,0.0,1.0,0.3073,1.0,,,0.3539,1.0
2010-03-25,0.1514,3.0,0.2965,17.0,0.3737,10.0,,,0.3785,9.0,0.4049,20.0,0.0,1.0,0.3766,5.0,,,0.3872,2.0
2010-03-24,0.1502,3.0,0.3167,20.0,0.3842,14.0,,,0.3597,5.0,0.4048,20.0,0.0,1.0,0.3756,5.0,,,0.3584,1.0
2010-03-23,0.1497,3.0,0.3117,20.0,0.3367,2.0,,,0.3762,9.0,0.4058,20.0,0.0,1.0,0.3706,4.0,,,0.3646,1.0
2010-03-22,0.2039,7.0,0.3399,24.0,0.3589,6.0,,,0.4132,15.0,0.4058,20.0,0.0,1.0,0.348,1.0,,,0.4051,2.0
2010-03-19,0.1768,5.0,0.2928,17.0,0.4152,18.0,,,0.3608,5.0,0.405,20.0,0.0,1.0,0.4069,17.0,,,0.383,2.0
2010-03-18,0.1585,3.0,0.23,13.0,0.3794,12.0,,,0.379,10.0,0.4046,20.0,0.0,1.0,0.3637,2.0,,,0.3741,1.0
2010-03-17,0.2368,10.0,0.2658,15.0,0.3921,15.0,,,0.404,14.0,0.4047,20.0,0.0,1.0,0.3693,3.0,,,0.3934,2.0
2010-03-16,0.238,11.0,0.2679,15.0,0.3866,14.0,,,0.4149,15.0,0.4047,20.0,0.0,1.0,0.3865,8.0,,,0.416,4.0
2010-03-15,0.2866,17.0,0.2803,16.0,0.365,8.0,,,0.4172,16.0,0.4185,22.0,0.0,1.0,0.3713,4.0,,,0.4201,6.0
2010-03-12,0.297,18.0,0.3195,21.0,0.3719,10.0,,,0.4246,17.0,0.4215,23.0,0.0,1.0,0.366,3.0,,,0.4262,8.0
2010-03-11,0.2767,15.0,0.3087,19.0,0.3782,12.0,,,0.405,14.0,0.4242,24.0,0.0,1.0,0.3887,9.0,,,0.4268,8.0
2010-03-10,0.2752,15.0,0.3196,21.0,0.3705,9.0,,,0.4022,13.0,0.4285,26.0,0.0,1.0,0.3788,6.0,,,0.4217,6.0
2010-03-09,0.2737,15.0,0.3747,28.0,0.3724,10.0,,,0.4177,16.0,0.4291,26.0,0.0,1.0,0.382,7.0,,,0.4147,4.0
2010-03-08,0.2326,10.0,0.3951,31.0,0.3751,11.0,,,0.4183,16.0,0.4296,26.0,0.0,1.0,0.3776,5.0,,,0.4242,7.0
2010-03-05,0.2718,15.0,0.3992,32.0,0.3755,11.0,,,0.4026,14.0,0.43,26.0,0.0,1.0,0.3863,8.0,,,0.43,10.0
2010-03-04,0.3066,19.0,0.4486,39.0,0.3604,7.0,,,0.4205,16.0,0.4293,26.0,0.0,1.0,0.3693,3.0,,,0.4297,9.0
2010-03-03,0.4009,34.0,0.4312,36.0,0.3553,6.0,,,0.4495,19.0,0.4289,26.0,0.0,1.0,0.3575,2.0,,,0.4291,9.0
2010-03-02,0.4304,37.0,0.4383,37.0,0.3631,7.0,,,0.4338,18.0,0.4286,26.0,0.0,1.0,0.3691,3.0,,,0.4329,10.0
2010-03-01,0.4332,37.0,0.4391,38.0,0.382,13.0,,,0.4126,15.0,0.4284,26.0,0.0,1.0,0.3881,9.0,,,0.418,5.0
2010-02-26,0.4655,42.0,0.432,36.0,0.3854,14.0,,,0.4199,16.0,0.4284,26.0,0.0,1.0,0.3807,6.0,,,0.4119,3.0
2010-02-25,0.3995,34.0,0.3985,32.0,0.3896,14.0,,,0.4153,15.0,0.424,24.0,0.0,1.0,0.3857,8.0,,,0.4142,4.0
2010-02-24,0.3902,32.0,0.4155,33.0,0.4101,17.0,,,0.3933,12.0,0.4256,25.0,0.0,1.0,0.4031,16.0,,,0.3878,2.0
2010-02-23,0.3116,20.0,0.0,1.0,0.4068,17.0,,,0.3969,13.0,0.4218,23.0,0.0,1.0,0.4081,17.0,,,0.4056,3.0
2010-02-22,0.3219,21.0,0.0,1.0,0.4132,17.0,,,0.4125,15.0,0.421,23.0,0.0,1.0,0.4089,18.0,,,0.405,2.0
2010-02-19,0.3761,30.0,0.0,1.0,0.3964,16.0,,,0.4105,15.0,0.4266,25.0,0.0,1.0,0.3964,13.0,,,0.4105,3.0
2010-02-18,1.2102,92.0,0.0,1.0,0.3783,12.0,,,0.4277,17.0,0.4271,25.0,0.0,1.0,0.3783,6.0,,,0.4277,9.0
2010-02-17,1.2445,93.0,0.0,1.0,0.3866,14.0,,,0.4237,17.0,0.4319,27.0,0.0,1.0,0.3866,8.0,,,0.431,10.0
2010-02-16,1.294,94.0,0.0,1.0,0.4081,17.0,,,0.403,14.0,0.4327,27.0,0.0,1.0,0.4081,17.0,,,0.4255,8.0
2010-02-12,1.34,95.0,0.6032,57.0,0.412,17.0,,,0.4228,17.0,0.4347,27.0,0.0,1.0,0.412,19.0,,,0.438,11.0
2010-02-11,1.2941,94.0,0.601,56.0,0.4099,17.0,,,0.4222,16.0,0.4332,27.0,0.0,1.0,0.4099,18.0,,,0.4415,12.0
2010-02-09,0.4369,38.0,0.332,22.0,0.4229,19.0,,,0.3645,6.0,0.3151,1.0,0.0,1.0,0.3695,3.0,,,0.3645,1.0
2010-01-29,0.1448,3.0,0.2655,15.0,0.3544,5.0,,,0.325,1.0,0.3175,1.0,0.0,1.0,0.3368,1.0,,,0.325,1.0
2010-01-28,0.155,3.0,0.27,15.0,0.3309,2.0,,,0.3339,1.0,0.3179,1.0,0.0,1.0,0.3359,1.0,,,0.3339,1.0
