date,hv10,hv10_rank,phv10,phv10_rank,ivcall10,ivcall10_rank,ivmean10,ivmean10_rank,ivput10,ivput10_rank,hv180,hv180_rank,phv180,phv180_rank,ivcall1080,ivcall1080_rank,ivmean1080,ivmean1080_rank,ivput1080,ivput1080_rank
2025-08-15,0.206,39.0,0.2223,49.0,0.2312,33.0,0.232,32.0,0.2327,33.0,0.3208,78.0,0.283,77.0,0.2718,41.0,0.2906,56.0,0.3094,73.0
2025-08-14,0.1887,32.0,0.2115,43.0,0.2453,41.0,0.2376,36.0,0.2298,31.0,0.3203,78.0,0.2826,77.0,0.29,50.0,0.285,52.0,0.2799,54.0
2025-08-13,0.1912,33.0,0.2245,50.0,0.2542,47.0,0.246,42.0,0.2377,37.0,0.3201,78.0,0.2822,77.0,0.2905,50.0,0.2911,57.0,0.2916,63.0
2025-08-12,0.1789,28.0,0.2084,41.0,0.2709,56.0,0.2913,68.0,0.3117,75.0,0.3205,78.0,0.2823,77.0,0.2659,38.0,0.267,34.0,0.2681,44.0
2025-08-08,0.2073,40.0,0.2053,40.0,0.3042,72.0,0.2796,63.0,0.255,48.0,0.3214,79.0,0.2815,77.0,0.312,56.0,0.2984,61.0,0.2848,57.0
2025-08-07,0.1991,36.0,0.2216,49.0,0.2524,46.0,0.2609,51.0,0.2693,57.0,0.3212,78.0,0.2813,77.0,0.3047,55.0,0.2993,61.0,0.2939,64.0
2025-08-05,0.2048,39.0,0.2323,54.0,0.2605,51.0,0.2648,54.0,0.2691,57.0,0.3218,79.0,0.2813,77.0,0.3116,56.0,0.3022,62.0,0.2927,63.0
2025-08-04,0.1327,13.0,0.2171,46.0,0.2617,51.0,0.2792,63.0,0.2967,70.0,0.3211,78.0,0.2812,77.0,0.3039,54.0,0.2915,57.0,0.2792,54.0
2025-08-01,0.1437,16.0,0.226,51.0,0.2799,61.0,0.2886,67.0,0.2973,71.0,0.3212,78.0,0.2811,77.0,0.304,54.0,0.2962,59.0,0.2885,61.0
2025-07-31,0.1946,34.0,0.237,57.0,0.2539,47.0,0.256,48.0,0.2582,51.0,0.3203,78.0,0.2817,77.0,0.3041,54.0,0.2966,60.0,0.289,61.0
2025-07-30,0.4011,86.0,0.3316,83.0,0.2673,54.0,0.2665,55.0,0.2657,55.0,0.3209,78.0,0.2813,77.0,0.3022,54.0,0.296,59.0,0.2898,62.0
2025-07-29,0.4059,86.0,0.3228,82.0,0.2547,47.0,0.2668,56.0,0.2788,62.0,0.3216,79.0,0.2806,77.0,0.2985,53.0,0.2974,60.0,0.2963,66.0
2025-07-28,0.3929,85.0,0.3216,82.0,0.2568,48.0,0.2684,56.0,0.2799,63.0,0.3249,79.0,0.2804,77.0,0.2957,52.0,0.282,49.0,0.2682,44.0
2025-07-25,0.4039,86.0,0.3303,83.0,0.2518,46.0,0.2696,57.0,0.2874,66.0,0.3264,79.0,0.2847,77.0,0.2784,45.0,0.2742,43.0,0.2699,45.0
2025-07-24,0.4029,86.0,0.3317,83.0,0.2816,62.0,0.3014,72.0,0.3211,78.0,0.3264,79.0,0.2847,77.0,0.2746,42.0,0.2683,36.0,0.262,38.0
2025-07-22,0.411,87.0,0.3117,80.0,0.2783,60.0,0.2967,71.0,0.3151,76.0,0.3243,79.0,0.283,77.0,0.2809,46.0,0.2739,42.0,0.2669,42.0
2025-07-21,0.1201,9.0,0.2028,39.0,0.3591,83.0,0.3572,83.0,0.3553,83.0,0.3126,78.0,0.277,76.0,0.282,47.0,0.2823,50.0,0.2826,57.0
2025-07-18,0.1504,18.0,0.2032,39.0,0.3177,76.0,0.3269,79.0,0.3362,80.0,0.3124,78.0,0.2767,76.0,0.292,51.0,0.2874,54.0,0.2828,57.0
2025-07-17,0.1554,20.0,0.1995,37.0,0.3268,78.0,0.3438,81.0,0.3607,84.0,0.3127,78.0,0.2765,76.0,0.2825,47.0,0.2818,49.0,0.281,55.0
2025-07-16,0.2177,45.0,0.2035,39.0,0.3729,85.0,0.3532,83.0,0.3336,80.0,0.3121,78.0,0.2756,75.0,0.288,49.0,0.2794,47.0,0.2709,46.0
2025-07-15,0.2204,46.0,0.1993,37.0,0.3337,79.0,0.3306,80.0,0.3275,79.0,0.3121,78.0,0.2756,75.0,0.2817,46.0,0.2801,48.0,0.2785,53.0
2025-07-14,0.2341,52.0,0.2151,45.0,0.3293,79.0,0.297,71.0,0.2646,54.0,0.3132,78.0,0.2758,75.0,0.2847,48.0,0.2818,49.0,0.2789,54.0
2025-07-11,0.2437,55.0,0.2126,44.0,0.3176,76.0,0.326,79.0,0.3344,80.0,0.3135,78.0,0.2761,75.0,0.2822,47.0,0.2676,35.0,0.253,30.0
2025-07-09,0.2765,64.0,0.2585,66.0,0.2211,27.0,0.2006,11.0,0.18,5.0,0.3133,78.0,0.2763,76.0,0.2748,43.0,0.272,40.0,0.2691,45.0
2025-07-08,0.237,53.0,0.261,67.0,0.2989,70.0,0.2776,62.0,0.2564,49.0,0.3151,78.0,0.2781,76.0,0.2386,20.0,0.2627,31.0,0.2868,60.0
2025-07-07,0.2557,59.0,0.2422,59.0,0.2719,57.0,0.2466,42.0,0.2214,27.0,0.315,78.0,0.2771,76.0,0.2615,36.0,0.2714,40.0,0.2814,56.0
2025-07-03,0.2234,47.0,0.2476,61.0,0.2371,36.0,0.2404,38.0,0.2437,41.0,0.3142,78.0,0.278,76.0,0.2513,28.0,0.2762,45.0,0.3012,69.0
2025-07-02,0.1993,36.0,0.2355,56.0,0.252,46.0,0.2554,48.0,0.2588,51.0,0.3146,78.0,0.2774,76.0,0.2509,28.0,0.2776,46.0,0.3042,70.0
2025-07-01,0.2001,37.0,0.2407,59.0,0.2549,47.0,0.2593,51.0,0.2637,54.0,0.3142,78.0,0.2772,76.0,0.252,28.0,0.2748,43.0,0.2976,67.0
2025-06-30,0.134,13.0,0.1705,21.0,0.2403,38.0,0.2398,37.0,0.2392,38.0,0.3109,78.0,0.2742,75.0,0.2488,27.0,0.266,34.0,0.2833,57.0
2025-06-27,0.1469,17.0,0.1777,24.0,0.2546,47.0,0.2498,44.0,0.245,42.0,0.311,78.0,0.2748,75.0,0.2631,37.0,0.2865,53.0,0.3099,73.0
2025-06-26,0.2025,38.0,0.1828,27.0,0.2468,42.0,0.256,48.0,0.2653,55.0,0.3111,78.0,0.2746,75.0,0.2626,37.0,0.2863,53.0,0.31,73.0
2025-06-25,0.2036,38.0,0.1732,22.0,0.2392,38.0,0.2848,65.0,0.3303,79.0,0.3109,78.0,0.2743,75.0,0.2615,36.0,0.2784,47.0,0.2954,65.0
2025-06-24,0.2449,56.0,0.1859,28.0,0.2719,57.0,0.2624,52.0,0.253,47.0,0.311,78.0,0.2744,75.0,0.2632,37.0,0.2821,50.0,0.301,68.0
2025-06-23,0.1797,28.0,0.1672,19.0,0.2061,17.0,0.2572,49.0,0.3083,74.0,0.3091,78.0,0.2746,75.0,0.2643,38.0,0.2906,56.0,0.3169,76.0
2025-06-20,0.1624,22.0,0.1617,17.0,0.2816,62.0,0.2754,60.0,0.2693,57.0,0.3088,78.0,0.2748,75.0,0.2602,35.0,0.2805,48.0,0.3008,68.0
2025-06-18,0.1641,23.0,0.1602,16.0,0.4187,89.0,0.3482,82.0,0.2778,62.0,0.3126,78.0,0.2768,76.0,0.2637,37.0,0.2844,52.0,0.305,71.0
2025-06-17,0.1895,33.0,0.1589,16.0,0.3017,71.0,0.2901,68.0,0.2785,62.0,0.3126,78.0,0.277,76.0,0.2633,37.0,0.2904,56.0,0.3176,76.0
2025-06-16,0.1804,28.0,0.1442,10.0,0.4122,89.0,0.3487,82.0,0.2852,65.0,0.3119,78.0,0.2767,76.0,0.2652,38.0,0.2896,56.0,0.314,75.0
2025-06-13,0.1703,25.0,0.1518,13.0,0.2841,63.0,0.2842,65.0,0.2844,65.0,0.3116,78.0,0.2769,76.0,0.2608,36.0,0.2855,53.0,0.3102,73.0
2025-06-12,0.1371,14.0,0.1417,9.0,0.2481,43.0,0.2526,46.0,0.2572,50.0,0.3126,78.0,0.2781,76.0,0.2637,37.0,0.2922,57.0,0.3207,77.0
2025-06-11,0.1764,28.0,0.1597,16.0,0.2559,48.0,0.257,49.0,0.258,50.0,0.3127,78.0,0.278,76.0,0.2638,37.0,0.286,53.0,0.3082,72.0
2025-06-10,0.2256,49.0,0.183,27.0,0.2488,44.0,0.3066,74.0,0.3644,84.0,0.3126,78.0,0.2786,76.0,0.259,34.0,0.2844,52.0,0.3098,73.0
2025-06-09,0.2276,49.0,0.1854,28.0,0.3134,74.0,0.2998,72.0,0.2863,66.0,0.3128,78.0,0.2787,76.0,0.2723,41.0,0.2946,57.0,0.3168,76.0
2025-06-06,0.2186,45.0,0.1841,27.0,0.2845,63.0,0.2732,59.0,0.2619,53.0,0.3129,78.0,0.2787,76.0,0.2738,42.0,0.283,50.0,0.2922,63.0
2025-06-05,0.2055,39.0,0.1904,31.0,0.2769,59.0,0.2754,60.0,0.2738,60.0,0.3125,78.0,0.2788,76.0,0.2751,43.0,0.2896,56.0,0.3042,70.0
2025-06-04,0.2458,56.0,0.1878,30.0,0.2723,57.0,0.2792,63.0,0.2862,66.0,0.3132,78.0,0.2786,76.0,0.2516,28.0,0.2842,51.0,0.3169,76.0
2025-06-03,0.2478,56.0,0.1898,31.0,0.2688,55.0,0.2694,57.0,0.2701,57.0,0.3131,78.0,0.2785,76.0,0.2693,40.0,0.284,51.0,0.2987,67.0
2025-06-02,0.2039,38.0,0.1774,24.0,0.2756,59.0,0.2616,52.0,0.2477,43.0,0.3117,78.0,0.2779,76.0,0.2593,35.0,0.2799,48.0,0.3005,68.0
2025-05-30,0.2052,39.0,0.1634,17.0,0.237,36.0,0.252,46.0,0.267,56.0,0.3105,78.0,0.2769,76.0,0.2618,36.0,0.288,54.0,0.3142,75.0
2025-05-29,0.2053,39.0,0.1591,16.0,0.2662,54.0,0.2673,56.0,0.2685,57.0,0.3106,78.0,0.2767,76.0,0.2622,36.0,0.2828,50.0,0.3034,70.0
2025-05-28,0.2061,39.0,0.1667,19.0,0.286,64.0,0.283,64.0,0.28,63.0,0.3106,78.0,0.2768,76.0,0.2598,35.0,0.2791,47.0,0.2984,67.0
2025-05-27,0.2121,42.0,0.1623,17.0,0.2652,53.0,0.2714,57.0,0.2777,62.0,0.3113,78.0,0.2765,76.0,0.271,41.0,0.2952,59.0,0.3195,77.0
2025-05-23,0.1953,35.0,0.1751,23.0,0.2806,61.0,0.2812,64.0,0.2819,64.0,0.3102,78.0,0.2765,76.0,0.2782,44.0,0.3003,61.0,0.3224,78.0
2025-05-22,0.1992,36.0,0.1799,25.0,0.2699,56.0,0.2724,59.0,0.2748,60.0,0.3144,78.0,0.2776,76.0,0.2745,42.0,0.2904,56.0,0.3063,71.0
2025-05-21,0.2045,39.0,0.177,24.0,0.2792,60.0,0.277,62.0,0.2748,60.0,0.3144,78.0,0.2776,76.0,0.2673,39.0,0.2898,56.0,0.3124,74.0
2025-05-20,0.3459,79.0,0.1705,21.0,0.2604,51.0,0.2618,52.0,0.2631,53.0,0.3134,78.0,0.277,76.0,0.253,30.0,0.2836,51.0,0.3143,75.0
2025-05-19,0.3551,80.0,0.1759,23.0,0.2626,52.0,0.2612,52.0,0.2599,52.0,0.3134,78.0,0.2771,76.0,0.2715,41.0,0.2838,51.0,0.296,66.0
2025-05-16,0.3765,83.0,0.2019,38.0,0.2508,45.0,0.2474,43.0,0.2441,41.0,0.3151,78.0,0.2777,76.0,0.2586,34.0,0.2847,52.0,0.3108,74.0
2025-05-15,0.3974,85.0,0.2028,39.0,0.2784,60.0,0.2831,64.0,0.2878,67.0,0.3158,78.0,0.278,76.0,0.2693,40.0,0.2846,52.0,0.2999,68.0
2025-05-14,0.4077,86.0,0.1943,34.0,0.2629,52.0,0.2685,57.0,0.2741,60.0,0.3151,78.0,0.2775,76.0,0.3037,54.0,0.3028,62.0,0.3019,69.0
2025-05-13,0.3826,84.0,0.1974,36.0,0.2054,16.0,0.2992,72.0,0.393,87.0,0.3144,78.0,0.2773,76.0,0.3001,53.0,0.288,54.0,0.2758,51.0
2025-05-12,0.3854,84.0,0.2099,42.0,0.2609,51.0,0.2946,70.0,0.3283,79.0,0.3154,78.0,0.2774,76.0,0.297,53.0,0.2888,55.0,0.2806,55.0
2025-05-09,0.222,47.0,0.2169,46.0,0.2791,60.0,0.2865,66.0,0.2939,69.0,0.306,77.0,0.2778,76.0,0.3072,55.0,0.301,62.0,0.2948,65.0
2025-05-08,0.2102,41.0,0.2622,67.0,0.3263,78.0,0.3451,82.0,0.3639,84.0,0.3082,77.0,0.2789,76.0,0.3094,56.0,0.3026,62.0,0.2958,65.0
2025-05-07,0.1053,6.0,0.3541,86.0,0.3153,75.0,0.2839,65.0,0.2525,46.0,0.3217,79.0,0.2806,77.0,0.3215,59.0,0.311,65.0,0.3004,68.0
2025-05-06,0.1125,7.0,0.354,86.0,0.2593,50.0,0.3252,79.0,0.391,87.0,0.3249,79.0,0.2824,77.0,0.3109,56.0,0.3064,63.0,0.302,69.0
2025-05-05,0.1151,8.0,0.3587,87.0,0.312,74.0,0.3107,75.0,0.3095,75.0,0.3255,79.0,0.2823,77.0,0.3011,54.0,0.2984,61.0,0.2956,65.0
2025-05-02,0.2918,68.0,0.3724,88.0,0.3697,84.0,0.3368,80.0,0.3039,73.0,0.3257,79.0,0.2821,77.0,0.3115,56.0,0.3036,63.0,0.2957,65.0
2025-05-01,0.2931,68.0,0.3824,89.0,0.2963,69.0,0.3163,77.0,0.3362,80.0,0.3272,79.0,0.282,77.0,0.3088,55.0,0.3102,65.0,0.3115,74.0
2025-04-30,0.2972,69.0,0.3787,89.0,0.3177,76.0,0.3133,76.0,0.3088,74.0,0.3279,79.0,0.2816,77.0,0.3227,59.0,0.3104,65.0,0.298,67.0
2025-04-29,0.3092,72.0,0.3614,87.0,0.2929,67.0,0.3204,78.0,0.348,82.0,0.328,79.0,0.2792,76.0,0.2688,40.0,0.2914,57.0,0.3141,75.0
2025-04-28,0.2705,63.0,0.2531,64.0,0.4201,90.0,0.4905,94.0,0.5609,97.0,0.3274,79.0,0.272,74.0,0.275,43.0,0.298,60.0,0.321,77.0
2025-04-25,0.3296,76.0,0.2702,70.0,0.3993,87.0,0.436,91.0,0.4727,93.0,0.3278,79.0,0.2721,74.0,0.2761,43.0,0.3034,63.0,0.3307,80.0
2025-04-24,0.329,76.0,0.2688,70.0,0.3889,86.0,0.3918,87.0,0.3946,88.0,0.328,79.0,0.2718,74.0,0.2745,42.0,0.3003,61.0,0.3261,79.0
2025-04-23,0.2288,50.0,0.2516,63.0,0.4158,89.0,0.4347,91.0,0.4536,92.0,0.323,79.0,0.2713,74.0,0.2833,47.0,0.308,64.0,0.3328,80.0
2025-04-22,0.2597,60.0,0.2725,71.0,0.4486,92.0,0.4418,92.0,0.4349,91.0,0.3287,79.0,0.2758,75.0,0.2801,46.0,0.3114,65.0,0.3427,82.0
2025-04-21,0.4007,86.0,0.3475,85.0,0.368,84.0,0.4237,90.0,0.4794,94.0,0.3279,79.0,0.2755,75.0,0.2901,50.0,0.3196,68.0,0.3492,83.0
2025-04-17,0.6924,98.0,0.4993,95.0,0.402,88.0,0.4164,90.0,0.4308,91.0,0.3297,79.0,0.2745,75.0,0.3045,54.0,0.3277,71.0,0.3509,83.0
2025-04-16,0.6978,98.0,0.5414,97.0,0.4412,91.0,0.4612,93.0,0.4811,94.0,0.3289,79.0,0.2741,75.0,0.283,47.0,0.3138,66.0,0.3446,82.0
2025-04-15,0.7089,98.0,0.6169,98.0,0.3838,86.0,0.3879,87.0,0.3919,87.0,0.3276,79.0,0.273,75.0,0.2809,46.0,0.3096,64.0,0.3384,82.0
2025-04-14,0.7128,98.0,0.6342,98.0,0.4608,92.0,0.381,86.0,0.3011,72.0,0.3282,79.0,0.2728,75.0,0.2858,48.0,0.315,66.0,0.3442,82.0
2025-04-11,0.817,99.0,0.6484,99.0,0.3806,85.0,0.435,91.0,0.4894,94.0,0.3287,79.0,0.2726,75.0,0.2929,51.0,0.3169,67.0,0.3409,82.0
2025-04-10,0.8016,99.0,0.6346,98.0,0.585,97.0,,,0.6119,98.0,0.3305,79.0,0.2726,75.0,0.2902,50.0,,,0.3487,83.0
2025-04-09,0.7528,98.0,0.6,98.0,0.3058,72.0,,,0.2935,69.0,0.3208,78.0,0.2674,72.0,0.2772,44.0,,,0.3347,81.0
2025-04-08,0.4507,89.0,0.4756,95.0,0.6287,98.0,,,0.6215,98.0,0.2974,75.0,0.2523,62.0,0.3007,54.0,,,0.3618,84.0
2025-04-07,0.4503,89.0,0.4281,93.0,0.5758,97.0,,,0.6106,97.0,0.2962,75.0,0.247,57.0,0.3004,53.0,,,0.3524,83.0
2025-04-04,0.4376,88.0,0.2963,77.0,0.546,96.0,,,0.4602,92.0,0.2932,74.0,0.2358,50.0,0.286,48.0,,,0.3399,82.0
2025-04-03,0.4467,89.0,0.2486,62.0,0.4032,88.0,,,0.3387,81.0,0.2941,74.0,0.233,47.0,0.2972,53.0,,,0.3306,80.0
2025-04-02,0.1554,20.0,0.1954,34.0,0.2455,41.0,,,0.2851,65.0,0.2807,69.0,0.2328,46.0,0.2631,37.0,,,0.3032,70.0
2025-04-01,0.1758,27.0,0.1783,24.0,0.2839,63.0,,,0.2815,63.0,0.2804,69.0,0.2322,46.0,0.2744,42.0,,,0.2991,67.0
2025-03-31,0.1842,31.0,0.1622,17.0,0.2534,46.0,,,0.2915,68.0,0.2803,68.0,0.2314,45.0,0.2636,37.0,,,0.3061,71.0
2025-03-28,0.1898,33.0,0.1501,12.0,0.2847,63.0,,,0.3092,74.0,0.2803,68.0,0.231,44.0,0.2745,42.0,,,0.3009,68.0
2025-03-27,0.1799,28.0,0.1575,15.0,0.2275,31.0,,,0.2717,59.0,0.2797,68.0,0.2312,45.0,0.2796,45.0,,,0.3005,68.0
2025-03-26,0.1713,26.0,0.1571,15.0,0.2717,57.0,,,0.2675,56.0,0.2791,68.0,0.232,46.0,0.2723,41.0,,,0.2943,65.0
2025-03-25,0.216,44.0,0.1896,31.0,0.2894,66.0,,,0.2438,41.0,0.2795,68.0,0.2327,46.0,0.2556,32.0,,,0.3015,69.0
2025-03-24,0.2186,45.0,0.1922,32.0,0.2598,50.0,,,0.2417,39.0,0.2794,68.0,0.2328,46.0,0.2765,44.0,,,0.3073,72.0
2025-03-21,0.2913,68.0,0.2277,52.0,0.2732,57.0,,,0.2801,63.0,0.2785,67.0,0.2329,47.0,0.2797,45.0,,,0.3148,75.0
2025-03-20,0.3056,71.0,0.2514,63.0,0.2718,57.0,,,0.3203,77.0,0.2781,67.0,0.2325,46.0,0.2875,49.0,,,0.3094,73.0
2025-03-19,0.4105,86.0,0.3075,80.0,0.2798,61.0,,,0.2641,54.0,0.2813,69.0,0.2327,46.0,0.2592,34.0,,,0.3045,71.0
2025-03-18,0.4249,88.0,0.351,86.0,0.303,71.0,,,0.2971,70.0,0.2823,70.0,0.2326,46.0,0.2819,47.0,,,0.3039,70.0
2025-03-17,0.4972,92.0,0.3704,88.0,0.3349,79.0,,,0.3451,82.0,0.2839,71.0,0.2339,47.0,0.2773,44.0,,,0.3057,71.0
2025-03-14,0.5473,94.0,0.393,90.0,0.3059,72.0,,,0.3582,83.0,0.2827,70.0,0.2324,46.0,0.2669,39.0,,,0.3044,70.0
2025-03-13,0.5554,94.0,0.4075,92.0,0.3679,84.0,,,0.3599,83.0,0.2825,70.0,0.2324,46.0,0.266,38.0,,,0.3159,76.0
2025-03-12,0.5438,94.0,0.4079,92.0,0.3405,80.0,,,0.402,88.0,0.277,66.0,0.2309,44.0,0.2885,50.0,,,0.3122,74.0
2025-03-11,0.5407,93.0,0.4138,92.0,0.3499,82.0,,,0.3661,84.0,0.275,65.0,0.2307,44.0,0.2747,43.0,,,0.3104,73.0
2025-03-10,0.4125,87.0,0.3752,88.0,0.3704,84.0,,,0.3584,83.0,0.2634,55.0,0.2268,39.0,0.2683,40.0,,,0.3121,74.0
2025-03-07,0.4185,87.0,0.3294,83.0,0.2804,61.0,,,0.2477,43.0,0.2645,57.0,0.2226,36.0,0.2677,39.0,,,0.3001,68.0
2025-03-06,0.3856,84.0,0.3047,79.0,0.2824,62.0,,,0.2663,55.0,0.2616,53.0,0.2217,35.0,0.2664,39.0,,,0.2908,62.0
2025-03-05,0.2909,68.0,0.264,68.0,0.287,64.0,,,0.3163,77.0,0.2592,51.0,0.2192,34.0,0.2591,34.0,,,0.3036,70.0
2025-03-04,0.2978,70.0,0.242,59.0,0.2916,67.0,,,0.3185,77.0,0.2586,50.0,0.2179,33.0,0.2543,31.0,,,0.2925,63.0
2025-03-03,0.2415,55.0,0.2334,55.0,0.2797,61.0,,,0.3824,86.0,0.2539,46.0,0.2163,33.0,0.2521,28.0,,,0.3022,69.0
2025-02-28,0.2077,40.0,0.191,32.0,0.2331,34.0,,,0.3133,76.0,0.2529,45.0,0.2144,32.0,0.2501,28.0,,,0.2992,68.0
2025-02-27,0.1815,30.0,0.1897,31.0,0.2588,50.0,,,0.2577,50.0,0.252,44.0,0.2144,32.0,0.252,28.0,,,0.297,66.0
2025-02-26,0.1837,31.0,0.1857,28.0,0.2118,21.0,,,0.2527,47.0,0.2518,44.0,0.2143,32.0,0.2626,37.0,,,0.2861,59.0
2025-02-25,0.1831,30.0,0.1866,28.0,0.2064,17.0,,,0.2529,47.0,0.2528,45.0,0.2145,32.0,0.2474,26.0,,,0.2949,65.0
2025-02-24,0.2157,44.0,0.1931,33.0,0.2435,40.0,,,0.2472,43.0,0.253,45.0,0.214,31.0,0.2596,35.0,,,0.2825,57.0
2025-02-21,0.2692,63.0,0.2054,40.0,0.2486,44.0,,,0.2488,44.0,0.2525,45.0,0.214,31.0,0.227,12.0,,,0.2923,63.0
2025-02-20,0.2424,55.0,0.1754,23.0,0.2349,35.0,,,0.2336,34.0,0.2512,44.0,0.2127,30.0,0.2643,38.0,,,0.2788,54.0
2025-02-19,0.2367,53.0,0.1763,23.0,0.246,42.0,,,0.3714,85.0,0.251,44.0,0.2128,30.0,0.2373,19.0,,,0.2749,50.0
2025-02-18,0.2541,57.0,0.1815,26.0,0.2244,28.0,,,0.2291,31.0,0.2509,44.0,0.2124,30.0,0.2454,24.0,,,0.2927,63.0
2025-02-14,0.2553,59.0,0.179,25.0,0.1607,1.0,,,0.2062,17.0,0.2511,44.0,0.2121,30.0,0.2656,38.0,,,0.2802,55.0
2025-02-13,0.2578,60.0,0.2003,37.0,0.2112,20.0,,,0.2041,15.0,0.2509,44.0,0.2122,30.0,0.257,33.0,,,0.2927,63.0
2025-02-12,0.1903,33.0,0.1776,24.0,0.2214,27.0,,,0.2218,27.0,0.2504,44.0,0.2115,28.0,0.2882,49.0,,,0.2576,34.0
2025-02-11,0.1427,16.0,0.1933,33.0,0.226,30.0,,,0.2133,22.0,0.2472,42.0,0.2116,28.0,0.2963,52.0,,,0.2619,38.0
2025-02-10,0.1429,16.0,0.2,37.0,0.1615,1.0,,,0.2011,14.0,0.2473,42.0,0.2118,30.0,0.2865,49.0,,,0.2596,36.0
2025-02-07,0.1942,34.0,0.2039,39.0,0.126,1.0,,,0.2471,43.0,0.2476,43.0,0.212,30.0,0.2872,49.0,,,0.2606,37.0
2025-02-06,0.2939,69.0,0.2023,38.0,0.1689,2.0,,,0.2447,41.0,0.2466,42.0,0.212,30.0,0.2844,48.0,,,0.2541,31.0
2025-02-05,0.3249,76.0,0.2978,78.0,0.2061,17.0,,,0.2407,39.0,0.2476,43.0,0.2126,30.0,0.2884,49.0,,,0.2582,35.0
2025-02-04,0.3176,74.0,0.2869,75.0,0.2098,19.0,,,0.2527,47.0,0.2469,42.0,0.2121,30.0,0.2742,42.0,,,0.259,35.0
2025-02-03,0.3163,74.0,0.2864,75.0,0.2376,37.0,,,0.2307,32.0,0.2467,42.0,0.2131,31.0,0.2786,45.0,,,0.2617,38.0
2025-01-31,0.2992,70.0,0.2636,68.0,0.2063,17.0,,,0.211,20.0,0.2486,43.0,0.2131,31.0,0.271,41.0,,,0.2534,30.0
2025-01-30,0.2803,65.0,0.2592,66.0,0.2032,15.0,,,0.2406,38.0,0.2495,43.0,0.2138,31.0,0.2674,39.0,,,0.2624,38.0
2025-01-29,0.2693,63.0,0.2574,65.0,0.1794,4.0,,,0.244,41.0,0.2514,44.0,0.2168,33.0,0.2721,41.0,,,0.2599,36.0
2025-01-28,0.1608,22.0,0.256,65.0,0.2156,23.0,,,0.2406,38.0,0.2481,43.0,0.2169,33.0,0.2809,46.0,,,0.2601,36.0
2025-01-27,0.0568,1.0,0.1354,7.0,0.3116,74.0,,,0.3312,79.0,0.2462,42.0,0.2112,28.0,0.278,44.0,,,0.2558,32.0
2025-01-24,0.066,1.0,0.1418,9.0,0.2808,61.0,,,0.3084,74.0,0.2466,42.0,0.211,28.0,0.2798,45.0,,,0.255,32.0
2025-01-23,0.131,12.0,0.1501,12.0,0.2997,70.0,,,0.2976,71.0,0.2476,43.0,0.2122,30.0,0.2758,43.0,,,0.2689,44.0
2025-01-22,0.1498,18.0,0.1691,20.0,0.2826,62.0,,,0.3098,75.0,0.2485,43.0,0.2141,31.0,0.2797,45.0,,,0.2563,33.0
2025-01-21,0.1993,36.0,0.18,25.0,0.2874,65.0,,,0.3029,72.0,0.2497,44.0,0.2189,34.0,0.2768,44.0,,,0.2607,37.0
2025-01-17,0.2111,42.0,0.1922,32.0,0.2848,64.0,,,0.2964,70.0,0.3004,76.0,0.2269,39.0,0.2831,47.0,,,0.2608,37.0
2025-01-16,0.2429,55.0,0.2122,44.0,0.2033,15.0,,,0.207,17.0,0.3007,76.0,0.2272,40.0,0.2826,47.0,,,0.2734,48.0
2025-01-15,0.2651,62.0,0.2373,57.0,0.2368,36.0,,,0.3497,82.0,0.302,76.0,0.2276,40.0,0.2804,46.0,,,0.2705,46.0
2025-01-14,0.2551,59.0,0.2395,57.0,0.2697,55.0,,,0.2738,60.0,0.3021,76.0,0.2291,42.0,0.2901,50.0,,,0.2777,52.0
2025-01-13,0.2586,60.0,0.2484,62.0,0.3867,86.0,,,0.257,50.0,0.3009,76.0,0.2292,42.0,0.2775,44.0,,,0.269,45.0
2025-01-10,0.2506,57.0,0.2365,57.0,0.2172,24.0,,,0.2883,67.0,0.3058,77.0,0.2312,45.0,0.289,50.0,,,0.2811,55.0
2025-01-08,0.2227,47.0,0.2303,53.0,0.229,32.0,,,0.2268,30.0,0.3053,77.0,0.2315,45.0,0.298,53.0,,,0.2755,50.0
2025-01-07,0.2185,45.0,0.2291,53.0,0.2325,34.0,,,0.2323,33.0,0.3049,77.0,0.2309,44.0,0.2899,50.0,,,0.2732,48.0
2025-01-06,0.188,32.0,0.2059,40.0,0.2466,42.0,,,0.2011,14.0,0.3044,77.0,0.2303,44.0,0.2987,53.0,,,0.2774,52.0
2025-01-03,0.1343,13.0,0.1759,23.0,0.2149,23.0,,,0.2635,54.0,0.3028,77.0,0.229,42.0,0.2913,51.0,,,0.2689,44.0
2025-01-02,0.0951,4.0,0.1615,17.0,0.1499,1.0,,,0.2311,33.0,0.3021,76.0,0.2284,41.0,0.2875,49.0,,,0.2759,51.0
2024-12-31,0.1445,17.0,0.1672,19.0,0.3381,80.0,,,0.2216,27.0,0.3024,77.0,0.2276,40.0,0.2837,47.0,,,0.2772,52.0
2024-12-30,0.133,13.0,0.1876,30.0,0.2402,38.0,,,0.2344,34.0,0.3034,77.0,0.2285,41.0,0.2886,50.0,,,0.2738,49.0
2024-12-27,0.224,48.0,0.2321,54.0,0.1859,6.0,,,0.2201,26.0,0.3035,77.0,0.2289,42.0,0.2959,52.0,,,0.2797,54.0
2024-12-26,0.2248,48.0,0.2306,54.0,0.2203,26.0,,,0.2141,22.0,0.3035,77.0,0.2284,41.0,0.2806,46.0,,,0.2605,37.0
2024-12-24,0.2122,42.0,0.2333,55.0,0.2142,22.0,,,0.2162,23.0,0.3039,77.0,0.2299,43.0,0.276,43.0,,,0.2652,41.0
2024-12-23,0.2047,39.0,0.2349,56.0,0.1613,1.0,,,0.2283,31.0,0.3042,77.0,0.2313,45.0,0.2829,47.0,,,0.2716,47.0
2024-12-20,0.2218,47.0,0.2662,69.0,0.2761,59.0,,,0.2333,34.0,0.3041,77.0,0.2312,45.0,0.4852,93.0,,,0.1337,1.0
2024-12-19,0.2382,53.0,0.2486,62.0,0.2871,65.0,,,0.1931,10.0,0.3041,77.0,0.2308,44.0,0.5235,95.0,,,0.1624,3.0
2024-12-18,0.2513,57.0,0.251,63.0,0.1888,7.0,,,0.2991,71.0,0.3042,77.0,0.2301,43.0,0.3314,61.0,,,0.2279,16.0
2024-12-17,0.173,26.0,0.2114,43.0,0.3263,78.0,,,0.3013,72.0,0.3001,76.0,0.2283,41.0,0.5108,94.0,,,0.1048,1.0
2024-12-16,0.1825,30.0,0.2059,40.0,0.2424,39.0,,,0.2641,54.0,0.3005,76.0,0.228,41.0,0.499,93.0,,,0.1589,2.0
2024-12-13,0.1825,30.0,0.2034,39.0,0.235,35.0,,,0.2138,22.0,0.3004,76.0,0.2277,40.0,0.3169,57.0,,,0.2331,19.0
2024-12-12,0.2148,44.0,0.201,37.0,0.1863,6.0,,,0.2856,66.0,0.3004,76.0,0.2276,40.0,0.4979,93.0,,,0.0865,1.0
2024-12-11,0.1575,21.0,0.1549,14.0,0.2065,17.0,,,0.2212,27.0,0.2981,76.0,0.2259,38.0,0.2353,17.0,,,0.2813,56.0
2024-12-10,0.1573,21.0,0.157,15.0,0.1875,6.0,,,0.2185,25.0,0.2982,76.0,0.2263,39.0,0.2434,23.0,,,0.2809,55.0
2024-12-09,0.1621,22.0,0.1277,4.0,0.2246,28.0,,,0.2182,25.0,0.2981,76.0,0.2258,38.0,0.249,27.0,,,0.2817,56.0
2024-12-06,0.155,20.0,0.1228,3.0,0.2105,20.0,,,0.208,18.0,0.2979,76.0,0.2258,38.0,0.2447,24.0,,,0.2953,65.0
2024-12-05,0.1257,11.0,0.1194,2.0,0.2462,42.0,,,0.2103,19.0,0.2978,76.0,0.2259,38.0,0.2364,18.0,,,0.2807,55.0
2024-12-04,0.1363,14.0,0.1159,2.0,0.2116,20.0,,,0.1862,7.0,0.2976,75.0,0.2258,38.0,0.2372,19.0,,,0.2835,57.0
2024-12-03,0.123,10.0,0.1188,2.0,0.1676,2.0,,,0.225,28.0,0.2977,76.0,0.2257,38.0,0.2334,16.0,,,0.276,51.0
2024-12-02,0.2332,52.0,0.1637,18.0,0.2149,23.0,,,0.214,22.0,0.2979,76.0,0.2259,38.0,0.2419,22.0,,,0.2881,61.0
2024-11-29,0.226,49.0,0.1683,19.0,0.2576,49.0,,,0.2134,22.0,0.3024,77.0,0.2278,40.0,0.2436,23.0,,,0.2939,64.0
2024-11-27,0.2617,61.0,0.1679,19.0,0.2056,16.0,,,0.1696,3.0,0.3024,77.0,0.228,41.0,0.2297,13.0,,,0.2845,57.0
2024-11-26,0.2669,62.0,0.1688,20.0,0.2008,13.0,,,0.203,15.0,0.3036,77.0,0.2293,43.0,0.2432,23.0,,,0.2858,59.0
2024-11-25,0.3162,74.0,0.1928,33.0,0.2701,56.0,,,0.2014,14.0,0.3043,77.0,0.2302,43.0,0.2362,18.0,,,0.2817,56.0
2024-11-22,0.3138,73.0,0.2027,38.0,0.1795,4.0,,,0.2509,46.0,0.3036,77.0,0.2303,44.0,0.2415,22.0,,,0.2825,57.0
2024-11-21,0.3105,72.0,0.2016,38.0,0.2248,28.0,,,0.2224,27.0,0.3058,77.0,0.2306,44.0,0.2512,28.0,,,0.2951,65.0
2024-11-20,0.1631,22.0,0.1722,21.0,0.2346,35.0,,,0.2311,33.0,0.3021,76.0,0.2295,43.0,0.2503,28.0,,,0.2956,65.0
2024-11-19,0.2247,48.0,0.1723,21.0,0.2241,28.0,,,0.2278,30.0,0.3021,76.0,0.2293,43.0,0.2398,20.0,,,0.2869,60.0
2024-11-18,0.2413,55.0,0.191,32.0,0.2644,53.0,,,0.24,38.0,0.3016,76.0,0.2295,43.0,0.2482,27.0,,,0.2923,63.0
2024-11-15,0.2952,69.0,0.2209,48.0,0.2283,31.0,,,0.2276,30.0,0.3037,77.0,0.2305,44.0,0.2541,31.0,,,0.2914,63.0
2024-11-14,0.5027,92.0,0.2629,67.0,0.2186,25.0,,,0.2174,24.0,0.3015,76.0,0.2293,43.0,0.255,31.0,,,0.292,63.0
2024-11-13,0.4841,91.0,0.2909,76.0,0.2435,40.0,,,0.2745,60.0,0.3008,76.0,0.2288,42.0,0.2714,41.0,,,0.266,42.0
2024-11-12,0.4758,91.0,0.293,77.0,0.2221,27.0,,,0.2267,30.0,0.3008,76.0,0.2287,42.0,0.2835,47.0,,,0.2633,39.0
2024-11-11,0.4961,92.0,0.2941,77.0,0.2105,20.0,,,0.2702,57.0,0.3022,77.0,0.229,42.0,0.2728,41.0,,,0.2701,45.0
2024-11-08,0.5122,92.0,0.2992,78.0,0.2198,26.0,,,0.206,17.0,0.3012,76.0,0.2288,42.0,0.2712,41.0,,,0.2789,54.0
2024-11-07,0.5401,93.0,0.2919,76.0,0.2543,47.0,,,0.2403,38.0,0.3012,76.0,0.2282,41.0,0.279,45.0,,,0.2621,38.0
2024-11-06,0.4871,91.0,0.2685,70.0,0.2055,16.0,,,0.2485,44.0,0.3,76.0,0.2282,41.0,0.267,39.0,,,0.2643,40.0
2024-11-05,0.2595,60.0,0.2035,39.0,0.2484,43.0,,,0.2975,71.0,0.2824,70.0,0.2243,37.0,0.2801,46.0,,,0.2738,49.0
2024-11-04,0.1868,32.0,0.1552,14.0,0.3183,76.0,,,0.3103,75.0,0.2801,68.0,0.2222,36.0,0.2787,45.0,,,0.2817,56.0
2024-11-01,0.1749,27.0,0.1575,15.0,0.2413,39.0,,,0.2904,68.0,0.2794,68.0,0.2223,36.0,0.2803,46.0,,,0.2726,48.0
2024-10-31,0.176,27.0,0.1803,25.0,0.23,32.0,,,0.303,73.0,0.2798,68.0,0.2225,36.0,0.2831,47.0,,,0.2748,50.0
2024-10-30,0.3209,75.0,0.2918,76.0,0.2732,57.0,,,0.2754,61.0,0.2798,68.0,0.2218,35.0,0.2773,44.0,,,0.2777,52.0
2024-10-29,0.3125,73.0,0.2889,76.0,0.2535,46.0,,,0.2798,63.0,0.2796,68.0,0.2225,36.0,0.2764,43.0,,,0.266,42.0
2024-10-28,0.3544,80.0,0.2907,76.0,0.1955,10.0,,,0.2559,49.0,0.2796,68.0,0.223,36.0,0.288,49.0,,,0.2783,53.0
2024-10-25,0.3479,79.0,0.291,76.0,0.2608,51.0,,,0.2621,53.0,0.2792,68.0,0.2238,36.0,0.2747,43.0,,,0.2618,38.0
2024-10-24,0.3428,78.0,0.286,75.0,0.2527,46.0,,,0.2702,57.0,0.2954,75.0,0.2262,39.0,0.2744,42.0,,,0.2813,56.0
2024-10-23,0.3409,78.0,0.2861,75.0,0.2615,51.0,,,0.2649,54.0,0.2959,75.0,0.226,38.0,0.2781,44.0,,,0.2707,46.0
2024-10-22,0.3578,81.0,0.2762,72.0,0.2852,64.0,,,0.2754,61.0,0.2957,75.0,0.2249,37.0,0.2746,42.0,,,0.2764,51.0
2024-10-21,0.2543,57.0,0.2075,41.0,0.4089,88.0,,,0.4582,92.0,0.289,73.0,0.2181,33.0,0.2778,44.0,,,0.2779,53.0
2024-10-18,0.2488,57.0,0.2057,40.0,0.3252,77.0,,,0.2677,56.0,0.289,73.0,0.2183,33.0,0.274,42.0,,,0.2784,53.0
2024-10-17,0.2271,49.0,0.2056,40.0,0.3299,79.0,,,0.3264,79.0,0.2872,73.0,0.2182,33.0,0.277,44.0,,,0.2771,52.0
2024-10-16,0.2325,51.0,0.2069,41.0,0.2817,62.0,,,0.3699,85.0,0.2877,73.0,0.2185,34.0,0.2827,47.0,,,0.2851,59.0
2024-10-15,0.2396,54.0,0.2127,44.0,0.3967,87.0,,,0.2809,63.0,0.2894,73.0,0.2205,35.0,0.2763,43.0,,,0.2796,54.0
2024-10-14,0.2061,39.0,0.2141,44.0,0.2722,57.0,,,0.3148,76.0,0.2896,74.0,0.2211,35.0,0.281,46.0,,,0.2792,54.0
2024-10-11,0.252,57.0,0.2525,64.0,0.2165,24.0,,,0.2665,56.0,0.2896,74.0,0.2216,35.0,0.2804,46.0,,,0.286,59.0
2024-10-10,0.2282,49.0,0.2033,39.0,0.2554,48.0,,,0.2533,47.0,0.2861,72.0,0.2185,34.0,0.2855,48.0,,,0.2894,62.0
2024-10-09,0.2385,53.0,0.2051,40.0,0.337,80.0,,,0.2586,51.0,0.2861,72.0,0.2202,35.0,0.2846,48.0,,,0.2948,65.0
2024-10-08,0.2381,53.0,0.2091,42.0,0.2354,35.0,,,0.2676,56.0,0.2858,72.0,0.2201,34.0,0.2884,49.0,,,0.2745,50.0
2024-10-07,0.2325,51.0,0.2218,49.0,0.2903,66.0,,,0.2908,68.0,0.2859,72.0,0.2204,35.0,0.2816,46.0,,,0.281,55.0
2024-10-04,0.2305,51.0,0.2384,57.0,0.1914,8.0,,,0.1789,5.0,0.2859,72.0,0.2209,35.0,0.28,45.0,,,0.28,55.0
2024-10-03,0.2305,51.0,0.2437,60.0,0.288,65.0,,,0.2854,65.0,0.2865,73.0,0.2232,36.0,0.2825,47.0,,,0.2916,63.0
2024-10-02,0.0943,4.0,0.1959,35.0,0.3021,71.0,,,0.283,64.0,0.2822,70.0,0.2203,35.0,0.2771,44.0,,,0.2897,62.0
2024-10-01,0.0943,4.0,0.1922,32.0,0.2705,56.0,,,0.2731,59.0,0.283,70.0,0.2204,35.0,0.2814,46.0,,,0.2903,62.0
2024-09-30,0.0937,4.0,0.1885,30.0,0.271,56.0,,,0.2653,55.0,0.283,70.0,0.2207,35.0,0.2768,44.0,,,0.2897,62.0
2024-09-27,0.2251,48.0,0.1897,31.0,0.2617,51.0,,,0.2537,48.0,0.283,70.0,0.2219,35.0,0.2858,48.0,,,0.2867,60.0
2024-09-26,0.2544,57.0,0.1903,31.0,0.2552,47.0,,,0.2582,51.0,0.2833,71.0,0.2214,35.0,0.2886,50.0,,,0.2883,61.0
2024-09-25,0.2899,68.0,0.1998,37.0,0.2523,46.0,,,0.2499,45.0,0.2834,71.0,0.2202,35.0,0.2802,46.0,,,0.2835,57.0
2024-09-24,0.2723,63.0,0.1843,27.0,0.2485,44.0,,,0.2469,43.0,0.2832,71.0,0.2196,34.0,0.2747,43.0,,,0.2867,60.0
2024-09-23,0.2741,64.0,0.1834,27.0,0.25,44.0,,,0.2536,47.0,0.2837,71.0,0.2195,34.0,0.2735,42.0,,,0.2864,59.0
2024-09-20,0.2703,63.0,0.1898,31.0,0.2481,43.0,,,0.2491,44.0,0.2837,71.0,0.2195,34.0,0.2808,46.0,,,0.2849,57.0
2024-09-19,0.2652,62.0,0.2201,48.0,0.2614,51.0,,,0.2515,46.0,0.2836,71.0,0.2195,34.0,0.2764,43.0,,,0.2852,59.0
2024-09-18,0.2016,37.0,0.2159,45.0,0.2612,51.0,,,0.3022,72.0,0.2793,68.0,0.2191,34.0,0.2831,47.0,,,0.2873,60.0
2024-09-17,0.1694,25.0,0.2078,41.0,0.3475,81.0,,,0.2629,53.0,0.281,69.0,0.2191,34.0,0.2817,46.0,,,0.2891,61.0
2024-09-16,0.1249,10.0,0.1972,35.0,0.3607,83.0,,,0.2822,64.0,0.2787,67.0,0.2175,33.0,0.2956,52.0,,,0.3011,68.0
2024-09-13,0.2211,46.0,0.2199,48.0,0.2572,49.0,,,0.2578,50.0,0.2787,67.0,0.2174,33.0,0.2745,42.0,,,0.2807,55.0
2024-09-12,0.224,48.0,0.2239,50.0,0.2646,53.0,,,0.2702,57.0,0.2799,68.0,0.2175,33.0,0.2793,45.0,,,0.2892,61.0
2024-09-11,0.2155,44.0,0.2248,51.0,0.2819,62.0,,,0.2764,61.0,0.2825,70.0,0.2178,33.0,0.2927,51.0,,,0.2931,64.0
2024-09-10,0.2434,55.0,0.2056,40.0,0.2842,63.0,,,0.2786,62.0,0.2825,70.0,0.2172,33.0,0.2949,52.0,,,0.3217,78.0
2024-09-09,0.2417,55.0,0.2109,43.0,0.2783,60.0,,,0.2757,61.0,0.283,70.0,0.2171,33.0,0.29,50.0,,,0.3251,79.0
2024-09-06,0.2093,41.0,0.2093,42.0,0.322,77.0,,,0.2667,56.0,0.2818,70.0,0.217,33.0,0.2754,43.0,,,0.3186,77.0
2024-09-05,0.2136,43.0,0.1921,32.0,0.2861,64.0,,,0.3381,81.0,0.2816,69.0,0.2168,33.0,0.2527,30.0,,,0.2997,68.0
2024-09-04,0.1581,21.0,0.1734,22.0,0.27,56.0,,,0.2713,57.0,0.2795,68.0,0.2157,32.0,0.2437,23.0,,,0.3076,72.0
2024-09-03,0.1767,28.0,0.1702,20.0,0.3047,72.0,,,0.2615,52.0,0.2797,68.0,0.2161,32.0,0.2557,32.0,,,0.305,71.0
2024-08-30,0.179,28.0,0.1641,18.0,0.2136,22.0,,,0.2219,27.0,0.2803,68.0,0.2159,32.0,0.2487,27.0,,,0.2723,47.0
2024-08-29,0.145,17.0,0.1558,14.0,0.2324,34.0,,,0.2371,36.0,0.2803,68.0,0.2167,33.0,0.2286,13.0,,,0.2814,56.0
2024-08-28,0.1438,16.0,0.1422,9.0,0.2312,33.0,,,0.24,38.0,0.2804,69.0,0.2166,33.0,0.2638,37.0,,,0.3061,71.0
2024-08-27,0.1562,20.0,0.135,7.0,0.2308,33.0,,,0.2327,33.0,0.2821,70.0,0.2168,33.0,0.2536,30.0,,,0.3054,71.0
2024-08-26,0.1179,8.0,0.1325,6.0,0.2322,34.0,,,0.2322,33.0,0.2813,69.0,0.2165,33.0,0.2592,34.0,,,0.303,70.0
2024-08-23,0.1374,14.0,0.1361,7.0,0.2121,21.0,,,0.2443,41.0,0.2813,69.0,0.216,32.0,0.2624,36.0,,,0.3087,72.0
2024-08-22,0.1342,13.0,0.1567,15.0,0.2274,30.0,,,0.2393,38.0,0.2808,69.0,0.2161,32.0,0.2641,38.0,,,0.3087,72.0
2024-08-21,0.104,5.0,0.1565,15.0,0.221,27.0,,,0.239,37.0,0.2814,69.0,0.2164,33.0,0.2662,39.0,,,0.3051,71.0
2024-08-20,0.1331,13.0,0.1599,16.0,0.2244,28.0,,,0.2408,39.0,0.2813,69.0,0.2162,33.0,0.2633,37.0,,,0.3057,71.0
2024-08-19,0.1372,14.0,0.1741,22.0,0.2163,24.0,,,0.2173,24.0,0.2825,70.0,0.2165,33.0,0.2642,38.0,,,0.2977,67.0
2024-08-16,0.1582,21.0,0.1883,30.0,0.2221,27.0,,,0.2252,28.0,0.2828,70.0,0.2167,33.0,0.2604,35.0,,,0.3111,74.0
2024-08-15,0.1753,27.0,0.1992,37.0,0.222,27.0,,,0.2548,48.0,0.2828,70.0,0.2166,33.0,0.2839,47.0,,,0.2865,60.0
2024-08-14,0.152,19.0,0.2092,42.0,0.2503,45.0,,,0.3884,87.0,0.2816,69.0,0.2161,32.0,0.2934,51.0,,,0.2845,57.0
2024-08-13,0.2167,44.0,0.2197,47.0,0.2576,49.0,,,0.2573,50.0,0.2818,70.0,0.2155,32.0,0.2855,48.0,,,0.2849,57.0
2024-08-12,0.2313,51.0,0.2349,56.0,0.2749,59.0,,,0.3358,80.0,0.2827,70.0,0.2156,32.0,0.298,53.0,,,0.2919,63.0
2024-08-09,0.2555,59.0,0.2794,73.0,0.2625,52.0,,,0.2806,63.0,0.2827,70.0,0.2155,32.0,0.3045,54.0,,,0.2847,57.0
2024-08-08,0.2973,69.0,0.2791,73.0,0.2938,68.0,,,0.3078,74.0,0.2827,70.0,0.215,32.0,0.3072,55.0,,,0.3035,70.0
2024-08-07,0.249,57.0,0.2799,73.0,0.32,76.0,,,0.3244,78.0,0.2815,69.0,0.2143,32.0,0.3033,54.0,,,0.2777,52.0
2024-08-06,0.2482,56.0,0.2723,71.0,0.335,79.0,,,0.3046,73.0,0.2815,69.0,0.2138,31.0,0.3164,57.0,,,0.3123,74.0
2024-08-05,0.2879,67.0,0.2746,72.0,0.3876,86.0,,,0.3951,88.0,0.2817,70.0,0.213,31.0,0.3203,57.0,,,0.3116,74.0
2024-08-02,0.2644,61.0,0.2782,73.0,0.2858,64.0,,,0.3087,74.0,0.2794,68.0,0.2115,28.0,0.2868,49.0,,,0.2811,55.0
2024-08-01,0.282,66.0,0.3251,82.0,0.2784,60.0,,,0.2805,63.0,0.2784,67.0,0.211,28.0,0.2819,47.0,,,0.275,50.0
2024-07-31,0.7495,98.0,0.3808,89.0,0.2577,49.0,,,0.2559,49.0,0.2768,66.0,0.2082,27.0,0.2761,43.0,,,0.2721,47.0
2024-07-30,0.7415,98.0,0.3834,89.0,0.2604,51.0,,,0.2825,64.0,0.2767,66.0,0.2079,26.0,0.2739,42.0,,,0.2577,34.0
2024-07-29,0.7419,98.0,0.3818,89.0,0.2671,54.0,,,0.2765,61.0,0.277,66.0,0.2078,26.0,0.2707,40.0,,,0.2638,39.0
2024-07-26,0.7545,98.0,0.4011,91.0,0.2513,45.0,,,0.2783,62.0,0.2768,66.0,0.208,26.0,0.262,36.0,,,0.2825,57.0
2024-07-25,0.7355,98.0,0.3942,90.0,0.2591,50.0,,,0.2779,62.0,0.2758,66.0,0.2069,26.0,0.2899,50.0,,,0.2659,41.0
2024-07-24,0.8103,99.0,0.4044,91.0,0.2675,55.0,,,0.2624,53.0,0.2752,65.0,0.2054,25.0,0.2725,41.0,,,0.265,41.0
2024-07-23,0.8045,99.0,0.3647,87.0,0.2798,61.0,,,0.2795,63.0,0.2744,65.0,0.2007,23.0,0.2847,48.0,,,0.2875,60.0
2024-07-22,0.2902,68.0,0.2635,68.0,0.329,79.0,,,0.3192,77.0,0.2181,22.0,0.1922,17.0,0.2724,41.0,,,0.2688,44.0
2024-07-19,0.2948,69.0,0.2645,68.0,0.2941,68.0,,,0.3226,78.0,0.2246,27.0,0.196,20.0,0.2666,39.0,,,0.2731,48.0
2024-07-18,0.228,49.0,0.26,67.0,0.3032,71.0,,,0.303,73.0,0.2228,26.0,0.1958,20.0,0.2637,37.0,,,0.2671,43.0
2024-07-17,0.2366,53.0,0.2285,53.0,0.2826,62.0,,,0.2757,61.0,0.223,26.0,0.194,18.0,0.2561,32.0,,,0.2577,34.0
2024-07-16,0.2304,51.0,0.2209,48.0,0.3072,73.0,,,0.3329,80.0,0.2237,27.0,0.1935,18.0,0.2609,36.0,,,0.2688,44.0
2024-07-15,0.1851,31.0,0.1829,27.0,0.2535,46.0,,,0.2431,40.0,0.2164,21.0,0.1905,16.0,0.2585,34.0,,,0.2587,35.0
2024-07-12,0.1786,28.0,0.1784,24.0,0.2597,50.0,,,0.2283,31.0,0.2156,21.0,0.1898,15.0,0.2663,39.0,,,0.2686,44.0
2024-07-11,0.1925,34.0,0.1806,26.0,0.2317,33.0,,,0.2572,50.0,0.2157,21.0,0.19,15.0,0.2532,30.0,,,0.2594,36.0
2024-07-10,0.1727,26.0,0.1982,36.0,0.2355,35.0,,,0.2302,32.0,0.2145,20.0,0.1892,15.0,0.2638,37.0,,,0.2703,46.0
2024-07-09,0.1765,28.0,0.222,49.0,0.2308,33.0,,,0.2409,39.0,0.2145,20.0,0.1889,15.0,0.2536,30.0,,,0.2903,62.0
2024-07-08,0.1741,27.0,0.2201,48.0,0.2286,31.0,,,0.2321,33.0,0.215,20.0,0.1889,15.0,0.2508,28.0,,,0.3015,69.0
2024-07-05,0.1641,23.0,0.2318,54.0,0.2155,23.0,,,0.2277,30.0,0.2169,22.0,0.1901,15.0,0.2543,31.0,,,0.2946,65.0
2024-07-03,0.1529,19.0,0.219,47.0,0.2144,22.0,,,0.1658,3.0,0.2154,21.0,0.1891,15.0,0.2344,16.0,,,0.3008,68.0
2024-07-02,0.1435,16.0,0.2218,49.0,0.2249,28.0,,,0.2264,30.0,0.2157,21.0,0.1891,15.0,0.2521,28.0,,,0.2962,66.0
2024-07-01,0.1462,17.0,0.2223,49.0,0.2262,30.0,,,0.2601,52.0,0.2171,22.0,0.1897,15.0,0.2536,30.0,,,0.3023,69.0
2024-06-28,0.145,17.0,0.1906,31.0,0.2574,49.0,,,0.2183,25.0,0.2169,22.0,0.1879,14.0,0.2429,23.0,,,0.2931,64.0
2024-06-27,0.1466,17.0,0.1598,16.0,0.2119,21.0,,,0.216,23.0,0.2164,21.0,0.1861,13.0,0.2485,27.0,,,0.2984,67.0
2024-06-26,0.1716,26.0,0.1681,19.0,0.2445,41.0,,,0.2204,26.0,0.2163,21.0,0.1859,13.0,0.2438,23.0,,,0.3011,68.0
2024-06-25,0.1217,10.0,0.1583,15.0,0.2195,26.0,,,0.2259,28.0,0.2142,20.0,0.1849,12.0,0.2321,15.0,,,0.2847,57.0
2024-06-24,0.1221,10.0,0.1682,19.0,0.2086,19.0,,,0.2088,19.0,0.2141,19.0,0.1846,12.0,0.2341,16.0,,,0.2886,61.0
2024-06-21,0.1168,8.0,0.1569,15.0,0.2172,24.0,,,0.2191,25.0,0.2139,19.0,0.1837,12.0,0.2302,14.0,,,0.2806,55.0
2024-06-20,0.1233,10.0,0.1614,17.0,0.3351,79.0,,,0.2278,30.0,0.2135,19.0,0.1833,11.0,0.2332,16.0,,,0.282,56.0
2024-06-18,0.1209,9.0,0.1607,16.0,0.2171,24.0,,,0.1973,12.0,0.2139,19.0,0.1836,12.0,0.2294,13.0,,,0.2773,52.0
2024-06-17,0.1449,17.0,0.1584,15.0,0.2228,28.0,,,0.2235,28.0,0.2143,20.0,0.1833,11.0,0.2315,15.0,,,0.2871,60.0
2024-06-14,0.1242,10.0,0.1537,14.0,0.1926,9.0,,,0.199,13.0,0.2141,19.0,0.183,11.0,0.2299,13.0,,,0.2784,53.0
2024-06-13,0.2818,66.0,0.1925,33.0,0.2062,17.0,,,0.193,9.0,0.2141,19.0,0.1825,11.0,0.233,15.0,,,0.2882,61.0
2024-06-12,0.282,66.0,0.1847,28.0,0.2121,21.0,,,0.2089,19.0,0.2144,20.0,0.1821,10.0,0.2338,16.0,,,0.2864,59.0
2024-06-11,0.3036,71.0,0.2077,41.0,0.2102,19.0,,,0.2211,27.0,0.2143,20.0,0.1823,11.0,0.2398,20.0,,,0.3,68.0
2024-06-10,0.3093,72.0,0.221,48.0,0.2199,26.0,,,0.2201,26.0,0.2134,19.0,0.1818,10.0,0.2532,30.0,,,0.2772,52.0
2024-06-07,0.3079,72.0,0.2228,49.0,0.2089,19.0,,,0.2263,28.0,0.2164,21.0,0.1824,11.0,0.2373,19.0,,,0.2882,61.0
2024-06-06,0.3422,78.0,0.2317,54.0,0.2146,22.0,,,0.2179,24.0,0.2154,21.0,0.1825,11.0,0.2412,22.0,,,0.279,54.0
2024-06-05,0.35,79.0,0.2363,56.0,0.2222,27.0,,,0.2238,28.0,0.2152,21.0,0.1824,11.0,0.2647,38.0,,,0.3095,73.0
2024-06-04,0.2441,55.0,0.2013,38.0,0.2394,38.0,,,0.2367,36.0,0.2091,16.0,0.1802,9.0,0.2449,24.0,,,0.2979,67.0
2024-06-03,0.2452,56.0,0.2012,38.0,0.2325,34.0,,,0.2421,40.0,0.2091,16.0,0.1803,9.0,0.25,28.0,,,0.3076,72.0
2024-05-31,0.2736,64.0,0.1963,35.0,0.2155,23.0,,,0.1857,7.0,0.2071,15.0,0.1803,9.0,0.251,28.0,,,0.2918,63.0
2024-05-30,0.2559,59.0,0.172,21.0,0.2177,25.0,,,0.2195,25.0,0.2069,15.0,0.1793,9.0,0.2375,19.0,,,0.2983,67.0
2024-05-29,0.256,59.0,0.172,21.0,0.2118,21.0,,,0.2227,28.0,0.2069,15.0,0.1792,9.0,0.2504,28.0,,,0.2964,66.0
2024-05-28,0.1912,33.0,0.1597,16.0,0.2024,14.0,,,0.2145,22.0,0.2033,12.0,0.1786,8.0,0.2396,20.0,,,0.2927,63.0
2024-05-24,0.2167,44.0,0.1593,16.0,0.189,7.0,,,0.1971,12.0,0.2027,12.0,0.1782,8.0,0.2382,19.0,,,0.287,60.0
2024-05-23,0.2156,44.0,0.1586,15.0,0.2005,13.0,,,0.2127,21.0,0.2027,12.0,0.1781,8.0,0.2443,24.0,,,0.298,67.0
2024-05-22,0.2303,51.0,0.1607,16.0,0.1966,11.0,,,0.2005,13.0,0.2029,12.0,0.1778,8.0,0.2419,22.0,,,0.2937,64.0
2024-05-21,0.2031,38.0,0.172,21.0,0.1907,8.0,,,0.1853,7.0,0.2001,10.0,0.1764,8.0,0.2426,22.0,,,0.2931,64.0
2024-05-20,0.204,38.0,0.1713,21.0,0.193,9.0,,,0.1933,10.0,0.2002,10.0,0.1764,8.0,0.2467,25.0,,,0.3031,70.0
2024-05-17,0.2408,54.0,0.1782,24.0,0.1919,8.0,,,0.2106,20.0,0.2001,10.0,0.1766,8.0,0.2447,24.0,,,0.3027,69.0
2024-05-16,0.2428,55.0,0.186,28.0,0.321,76.0,,,0.1905,8.0,0.2001,10.0,0.1764,8.0,0.2533,30.0,,,0.2908,62.0
2024-05-15,0.2108,42.0,0.1863,28.0,0.1999,13.0,,,0.198,12.0,0.1977,9.0,0.1761,7.0,0.2456,25.0,,,0.2956,65.0
2024-05-14,0.2085,40.0,0.1844,28.0,0.2008,13.0,,,0.2256,28.0,0.1978,9.0,0.1762,8.0,0.2576,33.0,,,0.2617,38.0
2024-05-13,0.2279,49.0,0.2,37.0,0.2161,24.0,,,0.2643,54.0,0.2021,12.0,0.1768,8.0,0.248,27.0,,,0.251,28.0
2024-05-10,0.1683,24.0,0.1766,23.0,0.1909,8.0,,,0.193,9.0,0.1994,10.0,0.1748,7.0,0.2733,42.0,,,0.263,39.0
2024-05-09,0.1684,24.0,0.1936,33.0,0.2125,21.0,,,0.2006,14.0,0.2023,12.0,0.1758,7.0,0.2493,28.0,,,0.2453,24.0
2024-05-08,0.4426,89.0,0.2354,56.0,0.2117,20.0,,,0.2046,16.0,0.2016,11.0,0.1759,7.0,0.2658,38.0,,,0.2684,44.0
2024-05-07,0.4598,90.0,0.2326,54.0,0.2213,27.0,,,0.1987,12.0,0.2016,11.0,0.1754,7.0,0.2506,28.0,,,0.2488,27.0
2024-05-06,0.4372,88.0,0.2277,52.0,0.2261,30.0,,,0.2329,34.0,0.2009,11.0,0.1754,7.0,0.2696,40.0,,,0.2702,46.0
2024-05-03,0.4275,88.0,0.2376,57.0,0.2077,18.0,,,0.2436,41.0,0.2011,11.0,0.1757,7.0,0.2694,40.0,,,0.2742,49.0
2024-05-02,0.4356,88.0,0.2247,50.0,0.2289,32.0,,,0.2401,38.0,0.203,12.0,0.176,7.0,0.2551,31.0,,,0.2598,36.0
2024-05-01,0.442,89.0,0.2155,45.0,0.2368,36.0,,,0.2425,40.0,0.2037,13.0,0.1765,8.0,0.2754,43.0,,,0.2657,41.0
2024-04-30,0.4561,90.0,0.2068,41.0,0.2453,41.0,,,0.2722,59.0,0.2039,13.0,0.1774,8.0,0.2403,21.0,,,0.2898,62.0
2024-04-29,0.2137,43.0,0.1918,32.0,0.3356,79.0,,,0.3754,85.0,0.1781,2.0,0.1743,6.0,0.2292,13.0,,,0.2914,63.0
2024-04-26,0.2099,41.0,0.2077,41.0,0.2677,55.0,,,0.3002,72.0,0.1772,2.0,0.1745,6.0,0.2451,24.0,,,0.3088,73.0
2024-04-25,0.2166,44.0,0.2233,50.0,0.2804,61.0,,,0.3049,73.0,0.1774,2.0,0.1748,7.0,0.2229,10.0,,,0.2849,57.0
2024-04-24,0.2151,44.0,0.2139,44.0,0.2743,57.0,,,0.294,69.0,0.1771,2.0,0.175,7.0,0.2502,28.0,,,0.2794,54.0
2024-04-23,0.2085,40.0,0.2399,57.0,0.2655,54.0,,,0.2954,70.0,0.1773,2.0,0.1754,7.0,0.2357,17.0,,,0.2955,65.0
2024-04-22,0.1895,33.0,0.2396,57.0,0.2724,57.0,,,0.3001,71.0,0.1858,4.0,0.1793,9.0,0.2476,26.0,,,0.2965,66.0
2024-04-19,0.1475,18.0,0.2398,57.0,0.2772,59.0,,,0.3008,72.0,0.1854,4.0,0.1793,9.0,0.2432,23.0,,,0.2907,62.0
2024-04-18,0.1145,7.0,0.2205,48.0,0.2691,55.0,,,0.2951,70.0,0.183,3.0,0.1774,8.0,0.2563,33.0,,,0.3038,70.0
2024-04-17,0.1572,20.0,0.2489,62.0,0.2765,59.0,,,0.2873,66.0,0.1818,2.0,0.1771,8.0,0.2508,28.0,,,0.3056,71.0
2024-04-16,0.1618,22.0,0.2321,54.0,0.2977,69.0,,,0.2868,66.0,0.1822,3.0,0.1771,8.0,0.264,38.0,,,0.296,66.0
2024-04-15,0.1999,36.0,0.2376,57.0,0.2658,54.0,,,0.2666,56.0,0.182,2.0,0.1771,8.0,0.2507,28.0,,,0.2942,64.0
2024-04-12,0.2011,37.0,0.2128,44.0,0.2555,48.0,,,0.2497,45.0,0.1828,3.0,0.1751,7.0,0.2517,28.0,,,0.2937,64.0
2024-04-11,0.2049,39.0,0.2398,57.0,0.2285,31.0,,,0.2148,23.0,0.1848,3.0,0.1768,8.0,0.258,34.0,,,0.2903,62.0
2024-04-10,0.208,40.0,0.24,57.0,0.2404,38.0,,,0.2334,34.0,0.1868,4.0,0.1777,8.0,0.2391,20.0,,,0.2848,57.0
2024-04-09,0.2079,40.0,0.2272,52.0,0.2225,28.0,,,0.2233,28.0,0.1866,4.0,0.1771,8.0,0.2469,26.0,,,0.2768,52.0
2024-04-08,0.1405,15.0,0.178,24.0,0.2264,30.0,,,0.2207,26.0,0.1821,2.0,0.1738,6.0,0.2382,19.0,,,0.2727,48.0
2024-04-05,0.1628,22.0,0.1793,25.0,0.2126,21.0,,,0.2147,23.0,0.1821,2.0,0.1741,6.0,0.2341,16.0,,,0.2908,62.0
2024-04-04,0.1257,11.0,0.1724,21.0,0.2254,28.0,,,0.2334,34.0,0.1822,3.0,0.1757,7.0,0.2377,19.0,,,0.2836,57.0
2024-04-03,0.1224,10.0,0.1637,18.0,0.2117,20.0,,,0.2055,17.0,0.1825,3.0,0.176,7.0,0.2395,20.0,,,0.2827,57.0
2024-04-02,0.1162,8.0,0.1202,3.0,0.2007,13.0,,,0.2095,19.0,0.1859,4.0,0.1761,7.0,0.2308,14.0,,,0.2832,57.0
2024-04-01,0.1838,31.0,0.1342,6.0,0.202,14.0,,,0.2,13.0,0.1853,4.0,0.1761,7.0,0.2332,16.0,,,0.2754,50.0
2024-03-28,0.1743,27.0,0.1381,8.0,0.1837,5.0,,,0.1907,9.0,0.185,3.0,0.1765,8.0,0.2194,8.0,,,0.2749,50.0
2024-03-27,0.1652,23.0,0.1298,5.0,0.1891,7.0,,,0.1942,10.0,0.1854,4.0,0.1767,8.0,0.2104,5.0,,,0.275,50.0
2024-03-26,0.1767,28.0,0.1336,6.0,0.1937,9.0,,,0.2031,15.0,0.1853,4.0,0.177,8.0,0.2337,16.0,,,0.2933,64.0
2024-03-25,0.2039,38.0,0.1513,13.0,0.2028,15.0,,,0.2071,17.0,0.1854,4.0,0.1773,8.0,0.2377,19.0,,,0.2816,56.0
2024-03-22,0.2145,43.0,0.1735,22.0,0.1966,11.0,,,0.2042,16.0,0.1879,5.0,0.1781,8.0,0.226,11.0,,,0.2752,50.0
2024-03-21,0.1885,32.0,0.1754,23.0,0.2091,19.0,,,0.2093,19.0,0.1875,5.0,0.1783,8.0,0.2292,13.0,,,0.2748,50.0
2024-03-20,0.1673,24.0,0.1641,18.0,0.2019,14.0,,,0.2053,16.0,0.1857,4.0,0.1782,8.0,0.2251,11.0,,,0.2608,37.0
2024-03-19,0.1872,32.0,0.1814,26.0,0.2068,17.0,,,0.2111,20.0,0.188,5.0,0.1783,8.0,0.2267,12.0,,,0.2851,59.0
2024-03-18,0.1892,32.0,0.1875,28.0,0.2155,23.0,,,0.212,21.0,0.1879,5.0,0.179,9.0,0.2311,14.0,,,0.2789,54.0
2024-03-15,0.2005,37.0,0.1978,36.0,0.2157,23.0,,,0.2142,22.0,0.1883,5.0,0.18,9.0,0.2216,10.0,,,0.275,50.0
2024-03-14,0.1392,15.0,0.1886,30.0,0.2059,17.0,,,0.2148,23.0,0.1857,4.0,0.1793,9.0,0.2296,13.0,,,0.2951,65.0
2024-03-13,0.1497,18.0,0.1974,36.0,0.206,17.0,,,0.2288,31.0,0.1858,4.0,0.1783,8.0,0.2293,13.0,,,0.277,52.0
2024-03-12,0.1602,21.0,0.2023,38.0,0.2147,22.0,,,0.2177,24.0,0.1897,6.0,0.1795,9.0,0.2307,14.0,,,0.2797,54.0
2024-03-11,0.1951,35.0,0.2057,40.0,0.2305,33.0,,,0.2417,39.0,0.1932,7.0,0.1827,11.0,0.2354,17.0,,,0.2839,57.0
2024-03-08,0.193,34.0,0.1867,28.0,0.1953,10.0,,,0.2025,15.0,0.1929,7.0,0.1819,10.0,0.2311,14.0,,,0.2891,61.0
2024-03-07,0.1942,34.0,0.1801,25.0,0.2067,17.0,,,0.2114,20.0,0.193,7.0,0.1816,10.0,0.2289,13.0,,,0.2767,52.0
2024-03-06,0.1894,33.0,0.1702,20.0,0.227,30.0,,,0.2227,28.0,0.1933,7.0,0.1824,11.0,0.23,13.0,,,0.2638,39.0
2024-03-05,0.1914,33.0,0.1754,23.0,0.1993,12.0,,,0.2235,28.0,0.1929,7.0,0.1827,11.0,0.2181,8.0,,,0.2815,56.0
2024-03-04,0.1733,26.0,0.141,9.0,0.2105,20.0,,,0.2106,20.0,0.1925,7.0,0.1814,10.0,0.2292,13.0,,,0.2788,54.0
2024-03-01,0.1757,27.0,0.1384,8.0,0.1963,11.0,,,0.1829,6.0,0.1953,8.0,0.1824,11.0,0.24,21.0,,,0.2766,51.0
2024-02-29,0.1508,18.0,0.1322,6.0,0.1913,8.0,,,0.2192,25.0,0.1944,7.0,0.182,10.0,0.2282,12.0,,,0.2794,54.0
2024-02-28,0.1485,18.0,0.1358,7.0,0.2012,14.0,,,0.2007,14.0,0.1945,7.0,0.1824,11.0,0.2263,12.0,,,0.2716,47.0
2024-02-27,0.1533,19.0,0.1386,8.0,0.1966,11.0,,,0.189,8.0,0.1946,7.0,0.1827,11.0,0.222,10.0,,,0.271,46.0
2024-02-26,0.132,13.0,0.142,9.0,0.199,12.0,,,0.1958,11.0,0.1987,9.0,0.185,12.0,0.2236,10.0,,,0.268,44.0
2024-02-23,0.1395,15.0,0.1371,7.0,0.1934,9.0,,,0.1997,13.0,0.1982,9.0,0.1845,12.0,0.2232,10.0,,,0.2618,38.0
2024-02-22,0.1669,24.0,0.1426,10.0,0.2001,13.0,,,0.1948,10.0,0.1982,9.0,0.1848,12.0,0.2215,9.0,,,0.267,43.0
2024-02-21,0.1519,19.0,0.1377,8.0,0.2104,20.0,,,0.2091,19.0,0.199,10.0,0.1853,12.0,0.2287,13.0,,,0.2623,38.0
2024-02-20,0.142,16.0,0.1312,5.0,0.2113,20.0,,,0.2136,22.0,0.1988,9.0,0.1851,12.0,0.2268,12.0,,,0.2749,50.0
2024-02-16,0.1357,14.0,0.1348,7.0,0.1983,12.0,,,0.2039,15.0,0.1986,9.0,0.185,12.0,0.2356,17.0,,,0.2778,53.0
2024-02-15,0.1285,11.0,0.1417,9.0,0.193,9.0,,,0.2063,17.0,0.1986,9.0,0.1851,12.0,0.2486,27.0,,,0.247,25.0
2024-02-14,0.1195,9.0,0.1343,6.0,0.1886,7.0,,,0.1919,9.0,0.1983,9.0,0.1854,12.0,0.247,26.0,,,0.2289,17.0
2024-02-13,0.0941,4.0,0.1414,9.0,0.2029,15.0,,,0.2485,44.0,0.198,9.0,0.1856,13.0,0.2489,27.0,,,0.2474,26.0
2024-02-12,0.0678,1.0,0.1529,13.0,0.1856,6.0,,,0.2357,35.0,0.1976,8.0,0.1858,13.0,0.2237,11.0,,,0.2471,25.0
2024-02-09,0.081,2.0,0.1588,16.0,0.167,2.0,,,0.2041,15.0,0.1985,9.0,0.1858,13.0,0.25,28.0,,,0.2437,23.0
2024-02-08,0.1632,23.0,0.1727,22.0,0.1739,3.0,,,0.212,21.0,0.1984,9.0,0.186,13.0,0.2464,25.0,,,0.2414,22.0
2024-02-07,0.1632,23.0,0.1759,23.0,0.1841,5.0,,,0.2132,21.0,0.1984,9.0,0.1858,13.0,0.2441,23.0,,,0.2436,23.0
2024-02-06,0.1694,25.0,0.1729,22.0,0.1931,9.0,,,0.2164,23.0,0.1982,9.0,0.1859,13.0,0.2417,22.0,,,0.2432,23.0
2024-02-05,0.1725,26.0,0.1797,25.0,0.1996,13.0,,,0.2196,26.0,0.1982,9.0,0.1859,13.0,0.2506,28.0,,,0.2452,24.0
2024-02-02,0.1755,27.0,0.1768,23.0,0.1762,3.0,,,0.2066,17.0,0.1982,9.0,0.1863,13.0,0.229,13.0,,,0.2416,22.0
2024-02-01,0.1689,25.0,0.1779,24.0,0.1756,3.0,,,0.2213,27.0,0.198,9.0,0.1855,13.0,0.2377,19.0,,,0.245,24.0
2024-01-31,0.2781,65.0,0.2486,62.0,0.193,9.0,,,0.2144,22.0,0.1979,9.0,0.1862,13.0,0.2476,26.0,,,0.2461,25.0
2024-01-30,0.2387,53.0,0.2443,60.0,0.1917,8.0,,,0.2062,17.0,0.1976,8.0,0.1864,13.0,0.2451,24.0,,,0.2472,26.0
2024-01-29,0.238,53.0,0.2466,61.0,0.1866,6.0,,,0.2138,22.0,0.1977,9.0,0.1861,13.0,0.237,18.0,,,0.2463,25.0
2024-01-26,0.2224,47.0,0.2464,61.0,0.1846,5.0,,,0.2067,17.0,0.1975,8.0,0.1863,13.0,0.2433,23.0,,,0.2456,24.0
2024-01-25,0.2158,44.0,0.243,60.0,0.1876,6.0,,,0.2117,20.0,0.1978,9.0,0.1858,13.0,0.2422,22.0,,,0.2477,26.0
2024-01-24,0.2267,49.0,0.2389,57.0,0.1886,7.0,,,0.2081,18.0,0.1973,8.0,0.1856,13.0,0.2481,27.0,,,0.251,28.0
2024-01-23,0.2366,53.0,0.2329,55.0,0.1929,9.0,,,0.2109,20.0,0.1974,8.0,0.1853,12.0,0.2492,27.0,,,0.2302,17.0
2024-01-22,0.1092,6.0,0.1534,13.0,0.2558,48.0,,,0.2681,56.0,0.1922,7.0,0.1826,11.0,0.2614,36.0,,,0.2517,28.0
2024-01-19,0.1084,6.0,0.1431,10.0,0.2445,41.0,,,0.2571,50.0,0.1962,8.0,0.1903,15.0,0.2454,24.0,,,0.2423,23.0
2024-01-18,0.1161,8.0,0.1343,6.0,0.2512,45.0,,,0.2514,46.0,0.1962,8.0,0.1898,15.0,0.2541,31.0,,,0.2543,31.0
2024-01-17,0.1654,23.0,0.159,16.0,0.2506,45.0,,,0.2652,55.0,0.196,8.0,0.1901,15.0,0.2452,24.0,,,0.2555,32.0
2024-01-16,0.1663,24.0,0.1545,14.0,0.245,41.0,,,0.2578,50.0,0.196,8.0,0.1903,15.0,0.2478,26.0,,,0.276,51.0
2024-01-12,0.1828,30.0,0.1657,18.0,0.2408,39.0,,,0.2424,40.0,0.1962,8.0,0.1903,15.0,0.2597,35.0,,,0.2537,31.0
2024-01-11,0.2122,42.0,0.1747,23.0,0.2404,38.0,,,0.2417,39.0,0.1981,9.0,0.1909,16.0,0.2493,28.0,,,0.2533,30.0
2024-01-10,0.2132,43.0,0.1747,23.0,0.2373,36.0,,,0.2405,38.0,0.2003,10.0,0.1914,16.0,0.2465,25.0,,,0.2554,32.0
2024-01-09,0.2135,43.0,0.1753,23.0,0.2388,37.0,,,0.2437,41.0,0.2003,10.0,0.1917,16.0,0.2438,23.0,,,0.2489,27.0
2024-01-08,0.2116,42.0,0.168,19.0,0.2374,36.0,,,0.2431,40.0,0.1999,10.0,0.1915,16.0,0.2474,26.0,,,0.249,27.0
2024-01-05,0.12,9.0,0.139,8.0,0.2377,37.0,,,0.2421,40.0,0.1974,8.0,0.1908,16.0,0.2474,26.0,,,0.253,30.0
2024-01-04,0.1295,12.0,0.1359,7.0,0.2454,41.0,,,0.2486,44.0,0.1988,9.0,0.1911,16.0,0.2541,31.0,,,0.274,49.0
2024-01-03,0.1355,14.0,0.1148,2.0,0.2447,41.0,,,0.2451,42.0,0.2014,11.0,0.1917,16.0,0.2613,36.0,,,0.2601,36.0
2024-01-02,0.0963,4.0,0.0857,1.0,0.2381,37.0,,,0.2418,39.0,0.1993,10.0,0.1916,16.0,0.2456,25.0,,,0.2574,34.0
2023-12-29,0.0962,4.0,0.0883,1.0,0.2299,32.0,,,0.2301,32.0,0.199,10.0,0.1915,16.0,0.2511,28.0,,,0.2517,28.0
2023-12-28,0.1071,6.0,0.0869,1.0,0.2292,32.0,,,0.2293,31.0,0.2006,10.0,0.1918,17.0,0.2513,28.0,,,0.2527,30.0
2023-12-27,0.1177,8.0,0.0984,1.0,0.2325,34.0,,,0.2326,33.0,0.2006,10.0,0.1921,17.0,0.2516,28.0,,,0.2515,28.0
2023-12-26,0.1179,8.0,0.0991,1.0,0.2355,35.0,,,0.2355,35.0,0.2012,11.0,0.1929,17.0,0.2531,30.0,,,0.2515,28.0
2023-12-22,0.1247,10.0,0.1102,1.0,0.2353,35.0,,,0.2355,35.0,0.2036,13.0,0.1947,19.0,0.2516,28.0,,,0.2526,30.0
2023-12-21,0.124,10.0,0.126,4.0,0.2343,35.0,,,0.2377,37.0,0.2036,13.0,0.1948,19.0,0.2405,21.0,,,0.2498,27.0
2023-12-20,0.1194,9.0,0.1278,4.0,0.2353,35.0,,,0.2368,36.0,0.204,13.0,0.1953,20.0,0.2524,30.0,,,0.2588,35.0
2023-12-19,0.1662,24.0,0.1349,7.0,0.2274,30.0,,,0.2293,31.0,0.2037,13.0,0.1953,20.0,0.2396,20.0,,,0.243,23.0
2023-12-18,0.1703,25.0,0.1396,8.0,0.2286,31.0,,,0.2295,32.0,0.2034,13.0,0.196,20.0,0.2621,36.0,,,0.264,40.0
2023-12-15,0.1548,20.0,0.1396,8.0,0.1976,11.0,,,0.1857,7.0,0.2034,13.0,0.1959,20.0,0.2487,27.0,,,0.2479,26.0
2023-12-14,0.1542,19.0,0.1484,11.0,0.2722,57.0,,,0.2149,23.0,0.2036,13.0,0.1967,21.0,0.4622,90.0,,,0.1988,7.0
2023-12-13,0.1573,21.0,0.1494,12.0,0.5788,97.0,,,0.4794,94.0,0.2042,13.0,0.1969,21.0,0.5371,96.0,,,0.4794,96.0
2023-12-12,0.1567,20.0,0.1733,22.0,0.2448,41.0,,,0.2177,24.0,0.2044,13.0,0.1965,21.0,0.5867,97.0,,,0.2177,11.0
2023-12-11,0.1463,17.0,0.182,26.0,0.255,47.0,,,0.1701,3.0,0.2049,14.0,0.1971,21.0,0.59,98.0,,,0.1701,4.0
2023-12-08,0.0834,2.0,0.1708,21.0,0.3552,82.0,,,0.1943,10.0,0.2038,13.0,0.1982,22.0,0.5555,96.0,,,0.1943,6.0
2023-12-07,0.067,1.0,0.1712,21.0,0.2095,19.0,,,0.2118,20.0,0.2058,14.0,0.1989,22.0,0.2639,37.0,,,0.2542,31.0
2023-12-06,0.1144,7.0,0.1713,21.0,0.1959,11.0,,,0.2068,17.0,0.2061,14.0,0.1994,22.0,0.2353,17.0,,,0.2876,60.0
2023-12-05,0.1171,8.0,0.1642,18.0,0.229,32.0,,,0.201,14.0,0.2059,14.0,0.1992,22.0,0.2364,18.0,,,0.3064,71.0
2023-12-04,0.1209,9.0,0.1576,15.0,0.2193,26.0,,,0.24,38.0,0.206,14.0,0.1991,22.0,0.2312,14.0,,,0.295,65.0
2023-12-01,0.1247,10.0,0.1197,2.0,0.1968,11.0,,,0.1977,12.0,0.2078,15.0,0.1986,22.0,0.2349,17.0,,,0.2927,63.0
2023-11-30,0.0973,4.0,0.1063,1.0,0.1646,1.0,,,0.1657,3.0,0.2081,16.0,0.1992,22.0,0.229,13.0,,,0.2995,68.0
2023-11-29,0.0965,4.0,0.1145,2.0,0.2112,20.0,,,0.1957,11.0,0.2081,16.0,0.2003,23.0,0.223,10.0,,,0.2991,67.0
2023-11-28,0.0982,4.0,0.108,1.0,0.2037,15.0,,,0.2413,39.0,0.2173,22.0,0.2033,24.0,0.2206,9.0,,,0.2839,57.0
2023-11-27,0.0794,2.0,0.1098,1.0,0.1992,12.0,,,0.1987,12.0,0.2179,22.0,0.2039,25.0,0.235,17.0,,,0.3081,72.0
2023-11-24,0.0784,2.0,0.1158,2.0,0.1975,11.0,,,0.1992,13.0,0.2238,27.0,0.2059,25.0,0.2384,20.0,,,0.3106,74.0
2023-11-22,0.2043,38.0,0.1392,8.0,0.2025,15.0,,,0.192,9.0,0.2238,27.0,0.2062,26.0,0.2351,17.0,,,0.2921,63.0
2023-11-21,0.2066,39.0,0.1401,8.0,0.2133,22.0,,,0.2005,13.0,0.2237,27.0,0.2061,26.0,0.2132,6.0,,,0.2964,66.0
2023-11-20,0.2256,49.0,0.1587,16.0,0.1994,12.0,,,0.1957,11.0,0.2237,27.0,0.2066,26.0,0.2239,11.0,,,0.2999,68.0
2023-11-17,0.2472,56.0,0.1647,18.0,0.2038,15.0,,,0.2073,18.0,0.2247,27.0,0.2069,26.0,0.2173,7.0,,,0.308,72.0
2023-11-16,0.2499,57.0,0.1685,19.0,0.2141,22.0,,,0.1874,7.0,0.2247,27.0,0.2074,26.0,0.2133,6.0,,,0.2861,59.0
2023-11-15,0.2528,57.0,0.173,22.0,0.2036,15.0,,,0.2083,18.0,0.2249,28.0,0.2074,26.0,0.2543,31.0,,,0.255,32.0
2023-11-14,0.2572,59.0,0.1756,23.0,0.217,24.0,,,0.1988,13.0,0.2248,28.0,0.208,26.0,0.273,42.0,,,0.2595,36.0
2023-11-13,0.2357,52.0,0.188,30.0,0.2199,26.0,,,0.2616,52.0,0.2203,24.0,0.2076,26.0,0.2595,35.0,,,0.278,53.0
2023-11-10,0.2307,51.0,0.2031,39.0,0.1965,11.0,,,0.2465,42.0,0.2209,24.0,0.2079,26.0,0.2675,39.0,,,0.2757,51.0
2023-11-09,0.1951,35.0,0.2189,47.0,0.214,22.0,,,0.2715,59.0,0.2222,25.0,0.2082,27.0,0.2762,43.0,,,0.2988,67.0
2023-11-08,0.2144,43.0,0.2138,44.0,0.2165,24.0,,,0.2567,50.0,0.2219,25.0,0.2081,27.0,0.2716,41.0,,,0.2791,54.0
2023-11-07,0.2132,43.0,0.2197,47.0,0.2217,27.0,,,0.263,53.0,0.2219,25.0,0.2084,27.0,0.2597,35.0,,,0.281,55.0
2023-11-06,0.226,49.0,0.2205,48.0,0.2202,26.0,,,0.2584,51.0,0.2219,25.0,0.2083,27.0,0.2596,35.0,,,0.2785,53.0
2023-11-03,0.2305,51.0,0.2282,52.0,0.2148,23.0,,,0.253,47.0,0.2228,26.0,0.2102,28.0,0.2623,36.0,,,0.2634,39.0
2023-11-02,0.1562,20.0,0.2162,46.0,0.2272,30.0,,,0.2671,56.0,0.2196,23.0,0.2094,28.0,0.2847,48.0,,,0.2834,57.0
2023-11-01,0.2929,68.0,0.2535,64.0,0.2428,40.0,,,0.2732,60.0,0.2187,23.0,0.2091,27.0,0.285,48.0,,,0.2966,66.0
2023-10-31,0.2929,68.0,0.2335,55.0,0.2509,45.0,,,0.2824,64.0,0.221,25.0,0.2077,26.0,0.2849,48.0,,,0.288,61.0
2023-10-30,0.2902,68.0,0.2373,57.0,0.2583,49.0,,,0.2886,67.0,0.2205,24.0,0.2082,27.0,0.2796,45.0,,,0.2835,57.0
2023-10-27,0.303,71.0,0.2439,60.0,0.2629,52.0,,,0.3024,72.0,0.2212,25.0,0.209,27.0,0.2682,40.0,,,0.2762,51.0
2023-10-26,0.315,73.0,0.253,64.0,0.2706,56.0,,,0.2985,71.0,0.2259,28.0,0.2107,28.0,0.2765,44.0,,,0.2651,41.0
2023-10-25,0.3126,73.0,0.2432,60.0,0.2597,50.0,,,0.2872,66.0,0.2256,28.0,0.2103,28.0,0.2816,46.0,,,0.2681,44.0
2023-10-24,0.3268,76.0,0.236,56.0,0.2562,48.0,,,0.2759,61.0,0.2262,28.0,0.2101,28.0,0.2739,42.0,,,0.2817,56.0
2023-10-23,0.1866,31.0,0.2035,39.0,0.3327,79.0,,,0.3481,82.0,0.2188,23.0,0.208,26.0,0.275,43.0,,,0.2886,61.0
2023-10-20,0.1915,33.0,0.2181,47.0,0.3299,79.0,,,0.3374,80.0,0.2214,25.0,0.2095,28.0,0.2781,44.0,,,0.2863,59.0
2023-10-19,0.1949,35.0,0.2159,45.0,0.322,77.0,,,0.287,66.0,0.2214,25.0,0.2118,30.0,0.2887,50.0,,,0.274,49.0
2023-10-18,0.1904,33.0,0.2027,38.0,0.2813,62.0,,,0.3125,75.0,0.2207,24.0,0.2112,28.0,0.2884,49.0,,,0.2832,57.0
2023-10-17,0.1801,28.0,0.1883,30.0,0.2729,57.0,,,0.2787,62.0,0.2195,23.0,0.211,28.0,0.2783,45.0,,,0.2737,49.0
2023-10-16,0.2122,42.0,0.2182,47.0,0.2822,62.0,,,0.2894,67.0,0.2197,23.0,0.2111,28.0,0.2718,41.0,,,0.268,44.0
2023-10-13,0.1731,26.0,0.2244,50.0,0.2791,60.0,,,0.2863,66.0,0.2188,23.0,0.2112,28.0,0.2848,48.0,,,0.2835,57.0
2023-10-12,0.2484,57.0,0.2305,53.0,0.2669,54.0,,,0.2709,57.0,0.2171,22.0,0.2101,28.0,0.2815,46.0,,,0.2646,40.0
2023-10-11,0.2286,50.0,0.2175,46.0,0.2495,44.0,,,0.2471,43.0,0.2158,21.0,0.209,27.0,0.2738,42.0,,,0.2793,54.0
2023-10-10,0.2305,51.0,0.2188,47.0,0.2541,47.0,,,0.2496,45.0,0.2167,22.0,0.209,27.0,0.2879,49.0,,,0.2819,56.0
2023-10-09,0.2312,51.0,0.2229,49.0,0.2612,51.0,,,0.2612,52.0,0.2167,22.0,0.2096,28.0,0.2827,47.0,,,0.2856,59.0
2023-10-06,0.234,52.0,0.2231,50.0,0.2485,44.0,,,0.2462,42.0,0.2175,22.0,0.2095,28.0,0.2762,43.0,,,0.2682,44.0
2023-10-05,0.2292,50.0,0.1998,37.0,0.2662,54.0,,,0.2719,59.0,0.2182,23.0,0.2086,27.0,0.2734,42.0,,,0.2721,47.0
2023-10-04,0.2644,61.0,0.2013,38.0,0.26,50.0,,,0.2603,52.0,0.2191,23.0,0.2088,27.0,0.2711,41.0,,,0.2604,37.0
2023-10-03,0.1793,28.0,0.1693,20.0,0.2716,57.0,,,0.2688,57.0,0.2151,20.0,0.2075,26.0,0.2794,45.0,,,0.2765,51.0
2023-10-02,0.1908,33.0,0.1779,24.0,0.2565,48.0,,,0.2571,50.0,0.2204,24.0,0.2102,28.0,0.2561,32.0,,,0.275,50.0
2023-09-29,0.2212,47.0,0.1746,22.0,0.2369,36.0,,,0.2374,37.0,0.2252,28.0,0.2119,30.0,0.2915,51.0,,,0.2636,39.0
2023-09-28,0.2145,43.0,0.1785,24.0,0.2414,39.0,,,0.2465,42.0,0.2248,28.0,0.2121,30.0,0.2751,43.0,,,0.2541,31.0
2023-09-27,0.2167,44.0,0.1918,32.0,0.2562,48.0,,,0.2556,49.0,0.2251,28.0,0.2122,30.0,0.2719,41.0,,,0.2529,30.0
2023-09-26,0.22,46.0,0.1879,30.0,0.2602,51.0,,,0.265,55.0,0.2247,27.0,0.212,30.0,0.28,45.0,,,0.2686,44.0
2023-09-25,0.193,34.0,0.1759,23.0,0.2444,41.0,,,0.2479,43.0,0.223,26.0,0.2114,28.0,0.2759,43.0,,,0.2724,47.0
2023-09-22,0.2699,63.0,0.1953,34.0,0.2385,37.0,,,0.2385,37.0,0.2234,27.0,0.2114,28.0,0.278,44.0,,,0.2746,50.0
2023-09-21,0.2972,69.0,0.2351,56.0,0.244,40.0,,,0.2442,41.0,0.2236,27.0,0.211,28.0,0.2704,40.0,,,0.2709,46.0
2023-09-20,0.279,65.0,0.2362,56.0,0.2258,30.0,,,0.2262,28.0,0.222,25.0,0.2115,28.0,0.2836,47.0,,,0.2669,42.0
2023-09-19,0.2835,66.0,0.2268,52.0,0.2238,28.0,,,0.2267,30.0,0.2224,26.0,0.2127,30.0,0.2818,46.0,,,0.2772,52.0
2023-09-18,0.2785,65.0,0.2335,55.0,0.2132,21.0,,,0.2165,24.0,0.2228,26.0,0.2123,30.0,0.265,38.0,,,0.2736,49.0
2023-09-15,0.2741,64.0,0.2393,57.0,0.1973,11.0,,,0.2137,22.0,0.2231,26.0,0.2122,30.0,0.2644,38.0,,,0.2661,42.0
2023-09-14,0.2648,62.0,0.2427,59.0,0.2109,20.0,,,0.2389,37.0,0.2249,28.0,0.2124,30.0,0.2599,35.0,,,0.2566,33.0
2023-09-13,0.2591,60.0,0.2443,60.0,0.2204,26.0,,,0.2128,21.0,0.2259,28.0,0.2128,30.0,0.2599,35.0,,,0.2739,49.0
2023-09-12,0.2164,44.0,0.1948,34.0,0.1919,8.0,,,0.2806,63.0,0.2232,26.0,0.2106,28.0,0.2219,10.0,,,0.2964,66.0
2023-09-11,0.2236,48.0,0.1954,34.0,0.1979,12.0,,,0.1961,11.0,0.2266,28.0,0.2117,28.0,0.2051,3.0,,,0.301,68.0
2023-09-08,0.224,48.0,0.1993,37.0,0.2151,23.0,,,0.1868,7.0,0.2273,28.0,0.2123,30.0,0.2303,14.0,,,0.2609,37.0
2023-09-07,0.2606,60.0,0.2143,45.0,0.1938,9.0,,,0.2025,15.0,0.227,28.0,0.2117,28.0,0.2201,9.0,,,0.2808,55.0
2023-09-06,0.262,61.0,0.2064,41.0,0.1976,11.0,,,0.2073,18.0,0.2305,32.0,0.2131,31.0,0.2267,12.0,,,0.3018,69.0
2023-09-05,0.2465,56.0,0.2051,40.0,0.1998,13.0,,,0.2002,13.0,0.2321,33.0,0.2142,31.0,0.2331,16.0,,,0.2855,59.0
2023-09-01,0.2306,51.0,0.1941,34.0,0.1754,3.0,,,0.1704,3.0,0.2297,31.0,0.2131,31.0,0.2332,16.0,,,0.2788,54.0
2023-08-31,0.2115,42.0,0.1938,33.0,0.195,10.0,,,0.1933,10.0,0.2291,31.0,0.2131,31.0,0.2657,38.0,,,0.286,59.0
2023-08-30,0.2176,45.0,0.1866,28.0,0.1926,9.0,,,0.1942,10.0,0.2289,30.0,0.2127,30.0,0.2401,21.0,,,0.3152,75.0
2023-08-29,0.2178,45.0,0.1865,28.0,0.2056,16.0,,,0.2077,18.0,0.2303,32.0,0.2135,31.0,0.2641,38.0,,,0.2854,59.0
2023-08-28,0.1462,17.0,0.1513,13.0,0.1967,11.0,,,0.1939,10.0,0.2289,30.0,0.2129,31.0,0.2575,33.0,,,0.2562,33.0
2023-08-25,0.1613,22.0,0.1603,16.0,0.2052,16.0,,,0.2042,16.0,0.2293,31.0,0.2132,31.0,0.2413,22.0,,,0.2895,62.0
2023-08-24,0.156,20.0,0.164,18.0,0.2041,15.0,,,0.2184,25.0,0.2292,31.0,0.213,31.0,0.2347,17.0,,,0.2919,63.0
2023-08-23,0.1336,13.0,0.1497,12.0,0.2103,20.0,,,0.2138,22.0,0.2278,30.0,0.2129,31.0,0.2411,22.0,,,0.2912,63.0
2023-08-22,0.1213,9.0,0.1521,13.0,0.2175,25.0,,,0.2177,24.0,0.2289,30.0,0.213,31.0,0.2557,32.0,,,0.275,50.0
2023-08-21,0.121,9.0,0.1538,14.0,0.2264,30.0,,,0.2158,23.0,0.2289,30.0,0.213,31.0,0.2502,28.0,,,0.3077,72.0
2023-08-18,0.1215,9.0,0.1593,16.0,0.2174,25.0,,,0.2265,30.0,0.2295,31.0,0.214,31.0,0.2382,19.0,,,0.2615,38.0
2023-08-17,0.0917,3.0,0.1463,11.0,0.2354,35.0,,,0.2829,64.0,0.2319,33.0,0.2146,32.0,0.2794,45.0,,,0.27,45.0
2023-08-16,0.1043,5.0,0.1579,15.0,0.188,7.0,,,0.195,11.0,0.232,33.0,0.2143,32.0,0.2518,28.0,,,0.2825,57.0
2023-08-15,0.107,6.0,0.1466,11.0,0.2144,22.0,,,0.3101,75.0,0.2318,33.0,0.2167,33.0,0.288,49.0,,,0.2768,52.0
2023-08-14,0.1114,7.0,0.1665,19.0,0.191,8.0,,,0.2664,55.0,0.2333,34.0,0.2177,33.0,0.2744,42.0,,,0.2588,35.0
2023-08-11,0.1456,17.0,0.1801,25.0,0.1877,7.0,,,0.2376,37.0,0.2333,34.0,0.2184,34.0,0.2676,39.0,,,0.2881,61.0
2023-08-10,0.1434,16.0,0.1816,26.0,0.201,14.0,,,0.2581,51.0,0.2333,34.0,0.2186,34.0,0.2648,38.0,,,0.2654,41.0
2023-08-09,0.1462,17.0,0.1796,25.0,0.2271,30.0,,,0.2613,52.0,0.2333,34.0,0.2185,34.0,0.2764,43.0,,,0.2666,42.0
2023-08-08,0.1592,21.0,0.1785,24.0,0.2376,37.0,,,0.2167,24.0,0.234,34.0,0.2193,34.0,0.2563,33.0,,,0.2372,20.0
2023-08-07,0.1463,17.0,0.1626,17.0,0.1909,8.0,,,0.2484,44.0,0.2361,36.0,0.2193,34.0,0.2826,47.0,,,0.2449,24.0
2023-08-04,0.1461,17.0,0.1737,22.0,0.2105,20.0,,,0.2214,27.0,0.2359,36.0,0.22,34.0,0.2655,38.0,,,0.2828,57.0
2023-08-03,0.176,27.0,0.1956,34.0,0.2229,28.0,,,0.227,30.0,0.2351,35.0,0.2192,34.0,0.2593,35.0,,,0.2538,31.0
2023-08-02,0.2247,48.0,0.2932,77.0,0.2184,25.0,,,0.2199,26.0,0.235,35.0,0.2185,34.0,0.2634,37.0,,,0.2489,27.0
2023-08-01,0.2384,53.0,0.292,76.0,0.2132,21.0,,,0.2109,20.0,0.2349,35.0,0.2189,34.0,0.2544,31.0,,,0.2507,28.0
2023-07-31,0.2385,53.0,0.2935,77.0,0.208,18.0,,,0.2132,21.0,0.2362,36.0,0.221,35.0,0.252,28.0,,,0.2695,45.0
2023-07-28,0.2204,46.0,0.2981,78.0,0.202,14.0,,,0.2044,16.0,0.236,36.0,0.221,35.0,0.2544,31.0,,,0.262,38.0
2023-07-27,0.217,45.0,0.298,78.0,0.2028,15.0,,,0.2267,30.0,0.2374,36.0,0.2215,35.0,0.271,41.0,,,0.2664,42.0
2023-07-26,0.2616,61.0,0.3026,79.0,0.2168,24.0,,,0.2229,28.0,0.2382,37.0,0.2224,36.0,0.2603,35.0,,,0.2643,40.0
2023-07-25,0.2806,65.0,0.2865,75.0,0.2156,23.0,,,0.2176,24.0,0.2368,36.0,0.2211,35.0,0.2503,28.0,,,0.2516,28.0
2023-07-24,0.2026,38.0,0.1731,22.0,0.2726,57.0,,,0.2649,54.0,0.2333,34.0,0.2145,32.0,0.2605,35.0,,,0.2555,32.0
2023-07-21,0.2084,40.0,0.1725,21.0,0.2475,43.0,,,0.2532,47.0,0.2603,52.0,0.2234,36.0,0.2495,28.0,,,0.2659,41.0
2023-07-20,0.1883,32.0,0.1732,22.0,0.2071,18.0,,,0.2109,20.0,0.2628,54.0,0.2254,38.0,0.2609,36.0,,,0.2542,31.0
2023-07-19,0.1972,35.0,0.1715,21.0,0.2241,28.0,,,0.206,17.0,0.2631,55.0,0.2256,38.0,0.2704,40.0,,,0.2595,36.0
2023-07-18,0.2101,41.0,0.1919,32.0,0.1926,9.0,,,0.2226,28.0,0.2644,56.0,0.2262,39.0,0.2427,22.0,,,0.2224,13.0
2023-07-17,0.2017,37.0,0.1871,28.0,0.1891,7.0,,,0.2663,55.0,0.2647,57.0,0.2267,39.0,0.249,27.0,,,0.238,21.0
2023-07-14,0.1991,36.0,0.1775,24.0,0.1944,10.0,,,0.2411,39.0,0.2638,56.0,0.2263,39.0,0.2623,36.0,,,0.2442,23.0
2023-07-13,0.2383,53.0,0.1762,23.0,0.2057,17.0,,,0.2402,38.0,0.2642,56.0,0.2267,39.0,0.2588,34.0,,,0.2558,32.0
2023-07-12,0.232,51.0,0.1789,25.0,0.1957,10.0,,,0.2042,16.0,0.264,56.0,0.227,40.0,0.2328,15.0,,,0.2523,28.0
2023-07-11,0.2355,52.0,0.1829,27.0,0.212,21.0,,,0.2066,17.0,0.264,56.0,0.2269,39.0,0.2537,30.0,,,0.2537,31.0
2023-07-10,0.25,57.0,0.2073,41.0,0.2098,19.0,,,0.2126,21.0,0.2632,55.0,0.2272,40.0,0.2468,26.0,,,0.2908,62.0
2023-07-07,0.2034,38.0,0.1846,28.0,0.1872,6.0,,,0.1995,13.0,0.2608,52.0,0.2264,39.0,0.2363,18.0,,,0.2815,56.0
2023-07-06,0.2139,43.0,0.1824,27.0,0.1763,3.0,,,0.2054,17.0,0.2629,55.0,0.2264,39.0,0.2461,25.0,,,0.3013,69.0
2023-07-05,0.2025,38.0,0.1824,27.0,0.2006,13.0,,,0.2016,14.0,0.2629,55.0,0.2263,39.0,0.237,18.0,,,0.3074,72.0
2023-07-03,0.1269,11.0,0.191,32.0,0.1818,4.0,,,0.181,6.0,0.2616,53.0,0.2264,39.0,0.2407,21.0,,,0.2593,36.0
2023-06-30,0.146,17.0,0.1901,31.0,0.1822,5.0,,,0.1804,5.0,0.2618,54.0,0.2266,39.0,0.2275,12.0,,,0.2875,60.0
2023-06-29,0.1441,16.0,0.1906,31.0,0.1845,5.0,,,0.1945,10.0,0.2614,53.0,0.2263,39.0,0.2344,16.0,,,0.28,55.0
2023-06-28,0.1424,16.0,0.1662,18.0,0.1998,13.0,,,0.2012,14.0,0.2598,51.0,0.2251,37.0,0.235,17.0,,,0.2835,57.0
2023-06-27,0.153,19.0,0.1679,19.0,0.202,14.0,,,0.1991,13.0,0.2604,52.0,0.2253,38.0,0.2354,17.0,,,0.2716,47.0
2023-06-26,0.1484,18.0,0.1687,20.0,0.2141,22.0,,,0.207,17.0,0.2598,51.0,0.225,37.0,0.2427,22.0,,,0.2827,57.0
2023-06-23,0.1786,28.0,0.197,35.0,0.2061,17.0,,,0.2097,19.0,0.2596,51.0,0.2251,37.0,0.2461,25.0,,,0.2802,55.0
2023-06-22,0.2284,50.0,0.1996,37.0,0.2062,17.0,,,0.2095,19.0,0.2603,52.0,0.2254,38.0,0.2403,21.0,,,0.3037,70.0
2023-06-21,0.2332,52.0,0.2093,42.0,0.2059,17.0,,,0.2085,18.0,0.261,53.0,0.2256,38.0,0.2303,14.0,,,0.2743,49.0
2023-06-20,0.2288,50.0,0.1981,36.0,0.2141,22.0,,,0.2144,22.0,0.2608,52.0,0.2251,37.0,0.2398,20.0,,,0.3206,77.0
2023-06-16,0.2106,41.0,0.1933,33.0,0.2063,17.0,,,0.2107,20.0,0.2604,52.0,0.225,37.0,0.2358,18.0,,,0.272,47.0
2023-06-15,0.2177,45.0,0.2109,43.0,0.1953,10.0,,,0.2184,25.0,0.2602,52.0,0.2256,38.0,0.236,18.0,,,0.2852,59.0
2023-06-14,0.2226,47.0,0.2191,47.0,0.3034,71.0,,,0.2729,59.0,0.2615,53.0,0.226,38.0,0.2425,22.0,,,0.2862,59.0
2023-06-13,0.1415,16.0,0.2102,43.0,0.2091,19.0,,,0.2206,26.0,0.26,52.0,0.226,38.0,0.2395,20.0,,,0.274,49.0
2023-06-12,0.248,56.0,0.2455,61.0,0.2869,64.0,,,0.235,35.0,0.2587,50.0,0.2287,42.0,0.2494,28.0,,,0.298,67.0
2023-06-09,0.2475,56.0,0.2488,62.0,0.2139,22.0,,,0.213,21.0,0.2591,51.0,0.229,42.0,0.2403,21.0,,,0.2955,65.0
2023-06-08,0.3865,84.0,0.2743,71.0,0.1935,9.0,,,0.2199,26.0,0.2614,53.0,0.2301,43.0,0.2486,27.0,,,0.2985,67.0
2023-06-07,0.3947,85.0,0.275,72.0,0.2282,31.0,,,0.2276,30.0,0.2617,53.0,0.2306,44.0,0.2343,16.0,,,0.2913,63.0
2023-06-06,0.3862,84.0,0.2611,67.0,0.2367,36.0,,,0.236,36.0,0.2602,52.0,0.2298,43.0,0.2317,15.0,,,0.3023,69.0
2023-06-05,0.3802,83.0,0.2535,64.0,0.2458,42.0,,,0.2421,40.0,0.2592,51.0,0.229,42.0,0.2419,22.0,,,0.306,71.0
2023-06-02,0.397,85.0,0.2458,61.0,0.2336,34.0,,,0.2337,34.0,0.2615,53.0,0.2283,41.0,0.2537,30.0,,,0.3016,69.0
2023-06-01,0.2668,62.0,0.2043,39.0,0.2454,41.0,,,0.2588,51.0,0.2533,45.0,0.2261,38.0,0.2382,19.0,,,0.3107,74.0
2023-05-31,0.2247,48.0,0.1934,33.0,0.2701,56.0,,,0.2743,60.0,0.252,44.0,0.2254,38.0,0.2491,27.0,,,0.3237,78.0
2023-05-30,0.112,7.0,0.1695,20.0,0.2528,46.0,,,0.2563,49.0,0.2482,43.0,0.2248,37.0,0.2445,24.0,,,0.3364,81.0
2023-05-26,0.1118,7.0,0.1726,22.0,0.2478,43.0,,,0.2567,50.0,0.2483,43.0,0.2247,37.0,0.2639,37.0,,,0.3307,80.0
2023-05-25,0.1408,15.0,0.1798,25.0,0.2555,48.0,,,0.2644,54.0,0.249,43.0,0.225,37.0,0.2614,36.0,,,0.3184,77.0
2023-05-24,0.2138,43.0,0.1934,33.0,0.2574,49.0,,,0.2594,51.0,0.2491,43.0,0.2247,37.0,0.2492,27.0,,,0.3419,82.0
2023-05-23,0.205,39.0,0.1897,31.0,0.2456,42.0,,,0.2441,41.0,0.2483,43.0,0.2246,37.0,0.2496,28.0,,,0.3242,79.0
2023-05-22,0.2082,40.0,0.1887,30.0,0.2365,36.0,,,0.2452,42.0,0.2493,43.0,0.2245,37.0,0.2434,23.0,,,0.3199,77.0
2023-05-19,0.2073,40.0,0.1908,32.0,0.2383,37.0,,,0.2408,39.0,0.2492,43.0,0.2243,37.0,0.2454,24.0,,,0.3223,78.0
2023-05-18,0.22,46.0,0.2173,46.0,0.2381,37.0,,,0.2417,39.0,0.2492,43.0,0.2239,36.0,0.234,16.0,,,0.3159,76.0
2023-05-17,0.2281,49.0,0.2199,48.0,0.2193,26.0,,,0.2357,35.0,0.2492,43.0,0.2247,37.0,0.2737,42.0,,,0.2643,40.0
2023-05-16,0.2002,37.0,0.2238,50.0,0.242,39.0,,,0.2489,44.0,0.2486,43.0,0.2249,37.0,0.2742,42.0,,,0.2737,49.0
2023-05-15,0.179,28.0,0.2091,42.0,0.217,24.0,,,0.2852,65.0,0.2452,41.0,0.2243,37.0,0.2569,33.0,,,0.3061,71.0
2023-05-12,0.1933,34.0,0.2159,45.0,0.2034,15.0,,,0.2504,45.0,0.2452,41.0,0.2248,37.0,0.2628,37.0,,,0.2791,54.0
2023-05-11,0.208,40.0,0.2306,54.0,0.2121,21.0,,,0.2658,55.0,0.2453,41.0,0.2247,37.0,0.2704,40.0,,,0.2802,55.0
2023-05-10,0.2822,66.0,0.2583,66.0,0.2252,28.0,,,0.2695,57.0,0.247,42.0,0.2252,38.0,0.2669,39.0,,,0.2796,54.0
2023-05-09,0.2765,64.0,0.2294,53.0,0.2327,34.0,,,0.2677,56.0,0.2464,42.0,0.2237,36.0,0.2577,33.0,,,0.2545,32.0
2023-05-08,0.2884,67.0,0.2282,52.0,0.2541,47.0,,,0.2535,47.0,0.247,42.0,0.2238,36.0,0.2593,35.0,,,0.2828,57.0
2023-05-05,0.294,69.0,0.2376,57.0,0.2425,39.0,,,0.2442,41.0,0.247,42.0,0.2233,36.0,0.2778,44.0,,,0.2795,54.0
2023-05-04,0.2609,60.0,0.2609,67.0,0.2789,60.0,,,0.2869,66.0,0.2466,42.0,0.2233,36.0,0.2789,45.0,,,0.2688,44.0
2023-05-03,0.2898,68.0,0.2875,75.0,0.272,57.0,,,0.2766,61.0,0.2468,42.0,0.2253,38.0,0.2738,42.0,,,0.2686,44.0
2023-05-02,0.294,69.0,0.2752,72.0,0.2706,56.0,,,0.2646,54.0,0.247,42.0,0.226,38.0,0.2853,48.0,,,0.2786,53.0
2023-05-01,0.2025,38.0,0.2565,65.0,0.2215,27.0,,,0.2468,43.0,0.2423,39.0,0.2245,37.0,0.2662,39.0,,,0.2663,42.0
2023-04-28,0.209,41.0,0.2563,65.0,0.223,28.0,,,0.2214,27.0,0.2424,39.0,0.2247,37.0,0.2683,40.0,,,0.269,45.0
2023-04-27,0.1977,36.0,0.2532,64.0,0.2383,37.0,,,0.2595,52.0,0.2437,40.0,0.2251,37.0,0.2691,40.0,,,0.2672,43.0
2023-04-26,0.1927,34.0,0.2386,57.0,0.2675,55.0,,,0.2618,53.0,0.2442,40.0,0.2247,37.0,0.2859,48.0,,,0.2718,47.0
2023-04-25,0.1118,7.0,0.2092,42.0,0.2471,42.0,,,0.2705,57.0,0.242,39.0,0.2237,36.0,0.231,14.0,,,0.2944,65.0
2023-04-24,0.1188,9.0,0.16,16.0,0.2661,54.0,,,0.2849,65.0,0.2415,39.0,0.2263,39.0,0.2319,15.0,,,0.2813,56.0
2023-04-21,0.1322,13.0,0.1711,21.0,0.2572,49.0,,,0.2854,65.0,0.2427,40.0,0.2263,39.0,0.2195,9.0,,,0.291,62.0
2023-04-20,0.1511,19.0,0.1556,14.0,0.2628,52.0,,,0.2321,33.0,0.2457,41.0,0.2271,40.0,0.222,10.0,,,0.3039,70.0
2023-04-19,0.1674,24.0,0.1698,20.0,0.2543,47.0,,,0.2449,42.0,0.2513,44.0,0.2294,43.0,0.2286,13.0,,,0.296,66.0
2023-04-18,0.1653,23.0,0.1803,25.0,0.2403,38.0,,,0.2377,37.0,0.2513,44.0,0.2295,43.0,0.2209,9.0,,,0.2939,64.0
2023-04-17,0.1581,21.0,0.1834,27.0,0.2427,40.0,,,0.2359,36.0,0.2526,45.0,0.23,43.0,0.2171,7.0,,,0.296,66.0
2023-04-14,0.3039,71.0,0.2374,57.0,0.2101,19.0,,,0.2154,23.0,0.2526,45.0,0.2306,44.0,0.2181,8.0,,,0.2942,64.0
2023-04-13,0.3531,80.0,0.2643,68.0,0.2303,32.0,,,0.233,34.0,0.2541,46.0,0.2314,45.0,0.2236,10.0,,,0.3155,75.0
2023-04-12,0.3518,80.0,0.2615,67.0,0.2363,36.0,,,0.2409,39.0,0.255,47.0,0.2339,47.0,0.2344,16.0,,,0.306,71.0
2023-04-11,0.349,79.0,0.2649,68.0,0.2496,44.0,,,0.242,40.0,0.2545,46.0,0.2342,48.0,0.2334,16.0,,,0.3108,74.0
2023-04-10,0.3154,73.0,0.2552,65.0,0.2521,46.0,,,0.2496,45.0,0.2538,46.0,0.2348,48.0,0.2088,4.0,,,0.3128,75.0
2023-04-06,0.2897,67.0,0.2441,60.0,0.2481,43.0,,,0.2559,49.0,0.2528,45.0,0.2344,48.0,0.246,25.0,,,0.3346,81.0
2023-04-05,0.3112,72.0,0.2408,59.0,0.2641,53.0,,,0.2682,56.0,0.2552,47.0,0.2344,48.0,0.2402,21.0,,,0.3331,80.0
2023-04-04,0.2566,59.0,0.1938,33.0,0.2513,45.0,,,0.2478,43.0,0.2512,44.0,0.2326,46.0,0.2364,18.0,,,0.3011,68.0
2023-04-03,0.1178,8.0,0.1667,19.0,0.2336,34.0,,,0.2366,36.0,0.2471,42.0,0.2322,46.0,0.2293,13.0,,,0.3055,71.0
2023-03-31,0.1372,14.0,0.1891,30.0,0.2317,33.0,,,0.233,34.0,0.2526,45.0,0.2329,47.0,0.2357,17.0,,,0.2996,68.0
2023-03-30,0.1732,26.0,0.1944,34.0,0.2392,38.0,,,0.2428,40.0,0.2558,48.0,0.2338,47.0,0.245,24.0,,,0.2991,67.0
2023-03-29,0.189,32.0,0.1912,32.0,0.2446,41.0,,,0.2417,39.0,0.2568,48.0,0.2343,48.0,0.24,21.0,,,0.3018,69.0
2023-03-28,0.2241,48.0,0.1973,36.0,0.257,49.0,,,0.2578,50.0,0.257,49.0,0.2347,48.0,0.2398,20.0,,,0.3213,77.0
2023-03-27,0.3096,72.0,0.2204,48.0,0.2743,57.0,,,0.2707,57.0,0.2592,51.0,0.2357,49.0,0.2464,25.0,,,0.3026,69.0
2023-03-24,0.2936,69.0,0.2289,53.0,0.2819,62.0,,,0.2867,66.0,0.2586,50.0,0.2361,50.0,0.2399,21.0,,,0.3177,76.0
2023-03-23,0.326,76.0,0.2384,57.0,0.2929,67.0,,,0.2874,66.0,0.2592,51.0,0.2359,50.0,0.2405,21.0,,,0.3035,70.0
2023-03-22,0.3489,79.0,0.2212,49.0,0.2791,60.0,,,0.2741,60.0,0.2597,51.0,0.2349,49.0,0.2399,21.0,,,0.2971,66.0
2023-03-21,0.3446,78.0,0.2231,50.0,0.273,57.0,,,0.275,60.0,0.2588,50.0,0.2348,48.0,0.2357,17.0,,,0.3067,71.0
2023-03-20,0.3502,79.0,0.2534,64.0,0.2952,68.0,,,0.2918,68.0,0.2589,51.0,0.2356,49.0,0.2427,22.0,,,0.3065,71.0
2023-03-17,0.2761,64.0,0.2684,70.0,0.3107,74.0,,,0.3128,76.0,0.2574,49.0,0.2355,49.0,0.2433,23.0,,,0.3133,75.0
2023-03-16,0.2639,61.0,0.2492,62.0,0.2913,66.0,,,0.3173,77.0,0.2552,47.0,0.2356,49.0,0.242,22.0,,,0.303,70.0
2023-03-15,0.2523,57.0,0.2386,57.0,0.3414,80.0,,,0.3618,84.0,0.2555,47.0,0.2353,49.0,0.2403,21.0,,,0.3059,71.0
2023-03-14,0.2362,52.0,0.2147,45.0,0.2723,57.0,,,0.2812,63.0,0.2528,45.0,0.2348,48.0,0.234,16.0,,,0.2984,67.0
2023-03-13,0.248,56.0,0.2209,48.0,0.3464,81.0,,,0.3319,80.0,0.252,44.0,0.2343,48.0,0.2408,21.0,,,0.2992,68.0
2023-03-10,0.3006,70.0,0.2344,55.0,0.2651,53.0,,,0.2905,68.0,0.2577,49.0,0.235,49.0,0.242,22.0,,,0.3025,69.0
2023-03-09,0.2465,56.0,0.2079,41.0,0.2511,45.0,,,0.2617,52.0,0.2546,47.0,0.2334,47.0,0.2366,18.0,,,0.296,66.0
2023-03-08,0.1712,26.0,0.1816,26.0,0.2194,26.0,,,0.212,21.0,0.2543,46.0,0.2324,46.0,0.2351,17.0,,,0.2861,59.0
2023-03-07,0.1797,28.0,0.1906,31.0,0.219,26.0,,,0.2239,28.0,0.2574,49.0,0.2339,47.0,0.241,21.0,,,0.2848,57.0
2023-03-06,0.2134,43.0,0.1905,31.0,0.2245,28.0,,,0.2145,22.0,0.2583,50.0,0.2352,49.0,0.2344,16.0,,,0.2832,57.0
2023-03-03,0.2115,42.0,0.1912,32.0,0.2001,13.0,,,0.2005,13.0,0.2583,50.0,0.2354,49.0,0.2262,12.0,,,0.28,55.0
2023-03-02,0.21,41.0,0.1966,35.0,0.2182,25.0,,,0.2207,26.0,0.258,49.0,0.2357,49.0,0.2399,21.0,,,0.2862,59.0
2023-03-01,0.1985,36.0,0.1884,30.0,0.2331,34.0,,,0.2314,33.0,0.2562,48.0,0.2343,48.0,0.2385,20.0,,,0.2983,67.0
2023-02-28,0.1956,35.0,0.1851,28.0,0.2389,37.0,,,0.23,32.0,0.2561,48.0,0.2342,48.0,0.2428,23.0,,,0.2889,61.0
2023-02-27,0.1934,34.0,0.2345,55.0,0.2346,35.0,,,0.2472,43.0,0.2566,48.0,0.2346,48.0,0.2325,15.0,,,0.2946,65.0
2023-02-24,0.2594,60.0,0.2424,59.0,0.2235,28.0,,,0.2386,37.0,0.2574,49.0,0.2341,48.0,0.2366,18.0,,,0.3094,73.0
2023-02-23,0.2409,54.0,0.2545,64.0,0.2292,32.0,,,0.2313,33.0,0.2595,51.0,0.2357,49.0,0.2305,14.0,,,0.2997,68.0
2023-02-22,0.2403,54.0,0.2582,66.0,0.2384,37.0,,,0.2535,47.0,0.2597,51.0,0.2357,49.0,0.2326,15.0,,,0.3021,69.0
2023-02-21,0.2281,49.0,0.2445,60.0,0.2374,36.0,,,0.2367,36.0,0.2594,51.0,0.235,49.0,0.2427,22.0,,,0.3118,74.0
2023-02-17,0.1402,15.0,0.2401,57.0,0.2242,28.0,,,0.2234,28.0,0.2566,48.0,0.234,48.0,0.2268,12.0,,,0.2965,66.0
2023-02-16,0.2218,47.0,0.2518,63.0,0.1948,10.0,,,0.2203,26.0,0.2598,51.0,0.2343,48.0,0.2039,3.0,,,0.3005,68.0
2023-02-15,0.2224,47.0,0.2173,46.0,0.2239,28.0,,,0.222,27.0,0.2606,52.0,0.2318,46.0,0.2224,10.0,,,0.2807,55.0
2023-02-14,0.1729,26.0,0.1984,36.0,0.2638,53.0,,,0.2192,25.0,0.2589,51.0,0.2308,44.0,0.2627,37.0,,,0.2637,39.0
2023-02-13,0.1873,32.0,0.1816,26.0,0.249,44.0,,,0.2576,50.0,0.2598,51.0,0.2299,43.0,0.2588,34.0,,,0.248,26.0
2023-02-10,0.1857,31.0,0.1869,28.0,0.2,13.0,,,0.2648,54.0,0.26,52.0,0.23,43.0,0.2546,31.0,,,0.2438,23.0
2023-02-09,0.2252,49.0,0.2264,51.0,0.1958,10.0,,,0.2362,36.0,0.2601,52.0,0.23,43.0,0.2198,9.0,,,0.2788,54.0
2023-02-07,0.1868,32.0,0.2085,42.0,0.2023,14.0,,,0.2357,35.0,0.2575,49.0,0.2286,42.0,0.2321,15.0,,,0.2888,61.0
2023-02-06,0.2049,39.0,0.2214,49.0,0.2039,15.0,,,0.2388,37.0,0.2588,50.0,0.2279,41.0,0.2566,33.0,,,0.2913,63.0
2023-02-03,0.2234,47.0,0.2302,53.0,0.202,14.0,,,0.2324,33.0,0.2589,51.0,0.2279,41.0,0.2355,17.0,,,0.2621,38.0
2023-02-02,0.2079,40.0,0.235,56.0,0.189,7.0,,,0.2298,32.0,0.2581,49.0,0.228,41.0,0.2372,19.0,,,0.2709,46.0
2023-02-01,0.5363,93.0,0.3481,85.0,0.1956,10.0,,,0.2232,28.0,0.2581,49.0,0.2279,41.0,0.2014,2.0,,,0.2507,28.0
2023-01-31,0.5468,94.0,0.3485,85.0,0.2061,17.0,,,0.2418,39.0,0.257,49.0,0.2255,38.0,0.2477,26.0,,,0.2676,43.0
2023-01-30,0.5435,93.0,0.3538,86.0,0.2208,27.0,,,0.249,44.0,0.257,49.0,0.2255,38.0,0.2224,10.0,,,0.2501,27.0
2023-01-27,0.5451,94.0,0.355,86.0,0.198,12.0,,,0.2263,28.0,0.2559,48.0,0.2252,38.0,0.215,6.0,,,0.2468,25.0
2023-01-26,0.555,94.0,0.3542,86.0,0.1974,11.0,,,0.2251,28.0,0.2552,47.0,0.2242,37.0,0.2113,5.0,,,0.2447,24.0
2023-01-25,0.5746,94.0,0.3517,86.0,0.2059,17.0,,,0.2375,37.0,0.2548,47.0,0.224,36.0,0.2122,5.0,,,0.2487,27.0
2023-01-24,0.567,94.0,0.3544,86.0,0.2239,28.0,,,0.2557,49.0,0.2562,48.0,0.2244,37.0,0.2068,3.0,,,0.2257,15.0
2023-01-23,0.2879,67.0,0.241,59.0,0.2276,31.0,,,0.2498,45.0,0.2306,32.0,0.2169,33.0,0.2267,12.0,,,0.2431,23.0
2023-01-20,0.2128,43.0,0.2037,39.0,0.2344,35.0,,,0.2583,51.0,0.2273,28.0,0.218,33.0,0.2322,15.0,,,0.2495,27.0
2023-01-19,0.201,37.0,0.2052,40.0,0.2412,39.0,,,0.2664,55.0,0.2277,30.0,0.2179,33.0,0.218,8.0,,,0.2612,37.0
2023-01-18,0.1745,27.0,0.1953,34.0,0.2268,30.0,,,0.2546,48.0,0.226,28.0,0.2172,33.0,0.2221,10.0,,,0.2621,38.0
2023-01-17,0.1869,32.0,0.182,26.0,0.2625,52.0,,,0.2451,42.0,0.2242,27.0,0.2162,33.0,0.2333,16.0,,,0.2744,49.0
2023-01-13,0.168,24.0,0.1777,24.0,0.218,25.0,,,0.1711,4.0,0.2235,27.0,0.2165,33.0,0.232,15.0,,,0.2656,41.0
2023-01-12,0.1685,24.0,0.1694,20.0,0.1663,1.0,,,0.194,10.0,0.2315,32.0,0.218,33.0,0.2317,15.0,,,0.26,36.0
2023-01-11,0.1785,28.0,0.1691,20.0,0.2199,26.0,,,0.2136,22.0,0.2315,32.0,0.2182,33.0,0.2428,23.0,,,0.277,52.0
2023-01-10,0.1777,28.0,0.1697,20.0,0.2171,24.0,,,0.2132,21.0,0.2318,33.0,0.2183,33.0,0.242,22.0,,,0.2748,50.0
2023-01-09,0.1827,30.0,0.1603,16.0,0.2143,22.0,,,0.2318,33.0,0.2319,33.0,0.2188,34.0,0.2478,26.0,,,0.2879,60.0
2023-01-06,0.1929,34.0,0.1609,16.0,0.2159,23.0,,,0.2104,19.0,0.2326,33.0,0.2197,34.0,0.2436,23.0,,,0.2759,51.0
2023-01-05,0.0717,1.0,0.1467,11.0,0.234,34.0,,,0.2358,35.0,0.2306,32.0,0.2204,35.0,0.2512,28.0,,,0.2917,63.0
2023-01-04,0.0982,4.0,0.153,13.0,0.2378,37.0,,,0.24,38.0,0.233,34.0,0.2205,35.0,0.259,34.0,,,0.2911,62.0
2023-01-03,0.1145,7.0,0.1687,20.0,0.2435,40.0,,,0.238,37.0,0.2341,35.0,0.2212,35.0,0.2449,24.0,,,0.2783,53.0
2022-12-30,0.1642,23.0,0.1681,19.0,0.2203,26.0,,,0.2219,27.0,0.2342,35.0,0.2217,35.0,0.2609,36.0,,,0.288,61.0
2022-12-29,0.1633,23.0,0.1634,17.0,0.2279,31.0,,,0.2269,30.0,0.2345,35.0,0.2219,35.0,0.2499,28.0,,,0.2804,55.0
2022-12-28,0.1663,24.0,0.1642,18.0,0.2465,42.0,,,0.2359,36.0,0.2351,35.0,0.2224,36.0,0.2631,37.0,,,0.2911,62.0
2022-12-27,0.1428,16.0,0.173,22.0,0.2425,39.0,,,0.246,42.0,0.2345,35.0,0.2229,36.0,0.2456,25.0,,,0.2766,51.0
2022-12-23,0.2003,37.0,0.192,32.0,0.2129,21.0,,,0.2137,22.0,0.235,35.0,0.2239,36.0,0.2631,37.0,,,0.31,73.0
2022-12-22,0.198,36.0,0.2133,44.0,0.2293,32.0,,,0.2305,32.0,0.2349,35.0,0.2238,36.0,0.2478,26.0,,,0.2911,62.0
2022-12-21,0.1865,31.0,0.2579,66.0,0.2144,22.0,,,0.2076,18.0,0.2344,35.0,0.2241,36.0,0.2708,40.0,,,0.29,62.0
2022-12-20,0.1878,32.0,0.2672,69.0,0.2234,28.0,,,0.2199,26.0,0.2337,34.0,0.2245,37.0,0.2622,36.0,,,0.2784,53.0
2022-12-19,0.2366,53.0,0.2828,74.0,0.227,30.0,,,0.2234,28.0,0.2376,37.0,0.2256,38.0,0.2766,44.0,,,0.2796,54.0
2022-12-16,0.2246,48.0,0.2879,75.0,0.1892,7.0,,,0.2083,18.0,0.2402,38.0,0.2278,40.0,0.2794,45.0,,,0.2727,48.0
2022-12-15,0.3473,79.0,0.28,73.0,0.2284,31.0,,,0.2729,59.0,0.2492,43.0,0.2274,40.0,0.2553,32.0,,,0.2418,22.0
2022-12-14,0.2071,40.0,0.268,70.0,0.2884,65.0,,,0.2912,68.0,0.2426,39.0,0.2273,40.0,0.3064,55.0,,,0.2101,9.0
2022-12-13,0.2399,54.0,0.2516,63.0,0.3413,80.0,,,0.3948,88.0,0.2426,39.0,0.2265,39.0,0.3035,54.0,,,0.1956,6.0
2022-12-12,0.24,54.0,0.197,35.0,0.3717,84.0,,,0.2466,43.0,0.2538,46.0,0.2262,39.0,0.3118,56.0,,,0.2043,8.0
2022-12-09,0.1969,35.0,0.1807,26.0,0.2683,55.0,,,0.2044,16.0,0.2542,46.0,0.2265,39.0,0.3086,55.0,,,0.2044,8.0
2022-12-08,0.1972,35.0,0.1798,25.0,0.3216,77.0,,,0.2759,61.0,0.2524,45.0,0.2258,38.0,0.3143,57.0,,,0.2238,14.0
2022-12-07,0.1932,34.0,0.1668,19.0,0.2287,31.0,,,0.2626,53.0,0.2549,47.0,0.2259,38.0,0.2513,28.0,,,0.2581,35.0
2022-12-06,0.2047,39.0,0.173,22.0,0.229,32.0,,,0.2537,48.0,0.2597,51.0,0.2265,39.0,0.2568,33.0,,,0.2738,49.0
2022-12-05,0.2046,39.0,0.1729,22.0,0.2283,31.0,,,0.2261,28.0,0.2608,52.0,0.227,40.0,0.2397,20.0,,,0.2633,39.0
2022-12-02,0.1507,18.0,0.1743,22.0,0.2153,23.0,,,0.2145,22.0,0.2584,50.0,0.2271,40.0,0.2368,18.0,,,0.2616,38.0
2022-12-01,0.1781,28.0,0.1705,21.0,0.2258,30.0,,,0.2243,28.0,0.2584,50.0,0.2278,40.0,0.2457,25.0,,,0.268,44.0
2022-11-30,0.1782,28.0,0.1699,20.0,0.2148,23.0,,,0.228,31.0,0.2584,50.0,0.2277,40.0,0.2354,17.0,,,0.2511,28.0
2022-11-29,0.1545,19.0,0.1465,11.0,0.2292,32.0,,,0.2234,28.0,0.2579,49.0,0.2266,39.0,0.2541,31.0,,,0.2563,33.0
2022-11-28,0.1502,18.0,0.173,22.0,0.2353,35.0,,,0.233,34.0,0.2579,49.0,0.2271,40.0,0.264,38.0,,,0.2782,53.0
2022-11-25,0.1162,8.0,0.1777,24.0,0.2167,24.0,,,0.2159,23.0,0.2583,50.0,0.2289,42.0,0.2479,26.0,,,0.2771,52.0
2022-11-23,0.0856,3.0,0.1861,28.0,0.2054,16.0,,,0.2159,23.0,0.2584,50.0,0.231,44.0,0.2268,12.0,,,0.2667,42.0
2022-11-22,0.08,2.0,0.1932,33.0,0.2181,25.0,,,0.2174,24.0,0.2594,51.0,0.2306,44.0,0.2495,28.0,,,0.2693,45.0
2022-11-21,0.0366,1.0,0.1924,33.0,0.2553,47.0,,,0.2532,47.0,0.2588,50.0,0.2305,44.0,0.2724,41.0,,,0.2928,63.0
2022-11-18,0.1113,7.0,0.2081,41.0,0.2432,40.0,,,0.2627,53.0,0.2595,51.0,0.2311,44.0,0.2551,31.0,,,0.2854,59.0
2022-11-17,0.1404,15.0,0.2143,45.0,0.2444,41.0,,,0.2498,45.0,0.2595,51.0,0.2316,45.0,0.2574,33.0,,,0.2924,63.0
2022-11-16,0.148,18.0,0.2024,38.0,0.4098,88.0,,,0.2598,52.0,0.2616,53.0,0.2311,44.0,0.2754,43.0,,,0.2836,57.0
2022-11-15,0.1529,19.0,0.194,34.0,0.2651,53.0,,,0.2596,52.0,0.2635,55.0,0.2337,47.0,0.2795,45.0,,,0.2865,60.0
2022-11-14,0.1799,28.0,0.1884,30.0,0.3143,75.0,,,0.2964,70.0,0.2635,55.0,0.235,49.0,0.2896,50.0,,,0.2972,66.0
2022-11-11,0.174,27.0,0.2263,51.0,0.2587,50.0,,,0.3178,77.0,0.2726,63.0,0.2375,51.0,0.2817,46.0,,,0.2866,60.0
2022-11-10,0.2228,47.0,0.2529,64.0,0.2395,38.0,,,0.2995,71.0,0.274,65.0,0.2376,51.0,0.285,48.0,,,0.2843,57.0
2022-11-09,0.2005,37.0,0.2478,62.0,0.2791,60.0,,,0.2813,63.0,0.2728,63.0,0.2377,51.0,0.2731,42.0,,,0.2775,52.0
2022-11-08,0.1817,30.0,0.2454,61.0,0.2699,56.0,,,0.3166,77.0,0.2724,63.0,0.2375,51.0,0.2793,45.0,,,0.3029,70.0
2022-11-07,0.2037,38.0,0.2501,63.0,0.2641,53.0,,,0.3052,73.0,0.2722,63.0,0.2375,51.0,0.2968,53.0,,,0.2887,61.0
2022-11-04,0.2003,37.0,0.2587,66.0,0.2679,55.0,,,0.2781,62.0,0.273,64.0,0.2383,52.0,0.2861,49.0,,,0.2964,66.0
2022-11-03,0.1821,30.0,0.267,69.0,0.281,61.0,,,0.2711,57.0,0.2724,63.0,0.2405,53.0,0.287,49.0,,,0.2756,50.0
2022-11-02,0.1882,32.0,0.3012,78.0,0.2829,62.0,,,0.2797,63.0,0.2721,63.0,0.239,52.0,0.2931,51.0,,,0.2875,60.0
2022-11-01,0.1529,19.0,0.2788,73.0,0.2853,64.0,,,0.2706,57.0,0.2717,63.0,0.2383,52.0,0.2859,48.0,,,0.2782,53.0
2022-10-31,0.1737,27.0,0.2942,77.0,0.2739,57.0,,,0.2759,61.0,0.2759,66.0,0.2396,53.0,0.292,51.0,,,0.293,64.0
2022-10-28,0.3485,79.0,0.3226,82.0,0.2734,57.0,,,0.2696,57.0,0.2798,68.0,0.2415,54.0,0.2985,53.0,,,0.2814,56.0
2022-10-27,0.3355,77.0,0.3158,81.0,0.2716,57.0,,,0.2797,63.0,0.2786,67.0,0.2414,54.0,0.2913,51.0,,,0.2905,62.0
2022-10-26,0.3447,78.0,0.3163,81.0,0.2691,55.0,,,0.3014,72.0,0.2783,67.0,0.2418,54.0,0.2882,49.0,,,0.2973,66.0
2022-10-25,0.3428,78.0,0.3151,81.0,0.2931,67.0,,,0.3,71.0,0.2802,68.0,0.2429,55.0,0.3022,54.0,,,0.2986,67.0
2022-10-24,0.3797,83.0,0.2578,66.0,0.327,78.0,,,0.3426,81.0,0.2803,68.0,0.2388,52.0,0.3088,55.0,,,0.2985,67.0
2022-10-21,0.3771,83.0,0.3028,79.0,0.3103,74.0,,,0.3487,82.0,0.279,68.0,0.2394,52.0,0.3084,55.0,,,0.2789,54.0
2022-10-20,0.3285,76.0,0.2874,75.0,0.3469,81.0,,,0.5173,95.0,0.2793,68.0,0.2449,56.0,0.3159,57.0,,,0.3168,76.0
2022-10-19,0.2408,54.0,0.2694,70.0,0.2945,68.0,,,0.2891,67.0,0.2747,65.0,0.2445,56.0,0.301,54.0,,,0.2986,67.0
2022-10-18,0.2398,54.0,0.2698,70.0,0.2936,67.0,,,0.2986,71.0,0.2777,67.0,0.2449,56.0,0.2977,53.0,,,0.3028,69.0
2022-10-17,0.2603,60.0,0.2644,68.0,0.3251,77.0,,,0.3359,80.0,0.2763,66.0,0.2445,56.0,0.3093,56.0,,,0.3055,71.0
2022-10-14,0.2624,61.0,0.2693,70.0,0.2962,69.0,,,0.2511,46.0,0.2775,67.0,0.244,56.0,0.3082,55.0,,,0.3065,71.0
2022-10-13,0.2422,55.0,0.2774,73.0,0.3074,73.0,,,0.3115,75.0,0.2777,67.0,0.244,56.0,0.2966,52.0,,,0.2994,68.0
2022-10-12,0.3223,75.0,0.245,60.0,0.337,80.0,,,0.3309,79.0,0.2765,66.0,0.2411,54.0,0.3028,54.0,,,0.2976,67.0
2022-10-11,0.3574,80.0,0.2586,66.0,0.3412,80.0,,,0.3344,80.0,0.2764,66.0,0.2408,53.0,0.3207,57.0,,,0.3107,74.0
2022-10-10,0.3799,83.0,0.248,62.0,0.3221,77.0,,,0.3141,76.0,0.2761,66.0,0.2397,53.0,0.3116,56.0,,,0.3056,71.0
2022-10-07,0.385,84.0,0.2491,62.0,0.3068,73.0,,,0.3025,72.0,0.2761,66.0,0.2398,53.0,0.2986,53.0,,,0.2952,65.0
2022-10-06,0.3572,80.0,0.2619,67.0,0.3082,73.0,,,0.3029,72.0,0.2743,65.0,0.2407,53.0,0.3021,54.0,,,0.2999,68.0
2022-10-05,0.327,76.0,0.2588,66.0,0.3035,72.0,,,0.2971,70.0,0.2736,64.0,0.2399,53.0,0.2957,52.0,,,0.2926,63.0
2022-10-04,0.3548,80.0,0.2414,59.0,0.2936,67.0,,,0.2823,64.0,0.2732,64.0,0.2388,52.0,0.2939,51.0,,,0.293,64.0
2022-10-03,0.3113,73.0,0.2294,53.0,0.3024,71.0,,,0.3003,72.0,0.2678,60.0,0.2383,52.0,0.2868,49.0,,,0.2851,59.0
2022-09-30,0.2301,50.0,0.2129,44.0,0.3258,78.0,,,0.3188,77.0,0.2653,57.0,0.2377,51.0,0.311,56.0,,,0.2948,65.0
2022-09-29,0.2274,49.0,0.2177,47.0,0.3181,76.0,,,0.3104,75.0,0.2648,57.0,0.2391,52.0,0.2964,52.0,,,0.2952,65.0
2022-09-28,0.2297,50.0,0.2134,44.0,0.3084,73.0,,,0.3001,71.0,0.2688,61.0,0.243,55.0,0.2912,50.0,,,0.2879,60.0
2022-09-27,0.2113,42.0,0.2175,46.0,0.3168,76.0,,,0.3119,75.0,0.2665,59.0,0.2423,54.0,0.296,52.0,,,0.2939,64.0
2022-09-26,0.2103,41.0,0.2138,44.0,0.3207,76.0,,,0.306,73.0,0.2676,60.0,0.2423,54.0,0.3046,55.0,,,0.296,66.0
2022-09-23,0.2093,41.0,0.2177,47.0,0.2877,65.0,,,0.2985,71.0,0.2686,61.0,0.2423,54.0,0.2916,51.0,,,0.2832,57.0
2022-09-22,0.2045,39.0,0.2097,42.0,0.2715,57.0,,,0.2604,52.0,0.2681,60.0,0.2424,55.0,0.2905,50.0,,,0.2719,47.0
2022-09-21,0.3012,70.0,0.2277,52.0,0.2821,62.0,,,0.2686,57.0,0.2679,60.0,0.2422,54.0,0.2999,53.0,,,0.2814,56.0
2022-09-20,0.3135,73.0,0.2136,44.0,0.2761,59.0,,,0.2756,61.0,0.2679,60.0,0.2424,55.0,0.2753,43.0,,,0.2762,51.0
2022-09-19,0.3504,79.0,0.2152,45.0,0.2544,47.0,,,0.2545,48.0,0.2683,61.0,0.2424,55.0,0.2707,40.0,,,0.27,45.0
2022-09-16,0.34,78.0,0.22,48.0,0.28,61.0,,,0.2696,57.0,0.266,57.0,0.2413,54.0,0.3016,54.0,,,0.2958,65.0
2022-09-15,0.3727,83.0,0.2358,56.0,0.2596,50.0,,,0.2515,46.0,0.2659,57.0,0.2415,54.0,0.2839,47.0,,,0.2806,55.0
2022-09-14,0.3709,82.0,0.2269,52.0,0.2452,41.0,,,0.2644,54.0,0.2668,59.0,0.2418,54.0,0.273,42.0,,,0.2644,40.0
2022-09-13,0.3754,83.0,0.2458,61.0,0.5621,97.0,,,0.2642,54.0,0.2667,59.0,0.243,55.0,0.2506,28.0,,,0.2698,45.0
2022-09-12,0.2789,65.0,0.2222,49.0,0.2512,45.0,,,0.2367,36.0,0.2645,57.0,0.2432,55.0,0.2459,25.0,,,0.2684,44.0
2022-09-09,0.2779,65.0,0.223,49.0,0.2075,18.0,,,0.2548,48.0,0.2642,56.0,0.2435,55.0,0.2365,18.0,,,0.2672,43.0
2022-09-08,0.2249,48.0,0.2262,51.0,0.2476,43.0,,,0.2584,51.0,0.2632,55.0,0.2436,55.0,0.2489,27.0,,,0.2688,44.0
2022-09-07,0.1813,30.0,0.1943,34.0,0.2517,46.0,,,0.2521,46.0,0.2607,52.0,0.2429,55.0,0.2559,32.0,,,0.2717,47.0
2022-09-06,0.159,21.0,0.2008,37.0,0.2596,50.0,,,0.264,54.0,0.26,52.0,0.242,54.0,0.2581,34.0,,,0.2845,57.0
2022-09-02,0.1833,30.0,0.1972,35.0,0.2399,38.0,,,0.2523,46.0,0.2676,60.0,0.2441,56.0,0.2579,34.0,,,0.2852,59.0
2022-09-01,0.2082,40.0,0.1796,25.0,0.2422,39.0,,,0.2546,48.0,0.2671,59.0,0.2449,56.0,0.256,32.0,,,0.2676,43.0
2022-08-31,0.2106,41.0,0.1817,26.0,0.2019,14.0,,,0.2329,34.0,0.2788,67.0,0.2497,60.0,0.2435,23.0,,,0.2654,41.0
2022-08-30,0.2524,57.0,0.1886,30.0,0.2315,33.0,,,0.2312,33.0,0.2848,71.0,0.2522,62.0,0.2449,24.0,,,0.2674,43.0
2022-08-29,0.254,57.0,0.1781,24.0,0.2423,39.0,,,0.2351,35.0,0.2845,71.0,0.2524,62.0,0.2487,27.0,,,0.262,38.0
2022-08-26,0.2685,62.0,0.1779,24.0,0.2189,25.0,,,0.2244,28.0,0.2864,73.0,0.2535,63.0,0.2479,26.0,,,0.2606,37.0
2022-08-25,0.232,51.0,0.1303,5.0,0.2091,19.0,,,0.2212,27.0,0.2865,73.0,0.2538,63.0,0.2322,15.0,,,0.2649,41.0
2022-08-24,0.2292,50.0,0.1388,8.0,0.2137,22.0,,,0.218,25.0,0.2862,72.0,0.2543,64.0,0.2329,15.0,,,0.2414,22.0
2022-08-23,0.2206,46.0,0.1378,8.0,0.2323,34.0,,,0.2511,46.0,0.2859,72.0,0.2545,64.0,0.2432,23.0,,,0.2815,56.0
2022-08-22,0.2304,51.0,0.1341,6.0,0.2339,34.0,,,0.2431,40.0,0.286,72.0,0.2556,64.0,0.244,23.0,,,0.2616,38.0
2022-08-19,0.1561,20.0,0.1276,4.0,0.2188,25.0,,,0.2095,19.0,0.2856,72.0,0.2564,65.0,0.2425,22.0,,,0.2592,36.0
2022-08-18,0.1672,24.0,0.1266,4.0,0.2114,20.0,,,0.2101,19.0,0.285,72.0,0.2568,65.0,0.2379,19.0,,,0.261,37.0
2022-08-17,0.1713,26.0,0.127,4.0,0.3386,80.0,,,0.2014,14.0,0.2848,71.0,0.2571,65.0,0.2546,31.0,,,0.2546,32.0
2022-08-16,0.1243,10.0,0.1336,6.0,0.2385,37.0,,,0.1994,13.0,0.2849,72.0,0.2576,65.0,0.2546,31.0,,,0.2583,35.0
2022-08-15,0.1235,10.0,0.1339,6.0,0.2231,28.0,,,0.256,49.0,0.2848,71.0,0.2579,66.0,0.2417,22.0,,,0.2437,23.0
2022-08-12,0.1266,11.0,0.1205,3.0,0.2333,34.0,,,0.3615,84.0,0.2854,72.0,0.2581,66.0,0.2596,35.0,,,0.2793,54.0
2022-08-11,0.1256,11.0,0.1264,4.0,0.1955,10.0,,,0.2685,57.0,0.2852,72.0,0.2584,66.0,0.2612,36.0,,,0.2663,42.0
2022-08-10,0.1366,14.0,0.128,5.0,0.1956,10.0,,,0.2438,41.0,0.2852,72.0,0.2589,67.0,0.2502,28.0,,,0.2603,36.0
2022-08-09,0.0882,3.0,0.1369,7.0,0.2163,24.0,,,0.2646,54.0,0.2848,71.0,0.2598,67.0,0.2569,33.0,,,0.2643,40.0
2022-08-08,0.0935,4.0,0.147,11.0,0.2356,35.0,,,0.2373,36.0,0.2852,72.0,0.2599,68.0,0.2541,31.0,,,0.26,36.0
2022-08-05,0.154,19.0,0.163,17.0,0.2523,46.0,,,0.2275,30.0,0.2853,72.0,0.2603,68.0,0.2564,33.0,,,0.2681,44.0
2022-08-04,0.1971,35.0,0.1859,28.0,0.2562,48.0,,,0.3333,80.0,0.2853,72.0,0.2602,68.0,0.2632,37.0,,,0.2688,44.0
2022-08-03,0.194,34.0,0.251,63.0,0.224,28.0,,,0.2558,49.0,0.2853,72.0,0.2611,69.0,0.2603,35.0,,,0.2605,37.0
2022-08-02,0.1988,36.0,0.2559,65.0,0.2345,35.0,,,0.2726,59.0,0.2857,72.0,0.2614,69.0,0.2599,35.0,,,0.2846,57.0
2022-08-01,0.1743,27.0,0.251,63.0,0.2378,37.0,,,0.269,57.0,0.2858,72.0,0.2618,69.0,0.2561,32.0,,,0.2768,52.0
2022-07-29,0.1393,15.0,0.2518,63.0,0.2247,28.0,,,0.2459,42.0,0.2878,73.0,0.2633,70.0,0.2606,35.0,,,0.2674,43.0
2022-07-28,0.144,16.0,0.2556,65.0,0.2246,28.0,,,0.2555,49.0,0.2879,73.0,0.2632,70.0,0.2589,34.0,,,0.2751,50.0
2022-07-27,0.2487,57.0,0.2747,72.0,0.2406,38.0,,,0.2861,66.0,0.2863,72.0,0.2634,70.0,0.2619,36.0,,,0.2654,41.0
2022-07-26,0.2479,56.0,0.2609,67.0,0.2565,48.0,,,0.2694,57.0,0.2844,71.0,0.2638,70.0,0.2688,40.0,,,0.2785,53.0
2022-07-25,0.2478,56.0,0.2092,42.0,0.2824,62.0,,,0.3518,82.0,0.2839,71.0,0.2642,71.0,0.2739,42.0,,,0.2838,57.0
2022-07-22,0.2617,61.0,0.2209,48.0,0.2794,61.0,,,0.2761,61.0,0.2864,73.0,0.275,75.0,0.2767,44.0,,,0.2905,62.0
2022-07-21,0.2923,68.0,0.2403,57.0,0.3292,79.0,,,0.3003,72.0,0.2864,73.0,0.2763,76.0,0.2643,38.0,,,0.2769,52.0
2022-07-20,0.2913,68.0,0.2563,65.0,0.3042,72.0,,,0.3135,76.0,0.2866,73.0,0.2765,76.0,0.2879,49.0,,,0.2862,59.0
2022-07-19,0.3466,79.0,0.2497,62.0,0.2897,66.0,,,0.2934,69.0,0.2879,73.0,0.2767,76.0,0.286,48.0,,,0.2911,62.0
2022-07-18,0.2159,44.0,0.2318,54.0,0.3176,76.0,,,0.318,77.0,0.2812,69.0,0.2757,75.0,0.3107,56.0,,,0.3154,75.0
2022-07-15,0.231,51.0,0.2374,57.0,0.3209,76.0,,,0.3359,80.0,0.2812,69.0,0.2758,75.0,0.3071,55.0,,,0.3254,79.0
2022-07-14,0.2081,40.0,0.2382,57.0,0.3604,83.0,,,0.3198,77.0,0.2812,69.0,0.2761,75.0,0.2951,52.0,,,0.3183,76.0
2022-07-13,0.2121,42.0,0.2319,54.0,0.3199,76.0,,,0.3216,78.0,0.2847,71.0,0.2763,76.0,0.3086,55.0,,,0.3079,72.0
2022-07-12,0.2196,46.0,0.2259,51.0,0.4384,91.0,,,0.323,78.0,0.2842,71.0,0.2755,75.0,0.3082,55.0,,,0.3163,76.0
2022-07-11,0.1879,32.0,0.2211,48.0,0.3258,78.0,,,0.328,79.0,0.2835,71.0,0.2749,75.0,0.2902,50.0,,,0.3225,78.0
2022-07-08,0.1549,20.0,0.2228,49.0,0.2706,56.0,,,0.274,60.0,0.2823,70.0,0.2754,75.0,0.2933,51.0,,,0.329,80.0
2022-07-07,0.1397,15.0,0.2255,51.0,0.3134,74.0,,,0.2935,69.0,0.2818,70.0,0.2747,75.0,0.2943,52.0,,,0.3206,77.0
2022-07-06,0.0998,5.0,0.2229,49.0,0.2884,65.0,,,0.2994,71.0,0.2817,70.0,0.2747,75.0,0.2814,46.0,,,0.3202,77.0
2022-07-05,0.2401,54.0,0.2367,57.0,0.291,66.0,,,0.3018,72.0,0.2816,69.0,0.2748,75.0,0.2831,47.0,,,0.3092,73.0
2022-07-01,0.2741,64.0,0.2646,68.0,0.2673,54.0,,,0.2762,61.0,0.2893,73.0,0.2774,76.0,0.286,48.0,,,0.3038,70.0
2022-06-30,0.2737,64.0,0.2563,65.0,0.2854,64.0,,,0.2494,45.0,0.2891,73.0,0.2769,76.0,0.2834,47.0,,,0.3109,74.0
2022-06-29,0.3384,78.0,0.2531,64.0,0.2824,62.0,,,0.2844,65.0,0.2892,73.0,0.2763,76.0,0.2961,52.0,,,0.2987,67.0
2022-06-28,0.3379,77.0,0.2591,66.0,0.2913,66.0,,,0.2856,66.0,0.2892,73.0,0.276,75.0,0.293,51.0,,,0.3127,74.0
2022-06-27,0.4698,90.0,0.2891,76.0,0.2842,63.0,,,0.2904,68.0,0.2893,73.0,0.2752,75.0,0.2861,49.0,,,0.3145,75.0
2022-06-24,0.4897,91.0,0.2957,77.0,0.279,60.0,,,0.2597,52.0,0.2898,74.0,0.275,75.0,0.2822,47.0,,,0.3042,70.0
2022-06-23,0.4519,89.0,0.2853,74.0,0.3118,74.0,,,0.2984,71.0,0.2866,73.0,0.2741,75.0,0.3019,54.0,,,0.3043,70.0
2022-06-22,0.4542,90.0,0.26,67.0,0.2974,69.0,,,0.2879,67.0,0.2848,71.0,0.2722,74.0,0.2955,52.0,,,0.3264,79.0
2022-06-21,0.4911,91.0,0.2671,69.0,0.293,67.0,,,0.2882,67.0,0.2847,71.0,0.2722,74.0,0.2965,52.0,,,0.2901,62.0
2022-06-17,0.4178,87.0,0.2636,68.0,0.3227,77.0,,,0.3111,75.0,0.282,70.0,0.2718,74.0,0.292,51.0,,,0.3121,74.0
2022-06-16,0.4182,87.0,0.2598,66.0,0.3035,72.0,,,0.3145,76.0,0.283,70.0,0.2723,74.0,0.3039,54.0,,,0.3305,80.0
2022-06-15,0.3239,75.0,0.2267,52.0,0.3282,78.0,,,0.3685,84.0,0.2764,66.0,0.2711,74.0,0.2955,52.0,,,0.313,75.0
2022-06-14,0.2851,67.0,0.2063,40.0,0.5029,95.0,,,0.4142,90.0,0.2751,65.0,0.2709,74.0,0.2982,53.0,,,0.3222,78.0
2022-06-13,0.2451,56.0,0.1964,35.0,0.3742,85.0,,,0.3623,84.0,0.2743,65.0,0.271,74.0,0.2955,52.0,,,0.3139,75.0
2022-06-10,0.2319,51.0,0.1931,33.0,0.3022,71.0,,,0.3573,83.0,0.272,63.0,0.2711,74.0,0.2954,52.0,,,0.2974,67.0
2022-06-09,0.1725,26.0,0.2225,49.0,0.2456,42.0,,,0.3087,74.0,0.268,60.0,0.2708,74.0,0.2896,50.0,,,0.2879,60.0
2022-06-08,0.1344,13.0,0.2493,62.0,0.2879,65.0,,,0.2679,56.0,0.2672,59.0,0.2705,73.0,0.2721,41.0,,,0.297,66.0
2022-06-07,0.1513,19.0,0.2428,60.0,0.2603,51.0,,,0.2662,55.0,0.2672,59.0,0.2703,73.0,0.2921,51.0,,,0.2875,60.0
2022-06-06,0.1486,18.0,0.2263,51.0,0.2748,57.0,,,0.2773,61.0,0.2679,60.0,0.2696,73.0,0.3039,54.0,,,0.3188,77.0
2022-06-03,0.1499,18.0,0.2387,57.0,0.2843,63.0,,,0.2874,66.0,0.2679,60.0,0.2698,73.0,0.2784,45.0,,,0.2934,64.0
2022-06-02,0.0993,5.0,0.2487,62.0,0.2764,59.0,,,0.2657,55.0,0.2695,62.0,0.2705,73.0,0.2838,47.0,,,0.2938,64.0
2022-06-01,0.1128,7.0,0.2512,63.0,0.288,65.0,,,0.2811,63.0,0.2709,62.0,0.2703,73.0,0.2939,51.0,,,0.3116,74.0
2022-05-31,0.2312,51.0,0.2661,69.0,0.3009,71.0,,,0.315,76.0,0.2707,62.0,0.2686,72.0,0.2911,50.0,,,0.2883,61.0
2022-05-27,0.2314,51.0,0.2603,67.0,0.2858,64.0,,,0.2898,67.0,0.2706,62.0,0.2686,72.0,0.2775,44.0,,,0.2991,67.0
2022-05-26,0.3879,84.0,0.3077,80.0,0.287,64.0,,,0.2843,65.0,0.2733,64.0,0.2704,73.0,0.282,47.0,,,0.2877,60.0
2022-05-25,0.4106,87.0,0.3098,80.0,0.2947,68.0,,,0.3014,72.0,0.2732,64.0,0.2705,73.0,0.2855,48.0,,,0.3094,73.0
2022-05-24,0.3974,85.0,0.3123,81.0,0.3148,75.0,,,0.3176,77.0,0.2745,65.0,0.2701,73.0,0.298,53.0,,,0.2998,68.0
2022-05-23,0.3963,85.0,0.3086,80.0,0.306,72.0,,,0.3149,76.0,0.2751,65.0,0.27,73.0,0.2941,51.0,,,0.3167,76.0
2022-05-20,0.3605,81.0,0.3061,79.0,0.3132,74.0,,,0.3076,74.0,0.2732,64.0,0.2697,73.0,0.2902,50.0,,,0.2923,63.0
2022-05-19,0.3514,79.0,0.2759,72.0,0.5026,95.0,,,0.4429,92.0,0.2748,65.0,0.27,73.0,0.2984,53.0,,,0.3183,76.0
2022-05-18,0.3527,80.0,0.2857,75.0,0.2719,57.0,,,0.515,95.0,0.2749,65.0,0.2688,72.0,0.2715,41.0,,,0.3058,71.0
2022-05-17,0.2162,44.0,0.2523,64.0,0.4642,93.0,,,0.4502,92.0,0.2685,61.0,0.2666,71.0,0.2458,25.0,,,0.2771,52.0
2022-05-16,0.1691,25.0,0.2648,68.0,0.3585,83.0,,,0.3018,72.0,0.2668,59.0,0.2664,71.0,0.2915,51.0,,,0.3064,71.0
2022-05-13,0.2473,56.0,0.2788,73.0,0.4853,94.0,,,0.3434,81.0,0.2667,59.0,0.2657,71.0,0.2758,43.0,,,0.299,67.0
2022-05-12,0.3464,79.0,0.3074,80.0,0.3279,78.0,,,0.338,81.0,0.2666,59.0,0.2654,71.0,0.2812,46.0,,,0.3255,79.0
2022-05-11,0.3498,79.0,0.3101,80.0,0.354,82.0,,,0.3556,83.0,0.2662,57.0,0.265,71.0,0.282,47.0,,,0.2708,46.0
2022-05-10,0.3465,79.0,0.3106,80.0,0.3596,83.0,,,0.3621,84.0,0.2656,57.0,0.2643,71.0,0.3211,57.0,,,0.287,60.0
2022-05-09,0.3683,82.0,0.3033,79.0,0.3277,78.0,,,0.3787,86.0,0.2658,57.0,0.2629,70.0,0.3155,57.0,,,0.312,74.0
2022-05-06,0.3668,82.0,0.2986,78.0,0.2206,26.0,,,0.3393,81.0,0.2658,57.0,0.2622,69.0,0.294,51.0,,,0.2878,60.0
2022-05-05,0.3629,81.0,0.2946,77.0,0.2859,64.0,,,0.331,79.0,0.2661,57.0,0.2632,70.0,0.2868,49.0,,,0.2909,62.0
2022-05-04,0.3522,80.0,0.3638,87.0,0.2418,39.0,,,0.3295,79.0,0.2621,54.0,0.2617,69.0,0.2688,40.0,,,0.2678,43.0
2022-05-03,0.2833,66.0,0.3601,87.0,0.2719,57.0,,,0.316,77.0,0.258,49.0,0.26,68.0,0.2912,50.0,,,0.2885,61.0
2022-05-02,0.3043,71.0,0.3598,87.0,0.289,65.0,,,0.3284,79.0,0.2579,49.0,0.2594,67.0,0.2977,53.0,,,0.2829,57.0
2022-04-29,0.2913,68.0,0.3506,86.0,0.2898,66.0,,,0.3167,77.0,0.2575,49.0,0.2588,67.0,0.2959,52.0,,,0.2854,59.0
2022-04-28,0.3057,71.0,0.3298,83.0,0.267,54.0,,,0.3236,78.0,0.2564,48.0,0.2579,66.0,0.2906,50.0,,,0.2844,57.0
2022-04-27,0.3399,78.0,0.3337,84.0,0.3126,74.0,,,0.3144,76.0,0.2562,48.0,0.2573,65.0,0.2959,52.0,,,0.288,61.0
2022-04-26,0.338,77.0,0.3256,83.0,0.2709,56.0,,,0.3567,83.0,0.2628,54.0,0.2581,66.0,0.2779,44.0,,,0.3055,71.0
2022-04-25,0.2653,62.0,0.2162,46.0,0.2812,61.0,,,0.3365,80.0,0.26,52.0,0.2531,63.0,0.2788,45.0,,,0.3086,72.0
2022-04-22,0.2666,62.0,0.1759,23.0,0.241,39.0,,,0.326,79.0,0.2598,51.0,0.2542,63.0,0.2723,41.0,,,0.2872,60.0
2022-04-21,0.1515,19.0,0.171,21.0,0.3102,74.0,,,0.2762,61.0,0.2568,48.0,0.2535,63.0,0.2612,36.0,,,0.2956,65.0
2022-04-20,0.176,27.0,0.194,34.0,0.2474,43.0,,,0.2807,63.0,0.2567,48.0,0.2533,63.0,0.2511,28.0,,,0.2797,54.0
2022-04-19,0.1625,22.0,0.1938,33.0,0.2562,48.0,,,0.2923,68.0,0.2552,47.0,0.2533,63.0,0.2577,33.0,,,0.2856,59.0
2022-04-18,0.0874,3.0,0.1784,24.0,0.3632,83.0,,,0.3131,76.0,0.2529,45.0,0.2525,63.0,0.274,42.0,,,0.2933,64.0
2022-04-14,0.0973,4.0,0.1895,31.0,0.2821,62.0,,,0.2869,66.0,0.2532,45.0,0.2523,62.0,0.2708,40.0,,,0.3003,68.0
2022-04-13,0.1554,20.0,0.2012,38.0,0.2536,46.0,,,0.2913,68.0,0.2537,46.0,0.2524,62.0,0.2656,38.0,,,0.2932,64.0
2022-04-12,0.1323,13.0,0.2383,57.0,0.556,96.0,,,0.4043,89.0,0.2534,45.0,0.2523,62.0,0.2652,38.0,,,0.2969,66.0
2022-04-11,0.2113,42.0,0.2992,78.0,0.2709,56.0,,,0.3098,75.0,0.2565,48.0,0.2528,63.0,0.2739,42.0,,,0.2933,64.0
2022-04-08,0.2122,42.0,0.2866,75.0,0.3135,75.0,,,0.2979,71.0,0.2566,48.0,0.2522,62.0,0.2812,46.0,,,0.3135,75.0
2022-04-07,0.2074,40.0,0.2951,77.0,0.2793,61.0,,,0.2914,68.0,0.2566,48.0,0.2522,62.0,0.28,45.0,,,0.3091,73.0
2022-04-06,0.2762,64.0,0.2972,77.0,0.2681,55.0,,,0.2544,48.0,0.2571,49.0,0.2521,62.0,0.2637,37.0,,,0.3046,71.0
2022-04-05,0.2665,62.0,0.2962,77.0,0.2581,49.0,,,0.2962,70.0,0.2586,50.0,0.2522,62.0,0.2727,41.0,,,0.3026,69.0
2022-04-04,0.263,61.0,0.2895,76.0,0.2513,45.0,,,0.2482,44.0,0.2577,49.0,0.2516,62.0,0.2605,35.0,,,0.2992,68.0
2022-04-01,0.2858,67.0,0.2747,72.0,0.2499,44.0,,,0.2461,42.0,0.2574,49.0,0.2501,61.0,0.2607,36.0,,,0.3077,72.0
2022-03-31,0.222,47.0,0.2006,37.0,0.2068,17.0,,,0.2292,31.0,0.2583,50.0,0.2501,61.0,0.2738,42.0,,,0.2879,60.0
2022-03-30,0.2036,38.0,0.1983,36.0,0.2613,51.0,,,0.2474,43.0,0.2577,49.0,0.2502,61.0,0.2511,28.0,,,0.2841,57.0
2022-03-29,0.1598,21.0,0.1989,36.0,0.2611,51.0,,,0.2338,34.0,0.2564,48.0,0.2501,61.0,0.2484,27.0,,,0.2773,52.0
2022-03-28,0.1675,24.0,0.2075,41.0,0.1987,12.0,,,0.2611,52.0,0.2584,50.0,0.2509,61.0,0.2842,48.0,,,0.2845,57.0
2022-03-25,0.1638,23.0,0.2227,49.0,0.2375,36.0,,,0.2524,46.0,0.2583,50.0,0.2506,61.0,0.268,39.0,,,0.3094,73.0
2022-03-24,0.2527,57.0,0.2453,61.0,0.2519,46.0,,,0.2487,44.0,0.2587,50.0,0.2508,61.0,0.2782,44.0,,,0.2974,67.0
2022-03-23,0.246,56.0,0.2342,55.0,0.2635,52.0,,,0.2865,66.0,0.2588,50.0,0.2501,61.0,0.277,44.0,,,0.3023,69.0
2022-03-22,0.239,54.0,0.2369,57.0,0.2707,56.0,,,0.2696,57.0,0.2581,49.0,0.2499,60.0,0.2772,44.0,,,0.312,74.0
2022-03-21,0.2511,57.0,0.2483,62.0,0.2713,56.0,,,0.2734,60.0,0.2591,51.0,0.2505,61.0,0.2782,44.0,,,0.3142,75.0
2022-03-18,0.2729,64.0,0.2448,60.0,0.2687,55.0,,,0.2544,48.0,0.2592,51.0,0.25,61.0,0.2881,49.0,,,0.3069,72.0
2022-03-17,0.3312,76.0,0.2672,69.0,0.3396,80.0,,,0.2181,25.0,0.2584,50.0,0.2495,60.0,0.2872,49.0,,,0.3118,74.0
2022-03-16,0.3259,76.0,0.2765,72.0,0.3058,72.0,,,0.4124,90.0,0.2603,52.0,0.2483,59.0,0.2986,53.0,,,0.3093,73.0
2022-03-15,0.4895,91.0,0.3266,83.0,0.315,75.0,,,0.3134,76.0,0.2575,49.0,0.2484,60.0,0.296,52.0,,,0.3221,78.0
2022-03-14,0.5429,93.0,0.3557,86.0,0.4041,88.0,,,0.4672,93.0,0.2601,52.0,0.2491,60.0,0.3211,57.0,,,0.3425,82.0
2022-03-11,0.517,92.0,0.3587,87.0,0.3517,82.0,,,0.3352,80.0,0.259,51.0,0.2491,60.0,0.329,60.0,,,0.3354,81.0
2022-03-10,0.5606,94.0,0.3614,87.0,0.3713,84.0,,,0.3225,78.0,0.259,51.0,0.2485,60.0,0.3142,57.0,,,0.3399,82.0
2022-03-09,0.576,95.0,0.3793,89.0,0.2544,47.0,,,0.4091,89.0,0.2585,50.0,0.2486,60.0,0.3223,59.0,,,0.3237,78.0
2022-03-08,0.459,90.0,0.3589,87.0,0.475,93.0,,,0.3744,85.0,0.2507,44.0,0.2465,57.0,0.3254,60.0,,,0.3345,81.0
2022-03-07,0.4503,89.0,0.3424,84.0,0.494,94.0,,,0.4043,89.0,0.2511,44.0,0.2447,56.0,0.3277,60.0,,,0.3099,73.0
2022-03-04,0.3562,80.0,0.2931,77.0,0.2083,18.0,,,0.3326,80.0,0.238,37.0,0.2399,53.0,0.266,38.0,,,0.2915,63.0
2022-03-03,0.2958,69.0,0.2705,70.0,0.3638,83.0,,,0.2373,36.0,0.2327,33.0,0.2382,51.0,0.2929,51.0,,,0.3073,72.0
2022-03-02,0.295,69.0,0.2677,69.0,0.2824,62.0,,,0.2897,67.0,0.2328,33.0,0.2381,51.0,0.2748,43.0,,,0.2956,65.0
2022-03-01,0.2203,46.0,0.2546,64.0,0.3588,83.0,,,0.3164,77.0,0.2309,32.0,0.2373,51.0,0.2738,42.0,,,0.2954,65.0
2022-02-28,0.1765,28.0,0.2271,52.0,0.2832,63.0,,,0.2854,65.0,0.2275,28.0,0.2353,49.0,0.252,28.0,,,0.2733,48.0
2022-02-25,0.188,32.0,0.2289,53.0,0.224,28.0,,,0.2858,66.0,0.2276,28.0,0.2347,48.0,0.2359,18.0,,,0.2546,32.0
2022-02-24,0.2183,45.0,0.2266,52.0,0.2888,65.0,,,0.2989,71.0,0.2276,28.0,0.2341,48.0,0.275,43.0,,,0.2822,56.0
2022-02-23,0.2112,42.0,0.2068,41.0,0.2905,66.0,,,0.2833,64.0,0.2277,30.0,0.2328,46.0,0.2665,39.0,,,0.2778,53.0
2022-02-22,0.1396,15.0,0.1975,36.0,0.2657,54.0,,,0.2653,55.0,0.2248,28.0,0.2314,45.0,0.276,43.0,,,0.2899,62.0
2022-02-18,0.1807,28.0,0.2083,41.0,0.2653,53.0,,,0.2664,55.0,0.2247,27.0,0.231,44.0,0.2638,37.0,,,0.2733,48.0
2022-02-17,0.1949,35.0,0.2032,39.0,0.2762,59.0,,,0.2394,38.0,0.2258,28.0,0.2309,44.0,0.2869,49.0,,,0.2992,68.0
2022-02-16,0.1764,28.0,0.2066,41.0,0.2531,46.0,,,0.3389,81.0,0.2247,27.0,0.2304,44.0,0.2649,38.0,,,0.2742,49.0
2022-02-15,0.1716,26.0,0.1976,36.0,0.3871,86.0,,,0.2187,25.0,0.2246,27.0,0.2299,43.0,0.2716,41.0,,,0.2786,53.0
2022-02-14,0.1405,15.0,0.2063,40.0,0.2681,55.0,,,0.3275,79.0,0.2239,27.0,0.2297,43.0,0.2627,37.0,,,0.2671,43.0
2022-02-11,0.1502,18.0,0.2106,43.0,0.2834,63.0,,,0.2333,34.0,0.224,27.0,0.2294,43.0,0.2751,43.0,,,0.2663,42.0
2022-02-10,0.1678,24.0,0.2092,42.0,0.3158,75.0,,,0.3604,83.0,0.2244,27.0,0.2289,42.0,0.2784,45.0,,,0.2996,68.0
2022-02-09,0.2009,37.0,0.2253,51.0,0.2226,28.0,,,0.2379,37.0,0.2227,26.0,0.2282,41.0,0.2455,25.0,,,0.2841,57.0
2022-02-08,0.2008,37.0,0.2298,53.0,0.2606,51.0,,,0.3811,86.0,0.2229,26.0,0.2283,41.0,0.2668,39.0,,,0.27,45.0
2022-02-07,0.195,35.0,0.2336,55.0,0.2688,55.0,,,0.2892,67.0,0.2232,26.0,0.2279,41.0,0.2729,41.0,,,0.2635,39.0
2022-02-04,0.2028,38.0,0.2595,66.0,0.3237,77.0,,,0.3213,78.0,0.229,31.0,0.2294,43.0,0.2941,51.0,,,0.2534,30.0
2022-02-03,0.2012,37.0,0.3031,79.0,0.2407,38.0,,,0.293,69.0,0.2289,30.0,0.2289,42.0,0.2943,52.0,,,0.2936,64.0
2022-02-02,0.2357,52.0,0.4405,93.0,0.2255,30.0,,,0.2781,62.0,0.228,30.0,0.2287,42.0,0.2716,41.0,,,0.2576,34.0
2022-02-01,0.2463,56.0,0.448,94.0,0.2298,32.0,,,0.2731,59.0,0.2279,30.0,0.228,41.0,0.264,38.0,,,0.2513,28.0
2022-01-31,0.2165,44.0,0.4355,93.0,0.2437,40.0,,,0.2866,66.0,0.2263,28.0,0.2266,39.0,0.2624,36.0,,,0.2702,46.0
2022-01-28,0.2482,56.0,0.441,93.0,0.2842,63.0,,,0.2967,70.0,0.2264,28.0,0.2265,39.0,0.2721,41.0,,,0.2564,33.0
2022-01-27,0.2665,62.0,0.4397,93.0,0.2767,59.0,,,0.3571,83.0,0.2265,28.0,0.2266,39.0,0.2797,45.0,,,0.2712,46.0
2022-01-26,0.2659,62.0,0.4275,93.0,0.2957,68.0,,,0.3012,72.0,0.2268,28.0,0.2259,38.0,0.278,44.0,,,0.2713,47.0
2022-01-25,0.2834,66.0,0.397,91.0,0.2844,63.0,,,0.3072,74.0,0.2269,28.0,0.222,35.0,0.2912,50.0,,,0.2783,53.0
2022-01-24,0.2803,65.0,0.2491,62.0,0.3225,77.0,,,0.3497,82.0,0.2232,26.0,0.2083,27.0,0.3009,54.0,,,0.2932,64.0
2022-01-21,0.2806,65.0,0.2249,51.0,0.3625,83.0,,,0.3437,81.0,0.2255,28.0,0.2069,26.0,0.3045,54.0,,,0.2868,60.0
2022-01-20,0.2766,64.0,0.2248,51.0,0.2432,40.0,,,0.386,87.0,0.2286,30.0,0.2091,27.0,0.2615,36.0,,,0.257,34.0
2022-01-19,0.2547,59.0,0.2227,49.0,0.3131,74.0,,,0.3829,86.0,0.2269,28.0,0.2084,27.0,0.2664,39.0,,,0.2627,39.0
2022-01-18,0.2217,47.0,0.21,42.0,0.2765,59.0,,,0.3742,85.0,0.2252,28.0,0.2075,26.0,0.2784,45.0,,,0.2725,48.0
2022-01-14,0.2162,44.0,0.2146,45.0,0.204,15.0,,,0.2282,31.0,0.2257,28.0,0.2071,26.0,0.2662,39.0,,,0.2502,28.0
2022-01-13,0.2104,41.0,0.2089,42.0,0.2451,41.0,,,0.2421,40.0,0.2251,28.0,0.2064,26.0,0.2881,49.0,,,0.2726,48.0
2022-01-12,0.3046,71.0,0.2534,64.0,0.2082,18.0,,,0.2107,20.0,0.2224,26.0,0.206,25.0,0.2695,40.0,,,0.2579,35.0
2022-01-11,0.3041,71.0,0.2533,64.0,0.2294,32.0,,,0.3574,83.0,0.2229,26.0,0.2059,25.0,0.2681,39.0,,,0.2455,24.0
2022-01-10,0.3011,70.0,0.2502,63.0,0.2955,68.0,,,0.2355,35.0,0.2233,26.0,0.2058,25.0,0.2683,40.0,,,0.2507,28.0
2022-01-07,0.2811,66.0,0.2352,56.0,0.2076,18.0,,,0.2105,19.0,0.2228,26.0,0.2052,25.0,0.2639,37.0,,,0.2487,27.0
2022-01-06,0.2603,60.0,0.2359,56.0,0.167,2.0,,,0.2281,31.0,0.2226,26.0,0.2051,25.0,0.2597,35.0,,,0.2397,22.0
2022-01-05,0.2603,60.0,0.2286,53.0,0.2275,31.0,,,0.2664,55.0,0.2225,26.0,0.2054,25.0,0.2665,39.0,,,0.2476,26.0
2022-01-04,0.2548,59.0,0.2219,49.0,0.2051,16.0,,,0.2036,15.0,0.2228,26.0,0.2059,25.0,0.244,23.0,,,0.2564,33.0
2022-01-03,0.082,2.0,0.1411,9.0,0.1937,9.0,,,0.2011,14.0,0.2147,20.0,0.2022,23.0,0.2627,37.0,,,0.2295,17.0
2021-12-31,0.0775,2.0,0.1406,9.0,0.1881,7.0,,,0.2189,25.0,0.2157,21.0,0.2023,24.0,0.2468,26.0,,,0.2514,28.0
2021-12-30,0.0886,3.0,0.1432,10.0,0.2157,23.0,,,0.2051,16.0,0.2153,21.0,0.2021,23.0,0.2748,43.0,,,0.2613,37.0
2021-12-29,0.1696,25.0,0.1757,23.0,0.2175,25.0,,,0.1878,8.0,0.2168,22.0,0.2044,25.0,0.272,41.0,,,0.2543,31.0
2021-12-28,0.2702,63.0,0.2089,42.0,0.2139,22.0,,,0.2129,21.0,0.2166,21.0,0.2042,25.0,0.2668,39.0,,,0.2604,37.0
2021-12-27,0.2627,61.0,0.2185,47.0,0.2067,17.0,,,0.2229,28.0,0.2159,21.0,0.2042,25.0,0.2427,22.0,,,0.2477,26.0
2021-12-23,0.251,57.0,0.2287,53.0,0.1733,2.0,,,0.1963,11.0,0.2162,21.0,0.2042,25.0,0.2927,51.0,,,0.2336,19.0
2021-12-22,0.2394,54.0,0.2375,57.0,0.2386,37.0,,,0.23,32.0,0.216,21.0,0.2044,25.0,0.3077,55.0,,,0.2622,38.0
2021-12-21,0.2163,44.0,0.2413,59.0,0.2526,46.0,,,0.2512,46.0,0.2155,21.0,0.2042,25.0,0.2814,46.0,,,0.2688,44.0
2021-12-20,0.1803,28.0,0.2376,57.0,0.2661,54.0,,,0.2706,57.0,0.2145,20.0,0.2039,25.0,0.3057,55.0,,,0.2929,64.0
2021-12-17,0.1721,26.0,0.2194,47.0,0.2554,48.0,,,0.2371,36.0,0.2136,19.0,0.2026,24.0,0.2991,53.0,,,0.2706,46.0
2021-12-16,0.1308,12.0,0.1915,32.0,0.23,32.0,,,0.2418,39.0,0.2098,17.0,0.2012,23.0,0.2622,36.0,,,0.3016,69.0
2021-12-15,0.1202,9.0,0.1793,25.0,0.2839,63.0,,,0.2457,42.0,0.2095,16.0,0.2005,23.0,0.2919,51.0,,,0.25,27.0
2021-12-14,0.1752,27.0,0.1826,27.0,0.3032,71.0,,,0.18,5.0,0.2095,16.0,0.1998,23.0,0.2929,51.0,,,0.2625,38.0
2021-12-13,0.1923,34.0,0.172,21.0,0.301,71.0,,,0.2589,51.0,0.2135,19.0,0.1996,22.0,0.3051,55.0,,,0.2462,25.0
2021-12-10,0.1629,22.0,0.1694,20.0,0.2399,38.0,,,0.2251,28.0,0.215,20.0,0.2009,23.0,0.308,55.0,,,0.2552,32.0
2021-12-09,0.2132,43.0,0.2113,43.0,0.2636,52.0,,,0.2404,38.0,0.2153,21.0,0.2009,23.0,0.3096,56.0,,,0.2558,32.0
2021-12-08,0.3215,75.0,0.2452,61.0,0.2408,39.0,,,0.2465,42.0,0.2162,21.0,0.2009,23.0,0.2903,50.0,,,0.3012,69.0
2021-12-07,0.3169,74.0,0.246,61.0,0.2792,60.0,,,0.2673,56.0,0.2161,21.0,0.201,23.0,0.2923,51.0,,,0.3341,81.0
2021-12-06,0.3555,80.0,0.2453,61.0,0.318,76.0,,,0.3614,84.0,0.2163,21.0,0.2008,23.0,0.302,54.0,,,0.3362,81.0
2021-12-03,0.3161,74.0,0.2381,57.0,0.3439,81.0,,,0.3533,82.0,0.2143,20.0,0.2003,23.0,0.3079,55.0,,,0.3292,80.0
2021-12-02,0.2912,68.0,0.2405,59.0,0.3131,74.0,,,0.3208,78.0,0.2125,18.0,0.2001,23.0,0.2942,52.0,,,0.3121,74.0
2021-12-01,0.331,76.0,0.2905,76.0,0.3239,77.0,,,0.286,66.0,0.2108,17.0,0.1998,23.0,0.3,53.0,,,0.2942,64.0
2021-11-30,0.3292,76.0,0.2639,68.0,0.3773,85.0,,,0.306,73.0,0.2114,18.0,0.1983,22.0,0.28,45.0,,,0.2923,63.0
2021-11-29,0.3028,71.0,0.2417,59.0,0.2915,67.0,,,0.3146,76.0,0.2089,16.0,0.1968,21.0,0.2692,40.0,,,0.2893,62.0
2021-11-26,0.3028,71.0,0.2373,57.0,0.3196,76.0,,,0.3148,76.0,0.2091,16.0,0.1973,21.0,0.2702,40.0,,,0.29,62.0
2021-11-24,0.2687,63.0,0.2352,56.0,0.2461,42.0,,,0.249,44.0,0.2062,14.0,0.1971,21.0,0.2485,27.0,,,0.2808,55.0
2021-11-23,0.2545,59.0,0.2277,52.0,0.2535,46.0,,,0.2529,47.0,0.2058,14.0,0.1966,21.0,0.2509,28.0,,,0.2694,45.0
2021-11-22,0.2403,54.0,0.221,48.0,0.2487,44.0,,,0.2422,40.0,0.205,14.0,0.196,20.0,0.2481,27.0,,,0.2679,44.0
2021-11-19,0.1447,17.0,0.1481,11.0,0.2373,36.0,,,0.2332,34.0,0.2012,11.0,0.192,17.0,0.2436,23.0,,,0.2657,41.0
2021-11-18,0.1882,32.0,0.16,16.0,0.2106,20.0,,,0.2287,31.0,0.201,11.0,0.1915,16.0,0.2385,20.0,,,0.2566,33.0
2021-11-17,0.135,14.0,0.1504,12.0,0.2048,16.0,,,0.226,28.0,0.1994,10.0,0.1915,16.0,0.2332,16.0,,,0.254,31.0
2021-11-16,0.1525,19.0,0.2015,38.0,0.2148,23.0,,,0.2166,24.0,0.1993,10.0,0.1914,16.0,0.2431,23.0,,,0.2375,21.0
2021-11-15,0.155,20.0,0.2022,38.0,0.2344,35.0,,,0.1794,5.0,0.2002,10.0,0.1915,16.0,0.2446,24.0,,,0.2411,22.0
2021-11-12,0.1668,24.0,0.2102,43.0,0.1874,6.0,,,0.2524,46.0,0.2003,10.0,0.1914,16.0,0.2394,20.0,,,0.2408,22.0
2021-11-11,0.1807,28.0,0.211,43.0,0.2025,15.0,,,0.2552,49.0,0.2003,10.0,0.1927,17.0,0.2406,21.0,,,0.2385,21.0
2021-11-10,0.1824,30.0,0.2134,44.0,0.2148,23.0,,,0.2669,56.0,0.2046,13.0,0.1943,19.0,0.2405,21.0,,,0.2391,21.0
2021-11-09,0.1826,30.0,0.2145,45.0,0.2247,28.0,,,0.2679,56.0,0.2036,13.0,0.1937,18.0,0.2491,27.0,,,0.2447,24.0
2021-11-08,0.1759,27.0,0.2112,43.0,0.2238,28.0,,,0.2655,55.0,0.2033,12.0,0.1934,18.0,0.2428,23.0,,,0.2389,21.0
2021-11-05,0.2887,67.0,0.1994,37.0,0.2191,26.0,,,0.2655,55.0,0.2059,14.0,0.1939,18.0,0.2297,13.0,,,0.2264,15.0
2021-11-04,0.3125,73.0,0.2319,54.0,0.2179,25.0,,,0.2589,51.0,0.2105,17.0,0.1958,20.0,0.2405,21.0,,,0.239,21.0
2021-11-03,0.3022,70.0,0.2768,72.0,0.202,14.0,,,0.2402,38.0,0.2102,17.0,0.1955,20.0,0.2366,18.0,,,0.2361,20.0
2021-11-02,0.277,64.0,0.2745,71.0,0.2091,19.0,,,0.2431,40.0,0.2103,17.0,0.1961,20.0,0.2369,18.0,,,0.2328,18.0
2021-11-01,0.2783,65.0,0.2701,70.0,0.2242,28.0,,,0.2564,49.0,0.2105,17.0,0.1964,21.0,0.2361,18.0,,,0.234,19.0
2021-10-29,0.2745,64.0,0.2587,66.0,0.2038,15.0,,,0.2293,31.0,0.2127,18.0,0.1963,21.0,0.2536,30.0,,,0.2289,17.0
2021-10-28,0.2742,64.0,0.2593,66.0,0.2015,14.0,,,0.2231,28.0,0.2135,19.0,0.1973,21.0,0.2337,16.0,,,0.2323,18.0
2021-10-27,0.1116,7.0,0.2314,54.0,0.2146,22.0,,,0.2463,42.0,0.2053,14.0,0.1959,20.0,0.2401,21.0,,,0.2387,21.0
2021-10-26,0.1116,7.0,0.2012,38.0,0.2282,31.0,,,0.191,9.0,0.2051,14.0,0.1937,18.0,0.2403,21.0,,,0.2379,21.0
2021-10-25,0.1101,7.0,0.121,3.0,0.2387,37.0,,,0.2748,60.0,0.2074,15.0,0.1903,15.0,0.2397,20.0,,,0.2356,20.0
2021-10-22,0.1961,35.0,0.1522,13.0,0.2338,34.0,,,0.259,51.0,0.2083,16.0,0.1906,16.0,0.2372,19.0,,,0.2305,17.0
2021-10-21,0.1959,35.0,0.1658,18.0,0.2336,34.0,,,0.2583,51.0,0.2084,16.0,0.192,17.0,0.2452,24.0,,,0.24,22.0
2021-10-20,0.1967,35.0,0.168,19.0,0.2375,36.0,,,0.2387,37.0,0.2107,17.0,0.1939,18.0,0.2411,22.0,,,0.2373,20.0
2021-10-19,0.2206,46.0,0.1685,19.0,0.2288,31.0,,,0.2603,52.0,0.2106,17.0,0.1937,18.0,0.2398,20.0,,,0.2364,20.0
2021-10-18,0.245,56.0,0.1862,28.0,0.2349,35.0,,,0.2582,51.0,0.211,17.0,0.194,18.0,0.2443,24.0,,,0.2374,21.0
2021-10-15,0.2157,44.0,0.1821,26.0,0.2503,45.0,,,0.2416,39.0,0.2113,18.0,0.1943,19.0,0.2462,25.0,,,0.2376,21.0
2021-10-14,0.2201,46.0,0.1916,32.0,0.2326,34.0,,,0.2551,48.0,0.2126,18.0,0.1956,20.0,0.2479,26.0,,,0.2398,22.0
2021-10-13,0.2617,61.0,0.255,64.0,0.2421,39.0,,,0.2674,56.0,0.2095,16.0,0.1951,20.0,0.2469,26.0,,,0.2449,24.0
2021-10-12,0.2836,66.0,0.2538,64.0,0.2354,35.0,,,0.2428,40.0,0.2104,17.0,0.1951,20.0,0.2555,32.0,,,0.2525,28.0
2021-10-11,0.2753,64.0,0.2605,67.0,0.2346,35.0,,,0.2208,26.0,0.2104,17.0,0.1954,20.0,0.2558,32.0,,,0.2532,30.0
2021-10-08,0.3318,77.0,0.2787,73.0,0.204,15.0,,,0.234,34.0,0.2111,18.0,0.1955,20.0,0.2307,14.0,,,0.2685,44.0
2021-10-07,0.3159,74.0,0.272,71.0,0.2165,24.0,,,0.2369,36.0,0.2093,16.0,0.1954,20.0,0.2583,34.0,,,0.2529,30.0
2021-10-06,0.3148,73.0,0.277,72.0,0.2408,39.0,,,0.2454,42.0,0.2083,16.0,0.1955,20.0,0.2593,35.0,,,0.2528,30.0
2021-10-05,0.3231,75.0,0.2752,72.0,0.2412,39.0,,,0.2309,32.0,0.2106,17.0,0.1958,20.0,0.2619,36.0,,,0.2581,35.0
2021-10-04,0.2056,39.0,0.1973,36.0,0.2669,54.0,,,0.2733,60.0,0.2033,12.0,0.1905,16.0,0.2668,39.0,,,0.2578,34.0
2021-10-01,0.2375,53.0,0.2045,39.0,0.2556,48.0,,,0.2785,62.0,0.2031,12.0,0.1901,15.0,0.2639,37.0,,,0.2587,35.0
2021-09-30,0.2364,53.0,0.1978,36.0,0.2597,50.0,,,0.2492,45.0,0.2028,12.0,0.1894,15.0,0.269,40.0,,,0.2558,32.0
2021-09-29,0.1729,26.0,0.1754,23.0,0.2417,39.0,,,0.2415,39.0,0.2001,10.0,0.1882,14.0,0.2605,35.0,,,0.2572,34.0
2021-09-28,0.2203,46.0,0.171,21.0,0.2481,43.0,,,0.2491,44.0,0.2024,12.0,0.1882,14.0,0.2598,35.0,,,0.2591,35.0
2021-09-27,0.2232,47.0,0.1975,36.0,0.2168,24.0,,,0.2271,30.0,0.2025,12.0,0.1887,14.0,0.2547,31.0,,,0.2528,30.0
2021-09-24,0.2384,53.0,0.2135,44.0,0.2235,28.0,,,0.2207,26.0,0.2016,11.0,0.1888,14.0,0.2583,34.0,,,0.2524,28.0
2021-09-23,0.2544,57.0,0.22,48.0,0.2202,26.0,,,0.2184,25.0,0.2016,11.0,0.1888,14.0,0.259,34.0,,,0.2516,28.0
2021-09-22,0.1979,36.0,0.2095,42.0,0.2428,40.0,,,0.2411,39.0,0.1998,10.0,0.1885,14.0,0.2598,35.0,,,0.2553,32.0
2021-09-21,0.2093,41.0,0.2165,46.0,0.2739,57.0,,,0.2624,53.0,0.201,11.0,0.1888,14.0,0.2687,40.0,,,0.2592,36.0
2021-09-20,0.221,46.0,0.2119,43.0,0.2842,63.0,,,0.281,63.0,0.2021,12.0,0.1904,16.0,0.2713,41.0,,,0.264,40.0
2021-09-17,0.2128,43.0,0.2114,43.0,0.2357,35.0,,,0.2279,30.0,0.2002,10.0,0.1907,16.0,0.2552,32.0,,,0.2481,26.0
2021-09-16,0.2029,38.0,0.1826,27.0,0.2102,19.0,,,0.2278,30.0,0.2029,12.0,0.1899,15.0,0.2611,36.0,,,0.253,30.0
2021-09-15,0.1885,32.0,0.1817,26.0,0.2287,31.0,,,0.217,24.0,0.201,11.0,0.1894,15.0,0.2487,27.0,,,0.2459,25.0
2021-09-14,0.1862,31.0,0.1846,28.0,0.2264,30.0,,,0.2215,27.0,0.2006,10.0,0.1898,15.0,0.2475,26.0,,,0.2457,24.0
2021-09-13,0.201,37.0,0.1862,28.0,0.2257,30.0,,,0.2144,22.0,0.201,11.0,0.1905,16.0,0.2381,19.0,,,0.2595,36.0
2021-09-10,0.2015,37.0,0.1735,22.0,0.1974,11.0,,,0.2071,17.0,0.2006,10.0,0.1905,16.0,0.2386,20.0,,,0.2614,37.0
2021-09-09,0.2033,38.0,0.1684,19.0,0.2037,15.0,,,0.1976,12.0,0.2074,15.0,0.1933,17.0,0.2411,22.0,,,0.2613,37.0
2021-09-08,0.1941,34.0,0.1642,18.0,0.2201,26.0,,,0.2059,17.0,0.2102,17.0,0.1945,19.0,0.2403,21.0,,,0.2648,40.0
2021-09-07,0.2005,37.0,0.1616,17.0,0.2084,18.0,,,0.2166,24.0,0.2104,17.0,0.1947,19.0,0.2406,21.0,,,0.2684,44.0
2021-09-03,0.1246,10.0,0.1277,4.0,0.1859,6.0,,,0.1793,5.0,0.2089,16.0,0.1937,18.0,0.2358,18.0,,,0.2522,28.0
2021-09-02,0.1241,10.0,0.113,2.0,0.1826,5.0,,,0.1867,7.0,0.2098,17.0,0.1936,18.0,0.2291,13.0,,,0.2556,32.0
2021-09-01,0.1306,12.0,0.1061,1.0,0.1881,7.0,,,0.1903,8.0,0.2105,17.0,0.195,19.0,0.235,17.0,,,0.2555,32.0
2021-08-31,0.1247,10.0,0.1073,1.0,0.1938,9.0,,,0.1946,10.0,0.2102,17.0,0.196,20.0,0.2378,19.0,,,0.2582,35.0
2021-08-30,0.1233,10.0,0.114,2.0,0.1941,9.0,,,0.2009,14.0,0.212,18.0,0.1997,23.0,0.2354,17.0,,,0.2571,34.0
2021-08-27,0.118,8.0,0.1263,4.0,0.1873,6.0,,,0.1938,10.0,0.2161,21.0,0.2041,25.0,0.2331,16.0,,,0.257,34.0
2021-08-26,0.1179,8.0,0.1212,3.0,0.2059,17.0,,,0.2095,19.0,0.2163,21.0,0.2058,25.0,0.2398,20.0,,,0.2569,33.0
2021-08-25,0.1254,11.0,0.1349,7.0,0.199,12.0,,,0.2051,16.0,0.2164,21.0,0.2064,26.0,0.238,19.0,,,0.259,35.0
2021-08-24,0.1257,11.0,0.1417,9.0,0.2092,19.0,,,0.2056,17.0,0.2207,24.0,0.2083,27.0,0.2474,26.0,,,0.2653,41.0
2021-08-23,0.0915,3.0,0.1436,10.0,0.2145,22.0,,,0.2125,21.0,0.2207,24.0,0.2091,27.0,0.2447,24.0,,,0.2645,40.0
2021-08-20,0.0954,4.0,0.1487,12.0,0.2221,27.0,,,0.2274,30.0,0.2218,25.0,0.2102,28.0,0.2512,28.0,,,0.2704,46.0
2021-08-19,0.2661,62.0,0.1879,30.0,0.2447,41.0,,,0.2541,48.0,0.2224,26.0,0.2115,28.0,0.2524,30.0,,,0.2666,42.0
2021-08-18,0.2651,62.0,0.1895,31.0,0.2514,45.0,,,0.2422,40.0,0.2229,26.0,0.213,31.0,0.2574,33.0,,,0.2657,41.0
2021-08-17,0.2645,61.0,0.1974,36.0,0.2342,35.0,,,0.2382,37.0,0.223,26.0,0.2136,31.0,0.2535,30.0,,,0.2673,43.0
2021-08-16,0.2571,59.0,0.1917,32.0,0.1982,12.0,,,0.2525,46.0,0.2229,26.0,0.2135,31.0,0.2514,28.0,,,0.2561,33.0
2021-08-13,0.2716,63.0,0.196,35.0,0.1811,4.0,,,0.2566,50.0,0.2234,27.0,0.2139,31.0,0.2442,24.0,,,0.2501,27.0
2021-08-12,0.2691,63.0,0.1951,34.0,0.2021,14.0,,,0.2629,53.0,0.2235,27.0,0.2143,32.0,0.2506,28.0,,,0.2578,34.0
2021-08-11,0.2624,61.0,0.2098,42.0,0.1935,9.0,,,0.2563,49.0,0.2235,27.0,0.2151,32.0,0.2457,25.0,,,0.2489,27.0
2021-08-10,0.0788,2.0,0.1974,36.0,0.2128,21.0,,,0.2431,40.0,0.2166,21.0,0.2142,31.0,0.2535,30.0,,,0.254,31.0
2021-08-09,0.0759,2.0,0.1902,31.0,0.2102,19.0,,,0.25,45.0,0.2169,22.0,0.216,32.0,0.2562,32.0,,,0.2598,36.0
2021-08-06,0.1054,6.0,0.1898,31.0,0.199,12.0,,,0.2592,51.0,0.2169,22.0,0.2168,33.0,0.251,28.0,,,0.2423,23.0
2021-08-05,0.1429,16.0,0.1948,34.0,0.2112,20.0,,,0.2528,47.0,0.2207,24.0,0.2188,34.0,0.26,35.0,,,0.2511,28.0
2021-08-04,0.1827,30.0,0.2339,55.0,0.2225,28.0,,,0.2587,51.0,0.2204,24.0,0.2186,34.0,0.2514,28.0,,,0.2555,32.0
2021-08-03,0.1832,30.0,0.2354,56.0,0.2139,22.0,,,0.2556,49.0,0.2202,24.0,0.2191,34.0,0.2493,28.0,,,0.2602,36.0
2021-08-02,0.201,37.0,0.2166,46.0,0.2149,23.0,,,0.2529,47.0,0.2214,25.0,0.2187,34.0,0.243,23.0,,,0.2464,25.0
2021-07-30,0.2014,37.0,0.1966,35.0,0.2202,26.0,,,0.2489,44.0,0.2287,30.0,0.2202,35.0,0.2506,28.0,,,0.2483,26.0
2021-07-29,0.2075,40.0,0.1997,37.0,0.1995,13.0,,,0.2386,37.0,0.229,31.0,0.221,35.0,0.239,20.0,,,0.2434,23.0
2021-07-28,0.2397,54.0,0.2131,44.0,0.2296,32.0,,,0.2534,47.0,0.2287,30.0,0.221,35.0,0.2583,34.0,,,0.2513,28.0
2021-07-27,0.2168,44.0,0.2091,42.0,0.2207,27.0,,,0.2556,49.0,0.2293,31.0,0.2237,36.0,0.2469,26.0,,,0.2546,32.0
2021-07-26,0.1593,21.0,0.1608,16.0,0.2613,51.0,,,0.2918,68.0,0.2301,31.0,0.2261,38.0,0.2487,27.0,,,0.2511,28.0
2021-07-23,0.1624,22.0,0.1603,16.0,0.2593,50.0,,,0.2571,50.0,0.2308,32.0,0.2277,40.0,0.2527,30.0,,,0.2527,30.0
2021-07-22,0.159,21.0,0.1609,16.0,0.2634,52.0,,,0.2789,62.0,0.2306,32.0,0.2304,44.0,0.244,23.0,,,0.2661,42.0
2021-07-21,0.1503,18.0,0.1827,27.0,0.2535,46.0,,,0.2747,60.0,0.2304,32.0,0.2329,47.0,0.257,33.0,,,0.2591,35.0
2021-07-20,0.1609,22.0,0.1999,37.0,0.2672,54.0,,,0.2627,53.0,0.2304,32.0,0.2344,48.0,0.2564,33.0,,,0.2526,30.0
2021-07-19,0.1837,31.0,0.1918,32.0,0.2748,57.0,,,0.2836,65.0,0.2703,62.0,0.2536,63.0,0.2504,28.0,,,0.257,34.0
2021-07-16,0.1946,34.0,0.1941,34.0,0.2505,45.0,,,0.2709,57.0,0.2699,62.0,0.2558,65.0,0.2556,32.0,,,0.255,32.0
2021-07-15,0.183,30.0,0.1901,31.0,0.2567,48.0,,,0.2031,15.0,0.2702,62.0,0.2558,65.0,0.2602,35.0,,,0.2602,36.0
2021-07-14,0.2157,44.0,0.222,49.0,0.2594,50.0,,,0.2499,45.0,0.2706,62.0,0.2564,65.0,0.2506,28.0,,,0.2529,30.0
2021-07-13,0.2164,44.0,0.2229,49.0,0.2468,42.0,,,0.2254,28.0,0.2706,62.0,0.2565,65.0,0.2379,19.0,,,0.2634,39.0
2021-07-12,0.2136,43.0,0.2082,41.0,0.2156,23.0,,,0.2175,24.0,0.2705,62.0,0.256,65.0,0.2309,14.0,,,0.2501,27.0
2021-07-09,0.2205,46.0,0.1909,32.0,0.1988,12.0,,,0.1969,11.0,0.2709,62.0,0.2557,64.0,0.2159,7.0,,,0.2685,44.0
2021-07-08,0.1555,20.0,0.188,30.0,0.2268,30.0,,,0.2093,19.0,0.2693,61.0,0.2553,64.0,0.2446,24.0,,,0.2675,43.0
2021-07-07,0.1421,16.0,0.1844,28.0,0.2112,20.0,,,0.2128,21.0,0.2687,61.0,0.2559,65.0,0.2369,18.0,,,0.269,45.0
2021-07-06,0.1503,18.0,0.1832,27.0,0.2082,18.0,,,0.2164,23.0,0.2688,61.0,0.2565,65.0,0.2374,19.0,,,0.2653,41.0
2021-07-02,0.1204,9.0,0.1355,7.0,0.2338,34.0,,,0.197,12.0,0.2732,64.0,0.2585,66.0,0.2244,11.0,,,0.2697,45.0
2021-07-01,0.1124,7.0,0.148,11.0,0.1946,10.0,,,0.1972,12.0,0.2733,64.0,0.2587,67.0,0.236,18.0,,,0.2674,43.0
2021-06-30,0.1022,5.0,0.1458,10.0,0.228,31.0,,,0.2084,18.0,0.2745,65.0,0.2602,68.0,0.2415,22.0,,,0.2567,33.0
2021-06-29,0.0811,2.0,0.1448,10.0,0.2224,28.0,,,0.2167,24.0,0.274,65.0,0.2601,68.0,0.2236,10.0,,,0.2619,38.0
2021-06-28,0.2012,37.0,0.1494,12.0,0.2033,15.0,,,0.2324,33.0,0.274,65.0,0.2597,67.0,0.2394,20.0,,,0.2628,39.0
2021-06-25,0.2293,50.0,0.1854,28.0,0.2132,21.0,,,0.1937,10.0,0.274,65.0,0.2604,68.0,0.2508,28.0,,,0.2671,43.0
2021-06-24,0.2219,47.0,0.186,28.0,0.1861,6.0,,,0.2016,14.0,0.2741,65.0,0.2606,68.0,0.2393,20.0,,,0.2736,49.0
2021-06-23,0.2383,53.0,0.1893,30.0,0.2057,17.0,,,0.2067,17.0,0.2743,65.0,0.2607,68.0,0.2444,24.0,,,0.2764,51.0
2021-06-22,0.2328,51.0,0.1879,30.0,0.2135,22.0,,,0.2072,18.0,0.2743,65.0,0.2603,68.0,0.2478,26.0,,,0.2661,42.0
2021-06-21,0.2471,56.0,0.1851,28.0,0.2227,28.0,,,0.2125,21.0,0.2748,65.0,0.2602,68.0,0.2434,23.0,,,0.2658,41.0
2021-06-18,0.2348,52.0,0.1915,32.0,0.2301,32.0,,,0.2073,18.0,0.2748,65.0,0.2608,68.0,0.2543,31.0,,,0.273,48.0
2021-06-17,0.1904,33.0,0.1817,26.0,0.2377,37.0,,,0.2159,23.0,0.2716,63.0,0.2606,68.0,0.2467,25.0,,,0.2594,36.0
2021-06-16,0.1676,24.0,0.1437,10.0,0.2295,32.0,,,0.2395,38.0,0.2702,62.0,0.2596,67.0,0.241,21.0,,,0.2586,35.0
2021-06-15,0.1821,30.0,0.1619,17.0,0.2048,16.0,,,0.2093,19.0,0.2698,62.0,0.2596,67.0,0.2414,22.0,,,0.2555,32.0
2021-06-14,0.211,42.0,0.1769,24.0,0.2282,31.0,,,0.2198,26.0,0.2731,64.0,0.2599,68.0,0.2445,24.0,,,0.2632,39.0
2021-06-11,0.2034,38.0,0.1845,28.0,0.1875,6.0,,,0.1882,8.0,0.2729,64.0,0.2602,68.0,0.2369,18.0,,,0.2624,38.0
2021-06-10,0.1974,35.0,0.1851,28.0,0.2103,20.0,,,0.2014,14.0,0.2728,63.0,0.2603,68.0,0.2438,23.0,,,0.2604,37.0
2021-06-09,0.197,35.0,0.1755,23.0,0.2262,30.0,,,0.213,21.0,0.2738,64.0,0.2603,68.0,0.2512,28.0,,,0.2687,44.0
2021-06-08,0.181,28.0,0.172,21.0,0.2254,28.0,,,0.2349,35.0,0.2738,64.0,0.2604,68.0,0.2513,28.0,,,0.2654,41.0
2021-06-07,0.1812,30.0,0.1738,22.0,0.2259,30.0,,,0.2138,22.0,0.2738,64.0,0.2604,68.0,0.2518,28.0,,,0.2648,40.0
2021-06-04,0.1136,7.0,0.152,13.0,0.2137,22.0,,,0.2046,16.0,0.2728,63.0,0.2597,67.0,0.2499,28.0,,,0.2632,39.0
2021-06-03,0.128,11.0,0.1488,12.0,0.2184,25.0,,,0.223,28.0,0.2714,63.0,0.2594,67.0,0.2624,36.0,,,0.2851,59.0
2021-06-02,0.122,10.0,0.1267,4.0,0.2129,21.0,,,0.2105,19.0,0.2717,63.0,0.259,67.0,0.2432,23.0,,,0.2664,42.0
2021-06-01,0.1425,16.0,0.1285,5.0,0.2315,33.0,,,0.2118,20.0,0.2717,63.0,0.2592,67.0,0.2578,33.0,,,0.2706,46.0
2021-05-28,0.1388,15.0,0.1269,4.0,0.2221,27.0,,,0.2044,16.0,0.2714,63.0,0.2595,67.0,0.2562,32.0,,,0.2722,47.0
2021-05-27,0.139,15.0,0.1607,16.0,0.2126,21.0,,,0.2042,16.0,0.2716,63.0,0.2598,67.0,0.2468,26.0,,,0.261,37.0
2021-05-26,0.2209,46.0,0.1941,34.0,0.2151,23.0,,,0.2227,28.0,0.2721,63.0,0.2604,68.0,0.2533,30.0,,,0.2654,41.0
2021-05-25,0.2157,44.0,0.2005,37.0,0.2193,26.0,,,0.2199,26.0,0.2733,64.0,0.2611,69.0,0.2478,26.0,,,0.2664,42.0
2021-05-24,0.2165,44.0,0.1882,30.0,0.2241,28.0,,,0.2193,25.0,0.2728,63.0,0.2611,69.0,0.252,28.0,,,0.2675,43.0
2021-05-21,0.2795,65.0,0.2397,57.0,0.2279,31.0,,,0.2286,31.0,0.2731,64.0,0.2618,69.0,0.2555,32.0,,,0.2677,43.0
2021-05-20,0.3172,74.0,0.2653,69.0,0.1993,12.0,,,0.2122,21.0,0.2732,64.0,0.2623,69.0,0.2588,34.0,,,0.2743,49.0
2021-05-19,0.3172,74.0,0.2695,70.0,0.2578,49.0,,,0.2487,44.0,0.2731,64.0,0.263,70.0,0.2594,35.0,,,0.28,55.0
2021-05-18,0.335,77.0,0.2608,67.0,0.2515,45.0,,,0.2425,40.0,0.2736,64.0,0.263,70.0,0.2571,33.0,,,0.2748,50.0
2021-05-17,0.2903,68.0,0.2454,61.0,0.2514,45.0,,,0.2412,39.0,0.2707,62.0,0.2618,69.0,0.2567,33.0,,,0.2795,54.0
2021-05-14,0.319,74.0,0.2537,64.0,0.2182,25.0,,,0.2079,18.0,0.2704,62.0,0.2633,70.0,0.2524,30.0,,,0.2643,40.0
2021-05-13,0.3215,75.0,0.2681,70.0,0.2481,43.0,,,0.2487,44.0,0.2707,62.0,0.2633,70.0,0.2657,38.0,,,0.274,49.0
2021-05-12,0.3026,70.0,0.2325,54.0,0.283,63.0,,,0.2788,62.0,0.269,61.0,0.2613,69.0,0.2707,40.0,,,0.267,43.0
2021-05-11,0.193,34.0,0.1989,36.0,0.2285,31.0,,,0.2411,39.0,0.2656,57.0,0.2605,68.0,0.2562,32.0,,,0.2511,28.0
2021-05-10,0.2555,59.0,0.2027,38.0,0.2038,15.0,,,0.2562,49.0,0.2655,57.0,0.2616,69.0,0.2546,31.0,,,0.2499,27.0
2021-05-07,0.256,59.0,0.1953,34.0,0.1939,9.0,,,0.2351,35.0,0.2652,57.0,0.2656,71.0,0.2522,30.0,,,0.2453,24.0
2021-05-06,0.2656,62.0,0.2074,41.0,0.2196,26.0,,,0.2556,49.0,0.2651,57.0,0.2656,71.0,0.2544,31.0,,,0.2583,35.0
2021-05-05,0.2487,57.0,0.2241,50.0,0.2056,16.0,,,0.246,42.0,0.264,56.0,0.2665,71.0,0.2635,37.0,,,0.2543,31.0
2021-05-04,0.2242,48.0,0.2054,40.0,0.2101,19.0,,,0.2671,56.0,0.2678,60.0,0.2692,73.0,0.2595,35.0,,,0.26,36.0
2021-05-03,0.2454,56.0,0.1999,37.0,0.1988,12.0,,,0.2375,37.0,0.2715,63.0,0.2699,73.0,0.2576,33.0,,,0.2523,28.0
2021-04-30,0.2393,54.0,0.2112,43.0,0.2075,18.0,,,0.2473,43.0,0.2769,66.0,0.2709,74.0,0.2587,34.0,,,0.2495,27.0
2021-04-29,0.2406,54.0,0.2252,51.0,0.2016,14.0,,,0.2439,41.0,0.275,65.0,0.2708,74.0,0.2594,35.0,,,0.2574,34.0
2021-04-28,0.2302,50.0,0.2309,54.0,0.2117,20.0,,,0.2463,42.0,0.2747,65.0,0.2715,74.0,0.2581,34.0,,,0.2559,33.0
2021-04-27,0.2424,55.0,0.2195,47.0,0.2224,28.0,,,0.2364,36.0,0.2809,69.0,0.2716,74.0,0.2456,25.0,,,0.2714,47.0
2021-04-26,0.2124,42.0,0.1956,34.0,0.2551,47.0,,,0.279,62.0,0.2811,69.0,0.2716,74.0,0.2484,27.0,,,0.2718,47.0
2021-04-23,0.2375,53.0,0.2008,37.0,0.2488,44.0,,,0.2635,54.0,0.283,70.0,0.272,74.0,0.2477,26.0,,,0.2699,45.0
2021-04-22,0.2268,49.0,0.2103,43.0,0.2527,46.0,,,0.2779,62.0,0.2829,70.0,0.2719,74.0,0.2473,26.0,,,0.2708,46.0
2021-04-21,0.2134,43.0,0.2041,39.0,0.245,41.0,,,0.267,56.0,0.2822,70.0,0.2719,74.0,0.2442,24.0,,,0.2778,53.0
2021-04-20,0.2291,50.0,0.1958,35.0,0.257,49.0,,,0.2651,55.0,0.2814,69.0,0.2713,74.0,0.2493,28.0,,,0.2704,46.0
2021-04-19,0.217,45.0,0.1844,28.0,0.2453,41.0,,,0.2652,55.0,0.281,69.0,0.2721,74.0,0.2482,27.0,,,0.2712,46.0
2021-04-16,0.1793,28.0,0.1751,23.0,0.2367,36.0,,,0.2882,67.0,0.2804,69.0,0.272,74.0,0.2513,28.0,,,0.2736,49.0
2021-04-15,0.1835,30.0,0.1638,18.0,0.2381,37.0,,,0.1951,11.0,0.2807,69.0,0.2734,75.0,0.2496,28.0,,,0.2838,57.0
2021-04-14,0.1827,30.0,0.1693,20.0,0.2087,19.0,,,0.2643,54.0,0.2799,68.0,0.2733,75.0,0.2571,33.0,,,0.2789,54.0
2021-04-13,0.2021,37.0,0.1579,15.0,0.215,23.0,,,0.2137,22.0,0.2794,68.0,0.273,75.0,0.2571,33.0,,,0.2801,55.0
2021-04-12,0.2107,41.0,0.1732,22.0,0.2168,24.0,,,0.2172,24.0,0.28,68.0,0.2737,75.0,0.2578,33.0,,,0.2797,54.0
2021-04-09,0.1771,28.0,0.1661,18.0,0.1989,12.0,,,0.2004,13.0,0.2787,67.0,0.2731,75.0,0.255,31.0,,,0.2772,52.0
2021-04-08,0.1734,26.0,0.166,18.0,0.2156,23.0,,,0.223,28.0,0.2789,67.0,0.2737,75.0,0.2611,36.0,,,0.289,61.0
2021-04-07,0.1721,26.0,0.1765,23.0,0.222,27.0,,,0.2302,32.0,0.2788,67.0,0.274,75.0,0.2666,39.0,,,0.2911,62.0
2021-04-06,0.1984,36.0,0.187,28.0,0.2511,45.0,,,0.2533,47.0,0.2809,69.0,0.2744,75.0,0.2739,42.0,,,0.2952,65.0
2021-04-05,0.1966,35.0,0.2121,44.0,0.2634,52.0,,,0.2654,55.0,0.2805,69.0,0.2748,75.0,0.2741,42.0,,,0.2964,66.0
2021-04-01,0.1695,25.0,0.2152,45.0,0.2442,41.0,,,0.2645,54.0,0.2835,71.0,0.2757,75.0,0.2704,40.0,,,0.3024,69.0
2021-03-31,0.2316,51.0,0.2168,46.0,0.2647,53.0,,,0.2478,43.0,0.2832,71.0,0.2766,76.0,0.2746,42.0,,,0.3032,70.0
2021-03-30,0.248,56.0,0.2222,49.0,0.2646,53.0,,,0.2656,55.0,0.2835,71.0,0.2774,76.0,0.2791,45.0,,,0.3059,71.0
2021-03-29,0.2469,56.0,0.2347,55.0,0.2717,57.0,,,0.2828,64.0,0.2839,71.0,0.2788,76.0,0.2729,41.0,,,0.3183,76.0
2021-03-26,0.2515,57.0,0.2397,57.0,0.2483,43.0,,,0.2732,60.0,0.2839,71.0,0.2786,76.0,0.2864,49.0,,,0.3113,74.0
2021-03-25,0.2254,49.0,0.2423,59.0,0.2618,51.0,,,0.272,59.0,0.2874,73.0,0.2788,76.0,0.2906,50.0,,,0.3147,75.0
2021-03-24,0.2396,54.0,0.2552,65.0,0.287,64.0,,,0.2582,51.0,0.2874,73.0,0.2782,76.0,0.2921,51.0,,,0.3121,74.0
2021-03-23,0.3339,77.0,0.2641,68.0,0.2601,50.0,,,0.2535,47.0,0.2873,73.0,0.2792,76.0,0.2911,50.0,,,0.3116,74.0
2021-03-22,0.3114,73.0,0.2572,65.0,0.3359,80.0,,,0.2789,62.0,0.285,72.0,0.2795,76.0,0.2958,52.0,,,0.3201,77.0
2021-03-19,0.3201,74.0,0.2504,63.0,0.3005,70.0,,,0.2861,66.0,0.2841,71.0,0.2797,76.0,0.3433,65.0,,,0.3041,70.0
2021-03-18,0.3353,77.0,0.2442,60.0,0.2675,55.0,,,0.2763,61.0,0.2873,73.0,0.2809,77.0,0.3085,55.0,,,0.335,81.0
2021-03-17,0.3428,78.0,0.2552,65.0,0.2823,62.0,,,0.3079,74.0,0.2882,73.0,0.281,77.0,0.3094,56.0,,,0.3323,80.0
2021-03-16,0.3497,79.0,0.2597,66.0,0.2841,63.0,,,0.2977,71.0,0.2883,73.0,0.2816,77.0,0.3099,56.0,,,0.3306,80.0
2021-03-15,0.2103,41.0,0.2697,70.0,0.2933,67.0,,,0.3037,73.0,0.2829,70.0,0.2798,76.0,0.3133,57.0,,,0.3328,80.0
2021-03-12,0.2936,69.0,0.3075,80.0,0.287,64.0,,,0.2912,68.0,0.281,69.0,0.279,76.0,0.3057,55.0,,,0.3371,81.0
2021-03-11,0.2867,67.0,0.324,82.0,0.2841,63.0,,,0.2909,68.0,0.2835,71.0,0.2797,76.0,0.3152,57.0,,,0.3359,81.0
2021-03-10,0.2829,66.0,0.3257,83.0,0.3007,70.0,,,0.2922,68.0,0.2835,71.0,0.2796,76.0,0.3183,57.0,,,0.3302,80.0
2021-03-09,0.3183,74.0,0.3427,84.0,0.323,77.0,,,0.3056,73.0,0.2854,72.0,0.2811,77.0,0.3212,59.0,,,0.3371,81.0
2021-03-08,0.3364,77.0,0.3345,84.0,0.3644,84.0,,,0.3676,84.0,0.2852,72.0,0.2804,77.0,0.3223,59.0,,,0.3504,83.0
2021-03-05,0.3505,79.0,0.3372,84.0,0.3067,73.0,,,0.341,81.0,0.2874,73.0,0.2802,77.0,0.3247,59.0,,,0.3435,82.0
2021-03-04,0.3343,77.0,0.3144,81.0,0.3435,81.0,,,0.3508,82.0,0.2863,72.0,0.278,76.0,0.319,57.0,,,0.3454,82.0
2021-03-03,0.2869,67.0,0.2862,75.0,0.3267,78.0,,,0.3169,77.0,0.2858,72.0,0.2779,76.0,0.3265,60.0,,,0.3461,82.0
2021-03-02,0.2789,65.0,0.2693,70.0,0.3217,77.0,,,0.3168,77.0,0.2857,72.0,0.2766,76.0,0.3331,62.0,,,0.3456,82.0
2021-03-01,0.2778,65.0,0.2671,69.0,0.3246,77.0,,,0.3336,80.0,0.2862,72.0,0.2769,76.0,0.3312,61.0,,,0.35,83.0
2021-02-26,0.1742,27.0,0.2497,62.0,0.3541,82.0,,,0.3382,81.0,0.2835,71.0,0.2754,75.0,0.3374,63.0,,,0.3538,84.0
2021-02-25,0.1592,21.0,0.2452,61.0,0.3606,83.0,,,0.3626,84.0,0.2821,70.0,0.2747,75.0,0.3417,64.0,,,0.3575,84.0
2021-02-24,0.1448,17.0,0.2431,60.0,0.3292,79.0,,,0.3347,80.0,0.2812,69.0,0.2741,75.0,0.3355,63.0,,,0.3564,84.0
2021-02-23,0.0954,4.0,0.2362,56.0,0.3282,78.0,,,0.3199,77.0,0.281,69.0,0.2735,75.0,0.3369,63.0,,,0.3535,84.0
2021-02-22,0.0861,3.0,0.2416,59.0,0.3277,78.0,,,0.3262,79.0,0.2803,68.0,0.2724,74.0,0.3402,64.0,,,0.3544,84.0
2021-02-19,0.1023,5.0,0.2516,63.0,0.3138,75.0,,,0.3135,76.0,0.2801,68.0,0.2721,74.0,0.3428,65.0,,,0.3606,84.0
2021-02-18,0.2219,47.0,0.2781,73.0,0.2626,52.0,,,0.2944,69.0,0.2801,68.0,0.2719,74.0,0.3451,65.0,,,0.3615,84.0
2021-02-17,0.2149,44.0,0.2719,71.0,0.291,66.0,,,0.3045,73.0,0.28,68.0,0.2715,74.0,0.3475,66.0,,,0.3696,85.0
2021-02-16,0.2051,39.0,0.2728,71.0,0.2959,68.0,,,0.3132,76.0,0.2796,68.0,0.2712,74.0,0.3483,66.0,,,0.3558,84.0
2021-02-12,0.2087,41.0,0.2678,69.0,0.2779,60.0,,,0.2732,60.0,0.2792,68.0,0.2704,73.0,0.3419,64.0,,,0.3564,84.0
2021-02-11,0.2865,67.0,0.2911,76.0,0.2983,69.0,,,0.2969,70.0,0.2791,68.0,0.2697,73.0,0.3401,64.0,,,0.3576,84.0
2021-02-10,0.2502,57.0,0.2737,71.0,0.2828,62.0,,,0.2965,70.0,0.2787,67.0,0.2682,72.0,0.3393,64.0,,,0.3575,84.0
2021-02-09,0.255,59.0,0.2627,67.0,0.3167,76.0,,,0.3112,75.0,0.2804,69.0,0.2677,72.0,0.3568,69.0,,,0.338,82.0
2021-02-08,0.3176,74.0,0.2761,72.0,0.3158,75.0,,,0.3409,81.0,0.2779,67.0,0.266,71.0,0.3504,67.0,,,0.3349,81.0
2021-02-05,0.3818,84.0,0.338,84.0,0.3009,71.0,,,0.321,78.0,0.2779,67.0,0.266,71.0,0.3541,68.0,,,0.3381,82.0
2021-02-04,0.3913,85.0,0.352,86.0,0.3578,83.0,,,0.401,88.0,0.2788,67.0,0.2671,72.0,0.3479,66.0,,,0.3329,80.0
2021-02-03,0.3755,83.0,0.3747,88.0,0.3633,83.0,,,0.3912,87.0,0.2788,67.0,0.267,72.0,0.3483,66.0,,,0.339,82.0
2021-02-02,0.2183,45.0,0.3752,88.0,0.3024,71.0,,,0.3335,80.0,0.273,64.0,0.2648,71.0,0.3352,63.0,,,0.3292,80.0
2021-02-01,0.1977,36.0,0.3851,90.0,0.3432,81.0,,,0.3692,85.0,0.2747,65.0,0.2647,71.0,0.3506,67.0,,,0.3406,82.0
2021-01-29,0.7002,98.0,0.5651,97.0,0.3632,83.0,,,0.3971,88.0,0.275,65.0,0.2644,71.0,0.352,68.0,,,0.3403,82.0
2021-01-28,0.6728,97.0,0.5622,97.0,0.3362,80.0,,,0.3734,85.0,0.2726,63.0,0.262,69.0,0.3415,64.0,,,0.3353,81.0
2021-01-27,0.6216,96.0,0.5281,96.0,0.328,78.0,,,0.3622,84.0,0.269,61.0,0.2579,66.0,0.3344,62.0,,,0.3335,81.0
2021-01-26,0.6178,96.0,0.5213,96.0,0.293,67.0,,,0.3163,77.0,0.2692,61.0,0.2564,65.0,0.3257,60.0,,,0.318,76.0
2021-01-25,0.6138,96.0,0.5007,95.0,0.3524,82.0,,,0.3734,85.0,0.2693,61.0,0.2541,63.0,0.35,67.0,,,0.332,80.0
2021-01-22,0.6085,96.0,0.4833,95.0,0.3614,83.0,,,0.3306,79.0,0.2691,61.0,0.2521,62.0,0.3331,62.0,,,0.3078,72.0
2021-01-21,0.6017,96.0,0.4739,95.0,0.3687,84.0,,,0.3933,87.0,0.2691,61.0,0.2509,61.0,0.345,65.0,,,0.3484,83.0
2021-01-20,0.147,17.0,0.2278,52.0,0.283,63.0,,,0.3076,74.0,0.2292,31.0,0.2313,45.0,0.2779,44.0,,,0.2718,47.0
2021-01-19,0.1575,21.0,0.1977,36.0,0.2923,67.0,,,0.2975,71.0,0.2295,31.0,0.2291,42.0,0.2873,49.0,,,0.2815,56.0
2021-01-15,0.1414,16.0,0.2059,40.0,0.2947,68.0,,,0.2962,70.0,0.2304,32.0,0.2302,43.0,0.2961,52.0,,,0.2786,53.0
2021-01-14,0.2548,59.0,0.2612,67.0,0.2267,30.0,,,0.2967,70.0,0.2397,37.0,0.2351,49.0,0.2839,47.0,,,0.2791,54.0
2021-01-13,0.2543,57.0,0.2644,68.0,0.2495,44.0,,,0.2348,35.0,0.2397,37.0,0.2352,49.0,0.2964,52.0,,,0.2715,47.0
2021-01-12,0.2893,67.0,0.2858,75.0,0.255,47.0,,,0.2369,36.0,0.2395,37.0,0.2348,48.0,0.304,54.0,,,0.2544,31.0
2021-01-11,0.2827,66.0,0.2774,73.0,0.2621,52.0,,,0.268,56.0,0.2391,37.0,0.2346,48.0,0.2906,50.0,,,0.2735,49.0
2021-01-08,0.2831,66.0,0.2756,72.0,0.2282,31.0,,,0.2266,30.0,0.2408,38.0,0.2351,49.0,0.2731,42.0,,,0.2573,34.0
2021-01-07,0.2779,65.0,0.273,71.0,0.2399,38.0,,,0.24,38.0,0.2418,39.0,0.2354,49.0,0.2928,51.0,,,0.2649,41.0
2021-01-06,0.2802,65.0,0.2674,69.0,0.2586,49.0,,,0.3029,72.0,0.2417,39.0,0.2358,50.0,0.296,52.0,,,0.2665,42.0
2021-01-05,0.1463,17.0,0.1907,31.0,0.2816,62.0,,,0.2817,64.0,0.2357,35.0,0.2315,45.0,0.2884,49.0,,,0.273,48.0
2021-01-04,0.1578,21.0,0.1906,31.0,0.3013,71.0,,,0.2852,65.0,0.2368,36.0,0.2321,46.0,0.2999,53.0,,,0.2657,41.0
2020-12-31,0.1277,11.0,0.1461,11.0,0.252,46.0,,,0.2618,53.0,0.2353,35.0,0.2307,44.0,0.277,44.0,,,0.2609,37.0
2020-12-30,0.125,10.0,0.1659,18.0,0.2485,44.0,,,0.25,45.0,0.2369,36.0,0.231,44.0,0.2805,46.0,,,0.2696,45.0
2020-12-29,0.1187,9.0,0.1743,22.0,0.2616,51.0,,,0.2534,47.0,0.2382,37.0,0.2311,44.0,0.2783,45.0,,,0.2735,49.0
2020-12-28,0.1206,9.0,0.1663,18.0,0.2561,48.0,,,0.2577,50.0,0.2395,37.0,0.2317,45.0,0.2673,39.0,,,0.2824,56.0
2020-12-24,0.1181,8.0,0.1576,15.0,0.2576,49.0,,,0.2538,48.0,0.2396,37.0,0.2319,46.0,0.2937,51.0,,,0.2717,47.0
2020-12-23,0.2288,50.0,0.1685,19.0,0.2725,57.0,,,0.2547,48.0,0.24,38.0,0.2333,47.0,0.3019,54.0,,,0.2845,57.0
2020-12-22,0.2435,55.0,0.1862,28.0,0.2764,59.0,,,0.2796,63.0,0.2411,38.0,0.2349,49.0,0.281,46.0,,,0.2806,55.0
2020-12-21,0.2318,51.0,0.1885,30.0,0.2822,62.0,,,0.2804,63.0,0.241,38.0,0.2352,49.0,0.2904,50.0,,,0.2931,64.0
2020-12-18,0.262,61.0,0.1793,25.0,0.2651,53.0,,,0.2593,51.0,0.2413,38.0,0.2351,49.0,0.2813,46.0,,,0.2812,55.0
2020-12-17,0.2719,63.0,0.1777,24.0,0.2569,49.0,,,0.2326,33.0,0.2456,41.0,0.2355,49.0,0.276,43.0,,,0.2939,64.0
2020-12-16,0.2697,63.0,0.1656,18.0,0.394,87.0,,,0.3007,72.0,0.2454,41.0,0.2353,49.0,0.286,48.0,,,0.277,52.0
2020-12-15,0.2696,63.0,0.1666,19.0,0.3407,80.0,,,0.2995,71.0,0.2454,41.0,0.2357,49.0,0.2946,52.0,,,0.2804,55.0
2020-12-14,0.1607,22.0,0.163,17.0,0.326,78.0,,,0.3176,77.0,0.2412,38.0,0.2359,50.0,0.2978,53.0,,,0.2848,57.0
2020-12-11,0.1577,21.0,0.1511,13.0,0.2839,63.0,,,0.2627,53.0,0.2405,38.0,0.2354,49.0,0.3012,54.0,,,0.293,64.0
2020-12-10,0.1578,21.0,0.1542,14.0,0.2877,65.0,,,0.2646,54.0,0.2405,38.0,0.2355,49.0,0.2927,51.0,,,0.288,61.0
2020-12-09,0.1099,6.0,0.1534,13.0,0.2687,55.0,,,0.2631,53.0,0.2391,37.0,0.2371,51.0,0.2913,51.0,,,0.3034,70.0
2020-12-08,0.0899,3.0,0.1541,14.0,0.2748,57.0,,,0.2686,57.0,0.2389,37.0,0.2393,52.0,0.2943,52.0,,,0.3096,73.0
2020-12-07,0.1038,5.0,0.1736,22.0,0.2736,57.0,,,0.2782,62.0,0.2391,37.0,0.2422,54.0,0.284,48.0,,,0.3057,71.0
2020-12-04,0.1324,13.0,0.1902,31.0,0.2634,52.0,,,0.2617,52.0,0.2528,45.0,0.2442,56.0,0.2805,46.0,,,0.3051,71.0
2020-12-03,0.1489,18.0,0.1939,33.0,0.2844,63.0,,,0.2764,61.0,0.256,48.0,0.2445,56.0,0.2907,50.0,,,0.2989,67.0
2020-12-02,0.1653,23.0,0.2047,39.0,0.2743,57.0,,,0.2957,70.0,0.2555,47.0,0.2451,57.0,0.2793,45.0,,,0.3072,72.0
2020-12-01,0.1779,28.0,0.2205,48.0,0.2992,70.0,,,0.2861,66.0,0.2591,51.0,0.2461,57.0,0.2928,51.0,,,0.3053,71.0
2020-11-30,0.1779,28.0,0.2205,48.0,0.2447,41.0,,,0.3394,81.0,0.2591,51.0,0.2461,57.0,0.2636,37.0,,,0.3191,77.0
2020-11-29,0.199,36.0,0.235,56.0,0.3007,70.0,,,0.3074,74.0,0.2595,51.0,0.2465,57.0,0.2793,45.0,,,0.3241,79.0
2020-11-28,0.199,36.0,0.235,56.0,0.2935,67.0,,,0.3,71.0,0.2595,51.0,0.2465,57.0,0.2785,45.0,,,0.3232,78.0
2020-11-27,0.1992,36.0,0.2257,51.0,0.2867,64.0,,,0.2932,69.0,0.2596,51.0,0.246,57.0,0.2777,44.0,,,0.3223,78.0
2020-11-26,0.1992,36.0,0.2257,51.0,0.2751,59.0,,,0.274,60.0,0.2596,51.0,0.246,57.0,0.2759,43.0,,,0.3002,68.0
2020-11-25,0.1648,23.0,0.2452,61.0,0.2693,55.0,,,0.2682,56.0,0.2581,49.0,0.2452,57.0,0.2751,43.0,,,0.2993,68.0
2020-11-24,0.1667,24.0,0.2364,57.0,0.2645,53.0,,,0.2702,57.0,0.2584,50.0,0.2451,57.0,0.2693,40.0,,,0.3009,68.0
2020-11-23,0.1751,27.0,0.2296,53.0,0.2699,56.0,,,0.2725,59.0,0.2583,50.0,0.2449,56.0,0.2765,44.0,,,0.2936,64.0
2020-11-20,0.1659,24.0,0.2323,54.0,0.2815,62.0,,,0.2665,56.0,0.2583,50.0,0.2453,57.0,0.2842,48.0,,,0.2961,66.0
2020-11-19,0.1707,25.0,0.2436,60.0,0.2718,57.0,,,0.2694,57.0,0.2624,54.0,0.2454,57.0,0.2818,46.0,,,0.298,67.0
2020-11-18,0.1641,23.0,0.3037,79.0,0.2542,47.0,,,0.2486,44.0,0.2743,65.0,0.2473,59.0,0.2814,46.0,,,0.3073,72.0
2020-11-17,0.1641,23.0,0.3037,79.0,0.2242,28.0,,,0.4086,89.0,0.2743,65.0,0.2473,59.0,0.2539,31.0,,,0.3239,78.0
2020-11-16,0.1501,18.0,0.3086,80.0,0.2777,60.0,,,0.2821,64.0,0.2735,64.0,0.2473,59.0,0.3035,54.0,,,0.302,69.0
2020-11-15,0.1977,36.0,0.3079,80.0,0.29,66.0,,,0.3042,73.0,0.2743,65.0,0.2457,57.0,0.2837,47.0,,,0.3197,77.0
2020-11-14,0.1977,36.0,0.3079,80.0,0.2714,57.0,,,0.2846,65.0,0.2743,65.0,0.2457,57.0,0.2829,47.0,,,0.3189,77.0
2020-11-13,0.1977,36.0,0.3079,80.0,0.3434,81.0,,,0.2007,14.0,0.2743,65.0,0.2457,57.0,0.2995,53.0,,,0.298,67.0
2020-11-12,0.2813,66.0,0.3567,86.0,0.2718,57.0,,,0.2919,68.0,0.2741,65.0,0.2459,57.0,0.2914,51.0,,,0.3032,70.0
2020-11-11,0.3451,79.0,0.367,88.0,0.264,53.0,,,0.2747,60.0,0.2751,65.0,0.2463,57.0,0.2821,47.0,,,0.2974,67.0
2020-11-10,0.3927,85.0,0.3706,88.0,0.2792,60.0,,,0.291,68.0,0.2815,69.0,0.2461,57.0,0.2815,46.0,,,0.2913,63.0
2020-11-09,0.4007,86.0,0.3579,87.0,0.2907,66.0,,,0.2687,57.0,0.2814,69.0,0.2454,57.0,0.3131,57.0,,,0.2923,63.0
2020-11-06,0.4004,86.0,0.3074,80.0,0.2599,50.0,,,0.3192,77.0,0.2815,69.0,0.2426,55.0,0.318,57.0,,,0.3084,72.0
2020-11-05,0.4975,92.0,0.3171,81.0,0.2822,62.0,,,0.3075,74.0,0.2821,70.0,0.2426,55.0,0.3109,56.0,,,0.3011,68.0
2020-11-04,0.504,92.0,0.3137,81.0,0.3044,72.0,,,0.3538,83.0,0.2845,71.0,0.242,54.0,0.3126,57.0,,,0.3092,73.0
2020-11-03,0.4797,91.0,0.2641,68.0,0.3176,76.0,,,0.3729,85.0,0.2801,68.0,0.2383,52.0,0.3059,55.0,,,0.3166,76.0
2020-11-02,0.4292,88.0,0.2444,60.0,0.3419,81.0,,,0.3922,87.0,0.2773,66.0,0.2371,51.0,0.3264,60.0,,,0.32,77.0
2020-10-30,0.3222,75.0,0.2332,55.0,0.3691,84.0,,,0.4037,89.0,0.272,63.0,0.2362,50.0,0.309,56.0,,,0.3459,82.0
2020-10-29,0.3342,77.0,0.2349,56.0,0.351,82.0,,,0.3787,86.0,0.2719,63.0,0.236,50.0,0.3249,60.0,,,0.3298,80.0
2020-10-28,0.3134,73.0,0.244,60.0,0.366,84.0,,,0.3804,86.0,0.2719,63.0,0.2353,49.0,0.3112,56.0,,,0.347,83.0
2020-10-27,0.2482,56.0,0.2272,52.0,0.3057,72.0,,,0.3467,82.0,0.2648,57.0,0.2346,48.0,0.3171,57.0,,,0.3158,76.0
2020-10-26,0.2035,38.0,0.2354,56.0,0.2931,67.0,,,0.327,79.0,0.2632,55.0,0.2336,47.0,0.3024,54.0,,,0.3067,71.0
2020-10-23,0.1088,6.0,0.2295,53.0,0.2756,59.0,,,0.2742,60.0,0.261,53.0,0.2335,47.0,0.2846,48.0,,,0.2839,57.0
2020-10-22,0.1041,5.0,0.2353,56.0,0.2746,57.0,,,0.3008,72.0,0.2608,52.0,0.2339,47.0,0.2881,49.0,,,0.2855,59.0
2020-10-21,0.1493,18.0,0.242,59.0,0.2752,59.0,,,0.2981,71.0,0.2607,52.0,0.2344,48.0,0.2907,50.0,,,0.2936,64.0
2020-10-20,0.1493,18.0,0.2361,56.0,0.2844,63.0,,,0.2834,64.0,0.2617,53.0,0.2348,48.0,0.2942,52.0,,,0.2958,65.0
2020-10-19,0.1495,18.0,0.2209,48.0,0.3346,79.0,,,0.349,82.0,0.263,55.0,0.2341,48.0,0.3085,55.0,,,0.3025,69.0
2020-10-16,0.1298,12.0,0.2256,51.0,0.3217,77.0,,,0.3491,82.0,0.2628,54.0,0.2345,48.0,0.3088,55.0,,,0.3035,70.0
2020-10-15,0.195,35.0,0.1918,32.0,0.2906,66.0,,,0.3405,81.0,0.2627,54.0,0.2338,47.0,0.3013,54.0,,,0.3037,70.0
2020-10-14,0.1996,36.0,0.2077,41.0,0.233,34.0,,,0.2568,50.0,0.2651,57.0,0.2393,52.0,0.3042,54.0,,,0.3057,71.0
2020-10-13,0.2886,67.0,0.2262,51.0,0.2361,36.0,,,0.2398,38.0,0.2654,57.0,0.2414,54.0,0.3173,57.0,,,0.3051,71.0
2020-10-12,0.2541,57.0,0.2425,59.0,0.2601,50.0,,,0.2707,57.0,0.2658,57.0,0.2419,54.0,0.3074,55.0,,,0.3058,71.0
2020-10-09,0.2765,64.0,0.2636,68.0,0.2491,44.0,,,0.2627,53.0,0.2661,57.0,0.2451,57.0,0.3142,57.0,,,0.3028,69.0
2020-10-08,0.2814,66.0,0.2795,73.0,0.2395,38.0,,,0.2694,57.0,0.2679,60.0,0.2446,56.0,0.3089,56.0,,,0.3073,72.0
2020-10-07,0.2874,67.0,0.2745,71.0,0.2714,57.0,,,0.266,55.0,0.2684,61.0,0.2449,56.0,0.3075,55.0,,,0.3104,73.0
2020-10-06,0.3225,75.0,0.2792,73.0,0.2911,66.0,,,0.2801,63.0,0.2683,61.0,0.2452,57.0,0.3149,57.0,,,0.3031,70.0
2020-10-05,0.3155,73.0,0.2799,73.0,0.2969,69.0,,,0.2757,61.0,0.2685,61.0,0.2458,57.0,0.3118,56.0,,,0.3034,70.0
2020-10-02,0.2585,60.0,0.2837,74.0,0.2704,56.0,,,0.2737,60.0,0.2647,57.0,0.2457,57.0,0.3211,57.0,,,0.3102,73.0
2020-10-01,0.2731,64.0,0.2739,71.0,0.2781,60.0,,,0.2846,65.0,0.2649,57.0,0.246,57.0,0.309,56.0,,,0.3127,74.0
2020-09-30,0.2575,59.0,0.2676,69.0,0.2722,57.0,,,0.2689,57.0,0.2739,64.0,0.2468,57.0,0.3073,55.0,,,0.3097,73.0
2020-09-29,0.3217,75.0,0.2751,72.0,0.288,65.0,,,0.2846,65.0,0.2736,64.0,0.246,57.0,0.3102,56.0,,,0.3041,70.0
2020-09-28,0.3471,79.0,0.2852,74.0,0.2705,56.0,,,0.2856,66.0,0.2738,64.0,0.2486,60.0,0.3113,56.0,,,0.3143,75.0
2020-09-25,0.2504,57.0,0.295,77.0,0.2871,65.0,,,0.2868,66.0,0.2711,62.0,0.2501,61.0,0.3068,55.0,,,0.3136,75.0
2020-09-24,0.2224,47.0,0.2841,74.0,0.3002,70.0,,,0.3016,72.0,0.272,63.0,0.2508,61.0,0.3113,56.0,,,0.3234,78.0
2020-09-23,0.2036,38.0,0.262,67.0,0.2962,69.0,,,0.3117,75.0,0.2789,67.0,0.2556,64.0,0.3073,55.0,,,0.3105,74.0
2020-09-22,0.3007,70.0,0.2607,67.0,0.2941,68.0,,,0.3077,74.0,0.2797,68.0,0.2585,66.0,0.313,57.0,,,0.316,76.0
2020-09-21,0.3113,73.0,0.2489,62.0,0.3079,73.0,,,0.3208,78.0,0.2814,69.0,0.2618,69.0,0.3109,56.0,,,0.3133,75.0
2020-09-18,0.2994,70.0,0.2481,62.0,0.2959,68.0,,,0.2865,66.0,0.2813,69.0,0.2697,73.0,0.3102,56.0,,,0.3131,75.0
2020-09-17,0.2879,67.0,0.2437,60.0,0.2888,65.0,,,0.3659,84.0,0.3349,79.0,0.2812,77.0,0.2988,53.0,,,0.3137,75.0
2020-09-16,0.3346,77.0,0.2307,54.0,0.2782,60.0,,,0.2728,59.0,0.3425,80.0,0.2907,78.0,0.3093,56.0,,,0.3029,70.0
2020-09-15,0.3319,77.0,0.2347,55.0,0.3251,77.0,,,0.2828,64.0,0.3579,81.0,0.2983,80.0,0.3066,55.0,,,0.2966,66.0
2020-09-14,0.3735,83.0,0.288,75.0,0.2876,65.0,,,0.3005,72.0,0.3576,81.0,0.3106,81.0,0.2977,53.0,,,0.3214,77.0
2020-09-11,0.3189,74.0,0.274,71.0,0.2857,64.0,,,0.2869,66.0,0.37,82.0,0.3179,82.0,0.3028,54.0,,,0.3198,77.0
2020-09-10,0.3223,75.0,0.2822,74.0,0.2923,67.0,,,0.2972,71.0,0.37,82.0,0.3205,82.0,0.313,57.0,,,0.321,77.0
2020-09-09,0.2918,68.0,0.2482,62.0,0.2781,60.0,,,0.2769,61.0,0.386,84.0,0.3296,84.0,0.3065,55.0,,,0.3117,74.0
2020-09-08,0.2601,60.0,0.2373,57.0,0.3344,79.0,,,0.3258,79.0,0.4077,85.0,0.3384,85.0,0.3101,56.0,,,0.3315,80.0
2020-09-04,0.2193,46.0,0.2328,55.0,0.3272,78.0,,,0.318,77.0,0.4137,85.0,0.347,86.0,0.3069,55.0,,,0.3207,77.0
2020-09-03,0.2228,47.0,0.2335,55.0,0.2938,68.0,,,0.296,70.0,0.417,86.0,0.3486,86.0,0.2935,51.0,,,0.3237,78.0
2020-09-02,0.134,13.0,0.1685,19.0,0.2617,51.0,,,0.2598,52.0,0.4226,86.0,0.3497,86.0,0.2868,49.0,,,0.3086,72.0
2020-09-01,0.1225,10.0,0.1691,20.0,0.2437,40.0,,,0.2466,43.0,0.4314,87.0,0.351,86.0,0.2855,48.0,,,0.3108,74.0
2020-08-31,0.074,1.0,0.1496,12.0,0.2536,46.0,,,0.2536,47.0,0.4316,87.0,0.3524,87.0,0.3011,54.0,,,0.3081,72.0
2020-08-28,0.0848,3.0,0.156,14.0,0.246,42.0,,,0.2565,49.0,0.4406,88.0,0.3536,87.0,0.2847,48.0,,,0.3117,74.0
2020-08-27,0.0794,2.0,0.1594,16.0,0.2486,44.0,,,0.2505,45.0,0.4422,89.0,0.3542,87.0,0.2832,47.0,,,0.3042,70.0
2020-08-26,0.0789,2.0,0.1518,13.0,0.2438,40.0,,,0.2405,38.0,0.4445,89.0,0.357,87.0,0.2923,51.0,,,0.3072,72.0
2020-08-25,0.0546,1.0,0.1396,8.0,0.2433,40.0,,,0.2419,40.0,0.4479,89.0,0.3592,88.0,0.2926,51.0,,,0.3081,72.0
2020-08-24,0.0759,2.0,0.1347,7.0,0.2383,37.0,,,0.2408,39.0,0.4483,89.0,0.3601,88.0,0.2925,51.0,,,0.3187,77.0
2020-08-21,0.13,12.0,0.1441,10.0,0.2484,43.0,,,0.2454,42.0,0.4498,90.0,0.3616,88.0,0.288,49.0,,,0.3095,73.0
2020-08-20,0.1315,12.0,0.1453,10.0,0.237,36.0,,,0.2503,45.0,0.45,90.0,0.3624,88.0,0.2933,51.0,,,0.3069,72.0
2020-08-19,0.1401,15.0,0.145,10.0,0.2329,34.0,,,0.2426,40.0,0.4533,90.0,0.3646,89.0,0.2934,51.0,,,0.303,70.0
2020-08-18,0.1837,31.0,0.1895,31.0,0.2384,37.0,,,0.2464,42.0,0.4563,91.0,0.3647,89.0,0.2879,49.0,,,0.3007,68.0
2020-08-17,0.2006,37.0,0.1988,36.0,0.2564,48.0,,,0.3256,78.0,0.4564,91.0,0.3647,89.0,0.2707,40.0,,,0.3238,78.0
2020-08-14,0.1958,35.0,0.1964,35.0,0.2703,56.0,,,0.3399,81.0,0.4569,91.0,0.365,89.0,0.2798,45.0,,,0.3059,71.0
2020-08-13,0.228,49.0,0.2048,39.0,0.2439,40.0,,,0.2432,40.0,0.4569,91.0,0.3649,89.0,0.2809,46.0,,,0.3016,69.0
2020-08-12,0.1724,26.0,0.1949,34.0,0.2415,39.0,,,0.2444,41.0,0.4559,91.0,0.3648,89.0,0.2912,50.0,,,0.3164,76.0
2020-08-11,0.1622,22.0,0.1991,37.0,0.2513,45.0,,,0.2495,45.0,0.4559,91.0,0.3647,89.0,0.3003,53.0,,,0.2969,66.0
2020-08-10,0.1561,20.0,0.1991,37.0,0.2603,51.0,,,0.2513,46.0,0.4569,91.0,0.3649,89.0,0.3174,57.0,,,0.2771,52.0
2020-08-07,0.2084,40.0,0.1557,14.0,0.2017,14.0,,,0.2587,51.0,0.4568,91.0,0.3636,88.0,0.2948,52.0,,,0.2999,68.0
2020-08-06,0.1979,36.0,0.1454,10.0,0.2149,23.0,,,0.2629,53.0,0.4565,91.0,0.3633,88.0,0.296,52.0,,,0.2978,67.0
2020-08-05,0.2035,38.0,0.1565,15.0,0.2192,26.0,,,0.2651,55.0,0.4565,91.0,0.3633,88.0,0.2931,51.0,,,0.2964,66.0
2020-08-04,0.1389,15.0,0.1493,12.0,0.2318,33.0,,,0.2799,63.0,0.4573,91.0,0.3634,88.0,0.3039,54.0,,,0.296,66.0
2020-08-03,0.132,13.0,0.1703,20.0,0.2334,34.0,,,0.2704,57.0,0.4572,91.0,0.3636,88.0,0.3028,54.0,,,0.2929,64.0
2020-07-31,0.1404,15.0,0.1711,21.0,0.2293,32.0,,,0.2693,57.0,0.459,91.0,0.3636,88.0,0.2947,52.0,,,0.2953,65.0
2020-07-30,0.1805,28.0,0.1978,36.0,0.2383,37.0,,,0.2716,59.0,0.4601,91.0,0.3634,88.0,0.2997,53.0,,,0.2967,66.0
2020-07-29,0.2954,69.0,0.2936,77.0,0.2265,30.0,,,0.2653,55.0,0.4595,91.0,0.3636,88.0,0.2842,48.0,,,0.29,62.0
2020-07-28,0.2981,70.0,0.2952,77.0,0.2335,34.0,,,0.2683,57.0,0.4609,92.0,0.3639,89.0,0.2896,50.0,,,0.2887,61.0
2020-07-27,0.2878,67.0,0.2907,76.0,0.2455,41.0,,,0.2754,61.0,0.4608,92.0,0.3638,89.0,0.2943,52.0,,,0.2871,60.0
2020-07-24,0.2815,66.0,0.2912,76.0,0.253,46.0,,,0.2604,52.0,0.461,92.0,0.3642,89.0,0.3004,53.0,,,0.2957,65.0
2020-07-23,0.2614,61.0,0.2885,76.0,0.2444,41.0,,,0.2831,64.0,0.4618,92.0,0.3647,89.0,0.2953,52.0,,,0.2912,63.0
2020-07-22,0.2578,60.0,0.3026,79.0,0.2474,43.0,,,0.2791,62.0,0.4628,92.0,0.3646,89.0,0.3028,54.0,,,0.2943,65.0
2020-07-21,0.2666,62.0,0.2976,78.0,0.2632,52.0,,,0.2685,57.0,0.4617,92.0,0.3637,88.0,0.2933,51.0,,,0.297,66.0
2020-07-20,0.1259,11.0,0.2063,40.0,0.3146,75.0,,,0.3464,82.0,0.4573,91.0,0.3606,88.0,0.328,60.0,,,0.3089,73.0
2020-07-17,0.1884,32.0,0.2107,43.0,0.3055,72.0,,,0.3333,80.0,0.4575,91.0,0.3606,88.0,0.3145,57.0,,,0.3166,76.0
2020-07-16,0.1961,35.0,0.2176,46.0,0.3364,80.0,,,0.3312,79.0,0.4571,91.0,0.3607,88.0,0.3243,59.0,,,0.3164,76.0
2020-07-15,0.2447,55.0,0.2167,46.0,0.3649,84.0,,,0.3937,88.0,0.4576,91.0,0.3604,88.0,0.3101,56.0,,,0.3074,72.0
2020-07-14,0.2383,53.0,0.2077,41.0,0.3049,72.0,,,0.3145,76.0,0.4564,91.0,0.3602,88.0,0.3001,53.0,,,0.3312,80.0
2020-07-13,0.24,54.0,0.2083,41.0,0.3388,80.0,,,0.3544,83.0,0.4565,91.0,0.3593,88.0,0.3194,57.0,,,0.3355,81.0
2020-07-10,0.2471,56.0,0.1981,36.0,0.2863,64.0,,,0.3505,82.0,0.4557,91.0,0.3586,88.0,0.3024,54.0,,,0.3372,81.0
2020-07-09,0.2571,59.0,0.2238,50.0,0.3301,79.0,,,0.3222,78.0,0.4555,90.0,0.3585,88.0,0.3204,57.0,,,0.3428,82.0
2020-07-08,0.2467,56.0,0.2442,60.0,0.3093,74.0,,,0.3432,81.0,0.4559,91.0,0.3582,87.0,0.3141,57.0,,,0.3379,82.0
2020-07-07,0.2617,61.0,0.2419,59.0,0.3138,75.0,,,0.3128,76.0,0.456,91.0,0.3583,87.0,0.3167,57.0,,,0.3353,81.0
2020-07-06,0.2064,39.0,0.2479,62.0,0.2805,61.0,,,0.3093,75.0,0.4556,91.0,0.3585,88.0,0.3079,55.0,,,0.3483,83.0
2020-07-02,0.2971,69.0,0.2576,65.0,0.2857,64.0,,,0.288,67.0,0.4542,90.0,0.3585,88.0,0.3291,61.0,,,0.3399,82.0
2020-07-01,0.2714,63.0,0.2393,57.0,0.2979,69.0,,,0.2992,71.0,0.4534,90.0,0.3577,87.0,0.3184,57.0,,,0.3425,82.0
2020-06-30,0.2675,62.0,0.2379,57.0,0.2982,69.0,,,0.3111,75.0,0.4534,90.0,0.3574,87.0,0.3113,56.0,,,0.338,82.0
2020-06-29,0.2496,57.0,0.2236,50.0,0.3384,80.0,,,0.3402,81.0,0.4529,90.0,0.3565,87.0,0.3228,59.0,,,0.3587,84.0
2020-06-26,0.2173,45.0,0.1969,35.0,0.3641,84.0,,,0.3552,83.0,0.4522,90.0,0.3554,87.0,0.3185,57.0,,,0.3483,83.0
2020-06-25,0.2109,42.0,0.1957,35.0,0.3373,80.0,,,0.3346,80.0,0.452,90.0,0.3552,87.0,0.3105,56.0,,,0.3549,84.0
2020-06-24,0.2125,42.0,0.2202,48.0,0.3452,81.0,,,0.3523,82.0,0.4518,90.0,0.3547,87.0,0.3203,57.0,,,0.3461,82.0
2020-06-23,0.0844,3.0,0.2513,63.0,0.3033,71.0,,,0.3077,74.0,0.4497,90.0,0.3542,87.0,0.2987,53.0,,,0.3569,84.0
2020-06-22,0.0872,3.0,0.2934,77.0,0.3334,79.0,,,0.3308,79.0,0.4497,90.0,0.354,87.0,0.31,56.0,,,0.3433,82.0
2020-06-19,0.378,83.0,0.3164,81.0,0.2802,61.0,,,0.3417,81.0,0.4498,90.0,0.3537,87.0,0.3246,59.0,,,0.3388,82.0
2020-06-18,0.3951,85.0,0.3161,81.0,0.3657,84.0,,,0.3611,84.0,0.4498,90.0,0.3533,87.0,0.3246,59.0,,,0.352,83.0
2020-06-17,0.3943,85.0,0.3236,82.0,0.2758,59.0,,,0.3311,79.0,0.4506,90.0,0.3534,87.0,0.3207,57.0,,,0.3626,85.0
2020-06-16,0.4114,87.0,0.3287,83.0,0.3569,83.0,,,0.3466,82.0,0.45,90.0,0.3532,87.0,0.3535,68.0,,,0.3653,85.0
2020-06-15,0.457,90.0,0.3154,81.0,0.3566,83.0,,,0.3796,86.0,0.4498,90.0,0.3519,87.0,0.3395,64.0,,,0.3756,86.0
2020-06-12,0.4655,90.0,0.2926,77.0,0.4137,89.0,,,0.3871,87.0,0.4499,90.0,0.3503,86.0,0.345,65.0,,,0.3631,85.0
2020-06-11,0.4759,91.0,0.2507,63.0,0.6747,98.0,,,0.6557,98.0,0.4507,90.0,0.3486,86.0,0.3425,65.0,,,0.3805,87.0
2020-06-10,0.2818,66.0,0.2113,43.0,0.3373,80.0,,,0.3176,77.0,0.4437,89.0,0.3476,86.0,0.3051,55.0,,,0.3181,76.0
2020-06-09,0.1987,36.0,0.207,41.0,0.3019,71.0,,,0.2943,69.0,0.4419,89.0,0.3471,86.0,0.2976,53.0,,,0.3155,75.0
2020-06-08,0.2056,39.0,0.2019,38.0,0.2972,69.0,,,0.3016,72.0,0.4426,89.0,0.3466,86.0,0.3089,56.0,,,0.3408,82.0
2020-06-05,0.2465,56.0,0.2094,42.0,0.261,51.0,,,0.274,60.0,0.4416,89.0,0.3461,86.0,0.2834,47.0,,,0.3163,76.0
2020-06-04,0.2667,62.0,0.2074,41.0,0.2701,56.0,,,0.2764,61.0,0.44,88.0,0.3453,86.0,0.312,56.0,,,0.329,80.0
2020-06-03,0.4146,87.0,0.2496,62.0,0.2846,63.0,,,0.281,63.0,0.4395,88.0,0.3448,86.0,0.3347,62.0,,,0.3188,77.0
2020-06-02,0.4168,87.0,0.2492,62.0,0.2945,68.0,,,0.3111,75.0,0.4389,88.0,0.3447,86.0,0.319,57.0,,,0.3415,82.0
2020-06-01,0.4385,88.0,0.254,64.0,0.3182,76.0,,,0.3146,76.0,0.4397,88.0,0.3449,86.0,0.3418,64.0,,,0.3374,81.0
2020-05-29,0.4202,87.0,0.2502,63.0,0.2782,60.0,,,0.2831,64.0,0.4389,88.0,0.3448,86.0,0.3228,59.0,,,0.3473,83.0
2020-05-28,0.4567,90.0,0.2542,64.0,0.2914,66.0,,,0.3057,73.0,0.4391,88.0,0.3443,86.0,0.3149,57.0,,,0.3524,83.0
2020-05-27,0.4761,91.0,0.2459,61.0,0.2849,64.0,,,0.2778,62.0,0.4387,88.0,0.3437,86.0,0.3143,57.0,,,0.3355,81.0
2020-05-26,0.4641,90.0,0.2436,60.0,0.297,69.0,,,0.3003,72.0,0.4367,88.0,0.3431,86.0,0.3174,57.0,,,0.341,82.0
2020-05-22,0.3335,77.0,0.2275,52.0,0.2864,64.0,,,0.2861,66.0,0.4288,87.0,0.3413,86.0,0.3381,64.0,,,0.3531,83.0
2020-05-21,0.3505,79.0,0.2347,55.0,0.3002,70.0,,,0.2964,70.0,0.429,87.0,0.3412,86.0,0.3295,61.0,,,0.3499,83.0
2020-05-20,0.3938,85.0,0.2507,63.0,0.2814,62.0,,,0.2884,67.0,0.429,87.0,0.341,86.0,0.3294,61.0,,,0.3556,84.0
2020-05-19,0.3928,85.0,0.2484,62.0,0.2992,70.0,,,0.2981,71.0,0.4283,87.0,0.3409,86.0,0.3229,59.0,,,0.3496,83.0
2020-05-18,0.3779,83.0,0.2371,57.0,0.2845,63.0,,,0.2831,64.0,0.4275,87.0,0.3405,86.0,0.3377,63.0,,,0.3588,84.0
2020-05-15,0.2385,53.0,0.2303,53.0,0.328,78.0,,,0.3269,79.0,0.4222,86.0,0.3402,85.0,0.3495,67.0,,,0.3734,86.0
2020-05-14,0.2387,53.0,0.2184,47.0,0.3476,81.0,,,0.451,92.0,0.4223,86.0,0.3396,85.0,0.3541,68.0,,,0.3795,87.0
2020-05-13,0.2245,48.0,0.1815,26.0,0.3658,84.0,,,0.4068,89.0,0.4222,86.0,0.3382,85.0,0.3387,64.0,,,0.3726,86.0
2020-05-12,0.2183,45.0,0.1801,25.0,0.3259,78.0,,,0.3204,78.0,0.4219,86.0,0.3379,85.0,0.3435,65.0,,,0.3469,83.0
2020-05-11,0.1562,20.0,0.1667,19.0,0.3101,74.0,,,0.3175,77.0,0.4202,86.0,0.337,85.0,0.3461,66.0,,,0.3365,81.0
2020-05-08,0.1423,16.0,0.1735,22.0,0.264,53.0,,,0.3403,81.0,0.4199,86.0,0.3369,85.0,0.3345,62.0,,,0.3343,81.0
2020-05-07,0.1119,7.0,0.1823,27.0,0.2948,68.0,,,0.3127,76.0,0.4194,86.0,0.3368,85.0,0.3618,70.0,,,0.3546,84.0
2020-05-06,0.1131,7.0,0.1995,37.0,0.3075,73.0,,,0.3914,87.0,0.4194,86.0,0.3367,85.0,0.3668,72.0,,,0.3634,85.0
2020-05-05,0.1678,24.0,0.2126,44.0,0.3288,78.0,,,0.3816,86.0,0.4193,86.0,0.3368,85.0,0.3636,71.0,,,0.3571,84.0
2020-05-04,0.2072,40.0,0.2217,49.0,0.3151,75.0,,,0.3987,88.0,0.4194,86.0,0.337,85.0,0.3683,72.0,,,0.3697,85.0
2020-05-01,0.2129,43.0,0.2256,51.0,0.3316,79.0,,,0.3937,88.0,0.4201,86.0,0.3368,85.0,0.3651,71.0,,,0.3625,85.0
2020-04-30,0.1705,25.0,0.2376,57.0,0.2924,67.0,,,0.3536,83.0,0.4214,86.0,0.3369,85.0,0.3534,68.0,,,0.3547,84.0
2020-04-29,0.2398,54.0,0.3179,81.0,0.2812,61.0,,,0.3402,81.0,0.4214,86.0,0.3371,85.0,0.3331,62.0,,,0.3375,81.0
2020-04-28,0.2493,57.0,0.343,85.0,0.2943,68.0,,,0.3479,82.0,0.4215,86.0,0.3368,85.0,0.3514,67.0,,,0.3561,84.0
2020-04-27,0.2738,64.0,0.3483,85.0,0.2925,67.0,,,0.3442,81.0,0.4214,86.0,0.3363,85.0,0.3591,70.0,,,0.3628,85.0
2020-04-24,0.2615,61.0,0.3787,89.0,0.3277,78.0,,,0.3837,86.0,0.4206,86.0,0.3357,85.0,0.3715,73.0,,,0.38,87.0
2020-04-23,0.2639,61.0,0.3716,88.0,0.3787,85.0,,,0.4269,90.0,0.4203,86.0,0.3358,85.0,0.386,76.0,,,0.3959,89.0
2020-04-22,0.2785,65.0,0.3728,88.0,0.3938,87.0,,,0.4466,92.0,0.4204,86.0,0.3356,85.0,0.4029,79.0,,,0.4107,90.0
2020-04-21,0.2995,70.0,0.3661,87.0,0.4361,91.0,,,0.472,93.0,0.4208,86.0,0.3351,85.0,0.4172,83.0,,,0.4293,92.0
2020-04-20,0.2788,65.0,0.3154,81.0,0.4496,92.0,,,0.4846,94.0,0.4248,87.0,0.3332,85.0,0.3794,75.0,,,0.4288,92.0
2020-04-17,0.2808,65.0,0.2971,77.0,0.4228,90.0,,,0.4574,92.0,0.4251,87.0,0.3321,85.0,0.3788,75.0,,,0.425,91.0
2020-04-16,0.2572,59.0,0.3068,79.0,0.4077,88.0,,,0.4789,94.0,0.4247,87.0,0.3319,85.0,0.3955,77.0,,,0.4421,93.0
2020-04-15,0.3965,85.0,0.2908,76.0,0.4414,91.0,,,0.4623,93.0,0.4246,87.0,0.3295,84.0,0.4026,79.0,,,0.4485,93.0
2020-04-14,0.3359,77.0,0.3002,78.0,0.4139,89.0,,,0.4271,90.0,0.4235,87.0,0.3295,84.0,0.3837,75.0,,,0.4429,93.0
2020-04-13,0.3359,77.0,0.3292,83.0,0.4553,92.0,,,0.4652,93.0,0.4235,87.0,0.3296,84.0,0.3994,78.0,,,0.4494,93.0
2020-04-09,0.3219,75.0,0.3474,85.0,0.4498,92.0,,,0.4543,92.0,0.4226,86.0,0.3294,84.0,0.3997,78.0,,,0.4563,94.0
2020-04-08,0.3759,83.0,0.3489,85.0,0.4322,90.0,,,0.4645,93.0,0.4239,87.0,0.3285,84.0,0.4021,79.0,,,0.4644,94.0
2020-04-07,0.4358,88.0,0.4108,92.0,0.457,92.0,,,0.4896,94.0,0.4235,87.0,0.3278,84.0,0.4002,78.0,,,0.4578,94.0
2020-04-06,0.4717,90.0,0.4321,93.0,0.433,91.0,,,0.4224,90.0,0.4233,86.0,0.3265,84.0,0.4363,87.0,,,0.4698,95.0
2020-04-03,0.3886,84.0,0.4544,94.0,0.3599,83.0,,,0.5975,97.0,0.418,86.0,0.325,83.0,0.4471,89.0,,,0.499,97.0
2020-04-02,0.4235,87.0,0.5403,97.0,0.5504,96.0,,,0.5693,97.0,0.4176,86.0,0.3249,83.0,0.4614,90.0,,,0.5002,97.0
2020-04-01,0.8556,99.0,0.622,98.0,0.5358,96.0,,,0.7018,98.0,0.4176,86.0,0.3229,83.0,0.4788,92.0,,,0.5178,97.0
2020-03-31,0.9349,99.0,0.6899,99.0,0.4762,93.0,,,0.5256,96.0,0.4173,86.0,0.322,83.0,0.4617,90.0,,,0.4795,96.0
2020-03-30,1.0668,100.0,0.7371,99.0,0.5299,96.0,,,0.4046,89.0,0.4175,86.0,0.3213,83.0,0.4375,88.0,,,0.4794,96.0
2020-03-27,1.0456,100.0,0.7874,100.0,0.5559,96.0,,,0.563,97.0,0.4152,86.0,0.3195,82.0,0.476,92.0,,,0.502,97.0
2020-03-26,1.1405,100.0,0.8213,100.0,0.5847,97.0,,,0.6744,98.0,0.4152,86.0,0.3166,82.0,0.4829,92.0,,,0.5073,97.0
2020-03-25,1.1299,100.0,0.8168,100.0,0.5099,95.0,,,0.5089,95.0,0.4137,85.0,0.3133,82.0,0.4876,93.0,,,0.4968,96.0
2020-03-24,1.1777,100.0,0.835,100.0,0.4995,94.0,,,0.5464,96.0,0.4107,85.0,0.305,81.0,0.4647,91.0,,,0.5132,97.0
2020-03-23,0.9792,100.0,0.8291,100.0,0.6024,97.0,,,0.717,99.0,0.3628,82.0,0.294,79.0,0.5737,97.0,,,0.6044,98.0
2020-03-20,0.987,100.0,0.8304,100.0,0.8176,100.0,,,0.7024,99.0,0.3596,81.0,0.2856,78.0,0.5984,98.0,,,0.6542,99.0
2020-03-19,0.9437,99.0,0.7944,100.0,0.8315,100.0,,,0.8338,99.0,0.3466,80.0,0.2782,76.0,0.6419,99.0,,,0.6945,100.0
2020-03-18,1.0557,100.0,0.7355,99.0,0.7548,99.0,,,0.8841,100.0,0.3465,80.0,0.2646,71.0,0.5745,97.0,,,0.6638,100.0
2020-03-17,1.0357,100.0,0.6836,99.0,1.1945,100.0,,,1.2833,100.0,0.3332,79.0,0.2554,64.0,0.557,96.0,,,0.6105,98.0
2020-03-16,1.0355,100.0,0.6782,99.0,0.9556,100.0,,,1.2808,100.0,0.333,79.0,0.252,62.0,0.5295,95.0,,,0.5774,98.0
2020-03-13,0.9898,100.0,0.594,98.0,0.6003,97.0,,,0.8489,100.0,0.3135,78.0,0.2381,51.0,0.4386,88.0,,,0.4965,96.0
2020-03-12,0.7424,98.0,0.4999,95.0,0.9637,100.0,,,0.8628,100.0,0.2819,70.0,0.2246,37.0,0.4908,93.0,,,0.5082,97.0
2020-03-11,0.7086,98.0,0.4229,93.0,0.6206,98.0,,,0.8637,100.0,0.2716,63.0,0.2112,28.0,0.3886,76.0,,,0.4287,92.0
2020-03-10,0.7667,99.0,0.4324,93.0,0.5775,97.0,,,0.5711,97.0,0.2683,61.0,0.2084,27.0,0.3741,73.0,,,0.4143,91.0
2020-03-09,0.6139,96.0,0.3982,91.0,0.8483,100.0,,,0.698,98.0,0.2532,45.0,0.2035,24.0,0.3687,72.0,,,0.3861,87.0
2020-03-06,0.5507,94.0,0.4033,91.0,0.6063,97.0,,,0.4808,94.0,0.2423,39.0,0.2022,23.0,0.331,61.0,,,0.3514,83.0
2020-03-05,0.5506,94.0,0.3865,90.0,0.5039,95.0,,,0.4692,93.0,0.2457,41.0,0.2005,23.0,0.3011,54.0,,,0.3412,82.0
2020-03-04,0.4751,91.0,0.4043,91.0,0.3339,79.0,,,0.3323,80.0,0.2298,31.0,0.1985,22.0,0.2638,37.0,,,0.2938,64.0
2020-03-03,0.4328,88.0,0.3991,91.0,0.2011,14.0,,,0.5604,97.0,0.2337,34.0,0.1994,22.0,0.2054,3.0,,,0.3754,86.0
2020-03-02,0.424,87.0,0.3484,85.0,0.5133,95.0,,,0.5285,96.0,0.2294,31.0,0.1941,18.0,0.2917,51.0,,,0.3339,81.0
2020-02-28,0.3119,73.0,0.305,79.0,0.4878,94.0,,,0.5033,95.0,0.2255,28.0,0.1907,16.0,0.2899,50.0,,,0.3322,80.0
2020-02-27,0.3231,75.0,0.283,74.0,0.4041,88.0,,,0.3727,85.0,0.2247,27.0,0.189,15.0,0.2788,45.0,,,0.2931,64.0
2020-02-26,0.3156,73.0,0.2479,62.0,0.3197,76.0,,,0.3142,76.0,0.2242,27.0,0.1863,13.0,0.2524,30.0,,,0.2864,59.0
2020-02-25,0.3206,75.0,0.2249,51.0,0.3345,79.0,,,0.3261,79.0,0.224,27.0,0.1858,13.0,0.264,38.0,,,0.2847,57.0
2020-02-24,0.2716,63.0,0.1577,15.0,0.2875,65.0,,,0.273,59.0,0.2167,22.0,0.1815,10.0,0.2488,27.0,,,0.2725,48.0
2020-02-21,0.2058,39.0,0.1494,12.0,0.2311,33.0,,,0.2259,28.0,0.2104,17.0,0.1815,10.0,0.2313,14.0,,,0.2593,36.0
2020-02-20,0.2075,40.0,0.1468,11.0,0.2144,22.0,,,0.2123,21.0,0.2152,21.0,0.1837,12.0,0.2213,9.0,,,0.244,23.0
2020-02-19,0.1792,28.0,0.1304,5.0,0.2383,37.0,,,0.2168,24.0,0.2145,20.0,0.1841,12.0,0.2287,13.0,,,0.2523,28.0
2020-02-18,0.2613,60.0,0.1513,13.0,0.2383,37.0,,,0.2371,36.0,0.2149,20.0,0.184,12.0,0.2277,12.0,,,0.2556,32.0
2020-02-14,0.2613,60.0,0.1515,13.0,0.1872,6.0,,,0.1942,10.0,0.215,20.0,0.184,12.0,0.2273,12.0,,,0.2506,28.0
2020-02-13,0.3148,73.0,0.1569,15.0,0.2126,21.0,,,0.2164,23.0,0.2151,20.0,0.1846,12.0,0.2305,14.0,,,0.2541,31.0
2020-02-12,0.3107,72.0,0.1463,11.0,0.1987,12.0,,,0.2028,15.0,0.2128,18.0,0.1842,12.0,0.2269,12.0,,,0.2483,26.0
2020-02-11,0.307,72.0,0.1542,14.0,0.2132,21.0,,,0.2092,19.0,0.2124,18.0,0.1843,12.0,0.2438,23.0,,,0.2442,23.0
2020-02-10,0.3493,79.0,0.1696,20.0,0.2056,16.0,,,0.2196,26.0,0.2231,26.0,0.1864,13.0,0.2487,27.0,,,0.2382,21.0
2020-02-07,0.3295,76.0,0.1747,23.0,0.1902,8.0,,,0.2431,40.0,0.225,28.0,0.1914,16.0,0.2388,20.0,,,0.24,22.0
2020-02-06,0.2783,65.0,0.1792,25.0,0.1802,4.0,,,0.2322,33.0,0.2212,25.0,0.1905,16.0,0.2366,18.0,,,0.2385,21.0
2020-02-05,0.296,69.0,0.2087,42.0,0.179,4.0,,,0.235,35.0,0.2231,26.0,0.191,16.0,0.2333,16.0,,,0.2367,20.0
2020-02-04,0.3024,70.0,0.2069,41.0,0.1925,9.0,,,0.2428,40.0,0.2222,25.0,0.191,16.0,0.2366,18.0,,,0.2349,19.0
2020-02-03,0.2455,56.0,0.2073,41.0,0.2089,19.0,,,0.256,49.0,0.2199,24.0,0.1917,16.0,0.2372,19.0,,,0.2373,20.0
2020-01-31,0.2578,60.0,0.2194,47.0,0.2156,23.0,,,0.2537,48.0,0.221,25.0,0.1917,16.0,0.2402,21.0,,,0.2413,22.0
2020-01-30,0.2216,47.0,0.2105,43.0,0.1911,8.0,,,0.2329,34.0,0.2267,28.0,0.1938,18.0,0.2295,13.0,,,0.2336,19.0
2020-01-29,0.2283,50.0,0.2106,43.0,0.19,8.0,,,0.2344,34.0,0.2277,30.0,0.1949,19.0,0.2301,14.0,,,0.2305,17.0
2020-01-28,0.2272,49.0,0.1917,32.0,0.1958,10.0,,,0.2356,35.0,0.2313,32.0,0.1972,21.0,0.2268,12.0,,,0.2379,21.0
2020-01-27,0.1975,35.0,0.1571,15.0,0.2887,65.0,,,0.3238,78.0,0.2302,32.0,0.1965,21.0,0.2443,24.0,,,0.2472,26.0
2020-01-24,0.1644,23.0,0.1539,14.0,0.265,53.0,,,0.2973,71.0,0.2283,30.0,0.1975,21.0,0.2442,24.0,,,0.2318,18.0
2020-01-23,0.1559,20.0,0.1522,13.0,0.2449,41.0,,,0.2765,61.0,0.2277,30.0,0.1974,21.0,0.2243,11.0,,,0.2324,18.0
2020-01-22,0.1454,17.0,0.1216,3.0,0.2607,51.0,,,0.2571,50.0,0.2275,28.0,0.1966,21.0,0.2307,14.0,,,0.2252,15.0
2020-01-21,0.1461,17.0,0.1203,3.0,0.246,42.0,,,0.2758,61.0,0.2274,28.0,0.197,21.0,0.2288,13.0,,,0.2333,19.0
2020-01-17,0.1308,12.0,0.1287,5.0,0.2346,35.0,,,0.228,31.0,0.2337,34.0,0.1999,23.0,0.2474,26.0,,,0.2237,14.0
2020-01-16,0.1558,20.0,0.1501,12.0,0.232,33.0,,,0.2813,63.0,0.2337,34.0,0.2026,24.0,0.24,21.0,,,0.2326,18.0
2020-01-15,0.1313,12.0,0.146,10.0,0.2317,33.0,,,0.2505,45.0,0.233,34.0,0.2027,24.0,0.2417,22.0,,,0.2461,25.0
2020-01-14,0.1212,9.0,0.1502,12.0,0.2352,35.0,,,0.2378,37.0,0.2325,33.0,0.203,24.0,0.2483,27.0,,,0.2504,28.0
2020-01-13,0.1299,12.0,0.1537,14.0,0.234,34.0,,,0.237,36.0,0.2337,34.0,0.2042,25.0,0.2481,27.0,,,0.2503,28.0
2020-01-10,0.1341,13.0,0.1572,15.0,0.2152,23.0,,,0.2114,20.0,0.239,37.0,0.206,25.0,0.255,31.0,,,0.2542,31.0
2020-01-09,0.129,12.0,0.1546,14.0,0.2092,19.0,,,0.2068,17.0,0.2395,37.0,0.2065,26.0,0.2463,25.0,,,0.2479,26.0
2020-01-08,0.1274,11.0,0.142,9.0,0.2115,20.0,,,0.2018,14.0,0.2397,37.0,0.2068,26.0,0.2498,28.0,,,0.251,28.0
2020-01-07,0.0816,2.0,0.1135,2.0,0.2118,21.0,,,0.213,21.0,0.2404,38.0,0.2061,26.0,0.2572,33.0,,,0.2466,25.0
2020-01-06,0.0787,2.0,0.1125,2.0,0.22,26.0,,,0.2161,23.0,0.2402,38.0,0.2062,26.0,0.2583,34.0,,,0.247,25.0
2020-01-03,0.0779,2.0,0.103,1.0,0.2015,14.0,,,0.2027,15.0,0.2401,38.0,0.2064,26.0,0.25,28.0,,,0.2516,28.0
2020-01-02,0.0689,1.0,0.1003,1.0,0.192,8.0,,,0.1985,12.0,0.2396,37.0,0.2062,26.0,0.2511,28.0,,,0.2543,31.0
2019-12-31,0.0722,1.0,0.1011,1.0,0.1954,10.0,,,0.1967,11.0,0.2395,37.0,0.206,25.0,0.2443,24.0,,,0.2531,30.0
2019-12-30,0.0788,2.0,0.115,2.0,0.2063,17.0,,,0.2073,18.0,0.2399,38.0,0.2067,26.0,0.2441,23.0,,,0.2446,24.0
2019-12-27,0.0882,3.0,0.1149,2.0,0.1958,10.0,,,0.1987,12.0,0.2398,38.0,0.2069,26.0,0.2283,13.0,,,0.2606,37.0
2019-12-26,0.0988,4.0,0.1202,3.0,0.1922,9.0,,,0.1982,12.0,0.2405,38.0,0.2071,26.0,0.2225,10.0,,,0.2607,37.0
2019-12-24,0.1212,9.0,0.1202,3.0,0.1897,7.0,,,0.1935,10.0,0.2407,38.0,0.2077,26.0,0.223,10.0,,,0.2583,35.0
2019-12-23,0.1381,14.0,0.1395,8.0,0.1869,6.0,,,0.1878,8.0,0.2414,39.0,0.2081,27.0,0.2252,11.0,,,0.2535,31.0
2019-12-20,0.1775,28.0,0.1573,15.0,0.1814,4.0,,,0.1878,8.0,0.2411,38.0,0.2082,27.0,0.2318,15.0,,,0.2637,39.0
2019-12-19,0.1753,27.0,0.1537,14.0,0.1951,10.0,,,0.1938,10.0,0.2412,38.0,0.2083,27.0,0.2361,18.0,,,0.257,34.0
2019-12-18,0.1637,23.0,0.1436,10.0,0.1735,3.0,,,0.1681,3.0,0.2409,38.0,0.208,26.0,0.2309,14.0,,,0.2508,28.0
2019-12-17,0.1632,23.0,0.1407,9.0,0.1833,5.0,,,0.1996,13.0,0.2408,38.0,0.2081,27.0,0.2315,15.0,,,0.2575,34.0
2019-12-16,0.1574,21.0,0.1354,7.0,0.1846,5.0,,,0.178,5.0,0.2412,38.0,0.2083,27.0,0.2308,14.0,,,0.249,27.0
2019-12-13,0.1534,19.0,0.1347,7.0,0.183,5.0,,,0.1773,5.0,0.2416,39.0,0.2083,27.0,0.2302,14.0,,,0.2542,31.0
2019-12-12,0.1242,10.0,0.1235,3.0,0.1997,13.0,,,0.1966,11.0,0.241,38.0,0.2079,26.0,0.2285,13.0,,,0.2507,28.0
2019-12-11,0.0991,4.0,0.1064,1.0,0.2099,19.0,,,0.2046,16.0,0.242,39.0,0.2081,27.0,0.2329,15.0,,,0.2597,36.0
2019-12-10,0.1134,7.0,0.1167,2.0,0.2009,14.0,,,0.2072,18.0,0.2427,40.0,0.2083,27.0,0.233,15.0,,,0.2608,37.0
2019-12-09,0.1251,11.0,0.1153,2.0,0.2103,20.0,,,0.2037,15.0,0.2427,40.0,0.2085,27.0,0.2355,17.0,,,0.2613,37.0
2019-12-06,0.1312,12.0,0.1251,4.0,0.1996,13.0,,,0.1914,9.0,0.2427,40.0,0.2086,27.0,0.2341,16.0,,,0.2587,35.0
2019-12-05,0.098,4.0,0.1288,5.0,0.2145,22.0,,,0.2174,24.0,0.2421,39.0,0.2086,27.0,0.2399,21.0,,,0.2629,39.0
2019-12-04,0.1345,13.0,0.1414,9.0,0.2302,32.0,,,0.2193,25.0,0.2423,39.0,0.2091,27.0,0.2398,20.0,,,0.2595,36.0
2019-12-03,0.1438,16.0,0.1361,7.0,0.2351,35.0,,,0.2291,31.0,0.2423,39.0,0.2091,27.0,0.2458,25.0,,,0.2659,41.0
2019-12-02,0.145,17.0,0.1302,5.0,0.2358,36.0,,,0.2183,25.0,0.2421,39.0,0.2091,27.0,0.2374,19.0,,,0.2605,37.0
2019-11-29,0.1419,16.0,0.126,4.0,0.203,15.0,,,0.1974,12.0,0.2419,39.0,0.2091,27.0,0.2356,17.0,,,0.2577,34.0
2019-11-27,0.134,13.0,0.135,7.0,0.1974,11.0,,,0.1976,12.0,0.2415,39.0,0.2098,28.0,0.233,15.0,,,0.2577,34.0
2019-11-26,0.1386,14.0,0.1308,5.0,0.1969,11.0,,,0.1982,12.0,0.2463,42.0,0.2109,28.0,0.2309,14.0,,,0.2572,34.0
2019-11-25,0.1431,16.0,0.1295,5.0,0.1974,11.0,,,0.2013,14.0,0.2464,42.0,0.211,28.0,0.2313,14.0,,,0.2557,32.0
2019-11-22,0.1268,11.0,0.1203,3.0,0.204,15.0,,,0.2044,16.0,0.2508,44.0,0.2111,28.0,0.2361,18.0,,,0.2649,41.0
2019-11-21,0.1239,10.0,0.125,4.0,0.2199,26.0,,,0.2229,28.0,0.2508,44.0,0.2111,28.0,0.2464,25.0,,,0.2704,46.0
2019-11-20,0.1003,5.0,0.1203,3.0,0.218,25.0,,,0.2197,26.0,0.2504,44.0,0.2115,28.0,0.2406,21.0,,,0.2695,45.0
2019-11-19,0.093,3.0,0.1145,2.0,0.2153,23.0,,,0.2145,22.0,0.2504,44.0,0.2117,28.0,0.2392,20.0,,,0.265,41.0
2019-11-18,0.0906,3.0,0.1082,1.0,0.2106,20.0,,,0.2086,18.0,0.2502,44.0,0.2114,28.0,0.2379,19.0,,,0.2662,42.0
2019-11-15,0.088,3.0,0.1088,1.0,0.205,16.0,,,0.2066,17.0,0.2515,44.0,0.2117,28.0,0.235,17.0,,,0.2615,38.0
2019-11-14,0.0726,1.0,0.1177,2.0,0.199,12.0,,,0.2094,19.0,0.2548,47.0,0.2129,31.0,0.2425,22.0,,,0.2675,43.0
2019-11-13,0.0719,1.0,0.1347,7.0,0.2112,20.0,,,0.1954,11.0,0.2552,47.0,0.213,31.0,0.2374,19.0,,,0.2647,40.0
2019-11-12,0.1116,7.0,0.1393,8.0,0.1991,12.0,,,0.1947,10.0,0.2551,47.0,0.2138,31.0,0.2406,21.0,,,0.262,38.0
2019-11-11,0.1567,20.0,0.1651,18.0,0.2063,17.0,,,0.2044,16.0,0.2554,47.0,0.2142,31.0,0.2509,28.0,,,0.2496,27.0
2019-11-08,0.1664,24.0,0.1809,26.0,0.2304,32.0,,,0.2009,14.0,0.2557,48.0,0.2144,32.0,0.2564,33.0,,,0.2484,26.0
2019-11-07,0.1996,36.0,0.181,26.0,0.1755,3.0,,,0.2459,42.0,0.2557,48.0,0.2152,32.0,0.2473,26.0,,,0.2531,30.0
2019-11-06,0.2039,38.0,0.1848,28.0,0.172,2.0,,,0.2433,40.0,0.2565,48.0,0.2157,32.0,0.2467,25.0,,,0.2526,30.0
2019-11-05,0.2032,38.0,0.1803,25.0,0.1921,9.0,,,0.2465,42.0,0.2588,50.0,0.2158,32.0,0.2462,25.0,,,0.25,27.0
2019-11-04,0.2243,48.0,0.1881,30.0,0.1858,6.0,,,0.2487,44.0,0.2589,51.0,0.2163,33.0,0.2479,26.0,,,0.2484,26.0
2019-11-01,0.2172,45.0,0.1916,32.0,0.1806,4.0,,,0.243,40.0,0.258,49.0,0.2168,33.0,0.2413,22.0,,,0.2522,28.0
2019-10-31,0.1989,36.0,0.1795,25.0,0.1995,13.0,,,0.2573,50.0,0.2555,47.0,0.2157,32.0,0.2464,25.0,,,0.2555,32.0
2019-10-30,0.3333,77.0,0.234,55.0,0.198,12.0,,,0.2565,49.0,0.2557,48.0,0.2156,32.0,0.2481,27.0,,,0.2554,32.0
2019-10-29,0.3101,72.0,0.2489,62.0,0.2032,15.0,,,0.2498,45.0,0.2584,50.0,0.2162,33.0,0.252,28.0,,,0.2523,28.0
2019-10-28,0.2991,70.0,0.2646,68.0,0.1984,12.0,,,0.2462,42.0,0.2594,51.0,0.2161,32.0,0.2517,28.0,,,0.2555,32.0
2019-10-25,0.2979,70.0,0.2649,68.0,0.1941,9.0,,,0.2302,32.0,0.2596,51.0,0.2163,33.0,0.2494,28.0,,,0.2487,27.0
2019-10-24,0.3082,72.0,0.2521,63.0,0.1946,10.0,,,0.2348,35.0,0.2585,50.0,0.2158,32.0,0.2484,27.0,,,0.2511,28.0
2019-10-23,0.3041,71.0,0.2617,67.0,0.2123,21.0,,,0.2418,39.0,0.2586,50.0,0.2185,34.0,0.2524,30.0,,,0.2471,25.0
2019-10-22,0.2419,55.0,0.2579,66.0,0.1979,12.0,,,0.2376,37.0,0.2575,49.0,0.2178,33.0,0.2441,23.0,,,0.2416,22.0
2019-10-21,0.1492,18.0,0.2116,43.0,0.2914,66.0,,,0.3337,80.0,0.2499,44.0,0.2145,32.0,0.2664,39.0,,,0.2715,47.0
2019-10-18,0.1515,19.0,0.1974,36.0,0.2861,64.0,,,0.3115,75.0,0.2507,44.0,0.2136,31.0,0.2632,37.0,,,0.2614,37.0
2019-10-17,0.1459,17.0,0.1763,23.0,0.2817,62.0,,,0.3104,75.0,0.2495,43.0,0.2124,30.0,0.2649,38.0,,,0.2664,42.0
2019-10-16,0.2134,43.0,0.1807,26.0,0.2948,68.0,,,0.2345,34.0,0.2491,43.0,0.2126,30.0,0.27,40.0,,,0.2735,49.0
2019-10-15,0.2098,41.0,0.1932,33.0,0.2994,70.0,,,0.2367,36.0,0.2491,43.0,0.2128,30.0,0.267,39.0,,,0.265,41.0
2019-10-14,0.2102,41.0,0.176,23.0,0.254,47.0,,,0.2648,54.0,0.2486,43.0,0.2116,28.0,0.275,43.0,,,0.2785,53.0
2019-10-11,0.2136,43.0,0.1903,31.0,0.256,48.0,,,0.2453,42.0,0.2485,43.0,0.2114,28.0,0.2729,41.0,,,0.2792,54.0
2019-10-10,0.2102,41.0,0.1973,36.0,0.2611,51.0,,,0.2649,54.0,0.2466,42.0,0.2117,28.0,0.2786,45.0,,,0.2814,56.0
2019-10-09,0.2903,68.0,0.2706,70.0,0.2685,55.0,,,0.2726,59.0,0.2464,42.0,0.2114,28.0,0.2809,46.0,,,0.2822,56.0
2019-10-08,0.3107,72.0,0.2711,70.0,0.2927,67.0,,,0.2777,62.0,0.2469,42.0,0.2112,28.0,0.2826,47.0,,,0.2819,56.0
2019-10-07,0.3014,70.0,0.2719,71.0,0.2763,59.0,,,0.2557,49.0,0.2464,42.0,0.2112,28.0,0.2824,47.0,,,0.2789,54.0
2019-10-04,0.3046,71.0,0.2635,68.0,0.2476,43.0,,,0.2467,43.0,0.2465,42.0,0.2104,28.0,0.2794,45.0,,,0.2773,52.0
2019-10-03,0.2916,68.0,0.2662,69.0,0.2611,51.0,,,0.2737,60.0,0.2461,41.0,0.2102,28.0,0.2746,42.0,,,0.2791,54.0
2019-10-02,0.3178,74.0,0.2891,76.0,0.2894,66.0,,,0.2861,66.0,0.2455,41.0,0.209,27.0,0.2756,43.0,,,0.2846,57.0
2019-10-01,0.3118,73.0,0.2925,77.0,0.2626,52.0,,,0.2637,54.0,0.2439,40.0,0.2081,27.0,0.2728,41.0,,,0.2801,55.0
2019-09-30,0.2294,50.0,0.2276,52.0,0.2327,34.0,,,0.2302,32.0,0.2388,37.0,0.2037,24.0,0.2718,41.0,,,0.2697,45.0
2019-09-27,0.2043,38.0,0.2345,55.0,0.2368,36.0,,,0.2515,46.0,0.238,37.0,0.2035,24.0,0.2729,41.0,,,0.2764,51.0
2019-09-26,0.1987,36.0,0.2306,54.0,0.2361,36.0,,,0.2512,46.0,0.2383,37.0,0.2033,24.0,0.2656,38.0,,,0.2737,49.0
2019-09-25,0.1898,33.0,0.2318,54.0,0.2404,38.0,,,0.2495,45.0,0.2389,37.0,0.2032,24.0,0.274,42.0,,,0.2838,57.0
2019-09-24,0.1806,28.0,0.2234,50.0,0.2554,48.0,,,0.2531,47.0,0.2389,37.0,0.2028,24.0,0.2727,41.0,,,0.275,50.0
2019-09-23,0.0673,1.0,0.1856,28.0,0.2354,35.0,,,0.2277,30.0,0.2347,35.0,0.2001,23.0,0.267,39.0,,,0.2684,44.0
2019-09-20,0.1048,5.0,0.1705,21.0,0.2357,35.0,,,0.2272,30.0,0.2348,35.0,0.199,22.0,0.2675,39.0,,,0.2629,39.0
2019-09-19,0.119,9.0,0.1856,28.0,0.2307,33.0,,,0.2326,33.0,0.2348,35.0,0.1988,22.0,0.2611,36.0,,,0.2685,44.0
2019-09-18,0.1811,28.0,0.1896,31.0,0.2407,38.0,,,0.2424,40.0,0.2348,35.0,0.198,22.0,0.264,38.0,,,0.2707,46.0
2019-09-17,0.2535,57.0,0.2179,47.0,0.2513,45.0,,,0.2333,34.0,0.2361,36.0,0.1983,22.0,0.2491,27.0,,,0.271,46.0
2019-09-16,0.2511,57.0,0.2162,46.0,0.2496,44.0,,,0.2533,47.0,0.2363,36.0,0.1983,22.0,0.2581,34.0,,,0.2767,52.0
2019-09-13,0.3051,71.0,0.2462,61.0,0.2171,24.0,,,0.2178,24.0,0.2361,36.0,0.1985,22.0,0.2462,25.0,,,0.2645,40.0
2019-09-12,0.3014,70.0,0.2376,57.0,0.2302,32.0,,,0.2354,35.0,0.2361,36.0,0.198,22.0,0.2467,25.0,,,0.2731,48.0
2019-09-11,0.3215,75.0,0.2521,63.0,0.2113,20.0,,,0.2337,34.0,0.2355,35.0,0.1978,21.0,0.2438,23.0,,,0.279,54.0
2019-09-10,0.3252,76.0,0.24,57.0,0.2241,28.0,,,0.2395,38.0,0.236,36.0,0.1971,21.0,0.2397,20.0,,,0.2818,56.0
2019-09-09,0.328,76.0,0.23,53.0,0.2377,37.0,,,0.2298,32.0,0.2344,35.0,0.196,20.0,0.2431,23.0,,,0.2789,54.0
2019-09-06,0.3074,72.0,0.2209,48.0,0.2237,28.0,,,0.2201,26.0,0.2305,32.0,0.1943,19.0,0.2422,22.0,,,0.2779,53.0
2019-09-05,0.3056,71.0,0.2214,49.0,0.2387,37.0,,,0.2376,37.0,0.2305,32.0,0.194,18.0,0.2513,28.0,,,0.2823,56.0
2019-09-04,0.223,47.0,0.1957,35.0,0.2499,44.0,,,0.2542,48.0,0.2236,27.0,0.1923,17.0,0.2528,30.0,,,0.2891,61.0
2019-09-03,0.2922,68.0,0.2275,52.0,0.2741,57.0,,,0.2737,60.0,0.222,25.0,0.1924,17.0,0.2589,34.0,,,0.2945,65.0
2019-08-30,0.267,62.0,0.2216,49.0,0.2509,45.0,,,0.2467,43.0,0.2201,24.0,0.1915,16.0,0.2511,28.0,,,0.2878,60.0
2019-08-29,0.2726,63.0,0.2177,47.0,0.2444,41.0,,,0.2504,45.0,0.2203,24.0,0.1912,16.0,0.2579,34.0,,,0.2914,63.0
2019-08-28,0.2335,52.0,0.2149,45.0,0.2755,59.0,,,0.2679,56.0,0.2179,22.0,0.1909,16.0,0.2637,37.0,,,0.2982,67.0
2019-08-27,0.2318,51.0,0.2052,40.0,0.2822,62.0,,,0.2765,61.0,0.2177,22.0,0.1908,16.0,0.2644,38.0,,,0.2947,65.0
2019-08-26,0.241,54.0,0.2055,40.0,0.2702,56.0,,,0.284,65.0,0.2174,22.0,0.1912,16.0,0.2584,34.0,,,0.3025,69.0
2019-08-23,0.2381,53.0,0.2021,38.0,0.2855,64.0,,,0.2869,66.0,0.2174,22.0,0.1909,16.0,0.2626,37.0,,,0.3037,70.0
2019-08-22,0.3233,75.0,0.1986,36.0,0.256,48.0,,,0.254,48.0,0.214,19.0,0.189,15.0,0.2571,33.0,,,0.2873,60.0
2019-08-21,0.374,83.0,0.255,64.0,0.2474,43.0,,,0.2419,40.0,0.2137,19.0,0.1881,14.0,0.2528,30.0,,,0.2803,55.0
2019-08-20,0.3708,82.0,0.2557,65.0,0.2613,51.0,,,0.2566,50.0,0.2132,19.0,0.1882,14.0,0.2568,33.0,,,0.2916,63.0
2019-08-19,0.3861,84.0,0.2636,68.0,0.2542,47.0,,,0.2519,46.0,0.2135,19.0,0.1881,14.0,0.2566,33.0,,,0.2862,59.0
2019-08-16,0.4055,86.0,0.2599,66.0,0.2697,55.0,,,0.2626,53.0,0.2134,19.0,0.1875,14.0,0.2643,38.0,,,0.2917,63.0
2019-08-15,0.3948,85.0,0.2669,69.0,0.2979,69.0,,,0.2776,62.0,0.2133,19.0,0.1876,14.0,0.2754,43.0,,,0.3023,69.0
2019-08-14,0.4111,87.0,0.2695,70.0,0.3432,81.0,,,0.3175,77.0,0.2132,19.0,0.1874,14.0,0.2801,46.0,,,0.2944,65.0
2019-08-13,0.3937,85.0,0.2796,73.0,0.2536,46.0,,,0.2751,60.0,0.2045,13.0,0.1858,13.0,0.2631,37.0,,,0.2815,56.0
2019-08-12,0.3369,77.0,0.2335,55.0,0.2732,57.0,,,0.3731,85.0,0.2006,10.0,0.1809,10.0,0.2553,32.0,,,0.2829,57.0
2019-08-09,0.3609,81.0,0.2802,73.0,0.2241,28.0,,,0.3058,73.0,0.2009,11.0,0.1809,10.0,0.2529,30.0,,,0.278,53.0
2019-08-08,0.3556,80.0,0.286,75.0,0.2248,28.0,,,0.3094,75.0,0.2013,11.0,0.1805,10.0,0.2433,23.0,,,0.2948,65.0
2019-08-07,0.2986,70.0,0.2952,77.0,0.2829,62.0,,,0.3435,81.0,0.1996,10.0,0.1803,9.0,0.2551,31.0,,,0.2996,68.0
2019-08-06,0.3012,70.0,0.2876,75.0,0.2864,64.0,,,0.3465,82.0,0.1995,10.0,0.1797,9.0,0.25,28.0,,,0.2888,61.0
2019-08-05,0.2424,55.0,0.2859,75.0,0.3191,76.0,,,0.3715,85.0,0.1981,9.0,0.1795,9.0,0.2561,32.0,,,0.2845,57.0
2019-08-02,0.1523,19.0,0.2577,65.0,0.2437,40.0,,,0.2965,70.0,0.1886,5.0,0.1772,8.0,0.2384,20.0,,,0.2656,41.0
2019-08-01,0.3392,78.0,0.2825,74.0,0.2388,37.0,,,0.2888,67.0,0.1876,5.0,0.1759,7.0,0.2359,18.0,,,0.2723,47.0
2019-07-31,0.2835,66.0,0.2737,71.0,0.2195,26.0,,,0.2566,50.0,0.1829,3.0,0.1722,6.0,0.228,12.0,,,0.2446,24.0
2019-07-30,0.2695,63.0,0.2617,67.0,0.2002,13.0,,,0.2498,45.0,0.1825,3.0,0.1712,5.0,0.2203,9.0,,,0.2618,38.0
2019-07-29,0.2586,60.0,0.2516,63.0,0.2046,16.0,,,0.2429,40.0,0.1828,3.0,0.1708,5.0,0.2186,8.0,,,0.2494,27.0
2019-07-26,0.2842,66.0,0.2663,69.0,0.1958,10.0,,,0.2294,31.0,0.1828,3.0,0.1716,5.0,0.219,8.0,,,0.2461,25.0
2019-07-25,0.3624,81.0,0.2867,75.0,0.1983,12.0,,,0.2355,35.0,0.199,10.0,0.1745,6.0,0.2192,8.0,,,0.2461,25.0
2019-07-24,0.3732,83.0,0.2879,75.0,0.1917,8.0,,,0.2261,28.0,0.2016,11.0,0.1741,6.0,0.2162,7.0,,,0.2574,34.0
2019-07-23,0.2484,57.0,0.2572,65.0,0.2048,16.0,,,0.2394,38.0,0.1942,7.0,0.1706,5.0,0.2234,10.0,,,0.2535,31.0
2019-07-22,0.289,67.0,0.2191,47.0,0.2824,62.0,,,0.3089,74.0,0.1942,7.0,0.1675,4.0,0.2356,17.0,,,0.2633,39.0
2019-07-19,0.2922,68.0,0.2164,46.0,0.2939,68.0,,,0.2986,71.0,0.1945,7.0,0.1679,4.0,0.2357,17.0,,,0.2625,38.0
2019-07-18,0.2894,67.0,0.2174,46.0,0.2847,63.0,,,0.3159,77.0,0.1957,8.0,0.168,4.0,0.2363,18.0,,,0.2692,45.0
2019-07-17,0.2768,64.0,0.1958,35.0,0.2942,68.0,,,0.3091,74.0,0.1977,9.0,0.1681,4.0,0.2358,18.0,,,0.275,50.0
2019-07-16,0.1541,19.0,0.158,15.0,0.275,59.0,,,0.2133,22.0,0.1932,7.0,0.1685,4.0,0.2349,17.0,,,0.273,48.0
2019-07-15,0.1476,18.0,0.159,16.0,0.2106,20.0,,,0.221,27.0,0.1925,7.0,0.168,4.0,0.2346,17.0,,,0.2761,51.0
2019-07-12,0.1347,14.0,0.1451,10.0,0.1825,5.0,,,0.1842,6.0,0.1923,7.0,0.1673,3.0,0.2295,13.0,,,0.2682,44.0
2019-07-11,0.0884,3.0,0.1408,9.0,0.185,5.0,,,0.1935,10.0,0.191,6.0,0.1685,4.0,0.2471,26.0,,,0.2672,43.0
2019-07-10,0.1042,5.0,0.1519,13.0,0.1976,11.0,,,0.1999,13.0,0.191,6.0,0.1691,4.0,0.2241,11.0,,,0.2613,37.0
2019-07-09,0.1418,16.0,0.1512,13.0,0.1975,11.0,,,0.1901,8.0,0.1912,6.0,0.1711,5.0,0.2273,12.0,,,0.2664,42.0
2019-07-08,0.1429,16.0,0.1578,15.0,0.1982,12.0,,,0.1922,9.0,0.1927,7.0,0.1731,6.0,0.2258,11.0,,,0.2637,39.0
2019-07-05,0.1455,17.0,0.164,18.0,0.1907,8.0,,,0.2009,14.0,0.193,7.0,0.1738,6.0,0.2238,11.0,,,0.2658,41.0
2019-07-03,0.1374,14.0,0.1494,12.0,0.1844,5.0,,,0.194,10.0,0.1926,7.0,0.1749,7.0,0.2221,10.0,,,0.2639,40.0
2019-07-02,0.137,14.0,0.1475,11.0,0.1816,4.0,,,0.1941,10.0,0.2015,11.0,0.1771,8.0,0.2209,9.0,,,0.2638,39.0
2019-07-01,0.137,14.0,0.1532,13.0,0.1901,8.0,,,0.1865,7.0,0.2037,13.0,0.1782,8.0,0.2246,11.0,,,0.2621,38.0
2019-06-28,0.1564,20.0,0.1396,8.0,0.1975,11.0,,,0.1982,12.0,0.2041,13.0,0.1801,9.0,0.2305,14.0,,,0.2704,46.0
2019-06-27,0.131,12.0,0.1331,6.0,0.2134,22.0,,,0.2103,19.0,0.2034,13.0,0.1801,9.0,0.2345,16.0,,,0.2703,46.0
2019-06-26,0.1991,36.0,0.1539,14.0,0.2147,22.0,,,0.2083,18.0,0.2036,13.0,0.1807,10.0,0.2334,16.0,,,0.2728,48.0
2019-06-25,0.2123,42.0,0.1527,13.0,0.215,23.0,,,0.2052,16.0,0.2045,13.0,0.184,12.0,0.2371,18.0,,,0.2739,49.0
2019-06-24,0.211,42.0,0.157,15.0,0.2022,14.0,,,0.2044,16.0,0.2161,21.0,0.1899,15.0,0.2324,15.0,,,0.2666,42.0
2019-06-21,0.2106,41.0,0.1527,13.0,0.1969,11.0,,,0.2006,14.0,0.219,23.0,0.1907,16.0,0.2382,19.0,,,0.2674,43.0
2019-06-20,0.1833,30.0,0.144,10.0,0.1735,3.0,,,0.1936,10.0,0.2186,23.0,0.1931,17.0,0.234,16.0,,,0.264,40.0
2019-06-19,0.1796,28.0,0.1544,14.0,0.2043,16.0,,,0.18,5.0,0.2182,23.0,0.1941,18.0,0.2426,22.0,,,0.2716,47.0
2019-06-18,0.18,28.0,0.155,14.0,0.207,17.0,,,0.2213,27.0,0.2212,25.0,0.1976,21.0,0.2407,21.0,,,0.2752,50.0
2019-06-17,0.0928,3.0,0.1373,7.0,0.219,26.0,,,0.2292,31.0,0.2188,23.0,0.1974,21.0,0.2436,23.0,,,0.2777,52.0
2019-06-14,0.0763,2.0,0.1397,8.0,0.2009,14.0,,,0.1909,9.0,0.2185,23.0,0.1991,22.0,0.2401,21.0,,,0.2712,46.0
2019-06-13,0.0829,2.0,0.15,12.0,0.1947,10.0,,,0.2135,22.0,0.2195,23.0,0.1992,22.0,0.2409,21.0,,,0.277,52.0
2019-06-12,0.2122,42.0,0.1818,26.0,0.2076,18.0,,,0.2105,19.0,0.2203,24.0,0.1994,22.0,0.242,22.0,,,0.2738,49.0
2019-06-11,0.2068,40.0,0.1861,28.0,0.2196,26.0,,,0.2183,25.0,0.2207,24.0,0.2005,23.0,0.2447,24.0,,,0.277,52.0
2019-06-10,0.3198,74.0,0.1862,28.0,0.2194,26.0,,,0.22,26.0,0.2204,24.0,0.2009,23.0,0.2463,25.0,,,0.2752,50.0
2019-06-07,0.3184,74.0,0.1843,27.0,0.2057,17.0,,,0.2043,16.0,0.2206,24.0,0.2022,23.0,0.2433,23.0,,,0.2761,51.0
2019-06-06,0.3183,74.0,0.1867,28.0,0.211,20.0,,,0.2174,24.0,0.224,27.0,0.2044,25.0,0.2434,23.0,,,0.2811,55.0
2019-06-05,0.3254,76.0,0.1882,30.0,0.2306,33.0,,,0.2365,36.0,0.2247,27.0,0.2074,26.0,0.2467,25.0,,,0.2814,56.0
2019-06-04,0.3253,76.0,0.1743,22.0,0.2291,32.0,,,0.2382,37.0,0.2289,30.0,0.2087,27.0,0.2475,26.0,,,0.2852,59.0
2019-06-03,0.2504,57.0,0.152,13.0,0.2533,46.0,,,0.2536,47.0,0.2252,28.0,0.2097,28.0,0.2503,28.0,,,0.2877,60.0
2019-05-31,0.2754,64.0,0.1744,22.0,0.2481,43.0,,,0.2508,45.0,0.2259,28.0,0.2099,28.0,0.2469,26.0,,,0.2848,57.0
2019-05-30,0.2406,54.0,0.1696,20.0,0.2154,23.0,,,0.2184,25.0,0.2213,25.0,0.2097,28.0,0.2297,13.0,,,0.2645,40.0
2019-05-29,0.2315,51.0,0.1885,30.0,0.2268,30.0,,,0.2222,27.0,0.2234,27.0,0.2114,28.0,0.2319,15.0,,,0.2636,39.0
2019-05-28,0.2227,47.0,0.1874,28.0,0.231,33.0,,,0.2276,30.0,0.2233,26.0,0.2111,28.0,0.235,17.0,,,0.2619,38.0
2019-05-24,0.2424,55.0,0.1829,27.0,0.2143,22.0,,,0.2131,21.0,0.2234,27.0,0.211,28.0,0.2273,12.0,,,0.2623,38.0
2019-05-23,0.241,54.0,0.2006,37.0,0.2267,30.0,,,0.2326,33.0,0.2232,26.0,0.2119,30.0,0.2301,14.0,,,0.2638,39.0
2019-05-22,0.2451,56.0,0.204,39.0,0.2164,24.0,,,0.2126,21.0,0.2221,25.0,0.212,30.0,0.2273,12.0,,,0.2538,31.0
2019-05-21,0.2159,44.0,0.1898,31.0,0.2042,16.0,,,0.205,16.0,0.2198,23.0,0.2118,30.0,0.22,9.0,,,0.2507,28.0
2019-05-20,0.2085,40.0,0.2077,41.0,0.2261,30.0,,,0.2201,26.0,0.2195,23.0,0.2121,30.0,0.2237,11.0,,,0.256,33.0
2019-05-17,0.2086,41.0,0.2066,41.0,0.2197,26.0,,,0.2135,22.0,0.2195,23.0,0.2116,28.0,0.2241,11.0,,,0.2492,27.0
2019-05-16,0.1954,35.0,0.2027,38.0,0.2115,20.0,,,0.2128,21.0,0.2197,23.0,0.2131,31.0,0.2201,9.0,,,0.2507,28.0
2019-05-15,0.1974,35.0,0.2044,39.0,0.2206,26.0,,,0.1974,12.0,0.2201,24.0,0.2137,31.0,0.2259,11.0,,,0.2518,28.0
2019-05-14,0.2503,57.0,0.2011,38.0,0.2374,36.0,,,0.2172,24.0,0.2202,24.0,0.2136,31.0,0.2299,13.0,,,0.2512,28.0
2019-05-13,0.2542,57.0,0.1938,33.0,0.2756,59.0,,,0.269,57.0,0.2192,23.0,0.2134,31.0,0.2379,19.0,,,0.253,30.0
2019-05-10,0.2258,49.0,0.1919,32.0,0.1687,2.0,,,0.2668,56.0,0.2199,24.0,0.2143,32.0,0.2106,5.0,,,0.2549,32.0
2019-05-09,0.219,45.0,0.1785,24.0,0.2124,21.0,,,0.2916,68.0,0.2198,23.0,0.2136,31.0,0.2169,7.0,,,0.2486,27.0
2019-05-08,0.2231,47.0,0.2221,49.0,0.2108,20.0,,,0.2811,63.0,0.2201,24.0,0.2139,31.0,0.2302,14.0,,,0.2527,30.0
2019-05-07,0.23,50.0,0.2188,47.0,0.2205,26.0,,,0.292,68.0,0.2209,24.0,0.2143,32.0,0.2141,6.0,,,0.2546,32.0
2019-05-06,0.2453,56.0,0.2167,46.0,0.1967,11.0,,,0.2693,57.0,0.2205,24.0,0.2144,32.0,0.2094,4.0,,,0.2345,19.0
2019-05-03,0.2078,40.0,0.2056,40.0,0.1833,5.0,,,0.2274,30.0,0.2176,22.0,0.2155,32.0,0.2159,7.0,,,0.2364,20.0
2019-05-02,0.1757,27.0,0.2045,39.0,0.1952,10.0,,,0.2503,45.0,0.2211,25.0,0.2171,33.0,0.2106,5.0,,,0.2312,18.0
2019-05-01,0.1682,24.0,0.2043,39.0,0.1969,11.0,,,0.2365,36.0,0.221,25.0,0.2172,33.0,0.2127,5.0,,,0.2443,24.0
2019-04-30,0.1534,19.0,0.201,37.0,0.2036,15.0,,,0.2359,36.0,0.2206,24.0,0.2183,33.0,0.2069,4.0,,,0.2522,28.0
2019-04-29,0.153,19.0,0.1278,4.0,0.3067,73.0,,,0.3402,81.0,0.2208,24.0,0.218,33.0,0.2136,6.0,,,0.2556,32.0
2019-04-26,0.1514,19.0,0.1357,7.0,0.276,59.0,,,0.3092,74.0,0.2208,24.0,0.2202,35.0,0.2062,3.0,,,0.2545,32.0
2019-04-25,0.1653,23.0,0.1524,13.0,0.2777,60.0,,,0.3077,74.0,0.2204,24.0,0.2211,35.0,0.211,5.0,,,0.2517,28.0
2019-04-24,0.1086,6.0,0.1499,12.0,0.2629,52.0,,,0.2885,67.0,0.228,30.0,0.2246,37.0,0.2031,2.0,,,0.2409,22.0
2019-04-23,0.1221,10.0,0.1488,12.0,0.26,50.0,,,0.2853,65.0,0.241,38.0,0.2334,47.0,0.1993,2.0,,,0.244,23.0
2019-04-22,0.1353,14.0,0.1499,12.0,0.255,47.0,,,0.2829,64.0,0.241,38.0,0.2335,47.0,0.2009,2.0,,,0.245,24.0
2019-04-18,0.1193,9.0,0.1413,9.0,0.2374,36.0,,,0.2601,52.0,0.2409,38.0,0.2335,47.0,0.1986,2.0,,,0.2436,23.0
2019-04-17,0.1467,17.0,0.143,10.0,0.2374,36.0,,,0.267,56.0,0.2434,40.0,0.2352,49.0,0.2029,2.0,,,0.2429,23.0
2019-04-16,0.1397,15.0,0.1351,7.0,0.2281,31.0,,,0.259,51.0,0.2451,41.0,0.2361,50.0,0.2013,2.0,,,0.2415,22.0
2019-04-15,0.1217,10.0,0.1107,1.0,0.2426,40.0,,,0.2072,18.0,0.2449,41.0,0.236,50.0,0.2024,2.0,,,0.2448,24.0
2019-04-12,0.1234,10.0,0.1287,5.0,0.2311,33.0,,,0.1892,8.0,0.2449,41.0,0.2362,50.0,0.2038,3.0,,,0.2442,23.0
2019-04-11,0.1172,8.0,0.129,5.0,0.1869,6.0,,,0.1795,5.0,0.2451,41.0,0.2386,52.0,0.2044,3.0,,,0.2512,28.0
2019-04-10,0.1081,6.0,0.1238,3.0,0.1949,10.0,,,0.1898,8.0,0.2457,41.0,0.2401,53.0,0.2111,5.0,,,0.2513,28.0
2019-04-09,0.1334,13.0,0.1267,4.0,0.1947,10.0,,,0.2006,14.0,0.252,44.0,0.2424,55.0,0.2117,5.0,,,0.2542,31.0
2019-04-08,0.1219,10.0,0.1286,5.0,0.193,9.0,,,0.1948,10.0,0.2546,47.0,0.2436,55.0,0.2115,5.0,,,0.2541,31.0
2019-04-05,0.124,10.0,0.1387,8.0,0.1768,3.0,,,0.185,7.0,0.2546,47.0,0.2437,56.0,0.21,4.0,,,0.2543,31.0
2019-04-04,0.1241,10.0,0.14,8.0,0.1953,10.0,,,0.1884,8.0,0.2577,49.0,0.2454,57.0,0.2116,5.0,,,0.2529,30.0
2019-04-03,0.1155,8.0,0.1304,5.0,0.2001,13.0,,,0.1916,9.0,0.2574,49.0,0.2452,57.0,0.2147,6.0,,,0.2531,30.0
2019-04-02,0.1146,7.0,0.1269,4.0,0.1954,10.0,,,0.1941,10.0,0.2577,49.0,0.2453,57.0,0.2205,9.0,,,0.2545,32.0
2019-04-01,0.1526,19.0,0.1352,7.0,0.1963,11.0,,,0.1962,11.0,0.2576,49.0,0.2454,57.0,0.2125,5.0,,,0.2534,30.0
2019-03-29,0.1369,14.0,0.1374,7.0,0.1845,5.0,,,0.1908,9.0,0.2575,49.0,0.2455,57.0,0.211,5.0,,,0.2542,31.0
2019-03-28,0.1412,16.0,0.1391,8.0,0.2008,13.0,,,0.1938,10.0,0.2582,50.0,0.2456,57.0,0.213,6.0,,,0.2523,28.0
2019-03-27,0.1362,14.0,0.1393,8.0,0.2016,14.0,,,0.2018,14.0,0.2581,49.0,0.2454,57.0,0.2114,5.0,,,0.2551,32.0
2019-03-26,0.1507,18.0,0.1442,10.0,0.2089,19.0,,,0.2094,19.0,0.2581,49.0,0.2456,57.0,0.2168,7.0,,,0.2589,35.0
2019-03-25,0.1647,23.0,0.1502,12.0,0.2128,21.0,,,0.2148,23.0,0.2592,51.0,0.2459,57.0,0.2151,7.0,,,0.2599,36.0
2019-03-22,0.1557,20.0,0.149,12.0,0.2126,21.0,,,0.208,18.0,0.2616,53.0,0.2468,57.0,0.2199,9.0,,,0.2559,33.0
2019-03-21,0.1339,13.0,0.14,8.0,0.1947,10.0,,,0.1947,10.0,0.2605,52.0,0.2465,57.0,0.2116,5.0,,,0.253,30.0
2019-03-20,0.1262,11.0,0.1315,5.0,0.2031,15.0,,,0.1951,11.0,0.2613,53.0,0.2465,57.0,0.2146,6.0,,,0.2536,31.0
2019-03-19,0.1436,16.0,0.1331,6.0,0.1976,11.0,,,0.2091,19.0,0.2612,53.0,0.2464,57.0,0.215,6.0,,,0.2591,35.0
2019-03-18,0.1369,14.0,0.1341,6.0,0.1891,7.0,,,0.1891,8.0,0.2613,53.0,0.2467,57.0,0.2114,5.0,,,0.2516,28.0
2019-03-15,0.1251,11.0,0.1424,9.0,0.1929,9.0,,,0.1918,9.0,0.2609,52.0,0.247,57.0,0.2173,7.0,,,0.2566,33.0
2019-03-14,0.1098,6.0,0.1301,5.0,0.1959,11.0,,,0.1949,10.0,0.2605,52.0,0.2466,57.0,0.2186,8.0,,,0.257,34.0
2019-03-13,0.1035,5.0,0.1331,6.0,0.1976,11.0,,,0.1921,9.0,0.2604,52.0,0.2467,57.0,0.2163,7.0,,,0.2573,34.0
2019-03-12,0.1049,6.0,0.1576,15.0,0.2041,15.0,,,0.2076,18.0,0.2605,52.0,0.2472,59.0,0.2147,6.0,,,0.2612,37.0
2019-03-11,0.1052,6.0,0.1716,21.0,0.2035,15.0,,,0.2108,20.0,0.2612,53.0,0.2476,59.0,0.2206,9.0,,,0.2634,39.0
2019-03-08,0.0815,2.0,0.1701,20.0,0.2056,16.0,,,0.1987,12.0,0.2614,53.0,0.2479,59.0,0.2194,8.0,,,0.261,37.0
2019-03-07,0.0946,4.0,0.1693,20.0,0.2107,20.0,,,0.2123,21.0,0.2614,53.0,0.2478,59.0,0.2188,8.0,,,0.2632,39.0
2019-03-06,0.0944,4.0,0.1617,17.0,0.2155,23.0,,,0.2055,17.0,0.2618,54.0,0.2477,59.0,0.2197,9.0,,,0.2559,33.0
2019-03-05,0.0922,3.0,0.1649,18.0,0.2209,27.0,,,0.2037,15.0,0.2635,55.0,0.2489,60.0,0.2224,10.0,,,0.2556,32.0
2019-03-04,0.1185,9.0,0.1647,18.0,0.2118,21.0,,,0.219,25.0,0.2635,55.0,0.2489,60.0,0.219,8.0,,,0.2604,37.0
2019-03-01,0.1225,10.0,0.1416,9.0,0.1993,12.0,,,0.2027,15.0,0.2636,55.0,0.2481,59.0,0.219,8.0,,,0.256,33.0
2019-02-28,0.1511,19.0,0.1345,6.0,0.1981,12.0,,,0.2072,18.0,0.2639,56.0,0.2479,59.0,0.2138,6.0,,,0.2562,33.0
2019-02-27,0.1399,15.0,0.1322,6.0,0.2075,18.0,,,0.2063,17.0,0.2636,55.0,0.2478,59.0,0.2141,6.0,,,0.2553,32.0
2019-02-26,0.136,14.0,0.1346,7.0,0.2024,14.0,,,0.2005,13.0,0.2629,55.0,0.2475,59.0,0.2148,6.0,,,0.2539,31.0
2019-02-25,0.1536,19.0,0.1335,6.0,0.2066,17.0,,,0.2013,14.0,0.264,56.0,0.248,59.0,0.2205,9.0,,,0.2577,34.0
2019-02-22,0.1387,15.0,0.1333,6.0,0.1949,10.0,,,0.1939,10.0,0.2643,56.0,0.2483,59.0,0.2174,7.0,,,0.2573,34.0
2019-02-21,0.1641,23.0,0.1406,9.0,0.2,13.0,,,0.2015,14.0,0.2652,57.0,0.2487,60.0,0.2179,8.0,,,0.2572,34.0
2019-02-20,0.1771,28.0,0.1421,9.0,0.1931,9.0,,,0.1986,12.0,0.2652,57.0,0.2486,60.0,0.2147,6.0,,,0.2553,32.0
2019-02-19,0.1773,28.0,0.1421,9.0,0.2013,14.0,,,0.2066,17.0,0.2648,57.0,0.2485,60.0,0.2188,8.0,,,0.2568,33.0
2019-02-15,0.1753,27.0,0.1446,10.0,0.1981,12.0,,,0.1959,11.0,0.2657,57.0,0.2487,60.0,0.2181,8.0,,,0.2556,32.0
2019-02-14,0.1556,20.0,0.1507,12.0,0.209,19.0,,,0.2025,15.0,0.2663,57.0,0.2493,60.0,0.2221,10.0,,,0.2601,36.0
2019-02-13,0.1318,13.0,0.1511,13.0,0.1981,12.0,,,0.1997,13.0,0.2671,59.0,0.2494,60.0,0.2247,11.0,,,0.2592,36.0
2019-02-12,0.1278,11.0,0.1557,14.0,0.2049,16.0,,,0.1961,11.0,0.2669,59.0,0.2498,60.0,0.2272,12.0,,,0.2679,44.0
2019-02-11,0.0822,2.0,0.1559,14.0,0.2286,31.0,,,0.2244,28.0,0.2659,57.0,0.2498,60.0,0.2247,11.0,,,0.2427,23.0
2019-02-08,0.0996,5.0,0.1676,19.0,0.1917,8.0,,,0.256,49.0,0.2662,57.0,0.25,61.0,0.2138,6.0,,,0.2391,21.0
2019-02-07,0.1021,5.0,0.1804,25.0,0.1722,2.0,,,0.2586,51.0,0.2668,59.0,0.2501,61.0,0.2208,9.0,,,0.2423,23.0
2019-02-06,0.3409,78.0,0.2253,51.0,0.1882,7.0,,,0.2486,44.0,0.2667,59.0,0.2501,61.0,0.2193,8.0,,,0.241,22.0
2019-02-05,0.3902,85.0,0.2174,46.0,0.1823,5.0,,,0.2605,52.0,0.2672,59.0,0.2497,60.0,0.2204,9.0,,,0.267,43.0
2019-02-04,0.3929,85.0,0.2174,46.0,0.1927,9.0,,,0.2684,57.0,0.2672,59.0,0.2514,62.0,0.2248,11.0,,,0.248,26.0
2019-02-01,0.3936,85.0,0.2154,45.0,0.2024,14.0,,,0.2536,47.0,0.2674,60.0,0.2516,62.0,0.2254,11.0,,,0.2525,28.0
2019-01-31,0.3909,85.0,0.2198,47.0,0.1994,12.0,,,0.249,44.0,0.2682,60.0,0.2518,62.0,0.2239,11.0,,,0.2701,45.0
2019-01-30,0.4116,87.0,0.2161,46.0,0.2103,20.0,,,0.265,55.0,0.2682,60.0,0.2516,62.0,0.2202,9.0,,,0.2686,44.0
2019-01-29,0.4298,88.0,0.2221,49.0,0.2139,22.0,,,0.2663,55.0,0.271,62.0,0.2522,62.0,0.2248,11.0,,,0.2535,31.0
2019-01-28,0.2949,69.0,0.2132,44.0,0.3409,80.0,,,0.3832,86.0,0.2593,51.0,0.2501,61.0,0.2318,15.0,,,0.2779,53.0
2019-01-25,0.2356,52.0,0.2146,45.0,0.3046,72.0,,,0.3466,82.0,0.2584,50.0,0.251,61.0,0.2319,15.0,,,0.282,56.0
2019-01-24,0.2427,55.0,0.2161,46.0,0.3131,74.0,,,0.3535,83.0,0.2579,49.0,0.2509,61.0,0.2345,16.0,,,0.2598,36.0
2019-01-23,0.2439,55.0,0.2328,55.0,0.3213,77.0,,,0.3562,83.0,0.2594,51.0,0.2517,62.0,0.2384,20.0,,,0.2625,38.0
2019-01-22,0.2291,50.0,0.2334,55.0,0.3044,72.0,,,0.3536,83.0,0.26,52.0,0.2528,63.0,0.2354,17.0,,,0.2702,46.0
2019-01-18,0.1718,26.0,0.2574,65.0,0.2597,50.0,,,0.3094,75.0,0.2592,51.0,0.258,66.0,0.2308,14.0,,,0.2824,56.0
2019-01-17,0.1881,32.0,0.262,67.0,0.2796,61.0,,,0.234,34.0,0.2565,48.0,0.2573,65.0,0.2495,28.0,,,0.2888,61.0
2019-01-16,0.1547,20.0,0.2384,57.0,0.2595,50.0,,,0.2489,44.0,0.2552,47.0,0.2555,64.0,0.24,21.0,,,0.2682,44.0
2019-01-15,0.1507,18.0,0.2594,66.0,0.2707,56.0,,,0.2856,66.0,0.2549,47.0,0.2556,64.0,0.2432,23.0,,,0.2937,64.0
2019-01-14,0.2821,66.0,0.284,74.0,0.2765,59.0,,,0.2826,64.0,0.2548,47.0,0.2568,65.0,0.2468,26.0,,,0.2738,49.0
2019-01-11,0.3406,78.0,0.2812,74.0,0.2484,43.0,,,0.2617,52.0,0.2549,47.0,0.2561,65.0,0.2451,24.0,,,0.2824,56.0
2019-01-10,0.3447,78.0,0.3014,78.0,0.2799,61.0,,,0.2737,60.0,0.2556,48.0,0.2559,65.0,0.2508,28.0,,,0.2894,62.0
2019-01-09,0.3441,78.0,0.2804,73.0,0.2916,67.0,,,0.2992,71.0,0.2583,50.0,0.2555,64.0,0.26,35.0,,,0.298,67.0
2019-01-08,0.3274,76.0,0.2691,70.0,0.2837,63.0,,,0.2942,69.0,0.2576,49.0,0.2544,64.0,0.25,28.0,,,0.3007,68.0
2019-01-07,0.3349,77.0,0.3028,79.0,0.3237,77.0,,,0.3092,74.0,0.2592,51.0,0.2542,63.0,0.2569,33.0,,,0.2909,62.0
2019-01-04,0.4221,87.0,0.3446,85.0,0.3011,71.0,,,0.3019,72.0,0.2597,51.0,0.253,63.0,0.2464,25.0,,,0.2954,65.0
2019-01-03,0.412,87.0,0.3323,83.0,0.3444,81.0,,,0.35,82.0,0.2531,45.0,0.2516,62.0,0.2728,41.0,,,0.2987,67.0
2019-01-02,0.3796,83.0,0.3489,85.0,0.3257,77.0,,,0.3211,78.0,0.251,44.0,0.2511,62.0,0.2721,41.0,,,0.3224,78.0
2018-12-31,0.378,83.0,0.3352,84.0,0.3364,80.0,,,0.3358,80.0,0.2508,44.0,0.2493,60.0,0.2671,39.0,,,0.3238,78.0
2018-12-28,0.4172,87.0,0.3674,88.0,0.3438,81.0,,,0.341,81.0,0.2517,44.0,0.2499,60.0,0.273,42.0,,,0.3226,78.0
2018-12-27,0.4129,87.0,0.3688,88.0,0.3481,81.0,,,0.3313,80.0,0.2528,45.0,0.2497,60.0,0.27,40.0,,,0.298,67.0
2018-12-26,0.4057,86.0,0.3553,86.0,0.374,85.0,,,0.3782,86.0,0.2516,44.0,0.2475,59.0,0.2793,45.0,,,0.3125,74.0
2018-12-24,0.191,33.0,0.2983,78.0,0.3754,85.0,,,0.3564,83.0,0.2406,38.0,0.2432,55.0,0.283,47.0,,,0.321,77.0
2018-12-21,0.2144,43.0,0.2889,76.0,0.3404,80.0,,,0.3336,80.0,0.2386,37.0,0.2431,55.0,0.2769,44.0,,,0.3245,79.0
2018-12-20,0.226,49.0,0.2691,70.0,0.3187,76.0,,,0.3223,78.0,0.2383,37.0,0.2409,53.0,0.2693,40.0,,,0.3218,78.0
2018-12-19,0.2172,45.0,0.2669,69.0,0.3645,84.0,,,0.3256,78.0,0.2379,37.0,0.241,54.0,0.2728,41.0,,,0.3216,78.0
2018-12-18,0.1619,22.0,0.2374,57.0,0.3655,84.0,,,0.3281,79.0,0.2361,36.0,0.2382,51.0,0.2406,21.0,,,0.2954,65.0
2018-12-17,0.2356,52.0,0.2622,67.0,0.356,82.0,,,0.3415,81.0,0.2371,36.0,0.2381,51.0,0.2668,39.0,,,0.2934,64.0
2018-12-14,0.2419,55.0,0.2808,74.0,0.3001,70.0,,,0.2884,67.0,0.2369,36.0,0.2365,50.0,0.2645,38.0,,,0.3001,68.0
2018-12-13,0.2902,68.0,0.3021,78.0,0.2868,64.0,,,0.2943,69.0,0.2369,36.0,0.2364,50.0,0.2598,35.0,,,0.3146,75.0
2018-12-12,0.2635,61.0,0.3279,83.0,0.3136,75.0,,,0.3065,74.0,0.2359,36.0,0.2365,50.0,0.2635,37.0,,,0.2929,64.0
2018-12-11,0.278,65.0,0.3211,82.0,0.3258,78.0,,,0.3217,78.0,0.2355,35.0,0.2367,50.0,0.2556,32.0,,,0.2798,55.0
2018-12-10,0.2638,61.0,0.3142,81.0,0.346,81.0,,,0.3373,80.0,0.2354,35.0,0.2363,50.0,0.2579,34.0,,,0.307,72.0
2018-12-07,0.3193,74.0,0.3186,82.0,0.3347,79.0,,,0.3317,80.0,0.2364,36.0,0.2356,49.0,0.2574,33.0,,,0.3037,70.0
2018-12-06,0.2962,69.0,0.2895,76.0,0.3073,73.0,,,0.3239,78.0,0.2338,34.0,0.2335,47.0,0.2524,30.0,,,0.293,64.0
2018-12-04,0.3037,71.0,0.249,62.0,0.2884,65.0,,,0.3006,72.0,0.2333,34.0,0.2306,44.0,0.2561,32.0,,,0.3044,70.0
2018-12-03,0.2323,51.0,0.2326,54.0,0.2708,56.0,,,0.2679,56.0,0.2297,31.0,0.2289,42.0,0.2746,42.0,,,0.2928,63.0
2018-11-30,0.1826,30.0,0.2019,38.0,0.2717,57.0,,,0.2803,63.0,0.2285,30.0,0.2269,39.0,0.2768,44.0,,,0.3041,70.0
2018-11-29,0.2258,49.0,0.2103,43.0,0.2827,62.0,,,0.2818,64.0,0.2288,30.0,0.227,40.0,0.2803,46.0,,,0.2974,67.0
2018-11-28,0.2124,42.0,0.2168,46.0,0.2833,63.0,,,0.2816,64.0,0.2302,32.0,0.2273,40.0,0.2742,42.0,,,0.3025,69.0
2018-11-27,0.1577,21.0,0.1928,33.0,0.3019,71.0,,,0.2965,70.0,0.2278,30.0,0.2259,38.0,0.2811,46.0,,,0.3011,68.0
2018-11-26,0.1791,28.0,0.2231,50.0,0.3047,72.0,,,0.2975,71.0,0.2284,30.0,0.2258,38.0,0.2839,47.0,,,0.3045,71.0
2018-11-23,0.1869,32.0,0.2317,54.0,0.314,75.0,,,0.2934,69.0,0.2324,33.0,0.2273,40.0,0.2895,50.0,,,0.3061,71.0
2018-11-21,0.1891,32.0,0.2305,53.0,0.2972,69.0,,,0.2853,65.0,0.2331,34.0,0.2268,39.0,0.2735,42.0,,,0.299,67.0
2018-11-20,0.1851,31.0,0.228,52.0,0.3116,74.0,,,0.3091,74.0,0.2339,34.0,0.227,40.0,0.2829,47.0,,,0.3004,68.0
2018-11-19,0.2187,45.0,0.2341,55.0,0.2898,66.0,,,0.2884,67.0,0.2328,33.0,0.2265,39.0,0.2715,41.0,,,0.2928,63.0
2018-11-16,0.2147,43.0,0.2323,54.0,0.279,60.0,,,0.2777,62.0,0.2327,33.0,0.2262,39.0,0.2672,39.0,,,0.2883,61.0
2018-11-15,0.2181,45.0,0.245,60.0,0.2894,66.0,,,0.2639,54.0,0.2331,34.0,0.2262,39.0,0.2753,43.0,,,0.2895,62.0
2018-11-14,0.2195,46.0,0.2245,50.0,0.2941,68.0,,,0.2934,69.0,0.2321,33.0,0.2248,37.0,0.2772,44.0,,,0.2922,63.0
2018-11-13,0.2072,40.0,0.2184,47.0,0.3095,74.0,,,0.2973,71.0,0.2323,33.0,0.2247,37.0,0.2689,40.0,,,0.2907,62.0
2018-11-12,0.2228,47.0,0.2349,56.0,0.3206,76.0,,,0.3217,78.0,0.2326,33.0,0.2243,37.0,0.2721,41.0,,,0.2881,61.0
2018-11-09,0.3043,71.0,0.2562,65.0,0.2873,65.0,,,0.2851,65.0,0.2328,33.0,0.2244,37.0,0.2616,36.0,,,0.2734,48.0
2018-11-08,0.2286,50.0,0.2426,59.0,0.2428,40.0,,,0.3105,75.0,0.2302,32.0,0.2233,36.0,0.2511,28.0,,,0.2664,42.0
2018-11-07,0.2265,49.0,0.2603,67.0,0.2413,39.0,,,0.3227,78.0,0.2303,32.0,0.2231,36.0,0.2465,25.0,,,0.2923,63.0
2018-11-06,0.2265,49.0,0.2836,74.0,0.2807,61.0,,,0.3566,83.0,0.23,31.0,0.222,35.0,0.2552,32.0,,,0.2801,55.0
2018-11-05,0.2291,50.0,0.3054,79.0,0.3073,73.0,,,0.3767,85.0,0.2288,30.0,0.222,35.0,0.2591,34.0,,,0.2897,62.0
2018-11-02,0.2266,49.0,0.314,81.0,0.2997,70.0,,,0.354,83.0,0.2289,30.0,0.2217,35.0,0.2646,38.0,,,0.2826,57.0
2018-11-01,0.3719,82.0,0.3361,84.0,0.2826,62.0,,,0.337,80.0,0.2281,30.0,0.2204,35.0,0.2576,33.0,,,0.279,54.0
2018-10-31,0.4415,89.0,0.4147,92.0,0.3074,73.0,,,0.3589,83.0,0.2229,26.0,0.2189,34.0,0.2707,40.0,,,0.2869,60.0
2018-10-30,0.4275,88.0,0.4154,92.0,0.3375,80.0,,,0.3701,85.0,0.2226,26.0,0.2187,34.0,0.2759,43.0,,,0.2898,62.0
2018-10-29,0.4064,86.0,0.4034,91.0,0.3416,80.0,,,0.382,86.0,0.2236,27.0,0.2194,34.0,0.2769,44.0,,,0.2938,64.0
2018-10-26,0.384,84.0,0.3932,90.0,0.3224,77.0,,,0.3687,84.0,0.2234,27.0,0.2191,34.0,0.2814,46.0,,,0.2861,59.0
2018-10-25,0.3647,81.0,0.384,89.0,0.3,70.0,,,0.3505,82.0,0.2255,28.0,0.2188,34.0,0.2691,40.0,,,0.2837,57.0
2018-10-24,0.3911,85.0,0.3795,89.0,0.3128,74.0,,,0.3524,82.0,0.2254,28.0,0.2189,34.0,0.2711,41.0,,,0.2843,57.0
2018-10-23,0.3536,80.0,0.3426,84.0,0.2936,67.0,,,0.3362,80.0,0.2175,22.0,0.2157,32.0,0.2599,35.0,,,0.2959,65.0
2018-10-22,0.208,40.0,0.2564,65.0,0.3403,80.0,,,0.3741,85.0,0.2044,13.0,0.2061,26.0,0.2631,37.0,,,0.2882,61.0
2018-10-19,0.2029,38.0,0.2775,73.0,0.3346,79.0,,,0.3632,84.0,0.2047,13.0,0.2067,26.0,0.2614,36.0,,,0.2784,53.0
2018-10-18,0.2639,61.0,0.3077,80.0,0.3326,79.0,,,0.2881,67.0,0.2047,13.0,0.2078,26.0,0.2626,37.0,,,0.2762,51.0
2018-10-17,0.2697,63.0,0.3031,79.0,0.2922,67.0,,,0.2754,61.0,0.2233,26.0,0.2291,42.0,0.2627,37.0,,,0.2737,49.0
2018-10-16,0.2828,66.0,0.2875,75.0,0.3079,73.0,,,0.2844,65.0,0.2218,25.0,0.2279,41.0,0.2586,34.0,,,0.272,47.0
2018-10-15,0.2364,53.0,0.3031,79.0,0.3054,72.0,,,0.2971,70.0,0.221,25.0,0.2277,40.0,0.2624,36.0,,,0.2743,49.0
2018-10-12,0.225,48.0,0.3057,79.0,0.2993,70.0,,,0.3049,73.0,0.2223,25.0,0.2284,41.0,0.2734,42.0,,,0.279,54.0
2018-10-11,0.2719,63.0,0.2726,71.0,0.3118,74.0,,,0.2975,71.0,0.2231,26.0,0.2264,39.0,0.2613,36.0,,,0.2709,46.0
2018-10-10,0.304,71.0,0.2453,61.0,0.2947,68.0,,,0.2815,63.0,0.2217,25.0,0.2245,37.0,0.259,34.0,,,0.265,41.0
2018-10-09,0.2652,62.0,0.2059,40.0,0.2564,48.0,,,0.2561,49.0,0.2181,22.0,0.2228,36.0,0.2465,25.0,,,0.2701,45.0
2018-10-08,0.2265,49.0,0.1822,27.0,0.2529,46.0,,,0.2427,40.0,0.215,20.0,0.2217,35.0,0.248,27.0,,,0.259,35.0
2018-10-05,0.2282,49.0,0.184,27.0,0.2389,37.0,,,0.2316,33.0,0.2163,21.0,0.2222,36.0,0.2483,27.0,,,0.2562,33.0
2018-10-04,0.1498,18.0,0.1461,11.0,0.2236,28.0,,,0.2192,25.0,0.2132,19.0,0.2205,35.0,0.2396,20.0,,,0.2495,27.0
2018-10-03,0.1802,28.0,0.1508,12.0,0.2153,23.0,,,0.2181,25.0,0.2181,22.0,0.221,35.0,0.2357,17.0,,,0.2459,25.0
2018-10-02,0.2243,48.0,0.1709,21.0,0.2206,26.0,,,0.2111,20.0,0.2185,23.0,0.2214,35.0,0.2356,17.0,,,0.2462,25.0
2018-10-01,0.2006,37.0,0.1679,19.0,0.2177,25.0,,,0.2215,27.0,0.2226,26.0,0.2243,37.0,0.2435,23.0,,,0.2467,25.0
2018-09-28,0.2143,43.0,0.1677,19.0,0.2181,25.0,,,0.2108,20.0,0.223,26.0,0.2248,37.0,0.2373,19.0,,,0.2474,26.0
2018-09-27,0.2154,44.0,0.164,18.0,0.2106,20.0,,,0.2093,19.0,0.2248,28.0,0.2284,41.0,0.2376,19.0,,,0.2473,26.0
2018-09-26,0.2207,46.0,0.1746,22.0,0.2174,25.0,,,0.2128,21.0,0.2265,28.0,0.2289,42.0,0.2351,17.0,,,0.2444,24.0
2018-09-25,0.2241,48.0,0.1818,26.0,0.2219,27.0,,,0.2239,28.0,0.2296,31.0,0.2312,45.0,0.2269,12.0,,,0.2596,36.0
2018-09-24,0.2062,39.0,0.1705,21.0,0.2203,26.0,,,0.2156,23.0,0.2312,32.0,0.2319,46.0,0.2362,18.0,,,0.2431,23.0
2018-09-21,0.0867,3.0,0.1464,11.0,0.203,15.0,,,0.2021,14.0,0.2283,30.0,0.2313,45.0,0.2287,13.0,,,0.2341,19.0
2018-09-20,0.0668,1.0,0.1595,16.0,0.1722,2.0,,,0.2004,13.0,0.2298,31.0,0.2326,46.0,0.2333,16.0,,,0.2347,19.0
2018-09-19,0.1168,8.0,0.1632,17.0,0.2002,13.0,,,0.1806,5.0,0.2333,34.0,0.2329,47.0,0.2319,15.0,,,0.2358,20.0
2018-09-18,0.1355,14.0,0.1755,23.0,0.2055,16.0,,,0.1959,11.0,0.2356,35.0,0.2348,48.0,0.2305,14.0,,,0.2365,20.0
2018-09-17,0.1395,15.0,0.1664,18.0,0.21,19.0,,,0.202,14.0,0.2419,39.0,0.2354,49.0,0.2364,18.0,,,0.2429,23.0
2018-09-14,0.1604,22.0,0.1638,18.0,0.1894,7.0,,,0.186,7.0,0.2421,39.0,0.2354,49.0,0.2384,20.0,,,0.2452,24.0
2018-09-13,0.2071,40.0,0.1916,32.0,0.1996,13.0,,,0.1906,9.0,0.2419,39.0,0.2354,49.0,0.2414,22.0,,,0.2413,22.0
2018-09-12,0.2087,41.0,0.1904,31.0,0.2127,21.0,,,0.2034,15.0,0.2443,40.0,0.2357,49.0,0.2402,21.0,,,0.2424,23.0
2018-09-11,0.2085,40.0,0.1812,26.0,0.2155,23.0,,,0.2084,18.0,0.2448,41.0,0.2357,49.0,0.2368,18.0,,,0.25,27.0
2018-09-10,0.1941,34.0,0.1792,25.0,0.2155,23.0,,,0.2051,16.0,0.2442,40.0,0.2354,49.0,0.2358,18.0,,,0.2472,26.0
2018-09-07,0.1791,28.0,0.1664,18.0,0.2075,18.0,,,0.2084,18.0,0.2445,40.0,0.2356,49.0,0.2386,20.0,,,0.2523,28.0
2018-09-06,0.1786,28.0,0.1617,17.0,0.2126,21.0,,,0.2073,18.0,0.2446,40.0,0.236,50.0,0.2391,20.0,,,0.2523,28.0
2018-09-05,0.1791,28.0,0.1694,20.0,0.2069,17.0,,,0.2094,19.0,0.2456,41.0,0.2366,50.0,0.2387,20.0,,,0.2527,30.0
2018-09-04,0.1453,17.0,0.1469,11.0,0.2173,24.0,,,0.2064,17.0,0.2443,40.0,0.2358,50.0,0.2344,16.0,,,0.25,27.0
2018-08-31,0.1916,33.0,0.1607,16.0,0.1964,11.0,,,0.1957,11.0,0.245,41.0,0.2362,50.0,0.2328,15.0,,,0.2458,24.0
2018-08-30,0.1864,31.0,0.1557,14.0,0.2007,13.0,,,0.2041,15.0,0.2453,41.0,0.2367,50.0,0.2314,14.0,,,0.2508,28.0
2018-08-29,0.1802,28.0,0.1534,13.0,0.1993,12.0,,,0.1952,11.0,0.2461,41.0,0.2368,51.0,0.2321,15.0,,,0.2468,25.0
2018-08-28,0.2021,37.0,0.1602,16.0,0.2033,15.0,,,0.1991,13.0,0.2484,43.0,0.2383,52.0,0.2343,16.0,,,0.2463,25.0
2018-08-27,0.2288,50.0,0.1845,28.0,0.2062,17.0,,,0.2005,13.0,0.2515,44.0,0.2405,53.0,0.2357,17.0,,,0.2484,26.0
2018-08-24,0.2292,50.0,0.1738,22.0,0.1993,12.0,,,0.2,13.0,0.2555,47.0,0.2418,54.0,0.2332,16.0,,,0.2478,26.0
2018-08-23,0.2329,52.0,0.1769,24.0,0.2062,17.0,,,0.2052,16.0,0.2549,47.0,0.2417,54.0,0.2348,17.0,,,0.2492,27.0
2018-08-22,0.184,31.0,0.1711,21.0,0.2086,19.0,,,0.2011,14.0,0.2539,46.0,0.2416,54.0,0.2378,19.0,,,0.2453,24.0
2018-08-21,0.1667,24.0,0.1809,26.0,0.2138,22.0,,,0.2047,16.0,0.2539,46.0,0.2418,54.0,0.2375,19.0,,,0.2468,25.0
2018-08-20,0.1976,36.0,0.1845,28.0,0.2162,24.0,,,0.2062,17.0,0.2546,47.0,0.2418,54.0,0.2398,20.0,,,0.2497,27.0
2018-08-17,0.2008,37.0,0.1833,27.0,0.2155,23.0,,,0.2113,20.0,0.2547,47.0,0.2419,54.0,0.2398,20.0,,,0.2532,30.0
2018-08-16,0.1913,33.0,0.1627,17.0,0.2181,25.0,,,0.2151,23.0,0.2527,45.0,0.2414,54.0,0.2345,16.0,,,0.255,32.0
2018-08-15,0.1578,21.0,0.2004,37.0,0.2053,16.0,,,0.2273,30.0,0.2514,44.0,0.2414,54.0,0.2341,16.0,,,0.2577,34.0
2018-08-14,0.1626,22.0,0.2016,38.0,0.2126,21.0,,,0.2084,18.0,0.2514,44.0,0.2412,54.0,0.2325,15.0,,,0.2534,30.0
2018-08-13,0.1766,28.0,0.2046,39.0,0.227,30.0,,,0.2244,28.0,0.2506,44.0,0.2417,54.0,0.2383,20.0,,,0.2515,28.0
2018-08-10,0.1804,28.0,0.2045,39.0,0.1723,2.0,,,0.2578,50.0,0.251,44.0,0.2424,55.0,0.2283,13.0,,,0.2539,31.0
2018-08-09,0.2341,52.0,0.2267,52.0,0.172,2.0,,,0.2466,43.0,0.2505,44.0,0.2424,55.0,0.2267,12.0,,,0.2455,24.0
2018-08-08,0.2488,57.0,0.2236,50.0,0.1904,8.0,,,0.2543,48.0,0.2514,44.0,0.2425,55.0,0.2295,13.0,,,0.2465,25.0
2018-08-07,0.2584,60.0,0.2418,59.0,0.199,12.0,,,0.2515,46.0,0.2511,44.0,0.2449,56.0,0.231,14.0,,,0.2444,24.0
2018-08-06,0.2667,62.0,0.2079,41.0,0.2125,21.0,,,0.2573,50.0,0.2536,46.0,0.2445,56.0,0.2329,15.0,,,0.2458,24.0
2018-08-03,0.2904,68.0,0.216,46.0,0.1949,10.0,,,0.246,42.0,0.2548,47.0,0.2451,57.0,0.2297,13.0,,,0.2607,37.0
2018-08-02,0.2825,66.0,0.2403,57.0,0.2122,21.0,,,0.2554,49.0,0.2541,46.0,0.2473,59.0,0.2368,18.0,,,0.2637,39.0
2018-08-01,0.273,64.0,0.3232,82.0,0.2118,21.0,,,0.2477,43.0,0.2625,54.0,0.2509,61.0,0.2382,19.0,,,0.2527,30.0
2018-07-31,0.1817,30.0,0.3083,80.0,0.2121,21.0,,,0.2488,44.0,0.2629,55.0,0.2506,61.0,0.2316,15.0,,,0.2531,30.0
2018-07-30,0.2063,39.0,0.307,80.0,0.2206,26.0,,,0.2561,49.0,0.2624,54.0,0.2507,61.0,0.2348,17.0,,,0.2486,27.0
2018-07-27,0.1581,21.0,0.295,77.0,0.2061,17.0,,,0.245,42.0,0.2623,54.0,0.2519,62.0,0.2278,12.0,,,0.2534,30.0
2018-07-26,0.1561,20.0,0.3155,81.0,0.2104,20.0,,,0.2471,43.0,0.2683,61.0,0.2575,65.0,0.2286,13.0,,,0.2581,35.0
2018-07-25,0.1278,11.0,0.307,80.0,0.2214,27.0,,,0.2606,52.0,0.2667,59.0,0.257,65.0,0.233,15.0,,,0.2571,34.0
2018-07-24,0.1398,15.0,0.2873,75.0,0.2299,32.0,,,0.2624,53.0,0.2674,60.0,0.2559,65.0,0.2373,19.0,,,0.261,37.0
2018-07-23,0.2191,46.0,0.209,42.0,0.2963,69.0,,,0.3237,78.0,0.2678,60.0,0.2508,61.0,0.2431,23.0,,,0.2693,45.0
2018-07-20,0.2216,47.0,0.2065,41.0,0.269,55.0,,,0.2914,68.0,0.2684,61.0,0.2506,61.0,0.2443,24.0,,,0.2582,35.0
2018-07-19,0.2583,60.0,0.2117,43.0,0.2792,60.0,,,0.3034,73.0,0.2681,60.0,0.2506,61.0,0.2445,24.0,,,0.2645,40.0
2018-07-18,0.2646,61.0,0.2091,42.0,0.2442,41.0,,,0.2452,42.0,0.2681,60.0,0.2504,61.0,0.2451,24.0,,,0.2661,42.0
2018-07-17,0.2734,64.0,0.1847,28.0,0.2425,39.0,,,0.2559,49.0,0.269,61.0,0.2491,60.0,0.2492,27.0,,,0.2631,39.0
2018-07-16,0.2714,63.0,0.1842,27.0,0.2464,42.0,,,0.2593,51.0,0.2685,61.0,0.249,60.0,0.2481,27.0,,,0.2774,52.0
2018-07-13,0.2387,53.0,0.1768,23.0,0.229,32.0,,,0.2265,30.0,0.2682,60.0,0.2488,60.0,0.2468,26.0,,,0.2704,46.0
2018-07-12,0.2292,50.0,0.1701,20.0,0.2235,28.0,,,0.2283,31.0,0.265,57.0,0.2479,59.0,0.2451,24.0,,,0.2748,50.0
2018-07-11,0.252,57.0,0.1754,23.0,0.2399,38.0,,,0.2328,34.0,0.2652,57.0,0.2479,59.0,0.2561,32.0,,,0.2792,54.0
2018-07-10,0.209,41.0,0.1793,25.0,0.2251,28.0,,,0.2324,33.0,0.2653,57.0,0.2482,59.0,0.2524,30.0,,,0.2827,57.0
2018-07-09,0.1976,36.0,0.1813,26.0,0.2361,36.0,,,0.2351,35.0,0.2649,57.0,0.2482,59.0,0.2568,33.0,,,0.2852,59.0
2018-07-06,0.1694,25.0,0.1878,30.0,0.223,28.0,,,0.2281,31.0,0.2638,56.0,0.2478,59.0,0.2554,32.0,,,0.2869,60.0
2018-07-05,0.1614,22.0,0.1819,26.0,0.2387,37.0,,,0.2448,41.0,0.2636,55.0,0.2474,59.0,0.2602,35.0,,,0.2889,61.0
2018-07-03,0.1343,13.0,0.202,38.0,0.2551,47.0,,,0.2515,46.0,0.2632,55.0,0.2475,59.0,0.2611,36.0,,,0.2923,63.0
2018-07-02,0.1395,15.0,0.1841,27.0,0.2446,41.0,,,0.2498,45.0,0.2633,55.0,0.2471,59.0,0.258,34.0,,,0.2942,64.0
2018-06-29,0.1308,12.0,0.1887,30.0,0.2443,41.0,,,0.2408,39.0,0.2629,55.0,0.2472,59.0,0.2556,32.0,,,0.2881,61.0
2018-06-28,0.1317,13.0,0.1791,25.0,0.2631,52.0,,,0.2477,43.0,0.266,57.0,0.247,57.0,0.2594,35.0,,,0.2854,59.0
2018-06-27,0.1395,15.0,0.178,24.0,0.2594,50.0,,,0.2565,49.0,0.2659,57.0,0.2467,57.0,0.2578,33.0,,,0.2884,61.0
2018-06-26,0.1396,15.0,0.166,18.0,0.2492,44.0,,,0.2443,41.0,0.2662,57.0,0.2462,57.0,0.2592,34.0,,,0.2886,61.0
2018-06-25,0.1456,17.0,0.1907,31.0,0.2548,47.0,,,0.2572,50.0,0.2662,57.0,0.2461,57.0,0.2547,31.0,,,0.2903,62.0
2018-06-22,0.1427,16.0,0.1766,23.0,0.2311,33.0,,,0.2279,30.0,0.2662,57.0,0.2452,57.0,0.2549,31.0,,,0.2847,57.0
2018-06-21,0.1254,11.0,0.1846,28.0,0.2471,42.0,,,0.2407,39.0,0.2658,57.0,0.2449,56.0,0.2549,31.0,,,0.2842,57.0
2018-06-20,0.113,7.0,0.1735,22.0,0.2302,32.0,,,0.2303,32.0,0.2649,57.0,0.2445,56.0,0.2528,30.0,,,0.2835,57.0
2018-06-19,0.1343,13.0,0.1739,22.0,0.2372,36.0,,,0.2319,33.0,0.2651,57.0,0.2445,56.0,0.2557,32.0,,,0.282,56.0
2018-06-18,0.134,13.0,0.1694,20.0,0.2249,28.0,,,0.2222,27.0,0.2646,57.0,0.2444,56.0,0.2442,24.0,,,0.2729,48.0
2018-06-15,0.1355,14.0,0.1699,20.0,0.2176,25.0,,,0.2178,24.0,0.2662,57.0,0.2446,56.0,0.2424,22.0,,,0.2711,46.0
2018-06-14,0.1787,28.0,0.1548,14.0,0.2184,25.0,,,0.2207,26.0,0.2661,57.0,0.2437,56.0,0.2468,26.0,,,0.2738,49.0
2018-06-13,0.2212,47.0,0.1584,15.0,0.2473,43.0,,,0.2106,20.0,0.2666,59.0,0.244,56.0,0.2478,26.0,,,0.2688,44.0
2018-06-12,0.1697,25.0,0.1489,12.0,0.2133,22.0,,,0.2091,19.0,0.2657,57.0,0.2438,56.0,0.244,23.0,,,0.2714,47.0
2018-06-11,0.1539,19.0,0.1475,11.0,0.2294,32.0,,,0.2103,19.0,0.2656,57.0,0.2438,56.0,0.2494,28.0,,,0.2713,47.0
2018-06-08,0.2855,67.0,0.1882,30.0,0.2082,18.0,,,0.2017,14.0,0.2655,57.0,0.2441,56.0,0.2491,27.0,,,0.2701,45.0
2018-06-07,0.2915,68.0,0.1939,33.0,0.2164,24.0,,,0.2165,24.0,0.2658,57.0,0.2441,56.0,0.2456,25.0,,,0.2702,46.0
2018-06-06,0.3124,73.0,0.203,39.0,0.2184,25.0,,,0.2172,24.0,0.2666,59.0,0.2447,56.0,0.2442,24.0,,,0.2666,42.0
2018-06-05,0.2992,70.0,0.1992,37.0,0.2335,34.0,,,0.2206,26.0,0.2655,57.0,0.2442,56.0,0.2494,28.0,,,0.2687,44.0
2018-06-04,0.2578,60.0,0.1943,34.0,0.2312,33.0,,,0.2422,40.0,0.2637,55.0,0.2444,56.0,0.2478,26.0,,,0.2758,51.0
2018-06-01,0.2555,59.0,0.1995,37.0,0.2317,33.0,,,0.2392,38.0,0.2641,56.0,0.2451,57.0,0.2484,27.0,,,0.2774,52.0
2018-05-31,0.2244,48.0,0.2027,38.0,0.2525,46.0,,,0.2543,48.0,0.2638,56.0,0.2461,57.0,0.253,30.0,,,0.2788,54.0
2018-05-30,0.1911,33.0,0.1797,25.0,0.2364,36.0,,,0.236,36.0,0.2613,53.0,0.2452,57.0,0.2465,25.0,,,0.2734,48.0
2018-05-29,0.1894,33.0,0.1814,26.0,0.2505,45.0,,,0.2423,40.0,0.261,53.0,0.2466,57.0,0.2496,28.0,,,0.2767,52.0
2018-05-25,0.1556,20.0,0.1778,24.0,0.2161,24.0,,,0.2195,25.0,0.2621,54.0,0.2467,57.0,0.2439,23.0,,,0.27,45.0
2018-05-24,0.1373,14.0,0.173,22.0,0.2272,30.0,,,0.2226,28.0,0.2618,54.0,0.2463,57.0,0.2464,25.0,,,0.2722,47.0
2018-05-23,0.137,14.0,0.1713,21.0,0.2366,36.0,,,0.2371,36.0,0.2625,54.0,0.2468,57.0,0.2468,26.0,,,0.2702,46.0
2018-05-22,0.1175,8.0,0.164,18.0,0.2389,37.0,,,0.2345,34.0,0.2621,54.0,0.2464,57.0,0.2451,24.0,,,0.2675,43.0
2018-05-21,0.1053,6.0,0.1692,20.0,0.2421,39.0,,,0.2365,36.0,0.2621,54.0,0.2462,57.0,0.2474,26.0,,,0.2651,41.0
2018-05-18,0.0954,4.0,0.1551,14.0,0.2278,31.0,,,0.2203,26.0,0.262,54.0,0.246,57.0,0.2462,25.0,,,0.271,46.0
2018-05-17,0.0799,2.0,0.1575,15.0,0.2096,19.0,,,0.202,14.0,0.269,61.0,0.2479,59.0,0.2498,28.0,,,0.2723,47.0
2018-05-16,0.0745,1.0,0.1493,12.0,0.2281,31.0,,,0.2155,23.0,0.2707,62.0,0.2481,59.0,0.2497,28.0,,,0.2724,47.0
2018-05-15,0.0955,4.0,0.149,12.0,0.2455,41.0,,,0.2493,45.0,0.2707,62.0,0.2485,60.0,0.2517,28.0,,,0.2762,51.0
2018-05-14,0.156,20.0,0.1977,36.0,0.2439,40.0,,,0.2422,40.0,0.271,62.0,0.2483,59.0,0.2526,30.0,,,0.2634,39.0
2018-05-11,0.1395,15.0,0.2404,59.0,0.2017,14.0,,,0.279,62.0,0.2707,62.0,0.2481,59.0,0.2506,28.0,,,0.2646,40.0
2018-05-10,0.211,42.0,0.2613,67.0,0.2168,24.0,,,0.2815,63.0,0.2707,62.0,0.2479,59.0,0.249,27.0,,,0.2804,55.0
2018-05-09,0.2087,41.0,0.2774,73.0,0.2279,31.0,,,0.292,68.0,0.2715,63.0,0.2482,59.0,0.2562,32.0,,,0.2788,54.0
2018-05-08,0.2212,47.0,0.2764,72.0,0.2329,34.0,,,0.293,69.0,0.2715,63.0,0.2478,59.0,0.2589,34.0,,,0.2684,44.0
2018-05-07,0.2202,46.0,0.2751,72.0,0.2263,30.0,,,0.2905,68.0,0.2714,63.0,0.2476,59.0,0.247,26.0,,,0.2711,46.0
2018-05-04,0.2143,43.0,0.287,75.0,0.2235,28.0,,,0.2711,57.0,0.2713,62.0,0.2476,59.0,0.2461,25.0,,,0.2749,50.0
2018-05-03,0.1609,22.0,0.273,71.0,0.2357,35.0,,,0.2865,66.0,0.2702,62.0,0.2459,57.0,0.2528,30.0,,,0.2718,47.0
2018-05-02,0.3824,84.0,0.483,95.0,0.2417,39.0,,,0.2839,65.0,0.2707,62.0,0.2444,56.0,0.2502,28.0,,,0.2724,47.0
2018-05-01,0.3945,85.0,0.4688,94.0,0.2328,34.0,,,0.2711,57.0,0.2693,61.0,0.2437,56.0,0.2488,27.0,,,0.285,59.0
2018-04-30,0.3898,85.0,0.4621,94.0,0.2352,35.0,,,0.2735,60.0,0.2706,62.0,0.2432,55.0,0.2481,27.0,,,0.2817,56.0
2018-04-27,0.3907,85.0,0.4658,94.0,0.2321,33.0,,,0.2475,43.0,0.2716,63.0,0.2432,55.0,0.2455,25.0,,,0.2764,51.0
2018-04-26,0.4222,87.0,0.4702,94.0,0.2404,38.0,,,0.2697,57.0,0.2715,63.0,0.2432,55.0,0.2514,28.0,,,0.2863,59.0
2018-04-25,0.4316,88.0,0.4626,94.0,0.251,45.0,,,0.2746,60.0,0.2739,64.0,0.2433,55.0,0.2507,28.0,,,0.2848,57.0
2018-04-24,0.4765,91.0,0.4573,94.0,0.2787,60.0,,,0.2912,68.0,0.2739,64.0,0.2425,55.0,0.2572,33.0,,,0.289,61.0
2018-04-23,0.2237,48.0,0.1811,26.0,0.2951,68.0,,,0.3155,76.0,0.2701,62.0,0.2297,43.0,0.2409,21.0,,,0.2731,48.0
2018-04-20,0.2401,54.0,0.1918,32.0,0.2882,65.0,,,0.3107,75.0,0.2701,62.0,0.2298,43.0,0.243,23.0,,,0.2733,48.0
2018-04-19,0.2487,57.0,0.1859,28.0,0.2388,37.0,,,0.3003,72.0,0.2709,62.0,0.2297,43.0,0.239,20.0,,,0.2749,50.0
2018-04-18,0.2503,57.0,0.1861,28.0,0.244,40.0,,,0.2539,48.0,0.2707,62.0,0.2295,43.0,0.2371,18.0,,,0.2666,42.0
2018-04-17,0.2793,65.0,0.1864,28.0,0.2438,40.0,,,0.2549,48.0,0.2697,62.0,0.2287,42.0,0.2445,24.0,,,0.275,50.0
2018-04-16,0.3628,81.0,0.2426,59.0,0.2582,49.0,,,0.2623,53.0,0.2697,62.0,0.2286,42.0,0.2449,24.0,,,0.2768,52.0
2018-04-13,0.3437,78.0,0.2424,59.0,0.248,43.0,,,0.2485,44.0,0.2674,60.0,0.2278,40.0,0.2601,35.0,,,0.2906,62.0
2018-04-12,0.3665,81.0,0.2943,77.0,0.254,47.0,,,0.2626,53.0,0.2676,60.0,0.2275,40.0,0.2608,36.0,,,0.2898,62.0
2018-04-11,0.371,82.0,0.2962,77.0,0.2892,66.0,,,0.2961,70.0,0.2664,59.0,0.227,40.0,0.2675,39.0,,,0.2962,66.0
2018-04-10,0.412,87.0,0.328,83.0,0.2954,68.0,,,0.2955,70.0,0.2662,57.0,0.2269,39.0,0.2676,39.0,,,0.2958,65.0
2018-04-09,0.3908,85.0,0.3328,83.0,0.3029,71.0,,,0.2943,69.0,0.2618,54.0,0.226,38.0,0.2693,40.0,,,0.2991,67.0
2018-04-06,0.3808,83.0,0.33,83.0,0.3046,72.0,,,0.2897,67.0,0.2614,53.0,0.2254,38.0,0.2722,41.0,,,0.2992,68.0
2018-04-05,0.3334,77.0,0.3088,80.0,0.2818,62.0,,,0.272,59.0,0.2592,51.0,0.2226,36.0,0.2586,34.0,,,0.2922,63.0
2018-04-04,0.3658,81.0,0.3061,79.0,0.2909,66.0,,,0.2769,61.0,0.2584,50.0,0.2221,36.0,0.2626,37.0,,,0.2898,62.0
2018-04-03,0.3914,85.0,0.2828,74.0,0.2878,65.0,,,0.2875,66.0,0.2562,48.0,0.2185,34.0,0.2678,39.0,,,0.3006,68.0
2018-04-02,0.4384,88.0,0.2898,76.0,0.3207,76.0,,,0.3068,74.0,0.2551,47.0,0.2181,33.0,0.2791,45.0,,,0.3076,72.0
2018-03-29,0.4148,87.0,0.2601,67.0,0.2697,55.0,,,0.2497,45.0,0.2525,45.0,0.2154,32.0,0.2633,37.0,,,0.2891,61.0
2018-03-28,0.3759,83.0,0.241,59.0,0.2715,57.0,,,0.2701,57.0,0.2498,44.0,0.2142,31.0,0.2689,40.0,,,0.2975,67.0
2018-03-27,0.3798,83.0,0.24,57.0,0.2661,54.0,,,0.2654,55.0,0.2494,43.0,0.214,31.0,0.2638,37.0,,,0.3009,68.0
2018-03-26,0.3939,85.0,0.2263,51.0,0.2406,38.0,,,0.2598,52.0,0.2488,43.0,0.2129,31.0,0.2628,37.0,,,0.2966,66.0
2018-03-23,0.3172,74.0,0.217,46.0,0.2843,63.0,,,0.2617,52.0,0.2442,40.0,0.2123,30.0,0.2719,41.0,,,0.3056,71.0
2018-03-22,0.3075,72.0,0.1939,33.0,0.2654,53.0,,,0.2525,46.0,0.2428,40.0,0.2103,28.0,0.2658,38.0,,,0.2921,63.0
2018-03-21,0.2157,44.0,0.1813,26.0,0.2357,35.0,,,0.2275,30.0,0.2372,36.0,0.2092,27.0,0.2558,32.0,,,0.281,55.0
2018-03-20,0.2253,49.0,0.1924,33.0,0.2453,41.0,,,0.2345,34.0,0.2369,36.0,0.2086,27.0,0.264,38.0,,,0.2846,57.0
2018-03-19,0.2504,57.0,0.1982,36.0,0.2508,45.0,,,0.2424,40.0,0.2369,36.0,0.2086,27.0,0.2624,36.0,,,0.2882,61.0
2018-03-16,0.2225,47.0,0.2023,38.0,0.2245,28.0,,,0.2226,28.0,0.2345,35.0,0.2083,27.0,0.2566,33.0,,,0.2791,54.0
2018-03-15,0.1944,34.0,0.2031,39.0,0.2316,33.0,,,0.2342,34.0,0.2344,35.0,0.2082,27.0,0.257,33.0,,,0.2878,60.0
2018-03-14,0.2249,48.0,0.2094,42.0,0.2586,49.0,,,0.2527,47.0,0.2347,35.0,0.2087,27.0,0.2626,37.0,,,0.2918,63.0
2018-03-13,0.269,63.0,0.2244,50.0,0.2544,47.0,,,0.2494,45.0,0.2336,34.0,0.2077,26.0,0.2612,36.0,,,0.2872,60.0
2018-03-12,0.3162,74.0,0.2523,64.0,0.2619,52.0,,,0.2434,40.0,0.2336,34.0,0.2071,26.0,0.2633,37.0,,,0.2854,59.0
2018-03-09,0.3659,81.0,0.2689,70.0,0.2213,27.0,,,0.2352,35.0,0.2329,34.0,0.2064,26.0,0.2572,33.0,,,0.2823,56.0
2018-03-08,0.3515,80.0,0.2684,70.0,0.2576,49.0,,,0.25,45.0,0.2322,33.0,0.206,25.0,0.2661,38.0,,,0.2865,60.0
2018-03-07,0.3482,79.0,0.2664,69.0,0.2572,49.0,,,0.2611,52.0,0.2319,33.0,0.2061,26.0,0.2641,38.0,,,0.2859,59.0
2018-03-06,0.3473,79.0,0.2594,66.0,0.2481,43.0,,,0.2495,45.0,0.2336,34.0,0.2062,26.0,0.2597,35.0,,,0.2826,57.0
2018-03-05,0.3411,78.0,0.2564,65.0,0.255,47.0,,,0.2717,59.0,0.2326,33.0,0.2061,26.0,0.2599,35.0,,,0.2859,59.0
2018-03-02,0.3199,74.0,0.2365,57.0,0.2918,67.0,,,0.2929,69.0,0.2306,32.0,0.2044,25.0,0.2732,42.0,,,0.2939,64.0
2018-03-01,0.2777,65.0,0.2052,40.0,0.2663,54.0,,,0.2705,57.0,0.2275,28.0,0.2018,23.0,0.2604,35.0,,,0.2839,57.0
2018-02-28,0.1125,7.0,0.1631,17.0,0.2308,33.0,,,0.2334,34.0,0.2213,25.0,0.1994,22.0,0.2468,26.0,,,0.2789,54.0
2018-02-27,0.124,10.0,0.1646,18.0,0.24,38.0,,,0.2232,28.0,0.222,25.0,0.1997,23.0,0.2543,31.0,,,0.2732,48.0
2018-02-26,0.1172,8.0,0.1738,22.0,0.2176,25.0,,,0.2249,28.0,0.2224,26.0,0.1996,22.0,0.2382,19.0,,,0.2685,44.0
2018-02-23,0.1286,12.0,0.1955,34.0,0.2223,27.0,,,0.2281,31.0,0.2225,26.0,0.1993,22.0,0.2509,28.0,,,0.2742,49.0
2018-02-22,0.1273,11.0,0.1991,37.0,0.2421,39.0,,,0.2319,33.0,0.2218,25.0,0.1992,22.0,0.2601,35.0,,,0.2766,51.0
2018-02-21,0.1181,8.0,0.1971,35.0,0.2581,49.0,,,0.2375,37.0,0.2207,24.0,0.1986,22.0,0.2633,37.0,,,0.2784,53.0
2018-02-20,0.1199,9.0,0.237,57.0,0.2465,42.0,,,0.2465,42.0,0.221,25.0,0.1979,22.0,0.2582,34.0,,,0.2828,57.0
2018-02-16,0.2171,45.0,0.259,66.0,0.1461,1.0,,,0.2355,35.0,0.2224,26.0,0.1982,22.0,0.2695,40.0,,,0.2869,60.0
2018-02-15,0.2495,57.0,0.2719,71.0,0.2438,40.0,,,0.2085,18.0,0.2224,26.0,0.198,22.0,0.2703,40.0,,,0.2889,61.0
2018-02-14,0.2629,61.0,0.3006,78.0,0.2346,35.0,,,0.2383,37.0,0.2224,26.0,0.197,21.0,0.2658,38.0,,,0.2883,61.0
2018-02-13,0.3685,82.0,0.3405,84.0,0.2844,63.0,,,0.2675,56.0,0.2236,27.0,0.196,20.0,0.2829,47.0,,,0.3013,69.0
2018-02-12,0.3827,84.0,0.3506,86.0,0.3114,74.0,,,0.2955,70.0,0.2238,27.0,0.196,20.0,0.2834,47.0,,,0.2864,59.0
2018-02-09,0.3508,79.0,0.3489,85.0,0.3232,77.0,,,0.3788,86.0,0.223,26.0,0.1957,20.0,0.2794,45.0,,,0.301,68.0
2018-02-08,0.3166,74.0,0.3461,85.0,0.3221,77.0,,,0.3578,83.0,0.2232,26.0,0.1926,17.0,0.2866,49.0,,,0.3031,70.0
2018-02-07,0.3487,79.0,0.3988,91.0,0.2918,67.0,,,0.3175,77.0,0.2204,24.0,0.1908,16.0,0.2902,50.0,,,0.2965,66.0
2018-02-06,0.3766,83.0,0.3905,90.0,0.3137,75.0,,,0.3946,88.0,0.2229,26.0,0.1905,16.0,0.2839,47.0,,,0.2978,67.0
2018-02-05,0.3837,84.0,0.3602,87.0,0.323,77.0,,,0.3101,75.0,0.2206,24.0,0.1866,13.0,0.2851,48.0,,,0.2974,67.0
2018-02-02,0.3311,76.0,0.3216,82.0,0.2283,31.0,,,0.2528,47.0,0.2122,18.0,0.1824,11.0,0.2626,37.0,,,0.286,59.0
2018-02-01,0.3283,76.0,0.3073,80.0,0.2093,19.0,,,0.2468,43.0,0.2079,15.0,0.181,10.0,0.2603,35.0,,,0.2848,57.0
2018-01-31,0.3248,75.0,0.3054,79.0,0.2248,28.0,,,0.2533,47.0,0.2088,16.0,0.1809,10.0,0.2592,34.0,,,0.279,54.0
2018-01-30,0.3192,74.0,0.2716,70.0,0.2339,34.0,,,0.2707,57.0,0.2074,15.0,0.178,8.0,0.2504,28.0,,,0.2856,59.0
2018-01-29,0.1804,28.0,0.1559,14.0,0.3361,80.0,,,0.3672,84.0,0.198,9.0,0.17,5.0,0.2555,32.0,,,0.2782,53.0
2018-01-26,0.1848,31.0,0.1517,13.0,0.266,54.0,,,0.3027,72.0,0.2005,10.0,0.1715,5.0,0.2535,30.0,,,0.2779,53.0
2018-01-25,0.1557,20.0,0.1401,8.0,0.2788,60.0,,,0.3034,73.0,0.1989,9.0,0.1708,5.0,0.2538,30.0,,,0.278,53.0
2018-01-24,0.1251,11.0,0.1332,6.0,0.2705,56.0,,,0.2945,69.0,0.1977,9.0,0.1702,5.0,0.2551,31.0,,,0.2821,56.0
2018-01-23,0.1223,10.0,0.14,8.0,0.2462,42.0,,,0.2694,57.0,0.1974,8.0,0.1704,5.0,0.245,24.0,,,0.2723,47.0
2018-01-22,0.1438,16.0,0.1524,13.0,0.2421,39.0,,,0.2702,57.0,0.1973,8.0,0.1706,5.0,0.2375,19.0,,,0.2745,50.0
2018-01-19,0.1734,26.0,0.1561,14.0,0.2321,33.0,,,0.2644,54.0,0.1977,9.0,0.1745,6.0,0.2388,20.0,,,0.2757,51.0
2018-01-18,0.1621,22.0,0.1487,12.0,0.2459,42.0,,,0.1919,9.0,0.1968,8.0,0.1743,6.0,0.2369,18.0,,,0.2725,48.0
2018-01-17,0.164,23.0,0.1404,9.0,0.2376,37.0,,,0.1985,12.0,0.1968,8.0,0.1742,6.0,0.2319,15.0,,,0.2652,41.0
2018-01-16,0.1608,22.0,0.1386,8.0,0.2073,18.0,,,0.21,19.0,0.1966,8.0,0.1744,6.0,0.2302,14.0,,,0.2627,39.0
2018-01-12,0.1611,22.0,0.1485,11.0,0.1665,2.0,,,0.1684,3.0,0.1964,8.0,0.1741,6.0,0.2266,12.0,,,0.2571,34.0
2018-01-11,0.1632,23.0,0.1559,14.0,0.1687,2.0,,,0.1791,5.0,0.1959,8.0,0.1737,6.0,0.2229,10.0,,,0.2597,36.0
2018-01-10,0.1942,34.0,0.1476,11.0,0.1809,4.0,,,0.1884,8.0,0.1943,7.0,0.1731,6.0,0.2251,11.0,,,0.2575,34.0
2018-01-09,0.18,28.0,0.1407,9.0,0.1737,3.0,,,0.1724,4.0,0.1938,7.0,0.1731,6.0,0.2201,9.0,,,0.2477,26.0
2018-01-08,0.1732,26.0,0.1452,10.0,0.1766,3.0,,,0.181,6.0,0.194,7.0,0.1732,6.0,0.2199,9.0,,,0.2524,28.0
2018-01-05,0.1765,28.0,0.1474,11.0,0.175,3.0,,,0.1704,3.0,0.1939,7.0,0.1736,6.0,0.2207,9.0,,,0.2544,31.0
2018-01-04,0.1779,28.0,0.1438,10.0,0.1802,4.0,,,0.1808,5.0,0.1938,7.0,0.1736,6.0,0.2139,6.0,,,0.2456,24.0
2018-01-03,0.1842,31.0,0.1198,3.0,0.1816,4.0,,,0.1797,5.0,0.1938,7.0,0.1736,6.0,0.214,6.0,,,0.2447,24.0
2018-01-02,0.1806,28.0,0.1092,1.0,0.1808,4.0,,,0.1846,6.0,0.1933,7.0,0.1734,6.0,0.2144,6.0,,,0.2511,28.0
2017-12-29,0.0831,2.0,0.1035,1.0,0.1734,2.0,,,0.175,4.0,0.1904,6.0,0.1743,6.0,0.2099,4.0,,,0.249,27.0
2017-12-28,0.076,2.0,0.1085,1.0,0.1724,2.0,,,0.1752,4.0,0.1907,6.0,0.1752,7.0,0.2138,6.0,,,0.2477,26.0
2017-12-27,0.0597,1.0,0.0975,1.0,0.1812,4.0,,,0.1832,6.0,0.1904,6.0,0.1748,7.0,0.2126,5.0,,,0.2515,28.0
2017-12-26,0.1271,11.0,0.1242,3.0,0.1824,5.0,,,0.1833,6.0,0.1918,6.0,0.1758,7.0,0.2163,7.0,,,0.2539,31.0
2017-12-22,0.162,22.0,0.1444,10.0,0.1773,3.0,,,0.1734,4.0,0.1918,6.0,0.1765,8.0,0.2114,5.0,,,0.2501,27.0
2017-12-21,0.1717,26.0,0.1568,15.0,0.186,6.0,,,0.1781,5.0,0.1997,10.0,0.1796,9.0,0.2131,6.0,,,0.2476,26.0
2017-12-20,0.1711,25.0,0.1562,14.0,0.1888,7.0,,,0.1835,6.0,0.1999,10.0,0.1796,9.0,0.2131,6.0,,,0.2495,27.0
2017-12-19,0.1703,25.0,0.1626,17.0,0.1884,7.0,,,0.187,7.0,0.2003,10.0,0.1797,9.0,0.2138,6.0,,,0.2512,28.0
2017-12-18,0.1802,28.0,0.1614,17.0,0.1928,9.0,,,0.1893,8.0,0.2004,10.0,0.1796,9.0,0.2155,7.0,,,0.2505,28.0
2017-12-15,0.1587,21.0,0.1722,21.0,0.1893,7.0,,,0.1894,8.0,0.1984,9.0,0.1791,9.0,0.2174,7.0,,,0.2534,30.0
2017-12-14,0.1586,21.0,0.1687,20.0,0.195,10.0,,,0.1951,11.0,0.2005,10.0,0.1797,9.0,0.2176,8.0,,,0.2581,35.0
2017-12-13,0.1317,13.0,0.1711,21.0,0.1993,12.0,,,0.1821,6.0,0.2015,11.0,0.1792,9.0,0.2188,8.0,,,0.2502,28.0
2017-12-12,0.1129,7.0,0.184,27.0,0.1877,7.0,,,0.2049,16.0,0.2011,11.0,0.1788,9.0,0.2176,8.0,,,0.2496,27.0
2017-12-11,0.1422,16.0,0.2028,39.0,0.2074,18.0,,,0.217,24.0,0.2011,11.0,0.1786,8.0,0.2172,7.0,,,0.2516,28.0
2017-12-08,0.1632,23.0,0.2116,43.0,0.1805,4.0,,,0.1999,13.0,0.2026,12.0,0.1786,8.0,0.2156,7.0,,,0.2522,28.0
2017-12-07,0.1605,22.0,0.2426,59.0,0.2064,17.0,,,0.2313,33.0,0.2025,12.0,0.1792,9.0,0.2198,9.0,,,0.2436,23.0
2017-12-06,0.1886,32.0,0.2413,59.0,0.2183,25.0,,,0.2244,28.0,0.2015,11.0,0.1781,8.0,0.2164,7.0,,,0.245,24.0
2017-12-05,0.1884,32.0,0.2407,59.0,0.2352,35.0,,,0.2245,28.0,0.2018,12.0,0.1787,9.0,0.216,7.0,,,0.248,26.0
2017-12-04,0.2225,47.0,0.2421,59.0,0.2403,38.0,,,0.2414,39.0,0.2018,12.0,0.1777,8.0,0.2171,7.0,,,0.2394,21.0
2017-12-01,0.221,46.0,0.2263,51.0,0.2124,21.0,,,0.2134,22.0,0.2017,11.0,0.1767,8.0,0.2175,7.0,,,0.2321,18.0
2017-11-30,0.2026,38.0,0.2061,40.0,0.1923,9.0,,,0.2024,15.0,0.2018,12.0,0.1765,8.0,0.2076,4.0,,,0.2394,21.0
2017-11-29,0.1928,34.0,0.1996,37.0,0.2117,20.0,,,0.2095,19.0,0.204,13.0,0.1765,8.0,0.2155,7.0,,,0.2506,28.0
2017-11-28,0.3497,79.0,0.2106,43.0,0.2001,13.0,,,0.2046,16.0,0.2048,13.0,0.1746,6.0,0.2127,5.0,,,0.2401,22.0
2017-11-27,0.3429,78.0,0.2103,43.0,0.2136,22.0,,,0.2095,19.0,0.2024,12.0,0.1744,6.0,0.215,6.0,,,0.2501,27.0
2017-11-24,0.3434,78.0,0.2205,48.0,0.2058,17.0,,,0.2076,18.0,0.2031,12.0,0.1753,7.0,0.2173,7.0,,,0.248,26.0
2017-11-22,0.339,78.0,0.2061,40.0,0.2027,15.0,,,0.1973,12.0,0.2021,12.0,0.1745,6.0,0.2112,5.0,,,0.2398,22.0
2017-11-21,0.3374,77.0,0.2048,39.0,0.2039,15.0,,,0.2003,13.0,0.2021,12.0,0.1745,6.0,0.2136,6.0,,,0.2407,22.0
2017-11-20,0.3388,78.0,0.2083,41.0,0.205,16.0,,,0.2092,19.0,0.2021,12.0,0.1744,6.0,0.2091,4.0,,,0.2392,21.0
2017-11-17,0.3195,74.0,0.2077,41.0,0.2173,24.0,,,0.2151,23.0,0.201,11.0,0.1741,6.0,0.2168,7.0,,,0.2483,26.0
2017-11-16,0.1904,33.0,0.1544,14.0,0.2338,34.0,,,0.2175,24.0,0.1905,6.0,0.1711,5.0,0.2127,5.0,,,0.2371,20.0
2017-11-15,0.1035,5.0,0.1343,6.0,0.2232,28.0,,,0.2262,28.0,0.1882,5.0,0.1702,5.0,0.2113,5.0,,,0.2398,22.0
2017-11-14,0.1081,6.0,0.1213,3.0,0.2296,32.0,,,0.2146,23.0,0.1878,5.0,0.1696,4.0,0.2268,12.0,,,0.2362,20.0
2017-11-13,0.1072,6.0,0.1326,6.0,0.2221,27.0,,,0.2184,25.0,0.1875,5.0,0.1698,5.0,0.227,12.0,,,0.2423,23.0
2017-11-10,0.1546,19.0,0.1591,16.0,0.1766,3.0,,,0.2328,34.0,0.1892,6.0,0.1704,5.0,0.2073,4.0,,,0.2268,15.0
2017-11-09,0.1556,20.0,0.1775,24.0,0.1863,6.0,,,0.2474,43.0,0.1901,6.0,0.1702,5.0,0.2099,4.0,,,0.247,25.0
2017-11-08,0.184,31.0,0.1833,27.0,0.1762,3.0,,,0.228,31.0,0.1892,6.0,0.1699,5.0,0.2038,3.0,,,0.2342,19.0
2017-11-07,0.2197,46.0,0.1924,33.0,0.1827,5.0,,,0.234,34.0,0.1893,6.0,0.1699,5.0,0.215,6.0,,,0.2353,19.0
2017-11-06,0.2196,46.0,0.1938,33.0,0.1881,7.0,,,0.234,34.0,0.1908,6.0,0.1702,5.0,0.2057,3.0,,,0.2331,19.0
2017-11-03,0.2712,63.0,0.2112,43.0,0.1757,3.0,,,0.2204,26.0,0.1936,7.0,0.1709,5.0,0.2003,2.0,,,0.2263,15.0
2017-11-02,0.2624,61.0,0.2135,44.0,0.1762,3.0,,,0.2111,20.0,0.1932,7.0,0.1704,5.0,0.221,9.0,,,0.2396,21.0
2017-11-01,0.4409,89.0,0.3311,83.0,0.1866,6.0,,,0.2316,33.0,0.1923,7.0,0.1691,4.0,0.2004,2.0,,,0.229,17.0
2017-10-31,0.4407,89.0,0.3217,82.0,0.1906,8.0,,,0.2181,25.0,0.1924,7.0,0.1684,4.0,0.2043,3.0,,,0.2231,14.0
2017-10-30,0.435,88.0,0.3168,81.0,0.1927,9.0,,,0.226,28.0,0.1908,6.0,0.1676,4.0,0.2027,2.0,,,0.2355,20.0
2017-10-27,0.442,89.0,0.3192,82.0,0.18,4.0,,,0.2059,17.0,0.1888,5.0,0.1679,4.0,0.2053,3.0,,,0.2418,22.0
2017-10-26,0.4419,89.0,0.316,81.0,0.175,3.0,,,0.2042,16.0,0.1894,6.0,0.1696,4.0,0.1994,2.0,,,0.2205,12.0
2017-10-25,0.4001,86.0,0.3023,79.0,0.1859,6.0,,,0.2085,18.0,0.1899,6.0,0.1686,4.0,0.2045,3.0,,,0.2348,19.0
2017-10-24,0.4011,86.0,0.294,77.0,0.1907,8.0,,,0.2216,27.0,0.1903,6.0,0.1682,4.0,0.2031,2.0,,,0.2418,22.0
2017-10-23,0.1364,14.0,0.1219,3.0,0.2146,22.0,,,0.2456,42.0,0.1702,1.0,0.1563,1.0,0.1977,1.0,,,0.2324,18.0
2017-10-20,0.1292,12.0,0.1179,2.0,0.2065,17.0,,,0.2221,27.0,0.1714,1.0,0.1569,1.0,0.197,1.0,,,0.2302,17.0
2017-10-19,0.1168,8.0,0.1075,1.0,0.2064,17.0,,,0.234,34.0,0.1705,1.0,0.1574,1.0,0.1985,2.0,,,0.2383,21.0
2017-10-18,0.051,1.0,0.0797,1.0,0.2084,18.0,,,0.1692,3.0,0.1746,1.0,0.1589,2.0,0.1996,2.0,,,0.2309,18.0
2017-10-17,0.0519,1.0,0.0887,1.0,0.2112,20.0,,,0.1785,5.0,0.1794,2.0,0.1594,2.0,0.2072,4.0,,,0.2314,18.0
2017-10-16,0.1212,9.0,0.1058,1.0,0.2119,21.0,,,0.1848,7.0,0.1794,2.0,0.1598,2.0,0.208,4.0,,,0.2321,18.0
2017-10-13,0.1309,12.0,0.1161,2.0,0.1995,13.0,,,0.173,4.0,0.1815,2.0,0.161,2.0,0.2079,4.0,,,0.2327,18.0
2017-10-12,0.1475,18.0,0.125,4.0,0.1669,2.0,,,0.1677,3.0,0.1815,2.0,0.1611,2.0,0.2031,2.0,,,0.2318,18.0
2017-10-11,0.1673,24.0,0.1319,6.0,0.1733,2.0,,,0.1696,3.0,0.1835,3.0,0.1613,2.0,0.2103,5.0,,,0.2324,18.0
2017-10-10,0.164,23.0,0.1335,6.0,0.1673,2.0,,,0.1704,3.0,0.1836,3.0,0.1616,2.0,0.201,2.0,,,0.2291,17.0
2017-10-09,0.1647,23.0,0.1365,7.0,0.1813,4.0,,,0.1702,3.0,0.1852,4.0,0.1625,2.0,0.2042,3.0,,,0.2298,17.0
2017-10-06,0.1689,25.0,0.1418,9.0,0.1674,2.0,,,0.1746,4.0,0.1898,6.0,0.1641,3.0,0.2011,2.0,,,0.2285,16.0
2017-10-05,0.0953,4.0,0.1426,10.0,0.1598,1.0,,,0.159,2.0,0.1875,5.0,0.1639,2.0,0.2162,7.0,,,0.2352,19.0
2017-10-04,0.1071,6.0,0.1355,7.0,0.1652,1.0,,,0.1661,3.0,0.1877,5.0,0.1645,3.0,0.201,2.0,,,0.2382,21.0
2017-10-03,0.1081,6.0,0.1333,6.0,0.163,1.0,,,0.167,3.0,0.1874,5.0,0.1644,3.0,0.2011,2.0,,,0.2373,20.0
2017-10-02,0.1045,5.0,0.129,5.0,0.1724,2.0,,,0.171,4.0,0.1869,4.0,0.164,2.0,0.2026,2.0,,,0.2328,18.0
2017-09-29,0.1069,6.0,0.1275,4.0,0.1675,2.0,,,0.1664,3.0,0.1867,4.0,0.1647,3.0,0.2033,2.0,,,0.2376,21.0
2017-09-28,0.1075,6.0,0.1296,5.0,0.1711,2.0,,,0.1748,4.0,0.1867,4.0,0.1647,3.0,0.2059,3.0,,,0.2398,22.0
2017-09-27,0.0969,4.0,0.1215,3.0,0.1692,2.0,,,0.1687,3.0,0.1868,4.0,0.1653,3.0,0.2028,2.0,,,0.2363,20.0
2017-09-26,0.1041,5.0,0.1274,4.0,0.1813,4.0,,,0.1757,4.0,0.1864,4.0,0.1648,3.0,0.2095,4.0,,,0.246,25.0
2017-09-25,0.0986,4.0,0.14,8.0,0.1768,3.0,,,0.1813,6.0,0.1864,4.0,0.1649,3.0,0.2014,2.0,,,0.2513,28.0
2017-09-22,0.0989,4.0,0.1368,7.0,0.1752,3.0,,,0.1689,3.0,0.1864,4.0,0.165,3.0,0.2058,3.0,,,0.2287,16.0
2017-09-21,0.0922,3.0,0.1331,6.0,0.1802,4.0,,,0.1801,5.0,0.1863,4.0,0.1652,3.0,0.2051,3.0,,,0.2315,18.0
2017-09-20,0.1029,5.0,0.1446,10.0,0.1761,3.0,,,0.1797,5.0,0.1879,5.0,0.1661,3.0,0.2079,4.0,,,0.2441,23.0
2017-09-19,0.0967,4.0,0.1415,9.0,0.1816,4.0,,,0.1856,7.0,0.1879,5.0,0.166,3.0,0.2198,9.0,,,0.2461,25.0
2017-09-18,0.0889,3.0,0.1576,15.0,0.1838,5.0,,,0.1855,7.0,0.1879,5.0,0.1661,3.0,0.2072,4.0,,,0.2445,24.0
2017-09-15,0.1286,12.0,0.1635,17.0,0.1734,2.0,,,0.1731,4.0,0.187,4.0,0.1655,3.0,0.208,4.0,,,0.2432,23.0
2017-09-14,0.1436,16.0,0.1577,15.0,0.1775,4.0,,,0.1833,6.0,0.189,5.0,0.1668,3.0,0.2103,5.0,,,0.2491,27.0
2017-09-13,0.1737,27.0,0.1605,16.0,0.1792,4.0,,,0.1834,6.0,0.1892,6.0,0.1669,3.0,0.2087,4.0,,,0.2505,28.0
2017-09-12,0.1934,34.0,0.1597,16.0,0.1825,5.0,,,0.18,5.0,0.1894,6.0,0.1669,3.0,0.2118,5.0,,,0.239,21.0
2017-09-11,0.1799,28.0,0.148,11.0,0.1871,6.0,,,0.1814,6.0,0.1882,5.0,0.1662,3.0,0.2136,6.0,,,0.2474,26.0
2017-09-08,0.1896,33.0,0.1623,17.0,0.1874,6.0,,,0.1697,3.0,0.1909,6.0,0.167,3.0,0.2109,5.0,,,0.2539,31.0
2017-09-07,0.1899,33.0,0.1554,14.0,0.1842,5.0,,,0.1795,5.0,0.1905,6.0,0.1664,3.0,0.2138,6.0,,,0.2544,31.0
2017-09-06,0.139,15.0,0.1324,6.0,0.2043,16.0,,,0.2011,14.0,0.1873,5.0,0.1652,3.0,0.2224,10.0,,,0.2532,30.0
2017-09-05,0.1369,14.0,0.1287,5.0,0.1988,12.0,,,0.2053,16.0,0.1885,5.0,0.1652,3.0,0.2215,9.0,,,0.2527,30.0
2017-09-01,0.1191,9.0,0.123,3.0,0.1751,3.0,,,0.1744,4.0,0.1885,5.0,0.1655,3.0,0.2199,9.0,,,0.2556,32.0
2017-08-31,0.1181,8.0,0.1199,3.0,0.1758,3.0,,,0.1733,4.0,0.1883,5.0,0.1656,3.0,0.2156,7.0,,,0.2542,31.0
2017-08-30,0.1471,17.0,0.1347,7.0,0.175,3.0,,,0.1852,7.0,0.1888,5.0,0.1661,3.0,0.215,6.0,,,0.2564,33.0
2017-08-29,0.1368,14.0,0.1225,3.0,0.1859,6.0,,,0.1845,6.0,0.1878,5.0,0.1659,3.0,0.2137,6.0,,,0.2545,32.0
2017-08-28,0.133,13.0,0.1088,1.0,0.197,11.0,,,0.1906,9.0,0.189,5.0,0.166,3.0,0.2202,9.0,,,0.2586,35.0
2017-08-25,0.1874,32.0,0.1229,3.0,0.1933,9.0,,,0.1954,11.0,0.1924,7.0,0.1672,3.0,0.2191,8.0,,,0.2587,35.0
2017-08-24,0.188,32.0,0.1298,5.0,0.1913,8.0,,,0.1855,7.0,0.1989,9.0,0.1689,4.0,0.2214,9.0,,,0.2438,23.0
2017-08-23,0.1888,32.0,0.1361,7.0,0.1974,11.0,,,0.1945,10.0,0.1996,10.0,0.1692,4.0,0.2193,8.0,,,0.2581,35.0
2017-08-22,0.1998,36.0,0.1389,8.0,0.1907,8.0,,,0.1905,8.0,0.1994,10.0,0.1693,4.0,0.2163,7.0,,,0.2572,34.0
2017-08-21,0.1497,18.0,0.1273,4.0,0.2046,16.0,,,0.2042,16.0,0.1975,8.0,0.1689,4.0,0.2373,19.0,,,0.2548,32.0
2017-08-18,0.2052,39.0,0.1506,12.0,0.2085,18.0,,,0.2052,16.0,1.2762,100.0,1.0163,100.0,0.2259,11.0,,,0.2544,31.0
2017-08-17,0.2004,37.0,0.157,15.0,0.2088,19.0,,,0.2305,32.0,1.2762,100.0,1.0164,100.0,0.2267,12.0,,,0.2512,28.0
2017-08-16,0.1873,32.0,0.1569,15.0,0.1914,8.0,,,0.1978,12.0,1.2759,100.0,1.0163,100.0,0.2252,11.0,,,0.242,22.0
2017-08-15,0.1933,34.0,0.1508,12.0,0.2025,15.0,,,0.1987,12.0,1.2759,100.0,1.0163,100.0,0.2265,12.0,,,0.2427,23.0
2017-08-14,0.2336,52.0,0.15,12.0,0.1956,10.0,,,0.2109,20.0,1.2761,100.0,1.0164,100.0,0.2205,9.0,,,0.2541,31.0
2017-08-11,0.2178,45.0,0.1558,14.0,0.1812,4.0,,,0.2481,44.0,0.1967,8.0,0.17,5.0,0.2191,8.0,,,0.2635,39.0
2017-08-10,0.2285,50.0,0.1609,16.0,0.1944,10.0,,,0.2578,50.0,0.1966,8.0,0.1699,5.0,0.2177,8.0,,,0.2608,37.0
2017-08-09,0.1862,31.0,0.175,23.0,0.1787,4.0,,,0.2255,28.0,0.1933,7.0,0.1688,4.0,0.2155,7.0,,,0.2554,32.0
2017-08-08,0.1812,30.0,0.1725,21.0,0.173,2.0,,,0.2258,28.0,0.1935,7.0,0.1688,4.0,0.2124,5.0,,,0.2479,26.0
2017-08-07,0.1701,25.0,0.1646,18.0,0.1682,2.0,,,0.2269,30.0,0.1951,8.0,0.1694,4.0,0.2098,4.0,,,0.2513,28.0
2017-08-04,0.1748,27.0,0.1701,20.0,0.1681,2.0,,,0.2141,22.0,0.1958,8.0,0.1695,4.0,0.2098,4.0,,,0.2519,28.0
2017-08-03,0.144,16.0,0.1709,21.0,0.1749,3.0,,,0.2142,22.0,0.195,7.0,0.1696,4.0,0.2127,5.0,,,0.2479,26.0
2017-08-02,0.1426,16.0,0.2277,52.0,0.1792,4.0,,,0.2155,23.0,0.1952,8.0,0.1696,4.0,0.21,4.0,,,0.2553,32.0
2017-08-01,0.1373,14.0,0.2248,51.0,0.1884,7.0,,,0.223,28.0,0.1959,8.0,0.1702,5.0,0.2171,7.0,,,0.2404,22.0
2017-07-31,0.0769,2.0,0.1979,36.0,0.1853,5.0,,,0.2245,28.0,0.1948,7.0,0.1691,4.0,0.2119,5.0,,,0.2515,28.0
2017-07-28,0.0715,1.0,0.2031,39.0,0.1877,7.0,,,0.2147,23.0,0.1967,8.0,0.1715,5.0,0.2056,3.0,,,0.2575,34.0
2017-07-27,0.0722,1.0,0.2045,39.0,0.1859,6.0,,,0.2221,27.0,0.1968,8.0,0.1776,8.0,0.208,4.0,,,0.2595,36.0
2017-07-26,0.0647,1.0,0.1993,37.0,0.1871,6.0,,,0.2184,25.0,0.1967,8.0,0.1779,8.0,0.2219,10.0,,,0.2374,21.0
2017-07-25,0.0764,2.0,0.1963,35.0,0.1901,8.0,,,0.2196,26.0,0.1969,8.0,0.178,8.0,0.2132,6.0,,,0.2583,35.0
2017-07-24,0.0633,1.0,0.1255,4.0,0.2379,37.0,,,0.2704,57.0,0.1968,8.0,0.1741,6.0,0.2089,4.0,,,0.2596,36.0
2017-07-21,0.0693,1.0,0.1242,3.0,0.2349,35.0,,,0.2564,49.0,0.1999,10.0,0.1754,7.0,0.2038,3.0,,,0.2563,33.0
2017-07-20,0.0636,1.0,0.1278,4.0,0.2351,35.0,,,0.2621,53.0,0.2015,11.0,0.1758,7.0,0.2146,6.0,,,0.2429,23.0
2017-07-19,0.0637,1.0,0.12,3.0,0.2393,38.0,,,0.1994,13.0,0.2019,12.0,0.1755,7.0,0.2121,5.0,,,0.2585,35.0
2017-07-18,0.0991,4.0,0.1376,8.0,0.213,21.0,,,0.2125,21.0,0.2019,12.0,0.1755,7.0,0.2126,5.0,,,0.2603,36.0
2017-07-17,0.1026,5.0,0.1496,12.0,0.223,28.0,,,0.2066,17.0,0.2023,12.0,0.176,7.0,0.2199,9.0,,,0.248,26.0
2017-07-14,0.0989,4.0,0.1703,20.0,0.1824,5.0,,,0.1964,11.0,0.2025,12.0,0.176,7.0,0.2079,4.0,,,0.264,40.0
2017-07-13,0.1287,12.0,0.1806,26.0,0.2034,15.0,,,0.2007,14.0,0.2028,12.0,0.1759,7.0,0.2242,11.0,,,0.2505,28.0
2017-07-12,0.1365,14.0,0.1889,30.0,0.2022,14.0,,,0.2032,15.0,0.2043,13.0,0.176,7.0,0.2254,11.0,,,0.2478,26.0
2017-07-11,0.1357,14.0,0.1886,30.0,0.2062,17.0,,,0.2125,21.0,0.2045,13.0,0.1761,7.0,0.233,15.0,,,0.2623,38.0
2017-07-10,0.1376,14.0,0.1965,35.0,0.2093,19.0,,,0.2155,23.0,0.2049,14.0,0.1761,7.0,0.2169,7.0,,,0.2671,43.0
2017-07-07,0.244,55.0,0.2285,53.0,0.2109,20.0,,,0.2026,15.0,0.2057,14.0,0.1757,7.0,0.219,8.0,,,0.2632,39.0
2017-07-06,0.2638,61.0,0.2254,51.0,0.2219,27.0,,,0.2112,20.0,0.2063,14.0,0.1757,7.0,0.2238,11.0,,,0.2464,25.0
2017-07-05,0.2632,61.0,0.211,43.0,0.221,27.0,,,0.2243,28.0,0.2062,14.0,0.1753,7.0,0.2245,11.0,,,0.2739,49.0
2017-07-03,0.2498,57.0,0.1984,36.0,0.2216,27.0,,,0.2065,17.0,0.2071,15.0,0.175,7.0,0.2174,7.0,,,0.2684,44.0
2017-06-30,0.2525,57.0,0.1918,32.0,0.2074,18.0,,,0.2123,21.0,0.207,15.0,0.1746,6.0,0.2146,6.0,,,0.272,47.0
2017-06-29,0.2963,69.0,0.1991,37.0,0.2149,23.0,,,0.2174,24.0,0.2088,16.0,0.1749,7.0,0.2164,7.0,,,0.275,50.0
2017-06-28,0.3236,75.0,0.195,34.0,0.2127,21.0,,,0.2153,23.0,0.2091,16.0,0.1748,7.0,0.2078,4.0,,,0.2731,48.0
2017-06-27,0.1709,25.0,0.1382,8.0,0.2236,28.0,,,0.2157,23.0,0.2015,11.0,0.172,6.0,0.2297,13.0,,,0.248,26.0
2017-06-26,0.1756,27.0,0.1334,6.0,0.2136,22.0,,,0.2156,23.0,0.2018,12.0,0.1722,6.0,0.2182,8.0,,,0.2718,47.0
2017-06-23,0.2085,40.0,0.1405,9.0,0.2126,21.0,,,0.2177,24.0,0.2013,11.0,0.1721,6.0,0.2307,14.0,,,0.2625,38.0
2017-06-22,0.2097,41.0,0.1533,13.0,0.2185,25.0,,,0.2143,22.0,0.2013,11.0,0.1722,6.0,0.2256,11.0,,,0.267,43.0
2017-06-21,0.2082,40.0,0.1525,13.0,0.214,22.0,,,0.2137,22.0,0.2014,11.0,0.172,6.0,0.2322,15.0,,,0.2511,28.0
2017-06-20,0.1881,32.0,0.1479,11.0,0.2147,22.0,,,0.2054,17.0,0.1996,10.0,0.1714,5.0,0.2396,20.0,,,0.2469,25.0
2017-06-19,0.1369,14.0,0.1409,9.0,0.2039,15.0,,,0.2047,16.0,0.1981,9.0,0.1712,5.0,0.2261,11.0,,,0.2578,34.0
2017-06-16,0.1386,14.0,0.1446,10.0,0.2059,17.0,,,0.2121,21.0,0.1981,9.0,0.1715,5.0,0.2175,7.0,,,0.265,41.0
2017-06-15,0.1638,23.0,0.1662,18.0,0.2104,20.0,,,0.2135,22.0,0.1982,9.0,0.1717,5.0,0.2174,7.0,,,0.2632,39.0
2017-06-14,0.2086,41.0,0.1775,24.0,0.2035,15.0,,,0.2555,49.0,0.1964,8.0,0.1717,5.0,0.231,14.0,,,0.2482,26.0
2017-06-13,0.2249,48.0,0.1733,22.0,0.2136,22.0,,,0.2202,26.0,0.1971,8.0,0.1717,5.0,0.2319,15.0,,,0.2469,25.0
2017-06-12,0.2325,51.0,0.1875,28.0,0.2427,40.0,,,0.2231,28.0,0.197,8.0,0.1719,6.0,0.2177,8.0,,,0.2701,45.0
2017-06-09,0.2363,53.0,0.192,32.0,0.2175,25.0,,,0.2135,22.0,0.1969,8.0,0.1719,6.0,0.2275,12.0,,,0.2639,40.0
2017-06-08,0.2364,53.0,0.1966,35.0,0.2185,25.0,,,0.2158,23.0,0.1971,8.0,0.1726,6.0,0.215,6.0,,,0.279,54.0
2017-06-07,0.234,52.0,0.1928,33.0,0.2256,30.0,,,0.2186,25.0,0.197,8.0,0.1731,6.0,0.2317,15.0,,,0.2513,28.0
2017-06-06,0.2193,46.0,0.1721,21.0,0.2308,33.0,,,0.2137,22.0,0.2084,16.0,0.1783,8.0,0.2316,15.0,,,0.2483,26.0
2017-06-05,0.13,12.0,0.1584,15.0,0.2208,27.0,,,0.2144,22.0,0.2054,14.0,0.1782,8.0,0.2259,11.0,,,0.2624,38.0
2017-06-02,0.0987,4.0,0.1526,13.0,0.2105,20.0,,,0.2053,16.0,0.211,17.0,0.1793,9.0,0.2272,12.0,,,0.2565,33.0
2017-06-01,0.077,2.0,0.1367,7.0,0.1918,8.0,,,0.199,13.0,0.2106,17.0,0.179,9.0,0.2136,6.0,,,0.2679,44.0
2017-05-31,0.0366,1.0,0.1176,2.0,0.1903,8.0,,,0.2005,13.0,0.2109,17.0,0.1889,15.0,0.2186,8.0,,,0.2705,46.0
2017-05-30,0.053,1.0,0.1168,2.0,0.2055,16.0,,,0.1986,12.0,0.2118,18.0,0.1893,15.0,0.2191,8.0,,,0.2694,45.0
2017-05-26,0.1176,8.0,0.1313,5.0,0.2003,13.0,,,0.1994,13.0,0.2118,18.0,0.1896,15.0,0.2297,13.0,,,0.2471,25.0
2017-05-25,0.1342,13.0,0.1335,6.0,0.1965,11.0,,,0.201,14.0,0.2132,19.0,0.1901,15.0,0.2268,12.0,,,0.2615,38.0
2017-05-24,0.1573,21.0,0.1312,5.0,0.207,17.0,,,0.2165,24.0,0.2132,19.0,0.1899,15.0,0.2231,10.0,,,0.2653,41.0
2017-05-23,0.1651,23.0,0.127,4.0,0.2177,25.0,,,0.2126,21.0,0.215,20.0,0.1909,16.0,0.2269,12.0,,,0.2667,42.0
2017-05-22,0.1879,32.0,0.1337,6.0,0.2073,18.0,,,0.2128,21.0,0.2154,21.0,0.1909,16.0,0.2329,15.0,,,0.2629,39.0
2017-05-19,0.2256,49.0,0.1498,12.0,0.2138,22.0,,,0.2195,25.0,0.2156,21.0,0.1909,16.0,0.2241,11.0,,,0.2767,52.0
2017-05-18,0.2032,38.0,0.1451,10.0,0.232,33.0,,,0.2288,31.0,0.2154,21.0,0.1906,16.0,0.2402,21.0,,,0.2552,32.0
2017-05-17,0.1981,36.0,0.1322,6.0,0.2252,28.0,,,0.2414,39.0,0.2141,19.0,0.19,15.0,0.233,15.0,,,0.2581,35.0
2017-05-16,0.1957,35.0,0.1431,10.0,0.1889,7.0,,,0.2641,54.0,0.2133,19.0,0.19,15.0,0.2124,5.0,,,0.2707,46.0
2017-05-15,0.1725,26.0,0.1412,9.0,0.1806,4.0,,,0.2689,57.0,0.2143,20.0,0.1908,16.0,0.2156,7.0,,,0.2756,50.0
2017-05-12,0.1459,17.0,0.1591,16.0,0.1772,3.0,,,0.2406,38.0,0.2143,20.0,0.1914,16.0,0.2237,11.0,,,0.2736,49.0
2017-05-11,0.1386,14.0,0.1832,27.0,0.1833,5.0,,,0.2448,41.0,0.2149,20.0,0.1931,17.0,0.2186,8.0,,,0.2702,46.0
2017-05-10,0.2131,43.0,0.1759,23.0,0.1841,5.0,,,0.2329,34.0,0.2191,23.0,0.1951,20.0,0.2188,8.0,,,0.2533,30.0
2017-05-09,0.2171,45.0,0.1807,26.0,0.1858,6.0,,,0.2288,31.0,0.2266,28.0,0.2087,27.0,0.22,9.0,,,0.2489,27.0
2017-05-08,0.2198,46.0,0.189,30.0,0.1806,4.0,,,0.2376,37.0,0.2267,28.0,0.2092,27.0,0.226,11.0,,,0.2503,28.0
2017-05-05,0.2249,48.0,0.1934,33.0,0.1738,3.0,,,0.236,36.0,0.228,30.0,0.2089,27.0,0.219,8.0,,,0.2661,42.0
2017-05-04,0.233,52.0,0.2044,39.0,0.1869,6.0,,,0.2243,28.0,0.2281,30.0,0.21,28.0,0.2263,12.0,,,0.2451,24.0
2017-05-03,0.3008,70.0,0.2235,50.0,0.1911,8.0,,,0.2259,28.0,0.2281,30.0,0.2097,28.0,0.2179,8.0,,,0.2597,36.0
2017-05-02,0.3402,78.0,0.2016,38.0,0.1879,7.0,,,0.2201,26.0,0.2275,28.0,0.2084,27.0,0.203,2.0,,,0.2686,44.0
2017-05-01,0.2998,70.0,0.2001,37.0,0.1986,12.0,,,0.2217,27.0,0.2247,27.0,0.2092,27.0,0.2272,12.0,,,0.2499,27.0
2017-04-28,0.3127,73.0,0.2109,43.0,0.1882,7.0,,,0.2192,25.0,0.2247,27.0,0.2093,28.0,0.2074,4.0,,,0.2734,48.0
2017-04-27,0.3127,73.0,0.205,40.0,0.1838,5.0,,,0.2211,27.0,0.2246,27.0,0.209,27.0,0.2126,5.0,,,0.2812,55.0
2017-04-26,0.3265,76.0,0.1965,35.0,0.2034,15.0,,,0.2231,28.0,0.2237,27.0,0.2088,27.0,0.2321,15.0,,,0.2483,26.0
2017-04-25,0.3287,76.0,0.1875,28.0,0.2066,17.0,,,0.2275,30.0,0.2236,27.0,0.2092,27.0,0.2369,18.0,,,0.2528,30.0
2017-04-24,0.2452,56.0,0.1437,10.0,0.2409,39.0,,,0.2643,54.0,0.2191,23.0,0.2072,26.0,0.2134,6.0,,,0.2714,47.0
2017-04-21,0.2167,44.0,0.1532,13.0,0.2638,53.0,,,0.2827,64.0,0.2195,23.0,0.2105,28.0,0.2352,17.0,,,0.2666,42.0
2017-04-20,0.2769,64.0,0.1792,25.0,0.2523,46.0,,,0.2689,57.0,0.2195,23.0,0.2109,28.0,0.2128,5.0,,,0.284,57.0
2017-04-19,0.2239,48.0,0.1655,18.0,0.2094,19.0,,,0.2816,64.0,0.2179,22.0,0.2109,28.0,0.2293,13.0,,,0.2759,51.0
2017-04-18,0.228,49.0,0.1786,25.0,0.2607,51.0,,,0.2022,14.0,0.218,22.0,0.2112,28.0,0.2354,17.0,,,0.276,51.0
2017-04-17,0.2236,48.0,0.1815,26.0,0.2447,41.0,,,0.2294,31.0,0.2163,21.0,0.2117,28.0,0.2175,7.0,,,0.2807,55.0
2017-04-13,0.2058,39.0,0.19,31.0,0.227,30.0,,,0.1773,5.0,0.2159,21.0,0.2114,28.0,0.2474,26.0,,,0.2564,33.0
2017-04-12,0.19,33.0,0.1782,24.0,0.1906,8.0,,,0.1843,6.0,0.2145,20.0,0.2109,28.0,0.238,19.0,,,0.2543,31.0
2017-04-11,0.0749,2.0,0.1641,18.0,0.1631,1.0,,,0.1903,8.0,0.2113,18.0,0.2097,28.0,0.2211,9.0,,,0.2733,48.0
2017-04-10,0.0861,3.0,0.16,16.0,0.1759,3.0,,,0.185,7.0,0.2113,18.0,0.2104,28.0,0.2185,8.0,,,0.2737,49.0
2017-04-07,0.0698,1.0,0.1439,10.0,0.1836,5.0,,,0.1733,4.0,0.2131,19.0,0.2107,28.0,0.2234,10.0,,,0.2753,50.0
2017-04-06,0.0899,3.0,0.1456,10.0,0.1746,3.0,,,0.1826,6.0,0.2135,19.0,0.2109,28.0,0.2209,9.0,,,0.2742,49.0
2017-04-05,0.0991,4.0,0.1534,13.0,0.1943,10.0,,,0.1847,7.0,0.2143,20.0,0.2118,30.0,0.2352,17.0,,,0.2734,48.0
2017-04-04,0.1426,16.0,0.155,14.0,0.1862,6.0,,,0.1964,11.0,0.2143,20.0,0.2111,28.0,0.2356,17.0,,,0.2576,34.0
2017-04-03,0.1431,16.0,0.1561,14.0,0.182,5.0,,,0.1969,11.0,0.2148,20.0,0.2118,30.0,0.2348,17.0,,,0.2726,48.0
2017-03-31,0.1411,15.0,0.1405,9.0,0.2031,15.0,,,0.1823,6.0,0.2147,20.0,0.2115,28.0,0.2299,13.0,,,0.2705,46.0
2017-03-30,0.1356,14.0,0.1418,9.0,0.1858,6.0,,,0.1962,11.0,0.2144,20.0,0.2115,28.0,0.2273,12.0,,,0.2756,50.0
2017-03-29,0.1866,31.0,0.1761,23.0,0.1991,12.0,,,0.1928,9.0,0.2153,21.0,0.2122,30.0,0.2297,13.0,,,0.2848,57.0
2017-03-28,0.1689,25.0,0.1722,21.0,0.2068,17.0,,,0.1964,11.0,0.2158,21.0,0.2124,30.0,0.2201,9.0,,,0.2781,53.0
2017-03-27,0.1693,25.0,0.1666,19.0,0.2128,21.0,,,0.2055,17.0,0.2171,22.0,0.2125,30.0,0.2359,18.0,,,0.2591,35.0
2017-03-24,0.1492,18.0,0.1482,11.0,0.2054,16.0,,,0.2005,13.0,0.2155,21.0,0.2118,30.0,0.2317,15.0,,,0.2747,50.0
2017-03-23,0.2124,42.0,0.1599,16.0,0.2011,14.0,,,0.1989,13.0,0.2165,21.0,0.2119,30.0,0.2235,10.0,,,0.2773,52.0
2017-03-22,0.2179,45.0,0.1633,17.0,0.2085,18.0,,,0.1989,13.0,0.217,22.0,0.2128,30.0,0.2272,12.0,,,0.278,53.0
2017-03-21,0.2185,45.0,0.1587,16.0,0.203,15.0,,,0.2023,15.0,0.2174,22.0,0.2129,31.0,0.2447,24.0,,,0.2567,33.0
2017-03-20,0.174,27.0,0.1229,3.0,0.1878,7.0,,,0.1908,9.0,0.2152,21.0,0.2115,28.0,0.2352,17.0,,,0.2726,48.0
2017-03-17,0.1823,30.0,0.1334,6.0,0.1868,6.0,,,0.1856,7.0,0.2153,21.0,0.2115,28.0,0.2244,11.0,,,0.2777,52.0
2017-03-16,0.1854,31.0,0.1347,7.0,0.1997,13.0,,,0.1988,13.0,0.215,20.0,0.2116,28.0,0.2302,14.0,,,0.2737,49.0
2017-03-15,0.2016,37.0,0.1444,10.0,0.2226,28.0,,,0.2032,15.0,0.2153,21.0,0.2119,30.0,0.2304,14.0,,,0.2735,49.0
2017-03-14,0.1386,14.0,0.1413,9.0,0.2152,23.0,,,0.2119,20.0,0.2133,19.0,0.2115,28.0,0.2331,16.0,,,0.2712,46.0
2017-03-13,0.1809,28.0,0.1472,11.0,0.2184,25.0,,,0.2199,26.0,0.213,19.0,0.2128,30.0,0.2284,13.0,,,0.2758,51.0
2017-03-10,0.244,55.0,0.1708,21.0,0.1862,6.0,,,0.2144,22.0,0.2142,20.0,0.213,31.0,0.2233,10.0,,,0.2784,53.0
2017-03-09,0.3235,75.0,0.1964,35.0,0.2104,20.0,,,0.2094,19.0,0.2148,20.0,0.2144,32.0,0.2455,25.0,,,0.258,35.0
2017-03-08,0.3275,76.0,0.1923,32.0,0.2003,13.0,,,0.2071,17.0,0.2174,22.0,0.2146,32.0,0.2375,19.0,,,0.2749,50.0
2017-03-07,0.3272,76.0,0.1902,31.0,0.2153,23.0,,,0.2121,21.0,0.2172,22.0,0.2144,32.0,0.2417,22.0,,,0.2603,36.0
2017-03-06,0.3189,74.0,0.1875,28.0,0.2283,31.0,,,0.2123,21.0,0.2169,22.0,0.2142,31.0,0.2318,15.0,,,0.2769,52.0
2017-03-03,0.323,75.0,0.1902,31.0,0.2163,24.0,,,0.2189,25.0,0.2195,23.0,0.2146,32.0,0.22,9.0,,,0.2876,60.0
2017-03-02,0.3047,71.0,0.1826,27.0,0.2224,28.0,,,0.2235,28.0,0.2184,23.0,0.2144,32.0,0.2419,22.0,,,0.2614,37.0
2017-03-01,0.2564,59.0,0.1643,18.0,0.2291,32.0,,,0.2184,25.0,0.2149,20.0,0.2141,31.0,0.2373,19.0,,,0.2852,59.0
2017-02-28,0.099,4.0,0.1411,9.0,0.2307,33.0,,,0.2281,31.0,0.2101,17.0,0.2129,31.0,0.2466,25.0,,,0.2613,37.0
2017-02-27,0.1129,7.0,0.1515,13.0,0.2158,23.0,,,0.23,32.0,0.2093,16.0,0.2127,30.0,0.2313,14.0,,,0.2827,57.0
2017-02-24,0.101,5.0,0.1528,13.0,0.2159,23.0,,,0.2202,26.0,0.2095,16.0,0.213,31.0,0.2304,14.0,,,0.2882,61.0
2017-02-23,0.1093,6.0,0.1477,11.0,0.217,24.0,,,0.2242,28.0,0.2095,16.0,0.2134,31.0,0.2453,24.0,,,0.2606,37.0
2017-02-22,0.1641,23.0,0.1374,7.0,0.216,24.0,,,0.2131,21.0,0.209,16.0,0.2127,30.0,0.2366,18.0,,,0.2731,48.0
2017-02-21,0.1653,23.0,0.1402,9.0,0.2129,21.0,,,0.2139,22.0,0.2085,16.0,0.2126,30.0,0.2303,14.0,,,0.2756,50.0
2017-02-17,0.196,35.0,0.1593,16.0,0.2048,16.0,,,0.209,19.0,0.2085,16.0,0.2125,30.0,0.2298,13.0,,,0.2821,56.0
2017-02-16,0.2198,46.0,0.1535,14.0,0.2044,16.0,,,0.2128,21.0,0.2085,16.0,0.2121,30.0,0.2479,26.0,,,0.2591,35.0
2017-02-15,0.1929,34.0,0.1442,10.0,0.2015,14.0,,,0.1944,10.0,0.2072,15.0,0.2115,28.0,0.2312,14.0,,,0.2771,52.0
2017-02-14,0.1973,35.0,0.148,11.0,0.2101,19.0,,,0.205,16.0,0.2072,15.0,0.2114,28.0,0.254,31.0,,,0.2647,40.0
2017-02-13,0.205,39.0,0.1664,18.0,0.2081,18.0,,,0.2232,28.0,0.2073,15.0,0.2122,30.0,0.2455,25.0,,,0.2674,43.0
2017-02-10,0.2199,46.0,0.1798,25.0,0.1817,4.0,,,0.1769,5.0,0.2061,14.0,0.2122,30.0,0.2504,28.0,,,0.2623,38.0
2017-02-09,0.2407,54.0,0.2143,45.0,0.206,17.0,,,0.2127,21.0,0.2072,15.0,0.2127,30.0,0.2523,30.0,,,0.2593,36.0
2017-02-08,0.2055,39.0,0.279,73.0,0.1857,6.0,,,0.2376,37.0,0.2056,14.0,0.2118,30.0,0.2803,46.0,,,0.2584,35.0
2017-02-07,0.193,34.0,0.2841,74.0,0.1932,9.0,,,0.2425,40.0,0.2048,13.0,0.2119,30.0,0.2669,39.0,,,0.2648,40.0
2017-02-06,0.1941,34.0,0.2842,74.0,0.1957,10.0,,,0.2558,49.0,0.2045,13.0,0.2117,28.0,0.2674,39.0,,,0.2671,43.0
2017-02-03,0.1923,34.0,0.2818,74.0,0.1832,5.0,,,0.2397,38.0,0.2043,13.0,0.2118,30.0,0.2524,30.0,,,0.2767,52.0
2017-02-02,0.2349,52.0,0.2873,75.0,0.2032,15.0,,,0.2485,44.0,0.2036,13.0,0.211,28.0,0.2794,45.0,,,0.2618,38.0
2017-02-01,0.2183,45.0,0.2832,74.0,0.1957,10.0,,,0.2384,37.0,0.2026,12.0,0.2103,28.0,0.2756,43.0,,,0.2689,44.0
2017-01-31,0.2135,43.0,0.2563,65.0,0.2007,13.0,,,0.2518,46.0,0.2013,11.0,0.2085,27.0,0.2698,40.0,,,0.2775,52.0
2017-01-30,0.2071,40.0,0.1692,20.0,0.271,56.0,,,0.3149,76.0,0.2012,11.0,0.2037,24.0,0.2641,38.0,,,0.2747,50.0
2017-01-27,0.2204,46.0,0.1667,19.0,0.2677,55.0,,,0.3113,75.0,0.2021,12.0,0.2034,24.0,0.2713,41.0,,,0.2703,46.0
2017-01-26,0.2244,48.0,0.1618,17.0,0.2668,54.0,,,0.3029,72.0,0.2021,12.0,0.2034,24.0,0.2669,39.0,,,0.2671,43.0
2017-01-25,0.2314,51.0,0.1638,18.0,0.265,53.0,,,0.2971,70.0,0.2021,12.0,0.2049,25.0,0.2458,25.0,,,0.2859,59.0
2017-01-24,0.2026,38.0,0.1383,8.0,0.2649,53.0,,,0.2951,70.0,0.1998,10.0,0.2042,25.0,0.2519,28.0,,,0.2853,59.0
2017-01-23,0.1623,22.0,0.1345,6.0,0.2774,60.0,,,0.3044,73.0,0.1989,9.0,0.2044,25.0,0.2811,46.0,,,0.2701,45.0
2017-01-20,0.1697,25.0,0.1348,7.0,0.2611,51.0,,,0.2915,68.0,0.2072,15.0,0.2072,26.0,0.2744,42.0,,,0.2749,50.0
2017-01-19,0.2029,38.0,0.1419,9.0,0.2663,54.0,,,0.2925,68.0,0.2082,16.0,0.2078,26.0,0.2837,47.0,,,0.2677,43.0
2017-01-18,0.2118,42.0,0.1425,9.0,0.2351,35.0,,,0.2845,65.0,0.2078,15.0,0.2077,26.0,0.2789,45.0,,,0.2689,44.0
2017-01-17,0.2064,39.0,0.157,15.0,0.2635,52.0,,,0.291,68.0,0.2074,15.0,0.2089,27.0,0.2744,42.0,,,0.274,49.0
2017-01-13,0.2295,50.0,0.1654,18.0,0.259,50.0,,,0.2082,18.0,0.2093,16.0,0.2099,28.0,0.2617,36.0,,,0.2819,56.0
2017-01-12,0.2194,46.0,0.1637,18.0,0.2076,18.0,,,0.1939,10.0,0.2097,17.0,0.2106,28.0,0.2755,43.0,,,0.2743,49.0
2017-01-11,0.2365,53.0,0.1687,20.0,0.2571,49.0,,,0.2071,17.0,0.21,17.0,0.2112,28.0,0.2585,34.0,,,0.2831,57.0
2017-01-10,0.2493,57.0,0.1761,23.0,0.198,12.0,,,0.207,17.0,0.21,17.0,0.2112,28.0,0.2555,32.0,,,0.2877,60.0
2017-01-09,0.2388,54.0,0.1722,21.0,0.2143,22.0,,,0.2192,25.0,0.2087,16.0,0.2111,28.0,0.2757,43.0,,,0.2766,51.0
2017-01-06,0.2344,52.0,0.1706,21.0,0.2215,27.0,,,0.21,19.0,0.2079,15.0,0.2109,28.0,0.2723,41.0,,,0.278,53.0
2017-01-05,0.2235,48.0,0.1564,15.0,0.2165,24.0,,,0.214,22.0,0.2093,16.0,0.211,28.0,0.2803,46.0,,,0.2725,48.0
2017-01-04,0.1947,34.0,0.1473,11.0,0.2201,26.0,,,0.2203,26.0,0.2088,16.0,0.211,28.0,0.266,38.0,,,0.2815,56.0
2017-01-03,0.1758,27.0,0.1455,10.0,0.2184,25.0,,,0.2277,30.0,0.2109,17.0,0.2119,30.0,0.2729,41.0,,,0.2785,53.0
2016-12-30,0.0915,3.0,0.1349,7.0,0.2313,33.0,,,0.2227,28.0,0.2092,16.0,0.2119,30.0,0.276,43.0,,,0.2771,52.0
2016-12-29,0.11,7.0,0.1259,4.0,0.2187,25.0,,,0.2133,22.0,0.2088,16.0,0.2129,31.0,0.2808,46.0,,,0.2729,48.0
2016-12-28,0.0985,4.0,0.1262,4.0,0.2173,24.0,,,0.2152,23.0,0.2122,18.0,0.2144,32.0,0.2751,43.0,,,0.2746,50.0
2016-12-27,0.077,2.0,0.1209,3.0,0.2117,20.0,,,0.213,21.0,0.2115,18.0,0.2145,32.0,0.272,41.0,,,0.2757,51.0
2016-12-23,0.0816,2.0,0.1307,5.0,0.204,15.0,,,0.2048,16.0,0.2138,19.0,0.2157,32.0,0.2683,40.0,,,0.2736,49.0
2016-12-22,0.1005,5.0,0.1444,10.0,0.2084,18.0,,,0.2135,22.0,0.2147,20.0,0.2161,32.0,0.2726,41.0,,,0.2728,48.0
2016-12-21,0.1034,5.0,0.1497,12.0,0.2134,22.0,,,0.2106,20.0,0.2159,21.0,0.2168,33.0,0.2739,42.0,,,0.2719,47.0
2016-12-20,0.1091,6.0,0.1571,15.0,0.2102,19.0,,,0.2115,20.0,0.234,34.0,0.223,36.0,0.2678,39.0,,,0.2761,51.0
2016-12-19,0.0814,2.0,0.1684,19.0,0.2158,23.0,,,0.2164,23.0,0.2621,54.0,0.2252,38.0,0.2713,41.0,,,0.2731,48.0
2016-12-16,0.1404,15.0,0.1752,23.0,0.2302,32.0,,,0.2284,31.0,0.266,57.0,0.2256,38.0,0.2773,44.0,,,0.268,44.0
2016-12-15,0.3538,80.0,0.2629,67.0,0.2318,33.0,,,0.2313,33.0,0.2659,57.0,0.2257,38.0,0.2758,43.0,,,0.2708,46.0
2016-12-14,0.367,82.0,0.2683,70.0,0.2707,56.0,,,0.2624,53.0,0.2659,57.0,0.2255,38.0,0.2713,41.0,,,0.2719,47.0
2016-12-13,0.3813,83.0,0.2772,73.0,0.2561,48.0,,,0.2351,35.0,0.2641,56.0,0.2252,38.0,0.2682,40.0,,,0.2698,45.0
2016-12-12,0.3814,84.0,0.2814,74.0,0.257,49.0,,,0.2521,46.0,0.2641,56.0,0.2254,38.0,0.2665,39.0,,,0.2732,48.0
2016-12-09,0.3614,81.0,0.3819,89.0,0.2199,26.0,,,0.2294,31.0,0.2637,55.0,0.226,38.0,0.2624,36.0,,,0.2675,43.0
2016-12-08,0.339,78.0,0.3814,89.0,0.2303,32.0,,,0.2352,35.0,0.2637,55.0,0.2257,38.0,0.2561,32.0,,,0.264,40.0
2016-12-07,0.3414,78.0,0.3787,89.0,0.224,28.0,,,0.2222,27.0,0.264,56.0,0.2254,38.0,0.2522,30.0,,,0.2627,39.0
2016-12-06,0.2898,68.0,0.3258,83.0,0.2353,35.0,,,0.2334,34.0,0.2555,47.0,0.2207,35.0,0.2553,32.0,,,0.2626,39.0
2016-12-05,0.2567,59.0,0.319,82.0,0.2198,26.0,,,0.2304,32.0,0.2563,48.0,0.2207,35.0,0.2441,23.0,,,0.2566,33.0
2016-12-02,0.193,34.0,0.316,81.0,0.2216,27.0,,,0.2246,28.0,0.2526,45.0,0.2196,34.0,0.2424,22.0,,,0.2602,36.0
2016-12-01,0.1918,33.0,0.3107,80.0,0.2298,32.0,,,0.2346,35.0,0.2531,45.0,0.2196,34.0,0.2434,23.0,,,0.2579,35.0
2016-11-30,0.1849,31.0,0.1633,17.0,0.2259,30.0,,,0.2231,28.0,0.2526,45.0,0.2107,28.0,0.2478,26.0,,,0.2555,32.0
2016-11-29,0.1809,28.0,0.1489,12.0,0.2195,26.0,,,0.2243,28.0,0.2527,45.0,0.2106,28.0,0.2384,20.0,,,0.2562,33.0
2016-11-28,0.1813,30.0,0.1374,7.0,0.2275,31.0,,,0.223,28.0,0.2527,45.0,0.2102,28.0,0.2467,25.0,,,0.2467,25.0
2016-11-25,0.1421,16.0,0.1315,5.0,0.2019,14.0,,,0.2021,14.0,0.2544,46.0,0.2112,28.0,0.2319,15.0,,,0.2507,28.0
2016-11-23,0.1622,22.0,0.1525,13.0,0.1982,12.0,,,0.2027,15.0,0.2544,46.0,0.2114,28.0,0.2311,14.0,,,0.2532,30.0
2016-11-22,0.1313,12.0,0.1397,8.0,0.209,19.0,,,0.2014,14.0,0.253,45.0,0.2107,28.0,0.2294,13.0,,,0.254,31.0
2016-11-21,0.1852,31.0,0.1829,27.0,0.2053,16.0,,,0.2068,17.0,0.2526,45.0,0.2107,28.0,0.2396,20.0,,,0.2533,30.0
2016-11-18,0.3049,71.0,0.2264,51.0,0.2238,28.0,,,0.2216,27.0,0.2525,45.0,0.2107,28.0,0.2416,22.0,,,0.2562,33.0
2016-11-17,0.3676,82.0,0.3864,90.0,0.2261,30.0,,,0.2292,31.0,0.2546,47.0,0.2114,28.0,0.2397,20.0,,,0.2541,31.0
2016-11-16,0.3657,81.0,0.3914,90.0,0.231,33.0,,,0.2367,36.0,0.2556,48.0,0.2118,30.0,0.2342,16.0,,,0.259,35.0
2016-11-15,0.3575,80.0,0.3925,90.0,0.2347,35.0,,,0.3513,82.0,0.2557,48.0,0.2118,30.0,0.2348,17.0,,,0.2584,35.0
2016-11-14,0.3599,81.0,0.3951,90.0,0.2493,44.0,,,0.3153,76.0,0.2545,46.0,0.211,28.0,0.2385,20.0,,,0.2639,40.0
2016-11-11,0.38,83.0,0.3938,90.0,0.2536,46.0,,,0.3164,77.0,0.2594,51.0,0.2126,30.0,0.2377,19.0,,,0.2667,42.0
2016-11-10,0.33,76.0,0.3773,89.0,0.2321,33.0,,,0.3177,77.0,0.2597,51.0,0.2117,28.0,0.2308,14.0,,,0.2615,38.0
2016-11-09,0.2919,68.0,0.3632,87.0,0.2289,32.0,,,0.3098,75.0,0.2536,46.0,0.2098,28.0,0.2339,16.0,,,0.2607,37.0
2016-11-08,0.1746,27.0,0.1922,32.0,0.2624,52.0,,,0.3211,78.0,0.2476,43.0,0.1968,21.0,0.2448,24.0,,,0.2694,45.0
2016-11-07,0.1724,26.0,0.1851,28.0,0.2606,51.0,,,0.3111,75.0,0.2486,43.0,0.1973,21.0,0.239,20.0,,,0.2707,46.0
2016-11-04,0.0886,3.0,0.1916,32.0,0.2933,67.0,,,0.3099,75.0,0.2465,42.0,0.1979,22.0,0.2526,30.0,,,0.2694,45.0
2016-11-03,0.0946,4.0,0.1887,30.0,0.2788,60.0,,,0.3202,77.0,0.2468,42.0,0.197,21.0,0.2522,30.0,,,0.2702,46.0
2016-11-02,0.1831,30.0,0.2421,59.0,0.2625,52.0,,,0.2989,71.0,0.2507,44.0,0.1977,21.0,0.2494,28.0,,,0.2706,46.0
2016-11-01,0.1823,30.0,0.2483,62.0,0.2506,45.0,,,0.288,67.0,0.2508,44.0,0.1991,22.0,0.2457,25.0,,,0.2704,46.0
2016-10-31,0.1826,30.0,0.2461,61.0,0.239,38.0,,,0.2759,61.0,0.2506,44.0,0.1984,22.0,0.2518,28.0,,,0.2622,38.0
2016-10-28,0.1806,28.0,0.2464,61.0,0.2252,28.0,,,0.2619,53.0,0.2504,44.0,0.1986,22.0,0.2452,24.0,,,0.2692,45.0
2016-10-27,0.1788,28.0,0.2477,61.0,0.2222,27.0,,,0.2557,49.0,0.2552,47.0,0.2004,23.0,0.2437,23.0,,,0.2678,43.0
2016-10-26,0.1807,28.0,0.2449,60.0,0.2246,28.0,,,0.2589,51.0,0.256,48.0,0.2001,23.0,0.2437,23.0,,,0.2692,45.0
2016-10-25,0.1627,22.0,0.2272,52.0,0.2391,38.0,,,0.265,55.0,0.2557,48.0,0.1993,22.0,0.2466,25.0,,,0.2682,44.0
2016-10-24,0.0453,1.0,0.1636,17.0,0.2864,64.0,,,0.3038,73.0,0.2532,45.0,0.1965,21.0,0.25,28.0,,,0.2675,43.0
2016-10-21,0.0879,3.0,0.1518,13.0,0.2712,56.0,,,0.2904,68.0,0.2536,46.0,0.1965,21.0,0.2424,22.0,,,0.2698,45.0
2016-10-20,0.0894,3.0,0.1543,14.0,0.2763,59.0,,,0.2785,62.0,0.2556,48.0,0.1967,21.0,0.2409,21.0,,,0.2736,49.0
2016-10-19,0.1343,13.0,0.1665,19.0,0.233,34.0,,,0.291,68.0,0.2653,57.0,0.2005,23.0,0.2435,23.0,,,0.2697,45.0
2016-10-18,0.1332,13.0,0.1712,21.0,0.221,27.0,,,0.2447,41.0,0.2656,57.0,0.2004,23.0,0.2486,27.0,,,0.2693,45.0
2016-10-17,0.1285,11.0,0.1842,27.0,0.2569,49.0,,,0.2528,47.0,0.266,57.0,0.2005,23.0,0.2482,27.0,,,0.2632,39.0
2016-10-14,0.1267,11.0,0.1843,27.0,0.2561,48.0,,,0.2353,35.0,0.2663,57.0,0.2009,23.0,0.2469,26.0,,,0.2627,39.0
2016-10-13,0.1665,24.0,0.1952,34.0,0.2594,50.0,,,0.2451,42.0,0.2664,59.0,0.2012,23.0,0.246,25.0,,,0.2647,40.0
2016-10-12,0.1695,25.0,0.2021,38.0,0.2389,37.0,,,0.2276,30.0,0.2657,57.0,0.2016,23.0,0.2542,31.0,,,0.2518,28.0
2016-10-11,0.1691,25.0,0.183,27.0,0.225,28.0,,,0.2387,37.0,0.2658,57.0,0.2006,23.0,0.2427,22.0,,,0.2621,38.0
2016-10-10,0.1623,22.0,0.1786,25.0,0.2246,28.0,,,0.2197,26.0,0.2644,56.0,0.1996,22.0,0.2418,22.0,,,0.253,30.0
2016-10-07,0.1674,24.0,0.179,25.0,0.2278,31.0,,,0.2087,19.0,0.2641,56.0,0.1995,22.0,0.236,18.0,,,0.2502,28.0
2016-10-06,0.168,24.0,0.1688,20.0,0.2071,18.0,,,0.2065,17.0,0.268,60.0,0.2011,23.0,0.2289,13.0,,,0.2501,27.0
2016-10-05,0.1625,22.0,0.1716,21.0,0.2045,16.0,,,0.2099,19.0,0.269,61.0,0.2018,23.0,0.232,15.0,,,0.2487,27.0
2016-10-04,0.1918,33.0,0.1584,15.0,0.2163,24.0,,,0.2216,27.0,0.2685,61.0,0.2018,23.0,0.2323,15.0,,,0.2529,30.0
2016-10-03,0.2027,38.0,0.1716,21.0,0.2132,21.0,,,0.2099,19.0,0.2685,61.0,0.2022,23.0,0.2372,19.0,,,0.254,31.0
2016-09-30,0.2123,42.0,0.1747,23.0,0.2083,18.0,,,0.2004,13.0,0.2693,61.0,0.2025,24.0,0.2352,17.0,,,0.2472,26.0
2016-09-29,0.1989,36.0,0.1607,16.0,0.215,23.0,,,0.2071,17.0,0.2686,61.0,0.2025,24.0,0.2438,23.0,,,0.253,30.0
2016-09-28,0.1846,31.0,0.1512,13.0,0.1958,10.0,,,0.1991,13.0,0.2691,61.0,0.2022,23.0,0.2276,12.0,,,0.2569,33.0
2016-09-27,0.152,19.0,0.1447,10.0,0.1976,11.0,,,0.1975,12.0,0.2682,60.0,0.2019,23.0,0.2334,16.0,,,0.2567,33.0
2016-09-26,0.1595,21.0,0.1509,12.0,0.2186,25.0,,,0.2085,18.0,0.2685,61.0,0.2026,24.0,0.2501,28.0,,,0.2566,33.0
2016-09-23,0.1284,11.0,0.1526,13.0,0.1981,12.0,,,0.192,9.0,0.2678,60.0,0.2026,24.0,0.2464,25.0,,,0.2533,30.0
2016-09-22,0.0983,4.0,0.1629,17.0,0.1944,10.0,,,0.1966,11.0,0.2675,60.0,0.2019,23.0,0.2373,19.0,,,0.2572,34.0
2016-09-21,0.1411,15.0,0.1626,17.0,0.2051,16.0,,,0.2052,16.0,0.2682,60.0,0.2035,24.0,0.2399,21.0,,,0.2661,42.0
2016-09-20,0.172,26.0,0.1918,32.0,0.2199,26.0,,,0.2125,21.0,0.2681,60.0,0.2036,24.0,0.2435,23.0,,,0.2618,38.0
2016-09-19,0.2253,49.0,0.2028,39.0,0.2192,26.0,,,0.2201,26.0,0.2678,60.0,0.2049,25.0,0.2454,24.0,,,0.2596,36.0
2016-09-16,0.2241,48.0,0.1992,37.0,0.2283,31.0,,,0.2258,28.0,0.2687,61.0,0.2051,25.0,0.2495,28.0,,,0.2622,38.0
2016-09-15,0.2239,48.0,0.1942,34.0,0.2803,61.0,,,0.2303,32.0,0.2688,61.0,0.2048,25.0,0.249,27.0,,,0.2646,40.0
2016-09-14,0.2515,57.0,0.2074,41.0,0.284,63.0,,,0.2994,71.0,0.2689,61.0,0.2049,25.0,0.2591,34.0,,,0.2629,39.0
2016-09-13,0.2355,52.0,0.1833,27.0,0.3082,73.0,,,0.2878,67.0,0.2688,61.0,0.204,25.0,0.2595,35.0,,,0.2639,40.0
2016-09-12,0.2315,51.0,0.1933,33.0,0.2555,48.0,,,0.2605,52.0,0.269,61.0,0.2048,25.0,0.2497,28.0,,,0.2578,34.0
2016-09-09,0.1496,18.0,0.1667,19.0,0.2772,59.0,,,0.2326,33.0,0.2682,60.0,0.2042,25.0,0.2596,35.0,,,0.2575,34.0
2016-09-08,0.1377,14.0,0.1522,13.0,0.2169,24.0,,,0.2197,26.0,0.266,57.0,0.2036,24.0,0.2475,26.0,,,0.2471,25.0
2016-09-07,0.1581,21.0,0.1609,16.0,0.2228,28.0,,,0.2288,31.0,0.2672,59.0,0.2048,25.0,0.2398,20.0,,,0.25,27.0
2016-09-06,0.1602,21.0,0.1704,20.0,0.2302,32.0,,,0.2298,32.0,0.2682,60.0,0.2061,26.0,0.2452,24.0,,,0.2532,30.0
2016-09-02,0.1005,5.0,0.1482,11.0,0.1859,6.0,,,0.1918,9.0,0.2662,57.0,0.2064,26.0,0.2351,17.0,,,0.245,24.0
2016-09-01,0.0985,4.0,0.1407,9.0,0.2052,16.0,,,0.2118,20.0,0.2661,57.0,0.2066,26.0,0.2376,19.0,,,0.242,22.0
2016-08-31,0.0959,4.0,0.1213,3.0,0.2063,17.0,,,0.2074,18.0,0.2686,61.0,0.2069,26.0,0.2362,18.0,,,0.2406,22.0
2016-08-30,0.06,1.0,0.1158,2.0,0.1872,6.0,,,0.2134,22.0,0.2681,60.0,0.2071,26.0,0.2354,17.0,,,0.2396,21.0
2016-08-29,0.0662,1.0,0.1175,2.0,0.1988,12.0,,,0.2102,19.0,0.2687,61.0,0.2078,26.0,0.2321,15.0,,,0.2383,21.0
2016-08-26,0.0683,1.0,0.1055,1.0,0.2077,18.0,,,0.2001,13.0,0.2726,63.0,0.2099,28.0,0.2382,19.0,,,0.2376,21.0
2016-08-25,0.0649,1.0,0.1149,2.0,0.2009,14.0,,,0.2051,16.0,0.2729,64.0,0.2097,28.0,0.2351,17.0,,,0.2383,21.0
2016-08-24,0.0655,1.0,0.1213,3.0,0.2005,13.0,,,0.2044,16.0,0.2747,65.0,0.2106,28.0,0.2348,17.0,,,0.2387,21.0
2016-08-23,0.1056,6.0,0.1416,9.0,0.2002,13.0,,,0.1985,12.0,0.2749,65.0,0.2109,28.0,0.2366,18.0,,,0.2394,21.0
2016-08-22,0.1172,8.0,0.142,9.0,0.2021,14.0,,,0.2032,15.0,0.2749,65.0,0.2123,30.0,0.2299,13.0,,,0.2558,32.0
2016-08-19,0.1128,7.0,0.1483,11.0,0.2013,14.0,,,0.2006,14.0,0.2754,65.0,0.2129,31.0,0.2266,12.0,,,0.2642,40.0
2016-08-18,0.1162,8.0,0.1487,12.0,0.2042,16.0,,,0.2111,20.0,0.2755,66.0,0.2152,32.0,0.2313,14.0,,,0.2652,41.0
2016-08-17,0.1215,9.0,0.1563,14.0,0.2515,45.0,,,0.2734,60.0,0.2762,66.0,0.2158,32.0,0.2342,16.0,,,0.2678,43.0
2016-08-16,0.1215,9.0,0.1375,8.0,0.2748,57.0,,,0.2122,21.0,0.2785,67.0,0.2152,32.0,0.2378,19.0,,,0.267,43.0
2016-08-15,0.1286,12.0,0.134,6.0,0.2127,21.0,,,0.2112,20.0,0.2788,67.0,0.2155,32.0,0.237,18.0,,,0.2656,41.0
2016-08-12,0.0908,3.0,0.1221,3.0,0.2179,25.0,,,0.2225,28.0,0.2785,67.0,0.2164,33.0,0.2389,20.0,,,0.2679,44.0
2016-08-11,0.088,3.0,0.1341,6.0,0.2148,23.0,,,0.1937,10.0,0.279,68.0,0.2189,34.0,0.2376,19.0,,,0.2659,41.0
2016-08-10,0.1156,8.0,0.1344,6.0,0.2055,16.0,,,0.2243,28.0,0.2814,69.0,0.2198,34.0,0.2433,23.0,,,0.2729,48.0
2016-08-09,0.1197,9.0,0.141,9.0,0.1852,5.0,,,0.2525,46.0,0.2854,72.0,0.2216,35.0,0.2349,17.0,,,0.2777,52.0
2016-08-08,0.1336,13.0,0.1687,20.0,0.186,6.0,,,0.2504,45.0,0.2858,72.0,0.2229,36.0,0.231,14.0,,,0.2778,53.0
2016-08-05,0.1389,15.0,0.1798,25.0,0.2086,19.0,,,0.2549,48.0,0.287,73.0,0.2249,37.0,0.2347,17.0,,,0.2816,56.0
2016-08-04,0.1459,17.0,0.192,32.0,0.207,17.0,,,0.2626,53.0,0.2867,73.0,0.2258,38.0,0.2401,21.0,,,0.284,57.0
2016-08-03,0.3034,71.0,0.2369,57.0,0.2102,19.0,,,0.2748,60.0,0.2866,73.0,0.2264,39.0,0.2378,19.0,,,0.2813,56.0
2016-08-02,0.3076,72.0,0.2424,59.0,0.2239,28.0,,,0.271,57.0,0.2866,73.0,0.2279,41.0,0.2405,21.0,,,0.279,54.0
2016-08-01,0.2772,64.0,0.2442,60.0,0.214,22.0,,,0.2616,52.0,0.2927,74.0,0.2313,45.0,0.232,15.0,,,0.2803,55.0
2016-07-29,0.271,63.0,0.2574,65.0,0.2099,19.0,,,0.247,43.0,0.2924,74.0,0.2342,48.0,0.2288,13.0,,,0.2739,49.0
2016-07-28,0.2829,66.0,0.2533,64.0,0.2218,27.0,,,0.2604,52.0,0.2941,74.0,0.2332,47.0,0.2287,13.0,,,0.2763,51.0
2016-07-27,0.3079,72.0,0.2576,65.0,0.2054,16.0,,,0.2516,46.0,0.2943,75.0,0.2342,48.0,0.2279,12.0,,,0.2769,52.0
2016-07-26,0.3081,72.0,0.261,67.0,0.2137,22.0,,,0.2505,45.0,0.2978,76.0,0.2477,59.0,0.2287,13.0,,,0.2732,48.0
2016-07-25,0.2269,49.0,0.2187,47.0,0.2961,69.0,,,0.335,80.0,0.2921,74.0,0.2477,59.0,0.2419,22.0,,,0.2926,63.0
2016-07-22,0.2118,42.0,0.2121,44.0,0.2896,66.0,,,0.321,78.0,0.2921,74.0,0.2483,59.0,0.2381,19.0,,,0.2854,59.0
2016-07-21,0.2152,44.0,0.2097,42.0,0.2949,68.0,,,0.3265,79.0,0.2971,75.0,0.2493,60.0,0.2449,24.0,,,0.2866,60.0
2016-07-20,0.2389,54.0,0.2005,37.0,0.2905,66.0,,,0.3203,77.0,0.2982,76.0,0.2486,60.0,0.241,21.0,,,0.2805,55.0
2016-07-19,0.2168,44.0,0.1868,28.0,0.3004,70.0,,,0.3297,79.0,0.2971,75.0,0.2487,60.0,0.2453,24.0,,,0.2891,61.0
2016-07-18,0.1983,36.0,0.1912,32.0,0.2949,68.0,,,0.3155,76.0,0.2963,75.0,0.2494,60.0,0.2482,27.0,,,0.2921,63.0
2016-07-15,0.2069,40.0,0.1849,28.0,0.2923,67.0,,,0.3128,76.0,0.2959,75.0,0.2529,63.0,0.2448,24.0,,,0.2874,60.0
2016-07-14,0.1874,32.0,0.2084,41.0,0.3007,70.0,,,0.3254,78.0,0.296,75.0,0.2543,64.0,0.2471,26.0,,,0.29,62.0
2016-07-13,0.2891,67.0,0.2328,55.0,0.2944,68.0,,,0.2802,63.0,0.2963,75.0,0.2556,64.0,0.2465,25.0,,,0.293,64.0
2016-07-12,0.2844,66.0,0.2361,56.0,0.261,51.0,,,0.2728,59.0,0.2993,76.0,0.2588,67.0,0.2494,28.0,,,0.2935,64.0
2016-07-11,0.2909,68.0,0.2451,61.0,0.2833,63.0,,,0.2758,61.0,0.2995,76.0,0.2598,67.0,0.2495,28.0,,,0.2947,65.0
2016-07-08,0.29,68.0,0.2457,61.0,0.2336,34.0,,,0.2424,40.0,0.2987,76.0,0.2609,69.0,0.2551,31.0,,,0.2993,68.0
2016-07-07,0.2711,63.0,0.2405,59.0,0.2826,62.0,,,0.3034,73.0,0.2964,75.0,0.2609,69.0,0.2655,38.0,,,0.316,76.0
2016-07-06,0.4864,91.0,0.3217,82.0,0.2799,61.0,,,0.2804,63.0,0.297,75.0,0.2616,69.0,0.2643,38.0,,,0.3142,75.0
2016-07-05,0.6638,97.0,0.3339,84.0,0.2993,70.0,,,0.2805,63.0,0.3003,76.0,0.2609,69.0,0.2721,41.0,,,0.3173,76.0
2016-07-01,0.7039,98.0,0.3219,82.0,0.2568,48.0,,,0.2488,44.0,0.2977,76.0,0.2604,68.0,0.259,34.0,,,0.3063,71.0
2016-06-30,0.7025,98.0,0.3201,82.0,0.2405,38.0,,,0.2586,51.0,0.2973,75.0,0.2607,68.0,0.2557,32.0,,,0.3117,74.0
2016-06-29,0.6732,97.0,0.3067,79.0,0.2698,56.0,,,0.2717,59.0,0.296,75.0,0.261,69.0,0.2671,39.0,,,0.3105,74.0
2016-06-28,0.6639,97.0,0.3038,79.0,0.3065,73.0,,,0.2953,70.0,0.2958,75.0,0.2608,68.0,0.2642,38.0,,,0.3254,79.0
2016-06-27,0.6379,96.0,0.2999,78.0,0.3416,80.0,,,0.3617,84.0,0.2947,75.0,0.2604,68.0,0.2783,45.0,,,0.3253,79.0
2016-06-24,0.5544,94.0,0.2211,48.0,0.288,65.0,,,0.2927,69.0,0.2814,69.0,0.2552,64.0,0.2507,28.0,,,0.2962,66.0
2016-06-23,0.1762,27.0,0.1797,25.0,0.242,39.0,,,0.2421,40.0,0.2562,48.0,0.2536,63.0,0.2384,20.0,,,0.277,52.0
2016-06-22,0.1119,7.0,0.1693,20.0,0.2541,47.0,,,0.2521,46.0,0.2536,46.0,0.253,63.0,0.2442,24.0,,,0.2784,53.0
2016-06-21,0.1147,8.0,0.1721,21.0,0.2441,40.0,,,0.2442,41.0,0.2557,48.0,0.2532,63.0,0.2465,25.0,,,0.2773,52.0
2016-06-20,0.1636,23.0,0.1842,27.0,0.2423,39.0,,,0.2401,38.0,0.2604,52.0,0.2548,64.0,0.2491,27.0,,,0.2792,54.0
2016-06-17,0.1499,18.0,0.1812,26.0,0.2579,49.0,,,0.2518,46.0,0.2607,52.0,0.2549,64.0,0.2583,34.0,,,0.2881,61.0
2016-06-16,0.1835,30.0,0.1836,27.0,0.2611,51.0,,,0.2577,50.0,0.2609,52.0,0.2547,64.0,0.2559,32.0,,,0.2837,57.0
2016-06-15,0.1868,32.0,0.1647,18.0,0.3726,84.0,,,0.2242,28.0,0.2641,56.0,0.255,64.0,0.2564,33.0,,,0.2846,57.0
2016-06-14,0.2238,48.0,0.1701,20.0,0.2797,61.0,,,0.2802,63.0,0.2641,56.0,0.2561,65.0,0.2595,35.0,,,0.2863,59.0
2016-06-13,0.2602,60.0,0.1767,23.0,0.2944,68.0,,,0.2716,59.0,0.2639,56.0,0.2562,65.0,0.256,32.0,,,0.2834,57.0
2016-06-10,0.274,64.0,0.1822,27.0,0.235,35.0,,,0.2408,39.0,0.2637,55.0,0.2565,65.0,0.2461,25.0,,,0.2766,51.0
2016-06-09,0.2424,55.0,0.174,22.0,0.2273,30.0,,,0.2315,33.0,0.2667,59.0,0.2585,66.0,0.2388,20.0,,,0.2672,43.0
2016-06-08,0.2141,43.0,0.1778,24.0,0.2146,22.0,,,0.2186,25.0,0.2656,57.0,0.2586,66.0,0.2351,17.0,,,0.2632,39.0
2016-06-07,0.2036,38.0,0.1684,19.0,0.2194,26.0,,,0.2342,34.0,0.2652,57.0,0.2593,67.0,0.2384,20.0,,,0.2657,41.0
2016-06-06,0.1998,36.0,0.1633,17.0,0.2384,37.0,,,0.2266,30.0,0.2658,57.0,0.2594,67.0,0.238,19.0,,,0.2663,42.0
2016-06-03,0.2291,50.0,0.1669,19.0,0.2361,36.0,,,0.2327,33.0,0.266,57.0,0.2594,67.0,0.2403,21.0,,,0.2713,47.0
2016-06-02,0.1549,20.0,0.1628,17.0,0.2185,25.0,,,0.2211,27.0,0.2649,57.0,0.2605,68.0,0.2379,19.0,,,0.2653,41.0
2016-06-01,0.1684,24.0,0.1484,11.0,0.2305,33.0,,,0.2262,28.0,0.2742,65.0,0.2613,69.0,0.2383,20.0,,,0.2643,40.0
2016-05-31,0.1645,23.0,0.1437,10.0,0.2348,35.0,,,0.2208,26.0,0.2744,65.0,0.2613,69.0,0.2406,21.0,,,0.2672,43.0
2016-05-27,0.2987,70.0,0.1846,28.0,0.2215,27.0,,,0.2204,26.0,0.2747,65.0,0.2612,69.0,0.2424,22.0,,,0.2686,44.0
2016-05-26,0.3255,76.0,0.2032,39.0,0.2397,38.0,,,0.2281,31.0,0.2746,65.0,0.2617,69.0,0.246,25.0,,,0.2709,46.0
2016-05-25,0.3259,76.0,0.2122,44.0,0.2387,37.0,,,0.2351,35.0,0.2747,65.0,0.2617,69.0,0.2475,26.0,,,0.2727,48.0
2016-05-24,0.3058,71.0,0.2096,42.0,0.2475,43.0,,,0.2399,38.0,0.2727,63.0,0.2612,69.0,0.2531,30.0,,,0.2768,52.0
2016-05-23,0.2669,62.0,0.2204,48.0,0.2513,45.0,,,0.2571,50.0,0.2716,63.0,0.2614,69.0,0.2589,34.0,,,0.283,57.0
2016-05-20,0.2707,63.0,0.2308,54.0,0.2682,55.0,,,0.2593,51.0,0.2715,63.0,0.2614,69.0,0.2612,36.0,,,0.2909,62.0
2016-05-19,0.2626,61.0,0.233,55.0,0.2954,68.0,,,0.2823,64.0,0.2717,63.0,0.2615,69.0,0.2646,38.0,,,0.2967,66.0
2016-05-18,0.3007,70.0,0.2154,45.0,0.2492,44.0,,,0.2733,60.0,0.2672,59.0,0.2601,68.0,0.2502,28.0,,,0.2838,57.0
2016-05-17,0.2667,62.0,0.2243,50.0,0.2677,55.0,,,0.2592,51.0,0.2684,61.0,0.2607,68.0,0.2508,28.0,,,0.2795,54.0
2016-05-16,0.2608,60.0,0.2219,49.0,0.2189,25.0,,,0.2926,69.0,0.2685,61.0,0.2603,68.0,0.2375,19.0,,,0.2829,57.0
2016-05-13,0.2447,55.0,0.2222,49.0,0.2172,24.0,,,0.2806,63.0,0.2676,60.0,0.2603,68.0,0.2427,22.0,,,0.2885,61.0
2016-05-12,0.3128,73.0,0.2367,57.0,0.2098,19.0,,,0.2799,63.0,0.2664,59.0,0.2597,67.0,0.2407,21.0,,,0.2835,57.0
2016-05-11,0.3196,74.0,0.2274,52.0,0.2301,32.0,,,0.2839,65.0,0.269,61.0,0.2598,67.0,0.2397,20.0,,,0.2831,57.0
2016-05-10,0.3154,73.0,0.2278,52.0,0.2223,27.0,,,0.2663,55.0,0.2684,61.0,0.2597,67.0,0.2348,17.0,,,0.2816,56.0
2016-05-09,0.2042,38.0,0.2244,50.0,0.2417,39.0,,,0.2947,69.0,0.2653,57.0,0.2594,67.0,0.2422,22.0,,,0.2872,60.0
2016-05-06,0.1767,28.0,0.2088,42.0,0.2286,31.0,,,0.2824,64.0,0.2702,62.0,0.2617,69.0,0.2396,20.0,,,0.2897,62.0
2016-05-05,0.2654,62.0,0.2204,48.0,0.2433,40.0,,,0.2891,67.0,0.2704,62.0,0.2618,69.0,0.2426,22.0,,,0.2877,60.0
2016-05-04,0.4415,89.0,0.2723,71.0,0.2445,41.0,,,0.2952,70.0,0.2709,62.0,0.262,69.0,0.2402,21.0,,,0.2851,59.0
2016-05-03,0.3791,83.0,0.2471,61.0,0.2301,32.0,,,0.2724,59.0,0.2665,59.0,0.2609,69.0,0.2332,16.0,,,0.2745,50.0
2016-05-02,0.36,81.0,0.2512,63.0,0.2355,35.0,,,0.27,57.0,0.266,57.0,0.2613,69.0,0.2305,14.0,,,0.2718,47.0
2016-04-29,0.3678,82.0,0.251,63.0,0.2248,28.0,,,0.2621,53.0,0.2673,60.0,0.2619,69.0,0.2279,12.0,,,0.27,45.0
2016-04-28,0.3476,79.0,0.2457,61.0,0.2179,25.0,,,0.2501,45.0,0.2671,59.0,0.2618,69.0,0.2231,10.0,,,0.2667,42.0
2016-04-27,0.3238,75.0,0.2423,59.0,0.2133,22.0,,,0.2383,37.0,0.2671,59.0,0.2617,69.0,0.2212,9.0,,,0.2595,36.0
2016-04-26,0.3163,74.0,0.2266,52.0,0.2089,19.0,,,0.2343,34.0,0.2738,64.0,0.2661,71.0,0.2197,9.0,,,0.2613,37.0
2016-04-25,0.1123,7.0,0.1469,11.0,0.2921,67.0,,,0.3204,78.0,0.2833,71.0,0.2734,75.0,0.2333,16.0,,,0.2761,51.0
2016-04-22,0.0967,4.0,0.1519,13.0,0.2839,63.0,,,0.3104,75.0,0.283,70.0,0.2733,75.0,0.2314,14.0,,,0.2734,48.0
2016-04-21,0.2184,45.0,0.1953,34.0,0.2801,61.0,,,0.311,75.0,0.2836,71.0,0.2736,75.0,0.2296,13.0,,,0.2751,50.0
2016-04-20,0.1986,36.0,0.202,38.0,0.2777,60.0,,,0.3038,73.0,0.2849,72.0,0.2742,75.0,0.2264,12.0,,,0.269,45.0
2016-04-19,0.2038,38.0,0.2051,40.0,0.2798,61.0,,,0.3088,74.0,0.2849,72.0,0.2743,75.0,0.2261,11.0,,,0.2742,49.0
2016-04-18,0.2029,38.0,0.2134,44.0,0.2701,56.0,,,0.2933,69.0,0.2855,72.0,0.2756,75.0,0.2329,15.0,,,0.2667,42.0
2016-04-15,0.2443,55.0,0.2162,46.0,0.2502,45.0,,,0.2744,60.0,0.2857,72.0,0.2759,75.0,0.23,13.0,,,0.2644,40.0
2016-04-14,0.2391,54.0,0.2296,53.0,0.253,46.0,,,0.2762,61.0,0.2869,73.0,0.2773,76.0,0.2325,15.0,,,0.2645,40.0
2016-04-13,0.2786,65.0,0.2271,52.0,0.2589,50.0,,,0.3233,78.0,0.2869,73.0,0.2784,76.0,0.234,16.0,,,0.2665,42.0
2016-04-12,0.1923,34.0,0.1841,27.0,0.2672,54.0,,,0.2623,53.0,0.2831,70.0,0.2769,76.0,0.2421,22.0,,,0.2756,50.0
2016-04-11,0.1414,16.0,0.1876,30.0,0.2754,59.0,,,0.2986,71.0,0.2831,70.0,0.2767,76.0,0.2407,21.0,,,0.2785,53.0
2016-04-08,0.1431,16.0,0.1764,23.0,0.269,55.0,,,0.295,70.0,0.2833,71.0,0.2766,76.0,0.2446,24.0,,,0.2754,50.0
2016-04-07,0.1282,11.0,0.165,18.0,0.2742,57.0,,,0.2668,56.0,0.2836,71.0,0.2763,76.0,0.2492,27.0,,,0.2811,55.0
2016-04-06,0.1814,30.0,0.1957,35.0,0.2551,47.0,,,0.2987,71.0,0.2836,71.0,0.2768,76.0,0.2432,23.0,,,0.2738,49.0
2016-04-05,0.182,30.0,0.1844,28.0,0.2579,49.0,,,0.2607,52.0,0.2846,71.0,0.2771,76.0,0.2397,20.0,,,0.2776,52.0
2016-04-04,0.1557,20.0,0.2061,40.0,0.2522,46.0,,,0.2517,46.0,0.2837,71.0,0.2772,76.0,0.237,18.0,,,0.2713,47.0
2016-04-01,0.1693,25.0,0.2096,42.0,0.2311,33.0,,,0.2329,34.0,0.2892,73.0,0.2799,76.0,0.2363,18.0,,,0.2657,41.0
2016-03-31,0.1688,25.0,0.1962,35.0,0.2313,33.0,,,0.2319,33.0,0.2891,73.0,0.2815,77.0,0.2362,18.0,,,0.265,41.0
2016-03-30,0.1689,25.0,0.1996,37.0,0.2396,38.0,,,0.234,34.0,0.2894,73.0,0.2827,77.0,0.2393,20.0,,,0.2676,43.0
2016-03-29,0.1718,26.0,0.203,39.0,0.2398,38.0,,,0.2357,35.0,0.2894,73.0,0.283,77.0,0.2413,22.0,,,0.2712,46.0
2016-03-28,0.1665,24.0,0.189,30.0,0.2517,46.0,,,0.2513,46.0,0.2885,73.0,0.2822,77.0,0.2456,25.0,,,0.2758,51.0
2016-03-24,0.178,28.0,0.2016,38.0,0.2474,43.0,,,0.2487,44.0,0.291,74.0,0.2831,77.0,0.245,24.0,,,0.2759,51.0
2016-03-23,0.1797,28.0,0.1762,23.0,0.2473,43.0,,,0.2447,41.0,0.2931,74.0,0.2834,77.0,0.2435,23.0,,,0.2736,49.0
2016-03-22,0.1785,28.0,0.1949,34.0,0.2513,45.0,,,0.2464,42.0,0.2927,74.0,0.2838,77.0,0.2423,22.0,,,0.2693,45.0
2016-03-21,0.1672,24.0,0.2175,46.0,0.2371,36.0,,,0.2349,35.0,0.2924,74.0,0.2839,77.0,0.2416,22.0,,,0.2617,38.0
2016-03-18,0.1811,28.0,0.2317,54.0,0.2332,34.0,,,0.2358,35.0,0.2949,75.0,0.285,78.0,0.2426,22.0,,,0.2665,42.0
2016-03-17,0.1899,33.0,0.2296,53.0,0.2089,19.0,,,0.2273,30.0,0.2949,75.0,0.2849,78.0,0.2449,24.0,,,0.2656,41.0
2016-03-16,0.2541,57.0,0.2292,53.0,0.2288,31.0,,,0.2484,44.0,0.2961,75.0,0.2848,77.0,0.2516,28.0,,,0.2741,49.0
2016-03-15,0.2454,56.0,0.2215,49.0,0.2568,48.0,,,0.2775,62.0,0.2964,75.0,0.2846,77.0,0.2556,32.0,,,0.2813,56.0
2016-03-14,0.254,57.0,0.2322,54.0,0.2811,61.0,,,0.2594,51.0,0.2965,75.0,0.2846,77.0,0.258,34.0,,,0.275,50.0
2016-03-11,0.3121,73.0,0.2519,63.0,0.2591,50.0,,,0.258,50.0,0.2968,75.0,0.2844,77.0,0.261,36.0,,,0.2815,56.0
2016-03-10,0.2916,68.0,0.2355,56.0,0.2959,68.0,,,0.2881,67.0,0.2958,75.0,0.2834,77.0,0.27,40.0,,,0.2919,63.0
2016-03-09,0.3247,75.0,0.2307,54.0,0.2801,61.0,,,0.2948,70.0,0.2956,75.0,0.2827,77.0,0.2666,39.0,,,0.2937,64.0
2016-03-08,0.3306,76.0,0.2274,52.0,0.2956,68.0,,,0.2878,67.0,0.2956,75.0,0.2825,77.0,0.269,40.0,,,0.2887,61.0
2016-03-07,0.276,64.0,0.2344,55.0,0.2734,57.0,,,0.2848,65.0,0.2935,74.0,0.2822,77.0,0.2632,37.0,,,0.2828,57.0
2016-03-04,0.2796,65.0,0.2385,57.0,0.2718,57.0,,,0.2779,62.0,0.2941,74.0,0.282,77.0,0.2641,38.0,,,0.2863,59.0
2016-03-03,0.2664,62.0,0.2634,68.0,0.2477,43.0,,,0.2488,44.0,0.2951,75.0,0.2817,77.0,0.2551,31.0,,,0.2757,51.0
2016-03-02,0.2145,43.0,0.2347,55.0,0.2558,48.0,,,0.2708,57.0,0.2911,74.0,0.28,77.0,0.2593,35.0,,,0.2822,56.0
2016-03-01,0.2532,57.0,0.2339,55.0,0.2584,49.0,,,0.2721,59.0,0.2923,74.0,0.2803,77.0,0.2608,36.0,,,0.2867,60.0
2016-02-29,0.2258,49.0,0.226,51.0,0.3001,70.0,,,0.2842,65.0,0.2941,74.0,0.2803,77.0,0.2765,44.0,,,0.292,63.0
2016-02-26,0.2392,54.0,0.2481,62.0,0.2804,61.0,,,0.279,62.0,0.294,74.0,0.2802,77.0,0.2756,43.0,,,0.2965,66.0
2016-02-25,0.253,57.0,0.2655,69.0,0.2761,59.0,,,0.2793,62.0,0.294,74.0,0.2793,76.0,0.2734,42.0,,,0.298,67.0
2016-02-24,0.2912,68.0,0.2724,71.0,0.2857,64.0,,,0.2836,65.0,0.2952,75.0,0.2795,76.0,0.28,45.0,,,0.2997,68.0
2016-02-23,0.3351,77.0,0.268,70.0,0.2869,64.0,,,0.2861,66.0,0.3012,76.0,0.2794,76.0,0.2788,45.0,,,0.2991,67.0
2016-02-22,0.321,75.0,0.283,74.0,0.2772,59.0,,,0.2721,59.0,0.3008,76.0,0.2811,77.0,0.2742,42.0,,,0.2949,65.0
2016-02-19,0.3498,79.0,0.3064,79.0,0.2979,69.0,,,0.2914,68.0,0.3032,77.0,0.289,78.0,0.2847,48.0,,,0.3044,70.0
2016-02-18,0.3438,78.0,0.3146,81.0,0.2981,69.0,,,0.2569,50.0,0.3082,77.0,0.2902,78.0,0.2875,49.0,,,0.3074,72.0
2016-02-17,0.3249,76.0,0.3057,79.0,0.2965,69.0,,,0.2877,67.0,0.3097,78.0,0.2896,78.0,0.2872,49.0,,,0.3043,70.0
2016-02-16,0.3203,74.0,0.2982,78.0,0.3245,77.0,,,0.3362,80.0,0.3092,78.0,0.2881,78.0,0.2965,52.0,,,0.3148,75.0
2016-02-12,0.3876,84.0,0.3324,83.0,0.3088,73.0,,,0.3151,76.0,0.3065,77.0,0.2873,78.0,0.3038,54.0,,,0.3234,78.0
2016-02-11,0.3338,77.0,0.3491,85.0,0.3672,84.0,,,0.3411,81.0,0.302,76.0,0.2861,78.0,0.315,57.0,,,0.3345,81.0
2016-02-10,0.3577,81.0,0.3341,84.0,0.35,82.0,,,0.3514,82.0,0.302,76.0,0.2848,77.0,0.3053,55.0,,,0.3276,79.0
2016-02-09,0.332,77.0,0.3287,83.0,0.3189,76.0,,,0.3887,87.0,0.3005,76.0,0.2834,77.0,0.294,51.0,,,0.3306,80.0
2016-02-08,0.385,84.0,0.4691,94.0,0.3198,76.0,,,0.3807,86.0,0.3005,76.0,0.2829,77.0,0.2913,51.0,,,0.3276,79.0
2016-02-05,0.376,83.0,0.485,95.0,0.2753,59.0,,,0.3352,80.0,0.3009,76.0,0.2825,77.0,0.2801,46.0,,,0.3172,76.0
2016-02-04,0.3998,86.0,0.4804,95.0,0.2749,59.0,,,0.3178,77.0,0.3017,76.0,0.281,77.0,0.2769,44.0,,,0.3101,73.0
2016-02-03,0.3777,83.0,0.4615,94.0,0.2779,60.0,,,0.3335,80.0,0.2941,74.0,0.2784,76.0,0.2749,43.0,,,0.3121,74.0
2016-02-02,0.4048,86.0,0.435,93.0,0.2865,64.0,,,0.3304,79.0,0.294,74.0,0.2758,75.0,0.2746,42.0,,,0.3077,72.0
2016-02-01,0.3717,82.0,0.4433,93.0,0.2669,54.0,,,0.3055,73.0,0.293,74.0,0.276,75.0,0.2671,39.0,,,0.299,67.0
2016-01-29,0.3468,79.0,0.4438,93.0,0.2338,34.0,,,0.3294,79.0,0.294,74.0,0.2754,75.0,0.2576,33.0,,,0.3086,72.0
2016-01-28,0.3028,71.0,0.3379,84.0,0.3356,79.0,,,0.366,84.0,0.2891,73.0,0.2632,70.0,0.2781,44.0,,,0.3134,75.0
2016-01-27,0.3123,73.0,0.326,83.0,0.3261,78.0,,,0.3717,85.0,0.2886,73.0,0.261,69.0,0.2777,44.0,,,0.3167,76.0
2016-01-26,0.3015,70.0,0.3322,83.0,0.3212,77.0,,,0.3682,84.0,0.2887,73.0,0.2605,68.0,0.276,43.0,,,0.3136,75.0
2016-01-25,0.265,62.0,0.3597,87.0,0.3418,81.0,,,0.3832,86.0,0.2832,71.0,0.2593,67.0,0.2836,47.0,,,0.3198,77.0
2016-01-22,0.2726,63.0,0.3751,88.0,0.3259,78.0,,,0.3635,84.0,0.2825,70.0,0.2612,69.0,0.2795,45.0,,,0.315,75.0
2016-01-21,0.2613,60.0,0.38,89.0,0.3475,81.0,,,0.376,85.0,0.2813,69.0,0.2603,68.0,0.2875,49.0,,,0.3234,78.0
2016-01-20,0.2541,57.0,0.3741,88.0,0.3571,83.0,,,0.3923,87.0,0.2807,69.0,0.2591,67.0,0.2967,52.0,,,0.3306,80.0
2016-01-19,0.2583,60.0,0.3369,84.0,0.3398,80.0,,,0.3656,84.0,0.2804,69.0,0.2551,64.0,0.2875,49.0,,,0.3214,77.0
2016-01-15,0.3112,72.0,0.3223,82.0,0.3467,81.0,,,0.3714,85.0,0.2805,69.0,0.2535,63.0,0.2907,50.0,,,0.3263,79.0
2016-01-14,0.3118,73.0,0.3137,81.0,0.3122,74.0,,,0.286,66.0,0.2806,69.0,0.252,62.0,0.2799,45.0,,,0.3118,74.0
2016-01-13,0.1961,35.0,0.2703,70.0,0.3419,81.0,,,0.3422,81.0,0.2766,66.0,0.2486,60.0,0.2812,46.0,,,0.3132,75.0
2016-01-12,0.1809,28.0,0.2675,69.0,0.3038,72.0,,,0.3218,78.0,0.2762,66.0,0.247,57.0,0.2691,40.0,,,0.3033,70.0
2016-01-11,0.1788,28.0,0.2442,60.0,0.3343,79.0,,,0.324,78.0,0.2765,66.0,0.2454,57.0,0.2771,44.0,,,0.3071,72.0
2016-01-08,0.1691,25.0,0.2318,54.0,0.3224,77.0,,,0.3188,77.0,0.2766,66.0,0.2445,56.0,0.2754,43.0,,,0.3087,72.0
2016-01-07,0.1977,36.0,0.2124,44.0,0.3328,79.0,,,0.2994,71.0,0.2765,66.0,0.2434,55.0,0.2737,42.0,,,0.3011,68.0
2016-01-06,0.1121,7.0,0.2109,43.0,0.2717,57.0,,,0.2895,67.0,0.2752,65.0,0.2433,55.0,0.2644,38.0,,,0.2931,64.0
2016-01-05,0.1085,6.0,0.19,31.0,0.2759,59.0,,,0.2683,57.0,0.2755,66.0,0.2424,55.0,0.2579,34.0,,,0.2892,61.0
2016-01-04,0.2051,39.0,0.1839,27.0,0.279,60.0,,,0.2904,68.0,0.2755,66.0,0.2421,54.0,0.2611,36.0,,,0.2913,63.0
2015-12-31,0.3011,70.0,0.1922,32.0,0.2556,48.0,,,0.2434,40.0,0.2771,66.0,0.2416,54.0,0.253,30.0,,,0.2827,57.0
2015-12-30,0.2755,64.0,0.1976,36.0,0.2396,38.0,,,0.2331,34.0,0.2768,66.0,0.2419,54.0,0.2538,30.0,,,0.2779,53.0
2015-12-29,0.2724,63.0,0.1949,34.0,0.2317,33.0,,,0.2352,35.0,0.2768,66.0,0.2419,54.0,0.2503,28.0,,,0.2772,52.0
2015-12-28,0.351,79.0,0.2173,46.0,0.2409,39.0,,,0.2479,43.0,0.2783,67.0,0.2417,54.0,0.2534,30.0,,,0.2828,57.0
2015-12-24,0.3851,84.0,0.2357,56.0,0.2321,33.0,,,0.2237,28.0,0.2785,67.0,0.2412,54.0,0.2525,30.0,,,0.2783,53.0
2015-12-23,0.3842,84.0,0.239,57.0,0.2299,32.0,,,0.2263,28.0,0.2788,67.0,0.2412,54.0,0.2508,28.0,,,0.2797,54.0
2015-12-22,0.3573,80.0,0.2443,60.0,0.2376,37.0,,,0.2367,36.0,0.2776,67.0,0.2412,54.0,0.2572,33.0,,,0.2858,59.0
2015-12-21,0.305,71.0,0.2596,66.0,0.2673,54.0,,,0.2674,56.0,0.2722,63.0,0.2394,52.0,0.2703,40.0,,,0.2957,65.0
2015-12-18,0.2733,64.0,0.2567,65.0,0.2873,65.0,,,0.2757,61.0,0.2714,63.0,0.2394,52.0,0.2808,46.0,,,0.2993,68.0
2015-12-17,0.2963,69.0,0.2745,71.0,0.315,75.0,,,0.2708,57.0,0.2713,62.0,0.2392,52.0,0.2736,42.0,,,0.2959,65.0
2015-12-15,0.2479,56.0,0.2434,60.0,0.3385,80.0,,,0.3129,76.0,0.2674,60.0,0.2364,50.0,0.2771,44.0,,,0.296,66.0
2015-12-14,0.2841,66.0,0.2662,69.0,0.2967,69.0,,,0.3384,81.0,0.267,59.0,0.2361,50.0,0.278,44.0,,,0.3027,69.0
2015-12-11,0.3817,84.0,0.2789,73.0,0.3044,72.0,,,0.3209,78.0,0.2679,60.0,0.2358,50.0,0.2795,45.0,,,0.3033,70.0
2015-12-10,0.3484,79.0,0.2371,57.0,0.2795,61.0,,,0.2692,57.0,0.264,56.0,0.2332,47.0,0.262,36.0,,,0.2819,56.0
2015-12-09,0.3434,78.0,0.2368,57.0,0.2751,59.0,,,0.302,72.0,0.264,56.0,0.2332,47.0,0.2631,37.0,,,0.2867,60.0
2015-12-08,0.3332,77.0,0.2242,50.0,0.2942,68.0,,,0.2949,70.0,0.2639,56.0,0.2321,46.0,0.2626,37.0,,,0.2829,57.0
2015-12-07,0.3433,78.0,0.2185,47.0,0.2899,66.0,,,0.2873,66.0,0.2636,55.0,0.2316,45.0,0.2621,36.0,,,0.2784,53.0
2015-12-04,0.3426,78.0,0.2102,43.0,0.2555,48.0,,,0.2604,52.0,0.2633,55.0,0.2311,44.0,0.255,31.0,,,0.2758,51.0
2015-12-03,0.3028,71.0,0.1853,28.0,0.2608,51.0,,,0.2658,55.0,0.2632,55.0,0.2299,43.0,0.2606,35.0,,,0.2783,53.0
2015-12-02,0.0757,2.0,0.1508,12.0,0.2398,38.0,,,0.2409,39.0,0.2546,47.0,0.2285,41.0,0.2487,27.0,,,0.2646,40.0
2015-12-01,0.0751,2.0,0.1491,12.0,0.2335,34.0,,,0.2359,36.0,0.2545,46.0,0.2282,41.0,0.2457,25.0,,,0.2623,38.0
2015-11-30,0.0822,2.0,0.154,14.0,0.2309,33.0,,,0.23,32.0,0.2545,46.0,0.2281,41.0,0.2493,28.0,,,0.2651,41.0
2015-11-27,0.1883,32.0,0.1801,25.0,0.2387,37.0,,,0.2317,33.0,0.2547,47.0,0.2276,40.0,0.2522,30.0,,,0.2662,42.0
2015-11-25,0.202,37.0,0.1793,25.0,0.2325,34.0,,,0.226,28.0,0.2545,46.0,0.2276,40.0,0.2527,30.0,,,0.2674,43.0
2015-11-24,0.2029,38.0,0.1875,28.0,0.2341,35.0,,,0.2353,35.0,0.2549,47.0,0.2279,41.0,0.2524,30.0,,,0.2719,47.0
2015-11-23,0.2038,38.0,0.1816,26.0,0.2386,37.0,,,0.238,37.0,0.2552,47.0,0.228,41.0,0.2536,30.0,,,0.2676,43.0
2015-11-20,0.2669,62.0,0.1947,34.0,0.2451,41.0,,,0.2375,37.0,0.2573,49.0,0.2289,42.0,0.2587,34.0,,,0.2721,47.0
2015-11-19,0.2631,61.0,0.1946,34.0,0.2505,45.0,,,0.2447,41.0,0.2577,49.0,0.2292,42.0,0.2618,36.0,,,0.2766,51.0
2015-11-18,0.2628,61.0,0.1995,37.0,0.2505,45.0,,,0.2448,41.0,0.2583,50.0,0.2292,42.0,0.2582,34.0,,,0.2763,51.0
2015-11-17,0.2356,52.0,0.2432,60.0,0.2694,55.0,,,0.264,54.0,0.2544,46.0,0.2278,40.0,0.2643,38.0,,,0.2847,57.0
2015-11-16,0.262,61.0,0.2512,63.0,0.2726,57.0,,,0.3021,72.0,0.2545,46.0,0.2277,40.0,0.2631,37.0,,,0.2867,60.0
2015-11-13,0.2801,65.0,0.2551,65.0,0.2846,63.0,,,0.2729,59.0,0.2542,46.0,0.2273,40.0,0.2684,40.0,,,0.2852,59.0
2015-11-12,0.275,64.0,0.2589,66.0,0.2982,69.0,,,0.2992,71.0,0.2542,46.0,0.2271,40.0,0.2696,40.0,,,0.2809,55.0
2015-11-11,0.2508,57.0,0.2574,65.0,0.2655,54.0,,,0.2638,54.0,0.2521,45.0,0.2265,39.0,0.256,32.0,,,0.2707,46.0
2015-11-10,0.2963,69.0,0.2695,70.0,0.2565,48.0,,,0.2636,54.0,0.2524,45.0,0.2268,39.0,0.2553,32.0,,,0.2747,50.0
2015-11-09,0.2971,69.0,0.2696,70.0,0.2359,36.0,,,0.303,73.0,0.2522,45.0,0.2264,39.0,0.2454,24.0,,,0.2776,52.0
2015-11-06,0.2072,40.0,0.209,42.0,0.1991,12.0,,,0.2586,51.0,0.2477,43.0,0.2222,36.0,0.2325,15.0,,,0.2671,43.0
2015-11-05,0.3552,80.0,0.2981,78.0,0.2101,19.0,,,0.2698,57.0,0.2476,43.0,0.2217,35.0,0.2375,19.0,,,0.2684,44.0
2015-11-04,0.569,94.0,0.427,93.0,0.2216,27.0,,,0.2701,57.0,0.2469,42.0,0.2212,35.0,0.2338,16.0,,,0.2689,44.0
2015-11-03,0.5697,94.0,0.4229,93.0,0.218,25.0,,,0.2738,60.0,0.2468,42.0,0.2209,35.0,0.2344,16.0,,,0.2679,44.0
2015-11-02,0.5818,95.0,0.4239,93.0,0.2181,25.0,,,0.2581,51.0,0.2474,43.0,0.2202,35.0,0.2359,18.0,,,0.2647,40.0
2015-10-30,0.5846,95.0,0.4234,93.0,0.2311,33.0,,,0.2624,53.0,0.2464,42.0,0.22,34.0,0.2409,21.0,,,0.2692,45.0
2015-10-29,0.5823,95.0,0.4225,92.0,0.2229,28.0,,,0.2693,57.0,0.2462,42.0,0.2196,34.0,0.2375,19.0,,,0.2687,44.0
2015-10-28,0.5815,95.0,0.4372,93.0,0.2244,28.0,,,0.2655,55.0,0.2464,42.0,0.2195,34.0,0.2337,16.0,,,0.2652,41.0
2015-10-27,0.4921,92.0,0.381,89.0,0.2593,50.0,,,0.3023,72.0,0.2362,36.0,0.213,31.0,0.2352,17.0,,,0.2716,47.0
2015-10-26,0.2283,50.0,0.2444,60.0,0.2533,46.0,,,0.291,68.0,0.2153,21.0,0.1995,22.0,0.231,14.0,,,0.2634,39.0
2015-10-23,0.2274,49.0,0.2698,70.0,0.2438,40.0,,,0.2809,63.0,0.2161,21.0,0.1999,23.0,0.2306,14.0,,,0.2605,37.0
2015-10-22,0.2238,48.0,0.2649,68.0,0.2527,46.0,,,0.287,66.0,0.2147,20.0,0.1993,22.0,0.2322,15.0,,,0.2634,39.0
2015-10-21,0.1843,31.0,0.2567,65.0,0.265,53.0,,,0.2946,69.0,0.2124,18.0,0.1985,22.0,0.2375,19.0,,,0.2667,42.0
2015-10-20,0.1846,31.0,0.2547,64.0,0.2564,48.0,,,0.2867,66.0,0.2126,18.0,0.1978,21.0,0.2374,19.0,,,0.2693,45.0
2015-10-19,0.117,8.0,0.23,53.0,0.2584,49.0,,,0.2939,69.0,0.2114,18.0,0.1956,20.0,0.2396,20.0,,,0.2747,50.0
2015-10-16,0.1813,30.0,0.2352,56.0,0.2666,54.0,,,0.2917,68.0,0.212,18.0,0.1952,20.0,0.2405,21.0,,,0.2732,48.0
2015-10-15,0.2116,42.0,0.2253,51.0,0.262,52.0,,,0.291,68.0,0.2115,18.0,0.1942,18.0,0.2415,22.0,,,0.2727,48.0
2015-10-14,0.2087,41.0,0.1985,36.0,0.2715,57.0,,,0.308,74.0,0.221,25.0,0.1955,20.0,0.2474,26.0,,,0.279,54.0
2015-10-13,0.3225,75.0,0.2513,63.0,0.2956,68.0,,,0.2718,59.0,0.2221,25.0,0.1951,20.0,0.2478,26.0,,,0.2771,52.0
2015-10-12,0.2816,66.0,0.287,75.0,0.2499,44.0,,,0.2573,50.0,0.2223,25.0,0.1951,20.0,0.2449,24.0,,,0.2723,47.0
2015-10-09,0.2862,67.0,0.3024,79.0,0.2384,37.0,,,0.244,41.0,0.2221,25.0,0.1946,19.0,0.2461,25.0,,,0.2744,49.0
2015-10-08,0.2686,62.0,0.3062,79.0,0.2457,42.0,,,0.244,41.0,0.2229,26.0,0.1946,19.0,0.2493,28.0,,,0.2767,52.0
2015-10-07,0.2671,62.0,0.3028,79.0,0.2477,43.0,,,0.257,50.0,0.2223,25.0,0.1941,18.0,0.253,30.0,,,0.2825,57.0
2015-10-06,0.3296,76.0,0.3068,79.0,0.2704,56.0,,,0.2692,57.0,0.2208,24.0,0.193,17.0,0.2536,30.0,,,0.283,57.0
2015-10-05,0.3683,82.0,0.3234,82.0,0.2735,57.0,,,0.2652,55.0,0.2208,24.0,0.1926,17.0,0.2552,32.0,,,0.283,57.0
2015-10-02,0.2235,48.0,0.2875,75.0,0.2702,56.0,,,0.2787,62.0,0.2126,18.0,0.1887,14.0,0.2591,34.0,,,0.2924,63.0
2015-10-01,0.2031,38.0,0.2512,63.0,0.2796,61.0,,,0.2938,69.0,0.2128,18.0,0.1854,12.0,0.2656,38.0,,,0.2962,66.0
2015-09-30,0.2302,50.0,0.251,63.0,0.2859,64.0,,,0.2927,69.0,0.2125,18.0,0.1834,11.0,0.2668,39.0,,,0.2973,66.0
2015-09-29,0.2425,55.0,0.2442,60.0,0.3113,74.0,,,0.3027,72.0,0.2136,19.0,0.1841,12.0,0.27,40.0,,,0.2981,67.0
2015-09-28,0.2125,42.0,0.2482,62.0,0.3213,77.0,,,0.3154,76.0,0.2136,19.0,0.1845,12.0,0.2669,39.0,,,0.298,67.0
2015-09-25,0.1986,36.0,0.235,56.0,0.271,56.0,,,0.2692,57.0,0.2122,18.0,0.1837,12.0,0.256,32.0,,,0.2844,57.0
2015-09-24,0.2158,44.0,0.207,41.0,0.2664,54.0,,,0.2551,48.0,0.2096,17.0,0.1818,10.0,0.2504,28.0,,,0.274,49.0
2015-09-23,0.2835,66.0,0.211,43.0,0.2504,45.0,,,0.2525,46.0,0.2116,18.0,0.1817,10.0,0.245,24.0,,,0.2728,48.0
2015-09-22,0.2821,66.0,0.2051,40.0,0.2522,46.0,,,0.2518,46.0,0.2116,18.0,0.1814,10.0,0.2452,24.0,,,0.2736,49.0
2015-09-21,0.243,55.0,0.1744,22.0,0.2196,26.0,,,0.2272,30.0,0.2083,16.0,0.1798,9.0,0.2362,18.0,,,0.2601,36.0
2015-09-18,0.2395,54.0,0.1696,20.0,0.2359,36.0,,,0.2411,39.0,0.2107,17.0,0.1804,10.0,0.2408,21.0,,,0.2652,41.0
2015-09-17,0.1824,30.0,0.1629,17.0,0.224,28.0,,,0.2254,28.0,0.2079,15.0,0.1794,9.0,0.2316,15.0,,,0.2525,28.0
2015-09-16,0.1574,21.0,0.1528,13.0,0.2288,31.0,,,0.2407,39.0,0.2069,15.0,0.1787,9.0,0.2378,19.0,,,0.2564,33.0
2015-09-15,0.2193,46.0,0.1576,15.0,0.2393,38.0,,,0.2533,47.0,0.208,16.0,0.1794,9.0,0.2446,24.0,,,0.2635,39.0
2015-09-14,0.1661,24.0,0.138,8.0,0.2793,61.0,,,0.2796,63.0,0.2072,15.0,0.1788,9.0,0.2567,33.0,,,0.2747,50.0
2015-09-11,0.2077,40.0,0.1554,14.0,0.2484,43.0,,,0.2546,48.0,0.2088,16.0,0.1808,10.0,0.2515,28.0,,,0.2732,48.0
2015-09-10,0.2925,68.0,0.173,22.0,0.2601,50.0,,,0.2653,55.0,0.2088,16.0,0.1806,10.0,0.2557,32.0,,,0.2757,51.0
2015-09-09,0.2923,68.0,0.1709,21.0,0.2743,57.0,,,0.2699,57.0,0.2097,17.0,0.1804,10.0,0.2568,33.0,,,0.279,54.0
2015-09-08,0.2928,68.0,0.1616,17.0,0.2678,55.0,,,0.2626,53.0,0.2101,17.0,0.1806,10.0,0.2571,33.0,,,0.2773,52.0
2015-09-04,0.3192,74.0,0.1792,25.0,0.2908,66.0,,,0.2764,61.0,0.2117,18.0,0.1808,10.0,0.2673,39.0,,,0.2805,55.0
2015-09-03,0.3882,84.0,0.2164,46.0,0.2634,52.0,,,0.2553,49.0,0.2099,17.0,0.1808,10.0,0.2599,35.0,,,0.2755,50.0
2015-09-02,0.396,85.0,0.2576,65.0,0.2672,54.0,,,0.2856,66.0,0.2137,19.0,0.1812,10.0,0.2623,36.0,,,0.2887,61.0
2015-09-01,0.4434,89.0,0.3779,89.0,0.3309,79.0,,,0.3148,76.0,0.2123,18.0,0.1804,10.0,0.2743,42.0,,,0.2919,63.0
2015-08-31,0.463,90.0,0.3888,90.0,0.2751,59.0,,,0.2683,57.0,0.2077,15.0,0.1797,9.0,0.2515,28.0,,,0.268,44.0
2015-08-28,0.4827,91.0,0.3954,91.0,0.2594,50.0,,,0.2661,55.0,0.2075,15.0,0.1797,9.0,0.2497,28.0,,,0.266,42.0
2015-08-27,0.4814,91.0,0.3994,91.0,0.2554,48.0,,,0.2766,61.0,0.2114,18.0,0.1811,10.0,0.2447,24.0,,,0.2715,47.0
2015-08-26,0.4398,89.0,0.39,90.0,0.2963,69.0,,,0.3014,72.0,0.2091,16.0,0.18,9.0,0.2611,36.0,,,0.2811,55.0
2015-08-25,0.2927,68.0,0.3662,87.0,0.29,66.0,,,0.3698,85.0,0.2007,11.0,0.1771,8.0,0.2562,32.0,,,0.2974,67.0
2015-08-24,0.285,67.0,0.3429,85.0,0.3773,85.0,,,0.3665,84.0,0.1998,10.0,0.1747,7.0,0.2863,49.0,,,0.2936,64.0
2015-08-21,0.255,59.0,0.1881,30.0,0.262,52.0,,,0.2666,56.0,0.1939,7.0,0.1607,2.0,0.245,24.0,,,0.2604,37.0
2015-08-20,0.1632,23.0,0.1573,15.0,0.2254,28.0,,,0.213,21.0,0.1872,5.0,0.1585,2.0,0.2234,10.0,,,0.2403,22.0
2015-08-19,0.0929,3.0,0.1465,11.0,0.1948,10.0,,,0.1922,9.0,0.1835,3.0,0.1574,1.0,0.2123,5.0,,,0.2252,15.0
2015-08-18,0.1266,11.0,0.1321,6.0,0.1911,8.0,,,0.2034,15.0,0.1838,3.0,0.1571,1.0,0.2104,5.0,,,0.227,15.0
2015-08-14,0.1335,13.0,0.1383,8.0,0.1897,7.0,,,0.1824,6.0,0.1838,3.0,0.1574,1.0,0.2167,7.0,,,0.2293,17.0
2015-08-13,0.1399,15.0,0.1535,14.0,0.1948,10.0,,,0.1871,7.0,0.1837,3.0,0.1574,1.0,0.2192,8.0,,,0.2291,17.0
2015-08-12,0.1868,32.0,0.17,20.0,0.2007,13.0,,,0.2041,15.0,0.1837,3.0,0.1572,1.0,0.2157,7.0,,,0.2309,18.0
2015-08-11,0.1853,31.0,0.1701,20.0,0.1738,3.0,,,0.2223,27.0,0.1851,4.0,0.1572,1.0,0.2078,4.0,,,0.2353,19.0
2015-08-10,0.176,27.0,0.1677,19.0,0.1599,1.0,,,0.2203,26.0,0.1843,3.0,0.1568,1.0,0.2011,2.0,,,0.23,17.0
2015-08-07,0.1472,17.0,0.1827,27.0,0.1722,2.0,,,0.2209,27.0,0.1833,3.0,0.1572,1.0,0.2066,3.0,,,0.2325,18.0
2015-08-06,0.1872,32.0,0.1746,22.0,0.1729,2.0,,,0.2158,23.0,0.1831,3.0,0.1568,1.0,0.2064,3.0,,,0.2325,18.0
2015-08-05,0.1898,33.0,0.2248,51.0,0.1645,1.0,,,0.2117,20.0,0.1832,3.0,0.157,1.0,0.2,2.0,,,0.2277,16.0
2015-08-04,0.1775,28.0,0.2178,47.0,0.1691,2.0,,,0.2105,19.0,0.1833,3.0,0.1564,1.0,0.2018,2.0,,,0.2293,17.0
2015-08-03,0.1345,13.0,0.2054,40.0,0.154,1.0,,,0.1938,10.0,0.1808,2.0,0.1564,1.0,0.1942,1.0,,,0.2231,14.0
2015-07-31,0.1322,13.0,0.1991,37.0,0.1541,1.0,,,0.1895,8.0,0.1808,2.0,0.1561,1.0,0.1928,1.0,,,0.2219,13.0
2015-07-30,0.1347,14.0,0.1936,33.0,0.1573,1.0,,,0.1903,8.0,0.1833,3.0,0.1564,1.0,0.1947,1.0,,,0.222,13.0
2015-07-29,0.1038,5.0,0.1841,27.0,0.153,1.0,,,0.1941,10.0,0.1845,3.0,0.1582,2.0,0.1959,1.0,,,0.2231,14.0
2015-07-28,0.0765,2.0,0.1824,27.0,0.1738,3.0,,,0.2118,20.0,0.2052,14.0,0.1609,2.0,0.198,1.0,,,0.227,15.0
2015-07-27,0.1258,11.0,0.112,1.0,0.2318,33.0,,,0.2557,49.0,0.2056,14.0,0.1576,2.0,0.2018,2.0,,,0.2287,16.0
2015-07-24,0.1344,13.0,0.1068,1.0,0.2152,23.0,,,0.2475,43.0,0.2061,14.0,0.1588,2.0,0.198,1.0,,,0.2272,16.0
2015-07-23,0.1299,12.0,0.1007,1.0,0.203,15.0,,,0.2344,34.0,0.2074,15.0,0.1589,2.0,0.1915,1.0,,,0.2247,14.0
2015-07-22,0.1289,12.0,0.1014,1.0,0.1997,13.0,,,0.2266,30.0,0.2078,15.0,0.1591,2.0,0.1914,1.0,,,0.2207,13.0
2015-07-21,0.1651,23.0,0.1188,2.0,0.2008,13.0,,,0.2192,25.0,0.2078,15.0,0.1593,2.0,0.1943,1.0,,,0.2151,10.0
2015-07-20,0.1665,24.0,0.1184,2.0,0.193,9.0,,,0.2251,28.0,0.2079,15.0,0.16,2.0,0.1888,1.0,,,0.2199,12.0
2015-07-17,0.1683,24.0,0.1308,5.0,0.1896,7.0,,,0.2219,27.0,0.2081,16.0,0.1607,2.0,0.1913,1.0,,,0.2241,14.0
2015-07-16,0.2035,38.0,0.1566,15.0,0.1852,5.0,,,0.197,12.0,0.2068,15.0,0.1608,2.0,0.1935,1.0,,,0.2215,13.0
2015-07-15,0.2017,37.0,0.17,20.0,0.1952,10.0,,,0.1829,6.0,0.2081,16.0,0.1621,2.0,0.1976,1.0,,,0.2246,14.0
2015-07-14,0.2098,41.0,0.1774,24.0,0.1766,3.0,,,0.222,27.0,0.2104,17.0,0.1643,3.0,0.1986,2.0,,,0.2244,14.0
2015-07-13,0.2105,41.0,0.1747,23.0,0.1943,10.0,,,0.1927,9.0,0.2108,17.0,0.1649,3.0,0.2017,2.0,,,0.2279,16.0
2015-07-10,0.1792,28.0,0.1633,17.0,0.2039,15.0,,,0.1869,7.0,0.2092,16.0,0.1678,4.0,0.2093,4.0,,,0.2331,19.0
2015-07-09,0.1764,28.0,0.1615,17.0,0.2249,28.0,,,0.2185,25.0,0.2093,16.0,0.1687,4.0,0.2164,7.0,,,0.2368,20.0
2015-07-08,0.2158,44.0,0.1599,16.0,0.2339,34.0,,,0.2291,31.0,0.2159,21.0,0.1722,6.0,0.2133,6.0,,,0.2391,21.0
2015-07-07,0.178,28.0,0.1335,6.0,0.1992,12.0,,,0.2018,14.0,0.2143,20.0,0.171,5.0,0.2046,3.0,,,0.2307,18.0
2015-07-06,0.1836,30.0,0.1343,6.0,0.198,12.0,,,0.2045,16.0,0.2151,20.0,0.1708,5.0,0.2051,3.0,,,0.2331,19.0
2015-07-02,0.1785,28.0,0.1213,3.0,0.1817,4.0,,,0.1863,7.0,0.2148,20.0,0.1718,6.0,0.2014,2.0,,,0.2313,18.0
2015-07-01,0.1734,26.0,0.122,3.0,0.1878,7.0,,,0.1936,10.0,0.2201,24.0,0.1744,6.0,0.2029,2.0,,,0.2309,18.0
2015-06-30,0.1685,24.0,0.1224,3.0,0.2052,16.0,,,0.1983,12.0,0.2198,23.0,0.1752,7.0,0.2097,4.0,,,0.2305,17.0
2015-06-29,0.1585,21.0,0.1187,2.0,0.2043,16.0,,,0.2053,16.0,0.2201,24.0,0.1758,7.0,0.2079,4.0,,,0.234,19.0
2015-06-26,0.125,10.0,0.1199,3.0,0.1636,1.0,,,0.165,2.0,0.2185,23.0,0.1753,7.0,0.1973,1.0,,,0.2242,14.0
2015-06-25,0.1206,9.0,0.1262,4.0,0.1687,2.0,,,0.1622,2.0,0.2185,23.0,0.1756,7.0,0.1977,1.0,,,0.2235,14.0
2015-06-24,0.1073,6.0,0.1181,2.0,0.1626,1.0,,,0.1594,2.0,0.2182,23.0,0.175,7.0,0.1968,1.0,,,0.2225,13.0
2015-06-23,0.1298,12.0,0.126,4.0,0.1569,1.0,,,0.1629,2.0,0.2182,23.0,0.175,7.0,0.1967,1.0,,,0.2229,14.0
2015-06-22,0.1368,14.0,0.1255,4.0,0.1632,1.0,,,0.159,2.0,0.2183,23.0,0.1753,7.0,0.19,1.0,,,0.2095,9.0
2015-06-19,0.1374,14.0,0.1253,4.0,0.1599,1.0,,,0.1668,3.0,0.2181,22.0,0.1752,7.0,0.193,1.0,,,0.2176,11.0
2015-06-18,0.1836,30.0,0.1391,8.0,0.1634,1.0,,,0.1696,3.0,0.2181,22.0,0.1753,7.0,0.1982,2.0,,,0.2136,10.0
2015-06-17,0.1665,24.0,0.1344,6.0,0.1851,5.0,,,0.1811,6.0,0.2195,23.0,0.1752,7.0,0.2031,2.0,,,0.2206,13.0
2015-06-16,0.167,24.0,0.1229,3.0,0.1908,8.0,,,0.195,11.0,0.2196,23.0,0.1763,8.0,0.2042,3.0,,,0.2213,13.0
2015-06-15,0.1679,24.0,0.1196,2.0,0.185,5.0,,,0.1968,11.0,0.2196,23.0,0.1776,8.0,0.2029,2.0,,,0.2188,12.0
2015-06-12,0.1663,24.0,0.1175,2.0,0.1824,5.0,,,0.1724,4.0,0.2191,23.0,0.1788,9.0,0.2012,2.0,,,0.2173,11.0
2015-06-11,0.158,21.0,0.1217,3.0,0.1617,1.0,,,0.1725,4.0,0.2218,25.0,0.1794,9.0,0.1964,1.0,,,0.2156,11.0
2015-06-10,0.1604,22.0,0.1331,6.0,0.176,3.0,,,0.1678,3.0,0.2229,26.0,0.1801,9.0,0.2041,3.0,,,0.2161,11.0
2015-06-09,0.1141,7.0,0.1375,8.0,0.1894,7.0,,,0.1828,6.0,0.2255,28.0,0.1815,10.0,0.2043,3.0,,,0.2229,14.0
2015-06-08,0.1813,30.0,0.1599,16.0,0.1961,11.0,,,0.1918,9.0,0.2261,28.0,0.1826,11.0,0.2073,4.0,,,0.225,15.0
2015-06-05,0.1935,34.0,0.1727,22.0,0.1897,7.0,,,0.183,6.0,0.2264,28.0,0.1833,11.0,0.2048,3.0,,,0.2205,12.0
2015-06-04,0.2217,47.0,0.1821,26.0,0.1826,5.0,,,0.1905,8.0,0.2263,28.0,0.1833,11.0,0.205,3.0,,,0.2227,13.0
2015-06-03,0.2171,45.0,0.1847,28.0,0.1814,4.0,,,0.1791,5.0,0.2261,28.0,0.1835,11.0,0.2006,2.0,,,0.2181,12.0
2015-06-02,0.2203,46.0,0.1824,27.0,0.1864,6.0,,,0.1808,5.0,0.2322,33.0,0.1857,13.0,0.2024,2.0,,,0.2175,11.0
2015-06-01,0.2111,42.0,0.1747,23.0,0.1856,6.0,,,0.1866,7.0,0.2324,33.0,0.1854,12.0,0.2028,2.0,,,0.2204,12.0
2015-05-29,0.1979,36.0,0.16,16.0,0.192,8.0,,,0.1771,5.0,0.2323,33.0,0.1851,12.0,0.2077,4.0,,,0.2198,12.0
2015-05-28,0.1362,14.0,0.1352,7.0,0.1727,2.0,,,0.1697,3.0,0.2297,31.0,0.1839,12.0,0.1978,1.0,,,0.2167,11.0
2015-05-27,0.1144,7.0,0.1359,7.0,0.1727,2.0,,,0.1615,2.0,0.229,31.0,0.1835,11.0,0.1964,1.0,,,0.2108,9.0
2015-05-26,0.0734,1.0,0.1289,5.0,0.1753,3.0,,,0.1725,4.0,0.2287,30.0,0.183,11.0,0.1996,2.0,,,0.2156,11.0
2015-05-22,0.0789,2.0,0.1216,3.0,0.1657,1.0,,,0.1581,2.0,0.2287,30.0,0.1827,11.0,0.196,1.0,,,0.2116,10.0
2015-05-21,0.0903,3.0,0.1249,4.0,0.1655,1.0,,,0.1643,2.0,0.2289,30.0,0.1828,11.0,0.1968,1.0,,,0.2139,10.0
2015-05-20,0.1016,5.0,0.1293,5.0,0.1713,2.0,,,0.1677,3.0,0.2289,30.0,0.1832,11.0,0.1964,1.0,,,0.2125,10.0
2015-05-19,0.1086,6.0,0.1334,6.0,0.1696,2.0,,,0.1686,3.0,0.2288,30.0,0.1832,11.0,0.196,1.0,,,0.2155,11.0
2015-05-18,0.1346,13.0,0.129,5.0,0.1707,2.0,,,0.1713,4.0,0.2288,30.0,0.183,11.0,0.1999,2.0,,,0.2187,12.0
2015-05-15,0.1282,11.0,0.138,8.0,0.1694,2.0,,,0.1739,4.0,0.2283,30.0,0.1823,11.0,0.1979,1.0,,,0.216,11.0
2015-05-14,0.1341,13.0,0.1392,8.0,0.1552,1.0,,,0.2057,17.0,0.2283,30.0,0.1819,10.0,0.1932,1.0,,,0.2238,14.0
2015-05-13,0.1713,26.0,0.1481,11.0,0.1665,2.0,,,0.2002,13.0,0.2285,30.0,0.1821,10.0,0.1974,1.0,,,0.2228,14.0
2015-05-12,0.1717,26.0,0.1463,11.0,0.1699,2.0,,,0.2175,24.0,0.2286,30.0,0.1825,11.0,0.1991,2.0,,,0.2236,14.0
2015-05-11,0.1537,19.0,0.1423,9.0,0.165,1.0,,,0.2092,19.0,0.2283,30.0,0.1824,11.0,0.1963,1.0,,,0.2222,13.0
2015-05-08,0.1834,30.0,0.1506,12.0,0.1498,1.0,,,0.1903,8.0,0.2282,30.0,0.1822,10.0,0.1972,1.0,,,0.2235,14.0
2015-05-07,0.1713,26.0,0.1567,15.0,0.176,3.0,,,0.2067,17.0,0.2277,30.0,0.1822,10.0,0.2018,2.0,,,0.228,16.0
2015-05-06,0.1472,17.0,0.1407,9.0,0.1793,4.0,,,0.2285,31.0,0.2273,28.0,0.1814,10.0,0.2012,2.0,,,0.2345,19.0
2015-05-05,0.1561,20.0,0.1323,6.0,0.1888,7.0,,,0.2191,25.0,0.2275,28.0,0.1817,10.0,0.2017,2.0,,,0.2251,15.0
2015-05-04,0.1354,14.0,0.1247,4.0,0.1738,3.0,,,0.2053,16.0,0.2266,28.0,0.1814,10.0,0.1963,1.0,,,0.2223,13.0
2015-05-01,0.1402,15.0,0.1294,5.0,0.1779,4.0,,,0.2061,17.0,0.2264,28.0,0.1816,10.0,0.1969,1.0,,,0.2222,13.0
2015-04-30,0.1601,21.0,0.1519,13.0,0.1836,5.0,,,0.2139,22.0,0.2286,30.0,0.1832,11.0,0.1978,1.0,,,0.2246,14.0
2015-04-29,0.3027,71.0,0.2039,39.0,0.1749,3.0,,,0.2029,15.0,0.228,30.0,0.189,15.0,0.1943,1.0,,,0.2189,12.0
2015-04-28,0.2904,68.0,0.2014,38.0,0.1676,2.0,,,0.1951,11.0,0.2277,30.0,0.1893,15.0,0.1907,1.0,,,0.2151,10.0
2015-04-27,0.3355,77.0,0.2051,40.0,0.174,3.0,,,0.1938,10.0,0.2306,32.0,0.1898,15.0,0.1917,1.0,,,0.2177,11.0
2015-04-24,0.3402,78.0,0.205,40.0,0.1664,1.0,,,0.1885,8.0,0.2305,32.0,0.19,15.0,0.1916,1.0,,,0.2189,12.0
2015-04-23,0.3373,77.0,0.2146,45.0,0.1731,2.0,,,0.1875,7.0,0.2311,32.0,0.1903,15.0,0.1919,1.0,,,0.2157,11.0
2015-04-22,0.3047,71.0,0.2188,47.0,0.1694,2.0,,,0.1897,8.0,0.2318,33.0,0.1905,16.0,0.1893,1.0,,,0.2154,11.0
2015-04-21,0.3213,75.0,0.2052,40.0,0.1659,1.0,,,0.1923,9.0,0.2315,32.0,0.1897,15.0,0.1949,1.0,,,0.2196,12.0
2015-04-20,0.2009,37.0,0.1408,9.0,0.2332,34.0,,,0.2491,44.0,0.226,28.0,0.1872,14.0,0.2096,4.0,,,0.2318,18.0
2015-04-17,0.1736,27.0,0.1397,8.0,0.2373,36.0,,,0.254,48.0,0.2251,28.0,0.1874,14.0,0.2099,4.0,,,0.2355,20.0
2015-04-16,0.1212,9.0,0.1308,5.0,0.2286,31.0,,,0.2467,43.0,0.2235,27.0,0.1874,14.0,0.2056,3.0,,,0.2299,17.0
2015-04-15,0.1104,7.0,0.1303,5.0,0.2214,27.0,,,0.2402,38.0,0.2246,27.0,0.1906,16.0,0.2083,4.0,,,0.2294,17.0
2015-04-14,0.1087,6.0,0.154,14.0,0.2246,28.0,,,0.2111,20.0,0.2238,27.0,0.1923,17.0,0.2103,5.0,,,0.2355,20.0
2015-04-13,0.1424,16.0,0.1646,18.0,0.2363,36.0,,,0.1993,13.0,0.2265,28.0,0.1933,17.0,0.2145,6.0,,,0.2363,20.0
2015-04-10,0.1898,33.0,0.1806,26.0,0.1772,3.0,,,0.1806,5.0,0.2275,28.0,0.1943,19.0,0.2097,4.0,,,0.234,19.0
2015-04-09,0.1922,33.0,0.1816,26.0,0.1893,7.0,,,0.1963,11.0,0.2288,30.0,0.195,19.0,0.2113,5.0,,,0.2351,19.0
2015-04-08,0.228,49.0,0.1928,33.0,0.1913,8.0,,,0.2022,14.0,0.2312,32.0,0.1964,21.0,0.2109,5.0,,,0.2381,21.0
2015-04-07,0.2207,46.0,0.1935,33.0,0.2082,18.0,,,0.1951,11.0,0.2358,36.0,0.1995,22.0,0.2154,7.0,,,0.2373,20.0
2015-04-06,0.2217,47.0,0.1993,37.0,0.2102,19.0,,,0.1961,11.0,0.239,37.0,0.2004,23.0,0.2132,6.0,,,0.2373,20.0
2015-04-02,0.2273,49.0,0.1876,30.0,0.2073,18.0,,,0.2029,15.0,0.2385,37.0,0.1988,22.0,0.2163,7.0,,,0.2446,24.0
2015-04-01,0.2351,52.0,0.1692,20.0,0.1999,13.0,,,0.2023,15.0,0.2387,37.0,0.1981,22.0,0.2148,6.0,,,0.2413,22.0
2015-03-31,0.2094,41.0,0.1519,13.0,0.1996,13.0,,,0.1868,7.0,0.2377,37.0,0.1981,22.0,0.2135,6.0,,,0.2321,18.0
2015-03-30,0.2303,51.0,0.1643,18.0,0.1878,7.0,,,0.1869,7.0,0.2383,37.0,0.1983,22.0,0.2093,4.0,,,0.2333,19.0
2015-03-27,0.2163,44.0,0.1607,16.0,0.2003,13.0,,,0.1932,10.0,0.2368,36.0,0.1977,21.0,0.2147,6.0,,,0.2374,21.0
2015-03-26,0.2539,57.0,0.1942,34.0,0.2001,13.0,,,0.1954,11.0,0.237,36.0,0.1977,21.0,0.2151,7.0,,,0.2401,22.0
2015-03-25,0.252,57.0,0.189,30.0,0.1954,10.0,,,0.1892,8.0,0.2369,36.0,0.1974,21.0,0.2131,6.0,,,0.2337,19.0
2015-03-24,0.1973,35.0,0.1705,21.0,0.1763,3.0,,,0.1774,5.0,0.2355,35.0,0.1968,21.0,0.2054,3.0,,,0.2296,17.0
2015-03-23,0.2181,45.0,0.1852,28.0,0.186,6.0,,,0.1731,4.0,0.2355,35.0,0.1969,21.0,0.2033,2.0,,,0.2141,10.0
2015-03-20,0.2458,56.0,0.1914,32.0,0.1818,4.0,,,0.1824,6.0,0.2364,36.0,0.1971,21.0,0.2014,2.0,,,0.2212,13.0
2015-03-19,0.2364,53.0,0.1837,27.0,0.1953,10.0,,,0.1881,8.0,0.2357,35.0,0.1968,21.0,0.2098,4.0,,,0.2256,15.0
2015-03-18,0.2829,66.0,0.1844,28.0,0.1257,1.0,,,0.4916,94.0,0.2343,35.0,0.1965,21.0,0.1738,1.0,,,0.2625,38.0
2015-03-17,0.2677,62.0,0.1481,11.0,0.2075,18.0,,,0.2015,14.0,0.2331,34.0,0.1947,19.0,0.2123,5.0,,,0.2296,17.0
2015-03-16,0.2825,66.0,0.1549,14.0,0.2044,16.0,,,0.208,18.0,0.2333,34.0,0.195,19.0,0.2102,4.0,,,0.2278,16.0
2015-03-13,0.2687,63.0,0.1565,15.0,0.2055,16.0,,,0.2026,15.0,0.2328,33.0,0.1952,20.0,0.2252,11.0,,,0.2221,13.0
2015-03-12,0.3118,73.0,0.1713,21.0,0.1985,12.0,,,0.1953,11.0,0.2328,33.0,0.1946,19.0,0.2207,9.0,,,0.2161,11.0
2015-03-11,0.2483,57.0,0.1636,17.0,0.2248,28.0,,,0.2157,23.0,0.231,32.0,0.1945,19.0,0.226,11.0,,,0.2201,12.0
2015-03-10,0.2649,62.0,0.1683,19.0,0.2305,33.0,,,0.2077,18.0,0.2308,32.0,0.1944,19.0,0.2272,12.0,,,0.2184,12.0
2015-03-09,0.2245,48.0,0.1596,16.0,0.2008,13.0,,,0.1918,9.0,0.2272,28.0,0.1941,18.0,0.2168,7.0,,,0.2147,10.0
2015-03-06,0.2048,39.0,0.1593,16.0,0.1951,10.0,,,0.2061,17.0,0.2273,28.0,0.1941,18.0,0.2191,8.0,,,0.2172,11.0
2015-03-05,0.2285,50.0,0.1545,14.0,0.1919,8.0,,,0.1877,8.0,0.2265,28.0,0.1939,18.0,0.2159,7.0,,,0.2108,9.0
2015-03-04,0.2285,50.0,0.1528,13.0,0.1925,9.0,,,0.1883,8.0,0.2271,28.0,0.194,18.0,0.215,6.0,,,0.2103,9.0
2015-03-03,0.1554,20.0,0.1249,4.0,0.1793,4.0,,,0.1769,5.0,0.2232,26.0,0.1928,17.0,0.2091,4.0,,,0.2043,8.0
2015-03-02,0.1504,18.0,0.1338,6.0,0.1726,2.0,,,0.1754,4.0,0.2233,26.0,0.1931,17.0,0.2042,3.0,,,0.203,8.0
2015-02-27,0.1229,10.0,0.131,5.0,0.1791,4.0,,,0.1757,4.0,0.2225,26.0,0.1927,17.0,0.2132,6.0,,,0.2059,8.0
2015-02-26,0.1081,6.0,0.1253,4.0,0.1766,3.0,,,0.1764,4.0,0.2221,25.0,0.1925,17.0,0.2053,3.0,,,0.2061,8.0
2015-02-25,0.1099,6.0,0.1249,4.0,0.1735,3.0,,,0.1808,5.0,0.2221,25.0,0.1926,17.0,0.2063,3.0,,,0.2075,9.0
2015-02-24,0.1229,10.0,0.1338,6.0,0.1881,7.0,,,0.1855,7.0,0.2214,25.0,0.1925,17.0,0.2142,6.0,,,0.2092,9.0
2015-02-23,0.124,10.0,0.1354,7.0,0.1878,7.0,,,0.1962,11.0,0.2216,25.0,0.1926,17.0,0.2153,7.0,,,0.2142,10.0
2015-02-20,0.092,3.0,0.1341,6.0,0.187,6.0,,,0.188,8.0,0.2213,25.0,0.1922,17.0,0.2138,6.0,,,0.2158,11.0
2015-02-19,0.0939,4.0,0.1308,5.0,0.2124,21.0,,,0.2405,38.0,0.2217,25.0,0.1921,17.0,0.2155,7.0,,,0.2181,12.0
2015-02-18,0.0919,3.0,0.1299,5.0,0.2139,22.0,,,0.2487,44.0,0.2228,26.0,0.1923,17.0,0.2176,8.0,,,0.223,14.0
2015-02-17,0.0896,3.0,0.1353,7.0,0.2038,15.0,,,0.2915,68.0,0.2234,27.0,0.1925,17.0,0.2176,8.0,,,0.2303,17.0
2015-02-13,0.1043,5.0,0.1555,14.0,0.0891,1.0,,,0.3568,83.0,0.2234,27.0,0.1923,17.0,0.1977,1.0,,,0.2501,27.0
2015-02-12,0.083,2.0,0.1499,12.0,0.165,1.0,,,0.2794,62.0,0.2241,27.0,0.1925,17.0,0.2188,8.0,,,0.2417,22.0
2015-02-11,0.146,17.0,0.16,16.0,0.2636,52.0,,,0.1834,6.0,0.2239,27.0,0.1929,17.0,0.2421,22.0,,,0.2191,12.0
2015-02-10,0.1731,26.0,0.1972,35.0,0.2353,35.0,,,0.2337,34.0,0.2241,27.0,0.1925,17.0,0.2339,16.0,,,0.2266,15.0
2015-02-09,0.4613,90.0,0.2322,54.0,0.1888,7.0,,,0.296,70.0,0.2243,27.0,0.1928,17.0,0.2202,9.0,,,0.2406,22.0
2015-02-06,0.4641,90.0,0.2323,54.0,0.1684,2.0,,,0.2767,61.0,0.2242,27.0,0.1929,17.0,0.2147,6.0,,,0.2367,20.0
2015-02-05,0.4615,90.0,0.2465,61.0,0.2476,43.0,,,0.2204,26.0,0.2239,27.0,0.1928,17.0,0.2386,20.0,,,0.2277,16.0
2015-02-04,0.4675,90.0,0.2376,57.0,0.1988,12.0,,,0.2524,46.0,0.2267,28.0,0.1923,17.0,0.2184,8.0,,,0.2502,28.0
2015-02-03,0.4778,91.0,0.238,57.0,0.1265,1.0,,,0.3849,86.0,0.2252,28.0,0.1926,17.0,0.2033,2.0,,,0.2652,41.0
2015-02-02,0.4446,89.0,0.2316,54.0,0.1698,2.0,,,0.3974,88.0,0.2234,27.0,0.1934,18.0,0.2056,3.0,,,0.2742,49.0
2015-01-30,0.3977,85.0,0.2102,43.0,0.2366,36.0,,,0.2481,44.0,0.2215,25.0,0.1923,17.0,0.241,21.0,,,0.2386,21.0
2015-01-29,0.1749,27.0,0.1791,25.0,0.2722,57.0,,,0.2807,63.0,0.2021,12.0,0.1903,15.0,0.2393,20.0,,,0.2371,20.0
2015-01-28,0.1591,21.0,0.1787,25.0,0.2761,59.0,,,0.2722,59.0,0.2025,12.0,0.1907,16.0,0.2395,20.0,,,0.2364,20.0
2015-01-27,0.1861,31.0,0.1728,22.0,0.272,57.0,,,0.2425,40.0,0.2053,14.0,0.1904,16.0,0.235,17.0,,,0.232,18.0
2015-01-26,0.2074,40.0,0.2016,38.0,0.2485,44.0,,,0.253,47.0,0.204,13.0,0.1908,16.0,0.2271,12.0,,,0.2256,15.0
2015-01-23,0.2043,38.0,0.2083,41.0,0.2471,42.0,,,0.2521,46.0,0.2056,14.0,0.1945,19.0,0.2304,14.0,,,0.2306,18.0
2015-01-22,0.2068,40.0,0.2521,63.0,0.2543,47.0,,,0.2487,44.0,0.2057,14.0,0.1949,19.0,0.234,16.0,,,0.2281,16.0
2015-01-21,0.2152,44.0,0.2539,64.0,0.2619,52.0,,,0.2577,50.0,0.2058,14.0,0.194,18.0,0.2402,21.0,,,0.2358,20.0
2015-01-20,0.2944,69.0,0.2912,76.0,0.2658,54.0,,,0.2635,54.0,0.2055,14.0,0.1933,17.0,0.2462,25.0,,,0.2407,22.0
2015-01-16,0.3172,74.0,0.2902,76.0,0.2671,54.0,,,0.2634,53.0,0.2055,14.0,0.1931,17.0,0.2482,27.0,,,0.2465,25.0
2015-01-15,0.3042,71.0,0.2838,74.0,0.281,61.0,,,0.2222,27.0,0.2039,13.0,0.1923,17.0,0.2547,31.0,,,0.2508,28.0
2015-01-14,0.2842,66.0,0.2766,72.0,0.2591,50.0,,,0.2598,52.0,0.2017,11.0,0.1904,16.0,0.2493,28.0,,,0.2455,24.0
2015-01-13,0.3426,78.0,0.2959,77.0,0.2472,42.0,,,0.2704,57.0,0.2015,11.0,0.1899,15.0,0.2436,23.0,,,0.2421,22.0
2015-01-12,0.3457,79.0,0.2674,69.0,0.2543,47.0,,,0.2631,53.0,0.2021,12.0,0.1872,14.0,0.2456,25.0,,,0.2424,23.0
2015-01-09,0.3331,77.0,0.2635,68.0,0.2346,35.0,,,0.2298,32.0,0.2019,12.0,0.1862,13.0,0.2423,22.0,,,0.2375,21.0
2015-01-08,0.2656,62.0,0.2117,43.0,0.2167,24.0,,,0.3871,87.0,0.1948,7.0,0.1825,11.0,0.2376,19.0,,,0.2375,21.0
2015-01-07,0.251,57.0,0.2144,45.0,0.242,39.0,,,0.2855,65.0,0.194,7.0,0.1824,11.0,0.2477,26.0,,,0.248,26.0
2015-01-06,0.2178,45.0,0.209,42.0,0.2609,51.0,,,0.2638,54.0,0.1936,7.0,0.1826,11.0,0.2541,31.0,,,0.2506,28.0
2015-01-05,0.215,44.0,0.1855,28.0,0.2658,54.0,,,0.2526,47.0,0.194,7.0,0.1819,10.0,0.2537,30.0,,,0.2459,25.0
2015-01-02,0.1152,8.0,0.1423,9.0,0.2123,21.0,,,0.2144,22.0,0.1877,5.0,0.1796,9.0,0.2349,17.0,,,0.2296,17.0
2014-12-31,0.1121,7.0,0.1237,3.0,0.2173,24.0,,,0.231,32.0,0.1878,5.0,0.1789,9.0,0.2369,18.0,,,0.232,18.0
2014-12-30,0.0949,4.0,0.1062,1.0,0.2051,16.0,,,0.3556,83.0,0.1891,5.0,0.1787,9.0,0.2339,16.0,,,0.2288,17.0
2014-12-29,0.1479,18.0,0.1159,2.0,0.1855,6.0,,,0.3158,76.0,0.2028,12.0,0.1791,9.0,0.2313,14.0,,,0.2287,16.0
2014-12-26,0.1462,17.0,0.1441,10.0,0.2036,15.0,,,0.3979,88.0,0.2027,12.0,0.1789,9.0,0.2323,15.0,,,0.2274,16.0
2014-12-24,0.1375,14.0,0.1744,22.0,0.1787,4.0,,,0.3271,79.0,0.203,12.0,0.1789,9.0,0.2355,17.0,,,0.2318,18.0
2014-12-23,0.1414,16.0,0.1989,36.0,0.1761,3.0,,,0.3153,76.0,0.203,12.0,0.179,9.0,0.2347,17.0,,,0.2305,17.0
2014-12-22,0.2249,48.0,0.2043,39.0,0.1842,5.0,,,0.3587,83.0,0.2032,12.0,0.1789,9.0,0.2318,15.0,,,0.24,22.0
2014-12-19,0.2471,56.0,0.2154,45.0,0.2097,19.0,,,0.3327,80.0,0.2035,13.0,0.1794,9.0,0.2327,15.0,,,0.2488,27.0
2014-12-18,0.3206,75.0,0.242,59.0,0.145,1.0,,,0.5372,96.0,0.2034,13.0,0.1794,9.0,0.2197,9.0,,,0.2781,53.0
2014-12-17,0.2943,69.0,0.255,64.0,0.2444,41.0,,,0.2972,71.0,0.2012,11.0,0.1793,9.0,0.2461,25.0,,,0.2677,43.0
2014-12-16,0.2908,68.0,0.2442,60.0,0.3012,71.0,,,0.2376,37.0,0.2013,11.0,0.1779,8.0,0.2641,38.0,,,0.253,30.0
2014-12-15,0.2879,67.0,0.2246,50.0,0.3187,76.0,,,0.2327,33.0,0.2013,11.0,0.1763,8.0,0.2644,38.0,,,0.2529,30.0
2014-12-12,0.2873,67.0,0.2096,42.0,0.2665,54.0,,,0.2384,37.0,0.2014,11.0,0.1751,7.0,0.2625,37.0,,,0.2475,26.0
2014-12-11,0.3469,79.0,0.236,56.0,0.2171,24.0,,,0.2255,28.0,0.198,9.0,0.1748,7.0,0.241,21.0,,,0.2481,26.0
2014-12-10,0.339,78.0,0.2274,52.0,0.2367,36.0,,,0.2253,28.0,0.1967,8.0,0.1744,6.0,0.2435,23.0,,,0.2422,23.0
2014-12-09,0.2444,55.0,0.2048,39.0,0.2,13.0,,,0.2026,15.0,0.1911,6.0,0.1725,6.0,0.2271,12.0,,,0.231,18.0
2014-12-08,0.2506,57.0,0.1847,28.0,0.2016,14.0,,,0.2056,17.0,0.1905,6.0,0.1711,5.0,0.2268,12.0,,,0.2285,16.0
2014-12-05,0.2495,57.0,0.1763,23.0,0.1834,5.0,,,0.19,8.0,0.1915,6.0,0.1711,5.0,0.2187,8.0,,,0.224,14.0
2014-12-04,0.2483,57.0,0.1762,23.0,0.1921,9.0,,,0.19,8.0,0.192,7.0,0.1709,5.0,0.2211,9.0,,,0.2231,14.0
2014-12-03,0.2302,50.0,0.1702,20.0,0.1929,9.0,,,0.1971,12.0,0.1919,6.0,0.1706,5.0,0.218,8.0,,,0.224,14.0
2014-12-02,0.1186,9.0,0.12,3.0,0.1947,10.0,,,0.1984,12.0,0.1851,4.0,0.1687,4.0,0.2186,8.0,,,0.2264,15.0
2014-12-01,0.1073,6.0,0.1269,4.0,0.2081,18.0,,,0.1951,11.0,0.1851,4.0,0.1691,4.0,0.2237,11.0,,,0.2206,13.0
2014-11-28,0.1038,5.0,0.1157,2.0,0.1963,11.0,,,0.1974,12.0,0.1854,4.0,0.1689,4.0,0.2207,9.0,,,0.222,13.0
2014-11-26,0.0957,4.0,0.1099,1.0,0.1836,5.0,,,0.18,5.0,0.1853,4.0,0.1687,4.0,0.2138,6.0,,,0.2201,12.0
2014-11-25,0.0686,1.0,0.1023,1.0,0.1813,4.0,,,0.1809,5.0,0.1848,3.0,0.1694,4.0,0.2139,6.0,,,0.2172,11.0
2014-11-24,0.054,1.0,0.098,1.0,0.1849,5.0,,,0.1854,7.0,0.1845,3.0,0.1696,4.0,0.216,7.0,,,0.2237,14.0
2014-11-21,0.0684,1.0,0.1038,1.0,0.1878,7.0,,,0.1976,12.0,0.1844,3.0,0.1696,4.0,0.2197,9.0,,,0.2227,13.0
2014-11-20,0.0759,2.0,0.1165,2.0,0.1936,9.0,,,0.1948,10.0,0.1844,3.0,0.1696,4.0,0.2236,10.0,,,0.2288,17.0
2014-11-19,0.0815,2.0,0.1082,1.0,0.2054,16.0,,,0.2483,44.0,0.1845,3.0,0.1692,4.0,0.2249,11.0,,,0.2268,15.0
2014-11-18,0.0816,2.0,0.1053,1.0,0.2045,16.0,,,0.2167,24.0,0.1859,4.0,0.1701,5.0,0.2234,10.0,,,0.227,15.0
2014-11-17,0.0894,3.0,0.1076,1.0,0.2065,17.0,,,0.216,23.0,0.1864,4.0,0.1703,5.0,0.2231,10.0,,,0.2285,16.0
2014-11-14,0.1029,5.0,0.1164,2.0,0.175,3.0,,,0.1919,9.0,0.1864,4.0,0.1705,5.0,0.2227,10.0,,,0.229,17.0
2014-11-13,0.1104,7.0,0.1342,6.0,0.1971,11.0,,,0.1987,12.0,0.1871,4.0,0.1707,5.0,0.22,9.0,,,0.2332,19.0
2014-11-12,0.0918,3.0,0.1314,5.0,0.1989,12.0,,,0.1939,10.0,0.1877,5.0,0.171,5.0,0.2213,9.0,,,0.2325,18.0
2014-11-11,0.0848,3.0,0.1248,4.0,0.184,5.0,,,0.2186,25.0,0.1881,5.0,0.171,5.0,0.2178,8.0,,,0.2365,20.0
2014-11-10,0.1325,13.0,0.1608,16.0,0.189,7.0,,,0.2149,23.0,0.188,5.0,0.1716,5.0,0.2211,9.0,,,0.2358,20.0
2014-11-07,0.119,9.0,0.2601,67.0,0.1873,6.0,,,0.2151,23.0,0.1887,5.0,0.1729,6.0,0.2195,9.0,,,0.2371,20.0
2014-11-06,0.1186,9.0,0.2671,69.0,0.2026,15.0,,,0.2124,21.0,0.1909,6.0,0.1738,6.0,0.2237,11.0,,,0.2356,20.0
2014-11-05,0.1641,23.0,0.273,71.0,0.2016,14.0,,,0.2224,27.0,0.1908,6.0,0.1737,6.0,0.2216,10.0,,,0.2392,21.0
2014-11-04,0.1801,28.0,0.2686,70.0,0.2055,16.0,,,0.2226,28.0,0.1924,7.0,0.1734,6.0,0.2236,10.0,,,0.2388,21.0
2014-11-03,0.1697,25.0,0.2731,71.0,0.2,13.0,,,0.2176,24.0,0.1927,7.0,0.1736,6.0,0.2203,9.0,,,0.2383,21.0
2014-10-31,0.1622,22.0,0.2745,71.0,0.1949,10.0,,,0.2081,18.0,0.1927,7.0,0.174,6.0,0.2183,8.0,,,0.2392,21.0
2014-10-30,0.1685,24.0,0.2557,65.0,0.2004,13.0,,,0.221,27.0,0.19,6.0,0.1726,6.0,0.2231,10.0,,,0.2412,22.0
2014-10-29,0.1889,32.0,0.1729,22.0,0.1996,13.0,,,0.2191,25.0,0.1903,6.0,0.166,3.0,0.2203,9.0,,,0.2365,20.0
2014-10-28,0.2264,49.0,0.1678,19.0,0.2063,17.0,,,0.2105,19.0,0.1901,6.0,0.1659,3.0,0.2193,8.0,,,0.2401,22.0
2014-10-27,0.1971,35.0,0.1625,17.0,0.2613,51.0,,,0.2693,57.0,0.187,4.0,0.1659,3.0,0.2311,14.0,,,0.2503,28.0
2014-10-24,0.191,33.0,0.2146,45.0,0.2414,39.0,,,0.2515,46.0,0.187,4.0,0.1657,3.0,0.2301,14.0,,,0.2482,26.0
2014-10-23,0.199,36.0,0.2435,60.0,0.2528,46.0,,,0.2632,53.0,0.1863,4.0,0.1658,3.0,0.2323,15.0,,,0.247,25.0
2014-10-22,0.2159,44.0,0.2591,66.0,0.2586,49.0,,,0.2692,57.0,0.1906,6.0,0.1672,3.0,0.2376,19.0,,,0.2508,28.0
2014-10-21,0.2601,60.0,0.2711,70.0,0.2508,45.0,,,0.2653,55.0,0.1907,6.0,0.1689,4.0,0.2354,17.0,,,0.2513,28.0
2014-10-20,0.2581,60.0,0.269,70.0,0.2632,52.0,,,0.2756,61.0,0.1874,5.0,0.1683,4.0,0.2456,25.0,,,0.2631,39.0
2014-10-17,0.2945,69.0,0.284,74.0,0.2815,62.0,,,0.2852,65.0,0.1872,5.0,0.168,4.0,0.2516,28.0,,,0.2677,43.0
2014-10-16,0.3631,81.0,0.3161,81.0,0.3052,72.0,,,0.3205,78.0,0.187,4.0,0.1675,4.0,0.2626,37.0,,,0.2759,51.0
2014-10-15,0.3872,84.0,0.2911,76.0,0.3514,82.0,,,0.3337,80.0,0.1852,4.0,0.1638,2.0,0.2652,38.0,,,0.2798,55.0
2014-10-14,0.3917,85.0,0.2622,67.0,0.3381,80.0,,,0.3126,76.0,0.1856,4.0,0.1612,2.0,0.2503,28.0,,,0.2648,40.0
2014-10-13,0.3617,81.0,0.2453,61.0,0.3381,80.0,,,0.3303,79.0,0.1815,2.0,0.1595,2.0,0.2486,27.0,,,0.2646,40.0
2014-10-10,0.3655,81.0,0.2437,60.0,0.2825,62.0,,,0.2699,57.0,0.1822,3.0,0.1589,2.0,0.2424,22.0,,,0.2576,34.0
2014-10-09,0.3579,81.0,0.237,57.0,0.2474,43.0,,,0.2382,37.0,0.1811,2.0,0.1592,2.0,0.2334,16.0,,,0.2497,27.0
2014-10-08,0.3208,75.0,0.2153,45.0,0.2096,19.0,,,0.2104,19.0,0.1782,2.0,0.1578,2.0,0.219,8.0,,,0.2364,20.0
2014-10-07,0.2418,55.0,0.1585,15.0,0.2278,31.0,,,0.2151,23.0,0.1719,1.0,0.1548,1.0,0.2223,10.0,,,0.239,21.0
2014-10-06,0.1711,25.0,0.137,7.0,0.2087,19.0,,,0.208,18.0,0.1717,1.0,0.1555,1.0,0.2175,7.0,,,0.2341,19.0
2014-10-03,0.1929,34.0,0.1455,10.0,0.2081,18.0,,,0.1983,12.0,0.1732,1.0,0.1563,1.0,0.2174,7.0,,,0.2335,19.0
2014-10-02,0.1611,22.0,0.1433,10.0,0.2153,23.0,,,0.2028,15.0,0.1726,1.0,0.1568,1.0,0.2214,9.0,,,0.2354,20.0
2014-10-01,0.107,6.0,0.1263,4.0,0.2147,22.0,,,0.2121,21.0,0.172,1.0,0.1566,1.0,0.2237,11.0,,,0.2393,21.0
2014-09-30,0.1033,5.0,0.1271,4.0,0.2014,14.0,,,0.1969,11.0,0.1747,1.0,0.1606,2.0,0.216,7.0,,,0.2337,19.0
2014-09-29,0.1037,5.0,0.1312,5.0,0.1982,12.0,,,0.1938,10.0,0.1754,1.0,0.1608,2.0,0.2157,7.0,,,0.2314,18.0
2014-09-26,0.1345,13.0,0.1292,5.0,0.1883,7.0,,,0.1885,8.0,0.1756,1.0,0.1607,2.0,0.2129,6.0,,,0.2275,16.0
2014-09-25,0.1547,20.0,0.1373,7.0,0.1994,12.0,,,0.1872,7.0,0.1758,2.0,0.1607,2.0,0.2157,7.0,,,0.2285,16.0
2014-09-24,0.1321,13.0,0.1342,6.0,0.1865,6.0,,,0.1815,6.0,0.1758,2.0,0.1613,2.0,0.2126,5.0,,,0.2255,15.0
2014-09-23,0.1332,13.0,0.1346,7.0,0.1912,8.0,,,0.186,7.0,0.1763,2.0,0.1615,2.0,0.2124,5.0,,,0.2258,15.0
2014-09-22,0.1189,9.0,0.1371,7.0,0.1818,4.0,,,0.1798,5.0,0.1757,1.0,0.1616,2.0,0.2102,4.0,,,0.2275,16.0
2014-09-19,0.1168,8.0,0.1314,5.0,0.1739,3.0,,,0.1712,4.0,0.1768,2.0,0.1626,2.0,0.203,2.0,,,0.2118,10.0
2014-09-18,0.1162,8.0,0.1333,6.0,0.1757,3.0,,,0.1626,2.0,0.1782,2.0,0.1636,2.0,0.2026,2.0,,,0.213,10.0
2014-09-17,0.1075,6.0,0.1343,6.0,0.2038,15.0,,,0.1822,6.0,0.1785,2.0,0.1646,3.0,0.2052,3.0,,,0.2137,10.0
2014-09-16,0.0724,1.0,0.1279,5.0,0.1851,5.0,,,0.2032,15.0,0.1784,2.0,0.1648,3.0,0.2068,3.0,,,0.2165,11.0
2014-09-15,0.0802,2.0,0.1271,4.0,0.2082,18.0,,,0.2004,13.0,0.1784,2.0,0.1649,3.0,0.2096,4.0,,,0.2162,11.0
2014-09-12,0.0855,3.0,0.1288,5.0,0.1777,4.0,,,0.1854,7.0,0.1782,2.0,0.1654,3.0,0.203,2.0,,,0.2171,11.0
2014-09-11,0.0831,2.0,0.1297,5.0,0.1724,2.0,,,0.2011,14.0,0.1787,2.0,0.1656,3.0,0.2055,3.0,,,0.2123,10.0
2014-09-10,0.0741,1.0,0.1298,5.0,0.1811,4.0,,,0.1976,12.0,0.1818,2.0,0.1662,3.0,0.206,3.0,,,0.2143,10.0
2014-09-09,0.0858,3.0,0.1189,2.0,0.1866,6.0,,,0.1787,5.0,0.1818,2.0,0.166,3.0,0.2083,4.0,,,0.2157,11.0
2014-09-08,0.0767,2.0,0.1223,3.0,0.1779,4.0,,,0.1774,5.0,0.1826,3.0,0.1674,3.0,0.2016,2.0,,,0.2107,9.0
2014-09-05,0.0775,2.0,0.1217,3.0,0.164,1.0,,,0.1672,3.0,0.183,3.0,0.1679,4.0,0.1989,2.0,,,0.2082,9.0
2014-09-04,0.0576,1.0,0.117,2.0,0.1664,1.0,,,0.1617,2.0,0.1824,3.0,0.1684,4.0,0.1953,1.0,,,0.2073,9.0
2014-09-03,0.0764,2.0,0.1076,1.0,0.1597,1.0,,,0.1642,2.0,0.1826,3.0,0.1683,4.0,0.1953,1.0,,,0.2061,8.0
2014-09-02,0.0829,2.0,0.1057,1.0,0.1618,1.0,,,0.1649,2.0,0.1823,3.0,0.168,4.0,0.1946,1.0,,,0.2052,8.0
2014-08-29,0.1184,9.0,0.1177,2.0,0.1555,1.0,,,0.159,2.0,0.1828,3.0,0.168,4.0,0.193,1.0,,,0.2048,8.0
2014-08-28,0.1478,18.0,0.1243,4.0,0.1593,1.0,,,0.1582,2.0,0.1832,3.0,0.1687,4.0,0.196,1.0,,,0.2062,9.0
2014-08-27,0.1488,18.0,0.1164,2.0,0.1575,1.0,,,0.1618,2.0,0.1841,3.0,0.1686,4.0,0.1959,1.0,,,0.2056,8.0
2014-08-26,0.1986,36.0,0.1323,6.0,0.161,1.0,,,0.1579,2.0,0.1848,3.0,0.1687,4.0,0.1992,2.0,,,0.2061,8.0
2014-08-25,0.1925,34.0,0.144,10.0,0.1557,1.0,,,0.1584,2.0,0.1856,4.0,0.1699,5.0,0.1964,1.0,,,0.2055,8.0
2014-08-22,0.1916,33.0,0.1429,10.0,0.1617,1.0,,,0.1582,2.0,0.1857,4.0,0.1706,5.0,0.1957,1.0,,,0.2056,8.0
2014-08-21,0.1781,28.0,0.1493,12.0,0.1629,1.0,,,0.165,2.0,0.1853,4.0,0.1706,5.0,0.1974,1.0,,,0.2087,9.0
2014-08-20,0.1296,12.0,0.1454,10.0,0.1609,1.0,,,0.1574,2.0,0.1843,3.0,0.1709,5.0,0.1982,2.0,,,0.2076,9.0
2014-08-19,0.126,11.0,0.1437,10.0,0.1613,1.0,,,0.1642,2.0,0.1881,5.0,0.1747,7.0,0.1998,2.0,,,0.2097,9.0
2014-08-18,0.1469,17.0,0.1553,14.0,0.1638,1.0,,,0.1651,3.0,0.1882,5.0,0.18,9.0,0.2001,2.0,,,0.2105,9.0
2014-08-15,0.1206,9.0,0.153,13.0,0.1742,3.0,,,0.1741,4.0,0.1861,4.0,0.1794,9.0,0.2102,4.0,,,0.2171,11.0
2014-08-14,0.1341,13.0,0.1696,20.0,0.1754,3.0,,,0.1734,4.0,0.1864,4.0,0.1791,9.0,0.2079,4.0,,,0.2191,12.0
2014-08-13,0.1447,17.0,0.1942,34.0,0.1837,5.0,,,0.201,14.0,0.1871,4.0,0.1797,9.0,0.2109,5.0,,,0.2226,13.0
2014-08-12,0.1416,16.0,0.1915,32.0,0.1913,8.0,,,0.2105,19.0,0.1909,6.0,0.1816,10.0,0.2191,8.0,,,0.2243,14.0
2014-08-11,0.1631,22.0,0.1981,36.0,0.2071,18.0,,,0.1811,6.0,0.1914,6.0,0.1825,11.0,0.2181,8.0,,,0.228,16.0
2014-08-08,0.2198,46.0,0.2117,43.0,0.1849,5.0,,,0.1975,12.0,0.1915,6.0,0.1825,11.0,0.218,8.0,,,0.2256,15.0
2014-08-07,0.1769,28.0,0.215,45.0,0.2049,16.0,,,0.217,24.0,0.1905,6.0,0.1826,11.0,0.2236,10.0,,,0.2291,17.0
2014-08-06,0.1931,34.0,0.2639,68.0,0.2111,20.0,,,0.2111,20.0,0.1912,6.0,0.1823,11.0,0.2224,10.0,,,0.2274,16.0
2014-08-05,0.1956,35.0,0.2525,64.0,0.2131,21.0,,,0.2163,23.0,0.1913,6.0,0.1814,10.0,0.2256,11.0,,,0.2235,14.0
2014-08-04,0.1956,35.0,0.2354,56.0,0.2103,20.0,,,0.2062,17.0,0.1955,8.0,0.1826,11.0,0.2149,6.0,,,0.2275,16.0
2014-08-01,0.1702,25.0,0.2284,53.0,0.2124,21.0,,,0.1971,12.0,0.2007,11.0,0.1835,11.0,0.2161,7.0,,,0.2282,16.0
2014-07-31,0.1756,27.0,0.2199,48.0,0.2034,15.0,,,0.1976,12.0,0.2014,11.0,0.1847,12.0,0.2135,6.0,,,0.2241,14.0
2014-07-30,0.1399,15.0,0.2059,40.0,0.195,10.0,,,0.1967,11.0,0.2049,14.0,0.192,17.0,0.205,3.0,,,0.2165,11.0
2014-07-29,0.1212,9.0,0.1954,34.0,0.1929,9.0,,,0.2022,14.0,0.2082,16.0,0.1933,17.0,0.2046,3.0,,,0.2174,11.0
2014-07-28,0.0887,3.0,0.1096,1.0,0.2363,36.0,,,0.2445,41.0,0.2071,15.0,0.1903,15.0,0.2023,2.0,,,0.2175,11.0
2014-07-25,0.1111,7.0,0.1089,1.0,0.2233,28.0,,,0.236,36.0,0.2071,15.0,0.1909,16.0,0.2063,3.0,,,0.218,12.0
2014-07-24,0.12,9.0,0.1084,1.0,0.2266,30.0,,,0.2311,33.0,0.2068,15.0,0.1915,16.0,0.2046,3.0,,,0.215,10.0
2014-07-23,0.1165,8.0,0.1151,2.0,0.2246,28.0,,,0.2303,32.0,0.2066,15.0,0.1929,17.0,0.2033,2.0,,,0.2167,11.0
2014-07-22,0.1196,9.0,0.1139,2.0,0.2227,28.0,,,0.2132,21.0,0.213,19.0,0.1944,19.0,0.2049,3.0,,,0.2135,10.0
2014-07-21,0.1299,12.0,0.1276,4.0,0.2219,27.0,,,0.2311,33.0,0.2138,19.0,0.1944,19.0,0.2058,3.0,,,0.2171,11.0
2014-07-18,0.1417,16.0,0.1413,9.0,0.2197,26.0,,,0.2238,28.0,0.214,19.0,0.1945,19.0,0.2056,3.0,,,0.2176,11.0
2014-07-17,0.1333,13.0,0.1425,9.0,0.2229,28.0,,,0.2283,31.0,0.2138,19.0,0.1948,19.0,0.2068,3.0,,,0.218,12.0
2014-07-16,0.1102,7.0,0.1338,6.0,0.2147,22.0,,,0.2101,19.0,0.213,19.0,0.1945,19.0,0.2052,3.0,,,0.216,11.0
2014-07-15,0.1492,18.0,0.1463,11.0,0.2183,25.0,,,0.2199,26.0,0.2129,18.0,0.1945,19.0,0.2076,4.0,,,0.2167,11.0
2014-07-14,0.3692,82.0,0.1511,13.0,0.2028,15.0,,,0.211,20.0,0.2129,18.0,0.1947,19.0,0.2067,3.0,,,0.2177,11.0
2014-07-11,0.3692,82.0,0.1538,14.0,0.2152,23.0,,,0.2201,26.0,0.2129,18.0,0.1947,19.0,0.2047,3.0,,,0.2193,12.0
2014-07-10,0.3693,82.0,0.1412,9.0,0.2153,23.0,,,0.1819,6.0,0.2135,19.0,0.1947,19.0,0.2062,3.0,,,0.219,12.0
2014-07-09,0.3605,81.0,0.1262,4.0,0.1975,11.0,,,0.2047,16.0,0.2131,19.0,0.1943,19.0,0.2049,3.0,,,0.2167,11.0
2014-07-08,0.3655,81.0,0.1244,4.0,0.2051,16.0,,,0.1868,7.0,0.2131,19.0,0.1945,19.0,0.2038,3.0,,,0.2143,10.0
2014-07-07,0.3689,82.0,0.1338,6.0,0.2076,18.0,,,0.1954,11.0,0.213,19.0,0.1946,19.0,0.2064,3.0,,,0.207,9.0
2014-07-03,0.3305,76.0,0.1243,4.0,0.1789,4.0,,,0.174,4.0,0.211,17.0,0.1942,18.0,0.1968,1.0,,,0.2112,9.0
2014-07-02,0.1036,5.0,0.1222,3.0,0.15,1.0,,,0.1521,1.0,0.1977,9.0,0.1945,19.0,0.2071,4.0,,,0.2209,13.0
2014-07-01,0.0988,4.0,0.1193,2.0,0.1587,1.0,,,0.1596,2.0,0.1976,8.0,0.1945,19.0,0.2079,4.0,,,0.2207,13.0
2014-06-30,0.0643,1.0,0.1191,2.0,0.1569,1.0,,,0.1614,2.0,0.1979,9.0,0.1947,19.0,0.2093,4.0,,,0.2212,13.0
2014-06-27,0.0877,3.0,0.1235,3.0,0.1599,1.0,,,0.158,2.0,0.198,9.0,0.1947,19.0,0.2065,3.0,,,0.219,12.0
2014-06-26,0.0891,3.0,0.1278,4.0,0.1675,2.0,,,0.1642,2.0,0.1979,9.0,0.1946,19.0,0.2143,6.0,,,0.2186,12.0
2014-06-25,0.0762,2.0,0.1236,3.0,0.173,2.0,,,0.1647,2.0,0.1977,9.0,0.1941,18.0,0.2115,5.0,,,0.2224,13.0
2014-06-24,0.0761,2.0,0.1245,4.0,0.1707,2.0,,,0.1674,3.0,0.1981,9.0,0.1941,18.0,0.2118,5.0,,,0.222,13.0
2014-06-23,0.0651,1.0,0.1184,2.0,0.1704,2.0,,,0.1707,3.0,0.198,9.0,0.1939,18.0,0.2129,6.0,,,0.2232,14.0
2014-06-20,0.1251,11.0,0.1317,6.0,0.166,1.0,,,0.1726,4.0,0.1978,9.0,0.1939,18.0,0.2039,3.0,,,0.2153,10.0
2014-06-19,0.1363,14.0,0.1313,5.0,0.1766,3.0,,,0.1737,4.0,0.198,9.0,0.1941,18.0,0.2077,4.0,,,0.2117,10.0
2014-06-18,0.1307,12.0,0.1279,5.0,0.1808,4.0,,,0.1802,5.0,0.1982,9.0,0.1941,18.0,0.2099,4.0,,,0.2151,10.0
2014-06-17,0.1302,12.0,0.1366,7.0,0.2017,14.0,,,0.1986,12.0,0.1989,9.0,0.1954,20.0,0.211,5.0,,,0.2172,11.0
2014-06-16,0.1529,19.0,0.1407,9.0,0.1929,9.0,,,0.1996,13.0,0.1992,10.0,0.1955,20.0,0.2115,5.0,,,0.2218,13.0
2014-06-13,0.1683,24.0,0.1419,9.0,0.1752,3.0,,,0.1859,7.0,0.2011,11.0,0.1959,20.0,0.2113,5.0,,,0.2194,12.0
2014-06-12,0.1628,22.0,0.1394,8.0,0.1796,4.0,,,0.2002,13.0,0.201,11.0,0.1957,20.0,0.2103,5.0,,,0.2212,13.0
2014-06-11,0.1235,10.0,0.1456,10.0,0.1919,8.0,,,0.1827,6.0,0.1995,10.0,0.1954,20.0,0.21,4.0,,,0.217,11.0
2014-06-10,0.1073,6.0,0.1524,13.0,0.1857,6.0,,,0.1831,6.0,0.2008,11.0,0.1963,21.0,0.2087,4.0,,,0.2129,10.0
2014-06-09,0.0882,3.0,0.1516,13.0,0.1863,6.0,,,0.1713,4.0,0.2005,10.0,0.1964,21.0,0.2098,4.0,,,0.213,10.0
2014-06-06,0.1072,6.0,0.1396,8.0,0.1693,2.0,,,0.1754,4.0,0.2005,10.0,0.1959,20.0,0.2061,3.0,,,0.2148,10.0
2014-06-05,0.0855,3.0,0.1281,5.0,0.1807,4.0,,,0.1762,4.0,0.2026,12.0,0.1959,20.0,0.2093,4.0,,,0.2145,10.0
2014-06-04,0.1212,9.0,0.1448,10.0,0.1796,4.0,,,0.1857,7.0,0.2022,12.0,0.1958,20.0,0.2101,4.0,,,0.2203,12.0
2014-06-03,0.1315,12.0,0.1482,11.0,0.1823,5.0,,,0.1803,5.0,0.2033,12.0,0.1967,21.0,0.2125,5.0,,,0.2178,11.0
2014-06-02,0.1314,12.0,0.1301,5.0,0.1799,4.0,,,0.1873,7.0,0.2045,13.0,0.1969,21.0,0.2121,5.0,,,0.2173,11.0
2014-05-30,0.1388,15.0,0.1273,4.0,0.1774,3.0,,,0.1758,4.0,0.2046,13.0,0.1966,21.0,0.2109,5.0,,,0.2192,12.0
2014-05-29,0.1693,25.0,0.1384,8.0,0.1734,2.0,,,0.1822,6.0,0.2045,13.0,0.1965,21.0,0.2092,4.0,,,0.22,12.0
2014-05-28,0.1619,22.0,0.1485,11.0,0.1835,5.0,,,0.1779,5.0,0.2043,13.0,0.1965,21.0,0.2105,5.0,,,0.2142,10.0
2014-05-27,0.1536,19.0,0.1625,17.0,0.1778,4.0,,,0.1798,5.0,0.2043,13.0,0.1964,21.0,0.21,4.0,,,0.2166,11.0
2014-05-23,0.1641,23.0,0.1667,19.0,0.169,2.0,,,0.1739,4.0,0.2031,12.0,0.1955,20.0,0.2095,4.0,,,0.2177,11.0
2014-05-22,0.2032,38.0,0.1818,26.0,0.184,5.0,,,0.1719,4.0,0.2028,12.0,0.1954,20.0,0.2106,5.0,,,0.216,11.0
2014-05-21,0.2025,38.0,0.1818,26.0,0.1815,4.0,,,0.1828,6.0,0.2044,13.0,0.196,20.0,0.2123,5.0,,,0.217,11.0
2014-05-20,0.2292,50.0,0.1847,28.0,0.1892,7.0,,,0.1862,7.0,0.204,13.0,0.1961,20.0,0.2139,6.0,,,0.2202,12.0
2014-05-19,0.222,47.0,0.1817,26.0,0.1852,5.0,,,0.1863,7.0,0.2044,13.0,0.1961,20.0,0.216,7.0,,,0.2204,12.0
2014-05-16,0.2024,37.0,0.1838,27.0,0.1875,6.0,,,0.1929,9.0,0.2044,13.0,0.1961,20.0,0.2131,6.0,,,0.2225,13.0
2014-05-15,0.2018,37.0,0.1785,24.0,0.196,11.0,,,0.1987,12.0,0.2044,13.0,0.1954,20.0,0.2168,7.0,,,0.2243,14.0
2014-05-14,0.2007,37.0,0.1619,17.0,0.1922,9.0,,,0.2208,26.0,0.2039,13.0,0.1944,19.0,0.2172,7.0,,,0.219,12.0
2014-05-13,0.1584,21.0,0.1532,13.0,0.2117,20.0,,,0.1971,12.0,0.2016,11.0,0.1935,18.0,0.2183,8.0,,,0.2196,12.0
2014-05-12,0.1723,26.0,0.1666,19.0,0.2027,15.0,,,0.1647,2.0,0.2013,11.0,0.1939,18.0,0.2172,7.0,,,0.2182,12.0
2014-05-09,0.1025,5.0,0.1619,17.0,0.1855,6.0,,,0.1918,9.0,0.1996,10.0,0.1935,18.0,0.2194,8.0,,,0.2229,14.0
2014-05-08,0.1163,8.0,0.1675,19.0,0.1883,7.0,,,0.1952,11.0,0.2001,10.0,0.1936,18.0,0.2206,9.0,,,0.2221,13.0
2014-05-07,0.2344,52.0,0.1855,28.0,0.2042,16.0,,,0.1657,3.0,0.2015,11.0,0.1938,18.0,0.2223,10.0,,,0.2226,13.0
2014-05-06,0.2345,52.0,0.2069,41.0,0.2073,18.0,,,0.2034,15.0,0.2017,11.0,0.1938,18.0,0.2232,10.0,,,0.2231,14.0
2014-05-05,0.2341,52.0,0.2093,42.0,0.2047,16.0,,,0.1986,12.0,0.2017,11.0,0.1956,20.0,0.2215,9.0,,,0.2207,13.0
2014-05-02,0.2383,53.0,0.2018,38.0,0.1953,10.0,,,0.1934,10.0,0.2018,12.0,0.1951,20.0,0.2226,10.0,,,0.2225,13.0
2014-05-01,0.2379,53.0,0.1886,30.0,0.1783,4.0,,,0.1923,9.0,0.2013,11.0,0.1947,19.0,0.2163,7.0,,,0.2186,12.0
2014-04-30,0.2362,52.0,0.1871,28.0,0.1846,5.0,,,0.1915,9.0,0.2013,11.0,0.1947,19.0,0.2168,7.0,,,0.2208,13.0
2014-04-29,0.2367,53.0,0.1805,25.0,0.1973,11.0,,,0.203,15.0,0.2032,12.0,0.1953,20.0,0.2204,9.0,,,0.2251,15.0
2014-04-28,0.0914,3.0,0.1496,12.0,0.2376,37.0,,,0.2405,38.0,0.2005,10.0,0.196,20.0,0.2265,12.0,,,0.2268,15.0
2014-04-25,0.1381,14.0,0.1243,4.0,0.2311,33.0,,,0.2358,35.0,0.2007,11.0,0.1947,19.0,0.2246,11.0,,,0.2237,14.0
2014-04-24,0.1097,6.0,0.1402,9.0,0.2242,28.0,,,0.2236,28.0,0.2001,10.0,0.1947,19.0,0.2243,11.0,,,0.2235,14.0
2014-04-23,0.1103,7.0,0.1486,12.0,0.2256,30.0,,,0.2288,31.0,0.2001,10.0,0.1947,19.0,0.2243,11.0,,,0.2253,15.0
2014-04-22,0.151,19.0,0.1656,18.0,0.2289,32.0,,,0.2073,18.0,0.2002,10.0,0.1948,19.0,0.2268,12.0,,,0.2243,14.0
2014-04-21,0.2282,49.0,0.1936,33.0,0.2217,27.0,,,0.2312,33.0,0.2009,11.0,0.1951,20.0,0.2259,11.0,,,0.2264,15.0
2014-04-17,0.2499,57.0,0.2025,38.0,0.2254,28.0,,,0.2213,27.0,0.2007,11.0,0.1949,19.0,0.2288,13.0,,,0.2266,15.0
2014-04-16,0.2563,59.0,0.2132,44.0,0.223,28.0,,,0.2168,24.0,0.2006,10.0,0.1948,19.0,0.2291,13.0,,,0.2325,18.0
2014-04-15,0.2441,55.0,0.2157,45.0,0.2356,35.0,,,0.2122,21.0,0.1995,10.0,0.1949,19.0,0.2315,15.0,,,0.2322,18.0
2014-04-14,0.2723,63.0,0.2525,64.0,0.2235,28.0,,,0.221,27.0,0.2008,11.0,0.1944,19.0,0.2331,16.0,,,0.2337,19.0
2014-04-11,0.2657,62.0,0.2516,63.0,0.2247,28.0,,,0.2168,24.0,0.2016,11.0,0.1942,18.0,0.2359,18.0,,,0.2361,20.0
2014-04-10,0.2793,65.0,0.241,59.0,0.2218,27.0,,,0.206,17.0,0.2007,11.0,0.1939,18.0,0.2358,18.0,,,0.2336,19.0
2014-04-09,0.2461,56.0,0.2192,47.0,0.1968,11.0,,,0.1949,10.0,0.197,8.0,0.1929,17.0,0.2298,13.0,,,0.2287,16.0
2014-04-08,0.2349,52.0,0.2216,49.0,0.2124,21.0,,,0.2085,18.0,0.199,10.0,0.1928,17.0,0.2328,15.0,,,0.2295,17.0
2014-04-07,0.2319,51.0,0.2166,46.0,0.2186,25.0,,,0.2149,23.0,0.1986,9.0,0.1924,17.0,0.2332,16.0,,,0.2308,18.0
2014-04-04,0.2246,48.0,0.2109,43.0,0.2073,18.0,,,0.2022,14.0,0.199,10.0,0.1922,17.0,0.2314,14.0,,,0.2299,17.0
2014-04-03,0.1907,33.0,0.1664,18.0,0.1947,10.0,,,0.1928,9.0,0.196,8.0,0.1889,15.0,0.2257,11.0,,,0.2236,14.0
2014-04-02,0.1894,33.0,0.1815,26.0,0.196,11.0,,,0.1975,12.0,0.1949,7.0,0.1885,14.0,0.2231,10.0,,,0.2236,14.0
2014-04-01,0.2065,39.0,0.1985,36.0,0.2091,19.0,,,0.2067,17.0,0.1952,8.0,0.189,15.0,0.2255,11.0,,,0.2235,14.0
2014-03-31,0.2077,40.0,0.2055,40.0,0.2168,24.0,,,0.2158,23.0,0.1951,8.0,0.1892,15.0,0.23,13.0,,,0.2251,15.0
2014-03-28,0.1919,33.0,0.1971,35.0,0.2095,19.0,,,0.2112,20.0,0.1944,7.0,0.1885,14.0,0.2298,13.0,,,0.2305,17.0
2014-03-27,0.1829,30.0,0.2014,38.0,0.2134,22.0,,,0.2161,23.0,0.1942,7.0,0.1884,14.0,0.232,15.0,,,0.2303,17.0
2014-03-26,0.1938,34.0,0.2039,39.0,0.2101,19.0,,,0.2042,16.0,0.1945,7.0,0.1881,14.0,0.23,13.0,,,0.227,15.0
2014-03-25,0.1954,35.0,0.1963,35.0,0.2006,13.0,,,0.2019,14.0,0.1927,7.0,0.187,14.0,0.2266,12.0,,,0.2264,15.0
2014-03-24,0.1912,33.0,0.1781,24.0,0.2056,16.0,,,0.2013,14.0,0.192,7.0,0.186,13.0,0.2306,14.0,,,0.2281,16.0
2014-03-21,0.2069,40.0,0.185,28.0,0.1988,12.0,,,0.1984,12.0,0.1918,6.0,0.1855,13.0,0.2272,12.0,,,0.2289,17.0
2014-03-20,0.209,41.0,0.1864,28.0,0.2001,13.0,,,0.2023,15.0,0.1919,6.0,0.1851,12.0,0.2298,13.0,,,0.2296,17.0
2014-03-19,0.2089,41.0,0.1917,32.0,0.2019,14.0,,,0.2051,16.0,0.1923,7.0,0.1852,12.0,0.2313,14.0,,,0.2313,18.0
2014-03-18,0.2036,38.0,0.184,27.0,0.1996,13.0,,,0.2029,15.0,0.1919,6.0,0.1846,12.0,0.2295,13.0,,,0.2296,17.0
2014-03-17,0.1953,35.0,0.1772,24.0,0.2061,17.0,,,0.2142,22.0,0.1921,7.0,0.1848,12.0,0.2308,14.0,,,0.2313,18.0
2014-03-14,0.1402,15.0,0.1645,18.0,0.2081,18.0,,,0.215,23.0,0.1896,6.0,0.1842,12.0,0.2309,14.0,,,0.233,18.0
2014-03-13,0.148,18.0,0.1748,23.0,0.1984,12.0,,,0.2204,26.0,0.19,6.0,0.184,12.0,0.2304,14.0,,,0.2316,18.0
2014-03-12,0.1275,11.0,0.1501,12.0,0.1884,7.0,,,0.1855,7.0,0.1884,5.0,0.1826,11.0,0.2254,11.0,,,0.2255,15.0
2014-03-11,0.145,17.0,0.1408,9.0,0.1947,10.0,,,0.1927,9.0,0.1882,5.0,0.182,10.0,0.2265,12.0,,,0.2256,15.0
2014-03-10,0.1649,23.0,0.1505,12.0,0.197,11.0,,,0.1943,10.0,0.1882,5.0,0.1813,10.0,0.2225,10.0,,,0.2294,17.0
2014-03-07,0.1617,22.0,0.1595,16.0,0.1814,4.0,,,0.194,10.0,0.189,5.0,0.1813,10.0,0.2198,9.0,,,0.2302,17.0
2014-03-06,0.1659,24.0,0.1635,17.0,0.1871,6.0,,,0.191,9.0,0.1901,6.0,0.1818,10.0,0.2204,9.0,,,0.229,17.0
2014-03-05,0.1638,23.0,0.1777,24.0,0.1923,9.0,,,0.1951,11.0,0.1902,6.0,0.183,11.0,0.2221,10.0,,,0.2272,16.0
2014-03-04,0.2039,38.0,0.2274,52.0,0.1962,11.0,,,0.1943,10.0,0.1899,6.0,0.1828,11.0,0.2213,9.0,,,0.2253,15.0
2014-03-03,0.2012,37.0,0.2895,76.0,0.2079,18.0,,,0.2056,17.0,0.1896,6.0,0.1835,11.0,0.2226,10.0,,,0.2285,16.0
2014-02-28,0.1593,21.0,0.2889,76.0,0.1893,7.0,,,0.1887,8.0,0.1887,5.0,0.185,12.0,0.2193,8.0,,,0.2267,15.0
2014-02-27,0.1842,31.0,0.2793,73.0,0.1885,7.0,,,0.1919,9.0,0.1884,5.0,0.184,12.0,0.2195,9.0,,,0.2276,16.0
2014-02-26,0.1876,32.0,0.2771,72.0,0.2004,13.0,,,0.1945,10.0,0.1882,5.0,0.1837,12.0,0.2215,9.0,,,0.2195,12.0
2014-02-25,0.2104,41.0,0.3009,78.0,0.1955,10.0,,,0.1987,12.0,0.1882,5.0,0.1839,12.0,0.2147,6.0,,,0.2217,13.0
2014-02-24,0.2089,41.0,0.306,79.0,0.1958,10.0,,,0.1928,9.0,0.1913,6.0,0.1835,11.0,0.2174,7.0,,,0.2217,13.0
2014-02-21,0.1725,26.0,0.2651,68.0,0.1873,6.0,,,0.1843,6.0,0.1876,5.0,0.1798,9.0,0.2218,10.0,,,0.2267,15.0
2014-02-20,0.1733,26.0,0.2018,38.0,0.1914,8.0,,,0.1917,9.0,0.1875,5.0,0.1749,7.0,0.2222,10.0,,,0.2266,15.0
2014-02-19,0.2104,41.0,0.2051,40.0,0.1927,9.0,,,0.1953,11.0,0.1891,5.0,0.1756,7.0,0.222,10.0,,,0.2271,16.0
2014-02-18,0.1843,31.0,0.2072,41.0,0.1906,8.0,,,0.2305,32.0,0.1895,6.0,0.1757,7.0,0.2242,11.0,,,0.227,15.0
2014-02-14,0.2233,47.0,0.2376,57.0,0.1689,2.0,,,0.1732,4.0,0.1891,5.0,0.1757,7.0,0.2163,7.0,,,0.241,22.0
2014-02-13,0.24,54.0,0.2211,48.0,0.1777,4.0,,,0.2539,48.0,0.1854,4.0,0.1732,6.0,0.218,8.0,,,0.2426,23.0
2014-02-12,0.243,55.0,0.2316,54.0,0.1882,7.0,,,0.1969,11.0,0.185,3.0,0.172,6.0,0.2182,8.0,,,0.2448,24.0
2014-02-11,0.388,84.0,0.3277,83.0,0.1906,8.0,,,0.1987,12.0,0.1866,4.0,0.1721,6.0,0.2333,16.0,,,0.2302,17.0
2014-02-10,0.4342,88.0,0.3427,84.0,0.2021,14.0,,,0.2029,15.0,0.1863,4.0,0.1716,5.0,0.2357,17.0,,,0.2331,19.0
2014-02-07,0.4286,88.0,0.35,86.0,0.1858,6.0,,,0.1923,9.0,0.1855,4.0,0.1714,5.0,0.2358,18.0,,,0.2332,19.0
2014-02-06,0.433,88.0,0.3561,86.0,0.2004,13.0,,,0.1909,9.0,0.1854,4.0,0.1716,5.0,0.2375,19.0,,,0.2346,19.0
2014-02-05,0.3955,85.0,0.3378,84.0,0.2151,23.0,,,0.2105,19.0,0.1806,2.0,0.169,4.0,0.2424,22.0,,,0.241,22.0
2014-02-04,0.3314,77.0,0.3394,84.0,0.2439,40.0,,,0.2173,24.0,0.1746,1.0,0.1677,4.0,0.2467,25.0,,,0.2391,21.0
2014-02-03,0.3377,77.0,0.3367,84.0,0.2361,36.0,,,0.2321,33.0,0.1727,1.0,0.1658,3.0,0.2411,22.0,,,0.2433,23.0
2014-01-31,0.2886,67.0,0.243,60.0,0.1992,12.0,,,0.2089,19.0,0.1648,1.0,0.1563,1.0,0.2342,16.0,,,0.2368,20.0
2014-01-30,0.2594,60.0,0.2152,45.0,0.2675,55.0,,,0.2609,52.0,0.1612,1.0,0.1539,1.0,0.2337,16.0,,,0.2353,19.0
2014-01-29,0.2176,45.0,0.2057,40.0,0.2641,53.0,,,0.2561,49.0,0.1597,1.0,0.153,1.0,0.2388,20.0,,,0.2363,20.0
2014-01-28,0.2295,50.0,0.1906,31.0,0.2652,53.0,,,0.2318,33.0,0.1601,1.0,0.1518,1.0,0.2361,18.0,,,0.2364,20.0
2014-01-27,0.2329,52.0,0.1809,26.0,0.2562,48.0,,,0.2469,43.0,0.16,1.0,0.1511,1.0,0.2355,17.0,,,0.2335,19.0
2014-01-24,0.2311,51.0,0.1597,16.0,0.2439,40.0,,,0.239,37.0,0.16,1.0,0.1495,1.0,0.2367,18.0,,,0.2363,20.0
2014-01-23,0.1117,7.0,0.1241,3.0,0.2176,25.0,,,0.2186,25.0,0.1518,1.0,0.1475,1.0,0.227,12.0,,,0.2277,16.0
2014-01-22,0.1162,8.0,0.1357,7.0,0.2161,24.0,,,0.2084,18.0,0.1506,1.0,0.1477,1.0,0.2231,10.0,,,0.2284,16.0
2014-01-21,0.1103,7.0,0.1359,7.0,0.2173,24.0,,,0.2151,23.0,0.1503,1.0,0.1478,1.0,0.2244,11.0,,,0.2306,18.0
2014-01-17,0.1071,6.0,0.1357,7.0,0.2103,20.0,,,0.2104,19.0,0.1527,1.0,0.1477,1.0,0.2246,11.0,,,0.2332,19.0
2014-01-16,0.1064,6.0,0.1375,8.0,0.2151,23.0,,,0.2202,26.0,0.1533,1.0,0.1536,1.0,0.2251,11.0,,,0.2336,19.0
2014-01-15,0.0984,4.0,0.1378,8.0,0.2061,17.0,,,0.2097,19.0,0.1531,1.0,0.154,1.0,0.2274,12.0,,,0.2332,19.0
2014-01-14,0.111,7.0,0.1465,11.0,0.2103,20.0,,,0.2113,20.0,0.153,1.0,0.1536,1.0,0.2275,12.0,,,0.2343,19.0
2014-01-13,0.109,6.0,0.1475,11.0,0.2034,15.0,,,0.2018,14.0,0.1535,1.0,0.1541,1.0,0.2283,13.0,,,0.2347,19.0
2014-01-10,0.098,4.0,0.14,8.0,0.1968,11.0,,,0.1889,8.0,0.1523,1.0,0.1536,1.0,0.2272,12.0,,,0.2351,19.0
2014-01-09,0.1021,5.0,0.137,7.0,0.2014,14.0,,,0.1955,11.0,0.1527,1.0,0.1537,1.0,0.2286,13.0,,,0.2355,20.0
2014-01-08,0.1082,6.0,0.1267,4.0,0.198,12.0,,,0.1965,11.0,0.1532,1.0,0.1534,1.0,0.2273,12.0,,,0.2351,19.0
2014-01-07,0.1112,7.0,0.1197,2.0,0.1807,4.0,,,0.18,5.0,0.1532,1.0,0.1532,1.0,0.2294,13.0,,,0.2372,20.0
2014-01-06,0.1222,10.0,0.1224,3.0,0.1897,7.0,,,0.1892,8.0,0.1616,1.0,0.1549,1.0,0.2303,14.0,,,0.2377,21.0
2014-01-03,0.1158,8.0,0.1042,1.0,0.1786,4.0,,,0.1891,8.0,0.1613,1.0,0.1542,1.0,0.2297,13.0,,,0.2358,20.0
2014-01-02,0.1163,8.0,0.1012,1.0,0.1767,3.0,,,0.1839,6.0,0.1615,1.0,0.1541,1.0,0.2324,15.0,,,0.2376,21.0
2013-12-31,0.0691,1.0,0.1006,1.0,0.1371,1.0,,,0.3726,85.0,0.1607,1.0,0.1539,1.0,0.2118,5.0,,,0.27,45.0
2013-12-30,0.1,5.0,0.1061,1.0,0.1682,2.0,,,0.2741,60.0,0.1621,1.0,0.1546,1.0,0.2224,10.0,,,0.2537,31.0
2013-12-27,0.1181,8.0,0.1472,11.0,0.1732,2.0,,,0.1927,9.0,0.1625,1.0,0.1553,1.0,0.2291,13.0,,,0.2396,21.0
2013-12-26,0.1071,6.0,0.1562,14.0,0.161,1.0,,,0.2295,32.0,0.1626,1.0,0.156,1.0,0.2264,12.0,,,0.2488,27.0
2013-12-24,0.1379,14.0,0.166,18.0,0.1705,2.0,,,0.1784,5.0,0.1628,1.0,0.156,1.0,0.2326,15.0,,,0.2398,22.0
2013-12-23,0.141,15.0,0.1631,17.0,0.1969,11.0,,,0.1933,10.0,0.1626,1.0,0.1561,1.0,0.2367,18.0,,,0.2417,22.0
2013-12-20,0.1479,18.0,0.1671,19.0,0.2172,24.0,,,0.1815,6.0,0.1646,1.0,0.1565,1.0,0.2433,23.0,,,0.2399,22.0
2013-12-19,0.2054,39.0,0.1808,26.0,0.3485,82.0,,,0.1628,2.0,0.1656,1.0,0.1565,1.0,0.2492,27.0,,,0.2359,20.0
2013-12-18,0.1922,33.0,0.1789,25.0,0.2008,13.0,,,0.2112,20.0,0.1662,1.0,0.1565,1.0,0.2436,23.0,,,0.2371,20.0
2013-12-17,0.1833,30.0,0.1491,12.0,0.2236,28.0,,,0.15,1.0,0.1688,1.0,0.155,1.0,0.2622,36.0,,,0.2179,12.0
2013-12-16,0.2237,48.0,0.1508,12.0,0.2791,60.0,,,0.1622,2.0,0.1684,1.0,0.1552,1.0,0.2632,37.0,,,0.222,13.0
2013-12-13,0.1939,34.0,0.1391,8.0,0.2441,40.0,,,0.1562,2.0,0.1718,1.0,0.1556,1.0,0.2668,39.0,,,0.2191,12.0
2013-12-12,0.2145,43.0,0.1619,17.0,0.2405,38.0,,,0.1575,2.0,0.1728,1.0,0.156,1.0,0.267,39.0,,,0.22,12.0
2013-12-11,0.2304,51.0,0.1768,23.0,0.2363,36.0,,,0.1652,3.0,0.1736,1.0,0.156,1.0,0.2611,36.0,,,0.2262,15.0
2013-12-10,0.2057,39.0,0.1583,15.0,0.2093,19.0,,,0.1186,1.0,0.1724,1.0,0.1553,1.0,0.2596,35.0,,,0.2267,15.0
2013-12-09,0.2035,38.0,0.1556,14.0,0.2035,15.0,,,0.1252,1.0,0.1734,1.0,0.1556,1.0,0.257,33.0,,,0.2285,16.0
2013-12-06,0.2074,40.0,0.1534,13.0,0.1854,6.0,,,0.1626,2.0,0.1764,2.0,0.158,2.0,0.2563,33.0,,,0.2291,17.0
2013-12-05,0.1306,12.0,0.1419,9.0,0.2084,18.0,,,0.1673,3.0,0.1743,1.0,0.1586,2.0,0.2599,35.0,,,0.2282,16.0
2013-12-04,0.1311,12.0,0.1392,8.0,0.2088,19.0,,,0.1698,3.0,0.1755,1.0,0.1589,2.0,0.2613,36.0,,,0.2275,16.0
2013-12-03,0.114,7.0,0.1121,1.0,0.2009,14.0,,,0.1415,1.0,0.1745,1.0,0.1582,2.0,0.2587,34.0,,,0.2276,16.0
2013-12-02,0.1121,7.0,0.1035,1.0,0.1885,7.0,,,0.1337,1.0,0.1751,1.0,0.1576,2.0,0.2559,32.0,,,0.227,15.0
2013-11-29,0.1203,9.0,0.1131,2.0,0.1817,4.0,,,0.1332,1.0,0.1756,1.0,0.1581,2.0,0.2545,31.0,,,0.2249,15.0
2013-11-27,0.1666,24.0,0.1274,4.0,0.1769,3.0,,,0.1331,1.0,0.178,2.0,0.1591,2.0,0.2544,31.0,,,0.2259,15.0
2013-11-26,0.1813,30.0,0.14,8.0,0.1816,4.0,,,0.1591,2.0,0.1778,2.0,0.1602,2.0,0.2543,31.0,,,0.2244,14.0
2013-11-25,0.1792,28.0,0.1399,8.0,0.1784,4.0,,,0.1361,1.0,0.1778,2.0,0.1628,2.0,0.2555,32.0,,,0.2263,15.0
2013-11-22,0.1853,31.0,0.1415,9.0,0.1685,2.0,,,0.1358,1.0,0.1785,2.0,0.1635,2.0,0.2548,31.0,,,0.2247,14.0
2013-11-21,0.1809,28.0,0.1429,10.0,0.1787,4.0,,,0.1311,1.0,0.1784,2.0,0.1638,2.0,0.2596,35.0,,,0.2248,15.0
2013-11-20,0.1159,8.0,0.1364,7.0,0.1864,6.0,,,0.1701,3.0,0.1763,2.0,0.1634,2.0,0.2563,33.0,,,0.2276,16.0
2013-11-19,0.1217,10.0,0.1287,5.0,0.1857,6.0,,,0.1394,1.0,0.1769,2.0,0.1635,2.0,0.2553,32.0,,,0.2268,15.0
2013-11-18,0.1261,11.0,0.1263,4.0,0.1826,5.0,,,0.1443,1.0,0.1763,2.0,0.1632,2.0,0.2539,31.0,,,0.2273,16.0
2013-11-15,0.1441,16.0,0.1332,6.0,0.188,7.0,,,0.1536,2.0,0.1757,1.0,0.1627,2.0,0.2536,30.0,,,0.2292,17.0
2013-11-14,0.1504,18.0,0.1442,10.0,0.1929,9.0,,,0.1582,2.0,0.1762,2.0,0.1639,2.0,0.2539,31.0,,,0.2273,16.0
2013-11-13,0.1623,22.0,0.1858,28.0,0.1937,9.0,,,0.1606,2.0,0.176,2.0,0.164,2.0,0.2552,32.0,,,0.2294,17.0
2013-11-12,0.1655,23.0,0.185,28.0,0.2077,18.0,,,0.1729,4.0,0.176,2.0,0.164,2.0,0.2578,33.0,,,0.2255,15.0
2013-11-11,0.1704,25.0,0.1826,27.0,0.2255,30.0,,,0.1752,4.0,0.1819,2.0,0.1653,3.0,0.2566,33.0,,,0.2275,16.0
2013-11-08,0.1713,26.0,0.1845,28.0,0.1771,3.0,,,0.1229,1.0,0.1823,3.0,0.1657,3.0,0.2574,33.0,,,0.2297,17.0
2013-11-07,0.1957,35.0,0.1977,36.0,0.2082,18.0,,,0.186,7.0,0.1817,2.0,0.1669,3.0,0.259,34.0,,,0.2285,16.0
2013-11-06,0.2411,54.0,0.2234,50.0,0.201,14.0,,,0.1523,1.0,0.1807,2.0,0.1663,3.0,0.2571,33.0,,,0.2303,17.0
2013-11-05,0.2408,54.0,0.221,48.0,0.2075,18.0,,,0.1565,2.0,0.1805,2.0,0.1659,3.0,0.2599,35.0,,,0.2278,16.0
2013-11-04,0.2203,46.0,0.1934,33.0,0.2055,16.0,,,0.1628,2.0,0.1798,2.0,0.1635,2.0,0.2587,34.0,,,0.2272,16.0
2013-11-01,0.2172,45.0,0.1952,34.0,0.2004,13.0,,,0.1473,1.0,0.1802,2.0,0.164,2.0,0.2611,36.0,,,0.2295,17.0
2013-10-31,0.1875,32.0,0.1904,31.0,0.2081,18.0,,,0.1798,5.0,0.1806,2.0,0.1645,3.0,0.2619,36.0,,,0.2271,16.0
2013-10-30,0.2204,46.0,0.194,34.0,0.208,18.0,,,0.173,4.0,0.181,2.0,0.1645,3.0,0.261,36.0,,,0.2284,16.0
2013-10-29,0.2008,37.0,0.174,22.0,0.2077,18.0,,,0.1818,6.0,0.1796,2.0,0.1676,4.0,0.2591,34.0,,,0.2289,17.0
2013-10-28,0.096,4.0,0.119,2.0,0.2518,46.0,,,0.2219,27.0,0.1805,2.0,0.1667,3.0,0.2592,34.0,,,0.2305,17.0
2013-10-25,0.0856,3.0,0.1297,5.0,0.2429,40.0,,,0.2217,27.0,0.1839,3.0,0.1686,4.0,0.2599,35.0,,,0.2319,18.0
2013-10-24,0.115,8.0,0.1327,6.0,0.2457,42.0,,,0.2203,26.0,0.1842,3.0,0.1681,4.0,0.2627,37.0,,,0.2335,19.0
2013-10-23,0.1555,20.0,0.1366,7.0,0.2441,40.0,,,0.2227,28.0,0.1841,3.0,0.1684,4.0,0.2619,36.0,,,0.2321,18.0
2013-10-22,0.1463,17.0,0.1469,11.0,0.2474,43.0,,,0.1674,3.0,0.1841,3.0,0.1684,4.0,0.2654,38.0,,,0.238,21.0
2013-10-21,0.1394,15.0,0.1509,12.0,0.2362,36.0,,,0.2199,26.0,0.1837,3.0,0.1684,4.0,0.2667,39.0,,,0.2406,22.0
2013-10-18,0.1878,32.0,0.1634,17.0,0.2327,34.0,,,0.2167,24.0,0.185,3.0,0.1691,4.0,0.2682,40.0,,,0.2404,22.0
2013-10-17,0.1863,31.0,0.1698,20.0,0.1902,8.0,,,0.2211,27.0,0.1851,4.0,0.1696,4.0,0.267,39.0,,,0.2444,24.0
2013-10-16,0.2364,53.0,0.1675,19.0,0.2145,22.0,,,0.2304,32.0,0.1851,4.0,0.1702,5.0,0.2735,42.0,,,0.245,24.0
2013-10-15,0.2355,52.0,0.1627,17.0,0.2734,57.0,,,0.249,44.0,0.185,3.0,0.1708,5.0,0.2756,43.0,,,0.2434,23.0
2013-10-14,0.2196,46.0,0.1575,15.0,0.2307,33.0,,,0.2342,34.0,0.1856,4.0,0.1717,5.0,0.2734,42.0,,,0.2461,25.0
2013-10-11,0.2246,48.0,0.1576,15.0,0.2163,24.0,,,0.2184,25.0,0.1856,4.0,0.1715,5.0,0.2753,43.0,,,0.2471,25.0
2013-10-10,0.2185,45.0,0.1508,12.0,0.2332,34.0,,,0.2347,35.0,0.1883,5.0,0.172,6.0,0.2779,44.0,,,0.2501,27.0
2013-10-09,0.1174,8.0,0.1417,9.0,0.2708,56.0,,,0.2631,53.0,0.1855,4.0,0.1718,6.0,0.2851,48.0,,,0.2547,32.0
2013-10-08,0.1082,6.0,0.1417,9.0,0.2722,57.0,,,0.2716,59.0,0.1969,8.0,0.1752,7.0,0.2854,48.0,,,0.2559,33.0
2013-10-07,0.0918,3.0,0.129,5.0,0.2449,41.0,,,0.2429,40.0,0.1958,8.0,0.1752,7.0,0.279,45.0,,,0.2474,26.0
2013-10-04,0.0802,2.0,0.1241,3.0,0.222,27.0,,,0.2172,24.0,0.1953,8.0,0.1752,7.0,0.2772,44.0,,,0.2459,25.0
2013-10-03,0.0742,1.0,0.1278,4.0,0.2119,21.0,,,0.2141,22.0,0.1979,9.0,0.1762,8.0,0.2766,44.0,,,0.247,25.0
2013-10-02,0.0814,2.0,0.1266,4.0,0.2077,18.0,,,0.2154,23.0,0.1987,9.0,0.1762,8.0,0.273,42.0,,,0.245,24.0
2013-10-01,0.0775,2.0,0.1239,3.0,0.2031,15.0,,,0.2152,23.0,0.1987,9.0,0.1763,8.0,0.2743,42.0,,,0.2452,24.0
2013-09-30,0.0643,1.0,0.1294,5.0,0.2106,20.0,,,0.2155,23.0,0.1989,9.0,0.1768,8.0,0.2737,42.0,,,0.2468,25.0
2013-09-27,0.0972,4.0,0.122,3.0,0.2041,15.0,,,0.2071,17.0,0.199,10.0,0.177,8.0,0.2737,42.0,,,0.2454,24.0
2013-09-26,0.1294,12.0,0.1427,10.0,0.1936,9.0,,,0.2005,13.0,0.204,13.0,0.1799,9.0,0.2734,42.0,,,0.2473,26.0
2013-09-25,0.1291,12.0,0.1419,9.0,0.2022,14.0,,,0.2006,14.0,0.2041,13.0,0.18,9.0,0.2724,41.0,,,0.2444,24.0
2013-09-24,0.1461,17.0,0.1365,7.0,0.1955,10.0,,,0.2004,13.0,0.2048,13.0,0.1807,10.0,0.2708,40.0,,,0.245,24.0
2013-09-23,0.1254,11.0,0.1233,3.0,0.1958,10.0,,,0.192,9.0,0.2045,13.0,0.1804,10.0,0.2705,40.0,,,0.2451,24.0
2013-09-20,0.1148,8.0,0.1207,3.0,0.1876,6.0,,,0.1895,8.0,0.2043,13.0,0.1805,10.0,0.2674,39.0,,,0.2453,24.0
2013-09-19,0.0894,3.0,0.1085,1.0,0.186,6.0,,,0.1943,10.0,0.2048,13.0,0.1803,9.0,0.2675,39.0,,,0.2439,23.0
2013-09-18,0.1084,6.0,0.1133,2.0,0.1962,11.0,,,0.1887,8.0,0.2055,14.0,0.181,10.0,0.2715,41.0,,,0.2437,23.0
2013-09-17,0.1189,9.0,0.1077,1.0,0.1738,3.0,,,0.2048,16.0,0.2051,14.0,0.1801,9.0,0.2714,41.0,,,0.2482,26.0
2013-09-16,0.1401,15.0,0.1375,8.0,0.1868,6.0,,,0.2075,18.0,0.2055,14.0,0.1804,10.0,0.2731,42.0,,,0.2484,26.0
2013-09-13,0.1359,14.0,0.1498,12.0,0.1819,5.0,,,0.1852,7.0,0.2049,14.0,0.1808,10.0,0.2748,43.0,,,0.2506,28.0
2013-09-12,0.1381,14.0,0.1686,19.0,0.1842,5.0,,,0.1922,9.0,0.2052,14.0,0.1814,10.0,0.2708,40.0,,,0.257,34.0
2013-09-11,0.1365,14.0,0.1978,36.0,0.182,5.0,,,0.1988,13.0,0.2061,14.0,0.1829,11.0,0.2713,41.0,,,0.2577,34.0
2013-09-10,0.1582,21.0,0.1998,37.0,0.2007,13.0,,,0.2023,15.0,0.2061,14.0,0.1831,11.0,0.2722,41.0,,,0.2521,28.0
2013-09-09,0.1423,16.0,0.2016,38.0,0.2077,18.0,,,0.204,15.0,0.2053,14.0,0.183,11.0,0.2739,42.0,,,0.256,33.0
2013-09-06,0.1151,8.0,0.2006,37.0,0.2059,17.0,,,0.2108,20.0,0.2045,13.0,0.1828,11.0,0.277,44.0,,,0.2604,37.0
2013-09-05,0.1861,31.0,0.1868,28.0,0.2081,18.0,,,0.2103,19.0,0.2052,14.0,0.1824,11.0,0.2775,44.0,,,0.2595,36.0
2013-09-04,0.1753,27.0,0.1811,26.0,0.2185,25.0,,,0.2219,27.0,0.2051,14.0,0.1821,10.0,0.2782,44.0,,,0.2616,38.0
2013-09-03,0.1532,19.0,0.1715,21.0,0.2306,33.0,,,0.2348,35.0,0.2068,15.0,0.1819,10.0,0.2815,46.0,,,0.2641,40.0
2013-08-30,0.2065,39.0,0.1537,14.0,0.2244,28.0,,,0.223,28.0,0.2084,16.0,0.181,10.0,0.2804,46.0,,,0.2644,40.0
2013-08-29,0.212,42.0,0.1589,16.0,0.2241,28.0,,,0.2224,27.0,0.208,16.0,0.1813,10.0,0.2789,45.0,,,0.2605,37.0
2013-08-28,0.2199,46.0,0.1613,17.0,0.2215,27.0,,,0.2192,25.0,0.2127,18.0,0.1825,11.0,0.2776,44.0,,,0.2599,36.0
2013-08-27,0.2125,42.0,0.1514,13.0,0.2303,32.0,,,0.2308,32.0,0.2126,18.0,0.1828,11.0,0.2795,45.0,,,0.2616,38.0
2013-08-26,0.1606,22.0,0.1465,11.0,0.2053,16.0,,,0.2,13.0,0.2103,17.0,0.1827,11.0,0.2734,42.0,,,0.2558,32.0
2013-08-23,0.1872,32.0,0.148,11.0,0.1982,12.0,,,0.1975,12.0,0.21,17.0,0.1827,11.0,0.2739,42.0,,,0.2549,32.0
2013-08-22,0.1902,33.0,0.1429,10.0,0.2045,16.0,,,0.196,11.0,0.2114,18.0,0.1835,11.0,0.2735,42.0,,,0.2532,30.0
2013-08-21,0.1277,11.0,0.1274,4.0,0.2128,21.0,,,0.2095,19.0,0.2102,17.0,0.1834,11.0,0.2768,44.0,,,0.2583,35.0
2013-08-20,0.1393,15.0,0.1329,6.0,0.2068,17.0,,,0.2047,16.0,0.2106,17.0,0.1841,12.0,0.2753,43.0,,,0.2566,33.0
2013-08-19,0.1214,9.0,0.1244,4.0,0.2138,22.0,,,0.2158,23.0,0.2104,17.0,0.1838,12.0,0.2756,43.0,,,0.2586,35.0
2013-08-16,0.1312,12.0,0.1259,4.0,0.2093,19.0,,,0.2158,23.0,0.2112,18.0,0.1843,12.0,0.2761,43.0,,,0.2603,36.0
2013-08-15,0.1356,14.0,0.1272,4.0,0.2087,19.0,,,0.2197,26.0,0.2142,20.0,0.1853,12.0,0.2774,44.0,,,0.26,36.0
2013-08-14,0.0955,4.0,0.1236,3.0,0.2177,25.0,,,0.2144,22.0,0.2128,18.0,0.1853,12.0,0.2749,43.0,,,0.2587,35.0
2013-08-13,0.1033,5.0,0.123,3.0,0.2427,40.0,,,0.1846,6.0,0.2125,18.0,0.1852,12.0,0.2838,47.0,,,0.2479,26.0
2013-08-12,0.1049,6.0,0.1288,5.0,0.2193,26.0,,,0.1877,8.0,0.2125,18.0,0.1854,12.0,0.2842,48.0,,,0.2472,26.0
2013-08-09,0.1127,7.0,0.1143,2.0,0.1853,5.0,,,0.1949,10.0,0.2124,18.0,0.185,12.0,0.2823,47.0,,,0.2485,27.0
2013-08-08,0.1127,7.0,0.1118,1.0,0.1856,6.0,,,0.1945,10.0,0.2124,18.0,0.1849,12.0,0.2841,48.0,,,0.2477,26.0
2013-08-07,0.1126,7.0,0.114,2.0,0.2007,13.0,,,0.8641,100.0,0.2124,18.0,0.1848,12.0,0.2906,50.0,,,0.2501,27.0
2013-08-06,0.1023,5.0,0.1099,1.0,0.1936,9.0,,,0.1513,1.0,0.2122,18.0,0.1849,12.0,0.2829,47.0,,,0.2495,27.0
2013-08-05,0.0975,4.0,0.115,2.0,0.1991,12.0,,,0.1462,1.0,0.2131,19.0,0.1857,13.0,0.2828,47.0,,,0.2488,27.0
2013-08-02,0.068,1.0,0.1171,2.0,0.1899,8.0,,,0.1711,4.0,0.2126,18.0,0.1862,13.0,0.2808,46.0,,,0.252,28.0
2013-08-01,0.1397,15.0,0.1181,2.0,0.1919,8.0,,,0.1667,3.0,0.2132,19.0,0.1863,13.0,0.2825,47.0,,,0.2511,28.0
2013-07-31,0.1245,10.0,0.2151,45.0,0.2082,18.0,,,0.1672,3.0,0.2138,19.0,0.1871,14.0,0.2869,49.0,,,0.2534,30.0
2013-07-30,0.1311,12.0,0.2199,48.0,0.218,25.0,,,0.1856,7.0,0.2141,19.0,0.1872,14.0,0.2871,49.0,,,0.2536,31.0
2013-07-29,0.1219,10.0,0.2174,46.0,0.2198,26.0,,,0.1916,9.0,0.2169,22.0,0.1896,15.0,0.2874,49.0,,,0.2529,30.0
2013-07-26,0.1479,18.0,0.2247,50.0,0.2098,19.0,,,0.1836,6.0,0.2173,22.0,0.1898,15.0,0.2854,48.0,,,0.2532,30.0
2013-07-25,0.152,19.0,0.2224,49.0,0.2174,25.0,,,0.1963,11.0,0.2175,22.0,0.19,15.0,0.2872,49.0,,,0.2516,28.0
2013-07-24,0.1556,20.0,0.2242,50.0,0.2175,25.0,,,0.1969,11.0,0.2175,22.0,0.1899,15.0,0.2842,48.0,,,0.2527,30.0
2013-07-23,0.1194,9.0,0.2212,49.0,0.2261,30.0,,,0.1586,2.0,0.2159,21.0,0.1897,15.0,0.2844,48.0,,,0.2549,32.0
2013-07-22,0.0976,4.0,0.129,5.0,0.2802,61.0,,,0.2677,56.0,0.2201,24.0,0.1892,15.0,0.2843,48.0,,,0.2536,31.0
2013-07-19,0.2282,49.0,0.1558,14.0,0.2501,44.0,,,0.2371,36.0,0.2204,24.0,0.1891,15.0,0.2816,46.0,,,0.2502,28.0
2013-07-18,0.2354,52.0,0.1578,15.0,0.2538,47.0,,,0.2427,40.0,0.2204,24.0,0.1891,15.0,0.2816,46.0,,,0.2524,28.0
2013-07-17,0.2341,52.0,0.1485,11.0,0.2204,26.0,,,0.2256,28.0,0.2201,24.0,0.1887,14.0,0.2861,49.0,,,0.2556,32.0
2013-07-16,0.2339,52.0,0.146,10.0,0.2164,24.0,,,0.2368,36.0,0.2209,24.0,0.1892,15.0,0.2868,49.0,,,0.2559,33.0
2013-07-15,0.2203,46.0,0.1531,13.0,0.2213,27.0,,,0.2226,28.0,0.221,25.0,0.1889,15.0,0.2897,50.0,,,0.2543,31.0
2013-07-12,0.2459,56.0,0.1626,17.0,0.1906,8.0,,,0.1995,13.0,0.2208,24.0,0.189,15.0,0.2849,48.0,,,0.256,33.0
2013-07-11,0.2514,57.0,0.1725,21.0,0.1985,12.0,,,0.1887,8.0,0.2207,24.0,0.189,15.0,0.2864,49.0,,,0.2544,31.0
2013-07-10,0.1479,18.0,0.1451,10.0,0.2067,17.0,,,0.2071,17.0,0.2149,20.0,0.188,14.0,0.2905,50.0,,,0.2572,34.0
2013-07-09,0.1424,16.0,0.1461,11.0,0.2025,15.0,,,0.206,17.0,0.215,20.0,0.1879,14.0,0.2946,52.0,,,0.2604,37.0
2013-07-08,0.1698,25.0,0.152,13.0,0.2159,23.0,,,0.2156,23.0,0.2151,20.0,0.1878,14.0,0.2935,51.0,,,0.2634,39.0
2013-07-05,0.1779,28.0,0.1565,15.0,0.2171,24.0,,,0.217,24.0,0.2156,21.0,0.1881,14.0,0.2943,52.0,,,0.2647,40.0
2013-07-03,0.1729,26.0,0.1469,11.0,0.2211,27.0,,,0.2296,32.0,0.2152,21.0,0.1876,14.0,0.3001,53.0,,,0.2701,45.0
2013-07-02,0.2356,52.0,0.1423,9.0,0.2162,24.0,,,0.2192,25.0,0.2151,20.0,0.1872,14.0,0.2986,53.0,,,0.2692,45.0
2013-07-01,0.2255,49.0,0.1418,9.0,0.2134,22.0,,,0.2183,25.0,0.215,20.0,0.1872,14.0,0.2998,53.0,,,0.2661,42.0
2013-06-28,0.3055,71.0,0.1591,16.0,0.2163,24.0,,,0.2117,20.0,0.2182,23.0,0.1878,14.0,0.3018,54.0,,,0.2654,41.0
2013-06-27,0.314,73.0,0.16,16.0,0.2149,23.0,,,0.2145,22.0,0.2194,23.0,0.1884,14.0,0.3009,54.0,,,0.2655,41.0
2013-06-26,0.2969,69.0,0.1596,16.0,0.228,31.0,,,0.2252,28.0,0.2181,22.0,0.1883,14.0,0.3027,54.0,,,0.2653,41.0
2013-06-25,0.2912,68.0,0.1613,17.0,0.2429,40.0,,,0.2404,38.0,0.2174,22.0,0.1892,15.0,0.3064,55.0,,,0.2719,47.0
2013-06-24,0.265,62.0,0.1646,18.0,0.2605,51.0,,,0.2621,53.0,0.2166,21.0,0.1891,15.0,0.3099,56.0,,,0.2741,49.0
2013-06-21,0.2958,69.0,0.1962,35.0,0.2446,41.0,,,0.2425,40.0,0.2139,19.0,0.1889,15.0,0.3035,54.0,,,0.2696,45.0
2013-06-20,0.3031,71.0,0.2034,39.0,0.2841,63.0,,,0.2545,48.0,0.214,19.0,0.1897,15.0,0.3084,55.0,,,0.2754,50.0
2013-06-19,0.2528,57.0,0.1945,34.0,0.2547,47.0,,,0.2253,28.0,0.2091,16.0,0.1888,14.0,0.2999,53.0,,,0.2668,42.0
2013-06-18,0.2412,55.0,0.1964,35.0,0.2307,33.0,,,0.2395,38.0,0.2082,16.0,0.189,15.0,0.2975,53.0,,,0.2681,44.0
2013-06-17,0.2577,59.0,0.1996,37.0,0.2357,35.0,,,0.2468,43.0,0.2085,16.0,0.189,15.0,0.2987,53.0,,,0.2707,46.0
2013-06-14,0.2554,59.0,0.202,38.0,0.2318,33.0,,,0.2174,24.0,0.2083,16.0,0.1888,14.0,0.2986,53.0,,,0.2748,50.0
2013-06-13,0.2741,64.0,0.21,42.0,0.2304,32.0,,,0.2266,30.0,0.2072,15.0,0.1887,14.0,0.2972,53.0,,,0.274,49.0
2013-06-12,0.2231,47.0,0.1901,31.0,0.2376,37.0,,,0.2369,36.0,0.2065,15.0,0.1874,14.0,0.2962,52.0,,,0.2755,50.0
2013-06-11,0.2125,42.0,0.2104,43.0,0.2337,34.0,,,0.2364,36.0,0.2066,15.0,0.1868,13.0,0.2947,52.0,,,0.2754,50.0
2013-06-10,0.2044,39.0,0.2138,44.0,0.2314,33.0,,,0.2294,31.0,0.2065,15.0,0.1868,13.0,0.292,51.0,,,0.2724,47.0
2013-06-07,0.2028,38.0,0.2115,43.0,0.218,25.0,,,0.2191,25.0,0.2072,15.0,0.1869,14.0,0.2886,50.0,,,0.2694,45.0
2013-06-06,0.1607,22.0,0.2091,42.0,0.2498,44.0,,,0.2507,45.0,0.2063,14.0,0.1865,13.0,0.2905,50.0,,,0.2752,50.0
2013-06-05,0.1639,23.0,0.2087,42.0,0.253,46.0,,,0.2503,45.0,0.2077,15.0,0.1865,13.0,0.295,52.0,,,0.2742,49.0
2013-06-04,0.1291,12.0,0.1983,36.0,0.2413,39.0,,,0.2433,40.0,0.2062,14.0,0.187,14.0,0.2888,50.0,,,0.2709,46.0
2013-06-03,0.1287,12.0,0.185,28.0,0.2452,41.0,,,0.2536,47.0,0.2062,14.0,0.1871,14.0,0.2884,49.0,,,0.2715,47.0
2013-05-31,0.1349,14.0,0.161,16.0,0.2255,30.0,,,0.2187,25.0,0.207,15.0,0.1856,13.0,0.2913,51.0,,,0.2673,43.0
2013-05-30,0.1242,10.0,0.1498,12.0,0.2211,27.0,,,0.2164,23.0,0.2065,15.0,0.185,12.0,0.2853,48.0,,,0.2638,39.0
2013-05-29,0.1205,9.0,0.1474,11.0,0.2225,28.0,,,0.218,25.0,0.2065,15.0,0.1849,12.0,0.2863,49.0,,,0.2649,41.0
2013-05-28,0.2405,54.0,0.1717,21.0,0.2132,21.0,,,0.2136,22.0,0.2085,16.0,0.1862,13.0,0.2824,47.0,,,0.2645,40.0
2013-05-24,0.2408,54.0,0.1704,20.0,0.2098,19.0,,,0.2113,20.0,0.2081,16.0,0.1861,13.0,0.2835,47.0,,,0.2672,43.0
2013-05-23,0.23,50.0,0.1936,33.0,0.2086,19.0,,,0.2075,18.0,0.2073,15.0,0.1861,13.0,0.2851,48.0,,,0.2672,43.0
2013-05-22,0.2275,49.0,0.1966,35.0,0.2046,16.0,,,0.2069,17.0,0.2076,15.0,0.1867,13.0,0.2807,46.0,,,0.2616,38.0
2013-05-21,0.214,43.0,0.1805,25.0,0.2029,15.0,,,0.2052,16.0,0.207,15.0,0.1862,13.0,0.2787,45.0,,,0.2584,35.0
2013-05-20,0.2172,45.0,0.1787,25.0,0.202,14.0,,,0.202,14.0,0.207,15.0,0.1862,13.0,0.2748,43.0,,,0.2574,34.0
2013-05-17,0.2343,52.0,0.1845,28.0,0.2019,14.0,,,0.202,14.0,0.2075,15.0,0.1863,13.0,0.2725,41.0,,,0.2656,41.0
2013-05-16,0.1464,17.0,0.171,21.0,0.2013,14.0,,,0.1903,8.0,0.2027,12.0,0.1852,12.0,0.2823,47.0,,,0.2592,36.0
2013-05-15,0.1365,14.0,0.1658,18.0,0.1981,12.0,,,0.2055,17.0,0.2022,12.0,0.1854,12.0,0.2771,44.0,,,0.261,37.0
2013-05-14,0.1555,20.0,0.209,42.0,0.22,26.0,,,0.1835,6.0,0.2054,14.0,0.1863,13.0,0.2894,50.0,,,0.2485,27.0
2013-05-13,0.2417,55.0,0.2283,52.0,0.2514,45.0,,,0.1886,8.0,0.2054,14.0,0.1867,13.0,0.2888,50.0,,,0.2457,24.0
2013-05-10,0.2688,63.0,0.2538,64.0,0.1973,11.0,,,0.1855,7.0,0.2053,14.0,0.1868,13.0,0.2872,49.0,,,0.2458,24.0
2013-05-09,0.2751,64.0,0.2532,64.0,0.2071,18.0,,,0.1949,10.0,0.2054,14.0,0.187,14.0,0.2867,49.0,,,0.2471,25.0
2013-05-08,0.2565,59.0,0.2527,64.0,0.2004,13.0,,,0.1471,1.0,0.2054,14.0,0.1871,14.0,0.2861,49.0,,,0.2457,24.0
2013-05-07,0.2551,59.0,0.2422,59.0,0.1963,11.0,,,0.165,2.0,0.2109,17.0,0.1884,14.0,0.2826,47.0,,,0.2461,25.0
2013-05-06,0.2686,62.0,0.2456,61.0,0.2127,21.0,,,0.1764,4.0,0.2106,17.0,0.1884,14.0,0.2841,48.0,,,0.2459,25.0
2013-05-03,0.2456,56.0,0.198,36.0,0.1991,12.0,,,0.2289,31.0,0.2099,17.0,0.1847,12.0,0.2901,50.0,,,0.2426,23.0
2013-05-02,0.1921,33.0,0.1768,23.0,0.2167,24.0,,,0.1644,2.0,0.2056,14.0,0.1847,12.0,0.2865,49.0,,,0.2474,26.0
2013-05-01,0.1336,13.0,0.163,17.0,0.217,24.0,,,0.1824,6.0,0.2113,18.0,0.1882,14.0,0.2896,50.0,,,0.2509,28.0
2013-04-30,0.1538,19.0,0.1849,28.0,0.2149,23.0,,,0.1868,7.0,0.2112,18.0,0.1885,14.0,0.2886,50.0,,,0.2521,28.0
2013-04-29,0.1643,23.0,0.1967,35.0,0.2167,24.0,,,0.1897,8.0,0.2118,18.0,0.1888,14.0,0.2908,50.0,,,0.2502,28.0
2013-04-26,0.1777,28.0,0.2017,38.0,0.2116,20.0,,,0.1829,6.0,0.2383,37.0,0.193,17.0,0.2907,50.0,,,0.2519,28.0
2013-04-25,0.2398,54.0,0.2117,43.0,0.2191,26.0,,,0.1873,7.0,0.2408,38.0,0.194,18.0,0.2903,50.0,,,0.2514,28.0
2013-04-24,0.2323,51.0,0.2065,41.0,0.2224,28.0,,,0.194,10.0,0.241,38.0,0.1934,18.0,0.2967,52.0,,,0.2567,33.0
2013-04-23,0.3688,82.0,0.2509,63.0,0.2296,32.0,,,0.1327,1.0,0.2419,39.0,0.194,18.0,0.297,53.0,,,0.2582,35.0
2013-04-22,0.3689,82.0,0.2427,59.0,0.3038,72.0,,,0.2712,57.0,0.2423,39.0,0.1933,17.0,0.2969,53.0,,,0.2591,35.0
2013-04-19,0.3497,79.0,0.2311,54.0,0.2941,68.0,,,0.2738,60.0,0.2413,38.0,0.1922,17.0,0.3054,55.0,,,0.2639,40.0
2013-04-18,0.3677,82.0,0.2287,53.0,0.254,47.0,,,0.2505,45.0,0.2402,38.0,0.1911,16.0,0.302,54.0,,,0.2641,40.0
2013-04-17,0.389,84.0,0.232,54.0,0.2766,59.0,,,0.2644,54.0,0.2408,38.0,0.1908,16.0,0.3008,54.0,,,0.2635,39.0
2013-04-16,0.3615,81.0,0.221,48.0,0.2381,37.0,,,0.2386,37.0,0.2384,37.0,0.19,15.0,0.2897,50.0,,,0.2644,40.0
2013-04-15,0.3524,80.0,0.2257,51.0,0.2888,65.0,,,0.2887,67.0,0.2379,37.0,0.1899,15.0,0.3005,54.0,,,0.2625,38.0
2013-04-12,0.1826,30.0,0.177,24.0,0.253,46.0,,,0.2312,33.0,0.2282,30.0,0.1867,13.0,0.286,48.0,,,0.2573,34.0
2013-04-11,0.287,67.0,0.2144,45.0,0.2554,48.0,,,0.2332,34.0,0.2305,32.0,0.1868,13.0,0.2866,49.0,,,0.2524,28.0
2013-04-10,0.2855,67.0,0.2125,44.0,0.2481,43.0,,,0.2041,15.0,0.2313,32.0,0.187,14.0,0.2898,50.0,,,0.2555,32.0
2013-04-09,0.2453,56.0,0.2121,44.0,0.2206,26.0,,,0.2215,27.0,0.2292,31.0,0.1864,13.0,0.2903,50.0,,,0.2603,36.0
2013-04-08,0.2211,46.0,0.2054,40.0,0.2299,32.0,,,0.2296,32.0,0.2285,30.0,0.1866,13.0,0.2946,52.0,,,0.2629,39.0
2013-04-05,0.2203,46.0,0.2058,40.0,0.2164,24.0,,,0.2148,23.0,0.2293,31.0,0.1881,14.0,0.2936,51.0,,,0.2599,36.0
2013-04-04,0.2506,57.0,0.1977,36.0,0.2181,25.0,,,0.2142,22.0,0.2292,31.0,0.1876,14.0,0.2926,51.0,,,0.2601,36.0
2013-04-03,0.2562,59.0,0.2009,37.0,0.2117,20.0,,,0.2054,17.0,0.2291,31.0,0.1874,14.0,0.2893,50.0,,,0.2603,36.0
2013-04-02,0.168,24.0,0.1464,11.0,0.2397,38.0,,,0.1956,11.0,0.2245,27.0,0.1852,12.0,0.2808,46.0,,,0.2545,32.0
2013-04-01,0.1732,26.0,0.1525,13.0,0.1969,11.0,,,0.2008,14.0,0.2246,27.0,0.1853,12.0,0.2813,46.0,,,0.2563,33.0
2013-03-28,0.1488,18.0,0.139,8.0,0.2249,28.0,,,0.1998,13.0,0.2236,27.0,0.1849,12.0,0.2787,45.0,,,0.2513,28.0
2013-03-27,0.1489,18.0,0.1471,11.0,0.2328,34.0,,,0.2174,24.0,0.2249,28.0,0.1855,13.0,0.286,48.0,,,0.2585,35.0
2013-03-26,0.1656,23.0,0.1734,22.0,0.2292,32.0,,,0.1904,8.0,0.2273,28.0,0.1866,13.0,0.2837,47.0,,,0.2602,36.0
2013-03-25,0.1207,9.0,0.1725,21.0,0.2,13.0,,,0.1992,13.0,0.2266,28.0,0.1865,13.0,0.2902,50.0,,,0.2599,36.0
2013-03-22,0.127,11.0,0.1604,16.0,0.2286,31.0,,,0.1914,9.0,0.2265,28.0,0.1863,13.0,0.2852,48.0,,,0.2589,35.0
2013-03-21,0.1324,13.0,0.171,21.0,0.1927,9.0,,,0.196,11.0,0.2267,28.0,0.1867,13.0,0.2908,50.0,,,0.2612,37.0
2013-03-20,0.1462,17.0,0.1778,24.0,0.1885,7.0,,,0.19,8.0,0.2263,28.0,0.1865,13.0,0.2858,48.0,,,0.2603,36.0
2013-03-19,0.1589,21.0,0.176,23.0,0.1903,8.0,,,0.1918,9.0,0.227,28.0,0.1865,13.0,0.2833,47.0,,,0.2594,36.0
2013-03-18,0.2012,37.0,0.1772,24.0,0.2264,30.0,,,0.1938,10.0,0.2273,28.0,0.1862,13.0,0.2816,46.0,,,0.2561,33.0
2013-03-15,0.189,32.0,0.1634,17.0,0.1866,6.0,,,0.18,5.0,0.2298,31.0,0.1876,14.0,0.2796,45.0,,,0.2508,28.0
2013-03-14,0.1809,28.0,0.1685,19.0,0.1824,5.0,,,0.1876,7.0,0.23,31.0,0.191,16.0,0.2751,43.0,,,0.251,28.0
2013-03-13,0.2313,51.0,0.1933,33.0,0.1912,8.0,,,0.1984,12.0,0.2302,32.0,0.1926,17.0,0.2794,45.0,,,0.2564,33.0
2013-03-12,0.2465,56.0,0.1998,37.0,0.2235,28.0,,,0.1926,9.0,0.2299,31.0,0.1923,17.0,0.2779,44.0,,,0.2565,33.0
2013-03-11,0.235,52.0,0.1911,32.0,0.1915,8.0,,,0.2459,42.0,0.229,31.0,0.1919,17.0,0.2833,47.0,,,0.2615,38.0
2013-03-08,0.2422,55.0,0.1914,32.0,0.1909,8.0,,,0.1785,5.0,0.2299,31.0,0.1923,17.0,0.2861,49.0,,,0.2659,41.0
2013-03-07,0.2365,53.0,0.1999,37.0,0.1881,7.0,,,0.184,6.0,0.2363,36.0,0.1939,18.0,0.294,51.0,,,0.2696,45.0
2013-03-06,0.2252,49.0,0.198,36.0,0.188,7.0,,,0.1988,13.0,0.235,35.0,0.194,18.0,0.2931,51.0,,,0.2691,45.0
2013-03-05,0.2586,60.0,0.2084,41.0,0.196,11.0,,,0.1951,11.0,0.237,36.0,0.1951,20.0,0.2961,52.0,,,0.2708,46.0
2013-03-04,0.1746,27.0,0.1855,28.0,0.2156,23.0,,,0.2135,22.0,0.2336,34.0,0.1945,19.0,0.2944,52.0,,,0.2732,48.0
2013-03-01,0.1935,34.0,0.1817,26.0,0.2141,22.0,,,0.2141,22.0,0.2339,34.0,0.1937,18.0,0.2944,52.0,,,0.272,47.0
2013-02-28,0.2336,52.0,0.1968,35.0,0.2086,19.0,,,0.2126,21.0,0.2333,34.0,0.1937,18.0,0.2969,53.0,,,0.2674,43.0
2013-02-27,0.242,55.0,0.1961,35.0,0.2129,21.0,,,0.208,18.0,0.2335,34.0,0.1938,18.0,0.2995,53.0,,,0.2694,45.0
2013-02-26,0.1975,35.0,0.1773,24.0,0.2288,31.0,,,0.2286,31.0,0.2328,33.0,0.1932,17.0,0.2986,53.0,,,0.2736,49.0
2013-02-25,0.1846,31.0,0.1714,21.0,0.2462,42.0,,,0.2413,39.0,0.2327,33.0,0.1935,18.0,0.3031,54.0,,,0.2665,42.0
2013-02-22,0.1857,31.0,0.1534,13.0,0.2007,13.0,,,0.2042,16.0,0.2325,33.0,0.1932,17.0,0.2863,49.0,,,0.2663,42.0
2013-02-21,0.1848,31.0,0.151,13.0,0.2141,22.0,,,0.2132,21.0,0.2337,34.0,0.1939,18.0,0.2902,50.0,,,0.2655,41.0
2013-02-20,0.1742,27.0,0.1391,8.0,0.2055,16.0,,,0.204,15.0,0.2328,33.0,0.1939,18.0,0.285,48.0,,,0.2608,37.0
2013-02-19,0.0531,1.0,0.1153,2.0,0.1897,7.0,,,0.1904,8.0,0.2313,32.0,0.1931,17.0,0.2813,46.0,,,0.2624,38.0
2013-02-15,0.1163,8.0,0.1347,7.0,0.1932,9.0,,,0.1937,10.0,0.2311,32.0,0.1931,17.0,0.2311,14.0,,,0.3049,71.0
2013-02-14,0.1152,8.0,0.1488,12.0,0.1499,1.0,,,0.1958,11.0,0.232,33.0,0.1935,18.0,0.2327,15.0,,,0.311,74.0
2013-02-13,0.133,13.0,0.1484,11.0,0.1688,2.0,,,0.1878,8.0,0.232,33.0,0.1935,18.0,0.2377,19.0,,,0.3129,75.0
2013-02-12,0.1618,22.0,0.1632,17.0,0.2004,13.0,,,0.1782,5.0,0.232,33.0,0.1936,18.0,0.3009,54.0,,,0.2541,31.0
2013-02-11,0.1711,25.0,0.1673,19.0,0.2246,28.0,,,0.1846,6.0,0.232,33.0,0.194,18.0,0.2989,53.0,,,0.2549,32.0
2013-02-08,0.2237,48.0,0.2119,43.0,0.1855,6.0,,,0.1838,6.0,0.2325,33.0,0.1948,19.0,0.3026,54.0,,,0.255,32.0
2013-02-07,0.2163,44.0,0.2111,43.0,0.205,16.0,,,0.1484,1.0,0.2325,33.0,0.195,19.0,0.301,54.0,,,0.2595,36.0
2013-02-06,0.2151,44.0,0.2047,39.0,0.208,18.0,,,0.1685,3.0,0.2315,32.0,0.1944,19.0,0.3023,54.0,,,0.2596,36.0
2013-02-05,0.2117,42.0,0.1959,35.0,0.2039,15.0,,,0.151,1.0,0.232,33.0,0.1943,19.0,0.3004,53.0,,,0.2563,33.0
2013-02-04,0.2013,37.0,0.1925,33.0,0.2311,33.0,,,0.1826,6.0,0.2316,32.0,0.1942,18.0,0.3018,54.0,,,0.2578,34.0
2013-02-01,0.28,65.0,0.2453,61.0,0.2041,15.0,,,0.1859,7.0,0.2341,35.0,0.1942,18.0,0.3008,54.0,,,0.2561,33.0
2013-01-31,0.282,66.0,0.2471,61.0,0.22,26.0,,,0.1839,6.0,0.2391,37.0,0.1996,22.0,0.3014,54.0,,,0.2533,30.0
2013-01-30,0.2239,48.0,0.2081,41.0,0.3146,75.0,,,0.2924,68.0,0.2366,36.0,0.1977,21.0,0.2991,53.0,,,0.2564,33.0
2013-01-29,0.2101,41.0,0.2084,41.0,0.2872,65.0,,,0.2568,50.0,0.2369,36.0,0.198,22.0,0.3052,55.0,,,0.263,39.0
2013-01-28,0.2172,45.0,0.2092,42.0,0.2722,57.0,,,0.2446,41.0,0.2372,36.0,0.1981,22.0,0.3063,55.0,,,0.2518,28.0
2013-01-25,0.2314,51.0,0.2085,42.0,0.2507,45.0,,,0.2321,33.0,0.2489,43.0,0.202,23.0,0.2973,53.0,,,0.2571,34.0
2013-01-24,0.2351,52.0,0.2091,42.0,0.2559,48.0,,,0.2228,28.0,0.2509,44.0,0.2025,24.0,0.3062,55.0,,,0.2567,33.0
2013-01-23,0.1224,10.0,0.1244,4.0,0.2556,48.0,,,0.2289,31.0,0.2471,42.0,0.2004,23.0,0.3126,57.0,,,0.265,41.0
2013-01-22,0.1138,7.0,0.1278,4.0,0.2664,54.0,,,0.1817,6.0,0.2469,42.0,0.2113,28.0,0.3223,59.0,,,0.2575,34.0
2013-01-18,0.1212,9.0,0.1321,6.0,0.2473,43.0,,,0.2306,32.0,0.2476,43.0,0.2194,34.0,0.3143,57.0,,,0.2768,52.0
2013-01-17,0.1288,12.0,0.1267,4.0,0.2495,44.0,,,0.2093,19.0,0.2486,43.0,0.2199,34.0,0.285,48.0,,,0.3055,71.0
2013-01-16,0.099,4.0,0.1197,2.0,0.1942,10.0,,,0.2121,21.0,0.2478,43.0,0.2199,34.0,0.2919,51.0,,,0.3098,73.0
2013-01-15,0.1085,6.0,0.1197,2.0,0.217,24.0,,,0.2101,19.0,0.2502,44.0,0.2234,36.0,0.2802,46.0,,,0.3119,74.0
2013-01-14,0.1311,12.0,0.12,3.0,0.2095,19.0,,,0.2163,23.0,0.2502,44.0,0.2245,37.0,0.2853,48.0,,,0.3171,76.0
2013-01-11,0.1299,12.0,0.1326,6.0,0.1922,9.0,,,0.1951,11.0,0.2513,44.0,0.225,37.0,0.2833,47.0,,,0.3143,75.0
2013-01-10,0.2259,49.0,0.1404,9.0,0.1902,8.0,,,0.1965,11.0,0.2545,46.0,0.2265,39.0,0.2932,51.0,,,0.3182,76.0
2013-01-09,0.2418,55.0,0.1554,14.0,0.2046,16.0,,,0.2072,18.0,0.2544,46.0,0.2279,41.0,0.2906,50.0,,,0.3191,77.0
2013-01-08,0.2396,54.0,0.1625,17.0,0.2077,18.0,,,0.208,18.0,0.2548,47.0,0.2282,41.0,0.3001,53.0,,,0.3234,78.0
2013-01-07,0.2297,50.0,0.1782,24.0,0.1934,9.0,,,0.1989,13.0,0.2586,50.0,0.2347,48.0,0.2988,53.0,,,0.3235,78.0
2013-01-04,0.2039,38.0,0.1781,24.0,0.1826,5.0,,,0.1865,7.0,0.2584,50.0,0.2354,49.0,0.2916,51.0,,,0.3145,75.0
2013-01-03,0.211,42.0,0.179,25.0,0.2001,13.0,,,0.2034,15.0,0.2594,51.0,0.2362,50.0,0.2897,50.0,,,0.3133,75.0
2013-01-02,0.2086,41.0,0.1918,32.0,0.2223,27.0,,,0.208,18.0,0.2599,52.0,0.2364,50.0,0.3048,55.0,,,0.3141,75.0
2012-12-31,0.1225,10.0,0.18,25.0,0.2533,46.0,,,0.257,50.0,0.2575,49.0,0.2361,50.0,0.2974,53.0,,,0.3353,81.0
2012-12-28,0.0403,1.0,0.1727,22.0,0.2662,54.0,,,0.2656,55.0,0.2587,50.0,0.2372,51.0,0.3153,57.0,,,0.3378,81.0
2012-12-27,0.1046,5.0,0.1732,22.0,0.2516,46.0,,,0.2518,46.0,0.2645,57.0,0.2379,51.0,0.2943,52.0,,,0.3364,81.0
2012-12-26,0.1093,6.0,0.1536,14.0,0.2462,42.0,,,0.2544,48.0,0.2644,56.0,0.2376,51.0,0.3126,57.0,,,0.325,79.0
2012-12-24,0.1104,7.0,0.1569,15.0,0.3083,73.0,,,0.2428,40.0,0.2644,56.0,0.2379,51.0,0.3031,54.0,,,0.3148,75.0
2012-12-21,0.1581,21.0,0.1687,20.0,0.2985,70.0,,,0.2395,38.0,0.2643,56.0,0.2383,52.0,0.2987,53.0,,,0.3206,77.0
2012-12-20,0.1787,28.0,0.1492,12.0,0.5115,95.0,,,0.3581,83.0,0.2671,59.0,0.2382,51.0,0.2962,52.0,,,0.3193,77.0
2012-12-19,0.2072,40.0,0.1553,14.0,0.4387,91.0,,,0.2939,69.0,0.2671,59.0,0.2386,52.0,0.2975,53.0,,,0.3183,76.0
2012-12-18,0.2214,47.0,0.1575,15.0,0.3951,87.0,,,0.2762,61.0,0.2738,64.0,0.2421,54.0,0.2957,52.0,,,0.3186,77.0
2012-12-17,0.2167,44.0,0.1516,13.0,0.2748,57.0,,,0.2315,33.0,0.2733,64.0,0.2421,54.0,0.3054,55.0,,,0.3184,77.0
2012-12-14,0.2431,55.0,0.1586,15.0,0.5499,96.0,,,0.1094,1.0,0.2747,65.0,0.2431,55.0,0.3029,54.0,,,0.3185,77.0
2012-12-13,0.258,60.0,0.1811,26.0,0.524,95.0,,,0.1037,1.0,0.2747,65.0,0.2432,55.0,0.3119,56.0,,,0.3128,75.0
2012-12-12,0.2266,49.0,0.1845,28.0,0.2805,61.0,,,0.1629,2.0,0.2738,64.0,0.2428,55.0,0.2906,50.0,,,0.3195,77.0
2012-12-11,0.219,45.0,0.1908,32.0,0.2645,53.0,,,0.1487,1.0,0.2732,64.0,0.2433,55.0,0.3191,57.0,,,0.2971,66.0
2012-12-10,0.2063,39.0,0.1856,28.0,0.2744,57.0,,,0.1566,2.0,0.274,65.0,0.2439,56.0,0.3276,60.0,,,0.3,68.0
2012-12-07,0.1818,30.0,0.1774,24.0,0.2491,44.0,,,0.1625,2.0,0.2783,67.0,0.2462,57.0,0.3227,59.0,,,0.2934,64.0
2012-12-06,0.2175,45.0,0.2045,39.0,0.2813,62.0,,,0.1873,7.0,0.279,68.0,0.2473,59.0,0.3354,63.0,,,0.2881,61.0
2012-12-05,0.1826,30.0,0.2027,38.0,0.2663,54.0,,,0.1876,7.0,0.2793,68.0,0.2486,60.0,0.33,61.0,,,0.2959,65.0
2012-12-04,0.1664,24.0,0.1826,27.0,0.2672,54.0,,,0.1915,9.0,0.2788,67.0,0.2487,60.0,0.3181,57.0,,,0.3042,70.0
2012-12-03,0.1762,27.0,0.1775,24.0,0.262,52.0,,,0.1831,6.0,0.2824,70.0,0.2488,60.0,0.3295,61.0,,,0.2997,68.0
2012-11-30,0.1474,17.0,0.1733,22.0,0.2455,41.0,,,0.1725,4.0,0.2829,70.0,0.2493,60.0,0.342,64.0,,,0.3011,68.0
2012-11-29,0.1325,13.0,0.1741,22.0,0.2267,30.0,,,0.1685,3.0,0.2838,71.0,0.2509,61.0,0.3257,60.0,,,0.3014,69.0
2012-11-28,0.1305,12.0,0.1763,23.0,0.2384,37.0,,,0.1772,5.0,0.2872,73.0,0.2513,62.0,0.3248,59.0,,,0.2986,67.0
2012-11-27,0.0846,3.0,0.1521,13.0,0.2663,54.0,,,0.1414,1.0,0.2859,72.0,0.251,61.0,0.343,65.0,,,0.297,66.0
2012-11-26,0.0698,1.0,0.1566,15.0,0.24,38.0,,,0.1911,9.0,0.2896,74.0,0.2519,62.0,0.3337,62.0,,,0.3024,69.0
2012-11-23,0.1934,34.0,0.1973,36.0,0.2347,35.0,,,0.1843,6.0,0.2906,74.0,0.2524,62.0,0.3182,57.0,,,0.3025,69.0
2012-11-21,0.1831,30.0,0.1971,35.0,0.2455,41.0,,,0.1903,8.0,0.2903,74.0,0.252,62.0,0.3383,64.0,,,0.3107,74.0
2012-11-20,0.1799,28.0,0.1901,31.0,0.2444,41.0,,,0.1928,9.0,0.2907,74.0,0.2524,62.0,0.3359,63.0,,,0.3093,73.0
2012-11-19,0.18,28.0,0.1913,32.0,0.2459,42.0,,,0.1992,13.0,0.2908,74.0,0.2536,63.0,0.3487,66.0,,,0.3183,76.0
2012-11-16,0.1538,19.0,0.1984,36.0,0.2799,61.0,,,0.2299,32.0,0.2904,74.0,0.2536,63.0,0.3509,67.0,,,0.3256,79.0
2012-11-15,0.2222,47.0,0.2237,50.0,0.2554,48.0,,,0.2411,39.0,0.2923,74.0,0.2543,64.0,0.3406,64.0,,,0.3262,79.0
2012-11-14,0.2132,43.0,0.2169,46.0,0.2646,53.0,,,0.2684,57.0,0.2925,74.0,0.2542,63.0,0.3552,69.0,,,0.3155,75.0
2012-11-13,0.1997,36.0,0.181,26.0,0.2766,59.0,,,0.1923,9.0,0.2927,74.0,0.2539,63.0,0.3565,69.0,,,0.3028,69.0
2012-11-12,0.1995,36.0,0.1978,36.0,0.3021,71.0,,,0.2404,38.0,0.2926,74.0,0.254,63.0,0.3513,67.0,,,0.3091,73.0
2012-11-09,0.3705,82.0,0.2718,71.0,0.2704,56.0,,,0.2118,20.0,0.2931,74.0,0.2544,64.0,0.3508,67.0,,,0.3097,73.0
2012-11-08,0.3698,82.0,0.2727,71.0,0.2576,49.0,,,0.2185,25.0,0.293,74.0,0.2553,64.0,0.3512,67.0,,,0.2948,65.0
2012-11-07,0.3716,82.0,0.2731,71.0,0.2655,54.0,,,0.2286,31.0,0.2927,74.0,0.2576,65.0,0.348,66.0,,,0.3026,69.0
2012-11-06,0.4935,92.0,0.3001,78.0,0.2755,59.0,,,0.2227,28.0,0.2909,74.0,0.263,70.0,0.3365,63.0,,,0.2972,66.0
2012-11-05,0.5501,94.0,0.3132,81.0,0.2786,60.0,,,0.2355,35.0,0.2918,74.0,0.2633,70.0,0.3322,62.0,,,0.3082,72.0
2012-11-02,0.5744,94.0,0.3131,81.0,0.2584,49.0,,,0.2019,14.0,0.2918,74.0,0.2635,70.0,0.3286,60.0,,,0.3073,72.0
2012-11-01,0.5573,94.0,0.3057,79.0,0.2334,34.0,,,0.2063,17.0,0.2916,74.0,0.2626,70.0,0.3317,62.0,,,0.3037,70.0
2012-10-31,0.5391,93.0,0.2466,61.0,0.2387,37.0,,,0.2088,19.0,0.2867,73.0,0.2597,67.0,0.3332,62.0,,,0.3043,70.0
2012-10-26,0.5407,93.0,0.2429,60.0,0.2361,36.0,,,0.1985,12.0,0.289,73.0,0.2602,68.0,0.3306,61.0,,,0.3052,71.0
2012-10-25,0.5409,93.0,0.2337,55.0,0.2355,35.0,,,0.2109,20.0,0.2891,73.0,0.2605,68.0,0.3331,62.0,,,0.3038,70.0
2012-10-24,0.2355,52.0,0.1611,17.0,0.3323,79.0,,,0.2892,67.0,0.267,59.0,0.258,66.0,0.3647,71.0,,,0.3079,72.0
2012-10-23,0.1845,31.0,0.1345,6.0,0.3064,73.0,,,0.2148,23.0,0.2661,57.0,0.2577,66.0,0.3417,64.0,,,0.3112,74.0
2012-10-22,0.1479,18.0,0.1354,7.0,0.2865,64.0,,,0.2551,48.0,0.2662,57.0,0.2579,66.0,0.3316,62.0,,,0.3137,75.0
2012-10-19,0.1209,9.0,0.1165,2.0,0.2851,64.0,,,0.2565,49.0,0.2657,57.0,0.2578,66.0,0.3508,67.0,,,0.3065,71.0
2012-10-18,0.1773,28.0,0.1236,3.0,0.226,30.0,,,0.2474,43.0,0.2655,57.0,0.2576,65.0,0.3467,66.0,,,0.3069,72.0
2012-10-17,0.1936,34.0,0.1372,7.0,0.2462,42.0,,,0.2467,43.0,0.2657,57.0,0.2589,67.0,0.3512,67.0,,,0.2977,67.0
2012-10-16,0.1931,34.0,0.1436,10.0,0.2564,48.0,,,0.249,44.0,0.2658,57.0,0.2596,67.0,0.3689,72.0,,,0.3012,69.0
2012-10-15,0.1583,21.0,0.1593,16.0,0.2662,54.0,,,0.2569,50.0,0.2652,57.0,0.2599,68.0,0.3714,73.0,,,0.3091,73.0
2012-10-12,0.1951,35.0,0.1899,31.0,0.253,46.0,,,0.2434,40.0,0.2652,57.0,0.2611,69.0,0.3351,63.0,,,0.2995,68.0
2012-10-11,0.192,33.0,0.1893,30.0,0.2618,51.0,,,0.2431,40.0,0.2665,59.0,0.2612,69.0,0.336,63.0,,,0.3001,68.0
2012-10-10,0.1986,36.0,0.1893,30.0,0.2689,55.0,,,0.2622,53.0,0.267,59.0,0.2618,69.0,0.3386,64.0,,,0.3048,71.0
2012-10-09,0.1616,22.0,0.188,30.0,0.2329,34.0,,,0.2303,32.0,0.2654,57.0,0.2616,69.0,0.3353,63.0,,,0.301,68.0
2012-10-08,0.1285,11.0,0.184,27.0,0.2375,36.0,,,0.2331,34.0,0.2653,57.0,0.2613,69.0,0.3321,62.0,,,0.3001,68.0
2012-10-05,0.1261,11.0,0.1871,28.0,0.2173,24.0,,,0.2247,28.0,0.2668,59.0,0.2621,69.0,0.3291,61.0,,,0.3015,69.0
2012-10-04,0.1709,25.0,0.1869,28.0,0.2246,28.0,,,0.2286,31.0,0.2696,62.0,0.2667,72.0,0.3286,60.0,,,0.2975,67.0
2012-10-03,0.2049,39.0,0.1798,25.0,0.2261,30.0,,,0.2414,39.0,0.2703,62.0,0.2663,71.0,0.3344,62.0,,,0.3068,72.0
2012-10-02,0.2006,37.0,0.178,24.0,0.2402,38.0,,,0.2386,37.0,0.2736,64.0,0.2665,71.0,0.3354,63.0,,,0.3059,71.0
2012-10-01,0.1993,36.0,0.1819,26.0,0.2427,40.0,,,0.244,41.0,0.2734,64.0,0.2665,71.0,0.3372,63.0,,,0.307,72.0
2012-09-28,0.1469,17.0,0.1773,24.0,0.2454,41.0,,,0.2455,42.0,0.2734,64.0,0.2662,71.0,0.3363,63.0,,,0.3094,73.0
2012-09-27,0.1608,22.0,0.1754,23.0,0.2518,46.0,,,0.2531,47.0,0.2737,64.0,0.2681,72.0,0.3434,65.0,,,0.3134,75.0
2012-09-26,0.1328,13.0,0.1726,22.0,0.2568,48.0,,,0.26,52.0,0.2737,64.0,0.2685,72.0,0.3413,64.0,,,0.3122,74.0
2012-09-25,0.1253,11.0,0.1626,17.0,0.2511,45.0,,,0.2558,49.0,0.2729,64.0,0.2684,72.0,0.34,64.0,,,0.3082,72.0
2012-09-24,0.231,51.0,0.1913,32.0,0.2376,37.0,,,0.237,36.0,0.2715,63.0,0.2679,72.0,0.332,62.0,,,0.3022,69.0
2012-09-21,0.2393,54.0,0.2443,60.0,0.2417,39.0,,,0.2363,36.0,0.2723,63.0,0.269,72.0,0.3564,69.0,,,0.3022,69.0
2012-09-20,0.2311,51.0,0.2611,67.0,0.1969,11.0,,,0.2466,43.0,0.2719,63.0,0.2689,72.0,0.3381,64.0,,,0.3182,76.0
2012-09-19,0.2238,48.0,0.2583,66.0,0.2427,40.0,,,0.2199,26.0,0.2739,64.0,0.2688,72.0,0.3411,64.0,,,0.3089,73.0
2012-09-18,0.2272,49.0,0.2614,67.0,0.2431,40.0,,,0.2336,34.0,0.2739,64.0,0.2692,73.0,0.3347,62.0,,,0.3024,69.0
2012-09-17,0.226,49.0,0.2644,68.0,0.2474,43.0,,,0.2447,41.0,0.2741,65.0,0.2695,73.0,0.3409,64.0,,,0.3043,70.0
2012-09-14,0.2932,68.0,0.288,75.0,0.2258,30.0,,,0.2271,30.0,0.2737,64.0,0.2694,73.0,0.3336,62.0,,,0.3135,75.0
2012-09-13,0.2766,64.0,0.2641,68.0,0.248,43.0,,,0.2182,25.0,0.2706,62.0,0.2677,72.0,0.3302,61.0,,,0.3172,76.0
2012-09-12,0.3262,76.0,0.2386,57.0,0.2477,43.0,,,0.2449,42.0,0.2702,62.0,0.2653,71.0,0.3305,61.0,,,0.3188,77.0
2012-09-11,0.3175,74.0,0.2246,50.0,0.2425,39.0,,,0.2443,41.0,0.2703,62.0,0.2643,71.0,0.331,61.0,,,0.3183,76.0
2012-09-10,0.332,77.0,0.2236,50.0,0.2431,40.0,,,0.2504,45.0,0.2705,62.0,0.2647,71.0,0.3346,62.0,,,0.3173,76.0
2012-09-07,0.3259,76.0,0.2198,47.0,0.2227,28.0,,,0.227,30.0,0.2706,62.0,0.2648,71.0,0.3293,61.0,,,0.3204,77.0
2012-09-06,0.3255,76.0,0.2176,46.0,0.2317,33.0,,,0.2355,35.0,0.2722,63.0,0.2651,71.0,0.3277,60.0,,,0.3323,80.0
2012-09-05,0.1675,24.0,0.1885,30.0,0.2734,57.0,,,0.2673,56.0,0.2643,56.0,0.2637,70.0,0.3372,63.0,,,0.3288,80.0
2012-09-04,0.175,27.0,0.1896,31.0,0.2774,60.0,,,0.2664,55.0,0.265,57.0,0.2636,70.0,0.3448,65.0,,,0.3355,81.0
2012-08-31,0.1509,19.0,0.1742,22.0,0.2423,39.0,,,0.2457,42.0,0.2646,57.0,0.2626,70.0,0.3347,62.0,,,0.3287,80.0
2012-08-30,0.1236,10.0,0.1742,22.0,0.2586,49.0,,,0.255,48.0,0.2644,56.0,0.2624,70.0,0.3346,62.0,,,0.3328,80.0
2012-08-29,0.1258,11.0,0.1856,28.0,0.2505,45.0,,,0.2475,43.0,0.2655,57.0,0.2628,70.0,0.3312,61.0,,,0.3283,80.0
2012-08-28,0.127,11.0,0.1861,28.0,0.2497,44.0,,,0.2463,42.0,0.2655,57.0,0.2629,70.0,0.3391,64.0,,,0.3183,76.0
2012-08-27,0.1451,17.0,0.1828,27.0,0.2435,40.0,,,0.2487,44.0,0.2676,60.0,0.2636,70.0,0.3402,64.0,,,0.3242,79.0
2012-08-24,0.1903,33.0,0.1833,27.0,0.2392,38.0,,,0.2373,36.0,0.2672,59.0,0.2636,70.0,0.3356,63.0,,,0.3253,79.0
2012-08-23,0.1882,32.0,0.1716,21.0,0.2467,42.0,,,0.244,41.0,0.2674,60.0,0.2634,70.0,0.333,62.0,,,0.3308,80.0
2012-08-22,0.1773,28.0,0.161,16.0,0.2319,33.0,,,0.2324,33.0,0.2671,59.0,0.2629,70.0,0.3242,59.0,,,0.3229,78.0
2012-08-21,0.1484,18.0,0.1526,13.0,0.222,27.0,,,0.2262,28.0,0.2666,59.0,0.2636,70.0,0.3213,59.0,,,0.3216,78.0
2012-08-20,0.1655,23.0,0.1594,16.0,0.225,28.0,,,0.2247,28.0,0.2666,59.0,0.2635,70.0,0.3266,60.0,,,0.3175,76.0
2012-08-17,0.1112,7.0,0.163,17.0,0.2212,27.0,,,0.2192,25.0,0.2658,57.0,0.2641,70.0,0.3163,57.0,,,0.3201,77.0
2012-08-16,0.1156,8.0,0.1651,18.0,0.1895,7.0,,,0.2357,35.0,0.266,57.0,0.2641,70.0,0.3126,57.0,,,0.3232,78.0
2012-08-15,0.1056,6.0,0.1661,18.0,0.2449,41.0,,,0.204,15.0,0.2651,57.0,0.264,70.0,0.3164,57.0,,,0.3238,78.0
2012-08-14,0.1081,6.0,0.1644,18.0,0.2531,46.0,,,0.2222,27.0,0.2651,57.0,0.2642,71.0,0.3454,65.0,,,0.3068,72.0
2012-08-13,0.1659,24.0,0.1764,23.0,0.28,61.0,,,0.2204,26.0,0.274,65.0,0.267,72.0,0.3328,62.0,,,0.3147,75.0
2012-08-10,0.3058,71.0,0.2595,66.0,0.202,14.0,,,0.1685,3.0,0.2764,66.0,0.2687,72.0,0.3202,57.0,,,0.3237,78.0
2012-08-09,0.3039,71.0,0.2543,64.0,0.2228,28.0,,,0.1868,7.0,0.2765,66.0,0.2684,72.0,0.3397,64.0,,,0.3162,76.0
2012-08-08,0.3128,73.0,0.2564,65.0,0.2389,37.0,,,0.21,19.0,0.2775,67.0,0.2685,72.0,0.344,65.0,,,0.3225,78.0
2012-08-07,0.3173,74.0,0.2599,66.0,0.2631,52.0,,,0.2213,27.0,0.2779,67.0,0.2687,72.0,0.3539,68.0,,,0.3233,78.0
2012-08-06,0.4599,90.0,0.3045,79.0,0.2782,60.0,,,0.2279,30.0,0.2773,66.0,0.2684,72.0,0.3527,68.0,,,0.3156,76.0
2012-08-03,0.4758,91.0,0.3084,80.0,0.2734,57.0,,,0.1215,1.0,0.277,66.0,0.2684,72.0,0.3578,69.0,,,0.3195,77.0
2012-08-02,0.4564,90.0,0.3208,82.0,0.301,71.0,,,0.2628,53.0,0.2736,64.0,0.2679,72.0,0.3657,71.0,,,0.3304,80.0
2012-08-01,0.3821,84.0,0.3817,89.0,0.3002,70.0,,,0.2606,52.0,0.2699,62.0,0.264,70.0,0.3649,71.0,,,0.3301,80.0
2012-07-31,0.3756,83.0,0.4517,94.0,0.2843,63.0,,,0.2547,48.0,0.272,63.0,0.2639,70.0,0.3524,68.0,,,0.3142,75.0
2012-07-30,0.3828,84.0,0.453,94.0,0.2803,61.0,,,0.2512,46.0,0.273,64.0,0.2649,71.0,0.3415,64.0,,,0.3215,78.0
2012-07-27,0.3649,81.0,0.4526,94.0,0.2632,52.0,,,0.2357,35.0,0.2728,63.0,0.2657,71.0,0.3276,60.0,,,0.3339,81.0
2012-07-26,0.2506,57.0,0.4523,94.0,0.2796,61.0,,,0.2468,43.0,0.2611,53.0,0.2681,72.0,0.3605,70.0,,,0.3415,82.0
2012-07-25,0.2243,48.0,0.4588,94.0,0.3109,74.0,,,0.2725,59.0,0.2586,50.0,0.268,72.0,0.3724,73.0,,,0.3189,77.0
2012-07-24,0.2404,54.0,0.4486,94.0,0.3353,79.0,,,0.231,32.0,0.2584,50.0,0.2669,72.0,0.3475,66.0,,,0.3244,79.0
2012-07-23,0.2916,68.0,0.3663,87.0,0.3495,82.0,,,0.3282,79.0,0.2599,52.0,0.2601,68.0,0.3582,70.0,,,0.3354,81.0
2012-07-20,0.286,67.0,0.2906,76.0,0.3386,80.0,,,0.3095,75.0,0.2596,51.0,0.2541,63.0,0.3732,73.0,,,0.3231,78.0
2012-07-19,0.2764,64.0,0.2868,75.0,0.2742,57.0,,,0.2969,70.0,0.2602,52.0,0.2552,64.0,0.3589,70.0,,,0.3222,78.0
2012-07-18,0.3537,80.0,0.3652,87.0,0.2879,65.0,,,0.2725,59.0,0.2605,52.0,0.2552,64.0,0.3379,63.0,,,0.3257,79.0
2012-07-17,0.3006,70.0,0.3337,84.0,0.3027,71.0,,,0.3221,78.0,0.2572,49.0,0.2522,62.0,0.3621,71.0,,,0.3277,79.0
2012-07-16,0.308,72.0,0.3305,83.0,0.299,70.0,,,0.3178,77.0,0.2591,51.0,0.2522,62.0,0.3655,71.0,,,0.3323,80.0
2012-07-13,0.3054,71.0,0.3331,84.0,0.2837,63.0,,,0.2718,59.0,0.2585,50.0,0.2522,62.0,0.3553,69.0,,,0.335,81.0
2012-07-12,0.2282,49.0,0.3146,81.0,0.3046,72.0,,,0.3136,76.0,0.2551,47.0,0.251,61.0,0.3704,73.0,,,0.3441,82.0
2012-07-11,0.2176,45.0,0.318,81.0,0.315,75.0,,,0.3214,78.0,0.255,47.0,0.2499,60.0,0.376,74.0,,,0.3358,81.0
2012-07-10,0.3843,84.0,0.3258,83.0,0.3269,78.0,,,0.3198,77.0,0.2548,47.0,0.2503,61.0,0.3728,73.0,,,0.3382,82.0
2012-07-09,0.3403,78.0,0.2381,57.0,0.3031,71.0,,,0.3042,73.0,0.2512,44.0,0.2442,56.0,0.3729,73.0,,,0.3276,79.0
2012-07-06,0.3354,77.0,0.2303,53.0,0.287,64.0,,,0.2749,60.0,0.256,48.0,0.2443,56.0,0.3652,71.0,,,0.3306,80.0
2012-07-05,0.3149,73.0,0.2246,50.0,0.2885,65.0,,,0.2832,64.0,0.2556,48.0,0.2437,56.0,0.352,68.0,,,0.324,78.0
2012-07-03,0.3526,80.0,0.2275,52.0,0.2762,59.0,,,0.2864,66.0,0.2552,47.0,0.2432,55.0,0.3534,68.0,,,0.3445,82.0
2012-07-02,0.3432,78.0,0.2305,53.0,0.292,67.0,,,0.2964,70.0,0.262,54.0,0.2462,57.0,0.3683,72.0,,,0.3294,80.0
2012-06-29,0.4053,86.0,0.2662,69.0,0.2698,56.0,,,0.2766,61.0,0.26,52.0,0.2448,56.0,0.3436,65.0,,,0.3356,81.0
2012-06-28,0.2728,64.0,0.2572,65.0,0.3116,74.0,,,0.3088,74.0,0.2585,50.0,0.2448,56.0,0.3674,72.0,,,0.345,82.0
2012-06-27,0.3301,76.0,0.2654,69.0,0.3065,73.0,,,0.3111,75.0,0.2585,50.0,0.2445,56.0,0.3778,74.0,,,0.3378,81.0
2012-06-26,0.3298,76.0,0.2634,68.0,0.3146,75.0,,,0.3111,75.0,0.2597,51.0,0.2445,56.0,0.3629,71.0,,,0.3411,82.0
2012-06-25,0.3393,78.0,0.2577,65.0,0.3144,75.0,,,0.3143,76.0,0.2633,55.0,0.2455,57.0,0.3728,73.0,,,0.3332,81.0
2012-06-22,0.3164,74.0,0.2558,65.0,0.2938,68.0,,,0.2897,67.0,0.2607,52.0,0.2448,56.0,0.3616,70.0,,,0.3472,83.0
2012-06-21,0.3353,77.0,0.2635,68.0,0.3002,70.0,,,0.3054,73.0,0.2612,53.0,0.2445,56.0,0.3874,76.0,,,0.3355,81.0
2012-06-20,0.2997,70.0,0.2455,61.0,0.2572,49.0,,,0.2644,54.0,0.255,47.0,0.241,54.0,0.3461,66.0,,,0.3347,81.0
2012-06-19,0.324,75.0,0.2606,67.0,0.2623,52.0,,,0.2598,52.0,0.2549,47.0,0.2417,54.0,0.3496,67.0,,,0.3375,81.0
2012-06-18,0.3248,75.0,0.2699,70.0,0.2835,63.0,,,0.2843,65.0,0.2627,54.0,0.243,55.0,0.3529,68.0,,,0.3466,83.0
2012-06-15,0.3266,76.0,0.284,74.0,0.3015,71.0,,,0.3086,74.0,0.2645,57.0,0.245,57.0,0.3616,70.0,,,0.3536,84.0
2012-06-14,0.3654,81.0,0.2931,77.0,0.321,76.0,,,0.2444,41.0,0.2642,56.0,0.2462,57.0,0.3619,70.0,,,0.3635,85.0
2012-06-13,0.3704,82.0,0.2986,78.0,0.2918,67.0,,,0.312,75.0,0.2641,56.0,0.2463,57.0,0.3714,73.0,,,0.3569,84.0
2012-06-12,0.3554,80.0,0.3094,80.0,0.2795,61.0,,,0.2821,64.0,0.2628,54.0,0.2464,57.0,0.3504,67.0,,,0.3577,84.0
2012-06-11,0.3716,82.0,0.2768,72.0,0.3167,76.0,,,0.3327,80.0,0.2605,52.0,0.2484,60.0,0.3735,73.0,,,0.3523,83.0
2012-06-08,0.3559,80.0,0.2728,71.0,0.2638,53.0,,,0.2649,54.0,0.2645,57.0,0.251,61.0,0.346,66.0,,,0.3615,84.0
2012-06-07,0.3792,83.0,0.2652,69.0,0.3016,71.0,,,0.2941,69.0,0.2672,59.0,0.2508,61.0,0.3778,74.0,,,0.348,83.0
2012-06-06,0.4039,86.0,0.2578,66.0,0.2943,68.0,,,0.3014,72.0,0.2698,62.0,0.2516,62.0,0.354,68.0,,,0.3749,86.0
2012-06-05,0.3237,75.0,0.2448,60.0,0.3498,82.0,,,0.3466,82.0,0.2663,57.0,0.2517,62.0,0.3763,74.0,,,0.3788,86.0
2012-06-04,0.2665,62.0,0.2398,57.0,0.38,85.0,,,0.392,87.0,0.2649,57.0,0.2509,61.0,0.3811,75.0,,,0.3712,85.0
2012-06-01,0.2849,67.0,0.2332,55.0,0.3766,85.0,,,0.3786,86.0,0.2642,56.0,0.25,61.0,0.3793,75.0,,,0.3759,86.0
2012-05-31,0.2482,56.0,0.2287,53.0,0.3435,81.0,,,0.3315,80.0,0.2609,52.0,0.2503,61.0,0.3697,72.0,,,0.3597,84.0
2012-05-30,0.2951,69.0,0.2296,53.0,0.3407,80.0,,,0.3454,82.0,0.2609,52.0,0.2502,61.0,0.3744,74.0,,,0.346,82.0
2012-05-29,0.2075,40.0,0.2118,43.0,0.2953,68.0,,,0.2963,70.0,0.2696,62.0,0.2498,60.0,0.3569,69.0,,,0.3493,83.0
2012-05-25,0.2453,56.0,0.2299,53.0,0.3212,77.0,,,0.3207,78.0,0.2685,61.0,0.25,61.0,0.37,72.0,,,0.3532,83.0
2012-05-24,0.2465,56.0,0.2394,57.0,0.3129,74.0,,,0.321,78.0,0.2723,63.0,0.2508,61.0,0.3703,73.0,,,0.3631,85.0
2012-05-23,0.2482,56.0,0.2318,54.0,0.3139,75.0,,,0.3105,75.0,0.272,63.0,0.2515,62.0,0.3605,70.0,,,0.3729,86.0
2012-05-22,0.2427,55.0,0.2275,52.0,0.3041,72.0,,,0.3203,77.0,0.2738,64.0,0.2507,61.0,0.3642,71.0,,,0.361,84.0
2012-05-21,0.24,54.0,0.2745,71.0,0.3144,75.0,,,0.3184,77.0,0.2745,65.0,0.2516,62.0,0.3663,71.0,,,0.3666,85.0
2012-05-18,0.1876,32.0,0.3595,87.0,0.3598,83.0,,,0.3651,84.0,0.2738,64.0,0.251,61.0,0.376,74.0,,,0.3624,84.0
2012-05-17,0.1897,33.0,0.3615,87.0,0.3537,82.0,,,0.3392,81.0,0.2737,64.0,0.2512,62.0,0.3636,71.0,,,0.3483,83.0
2012-05-16,0.1713,26.0,0.3475,85.0,0.3216,77.0,,,0.3032,73.0,0.2732,64.0,0.2516,62.0,0.3586,70.0,,,0.3476,83.0
2012-05-15,0.1638,23.0,0.3424,84.0,0.3837,86.0,,,0.279,62.0,0.2744,65.0,0.2516,62.0,0.3744,74.0,,,0.3297,80.0
2012-05-14,0.1856,31.0,0.3498,86.0,0.4299,90.0,,,0.3124,75.0,0.2739,64.0,0.2527,63.0,0.3788,75.0,,,0.3391,82.0
2012-05-11,0.1923,34.0,0.3456,85.0,0.3525,82.0,,,0.3095,75.0,0.2778,67.0,0.2542,63.0,0.3741,73.0,,,0.3279,79.0
2012-05-10,0.2482,56.0,0.3183,81.0,0.4949,94.0,,,0.4393,91.0,0.2792,68.0,0.2518,62.0,0.3692,72.0,,,0.3549,84.0
2012-05-09,0.2245,48.0,0.2102,43.0,0.3114,74.0,,,0.2672,56.0,0.2768,66.0,0.2457,57.0,0.3691,72.0,,,0.3357,81.0
2012-05-08,0.2286,50.0,0.2163,46.0,0.2888,65.0,,,0.2499,45.0,0.2854,72.0,0.2467,57.0,0.3635,71.0,,,0.3467,83.0
2012-05-07,0.2629,61.0,0.2135,44.0,0.3011,71.0,,,0.2535,47.0,0.2859,72.0,0.2468,57.0,0.3591,70.0,,,0.3282,79.0
2012-05-04,0.2871,67.0,0.2218,49.0,0.2885,65.0,,,0.1592,2.0,0.2859,72.0,0.2477,59.0,0.3571,69.0,,,0.3302,80.0
2012-05-03,0.2687,63.0,0.2048,39.0,0.2685,55.0,,,0.2354,35.0,0.2844,71.0,0.2474,59.0,0.3506,67.0,,,0.321,77.0
2012-05-02,0.2088,41.0,0.2169,46.0,0.2531,46.0,,,0.2206,26.0,0.2842,71.0,0.2489,60.0,0.3558,69.0,,,0.3202,77.0
2012-05-01,0.2013,37.0,0.2134,44.0,0.2595,50.0,,,0.2216,27.0,0.2842,71.0,0.2489,60.0,0.3468,66.0,,,0.3159,76.0
2012-04-30,0.1909,33.0,0.2085,42.0,0.2564,48.0,,,0.2282,31.0,0.2858,72.0,0.2501,61.0,0.3384,64.0,,,0.3256,79.0
2012-04-27,0.1438,16.0,0.2208,48.0,0.2364,36.0,,,0.2102,19.0,0.2863,72.0,0.2503,61.0,0.331,61.0,,,0.3236,78.0
2012-04-26,0.1771,28.0,0.2209,48.0,0.2543,47.0,,,0.2209,27.0,0.2858,72.0,0.2504,61.0,0.327,60.0,,,0.3158,76.0
2012-04-25,0.1719,26.0,0.2246,50.0,0.2628,52.0,,,0.2318,33.0,0.2961,75.0,0.2532,63.0,0.3431,65.0,,,0.3202,77.0
2012-04-24,0.17,25.0,0.2267,52.0,0.2885,65.0,,,0.189,8.0,0.2959,75.0,0.2557,64.0,0.3486,66.0,,,0.3203,77.0
2012-04-23,0.1698,25.0,0.202,38.0,0.3361,80.0,,,0.3037,73.0,0.2974,75.0,0.2602,68.0,0.3432,65.0,,,0.3242,79.0
2012-04-20,0.2214,47.0,0.2111,43.0,0.3246,77.0,,,0.303,73.0,0.3023,77.0,0.2623,69.0,0.3475,66.0,,,0.3258,79.0
2012-04-19,0.2737,64.0,0.2974,77.0,0.2789,60.0,,,0.2607,52.0,0.3032,77.0,0.2627,70.0,0.351,67.0,,,0.3214,77.0
2012-04-18,0.2936,69.0,0.2912,76.0,0.3009,71.0,,,0.2834,64.0,0.3032,77.0,0.2636,70.0,0.3546,68.0,,,0.3225,78.0
2012-04-17,0.3208,75.0,0.2926,77.0,0.3,70.0,,,0.283,64.0,0.3019,76.0,0.264,70.0,0.352,68.0,,,0.3206,77.0
2012-04-16,0.3016,70.0,0.2826,74.0,0.3333,79.0,,,0.3132,76.0,0.3073,77.0,0.2676,72.0,0.3536,68.0,,,0.3241,79.0
2012-04-13,0.2796,65.0,0.2807,73.0,0.2922,67.0,,,0.3082,74.0,0.3103,78.0,0.269,72.0,0.3582,70.0,,,0.3237,78.0
2012-04-12,0.2798,65.0,0.3135,81.0,0.289,65.0,,,0.2872,66.0,0.3119,78.0,0.2705,73.0,0.3465,66.0,,,0.3256,79.0
2012-04-11,0.2234,47.0,0.3082,80.0,0.3268,78.0,,,0.3329,80.0,0.3108,78.0,0.2704,73.0,0.3519,68.0,,,0.3234,78.0
2012-04-10,0.2135,43.0,0.2259,51.0,0.3034,71.0,,,0.3061,74.0,0.3095,78.0,0.2666,71.0,0.3517,67.0,,,0.3269,79.0
2012-04-09,0.2145,43.0,0.2173,46.0,0.2771,59.0,,,0.2765,61.0,0.3086,78.0,0.2666,71.0,0.3433,65.0,,,0.317,76.0
2012-04-05,0.154,19.0,0.2356,56.0,0.2268,30.0,,,0.2306,32.0,0.3083,77.0,0.2679,72.0,0.3376,63.0,,,0.3154,75.0
2012-04-04,0.1495,18.0,0.2365,57.0,0.2333,34.0,,,0.2372,36.0,0.3087,78.0,0.2692,73.0,0.3366,63.0,,,0.3123,74.0
2012-04-03,0.2021,37.0,0.2374,57.0,0.2272,30.0,,,0.2365,36.0,0.3095,78.0,0.2706,73.0,0.3298,61.0,,,0.3115,74.0
2012-04-02,0.1867,31.0,0.2022,38.0,0.2254,28.0,,,0.2244,28.0,0.3121,78.0,0.2711,74.0,0.3279,60.0,,,0.3056,71.0
2012-03-30,0.204,38.0,0.1971,35.0,0.2484,43.0,,,0.2556,49.0,0.3202,78.0,0.2806,77.0,0.3298,61.0,,,0.3106,74.0
2012-03-29,0.2045,39.0,0.1905,31.0,0.2727,57.0,,,0.2742,60.0,0.3249,79.0,0.2824,77.0,0.3354,63.0,,,0.3115,74.0
2012-03-28,0.2069,40.0,0.1861,28.0,0.272,57.0,,,0.2672,56.0,0.3348,79.0,0.2854,78.0,0.3331,62.0,,,0.3142,75.0
2012-03-27,0.1839,31.0,0.1574,15.0,0.2609,51.0,,,0.2625,53.0,0.3345,79.0,0.286,78.0,0.3313,61.0,,,0.3099,73.0
2012-03-26,0.1892,32.0,0.1582,15.0,0.2548,47.0,,,0.2525,46.0,0.3382,80.0,0.2883,78.0,0.3292,61.0,,,0.3149,75.0
2012-03-23,0.1207,9.0,0.1673,19.0,0.2651,53.0,,,0.2641,54.0,0.34,80.0,0.2905,78.0,0.3367,63.0,,,0.3196,77.0
2012-03-22,0.1205,9.0,0.1633,17.0,0.2698,56.0,,,0.2696,57.0,0.3418,80.0,0.2924,79.0,0.3368,63.0,,,0.3185,77.0
2012-03-21,0.1945,34.0,0.1684,19.0,0.2623,52.0,,,0.2604,52.0,0.3419,80.0,0.2939,79.0,0.3371,63.0,,,0.3177,76.0
2012-03-20,0.1921,33.0,0.1702,20.0,0.2528,46.0,,,0.2546,48.0,0.353,81.0,0.2961,79.0,0.3438,65.0,,,0.3206,77.0
2012-03-19,0.177,28.0,0.1766,23.0,0.2457,42.0,,,0.2473,43.0,0.3597,81.0,0.2998,80.0,0.344,65.0,,,0.3075,72.0
2012-03-16,0.1749,27.0,0.1784,24.0,0.2577,49.0,,,0.2545,48.0,0.3604,81.0,0.3005,80.0,0.3411,64.0,,,0.3082,72.0
2012-03-15,0.1312,12.0,0.1804,25.0,0.1909,8.0,,,0.2551,48.0,0.3606,81.0,0.3012,80.0,0.3366,63.0,,,0.3115,74.0
2012-03-14,0.2275,49.0,0.1775,24.0,0.2099,19.0,,,0.2108,20.0,0.3608,81.0,0.3032,81.0,0.3446,65.0,,,0.3138,75.0
2012-03-13,0.2292,50.0,0.1737,22.0,0.207,17.0,,,0.2049,16.0,0.3635,82.0,0.304,81.0,0.3342,62.0,,,0.3226,78.0
2012-03-12,0.2492,57.0,0.1815,26.0,0.2406,38.0,,,0.2371,36.0,0.3639,82.0,0.3065,81.0,0.3318,62.0,,,0.3239,78.0
2012-03-09,0.2492,57.0,0.1859,28.0,0.2248,28.0,,,0.2183,25.0,0.3643,82.0,0.3075,81.0,0.3365,63.0,,,0.3252,79.0
2012-03-08,0.2362,52.0,0.1846,28.0,0.2445,41.0,,,0.2347,35.0,0.364,82.0,0.3082,81.0,0.359,70.0,,,0.3323,80.0
2012-03-07,0.2123,42.0,0.1801,25.0,0.2588,50.0,,,0.2583,51.0,0.3667,82.0,0.3093,81.0,0.3456,65.0,,,0.3398,82.0
2012-03-06,0.2062,39.0,0.2041,39.0,0.2849,64.0,,,0.2826,64.0,0.3668,82.0,0.3096,81.0,0.3457,66.0,,,0.3385,82.0
2012-03-05,0.1816,30.0,0.2032,39.0,0.2513,45.0,,,0.2554,49.0,0.369,82.0,0.3101,81.0,0.3323,62.0,,,0.322,78.0
2012-03-02,0.1824,30.0,0.2142,44.0,0.2464,42.0,,,0.2442,41.0,0.3691,82.0,0.3119,82.0,0.3383,64.0,,,0.3213,77.0
2012-03-01,0.117,8.0,0.1961,35.0,0.2358,36.0,,,0.2316,33.0,0.3711,83.0,0.3119,82.0,0.3275,60.0,,,0.3195,77.0
2012-02-29,0.117,8.0,0.1946,34.0,0.2378,37.0,,,0.2291,31.0,0.3722,83.0,0.3128,82.0,0.3287,60.0,,,0.3069,72.0
2012-02-28,0.1049,6.0,0.1935,33.0,0.2296,32.0,,,0.2273,30.0,0.3723,83.0,0.3159,82.0,0.3308,61.0,,,0.3151,75.0
2012-02-27,0.3078,72.0,0.2551,65.0,0.2379,37.0,,,0.2341,34.0,0.3723,83.0,0.3169,82.0,0.3338,62.0,,,0.3243,79.0
2012-02-24,0.3288,76.0,0.2675,69.0,0.2413,39.0,,,0.2406,38.0,0.3813,83.0,0.319,82.0,0.342,64.0,,,0.32,77.0
2012-02-23,0.353,80.0,0.2675,69.0,0.2503,45.0,,,0.251,46.0,0.3815,83.0,0.3213,83.0,0.3423,65.0,,,0.325,79.0
2012-02-22,0.3575,80.0,0.2623,67.0,0.26,50.0,,,0.2637,54.0,0.3842,83.0,0.3231,83.0,0.3434,65.0,,,0.3262,79.0
2012-02-21,0.361,81.0,0.2656,69.0,0.2667,54.0,,,0.2683,57.0,0.3843,83.0,0.3242,83.0,0.3381,64.0,,,0.3265,79.0
2012-02-17,0.3622,81.0,0.263,68.0,0.2691,55.0,,,0.267,56.0,0.3899,84.0,0.3272,84.0,0.3376,63.0,,,0.3275,79.0
2012-02-16,0.354,80.0,0.2585,66.0,0.2729,57.0,,,0.2593,51.0,0.3896,84.0,0.3285,84.0,0.2954,52.0,,,0.3763,86.0
2012-02-15,0.2272,49.0,0.1977,36.0,0.257,49.0,,,0.2534,47.0,0.3862,84.0,0.3289,84.0,0.293,51.0,,,0.373,86.0
2012-02-14,0.17,25.0,0.1507,12.0,0.282,62.0,,,0.2513,46.0,0.3968,85.0,0.3301,84.0,0.3562,69.0,,,0.3219,78.0
2012-02-13,0.2075,40.0,0.1481,11.0,0.292,67.0,,,0.2402,38.0,0.3966,85.0,0.3326,85.0,0.3512,67.0,,,0.3142,75.0
2012-02-10,0.2152,44.0,0.1768,23.0,0.2568,48.0,,,0.2036,15.0,0.396,85.0,0.333,85.0,0.3505,67.0,,,0.3164,76.0
2012-02-09,0.2068,40.0,0.1976,36.0,0.2437,40.0,,,0.1841,6.0,0.3982,85.0,0.3341,85.0,0.3473,66.0,,,0.3112,74.0
2012-02-08,0.2071,40.0,0.2998,78.0,0.2457,42.0,,,0.1987,12.0,0.3982,85.0,0.3346,85.0,0.3465,66.0,,,0.3095,73.0
2012-02-07,0.2128,43.0,0.3018,78.0,0.2471,42.0,,,0.2107,20.0,0.3992,85.0,0.3362,85.0,0.3361,63.0,,,0.3013,69.0
2012-02-06,0.2125,42.0,0.3056,79.0,0.2592,50.0,,,0.2249,28.0,0.4033,85.0,0.3394,85.0,0.3471,66.0,,,0.3119,74.0
2012-02-03,0.2412,55.0,0.3309,83.0,0.2417,39.0,,,0.1157,1.0,0.4074,85.0,0.3459,86.0,0.3498,67.0,,,0.305,71.0
2012-02-02,0.193,34.0,0.3388,84.0,0.2622,52.0,,,0.2268,30.0,0.428,87.0,0.3542,87.0,0.3473,66.0,,,0.3155,75.0
2012-02-01,0.2027,38.0,0.3407,84.0,0.2554,48.0,,,0.2225,28.0,0.427,87.0,0.357,87.0,0.3435,65.0,,,0.3198,77.0
2012-01-31,0.2099,41.0,0.3297,83.0,0.2746,57.0,,,0.2433,40.0,0.429,87.0,0.3569,87.0,0.3466,66.0,,,0.3386,82.0
2012-01-30,0.21,41.0,0.2395,57.0,0.328,78.0,,,0.2988,71.0,0.4291,87.0,0.3551,87.0,0.3514,67.0,,,0.3231,78.0
2012-01-27,0.2258,49.0,0.2539,64.0,0.3077,73.0,,,0.2798,63.0,0.4336,88.0,0.3568,87.0,0.3468,66.0,,,0.3234,78.0
2012-01-26,0.2247,48.0,0.2572,65.0,0.3172,76.0,,,0.2924,68.0,0.4342,88.0,0.3584,87.0,0.348,66.0,,,0.3249,79.0
2012-01-25,0.1157,8.0,0.2286,53.0,0.3035,72.0,,,0.276,61.0,0.4332,88.0,0.3576,87.0,0.3453,65.0,,,0.3312,80.0
2012-01-24,0.122,10.0,0.2163,46.0,0.3168,76.0,,,0.2259,28.0,0.4335,88.0,0.3578,87.0,0.3478,66.0,,,0.327,79.0
2012-01-23,0.1151,8.0,0.1957,35.0,0.3012,71.0,,,0.2802,63.0,0.4345,88.0,0.3579,87.0,0.3526,68.0,,,0.3384,82.0
2012-01-20,0.1161,8.0,0.1879,30.0,0.3055,72.0,,,0.2838,65.0,0.4633,92.0,0.3599,88.0,0.3611,70.0,,,0.3374,81.0
2012-01-19,0.1966,35.0,0.2054,40.0,0.2572,49.0,,,0.2926,69.0,0.4634,92.0,0.3603,88.0,0.3646,71.0,,,0.3391,82.0
2012-01-18,0.1852,31.0,0.1875,28.0,0.2969,69.0,,,0.2909,68.0,0.4623,92.0,0.3598,88.0,0.3721,73.0,,,0.3469,83.0
2012-01-17,0.2039,38.0,0.1806,26.0,0.3173,76.0,,,0.3189,77.0,0.4625,92.0,0.3597,88.0,0.3688,72.0,,,0.3491,83.0
2012-01-13,0.292,68.0,0.2378,57.0,0.2553,47.0,,,0.269,57.0,0.4622,92.0,0.3596,88.0,0.3727,73.0,,,0.3549,84.0
2012-01-12,0.3048,71.0,0.2366,57.0,0.264,53.0,,,0.2681,56.0,0.4637,92.0,0.36,88.0,0.3777,74.0,,,0.3503,83.0
2012-01-11,0.3233,75.0,0.2406,59.0,0.2708,56.0,,,0.2695,57.0,0.4644,92.0,0.3599,88.0,0.338,63.0,,,0.3744,86.0
2012-01-10,0.3296,76.0,0.2439,60.0,0.2808,61.0,,,0.2821,64.0,0.4644,92.0,0.36,88.0,0.3427,65.0,,,0.3743,86.0
2012-01-09,0.3049,71.0,0.2346,55.0,0.278,60.0,,,0.2864,66.0,0.4626,92.0,0.3607,88.0,0.3416,64.0,,,0.374,86.0
2012-01-06,0.4071,86.0,0.2563,65.0,0.287,64.0,,,0.2708,57.0,0.4622,92.0,0.361,88.0,0.3484,66.0,,,0.3755,86.0
2012-01-05,0.4007,86.0,0.255,64.0,0.2865,64.0,,,0.2911,68.0,0.4622,92.0,0.361,88.0,0.3543,68.0,,,0.3731,86.0
2012-01-04,0.3232,75.0,0.1954,34.0,0.2939,68.0,,,0.2955,70.0,0.4601,91.0,0.36,88.0,0.3562,69.0,,,0.3746,86.0
2012-01-03,0.3219,75.0,0.1967,35.0,0.3063,73.0,,,0.309,74.0,0.4609,92.0,0.3601,88.0,0.3607,70.0,,,0.3772,86.0
2011-12-30,0.2573,59.0,0.1993,37.0,0.3013,71.0,,,0.2948,70.0,0.4606,92.0,0.3602,88.0,0.3691,72.0,,,0.3763,86.0
2011-12-29,0.3899,85.0,0.2405,59.0,0.2954,68.0,,,0.3008,72.0,0.4606,92.0,0.3601,88.0,0.3596,70.0,,,0.3793,86.0
2011-12-28,0.417,87.0,0.271,70.0,0.3056,72.0,,,0.3121,75.0,0.4598,91.0,0.3602,88.0,0.3682,72.0,,,0.3781,86.0
2011-12-27,0.3547,80.0,0.2697,70.0,0.2938,68.0,,,0.2853,65.0,0.459,91.0,0.36,88.0,0.3656,71.0,,,0.3912,88.0
2011-12-23,0.3602,81.0,0.2797,73.0,0.2713,56.0,,,0.2784,62.0,0.4603,91.0,0.3609,88.0,0.3596,70.0,,,0.378,86.0
2011-12-22,0.3659,81.0,0.2929,77.0,0.2822,62.0,,,0.2844,65.0,0.46,91.0,0.361,88.0,0.363,71.0,,,0.3787,86.0
2011-12-21,0.3982,85.0,0.3525,86.0,0.2968,69.0,,,0.2974,71.0,0.4603,91.0,0.361,88.0,0.3726,73.0,,,0.3908,88.0
2011-12-20,0.4444,89.0,0.3858,90.0,0.3068,73.0,,,0.3067,74.0,0.4605,91.0,0.3611,88.0,0.375,74.0,,,0.3883,88.0
2011-12-19,0.3636,81.0,0.3747,88.0,0.3403,80.0,,,0.3377,81.0,0.4548,90.0,0.3599,88.0,0.394,77.0,,,0.4035,90.0
2011-12-16,0.3718,82.0,0.3721,88.0,0.3449,81.0,,,0.3401,81.0,0.4542,90.0,0.3597,88.0,0.4131,82.0,,,0.4011,89.0
2011-12-15,0.3696,82.0,0.3662,87.0,0.3576,83.0,,,0.3241,78.0,0.4542,90.0,0.3587,88.0,0.3873,76.0,,,0.3998,89.0
2011-12-14,0.3704,82.0,0.3608,87.0,0.4712,93.0,,,0.3314,80.0,0.4555,90.0,0.3585,88.0,0.4354,87.0,,,0.3667,85.0
2011-12-13,0.3844,84.0,0.357,86.0,0.4581,92.0,,,0.2931,69.0,0.4555,90.0,0.3579,87.0,0.4135,82.0,,,0.3718,85.0
2011-12-12,0.3646,81.0,0.3057,79.0,0.4632,93.0,,,1.0983,100.0,0.4566,91.0,0.356,87.0,0.4048,80.0,,,0.3584,84.0
2011-12-09,0.2994,70.0,0.2587,66.0,0.3651,84.0,,,0.2626,53.0,0.4541,90.0,0.3536,87.0,0.4113,81.0,,,0.3744,86.0
2011-12-08,0.4209,87.0,0.2489,62.0,0.4335,91.0,,,0.3347,80.0,0.4525,90.0,0.3531,87.0,0.4313,87.0,,,0.3716,85.0
2011-12-07,0.3794,83.0,0.2287,53.0,0.3948,87.0,,,0.2109,20.0,0.4533,90.0,0.3523,87.0,0.4241,85.0,,,0.3713,85.0
2011-12-06,0.3848,84.0,0.2275,52.0,0.3657,84.0,,,0.2954,70.0,0.4529,90.0,0.3521,87.0,0.4316,87.0,,,0.3913,88.0
2011-12-05,0.3712,82.0,0.2509,63.0,0.3701,84.0,,,0.3071,74.0,0.4542,90.0,0.3526,87.0,0.4244,85.0,,,0.375,86.0
2011-12-02,0.4264,88.0,0.2454,61.0,0.3674,84.0,,,0.2925,68.0,0.4541,90.0,0.3522,87.0,0.4116,81.0,,,0.3618,84.0
2011-12-01,0.4457,89.0,0.2519,63.0,0.3738,85.0,,,0.3046,73.0,0.4552,90.0,0.3526,87.0,0.4305,86.0,,,0.3858,87.0
2011-11-30,0.4702,90.0,0.2459,61.0,0.3636,83.0,,,0.3072,74.0,0.4553,90.0,0.3522,87.0,0.4163,83.0,,,0.3888,88.0
2011-11-29,0.2982,70.0,0.2392,57.0,0.4128,89.0,,,0.3461,82.0,0.4477,89.0,0.3521,87.0,0.4568,90.0,,,0.3937,88.0
2011-11-28,0.318,74.0,0.259,66.0,0.411,89.0,,,0.3579,83.0,0.4477,89.0,0.3523,87.0,0.4587,90.0,,,0.4101,90.0
2011-11-25,0.1664,24.0,0.2556,65.0,0.4535,92.0,,,0.3912,87.0,0.445,89.0,0.3522,87.0,0.4676,91.0,,,0.4056,90.0
2011-11-23,0.1273,11.0,0.2527,64.0,0.4454,91.0,,,0.3843,86.0,0.4498,90.0,0.3535,87.0,0.4578,90.0,,,0.3894,88.0
2011-11-22,0.1632,23.0,0.2897,76.0,0.4284,90.0,,,0.3247,78.0,0.4493,90.0,0.3534,87.0,0.4513,89.0,,,0.4031,89.0
2011-11-21,0.2708,63.0,0.2784,73.0,0.4353,91.0,,,0.3793,86.0,0.4491,90.0,0.3526,87.0,0.4652,91.0,,,0.4163,91.0
2011-11-18,0.2739,64.0,0.2867,75.0,0.4102,88.0,,,0.3705,85.0,0.4484,89.0,0.3524,87.0,0.4473,89.0,,,0.4088,90.0
2011-11-17,0.3723,83.0,0.3013,78.0,0.3763,85.0,,,0.3806,86.0,0.4488,89.0,0.3528,87.0,0.4467,89.0,,,0.4109,90.0
2011-11-16,0.3996,86.0,0.2808,74.0,0.4174,89.0,,,0.4032,88.0,0.4478,89.0,0.3515,87.0,0.4414,88.0,,,0.3936,88.0
2011-11-15,0.3978,85.0,0.2871,75.0,0.4244,90.0,,,0.3284,79.0,0.448,89.0,0.3512,87.0,0.4468,89.0,,,0.392,88.0
2011-11-14,0.3959,85.0,0.2751,72.0,0.4894,94.0,,,0.3799,86.0,0.4485,89.0,0.3507,86.0,0.4455,89.0,,,0.3913,88.0
2011-11-11,0.3985,86.0,0.2686,70.0,0.3512,82.0,,,0.3066,74.0,0.4464,89.0,0.3489,86.0,0.4297,86.0,,,0.3863,87.0
2011-11-10,0.388,84.0,0.2749,72.0,0.415,89.0,,,0.3709,85.0,0.4462,89.0,0.3493,86.0,0.4451,89.0,,,0.3948,89.0
2011-11-09,0.4111,87.0,0.2879,75.0,0.4666,93.0,,,0.422,90.0,0.4466,89.0,0.3491,86.0,0.4449,88.0,,,0.3976,89.0
2011-11-08,0.2922,68.0,0.2809,74.0,0.3477,81.0,,,0.3069,74.0,0.4412,89.0,0.3483,86.0,0.4265,85.0,,,0.3877,88.0
2011-11-07,0.2847,66.0,0.2774,73.0,0.3828,86.0,,,0.3465,82.0,0.4427,89.0,0.3495,86.0,0.4279,86.0,,,0.3907,88.0
2011-11-04,0.4452,89.0,0.3129,81.0,0.3993,87.0,,,0.2963,70.0,0.4427,89.0,0.3491,86.0,0.4248,85.0,,,0.3963,89.0
2011-11-03,0.4382,88.0,0.341,84.0,0.3911,87.0,,,0.3594,83.0,0.4427,89.0,0.349,86.0,0.4236,85.0,,,0.3946,89.0
2011-11-02,0.4515,89.0,0.3855,90.0,0.4276,90.0,,,0.403,88.0,0.4416,89.0,0.3475,86.0,0.4398,88.0,,,0.3916,88.0
2011-11-01,0.5032,92.0,0.4084,92.0,0.4627,92.0,,,0.4212,90.0,0.441,89.0,0.3469,86.0,0.4389,88.0,,,0.3899,88.0
2011-10-31,0.4623,90.0,0.397,91.0,0.3845,86.0,,,0.3535,83.0,0.44,88.0,0.3461,86.0,0.4218,84.0,,,0.3624,84.0
2011-10-28,0.4165,87.0,0.4119,92.0,0.3333,79.0,,,0.3161,77.0,0.4392,88.0,0.3462,86.0,0.4257,85.0,,,0.3937,88.0
2011-10-27,0.4323,88.0,0.4159,92.0,0.3498,82.0,,,0.3337,80.0,0.4392,88.0,0.3461,86.0,0.4202,84.0,,,0.3689,85.0
2011-10-26,0.3789,83.0,0.4279,93.0,0.3987,87.0,,,0.3797,86.0,0.4314,87.0,0.3437,86.0,0.4436,88.0,,,0.3944,89.0
2011-10-25,0.449,89.0,0.4177,92.0,0.4148,89.0,,,0.3318,80.0,0.4314,87.0,0.3419,86.0,0.4488,89.0,,,0.3894,88.0
2011-10-24,0.4179,87.0,0.3707,88.0,0.4393,91.0,,,0.413,90.0,0.4307,87.0,0.338,85.0,0.4424,88.0,,,0.4098,90.0
2011-10-21,0.3806,83.0,0.3478,85.0,0.4434,91.0,,,0.4277,91.0,0.4269,87.0,0.3363,85.0,0.4609,90.0,,,0.4213,91.0
2011-10-20,0.3861,84.0,0.3544,86.0,0.464,93.0,,,0.3404,81.0,0.426,87.0,0.3361,85.0,0.4549,90.0,,,0.4291,92.0
2011-10-19,0.3842,84.0,0.3362,84.0,0.3862,86.0,,,0.4012,88.0,0.428,87.0,0.3356,85.0,0.4541,89.0,,,0.4047,90.0
2011-10-18,0.387,84.0,0.349,85.0,0.3842,86.0,,,0.4043,89.0,0.4283,87.0,0.3355,85.0,0.4448,88.0,,,0.4227,91.0
2011-10-17,0.3613,81.0,0.308,80.0,0.4191,90.0,,,0.4384,91.0,0.4236,87.0,0.3322,85.0,0.4807,92.0,,,0.405,90.0
2011-10-14,0.2531,57.0,0.3075,80.0,0.3405,80.0,,,0.3544,83.0,0.4239,87.0,0.3311,85.0,0.4427,88.0,,,0.4073,90.0
2011-10-13,0.269,63.0,0.323,82.0,0.3774,85.0,,,0.3737,85.0,0.4255,87.0,0.3308,85.0,0.4567,90.0,,,0.4204,91.0
2011-10-12,0.3037,71.0,0.4406,93.0,0.375,85.0,,,0.3721,85.0,0.4264,87.0,0.3306,85.0,0.461,90.0,,,0.4212,91.0
2011-10-11,0.4761,91.0,0.4523,94.0,0.4015,88.0,,,0.4047,89.0,0.4272,87.0,0.3308,85.0,0.4728,91.0,,,0.4347,92.0
2011-10-10,0.6369,96.0,0.4801,95.0,0.419,89.0,,,0.4372,91.0,0.4263,87.0,0.3304,84.0,0.4738,92.0,,,0.4347,92.0
2011-10-07,0.6171,96.0,0.483,95.0,0.4442,91.0,,,0.4557,92.0,0.4233,86.0,0.3296,84.0,0.4795,92.0,,,0.4412,93.0
2011-10-06,0.6536,97.0,0.4953,95.0,0.4586,92.0,,,0.4665,93.0,0.4233,86.0,0.3287,84.0,0.4867,93.0,,,0.4481,93.0
2011-10-05,0.6702,97.0,0.5034,96.0,0.4915,94.0,,,0.4928,94.0,0.4215,86.0,0.3278,84.0,0.4881,93.0,,,0.4516,93.0
2011-10-04,0.6575,97.0,0.5036,96.0,0.5287,95.0,,,0.5285,96.0,0.4198,86.0,0.3271,84.0,0.5111,94.0,,,0.4666,95.0
2011-10-03,0.5709,94.0,0.4178,92.0,0.6069,97.0,,,0.6015,97.0,0.4119,85.0,0.3187,82.0,0.5152,94.0,,,0.4661,95.0
2011-09-30,0.6385,96.0,0.4203,92.0,0.5409,96.0,,,0.5422,96.0,0.4093,85.0,0.3171,82.0,0.4892,93.0,,,0.446,93.0
2011-09-29,0.6201,96.0,0.4288,93.0,0.4945,94.0,,,0.5003,95.0,0.4029,85.0,0.315,82.0,0.465,91.0,,,0.425,91.0
2011-09-28,0.598,95.0,0.4186,92.0,0.4994,94.0,,,0.5037,95.0,0.4018,85.0,0.3138,82.0,0.4724,91.0,,,0.4332,92.0
2011-09-27,0.5779,95.0,0.3989,91.0,0.4628,93.0,,,0.463,93.0,0.401,85.0,0.3121,82.0,0.4532,89.0,,,0.4147,91.0
2011-09-26,0.4991,92.0,0.4024,91.0,0.4925,94.0,,,0.4888,94.0,0.3977,85.0,0.3102,81.0,0.4618,90.0,,,0.4176,91.0
2011-09-23,0.5219,93.0,0.3858,90.0,0.513,95.0,,,0.5112,95.0,0.3984,85.0,0.3091,81.0,0.4778,92.0,,,0.4374,93.0
2011-09-22,0.5506,94.0,0.4033,91.0,0.5293,96.0,,,0.522,96.0,0.3997,85.0,0.3089,81.0,0.4798,92.0,,,0.4247,91.0
2011-09-21,0.448,89.0,0.3877,90.0,0.4384,91.0,,,0.435,91.0,0.3923,84.0,0.3075,81.0,0.4362,87.0,,,0.4015,89.0
2011-09-20,0.3036,71.0,0.35,86.0,0.4061,88.0,,,0.4053,89.0,0.3871,84.0,0.3041,81.0,0.4274,86.0,,,0.3895,88.0
2011-09-19,0.3691,82.0,0.3562,86.0,0.4053,88.0,,,0.407,89.0,0.3872,84.0,0.3039,81.0,0.4283,86.0,,,0.3876,87.0
2011-09-16,0.3629,81.0,0.351,86.0,0.3861,86.0,,,0.2439,41.0,0.387,84.0,0.3035,81.0,0.4226,85.0,,,0.3894,88.0
2011-09-15,0.3968,85.0,0.3262,83.0,0.3627,83.0,,,0.3683,84.0,0.3884,84.0,0.302,80.0,0.4244,85.0,,,0.3909,88.0
2011-09-14,0.3742,83.0,0.3409,84.0,0.4171,89.0,,,0.4024,88.0,0.3903,84.0,0.3012,80.0,0.428,86.0,,,0.4032,89.0
2011-09-13,0.4037,86.0,0.3029,79.0,0.4617,92.0,,,0.4529,92.0,0.3878,84.0,0.2983,80.0,0.4312,87.0,,,0.4065,90.0
2011-09-12,0.3919,85.0,0.3053,79.0,0.4944,94.0,,,0.4932,94.0,0.3877,84.0,0.2978,80.0,0.4387,88.0,,,0.4119,90.0
2011-09-09,0.381,83.0,0.3444,85.0,0.5101,95.0,,,0.4848,94.0,0.3877,84.0,0.2971,79.0,0.434,87.0,,,0.4071,90.0
2011-09-08,0.3566,80.0,0.343,85.0,0.4343,91.0,,,0.4277,91.0,0.3855,84.0,0.298,80.0,0.4167,83.0,,,0.3914,88.0
2011-09-07,0.5287,93.0,0.3825,89.0,0.4304,90.0,,,0.4377,91.0,0.3854,84.0,0.2978,80.0,0.4147,82.0,,,0.3891,88.0
2011-09-06,0.4817,91.0,0.4086,92.0,0.4986,94.0,,,0.4872,94.0,0.3831,83.0,0.2982,80.0,0.4253,85.0,,,0.3965,89.0
2011-09-02,0.5149,92.0,0.4151,92.0,0.4245,90.0,,,0.4239,90.0,0.3839,83.0,0.2967,79.0,0.4121,82.0,,,0.3865,87.0
2011-09-01,0.4682,90.0,0.4212,92.0,0.4043,88.0,,,0.4075,89.0,0.3809,83.0,0.2963,79.0,0.4007,79.0,,,0.3777,86.0
2011-08-31,0.5036,92.0,0.448,94.0,0.4053,88.0,,,0.4032,88.0,0.3803,83.0,0.2956,79.0,0.4029,79.0,,,0.3761,86.0
2011-08-30,0.4746,91.0,0.4267,93.0,0.3963,87.0,,,0.3942,88.0,0.3805,83.0,0.2956,79.0,0.3992,78.0,,,0.3767,86.0
2011-08-29,0.5334,93.0,0.4493,94.0,0.3898,86.0,,,0.4056,89.0,0.3814,83.0,0.2952,79.0,0.3959,78.0,,,0.375,86.0
2011-08-26,0.593,95.0,0.4465,94.0,0.4437,91.0,,,0.4436,92.0,0.3733,83.0,0.2924,79.0,0.4103,81.0,,,0.3893,88.0
2011-08-25,0.5797,95.0,0.4502,94.0,0.4915,94.0,,,0.4841,94.0,0.3727,83.0,0.29,78.0,0.4217,84.0,,,0.3962,89.0
2011-08-24,0.5614,94.0,0.4292,93.0,0.4428,91.0,,,0.4417,92.0,0.3718,83.0,0.289,78.0,0.4119,81.0,,,0.3866,87.0
2011-08-23,0.5986,95.0,0.4306,93.0,0.4497,92.0,,,0.4541,92.0,0.371,82.0,0.2882,78.0,0.4115,81.0,,,0.39,88.0
2011-08-22,0.4873,91.0,0.3958,91.0,0.5144,95.0,,,0.5144,95.0,0.3638,82.0,0.2847,77.0,0.4279,86.0,,,0.4032,89.0
2011-08-19,0.5175,92.0,0.3964,91.0,0.5264,95.0,,,0.5266,96.0,0.3637,82.0,0.2832,77.0,0.4334,87.0,,,0.4051,90.0
2011-08-18,0.543,93.0,0.4036,91.0,0.5372,96.0,,,0.5494,97.0,0.3635,82.0,0.2815,77.0,0.4237,85.0,,,0.3995,89.0
2011-08-17,0.4485,89.0,0.4601,94.0,0.4,87.0,,,0.4389,91.0,0.3545,81.0,0.2801,77.0,0.3896,76.0,,,0.371,85.0
2011-08-16,0.7506,98.0,0.5328,96.0,0.4258,90.0,,,0.4306,91.0,0.3544,81.0,0.2767,76.0,0.3458,66.0,,,0.4123,91.0
2011-08-15,0.7531,98.0,0.5697,97.0,0.5023,95.0,,,0.2746,60.0,0.3546,81.0,0.2761,75.0,0.4102,81.0,,,0.3652,85.0
2011-08-12,0.717,98.0,0.564,97.0,0.4868,94.0,,,0.4425,92.0,0.3512,80.0,0.2748,75.0,0.4186,83.0,,,0.3692,85.0
2011-08-11,0.7098,98.0,0.5825,98.0,0.579,97.0,,,0.5177,95.0,0.3511,80.0,0.274,75.0,0.4416,88.0,,,0.3911,88.0
2011-08-10,0.6812,97.0,0.5865,98.0,0.7071,99.0,,,0.5138,95.0,0.3494,80.0,0.2721,74.0,0.4716,91.0,,,0.4055,90.0
2011-08-09,0.673,97.0,0.5738,97.0,0.5499,96.0,,,0.5063,95.0,0.3473,80.0,0.2692,73.0,0.4288,86.0,,,0.3875,87.0
2011-08-08,0.5245,93.0,0.5055,96.0,0.7067,99.0,,,0.6437,98.0,0.3416,80.0,0.2612,69.0,0.4778,92.0,,,0.4102,90.0
2011-08-05,0.2522,57.0,0.4005,91.0,0.4598,92.0,,,0.4335,91.0,0.3166,78.0,0.2497,60.0,0.409,80.0,,,0.3688,85.0
2011-08-04,0.2071,40.0,0.3568,86.0,0.4569,92.0,,,0.4026,88.0,0.3169,78.0,0.2445,56.0,0.3996,78.0,,,0.3568,84.0
2011-08-03,0.5974,95.0,0.3841,89.0,0.353,82.0,,,0.3196,77.0,0.315,78.0,0.2439,56.0,0.3681,72.0,,,0.3297,80.0
2011-08-02,0.6185,96.0,0.3518,86.0,0.3643,84.0,,,0.3336,80.0,0.315,78.0,0.2409,53.0,0.3688,72.0,,,0.3288,80.0
2011-08-01,0.6389,96.0,0.3205,82.0,0.3358,79.0,,,0.3085,74.0,0.3092,78.0,0.2384,52.0,0.3612,70.0,,,0.3209,77.0
2011-07-29,0.6671,97.0,0.2874,75.0,0.3504,82.0,,,0.322,78.0,0.3104,78.0,0.2376,51.0,0.3654,71.0,,,0.3257,79.0
2011-07-28,0.6795,97.0,0.2785,73.0,0.3289,79.0,,,0.2941,69.0,0.3316,79.0,0.245,57.0,0.3598,70.0,,,0.3192,77.0
2011-07-27,0.734,98.0,0.2735,71.0,0.338,80.0,,,0.3005,72.0,0.3342,79.0,0.2451,57.0,0.3574,69.0,,,0.3138,75.0
2011-07-26,0.73,98.0,0.2516,63.0,0.3143,75.0,,,0.245,42.0,0.335,79.0,0.2464,57.0,0.3409,64.0,,,0.3088,73.0
2011-07-25,0.2036,38.0,0.1897,31.0,0.3234,77.0,,,0.2941,69.0,0.2945,75.0,0.2434,55.0,0.3401,64.0,,,0.3067,71.0
2011-07-22,0.2603,60.0,0.2178,47.0,0.297,69.0,,,0.2779,62.0,0.2947,75.0,0.2432,55.0,0.3378,63.0,,,0.3034,70.0
2011-07-21,0.2619,61.0,0.2245,50.0,0.2986,70.0,,,0.2779,62.0,0.2948,75.0,0.2433,55.0,0.3395,64.0,,,0.3041,70.0
2011-07-20,0.2565,59.0,0.2206,48.0,0.3043,72.0,,,0.2885,67.0,0.2949,75.0,0.2435,55.0,0.3432,65.0,,,0.3094,73.0
2011-07-19,0.3206,75.0,0.25,62.0,0.2982,69.0,,,0.2777,62.0,0.2948,75.0,0.2439,56.0,0.3445,65.0,,,0.3094,73.0
2011-07-18,0.2277,49.0,0.2386,57.0,0.3215,77.0,,,0.302,72.0,0.2927,74.0,0.2439,56.0,0.3549,68.0,,,0.318,76.0
2011-07-15,0.3585,81.0,0.248,62.0,0.3065,73.0,,,0.2909,68.0,0.2922,74.0,0.2435,55.0,0.348,66.0,,,0.3136,75.0
2011-07-14,0.3515,80.0,0.2481,62.0,0.2911,66.0,,,0.2588,51.0,0.2922,74.0,0.2437,56.0,0.353,68.0,,,0.317,76.0
2011-07-13,0.3358,77.0,0.2192,47.0,0.3058,72.0,,,0.2908,68.0,0.2905,74.0,0.2417,54.0,0.3426,65.0,,,0.3098,73.0
2011-07-12,0.3644,81.0,0.2282,52.0,0.316,75.0,,,0.2971,70.0,0.2914,74.0,0.2412,54.0,0.3429,65.0,,,0.307,72.0
2011-07-11,0.393,85.0,0.252,63.0,0.3083,73.0,,,0.2889,67.0,0.2914,74.0,0.2412,54.0,0.3715,73.0,,,0.3056,71.0
2011-07-08,0.299,70.0,0.2244,50.0,0.2642,53.0,,,0.2439,41.0,0.2873,73.0,0.2394,52.0,0.3364,63.0,,,0.2945,65.0
2011-07-07,0.2239,48.0,0.2247,50.0,0.2118,21.0,,,0.2596,52.0,0.2861,72.0,0.2398,53.0,0.3308,61.0,,,0.2934,64.0
2011-07-06,0.1713,26.0,0.227,52.0,0.2926,67.0,,,0.2715,59.0,0.2826,70.0,0.2401,53.0,0.3373,63.0,,,0.2928,63.0
2011-07-05,0.1996,36.0,0.234,55.0,0.2676,55.0,,,0.2606,52.0,0.2825,70.0,0.2399,53.0,0.3381,64.0,,,0.296,66.0
2011-07-01,0.1878,32.0,0.259,66.0,0.223,28.0,,,0.2495,45.0,0.2828,70.0,0.24,53.0,0.3368,63.0,,,0.2934,64.0
2011-06-30,0.1927,34.0,0.2383,57.0,0.2845,63.0,,,0.2458,42.0,0.2819,70.0,0.2401,53.0,0.342,64.0,,,0.2974,67.0
2011-06-29,0.1914,33.0,0.2201,48.0,0.2382,37.0,,,0.2398,38.0,0.2802,68.0,0.2389,52.0,0.3421,65.0,,,0.3064,71.0
2011-06-28,0.1915,33.0,0.2172,46.0,0.2571,49.0,,,0.2568,50.0,0.2801,68.0,0.2387,52.0,0.348,66.0,,,0.3092,73.0
2011-06-27,0.2474,56.0,0.2479,62.0,0.2727,57.0,,,0.2731,59.0,0.2789,67.0,0.2383,52.0,0.3566,69.0,,,0.3124,74.0
2011-06-24,0.2473,56.0,0.2335,55.0,0.2773,60.0,,,0.2753,61.0,0.2787,67.0,0.2372,51.0,0.3576,69.0,,,0.3126,74.0
2011-06-23,0.2941,69.0,0.2347,55.0,0.2639,53.0,,,0.2538,48.0,0.2782,67.0,0.2368,51.0,0.3506,67.0,,,0.3097,73.0
2011-06-22,0.3265,76.0,0.2143,45.0,0.2511,45.0,,,0.2579,50.0,0.2779,67.0,0.235,49.0,0.3519,68.0,,,0.3072,72.0
2011-06-21,0.3286,76.0,0.2258,51.0,0.2592,50.0,,,0.265,55.0,0.2779,67.0,0.235,49.0,0.3456,65.0,,,0.3094,73.0
2011-06-20,0.3721,82.0,0.2371,57.0,0.2784,60.0,,,0.278,62.0,0.2758,66.0,0.2344,48.0,0.3548,68.0,,,0.3204,77.0
2011-06-17,0.3721,82.0,0.2355,56.0,0.2971,69.0,,,0.2912,68.0,0.276,66.0,0.2343,48.0,0.3468,66.0,,,0.3215,78.0
2011-06-16,0.3275,76.0,0.2248,51.0,0.2999,70.0,,,0.2737,60.0,0.2716,63.0,0.2326,46.0,0.3463,66.0,,,0.3116,74.0
2011-06-15,0.3243,75.0,0.2221,49.0,0.2965,69.0,,,0.2851,65.0,0.272,63.0,0.2325,46.0,0.3578,69.0,,,0.3028,69.0
2011-06-14,0.3032,71.0,0.222,49.0,0.2598,50.0,,,0.2549,48.0,0.2702,62.0,0.2321,46.0,0.326,60.0,,,0.3069,72.0
2011-06-13,0.2083,40.0,0.228,52.0,0.2885,65.0,,,0.3045,73.0,0.2665,59.0,0.2314,45.0,0.3508,67.0,,,0.3062,71.0
2011-06-10,0.2118,42.0,0.2292,53.0,0.2663,54.0,,,0.2633,53.0,0.2675,60.0,0.2311,44.0,0.3459,66.0,,,0.3091,73.0
2011-06-09,0.3206,75.0,0.2722,71.0,0.2653,53.0,,,0.2548,48.0,0.2654,57.0,0.2301,43.0,0.3447,65.0,,,0.3027,69.0
2011-06-08,0.3388,78.0,0.273,71.0,0.2747,57.0,,,0.2755,61.0,0.2657,57.0,0.2302,43.0,0.3491,66.0,,,0.3062,71.0
2011-06-07,0.3214,75.0,0.2516,63.0,0.2553,47.0,,,0.2637,54.0,0.2642,56.0,0.2288,42.0,0.3353,63.0,,,0.3098,73.0
2011-06-06,0.311,72.0,0.249,62.0,0.2727,57.0,,,0.2765,61.0,0.264,56.0,0.2286,42.0,0.3373,63.0,,,0.3137,75.0
2011-06-03,0.3218,75.0,0.2551,65.0,0.2596,50.0,,,0.2526,47.0,0.2637,55.0,0.2294,43.0,0.3578,69.0,,,0.325,79.0
2011-06-02,0.3255,76.0,0.2395,57.0,0.2613,51.0,,,0.2547,48.0,0.2639,56.0,0.2285,41.0,0.3481,66.0,,,0.3097,73.0
2011-06-01,0.3345,77.0,0.2314,54.0,0.2645,53.0,,,0.2606,52.0,0.264,56.0,0.2281,41.0,0.3524,68.0,,,0.2874,60.0
2011-05-31,0.2013,37.0,0.1676,19.0,0.214,22.0,,,0.232,33.0,0.2552,47.0,0.2247,37.0,0.3253,60.0,,,0.2987,67.0
2011-05-27,0.1897,33.0,0.1685,19.0,0.231,33.0,,,0.2269,30.0,0.2603,52.0,0.2254,38.0,0.3342,62.0,,,0.2969,66.0
2011-05-26,0.2249,48.0,0.1916,32.0,0.2404,38.0,,,0.2396,38.0,0.2601,52.0,0.2264,39.0,0.3313,61.0,,,0.3023,69.0
2011-05-25,0.2377,53.0,0.203,39.0,0.2438,40.0,,,0.2417,39.0,0.2603,52.0,0.2269,39.0,0.3326,62.0,,,0.3108,74.0
2011-05-24,0.2236,48.0,0.19,31.0,0.2604,51.0,,,0.2569,50.0,0.26,52.0,0.2262,39.0,0.3371,63.0,,,0.306,71.0
2011-05-23,0.2597,60.0,0.2307,54.0,0.2637,53.0,,,0.2693,57.0,0.2679,60.0,0.2288,42.0,0.3372,63.0,,,0.3069,72.0
2011-05-20,0.2522,57.0,0.2377,57.0,0.2561,48.0,,,0.2556,49.0,0.2674,60.0,0.2287,42.0,0.3363,63.0,,,0.2972,66.0
2011-05-19,0.2447,55.0,0.2356,56.0,0.2555,48.0,,,0.2555,49.0,0.2667,59.0,0.2284,41.0,0.3283,60.0,,,0.3012,69.0
2011-05-18,0.2585,60.0,0.233,55.0,0.2699,56.0,,,0.2572,50.0,0.2672,59.0,0.2289,42.0,0.3297,61.0,,,0.3025,69.0
2011-05-17,0.2129,43.0,0.2141,44.0,0.2691,55.0,,,0.2901,68.0,0.2705,62.0,0.2286,42.0,0.338,63.0,,,0.3079,72.0
2011-05-16,0.2207,46.0,0.2142,44.0,0.2997,70.0,,,0.2587,51.0,0.2698,62.0,0.2283,41.0,0.3493,67.0,,,0.2932,64.0
2011-05-13,0.217,45.0,0.2295,53.0,0.2871,65.0,,,0.2489,44.0,0.2713,62.0,0.2292,42.0,0.3511,67.0,,,0.2844,57.0
2011-05-12,0.1236,10.0,0.1881,30.0,0.2715,57.0,,,0.1985,12.0,0.2678,60.0,0.227,40.0,0.3298,61.0,,,0.2966,66.0
2011-05-11,0.1236,10.0,0.1752,23.0,0.2832,63.0,,,0.2435,41.0,0.2696,62.0,0.2271,40.0,0.3274,60.0,,,0.298,67.0
2011-05-10,0.1159,8.0,0.1689,20.0,0.2461,42.0,,,0.2065,17.0,0.2694,61.0,0.2272,40.0,0.3293,61.0,,,0.2927,63.0
2011-05-09,0.1121,7.0,0.1852,28.0,0.2879,65.0,,,0.1974,12.0,0.2691,61.0,0.2278,40.0,0.3389,64.0,,,0.2953,65.0
2011-05-06,0.1214,9.0,0.1955,34.0,0.2593,50.0,,,0.2143,22.0,0.2708,62.0,0.2292,42.0,0.3433,65.0,,,0.2904,62.0
2011-05-05,0.1236,10.0,0.193,33.0,0.2714,57.0,,,0.2161,23.0,0.271,62.0,0.2289,42.0,0.3375,63.0,,,0.2909,62.0
2011-05-04,0.2049,39.0,0.2031,39.0,0.2718,57.0,,,0.2195,25.0,0.2705,62.0,0.2277,40.0,0.3387,64.0,,,0.283,57.0
2011-05-03,0.2229,47.0,0.2132,44.0,0.2642,53.0,,,0.2266,30.0,0.2775,67.0,0.2286,42.0,0.3259,60.0,,,0.2802,55.0
2011-05-02,0.2261,49.0,0.2141,44.0,0.2572,49.0,,,0.2289,31.0,0.2775,67.0,0.2293,43.0,0.3288,60.0,,,0.2813,56.0
2011-04-29,0.2859,67.0,0.2157,45.0,0.2506,45.0,,,0.2081,18.0,0.2787,67.0,0.2291,42.0,0.3303,61.0,,,0.2779,53.0
2011-04-28,0.3276,76.0,0.2266,52.0,0.2418,39.0,,,0.2132,21.0,0.2788,67.0,0.2294,43.0,0.3304,61.0,,,0.2762,51.0
2011-04-27,0.3626,81.0,0.232,54.0,0.2475,43.0,,,0.2228,28.0,0.2784,67.0,0.2292,42.0,0.3131,57.0,,,0.2879,60.0
2011-04-26,0.3823,84.0,0.2501,63.0,0.2494,44.0,,,0.1817,6.0,0.2784,67.0,0.2288,42.0,0.3281,60.0,,,0.291,62.0
2011-04-25,0.3722,82.0,0.227,52.0,0.2564,48.0,,,0.2295,32.0,0.2759,66.0,0.2276,40.0,0.3545,68.0,,,0.3093,73.0
2011-04-21,0.3536,80.0,0.2275,52.0,0.2349,35.0,,,0.2137,22.0,0.2753,65.0,0.2324,46.0,0.3365,63.0,,,0.292,63.0
2011-04-20,0.3555,80.0,0.2313,54.0,0.2381,37.0,,,0.2132,21.0,0.2752,65.0,0.2327,46.0,0.3207,57.0,,,0.2967,66.0
2011-04-19,0.3415,78.0,0.2359,56.0,0.2593,50.0,,,0.223,28.0,0.2724,63.0,0.2324,46.0,0.3446,65.0,,,0.2845,57.0
2011-04-18,0.2898,68.0,0.2476,61.0,0.3221,77.0,,,0.2908,68.0,0.2674,60.0,0.232,46.0,0.3371,63.0,,,0.3087,72.0
2011-04-15,0.2707,63.0,0.24,57.0,0.3144,75.0,,,0.2849,65.0,0.2681,60.0,0.2324,46.0,0.3201,57.0,,,0.3066,71.0
2011-04-14,0.1623,22.0,0.218,47.0,0.2827,62.0,,,0.2645,54.0,0.2664,59.0,0.2314,45.0,0.3352,63.0,,,0.3043,70.0
2011-04-13,0.1592,21.0,0.2327,55.0,0.3223,77.0,,,0.2994,71.0,0.2664,59.0,0.2311,44.0,0.3398,64.0,,,0.2881,61.0
2011-04-12,0.1568,20.0,0.2304,53.0,0.3206,76.0,,,0.3368,80.0,0.2665,59.0,0.2307,44.0,0.3363,63.0,,,0.2902,62.0
2011-04-11,0.2341,52.0,0.2403,57.0,0.3168,76.0,,,0.3316,80.0,0.2665,59.0,0.2309,44.0,0.3355,63.0,,,0.2576,34.0
2011-04-08,0.2417,55.0,0.2323,54.0,0.3183,76.0,,,0.3002,72.0,0.2668,59.0,0.2307,44.0,0.3464,66.0,,,0.2712,46.0
2011-04-07,0.2237,48.0,0.226,51.0,0.2848,64.0,,,0.2873,66.0,0.2637,55.0,0.2294,43.0,0.3239,59.0,,,0.2878,60.0
2011-04-06,0.249,57.0,0.2558,65.0,0.2431,40.0,,,0.2972,71.0,0.2637,55.0,0.2291,42.0,0.3301,61.0,,,0.2845,57.0
2011-04-05,0.3063,72.0,0.2656,69.0,0.2744,57.0,,,0.2819,64.0,0.2652,57.0,0.2302,43.0,0.329,60.0,,,0.2901,62.0
2011-04-04,0.2925,68.0,0.2539,64.0,0.2707,56.0,,,0.2878,67.0,0.265,57.0,0.2292,42.0,0.3298,61.0,,,0.2861,59.0
2011-04-01,0.2702,63.0,0.2594,66.0,0.2565,48.0,,,0.271,57.0,0.2653,57.0,0.2291,42.0,0.3309,61.0,,,0.2883,61.0
2011-03-31,0.2777,65.0,0.2545,64.0,0.2868,64.0,,,0.2716,59.0,0.2706,62.0,0.231,44.0,0.328,60.0,,,0.3098,73.0
2011-03-30,0.3465,79.0,0.2717,71.0,0.2872,65.0,,,0.2746,60.0,0.2712,62.0,0.2317,45.0,0.3274,60.0,,,0.2939,64.0
2011-03-29,0.3882,84.0,0.2525,64.0,0.2831,63.0,,,0.2871,66.0,0.2678,60.0,0.2306,44.0,0.3247,59.0,,,0.2953,65.0
2011-03-28,0.3536,80.0,0.221,48.0,0.2643,53.0,,,0.2764,61.0,0.2652,57.0,0.2292,42.0,0.3774,74.0,,,0.2947,65.0
2011-03-25,0.3231,75.0,0.2167,46.0,0.2644,53.0,,,0.2636,54.0,0.2637,55.0,0.2285,41.0,0.3396,64.0,,,0.3124,74.0
2011-03-24,0.3361,77.0,0.2207,48.0,0.2606,51.0,,,0.2664,55.0,0.2642,56.0,0.2295,43.0,0.3592,70.0,,,0.3232,78.0
2011-03-23,0.3406,78.0,0.2525,64.0,0.2686,55.0,,,0.2682,56.0,0.2648,57.0,0.2289,42.0,0.3682,72.0,,,0.322,78.0
2011-03-22,0.3436,78.0,0.2495,62.0,0.2732,57.0,,,0.2769,61.0,0.2677,60.0,0.2288,42.0,0.3702,72.0,,,0.3077,72.0
2011-03-21,0.3049,71.0,0.2566,65.0,0.2671,54.0,,,0.2817,64.0,0.2653,57.0,0.2281,41.0,0.3317,62.0,,,0.3039,70.0
2011-03-18,0.2372,53.0,0.2614,67.0,0.306,72.0,,,0.305,73.0,0.2586,50.0,0.2279,41.0,0.3579,70.0,,,0.3078,72.0
2011-03-17,0.234,52.0,0.2642,68.0,0.284,63.0,,,0.2808,63.0,0.2585,50.0,0.2277,40.0,0.3633,71.0,,,0.318,76.0
2011-03-16,0.2188,45.0,0.2632,68.0,0.3675,84.0,,,0.3408,81.0,0.262,54.0,0.2285,41.0,0.3359,63.0,,,0.3195,77.0
2011-03-15,0.231,51.0,0.3195,82.0,0.316,75.0,,,0.3116,75.0,0.2617,53.0,0.2281,41.0,0.3432,65.0,,,0.3247,79.0
2011-03-14,0.2536,57.0,0.2973,77.0,0.286,64.0,,,0.2957,70.0,0.2614,53.0,0.2254,38.0,0.3323,62.0,,,0.3201,77.0
2011-03-11,0.319,74.0,0.3001,78.0,0.2521,46.0,,,0.275,60.0,0.2612,53.0,0.2254,38.0,0.332,62.0,,,0.3278,79.0
2011-03-10,0.2708,63.0,0.2855,74.0,0.3062,73.0,,,0.3054,73.0,0.2591,51.0,0.224,36.0,0.3658,71.0,,,0.3188,77.0
2011-03-09,0.2785,65.0,0.3033,79.0,0.2654,53.0,,,0.2793,62.0,0.2578,49.0,0.2236,36.0,0.336,63.0,,,0.3028,69.0
2011-03-08,0.2793,65.0,0.3069,80.0,0.2751,59.0,,,0.278,62.0,0.2585,50.0,0.2245,37.0,0.3448,65.0,,,0.3089,73.0
2011-03-07,0.2792,65.0,0.2981,78.0,0.2863,64.0,,,0.3035,73.0,0.2588,50.0,0.225,37.0,0.3608,70.0,,,0.3089,73.0
2011-03-04,0.2684,62.0,0.2358,56.0,0.2729,57.0,,,0.2678,56.0,0.2582,50.0,0.2205,35.0,0.3443,65.0,,,0.31,73.0
2011-03-03,0.2756,64.0,0.2487,62.0,0.2788,60.0,,,0.2569,50.0,0.2587,50.0,0.2203,35.0,0.3363,63.0,,,0.3068,72.0
2011-03-02,0.2332,52.0,0.2726,71.0,0.2822,62.0,,,0.29,68.0,0.2573,49.0,0.22,34.0,0.3454,65.0,,,0.3048,71.0
2011-03-01,0.2467,56.0,0.2621,67.0,0.2828,62.0,,,0.2935,69.0,0.2591,51.0,0.2201,34.0,0.3551,68.0,,,0.3091,73.0
2011-02-28,0.2292,50.0,0.2359,56.0,0.2702,56.0,,,0.2854,65.0,0.2691,61.0,0.2211,35.0,0.3348,63.0,,,0.3009,68.0
2011-02-25,0.2458,56.0,0.2264,51.0,0.2773,60.0,,,0.2722,59.0,0.2691,61.0,0.2216,35.0,0.3362,63.0,,,0.3045,71.0
2011-02-24,0.2371,53.0,0.2261,51.0,0.2989,70.0,,,0.2879,67.0,0.2724,63.0,0.2227,36.0,0.3396,64.0,,,0.2779,53.0
2011-02-23,0.2425,55.0,0.2191,47.0,0.3045,72.0,,,0.3001,71.0,0.2756,66.0,0.2263,39.0,0.353,68.0,,,0.2909,62.0
2011-02-22,0.2612,60.0,0.2063,40.0,0.2855,64.0,,,0.2937,69.0,0.2735,64.0,0.2255,38.0,0.3414,64.0,,,0.2791,54.0
2011-02-18,0.1582,21.0,0.177,24.0,0.2425,39.0,,,0.2555,49.0,0.2694,61.0,0.2254,38.0,0.3147,57.0,,,0.2891,61.0
2011-02-17,0.1926,34.0,0.1811,26.0,0.2497,44.0,,,0.2541,48.0,0.2715,63.0,0.2262,39.0,0.278,44.0,,,0.3144,75.0
2011-02-16,0.1701,25.0,0.1818,26.0,0.2481,43.0,,,0.2828,64.0,0.2717,63.0,0.2274,40.0,0.2775,44.0,,,0.3214,77.0
2011-02-15,0.1695,25.0,0.1863,28.0,0.2528,46.0,,,0.3344,80.0,0.2716,63.0,0.2278,40.0,0.2751,43.0,,,0.3246,79.0
2011-02-14,0.1636,23.0,0.1933,33.0,0.283,63.0,,,0.2395,38.0,0.2752,65.0,0.2298,43.0,0.3247,59.0,,,0.2864,59.0
2011-02-11,0.1733,26.0,0.1966,35.0,0.2678,55.0,,,0.2304,32.0,0.2753,65.0,0.2303,44.0,0.3167,57.0,,,0.3032,70.0
2011-02-10,0.2165,44.0,0.2144,45.0,0.2746,57.0,,,0.2484,44.0,0.2778,67.0,0.2321,46.0,0.3306,61.0,,,0.2958,65.0
2011-02-09,0.5176,92.0,0.3319,83.0,0.275,59.0,,,0.2445,41.0,0.2776,67.0,0.2327,46.0,0.3402,64.0,,,0.2849,57.0
2011-02-08,0.5847,95.0,0.3462,85.0,0.2739,57.0,,,0.2471,43.0,0.2771,66.0,0.2333,47.0,0.3285,60.0,,,0.2931,64.0
2011-02-07,0.5806,95.0,0.3785,89.0,0.3088,73.0,,,0.2632,53.0,0.2782,67.0,0.233,47.0,0.338,63.0,,,0.2898,62.0
2011-02-04,0.5763,95.0,0.3777,89.0,0.281,61.0,,,0.2529,47.0,0.286,72.0,0.2343,48.0,0.3348,63.0,,,0.2892,61.0
2011-02-03,0.5861,95.0,0.3789,89.0,0.2898,66.0,,,0.2661,55.0,0.2869,73.0,0.2344,48.0,0.3383,64.0,,,0.3087,72.0
2011-02-02,0.595,95.0,0.3807,89.0,0.2978,69.0,,,0.2693,57.0,0.287,73.0,0.2341,48.0,0.3583,70.0,,,0.2913,63.0
2011-02-01,0.5997,96.0,0.365,87.0,0.3012,71.0,,,0.2548,48.0,0.2845,71.0,0.2332,47.0,0.3593,70.0,,,0.3025,69.0
2011-01-31,0.2892,67.0,0.2608,67.0,0.3124,74.0,,,0.2794,62.0,0.2574,49.0,0.2246,37.0,0.3225,59.0,,,0.3093,73.0
2011-01-28,0.2296,50.0,0.2536,64.0,0.3013,71.0,,,0.2536,47.0,0.2542,46.0,0.2234,36.0,0.3517,67.0,,,0.288,61.0
2011-01-27,0.1448,17.0,0.1966,35.0,0.2765,59.0,,,0.2323,33.0,0.2526,45.0,0.2213,35.0,0.3302,61.0,,,0.3136,75.0
2011-01-26,0.1443,17.0,0.1967,35.0,0.2766,59.0,,,0.242,40.0,0.2536,46.0,0.2214,35.0,0.3278,60.0,,,0.2796,54.0
2011-01-25,0.1302,12.0,0.1858,28.0,0.3089,74.0,,,0.2606,52.0,0.2535,46.0,0.2221,36.0,0.3315,61.0,,,0.3071,72.0
2011-01-24,0.1516,19.0,0.1794,25.0,0.2923,67.0,,,0.2587,51.0,0.2534,45.0,0.2229,36.0,0.339,64.0,,,0.33,80.0
2011-01-21,0.1291,12.0,0.1689,20.0,0.3142,75.0,,,0.2814,63.0,0.2533,45.0,0.2236,36.0,0.3589,70.0,,,0.3031,70.0
2011-01-20,0.1391,15.0,0.1543,14.0,0.3161,75.0,,,0.2909,68.0,0.2572,49.0,0.2283,41.0,0.355,68.0,,,0.3224,78.0
2011-01-19,0.1549,20.0,0.1474,11.0,0.3088,73.0,,,0.327,79.0,0.2575,49.0,0.2289,42.0,0.3516,67.0,,,0.3044,70.0
2011-01-18,0.1549,20.0,0.1782,24.0,0.295,68.0,,,0.282,64.0,0.2568,48.0,0.2304,44.0,0.3512,67.0,,,0.3359,81.0
2011-01-14,0.1489,18.0,0.1716,21.0,0.2914,66.0,,,0.2478,43.0,0.2618,54.0,0.2325,46.0,0.3256,60.0,,,0.3358,81.0
2011-01-13,0.1648,23.0,0.1839,27.0,0.2936,67.0,,,0.2263,28.0,0.2619,54.0,0.2333,47.0,0.3287,60.0,,,0.3316,80.0
2011-01-12,0.1445,17.0,0.2065,41.0,0.2185,25.0,,,0.2448,41.0,0.2639,56.0,0.2378,51.0,0.3268,60.0,,,0.3277,79.0
2011-01-11,0.1558,20.0,0.2107,43.0,0.25,44.0,,,0.247,43.0,0.264,56.0,0.2384,52.0,0.3321,62.0,,,0.3376,81.0
2011-01-10,0.1544,19.0,0.2101,42.0,0.2706,56.0,,,0.2614,52.0,0.2728,63.0,0.2421,54.0,0.3317,62.0,,,0.3442,82.0
2011-01-07,0.1388,15.0,0.1953,34.0,0.2439,40.0,,,0.2517,46.0,0.2726,63.0,0.2422,54.0,0.3343,62.0,,,0.34,82.0
2011-01-06,0.1199,9.0,0.1662,18.0,0.2526,46.0,,,0.2447,41.0,0.2718,63.0,0.2409,53.0,0.3322,62.0,,,0.332,80.0
2011-01-05,0.1176,8.0,0.167,19.0,0.2429,40.0,,,0.2495,45.0,0.2803,68.0,0.2435,55.0,0.3353,63.0,,,0.3358,81.0
2011-01-04,0.1069,6.0,0.158,15.0,0.2482,43.0,,,0.2681,56.0,0.2805,69.0,0.2435,55.0,0.3301,61.0,,,0.3421,82.0
2011-01-03,0.0665,1.0,0.1166,2.0,0.2502,45.0,,,0.2532,47.0,0.2801,68.0,0.2429,55.0,0.3316,62.0,,,0.3319,80.0
2010-12-31,0.0455,1.0,0.1013,1.0,0.2398,38.0,,,0.2366,36.0,0.2803,68.0,0.243,55.0,0.3303,61.0,,,0.3404,82.0
2010-12-30,0.0597,1.0,0.1005,1.0,0.2388,37.0,,,0.2295,32.0,0.2855,72.0,0.247,57.0,0.3323,62.0,,,0.334,81.0
2010-12-29,0.0544,1.0,0.1155,2.0,0.2282,31.0,,,0.2392,38.0,0.2856,72.0,0.2492,60.0,0.3315,61.0,,,0.3345,81.0
2010-12-28,0.1148,8.0,0.124,3.0,0.2393,38.0,,,0.2404,38.0,0.2861,72.0,0.25,61.0,0.3302,61.0,,,0.3382,82.0
2010-12-27,0.1178,8.0,0.127,4.0,0.2419,39.0,,,0.2372,36.0,0.2863,72.0,0.2517,62.0,0.3303,61.0,,,0.3364,81.0
2010-12-23,0.1202,9.0,0.125,4.0,0.2218,27.0,,,0.2283,31.0,0.2877,73.0,0.2532,63.0,0.3261,60.0,,,0.334,81.0
2010-12-22,0.1477,18.0,0.1373,7.0,0.2209,27.0,,,0.2237,28.0,0.2963,75.0,0.255,64.0,0.3253,60.0,,,0.3321,80.0
2010-12-21,0.1569,20.0,0.1448,10.0,0.222,27.0,,,0.2253,28.0,0.2973,75.0,0.2559,65.0,0.3309,61.0,,,0.3322,80.0
2010-12-20,0.1586,21.0,0.1493,12.0,0.2285,31.0,,,0.2298,32.0,0.2976,75.0,0.2565,65.0,0.3206,57.0,,,0.3331,80.0
2010-12-17,0.1623,22.0,0.1412,9.0,0.2471,42.0,,,0.2429,40.0,0.2981,76.0,0.2575,65.0,0.3438,65.0,,,0.3332,81.0
2010-12-16,0.1073,6.0,0.1314,5.0,0.259,50.0,,,0.2598,52.0,0.297,75.0,0.2581,66.0,0.336,63.0,,,0.3395,82.0
2010-12-15,0.1087,6.0,0.1655,18.0,0.2646,53.0,,,0.2554,49.0,0.3014,76.0,0.261,69.0,0.3329,62.0,,,0.3466,83.0
2010-12-14,0.1376,14.0,0.1681,19.0,0.2728,57.0,,,0.2475,43.0,0.3023,77.0,0.2625,70.0,0.3487,66.0,,,0.3395,82.0
2010-12-13,0.105,6.0,0.1683,19.0,0.2844,63.0,,,0.2544,48.0,0.3017,76.0,0.2627,70.0,0.3574,69.0,,,0.3353,81.0
2010-12-10,0.0985,4.0,0.1756,23.0,0.2874,65.0,,,0.2124,21.0,0.3015,76.0,0.2632,70.0,0.3416,64.0,,,0.3393,82.0
2010-12-09,0.2319,51.0,0.1893,30.0,0.2838,63.0,,,0.2668,56.0,0.3018,76.0,0.2631,70.0,0.352,68.0,,,0.341,82.0
2010-12-08,0.2419,55.0,0.2079,41.0,0.306,72.0,,,0.2697,57.0,0.3073,77.0,0.2653,71.0,0.3455,65.0,,,0.3339,81.0
2010-12-07,0.2546,59.0,0.22,48.0,0.2975,69.0,,,0.2721,59.0,0.3074,77.0,0.2664,71.0,0.3505,67.0,,,0.3497,83.0
2010-12-06,0.2655,62.0,0.1983,36.0,0.3227,77.0,,,0.2806,63.0,0.3074,77.0,0.2673,72.0,0.3635,71.0,,,0.3498,83.0
2010-12-03,0.3551,80.0,0.2452,61.0,0.3152,75.0,,,0.271,57.0,0.3216,79.0,0.2705,73.0,0.3528,68.0,,,0.3577,84.0
2010-12-02,0.3894,84.0,0.2423,59.0,0.3214,77.0,,,0.293,69.0,0.3217,79.0,0.2721,74.0,0.3668,72.0,,,0.3495,83.0
2010-12-01,0.3981,85.0,0.2394,57.0,0.298,69.0,,,0.2773,61.0,0.322,79.0,0.2725,74.0,0.3648,71.0,,,0.3475,83.0
2010-11-30,0.3384,78.0,0.2363,56.0,0.32,76.0,,,0.2935,69.0,0.3209,78.0,0.2735,75.0,0.354,68.0,,,0.355,84.0
2010-11-29,0.3847,84.0,0.235,56.0,0.3056,72.0,,,0.2816,64.0,0.3348,79.0,0.2755,75.0,0.3467,66.0,,,0.3534,83.0
2010-11-26,0.3692,82.0,0.2298,53.0,0.2867,64.0,,,0.2595,52.0,0.3363,79.0,0.2759,75.0,0.351,67.0,,,0.3528,83.0
2010-11-24,0.4074,86.0,0.2449,60.0,0.2647,53.0,,,0.2472,43.0,0.3381,80.0,0.2776,76.0,0.3426,65.0,,,0.3477,83.0
2010-11-23,0.3091,72.0,0.1969,35.0,0.3006,70.0,,,0.2326,33.0,0.3342,79.0,0.2774,76.0,0.3616,70.0,,,0.3589,84.0
2010-11-22,0.3189,74.0,0.2089,42.0,0.2681,55.0,,,0.2543,48.0,0.3339,79.0,0.2785,76.0,0.3487,66.0,,,0.3484,83.0
2010-11-19,0.3151,73.0,0.2149,45.0,0.2738,57.0,,,0.255,48.0,0.3385,80.0,0.2788,76.0,0.3299,61.0,,,0.3483,83.0
2010-11-18,0.3073,72.0,0.2142,44.0,0.2788,60.0,,,0.2647,54.0,0.3388,80.0,0.2816,77.0,0.3551,68.0,,,0.3521,83.0
2010-11-17,0.2174,45.0,0.2239,50.0,0.3185,76.0,,,0.3219,78.0,0.3361,79.0,0.2828,77.0,0.3699,72.0,,,0.3608,84.0
2010-11-16,0.2006,37.0,0.2242,50.0,0.3255,77.0,,,0.315,76.0,0.337,79.0,0.2836,77.0,0.3573,69.0,,,0.3315,80.0
2010-11-15,0.1827,30.0,0.201,37.0,0.3436,81.0,,,0.2886,67.0,0.3363,79.0,0.2853,78.0,0.3812,75.0,,,0.3476,83.0
2010-11-12,0.3521,80.0,0.2188,47.0,0.2835,63.0,,,0.2683,57.0,0.3518,81.0,0.2878,78.0,0.3647,71.0,,,0.3496,83.0
2010-11-11,0.3202,74.0,0.2201,48.0,0.2781,60.0,,,0.2482,44.0,0.3518,81.0,0.2901,78.0,0.351,67.0,,,0.3495,83.0
2010-11-10,0.3318,77.0,0.2097,42.0,0.2461,42.0,,,0.262,53.0,0.3525,81.0,0.2916,78.0,0.3323,62.0,,,0.3482,83.0
2010-11-09,0.3365,77.0,0.2169,46.0,0.2938,68.0,,,0.2634,53.0,0.3529,81.0,0.2938,79.0,0.3678,72.0,,,0.341,82.0
2010-11-08,0.2811,66.0,0.1955,34.0,0.2551,47.0,,,0.2515,46.0,0.3532,81.0,0.2945,79.0,0.3524,68.0,,,0.3349,81.0
2010-11-05,0.2507,57.0,0.1919,32.0,0.2647,53.0,,,0.2591,51.0,0.3529,81.0,0.2959,79.0,0.3399,64.0,,,0.3318,80.0
2010-11-04,0.2501,57.0,0.2031,39.0,0.2642,53.0,,,0.2609,52.0,0.3536,81.0,0.2969,79.0,0.3468,66.0,,,0.3416,82.0
2010-11-03,0.1358,14.0,0.277,72.0,0.2713,56.0,,,0.2736,60.0,0.3486,80.0,0.2971,79.0,0.3599,70.0,,,0.3569,84.0
2010-11-02,0.1261,11.0,0.2703,70.0,0.2854,64.0,,,0.279,62.0,0.3637,82.0,0.2972,79.0,0.3586,70.0,,,0.3553,84.0
2010-11-01,0.098,4.0,0.2698,70.0,0.2926,67.0,,,0.2804,63.0,0.3658,82.0,0.3009,80.0,0.3756,74.0,,,0.3513,83.0
2010-10-29,0.0605,1.0,0.2693,70.0,0.2896,66.0,,,0.269,57.0,0.3733,83.0,0.3206,82.0,0.3655,71.0,,,0.3626,85.0
2010-10-28,0.1601,21.0,0.2835,74.0,0.2805,61.0,,,0.2645,54.0,0.3746,83.0,0.3215,83.0,0.3609,70.0,,,0.3612,84.0
2010-10-27,0.2119,42.0,0.2891,76.0,0.2839,63.0,,,0.2843,65.0,0.3794,83.0,0.3243,83.0,0.3535,68.0,,,0.3598,84.0
2010-10-26,0.2122,42.0,0.282,74.0,0.2827,62.0,,,0.2812,63.0,0.3821,83.0,0.3249,83.0,0.3588,70.0,,,0.3634,85.0
2010-10-25,0.2097,41.0,0.1942,34.0,0.3092,74.0,,,0.3031,73.0,0.384,83.0,0.3226,83.0,0.3764,74.0,,,0.3687,85.0
2010-10-22,0.2177,45.0,0.1976,36.0,0.289,65.0,,,0.2843,65.0,0.3859,84.0,0.3235,83.0,0.3722,73.0,,,0.3682,85.0
2010-10-21,0.2326,51.0,0.2053,40.0,0.2881,65.0,,,0.2946,69.0,0.3859,84.0,0.3238,83.0,0.372,73.0,,,0.3667,85.0
2010-10-20,0.2406,54.0,0.1996,37.0,0.2937,67.0,,,0.2867,66.0,0.3889,84.0,0.3256,83.0,0.376,74.0,,,0.3715,85.0
2010-10-19,0.1697,25.0,0.1754,23.0,0.3103,74.0,,,0.3036,73.0,0.3872,84.0,0.3249,83.0,0.3721,73.0,,,0.369,85.0
2010-10-18,0.1725,26.0,0.1928,33.0,0.2959,68.0,,,0.2952,70.0,0.3892,84.0,0.3258,83.0,0.3741,73.0,,,0.3772,86.0
2010-10-15,0.1706,25.0,0.1968,35.0,0.3116,74.0,,,0.3106,75.0,0.3897,84.0,0.327,84.0,0.3687,72.0,,,0.3736,86.0
2010-10-14,0.188,32.0,0.2008,37.0,0.3189,76.0,,,0.3157,76.0,0.3899,84.0,0.3272,84.0,0.3862,76.0,,,0.3696,85.0
2010-10-13,0.2955,69.0,0.2413,59.0,0.3105,74.0,,,0.3002,72.0,0.392,84.0,0.3298,84.0,0.3796,75.0,,,0.3746,86.0
2010-10-12,0.3227,75.0,0.2496,62.0,0.282,62.0,,,0.2882,67.0,0.3921,84.0,0.3301,84.0,0.3738,73.0,,,0.3677,85.0
2010-10-11,0.3119,73.0,0.2481,62.0,0.3115,74.0,,,0.2891,67.0,0.3928,84.0,0.3304,84.0,0.3764,74.0,,,0.3704,85.0
2010-10-08,0.3101,72.0,0.2563,65.0,0.3007,70.0,,,0.2817,64.0,0.3929,84.0,0.3304,84.0,0.3685,72.0,,,0.3627,85.0
2010-10-07,0.2976,69.0,0.239,57.0,0.2699,56.0,,,0.2767,61.0,0.3923,84.0,0.3299,84.0,0.3726,73.0,,,0.37,85.0
2010-10-06,0.2987,70.0,0.2587,66.0,0.2727,57.0,,,0.286,66.0,0.3925,84.0,0.3298,84.0,0.3736,73.0,,,0.371,85.0
2010-10-05,0.3147,73.0,0.2567,65.0,0.2828,62.0,,,0.2839,65.0,0.3922,84.0,0.3295,84.0,0.372,73.0,,,0.3662,85.0
2010-10-04,0.2489,57.0,0.2164,46.0,0.3036,72.0,,,0.3023,72.0,0.3885,84.0,0.3281,84.0,0.3835,75.0,,,0.3798,87.0
2010-10-01,0.2306,51.0,0.2096,42.0,0.2882,65.0,,,0.289,67.0,0.3879,84.0,0.3278,84.0,0.376,74.0,,,0.371,85.0
2010-09-30,0.2349,52.0,0.2039,39.0,0.2893,66.0,,,0.2926,69.0,0.388,84.0,0.3275,84.0,0.3703,73.0,,,0.3662,85.0
2010-09-29,0.2311,51.0,0.1922,32.0,0.2834,63.0,,,0.2947,69.0,0.3877,84.0,0.3271,84.0,0.3708,73.0,,,0.3666,85.0
2010-09-28,0.2949,69.0,0.2159,45.0,0.2875,65.0,,,0.285,65.0,0.3888,84.0,0.3275,84.0,0.3686,72.0,,,0.3593,84.0
2010-09-27,0.2923,68.0,0.1941,34.0,0.2905,66.0,,,0.2967,70.0,0.3887,84.0,0.3269,84.0,0.3669,72.0,,,0.3591,84.0
2010-09-24,0.2594,60.0,0.1875,28.0,0.2793,61.0,,,0.2787,62.0,0.3884,84.0,0.3268,84.0,0.3636,71.0,,,0.3593,84.0
2010-09-23,0.2141,43.0,0.1874,28.0,0.2962,69.0,,,0.3014,72.0,0.3863,84.0,0.3266,84.0,0.3692,72.0,,,0.3643,85.0
2010-09-22,0.202,37.0,0.1823,27.0,0.2801,61.0,,,0.286,66.0,0.3862,84.0,0.3263,83.0,0.3676,72.0,,,0.3616,84.0
2010-09-21,0.1997,36.0,0.1835,27.0,0.282,62.0,,,0.288,67.0,0.3862,84.0,0.3263,83.0,0.3683,72.0,,,0.3632,85.0
2010-09-20,0.1933,34.0,0.2099,42.0,0.2801,61.0,,,0.2899,67.0,0.3863,84.0,0.3274,84.0,0.3703,73.0,,,0.3648,85.0
2010-09-17,0.1254,11.0,0.2037,39.0,0.3046,72.0,,,0.3064,74.0,0.3837,83.0,0.3265,84.0,0.3764,74.0,,,0.3696,85.0
2010-09-16,0.1368,14.0,0.2037,39.0,0.2499,44.0,,,0.268,56.0,0.3837,83.0,0.3264,84.0,0.3775,74.0,,,0.3683,85.0
2010-09-15,0.2134,43.0,0.2202,48.0,0.281,61.0,,,0.2868,66.0,0.385,84.0,0.3278,84.0,0.3764,74.0,,,0.3737,86.0
2010-09-14,0.2429,55.0,0.2175,46.0,0.2927,67.0,,,0.2954,70.0,0.385,84.0,0.3278,84.0,0.3739,73.0,,,0.3725,85.0
2010-09-13,0.2659,62.0,0.2253,51.0,0.3085,73.0,,,0.3119,75.0,0.3853,84.0,0.3276,84.0,0.3805,75.0,,,0.3769,86.0
2010-09-10,0.409,86.0,0.2699,70.0,0.2978,69.0,,,0.2833,64.0,0.3856,84.0,0.3282,84.0,0.3837,75.0,,,0.3798,87.0
2010-09-09,0.415,87.0,0.2673,69.0,0.3058,72.0,,,0.2938,69.0,0.3853,84.0,0.3273,84.0,0.3938,77.0,,,0.3831,87.0
2010-09-08,0.4663,90.0,0.2653,69.0,0.2983,69.0,,,0.3045,73.0,0.3851,84.0,0.3267,84.0,0.3921,77.0,,,0.3862,87.0
2010-09-07,0.4854,91.0,0.3183,81.0,0.3162,75.0,,,0.3127,76.0,0.3884,84.0,0.3291,84.0,0.3939,77.0,,,0.3881,88.0
2010-09-03,0.4414,89.0,0.3203,82.0,0.2677,55.0,,,0.269,57.0,0.3868,84.0,0.3287,84.0,0.3833,75.0,,,0.3789,86.0
2010-09-02,0.4408,89.0,0.3427,84.0,0.2816,62.0,,,0.2926,69.0,0.3859,84.0,0.3289,84.0,0.3911,77.0,,,0.3862,87.0
2010-09-01,0.4756,91.0,0.3424,84.0,0.3068,73.0,,,0.3014,72.0,0.3852,84.0,0.329,84.0,0.3976,78.0,,,0.3925,88.0
2010-08-31,0.3133,73.0,0.3248,82.0,0.3465,81.0,,,0.3426,81.0,0.3765,83.0,0.327,84.0,0.4082,80.0,,,0.4046,90.0
2010-08-30,0.311,72.0,0.3174,81.0,0.3451,81.0,,,0.3412,81.0,0.3776,83.0,0.3266,84.0,0.412,81.0,,,0.4018,89.0
2010-08-27,0.3153,73.0,0.3287,83.0,0.3213,77.0,,,0.3144,76.0,0.3754,83.0,0.3259,83.0,0.4025,79.0,,,0.3963,89.0
2010-08-26,0.1944,34.0,0.2834,74.0,0.3482,82.0,,,0.345,81.0,0.3753,83.0,0.3246,83.0,0.4094,80.0,,,0.4029,89.0
2010-08-25,0.329,76.0,0.3096,80.0,0.3485,82.0,,,0.341,81.0,0.3774,83.0,0.3257,83.0,0.4081,80.0,,,0.4018,89.0
2010-08-24,0.3302,76.0,0.3,78.0,0.3467,81.0,,,0.3523,82.0,0.3781,83.0,0.3248,83.0,0.4043,79.0,,,0.3987,89.0
2010-08-23,0.3093,72.0,0.3003,78.0,0.3331,79.0,,,0.3349,80.0,0.3771,83.0,0.3246,83.0,0.3994,78.0,,,0.3863,87.0
2010-08-20,0.3182,74.0,0.2799,73.0,0.3371,80.0,,,0.3391,81.0,0.3766,83.0,0.3245,83.0,0.3904,76.0,,,0.3993,89.0
2010-08-19,0.4085,86.0,0.2956,77.0,0.2978,69.0,,,0.2843,65.0,0.3777,83.0,0.3244,83.0,0.4051,80.0,,,0.3917,88.0
2010-08-18,0.3869,84.0,0.2742,71.0,0.3297,79.0,,,0.3241,78.0,0.3757,83.0,0.3238,83.0,0.3915,77.0,,,0.3899,88.0
2010-08-17,0.3971,85.0,0.2648,68.0,0.3119,74.0,,,0.3093,75.0,0.3765,83.0,0.3242,83.0,0.3679,72.0,,,0.4048,90.0
2010-08-16,0.2974,69.0,0.2347,55.0,0.4007,88.0,,,0.2908,68.0,0.3736,83.0,0.3223,83.0,0.4016,79.0,,,0.3983,89.0
2010-08-13,0.2722,63.0,0.2119,43.0,0.3559,82.0,,,0.3177,77.0,0.3736,83.0,0.3214,83.0,0.4069,80.0,,,0.3878,88.0
2010-08-12,0.29,68.0,0.2009,37.0,0.3861,86.0,,,0.3507,82.0,0.3734,83.0,0.3215,83.0,0.4106,81.0,,,0.3973,89.0
2010-08-11,0.2999,70.0,0.2225,49.0,0.4006,88.0,,,0.3197,77.0,0.3731,83.0,0.3218,83.0,0.4049,80.0,,,0.3918,88.0
2010-08-10,0.2289,50.0,0.1981,36.0,0.3296,79.0,,,0.3088,74.0,0.367,82.0,0.3213,83.0,0.3785,75.0,,,0.3769,86.0
2010-08-09,0.2124,42.0,0.2102,43.0,0.3169,76.0,,,0.2956,70.0,0.3674,82.0,0.3221,83.0,0.3854,76.0,,,0.3777,86.0
2010-08-06,0.2063,39.0,0.2335,55.0,0.3167,76.0,,,0.2974,71.0,0.3673,82.0,0.3223,83.0,0.3854,76.0,,,0.3876,87.0
2010-08-05,0.2064,39.0,0.2358,56.0,0.317,76.0,,,0.3084,74.0,0.3692,82.0,0.3227,83.0,0.3871,76.0,,,0.3809,87.0
2010-08-04,0.2713,63.0,0.312,80.0,0.318,76.0,,,0.3032,73.0,0.3692,82.0,0.3234,83.0,0.3855,76.0,,,0.3712,85.0
2010-08-03,0.2986,70.0,0.3289,83.0,0.3262,78.0,,,0.3189,77.0,0.3698,82.0,0.3248,83.0,0.3869,76.0,,,0.3705,85.0
2010-08-02,0.2561,59.0,0.333,83.0,0.3089,74.0,,,0.2938,69.0,0.372,83.0,0.325,83.0,0.3779,74.0,,,0.3744,86.0
2010-07-30,0.3231,75.0,0.3566,86.0,0.3184,76.0,,,0.3071,74.0,0.3715,83.0,0.3253,83.0,0.3858,76.0,,,0.3905,88.0
2010-07-29,0.3236,75.0,0.3531,86.0,0.3336,79.0,,,0.321,78.0,0.3715,83.0,0.3257,83.0,0.3851,76.0,,,0.3831,87.0
2010-07-28,0.3567,80.0,0.3918,90.0,0.3366,80.0,,,0.3276,79.0,0.3715,83.0,0.325,83.0,0.3805,75.0,,,0.3814,87.0
2010-07-27,0.3476,79.0,0.3872,90.0,0.3506,82.0,,,0.3087,74.0,0.3726,83.0,0.3253,83.0,0.3827,75.0,,,0.3858,87.0
2010-07-26,0.431,88.0,0.373,88.0,0.3439,81.0,,,0.3346,80.0,0.371,82.0,0.3235,83.0,0.384,75.0,,,0.3825,87.0
2010-07-23,0.4306,88.0,0.3636,87.0,0.3325,79.0,,,0.3284,79.0,0.3704,82.0,0.3231,83.0,0.385,76.0,,,0.3885,88.0
2010-07-22,0.4306,88.0,0.3463,85.0,0.3494,82.0,,,0.3471,82.0,0.3708,82.0,0.3223,83.0,0.3939,77.0,,,0.3918,88.0
2010-07-21,0.4753,91.0,0.3505,86.0,0.3612,83.0,,,0.353,82.0,0.3673,82.0,0.3211,82.0,0.4028,79.0,,,0.3981,89.0
2010-07-20,0.4847,91.0,0.3472,85.0,0.3501,82.0,,,0.343,81.0,0.3692,82.0,0.3216,83.0,0.3973,78.0,,,0.3955,89.0
2010-07-19,0.4536,89.0,0.2938,77.0,0.3771,85.0,,,0.369,84.0,0.3673,82.0,0.3196,82.0,0.4072,80.0,,,0.4027,89.0
2010-07-16,0.456,90.0,0.2882,75.0,0.3932,87.0,,,0.384,86.0,0.3682,82.0,0.3202,82.0,0.4158,83.0,,,0.4095,90.0
2010-07-15,0.3406,78.0,0.2948,77.0,0.2787,60.0,,,0.2755,61.0,0.3624,82.0,0.3183,82.0,0.4026,79.0,,,0.3991,89.0
2010-07-14,0.3495,79.0,0.3153,81.0,0.2987,70.0,,,0.2989,71.0,0.3642,82.0,0.3188,82.0,0.4034,79.0,,,0.404,90.0
2010-07-13,0.3785,83.0,0.3264,83.0,0.325,77.0,,,0.3291,79.0,0.3641,82.0,0.3188,82.0,0.401,79.0,,,0.3967,89.0
2010-07-12,0.2853,67.0,0.3156,81.0,0.3536,82.0,,,0.3717,85.0,0.3571,81.0,0.3171,82.0,0.4141,82.0,,,0.4087,90.0
2010-07-09,0.3102,72.0,0.3316,83.0,0.3007,70.0,,,0.3172,77.0,0.3569,81.0,0.3172,82.0,0.4152,82.0,,,0.4089,90.0
2010-07-08,0.4276,88.0,0.3469,85.0,0.3262,78.0,,,0.3311,79.0,0.3572,81.0,0.3176,82.0,0.4171,83.0,,,0.4108,90.0
2010-07-07,0.4138,87.0,0.3527,86.0,0.3641,84.0,,,0.3561,83.0,0.3568,81.0,0.3175,82.0,0.4237,85.0,,,0.4165,91.0
2010-07-06,0.2886,67.0,0.3078,80.0,0.4273,90.0,,,0.4326,91.0,0.3525,81.0,0.3148,82.0,0.444,88.0,,,0.4372,93.0
2010-07-02,0.2847,66.0,0.2968,77.0,0.4051,88.0,,,0.3958,88.0,0.3529,81.0,0.314,82.0,0.446,89.0,,,0.4334,92.0
2010-07-01,0.2956,69.0,0.2968,77.0,0.4301,90.0,,,0.4395,91.0,0.3536,81.0,0.3137,82.0,0.4423,88.0,,,0.4335,92.0
2010-06-30,0.317,74.0,0.3168,81.0,0.4418,91.0,,,0.4505,92.0,0.3537,81.0,0.3126,82.0,0.4303,86.0,,,0.4199,91.0
2010-06-29,0.3774,83.0,0.3176,81.0,0.4443,91.0,,,0.4378,91.0,0.3532,81.0,0.3114,82.0,0.4101,81.0,,,0.4074,90.0
2010-06-28,0.2801,65.0,0.2982,78.0,0.3739,85.0,,,0.3845,86.0,0.3465,80.0,0.31,81.0,0.397,78.0,,,0.3862,87.0
2010-06-25,0.2702,63.0,0.2974,77.0,0.362,83.0,,,0.3605,83.0,0.3457,80.0,0.3093,81.0,0.3915,77.0,,,0.3844,87.0
2010-06-24,0.2553,59.0,0.2878,75.0,0.3771,85.0,,,0.3757,85.0,0.3454,80.0,0.3088,81.0,0.3888,76.0,,,0.3804,87.0
2010-06-23,0.3749,83.0,0.3037,79.0,0.3575,83.0,,,0.3631,84.0,0.345,80.0,0.3077,81.0,0.3754,74.0,,,0.376,86.0
2010-06-22,0.3769,83.0,0.3073,80.0,0.3696,84.0,,,0.3651,84.0,0.345,80.0,0.307,81.0,0.3768,74.0,,,0.372,85.0
2010-06-21,0.2816,66.0,0.2943,77.0,0.334,79.0,,,0.3374,80.0,0.3415,80.0,0.3046,81.0,0.3652,71.0,,,0.3661,85.0
2010-06-18,0.4685,90.0,0.3216,82.0,0.3332,79.0,,,0.3305,79.0,0.3409,80.0,0.3033,81.0,0.369,72.0,,,0.3643,85.0
2010-06-17,0.4745,91.0,0.3433,85.0,0.3278,78.0,,,0.3818,86.0,0.3416,80.0,0.3031,80.0,0.3681,72.0,,,0.3694,85.0
2010-06-16,0.4678,90.0,0.3442,85.0,0.3544,82.0,,,0.3625,84.0,0.3416,80.0,0.3032,81.0,0.3737,73.0,,,0.3738,86.0
2010-06-15,0.5127,92.0,0.3668,88.0,0.3609,83.0,,,0.3987,88.0,0.3416,80.0,0.3038,81.0,0.3628,71.0,,,0.3794,87.0
2010-06-14,0.6459,97.0,0.3751,88.0,0.4118,89.0,,,0.4214,90.0,0.3382,80.0,0.3023,80.0,0.386,76.0,,,0.3761,86.0
2010-06-11,0.6679,97.0,0.3746,88.0,0.3747,85.0,,,0.3742,85.0,0.3384,80.0,0.3016,80.0,0.3948,77.0,,,0.3874,87.0
2010-06-10,0.6871,98.0,0.3727,88.0,0.3971,87.0,,,0.3958,88.0,0.3386,80.0,0.3001,80.0,0.3809,75.0,,,0.3981,89.0
2010-06-09,0.5339,93.0,0.3572,86.0,0.4698,93.0,,,0.459,92.0,0.3239,79.0,0.2972,79.0,0.4059,80.0,,,0.3884,88.0
2010-06-08,0.5357,93.0,0.3473,85.0,0.4692,93.0,,,0.4804,94.0,0.3246,79.0,0.2967,79.0,0.4006,79.0,,,0.4043,90.0
2010-06-07,0.6083,96.0,0.3451,85.0,0.4958,94.0,,,0.5035,95.0,0.3242,79.0,0.2972,79.0,0.4105,81.0,,,0.3955,89.0
2010-06-04,0.5985,95.0,0.3683,88.0,0.4511,92.0,,,0.4549,92.0,0.3225,79.0,0.2964,79.0,0.4004,79.0,,,0.3944,89.0
2010-06-03,0.3874,84.0,0.357,86.0,0.3781,85.0,,,0.3871,87.0,0.3083,77.0,0.2957,79.0,0.3807,75.0,,,0.3869,87.0
2010-06-02,0.3965,85.0,0.3588,87.0,0.3921,87.0,,,0.4027,88.0,0.3076,77.0,0.2955,79.0,0.3756,74.0,,,0.3962,89.0
2010-06-01,0.3818,84.0,0.3696,88.0,0.4376,91.0,,,0.4454,92.0,0.3077,77.0,0.2947,79.0,0.414,82.0,,,0.3818,87.0
2010-05-28,0.5792,95.0,0.3782,89.0,0.3851,86.0,,,0.3873,87.0,0.3085,78.0,0.294,79.0,0.3859,76.0,,,0.3809,87.0
2010-05-27,0.5859,95.0,0.4007,91.0,0.3697,84.0,,,0.3733,85.0,0.3077,77.0,0.2934,79.0,0.3816,75.0,,,0.3885,88.0
2010-05-26,0.4862,91.0,0.4195,92.0,0.4279,90.0,,,0.4321,91.0,0.3044,77.0,0.2938,79.0,0.4174,83.0,,,0.3834,87.0
2010-05-25,0.44,89.0,0.4127,92.0,0.4652,93.0,,,0.4652,93.0,0.3034,77.0,0.2907,78.0,0.4042,79.0,,,0.4315,92.0
2010-05-24,0.4358,88.0,0.4122,92.0,0.4722,93.0,,,0.4788,94.0,0.304,77.0,0.2901,78.0,0.4153,82.0,,,0.4113,90.0
2010-05-21,0.445,89.0,0.4206,92.0,0.497,94.0,,,0.5228,96.0,0.3036,77.0,0.2897,78.0,0.4196,84.0,,,0.4318,92.0
2010-05-20,0.4222,87.0,0.3997,91.0,0.6941,98.0,,,0.5683,97.0,0.3021,76.0,0.2884,78.0,0.4359,87.0,,,0.4297,92.0
2010-05-19,0.2174,45.0,0.3785,89.0,0.4616,92.0,,,0.4713,93.0,0.2857,72.0,0.2863,78.0,0.4025,79.0,,,0.3998,89.0
2010-05-18,0.5236,93.0,0.3502,86.0,0.4408,91.0,,,0.4275,91.0,0.284,71.0,0.2839,77.0,0.3896,76.0,,,0.3898,88.0
2010-05-17,0.5568,94.0,0.3763,88.0,0.4163,89.0,,,0.4381,91.0,0.2833,71.0,0.282,77.0,0.363,71.0,,,0.4192,91.0
2010-05-14,0.6462,97.0,0.5818,98.0,0.439,91.0,,,0.3865,87.0,0.2839,71.0,0.2799,76.0,0.3977,78.0,,,0.3887,88.0
2010-05-13,0.6429,97.0,0.5771,98.0,0.4129,89.0,,,0.3632,84.0,0.2821,70.0,0.2784,76.0,0.3836,75.0,,,0.3647,85.0
2010-05-12,0.6839,98.0,0.5901,98.0,0.3697,84.0,,,0.3582,83.0,0.2833,71.0,0.2775,76.0,0.3684,72.0,,,0.3676,85.0
2010-05-11,0.7137,98.0,0.5918,98.0,0.4181,89.0,,,0.3872,87.0,0.2827,70.0,0.2776,76.0,0.3755,74.0,,,0.3769,86.0
2010-05-10,0.7237,98.0,0.5978,98.0,0.4131,89.0,,,0.4183,90.0,0.2825,70.0,0.2773,76.0,0.3785,75.0,,,0.3769,86.0
2010-05-07,0.5271,93.0,0.6014,98.0,0.5038,95.0,,,0.469,93.0,0.2637,55.0,0.2769,76.0,0.4387,88.0,,,0.4239,91.0
2010-05-06,0.5228,93.0,0.5707,97.0,0.4894,94.0,,,0.4435,92.0,0.2603,52.0,0.2734,75.0,0.4266,86.0,,,0.4119,90.0
2010-05-05,0.4704,90.0,0.3597,87.0,0.3903,86.0,,,0.3662,84.0,0.2544,46.0,0.2514,62.0,0.3572,69.0,,,0.3505,83.0
2010-05-04,0.4649,90.0,0.3454,85.0,0.3762,85.0,,,0.3493,82.0,0.2527,45.0,0.2515,62.0,0.3416,64.0,,,0.3348,81.0
2010-05-03,0.4413,89.0,0.3177,81.0,0.2983,69.0,,,0.2927,69.0,0.2453,41.0,0.2486,60.0,0.3163,57.0,,,0.3141,75.0
2010-04-30,0.4057,86.0,0.3209,82.0,0.309,74.0,,,0.2885,67.0,0.2413,38.0,0.2491,60.0,0.3174,57.0,,,0.3098,73.0
2010-04-29,0.3526,80.0,0.3013,78.0,0.2753,59.0,,,0.2698,57.0,0.2404,38.0,0.2509,61.0,0.3054,55.0,,,0.2997,68.0
2010-04-28,0.3783,83.0,0.3346,84.0,0.2887,65.0,,,0.28,63.0,0.2418,39.0,0.2514,62.0,0.3072,55.0,,,0.3031,70.0
2010-04-27,0.3917,85.0,0.339,84.0,0.3065,73.0,,,0.2619,53.0,0.2433,40.0,0.2524,62.0,0.3122,56.0,,,0.3032,70.0
2010-04-26,0.3418,78.0,0.31,80.0,0.2549,47.0,,,0.2441,41.0,0.2464,42.0,0.2544,64.0,0.2953,52.0,,,0.286,59.0
2010-04-23,0.3407,78.0,0.3074,80.0,0.2459,42.0,,,0.2357,35.0,0.2464,42.0,0.256,65.0,0.284,48.0,,,0.2845,57.0
2010-04-22,0.2852,67.0,0.2914,76.0,0.2485,44.0,,,0.2377,37.0,0.242,39.0,0.2547,64.0,0.292,51.0,,,0.2757,51.0
2010-04-21,0.276,64.0,0.2688,70.0,0.2463,42.0,,,0.2384,37.0,0.2415,39.0,0.2537,63.0,0.2858,48.0,,,0.2789,54.0
2010-04-20,0.2694,63.0,0.2592,66.0,0.234,34.0,,,0.2396,38.0,0.2417,39.0,0.2583,66.0,0.2802,46.0,,,0.2799,55.0
2010-04-19,0.2028,38.0,0.1962,35.0,0.2849,64.0,,,0.2829,64.0,0.2382,37.0,0.2574,65.0,0.2871,49.0,,,0.2799,55.0
2010-04-16,0.1913,33.0,0.1886,30.0,0.2792,60.0,,,0.2661,55.0,0.2389,37.0,0.2576,65.0,0.2841,48.0,,,0.2796,54.0
2010-04-15,0.1387,15.0,0.1678,19.0,0.1943,10.0,,,0.2611,52.0,0.2382,37.0,0.2576,65.0,0.283,47.0,,,0.2726,48.0
2010-04-14,0.147,17.0,0.1648,18.0,0.2715,57.0,,,0.2175,24.0,0.2396,37.0,0.2583,66.0,0.2802,46.0,,,0.2788,54.0
2010-04-13,0.1692,25.0,0.172,21.0,0.2285,31.0,,,0.2379,37.0,0.2396,37.0,0.2579,66.0,0.2807,46.0,,,0.2786,53.0
2010-04-12,0.1715,26.0,0.1803,25.0,0.2201,26.0,,,0.2435,41.0,0.2395,37.0,0.2581,66.0,0.2826,47.0,,,0.2781,53.0
2010-04-09,0.1989,36.0,0.185,28.0,0.2062,17.0,,,0.2129,21.0,0.2397,37.0,0.2592,67.0,0.2852,48.0,,,0.2811,55.0
2010-04-08,0.1719,26.0,0.1734,22.0,0.2363,36.0,,,0.2179,24.0,0.2384,37.0,0.2588,67.0,0.3054,55.0,,,0.2955,65.0
2010-04-07,0.1725,26.0,0.1636,17.0,0.2229,28.0,,,0.2385,37.0,0.2412,38.0,0.2598,67.0,0.3107,56.0,,,0.298,67.0
2010-04-06,0.1628,22.0,0.1655,18.0,0.2272,30.0,,,0.2333,34.0,0.2411,38.0,0.2602,68.0,0.3131,57.0,,,0.291,62.0
2010-04-05,0.1593,21.0,0.2019,38.0,0.2372,36.0,,,0.2435,41.0,0.2425,39.0,0.2623,69.0,0.3092,56.0,,,0.2991,67.0
2010-04-01,0.1239,10.0,0.1865,28.0,0.2134,22.0,,,0.2357,35.0,0.241,38.0,0.2621,69.0,0.3112,56.0,,,0.2967,66.0
2010-03-31,0.1055,6.0,0.1784,24.0,0.2296,32.0,,,0.2282,31.0,0.2407,38.0,0.2628,70.0,0.3249,60.0,,,0.3059,71.0
2010-03-30,0.1407,15.0,0.2147,45.0,0.2274,30.0,,,0.2431,40.0,0.2534,45.0,0.2663,71.0,0.3211,57.0,,,0.304,70.0
2010-03-29,0.1345,13.0,0.2197,47.0,0.2466,42.0,,,0.2477,43.0,0.2536,46.0,0.2683,72.0,0.3203,57.0,,,0.3,68.0
2010-03-26,0.1623,22.0,0.2205,48.0,0.2365,36.0,,,0.2368,36.0,0.2536,46.0,0.269,72.0,0.3252,60.0,,,0.3023,69.0
2010-03-25,0.1771,28.0,0.2362,56.0,0.2466,42.0,,,0.2425,40.0,0.2553,47.0,0.2701,73.0,0.3301,61.0,,,0.2986,67.0
2010-03-24,0.177,28.0,0.2056,40.0,0.2476,43.0,,,0.2401,38.0,0.2554,47.0,0.2694,73.0,0.3296,61.0,,,0.2976,67.0
2010-03-23,0.1671,24.0,0.2094,42.0,0.227,30.0,,,0.2376,37.0,0.2559,48.0,0.2707,73.0,0.3217,59.0,,,0.3095,73.0
2010-03-22,0.2432,55.0,0.2698,70.0,0.2389,37.0,,,0.2416,39.0,0.2568,48.0,0.2717,74.0,0.3192,57.0,,,0.3012,69.0
2010-03-19,0.2361,52.0,0.2431,60.0,0.2345,35.0,,,0.2536,47.0,0.2556,48.0,0.2708,74.0,0.3178,57.0,,,0.2996,68.0
2010-03-18,0.2371,53.0,0.245,60.0,0.2445,41.0,,,0.2008,14.0,0.2573,49.0,0.2711,74.0,0.3277,60.0,,,0.2972,66.0
2010-03-17,0.2047,39.0,0.2584,66.0,0.2386,37.0,,,0.244,41.0,0.257,49.0,0.2715,74.0,0.3107,56.0,,,0.3001,68.0
2010-03-16,0.2274,49.0,0.2423,59.0,0.2367,36.0,,,0.2508,45.0,0.2562,48.0,0.2709,74.0,0.3206,57.0,,,0.2994,68.0
2010-03-15,0.2367,53.0,0.2515,63.0,0.2474,43.0,,,0.2779,62.0,0.2561,48.0,0.272,74.0,0.3154,57.0,,,0.3077,72.0
2010-03-12,0.2318,51.0,0.2467,61.0,0.2412,39.0,,,0.2322,33.0,0.2562,48.0,0.272,74.0,0.3171,57.0,,,0.3049,71.0
2010-03-11,0.1965,35.0,0.2224,49.0,0.2363,36.0,,,0.2435,41.0,0.2522,45.0,0.2704,73.0,0.3185,57.0,,,0.308,72.0
2010-03-10,0.2168,44.0,0.262,67.0,0.2338,34.0,,,0.2486,44.0,0.2524,45.0,0.2707,73.0,0.3151,57.0,,,0.3093,73.0
2010-03-09,0.2054,39.0,0.2657,69.0,0.2473,43.0,,,0.2351,35.0,0.2524,45.0,0.2713,74.0,0.3223,59.0,,,0.309,73.0
2010-03-08,0.2591,60.0,0.2578,66.0,0.2495,44.0,,,0.2471,43.0,0.2552,47.0,0.2735,75.0,0.3253,60.0,,,0.3114,74.0
2010-03-05,0.2441,55.0,0.2759,72.0,0.224,28.0,,,0.2284,31.0,0.2558,48.0,0.2741,75.0,0.3211,57.0,,,0.3119,74.0
2010-03-04,0.2476,56.0,0.2751,72.0,0.2343,35.0,,,0.2484,44.0,0.257,49.0,0.2758,75.0,0.3236,59.0,,,0.315,75.0
2010-03-03,0.2934,69.0,0.2894,76.0,0.254,47.0,,,0.2475,43.0,0.2574,49.0,0.2761,75.0,0.3289,60.0,,,0.3142,75.0
2010-03-02,0.3007,70.0,0.2758,72.0,0.2476,43.0,,,0.2433,40.0,0.254,46.0,0.2751,75.0,0.3298,61.0,,,0.3104,73.0
2010-03-01,0.2436,55.0,0.236,56.0,0.2309,33.0,,,0.2564,49.0,0.2542,46.0,0.279,76.0,0.3268,60.0,,,0.3162,76.0
2010-02-26,0.206,39.0,0.2257,51.0,0.2459,42.0,,,0.24,38.0,0.2537,46.0,0.2788,76.0,0.3335,62.0,,,0.3144,75.0
2010-02-25,0.1999,36.0,0.2331,55.0,0.2474,43.0,,,0.2418,39.0,0.2533,45.0,0.2797,76.0,0.3315,61.0,,,0.3175,76.0
2010-02-24,0.2303,51.0,0.2185,47.0,0.2496,44.0,,,0.2379,37.0,0.2533,45.0,0.2798,76.0,0.3357,63.0,,,0.3178,76.0
2010-02-23,0.1735,27.0,0.2288,53.0,0.2608,51.0,,,0.2685,57.0,0.2522,45.0,0.2802,77.0,0.3433,65.0,,,0.3223,78.0
2010-02-22,0.2148,44.0,0.237,57.0,0.2518,46.0,,,0.2542,48.0,0.2527,45.0,0.2801,77.0,0.3398,64.0,,,0.3225,78.0
2010-02-19,0.1753,27.0,0.2193,47.0,0.2656,54.0,,,0.2672,56.0,0.2518,44.0,0.28,77.0,0.3429,65.0,,,0.3214,77.0
2010-02-18,0.2231,47.0,0.2445,60.0,0.27,56.0,,,0.2762,61.0,0.2601,52.0,0.2835,77.0,0.3479,66.0,,,0.3211,77.0
2010-02-17,0.2275,49.0,0.2596,66.0,0.2681,55.0,,,0.3125,75.0,0.2602,52.0,0.2839,77.0,0.3203,57.0,,,0.3546,84.0
2010-02-16,0.2554,59.0,0.2797,73.0,0.3186,76.0,,,0.2909,68.0,0.2602,52.0,0.2853,78.0,0.3509,67.0,,,0.3282,79.0
2010-02-12,0.3473,79.0,0.2938,77.0,0.2752,59.0,,,0.2531,47.0,0.2672,59.0,0.2869,78.0,0.3592,70.0,,,0.3324,80.0
2010-02-11,0.3486,79.0,0.2915,76.0,0.2904,66.0,,,0.2575,50.0,0.2756,66.0,0.287,78.0,0.3392,64.0,,,0.3403,82.0
2010-02-10,0.3049,71.0,0.2912,76.0,0.3069,73.0,,,0.3035,73.0,0.2792,68.0,0.2897,78.0,0.3566,69.0,,,0.3282,79.0
2010-02-09,0.3076,72.0,0.2916,76.0,0.3163,75.0,,,0.2946,69.0,0.2804,69.0,0.2908,78.0,0.3618,70.0,,,0.3317,80.0
2010-02-08,0.282,66.0,0.2932,77.0,0.3471,81.0,,,0.3238,78.0,0.2809,69.0,0.2926,79.0,0.371,73.0,,,0.3307,80.0
2010-02-05,0.2942,69.0,0.3137,81.0,0.3342,79.0,,,0.2882,67.0,0.2831,70.0,0.2923,79.0,0.3771,74.0,,,0.3443,82.0
2010-02-04,0.3014,70.0,0.2977,78.0,0.3453,81.0,,,0.3012,72.0,0.2828,70.0,0.2912,78.0,0.38,75.0,,,0.3356,81.0
2010-02-03,0.2143,43.0,0.2829,74.0,0.2899,66.0,,,0.2819,64.0,0.2819,70.0,0.2911,78.0,0.351,67.0,,,0.3223,78.0
2010-02-02,0.2105,41.0,0.2797,73.0,0.2946,68.0,,,0.2709,57.0,0.2818,70.0,0.2909,78.0,0.359,70.0,,,0.3343,81.0
2010-02-01,0.2583,60.0,0.2789,73.0,0.2925,67.0,,,0.3062,74.0,0.2822,70.0,0.2917,78.0,0.3644,71.0,,,0.3603,84.0
2010-01-29,0.2642,61.0,0.3033,79.0,0.313,74.0,,,0.2968,70.0,0.2822,70.0,0.2919,78.0,0.368,72.0,,,0.3491,83.0
2010-01-28,0.1751,27.0,0.3029,79.0,0.3835,86.0,,,0.3591,83.0,0.2813,69.0,0.291,78.0,0.3697,72.0,,,0.3289,80.0
2010-01-27,0.2142,43.0,0.2833,74.0,0.3601,83.0,,,0.3446,81.0,0.2804,69.0,0.2895,78.0,0.3558,69.0,,,0.3582,84.0
2010-01-26,0.2067,40.0,0.2895,76.0,0.3677,84.0,,,0.3286,79.0,0.2868,73.0,0.2916,78.0,0.3865,76.0,,,0.3269,79.0
2010-01-25,0.2167,44.0,0.2837,74.0,0.3532,82.0,,,0.341,81.0,0.2862,72.0,0.2935,79.0,0.3918,77.0,,,0.3484,83.0
2010-01-22,0.2298,50.0,0.2803,73.0,0.3593,83.0,,,0.3525,82.0,0.3065,77.0,0.3025,80.0,0.3669,72.0,,,0.3269,79.0
2010-01-21,0.2063,39.0,0.2663,69.0,0.3236,77.0,,,0.3186,77.0,0.3056,77.0,0.3032,81.0,0.357,69.0,,,0.3186,77.0
2010-01-20,0.2354,52.0,0.2521,63.0,0.3122,74.0,,,0.3019,72.0,0.3055,77.0,0.3027,80.0,0.3419,64.0,,,0.3265,79.0
2010-01-19,0.2055,39.0,0.2295,53.0,0.298,69.0,,,0.2992,71.0,0.3072,77.0,0.3041,81.0,0.3424,65.0,,,0.3263,79.0
2010-01-15,0.211,42.0,0.2182,47.0,0.3079,73.0,,,0.1464,1.0,0.3085,78.0,0.3067,81.0,0.3741,73.0,,,0.3279,79.0
2010-01-14,0.1253,11.0,0.2124,44.0,0.3008,71.0,,,0.3057,73.0,0.3067,77.0,0.3078,81.0,0.3451,65.0,,,0.3474,83.0
2010-01-13,0.1289,12.0,0.222,49.0,0.2881,65.0,,,0.2592,51.0,0.3093,78.0,0.3091,81.0,0.3506,67.0,,,0.3534,83.0
2010-01-12,0.1246,10.0,0.2205,48.0,0.2904,66.0,,,0.2946,69.0,0.31,78.0,0.3105,81.0,0.3498,67.0,,,0.3585,84.0
2010-01-11,0.169,25.0,0.214,44.0,0.2943,68.0,,,0.2908,68.0,0.3101,78.0,0.3103,81.0,0.3499,67.0,,,0.36,84.0
2010-01-08,0.1618,22.0,0.1901,31.0,0.2567,48.0,,,0.2617,52.0,0.314,78.0,0.3111,82.0,0.3639,71.0,,,0.368,85.0
2010-01-07,0.164,23.0,0.1821,26.0,0.2608,51.0,,,0.2815,63.0,0.3143,78.0,0.3113,82.0,0.3602,70.0,,,0.3692,85.0
2010-01-06,0.1644,23.0,0.169,20.0,0.2903,66.0,,,0.2824,64.0,0.3146,78.0,0.313,82.0,0.3744,74.0,,,0.3653,85.0
2010-01-05,0.1514,19.0,0.1386,8.0,0.2904,66.0,,,0.2966,70.0,0.3143,78.0,0.3127,82.0,0.367,72.0,,,0.3772,86.0
2010-01-04,0.1049,6.0,0.1201,3.0,0.2943,68.0,,,0.3032,73.0,0.314,78.0,0.314,82.0,0.3893,76.0,,,0.3783,86.0
2009-12-31,0.0972,4.0,0.1149,2.0,0.2788,60.0,,,0.2868,66.0,0.3153,78.0,0.3158,82.0,0.3939,77.0,,,0.3754,86.0
2009-12-30,0.0779,2.0,0.1108,1.0,0.2659,54.0,,,0.2875,66.0,0.3194,78.0,0.3181,82.0,0.3835,75.0,,,0.3767,86.0
2009-12-29,0.1151,8.0,0.1206,3.0,0.2872,65.0,,,0.2793,62.0,0.3199,78.0,0.319,82.0,0.3923,77.0,,,0.3749,86.0
2009-12-28,0.1103,7.0,0.1475,11.0,0.2931,67.0,,,0.279,62.0,0.3305,79.0,0.3212,83.0,0.3917,77.0,,,0.3847,87.0
2009-12-24,0.1351,14.0,0.1695,20.0,0.269,55.0,,,0.2749,60.0,0.3311,79.0,0.322,83.0,0.3899,76.0,,,0.3826,87.0
2009-12-23,0.2152,44.0,0.1842,27.0,0.2743,57.0,,,0.2731,59.0,0.3315,79.0,0.3245,83.0,0.4064,80.0,,,0.386,87.0
2009-12-22,0.2216,47.0,0.1887,30.0,0.2761,59.0,,,0.2768,61.0,0.3359,79.0,0.3264,84.0,0.4059,80.0,,,0.3866,87.0
2009-12-21,0.2237,48.0,0.1954,34.0,0.2874,65.0,,,0.2931,69.0,0.3374,80.0,0.3276,84.0,0.3889,76.0,,,0.4016,89.0
2009-12-18,0.2112,42.0,0.1966,35.0,0.3027,71.0,,,0.3142,76.0,0.3406,80.0,0.3307,85.0,0.3953,77.0,,,0.4054,90.0
2009-12-17,0.2082,40.0,0.2228,49.0,0.288,65.0,,,0.2795,63.0,0.3404,80.0,0.3327,85.0,0.3924,77.0,,,0.4063,90.0
2009-12-16,0.2049,39.0,0.2352,56.0,0.2918,67.0,,,0.3076,74.0,0.3409,80.0,0.3331,85.0,0.3857,76.0,,,0.4326,92.0
2009-12-15,0.2081,40.0,0.2373,57.0,0.3053,72.0,,,0.3039,73.0,0.3455,80.0,0.3331,85.0,0.4078,80.0,,,0.4021,89.0
2009-12-14,0.1522,19.0,0.2651,68.0,0.3157,75.0,,,0.3018,72.0,0.3442,80.0,0.3339,85.0,0.3965,78.0,,,0.4079,90.0
2009-12-11,0.1837,31.0,0.2751,72.0,0.2913,66.0,,,0.2922,68.0,0.3441,80.0,0.3351,85.0,0.3828,75.0,,,0.4023,89.0
2009-12-10,0.2402,54.0,0.2869,75.0,0.3003,70.0,,,0.2969,70.0,0.344,80.0,0.3365,85.0,0.3989,78.0,,,0.4006,89.0
2009-12-09,0.3107,72.0,0.3077,80.0,0.3084,73.0,,,0.3088,74.0,0.3457,80.0,0.3387,85.0,0.3791,75.0,,,0.417,91.0
2009-12-08,0.283,66.0,0.2935,77.0,0.3277,78.0,,,0.3206,78.0,0.3533,81.0,0.3405,86.0,0.3866,76.0,,,0.4095,90.0
2009-12-07,0.309,72.0,0.2891,76.0,0.3228,77.0,,,0.3223,78.0,0.3542,81.0,0.3406,86.0,0.3998,78.0,,,0.3959,89.0
2009-12-04,0.3091,72.0,0.2755,72.0,0.31,74.0,,,0.3165,77.0,0.3539,81.0,0.3405,86.0,0.3976,78.0,,,0.4055,90.0
2009-12-03,0.2993,70.0,0.2627,67.0,0.3203,76.0,,,0.3266,79.0,0.3546,81.0,0.3423,86.0,0.4026,79.0,,,0.4002,89.0
2009-12-02,0.3156,73.0,0.2619,67.0,0.3151,75.0,,,0.3289,79.0,0.3536,81.0,0.3425,86.0,0.4113,81.0,,,0.3992,89.0
2009-12-01,0.2752,64.0,0.2681,70.0,0.309,74.0,,,0.3207,78.0,0.3512,80.0,0.3438,86.0,0.386,76.0,,,0.4078,90.0
2009-11-30,0.1905,33.0,0.2517,63.0,0.3279,78.0,,,0.3376,81.0,0.3497,80.0,0.3446,86.0,0.3851,76.0,,,0.4103,90.0
2009-11-27,0.1994,36.0,0.2512,63.0,0.3257,77.0,,,0.323,78.0,0.3519,81.0,0.347,86.0,0.3934,77.0,,,0.4139,91.0
2009-11-25,0.1518,19.0,0.2342,55.0,0.2893,66.0,,,0.2934,69.0,0.3517,80.0,0.3485,86.0,0.3794,75.0,,,0.3917,88.0
2009-11-24,0.2065,39.0,0.2477,61.0,0.295,68.0,,,0.2939,69.0,0.356,81.0,0.3528,87.0,0.3816,75.0,,,0.3989,89.0
2009-11-23,0.199,36.0,0.2286,53.0,0.3023,71.0,,,0.3192,77.0,0.3845,83.0,0.3602,88.0,0.401,79.0,,,0.3917,88.0
2009-11-20,0.2162,44.0,0.2343,55.0,0.3323,79.0,,,0.3347,80.0,0.3852,84.0,0.362,88.0,0.3947,77.0,,,0.4106,90.0
2009-11-19,0.2134,43.0,0.2255,51.0,0.2991,70.0,,,0.2962,70.0,0.385,84.0,0.3631,88.0,0.386,76.0,,,0.408,90.0
2009-11-18,0.1928,34.0,0.2313,54.0,0.3159,75.0,,,0.3078,74.0,0.3859,84.0,0.364,89.0,0.3913,77.0,,,0.4054,90.0
2009-11-17,0.2256,49.0,0.2306,54.0,0.3148,75.0,,,0.3463,82.0,0.3909,84.0,0.3675,89.0,0.3725,73.0,,,0.4186,91.0
2009-11-16,0.2291,50.0,0.24,57.0,0.3435,81.0,,,0.3155,76.0,0.3908,84.0,0.3682,89.0,0.39,76.0,,,0.4063,90.0
2009-11-13,0.3053,71.0,0.2653,69.0,0.307,73.0,,,0.307,74.0,0.3952,84.0,0.3696,89.0,0.3934,77.0,,,0.4031,89.0
2009-11-12,0.3099,72.0,0.2837,74.0,0.3481,81.0,,,0.3413,81.0,0.397,85.0,0.372,89.0,0.429,86.0,,,0.4072,90.0
2009-11-11,0.2768,64.0,0.2803,73.0,0.3498,82.0,,,0.3255,78.0,0.396,85.0,0.3726,89.0,0.4162,83.0,,,0.4011,89.0
2009-11-10,0.2658,62.0,0.2909,76.0,0.3547,82.0,,,0.3552,83.0,0.4009,85.0,0.3743,89.0,0.3929,77.0,,,0.4076,90.0
2009-11-09,0.3209,75.0,0.3321,83.0,0.3524,82.0,,,0.3712,85.0,0.4021,85.0,0.3755,89.0,0.3988,78.0,,,0.4207,91.0
2009-11-06,0.3582,81.0,0.3506,86.0,0.3622,83.0,,,0.366,84.0,0.4013,85.0,0.3765,89.0,0.4064,80.0,,,0.4127,91.0
2009-11-05,0.3785,83.0,0.3608,87.0,0.3564,83.0,,,0.3711,85.0,0.4082,85.0,0.3782,89.0,0.4014,79.0,,,0.4183,91.0
2009-11-04,0.3901,85.0,0.3944,90.0,0.3952,87.0,,,0.3938,88.0,0.4094,85.0,0.3833,90.0,0.4368,88.0,,,0.423,91.0
2009-11-03,0.3958,85.0,0.3998,91.0,0.3962,87.0,,,0.4156,90.0,0.4126,85.0,0.3838,90.0,0.4125,82.0,,,0.4182,91.0
2009-11-02,0.3805,83.0,0.3937,90.0,0.4151,89.0,,,0.4024,88.0,0.413,85.0,0.3855,90.0,0.4142,82.0,,,0.4151,91.0
2009-10-30,0.3791,83.0,0.3786,89.0,0.3941,87.0,,,0.4163,90.0,0.4245,87.0,0.3945,91.0,0.4104,81.0,,,0.4052,90.0
2009-10-29,0.3781,83.0,0.3976,91.0,0.3664,84.0,,,0.3581,83.0,0.4248,87.0,0.3944,91.0,0.4074,80.0,,,0.4154,91.0
2009-10-28,0.3052,71.0,0.4082,92.0,0.3686,84.0,,,0.3797,86.0,0.4234,87.0,0.3966,91.0,0.4071,80.0,,,0.4021,89.0
2009-10-27,0.3298,76.0,0.4017,91.0,0.3656,84.0,,,0.342,81.0,0.4234,87.0,0.3961,91.0,0.3864,76.0,,,0.4087,90.0
2009-10-26,0.1876,32.0,0.3539,86.0,0.4215,90.0,,,0.4247,90.0,0.4208,86.0,0.394,91.0,0.4095,80.0,,,0.4043,90.0
2009-10-23,0.2107,41.0,0.3406,84.0,0.3985,87.0,,,0.4097,89.0,0.4211,86.0,0.3953,91.0,0.4047,79.0,,,0.3965,89.0
2009-10-22,0.2062,39.0,0.3383,84.0,0.3892,86.0,,,0.3992,88.0,0.4305,87.0,0.4013,91.0,0.3981,78.0,,,0.3994,89.0
2009-10-21,0.2005,37.0,0.335,84.0,0.3998,87.0,,,0.3977,88.0,0.431,87.0,0.4061,91.0,0.4187,83.0,,,0.4065,90.0
2009-10-20,0.218,45.0,0.2745,71.0,0.405,88.0,,,0.4016,88.0,0.4321,87.0,0.4065,91.0,0.3873,76.0,,,0.4172,91.0
2009-10-19,0.222,47.0,0.2266,52.0,0.4137,89.0,,,0.4097,89.0,0.44,88.0,0.4105,92.0,0.3955,77.0,,,0.407,90.0
2009-10-16,0.2429,55.0,0.2359,56.0,0.4223,90.0,,,0.428,91.0,0.4399,88.0,0.4124,92.0,0.3915,77.0,,,0.4054,90.0
2009-10-15,0.2195,46.0,0.2287,53.0,0.315,75.0,,,0.3472,82.0,0.4447,89.0,0.4216,93.0,0.3891,76.0,,,0.4052,90.0
2009-10-14,0.2194,46.0,0.2523,64.0,0.3609,83.0,,,0.3859,87.0,0.4458,89.0,0.4251,93.0,0.4023,79.0,,,0.4123,91.0
2009-10-13,0.2128,43.0,0.2615,67.0,0.3544,82.0,,,0.3846,86.0,0.4645,92.0,0.4276,93.0,0.4098,81.0,,,0.4138,91.0
2009-10-12,0.211,42.0,0.2759,72.0,0.3906,87.0,,,0.4069,89.0,0.4666,92.0,0.4329,94.0,0.4193,84.0,,,0.415,91.0
2009-10-09,0.4222,87.0,0.3168,81.0,0.3583,83.0,,,0.3466,82.0,0.4716,92.0,0.4351,94.0,0.4107,81.0,,,0.4313,92.0
2009-10-08,0.4233,87.0,0.3437,85.0,0.3857,86.0,,,0.3842,86.0,0.4715,92.0,0.4359,94.0,0.4197,84.0,,,0.4327,92.0
2009-10-07,0.3724,83.0,0.336,84.0,0.3956,87.0,,,0.4076,89.0,0.4704,92.0,0.4359,94.0,0.4119,81.0,,,0.4326,92.0
2009-10-06,0.4102,86.0,0.3474,85.0,0.3945,87.0,,,0.4117,89.0,0.4709,92.0,0.4372,94.0,0.4198,84.0,,,0.4294,92.0
2009-10-05,0.379,83.0,0.3287,83.0,0.4151,89.0,,,0.4177,90.0,0.4945,94.0,0.442,95.0,0.4178,83.0,,,0.4426,93.0
2009-10-02,0.3709,82.0,0.3405,84.0,0.4005,88.0,,,0.4124,90.0,0.4964,94.0,0.4429,95.0,0.4079,80.0,,,0.438,93.0
2009-10-01,0.3695,82.0,0.3409,84.0,0.4166,89.0,,,0.4162,90.0,0.5015,94.0,0.4445,95.0,0.4301,86.0,,,0.4158,91.0
2009-09-30,0.2009,37.0,0.297,77.0,0.3811,85.0,,,0.3856,87.0,0.4983,94.0,0.4448,95.0,0.4103,81.0,,,0.4315,92.0
2009-09-29,0.2246,48.0,0.275,72.0,0.3759,85.0,,,0.383,86.0,0.5021,94.0,0.4467,95.0,0.4107,81.0,,,0.427,92.0
2009-09-28,0.2211,46.0,0.271,70.0,0.3709,84.0,,,0.3839,86.0,0.5213,95.0,0.4593,95.0,0.416,83.0,,,0.4355,92.0
2009-09-25,0.1331,13.0,0.2509,63.0,0.384,86.0,,,0.3717,85.0,0.5208,95.0,0.4607,95.0,0.4122,82.0,,,0.4276,92.0
2009-09-24,0.1672,24.0,0.2583,66.0,0.3751,85.0,,,0.3834,86.0,0.5215,95.0,0.4624,95.0,0.4115,81.0,,,0.4265,92.0
2009-09-23,0.1656,23.0,0.2367,57.0,0.3891,86.0,,,0.3828,86.0,0.5281,96.0,0.465,96.0,0.4343,87.0,,,0.4382,93.0
2009-09-22,0.2163,44.0,0.245,60.0,0.3899,86.0,,,0.3915,87.0,0.5297,96.0,0.4647,96.0,0.4348,87.0,,,0.4213,91.0
2009-09-21,0.2035,38.0,0.2413,59.0,0.3955,87.0,,,0.391,87.0,0.533,96.0,0.465,96.0,0.4252,85.0,,,0.4327,92.0
2009-09-18,0.1274,11.0,0.2488,62.0,0.4075,88.0,,,0.3934,87.0,0.5343,96.0,0.4711,96.0,0.416,83.0,,,0.4241,91.0
2009-09-17,0.1817,30.0,0.2918,76.0,0.3431,81.0,,,0.3433,81.0,0.5401,96.0,0.4734,96.0,0.4112,81.0,,,0.4425,93.0
2009-09-16,0.1787,28.0,0.2995,78.0,0.3594,83.0,,,0.3877,87.0,0.5652,96.0,0.4817,96.0,0.4061,80.0,,,0.4458,93.0
2009-09-15,0.1962,35.0,0.3167,81.0,0.3878,86.0,,,0.3728,85.0,0.5674,96.0,0.4844,96.0,0.4157,82.0,,,0.4486,93.0
2009-09-14,0.1547,20.0,0.3181,81.0,0.3801,85.0,,,0.396,88.0,0.5674,96.0,0.4846,96.0,0.4202,84.0,,,0.4647,94.0
2009-09-11,0.1836,30.0,0.3078,80.0,0.3589,83.0,,,0.3448,81.0,0.5729,96.0,0.4912,96.0,0.4267,86.0,,,0.4537,94.0
2009-09-10,0.3228,75.0,0.3869,90.0,0.3726,84.0,,,0.392,87.0,0.5744,97.0,0.4954,96.0,0.4104,81.0,,,0.4654,94.0
2009-09-09,0.3522,80.0,0.3784,89.0,0.3893,86.0,,,0.3944,88.0,0.5745,97.0,0.496,96.0,0.4197,84.0,,,0.4632,94.0
2009-09-08,0.305,71.0,0.3574,86.0,0.4001,87.0,,,0.4018,88.0,0.5733,97.0,0.4962,96.0,0.4331,87.0,,,0.4598,94.0
2009-09-04,0.2895,67.0,0.3631,87.0,0.3979,87.0,,,0.3803,86.0,0.5741,97.0,0.4988,96.0,0.4161,83.0,,,0.4756,95.0
2009-09-03,0.2176,45.0,0.3451,85.0,0.4059,88.0,,,0.4153,90.0,0.5743,97.0,0.4994,96.0,0.4295,86.0,,,0.4687,95.0
2009-09-02,0.2345,52.0,0.3509,86.0,0.4074,88.0,,,0.422,90.0,0.5795,97.0,0.5027,96.0,0.4367,88.0,,,0.4652,94.0
2009-09-01,0.2306,51.0,0.3524,86.0,0.4289,90.0,,,0.4239,90.0,0.5797,97.0,0.5039,97.0,0.4472,89.0,,,0.4404,93.0
2009-08-31,0.3455,79.0,0.3172,81.0,0.4205,90.0,,,0.4191,90.0,0.5845,97.0,0.505,97.0,0.4364,87.0,,,0.4551,94.0
2009-08-28,0.3231,75.0,0.3194,82.0,0.4022,88.0,,,0.4067,89.0,0.5935,97.0,0.5086,97.0,0.4308,86.0,,,0.4529,93.0
2009-08-27,0.3187,74.0,0.3329,83.0,0.4137,89.0,,,0.4085,89.0,0.5947,97.0,0.5099,97.0,0.4298,86.0,,,0.4576,94.0
2009-08-26,0.3866,84.0,0.3447,85.0,0.4175,89.0,,,0.4118,89.0,0.5948,97.0,0.5105,97.0,0.4333,87.0,,,0.4483,93.0
2009-08-25,0.51,92.0,0.3464,85.0,0.4163,89.0,,,0.4045,89.0,0.6087,97.0,0.5211,97.0,0.4235,85.0,,,0.4538,94.0
2009-08-24,0.58,95.0,0.3903,90.0,0.4059,88.0,,,0.4224,90.0,0.6089,97.0,0.522,97.0,0.4287,86.0,,,0.4549,94.0
2009-08-21,0.5844,95.0,0.3975,91.0,0.4247,90.0,,,0.4098,89.0,0.6094,97.0,0.5251,97.0,0.411,81.0,,,0.4635,94.0
2009-08-20,0.5467,94.0,0.3909,90.0,0.4616,92.0,,,0.4151,90.0,0.6082,97.0,0.5248,97.0,0.4228,85.0,,,0.4622,94.0
2009-08-19,0.5708,94.0,0.3915,90.0,0.4983,94.0,,,0.5103,95.0,0.6121,97.0,0.5275,97.0,0.4342,87.0,,,0.4635,94.0
2009-08-18,0.5699,94.0,0.3715,88.0,0.5014,95.0,,,0.4945,94.0,0.6176,97.0,0.5297,97.0,0.4176,83.0,,,0.4665,95.0
2009-08-17,0.5272,93.0,0.3602,87.0,0.5675,97.0,,,0.5221,96.0,0.6144,97.0,0.53,97.0,0.4525,89.0,,,0.4607,94.0
2009-08-14,0.4382,88.0,0.3545,86.0,0.4216,90.0,,,0.4389,91.0,0.6116,97.0,0.5318,97.0,0.4369,88.0,,,0.4641,94.0
2009-08-13,0.354,80.0,0.3255,82.0,0.3844,86.0,,,0.392,87.0,0.6089,97.0,0.5314,97.0,0.4186,83.0,,,0.4605,94.0
2009-08-12,0.3429,78.0,0.3099,80.0,0.4187,89.0,,,0.3843,86.0,0.6166,97.0,0.5321,97.0,0.441,88.0,,,0.4509,93.0
2009-08-11,0.3028,71.0,0.2629,67.0,0.4429,91.0,,,0.4089,89.0,0.6152,97.0,0.5311,97.0,0.4552,90.0,,,0.4471,93.0
2009-08-10,0.2405,54.0,0.2639,68.0,0.4128,89.0,,,0.4129,90.0,0.6143,97.0,0.5327,97.0,0.4344,87.0,,,0.4537,94.0
2009-08-07,0.3038,71.0,0.3046,79.0,0.4075,88.0,,,0.3807,86.0,0.6142,97.0,0.5339,97.0,0.4344,87.0,,,0.4587,94.0
2009-08-06,0.273,64.0,0.3247,82.0,0.4071,88.0,,,0.4099,89.0,0.6157,97.0,0.5358,97.0,0.4394,88.0,,,0.454,94.0
2009-08-05,0.5844,95.0,0.4471,94.0,0.4057,88.0,,,0.4097,89.0,0.6158,97.0,0.536,97.0,0.4285,86.0,,,0.4537,94.0
2009-08-04,0.5932,95.0,0.4453,93.0,0.4076,88.0,,,0.4133,90.0,0.6217,97.0,0.5389,97.0,0.416,83.0,,,0.4543,94.0
2009-08-03,0.6037,96.0,0.4533,94.0,0.4032,88.0,,,0.4281,91.0,0.6254,97.0,0.5449,97.0,0.4341,87.0,,,0.4616,94.0
2009-07-31,0.6258,96.0,0.4793,95.0,0.3994,87.0,,,0.3995,88.0,0.6251,97.0,0.5458,97.0,0.4376,88.0,,,0.4571,94.0
2009-07-30,0.6365,96.0,0.5111,96.0,0.3782,85.0,,,0.3996,88.0,0.6266,97.0,0.5472,97.0,0.4458,89.0,,,0.4735,95.0
2009-07-29,0.5814,95.0,0.5054,96.0,0.3999,87.0,,,0.3917,87.0,0.624,97.0,0.549,97.0,0.4433,88.0,,,0.4774,95.0
2009-07-28,0.6093,96.0,0.497,95.0,0.4156,89.0,,,0.4074,89.0,0.629,97.0,0.5519,97.0,0.4347,87.0,,,0.4844,96.0
2009-07-27,0.2501,57.0,0.4062,91.0,0.4931,94.0,,,0.4961,94.0,0.626,97.0,0.5503,97.0,0.4302,86.0,,,0.4821,96.0
2009-07-24,0.2781,65.0,0.3849,90.0,0.4648,93.0,,,0.473,93.0,0.6291,97.0,0.5509,97.0,0.4376,88.0,,,0.4739,95.0
2009-07-23,0.2308,51.0,0.3946,90.0,0.4532,92.0,,,0.4771,93.0,0.6286,97.0,0.5509,97.0,0.4384,88.0,,,0.4745,95.0
2009-07-22,0.2255,49.0,0.3631,87.0,0.4803,93.0,,,0.4748,93.0,0.6283,97.0,0.5519,97.0,0.4588,90.0,,,0.4917,96.0
2009-07-21,0.2231,47.0,0.3412,84.0,0.482,93.0,,,0.5007,95.0,0.6278,97.0,0.5522,97.0,0.4453,89.0,,,0.4832,96.0
2009-07-20,0.2541,57.0,0.3155,81.0,0.4902,94.0,,,0.5007,95.0,0.6313,97.0,0.5525,97.0,0.4591,90.0,,,0.4958,96.0
2009-07-17,0.2337,52.0,0.3208,82.0,0.5026,95.0,,,0.5108,95.0,0.6325,97.0,0.5537,97.0,0.4658,91.0,,,0.505,97.0
2009-07-16,0.3012,70.0,0.3286,83.0,0.4081,88.0,,,0.4383,91.0,0.639,97.0,0.5575,97.0,0.4821,92.0,,,0.4968,96.0
2009-07-15,0.4018,86.0,0.3645,87.0,0.4797,93.0,,,0.4468,92.0,0.6392,97.0,0.5604,97.0,0.4636,90.0,,,0.5053,97.0
2009-07-14,0.3167,74.0,0.3528,86.0,0.5073,95.0,,,0.5308,96.0,0.6378,97.0,0.5625,97.0,0.478,92.0,,,0.4974,97.0
2009-07-13,0.426,88.0,0.3794,89.0,0.5096,95.0,,,0.5504,97.0,0.6429,97.0,0.5652,97.0,0.4779,92.0,,,0.5238,97.0
2009-07-10,0.4246,88.0,0.3608,87.0,0.4991,94.0,,,0.472,93.0,0.6426,97.0,0.5655,97.0,0.4915,93.0,,,0.5157,97.0
2009-07-09,0.419,87.0,0.3901,90.0,0.5108,95.0,,,0.5066,95.0,0.6441,97.0,0.5673,97.0,0.4867,93.0,,,0.5109,97.0
2009-07-08,0.5045,92.0,0.394,90.0,0.5348,96.0,,,0.5273,96.0,0.6493,97.0,0.5706,97.0,0.4999,94.0,,,0.535,97.0
2009-07-07,0.5063,92.0,0.384,89.0,0.5306,96.0,,,0.5272,96.0,0.6504,97.0,0.5711,97.0,0.479,92.0,,,0.5303,97.0
2009-07-06,0.5392,93.0,0.396,91.0,0.5015,95.0,,,0.5278,96.0,0.65,97.0,0.5709,97.0,0.459,90.0,,,0.5319,97.0
2009-07-02,0.5425,93.0,0.4149,92.0,0.4838,94.0,,,0.4764,93.0,0.6528,98.0,0.5724,97.0,0.469,91.0,,,0.5203,97.0
2009-07-01,0.352,80.0,0.3993,91.0,0.4564,92.0,,,0.4608,92.0,0.6477,97.0,0.5721,97.0,0.4757,92.0,,,0.5101,97.0
2009-06-30,0.4657,90.0,0.3971,91.0,0.4942,94.0,,,0.4624,93.0,0.6564,98.0,0.5756,97.0,0.4757,92.0,,,0.5195,97.0
2009-06-29,0.4552,90.0,0.3792,89.0,0.4754,93.0,,,0.4624,93.0,0.6567,98.0,0.5748,97.0,0.4506,89.0,,,0.5209,97.0
2009-06-26,0.4032,86.0,0.3704,88.0,0.4452,91.0,,,0.4646,93.0,0.6584,98.0,0.5748,97.0,0.4733,91.0,,,0.5185,97.0
2009-06-25,0.3672,82.0,0.3788,89.0,0.4487,92.0,,,0.4618,92.0,0.6586,98.0,0.575,97.0,0.4556,90.0,,,0.5485,97.0
2009-06-24,0.3399,78.0,0.3655,87.0,0.4823,93.0,,,0.4749,93.0,0.657,98.0,0.5767,98.0,0.4873,93.0,,,0.5172,97.0
2009-06-23,0.4271,88.0,0.3784,89.0,0.5082,95.0,,,0.5035,95.0,0.6568,98.0,0.5756,97.0,0.479,92.0,,,0.5332,97.0
2009-06-22,0.3843,84.0,0.3806,89.0,0.5178,95.0,,,0.5309,96.0,0.6574,98.0,0.5769,98.0,0.4858,93.0,,,0.5323,97.0
2009-06-19,0.3685,82.0,0.3805,89.0,0.4672,93.0,,,0.4824,94.0,0.6569,98.0,0.5796,98.0,0.4798,92.0,,,0.5414,97.0
2009-06-18,0.3273,76.0,0.4131,92.0,0.4484,92.0,,,0.4659,93.0,0.6583,98.0,0.5798,98.0,0.4792,92.0,,,0.5343,97.0
2009-06-17,0.3226,75.0,0.4055,91.0,0.5302,96.0,,,0.5053,95.0,0.6609,98.0,0.5821,98.0,0.4633,90.0,,,0.5502,97.0
2009-06-16,0.3224,75.0,0.4114,92.0,0.5324,96.0,,,0.5586,97.0,0.6609,98.0,0.5823,98.0,0.4826,92.0,,,0.5273,97.0
2009-06-15,0.3174,74.0,0.4073,91.0,0.556,96.0,,,0.5614,97.0,0.6654,98.0,0.5837,98.0,0.4942,93.0,,,0.5358,97.0
2009-06-12,0.263,61.0,0.4055,91.0,0.4289,90.0,,,0.5124,95.0,0.661,98.0,0.5833,98.0,0.4605,90.0,,,0.5282,97.0
2009-06-11,0.2864,67.0,0.4234,93.0,0.4956,94.0,,,0.4948,94.0,0.6608,98.0,0.5855,98.0,0.4761,92.0,,,0.5341,97.0
2009-06-10,0.3846,84.0,0.4761,95.0,0.5081,95.0,,,0.5438,96.0,0.6762,98.0,0.5916,98.0,0.4722,91.0,,,0.5244,97.0
2009-06-09,0.6985,98.0,0.5399,97.0,0.5155,95.0,,,0.5186,95.0,0.6779,98.0,0.5923,98.0,0.4657,91.0,,,0.5402,97.0
2009-06-08,0.6711,97.0,0.5592,97.0,0.542,96.0,,,0.5179,95.0,0.6778,98.0,0.5968,98.0,0.4543,89.0,,,0.5451,97.0
2009-06-05,0.6685,97.0,0.5608,97.0,0.5132,95.0,,,0.5349,96.0,0.6875,98.0,0.6008,98.0,0.4656,91.0,,,0.5333,97.0
2009-06-04,0.697,98.0,0.5545,97.0,0.5232,95.0,,,0.5316,96.0,0.6948,98.0,0.607,98.0,0.453,89.0,,,0.5556,98.0
2009-06-03,0.7114,98.0,0.5686,97.0,0.5341,96.0,,,0.5463,96.0,0.6993,98.0,0.6083,98.0,0.4612,90.0,,,0.5408,97.0
2009-06-02,0.6587,97.0,0.5526,97.0,0.5207,95.0,,,0.4903,94.0,0.7,98.0,0.6161,98.0,0.4606,90.0,,,0.5541,98.0
2009-06-01,0.7669,99.0,0.5256,96.0,0.5243,95.0,,,0.5205,95.0,0.7037,98.0,0.6163,98.0,0.4594,90.0,,,0.5603,98.0
2009-05-29,0.4837,91.0,0.4528,94.0,0.4929,94.0,,,0.5478,96.0,0.7097,98.0,0.6197,98.0,0.4606,90.0,,,0.5652,98.0
2009-05-28,0.4583,90.0,0.4381,93.0,0.5418,96.0,,,0.5507,97.0,0.7097,98.0,0.6188,98.0,0.4693,91.0,,,0.5749,98.0
2009-05-27,0.5529,94.0,0.4433,93.0,0.56,96.0,,,0.5395,96.0,0.7191,98.0,0.6251,98.0,0.4931,93.0,,,0.5629,98.0
2009-05-26,0.5467,94.0,0.4512,94.0,0.5475,96.0,,,0.5757,97.0,0.7183,98.0,0.6269,98.0,0.467,91.0,,,0.5826,98.0
2009-05-22,0.4486,89.0,0.414,92.0,0.5837,97.0,,,0.5624,97.0,0.7243,98.0,0.6291,98.0,0.5015,94.0,,,0.5601,98.0
2009-05-21,0.5249,93.0,0.4366,93.0,0.5722,97.0,,,0.5943,97.0,0.7362,98.0,0.6341,98.0,0.5039,94.0,,,0.5732,98.0
2009-05-20,0.5245,93.0,0.5032,96.0,0.5464,96.0,,,0.5657,97.0,0.7413,98.0,0.6403,98.0,0.4902,93.0,,,0.5467,97.0
2009-05-19,0.5373,93.0,0.4895,95.0,0.5537,96.0,,,0.5457,96.0,0.7518,98.0,0.6447,98.0,0.4934,93.0,,,0.568,98.0
2009-05-18,0.5618,94.0,0.5019,96.0,0.5823,97.0,,,0.5929,97.0,0.7559,98.0,0.6524,98.0,0.4674,91.0,,,0.5839,98.0
2009-05-15,0.4763,91.0,0.5997,98.0,0.6043,97.0,,,0.5914,97.0,0.7538,98.0,0.6536,98.0,0.5133,94.0,,,0.5791,98.0
2009-05-14,0.579,95.0,0.6077,98.0,0.5914,97.0,,,0.6115,98.0,0.7536,98.0,0.6588,98.0,0.52,95.0,,,0.5843,98.0
2009-05-13,0.556,94.0,0.6313,98.0,0.856,100.0,,,0.6433,98.0,0.7734,99.0,0.6694,98.0,0.5486,96.0,,,0.5736,98.0
2009-05-12,0.5751,95.0,0.612,98.0,0.7831,99.0,,,0.835,99.0,0.7707,99.0,0.6695,98.0,0.499,93.0,,,0.5801,98.0
2009-05-11,0.5539,94.0,0.5505,97.0,0.8227,100.0,,,0.7475,99.0,0.7685,98.0,0.6685,98.0,0.5271,95.0,,,0.5807,98.0
2009-05-08,0.5306,93.0,0.5644,97.0,0.6522,98.0,,,0.688,98.0,0.7687,98.0,0.6717,98.0,0.5275,95.0,,,0.564,98.0
2009-05-07,0.6789,97.0,0.6129,98.0,0.7448,99.0,,,0.7647,99.0,0.7684,98.0,0.6722,98.0,0.522,95.0,,,0.5687,98.0
2009-05-06,0.5225,93.0,0.5556,97.0,0.6278,98.0,,,0.6775,98.0,0.7781,99.0,0.6717,98.0,0.4853,93.0,,,0.5843,98.0
2009-05-05,0.5199,92.0,0.5735,97.0,0.7025,99.0,,,0.7074,99.0,0.7826,99.0,0.6732,98.0,0.507,94.0,,,0.5884,98.0
2009-05-04,0.6139,96.0,0.6045,98.0,0.6771,98.0,,,0.7242,99.0,0.7878,99.0,0.6738,98.0,0.508,94.0,,,0.5822,98.0
2009-05-01,0.6297,96.0,0.6291,98.0,0.6252,98.0,,,0.6557,98.0,0.7874,99.0,0.677,99.0,0.5176,94.0,,,0.5779,98.0
2009-04-30,0.637,96.0,0.7244,99.0,0.6172,98.0,,,0.6539,98.0,0.7887,99.0,0.6819,99.0,0.5192,95.0,,,0.5683,98.0
2009-04-29,0.6137,96.0,0.7402,99.0,0.6313,98.0,,,0.6665,98.0,0.7927,99.0,0.6823,99.0,0.5157,94.0,,,0.6011,98.0
2009-04-28,0.8261,99.0,0.707,99.0,0.6826,98.0,,,0.7001,98.0,0.7879,99.0,0.6843,99.0,0.562,97.0,,,0.5786,98.0
2009-04-27,0.8406,99.0,0.7145,99.0,0.9059,100.0,,,0.8954,100.0,0.824,99.0,0.6988,99.0,0.5547,96.0,,,0.5917,98.0
2009-04-24,0.8497,99.0,0.7082,99.0,0.7752,99.0,,,0.8253,99.0,0.8256,100.0,0.6995,99.0,0.5298,95.0,,,0.6235,99.0
2009-04-23,0.793,99.0,0.6569,99.0,0.8237,100.0,,,0.8418,99.0,0.823,99.0,0.7007,99.0,0.5308,95.0,,,0.6125,98.0
2009-04-22,0.7846,99.0,0.6395,98.0,0.7948,99.0,,,0.8162,99.0,0.8231,99.0,0.7045,99.0,0.5569,96.0,,,0.6024,98.0
2009-04-21,0.7395,98.0,0.5376,97.0,0.8199,100.0,,,0.8527,100.0,0.8318,100.0,0.7096,99.0,0.5357,96.0,,,0.6262,99.0
2009-04-20,0.9837,100.0,0.5691,97.0,0.8437,100.0,,,0.868,100.0,0.8461,100.0,0.7098,99.0,0.5591,96.0,,,0.606,98.0
2009-04-17,0.6797,97.0,0.5526,97.0,0.7815,99.0,,,0.8008,99.0,0.8373,100.0,0.7104,99.0,0.5472,96.0,,,0.5865,98.0
2009-04-16,0.8174,99.0,0.5063,96.0,0.7503,99.0,,,0.8165,99.0,0.8362,100.0,0.7143,99.0,0.531,95.0,,,0.6091,98.0
2009-04-15,0.8427,99.0,0.5025,96.0,0.7385,99.0,,,0.7187,99.0,0.839,100.0,0.7207,99.0,0.5268,95.0,,,0.6114,98.0
2009-04-14,0.8786,99.0,0.5356,96.0,0.7446,99.0,,,0.7339,99.0,0.8546,100.0,0.7287,99.0,0.5423,96.0,,,0.6054,98.0
2009-04-13,1.0092,100.0,0.6948,99.0,0.7471,99.0,,,0.6519,98.0,0.8565,100.0,0.7376,99.0,0.5346,96.0,,,0.6069,98.0
2009-04-09,0.9735,99.0,0.7035,99.0,0.5779,97.0,,,0.6292,98.0,0.8675,100.0,0.7436,99.0,0.5274,95.0,,,0.6247,99.0
2009-04-08,0.8076,99.0,0.6594,99.0,0.6061,97.0,,,0.6264,98.0,0.8555,100.0,0.7564,100.0,0.5342,96.0,,,0.6245,99.0
2009-04-07,0.9139,99.0,0.6861,99.0,0.6989,99.0,,,0.705,99.0,0.8746,100.0,0.7688,100.0,0.5611,97.0,,,0.6143,99.0
2009-04-06,0.8758,99.0,0.664,99.0,0.6576,98.0,,,0.6964,98.0,0.8721,100.0,0.7703,100.0,0.5266,95.0,,,0.6021,98.0
2009-04-03,0.8299,99.0,0.6433,99.0,0.6194,98.0,,,0.6361,98.0,0.8724,100.0,0.7724,100.0,0.5048,94.0,,,0.623,99.0
2009-04-02,0.8619,99.0,0.6881,99.0,0.6513,98.0,,,0.7106,99.0,0.8704,100.0,0.7759,100.0,0.5497,96.0,,,0.6055,98.0
2009-04-01,0.648,97.0,0.5538,97.0,0.6083,98.0,,,0.6511,98.0,0.8582,100.0,0.7704,100.0,0.5371,96.0,,,0.6377,99.0
2009-03-31,1.026,100.0,0.6429,99.0,0.619,98.0,,,0.6596,98.0,0.8685,100.0,0.7737,100.0,0.5466,96.0,,,0.6194,99.0
2009-03-30,1.0304,100.0,0.6604,99.0,0.6724,98.0,,,0.6966,98.0,0.8706,100.0,0.7742,100.0,0.5382,96.0,,,0.6295,99.0
2009-03-27,0.9664,99.0,0.6215,98.0,0.617,98.0,,,0.6002,97.0,0.8709,100.0,0.7735,100.0,0.5524,96.0,,,0.624,99.0
2009-03-26,0.9918,100.0,0.7136,99.0,0.5757,97.0,,,0.6172,98.0,0.876,100.0,0.7772,100.0,0.5175,94.0,,,0.6358,99.0
2009-03-25,0.9763,99.0,0.7579,100.0,0.6284,98.0,,,0.6248,98.0,0.8733,100.0,0.7773,100.0,0.5569,96.0,,,0.6158,99.0
2009-03-24,0.9249,99.0,0.6991,99.0,0.636,98.0,,,0.6045,97.0,0.8724,100.0,0.7739,100.0,0.5667,97.0,,,0.6186,99.0
2009-03-23,0.7936,99.0,0.6902,99.0,0.5691,97.0,,,0.5943,97.0,0.8695,100.0,0.7736,100.0,0.5124,94.0,,,0.6291,99.0
2009-03-20,0.4733,90.0,0.6215,98.0,0.6341,98.0,,,0.6336,98.0,0.8519,100.0,0.7695,100.0,0.5709,97.0,,,0.6209,99.0
2009-03-19,0.3509,79.0,0.6008,98.0,0.6322,98.0,,,0.6312,98.0,0.855,100.0,0.7692,100.0,0.5454,96.0,,,0.6263,99.0
2009-03-18,0.3477,79.0,0.6467,99.0,0.5972,97.0,,,0.8313,99.0,0.8566,100.0,0.7747,100.0,0.52,95.0,,,0.6361,99.0
2009-03-17,0.3539,80.0,0.5637,97.0,0.5669,97.0,,,0.6105,97.0,0.8547,100.0,0.7784,100.0,0.5487,96.0,,,0.6693,100.0
2009-03-16,0.5849,95.0,0.5656,97.0,0.6672,98.0,,,0.672,98.0,0.8572,100.0,0.7772,100.0,0.5732,97.0,,,0.6552,99.0
2009-03-13,0.7518,98.0,0.6054,98.0,0.6151,98.0,,,0.638,98.0,0.8584,100.0,0.779,100.0,0.5562,96.0,,,0.6602,100.0
2009-03-12,0.7793,99.0,0.6104,98.0,0.6915,98.0,,,0.6824,98.0,0.859,100.0,0.7794,100.0,0.577,97.0,,,0.6949,100.0
2009-03-11,0.7629,98.0,0.5847,98.0,0.7119,99.0,,,0.7371,99.0,0.8579,100.0,0.7782,100.0,0.6014,98.0,,,0.6806,100.0
2009-03-10,0.8888,99.0,0.7157,99.0,0.7298,99.0,,,0.8119,99.0,0.8566,100.0,0.7782,100.0,0.6012,98.0,,,0.7072,100.0
2009-03-09,0.7178,98.0,0.6879,99.0,0.8638,100.0,,,0.853,100.0,0.8518,100.0,0.7764,100.0,0.6196,98.0,,,0.7222,100.0
2009-03-06,0.7105,98.0,0.7147,99.0,0.8157,100.0,,,0.8312,99.0,0.8528,100.0,0.7766,100.0,0.6086,98.0,,,0.7002,100.0
2009-03-05,0.6809,97.0,0.6803,99.0,0.7782,99.0,,,0.7674,99.0,0.8531,100.0,0.7748,100.0,0.6153,98.0,,,0.6889,100.0
2009-03-04,0.7296,98.0,0.6708,99.0,0.7307,99.0,,,0.7234,99.0,0.8481,100.0,0.7733,100.0,0.5652,97.0,,,0.6619,100.0
2009-03-03,0.7203,98.0,0.69,99.0,0.7839,99.0,,,0.7524,99.0,0.8468,100.0,0.7722,100.0,0.5954,98.0,,,0.671,100.0
2009-03-02,0.7039,98.0,0.6907,99.0,0.7873,99.0,,,0.7781,99.0,0.8466,100.0,0.7718,100.0,0.6343,99.0,,,0.6717,100.0
2009-02-27,0.5275,93.0,0.565,97.0,0.6666,98.0,,,0.6771,98.0,0.8379,100.0,0.766,100.0,0.5825,97.0,,,0.6394,99.0
2009-02-26,0.5288,93.0,0.5717,97.0,0.6852,98.0,,,0.6635,98.0,0.8383,100.0,0.7654,100.0,0.5892,98.0,,,0.6293,99.0
2009-02-25,0.6309,96.0,0.5383,97.0,0.6648,98.0,,,0.6752,98.0,0.8403,100.0,0.7644,100.0,0.5677,97.0,,,0.6383,99.0
2009-02-24,0.6351,96.0,0.5202,96.0,0.6562,98.0,,,0.6543,98.0,0.8399,100.0,0.7634,100.0,0.5351,96.0,,,0.6601,100.0
2009-02-23,0.4503,89.0,0.4995,95.0,0.7286,99.0,,,0.7124,99.0,0.8362,100.0,0.7616,100.0,0.5699,97.0,,,0.6228,99.0
2009-02-20,0.4115,87.0,0.4662,94.0,0.6746,98.0,,,0.6624,98.0,0.8343,100.0,0.7602,100.0,0.5392,96.0,,,0.6333,99.0
2009-02-19,0.4197,87.0,0.4893,95.0,0.6787,98.0,,,0.6589,98.0,0.8343,100.0,0.76,100.0,0.5885,98.0,,,0.6286,99.0
2009-02-18,0.4487,89.0,0.4532,94.0,0.6933,98.0,,,0.6706,98.0,0.8338,100.0,0.7586,100.0,0.5614,97.0,,,0.6212,99.0
2009-02-17,0.6561,97.0,0.4993,95.0,0.8012,99.0,,,0.6789,98.0,0.8339,100.0,0.7578,100.0,0.5585,96.0,,,0.6218,99.0
2009-02-13,0.5691,94.0,0.5833,98.0,0.5189,95.0,,,0.5135,95.0,0.8289,100.0,0.7573,100.0,0.5568,96.0,,,0.6027,98.0
2009-02-12,0.5712,94.0,0.5913,98.0,0.5888,97.0,,,0.5664,97.0,0.8291,100.0,0.7577,100.0,0.5221,95.0,,,0.6218,99.0
2009-02-11,0.5635,94.0,0.5897,98.0,0.5741,97.0,,,0.5311,96.0,0.832,100.0,0.7579,100.0,0.5439,96.0,,,0.5964,98.0
2009-02-10,0.5596,94.0,0.6184,98.0,0.5376,96.0,,,0.5449,96.0,0.8322,100.0,0.7576,100.0,0.5675,97.0,,,0.5869,98.0
2009-02-09,0.4135,87.0,0.6452,99.0,0.5302,96.0,,,0.5369,96.0,0.8304,100.0,0.7563,100.0,0.5308,95.0,,,0.5862,98.0
2009-02-06,0.7017,98.0,0.6895,99.0,0.4958,94.0,,,0.5403,96.0,0.8304,100.0,0.7564,100.0,0.5336,95.0,,,0.5941,98.0
2009-02-05,0.674,97.0,0.6547,99.0,0.4809,93.0,,,0.521,95.0,0.8251,99.0,0.7544,100.0,0.5269,95.0,,,0.6115,98.0
2009-02-04,0.646,97.0,0.5677,97.0,0.5401,96.0,,,0.5451,96.0,0.8237,99.0,0.751,100.0,0.5517,96.0,,,0.6011,98.0
2009-02-03,0.6775,97.0,0.5897,98.0,0.5046,95.0,,,0.5493,96.0,0.825,99.0,0.751,100.0,0.5394,96.0,,,0.6193,99.0
2009-02-02,0.6602,97.0,0.5992,98.0,0.5973,97.0,,,0.6178,98.0,0.8235,99.0,0.7506,100.0,0.546,96.0,,,0.6194,99.0
2009-01-30,0.7197,98.0,0.5681,97.0,0.5841,97.0,,,0.5711,97.0,0.8258,100.0,0.7488,100.0,0.5676,97.0,,,0.6071,98.0
2009-01-29,0.6631,97.0,0.5306,96.0,0.738,99.0,,,0.7665,99.0,0.8216,99.0,0.747,100.0,0.5843,97.0,,,0.6113,98.0
2009-01-28,0.6658,97.0,0.5531,97.0,0.7018,99.0,,,0.7367,99.0,0.8173,99.0,0.746,100.0,0.5494,96.0,,,0.6236,99.0
2009-01-27,0.5347,93.0,0.5803,98.0,0.7299,99.0,,,0.7252,99.0,0.8138,99.0,0.7457,99.0,0.5588,96.0,,,0.6343,99.0
2009-01-26,0.5864,95.0,0.6192,98.0,0.7373,99.0,,,0.7599,99.0,0.8138,99.0,0.7461,100.0,0.5796,97.0,,,0.6373,99.0
2009-01-23,0.6451,97.0,0.6284,98.0,0.7479,99.0,,,0.7567,99.0,0.8206,99.0,0.7464,100.0,0.5802,97.0,,,0.6656,100.0
2009-01-22,0.6473,97.0,0.6163,98.0,0.7693,99.0,,,0.7748,99.0,0.8225,99.0,0.7464,100.0,0.5738,97.0,,,0.6438,99.0
2009-01-21,0.625,96.0,0.6269,98.0,0.7421,99.0,,,0.7542,99.0,0.8203,99.0,0.7456,99.0,0.5784,97.0,,,0.6678,100.0
2009-01-20,0.5389,93.0,0.6633,99.0,0.802,99.0,,,0.7927,99.0,0.8213,99.0,0.7457,99.0,0.589,98.0,,,0.6427,99.0
2009-01-16,0.5813,95.0,0.6154,98.0,0.7192,99.0,,,0.7375,99.0,0.8169,99.0,0.7432,99.0,0.5848,97.0,,,0.6519,99.0
2009-01-15,0.5903,95.0,0.586,98.0,0.8712,100.0,,,0.8452,100.0,0.8195,99.0,0.7426,99.0,0.5985,98.0,,,0.6572,100.0
2009-01-14,0.6508,97.0,0.5691,97.0,0.877,100.0,,,0.8386,99.0,0.8185,99.0,0.741,99.0,0.6059,98.0,,,0.6444,99.0
2009-01-13,0.5839,95.0,0.5313,96.0,0.7012,99.0,,,0.7187,99.0,0.8152,99.0,0.7391,99.0,0.5812,97.0,,,0.6341,99.0
2009-01-12,0.778,99.0,0.5784,98.0,0.7048,99.0,,,0.7076,99.0,0.8164,99.0,0.7389,99.0,0.5872,98.0,,,0.6181,99.0
2009-01-09,0.7439,98.0,0.5522,97.0,0.6403,98.0,,,0.6647,98.0,0.8202,99.0,0.7392,99.0,0.5647,97.0,,,0.5958,98.0
2009-01-08,0.5844,95.0,0.4894,95.0,0.5766,97.0,,,0.7079,99.0,0.816,99.0,0.7379,99.0,0.5256,95.0,,,0.6323,99.0
2009-01-07,0.6549,97.0,0.4766,95.0,0.6323,98.0,,,0.6324,98.0,0.8148,99.0,0.7372,99.0,0.5461,96.0,,,0.6004,98.0
2009-01-06,0.5544,94.0,0.5233,96.0,0.5938,97.0,,,0.5736,97.0,0.8135,99.0,0.7372,99.0,0.5223,95.0,,,0.614,99.0
2009-01-05,0.5439,94.0,0.4862,95.0,0.6063,97.0,,,0.6392,98.0,0.8109,99.0,0.7362,99.0,0.5209,95.0,,,0.6261,99.0
2009-01-02,0.5845,95.0,0.5084,96.0,0.5626,97.0,,,0.5879,97.0,0.8126,99.0,0.7363,99.0,0.5199,95.0,,,0.6352,99.0
2008-12-31,0.4853,91.0,0.4889,95.0,0.6148,98.0,,,0.6011,97.0,0.8067,99.0,0.7342,99.0,0.5593,96.0,,,0.6375,99.0
2008-12-30,0.5119,92.0,0.496,95.0,0.609,98.0,,,0.6845,98.0,0.8062,99.0,0.7344,99.0,0.5528,96.0,,,0.6613,100.0
2008-12-29,0.4419,89.0,0.5363,96.0,0.6947,99.0,,,0.7476,99.0,0.8033,99.0,0.7343,99.0,0.5815,97.0,,,0.6597,100.0
2008-12-26,0.4358,88.0,0.5426,97.0,0.6361,98.0,,,0.6986,98.0,0.809,99.0,0.7362,99.0,0.5602,97.0,,,0.6633,100.0
2008-12-24,0.5897,95.0,0.5265,96.0,0.6854,98.0,,,0.7035,99.0,0.8097,99.0,0.7347,99.0,0.5751,97.0,,,0.6724,100.0
2008-12-23,0.5881,95.0,0.5497,97.0,0.7116,99.0,,,0.7073,99.0,0.8096,99.0,0.7349,99.0,0.5903,98.0,,,0.6668,100.0
2008-12-22,0.5733,94.0,0.5666,97.0,0.7048,99.0,,,0.7182,99.0,0.8094,99.0,0.7342,99.0,0.588,98.0,,,0.6666,100.0
2008-12-19,0.8294,99.0,0.6266,98.0,0.695,99.0,,,0.7264,99.0,0.8136,99.0,0.7328,99.0,0.5974,98.0,,,0.6879,100.0
2008-12-18,0.8003,99.0,0.6557,99.0,0.7814,99.0,,,0.7766,99.0,0.8124,99.0,0.7326,99.0,0.618,98.0,,,0.6733,100.0
2008-12-17,0.7857,99.0,0.6866,99.0,0.8468,100.0,,,0.666,98.0,0.8109,99.0,0.7308,99.0,0.6019,98.0,,,0.681,100.0
2008-12-16,0.956,99.0,0.7459,99.0,0.7868,99.0,,,0.9211,100.0,0.8108,99.0,0.7299,99.0,0.6125,98.0,,,0.7253,100.0
2008-12-15,0.9909,100.0,0.8109,100.0,1.0236,100.0,,,0.8288,99.0,0.8069,99.0,0.7291,99.0,0.6358,99.0,,,0.7143,100.0
2008-12-12,1.065,100.0,0.8323,100.0,0.8276,100.0,,,0.9354,100.0,0.808,99.0,0.7288,99.0,0.6187,98.0,,,0.7236,100.0
2008-12-11,1.0877,100.0,0.912,100.0,0.9219,100.0,,,0.9117,100.0,0.8076,99.0,0.7267,99.0,0.6664,99.0,,,0.685,100.0
2008-12-10,0.8817,99.0,0.8692,100.0,0.8498,100.0,,,0.8287,99.0,0.797,99.0,0.7221,99.0,0.6002,98.0,,,0.6885,100.0
2008-12-09,1.2062,100.0,0.9379,100.0,0.7729,99.0,,,0.7901,99.0,0.7957,99.0,0.7201,99.0,0.6256,98.0,,,0.6873,100.0
2008-12-08,1.2222,100.0,0.887,100.0,0.7133,99.0,,,0.9106,100.0,0.798,99.0,0.7164,99.0,0.5685,97.0,,,0.6927,100.0
2008-12-05,1.2213,100.0,0.9171,100.0,0.73,99.0,,,0.9012,100.0,0.7886,99.0,0.7126,99.0,0.5631,97.0,,,0.7485,100.0
2008-12-04,1.1339,100.0,0.8616,100.0,0.8493,100.0,,,1.0164,100.0,0.7822,99.0,0.7074,99.0,0.5869,97.0,,,0.6963,100.0
2008-12-03,1.1504,100.0,0.8822,100.0,0.7577,99.0,,,0.9581,100.0,0.7785,99.0,0.705,99.0,0.5661,97.0,,,0.744,100.0
2008-12-02,1.2389,100.0,0.8392,100.0,0.8347,100.0,,,1.0341,100.0,0.7762,99.0,0.6973,99.0,0.5986,98.0,,,0.7138,100.0
2008-12-01,1.3244,100.0,0.9006,100.0,0.9486,100.0,,,1.0117,100.0,0.7731,99.0,0.6964,99.0,0.606,98.0,,,0.6997,100.0
2008-11-28,1.2147,100.0,0.875,100.0,0.7664,99.0,,,0.9348,100.0,0.7557,98.0,0.6893,99.0,0.5575,96.0,,,0.6846,100.0
2008-11-26,1.2648,100.0,0.9743,100.0,0.6983,99.0,,,0.9372,100.0,0.7558,98.0,0.6893,99.0,0.5443,96.0,,,0.708,100.0
2008-11-25,1.1487,100.0,0.9187,100.0,0.8044,100.0,,,0.9711,100.0,0.7457,98.0,0.6827,99.0,0.5518,96.0,,,0.7046,100.0
2008-11-24,1.1482,100.0,0.9646,100.0,0.8479,100.0,,,1.0553,100.0,0.7461,98.0,0.6811,99.0,0.5672,97.0,,,0.7301,100.0
2008-11-21,1.3067,100.0,1.0481,100.0,0.9349,100.0,,,1.1899,100.0,0.736,98.0,0.6771,99.0,0.5871,98.0,,,0.7819,100.0
2008-11-20,1.1048,100.0,1.0041,100.0,1.3226,100.0,,,1.2203,100.0,0.7235,98.0,0.673,98.0,0.6384,99.0,,,0.7712,100.0
2008-11-19,1.0653,100.0,0.9524,100.0,1.2086,100.0,,,1.0851,100.0,0.7179,98.0,0.6662,98.0,0.5975,98.0,,,0.7205,100.0
2008-11-18,0.9362,99.0,0.9321,100.0,0.9949,100.0,,,1.2144,100.0,0.7084,98.0,0.6607,98.0,0.5088,94.0,,,0.6785,100.0
2008-11-17,0.8653,99.0,0.8463,100.0,1.0949,100.0,,,1.0318,100.0,0.705,98.0,0.6525,98.0,0.559,96.0,,,0.6833,100.0
2008-11-14,1.106,100.0,0.8857,100.0,0.9888,100.0,,,0.8918,100.0,0.7049,98.0,0.6501,98.0,0.5537,96.0,,,0.6552,99.0
2008-11-13,1.1577,100.0,0.8424,100.0,0.8847,100.0,,,0.9662,100.0,0.7047,98.0,0.6445,98.0,0.5113,94.0,,,0.7032,100.0
2008-11-12,0.9148,99.0,0.7096,99.0,1.0597,100.0,,,0.8842,100.0,0.681,98.0,0.6328,98.0,0.5356,96.0,,,0.6745,100.0
2008-11-11,0.9208,99.0,0.7431,99.0,0.9556,100.0,,,0.9164,100.0,0.6806,98.0,0.6319,98.0,0.5246,95.0,,,0.675,100.0
2008-11-10,0.9771,99.0,0.7898,100.0,0.9297,100.0,,,0.9451,100.0,0.6801,98.0,0.6301,98.0,0.5053,94.0,,,0.6359,99.0
2008-11-07,1.0437,100.0,0.7565,99.0,0.8585,100.0,,,0.944,100.0,0.6795,98.0,0.6262,98.0,0.5129,94.0,,,0.668,100.0
2008-11-06,1.0428,100.0,0.8159,100.0,0.9632,100.0,,,0.9498,100.0,0.6796,98.0,0.625,98.0,0.5435,96.0,,,0.6659,100.0
2008-11-05,1.174,100.0,0.9822,100.0,0.7908,99.0,,,0.7741,99.0,0.6633,98.0,0.6192,98.0,0.5127,94.0,,,0.5992,98.0
2008-11-04,1.0991,100.0,0.9833,100.0,0.6917,98.0,,,0.7537,99.0,0.6595,98.0,0.6167,98.0,0.4682,91.0,,,0.6265,99.0
2008-11-03,1.162,100.0,1.0099,100.0,0.8013,99.0,,,0.8083,99.0,0.6515,98.0,0.6141,98.0,0.4936,93.0,,,0.6419,99.0
2008-10-31,1.1876,100.0,1.0335,100.0,0.794,99.0,,,0.8597,100.0,0.652,98.0,0.6106,98.0,0.493,93.0,,,0.6482,99.0
2008-10-30,1.3729,100.0,1.0991,100.0,0.8717,100.0,,,0.8502,100.0,0.6509,97.0,0.6061,98.0,0.485,93.0,,,0.6505,99.0
2008-10-29,1.4722,100.0,1.1078,100.0,0.9544,100.0,,,0.8825,100.0,0.6445,97.0,0.6045,98.0,0.5209,95.0,,,0.6236,99.0
2008-10-28,1.5066,100.0,1.0701,100.0,0.8728,100.0,,,0.9121,100.0,0.6445,97.0,0.5983,98.0,0.4469,89.0,,,0.7089,100.0
2008-10-27,0.7983,99.0,0.948,100.0,0.9947,100.0,,,0.9732,100.0,0.5925,97.0,0.5784,98.0,0.5772,97.0,,,0.7079,100.0
2008-10-24,1.0261,100.0,1.0178,100.0,1.0207,100.0,,,0.9734,100.0,0.5949,97.0,0.5765,98.0,0.5514,96.0,,,0.6644,100.0
2008-10-23,1.162,100.0,1.0677,100.0,0.7729,99.0,,,0.944,100.0,0.5938,97.0,0.5715,97.0,0.4596,90.0,,,0.679,100.0
2008-10-22,1.1575,100.0,1.12,100.0,0.7529,99.0,,,0.8626,100.0,0.5938,97.0,0.5653,97.0,0.4764,92.0,,,0.6528,99.0
2008-10-21,1.3242,100.0,1.079,100.0,0.6998,99.0,,,0.6789,98.0,0.5801,97.0,0.5517,97.0,0.5126,94.0,,,0.622,99.0
2008-10-20,1.1366,100.0,1.2384,100.0,0.7373,99.0,,,0.8165,99.0,0.5594,96.0,0.5492,97.0,0.4339,87.0,,,0.5928,98.0
2008-10-17,1.3998,100.0,1.3549,100.0,0.9689,100.0,,,0.8659,100.0,0.5567,96.0,0.5477,97.0,0.5355,96.0,,,0.5958,98.0
2008-10-16,1.3995,100.0,1.315,100.0,1.1205,100.0,,,1.2277,100.0,0.5571,96.0,0.5389,97.0,0.4923,93.0,,,0.6564,99.0
2008-10-15,1.279,100.0,1.2729,100.0,1.3315,100.0,,,1.075,100.0,0.5547,96.0,0.53,97.0,0.527,95.0,,,0.6386,99.0
2008-10-14,1.1575,100.0,1.2434,100.0,1.2847,100.0,,,0.8159,99.0,0.5345,96.0,0.5206,97.0,0.5,94.0,,,0.5909,98.0
2008-10-13,1.1365,100.0,1.1656,100.0,1.0126,100.0,,,1.1236,100.0,0.5362,96.0,0.5074,97.0,0.5193,95.0,,,0.6391,99.0
2008-10-10,0.9866,100.0,1.1419,100.0,1.3674,100.0,,,1.1507,100.0,0.5162,95.0,0.4977,96.0,0.5332,95.0,,,0.6725,100.0
2008-10-09,0.8461,99.0,0.9579,100.0,1.2553,100.0,,,0.9415,100.0,0.5167,95.0,0.4734,96.0,0.5666,97.0,,,0.6738,100.0
2008-10-08,0.7893,99.0,0.7746,100.0,1.0081,100.0,,,0.8488,100.0,0.4837,93.0,0.452,95.0,0.528,95.0,,,0.6374,99.0
2008-10-07,0.8494,99.0,0.794,100.0,0.9935,100.0,,,0.8659,100.0,0.4836,93.0,0.4473,95.0,0.5076,94.0,,,0.616,99.0
2008-10-06,0.8459,99.0,0.7403,99.0,0.9317,100.0,,,0.9409,100.0,0.4826,93.0,0.4418,95.0,0.4858,93.0,,,0.6091,98.0
2008-10-03,0.7876,99.0,0.6468,99.0,0.7917,99.0,,,0.7402,99.0,0.4814,93.0,0.4327,94.0,0.487,93.0,,,0.6074,98.0
2008-10-02,0.7907,99.0,0.6286,98.0,0.8119,100.0,,,0.801,99.0,0.4827,93.0,0.4307,94.0,0.4961,93.0,,,0.5987,98.0
2008-10-01,0.637,96.0,0.5458,97.0,0.7012,99.0,,,0.7003,98.0,0.4639,92.0,0.4226,93.0,0.4586,90.0,,,0.5672,98.0
2008-09-30,0.6573,97.0,0.5454,97.0,0.6294,98.0,,,0.6387,98.0,0.4579,91.0,0.4199,93.0,0.4439,88.0,,,0.5509,97.0
2008-09-29,0.5671,94.0,0.6463,99.0,0.9199,100.0,,,0.5123,95.0,0.4521,90.0,0.4189,93.0,0.4991,94.0,,,0.5258,97.0
2008-09-26,0.5748,94.0,0.736,99.0,0.5111,95.0,,,0.5483,96.0,0.4402,88.0,0.4127,92.0,0.4233,85.0,,,0.5448,97.0
2008-09-25,0.672,97.0,0.755,99.0,0.5177,95.0,,,0.4994,95.0,0.4396,88.0,0.4121,92.0,0.4511,89.0,,,0.5228,97.0
2008-09-24,0.7221,98.0,0.7936,100.0,0.5185,95.0,,,0.5544,97.0,0.4488,89.0,0.4133,92.0,0.4364,87.0,,,0.5047,97.0
2008-09-23,0.7339,98.0,0.7967,100.0,0.5369,96.0,,,0.5333,96.0,0.4496,90.0,0.4115,92.0,0.4416,88.0,,,0.4949,96.0
2008-09-22,0.7359,98.0,0.7905,100.0,0.53,96.0,,,0.5274,96.0,0.4501,90.0,0.4122,92.0,0.43,86.0,,,0.5013,97.0
2008-09-19,0.6172,96.0,0.7809,100.0,0.4852,94.0,,,0.5091,95.0,0.4421,89.0,0.4096,92.0,0.4227,85.0,,,0.4977,97.0
2008-09-18,0.5846,95.0,0.6819,99.0,0.4207,90.0,,,1.2445,100.0,0.4404,88.0,0.3994,91.0,0.3972,78.0,,,0.5518,97.0
2008-09-17,0.5095,92.0,0.5186,96.0,0.6145,98.0,,,0.4874,94.0,0.4349,88.0,0.3838,90.0,0.4492,89.0,,,0.5095,97.0
2008-09-16,0.4789,91.0,0.5057,96.0,0.4022,88.0,,,0.9165,100.0,0.4257,87.0,0.3816,90.0,0.3918,77.0,,,0.5289,97.0
2008-09-15,0.4421,89.0,0.4564,94.0,0.647,98.0,,,0.4551,92.0,0.4248,87.0,0.3775,89.0,0.4292,86.0,,,0.5005,97.0
2008-09-12,0.4194,87.0,0.4209,92.0,0.4762,93.0,,,0.4765,93.0,0.4255,87.0,0.3776,89.0,0.4163,83.0,,,0.4972,97.0
2008-09-11,0.432,88.0,0.4073,91.0,0.4104,88.0,,,0.6555,98.0,0.4362,88.0,0.3793,89.0,0.3955,77.0,,,0.517,97.0
2008-09-10,0.432,88.0,0.4198,92.0,0.5013,95.0,,,0.4721,93.0,0.4379,88.0,0.3803,89.0,0.4198,84.0,,,0.4865,96.0
2008-09-09,0.451,89.0,0.4161,92.0,0.6396,98.0,,,0.3139,76.0,0.4383,88.0,0.3824,90.0,0.4344,87.0,,,0.4688,95.0
2008-09-08,0.4626,90.0,0.4202,92.0,0.3707,84.0,,,0.6395,98.0,0.4356,88.0,0.3829,90.0,0.3767,74.0,,,0.5008,97.0
2008-09-05,0.3567,80.0,0.3897,90.0,0.4626,92.0,,,0.448,92.0,0.4298,87.0,0.3813,90.0,0.4159,83.0,,,0.4939,96.0
2008-09-04,0.3513,79.0,0.3625,87.0,0.4559,92.0,,,0.4427,92.0,0.4401,88.0,0.3831,90.0,0.4133,82.0,,,0.4874,96.0
2008-09-03,0.4028,86.0,0.386,90.0,0.4318,90.0,,,0.4368,91.0,0.44,88.0,0.3833,90.0,0.4035,79.0,,,0.4928,96.0
2008-09-02,0.391,85.0,0.3963,91.0,0.4165,89.0,,,0.4193,90.0,0.4408,88.0,0.3849,90.0,0.3997,78.0,,,0.4759,95.0
2008-08-29,0.3956,85.0,0.3455,85.0,0.3966,87.0,,,0.4033,88.0,0.4416,89.0,0.3824,90.0,0.4021,79.0,,,0.4654,94.0
2008-08-28,0.3636,81.0,0.3504,86.0,0.3889,86.0,,,0.3957,88.0,0.4405,88.0,0.383,90.0,0.4011,79.0,,,0.471,95.0
2008-08-27,0.2665,62.0,0.3173,81.0,0.3865,86.0,,,0.4102,89.0,0.4371,88.0,0.3813,90.0,0.3985,78.0,,,0.4829,96.0
2008-08-26,0.2289,50.0,0.3419,84.0,0.4086,88.0,,,0.4115,89.0,0.4366,88.0,0.3815,90.0,0.4024,79.0,,,0.4862,96.0
2008-08-25,0.4126,87.0,0.3889,90.0,0.4307,90.0,,,0.4188,90.0,0.4397,88.0,0.3818,90.0,0.4032,79.0,,,0.4846,96.0
2008-08-22,0.3455,79.0,0.3843,90.0,0.403,88.0,,,0.3971,88.0,0.4369,88.0,0.3804,89.0,0.3977,78.0,,,0.4839,96.0
2008-08-21,0.358,81.0,0.3741,88.0,0.4157,89.0,,,0.423,90.0,0.4371,88.0,0.3802,89.0,0.4006,79.0,,,0.4851,96.0
2008-08-20,0.3476,79.0,0.3858,90.0,0.4145,89.0,,,0.4253,90.0,0.4376,88.0,0.381,90.0,0.3895,76.0,,,0.4746,95.0
2008-08-19,0.3501,79.0,0.3956,91.0,0.4222,90.0,,,0.4339,91.0,0.4407,88.0,0.3816,90.0,0.3969,78.0,,,0.4774,95.0
2008-08-18,0.3817,84.0,0.4123,92.0,0.412,89.0,,,0.4322,91.0,0.4403,88.0,0.3824,90.0,0.3912,77.0,,,0.4672,95.0
2008-08-15,0.452,89.0,0.4122,92.0,0.4052,88.0,,,0.3997,88.0,0.4413,89.0,0.3845,90.0,0.3902,76.0,,,0.4667,95.0
2008-08-14,0.3616,81.0,0.3893,90.0,0.4156,89.0,,,0.4294,91.0,0.4391,88.0,0.383,90.0,0.3805,75.0,,,0.5157,97.0
2008-08-13,0.4321,88.0,0.3837,89.0,0.4269,90.0,,,0.4741,93.0,0.4389,88.0,0.3824,90.0,0.4167,83.0,,,0.4884,96.0
2008-08-12,0.4535,89.0,0.4099,92.0,0.5843,97.0,,,0.4509,92.0,0.4389,88.0,0.3822,90.0,0.4331,87.0,,,0.4817,96.0
2008-08-11,0.4679,90.0,0.4447,93.0,0.3785,85.0,,,0.4098,89.0,0.4439,89.0,0.3838,90.0,0.4291,86.0,,,0.4735,95.0
2008-08-08,0.4741,91.0,0.4454,94.0,0.3972,87.0,,,0.43,91.0,0.4486,89.0,0.383,90.0,0.4099,81.0,,,0.483,96.0
2008-08-07,0.399,86.0,0.4378,93.0,0.4561,92.0,,,0.468,93.0,0.4454,89.0,0.3822,90.0,0.4217,84.0,,,0.4815,96.0
2008-08-06,0.5535,94.0,0.4743,95.0,0.4705,93.0,,,0.3873,87.0,0.4428,89.0,0.381,90.0,0.4182,83.0,,,0.4843,96.0
2008-08-05,0.6368,96.0,0.4992,95.0,0.4342,91.0,,,0.4731,93.0,0.444,89.0,0.3809,89.0,0.4092,80.0,,,0.503,97.0
2008-08-04,0.5747,94.0,0.4891,95.0,0.4874,94.0,,,0.4816,94.0,0.4408,88.0,0.3814,90.0,0.4251,85.0,,,0.4955,96.0
2008-08-01,0.6531,97.0,0.4974,95.0,0.4486,92.0,,,0.4536,92.0,0.4416,89.0,0.3819,90.0,0.4325,87.0,,,0.4863,96.0
2008-07-31,0.6524,97.0,0.4808,95.0,0.4581,92.0,,,0.4363,91.0,0.4514,90.0,0.3806,89.0,0.4164,83.0,,,0.4651,94.0
2008-07-30,0.7205,98.0,0.5045,96.0,0.4517,92.0,,,0.4813,94.0,0.4531,90.0,0.3798,89.0,0.4083,80.0,,,0.4764,95.0
2008-07-29,0.7228,98.0,0.5001,95.0,0.4546,92.0,,,0.4714,93.0,0.4532,90.0,0.382,90.0,0.4045,79.0,,,0.487,96.0
2008-07-28,0.507,92.0,0.4522,94.0,0.4919,94.0,,,0.4719,93.0,0.4425,89.0,0.3828,90.0,0.4291,86.0,,,0.4913,96.0
2008-07-25,0.515,92.0,0.4255,93.0,0.4408,91.0,,,0.4389,91.0,0.4384,88.0,0.3825,90.0,0.4126,82.0,,,0.4761,95.0
2008-07-24,0.6427,97.0,0.4722,95.0,0.4534,92.0,,,0.4513,92.0,0.4442,89.0,0.3851,90.0,0.4157,82.0,,,0.4721,95.0
2008-07-23,0.4872,91.0,0.4845,95.0,0.4135,89.0,,,0.4603,92.0,0.4394,88.0,0.3847,90.0,0.3903,76.0,,,0.4704,95.0
2008-07-22,0.4904,91.0,0.472,95.0,0.4216,90.0,,,0.4392,91.0,0.4394,88.0,0.3842,90.0,0.3974,78.0,,,0.4698,95.0
2008-07-21,0.448,89.0,0.4497,94.0,0.5476,96.0,,,0.5286,96.0,0.4365,88.0,0.3829,90.0,0.421,84.0,,,0.4723,95.0
2008-07-18,0.4345,88.0,0.4444,93.0,0.5451,96.0,,,0.5265,96.0,0.4487,89.0,0.4007,91.0,0.4204,84.0,,,0.4743,95.0
2008-07-17,0.5017,92.0,0.4565,94.0,0.49,94.0,,,0.5251,96.0,0.4483,89.0,0.4027,91.0,0.4108,81.0,,,0.4875,96.0
2008-07-16,0.5225,93.0,0.462,94.0,0.5089,95.0,,,0.6066,97.0,0.4483,89.0,0.4035,91.0,0.4173,83.0,,,0.4931,96.0
2008-07-15,0.368,82.0,0.4248,93.0,0.5766,97.0,,,0.5419,96.0,0.4528,90.0,0.407,91.0,0.4312,87.0,,,0.489,96.0
2008-07-14,0.3982,85.0,0.3813,89.0,0.5622,97.0,,,0.5493,96.0,0.4528,90.0,0.4064,91.0,0.4269,86.0,,,0.4901,96.0
2008-07-11,0.601,96.0,0.4486,94.0,0.5183,95.0,,,0.4879,94.0,0.4563,91.0,0.4069,91.0,0.433,87.0,,,0.5006,97.0
2008-07-10,0.6304,96.0,0.4571,94.0,0.4336,91.0,,,0.5647,97.0,0.4598,91.0,0.4065,91.0,0.4107,81.0,,,0.4966,96.0
2008-07-09,0.6335,96.0,0.4508,94.0,0.5199,95.0,,,0.5008,95.0,0.4652,92.0,0.4078,91.0,0.4207,84.0,,,0.4777,96.0
2008-07-08,0.5865,95.0,0.4503,94.0,0.4633,93.0,,,0.4913,94.0,0.463,92.0,0.4098,92.0,0.4066,80.0,,,0.4887,96.0
2008-07-07,0.67,97.0,0.4489,94.0,0.5094,95.0,,,0.4905,94.0,0.4598,91.0,0.411,92.0,0.4122,82.0,,,0.4836,96.0
2008-07-03,0.6781,97.0,0.446,94.0,0.4758,93.0,,,0.4593,92.0,0.4665,92.0,0.4139,92.0,0.4259,85.0,,,0.4911,96.0
2008-07-02,0.6325,96.0,0.4437,93.0,0.4971,94.0,,,0.4672,93.0,0.4656,92.0,0.4137,92.0,0.4316,87.0,,,0.4912,96.0
2008-07-01,0.5011,92.0,0.3614,87.0,0.4228,90.0,,,0.4639,93.0,0.4595,91.0,0.4141,92.0,0.4221,85.0,,,0.4967,96.0
2008-06-30,0.4735,91.0,0.3613,87.0,0.4711,93.0,,,0.4491,92.0,0.458,91.0,0.4124,92.0,0.4212,84.0,,,0.4767,95.0
2008-06-27,0.5329,93.0,0.3796,89.0,0.4159,89.0,,,0.4534,92.0,0.4592,91.0,0.414,92.0,0.4061,80.0,,,0.4828,96.0
2008-06-26,0.5146,92.0,0.3577,87.0,0.4567,92.0,,,0.4377,91.0,0.4602,91.0,0.4136,92.0,0.421,84.0,,,0.4832,96.0
2008-06-25,0.3653,81.0,0.3423,84.0,0.39,86.0,,,0.4039,89.0,0.4505,90.0,0.4121,92.0,0.4165,83.0,,,0.4655,95.0
2008-06-24,0.3244,75.0,0.3309,83.0,0.4124,89.0,,,0.4134,90.0,0.4527,90.0,0.4126,92.0,0.4217,84.0,,,0.4683,95.0
2008-06-23,0.4433,89.0,0.3191,82.0,0.4173,89.0,,,0.4035,89.0,0.4527,90.0,0.4126,92.0,0.4252,85.0,,,0.4676,95.0
2008-06-20,0.4463,89.0,0.3374,84.0,0.3919,87.0,,,0.4057,89.0,0.4527,90.0,0.4126,92.0,0.4288,86.0,,,0.4825,96.0
2008-06-19,0.4546,90.0,0.3267,83.0,0.3943,87.0,,,0.4848,94.0,0.4563,91.0,0.4122,92.0,0.4212,84.0,,,0.4858,96.0
2008-06-18,0.3957,85.0,0.2974,77.0,0.3996,87.0,,,0.4021,88.0,0.4571,91.0,0.4118,92.0,0.4071,80.0,,,0.4589,94.0
2008-06-17,0.4016,86.0,0.3019,78.0,0.4637,93.0,,,0.466,93.0,0.4567,91.0,0.4117,92.0,0.4117,81.0,,,0.4437,93.0
2008-06-16,0.4822,91.0,0.3303,83.0,0.3981,87.0,,,0.4497,92.0,0.4572,91.0,0.4111,92.0,0.4042,79.0,,,0.4596,94.0
2008-06-13,0.4824,91.0,0.3315,83.0,0.2722,57.0,,,0.3773,85.0,0.4628,92.0,0.4142,92.0,0.3803,75.0,,,0.4654,94.0
2008-06-12,0.3756,83.0,0.3354,84.0,0.4142,89.0,,,0.4329,91.0,0.4614,92.0,0.4147,92.0,0.4123,82.0,,,0.4597,94.0
2008-06-11,0.4039,86.0,0.3203,82.0,0.4377,91.0,,,0.3913,87.0,0.4614,92.0,0.4141,92.0,0.408,80.0,,,0.4529,93.0
2008-06-10,0.375,83.0,0.3098,80.0,0.3687,84.0,,,0.3936,87.0,0.459,91.0,0.4131,92.0,0.3978,78.0,,,0.4467,93.0
2008-06-09,0.3835,84.0,0.31,80.0,0.3759,85.0,,,0.3806,86.0,0.466,92.0,0.4172,93.0,0.3926,77.0,,,0.4457,93.0
2008-06-06,0.4499,89.0,0.3378,84.0,0.3815,85.0,,,0.3594,83.0,0.467,92.0,0.4175,93.0,0.3918,77.0,,,0.4317,92.0
2008-06-05,0.2786,65.0,0.2884,76.0,0.3108,74.0,,,0.3286,79.0,0.4601,91.0,0.4161,92.0,0.3493,67.0,,,0.4238,91.0
2008-06-04,0.262,61.0,0.2868,75.0,0.325,77.0,,,0.3563,83.0,0.4609,92.0,0.4163,92.0,0.3606,70.0,,,0.4237,91.0
2008-06-03,0.28,65.0,0.2723,71.0,0.356,82.0,,,0.3462,82.0,0.4727,92.0,0.4183,93.0,0.3543,68.0,,,0.4107,90.0
2008-06-02,0.2823,66.0,0.2721,71.0,0.345,81.0,,,0.3543,83.0,0.4733,93.0,0.4193,93.0,0.3562,69.0,,,0.4162,91.0
2008-05-30,0.2126,42.0,0.2632,68.0,0.3381,80.0,,,0.3371,80.0,0.4728,92.0,0.4188,93.0,0.3578,69.0,,,0.4109,90.0
2008-05-29,0.2084,40.0,0.2637,68.0,0.3614,83.0,,,0.3441,81.0,0.4728,92.0,0.4191,93.0,0.375,74.0,,,0.4293,92.0
2008-05-28,0.1574,21.0,0.2373,57.0,0.3508,82.0,,,0.3691,84.0,0.4711,92.0,0.4179,93.0,0.3556,69.0,,,0.4293,92.0
2008-05-27,0.2039,38.0,0.279,73.0,0.3497,82.0,,,0.3768,85.0,0.4761,93.0,0.4208,93.0,0.3625,71.0,,,0.4391,93.0
2008-05-23,0.207,40.0,0.2851,74.0,0.352,82.0,,,0.3707,85.0,0.4785,93.0,0.4218,93.0,0.3703,73.0,,,0.4317,92.0
2008-05-22,0.1956,35.0,0.3075,80.0,0.3585,83.0,,,0.3531,82.0,0.4817,93.0,0.4239,93.0,0.3661,71.0,,,0.4288,92.0
2008-05-21,0.1914,33.0,0.2996,78.0,0.3659,84.0,,,0.3637,84.0,0.4816,93.0,0.4239,93.0,0.3789,75.0,,,0.4184,91.0
2008-05-20,0.2254,49.0,0.2997,78.0,0.3612,83.0,,,0.3658,84.0,0.4816,93.0,0.4243,93.0,0.3571,69.0,,,0.4224,91.0
2008-05-19,0.2641,61.0,0.3006,78.0,0.3507,82.0,,,0.3466,82.0,0.482,93.0,0.4256,93.0,0.3654,71.0,,,0.4196,91.0
2008-05-16,0.2675,62.0,0.2911,76.0,0.3362,80.0,,,0.3636,84.0,0.482,93.0,0.425,93.0,0.3405,64.0,,,0.4141,91.0
2008-05-15,0.3935,85.0,0.3125,81.0,0.351,82.0,,,0.3897,87.0,0.4816,93.0,0.4245,93.0,0.3486,66.0,,,0.434,92.0
2008-05-14,0.3767,83.0,0.3165,81.0,0.3693,84.0,,,0.3617,84.0,0.4827,93.0,0.4281,94.0,0.3834,75.0,,,0.4322,92.0
2008-05-13,0.3719,82.0,0.2961,77.0,0.3806,85.0,,,0.3625,84.0,0.4833,93.0,0.4278,93.0,0.373,73.0,,,0.4356,92.0
2008-05-12,0.3804,83.0,0.3137,81.0,0.3668,84.0,,,0.3435,81.0,0.4879,93.0,0.4296,94.0,0.3635,71.0,,,0.4472,93.0
2008-05-09,0.4453,89.0,0.3432,85.0,0.3525,82.0,,,0.3605,83.0,0.4865,93.0,0.4302,94.0,0.3747,74.0,,,0.4274,92.0
2008-05-08,0.4342,88.0,0.3554,86.0,0.3973,87.0,,,0.3926,87.0,0.4967,94.0,0.4333,94.0,0.3801,75.0,,,0.4373,93.0
2008-05-07,0.4298,88.0,0.3526,86.0,0.4465,91.0,,,0.3616,84.0,0.4964,94.0,0.4343,94.0,0.3966,78.0,,,0.4221,91.0
2008-05-06,0.2752,64.0,0.3046,79.0,0.3911,87.0,,,0.3609,84.0,0.5001,94.0,0.4342,94.0,0.3783,74.0,,,0.4368,93.0
2008-05-05,0.2964,69.0,0.3109,80.0,0.3758,85.0,,,0.389,87.0,0.5001,94.0,0.4339,94.0,0.382,75.0,,,0.4281,92.0
2008-05-02,0.2794,65.0,0.3411,84.0,0.3476,81.0,,,0.3629,84.0,0.5,94.0,0.4347,94.0,0.3801,75.0,,,0.4276,92.0
2008-05-01,0.2783,65.0,0.3438,85.0,0.3587,83.0,,,0.3866,87.0,0.5009,94.0,0.4347,94.0,0.3561,69.0,,,0.4517,93.0
2008-04-30,0.4391,88.0,0.35,86.0,0.4038,88.0,,,0.3883,87.0,0.499,94.0,0.4342,94.0,0.3956,78.0,,,0.4211,91.0
2008-04-29,0.4897,91.0,0.3919,90.0,0.4062,88.0,,,0.3928,87.0,0.5012,94.0,0.4343,94.0,0.3801,75.0,,,0.4443,93.0
2008-04-28,0.5692,94.0,0.3936,90.0,0.4103,88.0,,,0.4059,89.0,0.5014,94.0,0.4343,94.0,0.3948,77.0,,,0.4451,93.0
2008-04-25,0.5709,94.0,0.4015,91.0,0.4022,88.0,,,0.3926,87.0,0.5013,94.0,0.4343,94.0,0.3969,78.0,,,0.4444,93.0
2008-04-24,0.621,96.0,0.4009,91.0,0.4216,90.0,,,0.422,90.0,0.5012,94.0,0.434,94.0,0.3838,75.0,,,0.4549,94.0
2008-04-23,0.6191,96.0,0.3756,88.0,0.4201,90.0,,,0.4374,91.0,0.5024,94.0,0.4361,94.0,0.3792,75.0,,,0.4572,94.0
2008-04-22,0.6248,96.0,0.3585,87.0,0.4368,91.0,,,0.4194,90.0,0.5264,96.0,0.4387,95.0,0.404,79.0,,,0.4475,93.0
2008-04-21,0.4724,90.0,0.3213,82.0,0.4991,94.0,,,0.5073,95.0,0.5174,95.0,0.4376,94.0,0.3917,77.0,,,0.4612,94.0
2008-04-18,0.4585,90.0,0.2512,63.0,0.4446,91.0,,,0.4812,94.0,0.5161,95.0,0.436,94.0,0.3781,74.0,,,0.4616,94.0
2008-04-17,0.4196,87.0,0.2887,76.0,0.4692,93.0,,,0.4514,92.0,0.5257,96.0,0.4427,95.0,0.4051,80.0,,,0.4537,94.0
2008-04-16,0.4248,88.0,0.2798,73.0,0.4601,92.0,,,0.5571,97.0,0.5263,96.0,0.4431,95.0,0.387,76.0,,,0.4734,95.0
2008-04-15,0.2791,65.0,0.2659,69.0,0.463,93.0,,,0.4814,94.0,0.528,96.0,0.4455,95.0,0.3961,78.0,,,0.4661,95.0
2008-04-14,0.3019,70.0,0.2992,78.0,0.4833,94.0,,,0.496,94.0,0.5276,96.0,0.4464,95.0,0.4115,81.0,,,0.4624,94.0
2008-04-11,0.301,70.0,0.3208,82.0,0.4095,88.0,,,0.4167,90.0,0.5278,96.0,0.4479,95.0,0.4153,82.0,,,0.4614,94.0
2008-04-10,0.2385,53.0,0.3129,81.0,0.4011,88.0,,,0.4387,91.0,0.5255,96.0,0.4474,95.0,0.3989,78.0,,,0.466,95.0
2008-04-09,0.4771,91.0,0.356,86.0,0.4247,90.0,,,0.402,88.0,0.5255,96.0,0.4479,95.0,0.4133,82.0,,,0.4524,93.0
2008-04-08,0.4242,87.0,0.3301,83.0,0.4256,90.0,,,0.4202,90.0,0.5263,96.0,0.4482,95.0,0.4095,80.0,,,0.4617,94.0
2008-04-07,0.4536,89.0,0.3807,89.0,0.4588,92.0,,,0.423,90.0,0.5261,96.0,0.448,95.0,0.4163,83.0,,,0.4563,94.0
2008-04-04,0.4799,91.0,0.3822,89.0,0.4521,92.0,,,0.3965,88.0,0.5261,96.0,0.4475,95.0,0.409,80.0,,,0.4635,94.0
2008-04-03,0.4921,92.0,0.3684,88.0,0.4162,89.0,,,0.4299,91.0,0.527,96.0,0.4468,95.0,0.4007,79.0,,,0.4621,94.0
2008-04-02,0.488,91.0,0.3652,87.0,0.4387,91.0,,,0.4279,91.0,0.5269,96.0,0.4461,95.0,0.4083,80.0,,,0.456,94.0
2008-04-01,0.4868,91.0,0.377,89.0,0.3894,86.0,,,0.4428,92.0,0.5273,96.0,0.4461,95.0,0.3828,75.0,,,0.4708,95.0
2008-03-31,0.3134,73.0,0.359,87.0,0.4689,93.0,,,0.4538,92.0,0.5191,95.0,0.4441,95.0,0.41,81.0,,,0.4776,96.0
2008-03-28,0.3175,74.0,0.4,91.0,0.4532,92.0,,,0.46,92.0,0.5195,95.0,0.4441,95.0,0.4132,82.0,,,0.468,95.0
2008-03-27,0.5368,93.0,0.404,91.0,0.4779,93.0,,,0.4487,92.0,0.5192,95.0,0.4427,95.0,0.412,81.0,,,0.4686,95.0
2008-03-26,0.5561,94.0,0.447,94.0,0.4549,92.0,,,0.4779,93.0,0.5187,95.0,0.4426,95.0,0.4199,84.0,,,0.477,95.0
2008-03-25,0.539,93.0,0.4791,95.0,0.4587,92.0,,,0.4565,92.0,0.5189,95.0,0.4424,95.0,0.4147,82.0,,,0.4791,96.0
2008-03-24,0.5344,93.0,0.5072,96.0,0.4645,93.0,,,0.4645,93.0,0.5203,95.0,0.4419,95.0,0.4332,87.0,,,0.4787,96.0
2008-03-20,0.534,93.0,0.5018,95.0,0.4699,93.0,,,0.482,94.0,0.5211,95.0,0.4416,95.0,0.4096,80.0,,,0.4977,97.0
2008-03-19,0.6362,96.0,0.5323,96.0,0.5128,95.0,,,0.5002,95.0,0.5198,95.0,0.4406,95.0,0.4554,90.0,,,0.4586,94.0
2008-03-18,0.5933,95.0,0.5047,96.0,0.4714,93.0,,,0.5744,97.0,0.5184,95.0,0.4386,95.0,0.4215,84.0,,,0.5069,97.0
2008-03-17,0.517,92.0,0.4914,95.0,0.5968,97.0,,,0.5455,96.0,0.5108,95.0,0.4368,94.0,0.4403,88.0,,,0.5051,97.0
2008-03-14,0.4973,92.0,0.4527,94.0,0.5008,94.0,,,0.4765,93.0,0.5137,95.0,0.436,94.0,0.4132,82.0,,,0.491,96.0
2008-03-13,0.4959,92.0,0.4253,93.0,0.4456,91.0,,,0.4268,90.0,0.5134,95.0,0.4336,94.0,0.3866,76.0,,,0.4705,95.0
2008-03-12,0.4957,92.0,0.3932,90.0,0.439,91.0,,,0.4561,92.0,0.5133,95.0,0.4313,94.0,0.4072,80.0,,,0.457,94.0
2008-03-11,0.4956,92.0,0.393,90.0,0.4168,89.0,,,0.4634,93.0,0.5134,95.0,0.4315,94.0,0.3775,74.0,,,0.4669,95.0
2008-03-10,0.2803,65.0,0.3365,84.0,0.5107,95.0,,,0.4943,94.0,0.5041,94.0,0.4288,94.0,0.4067,80.0,,,0.4711,95.0
2008-03-07,0.2781,65.0,0.3313,83.0,0.4585,92.0,,,0.4668,93.0,0.5052,94.0,0.4287,94.0,0.4066,80.0,,,0.4754,95.0
2008-03-06,0.2575,59.0,0.3056,79.0,0.4708,93.0,,,0.4501,92.0,0.504,94.0,0.428,94.0,0.4138,82.0,,,0.4548,94.0
2008-03-05,0.2881,67.0,0.3164,81.0,0.4392,91.0,,,0.4405,91.0,0.5065,94.0,0.4287,94.0,0.4049,80.0,,,0.4622,94.0
2008-03-04,0.3686,82.0,0.3235,82.0,0.4349,91.0,,,0.4546,92.0,0.5062,94.0,0.4285,94.0,0.3822,75.0,,,0.4733,95.0
2008-03-03,0.369,82.0,0.3403,84.0,0.4463,91.0,,,0.4571,92.0,0.5066,94.0,0.4279,94.0,0.3835,75.0,,,0.4399,93.0
2008-02-29,0.4012,86.0,0.3971,91.0,0.4537,92.0,,,0.4372,91.0,0.5069,94.0,0.4283,94.0,0.4009,79.0,,,0.4563,94.0
2008-02-28,0.3851,84.0,0.41,92.0,0.4043,88.0,,,0.4118,89.0,0.5064,94.0,0.4282,94.0,0.3751,74.0,,,0.4537,94.0
2008-02-27,0.3671,82.0,0.4182,92.0,0.4075,88.0,,,0.406,89.0,0.5063,94.0,0.4285,94.0,0.3738,73.0,,,0.4409,93.0
2008-02-26,0.3721,82.0,0.4089,92.0,0.4068,88.0,,,0.4298,91.0,0.5092,94.0,0.4287,94.0,0.3774,74.0,,,0.4496,93.0
2008-02-25,0.4904,91.0,0.4327,93.0,0.4204,90.0,,,0.4233,90.0,0.5103,95.0,0.4285,94.0,0.3784,75.0,,,0.4655,95.0
2008-02-22,0.5195,92.0,0.4183,92.0,0.4131,89.0,,,0.4415,92.0,0.5076,94.0,0.4272,93.0,0.3975,78.0,,,0.4681,95.0
2008-02-21,0.5195,92.0,0.4096,92.0,0.4413,91.0,,,0.4516,92.0,0.5089,94.0,0.4262,93.0,0.4369,88.0,,,0.483,96.0
2008-02-20,0.4885,91.0,0.349,85.0,0.4309,90.0,,,0.4568,92.0,0.5083,94.0,0.4238,93.0,0.3713,73.0,,,0.4688,95.0
2008-02-19,0.4664,90.0,0.3498,86.0,0.4791,93.0,,,0.4689,93.0,0.5117,95.0,0.4256,93.0,0.4048,80.0,,,0.4516,93.0
2008-02-15,0.4838,91.0,0.3643,87.0,0.4697,93.0,,,0.474,93.0,0.5116,95.0,0.4247,93.0,0.3816,75.0,,,0.477,95.0
2008-02-14,0.5064,92.0,0.4055,91.0,0.7263,99.0,,,0.4833,94.0,0.5118,95.0,0.4251,93.0,0.3913,77.0,,,0.4743,95.0
2008-02-13,0.5969,95.0,0.3923,90.0,0.4636,93.0,,,0.4993,95.0,0.5106,95.0,0.4239,93.0,0.3789,75.0,,,0.4586,94.0
2008-02-12,0.5331,93.0,0.3943,90.0,0.5916,97.0,,,0.4853,94.0,0.5118,95.0,0.4323,94.0,0.4235,85.0,,,0.4443,93.0
2008-02-11,0.5312,93.0,0.4341,93.0,0.5474,96.0,,,0.4515,92.0,0.5129,95.0,0.4342,94.0,0.4129,82.0,,,0.4789,96.0
2008-02-08,0.5592,94.0,0.4998,95.0,0.4836,94.0,,,0.4983,95.0,0.5137,95.0,0.4347,94.0,0.4214,84.0,,,0.4773,95.0
2008-02-07,0.5476,94.0,0.5203,96.0,0.4596,92.0,,,0.5548,97.0,0.5129,95.0,0.4349,94.0,0.4168,83.0,,,0.4724,95.0
2008-02-06,0.5772,95.0,0.5389,97.0,0.5947,97.0,,,0.478,94.0,0.5137,95.0,0.4346,94.0,0.4128,82.0,,,0.4645,94.0
2008-02-05,0.5862,95.0,0.5347,96.0,0.561,97.0,,,0.563,97.0,0.513,95.0,0.4336,94.0,0.4266,86.0,,,0.4435,93.0
2008-02-04,0.4718,90.0,0.5293,96.0,0.5327,96.0,,,0.5189,95.0,0.5046,94.0,0.4339,94.0,0.4033,79.0,,,0.4329,92.0
2008-02-01,0.4637,90.0,0.5436,97.0,0.4863,94.0,,,0.5049,95.0,0.5032,94.0,0.4338,94.0,0.3983,78.0,,,0.4359,92.0
2008-01-31,0.6423,97.0,0.7143,99.0,0.5058,95.0,,,0.5317,96.0,0.5061,94.0,0.4322,94.0,0.3939,77.0,,,0.471,95.0
2008-01-30,0.6398,96.0,0.6935,99.0,0.5506,96.0,,,0.5181,95.0,0.5073,94.0,0.4291,94.0,0.4126,82.0,,,0.4479,93.0
2008-01-29,0.6535,97.0,0.6887,99.0,0.5818,97.0,,,0.5596,97.0,0.5084,94.0,0.4271,93.0,0.4103,81.0,,,0.4412,93.0
2008-01-28,0.755,98.0,0.7276,99.0,0.6039,97.0,,,0.6144,98.0,0.5034,94.0,0.425,93.0,0.3675,72.0,,,0.4549,94.0
2008-01-25,0.732,98.0,0.7338,99.0,0.6159,98.0,,,0.6074,97.0,0.5029,94.0,0.4241,93.0,0.4009,79.0,,,0.4591,94.0
2008-01-24,0.7682,99.0,0.7356,99.0,0.6175,98.0,,,0.6377,98.0,0.5055,94.0,0.4242,93.0,0.4026,79.0,,,0.4574,94.0
2008-01-23,0.7999,99.0,0.7301,99.0,0.5796,97.0,,,0.6644,98.0,0.5051,94.0,0.4231,93.0,0.3658,71.0,,,0.48,96.0
2008-01-22,0.6687,97.0,0.547,97.0,0.646,98.0,,,0.6227,98.0,0.5003,94.0,0.4114,92.0,0.3945,77.0,,,0.4735,95.0
2008-01-18,0.7024,98.0,0.5572,97.0,0.5842,97.0,,,0.5712,97.0,0.5055,94.0,0.4122,92.0,0.3824,75.0,,,0.4375,93.0
2008-01-17,0.6568,97.0,0.5669,97.0,0.7818,99.0,,,0.5769,97.0,0.5077,94.0,0.4146,92.0,0.4154,82.0,,,0.4317,92.0
2008-01-16,0.5955,95.0,0.5298,96.0,0.6543,98.0,,,0.5453,96.0,0.4984,94.0,0.4083,91.0,0.3808,75.0,,,0.4571,94.0
2008-01-15,0.6119,96.0,0.5007,95.0,0.5804,97.0,,,0.5228,96.0,0.4997,94.0,0.406,91.0,0.4018,79.0,,,0.4189,91.0
2008-01-14,0.6286,96.0,0.5533,97.0,0.4903,94.0,,,0.534,96.0,0.4963,94.0,0.4045,91.0,0.3495,67.0,,,0.4434,93.0
2008-01-11,0.5346,93.0,0.5424,97.0,0.5052,95.0,,,0.4953,94.0,0.4952,94.0,0.4041,91.0,0.4046,79.0,,,0.4408,93.0
2008-01-10,0.4916,91.0,0.5416,97.0,0.4996,94.0,,,0.5001,95.0,0.4904,93.0,0.4021,91.0,0.3783,74.0,,,0.4523,93.0
2008-01-09,0.4322,88.0,0.5091,96.0,0.4801,93.0,,,0.5389,96.0,0.4895,93.0,0.3987,91.0,0.3596,70.0,,,0.4587,94.0
2008-01-08,0.468,90.0,0.4668,94.0,0.5502,96.0,,,0.476,93.0,0.4896,93.0,0.3958,91.0,0.4026,79.0,,,0.4301,92.0
2008-01-07,0.4104,86.0,0.4252,93.0,0.4829,94.0,,,0.4766,93.0,0.4839,93.0,0.392,91.0,0.3544,68.0,,,0.4201,91.0
2008-01-04,0.4063,86.0,0.425,93.0,0.4838,94.0,,,0.4717,93.0,0.4834,93.0,0.3911,91.0,0.38,75.0,,,0.43,92.0
2008-01-03,0.3366,77.0,0.3282,83.0,0.4566,92.0,,,0.4333,91.0,0.4791,93.0,0.3857,90.0,0.3783,74.0,,,0.4372,93.0
2008-01-02,0.499,92.0,0.3566,86.0,0.4558,92.0,,,0.4369,91.0,0.4849,93.0,0.3866,90.0,0.3758,74.0,,,0.4324,92.0
2007-12-31,0.4952,92.0,0.3341,84.0,0.4252,90.0,,,0.4098,89.0,0.4834,93.0,0.3843,90.0,0.383,75.0,,,0.4189,91.0
2007-12-28,0.4465,89.0,0.3146,81.0,0.3824,86.0,,,0.3964,88.0,0.4821,93.0,0.3835,90.0,0.3541,68.0,,,0.4237,91.0
2007-12-27,0.4674,90.0,0.3199,82.0,0.414,89.0,,,0.3983,88.0,0.4816,93.0,0.3832,90.0,0.4204,84.0,,,0.4177,91.0
2007-12-26,0.5339,93.0,0.3642,87.0,0.3919,87.0,,,0.3855,87.0,0.4801,93.0,0.3824,90.0,0.4131,82.0,,,0.4252,92.0
2007-12-24,0.5938,95.0,0.3641,87.0,0.4059,88.0,,,0.3903,87.0,0.4799,93.0,0.3816,90.0,0.3618,70.0,,,0.4256,92.0
2007-12-21,0.5951,95.0,0.3685,88.0,0.3988,87.0,,,0.393,87.0,0.4799,93.0,0.3813,90.0,0.4275,86.0,,,0.432,92.0
2007-12-20,0.516,92.0,0.3475,85.0,0.4077,88.0,,,0.412,89.0,0.4754,93.0,0.381,90.0,0.3458,66.0,,,0.4454,93.0
2007-12-19,0.578,95.0,0.4096,92.0,0.4701,93.0,,,0.4363,91.0,0.4733,93.0,0.3802,89.0,0.3722,73.0,,,0.4344,92.0
2007-12-18,0.6075,96.0,0.4206,92.0,0.4782,93.0,,,0.4921,94.0,0.4737,93.0,0.3806,89.0,0.351,67.0,,,0.4409,93.0
2007-12-17,0.5559,94.0,0.4261,93.0,0.4799,93.0,,,0.441,91.0,0.4722,92.0,0.3805,89.0,0.4068,80.0,,,0.4202,91.0
2007-12-14,0.5052,92.0,0.3752,88.0,0.4079,88.0,,,0.4119,89.0,0.4667,92.0,0.377,89.0,0.3708,73.0,,,0.4264,92.0
2007-12-13,0.6207,96.0,0.4073,91.0,0.3582,83.0,,,0.5215,96.0,0.465,92.0,0.3775,89.0,0.4051,80.0,,,0.4471,93.0
2007-12-12,0.6211,96.0,0.4242,93.0,0.3452,81.0,,,0.4337,91.0,0.465,92.0,0.3773,89.0,0.3989,78.0,,,0.4428,93.0
2007-12-11,0.6508,97.0,0.424,93.0,0.4099,88.0,,,0.5026,95.0,0.4648,92.0,0.3768,89.0,0.4101,81.0,,,0.4089,90.0
2007-12-10,0.4499,89.0,0.3528,86.0,0.3379,80.0,,,0.4644,93.0,0.4574,91.0,0.3723,89.0,0.3924,77.0,,,0.4303,92.0
2007-12-07,0.4692,90.0,0.346,85.0,0.3327,79.0,,,0.4739,93.0,0.4568,91.0,0.3721,89.0,0.3868,76.0,,,0.4316,92.0
2007-12-06,0.5116,92.0,0.3911,90.0,0.3337,79.0,,,0.4507,92.0,0.4584,91.0,0.3721,89.0,0.3889,76.0,,,0.4313,92.0
2007-12-05,0.5219,93.0,0.404,91.0,0.3696,84.0,,,0.4787,94.0,0.4577,91.0,0.3716,89.0,0.3734,73.0,,,0.4445,93.0
2007-12-04,0.4979,92.0,0.3967,91.0,0.3542,82.0,,,0.5294,96.0,0.4452,89.0,0.369,89.0,0.3782,74.0,,,0.4475,93.0
2007-12-03,0.4929,92.0,0.3766,89.0,0.4448,91.0,,,0.5023,95.0,0.4445,89.0,0.3682,89.0,0.4028,79.0,,,0.4209,91.0
2007-11-30,0.4644,90.0,0.3882,90.0,0.3743,85.0,,,0.5007,95.0,0.445,89.0,0.3677,89.0,0.4154,82.0,,,0.4365,93.0
2007-11-29,0.4636,90.0,0.408,92.0,0.3805,85.0,,,0.5002,95.0,0.4454,89.0,0.3674,89.0,0.3845,75.0,,,0.4534,94.0
2007-11-28,0.4684,90.0,0.4028,91.0,0.3849,86.0,,,0.5349,96.0,0.4465,89.0,0.3682,89.0,0.3849,76.0,,,0.4748,95.0
2007-11-27,0.3873,84.0,0.366,87.0,0.4401,91.0,,,0.501,95.0,0.4404,88.0,0.3648,89.0,0.425,85.0,,,0.4761,95.0
2007-11-26,0.3218,75.0,0.4205,92.0,0.4858,94.0,,,0.578,97.0,0.4367,88.0,0.3637,88.0,0.4527,89.0,,,0.4684,95.0
2007-11-23,0.2577,59.0,0.3922,90.0,0.4349,91.0,,,0.5478,96.0,0.4336,88.0,0.3613,88.0,0.4242,85.0,,,0.4835,96.0
2007-11-21,0.4061,86.0,0.42,92.0,0.4486,92.0,,,0.5378,96.0,0.4337,88.0,0.3612,88.0,0.4378,88.0,,,0.4842,96.0
2007-11-20,0.4058,86.0,0.4243,93.0,0.4121,89.0,,,0.5366,96.0,0.4336,88.0,0.3598,88.0,0.4466,89.0,,,0.4866,96.0
2007-11-19,0.5591,94.0,0.4556,94.0,0.45,92.0,,,0.521,95.0,0.4334,88.0,0.358,87.0,0.451,89.0,,,0.4783,96.0
2007-11-16,0.5594,94.0,0.4759,95.0,0.4118,89.0,,,0.5133,95.0,0.4345,88.0,0.359,88.0,0.4448,88.0,,,0.4781,96.0
2007-11-15,0.6305,96.0,0.4951,95.0,0.4856,94.0,,,0.4977,94.0,0.4342,88.0,0.358,87.0,0.4416,88.0,,,0.4719,95.0
2007-11-14,0.6453,97.0,0.4344,93.0,0.5472,96.0,,,0.5031,95.0,0.4329,88.0,0.353,87.0,0.4519,89.0,,,0.4698,95.0
2007-11-13,0.6548,97.0,0.4402,93.0,0.3975,87.0,,,0.4254,90.0,0.4332,88.0,0.3528,87.0,0.4343,87.0,,,0.4929,96.0
2007-11-12,0.5761,95.0,0.4206,92.0,0.7722,99.0,,,0.5006,95.0,0.4279,87.0,0.3506,86.0,0.4612,90.0,,,0.4667,95.0
2007-11-09,0.5798,95.0,0.4222,92.0,0.5789,97.0,,,0.3739,85.0,0.4281,87.0,0.349,86.0,0.4677,91.0,,,0.442,93.0
2007-11-08,0.5261,93.0,0.3752,88.0,0.4655,93.0,,,0.4963,94.0,0.4165,86.0,0.345,86.0,0.4203,84.0,,,0.4603,94.0
2007-11-07,0.528,93.0,0.352,86.0,0.5097,95.0,,,0.4749,93.0,0.4175,86.0,0.3439,86.0,0.4347,87.0,,,0.4242,91.0
2007-11-06,0.3568,80.0,0.3075,80.0,0.4125,89.0,,,0.46,92.0,0.408,85.0,0.3414,86.0,0.385,76.0,,,0.4348,92.0
2007-11-05,0.3562,80.0,0.3123,81.0,0.4349,91.0,,,0.4529,92.0,0.4089,85.0,0.3411,86.0,0.3967,78.0,,,0.4307,92.0
2007-11-02,0.3891,84.0,0.3709,88.0,0.3978,87.0,,,0.3702,85.0,0.4112,85.0,0.3406,86.0,0.3908,77.0,,,0.4361,92.0
2007-11-01,0.7806,99.0,0.4236,93.0,0.4514,92.0,,,0.3902,87.0,0.4104,85.0,0.3402,85.0,0.4124,82.0,,,0.4277,92.0
2007-10-31,0.7194,98.0,0.4197,92.0,0.3677,84.0,,,0.3643,84.0,0.4075,85.0,0.3385,85.0,0.3738,73.0,,,0.4255,92.0
2007-10-30,0.711,98.0,0.4256,93.0,0.4259,90.0,,,0.399,88.0,0.4049,85.0,0.3375,85.0,0.3852,76.0,,,0.4166,91.0
2007-10-29,0.9136,99.0,0.5349,96.0,0.425,90.0,,,0.4095,89.0,0.4045,85.0,0.3376,85.0,0.3984,78.0,,,0.4245,91.0
2007-10-26,0.9165,99.0,0.5454,97.0,0.4083,88.0,,,0.3995,88.0,0.4045,85.0,0.337,85.0,0.3929,77.0,,,0.4122,91.0
2007-10-25,0.9854,100.0,0.5839,98.0,0.4588,92.0,,,0.3932,87.0,0.4051,85.0,0.3367,85.0,0.3783,74.0,,,0.4079,90.0
2007-10-24,0.9716,99.0,0.5493,97.0,0.4318,90.0,,,0.4337,91.0,0.4039,85.0,0.3322,85.0,0.3818,75.0,,,0.4454,93.0
2007-10-23,0.6147,96.0,0.5222,96.0,0.4708,93.0,,,0.4186,90.0,0.3738,83.0,0.3284,84.0,0.361,70.0,,,0.4236,91.0
2007-10-22,0.6035,96.0,0.5058,96.0,0.4838,94.0,,,0.4792,94.0,0.375,83.0,0.328,84.0,0.3889,76.0,,,0.4229,91.0
2007-10-19,0.5864,95.0,0.4984,95.0,0.5008,94.0,,,0.4656,93.0,0.375,83.0,0.3264,84.0,0.3909,77.0,,,0.3836,87.0
2007-10-18,0.4029,86.0,0.4122,92.0,0.4361,91.0,,,0.4364,91.0,0.3565,81.0,0.3173,82.0,0.3321,62.0,,,0.3975,89.0
2007-10-17,0.3453,79.0,0.3945,90.0,0.4328,91.0,,,0.5322,96.0,0.3801,83.0,0.3237,83.0,0.3549,68.0,,,0.3801,87.0
2007-10-16,0.2141,43.0,0.3196,82.0,0.4144,89.0,,,0.3721,85.0,0.375,83.0,0.3206,82.0,0.3468,66.0,,,0.389,88.0
2007-10-15,0.3035,71.0,0.3105,80.0,0.3795,85.0,,,0.4305,91.0,0.3758,83.0,0.3199,82.0,0.3436,65.0,,,0.3933,88.0
2007-10-12,0.3026,70.0,0.273,71.0,0.3361,80.0,,,0.3753,85.0,0.3755,83.0,0.3178,82.0,0.3388,64.0,,,0.3861,87.0
2007-10-11,0.3058,71.0,0.279,73.0,0.3806,85.0,,,0.3564,83.0,0.3759,83.0,0.3174,82.0,0.3459,66.0,,,0.3859,87.0
2007-10-09,0.2632,61.0,0.2096,42.0,0.3545,82.0,,,0.3681,84.0,0.3727,83.0,0.3137,82.0,0.3233,59.0,,,0.3738,86.0
2007-10-08,0.2969,69.0,0.2491,62.0,0.3504,82.0,,,0.3703,85.0,0.3725,83.0,0.3136,82.0,0.3143,57.0,,,0.3811,87.0
2007-10-05,0.2937,69.0,0.2627,67.0,0.3262,78.0,,,0.355,83.0,0.3724,83.0,0.3139,82.0,0.3139,57.0,,,0.3759,86.0
2007-10-04,0.2633,61.0,0.2589,66.0,0.3593,83.0,,,0.3619,84.0,0.3707,82.0,0.3131,82.0,0.3173,57.0,,,0.3824,87.0
2007-10-03,0.3117,73.0,0.2604,67.0,0.3627,83.0,,,0.3575,83.0,0.3707,82.0,0.3128,82.0,0.3331,62.0,,,0.3757,86.0
2007-10-02,0.3252,76.0,0.2674,69.0,0.3552,82.0,,,0.3635,84.0,0.3699,82.0,0.3122,82.0,0.3198,57.0,,,0.3797,87.0
2007-10-01,0.3375,77.0,0.2736,71.0,0.3504,82.0,,,0.3659,84.0,0.3699,82.0,0.3121,82.0,0.3216,59.0,,,0.3822,87.0
2007-09-28,0.2892,67.0,0.2733,71.0,0.3583,83.0,,,0.3666,84.0,0.3689,82.0,0.3117,82.0,0.3295,61.0,,,0.3704,85.0
2007-09-27,0.3437,78.0,0.2674,69.0,0.3662,84.0,,,0.3779,85.0,0.3681,82.0,0.3099,81.0,0.3156,57.0,,,0.381,87.0
2007-09-26,0.4405,89.0,0.3105,80.0,0.3852,86.0,,,0.3823,86.0,0.3683,82.0,0.3094,81.0,0.3202,57.0,,,0.3806,87.0
2007-09-25,0.4365,88.0,0.3026,79.0,0.3757,85.0,,,0.3878,87.0,0.3675,82.0,0.3096,81.0,0.3189,57.0,,,0.389,88.0
2007-09-24,0.3882,84.0,0.306,79.0,0.3712,84.0,,,0.3849,86.0,0.3663,82.0,0.3093,81.0,0.3315,61.0,,,0.374,86.0
2007-09-21,0.3344,77.0,0.3096,80.0,0.3547,82.0,,,0.3534,83.0,0.3651,82.0,0.3086,81.0,0.3125,56.0,,,0.3792,86.0
2007-09-20,0.335,77.0,0.3173,81.0,0.3264,78.0,,,0.3725,85.0,0.368,82.0,0.3091,81.0,0.335,63.0,,,0.374,86.0
2007-09-19,0.2924,68.0,0.3205,82.0,0.3367,80.0,,,0.3629,84.0,0.3671,82.0,0.3087,81.0,0.3181,57.0,,,0.3793,86.0
2007-09-18,0.296,69.0,0.3259,83.0,0.3042,72.0,,,0.3911,87.0,0.3668,82.0,0.3075,81.0,0.3157,57.0,,,0.387,87.0
2007-09-17,0.3291,76.0,0.3063,79.0,0.4274,90.0,,,0.4244,90.0,0.3615,81.0,0.3049,81.0,0.3315,61.0,,,0.3916,88.0
2007-09-14,0.324,75.0,0.3229,82.0,0.3612,83.0,,,0.3576,83.0,0.3626,82.0,0.3057,81.0,0.3335,62.0,,,0.3911,88.0
2007-09-13,0.336,77.0,0.3205,82.0,0.3808,85.0,,,0.3784,86.0,0.363,82.0,0.3053,81.0,0.3293,61.0,,,0.3879,88.0
2007-09-12,0.341,78.0,0.3244,82.0,0.3851,86.0,,,0.3892,87.0,0.3652,82.0,0.3048,81.0,0.325,60.0,,,0.3924,88.0
2007-09-11,0.3928,85.0,0.3227,82.0,0.3798,85.0,,,0.3994,88.0,0.3652,82.0,0.3043,81.0,0.3185,57.0,,,0.4012,89.0
2007-09-10,0.3521,80.0,0.3251,82.0,0.4097,88.0,,,0.4033,88.0,0.3636,82.0,0.3038,81.0,0.328,60.0,,,0.3871,87.0
2007-09-07,0.4288,88.0,0.3229,82.0,0.3732,85.0,,,0.379,86.0,0.366,82.0,0.3029,80.0,0.3285,60.0,,,0.3861,87.0
2007-09-06,0.3911,85.0,0.3109,80.0,0.3497,82.0,,,0.3494,82.0,0.364,82.0,0.3017,80.0,0.3239,59.0,,,0.3827,87.0
2007-09-05,0.4009,86.0,0.2914,76.0,0.3615,83.0,,,0.3573,83.0,0.3639,82.0,0.3004,80.0,0.3158,57.0,,,0.3853,87.0
2007-09-04,0.3913,85.0,0.2993,78.0,0.3427,81.0,,,0.344,81.0,0.3638,82.0,0.3001,80.0,0.3314,61.0,,,0.3855,87.0
2007-08-31,0.4248,88.0,0.2991,78.0,0.3246,77.0,,,0.342,81.0,0.3636,82.0,0.2989,80.0,0.3196,57.0,,,0.3919,88.0
2007-08-30,0.5031,92.0,0.3583,87.0,0.349,82.0,,,0.3604,83.0,0.3615,81.0,0.2987,80.0,0.3257,60.0,,,0.3847,87.0
2007-08-29,0.5026,92.0,0.3433,85.0,0.338,80.0,,,0.3664,84.0,0.3619,81.0,0.2985,80.0,0.3187,57.0,,,0.3901,88.0
2007-08-28,0.4608,90.0,0.3338,84.0,0.3859,86.0,,,0.3774,85.0,0.3585,81.0,0.2971,79.0,0.3261,60.0,,,0.3773,86.0
2007-08-27,0.4212,87.0,0.3435,85.0,0.3652,84.0,,,0.3545,83.0,0.3563,81.0,0.2962,79.0,0.3258,60.0,,,0.3739,86.0
2007-08-24,0.574,94.0,0.5017,95.0,0.326,78.0,,,0.3522,82.0,0.3558,81.0,0.2983,80.0,0.3109,56.0,,,0.3898,88.0
2007-08-23,0.5936,95.0,0.5379,97.0,0.3603,83.0,,,0.3659,84.0,0.3543,81.0,0.2977,80.0,0.3185,57.0,,,0.3771,86.0
2007-08-22,0.6047,96.0,0.5368,96.0,0.3655,84.0,,,0.3653,84.0,0.3636,82.0,0.299,80.0,0.3128,57.0,,,0.3937,88.0
2007-08-21,0.4886,91.0,0.514,96.0,0.3954,87.0,,,0.4153,90.0,0.3558,81.0,0.2947,79.0,0.3362,63.0,,,0.4008,89.0
2007-08-20,0.5283,93.0,0.5323,96.0,0.4122,89.0,,,0.4176,90.0,0.3561,81.0,0.2949,79.0,0.3344,62.0,,,0.4089,90.0
2007-08-17,0.5313,93.0,0.5431,97.0,0.4184,89.0,,,0.4377,91.0,0.3556,81.0,0.2937,79.0,0.3396,64.0,,,0.4117,90.0
2007-08-16,0.4236,87.0,0.5529,97.0,0.5477,96.0,,,0.4889,94.0,0.3514,80.0,0.292,79.0,0.3504,67.0,,,0.4161,91.0
2007-08-15,0.3276,76.0,0.4221,92.0,0.4304,90.0,,,0.4642,93.0,0.3434,80.0,0.2797,76.0,0.2844,48.0,,,0.4286,92.0
2007-08-14,0.4042,86.0,0.3988,91.0,0.495,94.0,,,0.3876,87.0,0.3416,80.0,0.2752,75.0,0.358,70.0,,,0.3863,87.0
2007-08-13,0.4393,89.0,0.4042,91.0,0.4934,94.0,,,0.3271,79.0,0.3394,80.0,0.2738,75.0,0.3375,63.0,,,0.3996,89.0
2007-08-10,0.458,90.0,0.3904,90.0,0.4621,92.0,,,0.3595,83.0,0.3432,80.0,0.273,75.0,0.3448,65.0,,,0.3927,88.0
2007-08-09,0.4177,87.0,0.3793,89.0,0.4521,92.0,,,0.3907,87.0,0.3413,80.0,0.2709,74.0,0.3552,69.0,,,0.3802,87.0
2007-08-08,0.4276,88.0,0.376,88.0,0.3836,86.0,,,0.3989,88.0,0.3394,80.0,0.2686,72.0,0.3465,66.0,,,0.3904,88.0
2007-08-07,0.4884,91.0,0.3638,87.0,0.3751,85.0,,,0.3574,83.0,0.3394,80.0,0.2661,71.0,0.351,67.0,,,0.395,89.0
2007-08-06,0.5024,92.0,0.3665,87.0,0.3904,86.0,,,0.382,86.0,0.3395,80.0,0.2662,71.0,0.3446,65.0,,,0.4015,89.0
2007-08-03,0.5408,93.0,0.4457,94.0,0.4303,90.0,,,0.3138,76.0,0.3356,79.0,0.2636,70.0,0.3736,73.0,,,0.3828,87.0
2007-08-02,0.5797,95.0,0.4798,95.0,0.3737,85.0,,,0.3716,85.0,0.3311,79.0,0.2619,69.0,0.3387,64.0,,,0.4023,89.0
2007-08-01,0.5428,93.0,0.5359,96.0,0.3055,72.0,,,0.4955,94.0,0.3299,79.0,0.2608,68.0,0.334,62.0,,,0.3934,88.0
2007-07-31,0.6039,96.0,0.533,96.0,0.4502,92.0,,,0.3499,82.0,0.3317,79.0,0.2605,68.0,0.3533,68.0,,,0.355,84.0
2007-07-30,0.6032,96.0,0.522,96.0,0.3948,87.0,,,0.3728,85.0,0.3295,79.0,0.2589,67.0,0.3251,60.0,,,0.3785,86.0
2007-07-27,0.4806,91.0,0.5023,96.0,0.4767,93.0,,,0.2925,68.0,0.3261,79.0,0.259,67.0,0.3523,68.0,,,0.3603,84.0
2007-07-26,0.5954,95.0,0.504,96.0,0.2927,67.0,,,0.419,90.0,0.3245,79.0,0.259,67.0,0.2962,52.0,,,0.3618,84.0
2007-07-25,0.5358,93.0,0.4071,91.0,0.3211,77.0,,,0.2926,69.0,0.3131,78.0,0.2499,60.0,0.3049,55.0,,,0.3454,82.0
2007-07-24,0.4414,89.0,0.3412,84.0,0.3286,78.0,,,0.2748,60.0,0.3028,77.0,0.2455,57.0,0.2928,51.0,,,0.3346,81.0
2007-07-23,0.3024,70.0,0.2293,53.0,0.3446,81.0,,,0.3343,80.0,0.2991,76.0,0.2388,52.0,0.2962,52.0,,,0.3394,82.0
2007-07-20,0.2914,68.0,0.2212,49.0,0.3307,79.0,,,0.323,78.0,0.2978,76.0,0.2378,51.0,0.3089,56.0,,,0.3291,80.0
2007-07-19,0.1948,35.0,0.1995,37.0,0.3453,81.0,,,0.3167,77.0,0.295,75.0,0.2367,50.0,0.3021,54.0,,,0.3288,80.0
2007-07-18,0.259,60.0,0.2063,40.0,0.3198,76.0,,,0.3118,75.0,0.2975,75.0,0.2374,51.0,0.2874,49.0,,,0.3345,81.0
2007-07-17,0.352,80.0,0.2216,49.0,0.3192,76.0,,,0.3141,76.0,0.2947,75.0,0.2369,51.0,0.2976,53.0,,,0.3291,80.0
2007-07-16,0.3621,81.0,0.2132,44.0,0.3442,81.0,,,0.3233,78.0,0.296,75.0,0.2376,51.0,0.2952,52.0,,,0.3243,79.0
2007-07-13,0.37,82.0,0.2187,47.0,0.2794,61.0,,,0.2966,70.0,0.2966,75.0,0.2378,51.0,0.2659,38.0,,,0.3239,78.0
2007-07-12,0.3705,82.0,0.2091,42.0,0.2866,64.0,,,0.3018,72.0,0.2967,75.0,0.2374,51.0,0.2709,40.0,,,0.3171,76.0
2007-07-11,0.3865,84.0,0.2211,48.0,0.301,71.0,,,0.3104,75.0,0.296,75.0,0.2379,51.0,0.2781,44.0,,,0.3148,75.0
2007-07-10,0.3887,84.0,0.2249,51.0,0.3087,73.0,,,0.3065,74.0,0.2965,75.0,0.2388,52.0,0.2848,48.0,,,0.3116,74.0
2007-07-09,0.3528,80.0,0.2189,47.0,0.2931,67.0,,,0.2845,65.0,0.2949,75.0,0.2386,52.0,0.2609,36.0,,,0.2959,65.0
2007-07-06,0.2291,50.0,0.2259,51.0,0.256,48.0,,,0.2709,57.0,0.287,73.0,0.237,51.0,0.2758,43.0,,,0.3079,72.0
2007-07-05,0.2279,49.0,0.235,56.0,0.2639,53.0,,,0.2685,57.0,0.2869,73.0,0.238,51.0,0.2643,38.0,,,0.3114,74.0
2007-07-03,0.2507,57.0,0.2456,61.0,0.2521,46.0,,,0.2651,55.0,0.2867,73.0,0.2376,51.0,0.2616,36.0,,,0.3119,74.0
2007-07-02,0.2972,69.0,0.2571,65.0,0.2546,47.0,,,0.2595,52.0,0.2869,73.0,0.2382,51.0,0.2586,34.0,,,0.3101,73.0
2007-06-29,0.2384,53.0,0.2458,61.0,0.2553,47.0,,,0.2687,57.0,0.2846,71.0,0.239,52.0,0.2687,40.0,,,0.3138,75.0
2007-06-28,0.2557,59.0,0.2776,73.0,0.2652,53.0,,,0.2642,54.0,0.2852,72.0,0.2388,52.0,0.2721,41.0,,,0.3091,73.0
2007-06-27,0.2755,64.0,0.2868,75.0,0.2596,50.0,,,0.2707,57.0,0.2858,72.0,0.239,52.0,0.2652,38.0,,,0.317,76.0
2007-06-26,0.2187,45.0,0.2539,64.0,0.2787,60.0,,,0.2889,67.0,0.2845,71.0,0.2365,50.0,0.2783,45.0,,,0.3015,69.0
2007-06-25,0.2437,55.0,0.2496,62.0,0.2795,61.0,,,0.2846,65.0,0.2844,71.0,0.2359,50.0,0.2821,47.0,,,0.3074,72.0
2007-06-22,0.2528,57.0,0.2504,63.0,0.2837,63.0,,,0.2701,57.0,0.2838,71.0,0.2354,49.0,0.272,41.0,,,0.3028,69.0
2007-06-21,0.2674,62.0,0.2636,68.0,0.2607,51.0,,,0.267,56.0,0.2817,70.0,0.2354,49.0,0.2572,33.0,,,0.3005,68.0
2007-06-20,0.2879,67.0,0.2623,67.0,0.2721,57.0,,,0.2669,56.0,0.282,70.0,0.2352,49.0,0.2662,39.0,,,0.2971,66.0
2007-06-19,0.2571,59.0,0.2335,55.0,0.2509,45.0,,,0.2526,47.0,0.2807,69.0,0.233,47.0,0.2488,27.0,,,0.2939,64.0
2007-06-18,0.2539,57.0,0.2446,60.0,0.2804,61.0,,,0.2675,56.0,0.2804,69.0,0.2327,46.0,0.2586,34.0,,,0.2926,63.0
2007-06-15,0.2792,65.0,0.2435,60.0,0.2599,50.0,,,0.2744,60.0,0.28,68.0,0.2333,47.0,0.2561,32.0,,,0.2949,65.0
2007-06-14,0.2996,70.0,0.2468,61.0,0.2496,44.0,,,0.2822,64.0,0.2799,68.0,0.2332,47.0,0.2572,33.0,,,0.2959,65.0
2007-06-13,0.3202,74.0,0.2621,67.0,0.273,57.0,,,0.2946,69.0,0.2797,68.0,0.2328,46.0,0.255,31.0,,,0.299,67.0
2007-06-12,0.264,61.0,0.238,57.0,0.3062,73.0,,,0.2817,64.0,0.2771,66.0,0.2315,45.0,0.2647,38.0,,,0.3014,69.0
2007-06-11,0.2513,57.0,0.2453,61.0,0.2768,59.0,,,0.2982,71.0,0.2761,66.0,0.2317,45.0,0.2619,36.0,,,0.3021,69.0
2007-06-08,0.244,55.0,0.2379,57.0,0.2911,66.0,,,0.2914,68.0,0.2776,67.0,0.2338,47.0,0.2641,38.0,,,0.3048,71.0
2007-06-07,0.2511,57.0,0.2255,51.0,0.3129,74.0,,,0.3154,76.0,0.278,67.0,0.233,47.0,0.2664,39.0,,,0.3051,71.0
2007-06-06,0.1899,33.0,0.2224,49.0,0.3045,72.0,,,0.3041,73.0,0.2773,66.0,0.234,48.0,0.2541,31.0,,,0.298,67.0
2007-06-05,0.1381,14.0,0.215,45.0,0.2831,63.0,,,0.2796,63.0,0.2783,67.0,0.2356,49.0,0.2536,30.0,,,0.2941,64.0
2007-06-04,0.2003,37.0,0.2086,42.0,0.2734,57.0,,,0.2822,64.0,0.2787,67.0,0.2344,48.0,0.2509,28.0,,,0.2971,66.0
2007-06-01,0.2048,39.0,0.2189,47.0,0.2666,54.0,,,0.2631,53.0,0.2797,68.0,0.2358,50.0,0.2547,31.0,,,0.2948,65.0
2007-05-31,0.221,46.0,0.2043,39.0,0.2668,54.0,,,0.274,60.0,0.2794,68.0,0.2352,49.0,0.255,31.0,,,0.295,65.0
2007-05-30,0.2515,57.0,0.2174,46.0,0.2617,51.0,,,0.2785,62.0,0.2794,68.0,0.2351,49.0,0.2472,26.0,,,0.2983,67.0
2007-05-29,0.2507,57.0,0.2077,41.0,0.2717,57.0,,,0.275,60.0,0.2791,68.0,0.2345,48.0,0.2554,32.0,,,0.2948,65.0
2007-05-25,0.2591,60.0,0.2094,42.0,0.2606,51.0,,,0.2649,54.0,0.2797,68.0,0.2348,48.0,0.2545,31.0,,,0.2968,66.0
2007-05-24,0.2588,60.0,0.2125,44.0,0.2736,57.0,,,0.2794,62.0,0.2798,68.0,0.2347,48.0,0.2582,34.0,,,0.2969,66.0
2007-05-23,0.2542,57.0,0.1965,35.0,0.271,56.0,,,0.2727,59.0,0.2775,67.0,0.2337,47.0,0.2551,31.0,,,0.29,62.0
2007-05-22,0.2521,57.0,0.1976,36.0,0.2694,55.0,,,0.2701,57.0,0.2772,66.0,0.233,47.0,0.2548,31.0,,,0.2925,63.0
2007-05-21,0.2588,60.0,0.2057,40.0,0.2708,56.0,,,0.2781,62.0,0.2772,66.0,0.2333,47.0,0.2521,28.0,,,0.2963,66.0
2007-05-18,0.2988,70.0,0.2075,41.0,0.264,53.0,,,0.2794,62.0,0.2776,67.0,0.2337,47.0,0.2543,31.0,,,0.299,67.0
2007-05-17,0.3134,73.0,0.2231,50.0,0.2908,66.0,,,0.285,65.0,0.2774,67.0,0.2337,47.0,0.2569,33.0,,,0.2948,65.0
2007-05-16,0.3091,72.0,0.2244,50.0,0.2817,62.0,,,0.2894,67.0,0.2767,66.0,0.2335,47.0,0.2529,30.0,,,0.2959,65.0
2007-05-15,0.2987,70.0,0.2235,50.0,0.3259,78.0,,,0.2685,57.0,0.2775,67.0,0.2341,48.0,0.2702,40.0,,,0.2881,61.0
2007-05-14,0.2629,61.0,0.2187,47.0,0.3462,81.0,,,0.2824,64.0,0.2758,66.0,0.2339,47.0,0.2623,36.0,,,0.2872,60.0
2007-05-11,0.2609,60.0,0.2051,40.0,0.2956,68.0,,,0.2369,36.0,0.2819,70.0,0.2348,48.0,0.268,39.0,,,0.2857,59.0
2007-05-10,0.2495,57.0,0.2109,43.0,0.3101,74.0,,,0.2582,51.0,0.2812,69.0,0.2343,48.0,0.2634,37.0,,,0.2878,60.0
2007-05-09,0.1121,7.0,0.1939,33.0,0.2926,67.0,,,0.2708,57.0,0.277,66.0,0.2339,47.0,0.2466,25.0,,,0.2815,56.0
2007-05-08,0.2208,46.0,0.1979,36.0,0.2995,70.0,,,0.2857,66.0,0.2762,66.0,0.233,47.0,0.2489,27.0,,,0.2813,56.0
2007-05-07,0.257,59.0,0.2279,52.0,0.3062,73.0,,,0.2833,64.0,0.2767,66.0,0.2332,47.0,0.2545,31.0,,,0.2847,57.0
2007-05-04,0.2727,63.0,0.2251,51.0,0.2997,70.0,,,0.2834,64.0,0.2775,67.0,0.2336,47.0,0.257,33.0,,,0.284,57.0
2007-05-03,0.2953,69.0,0.2268,52.0,0.2986,70.0,,,0.2842,65.0,0.2776,67.0,0.2332,47.0,0.2554,32.0,,,0.2837,57.0
2007-05-02,0.637,96.0,0.3759,88.0,0.2984,69.0,,,0.2876,67.0,0.2781,67.0,0.2339,47.0,0.2533,30.0,,,0.282,56.0
2007-05-01,0.6485,97.0,0.3912,90.0,0.3051,72.0,,,0.2935,69.0,0.2779,67.0,0.2339,47.0,0.2596,35.0,,,0.2855,59.0
2007-04-30,0.6485,97.0,0.3993,91.0,0.3267,78.0,,,0.3049,73.0,0.2774,67.0,0.2337,47.0,0.2627,37.0,,,0.2792,54.0
2007-04-27,0.5821,95.0,0.3899,90.0,0.301,71.0,,,0.2788,62.0,0.2749,65.0,0.2329,47.0,0.2528,30.0,,,0.2775,52.0
2007-04-26,0.6137,96.0,0.3677,88.0,0.322,77.0,,,0.2905,68.0,0.2738,64.0,0.2313,45.0,0.2583,34.0,,,0.2757,51.0
2007-04-25,0.5896,95.0,0.3667,88.0,0.2998,70.0,,,0.2898,67.0,0.2733,64.0,0.2313,45.0,0.247,26.0,,,0.2739,49.0
2007-04-24,0.5405,93.0,0.3593,87.0,0.2641,53.0,,,0.251,46.0,0.272,63.0,0.2324,46.0,0.2371,18.0,,,0.2696,45.0
2007-04-23,0.2381,53.0,0.2036,39.0,0.2801,61.0,,,0.2724,59.0,0.2388,37.0,0.2247,37.0,0.2545,31.0,,,0.2758,51.0
2007-04-20,0.1685,24.0,0.1635,17.0,0.2737,57.0,,,0.2551,48.0,0.2352,35.0,0.2237,36.0,0.2584,34.0,,,0.2631,39.0
2007-04-19,0.1523,19.0,0.1451,10.0,0.2708,56.0,,,0.2609,52.0,0.2341,35.0,0.2235,36.0,0.2506,28.0,,,0.2756,50.0
2007-04-18,0.147,17.0,0.1354,7.0,0.2569,49.0,,,0.2699,57.0,0.2341,35.0,0.2237,36.0,0.2615,36.0,,,0.2744,49.0
2007-04-17,0.1251,11.0,0.1391,8.0,0.2814,62.0,,,0.2721,59.0,0.2337,34.0,0.2239,36.0,0.2512,28.0,,,0.2719,47.0
2007-04-16,0.1163,8.0,0.1365,7.0,0.2603,51.0,,,0.2724,59.0,0.2336,34.0,0.2242,37.0,0.2554,32.0,,,0.2778,53.0
2007-04-13,0.0665,1.0,0.1484,11.0,0.2307,33.0,,,0.2581,51.0,0.2332,34.0,0.2244,37.0,0.2569,33.0,,,0.2753,50.0
2007-04-12,0.1404,15.0,0.1475,11.0,0.2498,44.0,,,0.2607,52.0,0.2338,34.0,0.2253,38.0,0.2534,30.0,,,0.2765,51.0
2007-04-11,0.1564,20.0,0.1418,9.0,0.25,44.0,,,0.2654,55.0,0.2339,34.0,0.225,37.0,0.2609,36.0,,,0.2742,49.0
2007-04-10,0.1458,17.0,0.1659,18.0,0.262,52.0,,,0.2639,54.0,0.2335,34.0,0.225,37.0,0.2554,32.0,,,0.2726,48.0
2007-04-09,0.1869,32.0,0.1719,21.0,0.2631,52.0,,,0.2678,56.0,0.2336,34.0,0.2259,38.0,0.2557,32.0,,,0.2716,47.0
2007-04-05,0.2093,41.0,0.1794,25.0,0.2429,40.0,,,0.2523,46.0,0.2336,34.0,0.2262,39.0,0.2545,31.0,,,0.2706,46.0
2007-04-04,0.2982,70.0,0.2067,41.0,0.2524,46.0,,,0.2651,55.0,0.2336,34.0,0.227,40.0,0.2577,33.0,,,0.2693,45.0
2007-04-03,0.2933,68.0,0.2057,40.0,0.26,50.0,,,0.264,54.0,0.2349,35.0,0.2279,41.0,0.2584,34.0,,,0.2665,42.0
2007-04-02,0.2985,70.0,0.2127,44.0,0.2754,59.0,,,0.2818,64.0,0.2339,34.0,0.2277,40.0,0.2546,31.0,,,0.2712,46.0
2007-03-30,0.2768,64.0,0.2162,46.0,0.2689,55.0,,,0.2797,63.0,0.2337,34.0,0.2278,40.0,0.2545,31.0,,,0.2678,43.0
2007-03-29,0.3335,77.0,0.2232,50.0,0.268,55.0,,,0.271,57.0,0.2336,34.0,0.2266,39.0,0.2473,26.0,,,0.2697,45.0
2007-03-28,0.3084,72.0,0.2239,50.0,0.2705,56.0,,,0.2809,63.0,0.232,33.0,0.2264,39.0,0.2578,33.0,,,0.2644,40.0
2007-03-27,0.3665,81.0,0.2331,55.0,0.2732,57.0,,,0.28,63.0,0.2311,32.0,0.2268,39.0,0.2558,32.0,,,0.263,39.0
2007-03-26,0.2844,66.0,0.2203,48.0,0.263,52.0,,,0.2731,59.0,0.229,31.0,0.2286,42.0,0.2439,23.0,,,0.2746,50.0
2007-03-23,0.283,66.0,0.2213,49.0,0.2633,52.0,,,0.2592,51.0,0.2295,31.0,0.2298,43.0,0.2524,30.0,,,0.2636,39.0
2007-03-22,0.211,42.0,0.2358,56.0,0.2395,38.0,,,0.2497,45.0,0.2263,28.0,0.2296,43.0,0.2477,26.0,,,0.2621,38.0
2007-03-21,0.3406,78.0,0.2443,60.0,0.2157,23.0,,,0.2406,38.0,0.2264,28.0,0.2295,43.0,0.2478,26.0,,,0.2679,44.0
2007-03-20,0.3318,77.0,0.2168,46.0,0.2411,39.0,,,0.253,47.0,0.225,28.0,0.2284,41.0,0.2459,25.0,,,0.2722,47.0
2007-03-19,0.3371,77.0,0.2174,46.0,0.2527,46.0,,,0.258,50.0,0.2246,27.0,0.2285,41.0,0.2545,31.0,,,0.2745,50.0
2007-03-16,0.3035,71.0,0.207,41.0,0.2669,54.0,,,0.2676,56.0,0.2213,25.0,0.2279,41.0,0.2633,37.0,,,0.2711,46.0
2007-03-15,0.3034,71.0,0.2106,43.0,0.2584,49.0,,,0.2678,56.0,0.2223,25.0,0.2284,41.0,0.2547,31.0,,,0.2683,44.0
2007-03-14,0.3073,72.0,0.2215,49.0,0.2614,51.0,,,0.2871,66.0,0.2224,26.0,0.2283,41.0,0.2642,38.0,,,0.2687,44.0
2007-03-13,0.2713,63.0,0.2084,41.0,0.3065,73.0,,,0.2749,60.0,0.2186,23.0,0.2271,40.0,0.2543,31.0,,,0.2733,48.0
2007-03-12,0.1991,36.0,0.1957,35.0,0.2503,45.0,,,0.2841,65.0,0.214,19.0,0.2273,40.0,0.2465,25.0,,,0.2645,40.0
2007-03-09,0.2001,37.0,0.25,62.0,0.2399,38.0,,,0.2433,40.0,0.2145,20.0,0.2281,41.0,0.2475,26.0,,,0.2613,37.0
2007-03-08,0.1703,25.0,0.2519,63.0,0.2285,31.0,,,0.2499,45.0,0.2137,19.0,0.2287,42.0,0.249,27.0,,,0.2659,41.0
2007-03-07,0.3873,84.0,0.3001,78.0,0.2721,57.0,,,0.2835,65.0,0.2145,20.0,0.2294,43.0,0.2529,30.0,,,0.2637,39.0
2007-03-06,0.3896,85.0,0.2936,77.0,0.2767,59.0,,,0.2728,59.0,0.2207,24.0,0.2299,43.0,0.2528,30.0,,,0.2638,39.0
2007-03-05,0.354,80.0,0.2829,74.0,0.303,71.0,,,0.3121,75.0,0.2207,24.0,0.232,46.0,0.2603,35.0,,,0.2694,45.0
2007-03-02,0.3618,81.0,0.2754,72.0,0.2798,61.0,,,0.274,60.0,0.2211,25.0,0.2315,45.0,0.2611,36.0,,,0.2724,47.0
2007-03-01,0.368,82.0,0.2727,71.0,0.2699,56.0,,,0.2726,59.0,0.2195,23.0,0.2314,45.0,0.2453,24.0,,,0.2665,42.0
2007-02-28,0.3872,84.0,0.2478,62.0,0.2603,51.0,,,0.269,57.0,0.2203,24.0,0.2287,42.0,0.2497,28.0,,,0.2616,38.0
2007-02-27,0.3993,86.0,0.2474,61.0,0.2936,67.0,,,0.267,56.0,0.2202,24.0,0.2287,42.0,0.2396,20.0,,,0.2643,40.0
2007-02-26,0.1282,11.0,0.1795,25.0,0.2329,34.0,,,0.2331,34.0,0.2017,11.0,0.2255,38.0,0.2385,20.0,,,0.258,35.0
2007-02-23,0.2472,56.0,0.2134,44.0,0.2243,28.0,,,0.223,28.0,0.2049,14.0,0.2256,38.0,0.2429,23.0,,,0.2538,31.0
2007-02-22,0.2156,44.0,0.2082,41.0,0.2122,21.0,,,0.2286,31.0,0.2044,13.0,0.2264,39.0,0.2394,20.0,,,0.2539,31.0
2007-02-21,0.2063,39.0,0.2111,43.0,0.2189,25.0,,,0.2278,30.0,0.2055,14.0,0.2271,40.0,0.2342,16.0,,,0.251,28.0
2007-02-20,0.2408,54.0,0.2233,50.0,0.2196,26.0,,,0.2305,32.0,0.2055,14.0,0.2273,40.0,0.2382,19.0,,,0.2532,30.0
2007-02-16,0.2735,64.0,0.2171,46.0,0.2201,26.0,,,0.2226,28.0,0.2055,14.0,0.2261,38.0,0.1788,1.0,,,0.2911,62.0
2007-02-15,0.2737,64.0,0.2193,47.0,0.245,41.0,,,0.2145,22.0,0.2071,15.0,0.2273,40.0,0.1762,1.0,,,0.2853,59.0
2007-02-14,0.2679,62.0,0.226,51.0,0.2115,20.0,,,0.2306,32.0,0.2071,15.0,0.2282,41.0,0.1647,1.0,,,0.3034,70.0
2007-02-13,0.1607,22.0,0.193,33.0,0.2592,50.0,,,0.1418,1.0,0.2047,13.0,0.2278,40.0,0.2549,31.0,,,0.2451,24.0
2007-02-12,0.2183,45.0,0.2142,44.0,0.3065,73.0,,,0.2054,17.0,0.21,17.0,0.2298,43.0,0.2552,32.0,,,0.2428,23.0
2007-02-09,0.2356,52.0,0.2261,51.0,0.2485,44.0,,,0.0944,1.0,0.21,17.0,0.2311,44.0,0.2563,33.0,,,0.2413,22.0
2007-02-08,0.2179,45.0,0.2572,65.0,0.2296,32.0,,,0.1618,2.0,0.2097,17.0,0.2309,44.0,0.2592,34.0,,,0.2462,25.0
2007-02-07,0.1734,26.0,0.2607,67.0,0.2345,35.0,,,0.2194,25.0,0.2086,16.0,0.2308,44.0,0.2493,28.0,,,0.2471,25.0
2007-02-06,0.1757,27.0,0.273,71.0,0.2251,28.0,,,0.1797,5.0,0.2088,16.0,0.2317,45.0,0.2578,33.0,,,0.2489,27.0
2007-02-05,0.1732,26.0,0.2879,75.0,0.241,39.0,,,0.1709,3.0,0.2089,16.0,0.2322,46.0,0.2555,32.0,,,0.2431,23.0
2007-02-02,0.3197,74.0,0.304,79.0,0.1992,12.0,,,0.0839,1.0,0.2085,16.0,0.2324,46.0,0.249,27.0,,,0.2569,33.0
2007-02-01,0.2947,69.0,0.2892,76.0,0.2238,28.0,,,0.169,3.0,0.2058,14.0,0.2329,47.0,0.2606,35.0,,,0.2449,24.0
2007-01-31,0.2907,68.0,0.2772,73.0,0.2209,27.0,,,0.2081,18.0,0.2076,15.0,0.2349,49.0,0.2489,27.0,,,0.2457,24.0
2007-01-30,0.3064,72.0,0.2505,63.0,0.2453,41.0,,,0.2183,25.0,0.207,15.0,0.2329,47.0,0.2541,31.0,,,0.2533,30.0
2007-01-29,0.3133,73.0,0.2435,60.0,0.293,67.0,,,0.259,51.0,0.2071,15.0,0.2317,45.0,0.2597,35.0,,,0.2484,26.0
2007-01-26,0.295,69.0,0.2442,60.0,0.3052,72.0,,,0.2668,56.0,0.2064,14.0,0.231,44.0,0.2622,36.0,,,0.2588,35.0
2007-01-25,0.2594,60.0,0.224,50.0,0.3088,73.0,,,0.2813,63.0,0.2095,16.0,0.2309,44.0,0.2532,30.0,,,0.2474,26.0
2007-01-24,0.2203,46.0,0.2031,39.0,0.2847,63.0,,,0.2572,50.0,0.2031,12.0,0.231,44.0,0.2541,31.0,,,0.2544,31.0
2007-01-23,0.2241,48.0,0.2236,50.0,0.3048,72.0,,,0.2382,37.0,0.2028,12.0,0.2319,46.0,0.2797,45.0,,,0.2429,23.0
2007-01-22,0.2496,57.0,0.24,57.0,0.2944,68.0,,,0.2618,53.0,0.2026,12.0,0.2321,46.0,0.2635,37.0,,,0.2493,27.0
2007-01-19,0.1956,35.0,0.2286,53.0,0.2778,60.0,,,0.2486,44.0,0.2034,13.0,0.232,46.0,0.2594,35.0,,,0.255,32.0
2007-01-18,0.2069,40.0,0.2249,51.0,0.2886,65.0,,,0.2498,45.0,0.205,14.0,0.2316,45.0,0.2606,35.0,,,0.2456,24.0
2007-01-17,0.1392,15.0,0.221,48.0,0.2857,64.0,,,0.2398,38.0,0.2064,14.0,0.2312,45.0,0.2634,37.0,,,0.2465,25.0
2007-01-16,0.0761,2.0,0.2143,45.0,0.2686,55.0,,,0.2478,43.0,0.2066,15.0,0.2314,45.0,0.2568,33.0,,,0.2623,38.0
2007-01-12,0.1173,8.0,0.223,49.0,0.2123,21.0,,,0.2099,19.0,0.2065,15.0,0.2318,46.0,0.2362,18.0,,,0.2659,41.0
2007-01-11,0.1218,10.0,0.2401,57.0,0.1748,3.0,,,0.2373,36.0,0.2061,14.0,0.2309,44.0,0.2231,10.0,,,0.2704,46.0
2007-01-10,0.1449,17.0,0.225,51.0,0.2621,52.0,,,0.2086,18.0,0.2067,15.0,0.2307,44.0,0.2215,9.0,,,0.2769,52.0
2007-01-09,0.1595,21.0,0.227,52.0,0.2116,20.0,,,0.211,20.0,0.2095,16.0,0.2315,45.0,0.2233,10.0,,,0.2799,55.0
2007-01-08,0.1477,18.0,0.215,45.0,0.2225,28.0,,,0.2197,26.0,0.2088,16.0,0.2315,45.0,0.2228,10.0,,,0.2812,55.0
2007-01-05,0.1409,15.0,0.1937,33.0,0.2168,24.0,,,0.2135,22.0,0.2087,16.0,0.231,44.0,0.2301,14.0,,,0.2724,47.0
2007-01-04,0.1451,17.0,0.205,40.0,0.2171,24.0,,,0.2306,32.0,0.2088,16.0,0.2314,45.0,0.2236,10.0,,,0.2822,56.0
2007-01-03,0.1454,17.0,0.2081,41.0,0.2135,22.0,,,0.2225,28.0,0.2096,17.0,0.2312,45.0,0.2194,8.0,,,0.2794,54.0
2006-12-29,0.1762,27.0,0.1694,20.0,0.1894,7.0,,,0.2024,15.0,0.2097,17.0,0.2294,43.0,0.2238,11.0,,,0.2644,40.0
2006-12-28,0.1619,22.0,0.1693,20.0,0.2024,14.0,,,0.2035,15.0,0.2108,17.0,0.2304,44.0,0.2233,10.0,,,0.265,41.0
2006-12-27,0.1394,15.0,0.1723,21.0,0.2017,14.0,,,0.2015,14.0,0.21,17.0,0.2302,43.0,0.2225,10.0,,,0.2645,40.0
2006-12-26,0.1455,17.0,0.1948,34.0,0.2089,19.0,,,0.2127,21.0,0.2095,16.0,0.2303,44.0,0.2223,10.0,,,0.2688,44.0
2006-12-22,0.1491,18.0,0.198,36.0,0.1959,11.0,,,0.2027,15.0,0.2149,20.0,0.2321,46.0,0.2217,10.0,,,0.2666,42.0
2006-12-21,0.1416,16.0,0.2026,38.0,0.1997,13.0,,,0.2014,14.0,0.2147,20.0,0.2319,46.0,0.2142,6.0,,,0.2592,36.0
2006-12-20,0.141,15.0,0.1929,33.0,0.1813,4.0,,,0.1978,12.0,0.2144,20.0,0.2313,45.0,0.2123,5.0,,,0.261,37.0
2006-12-19,0.1146,7.0,0.199,37.0,0.2239,28.0,,,0.2233,28.0,0.2138,19.0,0.231,44.0,0.2382,19.0,,,0.2813,56.0
2006-12-18,0.1877,32.0,0.2473,61.0,0.2211,27.0,,,0.231,32.0,0.2136,19.0,0.2313,45.0,0.2352,17.0,,,0.2768,52.0
2006-12-15,0.201,37.0,0.2484,62.0,0.2367,36.0,,,0.2451,42.0,0.2151,20.0,0.2317,45.0,0.2389,20.0,,,0.2758,51.0
2006-12-14,0.2224,47.0,0.2555,65.0,0.2419,39.0,,,0.3264,79.0,0.2153,21.0,0.2326,46.0,0.2308,14.0,,,0.2808,55.0
2006-12-13,0.2665,62.0,0.2854,74.0,0.2065,17.0,,,0.6081,97.0,0.2168,22.0,0.2338,47.0,0.2988,53.0,,,0.2412,22.0
2006-12-12,0.2865,67.0,0.2869,75.0,0.1901,8.0,,,0.5493,96.0,0.2171,22.0,0.2333,47.0,0.2937,51.0,,,0.251,28.0
2006-12-11,0.3155,73.0,0.3029,79.0,0.1939,9.0,,,0.3051,73.0,0.2171,22.0,0.2331,47.0,0.3024,54.0,,,0.2421,22.0
2006-12-08,0.3162,74.0,0.2987,78.0,0.2167,24.0,,,0.4315,91.0,0.2205,24.0,0.2341,48.0,0.304,54.0,,,0.2397,22.0
2006-12-07,0.2866,67.0,0.2596,66.0,0.2013,14.0,,,0.406,89.0,0.218,22.0,0.2314,45.0,0.3109,56.0,,,0.2352,19.0
2006-12-06,0.2751,64.0,0.2528,64.0,0.1967,11.0,,,0.2581,51.0,0.2176,22.0,0.2313,45.0,0.3,53.0,,,0.2431,23.0
2006-12-05,0.2434,55.0,0.2367,57.0,0.2181,25.0,,,0.3934,87.0,0.2165,21.0,0.2303,44.0,0.2962,52.0,,,0.244,23.0
2006-12-04,0.2099,41.0,0.1963,35.0,0.2306,33.0,,,0.2534,47.0,0.2138,19.0,0.2284,41.0,0.3308,61.0,,,0.2228,14.0
2006-12-01,0.1328,13.0,0.1928,33.0,0.2107,20.0,,,0.2436,41.0,0.2131,19.0,0.2285,41.0,0.3163,57.0,,,0.2276,16.0
2006-11-30,0.1109,7.0,0.1572,15.0,0.2295,32.0,,,0.2353,35.0,0.2145,20.0,0.2287,42.0,0.3242,59.0,,,0.2232,14.0
2006-11-29,0.1326,13.0,0.1626,17.0,0.2032,15.0,,,0.2399,38.0,0.2147,20.0,0.2297,43.0,0.3183,57.0,,,0.2251,15.0
2006-11-28,0.1989,36.0,0.1896,31.0,0.2269,30.0,,,0.2488,44.0,0.2197,23.0,0.2312,45.0,0.3214,59.0,,,0.2248,15.0
2006-11-27,0.2033,38.0,0.1897,31.0,0.2253,28.0,,,0.2409,39.0,0.2202,24.0,0.2324,46.0,0.315,57.0,,,0.2226,13.0
2006-11-24,0.1941,34.0,0.1825,27.0,0.207,17.0,,,0.2228,28.0,0.2249,28.0,0.2356,49.0,0.3216,59.0,,,0.2191,12.0
2006-11-22,0.211,42.0,0.2009,37.0,0.2091,19.0,,,0.2292,31.0,0.2249,28.0,0.2363,50.0,0.312,56.0,,,0.2234,14.0
2006-11-21,0.2072,40.0,0.2006,37.0,0.2124,21.0,,,0.2315,33.0,0.2287,30.0,0.2367,50.0,0.3085,55.0,,,0.2228,14.0
2006-11-20,0.294,69.0,0.2323,54.0,0.2145,22.0,,,0.2364,36.0,0.2299,31.0,0.237,51.0,0.3166,57.0,,,0.2195,12.0
2006-11-17,0.2569,59.0,0.2243,50.0,0.2106,20.0,,,0.2358,35.0,0.2303,32.0,0.2373,51.0,0.313,57.0,,,0.2296,17.0
2006-11-16,0.2545,59.0,0.2101,42.0,0.2155,23.0,,,0.2378,37.0,0.2283,30.0,0.2369,51.0,0.3171,57.0,,,0.226,15.0
2006-11-15,0.2579,60.0,0.2106,43.0,0.2114,20.0,,,0.2375,37.0,0.2293,31.0,0.2379,51.0,0.331,61.0,,,0.2234,14.0
2006-11-14,0.2472,56.0,0.2183,47.0,0.2631,52.0,,,0.2472,43.0,0.2301,31.0,0.2394,52.0,0.326,60.0,,,0.2217,13.0
2006-11-13,0.2869,67.0,0.214,44.0,0.2672,54.0,,,0.258,50.0,0.2299,31.0,0.2399,53.0,0.3317,62.0,,,0.2286,16.0
2006-11-10,0.2845,66.0,0.2054,40.0,0.2691,55.0,,,0.256,49.0,0.2293,31.0,0.2395,52.0,0.3326,62.0,,,0.2314,18.0
2006-11-09,0.1531,19.0,0.1857,28.0,0.2509,45.0,,,0.2542,48.0,0.2237,27.0,0.2392,52.0,0.3469,66.0,,,0.2183,12.0
2006-11-08,0.1541,19.0,0.2025,38.0,0.2816,62.0,,,0.2505,45.0,0.2237,27.0,0.2395,52.0,0.3446,65.0,,,0.2253,15.0
2006-11-07,0.1487,18.0,0.1915,32.0,0.2586,49.0,,,0.2551,48.0,0.2235,27.0,0.2392,52.0,0.3418,64.0,,,0.2205,12.0
2006-11-06,0.1623,22.0,0.1959,35.0,0.2608,51.0,,,0.2608,52.0,0.2257,28.0,0.2401,53.0,0.3505,67.0,,,0.2241,14.0
2006-11-03,0.1198,9.0,0.1906,31.0,0.2679,55.0,,,0.2621,53.0,0.2255,28.0,0.2399,53.0,0.3503,67.0,,,0.2199,12.0
2006-11-02,0.1104,7.0,0.1778,24.0,0.2424,39.0,,,0.2701,57.0,0.2254,28.0,0.2404,53.0,0.3458,66.0,,,0.2254,15.0
2006-11-01,0.0695,1.0,0.2117,43.0,0.2643,53.0,,,0.259,51.0,0.2278,30.0,0.2418,54.0,0.3559,69.0,,,0.2205,12.0
2006-10-31,0.0957,4.0,0.2582,66.0,0.2537,47.0,,,0.2609,52.0,0.2286,30.0,0.243,55.0,0.3475,66.0,,,0.2236,14.0
2006-10-30,0.1047,5.0,0.2654,69.0,0.256,48.0,,,0.1411,1.0,0.2285,30.0,0.2422,54.0,0.3572,69.0,,,0.2214,13.0
2006-10-27,0.1034,5.0,0.2765,72.0,0.2555,48.0,,,0.1492,1.0,0.2325,33.0,0.2434,55.0,0.3528,68.0,,,0.2157,11.0
2006-10-26,0.0993,5.0,0.278,73.0,0.2564,48.0,,,0.2677,56.0,0.2327,33.0,0.2435,55.0,0.3492,67.0,,,0.2257,15.0
2006-10-25,0.0998,5.0,0.2749,72.0,0.2625,52.0,,,0.2676,56.0,0.2328,33.0,0.2436,55.0,0.3538,68.0,,,0.2265,15.0
2006-10-24,0.103,5.0,0.2769,72.0,0.2742,57.0,,,0.2789,62.0,0.2332,34.0,0.2456,57.0,0.3491,66.0,,,0.2217,13.0
2006-10-23,0.1205,9.0,0.2532,64.0,0.2968,69.0,,,0.2767,61.0,0.2374,36.0,0.2453,57.0,0.3553,69.0,,,0.2217,13.0
2006-10-20,0.1486,18.0,0.2152,45.0,0.2775,60.0,,,0.2651,55.0,0.2373,36.0,0.2434,55.0,0.3501,67.0,,,0.2248,15.0
2006-10-19,0.1263,11.0,0.1933,33.0,0.2756,59.0,,,0.254,48.0,0.2405,38.0,0.2439,56.0,0.3585,70.0,,,0.2224,13.0
2006-10-18,0.1265,11.0,0.1814,26.0,0.2813,62.0,,,0.2593,51.0,0.2409,38.0,0.246,57.0,0.3525,68.0,,,0.2176,11.0
2006-10-17,0.1288,12.0,0.1895,31.0,0.2804,61.0,,,0.2543,48.0,0.2415,39.0,0.2462,57.0,0.3566,69.0,,,0.2225,13.0
2006-10-16,0.1034,5.0,0.1935,33.0,0.2787,60.0,,,0.2585,51.0,0.2427,40.0,0.2472,59.0,0.3554,69.0,,,0.223,14.0
2006-10-13,0.1021,5.0,0.2026,38.0,0.2719,57.0,,,0.2464,42.0,0.2428,40.0,0.2475,59.0,0.3403,64.0,,,0.2272,16.0
2006-10-12,0.1415,16.0,0.2243,50.0,0.2706,56.0,,,0.2496,45.0,0.2431,40.0,0.2475,59.0,0.3347,62.0,,,0.2329,18.0
2006-10-11,0.132,13.0,0.2024,38.0,0.24,38.0,,,0.2178,24.0,0.2452,41.0,0.2477,59.0,0.3563,69.0,,,0.2281,16.0
2006-10-10,0.1288,12.0,0.2057,40.0,0.229,32.0,,,0.2381,37.0,0.246,41.0,0.2483,59.0,0.353,68.0,,,0.224,14.0
2006-10-09,0.1415,16.0,0.2019,38.0,0.2412,39.0,,,0.2427,40.0,0.2459,41.0,0.2482,59.0,0.3568,69.0,,,0.2367,20.0
2006-10-06,0.1408,15.0,0.1832,27.0,0.2305,33.0,,,0.2412,39.0,0.2457,41.0,0.2475,59.0,0.3619,70.0,,,0.2303,17.0
2006-10-05,0.1368,14.0,0.1934,33.0,0.2374,36.0,,,0.235,35.0,0.2459,41.0,0.2473,59.0,0.3574,69.0,,,0.2276,16.0
2006-10-04,0.201,37.0,0.2369,57.0,0.2449,41.0,,,0.2434,40.0,0.2472,42.0,0.247,57.0,0.3602,70.0,,,0.2419,22.0
2006-10-03,0.1781,28.0,0.24,57.0,0.2408,39.0,,,0.2493,45.0,0.2454,41.0,0.2457,57.0,0.3713,73.0,,,0.2327,18.0
2006-10-02,0.1795,28.0,0.247,61.0,0.2569,49.0,,,0.2463,42.0,0.2473,42.0,0.246,57.0,0.3743,74.0,,,0.2286,16.0
2006-09-29,0.1882,32.0,0.2456,61.0,0.2452,41.0,,,0.2476,43.0,0.2476,43.0,0.2458,57.0,0.3665,72.0,,,0.2312,18.0
2006-09-28,0.1816,30.0,0.2522,63.0,0.2471,42.0,,,0.2415,39.0,0.2483,43.0,0.2466,57.0,0.3721,73.0,,,0.2288,17.0
2006-09-27,0.1793,28.0,0.2591,66.0,0.2494,44.0,,,0.2552,49.0,0.2483,43.0,0.2469,57.0,0.3653,71.0,,,0.2313,18.0
2006-09-26,0.1897,33.0,0.2506,63.0,0.2482,43.0,,,0.2602,52.0,0.2483,43.0,0.2463,57.0,0.3541,68.0,,,0.2403,22.0
2006-09-25,0.1541,19.0,0.2155,45.0,0.2573,49.0,,,0.2691,57.0,0.246,41.0,0.2444,56.0,0.3575,69.0,,,0.2354,20.0
2006-09-22,0.1309,12.0,0.1931,33.0,0.2514,45.0,,,0.2658,55.0,0.246,41.0,0.2434,55.0,0.3587,70.0,,,0.2339,19.0
2006-09-21,0.1316,12.0,0.1875,28.0,0.26,50.0,,,0.2574,50.0,0.2465,42.0,0.2439,56.0,0.3555,69.0,,,0.2289,17.0
2006-09-20,0.1568,20.0,0.2051,40.0,0.2572,49.0,,,0.2591,51.0,0.2466,42.0,0.2439,56.0,0.3599,70.0,,,0.2351,19.0
2006-09-19,0.146,17.0,0.2121,44.0,0.2631,52.0,,,0.2748,60.0,0.246,41.0,0.2437,56.0,0.3662,71.0,,,0.2299,17.0
2006-09-18,0.1643,23.0,0.2214,49.0,0.2722,57.0,,,0.27,57.0,0.2464,42.0,0.2434,55.0,0.3775,74.0,,,0.226,15.0
2006-09-15,0.1807,28.0,0.235,56.0,0.2649,53.0,,,0.2703,57.0,0.2463,42.0,0.2432,55.0,0.3764,74.0,,,0.224,14.0
2006-09-14,0.2675,62.0,0.2377,57.0,0.2614,51.0,,,0.2689,57.0,0.2455,41.0,0.2429,55.0,0.3575,69.0,,,0.2353,19.0
2006-09-13,0.2892,67.0,0.2813,74.0,0.2604,51.0,,,0.2737,60.0,0.2455,41.0,0.2426,55.0,0.3499,67.0,,,0.2354,20.0
2006-09-12,0.3088,72.0,0.2806,73.0,0.2785,60.0,,,0.2695,57.0,0.2458,41.0,0.2425,55.0,0.3433,65.0,,,0.2426,23.0
2006-09-11,0.2927,68.0,0.268,70.0,0.2817,62.0,,,0.2812,63.0,0.2458,41.0,0.2416,54.0,0.3482,66.0,,,0.2433,23.0
2006-09-08,0.2957,69.0,0.2588,66.0,0.2451,41.0,,,0.2751,60.0,0.246,41.0,0.2409,53.0,0.3495,67.0,,,0.239,21.0
2006-09-07,0.2822,66.0,0.2515,63.0,0.2671,54.0,,,0.2833,64.0,0.247,42.0,0.241,54.0,0.3589,70.0,,,0.233,18.0
2006-09-06,0.2799,65.0,0.243,60.0,0.2802,61.0,,,0.2746,60.0,0.2467,42.0,0.2402,53.0,0.3584,70.0,,,0.2278,16.0
2006-09-05,0.2228,47.0,0.2284,53.0,0.269,55.0,,,0.2575,50.0,0.2426,39.0,0.2403,53.0,0.3405,64.0,,,0.2363,20.0
2006-09-01,0.2068,40.0,0.1852,28.0,0.2622,52.0,,,0.246,42.0,0.2431,40.0,0.2374,51.0,0.3456,65.0,,,0.2279,16.0
2006-08-31,0.171,25.0,0.2017,38.0,0.2616,51.0,,,0.2485,44.0,0.2426,39.0,0.2374,51.0,0.3477,66.0,,,0.2325,18.0
2006-08-30,0.1642,23.0,0.2023,38.0,0.2632,52.0,,,0.253,47.0,0.2427,40.0,0.2373,51.0,0.3525,68.0,,,0.228,16.0
2006-08-29,0.1618,22.0,0.2011,38.0,0.2578,49.0,,,0.2571,50.0,0.2421,39.0,0.2374,51.0,0.3453,65.0,,,0.237,20.0
2006-08-28,0.1643,23.0,0.2244,50.0,0.2499,44.0,,,0.2557,49.0,0.2429,40.0,0.2377,51.0,0.3571,69.0,,,0.2388,21.0
2006-08-25,0.1563,20.0,0.2322,54.0,0.2478,43.0,,,0.2559,49.0,0.2434,40.0,0.2373,51.0,0.3627,71.0,,,0.2309,18.0
2006-08-24,0.2513,57.0,0.2502,63.0,0.2463,42.0,,,0.2721,59.0,0.2416,39.0,0.2372,51.0,0.3547,68.0,,,0.2341,19.0
2006-08-23,0.3297,76.0,0.2663,69.0,0.2591,50.0,,,0.2589,51.0,0.2417,39.0,0.2363,50.0,0.3538,68.0,,,0.2377,21.0
2006-08-22,0.3126,73.0,0.2776,73.0,0.2494,44.0,,,0.2594,51.0,0.2414,39.0,0.2358,50.0,0.3464,66.0,,,0.2463,25.0
2006-08-21,0.3239,75.0,0.2804,73.0,0.2612,51.0,,,0.2594,51.0,0.2415,39.0,0.2357,49.0,0.357,69.0,,,0.2377,21.0
2006-08-18,0.3106,72.0,0.2917,76.0,15.276,100.0,,,0.2574,50.0,0.2428,40.0,0.2361,50.0,0.3495,67.0,,,0.2396,21.0
2006-08-17,0.2833,66.0,0.289,76.0,10.6729,100.0,,,0.2553,49.0,0.2428,40.0,0.2353,49.0,0.3485,66.0,,,0.2282,16.0
2006-08-16,0.2925,68.0,0.2889,76.0,9.3387,100.0,,,0.2649,54.0,0.2435,40.0,0.2347,48.0,0.3325,62.0,,,0.2362,20.0
2006-08-15,0.2438,55.0,0.2738,71.0,0.328,78.0,,,0.198,12.0,0.24,38.0,0.2334,47.0,0.3888,76.0,,,0.2171,11.0
2006-08-14,0.0805,2.0,0.2674,69.0,0.3387,80.0,,,0.1926,9.0,0.2352,35.0,0.2314,45.0,0.4013,79.0,,,0.1962,7.0
2006-08-10,0.1779,28.0,0.2882,75.0,0.2763,59.0,,,0.2273,30.0,0.2351,35.0,0.2302,43.0,0.3242,59.0,,,0.2605,37.0
2006-08-09,0.1834,30.0,0.275,72.0,0.2907,66.0,,,0.2261,28.0,0.2351,35.0,0.2292,42.0,0.3227,59.0,,,0.255,32.0
2006-08-08,0.1698,25.0,0.2622,67.0,0.2697,55.0,,,0.2268,30.0,0.235,35.0,0.2281,41.0,0.3277,60.0,,,0.2674,43.0
2006-08-07,0.2171,45.0,0.2679,70.0,0.2914,66.0,,,0.1334,1.0,0.2371,36.0,0.228,41.0,0.3291,61.0,,,0.2574,34.0
2006-08-04,0.2364,53.0,0.2845,74.0,0.2688,55.0,,,0.2309,32.0,0.2375,37.0,0.2282,41.0,0.3219,59.0,,,0.261,37.0
2006-08-03,0.2296,50.0,0.2741,71.0,0.2503,45.0,,,0.1807,5.0,0.2377,37.0,0.2269,39.0,0.3218,59.0,,,0.2572,34.0
2006-08-02,0.2051,39.0,0.231,54.0,0.264,53.0,,,0.2218,27.0,0.2355,35.0,0.2245,37.0,0.3298,61.0,,,0.2621,38.0
2006-08-01,0.2648,62.0,0.2346,55.0,0.2647,53.0,,,0.216,23.0,0.2359,36.0,0.2243,37.0,0.33,61.0,,,0.2421,22.0
2006-07-31,0.294,69.0,0.242,59.0,0.2736,57.0,,,0.2306,32.0,0.2386,37.0,0.2265,39.0,0.3089,56.0,,,0.2535,31.0
2006-07-28,0.3417,78.0,0.2474,61.0,0.266,54.0,,,0.2247,28.0,0.24,38.0,0.2265,39.0,0.3222,59.0,,,0.2578,34.0
2006-07-27,0.3061,72.0,0.2339,55.0,0.2919,67.0,,,0.2156,23.0,0.2558,48.0,0.2277,40.0,0.3208,57.0,,,0.2438,23.0
2006-07-26,0.3031,71.0,0.2187,47.0,0.2902,66.0,,,0.2251,28.0,0.2554,47.0,0.2262,39.0,0.3232,59.0,,,0.255,32.0
2006-07-25,0.3017,70.0,0.2049,40.0,0.2754,59.0,,,0.2341,34.0,0.2575,49.0,0.2261,38.0,0.3152,57.0,,,0.2511,28.0
2006-07-24,0.3145,73.0,0.2151,45.0,0.3085,73.0,,,0.2703,57.0,0.2585,50.0,0.2263,39.0,0.3177,57.0,,,0.2465,25.0
2006-07-21,0.2577,59.0,0.2203,48.0,0.3279,78.0,,,0.2635,54.0,0.2553,47.0,0.2261,38.0,0.3264,60.0,,,0.2469,25.0
2006-07-20,0.2491,57.0,0.2222,49.0,0.3164,75.0,,,0.2735,60.0,0.2564,48.0,0.2267,39.0,0.3215,59.0,,,0.2486,27.0
2006-07-19,0.2193,46.0,0.2178,47.0,0.3122,74.0,,,0.2824,64.0,0.2541,46.0,0.2265,39.0,0.3171,57.0,,,0.2497,27.0
2006-07-18,0.1837,31.0,0.2145,45.0,0.2851,64.0,,,0.31,75.0,0.2558,48.0,0.2269,39.0,0.321,57.0,,,0.2469,25.0
2006-07-17,0.1708,25.0,0.2114,43.0,0.3285,78.0,,,0.3025,72.0,0.2561,48.0,0.2273,40.0,0.3255,60.0,,,0.2468,25.0
2006-07-14,0.1572,20.0,0.2135,44.0,0.2955,68.0,,,0.2899,67.0,0.2564,48.0,0.2274,40.0,0.3258,60.0,,,0.2467,25.0
2006-07-13,0.1676,24.0,0.2202,48.0,0.2969,69.0,,,0.2836,65.0,0.2557,48.0,0.2266,39.0,0.3238,59.0,,,0.2461,25.0
2006-07-12,0.1477,18.0,0.2013,38.0,0.2785,60.0,,,0.2773,61.0,0.2535,46.0,0.2254,38.0,0.3202,57.0,,,0.2545,32.0
2006-07-11,0.1546,19.0,0.1925,33.0,0.2534,46.0,,,0.2653,55.0,0.2542,46.0,0.2251,37.0,0.3204,57.0,,,0.2477,26.0
2006-07-10,0.2773,64.0,0.2162,46.0,0.2657,54.0,,,0.2638,54.0,0.2541,46.0,0.2246,37.0,0.3237,59.0,,,0.2525,28.0
2006-07-07,0.2796,65.0,0.2136,44.0,0.2482,43.0,,,0.2532,47.0,0.2541,46.0,0.2244,37.0,0.3229,59.0,,,0.2555,32.0
2006-07-06,0.2577,59.0,0.2095,42.0,0.2486,44.0,,,0.246,42.0,0.2537,46.0,0.224,36.0,0.3221,59.0,,,0.2481,26.0
2006-07-05,0.2571,59.0,0.204,39.0,0.2575,49.0,,,0.2514,46.0,0.2539,46.0,0.2241,36.0,0.324,59.0,,,0.2476,26.0
2006-07-03,0.1991,36.0,0.1884,30.0,0.246,42.0,,,0.2517,46.0,0.2523,45.0,0.2228,36.0,0.3142,57.0,,,0.2538,31.0
2006-06-30,0.2467,56.0,0.2058,40.0,0.2487,44.0,,,0.2457,42.0,0.2533,45.0,0.2238,36.0,0.3159,57.0,,,0.2531,30.0
2006-06-29,0.2607,60.0,0.2375,57.0,0.2412,39.0,,,0.2561,49.0,0.2541,46.0,0.2249,37.0,0.3237,59.0,,,0.2575,34.0
2006-06-28,0.2025,38.0,0.2307,54.0,0.2546,47.0,,,0.2727,59.0,0.2499,44.0,0.2232,36.0,0.3241,59.0,,,0.2603,36.0
2006-06-27,0.2099,41.0,0.23,53.0,0.2699,56.0,,,0.2658,55.0,0.2496,43.0,0.2231,36.0,0.3247,59.0,,,0.2596,36.0
2006-06-26,0.211,42.0,0.2281,52.0,0.2639,53.0,,,0.2687,57.0,0.2496,43.0,0.2228,36.0,0.3247,59.0,,,0.2581,35.0
2006-06-23,0.2626,61.0,0.2556,65.0,0.2631,52.0,,,0.2631,53.0,0.2498,44.0,0.2232,36.0,0.3055,55.0,,,0.2571,34.0
2006-06-22,0.2602,60.0,0.2491,62.0,0.269,55.0,,,0.2636,54.0,0.2499,44.0,0.2232,36.0,0.3018,54.0,,,0.2558,32.0
2006-06-21,0.2041,38.0,0.2421,59.0,0.2549,47.0,,,0.2637,54.0,0.2489,43.0,0.2222,36.0,0.3023,54.0,,,0.2579,35.0
2006-06-20,0.2368,53.0,0.2166,46.0,0.274,57.0,,,0.2722,59.0,0.2482,43.0,0.2216,35.0,0.3055,55.0,,,0.2585,35.0
2006-06-19,0.2129,43.0,0.1925,33.0,0.274,57.0,,,0.2795,63.0,0.2478,43.0,0.2209,35.0,0.3017,54.0,,,0.2543,31.0
2006-06-16,0.2395,54.0,0.2072,41.0,0.2817,62.0,,,0.2796,63.0,0.2477,43.0,0.2208,35.0,0.3048,55.0,,,0.2561,33.0
2006-06-15,0.2781,65.0,0.2375,57.0,0.2866,64.0,,,0.2879,67.0,0.2477,43.0,0.2208,35.0,0.298,53.0,,,0.2613,37.0
2006-06-14,0.2029,38.0,0.2302,53.0,0.2984,69.0,,,0.3084,74.0,0.2443,40.0,0.2196,34.0,0.309,56.0,,,0.2663,42.0
2006-06-13,0.2518,57.0,0.2568,65.0,0.3039,72.0,,,0.337,80.0,0.2446,40.0,0.2197,34.0,0.3083,55.0,,,0.2675,43.0
2006-06-12,0.2241,48.0,0.2699,70.0,0.3251,77.0,,,0.3272,79.0,0.2448,41.0,0.22,34.0,0.3099,56.0,,,0.2683,44.0
2006-06-09,0.3582,81.0,0.3159,81.0,0.2911,66.0,,,0.3154,76.0,0.244,40.0,0.2194,34.0,0.3017,54.0,,,0.2657,41.0
2006-06-08,0.3703,82.0,0.3215,82.0,0.3135,75.0,,,0.3039,73.0,0.2447,41.0,0.2193,34.0,0.3053,55.0,,,0.256,33.0
2006-06-07,0.3929,85.0,0.3235,82.0,0.2961,69.0,,,0.3188,77.0,0.2436,40.0,0.2194,34.0,0.2972,53.0,,,0.2581,35.0
2006-06-06,0.3949,85.0,0.3049,79.0,0.3002,70.0,,,0.2818,64.0,0.2423,39.0,0.2181,33.0,0.2963,52.0,,,0.2547,32.0
2006-06-05,0.4105,86.0,0.298,78.0,0.2975,69.0,,,0.2771,61.0,0.2422,39.0,0.2176,33.0,0.3075,55.0,,,0.258,35.0
2006-06-02,0.3335,77.0,0.2882,75.0,0.2515,45.0,,,0.2616,52.0,0.2385,37.0,0.2165,33.0,0.2952,52.0,,,0.2567,33.0
2006-06-01,0.3447,78.0,0.2854,74.0,0.2489,44.0,,,0.2765,61.0,0.2382,37.0,0.2152,32.0,0.29,50.0,,,0.2536,31.0
2006-05-31,0.293,68.0,0.2545,64.0,0.2666,54.0,,,0.2653,55.0,0.2341,35.0,0.2113,28.0,0.2946,52.0,,,0.251,28.0
2006-05-30,0.3063,72.0,0.2664,69.0,0.2709,56.0,,,0.2617,52.0,0.2337,34.0,0.2108,28.0,0.2949,52.0,,,0.2488,27.0
2006-05-26,0.2394,54.0,0.253,64.0,0.2396,38.0,,,0.2508,45.0,0.2303,32.0,0.2097,28.0,0.2858,48.0,,,0.2454,24.0
2006-05-25,0.2667,62.0,0.2686,70.0,0.2476,43.0,,,0.253,47.0,0.2288,30.0,0.2097,28.0,0.2866,49.0,,,0.244,23.0
2006-05-24,0.2167,44.0,0.2633,68.0,0.2636,52.0,,,0.2627,53.0,0.2272,28.0,0.2089,27.0,0.2895,50.0,,,0.2436,23.0
2006-05-23,0.2126,42.0,0.2523,64.0,0.2656,54.0,,,0.2648,54.0,0.2273,28.0,0.2078,26.0,0.2867,49.0,,,0.2429,23.0
2006-05-22,0.2293,50.0,0.2507,63.0,0.2595,50.0,,,0.2668,56.0,0.2266,28.0,0.2069,26.0,0.281,46.0,,,0.2392,21.0
2006-05-19,0.2285,50.0,0.2283,52.0,0.2639,53.0,,,0.2585,51.0,0.226,28.0,0.2052,25.0,0.2746,42.0,,,0.2337,19.0
2006-05-18,0.2,37.0,0.2228,49.0,0.2558,48.0,,,0.2468,43.0,0.2249,28.0,0.204,25.0,0.2785,45.0,,,0.2336,19.0
2006-05-17,0.2801,65.0,0.2488,62.0,0.2608,51.0,,,0.2558,49.0,0.2247,27.0,0.2044,25.0,0.2799,45.0,,,0.2284,16.0
2006-05-16,0.2601,60.0,0.2595,66.0,0.2546,47.0,,,0.275,60.0,0.222,25.0,0.2029,24.0,0.1785,1.0,,,0.2999,68.0
2006-05-15,0.2586,60.0,0.2528,64.0,0.3855,86.0,,,0.1863,7.0,0.222,25.0,0.203,24.0,0.3008,54.0,,,0.2131,10.0
2006-05-12,0.306,71.0,0.2688,70.0,0.2943,68.0,,,0.1801,5.0,0.2222,25.0,0.203,24.0,0.3009,54.0,,,0.2081,9.0
2006-05-11,0.2292,50.0,0.2611,67.0,0.2659,54.0,,,1.0833,100.0,0.2202,24.0,0.2023,24.0,0.2993,53.0,,,0.2138,10.0
2006-05-10,0.2222,47.0,0.2616,67.0,0.2585,49.0,,,0.2089,19.0,0.2207,24.0,0.2034,24.0,0.2985,53.0,,,0.2077,9.0
2006-05-09,0.222,47.0,0.2761,72.0,0.2539,47.0,,,0.1683,3.0,0.2202,24.0,0.2023,24.0,0.3153,57.0,,,0.198,7.0
2006-05-08,0.3215,75.0,0.2746,72.0,0.2365,36.0,,,0.2073,18.0,0.2174,22.0,0.2007,23.0,0.2976,53.0,,,0.2064,9.0
2006-05-05,0.3123,73.0,0.2646,68.0,0.2137,22.0,,,0.2059,17.0,0.2163,21.0,0.1985,22.0,0.2989,53.0,,,0.2115,10.0
2006-05-04,0.3544,80.0,0.2914,76.0,0.2173,24.0,,,0.2053,16.0,0.2164,21.0,0.1991,22.0,0.3025,54.0,,,0.2126,10.0
2006-05-03,0.3197,74.0,0.3146,81.0,0.2274,30.0,,,0.1752,4.0,0.2119,18.0,0.1978,21.0,0.3125,56.0,,,0.2183,12.0
2006-05-02,0.3153,73.0,0.3173,81.0,0.2385,37.0,,,0.159,2.0,0.211,17.0,0.1986,22.0,0.3104,56.0,,,0.2065,9.0
2006-05-01,0.3307,76.0,0.3266,83.0,0.2314,33.0,,,0.1818,6.0,0.2105,17.0,0.1982,22.0,0.3187,57.0,,,0.2238,14.0
2006-04-28,0.3183,74.0,0.3053,79.0,0.2468,42.0,,,0.2071,17.0,0.2122,18.0,0.1968,21.0,0.3214,59.0,,,0.2118,10.0
2006-04-27,0.2637,61.0,0.2881,75.0,0.2269,30.0,,,0.1369,1.0,0.2132,19.0,0.1961,20.0,0.3073,55.0,,,0.209,9.0
2006-04-26,0.2979,70.0,0.2901,76.0,0.2111,20.0,,,0.1445,1.0,0.2193,23.0,0.1977,21.0,0.305,55.0,,,0.2103,9.0
2006-04-25,0.2668,62.0,0.2749,72.0,0.2441,40.0,,,0.1726,4.0,0.2148,20.0,0.1957,20.0,0.3237,59.0,,,0.2222,13.0
2006-04-24,0.2585,60.0,0.2298,53.0,0.2554,48.0,,,0.1753,4.0,0.2181,22.0,0.1932,17.0,0.3298,61.0,,,0.2189,12.0
2006-04-21,0.2476,56.0,0.2166,46.0,0.2491,44.0,,,0.2034,15.0,0.2231,26.0,0.1948,19.0,0.3201,57.0,,,0.2042,8.0
2006-04-20,0.2192,46.0,0.1943,34.0,0.2376,37.0,,,0.1497,1.0,0.2215,25.0,0.1947,19.0,0.3184,57.0,,,0.2107,9.0
2006-04-19,0.2358,52.0,0.1929,33.0,0.2288,31.0,,,0.1549,2.0,0.2226,26.0,0.1961,20.0,0.3169,57.0,,,0.2127,10.0
2006-04-18,0.2306,51.0,0.1849,28.0,0.2444,41.0,,,0.2047,16.0,0.2228,26.0,0.1968,21.0,0.3155,57.0,,,0.2082,9.0
2006-04-17,0.2005,37.0,0.1589,16.0,0.2283,31.0,,,0.1804,5.0,0.2198,23.0,0.1956,20.0,0.3235,59.0,,,0.21,9.0
2006-04-13,0.1931,34.0,0.1451,10.0,0.2273,30.0,,,0.2106,20.0,0.2191,23.0,0.196,20.0,0.327,60.0,,,0.2169,11.0
2006-04-12,0.2195,46.0,0.1614,17.0,0.2362,36.0,,,0.1901,8.0,0.2194,23.0,0.1964,21.0,0.3232,59.0,,,0.214,10.0
2006-04-11,0.219,45.0,0.1678,19.0,0.2265,30.0,,,0.2116,20.0,0.2196,23.0,0.197,21.0,0.3178,57.0,,,0.217,11.0
2006-04-10,0.2146,43.0,0.1705,21.0,0.2154,23.0,,,0.2188,25.0,0.2195,23.0,0.1976,21.0,0.3205,57.0,,,0.2145,10.0
2006-04-07,0.1849,31.0,0.1822,27.0,0.2259,30.0,,,0.1992,13.0,0.2178,22.0,0.1973,21.0,0.3204,57.0,,,0.2115,10.0
2006-04-06,0.2056,39.0,0.1942,34.0,0.21,19.0,,,0.2055,17.0,0.2188,23.0,0.1977,21.0,0.3134,57.0,,,0.2083,9.0
2006-04-05,0.1748,27.0,0.2087,42.0,0.1939,9.0,,,0.1976,12.0,0.2173,22.0,0.1976,21.0,0.3206,57.0,,,0.2125,10.0
2006-04-04,0.1734,26.0,0.2094,42.0,0.1908,8.0,,,0.1966,11.0,0.2181,22.0,0.1989,22.0,0.325,60.0,,,0.2151,10.0
2006-04-03,0.1451,17.0,0.1979,36.0,0.1963,11.0,,,0.203,15.0,0.219,23.0,0.1992,22.0,0.324,59.0,,,0.2118,10.0
2006-03-31,0.1549,20.0,0.1917,32.0,0.1912,8.0,,,0.1968,11.0,0.2205,24.0,0.2003,23.0,0.3216,59.0,,,0.2117,10.0
2006-03-30,0.1548,20.0,0.1903,31.0,0.1944,10.0,,,0.1973,12.0,0.2206,24.0,0.2006,23.0,0.3153,57.0,,,0.205,8.0
2006-03-29,0.1339,13.0,0.1831,27.0,0.1947,10.0,,,0.1989,13.0,0.2198,23.0,0.2003,23.0,0.3171,57.0,,,0.2122,10.0
2006-03-28,0.1091,6.0,0.1754,23.0,0.1939,9.0,,,0.1971,12.0,0.221,25.0,0.2007,23.0,0.3225,59.0,,,0.2119,10.0
2006-03-27,0.1024,5.0,0.1499,12.0,0.1952,10.0,,,0.1995,13.0,0.2219,25.0,0.201,23.0,0.3217,59.0,,,0.2142,10.0
2006-03-24,0.1242,10.0,0.1478,11.0,0.1964,11.0,,,0.1831,6.0,0.2221,25.0,0.2012,23.0,0.3187,57.0,,,0.2079,9.0
2006-03-23,0.1516,19.0,0.1433,10.0,0.1883,7.0,,,0.1915,9.0,0.2225,26.0,0.2014,23.0,0.3239,59.0,,,0.2024,8.0
2006-03-22,0.1739,27.0,0.168,19.0,0.1926,9.0,,,0.192,9.0,0.2221,25.0,0.2016,23.0,0.3163,57.0,,,0.2066,9.0
2006-03-21,0.1898,33.0,0.1701,20.0,0.1912,8.0,,,0.1902,8.0,0.2221,25.0,0.2031,24.0,0.3169,57.0,,,0.2057,8.0
2006-03-20,0.2098,41.0,0.1853,28.0,0.2066,17.0,,,0.2001,13.0,0.2221,25.0,0.2036,24.0,0.3361,63.0,,,0.2235,14.0
2006-03-17,0.246,56.0,0.1864,28.0,0.1987,12.0,,,0.216,23.0,0.2225,26.0,0.2043,25.0,0.3297,61.0,,,0.2246,14.0
2006-03-16,0.2523,57.0,0.1895,31.0,0.2163,24.0,,,0.2107,20.0,0.2228,26.0,0.205,25.0,0.332,62.0,,,0.227,15.0
2006-03-15,0.2315,51.0,0.1883,30.0,0.2027,15.0,,,0.2514,46.0,0.2221,25.0,0.205,25.0,0.3309,61.0,,,0.2249,15.0
2006-03-14,0.224,48.0,0.1934,33.0,0.2131,21.0,,,0.2056,17.0,0.2213,25.0,0.205,25.0,0.3359,63.0,,,0.2256,15.0
2006-03-13,0.1983,36.0,0.1892,30.0,0.2342,35.0,,,0.2214,27.0,0.2197,23.0,0.2039,25.0,0.3302,61.0,,,0.2312,18.0
2006-03-10,0.203,38.0,0.1854,28.0,0.2011,14.0,,,0.2221,27.0,0.2196,23.0,0.2041,25.0,0.33,61.0,,,0.2315,18.0
2006-03-09,0.1753,27.0,0.1603,16.0,0.2236,28.0,,,0.1997,13.0,0.2181,22.0,0.2029,24.0,0.3335,62.0,,,0.2372,20.0
2006-03-08,0.1614,22.0,0.1601,16.0,0.2143,22.0,,,0.2268,30.0,0.2171,22.0,0.2029,24.0,0.3238,59.0,,,0.2285,16.0
2006-03-07,0.1816,30.0,0.1636,17.0,0.2205,26.0,,,0.2304,32.0,0.2176,22.0,0.2029,24.0,0.3116,56.0,,,0.2313,18.0
2006-03-06,0.1779,28.0,0.166,18.0,0.2285,31.0,,,0.2168,24.0,0.2175,22.0,0.203,24.0,0.3191,57.0,,,0.2291,17.0
2006-03-03,0.211,42.0,0.1709,21.0,0.2168,24.0,,,0.2282,31.0,0.2188,23.0,0.2028,24.0,0.334,62.0,,,0.2342,19.0
2006-03-02,0.237,53.0,0.1732,22.0,0.2176,25.0,,,0.2096,19.0,0.2182,23.0,0.202,23.0,0.3282,60.0,,,0.2429,23.0
2006-03-01,0.2374,53.0,0.1805,25.0,0.2031,15.0,,,0.2221,27.0,0.2177,22.0,0.2022,23.0,0.3144,57.0,,,0.2535,31.0
2006-02-28,0.2219,47.0,0.1768,23.0,0.213,21.0,,,0.2128,21.0,0.2171,22.0,0.2027,24.0,0.3325,62.0,,,0.2484,26.0
2006-02-27,0.22,46.0,0.1724,21.0,0.2051,16.0,,,0.2161,23.0,0.2169,22.0,0.2027,24.0,0.3454,65.0,,,0.2562,33.0
2006-02-24,0.205,39.0,0.1718,21.0,0.2063,17.0,,,0.2173,24.0,0.2167,22.0,0.2036,24.0,0.3444,65.0,,,0.2625,38.0
2006-02-23,0.2131,43.0,0.1821,26.0,0.2122,21.0,,,0.2244,28.0,0.2169,22.0,0.2035,24.0,0.3537,68.0,,,0.2545,32.0
2006-02-22,0.166,24.0,0.1689,20.0,0.2111,20.0,,,0.2103,19.0,0.2153,21.0,0.203,24.0,0.3523,68.0,,,0.2649,41.0
2006-02-21,0.1322,13.0,0.1554,14.0,0.2275,31.0,,,0.2215,27.0,0.2134,19.0,0.2031,24.0,0.3467,66.0,,,0.2581,35.0
2006-02-17,0.1779,28.0,0.1681,19.0,0.2294,32.0,,,0.218,25.0,0.2128,18.0,0.2028,24.0,0.3509,67.0,,,0.2618,38.0
2006-02-16,0.1856,31.0,0.181,26.0,0.2217,27.0,,,0.2377,37.0,0.2127,18.0,0.2032,24.0,0.2267,12.0,,,0.3505,83.0
2006-02-15,0.1862,31.0,0.1867,28.0,0.2309,33.0,,,0.2486,44.0,0.2127,18.0,0.2035,24.0,0.2228,10.0,,,0.3481,83.0
2006-02-14,0.1979,36.0,0.1958,35.0,0.2952,68.0,,,0.1746,4.0,0.2134,19.0,0.2037,24.0,0.3754,74.0,,,0.2317,18.0
2006-02-13,0.2017,37.0,0.188,30.0,0.3638,83.0,,,0.171,4.0,0.2129,18.0,0.2035,24.0,0.3732,73.0,,,0.2273,16.0
2006-02-10,0.2403,54.0,0.2322,54.0,0.2706,56.0,,,0.1668,3.0,0.2134,19.0,0.2041,25.0,0.3731,73.0,,,0.2218,13.0
2006-02-09,0.2679,62.0,0.2363,56.0,0.2454,41.0,,,0.1627,2.0,0.2129,18.0,0.2042,25.0,0.3772,74.0,,,0.2208,13.0
2006-02-08,0.4648,90.0,0.2633,68.0,0.2373,36.0,,,0.1817,6.0,0.2111,18.0,0.2034,24.0,0.3694,72.0,,,0.2267,15.0
2006-02-07,0.4487,89.0,0.2544,64.0,0.2501,44.0,,,0.1793,5.0,0.2105,17.0,0.2034,24.0,0.36,70.0,,,0.2198,12.0
2006-02-06,0.4858,91.0,0.2629,67.0,0.271,56.0,,,0.1712,4.0,0.2101,17.0,0.204,25.0,0.3683,72.0,,,0.2138,10.0
2006-02-03,0.5149,92.0,0.2595,66.0,0.2593,50.0,,,0.1877,8.0,0.2099,17.0,0.2031,24.0,0.3485,66.0,,,0.1995,7.0
2006-02-02,0.5152,92.0,0.2644,68.0,0.2607,51.0,,,0.0675,1.0,0.2095,16.0,0.2032,24.0,0.3585,70.0,,,0.2156,11.0
2006-02-01,0.5221,93.0,0.2455,61.0,0.246,42.0,,,0.1702,3.0,0.2067,15.0,0.2006,23.0,0.3583,70.0,,,0.2231,14.0
2006-01-31,0.5082,92.0,0.2482,62.0,0.2599,50.0,,,0.1565,2.0,0.2064,14.0,0.2001,23.0,0.3764,74.0,,,0.2132,10.0
2006-01-30,0.2958,69.0,0.2203,48.0,0.2599,50.0,,,0.1599,2.0,0.1839,3.0,0.1976,21.0,0.3446,65.0,,,0.2072,9.0
2006-01-27,0.2975,69.0,0.2379,57.0,0.2434,40.0,,,0.1468,1.0,0.1852,4.0,0.1988,22.0,0.3456,65.0,,,0.2112,9.0
2006-01-26,0.2748,64.0,0.2293,53.0,0.2448,41.0,,,0.1704,3.0,0.1821,2.0,0.1981,22.0,0.3477,66.0,,,0.2166,11.0
2006-01-25,0.2623,61.0,0.2205,48.0,0.2457,42.0,,,0.1735,4.0,0.181,2.0,0.198,22.0,0.3572,69.0,,,0.2208,13.0
2006-01-24,0.2511,57.0,0.2074,41.0,0.2443,41.0,,,0.1808,5.0,0.1809,2.0,0.1979,22.0,0.3699,72.0,,,0.2049,8.0
2006-01-23,0.211,42.0,0.1914,32.0,0.26,50.0,,,0.1846,6.0,0.1777,2.0,0.198,22.0,0.3599,70.0,,,0.2134,10.0
2006-01-20,0.2068,40.0,0.1791,25.0,0.2523,46.0,,,0.1867,7.0,0.1836,3.0,0.2022,23.0,0.3634,71.0,,,0.217,11.0
2006-01-19,0.1435,16.0,0.161,16.0,0.2491,44.0,,,0.1804,5.0,0.1821,2.0,0.2028,24.0,0.3689,72.0,,,0.2221,13.0
2006-01-18,0.12,9.0,0.1358,7.0,0.2481,43.0,,,0.2411,39.0,0.1813,2.0,0.2026,24.0,0.3668,72.0,,,0.223,14.0
2006-01-17,0.1116,7.0,0.1378,8.0,0.2472,42.0,,,0.2109,20.0,0.1813,2.0,0.2033,24.0,0.3656,71.0,,,0.221,13.0
2006-01-13,0.1161,8.0,0.1355,7.0,0.194,9.0,,,0.2022,14.0,0.1828,3.0,0.2041,25.0,0.2758,43.0,,,0.2863,59.0
2006-01-12,0.1635,23.0,0.1664,18.0,0.2118,21.0,,,0.2052,16.0,0.1829,3.0,0.2044,25.0,0.279,45.0,,,0.2872,60.0
2006-01-11,0.1554,20.0,0.1881,30.0,0.2277,31.0,,,0.2141,22.0,0.1836,3.0,0.2049,25.0,0.2781,44.0,,,0.2873,60.0
2006-01-10,0.1764,28.0,0.1883,30.0,0.1983,12.0,,,0.2277,30.0,0.1836,3.0,0.2047,25.0,0.2639,37.0,,,0.2817,56.0
2006-01-09,0.176,27.0,0.1887,30.0,0.2065,17.0,,,0.212,21.0,0.188,5.0,0.2058,25.0,0.272,41.0,,,0.2847,57.0
2006-01-06,0.1587,21.0,0.1852,28.0,0.1839,5.0,,,0.2115,20.0,0.1874,5.0,0.2058,25.0,0.2712,41.0,,,0.2867,60.0
2006-01-05,0.169,25.0,0.1861,28.0,0.1925,9.0,,,0.2112,20.0,0.1873,5.0,0.2057,25.0,0.268,39.0,,,0.281,55.0
2006-01-04,0.1697,25.0,0.1976,36.0,0.1934,9.0,,,0.2176,24.0,0.1877,5.0,0.2064,26.0,0.2667,39.0,,,0.2841,57.0
2006-01-03,0.1438,16.0,0.1721,21.0,0.2146,22.0,,,0.2164,23.0,0.1902,6.0,0.2073,26.0,0.2681,39.0,,,0.2837,57.0
2005-12-30,0.1342,13.0,0.173,22.0,0.1951,10.0,,,0.2088,19.0,0.189,5.0,0.2066,26.0,0.2687,40.0,,,0.2815,56.0
2005-12-29,0.1589,21.0,0.1877,30.0,0.1955,10.0,,,0.2046,16.0,0.1884,5.0,0.2072,26.0,0.2597,35.0,,,0.2743,49.0
2005-12-28,0.1601,21.0,0.1868,28.0,0.2015,14.0,,,0.2044,16.0,0.1884,5.0,0.2078,26.0,0.2648,38.0,,,0.2796,54.0
2005-12-27,0.1609,22.0,0.1892,30.0,0.2053,16.0,,,0.2181,25.0,0.1884,5.0,0.2082,27.0,0.2582,34.0,,,0.2813,56.0
2005-12-23,0.1549,20.0,0.1924,33.0,0.2002,13.0,,,0.2027,15.0,0.1902,6.0,0.2091,27.0,0.2694,40.0,,,0.2849,57.0
2005-12-22,0.1616,22.0,0.1857,28.0,0.1942,10.0,,,0.2052,16.0,0.1903,6.0,0.209,27.0,0.2674,39.0,,,0.2889,61.0
2005-12-21,0.1668,24.0,0.2022,38.0,0.2095,19.0,,,0.2134,22.0,0.1916,6.0,0.2096,28.0,0.263,37.0,,,0.2895,62.0
2005-12-20,0.1316,12.0,0.1736,22.0,0.2073,18.0,,,0.2253,28.0,0.1911,6.0,0.2088,27.0,0.2822,47.0,,,0.2947,65.0
2005-12-19,0.1276,11.0,0.158,15.0,0.2072,18.0,,,0.2087,19.0,0.1927,7.0,0.2095,28.0,0.2704,40.0,,,0.2917,63.0
2005-12-16,0.1277,11.0,0.1776,24.0,0.22,26.0,,,0.22,26.0,0.1967,8.0,0.2111,28.0,0.2748,43.0,,,0.2876,60.0
2005-12-15,0.1513,19.0,0.1884,30.0,0.2194,26.0,,,0.2278,30.0,0.1983,9.0,0.2125,30.0,0.2696,40.0,,,0.2869,60.0
2005-12-14,0.1591,21.0,0.1938,33.0,0.1878,7.0,,,0.4642,93.0,0.1984,9.0,0.2131,31.0,0.376,74.0,,,0.2004,7.0
2005-12-13,0.1615,22.0,0.2021,38.0,0.2011,14.0,,,0.4051,89.0,0.198,9.0,0.2131,31.0,0.3788,75.0,,,0.2016,8.0
2005-12-12,0.1538,19.0,0.1907,31.0,0.2049,16.0,,,0.2645,54.0,0.1977,9.0,0.2132,31.0,0.3697,72.0,,,0.1959,6.0
2005-12-09,0.1937,34.0,0.1951,34.0,0.1844,5.0,,,0.3157,76.0,0.1977,9.0,0.2134,31.0,0.3715,73.0,,,0.2002,7.0
2005-12-08,0.1755,27.0,0.1951,34.0,0.2005,13.0,,,0.2947,69.0,0.1973,8.0,0.2149,32.0,0.3729,73.0,,,0.2032,8.0
2005-12-07,0.1729,26.0,0.1751,23.0,0.2004,13.0,,,0.2582,51.0,0.1971,8.0,0.2141,31.0,0.3656,71.0,,,0.1901,6.0
2005-12-06,0.1606,22.0,0.1712,21.0,0.2107,20.0,,,0.3004,72.0,0.1967,8.0,0.2141,31.0,0.3728,73.0,,,0.1981,7.0
2005-12-05,0.1613,22.0,0.1513,13.0,0.213,21.0,,,0.33,79.0,0.1965,8.0,0.2134,31.0,0.3879,76.0,,,0.1725,4.0
2005-12-02,0.1398,15.0,0.1329,6.0,0.1972,11.0,,,0.3091,74.0,0.1957,8.0,0.2139,31.0,0.3668,72.0,,,0.1978,7.0
2005-12-01,0.1425,16.0,0.1378,8.0,0.2119,21.0,,,0.3102,75.0,0.1958,8.0,0.2138,31.0,0.3777,74.0,,,0.1948,6.0
2005-11-30,0.0923,3.0,0.1389,8.0,0.1932,9.0,,,0.2954,70.0,0.1949,7.0,0.2145,32.0,0.3757,74.0,,,0.1953,6.0
2005-11-29,0.1041,5.0,0.1459,10.0,0.1927,9.0,,,0.2986,71.0,0.1946,7.0,0.2146,32.0,0.3637,71.0,,,0.204,8.0
2005-11-28,0.1,5.0,0.1594,16.0,0.208,18.0,,,0.2825,64.0,0.1956,8.0,0.2157,32.0,0.3637,71.0,,,0.2012,7.0
2005-11-25,0.1008,5.0,0.1507,12.0,0.1906,8.0,,,0.2875,66.0,0.1965,8.0,0.2165,33.0,0.3691,72.0,,,0.2036,8.0
2005-11-23,0.0864,3.0,0.163,17.0,0.1919,8.0,,,0.2793,62.0,0.1965,8.0,0.2175,33.0,0.3733,73.0,,,0.1921,6.0
2005-11-22,0.0927,3.0,0.1698,20.0,0.1974,11.0,,,0.2581,51.0,0.1982,9.0,0.2181,33.0,0.3694,72.0,,,0.2071,9.0
2005-11-21,0.0928,3.0,0.1713,21.0,0.2073,18.0,,,0.2741,60.0,0.198,9.0,0.2178,33.0,0.37,72.0,,,0.2075,9.0
2005-11-18,0.135,14.0,0.1981,36.0,0.2179,25.0,,,0.2855,65.0,0.2002,10.0,0.2185,34.0,0.3774,74.0,,,0.2138,10.0
2005-11-17,0.1256,11.0,0.1944,34.0,0.2329,34.0,,,0.2887,67.0,0.1998,10.0,0.2182,33.0,0.3733,73.0,,,0.2135,10.0
2005-11-16,0.1269,11.0,0.1886,30.0,0.2329,34.0,,,0.2929,69.0,0.1999,10.0,0.2181,33.0,0.3771,74.0,,,0.2136,10.0
2005-11-15,0.1324,13.0,0.1894,31.0,0.2328,34.0,,,0.2642,54.0,0.2046,13.0,0.2191,34.0,0.3772,74.0,,,0.2112,9.0
2005-11-14,0.1342,13.0,0.1902,31.0,0.3182,76.0,,,0.2947,69.0,0.2047,13.0,0.2187,34.0,0.3983,78.0,,,0.186,6.0
2005-11-11,0.1278,11.0,0.1889,30.0,0.304,72.0,,,0.3044,73.0,0.2045,13.0,0.2192,34.0,0.396,78.0,,,0.1902,6.0
2005-11-10,0.119,9.0,0.2049,40.0,0.2779,60.0,,,0.3282,79.0,0.2112,18.0,0.2218,35.0,0.4046,79.0,,,0.1981,7.0
2005-11-09,0.0812,2.0,0.1772,24.0,0.2838,63.0,,,0.2915,68.0,0.2101,17.0,0.2205,35.0,0.3972,78.0,,,0.1884,6.0
2005-11-08,0.1422,16.0,0.1922,32.0,0.2706,56.0,,,0.2876,67.0,0.2124,18.0,0.2214,35.0,0.3966,78.0,,,0.1895,6.0
2005-11-07,0.2095,41.0,0.2074,41.0,0.2566,48.0,,,0.2725,59.0,0.2131,19.0,0.222,35.0,0.3963,78.0,,,0.189,6.0
2005-11-04,0.348,79.0,0.2537,64.0,0.2437,40.0,,,0.2876,67.0,0.2162,21.0,0.2242,37.0,0.4053,80.0,,,0.185,5.0
2005-11-03,0.3445,78.0,0.2469,61.0,0.2523,46.0,,,0.2862,66.0,0.2173,22.0,0.2246,37.0,0.406,80.0,,,0.1768,4.0
2005-11-02,0.3716,82.0,0.2585,66.0,0.2725,57.0,,,0.2761,61.0,0.2198,23.0,0.2251,37.0,0.4057,80.0,,,0.172,4.0
2005-11-01,0.4066,86.0,0.2731,71.0,0.2574,49.0,,,0.2831,64.0,0.2196,23.0,0.2242,37.0,0.4061,80.0,,,0.2073,9.0
2005-10-31,0.4084,86.0,0.2867,75.0,0.2578,49.0,,,0.2937,69.0,0.2205,24.0,0.2242,37.0,0.405,80.0,,,0.1853,5.0
2005-10-28,0.4312,88.0,0.2976,78.0,0.2551,47.0,,,0.2768,61.0,0.2181,22.0,0.2236,36.0,0.4134,82.0,,,0.1822,5.0
2005-10-27,0.3934,85.0,0.2962,77.0,0.2861,64.0,,,0.2954,70.0,0.2145,20.0,0.2233,36.0,0.4213,84.0,,,0.1637,3.0
2005-10-26,0.3084,72.0,0.2643,68.0,0.2655,54.0,,,0.2914,68.0,0.2208,24.0,0.2273,40.0,0.4097,80.0,,,0.1782,5.0
2005-10-25,0.3135,73.0,0.2782,73.0,0.2794,61.0,,,0.2898,67.0,0.2224,26.0,0.228,41.0,0.411,81.0,,,0.1722,4.0
2005-10-24,0.2765,64.0,0.2734,71.0,0.28,61.0,,,0.3379,81.0,0.2197,23.0,0.228,41.0,0.4119,81.0,,,0.1643,3.0
2005-10-21,0.1656,23.0,0.2497,62.0,0.3117,74.0,,,0.1773,5.0,0.2136,19.0,0.2261,38.0,0.429,86.0,,,0.1594,3.0
2005-10-20,0.1699,25.0,0.2403,57.0,0.3123,74.0,,,0.1956,11.0,0.2136,19.0,0.2258,38.0,0.4281,86.0,,,0.1607,3.0
2005-10-19,0.1404,15.0,0.2135,44.0,0.3134,74.0,,,0.3045,73.0,0.2144,20.0,0.227,40.0,0.426,85.0,,,0.163,3.0
2005-10-18,0.1236,10.0,0.201,37.0,0.3074,73.0,,,0.1824,6.0,0.2155,21.0,0.2264,39.0,0.4321,87.0,,,0.1517,2.0
2005-10-17,0.1417,16.0,0.1984,36.0,0.2938,68.0,,,0.1914,9.0,0.2158,21.0,0.2267,39.0,0.4292,86.0,,,0.1573,2.0
2005-10-14,0.1659,24.0,0.204,39.0,0.2977,69.0,,,0.2979,71.0,0.2197,23.0,0.2261,38.0,0.4232,85.0,,,0.1577,2.0
2005-10-13,0.1767,28.0,0.2135,44.0,0.3052,72.0,,,0.3021,72.0,0.2213,25.0,0.2265,39.0,0.4155,82.0,,,0.1401,1.0
2005-10-12,0.1891,32.0,0.2265,51.0,0.2918,67.0,,,0.2885,67.0,0.2214,25.0,0.2264,39.0,0.4254,85.0,,,0.1459,2.0
2005-10-11,0.1956,35.0,0.2247,50.0,0.2891,66.0,,,0.2942,69.0,0.2229,26.0,0.227,40.0,0.4212,84.0,,,0.1543,2.0
2005-10-10,0.1975,35.0,0.2327,55.0,0.2848,64.0,,,0.2879,67.0,0.2257,28.0,0.2279,41.0,0.4197,84.0,,,0.158,2.0
2005-10-07,0.2483,57.0,0.2423,59.0,0.287,64.0,,,0.2852,65.0,0.2276,28.0,0.23,43.0,0.4166,83.0,,,0.151,2.0
2005-10-06,0.2419,55.0,0.2597,66.0,0.2629,52.0,,,0.2681,56.0,0.2281,30.0,0.2305,44.0,0.4155,82.0,,,0.149,2.0
2005-10-05,0.2368,53.0,0.2448,60.0,0.2696,55.0,,,0.2651,55.0,0.2272,28.0,0.2305,44.0,0.429,86.0,,,0.1707,4.0
2005-10-04,0.2173,45.0,0.2351,56.0,0.2565,48.0,,,0.2473,43.0,0.2266,28.0,0.2311,44.0,0.4099,81.0,,,0.1608,3.0
2005-10-03,0.1963,35.0,0.2144,45.0,0.2486,44.0,,,0.2461,42.0,0.227,28.0,0.2306,44.0,0.403,79.0,,,0.1649,3.0
2005-09-30,0.1881,32.0,0.2328,55.0,0.241,39.0,,,0.2496,45.0,0.2274,28.0,0.2309,44.0,0.4099,81.0,,,0.1692,4.0
2005-09-29,0.1879,32.0,0.2385,57.0,0.242,39.0,,,0.25,45.0,0.2274,28.0,0.2306,44.0,0.4111,81.0,,,0.1619,3.0
2005-09-28,0.0932,3.0,0.2385,57.0,0.2622,52.0,,,0.2526,47.0,0.2255,28.0,0.23,43.0,0.4144,82.0,,,0.1568,2.0
2005-09-27,0.0736,1.0,0.2265,51.0,0.2541,47.0,,,0.2479,43.0,0.2244,27.0,0.2292,42.0,0.3422,65.0,,,0.1602,3.0
2005-09-26,0.0994,5.0,0.2226,49.0,0.2416,39.0,,,0.2452,42.0,0.2244,27.0,0.2303,44.0,0.4213,84.0,,,0.1168,1.0
2005-09-23,0.098,4.0,0.2156,45.0,0.2461,42.0,,,0.2403,38.0,0.2241,27.0,0.2302,43.0,0.4104,81.0,,,0.1727,4.0
2005-09-22,0.1002,5.0,0.2115,43.0,0.2436,40.0,,,0.2396,38.0,0.2262,28.0,0.2309,44.0,0.4008,79.0,,,0.1648,3.0
2005-09-21,0.0991,4.0,0.1905,31.0,0.2452,41.0,,,0.2416,39.0,0.2268,28.0,0.2301,43.0,0.3996,78.0,,,0.1665,3.0
2005-09-20,0.1285,11.0,0.1718,21.0,0.2497,44.0,,,0.2381,37.0,0.2269,28.0,0.2292,42.0,0.4013,79.0,,,0.165,3.0
2005-09-19,0.1188,9.0,0.1559,14.0,0.2436,40.0,,,0.2419,40.0,0.2265,28.0,0.2289,42.0,0.3971,78.0,,,0.2051,8.0
2005-09-16,0.1277,11.0,0.1443,10.0,0.2513,45.0,,,0.2519,46.0,0.2263,28.0,0.2285,41.0,0.3902,76.0,,,0.1918,6.0
2005-09-15,0.1246,10.0,0.1437,10.0,0.2559,48.0,,,0.2271,30.0,0.2265,28.0,0.2288,42.0,0.3889,76.0,,,0.1806,5.0
2005-09-14,0.168,24.0,0.1463,11.0,0.2592,50.0,,,0.2372,36.0,0.2266,28.0,0.2292,42.0,0.3947,77.0,,,0.1741,4.0
2005-09-13,0.1659,24.0,0.1477,11.0,0.246,42.0,,,0.2627,53.0,0.2265,28.0,0.2296,43.0,0.3788,75.0,,,0.1982,7.0
2005-09-12,0.1593,21.0,0.1421,9.0,0.2482,43.0,,,0.2274,30.0,0.2265,28.0,0.2293,43.0,0.3947,77.0,,,0.1716,4.0
2005-09-09,0.1588,21.0,0.1551,14.0,0.2395,38.0,,,0.2039,15.0,0.2289,30.0,0.2296,43.0,0.4014,79.0,,,0.1779,5.0
2005-09-08,0.1636,23.0,0.1574,15.0,0.2351,35.0,,,0.2259,28.0,0.2295,31.0,0.23,43.0,0.3917,77.0,,,0.179,5.0
2005-09-07,0.1291,12.0,0.1775,24.0,0.251,45.0,,,0.2285,31.0,0.2305,32.0,0.2305,44.0,0.3951,77.0,,,0.1815,5.0
2005-09-06,0.1524,19.0,0.1769,24.0,0.2234,28.0,,,0.2362,36.0,0.2309,32.0,0.2307,44.0,0.3892,76.0,,,0.1812,5.0
2005-09-02,0.1229,10.0,0.1743,22.0,0.2151,23.0,,,0.2267,30.0,0.2296,31.0,0.2309,44.0,0.3954,77.0,,,0.1761,4.0
2005-09-01,0.1173,8.0,0.1957,35.0,0.2216,27.0,,,0.217,24.0,0.23,31.0,0.2314,45.0,0.412,81.0,,,0.2095,9.0
2005-08-31,0.115,8.0,0.192,32.0,0.2278,31.0,,,0.2323,33.0,0.2301,31.0,0.2314,45.0,0.3879,76.0,,,0.1833,5.0
2005-08-30,0.1027,5.0,0.1866,28.0,0.2324,34.0,,,0.235,35.0,0.2316,32.0,0.2312,45.0,0.2596,35.0,,,0.183,5.0
2005-08-29,0.1049,6.0,0.1877,30.0,0.229,32.0,,,0.2224,27.0,0.2324,33.0,0.2313,45.0,0.2587,34.0,,,0.1907,6.0
2005-08-26,0.1078,6.0,0.1746,22.0,0.2302,32.0,,,0.2338,34.0,0.232,33.0,0.2311,44.0,0.2623,36.0,,,0.1798,5.0
2005-08-25,0.0988,4.0,0.1826,27.0,0.2206,26.0,,,0.2292,31.0,0.2318,33.0,0.2323,46.0,0.2566,33.0,,,0.1839,5.0
2005-08-24,0.1133,7.0,0.1904,31.0,0.2361,36.0,,,0.2359,36.0,0.2324,33.0,0.2327,46.0,0.3324,62.0,,,0.179,5.0
2005-08-23,0.116,8.0,0.1779,24.0,0.2352,35.0,,,0.2319,33.0,0.2324,33.0,0.2325,46.0,0.391,77.0,,,0.1828,5.0
2005-08-22,0.1206,9.0,0.1813,26.0,0.2353,35.0,,,0.2412,39.0,0.2348,35.0,0.2341,48.0,0.3895,76.0,,,0.1825,5.0
2005-08-19,0.1268,11.0,0.1862,28.0,0.2424,39.0,,,0.2456,42.0,0.2375,37.0,0.2352,49.0,0.3977,78.0,,,0.1767,4.0
2005-08-18,0.1082,6.0,0.1964,35.0,0.2429,40.0,,,0.2535,47.0,0.2398,38.0,0.2355,49.0,0.3988,78.0,,,0.1772,5.0
2005-08-17,0.1035,5.0,0.1847,28.0,0.2239,28.0,,,0.2504,45.0,0.2411,38.0,0.2358,50.0,0.395,77.0,,,0.1845,5.0
2005-08-16,0.102,5.0,0.1804,25.0,0.2443,41.0,,,0.2466,43.0,0.2412,38.0,0.2354,49.0,0.3896,76.0,,,0.1758,4.0
2005-08-15,0.0847,3.0,0.1701,20.0,0.3261,78.0,,,0.2032,15.0,0.2419,39.0,0.2358,50.0,0.4353,87.0,,,0.2192,12.0
2005-08-12,0.1246,10.0,0.1637,18.0,0.3248,77.0,,,0.2081,18.0,0.2421,39.0,0.2357,49.0,0.4248,85.0,,,0.2205,12.0
2005-08-11,0.1414,16.0,0.1672,19.0,0.3179,76.0,,,0.2022,14.0,0.2421,39.0,0.2359,50.0,0.4289,86.0,,,0.221,13.0
2005-08-10,0.1814,30.0,0.1773,24.0,0.3261,78.0,,,0.2012,14.0,0.2422,39.0,0.2355,49.0,0.4341,87.0,,,0.2202,12.0
2005-08-09,0.1844,31.0,0.1645,18.0,0.2822,62.0,,,0.2034,15.0,0.2422,39.0,0.2352,49.0,0.4306,86.0,,,0.2183,12.0
2005-08-08,0.1832,30.0,0.1762,23.0,0.2648,53.0,,,0.2198,26.0,0.2423,39.0,0.2357,49.0,0.4272,86.0,,,0.2187,12.0
2005-08-05,0.2034,38.0,0.1801,25.0,0.251,45.0,,,0.2035,15.0,0.2435,40.0,0.2361,50.0,0.4267,86.0,,,0.218,12.0
2005-08-04,0.2086,41.0,0.2051,40.0,0.251,45.0,,,0.1998,13.0,0.2437,40.0,0.2361,50.0,0.4218,84.0,,,0.221,13.0
2005-08-03,0.2688,63.0,0.2766,72.0,0.2359,36.0,,,0.2062,17.0,0.2435,40.0,0.2365,50.0,0.4217,84.0,,,0.2195,12.0
2005-08-02,0.2764,64.0,0.2926,77.0,0.2322,34.0,,,0.1356,1.0,0.2441,40.0,0.2371,51.0,0.4189,83.0,,,0.1593,3.0
2005-08-01,0.2499,57.0,0.2897,76.0,0.2336,34.0,,,0.2017,14.0,0.2431,40.0,0.2366,50.0,0.4196,84.0,,,0.218,12.0
2005-07-29,0.2644,61.0,0.2987,78.0,0.2437,40.0,,,0.1965,11.0,0.2432,40.0,0.2373,51.0,0.4196,84.0,,,0.218,12.0
2005-07-28,0.288,67.0,0.3026,79.0,0.235,35.0,,,0.1399,1.0,0.2425,39.0,0.238,51.0,0.417,83.0,,,0.1575,2.0
2005-07-27,0.2804,65.0,0.2993,78.0,0.2493,44.0,,,0.1985,12.0,0.2431,40.0,0.2377,51.0,0.419,84.0,,,0.1548,2.0
2005-07-26,0.3014,70.0,0.2925,77.0,0.2587,50.0,,,0.2057,17.0,0.2432,40.0,0.237,51.0,0.4178,83.0,,,0.2166,11.0
2005-07-25,0.2006,37.0,0.2243,50.0,0.2651,53.0,,,0.0916,1.0,0.2387,37.0,0.2331,47.0,0.4166,83.0,,,0.157,2.0
2005-07-22,0.1664,24.0,0.2192,47.0,0.2392,38.0,,,0.1951,11.0,0.2373,36.0,0.2318,46.0,0.4163,83.0,,,0.1344,1.0
2005-07-21,0.1796,28.0,0.2042,39.0,0.2396,38.0,,,0.2058,17.0,0.2378,37.0,0.2323,46.0,0.415,82.0,,,0.1279,1.0
2005-07-20,0.2059,39.0,0.1909,32.0,0.2401,38.0,,,0.1167,1.0,0.2402,38.0,0.233,47.0,0.4142,82.0,,,0.1041,1.0
2005-07-19,0.1957,35.0,0.1877,30.0,0.2499,44.0,,,0.1555,2.0,0.2409,38.0,0.2334,47.0,0.4192,84.0,,,0.1582,2.0
2005-07-18,0.2267,49.0,0.221,48.0,0.2421,39.0,,,0.1655,3.0,0.242,39.0,0.2347,48.0,0.4189,83.0,,,0.1609,3.0
2005-07-15,0.2339,52.0,0.2185,47.0,0.2535,46.0,,,0.2049,16.0,0.2419,39.0,0.2346,48.0,0.4208,84.0,,,0.2209,13.0
2005-07-14,0.2368,53.0,0.2306,54.0,0.245,41.0,,,0.2132,21.0,0.2429,40.0,0.2362,50.0,0.4158,83.0,,,0.1629,3.0
2005-07-13,0.1852,31.0,0.2235,50.0,0.2525,46.0,,,0.2176,24.0,0.24,38.0,0.2358,50.0,0.4202,84.0,,,0.2219,13.0
2005-07-12,0.1823,30.0,0.227,52.0,0.2681,55.0,,,0.2119,20.0,0.2404,38.0,0.236,50.0,0.4221,85.0,,,0.2229,14.0
2005-07-11,0.2247,48.0,0.2446,60.0,0.2552,47.0,,,0.2693,57.0,0.2404,38.0,0.236,50.0,0.4161,83.0,,,0.2235,14.0
2005-07-08,0.2241,48.0,0.2417,59.0,0.2341,35.0,,,0.1602,2.0,0.2401,38.0,0.2358,50.0,0.4225,85.0,,,0.1214,1.0
2005-07-07,0.1748,27.0,0.2159,45.0,0.2545,47.0,,,0.2635,54.0,0.2368,36.0,0.2345,48.0,0.4322,87.0,,,0.1645,3.0
2005-07-06,0.1864,31.0,0.2152,45.0,0.2509,45.0,,,0.2436,41.0,0.2371,36.0,0.2353,49.0,0.4293,86.0,,,0.0833,1.0
2005-07-05,0.2382,53.0,0.2287,53.0,0.231,33.0,,,0.2541,48.0,0.2374,36.0,0.2357,49.0,0.4242,85.0,,,0.0991,1.0
2005-07-01,0.2783,65.0,0.2442,60.0,0.2299,32.0,,,0.2324,33.0,0.2417,39.0,0.2381,51.0,0.4281,86.0,,,0.096,1.0
2005-06-30,0.277,64.0,0.2615,67.0,0.2303,32.0,,,0.239,37.0,0.2461,41.0,0.2422,54.0,0.4271,86.0,,,0.1673,3.0
2005-06-29,0.2799,65.0,0.259,66.0,0.223,28.0,,,0.2294,31.0,0.2464,42.0,0.243,55.0,0.4285,86.0,,,0.1089,1.0
2005-06-28,0.2819,66.0,0.2544,64.0,0.2296,32.0,,,0.2319,33.0,0.2466,42.0,0.2428,55.0,0.4227,85.0,,,0.1058,1.0
2005-06-27,0.251,57.0,0.2607,67.0,0.2341,35.0,,,0.2437,41.0,0.2452,41.0,0.2425,55.0,0.4232,85.0,,,0.0916,1.0
2005-06-24,0.2318,51.0,0.2542,64.0,0.2411,39.0,,,0.2393,38.0,0.2449,41.0,0.2421,54.0,0.3671,72.0,,,0.1594,3.0
2005-06-23,0.2058,39.0,0.2564,65.0,0.2292,32.0,,,0.2307,32.0,0.2449,41.0,0.2413,54.0,0.3677,72.0,,,0.1603,3.0
2005-06-22,0.1437,16.0,0.2313,54.0,0.2215,27.0,,,0.2345,34.0,0.2423,39.0,0.2409,53.0,0.367,72.0,,,0.226,15.0
2005-06-21,0.0952,4.0,0.2171,46.0,0.2273,30.0,,,0.2256,28.0,0.2413,38.0,0.2399,53.0,0.3646,71.0,,,0.1663,3.0
2005-06-20,0.1003,5.0,0.1994,37.0,0.1893,7.0,,,0.2859,66.0,0.2413,38.0,0.2391,52.0,0.3508,67.0,,,0.1741,4.0
2005-06-17,0.1023,5.0,0.217,46.0,0.232,33.0,,,0.2473,43.0,0.2428,40.0,0.2401,53.0,0.3661,71.0,,,0.1692,4.0
2005-06-16,0.0975,4.0,0.2013,38.0,0.2418,39.0,,,0.2487,44.0,0.2426,39.0,0.2403,53.0,0.3638,71.0,,,0.1763,4.0
2005-06-15,0.1194,9.0,0.2164,46.0,0.2433,40.0,,,0.2771,61.0,0.2441,40.0,0.2406,53.0,0.3508,67.0,,,0.2017,8.0
2005-06-14,0.0951,4.0,0.1889,30.0,0.2553,47.0,,,0.2454,42.0,0.2439,40.0,0.24,53.0,0.3552,69.0,,,0.1995,7.0
2005-06-13,0.1383,14.0,0.2083,41.0,0.248,43.0,,,0.2325,33.0,0.2455,41.0,0.2406,53.0,0.3558,69.0,,,0.1982,7.0
2005-06-10,0.1572,20.0,0.2194,47.0,0.2496,44.0,,,0.2299,32.0,0.2454,41.0,0.2404,53.0,0.3612,70.0,,,0.1978,7.0
2005-06-09,0.155,20.0,0.2326,54.0,0.2284,31.0,,,0.2688,57.0,0.2465,42.0,0.2404,53.0,0.3502,67.0,,,0.1997,7.0
2005-06-08,0.2,37.0,0.2236,50.0,0.2542,47.0,,,0.2531,47.0,0.2464,42.0,0.2395,52.0,0.3575,69.0,,,0.1941,6.0
2005-06-07,0.1975,35.0,0.2232,50.0,0.2619,52.0,,,0.2457,42.0,0.2463,42.0,0.2396,53.0,0.3526,68.0,,,0.1923,6.0
2005-06-06,0.2285,50.0,0.2225,49.0,0.2539,47.0,,,0.2554,49.0,0.2463,42.0,0.2395,52.0,0.3548,68.0,,,0.2,7.0
2005-06-03,0.2305,51.0,0.2215,49.0,0.2512,45.0,,,0.2579,50.0,0.2467,42.0,0.2399,53.0,0.3563,69.0,,,0.2019,8.0
2005-06-02,0.2082,40.0,0.2086,42.0,0.222,27.0,,,0.2504,45.0,0.2465,42.0,0.2391,52.0,0.3481,66.0,,,0.2015,8.0
2005-06-01,0.2664,62.0,0.2066,41.0,0.2605,51.0,,,0.2363,36.0,0.2457,41.0,0.2385,52.0,0.3534,68.0,,,0.1955,6.0
2005-05-31,0.2661,62.0,0.1898,31.0,0.2528,46.0,,,0.2398,38.0,0.2455,41.0,0.2396,53.0,0.3547,68.0,,,0.1881,6.0
2005-05-27,0.2217,47.0,0.1918,32.0,0.2251,28.0,,,0.2445,41.0,0.2453,41.0,0.24,53.0,0.3629,71.0,,,0.1908,6.0
2005-05-26,0.2839,66.0,0.2453,61.0,0.2278,31.0,,,0.2441,41.0,0.2454,41.0,0.2405,53.0,0.3518,68.0,,,0.1753,4.0
2005-05-25,0.294,69.0,0.234,55.0,0.2293,32.0,,,0.235,35.0,0.2439,40.0,0.2409,53.0,0.327,60.0,,,0.1752,4.0
2005-05-24,0.2906,68.0,0.2505,63.0,0.2428,40.0,,,0.249,44.0,0.2439,40.0,0.2406,53.0,0.3485,66.0,,,0.1936,6.0
2005-05-23,0.3119,73.0,0.2574,65.0,0.247,42.0,,,0.2636,54.0,0.244,40.0,0.2408,53.0,0.3494,67.0,,,0.1769,4.0
2005-05-20,0.3401,78.0,0.275,72.0,0.2608,51.0,,,0.2722,59.0,0.2398,38.0,0.2402,53.0,0.3769,74.0,,,0.2105,9.0
2005-05-19,0.3503,79.0,0.2861,75.0,0.266,54.0,,,0.2703,57.0,0.2409,38.0,0.2406,53.0,0.377,74.0,,,0.2108,9.0
2005-05-18,0.3888,84.0,0.2879,75.0,0.2472,42.0,,,0.2661,55.0,0.2412,38.0,0.2407,53.0,0.3768,74.0,,,0.2092,9.0
2005-05-17,0.3,70.0,0.2474,61.0,0.2745,57.0,,,0.3026,72.0,0.2353,35.0,0.2383,52.0,0.3847,75.0,,,0.2072,9.0
2005-05-16,0.3158,73.0,0.2459,61.0,0.3678,84.0,,,0.2293,31.0,0.236,36.0,0.2383,52.0,0.4266,86.0,,,0.1543,2.0
2005-05-13,0.2721,63.0,0.2332,55.0,0.3663,84.0,,,0.2494,45.0,0.2353,35.0,0.2385,52.0,0.4318,87.0,,,0.1512,2.0
2005-05-12,0.2996,70.0,0.2307,54.0,0.3445,81.0,,,0.2329,34.0,0.2349,35.0,0.238,51.0,0.4267,86.0,,,0.154,2.0
2005-05-11,0.4096,86.0,0.2989,78.0,0.3267,78.0,,,0.2378,37.0,0.2337,34.0,0.2364,50.0,0.4237,85.0,,,0.1698,4.0
2005-05-10,0.4133,87.0,0.2981,78.0,0.3313,79.0,,,0.2363,36.0,0.2332,34.0,0.2358,50.0,0.4494,89.0,,,0.2005,7.0
2005-05-09,0.3952,85.0,0.299,78.0,0.3006,70.0,,,0.2361,36.0,0.2311,32.0,0.2352,49.0,0.4212,84.0,,,0.1704,4.0
2005-05-06,0.3991,86.0,0.3001,78.0,0.2787,60.0,,,0.1726,4.0,0.231,32.0,0.2354,49.0,0.4176,83.0,,,0.1653,3.0
2005-05-05,0.3894,84.0,0.308,80.0,0.3056,72.0,,,0.2412,39.0,0.2301,31.0,0.2358,50.0,0.4214,84.0,,,0.1586,2.0
2005-05-04,0.4075,86.0,0.3396,84.0,0.2992,70.0,,,0.2456,42.0,0.2325,33.0,0.2382,51.0,0.4237,85.0,,,0.1618,3.0
2005-05-03,0.4086,86.0,0.3352,84.0,0.3295,79.0,,,0.2518,46.0,0.2366,36.0,0.2405,53.0,0.43,86.0,,,0.1638,3.0
2005-05-02,0.2597,60.0,0.2544,64.0,0.2739,57.0,,,0.1877,8.0,0.2281,30.0,0.235,49.0,0.4114,81.0,,,0.166,3.0
2005-04-29,0.2915,68.0,0.2491,62.0,0.2747,57.0,,,0.2463,42.0,0.2273,28.0,0.2384,52.0,0.4132,82.0,,,0.1673,3.0
2005-04-28,0.3097,72.0,0.2506,63.0,0.2947,68.0,,,0.2389,37.0,0.2271,28.0,0.2387,52.0,0.4139,82.0,,,0.1575,2.0
2005-04-27,0.3115,73.0,0.2542,64.0,0.3013,71.0,,,0.1696,3.0,0.2271,28.0,0.2389,52.0,0.4187,83.0,,,0.1572,2.0
2005-04-26,0.3293,76.0,0.2598,66.0,0.3198,76.0,,,0.1848,7.0,0.2271,28.0,0.2385,52.0,0.4218,84.0,,,0.1628,3.0
2005-04-25,0.3459,79.0,0.2295,53.0,0.318,76.0,,,0.183,6.0,0.2277,30.0,0.238,51.0,0.4093,80.0,,,0.1674,3.0
2005-04-22,0.3516,80.0,0.2632,68.0,0.3276,78.0,,,0.2023,15.0,0.2288,30.0,0.2396,53.0,0.4173,83.0,,,0.1597,3.0
2005-04-21,0.3558,80.0,0.2649,68.0,0.3484,82.0,,,0.2103,19.0,0.2282,30.0,0.2396,53.0,0.4192,84.0,,,0.1597,3.0
2005-04-20,0.2763,64.0,0.2778,73.0,0.3445,81.0,,,0.2176,24.0,0.2261,28.0,0.2406,53.0,0.4258,85.0,,,0.1524,2.0
2005-04-19,0.2695,63.0,0.2875,75.0,0.3352,79.0,,,0.212,21.0,0.2328,33.0,0.2469,57.0,0.417,83.0,,,0.157,2.0
2005-04-18,0.2512,57.0,0.2922,77.0,0.3408,80.0,,,0.2046,16.0,0.2325,33.0,0.2475,59.0,0.4212,84.0,,,0.1536,2.0
2005-04-15,0.216,44.0,0.2865,75.0,0.3283,78.0,,,0.2421,40.0,0.231,32.0,0.247,57.0,0.4208,84.0,,,0.1417,1.0
2005-04-14,0.2141,43.0,0.2757,72.0,0.3035,72.0,,,0.243,40.0,0.2282,30.0,0.2465,57.0,0.4129,82.0,,,0.1551,2.0
2005-04-13,0.1942,34.0,0.2426,59.0,0.3007,70.0,,,0.1846,6.0,0.2284,30.0,0.2456,57.0,0.4043,79.0,,,0.157,2.0
2005-04-12,0.1766,28.0,0.2395,57.0,0.2728,57.0,,,0.2982,71.0,0.2281,30.0,0.2467,57.0,0.3974,78.0,,,0.2007,7.0
2005-04-11,0.1799,28.0,0.2414,59.0,0.2868,64.0,,,0.2556,49.0,0.2299,31.0,0.247,57.0,0.3997,78.0,,,0.1999,7.0
2005-04-08,0.1634,23.0,0.2199,48.0,0.2823,62.0,,,0.2574,50.0,0.2289,30.0,0.2458,57.0,0.3979,78.0,,,0.1964,7.0
2005-04-07,0.16,21.0,0.22,48.0,0.2258,30.0,,,0.2426,40.0,0.2289,30.0,0.2456,57.0,0.3933,77.0,,,0.1574,2.0
2005-04-06,0.176,27.0,0.2183,47.0,0.2266,30.0,,,0.258,50.0,0.2303,32.0,0.2458,57.0,0.3938,77.0,,,0.1998,7.0
2005-04-05,0.1793,28.0,0.2143,45.0,0.2495,44.0,,,0.2558,49.0,0.2316,32.0,0.2463,57.0,0.3961,78.0,,,0.201,7.0
2005-04-04,0.1771,28.0,0.2193,47.0,0.2508,45.0,,,0.2653,55.0,0.2315,32.0,0.2463,57.0,0.3951,77.0,,,0.2003,7.0
2005-04-01,0.1847,31.0,0.2122,44.0,0.2278,31.0,,,0.2808,63.0,0.2315,32.0,0.2459,57.0,0.3929,77.0,,,0.2058,8.0
2005-03-31,0.1824,30.0,0.1939,33.0,0.2489,44.0,,,0.2656,55.0,0.231,32.0,0.2452,57.0,0.3915,77.0,,,0.1556,2.0
2005-03-30,0.1817,30.0,0.1965,35.0,0.2666,54.0,,,0.2524,46.0,0.2328,33.0,0.2467,57.0,0.3973,78.0,,,0.1528,2.0
2005-03-29,0.089,3.0,0.1842,27.0,0.2592,50.0,,,0.2636,54.0,0.232,33.0,0.2466,57.0,0.399,78.0,,,0.1993,7.0
2005-03-28,0.078,2.0,0.1732,22.0,0.2508,45.0,,,0.2621,53.0,0.2321,33.0,0.2466,57.0,0.3964,78.0,,,0.1972,7.0
2005-03-24,0.1468,17.0,0.1797,25.0,0.2442,41.0,,,0.2324,33.0,0.232,33.0,0.2469,57.0,0.3972,78.0,,,0.1966,7.0
2005-03-23,0.1322,13.0,0.1812,26.0,0.2513,45.0,,,0.2543,48.0,0.2331,34.0,0.2468,57.0,0.3971,78.0,,,0.1959,6.0
2005-03-22,0.2187,45.0,0.1936,33.0,0.2375,36.0,,,0.2371,36.0,0.2338,34.0,0.2473,59.0,0.394,77.0,,,0.1449,2.0
2005-03-21,0.2216,47.0,0.1893,30.0,0.247,42.0,,,0.245,42.0,0.2341,35.0,0.2471,59.0,0.3866,76.0,,,0.1516,2.0
2005-03-18,0.2232,47.0,0.1867,28.0,0.2227,28.0,,,0.2617,52.0,0.234,34.0,0.2468,57.0,0.3783,74.0,,,0.1625,3.0
2005-03-17,0.2195,46.0,0.1902,31.0,0.2482,43.0,,,0.2411,39.0,0.2358,36.0,0.2482,59.0,0.389,76.0,,,0.1536,2.0
2005-03-16,0.2198,46.0,0.1926,33.0,0.2389,37.0,,,0.2518,46.0,0.237,36.0,0.249,60.0,0.3816,75.0,,,0.1552,2.0
2005-03-15,0.2327,51.0,0.1935,33.0,0.232,33.0,,,0.24,38.0,0.2367,36.0,0.2503,61.0,0.3741,73.0,,,0.1562,2.0
2005-03-14,0.2307,51.0,0.1894,31.0,0.2238,28.0,,,0.2267,30.0,0.2359,36.0,0.2498,60.0,0.3575,69.0,,,0.1829,5.0
2005-03-11,0.205,39.0,0.1907,31.0,0.2364,36.0,,,0.222,27.0,0.2355,35.0,0.2493,60.0,0.3595,70.0,,,0.1855,5.0
2005-03-10,0.1921,33.0,0.2096,42.0,0.2013,14.0,,,0.2447,41.0,0.2348,35.0,0.2493,60.0,0.3576,69.0,,,0.1796,5.0
2005-03-09,0.2046,39.0,0.2119,43.0,0.2166,24.0,,,0.231,32.0,0.237,36.0,0.2505,61.0,0.3599,70.0,,,0.1863,6.0
2005-03-08,0.1812,30.0,0.2188,47.0,0.2073,18.0,,,0.2263,28.0,0.2366,36.0,0.2506,61.0,0.3538,68.0,,,0.177,5.0
2005-03-07,0.1856,31.0,0.2436,60.0,0.2135,22.0,,,0.2319,33.0,0.2362,36.0,0.2507,61.0,0.3469,66.0,,,0.1808,5.0
2005-03-04,0.1988,36.0,0.2605,67.0,0.2097,19.0,,,0.2082,18.0,0.2354,35.0,0.2507,61.0,0.3604,70.0,,,0.18,5.0
2005-03-03,0.2185,45.0,0.265,68.0,0.207,17.0,,,0.2263,28.0,0.2358,36.0,0.2519,62.0,0.3561,69.0,,,0.179,5.0
2005-03-02,0.2706,63.0,0.2637,68.0,0.2198,26.0,,,0.23,32.0,0.2363,36.0,0.2516,62.0,0.3535,68.0,,,0.1793,5.0
2005-03-01,0.2597,60.0,0.2435,60.0,0.2181,25.0,,,0.2329,34.0,0.2421,39.0,0.2536,63.0,0.3551,68.0,,,0.1811,5.0
2005-02-28,0.3074,72.0,0.2497,62.0,0.221,27.0,,,0.2397,38.0,0.2424,39.0,0.2541,63.0,0.3501,67.0,,,0.1789,5.0
2005-02-25,0.3171,74.0,0.2408,59.0,0.2199,26.0,,,0.2262,28.0,0.2424,39.0,0.2538,63.0,0.3504,67.0,,,0.1774,5.0
2005-02-24,0.2926,68.0,0.2195,47.0,0.2183,25.0,,,0.2294,31.0,0.2412,38.0,0.2524,62.0,0.3675,72.0,,,0.1787,5.0
2005-02-23,0.2516,57.0,0.1927,33.0,0.2263,30.0,,,0.2358,35.0,0.239,37.0,0.251,61.0,0.36,70.0,,,0.1806,5.0
2005-02-22,0.1767,28.0,0.1882,30.0,0.2442,41.0,,,0.2487,44.0,0.2368,36.0,0.2509,61.0,0.3705,73.0,,,0.1865,6.0
2005-02-17,0.1668,24.0,0.1964,35.0,0.2494,44.0,,,0.2448,41.0,0.2376,37.0,0.2514,62.0,0.218,8.0,,,0.3163,76.0
2005-02-16,0.1587,21.0,0.1785,24.0,0.2359,36.0,,,0.2821,64.0,0.236,36.0,0.2509,61.0,0.2123,5.0,,,0.3117,74.0
2005-02-15,0.1794,28.0,0.182,26.0,0.3115,74.0,,,0.1697,3.0,0.2358,36.0,0.251,61.0,0.3874,76.0,,,0.1609,3.0
2005-02-14,0.2076,40.0,0.1933,33.0,0.3161,75.0,,,0.1757,4.0,0.2365,36.0,0.2517,62.0,0.3966,78.0,,,0.1636,3.0
2005-02-11,0.1966,35.0,0.201,37.0,0.2744,57.0,,,0.17,3.0,0.2362,36.0,0.2518,62.0,0.4,78.0,,,0.1635,3.0
2005-02-10,0.2025,38.0,0.2124,44.0,0.2578,49.0,,,0.1731,4.0,0.2367,36.0,0.2522,62.0,0.3946,77.0,,,0.1643,3.0
2005-02-09,0.2018,37.0,0.2252,51.0,0.24,38.0,,,0.1809,5.0,0.2411,38.0,0.2531,63.0,0.3938,77.0,,,0.1679,4.0
2005-02-08,0.1494,18.0,0.2137,44.0,0.2325,34.0,,,0.1171,1.0,0.2405,38.0,0.2534,63.0,0.3888,76.0,,,0.1638,3.0
2005-02-07,0.1716,26.0,0.222,49.0,0.2387,37.0,,,0.1104,1.0,0.243,40.0,0.254,63.0,0.3949,77.0,,,0.1685,4.0
2005-02-04,0.1694,25.0,0.2201,48.0,0.2352,35.0,,,0.1895,8.0,0.2424,39.0,0.2541,63.0,0.3983,78.0,,,0.1682,4.0
2005-02-03,0.1302,12.0,0.2046,39.0,0.2552,47.0,,,0.141,1.0,0.2446,40.0,0.2545,64.0,0.4073,80.0,,,0.1681,4.0
2005-02-02,0.1412,16.0,0.2207,48.0,0.2471,42.0,,,0.1931,10.0,0.2446,40.0,0.2541,63.0,0.4061,80.0,,,0.1646,3.0
2005-02-01,0.2207,46.0,0.231,54.0,0.2786,60.0,,,0.1756,4.0,0.2455,41.0,0.2537,63.0,0.4028,79.0,,,0.1756,4.0
2005-01-31,0.2522,57.0,0.2302,53.0,0.3201,76.0,,,0.2087,19.0,0.2489,43.0,0.2545,64.0,0.415,82.0,,,0.1922,6.0
2005-01-28,0.2225,47.0,0.2535,64.0,0.3245,77.0,,,0.1914,9.0,0.2482,43.0,0.2546,64.0,0.408,80.0,,,0.1449,2.0
2005-01-27,0.2285,50.0,0.2552,65.0,0.3274,78.0,,,0.1908,9.0,0.2515,44.0,0.2549,64.0,0.4109,81.0,,,0.1443,2.0
2005-01-26,0.2718,63.0,0.2754,72.0,0.3272,78.0,,,0.2063,17.0,0.2544,46.0,0.2569,65.0,0.4111,81.0,,,0.1886,6.0
2005-01-25,0.2828,66.0,0.2849,74.0,0.3559,82.0,,,0.223,28.0,0.2543,46.0,0.2572,65.0,0.44,88.0,,,0.0968,1.0
2005-01-24,0.2551,59.0,0.268,70.0,0.3586,83.0,,,0.2331,34.0,0.2556,48.0,0.2573,65.0,0.4139,82.0,,,0.1304,1.0
2005-01-21,0.2366,53.0,0.2471,61.0,0.331,79.0,,,0.1822,6.0,0.2528,45.0,0.2562,65.0,0.4077,80.0,,,0.1986,7.0
2005-01-20,0.2127,42.0,0.2352,56.0,0.3407,80.0,,,0.2001,13.0,0.2507,44.0,0.2552,64.0,0.4109,81.0,,,0.1978,7.0
2005-01-19,0.1842,31.0,0.217,46.0,0.2878,65.0,,,0.1945,10.0,0.2559,48.0,0.2579,66.0,0.4103,81.0,,,0.2044,8.0
2005-01-18,0.1518,19.0,0.2317,54.0,0.304,72.0,,,0.264,54.0,0.2581,49.0,0.2593,67.0,0.4034,79.0,,,0.1443,2.0
2005-01-14,0.1427,16.0,0.222,49.0,0.2478,43.0,,,0.2654,55.0,0.2597,51.0,0.2623,69.0,0.2823,47.0,,,0.2755,50.0
2005-01-13,0.213,43.0,0.2639,68.0,0.2696,55.0,,,0.2777,62.0,0.2622,54.0,0.2626,70.0,0.2843,48.0,,,0.2733,48.0
2005-01-12,0.2677,62.0,0.3226,82.0,0.2592,50.0,,,0.2776,62.0,0.2616,53.0,0.2627,70.0,0.2826,47.0,,,0.2745,50.0
2005-01-11,0.254,57.0,0.3451,85.0,0.2676,55.0,,,0.2766,61.0,0.2623,54.0,0.2624,70.0,0.2869,49.0,,,0.2811,55.0
2005-01-10,0.2607,60.0,0.3437,85.0,0.2773,60.0,,,0.2894,67.0,0.2626,54.0,0.2625,70.0,0.2851,48.0,,,0.2812,55.0
2005-01-07,0.2401,54.0,0.3383,84.0,0.2793,61.0,,,0.2854,65.0,0.2635,55.0,0.2625,70.0,0.2837,47.0,,,0.2845,57.0
2005-01-06,0.27,63.0,0.3222,82.0,0.2727,57.0,,,0.3036,73.0,0.263,55.0,0.2615,69.0,0.2839,47.0,,,0.2829,57.0
2005-01-05,0.3408,78.0,0.3152,81.0,0.2766,59.0,,,0.2977,71.0,0.2633,55.0,0.2609,69.0,0.2827,47.0,,,0.2725,48.0
2005-01-04,0.297,69.0,0.288,75.0,0.2632,52.0,,,0.2509,46.0,0.2588,50.0,0.2586,66.0,0.2794,45.0,,,0.2686,44.0
2005-01-03,0.2234,47.0,0.2223,49.0,0.2384,37.0,,,0.251,46.0,0.2544,46.0,0.2552,64.0,0.2722,41.0,,,0.2704,46.0
2004-12-31,0.1639,23.0,0.1859,28.0,0.2227,28.0,,,0.2218,27.0,0.2521,45.0,0.2535,63.0,0.2675,39.0,,,0.2676,43.0
2004-12-30,0.1846,31.0,0.2036,39.0,0.227,30.0,,,0.2305,32.0,0.2521,45.0,0.2537,63.0,0.2715,41.0,,,0.2664,42.0
2004-12-29,0.1792,28.0,0.2225,49.0,0.2165,24.0,,,0.2356,35.0,0.2521,45.0,0.2541,63.0,0.2718,41.0,,,0.2705,46.0
2004-12-28,0.2378,53.0,0.2284,53.0,0.2246,28.0,,,0.2312,33.0,0.2554,47.0,0.2555,64.0,0.2744,42.0,,,0.2725,48.0
2004-12-27,0.1997,36.0,0.235,56.0,0.2275,31.0,,,0.2406,38.0,0.2562,48.0,0.2563,65.0,0.2781,44.0,,,0.2782,53.0
2004-12-23,0.2104,41.0,0.2253,51.0,0.2277,31.0,,,0.2299,32.0,0.2555,47.0,0.2554,64.0,0.2767,44.0,,,0.2755,50.0
2004-12-22,0.2207,46.0,0.2259,51.0,0.2302,32.0,,,0.2357,35.0,0.2555,47.0,0.2553,64.0,0.2771,44.0,,,0.2781,53.0
2004-12-21,0.234,52.0,0.2246,50.0,0.2411,39.0,,,0.2384,37.0,0.2555,47.0,0.2562,65.0,0.2796,45.0,,,0.2764,51.0
2004-12-20,0.2135,43.0,0.2043,39.0,0.2388,37.0,,,0.2436,41.0,0.2546,47.0,0.2552,64.0,0.2822,47.0,,,0.2767,52.0
2004-12-17,0.2122,42.0,0.1866,28.0,0.2655,54.0,,,0.2522,46.0,0.2545,46.0,0.2546,64.0,0.2808,46.0,,,0.2759,51.0
2004-12-16,0.152,19.0,0.1923,32.0,0.2627,52.0,,,0.2644,54.0,0.2538,46.0,0.2555,64.0,0.2844,48.0,,,0.2765,51.0
2004-12-15,0.1852,31.0,0.1861,28.0,0.2469,42.0,,,0.2999,71.0,0.2548,47.0,0.2555,64.0,0.3658,71.0,,,0.1623,3.0
2004-12-14,0.1694,25.0,0.1748,23.0,0.2423,39.0,,,0.421,90.0,0.2538,46.0,0.2551,64.0,0.3566,69.0,,,0.1868,6.0
2004-12-13,0.1656,23.0,0.1798,25.0,0.253,46.0,,,0.2889,67.0,0.2534,45.0,0.255,64.0,0.3565,69.0,,,0.1806,5.0
2004-12-10,0.1234,10.0,0.2172,46.0,0.2202,26.0,,,0.3867,87.0,0.2528,45.0,0.2549,64.0,0.3517,67.0,,,0.184,5.0
2004-12-09,0.1694,25.0,0.2329,55.0,0.2306,33.0,,,0.3516,82.0,0.2531,45.0,0.255,64.0,0.3572,69.0,,,0.1833,5.0
2004-12-08,0.1711,25.0,0.2384,57.0,0.2522,46.0,,,0.2914,68.0,0.2532,45.0,0.2548,64.0,0.3565,69.0,,,0.186,6.0
2004-12-07,0.1553,20.0,0.248,62.0,0.2539,47.0,,,0.3303,79.0,0.2553,47.0,0.2549,64.0,0.3647,71.0,,,0.1729,4.0
2004-12-06,0.1492,18.0,0.2349,56.0,0.2746,57.0,,,0.2489,44.0,0.255,47.0,0.2551,64.0,0.3925,77.0,,,0.136,1.0
2004-12-03,0.1426,16.0,0.2409,59.0,0.2756,59.0,,,0.1765,5.0,0.257,49.0,0.2555,64.0,0.3658,71.0,,,0.1693,4.0
2004-12-02,0.1443,17.0,0.2387,57.0,0.255,47.0,,,0.1937,10.0,0.2575,49.0,0.2551,64.0,0.3708,73.0,,,0.1707,4.0
2004-12-01,0.164,23.0,0.2114,43.0,0.2541,47.0,,,0.1915,9.0,0.2577,49.0,0.2534,63.0,0.372,73.0,,,0.1705,4.0
2004-11-30,0.1531,19.0,0.2075,41.0,0.2713,56.0,,,0.169,3.0,0.2577,49.0,0.2527,63.0,0.3854,76.0,,,0.1697,4.0
2004-11-29,0.1584,21.0,0.204,39.0,0.2499,44.0,,,0.2205,26.0,0.2577,49.0,0.2523,62.0,0.3711,73.0,,,0.1694,4.0
2004-11-26,0.1396,15.0,0.1814,26.0,0.262,52.0,,,0.2126,21.0,0.2569,49.0,0.2512,62.0,0.3768,74.0,,,0.1727,4.0
2004-11-24,0.2132,43.0,0.2116,43.0,0.238,37.0,,,0.2205,26.0,0.258,49.0,0.252,62.0,0.3784,75.0,,,0.1742,4.0
2004-11-23,0.2157,44.0,0.2062,40.0,0.2451,41.0,,,0.2685,57.0,0.2582,50.0,0.2517,62.0,0.3702,72.0,,,0.1715,4.0
2004-11-22,0.2362,52.0,0.2076,41.0,0.2585,49.0,,,0.2308,32.0,0.2584,50.0,0.2516,62.0,0.3756,74.0,,,0.1704,4.0
2004-11-19,0.2309,51.0,0.2036,39.0,0.2793,61.0,,,0.2645,54.0,0.258,49.0,0.2515,62.0,0.3806,75.0,,,0.1702,4.0
2004-11-18,0.2146,43.0,0.1909,32.0,0.2772,59.0,,,0.2599,52.0,0.2585,50.0,0.2523,62.0,0.3858,76.0,,,0.1782,5.0
2004-11-17,0.2127,42.0,0.1918,32.0,0.284,63.0,,,0.2651,55.0,0.2599,52.0,0.253,63.0,0.3868,76.0,,,0.1758,4.0
2004-11-16,0.2031,38.0,0.1994,37.0,0.2892,66.0,,,0.2561,49.0,0.2603,52.0,0.2536,63.0,0.3843,75.0,,,0.1687,4.0
2004-11-15,0.1502,18.0,0.2282,52.0,0.3299,79.0,,,0.2429,40.0,0.2619,54.0,0.254,63.0,0.3925,77.0,,,0.1497,2.0
2004-11-12,0.1959,35.0,0.2739,71.0,0.3169,76.0,,,0.2357,35.0,0.2622,54.0,0.2549,64.0,0.3915,77.0,,,0.155,2.0
2004-11-11,0.2054,39.0,0.2788,73.0,0.3167,76.0,,,0.23,32.0,0.2621,54.0,0.2552,64.0,0.4002,78.0,,,0.1406,1.0
2004-11-10,0.2651,62.0,0.3329,83.0,0.3063,73.0,,,0.2398,38.0,0.2636,55.0,0.2552,64.0,0.3931,77.0,,,0.1326,1.0
2004-11-09,0.2626,61.0,0.3441,85.0,0.3135,75.0,,,0.2407,39.0,0.2639,56.0,0.2566,65.0,0.4052,80.0,,,0.1336,1.0
2004-11-08,0.2539,57.0,0.3456,85.0,0.3634,83.0,,,0.1335,1.0,0.2642,56.0,0.2567,65.0,0.4047,79.0,,,0.1335,1.0
2004-11-05,0.2545,59.0,0.3422,84.0,0.3036,72.0,,,0.2415,39.0,0.2644,56.0,0.2571,65.0,0.4018,79.0,,,0.2415,22.0
2004-11-04,0.2559,59.0,0.3366,84.0,0.2779,60.0,,,0.2354,35.0,0.2646,57.0,0.2562,65.0,0.4017,79.0,,,0.2507,28.0
2004-11-03,0.222,47.0,0.3225,82.0,0.2705,56.0,,,0.2545,48.0,0.2642,56.0,0.2566,65.0,0.4101,81.0,,,0.2583,35.0
2004-11-02,0.2057,39.0,0.3226,82.0,0.3111,74.0,,,0.1364,1.0,0.2637,55.0,0.2565,65.0,0.4213,84.0,,,0.1212,1.0
2004-11-01,0.2332,52.0,0.2832,74.0,0.2943,68.0,,,0.2396,38.0,0.2643,56.0,0.2535,63.0,0.4105,81.0,,,0.2575,34.0
2004-10-29,0.387,84.0,0.366,87.0,0.29,66.0,,,0.2478,43.0,0.2638,56.0,0.2527,63.0,0.4211,84.0,,,0.1204,1.0
2004-10-28,0.3857,84.0,0.3727,88.0,0.2993,70.0,,,0.2558,49.0,0.2638,56.0,0.254,63.0,0.4251,85.0,,,0.1156,1.0
2004-10-27,0.3843,84.0,0.3758,88.0,0.3002,70.0,,,0.2527,47.0,0.2639,56.0,0.2545,64.0,0.4227,85.0,,,0.1061,1.0
2004-10-26,0.3471,79.0,0.3543,86.0,0.3097,74.0,,,0.2627,53.0,0.2638,56.0,0.2556,64.0,0.432,87.0,,,0.2779,53.0
2004-10-25,0.346,79.0,0.3483,85.0,0.3031,71.0,,,0.2672,56.0,0.265,57.0,0.2581,66.0,0.4391,88.0,,,0.2785,53.0
2004-10-22,0.3414,78.0,0.3619,87.0,0.3001,70.0,,,0.1775,5.0,0.2693,61.0,0.2605,68.0,0.4426,88.0,,,0.2843,57.0
2004-10-21,0.3438,78.0,0.3641,87.0,0.3082,73.0,,,0.2568,50.0,0.268,60.0,0.2612,69.0,0.4367,88.0,,,0.2816,56.0
2004-10-20,0.2334,52.0,0.2692,70.0,0.3062,73.0,,,0.1916,9.0,0.2616,53.0,0.2557,64.0,0.4239,85.0,,,0.1147,1.0
2004-10-19,0.2697,63.0,0.263,68.0,0.3058,72.0,,,0.1734,4.0,0.2615,53.0,0.2548,64.0,0.4203,84.0,,,0.1195,1.0
2004-10-18,0.2994,70.0,0.2663,69.0,0.3028,71.0,,,0.1872,7.0,0.2687,61.0,0.2586,66.0,0.4186,83.0,,,0.121,1.0
2004-10-15,0.3103,72.0,0.273,71.0,0.3162,75.0,,,0.2,13.0,0.2688,61.0,0.2598,67.0,0.4237,85.0,,,0.133,1.0
2004-10-14,0.2402,54.0,0.2554,65.0,0.3145,75.0,,,0.1991,13.0,0.2689,61.0,0.2604,68.0,0.4312,87.0,,,0.086,1.0
2004-10-13,0.2369,53.0,0.2253,51.0,0.3135,75.0,,,0.2183,25.0,0.2692,61.0,0.2595,67.0,0.4226,85.0,,,0.1108,1.0
2004-10-12,0.2174,45.0,0.2059,40.0,0.2643,53.0,,,0.2112,20.0,0.2675,60.0,0.2585,66.0,0.4244,85.0,,,0.1396,1.0
2004-10-11,0.2559,59.0,0.238,57.0,0.3069,73.0,,,0.2098,19.0,0.2674,60.0,0.2583,66.0,0.4174,83.0,,,0.137,1.0
2004-10-08,0.2424,55.0,0.238,57.0,0.2566,48.0,,,0.2471,43.0,0.2659,57.0,0.2582,66.0,0.4292,86.0,,,0.1384,1.0
2004-10-07,0.2015,37.0,0.2343,55.0,0.2878,65.0,,,0.2725,59.0,0.2665,59.0,0.2585,66.0,0.4213,84.0,,,0.1472,2.0
2004-10-06,0.1294,12.0,0.2262,51.0,0.2838,63.0,,,0.2567,50.0,0.2655,57.0,0.2581,66.0,0.4107,81.0,,,0.2655,41.0
2004-10-05,0.1923,34.0,0.2283,52.0,0.2908,66.0,,,0.2503,45.0,0.2663,57.0,0.2589,67.0,0.4166,83.0,,,0.2636,39.0
2004-10-04,0.1955,35.0,0.2378,57.0,0.2802,61.0,,,0.2543,48.0,0.2665,59.0,0.259,67.0,0.4107,81.0,,,0.267,43.0
2004-09-30,0.2153,44.0,0.1991,37.0,0.2506,45.0,,,0.2594,51.0,0.2677,60.0,0.258,66.0,0.4209,84.0,,,0.1332,1.0
2004-09-29,0.2293,50.0,0.2194,47.0,0.2545,47.0,,,0.2471,43.0,0.2673,60.0,0.2578,66.0,0.422,85.0,,,0.1093,1.0
2004-09-28,0.2425,55.0,0.226,51.0,0.2625,52.0,,,0.2695,57.0,0.2668,59.0,0.258,66.0,0.4274,86.0,,,0.26,36.0
2004-09-27,0.2781,65.0,0.2498,62.0,0.2578,49.0,,,0.2773,61.0,0.2673,60.0,0.2581,66.0,0.4507,89.0,,,0.2659,41.0
2004-09-24,0.2371,53.0,0.2439,60.0,0.2577,49.0,,,0.2536,47.0,0.2669,59.0,0.2582,66.0,0.4254,85.0,,,0.1051,1.0
2004-09-23,0.2679,62.0,0.2362,56.0,0.2826,62.0,,,0.2477,43.0,0.2679,60.0,0.2586,66.0,0.4328,87.0,,,0.2579,35.0
2004-09-22,0.2463,56.0,0.2358,56.0,0.257,49.0,,,0.2534,47.0,0.2673,60.0,0.2584,66.0,0.4205,84.0,,,0.2597,36.0
2004-09-21,0.2514,57.0,0.2583,66.0,0.255,47.0,,,0.2566,50.0,0.2692,61.0,0.2595,67.0,0.4345,87.0,,,0.2603,36.0
2004-09-20,0.2625,61.0,0.2385,57.0,0.2591,50.0,,,0.2588,51.0,0.2678,60.0,0.2586,66.0,0.4424,88.0,,,0.2588,35.0
2004-09-17,0.2501,57.0,0.2293,53.0,0.2439,40.0,,,0.2464,42.0,0.2672,59.0,0.2582,66.0,0.4506,89.0,,,0.2676,43.0
2004-09-16,0.2007,37.0,0.2008,37.0,0.2478,43.0,,,0.2524,46.0,0.265,57.0,0.2567,65.0,0.4382,88.0,,,0.2654,41.0
2004-09-15,0.2297,50.0,0.2328,55.0,0.2584,49.0,,,0.2592,51.0,0.2656,57.0,0.257,65.0,0.4261,85.0,,,0.2698,45.0
2004-09-14,0.2274,49.0,0.2375,57.0,0.2475,43.0,,,0.2604,52.0,0.2647,57.0,0.2573,65.0,0.4173,83.0,,,0.2706,46.0
2004-09-13,0.3189,74.0,0.2872,75.0,0.2452,41.0,,,0.2597,52.0,0.268,60.0,0.2587,67.0,0.4197,84.0,,,0.2652,41.0
2004-09-10,0.3009,70.0,0.2778,73.0,0.2179,25.0,,,0.2477,43.0,0.2692,61.0,0.2582,66.0,0.4238,85.0,,,0.2648,40.0
2004-09-09,0.2885,67.0,0.2771,72.0,0.2226,28.0,,,0.2412,39.0,0.2716,63.0,0.2585,66.0,0.4244,85.0,,,0.2644,40.0
2004-09-08,0.3041,71.0,0.2719,71.0,0.2658,54.0,,,0.2214,27.0,0.2808,69.0,0.2625,70.0,0.4324,87.0,,,0.2601,36.0
2004-09-07,0.2893,67.0,0.2658,69.0,0.2623,52.0,,,0.2358,35.0,0.2813,69.0,0.263,70.0,0.4294,86.0,,,0.3256,79.0
2004-09-03,0.2819,66.0,0.2471,61.0,0.2293,32.0,,,0.2401,38.0,0.2886,73.0,0.2652,71.0,0.4279,86.0,,,0.2721,47.0
2004-09-02,0.2552,59.0,0.2414,59.0,0.2138,22.0,,,0.2491,44.0,0.288,73.0,0.2648,71.0,0.4478,89.0,,,0.276,51.0
2004-09-01,0.1975,35.0,0.199,37.0,0.2383,37.0,,,0.2562,49.0,0.2834,71.0,0.2623,69.0,0.4347,87.0,,,0.2764,51.0
2004-08-31,0.1883,32.0,0.1834,27.0,0.2591,50.0,,,0.2484,44.0,0.2831,70.0,0.2649,71.0,0.4332,87.0,,,0.2785,53.0
2004-08-30,0.189,32.0,0.1827,27.0,0.2635,52.0,,,0.2556,49.0,0.284,71.0,0.2652,71.0,0.4425,88.0,,,0.2782,53.0
2004-08-27,0.1955,35.0,0.2051,40.0,0.2482,43.0,,,0.2332,34.0,0.2853,72.0,0.2662,71.0,0.4338,87.0,,,0.2787,53.0
2004-08-26,0.1903,33.0,0.2109,43.0,0.245,41.0,,,0.2524,46.0,0.2855,72.0,0.2668,72.0,0.4361,87.0,,,0.2774,52.0
2004-08-25,0.21,41.0,0.2169,46.0,0.2399,38.0,,,0.2528,47.0,0.2855,72.0,0.2669,72.0,0.4312,87.0,,,0.2805,55.0
2004-08-24,0.2775,65.0,0.2387,57.0,0.2472,42.0,,,0.2434,40.0,0.2854,72.0,0.267,72.0,0.4363,87.0,,,0.284,57.0
2004-08-23,0.2642,61.0,0.2369,57.0,0.2778,60.0,,,0.2897,67.0,0.2845,71.0,0.2675,72.0,0.436,87.0,,,0.1982,7.0
2004-08-20,0.3055,71.0,0.2452,61.0,0.2922,67.0,,,0.2969,70.0,0.2845,71.0,0.2675,72.0,0.4432,88.0,,,0.1942,6.0
2004-08-19,0.2983,70.0,0.2461,61.0,0.287,64.0,,,0.4216,90.0,0.2843,71.0,0.2676,72.0,0.4311,86.0,,,0.2059,8.0
2004-08-18,0.3512,79.0,0.2493,62.0,0.2887,65.0,,,0.3224,78.0,0.2842,71.0,0.2671,72.0,0.4265,85.0,,,0.2137,10.0
2004-08-17,0.3516,80.0,0.2476,61.0,0.2892,66.0,,,0.3409,81.0,0.2841,71.0,0.2671,72.0,0.4293,86.0,,,0.2115,10.0
2004-08-16,0.3591,81.0,0.2419,59.0,0.2868,64.0,,,0.2985,71.0,0.2842,71.0,0.2666,71.0,0.2281,12.0,,,0.3284,80.0
2004-08-13,0.3052,71.0,0.2522,63.0,0.3209,76.0,,,0.2185,25.0,0.281,69.0,0.2658,71.0,0.4875,93.0,,,0.2435,23.0
2004-08-12,0.3142,73.0,0.238,57.0,0.3785,85.0,,,0.2169,24.0,0.281,69.0,0.265,71.0,0.4801,92.0,,,0.1134,1.0
2004-08-11,0.3269,76.0,0.2397,57.0,0.3626,83.0,,,0.1714,4.0,0.2797,68.0,0.2651,71.0,0.48,92.0,,,0.1472,2.0
2004-08-10,0.3876,84.0,0.2715,70.0,0.3452,81.0,,,0.1881,8.0,0.2796,68.0,0.2654,71.0,0.4693,91.0,,,0.1494,2.0
2004-08-09,0.3205,75.0,0.2587,66.0,0.295,68.0,,,0.2391,38.0,0.2764,66.0,0.2655,71.0,0.5004,94.0,,,0.2337,19.0
2004-08-06,0.3614,81.0,0.2777,73.0,0.2703,56.0,,,0.2437,41.0,0.2767,66.0,0.2666,71.0,0.4917,93.0,,,0.1273,1.0
2004-08-05,0.3507,79.0,0.2762,72.0,0.2869,64.0,,,0.156,2.0,0.2765,66.0,0.2666,71.0,0.4951,93.0,,,0.1208,1.0
2004-08-04,0.2967,69.0,0.2435,60.0,0.2843,63.0,,,0.2349,35.0,0.2756,66.0,0.2659,71.0,0.4944,93.0,,,0.2336,19.0
2004-08-03,0.3764,83.0,0.307,80.0,0.2904,66.0,,,0.2367,36.0,0.2756,66.0,0.2663,71.0,0.4871,93.0,,,0.2356,20.0
2004-08-02,0.2908,68.0,0.3242,82.0,0.2433,40.0,,,0.349,82.0,0.2725,63.0,0.2658,71.0,0.4808,92.0,,,0.2397,22.0
2004-07-30,0.3569,80.0,0.3538,86.0,0.2694,55.0,,,0.1676,3.0,0.2699,62.0,0.2641,70.0,0.4841,92.0,,,0.1394,1.0
2004-07-29,0.4125,87.0,0.3613,87.0,0.2885,65.0,,,0.2381,37.0,0.2743,65.0,0.2663,71.0,0.4931,93.0,,,0.2352,19.0
2004-07-28,0.4008,86.0,0.3487,85.0,0.289,65.0,,,0.1551,2.0,0.2727,63.0,0.2652,71.0,0.4948,93.0,,,0.1138,1.0
2004-07-27,0.4039,86.0,0.3438,85.0,0.2889,65.0,,,0.1624,2.0,0.2727,63.0,0.2652,71.0,0.494,93.0,,,0.1192,1.0
2004-07-26,0.4109,87.0,0.3491,85.0,0.2725,57.0,,,0.1688,3.0,0.276,66.0,0.2671,72.0,0.4924,93.0,,,0.1156,1.0
2004-07-23,0.3387,78.0,0.2989,78.0,0.2601,50.0,,,0.2131,21.0,0.2694,61.0,0.2637,70.0,0.5123,94.0,,,0.2361,20.0
2004-07-22,0.2611,60.0,0.2722,71.0,0.3447,81.0,,,0.1412,1.0,0.2653,57.0,0.2618,69.0,0.5306,95.0,,,0.2275,16.0
2004-07-21,0.2403,54.0,0.191,32.0,0.2999,70.0,,,0.2444,41.0,0.2643,56.0,0.2578,66.0,0.5205,95.0,,,0.2362,20.0
2004-07-20,0.1842,31.0,0.1822,27.0,0.2749,59.0,,,0.2488,44.0,0.262,54.0,0.2571,65.0,0.5018,94.0,,,0.2362,20.0
2004-07-16,0.1892,32.0,0.1934,33.0,0.3054,72.0,,,0.239,37.0,0.263,55.0,0.2582,66.0,0.522,95.0,,,0.2321,18.0
2004-07-15,0.1842,31.0,0.196,35.0,0.2802,61.0,,,0.4047,89.0,0.2631,55.0,0.2584,66.0,0.513,94.0,,,0.2359,20.0
2004-07-14,0.1566,20.0,0.1935,33.0,0.2989,70.0,,,0.284,65.0,0.2619,54.0,0.2587,67.0,0.5209,95.0,,,0.2371,20.0
2004-07-13,0.2201,46.0,0.2209,48.0,0.3018,71.0,,,0.2475,43.0,0.2621,54.0,0.2588,67.0,0.5225,95.0,,,0.2295,17.0
2004-07-12,0.2381,53.0,0.2388,57.0,0.2916,67.0,,,0.3165,77.0,0.2615,53.0,0.2589,67.0,0.5115,94.0,,,0.2358,20.0
2004-07-09,0.2491,57.0,0.2311,54.0,0.2847,63.0,,,0.2953,70.0,0.2615,53.0,0.2585,66.0,0.5432,96.0,,,0.2345,19.0
2004-07-08,0.2137,43.0,0.2232,50.0,0.2984,69.0,,,0.2485,44.0,0.2614,53.0,0.2585,66.0,0.5214,95.0,,,0.2354,20.0
2004-07-07,0.2148,44.0,0.2433,60.0,0.2968,69.0,,,0.2567,50.0,0.2614,53.0,0.2589,67.0,0.5176,94.0,,,0.2348,19.0
2004-07-06,0.2181,45.0,0.2347,55.0,0.3016,71.0,,,0.2432,40.0,0.2621,54.0,0.2593,67.0,0.5276,95.0,,,0.2255,15.0
2004-07-02,0.2195,46.0,0.2326,54.0,0.2871,65.0,,,0.2638,54.0,0.2626,54.0,0.2593,67.0,0.5208,95.0,,,0.2379,21.0
2004-07-01,0.1993,36.0,0.2285,53.0,0.2336,34.0,,,0.255,48.0,0.2637,55.0,0.2591,67.0,0.5086,94.0,,,0.2343,19.0
2004-06-30,0.132,13.0,0.2194,47.0,0.2206,26.0,,,0.2529,47.0,0.2629,55.0,0.2589,67.0,0.493,93.0,,,0.2336,19.0
2004-06-29,0.1474,17.0,0.2184,47.0,0.2409,39.0,,,0.2487,44.0,0.2628,54.0,0.2588,67.0,0.4981,93.0,,,0.2318,18.0
2004-06-28,0.1544,19.0,0.221,48.0,0.2394,38.0,,,0.2618,53.0,0.2628,54.0,0.2588,67.0,0.4965,93.0,,,0.2301,17.0
2004-06-25,0.151,19.0,0.1954,34.0,0.2189,25.0,,,0.2546,48.0,0.2643,56.0,0.2581,66.0,0.404,79.0,,,0.2332,19.0
2004-06-24,0.1714,26.0,0.1983,36.0,0.2489,44.0,,,0.2296,32.0,0.264,56.0,0.258,66.0,0.4102,81.0,,,0.2295,17.0
2004-06-23,0.1701,25.0,0.1926,33.0,0.2279,31.0,,,0.2399,38.0,0.2645,57.0,0.2578,66.0,0.4108,81.0,,,0.2295,17.0
2004-06-22,0.1996,36.0,0.178,24.0,0.2215,27.0,,,0.2443,41.0,0.263,55.0,0.2566,65.0,0.4116,81.0,,,0.2253,15.0
2004-06-21,0.1796,28.0,0.1773,24.0,0.2427,40.0,,,0.2541,48.0,0.2622,54.0,0.2562,65.0,0.4131,82.0,,,0.1212,1.0
2004-06-18,0.2287,50.0,0.1854,28.0,0.2502,45.0,,,0.2531,47.0,0.2623,54.0,0.2566,65.0,0.4219,84.0,,,0.1225,1.0
2004-06-17,0.2292,50.0,0.1823,27.0,0.2541,47.0,,,0.2565,49.0,0.2634,55.0,0.2568,65.0,0.4194,84.0,,,0.1266,1.0
2004-06-16,0.2563,59.0,0.1849,28.0,0.2587,50.0,,,0.2567,50.0,0.2645,57.0,0.2572,65.0,0.4105,81.0,,,0.1528,2.0
2004-06-15,0.2587,60.0,0.1846,28.0,0.2631,52.0,,,0.2322,33.0,0.2644,56.0,0.2572,65.0,0.4034,79.0,,,0.2297,17.0
2004-06-14,0.241,54.0,0.1851,28.0,0.2859,64.0,,,0.2698,57.0,0.2644,56.0,0.2587,67.0,0.4182,83.0,,,0.1586,2.0
2004-06-10,0.2176,45.0,0.1671,19.0,0.2583,49.0,,,0.2667,56.0,0.2626,54.0,0.2581,66.0,0.4088,80.0,,,0.2487,27.0
2004-06-09,0.241,54.0,0.1655,18.0,0.2552,47.0,,,0.2663,55.0,0.2633,55.0,0.2583,66.0,0.4126,82.0,,,0.1569,2.0
2004-06-08,0.1876,32.0,0.1541,14.0,0.2637,53.0,,,0.2692,57.0,0.2609,52.0,0.258,66.0,0.4098,81.0,,,0.2562,33.0
2004-06-07,0.1804,28.0,0.1575,15.0,0.2489,44.0,,,0.2716,59.0,0.2607,52.0,0.2581,66.0,0.4114,81.0,,,0.2596,36.0
2004-06-04,0.1707,25.0,0.1646,18.0,0.2824,62.0,,,0.2518,46.0,0.2616,53.0,0.2584,66.0,0.4173,83.0,,,0.2544,31.0
2004-06-03,0.171,25.0,0.1979,36.0,0.2779,60.0,,,0.2729,59.0,0.2623,54.0,0.2589,67.0,0.4124,82.0,,,0.2578,34.0
2004-06-02,0.1681,24.0,0.2179,47.0,0.2715,57.0,,,0.2856,66.0,0.2622,54.0,0.2598,67.0,0.4122,82.0,,,0.258,35.0
2004-06-01,0.1494,18.0,0.2337,55.0,0.269,55.0,,,0.3054,73.0,0.2631,55.0,0.2604,68.0,0.4084,80.0,,,0.2311,18.0
2004-05-28,0.2876,67.0,0.2493,62.0,0.2749,59.0,,,0.2531,47.0,0.2617,53.0,0.2604,68.0,0.4148,82.0,,,0.164,3.0
2004-05-27,0.2965,69.0,0.267,69.0,0.2532,46.0,,,0.2732,60.0,0.263,55.0,0.2611,69.0,0.4043,79.0,,,0.1591,2.0
2004-05-26,0.3006,70.0,0.2746,72.0,0.26,50.0,,,0.2794,62.0,0.2626,54.0,0.261,69.0,0.4076,80.0,,,0.2425,23.0
2004-05-25,0.3368,77.0,0.274,71.0,0.2739,57.0,,,0.2732,60.0,0.2623,54.0,0.2609,69.0,0.412,81.0,,,0.1638,3.0
2004-05-24,0.3152,73.0,0.2744,71.0,0.2948,68.0,,,0.3088,74.0,0.2616,53.0,0.26,68.0,0.4191,84.0,,,0.1699,4.0
2004-05-21,0.2649,62.0,0.265,68.0,0.3102,74.0,,,0.3294,79.0,0.2641,56.0,0.2608,68.0,0.4301,86.0,,,0.1676,3.0
2004-05-20,0.2432,55.0,0.2667,69.0,0.3439,81.0,,,0.3286,79.0,0.2631,55.0,0.2603,68.0,0.4344,87.0,,,0.1621,3.0
2004-05-19,0.2447,55.0,0.2693,70.0,0.3156,75.0,,,0.3252,78.0,0.2599,52.0,0.2599,68.0,0.432,87.0,,,0.1686,4.0
2004-05-18,0.3071,72.0,0.3007,78.0,0.337,80.0,,,0.3009,72.0,0.2602,52.0,0.2594,67.0,0.4326,87.0,,,0.1671,3.0
2004-05-17,0.2924,68.0,0.2992,78.0,0.3286,78.0,,,0.3471,82.0,0.2607,52.0,0.2601,68.0,0.431,86.0,,,0.1604,3.0
2004-05-14,0.2891,67.0,0.3085,80.0,0.355,82.0,,,0.1863,7.0,0.2599,52.0,0.2605,68.0,0.4635,90.0,,,0.1857,5.0
2004-05-13,0.2896,67.0,0.2892,76.0,0.3833,86.0,,,0.1904,8.0,0.2597,51.0,0.26,68.0,0.4675,91.0,,,0.1799,5.0
2004-05-12,0.2907,68.0,0.3078,80.0,0.3727,84.0,,,0.1957,11.0,0.2651,57.0,0.2604,68.0,0.4661,91.0,,,0.1816,5.0
2004-05-11,0.2835,66.0,0.3063,79.0,0.3915,87.0,,,0.1964,11.0,0.2662,57.0,0.2604,68.0,0.466,91.0,,,0.1795,5.0
2004-05-10,0.2817,66.0,0.3277,83.0,0.3887,86.0,,,0.2692,57.0,0.2647,57.0,0.2598,67.0,0.4742,92.0,,,0.1864,6.0
2004-05-07,0.2774,65.0,0.3437,85.0,0.3251,77.0,,,0.1785,5.0,0.2629,55.0,0.2577,66.0,0.4616,90.0,,,0.1683,4.0
2004-05-06,0.3177,74.0,0.3754,88.0,0.3089,74.0,,,0.2353,35.0,0.2647,57.0,0.2582,66.0,0.4561,90.0,,,0.2353,19.0
2004-05-05,0.3131,73.0,0.3881,90.0,0.2895,66.0,,,0.2266,30.0,0.2635,55.0,0.2574,65.0,0.4497,89.0,,,0.1547,2.0
2004-05-04,0.3206,75.0,0.4001,91.0,0.2886,65.0,,,0.2345,34.0,0.2636,55.0,0.2585,66.0,0.4502,89.0,,,0.1584,2.0
2004-05-03,0.3211,75.0,0.3833,89.0,0.2838,63.0,,,0.2443,41.0,0.2636,55.0,0.257,65.0,0.4457,89.0,,,0.1678,4.0
2004-04-30,0.446,89.0,0.4227,93.0,0.2875,65.0,,,0.2356,35.0,0.2636,55.0,0.2562,65.0,0.4497,89.0,,,0.1544,2.0
2004-04-29,0.419,87.0,0.405,91.0,0.3009,71.0,,,0.2293,31.0,0.2616,53.0,0.253,63.0,0.4505,89.0,,,0.2293,17.0
2004-04-28,0.4063,86.0,0.3773,89.0,0.2857,64.0,,,0.23,32.0,0.2582,50.0,0.2491,60.0,0.4435,88.0,,,0.1575,2.0
2004-04-27,0.3643,81.0,0.3492,85.0,0.3159,75.0,,,0.1533,2.0,0.2537,46.0,0.2459,57.0,0.4413,88.0,,,0.1676,3.0
2004-04-26,0.3636,81.0,0.3277,83.0,0.3154,75.0,,,0.1688,3.0,0.2553,47.0,0.2452,57.0,0.4479,89.0,,,0.1766,4.0
2004-04-23,0.3354,77.0,0.3112,80.0,0.2809,61.0,,,0.135,1.0,0.2539,46.0,0.2444,56.0,0.4429,88.0,,,0.1818,5.0
2004-04-22,0.3333,77.0,0.3152,81.0,0.2772,59.0,,,0.1185,1.0,0.2541,46.0,0.2447,56.0,0.4438,88.0,,,0.0914,1.0
2004-04-21,0.2519,57.0,0.2631,68.0,0.2933,67.0,,,0.2369,36.0,0.2466,42.0,0.2411,54.0,0.4563,90.0,,,0.1739,4.0
2004-04-20,0.2546,59.0,0.2419,59.0,0.3128,74.0,,,0.2453,42.0,0.2472,42.0,0.2402,53.0,0.4597,90.0,,,0.1799,5.0
2004-04-19,0.2231,47.0,0.2261,51.0,0.2748,57.0,,,0.1925,9.0,0.2469,42.0,0.2395,52.0,0.4485,89.0,,,0.1849,5.0
2004-04-16,0.1729,26.0,0.2156,45.0,0.3024,71.0,,,0.2397,38.0,0.2458,41.0,0.2393,52.0,0.4617,90.0,,,0.1732,4.0
2004-04-15,0.1763,28.0,0.2155,45.0,0.3087,73.0,,,0.2376,37.0,0.2469,42.0,0.2396,53.0,0.4666,91.0,,,0.174,4.0
2004-04-14,0.2618,61.0,0.231,54.0,0.2994,70.0,,,0.1753,4.0,0.248,43.0,0.2404,53.0,0.4682,91.0,,,0.175,4.0
2004-04-13,0.2721,63.0,0.231,54.0,0.3173,76.0,,,0.2439,41.0,0.2485,43.0,0.2403,53.0,0.4672,91.0,,,0.1767,4.0
2004-04-12,0.2107,41.0,0.2253,51.0,0.2899,66.0,,,0.1615,2.0,0.2462,42.0,0.2393,52.0,0.4552,90.0,,,0.1895,6.0
2004-04-08,0.2293,50.0,0.2274,52.0,0.2726,57.0,,,0.2775,62.0,0.2472,42.0,0.2399,53.0,0.4611,90.0,,,0.1935,6.0
2004-04-07,0.2092,41.0,0.2151,45.0,0.2831,63.0,,,0.2788,62.0,0.2468,42.0,0.2394,52.0,0.4618,90.0,,,0.1947,6.0
2004-04-06,0.2106,41.0,0.2285,53.0,0.2831,63.0,,,0.3065,74.0,0.2476,43.0,0.24,53.0,0.4469,89.0,,,0.2035,8.0
2004-04-05,0.2227,47.0,0.2232,50.0,0.2555,48.0,,,0.2932,69.0,0.2478,43.0,0.24,53.0,0.4554,90.0,,,0.1975,7.0
2004-04-02,0.2144,43.0,0.2319,54.0,0.2932,67.0,,,0.2851,65.0,0.2448,41.0,0.2393,52.0,0.4693,91.0,,,0.194,6.0
2004-04-01,0.216,44.0,0.2347,55.0,0.2973,69.0,,,0.3113,75.0,0.2445,40.0,0.2393,52.0,0.4642,91.0,,,0.1985,7.0
2004-03-31,0.2459,56.0,0.23,53.0,0.3085,73.0,,,0.3029,72.0,0.2458,41.0,0.2402,53.0,0.473,91.0,,,0.1965,7.0
2004-03-30,0.2379,53.0,0.223,49.0,0.2935,67.0,,,0.3144,76.0,0.2452,41.0,0.2407,53.0,0.4664,91.0,,,0.2019,8.0
2004-03-29,0.2499,57.0,0.22,48.0,0.303,71.0,,,0.3077,74.0,0.2491,43.0,0.242,54.0,0.4734,91.0,,,0.2013,7.0
2004-03-26,0.2026,38.0,0.21,42.0,0.3195,76.0,,,0.2949,70.0,0.2477,43.0,0.2419,54.0,0.4851,93.0,,,0.2054,8.0
2004-03-25,0.2726,63.0,0.2408,59.0,0.3198,76.0,,,0.3089,74.0,0.248,43.0,0.2422,54.0,0.4807,92.0,,,0.207,9.0
2004-03-24,0.2915,68.0,0.2334,55.0,0.334,79.0,,,0.3408,81.0,0.2473,42.0,0.2413,54.0,0.4861,93.0,,,0.2133,10.0
2004-03-23,0.3451,79.0,0.2366,57.0,0.351,82.0,,,0.3263,79.0,0.2479,43.0,0.2425,55.0,0.4939,93.0,,,0.2115,10.0
2004-03-22,0.4416,89.0,0.3043,79.0,0.3288,78.0,,,0.348,82.0,0.2545,46.0,0.2457,57.0,0.482,92.0,,,0.2111,9.0
2004-03-19,0.455,90.0,0.3127,81.0,0.3366,80.0,,,0.3107,75.0,0.2547,47.0,0.2457,57.0,0.482,92.0,,,0.1977,7.0
2004-03-18,0.5587,94.0,0.3607,87.0,0.3318,79.0,,,0.3137,76.0,0.2549,47.0,0.246,57.0,0.4786,92.0,,,0.1966,7.0
2004-03-17,0.5608,94.0,0.3548,86.0,0.3025,71.0,,,0.3072,74.0,0.2554,47.0,0.2467,57.0,0.4744,92.0,,,0.2023,8.0
2004-03-16,0.5299,93.0,0.3403,84.0,0.3134,74.0,,,0.3499,82.0,0.2517,44.0,0.2456,57.0,0.4849,93.0,,,0.207,9.0
2004-03-15,0.4892,91.0,0.3734,88.0,0.3517,82.0,,,0.3534,83.0,0.248,43.0,0.2451,57.0,0.4783,92.0,,,0.213,10.0
2004-03-12,0.476,91.0,0.3735,88.0,0.3023,71.0,,,0.299,71.0,0.2462,42.0,0.2448,56.0,0.4682,91.0,,,0.205,8.0
2004-03-11,0.2756,64.0,0.3286,83.0,0.341,80.0,,,0.3374,80.0,0.2346,35.0,0.2402,53.0,0.4828,92.0,,,0.2029,8.0
2004-03-10,0.2789,65.0,0.3272,83.0,0.3063,73.0,,,0.3115,75.0,0.234,34.0,0.2401,53.0,0.4654,91.0,,,0.1954,6.0
2004-03-09,0.1747,27.0,0.2776,73.0,0.2746,57.0,,,0.2482,44.0,0.2245,27.0,0.2363,50.0,0.4573,90.0,,,0.1927,6.0
2004-03-08,0.1949,35.0,0.2811,74.0,0.2654,53.0,,,0.2993,71.0,0.2278,30.0,0.2375,51.0,0.4507,89.0,,,0.1967,7.0
2004-03-05,0.2419,55.0,0.2966,77.0,0.2851,64.0,,,0.2473,43.0,0.2308,32.0,0.2374,51.0,0.4515,89.0,,,0.1963,7.0
2004-03-04,0.2306,51.0,0.2408,59.0,0.2689,55.0,,,0.266,55.0,0.2304,32.0,0.2339,47.0,0.4513,89.0,,,0.1964,7.0
2004-03-03,0.2097,41.0,0.2354,56.0,0.2679,55.0,,,0.273,59.0,0.2331,34.0,0.2339,47.0,0.4488,89.0,,,0.1979,7.0
2004-03-02,0.1711,25.0,0.2254,51.0,0.2797,61.0,,,0.2659,55.0,0.2315,32.0,0.2331,47.0,0.4477,89.0,,,0.1938,6.0
2004-03-01,0.1585,21.0,0.2158,45.0,0.277,59.0,,,0.2551,48.0,0.2313,32.0,0.2327,46.0,0.4473,89.0,,,0.187,6.0
2004-02-27,0.1794,28.0,0.2097,42.0,0.2397,38.0,,,0.2727,59.0,0.2315,32.0,0.2325,46.0,0.4389,88.0,,,0.2567,33.0
2004-02-26,0.197,35.0,0.2135,44.0,0.252,46.0,,,0.2616,52.0,0.232,33.0,0.2329,47.0,0.445,88.0,,,0.078,1.0
2004-02-25,0.1638,23.0,0.1821,26.0,0.2656,54.0,,,0.2758,61.0,0.2299,31.0,0.2318,46.0,0.4499,89.0,,,0.2007,7.0
2004-02-24,0.1752,27.0,0.1945,34.0,0.2837,63.0,,,0.2728,59.0,0.23,31.0,0.2315,45.0,0.4532,89.0,,,0.1998,7.0
2004-02-23,0.1713,26.0,0.1995,37.0,0.2717,57.0,,,0.2711,57.0,0.23,31.0,0.2314,45.0,0.4532,89.0,,,0.2019,8.0
2004-02-20,0.1787,28.0,0.2171,46.0,0.2948,68.0,,,0.2742,60.0,0.2299,31.0,0.2311,44.0,0.4541,89.0,,,0.1957,6.0
2004-02-19,0.1809,28.0,0.238,57.0,0.2995,70.0,,,0.2826,64.0,0.2308,32.0,0.2317,45.0,0.4547,89.0,,,0.0577,1.0
2004-02-18,0.1851,31.0,0.2411,59.0,0.2813,62.0,,,0.2988,71.0,0.2319,33.0,0.2319,46.0,0.448,89.0,,,0.0881,1.0
2004-02-17,0.2251,48.0,0.2532,64.0,0.2941,68.0,,,0.2339,34.0,0.2309,32.0,0.2315,45.0,0.2696,40.0,,,0.323,78.0
2004-02-13,0.2118,42.0,0.2629,67.0,0.2033,15.0,,,0.2418,39.0,0.2309,32.0,0.2317,45.0,0.266,38.0,,,0.3282,79.0
2004-02-12,0.1894,33.0,0.2525,64.0,0.3632,83.0,,,0.1458,1.0,0.234,34.0,0.2323,46.0,0.4876,93.0,,,0.1092,1.0
2004-02-11,0.1974,35.0,0.2483,62.0,0.404,88.0,,,0.1511,1.0,0.2344,35.0,0.2328,46.0,0.4759,92.0,,,0.1127,1.0
2004-02-09,0.2618,61.0,0.2536,64.0,0.3124,74.0,,,0.1653,3.0,0.235,35.0,0.2311,44.0,0.4724,91.0,,,0.1062,1.0
2004-02-05,0.3074,72.0,0.2668,69.0,0.31,74.0,,,0.2066,17.0,0.233,34.0,0.2298,43.0,0.4171,83.0,,,0.1599,3.0
2004-02-04,0.3068,72.0,0.2636,68.0,0.2976,69.0,,,0.1935,10.0,0.2327,33.0,0.229,42.0,0.414,82.0,,,0.1647,3.0
2004-02-03,0.309,72.0,0.261,67.0,0.2968,69.0,,,0.2131,21.0,0.2333,34.0,0.2294,43.0,0.4145,82.0,,,0.1665,3.0
2004-02-02,0.3065,72.0,0.2594,66.0,0.2965,69.0,,,0.2147,23.0,0.2329,34.0,0.2294,43.0,0.4145,82.0,,,0.2035,8.0
2004-01-30,0.1551,20.0,0.2129,44.0,0.3417,81.0,,,0.1743,4.0,0.2286,30.0,0.2278,40.0,0.4249,85.0,,,0.1545,2.0
2004-01-29,0.1807,28.0,0.2224,49.0,0.3144,75.0,,,0.1775,5.0,0.23,31.0,0.2318,46.0,0.4213,84.0,,,0.1555,2.0
2004-01-28,0.194,34.0,0.2313,54.0,0.33,79.0,,,0.1742,4.0,0.2301,31.0,0.2324,46.0,0.4255,85.0,,,0.1471,2.0
2004-01-27,0.1412,16.0,0.2025,38.0,0.3393,80.0,,,0.2147,23.0,0.2326,33.0,0.2346,48.0,0.4165,83.0,,,0.1995,7.0
2004-01-26,0.1442,17.0,0.2064,41.0,0.3142,75.0,,,0.2054,17.0,0.2326,33.0,0.2342,48.0,0.4187,83.0,,,0.1984,7.0
2004-01-23,0.1438,16.0,0.2147,45.0,0.3002,70.0,,,0.2162,23.0,0.2337,34.0,0.2365,50.0,0.4136,82.0,,,0.2025,8.0
2004-01-22,0.1401,15.0,0.2161,46.0,0.3023,71.0,,,0.1767,5.0,0.2337,34.0,0.2371,51.0,0.4146,82.0,,,0.1549,2.0
2004-01-21,0.1399,15.0,0.2145,45.0,0.2917,67.0,,,0.2008,14.0,0.2395,37.0,0.2389,52.0,0.4066,80.0,,,0.1544,2.0
2004-01-20,0.1229,10.0,0.2144,45.0,0.3036,72.0,,,0.1885,8.0,0.2442,40.0,0.245,57.0,0.4145,82.0,,,0.2032,8.0
2004-01-16,0.0869,3.0,0.208,41.0,0.2692,55.0,,,0.1903,8.0,0.242,39.0,0.2454,57.0,0.4083,80.0,,,0.1602,3.0
2004-01-15,0.155,20.0,0.2155,45.0,0.2568,48.0,,,0.2407,39.0,0.2424,39.0,0.2466,57.0,0.308,55.0,,,0.2802,55.0
2004-01-14,0.178,28.0,0.208,41.0,0.2604,51.0,,,0.237,36.0,0.2435,40.0,0.2474,59.0,0.3107,56.0,,,0.2796,54.0
2004-01-13,0.2576,59.0,0.228,52.0,0.251,45.0,,,0.2714,57.0,0.2445,40.0,0.2482,59.0,0.3112,56.0,,,0.2858,59.0
2004-01-12,0.2793,65.0,0.2371,57.0,0.277,59.0,,,0.2213,27.0,0.245,41.0,0.2489,60.0,0.3164,57.0,,,0.2835,57.0
2004-01-09,0.2794,65.0,0.2365,57.0,0.2236,28.0,,,0.2498,45.0,0.2448,41.0,0.2496,60.0,0.3109,56.0,,,0.2867,60.0
2004-01-08,0.2479,56.0,0.2282,52.0,0.2227,28.0,,,0.2469,43.0,0.2432,40.0,0.2498,60.0,0.309,56.0,,,0.2829,57.0
2004-01-07,0.2539,57.0,0.2282,52.0,0.2488,44.0,,,0.2195,25.0,0.243,40.0,0.251,61.0,0.3095,56.0,,,0.2815,56.0
2004-01-06,0.2508,57.0,0.2063,40.0,0.1934,9.0,,,0.2413,39.0,0.2431,40.0,0.2507,61.0,0.3067,55.0,,,0.2806,55.0
2004-01-05,0.2662,62.0,0.2001,37.0,0.2151,23.0,,,0.2229,28.0,0.2433,40.0,0.2512,62.0,0.3075,55.0,,,0.2843,57.0
2004-01-02,0.1841,31.0,0.1698,20.0,0.2316,33.0,,,0.2449,42.0,0.2415,39.0,0.2513,62.0,0.3103,56.0,,,0.2897,62.0
2003-12-31,0.1716,26.0,0.1538,14.0,0.2038,15.0,,,0.2406,38.0,0.2408,38.0,0.2507,61.0,0.3067,55.0,,,0.2849,57.0
2003-12-30,0.1604,22.0,0.167,19.0,0.2064,17.0,,,0.2466,43.0,0.2437,40.0,0.2526,63.0,0.3052,55.0,,,0.287,60.0
2003-12-29,0.1681,24.0,0.1747,23.0,0.1962,11.0,,,0.2415,39.0,0.2437,40.0,0.2536,63.0,0.3083,55.0,,,0.2783,53.0
2003-12-26,0.1594,21.0,0.1735,22.0,0.2375,36.0,,,0.2482,44.0,0.2505,44.0,0.2572,65.0,0.3088,55.0,,,0.2788,54.0
2003-12-24,0.1556,20.0,0.1803,25.0,0.2441,40.0,,,0.2498,45.0,0.2506,44.0,0.2596,67.0,0.31,56.0,,,0.2809,55.0
2003-12-23,0.1447,17.0,0.2134,44.0,0.2222,27.0,,,0.2653,55.0,0.2499,44.0,0.2602,68.0,0.3098,56.0,,,0.2881,61.0
2003-12-22,0.159,21.0,0.2136,44.0,0.2376,37.0,,,0.2594,51.0,0.2525,45.0,0.2618,69.0,0.3114,56.0,,,0.2886,61.0
2003-12-19,0.1733,26.0,0.2254,51.0,0.2378,37.0,,,0.2628,53.0,0.2535,46.0,0.2631,70.0,0.3111,56.0,,,0.291,62.0
2003-12-18,0.1751,27.0,0.2167,46.0,0.2349,35.0,,,0.2514,46.0,0.2538,46.0,0.2635,70.0,0.3088,55.0,,,0.291,62.0
2003-12-17,0.1717,26.0,0.2123,44.0,0.2466,42.0,,,0.2692,57.0,0.2528,45.0,0.2636,70.0,0.3101,56.0,,,0.2927,63.0
2003-12-16,0.1878,32.0,0.2127,44.0,0.2719,57.0,,,0.2504,45.0,0.2521,45.0,0.2636,70.0,0.4114,81.0,,,0.19,6.0
2003-12-15,0.2254,49.0,0.2223,49.0,0.252,46.0,,,0.2718,59.0,0.2522,45.0,0.2646,71.0,0.4047,79.0,,,0.2168,11.0
2003-12-12,0.2157,44.0,0.2105,43.0,0.2283,31.0,,,0.2619,53.0,0.2546,47.0,0.2639,70.0,0.4018,79.0,,,0.212,10.0
2003-12-11,0.2375,53.0,0.2212,49.0,0.2618,51.0,,,0.258,50.0,0.2559,48.0,0.2644,71.0,0.4011,79.0,,,0.2108,9.0
2003-12-10,0.2012,37.0,0.2169,46.0,0.2673,54.0,,,0.2695,57.0,0.2549,47.0,0.2643,71.0,0.4078,80.0,,,0.2129,10.0
2003-12-09,0.2394,54.0,0.2282,52.0,0.2737,57.0,,,0.28,63.0,0.2551,47.0,0.2641,70.0,0.3952,77.0,,,0.2155,11.0
2003-12-08,0.2361,52.0,0.227,52.0,0.2412,39.0,,,0.2495,45.0,0.2596,51.0,0.2666,71.0,0.4307,86.0,,,0.1835,5.0
2003-12-05,0.1937,34.0,0.2245,50.0,0.2683,55.0,,,0.2524,46.0,0.2588,50.0,0.2664,71.0,0.4189,83.0,,,0.2103,9.0
2003-12-04,0.181,28.0,0.2224,49.0,0.2459,42.0,,,0.2502,45.0,0.2609,52.0,0.268,72.0,0.4184,83.0,,,0.2097,9.0
2003-12-03,0.2552,59.0,0.238,57.0,0.3046,72.0,,,0.2334,34.0,0.2611,53.0,0.2673,72.0,0.4305,86.0,,,0.2042,8.0
2003-12-02,0.2158,44.0,0.2326,54.0,0.2618,51.0,,,0.2135,22.0,0.2602,52.0,0.2669,72.0,0.421,84.0,,,0.1999,7.0
2003-12-01,0.2296,50.0,0.2387,57.0,0.2394,38.0,,,0.2139,22.0,0.2602,52.0,0.2681,72.0,0.416,83.0,,,0.2055,8.0
2003-11-28,0.2218,47.0,0.2351,56.0,0.2333,34.0,,,0.2189,25.0,0.2609,52.0,0.2695,73.0,0.4226,85.0,,,0.2077,9.0
2003-11-26,0.269,63.0,0.2592,66.0,0.2243,28.0,,,0.2134,22.0,0.2625,54.0,0.2707,73.0,0.4223,85.0,,,0.2059,8.0
2003-11-25,0.2945,69.0,0.2656,69.0,0.2468,42.0,,,0.0524,1.0,0.2625,54.0,0.2705,73.0,0.4244,85.0,,,0.2081,9.0
2003-11-24,0.2835,66.0,0.2744,71.0,0.2545,47.0,,,0.1873,7.0,0.2619,54.0,0.2706,73.0,0.4268,86.0,,,0.2042,8.0
2003-11-21,0.3035,71.0,0.2576,65.0,0.2488,44.0,,,0.208,18.0,0.2617,53.0,0.2707,73.0,0.4304,86.0,,,0.1997,7.0
2003-11-20,0.3196,74.0,0.2676,69.0,0.2731,57.0,,,0.2806,63.0,0.2616,53.0,0.271,74.0,0.4348,87.0,,,0.2037,8.0
2003-11-19,0.3292,76.0,0.2674,69.0,0.3032,71.0,,,0.1809,5.0,0.2614,53.0,0.2702,73.0,0.4403,88.0,,,0.1985,7.0
2003-11-18,0.3525,80.0,0.2745,71.0,0.2923,67.0,,,0.2393,38.0,0.2642,56.0,0.2716,74.0,0.4388,88.0,,,0.1956,6.0
2003-11-17,0.3763,83.0,0.2696,70.0,0.2586,49.0,,,0.2464,42.0,0.2629,55.0,0.2705,73.0,0.4344,87.0,,,0.2014,8.0
2003-11-14,0.3684,82.0,0.259,66.0,0.2303,32.0,,,0.2317,33.0,0.2643,56.0,0.2709,74.0,0.4322,87.0,,,0.2087,9.0
2003-11-13,0.3699,82.0,0.2641,68.0,0.3023,71.0,,,0.2095,19.0,0.2646,57.0,0.2702,73.0,0.4675,91.0,,,0.142,1.0
2003-11-12,0.2431,55.0,0.2534,64.0,0.3158,75.0,,,0.2297,32.0,0.2595,51.0,0.27,73.0,0.4682,91.0,,,0.1647,3.0
2003-11-11,0.1786,28.0,0.2352,56.0,0.2935,67.0,,,0.2201,26.0,0.2615,53.0,0.2699,73.0,0.4708,91.0,,,0.1527,2.0
2003-11-10,0.198,36.0,0.2146,45.0,0.2911,66.0,,,0.2203,26.0,0.2619,54.0,0.2698,73.0,0.4674,91.0,,,0.1617,3.0
2003-11-07,0.1847,31.0,0.2021,38.0,0.279,60.0,,,0.2156,23.0,0.2603,52.0,0.2693,73.0,0.4619,90.0,,,0.1777,5.0
2003-11-06,0.0806,2.0,0.1755,23.0,0.2835,63.0,,,0.2123,21.0,0.2569,49.0,0.2684,72.0,0.466,91.0,,,0.1833,5.0
2003-11-05,0.1354,14.0,0.2052,40.0,0.2856,64.0,,,0.2322,33.0,0.257,49.0,0.2683,72.0,0.4638,90.0,,,0.1867,6.0
2003-11-04,0.1103,7.0,0.1847,28.0,0.2753,59.0,,,0.2176,24.0,0.2585,50.0,0.2684,72.0,0.4623,90.0,,,0.19,6.0
2003-11-03,0.1213,9.0,0.1945,34.0,0.2673,54.0,,,0.0753,1.0,0.2586,50.0,0.2684,72.0,0.4622,90.0,,,0.1915,6.0
2003-10-31,0.1205,9.0,0.2152,45.0,0.2482,43.0,,,0.125,1.0,0.2589,51.0,0.2687,72.0,0.4626,90.0,,,0.1954,6.0
2003-10-30,0.1703,25.0,0.229,53.0,0.2609,51.0,,,0.2356,35.0,0.2589,51.0,0.269,72.0,0.4613,90.0,,,0.1892,6.0
2003-10-29,0.2288,50.0,0.2426,59.0,0.2646,53.0,,,0.2361,36.0,0.2613,53.0,0.2705,73.0,0.4673,91.0,,,0.1861,6.0
2003-10-28,0.2353,52.0,0.2549,64.0,0.2891,66.0,,,0.2375,37.0,0.2613,53.0,0.2705,73.0,0.4718,91.0,,,0.1889,6.0
2003-10-27,0.2008,37.0,0.2427,59.0,0.2852,64.0,,,0.241,39.0,0.2612,53.0,0.2713,74.0,0.4753,92.0,,,0.1844,5.0
2003-10-24,0.1942,34.0,0.25,62.0,0.2815,62.0,,,0.2451,42.0,0.2613,53.0,0.2716,74.0,0.483,92.0,,,0.1812,5.0
2003-10-23,0.1935,34.0,0.2468,61.0,0.2733,57.0,,,0.2525,46.0,0.2614,53.0,0.2711,74.0,0.4742,92.0,,,0.1836,5.0
2003-10-22,0.1707,25.0,0.2308,54.0,0.2929,67.0,,,0.2596,52.0,0.2613,53.0,0.2708,74.0,0.4777,92.0,,,0.1805,5.0
2003-10-21,0.2369,53.0,0.2354,56.0,0.2869,64.0,,,0.2686,57.0,0.2613,53.0,0.2706,73.0,0.4735,92.0,,,0.1847,5.0
2003-10-20,0.2101,41.0,0.2246,50.0,0.2998,70.0,,,0.2232,28.0,0.2615,53.0,0.27,73.0,0.4683,91.0,,,0.1975,7.0
2003-10-17,0.2314,51.0,0.2295,53.0,0.316,75.0,,,0.2201,26.0,0.2613,53.0,0.27,73.0,0.4739,92.0,,,0.1934,6.0
2003-10-16,0.2151,44.0,0.2248,51.0,0.2985,70.0,,,0.2268,30.0,0.2601,52.0,0.2694,73.0,0.4736,92.0,,,0.1987,7.0
2003-10-15,0.1891,32.0,0.2106,43.0,0.2995,70.0,,,0.2355,35.0,0.2616,53.0,0.2691,73.0,0.4718,91.0,,,0.2012,7.0
2003-10-14,0.1736,27.0,0.2116,43.0,0.3193,76.0,,,0.2854,65.0,0.2611,53.0,0.2689,72.0,0.4706,91.0,,,0.2001,7.0
2003-10-13,0.1859,31.0,0.2427,59.0,0.2963,69.0,,,0.3098,75.0,0.2621,54.0,0.2697,73.0,0.4685,91.0,,,0.2009,7.0
2003-10-10,0.1721,26.0,0.2427,59.0,0.2605,51.0,,,0.2824,64.0,0.2611,53.0,0.2693,73.0,0.4692,91.0,,,0.2005,7.0
2003-10-09,0.2157,44.0,0.2625,67.0,0.2712,56.0,,,0.2856,66.0,0.2618,54.0,0.2698,73.0,0.4705,91.0,,,0.2014,8.0
2003-10-08,0.2537,57.0,0.2622,67.0,0.2784,60.0,,,0.2907,68.0,0.2629,55.0,0.2705,73.0,0.474,92.0,,,0.1968,7.0
2003-10-07,0.2402,54.0,0.2606,67.0,0.2641,53.0,,,0.2878,67.0,0.2626,54.0,0.2718,74.0,0.4699,91.0,,,0.1987,7.0
2003-10-06,0.2962,69.0,0.2653,69.0,0.2736,57.0,,,0.2787,62.0,0.263,55.0,0.2718,74.0,0.4735,92.0,,,0.1972,7.0
2003-10-03,0.3101,72.0,0.2874,75.0,0.2881,65.0,,,0.3415,81.0,0.2629,55.0,0.2718,74.0,0.463,90.0,,,0.205,8.0
2003-10-02,0.3806,83.0,0.3157,81.0,0.2618,51.0,,,0.2851,65.0,0.262,54.0,0.2704,73.0,0.4784,92.0,,,0.1954,6.0
2003-10-01,0.394,85.0,0.3045,79.0,0.2739,57.0,,,0.2896,67.0,0.2638,56.0,0.2714,74.0,0.4705,91.0,,,0.1945,6.0
2003-09-30,0.2849,67.0,0.288,75.0,0.3011,71.0,,,0.2728,59.0,0.2599,52.0,0.27,73.0,0.4788,92.0,,,0.1752,4.0
2003-09-29,0.2845,66.0,0.292,76.0,0.2948,68.0,,,0.3496,82.0,0.259,51.0,0.2698,73.0,0.4737,92.0,,,0.1872,6.0
2003-09-26,0.2776,65.0,0.2969,77.0,0.3253,77.0,,,0.32,77.0,0.2753,65.0,0.2739,75.0,0.4832,92.0,,,0.1822,5.0
2003-09-25,0.2713,63.0,0.2962,77.0,0.3204,76.0,,,0.3299,79.0,0.2733,64.0,0.2741,75.0,0.4785,92.0,,,0.1919,6.0
2003-09-24,0.3032,71.0,0.2747,72.0,0.3247,77.0,,,0.3238,78.0,0.276,66.0,0.273,75.0,0.494,93.0,,,0.1594,3.0
2003-09-23,0.1685,24.0,0.2141,44.0,0.3073,73.0,,,0.3107,75.0,0.2683,61.0,0.2703,73.0,0.4703,91.0,,,0.1955,6.0
2003-09-22,0.1602,21.0,0.2232,50.0,0.3137,75.0,,,0.3228,78.0,0.2681,60.0,0.2711,74.0,0.4706,91.0,,,0.2025,8.0
2003-09-19,0.136,14.0,0.216,46.0,0.2946,68.0,,,0.3084,74.0,0.2687,61.0,0.2709,74.0,0.4682,91.0,,,0.2031,8.0
2003-09-18,0.2102,41.0,0.2171,46.0,0.3044,72.0,,,0.3067,74.0,0.2698,62.0,0.271,74.0,0.4683,91.0,,,0.2011,7.0
2003-09-17,0.2564,59.0,0.2126,44.0,0.3009,71.0,,,0.2996,71.0,0.2731,64.0,0.2713,74.0,0.469,91.0,,,0.2044,8.0
2003-09-16,0.263,61.0,0.2105,43.0,0.3187,76.0,,,0.3047,73.0,0.2753,65.0,0.2722,74.0,0.4698,91.0,,,0.1983,7.0
2003-09-15,0.2641,61.0,0.2181,47.0,0.3177,76.0,,,0.3112,75.0,0.2756,66.0,0.2736,75.0,0.4582,90.0,,,0.2146,10.0
2003-09-12,0.2817,66.0,0.2194,47.0,0.2918,67.0,,,0.2834,64.0,0.2757,66.0,0.2743,75.0,0.4582,90.0,,,0.2154,11.0
2003-09-11,0.2616,61.0,0.2124,44.0,0.3282,78.0,,,0.293,69.0,0.2756,66.0,0.2744,75.0,0.4625,90.0,,,0.2174,11.0
2003-09-10,0.2821,66.0,0.2146,45.0,0.3257,77.0,,,0.3001,71.0,0.2848,71.0,0.2804,77.0,0.4626,90.0,,,0.217,11.0
2003-09-09,0.2813,66.0,0.2012,38.0,0.3011,71.0,,,0.3039,73.0,0.2814,69.0,0.2796,76.0,0.4543,89.0,,,0.2155,11.0
2003-09-08,0.223,47.0,0.2034,39.0,0.2465,42.0,,,0.3108,75.0,0.2867,73.0,0.2823,77.0,0.4459,89.0,,,0.2224,13.0
2003-09-05,0.2224,47.0,0.1954,34.0,0.2726,57.0,,,0.2718,59.0,0.2872,73.0,0.2829,77.0,0.4515,89.0,,,0.2193,12.0
2003-09-04,0.1107,7.0,0.186,28.0,0.2836,63.0,,,0.2809,63.0,0.2855,72.0,0.2829,77.0,0.451,89.0,,,0.2249,15.0
2003-09-03,0.1257,11.0,0.185,28.0,0.2825,62.0,,,0.2875,66.0,0.2911,74.0,0.2842,77.0,0.4553,90.0,,,0.2235,14.0
2003-09-02,0.1558,20.0,0.1945,34.0,0.2648,53.0,,,0.2676,56.0,0.2911,74.0,0.2857,78.0,0.4544,89.0,,,0.223,14.0
2003-08-29,0.1903,33.0,0.1971,35.0,0.2461,42.0,,,0.2545,48.0,0.2911,74.0,0.2859,78.0,0.4545,89.0,,,0.2211,13.0
2003-08-28,0.167,24.0,0.1847,28.0,0.2482,43.0,,,0.2531,47.0,0.2909,74.0,0.286,78.0,0.456,90.0,,,0.2172,11.0
2003-08-27,0.1952,35.0,0.1796,25.0,0.264,53.0,,,0.261,52.0,0.2937,74.0,0.2861,78.0,0.4606,90.0,,,0.2184,12.0
2003-08-26,0.2629,61.0,0.2105,43.0,0.2582,49.0,,,0.2725,59.0,0.2941,74.0,0.2868,78.0,0.4551,90.0,,,0.2192,12.0
2003-08-25,0.2547,59.0,0.2267,52.0,0.2586,49.0,,,0.2684,57.0,0.2939,74.0,0.287,78.0,0.4651,91.0,,,0.2202,12.0
2003-08-22,0.2305,51.0,0.2358,56.0,0.2576,49.0,,,0.2648,54.0,0.2941,74.0,0.2881,78.0,0.467,91.0,,,0.2218,13.0
2003-08-21,0.157,20.0,0.2274,52.0,0.2516,46.0,,,0.264,54.0,0.2973,75.0,0.2894,78.0,0.4534,89.0,,,0.2225,13.0
2003-08-20,0.1536,19.0,0.221,48.0,0.2443,41.0,,,0.2739,60.0,0.2968,75.0,0.2897,78.0,0.4564,90.0,,,0.2216,13.0
2003-08-19,0.1286,12.0,0.2241,50.0,0.2728,57.0,,,0.2801,63.0,0.2985,76.0,0.2904,78.0,0.4602,90.0,,,0.2228,14.0
2003-08-18,0.1511,19.0,0.2184,47.0,0.2592,50.0,,,0.2741,60.0,0.2982,76.0,0.2915,78.0,0.4641,91.0,,,0.2193,12.0
2003-08-15,0.0834,2.0,0.2003,37.0,0.2762,59.0,,,0.2922,68.0,0.2963,75.0,0.2905,78.0,0.4785,92.0,,,0.2169,11.0
2003-08-14,0.1269,11.0,0.1853,28.0,0.2881,65.0,,,0.2982,71.0,0.2965,75.0,0.2898,78.0,0.3265,60.0,,,0.3442,82.0
2003-08-13,0.1625,22.0,0.1983,36.0,0.4145,89.0,,,0.218,25.0,0.2961,75.0,0.2897,78.0,0.5323,95.0,,,0.1761,4.0
2003-08-12,0.1893,33.0,0.2657,69.0,0.3156,75.0,,,0.2716,59.0,0.2984,76.0,0.2906,78.0,0.5137,94.0,,,0.1851,5.0
2003-08-11,0.189,32.0,0.277,72.0,0.3756,85.0,,,0.2334,34.0,0.2983,76.0,0.2913,78.0,0.5335,95.0,,,0.1747,4.0
2003-08-08,0.2888,67.0,0.3328,83.0,0.3473,81.0,,,0.2232,28.0,0.2983,76.0,0.2911,78.0,0.5323,95.0,,,0.1598,3.0
2003-08-07,0.292,68.0,0.3344,84.0,0.3374,80.0,,,0.2341,34.0,0.2986,76.0,0.2918,78.0,0.5337,95.0,,,0.1651,3.0
2003-08-06,0.2998,70.0,0.3555,86.0,0.3471,81.0,,,0.2382,37.0,0.2989,76.0,0.2921,79.0,0.5366,96.0,,,0.1589,2.0
2003-08-05,0.3113,73.0,0.3616,87.0,0.3287,78.0,,,0.2463,42.0,0.2992,76.0,0.2931,79.0,0.5556,96.0,,,0.3877,88.0
2003-08-04,0.3249,76.0,0.3709,88.0,0.3331,79.0,,,0.2422,40.0,0.2985,76.0,0.2932,79.0,0.5299,95.0,,,0.1673,3.0
2003-08-01,0.4227,87.0,0.4007,91.0,0.308,73.0,,,0.2391,38.0,0.2978,76.0,0.2933,79.0,0.5166,94.0,,,0.1647,3.0
2003-07-31,0.4179,87.0,0.4043,91.0,0.3061,72.0,,,0.2225,28.0,0.3102,78.0,0.3031,80.0,0.5233,95.0,,,0.1555,2.0
2003-07-30,0.3641,81.0,0.3784,89.0,0.3045,72.0,,,0.1349,1.0,0.3074,77.0,0.3017,80.0,0.5219,95.0,,,0.294,64.0
2003-07-29,0.3811,83.0,0.3941,90.0,0.2977,69.0,,,0.1691,3.0,0.3078,77.0,0.3048,81.0,0.5118,94.0,,,0.2952,65.0
2003-07-28,0.3827,84.0,0.3832,89.0,0.3041,72.0,,,0.2298,32.0,0.3078,77.0,0.3041,81.0,0.5166,94.0,,,0.2926,63.0
2003-07-25,0.3793,83.0,0.3843,90.0,0.3014,71.0,,,0.1637,2.0,0.307,77.0,0.3035,81.0,0.5137,94.0,,,0.2893,62.0
2003-07-24,0.2852,67.0,0.3716,88.0,0.3406,80.0,,,0.2556,49.0,0.3031,77.0,0.302,80.0,0.5158,94.0,,,0.2969,66.0
2003-07-23,0.1951,35.0,0.2968,77.0,0.3749,85.0,,,0.2491,44.0,0.2987,76.0,0.2979,80.0,0.5143,94.0,,,0.2947,65.0
2003-07-22,0.1953,35.0,0.304,79.0,0.3694,84.0,,,0.2769,61.0,0.3071,77.0,0.2989,80.0,0.5134,94.0,,,0.2959,65.0
2003-07-21,0.1959,35.0,0.2875,75.0,0.3476,81.0,,,0.2556,49.0,0.3113,78.0,0.3009,80.0,0.5157,94.0,,,0.2983,67.0
2003-07-18,0.1772,28.0,0.2767,72.0,0.3491,82.0,,,0.2581,51.0,0.3168,78.0,0.3023,80.0,0.5127,94.0,,,0.2948,65.0
2003-07-17,0.1806,28.0,0.2822,74.0,0.3694,84.0,,,0.2441,41.0,0.318,78.0,0.3029,80.0,0.5227,95.0,,,0.2899,62.0
2003-07-16,0.1908,33.0,0.27,70.0,0.3126,74.0,,,0.2609,52.0,0.3201,78.0,0.3031,80.0,0.516,94.0,,,0.2933,64.0
2003-07-15,0.2554,59.0,0.2875,75.0,0.2992,70.0,,,0.2961,70.0,0.3201,78.0,0.3028,80.0,0.5145,94.0,,,0.294,64.0
2003-07-14,0.2588,60.0,0.2936,77.0,0.3366,80.0,,,0.2793,62.0,0.3214,79.0,0.3027,80.0,0.5178,94.0,,,0.2845,57.0
2003-07-11,0.3624,81.0,0.3282,83.0,0.2934,67.0,,,0.2952,70.0,0.3215,79.0,0.3015,80.0,0.5161,94.0,,,0.2463,25.0
2003-07-10,0.3672,82.0,0.3512,86.0,0.3245,77.0,,,0.2952,70.0,0.3211,78.0,0.3016,80.0,0.5208,95.0,,,0.2851,59.0
2003-07-09,0.3513,79.0,0.3489,85.0,0.3145,75.0,,,0.3037,73.0,0.3212,78.0,0.3015,80.0,0.5183,95.0,,,0.2859,59.0
2003-07-08,0.3653,81.0,0.3514,86.0,0.2923,67.0,,,0.3373,80.0,0.3207,78.0,0.3013,80.0,0.5021,94.0,,,0.2898,62.0
2003-07-07,0.3731,83.0,0.3688,88.0,0.2982,69.0,,,0.3128,76.0,0.3233,79.0,0.3017,80.0,0.5239,95.0,,,0.2692,45.0
2003-07-03,0.3574,80.0,0.3574,86.0,0.3125,74.0,,,0.3013,72.0,0.3213,79.0,0.3005,80.0,0.5296,95.0,,,0.2673,43.0
2003-07-02,0.3569,80.0,0.3496,86.0,0.3087,73.0,,,0.3145,76.0,0.3213,79.0,0.2997,80.0,0.5164,94.0,,,0.2676,43.0
2003-07-01,0.2089,41.0,0.2991,78.0,0.3446,81.0,,,0.2971,70.0,0.3156,78.0,0.2967,79.0,0.5397,96.0,,,0.2693,45.0
2003-06-30,0.2162,44.0,0.2799,73.0,0.3258,78.0,,,0.3309,79.0,0.3199,78.0,0.2972,79.0,0.5322,95.0,,,0.277,52.0
2003-06-27,0.2589,60.0,0.283,74.0,0.3257,77.0,,,0.3352,80.0,0.32,78.0,0.2974,80.0,0.3686,72.0,,,0.28,55.0
2003-06-26,0.2412,55.0,0.2645,68.0,0.3261,78.0,,,0.3312,79.0,0.3178,78.0,0.2968,79.0,0.3636,71.0,,,0.2764,51.0
2003-06-25,0.1958,35.0,0.2485,62.0,0.3052,72.0,,,0.3745,85.0,0.3191,78.0,0.296,79.0,0.3623,71.0,,,0.2824,56.0
2003-06-24,0.2121,42.0,0.2284,53.0,0.3262,78.0,,,0.3252,78.0,0.3188,78.0,0.296,79.0,0.3647,71.0,,,0.2776,52.0
2003-06-23,0.2749,64.0,0.2706,70.0,0.3269,78.0,,,0.333,80.0,0.3188,78.0,0.2956,79.0,0.3669,72.0,,,0.2765,51.0
2003-06-20,0.3102,72.0,0.2678,69.0,0.3297,79.0,,,0.3292,79.0,0.3187,78.0,0.2957,79.0,0.3566,69.0,,,0.2656,41.0
2003-06-19,0.3743,83.0,0.2855,74.0,0.3202,76.0,,,0.3413,81.0,0.3193,78.0,0.2965,79.0,0.3552,69.0,,,0.2679,44.0
2003-06-18,0.3379,77.0,0.2751,72.0,0.3234,77.0,,,0.3265,79.0,0.3173,78.0,0.2973,80.0,0.3653,71.0,,,0.2739,49.0
2003-06-17,0.3127,73.0,0.2696,70.0,0.3148,75.0,,,0.3249,78.0,0.3166,78.0,0.2971,79.0,0.3539,68.0,,,0.2745,50.0
2003-06-16,0.3142,73.0,0.2882,75.0,0.3247,77.0,,,0.3271,79.0,0.3177,78.0,0.2974,80.0,0.3541,68.0,,,0.2767,52.0
2003-06-13,0.3376,77.0,0.3221,82.0,0.3129,74.0,,,0.314,76.0,0.325,79.0,0.299,80.0,0.3614,70.0,,,0.2497,27.0
2003-06-12,0.2081,40.0,0.2999,78.0,0.3083,73.0,,,0.3127,76.0,0.3238,79.0,0.2975,80.0,0.3551,68.0,,,0.2502,28.0
2003-06-11,0.2133,43.0,0.2995,78.0,0.3104,74.0,,,0.3183,77.0,0.3234,79.0,0.2981,80.0,0.3684,72.0,,,0.2696,45.0
2003-06-10,0.1887,32.0,0.2736,71.0,0.2935,67.0,,,0.3038,73.0,0.3212,78.0,0.2965,79.0,0.3482,66.0,,,0.245,24.0
2003-06-09,0.2486,57.0,0.2998,78.0,0.2976,69.0,,,0.3293,79.0,0.3215,79.0,0.297,79.0,0.3491,66.0,,,0.242,22.0
2003-06-06,0.2389,54.0,0.3056,79.0,0.3078,73.0,,,0.3024,72.0,0.3238,79.0,0.2976,80.0,0.3551,68.0,,,0.2403,22.0
2003-06-05,0.2328,51.0,0.2787,73.0,0.2894,66.0,,,0.2888,67.0,0.3237,79.0,0.2971,79.0,0.3493,67.0,,,0.2434,23.0
2003-06-04,0.2522,57.0,0.2734,71.0,0.2992,70.0,,,0.298,71.0,0.3229,79.0,0.2954,79.0,0.3522,68.0,,,0.254,31.0
2003-06-03,0.26,60.0,0.2553,65.0,0.3025,71.0,,,0.3057,73.0,0.3228,79.0,0.296,79.0,0.3606,70.0,,,0.2674,43.0
2003-06-02,0.2783,65.0,0.2729,71.0,0.3097,74.0,,,0.3014,72.0,0.3296,79.0,0.2972,79.0,0.3675,72.0,,,0.2747,50.0
2003-05-30,0.2529,57.0,0.266,69.0,0.3626,83.0,,,0.2677,56.0,0.3295,79.0,0.2973,80.0,0.3626,71.0,,,0.2677,43.0
2003-05-29,0.228,49.0,0.2426,59.0,0.2778,60.0,,,0.28,63.0,0.327,79.0,0.2957,79.0,0.3715,73.0,,,0.2721,47.0
2003-05-28,0.3177,74.0,0.2476,61.0,0.2817,62.0,,,0.2818,64.0,0.3287,79.0,0.297,79.0,0.3702,72.0,,,0.272,47.0
2003-05-27,0.3395,78.0,0.2593,66.0,0.2765,59.0,,,0.2849,65.0,0.3289,79.0,0.2983,80.0,0.3708,73.0,,,0.2684,44.0
2003-05-23,0.2882,67.0,0.2326,54.0,0.288,65.0,,,0.287,66.0,0.3264,79.0,0.2972,79.0,0.3702,72.0,,,0.2728,48.0
2003-05-22,0.2874,67.0,0.23,53.0,0.2845,63.0,,,0.2816,64.0,0.3279,79.0,0.2977,80.0,0.3705,73.0,,,0.2696,45.0
2003-05-21,0.2204,46.0,0.2039,39.0,0.3079,73.0,,,0.3127,76.0,0.3367,79.0,0.302,80.0,0.3742,74.0,,,0.2749,50.0
2003-05-20,0.265,62.0,0.2305,53.0,0.3153,75.0,,,0.3077,74.0,0.3374,80.0,0.304,81.0,0.464,90.0,,,0.2028,8.0
2003-05-19,0.2709,63.0,0.2223,49.0,0.3244,77.0,,,0.3047,73.0,0.3375,80.0,0.3041,81.0,0.47,91.0,,,0.2029,8.0
2003-05-16,0.2084,40.0,0.208,41.0,0.2983,69.0,,,0.3011,72.0,0.335,79.0,0.3042,81.0,0.3728,73.0,,,0.2756,50.0
2003-05-15,0.1734,26.0,0.1961,35.0,0.2954,68.0,,,0.2972,71.0,0.3362,79.0,0.3056,81.0,0.3662,71.0,,,0.2413,22.0
2003-05-14,0.22,46.0,0.2271,52.0,0.3883,86.0,,,0.2565,49.0,0.3393,80.0,0.3059,81.0,0.4104,81.0,,,0.2435,23.0
2003-05-13,0.2178,45.0,0.2251,51.0,0.3871,86.0,,,0.2515,46.0,0.3396,80.0,0.3104,81.0,0.4065,80.0,,,0.2379,21.0
2003-05-12,0.2146,43.0,0.2661,69.0,0.3777,85.0,,,0.2567,50.0,0.3408,80.0,0.3126,82.0,0.4001,78.0,,,0.2414,22.0
2003-05-09,0.2064,39.0,0.2536,64.0,0.3694,84.0,,,0.2596,52.0,0.3482,80.0,0.3161,82.0,0.4134,82.0,,,0.2521,28.0
2003-05-08,0.218,45.0,0.252,63.0,0.3829,86.0,,,0.2638,54.0,0.3482,80.0,0.3179,82.0,0.4198,84.0,,,0.2525,28.0
2003-05-07,0.2045,39.0,0.2581,66.0,0.3812,85.0,,,0.257,50.0,0.3553,81.0,0.3215,83.0,0.4181,83.0,,,0.2486,27.0
2003-05-05,0.2353,52.0,0.2328,55.0,0.3358,79.0,,,0.2031,15.0,0.3541,81.0,0.3228,83.0,0.5254,95.0,,,0.2481,26.0
2003-05-02,0.2355,52.0,0.2458,61.0,0.3062,73.0,,,0.208,18.0,0.3541,81.0,0.3235,83.0,0.5224,95.0,,,0.2477,26.0
2003-05-01,0.1916,33.0,0.2014,38.0,0.314,75.0,,,0.205,16.0,0.3541,81.0,0.3243,83.0,0.5257,95.0,,,0.2606,37.0
2003-04-30,0.2684,62.0,0.1981,36.0,0.3363,80.0,,,0.2173,24.0,0.3545,81.0,0.3247,83.0,0.5286,95.0,,,0.2422,23.0
2003-04-29,0.2665,62.0,0.1989,36.0,0.3303,79.0,,,0.2292,31.0,0.3547,81.0,0.3257,83.0,0.5268,95.0,,,0.2635,39.0
2003-04-28,0.2812,66.0,0.206,40.0,0.3276,78.0,,,0.2282,31.0,0.3557,81.0,0.3265,84.0,0.5257,95.0,,,0.2662,42.0
2003-04-25,0.2694,63.0,0.2078,41.0,0.3517,82.0,,,0.2246,28.0,0.3551,81.0,0.3271,84.0,0.5384,96.0,,,0.2654,41.0
2003-04-24,0.2122,42.0,0.2208,48.0,0.3255,77.0,,,0.1815,6.0,0.3555,81.0,0.3281,84.0,0.5313,95.0,,,0.2572,34.0
2003-04-23,0.2136,43.0,0.2404,59.0,0.3434,81.0,,,0.2456,42.0,0.3555,81.0,0.328,84.0,0.5348,96.0,,,0.2739,49.0
2003-04-22,0.2113,42.0,0.2712,70.0,0.3762,85.0,,,0.238,37.0,0.3614,81.0,0.3319,85.0,0.5412,96.0,,,0.2624,38.0
2003-04-21,0.2094,41.0,0.2634,68.0,0.385,86.0,,,0.2487,44.0,0.3849,84.0,0.3374,85.0,0.5421,96.0,,,0.2687,44.0
2003-04-17,0.2008,37.0,0.2697,70.0,0.3608,83.0,,,0.3017,72.0,0.3953,84.0,0.3448,86.0,0.5423,96.0,,,0.2707,46.0
2003-04-16,0.1882,32.0,0.2565,65.0,0.3744,85.0,,,0.3117,75.0,0.4049,85.0,0.3496,86.0,0.5503,96.0,,,0.2801,55.0
2003-04-15,0.2419,55.0,0.2807,73.0,0.3837,86.0,,,0.3015,72.0,0.4117,85.0,0.3513,87.0,0.5488,96.0,,,0.2698,45.0
2003-04-14,0.2119,42.0,0.2655,69.0,0.4017,88.0,,,0.3055,73.0,0.4131,85.0,0.351,86.0,0.5591,96.0,,,0.271,46.0
2003-04-11,0.1488,18.0,0.2487,62.0,0.396,87.0,,,0.2513,46.0,0.4245,87.0,0.3526,87.0,0.5639,97.0,,,0.2431,23.0
2003-04-10,0.445,89.0,0.2974,77.0,0.3353,79.0,,,0.322,78.0,0.4245,87.0,0.3528,87.0,0.5695,97.0,,,0.2399,22.0
2003-04-09,0.4312,88.0,0.3058,79.0,0.3473,81.0,,,0.3539,83.0,0.429,87.0,0.3587,88.0,0.5675,97.0,,,0.2363,20.0
2003-04-08,0.487,91.0,0.3078,80.0,0.3414,80.0,,,0.3504,82.0,0.44,88.0,0.3654,89.0,0.5674,97.0,,,0.2395,21.0
2003-04-07,0.4877,91.0,0.3142,81.0,0.3416,80.0,,,0.3718,85.0,0.4491,90.0,0.3696,89.0,0.5759,97.0,,,0.2445,24.0
2003-04-04,0.4586,90.0,0.2997,78.0,0.3426,81.0,,,0.3355,80.0,0.4489,90.0,0.3707,89.0,0.5666,97.0,,,0.2427,23.0
2003-04-03,0.485,91.0,0.3024,79.0,0.3619,83.0,,,0.3493,82.0,0.451,90.0,0.3725,89.0,0.571,97.0,,,0.2416,22.0
2003-04-02,0.5003,92.0,0.3116,80.0,0.3748,85.0,,,0.3856,87.0,0.4527,90.0,0.3752,89.0,0.5741,97.0,,,0.2423,23.0
2003-04-01,0.3091,72.0,0.2513,63.0,0.387,86.0,,,0.396,88.0,0.443,89.0,0.3731,89.0,0.5877,98.0,,,0.2375,21.0
2003-03-31,0.3709,82.0,0.2626,67.0,0.3997,87.0,,,0.4038,89.0,0.4463,89.0,0.3742,89.0,0.5915,98.0,,,0.2399,22.0
2003-03-28,0.333,77.0,0.2841,74.0,0.3684,84.0,,,0.3865,87.0,0.4542,90.0,0.3801,89.0,0.5889,98.0,,,0.2448,24.0
2003-03-27,0.3331,77.0,0.2899,76.0,0.3734,85.0,,,0.3958,88.0,0.4579,91.0,0.3824,90.0,0.5832,97.0,,,0.2451,24.0
2003-03-26,0.3345,77.0,0.2859,75.0,0.3829,86.0,,,0.3853,86.0,0.4594,91.0,0.3832,90.0,0.5848,97.0,,,0.2462,25.0
2003-03-25,0.4321,88.0,0.3739,88.0,0.3514,82.0,,,0.4086,89.0,0.4632,92.0,0.3835,90.0,0.5805,97.0,,,0.2573,34.0
2003-03-24,0.4226,87.0,0.3621,87.0,0.3827,86.0,,,0.3979,88.0,0.464,92.0,0.3845,90.0,0.5848,97.0,,,0.2422,23.0
2003-03-21,0.433,88.0,0.3915,90.0,0.3603,83.0,,,0.355,83.0,0.4657,92.0,0.3851,90.0,0.585,97.0,,,0.2517,28.0
2003-03-20,0.4266,88.0,0.3862,90.0,0.383,86.0,,,0.3905,87.0,0.466,92.0,0.3853,90.0,0.5907,98.0,,,0.2469,25.0
2003-03-19,0.4614,90.0,0.3731,88.0,0.4415,91.0,,,0.3755,85.0,0.4657,92.0,0.3898,90.0,0.5953,98.0,,,0.2509,28.0
2003-03-18,0.5495,94.0,0.3828,89.0,0.3689,84.0,,,0.4078,89.0,0.4662,92.0,0.3927,91.0,0.5959,98.0,,,0.2463,25.0
2003-03-17,0.5483,94.0,0.3965,91.0,0.3652,84.0,,,0.4341,91.0,0.4663,92.0,0.3939,91.0,0.5847,97.0,,,0.2523,28.0
2003-03-14,0.4607,90.0,0.3183,81.0,0.3584,83.0,,,0.4049,89.0,0.461,92.0,0.3911,91.0,0.6102,98.0,,,0.2532,30.0
2003-03-13,0.4601,90.0,0.3235,82.0,0.3924,87.0,,,0.3897,87.0,0.461,92.0,0.3914,91.0,0.615,98.0,,,0.2547,32.0
2003-03-12,0.3291,76.0,0.2809,74.0,0.4365,91.0,,,0.4279,91.0,0.4549,90.0,0.3899,90.0,0.6207,98.0,,,0.264,40.0
2003-03-11,0.2915,68.0,0.2794,73.0,0.4445,91.0,,,0.3881,87.0,0.4552,90.0,0.3898,90.0,0.6285,99.0,,,0.267,43.0
2003-03-10,0.2937,69.0,0.2756,72.0,0.4392,91.0,,,0.4305,91.0,0.4541,90.0,0.3902,90.0,0.6222,98.0,,,0.2664,42.0
2003-03-07,0.2403,54.0,0.2721,71.0,0.3573,83.0,,,0.4064,89.0,0.451,90.0,0.3895,90.0,0.5969,98.0,,,0.2645,40.0
2003-03-06,0.3054,71.0,0.2757,72.0,0.3947,87.0,,,0.3954,88.0,0.452,90.0,0.3903,90.0,0.61,98.0,,,0.2646,40.0
2003-03-05,0.3112,72.0,0.278,73.0,0.3846,86.0,,,0.4015,88.0,0.4538,90.0,0.3928,91.0,0.6086,98.0,,,0.2601,36.0
2003-03-04,0.3131,73.0,0.2802,73.0,0.4107,88.0,,,0.3979,88.0,0.4577,91.0,0.3938,91.0,0.6124,98.0,,,0.2626,39.0
2003-03-03,0.2965,69.0,0.2961,77.0,0.3857,86.0,,,0.3845,86.0,0.4613,92.0,0.3952,91.0,0.6009,98.0,,,0.2649,41.0
2003-02-28,0.294,69.0,0.2871,75.0,0.3659,84.0,,,0.3688,84.0,0.4741,93.0,0.4005,91.0,0.5964,98.0,,,0.2678,43.0
2003-02-27,0.286,67.0,0.2828,74.0,0.3857,86.0,,,0.3816,86.0,0.4743,93.0,0.402,91.0,0.6025,98.0,,,0.2645,40.0
2003-02-26,0.2511,57.0,0.2687,70.0,0.3764,85.0,,,0.4155,90.0,0.4756,93.0,0.4023,91.0,0.6124,98.0,,,0.1817,5.0
2003-02-25,0.2479,56.0,0.2531,64.0,0.363,83.0,,,0.3815,86.0,0.4797,93.0,0.405,91.0,0.6027,98.0,,,0.2603,36.0
2003-02-24,0.2467,56.0,0.2557,65.0,0.371,84.0,,,0.3926,87.0,0.4821,93.0,0.4068,91.0,0.5983,98.0,,,0.2621,38.0
2003-02-21,0.2028,38.0,0.2399,57.0,0.3694,84.0,,,0.3702,85.0,0.4817,93.0,0.4074,91.0,0.5924,98.0,,,0.2666,42.0
2003-02-20,0.2114,42.0,0.2264,51.0,0.3918,87.0,,,0.3896,87.0,0.4832,93.0,0.4074,91.0,0.6058,98.0,,,0.2815,56.0
2003-02-19,0.2128,43.0,0.2379,57.0,0.3968,87.0,,,0.3902,87.0,0.4836,93.0,0.4082,91.0,0.6072,98.0,,,0.2763,51.0
2003-02-18,0.2261,49.0,0.2612,67.0,0.3734,85.0,,,0.4373,91.0,0.4838,93.0,0.4088,91.0,0.6028,98.0,,,0.2837,57.0
2003-02-14,0.2379,53.0,0.2748,72.0,0.3571,83.0,,,0.3798,86.0,0.4842,93.0,0.409,92.0,0.3633,71.0,,,0.4077,90.0
2003-02-13,0.14,15.0,0.3136,81.0,0.4124,89.0,,,0.4012,88.0,0.487,93.0,0.4107,92.0,0.3664,71.0,,,0.4006,89.0
2003-02-12,0.4249,88.0,0.4482,94.0,0.5991,97.0,,,0.2807,63.0,0.4932,93.0,0.4107,92.0,0.7116,100.0,,,0.2807,55.0
2003-02-11,0.4259,88.0,0.4708,94.0,0.5729,97.0,,,0.2783,62.0,0.4932,93.0,0.4118,92.0,0.7088,100.0,,,0.2783,53.0
2003-02-10,0.4083,86.0,0.4988,95.0,0.5595,96.0,,,0.2821,64.0,0.4944,93.0,0.4154,92.0,0.7032,100.0,,,0.2821,56.0
2003-02-07,0.4344,88.0,0.5027,96.0,0.6105,98.0,,,0.3267,79.0,0.4941,93.0,0.4156,92.0,0.698,99.0,,,0.1852,5.0
2003-02-06,0.4175,87.0,0.4905,95.0,0.5465,96.0,,,0.2928,69.0,0.4938,93.0,0.4155,92.0,0.706,100.0,,,0.2928,63.0
2003-02-05,0.3957,85.0,0.4793,95.0,0.5199,95.0,,,0.3511,82.0,0.4936,93.0,0.4166,93.0,0.6782,99.0,,,0.1742,4.0
2003-02-04,0.4058,86.0,0.4571,94.0,0.5183,95.0,,,0.3443,81.0,0.4953,94.0,0.4165,92.0,0.6878,99.0,,,0.2963,66.0
2003-02-03,0.355,80.0,0.3457,85.0,0.5269,95.0,,,0.285,65.0,0.4871,93.0,0.4112,92.0,0.7411,100.0,,,0.1706,4.0
2003-01-31,0.4222,87.0,0.3678,88.0,0.5565,96.0,,,0.2765,61.0,0.4951,94.0,0.4161,92.0,0.77,100.0,,,0.3119,74.0
2003-01-30,0.468,90.0,0.3591,87.0,0.5483,96.0,,,0.3088,74.0,0.4975,94.0,0.4162,92.0,0.7589,100.0,,,0.317,76.0
2003-01-29,0.4742,91.0,0.3656,87.0,0.6422,98.0,,,0.2398,38.0,0.5001,94.0,0.4203,93.0,0.7836,100.0,,,0.2917,63.0
2003-01-28,0.4769,91.0,0.379,89.0,0.6277,98.0,,,0.3059,73.0,0.5029,94.0,0.4229,93.0,0.7623,100.0,,,0.3836,87.0
2003-01-27,0.4709,90.0,0.3827,89.0,0.5656,97.0,,,0.3178,77.0,0.504,94.0,0.4243,93.0,0.7475,100.0,,,0.3179,76.0
2003-01-24,0.4664,90.0,0.3721,88.0,0.5656,97.0,,,0.3201,77.0,0.5043,94.0,0.4244,93.0,0.7448,100.0,,,0.3173,76.0
2003-01-23,0.4325,88.0,0.3465,85.0,0.4983,94.0,,,0.2595,52.0,0.5077,94.0,0.4276,93.0,0.7259,100.0,,,0.1917,6.0
2003-01-22,0.2829,66.0,0.3006,78.0,0.5897,97.0,,,0.2346,35.0,0.5051,94.0,0.4262,93.0,0.7432,100.0,,,0.3217,78.0
2003-01-21,0.2038,38.0,0.2608,67.0,0.5336,96.0,,,0.3834,86.0,0.5015,94.0,0.431,94.0,0.7365,100.0,,,0.2025,8.0
2003-01-17,0.2623,61.0,0.2508,63.0,0.509,95.0,,,0.3666,84.0,0.5131,95.0,0.4382,95.0,0.721,100.0,,,0.203,8.0
2003-01-16,0.2642,61.0,0.2415,59.0,0.4767,93.0,,,0.392,87.0,0.512,95.0,0.44,95.0,0.4963,93.0,,,0.3013,69.0
2003-01-15,0.2639,61.0,0.241,59.0,0.4758,93.0,,,0.4137,90.0,0.5139,95.0,0.4441,95.0,0.4985,93.0,,,0.3097,73.0
2003-01-14,0.2514,57.0,0.2328,55.0,0.3864,86.0,,,0.4397,91.0,0.5152,95.0,0.4453,95.0,0.4961,93.0,,,0.317,76.0
2003-01-13,0.2476,56.0,0.2364,57.0,0.4269,90.0,,,0.4154,90.0,0.5158,95.0,0.4463,95.0,0.5001,94.0,,,0.317,76.0
2003-01-10,0.3523,80.0,0.2769,72.0,0.4241,90.0,,,0.4061,89.0,0.5164,95.0,0.4499,95.0,0.5016,94.0,,,0.3041,70.0
2003-01-09,0.3416,78.0,0.2801,73.0,0.418,89.0,,,0.4286,91.0,0.5204,95.0,0.4526,95.0,0.4825,92.0,,,0.3246,79.0
2003-01-08,0.3193,74.0,0.2744,71.0,0.4281,90.0,,,0.4217,90.0,0.5206,95.0,0.4571,95.0,0.4991,94.0,,,0.3253,79.0
2003-01-07,0.3103,72.0,0.2751,72.0,0.4074,88.0,,,0.4176,90.0,0.52,95.0,0.4578,95.0,0.4915,93.0,,,0.3307,80.0
2003-01-06,0.3098,72.0,0.2836,74.0,0.3975,87.0,,,0.4285,91.0,0.5202,95.0,0.4584,95.0,0.498,93.0,,,0.3248,79.0
2003-01-03,0.3084,72.0,0.2817,74.0,0.4148,89.0,,,0.407,89.0,0.5213,95.0,0.4594,95.0,0.4919,93.0,,,0.3281,79.0
2003-01-02,0.302,70.0,0.2815,74.0,0.3974,87.0,,,0.4218,90.0,0.5216,95.0,0.4603,95.0,0.4828,92.0,,,0.3234,78.0
2002-12-31,0.2103,41.0,0.2663,69.0,0.4516,92.0,,,0.4312,91.0,0.5216,95.0,0.4599,95.0,0.4957,93.0,,,0.3004,68.0
2002-12-30,0.2209,46.0,0.2797,73.0,0.4482,91.0,,,0.4263,90.0,0.5291,96.0,0.4625,96.0,0.4884,93.0,,,0.3183,76.0
2002-12-27,0.2183,45.0,0.2718,71.0,0.4239,90.0,,,0.4228,90.0,0.5296,96.0,0.4643,96.0,0.4885,93.0,,,0.3141,75.0
2002-12-26,0.1922,33.0,0.2768,72.0,0.3965,87.0,,,0.3997,88.0,0.5297,96.0,0.4657,96.0,0.4858,93.0,,,0.325,79.0
2002-12-24,0.3742,83.0,0.2902,76.0,0.3933,87.0,,,0.4018,88.0,0.5319,96.0,0.466,96.0,0.4899,93.0,,,0.3243,79.0
2002-12-23,0.4255,88.0,0.305,79.0,0.4022,88.0,,,0.4089,89.0,0.5319,96.0,0.4661,96.0,0.5135,94.0,,,0.3136,75.0
2002-12-20,0.4227,87.0,0.3113,80.0,0.4213,90.0,,,0.423,90.0,0.5338,96.0,0.4668,96.0,0.5174,94.0,,,0.3211,77.0
2002-12-19,0.4048,86.0,0.2859,75.0,0.4461,91.0,,,0.436,91.0,0.5332,96.0,0.4671,96.0,0.5172,94.0,,,0.3242,79.0
2002-12-18,0.4116,87.0,0.27,70.0,0.4251,90.0,,,0.4308,91.0,0.5341,96.0,0.4672,96.0,0.5119,94.0,,,0.3155,75.0
2002-12-17,0.4359,88.0,0.2785,73.0,0.4123,89.0,,,0.4655,93.0,0.5344,96.0,0.4685,96.0,0.4898,93.0,,,0.3117,74.0
2002-12-16,0.4217,87.0,0.2816,74.0,0.4062,88.0,,,0.4424,92.0,0.5341,96.0,0.4688,96.0,0.5049,94.0,,,0.3131,75.0
2002-12-13,0.2453,56.0,0.2561,65.0,0.4685,93.0,,,0.4097,89.0,0.5292,96.0,0.4688,96.0,0.5977,98.0,,,0.1866,6.0
2002-12-12,0.2407,54.0,0.2725,71.0,0.4127,89.0,,,0.4051,89.0,0.5277,96.0,0.4687,96.0,0.5828,97.0,,,0.2133,10.0
2002-12-11,0.3591,81.0,0.2829,74.0,0.4072,88.0,,,0.3995,88.0,0.5279,96.0,0.4691,96.0,0.5786,97.0,,,0.2083,9.0
2002-11-29,0.4346,88.0,0.3774,89.0,0.4372,91.0,,,0.3014,72.0,0.5331,96.0,0.4746,96.0,0.5781,97.0,,,0.2113,9.0
2002-11-27,0.4199,87.0,0.3836,89.0,0.4277,90.0,,,0.2936,69.0,0.5337,96.0,0.4767,96.0,0.5831,97.0,,,0.2136,10.0
2002-11-26,0.4235,87.0,0.3701,88.0,0.4605,92.0,,,0.3226,78.0,0.5351,96.0,0.4771,96.0,0.5867,97.0,,,0.2108,9.0
2002-11-25,0.4431,89.0,0.3812,89.0,0.4256,90.0,,,0.3199,77.0,0.5354,96.0,0.4771,96.0,0.5768,97.0,,,0.1915,6.0
2002-11-22,0.4502,89.0,0.3825,89.0,0.4233,90.0,,,0.2627,53.0,0.5353,96.0,0.4774,96.0,0.585,97.0,,,0.2005,7.0
2002-11-21,0.3706,82.0,0.4353,93.0,0.4178,89.0,,,0.2867,66.0,0.5369,96.0,0.4782,96.0,0.5864,97.0,,,0.2125,10.0
2002-11-20,0.2552,59.0,0.3959,91.0,0.438,91.0,,,0.328,79.0,0.5304,96.0,0.4761,96.0,0.5978,98.0,,,0.2895,62.0
2002-11-19,0.4744,91.0,0.4309,93.0,0.4427,91.0,,,0.3782,86.0,0.5298,96.0,0.4758,96.0,0.5936,98.0,,,0.1743,4.0
2002-11-18,0.4702,90.0,0.4494,94.0,0.4492,92.0,,,0.3818,86.0,0.5298,96.0,0.4755,96.0,0.5797,97.0,,,0.2101,9.0
2002-11-15,0.5752,95.0,0.4848,95.0,0.5257,95.0,,,0.35,82.0,0.5298,96.0,0.4754,96.0,0.6397,99.0,,,0.2935,64.0
2002-11-14,0.546,94.0,0.4921,95.0,0.5847,97.0,,,0.4747,93.0,0.5293,96.0,0.4745,96.0,0.6998,100.0,,,0.2914,63.0
2002-11-13,0.4808,91.0,0.4897,95.0,0.6361,98.0,,,0.5983,97.0,0.5275,96.0,0.4752,96.0,0.6492,99.0,,,0.2896,62.0
2002-11-11,0.4516,89.0,0.4504,94.0,0.6816,98.0,,,0.619,98.0,0.5258,96.0,0.4719,96.0,0.6711,99.0,,,0.2845,57.0
2002-11-08,0.3656,81.0,0.4031,91.0,0.5885,97.0,,,0.6053,97.0,0.5211,95.0,0.4691,96.0,0.6449,99.0,,,0.3012,69.0
2002-11-07,0.3759,83.0,0.3903,90.0,0.6731,98.0,,,0.6419,98.0,0.5228,95.0,0.4683,96.0,0.6552,99.0,,,0.296,66.0
2002-11-06,0.2181,45.0,0.3528,86.0,0.5441,96.0,,,0.5521,97.0,0.52,95.0,0.4662,96.0,0.6321,99.0,,,0.2934,64.0
2002-11-05,0.2212,47.0,0.3246,82.0,0.5266,95.0,,,0.5727,97.0,0.5201,95.0,0.4648,96.0,0.6249,98.0,,,0.2724,47.0
2002-11-04,0.2453,56.0,0.3396,84.0,0.5324,96.0,,,0.5493,96.0,0.5202,95.0,0.4648,96.0,0.6171,98.0,,,0.2703,46.0
2002-11-01,0.2574,59.0,0.3354,84.0,0.5303,96.0,,,0.5444,96.0,0.5206,95.0,0.4645,96.0,0.6226,98.0,,,0.2707,46.0
2002-10-31,0.3495,79.0,0.3585,87.0,0.5526,96.0,,,0.5566,97.0,0.5211,95.0,0.4636,96.0,0.6309,99.0,,,0.2725,48.0
2002-10-30,0.7248,98.0,0.4336,93.0,0.5701,97.0,,,0.6328,98.0,0.5215,95.0,0.4635,96.0,0.6327,99.0,,,0.277,52.0
2002-10-29,0.8326,99.0,0.5159,96.0,0.6336,98.0,,,0.6372,98.0,0.5212,95.0,0.4634,96.0,0.6415,99.0,,,0.2673,43.0
2002-10-28,0.8936,99.0,0.5653,97.0,0.6499,98.0,,,0.6493,98.0,0.5208,95.0,0.4635,96.0,0.6361,99.0,,,0.2725,48.0
2002-10-25,0.9111,99.0,0.5774,98.0,0.5188,95.0,,,0.5143,95.0,0.5208,95.0,0.4633,96.0,0.6335,99.0,,,0.2796,54.0
2002-10-24,0.9558,99.0,0.5695,97.0,0.5498,96.0,,,0.5286,96.0,0.5228,95.0,0.4664,96.0,0.6461,99.0,,,0.2679,44.0
2002-10-23,1.0026,100.0,0.5958,98.0,0.5329,96.0,,,0.5523,97.0,0.5228,95.0,0.4669,96.0,0.6381,99.0,,,0.2804,55.0
2002-10-22,1.0009,100.0,0.5716,97.0,0.5769,97.0,,,0.5853,97.0,0.5181,95.0,0.4643,96.0,0.6592,99.0,,,0.2839,57.0
2002-10-21,0.6043,96.0,0.5756,98.0,0.5629,97.0,,,0.5563,97.0,0.501,94.0,0.4604,95.0,0.624,98.0,,,0.283,57.0
2002-10-18,0.6181,96.0,0.5768,98.0,0.5499,96.0,,,0.5554,97.0,0.493,93.0,0.456,95.0,0.6514,99.0,,,0.2759,51.0
2002-10-17,0.8293,99.0,0.5662,97.0,0.717,99.0,,,0.7149,99.0,0.4835,93.0,0.4526,95.0,0.6752,99.0,,,0.3489,83.0
2002-10-16,0.8267,99.0,0.5717,97.0,0.6089,98.0,,,0.7518,99.0,0.4771,93.0,0.4522,95.0,0.7045,100.0,,,0.3548,84.0
2002-10-15,0.8292,99.0,0.5887,98.0,0.6441,98.0,,,0.7062,99.0,0.4764,93.0,0.4523,95.0,0.6895,99.0,,,0.3391,82.0
2002-10-14,0.729,98.0,0.5938,98.0,0.61,98.0,,,0.5895,97.0,0.4636,92.0,0.4503,95.0,0.7327,100.0,,,0.3545,84.0
2002-10-11,0.729,98.0,0.5911,98.0,0.5111,95.0,,,0.5144,95.0,0.464,92.0,0.4504,95.0,0.7365,100.0,,,0.3485,83.0
2002-10-10,0.6619,97.0,0.5438,97.0,0.5007,94.0,,,0.5691,97.0,0.4591,91.0,0.447,95.0,0.7618,100.0,,,0.3528,83.0
2002-10-09,0.644,97.0,0.5375,97.0,0.5511,96.0,,,0.5468,96.0,0.4473,89.0,0.4419,95.0,0.7998,100.0,,,0.4303,92.0
2002-10-08,0.5914,95.0,0.5186,96.0,0.5792,97.0,,,0.5138,95.0,0.4412,89.0,0.4393,95.0,0.7572,100.0,,,0.3357,81.0
2002-10-07,0.6314,96.0,0.5072,96.0,0.563,97.0,,,0.5512,97.0,0.4408,88.0,0.4375,94.0,0.7489,100.0,,,0.3514,83.0
2002-10-04,0.6781,97.0,0.4881,95.0,0.5155,95.0,,,0.5245,96.0,0.4416,89.0,0.4374,94.0,0.7507,100.0,,,0.2687,44.0
2002-10-03,0.653,97.0,0.4715,94.0,0.4948,94.0,,,0.4973,94.0,0.4427,89.0,0.4352,94.0,0.7346,100.0,,,0.3473,83.0
2002-10-02,0.7262,98.0,0.4739,95.0,0.5016,95.0,,,0.4948,94.0,0.4437,89.0,0.4349,94.0,0.7355,100.0,,,0.3558,84.0
2002-10-01,0.7017,98.0,0.4667,94.0,0.5005,94.0,,,0.4885,94.0,0.4414,89.0,0.4335,94.0,0.7182,100.0,,,0.3427,82.0
2002-09-30,0.5741,94.0,0.4606,94.0,0.5097,95.0,,,0.5083,95.0,0.4298,87.0,0.4286,94.0,0.7601,100.0,,,0.3493,83.0
2002-09-27,0.5206,93.0,0.474,95.0,0.5318,96.0,,,0.5172,95.0,0.4297,87.0,0.4273,93.0,0.7343,100.0,,,0.3557,84.0
2002-09-26,0.4928,92.0,0.4783,95.0,0.5291,96.0,,,0.5248,96.0,0.4283,87.0,0.4269,93.0,0.7487,100.0,,,0.3533,83.0
2002-09-25,0.3499,79.0,0.4942,95.0,0.5306,96.0,,,0.5519,97.0,0.422,86.0,0.4269,93.0,0.7756,100.0,,,0.3526,83.0
2002-09-24,0.2186,45.0,0.4747,95.0,0.5681,97.0,,,0.5532,97.0,0.4197,86.0,0.4263,93.0,0.7886,100.0,,,0.377,86.0
2002-09-23,0.1386,14.0,0.4681,94.0,0.5578,96.0,,,0.54,96.0,0.417,86.0,0.4256,93.0,0.7206,100.0,,,0.3575,84.0
2002-09-20,0.0965,4.0,0.4588,94.0,0.5467,96.0,,,0.5556,97.0,0.4176,86.0,0.4254,93.0,0.7052,100.0,,,0.4374,93.0
2002-09-19,0.0926,3.0,0.3802,89.0,0.5478,96.0,,,0.5433,96.0,0.4188,86.0,0.4215,93.0,0.703,100.0,,,0.4317,92.0
2002-09-18,0.1068,6.0,0.3197,82.0,0.5238,95.0,,,0.5408,96.0,0.4207,86.0,0.4195,93.0,0.6978,99.0,,,0.4322,92.0
2002-09-17,0.2177,45.0,0.3278,83.0,0.5117,95.0,,,0.4807,94.0,0.4207,86.0,0.4181,93.0,0.6991,99.0,,,0.4193,91.0
2002-09-16,0.2764,64.0,0.3546,86.0,0.4945,94.0,,,0.4895,94.0,0.421,86.0,0.4176,93.0,0.7186,100.0,,,0.3848,87.0
2002-09-13,0.3856,84.0,0.3721,88.0,0.48,93.0,,,0.4964,94.0,0.4232,86.0,0.4181,93.0,0.6435,99.0,,,0.4049,90.0
2002-09-12,0.4928,92.0,0.3906,90.0,0.4563,92.0,,,0.4901,94.0,0.4266,87.0,0.4191,93.0,0.6494,99.0,,,0.3989,89.0
2002-09-11,0.6925,98.0,0.4783,95.0,0.4399,91.0,,,0.4258,90.0,0.4263,87.0,0.4187,93.0,0.6383,99.0,,,0.3886,88.0
2002-09-10,0.6968,98.0,0.4916,95.0,0.4119,89.0,,,0.4793,94.0,0.4262,87.0,0.4182,93.0,0.627,99.0,,,0.3985,89.0
2002-09-09,0.7195,98.0,0.5035,96.0,0.4241,90.0,,,0.4353,91.0,0.4262,87.0,0.4186,93.0,0.6512,99.0,,,0.3923,88.0
2002-09-06,0.7431,98.0,0.5311,96.0,0.4463,91.0,,,0.4893,94.0,0.4255,87.0,0.4171,93.0,0.6659,99.0,,,0.3916,88.0
2002-09-05,0.6755,97.0,0.5236,96.0,0.4767,93.0,,,0.4529,92.0,0.4232,86.0,0.415,92.0,0.6883,99.0,,,0.3864,87.0
2002-09-04,0.7006,98.0,0.522,96.0,0.4525,92.0,,,0.486,94.0,0.4206,86.0,0.4142,92.0,0.6651,99.0,,,0.3939,89.0
2002-09-03,0.5252,93.0,0.5113,96.0,0.4375,91.0,,,0.4597,92.0,0.4136,85.0,0.4129,92.0,0.6926,99.0,,,0.3929,88.0
2002-08-30,0.4548,90.0,0.438,93.0,0.4612,92.0,,,0.4922,94.0,0.4015,85.0,0.4089,92.0,0.6784,99.0,,,0.4114,90.0
2002-08-29,0.4515,89.0,0.4216,92.0,0.5065,95.0,,,0.4993,95.0,0.4037,85.0,0.4088,91.0,0.687,99.0,,,0.41,90.0
2002-08-28,0.4396,89.0,0.4105,92.0,0.4746,93.0,,,0.5042,95.0,0.4127,85.0,0.4128,92.0,0.668,99.0,,,0.4002,89.0
2002-08-27,0.4536,89.0,0.3825,89.0,0.4273,90.0,,,0.4977,94.0,0.4197,86.0,0.4134,92.0,0.643,99.0,,,0.4097,90.0
2002-08-26,0.531,93.0,0.35,86.0,0.4216,90.0,,,0.4771,93.0,0.4193,86.0,0.4121,92.0,0.6744,99.0,,,0.4192,91.0
2002-08-23,0.5192,92.0,0.3468,85.0,0.4419,91.0,,,0.4733,93.0,0.4185,86.0,0.4115,92.0,0.6363,99.0,,,0.1794,5.0
2002-08-22,0.5167,92.0,0.4092,92.0,0.4296,90.0,,,0.4759,93.0,0.4173,86.0,0.4105,92.0,0.6276,99.0,,,0.195,6.0
2002-08-21,0.5115,92.0,0.4067,91.0,0.4224,90.0,,,0.4769,93.0,0.4168,86.0,0.41,92.0,0.6328,99.0,,,0.1827,5.0
2002-08-20,0.5051,92.0,0.4086,92.0,0.4399,91.0,,,0.4883,94.0,0.42,86.0,0.4106,92.0,0.6385,99.0,,,0.1703,4.0
2002-08-19,0.4953,92.0,0.4332,93.0,0.4305,90.0,,,0.4846,94.0,0.4202,86.0,0.4105,92.0,0.6357,99.0,,,0.1867,6.0
2002-08-16,0.4345,88.0,0.429,93.0,0.5973,97.0,,,0.3265,79.0,0.4145,86.0,0.4082,91.0,0.7346,100.0,,,0.3044,70.0
2002-08-15,0.235,52.0,0.4561,94.0,0.5609,96.0,,,0.3222,78.0,0.4105,85.0,0.4087,91.0,0.6973,99.0,,,0.3088,73.0
2002-08-14,0.4067,86.0,0.5334,96.0,0.5467,96.0,,,0.3415,81.0,0.4106,85.0,0.4079,91.0,0.6967,99.0,,,0.3138,75.0
2002-08-13,0.5118,92.0,0.5116,96.0,0.5626,97.0,,,0.3015,72.0,0.4102,85.0,0.4044,91.0,0.7148,100.0,,,0.3048,71.0
2002-08-12,0.5783,95.0,0.567,97.0,0.4735,93.0,,,0.2928,69.0,0.4103,85.0,0.4038,91.0,0.7435,100.0,,,0.3079,72.0
2002-08-09,0.6289,96.0,0.5911,98.0,0.4686,93.0,,,0.3062,74.0,0.4115,85.0,0.4036,91.0,0.7284,100.0,,,0.3072,72.0
2002-08-08,0.6429,97.0,0.5867,98.0,0.467,93.0,,,0.3387,81.0,0.4115,85.0,0.4024,91.0,0.715,100.0,,,0.3164,76.0
2002-08-07,0.6001,96.0,0.5718,97.0,0.4831,94.0,,,0.4505,92.0,0.4121,85.0,0.4017,91.0,0.7467,100.0,,,0.3039,70.0
2002-08-06,0.74,98.0,0.6025,98.0,0.4793,93.0,,,0.4541,92.0,0.4117,85.0,0.3999,91.0,0.7529,100.0,,,0.304,70.0
2002-08-05,0.5914,95.0,0.5353,96.0,0.4649,93.0,,,0.3478,82.0,0.3999,85.0,0.3951,91.0,0.7848,100.0,,,0.2973,66.0
2002-08-02,0.5615,94.0,0.592,98.0,0.4988,94.0,,,0.5071,95.0,0.3972,85.0,0.3935,91.0,0.7782,100.0,,,0.321,77.0
2002-08-01,0.7103,98.0,0.6374,98.0,0.4964,94.0,,,0.4778,93.0,0.3999,85.0,0.3932,91.0,0.7282,100.0,,,0.3221,78.0
2002-07-31,0.6571,97.0,0.6364,98.0,0.4452,91.0,,,0.4691,93.0,0.3968,85.0,0.3912,91.0,0.7286,100.0,,,0.3178,76.0
