date,hv10,hv10_rank,phv10,phv10_rank,ivcall10,ivcall10_rank,ivmean10,ivmean10_rank,ivput10,ivput10_rank,hv180,hv180_rank,phv180,phv180_rank,ivcall1080,ivcall1080_rank,ivmean1080,ivmean1080_rank,ivput1080,ivput1080_rank
2025-08-08,0.169,61.0,0.1289,49.0,0.2263,86.0,0.2158,78.0,0.2052,70.0,0.2016,78.0,0.184,81.0,0.1567,68.0,0.1701,46.0,0.1835,32.0
2025-08-07,0.1946,71.0,0.1489,65.0,0.2055,81.0,0.2108,77.0,0.216,74.0,0.2014,78.0,0.184,81.0,0.1401,52.0,0.1706,46.0,0.2011,47.0
2025-08-05,0.2763,90.0,0.1669,76.0,0.1853,73.0,0.1885,69.0,0.1917,62.0,0.2011,78.0,0.184,81.0,0.1364,49.0,0.171,47.0,0.2055,51.0
2025-08-04,0.2673,89.0,0.1673,76.0,0.2519,90.0,0.2544,86.0,0.257,84.0,0.2023,79.0,0.1844,81.0,0.1412,54.0,0.1698,45.0,0.1984,44.0
2025-08-01,0.2609,88.0,0.1657,75.0,0.1968,78.0,0.2016,75.0,0.2064,70.0,0.2022,79.0,0.1846,82.0,0.1387,51.0,0.1736,51.0,0.2086,54.0
2025-07-31,0.2528,87.0,0.1488,65.0,0.2366,88.0,0.2389,83.0,0.2412,81.0,0.2021,79.0,0.1847,82.0,0.1652,75.0,0.178,57.0,0.1907,37.0
2025-07-30,0.2574,88.0,0.1445,62.0,0.1479,51.0,0.2024,75.0,0.2569,84.0,0.1997,78.0,0.1843,81.0,0.1367,49.0,0.1726,50.0,0.2086,54.0
2025-07-29,0.2267,81.0,0.1201,40.0,0.1803,70.0,0.1846,67.0,0.1889,61.0,0.1989,77.0,0.1836,81.0,0.1086,24.0,0.1622,36.0,0.2158,59.0
2025-07-28,0.1564,55.0,0.0996,20.0,0.1885,75.0,0.1909,70.0,0.1933,63.0,0.1972,77.0,0.1841,81.0,0.1581,70.0,0.1722,49.0,0.1863,34.0
2025-07-25,0.1174,31.0,0.0862,9.0,0.175,67.0,0.175,61.0,0.175,52.0,0.1967,76.0,0.184,81.0,0.139,51.0,0.1661,41.0,0.1932,39.0
2025-07-24,0.1173,31.0,0.0876,10.0,0.1729,66.0,0.1734,60.0,0.1739,51.0,0.1988,77.0,0.1847,82.0,0.1435,56.0,0.1731,51.0,0.2027,48.0
2025-07-22,0.136,44.0,0.0984,19.0,0.1628,61.0,0.1661,55.0,0.1694,48.0,0.199,77.0,0.1852,82.0,0.1267,41.0,0.1688,44.0,0.2109,56.0
2025-07-21,0.1074,25.0,0.0991,19.0,0.1989,79.0,0.2189,79.0,0.2389,80.0,0.2003,78.0,0.1855,82.0,0.1492,61.0,0.1762,55.0,0.2032,49.0
2025-07-18,0.1091,26.0,0.1036,24.0,0.1815,71.0,0.193,70.0,0.2046,69.0,0.2012,78.0,0.1856,82.0,0.137,50.0,0.1724,50.0,0.2079,53.0
2025-07-17,0.1106,27.0,0.1033,24.0,0.4479,100.0,0.4646,99.0,0.4812,98.0,0.2012,78.0,0.1856,82.0,0.1861,85.0,0.22,83.0,0.2539,79.0
2025-07-16,0.1139,28.0,0.1049,25.0,0.1861,73.0,0.1949,71.0,0.2037,69.0,0.2023,79.0,0.1861,82.0,0.13,44.0,0.1654,40.0,0.2009,47.0
2025-07-15,0.1075,25.0,0.1128,33.0,0.3885,99.0,0.3267,95.0,0.2649,85.0,0.2021,79.0,0.1868,82.0,0.1754,81.0,0.224,85.0,0.2725,85.0
2025-07-14,0.0741,8.0,0.108,28.0,0.1657,63.0,0.1865,68.0,0.2073,71.0,0.2014,78.0,0.1866,82.0,0.1419,54.0,0.1714,48.0,0.2008,47.0
2025-07-11,0.0685,6.0,0.1134,34.0,0.1633,61.0,0.1712,57.0,0.1791,55.0,0.2021,79.0,0.187,82.0,0.1353,48.0,0.1755,54.0,0.2158,59.0
2025-07-09,0.0706,7.0,0.1227,43.0,0.1906,76.0,0.1824,66.0,0.1743,52.0,0.2034,79.0,0.1872,82.0,0.1584,70.0,0.1834,64.0,0.2085,54.0
2025-07-08,0.092,16.0,0.1223,42.0,0.1993,79.0,0.1896,69.0,0.18,56.0,0.2064,80.0,0.1883,83.0,0.1526,65.0,0.1828,64.0,0.2129,57.0
2025-07-07,0.0798,10.0,0.1324,52.0,0.1745,67.0,0.189,69.0,0.2035,69.0,0.2062,80.0,0.1887,83.0,0.1604,71.0,0.1878,69.0,0.2152,57.0
2025-07-03,0.1315,41.0,0.1209,41.0,0.2208,85.0,0.2313,82.0,0.2418,81.0,0.2073,80.0,0.1887,83.0,0.156,68.0,0.1812,62.0,0.2064,52.0
2025-07-02,0.1246,36.0,0.1241,44.0,0.1837,72.0,0.1858,68.0,0.1879,60.0,0.2071,80.0,0.1888,83.0,0.1421,54.0,0.1829,64.0,0.2237,62.0
2025-07-01,0.151,52.0,0.1256,45.0,0.2292,87.0,0.2226,80.0,0.216,74.0,0.2077,80.0,0.1887,83.0,0.1581,70.0,0.1864,67.0,0.2147,57.0
2025-06-30,0.1524,53.0,0.1214,42.0,0.1754,67.0,0.1805,65.0,0.1856,59.0,0.2079,80.0,0.1886,83.0,0.122,36.0,0.1738,51.0,0.2257,63.0
2025-06-27,0.1471,50.0,0.1104,30.0,0.1662,63.0,0.1745,61.0,0.1829,57.0,0.2081,80.0,0.1883,83.0,0.1636,74.0,0.1854,66.0,0.2071,53.0
2025-06-26,0.1443,49.0,0.1035,24.0,0.1663,63.0,0.1688,56.0,0.1714,50.0,0.208,80.0,0.1881,83.0,0.1409,53.0,0.173,50.0,0.2052,51.0
2025-06-25,0.1396,46.0,0.1168,37.0,0.1968,78.0,0.1745,61.0,0.1523,35.0,0.2081,80.0,0.1881,83.0,0.1563,68.0,0.1818,62.0,0.2072,53.0
2025-06-24,0.1074,25.0,0.1188,39.0,0.18,70.0,0.1727,59.0,0.1654,45.0,0.2068,80.0,0.1881,83.0,0.1321,46.0,0.1622,36.0,0.1923,38.0
2025-06-23,0.1301,40.0,0.1176,38.0,0.165,62.0,0.1713,57.0,0.1776,54.0,0.209,80.0,0.1893,83.0,0.1382,51.0,0.1702,46.0,0.2021,48.0
2025-06-20,0.0974,19.0,0.1202,40.0,0.1872,74.0,0.1812,65.0,0.1752,52.0,0.2093,80.0,0.1905,84.0,0.1561,68.0,0.1817,62.0,0.2073,53.0
2025-06-18,0.1209,33.0,0.1179,38.0,0.1935,77.0,0.188,68.0,0.1826,57.0,0.2156,82.0,0.1932,85.0,0.1557,67.0,0.1844,65.0,0.2131,57.0
2025-06-17,0.1179,31.0,0.1223,42.0,0.1944,77.0,0.19,69.0,0.1855,59.0,0.2155,82.0,0.1932,85.0,0.1478,60.0,0.178,57.0,0.2081,54.0
2025-06-16,0.124,36.0,0.1234,43.0,0.2,79.0,0.1978,73.0,0.1956,65.0,0.2156,82.0,0.1933,85.0,0.1664,76.0,0.1853,66.0,0.2042,50.0
2025-06-13,0.1075,25.0,0.11,30.0,0.1546,56.0,0.1896,69.0,0.2247,76.0,0.2151,82.0,0.1928,85.0,0.1461,57.0,0.1808,61.0,0.2155,57.0
2025-06-12,0.0917,16.0,0.1083,28.0,0.1333,40.0,0.186,68.0,0.2388,80.0,0.2148,82.0,0.1929,85.0,0.138,51.0,0.1861,67.0,0.2342,68.0
2025-06-11,0.1168,31.0,0.1249,45.0,0.2233,85.0,0.2552,86.0,0.287,88.0,0.2147,82.0,0.1931,85.0,0.1511,63.0,0.1928,73.0,0.2345,68.0
2025-06-10,0.1129,28.0,0.1296,49.0,0.1173,26.0,0.1734,60.0,0.2294,78.0,0.215,82.0,0.193,85.0,0.1341,47.0,0.1838,65.0,0.2334,67.0
2025-06-09,0.0976,19.0,0.1331,52.0,0.1756,67.0,0.1871,68.0,0.1986,66.0,0.2146,82.0,0.193,85.0,0.1329,46.0,0.1824,63.0,0.2318,67.0
2025-06-06,0.1148,28.0,0.1276,47.0,0.198,79.0,0.2249,80.0,0.2518,83.0,0.2146,82.0,0.1928,85.0,0.1404,53.0,0.1886,69.0,0.2369,69.0
2025-06-05,0.1118,28.0,0.1272,47.0,0.1841,72.0,0.199,74.0,0.2139,73.0,0.2146,82.0,0.1927,85.0,0.1459,57.0,0.1811,62.0,0.2163,59.0
2025-06-04,0.1466,50.0,0.1345,54.0,0.1671,63.0,0.1774,63.0,0.1877,60.0,0.2145,82.0,0.1926,85.0,0.1372,50.0,0.1844,65.0,0.2317,67.0
2025-06-03,0.146,50.0,0.1323,51.0,0.1631,61.0,0.1897,69.0,0.2163,74.0,0.2151,82.0,0.1926,85.0,0.1322,46.0,0.1792,59.0,0.2262,63.0
2025-06-02,0.1262,37.0,0.1271,47.0,0.1823,71.0,0.222,80.0,0.2616,85.0,0.2157,82.0,0.1925,85.0,0.1343,47.0,0.1838,65.0,0.2332,67.0
2025-05-30,0.2397,84.0,0.1456,63.0,0.1719,66.0,0.1901,69.0,0.2083,71.0,0.216,82.0,0.1921,84.0,0.1359,49.0,0.1854,66.0,0.235,68.0
2025-05-29,0.2367,83.0,0.1401,57.0,0.1569,57.0,0.1844,67.0,0.2119,72.0,0.216,82.0,0.192,84.0,0.1369,50.0,0.1907,71.0,0.2445,74.0
2025-05-28,0.2256,81.0,0.1424,61.0,0.1598,59.0,0.2026,75.0,0.2453,82.0,0.2161,82.0,0.192,84.0,0.1398,52.0,0.1875,69.0,0.2352,68.0
2025-05-27,0.2504,87.0,0.1466,64.0,0.1732,66.0,0.1955,72.0,0.2177,75.0,0.2163,82.0,0.1921,84.0,0.1363,49.0,0.1844,65.0,0.2324,67.0
2025-05-23,0.2631,89.0,0.1484,65.0,0.198,79.0,0.2138,78.0,0.2295,78.0,0.215,82.0,0.1918,84.0,0.153,65.0,0.1939,73.0,0.2348,68.0
2025-05-22,0.2707,90.0,0.1535,68.0,0.1915,76.0,0.2022,75.0,0.213,73.0,0.2154,82.0,0.192,84.0,0.155,67.0,0.201,77.0,0.2471,75.0
2025-05-21,0.2759,90.0,0.1581,71.0,0.1979,79.0,0.2062,76.0,0.2144,74.0,0.2152,82.0,0.1917,84.0,0.1619,72.0,0.191,71.0,0.2202,61.0
2025-05-20,0.2001,74.0,0.152,67.0,0.1705,65.0,0.181,65.0,0.1914,62.0,0.211,80.0,0.1906,84.0,0.1301,44.0,0.169,44.0,0.208,53.0
2025-05-19,0.2014,74.0,0.1547,69.0,0.1508,53.0,0.1488,40.0,0.1469,30.0,0.211,80.0,0.1908,84.0,0.1296,43.0,0.1705,46.0,0.2114,56.0
2025-05-16,0.2127,77.0,0.1561,70.0,0.1516,53.0,0.1836,66.0,0.2157,74.0,0.2111,80.0,0.1907,84.0,0.1426,55.0,0.1866,68.0,0.2306,66.0
2025-05-15,0.1905,71.0,0.1506,66.0,0.1725,66.0,0.2063,76.0,0.2401,81.0,0.2108,80.0,0.1907,84.0,0.1418,54.0,0.183,64.0,0.2242,62.0
2025-05-14,0.1194,32.0,0.1413,60.0,0.2558,91.0,0.2369,83.0,0.218,75.0,0.2089,80.0,0.1903,83.0,0.1751,81.0,0.2033,78.0,0.2315,67.0
2025-05-13,0.1108,27.0,0.134,53.0,0.2499,90.0,0.2443,84.0,0.2387,80.0,0.2089,80.0,0.1904,84.0,0.1516,64.0,0.1882,69.0,0.2248,63.0
2025-05-12,0.1269,38.0,0.1187,39.0,0.1857,73.0,0.2056,76.0,0.2256,77.0,0.2083,80.0,0.1899,83.0,0.1735,80.0,0.2112,81.0,0.2488,76.0
2025-05-09,0.1257,37.0,0.1008,21.0,0.2586,91.0,0.276,90.0,0.2935,89.0,0.2096,80.0,0.1896,83.0,0.1647,75.0,0.1949,74.0,0.225,63.0
2025-05-08,0.1397,46.0,0.1275,47.0,0.1944,77.0,0.1937,71.0,0.1931,63.0,0.2101,80.0,0.1901,83.0,0.2029,90.0,0.2154,82.0,0.2278,64.0
2025-05-07,0.1249,36.0,0.1205,41.0,0.24,89.0,0.2302,81.0,0.2205,75.0,0.2106,80.0,0.1924,85.0,0.1886,86.0,0.2131,81.0,0.2376,70.0
2025-05-06,0.1299,40.0,0.1238,44.0,0.2206,85.0,0.2252,80.0,0.2298,78.0,0.212,81.0,0.1933,85.0,0.1779,82.0,0.2005,77.0,0.2231,62.0
2025-05-05,0.1241,36.0,0.1297,49.0,0.1955,78.0,0.1922,70.0,0.189,61.0,0.2123,81.0,0.1933,85.0,0.1733,80.0,0.2009,77.0,0.2285,65.0
2025-05-02,0.1139,28.0,0.1334,53.0,0.1873,74.0,0.1871,68.0,0.187,60.0,0.2135,81.0,0.194,85.0,0.1725,80.0,0.1972,75.0,0.222,62.0
2025-05-01,0.0952,18.0,0.1432,61.0,0.2075,82.0,0.2035,75.0,0.1995,67.0,0.2157,82.0,0.1946,86.0,0.1762,81.0,0.2008,77.0,0.2254,63.0
2025-04-30,0.148,51.0,0.1392,57.0,0.2255,86.0,0.2303,82.0,0.2351,79.0,0.2158,82.0,0.1943,85.0,0.1806,83.0,0.2014,77.0,0.2221,62.0
2025-04-29,0.1931,71.0,0.1471,64.0,0.2112,83.0,0.2183,79.0,0.2254,77.0,0.2151,82.0,0.1934,85.0,0.1775,82.0,0.2011,77.0,0.2247,63.0
2025-04-28,0.2059,76.0,0.1571,70.0,0.2155,84.0,0.2172,79.0,0.2188,75.0,0.2151,82.0,0.1936,85.0,0.1866,85.0,0.2091,80.0,0.2316,67.0
2025-04-25,0.2046,75.0,0.164,74.0,0.2103,82.0,0.2272,81.0,0.244,81.0,0.2159,82.0,0.1939,85.0,0.1822,84.0,0.2059,79.0,0.2296,65.0
2025-04-24,0.1998,74.0,0.1592,72.0,0.2357,88.0,0.2316,82.0,0.2274,77.0,0.2158,82.0,0.1937,85.0,0.1966,88.0,0.2196,83.0,0.2427,73.0
2025-04-23,0.2351,83.0,0.1725,78.0,0.2385,89.0,0.2402,84.0,0.242,81.0,0.2173,82.0,0.1943,85.0,0.2022,90.0,0.2254,85.0,0.2487,76.0
2025-04-22,0.2324,82.0,0.1953,86.0,0.2499,90.0,0.2477,85.0,0.2455,82.0,0.2174,82.0,0.1941,85.0,0.204,90.0,0.2285,86.0,0.253,78.0
2025-04-21,0.2493,86.0,0.2574,96.0,0.2824,94.0,0.2791,90.0,0.2758,87.0,0.2172,82.0,0.1945,86.0,0.211,91.0,0.2347,88.0,0.2584,81.0
2025-04-17,0.3496,96.0,0.4101,100.0,0.2296,87.0,0.2282,81.0,0.2269,77.0,0.2159,82.0,0.1932,85.0,0.2029,90.0,0.226,85.0,0.249,76.0
2025-04-16,0.396,98.0,0.457,100.0,0.2625,92.0,0.271,89.0,0.2795,87.0,0.2151,82.0,0.1928,85.0,0.2063,91.0,0.231,87.0,0.2556,79.0
2025-04-15,0.4606,98.0,0.4956,100.0,0.2608,92.0,0.2711,89.0,0.2814,87.0,0.2156,82.0,0.1926,85.0,0.195,88.0,0.2232,84.0,0.2513,78.0
2025-04-14,0.5671,99.0,0.5257,100.0,0.3203,96.0,0.3434,96.0,0.3665,94.0,0.216,82.0,0.1928,85.0,0.2087,91.0,0.2312,87.0,0.2536,79.0
2025-04-11,0.5298,99.0,0.529,100.0,0.3912,99.0,0.3853,98.0,0.3795,95.0,0.2134,81.0,0.1922,84.0,0.2418,96.0,0.2603,94.0,0.2788,86.0
2025-04-10,0.5207,99.0,0.5188,100.0,0.4858,100.0,,,0.5617,99.0,0.2137,81.0,0.1906,84.0,0.237,95.0,,,0.3097,93.0
2025-04-09,0.5239,99.0,0.4921,100.0,0.3564,98.0,,,0.3501,93.0,0.2125,81.0,0.1865,82.0,0.2198,93.0,,,0.2717,85.0
2025-04-08,0.3369,95.0,0.3642,99.0,0.4719,100.0,,,0.5275,99.0,0.199,77.0,0.1689,78.0,0.2382,96.0,,,0.3022,92.0
2025-04-07,0.3717,97.0,0.2997,98.0,0.5135,100.0,,,0.4734,98.0,0.197,77.0,0.1616,76.0,0.3025,99.0,,,0.3238,96.0
2025-04-04,0.3485,96.0,0.2299,93.0,0.3432,98.0,,,0.3506,94.0,0.1918,72.0,0.1546,74.0,0.2258,94.0,,,0.2599,81.0
2025-04-03,0.1547,54.0,0.1478,64.0,0.3089,96.0,,,0.2413,81.0,0.1766,61.0,0.1492,69.0,0.1754,81.0,,,0.2166,59.0
2025-04-02,0.1131,28.0,0.1284,48.0,0.1817,71.0,,,0.1909,62.0,0.1746,57.0,0.1477,67.0,0.158,69.0,,,0.2022,48.0
2025-04-01,0.1443,49.0,0.1301,49.0,0.1953,78.0,,,0.1995,67.0,0.1748,57.0,0.1477,67.0,0.1648,75.0,,,0.2095,55.0
2025-03-31,0.1632,59.0,0.125,45.0,0.193,77.0,,,0.2018,68.0,0.1753,59.0,0.1478,68.0,0.1639,74.0,,,0.2106,56.0
2025-03-28,0.1618,57.0,0.1224,42.0,0.189,75.0,,,0.2019,68.0,0.1756,59.0,0.1479,68.0,0.1658,75.0,,,0.213,57.0
2025-03-27,0.1528,53.0,0.1259,46.0,0.1817,71.0,,,0.1815,56.0,0.175,59.0,0.1478,68.0,0.1619,72.0,,,0.2051,51.0
2025-03-26,0.1618,57.0,0.1211,41.0,0.1781,69.0,,,0.1692,48.0,0.1765,61.0,0.1483,68.0,0.1628,73.0,,,0.2016,47.0
2025-03-25,0.1865,69.0,0.1398,57.0,0.1668,63.0,,,0.1681,47.0,0.1761,60.0,0.1484,69.0,0.1598,71.0,,,0.2015,47.0
2025-03-24,0.1896,70.0,0.1339,53.0,0.1601,59.0,,,0.1673,46.0,0.1757,60.0,0.1478,68.0,0.1557,67.0,,,0.2007,47.0
2025-03-21,0.1824,67.0,0.1492,65.0,0.1977,79.0,,,0.1604,41.0,0.1755,59.0,0.1478,68.0,0.1649,75.0,,,0.2051,51.0
2025-03-20,0.1833,68.0,0.1533,68.0,0.173,66.0,,,0.1857,59.0,0.1751,59.0,0.1476,67.0,0.1675,77.0,,,0.2097,55.0
2025-03-19,0.1984,73.0,0.1691,77.0,0.1843,72.0,,,0.1824,57.0,0.1754,59.0,0.1484,69.0,0.1722,79.0,,,0.2123,56.0
2025-03-18,0.1984,73.0,0.182,82.0,0.2106,82.0,,,0.2003,67.0,0.1753,59.0,0.1485,69.0,0.173,80.0,,,0.2144,57.0
2025-03-17,0.1972,72.0,0.1825,83.0,0.1487,52.0,,,0.2244,76.0,0.1754,59.0,0.1485,69.0,0.1634,74.0,,,0.2165,59.0
2025-03-14,0.2055,75.0,0.187,84.0,0.1867,74.0,,,0.233,79.0,0.1739,57.0,0.1477,67.0,0.1681,77.0,,,0.2222,62.0
2025-03-13,0.1785,65.0,0.195,86.0,0.2063,81.0,,,0.2685,86.0,0.1732,56.0,0.1474,66.0,0.175,81.0,,,0.225,63.0
2025-03-12,0.187,69.0,0.1993,87.0,0.1976,78.0,,,0.2372,80.0,0.1729,55.0,0.1466,64.0,0.171,79.0,,,0.2227,62.0
2025-03-11,0.2197,79.0,0.1986,87.0,0.211,83.0,,,0.2549,83.0,0.1724,54.0,0.1469,65.0,0.1743,80.0,,,0.2256,63.0
2025-03-10,0.2211,80.0,0.1877,84.0,0.1857,73.0,,,0.2512,83.0,0.1731,55.0,0.1463,63.0,0.1668,76.0,,,0.2244,62.0
2025-03-07,0.2321,82.0,0.1779,81.0,0.1968,78.0,,,0.2507,82.0,0.1736,56.0,0.1454,60.0,0.1857,85.0,,,0.2525,78.0
2025-03-06,0.239,84.0,0.1802,82.0,0.1961,78.0,,,0.236,80.0,0.1734,56.0,0.1453,60.0,0.1669,76.0,,,0.2194,60.0
2025-03-05,0.1996,73.0,0.1685,77.0,0.1851,73.0,,,0.2163,74.0,0.1703,52.0,0.1444,57.0,0.1625,73.0,,,0.2117,56.0
2025-03-04,0.202,74.0,0.163,74.0,0.1867,74.0,,,0.1911,62.0,0.1699,52.0,0.1439,57.0,0.1696,78.0,,,0.2198,60.0
2025-03-03,0.162,57.0,0.1487,65.0,0.1827,72.0,,,0.2163,74.0,0.1683,50.0,0.1426,54.0,0.1671,76.0,,,0.2203,61.0
2025-02-28,0.1578,56.0,0.1467,64.0,0.1555,56.0,,,0.1939,64.0,0.1678,50.0,0.1424,54.0,0.1601,71.0,,,0.2111,56.0
2025-02-27,0.1676,61.0,0.1414,60.0,0.1799,70.0,,,0.2099,72.0,0.1673,50.0,0.1422,53.0,0.1697,78.0,,,0.2208,61.0
2025-02-26,0.1581,56.0,0.1332,52.0,0.1772,68.0,,,0.2122,73.0,0.1665,49.0,0.1417,52.0,0.1633,73.0,,,0.2149,57.0
2025-02-25,0.1421,47.0,0.126,46.0,0.1641,62.0,,,0.21,72.0,0.1661,48.0,0.1416,52.0,0.1643,75.0,,,0.2141,57.0
2025-02-24,0.1528,53.0,0.1317,51.0,0.1803,70.0,,,0.2026,68.0,0.1646,46.0,0.1412,51.0,0.1672,76.0,,,0.2154,57.0
2025-02-21,0.1462,50.0,0.1322,51.0,0.1674,64.0,,,0.1968,66.0,0.1653,47.0,0.141,51.0,0.1635,74.0,,,0.2145,57.0
2025-02-20,0.1365,44.0,0.1249,45.0,0.1499,52.0,,,0.182,57.0,0.1655,47.0,0.1406,50.0,0.1592,70.0,,,0.2085,54.0
2025-02-19,0.1292,39.0,0.1234,43.0,0.1402,45.0,,,0.1504,33.0,0.165,46.0,0.1403,49.0,0.1583,70.0,,,0.1957,41.0
2025-02-18,0.1265,37.0,0.1273,47.0,0.1536,55.0,,,0.169,48.0,0.1649,46.0,0.1403,49.0,0.1573,69.0,,,0.1973,43.0
2025-02-14,0.1259,37.0,0.1242,44.0,0.1303,37.0,,,0.149,32.0,0.165,46.0,0.1401,49.0,0.1548,67.0,,,0.1985,44.0
2025-02-13,0.1477,51.0,0.1348,54.0,0.1483,51.0,,,0.151,33.0,0.1648,46.0,0.14,48.0,0.1598,71.0,,,0.1972,43.0
2025-02-12,0.1135,28.0,0.126,46.0,0.1596,59.0,,,0.1537,35.0,0.1629,43.0,0.1397,48.0,0.1629,73.0,,,0.1982,44.0
2025-02-11,0.1112,27.0,0.1361,55.0,0.17,65.0,,,0.1709,49.0,0.1629,43.0,0.1391,47.0,0.1621,73.0,,,0.1986,45.0
2025-02-10,0.1104,27.0,0.1365,56.0,0.1718,66.0,,,0.1668,46.0,0.1632,44.0,0.139,47.0,0.162,72.0,,,0.1997,46.0
2025-02-07,0.1254,36.0,0.1402,57.0,0.1743,67.0,,,0.1694,48.0,0.1635,44.0,0.1391,47.0,0.1611,72.0,,,0.1964,42.0
2025-02-06,0.18,66.0,0.1606,73.0,0.1572,57.0,,,0.1637,43.0,0.1642,45.0,0.1394,47.0,0.1602,71.0,,,0.1976,43.0
2025-02-05,0.2027,74.0,0.1665,76.0,0.1715,66.0,,,0.1686,47.0,0.1644,45.0,0.1397,48.0,0.1623,73.0,,,0.1995,45.0
2025-02-04,0.2164,78.0,0.1714,78.0,0.1914,76.0,,,0.1847,57.0,0.1629,43.0,0.1402,49.0,0.1691,78.0,,,0.2036,49.0
2025-02-03,0.2219,80.0,0.1749,80.0,0.2009,80.0,,,0.1943,64.0,0.1671,49.0,0.1431,55.0,0.1698,78.0,,,0.2063,52.0
2025-01-31,0.2219,80.0,0.1597,72.0,0.1807,70.0,,,0.1761,53.0,0.1705,53.0,0.1437,56.0,0.1674,77.0,,,0.2008,47.0
2025-01-30,0.2667,89.0,0.1685,77.0,0.1839,72.0,,,0.1744,52.0,0.1714,53.0,0.145,59.0,0.1611,72.0,,,0.1947,41.0
2025-01-29,0.2663,89.0,0.1646,75.0,0.1808,70.0,,,0.1727,50.0,0.1712,53.0,0.1448,59.0,0.1609,72.0,,,0.1953,41.0
2025-01-28,0.2383,84.0,0.1406,59.0,0.1772,68.0,,,0.1707,49.0,0.1699,52.0,0.1438,56.0,0.1591,70.0,,,0.1919,38.0
2025-01-27,0.2236,80.0,0.1461,63.0,0.1759,68.0,,,0.1798,55.0,0.1689,51.0,0.1438,56.0,0.1589,70.0,,,0.1951,41.0
2025-01-24,0.2012,74.0,0.1476,64.0,0.1582,57.0,,,0.1595,40.0,0.1664,49.0,0.1433,55.0,0.1575,69.0,,,0.1935,39.0
2025-01-23,0.1945,71.0,0.1378,57.0,0.16,59.0,,,0.1555,37.0,0.168,50.0,0.1433,55.0,0.1575,69.0,,,0.1925,38.0
2025-01-22,0.2067,76.0,0.1453,63.0,0.1611,60.0,,,0.1633,43.0,0.1689,51.0,0.1448,59.0,0.1585,70.0,,,0.1931,39.0
2025-01-21,0.1796,66.0,0.1424,61.0,0.1715,66.0,,,0.168,47.0,0.1671,49.0,0.1448,59.0,0.1535,65.0,,,0.193,39.0
2025-01-17,0.1677,61.0,0.1453,63.0,0.1613,60.0,,,0.1688,48.0,0.166,48.0,0.1448,59.0,0.1599,71.0,,,0.1926,39.0
2025-01-16,0.1723,63.0,0.1562,70.0,0.1429,47.0,,,0.1349,21.0,0.1666,49.0,0.1451,60.0,0.1642,74.0,,,0.1992,45.0
2025-01-15,0.2047,75.0,0.1675,76.0,0.1791,69.0,,,0.1661,45.0,0.1652,47.0,0.1445,57.0,0.1687,78.0,,,0.1996,46.0
2025-01-14,0.2232,80.0,0.1559,70.0,0.2512,90.0,,,0.2132,73.0,0.1655,47.0,0.1443,57.0,0.1733,80.0,,,0.2045,50.0
2025-01-13,0.225,81.0,0.1625,73.0,0.2364,88.0,,,0.2404,81.0,0.166,48.0,0.1445,57.0,0.1714,79.0,,,0.2063,52.0
2025-01-10,0.2181,79.0,0.1561,70.0,0.2073,81.0,,,0.2264,77.0,0.1659,48.0,0.1441,57.0,0.1731,80.0,,,0.2068,52.0
2025-01-08,0.2014,74.0,0.1514,67.0,0.2078,82.0,,,0.1789,55.0,0.1645,46.0,0.1436,56.0,0.1693,78.0,,,0.2028,49.0
2025-01-07,0.1975,73.0,0.1512,67.0,0.1878,74.0,,,0.1825,57.0,0.1644,45.0,0.1433,55.0,0.173,80.0,,,0.2018,48.0
2025-01-06,0.1988,73.0,0.1419,60.0,0.2017,80.0,,,0.1787,55.0,0.1657,48.0,0.1432,55.0,0.1678,77.0,,,0.1962,42.0
2025-01-03,0.1547,54.0,0.1168,37.0,0.1666,63.0,,,0.157,38.0,0.1623,43.0,0.142,53.0,0.1673,76.0,,,0.1965,42.0
2025-01-02,0.1347,43.0,0.113,33.0,0.1751,67.0,,,0.1796,55.0,0.1614,41.0,0.1418,52.0,0.168,77.0,,,0.2009,47.0
2024-12-31,0.1597,57.0,0.139,57.0,0.1811,71.0,,,0.1666,46.0,0.1608,41.0,0.1414,52.0,0.1645,75.0,,,0.1958,42.0
2024-12-30,0.1817,67.0,0.1661,76.0,0.1808,70.0,,,0.1693,48.0,0.1603,40.0,0.1413,52.0,0.1683,77.0,,,0.1969,42.0
2024-12-27,0.283,91.0,0.2131,90.0,0.1685,64.0,,,0.1589,39.0,0.1601,40.0,0.1411,51.0,0.1669,76.0,,,0.1977,43.0
2024-12-26,0.283,91.0,0.2122,90.0,0.1644,62.0,,,0.1558,37.0,0.1597,40.0,0.1407,50.0,0.1665,76.0,,,0.1943,40.0
2024-12-24,0.2821,91.0,0.2147,90.0,0.1603,59.0,,,0.1618,42.0,0.1601,40.0,0.1411,51.0,0.1646,75.0,,,0.1963,42.0
2024-12-23,0.2687,89.0,0.2128,90.0,0.1824,71.0,,,0.1988,67.0,0.16,40.0,0.1411,51.0,0.1712,79.0,,,0.2369,69.0
2024-12-20,0.2656,89.0,0.2151,91.0,0.2089,82.0,,,0.1952,64.0,0.1603,40.0,0.1411,51.0,0.1717,79.0,,,0.2043,50.0
2024-12-19,0.1969,72.0,0.198,87.0,0.2457,89.0,,,0.1818,57.0,0.1581,38.0,0.1393,47.0,0.2457,97.0,,,0.1818,30.0
2024-12-18,0.1943,71.0,0.1789,81.0,0.1789,69.0,,,0.1758,53.0,0.1577,37.0,0.1383,46.0,0.1482,60.0,,,0.2107,56.0
2024-12-17,0.07,7.0,0.1135,34.0,0.18,70.0,,,0.1849,59.0,0.1494,30.0,0.1348,42.0,0.1649,75.0,,,0.1946,40.0
2024-12-16,0.0579,3.0,0.1117,32.0,0.1274,34.0,,,0.4368,97.0,0.1486,28.0,0.1345,41.0,0.15,62.0,,,0.2043,50.0
2024-12-13,0.0571,3.0,0.1042,24.0,0.1384,44.0,,,0.2154,74.0,0.1487,28.0,0.1341,40.0,0.1479,60.0,,,0.2058,51.0
2024-12-12,0.057,3.0,0.1041,24.0,0.1165,25.0,,,0.2195,75.0,0.1493,30.0,0.1344,41.0,0.1509,63.0,,,0.2047,50.0
2024-12-11,0.0673,6.0,0.1004,21.0,0.1167,25.0,,,0.2222,76.0,0.1494,30.0,0.1342,40.0,0.1482,60.0,,,0.2058,51.0
2024-12-10,0.1006,21.0,0.1064,27.0,0.1202,28.0,,,0.2304,78.0,0.1492,30.0,0.1341,40.0,0.1494,61.0,,,0.2057,51.0
2024-12-09,0.0987,20.0,0.1019,22.0,0.127,34.0,,,0.2298,78.0,0.1488,30.0,0.1339,40.0,0.1481,60.0,,,0.2015,47.0
2024-12-06,0.1154,30.0,0.1024,23.0,0.1576,57.0,,,0.2576,84.0,0.1491,30.0,0.1345,41.0,0.145,57.0,,,0.1996,46.0
2024-12-05,0.1507,52.0,0.1051,25.0,0.1281,35.0,,,0.2093,72.0,0.149,30.0,0.1343,41.0,0.1435,56.0,,,0.2005,46.0
2024-12-04,0.1643,59.0,0.1118,32.0,0.1489,52.0,,,0.2025,68.0,0.1489,30.0,0.1347,41.0,0.1422,54.0,,,0.1964,42.0
2024-12-03,0.1672,60.0,0.1112,31.0,0.1786,69.0,,,0.6973,100.0,0.1493,30.0,0.1348,42.0,0.1419,54.0,,,0.1952,41.0
2024-12-02,0.1635,59.0,0.1141,35.0,0.1424,47.0,,,0.1959,65.0,0.1483,28.0,0.1346,41.0,0.1409,53.0,,,0.1928,39.0
2024-11-29,0.1142,28.0,0.1044,25.0,0.1329,39.0,,,0.1992,67.0,0.1458,26.0,0.1341,40.0,0.1408,53.0,,,0.192,38.0
2024-11-27,0.0821,11.0,0.106,26.0,0.1365,42.0,,,0.1957,65.0,0.1459,27.0,0.1344,41.0,0.1417,54.0,,,0.1937,40.0
2024-11-26,0.0832,12.0,0.1071,28.0,0.1333,40.0,,,0.1912,62.0,0.1458,26.0,0.1344,41.0,0.1404,53.0,,,0.1947,41.0
2024-11-25,0.0732,8.0,0.1059,26.0,0.1381,44.0,,,0.1872,60.0,0.1473,28.0,0.1344,41.0,0.1434,56.0,,,0.1939,40.0
2024-11-22,0.1186,32.0,0.1069,27.0,0.1284,35.0,,,0.2861,88.0,0.1485,28.0,0.1343,41.0,0.1448,57.0,,,0.1962,42.0
2024-11-21,0.1245,36.0,0.1114,31.0,0.1476,51.0,,,0.1901,62.0,0.1499,31.0,0.1346,41.0,0.1468,59.0,,,0.1971,43.0
2024-11-20,0.1322,41.0,0.1124,32.0,0.1981,79.0,,,0.199,67.0,0.1503,31.0,0.1348,42.0,0.1457,57.0,,,0.1966,42.0
2024-11-19,0.1305,40.0,0.1139,34.0,0.1456,49.0,,,0.1918,62.0,0.15,31.0,0.1346,41.0,0.1428,55.0,,,0.1954,41.0
2024-11-18,0.166,60.0,0.1266,47.0,0.153,54.0,,,0.2549,83.0,0.1531,33.0,0.1356,43.0,0.1457,57.0,,,0.1968,42.0
2024-11-15,0.1837,68.0,0.1398,57.0,0.1469,50.0,,,0.1937,64.0,0.1532,34.0,0.1357,43.0,0.1447,57.0,,,0.1999,46.0
2024-11-14,0.2026,74.0,0.1897,85.0,0.1498,52.0,,,0.1884,61.0,0.1532,34.0,0.1354,43.0,0.1458,57.0,,,0.241,72.0
2024-11-13,0.2062,76.0,0.2013,88.0,0.1511,53.0,,,0.1623,42.0,0.1522,33.0,0.1351,42.0,0.1495,61.0,,,0.1942,40.0
2024-11-12,0.2107,77.0,0.1999,88.0,0.1782,69.0,,,0.2126,73.0,0.152,33.0,0.135,42.0,0.1489,61.0,,,0.1972,43.0
2024-11-11,0.2241,81.0,0.2067,89.0,0.1819,71.0,,,0.1977,66.0,0.1509,32.0,0.1344,41.0,0.1508,63.0,,,0.1951,41.0
2024-11-08,0.2717,90.0,0.2141,90.0,0.1529,54.0,,,0.1503,33.0,0.1516,33.0,0.1342,40.0,0.1485,60.0,,,0.1904,37.0
2024-11-07,0.2524,87.0,0.2058,89.0,0.1623,60.0,,,0.1656,45.0,0.1502,31.0,0.1334,40.0,0.1485,60.0,,,0.1938,40.0
2024-11-06,0.2359,83.0,0.197,87.0,0.1844,72.0,,,0.1898,61.0,0.1493,30.0,0.1325,38.0,0.1483,60.0,,,0.1976,43.0
2024-11-05,0.2237,80.0,0.1491,65.0,0.2394,89.0,,,0.245,82.0,0.1479,28.0,0.1287,30.0,0.153,65.0,,,0.204,50.0
2024-11-04,0.2059,76.0,0.1404,59.0,0.1769,68.0,,,0.2389,80.0,0.1473,28.0,0.1277,28.0,0.1568,68.0,,,0.2047,50.0
2024-11-01,0.1761,64.0,0.1408,59.0,0.2237,85.0,,,0.2347,79.0,0.1469,28.0,0.1276,28.0,0.1559,68.0,,,0.2068,52.0
2024-10-31,0.2121,77.0,0.1418,60.0,0.229,87.0,,,0.225,76.0,0.145,26.0,0.1264,26.0,0.1591,70.0,,,0.2056,51.0
2024-10-30,0.1572,55.0,0.1314,51.0,0.2052,81.0,,,0.2123,73.0,0.1415,24.0,0.1255,25.0,0.1549,67.0,,,0.1999,46.0
2024-10-29,0.2066,76.0,0.1435,61.0,0.2062,81.0,,,0.2088,71.0,0.1415,24.0,0.1255,25.0,0.1519,64.0,,,0.2019,48.0
2024-10-28,0.2108,77.0,0.1428,61.0,0.2015,80.0,,,0.2158,74.0,0.1434,25.0,0.1264,26.0,0.1521,64.0,,,0.2028,49.0
2024-10-25,0.2095,77.0,0.1398,57.0,0.1951,78.0,,,0.2079,71.0,0.1434,25.0,0.127,27.0,0.147,59.0,,,0.2037,50.0
2024-10-24,0.197,72.0,0.1329,52.0,0.1945,77.0,,,0.1996,67.0,0.1425,25.0,0.1266,26.0,0.1506,62.0,,,0.1993,45.0
2024-10-23,0.1997,74.0,0.1374,56.0,0.1996,79.0,,,0.2244,76.0,0.1429,25.0,0.1266,26.0,0.1512,63.0,,,0.1983,44.0
2024-10-22,0.1758,64.0,0.1239,44.0,0.1994,79.0,,,0.19,61.0,0.1411,23.0,0.1256,25.0,0.1514,63.0,,,0.1947,41.0
2024-10-21,0.1839,68.0,0.119,39.0,0.1878,74.0,,,0.1985,66.0,0.1413,23.0,0.1254,24.0,0.144,56.0,,,0.1975,43.0
2024-10-18,0.1187,32.0,0.1096,30.0,0.1547,56.0,,,0.1836,57.0,0.1377,21.0,0.1258,25.0,0.103,18.0,,,0.2166,59.0
2024-10-17,0.1206,33.0,0.1089,28.0,0.1598,59.0,,,0.1926,63.0,0.1377,21.0,0.1259,25.0,0.1069,22.0,,,0.2206,61.0
2024-10-16,0.1142,28.0,0.1138,34.0,0.1587,57.0,,,0.143,27.0,0.1377,21.0,0.1259,25.0,0.1058,21.0,,,0.223,62.0
2024-10-15,0.119,32.0,0.109,28.0,0.1443,48.0,,,0.1749,52.0,0.1372,21.0,0.1256,25.0,0.1091,24.0,,,0.2287,65.0
2024-10-14,0.1175,31.0,0.1126,33.0,0.1633,61.0,,,0.1686,47.0,0.1369,20.0,0.1255,25.0,0.1116,27.0,,,0.226,63.0
2024-10-11,0.1061,25.0,0.109,28.0,0.1336,40.0,,,0.1665,46.0,0.1368,20.0,0.1256,25.0,0.1077,22.0,,,0.226,63.0
2024-10-10,0.0471,1.0,0.1098,30.0,0.1989,79.0,,,0.1698,49.0,0.138,22.0,0.1258,25.0,0.1129,28.0,,,0.2274,64.0
2024-10-09,0.0515,2.0,0.1158,36.0,0.1764,68.0,,,0.174,51.0,0.1387,23.0,0.1268,27.0,0.112,27.0,,,0.2261,63.0
2024-10-08,0.1009,21.0,0.1231,43.0,0.1658,63.0,,,0.1895,61.0,0.1402,23.0,0.1272,27.0,0.1133,28.0,,,0.2288,65.0
2024-10-07,0.1047,24.0,0.1186,39.0,0.1801,70.0,,,0.1869,60.0,0.1401,23.0,0.1273,27.0,0.1001,15.0,,,0.2316,67.0
2024-10-04,0.1285,39.0,0.1376,57.0,0.1542,55.0,,,0.1741,51.0,0.1484,28.0,0.1278,28.0,0.1113,26.0,,,0.2271,64.0
2024-10-03,0.1276,39.0,0.1316,51.0,0.1524,54.0,,,0.193,63.0,0.1487,28.0,0.1277,28.0,0.1136,28.0,,,0.2279,65.0
2024-10-02,0.1275,39.0,0.1293,49.0,0.1567,57.0,,,0.1744,52.0,0.1514,33.0,0.1281,28.0,0.1107,26.0,,,0.2286,65.0
2024-10-01,0.1746,64.0,0.1329,52.0,0.1664,63.0,,,0.1864,60.0,0.1512,32.0,0.1285,28.0,0.1135,28.0,,,0.2295,65.0
2024-09-30,0.1667,60.0,0.1204,41.0,0.1432,47.0,,,0.1736,51.0,0.1505,31.0,0.129,30.0,0.1026,18.0,,,0.2224,62.0
2024-09-27,0.1559,55.0,0.1317,51.0,0.1522,54.0,,,0.175,52.0,0.1502,31.0,0.1287,30.0,0.1049,20.0,,,0.2243,62.0
2024-09-26,0.1558,55.0,0.1392,57.0,0.1314,38.0,,,0.1727,50.0,0.1515,33.0,0.1288,30.0,0.1031,19.0,,,0.2462,75.0
2024-09-25,0.1386,45.0,0.1267,47.0,0.1322,39.0,,,0.1629,43.0,0.1516,33.0,0.1285,28.0,0.102,17.0,,,0.2227,62.0
2024-09-24,0.1345,43.0,0.1257,45.0,0.0886,7.0,,,0.1818,57.0,0.1514,33.0,0.1284,28.0,0.0883,7.0,,,0.228,65.0
2024-09-23,0.1516,53.0,0.1263,46.0,0.0938,10.0,,,0.1801,56.0,0.1556,35.0,0.1293,31.0,0.0883,7.0,,,0.227,64.0
2024-09-20,0.1225,35.0,0.126,46.0,0.1219,30.0,,,0.1837,57.0,0.1546,35.0,0.1291,30.0,0.0881,7.0,,,0.2296,65.0
2024-09-19,0.1201,33.0,0.1406,59.0,0.1145,23.0,,,0.1732,51.0,0.1552,35.0,0.1295,31.0,0.0957,12.0,,,0.2241,62.0
2024-09-18,0.1416,47.0,0.134,53.0,0.1582,57.0,,,0.1921,63.0,0.1559,36.0,0.129,30.0,0.0947,11.0,,,0.2375,70.0
2024-09-17,0.1435,48.0,0.131,50.0,0.2247,86.0,,,0.2453,82.0,0.1562,36.0,0.1288,30.0,0.096,12.0,,,0.2389,70.0
2024-09-16,0.1178,31.0,0.1284,48.0,0.1846,73.0,,,0.2388,80.0,0.1555,35.0,0.1288,30.0,0.0949,11.0,,,0.2354,68.0
2024-09-13,0.1218,34.0,0.1347,54.0,0.1466,50.0,,,0.1901,62.0,0.1554,35.0,0.1288,30.0,0.0915,9.0,,,0.237,69.0
2024-09-12,0.1141,28.0,0.1403,57.0,0.1667,63.0,,,0.1943,64.0,0.155,35.0,0.1287,30.0,0.0932,10.0,,,0.2368,69.0
2024-09-11,0.1122,28.0,0.1394,57.0,0.1682,64.0,,,0.1952,64.0,0.1548,35.0,0.1285,28.0,0.0911,9.0,,,0.2365,69.0
2024-09-10,0.1111,27.0,0.1286,48.0,0.1726,66.0,,,0.1972,66.0,0.1576,37.0,0.1296,31.0,0.0956,12.0,,,0.2395,71.0
2024-09-09,0.0812,11.0,0.1181,38.0,0.1692,64.0,,,0.1952,64.0,0.1562,36.0,0.129,30.0,0.0992,15.0,,,0.2426,73.0
2024-09-06,0.0656,5.0,0.1143,35.0,0.1633,61.0,,,0.1742,51.0,0.156,36.0,0.1289,30.0,0.1017,17.0,,,0.2472,75.0
2024-09-05,0.0656,5.0,0.1177,38.0,0.1687,64.0,,,0.1962,65.0,0.1561,36.0,0.1288,30.0,0.0975,13.0,,,0.2432,73.0
2024-09-04,0.0611,4.0,0.1105,30.0,0.1611,60.0,,,0.1862,59.0,0.1568,36.0,0.1284,28.0,0.1047,20.0,,,0.2414,72.0
2024-09-03,0.0988,20.0,0.1106,30.0,0.1515,53.0,,,0.1811,56.0,0.1568,36.0,0.1279,28.0,0.0923,9.0,,,0.2492,76.0
2024-08-30,0.0987,20.0,0.1095,28.0,0.1179,26.0,,,0.1571,38.0,0.1569,36.0,0.1278,28.0,0.0823,4.0,,,0.2344,68.0
2024-08-29,0.0957,18.0,0.1049,25.0,0.1356,42.0,,,0.1613,41.0,0.158,37.0,0.1282,28.0,0.0883,7.0,,,0.24,71.0
2024-08-28,0.0862,13.0,0.1029,23.0,0.1328,39.0,,,0.1665,46.0,0.1591,39.0,0.1297,31.0,0.0854,6.0,,,0.2377,70.0
2024-08-27,0.0836,12.0,0.0979,18.0,0.1291,36.0,,,0.1618,42.0,0.1594,39.0,0.1306,34.0,0.0832,4.0,,,0.2353,68.0
2024-08-26,0.0877,14.0,0.0889,11.0,0.1203,28.0,,,0.1583,39.0,0.1596,39.0,0.1302,33.0,0.0794,3.0,,,0.2369,69.0
2024-08-23,0.0973,19.0,0.0981,18.0,0.1203,28.0,,,0.1586,39.0,0.1595,39.0,0.131,35.0,0.0789,3.0,,,0.2365,69.0
2024-08-22,0.0591,3.0,0.09,12.0,0.1326,39.0,,,0.1691,48.0,0.1585,38.0,0.1307,34.0,0.0797,3.0,,,0.2377,70.0
2024-08-21,0.0572,3.0,0.0875,10.0,0.1177,26.0,,,0.1503,33.0,0.1601,40.0,0.1313,36.0,0.0773,2.0,,,0.2349,68.0
2024-08-20,0.0803,10.0,0.0947,16.0,0.1195,28.0,,,0.1566,37.0,0.1602,40.0,0.1311,35.0,0.0786,3.0,,,0.2368,69.0
2024-08-19,0.0998,20.0,0.1091,28.0,0.1297,36.0,,,0.1482,31.0,0.1606,41.0,0.1313,36.0,0.0738,1.0,,,0.2306,66.0
2024-08-16,0.1021,22.0,0.1171,38.0,0.1184,27.0,,,0.155,37.0,0.1612,41.0,0.1316,36.0,0.078,3.0,,,0.2365,69.0
2024-08-15,0.1159,30.0,0.1381,57.0,0.1174,26.0,,,0.161,41.0,0.1614,41.0,0.1316,36.0,0.0816,4.0,,,0.2572,80.0
2024-08-14,0.1798,66.0,0.1816,82.0,0.1309,37.0,,,0.1608,41.0,0.1617,42.0,0.1314,36.0,0.0943,11.0,,,0.2337,67.0
2024-08-13,0.2542,87.0,0.2033,88.0,0.1847,73.0,,,0.206,70.0,0.1634,44.0,0.1316,36.0,0.1024,18.0,,,0.2415,72.0
2024-08-12,0.2604,88.0,0.221,92.0,0.1963,78.0,,,0.2218,76.0,0.1649,46.0,0.1323,38.0,0.1088,24.0,,,0.248,76.0
2024-08-09,0.2571,88.0,0.22,92.0,0.1573,57.0,,,0.1998,67.0,0.1667,49.0,0.1322,38.0,0.114,28.0,,,0.2555,79.0
2024-08-08,0.2675,89.0,0.2183,91.0,0.2047,80.0,,,0.2109,72.0,0.1661,48.0,0.1316,36.0,0.1278,41.0,,,0.2637,82.0
2024-08-07,0.2669,89.0,0.2194,92.0,0.2222,85.0,,,0.2672,85.0,0.166,48.0,0.1313,36.0,0.1426,55.0,,,0.2829,87.0
2024-08-06,0.2612,88.0,0.2124,90.0,0.2112,83.0,,,0.2419,81.0,0.1657,48.0,0.1301,32.0,0.1377,50.0,,,0.277,86.0
2024-08-05,0.2384,84.0,0.1782,81.0,0.2768,93.0,,,0.2934,89.0,0.1619,42.0,0.127,27.0,0.1544,66.0,,,0.2848,88.0
2024-08-02,0.1894,70.0,0.1762,80.0,0.193,77.0,,,0.24,81.0,0.1583,38.0,0.1253,24.0,0.1239,39.0,,,0.2647,83.0
2024-08-01,0.2039,75.0,0.165,75.0,0.1734,66.0,,,0.1925,63.0,0.1617,42.0,0.1239,22.0,0.1051,21.0,,,0.2443,74.0
2024-07-31,0.1834,68.0,0.1644,75.0,0.1616,60.0,,,0.2043,69.0,0.162,42.0,0.1245,23.0,0.1055,21.0,,,0.2481,76.0
2024-07-30,0.187,69.0,0.1636,74.0,0.1797,70.0,,,0.2124,73.0,0.1625,43.0,0.1256,25.0,0.1081,23.0,,,0.2498,77.0
2024-07-29,0.1881,70.0,0.1575,71.0,0.1787,69.0,,,0.2111,72.0,0.1628,43.0,0.1264,26.0,0.1082,23.0,,,0.2476,76.0
2024-07-26,0.1907,71.0,0.1626,74.0,0.1685,64.0,,,0.2003,67.0,0.1635,44.0,0.1259,25.0,0.108,23.0,,,0.2483,76.0
2024-07-25,0.1516,53.0,0.1589,72.0,0.1857,73.0,,,0.2071,71.0,0.1613,41.0,0.1255,25.0,0.1142,28.0,,,0.2502,77.0
2024-07-24,0.1605,57.0,0.1341,53.0,0.1719,66.0,,,0.1994,67.0,0.1603,40.0,0.1237,21.0,0.1093,25.0,,,0.2506,77.0
2024-07-23,0.125,36.0,0.1203,41.0,0.154,55.0,,,0.1863,60.0,0.1589,38.0,0.1233,21.0,0.1029,18.0,,,0.2434,73.0
2024-07-22,0.1183,31.0,0.117,37.0,0.157,57.0,,,0.1836,57.0,0.1603,40.0,0.1248,23.0,0.1031,19.0,,,0.2429,73.0
2024-07-19,0.1317,41.0,0.1208,41.0,0.1635,61.0,,,0.1876,60.0,0.1605,40.0,0.1253,24.0,0.1106,26.0,,,0.2443,74.0
2024-07-18,0.1237,35.0,0.1251,45.0,0.1547,56.0,,,0.1594,40.0,0.1605,40.0,0.1254,24.0,0.1069,22.0,,,0.2435,73.0
2024-07-17,0.0965,19.0,0.1094,28.0,0.1514,53.0,,,0.1694,48.0,0.1608,41.0,0.1251,24.0,0.1049,20.0,,,0.2419,72.0
2024-07-16,0.1091,26.0,0.1032,24.0,0.1655,62.0,,,0.1885,61.0,0.1611,41.0,0.1254,24.0,0.1019,17.0,,,0.2405,71.0
2024-07-15,0.0947,17.0,0.101,21.0,0.1606,60.0,,,0.1748,52.0,0.1622,42.0,0.1275,28.0,0.1023,17.0,,,0.2396,71.0
2024-07-12,0.1052,24.0,0.0999,20.0,0.1325,39.0,,,0.1703,49.0,0.1624,43.0,0.1275,28.0,0.0984,14.0,,,0.239,71.0
2024-07-11,0.107,25.0,0.0977,18.0,0.139,44.0,,,0.1548,36.0,0.163,43.0,0.1276,28.0,0.1018,17.0,,,0.239,71.0
2024-07-10,0.0828,12.0,0.0957,16.0,0.1671,63.0,,,0.1832,57.0,0.1622,42.0,0.1271,27.0,0.1025,18.0,,,0.2405,71.0
2024-07-09,0.093,16.0,0.0945,15.0,0.1363,42.0,,,0.2048,70.0,0.1622,42.0,0.1269,27.0,0.1035,19.0,,,0.2412,72.0
2024-07-08,0.1005,21.0,0.0945,15.0,0.1398,45.0,,,0.1623,42.0,0.1624,43.0,0.1269,27.0,0.1023,17.0,,,0.241,72.0
2024-07-05,0.1015,22.0,0.0944,15.0,0.1351,41.0,,,0.1555,37.0,0.1632,44.0,0.1275,28.0,0.0995,15.0,,,0.2423,73.0
2024-07-03,0.1254,36.0,0.1117,32.0,0.141,46.0,,,0.1597,40.0,0.1631,44.0,0.128,28.0,0.1018,17.0,,,0.241,72.0
2024-07-02,0.1395,46.0,0.1222,42.0,0.141,46.0,,,0.1503,33.0,0.163,43.0,0.1282,28.0,0.1028,18.0,,,0.2397,71.0
2024-07-01,0.1351,43.0,0.1221,42.0,0.139,44.0,,,0.1602,40.0,0.167,49.0,0.129,30.0,0.1007,16.0,,,0.2392,71.0
2024-06-28,0.1282,39.0,0.1114,31.0,0.1368,42.0,,,0.1513,34.0,0.1675,50.0,0.1291,30.0,0.0996,15.0,,,0.2366,69.0
2024-06-27,0.1375,45.0,0.1117,32.0,0.1295,36.0,,,0.1627,43.0,0.1683,50.0,0.1291,30.0,0.0975,13.0,,,0.2403,71.0
2024-06-26,0.1316,41.0,0.1128,33.0,0.1374,43.0,,,0.1621,42.0,0.1685,51.0,0.129,30.0,0.1025,18.0,,,0.2413,72.0
2024-06-25,0.132,41.0,0.1181,38.0,0.1294,36.0,,,0.1669,46.0,0.1686,51.0,0.1291,30.0,0.0996,15.0,,,0.2412,72.0
2024-06-24,0.0966,19.0,0.1049,25.0,0.127,34.0,,,0.1603,41.0,0.168,50.0,0.1285,28.0,0.0984,14.0,,,0.2398,71.0
2024-06-21,0.0905,15.0,0.1067,27.0,0.1305,37.0,,,0.1597,40.0,0.1675,50.0,0.1281,28.0,0.1031,19.0,,,0.2411,72.0
2024-06-20,0.1005,21.0,0.1082,28.0,0.1341,40.0,,,0.1617,42.0,0.168,50.0,0.1284,28.0,0.1045,20.0,,,0.2437,73.0
2024-06-18,0.0867,13.0,0.1167,37.0,0.136,42.0,,,0.1521,34.0,0.1695,52.0,0.1295,31.0,0.1032,19.0,,,0.2459,75.0
2024-06-17,0.0963,18.0,0.1134,34.0,0.1453,49.0,,,0.1582,39.0,0.169,51.0,0.1293,31.0,0.1033,19.0,,,0.243,73.0
2024-06-14,0.096,18.0,0.1108,31.0,0.1161,25.0,,,0.1395,25.0,0.169,51.0,0.129,30.0,0.1002,16.0,,,0.2443,74.0
2024-06-13,0.0932,16.0,0.1066,27.0,0.1195,28.0,,,0.1411,26.0,0.1707,53.0,0.13,32.0,0.0997,15.0,,,0.2443,74.0
2024-06-12,0.101,21.0,0.1123,32.0,0.1281,35.0,,,0.1499,32.0,0.1759,60.0,0.131,35.0,0.1021,17.0,,,0.2424,73.0
2024-06-11,0.1065,25.0,0.0988,19.0,0.1516,53.0,,,0.1814,56.0,0.1844,68.0,0.1358,43.0,0.1041,20.0,,,0.2461,75.0
2024-06-10,0.1368,44.0,0.1068,27.0,0.1338,40.0,,,0.2117,72.0,0.1839,68.0,0.136,43.0,0.0966,13.0,,,0.2521,78.0
2024-06-07,0.1543,54.0,0.1031,23.0,0.1089,19.0,,,0.1983,66.0,0.1839,68.0,0.1357,43.0,0.091,9.0,,,0.253,78.0
2024-06-06,0.1765,65.0,0.1067,27.0,0.1463,50.0,,,0.2024,68.0,0.1836,67.0,0.1359,43.0,0.103,18.0,,,0.2466,75.0
2024-06-05,0.193,71.0,0.1171,38.0,0.1252,33.0,,,0.2056,70.0,0.1836,67.0,0.1359,43.0,0.0948,11.0,,,0.2542,79.0
2024-06-04,0.1929,71.0,0.1138,34.0,0.1226,31.0,,,0.2035,69.0,0.184,68.0,0.1362,43.0,0.1065,22.0,,,0.255,79.0
2024-06-03,0.23,82.0,0.1302,49.0,0.1301,37.0,,,0.2029,69.0,0.1835,67.0,0.1358,43.0,0.0945,11.0,,,0.2553,79.0
2024-05-31,0.2297,82.0,0.1338,53.0,0.1196,28.0,,,0.2034,69.0,0.1836,67.0,0.136,43.0,0.0909,9.0,,,0.256,80.0
2024-05-30,0.1833,68.0,0.1264,46.0,0.134,40.0,,,0.2108,72.0,0.1851,69.0,0.137,44.0,0.0955,12.0,,,0.2617,82.0
2024-05-29,0.1177,31.0,0.1237,44.0,0.1283,35.0,,,0.2055,70.0,0.1841,68.0,0.1371,44.0,0.095,11.0,,,0.2374,70.0
2024-05-28,0.1261,37.0,0.1191,39.0,0.1237,31.0,,,0.1962,65.0,0.1831,66.0,0.1375,45.0,0.0949,11.0,,,0.2579,81.0
2024-05-24,0.1236,35.0,0.1048,25.0,0.1159,24.0,,,0.1942,64.0,0.1826,66.0,0.1373,45.0,0.1002,16.0,,,0.2449,74.0
2024-05-23,0.1583,56.0,0.1061,26.0,0.1308,37.0,,,0.1826,57.0,0.1826,66.0,0.1376,45.0,0.105,21.0,,,0.2276,64.0
2024-05-22,0.1004,21.0,0.0738,4.0,0.1062,17.0,,,0.1826,57.0,0.1801,64.0,0.1365,44.0,0.0868,6.0,,,0.2513,78.0
2024-05-21,0.0985,19.0,0.0659,2.0,0.1007,14.0,,,0.1718,50.0,0.1801,64.0,0.1364,44.0,0.0857,6.0,,,0.248,76.0
2024-05-20,0.0945,17.0,0.0673,3.0,0.0718,2.0,,,0.1682,47.0,0.1803,65.0,0.1364,44.0,0.0879,7.0,,,0.2406,72.0
2024-05-17,0.0951,18.0,0.0766,5.0,0.1002,13.0,,,0.1724,50.0,0.1803,65.0,0.1372,44.0,0.0859,6.0,,,0.2506,77.0
2024-05-16,0.1167,31.0,0.0762,4.0,0.099,12.0,,,0.1741,51.0,0.1803,65.0,0.1378,46.0,0.0855,6.0,,,0.2447,74.0
2024-05-15,0.108,26.0,0.0762,4.0,0.1173,26.0,,,0.149,32.0,0.1804,65.0,0.138,46.0,0.1085,24.0,,,0.2276,64.0
2024-05-14,0.1004,21.0,0.0769,5.0,0.1277,35.0,,,0.1964,65.0,0.1797,64.0,0.1382,46.0,0.1088,24.0,,,0.2336,67.0
2024-05-13,0.1002,21.0,0.0792,6.0,0.1868,74.0,,,0.1965,65.0,0.1927,73.0,0.1408,50.0,0.1126,28.0,,,0.2296,65.0
2024-05-10,0.1279,39.0,0.1029,23.0,0.1276,34.0,,,0.1826,57.0,0.1933,74.0,0.1408,50.0,0.1171,32.0,,,0.2293,65.0
2024-05-09,0.1265,37.0,0.1212,41.0,0.1369,43.0,,,0.1645,44.0,0.1938,74.0,0.1411,51.0,0.1211,36.0,,,0.2152,57.0
2024-05-08,0.1565,55.0,0.1209,41.0,0.1582,57.0,,,0.1617,42.0,0.1947,75.0,0.142,53.0,0.1096,25.0,,,0.2441,74.0
2024-05-07,0.1477,51.0,0.123,43.0,0.1624,60.0,,,0.1756,53.0,0.1954,75.0,0.1421,53.0,0.1088,24.0,,,0.2322,67.0
2024-05-06,0.1477,51.0,0.1287,48.0,0.1648,62.0,,,0.2058,70.0,0.1962,76.0,0.1423,53.0,0.1198,35.0,,,0.2354,68.0
2024-05-03,0.1531,54.0,0.1285,48.0,0.1586,57.0,,,0.1836,57.0,0.1969,77.0,0.143,55.0,0.1256,40.0,,,0.2342,68.0
2024-05-02,0.154,54.0,0.1476,64.0,0.1706,65.0,,,0.1896,61.0,0.1986,77.0,0.1433,55.0,0.1284,42.0,,,0.2405,71.0
2024-05-01,0.1208,33.0,0.1355,54.0,0.2047,80.0,,,0.2031,69.0,0.2007,78.0,0.1433,55.0,0.1516,64.0,,,0.2361,69.0
2024-04-30,0.1272,38.0,0.1212,41.0,0.1934,77.0,,,0.2053,70.0,0.2007,78.0,0.1428,54.0,0.1312,45.0,,,0.2452,74.0
2024-04-29,0.0723,7.0,0.116,36.0,0.1808,70.0,,,0.1848,57.0,0.2002,78.0,0.1431,55.0,0.1229,37.0,,,0.2444,74.0
2024-04-26,0.065,5.0,0.1181,38.0,0.1574,57.0,,,0.1853,59.0,0.1998,78.0,0.1443,57.0,0.1253,40.0,,,0.2454,75.0
2024-04-25,0.0651,5.0,0.1225,43.0,0.1708,65.0,,,0.1958,65.0,0.2021,79.0,0.1459,62.0,0.1389,51.0,,,0.2483,76.0
2024-04-24,0.119,32.0,0.1263,46.0,0.1755,67.0,,,0.2032,69.0,0.202,79.0,0.1463,63.0,0.1278,41.0,,,0.2454,75.0
2024-04-23,0.1449,49.0,0.1284,48.0,0.1751,67.0,,,0.214,73.0,0.2044,79.0,0.1456,61.0,0.1369,50.0,,,0.2501,77.0
2024-04-22,0.1555,55.0,0.1329,52.0,0.1858,73.0,,,0.1978,66.0,0.2046,79.0,0.1455,61.0,0.1398,52.0,,,0.2577,80.0
2024-04-19,0.1379,45.0,0.1381,57.0,0.1976,78.0,,,0.2469,82.0,0.2052,79.0,0.1458,61.0,0.1519,64.0,,,0.2547,79.0
2024-04-18,0.2146,78.0,0.148,65.0,0.1852,73.0,,,0.2285,78.0,0.2059,80.0,0.1465,64.0,0.1515,64.0,,,0.2591,81.0
2024-04-17,0.245,86.0,0.1501,66.0,0.2261,86.0,,,0.2346,79.0,0.2081,80.0,0.1477,67.0,0.1541,66.0,,,0.2588,81.0
2024-04-16,0.3013,93.0,0.153,68.0,0.2618,92.0,,,0.2164,74.0,0.2093,80.0,0.1476,67.0,0.1673,76.0,,,0.2644,82.0
2024-04-15,0.3031,93.0,0.1553,69.0,0.2221,85.0,,,0.2384,80.0,0.2084,80.0,0.1482,68.0,0.1506,62.0,,,0.2502,77.0
2024-04-12,0.2959,93.0,0.1532,68.0,0.1821,71.0,,,0.2068,70.0,0.208,80.0,0.1475,67.0,0.1637,74.0,,,0.2534,79.0
2024-04-11,0.2838,91.0,0.1487,65.0,0.1753,67.0,,,0.1862,59.0,0.2072,80.0,0.1474,66.0,0.1347,48.0,,,0.2384,70.0
2024-04-10,0.295,92.0,0.1451,63.0,0.2064,81.0,,,0.2143,73.0,0.2081,80.0,0.1473,66.0,0.1437,56.0,,,0.2566,80.0
2024-04-09,0.2171,78.0,0.1479,64.0,0.1841,72.0,,,0.1953,65.0,0.2032,79.0,0.1469,65.0,0.1287,42.0,,,0.2462,75.0
2024-04-08,0.2088,76.0,0.1446,62.0,0.1278,35.0,,,0.1838,57.0,0.2024,79.0,0.1472,66.0,0.1275,41.0,,,0.2434,73.0
2024-04-05,0.234,83.0,0.1492,65.0,0.1587,57.0,,,0.1845,57.0,0.2007,78.0,0.1475,67.0,0.1431,55.0,,,0.2358,69.0
2024-04-04,0.2329,83.0,0.1438,61.0,0.2512,90.0,,,0.2044,69.0,0.2006,78.0,0.1486,69.0,0.1334,46.0,,,0.243,73.0
2024-04-03,0.2393,84.0,0.1286,48.0,0.1621,60.0,,,0.1771,54.0,0.2006,78.0,0.1476,67.0,0.1276,41.0,,,0.2365,69.0
2024-04-02,0.2492,86.0,0.1359,55.0,0.158,57.0,,,0.1786,55.0,0.2014,78.0,0.1482,68.0,0.129,43.0,,,0.23,66.0
2024-04-01,0.2446,85.0,0.139,57.0,0.1576,57.0,,,0.1628,43.0,0.2019,79.0,0.1486,69.0,0.1223,37.0,,,0.234,67.0
2024-03-28,0.2197,79.0,0.1323,51.0,0.1553,56.0,,,0.1536,35.0,0.2022,79.0,0.1494,70.0,0.1177,32.0,,,0.2302,66.0
2024-03-27,0.217,78.0,0.1317,51.0,0.1613,60.0,,,0.1636,43.0,0.2019,79.0,0.1502,71.0,0.1355,48.0,,,0.2434,73.0
2024-03-26,0.1277,39.0,0.1135,34.0,0.134,40.0,,,0.213,73.0,0.1981,77.0,0.1494,70.0,0.1243,39.0,,,0.2409,72.0
2024-03-25,0.1264,37.0,0.114,34.0,0.1416,46.0,,,0.176,53.0,0.1985,77.0,0.1505,71.0,0.1221,37.0,,,0.2387,70.0
2024-03-22,0.1622,57.0,0.1423,61.0,0.1432,47.0,,,0.1677,47.0,0.1991,77.0,0.1505,71.0,0.1221,37.0,,,0.2375,70.0
2024-03-21,0.1378,45.0,0.1343,53.0,0.1412,46.0,,,0.1701,49.0,0.198,77.0,0.15,71.0,0.146,57.0,,,0.2395,71.0
2024-03-20,0.1338,42.0,0.1327,52.0,0.1317,38.0,,,0.1937,64.0,0.1983,77.0,0.1501,71.0,0.1354,48.0,,,0.2474,76.0
2024-03-19,0.1159,30.0,0.1278,48.0,0.1217,30.0,,,0.1938,64.0,0.2018,79.0,0.1508,71.0,0.109,24.0,,,0.244,73.0
2024-03-18,0.1484,51.0,0.1272,47.0,0.1437,48.0,,,0.2095,72.0,0.2018,79.0,0.1508,71.0,0.1193,34.0,,,0.2543,79.0
2024-03-15,0.1546,54.0,0.1274,47.0,0.1366,42.0,,,0.2413,81.0,0.2018,79.0,0.1509,71.0,0.1253,40.0,,,0.2589,81.0
2024-03-14,0.1593,56.0,0.1282,48.0,0.1448,48.0,,,0.2172,74.0,0.2026,79.0,0.1512,72.0,0.1155,30.0,,,0.2509,77.0
2024-03-13,0.1319,41.0,0.1023,22.0,0.2042,80.0,,,0.2153,74.0,0.2007,78.0,0.1495,70.0,0.1129,28.0,,,0.2417,72.0
2024-03-12,0.1576,55.0,0.1304,50.0,0.1627,61.0,,,0.1896,61.0,0.2024,79.0,0.1498,70.0,0.1103,25.0,,,0.249,76.0
2024-03-11,0.1544,54.0,0.1434,61.0,0.2196,85.0,,,0.2471,82.0,0.2027,79.0,0.1498,70.0,0.1194,34.0,,,0.2505,77.0
2024-03-08,0.1467,50.0,0.1434,61.0,0.1535,55.0,,,0.185,59.0,0.2028,79.0,0.1498,70.0,0.1156,31.0,,,0.2512,77.0
2024-03-07,0.1411,46.0,0.1565,70.0,0.1764,68.0,,,0.2018,68.0,0.202,79.0,0.1498,70.0,0.1142,28.0,,,0.2524,78.0
2024-03-06,0.1419,47.0,0.1576,71.0,0.1841,72.0,,,0.1983,66.0,0.2021,79.0,0.1499,71.0,0.1152,30.0,,,0.25,77.0
2024-03-05,0.1861,69.0,0.1668,76.0,0.1862,73.0,,,0.1925,63.0,0.202,79.0,0.1501,71.0,0.1131,28.0,,,0.2517,78.0
2024-03-04,0.1601,57.0,0.1561,70.0,0.1876,74.0,,,0.1874,60.0,0.2011,78.0,0.1497,70.0,0.1144,30.0,,,0.247,75.0
2024-03-01,0.1451,49.0,0.1344,53.0,0.1657,63.0,,,0.1945,64.0,0.2012,78.0,0.1489,69.0,0.108,23.0,,,0.2514,78.0
2024-02-29,0.1528,53.0,0.12,40.0,0.1587,57.0,,,0.1862,59.0,0.2008,78.0,0.1482,68.0,0.1113,26.0,,,0.2457,75.0
2024-02-28,0.143,48.0,0.1194,40.0,0.1758,67.0,,,0.2018,68.0,0.2007,78.0,0.1481,68.0,0.1109,26.0,,,0.2501,77.0
2024-02-27,0.1473,50.0,0.1066,27.0,0.1668,63.0,,,0.1803,56.0,0.2009,78.0,0.1473,66.0,0.1104,26.0,,,0.2487,76.0
2024-02-26,0.1875,69.0,0.111,31.0,0.1932,77.0,,,0.186,59.0,0.2011,78.0,0.1476,67.0,0.1152,30.0,,,0.2508,77.0
2024-02-23,0.1836,68.0,0.1114,31.0,0.1597,59.0,,,0.1791,55.0,0.2,78.0,0.147,65.0,0.1132,28.0,,,0.2511,77.0
2024-02-22,0.2234,80.0,0.1181,38.0,0.1685,64.0,,,0.1986,66.0,0.2,78.0,0.1472,66.0,0.1163,31.0,,,0.2536,79.0
2024-02-21,0.2157,78.0,0.1159,36.0,0.1726,66.0,,,0.1921,63.0,0.1998,78.0,0.1477,67.0,0.1197,35.0,,,0.2544,79.0
2024-02-20,0.206,76.0,0.1114,31.0,0.1584,57.0,,,0.198,66.0,0.2003,78.0,0.1477,67.0,0.1159,31.0,,,0.2606,81.0
2024-02-16,0.2057,76.0,0.111,31.0,0.1663,63.0,,,0.1991,67.0,0.2002,78.0,0.1475,67.0,0.1195,34.0,,,0.2521,78.0
2024-02-15,0.1956,72.0,0.1126,33.0,0.1876,74.0,,,0.201,68.0,0.2002,78.0,0.1476,67.0,0.1174,32.0,,,0.2579,81.0
2024-02-14,0.1755,64.0,0.1136,34.0,0.1666,63.0,,,0.1773,54.0,0.1985,77.0,0.1474,66.0,0.1313,45.0,,,0.2382,70.0
2024-02-13,0.1989,73.0,0.1027,23.0,0.2107,82.0,,,0.2586,84.0,0.1972,77.0,0.1471,65.0,0.1382,51.0,,,0.2444,74.0
2024-02-12,0.187,69.0,0.1155,36.0,0.2182,84.0,,,0.211,72.0,0.1958,76.0,0.1469,65.0,0.1357,49.0,,,0.2391,71.0
2024-02-09,0.2153,78.0,0.143,61.0,0.1791,69.0,,,0.1733,51.0,0.1963,76.0,0.1471,65.0,0.1287,42.0,,,0.24,71.0
2024-02-08,0.2173,78.0,0.16,72.0,0.1825,72.0,,,0.1947,64.0,0.1969,77.0,0.1473,66.0,0.1305,44.0,,,0.2352,68.0
2024-02-07,0.2124,77.0,0.1604,73.0,0.1825,72.0,,,0.2077,71.0,0.1968,76.0,0.1473,66.0,0.1291,43.0,,,0.2362,69.0
2024-02-06,0.2164,78.0,0.1582,71.0,0.2231,85.0,,,0.2349,79.0,0.197,77.0,0.1475,67.0,0.1327,46.0,,,0.2353,68.0
2024-02-05,0.1953,72.0,0.1551,69.0,0.2044,80.0,,,0.2396,81.0,0.1964,76.0,0.1474,66.0,0.1408,53.0,,,0.2263,63.0
2024-02-02,0.1483,51.0,0.1581,71.0,0.1533,54.0,,,0.186,59.0,0.1943,74.0,0.1472,66.0,0.1303,44.0,,,0.2353,68.0
2024-02-01,0.1507,52.0,0.1683,76.0,0.1391,44.0,,,0.1889,61.0,0.1953,75.0,0.1469,65.0,0.1236,38.0,,,0.2371,69.0
2024-01-31,0.1054,24.0,0.1586,71.0,0.152,54.0,,,0.2036,69.0,0.1963,76.0,0.1463,63.0,0.1303,44.0,,,0.2334,67.0
2024-01-30,0.117,31.0,0.1429,61.0,0.1692,64.0,,,0.1793,55.0,0.1961,76.0,0.1459,62.0,0.1262,40.0,,,0.235,68.0
2024-01-29,0.1403,46.0,0.1521,67.0,0.1578,57.0,,,0.1928,63.0,0.1958,76.0,0.1459,62.0,0.1223,37.0,,,0.2294,65.0
2024-01-26,0.1481,51.0,0.1578,71.0,0.1653,62.0,,,0.2143,73.0,0.1957,75.0,0.1458,61.0,0.1213,36.0,,,0.2678,84.0
2024-01-25,0.1729,63.0,0.1869,84.0,0.1689,64.0,,,0.2002,67.0,0.1959,76.0,0.1461,62.0,0.1233,38.0,,,0.231,66.0
2024-01-24,0.1649,59.0,0.182,82.0,0.1694,65.0,,,0.2174,75.0,0.1959,76.0,0.1464,63.0,0.1241,39.0,,,0.2285,65.0
2024-01-23,0.1813,67.0,0.1623,73.0,0.1585,57.0,,,0.2188,75.0,0.1981,77.0,0.1468,65.0,0.1195,34.0,,,0.2274,64.0
2024-01-22,0.1797,66.0,0.151,66.0,0.1722,66.0,,,0.1879,60.0,0.1977,77.0,0.1462,63.0,0.1312,45.0,,,0.2279,65.0
2024-01-19,0.1785,65.0,0.1498,66.0,0.1726,66.0,,,0.2254,77.0,0.1983,77.0,0.1462,63.0,0.1354,48.0,,,0.2308,66.0
2024-01-18,0.1462,50.0,0.1403,57.0,0.1789,69.0,,,0.1937,64.0,0.1975,77.0,0.1456,61.0,0.1338,47.0,,,0.2349,68.0
2024-01-17,0.1707,62.0,0.1424,61.0,0.185,73.0,,,0.1977,66.0,0.1973,77.0,0.1452,60.0,0.1357,49.0,,,0.2387,70.0
2024-01-16,0.1367,44.0,0.1101,30.0,0.1762,68.0,,,0.1797,55.0,0.1961,76.0,0.1435,56.0,0.1452,57.0,,,0.2254,63.0
2024-01-12,0.1296,40.0,0.1133,34.0,0.1372,43.0,,,0.1605,41.0,0.1963,76.0,0.1437,56.0,0.129,43.0,,,0.2163,59.0
2024-01-11,0.1818,67.0,0.1256,45.0,0.1601,59.0,,,0.1734,51.0,0.1965,76.0,0.1443,57.0,0.1197,35.0,,,0.2293,65.0
2024-01-10,0.2043,75.0,0.1356,55.0,0.1284,35.0,,,0.1674,47.0,0.1964,76.0,0.1443,57.0,0.1266,41.0,,,0.2443,74.0
2024-01-09,0.2114,77.0,0.1372,56.0,0.1392,45.0,,,0.1497,32.0,0.1963,76.0,0.1443,57.0,0.1336,47.0,,,0.2182,60.0
2024-01-08,0.2243,81.0,0.137,56.0,0.1217,30.0,,,0.223,76.0,0.1966,76.0,0.1444,57.0,0.123,37.0,,,0.2351,68.0
2024-01-05,0.2126,77.0,0.1262,46.0,0.1577,57.0,,,0.1694,48.0,0.1959,76.0,0.1441,57.0,0.1265,41.0,,,0.2389,70.0
2024-01-04,0.2216,80.0,0.1213,42.0,0.1731,66.0,,,0.1967,65.0,0.1969,77.0,0.144,57.0,0.1324,46.0,,,0.2364,69.0
2024-01-03,0.2229,80.0,0.1209,41.0,0.1472,50.0,,,0.1679,47.0,0.1969,77.0,0.1441,57.0,0.1312,45.0,,,0.239,71.0
2024-01-02,0.1342,43.0,0.1108,31.0,0.1031,15.0,,,0.1958,65.0,0.1936,74.0,0.1434,55.0,0.0865,6.0,,,0.2367,69.0
2023-12-29,0.1727,63.0,0.1194,40.0,0.1518,54.0,,,0.1673,46.0,0.1929,74.0,0.1445,57.0,0.0944,11.0,,,0.2274,64.0
2023-12-28,0.1423,47.0,0.1159,36.0,0.1179,26.0,,,0.1903,62.0,0.192,72.0,0.1454,60.0,0.0859,6.0,,,0.2558,79.0
2023-12-27,0.1407,46.0,0.1123,32.0,0.1179,26.0,,,0.2002,67.0,0.1921,73.0,0.1459,62.0,0.1063,22.0,,,0.3446,98.0
2023-12-26,0.1794,66.0,0.1349,54.0,0.1395,45.0,,,0.1915,62.0,0.192,72.0,0.1469,65.0,0.0955,12.0,,,0.2492,76.0
2023-12-22,0.2616,88.0,0.1513,67.0,0.1309,37.0,,,0.188,60.0,0.192,72.0,0.1468,65.0,0.0739,2.0,,,0.2995,91.0
2023-12-21,0.3413,96.0,0.2176,91.0,0.11,20.0,,,0.1684,47.0,0.192,72.0,0.1469,65.0,0.1311,44.0,,,0.3451,98.0
2023-12-20,0.3742,97.0,0.2174,91.0,0.1506,53.0,,,0.1567,37.0,0.1944,74.0,0.147,65.0,0.1271,41.0,,,0.2591,81.0
2023-12-19,0.312,94.0,0.2066,89.0,0.0601,1.0,,,0.1972,66.0,0.1946,75.0,0.1479,68.0,0.0813,4.0,,,0.2418,72.0
2023-12-18,0.3134,94.0,0.2089,90.0,0.0656,1.0,,,0.2124,73.0,0.1961,76.0,0.1487,69.0,0.074,2.0,,,0.2507,77.0
2023-12-15,0.3083,94.0,0.2114,90.0,0.0652,1.0,,,0.2071,71.0,0.1977,77.0,0.1503,71.0,0.0618,1.0,,,0.2407,72.0
2023-12-14,0.2779,91.0,0.2014,88.0,0.0585,1.0,,,0.199,67.0,0.1962,76.0,0.1495,70.0,0.0585,1.0,,,0.199,45.0
2023-12-13,0.2477,86.0,0.1878,84.0,0.0664,1.0,,,0.1781,54.0,0.1918,72.0,0.1486,69.0,0.0938,10.0,,,0.2234,62.0
2023-12-12,0.0767,9.0,0.104,24.0,0.1044,16.0,,,0.3607,94.0,0.1835,67.0,0.1438,56.0,0.1034,19.0,,,0.2403,71.0
2023-12-11,0.1684,61.0,0.1279,48.0,0.0947,10.0,,,0.2057,70.0,0.1835,67.0,0.1437,56.0,0.1008,16.0,,,0.2562,80.0
2023-12-08,0.1693,61.0,0.1316,51.0,0.1005,14.0,,,0.1944,64.0,0.1835,67.0,0.144,57.0,0.1008,16.0,,,0.2457,75.0
2023-12-07,0.1711,62.0,0.1389,57.0,0.1132,22.0,,,0.216,74.0,0.1836,67.0,0.144,57.0,0.1016,17.0,,,0.2524,78.0
2023-12-06,0.1716,63.0,0.1431,61.0,0.164,62.0,,,0.2216,76.0,0.1835,67.0,0.1439,57.0,0.1088,24.0,,,0.2499,77.0
2023-12-05,0.1565,55.0,0.1399,57.0,0.1621,60.0,,,0.2331,79.0,0.1833,66.0,0.1435,56.0,0.1082,23.0,,,0.2484,76.0
2023-12-04,0.136,44.0,0.1413,60.0,0.1465,50.0,,,0.2306,78.0,0.1833,66.0,0.1439,57.0,0.0966,13.0,,,0.2453,75.0
2023-12-01,0.1389,45.0,0.1405,59.0,0.1207,28.0,,,0.2115,72.0,0.1858,69.0,0.1451,60.0,0.1,15.0,,,0.2462,75.0
2023-11-30,0.0698,7.0,0.1143,35.0,0.1474,51.0,,,0.213,73.0,0.1828,66.0,0.1439,57.0,0.1061,21.0,,,0.2436,73.0
2023-11-29,0.0696,6.0,0.1256,45.0,0.1504,53.0,,,0.1998,67.0,0.1826,66.0,0.1438,56.0,0.1186,33.0,,,0.2568,80.0
2023-11-28,0.0752,9.0,0.126,46.0,0.1555,56.0,,,0.1641,44.0,0.1864,70.0,0.1438,56.0,0.125,39.0,,,0.2539,79.0
2023-11-27,0.0783,10.0,0.1193,40.0,0.1461,49.0,,,0.2301,78.0,0.1865,70.0,0.1442,57.0,0.1461,57.0,,,0.3729,99.0
2023-11-24,0.0807,11.0,0.1201,40.0,0.1315,38.0,,,0.2275,77.0,0.1865,70.0,0.1443,57.0,0.0804,3.0,,,0.3111,94.0
2023-11-22,0.3127,94.0,0.1629,74.0,0.1442,48.0,,,0.201,68.0,0.1865,70.0,0.1442,57.0,0.1102,25.0,,,0.2517,78.0
2023-11-21,0.3276,95.0,0.1616,73.0,0.149,52.0,,,0.1983,66.0,0.187,70.0,0.1447,59.0,0.1057,21.0,,,0.2664,83.0
2023-11-20,0.3196,94.0,0.1657,75.0,0.159,59.0,,,0.2062,70.0,0.187,70.0,0.1451,60.0,0.1145,30.0,,,0.2548,79.0
2023-11-17,0.3519,96.0,0.1713,78.0,0.1615,60.0,,,0.2048,70.0,0.1884,71.0,0.1451,60.0,0.1239,39.0,,,0.2611,82.0
2023-11-16,0.3535,96.0,0.1643,74.0,0.1697,65.0,,,0.1928,63.0,0.1884,71.0,0.1448,59.0,0.1285,42.0,,,0.2554,79.0
2023-11-15,0.3675,97.0,0.1651,75.0,0.1809,71.0,,,0.2056,70.0,0.1884,71.0,0.145,59.0,0.1284,42.0,,,0.2461,75.0
2023-11-14,0.3811,97.0,0.1728,78.0,0.1821,71.0,,,0.2255,77.0,0.1884,71.0,0.1452,60.0,0.1244,39.0,,,0.2438,73.0
2023-11-13,0.2433,85.0,0.1388,57.0,0.2086,82.0,,,0.2332,79.0,0.1742,57.0,0.1429,55.0,0.1254,40.0,,,0.2531,78.0
2023-11-10,0.286,92.0,0.1508,66.0,0.171,65.0,,,0.207,70.0,0.1739,57.0,0.143,55.0,0.1274,41.0,,,0.2569,80.0
2023-11-09,0.2827,91.0,0.1525,67.0,0.1977,79.0,,,0.2278,77.0,0.1762,60.0,0.144,57.0,0.131,44.0,,,0.2583,81.0
2023-11-08,0.2449,86.0,0.1422,60.0,0.1907,76.0,,,0.2119,72.0,0.1746,57.0,0.1429,55.0,0.133,46.0,,,0.256,80.0
2023-11-07,0.2396,84.0,0.162,73.0,0.2097,82.0,,,0.2293,78.0,0.1733,56.0,0.1429,55.0,0.1359,49.0,,,0.2626,82.0
2023-11-06,0.2683,89.0,0.1873,84.0,0.1992,79.0,,,0.2295,78.0,0.1727,55.0,0.1429,55.0,0.1331,46.0,,,0.2672,84.0
2023-11-03,0.2414,85.0,0.1819,82.0,0.1808,70.0,,,0.2351,79.0,0.1722,54.0,0.1425,54.0,0.1364,49.0,,,0.2594,81.0
2023-11-02,0.271,90.0,0.1825,83.0,0.1779,69.0,,,0.2235,76.0,0.1697,52.0,0.1426,54.0,0.1248,39.0,,,0.2668,83.0
2023-11-01,0.2101,77.0,0.1729,78.0,0.1953,78.0,,,0.2321,78.0,0.1648,46.0,0.1419,52.0,0.1425,55.0,,,0.2792,86.0
2023-10-31,0.2173,78.0,0.1729,78.0,0.213,83.0,,,0.2401,81.0,0.1672,50.0,0.1419,52.0,0.1501,62.0,,,0.2746,85.0
2023-10-30,0.1968,72.0,0.176,80.0,0.2283,86.0,,,0.2686,86.0,0.1667,49.0,0.142,53.0,0.1521,64.0,,,0.2866,89.0
2023-10-27,0.1949,72.0,0.1778,81.0,0.2322,87.0,,,0.2785,87.0,0.1666,49.0,0.1415,52.0,0.1486,61.0,,,0.2883,89.0
2023-10-26,0.1874,69.0,0.1542,69.0,0.2245,86.0,,,0.2598,84.0,0.1657,48.0,0.1409,51.0,0.1549,67.0,,,0.2889,89.0
2023-10-25,0.1885,70.0,0.1624,73.0,0.2239,85.0,,,0.2778,87.0,0.1656,48.0,0.1407,50.0,0.1475,59.0,,,0.2887,89.0
2023-10-24,0.1984,73.0,0.162,73.0,0.1954,78.0,,,0.2535,83.0,0.1646,46.0,0.1412,51.0,0.1311,44.0,,,0.248,76.0
2023-10-23,0.1713,62.0,0.1656,75.0,0.2794,94.0,,,0.3336,92.0,0.167,49.0,0.1424,54.0,0.1624,73.0,,,0.2464,75.0
2023-10-20,0.1713,62.0,0.1648,75.0,0.2588,91.0,,,0.2035,69.0,0.1663,49.0,0.1426,54.0,0.1654,75.0,,,0.2372,69.0
2023-10-19,0.2127,77.0,0.156,70.0,0.387,99.0,,,0.2101,72.0,0.1657,48.0,0.1418,52.0,0.1778,82.0,,,0.2439,73.0
2023-10-18,0.1777,65.0,0.141,59.0,0.2771,93.0,,,0.2306,78.0,0.1632,44.0,0.1407,50.0,0.1436,56.0,,,0.2195,60.0
2023-10-17,0.1564,55.0,0.1509,66.0,0.1765,68.0,,,0.3701,95.0,0.1617,42.0,0.1407,50.0,0.1235,38.0,,,0.2346,68.0
2023-10-16,0.1564,55.0,0.161,73.0,0.189,75.0,,,0.1926,63.0,0.1619,42.0,0.1399,48.0,0.1405,53.0,,,0.246,75.0
2023-10-13,0.154,54.0,0.1555,69.0,0.1889,75.0,,,0.2088,71.0,0.1615,42.0,0.1399,48.0,0.1442,56.0,,,0.2351,68.0
2023-10-12,0.1524,53.0,0.1616,73.0,0.1719,66.0,,,0.1868,60.0,0.1615,42.0,0.1399,48.0,0.1359,49.0,,,0.237,69.0
2023-10-11,0.1676,61.0,0.1664,76.0,0.174,67.0,,,0.1862,59.0,0.1628,43.0,0.1402,49.0,0.13,44.0,,,0.2373,70.0
2023-10-10,0.1996,73.0,0.186,83.0,0.1936,77.0,,,0.2007,68.0,0.1627,43.0,0.142,53.0,0.131,44.0,,,0.2426,73.0
2023-10-09,0.2001,74.0,0.1913,85.0,0.1809,71.0,,,0.2277,77.0,0.163,43.0,0.1425,54.0,0.135,48.0,,,0.2558,79.0
2023-10-06,0.1844,68.0,0.1805,82.0,0.1871,74.0,,,0.2064,70.0,0.1619,42.0,0.142,53.0,0.1394,52.0,,,0.2448,74.0
2023-10-05,0.1902,70.0,0.1761,80.0,0.1946,77.0,,,0.2382,80.0,0.1625,43.0,0.1408,50.0,0.1358,49.0,,,0.2572,80.0
2023-10-04,0.1911,71.0,0.1781,81.0,0.2074,82.0,,,0.2358,79.0,0.1624,43.0,0.141,51.0,0.1349,48.0,,,0.2575,80.0
2023-10-03,0.1516,53.0,0.1684,77.0,0.206,81.0,,,0.2461,82.0,0.1618,42.0,0.1406,50.0,0.1428,55.0,,,0.2582,81.0
2023-10-02,0.1382,45.0,0.1651,75.0,0.2045,80.0,,,0.2224,76.0,0.1604,40.0,0.14,48.0,0.1358,49.0,,,0.2567,80.0
2023-09-29,0.1794,66.0,0.1577,71.0,0.1845,72.0,,,0.226,77.0,0.1587,38.0,0.1386,47.0,0.1342,47.0,,,0.2512,77.0
2023-09-28,0.1825,67.0,0.1444,62.0,0.1865,74.0,,,0.2288,78.0,0.1587,38.0,0.1385,46.0,0.128,42.0,,,0.2532,79.0
2023-09-27,0.1646,59.0,0.1445,62.0,0.197,78.0,,,0.2277,77.0,0.1608,41.0,0.1392,47.0,0.1367,49.0,,,0.2468,75.0
2023-09-26,0.1897,70.0,0.1291,49.0,0.1793,69.0,,,0.28,87.0,0.1642,45.0,0.138,46.0,0.1265,41.0,,,0.2421,72.0
2023-09-25,0.1674,61.0,0.1231,43.0,0.1072,18.0,,,0.2589,84.0,0.1642,45.0,0.1383,46.0,0.0956,12.0,,,0.2513,78.0
2023-09-22,0.2255,81.0,0.1304,50.0,0.1089,19.0,,,0.239,80.0,0.1643,45.0,0.1385,46.0,0.1084,23.0,,,0.2486,76.0
2023-09-21,0.2263,81.0,0.127,47.0,0.1687,64.0,,,0.196,65.0,0.1639,44.0,0.1382,46.0,0.1413,54.0,,,0.2527,78.0
2023-09-20,0.1614,57.0,0.1063,27.0,0.1145,23.0,,,0.2326,79.0,0.163,43.0,0.1391,47.0,0.1034,19.0,,,0.2451,74.0
2023-09-19,0.1599,57.0,0.1025,23.0,0.1085,18.0,,,0.2046,69.0,0.1638,44.0,0.1401,49.0,0.1027,18.0,,,0.2552,79.0
2023-09-18,0.1649,59.0,0.1039,24.0,0.1011,14.0,,,0.2593,84.0,0.1716,54.0,0.1429,55.0,0.0902,8.0,,,0.234,67.0
2023-09-15,0.1419,47.0,0.1023,22.0,0.0767,3.0,,,0.2988,90.0,0.1715,53.0,0.1442,57.0,0.0842,5.0,,,0.2552,79.0
2023-09-14,0.143,48.0,0.107,27.0,0.0702,1.0,,,0.3198,91.0,0.1721,54.0,0.1447,59.0,0.0702,1.0,,,0.2689,84.0
2023-09-13,0.1143,28.0,0.1095,28.0,0.102,14.0,,,0.2101,72.0,0.1723,54.0,0.1451,60.0,0.1046,20.0,,,0.2417,72.0
2023-09-12,0.1081,26.0,0.1096,30.0,0.0975,12.0,,,0.2122,73.0,0.1721,54.0,0.1455,61.0,0.0985,14.0,,,0.2462,75.0
2023-09-11,0.1023,22.0,0.1082,28.0,0.0958,10.0,,,0.2037,69.0,0.172,54.0,0.146,62.0,0.0951,11.0,,,0.2505,77.0
2023-09-08,0.1073,25.0,0.1075,28.0,0.1348,41.0,,,0.2046,69.0,0.1725,54.0,0.1467,64.0,0.0951,11.0,,,0.2488,76.0
2023-09-07,0.1316,41.0,0.111,31.0,0.105,16.0,,,0.2074,71.0,0.1741,57.0,0.1492,69.0,0.0992,15.0,,,0.2399,71.0
2023-09-06,0.1344,43.0,0.1076,28.0,0.1056,17.0,,,0.2141,73.0,0.1849,69.0,0.154,74.0,0.0988,14.0,,,0.2466,75.0
2023-09-05,0.1366,44.0,0.1049,25.0,0.1153,24.0,,,0.2082,71.0,0.1871,70.0,0.1551,74.0,0.0992,15.0,,,0.24,71.0
2023-09-01,0.0968,19.0,0.1088,28.0,0.0995,13.0,,,0.1532,35.0,0.1864,70.0,0.1554,74.0,0.0967,13.0,,,0.2397,71.0
2023-08-31,0.1213,34.0,0.1079,28.0,0.132,38.0,,,0.1777,54.0,0.1891,71.0,0.1565,74.0,0.0975,13.0,,,0.256,80.0
2023-08-30,0.0938,17.0,0.1047,25.0,0.1469,50.0,,,0.2906,89.0,0.1888,71.0,0.1565,74.0,0.1221,37.0,,,0.2556,79.0
2023-08-29,0.1217,34.0,0.1137,34.0,0.1054,16.0,,,0.4444,97.0,0.1903,71.0,0.1568,74.0,0.083,4.0,,,0.2799,87.0
2023-08-28,0.115,28.0,0.1073,28.0,0.1262,33.0,,,0.3818,95.0,0.1909,72.0,0.1574,75.0,0.0839,5.0,,,0.2641,82.0
2023-08-25,0.1254,36.0,0.1142,35.0,0.0709,2.0,,,0.4302,97.0,0.1926,73.0,0.1583,75.0,0.1082,23.0,,,0.2507,77.0
2023-08-24,0.127,38.0,0.1128,33.0,0.1172,26.0,,,0.2747,86.0,0.1925,73.0,0.1586,75.0,0.1098,25.0,,,0.2645,83.0
2023-08-23,0.1381,45.0,0.1011,21.0,0.068,1.0,,,0.4775,98.0,0.1926,73.0,0.1589,75.0,0.0964,12.0,,,0.2797,87.0
2023-08-22,0.0671,6.0,0.103,23.0,0.1242,32.0,,,0.2778,87.0,0.1919,72.0,0.1589,75.0,0.1157,31.0,,,0.2868,89.0
2023-08-21,0.0823,12.0,0.1063,27.0,0.0774,3.0,,,0.3092,91.0,0.1919,72.0,0.1593,75.0,0.115,30.0,,,0.2783,86.0
2023-08-18,0.0819,11.0,0.1108,31.0,0.096,11.0,,,0.2336,79.0,0.1922,73.0,0.1597,75.0,0.1111,26.0,,,0.2717,85.0
2023-08-17,0.087,14.0,0.1134,34.0,0.1283,35.0,,,0.207,70.0,0.1931,74.0,0.1599,76.0,0.1346,47.0,,,0.2521,78.0
2023-08-16,0.0968,19.0,0.1048,25.0,0.1636,61.0,,,0.1868,60.0,0.1929,74.0,0.1597,75.0,0.124,39.0,,,0.2522,78.0
2023-08-15,0.178,65.0,0.1138,34.0,0.1549,56.0,,,0.2015,68.0,0.1928,74.0,0.1607,76.0,0.1129,28.0,,,0.2512,77.0
2023-08-14,0.2044,75.0,0.1279,48.0,0.1542,55.0,,,0.194,64.0,0.1924,73.0,0.1608,76.0,0.1172,32.0,,,0.2804,87.0
2023-08-11,0.2007,74.0,0.1357,55.0,0.1314,38.0,,,0.1761,53.0,0.1919,72.0,0.161,76.0,0.119,34.0,,,0.2383,70.0
2023-08-10,0.197,72.0,0.1349,54.0,0.1517,54.0,,,0.1818,57.0,0.1922,73.0,0.1611,76.0,0.1189,34.0,,,0.2377,70.0
2023-08-09,0.1949,72.0,0.1273,47.0,0.1483,51.0,,,0.1892,61.0,0.192,72.0,0.161,76.0,0.1134,28.0,,,0.2431,73.0
2023-08-08,0.2017,74.0,0.1312,50.0,0.145,49.0,,,0.1732,51.0,0.1928,74.0,0.1619,76.0,0.1176,32.0,,,0.2337,67.0
2023-08-07,0.188,70.0,0.1431,61.0,0.139,44.0,,,0.1924,63.0,0.192,72.0,0.1619,76.0,0.1134,28.0,,,0.2445,74.0
2023-08-04,0.1833,68.0,0.1669,76.0,0.1454,49.0,,,0.1857,59.0,0.1901,71.0,0.1624,77.0,0.117,32.0,,,0.2451,74.0
2023-08-03,0.1616,57.0,0.1567,70.0,0.1437,48.0,,,0.185,59.0,0.188,70.0,0.1618,76.0,0.1152,30.0,,,0.2378,70.0
2023-08-02,0.1626,57.0,0.1482,65.0,0.1378,44.0,,,0.1755,53.0,0.1893,71.0,0.1615,76.0,0.1161,31.0,,,0.236,69.0
2023-08-01,0.1701,62.0,0.1481,65.0,0.0979,12.0,,,0.4847,98.0,0.1933,74.0,0.1631,77.0,0.1069,22.0,,,0.2855,88.0
2023-07-31,0.181,67.0,0.1464,63.0,0.0963,11.0,,,0.4845,98.0,0.1934,74.0,0.1641,77.0,0.1104,26.0,,,0.2634,82.0
2023-07-28,0.1844,68.0,0.1478,64.0,0.1401,45.0,,,0.3635,94.0,0.1965,76.0,0.1653,77.0,0.1055,21.0,,,0.2277,64.0
2023-07-27,0.1998,74.0,0.1399,57.0,0.1474,51.0,,,0.196,65.0,0.1976,77.0,0.165,77.0,0.1335,47.0,,,0.227,64.0
2023-07-26,0.1442,49.0,0.1163,37.0,0.129,36.0,,,0.1757,53.0,0.1956,75.0,0.1644,77.0,0.0695,1.0,,,0.2271,64.0
2023-07-25,0.1508,52.0,0.1134,34.0,0.1338,40.0,,,0.1696,48.0,0.1959,76.0,0.1643,77.0,0.1086,24.0,,,0.2255,63.0
2023-07-24,0.1296,40.0,0.1127,33.0,0.1282,35.0,,,0.1907,62.0,0.1953,75.0,0.1643,77.0,0.1077,22.0,,,0.2312,66.0
2023-07-21,0.1369,44.0,0.1155,36.0,0.065,1.0,,,0.2242,76.0,0.1957,75.0,0.1646,77.0,0.1011,16.0,,,0.2167,59.0
2023-07-20,0.1343,43.0,0.1213,42.0,0.0973,11.0,,,0.1942,64.0,0.1958,76.0,0.165,77.0,0.1061,21.0,,,0.2276,64.0
2023-07-19,0.1537,54.0,0.1213,42.0,0.149,52.0,,,0.1627,43.0,0.196,76.0,0.1653,77.0,0.1147,30.0,,,0.232,67.0
2023-07-18,0.1451,49.0,0.1214,42.0,0.1315,38.0,,,0.1448,28.0,0.1956,75.0,0.1653,77.0,0.1123,27.0,,,0.2495,76.0
2023-07-17,0.1209,33.0,0.1056,26.0,0.2025,80.0,,,0.3784,95.0,0.1956,75.0,0.1653,77.0,0.105,21.0,,,0.2836,88.0
2023-07-14,0.1076,25.0,0.1406,59.0,0.0799,4.0,,,0.2393,81.0,0.1957,75.0,0.1655,78.0,0.089,8.0,,,0.251,77.0
2023-07-13,0.1104,27.0,0.1555,69.0,0.0658,1.0,,,0.3872,95.0,0.1965,76.0,0.1657,78.0,0.072,1.0,,,0.2425,73.0
2023-07-12,0.1142,28.0,0.1632,74.0,0.1771,68.0,,,0.1868,60.0,0.1963,76.0,0.166,78.0,0.1115,27.0,,,0.2313,66.0
2023-07-11,0.115,28.0,0.1741,79.0,0.1135,22.0,,,0.1845,57.0,0.2042,79.0,0.168,78.0,0.1088,24.0,,,0.2439,73.0
2023-07-10,0.0926,16.0,0.1709,78.0,0.1285,35.0,,,0.1743,52.0,0.2032,79.0,0.1677,78.0,0.1134,28.0,,,0.2962,91.0
2023-07-07,0.1008,21.0,0.1709,78.0,0.1262,33.0,,,0.1786,55.0,0.2032,79.0,0.168,78.0,0.1041,20.0,,,0.2818,87.0
2023-07-06,0.1022,22.0,0.1764,80.0,0.1343,41.0,,,0.1799,56.0,0.207,80.0,0.1697,79.0,0.0688,1.0,,,0.2796,86.0
2023-07-05,0.1627,57.0,0.1783,81.0,0.1137,23.0,,,0.4493,97.0,0.2101,80.0,0.1692,78.0,0.071,1.0,,,0.2572,80.0
2023-07-03,0.219,79.0,0.1749,80.0,0.1328,39.0,,,0.3944,95.0,0.212,81.0,0.1693,78.0,0.0715,1.0,,,0.2619,82.0
2023-06-30,0.2554,87.0,0.1892,85.0,0.1034,15.0,,,0.2289,78.0,0.2116,81.0,0.1705,79.0,0.0642,1.0,,,0.208,53.0
2023-06-29,0.2562,87.0,0.1789,81.0,0.0833,5.0,,,0.4758,98.0,0.2118,81.0,0.1701,79.0,0.0574,1.0,,,0.2278,64.0
2023-06-28,0.2587,88.0,0.1797,82.0,0.1293,36.0,,,0.4427,97.0,0.2133,81.0,0.1705,79.0,0.1002,16.0,,,0.2853,88.0
2023-06-27,0.2599,88.0,0.1775,80.0,0.0879,7.0,,,0.3475,93.0,0.2145,82.0,0.1715,79.0,0.0825,4.0,,,0.2669,84.0
2023-06-26,0.2478,86.0,0.1742,79.0,0.1294,36.0,,,0.2056,70.0,0.214,82.0,0.1714,79.0,0.1184,33.0,,,0.2522,78.0
2023-06-23,0.1443,49.0,0.1493,66.0,0.1296,36.0,,,0.2071,71.0,0.2108,80.0,0.1703,79.0,0.1252,39.0,,,0.2613,82.0
2023-06-22,0.1328,42.0,0.1392,57.0,0.1279,35.0,,,0.2,67.0,0.2093,80.0,0.1704,79.0,0.1234,38.0,,,0.2595,81.0
2023-06-21,0.0882,14.0,0.1063,27.0,0.1199,28.0,,,0.1868,60.0,0.2079,80.0,0.1693,78.0,0.1196,34.0,,,0.252,78.0
2023-06-20,0.0859,13.0,0.0982,19.0,0.148,51.0,,,0.1884,61.0,0.208,80.0,0.1694,79.0,0.124,39.0,,,0.2616,82.0
2023-06-16,0.0573,3.0,0.1024,23.0,0.1484,52.0,,,0.1945,64.0,0.2086,80.0,0.1703,79.0,0.122,36.0,,,0.2578,80.0
2023-06-15,0.1386,45.0,0.1306,50.0,0.1476,51.0,,,0.2278,77.0,0.2125,81.0,0.1714,79.0,0.0998,15.0,,,0.2657,83.0
2023-06-14,0.1432,48.0,0.1319,51.0,0.1503,53.0,,,0.2178,75.0,0.2131,81.0,0.1717,79.0,0.1224,37.0,,,0.268,84.0
2023-06-13,0.1589,56.0,0.1283,48.0,0.1851,73.0,,,0.212,72.0,0.2132,81.0,0.1724,80.0,0.1263,40.0,,,0.2655,83.0
2023-06-12,0.2104,77.0,0.1358,55.0,0.174,67.0,,,0.1796,55.0,0.2131,81.0,0.1738,80.0,0.1225,37.0,,,0.2488,76.0
2023-06-09,0.2056,75.0,0.1475,64.0,0.1539,55.0,,,0.1782,54.0,0.2132,81.0,0.1743,80.0,0.1287,42.0,,,0.2506,77.0
2023-06-08,0.1916,71.0,0.1529,68.0,0.1533,54.0,,,0.1969,66.0,0.2123,81.0,0.1745,80.0,0.1237,38.0,,,0.2419,72.0
2023-06-07,0.1706,62.0,0.1479,64.0,0.1681,64.0,,,0.214,73.0,0.213,81.0,0.1751,81.0,0.1254,40.0,,,0.2606,81.0
2023-06-06,0.1608,57.0,0.1333,53.0,0.1315,38.0,,,0.2703,86.0,0.2117,81.0,0.1742,80.0,0.1212,36.0,,,0.2666,83.0
2023-06-05,0.1784,65.0,0.1379,57.0,0.1347,41.0,,,0.2349,79.0,0.212,81.0,0.1748,80.0,0.1281,42.0,,,0.284,88.0
2023-06-02,0.217,78.0,0.1497,66.0,0.121,28.0,,,0.3532,94.0,0.2131,81.0,0.1751,81.0,0.1216,36.0,,,0.2908,89.0
2023-06-01,0.1456,50.0,0.1439,62.0,0.1458,49.0,,,0.2775,87.0,0.2098,80.0,0.1752,81.0,0.1362,49.0,,,0.3127,94.0
2023-05-31,0.1446,49.0,0.1351,54.0,0.1506,53.0,,,0.3173,91.0,0.2098,80.0,0.1762,81.0,0.1375,50.0,,,0.2855,88.0
2023-05-30,0.1432,48.0,0.1389,57.0,0.1572,57.0,,,0.3608,94.0,0.2125,81.0,0.1784,81.0,0.1367,49.0,,,0.2824,87.0
2023-05-26,0.134,42.0,0.1413,60.0,0.1413,46.0,,,0.2796,87.0,0.2146,82.0,0.1793,81.0,0.1281,42.0,,,0.3415,98.0
2023-05-25,0.1197,32.0,0.1317,51.0,0.1539,55.0,,,0.4234,96.0,0.2172,82.0,0.1802,81.0,0.1579,69.0,,,0.2829,87.0
2023-05-24,0.1683,61.0,0.1479,64.0,0.169,64.0,,,0.2842,88.0,0.2171,82.0,0.1799,81.0,0.1714,79.0,,,0.2845,88.0
2023-05-23,0.1482,51.0,0.1341,53.0,0.155,56.0,,,0.2461,82.0,0.2155,82.0,0.1796,81.0,0.1275,41.0,,,0.3183,95.0
2023-05-22,0.1496,52.0,0.1321,51.0,0.1355,41.0,,,0.2745,86.0,0.2157,82.0,0.1794,81.0,0.1282,42.0,,,0.3152,94.0
2023-05-19,0.1431,48.0,0.1295,49.0,0.1463,50.0,,,0.2631,85.0,0.2158,82.0,0.1794,81.0,0.1307,44.0,,,0.2864,89.0
2023-05-18,0.161,57.0,0.1253,45.0,0.1534,55.0,,,0.2045,69.0,0.2171,82.0,0.1794,81.0,0.1654,75.0,,,0.2787,86.0
2023-05-17,0.1595,57.0,0.1329,52.0,0.1768,68.0,,,0.3674,95.0,0.2171,82.0,0.1795,81.0,0.1425,55.0,,,0.2932,90.0
2023-05-16,0.1503,52.0,0.1311,50.0,0.2575,91.0,,,0.4025,96.0,0.2174,82.0,0.1798,81.0,0.1874,86.0,,,0.3094,93.0
2023-05-15,0.1352,43.0,0.1112,31.0,0.1631,61.0,,,0.5861,100.0,0.2149,82.0,0.1794,81.0,0.1591,70.0,,,0.3299,96.0
2023-05-12,0.133,42.0,0.1255,45.0,0.1468,50.0,,,0.2247,76.0,0.2171,82.0,0.1801,81.0,0.1407,53.0,,,0.3432,98.0
2023-05-11,0.1343,43.0,0.138,57.0,0.176,68.0,,,0.2515,83.0,0.2175,82.0,0.1809,81.0,0.1412,54.0,,,0.3105,93.0
2023-05-10,0.1716,63.0,0.1578,71.0,0.1767,68.0,,,0.2423,81.0,0.2371,87.0,0.1841,81.0,0.152,64.0,,,0.2882,89.0
2023-05-09,0.1675,61.0,0.1564,70.0,0.1641,62.0,,,0.5941,100.0,0.2372,87.0,0.1844,81.0,0.1309,44.0,,,0.3175,95.0
2023-05-08,0.1892,70.0,0.1611,73.0,0.1955,78.0,,,0.4916,98.0,0.2381,87.0,0.1845,82.0,0.1368,50.0,,,0.3177,95.0
2023-05-05,0.2154,78.0,0.1804,82.0,0.1673,64.0,,,0.1961,65.0,0.2385,88.0,0.1858,82.0,0.15,62.0,,,0.2838,88.0
2023-05-04,0.2063,76.0,0.1835,83.0,0.2103,82.0,,,0.2832,88.0,0.2374,87.0,0.1873,83.0,0.1334,46.0,,,0.3323,97.0
2023-05-03,0.2081,76.0,0.1734,79.0,0.236,88.0,,,0.2183,75.0,0.2378,87.0,0.1881,83.0,0.1621,73.0,,,0.3114,94.0
2023-05-02,0.2086,76.0,0.1669,76.0,0.2126,83.0,,,0.2805,87.0,0.2442,89.0,0.1897,83.0,0.1554,67.0,,,0.3134,94.0
2023-05-01,0.1736,64.0,0.1509,66.0,0.1945,77.0,,,0.2162,74.0,0.2431,88.0,0.189,83.0,0.1525,65.0,,,0.3076,93.0
2023-04-28,0.1826,67.0,0.1497,66.0,0.1843,72.0,,,0.2194,75.0,0.2431,88.0,0.1891,83.0,0.1479,60.0,,,0.2887,89.0
2023-04-27,0.1599,57.0,0.1411,60.0,0.1782,69.0,,,0.2376,80.0,0.2447,89.0,0.1906,84.0,0.1386,51.0,,,0.3035,92.0
2023-04-26,0.0723,7.0,0.1218,42.0,0.2291,87.0,,,0.2597,84.0,0.243,88.0,0.1902,83.0,0.168,77.0,,,0.3167,95.0
2023-04-25,0.1402,46.0,0.1235,44.0,0.2266,86.0,,,0.3469,93.0,0.2431,88.0,0.1903,83.0,0.1599,71.0,,,0.334,97.0
2023-04-24,0.1675,61.0,0.1587,71.0,0.2149,84.0,,,0.3036,90.0,0.2492,90.0,0.1929,85.0,0.1503,62.0,,,0.2854,88.0
2023-04-21,0.1745,64.0,0.1691,77.0,0.2121,83.0,,,0.2885,89.0,0.2493,90.0,0.1932,85.0,0.1476,59.0,,,0.3154,94.0
2023-04-20,0.1748,64.0,0.171,78.0,0.2072,81.0,,,0.3476,93.0,0.2493,90.0,0.1937,85.0,0.1572,69.0,,,0.3237,96.0
2023-04-19,0.1857,69.0,0.1741,79.0,0.1841,72.0,,,0.4578,97.0,0.249,90.0,0.1941,85.0,0.1294,43.0,,,0.3168,95.0
2023-04-18,0.1874,69.0,0.1729,78.0,0.2162,84.0,,,0.4454,97.0,0.2514,90.0,0.1946,86.0,0.1551,67.0,,,0.3149,94.0
2023-04-17,0.1915,71.0,0.1731,79.0,0.1563,57.0,,,0.3796,95.0,0.2518,91.0,0.1954,86.0,0.1346,47.0,,,0.3363,97.0
2023-04-14,0.1526,53.0,0.1627,74.0,0.2014,80.0,,,0.1825,57.0,0.2558,91.0,0.196,86.0,0.1765,81.0,,,0.2668,83.0
2023-04-13,0.1157,30.0,0.1343,53.0,0.3713,98.0,,,0.3706,95.0,0.2578,91.0,0.1978,87.0,0.1918,87.0,,,0.3116,94.0
2023-04-12,0.1012,22.0,0.1299,49.0,0.262,92.0,,,0.3453,93.0,0.2585,91.0,0.2005,89.0,0.1729,80.0,,,0.3018,92.0
2023-04-11,0.1238,36.0,0.1364,55.0,0.1949,77.0,,,0.1933,63.0,0.2589,91.0,0.2007,89.0,0.1506,62.0,,,0.2808,87.0
2023-04-10,0.1347,43.0,0.1301,49.0,0.19,76.0,,,0.1987,67.0,0.2594,91.0,0.2016,89.0,0.1523,64.0,,,0.2858,88.0
2023-04-06,0.1698,62.0,0.1354,54.0,0.1632,61.0,,,0.4221,96.0,0.2594,91.0,0.2017,89.0,0.1446,57.0,,,0.3357,97.0
2023-04-05,0.1852,68.0,0.133,52.0,0.1944,77.0,,,0.4772,98.0,0.2625,92.0,0.2029,90.0,0.1598,71.0,,,0.3237,96.0
2023-04-04,0.1848,68.0,0.1366,56.0,0.1911,76.0,,,0.2901,89.0,0.2657,93.0,0.2047,92.0,0.1616,72.0,,,0.3162,95.0
2023-04-03,0.2024,74.0,0.1647,75.0,0.2467,90.0,,,0.2304,78.0,0.268,93.0,0.2058,92.0,0.1713,79.0,,,0.3049,93.0
2023-03-31,0.2298,82.0,0.17,77.0,0.1558,56.0,,,0.431,97.0,0.2684,93.0,0.2057,92.0,0.1367,49.0,,,0.2915,90.0
2023-03-30,0.342,96.0,0.1987,87.0,0.1838,72.0,,,0.2216,76.0,0.2676,93.0,0.2059,92.0,0.158,69.0,,,0.2738,85.0
2023-03-29,0.3362,95.0,0.2183,91.0,0.2062,81.0,,,0.2468,82.0,0.2677,93.0,0.2063,92.0,0.1534,65.0,,,0.3094,93.0
2023-03-28,0.2999,93.0,0.2174,91.0,0.2283,86.0,,,0.2615,84.0,0.2674,93.0,0.2069,92.0,0.1747,81.0,,,0.3179,95.0
2023-03-27,0.3142,94.0,0.2246,92.0,0.2631,92.0,,,0.2544,83.0,0.2693,94.0,0.2081,92.0,0.197,88.0,,,0.2771,86.0
2023-03-24,0.3108,94.0,0.2298,93.0,0.2087,82.0,,,0.2864,88.0,0.2702,94.0,0.2095,93.0,0.1486,61.0,,,0.3385,98.0
2023-03-23,0.2282,82.0,0.2151,91.0,0.2888,94.0,,,0.2726,86.0,0.273,94.0,0.2101,93.0,0.2161,92.0,,,0.3046,92.0
2023-03-22,0.2597,88.0,0.2095,90.0,0.2457,89.0,,,0.2794,87.0,0.2727,94.0,0.2103,93.0,0.1989,89.0,,,0.3004,92.0
2023-03-21,0.2121,77.0,0.2081,89.0,0.1913,76.0,,,0.3342,92.0,0.2684,93.0,0.2087,92.0,0.181,84.0,,,0.3286,96.0
2023-03-20,0.3357,95.0,0.2497,96.0,0.1974,78.0,,,0.297,90.0,0.2684,93.0,0.2087,92.0,0.1513,63.0,,,0.3448,98.0
2023-03-17,0.3306,95.0,0.2577,96.0,0.2172,84.0,,,0.3668,94.0,0.2702,94.0,0.2091,93.0,0.1943,88.0,,,0.3205,95.0
2023-03-16,0.3357,95.0,0.2587,96.0,0.2821,94.0,,,0.8985,100.0,0.269,93.0,0.2088,92.0,0.1576,69.0,,,0.3691,99.0
2023-03-15,0.3526,96.0,0.2662,97.0,0.1651,62.0,,,0.9029,100.0,0.269,93.0,0.2088,92.0,0.1492,61.0,,,0.3421,98.0
2023-03-14,0.3537,96.0,0.2605,96.0,0.3035,96.0,,,0.7181,100.0,0.2703,94.0,0.2091,93.0,0.1786,82.0,,,0.2772,86.0
2023-03-13,0.3706,97.0,0.257,96.0,0.286,94.0,,,0.7632,100.0,0.2704,94.0,0.2092,93.0,0.1608,72.0,,,0.3268,96.0
2023-03-10,0.3622,97.0,0.2387,95.0,0.3789,99.0,,,0.6536,100.0,0.2722,94.0,0.208,92.0,0.2002,89.0,,,0.3103,93.0
2023-03-09,0.2753,90.0,0.1886,84.0,0.3235,97.0,,,0.2614,84.0,0.2657,93.0,0.2043,91.0,0.1786,82.0,,,0.3098,93.0
2023-03-08,0.2462,86.0,0.1749,80.0,0.2443,89.0,,,0.5133,99.0,0.2646,92.0,0.2037,91.0,0.1383,51.0,,,0.3203,95.0
2023-03-07,0.2384,84.0,0.1767,80.0,0.2626,92.0,,,0.4459,97.0,0.2642,92.0,0.2033,90.0,0.1729,80.0,,,0.2528,78.0
2023-03-06,0.2046,75.0,0.158,71.0,0.2617,92.0,,,0.413,96.0,0.2635,92.0,0.2028,90.0,0.1535,65.0,,,0.3228,96.0
2023-03-03,0.2051,75.0,0.1631,74.0,0.2104,82.0,,,0.5577,99.0,0.2644,92.0,0.2031,90.0,0.1324,46.0,,,0.2829,87.0
2023-03-02,0.1697,62.0,0.1702,77.0,0.1543,55.0,,,0.5753,99.0,0.2634,92.0,0.2037,91.0,0.1211,36.0,,,0.2933,90.0
2023-03-01,0.1124,28.0,0.1589,72.0,0.2508,90.0,,,0.2936,89.0,0.2627,92.0,0.2037,91.0,0.1663,76.0,,,0.2651,83.0
2023-02-28,0.0965,19.0,0.1448,62.0,0.2145,84.0,,,0.4611,98.0,0.2616,91.0,0.2032,90.0,0.1588,70.0,,,0.2727,85.0
2023-02-27,0.0937,17.0,0.1561,70.0,0.2723,93.0,,,0.4179,96.0,0.2627,92.0,0.2037,91.0,0.165,75.0,,,0.3088,93.0
2023-02-24,0.1091,26.0,0.144,62.0,0.2246,86.0,,,0.4953,98.0,0.2631,92.0,0.2031,90.0,0.1529,65.0,,,0.3046,92.0
2023-02-23,0.1003,21.0,0.1489,65.0,0.2138,83.0,,,0.4649,98.0,0.2641,92.0,0.2039,91.0,0.1492,61.0,,,0.2667,83.0
2023-02-22,0.1204,33.0,0.1465,63.0,0.2573,91.0,,,0.4164,96.0,0.2648,93.0,0.2038,91.0,0.168,77.0,,,0.3055,93.0
2023-02-21,0.112,28.0,0.1395,57.0,0.227,86.0,,,0.2582,84.0,0.2647,92.0,0.2035,91.0,0.1589,70.0,,,0.2472,75.0
2023-02-17,0.109,26.0,0.1564,70.0,0.1337,40.0,,,0.2367,80.0,0.2654,93.0,0.2041,91.0,0.1662,76.0,,,0.2992,91.0
2023-02-16,0.1099,26.0,0.153,68.0,0.2602,91.0,,,0.4303,97.0,0.2663,93.0,0.2041,91.0,0.1563,68.0,,,0.2644,82.0
2023-02-15,0.1076,25.0,0.151,66.0,0.1996,79.0,,,0.6932,100.0,0.2663,93.0,0.2033,90.0,0.1266,41.0,,,0.3182,95.0
2023-02-14,0.1053,24.0,0.1494,66.0,0.2252,86.0,,,0.6486,100.0,0.2669,93.0,0.2036,91.0,0.1453,57.0,,,0.2607,82.0
2023-02-13,0.1416,47.0,0.1472,64.0,0.251,90.0,,,0.6912,100.0,0.2669,93.0,0.2035,91.0,0.0939,11.0,,,0.2718,85.0
2023-02-10,0.2254,81.0,0.1722,78.0,0.2137,83.0,,,0.6614,100.0,0.2665,93.0,0.2033,90.0,0.1384,51.0,,,0.3307,97.0
2023-02-09,0.2252,81.0,0.1853,83.0,0.2166,84.0,,,0.5327,99.0,0.2665,93.0,0.2031,90.0,0.1788,83.0,,,0.2838,88.0
2023-02-08,0.2476,86.0,0.1921,86.0,0.2473,90.0,,,0.5249,99.0,0.2672,93.0,0.2025,90.0,0.139,51.0,,,0.316,95.0
2023-02-07,0.2764,90.0,0.1962,87.0,0.224,85.0,,,0.409,96.0,0.2671,93.0,0.2026,90.0,0.1444,56.0,,,0.3237,96.0
2023-02-06,0.2843,91.0,0.1994,88.0,0.2072,81.0,,,0.4047,96.0,0.268,93.0,0.2023,90.0,0.1339,47.0,,,0.3256,96.0
2023-02-03,0.2805,91.0,0.1978,87.0,0.1798,70.0,,,0.4831,98.0,0.2688,93.0,0.2023,90.0,0.1379,51.0,,,0.2824,87.0
2023-02-02,0.2476,86.0,0.1944,86.0,0.1431,47.0,,,0.449,97.0,0.2685,93.0,0.2023,90.0,0.1014,16.0,,,0.2606,81.0
2023-02-01,0.2104,77.0,0.1751,80.0,0.1589,59.0,,,0.3901,95.0,0.2654,93.0,0.2013,89.0,0.1252,39.0,,,0.3056,93.0
2023-01-31,0.2093,77.0,0.1638,74.0,0.1224,30.0,,,0.5235,99.0,0.2654,93.0,0.2005,89.0,0.1003,16.0,,,0.2836,88.0
2023-01-30,0.167,60.0,0.1475,64.0,0.2742,93.0,,,0.4306,97.0,0.2627,92.0,0.1998,88.0,0.1696,78.0,,,0.2707,84.0
2023-01-27,0.1174,31.0,0.1462,63.0,0.1545,55.0,,,0.4466,97.0,0.2626,92.0,0.2,88.0,0.1204,35.0,,,0.2769,86.0
2023-01-26,0.1425,48.0,0.1362,55.0,0.203,80.0,,,0.4089,96.0,0.2618,91.0,0.1992,88.0,0.1358,49.0,,,0.3149,94.0
2023-01-25,0.144,49.0,0.1411,60.0,0.2167,84.0,,,0.4439,97.0,0.2618,91.0,0.1994,88.0,0.148,60.0,,,0.2638,82.0
2023-01-24,0.1609,57.0,0.1447,62.0,0.1638,62.0,,,0.4511,97.0,0.2652,93.0,0.2005,89.0,0.1237,38.0,,,0.2944,90.0
2023-01-23,0.155,55.0,0.1462,63.0,0.1947,77.0,,,0.4611,98.0,0.2649,93.0,0.2003,89.0,0.1509,63.0,,,0.2632,82.0
2023-01-20,0.2823,91.0,0.1788,81.0,0.1102,20.0,,,0.4601,98.0,0.2647,92.0,0.1999,88.0,0.1527,65.0,,,0.2912,90.0
2023-01-19,0.2838,91.0,0.1709,78.0,0.195,78.0,,,0.3324,92.0,0.2644,92.0,0.1995,88.0,0.1822,84.0,,,0.2595,81.0
2023-01-18,0.2829,91.0,0.1741,79.0,0.2258,86.0,,,0.412,96.0,0.2647,92.0,0.1996,88.0,0.1888,86.0,,,0.2995,91.0
2023-01-17,0.2909,92.0,0.1924,86.0,0.2276,86.0,,,0.4418,97.0,0.2643,92.0,0.1995,88.0,0.1636,74.0,,,0.3019,92.0
2023-01-13,0.3565,96.0,0.2029,88.0,0.1867,74.0,,,0.5263,99.0,0.264,92.0,0.1996,88.0,0.17,78.0,,,0.3125,94.0
2023-01-12,0.3459,96.0,0.2137,90.0,0.2288,87.0,,,0.546,99.0,0.2645,92.0,0.1999,88.0,0.159,70.0,,,0.3172,95.0
2023-01-11,0.3556,96.0,0.2316,93.0,0.2107,82.0,,,0.2556,83.0,0.2644,92.0,0.1999,88.0,0.1671,76.0,,,0.2785,86.0
2023-01-10,0.2836,91.0,0.2069,89.0,0.2144,84.0,,,0.2363,80.0,0.2589,91.0,0.1984,87.0,0.1741,80.0,,,0.2716,85.0
2023-01-09,0.302,93.0,0.2134,90.0,0.2178,84.0,,,0.2385,80.0,0.259,91.0,0.1985,87.0,0.1797,83.0,,,0.2737,85.0
2023-01-06,0.3264,95.0,0.2241,92.0,0.1986,79.0,,,0.2437,81.0,0.259,91.0,0.1987,88.0,0.1686,78.0,,,0.2677,84.0
2023-01-05,0.2698,90.0,0.2045,89.0,0.2192,84.0,,,0.251,82.0,0.2554,91.0,0.1977,87.0,0.1738,80.0,,,0.2914,90.0
2023-01-04,0.2179,79.0,0.1967,87.0,0.2098,82.0,,,0.2535,83.0,0.2533,91.0,0.1969,87.0,0.1791,83.0,,,0.2798,87.0
2023-01-03,0.182,67.0,0.1923,86.0,0.2424,89.0,,,0.2398,81.0,0.2514,90.0,0.1962,86.0,0.1828,84.0,,,0.2856,88.0
2022-12-30,0.1832,67.0,0.1689,77.0,0.2219,85.0,,,0.3095,91.0,0.2514,90.0,0.1949,86.0,0.1926,87.0,,,0.2941,90.0
2022-12-29,0.1796,66.0,0.1679,76.0,0.2114,83.0,,,0.3129,91.0,0.2513,90.0,0.1949,86.0,0.1725,80.0,,,0.2856,88.0
2022-12-28,0.1567,55.0,0.1778,81.0,0.2072,81.0,,,0.2846,88.0,0.2497,90.0,0.1956,86.0,0.2215,93.0,,,0.3089,93.0
2022-12-27,0.2068,76.0,0.1758,80.0,0.254,91.0,,,0.3826,95.0,0.2498,90.0,0.1952,86.0,0.1853,85.0,,,0.3256,96.0
2022-12-23,0.2027,74.0,0.1785,81.0,0.216,84.0,,,0.2574,84.0,0.2498,90.0,0.1959,86.0,0.1684,77.0,,,0.3447,98.0
2022-12-22,0.1785,65.0,0.1868,84.0,0.1471,50.0,,,0.2464,82.0,0.2495,90.0,0.1955,86.0,0.1451,57.0,,,0.3373,97.0
2022-12-21,0.1825,67.0,0.2006,88.0,0.1775,68.0,,,0.2204,75.0,0.2496,90.0,0.1956,86.0,0.1865,85.0,,,0.3326,97.0
2022-12-20,0.1726,63.0,0.204,89.0,0.1845,72.0,,,0.3145,91.0,0.2494,90.0,0.1962,86.0,0.199,89.0,,,0.3345,97.0
2022-12-19,0.1736,64.0,0.201,88.0,0.1779,69.0,,,0.2312,78.0,0.2504,90.0,0.1962,86.0,0.1922,87.0,,,0.3274,96.0
2022-12-16,0.2079,76.0,0.1987,87.0,0.2312,87.0,,,0.2548,83.0,0.251,90.0,0.1957,86.0,0.2205,93.0,,,0.2875,89.0
2022-12-15,0.1231,35.0,0.1863,84.0,0.2149,84.0,,,0.374,95.0,0.2484,90.0,0.1963,86.0,0.2004,89.0,,,0.2687,84.0
2022-12-14,0.1274,38.0,0.1917,86.0,0.3436,98.0,,,0.285,88.0,0.2482,89.0,0.1965,86.0,0.195,88.0,,,0.3124,94.0
2022-12-13,0.1616,57.0,0.1825,83.0,0.3006,95.0,,,0.7049,100.0,0.2482,89.0,0.1965,86.0,0.1944,88.0,,,0.2901,89.0
2022-12-12,0.1605,57.0,0.1649,75.0,0.2514,90.0,,,0.7431,100.0,0.2487,90.0,0.1956,86.0,0.176,81.0,,,0.3355,97.0
2022-12-09,0.1543,54.0,0.1834,83.0,0.2752,93.0,,,0.5722,99.0,0.2504,90.0,0.1963,86.0,0.1827,84.0,,,0.3061,93.0
2022-12-08,0.2233,80.0,0.2189,92.0,0.2117,83.0,,,0.5742,99.0,0.2505,90.0,0.1967,87.0,0.1604,71.0,,,0.3417,98.0
2022-12-07,0.2477,86.0,0.2203,92.0,0.2242,86.0,,,0.5616,99.0,0.2588,91.0,0.198,87.0,0.1619,72.0,,,0.345,98.0
2022-12-06,0.2951,93.0,0.2351,94.0,0.2412,89.0,,,0.6194,100.0,0.259,91.0,0.1982,87.0,0.1933,88.0,,,0.3183,95.0
2022-12-05,0.2881,92.0,0.2255,93.0,0.238,88.0,,,0.6215,100.0,0.2604,91.0,0.1987,88.0,0.1961,88.0,,,0.2865,89.0
2022-12-02,0.2629,89.0,0.2247,93.0,0.224,85.0,,,0.4997,98.0,0.2624,92.0,0.1996,88.0,0.1584,70.0,,,0.2914,90.0
2022-12-01,0.2622,88.0,0.217,91.0,0.1833,72.0,,,0.4639,98.0,0.2645,92.0,0.2005,89.0,0.1833,84.0,,,0.2801,87.0
2022-11-30,0.2567,88.0,0.196,86.0,0.1797,70.0,,,0.4902,98.0,0.2657,93.0,0.2003,89.0,0.1228,37.0,,,0.3359,97.0
2022-11-29,0.2394,84.0,0.1596,72.0,0.1738,67.0,,,0.4898,98.0,0.2639,92.0,0.1985,87.0,0.1388,51.0,,,0.3178,95.0
2022-11-28,0.2084,76.0,0.145,63.0,0.2346,88.0,,,0.331,92.0,0.262,92.0,0.1986,87.0,0.1697,78.0,,,0.3107,94.0
2022-11-25,0.1403,46.0,0.1212,41.0,0.2105,82.0,,,0.3586,94.0,0.2598,91.0,0.1981,87.0,0.1696,78.0,,,0.2809,87.0
2022-11-23,0.1421,47.0,0.1356,55.0,0.2142,84.0,,,0.3013,90.0,0.2601,91.0,0.1982,87.0,0.164,74.0,,,0.3042,92.0
2022-11-22,0.2034,75.0,0.1467,64.0,0.1952,78.0,,,0.2518,83.0,0.2622,92.0,0.1985,87.0,0.1849,85.0,,,0.2794,86.0
2022-11-21,0.2031,74.0,0.1634,74.0,0.1813,71.0,,,0.4275,96.0,0.262,92.0,0.1987,88.0,0.1805,83.0,,,0.3079,93.0
2022-11-18,0.4663,99.0,0.2164,91.0,0.1922,76.0,,,0.4116,96.0,0.2621,92.0,0.1987,88.0,0.1908,87.0,,,0.3112,94.0
2022-11-17,0.4657,98.0,0.2189,92.0,0.1894,75.0,,,0.4487,97.0,0.2611,91.0,0.1996,88.0,0.1931,87.0,,,0.3218,96.0
2022-11-16,0.4659,98.0,0.2234,92.0,0.3508,98.0,,,0.696,100.0,0.2618,91.0,0.1999,88.0,0.2115,91.0,,,0.3028,92.0
2022-11-15,0.4662,99.0,0.2369,94.0,0.3274,97.0,,,0.2987,90.0,0.2619,92.0,0.2,88.0,0.2183,93.0,,,0.2933,90.0
2022-11-14,0.4667,99.0,0.2532,96.0,0.3948,99.0,,,0.2162,74.0,0.2618,91.0,0.1997,88.0,0.2356,95.0,,,0.2692,84.0
2022-11-11,0.4428,98.0,0.2596,96.0,0.2672,92.0,,,0.4936,98.0,0.2625,92.0,0.2005,89.0,0.2058,90.0,,,0.3057,93.0
2022-11-10,0.519,99.0,0.2772,97.0,0.1331,39.0,,,0.6386,100.0,0.2626,92.0,0.2001,89.0,0.1321,46.0,,,0.3652,99.0
2022-11-09,0.2742,90.0,0.2394,95.0,0.3056,96.0,,,0.5443,99.0,0.244,89.0,0.1971,87.0,0.2172,92.0,,,0.3222,96.0
2022-11-08,0.2752,90.0,0.236,94.0,0.2677,92.0,,,0.4944,98.0,0.2456,89.0,0.1974,87.0,0.199,89.0,,,0.3252,96.0
2022-11-07,0.3094,94.0,0.2578,96.0,0.2895,95.0,,,0.31,91.0,0.2446,89.0,0.1971,87.0,0.2365,95.0,,,0.2945,90.0
2022-11-04,0.3077,94.0,0.2488,95.0,0.2784,93.0,,,0.3381,92.0,0.2445,89.0,0.1967,87.0,0.1974,89.0,,,0.3275,96.0
2022-11-03,0.2945,92.0,0.232,93.0,0.3636,98.0,,,0.3555,94.0,0.2444,89.0,0.1966,86.0,0.2065,91.0,,,0.349,98.0
2022-11-02,0.3972,98.0,0.2504,96.0,0.3787,98.0,,,0.2885,89.0,0.251,90.0,0.1977,87.0,0.2553,97.0,,,0.31,93.0
2022-11-01,0.294,92.0,0.2285,93.0,0.2617,92.0,,,0.3474,93.0,0.2462,89.0,0.1962,86.0,0.2471,97.0,,,0.2927,90.0
2022-10-31,0.289,92.0,0.2337,94.0,0.2828,94.0,,,0.2984,90.0,0.2475,89.0,0.1972,87.0,0.2254,94.0,,,0.3016,92.0
2022-10-28,0.2879,92.0,0.2377,94.0,0.2349,88.0,,,0.4164,96.0,0.2477,89.0,0.1983,87.0,0.1519,64.0,,,0.3676,99.0
2022-10-27,0.3072,93.0,0.2179,91.0,0.2723,93.0,,,0.3008,90.0,0.2452,89.0,0.1968,87.0,0.2232,94.0,,,0.3046,92.0
2022-10-26,0.3112,94.0,0.2234,92.0,0.2892,95.0,,,0.3074,90.0,0.2473,89.0,0.2016,89.0,0.2237,94.0,,,0.3176,95.0
2022-10-25,0.3597,97.0,0.2322,94.0,0.2891,94.0,,,0.3082,91.0,0.2556,91.0,0.2049,92.0,0.2382,96.0,,,0.3044,92.0
2022-10-24,0.3417,96.0,0.2431,95.0,0.3177,96.0,,,0.429,97.0,0.2495,90.0,0.2033,90.0,0.2401,96.0,,,0.3178,95.0
2022-10-21,0.3557,96.0,0.281,97.0,0.2907,95.0,,,0.3407,93.0,0.25,90.0,0.2034,91.0,0.2303,95.0,,,0.3392,98.0
2022-10-20,0.3657,97.0,0.2795,97.0,0.3002,95.0,,,0.3413,93.0,0.2505,90.0,0.2033,90.0,0.2268,94.0,,,0.3336,97.0
2022-10-19,0.3765,97.0,0.2876,98.0,0.3101,96.0,,,0.3338,92.0,0.2505,90.0,0.2035,91.0,0.2463,97.0,,,0.3262,96.0
2022-10-18,0.3335,95.0,0.2816,98.0,0.3293,97.0,,,0.7034,100.0,0.2502,90.0,0.2033,90.0,0.243,96.0,,,0.3163,95.0
2022-10-17,0.3877,98.0,0.2884,98.0,0.2412,89.0,,,0.5182,99.0,0.2494,90.0,0.2025,90.0,0.1978,89.0,,,0.3556,99.0
2022-10-14,0.3155,94.0,0.2974,98.0,0.3482,98.0,,,0.3832,95.0,0.2444,89.0,0.2018,89.0,0.2632,98.0,,,0.3129,94.0
2022-10-13,0.3111,94.0,0.2738,97.0,0.3024,95.0,,,0.3454,93.0,0.2437,89.0,0.1989,88.0,0.241,96.0,,,0.34,98.0
2022-10-12,0.291,92.0,0.2339,94.0,0.3667,98.0,,,0.4101,96.0,0.2422,88.0,0.1958,86.0,0.2467,97.0,,,0.3373,97.0
2022-10-11,0.322,95.0,0.2375,94.0,0.3081,96.0,,,0.4389,97.0,0.2418,88.0,0.1954,86.0,0.2282,94.0,,,0.3638,99.0
2022-10-10,0.3252,95.0,0.2262,93.0,0.3685,98.0,,,0.3598,94.0,0.2406,88.0,0.1943,85.0,0.2483,97.0,,,0.2988,91.0
2022-10-07,0.3379,95.0,0.2369,94.0,0.3366,97.0,,,0.3549,94.0,0.2408,88.0,0.1943,85.0,0.2497,97.0,,,0.3208,96.0
2022-10-06,0.3505,96.0,0.2358,94.0,0.3006,95.0,,,0.3861,95.0,0.2382,88.0,0.1932,85.0,0.2416,96.0,,,0.3376,97.0
2022-10-05,0.3178,94.0,0.2321,93.0,0.2726,93.0,,,0.3501,93.0,0.2353,87.0,0.1914,84.0,0.238,96.0,,,0.3072,93.0
2022-10-04,0.3662,97.0,0.2424,95.0,0.2788,93.0,,,0.3303,92.0,0.2331,86.0,0.1903,83.0,0.2342,95.0,,,0.3129,94.0
2022-10-03,0.3565,96.0,0.2502,96.0,0.2918,95.0,,,0.3437,93.0,0.2349,87.0,0.1912,84.0,0.2509,97.0,,,0.3137,94.0
2022-09-30,0.3342,95.0,0.2446,95.0,0.288,94.0,,,0.3502,93.0,0.2341,87.0,0.1912,84.0,0.2231,94.0,,,0.3375,97.0
2022-09-29,0.2891,92.0,0.255,96.0,0.3121,96.0,,,0.36,94.0,0.2329,86.0,0.1918,84.0,0.2292,95.0,,,0.3307,97.0
2022-09-28,0.2925,92.0,0.2517,96.0,0.2786,93.0,,,0.3149,91.0,0.2334,86.0,0.1913,84.0,0.2188,93.0,,,0.3356,97.0
2022-09-27,0.1797,66.0,0.2363,94.0,0.3409,97.0,,,0.3952,95.0,0.2313,86.0,0.1906,84.0,0.2129,92.0,,,0.2892,89.0
2022-09-26,0.2034,75.0,0.2177,91.0,0.3039,96.0,,,0.3694,95.0,0.2308,86.0,0.1891,83.0,0.2319,95.0,,,0.3392,98.0
2022-09-23,0.1297,40.0,0.1984,87.0,0.2158,84.0,,,0.397,96.0,0.2294,85.0,0.1881,83.0,0.1797,83.0,,,0.3133,94.0
2022-09-22,0.1286,39.0,0.1896,85.0,0.1693,65.0,,,0.3468,93.0,0.2299,85.0,0.1871,82.0,0.1692,78.0,,,0.3167,95.0
2022-09-21,0.163,57.0,0.1965,87.0,0.17,65.0,,,0.3408,93.0,0.2306,86.0,0.1869,82.0,0.2047,90.0,,,0.2899,89.0
2022-09-20,0.2063,76.0,0.1737,79.0,0.1885,75.0,,,0.34,93.0,0.2308,86.0,0.1858,82.0,0.171,79.0,,,0.3031,92.0
2022-09-19,0.222,80.0,0.1639,74.0,0.1742,67.0,,,0.3276,92.0,0.2285,85.0,0.1851,82.0,0.1648,75.0,,,0.3448,98.0
2022-09-16,0.2272,81.0,0.1624,73.0,0.1728,66.0,,,0.4181,96.0,0.2283,84.0,0.1849,82.0,0.1548,67.0,,,0.3534,98.0
2022-09-15,0.2668,89.0,0.1643,74.0,0.3298,97.0,,,0.3801,95.0,0.2283,84.0,0.1846,82.0,0.193,87.0,,,0.2961,91.0
2022-09-14,0.2688,89.0,0.1537,68.0,0.253,91.0,,,0.3808,95.0,0.2268,84.0,0.1839,81.0,0.1809,83.0,,,0.2795,86.0
2022-09-13,0.2602,88.0,0.1598,72.0,0.3257,97.0,,,0.269,86.0,0.2269,84.0,0.184,81.0,0.1919,87.0,,,0.2588,81.0
2022-09-12,0.1388,45.0,0.1584,71.0,0.1946,77.0,,,0.2492,82.0,0.2233,84.0,0.1846,82.0,0.1262,40.0,,,0.2873,89.0
2022-09-09,0.1507,52.0,0.167,76.0,0.2065,81.0,,,0.5223,99.0,0.2232,83.0,0.1851,82.0,0.1269,41.0,,,0.2989,91.0
2022-09-08,0.1987,73.0,0.1763,80.0,0.2028,80.0,,,0.2388,80.0,0.2233,84.0,0.1854,82.0,0.164,74.0,,,0.2664,83.0
2022-09-07,0.212,77.0,0.1734,79.0,0.1571,57.0,,,0.43,97.0,0.2236,84.0,0.1858,82.0,0.1346,47.0,,,0.3831,99.0
2022-09-06,0.2023,74.0,0.1817,82.0,0.1925,77.0,,,0.5671,99.0,0.2224,83.0,0.1856,82.0,0.1278,41.0,,,0.3389,98.0
2022-09-02,0.1952,72.0,0.1779,81.0,0.2035,80.0,,,0.3817,95.0,0.2217,83.0,0.1853,82.0,0.1885,86.0,,,0.2776,86.0
2022-09-01,0.2102,77.0,0.1652,75.0,0.1743,67.0,,,0.3078,91.0,0.2215,83.0,0.1849,82.0,0.1695,78.0,,,0.2876,89.0
2022-08-31,0.2152,78.0,0.1694,77.0,0.2122,83.0,,,0.2193,75.0,0.2216,83.0,0.1847,82.0,0.1947,88.0,,,0.2729,85.0
2022-08-30,0.2189,79.0,0.1646,75.0,0.2693,92.0,,,0.1992,67.0,0.2228,83.0,0.1854,82.0,0.2188,93.0,,,0.265,83.0
2022-08-29,0.2104,77.0,0.1463,63.0,0.212,83.0,,,0.2095,72.0,0.222,83.0,0.185,82.0,0.1659,75.0,,,0.2926,90.0
2022-08-26,0.2123,77.0,0.1549,69.0,0.1891,75.0,,,0.243,81.0,0.224,84.0,0.186,82.0,0.1745,81.0,,,0.2958,91.0
2022-08-25,0.1992,73.0,0.1391,57.0,0.1726,66.0,,,0.2078,71.0,0.2223,83.0,0.1855,82.0,0.1787,82.0,,,0.2609,82.0
2022-08-24,0.1598,57.0,0.1356,55.0,0.1776,69.0,,,0.2033,69.0,0.2232,83.0,0.186,82.0,0.1775,82.0,,,0.296,91.0
2022-08-23,0.1374,44.0,0.1289,49.0,0.189,75.0,,,0.2153,74.0,0.2266,84.0,0.1872,82.0,0.1763,81.0,,,0.2919,90.0
2022-08-22,0.1731,63.0,0.1109,31.0,0.1736,66.0,,,0.199,67.0,0.2252,84.0,0.1882,83.0,0.1693,78.0,,,0.2674,84.0
2022-08-19,0.1454,49.0,0.1129,33.0,0.1567,57.0,,,0.206,70.0,0.2245,84.0,0.1893,83.0,0.1507,63.0,,,0.2521,78.0
2022-08-18,0.1639,59.0,0.1233,43.0,0.1476,51.0,,,0.1709,49.0,0.2243,84.0,0.1895,83.0,0.1681,77.0,,,0.2408,72.0
2022-08-17,0.1307,40.0,0.1157,36.0,0.1602,59.0,,,0.303,90.0,0.2236,84.0,0.1893,83.0,0.1413,54.0,,,0.2918,90.0
2022-08-16,0.1301,40.0,0.1132,33.0,0.166,63.0,,,0.2325,79.0,0.2245,84.0,0.1893,83.0,0.1043,20.0,,,0.2795,86.0
2022-08-15,0.1218,34.0,0.1212,41.0,0.1592,59.0,,,0.2726,86.0,0.2247,84.0,0.1895,83.0,0.1477,59.0,,,0.2357,69.0
2022-08-12,0.1223,35.0,0.1267,47.0,0.156,56.0,,,0.287,88.0,0.2247,84.0,0.1897,83.0,0.1334,46.0,,,0.2298,66.0
2022-08-11,0.1167,31.0,0.1337,53.0,0.1466,50.0,,,0.2457,82.0,0.2239,84.0,0.1905,84.0,0.1506,62.0,,,0.2823,87.0
2022-08-10,0.1593,56.0,0.1407,59.0,0.1631,61.0,,,0.4024,96.0,0.2239,84.0,0.1909,84.0,0.0898,8.0,,,0.2752,85.0
2022-08-09,0.1587,56.0,0.1355,54.0,0.1644,62.0,,,0.4165,96.0,0.2251,84.0,0.192,84.0,0.1462,57.0,,,0.3006,92.0
2022-08-08,0.1415,47.0,0.1349,54.0,0.1657,63.0,,,0.1799,56.0,0.2274,84.0,0.1921,84.0,0.1526,65.0,,,0.2973,91.0
2022-08-05,0.2185,79.0,0.1577,71.0,0.1545,55.0,,,0.2802,87.0,0.2269,84.0,0.1921,84.0,0.1295,43.0,,,0.3196,95.0
2022-08-04,0.22,79.0,0.1538,68.0,0.2222,85.0,,,0.4506,97.0,0.2272,84.0,0.192,84.0,0.1575,69.0,,,0.2736,85.0
2022-08-03,0.2197,79.0,0.1491,65.0,0.1641,62.0,,,0.196,65.0,0.2277,84.0,0.1925,85.0,0.1668,76.0,,,0.2564,80.0
2022-08-02,0.2173,78.0,0.1409,59.0,0.2572,91.0,,,0.1436,28.0,0.2282,84.0,0.1921,84.0,0.1791,83.0,,,0.2654,83.0
2022-08-01,0.1818,67.0,0.1356,55.0,0.191,76.0,,,0.1942,64.0,0.2295,85.0,0.1922,84.0,0.1577,69.0,,,0.2386,70.0
2022-07-29,0.138,45.0,0.1434,61.0,0.1565,57.0,,,0.1604,41.0,0.2292,85.0,0.1925,85.0,0.1727,80.0,,,0.2632,82.0
2022-07-28,0.1493,52.0,0.1458,63.0,0.1419,46.0,,,0.294,89.0,0.2293,85.0,0.1926,85.0,0.1581,70.0,,,0.2446,74.0
2022-07-27,0.0758,9.0,0.13,49.0,0.1815,71.0,,,0.1949,64.0,0.2292,85.0,0.1945,86.0,0.1661,75.0,,,0.2492,76.0
2022-07-26,0.1061,25.0,0.138,57.0,0.1826,72.0,,,0.2646,85.0,0.2295,85.0,0.196,86.0,0.1502,62.0,,,0.2684,84.0
2022-07-25,0.1224,35.0,0.1466,64.0,0.2204,85.0,,,0.1917,62.0,0.23,86.0,0.1982,87.0,0.1849,85.0,,,0.2646,83.0
2022-07-22,0.1398,46.0,0.1489,65.0,0.22,85.0,,,0.2779,87.0,0.2299,85.0,0.1994,88.0,0.1614,72.0,,,0.254,79.0
2022-07-21,0.1437,48.0,0.1563,70.0,0.1923,76.0,,,0.269,86.0,0.2296,85.0,0.2013,89.0,0.1618,72.0,,,0.2838,88.0
2022-07-20,0.1495,52.0,0.1566,70.0,0.2283,86.0,,,0.202,68.0,0.2294,85.0,0.2011,89.0,0.1816,84.0,,,0.274,85.0
2022-07-19,0.1529,54.0,0.15,66.0,0.229,87.0,,,0.2313,78.0,0.2304,86.0,0.2018,89.0,0.2145,92.0,,,0.2988,91.0
2022-07-18,0.1161,30.0,0.1401,57.0,0.2208,85.0,,,0.2386,80.0,0.2297,85.0,0.2021,90.0,0.1994,89.0,,,0.2793,86.0
2022-07-15,0.113,28.0,0.1363,55.0,0.1944,77.0,,,0.2492,82.0,0.2298,85.0,0.2019,90.0,0.2061,91.0,,,0.2712,84.0
2022-07-14,0.0414,1.0,0.1361,55.0,0.2714,93.0,,,0.2617,85.0,0.2288,85.0,0.2018,89.0,0.2037,90.0,,,0.2804,87.0
2022-07-13,0.0503,2.0,0.1592,72.0,0.2155,84.0,,,0.2207,75.0,0.2287,85.0,0.2016,89.0,0.1903,87.0,,,0.272,85.0
2022-07-12,0.1219,34.0,0.1602,72.0,0.2244,86.0,,,0.289,89.0,0.2289,85.0,0.2012,89.0,0.2008,90.0,,,0.289,89.0
2022-07-11,0.1203,33.0,0.1695,77.0,0.2727,93.0,,,0.3317,92.0,0.2289,85.0,0.201,89.0,0.2122,92.0,,,0.2752,85.0
2022-07-08,0.1185,31.0,0.1696,77.0,0.2222,85.0,,,0.279,87.0,0.2289,85.0,0.2011,89.0,0.1987,89.0,,,0.2816,87.0
2022-07-07,0.1217,34.0,0.1823,82.0,0.2457,89.0,,,0.269,86.0,0.2297,85.0,0.2013,89.0,0.2068,91.0,,,0.2855,88.0
2022-07-06,0.122,34.0,0.1928,86.0,0.2537,91.0,,,0.285,88.0,0.2297,85.0,0.2012,89.0,0.2166,92.0,,,0.2969,91.0
2022-07-05,0.1478,51.0,0.193,86.0,0.2292,87.0,,,0.2507,82.0,0.2308,86.0,0.2015,89.0,0.219,93.0,,,0.2699,84.0
2022-07-01,0.1506,52.0,0.1784,81.0,0.2303,87.0,,,0.302,90.0,0.2312,86.0,0.2006,89.0,0.2244,94.0,,,0.2808,87.0
2022-06-30,0.1417,47.0,0.197,87.0,0.2481,90.0,,,0.3097,91.0,0.2303,86.0,0.2011,89.0,0.2077,91.0,,,0.2592,81.0
2022-06-29,0.1249,36.0,0.1905,85.0,0.2466,90.0,,,0.2393,81.0,0.2305,86.0,0.2003,89.0,0.2347,95.0,,,0.2958,91.0
2022-06-28,0.1194,32.0,0.2048,89.0,0.2969,95.0,,,0.2778,87.0,0.2305,86.0,0.2004,89.0,0.2191,93.0,,,0.2862,89.0
2022-06-27,0.1512,53.0,0.1998,88.0,0.257,91.0,,,0.2536,83.0,0.2309,86.0,0.2,88.0,0.2411,96.0,,,0.2734,85.0
2022-06-24,0.1702,62.0,0.2067,89.0,0.2546,91.0,,,0.2531,83.0,0.2309,86.0,0.1992,88.0,0.2279,94.0,,,0.2776,86.0
2022-06-23,0.186,69.0,0.2097,90.0,0.2656,92.0,,,0.2752,87.0,0.2307,86.0,0.1993,88.0,0.2313,95.0,,,0.2946,91.0
2022-06-22,0.3549,96.0,0.2367,94.0,0.2719,93.0,,,0.2884,88.0,0.229,85.0,0.1991,88.0,0.2475,97.0,,,0.3037,92.0
2022-06-21,0.3423,96.0,0.2185,92.0,0.2634,92.0,,,0.3081,91.0,0.2291,85.0,0.1975,87.0,0.2309,95.0,,,0.297,91.0
2022-06-17,0.3421,96.0,0.2285,93.0,0.2785,93.0,,,0.2759,87.0,0.2292,85.0,0.1971,87.0,0.247,97.0,,,0.2882,89.0
2022-06-16,0.3385,95.0,0.2349,94.0,0.2814,94.0,,,0.3946,95.0,0.2291,85.0,0.1966,86.0,0.2372,95.0,,,0.3207,96.0
2022-06-15,0.4064,98.0,0.2483,95.0,0.3607,98.0,,,0.3597,94.0,0.2287,85.0,0.1964,86.0,0.2344,95.0,,,0.3,91.0
2022-06-14,0.346,96.0,0.2479,95.0,0.3168,96.0,,,0.3658,94.0,0.2266,84.0,0.1956,86.0,0.2314,95.0,,,0.3009,92.0
2022-06-13,0.3402,95.0,0.2457,95.0,0.3452,98.0,,,0.3452,93.0,0.2284,85.0,0.1957,86.0,0.2538,97.0,,,0.3037,92.0
2022-06-10,0.2821,91.0,0.2296,93.0,0.2881,94.0,,,0.2615,84.0,0.2193,83.0,0.1944,85.0,0.2314,95.0,,,0.2905,89.0
2022-06-09,0.2982,93.0,0.234,94.0,0.2985,95.0,,,0.2537,83.0,0.2214,83.0,0.1948,86.0,0.2249,94.0,,,0.2771,86.0
2022-06-08,0.2697,90.0,0.2176,91.0,0.2316,87.0,,,0.286,88.0,0.218,82.0,0.1937,85.0,0.2083,91.0,,,0.2655,83.0
2022-06-07,0.2653,89.0,0.2067,89.0,0.1465,50.0,,,0.3671,94.0,0.215,82.0,0.1926,85.0,0.1744,81.0,,,0.2926,90.0
2022-06-06,0.2193,79.0,0.1844,83.0,0.2977,95.0,,,0.3008,90.0,0.2133,81.0,0.1914,84.0,0.2323,95.0,,,0.2448,74.0
2022-06-03,0.1881,70.0,0.1656,75.0,0.2116,83.0,,,0.2609,84.0,0.2121,81.0,0.1903,83.0,0.2174,93.0,,,0.2659,83.0
2022-06-02,0.1653,60.0,0.1825,83.0,0.1661,63.0,,,0.3252,92.0,0.2129,81.0,0.1905,84.0,0.194,88.0,,,0.2879,89.0
2022-06-01,0.1747,64.0,0.1733,79.0,0.196,78.0,,,0.2838,88.0,0.2127,81.0,0.1897,83.0,0.207,91.0,,,0.2813,87.0
2022-05-31,0.1696,62.0,0.1669,76.0,0.2353,88.0,,,0.2903,89.0,0.218,82.0,0.1912,84.0,0.2178,93.0,,,0.2756,86.0
2022-05-27,0.1458,50.0,0.1706,77.0,0.2127,83.0,,,0.3078,91.0,0.219,83.0,0.1937,85.0,0.18,83.0,,,0.2878,89.0
2022-05-26,0.2098,77.0,0.1877,84.0,0.254,91.0,,,0.2488,82.0,0.2183,83.0,0.1937,85.0,0.2402,96.0,,,0.2774,86.0
2022-05-25,0.2152,78.0,0.1914,85.0,0.2389,89.0,,,0.2828,88.0,0.2187,83.0,0.1939,85.0,0.221,93.0,,,0.2926,90.0
2022-05-24,0.2156,78.0,0.1883,84.0,0.2345,88.0,,,0.294,89.0,0.2226,83.0,0.1944,85.0,0.217,92.0,,,0.2722,85.0
2022-05-23,0.239,84.0,0.1796,81.0,0.2378,88.0,,,0.2925,89.0,0.2232,83.0,0.1936,85.0,0.2192,93.0,,,0.2856,88.0
2022-05-20,0.2271,81.0,0.1732,79.0,0.2459,90.0,,,0.3017,90.0,0.2229,83.0,0.1934,85.0,0.2246,94.0,,,0.2807,87.0
2022-05-19,0.2249,81.0,0.1823,82.0,0.321,96.0,,,0.3098,91.0,0.2229,83.0,0.1931,85.0,0.2273,94.0,,,0.2922,90.0
2022-05-18,0.2322,82.0,0.2044,89.0,0.3137,96.0,,,0.3524,94.0,0.2232,83.0,0.1931,85.0,0.2473,97.0,,,0.2921,90.0
2022-05-17,0.3147,94.0,0.2181,91.0,0.281,94.0,,,0.3542,94.0,0.2203,83.0,0.1916,84.0,0.24,96.0,,,0.2917,90.0
2022-05-16,0.3128,94.0,0.2236,92.0,0.3226,97.0,,,0.2995,90.0,0.2202,83.0,0.1929,85.0,0.2767,98.0,,,0.3026,92.0
2022-05-13,0.3213,95.0,0.2408,95.0,0.249,90.0,,,0.3207,91.0,0.2204,83.0,0.193,85.0,0.2598,98.0,,,0.2911,90.0
2022-05-12,0.2776,90.0,0.2495,96.0,0.3562,98.0,,,0.3915,95.0,0.219,83.0,0.1925,85.0,0.2715,98.0,,,0.3109,94.0
2022-05-11,0.2885,92.0,0.2534,96.0,0.3706,98.0,,,0.3539,94.0,0.2188,83.0,0.1922,84.0,0.275,98.0,,,0.3111,94.0
2022-05-10,0.2768,90.0,0.3095,98.0,0.3365,97.0,,,0.3321,92.0,0.2187,83.0,0.1913,84.0,0.2748,98.0,,,0.3206,95.0
2022-05-09,0.3386,95.0,0.3364,99.0,0.3818,99.0,,,0.3318,92.0,0.2184,83.0,0.1899,83.0,0.2841,98.0,,,0.3136,94.0
2022-05-06,0.3424,96.0,0.3204,99.0,0.2596,91.0,,,0.3132,91.0,0.21,80.0,0.1875,83.0,0.2489,97.0,,,0.2979,91.0
2022-05-05,0.3412,95.0,0.3213,99.0,0.2953,95.0,,,0.3087,91.0,0.2088,80.0,0.1869,82.0,0.2595,98.0,,,0.3104,93.0
2022-05-04,0.3374,95.0,0.3131,98.0,0.2564,91.0,,,0.2513,83.0,0.2071,80.0,0.186,82.0,0.2349,95.0,,,0.2617,82.0
2022-05-03,0.3253,95.0,0.3056,98.0,0.2845,94.0,,,0.2885,89.0,0.2079,80.0,0.1853,82.0,0.2297,95.0,,,0.2801,87.0
2022-05-02,0.2924,92.0,0.3064,98.0,0.2537,91.0,,,0.2872,88.0,0.2074,80.0,0.1848,82.0,0.2308,95.0,,,0.2966,91.0
2022-04-29,0.2992,93.0,0.2382,95.0,0.2903,95.0,,,0.2708,86.0,0.2045,79.0,0.1791,81.0,0.249,97.0,,,0.2575,80.0
2022-04-28,0.2229,80.0,0.178,81.0,0.2374,88.0,,,0.235,79.0,0.1926,73.0,0.1754,81.0,0.2092,91.0,,,0.2458,75.0
2022-04-27,0.2404,85.0,0.1671,76.0,0.2474,90.0,,,0.231,78.0,0.1923,73.0,0.175,80.0,0.2199,93.0,,,0.2485,76.0
2022-04-26,0.2323,82.0,0.1567,70.0,0.2838,94.0,,,0.2565,84.0,0.1926,73.0,0.1746,80.0,0.2216,93.0,,,0.258,81.0
2022-04-25,0.2183,79.0,0.1486,65.0,0.2056,81.0,,,0.2401,81.0,0.1916,72.0,0.1741,80.0,0.1802,83.0,,,0.2556,79.0
2022-04-22,0.2163,78.0,0.1334,53.0,0.2206,85.0,,,0.1928,63.0,0.1914,72.0,0.1735,80.0,0.21,91.0,,,0.2446,74.0
2022-04-21,0.142,47.0,0.1257,45.0,0.1942,77.0,,,0.1868,60.0,0.1884,71.0,0.1728,80.0,0.183,84.0,,,0.2388,70.0
2022-04-20,0.1767,65.0,0.1353,54.0,0.1704,65.0,,,0.175,52.0,0.1884,71.0,0.1727,80.0,0.1754,81.0,,,0.2251,63.0
2022-04-19,0.1522,53.0,0.1255,45.0,0.1791,69.0,,,0.1778,54.0,0.1873,70.0,0.1723,80.0,0.1847,85.0,,,0.243,73.0
2022-04-18,0.095,18.0,0.1247,44.0,0.1904,76.0,,,0.2032,69.0,0.1864,70.0,0.1721,80.0,0.1955,88.0,,,0.2219,61.0
2022-04-14,0.1695,61.0,0.1525,67.0,0.1906,76.0,,,0.1836,57.0,0.1862,69.0,0.1719,80.0,0.1951,88.0,,,0.2259,63.0
2022-04-13,0.1787,65.0,0.1668,76.0,0.1912,76.0,,,0.1666,46.0,0.1862,69.0,0.172,80.0,0.2043,90.0,,,0.2417,72.0
2022-04-12,0.1876,69.0,0.1848,83.0,0.2277,86.0,,,0.242,81.0,0.1863,70.0,0.1723,80.0,0.2112,91.0,,,0.2574,80.0
2022-04-11,0.2343,83.0,0.1895,85.0,0.2488,90.0,,,0.2302,78.0,0.1872,70.0,0.172,80.0,0.2003,89.0,,,0.2363,69.0
2022-04-08,0.2319,82.0,0.1946,86.0,0.2421,89.0,,,0.2089,71.0,0.1868,70.0,0.1721,80.0,0.1993,89.0,,,0.2432,73.0
2022-04-07,0.2412,85.0,0.1966,87.0,0.2093,82.0,,,0.2317,78.0,0.1878,70.0,0.1726,80.0,0.1952,88.0,,,0.2382,70.0
2022-04-06,0.296,93.0,0.2091,90.0,0.1775,68.0,,,0.2165,74.0,0.1876,70.0,0.1724,80.0,0.1783,82.0,,,0.2302,66.0
2022-04-05,0.2755,90.0,0.1882,84.0,0.1599,59.0,,,0.1548,36.0,0.1856,69.0,0.1709,79.0,0.1876,86.0,,,0.2291,65.0
2022-04-04,0.2688,89.0,0.176,80.0,0.156,56.0,,,0.1742,51.0,0.1851,69.0,0.1703,79.0,0.1743,80.0,,,0.2227,62.0
2022-04-01,0.2431,85.0,0.1579,71.0,0.1463,50.0,,,0.1265,14.0,0.1849,69.0,0.1709,79.0,0.1754,81.0,,,0.2032,49.0
2022-03-31,0.2437,85.0,0.1472,64.0,0.1942,77.0,,,0.1705,49.0,0.1831,66.0,0.1706,79.0,0.1842,84.0,,,0.2146,57.0
2022-03-30,0.2192,79.0,0.133,52.0,0.1564,57.0,,,0.1588,39.0,0.1821,66.0,0.1698,79.0,0.178,82.0,,,0.2167,59.0
2022-03-29,0.1969,72.0,0.1333,53.0,0.1216,28.0,,,0.1362,22.0,0.182,66.0,0.1705,79.0,0.1657,75.0,,,0.2077,53.0
2022-03-28,0.1269,38.0,0.1102,30.0,0.1546,56.0,,,0.1605,41.0,0.1792,63.0,0.1702,79.0,0.1843,84.0,,,0.2135,57.0
2022-03-25,0.1341,43.0,0.1243,44.0,0.1528,54.0,,,0.1853,59.0,0.1796,64.0,0.1703,79.0,0.1817,84.0,,,0.2232,62.0
2022-03-24,0.1215,34.0,0.152,67.0,0.1772,68.0,,,0.2393,81.0,0.1785,62.0,0.1707,79.0,0.1694,78.0,,,0.2386,70.0
2022-03-23,0.1163,30.0,0.1603,72.0,0.1615,60.0,,,0.1598,40.0,0.1798,64.0,0.1718,80.0,0.195,88.0,,,0.2482,76.0
2022-03-22,0.1265,37.0,0.1707,77.0,0.1619,60.0,,,0.2092,71.0,0.1804,65.0,0.1721,80.0,0.1824,84.0,,,0.2306,66.0
2022-03-21,0.1415,47.0,0.1803,82.0,0.1802,70.0,,,0.2376,80.0,0.1804,65.0,0.1719,80.0,0.1859,85.0,,,0.2448,74.0
2022-03-18,0.1414,47.0,0.1817,82.0,0.1851,73.0,,,0.2374,80.0,0.1804,65.0,0.1717,79.0,0.1884,86.0,,,0.2417,72.0
2022-03-17,0.1471,50.0,0.1803,82.0,0.1799,70.0,,,0.2841,88.0,0.1804,65.0,0.1719,80.0,0.1784,82.0,,,0.2649,83.0
2022-03-16,0.1364,44.0,0.1765,80.0,0.2061,81.0,,,0.331,92.0,0.1795,63.0,0.1717,79.0,0.1976,89.0,,,0.2597,81.0
2022-03-15,0.1239,36.0,0.1603,72.0,0.2851,94.0,,,0.2846,88.0,0.1804,65.0,0.1708,79.0,0.2072,91.0,,,0.2671,84.0
2022-03-14,0.165,59.0,0.1727,78.0,0.3794,99.0,,,0.2805,87.0,0.1804,65.0,0.1705,79.0,0.2243,94.0,,,0.2525,78.0
2022-03-11,0.1619,57.0,0.1679,76.0,0.3185,96.0,,,0.2232,76.0,0.1797,64.0,0.1698,79.0,0.2243,94.0,,,0.2452,74.0
2022-03-10,0.1846,68.0,0.1763,80.0,0.2623,92.0,,,0.2753,87.0,0.1793,63.0,0.1693,78.0,0.1976,89.0,,,0.2782,86.0
2022-03-09,0.1972,72.0,0.1805,82.0,0.3048,96.0,,,0.2256,77.0,0.1793,63.0,0.1692,78.0,0.2184,93.0,,,0.2547,79.0
2022-03-08,0.2444,85.0,0.1903,85.0,0.3337,97.0,,,0.2684,86.0,0.1795,63.0,0.1693,78.0,0.2185,93.0,,,0.2539,79.0
2022-03-07,0.2834,91.0,0.2063,89.0,0.3246,97.0,,,0.2787,87.0,0.1807,65.0,0.1692,78.0,0.2153,92.0,,,0.2518,78.0
2022-03-04,0.2616,88.0,0.2284,93.0,0.2676,92.0,,,0.2806,87.0,0.1808,65.0,0.1693,78.0,0.1894,86.0,,,0.2779,86.0
2022-03-03,0.2778,90.0,0.2297,93.0,0.2012,80.0,,,0.2738,86.0,0.1812,65.0,0.1692,78.0,0.1794,83.0,,,0.2637,82.0
2022-03-02,0.2769,90.0,0.2262,93.0,0.2375,88.0,,,0.2703,86.0,0.1806,65.0,0.1691,78.0,0.1755,81.0,,,0.2668,83.0
2022-03-01,0.2399,84.0,0.2139,90.0,0.2771,93.0,,,0.2533,83.0,0.1778,62.0,0.168,78.0,0.2004,89.0,,,0.2523,78.0
2022-02-28,0.2541,87.0,0.2114,90.0,0.2408,89.0,,,0.2839,88.0,0.1789,63.0,0.1678,78.0,0.1943,88.0,,,0.2544,79.0
2022-02-25,0.2234,80.0,0.2048,89.0,0.2111,83.0,,,0.2493,82.0,0.1768,61.0,0.1671,78.0,0.1799,83.0,,,0.2629,82.0
2022-02-24,0.1301,40.0,0.1833,83.0,0.231,87.0,,,0.2606,84.0,0.173,55.0,0.1659,78.0,0.1932,88.0,,,0.257,80.0
2022-02-23,0.119,32.0,0.167,76.0,0.2882,94.0,,,0.223,76.0,0.1731,55.0,0.1639,77.0,0.2161,92.0,,,0.2357,69.0
2022-02-22,0.1136,28.0,0.1548,69.0,0.2201,85.0,,,0.2668,85.0,0.1725,54.0,0.1625,77.0,0.1951,88.0,,,0.2449,74.0
2022-02-18,0.1593,56.0,0.1793,81.0,0.2099,82.0,,,0.2154,74.0,0.1725,54.0,0.1626,77.0,0.1774,82.0,,,0.2438,73.0
2022-02-17,0.2532,87.0,0.18,82.0,0.2491,90.0,,,0.2458,82.0,0.1725,54.0,0.1625,77.0,0.1963,88.0,,,0.2401,71.0
2022-02-16,0.2405,85.0,0.178,81.0,0.2363,88.0,,,0.2987,90.0,0.1714,53.0,0.1624,77.0,0.1885,86.0,,,0.2367,69.0
2022-02-15,0.238,84.0,0.1762,80.0,0.3161,96.0,,,0.265,85.0,0.1713,53.0,0.1627,77.0,0.2045,90.0,,,0.2383,70.0
2022-02-14,0.2408,85.0,0.1868,84.0,0.3538,98.0,,,0.2946,89.0,0.1713,53.0,0.1629,77.0,0.2034,90.0,,,0.2266,64.0
2022-02-11,0.2409,85.0,0.1684,77.0,0.2084,82.0,,,0.2387,80.0,0.1708,53.0,0.1617,76.0,0.1844,85.0,,,0.2152,57.0
2022-02-10,0.2856,92.0,0.1678,76.0,0.2425,89.0,,,0.2733,86.0,0.1708,53.0,0.161,76.0,0.1921,87.0,,,0.2254,63.0
2022-02-09,0.2507,87.0,0.147,64.0,0.1656,62.0,,,0.2012,68.0,0.1676,50.0,0.1594,75.0,0.1588,70.0,,,0.2254,63.0
2022-02-08,0.1924,71.0,0.1478,64.0,0.2678,92.0,,,0.208,71.0,0.1639,44.0,0.1591,75.0,0.2,89.0,,,0.2249,63.0
2022-02-07,0.2589,88.0,0.2033,88.0,0.2597,91.0,,,0.2048,70.0,0.1636,44.0,0.1588,75.0,0.1972,88.0,,,0.2162,59.0
2022-02-04,0.2659,89.0,0.2263,93.0,0.224,85.0,,,0.2237,76.0,0.1631,44.0,0.1586,75.0,0.185,85.0,,,0.2302,66.0
2022-02-03,0.2654,89.0,0.2481,95.0,0.2221,85.0,,,0.2029,69.0,0.1632,44.0,0.1581,75.0,0.1844,85.0,,,0.2146,57.0
2022-02-02,0.2531,87.0,0.2662,97.0,0.1662,63.0,,,0.2232,76.0,0.1626,43.0,0.158,75.0,0.162,72.0,,,0.2217,61.0
2022-02-01,0.2266,81.0,0.2867,98.0,0.2159,84.0,,,0.2003,67.0,0.1603,40.0,0.1575,75.0,0.1845,85.0,,,0.2233,62.0
2022-01-31,0.2226,80.0,0.2837,98.0,0.195,78.0,,,0.2257,77.0,0.1606,41.0,0.1572,74.0,0.1758,81.0,,,0.2448,74.0
2022-01-28,0.2355,83.0,0.2924,98.0,0.2068,81.0,,,0.2869,88.0,0.1605,40.0,0.1569,74.0,0.1629,73.0,,,0.2652,83.0
2022-01-27,0.1007,21.0,0.2655,97.0,0.309,96.0,,,0.2415,81.0,0.1554,35.0,0.1533,73.0,0.221,93.0,,,0.2173,60.0
2022-01-26,0.098,19.0,0.2466,95.0,0.2633,92.0,,,0.2404,81.0,0.1546,35.0,0.1519,73.0,0.2058,90.0,,,0.2302,66.0
2022-01-25,0.0941,17.0,0.2179,91.0,0.2343,88.0,,,0.2568,84.0,0.1537,34.0,0.1496,70.0,0.1887,86.0,,,0.2593,81.0
2022-01-24,0.1049,24.0,0.1946,86.0,0.2408,89.0,,,0.274,86.0,0.1537,34.0,0.1477,67.0,0.1775,82.0,,,0.2495,76.0
2022-01-21,0.1258,37.0,0.1525,67.0,0.225,86.0,,,0.1916,62.0,0.1536,34.0,0.1448,59.0,0.188,86.0,,,0.2165,59.0
2022-01-20,0.1274,38.0,0.1562,70.0,0.2431,89.0,,,0.1513,34.0,0.1538,34.0,0.145,59.0,0.2115,91.0,,,0.1979,43.0
2022-01-19,0.0989,20.0,0.1321,51.0,0.224,85.0,,,0.1753,52.0,0.152,33.0,0.1437,56.0,0.2017,90.0,,,0.1948,41.0
2022-01-18,0.1113,27.0,0.1169,37.0,0.2074,82.0,,,0.2005,68.0,0.1516,33.0,0.1426,54.0,0.1789,83.0,,,0.2178,60.0
2022-01-14,0.108,26.0,0.1162,36.0,0.1549,56.0,,,0.191,62.0,0.1512,32.0,0.1423,53.0,0.172,79.0,,,0.2124,57.0
2022-01-13,0.1447,49.0,0.1266,47.0,0.1886,75.0,,,0.1653,45.0,0.1511,32.0,0.142,53.0,0.1681,77.0,,,0.2041,50.0
2022-01-12,0.1642,59.0,0.1324,52.0,0.1966,78.0,,,0.1825,57.0,0.1559,36.0,0.1438,56.0,0.1572,69.0,,,0.1908,37.0
2022-01-11,0.161,57.0,0.1597,72.0,0.1578,57.0,,,0.1874,60.0,0.159,39.0,0.1447,59.0,0.1559,68.0,,,0.2145,57.0
2022-01-10,0.1642,59.0,0.1542,69.0,0.1781,69.0,,,0.2429,81.0,0.1591,39.0,0.1443,57.0,0.1766,81.0,,,0.2137,57.0
2022-01-07,0.1682,61.0,0.1533,68.0,0.1838,72.0,,,0.1571,38.0,0.1591,39.0,0.1442,57.0,0.1723,79.0,,,0.2025,48.0
2022-01-06,0.1612,57.0,0.1543,69.0,0.1833,72.0,,,0.1782,54.0,0.1582,38.0,0.1441,57.0,0.1728,80.0,,,0.2057,51.0
2022-01-05,0.1638,59.0,0.1511,67.0,0.2206,85.0,,,0.1586,39.0,0.1594,39.0,0.1444,57.0,0.1918,87.0,,,0.1926,39.0
2022-01-04,0.1186,32.0,0.1468,64.0,0.1498,52.0,,,0.158,38.0,0.1576,37.0,0.1437,56.0,0.1627,73.0,,,0.1984,44.0
2022-01-03,0.1206,33.0,0.1457,63.0,0.143,47.0,,,0.1768,53.0,0.1589,38.0,0.1438,56.0,0.1614,72.0,,,0.1995,45.0
2021-12-31,0.0868,13.0,0.1147,35.0,0.1643,62.0,,,0.136,22.0,0.1582,38.0,0.1423,53.0,0.1641,74.0,,,0.189,35.0
2021-12-30,0.0872,14.0,0.115,35.0,0.161,60.0,,,0.1468,30.0,0.1582,38.0,0.1424,54.0,0.1688,78.0,,,0.2037,50.0
2021-12-29,0.116,30.0,0.1247,44.0,0.1305,37.0,,,0.1543,36.0,0.1592,39.0,0.1436,56.0,0.1579,69.0,,,0.2049,51.0
2021-12-28,0.1156,30.0,0.1211,41.0,0.1384,44.0,,,0.1657,45.0,0.159,39.0,0.1432,55.0,0.1706,79.0,,,0.2139,57.0
2021-12-27,0.1266,38.0,0.1344,53.0,0.1202,28.0,,,0.1648,44.0,0.1591,39.0,0.1438,56.0,0.1407,53.0,,,0.2309,66.0
2021-12-23,0.1524,53.0,0.1376,57.0,0.1673,64.0,,,0.1546,36.0,0.1586,38.0,0.1436,56.0,0.174,80.0,,,0.2083,54.0
2021-12-22,0.1871,69.0,0.1535,68.0,0.1368,42.0,,,0.1799,56.0,0.1586,38.0,0.1433,55.0,0.169,78.0,,,0.2145,57.0
2021-12-21,0.1966,72.0,0.1697,77.0,0.1845,72.0,,,0.178,54.0,0.1584,38.0,0.1436,56.0,0.1789,83.0,,,0.2189,60.0
2021-12-20,0.1925,71.0,0.1704,77.0,0.1796,70.0,,,0.2115,72.0,0.1583,38.0,0.1435,56.0,0.1819,84.0,,,0.2309,66.0
2021-12-17,0.2049,75.0,0.1652,75.0,0.205,81.0,,,0.1701,49.0,0.158,37.0,0.1432,55.0,0.1906,87.0,,,0.2088,54.0
2021-12-16,0.2171,78.0,0.1666,76.0,0.1742,67.0,,,0.2203,75.0,0.1581,38.0,0.143,55.0,0.1754,81.0,,,0.2123,56.0
2021-12-15,0.2154,78.0,0.1584,71.0,0.1868,74.0,,,0.2363,80.0,0.1578,37.0,0.1423,53.0,0.1663,76.0,,,0.2234,62.0
2021-12-14,0.21,77.0,0.1583,71.0,0.2262,86.0,,,0.2336,79.0,0.1588,38.0,0.1427,54.0,0.1883,86.0,,,0.2179,60.0
2021-12-13,0.1633,59.0,0.1447,62.0,0.1899,75.0,,,0.2118,72.0,0.1584,38.0,0.1422,53.0,0.1664,76.0,,,0.2249,63.0
2021-12-10,0.2397,84.0,0.1732,79.0,0.1426,47.0,,,0.2248,76.0,0.1581,38.0,0.1411,51.0,0.1623,73.0,,,0.2213,61.0
2021-12-09,0.2866,92.0,0.2177,91.0,0.1472,50.0,,,0.2201,75.0,0.1584,38.0,0.1413,52.0,0.1723,79.0,,,0.2156,59.0
2021-12-08,0.3043,93.0,0.2241,92.0,0.133,39.0,,,0.2553,83.0,0.1579,37.0,0.1414,52.0,0.1556,67.0,,,0.2312,66.0
2021-12-07,0.3018,93.0,0.2252,93.0,0.1627,61.0,,,0.2527,83.0,0.1572,37.0,0.1411,51.0,0.1665,76.0,,,0.2333,67.0
2021-12-06,0.3594,97.0,0.2352,94.0,0.194,77.0,,,0.2582,84.0,0.1568,36.0,0.141,51.0,0.1758,81.0,,,0.239,71.0
2021-12-03,0.3527,96.0,0.2329,94.0,0.1924,77.0,,,0.2969,89.0,0.1555,35.0,0.1406,50.0,0.1798,83.0,,,0.2413,72.0
2021-12-02,0.3614,97.0,0.2344,94.0,0.1864,74.0,,,0.2759,87.0,0.1555,35.0,0.1402,49.0,0.1505,62.0,,,0.2429,73.0
2021-12-01,0.2778,90.0,0.2026,88.0,0.251,90.0,,,0.2458,82.0,0.1486,28.0,0.1371,44.0,0.2091,91.0,,,0.215,57.0
2021-11-30,0.2654,89.0,0.1576,71.0,0.2083,82.0,,,0.2225,76.0,0.1465,27.0,0.1336,40.0,0.1823,84.0,,,0.2131,57.0
2021-11-29,0.2488,86.0,0.1456,63.0,0.1889,75.0,,,0.2027,69.0,0.1439,26.0,0.1328,39.0,0.1517,64.0,,,0.2149,57.0
2021-11-26,0.2471,86.0,0.1726,78.0,0.2176,84.0,,,0.2244,76.0,0.1438,26.0,0.1324,38.0,0.1747,81.0,,,0.1967,42.0
2021-11-24,0.16,57.0,0.1601,72.0,0.1034,15.0,,,0.2418,81.0,0.1378,21.0,0.1316,36.0,0.1298,43.0,,,0.2114,56.0
2021-11-23,0.1425,48.0,0.1559,70.0,0.1095,19.0,,,0.228,77.0,0.1384,22.0,0.1317,37.0,0.1418,54.0,,,0.2256,63.0
2021-11-22,0.1214,34.0,0.1467,64.0,0.1581,57.0,,,0.1834,57.0,0.1382,22.0,0.1312,35.0,0.1648,75.0,,,0.2034,49.0
2021-11-19,0.1114,27.0,0.1447,62.0,0.1515,53.0,,,0.1958,65.0,0.1379,22.0,0.1312,35.0,0.1543,66.0,,,0.2026,48.0
2021-11-18,0.0829,12.0,0.1406,59.0,0.1337,40.0,,,0.2256,77.0,0.1368,20.0,0.1308,35.0,0.1512,63.0,,,0.2052,51.0
2021-11-17,0.0832,12.0,0.1408,59.0,0.0998,13.0,,,0.2154,74.0,0.1368,20.0,0.131,35.0,0.1348,48.0,,,0.2105,55.0
2021-11-16,0.0767,9.0,0.0999,20.0,0.1214,28.0,,,0.1749,52.0,0.1374,21.0,0.1291,30.0,0.1588,70.0,,,0.1975,43.0
2021-11-15,0.0508,2.0,0.1061,26.0,0.0928,9.0,,,0.1855,59.0,0.1371,21.0,0.1291,30.0,0.1439,56.0,,,0.2009,47.0
2021-11-12,0.1026,22.0,0.1198,40.0,0.1656,62.0,,,0.1723,50.0,0.1376,21.0,0.129,30.0,0.154,66.0,,,0.2184,60.0
2021-11-11,0.1032,23.0,0.1216,42.0,0.1474,51.0,,,0.1906,62.0,0.1379,22.0,0.1294,31.0,0.1444,56.0,,,0.2118,56.0
2021-11-10,0.1041,23.0,0.1248,45.0,0.1436,48.0,,,0.1763,53.0,0.1379,22.0,0.1293,31.0,0.1562,68.0,,,0.2076,53.0
2021-11-09,0.0993,20.0,0.1407,59.0,0.1694,65.0,,,0.1775,54.0,0.1378,21.0,0.1292,31.0,0.1536,66.0,,,0.205,51.0
2021-11-08,0.106,25.0,0.1501,66.0,0.1858,73.0,,,0.2202,75.0,0.1381,22.0,0.1291,30.0,0.1507,63.0,,,0.2105,55.0
2021-11-05,0.1523,53.0,0.1559,70.0,0.1881,75.0,,,0.1382,23.0,0.14,23.0,0.1302,33.0,0.1666,76.0,,,0.1923,38.0
2021-11-04,0.1489,52.0,0.1484,65.0,0.188,75.0,,,0.1403,25.0,0.1449,26.0,0.1316,36.0,0.1622,73.0,,,0.1814,30.0
2021-11-03,0.1172,31.0,0.1354,54.0,0.1702,65.0,,,0.1721,50.0,0.1445,26.0,0.1309,35.0,0.1544,66.0,,,0.1943,40.0
2021-11-02,0.1165,31.0,0.1356,55.0,0.1606,60.0,,,0.1689,48.0,0.1445,26.0,0.1312,35.0,0.1505,62.0,,,0.2022,48.0
2021-11-01,0.1163,30.0,0.1304,50.0,0.1169,25.0,,,0.2087,71.0,0.1451,26.0,0.1311,35.0,0.1382,51.0,,,0.214,57.0
2021-10-29,0.1209,33.0,0.1103,30.0,0.1753,67.0,,,0.1369,22.0,0.1459,27.0,0.1307,34.0,0.1665,76.0,,,0.1903,36.0
2021-10-28,0.11,26.0,0.1003,21.0,0.1296,36.0,,,0.1626,43.0,0.1476,28.0,0.1312,35.0,0.1414,54.0,,,0.2036,49.0
2021-10-27,0.0809,11.0,0.0897,12.0,0.1608,60.0,,,0.1519,34.0,0.1467,28.0,0.1298,32.0,0.1436,56.0,,,0.2049,51.0
2021-10-26,0.0806,11.0,0.095,16.0,0.135,41.0,,,0.1573,38.0,0.1469,28.0,0.1299,32.0,0.1412,54.0,,,0.1984,44.0
2021-10-25,0.088,14.0,0.102,22.0,0.1503,53.0,,,0.1452,28.0,0.1469,28.0,0.13,32.0,0.1506,62.0,,,0.1979,43.0
2021-10-22,0.1175,31.0,0.1047,25.0,0.1658,63.0,,,0.1338,20.0,0.1471,28.0,0.1303,33.0,0.163,73.0,,,0.1967,42.0
2021-10-21,0.1304,40.0,0.1198,40.0,0.1481,51.0,,,0.1475,30.0,0.1474,28.0,0.1316,36.0,0.1506,62.0,,,0.1944,40.0
2021-10-20,0.133,42.0,0.1338,53.0,0.145,49.0,,,0.1737,51.0,0.1473,28.0,0.1304,33.0,0.1341,47.0,,,0.2112,56.0
2021-10-19,0.1293,39.0,0.1327,52.0,0.1766,68.0,,,0.148,31.0,0.1466,27.0,0.1304,33.0,0.1529,65.0,,,0.1867,34.0
2021-10-18,0.1354,44.0,0.1313,50.0,0.1438,48.0,,,0.1632,43.0,0.1465,27.0,0.1302,33.0,0.1455,57.0,,,0.2083,54.0
2021-10-15,0.1371,44.0,0.1327,52.0,0.1576,57.0,,,0.1425,27.0,0.1466,27.0,0.13,32.0,0.1558,67.0,,,0.1897,36.0
2021-10-14,0.1228,35.0,0.1603,72.0,0.1355,41.0,,,0.1692,48.0,0.1466,27.0,0.1297,31.0,0.1461,57.0,,,0.2018,48.0
2021-10-13,0.1425,48.0,0.1647,75.0,0.1355,41.0,,,0.2027,69.0,0.1466,27.0,0.13,32.0,0.1427,55.0,,,0.2161,59.0
2021-10-12,0.131,40.0,0.1561,70.0,0.1548,56.0,,,0.2088,71.0,0.1458,26.0,0.1293,31.0,0.154,66.0,,,0.2126,57.0
2021-10-11,0.1192,32.0,0.1597,72.0,0.1871,74.0,,,0.228,77.0,0.1445,26.0,0.1285,28.0,0.16,71.0,,,0.2148,57.0
2021-10-08,0.1641,59.0,0.1737,79.0,0.2119,83.0,,,0.1819,57.0,0.1458,26.0,0.1289,30.0,0.1774,82.0,,,0.2072,53.0
2021-10-07,0.1772,65.0,0.1774,80.0,0.2301,87.0,,,0.1661,45.0,0.1463,27.0,0.1292,31.0,0.1743,80.0,,,0.2019,48.0
2021-10-06,0.1775,65.0,0.1824,82.0,0.1977,79.0,,,0.2291,78.0,0.1467,28.0,0.129,30.0,0.1523,64.0,,,0.2121,56.0
2021-10-05,0.1929,71.0,0.1751,80.0,0.1823,71.0,,,0.2134,73.0,0.146,27.0,0.1269,27.0,0.1664,76.0,,,0.2164,59.0
2021-10-04,0.2009,74.0,0.1758,80.0,0.3343,97.0,,,0.346,93.0,0.1455,26.0,0.1263,26.0,0.148,60.0,,,0.2088,54.0
2021-10-01,0.1985,73.0,0.1744,79.0,0.2417,89.0,,,0.2865,88.0,0.1455,26.0,0.1273,27.0,0.1514,63.0,,,0.2101,55.0
2021-09-30,0.1791,66.0,0.1598,72.0,0.3402,97.0,,,0.1897,61.0,0.1449,26.0,0.1252,24.0,0.2061,91.0,,,0.1718,21.0
2021-09-29,0.1568,55.0,0.1491,65.0,0.2294,87.0,,,0.2908,89.0,0.1428,25.0,0.1241,22.0,0.147,59.0,,,0.2171,59.0
2021-09-28,0.123,35.0,0.1559,70.0,0.2443,89.0,,,0.2726,86.0,0.1419,24.0,0.1247,23.0,0.1591,70.0,,,0.2211,61.0
2021-09-27,0.1402,46.0,0.154,68.0,0.2949,95.0,,,0.1989,67.0,0.1444,26.0,0.1248,23.0,0.1984,89.0,,,0.178,27.0
2021-09-24,0.1295,40.0,0.1322,51.0,0.1864,74.0,,,0.1333,20.0,0.1436,26.0,0.1236,21.0,0.177,82.0,,,0.1976,43.0
2021-09-23,0.1014,22.0,0.1226,43.0,0.1426,47.0,,,0.1634,43.0,0.1417,24.0,0.123,21.0,0.1561,68.0,,,0.2092,54.0
2021-09-22,0.1002,21.0,0.129,49.0,0.1367,42.0,,,0.1879,60.0,0.1421,24.0,0.1234,21.0,0.1572,69.0,,,0.2141,57.0
2021-09-21,0.1016,22.0,0.133,52.0,0.2038,80.0,,,0.1804,56.0,0.1434,25.0,0.1239,22.0,0.1484,60.0,,,0.1979,43.0
2021-09-20,0.1092,26.0,0.1312,50.0,0.1585,57.0,,,0.2557,83.0,0.1435,26.0,0.1262,26.0,0.1559,68.0,,,0.2295,65.0
2021-09-17,0.1267,38.0,0.1263,46.0,0.1636,61.0,,,0.1544,36.0,0.1436,26.0,0.1246,23.0,0.1704,79.0,,,0.2007,47.0
2021-09-16,0.1403,46.0,0.1291,49.0,0.1217,30.0,,,0.1907,62.0,0.1415,24.0,0.1242,22.0,0.1481,60.0,,,0.2137,57.0
2021-09-15,0.1651,60.0,0.1499,66.0,0.1579,57.0,,,0.1976,66.0,0.1416,24.0,0.1241,22.0,0.1562,68.0,,,0.2127,57.0
2021-09-14,0.1647,59.0,0.1547,69.0,0.1532,54.0,,,0.1971,66.0,0.1464,27.0,0.1273,27.0,0.1545,66.0,,,0.2119,56.0
2021-09-13,0.178,65.0,0.1524,67.0,0.2191,84.0,,,0.1806,56.0,0.1468,28.0,0.127,27.0,0.1536,66.0,,,0.2066,52.0
2021-09-10,0.206,76.0,0.1548,69.0,0.2008,79.0,,,0.153,35.0,0.1468,28.0,0.1258,25.0,0.153,65.0,,,0.2,46.0
2021-09-09,0.2014,74.0,0.1524,67.0,0.1683,64.0,,,0.1086,5.0,0.1466,27.0,0.1261,25.0,0.1622,73.0,,,0.1864,34.0
2021-09-08,0.1726,63.0,0.1512,67.0,0.1342,40.0,,,0.1657,45.0,0.146,27.0,0.1268,27.0,0.1239,39.0,,,0.2104,55.0
2021-09-07,0.1688,61.0,0.1424,61.0,0.1628,61.0,,,0.1691,48.0,0.1486,28.0,0.128,28.0,0.1425,55.0,,,0.1952,41.0
2021-09-03,0.0873,14.0,0.1136,34.0,0.0988,12.0,,,0.1538,36.0,0.146,27.0,0.1267,26.0,0.1237,38.0,,,0.2066,52.0
2021-09-02,0.0712,7.0,0.1157,36.0,0.1166,25.0,,,0.1567,37.0,0.1463,27.0,0.1276,28.0,0.1222,37.0,,,0.2045,50.0
2021-09-01,0.0955,18.0,0.118,38.0,0.0989,12.0,,,0.1513,34.0,0.1462,27.0,0.1288,30.0,0.1155,30.0,,,0.2061,52.0
2021-08-31,0.0958,18.0,0.1165,37.0,0.0981,12.0,,,0.1604,41.0,0.1471,28.0,0.1291,30.0,0.1247,39.0,,,0.2008,47.0
2021-08-30,0.0948,17.0,0.1268,47.0,0.0938,10.0,,,0.1625,43.0,0.1477,28.0,0.1305,34.0,0.1207,35.0,,,0.2152,57.0
2021-08-27,0.075,9.0,0.1265,46.0,0.1284,35.0,,,0.1299,17.0,0.1481,28.0,0.1319,37.0,0.1373,50.0,,,0.1933,39.0
2021-08-26,0.0702,7.0,0.1237,44.0,0.1432,47.0,,,0.1292,16.0,0.1478,28.0,0.1331,39.0,0.1417,54.0,,,0.1991,45.0
2021-08-25,0.069,6.0,0.1256,45.0,0.1409,46.0,,,0.1323,19.0,0.1479,28.0,0.1327,39.0,0.1353,48.0,,,0.2082,54.0
2021-08-24,0.0622,4.0,0.1174,38.0,0.1471,50.0,,,0.1456,28.0,0.148,28.0,0.133,39.0,0.1566,68.0,,,0.2034,49.0
2021-08-23,0.0787,10.0,0.1121,32.0,0.1728,66.0,,,0.1267,14.0,0.1522,33.0,0.1345,41.0,0.1462,57.0,,,0.1981,44.0
2021-08-20,0.0671,6.0,0.1041,24.0,0.1373,43.0,,,0.1671,46.0,0.1549,35.0,0.137,44.0,0.1319,45.0,,,0.2148,57.0
2021-08-19,0.0624,4.0,0.0869,10.0,0.1464,50.0,,,0.1641,44.0,0.1551,35.0,0.1366,44.0,0.1393,52.0,,,0.2119,56.0
2021-08-18,0.0995,20.0,0.0875,10.0,0.2077,82.0,,,0.1101,6.0,0.1566,36.0,0.1367,44.0,0.1388,51.0,,,0.1832,32.0
2021-08-17,0.0973,19.0,0.0869,10.0,0.1363,42.0,,,0.1789,55.0,0.1565,36.0,0.1372,44.0,0.1313,45.0,,,0.1989,45.0
2021-08-16,0.1021,22.0,0.0917,13.0,0.1702,65.0,,,0.1559,37.0,0.1565,36.0,0.1373,45.0,0.143,55.0,,,0.1892,36.0
2021-08-13,0.1242,36.0,0.0955,16.0,0.122,30.0,,,0.131,18.0,0.1565,36.0,0.1372,44.0,0.1346,47.0,,,0.1879,35.0
2021-08-12,0.1165,31.0,0.0997,20.0,0.1021,14.0,,,0.137,22.0,0.1564,36.0,0.1374,45.0,0.1382,51.0,,,0.1959,42.0
2021-08-11,0.1124,28.0,0.1046,25.0,0.1555,56.0,,,0.1325,19.0,0.1569,36.0,0.1391,47.0,0.1403,53.0,,,0.1864,34.0
2021-08-10,0.1098,26.0,0.1194,40.0,0.1661,63.0,,,0.1367,22.0,0.1569,36.0,0.1381,46.0,0.16,71.0,,,0.1801,28.0
2021-08-09,0.0909,15.0,0.1228,43.0,0.1847,73.0,,,0.1863,60.0,0.156,36.0,0.138,46.0,0.1433,55.0,,,0.1829,31.0
2021-08-06,0.0975,19.0,0.1226,43.0,0.1693,65.0,,,0.1197,9.0,0.1561,36.0,0.1383,46.0,0.1529,65.0,,,0.1791,28.0
2021-08-05,0.0904,15.0,0.1181,38.0,0.1224,30.0,,,0.1695,48.0,0.1557,35.0,0.1381,46.0,0.1343,47.0,,,0.2028,49.0
2021-08-04,0.0715,7.0,0.1223,42.0,0.1743,67.0,,,0.129,16.0,0.1554,35.0,0.1381,46.0,0.1575,69.0,,,0.1909,37.0
2021-08-03,0.0555,3.0,0.1214,42.0,0.1525,54.0,,,0.1717,50.0,0.1547,35.0,0.138,46.0,0.1236,38.0,,,0.2023,48.0
2021-08-02,0.0823,12.0,0.1196,40.0,0.1769,68.0,,,0.1477,31.0,0.1549,35.0,0.1383,46.0,0.1471,59.0,,,0.1845,33.0
2021-07-30,0.0829,12.0,0.1051,25.0,0.1514,53.0,,,0.1413,26.0,0.1547,35.0,0.1396,48.0,0.1487,61.0,,,0.1944,40.0
2021-07-29,0.088,14.0,0.0929,14.0,0.1527,54.0,,,0.1614,42.0,0.1547,35.0,0.1392,47.0,0.1346,47.0,,,0.1838,32.0
2021-07-28,0.1822,67.0,0.1322,51.0,0.1592,59.0,,,0.1558,37.0,0.1575,37.0,0.1401,49.0,0.1577,69.0,,,0.2061,52.0
2021-07-27,0.2398,84.0,0.1515,67.0,0.1548,56.0,,,0.1567,37.0,0.1579,37.0,0.1418,52.0,0.1506,62.0,,,0.2132,57.0
2021-07-26,0.2398,84.0,0.1448,62.0,0.1505,53.0,,,0.1665,46.0,0.1583,38.0,0.143,55.0,0.1532,65.0,,,0.198,44.0
2021-07-23,0.238,84.0,0.1419,60.0,0.1171,26.0,,,0.1697,49.0,0.1622,42.0,0.1445,57.0,0.1379,51.0,,,0.1918,38.0
2021-07-22,0.2393,84.0,0.1463,63.0,0.1574,57.0,,,0.1596,40.0,0.1618,42.0,0.1446,57.0,0.1434,56.0,,,0.1996,46.0
2021-07-21,0.2552,87.0,0.155,69.0,0.1849,73.0,,,0.1623,42.0,0.1616,42.0,0.1463,63.0,0.1429,55.0,,,0.1816,30.0
2021-07-20,0.256,87.0,0.1559,70.0,0.1454,49.0,,,0.171,49.0,0.1614,41.0,0.1454,60.0,0.1215,36.0,,,0.208,53.0
2021-07-19,0.222,80.0,0.1332,52.0,0.1864,74.0,,,0.2059,70.0,0.1574,37.0,0.144,57.0,0.1801,83.0,,,0.2014,47.0
2021-07-16,0.1567,55.0,0.1142,35.0,0.1544,55.0,,,0.157,38.0,0.1569,36.0,0.1452,60.0,0.1355,48.0,,,0.1897,36.0
2021-07-15,0.1567,55.0,0.1191,39.0,0.1425,47.0,,,0.1623,42.0,0.1591,39.0,0.1464,63.0,0.1183,33.0,,,0.1866,34.0
2021-07-14,0.1657,60.0,0.1439,62.0,0.1376,43.0,,,0.1669,46.0,0.16,40.0,0.1484,69.0,0.1506,62.0,,,0.1907,37.0
2021-07-13,0.1615,57.0,0.1384,57.0,0.1697,65.0,,,0.1445,28.0,0.1595,39.0,0.1473,66.0,0.1551,67.0,,,0.1791,28.0
2021-07-12,0.1029,23.0,0.1412,60.0,0.1406,46.0,,,0.1264,14.0,0.1594,39.0,0.1475,67.0,0.1438,56.0,,,0.1992,45.0
2021-07-09,0.1332,42.0,0.1449,62.0,0.1466,50.0,,,0.1353,21.0,0.1591,39.0,0.1474,66.0,0.1346,47.0,,,0.1917,37.0
2021-07-08,0.1113,27.0,0.1371,56.0,0.1609,60.0,,,0.1387,24.0,0.1586,38.0,0.1473,66.0,0.1319,45.0,,,0.1916,37.0
2021-07-07,0.1216,34.0,0.141,59.0,0.1404,46.0,,,0.2238,76.0,0.1587,38.0,0.1474,66.0,0.1355,48.0,,,0.2107,56.0
2021-07-06,0.1257,37.0,0.1378,57.0,0.1023,15.0,,,0.1497,32.0,0.1596,39.0,0.1477,67.0,0.1299,44.0,,,0.1987,45.0
2021-07-02,0.1006,21.0,0.1145,35.0,0.1154,24.0,,,0.1647,44.0,0.1598,40.0,0.1483,68.0,0.1407,53.0,,,0.1936,39.0
2021-07-01,0.0938,17.0,0.1177,38.0,0.1343,41.0,,,0.1223,11.0,0.1598,40.0,0.1474,66.0,0.1373,50.0,,,0.2,46.0
2021-06-30,0.0816,11.0,0.1018,22.0,0.1179,26.0,,,0.118,8.0,0.1694,52.0,0.1521,73.0,0.1434,56.0,,,0.1851,33.0
2021-06-29,0.158,56.0,0.1209,41.0,0.1204,28.0,,,0.1391,24.0,0.1694,52.0,0.1514,72.0,0.1279,42.0,,,0.2014,47.0
2021-06-28,0.199,73.0,0.1341,53.0,0.1241,32.0,,,0.1763,53.0,0.1692,51.0,0.1516,72.0,0.1346,47.0,,,0.1721,21.0
2021-06-25,0.1927,71.0,0.1271,47.0,0.0967,11.0,,,0.1898,61.0,0.1692,51.0,0.1517,72.0,0.1522,64.0,,,0.1898,36.0
2021-06-24,0.1932,71.0,0.1327,52.0,0.1347,41.0,,,0.0983,3.0,0.1691,51.0,0.1517,72.0,0.1397,52.0,,,0.2065,52.0
2021-06-23,0.2015,74.0,0.1355,54.0,0.1449,49.0,,,0.1628,43.0,0.1692,51.0,0.1517,72.0,0.1505,62.0,,,0.1742,23.0
2021-06-22,0.2033,75.0,0.1339,53.0,0.1387,44.0,,,0.1218,11.0,0.1701,52.0,0.1525,73.0,0.1457,57.0,,,0.2108,56.0
2021-06-21,0.2033,75.0,0.1368,56.0,0.1276,34.0,,,0.1317,18.0,0.1704,53.0,0.1528,73.0,0.1472,59.0,,,0.202,48.0
2021-06-18,0.1457,50.0,0.1202,40.0,0.179,69.0,,,0.1187,9.0,0.1679,50.0,0.1523,73.0,0.1483,60.0,,,0.1937,40.0
2021-06-17,0.1046,24.0,0.1042,24.0,0.1461,49.0,,,0.1182,9.0,0.169,51.0,0.1539,74.0,0.1389,51.0,,,0.2028,49.0
2021-06-16,0.1103,27.0,0.1015,22.0,0.1649,62.0,,,0.1196,9.0,0.1692,51.0,0.154,74.0,0.1287,42.0,,,0.1938,40.0
2021-06-15,0.1076,25.0,0.0996,20.0,0.1513,53.0,,,0.1287,16.0,0.1688,51.0,0.154,74.0,0.1419,54.0,,,0.1922,38.0
2021-06-14,0.0702,7.0,0.0926,14.0,0.1304,37.0,,,0.1436,28.0,0.1707,53.0,0.1556,74.0,0.139,51.0,,,0.1774,26.0
2021-06-11,0.0964,18.0,0.0934,14.0,0.1115,21.0,,,0.1355,21.0,0.1709,53.0,0.1565,74.0,0.1611,72.0,,,0.195,41.0
2021-06-10,0.1027,23.0,0.0984,19.0,0.1309,37.0,,,0.1513,34.0,0.1706,53.0,0.1565,74.0,0.1493,61.0,,,0.1759,25.0
2021-06-09,0.1285,39.0,0.1061,26.0,0.1014,14.0,,,0.1921,63.0,0.1727,55.0,0.1576,75.0,0.1205,35.0,,,0.1959,42.0
2021-06-08,0.1291,39.0,0.1088,28.0,0.1153,24.0,,,0.2004,68.0,0.1731,55.0,0.1582,75.0,0.1342,47.0,,,0.2034,49.0
2021-06-07,0.1496,52.0,0.1141,35.0,0.068,1.0,,,0.19,61.0,0.1734,56.0,0.1583,75.0,0.139,51.0,,,0.2161,59.0
2021-06-04,0.1465,50.0,0.1093,28.0,0.0975,12.0,,,0.1513,34.0,0.173,55.0,0.1573,74.0,0.1391,52.0,,,0.1933,39.0
2021-06-03,0.1424,47.0,0.1122,32.0,0.1018,14.0,,,0.2129,73.0,0.1739,57.0,0.1573,74.0,0.1509,63.0,,,0.2035,49.0
2021-06-02,0.1272,38.0,0.121,41.0,0.1029,15.0,,,0.1391,24.0,0.174,57.0,0.1578,75.0,0.1315,45.0,,,0.1804,28.0
2021-06-01,0.1331,42.0,0.1192,40.0,0.1002,13.0,,,0.2126,73.0,0.1734,56.0,0.1591,75.0,0.1282,42.0,,,0.1962,42.0
2021-05-28,0.1149,28.0,0.1091,28.0,0.1046,16.0,,,0.1492,32.0,0.1725,54.0,0.1576,75.0,0.1401,52.0,,,0.2105,55.0
2021-05-27,0.1215,34.0,0.1151,35.0,0.1118,21.0,,,0.1707,49.0,0.1725,54.0,0.1577,75.0,0.1387,51.0,,,0.2098,55.0
2021-05-26,0.1106,27.0,0.1113,31.0,0.1078,18.0,,,0.1552,37.0,0.1738,57.0,0.1587,75.0,0.1167,32.0,,,0.2133,57.0
2021-05-25,0.1102,27.0,0.1098,30.0,0.1297,36.0,,,0.1778,54.0,0.1738,57.0,0.1589,75.0,0.1439,56.0,,,0.214,57.0
2021-05-24,0.113,28.0,0.1061,26.0,0.1368,42.0,,,0.1652,45.0,0.1749,59.0,0.159,75.0,0.146,57.0,,,0.2098,55.0
2021-05-21,0.1337,42.0,0.1228,43.0,0.148,51.0,,,0.1615,42.0,0.1745,57.0,0.1592,75.0,0.1546,67.0,,,0.2132,57.0
2021-05-20,0.2214,80.0,0.151,66.0,0.1376,43.0,,,0.2181,75.0,0.1745,57.0,0.16,76.0,0.1414,54.0,,,0.2228,62.0
2021-05-19,0.2189,79.0,0.1525,67.0,0.1483,51.0,,,0.1919,62.0,0.1739,57.0,0.1597,75.0,0.1449,57.0,,,0.2281,65.0
2021-05-18,0.2195,79.0,0.151,66.0,0.1899,75.0,,,0.1811,56.0,0.1797,64.0,0.1618,76.0,0.1585,70.0,,,0.2131,57.0
2021-05-17,0.2294,82.0,0.1545,69.0,0.2362,88.0,,,0.1798,55.0,0.1798,64.0,0.1634,77.0,0.1571,68.0,,,0.2147,57.0
2021-05-14,0.2402,85.0,0.1637,74.0,0.1878,74.0,,,0.1759,53.0,0.1806,65.0,0.1643,77.0,0.1601,71.0,,,0.2035,49.0
2021-05-13,0.2626,88.0,0.1638,74.0,0.212,83.0,,,0.186,59.0,0.1836,67.0,0.1656,78.0,0.187,85.0,,,0.2225,62.0
2021-05-12,0.2258,81.0,0.1498,66.0,0.2735,93.0,,,0.1808,56.0,0.1837,67.0,0.1655,78.0,0.1902,87.0,,,0.1936,39.0
2021-05-11,0.1771,65.0,0.139,57.0,0.2237,85.0,,,0.2314,78.0,0.1801,64.0,0.1653,77.0,0.1663,76.0,,,0.2166,59.0
2021-05-10,0.1675,61.0,0.1187,39.0,0.2013,80.0,,,0.1461,30.0,0.186,69.0,0.1668,78.0,0.158,69.0,,,0.186,34.0
2021-05-07,0.1698,62.0,0.1199,40.0,0.133,39.0,,,0.1509,33.0,0.1973,77.0,0.1821,81.0,0.136,49.0,,,0.2067,52.0
2021-05-06,0.1592,56.0,0.119,39.0,0.1548,56.0,,,0.1601,40.0,0.1975,77.0,0.183,81.0,0.136,49.0,,,0.2101,55.0
2021-05-05,0.1264,37.0,0.105,25.0,0.1912,76.0,,,0.1657,45.0,0.1971,77.0,0.1828,81.0,0.1641,74.0,,,0.199,45.0
2021-05-04,0.0838,12.0,0.108,28.0,0.1628,61.0,,,0.1619,42.0,0.1955,75.0,0.1835,81.0,0.1564,68.0,,,0.1896,36.0
2021-05-03,0.0696,6.0,0.0978,18.0,0.1435,48.0,,,0.1332,19.0,0.1989,77.0,0.1842,81.0,0.1478,60.0,,,0.1926,39.0
2021-04-30,0.0684,6.0,0.0972,18.0,0.1566,57.0,,,0.1409,26.0,0.202,79.0,0.1856,82.0,0.1427,55.0,,,0.1862,34.0
2021-04-29,0.0753,9.0,0.0943,15.0,0.1448,48.0,,,0.1759,53.0,0.2019,79.0,0.1858,82.0,0.1395,52.0,,,0.1953,41.0
2021-04-28,0.1056,24.0,0.0976,18.0,0.1606,60.0,,,0.1349,21.0,0.2032,79.0,0.1874,83.0,0.1377,50.0,,,0.1933,39.0
2021-04-27,0.088,14.0,0.0932,14.0,0.1338,40.0,,,0.1405,25.0,0.2086,80.0,0.1881,83.0,0.1349,48.0,,,0.1916,37.0
2021-04-26,0.0858,13.0,0.0947,16.0,0.1311,38.0,,,0.1315,18.0,0.2107,80.0,0.1891,83.0,0.1383,51.0,,,0.2036,49.0
2021-04-23,0.108,26.0,0.1046,25.0,0.1044,16.0,,,0.1336,20.0,0.2114,80.0,0.1892,83.0,0.1439,56.0,,,0.1761,25.0
2021-04-22,0.1377,45.0,0.1123,32.0,0.1452,49.0,,,0.1367,22.0,0.2114,80.0,0.1894,83.0,0.1377,50.0,,,0.1882,35.0
2021-04-21,0.1282,39.0,0.1139,34.0,0.1414,46.0,,,0.1337,20.0,0.2119,81.0,0.1897,83.0,0.1352,48.0,,,0.1928,39.0
2021-04-20,0.1285,39.0,0.1131,33.0,0.1244,32.0,,,0.1376,23.0,0.2118,81.0,0.1896,83.0,0.1365,49.0,,,0.1829,31.0
2021-04-19,0.1222,34.0,0.1017,22.0,0.1208,28.0,,,0.1747,52.0,0.2114,80.0,0.1893,83.0,0.1367,49.0,,,0.2004,46.0
2021-04-16,0.1266,38.0,0.1011,21.0,0.1332,40.0,,,0.1695,48.0,0.2139,81.0,0.1904,84.0,0.1386,51.0,,,0.1925,38.0
2021-04-15,0.1279,39.0,0.1036,24.0,0.1301,37.0,,,0.1405,25.0,0.215,82.0,0.1908,84.0,0.1277,41.0,,,0.2002,46.0
2021-04-14,0.0996,20.0,0.0918,13.0,0.1487,52.0,,,0.1372,23.0,0.2142,82.0,0.1913,84.0,0.1518,64.0,,,0.1892,36.0
2021-04-13,0.0739,8.0,0.1069,27.0,0.1222,30.0,,,0.1221,11.0,0.2143,82.0,0.1913,84.0,0.1323,46.0,,,0.1918,38.0
2021-04-12,0.1238,36.0,0.1201,40.0,0.1202,28.0,,,0.1389,24.0,0.2151,82.0,0.192,84.0,0.1164,31.0,,,0.194,40.0
2021-04-09,0.1497,52.0,0.1271,47.0,0.1326,39.0,,,0.1373,23.0,0.2151,82.0,0.1921,84.0,0.1303,44.0,,,0.2015,47.0
2021-04-08,0.1469,50.0,0.1271,47.0,0.1222,30.0,,,0.1033,4.0,0.2154,82.0,0.1924,85.0,0.1418,54.0,,,0.2005,46.0
2021-04-07,0.1541,54.0,0.1352,54.0,0.1341,40.0,,,0.1246,13.0,0.2164,82.0,0.1928,85.0,0.1403,53.0,,,0.2034,49.0
2021-04-06,0.1727,63.0,0.1403,57.0,0.1017,14.0,,,0.1142,7.0,0.2163,82.0,0.193,85.0,0.1366,49.0,,,0.2218,61.0
2021-04-05,0.1723,63.0,0.1631,74.0,0.1247,32.0,,,0.1701,49.0,0.2167,82.0,0.1935,85.0,0.1413,54.0,,,0.2083,54.0
2021-04-01,0.1713,62.0,0.1549,69.0,0.1326,39.0,,,0.1272,15.0,0.2166,82.0,0.1936,85.0,0.1431,55.0,,,0.2055,51.0
2021-03-31,0.1313,41.0,0.1456,63.0,0.1763,68.0,,,0.1612,41.0,0.2172,82.0,0.1968,87.0,0.1542,66.0,,,0.2271,64.0
2021-03-30,0.1055,24.0,0.1402,57.0,0.14,45.0,,,0.1513,34.0,0.2207,83.0,0.1976,87.0,0.1687,78.0,,,0.2199,60.0
2021-03-29,0.2001,74.0,0.1708,78.0,0.1781,69.0,,,0.1974,66.0,0.2207,83.0,0.1983,87.0,0.144,56.0,,,0.1933,39.0
2021-03-26,0.2023,74.0,0.165,75.0,0.1503,53.0,,,0.1688,48.0,0.2213,83.0,0.1992,88.0,0.1454,57.0,,,0.2234,62.0
2021-03-25,0.1648,59.0,0.1624,73.0,0.1547,56.0,,,0.1421,27.0,0.2222,83.0,0.1992,88.0,0.1544,66.0,,,0.2074,53.0
2021-03-24,0.1673,60.0,0.1479,64.0,0.1257,33.0,,,0.1903,62.0,0.2238,84.0,0.1995,88.0,0.1594,70.0,,,0.2099,55.0
2021-03-23,0.2072,76.0,0.1598,72.0,0.116,25.0,,,0.2293,78.0,0.2238,84.0,0.2,88.0,0.1401,52.0,,,0.254,79.0
2021-03-22,0.2567,88.0,0.1838,83.0,0.1585,57.0,,,0.1567,37.0,0.2289,85.0,0.202,90.0,0.139,51.0,,,0.2249,63.0
2021-03-19,0.2541,87.0,0.1843,83.0,0.1493,52.0,,,0.1842,57.0,0.2295,85.0,0.2029,90.0,0.1752,81.0,,,0.2358,69.0
2021-03-18,0.1885,70.0,0.1741,79.0,0.0983,12.0,,,0.203,69.0,0.2311,86.0,0.2029,90.0,0.1974,89.0,,,0.2483,76.0
2021-03-17,0.1724,63.0,0.1776,81.0,0.1284,35.0,,,0.2155,74.0,0.2329,86.0,0.2038,91.0,0.1576,69.0,,,0.251,77.0
2021-03-16,0.185,68.0,0.1969,87.0,0.1214,28.0,,,0.1439,28.0,0.2341,87.0,0.2044,92.0,0.1611,72.0,,,0.2473,76.0
2021-03-15,0.139,45.0,0.2075,89.0,0.1549,56.0,,,0.2268,77.0,0.2336,86.0,0.2042,91.0,0.1649,75.0,,,0.2545,79.0
2021-03-12,0.1852,68.0,0.2153,91.0,0.1102,20.0,,,0.2558,84.0,0.233,86.0,0.204,91.0,0.1718,79.0,,,0.2633,82.0
2021-03-11,0.1535,54.0,0.1962,87.0,0.1582,57.0,,,0.1981,66.0,0.2344,87.0,0.204,91.0,0.1781,82.0,,,0.2416,72.0
2021-03-10,0.1548,54.0,0.201,88.0,0.1597,59.0,,,0.2213,75.0,0.2347,87.0,0.2042,91.0,0.1659,75.0,,,0.2602,81.0
2021-03-09,0.1517,53.0,0.1961,87.0,0.2291,87.0,,,0.2211,75.0,0.2348,87.0,0.2034,91.0,0.1883,86.0,,,0.2435,73.0
2021-03-08,0.2243,81.0,0.2134,90.0,0.2291,87.0,,,0.2155,74.0,0.2349,87.0,0.2039,91.0,0.1775,82.0,,,0.2642,82.0
2021-03-05,0.209,76.0,0.2255,93.0,0.2393,89.0,,,0.2334,79.0,0.2342,87.0,0.2032,90.0,0.1707,79.0,,,0.2784,86.0
2021-03-04,0.1977,73.0,0.212,90.0,0.2494,90.0,,,0.1982,66.0,0.2337,86.0,0.2032,90.0,0.188,86.0,,,0.2473,76.0
2021-03-03,0.2337,83.0,0.1973,87.0,0.1629,61.0,,,0.15,32.0,0.2332,86.0,0.2031,90.0,0.1797,83.0,,,0.2603,81.0
2021-03-02,0.2421,85.0,0.2005,88.0,0.1955,78.0,,,0.1943,64.0,0.2348,87.0,0.2038,91.0,0.1861,85.0,,,0.2705,84.0
2021-03-01,0.2437,85.0,0.1947,86.0,0.2053,81.0,,,0.1821,57.0,0.2348,87.0,0.2036,91.0,0.1768,82.0,,,0.2588,81.0
2021-02-26,0.2403,85.0,0.1841,83.0,0.2708,92.0,,,0.1789,55.0,0.2351,87.0,0.2033,90.0,0.1781,82.0,,,0.248,76.0
2021-02-25,0.1824,67.0,0.1638,74.0,0.2031,80.0,,,0.2166,74.0,0.2328,86.0,0.2026,90.0,0.1897,86.0,,,0.2598,81.0
2021-02-24,0.1243,36.0,0.1259,46.0,0.1506,53.0,,,0.1572,38.0,0.2326,86.0,0.2018,89.0,0.1716,79.0,,,0.2527,78.0
2021-02-23,0.1241,36.0,0.1222,42.0,0.1376,43.0,,,0.1921,63.0,0.2336,86.0,0.2026,90.0,0.1822,84.0,,,0.2639,82.0
2021-02-22,0.096,18.0,0.118,38.0,0.1548,56.0,,,0.1656,45.0,0.2326,86.0,0.2025,90.0,0.1584,70.0,,,0.2383,70.0
2021-02-19,0.0996,20.0,0.1147,35.0,0.1751,67.0,,,0.1663,46.0,0.2328,86.0,0.203,90.0,0.1892,86.0,,,0.2651,83.0
2021-02-18,0.1009,21.0,0.1107,31.0,0.1739,67.0,,,0.1871,60.0,0.2328,86.0,0.2033,90.0,0.1885,86.0,,,0.2656,83.0
2021-02-17,0.0987,20.0,0.1169,37.0,0.1429,47.0,,,0.143,27.0,0.2337,86.0,0.2043,91.0,0.1943,88.0,,,0.2617,82.0
2021-02-16,0.0956,18.0,0.1133,34.0,0.186,73.0,,,0.1785,54.0,0.2362,87.0,0.2054,92.0,0.1807,83.0,,,0.257,80.0
2021-02-12,0.0652,5.0,0.1097,30.0,0.1397,45.0,,,0.1792,55.0,0.2361,87.0,0.2055,92.0,0.1879,86.0,,,0.2556,79.0
2021-02-11,0.0531,2.0,0.1287,48.0,0.1379,44.0,,,0.1391,24.0,0.2363,87.0,0.2057,92.0,0.1849,85.0,,,0.2309,66.0
2021-02-10,0.0581,3.0,0.1259,46.0,0.1919,76.0,,,0.1686,47.0,0.2361,87.0,0.2058,92.0,0.2031,90.0,,,0.2578,80.0
2021-02-09,0.1266,38.0,0.1539,68.0,0.1703,65.0,,,0.1359,22.0,0.2374,87.0,0.2066,92.0,0.1727,80.0,,,0.2446,74.0
2021-02-08,0.1488,51.0,0.18,82.0,0.1593,59.0,,,0.1985,66.0,0.2374,87.0,0.2068,92.0,0.1828,84.0,,,0.2529,78.0
2021-02-05,0.1524,53.0,0.1982,87.0,0.128,35.0,,,0.1566,37.0,0.2385,88.0,0.2083,92.0,0.1858,85.0,,,0.2493,76.0
2021-02-04,0.2311,82.0,0.2175,91.0,0.2471,90.0,,,0.2341,79.0,0.2386,88.0,0.2086,92.0,0.192,87.0,,,0.2834,88.0
2021-02-03,0.2271,81.0,0.2151,91.0,0.1602,59.0,,,0.1816,57.0,0.2394,88.0,0.2091,93.0,0.1733,80.0,,,0.2319,67.0
2021-02-02,0.227,81.0,0.2113,90.0,0.187,74.0,,,0.201,68.0,0.2397,88.0,0.2089,92.0,0.2073,91.0,,,0.2528,78.0
2021-02-01,0.227,81.0,0.2124,90.0,0.1908,76.0,,,0.258,84.0,0.2398,88.0,0.2092,93.0,0.1908,87.0,,,0.2836,88.0
2021-01-29,0.1673,60.0,0.1922,86.0,0.3009,95.0,,,0.3502,93.0,0.2381,87.0,0.2083,92.0,0.3016,99.0,,,0.3319,97.0
2021-01-28,0.2262,81.0,0.2006,88.0,0.281,94.0,,,0.2793,87.0,0.2392,88.0,0.2079,92.0,0.2897,99.0,,,0.3038,92.0
2021-01-27,0.2396,84.0,0.1955,86.0,0.3417,97.0,,,0.1745,52.0,0.2388,88.0,0.2074,92.0,0.2835,98.0,,,0.3041,92.0
2021-01-26,0.2035,75.0,0.1874,84.0,0.2008,79.0,,,0.1842,57.0,0.2365,87.0,0.2074,92.0,0.1707,79.0,,,0.2132,57.0
2021-01-25,0.2035,75.0,0.187,84.0,0.1903,76.0,,,0.2082,71.0,0.2372,87.0,0.2078,92.0,0.1903,87.0,,,0.2513,78.0
2021-01-22,0.2166,78.0,0.1884,84.0,0.1985,79.0,,,0.2384,80.0,0.2402,88.0,0.2095,93.0,0.1985,89.0,,,0.2592,81.0
2021-01-20,0.2335,83.0,0.1871,84.0,0.1662,63.0,,,0.2491,82.0,0.2405,88.0,0.2098,93.0,0.1662,76.0,,,0.2595,81.0
2021-01-19,0.195,72.0,0.1561,70.0,0.259,91.0,,,0.2408,81.0,0.2387,88.0,0.2089,92.0,0.2018,90.0,,,0.2408,72.0
2021-01-15,0.1717,63.0,0.1457,63.0,0.176,68.0,,,0.248,82.0,0.2407,88.0,0.2103,93.0,0.176,81.0,,,0.2613,82.0
2021-01-14,0.1735,64.0,0.1412,60.0,0.2029,80.0,,,0.23,78.0,0.24,88.0,0.2099,93.0,0.201,90.0,,,0.257,80.0
2021-01-13,0.1755,64.0,0.1401,57.0,0.2799,94.0,,,0.2089,71.0,0.2432,89.0,0.2111,93.0,0.1913,87.0,,,0.2646,83.0
2021-01-12,0.2737,90.0,0.1984,87.0,0.1993,79.0,,,0.1934,63.0,0.2428,88.0,0.2115,93.0,0.2024,90.0,,,0.2654,83.0
2021-01-11,0.283,91.0,0.2058,89.0,0.31,96.0,,,0.3192,91.0,0.2435,89.0,0.2117,93.0,0.2091,91.0,,,0.2567,80.0
2021-01-08,0.2832,91.0,0.2032,88.0,0.2345,88.0,,,0.2184,75.0,0.2432,89.0,0.2116,93.0,0.1916,87.0,,,0.2633,82.0
2021-01-07,0.2753,90.0,0.2072,89.0,0.2301,87.0,,,0.1981,66.0,0.2433,89.0,0.2119,93.0,0.1954,88.0,,,0.2606,81.0
2021-01-06,0.2761,90.0,0.2003,88.0,0.2344,88.0,,,0.2851,88.0,0.243,88.0,0.212,93.0,0.1947,88.0,,,0.2786,86.0
2021-01-05,0.2521,87.0,0.188,84.0,0.1913,76.0,,,0.2136,73.0,0.2421,88.0,0.2114,93.0,0.185,85.0,,,0.2378,70.0
2021-01-04,0.2664,89.0,0.2032,88.0,0.3461,98.0,,,0.217,74.0,0.2425,88.0,0.2124,93.0,0.2458,97.0,,,0.1995,45.0
2020-12-31,0.1262,37.0,0.1392,57.0,0.2041,80.0,,,0.2055,70.0,0.2361,87.0,0.2095,93.0,0.1657,75.0,,,0.2682,84.0
2020-12-30,0.1236,35.0,0.1398,57.0,0.1864,74.0,,,0.1514,34.0,0.2388,88.0,0.2093,93.0,0.2017,90.0,,,0.2511,77.0
2020-12-29,0.1789,66.0,0.1743,79.0,0.2281,86.0,,,0.1931,63.0,0.2394,88.0,0.2106,93.0,0.1873,86.0,,,0.2167,59.0
2020-12-28,0.1861,69.0,0.1684,77.0,0.1961,78.0,,,0.1738,51.0,0.2394,88.0,0.2118,93.0,0.1717,79.0,,,0.2387,70.0
2020-12-24,0.1827,67.0,0.173,79.0,0.1916,76.0,,,0.1758,53.0,0.2444,89.0,0.2144,93.0,0.1664,76.0,,,0.2508,77.0
2020-12-23,0.2303,82.0,0.1982,87.0,0.1933,77.0,,,0.1994,67.0,0.2447,89.0,0.2149,93.0,0.2131,92.0,,,0.2201,60.0
2020-12-22,0.2203,79.0,0.1996,88.0,0.3173,96.0,,,0.2517,83.0,0.2448,89.0,0.215,94.0,0.1558,67.0,,,0.2556,79.0
2020-12-21,0.2158,78.0,0.1969,87.0,0.2457,89.0,,,0.2624,85.0,0.2453,89.0,0.2153,94.0,0.2722,98.0,,,0.3269,96.0
2020-12-18,0.2422,85.0,0.1953,86.0,0.2398,89.0,,,0.2717,86.0,0.2461,89.0,0.2157,94.0,0.2258,94.0,,,0.2408,72.0
2020-12-17,0.2016,74.0,0.1722,78.0,0.1882,75.0,,,0.1992,67.0,0.2471,89.0,0.2165,94.0,0.2101,91.0,,,0.2679,84.0
2020-12-16,0.2016,74.0,0.1696,77.0,0.2418,89.0,,,0.2853,88.0,0.2474,89.0,0.2169,94.0,0.2025,90.0,,,0.2447,74.0
2020-12-15,0.2013,74.0,0.1671,76.0,0.3369,97.0,,,0.3454,93.0,0.2474,89.0,0.2174,94.0,0.1468,59.0,,,0.2725,85.0
2020-12-14,0.1758,64.0,0.1347,54.0,0.274,93.0,,,0.3807,95.0,0.2518,91.0,0.2204,94.0,0.2157,92.0,,,0.2015,47.0
2020-12-11,0.1762,65.0,0.1267,47.0,0.1214,28.0,,,0.2328,79.0,0.251,90.0,0.2198,94.0,0.1868,85.0,,,0.291,90.0
2020-12-10,0.1739,64.0,0.1377,57.0,0.1933,77.0,,,0.2979,90.0,0.2525,91.0,0.2216,94.0,0.1878,86.0,,,0.232,67.0
2020-12-09,0.139,45.0,0.128,48.0,0.1817,71.0,,,0.2358,79.0,0.2527,91.0,0.2224,94.0,0.1735,80.0,,,0.285,88.0
2020-12-08,0.135,43.0,0.1196,40.0,0.1682,64.0,,,0.2808,87.0,0.2528,91.0,0.226,94.0,0.1597,71.0,,,0.2413,72.0
2020-12-07,0.167,60.0,0.1439,62.0,0.212,83.0,,,0.2933,89.0,0.2566,91.0,0.228,94.0,0.1637,74.0,,,0.2453,75.0
2020-12-04,0.1691,61.0,0.146,63.0,0.1696,65.0,,,0.2469,82.0,0.2719,94.0,0.2294,94.0,0.1539,66.0,,,0.2852,88.0
2020-12-03,0.1713,62.0,0.1482,65.0,0.261,92.0,,,0.2154,74.0,0.2747,94.0,0.2308,94.0,0.1444,56.0,,,0.2991,91.0
2020-12-02,0.1638,59.0,0.1494,66.0,0.1774,68.0,,,0.2664,85.0,0.2756,94.0,0.231,94.0,0.2147,92.0,,,0.3207,96.0
2020-12-01,0.1474,51.0,0.154,68.0,0.2004,79.0,,,0.3114,91.0,0.284,94.0,0.2324,95.0,0.159,70.0,,,0.2401,71.0
2020-11-30,0.1474,51.0,0.154,68.0,0.2196,85.0,,,0.312,91.0,0.284,94.0,0.2324,95.0,0.2159,92.0,,,0.2872,89.0
2020-11-29,0.2307,82.0,0.1915,85.0,0.2351,88.0,,,0.2556,83.0,0.2843,94.0,0.2326,95.0,0.2128,92.0,,,0.2753,85.0
2020-11-28,0.2307,82.0,0.1915,85.0,0.2327,87.0,,,0.2547,83.0,0.2843,94.0,0.2326,95.0,0.2123,92.0,,,0.2747,85.0
2020-11-27,0.2211,80.0,0.1838,83.0,0.2304,87.0,,,0.2539,83.0,0.2878,94.0,0.2331,95.0,0.2119,92.0,,,0.2741,85.0
2020-11-26,0.2211,80.0,0.1838,83.0,0.1876,74.0,,,0.223,76.0,0.2878,94.0,0.2331,95.0,0.1853,85.0,,,0.2712,84.0
2020-11-25,0.2435,85.0,0.2074,89.0,0.1869,74.0,,,0.2208,75.0,0.2878,94.0,0.233,95.0,0.1848,85.0,,,0.2707,84.0
2020-11-24,0.279,91.0,0.2224,92.0,0.1873,74.0,,,0.2571,84.0,0.2886,94.0,0.234,95.0,0.1841,84.0,,,0.2796,86.0
2020-11-23,0.2932,92.0,0.2264,93.0,0.2805,94.0,,,0.2386,80.0,0.289,94.0,0.2341,95.0,0.2266,94.0,,,0.2674,84.0
2020-11-20,0.2941,92.0,0.2308,93.0,0.1936,77.0,,,0.2494,82.0,0.289,94.0,0.2345,95.0,0.2179,93.0,,,0.284,88.0
2020-11-19,0.3745,97.0,0.2534,96.0,0.1923,76.0,,,0.2721,86.0,0.2891,94.0,0.2353,95.0,0.1881,86.0,,,0.2715,85.0
2020-11-18,0.3746,97.0,0.3822,99.0,0.2491,90.0,,,0.2362,80.0,0.2913,95.0,0.234,95.0,0.1802,83.0,,,0.232,67.0
2020-11-17,0.3746,97.0,0.3822,99.0,0.1703,65.0,,,0.3314,92.0,0.2913,95.0,0.234,95.0,0.1458,57.0,,,0.2933,90.0
2020-11-16,0.3865,98.0,0.3867,100.0,0.3916,99.0,,,0.2157,74.0,0.2914,95.0,0.2336,95.0,0.1829,84.0,,,0.2344,68.0
2020-11-15,0.3989,98.0,0.3749,99.0,0.2477,90.0,,,0.34,93.0,0.2909,94.0,0.2329,95.0,0.1802,83.0,,,0.2751,85.0
2020-11-14,0.3989,98.0,0.3749,99.0,0.2337,88.0,,,0.3197,91.0,0.2909,94.0,0.2329,95.0,0.1796,83.0,,,0.2742,85.0
2020-11-13,0.3989,98.0,0.3749,99.0,0.4676,100.0,,,0.1811,56.0,0.2909,94.0,0.2329,95.0,0.222,94.0,,,0.2654,83.0
2020-11-12,0.3962,98.0,0.3705,99.0,0.3286,97.0,,,0.2616,85.0,0.2889,94.0,0.2323,95.0,0.1625,73.0,,,0.2691,84.0
2020-11-11,0.3817,98.0,0.3719,99.0,0.1778,69.0,,,0.2596,84.0,0.2883,94.0,0.2319,95.0,0.1636,74.0,,,0.2454,75.0
2020-11-10,0.3663,97.0,0.3812,99.0,0.1741,67.0,,,0.2847,88.0,0.3056,95.0,0.2353,95.0,0.1684,77.0,,,0.2823,87.0
2020-11-09,0.3508,96.0,0.3645,99.0,0.2815,94.0,,,0.2555,83.0,0.3016,95.0,0.2341,95.0,0.2083,91.0,,,0.2222,62.0
2020-11-06,0.2583,88.0,0.2214,92.0,0.3431,97.0,,,0.2476,82.0,0.2942,95.0,0.2254,94.0,0.25,97.0,,,0.2644,82.0
2020-11-05,0.3453,96.0,0.2186,92.0,0.2826,94.0,,,0.2654,85.0,0.2955,95.0,0.2251,94.0,0.2286,94.0,,,0.2854,88.0
2020-11-04,0.3721,97.0,0.2279,93.0,0.2491,90.0,,,0.306,90.0,0.3046,95.0,0.2299,94.0,0.2404,96.0,,,0.2766,86.0
2020-11-03,0.377,97.0,0.2228,92.0,0.3025,95.0,,,0.357,94.0,0.3054,95.0,0.2301,94.0,0.2347,95.0,,,0.33,97.0
2020-11-02,0.3283,95.0,0.2099,90.0,0.3127,96.0,,,0.3784,95.0,0.3058,95.0,0.23,94.0,0.227,94.0,,,0.3229,96.0
2020-10-30,0.2835,91.0,0.1915,85.0,0.3858,99.0,,,0.3179,91.0,0.3045,95.0,0.2303,94.0,0.2535,97.0,,,0.3192,95.0
2020-10-29,0.2831,91.0,0.1848,83.0,0.2734,93.0,,,0.3591,94.0,0.3064,95.0,0.2313,94.0,0.2037,90.0,,,0.3206,95.0
2020-10-28,0.2559,87.0,0.1499,66.0,0.3305,97.0,,,0.292,89.0,0.3053,95.0,0.2301,94.0,0.2408,96.0,,,0.2722,85.0
2020-10-27,0.2123,77.0,0.1551,69.0,0.3237,97.0,,,0.2689,86.0,0.3018,95.0,0.2303,94.0,0.2435,96.0,,,0.2574,80.0
2020-10-26,0.1999,74.0,0.1447,62.0,0.3217,96.0,,,0.2631,85.0,0.3046,95.0,0.2303,94.0,0.2129,92.0,,,0.2849,88.0
2020-10-23,0.1951,72.0,0.1577,71.0,0.2541,91.0,,,0.2638,85.0,0.3051,95.0,0.2305,94.0,0.2124,92.0,,,0.2675,84.0
2020-10-22,0.1999,74.0,0.159,72.0,0.2238,85.0,,,0.297,90.0,0.3063,95.0,0.2316,94.0,0.1975,89.0,,,0.2962,91.0
2020-10-21,0.1734,63.0,0.17,77.0,0.2529,90.0,,,0.2882,88.0,0.3062,95.0,0.2324,95.0,0.2021,90.0,,,0.2753,85.0
2020-10-20,0.1761,64.0,0.1721,78.0,0.271,92.0,,,0.29,89.0,0.3099,95.0,0.2339,95.0,0.2135,92.0,,,0.2746,85.0
2020-10-19,0.1415,47.0,0.1776,81.0,0.2583,91.0,,,0.2309,78.0,0.3097,95.0,0.2345,95.0,0.2475,97.0,,,0.2503,77.0
2020-10-16,0.1766,65.0,0.1624,73.0,0.2343,88.0,,,0.2723,86.0,0.3096,95.0,0.2349,95.0,0.204,90.0,,,0.3058,93.0
2020-10-15,0.1598,57.0,0.1588,71.0,0.2467,90.0,,,0.2746,86.0,0.31,95.0,0.235,95.0,0.2001,89.0,,,0.2909,90.0
2020-10-14,0.1588,56.0,0.1524,67.0,0.2702,92.0,,,0.228,77.0,0.3124,95.0,0.2351,95.0,0.2237,94.0,,,0.276,86.0
2020-10-13,0.1528,53.0,0.1651,75.0,0.2637,92.0,,,0.3006,90.0,0.3206,95.0,0.2371,95.0,0.2333,95.0,,,0.2617,82.0
2020-10-12,0.1844,68.0,0.2175,91.0,0.2095,82.0,,,0.2369,80.0,0.3247,95.0,0.237,95.0,0.1967,88.0,,,0.2798,87.0
2020-10-09,0.2461,86.0,0.233,94.0,0.376,98.0,,,0.2414,81.0,0.3257,95.0,0.238,96.0,0.2576,97.0,,,0.2678,84.0
2020-10-08,0.2259,81.0,0.2376,94.0,0.222,85.0,,,0.2976,90.0,0.3323,95.0,0.2392,96.0,0.2295,95.0,,,0.3002,92.0
2020-10-07,0.2538,87.0,0.2505,96.0,0.2838,94.0,,,0.2814,87.0,0.333,96.0,0.2394,96.0,0.2391,96.0,,,0.3002,92.0
2020-10-06,0.2632,89.0,0.2515,96.0,0.2982,95.0,,,0.2764,87.0,0.3384,96.0,0.2415,96.0,0.2505,97.0,,,0.2925,90.0
2020-10-05,0.2428,85.0,0.2617,97.0,0.2795,94.0,,,0.2603,84.0,0.3481,96.0,0.2464,96.0,0.2054,90.0,,,0.307,93.0
2020-10-02,0.2391,84.0,0.2617,97.0,0.2326,87.0,,,0.4915,98.0,0.3611,96.0,0.2525,96.0,0.239,96.0,,,0.367,99.0
2020-10-01,0.3466,96.0,0.2413,95.0,0.2327,87.0,,,0.293,89.0,0.3601,96.0,0.2534,96.0,0.2193,93.0,,,0.3152,94.0
2020-09-30,0.305,93.0,0.24,95.0,0.3156,96.0,,,0.283,88.0,0.3817,96.0,0.2585,96.0,0.2585,98.0,,,0.2939,90.0
2020-09-29,0.3645,97.0,0.2491,95.0,0.2737,93.0,,,0.2267,77.0,0.3827,96.0,0.2607,96.0,0.2445,96.0,,,0.3061,93.0
2020-09-28,0.3772,97.0,0.2454,95.0,0.2922,95.0,,,0.2954,89.0,0.3831,96.0,0.2638,96.0,0.2366,95.0,,,0.3039,92.0
2020-09-25,0.3397,95.0,0.2511,96.0,0.2645,92.0,,,0.3381,92.0,0.3983,96.0,0.2672,96.0,0.2287,94.0,,,0.3209,96.0
2020-09-24,0.2842,91.0,0.2364,94.0,0.2581,91.0,,,0.3026,90.0,0.3981,96.0,0.2688,96.0,0.2288,95.0,,,0.3067,93.0
2020-09-23,0.2923,92.0,0.2322,94.0,0.2123,83.0,,,0.2494,82.0,0.3997,96.0,0.2743,96.0,0.2707,98.0,,,0.2644,82.0
2020-09-22,0.3307,95.0,0.2197,92.0,0.1363,42.0,,,0.2883,88.0,0.3986,96.0,0.2852,96.0,0.1957,88.0,,,0.3165,95.0
2020-09-21,0.3062,93.0,0.207,89.0,0.2648,92.0,,,0.2638,85.0,0.4106,96.0,0.2923,96.0,0.2326,95.0,,,0.3112,94.0
2020-09-18,0.2591,88.0,0.1851,83.0,0.2016,80.0,,,0.2664,85.0,0.4155,96.0,0.3074,96.0,0.2171,92.0,,,0.2959,91.0
2020-09-17,0.2345,83.0,0.18,82.0,0.197,78.0,,,0.2861,88.0,0.422,96.0,0.311,96.0,0.2181,93.0,,,0.2961,91.0
2020-09-16,0.2275,81.0,0.1742,79.0,0.1745,67.0,,,0.2668,85.0,0.4269,96.0,0.3158,96.0,0.2217,94.0,,,0.2798,87.0
2020-09-15,0.2275,81.0,0.1896,85.0,0.1856,73.0,,,0.2056,70.0,0.4333,96.0,0.3258,96.0,0.2209,93.0,,,0.2786,86.0
2020-09-14,0.2237,80.0,0.2011,88.0,0.1805,70.0,,,0.3406,93.0,0.4336,96.0,0.3327,97.0,0.2121,92.0,,,0.3036,92.0
2020-09-11,0.1697,62.0,0.1916,86.0,0.286,94.0,,,0.272,86.0,0.4612,96.0,0.3495,97.0,0.2068,91.0,,,0.3036,92.0
2020-09-10,0.164,59.0,0.1897,85.0,0.2895,95.0,,,0.2683,85.0,0.4653,96.0,0.3588,98.0,0.2123,92.0,,,0.3004,92.0
2020-09-09,0.1688,61.0,0.1926,86.0,0.2241,86.0,,,0.321,91.0,0.5462,97.0,0.3715,98.0,0.2127,92.0,,,0.2818,87.0
2020-09-08,0.1737,64.0,0.1895,85.0,0.2774,93.0,,,0.3024,90.0,0.5537,97.0,0.3772,99.0,0.2095,91.0,,,0.3161,95.0
2020-09-04,0.1852,68.0,0.2025,88.0,0.151,53.0,,,0.2677,85.0,0.5771,98.0,0.3839,99.0,0.2032,90.0,,,0.3366,97.0
2020-09-03,0.2227,80.0,0.2,88.0,0.1758,67.0,,,0.4219,96.0,0.586,98.0,0.3866,99.0,0.2345,95.0,,,0.2695,84.0
2020-09-02,0.2197,79.0,0.1857,83.0,0.2382,89.0,,,0.3011,90.0,0.5872,98.0,0.3884,99.0,0.2186,93.0,,,0.3414,98.0
2020-09-01,0.1992,73.0,0.1863,84.0,0.2254,86.0,,,0.2702,86.0,0.594,99.0,0.3896,100.0,0.1786,82.0,,,0.3082,93.0
2020-08-31,0.1992,73.0,0.1894,85.0,0.2701,92.0,,,0.2417,81.0,0.5942,99.0,0.3898,100.0,0.2067,91.0,,,0.2822,87.0
2020-08-28,0.1904,70.0,0.2033,88.0,0.1886,75.0,,,0.207,70.0,0.5943,99.0,0.3907,100.0,0.1727,80.0,,,0.3099,93.0
2020-08-27,0.2569,88.0,0.2176,91.0,0.1849,73.0,,,0.1915,62.0,0.597,99.0,0.391,100.0,0.2112,91.0,,,0.2981,91.0
2020-08-26,0.2179,79.0,0.2064,89.0,0.2079,82.0,,,0.2705,86.0,0.596,99.0,0.3914,100.0,0.2032,90.0,,,0.2802,87.0
2020-08-25,0.2033,75.0,0.1934,86.0,0.2352,88.0,,,0.2638,85.0,0.5979,99.0,0.3913,100.0,0.2001,89.0,,,0.2868,89.0
2020-08-24,0.2051,75.0,0.1932,86.0,0.1913,76.0,,,0.2826,87.0,0.5991,99.0,0.3936,100.0,0.1922,87.0,,,0.3134,94.0
2020-08-21,0.2268,81.0,0.1981,87.0,0.2062,81.0,,,0.2707,86.0,0.6045,100.0,0.3958,100.0,0.2015,90.0,,,0.3058,93.0
2020-08-20,0.2286,82.0,0.1939,86.0,0.2156,84.0,,,0.2701,86.0,0.6045,100.0,0.3958,100.0,0.2207,93.0,,,0.3021,92.0
2020-08-19,0.2033,75.0,0.207,89.0,0.2641,92.0,,,0.198,66.0,0.6051,100.0,0.3961,100.0,0.2267,94.0,,,0.2644,82.0
2020-08-18,0.1777,65.0,0.19,85.0,0.2681,92.0,,,0.2259,77.0,0.6044,100.0,0.3957,100.0,0.1973,88.0,,,0.275,85.0
2020-08-17,0.2038,75.0,0.1953,86.0,0.2168,84.0,,,0.3281,92.0,0.6044,100.0,0.3947,100.0,0.1927,87.0,,,0.2977,91.0
2020-08-14,0.2061,76.0,0.2005,88.0,0.2115,83.0,,,0.2945,89.0,0.6046,100.0,0.3957,100.0,0.2032,90.0,,,0.2802,87.0
2020-08-13,0.2055,75.0,0.202,88.0,0.3383,97.0,,,0.2371,80.0,0.6049,100.0,0.395,100.0,0.239,96.0,,,0.2692,84.0
2020-08-12,0.1697,62.0,0.1905,85.0,0.2409,89.0,,,0.2102,72.0,0.6045,100.0,0.3953,100.0,0.2095,91.0,,,0.292,90.0
2020-08-11,0.2099,77.0,0.2018,88.0,0.2586,91.0,,,0.2046,69.0,0.6049,100.0,0.3945,100.0,0.2616,98.0,,,0.282,87.0
2020-08-10,0.1785,65.0,0.1818,82.0,0.2692,92.0,,,0.307,90.0,0.6048,100.0,0.3938,100.0,0.239,96.0,,,0.3001,91.0
2020-08-07,0.1786,65.0,0.1962,87.0,0.2319,87.0,,,0.315,91.0,0.6047,100.0,0.3944,100.0,0.2147,92.0,,,0.3144,94.0
2020-08-06,0.1717,63.0,0.1914,85.0,0.2044,80.0,,,0.3662,94.0,0.6042,100.0,0.3932,100.0,0.2495,97.0,,,0.3385,98.0
2020-08-05,0.2287,82.0,0.2214,92.0,0.3038,96.0,,,0.2721,86.0,0.6042,100.0,0.393,100.0,0.2403,96.0,,,0.3066,93.0
2020-08-04,0.222,80.0,0.2242,92.0,0.2063,81.0,,,0.3051,90.0,0.6042,100.0,0.3928,100.0,0.2225,94.0,,,0.3192,95.0
2020-08-03,0.2341,83.0,0.2178,91.0,0.2923,95.0,,,0.2571,84.0,0.604,100.0,0.3925,100.0,0.2399,96.0,,,0.3185,95.0
2020-07-31,0.2075,76.0,0.2183,91.0,0.2884,94.0,,,0.2558,84.0,0.6037,100.0,0.3921,100.0,0.2297,95.0,,,0.3158,95.0
2020-07-30,0.2498,86.0,0.2442,95.0,0.2412,89.0,,,0.3359,92.0,0.6037,100.0,0.3918,100.0,0.2209,93.0,,,0.3216,96.0
2020-07-29,0.2573,88.0,0.2307,93.0,0.2127,83.0,,,0.2871,88.0,0.6036,100.0,0.3912,100.0,0.2127,92.0,,,0.3103,93.0
2020-07-28,0.3197,94.0,0.2443,95.0,0.2292,87.0,,,0.3273,92.0,0.6033,100.0,0.391,100.0,0.212,92.0,,,0.3371,97.0
2020-07-27,0.2813,91.0,0.2243,92.0,0.2703,92.0,,,0.2397,81.0,0.6019,100.0,0.39,100.0,0.1994,89.0,,,0.3286,96.0
2020-07-24,0.2901,92.0,0.22,92.0,0.2936,95.0,,,0.2134,73.0,0.6019,100.0,0.3897,100.0,0.2409,96.0,,,0.28,87.0
2020-07-23,0.2914,92.0,0.2206,92.0,0.2753,93.0,,,0.2856,88.0,0.6018,100.0,0.3897,100.0,0.2387,96.0,,,0.2976,91.0
2020-07-22,0.2882,92.0,0.2163,91.0,0.2418,89.0,,,0.2539,83.0,0.6017,100.0,0.3892,99.0,0.2379,96.0,,,0.3241,96.0
2020-07-21,0.224,81.0,0.184,83.0,0.3001,95.0,,,0.2637,85.0,0.6001,100.0,0.388,99.0,0.2653,98.0,,,0.297,91.0
2020-07-20,0.2272,81.0,0.1883,84.0,0.2961,95.0,,,0.2449,82.0,0.6003,100.0,0.3879,99.0,0.3178,100.0,,,0.2981,91.0
2020-07-17,0.1591,56.0,0.1705,77.0,0.2523,90.0,,,0.3271,92.0,0.5994,99.0,0.3874,99.0,0.2469,97.0,,,0.3327,97.0
2020-07-16,0.1329,42.0,0.1644,75.0,0.4122,99.0,,,0.3715,95.0,0.5993,99.0,0.3872,99.0,0.2665,98.0,,,0.3197,95.0
2020-07-15,0.2105,77.0,0.177,80.0,0.3178,96.0,,,0.2811,87.0,0.5997,100.0,0.3866,99.0,0.2536,97.0,,,0.3198,95.0
2020-07-14,0.1769,65.0,0.1856,83.0,0.3979,99.0,,,0.3587,94.0,0.5993,99.0,0.3868,99.0,0.2735,98.0,,,0.3459,98.0
2020-07-13,0.1428,48.0,0.2071,89.0,0.3898,99.0,,,0.3315,92.0,0.5993,99.0,0.3866,99.0,0.288,99.0,,,0.3129,94.0
2020-07-10,0.2998,93.0,0.2615,97.0,0.3355,97.0,,,0.374,95.0,0.5992,99.0,0.3872,99.0,0.2671,98.0,,,0.3339,97.0
2020-07-09,0.3105,94.0,0.2605,96.0,0.4172,99.0,,,0.4173,96.0,0.5995,100.0,0.3869,99.0,0.3033,99.0,,,0.3367,97.0
2020-07-08,0.3161,94.0,0.2648,97.0,0.4398,99.0,,,0.336,92.0,0.5996,100.0,0.3867,99.0,0.305,99.0,,,0.376,99.0
2020-07-07,0.3271,95.0,0.2574,96.0,0.2958,95.0,,,0.3038,90.0,0.5996,100.0,0.3861,99.0,0.3037,99.0,,,0.3332,97.0
2020-07-06,0.2798,91.0,0.2617,97.0,0.3838,99.0,,,0.2636,85.0,0.5987,99.0,0.3858,99.0,0.3041,99.0,,,0.3367,97.0
2020-07-02,0.3314,95.0,0.2733,97.0,0.3451,98.0,,,0.24,81.0,0.5987,99.0,0.3852,99.0,0.2997,99.0,,,0.3027,92.0
2020-07-01,0.3339,95.0,0.2581,96.0,0.5049,100.0,,,0.5464,99.0,0.5987,99.0,0.3843,99.0,0.2464,97.0,,,0.381,99.0
2020-06-30,0.2524,87.0,0.2292,93.0,0.3918,99.0,,,0.5639,99.0,0.5967,99.0,0.383,99.0,0.3833,100.0,,,0.3225,96.0
2020-06-29,0.3101,94.0,0.2853,98.0,0.4307,99.0,,,0.4349,97.0,0.5966,99.0,0.3832,99.0,0.3216,100.0,,,0.3896,100.0
2020-06-26,0.2765,90.0,0.2766,97.0,0.4016,99.0,,,0.3793,95.0,0.5964,99.0,0.3829,99.0,0.3217,100.0,,,0.353,98.0
2020-06-25,0.2813,91.0,0.2926,98.0,0.4354,99.0,,,0.3575,94.0,0.5962,99.0,0.3825,99.0,0.2946,99.0,,,0.4262,100.0
2020-06-24,0.2978,93.0,0.3002,98.0,0.3581,98.0,,,0.5545,99.0,0.5958,99.0,0.3821,99.0,0.3082,99.0,,,0.3532,98.0
2020-06-23,0.2944,92.0,0.3203,99.0,0.4737,100.0,,,0.2896,89.0,0.5948,99.0,0.3807,99.0,0.3358,100.0,,,0.3113,94.0
2020-06-22,0.3705,97.0,0.3417,99.0,0.3456,98.0,,,0.7779,100.0,0.5947,99.0,0.3805,99.0,0.2742,98.0,,,0.3818,99.0
2020-06-19,0.5248,99.0,0.3512,99.0,0.5224,100.0,,,0.5274,99.0,0.5947,99.0,0.3802,99.0,0.3036,99.0,,,0.3154,94.0
2020-06-18,0.5128,99.0,0.3186,98.0,0.3704,98.0,,,0.3613,94.0,0.5927,99.0,0.3778,99.0,0.2943,99.0,,,0.3465,98.0
2020-06-17,0.517,99.0,0.3253,99.0,0.5006,100.0,,,0.4545,97.0,0.5928,99.0,0.3777,99.0,0.3644,100.0,,,0.3457,98.0
2020-06-16,0.5461,99.0,0.3096,98.0,0.3827,99.0,,,0.5298,99.0,0.5924,99.0,0.3768,98.0,0.2986,99.0,,,0.3992,100.0
2020-06-15,0.6015,99.0,0.3116,98.0,0.3768,98.0,,,0.4857,98.0,0.5917,99.0,0.3764,98.0,0.2978,99.0,,,0.3983,100.0
2020-06-12,0.6033,99.0,0.2466,95.0,0.3468,98.0,,,0.5412,99.0,0.5917,99.0,0.3736,98.0,0.2989,99.0,,,0.3789,99.0
2020-06-11,0.6097,99.0,0.2492,95.0,0.437,99.0,,,0.5057,98.0,0.5897,99.0,0.3731,98.0,0.3339,100.0,,,0.3981,100.0
2020-06-10,0.4478,98.0,0.2256,93.0,0.3082,96.0,,,0.3167,91.0,0.5837,98.0,0.3726,98.0,0.2612,98.0,,,0.2582,81.0
2020-06-09,0.3688,97.0,0.219,92.0,0.2841,94.0,,,0.3393,92.0,0.5826,98.0,0.372,98.0,0.2157,92.0,,,0.2847,88.0
2020-06-08,0.3407,95.0,0.2179,91.0,0.1906,76.0,,,0.294,89.0,0.582,98.0,0.3717,98.0,0.1888,86.0,,,0.2791,86.0
2020-06-05,0.3427,96.0,0.2163,91.0,0.2315,87.0,,,0.2888,89.0,0.581,98.0,0.3713,98.0,0.2819,98.0,,,0.3869,99.0
2020-06-03,0.2997,93.0,0.2193,92.0,0.2599,91.0,,,0.341,93.0,0.5773,98.0,0.3703,98.0,0.2077,91.0,,,0.3261,96.0
2020-06-02,0.2653,89.0,0.1947,86.0,0.2468,90.0,,,0.282,87.0,0.575,98.0,0.3695,98.0,0.238,96.0,,,0.3894,100.0
2020-06-01,0.2717,90.0,0.2037,89.0,0.2762,93.0,,,0.3399,92.0,0.5751,98.0,0.3695,98.0,0.1995,89.0,,,0.3237,96.0
2020-05-29,0.2618,88.0,0.1876,84.0,0.3141,96.0,,,0.302,90.0,0.5745,98.0,0.3691,98.0,0.2092,91.0,,,0.2874,89.0
2020-05-28,0.2579,88.0,0.1812,82.0,0.2535,91.0,,,0.3579,94.0,0.5744,98.0,0.3687,98.0,0.2378,95.0,,,0.3022,92.0
2020-05-27,0.4628,98.0,0.2443,95.0,0.2458,90.0,,,0.3284,92.0,0.5744,98.0,0.3685,98.0,0.2579,98.0,,,0.2811,87.0
2020-05-26,0.4725,99.0,0.2331,94.0,0.3105,96.0,,,0.3416,93.0,0.5748,98.0,0.3678,98.0,0.2253,94.0,,,0.2913,90.0
2020-05-22,0.4414,98.0,0.2758,97.0,0.2492,90.0,,,0.3666,94.0,0.5713,98.0,0.3675,98.0,0.2451,96.0,,,0.3532,98.0
2020-05-21,0.4799,99.0,0.2827,98.0,0.2829,94.0,,,0.3466,93.0,0.5712,98.0,0.3676,98.0,0.2896,99.0,,,0.3851,99.0
2020-05-20,0.5946,99.0,0.3405,99.0,0.2784,93.0,,,0.3649,94.0,0.5716,98.0,0.3674,98.0,0.306,99.0,,,0.379,99.0
2020-05-19,0.6006,99.0,0.3464,99.0,0.2836,94.0,,,0.3655,94.0,0.5715,98.0,0.3673,98.0,0.3051,99.0,,,0.4153,100.0
2020-05-18,0.6311,100.0,0.351,99.0,0.3232,97.0,,,0.4022,96.0,0.5715,98.0,0.3671,98.0,0.208,91.0,,,0.3824,99.0
2020-05-15,0.4301,98.0,0.3231,99.0,0.3392,97.0,,,0.3984,96.0,0.5613,98.0,0.3648,98.0,0.2701,98.0,,,0.4192,100.0
2020-05-14,0.441,98.0,0.3319,99.0,0.3296,97.0,,,0.4296,97.0,0.5614,98.0,0.3644,98.0,0.2542,97.0,,,0.4228,100.0
2020-05-13,0.4444,98.0,0.2958,98.0,0.5217,100.0,,,0.4672,98.0,0.5615,98.0,0.3624,98.0,0.2995,99.0,,,0.3305,97.0
2020-05-12,0.428,98.0,0.3,98.0,0.3552,98.0,,,0.2954,89.0,0.561,98.0,0.3621,98.0,0.3502,100.0,,,0.2574,80.0
2020-05-11,0.3676,97.0,0.2351,94.0,0.3387,97.0,,,0.3547,94.0,0.557,98.0,0.3592,98.0,0.2527,97.0,,,0.3302,97.0
2020-05-08,0.3732,97.0,0.2301,93.0,0.2546,91.0,,,0.3479,93.0,0.5569,98.0,0.3587,98.0,0.2257,94.0,,,0.3377,98.0
2020-05-07,0.3255,95.0,0.2389,95.0,0.3337,97.0,,,0.336,92.0,0.5545,98.0,0.3583,97.0,0.274,98.0,,,0.3479,98.0
2020-05-06,0.3113,94.0,0.2316,93.0,0.3569,98.0,,,0.349,93.0,0.554,97.0,0.3578,97.0,0.293,99.0,,,0.3099,93.0
2020-05-05,0.3587,97.0,0.237,94.0,0.4124,99.0,,,0.3673,95.0,0.5533,97.0,0.357,97.0,0.2868,99.0,,,0.3405,98.0
2020-05-04,0.3584,96.0,0.2417,95.0,0.3329,97.0,,,0.469,98.0,0.554,97.0,0.3575,97.0,0.2552,97.0,,,0.3776,99.0
2020-05-01,0.3849,98.0,0.2502,96.0,0.364,98.0,,,0.3886,95.0,0.5543,98.0,0.3572,97.0,0.3082,99.0,,,0.3808,99.0
2020-04-30,0.3149,94.0,0.2447,95.0,0.3386,97.0,,,0.344,93.0,0.5525,97.0,0.357,97.0,0.2789,98.0,,,0.375,99.0
2020-04-29,0.35,96.0,0.2503,96.0,0.3111,96.0,,,0.2951,89.0,0.5523,97.0,0.3568,97.0,0.2746,98.0,,,0.3574,99.0
2020-04-28,0.4705,99.0,0.2664,97.0,0.3739,98.0,,,0.294,89.0,0.5514,97.0,0.3561,97.0,0.3179,100.0,,,0.368,99.0
2020-04-27,0.5331,99.0,0.2596,96.0,0.3867,99.0,,,0.2982,90.0,0.5511,97.0,0.3554,97.0,0.285,99.0,,,0.4216,100.0
2020-04-24,0.4821,99.0,0.2514,96.0,0.3723,98.0,,,0.4523,97.0,0.5486,97.0,0.3544,97.0,0.2526,97.0,,,0.4266,100.0
2020-04-23,0.5245,99.0,0.2656,97.0,0.4411,99.0,,,0.4187,96.0,0.549,97.0,0.3542,97.0,0.332,100.0,,,0.408,100.0
2020-04-22,0.5656,99.0,0.2518,96.0,0.4179,99.0,,,0.3993,96.0,0.5484,97.0,0.3535,97.0,0.3146,100.0,,,0.4437,100.0
2020-04-21,0.5574,99.0,0.283,98.0,0.4892,100.0,,,0.4978,98.0,0.5473,97.0,0.3533,97.0,0.3314,100.0,,,0.4584,100.0
2020-04-20,0.7063,100.0,0.3466,99.0,0.4636,100.0,,,0.4559,97.0,0.5463,97.0,0.3529,97.0,0.3539,100.0,,,0.3867,99.0
2020-04-17,0.745,100.0,0.4,100.0,0.4093,99.0,,,0.4476,97.0,0.5423,97.0,0.3514,97.0,0.3177,100.0,,,0.4067,100.0
2020-04-16,0.7206,100.0,0.4362,100.0,0.4494,100.0,,,0.4601,98.0,0.5391,97.0,0.3512,97.0,0.3249,100.0,,,0.4163,100.0
2020-04-15,0.856,100.0,0.4845,100.0,0.5505,100.0,,,0.4843,98.0,0.5388,97.0,0.3504,97.0,0.3523,100.0,,,0.3913,100.0
2020-04-14,0.7708,100.0,0.497,100.0,0.4602,100.0,,,0.4191,96.0,0.5352,97.0,0.3494,97.0,0.3033,99.0,,,0.3859,99.0
2020-04-13,0.8186,100.0,0.53,100.0,0.5319,100.0,,,0.4082,96.0,0.534,97.0,0.3492,97.0,0.3263,100.0,,,0.3335,97.0
2020-04-09,0.9542,100.0,0.5433,100.0,0.4634,100.0,,,0.4204,96.0,0.531,97.0,0.3476,97.0,0.3005,99.0,,,0.3626,99.0
2020-04-08,0.9265,100.0,0.522,100.0,0.3953,99.0,,,0.4177,96.0,0.524,97.0,0.3439,97.0,0.2646,98.0,,,0.4124,100.0
2020-04-07,0.8199,100.0,0.5111,100.0,0.5546,100.0,,,0.3786,95.0,0.5141,97.0,0.3392,97.0,0.354,100.0,,,0.3624,99.0
2020-04-06,0.848,100.0,0.5914,100.0,0.4971,100.0,,,0.4164,96.0,0.5135,97.0,0.3363,97.0,0.3138,100.0,,,0.3678,99.0
2020-04-03,0.7435,100.0,0.6134,100.0,0.5093,100.0,,,0.6027,100.0,0.494,97.0,0.3318,97.0,0.3572,100.0,,,0.4223,100.0
2020-04-02,0.8175,100.0,0.7221,100.0,0.4932,100.0,,,0.6279,100.0,0.4936,97.0,0.33,97.0,0.3429,100.0,,,0.4263,100.0
2020-04-01,0.8532,100.0,0.7276,100.0,0.607,100.0,,,0.6128,100.0,0.4935,97.0,0.3267,97.0,0.3672,100.0,,,0.4434,100.0
2020-03-31,0.7149,100.0,0.7438,100.0,0.5294,100.0,,,0.5061,99.0,0.4822,97.0,0.324,96.0,0.2944,99.0,,,0.4015,100.0
2020-03-30,0.8071,100.0,0.8036,100.0,0.5188,100.0,,,0.5413,99.0,0.4818,97.0,0.3219,96.0,0.2648,98.0,,,0.4292,100.0
2020-03-27,0.7903,100.0,0.8323,100.0,0.5859,100.0,,,0.5786,100.0,0.4818,97.0,0.3179,96.0,0.3544,100.0,,,0.3947,100.0
2020-03-26,1.105,100.0,0.8787,100.0,0.5074,100.0,,,0.6722,100.0,0.4788,96.0,0.3067,96.0,0.2921,99.0,,,0.4422,100.0
2020-03-25,1.0202,100.0,0.9001,100.0,0.6837,100.0,,,0.5059,99.0,0.4644,96.0,0.2994,96.0,0.3569,100.0,,,0.454,100.0
2020-03-24,1.4619,100.0,0.8969,100.0,0.4474,100.0,,,0.6741,100.0,0.4591,96.0,0.2829,96.0,0.3246,100.0,,,0.4762,100.0
2020-03-19,1.5482,100.0,0.8963,100.0,0.7296,100.0,,,0.7431,100.0,0.4416,96.0,0.2601,96.0,0.444,100.0,,,0.527,100.0
2020-03-13,0.9744,100.0,0.5454,100.0,0.6252,100.0,,,0.5327,99.0,0.2942,95.0,0.1876,83.0,0.3043,99.0,,,0.4121,100.0
2020-03-10,0.5848,99.0,0.3405,99.0,0.2905,95.0,,,0.7139,100.0,0.2048,79.0,0.1527,73.0,0.2238,94.0,,,0.3616,99.0
2020-03-06,0.5491,99.0,0.3467,99.0,0.2482,90.0,,,0.5279,99.0,0.1796,64.0,0.1441,57.0,0.1834,84.0,,,0.2923,90.0
2020-03-05,0.5453,99.0,0.3283,99.0,0.1888,75.0,,,0.3372,92.0,0.1789,63.0,0.1415,52.0,0.1888,86.0,,,0.2456,75.0
2020-03-04,0.5639,99.0,0.3404,99.0,0.163,61.0,,,0.3299,92.0,0.1783,62.0,0.1407,50.0,0.1504,62.0,,,0.2473,76.0
2020-03-03,0.4685,99.0,0.3365,99.0,0.3935,99.0,,,0.3117,91.0,0.1697,52.0,0.14,48.0,0.173,80.0,,,0.2448,74.0
2020-02-27,0.384,98.0,0.2628,97.0,0.2556,91.0,,,0.1935,63.0,0.1581,38.0,0.1294,31.0,0.1984,89.0,,,0.1937,40.0
2020-02-26,0.2166,78.0,0.1802,82.0,0.2032,80.0,,,0.1505,33.0,0.1338,17.0,0.1211,19.0,0.1105,26.0,,,0.1185,1.0
2020-02-25,0.2486,86.0,0.176,80.0,0.2187,84.0,,,0.1744,52.0,0.1337,17.0,0.1204,19.0,0.1706,79.0,,,0.1686,18.0
2020-02-24,0.178,65.0,0.1456,63.0,0.1969,78.0,,,0.1679,47.0,0.1274,14.0,0.1177,17.0,0.1969,88.0,,,0.1679,17.0
2020-02-21,0.172,63.0,0.1324,52.0,0.1909,76.0,,,0.1247,13.0,0.1277,14.0,0.117,17.0,0.135,48.0,,,0.1985,44.0
2020-02-20,0.1742,64.0,0.1317,51.0,0.0924,9.0,,,0.186,59.0,0.1286,14.0,0.1181,17.0,0.0849,5.0,,,0.1747,24.0
2020-02-19,0.1657,60.0,0.1175,38.0,0.1309,37.0,,,0.1428,27.0,0.1275,14.0,0.1174,17.0,0.1314,45.0,,,0.1542,9.0
2020-02-18,0.0917,16.0,0.0964,17.0,0.1334,40.0,,,0.1303,17.0,0.125,14.0,0.1164,16.0,0.0886,7.0,,,0.1614,12.0
2020-02-14,0.0831,12.0,0.0939,15.0,0.1399,45.0,,,0.1411,26.0,0.1253,14.0,0.1165,16.0,0.1131,28.0,,,0.2068,52.0
2020-02-13,0.079,10.0,0.0863,9.0,0.117,25.0,,,0.125,13.0,0.1239,13.0,0.1166,16.0,0.0886,7.0,,,0.1596,11.0
2020-02-12,0.0729,8.0,0.0778,5.0,0.1478,51.0,,,0.1228,12.0,0.1238,13.0,0.1167,16.0,0.0912,9.0,,,0.164,14.0
2020-02-11,0.0729,8.0,0.0727,3.0,0.0974,11.0,,,0.1176,8.0,0.1257,14.0,0.1172,17.0,0.0932,10.0,,,0.146,7.0
2020-02-10,0.0904,15.0,0.0748,4.0,0.1075,18.0,,,0.1491,32.0,0.1266,14.0,0.1187,18.0,0.094,11.0,,,0.15,8.0
2020-02-07,0.0801,10.0,0.0811,7.0,0.181,71.0,,,0.1701,49.0,0.1261,14.0,0.1191,18.0,0.1329,46.0,,,0.1537,9.0
2020-02-06,0.0904,15.0,0.0857,9.0,0.1228,31.0,,,0.246,82.0,0.1261,14.0,0.1192,18.0,0.0796,3.0,,,0.1504,8.0
2020-02-05,0.0779,10.0,0.0889,11.0,0.113,22.0,,,0.137,22.0,0.1257,14.0,0.1194,18.0,0.1006,16.0,,,0.1618,13.0
2020-02-04,0.0748,9.0,0.0863,9.0,0.0933,9.0,,,0.136,22.0,0.1269,14.0,0.1201,18.0,0.0933,10.0,,,0.1517,8.0
2020-02-03,0.0654,5.0,0.0833,8.0,0.1215,28.0,,,0.1113,6.0,0.1281,14.0,0.1226,20.0,0.1016,17.0,,,0.1492,7.0
2020-01-31,0.085,13.0,0.0881,11.0,0.1854,73.0,,,0.1351,21.0,0.1293,15.0,0.1238,22.0,0.1094,25.0,,,0.1624,13.0
2020-01-28,0.1109,27.0,0.0946,15.0,0.0973,11.0,,,0.1089,5.0,0.1317,16.0,0.1274,28.0,0.0791,3.0,,,0.1375,5.0
2020-01-27,0.1276,39.0,0.0976,18.0,0.1282,35.0,,,0.1214,11.0,0.1322,17.0,0.1281,28.0,0.1429,55.0,,,0.1667,16.0
2020-01-24,0.1256,37.0,0.102,22.0,0.1089,19.0,,,0.1464,30.0,0.1322,17.0,0.1284,28.0,0.1061,21.0,,,0.1844,33.0
2020-01-23,0.1353,44.0,0.1115,32.0,0.1587,57.0,,,0.1645,44.0,0.1325,17.0,0.1285,28.0,0.0876,7.0,,,0.1661,16.0
2020-01-22,0.1406,46.0,0.1119,32.0,0.1812,71.0,,,0.1643,44.0,0.1321,16.0,0.1283,28.0,0.1333,46.0,,,0.1371,5.0
2020-01-21,0.1022,22.0,0.105,25.0,0.0832,5.0,,,0.134,20.0,0.1314,16.0,0.1278,28.0,0.0879,7.0,,,0.1559,10.0
2020-01-17,0.0998,20.0,0.099,19.0,0.1501,52.0,,,0.1032,4.0,0.1304,15.0,0.1283,28.0,0.103,18.0,,,0.1647,15.0
2020-01-16,0.0959,18.0,0.1012,22.0,0.1357,42.0,,,0.1215,11.0,0.1312,16.0,0.1288,30.0,0.1083,23.0,,,0.1432,6.0
2020-01-15,0.1309,40.0,0.1065,27.0,0.0981,12.0,,,0.1648,44.0,0.1302,15.0,0.1285,28.0,0.0945,11.0,,,0.172,21.0
2020-01-14,0.1241,36.0,0.1063,27.0,0.1085,18.0,,,0.28,87.0,0.1333,17.0,0.1299,32.0,0.0836,4.0,,,0.1774,26.0
2020-01-13,0.1302,40.0,0.1104,30.0,0.1085,18.0,,,0.2862,88.0,0.1332,17.0,0.1297,31.0,0.0836,4.0,,,0.1774,26.0
2020-01-10,0.156,55.0,0.1323,51.0,0.1508,53.0,,,0.1392,24.0,0.1322,17.0,0.1296,31.0,0.1297,43.0,,,0.1726,21.0
2020-01-09,0.1584,56.0,0.1363,55.0,0.1192,27.0,,,0.1382,23.0,0.1317,16.0,0.1295,31.0,0.1195,34.0,,,0.167,17.0
2020-01-08,0.1584,56.0,0.1362,55.0,0.1301,37.0,,,0.1447,28.0,0.1317,16.0,0.1295,31.0,0.1047,20.0,,,0.1754,24.0
2020-01-07,0.1593,56.0,0.1345,54.0,0.1573,57.0,,,0.1634,43.0,0.1317,16.0,0.1295,31.0,0.105,21.0,,,0.1512,8.0
2020-01-06,0.1326,41.0,0.1255,45.0,0.1248,32.0,,,0.1337,20.0,0.1314,16.0,0.1297,31.0,0.1069,22.0,,,0.1656,15.0
2020-01-03,0.1325,41.0,0.124,44.0,0.1176,26.0,,,0.234,79.0,0.1315,16.0,0.1297,31.0,0.0849,5.0,,,0.1931,39.0
2020-01-02,0.1226,35.0,0.1186,39.0,0.1253,33.0,,,0.1199,10.0,0.1306,15.0,0.1292,31.0,0.1213,36.0,,,0.1431,6.0
2019-12-31,0.0819,11.0,0.0918,13.0,0.0766,3.0,,,0.1592,40.0,0.1299,15.0,0.1279,28.0,0.0902,8.0,,,0.1727,21.0
2019-12-30,0.0739,8.0,0.0816,7.0,0.1113,21.0,,,0.1261,14.0,0.1296,15.0,0.1282,28.0,0.1095,25.0,,,0.1915,37.0
2019-12-27,0.0777,10.0,0.0915,13.0,0.1012,14.0,,,0.1987,67.0,0.1308,15.0,0.1285,28.0,0.1106,26.0,,,0.1642,14.0
2019-12-26,0.1219,34.0,0.1112,31.0,0.1085,18.0,,,0.1231,12.0,0.1339,17.0,0.1292,31.0,0.1102,25.0,,,0.1562,10.0
2019-12-24,0.1234,35.0,0.1201,40.0,0.1033,15.0,,,0.1133,7.0,0.134,18.0,0.1304,33.0,0.1061,21.0,,,0.166,16.0
2019-12-23,0.1253,36.0,0.1316,51.0,0.1081,18.0,,,0.1283,16.0,0.1343,18.0,0.1306,34.0,0.0965,12.0,,,0.1661,16.0
2019-12-20,0.1647,59.0,0.1465,63.0,0.1243,32.0,,,0.124,12.0,0.1346,18.0,0.1302,33.0,0.1225,37.0,,,0.1601,11.0
2019-12-19,0.1685,61.0,0.1573,70.0,0.109,19.0,,,0.1438,28.0,0.1374,21.0,0.1314,36.0,0.1049,20.0,,,0.1638,14.0
2019-12-18,0.1524,53.0,0.1588,71.0,0.1104,20.0,,,0.1202,10.0,0.1382,22.0,0.132,37.0,0.0995,15.0,,,0.1664,16.0
2019-12-17,0.1331,42.0,0.1543,69.0,0.1253,33.0,,,0.1581,39.0,0.1378,21.0,0.1316,36.0,0.0912,9.0,,,0.1618,13.0
2019-12-16,0.1136,28.0,0.1415,60.0,0.1118,21.0,,,0.1574,38.0,0.1376,21.0,0.1322,38.0,0.1,15.0,,,0.1542,9.0
2019-12-13,0.1228,35.0,0.1338,53.0,0.1083,18.0,,,0.2347,79.0,0.1378,21.0,0.1318,37.0,0.1162,31.0,,,0.1931,39.0
2019-12-12,0.1314,41.0,0.1226,43.0,0.1647,62.0,,,0.315,91.0,0.138,22.0,0.1318,37.0,0.1246,39.0,,,0.1524,8.0
2019-12-11,0.1207,33.0,0.1028,23.0,0.1011,14.0,,,0.2638,85.0,0.1358,20.0,0.1314,36.0,0.1011,16.0,,,0.1905,37.0
2019-12-10,0.1318,41.0,0.0972,18.0,0.0911,8.0,,,0.2343,79.0,0.135,19.0,0.1306,34.0,0.0951,11.0,,,0.1751,24.0
2019-12-09,0.1275,39.0,0.0951,16.0,0.0912,8.0,,,0.1704,49.0,0.1345,18.0,0.1304,33.0,0.0728,1.0,,,0.1888,35.0
2019-12-06,0.1315,41.0,0.0948,16.0,0.0874,6.0,,,0.1593,40.0,0.1345,18.0,0.1303,33.0,0.1004,16.0,,,0.1882,35.0
2019-12-05,0.1669,60.0,0.105,25.0,0.126,33.0,,,0.1513,34.0,0.1346,18.0,0.1304,33.0,0.105,21.0,,,0.2266,64.0
2019-12-04,0.167,60.0,0.1074,28.0,0.0957,10.0,,,0.1545,36.0,0.1345,18.0,0.1307,34.0,0.1026,18.0,,,0.1772,26.0
2019-12-03,0.1696,62.0,0.1132,33.0,0.0999,13.0,,,0.1881,61.0,0.1347,19.0,0.1308,35.0,0.1047,20.0,,,0.1844,33.0
2019-12-02,0.1904,70.0,0.1203,41.0,0.14,45.0,,,0.1473,30.0,0.1342,18.0,0.1307,34.0,0.14,52.0,,,0.1812,30.0
2019-11-29,0.1639,59.0,0.1106,30.0,0.0809,4.0,,,0.1497,32.0,0.132,16.0,0.1303,33.0,0.1077,22.0,,,0.1688,18.0
2019-11-27,0.1618,57.0,0.1086,28.0,0.0701,1.0,,,0.1398,25.0,0.1357,19.0,0.1312,35.0,0.0956,12.0,,,0.1776,26.0
2019-11-26,0.1631,57.0,0.1098,30.0,0.0811,4.0,,,0.1694,48.0,0.1365,20.0,0.1321,37.0,0.0965,12.0,,,0.1903,36.0
2019-11-25,0.1289,39.0,0.1008,21.0,0.069,1.0,,,0.1217,11.0,0.1346,18.0,0.1319,37.0,0.0923,9.0,,,0.165,15.0
2019-11-22,0.1335,42.0,0.0984,19.0,0.0749,2.0,,,0.2205,75.0,0.1353,19.0,0.1326,38.0,0.1033,19.0,,,0.1854,33.0
2019-11-21,0.1498,52.0,0.0967,17.0,0.1226,31.0,,,0.1576,38.0,0.1353,19.0,0.1323,38.0,0.1226,37.0,,,0.1508,8.0
2019-11-20,0.0949,17.0,0.0995,20.0,0.1073,18.0,,,0.1825,57.0,0.1338,17.0,0.132,37.0,0.1073,22.0,,,0.1906,37.0
2019-11-19,0.0905,15.0,0.0963,17.0,0.1003,13.0,,,0.1644,44.0,0.135,19.0,0.1328,39.0,0.0994,15.0,,,0.1816,30.0
2019-11-18,0.0998,20.0,0.1004,21.0,0.0918,9.0,,,0.1749,52.0,0.135,19.0,0.1327,39.0,0.0996,15.0,,,0.1898,36.0
2019-11-15,0.1346,43.0,0.1229,43.0,0.143,47.0,,,0.1809,56.0,0.1351,19.0,0.1327,39.0,0.1153,30.0,,,0.1662,16.0
2019-11-14,0.1305,40.0,0.1257,45.0,0.0932,9.0,,,0.1353,21.0,0.135,19.0,0.1326,38.0,0.1015,17.0,,,0.174,23.0
2019-11-13,0.1799,66.0,0.1588,71.0,0.1027,15.0,,,0.1418,26.0,0.1352,19.0,0.1326,38.0,0.1095,25.0,,,0.1659,16.0
2019-11-12,0.1464,50.0,0.1642,74.0,0.1256,33.0,,,0.1653,45.0,0.1353,19.0,0.133,39.0,0.0872,7.0,,,0.1655,15.0
2019-11-11,0.1476,51.0,0.167,76.0,0.1315,38.0,,,0.1497,32.0,0.135,19.0,0.1324,38.0,0.1029,18.0,,,0.1652,15.0
2019-11-08,0.1602,57.0,0.1685,77.0,0.1414,46.0,,,0.1255,14.0,0.1352,19.0,0.1326,38.0,0.1422,54.0,,,0.1185,1.0
2019-11-07,0.176,64.0,0.1693,77.0,0.115,24.0,,,0.1235,12.0,0.1353,19.0,0.1325,38.0,0.1118,27.0,,,0.1639,14.0
2019-11-06,0.1757,64.0,0.1532,68.0,0.1243,32.0,,,0.1599,40.0,0.1339,17.0,0.1315,36.0,0.1109,26.0,,,0.1636,14.0
2019-11-05,0.1695,61.0,0.1522,67.0,0.1145,23.0,,,0.1633,43.0,0.1342,18.0,0.1316,36.0,0.1226,37.0,,,0.1556,10.0
2019-11-04,0.1479,51.0,0.1314,51.0,0.1033,15.0,,,0.1177,8.0,0.1307,15.0,0.1304,33.0,0.0697,1.0,,,0.1736,22.0
2019-11-01,0.1271,38.0,0.1273,47.0,0.0856,6.0,,,0.1537,35.0,0.1287,14.0,0.1301,32.0,0.1003,16.0,,,0.1828,31.0
2019-10-31,0.1274,38.0,0.1123,32.0,0.1159,24.0,,,0.1427,27.0,0.1284,14.0,0.1294,31.0,0.1009,16.0,,,0.171,20.0
2019-10-30,0.121,33.0,0.1159,36.0,0.0718,2.0,,,0.2006,68.0,0.1306,15.0,0.1305,34.0,0.092,9.0,,,0.1921,38.0
2019-10-29,0.1217,34.0,0.1131,33.0,0.1454,49.0,,,0.1733,51.0,0.1309,15.0,0.1303,33.0,0.1088,24.0,,,0.1562,10.0
2019-10-28,0.136,44.0,0.1172,38.0,0.1234,31.0,,,0.1202,10.0,0.1314,16.0,0.1303,33.0,0.0881,7.0,,,0.1771,26.0
2019-10-25,0.1386,45.0,0.1145,35.0,0.1276,34.0,,,0.1496,32.0,0.1312,16.0,0.1305,34.0,0.1028,18.0,,,0.1657,15.0
2019-10-24,0.0655,5.0,0.1034,24.0,0.1054,16.0,,,0.1668,46.0,0.1282,14.0,0.1301,32.0,0.1029,18.0,,,0.1491,7.0
2019-10-23,0.0681,6.0,0.1037,24.0,0.1914,76.0,,,0.1635,43.0,0.1294,15.0,0.1304,33.0,0.0995,15.0,,,0.1676,17.0
2019-10-22,0.0679,6.0,0.1004,21.0,0.0971,11.0,,,0.1077,5.0,0.1309,15.0,0.1307,34.0,0.112,27.0,,,0.1503,8.0
2019-10-21,0.0692,6.0,0.0945,15.0,0.0852,5.0,,,0.1589,39.0,0.1308,15.0,0.1304,33.0,0.0977,13.0,,,0.1827,31.0
2019-10-18,0.0657,5.0,0.0997,20.0,0.1034,15.0,,,0.0944,2.0,0.1307,15.0,0.1305,34.0,0.1019,17.0,,,0.1542,9.0
2019-10-17,0.0467,1.0,0.0951,16.0,0.1219,30.0,,,0.1605,41.0,0.1309,15.0,0.1303,33.0,0.0973,13.0,,,0.1746,23.0
2019-10-16,0.0406,1.0,0.1034,24.0,0.1482,51.0,,,0.1727,50.0,0.1319,16.0,0.1307,34.0,0.0741,2.0,,,0.18,28.0
2019-10-14,0.0584,3.0,0.1067,27.0,0.1021,14.0,,,0.2011,68.0,0.1346,18.0,0.1317,37.0,0.1124,28.0,,,0.1691,18.0
2019-10-11,0.084,12.0,0.116,36.0,0.083,5.0,,,0.1733,51.0,0.1366,20.0,0.1326,38.0,0.1243,39.0,,,0.1733,22.0
2019-10-10,0.0691,6.0,0.1154,36.0,0.2399,89.0,,,0.1632,43.0,0.1422,24.0,0.1352,42.0,0.1272,41.0,,,0.1732,22.0
2019-10-09,0.0929,16.0,0.1171,38.0,0.2555,91.0,,,0.1719,50.0,0.1422,24.0,0.1349,42.0,0.1092,25.0,,,0.1757,24.0
2019-10-08,0.0931,16.0,0.1154,36.0,0.14,45.0,,,0.2671,85.0,0.1422,24.0,0.1352,42.0,0.14,52.0,,,0.1751,24.0
2019-10-03,0.1009,21.0,0.0986,19.0,0.1369,43.0,,,0.1696,48.0,0.1423,25.0,0.1344,41.0,0.1261,40.0,,,0.1882,35.0
2019-10-02,0.0847,13.0,0.0922,13.0,0.1389,44.0,,,0.1658,45.0,0.1422,24.0,0.1342,40.0,0.111,26.0,,,0.1982,44.0
2019-10-01,0.084,12.0,0.0909,12.0,0.1129,22.0,,,0.1686,47.0,0.1423,25.0,0.1342,40.0,0.1189,34.0,,,0.1792,28.0
2019-09-30,0.0693,6.0,0.08,6.0,0.1353,41.0,,,0.1301,17.0,0.1422,24.0,0.1342,40.0,0.1291,43.0,,,0.1668,16.0
2019-09-27,0.0689,6.0,0.0816,7.0,0.1246,32.0,,,0.1368,22.0,0.1422,24.0,0.1344,41.0,0.1207,35.0,,,0.1776,26.0
2019-09-26,0.0687,6.0,0.0971,18.0,0.106,17.0,,,0.126,14.0,0.1421,24.0,0.1345,41.0,0.1174,32.0,,,0.1766,25.0
2019-09-25,0.1027,23.0,0.1009,21.0,0.1215,28.0,,,0.1327,19.0,0.1419,24.0,0.1348,42.0,0.1192,34.0,,,0.1778,27.0
2019-09-24,0.1207,33.0,0.1065,27.0,0.1163,25.0,,,0.1646,44.0,0.1421,24.0,0.1354,43.0,0.117,32.0,,,0.1744,23.0
2019-09-23,0.1506,52.0,0.1203,41.0,0.1018,14.0,,,0.1657,45.0,0.1422,24.0,0.1352,42.0,0.1026,18.0,,,0.1739,23.0
2019-09-20,0.1506,52.0,0.1343,53.0,0.099,12.0,,,0.1616,42.0,0.1424,25.0,0.1354,43.0,0.1017,17.0,,,0.1751,24.0
2019-09-19,0.1479,51.0,0.1364,55.0,0.0962,11.0,,,0.1344,21.0,0.1423,25.0,0.1353,43.0,0.0975,13.0,,,0.1709,20.0
2019-09-17,0.1989,73.0,0.162,73.0,0.0838,5.0,,,0.1768,53.0,0.1421,24.0,0.1348,42.0,0.0838,5.0,,,0.1814,30.0
2019-09-16,0.1683,61.0,0.158,71.0,0.0815,4.0,,,0.1758,53.0,0.1426,25.0,0.1352,42.0,0.0889,8.0,,,0.1838,32.0
2019-09-13,0.1395,46.0,0.1655,75.0,0.123,31.0,,,0.1641,44.0,0.1419,24.0,0.1355,43.0,0.123,37.0,,,0.1842,33.0
2019-09-10,0.1623,57.0,0.1458,63.0,0.1468,50.0,,,0.1901,62.0,0.142,24.0,0.1348,42.0,0.1468,59.0,,,0.1919,38.0
2019-09-09,0.1257,37.0,0.111,31.0,0.1576,57.0,,,0.1524,35.0,0.1395,23.0,0.1328,39.0,0.1576,69.0,,,0.1961,42.0
2019-09-06,0.103,23.0,0.0999,20.0,0.1193,27.0,,,0.1592,40.0,0.1387,23.0,0.1323,38.0,0.1094,25.0,,,0.1737,22.0
2019-09-05,0.1043,24.0,0.0948,16.0,0.1229,31.0,,,0.1704,49.0,0.1388,23.0,0.1319,37.0,0.1105,26.0,,,0.1801,28.0
2019-09-04,0.0599,4.0,0.0927,14.0,0.0951,10.0,,,0.1665,46.0,0.1387,23.0,0.1318,37.0,0.1012,16.0,,,0.1774,26.0
2019-08-29,0.0985,19.0,0.1116,32.0,0.1377,43.0,,,0.1648,44.0,0.1384,22.0,0.1322,38.0,0.1377,50.0,,,0.1821,31.0
2019-08-28,0.1017,22.0,0.1152,36.0,0.1259,33.0,,,0.1667,46.0,0.1383,22.0,0.1322,38.0,0.1259,40.0,,,0.2536,79.0
2019-08-27,0.1112,27.0,0.1236,44.0,0.1942,77.0,,,0.1455,28.0,0.1385,22.0,0.1324,38.0,0.1308,44.0,,,0.1774,26.0
2019-08-26,0.1118,28.0,0.1305,50.0,0.1059,17.0,,,0.1744,52.0,0.1385,22.0,0.1331,39.0,0.1059,21.0,,,0.1744,23.0
2019-08-23,0.1422,47.0,0.1362,55.0,0.2162,84.0,,,0.1385,24.0,0.1385,22.0,0.1334,40.0,0.1498,61.0,,,0.1783,27.0
2019-08-21,0.1438,48.0,0.1449,62.0,0.1118,21.0,,,0.1479,31.0,0.1373,21.0,0.1324,38.0,0.1036,19.0,,,0.2159,59.0
2019-08-20,0.1438,48.0,0.1459,63.0,0.1481,51.0,,,0.1432,27.0,0.1379,22.0,0.1325,38.0,0.1166,31.0,,,0.1712,20.0
2019-08-19,0.1339,42.0,0.144,62.0,0.097,11.0,,,0.1517,34.0,0.1377,21.0,0.1324,38.0,0.097,13.0,,,0.1687,18.0
2019-08-15,0.1559,55.0,0.1764,80.0,0.1444,48.0,,,0.1817,57.0,0.1385,22.0,0.1322,38.0,0.1444,56.0,,,0.1973,43.0
2019-08-14,0.1463,50.0,0.1824,82.0,0.1833,72.0,,,0.1566,37.0,0.1368,20.0,0.1315,36.0,0.093,10.0,,,0.1783,27.0
2019-08-13,0.1793,66.0,0.199,87.0,0.1229,31.0,,,0.166,45.0,0.1361,20.0,0.1301,32.0,0.1136,28.0,,,0.1771,26.0
2019-08-12,0.1754,64.0,0.2001,88.0,0.1476,51.0,,,0.1527,35.0,0.136,20.0,0.1297,31.0,0.1476,59.0,,,0.1795,28.0
2019-08-08,0.1913,71.0,0.2148,90.0,0.1245,32.0,,,0.2254,77.0,0.1375,21.0,0.1301,32.0,0.1375,50.0,,,0.1872,35.0
2019-08-07,0.1813,67.0,0.2092,90.0,0.141,46.0,,,0.1976,66.0,0.1365,20.0,0.1295,31.0,0.141,54.0,,,0.2007,47.0
2019-08-06,0.168,61.0,0.1821,82.0,0.1391,44.0,,,0.1687,48.0,0.1352,19.0,0.127,27.0,0.1014,16.0,,,0.1921,38.0
2019-08-05,0.1493,52.0,0.1676,76.0,0.1929,77.0,,,0.2002,67.0,0.1345,18.0,0.1262,26.0,0.1168,32.0,,,0.1877,35.0
2019-08-02,0.0892,15.0,0.1257,45.0,0.1347,41.0,,,0.1447,28.0,0.1321,16.0,0.1236,21.0,0.1097,25.0,,,0.1685,18.0
2019-08-01,0.0845,13.0,0.1305,50.0,0.1107,20.0,,,0.1608,41.0,0.1318,16.0,0.1237,21.0,0.1005,16.0,,,0.1878,35.0
2019-07-31,0.0984,19.0,0.1223,42.0,0.1641,62.0,,,0.1282,15.0,0.1322,17.0,0.1236,21.0,0.1198,35.0,,,0.1631,13.0
2019-07-30,0.0811,11.0,0.1056,26.0,0.1654,62.0,,,0.1734,51.0,0.133,17.0,0.1245,23.0,0.1034,19.0,,,0.2111,56.0
2019-07-29,0.1641,59.0,0.1323,51.0,0.1544,55.0,,,0.1594,40.0,0.1336,17.0,0.1254,24.0,0.101,16.0,,,0.1594,11.0
2019-07-26,0.1552,55.0,0.1326,52.0,0.1221,30.0,,,0.1244,13.0,0.1334,17.0,0.1254,24.0,0.1021,17.0,,,0.1691,18.0
2019-07-25,0.1511,53.0,0.1354,54.0,0.1122,22.0,,,0.1133,7.0,0.1342,18.0,0.1257,25.0,0.109,24.0,,,0.1613,12.0
2019-07-24,0.1506,52.0,0.1358,55.0,0.1382,44.0,,,0.1066,5.0,0.1349,19.0,0.1261,25.0,0.1219,36.0,,,0.1486,7.0
2019-07-23,0.1509,52.0,0.124,44.0,0.1223,30.0,,,0.1615,42.0,0.1353,19.0,0.1254,24.0,0.1035,19.0,,,0.1671,17.0
2019-07-22,0.1222,34.0,0.1176,38.0,0.1417,46.0,,,0.0937,2.0,0.1347,19.0,0.1251,24.0,0.1226,37.0,,,0.1544,9.0
2019-07-19,0.1264,37.0,0.1305,50.0,0.1354,41.0,,,0.1278,15.0,0.1346,18.0,0.1252,24.0,0.1183,33.0,,,0.1685,18.0
2019-07-18,0.0735,8.0,0.102,22.0,0.1142,23.0,,,0.1476,30.0,0.1307,15.0,0.1238,22.0,0.1086,24.0,,,0.1728,21.0
2019-07-17,0.0868,13.0,0.1002,20.0,0.1524,54.0,,,0.1376,23.0,0.1307,15.0,0.1236,21.0,0.121,36.0,,,0.1728,21.0
2019-07-16,0.1091,26.0,0.0983,19.0,0.1063,17.0,,,0.1184,9.0,0.1307,15.0,0.1235,21.0,0.109,24.0,,,0.1629,13.0
2019-07-15,0.1162,30.0,0.1132,33.0,0.1474,51.0,,,0.1078,5.0,0.1313,16.0,0.1238,22.0,0.1114,27.0,,,0.1569,10.0
2019-07-12,0.1362,44.0,0.1178,38.0,0.113,22.0,,,0.1325,19.0,0.1318,16.0,0.1241,22.0,0.1162,31.0,,,0.1921,38.0
2019-07-11,0.1697,62.0,0.1281,48.0,0.1304,37.0,,,0.145,28.0,0.1318,16.0,0.1241,22.0,0.1115,27.0,,,0.1785,27.0
2019-07-10,0.1459,50.0,0.1369,56.0,0.1178,26.0,,,0.1135,7.0,0.1308,15.0,0.1234,21.0,0.1024,18.0,,,0.1562,10.0
2019-07-09,0.1456,50.0,0.1388,57.0,0.1291,36.0,,,0.1279,15.0,0.1322,17.0,0.1242,22.0,0.0935,10.0,,,0.1611,12.0
2019-07-08,0.1467,50.0,0.137,56.0,0.1066,17.0,,,0.1505,33.0,0.1322,17.0,0.1246,23.0,0.0858,6.0,,,0.1654,15.0
2019-07-05,0.2185,79.0,0.1568,70.0,0.1066,17.0,,,0.1468,30.0,0.1342,18.0,0.1253,24.0,0.0823,4.0,,,0.177,26.0
2019-07-03,0.2305,82.0,0.1549,69.0,0.1154,24.0,,,0.131,18.0,0.1338,17.0,0.1246,23.0,0.0992,15.0,,,0.1632,13.0
2019-07-02,0.2194,79.0,0.1509,66.0,0.1156,24.0,,,0.1531,35.0,0.1329,17.0,0.1248,23.0,0.1188,34.0,,,0.1501,8.0
2019-07-01,0.1719,63.0,0.1622,73.0,0.1072,18.0,,,0.1377,23.0,0.1313,16.0,0.1264,26.0,0.1136,28.0,,,0.1835,32.0
2019-06-28,0.1846,68.0,0.1449,62.0,0.1458,49.0,,,0.1673,46.0,0.1386,22.0,0.1271,27.0,0.1263,40.0,,,0.1721,21.0
2019-06-27,0.1809,66.0,0.1513,67.0,0.1458,49.0,,,0.1457,30.0,0.1384,22.0,0.1273,27.0,0.142,54.0,,,0.206,52.0
2019-06-26,0.1548,54.0,0.164,74.0,0.1793,69.0,,,0.1461,30.0,0.1378,21.0,0.1283,28.0,0.125,39.0,,,0.1863,34.0
2019-06-25,0.1405,46.0,0.1452,63.0,0.1653,62.0,,,0.1216,11.0,0.1343,18.0,0.1287,30.0,0.1285,42.0,,,0.182,30.0
2019-06-24,0.1207,33.0,0.1343,53.0,0.1379,44.0,,,0.1317,18.0,0.1381,22.0,0.1315,36.0,0.1155,30.0,,,0.1648,15.0
2019-06-21,0.1192,32.0,0.1327,52.0,0.1156,24.0,,,0.1489,32.0,0.1541,34.0,0.1375,45.0,0.0924,10.0,,,0.1746,23.0
2019-06-19,0.075,9.0,0.1127,33.0,0.1185,27.0,,,0.1315,18.0,0.154,34.0,0.1398,48.0,0.1073,22.0,,,0.166,16.0
2019-06-18,0.0832,12.0,0.1033,24.0,0.1164,25.0,,,0.1453,28.0,0.1541,34.0,0.1398,48.0,0.1068,22.0,,,0.1699,19.0
2019-06-17,0.0473,1.0,0.0874,10.0,0.1069,17.0,,,0.1505,33.0,0.1541,34.0,0.1392,47.0,0.0882,7.0,,,0.17,19.0
2019-06-14,0.0451,1.0,0.0883,11.0,0.0668,1.0,,,0.1936,64.0,0.161,41.0,0.1423,53.0,0.0795,3.0,,,0.1942,40.0
2019-06-13,0.1429,48.0,0.1126,33.0,0.0825,4.0,,,0.2375,80.0,0.161,41.0,0.1423,53.0,0.0929,10.0,,,0.1628,13.0
2019-06-12,0.1662,60.0,0.1312,50.0,0.1002,13.0,,,0.1946,64.0,0.161,41.0,0.1427,54.0,0.0908,9.0,,,0.164,14.0
2019-06-11,0.1662,60.0,0.1349,54.0,0.0865,6.0,,,0.1836,57.0,0.1639,44.0,0.1446,57.0,0.0929,10.0,,,0.1617,12.0
2019-06-10,0.1726,63.0,0.1434,61.0,0.1053,16.0,,,0.2211,75.0,0.1639,44.0,0.1444,57.0,0.0938,10.0,,,0.184,32.0
2019-06-06,0.1873,69.0,0.1424,61.0,0.0882,7.0,,,0.203,69.0,0.1645,46.0,0.1447,59.0,0.0929,10.0,,,0.1856,33.0
2019-06-05,0.2085,76.0,0.1548,69.0,0.1013,14.0,,,0.2153,74.0,0.1688,51.0,0.1477,67.0,0.1074,22.0,,,0.1789,28.0
2019-06-04,0.1445,49.0,0.1367,56.0,0.0957,10.0,,,0.2084,71.0,0.1665,49.0,0.1475,67.0,0.0965,12.0,,,0.1917,37.0
2019-06-03,0.1384,45.0,0.1213,42.0,0.0957,10.0,,,0.1865,60.0,0.1657,48.0,0.1467,64.0,0.096,12.0,,,0.1938,40.0
2019-05-31,0.1395,46.0,0.1153,36.0,0.099,12.0,,,0.1827,57.0,0.1666,49.0,0.1468,65.0,0.075,2.0,,,0.1937,40.0
2019-05-30,0.1328,42.0,0.0983,19.0,0.0823,4.0,,,0.1487,31.0,0.1661,48.0,0.1463,63.0,0.0938,10.0,,,0.1638,14.0
2019-05-29,0.1472,50.0,0.1118,32.0,0.1138,23.0,,,0.1904,62.0,0.166,48.0,0.1463,63.0,0.1052,21.0,,,0.2037,50.0
2019-05-28,0.134,42.0,0.1085,28.0,0.1142,23.0,,,0.1318,19.0,0.1655,47.0,0.1463,63.0,0.089,8.0,,,0.1793,28.0
2019-05-24,0.1034,23.0,0.0916,13.0,0.0841,5.0,,,0.1644,44.0,0.1645,46.0,0.1457,61.0,0.0841,5.0,,,0.1644,14.0
2019-05-23,0.1045,24.0,0.0952,16.0,0.0633,1.0,,,0.1665,46.0,0.1644,45.0,0.1458,61.0,0.0769,2.0,,,0.1727,21.0
2019-05-22,0.103,23.0,0.0984,19.0,0.0773,3.0,,,0.1432,27.0,0.1644,45.0,0.1459,62.0,0.0866,6.0,,,0.1669,17.0
2019-05-21,0.1075,25.0,0.1043,24.0,0.0772,3.0,,,0.1648,44.0,0.1644,45.0,0.146,62.0,0.0876,7.0,,,0.1759,25.0
2019-05-20,0.121,33.0,0.1216,42.0,0.1263,33.0,,,0.1444,28.0,0.1642,45.0,0.1462,63.0,0.1098,25.0,,,0.1626,13.0
2019-05-17,0.0647,5.0,0.1163,37.0,0.0625,1.0,,,0.1751,52.0,0.1648,46.0,0.146,62.0,0.0625,1.0,,,0.1924,38.0
2019-05-15,0.1469,50.0,0.1373,56.0,0.0974,11.0,,,0.1633,43.0,0.1656,48.0,0.1461,62.0,0.0901,8.0,,,0.1767,25.0
2019-05-14,0.1494,52.0,0.1363,55.0,0.1094,19.0,,,0.1668,46.0,0.1654,47.0,0.1461,62.0,0.1039,20.0,,,0.1715,20.0
2019-05-13,0.1584,56.0,0.1347,54.0,0.0852,5.0,,,0.196,65.0,0.1654,47.0,0.1461,62.0,0.0852,5.0,,,0.1856,33.0
2019-05-10,0.155,55.0,0.1344,53.0,0.0851,5.0,,,0.2083,71.0,0.1652,47.0,0.1459,62.0,0.0845,5.0,,,0.1973,43.0
2019-05-09,0.1328,42.0,0.1258,46.0,0.1046,16.0,,,0.186,59.0,0.1643,45.0,0.1454,60.0,0.1028,18.0,,,0.186,34.0
2019-05-08,0.1558,55.0,0.1329,52.0,0.1764,68.0,,,0.1484,31.0,0.1648,46.0,0.1451,60.0,0.1113,26.0,,,0.1529,8.0
2019-05-07,0.175,64.0,0.1369,56.0,0.1301,37.0,,,0.1709,49.0,0.1652,47.0,0.1452,60.0,0.1392,52.0,,,0.183,32.0
2019-05-06,0.1415,47.0,0.1131,33.0,0.1165,25.0,,,0.1497,32.0,0.1651,47.0,0.1451,60.0,0.1025,18.0,,,0.1645,15.0
2019-05-03,0.1305,40.0,0.1167,37.0,0.086,6.0,,,0.1335,20.0,0.1674,50.0,0.1466,64.0,0.091,9.0,,,0.1727,21.0
2019-05-02,0.1313,41.0,0.1165,37.0,0.1342,40.0,,,0.1458,30.0,0.1671,49.0,0.1466,64.0,0.1042,20.0,,,0.1649,15.0
2019-05-01,0.1419,47.0,0.1201,40.0,0.126,33.0,,,0.1398,25.0,0.1695,52.0,0.1474,66.0,0.108,23.0,,,0.155,9.0
2019-04-30,0.1879,70.0,0.1382,57.0,0.1319,38.0,,,0.161,41.0,0.17,52.0,0.1482,68.0,0.0881,7.0,,,0.1828,31.0
2019-04-29,0.1802,66.0,0.1299,49.0,0.1372,43.0,,,0.1845,57.0,0.171,53.0,0.1479,68.0,0.137,50.0,,,0.1454,7.0
2019-04-26,0.1902,70.0,0.1372,56.0,0.1127,22.0,,,0.1454,28.0,0.1717,54.0,0.1487,69.0,0.0768,2.0,,,0.1948,41.0
2019-04-25,0.2512,87.0,0.178,81.0,0.0967,11.0,,,0.1517,34.0,0.1718,54.0,0.1491,69.0,0.099,14.0,,,0.1793,28.0
2019-04-24,0.248,86.0,0.1753,80.0,0.1026,15.0,,,0.1574,38.0,0.1738,57.0,0.1498,70.0,0.1047,20.0,,,0.1762,25.0
2019-04-23,0.2369,83.0,0.1786,81.0,0.1038,16.0,,,0.1592,40.0,0.1735,56.0,0.1502,71.0,0.0912,9.0,,,0.1677,17.0
2019-04-22,0.2074,76.0,0.1742,79.0,0.1152,24.0,,,0.1642,44.0,0.1749,59.0,0.1509,71.0,0.0929,10.0,,,0.1799,28.0
2019-04-18,0.2131,77.0,0.1558,69.0,0.1019,14.0,,,0.1401,25.0,0.1736,56.0,0.1497,70.0,0.097,13.0,,,0.1717,21.0
2019-04-17,0.1924,71.0,0.1543,69.0,0.1709,65.0,,,0.152,34.0,0.1731,55.0,0.1494,70.0,0.1199,35.0,,,0.2072,53.0
2019-04-16,0.1804,66.0,0.1454,63.0,0.2062,81.0,,,0.121,10.0,0.1717,54.0,0.1488,69.0,0.1227,37.0,,,0.1461,7.0
2019-04-15,0.0819,11.0,0.0907,12.0,0.1304,37.0,,,0.1129,6.0,0.1687,51.0,0.1472,66.0,0.1116,27.0,,,0.1565,10.0
2019-04-12,0.0918,16.0,0.1021,22.0,0.094,10.0,,,0.1623,42.0,0.1691,51.0,0.1479,68.0,0.0932,10.0,,,0.1672,17.0
2019-04-11,0.0882,14.0,0.0971,18.0,0.1177,26.0,,,0.1248,13.0,0.1692,51.0,0.1479,68.0,0.1092,25.0,,,0.1623,13.0
2019-04-10,0.0965,19.0,0.1044,25.0,0.1022,15.0,,,0.1532,35.0,0.1744,57.0,0.15,71.0,0.1,15.0,,,0.1655,15.0
2019-04-09,0.0815,11.0,0.1128,33.0,0.1461,49.0,,,0.1152,7.0,0.1748,57.0,0.1504,71.0,0.1198,35.0,,,0.1576,10.0
2019-04-08,0.0835,12.0,0.1202,40.0,0.1291,36.0,,,0.113,6.0,0.175,59.0,0.1505,71.0,0.113,28.0,,,0.1626,13.0
2019-04-05,0.0839,12.0,0.1166,37.0,0.1086,19.0,,,0.1415,26.0,0.1755,59.0,0.1512,72.0,0.1038,20.0,,,0.1691,18.0
2019-04-04,0.0798,10.0,0.1186,39.0,0.1153,24.0,,,0.138,23.0,0.1755,59.0,0.1512,72.0,0.1239,39.0,,,0.1541,9.0
2019-04-03,0.0749,9.0,0.108,28.0,0.1138,23.0,,,0.1318,19.0,0.1754,59.0,0.1511,72.0,0.1042,20.0,,,0.1661,16.0
2019-04-02,0.0746,8.0,0.1076,28.0,0.0846,5.0,,,0.1567,37.0,0.1763,60.0,0.1521,73.0,0.0978,13.0,,,0.174,23.0
2019-04-01,0.0664,5.0,0.1047,25.0,0.0999,13.0,,,0.1403,25.0,0.1762,60.0,0.1517,72.0,0.0954,12.0,,,0.1725,21.0
2019-03-29,0.1159,30.0,0.1091,28.0,0.1172,26.0,,,0.1503,33.0,0.1769,61.0,0.1516,72.0,0.107,22.0,,,0.1608,12.0
2019-03-28,0.1024,22.0,0.1087,28.0,0.1153,24.0,,,0.1234,12.0,0.1781,62.0,0.1517,72.0,0.0721,1.0,,,0.1951,41.0
2019-03-27,0.1134,28.0,0.1074,28.0,0.1243,32.0,,,0.1544,36.0,0.1779,62.0,0.1517,72.0,0.1086,24.0,,,0.1708,20.0
2019-03-26,0.1412,47.0,0.1236,44.0,0.1121,22.0,,,0.1254,14.0,0.1791,63.0,0.1519,73.0,0.0964,12.0,,,0.1909,37.0
2019-03-25,0.1448,49.0,0.1274,47.0,0.1307,37.0,,,0.132,19.0,0.1791,63.0,0.152,73.0,0.08,3.0,,,0.1971,43.0
2019-03-22,0.1455,50.0,0.1244,44.0,0.1508,53.0,,,0.107,5.0,0.1816,65.0,0.153,73.0,0.1107,26.0,,,0.1594,11.0
2019-03-21,0.1466,50.0,0.1189,39.0,0.0908,8.0,,,0.14,25.0,0.1816,65.0,0.153,73.0,0.0822,4.0,,,0.1859,34.0
2019-03-20,0.0954,18.0,0.105,25.0,0.1185,27.0,,,0.1425,27.0,0.1804,65.0,0.1526,73.0,0.1056,21.0,,,0.1705,19.0
2019-03-19,0.1267,38.0,0.1003,21.0,0.0846,5.0,,,0.1516,34.0,0.1812,65.0,0.1523,73.0,0.1044,20.0,,,0.1703,19.0
2019-03-18,0.1224,35.0,0.1035,24.0,0.0811,4.0,,,0.1567,37.0,0.1814,65.0,0.1524,73.0,0.0964,12.0,,,0.1727,21.0
2019-03-15,0.0811,11.0,0.085,9.0,0.0871,6.0,,,0.1608,41.0,0.1808,65.0,0.1517,72.0,0.1139,28.0,,,0.182,30.0
2019-03-14,0.0872,14.0,0.0953,16.0,0.0809,4.0,,,0.1565,37.0,0.1821,66.0,0.1515,72.0,0.0922,9.0,,,0.1811,28.0
2019-03-13,0.0875,14.0,0.0969,18.0,0.0899,8.0,,,0.1437,28.0,0.1822,66.0,0.1515,72.0,0.0921,9.0,,,0.1789,28.0
2019-03-12,0.0888,15.0,0.1035,24.0,0.0978,12.0,,,0.1778,54.0,0.1822,66.0,0.1515,72.0,0.0944,11.0,,,0.1846,33.0
2019-03-11,0.1002,21.0,0.1212,41.0,0.069,1.0,,,0.1829,57.0,0.1821,66.0,0.1517,72.0,0.0879,7.0,,,0.1993,45.0
2019-03-08,0.0715,7.0,0.1274,47.0,0.1331,39.0,,,0.1852,59.0,0.1816,65.0,0.1516,72.0,0.1094,25.0,,,0.1913,37.0
2019-03-07,0.0735,8.0,0.1278,48.0,0.1148,24.0,,,0.152,34.0,0.1828,66.0,0.1515,72.0,0.1121,27.0,,,0.1784,27.0
2019-03-06,0.0727,8.0,0.1237,44.0,0.1629,61.0,,,0.1323,19.0,0.1828,66.0,0.1513,72.0,0.1235,38.0,,,0.1799,28.0
2019-03-05,0.0814,11.0,0.1162,36.0,0.0784,3.0,,,0.1776,54.0,0.1828,66.0,0.151,72.0,0.1103,25.0,,,0.1701,19.0
2019-03-04,0.0808,11.0,0.1192,40.0,0.1302,37.0,,,0.1681,47.0,0.1834,67.0,0.1512,72.0,0.1077,22.0,,,0.1862,34.0
2019-03-01,0.0705,7.0,0.1178,38.0,0.0971,11.0,,,0.1694,48.0,0.1833,66.0,0.151,72.0,0.0919,9.0,,,0.1936,39.0
2019-02-28,0.1017,22.0,0.1136,34.0,0.1725,66.0,,,0.1199,10.0,0.1833,66.0,0.1503,71.0,0.1048,20.0,,,0.1757,24.0
2019-02-27,0.0944,17.0,0.0978,18.0,0.1459,49.0,,,0.1585,39.0,0.1833,66.0,0.1497,70.0,0.0965,12.0,,,0.1922,38.0
2019-02-26,0.1063,25.0,0.0925,14.0,0.0992,13.0,,,0.1665,46.0,0.184,68.0,0.1498,70.0,0.0973,13.0,,,0.1854,33.0
2019-02-25,0.1056,24.0,0.0931,14.0,0.1088,19.0,,,0.1306,17.0,0.1841,68.0,0.1499,71.0,0.1047,20.0,,,0.1775,26.0
2019-02-22,0.1029,23.0,0.0946,15.0,0.1193,27.0,,,0.1585,39.0,0.1838,67.0,0.15,71.0,0.1054,21.0,,,0.1926,39.0
2019-02-21,0.1251,36.0,0.102,22.0,0.1308,37.0,,,0.1683,47.0,0.1837,67.0,0.1498,70.0,0.1009,16.0,,,0.1924,38.0
2019-02-20,0.1254,36.0,0.0988,19.0,0.1068,17.0,,,0.1623,42.0,0.1841,68.0,0.1497,70.0,0.0969,13.0,,,0.179,28.0
2019-02-19,0.0997,20.0,0.0845,8.0,0.1277,35.0,,,0.1382,23.0,0.1833,66.0,0.1492,69.0,0.0984,14.0,,,0.1797,28.0
2019-02-15,0.1095,26.0,0.096,17.0,0.1173,26.0,,,0.1383,23.0,0.1833,66.0,0.1493,70.0,0.1033,19.0,,,0.1772,26.0
2019-02-14,0.1092,26.0,0.1018,22.0,0.1376,43.0,,,0.1248,13.0,0.1838,67.0,0.1497,70.0,0.0928,10.0,,,0.1912,37.0
2019-02-13,0.1122,28.0,0.1143,35.0,0.1368,42.0,,,0.2108,72.0,0.1839,68.0,0.1498,70.0,0.1025,18.0,,,0.1819,30.0
2019-02-12,0.1213,34.0,0.1231,43.0,0.187,74.0,,,0.1618,42.0,0.1845,68.0,0.1498,70.0,0.1128,28.0,,,0.1847,33.0
2019-02-11,0.1197,32.0,0.1439,62.0,0.139,44.0,,,0.1618,42.0,0.1836,67.0,0.1495,70.0,0.0942,11.0,,,0.1911,37.0
2019-02-08,0.13,40.0,0.1595,72.0,0.1163,25.0,,,0.171,49.0,0.1836,67.0,0.1495,70.0,0.0992,15.0,,,0.1976,43.0
2019-02-07,0.1302,40.0,0.1612,73.0,0.1311,38.0,,,0.1623,42.0,0.1842,68.0,0.1496,70.0,0.0866,6.0,,,0.1912,37.0
2019-02-06,0.1373,44.0,0.1598,72.0,0.1361,42.0,,,0.1436,28.0,0.1839,68.0,0.1493,70.0,0.1077,22.0,,,0.1813,30.0
2019-02-05,0.1333,42.0,0.1643,74.0,0.1002,13.0,,,0.1581,39.0,0.1841,68.0,0.149,69.0,0.0966,13.0,,,0.1925,38.0
2019-02-04,0.1357,44.0,0.157,70.0,0.1137,23.0,,,0.1895,61.0,0.1841,68.0,0.1486,69.0,0.1072,22.0,,,0.2048,50.0
2019-02-01,0.1342,43.0,0.1475,64.0,0.1297,36.0,,,0.1753,52.0,0.1837,67.0,0.148,68.0,0.1092,25.0,,,0.1909,37.0
2019-01-31,0.0642,5.0,0.1186,39.0,0.1051,16.0,,,0.208,71.0,0.1844,68.0,0.1472,66.0,0.1051,21.0,,,0.1858,34.0
2019-01-30,0.0736,8.0,0.102,22.0,0.1436,48.0,,,0.1487,31.0,0.1844,68.0,0.1462,63.0,0.1129,28.0,,,0.1788,28.0
2019-01-29,0.0753,9.0,0.0986,19.0,0.1024,15.0,,,0.1816,57.0,0.1843,68.0,0.1467,64.0,0.0971,13.0,,,0.2021,48.0
2019-01-28,0.0638,5.0,0.0932,14.0,0.1115,21.0,,,0.1789,55.0,0.1853,69.0,0.1473,66.0,0.1043,20.0,,,0.1822,31.0
2019-01-25,0.0624,4.0,0.0901,12.0,0.1117,21.0,,,0.1638,44.0,0.1848,68.0,0.1471,65.0,0.1035,19.0,,,0.1957,41.0
2019-01-24,0.063,5.0,0.0975,18.0,0.1323,39.0,,,0.1561,37.0,0.1858,69.0,0.1483,68.0,0.1069,22.0,,,0.1828,31.0
2019-01-23,0.0726,8.0,0.0961,17.0,0.1217,30.0,,,0.1546,36.0,0.1858,69.0,0.1482,68.0,0.1095,25.0,,,0.1875,35.0
2019-01-22,0.0705,7.0,0.0954,16.0,0.1206,28.0,,,0.148,31.0,0.1859,69.0,0.1493,70.0,0.1071,22.0,,,0.1897,36.0
2019-01-18,0.0909,15.0,0.1102,30.0,0.0995,13.0,,,0.1446,28.0,0.186,69.0,0.1491,69.0,0.1121,27.0,,,0.1889,35.0
2019-01-17,0.106,25.0,0.1206,41.0,0.1215,28.0,,,0.1419,26.0,0.1861,69.0,0.1491,69.0,0.1135,28.0,,,0.1946,40.0
2019-01-16,0.1344,43.0,0.1331,52.0,0.112,21.0,,,0.1641,44.0,0.1862,69.0,0.1492,69.0,0.1105,26.0,,,0.197,43.0
2019-01-15,0.1344,43.0,0.129,49.0,0.1284,35.0,,,0.157,38.0,0.1864,70.0,0.1494,70.0,0.1228,37.0,,,0.1987,45.0
2019-01-14,0.1407,46.0,0.1309,50.0,0.1516,53.0,,,0.1854,59.0,0.186,69.0,0.1491,69.0,0.1281,42.0,,,0.1964,42.0
2019-01-11,0.1399,46.0,0.1642,74.0,0.1466,50.0,,,0.1721,50.0,0.1869,70.0,0.1495,70.0,0.1288,43.0,,,0.2043,50.0
2019-01-10,0.2678,89.0,0.1875,84.0,0.142,46.0,,,0.2201,75.0,0.1869,70.0,0.1495,70.0,0.1242,39.0,,,0.2165,59.0
2019-01-09,0.2526,87.0,0.1816,82.0,0.1561,57.0,,,0.1878,60.0,0.1857,69.0,0.1489,69.0,0.1362,49.0,,,0.2129,57.0
2019-01-08,0.2513,87.0,0.1878,84.0,0.1437,48.0,,,0.2104,72.0,0.1856,69.0,0.1484,69.0,0.1298,43.0,,,0.2195,60.0
2019-01-07,0.2184,79.0,0.2,88.0,0.2108,83.0,,,0.1844,57.0,0.1835,67.0,0.1477,67.0,0.1548,67.0,,,0.2174,60.0
2019-01-04,0.277,90.0,0.2346,94.0,0.2141,84.0,,,0.1663,46.0,0.1834,67.0,0.1476,67.0,0.161,72.0,,,0.2106,56.0
2019-01-03,0.4053,98.0,0.2859,98.0,0.2206,85.0,,,0.2221,76.0,0.1842,68.0,0.1477,67.0,0.1573,69.0,,,0.2341,67.0
2019-01-02,0.3851,98.0,0.2937,98.0,0.2777,93.0,,,0.2448,81.0,0.1831,66.0,0.1457,61.0,0.1915,87.0,,,0.2367,69.0
2018-12-31,0.3525,96.0,0.2852,98.0,0.1965,78.0,,,0.2272,77.0,0.1788,63.0,0.1444,57.0,0.1515,64.0,,,0.2248,63.0
2018-12-28,0.3497,96.0,0.2869,98.0,0.2258,86.0,,,0.2276,77.0,0.1793,63.0,0.1445,57.0,0.1599,71.0,,,0.2297,66.0
2018-12-27,0.3611,97.0,0.2796,97.0,0.1537,55.0,,,0.2341,79.0,0.1795,63.0,0.1442,57.0,0.1337,47.0,,,0.2652,83.0
2018-12-26,0.3948,98.0,0.2933,98.0,0.1672,63.0,,,0.2242,76.0,0.1795,63.0,0.1426,54.0,0.1329,46.0,,,0.2602,81.0
2018-12-24,0.322,95.0,0.2652,97.0,0.2752,93.0,,,0.2141,73.0,0.176,60.0,0.1399,48.0,0.2112,91.0,,,0.1967,42.0
2018-12-21,0.2203,79.0,0.2083,89.0,0.2219,85.0,,,0.1605,41.0,0.1631,44.0,0.134,40.0,0.1838,84.0,,,0.1858,34.0
2018-12-20,0.2377,84.0,0.1971,87.0,0.2118,83.0,,,0.1944,64.0,0.1623,43.0,0.131,35.0,0.1554,67.0,,,0.207,53.0
2018-12-18,0.2401,84.0,0.1874,84.0,0.1852,73.0,,,0.2606,84.0,0.1623,43.0,0.1297,31.0,0.132,45.0,,,0.203,49.0
2018-12-17,0.249,86.0,0.1886,84.0,0.3048,96.0,,,0.2099,72.0,0.1655,47.0,0.1296,31.0,0.137,50.0,,,0.1864,34.0
2018-12-14,0.2325,82.0,0.1887,85.0,0.1071,17.0,,,0.2627,85.0,0.1562,36.0,0.1265,26.0,0.119,34.0,,,0.2006,47.0
2018-12-13,0.2392,84.0,0.1984,87.0,0.1234,31.0,,,0.2064,70.0,0.1561,36.0,0.1268,27.0,0.1109,26.0,,,0.1985,44.0
2018-12-12,0.2375,84.0,0.1938,86.0,0.1754,67.0,,,0.2096,72.0,0.1563,36.0,0.1266,26.0,0.1225,37.0,,,0.1994,45.0
2018-12-11,0.2135,77.0,0.1726,78.0,0.1339,40.0,,,0.2127,73.0,0.1533,34.0,0.1245,23.0,0.1124,28.0,,,0.1934,39.0
2018-12-10,0.2129,77.0,0.1744,79.0,0.1101,20.0,,,0.2619,85.0,0.154,34.0,0.125,24.0,0.0985,14.0,,,0.1995,45.0
2018-12-07,0.2053,75.0,0.1676,76.0,0.1096,19.0,,,0.2105,72.0,0.1557,35.0,0.1258,25.0,0.1016,17.0,,,0.1854,33.0
2018-12-04,0.1179,31.0,0.1162,36.0,0.1356,42.0,,,0.1644,44.0,0.1505,31.0,0.1221,20.0,0.1184,33.0,,,0.1723,21.0
2018-12-03,0.0794,10.0,0.1014,22.0,0.0912,8.0,,,0.1613,41.0,0.1497,30.0,0.1213,19.0,0.0889,8.0,,,0.1846,33.0
2018-11-30,0.0936,17.0,0.1033,24.0,0.0801,4.0,,,0.219,75.0,0.1497,30.0,0.1214,19.0,0.0849,5.0,,,0.1955,41.0
2018-11-29,0.0658,5.0,0.096,17.0,0.0962,11.0,,,0.2031,69.0,0.1488,30.0,0.121,19.0,0.0902,8.0,,,0.1953,41.0
2018-11-28,0.0679,6.0,0.0957,16.0,0.1152,24.0,,,0.1837,57.0,0.1489,30.0,0.1211,19.0,0.1028,18.0,,,0.1924,38.0
2018-11-27,0.1145,28.0,0.1059,26.0,0.0918,9.0,,,0.2281,77.0,0.1493,30.0,0.1213,19.0,0.0937,10.0,,,0.2051,51.0
2018-11-26,0.134,42.0,0.1098,30.0,0.1131,22.0,,,0.2025,68.0,0.149,30.0,0.121,19.0,0.1039,20.0,,,0.1969,42.0
2018-11-23,0.1368,44.0,0.1029,23.0,0.1034,15.0,,,0.1901,62.0,0.149,30.0,0.1207,19.0,0.1034,19.0,,,0.1988,45.0
2018-11-21,0.1368,44.0,0.1017,22.0,0.1545,55.0,,,0.1768,53.0,0.151,32.0,0.1217,19.0,0.1158,31.0,,,0.1909,37.0
2018-11-20,0.1318,41.0,0.1038,24.0,0.1403,45.0,,,0.2067,70.0,0.1509,32.0,0.1218,19.0,0.1081,23.0,,,0.1848,33.0
2018-11-19,0.1324,41.0,0.1019,22.0,0.1007,14.0,,,0.2113,72.0,0.1511,32.0,0.1216,19.0,0.1018,17.0,,,0.1926,39.0
2018-11-16,0.1315,41.0,0.103,23.0,0.1027,15.0,,,0.2027,69.0,0.1511,32.0,0.1216,19.0,0.1027,18.0,,,0.1975,43.0
2018-11-15,0.1032,23.0,0.0942,15.0,0.1512,53.0,,,0.2002,67.0,0.1508,32.0,0.1217,19.0,0.1214,36.0,,,0.1931,39.0
2018-11-14,0.0777,10.0,0.0903,12.0,0.1569,57.0,,,0.1696,48.0,0.15,31.0,0.1212,19.0,0.1217,36.0,,,0.1818,30.0
2018-11-13,0.0926,16.0,0.1172,38.0,0.14,45.0,,,0.1895,61.0,0.1506,31.0,0.122,20.0,0.1184,33.0,,,0.1866,34.0
2018-11-12,0.1827,67.0,0.1459,63.0,0.1565,57.0,,,0.1712,50.0,0.1506,31.0,0.1219,20.0,0.1238,38.0,,,0.1747,24.0
2018-11-09,0.1827,67.0,0.1444,62.0,0.1126,22.0,,,0.17,49.0,0.1512,32.0,0.1219,20.0,0.1126,28.0,,,0.1809,28.0
2018-11-08,0.2318,82.0,0.1609,73.0,0.1065,17.0,,,0.186,59.0,0.1513,32.0,0.1219,20.0,0.0994,15.0,,,0.1819,30.0
2018-11-06,0.2559,87.0,0.1798,82.0,0.144,48.0,,,0.1924,63.0,0.154,34.0,0.1226,20.0,0.1185,33.0,,,0.2002,46.0
2018-11-05,0.2759,90.0,0.1921,86.0,0.1249,32.0,,,0.1957,65.0,0.1537,34.0,0.1224,20.0,0.1249,39.0,,,0.1957,41.0
2018-11-02,0.2552,87.0,0.1835,83.0,0.1993,79.0,,,0.1937,64.0,0.152,33.0,0.1211,19.0,0.1402,53.0,,,0.1949,41.0
2018-11-01,0.2489,86.0,0.1734,79.0,0.1888,75.0,,,0.2079,71.0,0.1496,30.0,0.1194,18.0,0.1331,46.0,,,0.1956,41.0
2018-10-31,0.2492,86.0,0.1791,81.0,0.1087,19.0,,,0.1778,54.0,0.1496,30.0,0.1192,18.0,0.1087,24.0,,,0.1778,27.0
2018-10-30,0.2454,86.0,0.1802,82.0,0.1833,72.0,,,0.2147,74.0,0.1474,28.0,0.118,17.0,0.1286,42.0,,,0.2009,47.0
2018-10-29,0.2439,85.0,0.1637,74.0,0.1658,63.0,,,0.2205,75.0,0.1474,28.0,0.1168,16.0,0.141,54.0,,,0.2179,60.0
2018-10-26,0.2187,79.0,0.1575,71.0,0.1951,78.0,,,0.2222,76.0,0.1449,26.0,0.1166,16.0,0.1311,44.0,,,0.2093,55.0
2018-10-25,0.1853,69.0,0.1386,57.0,0.1106,20.0,,,0.1913,62.0,0.1431,25.0,0.1155,16.0,0.1106,26.0,,,0.2023,48.0
2018-10-24,0.2062,76.0,0.1479,64.0,0.1536,55.0,,,0.1996,67.0,0.1433,25.0,0.1154,16.0,0.1114,27.0,,,0.2016,47.0
2018-10-23,0.1842,68.0,0.1446,62.0,0.1327,39.0,,,0.2039,69.0,0.1409,23.0,0.1144,15.0,0.1083,23.0,,,0.2068,52.0
2018-10-22,0.187,69.0,0.1424,61.0,0.2162,84.0,,,0.144,28.0,0.145,26.0,0.1149,16.0,0.1452,57.0,,,0.1717,21.0
2018-10-19,0.2361,83.0,0.1608,73.0,0.1167,25.0,,,0.1603,41.0,0.1428,25.0,0.1139,15.0,0.1126,28.0,,,0.1863,34.0
2018-10-18,0.237,84.0,0.1682,76.0,0.1523,54.0,,,0.1527,35.0,0.1425,25.0,0.114,15.0,0.1136,28.0,,,0.1829,31.0
2018-10-17,0.2413,85.0,0.1718,78.0,0.1525,54.0,,,0.168,47.0,0.1426,25.0,0.1143,15.0,0.1169,32.0,,,0.178,27.0
2018-10-16,0.2589,88.0,0.1838,83.0,0.119,27.0,,,0.1855,59.0,0.1426,25.0,0.1142,15.0,0.097,13.0,,,0.2054,51.0
2018-10-15,0.2284,82.0,0.1713,78.0,0.1394,45.0,,,0.1871,60.0,0.1411,23.0,0.1134,15.0,0.1135,28.0,,,0.1974,43.0
2018-10-11,0.155,55.0,0.1483,65.0,0.2365,88.0,,,0.2025,68.0,0.1377,21.0,0.1116,14.0,0.1584,70.0,,,0.1603,11.0
2018-10-10,0.1453,49.0,0.1417,60.0,0.1597,59.0,,,0.139,24.0,0.1374,21.0,0.1117,14.0,0.1199,35.0,,,0.1713,20.0
2018-10-09,0.1473,50.0,0.1365,56.0,0.1501,52.0,,,0.1437,28.0,0.1366,20.0,0.1112,14.0,0.1129,28.0,,,0.1729,22.0
2018-10-08,0.1782,65.0,0.1444,62.0,0.1394,45.0,,,0.1466,30.0,0.1367,20.0,0.1109,14.0,0.1088,24.0,,,0.1756,24.0
2018-10-05,0.1514,53.0,0.1277,47.0,0.138,44.0,,,0.1645,44.0,0.1374,21.0,0.1108,14.0,0.1099,25.0,,,0.1782,27.0
2018-10-04,0.1668,60.0,0.1335,53.0,0.1058,17.0,,,0.1548,36.0,0.1375,21.0,0.1107,14.0,0.1059,21.0,,,0.1849,33.0
2018-10-03,0.1715,63.0,0.1286,48.0,0.1792,69.0,,,0.1161,8.0,0.1372,21.0,0.1104,14.0,0.108,23.0,,,0.1583,11.0
2018-10-02,0.1977,73.0,0.1292,49.0,0.1105,20.0,,,0.118,8.0,0.1362,20.0,0.1094,13.0,0.1054,21.0,,,0.1644,14.0
2018-10-01,0.227,81.0,0.1333,53.0,0.1359,42.0,,,0.14,25.0,0.1388,23.0,0.1097,13.0,0.1181,33.0,,,0.1696,19.0
2018-09-28,0.2314,82.0,0.1316,51.0,0.1014,14.0,,,0.1388,24.0,0.1381,22.0,0.1099,13.0,0.0991,14.0,,,0.1793,28.0
2018-09-27,0.1981,73.0,0.123,43.0,0.1286,35.0,,,0.148,31.0,0.1373,21.0,0.1099,13.0,0.1095,25.0,,,0.1609,12.0
2018-09-26,0.1899,70.0,0.1253,45.0,0.1165,25.0,,,0.1202,10.0,0.1377,21.0,0.1112,14.0,0.103,18.0,,,0.1512,8.0
2018-09-25,0.171,62.0,0.1196,40.0,0.0874,6.0,,,0.1615,42.0,0.1346,18.0,0.1115,14.0,0.0844,5.0,,,0.1811,28.0
2018-09-24,0.1781,65.0,0.118,38.0,0.0974,11.0,,,0.1614,42.0,0.1346,18.0,0.1117,14.0,0.0987,14.0,,,0.1614,12.0
2018-09-20,0.1522,53.0,0.0792,6.0,0.0768,3.0,,,0.1656,45.0,0.1369,20.0,0.1145,15.0,0.0768,2.0,,,0.1818,30.0
2018-09-19,0.1397,46.0,0.0806,6.0,0.086,6.0,,,0.172,50.0,0.1371,21.0,0.1148,15.0,0.0832,4.0,,,0.1809,28.0
2018-09-14,0.1483,51.0,0.069,3.0,0.0899,8.0,,,0.1471,30.0,0.1374,21.0,0.1167,16.0,0.0841,5.0,,,0.1773,26.0
2018-09-13,0.1223,35.0,0.0788,6.0,0.0781,3.0,,,0.1579,38.0,0.136,20.0,0.1175,17.0,0.0792,3.0,,,0.1765,25.0
2018-09-11,0.1381,45.0,0.0901,12.0,0.0849,5.0,,,0.154,36.0,0.1366,20.0,0.118,17.0,0.0853,5.0,,,0.183,32.0
2018-09-10,0.1402,46.0,0.0846,8.0,0.0854,6.0,,,0.1535,35.0,0.1366,20.0,0.1178,17.0,0.0857,6.0,,,0.1819,30.0
2018-09-07,0.1241,36.0,0.078,5.0,0.0895,8.0,,,0.1372,23.0,0.1362,20.0,0.1178,17.0,0.0964,12.0,,,0.1741,23.0
2018-09-06,0.1206,33.0,0.0834,8.0,0.0909,8.0,,,0.1424,27.0,0.1347,19.0,0.1179,17.0,0.0902,8.0,,,0.1768,26.0
2018-09-05,0.123,35.0,0.0904,12.0,0.0777,3.0,,,0.1444,28.0,0.1349,19.0,0.118,17.0,0.0787,3.0,,,0.1956,41.0
2018-09-04,0.1188,32.0,0.0902,12.0,0.111,21.0,,,0.1313,18.0,0.1349,19.0,0.118,17.0,0.0976,13.0,,,0.1663,16.0
2018-08-31,0.0933,17.0,0.0804,6.0,0.0863,6.0,,,0.1351,21.0,0.1338,17.0,0.1177,17.0,0.0843,5.0,,,0.1684,18.0
2018-08-30,0.1065,25.0,0.0821,7.0,0.0886,7.0,,,0.1369,22.0,0.1343,18.0,0.118,17.0,0.0999,15.0,,,0.1712,20.0
2018-08-29,0.1083,26.0,0.0838,8.0,0.0904,8.0,,,0.1369,22.0,0.134,18.0,0.1186,18.0,0.0849,5.0,,,0.169,18.0
2018-08-28,0.1092,26.0,0.0892,11.0,0.0745,2.0,,,0.1589,39.0,0.1352,19.0,0.1194,18.0,0.0753,2.0,,,0.1785,27.0
2018-08-27,0.1016,22.0,0.0893,11.0,0.1086,19.0,,,0.1262,14.0,0.1344,18.0,0.1191,18.0,0.1048,20.0,,,0.1682,18.0
2018-08-24,0.1064,25.0,0.0879,10.0,0.0854,6.0,,,0.1432,27.0,0.1344,18.0,0.1196,18.0,0.085,5.0,,,0.1742,23.0
2018-08-23,0.1262,37.0,0.089,11.0,0.0946,10.0,,,0.1345,21.0,0.1343,18.0,0.1198,18.0,0.092,9.0,,,0.1712,20.0
2018-08-20,0.1215,34.0,0.0975,18.0,0.0925,9.0,,,0.1241,13.0,0.1395,23.0,0.1234,21.0,0.0907,8.0,,,0.1522,8.0
2018-08-17,0.1144,28.0,0.0935,14.0,0.0788,4.0,,,0.1407,26.0,0.1399,23.0,0.1245,23.0,0.0788,3.0,,,0.164,14.0
2018-08-16,0.1206,33.0,0.0835,8.0,0.0706,1.0,,,0.1493,32.0,0.1414,23.0,0.1255,25.0,0.0802,3.0,,,0.1776,26.0
2018-08-15,0.118,31.0,0.0817,7.0,0.0877,7.0,,,0.1204,10.0,0.1437,26.0,0.1259,25.0,0.0878,7.0,,,0.1727,21.0
2018-08-14,0.0908,15.0,0.0746,4.0,0.0721,2.0,,,0.1514,34.0,0.1434,25.0,0.1257,25.0,0.0853,5.0,,,0.1708,20.0
2018-08-13,0.1404,46.0,0.0908,12.0,0.0925,9.0,,,0.1422,27.0,0.145,26.0,0.1261,25.0,0.0857,6.0,,,0.1713,20.0
2018-08-10,0.1515,53.0,0.091,13.0,0.12,28.0,,,0.1306,17.0,0.1464,27.0,0.1263,26.0,0.104,20.0,,,0.1549,9.0
2018-08-09,0.1357,44.0,0.1036,24.0,0.0719,2.0,,,0.1378,23.0,0.1457,26.0,0.1269,27.0,0.0876,7.0,,,0.1599,11.0
2018-08-08,0.1649,59.0,0.1235,44.0,0.1027,15.0,,,0.1346,21.0,0.1461,27.0,0.1299,32.0,0.0936,10.0,,,0.1606,12.0
2018-08-07,0.1476,51.0,0.1302,49.0,0.0695,1.0,,,0.1192,9.0,0.1512,32.0,0.132,37.0,0.0833,4.0,,,0.1658,16.0
2018-08-06,0.1963,72.0,0.1521,67.0,0.1045,16.0,,,0.1345,21.0,0.1565,36.0,0.1351,42.0,0.0948,11.0,,,0.1546,9.0
2018-08-03,0.1963,72.0,0.1506,66.0,0.074,2.0,,,0.1291,16.0,0.1567,36.0,0.1358,43.0,0.0764,2.0,,,0.1708,20.0
2018-08-02,0.1688,61.0,0.1598,72.0,0.119,27.0,,,0.1358,22.0,0.1549,35.0,0.1367,44.0,0.0995,15.0,,,0.1593,11.0
2018-08-01,0.1616,57.0,0.1608,73.0,0.0761,3.0,,,0.1279,15.0,0.1593,39.0,0.1403,49.0,0.0761,2.0,,,0.1629,13.0
2018-07-31,0.1632,59.0,0.1487,65.0,0.1148,24.0,,,0.1093,6.0,0.1593,39.0,0.1402,49.0,0.0972,13.0,,,0.1617,12.0
2018-07-30,0.1125,28.0,0.1357,55.0,0.1181,26.0,,,0.1281,15.0,0.1623,43.0,0.1416,52.0,0.0982,14.0,,,0.1711,20.0
2018-07-27,0.1418,47.0,0.1427,61.0,0.1224,30.0,,,0.1055,4.0,0.1644,45.0,0.1421,53.0,0.1105,26.0,,,0.1565,10.0
2018-07-26,0.103,23.0,0.1182,39.0,0.1224,30.0,,,0.1347,21.0,0.1632,44.0,0.1409,51.0,0.1031,19.0,,,0.1599,11.0
2018-07-25,0.1307,40.0,0.1278,48.0,0.1156,24.0,,,0.1149,7.0,0.1639,44.0,0.1412,51.0,0.1015,17.0,,,0.1652,15.0
2018-07-24,0.1184,31.0,0.0997,20.0,0.1052,16.0,,,0.1151,7.0,0.1639,44.0,0.1402,49.0,0.1015,17.0,,,0.1723,21.0
2018-07-23,0.1193,32.0,0.1041,24.0,0.0967,11.0,,,0.154,36.0,0.1638,44.0,0.1402,49.0,0.0968,13.0,,,0.176,25.0
2018-07-20,0.1196,32.0,0.1034,24.0,0.0995,13.0,,,0.1497,32.0,0.1639,44.0,0.1402,49.0,0.0957,12.0,,,0.1709,20.0
2018-07-19,0.1208,33.0,0.1002,20.0,0.1021,14.0,,,0.1536,35.0,0.1658,48.0,0.1408,50.0,0.0919,9.0,,,0.1613,12.0
2018-07-18,0.085,13.0,0.0821,7.0,0.1067,17.0,,,0.1451,28.0,0.1653,47.0,0.1402,49.0,0.1019,17.0,,,0.1643,14.0
2018-07-17,0.1019,22.0,0.0971,18.0,0.1462,50.0,,,0.1314,18.0,0.1655,47.0,0.1401,49.0,0.1118,27.0,,,0.1567,10.0
2018-07-16,0.0921,16.0,0.0844,8.0,0.1,13.0,,,0.1208,10.0,0.165,46.0,0.1398,48.0,0.0979,14.0,,,0.1673,17.0
2018-07-13,0.1178,31.0,0.0934,14.0,0.1092,19.0,,,0.1382,23.0,0.1651,47.0,0.1399,48.0,0.1032,19.0,,,0.1604,11.0
2018-07-12,0.1218,34.0,0.1009,21.0,0.1055,16.0,,,0.1415,26.0,0.1649,46.0,0.1403,49.0,0.1012,16.0,,,0.1611,12.0
2018-07-11,0.1326,41.0,0.116,36.0,0.1139,23.0,,,0.1472,30.0,0.166,48.0,0.1408,50.0,0.0997,15.0,,,0.1645,15.0
2018-07-10,0.1326,41.0,0.1177,38.0,0.1112,21.0,,,0.1484,31.0,0.1663,49.0,0.1411,51.0,0.1028,18.0,,,0.1666,16.0
2018-07-09,0.1483,51.0,0.1265,46.0,0.152,54.0,,,0.1083,5.0,0.1674,50.0,0.1416,52.0,0.1163,31.0,,,0.1618,13.0
2018-07-05,0.1348,43.0,0.1189,39.0,0.1019,14.0,,,0.1451,28.0,0.1679,50.0,0.1416,52.0,0.0984,14.0,,,0.1781,27.0
2018-07-03,0.1223,35.0,0.1132,33.0,0.1216,28.0,,,0.1456,28.0,0.1675,50.0,0.1414,52.0,0.1117,27.0,,,0.1807,28.0
2018-07-02,0.1158,30.0,0.1024,23.0,0.1367,42.0,,,0.1343,20.0,0.1693,52.0,0.1417,52.0,0.1182,33.0,,,0.1756,24.0
2018-06-29,0.1042,23.0,0.0877,10.0,0.1161,25.0,,,0.1365,22.0,0.169,51.0,0.1412,51.0,0.1067,22.0,,,0.1793,28.0
2018-06-28,0.123,35.0,0.0958,17.0,0.1043,16.0,,,0.1453,28.0,0.1693,52.0,0.1411,51.0,0.1059,21.0,,,0.1804,28.0
2018-06-27,0.1113,27.0,0.0926,14.0,0.1477,51.0,,,0.1195,9.0,0.1684,51.0,0.1406,50.0,0.1201,35.0,,,0.1683,18.0
2018-06-26,0.1102,27.0,0.0959,17.0,0.1102,20.0,,,0.13,17.0,0.1683,50.0,0.1406,50.0,0.1005,16.0,,,0.1728,21.0
2018-06-25,0.0934,17.0,0.0981,18.0,0.0891,7.0,,,0.1945,64.0,0.1681,50.0,0.1405,50.0,0.096,12.0,,,0.2003,46.0
2018-06-22,0.104,23.0,0.1061,26.0,0.0816,4.0,,,0.1748,52.0,0.1682,50.0,0.1405,50.0,0.0871,7.0,,,0.1902,36.0
2018-06-21,0.161,57.0,0.1319,51.0,0.0809,4.0,,,0.1699,49.0,0.1681,50.0,0.1405,50.0,0.0847,5.0,,,0.188,35.0
2018-06-20,0.16,57.0,0.1364,55.0,0.0748,2.0,,,0.1836,57.0,0.1683,50.0,0.1406,50.0,0.0775,2.0,,,0.1902,36.0
2018-06-19,0.1333,42.0,0.1281,48.0,0.0887,7.0,,,0.1581,39.0,0.1678,50.0,0.1405,50.0,0.0902,8.0,,,0.1838,32.0
2018-06-18,0.1375,45.0,0.1226,43.0,0.086,6.0,,,0.1629,43.0,0.1722,54.0,0.1428,54.0,0.1089,24.0,,,0.1832,32.0
2018-06-15,0.1351,43.0,0.1211,41.0,0.0943,10.0,,,0.1329,19.0,0.1722,54.0,0.1426,54.0,0.0963,12.0,,,0.1748,24.0
2018-06-14,0.1351,43.0,0.1199,40.0,0.0844,5.0,,,0.1609,41.0,0.1724,54.0,0.1424,54.0,0.0854,6.0,,,0.1836,32.0
2018-06-13,0.1151,28.0,0.1164,37.0,0.0914,9.0,,,0.1511,33.0,0.1716,54.0,0.142,53.0,0.0887,7.0,,,0.1839,32.0
2018-06-12,0.0716,7.0,0.09,12.0,0.0913,8.0,,,0.157,38.0,0.17,52.0,0.1407,50.0,0.0791,3.0,,,0.1883,35.0
2018-06-11,0.0712,7.0,0.0836,8.0,0.0772,3.0,,,0.1488,31.0,0.17,52.0,0.1404,50.0,0.0806,4.0,,,0.1821,31.0
2018-06-08,0.0708,7.0,0.0851,9.0,0.0827,4.0,,,0.1448,28.0,0.1701,52.0,0.1404,50.0,0.0838,5.0,,,0.1833,32.0
2018-06-07,0.1203,33.0,0.1091,28.0,0.0853,5.0,,,0.1529,35.0,0.1703,52.0,0.1405,50.0,0.0867,6.0,,,0.1823,31.0
2018-06-06,0.1195,32.0,0.112,32.0,0.0825,4.0,,,0.1521,34.0,0.1703,52.0,0.1404,50.0,0.0827,4.0,,,0.181,28.0
2018-06-05,0.1154,30.0,0.1086,28.0,0.0916,9.0,,,0.1336,20.0,0.1703,52.0,0.1403,49.0,0.0923,9.0,,,0.1783,27.0
2018-06-04,0.111,27.0,0.1057,26.0,0.0739,2.0,,,0.1668,46.0,0.1703,52.0,0.1401,49.0,0.0792,3.0,,,0.1907,37.0
2018-06-01,0.1249,36.0,0.1144,35.0,0.0781,3.0,,,0.1544,36.0,0.17,52.0,0.14,48.0,0.0855,6.0,,,0.187,34.0
2018-05-31,0.1282,39.0,0.1134,34.0,0.0852,5.0,,,0.1397,25.0,0.1699,52.0,0.1402,49.0,0.0903,8.0,,,0.1923,38.0
2018-05-30,0.1225,35.0,0.127,47.0,0.0651,1.0,,,0.1598,40.0,0.1699,52.0,0.1402,49.0,0.0685,1.0,,,0.1987,45.0
2018-05-29,0.1111,27.0,0.1067,27.0,0.0895,8.0,,,0.1537,35.0,0.1679,50.0,0.1393,47.0,0.0898,8.0,,,0.1918,38.0
2018-05-25,0.1351,43.0,0.1052,26.0,0.0906,8.0,,,0.1404,25.0,0.1683,50.0,0.1394,47.0,0.0921,9.0,,,0.1841,32.0
2018-05-24,0.1399,46.0,0.109,28.0,0.1055,16.0,,,0.1345,21.0,0.1681,50.0,0.1394,47.0,0.0987,14.0,,,0.1894,36.0
2018-05-23,0.1873,69.0,0.1165,37.0,0.0873,6.0,,,0.1524,35.0,0.1681,50.0,0.1393,47.0,0.0871,7.0,,,0.1885,35.0
2018-05-22,0.1533,54.0,0.1137,34.0,0.0838,5.0,,,0.1541,36.0,0.1666,49.0,0.1387,47.0,0.0735,1.0,,,0.1894,36.0
2018-05-21,0.1485,51.0,0.1159,36.0,0.0853,5.0,,,0.1304,17.0,0.167,49.0,0.1386,47.0,0.0853,5.0,,,0.1621,13.0
2018-05-18,0.1254,36.0,0.1003,21.0,0.1215,28.0,,,0.1454,28.0,0.166,48.0,0.1379,46.0,0.097,13.0,,,0.1714,20.0
2018-05-17,0.1478,51.0,0.1028,23.0,0.1371,43.0,,,0.1439,28.0,0.1662,49.0,0.1379,46.0,0.1028,18.0,,,0.1677,17.0
2018-05-16,0.1455,50.0,0.0965,17.0,0.1277,35.0,,,0.1439,28.0,0.1663,49.0,0.1378,46.0,0.1108,26.0,,,0.1636,14.0
2018-05-15,0.1664,60.0,0.0965,17.0,0.1227,31.0,,,0.142,27.0,0.1672,50.0,0.1382,46.0,0.1085,24.0,,,0.1593,11.0
2018-05-14,0.1219,34.0,0.0877,10.0,0.1061,17.0,,,0.1383,23.0,0.1651,47.0,0.1377,45.0,0.0985,14.0,,,0.1639,14.0
2018-05-11,0.0941,17.0,0.0822,7.0,0.095,10.0,,,0.1386,24.0,0.1649,46.0,0.1372,44.0,0.095,11.0,,,0.1638,14.0
2018-05-10,0.0933,17.0,0.0871,10.0,0.0749,2.0,,,0.1548,36.0,0.1648,46.0,0.1372,44.0,0.0749,2.0,,,0.1662,16.0
2018-05-09,0.1009,21.0,0.0983,19.0,0.1338,40.0,,,0.1057,4.0,0.1645,46.0,0.1373,45.0,0.1042,20.0,,,0.1771,26.0
2018-05-08,0.1052,24.0,0.0961,17.0,0.0972,11.0,,,0.1565,37.0,0.1643,45.0,0.1376,45.0,0.091,9.0,,,0.1742,23.0
2018-05-07,0.1576,55.0,0.1195,40.0,0.1012,14.0,,,0.1325,19.0,0.1645,46.0,0.1377,45.0,0.0923,9.0,,,0.1754,24.0
2018-05-04,0.1571,55.0,0.124,44.0,0.0802,4.0,,,0.159,39.0,0.1642,45.0,0.1377,45.0,0.0802,3.0,,,0.1992,45.0
2018-05-03,0.1613,57.0,0.1231,43.0,0.1199,28.0,,,0.1409,26.0,0.1639,44.0,0.1379,46.0,0.1044,20.0,,,0.1858,34.0
2018-05-02,0.1587,56.0,0.1243,44.0,0.1093,19.0,,,0.1546,36.0,0.1639,44.0,0.1379,46.0,0.1042,20.0,,,0.1776,26.0
2018-05-01,0.1573,55.0,0.1186,39.0,0.1088,19.0,,,0.14,25.0,0.1639,44.0,0.1377,45.0,0.0895,8.0,,,0.1821,31.0
2018-04-30,0.1798,66.0,0.1187,39.0,0.1315,38.0,,,0.146,30.0,0.1632,44.0,0.1375,45.0,0.1012,16.0,,,0.1737,22.0
2018-04-27,0.2209,80.0,0.146,63.0,0.0805,4.0,,,0.1631,43.0,0.1632,44.0,0.1373,45.0,0.0767,2.0,,,0.1919,38.0
2018-04-26,0.1426,48.0,0.1278,48.0,0.1117,21.0,,,0.1501,33.0,0.1598,40.0,0.1368,44.0,0.0939,11.0,,,0.1851,33.0
2018-04-25,0.1421,47.0,0.1304,50.0,0.1258,33.0,,,0.1675,47.0,0.1595,39.0,0.1368,44.0,0.1029,18.0,,,0.1892,36.0
2018-04-24,0.1473,50.0,0.1312,50.0,0.1368,42.0,,,0.147,30.0,0.1595,39.0,0.1369,44.0,0.1036,19.0,,,0.1799,28.0
2018-04-23,0.154,54.0,0.1267,47.0,0.1486,52.0,,,0.167,46.0,0.16,40.0,0.1369,44.0,0.1132,28.0,,,0.1803,28.0
2018-04-20,0.1768,65.0,0.1422,60.0,0.1365,42.0,,,0.1298,17.0,0.16,40.0,0.1368,44.0,0.1179,33.0,,,0.1734,22.0
2018-04-19,0.172,63.0,0.1359,55.0,0.1477,51.0,,,0.1676,47.0,0.1594,39.0,0.1364,44.0,0.103,18.0,,,0.1745,23.0
2018-04-18,0.1338,42.0,0.1047,25.0,0.1457,49.0,,,0.1596,40.0,0.1575,37.0,0.1348,42.0,0.1177,32.0,,,0.1712,20.0
2018-04-17,0.1329,42.0,0.1164,37.0,0.1061,17.0,,,0.1375,23.0,0.1575,37.0,0.1348,42.0,0.1001,15.0,,,0.1891,35.0
2018-04-16,0.1181,31.0,0.1117,32.0,0.1244,32.0,,,0.1524,35.0,0.1569,36.0,0.1342,40.0,0.1113,26.0,,,0.1934,39.0
2018-04-13,0.114,28.0,0.1166,37.0,0.1105,20.0,,,0.1628,43.0,0.1569,36.0,0.1342,40.0,0.109,24.0,,,0.2023,48.0
2018-04-12,0.1349,43.0,0.1294,49.0,0.1802,70.0,,,0.1729,51.0,0.1582,38.0,0.1341,40.0,0.1389,51.0,,,0.1737,22.0
2018-04-11,0.0995,20.0,0.1342,53.0,0.1542,55.0,,,0.1762,53.0,0.1569,36.0,0.1333,39.0,0.1277,41.0,,,0.1966,42.0
2018-04-10,0.1294,40.0,0.1452,63.0,0.1553,56.0,,,0.1404,25.0,0.1569,36.0,0.1332,39.0,0.1306,44.0,,,0.193,39.0
2018-04-09,0.1294,40.0,0.1479,64.0,0.1348,41.0,,,0.1543,36.0,0.1569,36.0,0.1334,40.0,0.1239,39.0,,,0.1995,45.0
2018-04-06,0.2057,76.0,0.1655,75.0,0.1624,60.0,,,0.1347,21.0,0.157,37.0,0.1328,39.0,0.1343,47.0,,,0.1896,36.0
2018-04-05,0.2046,75.0,0.1921,86.0,0.1424,47.0,,,0.1585,39.0,0.1571,37.0,0.1326,38.0,0.1187,33.0,,,0.2017,48.0
2018-04-04,0.1898,70.0,0.1919,86.0,0.1275,34.0,,,0.1889,61.0,0.157,37.0,0.1322,38.0,0.1174,32.0,,,0.2103,55.0
2018-04-03,0.2272,81.0,0.1915,85.0,0.1794,70.0,,,0.1593,40.0,0.156,36.0,0.1315,36.0,0.1426,55.0,,,0.1946,40.0
2018-04-02,0.2569,88.0,0.1904,85.0,0.2134,83.0,,,0.1404,25.0,0.1555,35.0,0.1302,33.0,0.1467,59.0,,,0.1916,37.0
2018-03-29,0.2443,85.0,0.1878,84.0,0.1497,52.0,,,0.1883,61.0,0.1548,35.0,0.1296,31.0,0.1311,44.0,,,0.2047,50.0
2018-03-28,0.2497,86.0,0.193,86.0,0.163,61.0,,,0.1875,60.0,0.1548,35.0,0.1294,31.0,0.1276,41.0,,,0.2071,53.0
2018-03-27,0.1657,60.0,0.174,79.0,0.1803,70.0,,,0.1945,64.0,0.1501,31.0,0.1278,28.0,0.1373,50.0,,,0.2063,52.0
2018-03-26,0.1626,57.0,0.1427,61.0,0.1789,69.0,,,0.15,32.0,0.1501,31.0,0.1256,25.0,0.1319,45.0,,,0.2,46.0
2018-03-23,0.1413,47.0,0.137,56.0,0.2034,80.0,,,0.1391,24.0,0.1495,30.0,0.1252,24.0,0.1451,57.0,,,0.1977,43.0
2018-03-22,0.1271,38.0,0.1274,47.0,0.1824,71.0,,,0.1381,23.0,0.1483,28.0,0.1243,22.0,0.1385,51.0,,,0.1836,32.0
2018-03-21,0.0839,12.0,0.111,31.0,0.1013,14.0,,,0.1304,17.0,0.147,28.0,0.1234,21.0,0.0771,2.0,,,0.1757,24.0
2018-03-20,0.0977,19.0,0.1002,20.0,0.1141,23.0,,,0.161,41.0,0.147,28.0,0.1229,21.0,0.1174,32.0,,,0.1994,45.0
2018-03-19,0.0925,16.0,0.0918,13.0,0.1028,15.0,,,0.1875,60.0,0.1469,28.0,0.1225,20.0,0.0918,9.0,,,0.2207,61.0
2018-03-16,0.0722,7.0,0.0852,9.0,0.0993,13.0,,,0.1795,55.0,0.1468,28.0,0.1224,20.0,0.1068,22.0,,,0.2075,53.0
2018-03-15,0.0749,9.0,0.091,13.0,0.1111,21.0,,,0.1806,56.0,0.1462,27.0,0.1224,20.0,0.1073,22.0,,,0.2083,54.0
2018-03-14,0.0752,9.0,0.1027,23.0,0.1102,20.0,,,0.1787,55.0,0.1464,27.0,0.1224,20.0,0.1117,27.0,,,0.1996,46.0
2018-03-13,0.0903,15.0,0.1133,34.0,0.1248,32.0,,,0.1613,41.0,0.1468,28.0,0.1225,20.0,0.1153,30.0,,,0.2031,49.0
2018-03-12,0.0813,11.0,0.109,28.0,0.1081,18.0,,,0.1771,54.0,0.1468,28.0,0.1223,20.0,0.1086,24.0,,,0.2055,51.0
2018-03-09,0.081,11.0,0.1224,42.0,0.1112,21.0,,,0.1831,57.0,0.1481,28.0,0.1233,21.0,0.112,27.0,,,0.2117,56.0
2018-03-08,0.0912,16.0,0.1251,45.0,0.1168,25.0,,,0.1951,64.0,0.1478,28.0,0.123,21.0,0.1144,30.0,,,0.2168,59.0
2018-03-07,0.1878,70.0,0.1588,71.0,0.1087,19.0,,,0.2079,71.0,0.148,28.0,0.1233,21.0,0.1092,25.0,,,0.226,63.0
2018-03-06,0.1783,65.0,0.1574,70.0,0.0927,9.0,,,0.2214,75.0,0.1479,28.0,0.1231,21.0,0.1042,20.0,,,0.232,67.0
2018-03-05,0.2076,76.0,0.1669,76.0,0.1182,26.0,,,0.2008,68.0,0.1478,28.0,0.1228,20.0,0.124,39.0,,,0.2227,62.0
2018-03-02,0.1992,73.0,0.1736,79.0,0.1477,51.0,,,0.1804,56.0,0.1463,27.0,0.1221,20.0,0.1374,50.0,,,0.2308,66.0
2018-03-01,0.2235,80.0,0.1885,84.0,0.1381,44.0,,,0.1699,49.0,0.1464,27.0,0.1221,20.0,0.1313,45.0,,,0.2206,61.0
2018-02-28,0.2362,83.0,0.1869,84.0,0.2186,84.0,,,0.1765,53.0,0.1461,27.0,0.1216,19.0,0.1326,46.0,,,0.207,53.0
2018-02-27,0.2515,87.0,0.183,83.0,0.1879,75.0,,,0.1975,66.0,0.1464,27.0,0.1214,19.0,0.1319,45.0,,,0.2079,53.0
2018-02-26,0.2299,82.0,0.1634,74.0,0.1398,45.0,,,0.1917,62.0,0.1431,25.0,0.1192,18.0,0.1281,42.0,,,0.2045,50.0
2018-02-23,0.2493,86.0,0.1629,74.0,0.1101,20.0,,,0.1934,63.0,0.1432,25.0,0.119,18.0,0.1036,19.0,,,0.2309,66.0
2018-02-22,0.2274,81.0,0.1574,70.0,0.1554,56.0,,,0.1504,33.0,0.1407,23.0,0.1177,17.0,0.1554,67.0,,,0.1893,36.0
2018-02-13,0.3101,94.0,0.2723,97.0,0.1213,28.0,,,0.2188,75.0,0.1346,18.0,0.1146,15.0,0.1186,33.0,,,0.2271,64.0
2018-02-09,0.3292,95.0,0.2674,97.0,0.1455,49.0,,,0.2384,80.0,0.1341,18.0,0.1102,13.0,0.1455,57.0,,,0.2621,82.0
2018-02-07,0.2517,87.0,0.2269,93.0,0.2861,94.0,,,0.1854,59.0,0.1236,13.0,0.1043,12.0,0.1725,80.0,,,0.1854,33.0
2018-02-02,0.2152,78.0,0.1593,72.0,0.1752,67.0,,,0.169,48.0,0.118,12.0,0.096,9.0,0.1378,51.0,,,0.198,44.0
2018-02-01,0.2147,78.0,0.1492,65.0,0.1575,57.0,,,0.1444,28.0,0.118,12.0,0.095,8.0,0.1247,39.0,,,0.1813,30.0
2018-01-31,0.1974,72.0,0.1204,41.0,0.1198,28.0,,,0.1335,20.0,0.1119,10.0,0.0915,5.0,0.117,32.0,,,0.1788,28.0
2018-01-30,0.1641,59.0,0.1048,25.0,0.1534,55.0,,,0.1375,23.0,0.1084,7.0,0.0908,4.0,0.1284,42.0,,,0.1836,32.0
2018-01-29,0.1543,54.0,0.1007,21.0,0.1455,49.0,,,0.139,24.0,0.108,7.0,0.0906,4.0,0.1248,39.0,,,0.1831,32.0
2018-01-26,0.1544,54.0,0.0966,17.0,0.1212,28.0,,,0.1343,20.0,0.1077,7.0,0.091,5.0,0.1174,32.0,,,0.1776,26.0
2018-01-25,0.1503,52.0,0.0909,12.0,0.1228,31.0,,,0.1249,13.0,0.1077,7.0,0.0908,4.0,0.1151,30.0,,,0.1739,23.0
2018-01-24,0.1486,51.0,0.1079,28.0,0.1248,32.0,,,0.1303,17.0,0.1082,7.0,0.0907,4.0,0.1127,28.0,,,0.1748,24.0
2018-01-23,0.1715,63.0,0.1165,37.0,0.1125,22.0,,,0.1195,9.0,0.1092,8.0,0.0912,5.0,0.1131,28.0,,,0.1702,19.0
2018-01-22,0.1258,37.0,0.1064,27.0,0.1066,17.0,,,0.1539,36.0,0.1064,6.0,0.0903,4.0,0.1066,22.0,,,0.1539,9.0
2018-01-19,0.1225,35.0,0.1179,38.0,0.117,25.0,,,0.118,8.0,0.1059,6.0,0.0905,4.0,0.1153,30.0,,,0.1765,25.0
2018-01-18,0.1268,38.0,0.1283,48.0,0.1151,24.0,,,0.1328,19.0,0.106,6.0,0.0905,4.0,0.112,27.0,,,0.1812,30.0
2018-01-17,0.1463,50.0,0.1265,46.0,0.1217,30.0,,,0.1173,8.0,0.1054,5.0,0.0903,4.0,0.1141,28.0,,,0.1777,27.0
2018-01-16,0.1271,38.0,0.1272,47.0,0.1354,41.0,,,0.1919,62.0,0.1051,5.0,0.0902,3.0,0.1167,32.0,,,0.178,27.0
2018-01-12,0.1324,41.0,0.1306,50.0,0.1077,18.0,,,0.1212,11.0,0.1057,5.0,0.0892,2.0,0.1116,27.0,,,0.1791,28.0
2018-01-11,0.1438,48.0,0.1246,44.0,0.1127,22.0,,,0.1245,13.0,0.1042,5.0,0.0886,2.0,0.1085,24.0,,,0.1762,25.0
2018-01-10,0.1435,48.0,0.1186,39.0,0.1109,21.0,,,0.1047,4.0,0.1048,5.0,0.0882,2.0,0.1084,23.0,,,0.1767,25.0
2018-01-08,0.1385,45.0,0.0937,15.0,0.0898,8.0,,,0.0962,2.0,0.1019,3.0,0.0863,1.0,0.1037,20.0,,,0.1693,18.0
2018-01-05,0.1285,39.0,0.0918,13.0,0.1029,15.0,,,0.0956,2.0,0.1028,4.0,0.0862,1.0,0.1022,17.0,,,0.2946,91.0
2018-01-04,0.1377,45.0,0.0917,13.0,0.1013,14.0,,,0.1004,3.0,0.1025,4.0,0.0864,1.0,0.1034,19.0,,,0.1676,17.0
2018-01-03,0.0675,6.0,0.0644,2.0,0.0903,8.0,,,0.1004,3.0,0.1002,2.0,0.0861,1.0,0.0991,14.0,,,0.1642,14.0
2018-01-02,0.0896,15.0,0.0675,3.0,0.0996,13.0,,,0.0895,1.0,0.1003,2.0,0.086,1.0,0.1023,17.0,,,0.1642,14.0
2017-12-28,0.1901,70.0,0.1386,57.0,0.0893,7.0,,,0.0933,2.0,0.1065,6.0,0.0894,3.0,0.0989,14.0,,,0.1605,12.0
2017-12-27,0.1846,68.0,0.1363,55.0,0.0889,7.0,,,0.0944,2.0,0.1063,6.0,0.0892,2.0,0.0981,14.0,,,0.1637,14.0
2017-12-26,0.1965,72.0,0.1398,57.0,0.0913,8.0,,,0.0984,3.0,0.108,7.0,0.0901,3.0,0.103,18.0,,,0.1656,15.0
2017-12-22,0.1864,69.0,0.1369,56.0,0.0972,11.0,,,0.1003,3.0,0.1092,8.0,0.0903,4.0,0.1038,20.0,,,0.1658,16.0
2017-12-21,0.1768,65.0,0.1373,56.0,0.0954,10.0,,,0.1018,4.0,0.1089,8.0,0.0902,3.0,0.1055,21.0,,,0.1674,17.0
2017-12-20,0.1832,67.0,0.1339,53.0,0.094,10.0,,,0.1003,3.0,0.1096,9.0,0.0905,4.0,0.099,14.0,,,0.1596,11.0
2017-12-19,0.2302,82.0,0.1263,46.0,0.0924,9.0,,,0.0963,2.0,0.1133,11.0,0.0901,3.0,0.0991,14.0,,,0.1628,13.0
2017-12-18,0.0484,2.0,0.0585,1.0,0.0423,1.0,,,0.129,16.0,0.1019,3.0,0.0867,1.0,0.0791,3.0,,,0.1672,17.0
2017-12-15,0.0547,3.0,0.0618,1.0,0.0501,1.0,,,0.1221,11.0,0.1017,3.0,0.0866,1.0,0.0793,3.0,,,0.1671,17.0
2017-12-14,0.0517,2.0,0.0616,1.0,0.0545,1.0,,,0.1353,21.0,0.1014,3.0,0.0866,1.0,0.0821,4.0,,,0.1759,25.0
2017-12-13,0.0667,6.0,0.0662,2.0,0.0618,1.0,,,0.129,16.0,0.1014,3.0,0.0871,1.0,0.0903,8.0,,,0.1782,27.0
2017-12-12,0.0763,9.0,0.0672,3.0,0.0717,2.0,,,0.1383,23.0,0.1015,3.0,0.087,1.0,0.0922,9.0,,,0.1308,4.0
2017-12-11,0.075,9.0,0.0748,4.0,0.1032,15.0,,,0.1098,6.0,0.1018,3.0,0.0869,1.0,0.0859,6.0,,,0.127,3.0
2017-12-08,0.0707,7.0,0.0774,5.0,0.0974,11.0,,,0.0952,2.0,0.1021,4.0,0.0875,1.0,0.0833,4.0,,,0.1222,1.0
2017-12-07,0.05,2.0,0.0799,6.0,0.0803,4.0,,,0.1017,3.0,0.1016,3.0,0.0874,1.0,0.0917,9.0,,,0.1306,4.0
2017-12-06,0.0736,8.0,0.085,9.0,0.078,3.0,,,0.1148,7.0,0.1017,3.0,0.0872,1.0,0.0961,12.0,,,0.1376,5.0
2017-12-05,0.071,7.0,0.0861,9.0,0.0908,8.0,,,0.1082,5.0,0.1019,3.0,0.0872,1.0,0.098,14.0,,,0.1326,4.0
2017-12-04,0.0757,9.0,0.0827,8.0,0.1067,17.0,,,0.121,10.0,0.1016,3.0,0.0874,1.0,0.094,11.0,,,0.1338,4.0
2017-12-01,0.0726,8.0,0.08,6.0,0.1483,51.0,,,0.1098,6.0,0.1014,3.0,0.0877,2.0,0.096,12.0,,,0.136,5.0
2017-11-30,0.0896,15.0,0.0721,3.0,0.1023,15.0,,,0.1055,4.0,0.1015,3.0,0.0873,1.0,0.0959,12.0,,,0.1361,5.0
2017-11-29,0.0896,15.0,0.0697,3.0,0.1071,17.0,,,0.0998,3.0,0.1029,4.0,0.0877,2.0,0.1006,16.0,,,0.1408,6.0
2017-11-28,0.0924,16.0,0.066,2.0,0.0994,13.0,,,0.1064,5.0,0.1029,4.0,0.0882,2.0,0.0989,14.0,,,0.1392,5.0
2017-11-27,0.0867,13.0,0.0583,1.0,0.1001,13.0,,,0.0859,1.0,0.1042,5.0,0.0881,2.0,0.1018,17.0,,,0.1406,6.0
2017-11-24,0.1206,33.0,0.0757,4.0,0.0971,11.0,,,0.1002,3.0,0.104,5.0,0.0884,2.0,0.1006,16.0,,,0.1406,6.0
2017-11-22,0.1189,32.0,0.0757,4.0,0.0909,8.0,,,0.077,1.0,0.104,5.0,0.0884,2.0,0.1022,17.0,,,0.1405,6.0
2017-11-21,0.1277,39.0,0.0767,5.0,0.0719,2.0,,,0.0885,1.0,0.104,5.0,0.0885,2.0,0.0996,15.0,,,0.1405,6.0
2017-11-20,0.1151,28.0,0.0804,6.0,0.0915,9.0,,,0.0891,1.0,0.1037,4.0,0.0886,2.0,0.103,18.0,,,0.1332,4.0
2017-11-17,0.1151,28.0,0.083,8.0,0.0932,9.0,,,0.1008,3.0,0.1039,4.0,0.0887,2.0,0.1049,20.0,,,0.1394,6.0
2017-11-16,0.1162,30.0,0.0959,17.0,0.0944,10.0,,,0.106,5.0,0.1037,4.0,0.0885,2.0,0.1224,37.0,,,0.1363,5.0
2017-11-15,0.1111,27.0,0.0925,14.0,0.1202,28.0,,,0.1116,6.0,0.1031,4.0,0.0883,2.0,0.1398,52.0,,,0.1426,6.0
2017-11-14,0.0666,6.0,0.0814,7.0,0.1111,21.0,,,0.1036,4.0,0.1013,3.0,0.0875,1.0,0.1327,46.0,,,0.1398,6.0
2017-11-13,0.0581,3.0,0.0948,16.0,0.1048,16.0,,,0.1181,9.0,0.1012,3.0,0.0878,2.0,0.11,25.0,,,0.1414,6.0
2017-11-10,0.0595,4.0,0.1013,22.0,0.113,22.0,,,0.1103,6.0,0.102,3.0,0.0885,2.0,0.1296,43.0,,,0.1473,7.0
2017-11-09,0.0535,2.0,0.1007,21.0,0.1079,18.0,,,0.1056,4.0,0.1026,4.0,0.0893,3.0,0.1281,42.0,,,0.1479,7.0
2017-11-08,0.0517,2.0,0.103,23.0,0.0903,8.0,,,0.0937,2.0,0.1029,4.0,0.0893,3.0,0.107,22.0,,,0.1402,6.0
2017-11-07,0.0526,2.0,0.0883,11.0,0.1097,19.0,,,0.0929,1.0,0.1027,4.0,0.0888,2.0,0.1195,34.0,,,0.1376,5.0
2017-11-06,0.0705,7.0,0.0999,20.0,0.0934,9.0,,,0.0897,1.0,0.1024,4.0,0.0887,2.0,0.1268,41.0,,,0.127,3.0
2017-11-03,0.0961,18.0,0.107,27.0,0.0906,8.0,,,0.0981,3.0,0.1022,4.0,0.0896,3.0,0.0939,11.0,,,0.1243,2.0
2017-11-02,0.0916,16.0,0.0997,20.0,0.0982,12.0,,,0.0981,3.0,0.1025,4.0,0.0893,3.0,0.0946,11.0,,,0.1277,3.0
2017-11-01,0.1158,30.0,0.1015,22.0,0.0992,13.0,,,0.1003,3.0,0.1028,4.0,0.0892,2.0,0.0935,10.0,,,0.1246,2.0
2017-10-31,0.1118,28.0,0.0993,20.0,0.1098,20.0,,,0.1116,6.0,0.1028,4.0,0.0892,2.0,0.0989,14.0,,,0.1301,3.0
2017-10-30,0.1118,28.0,0.0947,16.0,0.1106,20.0,,,0.1158,8.0,0.1035,4.0,0.0891,2.0,0.1019,17.0,,,0.1353,4.0
2017-10-27,0.1101,26.0,0.0948,16.0,0.1146,23.0,,,0.1225,11.0,0.1035,4.0,0.0899,3.0,0.1322,46.0,,,0.1342,4.0
2017-10-26,0.0637,5.0,0.0813,7.0,0.1094,19.0,,,0.1239,12.0,0.1032,4.0,0.0897,3.0,0.1031,19.0,,,0.1358,5.0
2017-10-25,0.062,4.0,0.0673,3.0,0.1104,20.0,,,0.118,8.0,0.103,4.0,0.0898,3.0,0.1118,27.0,,,0.1355,4.0
2017-10-24,0.0646,5.0,0.065,2.0,0.107,17.0,,,0.1051,4.0,0.1029,4.0,0.0898,3.0,0.0992,15.0,,,0.1285,3.0
2017-10-23,0.0477,2.0,0.0536,1.0,0.0929,9.0,,,0.1074,5.0,0.1022,4.0,0.0898,3.0,0.1082,23.0,,,0.1245,2.0
2017-10-20,0.0622,4.0,0.055,1.0,0.0919,9.0,,,0.0971,2.0,0.1033,4.0,0.0901,3.0,0.0951,11.0,,,0.1221,1.0
2017-10-19,0.0615,4.0,0.0548,1.0,0.0933,9.0,,,0.0984,3.0,0.1035,4.0,0.0903,4.0,0.1065,22.0,,,0.1245,2.0
2017-10-18,0.0619,4.0,0.0654,2.0,0.0874,6.0,,,0.1009,3.0,0.1039,4.0,0.0905,4.0,0.0934,10.0,,,0.1245,2.0
2017-10-17,0.0624,4.0,0.0654,2.0,0.0897,8.0,,,0.1055,4.0,0.1048,5.0,0.0931,5.0,0.0943,11.0,,,0.1266,2.0
2017-10-16,0.0699,7.0,0.0674,3.0,0.0992,13.0,,,0.1026,4.0,0.1049,5.0,0.0931,5.0,0.0981,14.0,,,0.1295,3.0
2017-10-13,0.0561,3.0,0.0653,2.0,0.0872,6.0,,,0.098,3.0,0.1046,5.0,0.093,5.0,0.0938,10.0,,,0.1272,3.0
2017-10-12,0.0577,3.0,0.0648,2.0,0.0847,5.0,,,0.1502,33.0,0.1046,5.0,0.0928,5.0,0.0847,5.0,,,0.1502,8.0
2017-10-11,0.0512,2.0,0.0629,2.0,0.0936,10.0,,,0.1163,8.0,0.1047,5.0,0.0928,5.0,0.0936,10.0,,,0.1163,1.0
2017-10-10,0.0568,3.0,0.0661,2.0,0.1187,27.0,,,0.1089,5.0,0.1065,6.0,0.0934,6.0,0.1035,19.0,,,0.1251,2.0
2017-10-09,0.0565,3.0,0.0583,1.0,0.1161,25.0,,,0.1432,27.0,0.1065,6.0,0.093,5.0,0.1023,17.0,,,0.1377,5.0
2017-10-06,0.0745,8.0,0.0654,2.0,0.0912,8.0,,,0.1269,15.0,0.1065,6.0,0.0931,5.0,0.0912,9.0,,,0.1552,9.0
2017-10-05,0.1036,23.0,0.0701,3.0,0.0985,12.0,,,0.1171,8.0,0.1065,6.0,0.0931,5.0,0.0936,10.0,,,0.1171,1.0
2017-10-04,0.1043,24.0,0.0694,3.0,0.0859,6.0,,,0.1222,11.0,0.1068,6.0,0.0933,6.0,0.0859,6.0,,,0.1525,8.0
2017-10-03,0.1005,21.0,0.0653,2.0,0.0976,12.0,,,0.1149,7.0,0.1067,6.0,0.0932,6.0,0.1023,17.0,,,0.198,44.0
2017-10-02,0.1135,28.0,0.0729,4.0,0.0931,9.0,,,0.1155,7.0,0.1068,6.0,0.0936,6.0,0.0931,10.0,,,0.1234,2.0
2017-09-29,0.1137,28.0,0.0744,4.0,0.0884,7.0,,,0.1201,10.0,0.107,7.0,0.0937,6.0,0.0884,7.0,,,0.1538,9.0
2017-09-28,0.1108,27.0,0.0807,6.0,0.0958,10.0,,,0.1339,20.0,0.107,7.0,0.0938,6.0,0.0915,9.0,,,0.1776,26.0
2017-09-27,0.0756,9.0,0.0798,6.0,0.1031,15.0,,,0.1542,36.0,0.1063,6.0,0.0937,6.0,0.1031,19.0,,,0.1542,9.0
2017-09-26,0.0834,12.0,0.0789,6.0,0.1044,16.0,,,0.1237,12.0,0.1063,6.0,0.0935,6.0,0.0995,15.0,,,0.1237,2.0
2017-09-22,0.0941,17.0,0.0903,12.0,0.1062,17.0,,,0.123,12.0,0.1049,5.0,0.0938,6.0,0.1322,46.0,,,0.1685,18.0
2017-09-21,0.0792,10.0,0.0869,10.0,0.0894,7.0,,,0.1128,6.0,0.104,5.0,0.0941,6.0,0.0869,6.0,,,0.1273,3.0
2017-09-19,0.1295,40.0,0.1032,24.0,0.0893,7.0,,,0.1394,25.0,0.104,5.0,0.0941,6.0,0.0864,6.0,,,0.1251,2.0
2017-09-18,0.1314,41.0,0.1049,25.0,0.078,3.0,,,0.1661,45.0,0.104,5.0,0.0946,7.0,0.078,3.0,,,0.1661,16.0
2017-09-15,0.1406,46.0,0.1075,28.0,0.0745,2.0,,,0.1481,31.0,0.1045,5.0,0.0948,7.0,0.0745,2.0,,,0.1793,28.0
2017-09-14,0.1392,46.0,0.111,31.0,0.077,3.0,,,0.1621,42.0,0.1043,5.0,0.0947,7.0,0.077,2.0,,,0.1826,31.0
2017-09-13,0.1325,41.0,0.1058,26.0,0.0832,5.0,,,0.1352,21.0,0.104,5.0,0.0944,7.0,0.0832,4.0,,,0.1264,2.0
2017-09-12,0.1317,41.0,0.1053,26.0,0.104,16.0,,,0.0885,1.0,0.1039,4.0,0.0945,7.0,0.1079,23.0,,,0.1177,1.0
2017-09-11,0.0435,1.0,0.0859,9.0,0.0785,3.0,,,0.1194,9.0,0.1008,2.0,0.0934,6.0,0.0785,3.0,,,0.1443,6.0
2017-09-08,0.0446,1.0,0.0935,14.0,0.0731,2.0,,,0.16,40.0,0.1047,5.0,0.0952,8.0,0.0731,1.0,,,0.1869,34.0
2017-09-07,0.0527,2.0,0.0889,11.0,0.0725,2.0,,,0.169,48.0,0.1045,5.0,0.095,8.0,0.0725,1.0,,,0.1778,27.0
2017-09-06,0.0503,2.0,0.0843,8.0,0.0876,7.0,,,0.1013,3.0,0.104,5.0,0.095,8.0,0.0876,7.0,,,0.1235,2.0
2017-09-05,0.0504,2.0,0.077,5.0,0.0778,3.0,,,0.1156,7.0,0.1042,5.0,0.0965,9.0,0.0778,2.0,,,0.1246,2.0
2017-09-01,0.0517,2.0,0.0762,4.0,0.082,4.0,,,0.1211,10.0,0.1065,6.0,0.0979,9.0,0.082,4.0,,,0.1222,1.0
2017-08-31,0.0679,6.0,0.0819,7.0,0.0739,2.0,,,0.1121,6.0,0.1088,8.0,0.0983,9.0,0.0743,2.0,,,0.175,24.0
2017-08-30,0.0718,7.0,0.0794,6.0,0.0705,1.0,,,0.1684,47.0,0.1088,8.0,0.0981,9.0,0.0705,1.0,,,0.1818,30.0
2017-08-29,0.1031,23.0,0.0859,9.0,0.0901,8.0,,,0.1209,10.0,0.1087,8.0,0.0977,9.0,0.0871,7.0,,,0.129,3.0
2017-08-28,0.1218,34.0,0.0944,15.0,0.0861,6.0,,,0.1244,13.0,0.109,8.0,0.0983,9.0,0.0861,6.0,,,0.1377,5.0
2017-08-25,0.1193,32.0,0.0919,13.0,0.0738,2.0,,,0.1491,32.0,0.1089,8.0,0.0982,9.0,0.0787,3.0,,,0.1336,4.0
2017-08-24,0.1189,32.0,0.0925,14.0,0.0932,9.0,,,0.1142,7.0,0.1091,8.0,0.0986,9.0,0.0798,3.0,,,0.1671,17.0
2017-08-23,0.119,32.0,0.0922,13.0,0.0847,5.0,,,0.1168,8.0,0.1091,8.0,0.0986,9.0,0.0652,1.0,,,0.1291,3.0
2017-08-22,0.1459,50.0,0.0966,17.0,0.088,7.0,,,0.125,13.0,0.1086,8.0,0.0984,9.0,0.0871,7.0,,,0.1307,4.0
2017-08-21,0.1477,51.0,0.0944,15.0,0.0767,3.0,,,0.1527,35.0,0.1092,8.0,0.0987,9.0,0.0744,2.0,,,0.1889,35.0
2017-08-18,0.1265,37.0,0.0807,6.0,0.1112,21.0,,,0.1265,14.0,0.1085,8.0,0.0986,9.0,0.0928,10.0,,,0.1352,4.0
2017-08-17,0.1115,28.0,0.0686,3.0,0.0893,7.0,,,0.1252,14.0,0.1077,7.0,0.0986,9.0,0.0893,8.0,,,0.1289,3.0
2017-08-16,0.1114,27.0,0.0679,3.0,0.088,7.0,,,0.1185,9.0,0.1089,8.0,0.0996,10.0,0.088,7.0,,,0.1535,8.0
2017-08-15,0.1114,27.0,0.0673,3.0,0.0892,7.0,,,0.1196,9.0,0.109,8.0,0.0997,10.0,0.0882,7.0,,,0.1754,24.0
2017-08-14,0.1126,28.0,0.0685,3.0,0.0775,3.0,,,0.1337,20.0,0.1099,9.0,0.1002,10.0,0.0775,2.0,,,0.188,35.0
2017-08-11,0.0221,1.0,0.0649,2.0,0.0966,11.0,,,0.1315,18.0,0.1075,7.0,0.1002,10.0,0.094,11.0,,,0.1373,5.0
2017-08-10,0.0246,1.0,0.0632,2.0,0.1412,46.0,,,0.1283,16.0,0.1081,7.0,0.1007,10.0,0.0976,13.0,,,0.1421,6.0
2017-08-09,0.0417,1.0,0.0835,8.0,0.1214,28.0,,,0.1278,15.0,0.108,7.0,0.101,10.0,0.097,13.0,,,0.191,37.0
2017-08-08,0.0592,4.0,0.0883,11.0,0.1079,18.0,,,0.132,19.0,0.1084,7.0,0.1014,10.0,0.0905,8.0,,,0.1395,6.0
2017-08-07,0.0781,10.0,0.0893,11.0,0.0975,12.0,,,0.1211,10.0,0.1086,8.0,0.1018,10.0,0.0892,8.0,,,0.1288,3.0
2017-08-04,0.1029,23.0,0.0984,19.0,0.0857,6.0,,,0.1086,5.0,0.1093,8.0,0.1021,10.0,0.0857,6.0,,,0.1269,2.0
2017-08-03,0.1237,35.0,0.1034,24.0,0.0971,11.0,,,0.108,5.0,0.1092,8.0,0.102,10.0,0.0888,8.0,,,0.1271,3.0
2017-08-02,0.1262,37.0,0.0991,19.0,0.1187,27.0,,,0.1162,8.0,0.1093,8.0,0.1018,10.0,0.1105,26.0,,,0.1363,5.0
2017-08-01,0.1266,38.0,0.0999,20.0,0.0875,6.0,,,0.1298,17.0,0.109,8.0,0.1021,10.0,0.0814,4.0,,,0.1724,21.0
2017-07-31,0.1215,34.0,0.0832,8.0,0.0807,4.0,,,0.1285,16.0,0.111,9.0,0.102,10.0,0.0807,4.0,,,0.174,23.0
2017-07-28,0.1194,32.0,0.0797,6.0,0.1019,14.0,,,0.1251,14.0,0.1128,10.0,0.1027,11.0,0.0886,7.0,,,0.1732,22.0
2017-07-27,0.122,34.0,0.0822,7.0,0.0993,13.0,,,0.128,15.0,0.1126,10.0,0.1031,11.0,0.0938,10.0,,,0.1705,19.0
2017-07-26,0.0934,17.0,0.0727,3.0,0.096,11.0,,,0.1137,7.0,0.1111,9.0,0.1027,11.0,0.0866,6.0,,,0.1595,11.0
2017-07-25,0.0932,16.0,0.0671,2.0,0.0968,11.0,,,0.1187,9.0,0.1109,9.0,0.1028,11.0,0.0814,4.0,,,0.1393,5.0
2017-07-24,0.0915,16.0,0.0612,1.0,0.0821,4.0,,,0.1275,15.0,0.1107,9.0,0.1029,11.0,0.0889,8.0,,,0.1269,2.0
2017-07-21,0.0822,12.0,0.058,1.0,0.0832,5.0,,,0.1257,14.0,0.1116,9.0,0.1034,11.0,0.0928,10.0,,,0.1822,31.0
2017-07-20,0.0958,18.0,0.0579,1.0,0.098,12.0,,,0.1299,17.0,0.1115,9.0,0.1035,11.0,0.0894,8.0,,,0.1313,4.0
2017-07-19,0.0875,14.0,0.0651,2.0,0.0844,5.0,,,0.1182,9.0,0.1119,10.0,0.1036,11.0,0.0844,5.0,,,0.1526,8.0
2017-07-18,0.1274,38.0,0.0868,10.0,0.0849,5.0,,,0.1502,33.0,0.112,10.0,0.1038,11.0,0.0814,4.0,,,0.1714,20.0
2017-07-17,0.1259,37.0,0.0876,10.0,0.102,14.0,,,0.1177,8.0,0.1129,10.0,0.1038,11.0,0.0943,11.0,,,0.1783,27.0
2017-07-14,0.1979,73.0,0.1206,41.0,0.0954,10.0,,,0.1162,8.0,0.1123,10.0,0.1038,11.0,0.0906,8.0,,,0.128,3.0
2017-07-13,0.1854,69.0,0.1344,53.0,0.1143,23.0,,,0.1211,10.0,0.1124,10.0,0.104,11.0,0.0977,13.0,,,0.1804,28.0
2017-07-12,0.2139,77.0,0.1421,60.0,0.1048,16.0,,,0.1925,63.0,0.1127,10.0,0.1042,12.0,0.0937,10.0,,,0.1709,20.0
2017-07-11,0.1941,71.0,0.1438,61.0,0.0894,7.0,,,0.1416,26.0,0.1117,9.0,0.1049,12.0,0.0894,8.0,,,0.1868,34.0
2017-07-10,0.1992,73.0,0.1436,61.0,0.1245,32.0,,,0.1133,7.0,0.1123,10.0,0.1049,12.0,0.1083,23.0,,,0.1604,11.0
2017-07-07,0.1969,72.0,0.1302,49.0,0.0948,10.0,,,0.1335,20.0,0.1125,10.0,0.1042,12.0,0.0948,11.0,,,0.182,30.0
2017-07-06,0.1937,71.0,0.136,55.0,0.1562,57.0,,,0.1403,25.0,0.113,11.0,0.1045,12.0,0.1025,18.0,,,0.1403,6.0
2017-07-05,0.1433,48.0,0.1084,28.0,0.0839,5.0,,,0.1218,11.0,0.1069,7.0,0.1027,11.0,0.0839,5.0,,,0.1361,5.0
2017-07-03,0.1441,49.0,0.1036,24.0,0.0774,3.0,,,0.1313,18.0,0.107,7.0,0.1031,11.0,0.0729,1.0,,,0.175,24.0
2017-06-30,0.1444,49.0,0.0935,14.0,0.0893,7.0,,,0.119,9.0,0.1094,9.0,0.1029,11.0,0.0893,8.0,,,0.1678,17.0
2017-06-29,0.1425,48.0,0.0916,13.0,0.0945,10.0,,,0.1084,5.0,0.1097,9.0,0.1037,11.0,0.0945,11.0,,,0.1287,3.0
2017-06-28,0.1312,40.0,0.0935,14.0,0.1021,14.0,,,0.101,3.0,0.1093,8.0,0.1044,12.0,0.0982,14.0,,,0.1416,6.0
2017-06-27,0.1349,43.0,0.093,14.0,0.1199,28.0,,,0.1306,17.0,0.1104,9.0,0.1051,12.0,0.0851,5.0,,,0.1306,4.0
2017-06-26,0.0471,1.0,0.082,7.0,0.0759,3.0,,,0.133,19.0,0.1063,6.0,0.1049,12.0,0.0759,2.0,,,0.1749,24.0
2017-06-23,0.0531,2.0,0.088,11.0,0.0782,3.0,,,0.1429,27.0,0.1063,6.0,0.105,12.0,0.0782,3.0,,,0.1822,31.0
2017-06-22,0.0517,2.0,0.0745,4.0,0.083,5.0,,,0.0967,2.0,0.1063,6.0,0.1043,12.0,0.083,4.0,,,0.1249,2.0
2017-06-21,0.0413,1.0,0.0747,4.0,0.0827,4.0,,,0.0901,1.0,0.1062,6.0,0.1048,12.0,0.0827,4.0,,,0.1252,2.0
2017-06-20,0.0315,1.0,0.0755,4.0,0.0789,4.0,,,0.1488,31.0,0.1086,8.0,0.1067,13.0,0.0789,3.0,,,0.1897,36.0
2017-06-19,0.0279,1.0,0.0722,3.0,0.0842,5.0,,,0.0371,1.0,0.1086,8.0,0.1066,13.0,0.0842,5.0,,,0.194,40.0
2017-06-16,0.035,1.0,0.0823,8.0,0.0786,4.0,,,0.1011,3.0,0.1098,9.0,0.1073,13.0,0.0786,3.0,,,0.2001,46.0
2017-06-15,0.0298,1.0,0.0827,8.0,0.081,4.0,,,0.0846,1.0,0.1126,10.0,0.1086,13.0,0.081,4.0,,,0.202,48.0
2017-06-14,0.0901,15.0,0.0819,7.0,0.086,6.0,,,0.0804,1.0,0.1124,10.0,0.109,13.0,0.086,6.0,,,0.1349,4.0
2017-06-13,0.0888,15.0,0.0941,15.0,0.072,2.0,,,0.1,3.0,0.1156,11.0,0.1104,14.0,0.072,1.0,,,0.1355,4.0
2017-06-12,0.1266,38.0,0.1003,21.0,0.0738,2.0,,,0.0645,1.0,0.1156,11.0,0.1107,14.0,0.0738,1.0,,,0.1941,40.0
2017-06-09,0.1258,37.0,0.1059,26.0,0.0869,6.0,,,0.0817,1.0,0.1156,11.0,0.1108,14.0,0.0867,6.0,,,0.1323,4.0
2017-06-08,0.1258,37.0,0.1008,21.0,0.073,2.0,,,0.1422,27.0,0.1157,12.0,0.1111,14.0,0.073,1.0,,,0.1239,2.0
2017-06-07,0.1282,39.0,0.0934,14.0,0.0751,2.0,,,0.0636,1.0,0.116,12.0,0.1116,14.0,0.0751,2.0,,,0.1243,2.0
2017-06-06,0.1321,41.0,0.0951,16.0,0.0894,7.0,,,0.0929,1.0,0.1193,12.0,0.1128,15.0,0.0677,1.0,,,0.1314,4.0
2017-06-05,0.1099,26.0,0.0881,11.0,0.074,2.0,,,0.104,4.0,0.118,12.0,0.1128,15.0,0.074,2.0,,,0.1272,3.0
2017-06-02,0.1113,27.0,0.0727,3.0,0.0695,1.0,,,0.0922,1.0,0.1182,12.0,0.1126,14.0,0.0695,1.0,,,0.1214,1.0
2017-06-01,0.0552,3.0,0.0651,2.0,0.0665,1.0,,,0.1064,5.0,0.1174,12.0,0.1134,15.0,0.0665,1.0,,,0.1979,43.0
2017-05-31,0.0577,3.0,0.0543,1.0,0.0752,3.0,,,0.0788,1.0,0.1203,12.0,0.1142,15.0,0.0752,2.0,,,0.1254,2.0
2017-05-30,0.0558,3.0,0.0604,1.0,0.0768,3.0,,,0.0859,1.0,0.1209,13.0,0.1148,15.0,0.0768,2.0,,,0.1225,1.0
2017-05-26,0.0871,14.0,0.0766,5.0,0.0806,4.0,,,0.0808,1.0,0.1212,13.0,0.1153,16.0,0.0806,4.0,,,0.1887,35.0
2017-05-25,0.0831,12.0,0.0938,15.0,0.1132,22.0,,,0.093,2.0,0.1215,13.0,0.1155,16.0,0.0853,5.0,,,0.1301,3.0
2017-05-24,0.0869,14.0,0.0937,15.0,0.0781,3.0,,,0.1102,6.0,0.1214,13.0,0.1158,16.0,0.0781,3.0,,,0.1907,37.0
2017-05-23,0.0869,14.0,0.0997,20.0,0.1258,33.0,,,0.1165,8.0,0.1217,13.0,0.116,16.0,0.1035,19.0,,,0.1452,7.0
2017-05-22,0.0866,13.0,0.0985,19.0,0.0773,3.0,,,0.1149,7.0,0.1238,13.0,0.1168,16.0,0.0773,2.0,,,0.1171,1.0
2017-05-19,0.0869,14.0,0.1145,35.0,0.1192,27.0,,,0.1317,18.0,0.1243,13.0,0.1178,17.0,0.1192,34.0,,,0.1528,8.0
2017-05-18,0.0878,14.0,0.1183,39.0,0.0725,2.0,,,0.136,22.0,0.1242,13.0,0.118,17.0,0.0725,1.0,,,0.1235,2.0
2017-05-17,0.0925,16.0,0.1129,33.0,0.098,12.0,,,0.1393,24.0,0.1254,14.0,0.1186,18.0,0.098,14.0,,,0.0975,1.0
2017-05-16,0.0854,13.0,0.0996,20.0,0.0948,10.0,,,0.1239,12.0,0.125,14.0,0.1181,17.0,0.0948,11.0,,,0.1239,2.0
2017-05-15,0.0873,14.0,0.1006,21.0,0.1339,40.0,,,0.121,10.0,0.1276,14.0,0.1213,19.0,0.1103,25.0,,,0.1297,3.0
2017-05-12,0.0877,14.0,0.1064,27.0,0.1141,23.0,,,0.1344,21.0,0.1308,15.0,0.1246,23.0,0.096,12.0,,,0.0986,1.0
2017-05-11,0.1117,28.0,0.1147,35.0,0.1166,25.0,,,0.1535,35.0,0.131,16.0,0.1256,25.0,0.1057,21.0,,,0.1184,1.0
2017-05-10,0.1156,30.0,0.11,30.0,0.1183,27.0,,,0.1457,30.0,0.1361,20.0,0.1285,28.0,0.1107,26.0,,,0.124,2.0
2017-05-09,0.0951,18.0,0.1069,27.0,0.1329,39.0,,,0.1328,19.0,0.1388,23.0,0.1307,34.0,0.1156,31.0,,,0.1271,3.0
2017-05-08,0.097,19.0,0.11,30.0,0.1067,17.0,,,0.1215,11.0,0.1386,22.0,0.1311,35.0,0.1081,23.0,,,0.1208,1.0
2017-05-04,0.0724,7.0,0.1128,33.0,0.1082,18.0,,,0.1697,49.0,0.1394,23.0,0.1317,37.0,0.0795,3.0,,,0.1269,2.0
2017-05-03,0.0949,17.0,0.1043,24.0,0.1005,14.0,,,0.1297,17.0,0.1399,23.0,0.1314,36.0,0.0912,9.0,,,0.126,2.0
2017-05-02,0.0964,18.0,0.133,52.0,0.1361,42.0,,,0.1215,11.0,0.1398,23.0,0.1312,35.0,0.1163,31.0,,,0.1179,1.0
2017-05-01,0.0966,19.0,0.1232,43.0,0.1278,35.0,,,0.1493,32.0,0.1437,26.0,0.132,37.0,0.1016,17.0,,,0.1278,3.0
2017-04-28,0.0941,17.0,0.1203,41.0,0.1074,18.0,,,0.1255,14.0,0.1463,27.0,0.1326,38.0,0.1011,16.0,,,0.0951,1.0
2017-04-27,0.0928,16.0,0.1127,33.0,0.1019,14.0,,,0.1338,20.0,0.1465,27.0,0.1327,39.0,0.1011,16.0,,,0.1248,2.0
2017-04-26,0.0964,18.0,0.1099,30.0,0.1123,22.0,,,0.128,15.0,0.1515,33.0,0.1348,42.0,0.1029,18.0,,,0.1245,2.0
2017-04-24,0.1216,34.0,0.1113,31.0,0.0878,7.0,,,0.1588,39.0,0.1511,32.0,0.1349,42.0,0.1098,25.0,,,0.1818,30.0
2017-04-21,0.1014,22.0,0.0596,1.0,0.1007,14.0,,,0.1277,15.0,0.1504,31.0,0.1333,39.0,0.1007,16.0,,,0.1346,4.0
2017-04-20,0.1042,23.0,0.0648,2.0,0.1178,26.0,,,0.1341,20.0,0.1504,31.0,0.1338,40.0,0.1178,33.0,,,0.1676,17.0
2017-04-18,0.0939,17.0,0.0713,3.0,0.0922,9.0,,,0.1314,18.0,0.1503,31.0,0.134,40.0,0.0922,9.0,,,0.2047,50.0
2017-04-17,0.0889,15.0,0.081,7.0,0.2192,84.0,,,0.1488,31.0,0.1503,31.0,0.1343,41.0,0.2192,93.0,,,0.1488,7.0
2017-04-13,0.0613,4.0,0.0733,4.0,0.1261,33.0,,,0.1329,19.0,0.1491,30.0,0.134,40.0,0.1298,43.0,,,0.1329,4.0
2017-04-12,0.0532,2.0,0.0776,5.0,0.1238,31.0,,,0.1369,22.0,0.1491,30.0,0.1344,41.0,0.1268,41.0,,,0.1369,5.0
2017-04-11,0.0314,1.0,0.0772,5.0,0.1049,16.0,,,0.1401,25.0,0.1492,30.0,0.1347,41.0,0.1214,36.0,,,0.1401,6.0
2017-04-10,0.0316,1.0,0.079,6.0,0.1137,23.0,,,0.1373,23.0,0.1499,31.0,0.1349,42.0,0.1137,28.0,,,0.1373,5.0
2017-04-07,0.0364,1.0,0.0768,5.0,0.1236,31.0,,,0.1242,13.0,0.1504,31.0,0.135,42.0,0.1236,38.0,,,0.1242,2.0
2017-04-06,0.038,1.0,0.079,6.0,0.1091,19.0,,,0.1308,18.0,0.1504,31.0,0.1351,42.0,0.1229,37.0,,,0.1308,4.0
2017-04-05,0.0397,1.0,0.0826,8.0,0.1153,24.0,,,0.1287,16.0,0.1503,31.0,0.1358,43.0,0.1226,37.0,,,0.1287,3.0
2017-04-04,0.0482,2.0,0.0881,11.0,0.1283,35.0,,,0.1464,30.0,0.1501,31.0,0.1373,45.0,0.1285,42.0,,,0.1464,7.0
2017-04-03,0.0498,2.0,0.0872,10.0,0.1042,16.0,,,0.1537,35.0,0.1538,34.0,0.1394,47.0,0.1246,39.0,,,0.1537,9.0
2017-03-31,0.0671,6.0,0.0981,18.0,0.1004,13.0,,,0.1248,13.0,0.1556,35.0,0.1403,49.0,0.1237,38.0,,,0.1264,2.0
2017-03-29,0.075,9.0,0.1012,22.0,0.1258,33.0,,,0.1329,19.0,0.1589,38.0,0.142,53.0,0.1258,40.0,,,0.145,7.0
2017-03-28,0.0769,10.0,0.101,21.0,0.0921,9.0,,,0.1517,34.0,0.1596,39.0,0.1423,53.0,0.1333,46.0,,,0.1609,12.0
2017-03-27,0.0769,10.0,0.0952,16.0,0.1365,42.0,,,0.147,30.0,0.1601,40.0,0.142,53.0,0.1365,49.0,,,0.147,7.0
2017-03-24,0.0989,20.0,0.0928,14.0,0.1407,46.0,,,0.1193,9.0,0.1612,41.0,0.1422,53.0,0.1402,53.0,,,0.135,4.0
2017-03-23,0.12,33.0,0.1199,40.0,0.0987,12.0,,,0.1624,43.0,0.1608,41.0,0.1423,53.0,0.1058,21.0,,,0.1653,15.0
2017-03-22,0.1227,35.0,0.1101,30.0,0.1055,16.0,,,0.1928,63.0,0.1605,40.0,0.1427,54.0,0.1055,21.0,,,0.1843,33.0
2017-03-21,0.1242,36.0,0.1105,30.0,0.0952,10.0,,,0.1557,37.0,0.1625,43.0,0.1428,54.0,0.0952,12.0,,,0.2293,65.0
2017-03-20,0.1324,41.0,0.1346,54.0,0.1123,22.0,,,0.1117,6.0,0.1634,44.0,0.1444,57.0,0.1123,27.0,,,0.1117,1.0
2017-03-17,0.1696,62.0,0.1518,67.0,0.1087,19.0,,,0.1201,10.0,0.1634,44.0,0.1443,57.0,0.1087,24.0,,,0.1201,1.0
2017-03-16,0.1918,71.0,0.1544,69.0,0.1281,35.0,,,0.1241,13.0,0.1639,44.0,0.1442,57.0,0.1281,42.0,,,0.1712,20.0
2017-03-15,0.1916,71.0,0.1528,68.0,0.114,23.0,,,0.1421,27.0,0.1639,44.0,0.1441,57.0,0.114,28.0,,,0.1421,6.0
2017-03-14,0.1058,24.0,0.1317,51.0,0.1527,54.0,,,0.184,57.0,0.1613,41.0,0.1431,55.0,0.1527,65.0,,,0.1805,28.0
2017-03-09,0.094,17.0,0.1151,35.0,0.1643,62.0,,,0.1189,9.0,0.1658,48.0,0.1437,56.0,0.1563,68.0,,,0.1612,12.0
2017-03-08,0.0807,11.0,0.0904,12.0,0.1147,23.0,,,0.1272,15.0,0.1726,55.0,0.1446,57.0,0.1147,30.0,,,0.1272,3.0
2017-03-07,0.0502,2.0,0.0837,8.0,0.1131,22.0,,,0.127,15.0,0.1728,55.0,0.1446,57.0,0.1437,56.0,,,0.1673,17.0
2017-03-03,0.0996,20.0,0.1027,23.0,0.0867,6.0,,,0.1517,34.0,0.1735,56.0,0.1452,60.0,0.0867,6.0,,,0.1517,8.0
2017-03-01,0.1022,22.0,0.1149,35.0,0.1178,26.0,,,0.137,22.0,0.1736,56.0,0.1454,60.0,0.1178,33.0,,,0.1458,7.0
2017-02-28,0.0823,12.0,0.1121,32.0,0.1118,21.0,,,0.1388,24.0,0.1734,56.0,0.1453,60.0,0.1118,27.0,,,0.1388,5.0
2017-02-27,0.0775,10.0,0.1198,40.0,0.1196,28.0,,,0.1321,19.0,0.1735,56.0,0.1456,61.0,0.1196,34.0,,,0.1321,4.0
2017-02-23,0.1217,34.0,0.1265,46.0,0.0858,6.0,,,0.1789,55.0,0.1745,57.0,0.1469,65.0,0.0858,6.0,,,0.1789,28.0
2017-02-17,0.1042,23.0,0.1114,31.0,0.1264,33.0,,,0.1448,28.0,0.1736,56.0,0.1462,63.0,0.1461,57.0,,,0.1845,33.0
2017-02-16,0.1149,28.0,0.1147,35.0,0.1209,28.0,,,0.1249,13.0,0.1736,56.0,0.1461,62.0,0.1209,35.0,,,0.1388,5.0
2017-02-15,0.0986,20.0,0.1057,26.0,0.112,21.0,,,0.1501,33.0,0.1733,56.0,0.146,62.0,0.0923,9.0,,,0.152,8.0
2017-02-14,0.0993,20.0,0.0995,20.0,0.1085,18.0,,,0.1421,27.0,0.1733,56.0,0.1457,61.0,0.1305,44.0,,,0.1169,1.0
2017-02-10,0.1156,30.0,0.1028,23.0,0.1274,34.0,,,0.1323,19.0,0.1739,57.0,0.1458,61.0,0.172,79.0,,,0.1461,7.0
2017-02-09,0.1572,55.0,0.1106,30.0,0.1314,38.0,,,0.1322,19.0,0.1736,56.0,0.1456,61.0,0.142,54.0,,,0.127,3.0
2017-02-08,0.151,52.0,0.1123,32.0,0.1166,25.0,,,0.1436,28.0,0.1736,56.0,0.1457,61.0,0.1281,42.0,,,0.1353,4.0
2017-02-07,0.147,50.0,0.1083,28.0,0.1326,39.0,,,0.144,28.0,0.1737,57.0,0.1462,63.0,0.1422,54.0,,,0.1313,4.0
2017-02-06,0.1525,53.0,0.1159,36.0,0.1228,31.0,,,0.16,40.0,0.1737,57.0,0.1462,63.0,0.1314,45.0,,,0.149,7.0
2017-02-03,0.1523,53.0,0.1173,38.0,0.1381,44.0,,,0.1437,28.0,0.1739,57.0,0.1466,64.0,0.1466,59.0,,,0.1374,5.0
2017-02-02,0.1645,59.0,0.1211,41.0,0.1449,49.0,,,0.1637,43.0,0.1741,57.0,0.1466,64.0,0.1449,57.0,,,0.1545,9.0
2017-02-01,0.0956,18.0,0.1104,30.0,0.1557,56.0,,,0.1515,34.0,0.1722,54.0,0.1461,62.0,0.1586,70.0,,,0.1412,6.0
2017-01-31,0.0976,19.0,0.0992,20.0,0.1631,61.0,,,0.1448,28.0,0.1712,53.0,0.1455,61.0,0.1608,72.0,,,0.1374,5.0
2017-01-30,0.1113,27.0,0.0965,17.0,0.1497,52.0,,,0.1582,39.0,0.1714,53.0,0.1456,61.0,0.1507,63.0,,,0.1433,6.0
2017-01-27,0.122,34.0,0.0964,17.0,0.1247,32.0,,,0.1461,30.0,0.1727,55.0,0.1462,63.0,0.1404,53.0,,,0.1372,5.0
2017-01-26,0.1197,32.0,0.0896,12.0,0.1369,43.0,,,0.1289,16.0,0.1726,55.0,0.1459,62.0,0.14,52.0,,,0.13,3.0
2017-01-25,0.1328,42.0,0.0887,11.0,0.1434,48.0,,,0.137,22.0,0.1742,57.0,0.1467,64.0,0.1434,56.0,,,0.137,5.0
2017-01-24,0.1163,30.0,0.0793,6.0,0.1337,40.0,,,0.1306,17.0,0.1736,56.0,0.1469,65.0,0.1337,47.0,,,0.1421,6.0
2017-01-23,0.1167,31.0,0.0938,15.0,0.1282,35.0,,,0.1539,36.0,0.1744,57.0,0.1474,66.0,0.1282,42.0,,,0.2353,68.0
2017-01-18,0.1166,31.0,0.1011,21.0,0.1448,48.0,,,0.1385,24.0,0.1738,57.0,0.1477,67.0,0.1448,57.0,,,0.1385,5.0
2017-01-17,0.1201,33.0,0.1038,24.0,0.1236,31.0,,,0.1681,47.0,0.1738,57.0,0.1477,67.0,0.1236,38.0,,,0.1897,36.0
2017-01-13,0.1213,34.0,0.1214,42.0,0.1426,47.0,,,0.1501,33.0,0.1733,56.0,0.1476,67.0,0.1426,55.0,,,0.1501,8.0
2017-01-12,0.1448,49.0,0.1252,45.0,0.1175,26.0,,,0.1819,57.0,0.1735,56.0,0.1477,67.0,0.1175,32.0,,,0.1819,30.0
2017-01-11,0.1439,49.0,0.1271,47.0,0.1517,54.0,,,0.1429,27.0,0.1734,56.0,0.1471,65.0,0.1517,64.0,,,0.1429,6.0
2017-01-10,0.1578,56.0,0.1373,56.0,0.1521,54.0,,,0.1422,27.0,0.1795,63.0,0.1471,65.0,0.1603,71.0,,,0.1422,6.0
2017-01-09,0.1337,42.0,0.1431,61.0,0.1589,59.0,,,0.1577,38.0,0.1793,63.0,0.1473,66.0,0.1589,70.0,,,0.2318,67.0
2017-01-06,0.1224,35.0,0.1418,60.0,0.1483,51.0,,,0.1279,15.0,0.1794,63.0,0.147,65.0,0.1483,60.0,,,0.1586,11.0
2017-01-05,0.1205,33.0,0.1417,60.0,0.1458,49.0,,,0.1838,57.0,0.1794,63.0,0.147,65.0,0.1458,57.0,,,0.1862,34.0
2017-01-04,0.1181,31.0,0.1239,44.0,0.1536,55.0,,,0.1715,50.0,0.179,63.0,0.1465,64.0,0.1536,66.0,,,0.1715,20.0
2017-01-03,0.1087,26.0,0.1257,45.0,0.144,48.0,,,0.1855,59.0,0.1794,63.0,0.1465,64.0,0.1698,78.0,,,0.1855,33.0
2016-12-30,0.2652,89.0,0.1403,57.0,0.1468,50.0,,,0.1917,62.0,0.1798,64.0,0.1464,63.0,0.1468,59.0,,,0.2029,49.0
2016-12-29,0.2489,86.0,0.1305,50.0,0.1761,68.0,,,0.1584,39.0,0.1789,63.0,0.1458,61.0,0.1761,81.0,,,0.1978,43.0
2016-12-28,0.2509,87.0,0.1292,49.0,0.1479,51.0,,,0.1557,37.0,0.1791,63.0,0.1457,61.0,0.1657,75.0,,,0.1935,39.0
2016-12-27,0.2816,91.0,0.1442,62.0,0.1479,51.0,,,0.1496,32.0,0.1791,63.0,0.1456,61.0,0.1671,76.0,,,0.1796,28.0
2016-12-23,0.2814,91.0,0.1517,67.0,0.1349,41.0,,,0.1671,46.0,0.1795,63.0,0.146,62.0,0.1621,73.0,,,0.1894,36.0
2016-12-22,0.2987,93.0,0.1692,77.0,0.1775,68.0,,,0.1343,20.0,0.1796,64.0,0.1461,62.0,0.2191,93.0,,,0.1206,1.0
2016-12-21,0.2968,93.0,0.1672,76.0,0.2074,82.0,,,0.0798,1.0,0.1819,66.0,0.1466,64.0,0.269,98.0,,,0.0991,1.0
2016-12-20,0.1876,69.0,0.1465,63.0,0.1889,75.0,,,0.1657,45.0,0.1756,59.0,0.1462,63.0,0.1889,86.0,,,0.1416,6.0
2016-12-19,0.1884,70.0,0.1505,66.0,0.1185,27.0,,,0.1673,46.0,0.1756,59.0,0.1484,69.0,0.1185,33.0,,,0.1673,17.0
2016-12-16,0.179,66.0,0.1537,68.0,0.1715,66.0,,,0.1108,6.0,0.1747,57.0,0.148,68.0,0.1715,79.0,,,0.1108,1.0
2016-12-15,0.1848,68.0,0.1525,67.0,0.2056,81.0,,,0.1515,34.0,0.1726,55.0,0.147,65.0,0.2056,90.0,,,0.1515,8.0
2016-12-14,0.1833,68.0,0.1469,64.0,0.2092,82.0,,,0.0972,2.0,0.1727,55.0,0.1464,63.0,0.2092,91.0,,,0.0972,1.0
2016-12-13,0.1115,28.0,0.1329,52.0,0.1543,55.0,,,0.1343,20.0,0.1708,53.0,0.1457,61.0,0.1543,66.0,,,0.1343,4.0
2016-12-12,0.1074,25.0,0.1438,61.0,0.177,68.0,,,0.1348,21.0,0.1708,53.0,0.1456,61.0,0.177,82.0,,,0.1348,4.0
2016-12-09,0.1863,69.0,0.1574,70.0,0.225,86.0,,,0.1018,4.0,0.1709,53.0,0.1456,61.0,0.202,90.0,,,0.1018,1.0
2016-12-08,0.1989,73.0,0.1571,70.0,0.1746,67.0,,,0.2152,74.0,0.172,54.0,0.1456,61.0,0.1746,81.0,,,0.1466,7.0
2016-12-06,0.1683,61.0,0.1416,60.0,0.1453,49.0,,,0.1985,66.0,0.1692,51.0,0.1442,57.0,0.1453,57.0,,,0.1824,31.0
2016-12-05,0.1685,61.0,0.1403,57.0,0.1617,60.0,,,0.2068,70.0,0.1691,51.0,0.1439,57.0,0.1617,72.0,,,0.1568,10.0
2016-12-02,0.1717,63.0,0.1374,56.0,0.1888,75.0,,,0.1785,54.0,0.1689,51.0,0.1435,56.0,0.214,92.0,,,0.1291,3.0
2016-12-01,0.1887,70.0,0.1343,53.0,0.1816,71.0,,,0.19,61.0,0.168,50.0,0.1429,55.0,0.1989,89.0,,,0.1302,4.0
2016-11-30,0.1518,53.0,0.1322,51.0,0.1799,70.0,,,0.1833,57.0,0.1663,49.0,0.1419,52.0,0.1832,84.0,,,0.1263,2.0
2016-11-29,0.1344,43.0,0.1301,49.0,0.1775,68.0,,,0.185,59.0,0.1675,50.0,0.1427,54.0,0.1775,82.0,,,0.1359,5.0
2016-11-28,0.1333,42.0,0.1189,39.0,0.167,63.0,,,0.1815,56.0,0.1671,49.0,0.1421,53.0,0.1807,83.0,,,0.1381,5.0
2016-11-25,0.1593,56.0,0.1388,57.0,0.1873,74.0,,,0.1662,46.0,0.1666,49.0,0.1425,54.0,0.1873,86.0,,,0.1303,4.0
2016-11-23,0.184,68.0,0.1796,81.0,0.1338,40.0,,,0.1854,59.0,0.1666,49.0,0.1425,54.0,0.16,71.0,,,0.1448,7.0
2016-11-21,0.2087,76.0,0.2187,92.0,0.1513,53.0,,,0.1615,42.0,0.1647,46.0,0.142,53.0,0.1819,84.0,,,0.1082,1.0
2016-11-18,0.2522,87.0,0.2445,95.0,0.1756,67.0,,,0.1862,59.0,0.1645,46.0,0.1412,51.0,0.1768,82.0,,,0.1543,9.0
2016-11-17,0.2652,89.0,0.2644,97.0,0.2105,82.0,,,0.1801,56.0,0.1645,46.0,0.1413,52.0,0.204,90.0,,,0.1393,5.0
2016-11-16,0.2678,89.0,0.2614,97.0,0.1893,75.0,,,0.212,72.0,0.1638,44.0,0.1404,50.0,0.1908,87.0,,,0.1642,14.0
2016-11-15,0.2845,92.0,0.2607,97.0,0.2283,86.0,,,0.2046,69.0,0.1638,44.0,0.1402,49.0,0.1931,87.0,,,0.1507,8.0
2016-11-14,0.2704,90.0,0.2379,94.0,0.1791,69.0,,,0.2281,77.0,0.1622,42.0,0.1374,45.0,0.1839,84.0,,,0.1745,23.0
2016-11-11,0.2326,83.0,0.205,89.0,0.2455,89.0,,,0.1845,57.0,0.1603,40.0,0.1344,41.0,0.2212,93.0,,,0.1469,7.0
2016-11-09,0.2197,79.0,0.1684,77.0,0.2173,84.0,,,0.1895,61.0,0.1593,39.0,0.1327,39.0,0.185,85.0,,,0.191,37.0
2016-11-08,0.2342,83.0,0.1432,61.0,0.1824,71.0,,,0.2335,79.0,0.1574,37.0,0.1306,34.0,0.1687,78.0,,,0.1617,12.0
2016-11-07,0.239,84.0,0.1396,57.0,0.1627,61.0,,,0.2214,75.0,0.1574,37.0,0.13,32.0,0.1666,76.0,,,0.2094,55.0
2016-11-04,0.2852,92.0,0.1717,78.0,0.1824,71.0,,,0.2493,82.0,0.1571,37.0,0.1305,34.0,0.2005,89.0,,,0.1983,44.0
2016-11-03,0.2699,90.0,0.1689,77.0,0.2405,89.0,,,0.2091,71.0,0.1588,38.0,0.1318,37.0,0.1983,89.0,,,0.1648,15.0
2016-11-02,0.2716,90.0,0.17,77.0,0.2285,87.0,,,0.2099,72.0,0.1586,38.0,0.1318,37.0,0.2029,90.0,,,0.1644,14.0
2016-11-01,0.2734,90.0,0.1736,79.0,0.2495,90.0,,,0.2231,76.0,0.1591,39.0,0.1318,37.0,0.2023,90.0,,,0.2057,51.0
2016-10-31,0.2357,83.0,0.1558,69.0,0.1445,48.0,,,0.2069,70.0,0.1565,36.0,0.1313,36.0,0.1508,63.0,,,0.1825,31.0
2016-10-28,0.1889,70.0,0.1462,63.0,0.1872,74.0,,,0.1853,59.0,0.1539,34.0,0.1306,34.0,0.1858,85.0,,,0.1553,9.0
2016-10-26,0.0524,2.0,0.0982,19.0,0.1382,44.0,,,0.2017,68.0,0.1508,32.0,0.1306,34.0,0.146,57.0,,,0.1969,42.0
2016-10-25,0.0493,2.0,0.0907,12.0,0.1491,52.0,,,0.1741,51.0,0.1527,33.0,0.131,35.0,0.1601,71.0,,,0.1513,8.0
2016-10-24,0.0508,2.0,0.095,16.0,0.1454,49.0,,,0.1697,49.0,0.1533,34.0,0.1314,36.0,0.1709,79.0,,,0.1478,7.0
2016-10-21,0.0597,4.0,0.0899,12.0,0.1668,63.0,,,0.1747,52.0,0.1533,34.0,0.1312,35.0,0.1636,74.0,,,0.1827,31.0
2016-10-20,0.0727,8.0,0.0957,16.0,0.168,64.0,,,0.171,49.0,0.1537,34.0,0.1323,38.0,0.1631,73.0,,,0.1794,28.0
2016-10-19,0.1035,23.0,0.0996,20.0,0.1638,62.0,,,0.185,59.0,0.1538,34.0,0.1324,38.0,0.1639,74.0,,,0.1574,10.0
2016-10-18,0.1035,23.0,0.0993,20.0,0.1647,62.0,,,0.1787,55.0,0.1542,34.0,0.1326,38.0,0.1708,79.0,,,0.1571,10.0
2016-10-11,0.1664,60.0,0.1889,85.0,0.1985,79.0,,,1.2265,100.0,0.1602,40.0,0.135,42.0,0.1612,72.0,,,0.1589,11.0
2016-10-10,0.167,60.0,0.1999,88.0,0.1525,54.0,,,0.1891,61.0,0.1603,40.0,0.1351,42.0,0.1525,65.0,,,0.1891,35.0
2016-10-04,0.1754,64.0,0.1494,66.0,0.1872,74.0,,,0.2529,83.0,0.1591,39.0,0.1314,36.0,0.1771,82.0,,,0.1741,23.0
2016-10-03,0.176,64.0,0.1473,64.0,0.1728,66.0,,,0.1678,47.0,0.1575,37.0,0.1304,33.0,0.1662,76.0,,,0.1844,33.0
2016-09-30,0.1884,70.0,0.1412,60.0,0.157,57.0,,,0.1449,28.0,0.1549,35.0,0.1297,31.0,0.1729,80.0,,,0.1606,12.0
2016-09-29,0.1798,66.0,0.15,66.0,0.1664,63.0,,,0.156,37.0,0.154,34.0,0.1284,28.0,0.1635,74.0,,,0.175,24.0
2016-09-28,0.1525,53.0,0.1434,61.0,0.1354,41.0,,,0.1439,28.0,0.1535,34.0,0.1282,28.0,0.1494,61.0,,,0.1714,20.0
2016-09-27,0.1525,53.0,0.1416,60.0,0.1491,52.0,,,0.1485,31.0,0.1528,33.0,0.128,28.0,0.1535,65.0,,,0.1764,25.0
2016-09-26,0.1151,28.0,0.1352,54.0,0.1452,49.0,,,0.1433,28.0,0.1521,33.0,0.1277,28.0,0.1571,68.0,,,0.1766,25.0
2016-09-23,0.101,21.0,0.1347,54.0,0.0797,4.0,,,0.1729,51.0,0.1523,33.0,0.1277,28.0,0.1315,45.0,,,0.1846,33.0
2016-09-22,0.0999,20.0,0.1186,39.0,0.0713,2.0,,,0.1846,57.0,0.1523,33.0,0.1268,27.0,0.122,36.0,,,0.1895,36.0
2016-09-21,0.1869,69.0,0.1375,56.0,0.0835,5.0,,,0.2094,72.0,0.1531,33.0,0.1278,28.0,0.1337,47.0,,,0.1952,41.0
2016-09-20,0.1875,69.0,0.1202,40.0,0.1628,61.0,,,0.1647,44.0,0.153,33.0,0.1262,26.0,0.1552,67.0,,,0.1802,28.0
2016-09-19,0.2957,93.0,0.1576,71.0,0.1485,52.0,,,0.1743,52.0,0.1529,33.0,0.1265,26.0,0.1563,68.0,,,0.1917,37.0
2016-09-16,0.2842,91.0,0.1614,73.0,0.1469,50.0,,,0.149,32.0,0.1523,33.0,0.1264,26.0,0.1563,68.0,,,0.1972,43.0
2016-09-15,0.2917,92.0,0.1632,74.0,0.1336,40.0,,,0.2321,78.0,0.1523,33.0,0.1265,26.0,0.1651,75.0,,,0.1929,39.0
2016-09-14,0.3048,93.0,0.1673,76.0,0.1516,53.0,,,0.2381,80.0,0.1531,33.0,0.1267,26.0,0.1705,79.0,,,0.2011,47.0
2016-09-13,0.3067,93.0,0.1747,79.0,0.2053,81.0,,,0.1893,61.0,0.1531,33.0,0.1269,27.0,0.1849,85.0,,,0.1942,40.0
2016-09-12,0.2815,91.0,0.1575,71.0,0.1724,66.0,,,0.1867,60.0,0.1507,32.0,0.1262,26.0,0.1678,77.0,,,0.1839,32.0
2016-09-09,0.2658,89.0,0.147,64.0,0.1838,72.0,,,0.1923,63.0,0.1505,31.0,0.1262,26.0,0.1742,80.0,,,0.1921,38.0
2016-09-08,0.1354,44.0,0.1138,34.0,0.1529,54.0,,,0.1114,6.0,0.1407,23.0,0.124,22.0,0.1547,67.0,,,0.1684,18.0
2016-09-07,0.0788,10.0,0.1122,32.0,0.1084,18.0,,,0.1421,27.0,0.1387,23.0,0.1237,21.0,0.1433,55.0,,,0.1731,22.0
2016-09-06,0.1272,38.0,0.1409,59.0,0.1216,28.0,,,0.1616,42.0,0.1423,25.0,0.1239,22.0,0.1395,52.0,,,0.1821,31.0
2016-09-02,0.1206,33.0,0.1392,57.0,0.1479,51.0,,,0.1477,31.0,0.1419,24.0,0.1249,24.0,0.1498,61.0,,,0.1705,19.0
2016-09-01,0.1241,36.0,0.1346,54.0,0.15,52.0,,,0.1617,42.0,0.1418,24.0,0.1245,23.0,0.1528,65.0,,,0.1806,28.0
2016-08-31,0.1244,36.0,0.1312,50.0,0.1357,42.0,,,0.1496,32.0,0.1424,25.0,0.1247,23.0,0.1516,64.0,,,0.1826,31.0
2016-08-30,0.1262,37.0,0.1294,49.0,0.1183,27.0,,,0.1549,37.0,0.1426,25.0,0.1248,23.0,0.1486,61.0,,,0.1828,31.0
2016-08-29,0.1359,44.0,0.128,48.0,0.14,45.0,,,0.1493,32.0,0.1426,25.0,0.1245,23.0,0.1529,65.0,,,0.1796,28.0
2016-08-26,0.1105,27.0,0.1255,45.0,0.1277,35.0,,,0.1724,50.0,0.1419,24.0,0.1252,24.0,0.1513,63.0,,,0.1879,35.0
2016-08-25,0.093,16.0,0.099,19.0,0.1431,47.0,,,0.1352,21.0,0.1414,23.0,0.1236,21.0,0.1523,64.0,,,0.175,24.0
2016-08-24,0.1024,22.0,0.0979,18.0,0.1224,30.0,,,0.1404,25.0,0.1458,26.0,0.1242,22.0,0.1502,62.0,,,0.1777,27.0
2016-08-23,0.1003,21.0,0.0892,11.0,0.1372,43.0,,,0.1152,7.0,0.1455,26.0,0.1244,22.0,0.1531,65.0,,,0.171,20.0
2016-08-22,0.1044,24.0,0.1009,21.0,0.1309,37.0,,,0.1376,23.0,0.1456,26.0,0.1244,22.0,0.1217,36.0,,,0.2095,55.0
2016-08-19,0.1093,26.0,0.1161,36.0,0.1246,32.0,,,0.1379,23.0,0.1482,28.0,0.1249,24.0,0.1307,44.0,,,0.2141,57.0
2016-08-18,0.1071,25.0,0.1124,32.0,0.1347,41.0,,,0.1355,21.0,0.1477,28.0,0.1251,24.0,0.12,35.0,,,0.2095,55.0
2016-08-17,0.1222,34.0,0.1202,40.0,0.1214,28.0,,,0.1431,27.0,0.1476,28.0,0.1254,24.0,0.1155,30.0,,,0.2128,57.0
2016-08-16,0.1235,35.0,0.1162,36.0,0.1475,51.0,,,0.13,17.0,0.1478,28.0,0.125,24.0,0.1275,41.0,,,0.2081,54.0
2016-08-15,0.093,16.0,0.1086,28.0,0.1403,45.0,,,0.1229,12.0,0.1473,28.0,0.1259,25.0,0.1232,38.0,,,0.2019,48.0
2016-08-12,0.0974,19.0,0.1101,30.0,0.1394,45.0,,,0.1286,16.0,0.1477,28.0,0.1264,26.0,0.1306,44.0,,,0.1964,42.0
2016-08-11,0.1036,23.0,0.109,28.0,0.1104,20.0,,,0.1579,38.0,0.1484,28.0,0.1266,26.0,0.1154,30.0,,,0.2144,57.0
2016-08-10,0.1226,35.0,0.1084,28.0,0.1193,27.0,,,0.1243,13.0,0.1495,30.0,0.1264,26.0,0.1234,38.0,,,0.1962,42.0
2016-08-09,0.1264,37.0,0.107,27.0,0.1069,17.0,,,0.1417,26.0,0.1496,30.0,0.1268,27.0,0.1146,30.0,,,0.2036,49.0
2016-08-08,0.1577,56.0,0.1204,41.0,0.1313,38.0,,,0.1159,8.0,0.1509,32.0,0.127,27.0,0.1235,38.0,,,0.205,51.0
2016-08-05,0.1552,55.0,0.1265,46.0,0.1391,44.0,,,0.1278,15.0,0.1509,32.0,0.1273,27.0,0.1635,74.0,,,0.1581,10.0
2016-08-04,0.169,61.0,0.1391,57.0,0.1227,31.0,,,0.1304,17.0,0.1562,36.0,0.1282,28.0,0.1288,43.0,,,0.2098,55.0
2016-08-03,0.1725,63.0,0.1409,59.0,0.1208,28.0,,,0.1357,22.0,0.1622,42.0,0.1327,39.0,0.1284,42.0,,,0.2083,54.0
2016-08-02,0.17,62.0,0.1387,57.0,0.1292,36.0,,,0.1291,16.0,0.1664,49.0,0.1338,40.0,0.1288,43.0,,,0.2096,55.0
2016-08-01,0.1511,53.0,0.1316,51.0,0.0999,13.0,,,0.1286,16.0,0.1649,46.0,0.1334,40.0,0.1158,31.0,,,0.1653,15.0
2016-07-29,0.1502,52.0,0.1332,52.0,0.112,21.0,,,0.1046,4.0,0.1651,47.0,0.1339,40.0,0.1219,36.0,,,0.1984,44.0
2016-07-28,0.1059,24.0,0.1102,30.0,0.1108,20.0,,,0.1345,21.0,0.1643,45.0,0.1331,39.0,0.1239,39.0,,,0.2011,47.0
2016-07-27,0.1152,30.0,0.1024,23.0,0.12,28.0,,,0.1304,17.0,0.1644,45.0,0.1335,40.0,0.1155,30.0,,,0.2085,54.0
2016-07-26,0.0871,14.0,0.0848,9.0,0.1324,39.0,,,0.1159,8.0,0.1656,48.0,0.134,40.0,0.1198,35.0,,,0.1968,42.0
2016-07-25,0.0665,6.0,0.0823,8.0,0.1227,31.0,,,0.107,5.0,0.1661,48.0,0.1348,42.0,0.1151,30.0,,,0.1995,45.0
2016-07-22,0.1014,22.0,0.0894,12.0,0.1082,18.0,,,0.1162,8.0,0.1704,53.0,0.137,44.0,0.1117,27.0,,,0.1963,42.0
2016-07-21,0.0986,20.0,0.0808,7.0,0.0984,12.0,,,0.1301,17.0,0.1716,54.0,0.1372,44.0,0.1081,23.0,,,0.2003,46.0
2016-07-20,0.1,21.0,0.0838,8.0,0.1086,19.0,,,0.1268,15.0,0.1718,54.0,0.1377,45.0,0.1134,28.0,,,0.1986,45.0
2016-07-19,0.1046,24.0,0.0949,16.0,0.1107,20.0,,,0.1411,26.0,0.1752,59.0,0.1388,47.0,0.1106,26.0,,,0.2015,47.0
2016-07-18,0.1279,39.0,0.0967,17.0,0.1115,21.0,,,0.1268,15.0,0.1751,59.0,0.1393,47.0,0.1143,28.0,,,0.2003,46.0
2016-07-15,0.1467,50.0,0.1115,32.0,0.1078,18.0,,,0.1334,20.0,0.183,66.0,0.1444,57.0,0.1156,31.0,,,0.1981,44.0
2016-07-14,0.148,51.0,0.1111,31.0,0.1328,39.0,,,0.1206,10.0,0.1837,67.0,0.1447,59.0,0.118,33.0,,,0.1984,44.0
2016-07-13,0.1456,50.0,0.1096,30.0,0.105,16.0,,,0.1304,17.0,0.1829,66.0,0.1446,57.0,0.1139,28.0,,,0.1987,45.0
2016-07-12,0.1439,49.0,0.114,34.0,0.1137,23.0,,,0.134,20.0,0.183,66.0,0.1452,60.0,0.1204,35.0,,,0.2037,50.0
2016-07-11,0.1449,49.0,0.1218,42.0,0.1074,18.0,,,0.1386,24.0,0.1838,67.0,0.1464,63.0,0.1191,34.0,,,0.1905,37.0
2016-07-08,0.1451,49.0,0.1163,37.0,0.1135,22.0,,,0.1417,26.0,0.184,68.0,0.1466,64.0,0.1297,43.0,,,0.2035,49.0
2016-07-07,0.1653,60.0,0.1293,49.0,0.148,51.0,,,0.1551,37.0,0.1834,67.0,0.1466,64.0,0.1346,47.0,,,0.2143,57.0
2016-07-06,0.1334,42.0,0.1366,56.0,0.1502,53.0,,,0.1506,33.0,0.1831,66.0,0.1466,64.0,0.1275,41.0,,,0.2106,56.0
2016-07-05,0.1197,32.0,0.1741,79.0,0.1156,24.0,,,0.152,34.0,0.1843,68.0,0.1468,65.0,0.1206,35.0,,,0.2059,51.0
2016-07-01,0.122,34.0,0.1693,77.0,0.1314,38.0,,,0.1353,21.0,0.1835,67.0,0.1465,64.0,0.1477,59.0,,,0.2266,64.0
2016-06-30,0.135,43.0,0.1672,76.0,0.1268,34.0,,,0.1423,27.0,0.1858,69.0,0.1475,67.0,0.1209,35.0,,,0.2094,55.0
2016-06-29,0.1347,43.0,0.1583,71.0,0.1169,25.0,,,0.1278,15.0,0.186,69.0,0.1472,66.0,0.1289,43.0,,,0.213,57.0
2016-06-28,0.1428,48.0,0.1625,73.0,0.1254,33.0,,,0.1658,45.0,0.1862,69.0,0.1473,66.0,0.1334,46.0,,,0.1914,37.0
2016-06-23,0.096,18.0,0.0917,13.0,0.1504,53.0,,,0.1476,30.0,0.1841,68.0,0.1435,56.0,0.1258,40.0,,,0.2049,51.0
2016-06-22,0.1097,26.0,0.0925,14.0,0.1585,57.0,,,0.1658,45.0,0.1842,68.0,0.1434,55.0,0.1268,41.0,,,0.2104,55.0
2016-06-21,0.1059,24.0,0.0922,13.0,0.1537,55.0,,,0.1459,30.0,0.1844,68.0,0.1434,55.0,0.129,43.0,,,0.2051,51.0
2016-06-20,0.099,20.0,0.0932,14.0,0.0927,9.0,,,0.2023,68.0,0.1842,68.0,0.1436,56.0,0.112,27.0,,,0.2314,67.0
2016-06-17,0.0967,19.0,0.0812,7.0,0.1039,16.0,,,0.2076,71.0,0.1843,68.0,0.1434,55.0,0.1186,33.0,,,0.2356,68.0
2016-06-16,0.0927,16.0,0.0825,8.0,0.0996,13.0,,,0.2136,73.0,0.1848,68.0,0.1434,55.0,0.1181,33.0,,,0.2358,69.0
2016-06-15,0.0889,15.0,0.077,5.0,0.1118,21.0,,,0.2043,69.0,0.1847,68.0,0.1433,55.0,0.1226,37.0,,,0.2332,67.0
2016-06-14,0.1074,25.0,0.0984,19.0,0.137,43.0,,,0.1694,48.0,0.1859,69.0,0.1438,56.0,0.126,40.0,,,0.2424,73.0
2016-06-13,0.1077,25.0,0.1048,25.0,0.1124,22.0,,,0.1645,44.0,0.1861,69.0,0.1439,57.0,0.1219,36.0,,,0.2353,68.0
2016-06-10,0.1064,25.0,0.108,28.0,0.1137,23.0,,,0.1933,63.0,0.1866,70.0,0.1443,57.0,0.1157,31.0,,,0.2334,67.0
2016-06-09,0.1117,28.0,0.1125,33.0,0.1095,19.0,,,0.12,10.0,0.1866,70.0,0.1446,57.0,0.1133,28.0,,,0.2261,63.0
2016-06-08,0.1123,28.0,0.1161,36.0,0.1234,31.0,,,0.1262,14.0,0.187,70.0,0.1448,59.0,0.1085,24.0,,,0.2213,61.0
2016-06-07,0.1185,31.0,0.1166,37.0,0.1311,38.0,,,0.135,21.0,0.1874,70.0,0.1449,59.0,0.1049,20.0,,,0.2219,61.0
2016-06-06,0.1158,30.0,0.1182,39.0,0.1407,46.0,,,0.1294,16.0,0.1874,70.0,0.1451,60.0,0.1094,25.0,,,0.2187,60.0
2016-06-03,0.0589,3.0,0.0996,20.0,0.1263,33.0,,,0.1354,21.0,0.1859,69.0,0.1441,57.0,0.1078,23.0,,,0.2568,80.0
2016-06-02,0.0747,8.0,0.0916,13.0,0.131,38.0,,,0.1793,55.0,0.1878,70.0,0.1449,59.0,0.1071,22.0,,,0.2198,60.0
2016-06-01,0.0748,9.0,0.0868,10.0,0.133,39.0,,,0.15,32.0,0.1891,71.0,0.1454,60.0,0.1083,23.0,,,0.2213,61.0
2016-05-31,0.055,3.0,0.0842,8.0,0.1473,51.0,,,0.1653,45.0,0.1907,71.0,0.146,62.0,0.1116,27.0,,,0.221,61.0
2016-05-27,0.1152,30.0,0.0854,9.0,0.1308,37.0,,,0.1367,22.0,0.1917,72.0,0.1462,63.0,0.1122,27.0,,,0.2237,62.0
2016-05-26,0.1451,49.0,0.1137,34.0,0.1347,41.0,,,0.1406,26.0,0.1917,72.0,0.1467,64.0,0.1153,30.0,,,0.2261,63.0
2016-05-25,0.1724,63.0,0.135,54.0,0.1541,55.0,,,0.1518,34.0,0.1922,73.0,0.1473,66.0,0.1191,34.0,,,0.2268,64.0
2016-05-24,0.189,70.0,0.1356,55.0,0.1534,55.0,,,0.1534,35.0,0.1924,73.0,0.1471,65.0,0.1226,37.0,,,0.2313,66.0
2016-05-23,0.1724,63.0,0.1364,55.0,0.1604,59.0,,,0.16,40.0,0.1922,73.0,0.1472,66.0,0.1349,48.0,,,0.2226,62.0
2016-05-20,0.1891,70.0,0.1477,64.0,0.1627,61.0,,,0.1649,45.0,0.1923,73.0,0.1473,66.0,0.1355,48.0,,,0.2263,63.0
2016-05-19,0.1915,71.0,0.1725,78.0,0.1793,69.0,,,0.181,56.0,0.193,74.0,0.1475,67.0,0.1434,56.0,,,0.2288,65.0
2016-05-18,0.1881,70.0,0.1716,78.0,0.1385,44.0,,,0.1834,57.0,0.1922,73.0,0.1475,67.0,0.1368,50.0,,,0.2292,65.0
2016-05-17,0.2054,75.0,0.1548,69.0,0.1637,62.0,,,0.1609,41.0,0.1911,72.0,0.1464,63.0,0.1313,45.0,,,0.2199,60.0
2016-05-16,0.1876,69.0,0.1486,65.0,0.1586,57.0,,,0.1416,26.0,0.1893,71.0,0.1456,61.0,0.1286,42.0,,,0.2092,54.0
2016-05-13,0.1804,66.0,0.1434,61.0,0.1456,49.0,,,0.1554,37.0,0.1897,71.0,0.1455,61.0,0.1335,47.0,,,0.2143,57.0
2016-05-12,0.2037,75.0,0.1776,81.0,0.1452,49.0,,,0.153,35.0,0.1899,71.0,0.1457,61.0,0.1275,41.0,,,0.2121,56.0
2016-05-11,0.2032,75.0,0.1723,78.0,0.1522,54.0,,,0.1556,37.0,0.1896,71.0,0.1452,60.0,0.1292,43.0,,,0.2155,57.0
2016-05-10,0.1262,37.0,0.1581,71.0,0.2536,91.0,,,0.1397,25.0,0.1873,70.0,0.1436,56.0,0.1213,36.0,,,0.2066,52.0
2016-05-09,0.1549,55.0,0.1648,75.0,0.1256,33.0,,,0.1876,60.0,0.1877,70.0,0.1442,57.0,0.1256,40.0,,,0.1876,35.0
2016-05-06,0.1627,57.0,0.1651,75.0,0.125,32.0,,,0.136,22.0,0.1886,71.0,0.1448,59.0,0.1231,38.0,,,0.205,51.0
2016-05-05,0.1835,68.0,0.1694,77.0,0.2267,86.0,,,0.1504,33.0,0.1946,75.0,0.1464,63.0,0.1255,40.0,,,0.2039,50.0
2016-05-04,0.1837,68.0,0.1721,78.0,0.1426,47.0,,,0.1529,35.0,0.1947,75.0,0.1466,64.0,0.1263,40.0,,,0.2035,49.0
2016-05-03,0.1547,54.0,0.1404,59.0,0.139,44.0,,,0.1548,36.0,0.193,74.0,0.1446,57.0,0.12,35.0,,,0.2055,51.0
2016-05-02,0.1671,60.0,0.1406,59.0,0.1487,52.0,,,0.1433,28.0,0.1936,74.0,0.1451,60.0,0.117,32.0,,,0.1982,44.0
2016-04-29,0.1974,72.0,0.1555,69.0,0.1487,52.0,,,0.1672,46.0,0.1941,74.0,0.1456,61.0,0.1088,24.0,,,0.2083,54.0
2016-04-28,0.2173,78.0,0.1632,74.0,0.2276,86.0,,,0.1409,26.0,0.1951,75.0,0.146,62.0,0.12,35.0,,,0.2024,48.0
2016-04-27,0.217,78.0,0.1607,73.0,0.1384,44.0,,,0.3029,90.0,0.1951,75.0,0.1459,62.0,0.1223,37.0,,,0.201,47.0
2016-04-26,0.2229,80.0,0.1478,64.0,0.1466,50.0,,,0.1585,39.0,0.1949,75.0,0.1469,65.0,0.1251,39.0,,,0.2058,51.0
2016-04-25,0.2332,83.0,0.1507,66.0,0.1475,51.0,,,0.1566,37.0,0.195,75.0,0.1468,65.0,0.1241,39.0,,,0.2047,50.0
2016-04-22,0.2332,83.0,0.1513,67.0,0.144,48.0,,,0.1596,40.0,0.1946,75.0,0.1468,65.0,0.1259,40.0,,,0.2111,56.0
2016-04-21,0.2004,74.0,0.1559,70.0,0.1637,62.0,,,0.1633,43.0,0.1945,74.0,0.1474,66.0,0.1322,46.0,,,0.2173,60.0
2016-04-20,0.177,65.0,0.131,50.0,0.142,46.0,,,0.1456,28.0,0.1917,72.0,0.1459,62.0,0.1211,36.0,,,0.2084,54.0
2016-04-19,0.1449,49.0,0.1114,31.0,0.1182,26.0,,,0.1282,15.0,0.1897,71.0,0.1449,59.0,0.1189,34.0,,,0.204,50.0
2016-04-18,0.1485,51.0,0.1092,28.0,0.1181,26.0,,,0.1241,13.0,0.1897,71.0,0.1449,59.0,0.1233,38.0,,,0.1985,44.0
2016-04-15,0.1383,45.0,0.1053,26.0,0.122,30.0,,,0.1285,16.0,0.1907,71.0,0.1453,60.0,0.1252,39.0,,,0.1995,45.0
2016-04-14,0.1134,28.0,0.0949,16.0,0.137,43.0,,,0.1389,24.0,0.1907,71.0,0.145,59.0,0.1338,47.0,,,0.2075,53.0
2016-04-13,0.0954,18.0,0.0877,10.0,0.138,44.0,,,0.1554,37.0,0.1907,71.0,0.1449,59.0,0.1345,47.0,,,0.2085,54.0
2016-04-12,0.0792,10.0,0.0707,3.0,0.141,46.0,,,0.1376,23.0,0.1908,72.0,0.1448,59.0,0.1365,49.0,,,0.2091,54.0
2016-04-11,0.0651,5.0,0.0656,2.0,0.1548,56.0,,,0.1456,28.0,0.1912,72.0,0.1449,59.0,0.1401,52.0,,,0.2094,55.0
2016-04-08,0.0675,6.0,0.0724,3.0,0.1288,36.0,,,0.1263,14.0,0.1909,72.0,0.1449,59.0,0.1397,52.0,,,0.2083,54.0
2016-04-07,0.0656,5.0,0.0744,4.0,0.1433,47.0,,,0.149,32.0,0.1909,72.0,0.145,59.0,0.1311,44.0,,,0.2117,56.0
2016-04-06,0.1499,52.0,0.1053,26.0,0.1077,18.0,,,0.1517,34.0,0.1911,72.0,0.1453,60.0,0.1306,44.0,,,0.203,49.0
2016-04-05,0.1556,55.0,0.1121,32.0,0.1264,33.0,,,0.1341,20.0,0.1914,72.0,0.1455,61.0,0.1323,46.0,,,0.1991,45.0
2016-04-04,0.1426,48.0,0.1135,34.0,0.1034,15.0,,,0.1378,23.0,0.1915,72.0,0.1457,61.0,0.1264,40.0,,,0.1993,45.0
2016-04-01,0.1474,51.0,0.1133,34.0,0.1188,27.0,,,0.1066,5.0,0.1923,73.0,0.1459,62.0,0.1254,40.0,,,0.1919,38.0
2016-03-31,0.145,49.0,0.1142,35.0,0.1287,36.0,,,0.1303,17.0,0.1927,73.0,0.1465,64.0,0.1283,42.0,,,0.1929,39.0
2016-03-30,0.2113,77.0,0.1166,37.0,0.137,43.0,,,0.1246,13.0,0.1944,74.0,0.1465,64.0,0.1274,41.0,,,0.1924,38.0
2016-03-29,0.2123,77.0,0.12,40.0,0.1215,28.0,,,0.1421,27.0,0.1946,75.0,0.1466,64.0,0.1287,42.0,,,0.1979,43.0
2016-03-28,0.1815,67.0,0.1083,28.0,0.1373,43.0,,,0.1403,25.0,0.1935,74.0,0.1463,63.0,0.1381,51.0,,,0.2061,52.0
2016-03-24,0.1817,67.0,0.1193,40.0,0.1292,36.0,,,0.1602,40.0,0.1945,74.0,0.1474,66.0,0.1388,51.0,,,0.2097,55.0
2016-03-23,0.1831,67.0,0.1181,38.0,0.1516,53.0,,,0.147,30.0,0.1945,74.0,0.1477,67.0,0.1417,54.0,,,0.206,52.0
2016-03-22,0.1387,45.0,0.1178,38.0,0.0843,5.0,,,0.2091,71.0,0.1929,74.0,0.1482,68.0,0.1176,32.0,,,0.2251,63.0
2016-03-21,0.1876,69.0,0.1236,44.0,0.0912,8.0,,,0.1955,65.0,0.1931,74.0,0.1483,68.0,0.118,33.0,,,0.223,62.0
2016-03-18,0.1669,60.0,0.1412,60.0,0.0846,5.0,,,0.1809,56.0,0.1928,74.0,0.148,68.0,0.1159,31.0,,,0.2193,60.0
2016-03-16,0.1666,60.0,0.1356,55.0,0.0902,8.0,,,0.1815,56.0,0.1921,73.0,0.1492,69.0,0.1143,28.0,,,0.2191,60.0
2016-03-15,0.1616,57.0,0.1233,43.0,0.113,22.0,,,0.2077,71.0,0.1926,73.0,0.1508,71.0,0.1215,36.0,,,0.2263,63.0
2016-03-14,0.166,60.0,0.1235,44.0,0.1132,22.0,,,0.2063,70.0,0.193,74.0,0.1509,71.0,0.1209,35.0,,,0.2133,57.0
2016-03-11,0.1664,60.0,0.1391,57.0,0.1042,16.0,,,0.1891,61.0,0.1938,74.0,0.1519,73.0,0.1192,34.0,,,0.2293,65.0
2016-03-09,0.1763,65.0,0.1283,48.0,0.1851,73.0,,,0.174,51.0,0.1926,73.0,0.1511,72.0,0.13,44.0,,,0.2315,67.0
2016-03-08,0.1853,69.0,0.1319,51.0,0.1914,76.0,,,0.1676,47.0,0.1925,73.0,0.1512,72.0,0.1322,46.0,,,0.2431,73.0
2016-03-07,0.1681,61.0,0.1261,46.0,0.127,34.0,,,0.1805,56.0,0.193,74.0,0.1521,73.0,0.1254,40.0,,,0.2242,62.0
2016-03-04,0.1914,71.0,0.1324,52.0,0.1423,46.0,,,0.1597,40.0,0.1935,74.0,0.1523,73.0,0.1246,39.0,,,0.2278,64.0
2016-03-03,0.1932,71.0,0.1369,56.0,0.1083,18.0,,,0.2128,73.0,0.1955,75.0,0.1531,73.0,0.1284,42.0,,,0.2328,67.0
2016-03-02,0.1976,73.0,0.1288,49.0,0.1579,57.0,,,0.1659,45.0,0.1955,75.0,0.1524,73.0,0.1323,46.0,,,0.2288,65.0
2016-03-01,0.1958,72.0,0.1264,46.0,0.1494,52.0,,,0.1637,43.0,0.1952,75.0,0.1523,73.0,0.2422,96.0,,,0.1637,14.0
2016-02-29,0.1477,51.0,0.1297,49.0,0.2002,79.0,,,0.1696,48.0,0.1935,74.0,0.1522,73.0,0.1421,54.0,,,0.2655,83.0
2016-02-26,0.1371,44.0,0.1301,49.0,0.1758,67.0,,,0.1728,51.0,0.196,76.0,0.1527,73.0,0.1422,54.0,,,0.244,73.0
2016-02-25,0.1314,41.0,0.1404,59.0,0.1715,66.0,,,0.1956,65.0,0.196,76.0,0.1528,73.0,0.136,49.0,,,0.2452,74.0
2016-02-24,0.1271,38.0,0.1416,60.0,0.1699,65.0,,,0.1926,63.0,0.1953,75.0,0.1537,74.0,0.146,57.0,,,0.2536,79.0
2016-02-23,0.1026,22.0,0.1431,61.0,0.1941,77.0,,,0.1762,53.0,0.1979,77.0,0.1543,74.0,0.1457,57.0,,,0.2502,77.0
2016-02-22,0.1623,57.0,0.1476,64.0,0.1824,71.0,,,0.1719,50.0,0.2015,78.0,0.1587,75.0,0.1519,64.0,,,0.2351,68.0
2016-02-19,0.1631,57.0,0.1543,69.0,0.1991,79.0,,,0.1912,62.0,0.2129,81.0,0.1625,77.0,0.1623,73.0,,,0.2387,70.0
2016-02-18,0.2533,87.0,0.1498,66.0,0.1869,74.0,,,0.1805,56.0,0.2139,81.0,0.1619,76.0,0.1607,71.0,,,0.2253,63.0
2016-02-17,0.3064,93.0,0.2023,88.0,0.2133,83.0,,,0.2294,78.0,0.2135,81.0,0.1617,76.0,0.1677,77.0,,,0.232,67.0
2016-02-16,0.3086,94.0,0.2126,90.0,0.2133,83.0,,,0.2535,83.0,0.2129,81.0,0.1613,76.0,0.1725,80.0,,,0.2565,80.0
2016-02-12,0.2408,85.0,0.2094,90.0,0.2295,87.0,,,0.2356,79.0,0.2111,80.0,0.1609,76.0,0.1871,86.0,,,0.2791,86.0
2016-02-11,0.2445,85.0,0.2098,90.0,0.2339,88.0,,,0.2892,89.0,0.2114,80.0,0.1606,76.0,0.2339,95.0,,,0.2892,89.0
2016-02-10,0.2454,86.0,0.206,89.0,0.2605,91.0,,,0.2296,78.0,0.2108,80.0,0.1602,76.0,0.1873,86.0,,,0.2637,82.0
2016-02-09,0.2452,86.0,0.2109,90.0,0.224,85.0,,,0.2786,87.0,0.2107,80.0,0.1601,76.0,0.224,94.0,,,0.2786,86.0
2016-02-08,0.2862,92.0,0.2142,90.0,0.1628,61.0,,,0.2586,84.0,0.2075,80.0,0.1596,75.0,0.1628,73.0,,,0.2586,81.0
2016-02-05,0.2384,84.0,0.1726,78.0,0.2047,80.0,,,0.1959,65.0,0.2034,79.0,0.1562,74.0,0.1636,74.0,,,0.2399,71.0
2016-02-04,0.2367,83.0,0.1867,84.0,0.1871,74.0,,,0.1782,54.0,0.2001,78.0,0.1551,74.0,0.1596,71.0,,,0.2342,68.0
2016-02-03,0.2625,88.0,0.1889,85.0,0.1891,75.0,,,0.1979,66.0,0.2001,78.0,0.1552,74.0,0.158,69.0,,,0.2372,69.0
2016-02-02,0.2592,88.0,0.1901,85.0,0.1968,78.0,,,0.1967,65.0,0.1998,78.0,0.1554,74.0,0.1603,71.0,,,0.2342,68.0
2016-02-01,0.2966,93.0,0.1996,88.0,0.1847,73.0,,,0.1588,39.0,0.1996,78.0,0.1554,74.0,0.1547,67.0,,,0.2318,67.0
2016-01-29,0.2965,93.0,0.1966,87.0,0.1646,62.0,,,0.1758,53.0,0.1996,78.0,0.1549,74.0,0.1532,65.0,,,0.2341,67.0
2016-01-28,0.3504,96.0,0.2427,95.0,0.2065,81.0,,,0.1861,59.0,0.1977,77.0,0.154,74.0,0.1681,77.0,,,0.2398,71.0
2016-01-27,0.3601,97.0,0.2368,94.0,0.1854,73.0,,,0.2121,73.0,0.1973,77.0,0.1533,73.0,0.1644,75.0,,,0.2469,75.0
2016-01-26,0.3167,94.0,0.2137,90.0,0.179,69.0,,,0.1915,62.0,0.1937,74.0,0.151,72.0,0.1629,73.0,,,0.2377,70.0
2016-01-25,0.303,93.0,0.2158,91.0,0.2061,81.0,,,0.202,68.0,0.1924,73.0,0.1508,71.0,0.169,78.0,,,0.2461,75.0
2016-01-22,0.3101,94.0,0.2248,93.0,0.1814,71.0,,,0.1958,65.0,0.1923,73.0,0.1502,71.0,0.1682,77.0,,,0.243,73.0
2016-01-21,0.2446,85.0,0.2194,92.0,0.2844,94.0,,,0.2605,84.0,0.189,71.0,0.1494,70.0,0.1667,76.0,,,0.2448,74.0
2016-01-20,0.2519,87.0,0.2148,90.0,0.1709,65.0,,,0.2393,81.0,0.189,71.0,0.1489,69.0,0.1405,53.0,,,0.2884,89.0
2016-01-19,0.1445,49.0,0.1531,68.0,0.198,79.0,,,0.5021,98.0,0.1821,66.0,0.1444,57.0,0.1675,77.0,,,0.2401,71.0
2016-01-15,0.1173,31.0,0.1515,67.0,0.205,81.0,,,0.2176,75.0,0.1813,65.0,0.1441,57.0,0.1674,77.0,,,0.246,75.0
2016-01-14,0.114,28.0,0.1479,64.0,0.1939,77.0,,,0.1808,56.0,0.1813,65.0,0.1438,56.0,0.1659,75.0,,,0.2333,67.0
2016-01-13,0.1979,73.0,0.158,71.0,0.2146,84.0,,,0.1909,62.0,0.1812,65.0,0.1433,55.0,0.164,74.0,,,0.2361,69.0
2016-01-12,0.1948,72.0,0.139,57.0,0.18,70.0,,,0.2261,77.0,0.1804,65.0,0.142,53.0,0.1586,70.0,,,0.2267,64.0
2016-01-11,0.1958,72.0,0.1316,51.0,0.1892,75.0,,,0.1754,52.0,0.1803,65.0,0.1414,52.0,0.1633,73.0,,,0.2264,64.0
2016-01-08,0.1828,67.0,0.1261,46.0,0.1979,79.0,,,0.2016,68.0,0.18,64.0,0.1411,51.0,0.1626,73.0,,,0.2338,67.0
2016-01-07,0.2004,74.0,0.1168,37.0,0.1431,47.0,,,0.1821,57.0,0.1795,63.0,0.1407,50.0,0.1613,72.0,,,0.2309,66.0
2016-01-06,0.1787,65.0,0.1155,36.0,0.1445,48.0,,,0.1657,45.0,0.1782,62.0,0.141,51.0,0.3345,100.0,,,0.2024,48.0
2016-01-05,0.1745,64.0,0.113,33.0,0.1587,57.0,,,0.1507,33.0,0.1782,62.0,0.1412,51.0,0.1484,60.0,,,0.2136,57.0
2016-01-04,0.1302,40.0,0.0819,7.0,0.1756,67.0,,,0.1732,51.0,0.1759,60.0,0.14,48.0,0.1537,66.0,,,0.2226,62.0
2015-12-31,0.1186,32.0,0.0788,6.0,0.1436,48.0,,,0.1446,28.0,0.1756,59.0,0.1398,48.0,0.1457,57.0,,,0.2126,57.0
2015-12-30,0.1023,22.0,0.0788,6.0,0.1319,38.0,,,0.1242,13.0,0.1767,61.0,0.1401,49.0,0.1423,55.0,,,0.208,53.0
2015-12-29,0.1237,35.0,0.0825,8.0,0.1315,38.0,,,0.1429,27.0,0.1767,61.0,0.1402,49.0,0.1315,45.0,,,0.1429,6.0
2015-12-28,0.1087,26.0,0.0813,7.0,0.1315,38.0,,,0.1312,18.0,0.1761,60.0,0.1403,49.0,0.1473,59.0,,,0.2112,56.0
2015-12-24,0.1596,57.0,0.0999,20.0,0.1212,28.0,,,0.1211,10.0,0.1775,61.0,0.1408,50.0,0.1478,60.0,,,0.2082,54.0
2015-12-23,0.1484,51.0,0.1056,26.0,0.0849,5.0,,,0.1606,41.0,0.1772,61.0,0.141,51.0,0.1313,45.0,,,0.2208,61.0
2015-12-22,0.1522,53.0,0.1143,35.0,0.0939,10.0,,,0.175,52.0,0.1778,62.0,0.1417,52.0,0.1354,48.0,,,0.2295,65.0
2015-12-21,0.1516,53.0,0.1182,39.0,0.1071,17.0,,,0.19,61.0,0.178,62.0,0.142,53.0,0.1383,51.0,,,0.2313,66.0
2015-12-18,0.1683,61.0,0.1179,38.0,0.1211,28.0,,,0.1843,57.0,0.1785,62.0,0.1421,53.0,0.1418,54.0,,,0.2293,65.0
2015-12-17,0.1668,60.0,0.1215,42.0,0.1092,19.0,,,0.1789,55.0,0.1782,62.0,0.1421,53.0,0.1351,48.0,,,0.2236,62.0
2015-12-16,0.1598,57.0,0.123,43.0,0.1151,24.0,,,0.1748,52.0,0.1787,63.0,0.1422,53.0,0.1362,49.0,,,0.2074,53.0
2015-12-15,0.1146,28.0,0.1063,27.0,0.2318,87.0,,,0.2372,80.0,0.1776,61.0,0.1419,52.0,0.147,59.0,,,0.2342,68.0
2015-12-14,0.1566,55.0,0.1253,45.0,0.2223,85.0,,,0.2608,84.0,0.1774,61.0,0.1419,52.0,0.1514,63.0,,,0.2467,75.0
2015-12-11,0.176,64.0,0.1315,51.0,0.2722,93.0,,,0.2548,83.0,0.1777,62.0,0.142,53.0,0.1546,67.0,,,0.2432,73.0
2015-12-10,0.1976,73.0,0.1414,60.0,0.2137,83.0,,,0.2091,71.0,0.1779,62.0,0.1422,53.0,0.1463,57.0,,,0.2383,70.0
2015-12-09,0.2249,81.0,0.1434,61.0,0.2052,81.0,,,0.2042,69.0,0.1781,62.0,0.1424,54.0,0.1491,61.0,,,0.2351,68.0
2015-12-08,0.2205,80.0,0.1512,67.0,0.2002,79.0,,,0.1996,67.0,0.1777,62.0,0.1421,53.0,0.1451,57.0,,,0.233,67.0
2015-12-07,0.2289,82.0,0.1589,72.0,0.1907,76.0,,,0.1841,57.0,0.1777,62.0,0.1419,52.0,0.1424,55.0,,,0.2302,66.0
2015-12-04,0.2315,82.0,0.1599,72.0,0.1679,64.0,,,0.1759,53.0,0.1779,62.0,0.1418,52.0,0.1407,53.0,,,0.2281,65.0
2015-12-03,0.198,73.0,0.144,62.0,0.1949,77.0,,,0.206,70.0,0.1761,60.0,0.1413,52.0,0.1458,57.0,,,0.2392,71.0
2015-12-02,0.1745,64.0,0.132,51.0,0.1955,78.0,,,0.4522,97.0,0.175,59.0,0.1408,50.0,0.1446,57.0,,,0.2305,66.0
2015-12-01,0.1259,37.0,0.1207,41.0,0.1689,64.0,,,0.1768,53.0,0.1729,55.0,0.14,48.0,0.1378,51.0,,,0.2264,64.0
2015-11-30,0.1116,28.0,0.1187,39.0,0.1396,45.0,,,0.3212,91.0,0.1729,55.0,0.14,48.0,0.1398,52.0,,,0.2267,64.0
2015-11-27,0.0904,15.0,0.1045,25.0,0.1607,60.0,,,0.1602,40.0,0.1727,55.0,0.1394,47.0,0.1313,45.0,,,0.2171,59.0
2015-11-25,0.0876,14.0,0.0968,18.0,0.1492,52.0,,,0.2171,74.0,0.1742,57.0,0.1395,48.0,0.1341,47.0,,,0.2189,60.0
2015-11-24,0.0986,20.0,0.1007,21.0,0.1639,62.0,,,0.1627,43.0,0.1746,57.0,0.1395,48.0,0.1361,49.0,,,0.219,60.0
2015-11-23,0.1129,28.0,0.103,23.0,0.1408,46.0,,,0.1591,39.0,0.1753,59.0,0.1397,48.0,0.1347,48.0,,,0.2043,50.0
2015-11-20,0.125,36.0,0.1035,24.0,0.1542,55.0,,,0.1586,39.0,0.1759,60.0,0.1399,48.0,0.1364,49.0,,,0.208,53.0
2015-11-19,0.1076,25.0,0.0999,20.0,0.1656,62.0,,,0.1711,50.0,0.1748,57.0,0.1397,48.0,0.1401,52.0,,,0.211,56.0
2015-11-18,0.115,28.0,0.1109,31.0,0.1594,59.0,,,0.1754,52.0,0.1752,59.0,0.1396,48.0,0.1414,54.0,,,0.2162,59.0
2015-11-17,0.1613,57.0,0.1254,45.0,0.1822,71.0,,,0.1612,41.0,0.1753,59.0,0.1397,48.0,0.1537,66.0,,,0.2206,61.0
2015-11-16,0.2622,88.0,0.1629,74.0,0.1625,61.0,,,0.1965,65.0,0.1752,59.0,0.1398,48.0,0.1449,57.0,,,0.2205,61.0
2015-11-13,0.2418,85.0,0.1611,73.0,0.2002,79.0,,,0.1814,56.0,0.1745,57.0,0.1396,48.0,0.1569,68.0,,,0.2196,60.0
2015-11-12,0.2415,85.0,0.1601,72.0,0.182,71.0,,,0.1772,54.0,0.1742,57.0,0.1394,47.0,0.1509,63.0,,,0.2135,57.0
2015-11-11,0.2442,85.0,0.172,78.0,0.157,57.0,,,0.1436,28.0,0.1742,57.0,0.1393,47.0,0.1465,59.0,,,0.2093,55.0
2015-11-09,0.2694,90.0,0.1917,86.0,0.1781,69.0,,,0.1691,48.0,0.1743,57.0,0.1386,47.0,0.1511,63.0,,,0.214,57.0
2015-11-06,0.2684,89.0,0.1819,82.0,0.1362,42.0,,,0.1747,52.0,0.1754,59.0,0.1383,46.0,0.1408,53.0,,,0.2142,57.0
2015-11-05,0.1891,70.0,0.1769,80.0,0.1375,43.0,,,0.1505,33.0,0.1699,52.0,0.1372,44.0,0.1342,47.0,,,0.1997,46.0
2015-11-04,0.1831,67.0,0.1756,80.0,0.1355,41.0,,,0.1406,26.0,0.17,52.0,0.138,46.0,0.1344,47.0,,,0.1993,45.0
2015-11-03,0.1842,68.0,0.1775,80.0,0.1424,47.0,,,0.1402,25.0,0.1718,54.0,0.1388,47.0,0.1337,47.0,,,0.1949,41.0
2015-11-02,0.1844,68.0,0.177,80.0,0.1281,35.0,,,0.1332,19.0,0.1719,54.0,0.1382,46.0,0.1298,43.0,,,0.1925,38.0
2015-10-30,0.1182,31.0,0.1603,72.0,0.1396,45.0,,,0.139,24.0,0.1717,54.0,0.138,46.0,0.1376,50.0,,,0.2013,47.0
2015-10-29,0.0881,14.0,0.1448,62.0,0.1333,40.0,,,0.1303,17.0,0.17,52.0,0.1371,44.0,0.1361,49.0,,,0.1967,42.0
2015-10-28,0.0884,15.0,0.1445,62.0,0.1325,39.0,,,0.1352,21.0,0.1735,56.0,0.1386,47.0,0.1324,46.0,,,0.1925,38.0
2015-10-27,0.1331,42.0,0.1156,36.0,0.1394,45.0,,,0.1471,30.0,0.1731,55.0,0.1366,44.0,0.135,48.0,,,0.1978,43.0
2015-10-26,0.1417,47.0,0.1153,36.0,0.1433,47.0,,,0.1525,35.0,0.1738,57.0,0.1366,44.0,0.1346,47.0,,,0.1978,43.0
2015-10-23,0.1561,55.0,0.1147,35.0,0.1238,31.0,,,0.1403,25.0,0.1765,61.0,0.1373,45.0,0.1314,45.0,,,0.3655,99.0
2015-10-22,0.1505,52.0,0.106,26.0,0.1186,27.0,,,0.1239,12.0,0.1779,62.0,0.1373,45.0,0.1273,41.0,,,0.1831,32.0
2015-10-21,0.1707,62.0,0.1094,28.0,0.1297,36.0,,,0.125,13.0,0.1779,62.0,0.1375,45.0,0.1263,40.0,,,0.1805,28.0
2015-10-20,0.1701,62.0,0.111,31.0,0.1179,26.0,,,0.1234,12.0,0.1779,62.0,0.1376,45.0,0.1263,40.0,,,0.1839,32.0
2015-10-19,0.1731,63.0,0.1111,31.0,0.1151,24.0,,,0.1561,37.0,0.1779,62.0,0.1376,45.0,0.1264,40.0,,,0.1835,32.0
2015-10-16,0.1531,54.0,0.1053,26.0,0.1207,28.0,,,0.1244,13.0,0.1765,61.0,0.137,44.0,0.1304,44.0,,,0.187,34.0
2015-10-15,0.1503,52.0,0.1069,27.0,0.1235,31.0,,,0.1294,16.0,0.1762,60.0,0.1369,44.0,0.1313,45.0,,,0.1937,40.0
2015-10-14,0.1309,40.0,0.1072,28.0,0.1351,41.0,,,0.1416,26.0,0.1752,59.0,0.1366,44.0,0.1396,52.0,,,0.1963,42.0
2015-10-13,0.1369,44.0,0.103,23.0,0.1302,37.0,,,0.1359,22.0,0.1745,57.0,0.1362,43.0,0.1372,50.0,,,0.1959,42.0
2015-10-12,0.1184,31.0,0.1132,33.0,0.1231,31.0,,,0.1385,24.0,0.1743,57.0,0.136,43.0,0.1347,48.0,,,0.1943,40.0
2015-10-09,0.123,35.0,0.1164,37.0,0.1051,16.0,,,0.14,25.0,0.1742,57.0,0.1363,43.0,0.1379,51.0,,,0.1961,42.0
2015-10-08,0.1144,28.0,0.1184,39.0,0.1401,45.0,,,0.1336,20.0,0.1745,57.0,0.1365,44.0,0.1398,52.0,,,0.1971,43.0
2015-10-07,0.131,40.0,0.1285,48.0,0.1264,33.0,,,0.1391,24.0,0.1744,57.0,0.1362,43.0,0.1409,53.0,,,0.1998,46.0
2015-10-06,0.188,70.0,0.151,66.0,0.143,47.0,,,0.1403,25.0,0.1741,57.0,0.136,43.0,0.1522,64.0,,,0.2071,53.0
2015-10-05,0.1824,67.0,0.1529,68.0,0.1364,42.0,,,0.1414,26.0,0.1738,57.0,0.1361,43.0,0.1521,64.0,,,0.2097,55.0
2015-10-02,0.1757,64.0,0.1574,70.0,0.2941,95.0,,,0.1662,46.0,0.1759,60.0,0.1371,44.0,0.1569,68.0,,,0.2156,59.0
2015-10-01,0.1713,62.0,0.1497,66.0,0.18,70.0,,,0.1614,42.0,0.1753,59.0,0.1364,44.0,0.1635,74.0,,,0.2133,57.0
2015-09-30,0.1799,66.0,0.1459,63.0,0.1682,64.0,,,0.1826,57.0,0.1768,61.0,0.1367,44.0,0.1634,74.0,,,0.2203,61.0
2015-09-29,0.1843,68.0,0.1488,65.0,0.1919,76.0,,,0.1988,67.0,0.1772,61.0,0.1368,44.0,0.1701,78.0,,,0.2257,63.0
2015-09-28,0.1482,51.0,0.1641,74.0,0.2081,82.0,,,0.2034,69.0,0.1762,60.0,0.1362,43.0,0.1765,81.0,,,0.2271,64.0
2015-09-25,0.1407,46.0,0.1782,81.0,0.1631,61.0,,,0.1756,53.0,0.1748,57.0,0.1349,42.0,0.1624,73.0,,,0.2147,57.0
2015-09-24,0.1388,45.0,0.176,80.0,0.131,38.0,,,0.229,78.0,0.1753,59.0,0.1349,42.0,0.1487,61.0,,,0.2356,68.0
2015-09-23,0.1249,36.0,0.1822,82.0,0.1264,33.0,,,0.2138,73.0,0.176,60.0,0.1347,41.0,0.1449,57.0,,,0.2306,66.0
2015-09-22,0.1312,40.0,0.1792,81.0,0.1303,37.0,,,0.215,74.0,0.1757,60.0,0.1345,41.0,0.1499,62.0,,,0.2288,65.0
2015-09-21,0.1037,23.0,0.1899,85.0,0.1144,23.0,,,0.2126,73.0,0.1754,59.0,0.1346,41.0,0.1387,51.0,,,0.2042,50.0
2015-09-18,0.1154,30.0,0.19,85.0,0.1259,33.0,,,0.2176,75.0,0.1766,61.0,0.1355,43.0,0.1494,61.0,,,0.2185,60.0
2015-09-17,0.171,62.0,0.1836,83.0,0.1195,28.0,,,0.2081,71.0,0.1769,61.0,0.1338,40.0,0.1638,74.0,,,0.2145,57.0
2015-09-16,0.1668,60.0,0.1526,68.0,0.1985,79.0,,,0.2356,79.0,0.1756,59.0,0.1315,36.0,0.1493,61.0,,,0.2391,71.0
2015-09-15,0.2188,79.0,0.1634,74.0,0.1362,42.0,,,0.2572,84.0,0.1799,64.0,0.1328,39.0,0.1501,62.0,,,0.2521,78.0
2015-09-14,0.205,75.0,0.1489,65.0,0.1758,67.0,,,0.245,82.0,0.1788,63.0,0.1319,37.0,0.1607,71.0,,,0.239,71.0
2015-09-11,0.2087,76.0,0.1521,67.0,0.1431,47.0,,,0.2674,85.0,0.1816,65.0,0.134,40.0,0.1498,61.0,,,0.2717,85.0
2015-09-10,0.195,72.0,0.1512,67.0,0.2762,93.0,,,0.2245,76.0,0.1795,63.0,0.1332,39.0,0.1718,79.0,,,0.2394,71.0
2015-09-09,0.2162,78.0,0.1608,73.0,0.2712,92.0,,,0.2109,72.0,0.1803,65.0,0.1335,40.0,0.1769,82.0,,,0.2311,66.0
2015-09-08,0.2162,78.0,0.1403,57.0,0.2354,88.0,,,0.2546,83.0,0.1795,63.0,0.1321,37.0,0.1537,66.0,,,0.2669,84.0
2015-09-04,0.2351,83.0,0.1599,72.0,0.2327,87.0,,,0.2752,87.0,0.1806,65.0,0.1323,38.0,0.1734,80.0,,,0.2884,89.0
2015-09-03,0.262,88.0,0.1603,72.0,0.2343,88.0,,,0.229,78.0,0.1787,63.0,0.1313,36.0,0.1639,74.0,,,0.2463,75.0
2015-09-02,0.3099,94.0,0.2271,93.0,0.2367,88.0,,,0.2433,81.0,0.1787,63.0,0.1313,36.0,0.1681,77.0,,,0.2491,76.0
2015-09-01,0.4016,98.0,0.2693,97.0,0.2531,91.0,,,0.2501,82.0,0.1789,63.0,0.1311,35.0,0.169,78.0,,,0.2509,77.0
2015-08-31,0.4028,98.0,0.2659,97.0,0.2373,88.0,,,0.2282,78.0,0.1836,67.0,0.1322,38.0,0.1573,69.0,,,0.2374,70.0
2015-08-28,0.3985,98.0,0.2589,96.0,0.2076,82.0,,,0.2236,76.0,0.1812,65.0,0.1313,36.0,0.1603,71.0,,,0.2103,55.0
2015-08-27,0.3952,98.0,0.259,96.0,0.1628,61.0,,,0.2262,77.0,0.1816,65.0,0.1314,36.0,0.1628,73.0,,,0.226,63.0
2015-08-21,0.1524,53.0,0.0999,20.0,0.1797,70.0,,,0.1702,49.0,0.1601,40.0,0.1193,18.0,0.1433,55.0,,,0.1956,41.0
2015-08-20,0.0841,12.0,0.095,16.0,0.1274,34.0,,,0.1443,28.0,0.1577,37.0,0.1193,18.0,0.1193,34.0,,,0.1893,36.0
2015-08-19,0.0851,13.0,0.0989,19.0,0.1268,34.0,,,0.123,12.0,0.1607,41.0,0.1203,18.0,0.1206,35.0,,,0.1788,28.0
2015-08-18,0.0819,11.0,0.1014,22.0,0.1178,26.0,,,0.1254,14.0,0.1609,41.0,0.1203,18.0,0.114,28.0,,,0.1759,25.0
2015-08-17,0.0816,11.0,0.1114,31.0,0.1192,27.0,,,0.1292,16.0,0.162,42.0,0.1207,19.0,0.1135,28.0,,,0.1784,27.0
2015-08-14,0.0726,8.0,0.122,42.0,0.1212,28.0,,,0.1086,5.0,0.1644,45.0,0.1215,19.0,0.1154,30.0,,,0.1777,27.0
2015-08-13,0.0859,13.0,0.1247,44.0,0.1108,20.0,,,0.1161,8.0,0.165,46.0,0.1223,20.0,0.1191,34.0,,,0.1796,28.0
2015-08-12,0.0947,17.0,0.1264,46.0,0.1003,13.0,,,0.1289,16.0,0.165,46.0,0.1222,20.0,0.1193,34.0,,,0.1835,32.0
2015-08-11,0.0952,18.0,0.1229,43.0,0.1168,25.0,,,0.1099,6.0,0.165,46.0,0.1224,20.0,0.1206,35.0,,,0.1797,28.0
2015-08-10,0.0959,18.0,0.1169,37.0,0.1407,46.0,,,0.1197,9.0,0.1646,46.0,0.1218,19.0,0.1161,31.0,,,0.1829,31.0
2015-08-07,0.0872,14.0,0.1131,33.0,0.1078,18.0,,,0.11,6.0,0.1653,47.0,0.1221,20.0,0.1192,34.0,,,0.1788,28.0
2015-08-06,0.0849,13.0,0.1067,27.0,0.112,21.0,,,0.1168,8.0,0.1651,47.0,0.1219,20.0,0.1174,32.0,,,0.1805,28.0
2015-08-05,0.0863,13.0,0.0887,11.0,0.1097,19.0,,,0.1232,12.0,0.1651,47.0,0.1216,19.0,0.1177,32.0,,,0.1793,28.0
2015-08-04,0.0747,8.0,0.0874,10.0,0.1108,20.0,,,0.1183,9.0,0.1651,47.0,0.1216,19.0,0.1189,34.0,,,0.1827,31.0
2015-08-03,0.0591,3.0,0.0777,5.0,0.1037,16.0,,,0.1126,6.0,0.1713,53.0,0.1243,22.0,0.12,35.0,,,0.1802,28.0
2015-07-31,0.0857,13.0,0.0892,11.0,0.1101,20.0,,,0.1026,4.0,0.1719,54.0,0.1246,23.0,0.1209,35.0,,,0.1787,27.0
2015-07-30,0.0744,8.0,0.0893,11.0,0.1108,20.0,,,0.0947,2.0,0.1715,53.0,0.1247,23.0,0.1237,38.0,,,0.1797,28.0
2015-07-29,0.0757,9.0,0.0901,12.0,0.1082,18.0,,,0.1223,11.0,0.1717,54.0,0.1252,24.0,0.1381,51.0,,,0.1822,31.0
2015-07-28,0.0774,10.0,0.0884,11.0,0.1297,36.0,,,0.1165,8.0,0.1716,54.0,0.1262,26.0,0.1291,43.0,,,0.1815,30.0
2015-07-27,0.0816,11.0,0.0895,12.0,0.138,44.0,,,0.1457,30.0,0.1733,56.0,0.1271,27.0,0.1356,49.0,,,0.1887,35.0
2015-07-24,0.0873,14.0,0.0817,7.0,0.1357,42.0,,,0.1343,20.0,0.1732,56.0,0.1271,27.0,0.1402,53.0,,,0.1889,35.0
2015-07-23,0.0807,11.0,0.0796,6.0,0.1309,37.0,,,0.1488,31.0,0.173,55.0,0.1274,28.0,0.136,49.0,,,0.1882,35.0
2015-07-22,0.06,4.0,0.0688,3.0,0.1301,37.0,,,0.1261,14.0,0.1727,55.0,0.127,27.0,0.137,50.0,,,0.1957,41.0
2015-07-21,0.0563,3.0,0.0859,9.0,0.1223,30.0,,,0.131,18.0,0.1728,55.0,0.1271,27.0,0.1395,52.0,,,0.1985,44.0
2015-07-20,0.0597,4.0,0.0913,13.0,0.1285,35.0,,,0.1318,19.0,0.1729,55.0,0.1271,27.0,0.1395,52.0,,,0.175,24.0
2015-07-17,0.0589,3.0,0.0922,13.0,0.1265,34.0,,,0.1318,19.0,0.1743,57.0,0.1276,28.0,0.1672,76.0,,,0.1932,39.0
2015-07-16,0.0505,2.0,0.0915,13.0,0.1242,32.0,,,0.1335,20.0,0.1742,57.0,0.1275,28.0,0.1394,52.0,,,0.2048,50.0
2015-07-15,0.1044,24.0,0.1046,25.0,0.1202,28.0,,,0.1459,30.0,0.1744,57.0,0.1282,28.0,0.1416,54.0,,,0.2067,52.0
2015-07-14,0.1012,22.0,0.1052,26.0,0.1274,34.0,,,0.1382,23.0,0.1753,59.0,0.1287,30.0,0.1422,54.0,,,0.2012,47.0
2015-07-13,0.0998,20.0,0.1091,28.0,0.1461,49.0,,,0.1612,41.0,0.176,60.0,0.1294,31.0,0.1443,56.0,,,0.2082,54.0
2015-07-10,0.1199,33.0,0.1111,31.0,0.1548,56.0,,,0.1526,35.0,0.176,60.0,0.1286,28.0,0.1459,57.0,,,0.2064,52.0
2015-07-09,0.128,39.0,0.109,28.0,0.1678,64.0,,,0.1649,45.0,0.1758,60.0,0.1285,28.0,0.1339,47.0,,,0.2103,55.0
2015-07-08,0.1612,57.0,0.1231,43.0,0.1635,61.0,,,0.173,51.0,0.1775,61.0,0.1292,31.0,0.149,61.0,,,0.2118,56.0
2015-07-07,0.1574,55.0,0.1303,50.0,0.1433,47.0,,,0.1585,39.0,0.1776,61.0,0.1295,31.0,0.1477,59.0,,,0.2111,56.0
2015-07-06,0.1583,56.0,0.1277,47.0,0.1611,60.0,,,0.1655,45.0,0.1772,61.0,0.1297,31.0,0.1493,61.0,,,0.2105,55.0
2015-07-02,0.1843,68.0,0.1287,48.0,0.1562,57.0,,,0.165,45.0,0.1779,62.0,0.1301,32.0,0.1446,57.0,,,0.2065,52.0
2015-07-01,0.1857,69.0,0.1262,46.0,0.1677,64.0,,,0.1685,47.0,0.1782,62.0,0.1303,33.0,0.149,61.0,,,0.2089,54.0
2015-06-30,0.127,38.0,0.1233,43.0,0.1838,72.0,,,0.1785,54.0,0.1781,62.0,0.13,32.0,0.1597,71.0,,,0.2156,59.0
2015-06-29,0.1205,33.0,0.1256,45.0,0.1904,76.0,,,0.1815,56.0,0.1793,63.0,0.1311,35.0,0.1597,71.0,,,0.2158,59.0
2015-06-26,0.1678,61.0,0.1204,41.0,0.1414,46.0,,,0.151,33.0,0.1787,63.0,0.1304,33.0,0.1472,59.0,,,0.2096,55.0
2015-06-25,0.164,59.0,0.1226,43.0,0.1447,48.0,,,0.1386,24.0,0.1784,62.0,0.1301,32.0,0.1491,61.0,,,0.2063,52.0
2015-06-24,0.1814,67.0,0.124,44.0,0.1374,43.0,,,0.1428,27.0,0.1781,62.0,0.1297,31.0,0.1485,60.0,,,0.2079,53.0
2015-06-23,0.1605,57.0,0.1209,41.0,0.0903,8.0,,,0.1786,55.0,0.177,61.0,0.1298,32.0,0.1283,42.0,,,0.2163,59.0
2015-06-22,0.1461,50.0,0.1179,38.0,0.097,11.0,,,0.1719,50.0,0.177,61.0,0.13,32.0,0.1319,45.0,,,0.2195,60.0
2015-06-19,0.1099,26.0,0.1051,25.0,0.0978,12.0,,,0.1796,55.0,0.1781,62.0,0.1303,33.0,0.1259,40.0,,,0.2177,60.0
2015-06-18,0.0943,17.0,0.1129,33.0,0.0993,13.0,,,0.1647,44.0,0.1781,62.0,0.1301,32.0,0.1336,47.0,,,0.2141,57.0
2015-06-17,0.1055,24.0,0.1053,26.0,0.1485,52.0,,,0.1739,51.0,0.1773,61.0,0.1298,32.0,0.1297,43.0,,,0.2236,62.0
2015-06-16,0.1023,22.0,0.0957,16.0,0.1736,66.0,,,0.1983,66.0,0.1793,63.0,0.1303,33.0,0.1336,47.0,,,0.2268,64.0
2015-06-15,0.1127,28.0,0.0937,15.0,0.1901,76.0,,,0.2115,72.0,0.1788,63.0,0.1303,33.0,0.1371,50.0,,,0.2295,65.0
2015-06-12,0.1112,27.0,0.0966,17.0,0.1862,73.0,,,0.1968,66.0,0.1798,64.0,0.1313,36.0,0.1376,50.0,,,0.2304,66.0
2015-06-11,0.1488,51.0,0.1133,34.0,0.1681,64.0,,,0.1956,65.0,0.18,64.0,0.1316,36.0,0.1332,46.0,,,0.2283,65.0
2015-06-10,0.137,44.0,0.1172,38.0,0.1809,71.0,,,0.1868,60.0,0.1798,64.0,0.1315,36.0,0.1364,49.0,,,0.2283,65.0
2015-06-09,0.1586,56.0,0.113,33.0,0.1444,48.0,,,0.2127,73.0,0.1795,63.0,0.1309,35.0,0.1428,55.0,,,0.2383,70.0
2015-06-08,0.1616,57.0,0.1146,35.0,0.1985,79.0,,,0.1833,57.0,0.1794,63.0,0.1311,35.0,0.1436,56.0,,,0.2298,66.0
2015-06-05,0.1581,56.0,0.1127,33.0,0.1825,72.0,,,0.1781,54.0,0.1799,64.0,0.1316,36.0,0.1407,53.0,,,0.2328,67.0
2015-06-04,0.1794,66.0,0.1098,30.0,0.1882,75.0,,,0.1932,63.0,0.1797,64.0,0.1318,37.0,0.1433,55.0,,,0.2349,68.0
2015-06-03,0.1804,66.0,0.1115,32.0,0.2031,80.0,,,0.1955,65.0,0.1797,64.0,0.1318,37.0,0.1566,68.0,,,0.2298,66.0
2015-06-02,0.1528,53.0,0.1048,25.0,0.1859,73.0,,,0.1897,61.0,0.1779,62.0,0.131,35.0,0.1513,63.0,,,0.2261,63.0
2015-06-01,0.1449,49.0,0.1041,24.0,0.1865,74.0,,,0.1775,54.0,0.1773,61.0,0.1311,35.0,0.149,61.0,,,0.2218,61.0
2015-05-29,0.1153,30.0,0.0942,15.0,0.1846,73.0,,,0.1786,55.0,0.1765,61.0,0.1309,35.0,0.1526,65.0,,,0.2251,63.0
2015-05-28,0.1001,21.0,0.0879,10.0,0.1738,67.0,,,0.1685,47.0,0.1758,60.0,0.131,35.0,0.1491,61.0,,,0.2202,61.0
2015-05-27,0.1018,22.0,0.0862,9.0,0.1684,64.0,,,0.1703,49.0,0.1764,60.0,0.1311,35.0,0.1464,57.0,,,0.2235,62.0
2015-05-26,0.1056,24.0,0.0849,9.0,0.1843,72.0,,,0.1853,59.0,0.1758,60.0,0.1308,35.0,0.1524,65.0,,,0.225,63.0
2015-05-22,0.1579,56.0,0.0946,15.0,0.1687,64.0,,,0.1686,47.0,0.1754,59.0,0.1307,34.0,0.1493,61.0,,,0.2212,61.0
2015-05-21,0.1929,71.0,0.117,37.0,0.1807,70.0,,,0.1734,51.0,0.176,60.0,0.1303,33.0,0.1504,62.0,,,0.2213,61.0
2015-05-20,0.1873,69.0,0.1352,54.0,0.173,66.0,,,0.1762,53.0,0.1756,59.0,0.1301,32.0,0.1479,60.0,,,0.2211,61.0
2015-05-19,0.2238,81.0,0.1516,67.0,0.1852,73.0,,,0.1835,57.0,0.1768,61.0,0.1305,34.0,0.1503,62.0,,,0.2203,61.0
2015-05-18,0.2369,83.0,0.1554,69.0,0.1883,75.0,,,0.1842,57.0,0.1768,61.0,0.1305,34.0,0.1544,66.0,,,0.2091,54.0
2015-05-15,0.25,86.0,0.1712,78.0,0.1815,71.0,,,0.1834,57.0,0.1768,61.0,0.1306,34.0,0.1571,68.0,,,0.2158,59.0
2015-05-14,0.2491,86.0,0.1714,78.0,0.1937,77.0,,,0.1889,61.0,0.1767,61.0,0.1307,34.0,0.1617,72.0,,,0.2175,60.0
2015-05-13,0.2619,88.0,0.1865,84.0,0.2036,80.0,,,0.1548,36.0,0.1746,57.0,0.1302,33.0,0.1677,77.0,,,0.2217,61.0
2015-05-12,0.2474,86.0,0.1691,77.0,0.1591,59.0,,,0.2007,68.0,0.1734,56.0,0.1289,30.0,0.1539,66.0,,,0.2167,59.0
2015-05-11,0.2549,87.0,0.154,68.0,0.1896,75.0,,,0.1629,43.0,0.1732,56.0,0.1279,28.0,0.162,72.0,,,0.2149,57.0
2015-05-08,0.2643,89.0,0.1555,69.0,0.1527,54.0,,,0.1791,55.0,0.1717,54.0,0.1272,27.0,0.1505,62.0,,,0.211,56.0
2015-05-07,0.2684,89.0,0.164,74.0,0.1798,70.0,,,0.2128,73.0,0.1707,53.0,0.127,27.0,0.1566,68.0,,,0.2165,59.0
2015-05-06,0.2197,79.0,0.152,67.0,0.1801,70.0,,,0.1976,66.0,0.1691,51.0,0.1261,25.0,0.1598,71.0,,,0.2205,61.0
2015-05-05,0.2234,80.0,0.1527,68.0,0.1994,79.0,,,0.2005,68.0,0.1691,51.0,0.1262,26.0,0.1637,74.0,,,0.2205,61.0
2015-05-04,0.194,71.0,0.1253,45.0,0.17,65.0,,,0.1759,53.0,0.1656,48.0,0.1246,23.0,0.1545,66.0,,,0.2121,56.0
2015-05-01,0.1959,72.0,0.1236,44.0,0.1789,69.0,,,0.1753,52.0,0.166,48.0,0.1246,23.0,0.1594,70.0,,,0.2093,55.0
2015-04-30,0.1817,67.0,0.1213,42.0,0.1983,79.0,,,0.1812,56.0,0.1671,49.0,0.1249,24.0,0.1661,75.0,,,0.2115,56.0
2015-04-29,0.1416,47.0,0.0978,18.0,0.1712,66.0,,,0.1725,50.0,0.1644,45.0,0.1239,22.0,0.1545,66.0,,,0.2078,53.0
2015-04-28,0.0352,1.0,0.0767,5.0,0.1554,56.0,,,0.1678,47.0,0.1617,42.0,0.1231,21.0,0.1483,60.0,,,0.2036,49.0
2015-04-27,0.0598,4.0,0.0699,3.0,0.1534,55.0,,,0.1486,31.0,0.1617,42.0,0.1229,21.0,0.1434,56.0,,,0.1998,46.0
2015-04-24,0.0603,4.0,0.0767,5.0,0.152,54.0,,,0.1538,36.0,0.1619,42.0,0.1228,20.0,0.1459,57.0,,,0.1971,43.0
2015-04-23,0.0874,14.0,0.0834,8.0,0.1564,57.0,,,0.1513,34.0,0.1621,42.0,0.1231,21.0,0.1622,73.0,,,0.1973,43.0
2015-04-22,0.0891,15.0,0.0838,8.0,0.1548,56.0,,,0.1536,35.0,0.1645,46.0,0.1232,21.0,0.1492,61.0,,,0.2026,48.0
2015-04-21,0.086,13.0,0.0859,9.0,0.1619,60.0,,,0.1566,37.0,0.1643,45.0,0.1233,21.0,0.1504,62.0,,,0.2014,47.0
2015-04-20,0.0807,11.0,0.096,17.0,0.1625,61.0,,,0.1668,46.0,0.1644,45.0,0.1235,21.0,0.1514,63.0,,,0.2043,50.0
2015-04-17,0.152,53.0,0.1235,44.0,0.1718,66.0,,,0.1716,50.0,0.1656,48.0,0.1241,22.0,0.1559,68.0,,,0.2073,53.0
2015-04-16,0.1577,56.0,0.1215,42.0,0.1582,57.0,,,0.1644,44.0,0.1654,47.0,0.1247,23.0,0.1502,62.0,,,0.2029,49.0
2015-04-15,0.1633,59.0,0.1256,45.0,0.1665,63.0,,,0.1586,39.0,0.1654,47.0,0.1245,23.0,0.1553,67.0,,,0.2047,50.0
2015-04-14,0.1951,72.0,0.1243,44.0,0.1673,64.0,,,0.1592,40.0,0.1649,46.0,0.1245,23.0,0.1509,63.0,,,0.2026,48.0
2015-04-13,0.2045,75.0,0.1285,48.0,0.1749,67.0,,,0.1674,47.0,0.1665,49.0,0.1253,24.0,0.1546,67.0,,,0.2085,54.0
2015-04-10,0.2044,75.0,0.1321,51.0,0.1615,60.0,,,0.1643,44.0,0.1664,49.0,0.1257,25.0,0.1532,65.0,,,0.208,53.0
2015-04-09,0.208,76.0,0.1333,53.0,0.1607,60.0,,,0.1715,50.0,0.1665,49.0,0.1257,25.0,0.1546,67.0,,,0.2069,53.0
2015-04-08,0.1797,66.0,0.1144,35.0,0.1448,48.0,,,0.1553,37.0,0.1627,43.0,0.1248,23.0,0.1507,63.0,,,0.2045,50.0
2015-04-07,0.1798,66.0,0.1157,36.0,0.1672,63.0,,,0.1542,36.0,0.1648,46.0,0.1258,25.0,0.1576,69.0,,,0.2041,50.0
2015-04-06,0.1429,48.0,0.1045,25.0,0.1443,48.0,,,0.1529,35.0,0.1631,44.0,0.1252,24.0,0.148,60.0,,,0.1985,44.0
2015-04-02,0.1696,62.0,0.1262,46.0,0.1594,59.0,,,0.1554,37.0,0.1603,40.0,0.1251,24.0,0.1527,65.0,,,0.2007,47.0
2015-04-01,0.1873,69.0,0.1243,44.0,0.1605,59.0,,,0.1695,48.0,0.1623,43.0,0.1249,24.0,0.1555,67.0,,,0.2063,52.0
2015-03-31,0.1912,71.0,0.1244,44.0,0.1701,65.0,,,0.1656,45.0,0.1621,42.0,0.1248,23.0,0.1564,68.0,,,0.2035,49.0
2015-03-30,0.2711,90.0,0.1449,62.0,0.1888,75.0,,,0.1591,39.0,0.1613,41.0,0.1244,22.0,0.1518,64.0,,,0.2022,48.0
2015-03-27,0.2586,88.0,0.1404,59.0,0.1654,62.0,,,0.1754,52.0,0.1607,41.0,0.1243,22.0,0.153,65.0,,,0.2069,53.0
2015-03-26,0.2931,92.0,0.1722,78.0,0.1687,64.0,,,0.1694,48.0,0.1607,41.0,0.1245,23.0,0.1576,69.0,,,0.2059,51.0
2015-03-25,0.2906,92.0,0.172,78.0,0.1692,64.0,,,0.1767,53.0,0.1608,41.0,0.125,24.0,0.1567,68.0,,,0.2064,52.0
2015-03-24,0.2183,79.0,0.1626,74.0,0.1072,18.0,,,0.1798,55.0,0.1559,36.0,0.1236,21.0,0.133,46.0,,,0.2089,54.0
2015-03-23,0.1977,73.0,0.1606,73.0,0.0921,9.0,,,0.1708,49.0,0.1554,35.0,0.1238,22.0,0.1306,44.0,,,0.2017,48.0
2015-03-20,0.1967,72.0,0.165,75.0,0.0919,9.0,,,0.1674,47.0,0.1557,35.0,0.1238,22.0,0.1237,38.0,,,0.1983,44.0
2015-03-19,0.1647,59.0,0.1398,57.0,0.1141,23.0,,,0.1704,49.0,0.1512,32.0,0.122,20.0,0.1364,49.0,,,0.203,49.0
2015-03-18,0.159,56.0,0.14,57.0,0.0525,1.0,,,0.5242,99.0,0.1511,32.0,0.122,20.0,0.1087,24.0,,,0.2507,77.0
2015-03-17,0.1247,36.0,0.0974,18.0,0.221,85.0,,,0.2278,77.0,0.1498,31.0,0.12,18.0,0.1442,56.0,,,0.2165,59.0
2015-03-16,0.2683,89.0,0.1349,54.0,0.2069,81.0,,,0.2134,73.0,0.1497,30.0,0.1201,18.0,0.1474,59.0,,,0.2192,60.0
2015-03-13,0.2587,88.0,0.1257,45.0,0.1914,76.0,,,0.2051,70.0,0.1492,30.0,0.1197,18.0,0.1778,82.0,,,0.1888,35.0
2015-03-12,0.2627,89.0,0.1285,48.0,0.1826,72.0,,,0.1898,61.0,0.1494,30.0,0.1199,18.0,0.1771,82.0,,,0.185,33.0
2015-03-11,0.2234,80.0,0.1219,42.0,0.2311,87.0,,,0.2242,76.0,0.157,37.0,0.1229,21.0,0.1838,84.0,,,0.1878,35.0
2015-03-10,0.2302,82.0,0.1324,52.0,0.2373,88.0,,,0.2318,78.0,0.157,37.0,0.123,21.0,0.1859,85.0,,,0.194,40.0
2015-03-09,0.2401,84.0,0.1369,56.0,0.2302,87.0,,,0.2277,77.0,0.1593,39.0,0.1237,21.0,0.1809,83.0,,,0.1891,35.0
2015-03-06,0.2313,82.0,0.1427,61.0,0.1854,73.0,,,0.1927,63.0,0.1594,39.0,0.1238,22.0,0.1804,83.0,,,0.1906,37.0
2015-03-05,0.1191,32.0,0.1153,36.0,0.1762,68.0,,,0.1652,45.0,0.1515,33.0,0.1216,19.0,0.1702,78.0,,,0.1758,25.0
2015-03-04,0.1648,59.0,0.134,53.0,0.1756,67.0,,,0.1789,55.0,0.1518,33.0,0.1216,19.0,0.1697,78.0,,,0.1818,30.0
2015-03-03,0.1769,65.0,0.133,52.0,0.167,63.0,,,0.1622,42.0,0.1513,32.0,0.1215,19.0,0.1723,79.0,,,0.1764,25.0
2015-03-02,0.2008,74.0,0.1362,55.0,0.16,59.0,,,0.1542,36.0,0.1513,32.0,0.1213,19.0,0.1678,77.0,,,0.1807,28.0
2015-02-27,0.2363,83.0,0.1416,60.0,0.1552,56.0,,,0.1619,42.0,0.1512,32.0,0.1206,19.0,0.1677,77.0,,,0.1805,28.0
2015-02-26,0.2439,85.0,0.1491,65.0,0.1824,71.0,,,0.1712,50.0,0.151,32.0,0.1202,18.0,0.1758,81.0,,,0.1818,30.0
2015-02-25,0.2351,83.0,0.1492,65.0,0.1656,62.0,,,0.1637,43.0,0.1498,31.0,0.1198,18.0,0.1713,79.0,,,0.178,27.0
2015-02-24,0.236,83.0,0.1485,65.0,0.1726,66.0,,,0.1744,52.0,0.1498,31.0,0.1192,18.0,0.1755,81.0,,,0.1833,32.0
2015-02-23,0.2055,75.0,0.137,56.0,0.1651,62.0,,,0.1616,42.0,0.1463,27.0,0.118,17.0,0.1625,73.0,,,0.1714,20.0
2015-02-20,0.2026,74.0,0.1405,59.0,0.1631,61.0,,,0.1665,46.0,0.1461,27.0,0.1179,17.0,0.1666,76.0,,,0.1752,24.0
2015-02-19,0.1813,67.0,0.1416,60.0,0.2986,95.0,,,0.1057,4.0,0.1462,27.0,0.1178,17.0,0.2201,93.0,,,0.1371,5.0
2015-02-18,0.1202,33.0,0.1308,50.0,0.1182,26.0,,,0.3493,93.0,0.1427,25.0,0.1168,16.0,0.1518,64.0,,,0.1904,37.0
2015-02-17,0.2141,78.0,0.1648,75.0,0.1731,66.0,,,0.1792,55.0,0.142,24.0,0.1161,16.0,0.1763,81.0,,,0.1819,30.0
2015-02-13,0.2359,83.0,0.1647,75.0,0.2093,82.0,,,0.1443,28.0,0.142,24.0,0.1158,16.0,0.1809,83.0,,,0.1669,17.0
2015-02-12,0.2352,83.0,0.1611,73.0,0.072,2.0,,,0.2617,85.0,0.1421,24.0,0.1154,16.0,0.1538,66.0,,,0.2048,50.0
2015-02-11,0.2202,79.0,0.1624,73.0,0.1856,73.0,,,0.1483,31.0,0.1414,23.0,0.115,16.0,0.1816,84.0,,,0.1842,33.0
2015-02-10,0.2201,79.0,0.1737,79.0,0.1774,68.0,,,0.1739,51.0,0.1413,23.0,0.1146,15.0,0.1767,81.0,,,0.1841,32.0
2015-02-09,0.2295,82.0,0.1789,81.0,0.2208,85.0,,,0.1398,25.0,0.1426,25.0,0.1148,15.0,0.187,85.0,,,0.1729,22.0
2015-02-06,0.232,82.0,0.178,81.0,0.4271,99.0,,,0.0753,1.0,0.1423,25.0,0.1144,15.0,0.241,96.0,,,0.1206,1.0
2015-02-05,0.1409,46.0,0.14,57.0,0.0813,4.0,,,0.2267,77.0,0.1339,17.0,0.1109,14.0,0.1465,59.0,,,0.1954,41.0
2015-02-04,0.1106,27.0,0.1365,56.0,0.1465,50.0,,,0.1493,32.0,0.1322,17.0,0.1106,14.0,0.1504,62.0,,,0.2022,48.0
2015-02-03,0.1218,34.0,0.1378,57.0,0.138,44.0,,,0.1883,61.0,0.1329,17.0,0.1106,14.0,0.1644,75.0,,,0.1878,35.0
2015-02-02,0.1133,28.0,0.1304,50.0,0.1993,79.0,,,0.1604,41.0,0.1328,17.0,0.1099,13.0,0.1854,85.0,,,0.1794,28.0
2015-01-30,0.1592,56.0,0.1183,39.0,0.171,65.0,,,0.1584,39.0,0.1336,17.0,0.1089,13.0,0.1783,82.0,,,0.1816,30.0
2015-01-29,0.1072,25.0,0.1003,21.0,0.1332,40.0,,,0.1374,23.0,0.1309,15.0,0.1083,13.0,0.1616,72.0,,,0.1756,24.0
2015-01-28,0.1278,39.0,0.1094,28.0,0.1486,52.0,,,0.1353,21.0,0.1309,15.0,0.1082,13.0,0.1616,72.0,,,0.1637,14.0
2015-01-27,0.1388,45.0,0.1106,30.0,0.1248,32.0,,,0.1229,12.0,0.1332,17.0,0.1081,13.0,0.1585,70.0,,,0.1674,17.0
2015-01-26,0.1384,45.0,0.1129,33.0,0.118,26.0,,,0.1196,9.0,0.1332,17.0,0.108,13.0,0.1575,69.0,,,0.1679,17.0
2015-01-23,0.1438,48.0,0.1186,39.0,0.1147,23.0,,,0.1307,17.0,0.1333,17.0,0.1078,13.0,0.1602,71.0,,,0.1717,21.0
2015-01-22,0.1421,47.0,0.121,41.0,0.1229,31.0,,,0.1375,23.0,0.1335,17.0,0.1078,13.0,0.1557,67.0,,,0.176,25.0
2015-01-21,0.1272,38.0,0.1155,36.0,0.1333,40.0,,,0.1373,23.0,0.1325,17.0,0.1073,13.0,0.1654,75.0,,,0.1776,26.0
2015-01-20,0.1236,35.0,0.124,44.0,0.1362,42.0,,,0.1367,22.0,0.1325,17.0,0.1072,13.0,0.175,81.0,,,0.1767,25.0
2015-01-16,0.0818,11.0,0.1178,38.0,0.1301,37.0,,,0.1451,28.0,0.1316,16.0,0.1064,12.0,0.1616,72.0,,,0.1784,27.0
2015-01-15,0.0921,16.0,0.1234,43.0,0.1408,46.0,,,0.1567,37.0,0.1308,15.0,0.1058,12.0,0.1657,75.0,,,0.1535,8.0
2015-01-14,0.0966,19.0,0.1272,47.0,0.1391,44.0,,,0.1713,50.0,0.1309,15.0,0.1055,12.0,0.1589,70.0,,,0.1812,30.0
2015-01-13,0.0954,18.0,0.1276,47.0,0.1481,51.0,,,0.1571,38.0,0.1307,15.0,0.1049,12.0,0.1648,75.0,,,0.1802,28.0
2015-01-12,0.086,13.0,0.1311,50.0,0.1423,46.0,,,0.1425,27.0,0.1307,15.0,0.1047,12.0,0.1661,75.0,,,0.1746,23.0
2015-01-09,0.1702,62.0,0.1488,65.0,0.1356,42.0,,,0.1267,14.0,0.1301,15.0,0.1044,12.0,0.1699,78.0,,,0.1594,11.0
2015-01-08,0.1792,66.0,0.1441,62.0,0.1305,37.0,,,0.1327,19.0,0.1301,15.0,0.1039,11.0,0.1685,77.0,,,0.17,19.0
2015-01-05,0.1754,64.0,0.1229,43.0,0.1343,41.0,,,0.1385,24.0,0.1278,14.0,0.1024,11.0,0.1705,79.0,,,0.1727,21.0
2015-01-02,0.1752,64.0,0.121,41.0,0.1124,22.0,,,0.1322,19.0,0.1273,14.0,0.1018,10.0,0.1675,77.0,,,0.1681,18.0
2014-12-31,0.1831,67.0,0.1305,50.0,0.1331,39.0,,,0.122,11.0,0.1253,14.0,0.1014,10.0,0.1689,78.0,,,0.1696,19.0
2014-12-30,0.1603,57.0,0.1052,26.0,0.1257,33.0,,,0.1064,5.0,0.1233,13.0,0.0998,10.0,0.1696,78.0,,,0.1423,6.0
2014-12-29,0.1576,55.0,0.1072,28.0,0.114,23.0,,,0.1241,13.0,0.1235,13.0,0.0999,10.0,0.1641,74.0,,,0.168,18.0
2014-12-26,0.1914,71.0,0.1253,45.0,0.115,24.0,,,0.1207,10.0,0.1237,13.0,0.0998,10.0,0.1629,73.0,,,0.1767,25.0
2014-12-24,0.197,72.0,0.1337,53.0,0.154,55.0,,,0.0804,1.0,0.1238,13.0,0.1,10.0,0.1783,82.0,,,0.1625,13.0
2014-12-23,0.2086,76.0,0.1469,64.0,0.1426,47.0,,,0.1339,20.0,0.1228,13.0,0.0999,10.0,0.1634,74.0,,,0.1705,19.0
2014-12-22,0.2005,74.0,0.1446,62.0,0.1233,31.0,,,0.1389,24.0,0.122,13.0,0.0995,10.0,0.1233,38.0,,,0.1389,5.0
2014-12-19,0.1698,62.0,0.1282,48.0,0.1097,19.0,,,0.1189,9.0,0.1194,12.0,0.0982,9.0,0.154,66.0,,,0.1665,16.0
2014-12-18,0.1685,61.0,0.1289,49.0,0.138,44.0,,,0.1141,7.0,0.1193,12.0,0.0982,9.0,0.1554,67.0,,,0.1732,22.0
2014-12-17,0.1687,61.0,0.1305,50.0,0.1336,40.0,,,0.1577,38.0,0.1192,12.0,0.0979,9.0,0.1655,75.0,,,0.1861,34.0
2014-12-16,0.124,36.0,0.1233,43.0,0.2044,80.0,,,0.1852,59.0,0.1161,12.0,0.0966,9.0,0.1786,82.0,,,0.1881,35.0
2014-12-15,0.1379,45.0,0.1252,45.0,0.192,76.0,,,0.1949,64.0,0.1162,12.0,0.0962,9.0,0.1788,83.0,,,0.1889,35.0
2014-12-12,0.1096,26.0,0.1075,28.0,0.1729,66.0,,,0.177,54.0,0.1148,11.0,0.0949,8.0,0.168,77.0,,,0.1778,27.0
2014-12-11,0.0997,20.0,0.1011,21.0,0.1588,57.0,,,0.1487,31.0,0.1145,11.0,0.0951,8.0,0.1591,70.0,,,0.169,18.0
2014-12-10,0.101,21.0,0.1077,28.0,0.1452,49.0,,,0.1574,38.0,0.1146,11.0,0.0951,8.0,0.1566,68.0,,,0.1691,18.0
2014-12-09,0.102,22.0,0.1128,33.0,0.1329,39.0,,,0.1178,8.0,0.115,11.0,0.0953,8.0,0.1446,57.0,,,0.1545,9.0
2014-12-08,0.1,21.0,0.1133,34.0,0.1305,37.0,,,0.1313,18.0,0.115,11.0,0.0952,8.0,0.1428,55.0,,,0.1569,10.0
2014-12-05,0.1035,23.0,0.1019,22.0,0.1247,32.0,,,0.131,18.0,0.1143,11.0,0.0944,7.0,0.1436,56.0,,,0.1565,10.0
2014-12-04,0.0624,4.0,0.0882,11.0,0.1153,24.0,,,0.1194,9.0,0.113,11.0,0.0938,6.0,0.1378,51.0,,,0.1548,9.0
2014-12-03,0.0641,5.0,0.0867,10.0,0.1189,27.0,,,0.1164,8.0,0.1136,11.0,0.0939,6.0,0.1384,51.0,,,0.155,9.0
2014-12-02,0.0725,8.0,0.0869,10.0,0.1203,28.0,,,0.1205,10.0,0.1154,11.0,0.0951,8.0,0.1408,53.0,,,0.1541,9.0
2014-12-01,0.0734,8.0,0.0809,7.0,0.131,38.0,,,0.1293,16.0,0.1158,12.0,0.0951,8.0,0.1431,55.0,,,0.1535,8.0
2014-11-28,0.1277,39.0,0.0836,8.0,0.1145,23.0,,,0.1215,11.0,0.1174,12.0,0.0955,8.0,0.1419,54.0,,,0.1558,10.0
2014-11-26,0.1281,39.0,0.0747,4.0,0.1121,22.0,,,0.1096,6.0,0.1175,12.0,0.0951,8.0,0.1415,54.0,,,0.154,9.0
2014-11-25,0.1197,32.0,0.0735,4.0,0.1058,17.0,,,0.1096,6.0,0.1166,12.0,0.0949,8.0,0.1453,57.0,,,0.1588,11.0
2014-11-24,0.1369,44.0,0.0814,7.0,0.1134,22.0,,,0.1043,4.0,0.1166,12.0,0.095,8.0,0.1464,57.0,,,0.1594,11.0
2014-11-21,0.1437,48.0,0.0818,7.0,0.109,19.0,,,0.1146,7.0,0.1168,12.0,0.0952,8.0,0.139,51.0,,,0.1529,8.0
2014-11-20,0.1336,42.0,0.0854,9.0,0.1192,27.0,,,0.1226,11.0,0.1161,12.0,0.0951,8.0,0.2385,96.0,,,0.1501,8.0
2014-11-19,0.1314,41.0,0.0908,12.0,0.1177,26.0,,,0.1277,15.0,0.1169,12.0,0.0953,8.0,0.1431,55.0,,,0.154,9.0
2014-11-18,0.117,31.0,0.0892,11.0,0.1184,27.0,,,0.1157,8.0,0.1153,11.0,0.0947,7.0,0.1374,50.0,,,0.1459,7.0
2014-11-17,0.1156,30.0,0.0902,12.0,0.1223,30.0,,,0.1129,6.0,0.1158,12.0,0.0947,7.0,0.1391,52.0,,,0.1498,7.0
2014-11-14,0.1155,30.0,0.0927,14.0,0.1273,34.0,,,0.1295,16.0,0.1157,12.0,0.0946,7.0,0.1392,52.0,,,0.148,7.0
2014-11-13,0.1026,22.0,0.0947,16.0,0.1162,25.0,,,0.1165,8.0,0.1156,11.0,0.0947,7.0,0.1151,30.0,,,0.1775,26.0
2014-11-12,0.089,15.0,0.0963,17.0,0.1253,33.0,,,0.1289,16.0,0.1152,11.0,0.0948,7.0,0.1185,33.0,,,0.1807,28.0
2014-11-11,0.0989,20.0,0.097,18.0,0.1213,28.0,,,0.122,11.0,0.115,11.0,0.0948,7.0,0.1158,31.0,,,0.1797,28.0
2014-11-10,0.1386,45.0,0.1011,21.0,0.1254,33.0,,,0.1144,7.0,0.1155,11.0,0.0949,8.0,0.1148,30.0,,,0.1774,26.0
2014-11-07,0.1342,43.0,0.098,18.0,0.1159,24.0,,,0.127,15.0,0.1149,11.0,0.0946,7.0,0.1177,32.0,,,0.1818,30.0
2014-11-06,0.1352,43.0,0.0985,19.0,0.1177,26.0,,,0.1294,16.0,0.1149,11.0,0.0947,7.0,0.1173,32.0,,,0.1812,30.0
2014-11-05,0.1145,28.0,0.0945,15.0,0.1343,41.0,,,0.1225,11.0,0.1149,11.0,0.0953,8.0,0.1193,34.0,,,0.1767,25.0
2014-11-04,0.1024,22.0,0.0913,13.0,0.125,32.0,,,0.14,25.0,0.1148,11.0,0.0949,8.0,0.1187,33.0,,,0.1807,28.0
2014-11-03,0.1171,31.0,0.0955,16.0,0.125,32.0,,,0.1335,20.0,0.1148,11.0,0.0949,8.0,0.119,34.0,,,0.181,28.0
2014-10-30,0.0671,6.0,0.0861,9.0,0.1325,39.0,,,0.1313,18.0,0.1126,10.0,0.0944,7.0,0.1232,38.0,,,0.1837,32.0
2014-10-29,0.0679,6.0,0.0864,9.0,0.1299,36.0,,,0.1433,28.0,0.1126,10.0,0.0941,6.0,0.1237,38.0,,,0.1913,37.0
2014-10-28,0.0937,17.0,0.1,20.0,0.1188,27.0,,,0.1276,15.0,0.1127,10.0,0.0942,7.0,0.1233,38.0,,,0.1858,34.0
2014-10-27,0.1045,24.0,0.1132,33.0,0.13,37.0,,,0.1455,28.0,0.1127,10.0,0.0944,7.0,0.1222,37.0,,,0.19,36.0
2014-10-24,0.1073,25.0,0.1138,34.0,0.1324,39.0,,,0.144,28.0,0.1124,10.0,0.0948,7.0,0.1262,40.0,,,0.1899,36.0
2014-10-23,0.0982,19.0,0.1157,36.0,0.1392,45.0,,,0.1385,24.0,0.1122,10.0,0.0945,7.0,0.1312,45.0,,,0.1936,39.0
2014-10-22,0.1289,39.0,0.1281,48.0,0.1444,48.0,,,0.1416,26.0,0.1118,10.0,0.0943,7.0,0.1334,46.0,,,0.1934,39.0
2014-10-21,0.1271,38.0,0.1346,54.0,0.1304,37.0,,,0.137,22.0,0.1129,10.0,0.0947,7.0,0.1344,47.0,,,0.2021,48.0
2014-10-20,0.1271,38.0,0.1383,57.0,0.1478,51.0,,,0.1613,41.0,0.1127,10.0,0.0944,7.0,0.1427,55.0,,,0.2155,57.0
2014-10-17,0.1103,27.0,0.1352,54.0,0.1697,65.0,,,0.1781,54.0,0.1112,9.0,0.0936,6.0,0.1551,67.0,,,0.2144,57.0
2014-10-16,0.1298,40.0,0.1405,59.0,0.1951,78.0,,,0.2001,67.0,0.1112,9.0,0.0927,5.0,0.1635,74.0,,,0.2341,67.0
2014-10-15,0.1436,48.0,0.1386,57.0,0.1961,78.0,,,0.2151,74.0,0.1111,9.0,0.0928,5.0,0.1715,79.0,,,0.2271,64.0
2014-10-14,0.1372,44.0,0.1337,53.0,0.1999,79.0,,,0.1908,62.0,0.1114,9.0,0.0924,5.0,0.1553,67.0,,,0.2201,60.0
2014-10-13,0.12,33.0,0.1212,41.0,0.2154,84.0,,,0.2186,75.0,0.1089,8.0,0.0914,5.0,0.1616,72.0,,,0.2204,61.0
2014-10-10,0.1245,36.0,0.116,36.0,0.1817,71.0,,,0.1714,50.0,0.1086,8.0,0.091,5.0,0.1512,63.0,,,0.2082,54.0
2014-10-09,0.1245,36.0,0.1102,30.0,0.1464,50.0,,,0.1481,31.0,0.1094,9.0,0.0909,5.0,0.1442,56.0,,,0.2055,51.0
2014-10-08,0.134,42.0,0.1042,24.0,0.1323,39.0,,,0.1433,28.0,0.1094,9.0,0.0902,3.0,0.1366,49.0,,,0.2035,49.0
2014-10-07,0.0725,8.0,0.0869,10.0,0.159,59.0,,,0.1463,30.0,0.1062,6.0,0.0892,2.0,0.144,56.0,,,0.2075,53.0
2014-10-06,0.0682,6.0,0.0984,19.0,0.135,41.0,,,0.1477,31.0,0.1063,6.0,0.0899,3.0,0.1367,49.0,,,0.2021,48.0
2014-10-03,0.0646,5.0,0.0982,19.0,0.146,49.0,,,0.1417,26.0,0.1061,6.0,0.0901,3.0,0.1435,56.0,,,0.2047,50.0
2014-10-02,0.0729,8.0,0.103,23.0,0.1576,57.0,,,0.1573,38.0,0.1064,6.0,0.0901,3.0,0.1434,56.0,,,0.2063,52.0
2014-10-01,0.0824,12.0,0.1049,25.0,0.1411,46.0,,,0.1489,32.0,0.1068,6.0,0.0904,4.0,0.1401,52.0,,,0.2048,50.0
2014-09-30,0.0796,10.0,0.1016,22.0,0.1581,57.0,,,0.1504,33.0,0.1069,7.0,0.0905,4.0,0.1505,62.0,,,0.2,46.0
2014-09-29,0.0817,11.0,0.0995,20.0,0.1373,43.0,,,0.1496,32.0,0.107,7.0,0.0903,4.0,0.1373,50.0,,,0.2075,53.0
2014-09-26,0.109,26.0,0.1025,23.0,0.1366,42.0,,,0.1376,23.0,0.107,7.0,0.0902,3.0,0.1396,52.0,,,0.2017,48.0
2014-09-25,0.0828,12.0,0.0917,13.0,0.1601,59.0,,,0.1547,36.0,0.1065,6.0,0.0897,3.0,0.1415,54.0,,,0.2089,54.0
2014-09-24,0.1042,23.0,0.0965,17.0,0.1629,61.0,,,0.1491,32.0,0.1071,7.0,0.0904,4.0,0.1629,73.0,,,0.1491,7.0
2014-09-23,0.1043,24.0,0.0939,15.0,0.1201,28.0,,,0.1719,50.0,0.107,7.0,0.09,3.0,0.1309,44.0,,,0.2061,52.0
2014-09-22,0.232,82.0,0.1533,68.0,0.113,22.0,,,0.1749,52.0,0.107,7.0,0.0899,3.0,0.1272,41.0,,,0.2066,52.0
2014-09-19,0.2374,84.0,0.1541,69.0,0.0965,11.0,,,0.1667,46.0,0.1079,7.0,0.0906,4.0,0.1226,37.0,,,0.1983,44.0
2014-09-18,0.2383,84.0,0.1643,74.0,0.1073,18.0,,,0.1606,41.0,0.1092,8.0,0.0908,4.0,0.1255,40.0,,,0.1999,46.0
2014-09-17,0.2369,83.0,0.1596,72.0,0.1368,42.0,,,0.1713,50.0,0.1078,7.0,0.0908,4.0,0.1217,36.0,,,0.1988,45.0
2014-09-16,0.2334,83.0,0.1578,71.0,0.2108,83.0,,,0.2288,78.0,0.1083,7.0,0.0908,4.0,0.1271,41.0,,,0.2007,47.0
2014-09-15,0.2375,84.0,0.1556,69.0,0.2222,85.0,,,0.1897,61.0,0.108,7.0,0.0907,4.0,0.1182,33.0,,,0.1871,34.0
2014-09-12,0.2394,84.0,0.1528,68.0,0.151,53.0,,,0.1841,57.0,0.1113,9.0,0.0934,6.0,0.1338,47.0,,,0.1861,34.0
2014-09-11,0.1395,46.0,0.0875,10.0,0.0948,10.0,,,0.1311,18.0,0.0976,1.0,0.0885,2.0,0.0954,12.0,,,0.1769,26.0
2014-09-10,0.1369,44.0,0.0852,9.0,0.1105,20.0,,,0.1077,5.0,0.0977,2.0,0.0887,2.0,0.1082,23.0,,,0.1651,15.0
2014-09-09,0.0926,16.0,0.058,1.0,0.1104,20.0,,,0.1138,7.0,0.094,1.0,0.0877,2.0,0.1082,23.0,,,0.1634,14.0
2014-09-08,0.0684,6.0,0.0572,1.0,0.096,11.0,,,0.0969,2.0,0.0933,1.0,0.0879,2.0,0.0958,12.0,,,0.1736,22.0
2014-09-05,0.0634,5.0,0.0553,1.0,0.0655,1.0,,,0.1367,22.0,0.0933,1.0,0.0879,2.0,0.089,8.0,,,0.1734,22.0
2014-09-04,0.0447,1.0,0.0486,1.0,0.0951,10.0,,,0.1138,7.0,0.093,1.0,0.0878,2.0,0.0979,14.0,,,0.1702,19.0
2014-09-03,0.0467,1.0,0.0503,1.0,0.0883,7.0,,,0.0961,2.0,0.0935,1.0,0.0879,2.0,0.0949,11.0,,,0.1728,21.0
2014-09-02,0.0668,6.0,0.0626,2.0,0.0916,9.0,,,0.0908,1.0,0.0946,1.0,0.0884,2.0,0.0836,4.0,,,0.1702,19.0
2014-08-29,0.067,6.0,0.0635,2.0,0.0884,7.0,,,0.0977,2.0,0.0961,1.0,0.0888,2.0,0.0845,5.0,,,0.1752,24.0
2014-08-28,0.0688,6.0,0.0731,4.0,0.0902,8.0,,,0.1053,4.0,0.096,1.0,0.0893,3.0,0.0822,4.0,,,0.1746,23.0
2014-08-27,0.0703,7.0,0.0738,4.0,0.0937,10.0,,,0.0967,2.0,0.0983,2.0,0.0898,3.0,0.0848,5.0,,,0.1737,22.0
2014-08-26,0.093,16.0,0.0768,5.0,0.0951,10.0,,,0.0899,1.0,0.0983,2.0,0.09,3.0,0.0815,4.0,,,0.1741,23.0
2014-08-25,0.0941,17.0,0.0817,7.0,0.099,12.0,,,0.1044,4.0,0.099,2.0,0.0905,4.0,0.0992,15.0,,,0.1733,22.0
2014-08-22,0.0912,16.0,0.0779,5.0,0.096,11.0,,,0.093,2.0,0.099,2.0,0.0906,4.0,0.0979,14.0,,,0.1737,22.0
2014-08-21,0.1009,21.0,0.0873,10.0,0.103,15.0,,,0.0944,2.0,0.0983,2.0,0.0902,3.0,0.0995,15.0,,,0.164,14.0
2014-08-20,0.0965,19.0,0.0865,9.0,0.0779,3.0,,,0.1004,3.0,0.0982,2.0,0.0903,4.0,0.0969,13.0,,,0.1722,21.0
2014-08-19,0.0962,18.0,0.0781,5.0,0.0885,7.0,,,0.0974,2.0,0.0982,2.0,0.0906,4.0,0.1001,15.0,,,0.1705,19.0
2014-08-18,0.0955,18.0,0.0804,6.0,0.0729,2.0,,,0.0943,2.0,0.0983,2.0,0.0909,5.0,0.0986,14.0,,,0.1744,23.0
2014-08-15,0.0888,15.0,0.0822,7.0,0.0888,7.0,,,0.109,5.0,0.0977,2.0,0.0911,5.0,0.0898,8.0,,,0.1586,11.0
2014-08-14,0.0842,13.0,0.0783,5.0,0.096,11.0,,,0.102,4.0,0.0976,1.0,0.0915,5.0,0.0869,6.0,,,0.1611,12.0
2014-08-13,0.1135,28.0,0.086,9.0,0.0982,12.0,,,0.1159,8.0,0.0977,2.0,0.0916,5.0,0.0893,8.0,,,0.1639,14.0
2014-08-12,0.0787,10.0,0.0803,6.0,0.1188,27.0,,,0.1197,9.0,0.0958,1.0,0.0907,4.0,0.122,36.0,,,0.1589,11.0
2014-08-11,0.0781,10.0,0.0849,9.0,0.0992,13.0,,,0.1252,14.0,0.096,1.0,0.0911,5.0,0.1134,28.0,,,0.1696,19.0
2014-08-08,0.1247,36.0,0.0938,15.0,0.1116,21.0,,,0.1415,26.0,0.0962,1.0,0.0913,5.0,0.108,23.0,,,0.1785,27.0
2014-08-07,0.1194,32.0,0.0922,13.0,0.1274,34.0,,,0.1207,10.0,0.096,1.0,0.0916,5.0,0.1238,38.0,,,0.1736,22.0
2014-08-06,0.1176,31.0,0.0909,12.0,0.1311,38.0,,,0.1269,15.0,0.0974,1.0,0.0922,5.0,0.1275,41.0,,,0.1742,23.0
2014-08-05,0.1347,43.0,0.0936,15.0,0.1393,45.0,,,0.1299,17.0,0.098,2.0,0.0924,5.0,0.1306,44.0,,,0.1653,15.0
2014-08-04,0.1312,40.0,0.0896,12.0,0.1167,25.0,,,0.1392,24.0,0.0973,1.0,0.0919,5.0,0.1102,25.0,,,0.1787,27.0
2014-08-01,0.129,39.0,0.0767,5.0,0.1506,53.0,,,0.1353,21.0,0.0972,1.0,0.0914,5.0,0.1296,43.0,,,0.1612,12.0
2014-07-31,0.1304,40.0,0.0707,3.0,0.1503,53.0,,,0.129,16.0,0.098,2.0,0.0914,5.0,0.1305,44.0,,,0.1552,9.0
2014-07-30,0.0821,11.0,0.0588,1.0,0.1024,15.0,,,0.1104,6.0,0.0963,1.0,0.0918,5.0,0.0966,13.0,,,0.1579,10.0
2014-07-29,0.0859,13.0,0.0561,1.0,0.114,23.0,,,0.097,2.0,0.0964,1.0,0.0929,5.0,0.102,17.0,,,0.1576,10.0
2014-07-28,0.0905,15.0,0.0578,1.0,0.0927,9.0,,,0.1036,4.0,0.0983,2.0,0.0937,6.0,0.0883,7.0,,,0.162,13.0
2014-07-25,0.0834,12.0,0.053,1.0,0.1022,15.0,,,0.1084,5.0,0.098,2.0,0.0935,6.0,0.1126,28.0,,,0.1671,17.0
2014-07-24,0.0625,4.0,0.05,1.0,0.0868,6.0,,,0.0947,2.0,0.098,2.0,0.0937,6.0,0.1079,23.0,,,0.1604,11.0
2014-07-23,0.0605,4.0,0.0527,1.0,0.0885,7.0,,,0.0906,1.0,0.0982,2.0,0.094,6.0,0.1055,21.0,,,0.1545,9.0
2014-07-22,0.0611,4.0,0.0563,1.0,0.0899,8.0,,,0.0967,2.0,0.0988,2.0,0.0941,6.0,0.1079,23.0,,,0.1566,10.0
2014-07-21,0.0626,5.0,0.0572,1.0,0.1086,19.0,,,0.0982,3.0,0.0989,2.0,0.0941,6.0,0.1106,26.0,,,0.158,10.0
2014-07-18,0.0534,2.0,0.0698,3.0,0.0961,11.0,,,0.0972,2.0,0.0987,2.0,0.0942,7.0,0.1073,22.0,,,0.1567,10.0
2014-07-17,0.0377,1.0,0.0692,3.0,0.1065,17.0,,,0.1045,4.0,0.0986,2.0,0.0942,7.0,0.109,24.0,,,0.1608,12.0
2014-07-16,0.0272,1.0,0.0732,4.0,0.0876,7.0,,,0.0927,1.0,0.0986,2.0,0.0941,6.0,0.1004,16.0,,,0.1521,8.0
2014-07-15,0.0265,1.0,0.074,4.0,0.0859,6.0,,,0.0979,2.0,0.0987,2.0,0.0941,6.0,0.1071,22.0,,,0.1299,3.0
2014-07-14,0.0582,3.0,0.08,6.0,0.0943,10.0,,,0.0994,3.0,0.0988,2.0,0.0941,6.0,0.1117,27.0,,,0.1611,12.0
2014-07-11,0.0656,5.0,0.0807,6.0,0.0965,11.0,,,0.1008,3.0,0.0989,2.0,0.0942,7.0,0.1153,30.0,,,0.1635,14.0
2014-07-10,0.0717,7.0,0.0844,8.0,0.0975,12.0,,,0.1048,4.0,0.0993,2.0,0.0947,7.0,0.1128,28.0,,,0.162,13.0
2014-07-09,0.07,7.0,0.0785,5.0,0.108,18.0,,,0.0954,2.0,0.1015,3.0,0.0947,7.0,0.1163,31.0,,,0.1625,13.0
2014-07-08,0.0792,10.0,0.0795,6.0,0.1041,16.0,,,0.1015,3.0,0.1016,3.0,0.0947,7.0,0.1173,32.0,,,0.1659,16.0
2014-07-07,0.0759,9.0,0.0742,4.0,0.1132,22.0,,,0.1024,4.0,0.1016,3.0,0.0948,7.0,0.1206,35.0,,,0.1655,15.0
2014-07-03,0.075,9.0,0.0745,4.0,0.1102,20.0,,,0.1039,4.0,0.1016,3.0,0.0948,7.0,0.1213,36.0,,,0.1673,17.0
2014-07-02,0.0621,4.0,0.0665,2.0,0.0997,13.0,,,0.1066,5.0,0.1016,3.0,0.095,8.0,0.1183,33.0,,,0.1673,17.0
2014-07-01,0.0575,3.0,0.067,2.0,0.0859,6.0,,,0.0893,1.0,0.1017,3.0,0.0953,8.0,0.1187,33.0,,,0.1607,12.0
2014-06-30,0.0611,4.0,0.0674,3.0,0.0876,7.0,,,0.091,1.0,0.1016,3.0,0.0955,8.0,0.1168,32.0,,,0.1659,16.0
2014-06-27,0.0714,7.0,0.0669,2.0,0.0959,11.0,,,0.0984,3.0,0.1022,4.0,0.0956,9.0,0.1152,30.0,,,0.165,15.0
2014-06-26,0.0708,7.0,0.0763,5.0,0.1029,15.0,,,0.1105,6.0,0.102,3.0,0.0961,9.0,0.1163,31.0,,,0.1666,16.0
2014-06-25,0.0742,8.0,0.0781,5.0,0.1016,14.0,,,0.1061,5.0,0.102,3.0,0.0962,9.0,0.1162,31.0,,,0.1649,15.0
2014-06-24,0.0884,15.0,0.0808,7.0,0.1027,15.0,,,0.1024,4.0,0.1019,3.0,0.0962,9.0,0.1115,27.0,,,0.1707,19.0
2014-06-23,0.0883,14.0,0.0887,11.0,0.0771,3.0,,,0.1261,14.0,0.1019,3.0,0.0962,9.0,0.1094,25.0,,,0.1647,15.0
2014-06-20,0.0828,12.0,0.0887,11.0,0.073,2.0,,,0.1283,16.0,0.1017,3.0,0.0962,9.0,0.1079,23.0,,,0.1653,15.0
2014-06-19,0.0784,10.0,0.0887,11.0,0.0786,4.0,,,0.1293,16.0,0.1016,3.0,0.0961,9.0,0.1102,25.0,,,0.1661,16.0
2014-06-18,0.074,8.0,0.0905,12.0,0.0887,7.0,,,0.1248,13.0,0.1053,5.0,0.097,9.0,0.1166,31.0,,,0.1682,18.0
2014-06-17,0.0874,14.0,0.1019,22.0,0.1372,43.0,,,0.1588,39.0,0.1067,6.0,0.0993,9.0,0.1199,35.0,,,0.176,25.0
2014-06-16,0.0864,13.0,0.1074,28.0,0.1472,50.0,,,0.153,35.0,0.1066,6.0,0.0994,10.0,0.121,36.0,,,0.173,22.0
2014-06-13,0.1414,47.0,0.1162,36.0,0.1333,40.0,,,0.1292,16.0,0.106,6.0,0.0992,9.0,0.1169,32.0,,,0.1719,21.0
2014-06-12,0.1422,47.0,0.1122,32.0,0.1303,37.0,,,0.1425,27.0,0.106,6.0,0.0995,10.0,0.1207,35.0,,,0.1772,26.0
2014-06-11,0.143,48.0,0.1106,30.0,0.1286,35.0,,,0.1302,17.0,0.107,7.0,0.0997,10.0,0.1182,33.0,,,0.1774,26.0
2014-06-10,0.1433,48.0,0.1076,28.0,0.1296,36.0,,,0.1249,13.0,0.1125,10.0,0.1016,10.0,0.1179,33.0,,,0.1739,23.0
2014-06-09,0.1416,47.0,0.1083,28.0,0.1219,30.0,,,0.125,13.0,0.1119,10.0,0.1013,10.0,0.1072,22.0,,,0.1673,17.0
2014-06-06,0.1009,21.0,0.0872,10.0,0.0873,6.0,,,0.153,35.0,0.1099,9.0,0.1004,10.0,0.1131,28.0,,,0.159,11.0
2014-06-05,0.1133,28.0,0.0849,9.0,0.1019,14.0,,,0.1136,7.0,0.1094,9.0,0.1003,10.0,0.1079,23.0,,,0.1631,13.0
2014-06-04,0.0823,12.0,0.0652,2.0,0.1114,21.0,,,0.1231,12.0,0.1078,7.0,0.0999,10.0,0.1097,25.0,,,0.1681,18.0
2014-06-03,0.0941,17.0,0.0656,2.0,0.1157,24.0,,,0.124,12.0,0.1087,8.0,0.1025,11.0,0.1127,28.0,,,0.1729,22.0
2014-06-02,0.1008,21.0,0.0665,2.0,0.1186,27.0,,,0.1054,4.0,0.1087,8.0,0.1026,11.0,0.1146,30.0,,,0.1667,16.0
2014-05-30,0.1185,31.0,0.0758,4.0,0.122,30.0,,,0.1157,8.0,0.1093,8.0,0.103,11.0,0.1124,28.0,,,0.1696,19.0
2014-05-29,0.1105,27.0,0.0734,4.0,0.1267,34.0,,,0.1229,12.0,0.1104,9.0,0.1032,11.0,0.1142,28.0,,,0.1665,16.0
2014-05-28,0.1092,26.0,0.0776,5.0,0.1299,36.0,,,0.1268,15.0,0.1115,9.0,0.1036,11.0,0.1142,28.0,,,0.1678,17.0
2014-05-27,0.1123,28.0,0.0829,8.0,0.1227,31.0,,,0.1312,18.0,0.1112,9.0,0.1038,11.0,0.1103,25.0,,,0.1678,17.0
2014-05-23,0.1073,25.0,0.0868,10.0,0.1162,25.0,,,0.1372,23.0,0.1116,9.0,0.104,11.0,0.1149,30.0,,,0.1689,18.0
2014-05-22,0.0916,16.0,0.0897,12.0,0.1339,40.0,,,0.1257,14.0,0.1114,9.0,0.1042,12.0,0.1172,32.0,,,0.1697,19.0
2014-05-21,0.0992,20.0,0.1039,24.0,0.1267,34.0,,,0.123,12.0,0.1114,9.0,0.1044,12.0,0.1176,32.0,,,0.1706,19.0
2014-05-20,0.0841,12.0,0.0976,18.0,0.1136,23.0,,,0.1258,14.0,0.1117,9.0,0.1058,12.0,0.1121,27.0,,,0.1683,18.0
2014-05-19,0.0833,12.0,0.0972,18.0,0.1117,21.0,,,0.1233,12.0,0.1128,10.0,0.1059,12.0,0.1124,28.0,,,0.1697,19.0
2014-05-16,0.0796,10.0,0.0972,18.0,0.1123,22.0,,,0.1145,7.0,0.1133,11.0,0.106,12.0,0.1144,30.0,,,0.1554,9.0
2014-05-15,0.0922,16.0,0.0918,13.0,0.1233,31.0,,,0.1241,13.0,0.1128,10.0,0.1058,12.0,0.1166,31.0,,,0.1608,12.0
2014-05-14,0.0957,18.0,0.089,11.0,0.1208,28.0,,,0.1228,12.0,0.1128,10.0,0.106,12.0,0.1124,28.0,,,0.1517,8.0
2014-05-13,0.0975,19.0,0.0905,12.0,0.1219,30.0,,,0.1261,14.0,0.1131,11.0,0.1061,12.0,0.1168,32.0,,,0.1601,11.0
2014-05-12,0.0767,9.0,0.0762,4.0,0.1157,24.0,,,0.1211,10.0,0.1128,10.0,0.1057,12.0,0.1134,28.0,,,0.1572,10.0
2014-05-09,0.076,9.0,0.0898,12.0,0.1101,20.0,,,0.1201,10.0,0.1128,10.0,0.1057,12.0,0.1124,28.0,,,0.1576,10.0
2014-05-08,0.0737,8.0,0.0887,11.0,0.1045,16.0,,,0.1079,5.0,0.1156,11.0,0.1077,13.0,0.1106,26.0,,,0.1541,9.0
2014-05-07,0.0758,9.0,0.0868,10.0,0.1025,15.0,,,0.216,74.0,0.1173,12.0,0.1082,13.0,0.1101,25.0,,,0.1554,9.0
2014-05-06,0.0731,8.0,0.0928,14.0,0.1057,17.0,,,0.1131,7.0,0.1162,12.0,0.1082,13.0,0.1194,34.0,,,0.1617,12.0
2014-05-05,0.0642,5.0,0.0926,14.0,0.0889,7.0,,,0.1134,7.0,0.1203,12.0,0.1093,13.0,0.1184,33.0,,,0.1596,11.0
2014-05-02,0.0668,6.0,0.0882,11.0,0.0985,12.0,,,0.1111,6.0,0.1203,12.0,0.1093,13.0,0.1162,31.0,,,0.1589,11.0
2014-05-01,0.0767,9.0,0.0852,9.0,0.1108,20.0,,,0.1122,6.0,0.1203,12.0,0.1098,13.0,0.1201,35.0,,,0.1595,11.0
2014-04-30,0.0788,10.0,0.0797,6.0,0.1108,20.0,,,0.1134,7.0,0.1205,13.0,0.1099,13.0,0.1194,34.0,,,0.1631,13.0
2014-04-29,0.0811,11.0,0.0816,7.0,0.1193,27.0,,,0.12,10.0,0.1209,13.0,0.11,13.0,0.1216,36.0,,,0.1682,18.0
2014-04-28,0.0841,12.0,0.0844,8.0,0.1216,28.0,,,0.1212,11.0,0.1215,13.0,0.1103,14.0,0.1231,38.0,,,0.1642,14.0
2014-04-25,0.0591,3.0,0.0759,4.0,0.1227,31.0,,,0.131,18.0,0.1209,13.0,0.1109,14.0,0.1282,42.0,,,0.1705,19.0
2014-04-24,0.0831,12.0,0.0865,9.0,0.1223,30.0,,,0.1213,11.0,0.1227,13.0,0.1116,14.0,0.1239,39.0,,,0.1658,16.0
2014-04-23,0.0805,11.0,0.0848,9.0,0.1184,27.0,,,0.1176,8.0,0.123,13.0,0.1118,14.0,0.1231,38.0,,,0.1662,16.0
2014-04-22,0.0896,15.0,0.0921,13.0,0.1112,21.0,,,0.1143,7.0,0.123,13.0,0.112,14.0,0.1238,38.0,,,0.1646,15.0
2014-04-21,0.1032,23.0,0.0986,19.0,0.1099,20.0,,,0.1244,13.0,0.1235,13.0,0.112,14.0,0.1225,37.0,,,0.1695,19.0
2014-04-17,0.0997,20.0,0.1015,22.0,0.1202,28.0,,,0.1226,11.0,0.1235,13.0,0.1123,14.0,0.1291,43.0,,,0.1711,20.0
2014-04-16,0.1085,26.0,0.1023,22.0,0.1413,46.0,,,0.1016,3.0,0.1236,13.0,0.1124,14.0,0.1368,50.0,,,0.1626,13.0
2014-04-15,0.1134,28.0,0.1074,28.0,0.1195,28.0,,,0.1188,9.0,0.1256,14.0,0.1135,15.0,0.1297,43.0,,,0.1716,20.0
2014-04-14,0.1009,21.0,0.1048,25.0,0.1396,45.0,,,0.1247,13.0,0.1271,14.0,0.1136,15.0,0.1356,49.0,,,0.1751,24.0
2014-04-11,0.101,21.0,0.1067,27.0,0.1432,47.0,,,0.1404,25.0,0.127,14.0,0.1138,15.0,0.1403,53.0,,,0.1835,32.0
2014-04-10,0.0926,16.0,0.1037,24.0,0.1303,37.0,,,0.1266,14.0,0.1267,14.0,0.1137,15.0,0.1395,52.0,,,0.1767,25.0
2014-04-09,0.0755,9.0,0.0962,17.0,0.1235,31.0,,,0.1265,14.0,0.127,14.0,0.1137,15.0,0.1306,44.0,,,0.1733,22.0
2014-04-08,0.065,5.0,0.1024,23.0,0.1168,25.0,,,0.1206,10.0,0.1314,16.0,0.1142,15.0,0.1308,44.0,,,0.1734,22.0
2014-04-07,0.0628,5.0,0.1003,21.0,0.1156,24.0,,,0.123,12.0,0.1311,16.0,0.1142,15.0,0.1327,46.0,,,0.1774,26.0
2014-04-04,0.0608,4.0,0.0969,18.0,0.1124,22.0,,,0.1069,5.0,0.1312,16.0,0.1142,15.0,0.1307,44.0,,,0.17,19.0
2014-04-03,0.1055,24.0,0.1024,23.0,0.117,25.0,,,0.1191,9.0,0.1311,16.0,0.1147,15.0,0.131,44.0,,,0.1621,13.0
2014-04-02,0.1149,28.0,0.107,27.0,0.1159,24.0,,,0.1121,6.0,0.1312,16.0,0.115,16.0,0.1318,45.0,,,0.1613,12.0
2014-04-01,0.126,37.0,0.1107,31.0,0.4404,99.0,,,0.1173,8.0,0.1343,18.0,0.1157,16.0,0.1318,45.0,,,0.1568,10.0
2014-03-31,0.1299,40.0,0.1081,28.0,0.1251,33.0,,,0.126,14.0,0.1342,18.0,0.1158,16.0,0.1348,48.0,,,0.1661,16.0
2014-03-28,0.1256,37.0,0.101,21.0,0.1304,37.0,,,0.1374,23.0,0.1358,20.0,0.1172,17.0,0.1376,50.0,,,0.1728,21.0
2014-03-27,0.1789,66.0,0.1409,59.0,0.1232,31.0,,,0.1231,12.0,0.1369,20.0,0.118,17.0,0.1406,53.0,,,0.1721,21.0
2014-03-26,0.1746,64.0,0.1386,57.0,0.1274,34.0,,,0.122,11.0,0.1368,20.0,0.1182,18.0,0.1425,55.0,,,0.1738,23.0
2014-03-25,0.1611,57.0,0.1332,52.0,0.1198,28.0,,,0.1218,11.0,0.136,20.0,0.1177,17.0,0.1406,53.0,,,0.1693,18.0
2014-03-24,0.1426,48.0,0.1308,50.0,0.1286,35.0,,,0.3202,91.0,0.1352,19.0,0.1178,17.0,0.1464,57.0,,,0.1659,16.0
2014-03-21,0.1428,48.0,0.1283,48.0,0.115,24.0,,,0.1316,18.0,0.1356,19.0,0.1177,17.0,0.1447,57.0,,,0.1632,13.0
2014-03-20,0.131,40.0,0.1258,46.0,0.1176,26.0,,,0.1274,15.0,0.1359,20.0,0.1181,17.0,0.1467,59.0,,,0.1607,12.0
2014-03-19,0.1392,46.0,0.123,43.0,0.1328,39.0,,,0.1451,28.0,0.138,22.0,0.1188,18.0,0.1561,68.0,,,0.1717,21.0
2014-03-18,0.0786,10.0,0.0764,5.0,0.124,32.0,,,0.1356,22.0,0.1354,19.0,0.1168,16.0,0.151,63.0,,,0.1648,15.0
2014-03-17,0.0985,19.0,0.086,9.0,0.1441,48.0,,,0.1518,34.0,0.1461,27.0,0.1241,22.0,0.1578,69.0,,,0.1717,21.0
2014-03-14,0.1164,30.0,0.0877,10.0,0.1599,59.0,,,0.1505,33.0,0.1462,27.0,0.1243,22.0,0.1585,70.0,,,0.1723,21.0
2014-03-13,0.1051,24.0,0.0926,14.0,0.1391,44.0,,,0.1466,30.0,0.1467,28.0,0.1248,23.0,0.1564,68.0,,,0.1705,19.0
2014-03-12,0.1547,54.0,0.0954,16.0,0.1257,33.0,,,0.1592,40.0,0.1467,28.0,0.1247,23.0,0.1472,59.0,,,0.17,19.0
2014-03-11,0.1543,54.0,0.099,19.0,0.1289,36.0,,,0.1325,19.0,0.1469,28.0,0.1251,24.0,0.1547,67.0,,,0.1711,20.0
2014-03-10,0.1579,56.0,0.1053,26.0,0.1354,41.0,,,0.1438,28.0,0.1469,28.0,0.1253,24.0,0.1523,64.0,,,0.1705,19.0
2014-03-07,0.1544,54.0,0.1059,26.0,0.1262,33.0,,,0.1309,18.0,0.1466,27.0,0.1272,27.0,0.1627,73.0,,,0.1566,10.0
2014-03-06,0.1393,46.0,0.0981,18.0,0.1294,36.0,,,0.1265,14.0,0.1487,28.0,0.1281,28.0,0.1503,62.0,,,0.1642,14.0
2014-03-05,0.1052,24.0,0.0946,15.0,0.1216,28.0,,,0.1312,18.0,0.1496,30.0,0.1304,33.0,0.1481,60.0,,,0.1665,16.0
2014-03-04,0.0962,18.0,0.0964,17.0,0.1258,33.0,,,0.1325,19.0,0.1507,32.0,0.1304,33.0,0.1537,66.0,,,0.1617,12.0
2014-03-03,0.0644,5.0,0.0952,16.0,0.1423,46.0,,,0.1511,33.0,0.1496,30.0,0.1307,34.0,0.1524,65.0,,,0.1708,20.0
2014-02-28,0.0767,9.0,0.0972,18.0,0.129,36.0,,,0.1225,11.0,0.1506,31.0,0.1325,38.0,0.1506,62.0,,,0.1626,13.0
2014-02-27,0.0575,3.0,0.0989,19.0,0.1265,34.0,,,0.1332,19.0,0.1504,31.0,0.1327,39.0,0.1483,60.0,,,0.1739,23.0
2014-02-26,0.053,2.0,0.0964,17.0,0.1182,26.0,,,0.1339,20.0,0.1504,31.0,0.1325,38.0,0.1487,61.0,,,0.1719,21.0
2014-02-25,0.054,2.0,0.0955,16.0,0.1264,33.0,,,0.1302,17.0,0.1508,32.0,0.1326,38.0,0.1496,61.0,,,0.1724,21.0
2014-02-24,0.0618,4.0,0.0993,20.0,0.1249,32.0,,,0.1239,12.0,0.1508,32.0,0.1332,39.0,0.1499,62.0,,,0.1711,20.0
2014-02-21,0.0574,3.0,0.0915,13.0,0.1323,39.0,,,0.1302,17.0,0.1508,32.0,0.133,39.0,0.1517,64.0,,,0.1626,13.0
2014-02-20,0.0579,3.0,0.0936,15.0,0.1348,41.0,,,0.1312,18.0,0.1514,33.0,0.1332,39.0,0.1513,63.0,,,0.1635,14.0
2014-02-19,0.0865,13.0,0.1014,22.0,0.127,34.0,,,0.1371,22.0,0.1513,32.0,0.1335,40.0,0.1457,57.0,,,0.1495,7.0
2014-02-18,0.092,16.0,0.0946,15.0,0.1276,34.0,,,0.1274,15.0,0.1514,33.0,0.1362,43.0,0.1478,60.0,,,0.1583,11.0
2014-02-14,0.0958,18.0,0.0916,13.0,0.1247,32.0,,,0.1046,4.0,0.1545,34.0,0.1376,45.0,0.1444,56.0,,,0.1624,13.0
2014-02-13,0.0933,17.0,0.0928,14.0,0.1136,23.0,,,0.1091,5.0,0.1551,35.0,0.1377,45.0,0.1444,56.0,,,0.1586,11.0
2014-02-12,0.0993,20.0,0.0912,13.0,0.1275,34.0,,,0.0992,3.0,0.1593,39.0,0.139,47.0,0.1447,57.0,,,0.1628,13.0
2014-02-11,0.1282,39.0,0.1024,23.0,0.1131,22.0,,,0.1138,7.0,0.162,42.0,0.1397,48.0,0.1469,59.0,,,0.1622,13.0
2014-02-10,0.1268,38.0,0.1129,33.0,0.1371,43.0,,,0.1106,6.0,0.1622,42.0,0.1394,47.0,0.1521,64.0,,,0.1643,14.0
2014-02-07,0.1366,44.0,0.1144,35.0,0.1164,25.0,,,0.1172,8.0,0.1629,43.0,0.1398,48.0,0.15,62.0,,,0.1762,25.0
2014-02-06,0.14,46.0,0.1122,32.0,0.1331,39.0,,,0.1417,26.0,0.1628,43.0,0.14,48.0,0.1545,66.0,,,0.1817,30.0
2014-02-05,0.1437,48.0,0.1169,37.0,0.154,55.0,,,0.1475,30.0,0.1629,43.0,0.1405,50.0,0.1536,66.0,,,0.1842,33.0
2014-02-04,0.1497,52.0,0.1211,41.0,0.1587,57.0,,,0.1488,31.0,0.1629,43.0,0.1408,50.0,0.1561,68.0,,,0.1823,31.0
2014-02-03,0.1511,53.0,0.1171,38.0,0.169,64.0,,,0.1782,54.0,0.1625,43.0,0.1407,50.0,0.1765,81.0,,,0.1921,38.0
2014-01-31,0.1313,41.0,0.1054,26.0,0.1434,48.0,,,0.1383,23.0,0.1618,42.0,0.1405,50.0,0.1592,70.0,,,0.1718,21.0
2014-01-30,0.1294,40.0,0.0867,10.0,0.1352,41.0,,,0.1397,25.0,0.1617,42.0,0.1398,48.0,0.1514,63.0,,,0.1747,24.0
2014-01-29,0.0957,18.0,0.0708,3.0,0.1356,42.0,,,0.1513,34.0,0.1601,40.0,0.1394,47.0,0.1536,66.0,,,0.182,30.0
2014-01-28,0.0972,19.0,0.0697,3.0,0.1404,46.0,,,0.1392,24.0,0.1605,40.0,0.1407,50.0,0.1529,65.0,,,0.1768,26.0
2014-01-27,0.0781,10.0,0.0626,2.0,0.1526,54.0,,,0.1502,33.0,0.1613,41.0,0.1425,54.0,0.1569,68.0,,,0.1755,24.0
2014-01-24,0.0763,9.0,0.0542,1.0,0.1421,46.0,,,0.1482,31.0,0.1613,41.0,0.1428,54.0,0.1483,60.0,,,0.1738,23.0
2014-01-23,0.0648,5.0,0.0598,1.0,0.1185,27.0,,,0.1243,13.0,0.1614,41.0,0.143,55.0,0.1468,59.0,,,0.1679,17.0
2014-01-22,0.0725,8.0,0.0714,3.0,0.1138,23.0,,,0.1236,12.0,0.1614,41.0,0.1431,55.0,0.1446,57.0,,,0.1644,14.0
2014-01-21,0.1111,27.0,0.0812,7.0,0.1255,33.0,,,0.1239,12.0,0.1615,42.0,0.1434,55.0,0.1473,59.0,,,0.1619,13.0
2014-01-17,0.1099,26.0,0.0802,6.0,0.1225,30.0,,,0.128,15.0,0.1653,47.0,0.1459,62.0,0.1519,64.0,,,0.1693,18.0
2014-01-16,0.1078,25.0,0.0864,9.0,0.1186,27.0,,,0.1206,10.0,0.1652,47.0,0.1461,62.0,0.1481,60.0,,,0.17,19.0
2014-01-15,0.1088,26.0,0.0893,11.0,0.1442,48.0,,,0.1225,11.0,0.165,46.0,0.1461,62.0,0.1531,65.0,,,0.1674,17.0
2014-01-14,0.1142,28.0,0.0974,18.0,0.127,34.0,,,0.1329,19.0,0.165,46.0,0.1462,63.0,0.1515,64.0,,,0.1737,22.0
2014-01-13,0.1164,30.0,0.1015,22.0,0.1281,35.0,,,0.1486,31.0,0.165,46.0,0.1462,63.0,0.1501,62.0,,,0.1765,25.0
2014-01-10,0.1039,23.0,0.1001,20.0,0.1051,16.0,,,0.13,17.0,0.1652,47.0,0.1461,62.0,0.1504,62.0,,,0.1733,22.0
2014-01-09,0.0897,15.0,0.0962,17.0,0.1205,28.0,,,0.1428,27.0,0.1634,44.0,0.1458,61.0,0.146,57.0,,,0.1815,30.0
2014-01-08,0.0895,15.0,0.1051,25.0,0.1229,31.0,,,0.1308,18.0,0.1633,44.0,0.1459,62.0,0.1575,69.0,,,0.1835,32.0
2014-01-07,0.0851,13.0,0.1011,21.0,0.1309,37.0,,,0.1263,14.0,0.1636,44.0,0.146,62.0,0.1616,72.0,,,0.1761,25.0
2014-01-06,0.0846,13.0,0.1014,22.0,0.1249,32.0,,,0.1225,11.0,0.1686,51.0,0.1468,65.0,0.1646,75.0,,,0.1835,32.0
2014-01-03,0.071,7.0,0.0926,14.0,0.1428,47.0,,,0.1229,12.0,0.168,50.0,0.147,65.0,0.1615,72.0,,,0.1827,31.0
2014-01-02,0.0542,3.0,0.0865,9.0,0.1355,41.0,,,0.1536,35.0,0.1686,51.0,0.1473,66.0,0.162,72.0,,,0.1915,37.0
2013-12-31,0.063,5.0,0.0799,6.0,0.1287,36.0,,,0.1248,13.0,0.1687,51.0,0.1472,66.0,0.1705,79.0,,,0.168,18.0
2013-12-30,0.1331,42.0,0.0961,17.0,0.1222,30.0,,,0.1334,20.0,0.1688,51.0,0.1496,70.0,0.1607,71.0,,,0.1842,33.0
2013-12-26,0.1593,56.0,0.1314,51.0,0.1378,44.0,,,0.1331,19.0,0.1702,52.0,0.1504,71.0,0.1684,77.0,,,0.1841,32.0
2013-12-24,0.1595,57.0,0.1292,49.0,0.133,39.0,,,0.1422,27.0,0.1703,52.0,0.1509,71.0,0.1501,62.0,,,0.2085,54.0
2013-12-23,0.1595,57.0,0.1388,57.0,0.1468,50.0,,,0.1406,26.0,0.1703,52.0,0.1512,72.0,0.156,68.0,,,0.2137,57.0
2013-12-20,0.1708,62.0,0.1413,60.0,0.1098,20.0,,,0.1526,35.0,0.1727,55.0,0.1517,72.0,0.1642,74.0,,,0.1937,40.0
2013-12-19,0.2103,77.0,0.1645,75.0,0.1384,44.0,,,0.1592,40.0,0.174,57.0,0.1521,73.0,0.179,83.0,,,0.191,37.0
2013-12-18,0.1839,68.0,0.1529,68.0,0.1342,40.0,,,0.1598,40.0,0.1745,57.0,0.1529,73.0,0.1739,80.0,,,0.2077,53.0
2013-12-17,0.1544,54.0,0.1201,40.0,0.2712,92.0,,,0.2618,85.0,0.1732,56.0,0.1554,74.0,0.1862,85.0,,,0.2076,53.0
2013-12-16,0.1592,56.0,0.1216,42.0,0.2336,88.0,,,0.2358,79.0,0.1759,60.0,0.1571,74.0,0.1884,86.0,,,0.2061,52.0
2013-12-13,0.1595,57.0,0.1274,47.0,0.2095,82.0,,,0.1958,65.0,0.1832,66.0,0.1598,76.0,0.1921,87.0,,,0.2034,49.0
2013-12-12,0.1795,66.0,0.1529,68.0,0.2032,80.0,,,0.1951,64.0,0.1883,70.0,0.162,76.0,0.1944,88.0,,,0.1994,45.0
2013-12-11,0.1714,63.0,0.1506,66.0,0.2025,80.0,,,0.1925,63.0,0.1882,70.0,0.1623,76.0,0.1921,87.0,,,0.1984,44.0
2013-12-10,0.0854,13.0,0.1297,49.0,0.176,68.0,,,0.1487,31.0,0.1855,69.0,0.1614,76.0,0.1899,87.0,,,0.1954,41.0
2013-12-09,0.1149,28.0,0.1353,54.0,0.1559,56.0,,,0.1773,54.0,0.1856,69.0,0.1621,76.0,0.1836,84.0,,,0.2009,47.0
2013-12-06,0.1347,43.0,0.1385,57.0,0.1617,60.0,,,0.1645,44.0,0.1885,71.0,0.1643,77.0,0.1883,86.0,,,0.1998,46.0
2013-12-05,0.1453,49.0,0.1412,60.0,0.1819,71.0,,,0.1837,57.0,0.1893,71.0,0.1652,77.0,0.1902,87.0,,,0.2024,48.0
2013-12-04,0.1492,52.0,0.1381,57.0,0.1837,72.0,,,0.1716,50.0,0.19,71.0,0.1652,77.0,0.1963,88.0,,,0.2026,48.0
2013-12-03,0.1226,35.0,0.1025,23.0,0.1836,72.0,,,0.1769,54.0,0.1898,71.0,0.164,77.0,0.1919,87.0,,,0.2003,46.0
2013-12-02,0.1355,44.0,0.1052,26.0,0.1815,71.0,,,0.1737,51.0,0.1898,71.0,0.165,77.0,0.1912,87.0,,,0.1983,44.0
2013-11-29,0.1423,47.0,0.1264,46.0,0.174,67.0,,,0.1735,51.0,0.1909,72.0,0.1657,78.0,0.191,87.0,,,0.2033,49.0
2013-11-27,0.1419,47.0,0.1243,44.0,0.1609,60.0,,,0.1677,47.0,0.1906,71.0,0.1658,78.0,0.1782,82.0,,,0.206,52.0
2013-11-26,0.0924,16.0,0.122,42.0,0.1797,70.0,,,0.1585,39.0,0.1904,71.0,0.166,78.0,0.1943,88.0,,,0.2015,47.0
2013-11-25,0.094,17.0,0.1185,39.0,0.1699,65.0,,,0.1675,47.0,0.1912,72.0,0.1667,78.0,0.1886,86.0,,,0.2056,51.0
2013-11-22,0.107,25.0,0.1216,42.0,0.1669,63.0,,,0.1683,47.0,0.1918,72.0,0.1673,78.0,0.1839,84.0,,,0.2028,49.0
2013-11-21,0.1208,33.0,0.1228,43.0,0.1624,60.0,,,0.1595,40.0,0.192,72.0,0.1676,78.0,0.182,84.0,,,0.1984,44.0
2013-11-20,0.1059,24.0,0.1246,44.0,0.1568,57.0,,,0.1755,53.0,0.1948,75.0,0.1694,79.0,0.1821,84.0,,,0.2028,49.0
2013-11-19,0.0949,17.0,0.0971,18.0,0.1608,60.0,,,0.164,44.0,0.1953,75.0,0.1702,79.0,0.1843,84.0,,,0.2,46.0
2013-11-18,0.1218,34.0,0.1272,47.0,0.1512,53.0,,,0.1516,34.0,0.1949,75.0,0.1702,79.0,0.1807,83.0,,,0.1955,41.0
2013-11-15,0.1337,42.0,0.1337,53.0,0.1469,50.0,,,0.1605,41.0,0.1968,76.0,0.1705,79.0,0.1761,81.0,,,0.1917,37.0
2013-11-14,0.1374,44.0,0.1329,52.0,0.1724,66.0,,,0.1576,38.0,0.2,78.0,0.1734,80.0,0.1861,85.0,,,0.1861,34.0
