date,hv10,hv10_rank,phv10,phv10_rank,ivcall10,ivcall10_rank,ivmean10,ivmean10_rank,ivput10,ivput10_rank,hv180,hv180_rank,phv180,phv180_rank,ivcall1080,ivcall1080_rank,ivmean1080,ivmean1080_rank,ivput1080,ivput1080_rank
2025-11-10,0.6075,87.0,0.4933,82.0,0.5887,74.0,0.5898,75.0,0.5908,75.0,0.5134,77.0,0.4079,54.0,0.7208,99.0,0.6682,96.0,0.6157,91.0
2025-11-07,0.6151,88.0,0.4828,80.0,0.8705,96.0,0.8336,94.0,0.7968,92.0,0.5129,77.0,0.4071,54.0,0.6126,91.0,0.612,91.0,0.6113,90.0
2025-11-06,0.5735,85.0,0.5203,86.0,1.1255,99.0,0.8974,96.0,0.6694,85.0,0.5115,77.0,0.4069,54.0,0.6626,96.0,0.651,95.0,0.6394,93.0
2025-11-05,0.5485,83.0,0.4626,76.0,0.7364,90.0,0.7304,90.0,0.7245,89.0,0.5207,79.0,0.4103,55.0,0.5355,78.0,0.6402,94.0,0.745,100.0
2025-11-04,0.3711,55.0,0.3901,59.0,1.1764,99.0,0.9404,97.0,0.7044,88.0,0.5183,78.0,0.4057,54.0,0.7266,99.0,0.7024,98.0,0.6783,96.0
2025-11-03,0.3103,40.0,0.3734,54.0,1.347,100.0,0.9827,98.0,0.6184,80.0,0.5176,78.0,0.4059,54.0,0.7469,100.0,0.7274,99.0,0.708,98.0
2025-10-31,0.2989,37.0,0.3588,49.0,0.8079,93.0,0.7727,92.0,0.7374,90.0,0.5184,78.0,0.4061,54.0,0.5772,86.0,0.5802,86.0,0.5832,86.0
2025-10-30,0.284,33.0,0.3521,46.0,0.9118,97.0,0.8104,93.0,0.7091,88.0,0.52,79.0,0.4053,54.0,0.6067,90.0,0.5863,87.0,0.566,81.0
2025-10-29,0.3261,43.0,0.3441,44.0,0.9915,98.0,0.8733,96.0,0.7551,91.0,0.5198,79.0,0.4064,54.0,0.586,87.0,0.5674,83.0,0.5488,78.0
2025-10-28,0.2592,27.0,0.289,25.0,0.5563,69.0,0.6065,77.0,0.6567,84.0,0.5209,79.0,0.4048,54.0,0.5844,87.0,0.6168,92.0,0.6493,94.0
2025-10-27,0.2455,23.0,0.2869,24.0,0.7972,93.0,0.6628,85.0,0.5285,65.0,0.5206,79.0,0.4052,54.0,0.5521,81.0,0.5424,79.0,0.5326,72.0
2025-10-24,0.2448,22.0,0.2547,15.0,0.6852,86.0,0.5938,75.0,0.5023,60.0,0.5205,79.0,0.4047,54.0,0.62,92.0,0.6203,92.0,0.6206,92.0
2025-10-23,0.303,38.0,0.2761,20.0,0.5713,71.0,0.5631,70.0,0.5549,70.0,0.5207,79.0,0.4051,54.0,0.5341,77.0,0.5452,79.0,0.5563,79.0
2025-10-22,0.3172,41.0,0.2996,28.0,0.6178,79.0,0.644,83.0,0.6701,86.0,0.5209,79.0,0.4057,54.0,0.5767,85.0,0.5325,76.0,0.4883,57.0
2025-10-21,0.3773,56.0,0.3222,36.0,0.5774,72.0,0.4794,55.0,0.3815,26.0,0.5196,78.0,0.4056,54.0,0.5817,86.0,0.6057,90.0,0.6297,93.0
2025-10-20,0.61,87.0,0.4304,69.0,0.5345,65.0,0.5534,68.0,0.5723,72.0,0.522,79.0,0.4079,54.0,0.5416,79.0,0.5504,80.0,0.5591,80.0
2025-10-15,0.731,93.0,0.4795,79.0,0.6444,82.0,0.6718,86.0,0.6991,87.0,0.5304,82.0,0.4194,57.0,0.6446,95.0,0.6478,95.0,0.6511,95.0
2025-10-14,0.7061,92.0,0.478,79.0,1.1101,99.0,0.848,95.0,0.5858,74.0,0.531,82.0,0.4195,57.0,0.574,85.0,0.6004,89.0,0.6269,92.0
2025-10-13,0.7367,93.0,0.4786,79.0,0.688,87.0,0.7618,91.0,0.8357,94.0,0.5333,83.0,0.4224,59.0,0.5182,72.0,0.6184,92.0,0.7185,98.0
2025-10-10,0.6439,89.0,0.4657,77.0,0.8015,93.0,0.6956,87.0,0.5897,75.0,0.5358,83.0,0.4256,59.0,0.6808,97.0,0.6132,91.0,0.5455,77.0
2025-10-09,0.5457,83.0,0.3859,57.0,0.5678,70.0,0.5666,71.0,0.5655,71.0,0.5266,81.0,0.4258,59.0,0.5459,80.0,0.5424,79.0,0.5389,74.0
2025-10-08,0.4858,76.0,0.3795,56.0,0.5869,74.0,0.551,68.0,0.5151,62.0,0.525,80.0,0.4278,60.0,0.5434,79.0,0.546,79.0,0.5486,78.0
2025-10-07,0.4687,74.0,0.3734,54.0,0.6538,83.0,0.5947,76.0,0.5356,66.0,0.5351,83.0,0.4296,60.0,0.5377,78.0,0.537,77.0,0.5363,73.0
2025-10-06,0.3879,59.0,0.3324,40.0,0.8609,95.0,0.8201,94.0,0.7793,92.0,0.5541,87.0,0.4518,69.0,0.69,98.0,0.6417,94.0,0.5933,87.0
2025-10-02,0.2665,28.0,0.3005,28.0,0.7251,90.0,0.8274,94.0,0.9298,96.0,0.5551,88.0,0.465,74.0,0.5357,78.0,0.5834,87.0,0.6312,93.0
2025-10-01,0.2101,15.0,0.2857,23.0,0.7761,92.0,0.7672,91.0,0.7582,91.0,0.5564,88.0,0.4751,77.0,0.6661,96.0,0.6524,95.0,0.6386,93.0
2025-09-30,0.1351,4.0,0.2672,18.0,0.6321,80.0,0.6518,84.0,0.6716,86.0,0.6118,94.0,0.4864,80.0,0.6286,93.0,0.5942,88.0,0.5599,80.0
2025-09-29,0.1345,4.0,0.291,25.0,0.8628,95.0,0.81,93.0,0.7573,91.0,0.6131,94.0,0.4882,80.0,0.6239,93.0,0.5943,88.0,0.5647,81.0
2025-09-24,0.187,11.0,0.3368,41.0,0.6755,85.0,0.7908,93.0,0.9061,96.0,0.6122,94.0,0.489,80.0,0.5645,83.0,0.5969,89.0,0.6293,93.0
2025-09-23,0.1996,14.0,0.3291,39.0,0.5813,72.0,0.5533,68.0,0.5253,64.0,0.6122,94.0,0.4887,80.0,0.5458,80.0,0.6094,91.0,0.6729,96.0
2025-09-22,0.2057,14.0,0.3368,41.0,0.664,84.0,0.6036,77.0,0.5433,67.0,0.6123,94.0,0.4888,80.0,0.5572,82.0,0.5873,87.0,0.6173,91.0
2025-09-19,0.2074,15.0,0.3374,41.0,0.8094,93.0,0.7238,89.0,0.6382,82.0,0.6127,94.0,0.4894,81.0,0.5609,82.0,0.6023,89.0,0.6437,94.0
2025-09-18,0.2312,20.0,0.3218,36.0,0.5882,74.0,0.598,76.0,0.6078,78.0,0.6143,94.0,0.4888,80.0,0.5568,82.0,0.556,81.0,0.5552,79.0
2025-09-16,0.2536,25.0,0.3328,40.0,0.7823,92.0,0.7576,91.0,0.7329,90.0,0.6167,94.0,0.4975,85.0,0.5636,83.0,0.5533,81.0,0.543,76.0
2025-09-15,0.3613,52.0,0.4264,68.0,0.5934,75.0,0.6852,87.0,0.7769,92.0,0.6164,94.0,0.4975,85.0,0.5139,70.0,0.5628,82.0,0.6116,90.0
2025-09-12,1.2526,99.0,0.4701,78.0,0.6803,86.0,0.6666,85.0,0.653,84.0,0.6164,94.0,0.4976,85.0,0.5903,88.0,0.5668,83.0,0.5433,76.0
2025-09-10,1.2264,99.0,0.4968,82.0,0.5062,60.0,0.5336,65.0,0.5611,70.0,0.6167,94.0,0.4978,85.0,0.5191,72.0,0.5208,70.0,0.5225,68.0
2025-09-09,1.2404,99.0,0.4883,80.0,0.5404,66.0,0.5498,68.0,0.5593,70.0,0.6168,94.0,0.498,85.0,0.5483,81.0,0.5584,82.0,0.5685,82.0
2025-09-08,1.259,99.0,0.5263,86.0,0.916,97.0,0.7335,90.0,0.551,69.0,0.6174,94.0,0.4992,86.0,0.4937,62.0,0.5329,76.0,0.572,83.0
2025-09-05,1.2469,99.0,0.5157,85.0,0.5527,68.0,0.5228,62.0,0.4928,57.0,0.6211,94.0,0.4992,86.0,0.63,93.0,0.5927,88.0,0.5554,79.0
2025-09-04,1.2398,99.0,0.4572,75.0,0.5188,62.0,0.536,65.0,0.5533,69.0,0.6171,94.0,0.4969,85.0,0.4546,48.0,0.5272,73.0,0.5997,89.0
2025-08-26,0.5433,83.0,0.3774,56.0,0.7237,90.0,0.6944,87.0,0.6651,85.0,0.5605,89.0,0.496,84.0,0.6308,93.0,0.6397,94.0,0.6485,94.0
2025-08-25,0.415,65.0,0.37,53.0,0.7863,92.0,0.7056,88.0,0.6249,81.0,0.5579,89.0,0.4958,84.0,0.5076,67.0,0.504,63.0,0.5003,60.0
2025-08-22,0.4931,77.0,0.3758,55.0,0.6042,76.0,0.6167,79.0,0.6292,81.0,0.5579,89.0,0.4964,84.0,0.4808,57.0,0.5086,65.0,0.5364,74.0
2025-08-21,0.4217,66.0,0.3682,53.0,0.6283,80.0,0.6276,81.0,0.627,81.0,0.5521,87.0,0.4954,84.0,0.4703,54.0,0.518,69.0,0.5658,81.0
2025-08-20,0.4459,70.0,0.3657,52.0,0.5751,71.0,0.5824,73.0,0.5898,75.0,0.5517,87.0,0.4953,84.0,0.5072,67.0,0.5182,69.0,0.5292,71.0
2025-08-19,0.3826,57.0,0.365,51.0,0.6739,85.0,0.6304,81.0,0.5869,75.0,0.5515,87.0,0.4971,85.0,0.507,67.0,0.5298,75.0,0.5526,79.0
2025-08-18,0.521,80.0,0.5372,87.0,0.6156,78.0,0.5995,76.0,0.5834,74.0,0.5517,87.0,0.4965,84.0,0.4941,62.0,0.5149,68.0,0.5357,73.0
2025-08-15,0.5403,82.0,0.5494,88.0,0.5583,69.0,0.5592,69.0,0.56,70.0,0.5521,87.0,0.4964,84.0,0.4968,63.0,0.497,61.0,0.4972,59.0
2025-08-13,0.505,79.0,0.5416,88.0,0.742,90.0,0.6495,83.0,0.557,70.0,0.5546,87.0,0.4982,85.0,0.4692,54.0,0.4922,61.0,0.5153,66.0
2025-08-12,0.4763,76.0,0.5178,86.0,0.6632,84.0,0.6224,80.0,0.5817,74.0,0.5521,87.0,0.4968,85.0,0.4978,64.0,0.5214,71.0,0.545,78.0
2025-08-08,0.4207,66.0,0.4979,83.0,0.7033,88.0,0.711,88.0,0.7186,89.0,0.5491,86.0,0.4955,84.0,0.5621,82.0,0.5874,87.0,0.6128,90.0
2025-08-07,0.3323,46.0,0.3144,34.0,1.0582,98.0,0.7984,93.0,0.5387,67.0,0.545,86.0,0.4858,81.0,0.5179,72.0,0.5237,72.0,0.5296,72.0
2025-08-05,0.3822,57.0,0.336,42.0,0.8614,95.0,0.6951,87.0,0.5288,65.0,0.5452,86.0,0.4874,82.0,0.6009,89.0,0.5458,79.0,0.4906,59.0
2025-08-04,0.3938,61.0,0.33,40.0,0.5333,65.0,0.5405,66.0,0.5477,68.0,0.5457,86.0,0.487,81.0,0.5266,75.0,0.5649,83.0,0.6033,89.0
2025-08-01,0.3554,52.0,0.3542,48.0,0.7533,91.0,0.5906,75.0,0.4279,42.0,0.5473,86.0,0.4876,82.0,0.4897,61.0,0.5074,65.0,0.5252,70.0
2025-07-31,0.5007,79.0,0.3868,59.0,0.615,78.0,0.5387,66.0,0.4624,51.0,0.5532,87.0,0.4887,82.0,0.4435,44.0,0.4612,50.0,0.479,55.0
2025-07-30,0.648,89.0,0.4285,69.0,0.8022,93.0,0.6696,85.0,0.5369,66.0,0.5534,87.0,0.4895,82.0,0.4976,64.0,0.4932,61.0,0.4887,57.0
2025-07-29,0.6672,90.0,0.4253,68.0,0.5645,70.0,0.5428,67.0,0.5211,64.0,0.555,87.0,0.4892,82.0,0.5265,75.0,0.5441,79.0,0.5617,81.0
2025-07-28,0.577,86.0,0.4124,66.0,0.455,50.0,0.5026,60.0,0.5501,69.0,0.5517,87.0,0.4881,82.0,0.4596,50.0,0.491,61.0,0.5225,69.0
2025-07-25,0.5768,86.0,0.4056,63.0,0.4103,37.0,0.4561,49.0,0.5019,60.0,0.552,87.0,0.4885,82.0,0.4691,54.0,0.4917,61.0,0.5143,66.0
2025-07-24,0.5869,86.0,0.4199,67.0,0.5391,66.0,0.5381,66.0,0.5371,66.0,0.5552,87.0,0.4927,83.0,0.4846,60.0,0.5097,66.0,0.5348,74.0
2025-07-22,0.4847,77.0,0.3763,56.0,0.4503,48.0,0.4344,43.0,0.4186,39.0,0.5493,86.0,0.4916,83.0,0.4571,50.0,0.4778,57.0,0.4986,61.0
2025-07-21,0.339,47.0,0.338,42.0,0.5274,64.0,0.5062,61.0,0.485,57.0,0.5433,85.0,0.4895,82.0,0.4508,47.0,0.4784,57.0,0.5059,63.0
2025-07-18,0.4031,63.0,0.4159,66.0,0.4297,43.0,0.4338,43.0,0.4379,45.0,0.5414,85.0,0.4896,82.0,0.4549,49.0,0.4819,57.0,0.5089,64.0
2025-07-17,0.3912,60.0,0.3934,61.0,0.4305,43.0,0.438,44.0,0.4455,47.0,0.541,85.0,0.4887,82.0,0.4613,51.0,0.485,59.0,0.5087,64.0
2025-07-16,0.3898,60.0,0.416,66.0,0.442,46.0,0.4434,46.0,0.4447,47.0,0.5413,85.0,0.4896,82.0,0.4833,59.0,0.5006,63.0,0.5179,67.0
2025-07-15,0.4052,63.0,0.4103,65.0,0.4654,52.0,0.4611,51.0,0.4568,50.0,0.5416,85.0,0.4893,82.0,0.4861,60.0,0.4786,57.0,0.471,51.0
2025-07-14,0.4004,62.0,0.4011,63.0,0.4547,50.0,0.514,62.0,0.5732,72.0,0.5413,85.0,0.4896,82.0,0.4886,61.0,0.5008,63.0,0.5129,66.0
2025-07-11,0.4309,68.0,0.4242,68.0,0.456,50.0,0.4444,46.0,0.4329,43.0,0.5417,85.0,0.4911,82.0,0.4876,61.0,0.4975,62.0,0.5074,64.0
2025-07-09,0.6028,87.0,0.5267,87.0,0.4382,45.0,0.4476,47.0,0.4569,50.0,0.5358,84.0,0.4877,82.0,0.486,60.0,0.5068,65.0,0.5276,71.0
2025-07-08,0.6027,87.0,0.5306,87.0,0.4655,52.0,0.4626,51.0,0.4596,51.0,0.5373,84.0,0.49,82.0,0.4835,59.0,0.5023,63.0,0.5211,69.0
2025-07-07,0.612,88.0,0.5217,86.0,0.6865,87.0,0.5873,74.0,0.4881,57.0,0.5376,84.0,0.4894,82.0,0.5131,70.0,0.5099,66.0,0.5067,64.0
2025-07-03,0.5903,86.0,0.5157,85.0,0.3582,22.0,0.4261,41.0,0.494,59.0,0.5392,85.0,0.4913,83.0,0.4902,62.0,0.4944,61.0,0.4987,61.0
2025-07-02,0.5679,85.0,0.5346,87.0,0.406,36.0,0.4504,48.0,0.4948,59.0,0.537,84.0,0.4925,83.0,0.4961,63.0,0.4999,63.0,0.5037,62.0
2025-07-01,0.6239,89.0,0.5371,87.0,0.4501,48.0,0.4813,56.0,0.5126,62.0,0.5361,84.0,0.494,84.0,0.4986,64.0,0.5002,63.0,0.5018,62.0
2025-06-30,0.3075,40.0,0.3687,53.0,0.4119,38.0,0.4628,51.0,0.5137,62.0,0.5232,81.0,0.4849,81.0,0.5088,68.0,0.497,62.0,0.4853,57.0
2025-06-27,0.307,40.0,0.3725,55.0,0.3944,32.0,0.4352,43.0,0.4761,55.0,0.5225,81.0,0.4852,81.0,0.475,57.0,0.5121,67.0,0.5492,78.0
2025-06-26,0.2891,35.0,0.3657,52.0,0.4323,44.0,0.4656,52.0,0.4988,60.0,0.5262,82.0,0.4863,81.0,0.4729,56.0,0.5133,68.0,0.5537,79.0
2025-06-25,0.4388,70.0,0.3981,62.0,0.4067,36.0,0.4534,49.0,0.5002,60.0,0.5267,82.0,0.4864,81.0,0.4813,59.0,0.5057,65.0,0.5301,72.0
2025-06-24,0.4871,77.0,0.4042,63.0,0.4153,39.0,0.452,48.0,0.4887,57.0,0.5267,82.0,0.4863,81.0,0.4772,57.0,0.5054,65.0,0.5336,74.0
2025-06-23,0.4725,75.0,0.3862,59.0,0.4319,44.0,0.4599,51.0,0.4879,57.0,0.5272,82.0,0.4871,81.0,0.4981,64.0,0.522,71.0,0.546,78.0
2025-06-20,0.4387,70.0,0.3528,48.0,0.4448,47.0,0.4787,56.0,0.5126,62.0,0.5254,82.0,0.4871,81.0,0.4946,63.0,0.5244,72.0,0.5541,79.0
2025-06-18,0.4387,70.0,0.324,37.0,0.4427,46.0,0.472,54.0,0.5013,60.0,0.5306,83.0,0.4904,82.0,0.4915,62.0,0.5172,69.0,0.543,77.0
2025-06-17,0.4311,68.0,0.3052,31.0,0.4622,52.0,0.4608,51.0,0.4595,50.0,0.5321,83.0,0.491,82.0,0.4877,61.0,0.513,67.0,0.5382,75.0
2025-06-16,0.4334,69.0,0.3036,30.0,0.4321,44.0,0.4634,51.0,0.4946,59.0,0.5334,84.0,0.4915,83.0,0.4771,57.0,0.5112,67.0,0.5453,78.0
2025-06-13,0.307,40.0,0.2484,14.0,0.6327,81.0,0.5726,72.0,0.5126,62.0,0.5281,83.0,0.4901,82.0,0.4976,64.0,0.5236,72.0,0.5495,78.0
2025-06-12,0.1988,14.0,0.228,9.0,0.4102,37.0,0.448,47.0,0.4857,57.0,0.5281,83.0,0.4921,83.0,0.4834,59.0,0.5087,66.0,0.534,74.0
2025-06-11,0.164,8.0,0.2526,14.0,0.422,41.0,0.4572,50.0,0.4923,57.0,0.528,83.0,0.4923,83.0,0.4824,59.0,0.508,65.0,0.5337,74.0
2025-06-10,0.163,8.0,0.3035,30.0,0.4639,52.0,0.4707,54.0,0.4775,55.0,0.5322,83.0,0.4939,84.0,0.4818,59.0,0.51,66.0,0.5381,75.0
2025-06-09,0.252,25.0,0.3787,57.0,0.4456,47.0,0.4556,49.0,0.4656,52.0,0.5325,83.0,0.494,84.0,0.4924,62.0,0.5154,69.0,0.5384,75.0
2025-06-06,0.3575,52.0,0.4489,74.0,0.3888,31.0,0.4338,43.0,0.4787,55.0,0.5341,84.0,0.4946,84.0,0.4908,62.0,0.5165,69.0,0.5421,77.0
2025-06-05,0.3563,52.0,0.4557,75.0,0.4698,53.0,0.479,56.0,0.4881,57.0,0.5409,85.0,0.4975,85.0,0.497,63.0,0.5205,70.0,0.544,77.0
2025-06-04,0.3679,55.0,0.4543,75.0,0.4652,52.0,0.4708,54.0,0.4765,55.0,0.5409,85.0,0.4978,85.0,0.4901,61.0,0.519,70.0,0.5478,78.0
2025-06-03,0.4477,71.0,0.4513,75.0,0.4681,53.0,0.495,59.0,0.5218,64.0,0.5414,85.0,0.4978,85.0,0.5415,78.0,0.5408,78.0,0.54,76.0
2025-06-02,0.4467,71.0,0.4382,72.0,0.476,55.0,0.4807,56.0,0.4854,57.0,0.5474,86.0,0.4997,86.0,0.4957,63.0,0.5252,73.0,0.5546,80.0
2025-05-30,0.4927,78.0,0.4194,67.0,0.4684,53.0,0.4715,54.0,0.4746,54.0,0.5473,86.0,0.498,85.0,0.4974,64.0,0.5254,73.0,0.5535,79.0
2025-05-29,0.3752,57.0,0.3616,51.0,0.6654,84.0,0.6653,85.0,0.6652,85.0,0.5434,85.0,0.4954,84.0,0.5245,74.0,0.553,81.0,0.5815,85.0
2025-05-28,0.3405,48.0,0.2758,21.0,0.672,85.0,0.6566,84.0,0.6413,82.0,0.5443,86.0,0.4922,83.0,0.5066,67.0,0.533,76.0,0.5593,80.0
2025-05-27,0.3789,57.0,0.3043,30.0,0.6356,81.0,0.6344,81.0,0.6332,81.0,0.5465,86.0,0.4939,84.0,0.5081,68.0,0.5366,77.0,0.565,81.0
2025-05-23,0.4101,64.0,0.3541,48.0,0.6231,79.0,0.6205,79.0,0.6179,79.0,0.5455,86.0,0.495,84.0,0.5087,68.0,0.539,78.0,0.5693,82.0
2025-05-22,0.3412,48.0,0.3524,47.0,0.6208,79.0,0.6115,78.0,0.6021,77.0,0.544,86.0,0.4976,85.0,0.5192,72.0,0.5378,78.0,0.5564,80.0
2025-05-21,0.3423,48.0,0.3569,49.0,0.6146,78.0,0.6196,79.0,0.6245,80.0,0.5438,86.0,0.4983,86.0,0.5191,72.0,0.5409,78.0,0.5627,81.0
2025-05-20,0.5376,83.0,0.4767,79.0,0.6095,77.0,0.6056,77.0,0.6017,77.0,0.5434,85.0,0.4988,86.0,0.51,68.0,0.5277,74.0,0.5455,78.0
2025-05-19,0.6171,88.0,0.4825,80.0,0.6042,77.0,0.5991,76.0,0.594,76.0,0.5435,85.0,0.499,86.0,0.499,64.0,0.524,72.0,0.5489,78.0
2025-05-16,0.6248,89.0,0.4979,83.0,0.7257,90.0,0.6449,83.0,0.5641,71.0,0.5463,86.0,0.501,87.0,0.4845,60.0,0.5191,70.0,0.5537,79.0
2025-05-15,0.6333,89.0,0.4858,80.0,0.5837,73.0,0.587,74.0,0.5903,75.0,0.5459,86.0,0.5,87.0,0.505,67.0,0.5294,75.0,0.5537,79.0
2025-05-14,0.695,91.0,0.4546,75.0,0.8947,96.0,0.7426,90.0,0.5905,75.0,0.5437,85.0,0.4984,86.0,0.509,68.0,0.5256,73.0,0.5421,77.0
2025-05-13,0.7218,93.0,0.4718,78.0,0.6906,87.0,0.6322,81.0,0.5737,72.0,0.5439,86.0,0.4987,86.0,0.4967,63.0,0.5229,71.0,0.5491,78.0
2025-05-12,0.7378,93.0,0.4896,81.0,0.7115,89.0,0.644,83.0,0.5764,73.0,0.5441,86.0,0.4987,86.0,0.4899,61.0,0.5158,69.0,0.5418,76.0
2025-05-09,0.5649,85.0,0.3752,56.0,0.5708,71.0,0.5476,68.0,0.5244,64.0,0.5285,83.0,0.4924,83.0,0.5116,69.0,0.5355,77.0,0.5594,80.0
2025-05-08,0.514,80.0,0.3722,54.0,0.5623,70.0,0.5378,66.0,0.5134,62.0,0.527,82.0,0.4919,83.0,0.5156,70.0,0.5358,77.0,0.556,80.0
2025-05-07,0.4643,74.0,0.3569,49.0,0.5625,70.0,0.5642,70.0,0.566,71.0,0.5305,83.0,0.4913,83.0,0.517,71.0,0.5384,78.0,0.5599,80.0
2025-05-06,0.3913,60.0,0.3521,47.0,0.5796,72.0,0.5781,72.0,0.5766,73.0,0.5297,83.0,0.491,82.0,0.5135,70.0,0.5406,78.0,0.5678,82.0
2025-05-05,0.363,54.0,0.3575,49.0,0.5438,67.0,0.5382,66.0,0.5327,66.0,0.5292,83.0,0.4909,82.0,0.5015,65.0,0.5309,75.0,0.5603,80.0
2025-05-02,0.4365,69.0,0.3753,56.0,0.5158,62.0,0.4989,59.0,0.482,56.0,0.5296,83.0,0.49,82.0,0.5022,65.0,0.5278,74.0,0.5535,79.0
2025-05-01,0.3153,41.0,0.4632,77.0,0.5213,63.0,0.5208,63.0,0.5203,64.0,0.5245,82.0,0.49,82.0,0.5079,68.0,0.5359,77.0,0.5639,81.0
2025-04-30,0.5063,80.0,0.505,83.0,0.5322,65.0,0.5528,68.0,0.5734,72.0,0.5244,82.0,0.4891,82.0,0.5005,65.0,0.5324,76.0,0.5642,81.0
2025-04-29,0.5416,83.0,0.528,87.0,0.5337,66.0,0.5291,64.0,0.5245,64.0,0.5243,82.0,0.4888,82.0,0.5098,68.0,0.5367,77.0,0.5635,81.0
2025-04-28,0.5454,83.0,0.5367,87.0,0.5484,68.0,0.5488,68.0,0.5491,68.0,0.5257,82.0,0.4882,82.0,0.5126,69.0,0.5394,78.0,0.5662,81.0
2025-04-25,0.6038,87.0,0.5789,91.0,0.5171,62.0,0.5131,61.0,0.5091,61.0,0.5259,82.0,0.4881,82.0,0.5132,70.0,0.5376,77.0,0.562,81.0
2025-04-24,0.7235,93.0,0.6308,94.0,0.5312,65.0,0.5266,64.0,0.5219,64.0,0.5258,82.0,0.4882,82.0,0.5161,71.0,0.5417,78.0,0.5673,82.0
2025-04-23,0.6651,90.0,0.6708,95.0,0.5305,65.0,0.5444,67.0,0.5584,70.0,0.5218,81.0,0.4866,81.0,0.5171,71.0,0.549,80.0,0.581,85.0
2025-04-22,0.6778,90.0,0.6333,94.0,0.595,75.0,0.5922,75.0,0.5895,75.0,0.5224,81.0,0.4816,80.0,0.5388,78.0,0.5661,83.0,0.5934,87.0
2025-04-21,0.5332,82.0,0.6234,94.0,0.6359,81.0,0.649,83.0,0.662,84.0,0.5208,81.0,0.4815,80.0,0.5484,80.0,0.5802,86.0,0.612,90.0
2025-04-17,1.0079,97.0,0.8544,99.0,0.5682,71.0,0.5738,72.0,0.5795,73.0,0.5198,80.0,0.4795,80.0,0.5389,78.0,0.5686,83.0,0.5983,88.0
2025-04-16,0.9869,97.0,0.922,100.0,0.6043,77.0,0.6057,77.0,0.6071,78.0,0.5173,80.0,0.4783,80.0,0.5566,82.0,0.5736,84.0,0.5907,87.0
2025-04-15,0.9849,97.0,0.9479,100.0,0.6794,86.0,0.6256,80.0,0.5718,72.0,0.5173,80.0,0.4751,79.0,0.5406,78.0,0.559,81.0,0.5773,84.0
2025-04-14,0.9812,97.0,1.0035,100.0,0.5845,73.0,0.585,74.0,0.5855,74.0,0.5124,79.0,0.4716,78.0,0.5495,80.0,0.5619,82.0,0.5743,83.0
2025-04-11,1.4328,99.0,1.0617,100.0,0.739,90.0,0.757,91.0,0.775,91.0,0.5122,79.0,0.4665,76.0,0.5699,84.0,0.5816,86.0,0.5934,87.0
2025-04-10,1.4745,100.0,1.0595,100.0,0.7947,93.0,,,0.7919,92.0,0.5123,79.0,0.4638,75.0,0.5682,84.0,,,0.6116,90.0
2025-04-09,1.4326,99.0,1.0415,100.0,0.6636,84.0,,,0.6536,84.0,0.5025,77.0,0.4613,74.0,0.525,74.0,,,0.5533,79.0
2025-04-08,1.1809,99.0,0.8438,99.0,1.0054,98.0,,,0.9915,97.0,0.4741,71.0,0.4377,65.0,0.6217,92.0,,,0.6528,94.0
2025-04-07,1.1662,99.0,0.7629,98.0,0.8769,96.0,,,0.867,95.0,0.471,70.0,0.4295,62.0,0.6078,90.0,,,0.6025,89.0
2025-04-04,1.1755,99.0,0.6998,96.0,0.7595,91.0,,,0.7613,91.0,0.4839,74.0,0.4274,61.0,0.6073,90.0,,,0.6014,89.0
2025-04-03,1.1391,98.0,0.5625,90.0,0.6498,82.0,,,0.6389,82.0,0.483,74.0,0.4161,57.0,0.557,82.0,,,0.5466,78.0
2025-04-02,0.2562,26.0,0.3507,47.0,0.4559,50.0,,,0.5125,62.0,0.4153,43.0,0.4032,54.0,0.5025,66.0,,,0.491,59.0
2025-04-01,0.2761,32.0,0.3104,33.0,0.4573,50.0,,,0.497,59.0,0.4125,41.0,0.4005,53.0,0.5028,66.0,,,0.4582,47.0
2025-03-31,0.3817,57.0,0.338,42.0,0.4654,52.0,,,0.5416,67.0,0.4153,43.0,0.4015,54.0,0.51,68.0,,,0.4943,60.0
2025-03-28,0.383,57.0,0.5151,85.0,0.475,54.0,,,0.496,59.0,0.4155,43.0,0.4011,54.0,0.5021,65.0,,,0.4981,61.0
2025-03-27,0.3826,57.0,0.5092,84.0,0.4494,48.0,,,0.4799,56.0,0.4159,43.0,0.4006,54.0,0.4953,63.0,,,0.4601,47.0
2025-03-26,0.395,61.0,0.513,85.0,0.4681,53.0,,,0.5412,67.0,0.4161,44.0,0.4015,54.0,0.4935,62.0,,,0.4774,54.0
2025-03-25,0.4226,67.0,0.5185,86.0,0.4215,41.0,,,0.5016,60.0,0.4159,43.0,0.4013,54.0,0.5032,66.0,,,0.4832,56.0
2025-03-24,0.4053,63.0,0.511,84.0,0.4169,39.0,,,0.4773,55.0,0.4157,43.0,0.4004,53.0,0.5042,66.0,,,0.4446,43.0
2025-03-21,0.3503,50.0,0.5138,85.0,0.4731,54.0,,,0.4707,54.0,0.412,41.0,0.4013,54.0,0.5046,66.0,,,0.4975,61.0
2025-03-20,0.3174,42.0,0.5218,86.0,0.4604,51.0,,,0.506,61.0,0.4088,39.0,0.4006,54.0,0.5058,67.0,,,0.4986,61.0
2025-03-19,0.4361,69.0,0.3753,56.0,1.0739,98.0,,,1.0232,97.0,0.4114,40.0,0.3899,48.0,0.5333,77.0,,,0.5123,65.0
2025-03-18,0.455,73.0,0.4131,66.0,1.0204,98.0,,,1.0297,98.0,0.4125,41.0,0.3938,50.0,0.5742,85.0,,,0.528,71.0
2025-03-17,0.4746,75.0,0.4335,70.0,0.9735,97.0,,,0.9201,96.0,0.4196,47.0,0.3958,51.0,0.5493,80.0,,,0.5449,78.0
2025-03-14,0.5537,84.0,0.4773,79.0,0.8367,94.0,,,0.8528,94.0,0.4184,45.0,0.3951,51.0,0.51,68.0,,,0.5488,78.0
2025-03-13,0.5462,83.0,0.4818,80.0,0.8614,95.0,,,0.8656,94.0,0.4246,49.0,0.3965,52.0,0.5383,78.0,,,0.5147,66.0
2025-03-12,0.5483,84.0,0.4888,81.0,0.8294,94.0,,,0.8218,93.0,0.4249,50.0,0.3957,51.0,0.518,72.0,,,0.539,75.0
2025-03-11,0.5477,84.0,0.4831,80.0,0.8321,94.0,,,0.8299,93.0,0.4231,48.0,0.3937,50.0,0.5255,74.0,,,0.5641,81.0
2025-03-10,0.4248,67.0,0.4577,76.0,0.832,94.0,,,0.8374,93.0,0.4184,45.0,0.3928,50.0,0.5097,68.0,,,0.5602,80.0
2025-03-07,0.4788,76.0,0.4361,71.0,0.7168,89.0,,,0.7176,89.0,0.4178,45.0,0.392,49.0,0.528,75.0,,,0.5082,64.0
2025-03-06,0.4531,72.0,0.4142,66.0,0.7305,90.0,,,0.7289,89.0,0.4157,43.0,0.392,49.0,0.5125,69.0,,,0.5095,64.0
2025-03-05,0.2826,33.0,0.3722,54.0,0.6799,86.0,,,0.7024,88.0,0.4252,50.0,0.395,51.0,0.4963,63.0,,,0.5464,78.0
2025-03-04,0.3325,46.0,0.3828,57.0,0.7079,89.0,,,0.7072,88.0,0.4252,50.0,0.3949,51.0,0.5227,73.0,,,0.5345,74.0
2025-03-03,0.3587,53.0,0.4117,65.0,0.6851,87.0,,,0.5771,73.0,0.4326,54.0,0.396,51.0,0.5019,65.0,,,0.52,68.0
2025-02-28,0.3181,42.0,0.3825,57.0,0.625,80.0,,,0.6241,80.0,0.4315,53.0,0.3955,51.0,0.4858,60.0,,,0.5278,71.0
2025-02-27,0.289,35.0,0.3865,59.0,0.6384,81.0,,,0.6334,81.0,0.4328,54.0,0.3969,52.0,0.4897,61.0,,,0.5384,75.0
2025-02-26,0.3615,53.0,0.4159,66.0,0.6037,77.0,,,0.6182,79.0,0.4394,57.0,0.398,52.0,0.4818,59.0,,,0.5213,69.0
2025-02-25,0.3519,51.0,0.4143,66.0,0.6201,79.0,,,0.6013,77.0,0.4394,57.0,0.397,52.0,0.4835,59.0,,,0.5187,68.0
2025-02-24,0.3439,48.0,0.4,62.0,0.5897,74.0,,,0.5812,74.0,0.4394,57.0,0.3962,52.0,0.4904,62.0,,,0.5217,69.0
2025-02-21,0.2213,18.0,0.3786,57.0,0.9173,97.0,,,0.5593,70.0,0.4409,57.0,0.3956,51.0,0.5126,69.0,,,0.5373,75.0
2025-02-20,0.239,22.0,0.324,37.0,0.5708,71.0,,,0.5517,69.0,0.4399,57.0,0.3922,50.0,0.4744,56.0,,,0.509,64.0
2025-02-19,0.2474,24.0,0.32,36.0,0.7031,88.0,,,0.6033,77.0,0.4398,57.0,0.3921,49.0,0.4659,53.0,,,0.5006,62.0
2025-02-18,0.2643,28.0,0.3381,42.0,0.5692,71.0,,,0.4915,57.0,0.4398,57.0,0.3919,49.0,0.4633,52.0,,,0.495,60.0
2025-02-14,0.1501,6.0,0.3332,41.0,0.4503,48.0,,,0.4143,37.0,0.4353,55.0,0.3895,48.0,0.4609,51.0,,,0.5124,65.0
2025-02-13,0.2259,19.0,0.314,34.0,0.4981,59.0,,,0.4022,33.0,0.4358,55.0,0.3889,47.0,0.5447,79.0,,,0.4897,57.0
2025-02-12,0.36,53.0,0.3301,40.0,0.5291,65.0,,,0.424,40.0,0.4422,57.0,0.3891,48.0,0.4562,49.0,,,0.4863,57.0
2025-02-11,0.5045,79.0,0.3619,51.0,0.5155,62.0,,,0.4717,54.0,0.4421,57.0,0.3894,48.0,0.448,46.0,,,0.4925,59.0
2025-02-10,0.5118,80.0,0.3807,57.0,0.4569,50.0,,,0.4673,53.0,0.446,59.0,0.3899,48.0,0.4532,48.0,,,0.4942,60.0
2025-02-07,0.5759,86.0,0.3972,62.0,0.4613,51.0,,,0.4451,47.0,0.4476,60.0,0.3906,49.0,0.4604,51.0,,,0.4877,57.0
2025-02-06,0.5628,85.0,0.389,59.0,0.4405,46.0,,,0.4535,49.0,0.4459,59.0,0.3895,48.0,0.4642,53.0,,,0.4891,57.0
2025-02-05,0.5665,85.0,0.3628,51.0,0.4537,49.0,,,0.4767,55.0,0.4475,60.0,0.3875,46.0,0.457,50.0,,,0.4897,57.0
2025-02-04,0.5856,86.0,0.4559,75.0,0.5191,63.0,,,0.4685,53.0,0.4474,60.0,0.3893,48.0,0.4598,51.0,,,0.4924,59.0
2025-02-03,0.4559,73.0,0.4491,74.0,0.5351,66.0,,,0.5254,65.0,0.4465,59.0,0.3901,48.0,0.4606,51.0,,,0.4966,61.0
2025-01-31,0.3931,60.0,0.4481,74.0,0.4288,43.0,,,0.6373,82.0,0.4388,56.0,0.3959,51.0,0.5062,67.0,,,0.4887,57.0
2025-01-30,0.3957,61.0,0.4271,69.0,0.4299,43.0,,,0.4366,44.0,0.4429,57.0,0.3946,51.0,0.4529,48.0,,,0.4894,57.0
2025-01-29,0.3458,49.0,0.4329,70.0,0.5131,62.0,,,0.4521,48.0,0.4461,59.0,0.3983,52.0,0.4608,51.0,,,0.491,59.0
2025-01-28,0.3466,49.0,0.4256,69.0,0.4204,41.0,,,0.4532,49.0,0.446,59.0,0.399,53.0,0.4634,52.0,,,0.4907,59.0
2025-01-27,0.3471,49.0,0.4291,69.0,0.4435,46.0,,,0.4348,44.0,0.4457,59.0,0.3982,52.0,0.4497,47.0,,,0.4703,51.0
2025-01-24,0.2907,35.0,0.342,44.0,0.4422,46.0,,,0.4757,55.0,0.4419,57.0,0.3929,50.0,0.4464,46.0,,,0.4716,51.0
2025-01-23,0.2718,30.0,0.3527,47.0,0.3918,32.0,,,0.3079,6.0,0.4416,57.0,0.3923,50.0,0.4438,44.0,,,0.4704,51.0
2025-01-22,0.2823,33.0,0.3637,52.0,0.3992,34.0,,,0.377,26.0,0.4426,57.0,0.3915,49.0,0.4421,44.0,,,0.4542,45.0
2025-01-21,0.2344,21.0,0.3657,52.0,0.3752,27.0,,,0.4458,47.0,0.4416,57.0,0.3925,50.0,0.4733,56.0,,,0.521,69.0
2025-01-17,0.1815,11.0,0.3749,55.0,0.381,28.0,,,0.3717,24.0,0.4448,59.0,0.3943,50.0,0.4405,43.0,,,0.4724,52.0
2025-01-16,0.1824,11.0,0.3888,59.0,0.4747,54.0,,,0.3897,30.0,0.448,60.0,0.3951,51.0,0.4572,50.0,,,0.4765,54.0
2025-01-15,0.2255,19.0,0.4127,66.0,0.3943,32.0,,,0.3892,30.0,0.4478,60.0,0.394,50.0,0.4622,51.0,,,0.4789,55.0
2025-01-14,0.1969,13.0,0.4157,66.0,0.4151,39.0,,,0.4152,37.0,0.4485,60.0,0.3945,51.0,0.475,57.0,,,0.4938,60.0
2025-01-13,0.2145,17.0,0.4583,76.0,0.4293,43.0,,,0.5779,73.0,0.4491,61.0,0.3939,50.0,0.5004,64.0,,,0.4724,52.0
2025-01-10,0.2018,14.0,0.4812,80.0,0.4246,42.0,,,0.4813,56.0,0.4523,62.0,0.3926,50.0,0.5288,76.0,,,0.4733,52.0
2025-01-08,0.2276,19.0,0.4924,82.0,0.4168,39.0,,,0.4897,57.0,0.4523,62.0,0.3934,50.0,0.4769,57.0,,,0.4649,49.0
2025-01-07,0.2065,15.0,0.4831,80.0,0.4195,40.0,,,0.5107,62.0,0.4524,62.0,0.3917,49.0,0.4915,62.0,,,0.4707,51.0
2025-01-06,0.4355,69.0,0.4965,82.0,0.4172,39.0,,,0.4207,39.0,0.4598,65.0,0.3935,50.0,0.4866,60.0,,,0.4609,48.0
2025-01-03,0.4661,74.0,0.4692,78.0,0.4174,40.0,,,0.563,71.0,0.4589,65.0,0.391,49.0,0.4792,57.0,,,0.469,50.0
2025-01-02,0.4653,74.0,0.4683,78.0,0.4344,44.0,,,0.4181,38.0,0.4585,65.0,0.39,48.0,0.4838,59.0,,,0.4735,52.0
2024-12-31,0.4828,77.0,0.4392,72.0,0.4073,36.0,,,0.4047,34.0,0.4576,64.0,0.3862,46.0,0.4763,57.0,,,0.4664,50.0
2024-12-30,0.4273,68.0,0.4096,65.0,0.4571,50.0,,,0.3996,32.0,0.4553,63.0,0.3828,44.0,0.4906,62.0,,,0.4532,45.0
2024-12-27,0.5028,79.0,0.4815,80.0,0.3695,25.0,,,0.43,42.0,0.4521,62.0,0.3815,44.0,0.4747,56.0,,,0.4588,47.0
2024-12-26,0.5218,81.0,0.4892,81.0,0.394,32.0,,,0.3574,20.0,0.4514,61.0,0.381,43.0,0.4589,50.0,,,0.4511,44.0
2024-12-24,0.4777,76.0,0.4728,78.0,0.3648,24.0,,,0.3688,23.0,0.4477,60.0,0.3795,43.0,0.4686,54.0,,,0.4566,46.0
2024-12-23,0.4693,75.0,0.4713,78.0,0.387,30.0,,,0.3894,30.0,0.4471,60.0,0.3793,43.0,0.4809,59.0,,,0.4532,45.0
2024-12-20,0.5181,81.0,0.514,85.0,0.3829,28.0,,,0.3973,32.0,0.4471,60.0,0.3791,43.0,0.4918,62.0,,,0.4563,46.0
2024-12-19,0.4941,78.0,0.4892,81.0,0.4297,43.0,,,0.4311,42.0,0.4464,59.0,0.3768,43.0,0.4997,64.0,,,0.4697,51.0
2024-12-18,0.5777,86.0,0.4917,82.0,0.4905,57.0,,,0.4257,41.0,0.4489,60.0,0.3757,42.0,0.4909,62.0,,,0.4685,50.0
2024-12-17,0.4201,66.0,0.4094,65.0,0.4063,36.0,,,0.4134,37.0,0.4417,57.0,0.3697,40.0,0.4769,57.0,,,0.4588,47.0
2024-12-16,0.432,68.0,0.3952,61.0,0.3765,27.0,,,0.4114,36.0,0.4397,57.0,0.3688,39.0,0.497,63.0,,,0.4467,43.0
2024-12-13,0.6116,88.0,0.4449,73.0,0.4435,46.0,,,0.3764,25.0,0.4385,56.0,0.3679,39.0,0.4608,51.0,,,0.4503,44.0
2024-12-12,0.612,88.0,0.4434,73.0,0.4795,55.0,,,0.3879,28.0,0.4389,56.0,0.3679,39.0,0.4638,52.0,,,0.4525,45.0
2024-12-11,0.5807,86.0,0.3897,60.0,0.3727,26.0,,,0.4402,45.0,0.4362,55.0,0.3642,38.0,0.4455,45.0,,,0.4697,51.0
2024-12-10,0.661,90.0,0.44,72.0,0.4147,39.0,,,0.4302,42.0,0.4379,56.0,0.3641,38.0,0.4468,46.0,,,0.47,51.0
2024-12-09,0.6141,88.0,0.4072,64.0,0.5249,64.0,,,0.4267,41.0,0.4335,54.0,0.3623,38.0,0.4474,46.0,,,0.4717,52.0
2024-12-06,0.6128,88.0,0.4082,64.0,0.4894,57.0,,,0.3954,31.0,0.4346,54.0,0.3629,38.0,0.4356,41.0,,,0.4685,50.0
2024-12-05,0.6038,87.0,0.3997,62.0,0.4301,43.0,,,0.3987,32.0,0.4318,53.0,0.3637,38.0,0.4449,45.0,,,0.47,51.0
2024-12-04,0.4912,78.0,0.3801,57.0,0.4009,34.0,,,0.3761,25.0,0.4216,48.0,0.3596,36.0,0.4412,44.0,,,0.456,46.0
2024-12-03,0.4911,78.0,0.3958,61.0,0.4003,34.0,,,0.3917,30.0,0.4218,48.0,0.3597,36.0,0.4371,42.0,,,0.4636,48.0
2024-12-02,0.4599,73.0,0.4482,74.0,0.3986,34.0,,,0.3856,28.0,0.4208,47.0,0.3592,36.0,0.4354,41.0,,,0.4695,51.0
2024-11-29,0.3423,48.0,0.4085,65.0,0.4019,35.0,,,0.3964,32.0,0.4143,42.0,0.3567,35.0,0.445,45.0,,,0.4579,47.0
2024-11-27,0.3953,61.0,0.4355,71.0,0.3965,33.0,,,0.3885,30.0,0.4225,48.0,0.3585,36.0,0.4367,42.0,,,0.4622,48.0
2024-11-26,0.3961,61.0,0.441,72.0,0.3958,33.0,,,0.3774,26.0,0.428,51.0,0.3596,36.0,0.4406,43.0,,,0.4636,48.0
2024-11-25,0.4022,63.0,0.4805,79.0,0.4088,37.0,,,0.3922,30.0,0.4242,49.0,0.3596,36.0,0.4378,42.0,,,0.4592,47.0
2024-11-22,0.3068,40.0,0.4483,74.0,0.3876,31.0,,,0.4087,35.0,0.4229,48.0,0.3571,35.0,0.4447,45.0,,,0.4719,52.0
2024-11-21,0.284,33.0,0.4316,70.0,0.4348,44.0,,,0.4294,42.0,0.4233,49.0,0.3569,35.0,0.4546,49.0,,,0.4787,55.0
2024-11-20,0.2517,25.0,0.3779,56.0,0.6197,79.0,,,0.6035,77.0,0.423,48.0,0.3528,34.0,0.4905,62.0,,,0.5106,65.0
2024-11-19,0.2889,35.0,0.3668,53.0,0.5915,75.0,,,0.5955,76.0,0.4241,49.0,0.3524,34.0,0.4624,52.0,,,0.4928,59.0
2024-11-18,0.2842,33.0,0.3383,43.0,0.545,67.0,,,0.5547,70.0,0.4283,52.0,0.3558,35.0,0.4608,51.0,,,0.4781,54.0
2024-11-15,0.2937,36.0,0.3297,39.0,0.5321,65.0,,,0.5303,65.0,0.4277,51.0,0.3551,35.0,0.4615,51.0,,,0.4804,55.0
2024-11-14,0.4161,66.0,0.2789,22.0,0.5171,62.0,,,0.5138,62.0,0.4234,49.0,0.3522,34.0,0.4536,48.0,,,0.4798,55.0
2024-11-13,0.3803,57.0,0.2781,21.0,0.5211,63.0,,,0.5182,63.0,0.4223,48.0,0.3518,34.0,0.4515,47.0,,,0.4718,52.0
2024-11-12,0.3341,46.0,0.2722,20.0,0.5213,63.0,,,0.5301,65.0,0.4218,48.0,0.3512,34.0,0.4685,54.0,,,0.4642,49.0
2024-11-11,0.347,49.0,0.2661,18.0,0.5392,66.0,,,0.5492,68.0,0.4263,50.0,0.3523,34.0,0.4476,46.0,,,0.4714,51.0
2024-11-08,0.4409,70.0,0.2964,28.0,0.4946,57.0,,,0.3985,32.0,0.4263,50.0,0.3522,34.0,0.4421,44.0,,,0.4644,49.0
2024-11-07,0.4514,72.0,0.2888,25.0,0.427,43.0,,,0.5003,60.0,0.4269,51.0,0.3522,34.0,0.4491,46.0,,,0.4561,46.0
2024-11-06,0.4624,74.0,0.2893,25.0,0.4363,45.0,,,0.4279,42.0,0.4277,51.0,0.3521,34.0,0.4445,45.0,,,0.4639,49.0
2024-11-05,0.3244,44.0,0.272,20.0,0.5312,65.0,,,0.5438,68.0,0.4199,47.0,0.3521,34.0,0.4536,48.0,,,0.4846,57.0
2024-11-04,0.2756,31.0,0.2702,19.0,0.5295,65.0,,,0.5348,66.0,0.4178,45.0,0.3514,34.0,0.4622,51.0,,,0.4861,57.0
2024-11-01,0.2501,25.0,0.2856,24.0,0.5218,63.0,,,0.5072,61.0,0.4176,45.0,0.3513,34.0,0.4524,48.0,,,0.4859,57.0
2024-10-31,0.2498,25.0,0.2854,24.0,0.5401,67.0,,,0.5293,65.0,0.4176,45.0,0.3506,34.0,0.4581,50.0,,,0.4802,55.0
2024-10-30,0.2371,21.0,0.2637,17.0,0.4903,57.0,,,0.479,56.0,0.4158,43.0,0.3488,33.0,0.4522,48.0,,,0.4689,50.0
2024-10-29,0.4375,70.0,0.3525,47.0,0.4696,53.0,,,0.4738,54.0,0.4163,44.0,0.3489,33.0,0.4462,45.0,,,0.4763,53.0
2024-10-28,0.4348,69.0,0.3474,46.0,0.4916,57.0,,,0.481,56.0,0.4171,44.0,0.3482,33.0,0.4408,43.0,,,0.4664,50.0
2024-10-25,0.3606,53.0,0.3436,44.0,0.5208,63.0,,,0.5159,63.0,0.4159,43.0,0.3509,34.0,0.4425,44.0,,,0.4657,49.0
2024-10-24,0.4423,71.0,0.3378,42.0,0.5234,64.0,,,0.5094,62.0,0.4165,44.0,0.3504,34.0,0.437,42.0,,,0.4651,49.0
2024-10-23,0.4858,77.0,0.341,43.0,0.512,61.0,,,0.504,61.0,0.4164,44.0,0.3507,34.0,0.4433,44.0,,,0.4575,46.0
2024-10-22,0.4837,77.0,0.3321,40.0,0.502,60.0,,,0.4986,60.0,0.4165,44.0,0.3503,34.0,0.4404,43.0,,,0.4541,45.0
2024-10-21,0.5052,79.0,0.3219,36.0,0.4997,59.0,,,0.4896,57.0,0.416,43.0,0.3498,34.0,0.4365,42.0,,,0.4579,47.0
2024-10-18,0.2526,25.0,0.2255,9.0,0.4594,51.0,,,0.4548,49.0,0.4042,37.0,0.3452,32.0,0.4331,41.0,,,0.4463,43.0
2024-10-17,0.2383,21.0,0.2245,9.0,0.4682,53.0,,,0.4599,51.0,0.4089,39.0,0.347,32.0,0.4361,42.0,,,0.4498,44.0
2024-10-16,0.2492,24.0,0.2547,15.0,0.4623,52.0,,,0.4649,52.0,0.4094,39.0,0.3479,33.0,0.4427,44.0,,,0.4581,47.0
2024-10-15,0.5789,86.0,0.3693,53.0,0.46,51.0,,,0.4691,53.0,0.4093,39.0,0.3483,33.0,0.44,43.0,,,0.4577,46.0
2024-10-14,0.6022,87.0,0.3646,52.0,0.4114,38.0,,,0.4686,53.0,0.4087,39.0,0.3479,33.0,0.445,45.0,,,0.4605,48.0
2024-10-11,0.6107,88.0,0.3912,60.0,0.42,40.0,,,0.4629,51.0,0.4084,39.0,0.3489,33.0,0.4429,44.0,,,0.4635,48.0
2024-10-10,0.5777,86.0,0.3922,60.0,0.5211,63.0,,,0.4183,39.0,0.4078,39.0,0.3492,33.0,0.4448,45.0,,,0.4653,49.0
2024-10-09,0.6082,88.0,0.4135,66.0,0.4799,55.0,,,0.4118,36.0,0.4082,39.0,0.3495,33.0,0.4448,45.0,,,0.4595,47.0
2024-10-08,0.6216,89.0,0.4099,65.0,0.4907,57.0,,,0.4166,38.0,0.4113,40.0,0.3502,34.0,0.4461,45.0,,,0.4648,49.0
2024-10-07,0.5959,87.0,0.3973,62.0,0.4241,42.0,,,0.4326,43.0,0.4106,40.0,0.3493,33.0,0.4631,52.0,,,0.4553,46.0
2024-10-04,0.3871,59.0,0.33,40.0,0.3456,18.0,,,0.3823,27.0,0.3948,33.0,0.3433,32.0,0.4472,46.0,,,0.4433,42.0
2024-10-03,0.2834,33.0,0.3203,36.0,0.4078,36.0,,,0.3924,30.0,0.3928,32.0,0.3426,31.0,0.4554,49.0,,,0.4518,45.0
2024-10-02,0.3033,39.0,0.2878,25.0,0.368,25.0,,,0.414,37.0,0.3914,32.0,0.3409,31.0,0.4486,46.0,,,0.4428,42.0
2024-10-01,0.305,39.0,0.3274,39.0,0.3775,28.0,,,0.4135,37.0,0.3909,32.0,0.3406,31.0,0.4462,45.0,,,0.4433,42.0
2024-09-30,0.197,13.0,0.32,36.0,0.3423,17.0,,,0.3886,30.0,0.3859,30.0,0.3401,31.0,0.4434,44.0,,,0.4372,40.0
2024-09-27,0.2755,31.0,0.3298,39.0,0.3548,21.0,,,0.3541,19.0,0.3868,30.0,0.342,31.0,0.4423,44.0,,,0.438,40.0
2024-09-26,0.294,36.0,0.4038,63.0,0.3275,12.0,,,0.3827,28.0,0.3891,31.0,0.3431,32.0,0.4356,41.0,,,0.4317,38.0
2024-09-25,0.4015,63.0,0.4279,69.0,0.3351,14.0,,,0.3558,19.0,0.3879,31.0,0.3412,31.0,0.4339,41.0,,,0.4259,36.0
2024-09-24,0.3622,53.0,0.426,69.0,0.3297,12.0,,,0.3528,18.0,0.3885,31.0,0.3427,32.0,0.4302,40.0,,,0.4323,38.0
2024-09-23,0.4202,66.0,0.4533,75.0,0.3352,15.0,,,0.3549,19.0,0.3895,31.0,0.3425,31.0,0.4216,37.0,,,0.4132,33.0
2024-09-20,0.4212,66.0,0.4306,70.0,0.3462,18.0,,,0.355,19.0,0.3895,31.0,0.3407,31.0,0.4173,36.0,,,0.4198,35.0
2024-09-19,0.4446,71.0,0.4174,67.0,0.3335,14.0,,,0.4872,57.0,0.3907,32.0,0.3409,31.0,0.4058,33.0,,,0.4018,30.0
2024-09-18,0.4575,73.0,0.4252,68.0,0.4126,38.0,,,0.4207,39.0,0.3899,31.0,0.3419,31.0,0.4145,35.0,,,0.4054,31.0
2024-09-17,0.4574,73.0,0.3812,57.0,0.4887,57.0,,,0.379,26.0,0.4044,37.0,0.3537,35.0,0.4028,32.0,,,0.4249,36.0
2024-09-16,0.3781,57.0,0.367,53.0,0.4478,47.0,,,0.3895,30.0,0.4002,35.0,0.3514,34.0,0.4044,33.0,,,0.4266,36.0
2024-09-13,0.5925,87.0,0.476,79.0,0.5362,66.0,,,0.3782,26.0,0.3999,35.0,0.3545,35.0,0.4056,33.0,,,0.4225,35.0
2024-09-12,0.5465,83.0,0.4579,76.0,0.5265,64.0,,,0.4521,48.0,0.3952,34.0,0.3539,35.0,0.4043,32.0,,,0.4225,35.0
2024-09-11,0.6657,90.0,0.4923,82.0,0.4359,44.0,,,0.3938,31.0,0.395,34.0,0.3541,35.0,0.4121,35.0,,,0.429,37.0
2024-09-10,0.6764,90.0,0.5084,84.0,0.42,40.0,,,0.4422,46.0,0.3941,33.0,0.3543,35.0,0.41,34.0,,,0.4367,40.0
2024-09-09,0.6986,92.0,0.5166,85.0,0.4428,46.0,,,0.4213,39.0,0.395,34.0,0.3539,35.0,0.4169,36.0,,,0.4337,39.0
2024-09-06,0.7881,94.0,0.5241,86.0,0.4153,39.0,,,0.4356,44.0,0.3952,34.0,0.3524,34.0,0.4143,35.0,,,0.4341,39.0
2024-09-05,0.7881,94.0,0.4905,81.0,0.4465,47.0,,,0.4279,42.0,0.3947,33.0,0.3503,34.0,0.4044,33.0,,,0.4351,39.0
2024-09-04,0.4964,78.0,0.3941,61.0,0.8469,95.0,,,0.712,88.0,0.379,28.0,0.3437,32.0,0.4597,50.0,,,0.4502,44.0
2024-09-03,0.5959,87.0,0.3966,62.0,0.6678,85.0,,,0.5307,65.0,0.3796,28.0,0.3434,32.0,0.4427,44.0,,,0.4506,44.0
2024-08-30,0.5079,80.0,0.3414,44.0,0.6623,84.0,,,0.5673,72.0,0.3709,28.0,0.3415,31.0,0.416,35.0,,,0.4336,39.0
2024-08-29,0.4995,79.0,0.3157,34.0,0.4887,57.0,,,0.5714,72.0,0.3706,28.0,0.3401,31.0,0.4151,35.0,,,0.4354,39.0
2024-08-28,0.4558,73.0,0.2823,23.0,0.4367,45.0,,,0.551,69.0,0.3701,28.0,0.3387,30.0,0.4226,38.0,,,0.3931,27.0
2024-08-27,0.269,30.0,0.2328,10.0,0.3901,31.0,,,0.5419,67.0,0.3583,25.0,0.3373,28.0,0.4023,32.0,,,0.4471,43.0
2024-08-26,0.2702,30.0,0.243,13.0,0.4496,48.0,,,0.4926,57.0,0.3592,25.0,0.3375,30.0,0.4223,38.0,,,0.3827,25.0
2024-08-23,0.3905,60.0,0.2482,14.0,0.4841,56.0,,,0.4189,39.0,0.3606,26.0,0.3368,28.0,0.386,27.0,,,0.4216,35.0
2024-08-22,0.371,56.0,0.2388,11.0,0.4963,59.0,,,0.5931,76.0,0.36,26.0,0.3363,28.0,0.3764,25.0,,,0.4177,34.0
2024-08-21,0.4061,64.0,0.2713,19.0,0.457,50.0,,,0.629,81.0,0.3612,26.0,0.3371,28.0,0.4183,36.0,,,0.4287,37.0
2024-08-20,0.4132,65.0,0.2851,24.0,0.5832,73.0,,,0.4329,43.0,0.3618,26.0,0.3372,28.0,0.4287,39.0,,,0.4194,34.0
2024-08-19,0.374,56.0,0.2851,24.0,0.4766,55.0,,,0.5527,69.0,0.361,26.0,0.338,30.0,0.4156,35.0,,,0.4412,42.0
2024-08-16,0.3323,46.0,0.2878,25.0,0.4021,35.0,,,0.553,69.0,0.3616,26.0,0.3382,30.0,0.4228,38.0,,,0.4402,41.0
2024-08-15,0.4113,65.0,0.323,37.0,0.4385,45.0,,,0.4474,47.0,0.365,27.0,0.338,30.0,0.4072,33.0,,,0.4342,39.0
2024-08-14,0.3626,54.0,0.3493,46.0,0.4581,51.0,,,0.4541,49.0,0.3594,25.0,0.3385,30.0,0.4129,35.0,,,0.4399,41.0
2024-08-13,0.3503,50.0,0.4698,78.0,0.4519,49.0,,,0.5498,69.0,0.3614,26.0,0.3392,30.0,0.4171,36.0,,,0.4432,42.0
2024-08-12,0.4703,75.0,0.4581,76.0,0.4612,51.0,,,0.4679,53.0,0.3588,25.0,0.3389,30.0,0.4206,37.0,,,0.4495,44.0
2024-08-09,0.542,83.0,0.5153,85.0,0.3565,22.0,,,0.4616,51.0,0.3603,26.0,0.3392,30.0,0.4222,38.0,,,0.4521,45.0
2024-08-08,0.5545,84.0,0.5319,87.0,0.4494,48.0,,,0.4982,60.0,0.3663,27.0,0.3416,31.0,0.4248,39.0,,,0.4768,54.0
2024-08-07,0.5179,81.0,0.5298,87.0,0.6451,82.0,,,0.5203,64.0,0.3657,27.0,0.3417,31.0,0.4443,45.0,,,0.4327,38.0
2024-08-06,0.5141,80.0,0.5081,84.0,0.5776,72.0,,,0.4583,50.0,0.3652,27.0,0.34,31.0,0.4434,44.0,,,0.4746,53.0
2024-08-05,0.4531,72.0,0.4814,80.0,0.4629,52.0,,,0.5556,70.0,0.3627,26.0,0.3383,30.0,0.4369,42.0,,,0.4963,61.0
2024-08-02,0.4949,78.0,0.3735,55.0,0.3541,21.0,,,0.3784,26.0,0.3654,27.0,0.331,27.0,0.4316,40.0,,,0.4569,46.0
2024-08-01,0.4118,65.0,0.3908,60.0,0.4499,48.0,,,0.3377,14.0,0.3581,25.0,0.331,27.0,0.4209,37.0,,,0.4405,41.0
2024-07-31,0.311,41.0,0.3621,51.0,0.3471,19.0,,,0.3285,11.0,0.3483,22.0,0.3265,25.0,0.4173,36.0,,,0.4344,39.0
2024-07-30,0.3484,50.0,0.3563,49.0,0.341,17.0,,,0.3483,17.0,0.3503,23.0,0.3254,25.0,0.4153,35.0,,,0.4389,41.0
2024-07-29,0.3831,59.0,0.3542,48.0,0.3481,19.0,,,0.3554,19.0,0.3553,24.0,0.3275,26.0,0.3968,31.0,,,0.4641,49.0
2024-07-26,0.4171,66.0,0.3733,55.0,0.4795,55.0,,,0.4138,37.0,0.3553,24.0,0.328,26.0,0.4216,37.0,,,0.4122,32.0
2024-07-25,0.4512,72.0,0.3829,57.0,0.5511,68.0,,,0.499,60.0,0.3552,24.0,0.3278,26.0,0.4188,37.0,,,0.4456,43.0
2024-07-24,0.4911,78.0,0.3837,57.0,0.4512,48.0,,,0.4415,46.0,0.3545,24.0,0.3267,25.0,0.4463,46.0,,,0.4448,43.0
2024-07-23,0.4681,74.0,0.3824,57.0,0.4537,49.0,,,0.5412,67.0,0.3537,23.0,0.3255,25.0,0.4272,39.0,,,0.4315,38.0
2024-07-22,0.4065,64.0,0.3223,37.0,0.4465,47.0,,,0.4316,43.0,0.3498,23.0,0.3226,23.0,0.4066,33.0,,,0.4584,47.0
2024-07-19,0.4853,77.0,0.3589,50.0,0.4555,50.0,,,0.4568,50.0,0.3477,22.0,0.3244,24.0,0.4088,34.0,,,0.456,46.0
2024-07-18,0.4669,74.0,0.3599,50.0,0.4888,57.0,,,0.4438,46.0,0.3471,22.0,0.3246,24.0,0.4279,39.0,,,0.4328,38.0
2024-07-17,0.4075,64.0,0.3324,40.0,0.4855,57.0,,,0.4481,47.0,0.3448,21.0,0.3237,24.0,0.455,49.0,,,0.4481,44.0
2024-07-16,0.3208,43.0,0.3231,37.0,0.4779,55.0,,,0.4162,38.0,0.3431,20.0,0.3238,24.0,0.4779,57.0,,,0.4058,31.0
2024-07-15,0.3577,52.0,0.3123,33.0,0.5099,61.0,,,0.424,40.0,0.3397,20.0,0.3249,25.0,0.3912,28.0,,,0.4161,34.0
2024-07-12,0.3553,52.0,0.2816,23.0,0.3732,26.0,,,0.3704,23.0,0.3438,21.0,0.3239,24.0,0.4659,53.0,,,0.3704,22.0
2024-07-11,0.3765,57.0,0.2954,27.0,0.5518,68.0,,,0.4247,41.0,0.3449,21.0,0.3251,25.0,0.4646,53.0,,,0.4333,39.0
2024-07-10,0.2091,15.0,0.233,10.0,0.4574,50.0,,,0.7672,91.0,0.3392,20.0,0.3224,23.0,0.4827,59.0,,,0.4407,41.0
2024-07-09,0.1658,8.0,0.2452,13.0,0.5236,64.0,,,0.719,89.0,0.3395,20.0,0.3233,24.0,0.4705,55.0,,,0.4261,36.0
2024-07-08,0.1667,8.0,0.2646,17.0,0.5061,60.0,,,0.6637,84.0,0.3401,20.0,0.3234,24.0,0.4447,45.0,,,0.4467,43.0
2024-07-05,0.1585,7.0,0.2575,16.0,0.5385,66.0,,,0.6295,81.0,0.3399,20.0,0.3235,24.0,0.3878,28.0,,,0.4057,31.0
2024-07-03,0.2313,20.0,0.2694,19.0,0.7262,90.0,,,0.6587,84.0,0.3393,20.0,0.3232,24.0,0.4411,44.0,,,0.4104,32.0
2024-07-02,0.2142,16.0,0.2744,20.0,0.5459,67.0,,,0.5954,76.0,0.3393,20.0,0.3232,24.0,0.4878,61.0,,,0.4577,46.0
2024-07-01,0.2435,23.0,0.2781,21.0,0.4684,53.0,,,0.6155,79.0,0.3477,22.0,0.3242,24.0,0.4839,59.0,,,0.4361,40.0
2024-06-28,0.2515,25.0,0.265,18.0,0.5219,63.0,,,0.4388,45.0,0.3497,23.0,0.3264,25.0,0.43,40.0,,,0.4024,30.0
2024-06-27,0.2676,30.0,0.2675,18.0,0.4674,53.0,,,0.4093,35.0,0.3502,23.0,0.3258,25.0,0.4967,63.0,,,0.3814,25.0
2024-06-26,0.2699,30.0,0.2606,16.0,0.4826,56.0,,,0.4019,33.0,0.35,23.0,0.325,25.0,0.449,46.0,,,0.4555,46.0
2024-06-25,0.3175,42.0,0.2693,19.0,0.4495,48.0,,,0.4136,37.0,0.3499,23.0,0.325,25.0,0.4495,47.0,,,0.504,62.0
2024-06-24,0.2273,19.0,0.2572,16.0,0.3272,12.0,,,0.3962,32.0,0.3525,23.0,0.3259,25.0,0.4247,39.0,,,0.3863,26.0
2024-06-21,0.2491,24.0,0.2812,22.0,0.409,37.0,,,0.3983,32.0,0.3526,23.0,0.3258,25.0,0.4334,41.0,,,0.4249,36.0
2024-06-20,0.2514,25.0,0.2996,28.0,0.438,45.0,,,0.4568,50.0,0.3526,23.0,0.3248,24.0,0.438,42.0,,,0.4125,32.0
2024-06-18,0.2655,28.0,0.3019,28.0,0.3859,30.0,,,0.3849,28.0,0.3557,24.0,0.3261,25.0,0.4696,55.0,,,0.4164,34.0
2024-06-17,0.2676,30.0,0.3,28.0,0.4901,57.0,,,0.4931,59.0,0.3563,24.0,0.3257,25.0,0.4843,60.0,,,0.4943,60.0
2024-06-14,0.257,27.0,0.2974,28.0,0.5467,67.0,,,0.4105,35.0,0.3561,24.0,0.3275,26.0,0.4732,56.0,,,0.4252,36.0
2024-06-13,0.2108,16.0,0.3135,33.0,0.4493,48.0,,,0.4745,54.0,0.3536,23.0,0.3274,26.0,0.4605,51.0,,,0.4073,31.0
2024-06-12,0.4121,65.0,0.3435,44.0,0.4473,47.0,,,0.6089,78.0,0.3542,24.0,0.3277,26.0,0.4773,57.0,,,0.4419,42.0
2024-06-11,0.5054,80.0,0.3525,47.0,0.4814,56.0,,,0.4886,57.0,0.3576,25.0,0.3298,26.0,0.4835,59.0,,,0.4563,46.0
2024-06-10,0.4884,77.0,0.3273,38.0,0.4911,57.0,,,0.4978,59.0,0.3573,25.0,0.3286,26.0,0.4087,34.0,,,0.4083,32.0
2024-06-07,0.516,81.0,0.3352,41.0,0.4586,51.0,,,0.445,47.0,0.3575,25.0,0.3287,26.0,0.4586,50.0,,,0.4074,31.0
2024-06-06,0.5233,81.0,0.3489,46.0,0.4758,54.0,,,0.5016,60.0,0.3572,24.0,0.3285,26.0,0.4407,43.0,,,0.3999,28.0
2024-06-05,0.5234,81.0,0.3453,45.0,0.3857,30.0,,,0.5336,66.0,0.3576,25.0,0.3298,26.0,0.4532,48.0,,,0.4197,35.0
2024-06-04,0.5292,82.0,0.336,42.0,0.5333,65.0,,,0.4373,44.0,0.3686,28.0,0.3312,27.0,0.4532,48.0,,,0.404,30.0
2024-06-03,0.3752,57.0,0.3928,60.0,0.348,19.0,,,0.3537,19.0,0.3624,26.0,0.3297,26.0,0.3807,26.0,,,0.402,30.0
2024-05-31,0.3381,47.0,0.3721,54.0,0.4617,52.0,,,0.4769,55.0,0.3584,25.0,0.329,26.0,0.461,51.0,,,0.4172,34.0
2024-05-30,0.3016,38.0,0.3719,54.0,0.3557,21.0,,,0.4391,45.0,0.3608,26.0,0.3303,27.0,0.3872,28.0,,,0.4253,36.0
2024-05-29,0.3429,48.0,0.367,53.0,0.4413,46.0,,,0.4292,42.0,0.3602,26.0,0.3304,27.0,0.4445,45.0,,,0.3998,28.0
2024-05-28,0.3516,51.0,0.3376,42.0,0.4298,43.0,,,0.4238,40.0,0.3634,27.0,0.33,27.0,0.4428,44.0,,,0.445,43.0
2024-05-24,0.4702,75.0,0.3695,54.0,0.4447,47.0,,,0.402,33.0,0.3641,27.0,0.3315,27.0,0.4405,43.0,,,0.3949,28.0
2024-05-23,0.4568,73.0,0.3634,51.0,0.3233,10.0,,,0.4842,57.0,0.3636,27.0,0.3311,27.0,0.437,42.0,,,0.4967,61.0
2024-05-22,0.3042,39.0,0.2652,18.0,0.7895,92.0,,,0.5429,68.0,0.3582,25.0,0.3262,25.0,0.4034,32.0,,,0.5429,77.0
2024-05-21,0.3355,46.0,0.2662,18.0,0.6615,84.0,,,0.4155,37.0,0.3583,25.0,0.326,25.0,0.4062,33.0,,,0.436,40.0
2024-05-20,0.3276,44.0,0.2752,20.0,0.4887,57.0,,,0.524,64.0,0.3581,25.0,0.3256,25.0,0.4718,55.0,,,0.4485,44.0
2024-05-17,0.329,45.0,0.2688,19.0,0.4727,54.0,,,0.5263,65.0,0.3577,25.0,0.3255,25.0,0.4186,37.0,,,0.4223,35.0
2024-05-16,0.3382,47.0,0.2759,21.0,0.4805,55.0,,,0.4603,51.0,0.3712,28.0,0.33,27.0,0.4742,56.0,,,0.481,55.0
2024-05-15,0.187,12.0,0.2253,9.0,0.4747,54.0,,,0.5476,68.0,0.389,31.0,0.3348,28.0,0.4747,56.0,,,0.441,41.0
2024-05-14,0.1783,11.0,0.2145,7.0,0.495,59.0,,,0.784,92.0,0.3903,32.0,0.3353,28.0,0.44,43.0,,,0.4986,61.0
2024-05-13,0.1774,10.0,0.2039,5.0,0.5776,72.0,,,0.4614,51.0,0.3969,34.0,0.3366,28.0,0.4513,47.0,,,0.4466,43.0
2024-05-10,0.1845,11.0,0.1883,3.0,0.5989,76.0,,,0.4197,39.0,0.3964,34.0,0.3373,28.0,0.4357,42.0,,,0.4469,43.0
2024-05-09,0.1381,5.0,0.2438,13.0,0.4274,43.0,,,0.4185,39.0,0.3959,34.0,0.3524,34.0,0.4829,59.0,,,0.5217,69.0
2024-05-08,0.2282,19.0,0.2475,13.0,0.4475,47.0,,,0.4412,46.0,0.3982,35.0,0.3542,35.0,0.4679,54.0,,,0.4403,41.0
2024-05-07,0.2419,22.0,0.2727,20.0,0.4373,45.0,,,0.7159,88.0,0.4013,36.0,0.356,35.0,0.4779,57.0,,,0.4358,40.0
2024-05-06,0.2434,23.0,0.2781,21.0,0.3798,28.0,,,0.6853,86.0,0.4017,36.0,0.3577,35.0,0.4792,57.0,,,0.4597,47.0
2024-05-03,0.2727,31.0,0.2859,24.0,0.6939,87.0,,,0.4523,49.0,0.4023,36.0,0.3589,36.0,0.4314,40.0,,,0.5167,67.0
2024-05-02,0.2439,23.0,0.2815,22.0,0.6683,85.0,,,0.4732,54.0,0.4047,38.0,0.3597,36.0,0.4295,40.0,,,0.4271,37.0
2024-05-01,0.3774,57.0,0.325,38.0,0.7292,90.0,,,0.4801,56.0,0.4205,47.0,0.3645,38.0,0.4668,53.0,,,0.4941,60.0
2024-04-30,0.3893,60.0,0.2849,24.0,0.4989,59.0,,,0.4379,45.0,0.4291,52.0,0.3675,39.0,0.4687,54.0,,,0.4221,35.0
2024-04-29,0.3677,55.0,0.2959,27.0,0.7028,88.0,,,0.444,47.0,0.4278,51.0,0.3682,39.0,0.4452,45.0,,,0.4877,57.0
2024-04-26,0.3592,53.0,0.2847,24.0,0.6456,82.0,,,0.4236,40.0,0.4273,51.0,0.3679,39.0,0.4388,43.0,,,0.4372,40.0
2024-04-25,0.3609,53.0,0.3042,30.0,0.6113,78.0,,,0.4434,46.0,0.4299,52.0,0.3689,39.0,0.4802,57.0,,,0.4376,40.0
2024-04-24,0.3006,38.0,0.3104,33.0,0.5633,70.0,,,0.4093,35.0,0.4284,52.0,0.3689,39.0,0.4569,49.0,,,0.4593,47.0
2024-04-23,0.326,44.0,0.3212,36.0,0.3525,20.0,,,0.4631,51.0,0.4282,51.0,0.3691,40.0,0.4457,45.0,,,0.4489,44.0
2024-04-22,0.3131,41.0,0.2989,28.0,0.5077,61.0,,,0.5663,71.0,0.4239,49.0,0.3679,39.0,0.4509,47.0,,,0.4716,51.0
2024-04-19,0.3049,39.0,0.2862,24.0,0.5208,63.0,,,0.5625,71.0,0.4285,52.0,0.3684,39.0,0.4278,39.0,,,0.4636,48.0
2024-04-18,0.2988,37.0,0.2737,20.0,0.604,77.0,,,0.4799,56.0,0.4292,52.0,0.3686,39.0,0.4374,42.0,,,0.441,41.0
2024-04-17,0.3017,38.0,0.2619,17.0,0.6182,79.0,,,0.5527,69.0,0.4298,52.0,0.3689,39.0,0.4365,42.0,,,0.4446,43.0
2024-04-16,0.2946,36.0,0.2361,11.0,0.4595,51.0,,,0.4702,53.0,0.4304,52.0,0.3686,39.0,0.4324,41.0,,,0.4893,57.0
2024-04-15,0.2629,28.0,0.2206,8.0,0.5214,63.0,,,0.7263,89.0,0.4333,54.0,0.3718,40.0,0.4649,53.0,,,0.4663,50.0
2024-04-12,0.2614,28.0,0.2386,11.0,0.8681,95.0,,,0.5512,69.0,0.4354,55.0,0.3736,41.0,0.419,37.0,,,0.4893,57.0
2024-04-11,0.2081,15.0,0.2616,17.0,0.8074,93.0,,,0.4436,46.0,0.432,53.0,0.3726,40.0,0.4339,41.0,,,0.5053,63.0
2024-04-10,0.1931,13.0,0.2859,24.0,0.5967,75.0,,,0.4734,54.0,0.4338,54.0,0.374,41.0,0.4521,48.0,,,0.4529,45.0
2024-04-09,0.202,14.0,0.2894,25.0,0.6531,83.0,,,0.4358,44.0,0.4314,53.0,0.3742,41.0,0.4186,37.0,,,0.5123,65.0
2024-04-08,0.2848,34.0,0.3212,36.0,0.7965,93.0,,,0.4542,49.0,0.4316,53.0,0.3752,42.0,0.4348,41.0,,,0.3926,27.0
2024-04-05,0.3262,44.0,0.3196,35.0,0.7531,91.0,,,0.3622,21.0,0.4315,53.0,0.3753,42.0,0.4383,42.0,,,0.4307,38.0
2024-04-04,0.3402,48.0,0.3284,39.0,0.6793,86.0,,,0.4766,55.0,0.4319,53.0,0.3764,42.0,0.4706,55.0,,,0.4956,60.0
2024-04-03,0.3545,51.0,0.334,41.0,0.6108,78.0,,,0.3982,32.0,0.4314,53.0,0.3761,42.0,0.4586,50.0,,,0.4393,41.0
2024-04-02,0.3636,54.0,0.3267,38.0,0.3622,23.0,,,0.5402,67.0,0.4311,53.0,0.3749,42.0,0.4119,34.0,,,0.4495,44.0
2024-04-01,0.5252,81.0,0.5426,88.0,0.3737,26.0,,,0.4846,57.0,0.4287,52.0,0.3738,41.0,0.4652,53.0,,,0.4241,36.0
2024-03-28,0.5299,82.0,0.555,89.0,0.4958,59.0,,,0.438,45.0,0.4293,52.0,0.374,41.0,0.4834,59.0,,,0.3971,28.0
2024-03-27,0.5412,83.0,0.5719,90.0,0.5445,67.0,,,0.4106,36.0,0.4283,52.0,0.3731,41.0,0.4439,44.0,,,0.457,46.0
2024-03-26,0.579,86.0,0.5882,91.0,0.4627,52.0,,,0.4818,56.0,0.4291,52.0,0.3749,42.0,0.4086,33.0,,,0.4145,33.0
2024-03-25,0.5492,84.0,0.5925,92.0,0.4355,44.0,,,0.5376,66.0,0.4293,52.0,0.3753,42.0,0.4847,60.0,,,0.446,43.0
2024-03-22,0.4999,79.0,0.5828,91.0,0.3912,31.0,,,0.4012,33.0,0.4296,52.0,0.3754,42.0,0.4676,54.0,,,0.4388,40.0
2024-03-21,0.5005,79.0,0.5733,90.0,0.3651,24.0,,,0.388,28.0,0.4291,52.0,0.3748,42.0,0.4502,47.0,,,0.4287,37.0
2024-03-20,0.2938,36.0,0.3582,49.0,0.5838,73.0,,,0.5302,65.0,0.4176,45.0,0.3605,37.0,0.5234,74.0,,,0.4754,53.0
2024-03-19,0.2329,20.0,0.3483,46.0,0.6932,87.0,,,0.5813,74.0,0.4155,43.0,0.3594,36.0,0.5012,65.0,,,0.4621,48.0
2024-03-18,0.2329,20.0,0.3063,31.0,0.6878,87.0,,,0.4996,60.0,0.4157,43.0,0.3567,35.0,0.4821,59.0,,,0.4272,37.0
2024-03-15,0.2059,15.0,0.2827,23.0,0.5449,67.0,,,0.5371,66.0,0.4145,42.0,0.3567,35.0,0.465,53.0,,,0.4468,43.0
2024-03-14,0.2647,28.0,0.2935,27.0,0.4783,55.0,,,0.4652,52.0,0.414,42.0,0.3561,35.0,0.4827,59.0,,,0.4558,46.0
2024-03-13,0.3057,39.0,0.2888,25.0,0.6067,77.0,,,0.59,75.0,0.4141,42.0,0.356,35.0,0.4672,54.0,,,0.4331,39.0
2024-03-12,0.264,28.0,0.2833,23.0,0.5168,62.0,,,0.5145,63.0,0.4168,44.0,0.3564,35.0,0.4739,56.0,,,0.4392,41.0
2024-03-11,0.2817,33.0,0.3005,28.0,0.3469,19.0,,,0.5185,64.0,0.4167,44.0,0.3592,36.0,0.475,57.0,,,0.4559,46.0
2024-03-08,0.3363,46.0,0.2897,25.0,0.5702,71.0,,,0.4802,56.0,0.4168,44.0,0.3588,36.0,0.4479,46.0,,,0.4636,48.0
2024-03-07,0.3557,52.0,0.2681,19.0,0.469,53.0,,,0.8595,94.0,0.4173,45.0,0.3584,36.0,0.4396,43.0,,,0.4221,35.0
2024-03-06,0.3756,57.0,0.2676,19.0,0.5726,71.0,,,0.542,67.0,0.4217,48.0,0.36,37.0,0.4328,41.0,,,0.5105,65.0
2024-03-05,0.3869,59.0,0.2534,15.0,0.5504,68.0,,,0.6247,80.0,0.42,47.0,0.3587,36.0,0.4631,52.0,,,0.5159,66.0
2024-03-04,0.3384,47.0,0.2542,15.0,0.5853,73.0,,,0.5092,61.0,0.4183,45.0,0.3586,36.0,0.4746,56.0,,,0.4359,40.0
2024-03-01,0.2934,36.0,0.2669,18.0,0.4504,48.0,,,0.4492,48.0,0.424,49.0,0.3612,37.0,0.4507,47.0,,,0.4401,41.0
2024-02-29,0.2996,38.0,0.2546,15.0,0.3948,33.0,,,0.5183,63.0,0.4239,49.0,0.3606,37.0,0.414,35.0,,,0.4555,46.0
2024-02-28,0.3956,61.0,0.2565,15.0,0.5154,62.0,,,0.511,62.0,0.4228,48.0,0.3604,37.0,0.4668,53.0,,,0.5275,71.0
2024-02-27,0.3483,50.0,0.2857,24.0,0.4928,57.0,,,0.4272,42.0,0.4277,51.0,0.365,38.0,0.4566,49.0,,,0.4646,49.0
2024-02-26,0.3624,54.0,0.303,30.0,0.7289,90.0,,,0.5353,66.0,0.4262,50.0,0.3749,42.0,0.4582,50.0,,,0.4448,43.0
2024-02-23,0.3482,50.0,0.3094,32.0,0.6072,77.0,,,0.4584,50.0,0.4247,50.0,0.3747,42.0,0.4983,64.0,,,0.5102,65.0
2024-02-22,0.4128,65.0,0.3257,38.0,0.466,53.0,,,0.4436,46.0,0.4242,49.0,0.3755,42.0,0.485,60.0,,,0.4306,38.0
2024-02-21,0.4858,77.0,0.3535,48.0,0.4457,47.0,,,0.4573,50.0,0.4272,51.0,0.3767,43.0,0.4631,52.0,,,0.4872,57.0
2024-02-20,0.4807,76.0,0.3538,48.0,0.4049,36.0,,,0.4861,57.0,0.4294,52.0,0.3767,43.0,0.4721,55.0,,,0.4442,42.0
2024-02-16,0.3758,57.0,0.358,49.0,0.3858,30.0,,,0.56,70.0,0.4344,54.0,0.3786,43.0,0.5015,65.0,,,0.4367,40.0
2024-02-15,0.3952,61.0,0.3464,45.0,0.4029,35.0,,,0.4366,44.0,0.4344,54.0,0.3782,43.0,0.4515,47.0,,,0.4583,47.0
2024-02-14,0.3998,62.0,0.3518,47.0,0.6289,80.0,,,0.5059,61.0,0.4326,54.0,0.3778,43.0,0.499,64.0,,,0.4718,52.0
2024-02-13,0.4378,70.0,0.3392,43.0,0.4541,49.0,,,0.4487,47.0,0.4334,54.0,0.3781,43.0,0.4408,43.0,,,0.4545,45.0
2024-02-12,0.3592,53.0,0.3395,43.0,0.4567,50.0,,,0.4083,35.0,0.4315,53.0,0.3786,43.0,0.3596,22.0,,,0.5284,72.0
2024-02-09,0.3033,39.0,0.3033,30.0,0.5576,69.0,,,0.4008,33.0,0.4266,51.0,0.3765,42.0,0.4685,54.0,,,0.5072,64.0
2024-02-08,0.4245,67.0,0.3349,41.0,0.5809,72.0,,,0.51,62.0,0.426,50.0,0.3764,42.0,0.4877,61.0,,,0.3899,27.0
2024-02-07,0.4191,66.0,0.3413,44.0,0.4024,35.0,,,0.4142,37.0,0.4249,50.0,0.376,42.0,0.4794,57.0,,,0.4128,32.0
2024-02-06,0.4202,66.0,0.3273,38.0,0.4264,42.0,,,0.4323,43.0,0.4254,50.0,0.3768,43.0,0.4867,60.0,,,0.3571,20.0
2024-02-05,0.3592,53.0,0.2977,28.0,0.4309,43.0,,,0.6598,84.0,0.4237,49.0,0.376,42.0,0.4957,63.0,,,0.5077,64.0
2024-02-02,0.3517,51.0,0.2984,28.0,0.4182,40.0,,,0.4892,57.0,0.4241,49.0,0.3759,42.0,0.4723,56.0,,,0.4882,57.0
2024-02-01,0.357,52.0,0.2933,27.0,0.4251,42.0,,,0.4004,33.0,0.4242,49.0,0.3753,42.0,0.521,73.0,,,0.4602,47.0
2024-01-31,0.3071,40.0,0.3391,43.0,0.4088,37.0,,,0.426,41.0,0.4219,48.0,0.3754,42.0,0.4523,48.0,,,0.4534,45.0
2024-01-30,0.1977,13.0,0.3036,30.0,0.6095,77.0,,,0.4554,50.0,0.4191,46.0,0.3744,41.0,0.452,48.0,,,0.4686,50.0
2024-01-29,0.1684,9.0,0.2987,28.0,0.4265,42.0,,,0.5014,60.0,0.4184,45.0,0.3736,41.0,0.4459,45.0,,,0.4963,61.0
2024-01-26,0.1745,10.0,0.3172,35.0,0.4339,44.0,,,0.4139,37.0,0.4184,45.0,0.3737,41.0,0.4445,45.0,,,0.5508,79.0
2024-01-25,0.1683,9.0,0.3571,49.0,0.3866,30.0,,,0.4234,40.0,0.4184,45.0,0.3743,41.0,0.3329,16.0,,,0.4515,44.0
2024-01-24,0.2372,21.0,0.3581,49.0,0.4017,35.0,,,0.411,36.0,0.4191,46.0,0.3746,41.0,0.4381,42.0,,,0.459,47.0
2024-01-23,0.2452,23.0,0.3652,52.0,0.4009,34.0,,,0.3998,33.0,0.419,46.0,0.3748,42.0,0.4918,62.0,,,0.4548,45.0
2024-01-22,0.2731,31.0,0.3265,38.0,0.432,44.0,,,0.4392,45.0,0.4263,50.0,0.3752,42.0,0.4572,50.0,,,0.4752,53.0
2024-01-19,0.3048,39.0,0.3381,42.0,0.4505,48.0,,,0.4081,35.0,0.426,50.0,0.375,42.0,0.4926,62.0,,,0.4433,42.0
2024-01-18,0.2919,36.0,0.3278,39.0,0.3991,34.0,,,0.4163,38.0,0.4276,51.0,0.375,42.0,0.4519,48.0,,,0.486,57.0
2024-01-17,0.3024,38.0,0.3178,35.0,0.4139,38.0,,,0.4743,54.0,0.4277,51.0,0.3745,41.0,0.4891,61.0,,,0.4815,56.0
2024-01-16,0.2946,36.0,0.2778,21.0,0.2999,5.0,,,0.397,32.0,0.4277,51.0,0.3726,40.0,0.4315,40.0,,,0.4615,48.0
2024-01-12,0.2535,26.0,0.2669,18.0,0.4568,50.0,,,0.4652,52.0,0.4255,50.0,0.3723,40.0,0.474,56.0,,,0.5451,78.0
2024-01-11,0.3757,57.0,0.2778,21.0,0.3803,28.0,,,0.4234,40.0,0.4254,50.0,0.3725,40.0,0.434,41.0,,,0.4977,61.0
2024-01-10,0.3747,56.0,0.3165,34.0,0.4507,48.0,,,0.4138,37.0,0.4235,49.0,0.3723,40.0,0.4466,46.0,,,0.4328,38.0
2024-01-09,0.2972,37.0,0.2992,28.0,0.5175,62.0,,,0.3966,32.0,0.4245,49.0,0.372,40.0,0.4296,40.0,,,0.4054,31.0
2024-01-08,0.307,40.0,0.2968,28.0,0.7508,90.0,,,0.2785,2.0,0.4262,50.0,0.3732,41.0,0.4582,50.0,,,0.4418,42.0
2024-01-05,0.3155,41.0,0.2901,25.0,0.3519,20.0,,,0.5018,60.0,0.4267,51.0,0.3738,41.0,0.4463,46.0,,,0.4601,47.0
2024-01-04,0.4942,78.0,0.3227,37.0,0.4838,56.0,,,0.4523,49.0,0.4263,50.0,0.3737,41.0,0.4549,49.0,,,0.4684,50.0
2024-01-03,0.4926,78.0,0.3242,37.0,0.4262,42.0,,,0.5821,74.0,0.4265,51.0,0.3739,41.0,0.457,50.0,,,0.5302,72.0
2024-01-02,0.3779,57.0,0.2901,25.0,0.4284,43.0,,,0.3779,26.0,0.4195,46.0,0.3725,40.0,0.4313,40.0,,,0.4329,38.0
2023-12-29,0.3938,61.0,0.2576,16.0,0.3238,11.0,,,0.3789,26.0,0.4175,45.0,0.3719,40.0,0.4686,54.0,,,0.435,39.0
2023-12-28,0.3922,60.0,0.2656,18.0,0.3296,12.0,,,0.3725,24.0,0.4172,45.0,0.3721,40.0,0.4182,36.0,,,0.4348,39.0
2023-12-27,0.3928,60.0,0.3115,33.0,0.3413,17.0,,,0.4822,56.0,0.4191,46.0,0.3726,40.0,0.4172,36.0,,,0.3807,24.0
2023-12-26,0.3942,61.0,0.3158,34.0,0.3553,21.0,,,0.4222,40.0,0.4191,46.0,0.3734,41.0,0.4264,39.0,,,0.425,36.0
2023-12-22,0.2764,32.0,0.2949,27.0,0.4274,43.0,,,0.3793,26.0,0.416,43.0,0.3725,40.0,0.3955,30.0,,,0.4257,36.0
2023-12-21,0.3626,54.0,0.3549,48.0,0.4188,40.0,,,0.387,28.0,0.4161,44.0,0.3727,41.0,0.405,33.0,,,0.3293,11.0
2023-12-20,0.3616,53.0,0.3657,52.0,0.4646,52.0,,,0.3816,27.0,0.4162,44.0,0.3732,41.0,0.4718,55.0,,,0.3817,25.0
2023-12-19,0.2381,21.0,0.3488,46.0,0.3496,19.0,,,0.2628,1.0,0.4133,42.0,0.373,41.0,0.4304,40.0,,,0.3779,24.0
2023-12-18,0.2503,25.0,0.3502,47.0,0.4277,43.0,,,0.3692,23.0,0.4132,41.0,0.3731,41.0,0.4781,57.0,,,0.3429,17.0
2023-12-15,0.2291,19.0,0.3382,42.0,0.4004,34.0,,,0.3716,24.0,0.4132,41.0,0.3713,40.0,0.473,56.0,,,0.4581,47.0
2023-12-14,0.375,57.0,0.378,56.0,0.373,26.0,,,0.3658,22.0,0.4166,44.0,0.3736,41.0,0.4928,62.0,,,0.45,44.0
2023-12-13,0.528,82.0,0.3755,56.0,0.389,31.0,,,0.378,26.0,0.4163,44.0,0.373,41.0,0.4008,31.0,,,0.4373,40.0
2023-12-12,0.502,79.0,0.3388,43.0,0.3443,18.0,,,0.4131,36.0,0.4129,41.0,0.3708,40.0,0.367,24.0,,,0.4643,49.0
2023-12-11,0.5155,80.0,0.3557,49.0,0.3357,15.0,,,0.4236,40.0,0.4131,41.0,0.3704,40.0,0.3799,26.0,,,0.4779,54.0
2023-12-08,0.5309,82.0,0.3637,52.0,0.418,40.0,,,0.4181,38.0,0.4136,42.0,0.3712,40.0,0.411,34.0,,,0.4165,34.0
2023-12-07,0.5338,82.0,0.3731,55.0,0.3821,28.0,,,0.3899,30.0,0.4136,42.0,0.3712,40.0,0.4257,39.0,,,0.5004,62.0
2023-12-06,0.5333,82.0,0.3735,55.0,0.35,20.0,,,0.4911,57.0,0.4137,42.0,0.3708,40.0,0.4544,49.0,,,0.4551,46.0
2023-12-05,0.4392,70.0,0.3337,41.0,0.4668,53.0,,,0.3793,26.0,0.4026,37.0,0.3689,39.0,0.3909,28.0,,,0.3885,26.0
2023-12-04,0.3672,55.0,0.337,42.0,0.3201,9.0,,,0.4681,53.0,0.3993,35.0,0.3689,39.0,0.3938,30.0,,,0.4974,61.0
2023-12-01,0.3666,55.0,0.3214,36.0,0.3367,15.0,,,0.4417,46.0,0.406,38.0,0.3703,40.0,0.3853,27.0,,,0.4403,41.0
2023-11-30,0.3151,41.0,0.2901,25.0,0.3522,20.0,,,0.3665,22.0,0.4118,41.0,0.3726,40.0,0.3792,26.0,,,0.4421,42.0
2023-11-29,0.3171,42.0,0.2785,21.0,0.3634,23.0,,,0.3548,19.0,0.421,47.0,0.3737,41.0,0.3732,25.0,,,0.4624,48.0
2023-11-28,0.4948,78.0,0.3365,42.0,0.4137,38.0,,,0.3816,27.0,0.4254,50.0,0.3745,41.0,0.3897,28.0,,,0.5503,79.0
2023-11-27,0.7555,94.0,0.4194,67.0,0.4391,45.0,,,0.3781,26.0,0.4245,49.0,0.3738,41.0,0.3947,30.0,,,0.5925,87.0
2023-11-24,0.7834,94.0,0.4258,69.0,0.4463,47.0,,,0.4316,43.0,0.4259,50.0,0.3751,42.0,0.4777,57.0,,,0.4336,39.0
2023-11-22,0.8394,95.0,0.4394,72.0,0.3977,34.0,,,0.42,39.0,0.4248,50.0,0.3748,42.0,0.4516,48.0,,,0.4906,59.0
2023-11-21,0.8378,95.0,0.4507,74.0,0.3887,31.0,,,0.3802,27.0,0.425,50.0,0.3753,42.0,0.4731,56.0,,,0.4183,34.0
2023-11-20,0.8438,95.0,0.6298,94.0,0.3766,27.0,,,0.4179,38.0,0.4281,51.0,0.3769,43.0,0.5128,69.0,,,0.3893,27.0
2023-11-17,0.8655,96.0,0.6464,95.0,0.4193,40.0,,,0.515,63.0,0.4383,56.0,0.3861,46.0,0.4301,40.0,,,0.4632,48.0
2023-11-16,0.7361,93.0,0.6262,94.0,0.4426,46.0,,,0.4512,48.0,0.4261,50.0,0.3831,44.0,0.3485,20.0,,,0.4781,54.0
2023-11-15,0.4883,77.0,0.5759,90.0,1.0146,98.0,,,1.1101,98.0,0.4091,39.0,0.3788,43.0,0.4633,52.0,,,0.4299,38.0
2023-11-14,0.4579,73.0,0.5807,91.0,1.006,98.0,,,1.0424,98.0,0.4144,42.0,0.3834,45.0,0.4228,38.0,,,0.4835,56.0
2023-11-13,0.3512,50.0,0.5714,90.0,0.8583,95.0,,,0.9934,97.0,0.4071,39.0,0.3831,44.0,0.4196,37.0,,,0.4885,57.0
2023-11-10,0.6642,90.0,0.612,93.0,0.6839,86.0,,,0.9021,96.0,0.4103,40.0,0.3832,45.0,0.4265,39.0,,,0.4881,57.0
2023-11-09,0.7592,94.0,0.5031,83.0,0.9033,96.0,,,0.8858,95.0,0.4103,40.0,0.3692,40.0,0.3917,28.0,,,0.4171,34.0
2023-11-08,0.7424,93.0,0.4893,81.0,0.8831,96.0,,,0.8066,92.0,0.409,39.0,0.3677,39.0,0.4095,34.0,,,0.3764,24.0
2023-11-07,0.7072,92.0,0.4766,79.0,0.7895,92.0,,,0.8343,93.0,0.4065,38.0,0.366,39.0,0.4333,41.0,,,0.4753,53.0
2023-11-06,0.7347,93.0,0.4709,78.0,0.6637,84.0,,,0.7997,92.0,0.4067,38.0,0.3652,39.0,0.2965,4.0,,,0.4493,44.0
2023-11-03,0.7237,93.0,0.458,76.0,0.6124,78.0,,,0.5965,76.0,0.4066,38.0,0.3661,39.0,0.3732,25.0,,,0.4606,48.0
2023-11-02,0.6916,91.0,0.4472,73.0,0.7959,93.0,,,0.6409,82.0,0.4035,37.0,0.3661,39.0,0.5001,64.0,,,0.5192,68.0
2023-11-01,0.3917,60.0,0.3863,59.0,0.7182,89.0,,,0.8227,93.0,0.3847,30.0,0.362,38.0,0.4371,42.0,,,0.5029,62.0
2023-10-31,0.3252,44.0,0.3046,31.0,0.8299,94.0,,,0.7386,90.0,0.3811,28.0,0.3566,35.0,0.4382,42.0,,,0.5415,76.0
2023-10-30,0.3348,46.0,0.3048,31.0,0.778,92.0,,,0.7272,89.0,0.3835,28.0,0.3575,35.0,0.4031,32.0,,,0.3914,27.0
2023-10-27,0.3205,43.0,0.3071,31.0,0.7355,90.0,,,0.6834,86.0,0.3837,28.0,0.3591,36.0,0.4096,34.0,,,0.3891,26.0
2023-10-26,0.3004,38.0,0.2963,28.0,0.6633,84.0,,,0.5666,71.0,0.3818,28.0,0.3594,36.0,0.3603,22.0,,,0.5142,66.0
2023-10-25,0.4221,67.0,0.3672,53.0,0.5628,70.0,,,0.5721,72.0,0.3819,28.0,0.3622,38.0,0.3263,13.0,,,0.4079,32.0
2023-10-24,0.4975,79.0,0.4034,63.0,0.5514,68.0,,,0.6434,82.0,0.3818,28.0,0.3623,38.0,0.3555,21.0,,,0.4606,48.0
2023-10-23,0.4849,77.0,0.3885,59.0,0.6256,80.0,,,0.8094,93.0,0.3812,28.0,0.3624,38.0,0.3385,18.0,,,0.578,84.0
2023-10-20,0.4349,69.0,0.3939,61.0,0.508,61.0,,,0.634,81.0,0.3776,28.0,0.3618,38.0,0.4142,35.0,,,0.3926,27.0
2023-10-19,0.4068,64.0,0.3869,59.0,0.5437,67.0,,,0.5771,73.0,0.3917,32.0,0.3661,39.0,0.3656,23.0,,,0.4624,48.0
2023-10-18,0.3904,60.0,0.3887,59.0,0.3977,34.0,,,0.5188,64.0,0.3917,32.0,0.3658,39.0,0.3447,19.0,,,0.4307,38.0
2023-10-17,0.3685,55.0,0.3795,57.0,0.4704,54.0,,,0.5384,66.0,0.3912,32.0,0.3651,39.0,0.423,38.0,,,0.45,44.0
2023-10-16,0.312,41.0,0.332,40.0,0.4462,47.0,,,0.4649,52.0,0.3877,31.0,0.3616,37.0,0.4159,35.0,,,0.4439,42.0
2023-10-13,0.2117,16.0,0.3009,28.0,0.6881,87.0,,,0.5155,63.0,0.384,30.0,0.3595,36.0,0.3528,21.0,,,0.4766,54.0
2023-10-12,0.2207,18.0,0.3156,34.0,0.4382,45.0,,,0.4704,53.0,0.3845,30.0,0.3602,37.0,0.4235,38.0,,,0.4176,34.0
2023-10-11,0.1596,7.0,0.2805,22.0,0.4529,49.0,,,0.4092,35.0,0.3866,30.0,0.3607,37.0,0.5157,70.0,,,0.4691,50.0
2023-10-10,0.201,14.0,0.2839,23.0,0.4651,52.0,,,0.5178,63.0,0.3866,30.0,0.3613,37.0,0.428,39.0,,,0.5319,73.0
2023-10-09,0.1899,12.0,0.2754,21.0,0.4781,55.0,,,0.3836,28.0,0.3863,30.0,0.3609,37.0,0.484,60.0,,,0.4553,46.0
2023-10-06,0.2573,27.0,0.3118,33.0,0.394,32.0,,,0.4311,42.0,0.3868,30.0,0.3616,37.0,0.3601,22.0,,,0.3948,28.0
2023-10-05,0.2622,28.0,0.3043,30.0,0.3952,33.0,,,0.5375,66.0,0.3887,31.0,0.3612,37.0,0.3702,24.0,,,0.4494,44.0
2023-10-04,0.3284,45.0,0.3194,35.0,0.4949,57.0,,,0.4105,35.0,0.3893,31.0,0.3612,37.0,0.3721,24.0,,,0.3556,20.0
2023-10-03,0.304,39.0,0.3249,38.0,0.4088,37.0,,,0.4024,33.0,0.3892,31.0,0.3612,37.0,0.4615,51.0,,,0.3784,24.0
2023-10-02,0.3231,43.0,0.3486,46.0,0.3932,32.0,,,0.4138,37.0,0.3888,31.0,0.3616,37.0,0.4858,60.0,,,0.4616,48.0
2023-09-29,0.3252,44.0,0.344,44.0,0.4129,38.0,,,0.4107,36.0,0.3929,32.0,0.364,38.0,0.4356,41.0,,,0.4222,35.0
2023-09-28,0.3095,40.0,0.3383,43.0,0.4193,40.0,,,0.4025,33.0,0.3939,33.0,0.364,38.0,0.4842,60.0,,,0.4196,35.0
2023-09-27,0.2995,38.0,0.3314,40.0,0.5142,62.0,,,0.4311,42.0,0.3922,32.0,0.3622,38.0,0.4357,42.0,,,0.4153,33.0
2023-09-26,0.2749,31.0,0.3197,36.0,0.383,28.0,,,0.474,54.0,0.3903,32.0,0.362,38.0,0.4463,46.0,,,0.5909,87.0
2023-09-25,0.2109,16.0,0.2973,28.0,0.3399,16.0,,,0.4201,39.0,0.3891,31.0,0.3608,37.0,0.4883,61.0,,,0.4262,36.0
2023-09-22,0.2973,37.0,0.2996,28.0,0.3703,26.0,,,0.4077,35.0,0.3893,31.0,0.3604,37.0,0.4183,36.0,,,0.4294,37.0
2023-09-21,0.258,27.0,0.3347,41.0,0.3485,19.0,,,0.3959,31.0,0.3879,31.0,0.3597,36.0,0.4045,33.0,,,0.4527,45.0
2023-09-20,0.2566,26.0,0.3375,42.0,0.3472,19.0,,,0.3609,21.0,0.3881,31.0,0.3606,37.0,0.3877,28.0,,,0.467,50.0
2023-09-19,0.2837,33.0,0.3395,43.0,0.3541,21.0,,,0.6469,83.0,0.3884,31.0,0.362,38.0,0.3544,21.0,,,0.4284,37.0
2023-09-18,0.4135,65.0,0.3487,46.0,0.3743,27.0,,,0.401,33.0,0.3996,35.0,0.3802,43.0,0.3988,31.0,,,0.4226,35.0
2023-09-15,0.4141,65.0,0.3452,45.0,0.3544,21.0,,,0.5676,72.0,0.3999,35.0,0.3827,44.0,0.4088,34.0,,,0.4288,37.0
2023-09-14,0.4137,65.0,0.3412,44.0,0.3505,20.0,,,0.3343,13.0,0.4015,36.0,0.3856,45.0,0.3823,26.0,,,0.4356,40.0
2023-09-13,0.409,64.0,0.3756,56.0,0.441,46.0,,,0.3989,32.0,0.4,35.0,0.3871,46.0,0.4315,40.0,,,0.4406,41.0
2023-09-12,0.3846,59.0,0.3293,39.0,0.3666,24.0,,,0.4149,37.0,0.3995,35.0,0.3867,46.0,0.4493,47.0,,,0.4338,39.0
2023-09-11,0.3643,54.0,0.3216,36.0,0.5347,66.0,,,0.6052,77.0,0.3993,35.0,0.3876,47.0,0.4753,57.0,,,0.4403,41.0
2023-09-08,0.5514,84.0,0.3959,61.0,0.3137,8.0,,,0.5948,76.0,0.3993,35.0,0.3881,47.0,0.4861,60.0,,,0.4249,36.0
2023-09-07,0.48,76.0,0.5156,85.0,0.377,27.0,,,0.4387,45.0,0.398,34.0,0.3875,46.0,0.44,43.0,,,0.4563,46.0
2023-09-06,0.4796,76.0,0.5216,86.0,0.4432,46.0,,,0.4076,34.0,0.4012,36.0,0.3892,48.0,0.3897,28.0,,,0.462,48.0
2023-09-05,0.4807,76.0,0.5326,87.0,0.4213,41.0,,,0.3846,28.0,0.4011,36.0,0.3903,48.0,0.4923,62.0,,,0.4609,48.0
2023-09-01,0.4055,63.0,0.5236,86.0,0.4466,47.0,,,0.411,36.0,0.398,34.0,0.3893,48.0,0.4668,53.0,,,0.4855,57.0
2023-08-31,0.4767,76.0,0.5236,86.0,0.4061,36.0,,,0.3899,30.0,0.4005,35.0,0.3908,49.0,0.5317,76.0,,,0.4819,56.0
2023-08-30,0.5861,86.0,0.5515,89.0,0.4448,47.0,,,0.4327,43.0,0.4066,38.0,0.3959,51.0,0.4659,53.0,,,0.4611,48.0
2023-08-29,0.4051,63.0,0.5061,84.0,0.4006,34.0,,,0.4727,54.0,0.3989,35.0,0.392,49.0,0.4266,39.0,,,0.4643,49.0
2023-08-28,0.4435,71.0,0.3613,50.0,0.6609,84.0,,,0.653,83.0,0.3992,35.0,0.3825,44.0,0.4537,49.0,,,0.4867,57.0
2023-08-25,0.4146,65.0,0.3753,56.0,0.5792,72.0,,,0.5285,65.0,0.3995,35.0,0.3832,45.0,0.4848,60.0,,,0.5673,82.0
2023-08-24,0.3786,57.0,0.3848,57.0,0.6432,82.0,,,0.4177,38.0,0.3996,35.0,0.3832,45.0,0.5028,66.0,,,0.482,56.0
2023-08-23,0.3701,56.0,0.3494,46.0,0.5335,66.0,,,0.5601,70.0,0.3971,34.0,0.3815,44.0,0.4626,52.0,,,0.4849,57.0
2023-08-22,0.36,53.0,0.3482,46.0,0.6051,77.0,,,0.5818,74.0,0.3942,33.0,0.3819,44.0,0.427,39.0,,,0.4772,54.0
2023-08-21,0.2132,16.0,0.3061,31.0,0.6538,83.0,,,0.5418,67.0,0.3865,30.0,0.3815,44.0,0.4873,61.0,,,0.4821,56.0
2023-08-18,0.2156,17.0,0.3181,35.0,0.5596,69.0,,,0.5901,75.0,0.3862,30.0,0.382,44.0,0.4159,35.0,,,0.4256,36.0
2023-08-17,0.1442,5.0,0.3157,34.0,0.572,71.0,,,0.5275,65.0,0.3943,33.0,0.3833,45.0,0.4555,49.0,,,0.5027,62.0
2023-08-16,0.1315,4.0,0.2937,27.0,0.8175,93.0,,,0.4972,59.0,0.394,33.0,0.3824,44.0,0.4218,37.0,,,0.4481,44.0
2023-08-15,0.1319,4.0,0.2666,18.0,0.4374,45.0,,,0.5029,61.0,0.3942,33.0,0.3818,44.0,0.4165,36.0,,,0.4496,44.0
2023-08-14,0.1812,11.0,0.2777,21.0,0.4982,59.0,,,0.5064,61.0,0.3948,33.0,0.3827,44.0,0.4028,32.0,,,0.4482,44.0
2023-08-11,0.2343,21.0,0.293,26.0,0.5474,68.0,,,0.4522,48.0,0.3949,33.0,0.383,44.0,0.4586,50.0,,,0.4748,53.0
2023-08-10,0.2336,20.0,0.2906,26.0,0.4975,59.0,,,0.5155,63.0,0.3971,34.0,0.3842,45.0,0.4213,37.0,,,0.4777,54.0
2023-08-09,0.229,19.0,0.2551,15.0,0.5469,68.0,,,0.5456,68.0,0.3973,34.0,0.3831,44.0,0.4623,52.0,,,0.4356,40.0
2023-08-08,0.1921,13.0,0.2577,16.0,0.5485,68.0,,,0.5317,66.0,0.3961,34.0,0.3848,45.0,0.4864,60.0,,,0.464,49.0
2023-08-07,0.1842,11.0,0.2672,18.0,0.6935,87.0,,,0.65,83.0,0.3956,34.0,0.385,45.0,0.4936,62.0,,,0.4654,49.0
2023-08-04,0.1753,10.0,0.2822,23.0,0.498,59.0,,,0.5942,76.0,0.3958,34.0,0.3864,46.0,0.4319,41.0,,,0.469,50.0
2023-08-03,0.3535,51.0,0.3354,41.0,0.6171,79.0,,,0.496,59.0,0.3957,34.0,0.3872,46.0,0.4172,36.0,,,0.4743,53.0
2023-08-02,0.3678,55.0,0.3173,35.0,0.5156,62.0,,,0.38,27.0,0.3967,34.0,0.3868,46.0,0.4639,52.0,,,0.4754,53.0
2023-08-01,0.3552,52.0,0.3288,39.0,0.4837,56.0,,,0.508,61.0,0.3998,35.0,0.3892,48.0,0.4868,61.0,,,0.4438,42.0
2023-07-31,0.3372,47.0,0.3344,41.0,0.4857,57.0,,,0.6473,83.0,0.4003,35.0,0.3906,49.0,0.4794,57.0,,,0.4644,49.0
2023-07-28,0.347,49.0,0.3246,37.0,0.4677,53.0,,,0.4482,47.0,0.4014,36.0,0.3907,49.0,0.4806,57.0,,,0.4766,54.0
2023-07-27,0.3444,49.0,0.3136,33.0,0.6354,81.0,,,0.4095,35.0,0.4026,37.0,0.3913,49.0,0.4407,43.0,,,0.4925,59.0
2023-07-26,0.3201,43.0,0.3207,36.0,0.5095,61.0,,,0.4603,51.0,0.4026,37.0,0.3905,49.0,0.4261,39.0,,,0.4946,60.0
2023-07-25,0.1712,9.0,0.2605,16.0,0.4564,50.0,,,0.4195,39.0,0.3974,34.0,0.3909,49.0,0.4645,53.0,,,0.4746,53.0
2023-07-24,0.2796,32.0,0.2732,20.0,0.4305,43.0,,,0.4169,38.0,0.4024,36.0,0.395,51.0,0.4532,48.0,,,0.4838,57.0
2023-07-21,0.3185,42.0,0.2903,26.0,0.4114,38.0,,,0.3875,28.0,0.4005,35.0,0.3951,51.0,0.4675,54.0,,,0.4848,57.0
2023-07-20,0.3174,42.0,0.3032,30.0,0.4536,49.0,,,0.4775,55.0,0.4041,37.0,0.3965,52.0,0.4244,39.0,,,0.4234,36.0
2023-07-19,0.3191,42.0,0.3029,30.0,0.457,50.0,,,0.4969,59.0,0.408,39.0,0.3982,52.0,0.4838,59.0,,,0.4835,56.0
2023-07-18,0.3008,38.0,0.3026,30.0,0.4689,53.0,,,1.0332,98.0,0.4073,39.0,0.3992,53.0,0.5056,67.0,,,0.4778,54.0
2023-07-17,0.2647,28.0,0.2763,21.0,0.4346,44.0,,,0.4216,40.0,0.4064,38.0,0.3993,53.0,0.4493,47.0,,,0.4768,54.0
2023-07-14,0.2448,23.0,0.3085,32.0,0.4076,36.0,,,0.4232,40.0,0.4063,38.0,0.3994,53.0,0.45,47.0,,,0.4773,54.0
2023-07-13,0.2045,15.0,0.3003,28.0,0.4186,40.0,,,0.4125,36.0,0.4045,37.0,0.3989,52.0,0.5451,80.0,,,0.5078,64.0
2023-07-12,0.2262,19.0,0.2829,23.0,0.4502,48.0,,,0.4245,41.0,0.4026,37.0,0.3983,52.0,0.4521,48.0,,,0.4718,52.0
2023-07-11,0.1965,13.0,0.2795,22.0,0.4525,49.0,,,0.504,61.0,0.4054,38.0,0.3988,52.0,0.4708,55.0,,,0.4743,53.0
2023-07-10,0.253,25.0,0.2958,27.0,0.4588,51.0,,,0.6002,77.0,0.406,38.0,0.4002,53.0,0.4573,50.0,,,0.4785,55.0
2023-07-07,0.2673,30.0,0.2984,28.0,0.5281,64.0,,,0.5427,67.0,0.4058,38.0,0.4006,54.0,0.4731,56.0,,,0.4741,52.0
2023-07-06,0.2669,30.0,0.3062,31.0,0.366,24.0,,,0.287,3.0,0.4091,39.0,0.4017,54.0,0.5335,77.0,,,0.5226,69.0
2023-07-05,0.2507,25.0,0.285,24.0,0.3868,30.0,,,0.5264,65.0,0.4148,42.0,0.4063,55.0,0.4399,43.0,,,0.4864,57.0
2023-07-03,0.2622,28.0,0.2907,26.0,0.374,27.0,,,0.4755,55.0,0.4142,42.0,0.4076,56.0,0.5077,67.0,,,0.483,56.0
2023-06-30,0.2412,22.0,0.2827,23.0,0.5883,74.0,,,0.4052,34.0,0.4181,45.0,0.4107,57.0,0.5174,71.0,,,0.4682,50.0
2023-06-29,0.3201,43.0,0.3219,36.0,0.5627,70.0,,,0.4043,34.0,0.4202,47.0,0.4106,57.0,0.5313,76.0,,,0.4696,51.0
2023-06-28,0.282,33.0,0.3065,31.0,0.3833,28.0,,,0.4321,43.0,0.4246,49.0,0.4113,57.0,0.553,81.0,,,0.4856,57.0
2023-06-27,0.2979,37.0,0.3195,35.0,0.3932,32.0,,,0.4023,33.0,0.4265,51.0,0.412,57.0,0.5097,68.0,,,0.5228,69.0
2023-06-26,0.2916,35.0,0.3105,33.0,0.3974,33.0,,,0.4057,34.0,0.4267,51.0,0.4131,57.0,0.5251,74.0,,,0.4816,56.0
2023-06-23,0.3098,40.0,0.3132,33.0,0.3769,27.0,,,0.4808,56.0,0.4305,53.0,0.4141,57.0,0.5439,79.0,,,0.5136,66.0
2023-06-22,0.3009,38.0,0.3121,33.0,0.4663,53.0,,,0.4668,52.0,0.4303,52.0,0.4148,57.0,0.5624,82.0,,,0.482,56.0
2023-06-21,0.3229,43.0,0.3269,38.0,0.3633,23.0,,,0.4044,34.0,0.4411,57.0,0.4175,57.0,0.5332,77.0,,,0.5022,62.0
2023-06-20,0.1905,12.0,0.2839,23.0,0.6373,81.0,,,0.4434,46.0,0.4385,56.0,0.4156,57.0,0.5265,75.0,,,0.5038,62.0
2023-06-16,0.2224,18.0,0.2945,27.0,0.4153,39.0,,,0.2872,3.0,0.4388,56.0,0.4168,57.0,0.5294,76.0,,,0.4403,41.0
2023-06-15,0.3968,61.0,0.3273,38.0,0.6763,85.0,,,0.4376,45.0,0.4443,59.0,0.4189,59.0,0.5226,73.0,,,0.4947,60.0
2023-06-14,0.477,76.0,0.3945,61.0,0.4723,54.0,,,0.5061,61.0,0.4648,68.0,0.426,61.0,0.4933,62.0,,,0.598,88.0
2023-06-13,0.6475,89.0,0.4068,64.0,0.4142,39.0,,,0.4625,51.0,0.4642,67.0,0.4266,61.0,0.4629,52.0,,,0.533,74.0
2023-06-12,0.6869,91.0,0.4273,69.0,0.6982,88.0,,,0.6216,80.0,0.4646,68.0,0.4281,62.0,0.4944,63.0,,,0.5057,63.0
2023-06-09,0.6938,91.0,0.423,68.0,0.6994,88.0,,,0.5007,60.0,0.4638,67.0,0.4279,62.0,0.415,35.0,,,0.519,68.0
2023-06-08,0.7387,93.0,0.4388,72.0,0.6275,80.0,,,0.6591,84.0,0.4644,68.0,0.4282,62.0,0.5156,70.0,,,0.5048,63.0
2023-06-07,0.741,93.0,0.4373,71.0,0.7432,90.0,,,0.6238,80.0,0.4639,67.0,0.429,62.0,0.4157,35.0,,,0.5006,62.0
2023-06-06,0.6765,90.0,0.4125,66.0,0.4552,50.0,,,0.4836,56.0,0.4564,64.0,0.4271,61.0,0.5014,65.0,,,0.5519,79.0
2023-06-05,0.6056,87.0,0.3769,56.0,0.7492,90.0,,,0.4245,41.0,0.4486,60.0,0.4252,61.0,0.523,73.0,,,0.5524,79.0
2023-06-02,0.626,89.0,0.4946,82.0,0.4899,57.0,,,0.4923,57.0,0.4411,57.0,0.4248,61.0,0.5189,72.0,,,0.5504,79.0
2023-06-01,0.4674,74.0,0.4776,79.0,0.7351,90.0,,,0.512,62.0,0.433,54.0,0.4243,61.0,0.5282,75.0,,,0.5555,80.0
2023-05-31,0.4638,74.0,0.4932,82.0,0.488,57.0,,,0.5386,67.0,0.4372,55.0,0.4282,62.0,0.5125,69.0,,,0.5432,77.0
2023-05-30,0.5078,80.0,0.5413,88.0,0.4918,57.0,,,0.5108,62.0,0.4378,56.0,0.4296,62.0,0.5459,80.0,,,0.565,81.0
2023-05-26,0.4716,75.0,0.5525,89.0,0.5116,61.0,,,0.4769,55.0,0.438,56.0,0.4296,62.0,0.5289,76.0,,,0.5426,77.0
2023-05-25,0.5621,85.0,0.5554,89.0,0.4694,53.0,,,0.4814,56.0,0.4376,56.0,0.4293,62.0,0.5287,76.0,,,0.4071,31.0
2023-05-24,0.563,85.0,0.5426,88.0,0.4655,52.0,,,0.4562,50.0,0.4352,54.0,0.4283,62.0,0.5128,69.0,,,0.5515,79.0
2023-05-23,0.4791,76.0,0.4145,66.0,0.5824,73.0,,,0.6294,81.0,0.4266,51.0,0.4214,60.0,0.5494,80.0,,,0.5433,77.0
2023-05-22,0.4759,76.0,0.4074,64.0,0.6085,77.0,,,0.5895,75.0,0.4279,51.0,0.4215,60.0,0.5642,83.0,,,0.5406,76.0
2023-05-19,0.4438,71.0,0.3898,60.0,0.616,78.0,,,0.6718,85.0,0.4262,50.0,0.4209,60.0,0.5499,80.0,,,0.5337,74.0
2023-05-18,0.2862,34.0,0.3275,39.0,0.6887,87.0,,,0.6668,85.0,0.42,47.0,0.4179,59.0,0.4514,47.0,,,0.4545,45.0
2023-05-17,0.2656,28.0,0.3166,34.0,0.615,78.0,,,0.5961,76.0,0.4215,48.0,0.4188,59.0,0.5292,76.0,,,0.5233,70.0
2023-05-16,0.1715,9.0,0.3091,32.0,0.5335,66.0,,,0.5846,74.0,0.4186,46.0,0.4323,63.0,0.5012,65.0,,,0.5263,71.0
2023-05-15,0.2971,37.0,0.302,28.0,0.5462,67.0,,,0.6902,87.0,0.4216,48.0,0.433,63.0,0.502,65.0,,,0.5195,68.0
2023-05-12,0.3695,55.0,0.3286,39.0,0.5337,66.0,,,0.5959,76.0,0.4249,50.0,0.4338,64.0,0.4909,62.0,,,0.5419,77.0
2023-05-11,0.3707,56.0,0.3723,55.0,0.5358,66.0,,,0.5502,69.0,0.4253,50.0,0.4347,64.0,0.4855,60.0,,,0.531,73.0
2023-05-10,0.3617,53.0,0.3838,57.0,0.8273,94.0,,,0.541,67.0,0.4533,62.0,0.4393,65.0,0.5387,78.0,,,0.4157,33.0
2023-05-09,0.355,52.0,0.4007,63.0,0.6749,85.0,,,0.5543,69.0,0.4653,68.0,0.443,67.0,0.5444,79.0,,,0.5323,73.0
2023-05-08,0.3548,51.0,0.3893,59.0,0.6029,76.0,,,0.6464,83.0,0.4654,68.0,0.4442,68.0,0.5432,79.0,,,0.5025,62.0
2023-05-05,0.3568,52.0,0.3928,60.0,0.5749,72.0,,,0.55,69.0,0.4662,68.0,0.4457,69.0,0.5426,79.0,,,0.4441,42.0
2023-05-04,0.2573,27.0,0.3981,62.0,0.6372,81.0,,,0.494,59.0,0.4634,67.0,0.446,69.0,0.5471,80.0,,,0.5121,65.0
2023-05-03,0.489,77.0,0.451,74.0,0.6771,86.0,,,0.5955,76.0,0.4648,68.0,0.4479,69.0,0.5589,82.0,,,0.5425,77.0
2023-05-02,0.489,77.0,0.4242,68.0,0.5688,71.0,,,0.5908,75.0,0.4729,71.0,0.449,70.0,0.5533,81.0,,,0.6027,89.0
2023-05-01,0.4907,78.0,0.4013,63.0,0.558,69.0,,,0.5389,67.0,0.4748,71.0,0.4493,70.0,0.4404,43.0,,,0.5633,81.0
2023-04-28,0.511,80.0,0.3557,49.0,0.5888,74.0,,,0.5015,60.0,0.4748,71.0,0.4473,69.0,0.5232,73.0,,,0.5413,76.0
2023-04-27,0.5096,80.0,0.3557,49.0,0.5134,62.0,,,0.5095,62.0,0.4749,71.0,0.4477,69.0,0.5432,79.0,,,0.5067,64.0
2023-04-26,0.5028,79.0,0.3495,47.0,0.6603,84.0,,,0.5897,75.0,0.4749,71.0,0.4476,69.0,0.5253,74.0,,,0.5357,74.0
2023-04-25,0.4621,74.0,0.376,56.0,0.5601,69.0,,,0.5544,70.0,0.4742,71.0,0.4474,69.0,0.5272,75.0,,,0.4195,35.0
2023-04-24,0.2586,27.0,0.2965,28.0,0.5208,63.0,,,0.5041,61.0,0.468,69.0,0.4469,69.0,0.5086,68.0,,,0.5232,70.0
2023-04-21,0.2549,26.0,0.2966,28.0,0.4927,57.0,,,0.5047,61.0,0.468,69.0,0.4476,69.0,0.4921,62.0,,,0.5182,67.0
2023-04-20,0.2575,27.0,0.3143,34.0,1.2951,100.0,,,0.4824,56.0,0.468,69.0,0.4483,69.0,0.4371,42.0,,,0.4992,61.0
2023-04-19,0.32,43.0,0.325,38.0,0.8925,96.0,,,0.5124,62.0,0.4677,69.0,0.4499,70.0,0.5049,67.0,,,0.5158,66.0
2023-04-18,0.357,52.0,0.3357,41.0,0.505,60.0,,,0.467,53.0,0.4681,69.0,0.4516,71.0,0.5086,68.0,,,0.5185,67.0
2023-04-17,0.3582,52.0,0.3367,42.0,0.7876,92.0,,,0.5019,60.0,0.4677,69.0,0.4529,71.0,0.4305,40.0,,,0.4951,60.0
2023-04-14,0.2403,22.0,0.2997,28.0,0.59,75.0,,,0.5572,70.0,0.4651,68.0,0.4515,71.0,0.4034,32.0,,,0.568,82.0
2023-04-13,0.3783,57.0,0.3388,43.0,0.512,61.0,,,0.618,79.0,0.4651,68.0,0.4514,71.0,0.5031,66.0,,,0.4401,41.0
2023-04-12,0.3935,61.0,0.3403,43.0,0.8052,93.0,,,0.48,56.0,0.466,68.0,0.4559,72.0,0.4045,33.0,,,0.4818,56.0
2023-04-11,0.3787,57.0,0.325,38.0,0.6161,79.0,,,0.4693,53.0,0.4655,68.0,0.4559,72.0,0.4295,40.0,,,0.4642,49.0
2023-04-10,0.3495,50.0,0.3199,36.0,0.6169,79.0,,,0.5616,71.0,0.464,67.0,0.4568,72.0,0.4317,40.0,,,0.4983,61.0
2023-04-06,0.3321,46.0,0.3112,33.0,0.5638,70.0,,,0.9156,96.0,0.4632,67.0,0.4577,73.0,0.4853,60.0,,,0.524,70.0
2023-04-05,0.3344,46.0,0.308,32.0,0.5298,65.0,,,0.5304,65.0,0.4684,69.0,0.459,74.0,0.4885,61.0,,,0.5159,66.0
2023-04-04,0.3587,53.0,0.3122,33.0,0.5283,64.0,,,0.5215,64.0,0.471,70.0,0.46,74.0,0.4859,60.0,,,0.5189,68.0
2023-04-03,0.1886,12.0,0.2744,20.0,0.5832,73.0,,,0.4651,52.0,0.4669,69.0,0.4589,73.0,0.4486,46.0,,,0.4442,42.0
2023-03-31,0.2283,19.0,0.2983,28.0,0.5009,59.0,,,0.477,55.0,0.4754,71.0,0.4601,74.0,0.496,63.0,,,0.3883,26.0
2023-03-30,0.4311,68.0,0.5886,91.0,0.4645,52.0,,,0.5023,60.0,0.4755,71.0,0.4614,75.0,0.4642,53.0,,,0.4783,55.0
2023-03-29,0.4243,67.0,0.6124,93.0,0.4576,51.0,,,0.4891,57.0,0.476,72.0,0.4677,76.0,0.4891,61.0,,,0.5105,65.0
2023-03-28,0.4868,77.0,0.6454,95.0,0.5055,60.0,,,0.5219,64.0,0.4765,72.0,0.4686,77.0,0.5266,75.0,,,0.5387,75.0
2023-03-27,0.5493,84.0,0.6658,95.0,0.5326,65.0,,,0.4944,59.0,0.4941,76.0,0.4751,79.0,0.5456,80.0,,,0.5392,76.0
2023-03-24,0.527,82.0,0.685,96.0,0.6092,77.0,,,0.5722,72.0,0.4932,75.0,0.4758,79.0,0.5395,78.0,,,0.4817,56.0
2023-03-23,0.5259,81.0,0.6863,96.0,0.5187,63.0,,,0.5538,69.0,0.4976,76.0,0.4786,80.0,0.4776,57.0,,,0.445,43.0
2023-03-22,0.5186,81.0,0.6791,96.0,0.5099,61.0,,,0.4824,56.0,0.4973,76.0,0.4778,80.0,0.4595,50.0,,,0.4215,35.0
2023-03-21,0.3162,41.0,0.47,78.0,0.6255,80.0,,,0.5081,61.0,0.4895,75.0,0.4625,75.0,0.5134,70.0,,,0.4672,50.0
2023-03-20,0.2895,35.0,0.4569,76.0,0.5904,75.0,,,0.5218,64.0,0.4896,75.0,0.4611,74.0,0.5291,76.0,,,0.5836,86.0
2023-03-17,0.2981,37.0,0.4245,68.0,0.6271,80.0,,,0.606,78.0,0.4907,75.0,0.4595,74.0,0.5641,83.0,,,0.5821,85.0
2023-03-16,0.3921,60.0,0.4131,66.0,0.8217,94.0,,,0.5838,74.0,0.4881,75.0,0.4584,73.0,0.5857,87.0,,,0.5879,86.0
2023-03-15,0.4559,73.0,0.4057,64.0,1.9251,100.0,,,0.6096,78.0,0.4883,75.0,0.4574,73.0,0.5799,86.0,,,0.5834,85.0
2023-03-14,0.5393,83.0,0.4675,77.0,0.5782,72.0,,,0.604,77.0,0.4882,75.0,0.4571,72.0,0.5665,83.0,,,0.595,87.0
2023-03-13,0.5349,82.0,0.4597,76.0,1.9627,100.0,,,0.9272,96.0,0.4886,75.0,0.4573,73.0,0.5729,85.0,,,0.5964,88.0
2023-03-10,0.5032,79.0,0.4439,73.0,0.5847,73.0,,,0.7171,88.0,0.4925,75.0,0.457,72.0,0.4918,62.0,,,0.5499,78.0
2023-03-09,0.4575,73.0,0.4356,71.0,0.5675,71.0,,,0.5742,73.0,0.4914,75.0,0.4564,72.0,0.5206,73.0,,,0.5095,64.0
2023-03-08,0.465,74.0,0.4322,70.0,0.5577,69.0,,,0.62,79.0,0.4923,75.0,0.4561,72.0,0.5881,87.0,,,0.5209,68.0
2023-03-07,0.4061,64.0,0.4102,65.0,0.552,69.0,,,0.563,71.0,0.4923,75.0,0.4555,72.0,0.5419,79.0,,,0.5633,81.0
2023-03-06,0.328,45.0,0.3915,60.0,0.5378,66.0,,,0.6056,78.0,0.4905,75.0,0.4548,72.0,0.5428,79.0,,,0.562,81.0
2023-03-03,0.1591,7.0,0.3254,38.0,0.5193,63.0,,,0.6729,86.0,0.487,74.0,0.4531,71.0,0.6038,90.0,,,0.5648,81.0
2023-03-02,0.1524,6.0,0.344,44.0,0.7026,88.0,,,0.6004,77.0,0.4875,74.0,0.4537,71.0,0.611,91.0,,,0.5691,82.0
2023-03-01,0.3416,48.0,0.3771,56.0,0.5496,68.0,,,0.7225,89.0,0.4879,74.0,0.4541,72.0,0.5528,81.0,,,0.568,82.0
2023-02-28,0.3902,60.0,0.3603,50.0,0.4808,55.0,,,0.7012,87.0,0.4876,74.0,0.4538,71.0,0.6357,93.0,,,0.5589,80.0
2023-02-27,0.3894,60.0,0.3596,50.0,0.5128,62.0,,,0.5874,74.0,0.4888,75.0,0.4559,72.0,0.6087,90.0,,,0.5663,81.0
2023-02-24,0.4221,67.0,0.3712,54.0,0.664,84.0,,,0.595,76.0,0.489,75.0,0.4571,72.0,0.4836,59.0,,,0.5525,79.0
2023-02-23,0.4277,68.0,0.3679,53.0,0.5023,60.0,,,0.687,87.0,0.4904,75.0,0.4591,74.0,0.5023,65.0,,,0.5087,64.0
2023-02-22,0.474,75.0,0.361,50.0,0.6815,86.0,,,0.6362,82.0,0.5122,79.0,0.4657,76.0,0.5938,88.0,,,0.5651,81.0
2023-02-21,0.4831,77.0,0.3416,44.0,0.6319,80.0,,,0.6307,81.0,0.5286,83.0,0.4701,77.0,0.5956,88.0,,,0.5678,82.0
2023-02-17,0.2867,34.0,0.3461,45.0,0.5601,69.0,,,0.5034,61.0,0.5213,81.0,0.4688,77.0,0.4407,43.0,,,0.4737,52.0
2023-02-16,0.2885,35.0,0.3481,46.0,0.6222,79.0,,,0.5546,70.0,0.5225,81.0,0.4692,77.0,0.5664,83.0,,,0.5634,81.0
2023-02-15,0.2818,33.0,0.3644,52.0,0.5122,61.0,,,0.9428,96.0,0.5224,81.0,0.4687,77.0,0.548,80.0,,,0.5647,81.0
2023-02-14,0.2622,28.0,0.3723,55.0,0.4931,57.0,,,0.5903,75.0,0.5223,81.0,0.4687,77.0,0.5908,88.0,,,0.5368,75.0
2023-02-13,0.2957,37.0,0.3722,54.0,0.5578,69.0,,,0.7138,88.0,0.5228,81.0,0.4694,77.0,0.5691,84.0,,,0.5761,84.0
2023-02-10,0.326,44.0,0.3916,60.0,0.5882,74.0,,,0.5821,74.0,0.5236,82.0,0.4719,78.0,0.5517,81.0,,,0.5166,67.0
2023-02-09,0.3292,45.0,0.4096,65.0,0.5853,73.0,,,0.5907,75.0,0.5245,82.0,0.4724,78.0,0.4623,52.0,,,0.4708,51.0
2023-02-08,0.341,48.0,0.3833,57.0,0.4942,57.0,,,0.562,71.0,0.5244,82.0,0.4709,78.0,0.5185,72.0,,,0.5208,68.0
2023-02-07,0.3948,61.0,0.3973,62.0,0.4549,50.0,,,0.5709,72.0,0.5278,83.0,0.4718,78.0,0.4314,40.0,,,0.4789,55.0
2023-02-06,0.3912,60.0,0.3686,53.0,0.4482,47.0,,,0.4459,47.0,0.5308,83.0,0.4708,78.0,0.5234,74.0,,,0.5303,72.0
2023-02-03,0.4515,72.0,0.405,63.0,0.5612,70.0,,,0.551,69.0,0.533,84.0,0.4729,78.0,0.5098,68.0,,,0.5239,70.0
2023-02-02,0.4987,79.0,0.462,77.0,0.5108,61.0,,,0.6146,79.0,0.5408,85.0,0.4776,79.0,0.5039,66.0,,,0.522,69.0
2023-02-01,0.4573,73.0,0.4365,71.0,0.4825,56.0,,,0.8486,94.0,0.5397,85.0,0.476,79.0,0.5177,71.0,,,0.5269,71.0
2023-01-31,0.5072,80.0,0.4404,72.0,0.6057,77.0,,,0.6621,84.0,0.5398,85.0,0.4757,79.0,0.4838,59.0,,,0.5256,70.0
2023-01-30,0.5403,83.0,0.4589,76.0,0.565,70.0,,,0.5545,70.0,0.541,85.0,0.4758,79.0,0.5393,78.0,,,0.527,71.0
2023-01-27,0.4903,78.0,0.4575,76.0,0.4084,37.0,,,0.5239,64.0,0.5398,85.0,0.4763,79.0,0.5279,75.0,,,0.5218,69.0
2023-01-26,0.4893,77.0,0.4756,79.0,0.4202,41.0,,,0.5881,75.0,0.5427,85.0,0.4785,80.0,0.5112,69.0,,,0.5293,72.0
2023-01-25,0.3723,56.0,0.4321,70.0,0.4807,55.0,,,0.6418,82.0,0.5398,85.0,0.4762,79.0,0.4295,40.0,,,0.4651,49.0
2023-01-24,0.3271,44.0,0.3598,50.0,0.5013,59.0,,,0.5604,71.0,0.5367,84.0,0.4735,78.0,0.4336,41.0,,,0.4687,50.0
2023-01-23,0.3185,42.0,0.3581,49.0,0.3784,28.0,,,0.5961,76.0,0.5373,84.0,0.4758,79.0,0.4086,33.0,,,0.5279,71.0
2023-01-20,0.3069,40.0,0.3522,47.0,0.7303,90.0,,,0.9117,96.0,0.5453,86.0,0.4759,79.0,0.4451,45.0,,,0.4811,56.0
2023-01-19,0.2384,21.0,0.3457,45.0,0.5293,65.0,,,0.8979,95.0,0.5433,85.0,0.4754,79.0,0.5208,73.0,,,0.4977,61.0
2023-01-18,0.2307,20.0,0.3337,41.0,0.5517,68.0,,,1.3925,100.0,0.5431,85.0,0.4761,79.0,0.5517,81.0,,,0.4864,57.0
2023-01-17,0.2777,32.0,0.3334,41.0,0.7193,89.0,,,0.5449,68.0,0.5431,85.0,0.4754,79.0,0.5314,76.0,,,0.4778,54.0
2023-01-13,0.3461,49.0,0.4404,72.0,0.4617,52.0,,,1.5181,100.0,0.5439,86.0,0.477,79.0,0.3696,24.0,,,0.6195,91.0
2023-01-12,0.3503,50.0,0.4635,77.0,0.8272,94.0,,,0.6636,84.0,0.5476,86.0,0.4783,80.0,0.516,71.0,,,0.5302,72.0
2023-01-11,0.5281,82.0,0.5088,84.0,0.601,76.0,,,0.8378,94.0,0.5493,86.0,0.4795,80.0,0.5899,87.0,,,0.4474,44.0
2023-01-10,0.5468,83.0,0.497,83.0,0.5257,64.0,,,0.7245,89.0,0.5486,86.0,0.4786,80.0,0.5745,85.0,,,0.5984,88.0
2023-01-09,0.628,89.0,0.4971,83.0,0.5933,75.0,,,0.9381,96.0,0.5492,86.0,0.4793,80.0,0.4823,59.0,,,0.5349,74.0
2023-01-06,0.6613,90.0,0.5028,83.0,0.5196,63.0,,,0.5846,74.0,0.5492,86.0,0.4793,80.0,0.584,86.0,,,0.5307,72.0
2023-01-05,0.6292,89.0,0.5081,84.0,0.6398,81.0,,,0.7224,89.0,0.5472,86.0,0.4793,80.0,0.6287,93.0,,,0.579,84.0
2023-01-04,0.5995,87.0,0.4406,72.0,0.6832,86.0,,,0.6663,85.0,0.5435,85.0,0.4747,79.0,0.6024,89.0,,,0.6021,89.0
2023-01-03,0.6001,87.0,0.4343,71.0,0.6826,86.0,,,0.6413,82.0,0.5435,85.0,0.4741,78.0,0.5629,82.0,,,0.568,82.0
2022-12-30,0.6601,90.0,0.4227,68.0,0.6579,83.0,,,0.5803,73.0,0.5407,85.0,0.4719,78.0,0.5155,70.0,,,0.5318,73.0
2022-12-29,0.6385,89.0,0.4216,67.0,0.5902,75.0,,,0.8778,95.0,0.5432,85.0,0.4745,78.0,0.4877,61.0,,,0.5125,65.0
2022-12-28,0.5784,86.0,0.418,67.0,0.635,81.0,,,0.5912,75.0,0.5394,85.0,0.4754,79.0,0.5295,76.0,,,0.5116,65.0
2022-12-27,0.5923,86.0,0.451,74.0,0.6829,86.0,,,0.7458,90.0,0.5382,85.0,0.4762,79.0,0.511,69.0,,,0.5576,80.0
2022-12-23,0.8818,96.0,0.5364,87.0,0.3968,33.0,,,0.528,65.0,0.5398,85.0,0.4761,79.0,0.48,57.0,,,0.4262,36.0
2022-12-22,0.8437,95.0,0.5329,87.0,0.5736,72.0,,,0.6536,84.0,0.538,85.0,0.4757,79.0,0.572,85.0,,,0.5986,88.0
2022-12-21,0.8478,96.0,0.544,88.0,0.5444,67.0,,,0.537,66.0,0.5397,85.0,0.4769,79.0,0.6048,90.0,,,0.5302,72.0
2022-12-20,0.7064,92.0,0.5122,85.0,0.454,49.0,,,0.7205,89.0,0.5316,83.0,0.4758,79.0,0.547,80.0,,,0.5191,68.0
2022-12-19,0.7047,92.0,0.5176,86.0,0.5077,61.0,,,0.48,56.0,0.5308,83.0,0.4779,80.0,0.5593,82.0,,,0.5249,70.0
2022-12-16,0.7053,92.0,0.5188,86.0,0.4604,51.0,,,0.4977,59.0,0.5306,83.0,0.4775,79.0,0.5458,80.0,,,0.5329,73.0
2022-12-15,0.5759,86.0,0.4808,79.0,0.4865,57.0,,,0.4911,57.0,0.529,83.0,0.4784,80.0,0.5979,89.0,,,0.5666,82.0
2022-12-14,0.1954,13.0,0.3796,57.0,0.9084,96.0,,,0.5178,63.0,0.5112,79.0,0.4737,78.0,0.5562,81.0,,,0.5411,76.0
2022-12-13,0.1993,14.0,0.3725,55.0,0.9568,97.0,,,0.5788,73.0,0.5111,79.0,0.4732,78.0,0.551,81.0,,,0.574,83.0
2022-12-12,0.1734,10.0,0.3545,48.0,0.5226,63.0,,,0.7527,90.0,0.5143,79.0,0.472,78.0,0.5462,80.0,,,0.5686,82.0
2022-12-09,0.2561,26.0,0.4299,69.0,0.6743,85.0,,,0.9606,97.0,0.5143,79.0,0.4716,78.0,0.5211,73.0,,,0.5768,84.0
2022-12-08,0.3528,51.0,0.4637,77.0,0.8382,94.0,,,0.8355,93.0,0.5142,79.0,0.4723,78.0,0.5376,78.0,,,0.5342,74.0
2022-12-07,0.3704,56.0,0.4474,73.0,0.7092,89.0,,,0.7082,88.0,0.5169,80.0,0.4728,78.0,0.5318,76.0,,,0.5722,83.0
2022-12-06,0.3688,55.0,0.4503,74.0,0.5442,67.0,,,1.0329,98.0,0.5193,80.0,0.4737,78.0,0.5658,83.0,,,0.56,80.0
2022-12-05,0.3531,51.0,0.4341,71.0,0.5499,68.0,,,0.5164,63.0,0.5185,80.0,0.4727,78.0,0.5671,84.0,,,0.5824,85.0
2022-12-02,0.3664,55.0,0.4397,72.0,0.5248,64.0,,,0.5476,68.0,0.5182,80.0,0.4727,78.0,0.5341,77.0,,,0.5455,78.0
2022-12-01,0.4061,64.0,0.4317,70.0,0.4183,40.0,,,0.513,62.0,0.5181,80.0,0.4738,78.0,0.5306,76.0,,,0.5618,81.0
2022-11-30,0.2914,35.0,0.364,52.0,0.6031,76.0,,,0.6649,85.0,0.5144,79.0,0.4705,78.0,0.5802,86.0,,,0.5785,84.0
2022-11-29,0.265,28.0,0.3411,44.0,0.5038,60.0,,,0.6934,87.0,0.5131,79.0,0.4683,77.0,0.5382,78.0,,,0.5654,81.0
2022-11-28,0.2999,38.0,0.3797,57.0,0.6037,77.0,,,0.5161,63.0,0.513,79.0,0.4685,77.0,0.5473,80.0,,,0.5731,83.0
2022-11-25,0.3062,39.0,0.5947,92.0,0.4713,54.0,,,0.7014,87.0,0.513,79.0,0.469,77.0,0.5215,73.0,,,0.5488,78.0
2022-11-23,0.3335,46.0,0.6059,93.0,0.5167,62.0,,,0.5328,66.0,0.5218,81.0,0.4714,78.0,0.5449,79.0,,,0.539,75.0
2022-11-22,0.4183,66.0,0.6,92.0,0.3648,24.0,,,0.5462,68.0,0.5217,81.0,0.4711,78.0,0.5285,75.0,,,0.5693,82.0
2022-11-21,0.43,68.0,0.6057,93.0,0.6065,77.0,,,0.6009,77.0,0.5235,82.0,0.4727,78.0,0.5403,78.0,,,0.5621,81.0
2022-11-18,0.7714,94.0,0.6576,95.0,0.5244,64.0,,,0.5134,62.0,0.5451,86.0,0.4862,81.0,0.5484,80.0,,,0.5798,85.0
2022-11-17,0.9518,97.0,0.6998,96.0,0.5181,62.0,,,0.325,10.0,0.548,86.0,0.4869,81.0,0.5452,80.0,,,0.583,85.0
2022-11-16,0.9389,97.0,0.6983,96.0,0.5518,68.0,,,0.827,93.0,0.5467,86.0,0.4858,81.0,0.5744,85.0,,,0.6111,90.0
2022-11-15,0.9441,97.0,0.5513,89.0,1.6512,100.0,,,1.1843,99.0,0.5466,86.0,0.4771,79.0,0.6066,90.0,,,0.6252,92.0
2022-11-14,0.9295,97.0,0.5411,88.0,1.118,99.0,,,0.7938,92.0,0.5444,86.0,0.4808,80.0,0.5945,88.0,,,0.6272,92.0
2022-11-11,0.9197,97.0,0.5731,90.0,1.0041,98.0,,,0.9332,96.0,0.599,93.0,0.497,85.0,0.6013,89.0,,,0.6131,90.0
2022-11-10,1.006,97.0,0.6014,92.0,0.5812,73.0,,,0.9099,96.0,0.6002,93.0,0.4979,85.0,0.5793,85.0,,,0.5984,88.0
2022-11-09,0.7201,93.0,0.5529,89.0,0.9823,97.0,,,1.2192,99.0,0.5785,92.0,0.4936,84.0,0.5973,89.0,,,0.6327,93.0
2022-11-08,0.5569,84.0,0.4779,79.0,0.9086,96.0,,,0.8804,95.0,0.5697,91.0,0.4898,82.0,0.6404,94.0,,,0.602,89.0
2022-11-07,0.5528,84.0,0.4551,75.0,0.7797,92.0,,,0.9026,96.0,0.5728,91.0,0.4899,82.0,0.6134,91.0,,,0.6129,90.0
2022-11-04,0.5315,82.0,0.4302,69.0,0.786,92.0,,,0.8103,93.0,0.5754,92.0,0.4918,83.0,0.5729,85.0,,,0.6055,89.0
2022-11-03,0.5264,82.0,0.4248,68.0,1.0545,98.0,,,1.1163,98.0,0.5742,91.0,0.4946,84.0,0.6996,98.0,,,0.7014,98.0
2022-11-02,0.579,86.0,0.4321,70.0,1.2803,100.0,,,1.2796,100.0,0.5713,91.0,0.4929,83.0,0.5898,87.0,,,0.5964,88.0
2022-11-01,0.3992,62.0,0.3976,62.0,0.9932,98.0,,,1.1214,98.0,0.5655,90.0,0.4908,82.0,0.6091,90.0,,,0.6336,93.0
2022-10-31,0.3708,56.0,0.3801,57.0,1.2069,99.0,,,1.2214,99.0,0.5639,89.0,0.4911,82.0,0.6453,94.0,,,0.6509,94.0
2022-10-28,0.3734,56.0,0.4107,65.0,0.9158,96.0,,,0.7129,88.0,0.5658,90.0,0.4928,83.0,0.6616,96.0,,,0.6405,94.0
2022-10-27,0.3885,59.0,0.4351,71.0,0.6738,85.0,,,0.8051,92.0,0.5658,90.0,0.4934,84.0,0.6217,92.0,,,0.6561,95.0
2022-10-26,0.3885,59.0,0.4545,75.0,0.844,94.0,,,0.7043,88.0,0.5701,91.0,0.4948,84.0,0.6159,91.0,,,0.6497,94.0
2022-10-25,0.3822,57.0,0.4545,75.0,0.8311,94.0,,,0.7171,88.0,0.5707,91.0,0.4948,84.0,0.6518,95.0,,,0.6481,94.0
2022-10-24,0.1886,12.0,0.4009,63.0,0.6994,88.0,,,0.7515,90.0,0.5674,91.0,0.4931,83.0,0.6212,92.0,,,0.6446,94.0
2022-10-21,0.2061,15.0,0.4697,78.0,0.6897,87.0,,,0.7437,90.0,0.5673,91.0,0.4926,83.0,0.6002,89.0,,,0.6567,95.0
2022-10-20,0.2069,15.0,0.4695,78.0,0.6971,88.0,,,0.7092,88.0,0.5698,91.0,0.4926,83.0,0.5879,87.0,,,0.6196,91.0
2022-10-19,0.2114,16.0,0.4644,77.0,0.6212,79.0,,,1.0693,98.0,0.5698,91.0,0.4916,83.0,0.5974,89.0,,,0.5478,78.0
2022-10-18,0.1716,9.0,0.4592,76.0,1.0983,99.0,,,0.6786,86.0,0.5731,91.0,0.4911,82.0,0.5649,83.0,,,0.591,87.0
2022-10-17,0.3747,56.0,0.46,76.0,0.9408,97.0,,,1.1359,99.0,0.573,91.0,0.4905,82.0,0.5878,87.0,,,0.5785,84.0
2022-10-14,0.4204,66.0,0.4776,79.0,0.9282,97.0,,,0.7745,91.0,0.5726,91.0,0.4915,83.0,0.584,86.0,,,0.6669,95.0
2022-10-13,0.4232,67.0,0.4846,80.0,0.8879,96.0,,,0.9454,96.0,0.5755,92.0,0.4927,83.0,0.4789,57.0,,,0.6605,95.0
2022-10-12,0.5686,85.0,0.4285,69.0,1.4725,100.0,,,0.8988,95.0,0.5749,91.0,0.49,82.0,0.6438,94.0,,,0.5447,77.0
2022-10-11,0.5824,86.0,0.4421,72.0,0.9864,97.0,,,0.8982,95.0,0.575,91.0,0.4896,82.0,0.6343,93.0,,,0.623,92.0
2022-10-10,0.5925,87.0,0.5306,87.0,1.6074,100.0,,,1.61,100.0,0.5756,92.0,0.4895,82.0,0.6312,93.0,,,0.6208,91.0
2022-10-07,0.6036,87.0,0.5252,87.0,0.7931,92.0,,,0.8003,92.0,0.5757,92.0,0.4901,82.0,0.5627,82.0,,,0.6085,90.0
2022-10-06,0.6905,91.0,0.6007,92.0,0.7572,91.0,,,0.7925,92.0,0.5718,91.0,0.4893,82.0,0.6106,91.0,,,0.6197,91.0
2022-10-05,0.689,91.0,0.5988,92.0,0.7754,92.0,,,0.7993,92.0,0.5709,91.0,0.4901,82.0,0.6045,90.0,,,0.6151,91.0
2022-10-04,0.7969,94.0,0.6352,94.0,1.0821,99.0,,,1.1279,99.0,0.5732,91.0,0.4911,82.0,0.5652,83.0,,,0.5805,85.0
2022-10-03,0.7012,92.0,0.6194,93.0,0.7882,92.0,,,0.7835,92.0,0.5657,90.0,0.4903,82.0,0.6086,90.0,,,0.6025,89.0
2022-09-30,0.7053,92.0,0.6033,93.0,0.8025,93.0,,,0.7296,89.0,0.5654,90.0,0.4901,82.0,0.6895,98.0,,,0.6049,89.0
2022-09-29,0.7031,92.0,0.5158,85.0,1.3024,100.0,,,1.1757,99.0,0.5659,90.0,0.4845,81.0,0.6258,93.0,,,0.5938,87.0
2022-09-28,0.7303,93.0,0.5166,85.0,0.708,89.0,,,0.746,90.0,0.5657,90.0,0.4843,81.0,0.6422,94.0,,,0.5876,86.0
2022-09-27,0.3187,42.0,0.41,65.0,0.7592,91.0,,,0.7661,91.0,0.5497,87.0,0.4778,80.0,0.7349,99.0,,,0.5976,88.0
2022-09-26,0.2718,30.0,0.4069,64.0,0.7572,91.0,,,0.7592,91.0,0.5552,87.0,0.4788,80.0,0.6173,92.0,,,0.7385,99.0
2022-09-23,0.1914,12.0,0.338,42.0,0.6891,87.0,,,0.6728,85.0,0.5541,87.0,0.4759,79.0,0.6545,95.0,,,0.5973,88.0
2022-09-22,0.191,12.0,0.3474,46.0,0.868,95.0,,,0.8126,93.0,0.554,87.0,0.4764,79.0,0.6979,98.0,,,0.5938,87.0
2022-09-21,0.3301,45.0,0.3617,51.0,0.6274,80.0,,,0.5884,75.0,0.5536,87.0,0.4767,79.0,0.5658,83.0,,,0.5563,80.0
2022-09-20,0.4418,70.0,0.3632,51.0,0.8585,95.0,,,1.1382,99.0,0.5553,87.0,0.4777,80.0,0.4837,59.0,,,0.5884,87.0
2022-09-19,0.4547,72.0,0.3536,48.0,0.5974,75.0,,,0.5853,74.0,0.5592,89.0,0.4796,80.0,0.5976,89.0,,,0.6016,89.0
2022-09-16,0.4757,76.0,0.3511,47.0,0.5509,68.0,,,0.6263,80.0,0.5597,89.0,0.4807,80.0,0.5891,87.0,,,0.6091,90.0
2022-09-15,0.4844,77.0,0.3487,46.0,0.5654,70.0,,,0.5912,75.0,0.5661,90.0,0.4832,81.0,0.5558,81.0,,,0.6489,94.0
2022-09-14,0.5371,83.0,0.3912,60.0,0.545,67.0,,,0.756,90.0,0.5666,90.0,0.4833,81.0,0.5634,82.0,,,0.6086,90.0
2022-09-13,0.5365,83.0,0.3918,60.0,0.5217,63.0,,,1.1,98.0,0.5666,90.0,0.4853,81.0,0.5366,78.0,,,0.6052,89.0
2022-09-12,0.3996,62.0,0.3894,59.0,0.7194,89.0,,,0.6787,86.0,0.5776,92.0,0.4924,83.0,0.5108,69.0,,,0.5672,82.0
2022-09-09,0.3603,53.0,0.3858,59.0,0.9299,97.0,,,0.6217,80.0,0.5789,92.0,0.4939,84.0,0.5606,82.0,,,0.546,78.0
2022-09-08,0.3417,48.0,0.4274,69.0,0.7148,89.0,,,0.6125,79.0,0.5801,92.0,0.4952,84.0,0.5463,80.0,,,0.5947,87.0
2022-09-07,0.3164,41.0,0.4415,72.0,0.956,97.0,,,0.86,94.0,0.582,92.0,0.4974,85.0,0.5456,80.0,,,0.5502,79.0
2022-09-06,0.3343,46.0,0.4721,78.0,0.7207,89.0,,,0.664,84.0,0.5826,92.0,0.4983,86.0,0.6311,93.0,,,0.6027,89.0
2022-09-02,0.7378,93.0,0.5587,89.0,0.6805,86.0,,,0.5841,74.0,0.5818,92.0,0.4963,84.0,0.5623,82.0,,,0.6015,89.0
2022-09-01,0.9292,97.0,0.6216,94.0,0.6514,83.0,,,0.6365,82.0,0.5863,93.0,0.5008,87.0,0.5579,82.0,,,0.6033,89.0
2022-08-31,0.928,97.0,0.6176,93.0,0.7455,90.0,,,0.6953,87.0,0.5889,93.0,0.5052,89.0,0.6512,95.0,,,0.5957,88.0
2022-08-30,0.9389,97.0,0.6181,93.0,0.6941,87.0,,,0.6629,84.0,0.5888,93.0,0.5058,89.0,0.5944,88.0,,,0.6036,89.0
2022-08-29,0.9295,97.0,0.583,91.0,0.7004,88.0,,,0.6946,87.0,0.5882,93.0,0.5037,89.0,0.5645,83.0,,,0.5739,83.0
2022-08-26,0.925,97.0,0.5724,90.0,0.6562,83.0,,,0.5805,73.0,0.5927,93.0,0.5053,89.0,0.5835,86.0,,,0.5771,84.0
2022-08-25,0.9203,97.0,0.5528,89.0,0.5626,70.0,,,0.4151,37.0,0.5941,93.0,0.5054,89.0,0.5532,81.0,,,0.5727,83.0
2022-08-24,0.6033,87.0,0.4833,80.0,0.7406,90.0,,,0.7164,88.0,0.5764,92.0,0.4996,86.0,0.5691,84.0,,,0.5992,88.0
2022-08-23,0.3482,50.0,0.3935,61.0,0.598,76.0,,,0.7023,88.0,0.5624,89.0,0.4955,84.0,0.5722,85.0,,,0.5826,85.0
2022-08-22,0.3647,54.0,0.3945,61.0,0.6353,81.0,,,1.0996,98.0,0.5679,91.0,0.5025,88.0,0.5682,84.0,,,0.598,88.0
2022-08-19,0.441,70.0,0.4053,63.0,0.5828,73.0,,,0.8756,95.0,0.567,90.0,0.5029,88.0,0.5164,71.0,,,0.5408,76.0
2022-08-18,0.4882,77.0,0.4089,65.0,0.6115,78.0,,,0.8465,94.0,0.5704,91.0,0.5051,89.0,0.5062,67.0,,,0.5417,76.0
2022-08-17,0.5356,82.0,0.4572,76.0,0.8546,95.0,,,0.6425,82.0,0.5701,91.0,0.5048,89.0,0.4996,64.0,,,0.5609,81.0
2022-08-16,0.6168,88.0,0.5249,87.0,0.9038,96.0,,,0.6556,84.0,0.5742,91.0,0.5054,89.0,0.4939,62.0,,,0.5045,63.0
2022-08-15,0.6522,90.0,0.471,78.0,0.7147,89.0,,,1.8038,100.0,0.5722,91.0,0.5025,88.0,0.4976,64.0,,,0.5298,72.0
2022-08-12,0.5924,86.0,0.4737,78.0,0.7945,93.0,,,0.6438,82.0,0.5744,91.0,0.5027,88.0,0.5397,78.0,,,0.5279,71.0
2022-08-11,0.5964,87.0,0.4772,79.0,0.6794,86.0,,,1.2963,100.0,0.5744,91.0,0.5028,88.0,0.5125,69.0,,,0.5524,79.0
2022-08-10,0.6163,88.0,0.4831,80.0,0.6319,80.0,,,1.5111,100.0,0.5707,91.0,0.5023,88.0,0.5049,67.0,,,0.5482,78.0
2022-08-09,0.6161,88.0,0.5143,85.0,1.2662,99.0,,,1.6885,100.0,0.568,91.0,0.5034,89.0,0.5321,77.0,,,0.5282,72.0
2022-08-08,0.5319,82.0,0.4683,78.0,0.8744,96.0,,,1.6272,100.0,0.567,90.0,0.5009,87.0,0.5072,67.0,,,0.5252,70.0
2022-08-05,0.3828,57.0,0.3811,57.0,0.6512,83.0,,,1.431,100.0,0.5585,88.0,0.4969,85.0,0.5085,68.0,,,0.6098,90.0
2022-08-04,0.3203,43.0,0.4318,70.0,1.0034,98.0,,,1.3576,100.0,0.5579,88.0,0.4974,85.0,0.535,77.0,,,0.5676,82.0
2022-08-03,0.6164,88.0,0.4432,73.0,0.6653,84.0,,,0.6601,84.0,0.5583,88.0,0.4983,86.0,0.5315,76.0,,,0.5606,80.0
2022-08-02,0.582,86.0,0.4516,75.0,1.3362,100.0,,,1.1754,99.0,0.5558,88.0,0.4986,86.0,0.5804,86.0,,,0.5722,83.0
2022-08-01,0.5734,85.0,0.4528,75.0,1.335,100.0,,,1.1212,98.0,0.5602,89.0,0.5009,87.0,0.5647,83.0,,,0.4939,60.0
2022-07-29,0.4911,78.0,0.4174,67.0,1.0319,98.0,,,0.5435,68.0,0.5566,88.0,0.4998,87.0,0.4885,61.0,,,0.626,92.0
2022-07-28,0.52,81.0,0.4473,73.0,0.6699,85.0,,,0.8631,94.0,0.559,89.0,0.5005,87.0,0.5855,87.0,,,0.5619,81.0
2022-07-27,0.6045,87.0,0.4574,76.0,0.67,85.0,,,0.9281,96.0,0.5587,89.0,0.5007,87.0,0.599,89.0,,,0.5798,85.0
2022-07-26,0.6225,89.0,0.4372,71.0,0.6816,86.0,,,0.664,84.0,0.5577,88.0,0.4996,86.0,0.5362,77.0,,,0.591,87.0
2022-07-25,0.3537,51.0,0.4116,65.0,0.5271,64.0,,,0.5161,63.0,0.5517,87.0,0.5049,89.0,0.5265,75.0,,,0.5448,77.0
2022-07-22,0.3665,55.0,0.4323,70.0,0.475,54.0,,,0.4997,60.0,0.5517,87.0,0.5058,89.0,0.5006,65.0,,,0.6278,92.0
2022-07-21,0.3775,57.0,0.4082,64.0,0.8473,95.0,,,0.7578,91.0,0.561,89.0,0.5123,91.0,0.5134,70.0,,,0.5855,86.0
2022-07-20,0.4058,63.0,0.422,68.0,0.5411,67.0,,,0.8234,93.0,0.5612,89.0,0.5138,91.0,0.536,77.0,,,0.5796,84.0
2022-07-19,0.4371,70.0,0.3935,61.0,0.5794,72.0,,,0.9498,96.0,0.5698,91.0,0.5175,92.0,0.5293,76.0,,,0.5308,73.0
2022-07-18,0.34,48.0,0.381,57.0,0.6425,82.0,,,0.6398,82.0,0.5662,90.0,0.5182,92.0,0.5277,75.0,,,0.5742,83.0
2022-07-15,0.3382,47.0,0.3615,51.0,0.6394,81.0,,,0.5388,67.0,0.5639,89.0,0.5171,92.0,0.5338,77.0,,,0.5773,84.0
2022-07-14,0.3707,56.0,0.4217,68.0,0.647,82.0,,,0.6236,80.0,0.5644,90.0,0.52,92.0,0.5654,83.0,,,0.568,82.0
2022-07-13,0.4237,67.0,0.4249,68.0,0.7187,89.0,,,0.6553,84.0,0.5639,89.0,0.5197,92.0,0.6013,89.0,,,0.6113,90.0
2022-07-12,0.4305,68.0,0.4462,73.0,0.8408,94.0,,,0.9772,97.0,0.5639,89.0,0.5203,92.0,0.6009,89.0,,,0.6139,90.0
2022-07-11,0.465,74.0,0.4515,75.0,1.8599,100.0,,,0.7387,90.0,0.5655,90.0,0.5204,92.0,0.5903,87.0,,,0.6209,91.0
2022-07-08,0.47,75.0,0.4603,76.0,1.0033,98.0,,,0.762,91.0,0.5664,90.0,0.5235,93.0,0.6167,91.0,,,0.5065,63.0
2022-07-07,0.4837,77.0,0.4851,80.0,0.791,92.0,,,1.1454,99.0,0.5664,90.0,0.5233,93.0,0.5363,77.0,,,0.5217,69.0
2022-07-06,0.3739,56.0,0.4943,82.0,0.8174,93.0,,,0.7766,91.0,0.5647,90.0,0.524,93.0,0.6178,92.0,,,0.5926,87.0
2022-07-05,0.3373,47.0,0.4859,80.0,1.5492,100.0,,,1.4812,100.0,0.565,90.0,0.5239,93.0,0.6517,95.0,,,0.5715,83.0
2022-07-01,0.2251,18.0,0.4581,76.0,1.2996,100.0,,,0.4649,52.0,0.5633,89.0,0.5226,93.0,0.6395,94.0,,,0.5785,84.0
2022-06-30,0.2723,31.0,0.4918,82.0,1.4943,100.0,,,0.598,77.0,0.566,90.0,0.5232,93.0,0.5916,88.0,,,0.5876,86.0
2022-06-29,0.2762,32.0,0.4975,83.0,0.6886,87.0,,,0.621,79.0,0.5647,90.0,0.522,93.0,0.6197,92.0,,,0.5631,81.0
2022-06-28,0.2888,35.0,0.4904,81.0,0.6201,79.0,,,0.6029,77.0,0.5642,89.0,0.5212,93.0,0.6067,90.0,,,0.5757,84.0
2022-06-27,0.3231,43.0,0.4623,77.0,0.6982,88.0,,,0.6071,78.0,0.563,89.0,0.5193,92.0,0.6273,93.0,,,0.621,91.0
2022-06-24,0.3384,47.0,0.4384,72.0,0.6523,83.0,,,0.5945,76.0,0.563,89.0,0.5186,92.0,0.5672,84.0,,,0.5599,80.0
2022-06-23,0.3753,57.0,0.4156,66.0,0.6359,81.0,,,0.7174,89.0,0.5651,90.0,0.5175,92.0,0.5679,84.0,,,0.5588,80.0
2022-06-22,0.3933,61.0,0.437,71.0,0.5469,68.0,,,0.3933,31.0,0.5652,90.0,0.5175,92.0,0.5788,85.0,,,0.5753,84.0
2022-06-21,0.3784,57.0,0.3882,59.0,0.6787,86.0,,,0.5802,73.0,0.5624,89.0,0.5145,91.0,0.5788,85.0,,,0.5764,84.0
2022-06-17,0.3892,60.0,0.3554,48.0,0.6149,78.0,,,0.5541,69.0,0.5634,89.0,0.5134,91.0,0.5851,86.0,,,0.5806,85.0
2022-06-16,0.3855,59.0,0.3624,51.0,0.6692,85.0,,,0.8938,95.0,0.5643,89.0,0.5152,91.0,0.563,82.0,,,0.5636,81.0
2022-06-15,0.3329,46.0,0.3936,61.0,0.6193,79.0,,,0.6285,81.0,0.5624,89.0,0.5163,92.0,0.5683,84.0,,,0.5858,86.0
2022-06-14,0.3452,49.0,0.4077,64.0,0.9034,96.0,,,0.9157,96.0,0.5656,90.0,0.5198,92.0,0.5972,89.0,,,0.6256,92.0
2022-06-13,0.3242,43.0,0.3869,59.0,0.6768,85.0,,,0.8436,94.0,0.5653,90.0,0.5199,92.0,0.5881,87.0,,,0.583,85.0
2022-06-10,0.2632,28.0,0.3564,49.0,0.6124,78.0,,,0.667,85.0,0.5643,89.0,0.5203,92.0,0.615,91.0,,,0.5472,78.0
2022-06-09,0.101,2.0,0.3523,47.0,0.5876,74.0,,,0.7227,89.0,0.5641,89.0,0.5217,93.0,0.5364,78.0,,,0.5516,79.0
2022-06-08,0.4307,68.0,0.4093,65.0,0.8672,95.0,,,1.0488,98.0,0.5646,90.0,0.5224,93.0,0.6172,92.0,,,0.5833,85.0
2022-06-07,0.4591,73.0,0.407,64.0,0.5825,73.0,,,0.9455,96.0,0.5661,90.0,0.5225,93.0,0.6104,91.0,,,0.5845,86.0
2022-06-06,0.5286,82.0,0.4102,65.0,0.5428,67.0,,,0.8012,92.0,0.5662,90.0,0.5211,93.0,0.6058,90.0,,,0.5407,76.0
2022-06-03,0.8356,95.0,0.6308,94.0,0.7742,92.0,,,0.8092,93.0,0.5684,91.0,0.5215,93.0,0.6305,93.0,,,0.6105,90.0
2022-06-02,0.9019,97.0,0.6566,95.0,0.7177,89.0,,,0.8141,93.0,0.5685,91.0,0.5216,93.0,0.6109,91.0,,,0.6175,91.0
2022-06-01,0.9108,97.0,0.6619,95.0,0.5915,75.0,,,0.611,78.0,0.5683,91.0,0.5237,93.0,0.647,95.0,,,0.6073,89.0
2022-05-31,0.9105,97.0,0.6998,96.0,0.5952,75.0,,,0.5806,73.0,0.5699,91.0,0.524,93.0,0.651,95.0,,,0.6092,90.0
2022-05-27,0.7717,94.0,0.7249,97.0,0.5316,65.0,,,0.6622,84.0,0.5643,89.0,0.5264,94.0,0.5569,82.0,,,0.5657,81.0
2022-05-26,1.3915,99.0,0.8972,99.0,0.6263,80.0,,,0.5563,70.0,0.5651,90.0,0.5278,94.0,0.5705,84.0,,,0.5928,87.0
2022-05-25,1.3765,99.0,0.8943,99.0,0.6222,79.0,,,0.5941,76.0,0.562,89.0,0.5281,94.0,0.5603,82.0,,,0.5616,81.0
2022-05-24,1.084,98.0,0.7495,97.0,0.608,77.0,,,0.5927,76.0,0.5448,86.0,0.5157,91.0,0.6872,98.0,,,0.5279,71.0
2022-05-23,1.1223,98.0,0.7349,97.0,0.4945,57.0,,,0.557,70.0,0.5427,85.0,0.5146,91.0,0.6149,91.0,,,0.6064,89.0
2022-05-20,1.1874,99.0,0.7466,97.0,0.654,83.0,,,0.6419,82.0,0.5427,85.0,0.515,91.0,0.6322,93.0,,,0.5666,82.0
2022-05-19,1.1957,99.0,0.7463,97.0,0.6179,79.0,,,0.5779,73.0,0.5506,87.0,0.5144,91.0,0.5867,87.0,,,0.5834,85.0
2022-05-18,1.1963,99.0,0.729,97.0,1.6483,100.0,,,0.5626,71.0,0.5559,88.0,0.5117,90.0,0.5725,85.0,,,0.6051,89.0
2022-05-17,0.449,71.0,0.5068,84.0,1.2872,100.0,,,1.0321,98.0,0.4955,76.0,0.4967,84.0,0.5587,82.0,,,0.5818,85.0
2022-05-16,0.4269,68.0,0.4876,81.0,0.6594,84.0,,,1.1468,99.0,0.4934,76.0,0.5026,88.0,0.6182,92.0,,,0.6442,94.0
2022-05-13,0.4358,69.0,0.5121,85.0,0.7069,89.0,,,0.9098,96.0,0.4972,76.0,0.5047,89.0,0.5913,88.0,,,0.5866,86.0
2022-05-12,0.4715,75.0,0.5296,87.0,0.604,77.0,,,1.0797,98.0,0.5043,77.0,0.5075,90.0,0.6012,89.0,,,0.6099,90.0
2022-05-11,0.3574,52.0,0.5182,86.0,1.2431,99.0,,,0.9694,97.0,0.5006,77.0,0.5057,89.0,0.5863,87.0,,,0.5701,83.0
2022-05-10,0.4188,66.0,0.4874,81.0,0.6749,85.0,,,1.1415,99.0,0.4978,76.0,0.5026,88.0,0.5283,75.0,,,0.5673,82.0
2022-05-09,0.444,71.0,0.4289,69.0,1.0162,98.0,,,0.8612,94.0,0.4987,76.0,0.4997,86.0,0.5925,88.0,,,0.6107,90.0
2022-05-06,0.4871,77.0,0.4358,71.0,1.2703,99.0,,,0.8131,93.0,0.4998,77.0,0.4997,86.0,0.5959,88.0,,,0.6119,90.0
2022-05-05,0.4544,72.0,0.4352,71.0,0.6475,82.0,,,1.2107,99.0,0.5,77.0,0.4996,86.0,0.5265,75.0,,,0.5683,82.0
2022-05-04,0.5232,81.0,0.413,66.0,1.1414,99.0,,,0.6502,83.0,0.5035,77.0,0.4989,86.0,0.5531,81.0,,,0.5383,75.0
2022-05-03,0.4927,78.0,0.3839,57.0,1.0796,99.0,,,1.2126,99.0,0.5024,77.0,0.4975,85.0,0.5754,85.0,,,0.5797,85.0
2022-05-02,0.5687,85.0,0.3852,57.0,0.677,86.0,,,0.6592,84.0,0.5077,78.0,0.5017,88.0,0.5402,78.0,,,0.5992,88.0
2022-04-29,0.4507,72.0,0.3621,51.0,0.6919,87.0,,,0.6661,85.0,0.5042,77.0,0.5005,87.0,0.5457,80.0,,,0.5713,83.0
2022-04-28,0.4458,71.0,0.3856,57.0,0.8915,96.0,,,0.6467,83.0,0.5051,78.0,0.5015,88.0,0.5649,83.0,,,0.587,86.0
2022-04-27,0.4597,73.0,0.3921,60.0,1.02,98.0,,,0.6124,79.0,0.5028,77.0,0.5003,87.0,0.5714,84.0,,,0.5679,82.0
2022-04-26,0.4774,76.0,0.4182,67.0,0.8219,94.0,,,0.6406,82.0,0.5038,77.0,0.5,87.0,0.5733,85.0,,,0.5883,86.0
2022-04-25,0.4253,67.0,0.4091,65.0,0.5884,74.0,,,0.5969,76.0,0.5034,77.0,0.5002,87.0,0.5414,78.0,,,0.5635,81.0
2022-04-22,0.4374,70.0,0.4237,68.0,0.6007,76.0,,,0.7993,92.0,0.5051,78.0,0.5003,87.0,0.5534,81.0,,,0.5627,81.0
2022-04-21,0.2846,34.0,0.4411,72.0,0.617,79.0,,,0.6081,78.0,0.5055,78.0,0.5046,89.0,0.5215,73.0,,,0.5052,63.0
2022-04-20,0.2843,33.0,0.4365,71.0,0.7704,92.0,,,0.6896,87.0,0.5058,78.0,0.5047,89.0,0.5836,86.0,,,0.5665,81.0
2022-04-19,0.2281,19.0,0.4503,74.0,0.615,78.0,,,0.7325,89.0,0.5067,78.0,0.5049,89.0,0.5128,69.0,,,0.5543,79.0
2022-04-18,0.2168,17.0,0.4544,75.0,0.7789,92.0,,,0.712,88.0,0.5039,77.0,0.5044,89.0,0.5014,65.0,,,0.5513,79.0
2022-04-14,0.3249,44.0,0.4346,71.0,0.5219,63.0,,,0.5884,75.0,0.5034,77.0,0.5028,88.0,0.5377,78.0,,,0.5377,75.0
2022-04-13,0.3325,46.0,0.4528,75.0,0.6313,80.0,,,0.6589,84.0,0.5039,77.0,0.5035,89.0,0.676,97.0,,,0.6616,95.0
2022-04-12,0.3334,46.0,0.4412,72.0,0.6145,78.0,,,0.6141,79.0,0.5035,77.0,0.5032,89.0,0.518,72.0,,,0.5255,70.0
2022-04-11,0.3318,46.0,0.4188,67.0,0.6073,77.0,,,0.6356,81.0,0.504,77.0,0.5022,88.0,0.5542,81.0,,,0.5376,75.0
2022-04-08,0.3885,59.0,0.406,64.0,0.6124,78.0,,,0.8432,94.0,0.5041,77.0,0.5018,88.0,0.5353,77.0,,,0.5291,72.0
2022-04-07,0.5021,79.0,0.4069,64.0,0.5848,73.0,,,0.8657,94.0,0.5026,77.0,0.5,87.0,0.5427,79.0,,,0.5923,87.0
2022-04-06,0.4898,78.0,0.3774,56.0,0.8382,94.0,,,1.1336,99.0,0.5014,77.0,0.5006,87.0,0.5468,80.0,,,0.5314,73.0
2022-04-05,0.4757,76.0,0.3823,57.0,1.384,100.0,,,0.8949,95.0,0.5047,77.0,0.5021,88.0,0.5307,76.0,,,0.573,83.0
2022-04-04,0.4756,76.0,0.3659,52.0,0.6119,78.0,,,0.7437,90.0,0.508,78.0,0.5022,88.0,0.4962,63.0,,,0.5166,67.0
2022-04-01,0.5031,79.0,0.3879,59.0,0.6998,88.0,,,0.7912,92.0,0.5095,78.0,0.5024,88.0,0.6033,90.0,,,0.5874,86.0
2022-03-31,0.594,87.0,0.4319,70.0,0.667,85.0,,,0.844,94.0,0.5095,78.0,0.5022,88.0,0.6143,91.0,,,0.5882,86.0
2022-03-30,0.6081,88.0,0.4651,77.0,0.6686,85.0,,,0.6675,85.0,0.5096,78.0,0.5037,89.0,0.5636,83.0,,,0.5917,87.0
2022-03-29,0.6211,88.0,0.4894,81.0,0.6762,85.0,,,0.5742,73.0,0.5035,77.0,0.5035,89.0,0.567,84.0,,,0.593,87.0
2022-03-28,0.5594,84.0,0.4911,82.0,0.5605,69.0,,,0.5152,63.0,0.514,79.0,0.5065,90.0,0.5682,84.0,,,0.5863,86.0
2022-03-25,0.5498,84.0,0.5228,86.0,0.357,22.0,,,0.5619,71.0,0.5146,80.0,0.5062,90.0,0.5401,78.0,,,0.587,86.0
2022-03-24,0.8609,96.0,0.6325,94.0,0.4967,59.0,,,0.5425,67.0,0.5146,80.0,0.5063,90.0,0.5825,86.0,,,0.5843,86.0
2022-03-23,0.8805,96.0,0.64,94.0,0.5843,73.0,,,0.529,65.0,0.5144,79.0,0.5059,90.0,0.5784,85.0,,,0.5727,83.0
2022-03-22,0.7965,94.0,0.628,94.0,0.6323,81.0,,,0.5524,69.0,0.5092,78.0,0.5037,89.0,0.6218,92.0,,,0.5113,65.0
2022-03-21,0.8681,96.0,0.6431,94.0,0.5491,68.0,,,0.5295,65.0,0.5094,78.0,0.5022,88.0,0.6004,89.0,,,0.5859,86.0
2022-03-18,0.7347,93.0,0.6203,93.0,0.7565,91.0,,,0.532,66.0,0.5034,77.0,0.4995,86.0,0.5224,73.0,,,0.4606,48.0
2022-03-17,0.6943,91.0,0.6145,93.0,0.5536,69.0,,,0.8164,93.0,0.5026,77.0,0.4994,86.0,0.5273,75.0,,,0.5,61.0
2022-03-16,0.662,90.0,0.6504,95.0,0.7792,92.0,,,0.841,94.0,0.5033,77.0,0.498,85.0,0.4913,62.0,,,0.5376,75.0
2022-03-15,0.626,89.0,0.615,93.0,1.1808,99.0,,,1.0951,98.0,0.4873,74.0,0.4919,83.0,0.5833,86.0,,,0.6462,94.0
2022-03-14,0.5922,86.0,0.6004,92.0,1.128,99.0,,,1.0969,98.0,0.4838,74.0,0.4898,82.0,0.6386,94.0,,,0.6547,95.0
2022-03-11,0.5726,85.0,0.5768,91.0,1.0011,98.0,,,0.9679,97.0,0.4823,74.0,0.488,82.0,0.6258,93.0,,,0.6534,95.0
2022-03-10,0.5518,84.0,0.579,91.0,0.8996,96.0,,,0.9186,96.0,0.4782,72.0,0.486,81.0,0.6276,93.0,,,0.651,94.0
2022-03-09,0.6239,89.0,0.5906,92.0,0.7524,91.0,,,1.4815,100.0,0.4785,73.0,0.4865,81.0,0.6397,94.0,,,0.6532,95.0
2022-03-08,0.6482,89.0,0.6091,93.0,1.0937,99.0,,,0.958,96.0,0.4775,72.0,0.4865,81.0,0.5876,87.0,,,0.7003,97.0
2022-03-07,0.5249,81.0,0.5415,88.0,1.487,100.0,,,1.2789,100.0,0.4729,71.0,0.4822,80.0,0.7302,99.0,,,0.6908,97.0
2022-03-04,0.6055,87.0,0.5772,91.0,0.5345,66.0,,,0.8677,95.0,0.4699,70.0,0.4778,80.0,0.5077,67.0,,,0.6262,92.0
2022-03-03,0.6154,88.0,0.5744,90.0,1.2051,99.0,,,1.2485,99.0,0.4745,71.0,0.4788,80.0,0.628,93.0,,,0.6392,93.0
2022-03-02,0.6623,90.0,0.6045,93.0,0.7054,88.0,,,1.1858,99.0,0.4755,71.0,0.4789,80.0,0.5927,88.0,,,0.6335,93.0
2022-03-01,0.5481,84.0,0.5641,90.0,0.8559,95.0,,,0.7505,90.0,0.4713,70.0,0.4769,79.0,0.637,94.0,,,0.6376,93.0
2022-02-28,0.5803,86.0,0.5531,89.0,1.005,98.0,,,0.6761,86.0,0.4698,70.0,0.476,79.0,0.6231,92.0,,,0.6288,92.0
2022-02-25,0.5605,85.0,0.534,87.0,0.6276,80.0,,,0.6003,77.0,0.468,69.0,0.4767,79.0,0.5819,86.0,,,0.5425,77.0
2022-02-24,0.6441,89.0,0.5321,87.0,0.6906,87.0,,,0.7484,90.0,0.4679,69.0,0.4759,79.0,0.6089,90.0,,,0.6305,93.0
2022-02-23,0.5019,79.0,0.4006,63.0,0.6911,87.0,,,0.6416,82.0,0.4615,66.0,0.4701,77.0,0.6474,95.0,,,0.6069,89.0
2022-02-22,0.5008,79.0,0.3914,60.0,0.692,87.0,,,0.9301,96.0,0.4609,66.0,0.4708,78.0,0.6182,92.0,,,0.6227,92.0
2022-02-18,0.4574,73.0,0.3696,54.0,0.6512,83.0,,,0.65,83.0,0.4659,68.0,0.4859,81.0,0.611,91.0,,,0.6175,91.0
2022-02-17,0.4782,76.0,0.3741,55.0,0.6418,82.0,,,0.6084,78.0,0.4743,71.0,0.489,82.0,0.6067,90.0,,,0.6093,90.0
2022-02-16,0.3967,61.0,0.354,48.0,0.62,79.0,,,1.2305,99.0,0.4689,69.0,0.4908,82.0,0.6129,91.0,,,0.6251,92.0
2022-02-15,0.375,57.0,0.3634,51.0,0.6273,80.0,,,1.1489,99.0,0.4764,72.0,0.4938,84.0,0.5858,87.0,,,0.5785,84.0
2022-02-14,0.3181,42.0,0.3817,57.0,0.6634,84.0,,,0.6401,82.0,0.4737,71.0,0.4952,84.0,0.6118,91.0,,,0.62,91.0
2022-02-11,0.3114,41.0,0.3921,60.0,0.6541,83.0,,,0.6806,86.0,0.4733,71.0,0.4975,85.0,0.6321,93.0,,,0.6111,90.0
2022-02-10,0.4382,70.0,0.4565,75.0,0.8328,94.0,,,0.8358,93.0,0.4758,72.0,0.499,86.0,0.6168,91.0,,,0.6039,89.0
2022-02-09,0.436,69.0,0.4482,74.0,0.564,70.0,,,0.6709,85.0,0.4749,71.0,0.4984,86.0,0.6123,91.0,,,0.6328,93.0
2022-02-08,0.4759,76.0,0.4603,76.0,0.705,88.0,,,0.7459,90.0,0.4744,71.0,0.4982,85.0,0.6389,94.0,,,0.6309,93.0
2022-02-07,0.4388,70.0,0.4599,76.0,1.0594,98.0,,,1.2735,100.0,0.4731,71.0,0.498,85.0,0.6221,92.0,,,0.6239,92.0
2022-02-04,0.4365,69.0,0.4736,78.0,0.5656,70.0,,,0.6151,79.0,0.4734,71.0,0.498,85.0,0.6289,93.0,,,0.6223,92.0
2022-02-03,0.4744,75.0,0.5605,90.0,0.6407,81.0,,,0.6558,84.0,0.4784,72.0,0.4994,86.0,0.5952,88.0,,,0.6284,92.0
2022-02-02,0.4764,76.0,0.5764,91.0,0.6549,83.0,,,0.6209,79.0,0.4804,73.0,0.5012,87.0,0.6469,95.0,,,0.6289,92.0
2022-02-01,0.5666,85.0,0.6411,94.0,0.5793,72.0,,,0.6091,78.0,0.474,71.0,0.4978,85.0,0.6054,90.0,,,0.6259,92.0
2022-01-31,0.5671,85.0,0.6518,95.0,0.5869,74.0,,,0.6648,85.0,0.4786,73.0,0.5006,87.0,0.6179,92.0,,,0.629,93.0
2022-01-28,0.7158,92.0,0.7118,96.0,0.6554,83.0,,,0.6803,86.0,0.4864,74.0,0.5036,89.0,0.6069,90.0,,,0.6237,92.0
2022-01-27,0.7224,93.0,0.7245,97.0,0.6783,86.0,,,0.6722,85.0,0.4865,74.0,0.5057,89.0,0.5748,85.0,,,0.5646,81.0
2022-01-26,0.7201,93.0,0.7122,96.0,0.6534,83.0,,,0.6622,84.0,0.4867,74.0,0.505,89.0,0.5862,87.0,,,0.5962,88.0
2022-01-25,0.7191,92.0,0.6653,95.0,0.6781,86.0,,,0.6339,81.0,0.4828,74.0,0.4992,86.0,0.6286,93.0,,,0.6087,90.0
2022-01-24,0.7201,93.0,0.6621,95.0,0.6545,83.0,,,0.6761,86.0,0.4825,74.0,0.4977,85.0,0.4812,59.0,,,0.5824,85.0
2022-01-21,0.483,77.0,0.5588,89.0,0.6121,78.0,,,0.6022,77.0,0.4729,71.0,0.4899,82.0,0.4795,57.0,,,0.6112,90.0
2022-01-20,0.5302,82.0,0.5468,88.0,0.5871,74.0,,,0.5826,74.0,0.4729,71.0,0.4884,82.0,0.5757,85.0,,,0.5119,65.0
2022-01-19,0.3637,54.0,0.5151,85.0,0.533,65.0,,,0.5443,68.0,0.4601,65.0,0.4837,81.0,0.4555,49.0,,,0.581,85.0
2022-01-18,0.3479,49.0,0.4894,81.0,0.537,66.0,,,0.6312,81.0,0.4584,65.0,0.4848,81.0,0.6232,92.0,,,0.507,64.0
2022-01-14,0.3728,56.0,0.5078,84.0,1.0295,98.0,,,0.5121,62.0,0.4598,65.0,0.4861,81.0,0.5639,83.0,,,0.4685,50.0
2022-01-13,0.3986,62.0,0.5,83.0,0.5979,76.0,,,1.0848,98.0,0.4577,65.0,0.4834,81.0,0.5944,88.0,,,0.5755,84.0
2022-01-12,0.399,62.0,0.4843,80.0,0.7957,93.0,,,0.8537,94.0,0.4591,65.0,0.4831,81.0,0.642,94.0,,,0.5905,87.0
2022-01-11,0.4841,77.0,0.5019,83.0,0.5902,75.0,,,0.5837,74.0,0.461,66.0,0.4843,81.0,0.6116,91.0,,,0.5713,83.0
2022-01-10,0.4383,70.0,0.4828,80.0,0.6013,76.0,,,0.6781,86.0,0.4606,66.0,0.4845,81.0,0.5994,89.0,,,0.6219,92.0
2022-01-07,0.4156,65.0,0.411,65.0,0.5606,69.0,,,0.5093,62.0,0.4592,65.0,0.4807,80.0,0.543,79.0,,,0.5037,62.0
2022-01-06,0.4221,67.0,0.4012,63.0,0.7255,90.0,,,0.9258,96.0,0.4589,65.0,0.4807,80.0,0.5469,80.0,,,0.5587,80.0
2022-01-05,0.409,64.0,0.3796,57.0,0.5521,69.0,,,0.7483,90.0,0.4597,65.0,0.4793,80.0,0.61,90.0,,,0.5379,75.0
2022-01-04,0.3622,53.0,0.3435,44.0,0.5056,60.0,,,0.5418,67.0,0.4546,63.0,0.4775,79.0,0.5795,86.0,,,0.5529,79.0
2022-01-03,0.3411,48.0,0.3404,43.0,0.6013,76.0,,,0.8416,94.0,0.459,65.0,0.4781,80.0,0.5677,84.0,,,0.5471,78.0
2021-12-31,0.2737,31.0,0.2866,24.0,0.6607,84.0,,,0.8114,93.0,0.4564,64.0,0.48,80.0,0.532,77.0,,,0.5686,82.0
2021-12-30,0.2791,32.0,0.3011,28.0,0.5713,71.0,,,0.7796,91.0,0.4636,67.0,0.4827,80.0,0.5025,66.0,,,0.4638,49.0
2021-12-29,0.2783,32.0,0.3609,50.0,0.4575,51.0,,,0.5285,65.0,0.4645,68.0,0.4837,81.0,0.5178,72.0,,,0.5069,64.0
2021-12-28,0.2876,34.0,0.3994,62.0,0.5898,74.0,,,0.5243,64.0,0.4647,68.0,0.484,81.0,0.5507,81.0,,,0.5262,71.0
2021-12-27,0.4152,65.0,0.4637,77.0,0.4104,37.0,,,0.5825,74.0,0.464,67.0,0.484,81.0,0.4783,57.0,,,0.5532,79.0
2021-12-23,0.3794,57.0,0.4663,77.0,0.4998,59.0,,,0.569,72.0,0.4621,66.0,0.483,81.0,0.5568,82.0,,,0.4712,51.0
2021-12-22,0.3979,62.0,0.4933,82.0,0.495,59.0,,,0.5415,67.0,0.4647,68.0,0.4848,81.0,0.5611,82.0,,,0.5623,81.0
2021-12-21,0.4628,74.0,0.5328,87.0,0.7197,89.0,,,0.5425,67.0,0.4651,68.0,0.4867,81.0,0.5547,81.0,,,0.5325,73.0
2021-12-20,0.4548,72.0,0.5405,88.0,0.5081,61.0,,,0.4659,52.0,0.4661,68.0,0.4895,82.0,0.5395,78.0,,,0.5456,78.0
2021-12-17,0.4696,75.0,0.5154,85.0,0.5059,60.0,,,0.5658,71.0,0.4684,69.0,0.4901,82.0,0.4737,56.0,,,0.5623,81.0
2021-12-16,0.4317,68.0,0.4923,82.0,0.569,71.0,,,0.5208,64.0,0.4768,72.0,0.4927,83.0,0.5986,89.0,,,0.5059,63.0
2021-12-15,0.4309,68.0,0.4443,73.0,0.6995,88.0,,,0.5338,66.0,0.4811,73.0,0.493,83.0,0.5496,80.0,,,0.5538,79.0
2021-12-14,0.4294,68.0,0.4259,69.0,0.9003,96.0,,,0.5702,72.0,0.4837,74.0,0.4944,84.0,0.5595,82.0,,,0.5613,81.0
2021-12-13,0.3999,62.0,0.4361,71.0,0.5391,66.0,,,0.5268,65.0,0.4841,74.0,0.4932,83.0,0.5656,83.0,,,0.5554,80.0
2021-12-10,0.3686,55.0,0.407,64.0,0.676,85.0,,,0.4999,60.0,0.4829,74.0,0.4927,83.0,0.5028,66.0,,,0.555,80.0
2021-12-09,0.4325,69.0,0.4917,82.0,0.6246,80.0,,,0.5383,66.0,0.4825,74.0,0.4921,83.0,0.5818,86.0,,,0.5986,88.0
2021-12-08,0.4348,69.0,0.5145,85.0,0.6591,84.0,,,1.0007,97.0,0.4808,73.0,0.4915,83.0,0.5781,85.0,,,0.6541,95.0
2021-12-07,0.4294,68.0,0.5463,88.0,0.6366,81.0,,,0.5139,62.0,0.4809,73.0,0.4914,83.0,0.5539,81.0,,,0.5601,80.0
2021-12-06,0.4776,76.0,0.5387,88.0,0.6429,82.0,,,0.6398,82.0,0.4818,74.0,0.492,83.0,0.6443,94.0,,,0.5997,88.0
2021-12-03,0.4518,72.0,0.5498,88.0,0.9103,96.0,,,1.0184,97.0,0.4822,74.0,0.493,83.0,0.6282,93.0,,,0.5866,86.0
2021-12-02,0.4449,71.0,0.5257,87.0,0.6745,85.0,,,0.5473,68.0,0.4822,74.0,0.4908,82.0,0.5903,87.0,,,0.5165,67.0
2021-12-01,0.6063,88.0,0.5596,89.0,0.583,73.0,,,0.611,78.0,0.4813,73.0,0.4903,82.0,0.5772,85.0,,,0.5119,65.0
2021-11-30,0.6517,90.0,0.504,83.0,0.6263,80.0,,,0.6297,81.0,0.4784,72.0,0.4854,81.0,0.6196,92.0,,,0.6329,93.0
2021-11-29,0.6648,90.0,0.491,82.0,0.5363,66.0,,,0.6394,82.0,0.4797,73.0,0.485,81.0,0.5468,80.0,,,0.5807,85.0
2021-11-26,0.6654,90.0,0.5777,91.0,0.59,75.0,,,0.5945,76.0,0.4801,73.0,0.4828,80.0,0.5618,82.0,,,0.5766,84.0
2021-11-24,0.6248,89.0,0.6025,93.0,0.5288,65.0,,,0.5051,61.0,0.4735,71.0,0.483,81.0,0.5534,81.0,,,0.5463,78.0
2021-11-23,0.6836,91.0,0.6407,94.0,0.4595,51.0,,,0.605,77.0,0.4756,72.0,0.4829,81.0,0.4797,57.0,,,0.5607,80.0
2021-11-22,0.6762,90.0,0.625,94.0,0.5253,64.0,,,0.5401,67.0,0.4768,72.0,0.4827,80.0,0.4936,62.0,,,0.5152,66.0
2021-11-19,0.5981,87.0,0.5878,91.0,0.4877,57.0,,,0.4518,48.0,0.4692,70.0,0.4803,80.0,0.5267,75.0,,,0.5309,73.0
2021-11-18,0.4539,72.0,0.5634,90.0,0.5135,62.0,,,0.4373,44.0,0.4676,69.0,0.4808,80.0,0.5142,70.0,,,0.5104,65.0
2021-11-17,0.4567,73.0,0.5556,89.0,0.6959,87.0,,,0.5157,63.0,0.4683,69.0,0.4812,80.0,0.5273,75.0,,,0.5439,77.0
2021-11-16,0.5016,79.0,0.43,69.0,1.1362,99.0,,,1.0338,98.0,0.4683,69.0,0.474,78.0,0.577,85.0,,,0.5599,80.0
2021-11-15,0.5076,80.0,0.4006,63.0,1.1308,99.0,,,0.7398,90.0,0.4684,69.0,0.4728,78.0,0.5425,79.0,,,0.5432,77.0
2021-11-12,0.3991,62.0,0.3221,36.0,0.6216,79.0,,,0.5924,75.0,0.4615,66.0,0.489,82.0,0.5575,82.0,,,0.5474,78.0
2021-11-11,0.4595,73.0,0.4439,73.0,0.7937,93.0,,,0.8435,94.0,0.462,66.0,0.4912,82.0,0.5546,81.0,,,0.5533,79.0
2021-11-10,0.4612,74.0,0.4474,73.0,0.7921,92.0,,,0.7516,90.0,0.4647,68.0,0.4921,83.0,0.5333,77.0,,,0.5474,78.0
2021-11-09,0.3696,55.0,0.4635,77.0,0.8125,93.0,,,0.7994,92.0,0.465,68.0,0.4926,83.0,0.5298,76.0,,,0.5427,77.0
2021-11-08,0.3791,57.0,0.4478,74.0,0.8291,94.0,,,0.791,92.0,0.4685,69.0,0.4942,84.0,0.545,79.0,,,0.5307,72.0
2021-11-05,0.2208,18.0,0.4438,73.0,0.7793,92.0,,,0.777,91.0,0.472,70.0,0.4984,86.0,0.5466,80.0,,,0.5456,78.0
2021-11-04,0.4324,68.0,0.4385,72.0,0.6302,80.0,,,1.0208,97.0,0.4787,73.0,0.5026,88.0,0.5541,81.0,,,0.5419,77.0
2021-11-03,0.5112,80.0,0.443,73.0,0.8478,95.0,,,0.9635,97.0,0.4782,72.0,0.5029,88.0,0.4968,63.0,,,0.55,79.0
2021-11-02,0.499,79.0,0.4467,73.0,0.5855,74.0,,,0.6178,79.0,0.4766,72.0,0.5,87.0,0.52,72.0,,,0.5468,78.0
2021-11-01,0.5064,80.0,0.4521,75.0,0.6324,81.0,,,0.6474,83.0,0.4798,73.0,0.5008,87.0,0.5138,70.0,,,0.5181,67.0
2021-10-29,0.5027,79.0,0.4574,76.0,0.4502,48.0,,,0.4222,40.0,0.478,72.0,0.5001,87.0,0.4878,61.0,,,0.4962,61.0
2021-10-28,0.5015,79.0,0.4767,79.0,0.5314,65.0,,,0.5184,63.0,0.4778,72.0,0.5001,87.0,0.5122,69.0,,,0.5038,62.0
2021-10-27,0.4858,77.0,0.4731,78.0,0.5762,72.0,,,0.7363,90.0,0.4769,72.0,0.5009,87.0,0.4799,57.0,,,0.5011,62.0
2021-10-26,0.4158,66.0,0.4769,79.0,0.684,86.0,,,0.605,77.0,0.4775,72.0,0.5016,88.0,0.4829,59.0,,,0.521,69.0
2021-10-25,0.3529,51.0,0.4801,79.0,0.5794,72.0,,,0.5415,67.0,0.4769,72.0,0.5025,88.0,0.4719,55.0,,,0.4826,56.0
2021-10-22,0.2462,23.0,0.3886,59.0,0.5258,64.0,,,0.5358,66.0,0.4722,70.0,0.498,85.0,0.5217,73.0,,,0.4848,57.0
2021-10-21,0.2072,15.0,0.3726,55.0,0.4976,59.0,,,0.5229,64.0,0.472,70.0,0.497,85.0,0.5046,66.0,,,0.5217,69.0
2021-10-20,0.156,7.0,0.3402,43.0,0.4849,57.0,,,0.6578,84.0,0.471,70.0,0.4966,84.0,0.5006,65.0,,,0.5254,70.0
2021-10-19,0.248,24.0,0.373,55.0,0.5315,65.0,,,0.5442,68.0,0.4749,71.0,0.4974,85.0,0.5373,78.0,,,0.5241,70.0
2021-10-18,0.3859,59.0,0.4217,68.0,0.6412,82.0,,,0.6134,79.0,0.4776,72.0,0.4984,86.0,0.5178,72.0,,,0.523,69.0
2021-10-15,0.4602,73.0,0.4253,68.0,0.5133,62.0,,,0.6531,83.0,0.4771,72.0,0.4982,85.0,0.4882,61.0,,,0.5163,67.0
2021-10-14,0.4972,78.0,0.4249,68.0,0.6568,83.0,,,0.5918,75.0,0.4786,73.0,0.5004,87.0,0.5472,80.0,,,0.5248,70.0
2021-10-13,0.4796,76.0,0.4207,67.0,0.542,67.0,,,0.5654,71.0,0.4801,73.0,0.5028,88.0,0.508,68.0,,,0.5077,64.0
2021-10-12,0.513,80.0,0.4467,73.0,0.7104,89.0,,,0.6658,85.0,0.481,73.0,0.5029,88.0,0.5151,70.0,,,0.514,66.0
2021-10-11,0.5369,83.0,0.4773,79.0,0.9446,97.0,,,0.511,62.0,0.481,73.0,0.5036,89.0,0.5417,79.0,,,0.5044,62.0
2021-10-08,0.7033,92.0,0.4981,83.0,0.5975,76.0,,,0.5268,65.0,0.4794,73.0,0.5016,88.0,0.4234,38.0,,,0.4823,56.0
2021-10-07,0.6622,90.0,0.4683,78.0,0.6149,78.0,,,0.6017,77.0,0.4749,71.0,0.4997,86.0,0.503,66.0,,,0.4987,61.0
2021-10-06,0.5993,87.0,0.4558,75.0,0.7307,90.0,,,0.726,89.0,0.4721,70.0,0.4992,86.0,0.4869,61.0,,,0.5007,62.0
2021-10-05,0.5956,87.0,0.4618,76.0,0.5625,70.0,,,0.8961,95.0,0.4696,70.0,0.4988,86.0,0.5108,69.0,,,0.509,64.0
2021-10-04,0.6217,89.0,0.4608,76.0,0.6513,83.0,,,0.6868,87.0,0.4716,70.0,0.4987,86.0,0.5254,74.0,,,0.5406,76.0
2021-10-01,0.611,88.0,0.4359,71.0,0.511,61.0,,,0.8866,95.0,0.4705,70.0,0.4974,85.0,0.5299,76.0,,,0.4924,59.0
2021-09-30,0.6282,89.0,0.4115,65.0,0.6692,85.0,,,0.5618,71.0,0.4695,70.0,0.4976,85.0,0.5349,77.0,,,0.4765,54.0
2021-09-29,0.3245,44.0,0.3368,42.0,0.5142,62.0,,,0.5275,65.0,0.4551,63.0,0.4951,84.0,0.5045,66.0,,,0.5326,73.0
2021-09-28,0.3697,55.0,0.3569,49.0,0.5225,63.0,,,0.6618,84.0,0.4547,63.0,0.497,85.0,0.4844,60.0,,,0.4747,53.0
2021-09-27,0.4267,67.0,0.3803,57.0,0.4344,44.0,,,0.4993,60.0,0.4558,64.0,0.4975,85.0,0.5423,79.0,,,0.4787,55.0
2021-09-24,0.381,57.0,0.3545,48.0,0.5016,60.0,,,0.5513,69.0,0.4543,63.0,0.4964,84.0,0.488,61.0,,,0.4863,57.0
2021-09-23,0.37,56.0,0.3441,45.0,0.5119,61.0,,,0.4795,56.0,0.455,63.0,0.4973,85.0,0.5053,67.0,,,0.492,59.0
2021-09-22,0.354,51.0,0.3594,50.0,0.526,64.0,,,0.5015,60.0,0.4542,63.0,0.498,85.0,0.5018,65.0,,,0.4928,59.0
2021-09-21,0.3108,41.0,0.3975,62.0,0.5556,69.0,,,0.6428,82.0,0.4558,64.0,0.5011,87.0,0.5207,73.0,,,0.5191,68.0
2021-09-20,0.3085,40.0,0.3902,60.0,0.5856,74.0,,,0.4974,59.0,0.463,67.0,0.5058,89.0,0.4962,63.0,,,0.4811,56.0
2021-09-17,0.3385,47.0,0.3839,57.0,0.4346,44.0,,,0.5311,65.0,0.4619,66.0,0.5092,90.0,0.4844,60.0,,,0.4958,60.0
2021-09-16,0.3021,38.0,0.3697,54.0,0.6595,84.0,,,0.5395,67.0,0.4624,66.0,0.509,90.0,0.5157,70.0,,,0.5311,73.0
2021-09-15,0.4156,65.0,0.4141,66.0,0.6609,84.0,,,1.3506,100.0,0.4629,67.0,0.5104,90.0,0.4988,64.0,,,0.516,66.0
2021-09-14,0.3771,57.0,0.4202,67.0,0.522,63.0,,,1.0017,97.0,0.4644,68.0,0.5129,91.0,0.4992,64.0,,,0.4878,57.0
2021-09-13,0.3481,49.0,0.4254,69.0,0.5691,71.0,,,1.3864,100.0,0.4662,68.0,0.514,91.0,0.4462,45.0,,,0.5263,71.0
2021-09-10,0.4296,68.0,0.4109,65.0,0.5878,74.0,,,0.4998,60.0,0.4647,68.0,0.5125,91.0,0.4774,57.0,,,0.5206,68.0
2021-09-09,0.4651,74.0,0.4513,75.0,0.6139,78.0,,,0.5603,70.0,0.4643,68.0,0.5132,91.0,0.4818,59.0,,,0.5238,70.0
2021-09-08,0.4106,64.0,0.4334,70.0,0.6918,87.0,,,0.5603,70.0,0.4637,67.0,0.513,91.0,0.5128,69.0,,,0.5271,71.0
2021-09-07,0.436,69.0,0.4521,75.0,0.5675,71.0,,,0.5142,63.0,0.4631,67.0,0.513,91.0,0.5328,77.0,,,0.5282,72.0
2021-09-03,0.3418,48.0,0.4416,72.0,0.477,55.0,,,0.4031,33.0,0.4577,65.0,0.5116,90.0,0.51,68.0,,,0.5223,69.0
2021-09-02,0.4944,78.0,0.6966,96.0,0.3989,34.0,,,0.415,37.0,0.4554,63.0,0.512,90.0,0.4945,63.0,,,0.517,67.0
2021-09-01,0.6111,88.0,0.7244,97.0,0.4488,48.0,,,0.6686,85.0,0.4527,62.0,0.5113,90.0,0.5137,70.0,,,0.5091,64.0
2021-08-31,0.6015,87.0,0.7483,97.0,0.5152,62.0,,,0.4831,56.0,0.4587,65.0,0.5122,91.0,0.5429,79.0,,,0.5315,73.0
2021-08-30,0.6991,92.0,0.7613,98.0,0.5929,75.0,,,0.6003,77.0,0.4613,66.0,0.5121,90.0,0.5226,73.0,,,0.5357,74.0
2021-08-27,0.6982,91.0,0.7844,98.0,0.5057,60.0,,,0.4908,57.0,0.4631,67.0,0.5159,91.0,0.4994,64.0,,,0.5284,72.0
2021-08-26,0.6988,92.0,0.7932,98.0,0.4751,54.0,,,0.4986,60.0,0.4631,67.0,0.5155,91.0,0.5018,65.0,,,0.5446,77.0
2021-08-25,0.7484,93.0,0.7989,98.0,0.6017,76.0,,,0.4998,60.0,0.4635,67.0,0.5143,91.0,0.527,75.0,,,0.5215,69.0
2021-08-24,0.5599,84.0,0.5951,92.0,0.66,84.0,,,0.7562,91.0,0.457,64.0,0.4993,86.0,0.5045,66.0,,,0.5536,79.0
2021-08-23,0.4809,76.0,0.5489,88.0,0.6444,82.0,,,0.653,83.0,0.4513,61.0,0.497,85.0,0.5461,80.0,,,0.5691,82.0
2021-08-20,0.4718,75.0,0.5017,83.0,0.7112,89.0,,,0.7153,88.0,0.4578,65.0,0.4967,84.0,0.5419,79.0,,,0.5237,70.0
2021-08-19,0.3073,40.0,0.4544,75.0,0.5647,70.0,,,1.6023,100.0,0.462,66.0,0.4976,85.0,0.5421,79.0,,,0.5816,85.0
2021-08-18,0.436,69.0,0.4678,77.0,0.7069,89.0,,,1.3624,100.0,0.4613,66.0,0.4965,84.0,0.5651,83.0,,,0.506,63.0
2021-08-17,0.4635,74.0,0.4679,77.0,0.623,79.0,,,0.9602,97.0,0.4637,67.0,0.4954,84.0,0.5639,83.0,,,0.5761,84.0
2021-08-16,0.3511,50.0,0.4327,70.0,0.6194,79.0,,,1.1604,99.0,0.4603,65.0,0.4938,84.0,0.5446,79.0,,,0.5903,87.0
2021-08-13,0.398,62.0,0.4901,81.0,0.5087,61.0,,,1.1278,99.0,0.4617,66.0,0.4935,84.0,0.5638,83.0,,,0.5047,63.0
2021-08-12,0.6509,90.0,0.5549,89.0,0.6872,87.0,,,0.4966,59.0,0.4616,66.0,0.4938,84.0,0.5555,81.0,,,0.5739,83.0
2021-08-11,0.6596,90.0,0.5905,92.0,0.5215,63.0,,,0.5852,74.0,0.4616,66.0,0.4942,84.0,0.5419,79.0,,,0.5338,74.0
2021-08-10,0.6595,90.0,0.5903,92.0,0.5509,68.0,,,0.6483,83.0,0.4635,67.0,0.4959,84.0,0.5231,73.0,,,0.5868,86.0
2021-08-09,0.5803,86.0,0.5567,89.0,0.5598,69.0,,,0.738,90.0,0.4576,64.0,0.4938,84.0,0.5377,78.0,,,0.6166,91.0
2021-08-06,0.5514,84.0,0.5199,86.0,0.6442,82.0,,,0.4956,59.0,0.4563,64.0,0.4919,83.0,0.4987,64.0,,,0.4911,59.0
2021-08-05,0.558,84.0,0.5224,86.0,0.6901,87.0,,,0.4891,57.0,0.4566,64.0,0.4926,83.0,0.5019,65.0,,,0.5213,69.0
2021-08-04,0.4561,73.0,0.4605,76.0,0.6655,84.0,,,0.5752,73.0,0.4521,62.0,0.4886,82.0,0.559,82.0,,,0.4348,39.0
2021-08-03,0.1462,6.0,0.3964,61.0,0.4568,50.0,,,0.6862,86.0,0.446,59.0,0.4891,82.0,0.4509,47.0,,,0.549,78.0
2021-08-02,0.133,4.0,0.3977,62.0,0.5331,65.0,,,0.6062,78.0,0.4472,60.0,0.4866,81.0,0.5418,79.0,,,0.4712,51.0
2021-07-30,0.2077,15.0,0.4193,67.0,0.5144,62.0,,,0.6216,80.0,0.4472,60.0,0.4861,81.0,0.5779,85.0,,,0.5305,72.0
2021-07-29,0.2827,33.0,0.4107,65.0,0.4688,53.0,,,0.5773,73.0,0.4472,60.0,0.4874,82.0,0.5727,85.0,,,0.5791,84.0
2021-07-28,0.3122,41.0,0.4302,69.0,0.5416,67.0,,,0.6102,78.0,0.4473,60.0,0.4901,82.0,0.4666,53.0,,,0.5412,76.0
2021-07-27,0.3638,54.0,0.4643,77.0,0.5374,66.0,,,0.5845,74.0,0.4471,60.0,0.4922,83.0,0.5366,78.0,,,0.4699,51.0
2021-07-26,0.3795,57.0,0.4813,80.0,0.6029,76.0,,,0.5898,75.0,0.4469,60.0,0.4965,84.0,0.4622,51.0,,,0.5055,63.0
2021-07-23,0.3867,59.0,0.4642,77.0,0.5779,72.0,,,0.5879,75.0,0.4572,64.0,0.5074,90.0,0.5215,73.0,,,0.4792,55.0
2021-07-22,0.3859,59.0,0.4119,65.0,0.5961,75.0,,,0.6361,82.0,0.4583,65.0,0.5056,89.0,0.5133,70.0,,,0.5561,80.0
2021-07-21,0.3819,57.0,0.3755,56.0,0.5127,61.0,,,0.5709,72.0,0.4566,64.0,0.506,90.0,0.5116,69.0,,,0.5344,74.0
2021-07-20,0.3202,43.0,0.3872,59.0,0.6053,77.0,,,0.6089,78.0,0.4549,63.0,0.5061,90.0,0.5693,84.0,,,0.5514,79.0
2021-07-19,0.429,68.0,0.386,59.0,0.5612,70.0,,,0.5141,62.0,0.4542,63.0,0.5059,90.0,0.4957,63.0,,,0.5101,64.0
2021-07-16,0.3952,61.0,0.4216,67.0,0.5644,70.0,,,0.5441,68.0,0.4519,62.0,0.5042,89.0,0.5109,69.0,,,0.5092,64.0
2021-07-15,0.5215,81.0,0.4499,74.0,0.7543,91.0,,,0.7542,90.0,0.4514,61.0,0.5048,89.0,0.4962,63.0,,,0.5189,68.0
2021-07-14,0.5277,82.0,0.4687,78.0,0.5859,74.0,,,0.6064,78.0,0.4514,61.0,0.5053,89.0,0.5562,81.0,,,0.5506,79.0
2021-07-13,0.5283,82.0,0.4655,77.0,0.6007,76.0,,,0.4926,57.0,0.453,62.0,0.506,90.0,0.5562,81.0,,,0.5178,67.0
2021-07-12,0.5238,81.0,0.4727,78.0,0.5433,67.0,,,0.5297,65.0,0.453,62.0,0.5064,90.0,0.5445,79.0,,,0.5312,73.0
2021-07-09,0.5169,81.0,0.4592,76.0,0.4075,36.0,,,0.7083,88.0,0.4536,63.0,0.5084,90.0,0.5083,68.0,,,0.5426,77.0
2021-07-08,0.3877,59.0,0.4807,79.0,0.6699,85.0,,,0.7539,90.0,0.4538,63.0,0.5102,90.0,0.5323,77.0,,,0.5616,81.0
2021-07-07,0.3656,54.0,0.4445,73.0,0.6523,83.0,,,0.5337,66.0,0.4545,63.0,0.508,90.0,0.563,82.0,,,0.5731,83.0
2021-07-06,0.2581,27.0,0.4555,75.0,0.6738,85.0,,,0.6662,85.0,0.4466,59.0,0.51,90.0,0.541,78.0,,,0.5433,77.0
2021-07-02,0.3939,61.0,0.4898,81.0,0.5497,68.0,,,0.5969,76.0,0.4542,63.0,0.511,90.0,0.5554,81.0,,,0.5241,70.0
2021-07-01,0.5752,86.0,0.5565,89.0,0.5014,60.0,,,0.5493,69.0,0.4566,64.0,0.5138,91.0,0.5256,74.0,,,0.5319,73.0
2021-06-30,0.6814,91.0,0.61,93.0,0.6122,78.0,,,0.6362,82.0,0.4651,68.0,0.5191,92.0,0.5634,82.0,,,0.5483,78.0
2021-06-29,0.6921,91.0,0.6448,94.0,0.5113,61.0,,,0.5592,70.0,0.4651,68.0,0.5214,93.0,0.5429,79.0,,,0.5312,73.0
2021-06-28,0.6616,90.0,0.6227,94.0,0.5785,72.0,,,0.5521,69.0,0.4699,70.0,0.5236,93.0,0.5383,78.0,,,0.5127,65.0
2021-06-25,0.6878,91.0,0.6229,94.0,0.4581,51.0,,,0.611,78.0,0.4689,69.0,0.5224,93.0,0.5415,78.0,,,0.5146,66.0
2021-06-24,0.6242,89.0,0.5803,91.0,0.5247,64.0,,,0.5664,71.0,0.4697,70.0,0.5205,93.0,0.5506,81.0,,,0.5294,72.0
2021-06-23,0.6505,89.0,0.5392,88.0,0.5513,68.0,,,0.6477,83.0,0.4674,69.0,0.5176,92.0,0.5171,71.0,,,0.5384,75.0
2021-06-22,0.5561,84.0,0.4692,78.0,0.5706,71.0,,,0.6517,83.0,0.4611,66.0,0.5151,91.0,0.5295,76.0,,,0.5349,74.0
2021-06-21,0.4466,71.0,0.4234,68.0,0.5419,67.0,,,0.4958,59.0,0.4528,62.0,0.5115,90.0,0.515,70.0,,,0.5343,74.0
2021-06-18,0.3632,54.0,0.395,61.0,0.4281,43.0,,,0.4661,52.0,0.4517,62.0,0.5119,90.0,0.536,77.0,,,0.5336,74.0
2021-06-17,0.3456,49.0,0.3863,59.0,0.5217,63.0,,,0.5531,69.0,0.4512,61.0,0.5131,91.0,0.5418,79.0,,,0.5478,78.0
2021-06-16,0.3295,45.0,0.3511,47.0,0.6029,76.0,,,0.4891,57.0,0.4489,60.0,0.5117,90.0,0.5389,78.0,,,0.525,70.0
2021-06-15,0.3294,45.0,0.3561,49.0,0.4842,57.0,,,0.4615,51.0,0.449,61.0,0.5118,90.0,0.5261,75.0,,,0.54,76.0
2021-06-14,0.4108,64.0,0.3906,60.0,0.5181,62.0,,,0.7031,88.0,0.4502,61.0,0.5123,91.0,0.5376,78.0,,,0.5399,76.0
2021-06-11,0.4105,64.0,0.3878,59.0,0.6011,76.0,,,0.6482,83.0,0.451,61.0,0.513,91.0,0.5138,70.0,,,0.5511,79.0
2021-06-10,0.3102,40.0,0.3668,53.0,0.5149,62.0,,,0.5619,71.0,0.4483,60.0,0.5119,90.0,0.5295,76.0,,,0.5364,75.0
2021-06-09,0.4305,68.0,0.357,49.0,0.4583,51.0,,,0.6322,81.0,0.4553,63.0,0.5125,91.0,0.5395,78.0,,,0.5557,80.0
2021-06-08,0.4513,72.0,0.3706,54.0,0.477,55.0,,,0.5436,68.0,0.4552,63.0,0.514,91.0,0.5059,67.0,,,0.5675,82.0
2021-06-07,0.4206,66.0,0.3767,56.0,0.6441,82.0,,,0.5195,64.0,0.455,63.0,0.5148,91.0,0.5251,74.0,,,0.5469,78.0
2021-06-04,0.5711,85.0,0.4176,67.0,0.4685,53.0,,,0.6343,81.0,0.4555,64.0,0.5148,91.0,0.5308,76.0,,,0.5439,77.0
2021-06-03,0.5201,81.0,0.4191,67.0,0.5621,70.0,,,0.4932,59.0,0.4511,61.0,0.514,91.0,0.5335,77.0,,,0.5261,71.0
2021-06-02,0.5105,80.0,0.4293,69.0,0.5061,60.0,,,0.6423,82.0,0.4506,61.0,0.5155,91.0,0.5203,72.0,,,0.5409,76.0
2021-06-01,0.4977,79.0,0.4357,71.0,0.5441,67.0,,,0.5541,69.0,0.4484,60.0,0.5171,92.0,0.5384,78.0,,,0.5178,67.0
2021-05-28,0.4671,74.0,0.7187,96.0,0.4985,59.0,,,0.5684,72.0,0.4458,59.0,0.5166,92.0,0.5158,71.0,,,0.5399,76.0
2021-05-27,0.4395,70.0,0.7321,97.0,0.3441,18.0,,,0.4899,57.0,0.4492,61.0,0.5167,92.0,0.5277,75.0,,,0.5296,72.0
2021-05-26,0.5275,82.0,0.7402,97.0,0.4582,51.0,,,0.5284,65.0,0.4492,61.0,0.5161,92.0,0.5217,73.0,,,0.5394,76.0
2021-05-25,0.4451,71.0,0.722,97.0,0.5454,67.0,,,0.5261,65.0,0.4435,57.0,0.5155,91.0,0.5294,76.0,,,0.5375,75.0
2021-05-24,0.4808,76.0,0.7303,97.0,0.5452,67.0,,,0.3793,26.0,0.4471,60.0,0.5169,92.0,0.5203,72.0,,,0.534,74.0
2021-05-21,0.5246,81.0,0.7778,98.0,0.538,66.0,,,0.5548,70.0,0.4484,60.0,0.5169,92.0,0.5346,77.0,,,0.5473,78.0
2021-05-20,0.7007,92.0,0.8219,98.0,0.8107,93.0,,,0.5183,63.0,0.4503,61.0,0.5169,92.0,0.5574,82.0,,,0.5179,67.0
2021-05-19,0.6994,92.0,0.5893,92.0,1.0104,98.0,,,1.143,99.0,0.4506,61.0,0.5044,89.0,0.5527,81.0,,,0.5943,87.0
2021-05-18,0.7376,93.0,0.5929,92.0,1.0191,98.0,,,1.0021,97.0,0.45,61.0,0.5047,89.0,0.5604,82.0,,,0.5389,75.0
2021-05-17,0.7526,94.0,0.5943,92.0,0.9066,96.0,,,0.9397,96.0,0.4469,60.0,0.5068,90.0,0.5217,73.0,,,0.5887,87.0
2021-05-14,0.736,93.0,0.588,91.0,0.9905,97.0,,,0.9361,96.0,0.4481,60.0,0.5064,90.0,0.5162,71.0,,,0.6109,90.0
2021-05-13,0.6717,90.0,0.552,89.0,0.9839,97.0,,,0.8806,95.0,0.4441,57.0,0.5047,89.0,0.5483,80.0,,,0.5548,80.0
2021-05-12,0.5656,85.0,0.4905,81.0,0.9419,97.0,,,0.9852,97.0,0.4455,59.0,0.5015,88.0,0.6007,89.0,,,0.5264,71.0
2021-05-11,0.4853,77.0,0.4176,67.0,0.7508,90.0,,,0.958,96.0,0.439,56.0,0.4986,86.0,0.5675,84.0,,,0.5854,86.0
2021-05-10,0.5077,80.0,0.4354,71.0,0.8638,95.0,,,0.6758,86.0,0.4385,56.0,0.4982,85.0,0.5956,88.0,,,0.5304,72.0
2021-05-07,0.41,64.0,0.406,64.0,0.6871,87.0,,,0.6837,86.0,0.4566,64.0,0.498,85.0,0.5445,79.0,,,0.5898,87.0
2021-05-06,0.3266,44.0,0.3722,54.0,0.6536,83.0,,,0.7086,88.0,0.4558,64.0,0.4978,85.0,0.587,87.0,,,0.5916,87.0
2021-05-05,0.3431,48.0,0.3844,57.0,0.7706,92.0,,,0.8842,95.0,0.4595,65.0,0.5005,87.0,0.5668,83.0,,,0.5799,85.0
2021-05-04,0.4384,70.0,0.4245,68.0,0.6454,82.0,,,0.6246,80.0,0.4618,66.0,0.5007,87.0,0.5906,88.0,,,0.5716,83.0
2021-05-03,0.4991,79.0,0.4245,68.0,0.6705,85.0,,,0.5938,76.0,0.469,69.0,0.5014,87.0,0.5472,80.0,,,0.5822,85.0
2021-04-30,0.4192,66.0,0.4105,65.0,0.6357,81.0,,,0.6058,78.0,0.4666,69.0,0.5027,88.0,0.6004,89.0,,,0.5458,78.0
2021-04-29,0.4226,67.0,0.4394,72.0,0.609,77.0,,,0.6338,81.0,0.4654,68.0,0.5014,87.0,0.5575,82.0,,,0.5649,81.0
2021-04-28,0.4703,75.0,0.4863,81.0,0.7153,89.0,,,0.7067,88.0,0.4653,68.0,0.5018,88.0,0.6014,89.0,,,0.5959,88.0
2021-04-27,0.4896,78.0,0.4929,82.0,0.6515,83.0,,,0.6226,80.0,0.4722,70.0,0.5022,88.0,0.5815,86.0,,,0.5715,83.0
2021-04-26,0.4714,75.0,0.4897,81.0,0.6645,84.0,,,0.6215,80.0,0.4726,71.0,0.5021,88.0,0.5881,87.0,,,0.5776,84.0
2021-04-23,0.3857,59.0,0.462,77.0,0.6511,82.0,,,0.5119,62.0,0.4691,70.0,0.5006,87.0,0.5676,84.0,,,0.5745,83.0
2021-04-22,0.33,45.0,0.4478,74.0,0.6885,87.0,,,0.6473,83.0,0.4679,69.0,0.5018,88.0,0.5915,88.0,,,0.5668,82.0
2021-04-21,0.3368,47.0,0.4444,73.0,0.5581,69.0,,,0.6525,83.0,0.4679,69.0,0.5015,88.0,0.586,87.0,,,0.586,86.0
2021-04-20,0.2622,28.0,0.3889,59.0,0.6527,83.0,,,0.6051,77.0,0.469,69.0,0.4995,86.0,0.5777,85.0,,,0.5862,86.0
2021-04-19,0.2916,35.0,0.3218,36.0,0.6296,80.0,,,0.6394,82.0,0.4666,69.0,0.497,85.0,0.5814,86.0,,,0.5748,84.0
2021-04-16,0.2547,26.0,0.3186,35.0,0.5256,64.0,,,0.539,67.0,0.4655,68.0,0.4978,85.0,0.5948,88.0,,,0.5834,85.0
2021-04-15,0.2495,24.0,0.3495,47.0,0.6638,84.0,,,0.6827,86.0,0.4718,70.0,0.4992,86.0,0.5676,84.0,,,0.5964,88.0
2021-04-14,0.2515,25.0,0.3654,52.0,0.4438,47.0,,,0.5628,71.0,0.4718,70.0,0.4989,86.0,0.5648,83.0,,,0.5775,84.0
2021-04-13,0.2317,20.0,0.4136,66.0,0.6205,79.0,,,0.5869,74.0,0.4714,70.0,0.4992,86.0,0.5333,77.0,,,0.5342,74.0
2021-04-12,0.2547,26.0,0.4225,68.0,0.502,60.0,,,0.519,64.0,0.4775,72.0,0.501,87.0,0.5821,86.0,,,0.5668,82.0
2021-04-09,0.2547,26.0,0.4151,66.0,0.3689,25.0,,,0.4487,47.0,0.4775,72.0,0.5003,87.0,0.5652,83.0,,,0.5968,88.0
2021-04-08,0.2741,31.0,0.433,70.0,0.586,74.0,,,0.4904,57.0,0.4763,72.0,0.4999,87.0,0.5807,86.0,,,0.5983,88.0
2021-04-07,0.2621,28.0,0.4487,74.0,0.6037,77.0,,,0.5693,72.0,0.4765,72.0,0.4997,86.0,0.5956,88.0,,,0.5904,87.0
2021-04-06,0.342,48.0,0.481,80.0,0.5848,73.0,,,0.5259,65.0,0.4786,73.0,0.4983,86.0,0.5799,86.0,,,0.6104,90.0
2021-04-05,0.4398,70.0,0.5498,88.0,0.5812,73.0,,,0.5587,70.0,0.4803,73.0,0.4983,86.0,0.5925,88.0,,,0.6147,91.0
2021-04-01,0.4731,75.0,0.5875,91.0,0.5569,69.0,,,0.6909,87.0,0.4815,73.0,0.4975,85.0,0.6344,93.0,,,0.6156,91.0
2021-03-31,0.5161,81.0,0.5914,92.0,0.556,69.0,,,0.4908,57.0,0.4805,73.0,0.499,86.0,0.6163,91.0,,,0.5872,86.0
2021-03-30,0.5383,83.0,0.6126,93.0,0.5632,70.0,,,0.5359,66.0,0.4807,73.0,0.4995,86.0,0.6154,91.0,,,0.5972,88.0
2021-03-29,0.5375,83.0,0.6315,94.0,0.6882,87.0,,,0.5323,66.0,0.4788,73.0,0.4989,86.0,0.6529,95.0,,,0.6147,91.0
2021-03-26,0.5858,86.0,0.6453,95.0,0.6045,77.0,,,0.6075,78.0,0.4807,73.0,0.4993,86.0,0.6076,90.0,,,0.6031,89.0
2021-03-25,0.5363,82.0,0.6019,93.0,0.4949,57.0,,,0.6173,79.0,0.4781,72.0,0.4972,85.0,0.6063,90.0,,,0.6095,90.0
2021-03-24,0.3704,56.0,0.5341,87.0,0.8492,95.0,,,0.7871,92.0,0.4718,70.0,0.4927,83.0,0.648,95.0,,,0.6263,92.0
2021-03-23,0.3846,59.0,0.4654,77.0,0.8424,94.0,,,0.7002,87.0,0.4748,71.0,0.4903,82.0,0.6984,98.0,,,0.5882,86.0
2021-03-22,0.3237,43.0,0.4571,76.0,0.7003,88.0,,,0.6956,87.0,0.4763,72.0,0.4934,84.0,0.5888,87.0,,,0.6326,93.0
2021-03-19,0.3,38.0,0.4394,72.0,0.6352,81.0,,,0.6634,84.0,0.4757,72.0,0.4927,83.0,0.6606,95.0,,,0.6189,91.0
2021-03-18,0.2438,23.0,0.3987,62.0,0.8155,93.0,,,0.5376,66.0,0.4745,71.0,0.4912,82.0,0.6302,93.0,,,0.6557,95.0
2021-03-17,0.1256,3.0,0.363,51.0,0.6806,86.0,,,0.6288,81.0,0.4727,71.0,0.4897,82.0,0.6473,95.0,,,0.6588,95.0
2021-03-16,0.3282,45.0,0.4035,63.0,0.8226,94.0,,,0.713,88.0,0.4766,72.0,0.4914,83.0,0.6435,94.0,,,0.6478,94.0
2021-03-15,0.3521,51.0,0.4302,69.0,0.5848,73.0,,,0.576,73.0,0.4772,72.0,0.4916,83.0,0.6307,93.0,,,0.6424,94.0
2021-03-12,0.4493,71.0,0.4902,81.0,0.4708,54.0,,,0.6902,87.0,0.4787,73.0,0.4937,84.0,0.6437,94.0,,,0.6668,95.0
2021-03-11,0.4626,74.0,0.4997,83.0,0.5036,60.0,,,0.5475,68.0,0.4795,73.0,0.4938,84.0,0.6563,95.0,,,0.6616,95.0
2021-03-10,0.4841,77.0,0.4942,82.0,0.5451,67.0,,,0.5557,70.0,0.48,73.0,0.494,84.0,0.6658,96.0,,,0.6648,95.0
2021-03-09,0.5339,82.0,0.5089,84.0,0.6251,80.0,,,0.5908,75.0,0.4801,73.0,0.4937,84.0,0.66,95.0,,,0.6786,96.0
2021-03-08,0.5746,85.0,0.519,86.0,0.5388,66.0,,,0.5272,65.0,0.4801,73.0,0.4945,84.0,0.6453,94.0,,,0.732,99.0
2021-03-05,0.5731,85.0,0.532,87.0,0.5347,66.0,,,0.8748,95.0,0.4744,71.0,0.4927,83.0,0.6358,94.0,,,0.6985,97.0
2021-03-04,0.709,92.0,0.5648,90.0,0.5583,69.0,,,0.7671,91.0,0.4719,70.0,0.4924,83.0,0.6891,98.0,,,0.7068,98.0
2021-03-03,0.6858,91.0,0.5163,85.0,0.6049,77.0,,,0.6118,79.0,0.4702,70.0,0.4944,84.0,0.6997,98.0,,,0.6834,96.0
2021-03-02,0.7075,92.0,0.5188,86.0,0.6382,81.0,,,0.7282,89.0,0.4702,70.0,0.5257,94.0,0.6849,97.0,,,0.7028,98.0
2021-03-01,0.6955,91.0,0.5209,86.0,0.7232,90.0,,,0.7434,90.0,0.4857,74.0,0.5317,94.0,0.6475,95.0,,,0.6634,95.0
2021-02-26,0.666,90.0,0.5012,83.0,0.8188,94.0,,,0.7513,90.0,0.4876,74.0,0.5334,94.0,0.6584,95.0,,,0.6468,94.0
2021-02-25,0.6527,90.0,0.4949,82.0,0.8196,94.0,,,0.7408,90.0,0.5,77.0,0.5371,95.0,0.6835,97.0,,,0.6402,93.0
2021-02-24,0.5327,82.0,0.4559,75.0,0.5856,74.0,,,0.5816,74.0,0.4961,76.0,0.5356,95.0,0.6393,94.0,,,0.6833,96.0
2021-02-23,0.3317,46.0,0.4217,68.0,0.6804,86.0,,,0.6331,81.0,0.4863,74.0,0.5323,94.0,0.67,96.0,,,0.7083,98.0
2021-02-22,0.3394,47.0,0.4143,66.0,0.6659,84.0,,,0.6224,80.0,0.4862,74.0,0.5316,94.0,0.6673,96.0,,,0.6933,97.0
2021-02-19,0.2151,17.0,0.3975,62.0,0.6364,81.0,,,0.6283,81.0,0.4883,75.0,0.5313,94.0,0.6887,98.0,,,0.675,96.0
2021-02-18,0.2111,16.0,0.4076,64.0,0.7104,89.0,,,0.6257,80.0,0.4887,75.0,0.5314,94.0,0.662,96.0,,,0.6756,96.0
2021-02-17,0.2073,15.0,0.3945,61.0,0.7133,89.0,,,0.8127,93.0,0.4903,75.0,0.5314,94.0,0.6059,90.0,,,0.6191,91.0
2021-02-16,0.3924,60.0,0.4755,79.0,0.684,86.0,,,0.5832,74.0,0.4899,75.0,0.5318,94.0,0.6883,98.0,,,0.6853,96.0
2021-02-12,0.4208,66.0,0.466,77.0,0.5934,75.0,,,0.643,82.0,0.4932,75.0,0.5328,94.0,0.6385,94.0,,,0.6323,93.0
2021-02-11,0.3521,51.0,0.4206,67.0,0.6171,79.0,,,0.6242,80.0,0.4912,75.0,0.5313,94.0,0.6257,93.0,,,0.6382,93.0
2021-02-10,0.358,52.0,0.4471,73.0,0.8049,93.0,,,0.6483,83.0,0.4916,75.0,0.5333,94.0,0.6186,92.0,,,0.6198,91.0
2021-02-09,0.3485,50.0,0.4892,81.0,0.6636,84.0,,,0.6814,86.0,0.491,75.0,0.5335,94.0,0.6108,91.0,,,0.6179,91.0
2021-02-08,0.3273,44.0,0.5156,85.0,0.7035,88.0,,,0.7345,89.0,0.4905,75.0,0.5349,95.0,0.6244,93.0,,,0.6278,92.0
2021-02-05,0.3237,43.0,0.5904,92.0,0.6417,82.0,,,0.6794,86.0,0.4905,75.0,0.5356,95.0,0.6028,89.0,,,0.6116,90.0
2021-02-04,0.4265,67.0,0.6931,96.0,0.7018,88.0,,,0.8059,92.0,0.488,74.0,0.5317,94.0,0.6153,91.0,,,0.6027,89.0
2021-02-03,0.4242,67.0,0.7008,96.0,0.8058,93.0,,,0.799,92.0,0.49,75.0,0.533,94.0,0.5986,89.0,,,0.6073,89.0
2021-02-02,0.4265,67.0,0.7254,97.0,0.7518,91.0,,,0.7629,91.0,0.4922,75.0,0.5336,95.0,0.6177,92.0,,,0.5992,88.0
2021-02-01,0.4198,66.0,0.7052,96.0,0.8595,95.0,,,0.8437,94.0,0.4925,75.0,0.533,94.0,0.6069,90.0,,,0.6189,91.0
2021-01-29,0.4213,67.0,0.6808,96.0,0.8483,95.0,,,0.9392,96.0,0.4921,75.0,0.5309,94.0,0.7114,99.0,,,0.7139,98.0
2021-01-28,0.426,67.0,0.6543,95.0,0.7282,90.0,,,0.8654,94.0,0.4926,75.0,0.5315,94.0,0.6326,93.0,,,0.6436,94.0
2021-01-27,0.4634,74.0,0.6157,93.0,0.8113,93.0,,,0.7837,92.0,0.4987,76.0,0.531,94.0,0.5884,87.0,,,0.6497,94.0
2021-01-26,0.2346,21.0,0.4209,67.0,0.594,75.0,,,0.7003,87.0,0.4979,76.0,0.5206,93.0,0.6372,94.0,,,0.6201,91.0
2021-01-25,0.262,28.0,0.4224,68.0,0.5879,74.0,,,0.7725,91.0,0.4985,76.0,0.5199,92.0,0.5966,89.0,,,0.593,87.0
2021-01-22,0.2913,35.0,0.3845,57.0,0.53,65.0,,,0.5829,74.0,0.5005,77.0,0.5195,92.0,0.5687,84.0,,,0.6299,93.0
2021-01-21,0.3264,44.0,0.4368,71.0,0.5693,71.0,,,0.5209,64.0,0.502,77.0,0.52,92.0,0.5772,85.0,,,0.5614,81.0
2021-01-20,0.4417,70.0,0.4759,79.0,0.5346,66.0,,,0.5419,67.0,0.5086,78.0,0.5225,93.0,0.5707,84.0,,,0.5843,86.0
2021-01-19,0.4564,73.0,0.4961,82.0,0.5858,74.0,,,0.5506,69.0,0.5087,78.0,0.5229,93.0,0.6007,89.0,,,0.5592,80.0
2021-01-15,0.4577,73.0,0.5443,88.0,0.5295,65.0,,,0.5432,68.0,0.5101,79.0,0.5229,93.0,0.5659,83.0,,,0.5786,84.0
2021-01-14,0.5604,85.0,0.5683,90.0,0.5311,65.0,,,0.4968,59.0,0.528,83.0,0.5268,94.0,0.5735,85.0,,,0.5669,82.0
2021-01-13,0.5746,85.0,0.5973,92.0,0.5483,68.0,,,0.5408,67.0,0.5293,83.0,0.5279,94.0,0.5766,85.0,,,0.5637,81.0
2021-01-12,0.6996,92.0,0.6732,95.0,0.552,69.0,,,0.5508,69.0,0.5281,83.0,0.5282,94.0,0.5683,84.0,,,0.5695,82.0
2021-01-11,0.6978,91.0,0.669,95.0,0.5538,69.0,,,0.5567,70.0,0.5275,82.0,0.5257,94.0,0.5687,84.0,,,0.5715,83.0
2021-01-08,0.7429,93.0,0.6903,96.0,0.4492,48.0,,,0.5128,62.0,0.5348,84.0,0.5247,93.0,0.5662,83.0,,,0.6492,94.0
2021-01-07,0.7434,93.0,0.6782,95.0,0.4571,50.0,,,0.5717,72.0,0.5344,84.0,0.5253,94.0,0.5711,84.0,,,0.5933,87.0
2021-01-06,0.7751,94.0,0.6324,94.0,0.5031,60.0,,,0.5912,75.0,0.5347,84.0,0.523,93.0,0.5759,85.0,,,0.6282,92.0
2021-01-05,0.656,90.0,0.5994,92.0,0.5325,65.0,,,0.6735,86.0,0.5267,82.0,0.5232,93.0,0.5998,89.0,,,0.6636,95.0
2021-01-04,0.6344,89.0,0.5774,91.0,0.5813,73.0,,,0.5846,74.0,0.5281,83.0,0.5242,93.0,0.6,89.0,,,0.5813,85.0
2020-12-31,0.5053,80.0,0.4834,80.0,0.5071,61.0,,,0.5227,64.0,0.5213,81.0,0.5204,92.0,0.5941,88.0,,,0.5677,82.0
2020-12-30,0.5225,81.0,0.4928,82.0,0.6479,82.0,,,0.573,72.0,0.5264,82.0,0.5194,92.0,0.6475,95.0,,,0.5697,83.0
2020-12-29,0.348,49.0,0.4413,72.0,0.5144,62.0,,,0.5085,61.0,0.5199,80.0,0.517,92.0,0.5784,85.0,,,0.5863,86.0
2020-12-28,0.3482,50.0,0.4374,71.0,0.4572,50.0,,,0.4954,59.0,0.5205,81.0,0.5177,92.0,0.5657,83.0,,,0.5693,82.0
2020-12-24,0.2906,35.0,0.4206,67.0,0.5243,64.0,,,0.5071,61.0,0.5185,80.0,0.5199,92.0,0.5801,86.0,,,0.5817,85.0
2020-12-23,0.3332,46.0,0.4409,72.0,0.5103,61.0,,,0.598,77.0,0.5186,80.0,0.5201,92.0,0.5881,87.0,,,0.5782,84.0
2020-12-22,0.3479,49.0,0.4276,69.0,0.5477,68.0,,,0.6059,78.0,0.525,82.0,0.5223,93.0,0.5874,87.0,,,0.595,87.0
2020-12-21,0.3497,50.0,0.4319,70.0,0.5626,70.0,,,0.5877,74.0,0.5287,83.0,0.5239,93.0,0.5966,89.0,,,0.595,87.0
2020-12-18,0.4431,71.0,0.4073,64.0,0.5741,72.0,,,0.5387,67.0,0.5268,82.0,0.5229,93.0,0.6192,92.0,,,0.5891,87.0
2020-12-17,0.437,70.0,0.4059,64.0,0.5295,65.0,,,0.5568,70.0,0.5281,83.0,0.5225,93.0,0.5676,84.0,,,0.589,87.0
2020-12-16,0.4449,71.0,0.4239,68.0,0.5515,68.0,,,0.558,70.0,0.5371,84.0,0.5265,94.0,0.6158,91.0,,,0.5994,88.0
2020-12-15,0.4469,71.0,0.4252,68.0,0.5326,65.0,,,0.6228,80.0,0.5385,85.0,0.5292,94.0,0.5707,84.0,,,0.5819,85.0
2020-12-14,0.3747,56.0,0.4286,69.0,0.5508,68.0,,,0.5426,67.0,0.542,85.0,0.5305,94.0,0.6855,97.0,,,0.5781,84.0
2020-12-11,0.3816,57.0,0.4414,72.0,0.5155,62.0,,,0.6199,79.0,0.5411,85.0,0.5311,94.0,0.5866,87.0,,,0.5864,86.0
2020-12-10,0.3912,60.0,0.4786,79.0,0.5989,76.0,,,0.5744,73.0,0.5439,86.0,0.5326,94.0,0.6445,94.0,,,0.5727,83.0
2020-12-09,0.1588,7.0,0.45,74.0,0.5819,73.0,,,0.5783,73.0,0.542,85.0,0.5338,95.0,0.5663,83.0,,,0.5796,84.0
2020-12-08,0.348,49.0,0.4316,70.0,0.5702,71.0,,,0.5955,76.0,0.5466,86.0,0.5428,95.0,0.5659,83.0,,,0.585,86.0
2020-12-07,0.3428,48.0,0.4072,64.0,0.5522,69.0,,,0.6066,78.0,0.5475,86.0,0.5445,95.0,0.5663,83.0,,,0.5779,84.0
2020-12-04,0.3339,46.0,0.4344,71.0,0.5783,72.0,,,0.6649,85.0,0.563,89.0,0.5471,95.0,0.5679,84.0,,,0.5758,84.0
2020-12-03,0.4436,71.0,0.4773,79.0,0.5759,72.0,,,0.5746,73.0,0.566,90.0,0.5484,95.0,0.5649,83.0,,,0.5811,85.0
2020-12-02,0.4632,74.0,0.4587,76.0,0.6042,77.0,,,0.6145,79.0,0.5777,92.0,0.551,95.0,0.5918,88.0,,,0.5809,85.0
2020-12-01,0.5647,85.0,0.5453,88.0,0.5738,72.0,,,0.6054,77.0,0.5814,92.0,0.5534,95.0,0.5788,85.0,,,0.5827,85.0
2020-11-30,0.5647,85.0,0.5453,88.0,0.468,53.0,,,0.8086,93.0,0.5814,92.0,0.5534,95.0,0.5094,68.0,,,0.64,93.0
2020-11-29,0.4725,75.0,0.5649,90.0,0.5563,69.0,,,0.6263,80.0,0.5783,92.0,0.5535,95.0,0.5745,85.0,,,0.6018,89.0
2020-11-28,0.4725,75.0,0.5649,90.0,0.5429,67.0,,,0.6112,78.0,0.5783,92.0,0.5535,95.0,0.573,85.0,,,0.6003,89.0
2020-11-27,0.4795,76.0,0.6157,93.0,0.5304,65.0,,,0.5972,76.0,0.5795,92.0,0.554,95.0,0.5716,84.0,,,0.5989,88.0
2020-11-26,0.4795,76.0,0.6157,93.0,0.5758,72.0,,,0.5667,72.0,0.5795,92.0,0.554,95.0,0.5952,88.0,,,0.5949,87.0
2020-11-25,0.497,78.0,0.596,92.0,0.5636,70.0,,,0.5548,70.0,0.5829,92.0,0.5539,95.0,0.5937,88.0,,,0.5935,87.0
2020-11-24,0.4347,69.0,0.559,89.0,0.5722,71.0,,,0.5708,72.0,0.5789,92.0,0.5535,95.0,0.6185,92.0,,,0.6153,91.0
2020-11-23,0.5197,81.0,0.5714,90.0,0.5996,76.0,,,0.572,72.0,0.5781,92.0,0.5534,95.0,0.5936,88.0,,,0.5871,86.0
2020-11-20,0.5237,81.0,0.5888,92.0,0.5754,72.0,,,0.5688,72.0,0.5765,92.0,0.557,95.0,0.6049,90.0,,,0.5974,88.0
2020-11-19,0.4999,79.0,0.486,80.0,0.598,76.0,,,0.9771,97.0,0.5831,92.0,0.5537,95.0,0.5912,88.0,,,0.5987,88.0
2020-11-18,0.826,95.0,0.4828,80.0,1.1866,99.0,,,1.1615,99.0,0.5828,92.0,0.5537,95.0,0.6204,92.0,,,0.6172,91.0
2020-11-17,0.826,95.0,0.4828,80.0,1.4315,100.0,,,0.6229,80.0,0.5828,92.0,0.5537,95.0,0.6606,95.0,,,0.5839,86.0
2020-11-16,0.8555,96.0,0.4393,72.0,1.8431,100.0,,,1.139,99.0,0.5822,92.0,0.5515,95.0,0.6814,97.0,,,0.5406,76.0
2020-11-15,0.8687,96.0,0.4909,81.0,1.1066,99.0,,,1.1238,99.0,0.5828,92.0,0.5594,95.0,0.6203,92.0,,,0.6395,93.0
2020-11-14,0.8687,96.0,0.4909,81.0,1.0454,98.0,,,1.0619,98.0,0.5828,92.0,0.5594,95.0,0.6188,92.0,,,0.638,93.0
2020-11-13,0.8687,96.0,0.4909,81.0,1.0226,98.0,,,1.0132,97.0,0.5828,92.0,0.5594,95.0,0.6342,93.0,,,0.6246,92.0
2020-11-12,0.8892,96.0,0.4843,80.0,0.992,98.0,,,1.0146,97.0,0.5827,92.0,0.5635,95.0,0.6862,97.0,,,0.6424,94.0
2020-11-11,0.8921,96.0,0.4884,81.0,0.9164,96.0,,,0.926,96.0,0.5791,92.0,0.5633,95.0,0.6332,93.0,,,0.6214,92.0
2020-11-10,0.7911,94.0,0.4964,82.0,0.9583,97.0,,,0.9166,96.0,0.6031,93.0,0.5662,95.0,0.617,92.0,,,0.6487,94.0
2020-11-09,0.8073,95.0,0.497,83.0,0.8712,96.0,,,1.0744,98.0,0.6101,93.0,0.572,95.0,0.6405,94.0,,,0.7168,98.0
2020-11-06,0.5721,85.0,0.4827,80.0,1.0128,98.0,,,0.8632,94.0,0.5931,93.0,0.5763,96.0,0.6772,97.0,,,0.624,92.0
2020-11-05,0.6497,89.0,0.4665,77.0,0.6075,77.0,,,0.8636,94.0,0.5997,93.0,0.5813,96.0,0.6006,89.0,,,0.6606,95.0
2020-11-04,0.5982,87.0,0.4207,67.0,1.0117,98.0,,,0.7869,92.0,0.6123,94.0,0.584,96.0,0.6793,97.0,,,0.592,87.0
2020-11-03,0.587,86.0,0.4219,68.0,0.76,91.0,,,0.8229,93.0,0.6134,94.0,0.5854,96.0,0.6393,94.0,,,0.681,96.0
2020-11-02,0.4431,71.0,0.4327,70.0,0.7926,92.0,,,0.8278,93.0,0.6228,94.0,0.5894,96.0,0.638,94.0,,,0.6695,95.0
2020-10-30,0.4126,65.0,0.385,57.0,1.0561,98.0,,,0.7517,90.0,0.6311,95.0,0.5915,96.0,0.6645,96.0,,,0.6496,94.0
2020-10-29,0.4291,68.0,0.3976,62.0,0.7693,91.0,,,0.744,90.0,0.6366,95.0,0.5983,96.0,0.6501,95.0,,,0.6859,97.0
2020-10-28,0.4287,68.0,0.3892,59.0,0.8926,96.0,,,0.7796,91.0,0.6437,96.0,0.6054,96.0,0.652,95.0,,,0.6632,95.0
2020-10-27,0.3117,41.0,0.4061,64.0,0.954,97.0,,,0.702,87.0,0.6394,96.0,0.607,96.0,0.6249,93.0,,,0.6395,93.0
2020-10-26,0.4157,66.0,0.4325,70.0,0.7698,91.0,,,0.7343,89.0,0.6436,96.0,0.6089,96.0,0.6378,94.0,,,0.6462,94.0
2020-10-23,0.4184,66.0,0.4289,69.0,0.7551,91.0,,,0.7018,87.0,0.6452,96.0,0.6118,96.0,0.6371,94.0,,,0.6335,93.0
2020-10-22,0.3575,52.0,0.3947,61.0,0.7378,90.0,,,0.703,88.0,0.6644,96.0,0.6149,96.0,0.6441,94.0,,,0.652,94.0
2020-10-21,0.417,66.0,0.4338,70.0,0.7419,90.0,,,0.8699,95.0,0.6643,96.0,0.6182,96.0,0.6335,93.0,,,0.6399,93.0
2020-10-20,0.4234,67.0,0.4079,64.0,0.704,88.0,,,0.6973,87.0,0.6656,96.0,0.6216,96.0,0.6356,93.0,,,0.6422,94.0
2020-10-19,0.439,70.0,0.3916,60.0,0.77,91.0,,,0.6677,85.0,0.6725,96.0,0.6256,96.0,0.6429,94.0,,,0.6404,94.0
2020-10-16,0.4832,77.0,0.3669,53.0,0.7875,92.0,,,0.6394,82.0,0.6743,96.0,0.6271,96.0,0.6805,97.0,,,0.6647,95.0
2020-10-15,0.4418,70.0,0.3272,38.0,0.7041,88.0,,,0.6667,85.0,0.6715,96.0,0.628,96.0,0.6409,94.0,,,0.6514,94.0
2020-10-14,0.4724,75.0,0.3494,46.0,0.6989,88.0,,,0.7803,92.0,0.6733,96.0,0.6297,96.0,0.6748,97.0,,,0.6742,96.0
2020-10-13,0.4969,78.0,0.3744,55.0,0.6588,83.0,,,0.5359,66.0,0.6788,96.0,0.6305,96.0,0.6371,94.0,,,0.6288,92.0
2020-10-12,0.3166,42.0,0.3791,57.0,0.6636,84.0,,,0.6077,78.0,0.6933,96.0,0.6315,96.0,0.6169,91.0,,,0.6106,90.0
2020-10-09,0.3281,45.0,0.3967,62.0,0.5513,68.0,,,0.556,70.0,0.6991,96.0,0.6353,96.0,0.6462,95.0,,,0.6689,95.0
2020-10-08,0.329,45.0,0.4127,66.0,0.6029,76.0,,,0.7046,88.0,0.7007,96.0,0.6375,96.0,0.6735,96.0,,,0.6704,95.0
2020-10-07,0.3895,60.0,0.4405,72.0,0.5963,75.0,,,0.6239,80.0,0.7017,96.0,0.6387,96.0,0.6843,97.0,,,0.6713,96.0
2020-10-06,0.3275,44.0,0.4605,76.0,0.6204,79.0,,,0.6042,77.0,0.7087,96.0,0.6419,96.0,0.6784,97.0,,,0.6869,97.0
2020-10-05,0.2823,33.0,0.4509,74.0,0.6356,81.0,,,0.6078,78.0,0.7111,96.0,0.6469,96.0,0.6603,95.0,,,0.6947,97.0
2020-10-02,0.3187,42.0,0.4692,78.0,0.5487,68.0,,,0.6264,80.0,0.7342,96.0,0.6582,97.0,0.6808,97.0,,,0.6742,96.0
2020-10-01,0.3198,43.0,0.5001,83.0,0.722,89.0,,,0.634,81.0,0.735,96.0,0.6653,97.0,0.6825,97.0,,,0.6663,95.0
2020-09-30,0.3347,46.0,0.5058,84.0,0.5013,59.0,,,0.629,81.0,0.7851,96.0,0.6919,97.0,0.6744,96.0,,,0.6716,96.0
2020-09-29,0.3027,38.0,0.5137,85.0,0.589,74.0,,,0.6631,84.0,0.7971,97.0,0.7039,97.0,0.6746,96.0,,,0.7034,98.0
2020-09-28,0.2999,38.0,0.4977,83.0,0.6659,84.0,,,0.6698,85.0,0.7963,97.0,0.7082,97.0,0.6772,97.0,,,0.7207,98.0
2020-09-25,0.3266,44.0,0.5097,84.0,0.5703,71.0,,,0.6396,82.0,0.8623,97.0,0.7491,97.0,0.7066,99.0,,,0.6771,96.0
2020-09-24,0.3834,59.0,0.5166,85.0,0.7234,90.0,,,0.6675,85.0,0.888,97.0,0.7648,97.0,0.7066,99.0,,,0.6903,97.0
2020-09-23,0.449,71.0,0.5251,87.0,0.5888,74.0,,,0.6524,83.0,0.8865,97.0,0.7642,97.0,0.6884,98.0,,,0.6924,97.0
2020-09-22,0.4095,64.0,0.4657,77.0,0.6218,79.0,,,0.6817,86.0,0.8852,97.0,0.762,97.0,0.6749,97.0,,,0.6831,96.0
2020-09-21,0.4241,67.0,0.4646,77.0,0.6467,82.0,,,0.7874,92.0,0.9387,97.0,0.7728,97.0,0.6838,97.0,,,0.7183,98.0
2020-09-18,0.4117,65.0,0.4491,74.0,0.6357,81.0,,,0.6435,82.0,0.9382,97.0,0.7782,97.0,0.6696,96.0,,,0.6745,96.0
2020-09-17,0.4039,63.0,0.4644,77.0,0.6283,80.0,,,0.6717,85.0,0.9886,97.0,0.801,98.0,0.6864,97.0,,,0.6782,96.0
2020-09-16,0.3083,40.0,0.4304,70.0,0.7615,91.0,,,0.6838,86.0,0.9878,97.0,0.806,98.0,0.7133,99.0,,,0.7351,99.0
2020-09-15,0.3039,39.0,0.4465,73.0,0.6284,80.0,,,0.6243,80.0,0.9892,97.0,0.8099,98.0,0.6631,96.0,,,0.6782,96.0
2020-09-14,0.2645,28.0,0.5026,83.0,0.641,82.0,,,0.6383,82.0,1.0319,98.0,0.8438,98.0,0.6886,98.0,,,0.6957,97.0
2020-09-11,0.223,18.0,0.9084,100.0,0.7509,91.0,,,0.6745,86.0,1.0444,98.0,0.86,99.0,0.726,99.0,,,0.7566,100.0
2020-09-10,0.5456,83.0,0.9639,100.0,0.6288,80.0,,,0.6474,83.0,1.0553,98.0,0.8786,99.0,0.7112,99.0,,,0.7243,99.0
2020-09-09,0.5928,87.0,0.9913,100.0,0.7054,88.0,,,0.6563,84.0,1.142,99.0,0.8997,100.0,0.7079,99.0,,,0.701,97.0
2020-09-08,0.6878,91.0,1.0235,100.0,0.7582,91.0,,,0.7316,89.0,1.142,99.0,0.9051,100.0,0.7116,99.0,,,0.7324,99.0
2020-09-04,0.5857,86.0,1.0325,100.0,0.7602,91.0,,,0.7635,91.0,1.147,100.0,0.9104,100.0,0.6869,98.0,,,0.6823,96.0
2020-09-03,0.5883,86.0,1.0215,100.0,0.6639,84.0,,,0.6235,80.0,1.1533,100.0,0.9112,100.0,0.6793,97.0,,,0.6864,97.0
2020-09-02,0.6246,89.0,0.9704,100.0,0.6294,80.0,,,0.6665,85.0,1.1534,100.0,0.9129,100.0,0.6916,98.0,,,0.6808,96.0
2020-09-01,0.5422,83.0,0.6119,93.0,1.2756,99.0,,,1.2285,99.0,1.1548,100.0,0.8956,100.0,0.7273,99.0,,,0.7501,100.0
2020-08-31,0.5496,84.0,0.516,85.0,0.9061,96.0,,,0.8833,95.0,1.149,100.0,0.8954,100.0,0.6673,96.0,,,0.7043,98.0
2020-08-28,0.6514,90.0,0.462,77.0,0.8404,94.0,,,0.8955,95.0,1.1564,100.0,0.8965,100.0,0.6775,97.0,,,0.7218,99.0
2020-08-27,0.4621,74.0,0.3806,57.0,0.8311,94.0,,,0.8051,92.0,1.1509,100.0,0.8947,100.0,0.6775,97.0,,,0.7006,97.0
2020-08-26,0.4765,76.0,0.3916,60.0,0.8478,95.0,,,0.7741,91.0,1.1505,100.0,0.8971,100.0,0.6847,97.0,,,0.6709,96.0
2020-08-25,0.4704,75.0,0.3986,62.0,0.8542,95.0,,,0.8229,93.0,1.1501,100.0,0.8991,100.0,0.6679,96.0,,,0.6988,97.0
2020-08-24,0.4844,77.0,0.4512,75.0,1.0557,98.0,,,0.9027,96.0,1.1503,100.0,0.8998,100.0,0.6777,97.0,,,0.6863,97.0
2020-08-21,0.357,52.0,0.4468,73.0,0.7962,93.0,,,0.7546,90.0,1.1526,100.0,0.9003,100.0,0.6812,97.0,,,0.6774,96.0
2020-08-20,0.362,53.0,0.4824,80.0,0.7896,92.0,,,0.7848,92.0,1.1534,100.0,0.901,100.0,0.6683,96.0,,,0.6811,96.0
2020-08-19,0.2872,34.0,0.4846,80.0,0.8646,95.0,,,0.825,93.0,1.1527,100.0,0.901,100.0,0.67,96.0,,,0.6592,95.0
2020-08-18,0.3416,48.0,0.475,78.0,0.7669,91.0,,,0.7138,88.0,1.1531,100.0,0.9004,100.0,0.6683,96.0,,,0.6684,95.0
2020-08-17,0.2556,26.0,0.4719,78.0,0.7904,92.0,,,0.9829,97.0,1.1534,100.0,0.8997,100.0,0.6723,96.0,,,0.6781,96.0
2020-08-14,0.3752,57.0,0.4687,78.0,0.7321,90.0,,,0.7961,92.0,1.1535,100.0,0.8994,100.0,0.6742,96.0,,,0.6873,97.0
2020-08-13,0.3737,56.0,0.4423,73.0,0.7638,91.0,,,0.7108,88.0,1.153,100.0,0.8986,100.0,0.6705,96.0,,,0.6913,97.0
2020-08-12,0.3641,54.0,0.4357,71.0,0.8502,95.0,,,0.7355,90.0,1.1533,100.0,0.8976,100.0,0.6714,96.0,,,0.692,97.0
2020-08-11,0.3915,60.0,0.4484,74.0,0.81,93.0,,,0.7258,89.0,1.1534,100.0,0.8973,100.0,0.6985,98.0,,,0.6932,97.0
2020-08-10,0.5363,82.0,0.5105,84.0,0.6962,87.0,,,0.7739,91.0,1.1539,100.0,0.8974,100.0,0.6932,98.0,,,0.7188,98.0
2020-08-07,0.5903,86.0,0.5212,86.0,0.6397,81.0,,,0.6522,83.0,1.1532,100.0,0.8968,100.0,0.6547,95.0,,,0.6967,97.0
2020-08-06,0.5462,83.0,0.4957,82.0,0.753,91.0,,,0.6515,83.0,1.1515,100.0,0.8965,100.0,0.7029,98.0,,,0.7256,99.0
2020-08-05,0.546,83.0,0.5123,85.0,0.6734,85.0,,,0.7065,88.0,1.1511,100.0,0.8962,100.0,0.672,96.0,,,0.6892,97.0
2020-08-04,0.5083,80.0,0.5035,83.0,0.7184,89.0,,,0.67,85.0,1.1508,100.0,0.8955,100.0,0.6799,97.0,,,0.6815,96.0
2020-08-03,0.5053,80.0,0.554,89.0,0.7497,90.0,,,0.8214,93.0,1.1515,100.0,0.8958,100.0,0.6655,96.0,,,0.7275,99.0
2020-07-31,0.512,80.0,0.5177,86.0,0.6313,80.0,,,0.6343,81.0,1.1517,100.0,0.8941,100.0,0.706,99.0,,,0.659,95.0
2020-07-30,0.4876,77.0,0.479,79.0,0.6766,85.0,,,0.6213,80.0,1.1498,100.0,0.8921,100.0,0.6719,96.0,,,0.6679,95.0
2020-07-29,0.8275,95.0,0.5422,88.0,0.6444,82.0,,,0.609,78.0,1.1486,100.0,0.8918,100.0,0.7062,99.0,,,0.6897,97.0
2020-07-28,0.8121,95.0,0.5864,91.0,0.6722,85.0,,,0.6553,84.0,1.1482,100.0,0.8918,100.0,0.6746,96.0,,,0.6809,96.0
2020-07-27,0.8039,95.0,0.5567,89.0,0.617,79.0,,,0.7776,91.0,1.148,100.0,0.8902,100.0,0.5959,88.0,,,0.6842,96.0
2020-07-24,0.7996,94.0,0.5611,90.0,0.6396,81.0,,,0.6241,80.0,1.1474,100.0,0.8902,100.0,0.6633,96.0,,,0.6457,94.0
2020-07-23,0.8415,95.0,0.5331,87.0,0.5809,72.0,,,0.5937,76.0,1.1449,99.0,0.8881,99.0,0.6119,91.0,,,0.6575,95.0
2020-07-22,0.8273,95.0,0.5548,89.0,0.6506,82.0,,,0.6456,83.0,1.1449,99.0,0.888,99.0,0.6445,94.0,,,0.6633,95.0
2020-07-21,0.8045,95.0,0.5453,88.0,0.6024,76.0,,,0.6338,81.0,1.1457,100.0,0.8873,99.0,0.6368,94.0,,,0.6689,95.0
2020-07-20,0.5802,86.0,0.5054,83.0,0.675,85.0,,,0.6025,77.0,1.1363,99.0,0.8851,99.0,0.6921,98.0,,,0.6786,96.0
2020-07-17,0.611,88.0,0.5357,87.0,0.6466,82.0,,,0.6495,83.0,1.1358,99.0,0.8836,99.0,0.6856,97.0,,,0.6909,97.0
2020-07-16,0.6118,88.0,0.5547,89.0,0.6462,82.0,,,0.7294,89.0,1.1367,99.0,0.8835,99.0,0.6837,97.0,,,0.7435,100.0
2020-07-15,0.6945,91.0,0.5738,90.0,0.687,87.0,,,0.6416,82.0,1.1366,99.0,0.8835,99.0,0.6961,98.0,,,0.7143,98.0
2020-07-14,0.3927,60.0,0.5782,91.0,0.6969,88.0,,,0.7256,89.0,1.1308,99.0,0.8824,99.0,0.7553,100.0,,,0.7299,99.0
2020-07-13,0.4076,64.0,0.564,90.0,0.7068,88.0,,,0.6839,86.0,1.1307,99.0,0.8811,99.0,0.758,100.0,,,0.7209,98.0
2020-07-10,0.4092,64.0,0.5851,91.0,0.8098,93.0,,,0.7045,88.0,1.1305,99.0,0.8799,99.0,0.7414,100.0,,,0.7462,100.0
2020-07-09,0.4044,63.0,0.5635,90.0,0.873,96.0,,,0.6959,87.0,1.1304,99.0,0.879,99.0,0.7167,99.0,,,0.7214,99.0
2020-07-08,0.5733,85.0,0.5464,88.0,0.7021,88.0,,,0.7236,89.0,1.1288,99.0,0.8761,99.0,0.7077,99.0,,,0.7216,99.0
2020-07-07,0.6294,89.0,0.5471,88.0,0.6663,84.0,,,0.6982,87.0,1.1289,99.0,0.8749,99.0,0.7213,99.0,,,0.7073,98.0
2020-07-06,0.5434,83.0,0.5402,88.0,0.6706,85.0,,,0.669,85.0,1.127,99.0,0.8742,99.0,0.7171,99.0,,,0.699,97.0
2020-07-02,0.5782,86.0,0.5282,87.0,0.6742,85.0,,,0.6525,83.0,1.1269,99.0,0.8729,99.0,0.6988,98.0,,,0.6976,97.0
2020-07-01,0.7114,92.0,0.595,92.0,0.6927,87.0,,,0.681,86.0,1.1266,99.0,0.8722,99.0,0.7509,100.0,,,0.6977,97.0
2020-06-30,0.6946,91.0,0.5774,91.0,0.6792,86.0,,,0.7009,87.0,1.1264,99.0,0.8706,99.0,0.7188,99.0,,,0.7252,99.0
2020-06-29,0.8003,94.0,0.6229,94.0,0.7284,90.0,,,0.7905,92.0,1.1263,99.0,0.8706,99.0,0.7332,99.0,,,0.7302,99.0
2020-06-26,0.6877,91.0,0.5892,92.0,0.7327,90.0,,,0.7726,91.0,1.1219,99.0,0.8683,99.0,0.7582,100.0,,,0.7377,99.0
2020-06-25,0.6839,91.0,0.5751,90.0,0.6587,83.0,,,0.8235,93.0,1.1209,99.0,0.8678,99.0,0.7404,100.0,,,0.7539,100.0
2020-06-24,0.7389,93.0,0.6216,94.0,0.7972,93.0,,,0.7132,88.0,1.1209,99.0,0.8672,99.0,0.8211,100.0,,,0.7609,100.0
2020-06-23,0.7343,93.0,0.7519,97.0,0.7572,91.0,,,0.709,88.0,1.1201,99.0,0.8664,99.0,0.788,100.0,,,0.7889,100.0
2020-06-22,0.6506,89.0,0.722,97.0,0.654,83.0,,,0.67,85.0,1.1154,99.0,0.8631,99.0,0.7682,100.0,,,0.7611,100.0
2020-06-19,0.8679,96.0,0.7216,96.0,0.7533,91.0,,,0.7026,88.0,1.1143,99.0,0.8616,99.0,0.8153,100.0,,,0.7106,98.0
2020-06-18,0.8427,95.0,0.7258,97.0,0.768,91.0,,,1.1221,98.0,1.1122,99.0,0.8599,99.0,0.6807,97.0,,,0.7497,100.0
2020-06-17,0.9435,97.0,0.7599,98.0,0.6858,87.0,,,0.6939,87.0,1.1128,99.0,0.8596,99.0,0.8113,100.0,,,0.6805,96.0
2020-06-16,0.9974,97.0,0.7636,98.0,0.7053,88.0,,,0.9694,97.0,1.1117,99.0,0.8589,99.0,0.6906,98.0,,,0.7199,98.0
2020-06-15,0.95,97.0,0.762,98.0,0.6646,84.0,,,0.8903,95.0,1.1106,99.0,0.8569,99.0,0.6766,97.0,,,0.7305,99.0
2020-06-12,0.8813,96.0,0.6279,94.0,0.8817,96.0,,,0.7789,91.0,1.108,99.0,0.8504,99.0,0.7103,99.0,,,0.7208,98.0
2020-06-11,0.885,96.0,0.5932,92.0,0.8107,93.0,,,0.7723,91.0,1.108,99.0,0.8496,99.0,0.7209,99.0,,,0.7511,100.0
2020-06-10,0.7503,94.0,0.5816,91.0,0.9462,97.0,,,0.7512,90.0,1.1008,99.0,0.8482,98.0,0.744,100.0,,,0.7047,98.0
2020-06-09,0.6923,91.0,0.5713,90.0,0.6582,83.0,,,0.6956,87.0,1.1002,99.0,0.8463,98.0,0.7039,98.0,,,0.7102,98.0
2020-06-08,0.3501,50.0,0.5074,84.0,0.6803,86.0,,,0.6912,87.0,1.0948,98.0,0.8435,98.0,0.694,98.0,,,0.7022,98.0
2020-06-05,0.4355,69.0,0.5518,89.0,0.6128,78.0,,,0.6343,81.0,1.0939,98.0,0.8438,98.0,0.6729,96.0,,,0.7016,98.0
2020-06-04,0.5444,83.0,0.5501,89.0,0.5943,75.0,,,0.6151,79.0,1.0946,98.0,0.8416,98.0,0.6861,97.0,,,0.6876,97.0
2020-06-03,0.5492,84.0,0.5685,90.0,0.6375,81.0,,,0.5573,70.0,1.0941,98.0,0.841,98.0,0.6879,98.0,,,0.7087,98.0
2020-06-02,0.5409,83.0,0.5748,90.0,0.6361,81.0,,,0.6468,83.0,1.0936,98.0,0.8408,98.0,0.6902,98.0,,,0.7175,98.0
2020-06-01,0.5295,82.0,0.6803,96.0,0.7068,88.0,,,0.6853,86.0,1.0916,98.0,0.8409,98.0,0.7047,98.0,,,0.7296,99.0
2020-05-29,0.5271,82.0,0.7029,96.0,0.6838,86.0,,,0.6637,84.0,1.0916,98.0,0.8395,98.0,0.7125,99.0,,,0.7209,98.0
2020-05-28,0.5243,81.0,0.7217,97.0,0.6663,84.0,,,0.6308,81.0,1.0918,98.0,0.8394,98.0,0.7321,99.0,,,0.718,98.0
2020-05-27,0.7826,94.0,0.7379,97.0,0.6942,87.0,,,0.6489,83.0,1.0911,98.0,0.8379,98.0,0.7013,98.0,,,0.7063,98.0
2020-05-26,0.792,94.0,0.775,98.0,0.7874,92.0,,,0.5906,75.0,1.0872,98.0,0.8356,98.0,0.7033,98.0,,,0.7248,99.0
2020-05-22,0.8103,95.0,0.8275,99.0,0.6688,85.0,,,0.6596,84.0,1.0872,98.0,0.8357,98.0,0.7281,99.0,,,0.7221,99.0
2020-05-21,1.0143,97.0,0.8799,99.0,0.6626,84.0,,,0.6756,86.0,1.0876,98.0,0.8441,98.0,0.7352,99.0,,,0.7256,99.0
2020-05-20,1.2145,99.0,0.8604,99.0,0.8549,95.0,,,0.8488,94.0,1.087,98.0,0.841,98.0,0.732,99.0,,,0.8011,100.0
2020-05-19,1.2369,99.0,0.8351,99.0,0.9294,97.0,,,0.9001,95.0,1.0867,98.0,0.8383,98.0,0.7272,99.0,,,0.7521,100.0
2020-05-18,1.3739,99.0,0.8783,99.0,0.9182,97.0,,,0.8978,95.0,1.0868,98.0,0.8371,98.0,0.7356,100.0,,,0.7734,100.0
2020-05-15,1.2097,99.0,0.8755,99.0,0.9772,97.0,,,0.975,97.0,1.0696,98.0,0.8338,98.0,0.7978,100.0,,,0.7945,100.0
2020-05-14,1.1685,99.0,0.8908,99.0,0.9817,97.0,,,1.0342,98.0,1.0644,98.0,0.8295,98.0,0.7447,100.0,,,0.815,100.0
2020-05-13,1.2079,99.0,0.9172,100.0,0.9661,97.0,,,0.9835,97.0,1.0644,98.0,0.8256,98.0,0.7465,100.0,,,0.8124,100.0
2020-05-12,1.179,99.0,0.8805,99.0,0.818,93.0,,,0.831,93.0,1.0615,98.0,0.822,98.0,0.8749,100.0,,,0.7286,99.0
2020-05-11,1.0793,98.0,0.8382,99.0,0.9914,97.0,,,1.0897,98.0,1.0544,98.0,0.8179,98.0,0.8191,100.0,,,0.789,100.0
2020-05-08,1.0776,98.0,0.8592,99.0,0.834,94.0,,,0.8438,94.0,1.0534,98.0,0.8166,98.0,0.7261,99.0,,,0.8348,100.0
2020-05-07,1.1461,98.0,0.8559,99.0,0.8067,93.0,,,0.7706,91.0,1.0429,98.0,0.8128,98.0,0.7699,100.0,,,0.7797,100.0
2020-05-06,1.0204,98.0,0.849,99.0,0.8142,93.0,,,0.8524,94.0,1.0367,98.0,0.8098,98.0,0.6668,96.0,,,0.7944,100.0
2020-05-05,1.0052,97.0,0.8127,98.0,0.871,96.0,,,0.8153,93.0,1.0343,98.0,0.8049,98.0,0.8581,100.0,,,0.6765,96.0
2020-05-04,0.9379,97.0,0.7697,98.0,0.7689,91.0,,,0.7634,91.0,1.031,98.0,0.7993,98.0,0.6444,94.0,,,0.7727,100.0
2020-05-01,1.0006,97.0,0.7761,98.0,0.7655,91.0,,,0.7635,91.0,1.0313,98.0,0.7981,98.0,0.7074,99.0,,,0.6953,97.0
2020-04-30,0.9447,97.0,0.7776,98.0,0.6262,80.0,,,0.6756,86.0,1.0296,98.0,0.7962,98.0,0.6548,95.0,,,0.6742,96.0
2020-04-29,0.9392,97.0,0.7479,97.0,0.578,72.0,,,0.5914,75.0,1.0287,98.0,0.7936,97.0,0.67,96.0,,,0.7264,99.0
2020-04-28,0.7434,93.0,0.7071,96.0,0.6817,86.0,,,0.6768,86.0,1.0149,98.0,0.7904,97.0,0.7005,98.0,,,0.6647,95.0
2020-04-27,1.0464,98.0,0.6946,96.0,0.6816,86.0,,,0.6834,86.0,1.0149,98.0,0.7874,97.0,0.6213,92.0,,,0.737,99.0
2020-04-24,1.0908,98.0,0.6868,96.0,0.7869,92.0,,,0.7926,92.0,1.0124,97.0,0.784,97.0,0.6204,92.0,,,0.8376,100.0
2020-04-23,0.9636,97.0,0.6475,95.0,0.8603,95.0,,,0.8961,95.0,1.0068,97.0,0.7802,97.0,0.7461,100.0,,,0.7785,100.0
2020-04-22,1.0036,97.0,0.6277,94.0,0.8551,95.0,,,0.8594,94.0,1.006,97.0,0.7783,97.0,0.7837,100.0,,,0.7417,99.0
2020-04-21,1.0747,98.0,0.6482,95.0,0.881,96.0,,,0.8676,95.0,1.0055,97.0,0.7762,97.0,0.7504,100.0,,,0.767,100.0
2020-04-20,1.1322,98.0,0.7279,97.0,0.856,95.0,,,0.8476,94.0,1.0046,97.0,0.7752,97.0,0.6828,97.0,,,0.735,99.0
2020-04-17,1.3115,99.0,0.8784,99.0,0.8299,94.0,,,0.8442,94.0,1.0027,97.0,0.7734,97.0,0.6482,95.0,,,0.7055,98.0
2020-04-16,1.1518,98.0,0.9595,100.0,0.8861,96.0,,,0.8906,95.0,0.9876,97.0,0.7712,97.0,0.699,98.0,,,0.7412,99.0
2020-04-15,1.467,100.0,1.2199,100.0,0.9489,97.0,,,0.9342,96.0,0.9845,97.0,0.7684,97.0,0.7183,99.0,,,0.7392,99.0
2020-04-14,1.6374,100.0,1.3226,100.0,0.9239,97.0,,,0.8977,95.0,0.984,97.0,0.7667,97.0,0.656,95.0,,,0.6896,97.0
2020-04-13,1.6707,100.0,1.3606,100.0,1.0634,98.0,,,0.9918,97.0,0.9825,97.0,0.7658,97.0,0.6901,98.0,,,0.7081,98.0
2020-04-09,2.2438,100.0,1.6896,100.0,0.903,96.0,,,0.9468,96.0,0.9788,97.0,0.7634,97.0,0.6531,95.0,,,0.7117,98.0
2020-04-08,2.4037,100.0,1.7751,100.0,0.8496,95.0,,,0.7432,90.0,0.9761,97.0,0.7584,97.0,0.6584,95.0,,,0.6777,96.0
2020-04-07,2.173,100.0,1.7001,100.0,0.8073,93.0,,,0.8564,94.0,0.9561,97.0,0.7479,97.0,0.6548,95.0,,,0.7105,98.0
2020-04-06,2.1181,100.0,1.6414,100.0,0.8685,96.0,,,0.7558,90.0,0.9546,97.0,0.7398,97.0,0.6643,96.0,,,0.6929,97.0
2020-04-03,2.2326,100.0,1.5347,100.0,1.0534,98.0,,,0.9954,97.0,0.9089,97.0,0.7148,97.0,0.75,100.0,,,0.7223,99.0
2020-04-02,2.2146,100.0,1.4878,100.0,1.2145,99.0,,,0.935,96.0,0.9009,97.0,0.7026,97.0,0.7327,99.0,,,0.7565,100.0
2020-04-01,2.6933,100.0,1.6521,100.0,1.1945,99.0,,,1.1231,98.0,0.9008,97.0,0.6977,97.0,0.7313,99.0,,,0.7628,100.0
2020-03-31,2.1977,100.0,1.3512,100.0,0.9781,97.0,,,0.9465,96.0,0.8429,97.0,0.6528,97.0,0.757,100.0,,,0.6795,96.0
2020-03-30,1.9016,100.0,1.2343,100.0,1.04,98.0,,,1.0537,98.0,0.8184,97.0,0.634,96.0,0.7036,98.0,,,0.6991,97.0
2020-03-27,2.0777,100.0,1.5954,100.0,1.1483,99.0,,,1.1475,99.0,0.8185,97.0,0.633,96.0,0.6733,96.0,,,0.7544,100.0
2020-03-26,2.2887,100.0,1.7415,100.0,0.8713,96.0,,,1.182,99.0,0.8176,97.0,0.6322,96.0,0.6787,97.0,,,0.7181,98.0
2020-03-25,2.2055,100.0,1.8199,100.0,1.3835,100.0,,,1.5584,100.0,0.7513,96.0,0.6193,96.0,0.8241,100.0,,,0.8717,100.0
2020-03-24,2.9495,100.0,1.9531,100.0,0.9932,98.0,,,1.118,98.0,0.7517,96.0,0.6119,96.0,0.6711,96.0,,,0.7331,99.0
2020-03-23,2.4357,100.0,1.8336,100.0,1.2518,99.0,,,1.2835,100.0,0.6766,96.0,0.5816,96.0,0.7595,100.0,,,0.8216,100.0
2020-03-20,2.4342,100.0,1.833,100.0,1.2671,99.0,,,1.2599,100.0,0.6763,96.0,0.5728,96.0,0.7798,100.0,,,0.7885,100.0
2020-03-19,2.4314,100.0,1.8135,100.0,2.6366,100.0,,,1.3675,100.0,0.6757,96.0,0.5665,95.0,0.7929,100.0,,,0.8868,100.0
2020-03-18,1.5756,100.0,1.5493,100.0,3.5393,100.0,,,1.4358,100.0,0.5984,93.0,0.5121,90.0,0.9543,100.0,,,0.8963,100.0
2020-03-17,1.611,100.0,1.3896,100.0,1.6884,100.0,,,1.4913,100.0,0.5813,92.0,0.4835,81.0,0.8401,100.0,,,0.8566,100.0
2020-03-16,1.7737,100.0,1.1977,100.0,3.8335,100.0,,,1.0503,98.0,0.5649,90.0,0.4482,69.0,0.7961,100.0,,,0.718,98.0
2020-03-13,0.8261,95.0,0.9388,100.0,0.8642,95.0,,,0.9911,97.0,0.374,28.0,0.4038,55.0,0.6241,92.0,,,0.7317,99.0
2020-03-12,0.9141,97.0,0.846,99.0,0.8153,93.0,,,1.0939,98.0,0.3748,28.0,0.3914,49.0,0.6969,98.0,,,0.7224,99.0
2020-03-11,0.8613,96.0,0.7995,98.0,1.2416,99.0,,,1.1103,98.0,0.359,25.0,0.379,43.0,0.6593,95.0,,,0.6859,97.0
2020-03-10,0.7936,94.0,0.7962,98.0,0.8649,95.0,,,1.1418,99.0,0.3434,21.0,0.3767,43.0,0.6158,91.0,,,0.6762,96.0
2020-03-09,0.7962,94.0,0.7219,97.0,0.7705,92.0,,,0.8282,93.0,0.3435,21.0,0.3656,39.0,0.6531,95.0,,,0.7145,98.0
2020-03-06,0.8644,96.0,0.724,97.0,0.7893,92.0,,,0.8766,95.0,0.3432,20.0,0.3653,39.0,0.6136,91.0,,,0.6623,95.0
2020-03-05,0.7532,94.0,0.6827,96.0,0.7597,91.0,,,0.7439,90.0,0.3444,21.0,0.36,37.0,0.6034,90.0,,,0.5776,84.0
2020-03-04,0.5426,83.0,0.5957,92.0,0.5885,74.0,,,0.7853,92.0,0.3132,12.0,0.351,34.0,0.5192,72.0,,,0.5361,74.0
2020-03-03,0.4002,62.0,0.5713,90.0,0.5336,66.0,,,0.6934,87.0,0.3105,11.0,0.3489,33.0,0.4385,42.0,,,0.6194,91.0
2020-03-02,0.4042,63.0,0.4881,81.0,0.8217,94.0,,,0.9726,97.0,0.3106,11.0,0.3448,32.0,0.5204,72.0,,,0.5691,82.0
2020-02-28,0.4292,68.0,0.4343,71.0,0.781,92.0,,,0.9256,96.0,0.3142,12.0,0.3448,32.0,0.5177,71.0,,,0.5665,81.0
2020-02-27,0.4778,76.0,0.384,57.0,0.6312,80.0,,,0.6106,78.0,0.3141,12.0,0.3414,31.0,0.5179,72.0,,,0.5163,67.0
2020-02-26,0.3566,52.0,0.3367,42.0,0.8071,93.0,,,0.5239,64.0,0.3852,30.0,0.3802,43.0,0.4881,61.0,,,0.4971,61.0
2020-02-25,0.3388,47.0,0.3079,32.0,0.6091,77.0,,,0.5927,76.0,0.3857,30.0,0.3808,43.0,0.4848,60.0,,,0.4928,59.0
2020-02-24,0.3926,60.0,0.3197,36.0,0.4815,56.0,,,0.5181,63.0,0.3848,30.0,0.3811,43.0,0.4736,56.0,,,0.4861,57.0
2020-02-21,0.3755,57.0,0.3311,40.0,0.4687,53.0,,,0.4869,57.0,0.3878,31.0,0.3826,44.0,0.4532,48.0,,,0.4774,54.0
2020-02-20,0.3132,41.0,0.3185,35.0,0.563,70.0,,,0.49,57.0,0.3985,35.0,0.3862,46.0,0.4386,43.0,,,0.4732,52.0
2020-02-19,0.3191,42.0,0.3172,35.0,0.5319,65.0,,,0.4917,57.0,0.4001,35.0,0.3859,46.0,0.4493,47.0,,,0.4751,53.0
2020-02-18,0.3057,39.0,0.309,32.0,0.4617,52.0,,,0.4574,50.0,0.4019,36.0,0.3864,46.0,0.4514,47.0,,,0.4655,49.0
2020-02-14,0.3496,50.0,0.3377,42.0,0.5754,72.0,,,0.5015,60.0,0.403,37.0,0.3906,49.0,0.4473,46.0,,,0.4678,50.0
2020-02-13,0.3582,52.0,0.3152,34.0,0.4124,38.0,,,0.4855,57.0,0.4017,36.0,0.3894,48.0,0.4384,42.0,,,0.446,43.0
2020-02-12,0.3078,40.0,0.2997,28.0,0.4709,54.0,,,0.4314,43.0,0.4026,37.0,0.3887,47.0,0.4521,48.0,,,0.4581,47.0
2020-02-11,0.4053,63.0,0.3065,31.0,0.4514,49.0,,,0.4475,47.0,0.402,36.0,0.3888,47.0,0.4516,48.0,,,0.4568,46.0
2020-02-10,0.4143,65.0,0.3099,32.0,0.3829,28.0,,,0.4097,35.0,0.4024,36.0,0.3939,50.0,0.4437,44.0,,,0.4639,49.0
2020-02-07,0.4151,65.0,0.3006,28.0,0.4401,46.0,,,0.365,22.0,0.4042,37.0,0.398,52.0,0.4504,47.0,,,0.4685,50.0
2020-02-06,0.414,65.0,0.2929,26.0,0.4246,42.0,,,0.3856,28.0,0.4052,38.0,0.3984,52.0,0.4437,44.0,,,0.4513,44.0
2020-02-05,0.3588,53.0,0.2501,14.0,0.3819,28.0,,,0.3881,28.0,0.4015,36.0,0.3968,52.0,0.4497,47.0,,,0.4714,51.0
2020-02-04,0.3485,50.0,0.2717,20.0,0.4404,46.0,,,0.3891,30.0,0.4041,37.0,0.3992,53.0,0.4479,46.0,,,0.4588,47.0
2020-02-03,0.4289,68.0,0.3105,33.0,0.379,28.0,,,0.3269,11.0,0.404,37.0,0.3992,53.0,0.4468,46.0,,,0.4672,50.0
2020-01-31,0.2792,32.0,0.2885,25.0,0.4418,46.0,,,0.3264,11.0,0.4021,36.0,0.4001,53.0,0.4624,52.0,,,0.4624,48.0
2020-01-30,0.3116,41.0,0.2909,26.0,0.4092,37.0,,,0.3964,32.0,0.4045,37.0,0.4005,53.0,0.4409,44.0,,,0.4884,57.0
2020-01-29,0.3656,54.0,0.3134,33.0,0.3858,30.0,,,0.3529,18.0,0.4073,39.0,0.4021,54.0,0.4362,42.0,,,0.4504,44.0
2020-01-28,0.3639,54.0,0.3222,37.0,0.3694,25.0,,,0.3806,27.0,0.4192,46.0,0.4117,57.0,0.4678,54.0,,,0.4584,47.0
2020-01-27,0.3783,57.0,0.3263,38.0,0.4513,48.0,,,0.357,20.0,0.4194,46.0,0.4126,57.0,0.4519,48.0,,,0.4674,50.0
2020-01-24,0.3927,60.0,0.3123,33.0,0.3941,32.0,,,0.3682,23.0,0.42,47.0,0.4124,57.0,0.4502,47.0,,,0.4819,56.0
2020-01-23,0.2668,30.0,0.2638,17.0,0.3689,25.0,,,0.355,19.0,0.4177,45.0,0.4117,57.0,0.4346,41.0,,,0.4587,47.0
2020-01-22,0.2735,31.0,0.2638,17.0,0.3461,18.0,,,0.3532,18.0,0.4175,45.0,0.4122,57.0,0.4317,40.0,,,0.4535,45.0
2020-01-21,0.2557,26.0,0.2378,11.0,0.3366,15.0,,,0.3512,18.0,0.4186,46.0,0.4133,57.0,0.4402,43.0,,,0.4676,50.0
2020-01-17,0.1795,11.0,0.2015,4.0,0.3451,18.0,,,0.3481,17.0,0.4168,44.0,0.4162,57.0,0.4576,50.0,,,0.4615,48.0
2020-01-16,0.182,11.0,0.2077,5.0,0.3431,17.0,,,0.3518,18.0,0.4178,45.0,0.4171,57.0,0.4525,48.0,,,0.4555,46.0
2020-01-15,0.1352,4.0,0.2063,5.0,0.3739,26.0,,,0.3626,21.0,0.4179,45.0,0.4171,57.0,0.454,49.0,,,0.4719,52.0
2020-01-14,0.1108,2.0,0.1984,4.0,0.3518,20.0,,,0.3627,21.0,0.4173,45.0,0.4171,57.0,0.476,57.0,,,0.4685,50.0
2020-01-13,0.134,4.0,0.2324,10.0,0.3518,20.0,,,0.3627,21.0,0.4214,47.0,0.4183,59.0,0.476,57.0,,,0.4685,50.0
2020-01-10,0.1097,2.0,0.2395,12.0,0.3749,27.0,,,0.3596,21.0,0.4216,48.0,0.4187,59.0,0.4598,51.0,,,0.4581,47.0
2020-01-09,0.1152,2.0,0.2429,12.0,0.3576,22.0,,,0.3873,28.0,0.4221,48.0,0.4194,59.0,0.4701,55.0,,,0.464,49.0
2020-01-08,0.1487,6.0,0.2885,25.0,0.3665,24.0,,,0.3859,28.0,0.4233,49.0,0.4206,60.0,0.478,57.0,,,0.4394,41.0
2020-01-07,0.151,6.0,0.2791,22.0,0.3896,31.0,,,0.3923,30.0,0.4234,49.0,0.4211,60.0,0.4689,54.0,,,0.4625,48.0
2020-01-06,0.1439,5.0,0.2798,22.0,0.3182,9.0,,,0.4332,43.0,0.4239,49.0,0.4218,60.0,0.4714,55.0,,,0.4599,47.0
2020-01-03,0.1398,5.0,0.2761,21.0,0.3304,13.0,,,0.3908,30.0,0.4247,50.0,0.4225,60.0,0.4626,52.0,,,0.4615,48.0
2020-01-02,0.1357,4.0,0.2392,12.0,0.3536,21.0,,,0.3933,31.0,0.4263,50.0,0.4221,60.0,0.4663,53.0,,,0.4597,47.0
2019-12-31,0.1373,4.0,0.2404,12.0,0.3663,24.0,,,0.3782,26.0,0.4287,52.0,0.4236,61.0,0.4647,53.0,,,0.4609,48.0
2019-12-30,0.2378,21.0,0.2808,22.0,0.3186,9.0,,,0.3656,22.0,0.4292,52.0,0.4246,61.0,0.4648,53.0,,,0.457,46.0
2019-12-27,0.2206,18.0,0.2404,12.0,0.3644,24.0,,,0.385,28.0,0.4302,52.0,0.4239,61.0,0.4682,54.0,,,0.4699,51.0
2019-12-26,0.3043,39.0,0.2674,18.0,0.4253,42.0,,,0.387,28.0,0.4306,53.0,0.4238,61.0,0.4599,51.0,,,0.4587,47.0
2019-12-24,0.3051,39.0,0.281,22.0,0.3312,13.0,,,0.3535,18.0,0.4305,53.0,0.4265,61.0,0.4738,56.0,,,0.4659,49.0
2019-12-23,0.3854,59.0,0.3317,40.0,0.3583,22.0,,,0.3525,18.0,0.4323,53.0,0.427,61.0,0.4721,55.0,,,0.4749,53.0
2019-12-20,0.3789,57.0,0.3381,42.0,0.3338,14.0,,,0.3708,24.0,0.4324,54.0,0.4274,61.0,0.4693,54.0,,,0.4699,51.0
2019-12-19,0.4053,63.0,0.3404,43.0,0.3708,26.0,,,0.3874,28.0,0.4323,53.0,0.4272,61.0,0.4749,56.0,,,0.4717,52.0
2019-12-18,0.3685,55.0,0.3066,31.0,0.3751,27.0,,,0.3722,24.0,0.4407,57.0,0.4306,62.0,0.48,57.0,,,0.4698,51.0
2019-12-17,0.4358,69.0,0.3565,49.0,0.3519,20.0,,,0.3716,24.0,0.4428,57.0,0.4322,63.0,0.4713,55.0,,,0.4723,52.0
2019-12-16,0.4367,69.0,0.3456,45.0,0.3758,27.0,,,0.3957,31.0,0.4411,57.0,0.4317,63.0,0.4804,57.0,,,0.4759,53.0
2019-12-13,0.4296,68.0,0.3204,36.0,0.4187,40.0,,,0.3947,31.0,0.4409,57.0,0.4311,62.0,0.4799,57.0,,,0.4928,59.0
2019-12-12,0.3724,56.0,0.2976,28.0,0.3808,28.0,,,0.3915,30.0,0.4398,57.0,0.431,62.0,0.4742,56.0,,,0.4929,60.0
2019-12-11,0.369,55.0,0.3473,46.0,0.4855,57.0,,,0.4083,35.0,0.4413,57.0,0.4327,63.0,0.4618,51.0,,,0.4868,57.0
2019-12-10,0.3026,38.0,0.3537,48.0,0.367,24.0,,,0.4021,33.0,0.4404,57.0,0.4331,63.0,0.4555,49.0,,,0.4916,59.0
2019-12-09,0.332,46.0,0.3653,52.0,0.3776,28.0,,,0.3759,25.0,0.44,57.0,0.4334,63.0,0.4949,63.0,,,0.4958,60.0
2019-12-06,0.3163,41.0,0.3583,49.0,0.3406,16.0,,,0.4446,47.0,0.4408,57.0,0.4321,63.0,0.4698,55.0,,,0.4827,56.0
2019-12-05,0.2662,28.0,0.3531,48.0,0.4173,39.0,,,0.4379,45.0,0.4422,57.0,0.4328,63.0,0.473,56.0,,,0.5063,63.0
2019-12-04,0.2657,28.0,0.4061,64.0,0.4111,38.0,,,0.4482,47.0,0.4425,57.0,0.4338,64.0,0.4881,61.0,,,0.5045,63.0
2019-12-03,0.256,26.0,0.6561,95.0,0.4693,53.0,,,0.4632,51.0,0.4441,57.0,0.4343,64.0,0.4893,61.0,,,0.5175,67.0
2019-12-02,0.3474,49.0,0.6817,96.0,0.4499,48.0,,,0.4329,43.0,0.4438,57.0,0.4325,63.0,0.4636,52.0,,,0.4867,57.0
2019-11-29,0.3485,50.0,0.677,95.0,0.3929,32.0,,,0.3784,26.0,0.4437,57.0,0.4334,63.0,0.4501,47.0,,,0.4765,54.0
2019-11-27,0.3397,47.0,0.674,95.0,0.3808,28.0,,,0.3467,16.0,0.4577,65.0,0.44,66.0,0.4407,43.0,,,0.4717,52.0
2019-11-26,0.318,42.0,0.6509,95.0,0.3876,31.0,,,0.3483,17.0,0.4573,64.0,0.439,65.0,0.4468,46.0,,,0.4625,48.0
2019-11-25,0.3033,39.0,0.6479,95.0,0.352,20.0,,,0.3516,18.0,0.4585,65.0,0.4402,66.0,0.4513,47.0,,,0.4702,51.0
2019-11-22,0.3033,39.0,0.6236,94.0,0.366,24.0,,,0.356,19.0,0.4618,66.0,0.4381,65.0,0.449,46.0,,,0.4733,52.0
2019-11-21,0.297,37.0,0.349,46.0,0.6836,86.0,,,0.6144,79.0,0.4604,66.0,0.4212,60.0,0.4901,61.0,,,0.5044,62.0
2019-11-20,0.2611,28.0,0.253,15.0,0.5978,76.0,,,0.6229,80.0,0.4588,65.0,0.4175,57.0,0.4784,57.0,,,0.5116,65.0
2019-11-19,0.2577,27.0,0.2466,13.0,0.5966,75.0,,,0.5699,72.0,0.4589,65.0,0.4175,57.0,0.4765,57.0,,,0.5036,62.0
2019-11-18,0.2385,22.0,0.2462,13.0,0.5735,71.0,,,0.5923,75.0,0.4587,65.0,0.4221,60.0,0.4833,59.0,,,0.5047,63.0
2019-11-15,0.2467,24.0,0.263,17.0,0.551,68.0,,,0.5315,66.0,0.4881,75.0,0.4399,66.0,0.484,60.0,,,0.5026,62.0
2019-11-14,0.2565,26.0,0.2871,25.0,0.5394,66.0,,,0.5274,65.0,0.4953,76.0,0.442,67.0,0.487,61.0,,,0.4993,61.0
2019-11-13,0.2615,28.0,0.2903,26.0,0.5302,65.0,,,0.5157,63.0,0.4954,76.0,0.4417,67.0,0.4844,60.0,,,0.5171,67.0
2019-11-12,0.2678,30.0,0.2954,27.0,0.5632,70.0,,,0.4423,46.0,0.4942,76.0,0.4423,67.0,0.4792,57.0,,,0.5055,63.0
2019-11-11,0.1755,10.0,0.2832,23.0,0.5382,66.0,,,0.6116,78.0,0.4948,76.0,0.4424,67.0,0.4512,47.0,,,0.5111,65.0
2019-11-08,0.2358,21.0,0.287,25.0,0.5337,66.0,,,0.4898,57.0,0.4948,76.0,0.4425,67.0,0.4632,52.0,,,0.4958,60.0
2019-11-07,0.3134,41.0,0.3076,31.0,0.5158,62.0,,,0.5066,61.0,0.4948,76.0,0.4428,67.0,0.4713,55.0,,,0.494,60.0
2019-11-06,0.3124,41.0,0.292,26.0,0.5683,71.0,,,0.4484,47.0,0.4955,76.0,0.4433,68.0,0.4765,57.0,,,0.4946,60.0
2019-11-05,0.3076,40.0,0.2657,18.0,0.5376,66.0,,,0.4124,36.0,0.4957,76.0,0.4427,67.0,0.4733,56.0,,,0.49,59.0
2019-11-04,0.3022,38.0,0.2418,12.0,0.743,90.0,,,0.6651,85.0,0.4967,76.0,0.4429,67.0,0.4693,54.0,,,0.4879,57.0
2019-11-01,0.2555,26.0,0.2291,10.0,0.6385,81.0,,,0.6446,83.0,0.4949,76.0,0.4427,67.0,0.4604,51.0,,,0.4952,60.0
2019-10-31,0.2109,16.0,0.2217,8.0,0.6347,81.0,,,0.5921,75.0,0.4939,76.0,0.4425,67.0,0.4683,54.0,,,0.4911,59.0
2019-10-30,0.1973,13.0,0.2209,8.0,0.5915,75.0,,,0.6105,78.0,0.4963,76.0,0.4441,68.0,0.473,56.0,,,0.4883,57.0
2019-10-29,0.1649,8.0,0.1773,2.0,0.5893,74.0,,,0.6084,78.0,0.4968,76.0,0.4434,68.0,0.4671,54.0,,,0.4958,60.0
2019-10-28,0.1888,12.0,0.1936,3.0,0.5879,74.0,,,0.5878,74.0,0.497,76.0,0.4451,68.0,0.479,57.0,,,0.4784,55.0
2019-10-25,0.1933,13.0,0.2068,5.0,0.5726,71.0,,,0.5551,70.0,0.497,76.0,0.4451,68.0,0.4799,57.0,,,0.4888,57.0
2019-10-24,0.2002,14.0,0.2187,8.0,0.6003,76.0,,,0.5609,71.0,0.4968,76.0,0.4455,69.0,0.482,59.0,,,0.4958,60.0
2019-10-23,0.1732,9.0,0.2263,9.0,0.7145,89.0,,,0.5237,64.0,0.4985,76.0,0.4463,69.0,0.4799,57.0,,,0.4978,61.0
2019-10-22,0.2447,23.0,0.2636,17.0,0.5844,73.0,,,0.5997,77.0,0.499,77.0,0.4474,69.0,0.4854,60.0,,,0.4995,61.0
2019-10-21,0.2474,24.0,0.2706,19.0,0.7063,88.0,,,0.6061,78.0,0.4991,77.0,0.4476,69.0,0.4454,45.0,,,0.4925,59.0
2019-10-18,0.2504,25.0,0.2889,25.0,0.6082,77.0,,,0.6165,79.0,0.498,76.0,0.4486,70.0,0.4887,61.0,,,0.504,62.0
2019-10-17,0.2202,18.0,0.2806,22.0,0.8488,95.0,,,0.5752,73.0,0.5029,77.0,0.4503,70.0,0.4944,63.0,,,0.4972,61.0
2019-10-16,0.2466,23.0,0.283,23.0,0.8774,96.0,,,0.5936,76.0,0.5049,78.0,0.4513,71.0,0.5026,66.0,,,0.5061,63.0
2019-10-15,0.2597,27.0,0.2831,23.0,0.8614,95.0,,,0.6586,84.0,0.5056,78.0,0.452,71.0,0.4887,61.0,,,0.5097,64.0
2019-10-14,0.2643,28.0,0.2924,26.0,0.8302,94.0,,,0.731,89.0,0.5059,78.0,0.4519,71.0,0.4967,63.0,,,0.5131,66.0
2019-10-11,0.1784,11.0,0.2839,23.0,0.6099,77.0,,,0.6348,81.0,0.5036,77.0,0.451,70.0,0.5346,77.0,,,0.5162,66.0
2019-10-10,0.1381,5.0,0.2843,24.0,0.6144,78.0,,,0.5051,61.0,0.5029,77.0,0.4512,70.0,0.5185,72.0,,,0.5102,65.0
2019-10-09,0.1694,9.0,0.2816,23.0,0.4697,53.0,,,0.4579,50.0,0.507,78.0,0.4533,71.0,0.5261,75.0,,,0.534,74.0
2019-10-08,0.1441,5.0,0.2834,23.0,0.5524,69.0,,,0.5253,64.0,0.5072,78.0,0.4534,71.0,0.5168,71.0,,,0.5238,70.0
2019-10-07,0.1336,4.0,0.3139,34.0,0.4645,52.0,,,0.5284,65.0,0.5082,78.0,0.4536,71.0,0.5098,68.0,,,0.525,70.0
2019-10-04,0.1695,9.0,0.3194,35.0,0.5242,64.0,,,0.6728,85.0,0.5118,79.0,0.4552,72.0,0.5504,81.0,,,0.5252,70.0
2019-10-03,0.1778,10.0,0.3151,34.0,0.5015,60.0,,,0.4271,42.0,0.5125,79.0,0.4554,72.0,0.5211,73.0,,,0.5209,68.0
2019-10-02,0.2127,16.0,0.2966,28.0,0.5923,75.0,,,0.5228,64.0,0.5125,79.0,0.4546,72.0,0.5089,68.0,,,0.5062,63.0
2019-10-01,0.1986,14.0,0.2975,28.0,0.5518,68.0,,,0.4765,55.0,0.512,79.0,0.4553,72.0,0.5105,68.0,,,0.5069,64.0
2019-09-30,0.2417,22.0,0.3058,31.0,0.5057,60.0,,,0.4701,53.0,0.5149,80.0,0.4564,72.0,0.5202,72.0,,,0.4963,61.0
2019-09-27,0.2478,24.0,0.3041,30.0,0.5355,66.0,,,0.5041,61.0,0.517,80.0,0.4578,73.0,0.5411,78.0,,,0.507,64.0
2019-09-26,0.2477,24.0,0.2788,22.0,0.4594,51.0,,,0.4481,47.0,0.517,80.0,0.4565,72.0,0.5108,69.0,,,0.518,67.0
2019-09-25,0.2051,15.0,0.2655,18.0,0.4985,59.0,,,0.4706,53.0,0.5201,80.0,0.4576,73.0,0.5288,76.0,,,0.5049,63.0
2019-09-24,0.219,18.0,0.2904,26.0,0.4822,56.0,,,0.4785,55.0,0.5254,82.0,0.4593,74.0,0.5127,69.0,,,0.5007,62.0
2019-09-23,0.2066,15.0,0.3064,31.0,0.5117,61.0,,,0.4904,57.0,0.5278,83.0,0.4637,75.0,0.5319,77.0,,,0.5195,68.0
2019-09-20,0.2514,25.0,0.3427,44.0,0.4534,49.0,,,0.4572,50.0,0.6016,93.0,0.4674,76.0,0.502,65.0,,,0.5206,68.0
2019-09-19,0.2134,16.0,0.3497,47.0,0.4377,45.0,,,0.476,55.0,0.6022,93.0,0.4683,77.0,0.4999,64.0,,,0.5259,71.0
2019-09-18,0.2822,33.0,0.3931,61.0,0.4654,52.0,,,0.4792,56.0,0.603,93.0,0.4697,77.0,0.5105,68.0,,,0.5218,69.0
2019-09-17,0.3667,55.0,0.4144,66.0,0.6735,85.0,,,0.4881,57.0,0.6049,93.0,0.4697,77.0,0.5018,65.0,,,0.5318,73.0
2019-09-16,0.3758,57.0,0.4196,67.0,0.5283,64.0,,,0.4824,56.0,0.6049,93.0,0.4695,77.0,0.5293,76.0,,,0.5252,70.0
2019-09-13,0.3763,57.0,0.3982,62.0,0.4652,52.0,,,0.4886,57.0,0.6061,93.0,0.4694,77.0,0.5002,64.0,,,0.5273,71.0
2019-09-12,0.4927,78.0,0.448,74.0,0.6501,82.0,,,0.4661,52.0,0.6065,93.0,0.4688,77.0,0.5245,74.0,,,0.5205,68.0
2019-09-11,0.5157,81.0,0.4767,79.0,0.4185,40.0,,,0.485,57.0,0.6062,93.0,0.4674,76.0,0.5069,67.0,,,0.5091,64.0
2019-09-10,0.5202,81.0,0.4664,77.0,0.4112,38.0,,,0.4546,49.0,0.6062,93.0,0.4665,76.0,0.5035,66.0,,,0.5583,80.0
2019-09-09,1.127,98.0,0.8486,99.0,0.5081,61.0,,,0.4866,57.0,0.6047,93.0,0.4648,75.0,0.5094,68.0,,,0.5337,74.0
2019-09-06,1.1238,98.0,0.859,99.0,0.4393,46.0,,,0.4897,57.0,0.6014,93.0,0.4637,75.0,0.509,68.0,,,0.5519,79.0
2019-09-05,1.1419,98.0,0.8631,99.0,0.6141,78.0,,,0.5008,60.0,0.6016,93.0,0.4641,75.0,0.524,74.0,,,0.5228,69.0
2019-09-04,1.1536,99.0,0.8728,99.0,0.6557,83.0,,,0.4888,57.0,0.6017,93.0,0.465,75.0,0.5358,77.0,,,0.5424,77.0
2019-09-03,1.2567,99.0,0.8794,99.0,0.5112,61.0,,,0.489,57.0,0.6007,93.0,0.4622,75.0,0.5192,72.0,,,0.5435,77.0
2019-08-30,1.1986,99.0,0.849,99.0,0.4809,56.0,,,0.4717,54.0,0.6014,93.0,0.4596,74.0,0.5255,74.0,,,0.5256,70.0
2019-08-29,1.178,99.0,0.853,99.0,0.5226,63.0,,,0.477,55.0,0.6016,93.0,0.4593,74.0,0.5245,74.0,,,0.5271,71.0
2019-08-28,0.694,91.0,0.5064,84.0,0.8727,96.0,,,0.8873,95.0,0.547,86.0,0.4258,61.0,0.5893,87.0,,,0.6049,89.0
2019-08-27,0.6616,90.0,0.4594,76.0,0.8602,95.0,,,0.8247,93.0,0.5445,86.0,0.4256,61.0,0.5763,85.0,,,0.595,87.0
2019-08-26,0.6623,90.0,0.4501,74.0,0.8446,94.0,,,0.8089,93.0,0.5436,85.0,0.4252,61.0,0.5527,81.0,,,0.5822,85.0
2019-08-23,0.6111,88.0,0.4421,72.0,0.7798,92.0,,,0.7605,91.0,0.5391,85.0,0.4249,61.0,0.5648,83.0,,,0.5934,87.0
2019-08-22,0.387,59.0,0.4571,76.0,0.7124,89.0,,,0.7042,88.0,0.5309,83.0,0.4214,60.0,0.5416,79.0,,,0.5447,77.0
2019-08-21,0.4007,63.0,0.5177,86.0,0.7182,89.0,,,0.6918,87.0,0.5291,83.0,0.4215,60.0,0.5419,79.0,,,0.5626,81.0
2019-08-20,0.4052,63.0,0.5122,85.0,0.7261,90.0,,,0.6992,87.0,0.5276,82.0,0.4216,60.0,0.5311,76.0,,,0.5451,78.0
2019-08-19,0.3777,57.0,0.4472,73.0,0.7205,89.0,,,0.6706,85.0,0.5294,83.0,0.4186,59.0,0.5266,75.0,,,0.5503,79.0
2019-08-16,0.4196,66.0,0.4883,81.0,0.6482,82.0,,,0.6193,79.0,0.5286,83.0,0.4194,59.0,0.5155,70.0,,,0.5384,75.0
2019-08-15,0.3934,61.0,0.4865,81.0,0.7114,89.0,,,0.6928,87.0,0.5267,82.0,0.4191,59.0,0.5176,71.0,,,0.5575,80.0
2019-08-14,0.4212,66.0,0.5014,83.0,0.6964,87.0,,,0.6841,86.0,0.5276,82.0,0.4194,59.0,0.5446,79.0,,,0.5512,79.0
2019-08-13,0.4726,75.0,0.434,70.0,0.6263,80.0,,,0.6053,77.0,0.5285,83.0,0.4153,57.0,0.4933,62.0,,,0.5487,78.0
2019-08-12,0.4812,76.0,0.3851,57.0,0.6161,79.0,,,0.6175,79.0,0.5261,82.0,0.4112,57.0,0.5297,76.0,,,0.5375,75.0
2019-08-09,0.6116,88.0,0.5261,87.0,0.663,84.0,,,0.4677,53.0,0.5258,82.0,0.4109,57.0,0.5229,73.0,,,0.5413,76.0
2019-08-08,0.6037,87.0,0.5379,88.0,0.6065,77.0,,,0.548,68.0,0.5282,83.0,0.4115,57.0,0.5171,71.0,,,0.5411,76.0
2019-08-07,0.4975,79.0,0.5128,85.0,0.5277,64.0,,,0.5234,64.0,0.5255,82.0,0.4094,56.0,0.5282,75.0,,,0.5544,79.0
2019-08-06,0.4822,76.0,0.5247,87.0,0.595,75.0,,,0.6049,77.0,0.5256,82.0,0.4091,56.0,0.5258,74.0,,,0.5665,81.0
2019-08-05,0.4061,64.0,0.5074,84.0,0.6139,78.0,,,0.6717,85.0,0.5238,82.0,0.4078,56.0,0.5195,72.0,,,0.5571,80.0
2019-08-02,0.3912,60.0,0.5193,86.0,0.5852,73.0,,,0.5446,68.0,0.5211,81.0,0.4068,55.0,0.5207,73.0,,,0.5402,76.0
2019-08-01,0.4086,64.0,0.55,89.0,0.5648,70.0,,,0.5272,65.0,0.5193,80.0,0.4052,55.0,0.5159,71.0,,,0.5338,74.0
2019-07-31,0.232,20.0,0.4281,69.0,0.5649,70.0,,,0.4706,53.0,0.5117,79.0,0.3958,51.0,0.5062,67.0,,,0.5153,66.0
2019-07-30,0.2964,37.0,0.4156,66.0,0.4589,51.0,,,0.4526,49.0,0.5117,79.0,0.3952,51.0,0.4986,64.0,,,0.5168,67.0
2019-07-29,0.2934,36.0,0.4071,64.0,0.5645,70.0,,,0.5364,66.0,0.5121,79.0,0.395,51.0,0.5018,65.0,,,0.5191,68.0
2019-07-26,0.3303,45.0,0.4076,64.0,0.4603,51.0,,,0.4239,40.0,0.5111,79.0,0.3938,50.0,0.5025,66.0,,,0.52,68.0
2019-07-25,0.3012,38.0,0.4057,64.0,0.4893,57.0,,,0.4711,54.0,0.511,79.0,0.3935,50.0,0.4891,61.0,,,0.5169,67.0
2019-07-24,0.3276,44.0,0.3827,57.0,0.5037,60.0,,,0.4526,49.0,0.5101,79.0,0.3921,49.0,0.5261,75.0,,,0.5066,63.0
2019-07-23,0.374,56.0,0.3249,38.0,0.4822,56.0,,,0.4434,46.0,0.51,79.0,0.3883,47.0,0.5713,84.0,,,0.4762,53.0
2019-07-22,0.3566,52.0,0.3194,35.0,0.4622,52.0,,,0.4654,52.0,0.51,79.0,0.3873,46.0,0.518,72.0,,,0.5316,73.0
2019-07-19,0.339,47.0,0.3355,41.0,0.489,57.0,,,0.4566,50.0,0.509,78.0,0.3875,46.0,0.519,72.0,,,0.5374,75.0
2019-07-18,0.376,57.0,0.347,46.0,0.484,56.0,,,0.4581,50.0,0.5091,78.0,0.3875,46.0,0.5105,68.0,,,0.5208,68.0
2019-07-17,0.3254,44.0,0.3326,40.0,0.4581,51.0,,,0.4843,57.0,0.5075,78.0,0.3876,47.0,0.5022,65.0,,,0.524,70.0
2019-07-16,0.3625,54.0,0.363,51.0,0.4774,55.0,,,0.4331,43.0,0.5084,78.0,0.3883,47.0,0.518,72.0,,,0.5205,68.0
2019-07-15,0.3667,55.0,0.3689,53.0,0.4435,46.0,,,0.5159,63.0,0.5085,78.0,0.3881,47.0,0.5051,67.0,,,0.5299,72.0
2019-07-12,0.3753,57.0,0.3651,52.0,0.4679,53.0,,,0.4574,50.0,0.5099,78.0,0.3888,47.0,0.5227,73.0,,,0.527,71.0
2019-07-11,0.3799,57.0,0.3454,45.0,0.4716,54.0,,,0.4603,51.0,0.51,79.0,0.3918,49.0,0.5257,74.0,,,0.532,73.0
2019-07-10,0.3686,55.0,0.3854,57.0,0.8324,94.0,,,0.4402,45.0,0.5096,78.0,0.3909,49.0,0.5103,68.0,,,0.5418,76.0
2019-07-09,0.3916,60.0,0.38,57.0,0.4747,54.0,,,0.4784,55.0,0.5085,78.0,0.3923,50.0,0.5242,74.0,,,0.5321,73.0
2019-07-08,0.3397,47.0,0.3712,54.0,0.5473,68.0,,,0.4431,46.0,0.5083,78.0,0.3922,50.0,0.5644,83.0,,,0.4857,57.0
2019-07-05,0.2293,20.0,0.3343,41.0,0.4294,43.0,,,0.4759,55.0,0.5084,78.0,0.3917,49.0,0.5084,68.0,,,0.5073,64.0
2019-07-03,0.5188,81.0,0.412,66.0,0.5136,62.0,,,0.4491,48.0,0.5136,79.0,0.3944,50.0,0.4982,64.0,,,0.5152,66.0
2019-07-02,0.5338,82.0,0.4289,69.0,0.4071,36.0,,,0.4695,53.0,0.5143,79.0,0.3949,51.0,0.5023,65.0,,,0.5273,71.0
2019-07-01,0.5305,82.0,0.4371,71.0,0.4097,37.0,,,0.4463,47.0,0.5144,79.0,0.3964,52.0,0.4964,63.0,,,0.519,68.0
2019-06-28,0.5293,82.0,0.3972,62.0,0.4062,36.0,,,0.539,67.0,0.5192,80.0,0.3966,52.0,0.4911,62.0,,,0.5257,71.0
2019-06-27,0.5122,80.0,0.4127,66.0,0.4519,49.0,,,0.4927,57.0,0.5233,81.0,0.4021,54.0,0.4991,64.0,,,0.5291,72.0
2019-06-26,0.5446,83.0,0.4407,72.0,0.4587,51.0,,,0.4588,50.0,0.5242,82.0,0.404,55.0,0.5062,67.0,,,0.537,75.0
2019-06-25,0.5714,85.0,0.4539,75.0,0.4523,49.0,,,0.477,55.0,0.5248,82.0,0.4094,56.0,0.5177,71.0,,,0.5206,68.0
2019-06-24,0.3512,50.0,0.3698,54.0,0.4757,54.0,,,0.4704,53.0,0.5239,82.0,0.4075,56.0,0.5041,66.0,,,0.5244,70.0
2019-06-21,0.3777,57.0,0.3545,48.0,0.4263,42.0,,,0.4616,51.0,0.5215,81.0,0.4078,56.0,0.5158,71.0,,,0.5231,69.0
2019-06-20,0.4568,73.0,0.368,53.0,0.4534,49.0,,,0.4644,52.0,0.5214,81.0,0.4098,56.0,0.4982,64.0,,,0.5281,72.0
2019-06-19,0.4603,74.0,0.3806,57.0,0.4549,50.0,,,0.4743,54.0,0.5214,81.0,0.41,56.0,0.5258,74.0,,,0.5222,69.0
2019-06-18,0.4142,65.0,0.3726,55.0,0.456,50.0,,,0.4738,54.0,0.5201,80.0,0.4097,56.0,0.5046,66.0,,,0.5209,68.0
2019-06-17,0.4065,64.0,0.344,44.0,0.4779,55.0,,,0.4702,53.0,0.5231,81.0,0.4086,56.0,0.5074,67.0,,,0.5219,69.0
2019-06-14,0.4032,63.0,0.3583,49.0,0.4691,53.0,,,0.4911,57.0,0.5253,82.0,0.4098,56.0,0.5107,69.0,,,0.5343,74.0
2019-06-13,0.6688,90.0,0.486,80.0,0.4522,49.0,,,0.5888,75.0,0.5257,82.0,0.4106,57.0,0.497,63.0,,,0.5522,79.0
2019-06-12,0.6197,88.0,0.4838,80.0,0.527,64.0,,,0.48,56.0,0.5231,81.0,0.4118,57.0,0.5158,71.0,,,0.5437,77.0
2019-06-11,0.6108,88.0,0.4898,81.0,0.4777,55.0,,,0.4443,47.0,0.521,81.0,0.4111,57.0,0.5117,69.0,,,0.5376,75.0
2019-06-10,0.6464,89.0,0.4806,79.0,0.4892,57.0,,,0.5528,69.0,0.5217,81.0,0.4142,57.0,0.5106,69.0,,,0.5313,73.0
2019-06-07,0.589,86.0,0.4817,80.0,0.462,52.0,,,0.4652,52.0,0.5189,80.0,0.414,57.0,0.5209,73.0,,,0.5322,73.0
2019-06-06,0.5789,86.0,0.4885,81.0,0.4809,56.0,,,0.4578,50.0,0.5206,81.0,0.4161,57.0,0.5207,73.0,,,0.5426,77.0
2019-06-05,0.6006,87.0,0.4685,78.0,0.5253,64.0,,,0.4508,48.0,0.5206,81.0,0.4162,57.0,0.5267,75.0,,,0.5431,77.0
2019-06-04,0.3698,56.0,0.4253,68.0,0.491,57.0,,,0.4732,54.0,0.515,80.0,0.4131,57.0,0.507,67.0,,,0.5339,74.0
2019-06-03,0.7433,93.0,0.6622,95.0,0.4701,53.0,,,0.4857,57.0,0.5148,80.0,0.4139,57.0,0.5145,70.0,,,0.5321,73.0
2019-05-31,0.6809,91.0,0.6696,95.0,0.5292,65.0,,,0.462,51.0,0.5141,79.0,0.4148,57.0,0.5149,70.0,,,0.5406,76.0
2019-05-30,0.7238,93.0,0.6678,95.0,0.4943,57.0,,,0.4951,59.0,0.512,79.0,0.4146,57.0,0.5045,66.0,,,0.5258,71.0
2019-05-29,0.7185,92.0,0.6669,95.0,0.4986,59.0,,,0.5182,63.0,0.5137,79.0,0.4155,57.0,0.4975,64.0,,,0.5303,72.0
2019-05-28,0.7157,92.0,0.6656,95.0,0.5264,64.0,,,0.4857,57.0,0.5134,79.0,0.4148,57.0,0.5148,70.0,,,0.5208,68.0
2019-05-24,0.6802,90.0,0.6645,95.0,0.5049,60.0,,,0.4834,56.0,0.5154,80.0,0.4153,57.0,0.5044,66.0,,,0.5255,70.0
2019-05-23,0.7006,92.0,0.6139,93.0,0.4974,59.0,,,0.4945,59.0,0.5182,80.0,0.4147,57.0,0.5116,69.0,,,0.5404,76.0
2019-05-22,0.4235,67.0,0.3501,47.0,0.7701,91.0,,,0.6896,87.0,0.4965,76.0,0.3979,52.0,0.5198,72.0,,,0.5321,73.0
2019-05-21,0.2702,30.0,0.3047,31.0,0.6774,86.0,,,0.6794,86.0,0.4943,76.0,0.3982,52.0,0.5021,65.0,,,0.5169,67.0
2019-05-20,0.2827,33.0,0.3191,35.0,0.6845,86.0,,,0.643,82.0,0.5055,78.0,0.4031,54.0,0.5004,64.0,,,0.5127,65.0
2019-05-17,0.2882,35.0,0.3053,31.0,0.6268,80.0,,,0.613,79.0,0.5162,80.0,0.4172,57.0,0.4948,63.0,,,0.5109,65.0
2019-05-16,0.2417,22.0,0.2872,25.0,0.5838,73.0,,,0.5894,75.0,0.5194,80.0,0.4278,62.0,0.4695,54.0,,,0.506,63.0
2019-05-15,0.3194,42.0,0.3271,38.0,0.6121,78.0,,,0.578,73.0,0.5194,80.0,0.4305,62.0,0.4919,62.0,,,0.5053,63.0
2019-05-14,0.3381,47.0,0.3242,37.0,0.5979,76.0,,,0.5756,73.0,0.522,81.0,0.4319,63.0,0.4872,61.0,,,0.5028,62.0
2019-05-13,0.2829,33.0,0.3372,42.0,0.5887,74.0,,,0.6235,80.0,0.5217,81.0,0.4365,64.0,0.4824,59.0,,,0.5245,70.0
2019-05-10,0.3019,38.0,0.3301,40.0,0.6719,85.0,,,0.5542,69.0,0.5223,81.0,0.4383,65.0,0.4846,60.0,,,0.5001,62.0
2019-05-09,0.2864,34.0,0.3152,34.0,0.6053,77.0,,,0.5693,72.0,0.5214,81.0,0.4405,66.0,0.4755,57.0,,,0.4968,61.0
2019-05-08,0.3097,40.0,0.3317,40.0,0.5742,72.0,,,0.4712,54.0,0.5214,81.0,0.4424,67.0,0.4647,53.0,,,0.5056,63.0
2019-05-07,0.2942,36.0,0.3543,48.0,0.6778,86.0,,,0.5658,71.0,0.5215,81.0,0.4434,68.0,0.4821,59.0,,,0.5062,63.0
2019-05-06,0.2523,25.0,0.3229,37.0,0.4774,55.0,,,0.524,64.0,0.5196,80.0,0.4425,67.0,0.4795,57.0,,,0.4879,57.0
2019-05-03,0.2208,18.0,0.3359,41.0,0.4184,40.0,,,0.4457,47.0,0.5181,80.0,0.4425,67.0,0.4649,53.0,,,0.4847,57.0
2019-05-02,0.4013,63.0,0.3462,45.0,0.4175,40.0,,,0.4288,42.0,0.5179,80.0,0.4411,66.0,0.4641,53.0,,,0.4913,59.0
2019-05-01,0.4472,71.0,0.3758,56.0,0.4294,43.0,,,0.4352,44.0,0.5182,80.0,0.4416,67.0,0.4679,54.0,,,0.49,59.0
2019-04-30,0.4733,75.0,0.39,60.0,0.4527,49.0,,,0.4268,41.0,0.5222,81.0,0.4425,67.0,0.4829,59.0,,,0.4834,56.0
2019-04-29,0.434,69.0,0.3739,55.0,0.4492,48.0,,,0.4354,44.0,0.5232,81.0,0.4445,68.0,0.4737,56.0,,,0.4906,59.0
2019-04-26,0.4098,64.0,0.3556,49.0,0.4463,47.0,,,0.432,43.0,0.5284,83.0,0.4476,69.0,0.4628,52.0,,,0.4889,57.0
2019-04-25,0.4148,65.0,0.3613,50.0,0.4367,45.0,,,0.3924,30.0,0.5299,83.0,0.449,70.0,0.4633,52.0,,,0.4793,55.0
2019-04-24,0.471,75.0,0.3979,62.0,0.4184,40.0,,,0.423,40.0,0.5299,83.0,0.4509,70.0,0.4661,53.0,,,0.48,55.0
2019-04-23,0.396,61.0,0.3577,49.0,0.4082,37.0,,,0.3995,32.0,0.5252,82.0,0.4501,70.0,0.4663,53.0,,,0.4895,57.0
2019-04-22,0.3801,57.0,0.3414,44.0,0.3962,33.0,,,0.5146,63.0,0.5266,82.0,0.4504,70.0,0.4697,55.0,,,0.493,60.0
2019-04-18,0.3721,56.0,0.3613,50.0,0.4371,45.0,,,0.4236,40.0,0.5266,82.0,0.4506,70.0,0.468,54.0,,,0.481,55.0
2019-04-17,0.3927,60.0,0.3767,56.0,0.3768,27.0,,,0.3808,27.0,0.5266,82.0,0.4506,70.0,0.461,51.0,,,0.4697,51.0
2019-04-16,0.3983,62.0,0.3724,55.0,0.4008,34.0,,,0.4938,59.0,0.5268,82.0,0.4524,71.0,0.4638,52.0,,,0.4781,54.0
2019-04-15,0.3632,54.0,0.3844,57.0,0.4239,41.0,,,0.3956,31.0,0.5266,82.0,0.4529,71.0,0.4803,57.0,,,0.477,54.0
2019-04-12,0.3499,50.0,0.359,50.0,0.3886,31.0,,,0.4028,33.0,0.5232,81.0,0.4511,70.0,0.463,52.0,,,0.4723,52.0
2019-04-11,0.4542,72.0,0.3894,59.0,0.4901,57.0,,,0.4096,35.0,0.5267,82.0,0.4526,71.0,0.4738,56.0,,,0.4763,53.0
2019-04-10,0.4452,71.0,0.3798,57.0,0.4569,50.0,,,0.4483,47.0,0.5255,82.0,0.4527,71.0,0.4784,57.0,,,0.4797,55.0
2019-04-09,0.443,71.0,0.3752,56.0,0.4688,53.0,,,0.4348,44.0,0.5224,81.0,0.451,70.0,0.4788,57.0,,,0.4852,57.0
2019-04-08,0.5183,81.0,0.4039,63.0,0.4452,47.0,,,0.4339,44.0,0.5236,82.0,0.4507,70.0,0.477,57.0,,,0.4867,57.0
2019-04-05,0.5301,82.0,0.4854,80.0,0.4365,45.0,,,0.4148,37.0,0.5236,82.0,0.4515,71.0,0.4765,57.0,,,0.4795,55.0
2019-04-04,1.4354,100.0,0.5346,87.0,0.4202,41.0,,,0.437,44.0,0.5236,82.0,0.4511,70.0,0.4692,54.0,,,0.4888,57.0
2019-04-03,1.4357,100.0,0.5378,87.0,0.3865,30.0,,,0.454,49.0,0.5203,81.0,0.45,70.0,0.4759,57.0,,,0.4869,57.0
2019-04-02,1.4214,99.0,0.5361,87.0,0.4517,49.0,,,0.4943,59.0,0.5186,80.0,0.4491,70.0,0.4618,51.0,,,0.4972,61.0
2019-04-01,1.442,100.0,0.5434,88.0,0.4303,43.0,,,0.4265,41.0,0.5212,81.0,0.4504,70.0,0.4745,56.0,,,0.4861,57.0
2019-03-29,1.406,99.0,0.5166,85.0,0.3853,30.0,,,0.3835,28.0,0.5177,80.0,0.4494,70.0,0.4584,50.0,,,0.4668,50.0
2019-03-28,1.371,99.0,0.5004,83.0,0.3867,30.0,,,0.3928,31.0,0.513,79.0,0.4481,69.0,0.4611,51.0,,,0.4746,53.0
2019-03-27,1.3417,99.0,0.4221,68.0,0.4352,44.0,,,0.4946,59.0,0.5099,78.0,0.4441,68.0,0.4526,48.0,,,0.4835,56.0
2019-03-26,0.3855,59.0,0.3434,44.0,0.7034,88.0,,,0.7677,91.0,0.4202,47.0,0.441,66.0,0.5247,74.0,,,0.5343,74.0
2019-03-25,0.3588,53.0,0.3042,30.0,0.6824,86.0,,,0.6764,86.0,0.4195,46.0,0.4399,66.0,0.5103,68.0,,,0.5293,72.0
2019-03-22,0.3269,44.0,0.2717,20.0,0.658,83.0,,,0.6213,80.0,0.4187,46.0,0.4389,65.0,0.4897,61.0,,,0.5275,71.0
2019-03-21,0.3025,38.0,0.268,19.0,0.6024,76.0,,,0.5945,76.0,0.417,44.0,0.4393,65.0,0.501,65.0,,,0.5113,65.0
2019-03-20,0.355,52.0,0.295,27.0,0.6126,78.0,,,0.5923,75.0,0.4191,46.0,0.4405,66.0,0.4983,64.0,,,0.5129,66.0
2019-03-19,0.3364,46.0,0.2922,26.0,0.6288,80.0,,,0.5692,72.0,0.4171,44.0,0.4398,66.0,0.5035,66.0,,,0.5142,66.0
2019-03-18,0.3576,52.0,0.3036,30.0,0.6562,83.0,,,0.6234,80.0,0.4166,44.0,0.44,66.0,0.505,67.0,,,0.5093,64.0
2019-03-15,0.3392,47.0,0.314,34.0,0.6494,82.0,,,0.5923,75.0,0.4158,43.0,0.4408,66.0,0.5179,72.0,,,0.5297,72.0
2019-03-14,0.3389,47.0,0.3149,34.0,0.6589,83.0,,,0.5926,76.0,0.4156,43.0,0.4409,66.0,0.5161,71.0,,,0.5457,78.0
2019-03-13,0.2903,35.0,0.3237,37.0,0.6508,82.0,,,0.6009,77.0,0.4155,43.0,0.4413,66.0,0.5133,70.0,,,0.5374,75.0
2019-03-12,0.1776,10.0,0.3717,54.0,0.5839,73.0,,,0.5888,75.0,0.4152,43.0,0.441,66.0,0.5329,77.0,,,0.5381,75.0
2019-03-11,0.2128,16.0,0.3673,53.0,0.5899,75.0,,,0.5868,74.0,0.4128,41.0,0.4401,66.0,0.5242,74.0,,,0.5459,78.0
2019-03-08,0.2222,18.0,0.3596,50.0,0.6395,81.0,,,0.5937,76.0,0.4118,41.0,0.4393,65.0,0.5174,71.0,,,0.5329,73.0
2019-03-07,0.3174,42.0,0.3673,53.0,0.4884,57.0,,,0.4058,34.0,0.4102,40.0,0.4398,66.0,0.5198,72.0,,,0.5384,75.0
2019-03-06,0.2468,24.0,0.3549,48.0,0.4742,54.0,,,0.3979,32.0,0.4072,39.0,0.4389,65.0,0.5242,74.0,,,0.536,74.0
2019-03-05,0.2775,32.0,0.373,55.0,0.4236,41.0,,,0.4077,35.0,0.4074,39.0,0.4391,65.0,0.5245,74.0,,,0.54,76.0
2019-03-04,0.3502,50.0,0.3859,59.0,0.4477,47.0,,,0.4716,54.0,0.4121,41.0,0.4399,66.0,0.5253,74.0,,,0.5201,68.0
2019-03-01,0.3058,39.0,0.3444,45.0,0.4084,37.0,,,0.3749,25.0,0.4134,42.0,0.4393,65.0,0.5162,71.0,,,0.5323,73.0
2019-02-28,0.3287,45.0,0.3344,41.0,0.3901,31.0,,,0.3821,27.0,0.4158,43.0,0.4405,66.0,0.5173,71.0,,,0.5328,73.0
2019-02-27,0.3418,48.0,0.3359,41.0,0.4678,53.0,,,0.6106,78.0,0.4515,61.0,0.4469,69.0,0.5198,72.0,,,0.5083,64.0
2019-02-26,0.354,51.0,0.3448,45.0,0.4239,41.0,,,0.3993,32.0,0.4575,64.0,0.4491,70.0,0.5234,74.0,,,0.5356,74.0
2019-02-25,0.3808,57.0,0.3398,43.0,0.4332,44.0,,,0.4466,47.0,0.46,65.0,0.4505,70.0,0.5164,71.0,,,0.5385,75.0
2019-02-22,0.3312,45.0,0.324,37.0,0.3933,32.0,,,0.4275,42.0,0.4641,67.0,0.452,71.0,0.4774,57.0,,,0.4934,60.0
2019-02-21,0.3391,47.0,0.3097,32.0,0.4191,40.0,,,0.4159,38.0,0.4621,66.0,0.4517,71.0,0.5166,71.0,,,0.5372,75.0
2019-02-20,0.3275,44.0,0.3033,30.0,0.4364,45.0,,,0.4231,40.0,0.4632,67.0,0.4522,71.0,0.5196,72.0,,,0.531,73.0
2019-02-19,0.3071,40.0,0.3001,28.0,0.4102,37.0,,,0.4441,47.0,0.4625,66.0,0.452,71.0,0.5128,69.0,,,0.5343,74.0
2019-02-15,0.339,47.0,0.2857,24.0,0.4211,41.0,,,0.4156,37.0,0.4642,67.0,0.4524,71.0,0.5424,79.0,,,0.53,72.0
2019-02-14,0.3039,39.0,0.2548,15.0,0.4385,45.0,,,0.3923,30.0,0.4628,67.0,0.4516,71.0,0.5248,74.0,,,0.5352,74.0
2019-02-13,0.2761,32.0,0.249,14.0,0.424,42.0,,,0.4249,41.0,0.4621,66.0,0.4518,71.0,0.5124,69.0,,,0.5368,75.0
2019-02-12,0.2923,36.0,0.2463,13.0,0.4171,39.0,,,0.4117,36.0,0.464,67.0,0.4526,71.0,0.5197,72.0,,,0.5389,75.0
2019-02-11,0.1768,10.0,0.2367,11.0,0.4445,47.0,,,0.4588,50.0,0.4648,68.0,0.4529,71.0,0.521,73.0,,,0.5429,77.0
2019-02-08,0.1318,4.0,0.2388,11.0,0.4252,42.0,,,0.4089,35.0,0.4644,68.0,0.4526,71.0,0.5192,72.0,,,0.5411,76.0
2019-02-07,0.1339,4.0,0.2382,11.0,0.5675,71.0,,,0.4185,39.0,0.4641,67.0,0.4579,73.0,0.5257,74.0,,,0.5085,64.0
2019-02-06,0.1317,4.0,0.2343,11.0,0.4325,44.0,,,0.4038,34.0,0.4635,67.0,0.4582,73.0,0.5341,77.0,,,0.528,71.0
2019-02-05,0.151,6.0,0.246,13.0,0.4647,52.0,,,0.4495,48.0,0.4633,67.0,0.4583,73.0,0.5238,74.0,,,0.5368,75.0
2019-02-04,0.1397,5.0,0.2543,15.0,0.4241,42.0,,,0.4155,37.0,0.4636,67.0,0.4584,73.0,0.5226,73.0,,,0.5357,74.0
2019-02-01,0.1444,5.0,0.2564,15.0,0.4662,53.0,,,0.4355,44.0,0.4631,67.0,0.4587,73.0,0.5855,87.0,,,0.583,85.0
2019-01-31,0.1427,5.0,0.2555,15.0,0.7259,90.0,,,0.5619,71.0,0.4633,67.0,0.4589,73.0,0.586,87.0,,,0.5992,88.0
2019-01-30,0.1227,3.0,0.2488,14.0,0.5727,71.0,,,0.5554,70.0,0.463,67.0,0.4594,74.0,0.5853,86.0,,,0.6,88.0
2019-01-29,0.1507,6.0,0.2836,23.0,0.5077,61.0,,,0.5453,68.0,0.4624,66.0,0.46,74.0,0.5817,86.0,,,0.6002,89.0
2019-01-28,0.2365,21.0,0.3033,30.0,0.5575,69.0,,,0.5675,72.0,0.4617,66.0,0.4596,74.0,0.5843,86.0,,,0.5976,88.0
2019-01-25,0.2766,32.0,0.3027,30.0,0.7189,89.0,,,0.4623,51.0,0.4617,66.0,0.4597,74.0,0.5702,84.0,,,0.6044,89.0
2019-01-24,0.3549,52.0,0.336,42.0,0.6896,87.0,,,0.5249,64.0,0.4622,66.0,0.4601,74.0,0.5832,86.0,,,0.5976,88.0
2019-01-23,0.3234,43.0,0.405,63.0,0.5137,62.0,,,0.4909,57.0,0.4614,66.0,0.4609,74.0,0.5824,86.0,,,0.5984,88.0
2019-01-22,0.3243,43.0,0.3993,62.0,0.5099,61.0,,,0.5099,62.0,0.4614,66.0,0.4611,74.0,0.5891,87.0,,,0.6105,90.0
2019-01-18,0.3017,38.0,0.432,70.0,0.4506,48.0,,,0.4632,51.0,0.462,66.0,0.4617,75.0,0.5705,84.0,,,0.5735,83.0
2019-01-17,0.2964,37.0,0.4186,67.0,0.4742,54.0,,,0.4671,53.0,0.4611,66.0,0.4609,74.0,0.5849,86.0,,,0.5815,85.0
2019-01-16,0.3043,39.0,0.4231,68.0,0.4892,57.0,,,0.5789,73.0,0.4627,67.0,0.4616,75.0,0.5894,87.0,,,0.5843,86.0
2019-01-15,0.4026,63.0,0.4725,78.0,0.5577,69.0,,,0.6218,80.0,0.4698,70.0,0.4649,75.0,0.5893,87.0,,,0.6074,90.0
2019-01-14,0.3986,62.0,0.4672,77.0,0.6032,76.0,,,0.6406,82.0,0.4721,70.0,0.4702,78.0,0.6057,90.0,,,0.6086,90.0
2019-01-11,0.4297,68.0,0.428,69.0,0.5974,75.0,,,0.5144,63.0,0.4724,71.0,0.4672,76.0,0.6129,91.0,,,0.6055,89.0
2019-01-10,0.4731,75.0,0.4776,79.0,0.5772,72.0,,,0.6201,79.0,0.4729,71.0,0.4674,76.0,0.5917,88.0,,,0.6156,91.0
2019-01-09,0.6585,90.0,0.5311,87.0,0.7773,92.0,,,0.629,81.0,0.4729,71.0,0.4657,76.0,0.6062,90.0,,,0.6104,90.0
2019-01-08,0.6204,88.0,0.5515,89.0,0.5172,62.0,,,0.6259,80.0,0.4717,70.0,0.466,76.0,0.5905,88.0,,,0.6191,91.0
2019-01-07,0.6172,88.0,0.6026,93.0,0.6006,76.0,,,0.5938,76.0,0.4707,70.0,0.465,75.0,0.588,87.0,,,0.6195,91.0
2019-01-04,0.6336,89.0,0.5973,92.0,0.4984,59.0,,,0.5518,69.0,0.465,68.0,0.4627,75.0,0.6047,90.0,,,0.6255,92.0
2019-01-03,0.6315,89.0,0.6055,93.0,0.5663,71.0,,,0.5689,72.0,0.4626,67.0,0.4614,75.0,0.624,92.0,,,0.6295,93.0
2019-01-02,0.614,88.0,0.6184,93.0,0.5497,68.0,,,0.58,73.0,0.4625,66.0,0.4603,74.0,0.6084,90.0,,,0.6255,92.0
2018-12-31,0.5658,85.0,0.5906,92.0,0.6982,88.0,,,0.6333,81.0,0.4573,64.0,0.4588,73.0,0.6181,92.0,,,0.6398,93.0
2018-12-28,0.3892,60.0,0.5286,87.0,0.5328,65.0,,,0.5357,66.0,0.4497,61.0,0.4534,71.0,0.6111,91.0,,,0.6223,92.0
2018-12-27,0.4443,71.0,0.5103,84.0,0.5415,67.0,,,0.5437,68.0,0.4485,60.0,0.4538,71.0,0.5882,87.0,,,0.6416,94.0
2018-12-26,0.5637,85.0,0.4611,76.0,0.5724,71.0,,,0.5894,75.0,0.4504,61.0,0.4506,70.0,0.6032,90.0,,,0.6212,91.0
2018-12-24,0.4326,69.0,0.425,68.0,0.7666,91.0,,,0.7086,88.0,0.4433,57.0,0.4481,69.0,0.6409,94.0,,,0.6329,93.0
2018-12-21,0.4524,72.0,0.4284,69.0,0.5578,69.0,,,0.5671,72.0,0.4435,57.0,0.4469,69.0,0.6198,92.0,,,0.6359,93.0
2018-12-20,0.4502,71.0,0.3937,61.0,0.5763,72.0,,,0.5766,73.0,0.4436,57.0,0.4447,68.0,0.6371,94.0,,,0.6461,94.0
2018-12-19,0.4654,74.0,0.455,75.0,0.5859,74.0,,,0.5194,64.0,0.4459,59.0,0.4446,68.0,0.6242,93.0,,,0.6358,93.0
2018-12-18,0.4687,75.0,0.4493,74.0,0.593,75.0,,,0.5702,72.0,0.4459,59.0,0.4443,68.0,0.6235,92.0,,,0.6295,93.0
2018-12-17,0.2567,27.0,0.4765,79.0,0.5897,74.0,,,0.667,85.0,0.4405,57.0,0.4438,68.0,0.6232,92.0,,,0.6476,94.0
2018-12-14,0.2147,17.0,0.4706,78.0,0.7248,90.0,,,0.5807,74.0,0.44,57.0,0.444,68.0,0.625,93.0,,,0.6489,94.0
2018-12-13,0.3264,44.0,0.5223,86.0,0.5848,73.0,,,0.5742,73.0,0.4395,57.0,0.4431,67.0,0.6124,91.0,,,0.6338,93.0
2018-12-12,0.4025,63.0,0.5148,85.0,0.6135,78.0,,,0.5652,71.0,0.4383,56.0,0.4411,66.0,0.6144,91.0,,,0.6272,92.0
2018-12-11,0.4613,74.0,0.5422,88.0,0.5913,75.0,,,0.5104,62.0,0.4388,56.0,0.441,66.0,0.6317,93.0,,,0.6422,94.0
2018-12-10,0.4519,72.0,0.4872,81.0,0.6128,78.0,,,0.7202,89.0,0.4373,55.0,0.4375,65.0,0.6157,91.0,,,0.6312,93.0
2018-12-07,0.4986,79.0,0.5039,83.0,0.852,95.0,,,0.6607,84.0,0.4373,55.0,0.4369,64.0,0.6075,90.0,,,0.6337,93.0
2018-12-06,0.4596,73.0,0.4691,78.0,0.62,79.0,,,0.6656,85.0,0.4404,57.0,0.4367,64.0,0.5959,88.0,,,0.6385,93.0
2018-12-04,0.5006,79.0,0.4534,75.0,0.6158,78.0,,,0.4627,51.0,0.4404,57.0,0.4355,64.0,0.604,90.0,,,0.6194,91.0
2018-12-03,0.4235,67.0,0.4518,75.0,0.5186,63.0,,,0.5359,66.0,0.4333,54.0,0.4321,63.0,0.5961,89.0,,,0.6137,90.0
2018-11-30,0.4724,75.0,0.4564,75.0,0.5654,70.0,,,0.5345,66.0,0.4327,54.0,0.4306,62.0,0.5981,89.0,,,0.6146,91.0
2018-11-29,0.5704,85.0,0.4568,76.0,0.5571,69.0,,,0.5479,68.0,0.4316,53.0,0.4284,62.0,0.6011,89.0,,,0.6139,90.0
2018-11-28,0.7322,93.0,0.5279,87.0,0.5361,66.0,,,0.5644,71.0,0.4319,53.0,0.4284,62.0,0.5959,88.0,,,0.622,92.0
2018-11-27,0.8677,96.0,0.6859,96.0,0.5725,71.0,,,0.5805,73.0,0.4319,53.0,0.427,61.0,0.6049,90.0,,,0.6287,92.0
2018-11-26,0.9113,97.0,0.7982,98.0,0.5884,74.0,,,0.5722,72.0,0.4321,53.0,0.4281,62.0,0.5981,89.0,,,0.6082,90.0
2018-11-23,0.8646,96.0,0.8184,98.0,0.5866,74.0,,,0.5918,75.0,0.4323,53.0,0.4287,62.0,0.6065,90.0,,,0.6268,92.0
2018-11-21,0.8603,96.0,0.7968,98.0,0.5573,69.0,,,0.5624,71.0,0.4292,52.0,0.4268,61.0,0.6002,89.0,,,0.6146,91.0
2018-11-20,0.8066,95.0,0.8324,99.0,0.5985,76.0,,,0.5775,73.0,0.4263,50.0,0.4271,61.0,0.6182,92.0,,,0.617,91.0
2018-11-19,0.7823,94.0,0.8292,99.0,0.5809,72.0,,,0.5626,71.0,0.4981,76.0,0.4453,69.0,0.5947,88.0,,,0.6119,90.0
2018-11-16,0.6535,90.0,0.8125,98.0,0.5606,69.0,,,0.548,68.0,0.4864,74.0,0.4417,67.0,0.5804,86.0,,,0.6095,90.0
2018-11-15,0.4082,64.0,0.691,96.0,2.065,100.0,,,1.8528,100.0,0.4765,72.0,0.4279,62.0,0.6567,95.0,,,0.6379,93.0
2018-11-14,0.32,43.0,0.5691,90.0,2.0815,100.0,,,2.0554,100.0,0.4707,70.0,0.4168,57.0,0.6252,93.0,,,0.6493,94.0
2018-11-13,0.3308,45.0,0.5403,88.0,1.8407,100.0,,,1.6739,100.0,0.4707,70.0,0.4139,57.0,0.6003,89.0,,,0.6098,90.0
2018-11-12,0.2476,24.0,0.52,86.0,1.5607,100.0,,,1.4421,100.0,0.467,69.0,0.4118,57.0,0.5921,88.0,,,0.6056,89.0
2018-11-09,0.2058,15.0,0.4311,70.0,1.3107,100.0,,,1.3548,100.0,0.4671,69.0,0.4086,56.0,0.5656,83.0,,,0.6015,89.0
2018-11-08,0.1707,9.0,0.4007,63.0,1.266,99.0,,,1.2655,100.0,0.4662,68.0,0.4065,55.0,0.5768,85.0,,,0.5802,85.0
2018-11-07,0.3252,44.0,0.362,51.0,1.1473,99.0,,,1.1224,98.0,0.4665,69.0,0.4034,55.0,0.5589,82.0,,,0.5702,83.0
2018-11-06,0.3865,59.0,0.3764,56.0,1.0895,99.0,,,1.125,99.0,0.4665,69.0,0.4012,54.0,0.5473,80.0,,,0.5759,84.0
2018-11-05,0.542,83.0,0.4379,71.0,1.1049,99.0,,,1.0946,98.0,0.4664,69.0,0.4002,53.0,0.5675,84.0,,,0.5708,83.0
2018-11-02,0.5514,84.0,0.456,75.0,0.9339,97.0,,,0.9915,97.0,0.4658,68.0,0.4005,53.0,0.5434,79.0,,,0.5709,83.0
2018-11-01,0.5546,84.0,0.4952,82.0,0.8054,93.0,,,0.8572,94.0,0.4658,68.0,0.4,53.0,0.5476,80.0,,,0.5704,83.0
2018-10-31,0.5516,84.0,0.5125,85.0,0.7355,90.0,,,0.8009,92.0,0.4668,69.0,0.4009,54.0,0.5649,83.0,,,0.5635,81.0
2018-10-30,0.5661,85.0,0.5282,87.0,0.711,89.0,,,0.7963,92.0,0.466,68.0,0.4004,53.0,0.5488,80.0,,,0.5704,83.0
2018-10-29,0.5584,84.0,0.5293,87.0,1.0454,98.0,,,0.9058,96.0,0.4627,67.0,0.3989,52.0,0.5716,84.0,,,0.5679,82.0
2018-10-26,0.5105,80.0,0.4869,81.0,0.94,97.0,,,0.7351,89.0,0.4608,66.0,0.3955,51.0,0.5805,86.0,,,0.5671,82.0
2018-10-25,0.3763,57.0,0.4491,74.0,0.6358,81.0,,,0.7321,89.0,0.4531,62.0,0.3912,49.0,0.532,77.0,,,0.5604,80.0
2018-10-24,0.3295,45.0,0.4383,72.0,0.6984,88.0,,,0.6143,79.0,0.4519,62.0,0.3895,48.0,0.562,82.0,,,0.5379,75.0
2018-10-23,0.3448,49.0,0.4023,63.0,0.5427,67.0,,,0.5674,72.0,0.4525,62.0,0.3871,46.0,0.4957,63.0,,,0.5203,68.0
2018-10-22,0.4271,68.0,0.4085,65.0,0.5964,75.0,,,0.5729,72.0,0.4525,62.0,0.3861,46.0,0.4582,50.0,,,0.4814,56.0
2018-10-19,0.3605,53.0,0.3917,60.0,0.6243,80.0,,,0.5633,71.0,0.4517,62.0,0.3887,47.0,0.4667,53.0,,,0.4862,57.0
2018-10-18,0.3442,48.0,0.3713,54.0,0.6988,88.0,,,0.5868,74.0,0.4501,61.0,0.3873,46.0,0.4843,60.0,,,0.469,50.0
2018-10-17,0.3536,51.0,0.3793,57.0,0.626,80.0,,,0.6014,77.0,0.4494,61.0,0.3872,46.0,0.4693,54.0,,,0.4702,51.0
2018-10-16,0.3359,46.0,0.3528,48.0,0.4664,53.0,,,0.4476,47.0,0.4488,60.0,0.3854,45.0,0.4599,51.0,,,0.4809,55.0
2018-10-15,0.3508,50.0,0.346,45.0,0.4754,54.0,,,0.4678,53.0,0.451,61.0,0.3854,45.0,0.4748,56.0,,,0.4802,55.0
2018-10-12,0.3538,51.0,0.333,40.0,0.4608,51.0,,,0.4626,51.0,0.4507,61.0,0.3847,45.0,0.4688,54.0,,,0.4769,54.0
2018-10-11,0.2405,22.0,0.3108,33.0,0.4766,55.0,,,0.4815,56.0,0.4478,60.0,0.384,45.0,0.4831,59.0,,,0.4914,59.0
2018-10-10,0.3354,46.0,0.3273,38.0,0.4459,47.0,,,0.4416,46.0,0.4479,60.0,0.3847,45.0,0.4698,55.0,,,0.4765,54.0
2018-10-09,0.3276,44.0,0.3375,42.0,0.6818,86.0,,,0.4235,40.0,0.4474,60.0,0.3858,46.0,0.4716,55.0,,,0.4798,55.0
2018-10-08,0.2778,32.0,0.3494,46.0,0.4106,38.0,,,0.403,33.0,0.4462,59.0,0.3853,45.0,0.4705,55.0,,,0.4653,49.0
2018-10-05,0.2797,32.0,0.3453,45.0,0.4758,54.0,,,0.3708,24.0,0.446,59.0,0.3846,45.0,0.4751,57.0,,,0.4653,49.0
2018-10-04,0.2988,37.0,0.3552,48.0,0.6405,81.0,,,0.4153,37.0,0.4464,59.0,0.3844,45.0,0.4623,52.0,,,0.4281,37.0
2018-10-03,0.3179,42.0,0.3613,50.0,0.3889,31.0,,,0.4264,41.0,0.4473,60.0,0.3843,45.0,0.4548,49.0,,,0.4707,51.0
2018-10-02,0.2892,35.0,0.3545,48.0,0.3833,28.0,,,0.4252,41.0,0.449,61.0,0.389,48.0,0.4594,50.0,,,0.4649,49.0
2018-10-01,0.2403,22.0,0.3473,46.0,0.3753,27.0,,,0.4229,40.0,0.4451,59.0,0.3879,47.0,0.4653,53.0,,,0.4671,50.0
2018-09-28,0.3327,46.0,0.3579,49.0,0.4013,35.0,,,0.3613,21.0,0.4447,59.0,0.387,46.0,0.4592,50.0,,,0.4566,46.0
2018-09-27,0.3021,38.0,0.346,45.0,0.3728,26.0,,,0.4157,38.0,0.4503,61.0,0.3919,49.0,0.4605,51.0,,,0.4557,46.0
2018-09-26,0.3011,38.0,0.3361,42.0,0.3845,30.0,,,0.4019,33.0,0.4539,63.0,0.3946,51.0,0.4664,53.0,,,0.465,49.0
2018-09-25,0.2932,36.0,0.337,42.0,0.371,26.0,,,0.396,31.0,0.4536,63.0,0.3992,53.0,0.4705,55.0,,,0.4747,53.0
2018-09-24,0.2636,28.0,0.3279,39.0,0.3797,28.0,,,0.509,61.0,0.4526,62.0,0.3993,53.0,0.4972,64.0,,,0.4984,61.0
2018-09-21,0.2577,27.0,0.3358,41.0,0.3697,25.0,,,0.402,33.0,0.4588,65.0,0.4039,55.0,0.495,63.0,,,0.5057,63.0
2018-09-20,0.2402,22.0,0.3137,34.0,0.379,28.0,,,0.4032,34.0,0.4576,64.0,0.4041,55.0,0.5045,66.0,,,0.5127,65.0
2018-09-19,0.1515,6.0,0.2839,23.0,0.4528,49.0,,,0.4356,44.0,0.458,65.0,0.405,55.0,0.4905,62.0,,,0.5521,79.0
2018-09-18,0.156,7.0,0.2786,21.0,0.4265,42.0,,,0.4018,33.0,0.4584,65.0,0.405,55.0,0.5016,65.0,,,0.5058,63.0
2018-09-17,0.1566,7.0,0.2996,28.0,0.4256,42.0,,,0.4488,47.0,0.4585,65.0,0.4051,55.0,0.5131,70.0,,,0.517,67.0
2018-09-14,0.1556,7.0,0.2632,17.0,0.407,36.0,,,0.4268,41.0,0.4575,64.0,0.4036,55.0,0.4996,64.0,,,0.5137,66.0
2018-09-13,0.1667,8.0,0.2666,18.0,0.4128,38.0,,,0.4157,38.0,0.4585,65.0,0.4037,55.0,0.5044,66.0,,,0.514,66.0
2018-09-12,0.2861,34.0,0.2869,24.0,0.4335,44.0,,,0.4392,45.0,0.4597,65.0,0.4036,55.0,0.5096,68.0,,,0.5172,67.0
2018-09-11,0.376,57.0,0.3343,41.0,0.4413,46.0,,,0.4496,48.0,0.4804,73.0,0.4067,55.0,0.5056,67.0,,,0.5149,66.0
2018-09-10,0.4387,70.0,0.3741,55.0,0.4487,48.0,,,0.4293,42.0,0.4808,73.0,0.4069,55.0,0.5052,67.0,,,0.5142,66.0
2018-09-07,0.8751,96.0,0.4982,83.0,0.4218,41.0,,,0.4412,46.0,0.4809,73.0,0.4073,56.0,0.5007,65.0,,,0.5155,66.0
2018-09-06,0.8923,96.0,0.5299,87.0,0.4487,48.0,,,0.4335,43.0,0.4822,74.0,0.4071,56.0,0.5013,65.0,,,0.5149,66.0
2018-09-05,0.8459,96.0,0.5559,89.0,0.4126,38.0,,,0.4032,34.0,0.4823,74.0,0.4081,56.0,0.4911,62.0,,,0.5089,64.0
2018-09-04,0.9439,97.0,0.5859,91.0,0.4264,42.0,,,0.4331,43.0,0.4828,74.0,0.4089,56.0,0.4862,60.0,,,0.5006,62.0
2018-08-31,0.8277,95.0,0.5795,91.0,0.4191,40.0,,,0.3706,24.0,0.4821,74.0,0.41,56.0,0.4981,64.0,,,0.5065,63.0
2018-08-30,0.8295,95.0,0.5677,90.0,0.3781,28.0,,,0.3679,23.0,0.4814,73.0,0.4081,56.0,0.487,61.0,,,0.4981,61.0
2018-08-29,0.8494,96.0,0.5419,88.0,0.3699,25.0,,,0.4097,35.0,0.4801,73.0,0.4063,55.0,0.4782,57.0,,,0.5103,65.0
2018-08-28,0.5447,83.0,0.4479,74.0,0.8218,94.0,,,0.77,91.0,0.4492,61.0,0.3989,52.0,0.5617,82.0,,,0.5109,65.0
2018-08-27,0.4582,73.0,0.3991,62.0,0.7119,89.0,,,0.6785,86.0,0.4457,59.0,0.3964,52.0,0.4946,63.0,,,0.5056,63.0
2018-08-24,0.4231,67.0,0.3701,54.0,0.6595,84.0,,,0.6447,83.0,0.4435,57.0,0.3961,51.0,0.4765,57.0,,,0.49,59.0
2018-08-23,0.3185,42.0,0.3385,43.0,0.6241,79.0,,,0.6279,81.0,0.4375,55.0,0.3938,50.0,0.4709,55.0,,,0.4835,56.0
2018-08-22,0.3623,53.0,0.3371,42.0,0.6396,81.0,,,0.5753,73.0,0.4385,56.0,0.3938,50.0,0.4593,50.0,,,0.4769,54.0
2018-08-21,0.3582,52.0,0.3125,33.0,0.61,78.0,,,0.6235,80.0,0.4377,56.0,0.3927,50.0,0.4902,62.0,,,0.4808,55.0
2018-08-20,0.3584,52.0,0.431,70.0,0.6112,78.0,,,0.5951,76.0,0.4378,56.0,0.3925,50.0,0.4555,49.0,,,0.51,64.0
2018-08-17,0.315,41.0,0.4187,67.0,0.6032,76.0,,,0.5907,75.0,0.4355,55.0,0.3912,49.0,0.459,50.0,,,0.4735,52.0
2018-08-16,0.3125,41.0,0.4151,66.0,0.5782,72.0,,,0.5815,74.0,0.4353,55.0,0.3923,50.0,0.4619,51.0,,,0.4726,52.0
2018-08-15,0.3243,43.0,0.4102,65.0,0.54,67.0,,,0.5478,68.0,0.4376,56.0,0.3923,50.0,0.4608,51.0,,,0.4856,57.0
2018-08-14,0.2417,22.0,0.3983,62.0,0.5823,73.0,,,0.553,69.0,0.4354,55.0,0.3917,49.0,0.4591,50.0,,,0.4781,54.0
2018-08-13,0.1205,3.0,0.393,60.0,0.6069,77.0,,,0.599,77.0,0.4326,54.0,0.3908,49.0,0.4306,40.0,,,0.4723,52.0
2018-08-10,0.1689,9.0,0.4081,64.0,0.5467,67.0,,,0.6844,86.0,0.4362,55.0,0.3935,50.0,0.456,49.0,,,0.477,54.0
2018-08-09,0.1687,9.0,0.3003,28.0,0.4799,55.0,,,0.4345,44.0,0.4362,55.0,0.3871,46.0,0.4635,52.0,,,0.4757,53.0
2018-08-08,0.166,8.0,0.2788,22.0,0.5437,67.0,,,0.452,48.0,0.4375,55.0,0.388,47.0,0.4565,49.0,,,0.4766,54.0
2018-08-07,0.1661,8.0,0.2879,25.0,0.5354,66.0,,,0.592,75.0,0.4385,56.0,0.3901,48.0,0.4444,45.0,,,0.4737,52.0
2018-08-06,0.1788,11.0,0.3024,30.0,0.3048,6.0,,,0.5008,60.0,0.4393,57.0,0.3911,49.0,0.4614,51.0,,,0.4758,53.0
2018-08-03,0.1755,10.0,0.3181,35.0,0.499,59.0,,,0.5714,72.0,0.4409,57.0,0.392,49.0,0.4622,51.0,,,0.4759,53.0
2018-08-02,0.1646,8.0,0.3158,34.0,0.5233,64.0,,,0.5815,74.0,0.4432,57.0,0.3983,52.0,0.4566,49.0,,,0.4587,47.0
2018-08-01,0.1478,6.0,0.3163,34.0,0.7697,91.0,,,0.6862,86.0,0.4439,57.0,0.3999,53.0,0.4715,55.0,,,0.4767,54.0
2018-07-31,0.2038,15.0,0.3096,32.0,0.5193,63.0,,,0.6407,82.0,0.4442,59.0,0.3999,53.0,0.4583,50.0,,,0.4767,54.0
2018-07-30,0.2672,30.0,0.3527,47.0,0.4152,39.0,,,0.3598,21.0,0.4451,59.0,0.4009,54.0,0.4618,51.0,,,0.471,51.0
2018-07-27,0.3977,62.0,0.4211,67.0,0.6036,76.0,,,0.5119,62.0,0.4457,59.0,0.4016,54.0,0.4637,52.0,,,0.4719,52.0
2018-07-26,0.5474,84.0,0.5293,87.0,0.4156,39.0,,,0.4226,40.0,0.4468,59.0,0.4013,54.0,0.4554,49.0,,,0.4745,53.0
2018-07-25,0.5601,85.0,0.5171,86.0,0.4418,46.0,,,0.4298,42.0,0.4472,60.0,0.4001,53.0,0.4625,52.0,,,0.4745,53.0
2018-07-24,0.5619,85.0,0.5134,85.0,0.435,44.0,,,0.4397,45.0,0.4484,60.0,0.4006,54.0,0.447,46.0,,,0.4709,51.0
2018-07-23,0.5573,84.0,0.5028,83.0,0.453,49.0,,,0.5537,69.0,0.4517,62.0,0.4016,54.0,0.4821,59.0,,,0.4849,57.0
2018-07-20,0.5402,83.0,0.5087,84.0,0.3871,30.0,,,0.4135,37.0,0.452,62.0,0.4041,55.0,0.4599,51.0,,,0.4675,50.0
2018-07-19,0.5113,80.0,0.4846,80.0,0.3964,33.0,,,0.3934,31.0,0.4499,61.0,0.4032,54.0,0.4521,48.0,,,0.4654,49.0
2018-07-18,0.3367,47.0,0.4328,70.0,0.3879,31.0,,,0.3543,19.0,0.4439,57.0,0.4021,54.0,0.4543,49.0,,,0.4625,48.0
2018-07-17,0.1607,8.0,0.268,19.0,0.4489,48.0,,,0.3733,25.0,0.4392,56.0,0.3944,50.0,0.4484,46.0,,,0.4698,51.0
2018-07-16,0.1567,7.0,0.267,18.0,0.3962,33.0,,,0.3808,27.0,0.4389,56.0,0.3942,50.0,0.4505,47.0,,,0.4563,46.0
2018-07-13,0.1295,3.0,0.2957,27.0,0.4018,35.0,,,0.3658,22.0,0.4395,57.0,0.395,51.0,0.4445,45.0,,,0.4519,45.0
2018-07-12,0.1312,3.0,0.2858,24.0,0.4825,56.0,,,0.4534,49.0,0.4411,57.0,0.3977,52.0,0.4556,49.0,,,0.43,38.0
2018-07-11,0.127,3.0,0.3261,38.0,0.3329,14.0,,,0.4905,57.0,0.446,59.0,0.3997,53.0,0.518,72.0,,,0.4351,39.0
2018-07-10,0.2374,21.0,0.3604,50.0,0.3303,13.0,,,0.3565,20.0,0.4465,59.0,0.4002,53.0,0.4301,40.0,,,0.4376,40.0
2018-07-09,0.2636,28.0,0.3471,46.0,0.4444,47.0,,,0.3492,17.0,0.4466,59.0,0.3993,53.0,0.4435,44.0,,,0.4505,44.0
2018-07-06,0.2728,31.0,0.3667,53.0,0.5847,73.0,,,0.4313,43.0,0.4466,59.0,0.3999,53.0,0.4428,44.0,,,0.4477,44.0
2018-07-05,0.2639,28.0,0.3618,51.0,0.3985,34.0,,,0.4509,48.0,0.4466,59.0,0.4005,53.0,0.4185,36.0,,,0.4236,36.0
2018-07-03,0.3233,43.0,0.3478,46.0,0.5123,61.0,,,0.4438,46.0,0.4476,60.0,0.4008,54.0,0.4763,57.0,,,0.4555,46.0
2018-07-02,0.3266,44.0,0.3657,52.0,0.345,18.0,,,0.3656,22.0,0.4489,60.0,0.4061,55.0,0.4345,41.0,,,0.4528,45.0
2018-06-29,0.3205,43.0,0.3175,35.0,0.3537,21.0,,,0.3661,22.0,0.4557,64.0,0.4059,55.0,0.4404,43.0,,,0.4368,40.0
2018-06-28,0.3652,54.0,0.3273,38.0,0.3681,25.0,,,0.3678,23.0,0.4531,62.0,0.4043,55.0,0.4186,37.0,,,0.4385,40.0
2018-06-27,0.3512,50.0,0.3199,36.0,0.3479,19.0,,,0.3476,17.0,0.4525,62.0,0.4049,55.0,0.4279,39.0,,,0.4448,43.0
2018-06-26,0.3564,52.0,0.3037,30.0,0.2975,4.0,,,0.3532,18.0,0.4521,62.0,0.4041,55.0,0.4245,39.0,,,0.4406,41.0
2018-06-25,0.3664,55.0,0.3128,33.0,0.3305,13.0,,,0.3601,21.0,0.4529,62.0,0.4046,55.0,0.424,38.0,,,0.4419,42.0
2018-06-22,0.2976,37.0,0.3107,33.0,0.3024,5.0,,,0.3548,19.0,0.4504,61.0,0.4048,55.0,0.4099,34.0,,,0.4388,40.0
2018-06-21,0.2974,37.0,0.2959,27.0,0.3118,7.0,,,0.3424,15.0,0.4516,62.0,0.4042,55.0,0.4293,39.0,,,0.4335,39.0
2018-06-20,0.4392,70.0,0.3398,43.0,0.3389,16.0,,,0.3943,31.0,0.4515,61.0,0.4043,55.0,0.4198,37.0,,,0.4278,37.0
2018-06-19,0.3326,46.0,0.2975,28.0,0.3404,16.0,,,0.4248,41.0,0.4526,62.0,0.4044,55.0,0.4369,42.0,,,0.4377,40.0
2018-06-18,0.3669,55.0,0.3202,36.0,0.3164,8.0,,,0.3767,25.0,0.4525,62.0,0.4061,55.0,0.4163,36.0,,,0.4453,43.0
2018-06-15,0.3632,54.0,0.3208,36.0,0.3353,15.0,,,0.355,19.0,0.4528,62.0,0.4071,56.0,0.4206,37.0,,,0.436,40.0
2018-06-14,0.3454,49.0,0.3149,34.0,0.3491,19.0,,,0.36,21.0,0.4535,63.0,0.4073,56.0,0.4238,38.0,,,0.4411,42.0
2018-06-13,0.3578,52.0,0.3121,33.0,0.3822,28.0,,,0.3537,19.0,0.4562,64.0,0.409,56.0,0.4233,38.0,,,0.4407,41.0
2018-06-12,0.3989,62.0,0.3188,35.0,0.3344,14.0,,,0.3531,18.0,0.4576,64.0,0.4159,57.0,0.4229,38.0,,,0.4339,39.0
2018-06-11,0.1804,11.0,0.2985,28.0,0.4853,57.0,,,0.3588,20.0,0.4525,62.0,0.4147,57.0,0.3943,30.0,,,0.4301,38.0
2018-06-08,0.3243,43.0,0.3201,36.0,0.3016,5.0,,,0.3715,24.0,0.4529,62.0,0.4151,57.0,0.4176,36.0,,,0.4319,38.0
2018-06-07,0.3341,46.0,0.351,47.0,0.3688,25.0,,,0.3429,15.0,0.4535,63.0,0.4162,57.0,0.4187,37.0,,,0.4363,40.0
2018-06-06,0.3306,45.0,0.3939,61.0,0.3679,25.0,,,0.3509,18.0,0.4533,62.0,0.4166,57.0,0.4198,37.0,,,0.434,39.0
2018-06-05,1.1113,98.0,0.6861,96.0,0.3894,31.0,,,0.3384,14.0,0.4533,62.0,0.4168,57.0,0.4207,37.0,,,0.4287,37.0
2018-06-04,1.1005,98.0,0.696,96.0,0.5279,64.0,,,0.3513,18.0,0.4539,63.0,0.4167,57.0,0.4232,38.0,,,0.4359,40.0
2018-06-01,1.1344,98.0,0.6964,96.0,0.3511,20.0,,,0.3741,25.0,0.4552,63.0,0.42,59.0,0.4169,36.0,,,0.4348,39.0
2018-05-31,1.1623,99.0,0.6843,96.0,0.6517,83.0,,,0.3534,18.0,0.4565,64.0,0.4212,60.0,0.4123,35.0,,,0.45,44.0
2018-05-30,1.1031,98.0,0.6694,95.0,0.3789,28.0,,,0.352,18.0,0.4562,64.0,0.4227,60.0,0.4223,38.0,,,0.4328,38.0
2018-05-29,1.1238,98.0,0.6418,94.0,0.4159,39.0,,,0.3782,26.0,0.4577,65.0,0.4219,60.0,0.4212,37.0,,,0.4517,44.0
2018-05-25,1.1245,98.0,0.6468,95.0,0.3184,9.0,,,0.3419,15.0,0.4567,64.0,0.4206,60.0,0.4134,35.0,,,0.4055,31.0
2018-05-24,0.2538,26.0,0.3192,35.0,0.7272,90.0,,,0.6897,87.0,0.3695,28.0,0.4073,56.0,0.4174,36.0,,,0.4683,50.0
2018-05-23,0.2176,17.0,0.2949,27.0,0.6134,78.0,,,0.6282,81.0,0.3675,28.0,0.4071,56.0,0.4539,49.0,,,0.4615,48.0
2018-05-22,0.2024,14.0,0.2915,26.0,0.5661,70.0,,,0.5554,70.0,0.3675,28.0,0.4081,56.0,0.4603,51.0,,,0.4268,37.0
2018-05-21,0.1676,8.0,0.2898,25.0,0.5832,73.0,,,0.6289,81.0,0.3743,28.0,0.4101,57.0,0.4391,43.0,,,0.4562,46.0
2018-05-18,0.197,13.0,0.3157,34.0,0.5361,66.0,,,0.5453,68.0,0.383,28.0,0.4136,57.0,0.4454,45.0,,,0.463,48.0
2018-05-17,0.1918,13.0,0.3189,35.0,0.5302,65.0,,,0.5176,63.0,0.5329,84.0,0.4359,64.0,0.4395,43.0,,,0.4766,54.0
2018-05-16,0.21,16.0,0.275,20.0,0.4465,47.0,,,0.5347,66.0,0.5364,84.0,0.4375,65.0,0.446,45.0,,,0.4716,51.0
2018-05-15,0.1868,11.0,0.2723,20.0,0.3809,28.0,,,0.4009,33.0,0.5355,84.0,0.4388,65.0,0.4447,45.0,,,0.4747,53.0
2018-05-14,0.1859,11.0,0.2567,15.0,0.4451,47.0,,,0.5496,69.0,0.5353,84.0,0.4395,65.0,0.4423,44.0,,,0.4902,59.0
2018-05-11,0.2155,17.0,0.2459,13.0,0.3589,22.0,,,0.515,63.0,0.5353,84.0,0.4406,66.0,0.4444,45.0,,,0.4924,59.0
2018-05-10,0.2151,17.0,0.2536,15.0,0.3418,17.0,,,0.4786,55.0,0.5354,84.0,0.4413,66.0,0.4437,44.0,,,0.4614,48.0
2018-05-09,0.2052,15.0,0.2302,10.0,0.4834,56.0,,,0.4982,60.0,0.537,84.0,0.443,67.0,0.4369,42.0,,,0.468,50.0
2018-05-08,0.2282,19.0,0.2551,15.0,0.3055,6.0,,,0.4927,57.0,0.5372,84.0,0.4437,68.0,0.4398,43.0,,,0.476,53.0
2018-05-07,0.1273,3.0,0.2366,11.0,0.3653,24.0,,,0.3209,9.0,0.5363,84.0,0.4433,68.0,0.4476,46.0,,,0.4627,48.0
2018-05-04,0.2718,30.0,0.3401,43.0,0.3446,18.0,,,0.3323,13.0,0.5364,84.0,0.4437,68.0,0.4587,50.0,,,0.4778,54.0
2018-05-03,0.2703,30.0,0.346,45.0,0.3429,17.0,,,0.33,12.0,0.5364,84.0,0.446,69.0,0.4576,50.0,,,0.4754,53.0
2018-05-02,0.248,24.0,0.3497,47.0,0.3248,11.0,,,0.3486,17.0,0.537,84.0,0.4514,71.0,0.4556,49.0,,,0.4725,52.0
2018-05-01,0.2491,24.0,0.3494,46.0,0.3242,11.0,,,0.3738,25.0,0.5411,85.0,0.454,72.0,0.4525,48.0,,,0.4784,55.0
2018-04-30,0.3092,40.0,0.3688,53.0,0.3746,27.0,,,0.353,18.0,0.5479,86.0,0.4574,73.0,0.4634,52.0,,,0.4757,53.0
2018-04-27,0.2948,36.0,0.3591,50.0,0.3701,25.0,,,0.3449,16.0,0.5553,87.0,0.4595,74.0,0.4521,48.0,,,0.4712,51.0
2018-04-26,0.3173,42.0,0.373,55.0,0.3658,24.0,,,0.3564,19.0,0.5578,88.0,0.4599,74.0,0.471,55.0,,,0.4787,55.0
2018-04-25,0.2167,17.0,0.3136,33.0,0.3703,26.0,,,0.3817,27.0,0.5558,88.0,0.4572,72.0,0.4739,56.0,,,0.4953,60.0
2018-04-24,0.2453,23.0,0.3411,44.0,0.4001,34.0,,,0.3809,27.0,0.5558,88.0,0.4574,73.0,0.4692,54.0,,,0.487,57.0
2018-04-23,0.2501,25.0,0.3433,44.0,0.403,35.0,,,0.3846,28.0,0.5559,88.0,0.4574,73.0,0.4742,56.0,,,0.4863,57.0
2018-04-20,0.2405,22.0,0.3368,42.0,0.387,30.0,,,0.3981,32.0,0.5561,88.0,0.458,73.0,0.4662,53.0,,,0.4922,59.0
2018-04-19,0.2177,17.0,0.3257,38.0,0.3621,23.0,,,0.3677,23.0,0.5571,88.0,0.4579,73.0,0.4672,54.0,,,0.4769,54.0
2018-04-18,0.2502,25.0,0.3247,37.0,0.4262,42.0,,,0.4259,41.0,0.5585,88.0,0.4582,73.0,0.5052,67.0,,,0.5168,67.0
2018-04-17,0.2866,34.0,0.4057,64.0,0.3643,23.0,,,0.4227,40.0,0.558,88.0,0.4582,73.0,0.5026,66.0,,,0.5164,67.0
2018-04-16,0.2807,32.0,0.3896,59.0,0.4422,46.0,,,0.4167,38.0,0.5585,88.0,0.4585,73.0,0.4995,64.0,,,0.5124,65.0
2018-04-13,0.2683,30.0,0.3613,50.0,0.4074,36.0,,,0.3894,30.0,0.5583,88.0,0.4579,73.0,0.507,67.0,,,0.5065,63.0
2018-04-12,0.3999,62.0,0.4613,76.0,0.3502,20.0,,,0.4312,43.0,0.5583,88.0,0.4578,73.0,0.496,63.0,,,0.5084,64.0
2018-04-11,0.4917,78.0,0.5072,84.0,0.3539,21.0,,,0.4272,42.0,0.5599,89.0,0.4589,73.0,0.4902,62.0,,,0.5098,64.0
2018-04-10,0.4998,79.0,0.5762,90.0,0.4552,50.0,,,0.4574,50.0,0.5603,89.0,0.4586,73.0,0.5105,68.0,,,0.5191,68.0
2018-04-09,0.4771,76.0,0.5822,91.0,0.4888,57.0,,,0.452,48.0,0.5593,89.0,0.4588,73.0,0.5278,75.0,,,0.5186,67.0
2018-04-06,0.5481,84.0,0.5789,91.0,0.4515,49.0,,,0.4303,42.0,0.5586,88.0,0.4553,72.0,0.51,68.0,,,0.5146,66.0
2018-04-05,0.552,84.0,0.5894,92.0,0.3953,33.0,,,0.4738,54.0,0.5586,88.0,0.455,72.0,0.4956,63.0,,,0.5122,65.0
2018-04-04,0.6008,87.0,0.6169,93.0,0.4498,48.0,,,0.4893,57.0,0.5587,89.0,0.4551,72.0,0.507,67.0,,,0.528,71.0
2018-04-03,0.4689,75.0,0.5526,89.0,0.4499,48.0,,,0.4921,57.0,0.5537,87.0,0.45,70.0,0.5102,68.0,,,0.5325,73.0
2018-04-02,0.4326,69.0,0.5122,85.0,0.4449,47.0,,,0.4656,52.0,0.5516,87.0,0.4513,71.0,0.5011,65.0,,,0.522,69.0
2018-03-29,0.4243,67.0,0.4206,67.0,0.4031,35.0,,,0.4344,44.0,0.5513,87.0,0.4465,69.0,0.488,61.0,,,0.5118,65.0
2018-03-28,0.4268,68.0,0.4121,66.0,0.4255,42.0,,,0.4725,54.0,0.5509,87.0,0.4464,69.0,0.4988,64.0,,,0.5262,71.0
2018-03-27,0.309,40.0,0.3294,39.0,0.8222,94.0,,,0.846,94.0,0.5458,86.0,0.4427,67.0,0.5831,86.0,,,0.5838,86.0
2018-03-26,0.6843,91.0,0.3695,54.0,0.7724,92.0,,,0.8072,93.0,0.5479,86.0,0.4427,67.0,0.5509,81.0,,,0.5765,84.0
2018-03-23,0.6892,91.0,0.3278,39.0,0.7106,89.0,,,0.7022,87.0,0.5464,86.0,0.4415,66.0,0.5281,75.0,,,0.5447,77.0
2018-03-22,0.6876,91.0,0.3322,40.0,0.6121,78.0,,,0.6231,80.0,0.5481,86.0,0.4423,67.0,0.5173,71.0,,,0.5261,71.0
2018-03-21,0.694,91.0,0.3446,45.0,0.5879,74.0,,,0.6167,79.0,0.5522,87.0,0.4444,68.0,0.5118,69.0,,,0.5333,74.0
2018-03-20,0.7179,92.0,0.3643,52.0,0.5786,72.0,,,0.6151,79.0,0.5524,87.0,0.4444,68.0,0.5125,69.0,,,0.5375,75.0
2018-03-19,0.6951,91.0,0.3815,57.0,0.5929,75.0,,,0.601,77.0,0.5576,88.0,0.4467,69.0,0.5105,68.0,,,0.5295,72.0
2018-03-16,0.7409,93.0,0.417,67.0,0.548,68.0,,,0.5787,73.0,0.5564,88.0,0.4462,69.0,0.499,64.0,,,0.5239,70.0
2018-03-15,0.438,70.0,0.3618,51.0,0.5969,75.0,,,0.4596,51.0,0.5376,84.0,0.4433,68.0,0.5285,75.0,,,0.5395,76.0
2018-03-14,0.4347,69.0,0.3633,51.0,0.5896,74.0,,,0.5872,74.0,0.5377,84.0,0.4432,67.0,0.5294,76.0,,,0.5217,69.0
2018-03-13,0.4335,69.0,0.3587,50.0,0.5841,73.0,,,0.5641,71.0,0.5379,84.0,0.4436,68.0,0.5141,70.0,,,0.5438,77.0
2018-03-12,0.4134,65.0,0.3572,49.0,0.5804,72.0,,,0.5941,76.0,0.5366,84.0,0.4436,68.0,0.531,76.0,,,0.5444,77.0
2018-03-09,0.4153,65.0,0.3725,55.0,0.548,68.0,,,0.5101,62.0,0.5365,84.0,0.4433,68.0,0.5126,69.0,,,0.5577,80.0
2018-03-08,0.3295,45.0,0.3592,50.0,0.5853,73.0,,,0.5355,66.0,0.5355,84.0,0.4432,67.0,0.5276,75.0,,,0.5417,76.0
2018-03-07,0.2612,28.0,0.3241,37.0,0.5612,70.0,,,0.4682,53.0,0.5334,84.0,0.4419,67.0,0.5228,73.0,,,0.5362,74.0
2018-03-06,0.2798,32.0,0.323,37.0,0.5218,63.0,,,0.5166,63.0,0.5328,84.0,0.4419,67.0,0.5186,72.0,,,0.5438,77.0
2018-03-05,0.284,33.0,0.3145,34.0,0.5237,64.0,,,0.5187,64.0,0.5327,83.0,0.4434,68.0,0.5167,71.0,,,0.5417,76.0
2018-03-02,0.2736,31.0,0.3031,30.0,0.5263,64.0,,,0.5258,65.0,0.5347,84.0,0.4441,68.0,0.5245,74.0,,,0.5474,78.0
2018-03-01,0.1761,10.0,0.3195,35.0,0.4389,45.0,,,0.4701,53.0,0.5371,84.0,0.4481,69.0,0.5097,68.0,,,0.5396,76.0
2018-02-28,0.2518,25.0,0.2887,25.0,0.4702,54.0,,,0.4375,45.0,0.6087,93.0,0.4535,71.0,0.5128,69.0,,,0.525,70.0
2018-02-27,0.2488,24.0,0.2908,26.0,0.4706,54.0,,,0.4538,49.0,0.6107,93.0,0.4579,73.0,0.5047,66.0,,,0.5214,69.0
2018-02-26,0.2377,21.0,0.2705,19.0,0.4443,47.0,,,0.4563,50.0,0.6118,93.0,0.4606,74.0,0.5002,64.0,,,0.5129,66.0
2018-02-23,0.3403,48.0,0.3295,39.0,0.4236,41.0,,,0.4448,47.0,0.6168,94.0,0.4631,75.0,0.5086,68.0,,,0.5306,72.0
2018-02-22,0.3388,47.0,0.3332,41.0,0.448,47.0,,,0.4354,44.0,0.6197,94.0,0.4652,76.0,0.5107,69.0,,,0.528,71.0
2018-02-21,0.37,56.0,0.3631,51.0,0.457,50.0,,,0.4582,50.0,0.6201,94.0,0.4671,76.0,0.5021,65.0,,,0.5172,67.0
2018-02-20,0.3943,61.0,0.3771,56.0,0.4747,54.0,,,0.4614,51.0,0.6205,94.0,0.4663,76.0,0.5167,71.0,,,0.5318,73.0
2018-02-16,0.3663,55.0,0.3908,60.0,0.4387,45.0,,,0.4225,40.0,0.6228,94.0,0.4678,77.0,0.5072,67.0,,,0.5189,68.0
2018-02-15,0.386,59.0,0.404,63.0,0.4156,39.0,,,0.4046,34.0,0.6238,94.0,0.4685,77.0,0.5072,67.0,,,0.5245,70.0
2018-02-14,0.4196,66.0,0.5086,84.0,0.4525,49.0,,,0.4546,49.0,0.6316,95.0,0.471,78.0,0.5166,71.0,,,0.5204,68.0
2018-02-13,0.4076,64.0,0.5064,84.0,0.4891,57.0,,,0.5622,71.0,0.6296,94.0,0.4694,77.0,0.5203,72.0,,,0.548,78.0
2018-02-12,0.4151,65.0,0.5184,86.0,0.4877,57.0,,,0.5402,67.0,0.6302,94.0,0.4701,77.0,0.571,84.0,,,0.5719,83.0
2018-02-09,0.4061,64.0,0.5076,84.0,0.4563,50.0,,,0.614,79.0,0.6293,94.0,0.477,79.0,0.5199,72.0,,,0.5689,82.0
2018-02-08,0.3896,60.0,0.4937,82.0,0.5088,61.0,,,0.4696,53.0,0.6289,94.0,0.4752,79.0,0.5382,78.0,,,0.5344,74.0
2018-02-07,0.4011,63.0,0.4837,80.0,0.5606,69.0,,,0.4412,46.0,0.6281,94.0,0.4746,78.0,0.5234,74.0,,,0.5418,76.0
2018-02-06,0.3308,45.0,0.4635,77.0,0.4822,56.0,,,0.4605,51.0,0.6304,94.0,0.4744,78.0,0.5488,80.0,,,0.5753,84.0
2018-02-05,0.09,1.0,0.3633,51.0,0.6818,86.0,,,0.6189,79.0,0.6287,94.0,0.4692,77.0,0.544,79.0,,,0.5519,79.0
2018-02-02,0.1741,10.0,0.3529,48.0,0.4833,56.0,,,0.4897,57.0,0.6282,94.0,0.4678,77.0,0.5356,77.0,,,0.5514,79.0
2018-02-01,0.1568,7.0,0.394,61.0,0.4888,57.0,,,0.4457,47.0,0.6293,94.0,0.4674,76.0,0.5264,75.0,,,0.5389,75.0
2018-01-31,0.1747,10.0,0.3967,62.0,0.4817,56.0,,,0.4961,59.0,0.6299,94.0,0.4672,76.0,0.5133,70.0,,,0.5363,74.0
2018-01-30,0.3722,56.0,0.4299,69.0,0.4859,57.0,,,0.463,51.0,0.6297,94.0,0.4672,76.0,0.5154,70.0,,,0.5216,69.0
2018-01-29,0.3827,57.0,0.4272,69.0,0.4839,56.0,,,0.4533,49.0,0.6297,94.0,0.4678,77.0,0.5106,69.0,,,0.5323,73.0
2018-01-26,0.3828,57.0,0.4293,69.0,0.4351,44.0,,,0.4513,48.0,0.6294,94.0,0.4679,77.0,0.5074,67.0,,,0.5331,74.0
2018-01-25,0.4125,65.0,0.4292,69.0,0.4355,44.0,,,0.4391,45.0,0.6287,94.0,0.4686,77.0,0.5024,66.0,,,0.5258,71.0
2018-01-24,0.3515,51.0,0.445,73.0,0.4565,50.0,,,0.4489,48.0,0.6268,94.0,0.4681,77.0,0.5105,68.0,,,0.515,66.0
2018-01-23,0.4332,69.0,0.4421,72.0,0.4143,39.0,,,0.4336,43.0,0.627,94.0,0.4671,76.0,0.4989,64.0,,,0.5241,70.0
2018-01-22,0.4497,71.0,0.4377,71.0,0.4148,39.0,,,0.4345,44.0,0.6268,94.0,0.4664,76.0,0.5042,66.0,,,0.5229,69.0
2018-01-19,0.4041,63.0,0.384,57.0,0.46,51.0,,,0.4262,41.0,0.6276,94.0,0.4654,76.0,0.5146,70.0,,,0.5285,72.0
2018-01-18,0.3982,62.0,0.3868,59.0,0.4735,54.0,,,0.4431,46.0,0.6331,95.0,0.4675,76.0,0.5281,75.0,,,0.5242,70.0
2018-01-17,0.4005,62.0,0.4001,62.0,0.4594,51.0,,,0.4732,54.0,0.6334,95.0,0.4681,77.0,0.5235,74.0,,,0.5245,70.0
2018-01-16,0.3581,52.0,0.4122,66.0,0.6084,77.0,,,0.4912,57.0,0.6327,95.0,0.4671,76.0,0.5316,76.0,,,0.5571,80.0
2018-01-12,0.3944,61.0,0.4474,73.0,0.4809,56.0,,,0.4056,34.0,0.6316,95.0,0.4646,75.0,0.4962,63.0,,,0.509,64.0
2018-01-11,0.4349,69.0,0.4417,72.0,0.455,50.0,,,0.5856,74.0,0.6296,94.0,0.463,75.0,0.5165,71.0,,,0.5273,71.0
2018-01-10,0.4145,65.0,0.4345,71.0,0.4769,55.0,,,0.4185,39.0,0.6291,94.0,0.4629,75.0,0.5057,67.0,,,0.5153,66.0
2018-01-09,0.3984,62.0,0.448,74.0,0.4646,52.0,,,0.478,55.0,0.6299,94.0,0.4637,75.0,0.5064,67.0,,,0.4942,60.0
2018-01-08,0.4005,62.0,0.4408,72.0,0.5038,60.0,,,0.4981,60.0,0.6332,95.0,0.4647,75.0,0.5175,71.0,,,0.5296,72.0
2018-01-05,0.4059,63.0,0.4346,71.0,0.4937,57.0,,,0.5035,61.0,0.633,95.0,0.4646,75.0,0.5193,72.0,,,0.5211,69.0
2018-01-04,0.4128,65.0,0.4218,68.0,0.4475,47.0,,,0.5688,72.0,0.6323,95.0,0.4638,75.0,0.4974,64.0,,,0.5234,70.0
2018-01-03,0.3707,56.0,0.3274,39.0,0.4503,48.0,,,0.4789,55.0,0.6356,95.0,0.4611,74.0,0.5148,70.0,,,0.5327,73.0
2018-01-02,0.2086,15.0,0.2795,22.0,0.4202,41.0,,,0.4258,41.0,0.6307,95.0,0.4594,74.0,0.4945,63.0,,,0.5142,66.0
2017-12-29,0.3506,50.0,0.3295,39.0,0.3604,22.0,,,0.4536,49.0,0.6329,95.0,0.4599,74.0,0.4948,63.0,,,0.5148,66.0
2017-12-28,0.3506,50.0,0.3463,45.0,0.4352,44.0,,,0.4108,36.0,0.6337,95.0,0.46,74.0,0.5019,65.0,,,0.5085,64.0
2017-12-27,0.3513,51.0,0.3398,43.0,0.3957,33.0,,,0.4188,39.0,0.6337,95.0,0.4597,74.0,0.5136,70.0,,,0.5309,73.0
2017-12-26,0.3364,46.0,0.3696,54.0,0.3806,28.0,,,0.4359,44.0,0.6334,95.0,0.4616,75.0,0.4923,62.0,,,0.5056,63.0
2017-12-22,0.4393,70.0,0.3965,61.0,0.4065,36.0,,,0.4198,39.0,0.6332,95.0,0.4619,75.0,0.4899,61.0,,,0.5196,68.0
2017-12-21,0.4115,65.0,0.5069,84.0,0.4701,53.0,,,0.4845,57.0,0.6391,96.0,0.4627,75.0,0.5413,78.0,,,0.5369,75.0
2017-12-20,0.4503,72.0,0.5164,85.0,0.3722,26.0,,,0.4165,38.0,0.6391,96.0,0.4626,75.0,0.4914,62.0,,,0.5018,62.0
2017-12-19,0.3832,59.0,0.4947,82.0,0.3783,28.0,,,0.3801,27.0,0.6366,95.0,0.4613,74.0,0.5286,76.0,,,0.5511,79.0
2017-12-18,0.409,64.0,0.499,83.0,0.4218,41.0,,,0.3467,16.0,0.6367,96.0,0.4609,74.0,0.4652,53.0,,,0.4819,56.0
2017-12-15,0.3937,61.0,0.4902,81.0,0.4651,52.0,,,0.4132,36.0,0.6363,95.0,0.4604,74.0,0.4758,57.0,,,0.5169,67.0
2017-12-14,0.3653,54.0,0.4889,81.0,0.647,82.0,,,0.4196,39.0,0.6368,96.0,0.4617,75.0,0.5231,73.0,,,0.4979,61.0
2017-12-13,0.3038,39.0,0.4584,76.0,0.4028,35.0,,,0.4865,57.0,0.6372,96.0,0.4621,75.0,0.5044,66.0,,,0.5265,71.0
2017-12-12,0.3079,40.0,0.4039,63.0,0.4058,36.0,,,0.443,46.0,0.6366,95.0,0.457,72.0,0.5162,71.0,,,0.5162,66.0
2017-12-11,0.3266,44.0,0.4309,70.0,0.4219,41.0,,,0.4356,44.0,0.636,95.0,0.4562,72.0,0.4977,64.0,,,0.5217,69.0
2017-12-08,0.3585,53.0,0.463,77.0,0.4122,38.0,,,0.4637,52.0,0.6357,95.0,0.4558,72.0,0.4695,54.0,,,0.513,66.0
2017-12-07,0.3996,62.0,0.4553,75.0,0.4491,48.0,,,0.3465,16.0,0.6349,95.0,0.4549,72.0,0.4666,53.0,,,0.4956,60.0
2017-12-06,0.3975,62.0,0.4638,77.0,0.3967,33.0,,,0.4774,55.0,0.6353,95.0,0.4553,72.0,0.5207,73.0,,,0.5218,69.0
2017-12-05,0.3871,59.0,0.5764,91.0,0.4249,42.0,,,0.3955,31.0,0.6352,95.0,0.4551,72.0,0.4949,63.0,,,0.5426,77.0
2017-12-04,0.3846,59.0,0.5862,91.0,0.5228,63.0,,,0.4863,57.0,0.6348,95.0,0.456,72.0,0.5216,73.0,,,0.5277,71.0
2017-12-01,0.3559,52.0,0.5572,89.0,0.491,57.0,,,0.4265,41.0,0.6329,95.0,0.4527,71.0,0.502,65.0,,,0.5175,67.0
2017-11-30,0.4391,70.0,0.5509,89.0,0.5239,64.0,,,0.417,38.0,0.6316,95.0,0.4503,70.0,0.5216,73.0,,,0.5222,69.0
2017-11-29,0.544,83.0,0.5596,89.0,0.4591,51.0,,,0.4851,57.0,0.6316,95.0,0.4483,69.0,0.5078,68.0,,,0.5113,65.0
2017-11-28,1.6394,100.0,0.7911,98.0,0.4518,49.0,,,0.4654,52.0,0.6304,94.0,0.4484,69.0,0.4905,62.0,,,0.5045,63.0
2017-11-27,1.6263,100.0,0.8215,98.0,0.5016,60.0,,,0.4309,42.0,0.6306,95.0,0.4491,70.0,0.485,60.0,,,0.4835,56.0
2017-11-24,1.6189,100.0,0.7567,97.0,0.4844,57.0,,,0.3875,28.0,0.6305,95.0,0.4424,67.0,0.5048,67.0,,,0.505,63.0
2017-11-22,1.5986,100.0,0.7565,97.0,0.4182,40.0,,,0.4643,52.0,0.6303,94.0,0.4431,67.0,0.5339,77.0,,,0.5195,68.0
2017-11-21,1.5965,100.0,0.7567,97.0,0.4817,56.0,,,0.4155,37.0,0.6323,95.0,0.4434,68.0,0.4805,57.0,,,0.5026,62.0
2017-11-20,1.4791,100.0,0.7452,97.0,0.4257,42.0,,,0.3555,19.0,0.6337,95.0,0.4451,68.0,0.4681,54.0,,,0.5013,62.0
2017-11-17,1.4841,100.0,0.7394,97.0,0.4106,38.0,,,0.4249,41.0,0.6459,96.0,0.4676,76.0,0.5111,69.0,,,0.5103,65.0
2017-11-16,0.2872,34.0,0.4719,78.0,1.595,100.0,,,1.5387,100.0,0.5306,83.0,0.4475,69.0,0.563,82.0,,,0.6072,89.0
2017-11-15,0.2161,17.0,0.4081,64.0,1.2438,99.0,,,1.1728,99.0,0.5292,83.0,0.445,68.0,0.5631,82.0,,,0.6,88.0
2017-11-14,0.2055,15.0,0.3899,60.0,1.02,98.0,,,1.2593,99.0,0.5301,83.0,0.4443,68.0,0.5673,84.0,,,0.5768,84.0
2017-11-13,0.2182,17.0,0.4109,65.0,0.9794,97.0,,,0.9982,97.0,0.5307,83.0,0.4441,68.0,0.5021,65.0,,,0.5553,80.0
2017-11-10,0.2451,23.0,0.4821,80.0,0.8754,96.0,,,0.8431,94.0,0.5306,83.0,0.4429,67.0,0.5542,81.0,,,0.5923,87.0
2017-11-09,0.4148,65.0,0.5154,85.0,0.802,93.0,,,0.7759,91.0,0.5334,84.0,0.4432,67.0,0.5547,81.0,,,0.5821,85.0
2017-11-08,0.4937,78.0,0.5311,87.0,0.8867,96.0,,,0.8697,95.0,0.5327,83.0,0.441,66.0,0.5382,78.0,,,0.5456,78.0
2017-11-07,0.5576,84.0,0.5638,90.0,0.5635,70.0,,,0.7654,91.0,0.5328,84.0,0.4403,66.0,0.5315,76.0,,,0.5702,83.0
2017-11-06,0.5577,84.0,0.5674,90.0,0.9549,97.0,,,0.9835,97.0,0.5376,84.0,0.4417,67.0,0.5448,79.0,,,0.5726,83.0
2017-11-03,0.571,85.0,0.5743,90.0,0.8625,95.0,,,0.8134,93.0,0.542,85.0,0.4434,68.0,0.5834,86.0,,,0.5733,83.0
2017-11-02,0.5746,85.0,0.5488,88.0,0.6858,87.0,,,0.6117,79.0,0.5422,85.0,0.4417,67.0,0.536,77.0,,,0.5995,88.0
2017-11-01,0.5067,80.0,0.4671,77.0,0.4623,52.0,,,0.5916,75.0,0.5407,85.0,0.4363,64.0,0.5797,86.0,,,0.5773,84.0
2017-10-31,0.5369,83.0,0.4322,70.0,0.5792,72.0,,,0.5456,68.0,0.54,85.0,0.4343,64.0,0.5401,78.0,,,0.5031,62.0
2017-10-30,0.5429,83.0,0.3796,57.0,0.4402,46.0,,,0.4431,46.0,0.5357,84.0,0.4313,63.0,0.5165,71.0,,,0.5171,67.0
2017-10-27,0.4051,63.0,0.3295,39.0,0.4095,37.0,,,0.4031,33.0,0.5281,83.0,0.4291,62.0,0.4817,59.0,,,0.5106,65.0
2017-10-26,0.3175,42.0,0.3325,40.0,0.3844,30.0,,,0.3829,28.0,0.5561,88.0,0.4387,65.0,0.4947,63.0,,,0.5039,62.0
2017-10-25,0.324,43.0,0.3474,46.0,0.4068,36.0,,,0.462,51.0,0.5559,88.0,0.4379,65.0,0.493,62.0,,,0.5225,69.0
2017-10-24,0.3209,43.0,0.3534,48.0,0.433,44.0,,,0.4084,35.0,0.5562,88.0,0.4377,65.0,0.4868,61.0,,,0.4842,57.0
2017-10-23,0.3428,48.0,0.3533,48.0,0.4969,59.0,,,0.4088,35.0,0.5562,88.0,0.4378,65.0,0.5032,66.0,,,0.4763,53.0
2017-10-20,0.3924,60.0,0.3579,49.0,0.4402,46.0,,,0.4535,49.0,0.5563,88.0,0.4369,64.0,0.4722,55.0,,,0.4897,57.0
2017-10-19,0.3055,39.0,0.3416,44.0,0.4791,55.0,,,0.4541,49.0,0.5546,87.0,0.4369,64.0,0.502,65.0,,,0.4891,57.0
2017-10-18,0.2741,31.0,0.339,43.0,0.4957,59.0,,,0.4523,49.0,0.5532,87.0,0.4369,64.0,0.4615,51.0,,,0.4592,47.0
2017-10-17,0.2785,32.0,0.3442,45.0,0.4808,55.0,,,0.4426,46.0,0.5533,87.0,0.4364,64.0,0.4875,61.0,,,0.4791,55.0
2017-10-16,0.2267,19.0,0.3083,32.0,0.4844,57.0,,,0.4521,48.0,0.5526,87.0,0.4348,64.0,0.4802,57.0,,,0.486,57.0
2017-10-13,0.2139,16.0,0.291,26.0,0.4617,52.0,,,0.4404,45.0,0.5549,87.0,0.4347,64.0,0.4752,57.0,,,0.4882,57.0
2017-10-12,0.2169,17.0,0.2957,27.0,0.477,55.0,,,0.4126,36.0,0.5552,87.0,0.4346,64.0,0.4545,49.0,,,0.4776,54.0
2017-10-11,0.1833,11.0,0.3676,53.0,0.4068,36.0,,,0.5396,67.0,0.5542,87.0,0.4336,63.0,0.4634,52.0,,,0.4948,60.0
2017-10-10,0.1979,14.0,0.3714,54.0,0.4599,51.0,,,0.4825,56.0,0.5533,87.0,0.4333,63.0,0.4792,57.0,,,0.4625,48.0
2017-10-09,0.212,16.0,0.3736,55.0,0.4816,56.0,,,0.4525,49.0,0.5543,87.0,0.4331,63.0,0.4914,62.0,,,0.4719,52.0
2017-10-06,0.199,14.0,0.3675,53.0,0.4133,38.0,,,0.4175,38.0,0.5543,87.0,0.4321,63.0,0.4704,55.0,,,0.4734,52.0
2017-10-05,0.2977,37.0,0.3882,59.0,0.4331,44.0,,,0.4146,37.0,0.5549,87.0,0.4323,63.0,0.4711,55.0,,,0.4852,57.0
2017-10-04,0.3038,39.0,0.4072,64.0,0.4123,38.0,,,0.42,39.0,0.5555,88.0,0.4335,63.0,0.4722,55.0,,,0.4822,56.0
2017-10-03,0.3316,45.0,0.4278,69.0,0.4082,37.0,,,0.4303,42.0,0.5594,89.0,0.4374,65.0,0.4696,55.0,,,0.501,62.0
2017-10-02,0.3611,53.0,0.3894,59.0,0.3842,30.0,,,0.4359,44.0,0.5591,89.0,0.4334,63.0,0.4602,51.0,,,0.4831,56.0
2017-09-29,0.3931,60.0,0.3805,57.0,0.4206,41.0,,,0.4247,41.0,0.5587,89.0,0.4336,63.0,0.461,51.0,,,0.4777,54.0
2017-09-28,0.4704,75.0,0.4187,67.0,0.3162,8.0,,,0.4036,34.0,0.559,89.0,0.4331,63.0,0.4669,54.0,,,0.47,51.0
2017-09-27,0.4664,74.0,0.4038,63.0,0.3906,31.0,,,0.4415,46.0,0.5589,89.0,0.4327,63.0,0.4569,49.0,,,0.4574,46.0
2017-09-26,0.4723,75.0,0.3823,57.0,0.4116,38.0,,,0.4726,54.0,0.5566,88.0,0.4319,63.0,0.4479,46.0,,,0.4749,53.0
2017-09-25,0.4399,70.0,0.3656,52.0,0.3865,30.0,,,0.5024,60.0,0.5567,88.0,0.4322,63.0,0.4524,48.0,,,0.4701,51.0
2017-09-22,0.4652,74.0,0.3614,50.0,0.4273,43.0,,,0.4925,57.0,0.5561,88.0,0.4315,63.0,0.4531,48.0,,,0.4794,55.0
2017-09-21,0.3984,62.0,0.3277,39.0,0.4782,55.0,,,0.4772,55.0,0.5515,87.0,0.4298,62.0,0.4746,56.0,,,0.4729,52.0
2017-09-20,0.3829,57.0,0.3388,43.0,0.436,45.0,,,0.4837,56.0,0.5518,87.0,0.4313,63.0,0.4594,50.0,,,0.4895,57.0
2017-09-19,0.2273,19.0,0.2991,28.0,0.4258,42.0,,,0.4513,48.0,0.5472,86.0,0.4381,65.0,0.4528,48.0,,,0.4791,55.0
2017-09-18,0.2908,35.0,0.3259,38.0,0.3581,22.0,,,0.5208,64.0,0.5471,86.0,0.4386,65.0,0.4641,53.0,,,0.4777,54.0
2017-09-15,0.2886,35.0,0.3312,40.0,0.3399,16.0,,,0.5165,63.0,0.5471,86.0,0.4391,65.0,0.4574,50.0,,,0.5164,67.0
2017-09-14,0.2804,32.0,0.3665,53.0,0.4787,55.0,,,0.4523,49.0,0.5468,86.0,0.4394,65.0,0.469,54.0,,,0.488,57.0
2017-09-13,0.3435,48.0,0.3694,54.0,0.4264,42.0,,,0.4123,36.0,0.5509,87.0,0.4397,66.0,0.4666,53.0,,,0.4784,55.0
2017-09-12,0.424,67.0,0.4456,73.0,0.4621,52.0,,,0.5037,61.0,0.5506,87.0,0.439,65.0,0.4859,60.0,,,0.4796,55.0
2017-09-11,1.3476,99.0,0.5493,88.0,0.5649,70.0,,,0.4768,55.0,0.55,87.0,0.4388,65.0,0.4858,60.0,,,0.4965,61.0
2017-09-08,1.3548,99.0,0.6029,93.0,0.4757,54.0,,,0.4979,59.0,0.5496,87.0,0.4381,65.0,0.4856,60.0,,,0.5077,64.0
2017-09-07,1.3613,99.0,0.6356,94.0,0.4928,57.0,,,0.4598,51.0,0.5486,86.0,0.4369,64.0,0.4752,57.0,,,0.4959,60.0
2017-09-06,1.4292,99.0,0.6664,95.0,0.4327,44.0,,,0.456,50.0,0.5487,86.0,0.4366,64.0,0.4811,59.0,,,0.4895,57.0
2017-09-05,1.4398,100.0,0.6706,95.0,0.4815,56.0,,,0.4156,37.0,0.5497,87.0,0.4365,64.0,0.4789,57.0,,,0.5186,67.0
2017-09-01,1.3978,99.0,0.6809,96.0,0.4359,44.0,,,0.5098,62.0,0.5485,86.0,0.4356,64.0,0.4751,57.0,,,0.5062,63.0
2017-08-31,1.3334,99.0,0.6295,94.0,0.4826,56.0,,,0.4391,45.0,0.5448,86.0,0.4306,62.0,0.4473,46.0,,,0.4834,56.0
2017-08-30,0.6516,90.0,0.562,90.0,0.857,95.0,,,0.8663,95.0,0.4591,65.0,0.4231,61.0,0.4504,47.0,,,0.5038,62.0
2017-08-29,0.6341,89.0,0.5093,84.0,0.6839,86.0,,,0.6324,81.0,0.455,63.0,0.4181,59.0,0.4425,44.0,,,0.4903,59.0
2017-08-28,0.735,93.0,0.4949,82.0,0.5155,62.0,,,0.6578,84.0,0.4542,63.0,0.415,57.0,0.4572,50.0,,,0.468,50.0
2017-08-25,0.6656,90.0,0.4602,76.0,0.6665,85.0,,,0.5791,73.0,0.4498,61.0,0.4127,57.0,0.4548,49.0,,,0.4498,44.0
2017-08-24,0.6127,88.0,0.4385,72.0,0.5129,62.0,,,0.5393,67.0,0.4447,59.0,0.4118,57.0,0.4377,42.0,,,0.4664,50.0
2017-08-23,0.5959,87.0,0.5454,88.0,0.5673,71.0,,,0.5648,71.0,0.4437,57.0,0.4094,56.0,0.4439,44.0,,,0.4539,45.0
2017-08-22,0.5949,87.0,0.5399,88.0,0.6242,79.0,,,0.6097,78.0,0.4435,57.0,0.409,56.0,0.4235,38.0,,,0.4384,40.0
2017-08-21,0.4535,72.0,0.5161,85.0,0.5826,73.0,,,0.4877,57.0,0.4375,55.0,0.4098,56.0,0.5168,71.0,,,0.4338,39.0
2017-08-18,0.491,78.0,0.512,84.0,0.5764,72.0,,,0.5358,66.0,0.4394,57.0,0.4098,56.0,0.446,45.0,,,0.4422,42.0
2017-08-17,0.3406,48.0,0.4784,79.0,0.5934,75.0,,,0.5665,71.0,0.4303,52.0,0.4069,55.0,0.4333,41.0,,,0.4471,43.0
2017-08-16,0.3413,48.0,0.4808,79.0,0.5372,66.0,,,0.5947,76.0,0.4359,55.0,0.4072,56.0,0.4163,36.0,,,0.4153,33.0
2017-08-15,0.3038,39.0,0.4745,78.0,0.5696,71.0,,,0.5599,70.0,0.4346,54.0,0.4069,55.0,0.419,37.0,,,0.4539,45.0
2017-08-14,0.3845,59.0,0.307,31.0,0.5437,67.0,,,0.5519,69.0,0.4358,55.0,0.3985,52.0,0.405,33.0,,,0.4517,44.0
2017-08-11,0.3843,59.0,0.331,40.0,0.5386,66.0,,,0.5792,73.0,0.4359,55.0,0.399,53.0,0.4878,61.0,,,0.5197,68.0
2017-08-10,0.3822,57.0,0.3465,45.0,0.5043,60.0,,,0.5994,77.0,0.4357,55.0,0.3985,52.0,0.4426,44.0,,,0.4547,45.0
2017-08-09,0.3151,41.0,0.3251,38.0,0.5112,61.0,,,0.5572,70.0,0.434,54.0,0.4001,53.0,0.4377,42.0,,,0.4854,57.0
2017-08-08,0.3042,39.0,0.3494,46.0,0.5236,64.0,,,0.5243,64.0,0.4356,55.0,0.4005,53.0,0.431,40.0,,,0.4136,33.0
2017-08-07,0.3177,42.0,0.3584,49.0,0.4918,57.0,,,0.4888,57.0,0.4373,55.0,0.4003,53.0,0.4185,36.0,,,0.3925,27.0
2017-08-04,0.3587,53.0,0.3873,59.0,0.4963,59.0,,,0.4139,37.0,0.4377,56.0,0.4004,53.0,0.4186,37.0,,,0.4175,34.0
2017-08-03,0.2891,35.0,0.3792,57.0,0.4709,54.0,,,0.4157,38.0,0.4353,55.0,0.3997,53.0,0.4175,36.0,,,0.424,36.0
2017-08-02,0.4013,63.0,0.3939,61.0,0.5023,60.0,,,0.4043,34.0,0.4353,55.0,0.3988,52.0,0.4193,37.0,,,0.4468,43.0
2017-08-01,0.5111,80.0,0.4214,67.0,0.4041,35.0,,,0.4506,48.0,0.4341,54.0,0.3981,52.0,0.394,30.0,,,0.4402,41.0
2017-07-31,0.5137,80.0,0.4334,70.0,0.3575,22.0,,,0.449,48.0,0.4341,54.0,0.3981,52.0,0.3949,30.0,,,0.3946,28.0
2017-07-28,0.5135,80.0,0.4002,62.0,0.4202,41.0,,,0.3786,26.0,0.4341,54.0,0.3962,52.0,0.3943,30.0,,,0.4336,39.0
2017-07-27,0.4957,78.0,0.3761,56.0,0.3016,5.0,,,0.5132,62.0,0.4344,54.0,0.3961,51.0,0.3757,25.0,,,0.4311,38.0
2017-07-26,0.4768,76.0,0.3573,49.0,0.4687,53.0,,,0.4197,39.0,0.4323,53.0,0.3947,51.0,0.3842,27.0,,,0.4393,41.0
2017-07-25,0.4896,78.0,0.3656,52.0,0.4355,44.0,,,0.4376,45.0,0.4323,53.0,0.3944,50.0,0.4239,38.0,,,0.4294,37.0
2017-07-24,0.3654,54.0,0.3455,45.0,0.5007,59.0,,,0.4582,50.0,0.4284,52.0,0.3925,50.0,0.4703,55.0,,,0.4496,44.0
2017-07-21,0.4027,63.0,0.3209,36.0,0.4157,39.0,,,0.3869,28.0,0.4225,48.0,0.3896,48.0,0.4394,43.0,,,0.4546,45.0
2017-07-20,0.3962,61.0,0.3194,35.0,0.4139,38.0,,,0.3691,23.0,0.4234,49.0,0.3888,47.0,0.4343,41.0,,,0.4542,45.0
2017-07-19,0.3969,61.0,0.3379,42.0,0.4013,35.0,,,0.3931,31.0,0.4236,49.0,0.3888,47.0,0.4307,40.0,,,0.4458,43.0
2017-07-18,0.4971,78.0,0.3762,56.0,0.3761,27.0,,,0.4241,40.0,0.4243,49.0,0.3888,47.0,0.431,40.0,,,0.4417,42.0
2017-07-17,0.4702,75.0,0.3681,53.0,0.4384,45.0,,,0.4189,39.0,0.4243,49.0,0.3883,47.0,0.4187,37.0,,,0.4388,40.0
2017-07-14,0.5005,79.0,0.3738,55.0,0.4084,37.0,,,0.3719,24.0,0.4244,49.0,0.3885,47.0,0.4228,38.0,,,0.429,37.0
2017-07-13,0.4971,78.0,0.374,55.0,0.3649,24.0,,,0.4187,39.0,0.4234,49.0,0.3887,47.0,0.3967,30.0,,,0.4438,42.0
2017-07-12,0.3177,42.0,0.3735,55.0,0.4009,34.0,,,0.3688,23.0,0.4184,45.0,0.3871,46.0,0.4289,39.0,,,0.4369,40.0
2017-07-11,0.324,43.0,0.3744,55.0,0.4405,46.0,,,0.4038,34.0,0.4193,46.0,0.3875,46.0,0.4269,39.0,,,0.4309,38.0
2017-07-10,0.3117,41.0,0.3839,57.0,0.6079,77.0,,,0.3973,32.0,0.4202,47.0,0.3885,47.0,0.4515,47.0,,,0.4545,45.0
2017-07-07,0.5154,80.0,0.3652,52.0,0.4102,37.0,,,0.3875,28.0,0.4233,49.0,0.3875,46.0,0.432,41.0,,,0.4288,37.0
2017-07-06,0.5168,81.0,0.3629,51.0,0.488,57.0,,,0.3706,24.0,0.4235,49.0,0.3872,46.0,0.4319,41.0,,,0.4183,34.0
2017-07-05,0.4502,71.0,0.3623,51.0,0.3604,22.0,,,0.3909,30.0,0.4247,50.0,0.3874,46.0,0.4089,34.0,,,0.4187,34.0
2017-07-03,0.4033,63.0,0.3675,53.0,0.3846,30.0,,,0.3929,31.0,0.431,53.0,0.3887,47.0,0.4283,39.0,,,0.4052,31.0
2017-06-30,0.3641,54.0,0.349,46.0,0.3449,18.0,,,0.3812,27.0,0.4331,54.0,0.3888,47.0,0.4059,33.0,,,0.4243,36.0
2017-06-29,0.4362,69.0,0.3715,54.0,0.3068,6.0,,,0.3788,26.0,0.4334,54.0,0.3883,47.0,0.3941,30.0,,,0.4214,35.0
2017-06-28,0.5393,83.0,0.3997,62.0,0.3772,28.0,,,0.341,15.0,0.4335,54.0,0.3874,46.0,0.3989,31.0,,,0.4168,34.0
2017-06-27,0.3524,51.0,0.4056,63.0,0.3547,21.0,,,0.3865,28.0,0.422,48.0,0.387,46.0,0.3927,28.0,,,0.4132,33.0
2017-06-26,0.3433,48.0,0.4026,63.0,0.4139,38.0,,,0.3847,28.0,0.4218,48.0,0.391,49.0,0.4043,32.0,,,0.4137,33.0
2017-06-23,0.2989,38.0,0.3943,61.0,0.3283,12.0,,,0.4322,43.0,0.4207,47.0,0.3902,48.0,0.3981,31.0,,,0.4292,37.0
2017-06-22,0.2842,33.0,0.3885,59.0,0.3509,20.0,,,0.3959,31.0,0.4205,47.0,0.3893,48.0,0.4053,33.0,,,0.4339,39.0
2017-06-21,0.2289,19.0,0.3952,61.0,0.3912,31.0,,,0.4125,36.0,0.4271,51.0,0.392,49.0,0.4233,38.0,,,0.4352,39.0
2017-06-20,0.235,21.0,0.3633,51.0,0.3597,22.0,,,0.3911,30.0,0.427,51.0,0.3901,48.0,0.3998,31.0,,,0.4312,38.0
2017-06-19,0.154,7.0,0.3351,41.0,0.3493,19.0,,,0.3733,25.0,0.427,51.0,0.3878,47.0,0.415,35.0,,,0.4178,34.0
2017-06-16,0.1302,3.0,0.3076,31.0,0.3435,17.0,,,0.3937,31.0,0.4267,51.0,0.3867,46.0,0.3852,27.0,,,0.4015,28.0
2017-06-15,0.1296,3.0,0.3015,28.0,0.3546,21.0,,,0.3713,24.0,0.4267,51.0,0.3886,47.0,0.3969,31.0,,,0.432,38.0
2017-06-14,0.24,22.0,0.3064,31.0,0.3933,32.0,,,0.5738,72.0,0.4272,51.0,0.3909,49.0,0.4001,31.0,,,0.4433,42.0
2017-06-13,0.2423,22.0,0.3224,37.0,0.3504,20.0,,,0.4337,43.0,0.4273,51.0,0.3899,48.0,0.4123,35.0,,,0.4272,37.0
2017-06-12,0.2576,27.0,0.341,43.0,0.3771,28.0,,,0.4002,33.0,0.4269,51.0,0.3896,48.0,0.4006,31.0,,,0.4292,37.0
2017-06-09,0.2634,28.0,0.3593,50.0,0.3681,25.0,,,0.4674,53.0,0.4279,51.0,0.3898,48.0,0.4108,34.0,,,0.4284,37.0
2017-06-08,0.2616,28.0,0.3699,54.0,0.3841,30.0,,,0.3831,28.0,0.4281,51.0,0.3887,47.0,0.4137,35.0,,,0.4134,33.0
2017-06-07,0.3488,50.0,0.4022,63.0,0.3718,26.0,,,0.4008,33.0,0.4291,52.0,0.3895,48.0,0.405,33.0,,,0.4154,33.0
2017-06-06,0.5119,80.0,0.4691,78.0,0.3917,32.0,,,0.3949,31.0,0.4296,52.0,0.3898,48.0,0.4087,34.0,,,0.4156,33.0
2017-06-05,0.7944,94.0,0.7919,98.0,0.3653,24.0,,,0.4708,54.0,0.4295,52.0,0.3898,48.0,0.404,32.0,,,0.4261,36.0
2017-06-02,0.7968,94.0,0.7825,98.0,0.4549,50.0,,,0.3682,23.0,0.4322,53.0,0.3888,47.0,0.388,28.0,,,0.4031,30.0
2017-06-01,0.8595,96.0,0.7813,98.0,0.3819,28.0,,,0.377,26.0,0.4322,53.0,0.3873,46.0,0.4107,34.0,,,0.4255,36.0
2017-05-31,0.8755,96.0,0.7769,98.0,0.3715,26.0,,,0.4942,59.0,0.4398,57.0,0.3904,48.0,0.3977,31.0,,,0.4393,41.0
2017-05-30,0.8826,96.0,0.7674,98.0,0.3831,28.0,,,0.4316,43.0,0.4395,57.0,0.39,48.0,0.3974,31.0,,,0.4346,39.0
2017-05-26,0.8417,95.0,0.7519,97.0,0.483,56.0,,,0.3298,12.0,0.4817,74.0,0.3912,49.0,0.4313,40.0,,,0.4257,36.0
2017-05-25,0.7988,94.0,0.7249,97.0,0.4145,39.0,,,0.4744,54.0,0.4778,72.0,0.389,48.0,0.3956,30.0,,,0.4371,40.0
2017-05-24,0.2331,20.0,0.3436,44.0,0.6235,79.0,,,0.6399,82.0,0.4516,62.0,0.3574,35.0,0.4402,43.0,,,0.4408,41.0
2017-05-23,0.3222,43.0,0.3301,40.0,0.6116,78.0,,,0.5457,68.0,0.4535,63.0,0.3572,35.0,0.4288,39.0,,,0.4472,43.0
2017-05-22,0.3621,53.0,0.3385,43.0,0.561,70.0,,,0.5401,67.0,0.4567,64.0,0.3582,36.0,0.4363,42.0,,,0.4487,44.0
2017-05-19,0.4045,63.0,0.3715,54.0,0.529,65.0,,,0.5298,65.0,0.4562,64.0,0.3585,36.0,0.4101,34.0,,,0.4438,42.0
2017-05-18,0.452,72.0,0.361,50.0,0.5221,63.0,,,0.5542,69.0,0.4556,64.0,0.3606,37.0,0.4161,35.0,,,0.4566,46.0
2017-05-17,0.4676,74.0,0.3588,50.0,0.5636,70.0,,,0.4976,59.0,0.4574,64.0,0.3628,38.0,0.4239,38.0,,,0.428,37.0
2017-05-16,0.5505,84.0,0.3585,49.0,0.5255,64.0,,,0.5119,62.0,0.4553,63.0,0.3616,37.0,0.4227,38.0,,,0.433,38.0
2017-05-15,0.5746,85.0,0.3633,51.0,0.4616,52.0,,,0.512,62.0,0.4538,63.0,0.3623,38.0,0.4068,33.0,,,0.4322,38.0
2017-05-12,0.5663,85.0,0.3805,57.0,0.5086,61.0,,,0.493,59.0,0.4533,62.0,0.3683,39.0,0.4547,49.0,,,0.3908,27.0
2017-05-11,0.9096,97.0,0.5237,86.0,0.4378,45.0,,,0.4785,55.0,0.4514,61.0,0.3898,48.0,0.3996,31.0,,,0.3971,28.0
2017-05-10,0.8804,96.0,0.493,82.0,0.4181,40.0,,,0.4699,53.0,0.4496,61.0,0.3904,48.0,0.3885,28.0,,,0.4107,32.0
2017-05-09,0.8754,96.0,0.4891,81.0,0.3394,16.0,,,0.465,52.0,0.456,64.0,0.3955,51.0,0.3901,28.0,,,0.4163,34.0
2017-05-08,0.8671,96.0,0.4913,82.0,0.2984,4.0,,,0.4982,60.0,0.4561,64.0,0.3958,51.0,0.3862,27.0,,,0.4212,35.0
2017-05-05,0.8018,95.0,0.4757,79.0,0.4402,46.0,,,0.4584,50.0,0.4558,64.0,0.3955,51.0,0.3849,27.0,,,0.413,33.0
2017-05-04,0.7825,94.0,0.4803,79.0,0.4428,46.0,,,0.4636,51.0,0.4536,63.0,0.3947,51.0,0.3868,28.0,,,0.4134,33.0
2017-05-03,0.7905,94.0,0.4775,79.0,0.7315,90.0,,,0.4386,45.0,0.4541,63.0,0.3944,50.0,0.4432,44.0,,,0.4066,31.0
2017-05-02,0.2312,20.0,0.2757,21.0,0.3799,28.0,,,0.4742,54.0,0.4171,44.0,0.3838,45.0,0.3809,26.0,,,0.3961,28.0
2017-05-01,0.2182,17.0,0.2692,19.0,0.3933,32.0,,,0.3962,32.0,0.4189,46.0,0.3844,45.0,0.3884,28.0,,,0.3779,24.0
2017-04-28,0.3066,40.0,0.2812,22.0,0.3945,32.0,,,0.3827,28.0,0.4186,46.0,0.3847,45.0,0.3943,30.0,,,0.4051,31.0
2017-04-27,0.2965,37.0,0.2757,21.0,0.4021,35.0,,,0.3746,25.0,0.4185,46.0,0.3844,45.0,0.3731,25.0,,,0.375,23.0
2017-04-26,0.236,21.0,0.2773,21.0,0.4085,37.0,,,0.6554,84.0,0.4188,46.0,0.3851,45.0,0.3748,25.0,,,0.3859,26.0
2017-04-25,0.2272,19.0,0.2478,14.0,0.405,36.0,,,1.0057,97.0,0.4176,45.0,0.3842,45.0,0.3785,26.0,,,0.4029,30.0
2017-04-24,0.2295,20.0,0.2161,7.0,0.4082,37.0,,,0.3984,32.0,0.4176,45.0,0.3831,44.0,0.3888,28.0,,,0.3719,23.0
2017-04-21,0.2912,35.0,0.214,7.0,0.3823,28.0,,,0.4341,44.0,0.4184,45.0,0.3831,44.0,0.3823,26.0,,,0.3957,28.0
2017-04-20,0.3216,43.0,0.2188,8.0,0.3818,28.0,,,0.4611,51.0,0.4185,46.0,0.3831,44.0,0.3649,23.0,,,0.4024,30.0
2017-04-19,0.2548,26.0,0.21,6.0,0.3821,28.0,,,0.4274,42.0,0.4157,43.0,0.3834,45.0,0.3652,23.0,,,0.389,26.0
2017-04-18,0.2626,28.0,0.2477,13.0,0.4051,36.0,,,0.4528,49.0,0.4151,42.0,0.3836,45.0,0.366,23.0,,,0.4042,30.0
2017-04-17,0.4046,63.0,0.3637,52.0,0.5729,71.0,,,0.4669,53.0,0.4155,43.0,0.3837,45.0,0.3726,25.0,,,0.4054,31.0
2017-04-13,0.4069,64.0,0.3772,56.0,0.4923,57.0,,,0.3853,28.0,0.4156,43.0,0.3837,45.0,0.4197,37.0,,,0.3808,24.0
2017-04-12,0.3885,59.0,0.3722,54.0,0.419,40.0,,,0.3977,32.0,0.4141,42.0,0.3831,44.0,0.3895,28.0,,,0.3859,26.0
2017-04-11,0.3736,56.0,0.3805,57.0,0.3973,33.0,,,0.4166,38.0,0.4167,44.0,0.3841,45.0,0.3698,24.0,,,0.3968,28.0
2017-04-10,0.3669,55.0,0.3803,57.0,0.4246,42.0,,,0.4074,34.0,0.416,43.0,0.3839,45.0,0.3889,28.0,,,0.3854,26.0
2017-04-07,0.3495,50.0,0.3819,57.0,0.322,10.0,,,0.5235,64.0,0.4155,43.0,0.3826,44.0,0.322,12.0,,,0.4295,37.0
2017-04-06,0.2418,22.0,0.3043,30.0,0.4153,39.0,,,0.2366,1.0,0.4103,40.0,0.378,43.0,0.3881,28.0,,,0.3719,23.0
2017-04-05,0.2422,22.0,0.3107,33.0,0.3951,33.0,,,0.4088,35.0,0.4103,40.0,0.3777,43.0,0.3851,27.0,,,0.4298,38.0
2017-04-04,0.2587,27.0,0.3312,40.0,0.521,63.0,,,0.2475,1.0,0.4107,40.0,0.3771,43.0,0.3946,30.0,,,0.389,26.0
2017-04-03,0.3281,45.0,0.5025,83.0,0.3717,26.0,,,0.26,1.0,0.4107,40.0,0.3774,43.0,0.3825,27.0,,,0.3829,25.0
2017-03-31,0.3273,44.0,0.5048,83.0,0.3089,7.0,,,0.2799,2.0,0.4107,40.0,0.377,43.0,0.3703,24.0,,,0.3856,26.0
2017-03-30,0.3217,43.0,0.5075,84.0,0.3352,15.0,,,0.2593,1.0,0.4104,40.0,0.3765,42.0,0.3545,21.0,,,0.4022,30.0
2017-03-29,0.3285,45.0,0.4946,82.0,0.3671,25.0,,,0.4379,45.0,0.4107,40.0,0.3753,42.0,0.36,22.0,,,0.4016,28.0
2017-03-28,0.367,55.0,0.5073,84.0,0.2452,1.0,,,0.3223,10.0,0.4086,39.0,0.3746,41.0,0.3728,25.0,,,0.3857,26.0
2017-03-27,0.3878,59.0,0.4995,83.0,0.2803,2.0,,,0.2958,4.0,0.4086,39.0,0.3742,41.0,0.4488,46.0,,,0.4359,40.0
2017-03-24,0.3762,57.0,0.4795,79.0,0.4056,36.0,,,0.3408,15.0,0.4081,39.0,0.3723,40.0,0.4208,37.0,,,0.3605,21.0
2017-03-23,0.3645,54.0,0.2985,28.0,0.5024,60.0,,,0.4766,55.0,0.407,38.0,0.3615,37.0,0.418,36.0,,,0.4069,31.0
2017-03-22,0.3661,54.0,0.281,22.0,0.4458,47.0,,,0.5018,60.0,0.407,38.0,0.3608,37.0,0.3916,28.0,,,0.4263,36.0
2017-03-21,0.3676,55.0,0.2666,18.0,0.4756,54.0,,,0.4736,54.0,0.4074,39.0,0.3606,37.0,0.42,37.0,,,0.407,31.0
2017-03-20,0.3893,60.0,0.301,28.0,0.4431,46.0,,,0.4098,35.0,0.4069,38.0,0.3604,37.0,0.4201,37.0,,,0.3984,28.0
2017-03-17,0.2261,19.0,0.2684,19.0,0.4285,43.0,,,0.5145,63.0,0.4011,36.0,0.3588,36.0,0.3924,28.0,,,0.4025,30.0
2017-03-16,0.2224,18.0,0.2635,17.0,0.4094,37.0,,,0.4741,54.0,0.4008,36.0,0.3586,36.0,0.3822,26.0,,,0.4205,35.0
2017-03-15,0.2247,18.0,0.2509,14.0,0.3866,30.0,,,0.4505,48.0,0.4006,36.0,0.3588,36.0,0.3291,15.0,,,0.4258,36.0
2017-03-14,0.2089,15.0,0.2453,13.0,0.418,40.0,,,0.4646,52.0,0.4016,36.0,0.359,36.0,0.397,31.0,,,0.4112,32.0
2017-03-13,0.2511,25.0,0.2727,20.0,0.419,40.0,,,0.4656,52.0,0.4017,36.0,0.3594,36.0,0.3902,28.0,,,0.3976,28.0
2017-03-10,0.2716,30.0,0.2903,26.0,0.4274,43.0,,,0.4524,49.0,0.4016,36.0,0.3597,36.0,0.3843,27.0,,,0.4158,33.0
2017-03-09,0.2384,21.0,0.2781,21.0,0.4204,41.0,,,0.4488,47.0,0.4004,35.0,0.3581,35.0,0.4018,32.0,,,0.4052,31.0
2017-03-08,0.2292,19.0,0.2671,18.0,0.4319,44.0,,,0.4399,45.0,0.3999,35.0,0.3581,35.0,0.3938,30.0,,,0.4109,32.0
2017-03-07,0.2173,17.0,0.2716,20.0,0.4041,35.0,,,0.4625,51.0,0.3996,35.0,0.3581,35.0,0.3965,30.0,,,0.4184,34.0
2017-03-06,0.2572,27.0,0.3454,45.0,0.3968,33.0,,,0.4452,47.0,0.3996,35.0,0.3585,36.0,0.3833,27.0,,,0.4137,33.0
2017-03-03,0.3451,49.0,0.3723,55.0,0.3639,23.0,,,0.4178,38.0,0.403,37.0,0.3604,37.0,0.4006,31.0,,,0.3819,25.0
2017-03-02,0.3265,44.0,0.3559,49.0,0.4112,38.0,,,0.6333,81.0,0.4017,36.0,0.3595,36.0,0.3826,27.0,,,0.3988,28.0
2017-03-01,0.4342,69.0,0.3628,51.0,0.2958,4.0,,,0.3859,28.0,0.4385,56.0,0.3638,38.0,0.2958,4.0,,,0.4315,38.0
2017-02-28,0.4398,70.0,0.348,46.0,0.4178,40.0,,,0.3796,27.0,0.4385,56.0,0.3628,38.0,0.4,31.0,,,0.4177,34.0
2017-02-27,0.4629,74.0,0.3761,56.0,0.4236,41.0,,,0.4522,48.0,0.4385,56.0,0.3631,38.0,0.3958,30.0,,,0.4192,34.0
2017-02-23,0.4355,69.0,0.3234,37.0,0.4876,57.0,,,0.3363,14.0,0.4375,55.0,0.3601,37.0,0.449,46.0,,,0.3494,19.0
2017-02-22,0.422,67.0,0.3507,47.0,0.2725,2.0,,,0.5417,67.0,0.4344,54.0,0.3583,36.0,0.3843,27.0,,,0.4018,30.0
2017-02-21,0.4628,74.0,0.3691,53.0,0.3823,28.0,,,0.6035,77.0,0.4346,54.0,0.3581,35.0,0.3734,25.0,,,0.4178,34.0
2017-02-17,0.3761,57.0,0.3638,52.0,0.3904,31.0,,,0.4595,50.0,0.4431,57.0,0.3572,35.0,0.3976,31.0,,,0.3967,28.0
2017-02-16,0.4064,64.0,0.3646,52.0,0.381,28.0,,,0.4545,49.0,0.4428,57.0,0.3565,35.0,0.381,26.0,,,0.3672,22.0
2017-02-15,0.3602,53.0,0.3336,41.0,0.4612,51.0,,,0.4004,33.0,0.4411,57.0,0.3548,35.0,0.3923,28.0,,,0.3934,28.0
2017-02-14,0.3477,49.0,0.3283,39.0,0.4032,35.0,,,0.4862,57.0,0.4421,57.0,0.355,35.0,0.3947,30.0,,,0.4029,30.0
2017-02-13,0.3477,49.0,0.3373,42.0,0.6545,83.0,,,0.3846,28.0,0.4422,57.0,0.3553,35.0,0.4547,49.0,,,0.3903,27.0
2017-02-10,0.2287,19.0,0.2771,21.0,0.3612,23.0,,,0.5,60.0,0.4395,57.0,0.3522,34.0,0.3469,20.0,,,0.4017,28.0
2017-02-09,0.2028,14.0,0.2481,14.0,0.3944,32.0,,,0.4374,45.0,0.438,56.0,0.351,34.0,0.3944,30.0,,,0.3975,28.0
2017-02-08,0.1939,13.0,0.2643,17.0,0.3751,27.0,,,0.4266,41.0,0.4366,55.0,0.3502,34.0,0.3693,24.0,,,0.3959,28.0
2017-02-07,0.1684,9.0,0.2629,17.0,0.4001,34.0,,,0.4079,35.0,0.4364,55.0,0.3495,33.0,0.4024,32.0,,,0.3849,25.0
2017-02-06,0.1662,8.0,0.2641,17.0,0.4067,36.0,,,0.3912,30.0,0.4364,55.0,0.35,34.0,0.3996,31.0,,,0.4045,30.0
2017-02-03,0.2106,16.0,0.2573,16.0,0.408,37.0,,,0.3923,30.0,0.4369,55.0,0.3495,33.0,0.408,33.0,,,0.4039,30.0
2017-02-02,0.2362,21.0,0.2443,13.0,0.4086,37.0,,,0.42,39.0,0.4369,55.0,0.3488,33.0,0.3982,31.0,,,0.3849,25.0
2017-01-31,0.2751,31.0,0.2408,12.0,0.3819,28.0,,,0.439,45.0,0.4389,56.0,0.3496,33.0,0.3717,24.0,,,0.439,41.0
2017-01-30,0.2624,28.0,0.199,4.0,0.4084,37.0,,,0.4177,38.0,0.4384,56.0,0.3483,33.0,0.4228,38.0,,,0.405,30.0
2017-01-27,0.3081,40.0,0.1997,4.0,0.4315,44.0,,,0.2448,1.0,0.4413,57.0,0.3486,33.0,0.4038,32.0,,,0.4026,30.0
2017-01-26,0.319,42.0,0.2284,9.0,0.4238,41.0,,,0.3824,27.0,0.4413,57.0,0.3487,33.0,0.4064,33.0,,,0.3841,25.0
2017-01-25,0.2849,34.0,0.2586,16.0,0.3859,30.0,,,0.4139,37.0,0.4405,57.0,0.3487,33.0,0.3766,25.0,,,0.3991,28.0
2017-01-24,0.2849,34.0,0.2604,16.0,0.4074,36.0,,,0.4065,34.0,0.4402,57.0,0.3489,33.0,0.3883,28.0,,,0.421,35.0
2017-01-23,0.2824,33.0,0.2902,26.0,0.4239,41.0,,,0.403,33.0,0.4393,57.0,0.3486,33.0,0.4105,34.0,,,0.3963,28.0
2017-01-20,0.275,31.0,0.3307,40.0,0.3973,33.0,,,0.3691,23.0,0.439,56.0,0.349,33.0,0.3879,28.0,,,0.4027,30.0
2017-01-19,0.482,76.0,0.3514,47.0,0.3192,9.0,,,0.3924,30.0,0.4383,56.0,0.3488,33.0,0.4141,35.0,,,0.3924,27.0
2017-01-17,0.5104,80.0,0.3519,47.0,0.3821,28.0,,,0.3477,17.0,0.4362,55.0,0.3498,34.0,0.3669,24.0,,,0.3892,27.0
2017-01-13,0.5874,86.0,0.3744,55.0,0.3652,24.0,,,0.3871,28.0,0.4364,55.0,0.3487,33.0,0.3652,23.0,,,0.3871,26.0
2017-01-12,0.6201,88.0,0.404,63.0,0.253,1.0,,,0.4115,36.0,0.4358,55.0,0.3492,33.0,0.4226,38.0,,,0.4145,33.0
2017-01-11,0.6059,87.0,0.388,59.0,0.3189,9.0,,,0.3529,18.0,0.4351,54.0,0.3483,33.0,0.395,30.0,,,0.3979,28.0
2017-01-10,0.5599,84.0,0.3646,52.0,0.4713,54.0,,,0.475,55.0,0.4341,54.0,0.3484,33.0,0.4713,55.0,,,0.4199,35.0
2017-01-06,0.4728,75.0,0.4284,69.0,0.4124,38.0,,,0.4106,36.0,0.4255,50.0,0.3492,33.0,0.4285,39.0,,,0.3956,28.0
2017-01-05,0.4197,66.0,0.4119,65.0,0.4282,43.0,,,0.3307,12.0,0.4212,47.0,0.3481,33.0,0.4233,38.0,,,0.4007,28.0
2017-01-04,0.206,15.0,0.3775,56.0,0.3631,23.0,,,0.4643,52.0,0.4136,42.0,0.3451,32.0,0.3969,31.0,,,0.4437,42.0
2017-01-03,0.3818,57.0,0.4072,64.0,0.438,45.0,,,0.5654,71.0,0.416,43.0,0.3452,32.0,0.4254,39.0,,,0.4234,36.0
2016-12-30,0.3691,55.0,0.4039,63.0,0.4335,44.0,,,0.5041,61.0,0.416,43.0,0.3447,32.0,0.4181,36.0,,,0.4159,34.0
2016-12-29,0.4534,72.0,0.4057,64.0,0.5499,68.0,,,0.3697,23.0,0.4159,43.0,0.3445,32.0,0.4582,50.0,,,0.3697,22.0
2016-12-28,0.4501,71.0,0.4008,63.0,0.6079,77.0,,,0.4779,55.0,0.4161,44.0,0.3439,32.0,0.4354,41.0,,,0.4779,54.0
2016-12-27,0.4518,72.0,0.3607,50.0,0.4265,42.0,,,0.4428,46.0,0.4171,44.0,0.3391,30.0,0.4399,43.0,,,0.4084,32.0
2016-12-23,0.4513,72.0,0.4073,64.0,0.4146,39.0,,,0.4197,39.0,0.4171,44.0,0.3397,30.0,0.4237,38.0,,,0.381,24.0
2016-12-22,0.4358,69.0,0.3993,62.0,0.6446,82.0,,,0.329,12.0,0.4192,46.0,0.3399,31.0,0.5347,77.0,,,0.3474,18.0
2016-12-21,0.287,34.0,0.3521,47.0,0.5168,62.0,,,0.3582,20.0,0.4105,40.0,0.3365,28.0,0.4845,60.0,,,0.3991,28.0
2016-12-20,0.2871,34.0,0.3586,50.0,0.3034,5.0,,,0.4181,38.0,0.4127,41.0,0.3377,30.0,0.3943,30.0,,,0.4181,34.0
2016-12-16,0.2473,24.0,0.3648,52.0,0.4347,44.0,,,0.4442,47.0,0.4105,40.0,0.3394,30.0,0.422,38.0,,,0.4442,42.0
2016-12-15,0.269,30.0,0.3275,39.0,0.5266,64.0,,,0.3221,10.0,0.4107,40.0,0.337,28.0,0.4433,44.0,,,0.39,27.0
2016-12-14,0.2872,34.0,0.2797,22.0,0.5702,71.0,,,0.3401,15.0,0.4099,40.0,0.3338,28.0,0.4315,40.0,,,0.3968,28.0
2016-12-13,0.3102,40.0,0.2993,28.0,0.4037,35.0,,,0.3361,14.0,0.4099,40.0,0.3337,28.0,0.4339,41.0,,,0.4097,32.0
2016-12-12,0.3478,49.0,0.2911,26.0,0.4206,41.0,,,0.3234,10.0,0.4098,39.0,0.3327,28.0,0.4498,47.0,,,0.3965,28.0
2016-12-09,0.3575,52.0,0.3706,54.0,0.3731,26.0,,,0.283,3.0,0.409,39.0,0.333,28.0,0.4428,44.0,,,0.3802,24.0
2016-12-08,0.3798,57.0,0.393,60.0,0.4176,40.0,,,0.4228,40.0,0.4089,39.0,0.3327,28.0,0.4009,32.0,,,0.4536,45.0
2016-12-07,1.0577,98.0,0.4313,70.0,0.3412,17.0,,,0.3834,28.0,0.4086,39.0,0.332,28.0,0.389,28.0,,,0.4149,33.0
2016-12-06,1.0643,98.0,0.4564,75.0,0.3664,24.0,,,0.417,38.0,0.4082,39.0,0.3317,27.0,0.3939,30.0,,,0.417,34.0
2016-12-05,1.0345,98.0,0.4458,73.0,0.3725,26.0,,,0.5631,71.0,0.4072,39.0,0.3312,27.0,0.3696,24.0,,,0.4225,35.0
2016-12-02,1.022,98.0,0.4412,72.0,0.4339,44.0,,,0.3282,11.0,0.4047,38.0,0.3305,27.0,0.4273,39.0,,,0.4027,30.0
2016-12-01,1.0967,98.0,0.475,78.0,0.2953,4.0,,,0.4516,48.0,0.4046,38.0,0.3306,27.0,0.3793,26.0,,,0.4193,34.0
2016-11-30,1.003,97.0,0.4239,68.0,0.4627,52.0,,,0.3551,19.0,0.397,34.0,0.3259,25.0,0.446,45.0,,,0.3856,26.0
2016-11-29,1.0027,97.0,0.4454,73.0,0.4072,36.0,,,0.3497,17.0,0.3971,34.0,0.3242,24.0,0.4626,52.0,,,0.3851,25.0
2016-11-28,0.4454,71.0,0.388,59.0,0.6073,77.0,,,0.6721,85.0,0.3362,19.0,0.32,22.0,0.5551,81.0,,,0.3852,25.0
2016-11-25,0.343,48.0,0.4021,63.0,0.503,60.0,,,0.4752,55.0,0.3324,18.0,0.3196,22.0,0.4025,32.0,,,0.4034,30.0
2016-11-23,0.3819,57.0,0.4241,68.0,0.3892,31.0,,,0.5248,64.0,0.3324,18.0,0.3202,22.0,0.3869,28.0,,,0.4215,35.0
2016-11-22,0.371,56.0,0.5005,83.0,0.3684,25.0,,,0.449,48.0,0.3305,17.0,0.3201,22.0,0.3768,25.0,,,0.4364,40.0
2016-11-21,0.3287,45.0,0.7301,97.0,0.3872,30.0,,,0.3796,27.0,0.3264,16.0,0.3179,22.0,0.445,45.0,,,0.397,28.0
2016-11-18,0.3418,48.0,0.7493,97.0,0.3426,17.0,,,0.4089,35.0,0.3256,16.0,0.317,21.0,0.3426,19.0,,,0.5119,65.0
2016-11-15,0.4483,71.0,0.7633,98.0,0.5269,64.0,,,0.4424,46.0,0.3318,18.0,0.3152,21.0,0.4538,49.0,,,0.4506,44.0
2016-11-14,0.3999,62.0,0.753,97.0,0.4623,52.0,,,0.5255,65.0,0.3587,25.0,0.3176,22.0,0.3198,11.0,,,0.5255,70.0
2016-11-10,0.4342,69.0,0.4377,71.0,0.3389,16.0,,,0.6324,81.0,0.3556,24.0,0.2829,9.0,0.362,22.0,,,0.4096,32.0
2016-11-09,0.4713,75.0,0.4012,63.0,0.35,20.0,,,0.4634,51.0,0.355,24.0,0.281,7.0,0.3541,21.0,,,0.4926,59.0
2016-11-08,0.345,49.0,0.2996,28.0,0.386,30.0,,,0.4244,41.0,0.3477,22.0,0.2737,5.0,0.4052,33.0,,,0.3748,23.0
2016-11-07,0.334,46.0,0.2903,26.0,0.3782,28.0,,,0.4285,42.0,0.3481,22.0,0.2783,6.0,0.3823,26.0,,,0.4596,47.0
2016-11-04,0.2802,32.0,0.2884,25.0,0.4314,44.0,,,0.4138,37.0,0.3448,21.0,0.2768,6.0,0.4166,36.0,,,0.4089,32.0
2016-11-03,0.2858,34.0,0.2929,26.0,0.4421,46.0,,,0.4273,42.0,0.3511,23.0,0.2788,6.0,0.41,34.0,,,0.4017,28.0
2016-11-02,0.2922,36.0,0.2895,25.0,0.4187,40.0,,,0.4164,38.0,0.3505,23.0,0.2786,6.0,0.3919,28.0,,,0.406,31.0
2016-11-01,0.2607,28.0,0.2653,18.0,0.4357,44.0,,,0.412,36.0,0.3506,23.0,0.2781,6.0,0.4422,44.0,,,0.3912,27.0
2016-10-31,0.2167,17.0,0.269,19.0,0.3567,22.0,,,0.4034,34.0,0.3495,23.0,0.2791,7.0,0.3838,27.0,,,0.3908,27.0
2016-10-28,0.203,14.0,0.2619,17.0,0.3749,27.0,,,0.3344,13.0,0.3549,24.0,0.2822,8.0,0.4416,44.0,,,0.4079,32.0
2016-10-27,0.2364,21.0,0.2651,18.0,0.3889,31.0,,,0.2935,4.0,0.3547,24.0,0.2825,8.0,0.4523,48.0,,,0.4457,43.0
2016-10-26,0.2047,15.0,0.2402,12.0,0.3941,32.0,,,0.4127,36.0,0.3536,23.0,0.2818,8.0,0.3858,27.0,,,0.4024,30.0
2016-10-25,0.1989,14.0,0.2317,10.0,0.4027,35.0,,,0.3537,19.0,0.3544,24.0,0.2821,8.0,0.4032,32.0,,,0.4146,33.0
2016-10-24,0.1557,7.0,0.2138,6.0,0.401,34.0,,,0.3304,12.0,0.3535,23.0,0.2816,8.0,0.4077,33.0,,,0.4008,28.0
2016-10-21,0.2569,27.0,0.2493,14.0,0.4017,35.0,,,0.3567,20.0,0.354,24.0,0.2824,8.0,0.3941,30.0,,,0.3981,28.0
2016-10-20,0.2565,26.0,0.2249,9.0,0.4136,38.0,,,0.3117,7.0,0.3539,24.0,0.2811,7.0,0.4028,32.0,,,0.3811,24.0
2016-10-19,0.2625,28.0,0.2208,8.0,0.4014,35.0,,,0.3468,16.0,0.3556,24.0,0.2822,8.0,0.424,38.0,,,0.4147,33.0
2016-10-18,0.2626,28.0,0.2226,8.0,0.4047,35.0,,,0.3375,14.0,0.3547,24.0,0.2853,10.0,0.4008,31.0,,,0.3832,25.0
2016-10-17,0.2679,30.0,0.2278,9.0,0.3941,32.0,,,0.3276,11.0,0.3548,24.0,0.2853,10.0,0.4111,34.0,,,0.3916,27.0
2016-10-14,0.2742,31.0,0.2331,10.0,0.3936,32.0,,,0.3361,14.0,0.3579,25.0,0.2885,12.0,0.4063,33.0,,,0.3861,26.0
2016-10-13,0.299,38.0,0.2479,14.0,0.4177,40.0,,,0.3475,16.0,0.3598,25.0,0.2906,14.0,0.3847,27.0,,,0.3516,19.0
2016-10-12,0.1983,14.0,0.2194,8.0,0.3916,32.0,,,0.3362,14.0,0.3572,24.0,0.2921,15.0,0.3505,20.0,,,0.3817,25.0
2016-10-11,0.2006,14.0,0.2119,6.0,0.4039,35.0,,,0.3274,11.0,0.3573,25.0,0.3145,21.0,0.38,26.0,,,0.3762,24.0
2016-10-10,0.1818,11.0,0.2174,7.0,0.3437,17.0,,,0.3781,26.0,0.3581,25.0,0.3152,21.0,0.345,19.0,,,0.3648,21.0
2016-10-07,0.1604,8.0,0.2164,7.0,0.3837,28.0,,,0.3566,20.0,0.3574,25.0,0.3153,21.0,0.3593,22.0,,,0.3888,26.0
2016-10-06,0.1702,9.0,0.2211,8.0,0.3987,34.0,,,0.3743,25.0,0.3594,25.0,0.3157,21.0,0.3867,27.0,,,0.3799,24.0
2016-10-05,0.1293,3.0,0.2127,6.0,0.3858,30.0,,,0.3438,16.0,0.3602,26.0,0.3164,21.0,0.3652,23.0,,,0.371,22.0
2016-10-04,0.2154,17.0,0.2109,6.0,0.3768,27.0,,,0.3814,27.0,0.3597,25.0,0.3179,22.0,0.3614,22.0,,,0.3758,23.0
2016-10-03,0.2122,16.0,0.2101,6.0,0.3902,31.0,,,0.3289,12.0,0.3597,25.0,0.318,22.0,0.3848,27.0,,,0.3648,21.0
2016-09-30,0.2302,20.0,0.2233,8.0,0.3769,27.0,,,0.3704,23.0,0.3635,27.0,0.32,22.0,0.3712,24.0,,,0.369,22.0
2016-09-29,0.2052,15.0,0.2237,9.0,0.4145,39.0,,,0.3342,13.0,0.3632,27.0,0.3204,22.0,0.3996,31.0,,,0.3759,23.0
2016-09-28,0.2145,17.0,0.2288,10.0,0.4032,35.0,,,0.3663,22.0,0.3641,27.0,0.3201,22.0,0.3681,24.0,,,0.3687,22.0
2016-09-27,0.2159,17.0,0.218,7.0,0.4017,35.0,,,0.3766,25.0,0.3658,27.0,0.3207,22.0,0.3762,25.0,,,0.3395,15.0
2016-09-26,0.2131,16.0,0.236,11.0,0.4188,40.0,,,0.3488,17.0,0.3659,27.0,0.3211,23.0,0.4204,37.0,,,0.3513,19.0
2016-09-23,0.2128,16.0,0.2407,12.0,0.3794,28.0,,,0.3183,9.0,0.3637,27.0,0.3206,22.0,0.3466,20.0,,,0.3853,25.0
2016-09-22,0.2162,17.0,0.246,13.0,0.3436,17.0,,,0.4053,34.0,0.3648,27.0,0.3223,23.0,0.3674,24.0,,,0.3891,26.0
2016-09-21,0.2088,15.0,0.2431,13.0,0.3456,18.0,,,0.4211,39.0,0.3686,28.0,0.3245,24.0,0.3658,23.0,,,0.3941,28.0
2016-09-20,0.2107,16.0,0.2494,14.0,0.3589,22.0,,,0.3506,18.0,0.3688,28.0,0.3242,24.0,0.3802,26.0,,,0.3731,23.0
2016-09-19,0.2007,14.0,0.2517,14.0,0.4259,42.0,,,0.339,15.0,0.3681,28.0,0.3239,24.0,0.3994,31.0,,,0.3409,16.0
2016-09-16,0.1903,12.0,0.2506,14.0,0.3291,12.0,,,0.387,28.0,0.3681,28.0,0.3245,24.0,0.3852,27.0,,,0.388,26.0
2016-09-15,0.1885,12.0,0.2425,12.0,0.3556,21.0,,,0.4281,42.0,0.3695,28.0,0.3246,24.0,0.3572,21.0,,,0.3808,24.0
2016-09-14,0.2513,25.0,0.279,22.0,0.3872,30.0,,,0.3874,28.0,0.3682,28.0,0.3238,24.0,0.3291,15.0,,,0.3782,24.0
2016-09-13,0.2502,25.0,0.2741,20.0,0.3961,33.0,,,0.409,35.0,0.3774,28.0,0.3261,25.0,0.3863,27.0,,,0.3666,22.0
2016-09-12,0.8094,95.0,0.3713,54.0,0.3836,28.0,,,0.3705,23.0,0.385,30.0,0.3307,27.0,0.3648,23.0,,,0.369,22.0
2016-09-09,0.8177,95.0,0.3706,54.0,0.3928,32.0,,,0.3535,18.0,0.3868,30.0,0.3305,27.0,0.3766,25.0,,,0.3743,23.0
2016-09-08,0.8176,95.0,0.3681,53.0,0.3674,25.0,,,0.3701,23.0,0.3868,30.0,0.3315,27.0,0.3613,22.0,,,0.364,21.0
2016-09-07,0.8229,95.0,0.3724,55.0,0.462,52.0,,,0.364,22.0,0.3868,30.0,0.3315,27.0,0.3634,23.0,,,0.3644,21.0
2016-09-06,0.8214,95.0,0.373,55.0,0.3433,17.0,,,0.3582,20.0,0.3873,30.0,0.3317,27.0,0.3654,23.0,,,0.3802,24.0
2016-09-02,0.7473,93.0,0.334,41.0,0.3689,25.0,,,0.3636,21.0,0.3844,30.0,0.3297,26.0,0.3773,25.0,,,0.3671,22.0
2016-09-01,0.7626,94.0,0.3309,40.0,0.3692,25.0,,,0.4003,33.0,0.3849,30.0,0.3309,27.0,0.3896,28.0,,,0.3661,22.0
2016-08-31,0.4824,76.0,0.2153,7.0,0.6062,77.0,,,0.5998,77.0,0.3403,20.0,0.3327,28.0,0.3785,26.0,,,0.4134,33.0
2016-08-30,0.4829,77.0,0.1998,4.0,0.4543,49.0,,,0.5616,71.0,0.3421,20.0,0.3333,28.0,0.4065,33.0,,,0.4001,28.0
2016-08-29,0.4548,72.0,0.1892,3.0,0.4441,47.0,,,0.4446,47.0,0.3437,21.0,0.3347,28.0,0.3692,24.0,,,0.4115,32.0
2016-08-26,0.457,73.0,0.2115,6.0,0.4513,48.0,,,0.383,28.0,0.3442,21.0,0.3345,28.0,0.3845,27.0,,,0.4341,39.0
2016-08-25,0.4453,71.0,0.2112,6.0,0.497,59.0,,,0.3849,28.0,0.3442,21.0,0.3342,28.0,0.3822,26.0,,,0.3635,21.0
2016-08-24,0.4342,69.0,0.2143,7.0,0.3494,19.0,,,0.471,54.0,0.3442,21.0,0.3341,28.0,0.3855,27.0,,,0.4197,35.0
2016-08-23,0.4403,70.0,0.2156,7.0,0.4303,43.0,,,0.4008,33.0,0.3445,21.0,0.3341,28.0,0.3568,21.0,,,0.3514,19.0
2016-08-22,0.135,4.0,0.2108,6.0,0.4129,38.0,,,0.4739,54.0,0.3281,17.0,0.3356,28.0,0.3388,18.0,,,0.3865,26.0
2016-08-19,0.1682,8.0,0.2141,7.0,0.407,36.0,,,0.4636,51.0,0.3285,17.0,0.3359,28.0,0.3891,28.0,,,0.4087,32.0
2016-08-18,0.1914,12.0,0.2246,9.0,0.3443,18.0,,,0.5135,62.0,0.3286,17.0,0.3377,30.0,0.3133,8.0,,,0.4392,41.0
2016-08-17,0.1876,12.0,0.198,4.0,0.4078,36.0,,,0.489,57.0,0.3277,16.0,0.3374,28.0,0.3744,25.0,,,0.3645,21.0
2016-08-16,0.1857,11.0,0.1816,2.0,0.5106,61.0,,,0.4066,34.0,0.3281,17.0,0.3377,30.0,0.4042,32.0,,,0.3697,22.0
2016-08-15,0.2473,24.0,0.2123,6.0,0.4164,39.0,,,0.4082,35.0,0.3296,17.0,0.3397,30.0,0.389,28.0,,,0.3846,25.0
2016-08-12,0.2497,24.0,0.2117,6.0,0.4039,35.0,,,0.425,41.0,0.3301,17.0,0.3398,30.0,0.4032,32.0,,,0.3837,25.0
2016-08-11,0.2583,27.0,0.2171,7.0,0.3643,23.0,,,0.4268,41.0,0.3305,17.0,0.3397,30.0,0.3784,26.0,,,0.3813,25.0
2016-08-10,0.3412,48.0,0.2403,12.0,0.4569,50.0,,,0.3676,22.0,0.3297,17.0,0.3407,31.0,0.4381,42.0,,,0.3664,22.0
2016-08-09,0.3403,48.0,0.2327,10.0,0.4841,56.0,,,0.3917,30.0,0.3304,17.0,0.3406,31.0,0.3891,28.0,,,0.4025,30.0
2016-08-08,0.3293,45.0,0.2375,11.0,0.4141,39.0,,,0.4184,39.0,0.3304,17.0,0.3421,31.0,0.3786,26.0,,,0.3895,27.0
2016-08-05,0.3388,47.0,0.2462,13.0,0.3532,21.0,,,0.4267,41.0,0.331,18.0,0.3434,32.0,0.3231,12.0,,,0.4113,32.0
2016-08-04,0.2715,30.0,0.215,7.0,0.3898,31.0,,,0.3523,18.0,0.3287,17.0,0.3427,32.0,0.3786,26.0,,,0.3776,24.0
2016-08-03,0.2704,30.0,0.2233,8.0,0.3965,33.0,,,0.3835,28.0,0.3292,17.0,0.3448,32.0,0.3634,23.0,,,0.3813,25.0
2016-08-02,0.2311,20.0,0.2122,6.0,0.4822,56.0,,,0.3474,16.0,0.3314,18.0,0.3461,32.0,0.4567,49.0,,,0.3246,9.0
2016-08-01,0.0923,1.0,0.256,15.0,0.4746,54.0,,,0.3767,25.0,0.3285,17.0,0.3464,32.0,0.3964,30.0,,,0.4055,31.0
2016-07-29,0.0977,1.0,0.2564,15.0,0.3916,32.0,,,0.377,26.0,0.3287,17.0,0.3471,32.0,0.37,24.0,,,0.419,34.0
2016-07-28,0.0987,2.0,0.2577,16.0,0.4295,43.0,,,0.3936,31.0,0.329,17.0,0.3472,32.0,0.4022,32.0,,,0.3739,23.0
2016-07-27,0.0793,1.0,0.2658,18.0,0.4062,36.0,,,0.3641,22.0,0.329,17.0,0.3486,33.0,0.3791,26.0,,,0.3728,23.0
2016-07-26,0.0903,1.0,0.2818,23.0,0.4236,41.0,,,0.3697,23.0,0.3295,17.0,0.3497,34.0,0.3998,31.0,,,0.3696,22.0
2016-07-25,0.0898,1.0,0.3206,36.0,0.4361,45.0,,,0.3863,28.0,0.3307,18.0,0.3495,33.0,0.4087,34.0,,,0.3826,25.0
2016-07-21,0.0998,2.0,0.32,36.0,0.445,47.0,,,0.4337,43.0,0.3339,19.0,0.3527,34.0,0.3663,23.0,,,0.4569,46.0
2016-07-20,0.0864,1.0,0.3205,36.0,0.3547,21.0,,,0.4139,37.0,0.3356,19.0,0.3533,35.0,0.3584,22.0,,,0.4067,31.0
2016-07-19,0.0901,1.0,0.3101,32.0,0.3019,5.0,,,0.5143,63.0,0.3355,19.0,0.3622,38.0,0.3595,22.0,,,0.3361,14.0
2016-07-18,0.2595,27.0,0.3379,42.0,0.3649,24.0,,,0.3727,24.0,0.3354,19.0,0.362,38.0,0.2762,1.0,,,0.392,27.0
2016-07-15,0.2598,27.0,0.327,38.0,0.3574,22.0,,,0.3627,21.0,0.3446,21.0,0.3723,40.0,0.3629,23.0,,,0.4602,47.0
2016-07-08,0.3126,41.0,0.2822,23.0,0.3397,16.0,,,0.4432,46.0,0.3457,21.0,0.3733,41.0,0.3571,21.0,,,0.432,38.0
2016-07-07,0.2437,23.0,0.2463,13.0,0.344,18.0,,,0.5363,66.0,0.3406,20.0,0.3761,42.0,0.344,19.0,,,0.5363,74.0
2016-07-06,0.3598,53.0,0.2797,22.0,0.4136,38.0,,,0.3571,20.0,0.352,23.0,0.3795,43.0,0.3452,19.0,,,0.3944,28.0
2016-07-05,0.3544,51.0,0.3098,32.0,0.4106,38.0,,,0.6562,84.0,0.3518,23.0,0.38,43.0,0.4106,34.0,,,0.3847,25.0
2016-06-29,0.3252,44.0,0.3093,32.0,0.2862,3.0,,,0.3868,28.0,0.352,23.0,0.3823,44.0,0.364,23.0,,,0.394,28.0
2016-06-28,0.2591,27.0,0.2922,26.0,0.42,40.0,,,0.3921,30.0,0.3494,23.0,0.3823,44.0,0.3958,30.0,,,0.3921,27.0
2016-06-23,0.1699,9.0,0.2287,9.0,0.4231,41.0,,,0.3649,22.0,0.3486,22.0,0.3811,43.0,0.3814,26.0,,,0.3898,27.0
2016-06-22,0.1878,12.0,0.2101,6.0,0.3182,9.0,,,0.4772,55.0,0.3495,23.0,0.3815,44.0,0.3182,10.0,,,0.4391,41.0
2016-06-21,0.1749,10.0,0.2108,6.0,0.391,31.0,,,0.3848,28.0,0.3523,23.0,0.3828,44.0,0.3926,28.0,,,0.3718,23.0
2016-06-20,0.1978,14.0,0.2169,7.0,0.3642,23.0,,,0.3993,32.0,0.3562,24.0,0.3852,45.0,0.388,28.0,,,0.3966,28.0
2016-06-17,0.1924,13.0,0.2263,9.0,0.4417,46.0,,,0.3908,30.0,0.356,24.0,0.3857,46.0,0.3873,28.0,,,0.3948,28.0
2016-06-16,0.2118,16.0,0.2446,13.0,0.401,34.0,,,0.4401,45.0,0.356,24.0,0.3861,46.0,0.401,32.0,,,0.4503,44.0
2016-06-15,0.1897,12.0,0.2315,10.0,0.4888,57.0,,,0.3476,17.0,0.3551,24.0,0.3857,46.0,0.4463,46.0,,,0.4417,42.0
2016-06-14,0.1829,11.0,0.234,11.0,0.2517,1.0,,,0.3804,27.0,0.3559,24.0,0.3861,46.0,0.2517,1.0,,,0.474,52.0
2016-06-13,0.1686,9.0,0.2252,9.0,0.3779,28.0,,,0.4466,47.0,0.3554,24.0,0.3871,46.0,0.3159,9.0,,,0.4573,46.0
2016-06-10,0.1968,13.0,0.2626,17.0,0.3516,20.0,,,0.3169,8.0,0.3568,24.0,0.3885,47.0,0.4211,37.0,,,0.3697,22.0
2016-06-09,0.1419,5.0,0.2689,19.0,0.2728,2.0,,,0.379,26.0,0.3584,25.0,0.3929,50.0,0.3812,26.0,,,0.3982,28.0
2016-06-08,0.151,6.0,0.2733,20.0,0.3646,24.0,,,0.5255,65.0,0.3586,25.0,0.3932,50.0,0.3006,5.0,,,0.3904,27.0
2016-06-07,0.1985,14.0,0.2835,23.0,0.3631,23.0,,,0.3552,19.0,0.3579,25.0,0.3942,50.0,0.3829,27.0,,,0.3823,25.0
2016-06-06,0.2002,14.0,0.2813,22.0,0.3839,28.0,,,0.3778,26.0,0.3588,25.0,0.3961,51.0,0.3729,25.0,,,0.3886,26.0
2016-06-03,0.1859,11.0,0.2953,27.0,0.3669,24.0,,,0.3956,31.0,0.3589,25.0,0.3978,52.0,0.3669,24.0,,,0.3956,28.0
2016-06-02,0.2455,23.0,0.3114,33.0,0.313,7.0,,,0.4372,44.0,0.3592,25.0,0.3983,52.0,0.3177,10.0,,,0.429,37.0
2016-06-01,0.3377,47.0,0.3352,41.0,0.3485,19.0,,,0.437,44.0,0.3583,25.0,0.3979,52.0,0.3485,20.0,,,0.4205,35.0
2016-05-31,0.7409,93.0,0.3877,59.0,0.4214,41.0,,,0.5545,70.0,0.36,26.0,0.401,54.0,0.403,32.0,,,0.5545,80.0
2016-05-26,0.7103,92.0,0.4006,63.0,0.2753,2.0,,,0.309,6.0,0.3931,33.0,0.416,57.0,0.4008,31.0,,,0.3888,26.0
2016-05-25,0.7246,93.0,0.4238,68.0,0.4087,37.0,,,0.3818,27.0,0.3932,33.0,0.416,57.0,0.3569,21.0,,,0.4114,32.0
2016-05-24,0.7174,92.0,0.4182,67.0,0.3314,13.0,,,0.4655,52.0,0.3935,33.0,0.4183,59.0,0.4498,47.0,,,0.4655,49.0
2016-05-23,0.7178,92.0,0.4645,77.0,0.3121,7.0,,,0.4233,40.0,0.394,33.0,0.4207,60.0,0.3462,20.0,,,0.4064,31.0
2016-05-20,0.5968,87.0,0.4233,68.0,0.5288,65.0,,,0.3499,17.0,0.3885,31.0,0.4185,59.0,0.4362,42.0,,,0.3646,21.0
2016-05-19,0.3636,54.0,0.3959,61.0,1.6562,100.0,,,0.4816,56.0,0.3632,27.0,0.418,59.0,0.4497,47.0,,,0.3532,20.0
2016-05-18,0.3628,54.0,0.3735,55.0,0.4619,52.0,,,1.2726,100.0,0.3624,26.0,0.4164,57.0,0.3853,27.0,,,0.4197,35.0
2016-05-16,0.3926,60.0,0.3773,56.0,1.116,99.0,,,0.488,57.0,0.3606,26.0,0.4173,57.0,0.3958,30.0,,,0.4173,34.0
2016-05-13,0.4381,70.0,0.4165,67.0,0.5123,61.0,,,1.1999,99.0,0.3603,26.0,0.4179,59.0,0.4152,35.0,,,0.3864,26.0
2016-05-12,0.4393,70.0,0.355,48.0,0.7003,88.0,,,0.7138,88.0,0.3672,28.0,0.4159,57.0,0.3887,28.0,,,0.4084,32.0
2016-05-11,0.429,68.0,0.3644,52.0,1.139,99.0,,,0.374,25.0,0.3675,28.0,0.4255,61.0,0.4711,55.0,,,0.374,23.0
2016-05-06,0.3443,49.0,0.3354,41.0,0.3996,34.0,,,0.4136,37.0,0.3837,28.0,0.4309,62.0,0.3996,31.0,,,0.382,25.0
2016-05-03,0.2432,23.0,0.3135,33.0,0.4657,53.0,,,0.3819,27.0,0.3824,28.0,0.4309,62.0,0.4166,36.0,,,0.4054,31.0
2016-05-02,0.2429,23.0,0.3056,31.0,0.3712,26.0,,,0.3479,17.0,0.3831,28.0,0.4316,63.0,0.3712,24.0,,,0.3479,18.0
2016-04-29,0.2938,36.0,0.3437,44.0,0.4296,43.0,,,0.7241,89.0,0.3825,28.0,0.4318,63.0,0.4296,40.0,,,0.7241,99.0
2016-04-28,0.343,48.0,0.3691,53.0,0.3926,32.0,,,0.4376,45.0,0.3822,28.0,0.4321,63.0,0.4223,38.0,,,0.4212,35.0
2016-04-27,0.352,51.0,0.4018,63.0,0.3529,20.0,,,0.5118,62.0,0.3821,28.0,0.4321,63.0,0.3529,21.0,,,0.4164,34.0
2016-04-26,0.3481,49.0,0.6344,94.0,0.4624,52.0,,,0.6026,77.0,0.3828,28.0,0.4345,64.0,0.3985,31.0,,,0.425,36.0
2016-04-22,0.3449,49.0,0.6077,93.0,0.4828,56.0,,,0.5182,63.0,0.3865,30.0,0.4335,63.0,0.4142,35.0,,,0.4046,30.0
2016-04-21,0.3823,57.0,0.613,93.0,0.5888,74.0,,,0.3658,22.0,0.391,32.0,0.4367,64.0,0.5888,87.0,,,0.3624,21.0
2016-04-20,0.3109,41.0,0.5947,92.0,0.3564,22.0,,,0.4762,55.0,0.3882,31.0,0.435,64.0,0.3583,22.0,,,0.4743,53.0
2016-04-19,0.297,37.0,0.5966,92.0,0.3242,11.0,,,0.493,59.0,0.3866,30.0,0.434,64.0,0.3549,21.0,,,0.3801,24.0
2016-04-18,0.2433,23.0,0.5724,90.0,0.3932,32.0,,,0.4419,46.0,0.3865,30.0,0.4328,63.0,0.3932,28.0,,,0.4419,42.0
2016-04-14,0.34,48.0,0.3251,38.0,0.4516,49.0,,,0.4133,36.0,0.3866,30.0,0.4179,59.0,0.4099,34.0,,,0.4013,28.0
2016-04-13,0.3569,52.0,0.3179,35.0,0.3973,33.0,,,0.5244,64.0,0.3865,30.0,0.4182,59.0,0.4092,34.0,,,0.4521,45.0
2016-04-12,0.3305,45.0,0.3233,37.0,0.411,38.0,,,0.4862,57.0,0.3865,30.0,0.4186,59.0,0.411,34.0,,,0.375,23.0
2016-04-11,0.2594,27.0,0.3133,33.0,0.4548,50.0,,,0.4165,38.0,0.3883,31.0,0.4191,59.0,0.394,30.0,,,0.3818,25.0
2016-04-08,0.2572,27.0,0.2747,20.0,0.3953,33.0,,,0.5498,69.0,0.3888,31.0,0.4181,59.0,0.3811,26.0,,,0.3888,26.0
2016-04-07,0.2399,22.0,0.3043,30.0,0.5182,63.0,,,0.3673,22.0,0.3889,31.0,0.4182,59.0,0.4152,35.0,,,0.3673,22.0
2016-04-06,0.3524,51.0,0.3164,34.0,0.5229,63.0,,,0.4544,49.0,0.386,30.0,0.4183,59.0,0.4307,40.0,,,0.3968,28.0
2016-04-05,0.3487,50.0,0.3071,31.0,0.4971,59.0,,,0.3511,18.0,0.3866,30.0,0.4201,59.0,0.4003,31.0,,,0.3735,23.0
2016-04-04,0.3364,46.0,0.3085,32.0,0.4187,40.0,,,0.3756,25.0,0.3907,32.0,0.4217,60.0,0.4184,36.0,,,0.3496,19.0
2016-03-31,0.334,46.0,0.309,32.0,0.5152,62.0,,,0.3549,19.0,0.3899,31.0,0.4217,60.0,0.5152,70.0,,,0.3734,23.0
2016-03-30,0.3369,47.0,0.3064,31.0,0.4636,52.0,,,0.3985,32.0,0.3895,31.0,0.4219,60.0,0.4135,35.0,,,0.3838,25.0
2016-03-29,0.4522,72.0,0.3229,37.0,0.3558,22.0,,,0.7404,90.0,0.3922,32.0,0.4223,60.0,0.3558,21.0,,,0.429,37.0
2016-03-28,0.4978,79.0,0.3636,52.0,0.3615,23.0,,,0.4281,42.0,0.3885,31.0,0.4206,60.0,0.4379,42.0,,,0.4021,30.0
2016-03-24,0.5502,84.0,0.3666,53.0,0.4219,41.0,,,0.4422,46.0,0.3896,31.0,0.4213,60.0,0.4219,38.0,,,0.4228,35.0
2016-03-23,0.5457,83.0,0.3901,60.0,0.4032,35.0,,,0.536,66.0,0.3902,32.0,0.4221,60.0,0.4142,35.0,,,0.4367,40.0
2016-03-22,0.55,84.0,0.3795,57.0,0.5032,60.0,,,0.3666,22.0,0.391,32.0,0.4224,60.0,0.4503,47.0,,,0.3774,24.0
2016-03-21,0.5044,79.0,0.3761,56.0,0.482,56.0,,,0.4226,40.0,0.3896,31.0,0.4221,60.0,0.4167,36.0,,,0.391,27.0
2016-03-18,0.4669,74.0,0.3826,57.0,0.476,55.0,,,0.4364,44.0,0.3898,31.0,0.4235,61.0,0.3902,28.0,,,0.4347,39.0
2016-03-17,0.4019,63.0,0.3621,51.0,0.5557,69.0,,,0.618,79.0,0.3819,28.0,0.4224,60.0,0.3901,28.0,,,0.4536,45.0
2016-03-15,0.2448,23.0,0.4133,66.0,0.4506,48.0,,,0.5436,68.0,0.3737,28.0,0.4193,59.0,0.4809,59.0,,,0.5436,77.0
2016-03-14,0.29,35.0,0.4161,66.0,0.6329,81.0,,,0.4415,46.0,0.3732,28.0,0.4183,59.0,0.3868,28.0,,,0.4638,49.0
2016-03-11,0.3068,40.0,0.4164,67.0,0.617,79.0,,,0.719,89.0,0.3779,28.0,0.4207,60.0,0.4184,36.0,,,0.4522,45.0
2016-03-10,0.2982,37.0,0.4105,65.0,0.7776,92.0,,,0.8512,94.0,0.3809,28.0,0.4215,60.0,0.4354,41.0,,,0.4439,42.0
2016-03-09,0.2972,37.0,0.4044,63.0,0.7274,90.0,,,0.7835,92.0,0.3829,28.0,0.4227,60.0,0.4463,46.0,,,0.4447,43.0
2016-03-08,0.295,36.0,0.3838,57.0,0.8185,93.0,,,0.7313,89.0,0.3825,28.0,0.4226,60.0,0.4498,47.0,,,0.4254,36.0
2016-03-07,0.2979,37.0,0.2846,24.0,0.5424,67.0,,,0.5343,66.0,0.3821,28.0,0.4171,57.0,0.515,70.0,,,0.4237,36.0
2016-03-04,0.2623,28.0,0.2657,18.0,0.5232,63.0,,,0.7199,89.0,0.3808,28.0,0.4177,59.0,0.4067,33.0,,,0.4338,39.0
2016-03-03,0.1951,13.0,0.2669,18.0,0.4237,41.0,,,0.4997,60.0,0.3793,28.0,0.4174,57.0,0.4301,40.0,,,0.4107,32.0
2016-03-02,0.1907,12.0,0.282,23.0,0.6296,80.0,,,0.6517,83.0,0.3899,31.0,0.4234,61.0,0.4318,40.0,,,0.4422,42.0
2016-03-01,0.2111,16.0,0.2927,26.0,0.5432,67.0,,,0.4669,53.0,0.3927,32.0,0.4577,73.0,0.3902,28.0,,,0.4272,37.0
2016-02-29,0.2408,22.0,0.3354,41.0,0.5017,60.0,,,0.4746,54.0,0.3925,32.0,0.4583,73.0,0.5017,65.0,,,0.3782,24.0
2016-02-25,0.2152,17.0,0.3057,31.0,0.5802,72.0,,,0.5925,76.0,0.3925,32.0,0.4574,73.0,0.4344,41.0,,,0.4417,42.0
2016-02-24,0.2173,17.0,0.3218,36.0,0.4532,49.0,,,0.4069,34.0,0.3921,32.0,0.4581,73.0,0.4019,32.0,,,0.3879,26.0
2016-02-23,0.2257,19.0,0.2926,26.0,0.5153,62.0,,,0.4906,57.0,0.4011,36.0,0.4592,74.0,0.4569,49.0,,,0.4278,37.0
2016-02-22,0.2287,19.0,0.3098,32.0,0.5691,71.0,,,0.5543,69.0,0.4005,35.0,0.4597,74.0,0.4789,57.0,,,0.4408,41.0
2016-02-19,0.2315,20.0,0.3196,35.0,0.4075,36.0,,,0.7344,89.0,0.4094,39.0,0.4673,76.0,0.4075,33.0,,,0.5536,79.0
2016-02-18,0.2221,18.0,0.2854,24.0,0.5888,74.0,,,0.399,32.0,0.4115,40.0,0.4677,76.0,0.4118,34.0,,,0.4185,34.0
2016-02-16,0.2951,36.0,0.3523,47.0,0.5031,60.0,,,0.4615,51.0,0.4132,41.0,0.4685,77.0,0.3997,31.0,,,0.4345,39.0
2016-02-12,0.3131,41.0,0.3563,49.0,0.4674,53.0,,,0.4555,50.0,0.4128,41.0,0.4679,77.0,0.4301,40.0,,,0.4328,38.0
2016-02-11,0.2779,32.0,0.3648,52.0,0.4792,55.0,,,0.5203,64.0,0.4125,41.0,0.4683,77.0,0.4393,43.0,,,0.4371,40.0
2016-02-10,0.2165,17.0,0.3447,45.0,0.5764,72.0,,,0.5112,62.0,0.4132,41.0,0.4679,77.0,0.4351,41.0,,,0.4524,45.0
2016-02-09,0.2609,28.0,0.3528,48.0,0.6273,80.0,,,0.4399,45.0,0.413,41.0,0.4673,76.0,0.4368,42.0,,,0.37,22.0
2016-02-08,0.2903,35.0,0.3641,52.0,0.4472,47.0,,,0.5728,72.0,0.4129,41.0,0.4674,76.0,0.4236,38.0,,,0.446,43.0
2016-02-05,0.3127,41.0,0.3298,39.0,0.6593,84.0,,,0.51,62.0,0.4143,42.0,0.4662,76.0,0.4961,63.0,,,0.4396,41.0
2016-02-04,0.3059,39.0,0.3153,34.0,0.48,55.0,,,0.3488,17.0,0.4162,44.0,0.4667,76.0,0.4693,54.0,,,0.426,36.0
2016-02-03,0.2911,35.0,0.3784,57.0,0.4974,59.0,,,0.5049,61.0,0.4153,43.0,0.4659,76.0,0.4301,40.0,,,0.4303,38.0
2016-02-02,0.3278,45.0,0.3782,56.0,0.4271,43.0,,,0.487,57.0,0.4173,45.0,0.4667,76.0,0.3978,31.0,,,0.4377,40.0
2016-02-01,0.319,42.0,0.5047,83.0,0.3969,33.0,,,0.6182,79.0,0.4184,45.0,0.4664,76.0,0.3632,23.0,,,0.4108,32.0
2016-01-29,0.3092,40.0,0.4893,81.0,0.3439,17.0,,,0.6091,78.0,0.418,45.0,0.4653,76.0,0.4063,33.0,,,0.3887,26.0
2016-01-28,0.4589,73.0,0.6065,93.0,0.5154,62.0,,,0.4314,43.0,0.4187,46.0,0.4654,76.0,0.4162,36.0,,,0.4283,37.0
2016-01-27,0.4589,73.0,0.6217,94.0,0.4257,42.0,,,0.3816,27.0,0.4176,45.0,0.4656,76.0,0.4445,45.0,,,0.4062,31.0
2016-01-25,0.4109,65.0,0.5882,91.0,0.505,60.0,,,0.4174,38.0,0.4159,43.0,0.4616,75.0,0.4169,36.0,,,0.4082,32.0
2016-01-22,0.3679,55.0,0.5854,91.0,0.4363,45.0,,,0.4174,38.0,0.4147,42.0,0.4629,75.0,0.4339,41.0,,,0.4092,32.0
2016-01-21,0.3688,55.0,0.4902,81.0,0.4173,39.0,,,0.4124,36.0,0.4176,45.0,0.4572,72.0,0.4111,34.0,,,0.4361,40.0
2016-01-20,0.3651,54.0,0.5459,88.0,0.3315,13.0,,,0.7873,92.0,0.4173,45.0,0.457,72.0,0.3494,20.0,,,0.4281,37.0
2016-01-19,0.3984,62.0,0.4501,74.0,0.5285,65.0,,,0.3332,13.0,0.4103,40.0,0.4486,70.0,0.4495,47.0,,,0.3332,13.0
2016-01-15,0.398,62.0,0.4417,72.0,0.3983,34.0,,,0.5132,62.0,0.4105,40.0,0.4478,69.0,0.3928,28.0,,,0.443,42.0
2016-01-14,0.3992,62.0,0.4245,68.0,0.449,48.0,,,0.4117,36.0,0.4123,41.0,0.4498,70.0,0.4394,43.0,,,0.4238,36.0
2016-01-13,0.4327,69.0,0.4378,71.0,0.5725,71.0,,,0.5974,76.0,0.4124,41.0,0.4495,70.0,0.4562,49.0,,,0.4526,45.0
2016-01-12,0.4329,69.0,0.4526,75.0,0.5382,66.0,,,0.8706,95.0,0.4136,42.0,0.4496,70.0,0.4024,32.0,,,0.4351,39.0
2016-01-11,0.4079,64.0,0.4476,74.0,0.6971,88.0,,,0.4023,33.0,0.4132,41.0,0.4488,70.0,0.4684,54.0,,,0.4023,30.0
2016-01-08,0.4201,66.0,0.395,61.0,0.5313,65.0,,,0.3548,19.0,0.4133,42.0,0.4452,69.0,0.4693,54.0,,,0.4059,31.0
2016-01-07,0.2552,26.0,0.3363,42.0,0.455,50.0,,,0.4236,40.0,0.4045,37.0,0.4424,67.0,0.4655,53.0,,,0.4787,55.0
2016-01-06,0.2598,27.0,0.3311,40.0,0.4084,37.0,,,0.3872,28.0,0.4053,38.0,0.4417,67.0,0.4244,39.0,,,0.4285,37.0
2016-01-05,0.2642,28.0,0.3485,46.0,0.4349,44.0,,,0.7578,91.0,0.405,38.0,0.4414,66.0,0.4113,34.0,,,0.4232,35.0
2016-01-04,0.3193,42.0,0.3489,46.0,0.409,37.0,,,0.5788,73.0,0.4038,37.0,0.4411,66.0,0.491,62.0,,,0.4443,43.0
2015-12-30,0.4132,65.0,0.3633,51.0,0.7735,92.0,,,0.289,3.0,0.4044,37.0,0.4401,66.0,0.4858,60.0,,,0.401,28.0
2015-12-29,0.3475,49.0,0.3463,45.0,0.4089,37.0,,,0.3713,24.0,0.4044,37.0,0.4402,66.0,0.4169,36.0,,,0.3872,26.0
2015-12-28,0.3514,51.0,0.3503,47.0,0.4789,55.0,,,0.3967,32.0,0.4047,38.0,0.44,66.0,0.4189,37.0,,,0.4245,36.0
2015-12-24,0.3359,46.0,0.3485,46.0,0.55,68.0,,,0.353,18.0,0.4048,38.0,0.4395,65.0,0.4251,39.0,,,0.3686,22.0
2015-12-23,0.2914,35.0,0.3452,45.0,0.357,22.0,,,0.431,42.0,0.4042,37.0,0.4386,65.0,0.35,20.0,,,0.4157,33.0
2015-12-22,0.31,40.0,0.3496,47.0,0.2965,4.0,,,0.5461,68.0,0.4041,37.0,0.4389,65.0,0.3678,24.0,,,0.4923,59.0
2015-12-21,0.2686,30.0,0.3917,60.0,0.3938,32.0,,,0.5242,64.0,0.405,38.0,0.4377,65.0,0.3831,27.0,,,0.5182,67.0
2015-12-18,0.2639,28.0,0.3937,61.0,0.41,37.0,,,0.4252,41.0,0.4051,38.0,0.4373,65.0,0.4507,47.0,,,0.4634,48.0
2015-12-17,0.2671,30.0,0.4143,66.0,0.4376,45.0,,,0.3993,32.0,0.405,38.0,0.4369,64.0,0.4284,39.0,,,0.4202,35.0
2015-12-16,0.2973,37.0,0.445,73.0,0.5062,60.0,,,0.5489,68.0,0.4055,38.0,0.4365,64.0,0.5062,67.0,,,0.3441,17.0
2015-12-15,0.2807,32.0,0.4648,77.0,0.4518,49.0,,,0.3821,27.0,0.4044,37.0,0.4368,64.0,0.3925,28.0,,,0.4302,38.0
2015-12-14,0.2851,34.0,0.4549,75.0,0.4552,50.0,,,1.0503,98.0,0.4046,38.0,0.4359,64.0,0.4724,56.0,,,0.4829,56.0
2015-12-11,0.2434,23.0,0.447,73.0,0.4222,41.0,,,0.4706,53.0,0.4052,38.0,0.435,64.0,0.4519,48.0,,,0.5002,62.0
2015-12-10,0.2348,21.0,0.4316,70.0,0.4247,42.0,,,0.4508,48.0,0.403,37.0,0.4308,62.0,0.4068,33.0,,,0.4708,51.0
2015-12-09,0.6794,90.0,0.5805,91.0,0.3606,23.0,,,0.4333,43.0,0.4039,37.0,0.431,62.0,0.4099,34.0,,,0.4444,43.0
2015-12-08,0.7407,93.0,0.6269,94.0,1.0962,99.0,,,0.4224,40.0,0.4045,37.0,0.4298,62.0,0.4267,39.0,,,0.4184,34.0
2015-12-07,0.71,92.0,0.605,93.0,0.6341,81.0,,,0.6476,83.0,0.4039,37.0,0.4276,62.0,0.6341,93.0,,,0.651,94.0
2015-12-04,0.7065,92.0,0.6193,93.0,0.3627,23.0,,,0.3565,20.0,0.404,37.0,0.4258,61.0,0.4263,39.0,,,0.4294,37.0
2015-12-03,0.7042,92.0,0.6503,95.0,0.394,32.0,,,0.5056,61.0,0.4035,37.0,0.4254,61.0,0.3934,28.0,,,0.4437,42.0
2015-12-02,0.7083,92.0,0.6411,94.0,0.3445,18.0,,,0.4327,43.0,0.4038,37.0,0.4246,61.0,0.3897,28.0,,,0.4326,38.0
2015-12-01,0.7197,92.0,0.6296,94.0,0.4098,37.0,,,0.506,61.0,0.4022,36.0,0.4224,60.0,0.4174,36.0,,,0.4398,41.0
2015-11-30,0.2933,36.0,0.4894,81.0,0.8084,93.0,,,0.758,91.0,0.3677,28.0,0.4117,57.0,0.4769,57.0,,,0.4519,45.0
2015-11-27,0.2332,20.0,0.4373,71.0,0.6029,76.0,,,0.585,74.0,0.3659,27.0,0.4067,55.0,0.4397,43.0,,,0.6232,92.0
2015-11-25,0.2402,22.0,0.4446,73.0,0.7006,88.0,,,0.5145,63.0,0.3663,27.0,0.4065,55.0,0.5081,68.0,,,0.5349,74.0
2015-11-24,0.2242,18.0,0.4115,65.0,0.5395,66.0,,,0.5362,66.0,0.3644,27.0,0.4042,55.0,0.4409,44.0,,,0.482,56.0
2015-11-23,0.4004,62.0,0.3802,57.0,0.6608,84.0,,,0.4667,52.0,0.3627,26.0,0.4013,54.0,0.5109,69.0,,,0.453,45.0
2015-11-20,0.3973,62.0,0.5211,86.0,0.4542,49.0,,,0.4926,57.0,0.3629,27.0,0.4008,54.0,0.4535,48.0,,,0.4442,42.0
2015-11-19,0.4971,78.0,0.5308,87.0,0.3867,30.0,,,0.4822,56.0,0.363,27.0,0.3992,53.0,0.412,35.0,,,0.4546,45.0
2015-11-17,0.5965,87.0,0.58,91.0,0.4869,57.0,,,0.5405,67.0,0.3636,27.0,0.3983,52.0,0.4869,61.0,,,0.4876,57.0
2015-11-16,0.5299,82.0,0.5896,92.0,0.5257,64.0,,,0.4393,45.0,0.3717,28.0,0.4013,54.0,0.5257,74.0,,,0.4242,36.0
2015-11-13,0.4914,78.0,0.5887,92.0,0.723,90.0,,,0.4946,59.0,0.3711,28.0,0.4016,54.0,0.5353,77.0,,,0.523,69.0
2015-11-12,0.4709,75.0,0.5921,92.0,0.4882,57.0,,,0.5461,68.0,0.3659,27.0,0.4012,54.0,0.4128,35.0,,,0.4626,48.0
2015-11-11,0.5427,83.0,0.475,78.0,0.7587,91.0,,,0.4781,55.0,0.3659,27.0,0.391,49.0,0.4707,55.0,,,0.4347,39.0
2015-11-10,0.5255,81.0,0.4495,74.0,0.603,76.0,,,0.4203,39.0,0.3624,26.0,0.3892,48.0,0.4799,57.0,,,0.4597,47.0
2015-11-09,0.5093,80.0,0.4373,71.0,0.8147,93.0,,,0.413,36.0,0.3622,26.0,0.3878,47.0,0.55,81.0,,,0.4026,30.0
2015-11-06,0.296,37.0,0.3618,51.0,0.5916,75.0,,,0.3894,30.0,0.3468,22.0,0.3831,44.0,0.4795,57.0,,,0.4032,30.0
2015-11-05,0.3194,42.0,0.3834,57.0,0.5232,63.0,,,0.5252,64.0,0.3474,22.0,0.3823,44.0,0.4197,37.0,,,0.4733,52.0
2015-11-04,0.3927,60.0,0.3976,62.0,0.4628,52.0,,,0.4133,36.0,0.3495,23.0,0.3834,45.0,0.4356,41.0,,,0.4133,33.0
2015-11-03,0.3536,51.0,0.372,54.0,0.5092,61.0,,,0.3833,28.0,0.3461,21.0,0.3824,44.0,0.4497,47.0,,,0.4405,41.0
2015-11-02,0.4054,63.0,0.4148,66.0,0.4505,48.0,,,0.4686,53.0,0.3448,21.0,0.3812,44.0,0.4204,37.0,,,0.4464,43.0
2015-10-30,0.4126,65.0,0.4105,65.0,0.5552,69.0,,,0.2962,4.0,0.3455,21.0,0.3819,44.0,0.4663,53.0,,,0.2962,2.0
2015-10-29,0.4171,66.0,0.4056,63.0,0.5669,71.0,,,0.4661,52.0,0.3455,21.0,0.3819,44.0,0.3827,27.0,,,0.4071,31.0
2015-10-28,0.4413,70.0,0.4157,66.0,0.5602,69.0,,,0.744,90.0,0.3455,21.0,0.3822,44.0,0.4346,41.0,,,0.3185,7.0
2015-10-27,0.447,71.0,0.3913,60.0,0.6198,79.0,,,0.3843,28.0,0.3441,21.0,0.3794,43.0,0.4602,51.0,,,0.3978,28.0
2015-10-26,0.3567,52.0,0.3664,53.0,0.3981,34.0,,,0.556,70.0,0.3398,20.0,0.3775,43.0,0.3949,30.0,,,0.3829,25.0
2015-10-23,0.3455,49.0,0.3706,54.0,0.6605,84.0,,,0.4324,43.0,0.3396,20.0,0.3775,43.0,0.4567,49.0,,,0.3832,25.0
2015-10-22,0.2573,27.0,0.3193,35.0,0.4226,41.0,,,0.4325,43.0,0.3384,19.0,0.3749,42.0,0.338,18.0,,,0.2933,2.0
2015-10-21,0.3462,49.0,0.3361,42.0,0.4641,52.0,,,0.431,42.0,0.338,19.0,0.3743,41.0,0.3975,31.0,,,0.3206,8.0
2015-10-20,0.3578,52.0,0.3406,43.0,0.367,24.0,,,0.5092,61.0,0.3394,20.0,0.3748,42.0,0.3868,28.0,,,0.4233,36.0
2015-10-19,0.3286,45.0,0.327,38.0,0.41,37.0,,,0.4566,50.0,0.3381,19.0,0.3737,41.0,0.3615,22.0,,,0.4005,28.0
2015-10-16,0.3108,41.0,0.3354,41.0,0.398,34.0,,,0.4493,48.0,0.3366,19.0,0.3722,40.0,0.4103,34.0,,,0.391,27.0
2015-10-15,0.3194,42.0,0.3721,54.0,0.3931,32.0,,,0.4718,54.0,0.3367,19.0,0.3717,40.0,0.3009,5.0,,,0.4718,52.0
2015-10-14,0.3696,55.0,0.3922,60.0,0.4547,50.0,,,0.4401,45.0,0.3364,19.0,0.3711,40.0,0.4858,60.0,,,0.4083,32.0
2015-10-13,0.4037,63.0,0.3906,60.0,0.4768,55.0,,,0.3647,22.0,0.3364,19.0,0.3711,40.0,0.3934,28.0,,,0.4151,33.0
2015-10-12,0.3621,53.0,0.3695,54.0,0.3654,24.0,,,0.4449,47.0,0.3362,19.0,0.3708,40.0,0.3566,21.0,,,0.4596,47.0
2015-10-09,0.3451,49.0,0.3629,51.0,0.4346,44.0,,,0.3848,28.0,0.3353,19.0,0.3704,40.0,0.4054,33.0,,,0.405,30.0
2015-10-08,0.4267,67.0,0.3933,61.0,0.4391,45.0,,,0.409,35.0,0.3353,19.0,0.3699,40.0,0.4141,35.0,,,0.4122,32.0
2015-10-07,0.4144,65.0,0.3669,53.0,0.4416,46.0,,,0.4076,34.0,0.3341,19.0,0.3682,39.0,0.4326,41.0,,,0.4159,34.0
2015-10-06,0.4205,66.0,0.3356,41.0,0.4426,46.0,,,0.3385,14.0,0.3337,19.0,0.3658,39.0,0.4407,43.0,,,0.4157,33.0
2015-10-05,0.3193,42.0,0.3183,35.0,0.4387,45.0,,,0.411,36.0,0.3284,17.0,0.3645,38.0,0.3783,26.0,,,0.4059,31.0
2015-10-02,0.3288,45.0,0.3151,34.0,0.3746,27.0,,,0.4548,49.0,0.3274,16.0,0.3638,38.0,0.3988,31.0,,,0.4108,32.0
2015-10-01,0.325,44.0,0.3183,35.0,0.4103,37.0,,,0.4058,34.0,0.3272,16.0,0.3636,38.0,0.3976,31.0,,,0.4144,33.0
2015-09-30,0.3363,46.0,0.3431,44.0,0.349,19.0,,,0.4219,40.0,0.3272,16.0,0.3634,38.0,0.3982,31.0,,,0.4142,33.0
2015-09-29,0.1607,8.0,0.3235,37.0,0.4119,38.0,,,0.3819,27.0,0.3219,15.0,0.3613,37.0,0.4277,39.0,,,0.4147,33.0
2015-09-28,0.13,3.0,0.3322,40.0,0.4302,43.0,,,0.4077,35.0,0.3218,15.0,0.3614,37.0,0.4034,32.0,,,0.4178,34.0
2015-09-25,0.1751,10.0,0.3224,37.0,0.4156,39.0,,,0.3745,25.0,0.3212,15.0,0.3616,37.0,0.4101,34.0,,,0.4007,28.0
2015-09-24,0.2015,14.0,0.3089,32.0,0.4293,43.0,,,0.3715,24.0,0.3213,15.0,0.3608,37.0,0.4238,38.0,,,0.3741,23.0
2015-09-23,0.347,49.0,0.3449,45.0,0.3403,16.0,,,0.4549,50.0,0.3217,15.0,0.3604,37.0,0.3954,30.0,,,0.4096,32.0
2015-09-22,0.4082,64.0,0.365,52.0,0.3901,31.0,,,0.4429,46.0,0.322,15.0,0.3605,37.0,0.3959,30.0,,,0.4112,32.0
2015-09-21,0.4529,72.0,0.3679,53.0,0.4224,41.0,,,0.3931,31.0,0.3214,15.0,0.3594,36.0,0.3874,28.0,,,0.3917,27.0
2015-09-18,0.433,69.0,0.366,52.0,0.436,45.0,,,0.3962,32.0,0.3205,15.0,0.3582,36.0,0.3949,30.0,,,0.3971,28.0
2015-09-17,0.3968,61.0,0.3613,50.0,0.4071,36.0,,,0.4108,36.0,0.3198,14.0,0.3582,36.0,0.4164,36.0,,,0.3914,27.0
2015-09-16,0.4066,64.0,0.3847,57.0,0.4053,36.0,,,0.4377,45.0,0.3222,15.0,0.3598,37.0,0.3697,24.0,,,0.4014,28.0
2015-09-15,0.4294,68.0,0.4006,63.0,0.3861,30.0,,,0.4062,34.0,0.3304,17.0,0.3638,38.0,0.3626,22.0,,,0.4123,32.0
2015-09-14,0.4827,76.0,0.4624,77.0,0.4705,54.0,,,0.3714,24.0,0.3449,21.0,0.3692,40.0,0.4367,42.0,,,0.405,30.0
2015-09-11,0.524,81.0,0.855,99.0,0.6137,78.0,,,0.4209,39.0,0.3411,20.0,0.3679,39.0,0.5187,72.0,,,0.2798,1.0
2015-09-10,0.464,74.0,0.8475,99.0,0.4533,49.0,,,0.4146,37.0,0.3387,19.0,0.3666,39.0,0.419,37.0,,,0.4229,35.0
2015-09-09,0.4862,77.0,0.8415,99.0,0.5032,60.0,,,0.4363,44.0,0.3415,20.0,0.367,39.0,0.3955,30.0,,,0.4231,35.0
2015-09-08,0.4841,77.0,0.8401,99.0,0.446,47.0,,,0.4344,44.0,0.3422,20.0,0.3679,39.0,0.4071,33.0,,,0.4149,33.0
2015-09-04,0.4841,77.0,0.8352,99.0,0.475,54.0,,,0.3842,28.0,0.3465,22.0,0.3671,39.0,0.4256,39.0,,,0.4068,31.0
2015-09-03,0.6205,88.0,0.8483,99.0,0.4245,42.0,,,0.3761,25.0,0.3455,21.0,0.3657,39.0,0.4099,34.0,,,0.3815,25.0
2015-09-02,0.4189,66.0,0.8049,98.0,0.4348,44.0,,,0.3481,17.0,0.3339,19.0,0.3589,36.0,0.411,34.0,,,0.3714,23.0
2015-09-01,0.565,85.0,0.493,82.0,0.3897,31.0,,,0.557,70.0,0.3342,19.0,0.3157,21.0,0.3916,28.0,,,0.4063,31.0
2015-08-31,0.6071,88.0,0.5168,86.0,0.5064,60.0,,,0.5662,71.0,0.3338,19.0,0.3154,21.0,0.3741,25.0,,,0.4013,28.0
2015-08-28,0.6048,87.0,0.5188,86.0,0.4152,39.0,,,0.4124,36.0,0.3332,18.0,0.3152,21.0,0.3834,27.0,,,0.3953,28.0
2015-08-27,0.6066,88.0,0.5245,86.0,0.3976,34.0,,,0.4796,56.0,0.3332,18.0,0.3154,21.0,0.3931,28.0,,,0.4173,34.0
2015-08-26,0.606,88.0,0.5133,85.0,0.3968,33.0,,,0.5376,66.0,0.3338,19.0,0.3143,21.0,0.3591,22.0,,,0.4412,42.0
2015-08-25,0.423,67.0,0.4814,80.0,0.5296,65.0,,,0.4422,46.0,0.3232,15.0,0.311,20.0,0.4011,32.0,,,0.3807,24.0
2015-08-24,0.4584,73.0,0.4806,79.0,0.5916,75.0,,,0.7721,91.0,0.3206,15.0,0.3099,20.0,0.4148,35.0,,,0.3484,19.0
2015-08-21,0.3662,54.0,0.3196,35.0,0.3763,27.0,,,0.4659,52.0,0.3112,11.0,0.2983,18.0,0.3465,20.0,,,0.3706,22.0
2015-08-20,0.293,36.0,0.2767,21.0,0.3686,25.0,,,0.3366,14.0,0.3062,11.0,0.2953,16.0,0.3625,22.0,,,0.3434,17.0
2015-08-19,0.2801,32.0,0.2756,21.0,0.4108,38.0,,,0.3402,15.0,0.303,10.0,0.2967,17.0,0.3469,20.0,,,0.3716,23.0
2015-08-18,0.3663,55.0,0.3072,31.0,0.3945,32.0,,,0.3229,10.0,0.303,10.0,0.2961,17.0,0.3376,18.0,,,0.3354,14.0
2015-08-17,0.3624,54.0,0.3078,32.0,0.3119,7.0,,,0.3586,20.0,0.3038,11.0,0.2967,17.0,0.3352,17.0,,,0.3804,24.0
2015-08-14,0.4067,64.0,0.3252,38.0,0.3194,9.0,,,0.4297,42.0,0.3033,10.0,0.2958,17.0,0.3177,10.0,,,0.3724,23.0
2015-08-13,0.3989,62.0,0.3049,31.0,0.4068,36.0,,,0.3632,21.0,0.3043,11.0,0.3006,18.0,0.3552,21.0,,,0.3461,18.0
2015-08-12,0.4033,63.0,0.303,30.0,0.3255,11.0,,,0.418,38.0,0.3045,11.0,0.3006,18.0,0.3286,14.0,,,0.3609,21.0
2015-08-11,0.4278,68.0,0.3157,34.0,0.3849,30.0,,,0.3111,7.0,0.3045,11.0,0.2999,18.0,0.3395,18.0,,,0.3449,18.0
2015-08-10,0.3921,60.0,0.3142,34.0,0.3367,15.0,,,0.3767,25.0,0.3012,10.0,0.2991,18.0,0.2818,1.0,,,0.336,14.0
2015-08-07,0.2926,36.0,0.2651,18.0,0.3474,19.0,,,0.3448,16.0,0.2967,8.0,0.2962,17.0,0.3404,19.0,,,0.3419,16.0
2015-08-06,0.315,41.0,0.2677,19.0,0.3695,25.0,,,0.3455,16.0,0.2963,8.0,0.2966,17.0,0.3311,15.0,,,0.3415,16.0
2015-08-05,0.2474,24.0,0.2863,24.0,0.3355,15.0,,,0.3565,20.0,0.2944,8.0,0.295,16.0,0.3315,16.0,,,0.336,14.0
2015-08-04,0.2936,36.0,0.3225,37.0,0.3292,12.0,,,0.3994,32.0,0.2993,9.0,0.2978,18.0,0.3134,8.0,,,0.3425,17.0
2015-08-03,0.2966,37.0,0.3213,36.0,0.3783,28.0,,,0.32,9.0,0.2991,9.0,0.2981,18.0,0.332,16.0,,,0.3459,18.0
2015-07-31,0.2947,36.0,0.3095,32.0,0.3951,33.0,,,0.3197,9.0,0.2971,8.0,0.2968,17.0,0.3317,16.0,,,0.3348,14.0
2015-07-30,0.2876,34.0,0.316,34.0,0.2444,1.0,,,0.362,21.0,0.2967,8.0,0.2969,17.0,0.323,12.0,,,0.3395,15.0
2015-07-29,0.3534,51.0,0.3896,59.0,0.3723,26.0,,,0.3098,6.0,0.2985,9.0,0.2991,18.0,0.3388,18.0,,,0.3521,20.0
2015-07-28,0.3421,48.0,0.3885,59.0,0.3478,19.0,,,0.3413,15.0,0.2986,9.0,0.2995,18.0,0.319,10.0,,,0.3414,16.0
2015-07-27,0.3682,55.0,0.3557,49.0,0.3724,26.0,,,0.3746,25.0,0.3018,10.0,0.2988,18.0,0.3258,13.0,,,0.3453,18.0
2015-07-24,0.285,34.0,0.3266,38.0,0.3652,24.0,,,0.3459,16.0,0.2992,9.0,0.2969,17.0,0.3132,8.0,,,0.3349,14.0
2015-07-23,0.2847,34.0,0.3309,40.0,0.3734,26.0,,,0.3222,10.0,0.2992,9.0,0.2969,17.0,0.3447,19.0,,,0.3263,10.0
2015-07-22,0.264,28.0,0.3238,37.0,0.293,3.0,,,0.3592,21.0,0.2974,8.0,0.2962,17.0,0.3144,9.0,,,0.3335,13.0
2015-07-21,0.2811,33.0,0.3135,33.0,0.3424,17.0,,,0.3565,20.0,0.2971,8.0,0.2956,17.0,0.2971,4.0,,,0.3216,8.0
2015-07-20,0.2267,19.0,0.2176,7.0,0.2869,3.0,,,0.3022,5.0,0.2943,8.0,0.291,14.0,0.3136,8.0,,,0.3022,3.0
2015-07-17,0.2257,19.0,0.2429,12.0,0.3731,26.0,,,0.3022,5.0,0.2967,8.0,0.2927,15.0,0.3295,15.0,,,0.293,2.0
2015-07-16,0.1696,9.0,0.2143,7.0,0.3091,7.0,,,0.3254,10.0,0.2949,8.0,0.2914,15.0,0.3197,11.0,,,0.3254,9.0
2015-07-15,0.174,10.0,0.2509,14.0,0.2977,4.0,,,0.3399,15.0,0.2947,8.0,0.293,16.0,0.328,14.0,,,0.3399,16.0
2015-07-14,0.2646,28.0,0.2794,22.0,0.3322,14.0,,,0.327,11.0,0.2943,8.0,0.2926,15.0,0.3332,16.0,,,0.327,10.0
2015-07-13,0.2636,28.0,0.2749,20.0,0.3124,7.0,,,0.3368,14.0,0.2953,8.0,0.2934,16.0,0.3194,11.0,,,0.3368,15.0
2015-07-10,0.2545,26.0,0.2747,20.0,0.3052,6.0,,,0.3481,17.0,0.2946,8.0,0.2929,16.0,0.3143,9.0,,,0.3481,19.0
2015-07-09,0.2538,26.0,0.2794,22.0,0.3647,24.0,,,0.327,11.0,0.2977,8.0,0.2969,17.0,0.3116,8.0,,,0.327,10.0
2015-07-08,0.3247,44.0,0.2952,27.0,0.3153,8.0,,,0.3581,20.0,0.2985,9.0,0.2963,17.0,0.3302,15.0,,,0.342,16.0
2015-07-07,0.4293,68.0,0.3173,35.0,0.3366,15.0,,,0.3576,20.0,0.2983,8.0,0.2962,17.0,0.3293,15.0,,,0.3374,15.0
2015-07-06,0.4264,67.0,0.2957,27.0,0.3573,22.0,,,0.3107,7.0,0.2981,8.0,0.2951,16.0,0.322,12.0,,,0.3235,9.0
2015-07-02,0.3688,55.0,0.2635,17.0,0.2909,3.0,,,0.3244,10.0,0.2975,8.0,0.2944,16.0,0.3278,14.0,,,0.3419,16.0
2015-07-01,0.3721,56.0,0.2613,17.0,0.2433,1.0,,,0.3401,15.0,0.3003,9.0,0.2961,17.0,0.312,8.0,,,0.3426,17.0
2015-06-30,0.3712,56.0,0.2824,23.0,0.2528,1.0,,,0.3337,13.0,0.3024,10.0,0.2983,18.0,0.3095,7.0,,,0.3368,15.0
2015-06-29,0.3727,56.0,0.2782,21.0,0.4144,39.0,,,0.2949,4.0,0.3032,10.0,0.3006,18.0,0.3267,14.0,,,0.3184,7.0
2015-06-26,0.286,34.0,0.2501,14.0,0.3019,5.0,,,0.3387,15.0,0.2988,9.0,0.2994,18.0,0.3019,5.0,,,0.3387,15.0
2015-06-25,0.1919,13.0,0.2205,8.0,0.3124,7.0,,,0.2985,4.0,0.2941,8.0,0.2993,18.0,0.3163,9.0,,,0.3256,9.0
2015-06-24,0.1946,13.0,0.2424,12.0,0.2847,2.0,,,0.3124,7.0,0.294,8.0,0.2992,18.0,0.2995,5.0,,,0.3205,8.0
2015-06-23,0.2664,30.0,0.2493,14.0,0.2815,2.0,,,0.3048,5.0,0.2943,8.0,0.299,18.0,0.3129,8.0,,,0.3437,17.0
2015-06-22,0.2605,28.0,0.2488,14.0,0.3644,24.0,,,0.3276,11.0,0.298,8.0,0.3023,19.0,0.3153,9.0,,,0.3276,10.0
2015-06-19,0.2528,25.0,0.2202,8.0,0.2689,1.0,,,0.3135,7.0,0.2979,8.0,0.3019,19.0,0.2878,2.0,,,0.3135,6.0
2015-06-18,0.2606,28.0,0.2171,7.0,0.2928,3.0,,,0.3496,17.0,0.312,12.0,0.3072,19.0,0.2951,4.0,,,0.3264,10.0
2015-06-17,0.2352,21.0,0.2048,5.0,0.339,16.0,,,0.3214,9.0,0.3102,11.0,0.3069,19.0,0.2851,2.0,,,0.3352,14.0
2015-06-16,0.244,23.0,0.2428,12.0,0.2686,1.0,,,0.3356,13.0,0.3111,11.0,0.3089,20.0,0.2773,1.0,,,0.3443,17.0
2015-06-15,0.1933,13.0,0.2218,8.0,0.3485,19.0,,,0.2781,2.0,0.3125,12.0,0.3119,20.0,0.3312,15.0,,,0.3112,5.0
2015-06-12,0.145,5.0,0.2247,9.0,0.314,8.0,,,0.3261,11.0,0.3109,11.0,0.3119,20.0,0.296,4.0,,,0.3251,9.0
2015-06-11,0.1672,8.0,0.2322,10.0,0.3549,21.0,,,0.346,16.0,0.3116,12.0,0.3127,20.0,0.3044,6.0,,,0.3211,8.0
2015-06-10,0.1586,7.0,0.2566,15.0,0.3161,8.0,,,0.2841,3.0,0.3143,13.0,0.3134,21.0,0.3187,10.0,,,0.3333,13.0
2015-06-09,0.157,7.0,0.2644,17.0,0.3686,25.0,,,0.2853,3.0,0.3143,13.0,0.3141,21.0,0.3012,5.0,,,0.3298,11.0
2015-06-08,0.1572,7.0,0.2712,19.0,0.3227,10.0,,,0.3288,12.0,0.3153,13.0,0.3153,21.0,0.3074,7.0,,,0.3294,11.0
2015-06-05,0.1446,5.0,0.2411,12.0,0.3111,7.0,,,0.3113,7.0,0.3153,13.0,0.3149,21.0,0.2859,2.0,,,0.3443,17.0
2015-06-04,0.2178,17.0,0.2636,17.0,0.3604,22.0,,,0.3091,6.0,0.3152,13.0,0.3149,21.0,0.3063,6.0,,,0.3151,6.0
2015-06-03,0.2463,23.0,0.2683,19.0,0.2713,1.0,,,0.3353,13.0,0.3165,13.0,0.3171,22.0,0.3017,5.0,,,0.3084,5.0
2015-06-02,0.4369,69.0,0.3504,47.0,0.3315,13.0,,,0.299,4.0,0.3162,13.0,0.3208,22.0,0.3196,11.0,,,0.3109,5.0
2015-06-01,0.4391,70.0,0.3634,51.0,0.3038,5.0,,,0.3239,10.0,0.4014,36.0,0.3301,27.0,0.2945,4.0,,,0.3252,9.0
2015-05-29,0.455,73.0,0.3778,56.0,0.3632,23.0,,,0.2877,3.0,0.4045,37.0,0.3312,27.0,0.3227,12.0,,,0.3361,14.0
2015-05-28,0.4498,71.0,0.3669,53.0,0.3182,9.0,,,0.2981,4.0,0.4038,37.0,0.3317,27.0,0.3009,5.0,,,0.3273,10.0
2015-05-27,0.4941,78.0,0.3764,56.0,0.3169,8.0,,,0.2864,3.0,0.4057,38.0,0.3331,28.0,0.3384,18.0,,,0.3126,5.0
2015-05-26,0.4557,73.0,0.3612,50.0,0.3524,20.0,,,0.292,4.0,0.4035,37.0,0.3323,28.0,0.307,7.0,,,0.3067,4.0
2015-05-22,0.4251,67.0,0.3548,48.0,0.2557,1.0,,,0.3415,15.0,0.4022,36.0,0.3322,28.0,0.3141,9.0,,,0.3146,6.0
2015-05-21,0.2926,36.0,0.2905,26.0,0.3157,8.0,,,0.3764,25.0,0.3954,34.0,0.328,26.0,0.3162,9.0,,,0.3526,20.0
2015-05-20,0.3121,41.0,0.3053,31.0,0.4625,52.0,,,0.4645,52.0,0.3982,35.0,0.3281,26.0,0.3631,23.0,,,0.3897,27.0
2015-05-19,0.2319,20.0,0.2999,28.0,0.4014,35.0,,,0.4028,33.0,0.3969,34.0,0.3269,26.0,0.3236,12.0,,,0.3569,20.0
2015-05-18,0.2359,21.0,0.3027,30.0,0.3464,18.0,,,0.4508,48.0,0.3968,34.0,0.327,26.0,0.3292,15.0,,,0.3505,19.0
2015-05-15,0.2008,14.0,0.3204,36.0,0.3663,24.0,,,0.409,35.0,0.396,34.0,0.3262,25.0,0.3231,12.0,,,0.346,18.0
2015-05-14,0.2037,14.0,0.3335,41.0,0.3643,23.0,,,0.4402,45.0,0.3961,34.0,0.3261,25.0,0.3378,18.0,,,0.3506,19.0
2015-05-13,0.1742,10.0,0.3436,44.0,0.4014,35.0,,,0.3773,26.0,0.3959,34.0,0.3268,26.0,0.3594,22.0,,,0.3769,24.0
2015-05-12,0.1848,11.0,0.3285,39.0,0.333,14.0,,,0.4295,42.0,0.3951,34.0,0.3262,25.0,0.3366,17.0,,,0.394,28.0
2015-05-11,0.1365,4.0,0.2805,22.0,0.3953,33.0,,,0.3639,21.0,0.3939,33.0,0.3238,24.0,0.329,14.0,,,0.371,22.0
2015-05-08,0.187,12.0,0.2683,19.0,0.3361,15.0,,,0.3866,28.0,0.3944,33.0,0.323,23.0,0.3347,17.0,,,0.3622,21.0
2015-05-07,0.2894,35.0,0.2951,27.0,0.3246,11.0,,,0.3825,27.0,0.3942,33.0,0.3228,23.0,0.3224,12.0,,,0.3523,20.0
2015-05-06,0.2532,25.0,0.2583,16.0,0.3412,17.0,,,0.3206,9.0,0.394,33.0,0.3211,23.0,0.3316,16.0,,,0.3764,24.0
2015-05-05,0.2626,28.0,0.2615,17.0,0.31,7.0,,,0.3746,25.0,0.394,33.0,0.3205,22.0,0.3017,5.0,,,0.3589,20.0
2015-05-04,0.253,25.0,0.2437,13.0,0.3471,19.0,,,0.3671,22.0,0.3941,33.0,0.3212,23.0,0.3517,21.0,,,0.3428,17.0
2015-05-01,0.2848,34.0,0.2386,11.0,0.3303,13.0,,,0.3724,24.0,0.3939,33.0,0.321,22.0,0.3254,13.0,,,0.344,17.0
2015-04-30,0.276,31.0,0.2383,11.0,0.3568,22.0,,,0.326,10.0,0.3949,33.0,0.3209,22.0,0.3545,21.0,,,0.3586,20.0
2015-04-29,0.2737,31.0,0.2293,10.0,0.3542,21.0,,,0.3026,5.0,0.3937,33.0,0.3207,22.0,0.3447,19.0,,,0.3211,8.0
2015-04-28,0.2307,20.0,0.2285,9.0,0.3554,21.0,,,0.3649,22.0,0.3901,32.0,0.3198,22.0,0.3409,19.0,,,0.3576,20.0
2015-04-27,0.3067,40.0,0.2581,16.0,0.3738,26.0,,,0.3138,7.0,0.3923,32.0,0.3221,23.0,0.3566,21.0,,,0.3599,21.0
2015-04-24,0.2712,30.0,0.2426,12.0,0.3086,6.0,,,0.3449,16.0,0.3908,32.0,0.3213,23.0,0.3364,17.0,,,0.3614,21.0
2015-04-23,0.2627,28.0,0.2378,11.0,0.3606,23.0,,,0.3436,16.0,0.3917,32.0,0.3223,23.0,0.3191,10.0,,,0.351,19.0
2015-04-22,0.2509,25.0,0.2463,13.0,0.3164,8.0,,,0.3363,14.0,0.3916,32.0,0.3222,23.0,0.3307,15.0,,,0.3215,8.0
2015-04-21,0.2553,26.0,0.2487,14.0,0.3281,12.0,,,0.3323,13.0,0.3921,32.0,0.3231,24.0,0.3092,7.0,,,0.3572,20.0
2015-04-20,0.2546,26.0,0.259,16.0,0.3129,7.0,,,0.3369,14.0,0.3921,32.0,0.3235,24.0,0.2812,1.0,,,0.3369,15.0
2015-04-17,0.1896,12.0,0.2388,11.0,0.3317,13.0,,,0.346,16.0,0.3916,32.0,0.3225,23.0,0.3306,15.0,,,0.3243,9.0
2015-04-16,0.0856,1.0,0.2091,5.0,0.3128,7.0,,,0.3277,11.0,0.3941,33.0,0.3261,25.0,0.2983,5.0,,,0.301,3.0
2015-04-15,0.0933,1.0,0.2003,4.0,0.3438,17.0,,,0.3016,5.0,0.3944,33.0,0.3273,26.0,0.3167,9.0,,,0.3016,3.0
2015-04-14,0.0939,1.0,0.2096,6.0,0.2925,3.0,,,0.3193,9.0,0.3945,33.0,0.3289,26.0,0.2649,1.0,,,0.3193,7.0
2015-04-13,0.0897,1.0,0.2156,7.0,0.3609,23.0,,,0.2948,4.0,0.3972,34.0,0.3294,26.0,0.3094,7.0,,,0.2948,2.0
2015-04-10,0.0974,1.0,0.2424,12.0,0.2789,2.0,,,0.3284,11.0,0.3975,34.0,0.3316,27.0,0.2931,3.0,,,0.3284,11.0
2015-04-09,0.1372,4.0,0.2338,10.0,0.3055,6.0,,,0.2994,5.0,0.4,35.0,0.3334,28.0,0.2998,5.0,,,0.2994,3.0
2015-04-08,0.165,8.0,0.2363,11.0,0.3229,10.0,,,0.3067,6.0,0.3998,35.0,0.3336,28.0,0.2925,3.0,,,0.3067,4.0
2015-04-07,0.1878,12.0,0.2479,14.0,0.3018,5.0,,,0.3342,13.0,0.3997,35.0,0.3341,28.0,0.2896,3.0,,,0.3342,13.0
2015-04-06,0.1876,12.0,0.2583,16.0,0.2914,3.0,,,0.3186,9.0,0.4005,35.0,0.3341,28.0,0.2876,2.0,,,0.3186,7.0
2015-04-02,0.1877,12.0,0.2542,15.0,0.3819,28.0,,,0.3005,5.0,0.4012,36.0,0.3341,28.0,0.3246,13.0,,,0.3005,3.0
2015-04-01,0.1993,14.0,0.2641,17.0,0.2925,3.0,,,0.3131,7.0,0.4011,36.0,0.3335,28.0,0.2902,3.0,,,0.3131,6.0
2015-03-31,0.2085,15.0,0.2838,23.0,0.2585,1.0,,,0.317,8.0,0.4004,35.0,0.3326,28.0,0.3139,9.0,,,0.317,7.0
2015-03-30,0.3275,44.0,0.3662,52.0,0.3348,14.0,,,0.3129,7.0,0.4016,36.0,0.3327,28.0,0.2939,4.0,,,0.3129,6.0
2015-03-27,0.5154,80.0,0.4821,80.0,0.3171,9.0,,,0.3322,13.0,0.4013,36.0,0.332,28.0,0.3287,14.0,,,0.3322,13.0
2015-03-26,0.4639,74.0,0.4782,79.0,0.3452,18.0,,,0.3351,13.0,0.4007,36.0,0.3319,28.0,0.3076,7.0,,,0.3351,14.0
2015-03-25,0.5003,79.0,0.4774,79.0,0.2697,1.0,,,0.3554,19.0,0.4015,36.0,0.3326,28.0,0.313,8.0,,,0.3308,12.0
2015-03-24,0.5922,86.0,0.4966,83.0,0.3339,14.0,,,0.3504,17.0,0.4036,37.0,0.3329,28.0,0.3196,11.0,,,0.3528,20.0
2015-03-23,0.6306,89.0,0.5052,83.0,0.3687,25.0,,,0.3525,18.0,0.4035,37.0,0.332,28.0,0.3136,8.0,,,0.3428,17.0
2015-03-20,0.6423,89.0,0.4919,82.0,0.3046,6.0,,,0.4186,39.0,0.402,36.0,0.3299,27.0,0.3234,12.0,,,0.3758,23.0
2015-03-19,0.6045,87.0,0.43,69.0,0.3074,6.0,,,0.4085,35.0,0.3991,35.0,0.3256,25.0,0.3199,11.0,,,0.3662,22.0
2015-03-18,0.3619,53.0,0.286,24.0,0.9175,97.0,,,0.8843,95.0,0.384,30.0,0.3168,21.0,0.3203,11.0,,,0.3455,18.0
2015-03-17,0.428,68.0,0.3144,34.0,0.9434,97.0,,,0.7087,88.0,0.3839,30.0,0.3164,21.0,0.3392,18.0,,,0.3291,11.0
2015-03-16,0.423,67.0,0.316,34.0,0.8247,94.0,,,0.3442,16.0,0.3835,28.0,0.3159,21.0,0.3658,23.0,,,0.3153,6.0
2015-03-13,0.3669,55.0,0.2866,24.0,0.3009,5.0,,,0.6443,83.0,0.3807,28.0,0.3145,21.0,0.3094,7.0,,,0.3524,20.0
2015-03-12,0.3454,49.0,0.2642,17.0,0.3367,15.0,,,0.5749,73.0,0.3808,28.0,0.3132,21.0,0.2987,5.0,,,0.3634,21.0
2015-03-11,0.2791,32.0,0.2459,13.0,0.5725,71.0,,,0.3578,20.0,0.378,28.0,0.3128,20.0,0.3326,16.0,,,0.3323,13.0
2015-03-10,0.2861,34.0,0.2596,16.0,0.5889,74.0,,,0.3424,15.0,0.3795,28.0,0.3136,21.0,0.3527,21.0,,,0.3309,12.0
2015-03-09,0.2524,25.0,0.2585,16.0,0.4837,56.0,,,0.5397,67.0,0.3782,28.0,0.3135,21.0,0.3103,7.0,,,0.3516,19.0
2015-03-06,0.1349,4.0,0.2299,10.0,0.54,67.0,,,0.4334,43.0,0.3785,28.0,0.3126,20.0,0.3473,20.0,,,0.3509,19.0
2015-03-05,0.1429,5.0,0.2217,8.0,0.5106,61.0,,,0.4581,50.0,0.3785,28.0,0.3125,20.0,0.3399,18.0,,,0.3446,18.0
2015-03-04,0.1678,8.0,0.2633,17.0,0.5206,63.0,,,0.4328,43.0,0.38,28.0,0.3127,20.0,0.3384,18.0,,,0.3315,12.0
2015-03-03,0.1614,8.0,0.2574,16.0,0.4915,57.0,,,0.3874,28.0,0.412,41.0,0.3129,20.0,0.3533,21.0,,,0.3271,10.0
2015-03-02,0.1196,3.0,0.2699,19.0,0.4144,39.0,,,0.4856,57.0,0.4114,40.0,0.3131,21.0,0.3064,6.0,,,0.3207,8.0
2015-02-27,0.1317,4.0,0.261,16.0,0.4105,38.0,,,0.3173,8.0,0.4123,41.0,0.3126,20.0,0.3445,19.0,,,0.3217,8.0
2015-02-26,0.2524,25.0,0.3607,50.0,0.408,37.0,,,0.4157,38.0,0.4124,41.0,0.3127,20.0,0.3164,9.0,,,0.3589,20.0
2015-02-25,0.2634,28.0,0.3563,49.0,0.4404,46.0,,,0.3753,25.0,0.4127,41.0,0.3126,20.0,0.3486,20.0,,,0.3365,14.0
2015-02-24,0.26,28.0,0.3542,48.0,0.4931,57.0,,,0.4259,41.0,0.4126,41.0,0.3125,20.0,0.3412,19.0,,,0.3311,12.0
2015-02-23,0.2381,21.0,0.322,36.0,0.4194,40.0,,,0.4334,43.0,0.4122,41.0,0.3111,20.0,0.3344,16.0,,,0.3683,22.0
2015-02-20,0.2371,21.0,0.3256,38.0,0.3775,28.0,,,0.4174,38.0,0.4123,41.0,0.3108,20.0,0.3221,12.0,,,0.3514,19.0
2015-02-19,0.2392,22.0,0.3193,35.0,0.4241,42.0,,,0.355,19.0,0.4115,40.0,0.3101,20.0,0.3281,14.0,,,0.3277,10.0
2015-02-18,0.332,46.0,0.3609,50.0,0.5484,68.0,,,0.2878,3.0,0.4115,40.0,0.3101,20.0,0.3935,28.0,,,0.2971,2.0
2015-02-17,0.3055,39.0,0.2668,18.0,0.4378,45.0,,,0.3613,21.0,0.4099,40.0,0.305,19.0,0.3511,21.0,,,0.3296,11.0
2015-02-13,0.3142,41.0,0.2655,18.0,0.3528,20.0,,,0.3943,31.0,0.4102,40.0,0.305,19.0,0.337,18.0,,,0.3365,14.0
2015-02-12,0.3153,41.0,0.2748,20.0,0.3804,28.0,,,0.3784,26.0,0.412,41.0,0.3058,19.0,0.3429,19.0,,,0.3319,13.0
2015-02-11,0.3496,50.0,0.317,35.0,0.3342,14.0,,,0.386,28.0,0.4122,41.0,0.306,19.0,0.3182,10.0,,,0.3597,21.0
2015-02-10,0.3565,52.0,0.3186,35.0,0.3589,22.0,,,0.4186,39.0,0.4122,41.0,0.3055,19.0,0.306,6.0,,,0.3505,19.0
2015-02-09,0.3835,59.0,0.3491,46.0,0.7849,92.0,,,0.2461,1.0,0.4111,40.0,0.3054,19.0,0.4321,41.0,,,0.2975,2.0
2015-02-06,0.2811,33.0,0.3077,31.0,0.37,25.0,,,0.37,23.0,0.407,38.0,0.3029,19.0,0.3217,11.0,,,0.3448,18.0
2015-02-05,0.2908,35.0,0.3014,28.0,0.2993,4.0,,,0.3854,28.0,0.4074,39.0,0.3064,19.0,0.3103,7.0,,,0.3566,20.0
2015-02-04,0.2995,38.0,0.2985,28.0,0.3866,30.0,,,0.3522,18.0,0.408,39.0,0.3218,23.0,0.3216,11.0,,,0.3488,19.0
2015-02-03,0.3003,38.0,0.2939,27.0,0.2344,1.0,,,0.6107,78.0,0.4151,42.0,0.3221,23.0,0.2701,1.0,,,0.4028,30.0
2015-02-02,0.2608,28.0,0.2587,16.0,0.3818,28.0,,,0.4378,45.0,0.4157,43.0,0.3217,23.0,0.3287,14.0,,,0.3447,18.0
2015-01-30,0.3053,39.0,0.2829,23.0,0.4506,48.0,,,0.3348,13.0,0.4163,44.0,0.3269,26.0,0.354,21.0,,,0.3134,6.0
2015-01-29,0.2505,25.0,0.235,11.0,0.3093,7.0,,,0.4148,37.0,0.4139,42.0,0.3248,24.0,0.3313,15.0,,,0.3648,21.0
2015-01-28,0.223,18.0,0.2571,16.0,0.3944,32.0,,,0.349,17.0,0.4149,42.0,0.3257,25.0,0.336,17.0,,,0.3319,13.0
2015-01-27,0.2236,18.0,0.2537,15.0,0.399,34.0,,,0.3373,14.0,0.4154,43.0,0.3259,25.0,0.3395,18.0,,,0.3318,13.0
2015-01-26,0.245,23.0,0.2675,18.0,0.3283,12.0,,,0.3691,23.0,0.4151,42.0,0.3259,25.0,0.3315,16.0,,,0.339,15.0
2015-01-23,0.2453,23.0,0.2649,17.0,0.3842,30.0,,,0.3452,16.0,0.4153,43.0,0.326,25.0,0.3394,18.0,,,0.3347,14.0
2015-01-22,0.2916,35.0,0.3299,40.0,0.327,12.0,,,0.3157,8.0,0.4161,44.0,0.326,25.0,0.3539,21.0,,,0.3393,15.0
2015-01-21,0.2427,22.0,0.3103,32.0,0.3732,26.0,,,0.341,15.0,0.4156,43.0,0.3246,24.0,0.3457,20.0,,,0.3293,11.0
2015-01-20,0.2405,22.0,0.3105,33.0,0.3456,18.0,,,0.3646,22.0,0.4153,43.0,0.3248,24.0,0.3255,13.0,,,0.3414,16.0
2015-01-16,0.2408,22.0,0.2902,26.0,0.3408,17.0,,,0.3669,22.0,0.4152,43.0,0.3234,24.0,0.3205,11.0,,,0.3446,18.0
2015-01-15,0.3282,45.0,0.311,33.0,0.3661,24.0,,,0.3217,9.0,0.4156,43.0,0.3251,25.0,0.3456,20.0,,,0.312,5.0
2015-01-14,0.353,51.0,0.3293,39.0,0.2841,2.0,,,0.379,26.0,0.4149,42.0,0.3244,24.0,0.3084,7.0,,,0.3595,21.0
2015-01-13,0.3581,52.0,0.3426,44.0,0.3758,27.0,,,0.3055,6.0,0.4153,43.0,0.3247,24.0,0.3571,21.0,,,0.3194,7.0
2015-01-12,0.3391,47.0,0.2908,26.0,0.3468,19.0,,,0.3627,21.0,0.4136,42.0,0.3212,23.0,0.2933,3.0,,,0.3526,20.0
2015-01-09,0.3084,40.0,0.3256,38.0,0.3421,17.0,,,0.3483,17.0,0.4137,42.0,0.3209,22.0,0.3434,19.0,,,0.3565,20.0
2015-01-08,0.3115,41.0,0.3409,43.0,0.5201,63.0,,,0.2905,3.0,0.4138,42.0,0.3212,23.0,0.3436,19.0,,,0.3292,11.0
2015-01-07,0.3496,50.0,0.3581,49.0,0.2842,2.0,,,0.3902,30.0,0.414,42.0,0.3214,23.0,0.305,6.0,,,0.372,23.0
2015-01-06,0.2704,30.0,0.3416,44.0,0.3773,28.0,,,0.3229,10.0,0.4138,42.0,0.3211,23.0,0.3667,24.0,,,0.3269,10.0
2015-01-05,0.2291,19.0,0.3098,32.0,0.3394,16.0,,,0.3006,5.0,0.4122,41.0,0.3198,22.0,0.3652,23.0,,,0.331,12.0
2015-01-02,0.3193,42.0,0.3471,46.0,0.3611,23.0,,,0.2925,4.0,0.4119,41.0,0.3194,22.0,0.3603,22.0,,,0.3114,5.0
2014-12-31,0.2753,31.0,0.3434,44.0,0.3836,28.0,,,0.2791,2.0,0.4106,40.0,0.3187,22.0,0.3653,23.0,,,0.2958,2.0
2014-12-30,0.4985,79.0,0.3851,57.0,0.3491,19.0,,,0.2501,1.0,0.4104,40.0,0.3169,21.0,0.3223,12.0,,,0.3325,13.0
2014-12-29,0.4987,79.0,0.3786,57.0,0.3212,10.0,,,0.4511,48.0,0.4105,40.0,0.3158,21.0,0.3181,10.0,,,0.3529,20.0
2014-12-26,0.4984,79.0,0.39,60.0,0.3378,15.0,,,0.3211,9.0,0.4105,40.0,0.3155,21.0,0.3333,16.0,,,0.3305,12.0
2014-12-24,0.5305,82.0,0.4431,73.0,0.3446,18.0,,,0.3056,6.0,0.4109,40.0,0.316,21.0,0.3446,19.0,,,0.3243,9.0
2014-12-23,0.5291,82.0,0.4489,74.0,0.3286,12.0,,,0.3492,17.0,0.4106,40.0,0.3162,21.0,0.3265,13.0,,,0.3494,19.0
2014-12-22,0.4875,77.0,0.4177,67.0,0.2963,4.0,,,0.2942,4.0,0.4077,39.0,0.3134,21.0,0.3477,20.0,,,0.3293,11.0
2014-12-19,0.5232,81.0,0.4176,67.0,0.299,4.0,,,0.3023,5.0,0.4082,39.0,0.3126,20.0,0.34,18.0,,,0.2989,3.0
2014-12-18,0.2501,25.0,0.3512,47.0,0.3407,17.0,,,0.3483,17.0,0.3974,34.0,0.3076,19.0,0.336,17.0,,,0.3443,17.0
2014-12-17,0.2482,24.0,0.3667,53.0,0.2968,4.0,,,0.396,31.0,0.3974,34.0,0.3098,20.0,0.2985,5.0,,,0.3611,21.0
2014-12-16,0.2813,33.0,0.3543,48.0,0.348,19.0,,,0.3272,11.0,0.3968,34.0,0.3081,19.0,0.3341,16.0,,,0.3234,9.0
2014-12-15,0.2574,27.0,0.2868,24.0,0.351,20.0,,,0.323,10.0,0.3949,33.0,0.304,19.0,0.3372,18.0,,,0.3479,18.0
2014-12-12,0.2483,24.0,0.3283,39.0,0.3065,6.0,,,0.3766,25.0,0.395,34.0,0.3037,19.0,0.3357,17.0,,,0.3331,13.0
2014-12-11,0.2663,28.0,0.3819,57.0,0.2905,3.0,,,0.3358,14.0,0.3945,33.0,0.3034,19.0,0.3287,14.0,,,0.317,7.0
2014-12-10,1.0417,98.0,0.5066,84.0,0.3163,8.0,,,0.2756,2.0,0.3932,33.0,0.3027,19.0,0.3096,7.0,,,0.2748,1.0
2014-12-09,1.0908,98.0,0.5155,85.0,0.1933,1.0,,,0.3423,15.0,0.3932,33.0,0.302,19.0,0.2731,1.0,,,0.3295,11.0
2014-12-08,1.0953,98.0,0.5112,84.0,0.2771,2.0,,,0.2488,1.0,0.3917,32.0,0.3003,18.0,0.3156,9.0,,,0.304,4.0
2014-12-05,1.0748,98.0,0.516,85.0,0.33,13.0,,,0.2964,4.0,0.3924,32.0,0.2994,18.0,0.3304,15.0,,,0.3042,4.0
2014-12-04,1.0784,98.0,0.5185,86.0,0.3128,7.0,,,0.3106,7.0,0.3926,32.0,0.2993,18.0,0.3005,5.0,,,0.3307,12.0
2014-12-03,1.0805,98.0,0.4961,82.0,0.3129,7.0,,,0.2475,1.0,0.3929,32.0,0.2973,17.0,0.3643,23.0,,,0.2655,1.0
2014-12-02,1.075,98.0,0.4521,75.0,0.2447,1.0,,,0.3009,5.0,0.3935,33.0,0.2932,16.0,0.305,6.0,,,0.3509,19.0
2014-12-01,0.3727,56.0,0.3285,39.0,0.5835,73.0,,,0.584,74.0,0.3061,11.0,0.2817,8.0,0.3342,16.0,,,0.3215,8.0
2014-11-28,0.2933,36.0,0.3026,30.0,0.468,53.0,,,0.5016,60.0,0.3025,10.0,0.28,7.0,0.3232,12.0,,,0.3296,11.0
2014-11-26,0.2981,37.0,0.2817,23.0,0.3383,15.0,,,0.4243,41.0,0.3024,10.0,0.2795,7.0,0.2939,4.0,,,0.3316,12.0
2014-11-25,0.2964,37.0,0.2494,14.0,0.3288,12.0,,,0.3198,9.0,0.2993,9.0,0.2778,6.0,0.3077,7.0,,,0.3198,7.0
2014-11-24,0.2937,36.0,0.2416,12.0,0.3711,26.0,,,0.3608,21.0,0.2993,9.0,0.2777,6.0,0.3243,13.0,,,0.3232,9.0
2014-11-21,0.2834,33.0,0.2501,14.0,0.3883,31.0,,,0.3087,6.0,0.3023,10.0,0.2788,6.0,0.3635,23.0,,,0.3087,5.0
2014-11-20,0.2863,34.0,0.2527,14.0,0.285,2.0,,,0.4337,43.0,0.3023,10.0,0.2782,6.0,0.2917,3.0,,,0.3566,20.0
2014-11-19,0.1494,6.0,0.2082,5.0,0.3074,6.0,,,0.324,10.0,0.2994,9.0,0.2767,5.0,0.3043,6.0,,,0.316,6.0
2014-11-18,0.1474,6.0,0.2136,6.0,0.3367,15.0,,,0.6964,87.0,0.3001,9.0,0.2777,6.0,0.3057,6.0,,,0.335,14.0
2014-11-17,0.1488,6.0,0.2101,6.0,0.3302,13.0,,,0.3105,7.0,0.3564,24.0,0.2841,9.0,0.3281,14.0,,,0.3125,5.0
2014-11-14,0.1291,3.0,0.2089,5.0,0.3513,20.0,,,0.4534,49.0,0.3563,24.0,0.2846,10.0,0.3041,6.0,,,0.314,6.0
2014-11-13,0.1289,3.0,0.2153,7.0,0.3347,14.0,,,0.4913,57.0,0.3563,24.0,0.2855,10.0,0.3083,7.0,,,0.3217,8.0
2014-11-12,0.1372,4.0,0.2323,10.0,0.3329,14.0,,,0.4968,59.0,0.3603,26.0,0.289,13.0,0.3008,5.0,,,0.3409,16.0
2014-11-11,0.1368,4.0,0.2193,8.0,0.3221,10.0,,,0.4623,51.0,0.3605,26.0,0.2886,13.0,0.298,4.0,,,0.3365,14.0
2014-11-10,0.1768,10.0,0.2136,6.0,0.3642,23.0,,,0.3875,28.0,0.3618,26.0,0.2892,13.0,0.3121,8.0,,,0.3218,8.0
2014-11-07,0.1247,3.0,0.2141,7.0,0.2886,3.0,,,0.4431,46.0,0.3617,26.0,0.29,13.0,0.3129,8.0,,,0.3639,21.0
2014-11-06,0.1659,8.0,0.2306,10.0,0.3696,25.0,,,0.3382,14.0,0.3628,26.0,0.2906,14.0,0.3044,6.0,,,0.3287,11.0
2014-11-05,0.2308,20.0,0.2795,22.0,0.3493,19.0,,,0.31,6.0,0.3633,27.0,0.291,14.0,0.3328,16.0,,,0.3384,15.0
2014-11-04,0.2582,27.0,0.2791,22.0,0.3282,12.0,,,0.3216,9.0,0.3637,27.0,0.2909,14.0,0.286,2.0,,,0.3425,17.0
2014-11-03,0.2889,35.0,0.2679,19.0,0.3159,8.0,,,0.3162,8.0,0.3652,27.0,0.2909,14.0,0.3197,11.0,,,0.3454,18.0
2014-10-31,0.2886,35.0,0.2675,18.0,0.299,4.0,,,0.3743,25.0,0.3652,27.0,0.2928,16.0,0.2976,4.0,,,0.3504,19.0
2014-10-30,0.2796,32.0,0.2868,24.0,0.3125,7.0,,,0.3884,30.0,0.3637,27.0,0.2933,16.0,0.3455,20.0,,,0.3369,15.0
2014-10-29,0.2762,32.0,0.291,26.0,0.3393,16.0,,,0.3778,26.0,0.3641,27.0,0.293,16.0,0.3393,18.0,,,0.3361,14.0
2014-10-28,0.2741,31.0,0.2875,25.0,0.2903,3.0,,,0.3289,12.0,0.3641,27.0,0.2923,15.0,0.2903,3.0,,,0.3695,22.0
2014-10-24,0.3066,40.0,0.3575,49.0,0.3069,6.0,,,0.2253,1.0,0.3612,26.0,0.2911,14.0,0.3311,15.0,,,0.3305,12.0
2014-10-23,0.3027,38.0,0.3645,52.0,0.3302,13.0,,,0.3161,8.0,0.3607,26.0,0.2901,14.0,0.3582,21.0,,,0.3186,7.0
2014-10-22,0.3923,60.0,0.3792,57.0,0.339,16.0,,,0.3264,11.0,0.3609,26.0,0.2903,14.0,0.3691,24.0,,,0.325,9.0
2014-10-21,0.407,64.0,0.4002,62.0,0.2979,4.0,,,0.3367,14.0,0.3605,26.0,0.2901,14.0,0.2979,4.0,,,0.3289,11.0
2014-10-20,0.4541,72.0,0.4265,69.0,0.315,8.0,,,0.2805,2.0,0.3607,26.0,0.2898,13.0,0.315,9.0,,,0.3241,9.0
2014-10-17,0.4556,73.0,0.4305,70.0,0.3747,27.0,,,0.252,1.0,0.3607,26.0,0.2893,13.0,0.3352,17.0,,,0.314,6.0
2014-10-16,0.2874,34.0,0.3711,54.0,0.2896,3.0,,,0.3428,15.0,0.3558,24.0,0.2847,10.0,0.3166,9.0,,,0.3435,17.0
2014-10-15,0.3325,46.0,0.346,45.0,0.3523,20.0,,,0.344,16.0,0.3551,24.0,0.2829,9.0,0.3523,21.0,,,0.344,17.0
2014-10-14,0.3504,50.0,0.3245,37.0,0.2912,3.0,,,0.3705,23.0,0.3552,24.0,0.281,7.0,0.2912,3.0,,,0.343,17.0
2014-10-13,0.2987,37.0,0.307,31.0,0.345,18.0,,,0.3339,13.0,0.3518,23.0,0.2806,7.0,0.2886,2.0,,,0.3429,17.0
2014-10-07,0.1707,9.0,0.1883,3.0,0.3356,15.0,,,0.3027,5.0,0.3486,22.0,0.2792,7.0,0.325,13.0,,,0.3027,3.0
2014-10-06,0.1732,9.0,0.2229,8.0,0.3465,18.0,,,0.3144,8.0,0.3488,22.0,0.2796,7.0,0.3256,13.0,,,0.3054,4.0
2014-10-03,0.2066,15.0,0.2233,8.0,0.3201,9.0,,,0.2665,2.0,0.3485,22.0,0.2796,7.0,0.3217,11.0,,,0.321,8.0
2014-10-01,0.2265,19.0,0.2224,8.0,0.3533,21.0,,,0.3051,5.0,0.3483,22.0,0.2812,7.0,0.3617,22.0,,,0.3051,4.0
2014-09-26,0.2656,28.0,0.2241,9.0,0.3299,13.0,,,0.2219,1.0,0.3485,22.0,0.2843,9.0,0.3299,15.0,,,0.2673,1.0
2014-09-25,0.2725,31.0,0.189,3.0,0.369,25.0,,,0.233,1.0,0.3481,22.0,0.2828,8.0,0.3468,20.0,,,0.285,1.0
2014-09-24,0.2494,24.0,0.1903,3.0,0.2993,4.0,,,0.429,42.0,0.3466,22.0,0.2825,8.0,0.2993,5.0,,,0.3001,3.0
2014-09-23,0.2454,23.0,0.2005,4.0,0.3228,10.0,,,0.3128,7.0,0.3461,21.0,0.2823,8.0,0.3228,12.0,,,0.3048,4.0
2014-09-22,0.2413,22.0,0.2165,7.0,0.3379,15.0,,,0.2788,2.0,0.3463,22.0,0.2823,8.0,0.3379,18.0,,,0.2948,2.0
2014-09-19,0.2574,27.0,0.2223,8.0,0.3222,10.0,,,0.3046,5.0,0.3453,21.0,0.2828,8.0,0.329,14.0,,,0.3046,4.0
2014-09-18,0.2335,20.0,0.2126,6.0,0.2774,2.0,,,0.3342,13.0,0.3448,21.0,0.2833,9.0,0.3025,5.0,,,0.314,6.0
2014-09-17,0.304,39.0,0.239,12.0,0.3066,6.0,,,0.3194,9.0,0.3446,21.0,0.2857,11.0,0.3307,15.0,,,0.3194,7.0
2014-09-16,0.2996,38.0,0.249,14.0,0.2984,4.0,,,0.3277,11.0,0.3516,23.0,0.2981,18.0,0.3028,6.0,,,0.3218,8.0
2014-09-15,0.3007,38.0,0.2492,14.0,0.3217,10.0,,,0.3023,5.0,0.3519,23.0,0.2985,18.0,0.3205,11.0,,,0.2966,2.0
2014-09-12,0.6822,91.0,0.2561,15.0,0.2726,2.0,,,0.3122,7.0,0.352,23.0,0.2983,18.0,0.3008,5.0,,,0.3172,7.0
2014-09-11,0.704,92.0,0.2542,15.0,0.2702,1.0,,,0.3472,16.0,0.3517,23.0,0.2982,18.0,0.3231,12.0,,,0.3472,18.0
2014-09-10,0.6928,91.0,0.2374,11.0,0.2719,2.0,,,0.3014,5.0,0.3493,22.0,0.2975,17.0,0.2929,3.0,,,0.3308,12.0
2014-09-09,0.6881,91.0,0.2397,12.0,0.3455,18.0,,,0.2759,2.0,0.3492,22.0,0.2975,17.0,0.3457,20.0,,,0.2629,1.0
2014-09-08,0.6846,91.0,0.2288,10.0,0.2858,3.0,,,0.2981,4.0,0.3468,22.0,0.2969,17.0,0.295,4.0,,,0.3136,6.0
2014-09-05,0.6907,91.0,0.2208,8.0,0.4047,35.0,,,0.3256,10.0,0.3468,22.0,0.2964,17.0,0.3219,11.0,,,0.3256,9.0
2014-09-04,0.7056,92.0,0.2266,9.0,0.3187,9.0,,,0.3487,17.0,0.3466,22.0,0.2968,17.0,0.3224,12.0,,,0.3025,3.0
2014-09-03,0.1715,9.0,0.2076,5.0,0.4859,57.0,,,0.4357,44.0,0.3103,11.0,0.2964,17.0,0.3048,6.0,,,0.3112,5.0
2014-09-02,0.1779,10.0,0.199,4.0,0.3186,9.0,,,0.5031,61.0,0.3113,11.0,0.2967,17.0,0.2723,1.0,,,0.3272,10.0
2014-08-29,0.1369,4.0,0.2013,4.0,0.326,11.0,,,0.4065,34.0,0.3096,11.0,0.2977,17.0,0.3071,7.0,,,0.3001,3.0
2014-08-28,0.1464,6.0,0.2145,7.0,0.4002,34.0,,,0.3783,26.0,0.31,11.0,0.298,18.0,0.2904,3.0,,,0.3048,4.0
2014-08-27,0.0938,1.0,0.2107,6.0,0.3218,10.0,,,0.3243,10.0,0.3158,13.0,0.2995,18.0,0.287,2.0,,,0.3225,8.0
2014-08-26,0.1354,4.0,0.2281,9.0,0.3066,6.0,,,0.3217,9.0,0.3158,13.0,0.2999,18.0,0.2823,2.0,,,0.3215,8.0
2014-08-25,0.1342,4.0,0.2193,8.0,0.3522,20.0,,,0.341,15.0,0.3155,13.0,0.2994,18.0,0.2939,4.0,,,0.3178,7.0
2014-08-22,0.135,4.0,0.2217,8.0,0.2966,4.0,,,0.3691,23.0,0.3152,13.0,0.2997,18.0,0.2884,2.0,,,0.3358,14.0
2014-08-21,0.141,5.0,0.2249,9.0,0.3765,27.0,,,0.3274,11.0,0.3154,13.0,0.3008,19.0,0.2957,4.0,,,0.3171,7.0
2014-08-20,0.195,13.0,0.2287,9.0,0.3203,9.0,,,0.3302,12.0,0.3154,13.0,0.3007,19.0,0.2863,2.0,,,0.3082,5.0
2014-08-19,0.228,19.0,0.2948,27.0,0.2697,1.0,,,0.361,21.0,0.3149,13.0,0.3002,18.0,0.2844,2.0,,,0.3148,6.0
2014-08-18,0.2363,21.0,0.5061,84.0,0.2795,2.0,,,0.385,28.0,0.3142,12.0,0.3008,19.0,0.2795,1.0,,,0.3192,7.0
2014-08-15,0.3596,53.0,0.5069,84.0,0.3399,16.0,,,0.3051,5.0,0.3114,11.0,0.3011,19.0,0.2885,2.0,,,0.3051,4.0
2014-08-14,0.3754,57.0,0.5242,86.0,0.374,27.0,,,0.3194,9.0,0.3118,12.0,0.3025,19.0,0.2512,1.0,,,0.3139,6.0
2014-08-13,0.3782,57.0,0.5841,91.0,0.3507,20.0,,,0.3208,9.0,0.3132,12.0,0.3027,19.0,0.2596,1.0,,,0.3208,8.0
2014-08-12,0.3786,57.0,0.5816,91.0,0.346,18.0,,,0.3377,14.0,0.313,12.0,0.3026,19.0,0.311,8.0,,,0.3012,3.0
2014-08-11,0.4148,65.0,0.5898,92.0,0.3751,27.0,,,0.2977,4.0,0.3158,13.0,0.3041,19.0,0.3033,6.0,,,0.2977,2.0
2014-08-08,0.4268,68.0,0.5561,89.0,0.2826,2.0,,,0.3296,12.0,0.3156,13.0,0.3004,18.0,0.2763,1.0,,,0.3246,9.0
2014-08-07,0.4294,68.0,0.3696,54.0,0.3888,31.0,,,0.3144,8.0,0.3155,13.0,0.2854,10.0,0.2795,1.0,,,0.3144,6.0
2014-08-06,0.303,39.0,0.3623,51.0,0.284,2.0,,,0.3444,16.0,0.305,11.0,0.2852,10.0,0.2832,2.0,,,0.3316,12.0
2014-08-05,0.2822,33.0,0.3409,43.0,0.3019,5.0,,,0.3549,19.0,0.3017,10.0,0.2836,9.0,0.3019,5.0,,,0.3361,14.0
2014-08-04,0.2303,20.0,0.2307,10.0,0.3288,12.0,,,0.3202,9.0,0.3009,9.0,0.2781,6.0,0.3035,6.0,,,0.3128,6.0
2014-07-31,0.2248,18.0,0.2002,4.0,0.3098,7.0,,,0.283,3.0,0.2994,9.0,0.2767,5.0,0.3098,7.0,,,0.3075,5.0
2014-07-30,0.2181,17.0,0.2337,10.0,0.3273,12.0,,,0.3266,11.0,0.3,9.0,0.2781,6.0,0.3273,14.0,,,0.3426,17.0
2014-07-29,0.2169,17.0,0.232,10.0,0.2878,3.0,,,0.3263,11.0,0.3024,10.0,0.2795,7.0,0.2878,2.0,,,0.3167,7.0
2014-07-28,0.2308,20.0,0.234,11.0,0.3754,27.0,,,0.253,1.0,0.3132,12.0,0.2844,10.0,0.3739,25.0,,,0.3133,6.0
2014-07-25,0.2149,17.0,0.2331,10.0,0.368,25.0,,,0.3109,7.0,0.3122,12.0,0.2841,9.0,0.3477,20.0,,,0.279,1.0
2014-07-24,0.1995,14.0,0.2315,10.0,0.31,7.0,,,0.2908,3.0,0.3117,12.0,0.2837,9.0,0.3104,7.0,,,0.3059,4.0
2014-07-23,0.1844,11.0,0.2367,11.0,0.3074,6.0,,,0.3153,8.0,0.3114,11.0,0.2835,9.0,0.312,8.0,,,0.3282,11.0
2014-07-22,0.1684,9.0,0.2473,13.0,0.3442,18.0,,,0.2761,2.0,0.3112,11.0,0.284,9.0,0.3231,12.0,,,0.2994,3.0
2014-07-21,0.2074,15.0,0.2255,9.0,0.3177,9.0,,,0.3053,6.0,0.311,11.0,0.2826,8.0,0.2957,4.0,,,0.3277,10.0
2014-07-18,0.2085,15.0,0.2366,11.0,0.3203,9.0,,,0.3189,9.0,0.3109,11.0,0.2824,8.0,0.282,1.0,,,0.3229,8.0
2014-07-17,0.1019,2.0,0.2388,11.0,0.3694,25.0,,,0.3171,8.0,0.3098,11.0,0.282,8.0,0.3191,10.0,,,0.3088,5.0
2014-07-16,0.1226,3.0,0.237,11.0,0.364,23.0,,,0.2721,2.0,0.3094,11.0,0.2816,8.0,0.3191,10.0,,,0.3126,5.0
2014-07-15,0.1211,3.0,0.2465,13.0,0.3757,27.0,,,0.2889,3.0,0.3095,11.0,0.2827,8.0,0.3147,9.0,,,0.2954,2.0
2014-07-14,0.1254,3.0,0.2344,11.0,0.4158,39.0,,,0.3267,11.0,0.3094,11.0,0.2822,8.0,0.3084,7.0,,,0.3225,8.0
2014-07-11,0.1265,3.0,0.2479,14.0,0.3946,33.0,,,0.3015,5.0,0.3106,11.0,0.2824,8.0,0.326,13.0,,,0.305,4.0
2014-07-10,0.1718,9.0,0.243,13.0,0.4217,41.0,,,0.3068,6.0,0.3098,11.0,0.2843,9.0,0.2644,1.0,,,0.3076,5.0
2014-07-09,0.1682,8.0,0.2352,11.0,0.3405,16.0,,,0.2464,1.0,0.3178,14.0,0.2857,11.0,0.2886,2.0,,,0.3056,4.0
2014-07-08,0.1664,8.0,0.2303,10.0,0.2938,3.0,,,0.3694,23.0,0.3183,14.0,0.2863,11.0,0.2833,2.0,,,0.3191,7.0
2014-07-07,0.1782,10.0,0.2236,8.0,0.3404,16.0,,,0.2872,3.0,0.3203,15.0,0.2866,11.0,0.3404,19.0,,,0.307,4.0
2014-07-03,0.1914,12.0,0.2149,7.0,0.307,6.0,,,0.2662,2.0,0.3201,15.0,0.2874,12.0,0.3075,7.0,,,0.3172,7.0
2014-07-02,0.1877,12.0,0.2776,21.0,0.352,20.0,,,0.2525,1.0,0.3208,15.0,0.2879,12.0,0.3224,12.0,,,0.3134,6.0
2014-07-01,0.1492,6.0,0.2653,18.0,0.2971,4.0,,,0.3767,25.0,0.3208,15.0,0.2869,11.0,0.3026,6.0,,,0.3446,18.0
2014-06-30,0.1312,3.0,0.2557,15.0,0.3375,15.0,,,0.3685,23.0,0.3198,14.0,0.2864,11.0,0.3233,12.0,,,0.3523,20.0
2014-06-27,0.1381,5.0,0.2539,15.0,0.2797,2.0,,,0.2961,4.0,0.3197,14.0,0.2862,11.0,0.2893,3.0,,,0.313,6.0
2014-06-26,0.1382,5.0,0.2568,15.0,0.3041,5.0,,,0.306,6.0,0.3196,14.0,0.2856,11.0,0.283,2.0,,,0.3059,4.0
2014-06-25,0.09,1.0,0.258,16.0,0.2593,1.0,,,0.323,10.0,0.3199,14.0,0.2858,11.0,0.2593,1.0,,,0.3323,13.0
2014-06-24,0.1218,3.0,0.2493,14.0,0.3134,8.0,,,0.2737,2.0,0.3192,14.0,0.2852,10.0,0.3179,10.0,,,0.2806,1.0
2014-06-23,0.1198,3.0,0.1776,2.0,0.2974,4.0,,,0.3382,14.0,0.3191,14.0,0.2822,8.0,0.2777,1.0,,,0.3208,8.0
2014-06-20,0.1901,12.0,0.179,2.0,0.3041,5.0,,,0.3134,7.0,0.3189,14.0,0.2822,8.0,0.3067,6.0,,,0.3208,8.0
2014-06-19,0.1982,14.0,0.1792,2.0,0.2889,3.0,,,0.3215,9.0,0.319,14.0,0.2841,9.0,0.2854,2.0,,,0.3045,4.0
2014-06-18,0.2402,22.0,0.1987,4.0,0.2894,3.0,,,0.3145,8.0,0.3186,14.0,0.284,9.0,0.3083,7.0,,,0.3361,14.0
2014-06-17,0.2545,26.0,0.1935,3.0,0.3071,6.0,,,0.393,31.0,0.319,14.0,0.2841,9.0,0.2857,2.0,,,0.3326,13.0
2014-06-16,0.2563,26.0,0.1978,4.0,0.3307,13.0,,,0.3247,10.0,0.3174,14.0,0.284,9.0,0.3004,5.0,,,0.3136,6.0
2014-06-13,0.2472,24.0,0.1975,4.0,0.2661,1.0,,,0.3252,10.0,0.3182,14.0,0.284,9.0,0.2994,5.0,,,0.32,7.0
2014-06-12,0.2468,24.0,0.2185,7.0,0.4215,41.0,,,0.2688,2.0,0.3181,14.0,0.2842,9.0,0.3188,10.0,,,0.2954,2.0
2014-06-11,0.2031,14.0,0.212,6.0,0.3455,18.0,,,0.2852,3.0,0.3178,14.0,0.284,9.0,0.316,9.0,,,0.2777,1.0
2014-06-10,0.191,12.0,0.2179,7.0,0.2482,1.0,,,0.3812,27.0,0.3177,14.0,0.2846,10.0,0.2601,1.0,,,0.3208,8.0
2014-06-09,0.2244,18.0,0.2399,12.0,0.2772,2.0,,,0.3874,28.0,0.3152,13.0,0.2838,9.0,0.2835,2.0,,,0.3341,13.0
2014-06-06,0.2277,19.0,0.2311,10.0,0.3251,11.0,,,0.3568,20.0,0.3139,12.0,0.2837,9.0,0.26,1.0,,,0.3612,21.0
2014-06-05,0.2728,31.0,0.2413,12.0,0.3877,31.0,,,0.3468,16.0,0.312,12.0,0.2839,9.0,0.3306,15.0,,,0.3154,6.0
2014-06-04,0.2956,36.0,0.2623,17.0,0.3284,12.0,,,0.3352,13.0,0.3119,12.0,0.2839,9.0,0.2925,3.0,,,0.342,16.0
2014-06-03,0.8432,95.0,0.3533,48.0,0.3388,15.0,,,0.2575,1.0,0.3127,12.0,0.2854,10.0,0.321,11.0,,,0.307,4.0
2014-06-02,0.8355,95.0,0.3614,50.0,0.3307,13.0,,,0.4163,38.0,0.32,15.0,0.2909,14.0,0.2952,4.0,,,0.3177,7.0
2014-05-30,0.8445,96.0,0.3698,54.0,0.2899,3.0,,,0.4639,52.0,0.3274,16.0,0.295,16.0,0.2849,2.0,,,0.3389,15.0
2014-05-29,0.7483,93.0,0.4066,64.0,0.325,11.0,,,0.2672,2.0,0.3243,16.0,0.2934,16.0,0.3492,20.0,,,0.3034,4.0
2014-05-28,0.775,94.0,0.4095,65.0,0.3554,21.0,,,0.2493,1.0,0.3289,17.0,0.2951,16.0,0.3494,20.0,,,0.269,1.0
2014-05-27,0.8368,95.0,0.4103,65.0,0.4544,49.0,,,0.2502,1.0,0.3287,17.0,0.2948,16.0,0.3105,8.0,,,0.3163,6.0
2014-05-23,0.8612,96.0,0.4122,66.0,0.3556,21.0,,,0.2759,2.0,0.3296,17.0,0.2945,16.0,0.3366,17.0,,,0.294,2.0
2014-05-22,0.3376,47.0,0.333,40.0,0.4977,59.0,,,0.4265,41.0,0.2694,6.0,0.2883,12.0,0.3179,10.0,,,0.3006,3.0
2014-05-21,0.3464,49.0,0.3295,39.0,0.3605,23.0,,,0.3738,25.0,0.2716,6.0,0.2885,12.0,0.2944,4.0,,,0.3131,6.0
2014-05-20,0.3576,52.0,0.3187,35.0,0.4069,36.0,,,0.2929,4.0,0.2717,6.0,0.2889,13.0,0.3119,8.0,,,0.3004,3.0
2014-05-19,0.3015,38.0,0.2709,19.0,0.3471,19.0,,,0.4115,36.0,0.2664,5.0,0.2863,11.0,0.2915,3.0,,,0.3169,7.0
2014-05-16,0.3012,38.0,0.3031,30.0,0.303,5.0,,,0.4338,44.0,0.2664,5.0,0.2872,12.0,0.2837,2.0,,,0.3117,5.0
2014-05-15,0.2753,31.0,0.2973,28.0,0.3407,17.0,,,0.4064,34.0,0.2652,5.0,0.2877,12.0,0.2744,1.0,,,0.3276,10.0
2014-05-14,0.2868,34.0,0.276,21.0,0.3945,32.0,,,0.2878,3.0,0.2649,5.0,0.2872,12.0,0.302,5.0,,,0.284,1.0
2014-05-13,0.2642,28.0,0.2664,18.0,0.6234,79.0,,,0.2852,3.0,0.2634,4.0,0.2867,11.0,0.3299,15.0,,,0.3054,4.0
2014-05-12,0.2253,18.0,0.2713,19.0,0.3482,19.0,,,0.4177,38.0,0.2621,4.0,0.2862,11.0,0.2675,1.0,,,0.3287,11.0
2014-05-09,0.244,23.0,0.2823,23.0,0.3089,7.0,,,0.4217,40.0,0.2615,4.0,0.2866,11.0,0.3038,6.0,,,0.3076,5.0
2014-05-08,0.1454,6.0,0.2525,14.0,0.3661,24.0,,,0.3329,13.0,0.2599,4.0,0.2871,12.0,0.2958,4.0,,,0.2864,1.0
2014-05-07,0.176,10.0,0.2122,6.0,0.3737,26.0,,,0.3708,24.0,0.2603,4.0,0.286,11.0,0.3183,10.0,,,0.3623,21.0
2014-05-06,0.1711,9.0,0.2207,8.0,0.4111,38.0,,,0.3051,5.0,0.2603,4.0,0.2861,11.0,0.3596,22.0,,,0.2786,1.0
2014-05-05,0.1566,7.0,0.227,9.0,0.4855,57.0,,,0.3696,23.0,0.2593,4.0,0.2892,13.0,0.3024,5.0,,,0.3069,4.0
2014-05-02,0.1564,7.0,0.227,9.0,0.4656,53.0,,,0.3483,17.0,0.2604,4.0,0.2907,14.0,0.3155,9.0,,,0.3389,15.0
2014-05-01,0.1608,8.0,0.2299,10.0,0.4084,37.0,,,0.3498,17.0,0.264,4.0,0.2921,15.0,0.2838,2.0,,,0.2889,1.0
2014-04-30,0.1232,3.0,0.2099,6.0,0.2944,4.0,,,0.4494,48.0,0.2647,5.0,0.2918,15.0,0.2635,1.0,,,0.2988,2.0
2014-04-29,0.1261,3.0,0.2015,4.0,0.3389,16.0,,,0.3921,30.0,0.265,5.0,0.2917,15.0,0.3142,9.0,,,0.31,5.0
2014-04-28,0.1376,5.0,0.2143,7.0,0.3292,12.0,,,0.3711,24.0,0.2648,5.0,0.2922,15.0,0.3168,9.0,,,0.3218,8.0
2014-04-25,0.1388,5.0,0.1912,3.0,0.316,8.0,,,0.2876,3.0,0.2664,5.0,0.2916,15.0,0.2923,3.0,,,0.3156,6.0
2014-04-24,0.112,2.0,0.2356,11.0,0.3261,11.0,,,0.2747,2.0,0.266,5.0,0.2911,14.0,0.2853,2.0,,,0.3253,9.0
2014-04-23,0.1745,10.0,0.2963,28.0,0.2722,2.0,,,0.2643,1.0,0.2676,6.0,0.2917,15.0,0.3028,6.0,,,0.2853,1.0
2014-04-22,0.216,17.0,0.2883,25.0,0.3204,10.0,,,0.3132,7.0,0.2675,5.0,0.2907,14.0,0.2616,1.0,,,0.3071,4.0
2014-04-21,0.2483,24.0,0.2958,27.0,0.3203,9.0,,,0.3718,24.0,0.2675,5.0,0.2905,14.0,0.2839,2.0,,,0.2836,1.0
2014-04-17,0.2476,24.0,0.302,28.0,0.3808,28.0,,,0.2909,3.0,0.2676,6.0,0.2907,14.0,0.2655,1.0,,,0.358,20.0
2014-04-16,0.2308,20.0,0.2976,28.0,0.3748,27.0,,,0.3039,5.0,0.2668,5.0,0.2904,14.0,0.3194,11.0,,,0.3385,15.0
2014-04-15,0.2283,19.0,0.3223,37.0,0.2943,3.0,,,0.3692,23.0,0.2671,5.0,0.2908,14.0,0.3191,10.0,,,0.2744,1.0
2014-04-14,0.2596,27.0,0.3421,44.0,0.4523,49.0,,,0.3352,13.0,0.2677,6.0,0.2883,12.0,0.3321,16.0,,,0.2822,1.0
2014-04-11,0.1613,8.0,0.2887,25.0,0.4001,34.0,,,0.332,13.0,0.2654,5.0,0.2851,10.0,0.3287,14.0,,,0.275,1.0
2014-04-10,0.1688,9.0,0.294,27.0,0.3337,14.0,,,0.2937,4.0,0.2655,5.0,0.2852,10.0,0.3098,7.0,,,0.3003,3.0
2014-04-09,0.1511,6.0,0.2857,24.0,0.285,2.0,,,0.2394,1.0,0.2647,5.0,0.2847,10.0,0.3287,14.0,,,0.3068,4.0
2014-04-08,0.1528,7.0,0.2814,22.0,0.373,26.0,,,0.3342,13.0,0.266,5.0,0.2847,10.0,0.3344,16.0,,,0.3177,7.0
2014-04-07,0.1519,6.0,0.2734,20.0,0.2798,2.0,,,0.5035,61.0,0.266,5.0,0.2842,9.0,0.3232,12.0,,,0.2481,1.0
2014-04-04,0.1655,8.0,0.2466,13.0,0.3985,34.0,,,0.2331,1.0,0.2661,5.0,0.2827,8.0,0.349,20.0,,,0.2587,1.0
2014-04-03,0.1762,10.0,0.1913,3.0,0.294,3.0,,,0.3172,8.0,0.2653,5.0,0.2791,7.0,0.2928,3.0,,,0.306,4.0
2014-04-02,0.1792,11.0,0.2187,8.0,0.3208,10.0,,,0.2747,2.0,0.2652,5.0,0.2792,7.0,0.3049,6.0,,,0.2955,2.0
2014-04-01,0.167,8.0,0.2528,15.0,0.2899,3.0,,,0.3407,15.0,0.2654,5.0,0.2784,6.0,0.3032,6.0,,,0.3075,5.0
2014-03-31,0.3221,43.0,0.4388,72.0,0.3148,8.0,,,0.2791,2.0,0.2654,5.0,0.2785,6.0,0.312,8.0,,,0.3025,3.0
2014-03-28,0.31,40.0,0.4483,74.0,0.3004,5.0,,,0.3134,7.0,0.2654,5.0,0.2784,6.0,0.3056,6.0,,,0.3107,5.0
2014-03-27,0.2948,36.0,0.4533,75.0,0.2953,4.0,,,0.3137,7.0,0.2655,5.0,0.2785,6.0,0.3078,7.0,,,0.3083,5.0
2014-03-26,0.2454,23.0,0.4581,76.0,0.3237,11.0,,,0.2845,3.0,0.2652,5.0,0.2783,6.0,0.3204,11.0,,,0.2918,2.0
2014-03-25,0.2602,28.0,0.4473,73.0,0.2919,3.0,,,0.2993,4.0,0.2632,4.0,0.278,6.0,0.2967,4.0,,,0.3102,5.0
2014-03-24,0.2653,28.0,0.4378,71.0,0.3216,10.0,,,0.2915,3.0,0.2633,4.0,0.2773,6.0,0.3143,9.0,,,0.3032,4.0
2014-03-21,0.2773,32.0,0.4163,67.0,0.4485,48.0,,,0.2576,1.0,0.2632,4.0,0.275,5.0,0.3626,22.0,,,0.2757,1.0
2014-03-20,0.1124,2.0,0.2109,6.0,0.8382,94.0,,,1.0252,97.0,0.2532,3.0,0.2616,4.0,0.3122,8.0,,,0.3212,8.0
2014-03-19,0.1263,3.0,0.208,5.0,0.3139,8.0,,,0.3044,5.0,0.252,3.0,0.2606,4.0,0.3002,5.0,,,0.3027,3.0
2014-03-18,0.1102,2.0,0.2137,6.0,0.3131,8.0,,,0.3056,6.0,0.2509,3.0,0.2606,4.0,0.3051,6.0,,,0.3014,3.0
2014-03-17,0.1814,11.0,0.2215,8.0,0.3164,8.0,,,0.3083,6.0,0.2509,3.0,0.2614,4.0,0.3146,9.0,,,0.3035,4.0
2014-03-14,0.1898,12.0,0.2413,12.0,0.303,5.0,,,0.3392,15.0,0.2514,3.0,0.261,4.0,0.307,7.0,,,0.3063,4.0
2014-03-13,0.1999,14.0,0.25,14.0,0.3123,7.0,,,0.4858,57.0,0.2514,3.0,0.2609,4.0,0.3098,7.0,,,0.3012,3.0
2014-03-12,0.3398,47.0,0.2816,23.0,0.3132,8.0,,,0.4819,56.0,0.2515,3.0,0.2602,4.0,0.3108,8.0,,,0.3016,3.0
2014-03-11,0.3389,47.0,0.2919,26.0,0.3234,10.0,,,0.3202,9.0,0.2516,3.0,0.2604,4.0,0.3027,6.0,,,0.3085,5.0
2014-03-10,0.2977,37.0,0.2814,22.0,0.3348,14.0,,,0.3182,9.0,0.2497,3.0,0.2596,4.0,0.2983,5.0,,,0.2998,3.0
2014-03-07,0.2859,34.0,0.2779,21.0,0.3017,5.0,,,0.4335,43.0,0.2498,3.0,0.2603,4.0,0.2902,3.0,,,0.2963,2.0
2014-03-06,0.2828,33.0,0.2882,25.0,0.3173,9.0,,,0.445,47.0,0.2492,3.0,0.2595,4.0,0.3027,6.0,,,0.3004,3.0
2014-03-05,0.2881,34.0,0.2704,19.0,0.3,5.0,,,0.3212,9.0,0.2492,3.0,0.2596,4.0,0.2945,4.0,,,0.3001,3.0
2014-03-04,0.2826,33.0,0.2632,17.0,0.3253,11.0,,,0.3197,9.0,0.249,3.0,0.2593,4.0,0.3072,7.0,,,0.2942,2.0
2014-03-03,0.1333,4.0,0.2419,12.0,0.3024,5.0,,,0.3641,22.0,0.2417,2.0,0.2574,3.0,0.2909,3.0,,,0.3015,3.0
2014-02-28,0.1325,4.0,0.2554,15.0,0.3393,16.0,,,0.6597,84.0,0.2437,2.0,0.2573,3.0,0.2996,5.0,,,0.2856,1.0
2014-02-27,0.1848,11.0,0.2853,24.0,0.291,3.0,,,0.327,11.0,0.2489,3.0,0.2606,4.0,0.2837,2.0,,,0.2966,2.0
2014-02-26,0.2227,18.0,0.2865,24.0,0.2987,4.0,,,0.3113,7.0,0.2489,3.0,0.2607,4.0,0.296,4.0,,,0.2945,2.0
2014-02-25,0.206,15.0,0.2643,17.0,0.2969,4.0,,,0.3129,7.0,0.2513,3.0,0.2611,4.0,0.2926,3.0,,,0.2853,1.0
2014-02-24,0.2667,30.0,0.2979,28.0,0.3059,6.0,,,0.2965,4.0,0.2545,3.0,0.2627,4.0,0.3002,5.0,,,0.2868,1.0
2014-02-21,0.247,24.0,0.2985,28.0,0.2957,4.0,,,0.3114,7.0,0.2544,3.0,0.2629,4.0,0.298,4.0,,,0.2933,2.0
2014-02-20,0.2594,27.0,0.3103,32.0,0.3051,6.0,,,0.2963,4.0,0.2541,3.0,0.262,4.0,0.3033,6.0,,,0.2872,1.0
2014-02-19,0.2837,33.0,0.3023,30.0,0.2887,3.0,,,0.2979,4.0,0.2541,3.0,0.2613,4.0,0.294,4.0,,,0.2976,2.0
2014-02-18,0.2343,21.0,0.2792,22.0,0.2958,4.0,,,0.3374,14.0,0.2527,3.0,0.2593,4.0,0.2789,1.0,,,0.3052,4.0
2014-02-14,0.2316,20.0,0.2956,27.0,0.2863,3.0,,,0.303,5.0,0.251,3.0,0.259,3.0,0.2813,1.0,,,0.2977,2.0
2014-02-13,0.2476,24.0,0.2954,27.0,0.2925,3.0,,,0.3011,5.0,0.2511,3.0,0.2591,4.0,0.2859,2.0,,,0.3002,3.0
2014-02-12,0.197,13.0,0.2563,15.0,0.2559,1.0,,,0.3102,6.0,0.2477,3.0,0.2571,3.0,0.2899,3.0,,,0.2945,2.0
2014-02-11,0.2443,23.0,0.2851,24.0,0.275,2.0,,,0.3205,9.0,0.2479,3.0,0.257,3.0,0.2845,2.0,,,0.3061,4.0
2014-02-10,0.2505,25.0,0.2773,21.0,0.2894,3.0,,,0.3144,8.0,0.2463,3.0,0.2548,3.0,0.2914,3.0,,,0.3052,4.0
2014-02-07,0.4547,72.0,0.3516,47.0,0.2432,1.0,,,0.2895,3.0,0.2459,2.0,0.254,3.0,0.296,4.0,,,0.2968,2.0
2014-02-06,0.4573,73.0,0.3496,47.0,0.2575,1.0,,,0.3315,12.0,0.2463,3.0,0.2534,3.0,0.2921,3.0,,,0.3024,3.0
2014-02-05,0.4459,71.0,0.3298,39.0,0.2615,1.0,,,0.3135,7.0,0.2451,2.0,0.2516,2.0,0.2955,4.0,,,0.3075,5.0
2014-02-04,0.4426,71.0,0.3276,39.0,0.281,2.0,,,0.3087,6.0,0.2453,2.0,0.2513,2.0,0.295,4.0,,,0.3005,3.0
2014-02-03,0.4423,71.0,0.3354,41.0,0.3009,5.0,,,0.2965,4.0,0.2457,2.0,0.2518,3.0,0.3014,5.0,,,0.3046,4.0
2014-01-31,0.4196,66.0,0.3136,33.0,0.2836,2.0,,,0.2922,4.0,0.2453,2.0,0.2509,2.0,0.2937,4.0,,,0.2889,1.0
2014-01-30,0.3639,54.0,0.2882,25.0,0.3012,5.0,,,0.2831,3.0,0.2424,2.0,0.2499,2.0,0.3008,5.0,,,0.2804,1.0
2014-01-29,0.1055,2.0,0.1758,2.0,0.312,7.0,,,0.2767,2.0,0.2285,2.0,0.2446,2.0,0.306,6.0,,,0.2914,2.0
2014-01-28,0.1012,2.0,0.171,2.0,0.2711,1.0,,,0.2953,4.0,0.2291,2.0,0.2443,2.0,0.288,2.0,,,0.3008,3.0
2014-01-27,0.0924,1.0,0.2098,6.0,0.3158,8.0,,,0.2707,2.0,0.2285,2.0,0.2444,2.0,0.3086,7.0,,,0.292,2.0
2014-01-24,0.0993,2.0,0.2071,5.0,0.2903,3.0,,,0.2901,3.0,0.2286,2.0,0.2445,2.0,0.293,3.0,,,0.2906,2.0
2014-01-23,0.1352,4.0,0.2126,6.0,0.2774,2.0,,,0.2973,4.0,0.2291,2.0,0.2444,2.0,0.2919,3.0,,,0.301,3.0
2014-01-22,0.1566,7.0,0.2619,17.0,0.318,9.0,,,0.2667,2.0,0.229,2.0,0.2439,2.0,0.3019,5.0,,,0.2935,2.0
2014-01-21,0.2977,37.0,0.2987,28.0,0.2611,1.0,,,0.3104,7.0,0.2295,2.0,0.2443,2.0,0.2918,3.0,,,0.3068,4.0
2014-01-17,0.2809,33.0,0.3159,34.0,0.2548,1.0,,,0.2965,4.0,0.2295,2.0,0.244,2.0,0.2979,4.0,,,0.3138,6.0
2014-01-16,0.2566,26.0,0.3253,38.0,0.2717,1.0,,,0.3054,6.0,0.2303,2.0,0.2439,2.0,0.2965,4.0,,,0.3026,3.0
2014-01-15,0.2717,30.0,0.3292,39.0,0.3091,7.0,,,0.2855,3.0,0.2292,2.0,0.242,1.0,0.2978,4.0,,,0.298,2.0
2014-01-14,0.2272,19.0,0.3362,42.0,0.3866,30.0,,,0.2779,2.0,0.2294,2.0,0.242,1.0,0.2976,4.0,,,0.3027,3.0
2014-01-13,0.3039,39.0,0.3268,38.0,0.2929,3.0,,,0.4477,47.0,0.2283,2.0,0.2423,2.0,0.2929,3.0,,,0.3106,5.0
2014-01-10,0.3311,45.0,0.2836,23.0,0.3222,10.0,,,0.2772,2.0,0.2266,2.0,0.239,1.0,0.2928,3.0,,,0.3075,5.0
2014-01-09,0.2113,16.0,0.2446,13.0,0.2517,1.0,,,0.3067,6.0,0.2136,1.0,0.2368,1.0,0.2817,1.0,,,0.3008,3.0
2014-01-08,0.2034,14.0,0.2153,7.0,0.2865,3.0,,,0.2828,2.0,0.2124,1.0,0.2359,1.0,0.2888,3.0,,,0.291,2.0
2014-01-07,0.1618,8.0,0.2059,5.0,0.3054,6.0,,,0.2684,2.0,0.2085,1.0,0.235,1.0,0.3046,6.0,,,0.2814,1.0
2014-01-06,0.156,7.0,0.1541,1.0,0.3549,21.0,,,0.2631,1.0,0.2129,1.0,0.2338,1.0,0.2897,3.0,,,0.2802,1.0
2014-01-03,0.0845,1.0,0.1408,1.0,0.3372,15.0,,,0.2919,3.0,0.2111,1.0,0.2331,1.0,0.3354,17.0,,,0.3293,11.0
2014-01-02,0.0788,1.0,0.1513,1.0,0.3025,5.0,,,0.3109,7.0,0.2109,1.0,0.2331,1.0,0.3297,15.0,,,0.3377,15.0
2013-12-31,0.1002,2.0,0.2044,5.0,0.3005,5.0,,,0.313,7.0,0.2113,1.0,0.233,1.0,0.3288,14.0,,,0.3314,12.0
2013-12-30,0.1337,4.0,0.2078,5.0,0.3092,7.0,,,0.3151,8.0,0.2114,1.0,0.2342,1.0,0.3311,15.0,,,0.3373,15.0
2013-12-27,0.1452,5.0,0.2257,9.0,0.2666,1.0,,,0.3307,12.0,0.2113,1.0,0.2346,1.0,0.3106,8.0,,,0.3383,15.0
2013-12-26,0.1404,5.0,0.2185,7.0,0.344,18.0,,,0.3031,5.0,0.2117,1.0,0.2355,1.0,0.3387,18.0,,,0.3259,10.0
2013-12-24,0.1595,7.0,0.2236,8.0,0.3228,10.0,,,0.3001,5.0,0.2117,1.0,0.2355,1.0,0.3366,17.0,,,0.3262,10.0
2013-12-23,0.1602,7.0,0.2258,9.0,0.3042,6.0,,,0.2991,4.0,0.2118,1.0,0.236,1.0,0.3369,17.0,,,0.3287,11.0
2013-12-20,0.1564,7.0,0.2241,9.0,0.2531,1.0,,,0.3085,6.0,0.2127,1.0,0.2355,1.0,0.3343,16.0,,,0.3262,10.0
2013-12-19,0.1516,6.0,0.1914,3.0,0.2997,5.0,,,0.3136,7.0,0.2147,1.0,0.2348,1.0,0.3307,15.0,,,0.3261,10.0
2013-12-18,0.1189,3.0,0.1916,3.0,0.2992,4.0,,,0.3001,5.0,0.2239,1.0,0.2401,1.0,0.3264,13.0,,,0.3277,10.0
2013-12-17,0.1016,2.0,0.1814,2.0,0.3222,10.0,,,0.313,7.0,0.225,1.0,0.2412,1.0,0.3238,12.0,,,0.313,6.0
2013-12-16,0.0906,1.0,0.1962,4.0,0.2737,2.0,,,0.3368,14.0,0.2261,2.0,0.2454,2.0,0.3,5.0,,,0.3368,15.0
2013-12-13,0.0513,1.0,0.1943,3.0,0.2986,4.0,,,0.3316,12.0,0.2263,2.0,0.2464,2.0,0.3392,18.0,,,0.3316,12.0
2013-12-12,0.1399,5.0,0.246,13.0,0.2841,2.0,,,0.3386,14.0,0.2285,2.0,0.2481,2.0,0.3221,12.0,,,0.3386,15.0
2013-12-11,0.3129,41.0,0.3395,43.0,0.3579,22.0,,,0.3092,6.0,0.2286,2.0,0.249,2.0,0.3504,20.0,,,0.3092,5.0
2013-12-10,0.4571,73.0,0.3932,61.0,0.3099,7.0,,,0.3163,8.0,0.2294,2.0,0.2488,2.0,0.3479,20.0,,,0.3439,17.0
2013-12-09,0.4729,75.0,0.3955,61.0,0.2818,2.0,,,0.3335,13.0,0.2316,2.0,0.2493,2.0,0.3104,7.0,,,0.3335,13.0
2013-12-06,0.5209,81.0,0.4128,66.0,0.3187,9.0,,,0.289,3.0,0.237,2.0,0.2505,2.0,0.3241,13.0,,,0.3165,6.0
2013-12-05,0.5258,81.0,0.4118,65.0,0.2944,4.0,,,0.2833,3.0,0.2379,2.0,0.2519,3.0,0.3264,13.0,,,0.3229,8.0
2013-12-04,0.5308,82.0,0.421,67.0,0.4012,35.0,,,0.2724,2.0,0.2406,2.0,0.2522,3.0,0.3625,22.0,,,0.3149,6.0
2013-12-03,0.4929,78.0,0.3921,60.0,0.3076,6.0,,,0.3435,16.0,0.2391,2.0,0.2496,2.0,0.293,3.0,,,0.3435,17.0
2013-12-02,0.4545,72.0,0.3249,38.0,0.4791,55.0,,,0.5263,65.0,0.2312,2.0,0.2433,2.0,0.3246,13.0,,,0.346,18.0
2013-11-29,0.1702,9.0,0.2715,20.0,0.3349,14.0,,,0.3667,22.0,0.2186,1.0,0.2391,1.0,0.3246,13.0,,,0.3697,22.0
2013-11-27,0.1989,14.0,0.3042,30.0,0.2947,4.0,,,0.3792,26.0,0.2178,1.0,0.2396,1.0,0.2835,2.0,,,0.3427,17.0
2013-11-26,0.2163,17.0,0.2931,27.0,0.3673,25.0,,,0.3705,23.0,0.2127,1.0,0.2387,1.0,0.322,12.0,,,0.3334,13.0
2013-11-25,0.2114,16.0,0.3087,32.0,0.335,14.0,,,0.3812,27.0,0.2124,1.0,0.2388,1.0,0.3485,20.0,,,0.3259,10.0
2013-11-22,0.1949,13.0,0.309,32.0,0.334,14.0,,,0.4177,38.0,0.2106,1.0,0.2396,1.0,0.2917,3.0,,,0.3429,17.0
2013-11-21,0.1995,14.0,0.3074,31.0,0.3327,14.0,,,0.451,48.0,0.2146,1.0,0.2453,2.0,0.2722,1.0,,,0.3423,16.0
2013-11-20,0.1417,5.0,0.292,26.0,0.3322,14.0,,,0.3479,17.0,0.2123,1.0,0.2449,2.0,0.3108,8.0,,,0.3627,21.0
2013-11-19,0.1362,4.0,0.2792,22.0,0.3837,28.0,,,0.3797,27.0,0.2156,1.0,0.2472,2.0,0.2932,3.0,,,0.319,7.0
2013-11-18,0.1766,10.0,0.2846,24.0,0.3467,18.0,,,0.3311,12.0,0.2555,4.0,0.2585,3.0,0.39,28.0,,,0.3437,17.0
2013-11-15,0.1688,9.0,0.2822,23.0,0.3266,11.0,,,0.3557,19.0,0.2549,3.0,0.2579,3.0,0.3372,18.0,,,0.33,12.0
2013-11-14,0.1516,6.0,0.268,19.0,0.3219,10.0,,,0.3646,22.0,0.2549,3.0,0.2576,3.0,0.3341,16.0,,,0.3296,11.0
2013-11-13,0.1523,6.0,0.3103,32.0,0.3396,16.0,,,0.3459,16.0,0.2551,4.0,0.2567,3.0,0.3287,14.0,,,0.3223,8.0
2013-11-12,0.1895,12.0,0.3348,41.0,0.339,16.0,,,0.3331,13.0,0.2561,4.0,0.2581,3.0,0.3843,27.0,,,0.2947,2.0
2013-11-11,0.2726,31.0,0.367,53.0,0.3545,21.0,,,0.329,12.0,0.2557,4.0,0.2582,3.0,0.3283,14.0,,,0.3727,23.0
2013-11-08,0.2999,38.0,0.3654,52.0,0.3366,15.0,,,0.3654,22.0,0.256,4.0,0.2573,3.0,0.2809,1.0,,,0.3263,10.0
2013-11-07,0.2551,26.0,0.3331,41.0,0.3548,21.0,,,0.3218,10.0,0.2568,4.0,0.2556,3.0,0.3501,20.0,,,0.3104,5.0
2013-11-06,0.2546,26.0,0.33,40.0,0.3467,18.0,,,0.3424,15.0,0.2563,4.0,0.2566,3.0,0.2787,1.0,,,0.3211,8.0
2013-11-05,0.2567,27.0,0.3248,37.0,0.3373,15.0,,,0.337,14.0,0.2578,4.0,0.2565,3.0,0.36,22.0,,,0.3133,6.0
2013-11-04,0.2615,28.0,0.2659,18.0,0.3247,11.0,,,0.3571,20.0,0.2585,4.0,0.253,3.0,0.3064,6.0,,,0.3587,20.0
2013-11-01,0.2688,30.0,0.2487,14.0,0.3627,23.0,,,0.3014,5.0,0.2575,4.0,0.2514,2.0,0.3654,23.0,,,0.2701,1.0
2013-10-31,0.2294,20.0,0.195,4.0,0.3577,22.0,,,0.3139,8.0,0.2534,3.0,0.2489,2.0,0.3766,25.0,,,0.3082,5.0
2013-10-30,0.2116,16.0,0.1747,2.0,0.359,22.0,,,0.3071,6.0,0.2525,3.0,0.2489,2.0,0.3443,19.0,,,0.3198,7.0
2013-10-29,0.2117,16.0,0.1735,2.0,0.3411,17.0,,,0.3462,16.0,0.2519,3.0,0.249,2.0,0.3122,8.0,,,0.3221,8.0
2013-10-28,0.2031,14.0,0.1656,1.0,0.3705,26.0,,,0.3311,12.0,0.2526,3.0,0.249,2.0,0.3356,17.0,,,0.3244,9.0
2013-10-25,0.1308,3.0,0.1677,2.0,0.3072,6.0,,,0.308,6.0,0.2503,3.0,0.2492,2.0,0.325,13.0,,,0.3289,11.0
2013-10-24,0.1271,3.0,0.165,1.0,0.2718,2.0,,,0.3724,24.0,0.2618,4.0,0.2545,3.0,0.3181,10.0,,,0.3479,18.0
2013-10-23,0.1317,4.0,0.1441,1.0,0.3445,18.0,,,0.2712,2.0,0.2606,4.0,0.2538,3.0,0.3346,16.0,,,0.3133,6.0
2013-10-22,0.1422,5.0,0.1641,1.0,0.3035,5.0,,,0.3225,10.0,0.2606,4.0,0.2548,3.0,0.3091,7.0,,,0.3276,10.0
2013-10-21,0.1437,5.0,0.1679,2.0,0.3245,11.0,,,0.3504,17.0,0.2608,4.0,0.2553,3.0,0.3241,13.0,,,0.3302,12.0
2013-10-18,0.1607,8.0,0.1747,2.0,0.3046,6.0,,,0.3577,20.0,0.2612,4.0,0.2558,3.0,0.3139,9.0,,,0.3314,12.0
2013-10-17,0.1713,9.0,0.1601,1.0,0.3046,6.0,,,0.336,14.0,0.2616,4.0,0.2556,3.0,0.3173,10.0,,,0.3348,14.0
2013-10-16,0.1839,11.0,0.148,1.0,0.3146,8.0,,,0.3189,9.0,0.2629,4.0,0.2559,3.0,0.3193,11.0,,,0.3298,11.0
2013-10-15,0.2103,16.0,0.1554,1.0,0.3203,9.0,,,0.3032,5.0,0.2646,5.0,0.2571,3.0,0.3331,16.0,,,0.3274,10.0
2013-10-14,0.194,13.0,0.1551,1.0,0.3027,5.0,,,0.3212,9.0,0.2643,5.0,0.2571,3.0,0.3156,9.0,,,0.3422,16.0
2013-10-11,0.174,10.0,0.1378,1.0,0.3091,7.0,,,0.3556,19.0,0.2634,4.0,0.257,3.0,0.3183,10.0,,,0.3409,16.0
2013-10-10,0.1708,9.0,0.1409,1.0,0.3088,7.0,,,0.3385,14.0,0.264,4.0,0.2589,3.0,0.316,9.0,,,0.3481,19.0
2013-10-09,0.0997,2.0,0.1269,1.0,0.3361,15.0,,,0.2967,4.0,0.2631,4.0,0.2597,4.0,0.3242,13.0,,,0.3349,14.0
2013-10-08,0.1106,2.0,0.1337,1.0,0.3342,14.0,,,0.2984,4.0,0.2663,5.0,0.2613,4.0,0.3317,16.0,,,0.3377,15.0
2013-10-07,0.1222,3.0,0.1304,1.0,0.3304,13.0,,,0.3227,10.0,0.2665,5.0,0.2631,4.0,0.3283,14.0,,,0.335,14.0
2013-10-04,0.0927,1.0,0.1619,1.0,0.3264,11.0,,,0.3603,21.0,0.2664,5.0,0.2645,4.0,0.3311,15.0,,,0.3386,15.0
2013-10-03,0.1031,2.0,0.17,2.0,0.3217,10.0,,,0.2775,2.0,0.2673,5.0,0.265,4.0,0.322,12.0,,,0.3294,11.0
2013-10-02,0.0736,1.0,0.1747,2.0,0.3086,6.0,,,0.3278,11.0,0.2675,5.0,0.2653,4.0,0.3229,12.0,,,0.3221,8.0
2013-10-01,0.0707,1.0,0.1767,2.0,0.3157,8.0,,,0.3171,8.0,0.2676,6.0,0.2655,5.0,0.3172,10.0,,,0.328,10.0
2013-09-30,0.0734,1.0,0.1757,2.0,0.3297,12.0,,,0.3297,12.0,0.2676,6.0,0.2673,5.0,0.3249,13.0,,,0.3311,12.0
2013-09-27,0.0773,1.0,0.1844,3.0,0.3338,14.0,,,0.3167,8.0,0.269,6.0,0.2693,5.0,0.3184,10.0,,,0.3249,9.0
2013-09-26,0.091,1.0,0.2189,8.0,0.338,15.0,,,0.3446,16.0,0.2714,6.0,0.2706,5.0,0.3192,10.0,,,0.3383,15.0
2013-09-25,0.114,2.0,0.1934,3.0,0.3329,14.0,,,0.2365,1.0,0.2718,6.0,0.2748,5.0,0.3325,16.0,,,0.3202,7.0
2013-09-24,0.0958,1.0,0.1871,3.0,0.3269,12.0,,,0.2999,5.0,0.272,6.0,0.2757,5.0,0.3183,10.0,,,0.325,9.0
2013-09-23,0.0978,2.0,0.1794,2.0,0.3277,12.0,,,0.3163,8.0,0.2722,6.0,0.2754,5.0,0.3267,14.0,,,0.3264,10.0
2013-09-20,0.1081,2.0,0.1827,2.0,0.3304,13.0,,,0.2974,4.0,0.2724,6.0,0.2755,5.0,0.3214,11.0,,,0.3232,9.0
2013-09-19,0.101,2.0,0.1851,3.0,0.3148,8.0,,,0.3122,7.0,0.2745,6.0,0.2781,6.0,0.3106,8.0,,,0.3269,10.0
2013-09-18,0.1067,2.0,0.2067,5.0,0.3249,11.0,,,0.3297,12.0,0.2745,6.0,0.2781,6.0,0.3148,9.0,,,0.328,10.0
2013-09-17,0.1163,2.0,0.178,2.0,0.3132,8.0,,,0.3451,16.0,0.2752,6.0,0.2775,6.0,0.3143,9.0,,,0.3397,16.0
2013-09-16,0.1067,2.0,0.2125,6.0,0.3237,11.0,,,0.3267,11.0,0.2773,6.0,0.2788,6.0,0.328,14.0,,,0.3395,15.0
2013-09-13,0.1289,3.0,0.2187,8.0,0.3198,9.0,,,0.3107,7.0,0.2783,6.0,0.281,7.0,0.3177,10.0,,,0.3314,12.0
2013-09-12,0.129,3.0,0.2318,10.0,0.3248,11.0,,,0.3226,10.0,0.2784,6.0,0.2812,7.0,0.3223,12.0,,,0.3316,12.0
2013-09-11,0.1562,7.0,0.237,11.0,0.324,11.0,,,0.3163,8.0,0.2784,6.0,0.2812,7.0,0.3179,10.0,,,0.3305,12.0
2013-09-10,0.2982,37.0,0.2972,28.0,0.3306,13.0,,,0.3356,13.0,0.2785,6.0,0.281,7.0,0.3261,13.0,,,0.331,12.0
2013-09-09,0.2943,36.0,0.2858,24.0,0.3067,6.0,,,0.3265,11.0,0.2813,6.0,0.2808,7.0,0.3319,16.0,,,0.3372,15.0
2013-09-06,0.3369,47.0,0.3133,33.0,0.325,11.0,,,0.3265,11.0,0.2823,6.0,0.2808,7.0,0.3308,15.0,,,0.3286,11.0
2013-09-05,0.3806,57.0,0.3191,35.0,0.3483,19.0,,,0.3307,12.0,0.2824,6.0,0.2797,7.0,0.3259,13.0,,,0.3203,8.0
2013-09-04,0.3799,57.0,0.3208,36.0,0.3448,18.0,,,0.295,4.0,0.284,7.0,0.28,7.0,0.3311,15.0,,,0.3248,9.0
2013-09-03,0.3753,57.0,0.3184,35.0,0.3187,9.0,,,0.362,21.0,0.2868,7.0,0.2806,7.0,0.3205,11.0,,,0.347,18.0
2013-08-30,0.3394,47.0,0.3191,35.0,0.32,9.0,,,0.3177,8.0,0.2938,8.0,0.2876,12.0,0.3279,14.0,,,0.3286,11.0
2013-08-29,0.2705,30.0,0.2642,17.0,0.4876,57.0,,,0.4944,59.0,0.2893,7.0,0.2851,10.0,0.339,18.0,,,0.3464,18.0
2013-08-28,0.2732,31.0,0.2564,15.0,0.4289,43.0,,,0.4127,36.0,0.2892,7.0,0.2846,10.0,0.336,17.0,,,0.3463,18.0
2013-08-27,0.1853,11.0,0.2262,9.0,0.3355,15.0,,,0.3979,32.0,0.2869,7.0,0.2829,9.0,0.3399,18.0,,,0.3266,10.0
2013-08-26,0.0927,1.0,0.1936,3.0,0.3316,13.0,,,0.3682,23.0,0.2835,6.0,0.2821,8.0,0.3366,17.0,,,0.3299,11.0
2013-08-23,0.0944,1.0,0.1856,3.0,0.3309,13.0,,,0.3277,11.0,0.2832,6.0,0.2822,8.0,0.3282,14.0,,,0.326,10.0
2013-08-22,0.0983,2.0,0.1725,2.0,0.3097,7.0,,,0.357,20.0,0.2834,6.0,0.2825,8.0,0.323,12.0,,,0.3286,11.0
2013-08-21,0.0909,1.0,0.1578,1.0,0.3263,11.0,,,0.3309,12.0,0.2851,7.0,0.2837,9.0,0.3346,16.0,,,0.3325,13.0
2013-08-20,0.1067,2.0,0.1537,1.0,0.3158,8.0,,,0.3653,22.0,0.2886,7.0,0.2859,11.0,0.3212,11.0,,,0.336,14.0
2013-08-19,0.1248,3.0,0.1455,1.0,0.3278,12.0,,,0.3493,17.0,0.2886,7.0,0.2866,11.0,0.3324,16.0,,,0.3257,10.0
2013-08-16,0.1413,5.0,0.1298,1.0,0.3264,11.0,,,0.3522,18.0,0.2892,7.0,0.2867,11.0,0.3257,13.0,,,0.3325,13.0
2013-08-15,0.1458,6.0,0.1324,1.0,0.3171,9.0,,,0.3484,17.0,0.2899,7.0,0.2866,11.0,0.3231,12.0,,,0.3373,15.0
2013-08-14,0.173,9.0,0.1623,1.0,0.3314,13.0,,,0.3232,10.0,0.2897,7.0,0.2865,11.0,0.3245,13.0,,,0.3323,13.0
2013-08-13,0.1966,13.0,0.1839,3.0,0.321,10.0,,,0.3375,14.0,0.2901,7.0,0.2869,11.0,0.32,11.0,,,0.3309,12.0
2013-08-12,0.1977,13.0,0.2017,4.0,0.3214,10.0,,,0.3485,17.0,0.2902,7.0,0.2869,11.0,0.3178,10.0,,,0.3425,17.0
2013-08-09,0.2061,15.0,0.2056,5.0,0.3392,16.0,,,0.3127,7.0,0.2911,7.0,0.2873,12.0,0.3288,14.0,,,0.3217,8.0
2013-08-08,0.1929,13.0,0.2128,6.0,0.3274,12.0,,,0.3343,13.0,0.2914,7.0,0.2877,12.0,0.3261,13.0,,,0.3251,9.0
2013-08-07,0.183,11.0,0.2185,7.0,0.3281,12.0,,,0.3367,14.0,0.2915,7.0,0.2877,12.0,0.3278,14.0,,,0.336,14.0
2013-08-06,0.1868,11.0,0.218,7.0,0.324,11.0,,,0.3411,15.0,0.291,7.0,0.2876,12.0,0.3133,8.0,,,0.3345,14.0
2013-08-05,0.1509,6.0,0.1927,3.0,0.3064,6.0,,,0.3319,13.0,0.2899,7.0,0.2869,11.0,0.3083,7.0,,,0.3314,12.0
2013-08-02,0.1461,6.0,0.1824,2.0,0.3135,8.0,,,0.3362,14.0,0.2897,7.0,0.2866,11.0,0.3253,13.0,,,0.3312,12.0
2013-08-01,0.1411,5.0,0.1609,1.0,0.3261,11.0,,,0.3301,12.0,0.2894,7.0,0.2865,11.0,0.3131,8.0,,,0.3323,13.0
2013-07-31,0.1452,5.0,0.1601,1.0,0.3282,12.0,,,0.3159,8.0,0.2901,7.0,0.2873,12.0,0.3302,15.0,,,0.3274,10.0
2013-07-30,0.1454,6.0,0.1519,1.0,0.3217,10.0,,,0.3271,11.0,0.29,7.0,0.2871,12.0,0.3176,10.0,,,0.3306,12.0
2013-07-29,0.1478,6.0,0.1449,1.0,0.3379,15.0,,,0.3166,8.0,0.29,7.0,0.2873,12.0,0.3292,15.0,,,0.319,7.0
2013-07-26,0.139,5.0,0.1661,1.0,0.3207,10.0,,,0.3165,8.0,0.2896,7.0,0.2872,12.0,0.3318,16.0,,,0.3404,16.0
2013-07-25,0.117,2.0,0.1643,1.0,0.3198,9.0,,,0.3515,18.0,0.2909,7.0,0.2877,12.0,0.3057,6.0,,,0.3305,12.0
2013-07-24,0.1141,2.0,0.1603,1.0,0.3511,20.0,,,0.323,10.0,0.2915,7.0,0.2882,12.0,0.3377,18.0,,,0.3308,12.0
2013-07-23,0.0873,1.0,0.1762,2.0,0.3213,10.0,,,0.3372,14.0,0.2915,7.0,0.2882,12.0,0.3118,8.0,,,0.3412,16.0
2013-07-22,0.0802,1.0,0.1758,2.0,0.3192,9.0,,,0.3095,6.0,0.2912,7.0,0.289,13.0,0.3223,12.0,,,0.331,12.0
2013-07-19,0.1496,6.0,0.1982,4.0,0.327,12.0,,,0.3172,8.0,0.2912,7.0,0.289,13.0,0.3279,14.0,,,0.3361,14.0
2013-07-18,0.1471,6.0,0.1961,4.0,0.3489,19.0,,,0.317,8.0,0.2912,7.0,0.289,13.0,0.3353,17.0,,,0.3274,10.0
2013-07-17,0.1511,6.0,0.1696,2.0,0.3334,14.0,,,0.3193,9.0,0.2917,7.0,0.2883,12.0,0.3333,16.0,,,0.341,16.0
2013-07-16,0.1507,6.0,0.1738,2.0,0.3149,8.0,,,0.3669,22.0,0.2915,7.0,0.2886,13.0,0.3362,17.0,,,0.3424,17.0
2013-07-15,0.1525,6.0,0.1948,4.0,0.3396,16.0,,,0.3191,9.0,0.2954,8.0,0.2914,15.0,0.3324,16.0,,,0.3284,11.0
2013-07-12,0.1547,7.0,0.1887,3.0,0.3305,13.0,,,0.3088,6.0,0.2972,8.0,0.2923,15.0,0.3172,10.0,,,0.3332,13.0
2013-07-11,0.2048,15.0,0.2147,7.0,0.3043,6.0,,,0.3382,14.0,0.2976,8.0,0.2925,15.0,0.3043,6.0,,,0.3429,17.0
2013-07-10,0.1172,2.0,0.195,4.0,0.3093,7.0,,,0.336,14.0,0.2948,8.0,0.2916,15.0,0.3235,12.0,,,0.3382,15.0
2013-07-09,0.1139,2.0,0.2097,6.0,0.3235,11.0,,,0.34,15.0,0.2947,8.0,0.2918,15.0,0.3362,17.0,,,0.3331,13.0
2013-07-08,0.1404,5.0,0.2083,5.0,0.3288,12.0,,,0.3288,12.0,0.295,8.0,0.2919,15.0,0.3351,17.0,,,0.3404,16.0
2013-07-05,0.1988,14.0,0.2385,11.0,0.3136,8.0,,,0.3342,13.0,0.2953,8.0,0.293,16.0,0.3263,13.0,,,0.3497,19.0
2013-07-03,0.3535,51.0,0.3043,30.0,0.2947,4.0,,,0.3296,12.0,0.2997,9.0,0.2947,16.0,0.3285,14.0,,,0.3533,20.0
2013-07-02,0.3796,57.0,0.3259,38.0,0.321,10.0,,,0.3107,7.0,0.2998,9.0,0.2946,16.0,0.3358,17.0,,,0.3407,16.0
2013-07-01,0.3853,59.0,0.3633,51.0,0.3288,12.0,,,0.3296,12.0,0.2994,9.0,0.294,16.0,0.3425,19.0,,,0.3448,18.0
2013-06-28,0.3959,61.0,0.378,56.0,0.3047,6.0,,,0.3259,10.0,0.2995,9.0,0.2957,17.0,0.3418,19.0,,,0.3431,17.0
2013-06-27,0.4135,65.0,0.3926,60.0,0.2979,4.0,,,0.3512,18.0,0.3047,11.0,0.2979,18.0,0.3308,15.0,,,0.3561,20.0
2013-06-26,0.3903,60.0,0.407,64.0,0.3322,14.0,,,0.3321,13.0,0.3052,11.0,0.2999,18.0,0.3412,19.0,,,0.3362,14.0
2013-06-25,0.3943,61.0,0.3959,61.0,0.343,17.0,,,0.3273,11.0,0.3037,10.0,0.2996,18.0,0.3382,18.0,,,0.3408,16.0
2013-06-24,0.2057,15.0,0.3417,44.0,0.3552,21.0,,,0.3285,11.0,0.3026,10.0,0.2985,18.0,0.336,17.0,,,0.3424,17.0
2013-06-21,0.3419,48.0,0.3373,42.0,0.3176,9.0,,,0.3167,8.0,0.3016,10.0,0.2972,17.0,0.3426,19.0,,,0.3393,15.0
2013-06-20,0.3397,47.0,0.3091,32.0,0.3206,10.0,,,0.3288,12.0,0.3011,9.0,0.2949,16.0,0.329,14.0,,,0.341,16.0
2013-06-19,0.3601,53.0,0.2989,28.0,0.3989,34.0,,,0.3061,6.0,0.3004,9.0,0.2938,16.0,0.3441,19.0,,,0.3384,15.0
2013-06-18,0.3529,51.0,0.2719,20.0,0.3028,5.0,,,0.4598,51.0,0.2987,9.0,0.2922,15.0,0.3191,10.0,,,0.3535,20.0
2013-06-17,0.3524,51.0,0.2557,15.0,0.3208,10.0,,,0.4022,33.0,0.2987,9.0,0.2913,14.0,0.3182,10.0,,,0.3481,19.0
2013-06-14,0.339,47.0,0.2652,18.0,0.3318,14.0,,,0.3012,5.0,0.2984,9.0,0.2911,14.0,0.3435,19.0,,,0.3347,14.0
2013-06-13,0.3141,41.0,0.2696,19.0,0.3036,5.0,,,0.4223,40.0,0.2976,8.0,0.2913,14.0,0.3214,11.0,,,0.3474,18.0
2013-06-12,0.193,13.0,0.2621,17.0,0.3805,28.0,,,0.314,8.0,0.302,10.0,0.2946,16.0,0.3491,20.0,,,0.3352,14.0
2013-06-11,0.2147,17.0,0.2362,11.0,0.3448,18.0,,,0.3059,6.0,0.3013,10.0,0.2933,16.0,0.3424,19.0,,,0.3331,13.0
2013-06-10,0.1411,5.0,0.2589,16.0,0.3112,7.0,,,0.4259,41.0,0.3004,9.0,0.2941,16.0,0.3194,11.0,,,0.3571,20.0
2013-06-07,0.2115,16.0,0.3411,44.0,0.3093,7.0,,,0.3096,6.0,0.3,9.0,0.2943,16.0,0.3347,17.0,,,0.3361,14.0
2013-06-06,0.2319,20.0,0.3464,45.0,0.3139,8.0,,,0.416,38.0,0.3009,9.0,0.2955,17.0,0.3255,13.0,,,0.3519,19.0
2013-06-05,0.2931,36.0,0.3787,57.0,0.3258,11.0,,,0.326,10.0,0.3011,9.0,0.2951,16.0,0.3302,15.0,,,0.3446,18.0
2013-06-04,0.646,89.0,0.5092,84.0,0.3433,17.0,,,0.3612,21.0,0.3011,9.0,0.2954,17.0,0.3332,16.0,,,0.3363,14.0
2013-06-03,0.6321,89.0,0.5046,83.0,0.3111,7.0,,,0.36,21.0,0.3012,10.0,0.2952,16.0,0.3207,11.0,,,0.3422,16.0
2013-05-31,0.6326,89.0,0.5105,84.0,0.3406,16.0,,,0.3153,8.0,0.3011,9.0,0.296,17.0,0.3447,19.0,,,0.3317,13.0
2013-05-30,0.6406,89.0,0.4962,82.0,0.3272,12.0,,,0.3123,7.0,0.3016,10.0,0.2956,17.0,0.3365,17.0,,,0.333,13.0
2013-05-29,0.633,89.0,0.4566,75.0,0.3007,5.0,,,0.364,22.0,0.2989,9.0,0.2908,14.0,0.3155,9.0,,,0.3478,18.0
2013-05-28,0.6106,88.0,0.4507,74.0,0.3548,21.0,,,0.3348,13.0,0.2992,9.0,0.2909,14.0,0.3421,19.0,,,0.3352,14.0
2013-05-24,0.562,85.0,0.411,65.0,0.2973,4.0,,,0.3475,16.0,0.3008,9.0,0.2912,14.0,0.3019,5.0,,,0.3082,5.0
2013-05-23,0.176,10.0,0.2342,11.0,0.4596,51.0,,,0.5159,63.0,0.2702,6.0,0.2827,8.0,0.2995,5.0,,,0.3376,15.0
2013-05-22,0.1748,10.0,0.2594,16.0,0.4368,45.0,,,0.4386,45.0,0.2704,6.0,0.2831,9.0,0.3409,19.0,,,0.3094,5.0
2013-05-21,0.2292,19.0,0.2494,14.0,0.379,28.0,,,0.4001,33.0,0.2699,6.0,0.2823,8.0,0.3201,11.0,,,0.3288,11.0
2013-05-20,0.2312,20.0,0.2503,14.0,0.3423,17.0,,,0.4227,40.0,0.3193,14.0,0.2849,10.0,0.2958,4.0,,,0.3447,18.0
2013-05-17,0.2227,18.0,0.2271,9.0,0.3504,20.0,,,0.4042,34.0,0.3195,14.0,0.2842,9.0,0.3102,7.0,,,0.346,18.0
2013-05-16,0.2282,19.0,0.2273,9.0,0.3786,28.0,,,0.3708,24.0,0.3198,14.0,0.2849,10.0,0.3266,13.0,,,0.3425,17.0
2013-05-15,0.2468,24.0,0.24,12.0,0.3267,12.0,,,0.3879,28.0,0.3198,14.0,0.2855,10.0,0.3098,7.0,,,0.3517,19.0
2013-05-14,0.2181,17.0,0.2265,9.0,0.3531,21.0,,,0.374,25.0,0.3183,14.0,0.2863,11.0,0.3178,10.0,,,0.3462,18.0
2013-05-13,0.2391,22.0,0.2023,5.0,0.365,24.0,,,0.321,9.0,0.3188,14.0,0.2853,10.0,0.3479,20.0,,,0.3332,13.0
2013-05-10,0.1711,9.0,0.1991,4.0,0.3397,16.0,,,0.3541,19.0,0.3189,14.0,0.2857,11.0,0.3093,7.0,,,0.3644,21.0
2013-05-09,0.3941,61.0,0.2899,25.0,0.3629,23.0,,,0.4433,46.0,0.3184,14.0,0.2855,10.0,0.3203,11.0,,,0.3356,14.0
2013-05-08,0.3941,61.0,0.2887,25.0,0.3485,19.0,,,0.3576,20.0,0.3219,15.0,0.2874,12.0,0.3197,11.0,,,0.333,13.0
2013-05-07,0.3952,61.0,0.3013,28.0,0.3551,21.0,,,0.482,56.0,0.3221,15.0,0.2876,12.0,0.3108,8.0,,,0.3511,19.0
2013-05-06,0.3731,56.0,0.297,28.0,0.3133,8.0,,,0.4013,33.0,0.3215,15.0,0.2877,12.0,0.3369,17.0,,,0.3384,15.0
2013-05-03,0.3805,57.0,0.3017,28.0,0.375,27.0,,,0.3688,23.0,0.3218,15.0,0.2886,13.0,0.3381,18.0,,,0.3329,13.0
2013-05-02,0.365,54.0,0.2949,27.0,0.4767,55.0,,,0.3554,19.0,0.3212,15.0,0.289,13.0,0.3509,20.0,,,0.3229,8.0
2013-05-01,0.3876,59.0,0.2978,28.0,0.4504,48.0,,,0.302,5.0,0.321,15.0,0.2892,13.0,0.3823,26.0,,,0.3233,9.0
2013-04-30,0.2236,18.0,0.2264,9.0,0.3489,19.0,,,0.381,27.0,0.3128,12.0,0.2846,10.0,0.3123,8.0,,,0.3439,17.0
2013-04-29,0.2377,21.0,0.2254,9.0,0.3399,16.0,,,0.3712,24.0,0.3127,12.0,0.2847,10.0,0.3194,11.0,,,0.3401,16.0
2013-04-26,0.2283,19.0,0.2149,7.0,0.3437,17.0,,,0.3865,28.0,0.3126,12.0,0.2839,9.0,0.3111,8.0,,,0.348,19.0
2013-04-25,0.2398,22.0,0.2463,13.0,0.3499,19.0,,,0.3608,21.0,0.3131,12.0,0.2844,10.0,0.3195,11.0,,,0.3408,16.0
2013-04-24,0.2242,18.0,0.2569,16.0,0.3595,22.0,,,0.376,25.0,0.3125,12.0,0.2842,9.0,0.3148,9.0,,,0.3459,18.0
2013-04-23,0.2528,25.0,0.2781,21.0,0.3111,7.0,,,0.3718,24.0,0.3127,12.0,0.2843,9.0,0.3108,8.0,,,0.3527,20.0
2013-04-22,0.2133,16.0,0.2961,27.0,0.3773,28.0,,,0.368,23.0,0.3112,11.0,0.2847,10.0,0.3253,13.0,,,0.344,17.0
2013-04-19,0.2456,23.0,0.3033,30.0,0.3529,20.0,,,0.3583,20.0,0.3133,12.0,0.2862,11.0,0.3367,17.0,,,0.3525,20.0
2013-04-18,0.2648,28.0,0.3111,33.0,0.3539,21.0,,,0.3783,26.0,0.3137,12.0,0.2871,12.0,0.3272,14.0,,,0.3518,19.0
2013-04-17,0.2828,33.0,0.3098,32.0,0.3308,13.0,,,0.4056,34.0,0.3139,12.0,0.2867,11.0,0.3113,8.0,,,0.3677,22.0
2013-04-16,0.2772,32.0,0.2855,24.0,0.3574,22.0,,,0.3658,22.0,0.3136,12.0,0.2853,10.0,0.327,14.0,,,0.3431,17.0
2013-04-15,0.2777,32.0,0.2961,27.0,0.3589,22.0,,,0.3591,20.0,0.3136,12.0,0.2843,9.0,0.3399,18.0,,,0.3399,16.0
2013-04-12,0.2191,18.0,0.3057,31.0,0.3237,11.0,,,0.347,16.0,0.3114,11.0,0.283,9.0,0.3169,10.0,,,0.3502,19.0
2013-04-11,0.2803,32.0,0.2973,28.0,0.3271,12.0,,,0.3681,23.0,0.3109,11.0,0.2813,8.0,0.3232,12.0,,,0.3477,18.0
2013-04-10,0.2671,30.0,0.3526,47.0,0.3245,11.0,,,0.4488,47.0,0.3179,14.0,0.2809,7.0,0.3166,9.0,,,0.3536,20.0
2013-04-09,0.2524,25.0,0.3629,51.0,0.3755,27.0,,,0.3472,16.0,0.3169,13.0,0.2803,7.0,0.3302,15.0,,,0.3306,12.0
2013-04-08,0.2383,21.0,0.3576,49.0,0.3408,17.0,,,0.396,31.0,0.3165,13.0,0.2804,7.0,0.3252,13.0,,,0.3388,15.0
2013-04-05,0.2396,22.0,0.3561,49.0,0.3202,9.0,,,0.4287,42.0,0.3165,13.0,0.2801,7.0,0.3038,6.0,,,0.3561,20.0
2013-04-04,0.2667,30.0,0.367,53.0,0.3036,5.0,,,0.4569,50.0,0.3187,14.0,0.2793,7.0,0.2872,2.0,,,0.3818,25.0
2013-04-03,0.2094,15.0,0.3447,45.0,0.3871,30.0,,,0.3472,16.0,0.3176,14.0,0.2845,10.0,0.3665,23.0,,,0.3074,4.0
2013-04-02,0.2212,18.0,0.3383,43.0,0.3632,23.0,,,0.3706,24.0,0.317,14.0,0.2849,10.0,0.3145,9.0,,,0.356,20.0
2013-04-01,0.2285,19.0,0.2782,21.0,0.5947,75.0,,,0.5522,69.0,0.3166,13.0,0.2799,7.0,0.34,18.0,,,0.3298,11.0
2013-03-28,0.2334,20.0,0.2945,27.0,0.3738,26.0,,,0.3295,12.0,0.317,14.0,0.2788,6.0,0.3471,20.0,,,0.3344,13.0
2013-03-27,0.2333,20.0,0.2985,28.0,0.379,28.0,,,0.3443,16.0,0.317,14.0,0.2791,7.0,0.3343,16.0,,,0.3263,10.0
2013-03-26,0.2333,20.0,0.2989,28.0,0.3537,21.0,,,0.3871,28.0,0.3169,13.0,0.279,6.0,0.324,13.0,,,0.3342,13.0
2013-03-25,0.2168,17.0,0.2521,14.0,0.307,6.0,,,0.3834,28.0,0.3157,13.0,0.2767,5.0,0.3114,8.0,,,0.3509,19.0
2013-03-22,0.2976,37.0,0.2633,17.0,0.3406,16.0,,,0.3602,21.0,0.3162,13.0,0.277,6.0,0.3283,14.0,,,0.3351,14.0
2013-03-21,0.3091,40.0,0.2548,15.0,0.3934,32.0,,,0.3558,19.0,0.3151,13.0,0.2767,5.0,0.3323,16.0,,,0.3288,11.0
2013-03-20,0.2662,28.0,0.2327,10.0,0.3542,21.0,,,0.3586,20.0,0.3145,13.0,0.2758,5.0,0.3332,16.0,,,0.3183,7.0
2013-03-19,0.2876,34.0,0.1965,4.0,0.3944,32.0,,,0.341,15.0,0.3142,12.0,0.2737,5.0,0.336,17.0,,,0.3243,9.0
2013-03-18,0.3232,43.0,0.2178,7.0,0.3309,13.0,,,0.3516,18.0,0.3147,13.0,0.2742,5.0,0.323,12.0,,,0.3339,13.0
2013-03-15,0.3944,61.0,0.3473,46.0,0.3241,11.0,,,0.3432,15.0,0.3146,13.0,0.2741,5.0,0.3285,14.0,,,0.3394,15.0
2013-03-14,0.4186,66.0,0.3585,49.0,0.3214,10.0,,,0.3974,32.0,0.3146,13.0,0.2747,5.0,0.3065,6.0,,,0.3501,19.0
2013-03-13,0.4057,63.0,0.346,45.0,0.3512,20.0,,,0.3888,30.0,0.312,12.0,0.2737,5.0,0.3138,9.0,,,0.3436,17.0
2013-03-12,0.3968,61.0,0.344,44.0,0.4124,38.0,,,0.3545,19.0,0.3114,11.0,0.2737,5.0,0.3398,18.0,,,0.3238,9.0
2013-03-11,0.3876,59.0,0.3543,48.0,0.4069,36.0,,,0.3433,15.0,0.3114,11.0,0.274,5.0,0.3435,19.0,,,0.3232,9.0
2013-03-07,0.3021,38.0,0.3465,45.0,0.3294,12.0,,,0.3863,28.0,0.3113,11.0,0.2739,5.0,0.2911,3.0,,,0.3751,23.0
2013-03-06,0.1777,10.0,0.2494,14.0,0.426,42.0,,,0.3577,20.0,0.3026,10.0,0.266,5.0,0.3408,19.0,,,0.3217,8.0
2013-03-04,0.2499,25.0,0.2939,27.0,0.3574,22.0,,,0.3527,18.0,0.3025,10.0,0.2656,5.0,0.3268,14.0,,,0.3284,11.0
2013-03-01,0.2458,23.0,0.2998,28.0,0.3805,28.0,,,0.3481,17.0,0.3027,10.0,0.2654,4.0,0.3276,14.0,,,0.328,10.0
2013-02-28,0.2413,22.0,0.2875,25.0,0.3669,24.0,,,0.3032,5.0,0.3031,10.0,0.2649,4.0,0.3353,17.0,,,0.3235,9.0
2013-02-27,0.2471,24.0,0.2797,22.0,0.3823,28.0,,,0.3551,19.0,0.303,10.0,0.2646,4.0,0.3214,11.0,,,0.3275,10.0
2013-02-25,0.2226,18.0,0.2402,12.0,0.341,17.0,,,0.2852,3.0,0.3203,15.0,0.2741,5.0,0.3364,17.0,,,0.308,5.0
2013-02-22,0.1733,9.0,0.1942,3.0,0.319,9.0,,,0.3265,11.0,0.319,14.0,0.2739,5.0,0.3256,13.0,,,0.3395,15.0
2013-02-21,0.221,18.0,0.1808,2.0,0.363,23.0,,,0.2811,2.0,0.3209,15.0,0.2735,5.0,0.3441,19.0,,,0.3212,8.0
2013-02-20,0.2117,16.0,0.1633,1.0,0.3449,18.0,,,0.2541,1.0,0.3205,15.0,0.2732,5.0,0.338,18.0,,,0.3181,7.0
2013-02-19,0.1987,14.0,0.1676,1.0,0.2962,4.0,,,0.3244,10.0,0.3206,15.0,0.274,5.0,0.3152,9.0,,,0.3314,12.0
2013-02-15,0.196,13.0,0.1733,2.0,0.353,21.0,,,0.2665,2.0,0.326,16.0,0.2774,6.0,0.3433,19.0,,,0.3122,5.0
2013-02-14,0.1919,13.0,0.1755,2.0,0.3025,5.0,,,0.3195,9.0,0.3258,16.0,0.2772,6.0,0.3179,10.0,,,0.3303,12.0
2013-02-13,0.1887,12.0,0.1907,3.0,0.3439,17.0,,,0.3083,6.0,0.3258,16.0,0.2773,6.0,0.3319,16.0,,,0.3195,7.0
2013-02-12,0.1856,11.0,0.2049,5.0,0.3033,5.0,,,0.3935,31.0,0.3254,16.0,0.2777,6.0,0.3071,7.0,,,0.3397,16.0
2013-02-11,0.135,4.0,0.196,4.0,0.3615,23.0,,,0.3386,14.0,0.3254,16.0,0.2803,7.0,0.3386,18.0,,,0.3409,16.0
2013-02-08,0.1327,4.0,0.2093,5.0,0.3067,6.0,,,0.3238,10.0,0.3263,16.0,0.2812,7.0,0.3238,12.0,,,0.33,12.0
2013-02-07,0.1341,4.0,0.2083,5.0,0.3262,11.0,,,0.2828,2.0,0.3264,16.0,0.2813,8.0,0.3289,14.0,,,0.3246,9.0
2013-02-06,0.1665,8.0,0.2132,6.0,0.2768,2.0,,,0.357,20.0,0.3261,16.0,0.2836,9.0,0.307,7.0,,,0.3408,16.0
2013-02-05,0.1565,7.0,0.2222,8.0,0.3302,13.0,,,0.3492,17.0,0.3281,17.0,0.2837,9.0,0.3509,20.0,,,0.3324,13.0
2013-02-04,0.1635,8.0,0.2074,5.0,0.3561,22.0,,,0.3034,5.0,0.3284,17.0,0.2836,9.0,0.3683,24.0,,,0.3179,7.0
2013-02-01,0.1709,9.0,0.2094,5.0,0.3566,22.0,,,0.3287,12.0,0.3278,16.0,0.2855,10.0,0.3306,15.0,,,0.323,9.0
2013-01-31,0.1769,10.0,0.2069,5.0,0.3398,16.0,,,0.3163,8.0,0.3285,17.0,0.2874,12.0,0.3363,17.0,,,0.342,16.0
2013-01-30,0.1728,9.0,0.1962,4.0,0.332,14.0,,,0.3393,15.0,0.3313,18.0,0.289,13.0,0.3293,15.0,,,0.3455,18.0
2013-01-29,0.1913,12.0,0.1972,4.0,0.3336,14.0,,,0.2835,3.0,0.3321,18.0,0.2894,13.0,0.3421,19.0,,,0.3255,9.0
2013-01-28,0.1589,7.0,0.1911,3.0,0.3499,19.0,,,0.3308,12.0,0.3315,18.0,0.2895,13.0,0.3723,25.0,,,0.3756,23.0
2013-01-25,0.2471,24.0,0.2432,13.0,0.3242,11.0,,,0.3258,10.0,0.331,18.0,0.2891,13.0,0.334,16.0,,,0.3492,19.0
2013-01-24,0.2735,31.0,0.2714,19.0,0.3357,15.0,,,0.3775,26.0,0.3309,18.0,0.2899,13.0,0.4039,32.0,,,0.4131,33.0
2013-01-23,0.2944,36.0,0.2585,16.0,0.3592,22.0,,,0.368,23.0,0.3313,18.0,0.2893,13.0,0.3662,23.0,,,0.383,25.0
2013-01-22,0.307,40.0,0.258,16.0,0.345,18.0,,,0.3239,10.0,0.3313,18.0,0.2903,14.0,0.3541,21.0,,,0.3564,20.0
2013-01-18,0.307,40.0,0.26,16.0,0.3563,22.0,,,0.3309,12.0,0.3328,18.0,0.2905,14.0,0.3771,25.0,,,0.3225,8.0
2013-01-17,0.2883,35.0,0.2561,15.0,0.3191,9.0,,,0.3777,26.0,0.3332,18.0,0.2909,14.0,0.3561,21.0,,,0.3752,23.0
2013-01-16,0.2923,36.0,0.2741,20.0,0.3287,12.0,,,0.3799,27.0,0.3338,19.0,0.2916,15.0,0.3144,9.0,,,0.4069,31.0
2013-01-15,0.3074,40.0,0.2687,19.0,0.348,19.0,,,0.3874,28.0,0.3299,17.0,0.2893,13.0,0.3506,20.0,,,0.37,22.0
2013-01-14,0.2499,25.0,0.2444,13.0,0.4034,35.0,,,0.3529,18.0,0.328,16.0,0.2881,12.0,0.4244,39.0,,,0.4016,28.0
2013-01-11,0.263,28.0,0.2478,14.0,0.3586,22.0,,,0.3302,12.0,0.3278,16.0,0.2882,12.0,0.3758,25.0,,,0.3631,21.0
2013-01-10,0.2603,28.0,0.2833,23.0,0.3354,15.0,,,0.3539,19.0,0.3374,19.0,0.2913,14.0,0.3624,22.0,,,0.3881,26.0
2013-01-09,0.3679,55.0,0.3275,39.0,0.3455,18.0,,,0.3215,9.0,0.3374,19.0,0.2921,15.0,0.3758,25.0,,,0.3684,22.0
2013-01-08,0.3698,56.0,0.3565,49.0,0.3203,9.0,,,0.3817,27.0,0.3393,20.0,0.2927,15.0,0.3514,21.0,,,0.4075,31.0
2013-01-07,0.3673,55.0,0.3548,48.0,0.4244,42.0,,,0.3426,15.0,0.339,20.0,0.2927,15.0,0.4162,36.0,,,0.3418,16.0
2013-01-04,0.4005,62.0,0.3642,52.0,0.3529,20.0,,,0.3262,11.0,0.3367,19.0,0.2913,14.0,0.3665,23.0,,,0.3716,23.0
2013-01-03,0.4005,62.0,0.3644,52.0,0.3207,10.0,,,0.3423,15.0,0.3381,19.0,0.2928,16.0,0.3628,22.0,,,0.3853,25.0
2013-01-02,0.4095,64.0,0.3761,56.0,0.3337,14.0,,,0.3206,9.0,0.341,20.0,0.2937,16.0,0.3732,25.0,,,0.3671,22.0
2012-12-31,0.4076,64.0,0.351,47.0,0.3612,23.0,,,0.3723,24.0,0.3413,20.0,0.2924,15.0,0.3601,22.0,,,0.4288,37.0
2012-12-28,0.319,42.0,0.3084,32.0,0.339,16.0,,,0.3384,14.0,0.339,20.0,0.291,14.0,0.387,28.0,,,0.3884,26.0
2012-12-27,0.2895,35.0,0.2743,20.0,0.336,15.0,,,0.3511,18.0,0.3394,20.0,0.2895,13.0,0.3679,24.0,,,0.4011,28.0
2012-12-26,0.2943,36.0,0.2605,16.0,0.369,25.0,,,0.3099,6.0,0.3391,20.0,0.2897,13.0,0.3935,28.0,,,0.3719,23.0
2012-12-24,0.1399,5.0,0.2022,5.0,0.6944,87.0,,,0.343,15.0,0.3341,19.0,0.2868,11.0,0.5072,67.0,,,0.3201,7.0
2012-12-21,0.354,51.0,0.2938,27.0,0.622,79.0,,,0.2111,1.0,0.334,19.0,0.2867,11.0,0.4837,59.0,,,0.3196,7.0
2012-12-20,0.3505,50.0,0.281,22.0,0.6572,83.0,,,0.1922,1.0,0.3337,19.0,0.2858,11.0,0.503,66.0,,,0.3137,6.0
2012-12-19,0.3652,54.0,0.3034,30.0,0.6416,82.0,,,0.1898,1.0,0.338,19.0,0.2875,12.0,0.4995,64.0,,,0.3135,6.0
2012-12-18,0.3611,53.0,0.3086,32.0,0.6154,78.0,,,0.1926,1.0,0.3387,19.0,0.2908,14.0,0.4959,63.0,,,0.3169,7.0
2012-12-17,0.3552,52.0,0.3313,40.0,0.9579,97.0,,,0.1914,1.0,0.3393,20.0,0.2913,14.0,0.4854,60.0,,,0.3262,10.0
2012-12-14,0.3254,44.0,0.3349,41.0,0.651,82.0,,,0.302,5.0,0.3426,20.0,0.2919,15.0,0.446,45.0,,,0.3453,18.0
2012-12-13,0.258,27.0,0.3396,43.0,0.456,50.0,,,0.3178,8.0,0.3458,21.0,0.2928,16.0,0.4554,49.0,,,0.324,9.0
2012-12-12,0.1023,2.0,0.2754,21.0,0.3364,15.0,,,0.3205,9.0,0.3391,20.0,0.2895,13.0,0.3885,28.0,,,0.3604,21.0
2012-12-11,0.1651,8.0,0.2893,25.0,0.3528,20.0,,,0.2812,2.0,0.3409,20.0,0.2896,13.0,0.4093,34.0,,,0.366,22.0
2012-12-10,0.1477,6.0,0.2872,25.0,0.3372,15.0,,,0.3318,13.0,0.3413,20.0,0.289,13.0,0.3879,28.0,,,0.3911,27.0
2012-12-07,0.1445,5.0,0.2823,23.0,0.3963,33.0,,,0.303,5.0,0.3418,20.0,0.289,13.0,0.389,28.0,,,0.3736,23.0
2012-12-06,0.1824,11.0,0.2679,19.0,0.3205,10.0,,,0.3348,13.0,0.3459,21.0,0.29,13.0,0.2877,2.0,,,0.2769,1.0
2012-12-05,0.2829,33.0,0.3206,36.0,0.3144,8.0,,,0.3332,13.0,0.3474,22.0,0.2902,14.0,0.3732,25.0,,,0.3878,26.0
2012-12-04,0.2921,36.0,0.3605,50.0,0.3767,27.0,,,0.3089,6.0,0.3473,22.0,0.2897,13.0,0.3702,24.0,,,0.3596,21.0
2012-12-03,0.2624,28.0,0.3616,51.0,0.3416,17.0,,,0.3175,8.0,0.347,22.0,0.2893,13.0,0.3549,21.0,,,0.3639,21.0
2012-11-30,0.2674,30.0,0.3472,46.0,0.2299,1.0,,,0.1913,1.0,0.347,22.0,0.2888,13.0,0.2523,1.0,,,0.2418,1.0
2012-11-29,0.8318,95.0,0.37,54.0,0.3344,14.0,,,0.2986,4.0,0.3466,22.0,0.2884,12.0,0.3639,23.0,,,0.3543,20.0
2012-11-28,0.8432,95.0,0.3759,56.0,0.2795,2.0,,,0.3647,22.0,0.3515,23.0,0.2967,17.0,0.335,17.0,,,0.3954,28.0
2012-11-27,0.8378,95.0,0.3766,56.0,0.294,3.0,,,0.4358,44.0,0.3507,23.0,0.2968,17.0,0.3213,11.0,,,0.4325,38.0
2012-11-26,0.7993,94.0,0.3336,41.0,0.3398,16.0,,,0.3883,30.0,0.3478,22.0,0.2936,16.0,0.3349,17.0,,,0.4151,33.0
2012-11-23,0.7702,94.0,0.3013,28.0,0.3418,17.0,,,0.3581,20.0,0.346,21.0,0.2922,15.0,0.379,26.0,,,0.394,28.0
2012-11-21,0.7726,94.0,0.2977,28.0,0.3338,14.0,,,0.2852,3.0,0.3456,21.0,0.2918,15.0,0.3833,27.0,,,0.3882,26.0
2012-11-20,0.7669,94.0,0.3097,32.0,0.3348,14.0,,,0.3511,18.0,0.3458,21.0,0.2921,15.0,0.3733,25.0,,,0.3644,21.0
2012-11-19,0.2298,20.0,0.2612,16.0,0.4287,43.0,,,0.4291,42.0,0.3019,10.0,0.2907,14.0,0.3737,25.0,,,0.3749,23.0
2012-11-16,0.2766,32.0,0.2915,26.0,0.3721,26.0,,,0.4545,49.0,0.3014,10.0,0.2917,15.0,0.383,27.0,,,0.445,43.0
2012-11-15,0.2532,25.0,0.2815,22.0,0.396,33.0,,,0.4082,35.0,0.3013,10.0,0.2921,15.0,0.3932,28.0,,,0.3909,27.0
2012-11-14,0.2863,34.0,0.2824,23.0,0.3846,30.0,,,0.326,10.0,0.3267,16.0,0.3079,19.0,0.3737,25.0,,,0.3761,24.0
2012-11-13,0.3064,39.0,0.2735,20.0,0.4243,42.0,,,0.4094,35.0,0.3267,16.0,0.307,19.0,0.4034,32.0,,,0.4312,38.0
2012-11-12,0.2827,33.0,0.2806,22.0,0.4415,46.0,,,0.3664,22.0,0.3263,16.0,0.3069,19.0,0.4122,35.0,,,0.3622,21.0
2012-11-09,0.28,32.0,0.2756,21.0,0.3689,25.0,,,0.3606,21.0,0.3253,16.0,0.3066,19.0,0.3818,26.0,,,0.3978,28.0
2012-11-08,0.2782,32.0,0.274,20.0,0.4122,38.0,,,0.3356,13.0,0.325,16.0,0.3097,20.0,0.3906,28.0,,,0.3646,21.0
2012-11-07,0.1899,12.0,0.2358,11.0,0.3944,32.0,,,0.3446,16.0,0.3214,15.0,0.3103,20.0,0.3743,25.0,,,0.3649,22.0
2012-11-06,0.1797,11.0,0.2299,10.0,0.3369,15.0,,,0.3944,31.0,0.3237,16.0,0.3111,20.0,0.3542,21.0,,,0.4142,33.0
2012-11-05,0.1677,8.0,0.2343,11.0,0.3708,26.0,,,0.4114,36.0,0.323,15.0,0.3112,20.0,0.3659,23.0,,,0.3829,25.0
2012-11-02,0.132,4.0,0.2143,7.0,0.3959,33.0,,,0.3292,12.0,0.3227,15.0,0.3112,20.0,0.4022,32.0,,,0.3674,22.0
2012-11-01,0.1506,6.0,0.1979,4.0,0.371,26.0,,,0.3728,24.0,0.3217,15.0,0.3104,20.0,0.3673,24.0,,,0.3784,24.0
2012-10-31,0.154,7.0,0.2056,5.0,0.3626,23.0,,,0.3838,28.0,0.3224,15.0,0.31,20.0,0.3802,26.0,,,0.3933,28.0
2012-10-26,0.2483,24.0,0.2607,16.0,0.3438,17.0,,,0.401,33.0,0.3235,15.0,0.3106,20.0,0.3713,24.0,,,0.3993,28.0
2012-10-25,0.2668,30.0,0.2746,20.0,0.3565,22.0,,,0.3607,21.0,0.3266,16.0,0.3124,20.0,0.3807,26.0,,,0.3953,28.0
2012-10-24,0.2732,31.0,0.2734,20.0,0.38,28.0,,,0.373,25.0,0.3273,16.0,0.3172,22.0,0.3786,26.0,,,0.3881,26.0
2012-10-23,0.2545,26.0,0.2635,17.0,0.3313,13.0,,,0.3922,30.0,0.3296,17.0,0.3198,22.0,0.3587,22.0,,,0.3797,24.0
2012-10-22,0.2552,26.0,0.2598,16.0,0.3168,8.0,,,0.4113,36.0,0.3301,17.0,0.3205,22.0,0.3583,22.0,,,0.4101,32.0
2012-10-19,0.2374,21.0,0.2532,15.0,0.334,14.0,,,0.4049,34.0,0.3308,18.0,0.3207,22.0,0.3621,22.0,,,0.3911,27.0
2012-10-18,0.2342,21.0,0.2327,10.0,0.382,28.0,,,0.3773,26.0,0.3312,18.0,0.3208,22.0,0.3676,24.0,,,0.3767,24.0
2012-10-17,0.2967,37.0,0.195,4.0,0.3416,17.0,,,0.3724,24.0,0.3277,16.0,0.3199,22.0,0.3642,23.0,,,0.3845,25.0
2012-10-16,0.2984,37.0,0.1673,1.0,0.3492,19.0,,,0.3645,22.0,0.3299,17.0,0.3204,22.0,0.3638,23.0,,,0.3731,23.0
2012-10-15,0.318,42.0,0.1812,2.0,0.3729,26.0,,,0.3708,24.0,0.3301,17.0,0.3211,23.0,0.3909,28.0,,,0.3828,25.0
2012-10-12,0.3104,40.0,0.1714,2.0,0.3673,25.0,,,0.4017,33.0,0.3306,17.0,0.3212,23.0,0.4336,41.0,,,0.4214,35.0
2012-10-11,0.3713,56.0,0.1947,3.0,0.3657,24.0,,,0.3651,22.0,0.3325,18.0,0.3223,23.0,0.3634,23.0,,,0.3715,23.0
2012-10-10,0.3746,56.0,0.3298,39.0,0.3991,34.0,,,0.3856,28.0,0.3325,18.0,0.3225,23.0,0.4396,43.0,,,0.4136,33.0
2012-10-09,0.3975,62.0,0.352,47.0,0.3836,28.0,,,0.3845,28.0,0.3328,18.0,0.3233,24.0,0.4147,35.0,,,0.4332,39.0
2012-10-08,0.2148,17.0,0.3393,43.0,0.3976,34.0,,,0.3925,31.0,0.3272,16.0,0.3234,24.0,0.4228,38.0,,,0.4349,39.0
2012-10-05,0.2435,23.0,0.3413,44.0,0.3662,24.0,,,0.3499,17.0,0.3273,16.0,0.3237,24.0,0.38,26.0,,,0.3674,22.0
2012-10-04,0.2416,22.0,0.3385,43.0,0.355,21.0,,,0.3971,32.0,0.3289,17.0,0.3238,24.0,0.3575,21.0,,,0.3771,24.0
2012-10-03,0.2367,21.0,0.3402,43.0,0.3875,31.0,,,0.3587,20.0,0.3326,18.0,0.327,26.0,0.3883,28.0,,,0.3691,22.0
2012-10-02,0.1924,13.0,0.3301,40.0,0.3472,19.0,,,0.3874,28.0,0.3314,18.0,0.3268,26.0,0.3611,22.0,,,0.393,27.0
2012-10-01,0.1855,11.0,0.2113,6.0,0.3967,33.0,,,0.3576,20.0,0.3317,18.0,0.3212,23.0,0.379,26.0,,,0.344,17.0
2012-09-28,0.1596,7.0,0.1831,3.0,0.3825,28.0,,,0.3243,10.0,0.3319,18.0,0.3207,22.0,0.3882,28.0,,,0.3782,24.0
2012-09-27,0.184,11.0,0.1903,3.0,0.3305,13.0,,,0.3761,25.0,0.3321,18.0,0.321,22.0,0.3627,22.0,,,0.3985,28.0
2012-09-26,0.1757,10.0,0.1929,3.0,0.3897,31.0,,,0.3387,15.0,0.3319,18.0,0.3209,22.0,0.3787,26.0,,,0.3609,21.0
2012-09-25,0.1868,11.0,0.2032,5.0,0.366,24.0,,,0.3352,13.0,0.3324,18.0,0.321,22.0,0.3913,28.0,,,0.3767,24.0
2012-09-24,0.1915,12.0,0.2046,5.0,0.3308,13.0,,,0.393,31.0,0.3329,18.0,0.321,22.0,0.3632,23.0,,,0.3989,28.0
2012-09-21,0.1776,10.0,0.2094,5.0,0.3929,32.0,,,0.3443,16.0,0.3327,18.0,0.3214,23.0,0.3753,25.0,,,0.3753,23.0
2012-09-20,0.1883,12.0,0.1913,3.0,0.3401,16.0,,,0.3587,20.0,0.333,18.0,0.321,22.0,0.3742,25.0,,,0.3764,24.0
2012-09-19,0.2142,16.0,0.187,3.0,0.389,31.0,,,0.3268,11.0,0.3348,19.0,0.3214,23.0,0.3908,28.0,,,0.3854,26.0
2012-09-18,0.1571,7.0,0.1926,3.0,0.319,9.0,,,0.3839,28.0,0.3357,19.0,0.3222,23.0,0.364,23.0,,,0.3918,27.0
2012-09-17,0.1857,11.0,0.2052,5.0,0.3376,15.0,,,0.3753,25.0,0.4321,53.0,0.3371,28.0,0.3665,23.0,,,0.3782,24.0
2012-09-14,0.1561,7.0,0.2126,6.0,0.3509,20.0,,,0.33,12.0,0.4315,53.0,0.3369,28.0,0.3806,26.0,,,0.376,24.0
2012-09-13,0.177,10.0,0.2071,5.0,0.3314,13.0,,,0.3687,23.0,0.4315,53.0,0.337,28.0,0.359,22.0,,,0.4047,30.0
2012-09-12,0.1737,10.0,0.1999,4.0,0.3229,10.0,,,0.3638,21.0,0.4315,53.0,0.3371,28.0,0.3687,24.0,,,0.3895,27.0
2012-09-11,0.206,15.0,0.2064,5.0,0.3277,12.0,,,0.3579,20.0,0.4317,53.0,0.3374,28.0,0.3648,23.0,,,0.4089,32.0
2012-09-10,0.2365,21.0,0.198,4.0,0.3308,13.0,,,0.3544,19.0,0.4312,53.0,0.3376,30.0,0.3735,25.0,,,0.3962,28.0
2012-09-07,0.2611,28.0,0.1972,4.0,0.2966,4.0,,,0.432,43.0,0.4312,53.0,0.3373,28.0,0.3546,21.0,,,0.4297,38.0
2012-09-06,0.225,18.0,0.1833,3.0,0.3806,28.0,,,0.4188,39.0,0.4302,52.0,0.337,28.0,0.3691,24.0,,,0.4271,37.0
2012-09-05,0.119,3.0,0.1686,2.0,0.2993,4.0,,,0.371,24.0,0.429,52.0,0.3366,28.0,0.4164,36.0,,,0.4058,31.0
2012-09-04,0.4584,73.0,0.3741,55.0,0.3311,13.0,,,0.3588,20.0,0.4294,52.0,0.3376,30.0,0.3678,24.0,,,0.3826,25.0
2012-08-31,0.4844,77.0,0.3987,62.0,0.3447,18.0,,,0.3711,24.0,0.4295,52.0,0.3376,30.0,0.4032,32.0,,,0.4022,30.0
2012-08-30,0.5319,82.0,0.4028,63.0,0.3811,28.0,,,0.3619,21.0,0.4295,52.0,0.3374,28.0,0.4234,38.0,,,0.4001,28.0
2012-08-29,0.5331,82.0,0.406,64.0,0.3406,16.0,,,0.3633,21.0,0.4302,52.0,0.3384,30.0,0.4062,33.0,,,0.4029,30.0
2012-08-28,0.5408,83.0,0.4108,65.0,0.361,23.0,,,0.4234,40.0,0.4307,53.0,0.3395,30.0,0.3794,26.0,,,0.4396,41.0
2012-08-27,0.6054,87.0,0.4482,74.0,0.3679,25.0,,,0.3756,25.0,0.4323,53.0,0.3406,31.0,0.4071,33.0,,,0.4025,30.0
2012-08-24,0.6052,87.0,0.445,73.0,0.3863,30.0,,,0.3929,31.0,0.4325,54.0,0.3406,31.0,0.3922,28.0,,,0.3895,27.0
2012-08-22,0.2724,31.0,0.2743,20.0,0.4271,43.0,,,0.4857,57.0,0.4197,47.0,0.3319,28.0,0.4055,33.0,,,0.4758,53.0
2012-08-21,0.2646,28.0,0.314,34.0,0.4437,46.0,,,0.4709,54.0,0.4186,46.0,0.3317,27.0,0.4475,46.0,,,0.4484,44.0
2012-08-20,0.3172,42.0,0.3243,37.0,0.4437,46.0,,,0.4656,52.0,0.4201,47.0,0.3323,28.0,0.402,32.0,,,0.4795,55.0
2012-08-17,0.3244,44.0,0.3168,34.0,0.4367,45.0,,,0.494,59.0,0.4202,47.0,0.3326,28.0,0.3791,26.0,,,0.5034,62.0
2012-08-16,0.2004,14.0,0.303,30.0,0.4597,51.0,,,0.4753,55.0,0.4162,44.0,0.3298,26.0,0.4295,40.0,,,0.479,55.0
2012-08-15,0.2541,26.0,0.3087,32.0,0.4763,55.0,,,0.468,53.0,0.4167,44.0,0.3303,27.0,0.4395,43.0,,,0.4722,52.0
2012-08-14,0.2584,27.0,0.314,34.0,0.4583,51.0,,,0.4624,51.0,0.4212,47.0,0.3323,28.0,0.4637,52.0,,,0.4621,48.0
2012-08-13,0.2397,22.0,0.346,45.0,0.4399,46.0,,,0.4801,56.0,0.4209,47.0,0.333,28.0,0.3991,31.0,,,0.5109,65.0
2012-08-10,0.2459,23.0,0.3318,40.0,0.474,54.0,,,0.4526,49.0,0.4201,47.0,0.3313,27.0,0.4739,56.0,,,0.4577,46.0
2012-08-09,0.2896,35.0,0.3501,47.0,0.3966,33.0,,,0.4649,52.0,0.4195,46.0,0.331,27.0,0.4512,47.0,,,0.4462,43.0
2012-08-08,0.3062,39.0,0.3545,48.0,0.4142,39.0,,,0.4676,53.0,0.4228,48.0,0.3309,27.0,0.3947,30.0,,,0.4414,42.0
2012-08-07,0.3209,43.0,0.3246,37.0,0.3946,33.0,,,0.4694,53.0,0.4229,48.0,0.3296,26.0,0.4739,56.0,,,0.5287,72.0
2012-08-06,0.2611,28.0,0.3227,37.0,0.4823,56.0,,,0.4708,54.0,0.4224,48.0,0.3312,27.0,0.4681,54.0,,,0.4598,47.0
2012-08-03,0.2463,23.0,0.3276,39.0,0.4754,54.0,,,0.4524,49.0,0.4222,48.0,0.3309,27.0,0.552,81.0,,,0.4913,59.0
2012-08-02,0.2721,31.0,0.2866,24.0,0.4679,53.0,,,0.4731,54.0,0.4223,48.0,0.3286,26.0,0.5469,80.0,,,0.4977,61.0
2012-08-01,0.2646,28.0,0.2703,19.0,0.4472,47.0,,,0.4569,50.0,0.4217,48.0,0.3269,26.0,0.5583,82.0,,,0.4814,56.0
2012-07-31,0.2301,20.0,0.232,10.0,0.4177,40.0,,,0.4507,48.0,0.4193,46.0,0.3257,25.0,0.4424,44.0,,,0.4181,34.0
2012-07-30,0.2376,21.0,0.2321,10.0,0.4539,49.0,,,0.4158,38.0,0.4197,47.0,0.3263,25.0,0.4968,63.0,,,0.5055,63.0
2012-07-27,0.2267,19.0,0.2419,12.0,0.6238,79.0,,,0.5556,70.0,0.421,47.0,0.3273,26.0,0.4972,64.0,,,0.5117,65.0
2012-07-26,0.2237,18.0,0.2464,13.0,0.6757,85.0,,,0.5066,61.0,0.4211,47.0,0.327,26.0,0.5265,75.0,,,0.4907,59.0
2012-07-25,0.2095,16.0,0.2357,11.0,0.5772,72.0,,,0.5741,72.0,0.422,48.0,0.3269,26.0,0.4837,59.0,,,0.5248,70.0
2012-07-24,0.1534,7.0,0.2358,11.0,0.4474,47.0,,,0.441,46.0,0.4242,49.0,0.3286,26.0,0.4738,56.0,,,0.5402,76.0
2012-07-23,0.4245,67.0,0.2767,21.0,0.461,51.0,,,0.4644,52.0,0.4268,51.0,0.3317,27.0,0.5115,69.0,,,0.5085,64.0
2012-07-20,0.4018,63.0,0.289,25.0,0.4571,50.0,,,0.4655,52.0,0.4254,50.0,0.332,28.0,0.5242,74.0,,,0.4951,60.0
2012-07-19,0.4185,66.0,0.2902,26.0,0.4338,44.0,,,0.3969,32.0,0.4246,49.0,0.3323,28.0,0.4717,55.0,,,0.4272,37.0
2012-07-18,0.4179,66.0,0.2932,27.0,0.4122,38.0,,,0.4262,41.0,0.4244,49.0,0.3356,28.0,0.5336,77.0,,,0.4852,57.0
2012-07-17,0.4306,68.0,0.3049,31.0,0.437,45.0,,,0.422,40.0,0.4241,49.0,0.3354,28.0,0.4962,63.0,,,0.5042,62.0
2012-07-16,0.4543,72.0,0.3278,39.0,0.4147,39.0,,,0.4398,45.0,0.424,49.0,0.3359,28.0,0.5106,69.0,,,0.4989,61.0
2012-07-13,0.4893,77.0,0.3434,44.0,0.4069,36.0,,,0.4256,41.0,0.4301,52.0,0.34,31.0,0.4533,48.0,,,0.539,75.0
2012-07-12,0.3523,51.0,0.3017,28.0,0.4025,35.0,,,0.4349,44.0,0.4237,49.0,0.3395,30.0,0.4587,50.0,,,0.5567,80.0
2012-07-11,0.3952,61.0,0.3108,33.0,0.4362,45.0,,,0.4515,48.0,0.4248,50.0,0.3395,30.0,0.4605,51.0,,,0.4442,42.0
2012-07-10,0.342,48.0,0.3074,31.0,0.4182,40.0,,,0.3843,28.0,0.4227,48.0,0.3389,30.0,0.5249,74.0,,,0.4817,56.0
2012-07-09,0.3187,42.0,0.3093,32.0,0.4075,36.0,,,0.4037,34.0,0.4221,48.0,0.3381,30.0,0.5167,71.0,,,0.4964,61.0
2012-07-06,0.3154,41.0,0.2941,27.0,0.4237,41.0,,,0.3633,21.0,0.4215,48.0,0.3372,28.0,0.5586,82.0,,,0.466,50.0
2012-07-05,0.2219,18.0,0.266,18.0,0.4077,36.0,,,0.3828,28.0,0.4206,47.0,0.3361,28.0,0.4402,43.0,,,0.4549,45.0
2012-07-02,0.2558,26.0,0.2705,19.0,0.358,22.0,,,0.4106,36.0,0.4214,47.0,0.3399,31.0,0.4474,46.0,,,0.4833,56.0
2012-06-29,0.2844,33.0,0.3042,30.0,0.3741,27.0,,,0.404,34.0,0.4204,47.0,0.339,30.0,0.5166,71.0,,,0.527,71.0
2012-06-28,0.2899,35.0,0.3061,31.0,0.3891,31.0,,,0.4141,37.0,0.4193,46.0,0.3407,31.0,0.51,68.0,,,0.5419,77.0
2012-06-27,0.3457,49.0,0.301,28.0,0.3898,31.0,,,0.4089,35.0,0.4193,46.0,0.3398,30.0,0.5254,74.0,,,0.5286,72.0
2012-06-26,0.4398,70.0,0.3211,36.0,0.4286,43.0,,,0.393,31.0,0.4198,47.0,0.3409,31.0,0.5458,80.0,,,0.4909,59.0
2012-06-22,0.4635,74.0,0.3424,44.0,0.3936,32.0,,,0.3787,26.0,0.422,48.0,0.3423,31.0,0.538,78.0,,,0.494,60.0
2012-06-21,0.4247,67.0,0.3282,39.0,0.3989,34.0,,,0.3767,25.0,0.4188,46.0,0.3411,31.0,0.504,66.0,,,0.4742,53.0
2012-06-20,0.4241,67.0,0.2774,21.0,0.4252,42.0,,,0.3684,23.0,0.4181,45.0,0.3392,30.0,0.5278,75.0,,,0.5265,71.0
2012-06-19,0.4859,77.0,0.3105,33.0,0.3879,31.0,,,0.4319,43.0,0.4186,46.0,0.3409,31.0,0.4313,40.0,,,0.4954,60.0
2012-06-18,0.4528,72.0,0.3063,31.0,0.4542,49.0,,,0.3949,31.0,0.4256,50.0,0.3433,32.0,0.5126,69.0,,,0.4877,57.0
2012-06-15,0.3863,59.0,0.2873,25.0,0.5133,62.0,,,0.4544,49.0,0.422,48.0,0.3424,31.0,0.5318,76.0,,,0.5579,80.0
2012-06-14,0.3824,57.0,0.2715,20.0,0.4858,57.0,,,0.5084,61.0,0.4219,48.0,0.3426,31.0,0.5298,76.0,,,0.5601,80.0
2012-06-13,0.3542,51.0,0.2753,21.0,0.4859,57.0,,,0.4837,56.0,0.4208,47.0,0.3426,31.0,0.5151,70.0,,,0.5114,65.0
2012-06-12,0.3272,44.0,0.2769,21.0,0.4913,57.0,,,0.4994,60.0,0.4199,47.0,0.3432,32.0,0.523,73.0,,,0.5544,79.0
2012-06-11,0.3963,61.0,0.3995,62.0,0.4984,59.0,,,0.4594,50.0,0.4202,47.0,0.3451,32.0,0.6142,91.0,,,0.4978,61.0
2012-06-08,0.3192,42.0,0.3773,56.0,0.4822,56.0,,,0.4597,51.0,0.4169,44.0,0.3438,32.0,0.5099,68.0,,,0.57,83.0
2012-06-07,0.2754,31.0,0.3726,55.0,0.4824,56.0,,,0.4703,53.0,0.4173,45.0,0.3447,32.0,0.5403,78.0,,,0.5427,77.0
2012-06-06,0.2823,33.0,0.3955,61.0,0.4856,57.0,,,0.4784,55.0,0.4192,46.0,0.3455,32.0,0.4818,59.0,,,0.4868,57.0
2012-06-05,0.285,34.0,0.3951,61.0,0.5473,68.0,,,0.6271,80.0,0.4192,46.0,0.3467,32.0,0.5267,75.0,,,0.5572,80.0
2012-06-04,0.2543,26.0,0.3933,61.0,0.6549,83.0,,,0.5456,68.0,0.4193,46.0,0.3462,32.0,0.5797,86.0,,,0.5219,69.0
2012-06-01,0.2999,38.0,0.4003,62.0,0.6498,82.0,,,0.5428,68.0,0.4195,46.0,0.3465,32.0,0.5814,86.0,,,0.5166,67.0
