date,hv10,hv10_rank,phv10,phv10_rank,ivcall10,ivcall10_rank,ivmean10,ivmean10_rank,ivput10,ivput10_rank,hv180,hv180_rank,phv180,phv180_rank,ivcall1080,ivcall1080_rank,ivmean1080,ivmean1080_rank,ivput1080,ivput1080_rank
2025-07-28,0.3248,45.0,0.3087,64.0,,,,,,,0.5029,66.0,0.335,63.0,,,,,,
2025-07-25,0.2387,24.0,0.3059,63.0,,,,,,,0.501,65.0,0.3346,63.0,,,,,,
2025-07-24,0.1498,5.0,0.1599,22.0,,,,,,,0.4993,65.0,0.3291,61.0,,,,,,
2025-07-22,0.3333,47.0,0.1697,26.0,,,,,,,0.4993,65.0,0.329,61.0,,,,,,
2025-07-21,0.3322,47.0,0.1465,17.0,,,,,,,0.4998,65.0,0.3284,61.0,,,,,,
2025-07-18,0.2752,34.0,0.1585,22.0,,,,,,,0.4995,65.0,0.3283,61.0,,,,,,
2025-07-17,0.2807,35.0,0.1594,22.0,,,,,,,0.4999,65.0,0.329,61.0,,,,,,
2025-07-16,0.283,36.0,0.1492,18.0,0.311,24.0,,,,,0.4998,65.0,0.3289,61.0,0.311,16.0,,,,
2025-07-15,0.271,33.0,0.1404,15.0,,,,,,,0.4997,65.0,0.3288,61.0,,,,,,
2025-07-14,0.2172,19.0,0.2188,42.0,,,,,,,0.499,65.0,0.3285,61.0,,,,,,
2025-07-11,0.2517,27.0,0.2195,42.0,,,,,,,0.5013,66.0,0.3311,62.0,,,,,,
2025-07-09,0.4411,66.0,0.2576,52.0,,,,,,,0.5019,66.0,0.3309,62.0,,,,,,
2025-07-08,0.4024,59.0,0.2593,52.0,,,,,,,0.5006,65.0,0.3315,62.0,,,,,,
2025-07-07,0.4528,67.0,0.2617,53.0,,,,,,,0.5018,66.0,0.3316,62.0,,,,,,
2025-07-03,0.3886,57.0,0.2818,57.0,,,,,0.3479,28.0,0.5014,66.0,0.3331,63.0,,,,,0.3479,10.0
2025-07-02,0.3874,57.0,0.2139,41.0,,,,,,,0.5013,66.0,0.3302,62.0,,,,,,
2025-07-01,0.3999,59.0,0.2238,44.0,0.3443,33.0,,,,,0.5008,65.0,0.3305,62.0,0.3182,18.0,,,,
2025-06-30,0.2183,19.0,0.1791,30.0,,,,,,,0.4935,64.0,0.329,61.0,,,,,,
2025-06-27,0.2102,17.0,0.1704,27.0,,,,,0.3442,28.0,0.4936,64.0,0.3287,61.0,,,,,0.3442,9.0
2025-06-26,0.2532,27.0,0.1579,21.0,,,,,,,0.4937,64.0,0.3284,61.0,,,,,,
2025-06-25,0.2575,28.0,0.1579,21.0,,,,,,,0.4934,64.0,0.3284,61.0,,,,,,
2025-06-24,0.2979,39.0,0.1052,6.0,,,,,,,0.4933,64.0,0.3273,61.0,,,,,,
2025-06-23,0.2698,32.0,0.0884,3.0,0.3271,28.0,,,,,0.4935,64.0,0.3284,61.0,0.3127,16.0,,,,
2025-06-20,0.2393,24.0,0.0648,1.0,,,,,0.414,47.0,0.4939,64.0,0.3284,61.0,,,,,0.4367,42.0
2025-06-18,0.249,26.0,0.0,1.0,0.2938,19.0,,,,,0.4999,65.0,0.0,1.0,0.2938,10.0,,,,
2025-06-17,0.2476,26.0,0.0,1.0,0.3186,26.0,,,,,0.4993,65.0,0.0,1.0,0.3186,18.0,,,,
2025-06-16,0.2514,27.0,0.0505,1.0,,,,,,,0.4999,65.0,0.3321,62.0,,,,,,
2025-06-13,0.1873,11.0,0.0,1.0,0.3264,28.0,0.3728,36.0,0.4191,48.0,0.4989,65.0,0.0,1.0,0.3264,21.0,0.3728,28.0,0.4191,36.0
2025-06-12,0.1867,11.0,0.0637,1.0,,,,,,,0.4994,65.0,0.3321,62.0,,,,,,
2025-06-11,0.1834,11.0,0.0,1.0,,,,,,,0.4988,65.0,0.0,1.0,,,,,,
2025-06-10,0.1864,11.0,0.0896,3.0,,,,,0.3898,40.0,0.4998,65.0,0.3327,63.0,,,,,0.3898,24.0
2025-06-09,0.2003,14.0,0.1363,14.0,,,,,,,0.5,65.0,0.3328,63.0,,,,,,
2025-06-06,0.2024,15.0,0.133,13.0,,,,,,,0.5,65.0,0.3329,63.0,,,,,,
2025-06-05,0.2559,28.0,0.1427,16.0,0.3287,28.0,0.3566,32.0,0.3844,39.0,0.5002,65.0,0.333,63.0,0.2894,9.0,0.3482,19.0,0.407,31.0
2025-06-04,0.3193,44.0,0.1535,20.0,0.2865,16.0,0.3419,28.0,0.3973,42.0,0.5011,66.0,0.3331,63.0,0.2877,9.0,0.3523,20.0,0.4169,35.0
2025-06-03,0.3308,46.0,0.151,19.0,0.3214,27.0,,,,,0.501,65.0,0.333,63.0,0.3205,19.0,,,,
2025-06-02,0.3117,42.0,0.148,18.0,,,,,0.5976,79.0,0.4998,65.0,0.3331,63.0,,,,,0.5976,74.0
2025-05-30,0.3277,46.0,0.1585,22.0,0.3715,40.0,0.3911,42.0,0.4107,46.0,0.5001,65.0,0.3329,63.0,0.3185,18.0,0.3646,25.0,0.4107,33.0
2025-05-29,0.3182,44.0,0.1257,11.0,0.3176,26.0,0.3739,37.0,0.4302,51.0,0.4995,65.0,0.332,62.0,0.3176,18.0,0.3824,31.0,0.4473,45.0
2025-05-28,0.2976,39.0,0.121,10.0,0.3325,30.0,0.378,38.0,0.4236,49.0,0.499,65.0,0.3317,62.0,0.2997,12.0,0.378,30.0,0.4564,48.0
2025-05-27,0.2758,34.0,0.1751,28.0,0.3212,27.0,0.3738,37.0,0.4263,50.0,0.4984,65.0,0.3315,62.0,0.3154,17.0,0.3803,31.0,0.4452,44.0
2025-05-23,0.2313,23.0,0.1869,33.0,0.3376,32.0,0.4098,46.0,0.4821,62.0,0.4968,65.0,0.3313,62.0,0.3373,24.0,0.4058,39.0,0.4743,52.0
2025-05-22,0.2505,27.0,0.1882,33.0,0.3321,30.0,0.3596,33.0,0.3871,40.0,0.4978,65.0,0.3315,62.0,0.3271,21.0,0.3936,35.0,0.4602,49.0
2025-05-21,0.2418,25.0,0.1931,35.0,0.323,27.0,0.3679,35.0,0.4128,47.0,0.4983,65.0,0.3321,62.0,0.323,20.0,0.3888,33.0,0.4545,47.0
2025-05-20,0.3534,50.0,0.1927,35.0,0.29,18.0,,,,,0.4982,65.0,0.3317,62.0,0.3022,13.0,,,,
2025-05-19,0.3225,44.0,0.1879,33.0,0.3218,27.0,,,,,0.4983,65.0,0.3316,62.0,0.3233,20.0,,,,
2025-05-16,0.3332,47.0,0.221,43.0,0.3545,36.0,0.3684,35.0,0.3824,38.0,0.4986,65.0,0.3316,62.0,0.3152,17.0,0.3626,24.0,0.4099,32.0
2025-05-15,0.3578,51.0,0.178,30.0,0.3151,25.0,0.3618,34.0,0.4085,45.0,0.4982,65.0,0.33,62.0,0.3084,15.0,0.3664,26.0,0.4244,38.0
2025-05-14,0.3717,54.0,0.1682,26.0,0.31,24.0,0.3378,28.0,0.3656,34.0,0.4977,65.0,0.3296,61.0,0.31,15.0,0.3682,26.0,0.4265,38.0
2025-05-13,0.3636,52.0,0.1759,28.0,0.2918,18.0,0.3464,30.0,0.401,43.0,0.4995,65.0,0.3296,61.0,0.2904,9.0,0.3457,17.0,0.401,28.0
2025-05-12,0.3818,56.0,0.1916,34.0,0.3017,21.0,,,,,0.4992,65.0,0.3311,62.0,0.3041,13.0,,,,
2025-05-09,0.3068,41.0,0.1779,28.0,0.3651,38.0,0.408,46.0,0.4508,55.0,0.4961,65.0,0.3308,62.0,0.3457,28.0,0.4336,48.0,0.5214,61.0
2025-05-08,0.3414,48.0,0.1929,35.0,0.8963,96.0,,,,,0.497,65.0,0.3358,64.0,0.6104,82.0,,,,
2025-05-07,0.301,40.0,0.1582,22.0,,,,,0.5632,75.0,0.4969,65.0,0.3354,64.0,,,,,0.5632,68.0
2025-05-06,0.2538,28.0,0.1836,32.0,0.614,81.0,,,,,0.4962,65.0,0.3352,63.0,0.614,83.0,,,,
2025-05-05,0.2846,36.0,0.1867,33.0,,,,,,,0.4962,65.0,0.3356,64.0,,,,,,
2025-05-02,0.377,55.0,0.1825,31.0,,,,,0.9277,96.0,0.4959,65.0,0.3353,63.0,,,,,0.9277,99.0
2025-05-01,0.3677,53.0,0.2509,50.0,0.7886,93.0,,,,,1.5048,100.0,0.3298,62.0,0.7886,97.0,,,,
2025-04-30,0.4151,61.0,0.2687,54.0,0.5596,75.0,,,,,1.5049,100.0,0.3299,62.0,0.5596,75.0,,,,
2025-04-29,0.5046,75.0,0.2669,54.0,,,,,0.5675,76.0,1.5049,100.0,0.3295,61.0,,,,,0.5675,69.0
2025-04-28,0.5057,75.0,0.2925,60.0,0.4526,57.0,0.49,64.0,0.5274,70.0,1.5049,100.0,0.3294,61.0,0.545,73.0,0.5362,67.0,0.5274,62.0
2025-04-25,0.5403,78.0,0.3066,63.0,1.5525,100.0,1.041,98.0,0.5295,70.0,1.5049,100.0,0.3288,61.0,0.7954,97.0,0.6624,87.0,0.5295,63.0
2025-04-24,0.5295,77.0,0.3096,64.0,0.533,72.0,0.5747,77.0,0.6164,80.0,1.5052,100.0,0.3297,62.0,0.533,71.0,0.5747,74.0,0.6164,77.0
2025-04-23,0.4397,65.0,0.3161,65.0,,,,,,,1.5032,100.0,0.3295,61.0,,,,,,
2025-04-22,0.5682,80.0,0.3074,64.0,,,,,0.6222,81.0,1.5033,100.0,0.3266,61.0,,,,,0.6222,78.0
2025-04-21,0.678,87.0,0.3671,73.0,,,,,,,1.5016,100.0,0.326,61.0,,,,,,
2025-04-17,1.3776,98.0,0.8724,97.0,0.7336,91.0,0.6683,87.0,0.603,79.0,1.5011,100.0,0.3258,60.0,0.5003,64.0,0.5516,70.0,0.603,75.0
2025-04-16,1.4838,99.0,1.0129,98.0,0.6928,89.0,0.748,92.0,0.8033,93.0,1.5009,100.0,0.3243,60.0,0.4965,63.0,0.547,69.0,0.5975,74.0
2025-04-15,1.5018,99.0,1.089,99.0,,,,,0.5786,77.0,1.5008,100.0,0.3226,60.0,,,,,0.5786,71.0
2025-04-14,1.7019,99.0,1.1093,99.0,,,,,0.6697,86.0,1.5007,100.0,0.3224,60.0,,,,,0.6697,84.0
2025-04-11,1.7675,99.0,1.1099,99.0,0.6862,88.0,0.6588,86.0,0.6315,82.0,1.5005,100.0,0.3221,60.0,0.6862,92.0,0.6588,86.0,0.6315,79.0
2025-04-10,1.7017,99.0,1.1001,99.0,0.6161,82.0,,,0.7646,91.0,1.4975,100.0,0.3195,59.0,0.4665,57.0,,,0.6359,80.0
2025-04-09,1.6733,99.0,1.0778,99.0,0.6788,87.0,,,,,1.4947,100.0,0.3154,57.0,0.6788,91.0,,,,
2025-04-08,0.8524,93.0,0.7443,95.0,1.6185,100.0,,,0.9605,97.0,1.4658,99.0,0.253,41.0,0.5485,73.0,,,0.7112,90.0
2025-04-07,0.834,92.0,0.5297,88.0,0.911,97.0,,,0.6338,82.0,1.4634,99.0,0.2196,31.0,0.4887,62.0,,,0.6338,79.0
2025-04-04,0.8556,93.0,0.3177,66.0,1.0277,98.0,,,0.6567,85.0,1.4627,99.0,0.1951,19.0,1.0277,100.0,,,0.5809,71.0
2025-03-11,0.5106,75.0,0.3102,64.0,0.5259,71.0,,,0.7474,91.0,1.4495,98.0,0.1829,14.0,0.4736,59.0,,,0.5832,72.0
2025-01-08,0.214,18.0,0.2094,39.0,1.0699,98.0,,,0.7694,92.0,1.4507,98.0,0.1787,12.0,0.4938,63.0,,,0.6114,76.0
2024-12-20,0.3576,51.0,0.2573,52.0,0.4539,57.0,,,0.9503,97.0,1.452,99.0,0.1793,12.0,0.4539,56.0,,,0.7147,90.0
2024-11-25,0.2338,23.0,0.1131,7.0,0.715,90.0,,,0.6421,83.0,1.4503,98.0,0.1788,12.0,0.715,94.0,,,0.6421,80.0
2024-11-22,0.2622,30.0,0.1179,9.0,0.5107,68.0,,,0.6417,83.0,1.4504,98.0,0.1796,12.0,0.5107,66.0,,,0.6417,80.0
2024-07-22,0.398,59.0,0.1626,23.0,0.2895,17.0,,,0.362,33.0,0.2722,14.0,0.1582,6.0,0.2895,9.0,,,0.362,14.0
2024-04-30,0.271,33.0,0.1809,31.0,0.6807,88.0,,,0.4163,47.0,0.2734,15.0,0.1565,5.0,0.349,28.0,,,0.4626,49.0
2024-04-29,0.1678,7.0,0.1825,31.0,0.3481,34.0,,,0.3311,24.0,0.269,13.0,0.1564,5.0,0.3481,28.0,,,0.4189,36.0
2024-04-26,0.15,5.0,0.2066,38.0,0.2519,7.0,,,0.3187,20.0,0.2692,13.0,0.1567,5.0,0.5121,66.0,,,0.3612,14.0
2024-04-25,0.1309,3.0,0.2073,39.0,0.5885,79.0,,,0.5184,68.0,0.2689,13.0,0.1564,5.0,0.4092,47.0,,,0.4116,33.0
2024-04-23,0.1086,2.0,0.2353,47.0,0.3279,28.0,,,0.3372,26.0,0.2727,14.0,0.1564,5.0,0.4221,49.0,,,0.4966,56.0
2024-04-22,0.254,28.0,0.2661,54.0,0.3058,22.0,,,0.4535,56.0,0.2732,14.0,0.1568,6.0,0.4163,48.0,,,0.4722,51.0
2024-04-19,0.2627,30.0,0.2412,48.0,0.3107,24.0,,,0.3731,36.0,0.2756,15.0,0.1545,5.0,0.4149,48.0,,,0.6282,78.0
2024-04-18,0.2894,37.0,0.2324,46.0,0.5638,76.0,,,0.4347,52.0,0.279,16.0,0.1541,5.0,0.3274,21.0,,,0.4652,50.0
2024-04-17,0.3016,40.0,0.2113,40.0,0.36,37.0,,,0.3529,30.0,0.2811,16.0,0.1551,5.0,0.36,32.0,,,0.446,45.0
2024-04-16,0.2912,38.0,0.2036,37.0,0.3485,34.0,,,0.5742,76.0,0.2889,19.0,0.1558,5.0,0.4246,50.0,,,0.468,50.0
2024-04-15,0.3474,49.0,0.2056,38.0,0.3082,23.0,,,0.5162,68.0,0.2885,19.0,0.1576,6.0,0.3181,18.0,,,0.4588,48.0
2024-04-12,0.354,51.0,0.2013,37.0,0.2862,16.0,,,0.6335,82.0,0.2896,19.0,0.1552,5.0,0.4168,48.0,,,0.5168,60.0
2024-04-11,0.278,34.0,0.1565,21.0,0.3096,23.0,,,0.2837,11.0,0.2826,17.0,0.1545,5.0,0.4492,55.0,,,0.3981,28.0
2024-04-10,0.2797,35.0,0.1469,17.0,0.2786,14.0,,,0.5179,68.0,0.2865,18.0,0.1602,7.0,0.3843,40.0,,,0.4215,37.0
2024-04-09,0.2083,16.0,0.1471,17.0,0.2574,8.0,,,0.5242,69.0,0.2825,17.0,0.1603,7.0,0.2302,1.0,,,0.5242,61.0
2024-04-08,0.2118,17.0,0.1476,17.0,0.2504,7.0,,,0.3598,32.0,0.2837,17.0,0.1614,7.0,0.3086,15.0,,,0.363,14.0
2024-04-05,0.265,31.0,0.1511,19.0,0.2339,4.0,,,0.3951,41.0,0.2836,17.0,0.1637,8.0,0.4858,61.0,,,0.3951,26.0
2024-04-04,0.2444,25.0,0.1435,16.0,0.3528,35.0,,,0.3413,27.0,0.2838,17.0,0.1659,8.0,0.3117,16.0,,,0.3962,27.0
2024-04-03,0.2005,14.0,0.0714,1.0,0.2398,5.0,,,0.437,52.0,0.2846,17.0,0.1661,8.0,0.4452,54.0,,,0.437,42.0
2024-04-02,0.2108,17.0,0.0782,2.0,0.2117,2.0,,,0.424,49.0,0.2859,18.0,0.1685,9.0,0.2937,10.0,,,0.42,36.0
2024-04-01,0.1929,12.0,0.0779,2.0,0.265,10.0,,,0.3543,31.0,0.2853,18.0,0.192,18.0,0.3552,31.0,,,0.3795,20.0
2024-03-28,0.213,18.0,0.1038,5.0,0.4142,49.0,,,0.495,64.0,0.2893,19.0,0.1935,19.0,0.428,51.0,,,0.495,56.0
2024-03-27,0.2165,19.0,0.104,5.0,0.2808,15.0,,,0.3042,16.0,0.2893,19.0,0.1944,19.0,0.2488,2.0,,,0.412,33.0
2024-03-26,0.1539,5.0,0.103,5.0,0.5346,72.0,,,0.3868,40.0,0.2883,19.0,0.1977,20.0,0.3936,42.0,,,0.5242,61.0
2024-03-25,0.1513,5.0,0.1011,5.0,0.2822,15.0,,,0.2127,1.0,0.2883,19.0,0.1983,20.0,0.2895,9.0,,,0.3815,21.0
2024-03-22,0.1788,9.0,0.1207,9.0,0.4139,49.0,,,0.2934,13.0,0.2915,20.0,0.1995,21.0,0.3777,38.0,,,0.3143,4.0
2024-03-21,0.1854,11.0,0.1171,9.0,0.6925,88.0,,,0.3414,27.0,0.2915,20.0,0.2003,21.0,0.2818,7.0,,,0.3743,18.0
2024-03-20,0.2334,23.0,0.1144,8.0,0.3088,23.0,,,0.2756,9.0,0.2935,20.0,0.2006,21.0,0.5234,68.0,,,0.3782,19.0
2024-03-19,0.1927,12.0,0.1126,7.0,0.2965,20.0,,,0.5242,69.0,0.297,21.0,0.2008,21.0,0.279,6.0,,,0.3983,28.0
2024-03-18,0.2144,18.0,0.1245,11.0,0.5025,67.0,,,0.4603,57.0,0.2985,21.0,0.202,22.0,0.4092,47.0,,,0.4208,37.0
2024-03-15,0.2504,27.0,0.1213,10.0,0.3644,38.0,,,0.5693,76.0,0.2985,21.0,0.2028,22.0,0.3058,14.0,,,0.4361,42.0
2024-03-14,0.2557,28.0,0.1213,10.0,0.2763,13.0,,,0.5793,77.0,0.2989,21.0,0.2029,23.0,0.5087,65.0,,,0.6076,75.0
2024-03-13,0.2404,24.0,0.1153,8.0,0.2917,18.0,,,0.5277,70.0,0.3001,22.0,0.2031,23.0,0.2841,8.0,,,0.4074,32.0
2024-03-12,0.2301,22.0,0.121,10.0,0.6483,85.0,,,0.5523,74.0,0.3008,22.0,0.2033,23.0,0.5742,78.0,,,0.621,78.0
2024-03-11,0.2251,21.0,0.1209,10.0,0.4064,48.0,,,0.6106,80.0,0.3014,22.0,0.2039,24.0,0.3743,37.0,,,0.56,67.0
2024-03-08,0.2183,19.0,0.1025,5.0,0.3543,36.0,,,0.5989,79.0,0.3001,22.0,0.2032,23.0,0.4612,57.0,,,0.3892,24.0
2024-03-07,0.1772,9.0,0.0839,2.0,0.4503,57.0,,,0.8235,94.0,0.2996,21.0,0.2027,22.0,0.4256,50.0,,,0.5242,61.0
2024-03-06,0.1462,5.0,0.0862,3.0,0.2956,19.0,,,0.5179,68.0,0.2978,21.0,0.2028,22.0,0.2941,10.0,,,0.4064,31.0
2024-03-05,0.1675,7.0,0.0862,3.0,0.4481,57.0,,,0.5295,70.0,0.2976,21.0,0.2031,23.0,0.4355,52.0,,,0.5518,66.0
2024-03-04,0.1463,5.0,0.0817,2.0,0.4792,63.0,,,0.5641,75.0,0.2974,21.0,0.2026,22.0,0.337,24.0,,,0.4831,54.0
2024-03-01,0.1626,7.0,0.0875,3.0,0.3007,21.0,,,0.3805,38.0,0.3012,22.0,0.2024,22.0,0.2929,10.0,,,0.3806,21.0
2024-02-29,0.1697,8.0,0.0875,3.0,0.2105,1.0,,,0.4135,47.0,0.3018,22.0,0.2024,22.0,0.5889,80.0,,,0.6312,79.0
2024-02-28,0.1718,8.0,0.0828,2.0,0.1891,1.0,,,0.265,7.0,0.3007,22.0,0.2031,23.0,0.225,1.0,,,0.3985,28.0
2024-02-27,0.1732,8.0,0.0906,3.0,0.4209,51.0,,,0.2716,8.0,0.3009,22.0,0.2033,23.0,0.443,54.0,,,0.5658,68.0
2024-02-26,0.2387,24.0,0.1029,5.0,0.4874,64.0,,,0.2818,10.0,0.3041,23.0,0.2044,24.0,0.4874,61.0,,,0.6081,75.0
2024-02-23,0.1851,11.0,0.1089,6.0,0.2542,8.0,,,0.4248,49.0,0.3045,23.0,0.2047,24.0,0.3914,42.0,,,0.4471,45.0
2024-02-22,0.3047,41.0,0.1086,6.0,0.3376,32.0,,,0.2629,6.0,0.3042,23.0,0.2045,24.0,0.3992,44.0,,,0.4959,56.0
2024-02-21,0.303,40.0,0.104,5.0,0.5807,78.0,,,0.7688,92.0,0.3035,23.0,0.2043,24.0,0.5579,75.0,,,0.6036,75.0
2024-02-20,0.2997,40.0,0.1125,7.0,0.32,26.0,,,0.4479,55.0,0.3028,23.0,0.2046,24.0,0.4769,60.0,,,0.5745,70.0
2024-02-16,0.2998,40.0,0.1185,9.0,0.2782,14.0,,,0.2866,12.0,0.3027,23.0,0.2052,25.0,0.8554,99.0,,,1.031,100.0
2024-02-15,0.3082,41.0,0.1146,8.0,0.3004,21.0,,,0.2976,15.0,0.3025,23.0,0.2057,25.0,0.8976,99.0,,,1.0073,99.0
2024-02-14,0.2995,40.0,0.2079,39.0,0.2855,16.0,,,0.336,25.0,0.2988,21.0,0.2059,25.0,0.4791,60.0,,,0.3728,18.0
2024-02-13,0.4397,65.0,0.2158,41.0,0.2865,16.0,,,0.3848,39.0,0.2982,21.0,0.2073,26.0,0.2896,9.0,,,0.3898,24.0
2024-02-12,0.4094,60.0,0.2093,39.0,0.281,15.0,,,0.3666,34.0,0.296,20.0,0.2074,26.0,0.3273,21.0,,,0.3844,22.0
2024-02-09,0.4309,64.0,0.2212,43.0,0.2525,8.0,,,0.3223,22.0,0.2993,21.0,0.2123,28.0,0.2617,3.0,,,0.3857,23.0
2024-02-08,0.4573,68.0,0.2268,44.0,0.2435,6.0,,,0.3719,35.0,0.2993,21.0,0.2124,28.0,0.3778,38.0,,,0.3983,28.0
2024-02-07,0.4583,68.0,0.2276,45.0,0.2633,10.0,,,0.3466,28.0,0.2993,21.0,0.2129,28.0,0.3057,14.0,,,0.3869,23.0
2024-02-06,0.4496,67.0,0.236,47.0,0.2917,18.0,,,0.3859,39.0,0.2981,21.0,0.2138,28.0,0.2733,5.0,,,0.4544,47.0
2024-02-05,0.3963,59.0,0.1579,21.0,0.2926,18.0,,,0.27,8.0,0.2949,20.0,0.2099,27.0,0.3061,14.0,,,0.4344,41.0
2024-02-02,0.2653,31.0,0.15,18.0,0.332,30.0,,,0.357,31.0,0.2881,19.0,0.21,27.0,0.294,10.0,,,0.3802,20.0
2024-02-01,0.3391,48.0,0.1607,22.0,0.2126,2.0,,,0.321,21.0,0.2883,19.0,0.21,27.0,0.4694,59.0,,,0.364,14.0
2024-01-31,0.2955,39.0,0.1408,15.0,0.4539,57.0,,,0.3005,15.0,0.2857,18.0,0.2103,27.0,0.3187,18.0,,,0.3786,20.0
2024-01-30,0.2525,27.0,0.1258,11.0,0.2786,14.0,,,0.3373,26.0,0.2848,18.0,0.2099,27.0,0.2766,6.0,,,0.4608,49.0
2024-01-29,0.2518,27.0,0.1469,17.0,0.3232,27.0,,,0.6164,80.0,0.2862,18.0,0.2098,27.0,0.2744,5.0,,,0.3427,9.0
2024-01-26,0.2458,26.0,0.1511,19.0,0.3034,21.0,,,0.354,31.0,0.2857,18.0,0.2092,27.0,0.2681,4.0,,,0.3918,25.0
2024-01-25,0.2733,33.0,0.146,17.0,0.2723,12.0,,,0.3535,30.0,0.2857,18.0,0.2091,27.0,0.2481,2.0,,,0.3843,22.0
2024-01-24,0.2742,33.0,0.1607,22.0,0.2877,17.0,,,0.3133,19.0,0.2855,18.0,0.2089,26.0,0.2536,2.0,,,0.3497,10.0
2024-01-23,0.2171,19.0,0.1544,20.0,0.3243,28.0,,,0.3296,23.0,0.2827,17.0,0.2091,27.0,0.2821,7.0,,,0.3666,15.0
2024-01-22,0.2049,15.0,0.164,24.0,0.2748,13.0,,,0.3417,27.0,0.2827,17.0,0.2091,27.0,0.284,8.0,,,0.3937,26.0
2024-01-19,0.1911,12.0,0.1649,24.0,0.3346,31.0,,,0.352,30.0,0.2866,18.0,0.2112,28.0,0.2834,7.0,,,0.3549,12.0
2024-01-18,0.1967,13.0,0.1415,16.0,0.2893,17.0,,,0.3741,36.0,0.2867,18.0,0.2104,27.0,0.4703,59.0,,,0.3842,22.0
2024-01-17,0.1974,13.0,0.1419,16.0,0.286,16.0,,,0.3362,25.0,0.2865,18.0,0.2103,27.0,0.498,64.0,,,0.6451,81.0
2024-01-16,0.206,16.0,0.1479,18.0,0.3185,26.0,,,0.3906,40.0,0.2857,18.0,0.2106,27.0,0.5104,66.0,,,0.3906,25.0
2024-01-12,0.1565,6.0,0.1243,10.0,0.3228,27.0,,,0.3354,25.0,0.284,17.0,0.2098,27.0,0.5342,71.0,,,0.6446,81.0
2024-01-11,0.1916,12.0,0.1293,12.0,0.2782,14.0,,,0.3669,34.0,0.2846,17.0,0.2097,27.0,0.5207,68.0,,,0.6745,85.0
2024-01-10,0.1914,12.0,0.116,8.0,0.3877,44.0,,,0.3412,27.0,0.2845,17.0,0.2092,27.0,0.5212,68.0,,,0.6711,84.0
2024-01-09,0.1914,12.0,0.1158,8.0,0.2742,13.0,,,0.3228,22.0,0.2849,18.0,0.2094,27.0,0.3436,27.0,,,0.5895,73.0
2024-01-08,0.166,7.0,0.1151,8.0,0.2803,15.0,,,0.324,22.0,0.2842,17.0,0.2094,27.0,0.4535,56.0,,,0.6745,85.0
2024-01-05,0.1659,7.0,0.0876,3.0,0.4404,55.0,,,0.3091,18.0,0.2863,18.0,0.2089,26.0,0.5812,79.0,,,0.5381,64.0
2024-01-04,0.1808,10.0,0.1182,9.0,0.3452,33.0,,,0.3096,18.0,0.2877,18.0,0.2088,26.0,0.297,11.0,,,0.7039,89.0
2024-01-03,0.2041,15.0,0.1168,8.0,0.2759,13.0,,,0.3279,23.0,0.2876,18.0,0.2121,28.0,0.3419,27.0,,,0.6781,85.0
2024-01-02,0.1649,7.0,0.1115,7.0,0.2483,6.0,,,0.3181,20.0,0.2866,18.0,0.2136,28.0,0.2584,3.0,,,0.423,37.0
2023-12-29,0.2298,22.0,0.1365,14.0,0.2923,18.0,,,0.4224,49.0,0.288,19.0,0.2151,28.0,0.2988,12.0,,,0.4116,33.0
2023-12-28,0.2503,27.0,0.1349,14.0,0.2656,10.0,,,0.3734,36.0,0.296,20.0,0.2176,30.0,0.2794,6.0,,,0.4058,31.0
2023-12-27,0.2251,21.0,0.1359,14.0,0.2932,19.0,,,0.368,34.0,0.2955,20.0,0.2181,31.0,0.259,3.0,,,0.3718,17.0
2023-12-26,0.2296,22.0,0.1401,15.0,0.2764,14.0,,,0.3937,41.0,0.2962,20.0,0.2189,31.0,0.2441,2.0,,,0.3808,21.0
2023-12-22,0.2868,36.0,0.1397,15.0,0.1667,1.0,,,0.3828,38.0,0.2991,21.0,0.2192,31.0,0.3275,21.0,,,0.9035,98.0
2023-12-21,0.3069,41.0,0.2201,42.0,0.2577,9.0,,,0.3507,28.0,0.3,22.0,0.2194,31.0,0.2297,1.0,,,0.3774,19.0
2023-12-20,0.2426,25.0,0.2186,42.0,0.3079,23.0,,,0.2618,6.0,0.2997,22.0,0.2206,32.0,0.2644,4.0,,,0.3733,18.0
2023-12-19,0.2022,15.0,0.208,39.0,0.2658,10.0,,,0.4348,52.0,0.3005,22.0,0.2198,31.0,0.2658,4.0,,,0.6474,81.0
2023-12-18,0.2055,15.0,0.2082,39.0,0.3498,35.0,,,0.4286,50.0,0.3002,22.0,0.2202,32.0,0.2865,8.0,,,0.3264,6.0
2023-12-15,0.1866,11.0,0.2167,41.0,0.4651,60.0,,,0.3567,31.0,0.3005,22.0,0.2201,31.0,0.3603,32.0,,,0.75,94.0
2023-12-14,0.1855,11.0,0.2197,42.0,0.2146,2.0,,,0.2565,5.0,0.3006,22.0,0.2206,32.0,0.2701,5.0,,,0.3243,5.0
2023-12-13,0.263,30.0,0.2023,37.0,0.2936,19.0,,,0.5034,66.0,0.2993,21.0,0.2196,31.0,0.3124,16.0,,,0.5034,57.0
2023-12-12,0.2762,34.0,0.1303,12.0,0.2865,16.0,,,0.373,36.0,0.2972,21.0,0.2159,30.0,0.2865,8.0,,,0.36,13.0
2023-12-11,0.2905,37.0,0.1554,20.0,0.239,5.0,,,0.2898,12.0,0.2981,21.0,0.2166,30.0,0.2929,10.0,,,0.3933,26.0
2023-12-08,0.3075,41.0,0.1573,21.0,0.2248,3.0,,,0.3175,20.0,0.2978,21.0,0.2172,30.0,0.3094,15.0,,,0.3659,15.0
2023-12-07,0.3157,43.0,0.1578,21.0,0.277,14.0,,,0.3949,41.0,0.3054,23.0,0.2182,31.0,0.2844,8.0,,,0.3971,28.0
2023-12-06,0.3013,40.0,0.1593,22.0,0.3133,25.0,,,0.3671,34.0,0.3048,23.0,0.218,31.0,0.2936,10.0,,,0.4024,30.0
2023-12-05,0.3023,40.0,0.1516,19.0,0.2855,16.0,,,0.4002,43.0,0.3055,24.0,0.2178,31.0,0.2748,5.0,,,0.3966,27.0
2023-12-04,0.2421,25.0,0.1495,18.0,0.2407,5.0,,,0.2939,14.0,0.3039,23.0,0.2185,31.0,0.2808,7.0,,,0.3871,23.0
2023-12-01,0.1517,5.0,0.1329,13.0,0.2925,18.0,,,0.3769,36.0,0.3042,23.0,0.2183,31.0,0.3045,13.0,,,0.3767,19.0
2023-11-30,0.1355,4.0,0.0987,4.0,0.2309,3.0,,,0.3441,28.0,0.3037,23.0,0.2175,30.0,0.2876,9.0,,,0.3998,28.0
2023-11-29,0.0997,1.0,0.1024,5.0,0.2542,8.0,,,0.2478,4.0,0.3023,22.0,0.2182,31.0,0.3003,12.0,,,0.3701,17.0
2023-11-28,0.0789,1.0,0.1007,5.0,0.2465,6.0,,,0.4375,52.0,0.3179,25.0,0.2221,33.0,0.2968,11.0,,,0.3906,25.0
2023-11-27,0.0788,1.0,0.0754,1.0,0.2622,10.0,,,0.4018,43.0,0.3202,25.0,0.2243,34.0,0.2832,7.0,,,0.3767,19.0
2023-11-24,0.0749,1.0,0.0998,5.0,0.2735,13.0,,,0.2384,3.0,0.3223,26.0,0.2247,34.0,0.3025,13.0,,,0.3805,20.0
2023-11-22,0.3303,46.0,0.1462,17.0,0.2954,19.0,,,0.3959,42.0,0.3228,26.0,0.2251,34.0,0.2939,10.0,,,0.398,28.0
2023-11-21,0.3321,47.0,0.1494,18.0,0.4589,59.0,,,0.271,8.0,0.3233,26.0,0.2257,34.0,0.304,13.0,,,0.3969,27.0
2023-11-20,0.3337,47.0,0.2038,38.0,0.2653,10.0,,,0.3055,17.0,0.3236,26.0,0.2261,35.0,0.2864,8.0,,,0.3997,28.0
2023-11-17,0.3917,57.0,0.2128,40.0,0.2895,17.0,,,0.2969,14.0,0.3258,27.0,0.2259,35.0,0.2952,11.0,,,0.4038,30.0
2023-11-16,0.3896,57.0,0.2262,44.0,0.2069,1.0,,,0.3137,19.0,0.3282,28.0,0.2271,35.0,0.3009,12.0,,,0.4051,31.0
2023-11-15,0.4793,72.0,0.2331,46.0,0.2898,17.0,,,0.3398,26.0,0.3284,28.0,0.2274,35.0,0.2943,10.0,,,0.3846,22.0
2023-11-14,0.5016,74.0,0.2258,44.0,0.3039,22.0,,,0.3275,23.0,0.328,28.0,0.2277,35.0,0.2984,12.0,,,0.3776,19.0
2023-11-13,0.399,59.0,0.1973,36.0,0.3287,28.0,,,0.3333,24.0,0.3174,25.0,0.2275,35.0,0.3182,18.0,,,0.3855,23.0
2023-11-10,0.4647,69.0,0.1973,36.0,0.3079,23.0,,,0.346,28.0,0.3177,25.0,0.2282,35.0,0.3255,21.0,,,0.385,23.0
2023-11-09,0.4527,67.0,0.1582,22.0,0.3986,46.0,,,0.336,25.0,0.3187,25.0,0.2262,35.0,0.3375,25.0,,,0.4273,39.0
2023-11-08,0.4227,63.0,0.146,17.0,0.3353,31.0,,,0.374,36.0,0.3179,25.0,0.2259,35.0,0.3369,24.0,,,0.4094,32.0
2023-11-07,0.4264,63.0,0.1341,13.0,0.3336,30.0,,,0.4115,46.0,0.3174,25.0,0.2259,35.0,0.3375,25.0,,,0.4244,38.0
2023-11-06,0.328,46.0,0.1255,11.0,0.319,26.0,,,0.365,33.0,0.315,24.0,0.2259,35.0,0.3267,21.0,,,0.4134,34.0
2023-11-03,0.2462,26.0,0.1232,10.0,0.3349,31.0,,,0.3499,28.0,0.3138,24.0,0.2262,35.0,0.3489,28.0,,,0.3991,28.0
2023-11-02,0.3195,44.0,0.1476,17.0,0.3361,31.0,,,0.3616,32.0,0.3109,24.0,0.2262,35.0,0.341,26.0,,,0.4226,37.0
2023-11-01,0.2671,32.0,0.1531,19.0,0.3769,41.0,,,0.3797,37.0,0.306,24.0,0.2265,35.0,0.3415,26.0,,,0.4393,43.0
2023-10-31,0.3189,44.0,0.1472,17.0,0.3745,40.0,,,0.4079,45.0,0.3092,24.0,0.2265,35.0,0.3742,36.0,,,0.4492,46.0
2023-10-30,0.3648,53.0,0.1445,16.0,0.451,57.0,,,0.4214,49.0,0.3093,24.0,0.2266,35.0,0.3704,35.0,,,0.4611,49.0
2023-10-27,0.3509,50.0,0.1833,32.0,0.433,53.0,,,0.4188,48.0,0.3097,24.0,0.2288,36.0,0.3966,43.0,,,0.4759,52.0
2023-10-26,0.4052,60.0,0.1989,36.0,0.4409,55.0,,,0.445,54.0,0.3109,24.0,0.2299,36.0,0.3982,44.0,,,0.4731,51.0
2023-10-25,0.3897,57.0,0.2255,44.0,0.4191,50.0,,,0.4485,55.0,0.3095,24.0,0.2304,36.0,0.3527,30.0,,,0.4914,55.0
2023-10-24,0.4341,65.0,0.2203,42.0,0.4028,47.0,,,0.4317,51.0,0.3089,24.0,0.2298,36.0,0.3513,30.0,,,0.4636,49.0
2023-10-23,0.3749,55.0,0.2411,48.0,0.5161,69.0,,,0.3855,39.0,0.3088,24.0,0.231,37.0,0.3947,42.0,,,0.4614,49.0
2023-10-20,0.3855,56.0,0.2999,62.0,0.4763,62.0,,,0.4022,44.0,0.3079,24.0,0.2315,37.0,0.3979,43.0,,,0.4892,55.0
2023-10-19,0.3879,57.0,0.2978,62.0,0.4206,51.0,,,0.4363,52.0,0.3122,24.0,0.2318,37.0,0.3168,18.0,,,0.4704,51.0
2023-10-18,0.4123,61.0,0.2829,57.0,0.407,48.0,,,0.3431,27.0,0.3114,24.0,0.23,36.0,0.3737,36.0,,,0.4525,47.0
2023-10-17,0.2945,38.0,0.2943,61.0,0.3201,26.0,,,0.3996,43.0,0.306,24.0,0.2295,36.0,0.3401,26.0,,,0.4455,45.0
2023-10-16,0.3064,41.0,0.2992,62.0,0.37,39.0,,,0.3788,37.0,0.3053,23.0,0.2282,35.0,0.3705,35.0,,,0.425,38.0
2023-10-13,0.3219,44.0,0.3203,66.0,0.3607,37.0,,,0.4121,46.0,0.3037,23.0,0.2276,35.0,0.3623,33.0,,,0.4488,46.0
2023-10-12,0.3486,49.0,0.3239,67.0,0.3095,23.0,,,0.3413,27.0,0.3036,23.0,0.2263,35.0,0.1901,1.0,,,0.4214,37.0
2023-10-11,0.2706,32.0,0.4689,84.0,0.3478,34.0,,,0.3538,30.0,0.3011,22.0,0.2219,33.0,0.3561,31.0,,,0.4239,38.0
2023-10-10,0.3527,50.0,0.4792,85.0,0.3775,41.0,,,0.3741,36.0,0.3018,22.0,0.2227,33.0,0.3482,28.0,,,0.4298,39.0
2023-10-09,0.3258,45.0,0.4797,85.0,0.3865,43.0,,,0.3909,40.0,0.3019,22.0,0.2232,33.0,0.371,36.0,,,0.4382,42.0
2023-10-06,0.3546,51.0,0.4902,86.0,0.3641,38.0,,,0.3864,39.0,0.302,22.0,0.2216,32.0,0.3208,19.0,,,0.4396,43.0
2023-10-05,0.3258,45.0,0.4796,85.0,0.3664,38.0,,,0.3467,28.0,0.301,22.0,0.2204,32.0,0.3431,27.0,,,0.4497,46.0
2023-10-04,0.3374,48.0,0.4705,84.0,0.2407,5.0,,,0.3652,33.0,0.2993,21.0,0.2187,31.0,0.2407,2.0,,,0.3859,23.0
2023-10-03,0.315,43.0,0.4619,83.0,0.3777,41.0,,,0.3833,38.0,0.2974,21.0,0.2172,30.0,0.3653,34.0,,,0.4058,31.0
2023-10-02,0.315,43.0,0.2574,52.0,0.3984,46.0,,,0.4564,56.0,0.2977,21.0,0.1976,20.0,0.3984,44.0,,,0.4579,48.0
2023-09-29,0.3542,51.0,0.2477,49.0,0.3529,35.0,,,0.4351,52.0,0.2961,20.0,0.1972,20.0,0.3027,13.0,,,0.5008,57.0
2023-09-28,0.3604,52.0,0.2536,51.0,0.3109,24.0,,,0.3828,38.0,0.2969,21.0,0.1969,20.0,0.3362,24.0,,,0.4273,39.0
2023-09-27,0.3029,40.0,0.2161,41.0,0.4104,49.0,,,0.6353,82.0,0.2986,21.0,0.1949,19.0,0.4591,57.0,,,0.6353,79.0
2023-09-25,0.2854,36.0,0.2013,37.0,0.3775,41.0,,,0.3498,28.0,0.2992,21.0,0.1946,19.0,0.2912,9.0,,,0.3498,10.0
2023-09-22,0.3232,45.0,0.1892,34.0,0.2232,2.0,,,0.4948,64.0,0.2987,21.0,0.1939,19.0,0.2232,1.0,,,0.4948,56.0
2023-09-21,0.3195,44.0,0.1909,34.0,0.2967,20.0,,,0.3484,28.0,0.2989,21.0,0.195,19.0,0.3139,17.0,,,0.4146,34.0
2023-09-20,0.2284,22.0,0.1733,28.0,0.2516,7.0,,,0.236,2.0,0.293,20.0,0.1978,20.0,0.3571,32.0,,,0.3539,11.0
2023-09-19,0.2357,23.0,0.1422,16.0,0.2427,6.0,,,0.336,25.0,0.293,20.0,0.1997,21.0,0.2578,3.0,,,0.4054,31.0
2023-09-18,0.2398,24.0,0.1202,9.0,0.2444,6.0,,,0.2946,14.0,0.2946,20.0,0.2028,22.0,0.3036,13.0,,,0.3911,25.0
2023-09-15,0.2451,26.0,0.1263,11.0,0.2928,18.0,,,0.2832,11.0,0.2963,20.0,0.2038,24.0,0.3141,17.0,,,0.3787,20.0
2023-09-14,0.2034,15.0,0.0967,4.0,0.2363,4.0,,,0.3166,20.0,0.3001,22.0,0.2071,26.0,0.2886,9.0,,,0.3849,22.0
2023-09-13,0.2119,17.0,0.0879,3.0,0.2384,5.0,,,0.3069,17.0,0.3023,22.0,0.2086,26.0,0.3037,13.0,,,0.4034,30.0
2023-09-12,0.2527,27.0,0.0641,1.0,0.168,1.0,,,0.3195,21.0,0.3042,23.0,0.213,28.0,0.255,2.0,,,0.4071,31.0
2023-09-11,0.2555,28.0,0.0994,5.0,0.237,4.0,,,0.3337,24.0,0.3256,27.0,0.2146,28.0,0.3063,14.0,,,0.4169,35.0
2023-09-08,0.2596,28.0,0.1063,6.0,0.2554,8.0,,,0.3159,20.0,0.3287,28.0,0.2191,31.0,0.2872,8.0,,,0.4078,32.0
2023-09-07,0.3338,47.0,0.1398,15.0,0.2495,7.0,,,0.3435,27.0,0.3309,28.0,0.2269,35.0,0.2951,11.0,,,0.4156,35.0
2023-09-06,0.331,46.0,0.1371,14.0,0.2769,14.0,,,0.2788,10.0,0.3367,31.0,0.2308,37.0,0.3361,24.0,,,0.4117,33.0
2023-09-05,0.3255,45.0,0.1434,16.0,0.2574,8.0,,,0.2773,9.0,0.3434,33.0,0.2378,39.0,0.3029,13.0,,,0.4092,32.0
2023-09-01,0.2136,18.0,0.1471,17.0,0.2658,10.0,,,0.3645,33.0,0.3401,32.0,0.2381,39.0,0.2658,4.0,,,0.394,26.0
2023-08-31,0.2098,17.0,0.1532,19.0,0.2809,15.0,,,0.3653,34.0,0.3444,33.0,0.2403,39.0,0.306,14.0,,,0.3797,20.0
2023-08-30,0.2176,19.0,0.1493,18.0,0.346,34.0,,,0.3797,37.0,0.3473,34.0,0.2412,39.0,0.346,28.0,,,0.2777,1.0
2023-08-29,0.222,20.0,0.1609,22.0,0.2746,13.0,,,0.2873,12.0,0.3521,36.0,0.2424,39.0,0.308,15.0,,,0.4141,34.0
2023-08-28,0.1309,3.0,0.1455,17.0,0.2089,1.0,,,0.2991,15.0,0.3495,36.0,0.2436,39.0,0.3002,12.0,,,0.4315,40.0
2023-08-25,0.0686,1.0,0.176,28.0,0.2743,13.0,,,0.3752,36.0,0.3497,36.0,0.2444,40.0,0.3129,16.0,,,0.4436,44.0
2023-08-24,0.0772,1.0,0.1806,31.0,0.3197,26.0,,,0.3782,37.0,0.3501,36.0,0.2451,40.0,0.3473,28.0,,,0.4323,40.0
2023-08-23,0.2077,16.0,0.2633,53.0,0.3082,23.0,,,0.3317,24.0,0.3501,36.0,0.2457,40.0,0.3305,22.0,,,0.4269,39.0
2023-08-22,0.1992,14.0,0.2652,53.0,0.3219,27.0,,,0.4982,65.0,0.3514,36.0,0.2502,40.0,0.3238,20.0,,,0.442,43.0
2023-08-21,0.1971,13.0,0.2659,54.0,0.4073,48.0,,,0.3867,39.0,0.3515,36.0,0.252,41.0,0.3389,25.0,,,0.4394,43.0
2023-08-18,0.1948,13.0,0.2703,54.0,0.5098,68.0,,,0.4484,55.0,0.3521,36.0,0.2524,41.0,0.342,27.0,,,0.4484,46.0
2023-08-17,0.1914,12.0,0.2704,55.0,0.3408,32.0,,,0.4366,52.0,0.355,37.0,0.253,41.0,0.3408,26.0,,,0.5669,69.0
2023-08-16,0.1994,14.0,0.2582,52.0,0.3025,21.0,,,0.3727,36.0,0.3563,37.0,0.252,41.0,0.3025,13.0,,,0.3727,17.0
2023-08-15,0.2357,23.0,0.2518,50.0,0.3414,32.0,,,0.3602,32.0,0.3567,37.0,0.254,41.0,0.3351,24.0,,,0.4136,34.0
2023-08-14,0.1444,5.0,0.1852,32.0,0.2112,2.0,,,0.3809,38.0,0.3532,37.0,0.2506,40.0,0.2899,9.0,,,0.3809,21.0
2023-08-11,0.1542,6.0,0.1797,30.0,0.2729,12.0,,,0.3761,36.0,0.3534,37.0,0.2512,40.0,0.3246,20.0,,,0.3712,17.0
2023-08-10,0.1786,9.0,0.1691,26.0,0.3128,24.0,,,0.4623,57.0,0.3534,37.0,0.2509,40.0,0.3345,24.0,,,0.3801,20.0
2023-08-09,0.175,8.0,0.1464,17.0,0.4906,65.0,,,0.3844,39.0,0.3535,37.0,0.2514,40.0,0.365,33.0,,,0.3844,22.0
2023-08-08,0.1946,13.0,0.1368,14.0,0.3135,25.0,,,0.3925,41.0,0.3558,37.0,0.2523,41.0,0.3128,16.0,,,0.3925,26.0
2023-08-07,0.2196,20.0,0.1193,9.0,0.3939,45.0,,,0.3835,39.0,0.3551,37.0,0.2522,41.0,0.3484,28.0,,,0.3705,17.0
2023-08-03,0.2087,16.0,0.1042,5.0,0.3962,46.0,,,0.4051,44.0,0.3586,38.0,0.2536,41.0,0.3265,21.0,,,0.4051,31.0
2023-08-02,0.2981,39.0,0.1616,23.0,0.3452,33.0,,,0.3328,24.0,0.36,39.0,0.2543,41.0,0.3108,15.0,,,0.3832,22.0
2023-08-01,0.2533,28.0,0.1623,23.0,0.284,16.0,,,0.3038,16.0,0.3593,38.0,0.2549,42.0,0.2878,9.0,,,0.3907,25.0
2023-07-31,0.2469,26.0,0.1748,28.0,0.2746,13.0,,,0.3165,20.0,0.3603,39.0,0.2581,43.0,0.2802,7.0,,,0.3892,24.0
2023-07-28,0.247,26.0,0.1792,30.0,0.3275,28.0,,,0.3042,16.0,0.3643,40.0,0.2589,43.0,0.2942,10.0,,,0.3679,16.0
2023-07-27,0.2594,28.0,0.1813,31.0,0.2846,16.0,,,0.3338,24.0,0.3644,40.0,0.2598,43.0,0.2956,11.0,,,0.3917,25.0
2023-07-26,0.2438,25.0,0.1688,26.0,0.2811,15.0,,,0.3287,23.0,0.3641,40.0,0.2599,43.0,0.2885,9.0,,,0.3768,19.0
2023-07-25,0.2232,20.0,0.167,25.0,0.2907,18.0,,,0.3271,23.0,0.3647,40.0,0.2605,44.0,0.2967,11.0,,,0.3802,20.0
2023-07-24,0.1593,6.0,0.1156,8.0,0.3119,24.0,,,0.2986,15.0,0.3617,39.0,0.26,43.0,0.2986,12.0,,,0.3786,20.0
2023-07-21,0.1868,11.0,0.1106,7.0,0.2869,17.0,,,0.3195,21.0,0.3617,39.0,0.2624,45.0,0.2992,12.0,,,0.3924,25.0
2023-07-20,0.2316,23.0,0.1012,5.0,0.3064,22.0,,,0.3391,26.0,0.368,41.0,0.2694,48.0,0.2862,8.0,,,0.3925,26.0
2023-07-19,0.2492,26.0,0.0933,3.0,0.2885,17.0,,,0.3724,35.0,0.3679,41.0,0.2714,49.0,0.2847,8.0,,,0.391,25.0
2023-07-18,0.214,18.0,0.1801,30.0,0.3056,22.0,,,0.3616,32.0,0.3676,41.0,0.2723,50.0,0.2871,8.0,,,0.3726,17.0
2023-07-17,0.2199,20.0,0.2131,40.0,0.3265,28.0,,,0.3416,27.0,0.3689,41.0,0.2756,51.0,0.2975,11.0,,,0.3749,18.0
2023-07-14,0.2844,36.0,0.2395,47.0,0.2955,19.0,,,0.366,34.0,0.3702,41.0,0.2757,51.0,0.2946,10.0,,,0.3988,28.0
2023-07-13,0.4273,63.0,0.2754,56.0,0.307,23.0,,,0.3623,33.0,0.3699,41.0,0.2761,51.0,0.2879,9.0,,,0.3783,19.0
2023-07-12,0.416,61.0,0.2819,57.0,0.3229,27.0,,,0.3516,30.0,0.3697,41.0,0.2768,51.0,0.3562,31.0,,,0.3848,22.0
2023-07-11,0.3956,59.0,0.2881,59.0,0.3466,34.0,,,0.2857,11.0,0.3698,41.0,0.277,51.0,0.2991,12.0,,,0.3941,26.0
2023-07-10,0.423,63.0,0.3054,63.0,0.351,35.0,,,0.3243,22.0,0.371,42.0,0.2784,52.0,0.3514,30.0,,,0.3672,16.0
2023-07-07,0.4386,65.0,0.2632,53.0,0.5263,71.0,,,0.3131,19.0,0.3716,42.0,0.2767,51.0,0.3255,21.0,,,0.383,21.0
2023-07-06,0.456,68.0,0.2576,52.0,0.294,19.0,,,0.354,31.0,0.382,44.0,0.2789,52.0,0.2977,11.0,,,0.3947,26.0
2023-07-05,0.4461,66.0,0.2344,46.0,0.3119,24.0,,,0.3505,28.0,0.3817,44.0,0.2785,52.0,0.2927,10.0,,,0.3851,23.0
2023-07-03,0.3044,41.0,0.1943,35.0,0.304,22.0,,,0.3598,32.0,0.3773,43.0,0.2779,51.0,0.2916,9.0,,,0.379,20.0
2023-06-30,0.324,45.0,0.1833,32.0,0.2887,17.0,,,0.3414,27.0,0.3773,43.0,0.2797,52.0,0.2862,8.0,,,0.3907,25.0
2023-06-29,0.3184,44.0,0.1826,31.0,0.2961,19.0,,,0.2921,13.0,0.377,43.0,0.2796,52.0,0.2971,11.0,,,0.3893,24.0
2023-06-28,0.3073,41.0,0.1484,18.0,0.2468,6.0,,,0.3475,28.0,0.3759,42.0,0.2792,52.0,0.3116,16.0,,,0.3889,24.0
2023-06-27,0.2847,36.0,0.1475,17.0,0.3339,31.0,,,0.3122,18.0,0.3804,44.0,0.2812,52.0,0.3306,22.0,,,0.3819,21.0
2023-06-26,0.2644,31.0,0.1285,12.0,0.3134,25.0,,,0.3275,23.0,0.379,43.0,0.2806,52.0,0.3359,24.0,,,0.3998,28.0
2023-06-23,0.2325,23.0,0.1522,19.0,0.3086,23.0,,,0.3335,24.0,0.3787,43.0,0.2809,52.0,0.3399,26.0,,,0.3918,25.0
2023-06-22,0.3799,55.0,0.1682,26.0,0.2968,20.0,,,0.3312,24.0,0.3797,43.0,0.2835,53.0,0.3268,21.0,,,0.4045,30.0
2023-06-21,0.3657,53.0,0.176,28.0,0.4455,56.0,,,0.3804,38.0,0.3804,44.0,0.2838,53.0,0.3709,35.0,,,0.3804,20.0
2023-06-20,0.3828,56.0,0.1627,23.0,0.3127,24.0,,,0.3503,28.0,0.3807,44.0,0.2855,53.0,0.3341,23.0,,,0.4063,31.0
2023-06-16,0.3582,51.0,0.1816,31.0,0.2996,20.0,,,0.3373,26.0,0.3805,44.0,0.2871,53.0,0.332,23.0,,,0.3967,27.0
2023-06-15,0.376,55.0,0.187,33.0,0.3122,24.0,,,0.3488,28.0,0.3805,44.0,0.2882,53.0,0.3448,28.0,,,0.3956,27.0
2023-06-14,0.3692,53.0,0.1776,28.0,0.2998,20.0,,,0.353,30.0,0.3945,47.0,0.2922,54.0,0.3437,27.0,,,0.413,34.0
2023-06-13,0.3538,50.0,0.1801,30.0,0.2986,20.0,,,0.3565,31.0,0.395,47.0,0.2925,54.0,0.3495,28.0,,,0.3984,28.0
2023-06-12,0.466,69.0,0.235,47.0,0.3141,25.0,,,0.3443,28.0,0.3921,46.0,0.2965,55.0,0.3523,30.0,,,0.3966,27.0
2023-06-09,0.4723,71.0,0.2724,55.0,0.2954,19.0,,,0.6693,86.0,0.3923,46.0,0.2968,55.0,0.2954,11.0,,,0.3914,25.0
2023-06-08,0.5051,75.0,0.2778,56.0,0.2864,16.0,,,0.4229,49.0,0.3928,46.0,0.2977,55.0,0.3232,20.0,,,0.4004,28.0
2023-06-07,0.5014,74.0,0.2716,55.0,1.2615,99.0,,,0.7318,90.0,0.3924,46.0,0.2976,55.0,0.3069,14.0,,,0.7318,92.0
2023-06-06,0.4945,73.0,0.2759,56.0,0.4726,61.0,,,0.3248,22.0,0.3906,46.0,0.2979,55.0,0.3434,27.0,,,0.3918,25.0
2023-06-05,0.5159,76.0,0.2779,56.0,0.3359,31.0,,,0.3418,27.0,0.3917,46.0,0.3,55.0,0.3751,37.0,,,0.4282,39.0
2023-06-02,0.5568,79.0,0.2672,54.0,0.3187,26.0,,,0.3818,38.0,0.3953,47.0,0.3009,56.0,0.369,35.0,,,0.4376,42.0
2023-06-01,0.3413,48.0,0.2232,43.0,0.3785,41.0,,,0.3916,41.0,0.3834,44.0,0.3021,56.0,0.3901,41.0,,,0.4655,50.0
2023-05-31,0.2256,21.0,0.1755,28.0,0.3205,26.0,,,0.5932,78.0,0.3812,44.0,0.3012,56.0,0.3382,25.0,,,0.4794,53.0
2023-05-30,0.235,23.0,0.1828,31.0,0.3835,42.0,,,0.4924,64.0,0.3866,45.0,0.3058,56.0,0.3192,19.0,,,0.4924,56.0
2023-05-26,0.2606,30.0,0.2018,37.0,0.4091,48.0,,,0.4772,61.0,0.3864,45.0,0.3059,56.0,0.3496,28.0,,,0.4772,52.0
2023-05-25,0.2517,27.0,0.2055,38.0,0.334,31.0,,,0.4581,56.0,0.3914,46.0,0.3067,56.0,0.319,19.0,,,0.5368,63.0
2023-05-24,0.2771,34.0,0.2061,38.0,0.4108,49.0,,,0.4112,46.0,0.3911,46.0,0.3064,56.0,0.4058,46.0,,,0.4747,52.0
2023-05-23,0.2785,34.0,0.2119,40.0,0.384,43.0,,,0.3618,33.0,0.3894,45.0,0.3065,56.0,0.3871,40.0,,,0.4814,53.0
2023-05-22,0.2222,20.0,0.2037,38.0,0.3747,40.0,,,0.3805,38.0,0.3945,47.0,0.3067,56.0,0.3876,41.0,,,0.4634,49.0
2023-05-19,0.2556,28.0,0.2048,38.0,0.346,34.0,,,0.369,35.0,0.3945,47.0,0.3084,57.0,0.382,39.0,,,0.4569,48.0
2023-05-18,0.2541,28.0,0.1986,36.0,0.3435,33.0,,,0.3616,32.0,0.3945,47.0,0.309,57.0,0.4045,45.0,,,0.4558,48.0
2023-05-17,0.2615,30.0,0.1698,26.0,0.3747,40.0,,,0.3832,38.0,0.3953,47.0,0.3089,57.0,0.4044,45.0,,,0.4435,44.0
2023-05-16,0.2377,24.0,0.1598,22.0,0.3066,22.0,,,0.5172,68.0,0.3959,47.0,0.3086,57.0,0.3066,14.0,,,0.5007,57.0
2023-05-15,0.291,37.0,0.1655,24.0,0.3947,45.0,,,0.4022,44.0,0.3944,47.0,0.3114,57.0,0.4449,54.0,,,0.5456,65.0
2023-05-12,0.2791,35.0,0.1656,24.0,0.3947,45.0,,,0.364,33.0,0.394,47.0,0.3126,57.0,0.3889,41.0,,,0.4682,50.0
2023-05-11,0.2959,39.0,0.2025,37.0,0.3671,38.0,,,0.396,42.0,0.3962,47.0,0.3128,57.0,0.398,44.0,,,0.4565,48.0
2023-05-10,0.2935,38.0,0.2198,42.0,0.4054,47.0,,,0.5274,70.0,0.4249,54.0,0.3146,57.0,0.3546,31.0,,,0.5274,62.0
2023-05-09,0.2899,37.0,0.2215,43.0,0.3918,45.0,,,0.3998,43.0,0.4285,56.0,0.3159,57.0,0.3826,39.0,,,0.5133,59.0
2023-05-08,0.3144,43.0,0.2248,44.0,0.3759,41.0,,,0.4066,45.0,0.4308,56.0,0.3208,59.0,0.4028,45.0,,,0.4965,56.0
2023-05-05,0.3386,48.0,0.2441,49.0,0.3418,33.0,,,0.3985,43.0,0.431,56.0,0.3207,59.0,0.415,48.0,,,0.4586,48.0
2023-05-04,0.2917,38.0,0.2484,50.0,0.3888,44.0,,,0.4232,49.0,0.4459,57.0,0.325,60.0,0.4321,51.0,,,0.4695,51.0
2023-05-03,0.3895,57.0,0.2501,50.0,0.3675,39.0,,,0.4103,46.0,0.4457,57.0,0.3283,61.0,0.401,44.0,,,0.479,52.0
2023-05-02,0.3993,59.0,0.2084,39.0,0.3316,30.0,,,0.4228,49.0,0.4511,59.0,0.332,62.0,0.3944,42.0,,,0.4628,49.0
2023-05-01,0.3955,57.0,0.1902,34.0,0.3732,40.0,,,0.3839,39.0,0.4505,59.0,0.3318,62.0,0.3849,40.0,,,0.4481,45.0
2023-04-28,0.3953,57.0,0.1802,30.0,0.3522,35.0,,,0.3995,43.0,0.4518,59.0,0.3318,62.0,0.4044,45.0,,,0.4464,45.0
2023-04-27,0.3562,51.0,0.1763,28.0,0.4932,65.0,,,0.369,35.0,0.4511,59.0,0.3323,62.0,0.4073,46.0,,,0.4755,52.0
2023-04-26,0.315,43.0,0.1429,16.0,0.4037,47.0,,,0.4732,60.0,0.4505,59.0,0.3319,62.0,0.4089,46.0,,,0.4724,51.0
2023-04-25,0.3328,47.0,0.1153,8.0,0.3563,36.0,,,0.4448,54.0,0.4511,59.0,0.3323,62.0,0.4345,52.0,,,0.5077,57.0
2023-04-24,0.2035,15.0,0.1248,11.0,0.483,63.0,,,0.4715,60.0,0.4496,59.0,0.333,63.0,0.367,34.0,,,0.4715,51.0
2023-04-21,0.2285,22.0,0.1608,22.0,0.3934,45.0,,,0.3729,36.0,0.4498,59.0,0.3341,63.0,0.4067,46.0,,,0.4473,45.0
2023-04-20,0.1933,12.0,0.1539,20.0,0.3948,46.0,,,0.3893,40.0,0.4594,60.0,0.3418,67.0,0.4079,46.0,,,0.4545,47.0
2023-04-19,0.1915,12.0,0.1667,25.0,0.3923,45.0,,,0.3479,28.0,0.4593,60.0,0.3444,68.0,0.4167,48.0,,,0.4483,46.0
2023-04-18,0.1839,11.0,0.1779,28.0,0.3892,44.0,,,0.3817,38.0,0.4603,60.0,0.3457,68.0,0.414,48.0,,,0.4577,48.0
2023-04-17,0.1927,12.0,0.1829,32.0,0.4142,49.0,,,0.3914,40.0,0.4629,60.0,0.3468,68.0,0.4237,50.0,,,0.4654,50.0
2023-04-14,0.2099,17.0,0.1976,36.0,0.3893,44.0,,,0.4018,43.0,0.466,61.0,0.3475,68.0,0.4248,50.0,,,0.4814,53.0
2023-04-13,0.2328,23.0,0.2005,37.0,0.4182,50.0,,,0.4523,55.0,0.4749,62.0,0.3553,69.0,0.4197,49.0,,,0.4826,53.0
2023-04-12,0.2135,18.0,0.1855,32.0,0.4226,51.0,,,0.4108,46.0,0.4804,62.0,0.3693,70.0,0.4239,50.0,,,0.4866,54.0
2023-04-11,0.2819,35.0,0.209,39.0,0.3974,46.0,,,0.4761,60.0,0.4806,62.0,0.3693,70.0,0.4226,49.0,,,0.4985,57.0
2023-04-10,0.2898,37.0,0.2129,40.0,0.4223,51.0,,,0.4437,54.0,0.4814,63.0,0.3705,70.0,0.4302,51.0,,,0.4902,55.0
2023-04-06,0.3146,43.0,0.2118,40.0,0.4652,60.0,,,0.4144,47.0,0.4814,63.0,0.3706,70.0,0.4483,55.0,,,0.4823,53.0
2023-04-05,0.3061,41.0,0.2085,39.0,0.514,69.0,,,0.4071,45.0,0.4869,63.0,0.3723,71.0,0.424,50.0,,,0.477,52.0
2023-04-04,0.2705,32.0,0.2203,42.0,0.5086,68.0,,,0.4088,45.0,0.4876,63.0,0.3726,71.0,0.4361,52.0,,,0.4647,50.0
2023-04-03,0.122,3.0,0.2555,51.0,0.4099,48.0,,,0.4115,46.0,0.4875,63.0,0.3731,71.0,0.4252,50.0,,,0.4759,52.0
2023-03-31,0.2019,15.0,0.2898,59.0,0.47,61.0,,,0.4374,52.0,0.5005,65.0,0.3748,71.0,0.4328,52.0,,,0.4733,51.0
2023-03-30,0.2605,30.0,0.3189,66.0,0.5025,67.0,,,0.4556,56.0,0.5098,66.0,0.3764,71.0,0.4536,56.0,,,0.4874,54.0
2023-03-29,0.2759,34.0,0.3207,66.0,0.6054,80.0,,,0.4935,64.0,0.5094,66.0,0.378,71.0,0.4551,56.0,,,0.5012,57.0
2023-03-28,0.3321,47.0,0.3605,72.0,0.5183,69.0,,,0.6077,80.0,0.5116,66.0,0.3794,71.0,0.4482,55.0,,,0.5146,59.0
2023-03-27,0.4246,63.0,0.3751,74.0,0.5173,69.0,,,0.5757,76.0,0.5166,67.0,0.3831,71.0,0.4898,62.0,,,0.4934,56.0
2023-03-24,0.4479,67.0,0.4081,78.0,0.7521,92.0,,,0.5287,70.0,0.5169,67.0,0.3877,72.0,0.5429,72.0,,,0.4895,55.0
2023-03-23,0.6762,87.0,0.3913,76.0,0.5339,72.0,,,0.5716,76.0,0.5191,67.0,0.388,72.0,0.4852,61.0,,,0.5535,66.0
2023-03-22,0.7171,89.0,0.4045,78.0,0.5002,67.0,,,0.618,81.0,0.5239,67.0,0.388,72.0,0.4554,56.0,,,0.5623,68.0
2023-03-21,0.7236,89.0,0.4451,82.0,0.4617,59.0,,,0.582,77.0,0.5236,67.0,0.3876,72.0,0.4022,45.0,,,0.5054,57.0
2023-03-20,0.736,89.0,0.4729,84.0,0.6838,88.0,,,0.4856,62.0,0.5274,67.0,0.3909,72.0,0.4798,60.0,,,0.4921,56.0
2023-03-17,0.654,86.0,0.5009,86.0,0.5009,67.0,,,0.6238,81.0,0.5272,67.0,0.3889,72.0,0.4287,51.0,,,0.5371,63.0
2023-03-16,0.6702,87.0,0.4915,86.0,0.5096,68.0,,,0.5359,71.0,0.5269,67.0,0.3925,73.0,0.4469,54.0,,,0.5121,59.0
2023-03-15,0.5903,82.0,0.4728,84.0,0.6067,81.0,,,0.5821,77.0,0.5269,67.0,0.3909,72.0,0.458,57.0,,,0.5192,60.0
2023-03-14,0.4735,71.0,0.4737,84.0,0.568,76.0,,,0.4938,64.0,0.5162,66.0,0.3918,73.0,0.4716,59.0,,,0.509,57.0
2023-03-13,0.5138,76.0,0.4493,82.0,0.4858,64.0,,,0.6824,87.0,0.5156,66.0,0.3899,72.0,0.438,53.0,,,0.5221,61.0
2023-03-10,0.5473,79.0,0.3983,77.0,0.5447,73.0,,,0.4867,62.0,0.5239,67.0,0.3871,72.0,0.4526,56.0,,,0.4944,56.0
2023-03-09,0.5387,78.0,0.365,73.0,0.3023,21.0,,,0.597,79.0,0.5199,67.0,0.385,71.0,0.3094,15.0,,,0.5266,62.0
2023-03-08,0.458,68.0,0.2883,59.0,0.3932,45.0,,,0.5262,70.0,0.5186,67.0,0.3814,71.0,0.396,43.0,,,0.4484,46.0
2023-03-07,0.4606,68.0,0.2946,61.0,0.4961,66.0,,,0.6447,84.0,0.5192,67.0,0.3846,71.0,0.3466,28.0,,,0.5167,60.0
2023-03-06,0.3483,49.0,0.3305,68.0,0.3777,41.0,,,0.4717,60.0,0.52,67.0,0.3876,72.0,0.3548,31.0,,,0.4732,51.0
2023-03-03,0.2266,21.0,0.3421,70.0,0.4201,51.0,,,0.4129,47.0,0.5177,67.0,0.3888,72.0,0.3961,43.0,,,0.452,46.0
2023-03-02,0.1398,4.0,0.3375,69.0,0.3537,36.0,,,0.5787,77.0,0.5148,66.0,0.3912,72.0,0.3905,41.0,,,0.4692,51.0
2023-03-01,0.2958,39.0,0.3221,66.0,0.4139,49.0,,,0.5442,72.0,0.5175,67.0,0.3914,72.0,0.4019,45.0,,,0.4634,49.0
2023-02-28,0.3177,44.0,0.3132,65.0,0.4296,53.0,,,0.3774,37.0,0.5184,67.0,0.3914,72.0,0.3895,41.0,,,0.569,69.0
2023-02-27,0.3162,43.0,0.3343,68.0,0.5125,69.0,,,0.437,52.0,0.5226,67.0,0.3932,73.0,0.3823,39.0,,,0.4489,46.0
2023-02-24,0.3055,41.0,0.3346,68.0,0.7814,93.0,,,0.3615,32.0,0.5234,67.0,0.3933,73.0,0.4472,54.0,,,0.4074,32.0
2023-02-23,0.2656,31.0,0.2817,57.0,0.3876,44.0,,,0.4087,45.0,0.5278,67.0,0.3935,73.0,0.3661,34.0,,,0.4689,51.0
2023-02-22,0.2773,34.0,0.2467,49.0,0.4174,50.0,,,0.3515,30.0,0.5329,68.0,0.3928,73.0,0.4144,48.0,,,0.4605,49.0
2023-02-21,0.256,28.0,0.2522,50.0,0.3838,42.0,,,0.4553,56.0,0.5327,68.0,0.3924,73.0,0.3699,35.0,,,0.4907,55.0
2023-02-17,0.245,26.0,0.2594,52.0,0.4914,65.0,,,0.3289,23.0,0.5316,68.0,0.3922,73.0,0.315,17.0,,,0.4787,52.0
2023-02-16,0.2235,20.0,0.2609,52.0,0.3834,42.0,,,0.4256,50.0,0.5328,68.0,0.393,73.0,0.4068,46.0,,,0.4102,33.0
2023-02-15,0.2776,34.0,0.2579,52.0,0.3925,45.0,,,0.3519,30.0,0.5357,68.0,0.3921,73.0,0.3926,42.0,,,0.4119,33.0
2023-02-14,0.319,44.0,0.2469,49.0,0.6564,85.0,,,0.6021,79.0,0.5357,68.0,0.3919,73.0,0.3717,36.0,,,0.4288,39.0
2023-02-13,0.3369,48.0,0.2452,49.0,0.3945,45.0,,,0.4316,51.0,0.5376,68.0,0.3916,73.0,0.3813,39.0,,,0.4547,47.0
2023-02-10,0.3222,44.0,0.2526,51.0,0.3881,44.0,,,0.4413,53.0,0.5382,68.0,0.3918,73.0,0.3922,42.0,,,0.4367,42.0
2023-02-09,0.3642,52.0,0.2873,59.0,0.3986,46.0,,,0.4603,57.0,0.5383,69.0,0.3914,72.0,0.3732,36.0,,,0.4483,46.0
2023-02-08,0.426,63.0,0.2806,57.0,0.3557,36.0,,,0.6024,79.0,0.5381,68.0,0.3907,72.0,0.3605,33.0,,,0.437,42.0
2023-02-07,0.433,64.0,0.2891,59.0,0.678,87.0,,,0.4085,45.0,0.5378,68.0,0.3913,72.0,0.4456,54.0,,,0.3919,25.0
2023-02-06,0.392,57.0,0.263,53.0,0.4283,53.0,,,0.4963,64.0,0.5423,69.0,0.3908,72.0,0.3966,43.0,,,0.4031,30.0
2023-02-03,0.3822,56.0,0.2717,55.0,0.3706,39.0,,,0.4641,57.0,0.541,69.0,0.3907,72.0,0.3854,40.0,,,0.4945,56.0
2023-02-02,0.3232,45.0,0.2791,56.0,0.4074,48.0,,,0.3796,37.0,0.5395,69.0,0.3912,72.0,0.3906,41.0,,,0.4193,36.0
2023-02-01,0.2893,37.0,0.3093,64.0,0.4088,48.0,,,0.4019,43.0,0.5394,69.0,0.3923,73.0,0.3707,35.0,,,0.4603,49.0
2023-01-31,0.369,53.0,0.3681,73.0,0.4702,61.0,,,0.3862,39.0,0.5389,69.0,0.3908,72.0,0.3683,35.0,,,0.4177,35.0
2023-01-30,0.3358,48.0,0.3865,76.0,0.42,51.0,,,0.4094,45.0,0.5366,68.0,0.3908,72.0,0.3841,40.0,,,0.4279,39.0
2023-01-27,0.3118,42.0,0.3886,76.0,0.5617,75.0,,,0.4732,60.0,0.5369,68.0,0.3918,73.0,0.4275,51.0,,,0.4551,47.0
2023-01-26,0.3625,52.0,0.4219,80.0,0.4515,57.0,,,0.3253,22.0,0.5374,68.0,0.3918,73.0,0.4689,59.0,,,0.4545,47.0
2023-01-23,0.393,57.0,0.387,76.0,0.6452,84.0,,,0.3061,17.0,0.5429,70.0,0.3935,73.0,0.5135,66.0,,,0.4424,44.0
2023-01-20,0.2978,39.0,0.29,59.0,0.4054,47.0,,,0.4269,50.0,0.5396,69.0,0.3885,72.0,0.4052,45.0,,,0.4747,52.0
2023-01-19,0.3476,49.0,0.2766,56.0,0.4525,57.0,,,0.4504,55.0,0.5398,69.0,0.3871,72.0,0.4308,51.0,,,0.4843,54.0
2023-01-18,0.344,49.0,0.2736,55.0,0.432,53.0,,,0.4576,56.0,0.5406,69.0,0.3891,72.0,0.4237,50.0,,,0.4881,55.0
2023-01-17,0.4173,62.0,0.278,56.0,0.4191,50.0,,,0.4557,56.0,0.5399,69.0,0.388,72.0,0.4047,45.0,,,0.4864,54.0
2023-01-13,0.3983,59.0,0.2908,60.0,0.3878,44.0,,,0.3763,36.0,0.5387,69.0,0.3884,72.0,0.3948,42.0,,,0.3997,28.0
2023-01-12,0.3866,57.0,0.3071,64.0,0.4196,50.0,,,0.409,45.0,0.5457,70.0,0.3902,72.0,0.5235,68.0,,,0.5698,69.0
2023-01-11,0.4277,64.0,0.3286,68.0,0.4425,55.0,,,0.4282,50.0,0.5456,70.0,0.3915,73.0,0.4629,57.0,,,0.4547,47.0
2023-01-10,0.4542,68.0,0.3302,68.0,0.5112,68.0,,,0.4855,62.0,0.5466,71.0,0.3934,73.0,0.4517,55.0,,,0.4983,57.0
2023-01-09,0.4478,67.0,0.3187,66.0,0.6643,86.0,,,0.5017,65.0,0.5497,71.0,0.3929,73.0,0.4981,64.0,,,0.5207,60.0
2023-01-06,0.5683,80.0,0.3367,69.0,0.464,60.0,,,0.4872,63.0,0.5495,71.0,0.3947,73.0,0.47,59.0,,,0.527,62.0
2023-01-05,0.4012,59.0,0.289,59.0,0.6084,81.0,,,0.5279,70.0,0.5428,69.0,0.3937,73.0,0.5161,67.0,,,0.5742,70.0
2023-01-04,0.3956,59.0,0.2808,57.0,0.5723,77.0,,,0.4834,62.0,0.5424,69.0,0.3936,73.0,0.5013,64.0,,,0.5452,65.0
2023-01-03,0.3678,53.0,0.3049,63.0,0.5704,76.0,,,0.5122,67.0,0.5421,69.0,0.3935,73.0,0.4788,60.0,,,0.5926,73.0
2022-12-30,0.3926,57.0,0.2726,55.0,0.5605,75.0,,,0.5009,65.0,0.5438,70.0,0.3927,73.0,0.5143,67.0,,,0.5015,57.0
2022-12-29,0.4044,60.0,0.304,63.0,0.4239,51.0,,,0.4397,53.0,0.5437,70.0,0.3968,74.0,0.5048,65.0,,,0.5401,64.0
2022-12-28,0.4058,60.0,0.3175,66.0,0.4908,65.0,,,0.8982,96.0,0.5456,70.0,0.3976,74.0,0.5553,74.0,,,0.653,82.0
2022-12-27,0.2865,36.0,0.3046,63.0,0.4987,66.0,,,0.4737,60.0,0.5417,69.0,0.3982,74.0,0.4957,63.0,,,0.5378,64.0
2022-12-23,0.535,78.0,0.3669,73.0,0.5454,73.0,,,0.5734,76.0,0.5434,70.0,0.4006,74.0,0.5393,72.0,,,0.5272,62.0
2022-12-22,0.5083,75.0,0.3755,74.0,0.5089,68.0,,,0.5028,66.0,0.544,70.0,0.4038,75.0,0.4989,64.0,,,0.5428,64.0
2022-12-21,0.5813,81.0,0.402,78.0,0.4353,54.0,,,0.4482,55.0,0.5444,70.0,0.4045,75.0,0.4941,63.0,,,0.5481,65.0
2022-12-20,0.5659,80.0,0.4063,78.0,0.4265,52.0,,,0.5037,66.0,0.5443,70.0,0.4046,75.0,0.5014,64.0,,,0.5694,69.0
2022-12-19,0.5346,78.0,0.3905,76.0,0.4936,65.0,,,0.4333,51.0,0.5553,72.0,0.4095,75.0,0.5284,70.0,,,0.5618,68.0
2022-12-16,0.5465,79.0,0.3762,74.0,0.4828,63.0,,,0.5505,73.0,0.5564,72.0,0.4115,75.0,0.5092,65.0,,,0.566,68.0
2022-12-15,0.5484,79.0,0.3687,73.0,0.4706,61.0,,,0.493,64.0,0.558,72.0,0.4121,76.0,0.5302,70.0,,,0.5576,67.0
2022-12-14,0.3326,47.0,0.3366,69.0,1.0547,98.0,,,0.8212,93.0,0.5487,71.0,0.4094,75.0,0.4923,62.0,,,0.5946,73.0
2022-12-13,0.3923,57.0,0.3472,70.0,0.6581,85.0,,,0.4891,63.0,0.548,71.0,0.4105,75.0,0.4426,53.0,,,0.5893,73.0
2022-12-12,0.3492,50.0,0.3398,69.0,0.9641,97.0,,,0.8195,93.0,0.5577,72.0,0.4086,75.0,0.5363,71.0,,,0.5976,74.0
2022-12-09,0.3371,48.0,0.3474,70.0,0.4581,59.0,,,0.8159,93.0,0.5576,72.0,0.4121,76.0,0.4739,59.0,,,0.5796,71.0
2022-12-08,0.4611,69.0,0.4036,78.0,0.5785,77.0,,,0.5205,69.0,0.5568,72.0,0.4134,76.0,0.4811,61.0,,,0.5668,69.0
2022-12-07,0.4614,69.0,0.404,78.0,0.6262,83.0,,,0.6807,87.0,0.5735,74.0,0.4154,76.0,0.479,60.0,,,0.5737,70.0
2022-12-06,0.5505,79.0,0.4129,79.0,0.5751,77.0,,,0.5846,78.0,0.5789,74.0,0.4157,76.0,0.4453,54.0,,,0.581,71.0
2022-12-05,0.5306,77.0,0.3823,75.0,0.5168,69.0,,,0.4937,64.0,0.5836,75.0,0.4152,76.0,0.467,57.0,,,0.5621,68.0
2022-12-02,0.4627,69.0,0.3635,72.0,0.574,77.0,,,0.3907,40.0,0.5845,75.0,0.4161,76.0,0.5741,78.0,,,0.4681,50.0
2022-12-01,0.5351,78.0,0.3143,65.0,0.5129,69.0,,,0.4894,63.0,0.5842,75.0,0.4142,76.0,0.4852,61.0,,,0.563,68.0
2022-11-30,0.5327,77.0,0.3294,68.0,0.8054,94.0,,,0.4441,54.0,0.5849,75.0,0.4134,76.0,0.5229,68.0,,,0.5399,64.0
2022-11-29,0.4542,68.0,0.263,53.0,0.4973,66.0,,,0.5388,72.0,0.5812,74.0,0.4102,75.0,0.482,61.0,,,0.5619,68.0
2022-11-28,0.4714,70.0,0.2708,55.0,0.3901,44.0,,,0.6516,84.0,0.5857,75.0,0.4107,75.0,0.4339,52.0,,,0.6011,74.0
2022-11-25,0.3785,55.0,0.2509,50.0,0.4535,57.0,,,0.4586,56.0,0.5825,74.0,0.4112,75.0,0.4678,59.0,,,0.5607,68.0
2022-11-23,0.3883,57.0,0.3117,64.0,0.5155,69.0,,,0.4716,60.0,0.5838,75.0,0.4115,75.0,0.4881,62.0,,,0.5432,65.0
2022-11-22,0.3887,57.0,0.3349,68.0,0.5383,73.0,,,0.3526,30.0,0.5879,75.0,0.4123,76.0,0.5196,68.0,,,0.4889,55.0
2022-11-21,0.2747,33.0,0.3302,68.0,0.5774,77.0,,,0.4516,55.0,0.5852,75.0,0.4119,76.0,0.5409,72.0,,,0.5352,63.0
2022-11-18,0.7228,89.0,0.3326,68.0,0.4509,57.0,,,0.5158,68.0,0.5858,75.0,0.4112,75.0,0.4974,63.0,,,0.5591,67.0
2022-11-17,0.7882,91.0,0.3396,69.0,0.5875,78.0,,,0.4759,60.0,0.5862,75.0,0.4112,75.0,0.5378,71.0,,,0.5374,64.0
2022-11-16,0.7797,91.0,0.4009,78.0,0.485,64.0,,,0.4783,61.0,0.5882,75.0,0.4114,75.0,0.4807,61.0,,,0.5517,66.0
2022-11-15,0.7429,90.0,0.4,77.0,0.4804,63.0,,,0.5783,77.0,0.5876,75.0,0.4167,76.0,0.487,61.0,,,0.5557,67.0
2022-11-14,0.7953,91.0,0.4246,80.0,0.4758,62.0,,,0.5054,66.0,0.5889,75.0,0.4185,76.0,0.478,60.0,,,0.5696,69.0
2022-11-11,0.7933,91.0,0.4528,83.0,0.4734,62.0,,,0.5009,65.0,0.5961,76.0,0.4201,77.0,0.4731,59.0,,,0.5571,67.0
2022-11-10,0.9526,95.0,0.51,87.0,0.5031,67.0,,,0.5015,65.0,0.6006,76.0,0.4213,77.0,0.4903,62.0,,,0.5449,65.0
2022-11-09,0.7365,89.0,0.4947,86.0,0.5897,79.0,,,0.5399,72.0,0.5798,74.0,0.4207,77.0,0.5234,68.0,,,0.5812,71.0
2022-11-08,0.6987,88.0,0.4817,85.0,0.5796,78.0,,,0.6011,79.0,0.5801,74.0,0.4203,77.0,0.504,65.0,,,0.5689,69.0
2022-11-07,0.6738,87.0,0.4293,80.0,0.6112,81.0,,,0.5513,73.0,0.5779,74.0,0.419,76.0,0.5093,66.0,,,0.5549,67.0
2022-11-04,0.6813,87.0,0.4352,81.0,0.5775,77.0,,,0.5263,70.0,0.5777,74.0,0.424,77.0,0.5261,69.0,,,0.5497,66.0
2022-11-03,0.423,63.0,0.3825,75.0,0.7761,93.0,,,0.4547,56.0,0.5641,73.0,0.4251,77.0,0.6264,84.0,,,0.5513,66.0
2022-11-02,0.5095,75.0,0.3427,70.0,0.3892,44.0,,,0.8575,95.0,0.5766,74.0,0.4251,77.0,0.4361,52.0,,,0.724,91.0
2022-11-01,0.3697,54.0,0.2597,52.0,0.5209,70.0,,,0.6186,81.0,0.5724,74.0,0.4219,77.0,0.5265,69.0,,,0.5971,74.0
2022-10-31,0.5366,78.0,0.3941,77.0,0.5495,74.0,,,0.6608,85.0,0.5822,74.0,0.4269,77.0,0.4702,59.0,,,0.6182,77.0
2022-10-28,0.4834,72.0,0.4282,80.0,0.6828,88.0,,,0.5432,72.0,0.5899,75.0,0.4312,78.0,0.5869,80.0,,,0.5787,71.0
2022-10-27,0.5346,78.0,0.4377,81.0,0.5457,73.0,,,0.6779,86.0,0.5912,75.0,0.433,78.0,0.5389,72.0,,,0.6255,78.0
2022-10-26,0.5194,76.0,0.4464,82.0,0.6599,85.0,,,0.8246,94.0,0.5911,75.0,0.4349,78.0,0.5771,78.0,,,0.59,73.0
2022-10-25,0.5338,78.0,0.4438,82.0,0.7127,90.0,,,0.5192,68.0,0.5922,76.0,0.4387,78.0,0.6252,84.0,,,0.585,72.0
2022-10-24,0.7196,89.0,0.5359,89.0,0.6153,82.0,,,0.6706,86.0,0.5898,75.0,0.4403,78.0,0.5532,74.0,,,0.6535,82.0
2022-10-21,0.7563,90.0,0.6815,94.0,0.6639,86.0,,,0.6492,84.0,0.5913,75.0,0.4413,78.0,0.5917,80.0,,,0.6087,76.0
2022-10-20,0.6651,86.0,0.6086,92.0,0.6414,84.0,,,0.6457,84.0,0.5849,75.0,0.4369,78.0,0.5728,77.0,,,0.6467,81.0
2022-10-19,0.6822,87.0,0.598,91.0,0.615,82.0,,,0.6717,86.0,0.5851,75.0,0.4391,78.0,0.569,77.0,,,0.6565,82.0
2022-10-18,0.6622,86.0,0.5898,91.0,0.6023,80.0,,,0.7649,91.0,0.5921,75.0,0.4407,78.0,0.5618,76.0,,,0.6305,79.0
2022-10-17,0.6984,88.0,0.5984,91.0,0.61,81.0,,,0.6908,88.0,0.5926,76.0,0.4433,78.0,0.5892,80.0,,,0.6456,81.0
2022-10-14,0.621,84.0,0.5993,91.0,0.6419,84.0,,,0.6387,83.0,0.5892,75.0,0.4429,78.0,0.5214,68.0,,,0.6707,84.0
2022-10-13,0.5219,76.0,0.5204,88.0,0.6971,89.0,,,0.6719,86.0,0.5836,75.0,0.4364,78.0,0.5724,77.0,,,0.5876,72.0
2022-10-12,0.6615,86.0,0.3278,68.0,0.8524,95.0,,,0.928,97.0,0.5774,74.0,0.4242,77.0,0.6134,83.0,,,0.6635,83.0
2022-10-11,0.8157,92.0,0.3707,73.0,0.6692,87.0,,,0.8266,94.0,0.5774,74.0,0.4243,77.0,0.5627,76.0,,,0.6361,80.0
2022-10-10,0.7982,92.0,0.3816,75.0,0.7834,93.0,,,0.8735,95.0,0.58,74.0,0.4243,77.0,0.5693,77.0,,,0.6575,83.0
2022-10-07,0.8469,92.0,0.4022,78.0,0.6979,89.0,,,0.7547,91.0,0.5801,74.0,0.4247,77.0,0.5431,72.0,,,0.7734,95.0
2022-10-06,0.8001,92.0,0.4339,81.0,0.6248,83.0,,,0.6955,88.0,0.5766,74.0,0.4234,77.0,0.5531,74.0,,,0.6082,76.0
2022-10-05,0.7517,90.0,0.5011,86.0,0.6226,82.0,,,0.6523,84.0,0.5762,74.0,0.4228,77.0,0.5923,80.0,,,0.5954,74.0
2022-10-04,0.7856,91.0,0.5156,87.0,0.6617,86.0,,,0.5801,77.0,0.576,74.0,0.4223,77.0,0.5838,79.0,,,0.6004,74.0
2022-10-03,0.7571,90.0,0.5125,87.0,0.6468,84.0,,,0.6593,85.0,0.5641,73.0,0.4211,77.0,0.5859,80.0,,,0.5844,72.0
2022-09-30,0.5643,80.0,0.5032,87.0,0.6391,84.0,,,0.6872,87.0,0.5527,72.0,0.4198,77.0,0.5166,67.0,,,0.6306,79.0
2022-09-29,0.6018,83.0,0.5277,88.0,0.6896,88.0,,,0.6568,85.0,0.5527,72.0,0.418,76.0,0.5122,66.0,,,0.6421,80.0
2022-09-28,0.6036,83.0,0.5095,87.0,0.6424,84.0,,,0.6394,83.0,0.5519,72.0,0.4172,76.0,0.5781,78.0,,,0.5607,68.0
2022-09-27,0.5118,75.0,0.519,88.0,0.6969,89.0,,,0.6724,86.0,0.5462,71.0,0.4143,76.0,0.5222,68.0,,,0.646,81.0
2022-09-26,0.4497,67.0,0.4591,83.0,0.6611,86.0,,,0.7063,88.0,0.5454,70.0,0.4096,75.0,0.5281,70.0,,,0.6455,81.0
2022-09-23,0.4502,67.0,0.4527,83.0,0.6592,85.0,,,0.5866,78.0,0.5441,70.0,0.4087,75.0,0.574,78.0,,,0.6019,75.0
2022-09-22,0.42,62.0,0.4353,81.0,0.5466,73.0,,,0.641,83.0,0.5404,69.0,0.4073,75.0,0.4998,64.0,,,0.6421,80.0
2022-09-21,0.5054,75.0,0.4372,81.0,0.4838,63.0,,,0.79,92.0,0.5408,69.0,0.406,75.0,0.4621,57.0,,,0.6532,82.0
2022-09-20,0.5343,78.0,0.3764,74.0,0.5499,74.0,,,0.6106,80.0,0.541,69.0,0.403,74.0,0.5155,67.0,,,0.6276,78.0
2022-09-19,0.6421,85.0,0.3845,75.0,0.6443,84.0,,,0.5327,71.0,0.5389,69.0,0.403,74.0,0.578,78.0,,,0.5097,57.0
2022-09-16,0.6064,83.0,0.3652,73.0,0.5711,77.0,,,0.5508,73.0,0.5366,68.0,0.399,74.0,0.5361,71.0,,,0.5719,70.0
2022-09-15,0.6977,88.0,0.4216,80.0,0.5087,68.0,,,0.6087,80.0,0.5376,68.0,0.3995,74.0,0.4542,56.0,,,0.5854,72.0
2022-09-14,0.6585,86.0,0.4279,80.0,0.7647,92.0,,,0.6314,82.0,0.5357,68.0,0.3984,74.0,0.5373,71.0,,,0.5829,71.0
2022-09-13,0.6289,84.0,0.4689,84.0,0.4558,57.0,,,0.9059,96.0,0.5395,69.0,0.3996,74.0,0.4565,56.0,,,0.5964,74.0
2022-09-12,0.4651,69.0,0.4671,84.0,0.5318,72.0,,,0.5343,71.0,0.5337,68.0,0.401,74.0,0.4659,57.0,,,0.5317,63.0
2022-09-09,0.5174,76.0,0.4706,84.0,0.4978,66.0,,,0.4653,57.0,0.534,68.0,0.4016,74.0,0.4195,49.0,,,0.482,53.0
2022-09-08,0.5306,77.0,0.4952,86.0,0.7388,91.0,,,0.4706,59.0,0.5309,68.0,0.4028,74.0,0.5238,69.0,,,0.5199,60.0
2022-09-07,0.5057,75.0,0.4549,83.0,0.7166,90.0,,,0.4634,57.0,0.5307,68.0,0.4,74.0,0.5557,74.0,,,0.5164,60.0
2022-09-06,0.3237,45.0,0.4373,81.0,0.4252,52.0,,,0.9528,97.0,0.5269,67.0,0.397,74.0,0.3992,44.0,,,0.6541,82.0
2022-09-02,0.5665,80.0,0.4164,79.0,0.5012,67.0,,,0.5518,73.0,0.5375,68.0,0.3978,74.0,0.4829,61.0,,,0.5754,70.0
2022-09-01,0.5759,81.0,0.362,72.0,0.4922,65.0,,,0.5289,70.0,0.5381,68.0,0.3983,74.0,0.4908,62.0,,,0.5484,65.0
2022-08-31,0.604,83.0,0.3381,69.0,0.4136,49.0,,,0.5551,74.0,0.545,70.0,0.4018,74.0,0.4666,57.0,,,0.6023,75.0
2022-08-30,0.6153,84.0,0.3473,70.0,0.484,64.0,,,0.7977,93.0,0.544,70.0,0.4024,74.0,0.4342,52.0,,,0.5486,65.0
2022-08-29,0.6033,83.0,0.3119,65.0,0.5016,67.0,,,0.5295,70.0,0.5403,69.0,0.4017,74.0,0.5085,65.0,,,0.5548,67.0
2022-08-26,0.6029,83.0,0.3034,63.0,0.3326,30.0,,,0.6982,88.0,0.5437,70.0,0.4028,74.0,0.473,59.0,,,0.5576,67.0
2022-08-25,0.5487,79.0,0.2295,45.0,0.5143,69.0,,,0.3565,31.0,0.5412,69.0,0.403,74.0,0.4879,62.0,,,0.4761,52.0
2022-08-24,0.4319,64.0,0.2168,41.0,0.4244,52.0,,,0.442,53.0,0.5362,68.0,0.4031,74.0,0.4768,60.0,,,0.517,60.0
2022-08-23,0.4182,62.0,0.2216,43.0,0.5417,73.0,,,0.3942,41.0,0.5489,71.0,0.4064,75.0,0.4681,59.0,,,0.5099,59.0
2022-08-22,0.4401,65.0,0.2154,41.0,0.4471,56.0,,,0.4628,57.0,0.5479,71.0,0.4096,75.0,0.4739,59.0,,,0.5339,63.0
2022-08-19,0.4113,61.0,0.2117,40.0,0.3867,43.0,,,0.4067,45.0,0.5469,71.0,0.4102,75.0,0.4496,55.0,,,0.519,60.0
2022-08-18,0.4423,66.0,0.2181,42.0,0.371,39.0,,,0.4088,45.0,0.5447,70.0,0.4111,75.0,0.4442,54.0,,,0.5127,59.0
2022-08-17,0.456,68.0,0.2111,40.0,0.3999,46.0,,,0.3809,38.0,0.545,70.0,0.4114,75.0,0.4446,54.0,,,0.4828,53.0
2022-08-16,0.3548,51.0,0.2342,46.0,0.3687,39.0,,,0.3622,33.0,0.5455,70.0,0.4117,75.0,0.4359,52.0,,,0.4741,52.0
2022-08-15,0.3551,51.0,0.264,53.0,0.3607,37.0,,,0.4043,44.0,0.546,71.0,0.4116,75.0,0.4181,49.0,,,0.4779,52.0
2022-08-12,0.3209,44.0,0.2727,55.0,0.4745,62.0,,,0.3186,20.0,0.5489,71.0,0.4147,76.0,0.4974,63.0,,,0.4268,39.0
2022-08-11,0.3251,45.0,0.2843,57.0,0.3722,40.0,,,0.4116,46.0,0.5479,71.0,0.4151,76.0,0.4482,55.0,,,0.4114,33.0
2022-08-10,0.3903,57.0,0.3008,62.0,0.3371,31.0,,,0.4179,48.0,0.5488,71.0,0.4154,76.0,0.4496,55.0,,,0.4716,51.0
2022-08-09,0.2355,23.0,0.2898,59.0,0.5082,68.0,,,0.4097,45.0,0.543,70.0,0.4168,76.0,0.4986,64.0,,,0.4846,54.0
2022-08-08,0.3126,42.0,0.3078,64.0,0.417,50.0,,,0.4219,49.0,0.5473,71.0,0.4176,76.0,0.469,59.0,,,0.4845,54.0
2022-08-05,0.3339,47.0,0.2993,62.0,0.4258,52.0,,,0.3969,42.0,0.5503,71.0,0.4179,76.0,0.4676,57.0,,,0.4312,40.0
2022-08-04,0.3913,57.0,0.335,69.0,0.7252,91.0,,,0.4835,62.0,0.55,71.0,0.4172,76.0,0.5006,64.0,,,0.4948,56.0
2022-08-03,0.418,62.0,0.3225,67.0,0.4828,63.0,,,0.4599,57.0,0.5511,72.0,0.4172,76.0,0.4467,54.0,,,0.5177,60.0
2022-08-02,0.4169,61.0,0.3127,65.0,0.4633,59.0,,,0.5569,74.0,0.5525,72.0,0.4173,76.0,0.4626,57.0,,,0.5051,57.0
2022-08-01,0.4122,61.0,0.3363,69.0,0.4854,64.0,,,0.4613,57.0,0.5519,72.0,0.4163,76.0,0.4725,59.0,,,0.4982,57.0
2022-07-29,0.3756,55.0,0.3526,71.0,0.4228,51.0,,,0.4636,57.0,0.5549,72.0,0.4172,76.0,0.4683,59.0,,,0.5002,57.0
2022-07-28,0.3509,50.0,0.345,70.0,0.6006,80.0,,,0.4433,54.0,0.5541,72.0,0.4183,76.0,0.5491,73.0,,,0.4666,50.0
2022-07-27,0.4745,71.0,0.3752,74.0,0.6637,86.0,,,0.4002,43.0,0.553,72.0,0.4192,76.0,0.5352,71.0,,,0.4747,52.0
2022-07-26,0.4385,65.0,0.3495,71.0,0.4785,63.0,,,0.5629,75.0,0.5497,71.0,0.4194,77.0,0.5003,64.0,,,0.5498,66.0
2022-07-25,0.4164,61.0,0.389,76.0,0.5681,76.0,,,0.5098,67.0,0.5505,71.0,0.4223,77.0,0.4986,64.0,,,0.5046,57.0
2022-07-22,0.5698,80.0,0.3968,77.0,0.4254,52.0,,,0.5707,76.0,0.5501,71.0,0.4248,77.0,0.4751,60.0,,,0.5532,66.0
2022-07-21,0.5405,78.0,0.391,76.0,0.5801,78.0,,,0.4879,63.0,0.5494,71.0,0.4277,77.0,0.5154,67.0,,,0.5254,62.0
2022-07-20,0.5585,80.0,0.3952,77.0,0.5373,72.0,,,0.5078,66.0,0.5536,72.0,0.4297,78.0,0.5114,66.0,,,0.5508,66.0
2022-07-19,0.569,80.0,0.3963,77.0,0.5302,71.0,,,0.5386,72.0,0.5563,72.0,0.4309,78.0,0.5642,76.0,,,0.552,66.0
2022-07-18,0.4085,60.0,0.373,74.0,0.5273,71.0,,,0.5575,74.0,0.5482,71.0,0.4294,78.0,0.5015,64.0,,,0.5756,70.0
2022-07-15,0.4627,69.0,0.3527,71.0,0.5291,71.0,,,0.5476,73.0,0.5499,71.0,0.4291,77.0,0.5205,68.0,,,0.558,67.0
2022-07-14,0.3897,57.0,0.3956,77.0,0.5732,77.0,,,0.5721,76.0,0.5471,71.0,0.4272,77.0,0.5315,70.0,,,0.5895,73.0
2022-07-13,0.3539,51.0,0.4088,79.0,0.5431,73.0,,,0.5846,78.0,0.5441,70.0,0.4271,77.0,0.5262,69.0,,,0.5679,69.0
2022-07-12,0.3539,51.0,0.4035,78.0,0.5565,74.0,,,0.6691,86.0,0.5458,70.0,0.4253,77.0,0.5168,67.0,,,0.5856,72.0
2022-07-11,0.379,55.0,0.426,80.0,0.7045,89.0,,,0.5528,74.0,0.5466,71.0,0.4246,77.0,0.5647,76.0,,,0.5756,70.0
2022-07-08,0.3854,56.0,0.4726,84.0,0.5049,67.0,,,0.7903,92.0,0.547,71.0,0.4257,77.0,0.5022,64.0,,,0.6081,75.0
2022-07-07,0.3884,57.0,0.4993,86.0,0.5145,69.0,,,0.559,75.0,0.5464,71.0,0.4258,77.0,0.5167,67.0,,,0.5627,68.0
2022-07-06,0.2383,24.0,0.4934,86.0,0.7746,93.0,,,0.5429,72.0,0.5452,70.0,0.4254,77.0,0.6099,82.0,,,0.5085,57.0
2022-07-05,0.6328,85.0,0.5243,88.0,0.944,97.0,,,0.5635,75.0,0.545,70.0,0.4225,77.0,0.5655,76.0,,,0.5811,71.0
2022-07-01,0.6269,84.0,0.5483,89.0,0.7135,90.0,,,0.5225,69.0,0.5446,70.0,0.4213,77.0,0.5857,80.0,,,0.5633,68.0
2022-06-30,0.641,85.0,0.5403,89.0,0.5748,77.0,,,0.5668,75.0,0.5449,70.0,0.4199,77.0,0.5514,74.0,,,0.5691,69.0
2022-06-29,0.6636,86.0,0.5103,87.0,0.6831,88.0,,,0.5201,68.0,0.5436,70.0,0.4174,76.0,0.5436,72.0,,,0.572,70.0
2022-06-28,0.6498,86.0,0.4873,85.0,0.5252,71.0,,,0.6404,83.0,0.543,70.0,0.4143,76.0,0.512,66.0,,,0.6019,75.0
2022-06-27,0.8008,92.0,0.4691,84.0,0.5234,70.0,,,0.5583,74.0,0.5425,69.0,0.4118,76.0,0.5586,75.0,,,0.6159,77.0
2022-06-24,0.7988,92.0,0.5221,88.0,0.5491,74.0,,,0.4508,55.0,0.5423,69.0,0.4115,75.0,0.6116,83.0,,,0.4763,52.0
2022-06-23,0.5445,79.0,0.4564,83.0,0.5268,71.0,,,0.636,83.0,0.531,68.0,0.4057,75.0,0.516,67.0,,,0.6164,77.0
2022-06-22,0.7256,89.0,0.4447,82.0,0.6499,85.0,,,0.5486,73.0,0.5311,68.0,0.4028,74.0,0.562,76.0,,,0.5536,66.0
2022-06-21,0.7476,90.0,0.4349,81.0,0.5772,77.0,,,0.5626,75.0,0.53,68.0,0.4014,74.0,0.5483,73.0,,,0.5633,68.0
2022-06-17,0.6348,85.0,0.4458,82.0,0.5641,76.0,,,0.5683,76.0,0.5304,68.0,0.4011,74.0,0.5965,81.0,,,0.6161,77.0
2022-06-16,0.5551,79.0,0.4503,83.0,0.5663,76.0,,,0.7798,92.0,0.5336,68.0,0.3998,74.0,0.5419,72.0,,,0.6797,85.0
2022-06-15,0.6334,85.0,0.4442,82.0,0.8288,95.0,,,0.6964,88.0,0.5232,67.0,0.3986,74.0,0.5102,66.0,,,0.6098,76.0
2022-06-14,0.6882,87.0,0.3749,74.0,0.8156,94.0,,,1.0753,98.0,0.525,67.0,0.3949,73.0,0.6004,81.0,,,0.613,76.0
2022-06-13,0.669,87.0,0.3423,70.0,0.6705,87.0,,,0.9572,97.0,0.525,67.0,0.3941,73.0,0.4986,64.0,,,0.6229,78.0
2022-06-10,0.6775,87.0,0.3076,64.0,0.4319,53.0,,,0.6601,85.0,0.5071,66.0,0.392,73.0,0.5134,66.0,,,0.5575,67.0
2022-06-09,0.6141,84.0,0.3223,67.0,0.3981,46.0,,,0.598,79.0,0.5017,66.0,0.3913,72.0,0.4619,57.0,,,0.6035,75.0
2022-06-08,0.5335,77.0,0.3026,63.0,0.4625,59.0,,,0.4791,61.0,0.495,65.0,0.3904,72.0,0.4703,59.0,,,0.5189,60.0
2022-06-07,0.5221,76.0,0.2764,56.0,0.5235,70.0,,,0.4506,55.0,0.4911,64.0,0.3885,72.0,0.478,60.0,,,0.5191,60.0
2022-06-06,0.5387,78.0,0.2558,51.0,0.5226,70.0,,,0.4924,64.0,0.4907,64.0,0.3875,72.0,0.4799,60.0,,,0.5283,62.0
2022-06-03,0.5388,78.0,0.2755,56.0,0.4701,61.0,,,0.4922,64.0,0.4927,64.0,0.3879,72.0,0.4799,60.0,,,0.5268,62.0
2022-06-02,0.5254,77.0,0.2874,59.0,0.4842,64.0,,,0.4692,59.0,0.4937,64.0,0.3882,72.0,0.4769,60.0,,,0.5146,59.0
2022-06-01,0.4928,73.0,0.2886,59.0,0.5049,67.0,,,0.5205,69.0,0.4886,64.0,0.3889,72.0,0.4775,60.0,,,0.5445,65.0
2022-05-31,0.4711,70.0,0.3801,75.0,0.5096,68.0,,,0.544,72.0,0.4909,64.0,0.3886,72.0,0.4915,62.0,,,0.5342,63.0
2022-05-27,0.3811,56.0,0.4468,82.0,0.6567,85.0,,,0.4191,48.0,0.4929,64.0,0.3938,73.0,0.5319,70.0,,,0.4954,56.0
2022-05-26,0.5879,82.0,0.4761,84.0,0.5502,74.0,,,0.4476,55.0,0.4933,64.0,0.3931,73.0,0.476,60.0,,,0.4726,51.0
2022-05-25,0.6556,86.0,0.4976,86.0,0.6637,86.0,,,0.4637,57.0,0.4912,64.0,0.3937,73.0,0.5195,68.0,,,0.5241,61.0
2022-05-24,0.6511,86.0,0.5012,86.0,0.5469,73.0,,,0.5777,77.0,0.4941,64.0,0.3939,73.0,0.5088,65.0,,,0.5327,63.0
2022-05-23,0.6586,86.0,0.5002,86.0,0.6209,82.0,,,0.4894,63.0,0.494,64.0,0.393,73.0,0.508,65.0,,,0.5239,61.0
2022-05-20,0.6514,86.0,0.5227,88.0,0.6199,82.0,,,0.562,75.0,0.4908,64.0,0.3922,73.0,0.5208,68.0,,,0.5473,65.0
2022-05-19,0.6462,85.0,0.5177,87.0,0.5172,69.0,,,0.4459,54.0,0.4908,64.0,0.3867,71.0,0.6015,81.0,,,0.6552,82.0
2022-05-18,0.6272,84.0,0.5289,88.0,0.4055,47.0,,,0.797,93.0,0.4889,64.0,0.3824,71.0,0.4245,50.0,,,0.642,80.0
2022-05-17,0.7268,89.0,0.5288,88.0,0.7581,92.0,,,0.5,65.0,0.4802,62.0,0.3793,71.0,0.5062,65.0,,,0.5039,57.0
2022-05-16,0.6036,83.0,0.5193,88.0,0.5905,79.0,,,0.6166,80.0,0.4736,62.0,0.3776,71.0,0.4963,63.0,,,0.6166,77.0
2022-05-13,0.7134,88.0,0.5812,91.0,0.7301,91.0,,,0.517,68.0,0.4737,62.0,0.3767,71.0,0.4505,55.0,,,0.5044,57.0
2022-05-12,0.8231,92.0,0.6291,92.0,0.7994,94.0,,,0.6632,85.0,0.4708,61.0,0.3761,71.0,0.5751,78.0,,,0.6069,75.0
2022-05-11,0.8693,93.0,0.6284,92.0,0.639,84.0,,,0.9591,97.0,0.4717,62.0,0.3738,71.0,0.5277,69.0,,,0.6021,75.0
2022-05-10,0.8671,93.0,0.5957,91.0,0.5921,79.0,,,0.9256,96.0,0.4726,62.0,0.368,70.0,0.442,53.0,,,0.6347,79.0
2022-05-09,0.8736,93.0,0.5951,91.0,0.6326,83.0,,,1.1046,98.0,0.4729,62.0,0.3627,70.0,0.4108,47.0,,,0.6972,88.0
2022-05-06,0.7596,90.0,0.5927,91.0,0.672,87.0,,,0.7407,90.0,0.457,59.0,0.3596,70.0,0.5208,68.0,,,0.5826,71.0
2022-05-05,0.7742,91.0,0.6028,91.0,0.4766,62.0,,,0.8772,95.0,0.4576,60.0,0.3587,70.0,0.4599,57.0,,,0.6204,77.0
2022-05-04,0.6316,85.0,0.5551,89.0,0.9594,97.0,,,0.3814,38.0,0.4447,57.0,0.3523,69.0,0.6063,82.0,,,0.4531,47.0
2022-05-03,0.4872,73.0,0.5525,89.0,0.6949,89.0,,,0.5285,70.0,0.4344,57.0,0.347,68.0,0.5648,76.0,,,0.5137,59.0
2022-05-02,0.569,80.0,0.5576,90.0,0.6742,87.0,,,0.5619,75.0,0.4346,57.0,0.3453,68.0,0.5433,72.0,,,0.5442,65.0
2022-04-29,0.5897,82.0,0.5748,90.0,0.4637,59.0,,,0.9123,96.0,0.4352,57.0,0.3428,67.0,0.4161,48.0,,,0.6279,78.0
2022-04-28,0.5973,83.0,0.5125,87.0,0.6882,88.0,,,0.4733,60.0,0.4318,57.0,0.3373,65.0,0.544,73.0,,,0.5117,59.0
2022-04-27,0.5786,81.0,0.476,84.0,0.5697,76.0,,,0.5499,73.0,0.4307,56.0,0.3343,63.0,0.5278,69.0,,,0.5054,57.0
2022-04-26,0.5133,76.0,0.4505,83.0,0.4528,57.0,,,0.7816,92.0,0.4295,56.0,0.332,62.0,0.4627,57.0,,,0.6055,75.0
2022-04-25,0.4969,74.0,0.4223,80.0,0.7099,90.0,,,0.4956,64.0,0.4284,56.0,0.3299,62.0,0.5632,76.0,,,0.5289,62.0
2022-04-22,0.5896,82.0,0.362,72.0,0.393,45.0,,,0.7351,90.0,0.4279,55.0,0.3245,60.0,0.437,52.0,,,0.5973,74.0
2022-04-21,0.411,61.0,0.3209,66.0,0.3712,40.0,,,0.5006,65.0,0.4178,52.0,0.3217,59.0,0.3987,44.0,,,0.544,65.0
2022-04-20,0.254,28.0,0.2282,45.0,0.4907,65.0,,,0.4456,54.0,0.4119,50.0,0.3174,59.0,0.4987,64.0,,,0.4985,57.0
2022-04-19,0.2525,27.0,0.2251,44.0,0.5804,78.0,,,0.3768,36.0,0.4126,50.0,0.3173,59.0,0.5313,70.0,,,0.4825,53.0
2022-04-18,0.2486,26.0,0.2371,47.0,0.4695,61.0,,,0.4716,60.0,0.4125,50.0,0.3171,59.0,0.5057,65.0,,,0.5287,62.0
2022-04-14,0.3363,48.0,0.2449,49.0,0.4003,46.0,,,0.4838,62.0,0.4124,50.0,0.3169,57.0,0.4618,57.0,,,0.5234,61.0
2022-04-13,0.3541,51.0,0.2645,53.0,0.5296,71.0,,,0.402,44.0,0.4124,50.0,0.3167,57.0,0.5217,68.0,,,0.4691,51.0
2022-04-12,0.249,26.0,0.2275,45.0,0.5064,68.0,,,0.649,84.0,0.4093,50.0,0.3151,57.0,0.49,62.0,,,0.5491,65.0
2022-04-11,0.2846,36.0,0.2247,44.0,0.4662,60.0,,,0.5165,68.0,0.4155,51.0,0.3152,57.0,0.5004,64.0,,,0.5383,64.0
2022-04-08,0.2949,38.0,0.2328,46.0,0.4906,65.0,,,0.4846,62.0,0.4154,51.0,0.3155,57.0,0.4949,63.0,,,0.4479,45.0
2022-04-07,0.2846,36.0,0.2363,47.0,0.5269,71.0,,,0.4313,51.0,0.4153,51.0,0.3155,57.0,0.514,66.0,,,0.4959,56.0
2022-04-06,0.2719,33.0,0.2564,51.0,0.471,61.0,,,0.5775,77.0,0.4151,51.0,0.3155,57.0,0.4757,60.0,,,0.5542,67.0
2022-04-05,0.227,21.0,0.2466,49.0,0.3906,44.0,,,0.492,64.0,0.4127,50.0,0.3153,57.0,0.4688,59.0,,,0.5387,64.0
2022-04-04,0.2361,23.0,0.2272,44.0,0.4649,60.0,,,0.4146,47.0,0.4143,51.0,0.3143,57.0,0.4836,61.0,,,0.527,62.0
2022-04-01,0.3348,47.0,0.2457,49.0,0.5154,69.0,,,0.4264,50.0,0.415,51.0,0.3155,57.0,0.5061,65.0,,,0.4876,55.0
2022-03-31,0.3218,44.0,0.2294,45.0,0.4341,54.0,,,0.5306,70.0,0.4147,51.0,0.3159,57.0,0.5036,65.0,,,0.543,64.0
2022-03-30,0.2721,33.0,0.2203,42.0,0.3727,40.0,,,0.4641,57.0,0.414,51.0,0.316,57.0,0.3388,25.0,,,0.3958,27.0
2022-03-29,0.2832,36.0,0.2588,52.0,0.501,67.0,,,0.3952,41.0,0.4154,51.0,0.3181,59.0,0.5057,65.0,,,0.4426,44.0
2022-03-28,0.2835,36.0,0.2381,47.0,0.4336,54.0,,,0.4546,56.0,0.4173,52.0,0.3177,59.0,0.4824,61.0,,,0.5042,57.0
2022-03-25,0.2755,34.0,0.2814,57.0,0.5931,79.0,,,0.5015,65.0,0.4172,52.0,0.3178,59.0,0.4934,63.0,,,0.4963,56.0
2022-03-24,0.2908,37.0,0.3462,70.0,0.5967,79.0,,,0.4051,44.0,0.4187,52.0,0.3178,59.0,0.5569,75.0,,,0.4215,37.0
2022-03-23,0.2711,33.0,0.3497,71.0,0.5285,71.0,,,0.4956,64.0,0.4158,51.0,0.3188,59.0,0.4945,63.0,,,0.5096,57.0
2022-03-22,0.371,54.0,0.3807,75.0,0.4583,59.0,,,0.4657,57.0,0.4156,51.0,0.3186,59.0,0.4568,56.0,,,0.5329,63.0
2022-03-21,0.4296,64.0,0.3839,75.0,0.474,62.0,,,0.4854,62.0,0.4169,52.0,0.3189,59.0,0.4913,62.0,,,0.5284,62.0
2022-03-18,0.4246,63.0,0.3772,74.0,0.66,86.0,,,0.5165,68.0,0.4175,52.0,0.3216,59.0,0.5517,74.0,,,0.5186,60.0
2022-03-17,0.5456,79.0,0.4187,80.0,0.7232,90.0,,,0.4735,60.0,0.4176,52.0,0.3235,60.0,0.5997,81.0,,,0.5075,57.0
2022-03-16,0.567,80.0,0.4489,82.0,0.5189,70.0,,,0.5007,65.0,0.4213,53.0,0.3231,60.0,0.4966,63.0,,,0.5836,72.0
2022-03-15,0.7205,89.0,0.4787,85.0,0.7335,91.0,,,0.5943,79.0,0.4221,53.0,0.3199,59.0,0.5813,79.0,,,0.5583,67.0
2022-03-14,0.7099,88.0,0.482,85.0,0.5586,75.0,,,0.8746,95.0,0.4231,54.0,0.3189,59.0,0.5216,68.0,,,0.5262,62.0
2022-03-11,0.7029,88.0,0.479,85.0,0.5337,72.0,,,0.6613,85.0,0.4241,54.0,0.3176,59.0,0.5275,69.0,,,0.5877,72.0
2022-03-10,0.743,90.0,0.4969,86.0,0.6357,83.0,,,0.5834,77.0,0.4245,54.0,0.3178,59.0,0.5479,73.0,,,0.5742,70.0
2022-03-09,0.7718,91.0,0.5257,88.0,0.7595,92.0,,,0.4391,53.0,0.423,54.0,0.3172,59.0,0.5697,77.0,,,0.4391,43.0
2022-03-08,0.5734,81.0,0.498,86.0,0.7792,93.0,,,0.6712,86.0,0.4101,50.0,0.314,57.0,0.5294,70.0,,,0.6172,77.0
2022-03-07,0.8051,92.0,0.4959,86.0,0.6934,89.0,,,1.1695,99.0,0.4093,50.0,0.3095,57.0,0.5028,65.0,,,0.629,79.0
2022-03-04,0.6388,85.0,0.4765,84.0,0.7109,90.0,,,0.5503,73.0,0.3977,48.0,0.3029,56.0,0.5573,75.0,,,0.5391,64.0
2022-03-03,0.6678,87.0,0.4825,85.0,0.5174,69.0,,,0.4713,60.0,0.398,48.0,0.3014,56.0,0.5096,66.0,,,0.4774,52.0
2022-03-02,0.6912,88.0,0.4829,85.0,0.66,86.0,,,0.4708,60.0,0.3982,48.0,0.2992,55.0,0.5335,71.0,,,0.4829,54.0
2022-03-01,0.6259,84.0,0.464,84.0,0.4773,62.0,,,0.7695,92.0,0.3929,46.0,0.2969,55.0,0.4624,57.0,,,0.6013,74.0
2022-02-28,0.6267,84.0,0.4215,80.0,0.618,82.0,,,0.5286,70.0,0.3899,45.0,0.2928,55.0,0.4715,59.0,,,0.5504,66.0
2022-02-25,0.6423,85.0,0.4128,79.0,0.4821,63.0,,,0.4572,56.0,0.3893,45.0,0.2916,54.0,0.475,60.0,,,0.5126,59.0
2022-02-24,0.4363,65.0,0.4136,79.0,0.5246,70.0,,,0.5555,74.0,0.3715,42.0,0.2867,53.0,0.4893,62.0,,,0.5237,61.0
2022-02-23,0.4459,66.0,0.356,71.0,0.5831,78.0,,,0.5514,73.0,0.3751,42.0,0.2821,53.0,0.4911,62.0,,,0.5245,61.0
2022-02-22,0.4453,66.0,0.3488,70.0,0.5606,75.0,,,0.5685,76.0,0.3743,42.0,0.2801,52.0,0.4842,61.0,,,0.5172,60.0
2022-02-18,0.4354,65.0,0.3613,72.0,0.4582,59.0,,,0.4659,59.0,0.373,42.0,0.2779,51.0,0.4242,50.0,,,0.5321,63.0
2022-02-17,0.5349,78.0,0.369,73.0,0.4591,59.0,,,0.865,95.0,0.3731,42.0,0.2772,51.0,0.5183,67.0,,,0.5394,64.0
2022-02-16,0.4981,74.0,0.3828,75.0,0.5533,74.0,,,0.4318,51.0,0.3715,42.0,0.2764,51.0,0.4957,63.0,,,0.4345,41.0
2022-02-15,0.5209,76.0,0.3899,76.0,0.9128,97.0,,,0.3855,39.0,0.3702,41.0,0.276,51.0,0.5138,66.0,,,0.4079,32.0
2022-02-14,0.5031,74.0,0.3325,68.0,0.6238,82.0,,,0.5376,72.0,0.3694,41.0,0.2712,49.0,0.4871,61.0,,,0.507,57.0
2022-02-11,0.5177,76.0,0.3347,68.0,0.4788,63.0,,,0.5127,67.0,0.3702,41.0,0.271,49.0,0.4753,60.0,,,0.4863,54.0
2022-02-10,0.4987,74.0,0.3222,67.0,0.402,47.0,,,0.4983,65.0,0.3703,42.0,0.2703,49.0,0.4193,49.0,,,0.4925,56.0
2022-02-09,0.5395,78.0,0.3,62.0,0.5047,67.0,,,0.3769,36.0,0.3706,42.0,0.2672,48.0,0.4814,61.0,,,0.4197,36.0
2022-02-08,0.4773,71.0,0.3151,65.0,0.723,90.0,,,0.4086,45.0,0.3629,39.0,0.2652,47.0,0.4888,62.0,,,0.4131,34.0
2022-02-07,0.4336,64.0,0.3306,68.0,0.3923,45.0,,,0.5069,66.0,0.3594,38.0,0.2642,47.0,0.4374,52.0,,,0.4766,52.0
2022-02-04,0.4215,62.0,0.3807,75.0,0.4521,57.0,,,0.4788,61.0,0.3615,39.0,0.2636,46.0,0.4508,55.0,,,0.4784,52.0
2022-02-03,0.4176,62.0,0.4243,80.0,0.4762,62.0,,,0.4855,62.0,0.3625,39.0,0.2634,46.0,0.4502,55.0,,,0.4748,52.0
2022-02-02,0.3731,54.0,0.4585,83.0,0.4036,47.0,,,0.4292,50.0,0.3603,39.0,0.2623,45.0,0.4244,50.0,,,0.4527,47.0
2022-02-01,0.3733,54.0,0.5327,88.0,0.6222,82.0,,,0.3683,34.0,0.3622,39.0,0.2616,44.0,0.5171,67.0,,,0.3335,7.0
2022-01-31,0.4127,61.0,0.5588,90.0,0.768,92.0,,,0.4096,45.0,0.3572,38.0,0.2602,43.0,0.6108,82.0,,,0.4253,38.0
2022-01-28,0.3551,51.0,0.5558,89.0,0.6603,86.0,,,0.7252,89.0,0.3564,37.0,0.2581,43.0,0.4392,53.0,,,0.4358,42.0
2022-01-27,0.3269,46.0,0.5414,89.0,0.5461,73.0,,,0.6785,87.0,0.3571,38.0,0.2557,42.0,0.3979,43.0,,,0.4886,55.0
2022-01-26,0.3268,46.0,0.5172,87.0,0.4281,53.0,,,0.7178,89.0,0.359,38.0,0.2533,41.0,0.4547,56.0,,,0.6153,77.0
2022-01-25,0.3385,48.0,0.475,84.0,0.5992,80.0,,,0.4812,61.0,0.3573,38.0,0.249,40.0,0.5155,67.0,,,0.4504,46.0
2022-01-24,0.3337,47.0,0.4385,81.0,0.8196,94.0,,,0.4047,44.0,0.3596,38.0,0.2448,40.0,0.5644,76.0,,,0.4446,44.0
2022-01-21,0.4329,64.0,0.3414,69.0,0.4466,56.0,,,0.6124,80.0,0.3596,38.0,0.2353,38.0,0.4121,47.0,,,0.5072,57.0
2022-01-20,0.4122,61.0,0.2812,57.0,0.3381,32.0,,,0.5975,79.0,0.3512,36.0,0.2299,36.0,0.3641,33.0,,,0.512,59.0
2022-01-19,0.3587,51.0,0.2794,57.0,0.4213,51.0,,,0.6373,83.0,0.3472,34.0,0.227,35.0,0.3919,42.0,,,0.4915,55.0
2022-01-18,0.3646,53.0,0.2913,60.0,0.399,46.0,,,0.5309,71.0,0.3478,35.0,0.2269,35.0,0.3689,35.0,,,0.457,48.0
2022-01-14,0.332,47.0,0.26,52.0,0.4718,61.0,,,0.3626,33.0,0.3435,33.0,0.2254,34.0,0.4405,53.0,,,0.4147,34.0
2022-01-13,0.3281,46.0,0.292,60.0,0.3191,26.0,,,0.4356,52.0,0.3446,33.0,0.2256,34.0,0.3488,28.0,,,0.4399,43.0
2022-01-12,0.3505,50.0,0.2829,57.0,0.384,43.0,,,0.3522,30.0,0.3459,34.0,0.2255,34.0,0.4145,48.0,,,0.4088,32.0
2022-01-11,0.3308,46.0,0.2853,57.0,0.5076,68.0,,,0.3085,18.0,0.3495,36.0,0.2254,34.0,0.4475,54.0,,,0.388,24.0
2022-01-10,0.3014,40.0,0.2709,55.0,0.4469,56.0,,,0.4404,53.0,0.354,37.0,0.2251,34.0,0.3939,42.0,,,0.449,46.0
2022-01-07,0.2842,36.0,0.2335,46.0,0.4374,54.0,,,0.426,50.0,0.3528,37.0,0.2222,33.0,0.4307,51.0,,,0.4266,38.0
2022-01-06,0.2941,38.0,0.2051,38.0,0.3236,27.0,,,0.5436,72.0,0.3528,37.0,0.2205,32.0,0.3847,40.0,,,0.4771,52.0
2022-01-05,0.2281,22.0,0.196,36.0,0.3376,32.0,,,0.3915,40.0,0.3526,36.0,0.2208,32.0,0.3831,39.0,,,0.437,42.0
2022-01-04,0.2634,30.0,0.1681,26.0,0.3332,30.0,,,0.3801,37.0,0.3527,36.0,0.2182,31.0,0.3978,43.0,,,0.4114,33.0
2022-01-03,0.2696,32.0,0.1736,28.0,0.3299,28.0,,,0.3193,21.0,0.3559,37.0,0.2191,31.0,0.3947,42.0,,,0.4315,40.0
2021-12-31,0.2041,15.0,0.1485,18.0,0.3477,34.0,,,0.296,14.0,0.3579,38.0,0.2183,31.0,0.3914,42.0,,,0.4135,34.0
2021-12-30,0.2352,23.0,0.1574,21.0,0.3231,27.0,,,0.2902,12.0,0.3587,38.0,0.2194,31.0,0.3996,44.0,,,0.4326,40.0
2021-12-29,0.4102,60.0,0.1656,24.0,0.3834,42.0,,,0.3429,27.0,0.3624,39.0,0.2226,33.0,0.3834,39.0,,,0.3557,12.0
2021-12-28,0.4551,68.0,0.1725,27.0,0.3888,44.0,,,0.3293,23.0,0.3621,39.0,0.2225,33.0,0.4303,51.0,,,0.4173,35.0
2021-12-27,0.4743,71.0,0.187,33.0,0.4627,59.0,,,0.3406,27.0,0.3623,39.0,0.2226,33.0,0.4621,57.0,,,0.3884,24.0
2021-12-23,0.458,68.0,0.2099,39.0,0.3743,40.0,,,0.322,21.0,0.3606,39.0,0.2216,32.0,0.4365,52.0,,,0.4131,34.0
2021-12-22,0.4301,64.0,0.2159,41.0,0.4451,56.0,,,0.3809,38.0,0.3583,38.0,0.2218,32.0,0.4636,57.0,,,0.4446,44.0
2021-12-21,0.4393,65.0,0.2178,42.0,0.4032,47.0,,,0.4014,43.0,0.3579,38.0,0.2219,33.0,0.4538,56.0,,,0.4676,50.0
2021-12-20,0.3721,54.0,0.2201,42.0,0.4489,57.0,,,0.4302,51.0,0.3549,37.0,0.2213,32.0,0.4687,59.0,,,0.4907,55.0
2021-12-17,0.2798,35.0,0.2132,40.0,0.3892,44.0,,,0.4125,46.0,0.3495,36.0,0.2207,32.0,0.4487,55.0,,,0.4776,52.0
2021-12-16,0.2518,27.0,0.207,38.0,0.4079,48.0,,,0.3777,37.0,0.3488,35.0,0.2212,32.0,0.4528,56.0,,,0.4659,50.0
2021-12-15,0.291,37.0,0.2074,39.0,0.4117,49.0,,,0.3528,30.0,0.3466,34.0,0.2214,32.0,0.4661,57.0,,,0.4689,51.0
2021-12-14,0.338,48.0,0.1884,33.0,0.3836,42.0,,,0.3595,32.0,0.3518,36.0,0.2197,31.0,0.4512,55.0,,,0.4789,52.0
2021-12-13,0.3318,47.0,0.2247,44.0,0.3301,30.0,,,0.3962,42.0,0.3555,37.0,0.2201,31.0,0.4444,54.0,,,0.4808,53.0
2021-12-10,0.3043,41.0,0.2582,52.0,0.3737,40.0,,,0.4411,53.0,0.3609,39.0,0.2247,34.0,0.4505,55.0,,,0.5274,62.0
2021-12-09,0.4682,70.0,0.3723,74.0,0.5586,75.0,,,0.383,38.0,0.3631,39.0,0.2252,34.0,0.38,38.0,,,0.389,24.0
2021-12-08,0.5804,81.0,0.3751,74.0,0.3933,45.0,,,0.3781,37.0,0.3629,39.0,0.2252,34.0,0.4473,54.0,,,0.4728,51.0
2021-12-07,0.5799,81.0,0.3903,76.0,0.3937,45.0,,,0.4312,51.0,0.3638,40.0,0.2267,35.0,0.4742,59.0,,,0.4647,50.0
2021-12-06,0.5829,81.0,0.3999,77.0,0.4965,66.0,,,0.5301,70.0,0.3598,38.0,0.2265,35.0,0.4908,62.0,,,0.4874,54.0
2021-12-03,0.5117,75.0,0.3856,76.0,0.5221,70.0,,,0.8409,94.0,0.3569,38.0,0.2262,35.0,0.3665,34.0,,,0.5252,61.0
2021-12-02,0.5037,74.0,0.3591,72.0,0.3623,37.0,,,0.502,65.0,0.3575,38.0,0.2236,34.0,0.3642,33.0,,,0.4698,51.0
2021-12-01,0.3801,55.0,0.3447,70.0,0.3928,45.0,,,0.7095,89.0,0.353,37.0,0.2218,32.0,0.3939,42.0,,,0.5869,72.0
2021-11-30,0.3533,50.0,0.2073,39.0,0.3888,44.0,,,0.7263,89.0,0.35,36.0,0.2125,28.0,0.344,27.0,,,0.4807,53.0
2021-11-29,0.2678,32.0,0.1931,35.0,0.4554,57.0,,,0.5231,69.0,0.3435,33.0,0.2117,28.0,0.4612,57.0,,,0.5373,64.0
2021-11-26,0.2704,32.0,0.1651,24.0,0.565,76.0,,,0.394,41.0,0.3435,33.0,0.21,27.0,0.431,51.0,,,0.4512,46.0
2021-11-24,0.1591,6.0,0.1233,10.0,0.423,51.0,,,0.4187,48.0,0.3393,32.0,0.2082,26.0,0.4487,55.0,,,0.4565,48.0
2021-11-23,0.1767,9.0,0.1398,15.0,0.3694,39.0,,,0.3605,32.0,0.3418,32.0,0.2085,26.0,0.4263,50.0,,,0.4517,46.0
2021-11-22,0.2449,26.0,0.1555,20.0,0.4071,48.0,,,0.3918,41.0,0.3418,32.0,0.2089,26.0,0.4341,52.0,,,0.4474,45.0
2021-11-19,0.2778,34.0,0.1332,13.0,0.3215,27.0,,,0.3586,32.0,0.3426,33.0,0.208,26.0,0.4219,49.0,,,0.4476,45.0
2021-11-18,0.2854,36.0,0.1424,16.0,0.3365,31.0,,,0.3599,32.0,0.3425,33.0,0.2094,27.0,0.4231,50.0,,,0.4446,44.0
2021-11-17,0.2854,36.0,0.1465,17.0,0.3007,21.0,,,0.4346,52.0,1.0744,93.0,0.2105,27.0,0.3961,43.0,,,0.456,48.0
2021-11-16,0.2928,38.0,0.1506,18.0,0.3899,44.0,,,0.4071,45.0,0.3436,33.0,0.2106,27.0,0.2851,8.0,,,0.5061,57.0
2021-11-15,0.3004,40.0,0.151,19.0,0.341,32.0,,,0.4914,63.0,1.0748,93.0,0.2109,28.0,0.4012,45.0,,,0.4433,44.0
2021-11-12,0.2505,27.0,0.1545,20.0,0.4988,66.0,,,0.3155,19.0,1.0746,93.0,0.2104,27.0,0.4614,57.0,,,0.3687,16.0
2021-11-11,0.2665,32.0,0.1796,30.0,0.4001,46.0,,,0.3798,37.0,1.0749,93.0,0.2108,28.0,0.4054,45.0,,,0.3956,27.0
2021-11-10,0.2645,31.0,0.1953,35.0,0.3462,34.0,,,0.394,41.0,1.0745,93.0,0.2115,28.0,0.3975,43.0,,,0.394,26.0
2021-11-09,0.2069,16.0,0.198,36.0,0.3831,42.0,,,0.3731,36.0,1.0752,93.0,0.2128,28.0,0.4116,47.0,,,0.4168,35.0
2021-11-08,0.2311,22.0,0.2003,36.0,0.3531,36.0,,,0.3673,34.0,0.3485,35.0,0.2146,28.0,0.4016,45.0,,,0.4161,35.0
2021-11-05,0.2227,20.0,0.1929,35.0,0.3506,35.0,,,0.3447,28.0,1.0767,93.0,0.217,30.0,0.3123,16.0,,,0.3994,28.0
2021-11-04,0.3516,50.0,0.1947,35.0,0.3923,45.0,,,0.3542,31.0,0.3579,38.0,0.2203,32.0,0.3931,42.0,,,0.4251,38.0
2021-11-03,0.3472,49.0,0.1929,35.0,0.3936,45.0,,,0.3072,17.0,1.0788,93.0,0.2221,33.0,0.4687,59.0,,,0.3382,8.0
2021-11-02,0.3463,49.0,0.1792,30.0,0.4629,59.0,,,0.3466,28.0,1.0777,93.0,0.2223,33.0,0.4044,45.0,,,0.4338,41.0
2021-11-01,0.333,47.0,0.1833,32.0,0.4003,46.0,,,0.3776,37.0,1.0781,93.0,0.2231,33.0,0.4134,48.0,,,0.4169,35.0
2021-10-29,0.3435,49.0,0.1749,28.0,0.3246,28.0,,,0.4016,43.0,1.0783,93.0,0.2235,34.0,0.3994,44.0,,,0.4415,43.0
2021-10-28,0.354,51.0,0.1696,26.0,0.3342,31.0,,,0.3629,33.0,1.08,93.0,0.2232,33.0,0.4213,49.0,,,0.4229,37.0
2021-10-27,0.3366,48.0,0.172,27.0,0.3474,34.0,,,0.3816,38.0,1.0797,93.0,0.2242,34.0,0.4104,47.0,,,0.4476,45.0
2021-10-26,0.2191,20.0,0.1657,25.0,0.3069,23.0,,,0.3844,39.0,1.0804,93.0,0.2257,34.0,0.4132,47.0,,,0.4324,40.0
2021-10-25,0.2139,18.0,0.1568,21.0,0.5351,72.0,,,0.3475,28.0,0.3617,39.0,0.2263,35.0,0.4723,59.0,,,0.3895,24.0
2021-10-22,0.3311,46.0,0.1699,26.0,0.3941,45.0,,,0.4264,50.0,0.3595,38.0,0.2255,34.0,0.3767,37.0,,,0.4478,45.0
2021-10-21,0.3308,46.0,0.1752,28.0,0.3261,28.0,,,0.3654,34.0,1.0796,93.0,0.2234,33.0,0.4213,49.0,,,0.4294,39.0
2021-10-20,0.2802,35.0,0.175,28.0,0.3185,26.0,,,0.3679,34.0,0.3588,38.0,0.2244,34.0,0.438,53.0,,,0.3631,14.0
2021-10-19,0.2838,36.0,0.1948,35.0,0.2679,11.0,,,0.3384,26.0,1.0797,93.0,0.2233,33.0,0.4163,48.0,,,0.4373,42.0
2021-10-18,0.2955,39.0,0.2047,38.0,0.4342,54.0,,,0.3236,22.0,0.3624,39.0,0.2242,34.0,0.5222,68.0,,,0.419,36.0
2021-10-15,0.309,42.0,0.2073,39.0,0.3382,32.0,,,0.3678,34.0,1.082,93.0,0.2238,34.0,0.4097,47.0,,,0.4346,41.0
2021-10-14,0.368,53.0,0.2367,47.0,0.3791,41.0,,,0.4127,46.0,0.3704,42.0,0.2276,35.0,0.4211,49.0,,,0.4275,39.0
2021-10-13,0.2556,28.0,0.2427,48.0,0.4602,59.0,,,0.4688,59.0,0.3646,40.0,0.226,35.0,0.3736,36.0,,,0.5253,62.0
2021-10-12,0.2729,33.0,0.2435,48.0,0.4352,54.0,,,0.4193,48.0,1.0805,93.0,0.2237,34.0,0.4439,54.0,,,0.4532,47.0
2021-10-11,0.3038,41.0,0.2903,59.0,0.4178,50.0,,,0.4125,46.0,1.0813,93.0,0.2235,34.0,0.412,47.0,,,0.4632,49.0
2021-10-08,0.3623,52.0,0.3001,62.0,0.4041,47.0,,,0.4177,48.0,1.0818,93.0,0.2229,33.0,0.4346,52.0,,,0.4522,47.0
2021-10-07,0.3732,54.0,0.2967,61.0,0.3751,41.0,,,0.6244,81.0,1.0824,93.0,0.2221,33.0,0.4324,52.0,,,0.4702,51.0
2021-10-06,0.325,45.0,0.3018,63.0,0.4614,59.0,,,0.4639,57.0,1.0809,93.0,0.2219,33.0,0.4596,57.0,,,0.4732,51.0
2021-10-05,0.3606,52.0,0.3119,65.0,0.4383,55.0,,,0.4596,57.0,1.081,93.0,0.2201,31.0,0.4392,53.0,,,0.4425,44.0
2021-10-04,0.3404,48.0,0.2872,59.0,0.4738,62.0,,,0.5288,70.0,1.0807,93.0,0.2181,31.0,0.4545,56.0,,,0.4868,54.0
2021-10-01,0.3713,54.0,0.2844,57.0,0.436,54.0,,,0.4634,57.0,1.0807,93.0,0.2168,30.0,0.4455,54.0,,,0.4715,51.0
2021-09-30,0.3943,57.0,0.3265,67.0,0.3906,44.0,,,0.6558,85.0,1.0803,93.0,0.2144,28.0,0.4034,45.0,,,0.5176,60.0
2021-09-29,0.3481,49.0,0.3513,71.0,0.4443,56.0,,,0.6157,80.0,1.0799,93.0,0.2128,28.0,0.4239,50.0,,,0.5276,62.0
2021-09-28,0.5222,76.0,0.3746,74.0,0.4065,48.0,,,0.5916,78.0,1.0806,93.0,0.2125,28.0,0.3651,34.0,,,0.4868,54.0
2021-09-27,0.5654,80.0,0.378,75.0,0.6987,89.0,,,0.3875,40.0,1.0807,93.0,0.212,28.0,0.4702,59.0,,,0.4396,43.0
2021-09-24,0.5451,79.0,0.3519,71.0,0.4386,55.0,,,0.3978,42.0,1.08,93.0,0.2093,27.0,0.4181,49.0,,,0.4445,44.0
2021-09-23,0.5933,82.0,0.3665,73.0,0.4628,59.0,,,0.3945,41.0,1.0799,93.0,0.2092,27.0,0.4576,56.0,,,0.4689,51.0
2021-09-22,0.5566,79.0,0.3676,73.0,0.4281,53.0,,,0.481,61.0,1.079,93.0,0.2081,26.0,0.43,51.0,,,0.4882,55.0
2021-09-21,0.4633,69.0,0.3047,63.0,0.3228,27.0,,,0.8619,95.0,0.3651,40.0,0.2044,24.0,0.3469,28.0,,,0.6096,76.0
2021-09-20,0.4597,68.0,0.2598,52.0,0.4998,67.0,,,0.5272,70.0,0.3666,41.0,0.2046,24.0,0.4579,57.0,,,0.5024,57.0
2021-09-17,0.3775,55.0,0.2201,42.0,0.4028,47.0,,,0.4185,48.0,0.3573,38.0,0.2026,22.0,0.44,53.0,,,0.4598,48.0
2021-09-16,0.316,43.0,0.204,38.0,0.3482,34.0,,,0.3776,37.0,1.0806,93.0,0.204,24.0,0.4246,50.0,,,0.4513,46.0
2021-09-15,0.2913,38.0,0.1999,36.0,0.3864,43.0,,,0.3402,26.0,1.0802,93.0,0.2042,24.0,0.4381,53.0,,,0.4484,46.0
2021-09-14,0.1681,8.0,0.1677,25.0,0.3836,42.0,,,0.4373,52.0,1.079,93.0,0.2044,24.0,0.4416,53.0,,,0.4599,49.0
2021-09-13,0.1781,9.0,0.1381,15.0,0.4398,55.0,,,0.3836,39.0,1.0788,93.0,0.2036,23.0,0.4452,54.0,,,0.4528,47.0
2021-09-10,0.1786,9.0,0.111,7.0,0.3547,36.0,,,0.4151,47.0,1.0793,93.0,0.2028,22.0,0.4314,51.0,,,0.4643,50.0
2021-09-09,0.1787,9.0,0.0859,2.0,0.3695,39.0,,,0.3883,40.0,0.3567,37.0,0.2034,23.0,0.4299,51.0,,,0.4478,45.0
2021-09-08,0.1521,5.0,0.0749,1.0,0.3471,34.0,,,0.4096,45.0,1.0794,93.0,0.2024,22.0,0.4293,51.0,,,0.4525,47.0
2021-09-07,0.2826,35.0,0.1088,6.0,0.3367,31.0,,,0.3877,40.0,1.0792,93.0,0.2026,22.0,0.4199,49.0,,,0.4459,45.0
2021-09-03,0.2919,38.0,0.1144,8.0,0.3439,33.0,,,0.3462,28.0,1.0796,93.0,0.2027,22.0,0.4148,48.0,,,0.4452,44.0
2021-09-02,0.2886,37.0,0.1246,11.0,0.329,28.0,,,0.3035,16.0,0.3594,38.0,0.2059,25.0,0.4182,49.0,,,0.4373,42.0
2021-09-01,0.2956,39.0,0.1221,10.0,0.3565,36.0,,,0.5323,71.0,0.3597,38.0,0.2066,26.0,0.412,47.0,,,0.4359,42.0
2021-08-31,0.3176,44.0,0.1141,8.0,0.3157,25.0,,,0.3916,41.0,1.0825,94.0,0.2097,27.0,0.3627,33.0,,,0.4317,40.0
2021-08-30,0.2983,39.0,0.1201,9.0,0.3477,34.0,,,0.4125,46.0,1.0856,94.0,0.2167,30.0,0.3913,42.0,,,0.4458,45.0
2021-08-27,0.3938,57.0,0.1329,13.0,0.4554,57.0,,,0.2512,4.0,1.0874,94.0,0.2207,32.0,0.4426,53.0,,,0.4029,30.0
2021-08-26,0.3705,54.0,0.1337,13.0,0.321,27.0,,,0.4037,44.0,1.0861,94.0,0.2201,31.0,0.4071,46.0,,,0.381,21.0
2021-08-25,0.3866,57.0,0.1614,23.0,0.3405,32.0,,,0.3493,28.0,1.0865,94.0,0.2199,31.0,0.4236,50.0,,,0.4413,43.0
2021-08-24,0.3845,56.0,0.1643,24.0,0.3231,27.0,,,0.3327,24.0,1.0887,94.0,0.2202,32.0,0.4241,50.0,,,0.445,44.0
2021-08-23,0.3603,52.0,0.1645,24.0,0.3353,31.0,,,0.3786,37.0,1.0888,94.0,0.2212,32.0,0.4253,50.0,,,0.4416,43.0
2021-08-20,0.2577,28.0,0.1701,27.0,0.3625,38.0,,,0.3773,37.0,1.0901,94.0,0.2212,32.0,0.436,52.0,,,0.456,48.0
2021-08-19,0.351,50.0,0.1818,31.0,0.5432,73.0,,,0.4379,52.0,1.0904,94.0,0.222,33.0,0.4519,55.0,,,0.4656,50.0
2021-08-18,0.3864,57.0,0.1917,34.0,0.3749,41.0,,,0.3954,42.0,1.0896,94.0,0.2227,33.0,0.4216,49.0,,,0.4444,44.0
2021-08-17,0.3498,50.0,0.1734,28.0,0.4079,48.0,,,0.3419,27.0,1.0897,94.0,0.2232,33.0,0.4333,52.0,,,0.4137,34.0
2021-08-16,0.3238,45.0,0.1498,18.0,0.3609,37.0,,,0.3608,32.0,1.0913,94.0,0.2231,33.0,0.4124,47.0,,,0.4096,32.0
2021-08-13,0.2947,38.0,0.158,21.0,0.3198,26.0,,,0.3779,37.0,1.0915,94.0,0.2227,33.0,0.3982,44.0,,,0.4142,34.0
2021-08-12,0.3566,51.0,0.1822,31.0,0.3572,36.0,,,0.3243,22.0,0.3853,45.0,0.2241,34.0,0.4077,46.0,,,0.4143,34.0
2021-08-11,0.3488,49.0,0.1778,28.0,0.5004,67.0,,,0.2956,14.0,1.0916,94.0,0.223,33.0,0.4402,53.0,,,0.3929,26.0
2021-08-10,0.379,55.0,0.2258,44.0,0.4433,55.0,,,0.5088,67.0,0.3833,44.0,0.2235,34.0,0.4433,54.0,,,0.3965,27.0
2021-08-09,0.3177,44.0,0.2211,43.0,0.6501,85.0,,,0.3801,37.0,1.0897,94.0,0.2224,33.0,0.4107,47.0,,,0.397,27.0
2021-08-06,0.3674,53.0,0.2286,45.0,0.3326,30.0,,,0.3223,22.0,1.0898,94.0,0.2233,33.0,0.3685,35.0,,,0.4148,34.0
2021-08-05,0.3287,46.0,0.2289,45.0,0.3619,37.0,,,0.333,24.0,1.089,94.0,0.2231,33.0,0.3611,33.0,,,0.4087,32.0
2021-08-04,0.3279,46.0,0.2205,43.0,0.3923,45.0,,,0.4588,57.0,1.0897,94.0,0.2233,33.0,0.3467,28.0,,,0.5144,59.0
2021-08-03,0.2959,39.0,0.2045,38.0,0.4654,60.0,,,0.3941,41.0,0.3825,44.0,0.2246,34.0,0.4183,49.0,,,0.3941,26.0
2021-08-02,0.2961,39.0,0.2156,41.0,0.4469,56.0,,,0.5538,74.0,1.0902,94.0,0.2237,34.0,0.3195,19.0,,,0.5092,57.0
2021-07-30,0.1894,12.0,0.1753,28.0,0.4203,51.0,,,0.4227,49.0,1.0898,94.0,0.2209,32.0,0.3888,41.0,,,0.4227,37.0
2021-07-29,0.2008,14.0,0.1709,27.0,0.4102,48.0,,,0.3672,34.0,1.0905,94.0,0.2218,32.0,0.4103,47.0,,,0.4201,36.0
2021-07-28,0.1966,13.0,0.1783,30.0,0.425,52.0,,,0.3629,33.0,1.0904,94.0,0.2217,32.0,0.4128,47.0,,,0.4241,38.0
2021-07-27,0.3845,56.0,0.1892,34.0,0.4688,61.0,,,0.3548,31.0,1.0919,94.0,0.2241,34.0,0.4323,51.0,,,0.4351,41.0
2021-07-26,0.4855,72.0,0.202,37.0,0.4827,63.0,,,0.3857,39.0,0.3919,46.0,0.2262,35.0,0.4272,51.0,,,0.4176,35.0
2021-07-23,0.4691,70.0,0.1994,36.0,0.3871,43.0,,,0.3747,36.0,1.0974,94.0,0.2286,36.0,0.4284,51.0,,,0.4158,35.0
2021-07-22,0.4508,67.0,0.1849,32.0,0.4183,50.0,,,0.3623,33.0,1.0976,94.0,0.2294,36.0,0.4252,50.0,,,0.4909,55.0
2021-07-21,0.4656,69.0,0.1757,28.0,0.4114,49.0,,,0.4035,44.0,1.0976,94.0,0.232,37.0,0.4027,45.0,,,0.4525,47.0
2021-07-20,0.4298,64.0,0.1656,24.0,0.4879,64.0,,,0.4042,44.0,1.0969,94.0,0.2316,37.0,0.4662,57.0,,,0.4222,37.0
2021-07-19,0.4888,73.0,0.1719,27.0,0.7059,89.0,,,0.6296,82.0,1.0969,94.0,0.2324,37.0,0.5164,67.0,,,0.4583,48.0
2021-07-16,0.4618,69.0,0.1602,22.0,0.3063,22.0,,,0.4609,57.0,0.4019,48.0,0.2329,37.0,0.3595,32.0,,,0.4535,47.0
2021-07-15,0.4078,60.0,0.1695,26.0,0.4337,54.0,,,0.4056,44.0,1.0947,94.0,0.2311,37.0,0.4175,48.0,,,0.4269,39.0
2021-07-14,0.4663,69.0,0.2403,48.0,0.3919,45.0,,,0.391,40.0,1.0959,94.0,0.2318,37.0,0.4158,48.0,,,0.4269,39.0
2021-07-13,0.4679,70.0,0.2408,48.0,0.3331,30.0,,,0.4677,59.0,1.0959,94.0,0.232,37.0,0.3843,40.0,,,0.4458,45.0
2021-07-12,0.4419,66.0,0.2302,45.0,0.3047,22.0,,,0.4122,46.0,0.4013,48.0,0.2326,37.0,0.4477,55.0,,,0.4122,33.0
2021-07-09,0.4422,66.0,0.2341,46.0,0.3712,40.0,,,0.2842,11.0,1.0968,94.0,0.2343,38.0,0.412,47.0,,,0.4995,57.0
2021-07-08,0.3387,48.0,0.2271,44.0,0.4102,48.0,,,0.3994,43.0,1.0946,94.0,0.2349,38.0,0.4126,47.0,,,0.4275,39.0
2021-07-07,0.2806,35.0,0.2224,43.0,0.4122,49.0,,,0.3394,26.0,1.094,94.0,0.2363,38.0,0.403,45.0,,,0.4071,31.0
2021-07-06,0.2503,27.0,0.1987,36.0,0.3549,36.0,,,0.4323,51.0,1.094,94.0,0.2356,38.0,0.3912,42.0,,,0.4333,40.0
2021-07-02,0.0924,1.0,0.1119,7.0,0.3299,28.0,,,0.3764,36.0,1.1009,94.0,0.2348,38.0,0.395,43.0,,,0.4042,30.0
2021-07-01,0.1476,5.0,0.1396,15.0,0.3633,38.0,,,0.4066,45.0,1.1037,95.0,0.2365,38.0,0.3702,35.0,,,0.3913,25.0
2021-06-30,0.1365,4.0,0.1588,22.0,0.4523,57.0,,,0.3421,27.0,1.1036,95.0,0.238,39.0,0.3946,42.0,,,0.3886,24.0
2021-06-29,0.2939,38.0,0.1705,27.0,0.3773,41.0,,,0.4671,59.0,1.1035,95.0,0.2377,39.0,0.3874,41.0,,,0.4658,50.0
2021-06-28,0.3799,55.0,0.1817,31.0,0.3752,41.0,,,0.432,51.0,1.1045,95.0,0.2372,38.0,0.4008,44.0,,,0.4462,45.0
2021-06-25,0.4749,71.0,0.2642,53.0,0.4195,50.0,,,0.4424,53.0,0.4202,53.0,0.2394,39.0,0.4009,44.0,,,0.448,45.0
2021-06-24,0.4915,73.0,0.2805,57.0,0.3822,42.0,,,0.4068,45.0,1.1046,95.0,0.2395,39.0,0.3774,37.0,,,0.44,43.0
2021-06-23,0.4796,72.0,0.2844,57.0,0.35,35.0,,,0.4878,63.0,1.1047,95.0,0.2395,39.0,0.3161,17.0,,,0.451,46.0
2021-06-22,0.4826,72.0,0.2932,60.0,0.3784,41.0,,,0.3352,25.0,0.4199,53.0,0.24,39.0,0.3272,21.0,,,0.3329,7.0
2021-06-21,0.4762,71.0,0.2896,59.0,0.3911,44.0,,,0.346,28.0,0.4205,53.0,0.2392,39.0,0.4165,48.0,,,0.4055,31.0
2021-06-18,0.2735,33.0,0.2946,61.0,0.3975,46.0,,,0.4658,59.0,1.1028,95.0,0.2384,39.0,0.402,45.0,,,0.4665,50.0
2021-06-17,0.256,28.0,0.2798,57.0,0.425,52.0,,,0.3835,39.0,1.1019,95.0,0.2376,39.0,0.4141,48.0,,,0.4303,40.0
2021-06-16,0.201,14.0,0.2086,39.0,0.5035,67.0,,,0.3477,28.0,1.1008,94.0,0.2331,37.0,0.3891,41.0,,,0.3477,10.0
2021-06-15,0.1882,11.0,0.2022,37.0,0.3862,43.0,,,0.3675,34.0,1.1002,94.0,0.2321,37.0,0.4193,49.0,,,0.4335,41.0
2021-06-14,0.2142,18.0,0.1897,34.0,0.3804,42.0,,,0.4438,54.0,1.1013,94.0,0.2322,37.0,0.3801,38.0,,,0.4845,54.0
2021-06-11,0.1946,13.0,0.1531,19.0,0.371,39.0,,,0.382,38.0,1.1014,94.0,0.2333,38.0,0.3936,42.0,,,0.4571,48.0
2021-06-10,0.1947,13.0,0.1361,14.0,0.3119,24.0,,,0.3901,40.0,1.1015,94.0,0.2328,37.0,0.3815,39.0,,,0.4615,49.0
2021-06-09,0.3133,42.0,0.1096,6.0,0.3729,40.0,,,0.4119,46.0,1.1015,94.0,0.232,37.0,0.409,46.0,,,0.393,26.0
2021-06-08,0.2975,39.0,0.128,12.0,0.418,50.0,,,0.3463,28.0,1.1014,94.0,0.2334,38.0,0.4534,56.0,,,0.4372,42.0
2021-06-07,0.3167,43.0,0.1195,9.0,0.3828,42.0,,,0.4679,59.0,1.1015,94.0,0.2331,37.0,0.428,51.0,,,0.4821,53.0
2021-06-04,0.2568,28.0,0.1385,15.0,0.4159,49.0,,,0.4379,52.0,1.1012,94.0,0.2324,37.0,0.4292,51.0,,,0.4564,48.0
2021-06-03,4.3255,100.0,0.168,25.0,0.4664,60.0,,,0.4038,44.0,1.1031,95.0,0.2333,38.0,0.4234,50.0,,,0.4189,36.0
2021-06-02,4.3496,100.0,0.1772,28.0,0.3501,35.0,,,0.4175,48.0,1.1033,95.0,0.2339,38.0,0.4252,50.0,,,0.4789,52.0
2021-06-01,4.3704,100.0,0.1895,34.0,0.3824,42.0,,,0.3683,34.0,1.1034,95.0,0.2339,38.0,0.4455,54.0,,,0.4461,45.0
2021-05-28,4.3372,100.0,0.1847,32.0,0.3864,43.0,,,0.4047,44.0,1.1029,95.0,0.2342,38.0,0.4412,53.0,,,0.4454,45.0
2021-05-27,4.3053,100.0,0.1955,35.0,0.4089,48.0,,,0.4382,52.0,1.1033,95.0,0.2347,38.0,0.4468,54.0,,,0.4759,52.0
2021-05-26,4.2654,100.0,0.2088,39.0,0.3655,38.0,,,0.453,56.0,1.1032,95.0,0.2348,38.0,0.4492,55.0,,,0.4998,57.0
2021-05-24,0.3838,56.0,0.229,45.0,0.4511,57.0,,,0.479,61.0,0.419,53.0,0.235,38.0,0.4822,61.0,,,0.501,57.0
2021-05-21,0.4112,61.0,0.2674,54.0,0.4571,57.0,,,0.4952,64.0,0.4195,53.0,0.2347,38.0,0.4544,56.0,,,0.5078,57.0
2021-05-20,0.556,79.0,0.3068,64.0,0.4719,61.0,,,0.5001,65.0,0.4196,53.0,0.2343,38.0,0.4719,59.0,,,0.5001,57.0
2021-05-19,0.5625,80.0,0.3359,69.0,0.5804,78.0,,,0.5094,67.0,0.4195,53.0,0.2349,38.0,0.5185,67.0,,,0.5094,57.0
2021-05-18,0.5165,76.0,0.3465,70.0,0.5032,67.0,,,0.7297,90.0,0.4162,51.0,0.2347,38.0,0.4681,59.0,,,0.5265,62.0
2021-05-17,0.5112,75.0,0.3564,72.0,0.6194,82.0,,,0.5238,69.0,0.4148,51.0,0.2343,38.0,0.5378,71.0,,,0.4399,43.0
2021-05-14,0.5058,75.0,0.3491,71.0,0.6516,85.0,,,0.5248,69.0,0.416,51.0,0.2327,37.0,0.5039,65.0,,,0.5294,62.0
2021-05-13,0.5217,76.0,0.3408,69.0,0.4644,60.0,,,0.5039,66.0,0.4177,52.0,0.2326,37.0,0.5035,65.0,,,0.4355,41.0
2021-05-12,0.4969,74.0,0.3064,63.0,0.4784,63.0,,,0.7409,90.0,0.4209,53.0,0.2323,37.0,0.4451,54.0,,,0.5552,67.0
2021-05-11,0.2605,30.0,0.2841,57.0,0.9915,98.0,,,0.4697,59.0,0.4155,51.0,0.2311,37.0,0.484,61.0,,,0.4919,55.0
2021-05-10,0.363,52.0,0.2685,54.0,0.4094,48.0,,,0.9249,96.0,0.4155,51.0,0.2301,36.0,0.4217,49.0,,,0.5112,59.0
2021-05-07,0.3294,46.0,0.239,47.0,0.4807,63.0,,,0.5898,78.0,0.4247,54.0,0.2323,37.0,0.4675,57.0,,,0.4343,41.0
2021-05-06,0.327,46.0,0.1899,34.0,0.5408,73.0,,,0.4306,51.0,0.4237,54.0,0.2303,36.0,0.4635,57.0,,,0.4404,43.0
2021-05-05,0.339,48.0,0.1673,25.0,0.4064,48.0,,,0.4487,55.0,0.4408,57.0,0.2326,37.0,0.4476,55.0,,,0.4058,31.0
2021-05-04,0.2932,38.0,0.172,27.0,0.5409,73.0,,,0.4106,46.0,0.4419,57.0,0.2357,38.0,0.4451,54.0,,,0.4106,33.0
2021-05-03,0.3395,48.0,0.1398,15.0,0.4063,48.0,,,0.4326,51.0,0.4443,57.0,0.2358,38.0,0.4063,46.0,,,0.4326,40.0
2021-04-30,0.3855,56.0,0.1121,7.0,0.4172,50.0,,,0.42,48.0,0.4524,59.0,0.2375,38.0,0.4172,48.0,,,0.4856,54.0
2021-04-26,0.4806,72.0,0.1819,31.0,0.4924,65.0,,,0.5179,68.0,0.4662,61.0,0.2496,40.0,0.4924,62.0,,,0.5179,60.0
2021-04-23,0.4844,72.0,0.1864,33.0,0.4412,55.0,,,0.4646,57.0,0.4733,62.0,0.2513,40.0,0.3997,44.0,,,0.4148,34.0
2021-04-22,0.4541,68.0,0.1861,33.0,0.3577,37.0,,,0.4463,54.0,0.4713,62.0,0.2513,40.0,0.3941,42.0,,,0.4505,46.0
2021-04-21,0.3619,52.0,0.1666,25.0,0.417,50.0,,,0.3726,35.0,0.4677,61.0,0.2522,41.0,0.4316,51.0,,,0.4023,30.0
2021-04-20,0.2961,39.0,0.0776,2.0,0.3784,41.0,,,0.4712,60.0,0.4657,61.0,0.2507,40.0,0.418,49.0,,,0.4596,48.0
2021-04-19,0.2126,17.0,0.075,1.0,0.3776,41.0,,,0.4214,49.0,0.464,61.0,0.2515,40.0,0.4105,47.0,,,0.4248,38.0
2021-04-16,0.1803,10.0,0.0759,1.0,0.4087,48.0,,,0.3679,34.0,0.4658,61.0,0.2534,41.0,0.4087,46.0,,,0.4079,32.0
2021-04-14,0.2496,27.0,0.1108,7.0,0.4537,57.0,,,0.3996,43.0,0.4646,61.0,0.2545,41.0,0.433,52.0,,,0.532,63.0
2021-04-13,0.2639,31.0,0.1195,9.0,0.3336,30.0,,,0.3327,24.0,0.4642,61.0,0.2549,42.0,0.3336,23.0,,,0.3327,7.0
2021-04-12,0.2779,34.0,0.1222,10.0,0.4332,54.0,,,0.4034,44.0,0.4648,61.0,0.2557,42.0,0.4242,50.0,,,0.4375,42.0
2021-04-08,0.2724,33.0,0.1234,10.0,0.3853,43.0,,,0.4621,57.0,0.4655,61.0,0.2561,42.0,0.4367,52.0,,,0.4621,49.0
2021-04-05,0.3632,52.0,0.231,45.0,0.4135,49.0,,,0.4395,53.0,0.4695,61.0,0.2592,43.0,0.4373,52.0,,,0.5331,63.0
2021-04-01,0.3597,52.0,0.2416,48.0,0.4442,56.0,,,0.4023,44.0,0.4715,62.0,0.2602,43.0,0.4632,57.0,,,0.4441,44.0
2021-03-31,0.5358,78.0,0.2895,59.0,0.3858,43.0,,,0.4669,59.0,0.4713,62.0,0.2602,43.0,0.4436,54.0,,,0.4842,54.0
2021-03-30,0.5373,78.0,0.2939,60.0,0.4529,57.0,,,0.4317,51.0,0.4736,62.0,0.2619,45.0,0.45,55.0,,,0.4635,49.0
2021-03-29,0.5353,78.0,0.3145,65.0,0.5963,79.0,,,0.3528,30.0,0.474,62.0,0.2634,46.0,0.4443,54.0,,,0.3528,11.0
2021-03-26,0.5396,78.0,0.3199,66.0,0.4176,50.0,,,0.47,59.0,0.4742,62.0,0.2639,46.0,0.4938,63.0,,,0.47,51.0
2021-03-25,0.4137,61.0,0.3003,62.0,0.4609,59.0,,,0.3983,43.0,0.4697,61.0,0.2643,47.0,0.4729,59.0,,,0.4907,55.0
2021-03-24,0.3827,56.0,0.2429,48.0,0.4605,59.0,,,0.396,42.0,0.4691,61.0,0.2619,45.0,0.4553,56.0,,,0.5224,61.0
2021-03-23,0.3536,50.0,0.2364,47.0,0.4313,53.0,,,0.5526,74.0,0.4688,61.0,0.2631,46.0,0.4753,60.0,,,0.5291,62.0
2021-03-22,0.193,12.0,0.1785,30.0,0.4526,57.0,,,0.454,56.0,0.4709,61.0,0.2645,47.0,0.495,63.0,,,0.5265,62.0
2021-03-19,0.2201,20.0,0.1715,27.0,0.449,57.0,,,0.4753,60.0,0.4721,62.0,0.2659,47.0,0.5075,65.0,,,0.5248,61.0
2021-03-18,0.3159,43.0,0.1739,28.0,0.4383,55.0,,,0.537,71.0,0.4955,65.0,0.2741,50.0,0.4015,45.0,,,0.537,63.0
2021-03-16,0.3037,41.0,0.2504,50.0,0.5111,68.0,,,0.4311,51.0,0.4976,65.0,0.274,50.0,0.5111,66.0,,,0.5947,73.0
2021-03-15,0.3022,40.0,0.3397,69.0,0.473,62.0,,,0.4434,54.0,0.4966,65.0,0.2741,50.0,0.5325,70.0,,,0.6146,77.0
2021-03-12,0.5149,76.0,0.3778,75.0,0.473,62.0,,,0.4842,62.0,0.4966,65.0,0.2737,50.0,0.5187,67.0,,,0.6178,77.0
2021-03-11,0.558,80.0,0.3782,75.0,0.4746,62.0,,,0.4683,59.0,0.4977,65.0,0.2736,50.0,0.5047,65.0,,,0.5403,64.0
2021-03-10,0.5594,80.0,0.3765,74.0,0.4806,63.0,,,0.5063,66.0,0.498,65.0,0.2741,50.0,0.5159,67.0,,,0.5274,62.0
2021-03-09,0.5712,81.0,0.3643,72.0,0.4521,57.0,,,0.5106,67.0,0.4967,65.0,0.273,50.0,0.5163,67.0,,,0.5392,64.0
2021-03-08,0.6159,84.0,0.3664,73.0,0.436,54.0,,,0.5378,72.0,0.502,66.0,0.2736,50.0,0.5136,66.0,,,0.547,65.0
2021-03-05,0.6904,88.0,0.3172,66.0,0.4935,65.0,,,0.4927,64.0,0.5046,66.0,0.27,49.0,0.5107,66.0,,,0.5346,63.0
2021-03-04,0.5946,82.0,0.2364,47.0,0.5054,68.0,,,0.5132,67.0,0.4993,65.0,0.266,47.0,0.5416,72.0,,,0.5744,70.0
2021-03-03,0.5319,77.0,0.1834,32.0,0.3637,38.0,,,0.4972,65.0,0.503,66.0,0.268,48.0,0.5135,66.0,,,0.572,70.0
2021-03-02,0.5273,77.0,0.2046,38.0,0.4171,50.0,,,0.4887,63.0,0.5064,66.0,0.2704,49.0,0.5018,64.0,,,0.5482,65.0
2021-03-01,0.5716,81.0,0.2263,44.0,0.4855,64.0,,,0.4585,56.0,0.5095,66.0,0.2752,51.0,0.5201,68.0,,,0.5607,68.0
2021-02-26,0.5277,77.0,0.2156,41.0,0.5032,67.0,,,0.5643,75.0,0.5078,66.0,0.2752,51.0,0.5183,67.0,,,0.5798,71.0
2021-02-25,0.5029,74.0,0.2031,37.0,0.53,71.0,,,0.5289,70.0,0.5071,66.0,0.2749,51.0,0.5486,73.0,,,0.5878,73.0
2021-02-24,0.333,47.0,0.2075,39.0,0.5184,69.0,,,0.5425,72.0,0.5009,65.0,0.275,51.0,0.5455,73.0,,,0.5586,67.0
2021-02-23,0.3276,46.0,0.1874,33.0,0.5264,71.0,,,0.5155,68.0,0.5007,65.0,0.2746,51.0,0.5744,78.0,,,0.5475,65.0
2021-02-22,0.3267,45.0,0.1857,33.0,0.5217,70.0,,,0.398,42.0,0.5008,65.0,0.2739,50.0,0.5641,76.0,,,0.5541,66.0
2021-02-19,0.3413,48.0,0.1758,28.0,0.4734,62.0,,,0.3998,43.0,0.5029,66.0,0.2729,50.0,0.5396,72.0,,,0.5589,67.0
2021-02-18,0.217,19.0,0.15,18.0,0.4728,61.0,,,0.507,66.0,0.5004,65.0,0.272,50.0,0.5521,74.0,,,0.571,69.0
2021-02-17,0.2335,23.0,0.1719,27.0,0.4936,65.0,,,0.4505,55.0,0.4993,65.0,0.272,50.0,0.5358,71.0,,,0.5387,64.0
2021-02-16,0.2893,37.0,0.1923,34.0,0.4892,64.0,,,0.5323,71.0,0.4996,65.0,0.2719,50.0,0.5211,68.0,,,0.5478,65.0
2021-02-12,0.3113,42.0,0.1946,35.0,0.4861,64.0,,,0.4789,61.0,0.5,65.0,0.2717,49.0,0.5269,69.0,,,0.5281,62.0
2021-02-11,0.3055,41.0,0.2004,37.0,0.4537,57.0,,,0.497,65.0,0.5002,65.0,0.2718,50.0,0.5321,70.0,,,0.5402,64.0
2021-02-10,0.3335,47.0,0.2102,40.0,0.5258,71.0,,,0.5288,70.0,0.5002,65.0,0.271,49.0,0.514,66.0,,,0.5547,67.0
2021-02-09,0.319,44.0,0.2002,36.0,0.4841,64.0,,,0.4717,60.0,0.4996,65.0,0.2704,49.0,0.519,68.0,,,0.5367,63.0
2021-02-08,0.4405,65.0,0.2445,49.0,0.4728,61.0,,,0.424,49.0,0.4991,65.0,0.2704,49.0,0.5224,68.0,,,0.5335,63.0
2021-02-05,0.4897,73.0,0.2466,49.0,0.4249,52.0,,,0.452,55.0,0.4984,65.0,0.2695,48.0,0.5344,71.0,,,0.5409,64.0
2021-02-04,0.6516,86.0,0.2882,59.0,0.4667,60.0,,,0.528,70.0,0.4975,65.0,0.2687,48.0,0.4667,57.0,,,0.528,62.0
2021-02-03,0.6697,87.0,0.3036,63.0,0.468,60.0,,,0.5145,67.0,0.4971,65.0,0.2691,48.0,0.6612,89.0,,,0.5061,57.0
2021-02-02,0.6652,86.0,0.3455,70.0,0.568,76.0,,,0.4305,51.0,0.4979,65.0,0.2689,48.0,0.6629,89.0,,,0.6513,82.0
2021-02-01,0.624,84.0,0.3277,67.0,0.9797,97.0,,,0.9991,97.0,0.4999,65.0,0.268,48.0,0.7281,95.0,,,0.7377,93.0
2021-01-29,0.5691,80.0,0.3425,70.0,0.7253,91.0,,,0.6998,88.0,0.499,65.0,0.2677,48.0,0.5561,75.0,,,0.6912,87.0
2021-01-28,0.5639,80.0,0.3125,65.0,0.6729,87.0,,,2.627,100.0,0.4948,64.0,0.266,47.0,0.6444,87.0,,,0.5968,74.0
2021-01-27,0.4366,65.0,0.2986,62.0,0.6705,87.0,,,0.8861,96.0,0.491,64.0,0.265,47.0,0.5886,80.0,,,0.615,77.0
2021-01-26,0.3335,47.0,0.2573,52.0,0.5854,78.0,,,0.7107,89.0,0.4852,63.0,0.262,45.0,0.6156,83.0,,,0.607,75.0
2021-01-25,0.3266,45.0,0.2351,47.0,0.6501,85.0,,,0.5294,70.0,0.4837,63.0,0.2605,44.0,0.5624,76.0,,,0.5679,69.0
2021-01-22,0.3318,47.0,0.1635,24.0,0.5908,79.0,,,0.4577,56.0,0.4883,64.0,0.2577,43.0,0.5515,74.0,,,0.5315,63.0
2021-01-21,0.4339,65.0,0.2245,44.0,0.4276,53.0,,,0.589,78.0,0.4899,64.0,0.2579,43.0,0.4809,61.0,,,0.6137,76.0
2021-01-20,0.3749,55.0,0.2241,44.0,0.4653,60.0,,,0.4694,59.0,0.4863,63.0,0.2567,42.0,0.4945,63.0,,,0.5498,66.0
2021-01-19,0.3742,54.0,0.2525,51.0,0.4928,65.0,,,0.48,61.0,0.4866,63.0,0.2576,43.0,0.5055,65.0,,,0.5666,69.0
2021-01-15,0.3818,56.0,0.2578,52.0,0.4671,60.0,,,0.5263,70.0,0.4867,63.0,0.2583,43.0,0.5208,68.0,,,0.5648,68.0
2021-01-14,0.5912,82.0,0.2875,59.0,0.392,45.0,,,0.5228,69.0,0.4834,63.0,0.2578,43.0,0.414,48.0,,,0.4397,43.0
2021-01-13,0.6167,84.0,0.309,64.0,0.3996,46.0,,,0.6276,82.0,0.4842,63.0,0.2586,43.0,0.4846,61.0,,,0.5699,69.0
2021-01-12,0.5846,81.0,0.3276,67.0,0.5748,77.0,,,0.5042,66.0,0.4829,63.0,0.2585,43.0,0.54,72.0,,,0.5257,62.0
2021-01-11,0.5895,82.0,0.2886,59.0,0.5445,73.0,,,0.4967,64.0,0.4811,63.0,0.2562,42.0,0.5512,74.0,,,0.513,59.0
2021-01-08,0.5679,80.0,0.266,54.0,0.6224,82.0,,,0.568,76.0,0.4881,64.0,0.2583,43.0,0.4576,56.0,,,0.5284,62.0
2021-01-07,0.5558,79.0,0.2576,52.0,0.438,54.0,,,0.5112,67.0,0.4877,64.0,0.2626,45.0,0.4976,63.0,,,0.5215,61.0
2021-01-06,0.5959,82.0,0.2691,54.0,0.5367,72.0,,,0.5208,69.0,0.4933,64.0,0.2648,47.0,0.4976,63.0,,,0.5451,65.0
2021-01-05,0.3789,55.0,0.2223,43.0,0.5846,78.0,,,0.5151,67.0,0.4788,62.0,0.2623,45.0,0.5076,65.0,,,0.53,63.0
2021-01-04,0.2295,22.0,0.1996,36.0,0.5011,67.0,,,0.5347,71.0,0.4744,62.0,0.2672,48.0,0.501,64.0,,,0.5725,70.0
2020-12-31,0.2365,24.0,0.1627,23.0,0.4655,60.0,,,0.3738,36.0,0.4763,62.0,0.2716,49.0,0.4999,64.0,,,0.5531,66.0
2020-12-30,0.266,31.0,0.186,33.0,0.411,49.0,,,0.4662,59.0,0.4763,62.0,0.2723,50.0,0.5028,65.0,,,0.5371,63.0
2020-12-29,0.1736,8.0,0.1913,34.0,0.4549,57.0,,,0.4858,62.0,0.4765,62.0,0.2746,51.0,0.4765,60.0,,,0.5509,66.0
2020-12-28,0.2364,24.0,0.1627,23.0,0.3705,39.0,,,0.5935,78.0,0.479,62.0,0.2784,52.0,0.5053,65.0,,,0.5785,71.0
2020-12-24,0.2242,21.0,0.1277,12.0,0.5521,74.0,,,0.3973,42.0,0.4791,62.0,0.2785,52.0,0.5184,67.0,,,0.5398,64.0
2020-12-23,0.2924,38.0,0.1396,15.0,0.4211,51.0,,,0.5448,73.0,0.4811,63.0,0.2795,52.0,0.4962,63.0,,,0.5769,70.0
2020-12-22,0.3376,48.0,0.1976,36.0,0.46,59.0,,,0.5171,68.0,0.4833,63.0,0.2798,52.0,0.4942,63.0,,,0.6155,77.0
2020-12-21,0.342,48.0,0.1994,36.0,0.5034,67.0,,,0.411,46.0,0.4847,63.0,0.2799,52.0,0.5101,66.0,,,0.5652,68.0
2020-12-18,0.3251,45.0,0.1838,32.0,0.4409,55.0,,,0.4188,48.0,0.4809,62.0,0.2564,42.0,0.529,70.0,,,0.5448,65.0
2020-12-17,0.3268,46.0,0.2078,39.0,0.4934,65.0,,,0.4916,63.0,0.4955,65.0,0.2817,52.0,0.4931,63.0,,,0.5494,66.0
2020-12-16,0.3003,40.0,0.2079,39.0,0.4646,60.0,,,0.5591,75.0,0.4947,64.0,0.2818,52.0,0.5165,67.0,,,0.5907,73.0
2020-12-15,0.3157,43.0,0.208,39.0,0.4635,59.0,,,0.508,66.0,0.4946,64.0,0.2819,52.0,0.4877,61.0,,,0.5823,71.0
2020-12-14,0.3705,54.0,0.2123,40.0,0.4664,60.0,,,0.4844,62.0,0.4928,64.0,0.2817,52.0,0.5029,65.0,,,0.59,73.0
2020-12-11,0.3537,50.0,0.1676,25.0,0.4475,56.0,,,0.4713,60.0,0.4915,64.0,0.2796,52.0,0.4722,59.0,,,0.5419,64.0
2020-12-10,0.3699,54.0,0.1662,25.0,0.4242,52.0,,,0.4734,60.0,0.4871,63.0,0.2546,41.0,0.4507,55.0,,,0.5378,64.0
2020-12-09,0.3838,56.0,0.173,28.0,0.3538,36.0,,,0.5416,72.0,0.4924,64.0,0.2798,52.0,0.4475,54.0,,,0.5544,67.0
2020-12-08,0.4171,62.0,0.1658,25.0,0.5985,80.0,,,0.4134,47.0,0.493,64.0,0.2851,53.0,0.494,63.0,,,0.5197,60.0
2020-12-07,0.4237,63.0,0.1685,26.0,0.3517,35.0,,,0.5082,66.0,0.4949,64.0,0.2949,55.0,0.4383,53.0,,,0.5321,63.0
2020-12-04,0.4345,65.0,0.171,27.0,0.6149,81.0,,,0.3191,21.0,0.5393,69.0,0.3053,56.0,0.5242,69.0,,,0.4847,54.0
2020-12-03,0.4672,70.0,0.1915,34.0,0.3606,37.0,,,0.5389,72.0,0.535,68.0,0.2848,53.0,0.4264,50.0,,,0.5621,68.0
2020-12-02,0.4676,70.0,0.1936,35.0,0.3704,39.0,,,0.4985,65.0,0.5345,68.0,0.2852,53.0,0.4404,53.0,,,0.5262,62.0
2020-12-01,0.4212,62.0,0.1989,36.0,0.3845,43.0,,,0.4838,62.0,0.5414,69.0,0.308,57.0,0.464,57.0,,,0.5246,61.0
2020-11-30,0.4212,62.0,0.1989,36.0,0.5609,75.0,,,0.4456,54.0,0.5414,69.0,0.308,57.0,0.4924,62.0,,,0.4809,53.0
2020-11-29,0.3977,59.0,0.1955,35.0,0.484,64.0,,,0.4524,56.0,0.5401,69.0,0.3072,56.0,0.4844,61.0,,,0.4927,56.0
2020-11-28,0.3977,59.0,0.1955,35.0,0.4723,61.0,,,0.4478,55.0,0.5401,69.0,0.3072,56.0,0.4834,61.0,,,0.4916,55.0
2020-11-27,0.4006,59.0,0.1988,36.0,0.4614,59.0,,,0.4433,54.0,0.544,70.0,0.309,57.0,0.4823,61.0,,,0.4905,55.0
2020-11-26,0.4006,59.0,0.1988,36.0,0.4003,46.0,,,0.4974,65.0,0.544,70.0,0.309,57.0,0.4623,57.0,,,0.5477,65.0
2020-11-25,0.3828,56.0,0.1974,36.0,0.3919,45.0,,,0.4926,64.0,0.5441,70.0,0.3094,57.0,0.4613,57.0,,,0.5465,65.0
2020-11-24,0.334,47.0,0.1527,19.0,0.4592,59.0,,,0.4288,50.0,0.54,69.0,0.3077,57.0,0.4896,62.0,,,0.4719,51.0
2020-11-23,0.4388,65.0,0.2284,45.0,0.4553,57.0,,,0.3569,31.0,0.5392,69.0,0.3081,57.0,0.4743,59.0,,,0.5314,63.0
2020-11-20,0.4992,74.0,0.2595,52.0,0.4139,49.0,,,0.4288,50.0,0.5354,68.0,0.2863,53.0,0.451,55.0,,,0.5196,60.0
2020-11-19,0.5028,74.0,0.2516,50.0,0.4375,54.0,,,0.4516,55.0,0.54,69.0,0.3099,57.0,0.3742,36.0,,,0.5047,57.0
2020-11-18,0.6408,85.0,0.3014,62.0,0.4372,54.0,,,0.448,55.0,0.5394,69.0,0.2878,53.0,0.4427,53.0,,,0.494,56.0
2020-11-17,0.6408,85.0,0.3014,62.0,0.4544,57.0,,,0.397,42.0,0.5431,70.0,0.31,57.0,0.4551,56.0,,,0.4827,53.0
2020-11-16,0.6324,85.0,0.3066,63.0,0.387,43.0,,,0.6127,80.0,0.5434,70.0,0.3099,57.0,0.391,41.0,,,0.4916,55.0
2020-11-15,0.7903,91.0,0.3481,70.0,0.538,72.0,,,0.3951,41.0,0.543,70.0,0.311,57.0,0.4946,63.0,,,0.3951,26.0
2020-11-14,0.7903,91.0,0.3481,70.0,0.5302,71.0,,,0.3938,41.0,0.543,70.0,0.311,57.0,0.4929,62.0,,,0.3938,26.0
2020-11-13,0.7903,91.0,0.3481,70.0,0.3551,36.0,,,0.5078,66.0,0.543,70.0,0.311,57.0,0.4137,48.0,,,0.4769,52.0
2020-11-12,0.8327,92.0,0.3767,74.0,0.4426,55.0,,,0.6524,84.0,0.5386,69.0,0.2888,53.0,0.4283,51.0,,,0.5457,65.0
2020-11-11,0.764,90.0,0.35,71.0,0.424,52.0,,,0.5044,66.0,0.5392,69.0,0.3088,57.0,0.3746,37.0,,,0.5336,63.0
2020-11-10,0.6932,88.0,0.3663,73.0,0.4172,50.0,,,0.4849,62.0,0.5575,72.0,0.3104,57.0,0.4329,52.0,,,0.4687,50.0
2020-11-09,0.7308,89.0,0.3879,76.0,0.768,92.0,,,0.4704,59.0,0.5585,72.0,0.3108,57.0,0.4113,47.0,,,0.4811,53.0
2020-11-06,0.6977,88.0,0.4352,81.0,0.5171,69.0,,,0.4468,54.0,0.5515,72.0,0.3139,57.0,0.4975,63.0,,,0.4902,55.0
2020-11-05,0.9001,94.0,0.4411,81.0,0.6429,84.0,,,0.5034,66.0,0.557,72.0,0.3163,57.0,0.5512,74.0,,,0.4505,46.0
2020-11-04,0.7687,91.0,0.416,79.0,0.5249,71.0,,,0.6906,87.0,0.5462,71.0,0.318,59.0,0.4835,61.0,,,0.6031,75.0
2020-11-03,0.8196,92.0,0.4055,78.0,0.6969,89.0,,,0.626,82.0,0.5457,70.0,0.3175,59.0,0.5329,70.0,,,0.5632,68.0
2020-11-02,0.7815,91.0,0.3923,76.0,0.8415,95.0,,,0.5031,66.0,0.5485,71.0,0.3167,57.0,0.6416,86.0,,,0.4862,54.0
2020-10-30,0.5989,83.0,0.3733,74.0,0.4686,61.0,,,0.7937,92.0,0.5428,69.0,0.3154,57.0,0.976,100.0,,,0.6682,84.0
2020-10-29,0.5985,83.0,0.3637,72.0,0.633,83.0,,,0.625,81.0,0.5448,70.0,0.3139,57.0,0.536,71.0,,,0.582,71.0
2020-10-28,0.4949,73.0,0.2553,51.0,0.6485,85.0,,,0.6094,80.0,0.5423,69.0,0.308,57.0,0.569,77.0,,,0.5994,74.0
2020-10-27,0.3873,57.0,0.2694,54.0,0.5901,79.0,,,0.5711,76.0,0.5336,68.0,0.3093,57.0,0.5338,71.0,,,0.5878,73.0
2020-10-26,0.4045,60.0,0.2585,52.0,0.7744,93.0,,,0.6582,85.0,0.5384,69.0,0.3093,57.0,0.4542,56.0,,,0.6062,75.0
2020-10-23,0.2471,26.0,0.2511,50.0,0.4756,62.0,,,0.5286,70.0,0.5394,69.0,0.3085,57.0,0.499,64.0,,,0.5448,65.0
2020-10-22,0.2513,27.0,0.2585,52.0,0.4588,59.0,,,0.6302,82.0,0.545,70.0,0.3096,57.0,0.4813,61.0,,,0.6099,76.0
2020-10-21,0.2502,27.0,0.2437,48.0,0.4829,63.0,,,0.6239,81.0,0.5462,71.0,0.3098,57.0,0.4925,62.0,,,0.5333,63.0
2020-10-20,0.2435,25.0,0.2235,43.0,0.47,61.0,,,0.5233,69.0,0.5505,71.0,0.314,57.0,0.48,60.0,,,0.5653,68.0
2020-10-19,0.2646,31.0,0.2173,42.0,0.4339,54.0,,,0.4814,61.0,0.5516,72.0,0.3151,57.0,0.4215,49.0,,,0.5857,72.0
2020-10-16,0.207,16.0,0.1778,28.0,0.5009,67.0,,,0.5048,66.0,0.55,71.0,0.3146,57.0,0.4887,62.0,,,0.5186,60.0
2020-10-15,0.3705,54.0,0.1984,36.0,0.4913,65.0,,,0.5032,66.0,0.5548,72.0,0.3153,57.0,0.4629,57.0,,,0.5502,66.0
2020-10-14,0.4011,59.0,0.2338,46.0,0.5041,67.0,,,0.4905,63.0,0.5578,72.0,0.2944,55.0,0.4879,62.0,,,0.5416,64.0
2020-10-13,0.4459,66.0,0.2501,50.0,0.4813,63.0,,,0.7693,92.0,0.5639,73.0,0.3219,59.0,0.3955,43.0,,,0.557,67.0
2020-10-12,0.4024,59.0,0.2366,47.0,0.4447,56.0,,,0.6444,84.0,0.5734,74.0,0.3249,60.0,0.4733,59.0,,,0.5508,66.0
2020-10-09,0.4695,70.0,0.2695,54.0,0.4566,57.0,,,0.4299,50.0,0.5737,74.0,0.3266,61.0,0.4544,56.0,,,0.5405,64.0
2020-10-08,0.4715,71.0,0.2878,59.0,0.4836,63.0,,,0.5146,67.0,0.5892,75.0,0.328,61.0,0.5112,66.0,,,0.545,65.0
2020-10-07,0.4929,73.0,0.2919,60.0,0.7609,92.0,,,0.5982,79.0,0.5895,75.0,0.3304,62.0,0.5594,75.0,,,0.5051,57.0
2020-10-06,0.4242,63.0,0.3132,65.0,0.4359,54.0,,,0.5762,77.0,0.5894,75.0,0.3389,66.0,0.546,73.0,,,0.6094,76.0
2020-10-05,0.3772,55.0,0.2806,57.0,0.5829,78.0,,,0.5093,67.0,0.6047,76.0,0.3457,68.0,0.5636,76.0,,,0.5221,61.0
2020-10-02,0.3227,44.0,0.2912,60.0,0.6457,84.0,,,0.4352,52.0,0.6266,78.0,0.358,70.0,0.599,81.0,,,0.497,56.0
2020-10-01,0.5104,75.0,0.3519,71.0,0.5129,69.0,,,0.5731,76.0,0.6274,79.0,0.3722,70.0,0.4952,63.0,,,0.5888,73.0
2020-09-30,0.5098,75.0,0.3516,71.0,0.488,64.0,,,0.5325,71.0,0.6644,81.0,0.3756,71.0,0.5272,69.0,,,0.5748,70.0
2020-09-29,0.7924,91.0,0.4483,82.0,0.4408,55.0,,,0.5112,67.0,0.6677,82.0,0.3783,71.0,0.5045,65.0,,,0.5637,68.0
2020-09-28,0.8007,92.0,0.4514,83.0,0.4892,64.0,,,0.5307,71.0,0.6682,82.0,0.3873,72.0,0.5286,70.0,,,0.5573,67.0
2020-09-25,0.764,90.0,0.4275,80.0,0.5294,71.0,,,0.4555,56.0,0.6803,83.0,0.3897,72.0,0.5718,77.0,,,0.5248,61.0
2020-09-24,0.7438,90.0,0.4178,79.0,0.5144,69.0,,,0.546,73.0,0.6793,83.0,0.3734,71.0,0.5463,73.0,,,0.5504,66.0
2020-09-23,0.7377,89.0,0.396,77.0,0.406,48.0,,,0.6162,80.0,0.6837,83.0,0.3751,71.0,0.4494,55.0,,,0.6495,82.0
2020-09-22,0.7272,89.0,0.3443,70.0,0.5756,77.0,,,0.464,57.0,0.6914,84.0,0.3904,72.0,0.5893,80.0,,,0.5379,64.0
2020-09-21,0.7123,88.0,0.3281,68.0,0.6554,85.0,,,0.7224,89.0,0.6982,84.0,0.3955,74.0,0.4988,64.0,,,0.7224,91.0
2020-09-18,0.3567,51.0,0.1383,15.0,0.3783,41.0,,,0.5999,79.0,0.6856,83.0,0.4194,77.0,0.4498,55.0,,,0.583,72.0
2020-09-17,0.3968,59.0,0.1528,19.0,0.5297,71.0,,,0.4415,53.0,0.778,86.0,0.4402,78.0,0.5704,77.0,,,0.5046,57.0
2020-09-16,0.5098,75.0,0.1537,20.0,0.4091,48.0,,,0.5354,71.0,0.7873,86.0,0.4478,79.0,0.4934,63.0,,,0.5428,64.0
2020-09-15,0.5068,75.0,0.1954,35.0,0.4453,56.0,,,0.5216,69.0,0.7938,86.0,0.4562,79.0,0.4994,64.0,,,0.528,62.0
2020-09-14,0.6603,86.0,0.2975,61.0,0.4909,65.0,,,0.5341,71.0,0.7937,86.0,0.4666,80.0,0.4926,62.0,,,0.5184,60.0
2020-09-11,0.7166,89.0,0.3352,69.0,0.4116,49.0,,,0.4628,57.0,0.8243,87.0,0.5015,83.0,0.4958,63.0,,,0.4922,56.0
2020-09-10,0.759,90.0,0.3907,76.0,0.5814,78.0,,,0.5384,72.0,0.8391,87.0,0.52,85.0,0.4705,59.0,,,0.5607,68.0
2020-09-09,0.7677,90.0,0.3929,77.0,0.5341,72.0,,,0.5196,68.0,0.8788,89.0,0.5266,85.0,0.576,78.0,,,0.5145,59.0
2020-09-08,0.697,88.0,0.3835,75.0,0.6385,84.0,,,0.6066,79.0,0.8936,89.0,0.547,87.0,0.5271,69.0,,,0.6237,78.0
2020-09-04,0.6436,85.0,0.3859,76.0,0.693,89.0,,,0.5,65.0,0.9228,89.0,0.5545,87.0,0.4956,63.0,,,0.61,76.0
2020-09-03,0.6479,86.0,0.3729,74.0,0.4173,50.0,,,0.6884,87.0,0.932,89.0,0.5442,86.0,0.4488,55.0,,,0.5398,64.0
2020-09-02,0.4551,68.0,0.2999,62.0,0.7165,90.0,,,0.3969,42.0,0.9357,89.0,0.5613,87.0,0.6073,82.0,,,0.5277,62.0
2020-09-01,0.4236,63.0,0.257,52.0,0.6852,88.0,,,0.4364,52.0,0.9757,90.0,0.5629,87.0,0.5499,73.0,,,0.4364,42.0
2020-08-31,0.3414,48.0,0.142,16.0,0.4472,56.0,,,0.4844,62.0,0.9745,90.0,0.5502,87.0,0.4803,60.0,,,0.562,68.0
2020-08-28,0.3215,44.0,0.1217,10.0,0.4588,59.0,,,0.4786,61.0,0.9817,91.0,0.5622,87.0,0.4345,52.0,,,0.4434,44.0
2020-08-27,0.3131,42.0,0.1105,7.0,0.4476,56.0,,,0.4634,57.0,0.9883,91.0,0.5652,88.0,0.5121,66.0,,,0.5243,61.0
2020-08-26,0.3208,44.0,0.1068,6.0,0.5089,68.0,,,0.3022,16.0,0.9889,91.0,0.5685,88.0,0.4691,59.0,,,0.4272,39.0
2020-08-25,0.3254,45.0,0.0913,3.0,0.3243,28.0,,,0.506,66.0,0.9956,91.0,0.5731,89.0,0.504,65.0,,,0.585,72.0
2020-08-24,0.3231,45.0,0.0817,2.0,0.4383,55.0,,,0.3528,30.0,0.9981,91.0,0.5748,89.0,0.4806,60.0,,,0.4218,37.0
2020-08-21,0.1883,11.0,0.0848,2.0,0.3764,41.0,,,0.4641,57.0,1.0049,91.0,0.5775,89.0,0.4524,55.0,,,0.5286,62.0
2020-08-20,0.1835,11.0,0.0859,2.0,0.4188,50.0,,,0.4185,48.0,1.0045,91.0,0.5787,89.0,0.5078,65.0,,,0.514,59.0
2020-08-19,0.1851,11.0,0.0906,3.0,0.4972,66.0,,,0.4906,63.0,1.013,92.0,0.5838,90.0,0.3957,43.0,,,0.466,50.0
2020-08-17,0.18,10.0,0.1142,8.0,0.4968,66.0,,,0.5188,68.0,1.0165,92.0,0.5838,90.0,0.4644,57.0,,,0.453,47.0
2020-08-14,0.2135,18.0,0.1121,7.0,0.5082,68.0,,,0.4849,62.0,1.0143,92.0,0.5725,89.0,0.3992,44.0,,,0.4783,52.0
2020-08-13,0.3189,44.0,0.1253,11.0,0.5344,72.0,,,0.4606,57.0,1.0143,92.0,0.5724,89.0,0.4615,57.0,,,0.4737,51.0
2020-08-12,0.3145,43.0,0.1204,9.0,0.4081,48.0,,,0.5211,69.0,1.0143,92.0,0.5724,89.0,0.4081,46.0,,,0.5211,60.0
2020-08-11,0.3332,47.0,0.1349,14.0,0.4044,47.0,,,0.5262,70.0,1.0143,92.0,0.5724,89.0,0.4651,57.0,,,0.5696,69.0
2020-08-10,0.3171,43.0,0.1342,13.0,0.5685,76.0,,,0.6458,84.0,1.0142,92.0,0.5724,89.0,0.477,60.0,,,0.4445,44.0
2020-08-07,0.4272,63.0,0.1396,15.0,0.5374,72.0,,,0.4246,49.0,1.016,92.0,0.584,90.0,0.3861,40.0,,,0.3565,12.0
2020-08-06,0.4418,66.0,0.1077,6.0,0.3751,41.0,,,0.4626,57.0,1.0142,92.0,0.5722,88.0,0.5027,64.0,,,0.3666,15.0
2020-08-05,0.5208,76.0,0.1218,10.0,0.7098,90.0,,,0.4726,60.0,1.0138,92.0,0.5722,88.0,0.4067,46.0,,,0.4549,47.0
2020-08-04,0.4916,73.0,0.1306,12.0,0.6525,85.0,,,0.4176,48.0,1.0135,92.0,0.5722,88.0,0.4904,62.0,,,0.4574,48.0
2020-08-03,0.4717,71.0,0.1153,8.0,0.5299,71.0,,,0.6381,83.0,1.0133,92.0,0.572,88.0,0.5113,66.0,,,0.6394,80.0
2020-07-31,0.4715,71.0,0.1408,15.0,0.6224,82.0,,,0.6795,87.0,1.0144,92.0,0.5723,88.0,0.4455,54.0,,,0.5771,70.0
2020-07-30,0.5182,76.0,0.164,24.0,0.5458,73.0,,,0.5463,73.0,1.016,92.0,0.5725,89.0,0.5426,72.0,,,0.5754,70.0
2020-07-29,0.4257,63.0,0.1664,25.0,0.5644,76.0,,,0.4505,55.0,1.0164,92.0,0.585,90.0,0.5238,69.0,,,0.5438,65.0
2020-07-28,0.4285,64.0,0.1939,35.0,0.4909,65.0,,,0.5281,70.0,1.0183,92.0,0.5852,90.0,0.4666,57.0,,,0.5408,64.0
2020-07-27,0.2888,37.0,0.1833,32.0,0.5167,69.0,,,0.545,73.0,1.016,92.0,0.5852,90.0,0.5104,66.0,,,0.5209,60.0
2020-07-24,0.228,22.0,0.1874,33.0,0.5312,72.0,,,0.5198,68.0,1.0151,92.0,0.5852,90.0,0.5105,66.0,,,0.508,57.0
2020-07-23,0.3229,45.0,0.1913,34.0,0.5351,72.0,,,0.5531,74.0,1.0133,92.0,0.5736,89.0,0.469,59.0,,,0.5252,61.0
2020-07-22,0.3821,56.0,0.3309,68.0,0.474,62.0,,,0.5719,76.0,1.018,92.0,0.5851,90.0,0.545,73.0,,,0.5566,67.0
2020-07-21,0.3874,57.0,0.2245,44.0,0.5605,75.0,,,0.5521,73.0,1.0161,92.0,0.5735,89.0,0.5761,78.0,,,0.5854,72.0
2020-07-20,0.4053,60.0,0.2189,42.0,0.302,21.0,,,0.5193,68.0,1.0159,92.0,0.5734,89.0,0.4671,57.0,,,0.5864,72.0
2020-07-17,0.466,69.0,0.4183,79.0,0.5283,71.0,,,0.5554,74.0,1.0178,92.0,0.5845,90.0,0.5715,77.0,,,0.6018,75.0
2020-07-16,0.4654,69.0,0.2818,57.0,0.5357,72.0,,,0.5448,73.0,1.0162,92.0,0.5745,89.0,0.579,79.0,,,0.5911,73.0
2020-07-15,0.5512,79.0,0.4835,85.0,0.5597,75.0,,,0.5763,77.0,1.0184,92.0,0.5844,90.0,0.5822,79.0,,,0.6277,78.0
2020-07-14,0.3944,57.0,0.277,56.0,0.6241,83.0,,,0.4716,60.0,1.0135,92.0,0.5732,89.0,0.6509,87.0,,,0.5402,64.0
2020-07-13,0.4966,74.0,0.4671,84.0,0.4759,62.0,,,0.8103,93.0,1.0148,92.0,0.5804,89.0,0.5412,72.0,,,0.6453,81.0
2020-07-10,0.3923,57.0,0.428,80.0,0.4472,56.0,,,0.7133,89.0,1.0116,91.0,0.5782,89.0,0.5629,76.0,,,0.634,79.0
2020-07-09,0.4382,65.0,0.406,78.0,0.5212,70.0,,,0.7396,90.0,1.0122,91.0,0.5769,89.0,0.5213,68.0,,,0.6678,84.0
2020-07-08,0.4432,66.0,0.4026,78.0,0.413,49.0,,,0.6854,87.0,1.0122,91.0,0.5767,89.0,0.5089,65.0,,,0.6648,84.0
2020-07-07,0.426,63.0,0.3155,65.0,0.5812,78.0,,,0.4638,57.0,1.0112,91.0,0.5728,89.0,0.6056,82.0,,,0.5874,72.0
2020-07-06,0.426,63.0,0.3488,70.0,0.5709,77.0,,,0.4353,52.0,1.0112,91.0,0.5739,89.0,0.5207,68.0,,,0.5527,66.0
2020-07-02,0.6506,86.0,0.2495,50.0,0.5603,75.0,,,0.5896,78.0,1.0103,91.0,0.5706,88.0,0.5691,77.0,,,0.6255,78.0
2020-07-01,0.6078,83.0,0.2335,46.0,1.6884,100.0,,,1.7016,100.0,1.009,91.0,0.5703,88.0,0.5933,80.0,,,0.6924,87.0
2020-06-30,0.6007,83.0,0.2285,45.0,1.0697,98.0,,,1.0433,98.0,1.0103,91.0,0.5703,88.0,0.6571,88.0,,,0.5984,74.0
2020-06-29,0.5569,80.0,0.2055,38.0,0.7064,89.0,,,0.8704,95.0,1.0095,91.0,0.5698,88.0,0.6474,87.0,,,0.6223,78.0
2020-06-26,0.4899,73.0,0.1916,34.0,0.6133,81.0,,,0.645,84.0,1.0084,91.0,0.5696,88.0,0.5834,79.0,,,0.6777,85.0
2020-06-25,0.4733,71.0,0.184,32.0,0.8118,94.0,,,0.5623,75.0,1.0078,91.0,0.5695,88.0,0.7586,96.0,,,0.6355,79.0
2020-06-24,0.4718,71.0,0.1305,12.0,0.6228,82.0,,,0.7632,91.0,1.0068,91.0,0.5684,88.0,0.614,83.0,,,0.6862,87.0
2020-06-23,0.2351,23.0,0.2783,56.0,1.257,99.0,,,0.7194,89.0,1.0023,91.0,0.5682,88.0,0.6837,91.0,,,0.6463,81.0
2020-06-22,0.2919,38.0,0.4188,80.0,0.6599,85.0,,,0.6585,85.0,1.0023,91.0,0.5681,88.0,0.6939,92.0,,,0.5855,72.0
2020-06-19,0.9974,95.0,0.5355,89.0,0.5615,75.0,,,0.7108,89.0,1.0024,91.0,0.5681,88.0,0.6007,81.0,,,0.6589,83.0
2020-06-18,1.0021,95.0,0.563,90.0,0.9111,97.0,,,0.7536,91.0,1.0024,91.0,0.5679,88.0,0.6172,83.0,,,0.629,79.0
2020-06-17,1.0021,95.0,0.5659,90.0,1.3164,99.0,,,1.3634,99.0,1.0024,91.0,0.5678,88.0,0.6265,84.0,,,0.6358,79.0
2020-06-16,1.0265,96.0,0.5654,90.0,0.6012,80.0,,,1.1955,99.0,1.0028,91.0,0.5679,88.0,0.6389,86.0,,,0.5924,73.0
2020-06-15,1.0614,96.0,0.5686,90.0,0.7222,90.0,,,0.8161,93.0,1.0013,91.0,0.5678,88.0,0.5704,77.0,,,0.6568,83.0
2020-06-12,1.0646,96.0,0.5028,87.0,0.9526,97.0,,,0.9167,96.0,1.0016,91.0,0.5643,87.0,0.6008,81.0,,,0.62,77.0
2020-06-11,0.946,94.0,0.3713,73.0,0.8468,95.0,,,1.0571,98.0,0.9931,91.0,0.5581,87.0,0.5609,75.0,,,0.669,84.0
2020-06-10,0.5085,75.0,0.2035,37.0,0.4199,51.0,,,0.5869,78.0,0.9785,91.0,0.5536,87.0,0.4199,49.0,,,0.6234,78.0
2020-06-09,0.3771,55.0,0.2032,37.0,0.5621,75.0,,,0.5631,75.0,0.9773,90.0,0.5535,87.0,0.5296,70.0,,,0.5156,59.0
2020-06-08,0.3483,49.0,0.2064,38.0,0.3631,38.0,,,0.3492,28.0,0.9774,90.0,0.5534,87.0,0.5143,67.0,,,0.544,65.0
2020-06-05,0.3308,46.0,0.2203,42.0,0.6972,89.0,,,0.4426,54.0,0.9774,90.0,0.5533,87.0,0.5244,69.0,,,0.5996,74.0
2020-06-04,0.2586,28.0,0.2462,49.0,0.4259,52.0,,,0.4264,50.0,0.9751,90.0,0.553,87.0,0.556,74.0,,,0.5519,66.0
2020-06-03,0.2922,38.0,0.2628,53.0,0.5507,74.0,,,0.3891,40.0,0.9751,90.0,0.553,87.0,0.5033,65.0,,,0.5721,70.0
2020-06-02,0.3075,41.0,0.2223,43.0,0.3974,46.0,,,0.4459,54.0,0.9725,90.0,0.5521,87.0,0.5722,77.0,,,0.6019,75.0
2020-06-01,0.3645,53.0,0.2386,47.0,0.49,65.0,,,0.5707,76.0,0.9719,90.0,0.552,87.0,0.5379,72.0,,,0.6115,76.0
2020-05-29,0.3943,57.0,0.2445,49.0,0.4967,66.0,,,0.4996,65.0,0.9722,90.0,0.5521,87.0,0.631,85.0,,,0.5691,69.0
2020-05-28,0.427,63.0,0.2449,49.0,0.4551,57.0,,,0.4652,57.0,0.9723,90.0,0.5518,87.0,0.6052,82.0,,,0.5577,67.0
2020-05-27,0.7479,90.0,0.2946,61.0,0.4395,55.0,,,0.4311,51.0,0.9722,90.0,0.5515,87.0,0.5285,70.0,,,0.6301,79.0
2020-05-26,0.7498,90.0,0.2708,55.0,0.4716,61.0,,,0.4968,64.0,0.9718,90.0,0.5506,87.0,0.5508,74.0,,,0.5153,59.0
2020-05-22,0.7309,89.0,0.3653,73.0,0.5224,70.0,,,0.5426,72.0,0.9692,90.0,0.5501,87.0,0.6262,84.0,,,0.647,81.0
2020-05-21,0.8309,92.0,0.4072,78.0,0.54,73.0,,,0.5228,69.0,0.9691,90.0,0.5501,87.0,0.7472,96.0,,,0.7917,96.0
2020-05-20,0.8652,93.0,0.4465,82.0,0.5471,74.0,,,0.5456,73.0,0.9686,90.0,0.5494,87.0,0.5524,74.0,,,0.5864,72.0
2020-05-19,0.8811,93.0,0.463,83.0,0.5584,75.0,,,0.5375,72.0,0.968,90.0,0.5495,87.0,0.6504,87.0,,,0.6409,80.0
2020-05-18,0.9814,95.0,0.4584,83.0,0.5327,72.0,,,0.5841,77.0,0.9712,90.0,0.5493,87.0,0.5194,68.0,,,0.6081,75.0
2020-05-15,0.6584,86.0,0.4353,81.0,0.6679,87.0,,,0.6626,85.0,0.9542,90.0,0.5475,87.0,0.6926,92.0,,,0.735,92.0
2020-05-14,0.6657,87.0,0.433,81.0,0.6808,88.0,,,0.5664,75.0,0.9535,90.0,0.5475,87.0,0.6573,88.0,,,0.7684,95.0
2020-05-13,0.6767,87.0,0.3534,71.0,0.6799,87.0,,,1.4296,99.0,0.9533,90.0,0.5438,86.0,0.543,72.0,,,0.7724,95.0
2020-05-12,0.5965,83.0,0.3453,70.0,0.7661,92.0,,,0.9907,97.0,0.951,90.0,0.5423,86.0,0.5762,78.0,,,0.7433,93.0
2020-05-11,0.6464,85.0,0.2905,60.0,0.5972,80.0,,,0.6614,85.0,0.9496,90.0,0.5402,86.0,0.6449,87.0,,,0.6678,84.0
2020-05-08,0.7157,88.0,0.252,50.0,0.5779,77.0,,,0.4835,62.0,0.9484,90.0,0.5387,86.0,0.6918,92.0,,,0.6228,78.0
2020-05-07,0.7556,90.0,0.275,56.0,0.6136,81.0,,,0.5503,73.0,0.9462,90.0,0.5388,86.0,0.7008,93.0,,,0.6394,80.0
2020-05-06,0.7069,88.0,0.2794,57.0,0.7516,92.0,,,0.5425,72.0,0.9439,90.0,0.5381,86.0,0.7359,95.0,,,0.7449,93.0
2020-05-05,0.7669,90.0,0.3579,72.0,0.7501,92.0,,,0.5809,77.0,0.9437,90.0,0.5378,86.0,0.6756,91.0,,,0.7124,90.0
2020-05-04,0.7611,90.0,0.3788,75.0,0.625,83.0,,,0.8333,94.0,0.9425,90.0,0.5377,86.0,0.7716,97.0,,,0.8056,96.0
2020-05-01,0.7635,90.0,0.3622,72.0,0.7886,93.0,,,0.7084,89.0,0.9432,90.0,0.5365,86.0,0.6149,83.0,,,0.7202,91.0
2020-04-30,0.6445,85.0,0.3651,73.0,0.6298,83.0,,,0.6173,81.0,0.9414,90.0,0.5363,86.0,0.6177,83.0,,,0.684,86.0
2020-04-29,0.636,85.0,0.3852,75.0,1.0703,98.0,,,1.0621,98.0,0.9381,89.0,0.5359,86.0,0.6013,81.0,,,0.7214,91.0
2020-04-28,0.6841,87.0,0.4512,83.0,0.7128,90.0,,,0.6214,81.0,0.9346,89.0,0.5354,86.0,0.6622,89.0,,,0.7134,90.0
2020-04-27,0.7909,91.0,0.4786,85.0,0.6063,81.0,,,0.7197,89.0,0.9337,89.0,0.5346,86.0,0.6592,88.0,,,0.7344,92.0
2020-04-24,0.7819,91.0,0.4394,81.0,0.717,90.0,,,0.774,92.0,0.9308,89.0,0.5317,86.0,0.6657,89.0,,,0.7606,94.0
2020-04-23,0.9676,95.0,0.4492,82.0,0.716,90.0,,,0.5757,76.0,0.9299,89.0,0.5311,86.0,0.7171,94.0,,,0.733,92.0
2020-04-22,0.9873,95.0,0.4603,83.0,0.6429,84.0,,,0.8415,94.0,0.9305,89.0,0.5302,86.0,0.7019,93.0,,,0.744,93.0
2020-04-21,0.8863,93.0,0.5588,90.0,0.7701,93.0,,,0.8562,95.0,0.9261,89.0,0.5298,86.0,0.6937,92.0,,,0.7906,96.0
2020-04-20,1.0912,97.0,0.6329,92.0,0.746,92.0,,,0.7868,92.0,0.9227,89.0,0.5286,86.0,0.6723,90.0,,,0.7294,92.0
2020-04-17,1.2705,98.0,0.7051,95.0,0.6268,83.0,,,0.6435,84.0,0.9218,89.0,0.525,85.0,0.6236,84.0,,,0.5904,73.0
2020-04-16,1.2127,98.0,0.7995,96.0,0.5695,76.0,,,0.8459,95.0,0.9143,89.0,0.5229,85.0,0.6969,93.0,,,0.7548,94.0
2020-04-15,1.4585,99.0,0.8257,96.0,0.8333,95.0,,,1.3243,99.0,0.9142,89.0,0.5219,85.0,0.6665,89.0,,,0.7452,93.0
2020-04-14,1.2944,98.0,0.8461,97.0,0.7269,91.0,,,1.1913,99.0,0.9053,89.0,0.5213,85.0,0.6621,89.0,,,0.7454,93.0
2020-04-13,1.2598,98.0,0.8997,97.0,0.7315,91.0,,,0.9619,97.0,0.9044,89.0,0.5195,85.0,0.6855,91.0,,,0.7131,90.0
2020-04-09,1.4312,99.0,0.8683,97.0,1.2585,99.0,,,0.5919,78.0,0.9032,89.0,0.5137,85.0,0.7072,93.0,,,0.585,72.0
2020-04-08,1.4352,99.0,0.8173,96.0,1.1081,98.0,,,0.7434,90.0,0.8942,89.0,0.5079,84.0,0.8826,99.0,,,0.5611,68.0
2020-04-07,1.2954,98.0,0.7369,95.0,1.3247,99.0,,,2.3976,100.0,0.8765,88.0,0.499,82.0,0.6705,90.0,,,0.7683,95.0
2020-04-06,1.4199,99.0,0.608,92.0,1.1728,99.0,,,0.7356,90.0,0.8756,88.0,0.4885,82.0,0.5487,73.0,,,0.678,85.0
2020-04-03,1.0597,96.0,0.6287,92.0,0.8579,96.0,,,1.2751,99.0,0.8447,87.0,0.4852,81.0,0.6635,89.0,,,0.75,94.0
2020-04-02,1.1181,97.0,0.8841,97.0,0.8941,96.0,,,0.7662,91.0,0.8429,87.0,0.4823,81.0,0.7311,95.0,,,0.6657,84.0
2020-04-01,1.9524,99.0,0.989,98.0,0.5835,78.0,,,1.1844,99.0,0.8416,87.0,0.4749,81.0,0.5839,79.0,,,0.6882,87.0
2020-03-31,1.9224,99.0,1.0222,99.0,0.7164,90.0,,,0.8387,94.0,0.8332,87.0,0.4723,81.0,0.647,87.0,,,0.725,91.0
2020-03-30,1.981,99.0,1.0749,99.0,1.6364,100.0,,,0.6965,88.0,0.8335,87.0,0.472,80.0,0.6314,85.0,,,0.6341,79.0
2020-03-27,1.9778,99.0,1.2334,99.0,1.2765,99.0,,,1.6107,100.0,0.831,87.0,0.4722,80.0,0.5818,79.0,,,0.6704,84.0
2020-03-26,2.1506,100.0,1.3693,100.0,1.061,98.0,,,0.8616,95.0,0.8238,87.0,0.4716,80.0,0.8175,98.0,,,0.671,84.0
2020-03-25,2.2051,100.0,1.4586,100.0,1.4835,100.0,,,0.9993,97.0,0.8157,87.0,0.4665,80.0,0.7989,97.0,,,0.746,93.0
2020-03-24,2.5118,100.0,1.3478,100.0,1.1327,99.0,,,0.9023,96.0,0.8098,87.0,0.4395,78.0,0.647,87.0,,,0.6181,77.0
2020-03-23,1.959,99.0,1.375,100.0,1.0827,98.0,,,1.2756,99.0,0.7087,84.0,0.4185,76.0,0.7788,97.0,,,0.8362,97.0
2020-03-20,2.1168,100.0,1.3848,100.0,0.6086,81.0,,,1.1968,99.0,0.7025,84.0,0.4114,75.0,0.5632,76.0,,,0.7242,91.0
2020-03-19,2.1435,100.0,1.3534,100.0,0.6247,83.0,,,0.6766,86.0,0.6977,84.0,0.402,74.0,0.5286,70.0,,,0.5916,73.0
2020-03-18,2.2121,100.0,1.2556,99.0,1.8304,100.0,,,1.6924,100.0,0.6927,84.0,0.3727,71.0,0.7534,96.0,,,0.8409,97.0
2020-03-17,2.331,100.0,1.1267,99.0,2.1286,100.0,,,2.8178,100.0,0.6649,82.0,0.3441,68.0,0.7186,94.0,,,0.4579,48.0
2020-03-16,2.0467,100.0,0.98,98.0,2.2107,100.0,,,2.2788,100.0,0.6408,80.0,0.3152,57.0,0.5235,68.0,,,0.6237,78.0
2020-03-13,1.8962,99.0,0.917,98.0,1.3608,99.0,,,1.1874,99.0,0.5916,75.0,0.3039,56.0,0.5562,75.0,,,0.4874,54.0
2020-03-12,1.7313,99.0,0.7116,95.0,1.4179,100.0,,,1.3873,99.0,0.56,73.0,0.2646,47.0,0.4874,61.0,,,0.5877,72.0
2020-03-11,1.574,99.0,0.6539,93.0,1.3081,99.0,,,1.4415,100.0,0.5149,66.0,0.2488,40.0,0.4881,62.0,,,0.6074,75.0
2020-03-10,1.6649,99.0,0.6895,94.0,0.8147,94.0,,,0.7338,90.0,0.4984,65.0,0.2439,39.0,0.5264,69.0,,,0.5067,57.0
2020-03-09,1.5251,99.0,0.6018,91.0,0.591,79.0,,,0.8226,93.0,0.4832,63.0,0.2273,35.0,0.591,80.0,,,0.8226,97.0
2020-03-06,1.1298,97.0,0.6014,91.0,1.03,98.0,,,0.9602,97.0,0.4021,48.0,0.2211,32.0,0.5648,76.0,,,0.5679,69.0
2020-03-05,1.0979,97.0,0.5952,91.0,0.6469,84.0,,,0.76,91.0,0.3957,47.0,0.2173,30.0,0.3522,30.0,,,0.5171,60.0
2020-03-04,1.1495,97.0,0.6737,94.0,0.9173,97.0,,,0.5303,70.0,0.384,45.0,0.2172,30.0,0.4551,56.0,,,0.4489,46.0
2020-03-03,0.9481,94.0,0.6263,92.0,0.4301,53.0,,,0.6761,86.0,0.3634,40.0,0.209,27.0,0.3966,43.0,,,0.4898,55.0
2020-03-02,0.9587,95.0,0.5698,90.0,0.8968,96.0,,,0.8348,94.0,0.3645,40.0,0.1999,21.0,0.5746,78.0,,,0.508,57.0
2020-02-28,0.5943,82.0,0.4809,85.0,0.8525,95.0,,,0.7945,92.0,0.3427,33.0,0.1858,15.0,0.572,77.0,,,0.5059,57.0
2020-02-27,0.6661,87.0,0.4411,81.0,0.6262,83.0,,,0.8478,95.0,0.3375,31.0,0.1806,13.0,0.3931,42.0,,,0.5092,57.0
2020-02-26,0.5811,81.0,0.3727,74.0,0.4999,67.0,,,0.6501,84.0,0.3189,25.0,0.1719,9.0,0.3606,33.0,,,0.45,46.0
2020-02-25,0.5856,81.0,0.3385,69.0,0.4083,48.0,,,0.7378,90.0,0.3203,25.0,0.1698,9.0,0.3336,23.0,,,0.466,50.0
2020-02-24,0.3536,50.0,0.1043,6.0,0.4704,61.0,,,0.4353,52.0,0.2944,20.0,0.1523,4.0,0.3408,26.0,,,0.3935,26.0
2020-02-21,0.1439,5.0,0.0929,3.0,0.3415,32.0,,,0.3401,26.0,0.2821,17.0,0.1523,4.0,0.3179,18.0,,,0.3441,9.0
2020-02-20,0.1498,5.0,0.1065,6.0,0.3189,26.0,,,0.3106,18.0,0.2913,20.0,0.1585,6.0,0.2916,9.0,,,0.3261,6.0
2020-02-19,0.1589,6.0,0.0823,2.0,0.2981,20.0,,,0.2994,15.0,0.2922,20.0,0.1587,6.0,0.3001,12.0,,,0.3219,5.0
2020-02-18,0.257,28.0,0.0851,2.0,0.3078,23.0,,,0.3157,20.0,0.2923,20.0,0.1589,6.0,0.2941,10.0,,,0.3287,6.0
2020-02-14,0.2573,28.0,0.0842,2.0,0.2857,16.0,,,0.2429,3.0,0.2948,20.0,0.1602,7.0,0.2874,8.0,,,0.3279,6.0
2020-02-13,0.3486,49.0,0.1257,11.0,0.2898,17.0,,,0.2416,3.0,0.2958,20.0,0.1603,7.0,0.2938,10.0,,,0.328,6.0
2020-02-12,0.3953,57.0,0.1403,15.0,0.2811,15.0,,,0.3027,16.0,0.2995,21.0,0.162,7.0,0.2958,11.0,,,0.3272,6.0
2020-02-11,0.425,63.0,0.2038,38.0,0.2957,19.0,,,0.3205,21.0,0.2988,21.0,0.1631,7.0,0.3055,14.0,,,0.336,7.0
2020-02-10,0.532,77.0,0.203,37.0,0.319,26.0,,,0.3214,21.0,0.3105,24.0,0.1646,8.0,0.3054,14.0,,,0.3332,7.0
2020-02-07,0.5364,78.0,0.2143,41.0,0.3416,32.0,,,0.3117,18.0,0.311,24.0,0.1749,10.0,0.3117,16.0,,,0.3589,13.0
2020-02-06,0.4773,71.0,0.2149,41.0,0.2882,17.0,,,0.3051,16.0,0.3121,24.0,0.1765,10.0,0.2998,12.0,,,0.3198,5.0
2020-02-05,0.4727,71.0,0.2152,41.0,0.2977,20.0,,,0.3201,21.0,0.3135,24.0,0.1771,11.0,0.3477,28.0,,,0.2953,2.0
2020-02-04,0.5601,80.0,0.218,42.0,0.3195,26.0,,,0.3357,25.0,0.3144,24.0,0.1778,11.0,0.3075,14.0,,,0.3276,6.0
2020-02-03,0.496,74.0,0.2134,40.0,0.3664,38.0,,,0.353,30.0,0.3114,24.0,0.1799,12.0,0.3239,20.0,,,0.3575,12.0
2020-01-31,0.3958,59.0,0.1597,22.0,0.3997,46.0,,,0.3909,40.0,0.3072,24.0,0.1793,12.0,0.335,24.0,,,0.3684,16.0
2020-01-30,0.344,49.0,0.1519,19.0,0.2992,20.0,,,0.2727,8.0,0.3049,23.0,0.1808,13.0,0.3218,19.0,,,0.3351,7.0
2020-01-29,0.3536,50.0,0.1419,16.0,0.3361,31.0,,,0.3715,35.0,0.3076,24.0,0.1815,13.0,0.2917,10.0,,,0.3665,15.0
2020-01-28,0.3519,50.0,0.1384,15.0,0.3707,39.0,,,0.2827,11.0,0.3092,24.0,0.1862,15.0,0.3226,20.0,,,0.3423,9.0
2020-01-27,0.2965,39.0,0.1354,14.0,0.3166,25.0,,,0.3774,37.0,0.3108,24.0,0.1894,16.0,0.3128,16.0,,,0.3855,23.0
2020-01-24,0.1951,13.0,0.1073,6.0,0.2677,11.0,,,0.2836,11.0,0.303,23.0,0.1884,16.0,0.2913,9.0,,,0.3276,6.0
2020-01-23,0.185,11.0,0.0978,4.0,0.2873,17.0,,,0.2402,3.0,0.3026,23.0,0.1881,16.0,0.2915,9.0,,,0.3252,5.0
2020-01-22,0.2573,28.0,0.0997,5.0,0.2483,6.0,,,0.2522,5.0,0.3025,23.0,0.1885,16.0,0.2859,8.0,,,0.322,5.0
2020-01-21,0.2554,28.0,0.1254,11.0,0.2496,7.0,,,0.2553,5.0,0.3041,23.0,0.1905,17.0,0.283,7.0,,,0.3127,4.0
2020-01-17,0.1925,12.0,0.1177,9.0,0.2281,3.0,,,0.2479,4.0,0.3024,22.0,0.1903,16.0,0.287,8.0,,,0.3224,5.0
2020-01-16,0.1943,13.0,0.1365,14.0,0.2421,5.0,,,0.2525,5.0,0.305,23.0,0.1906,17.0,0.2957,11.0,,,0.3193,5.0
2020-01-15,0.1949,13.0,0.1375,14.0,0.3428,33.0,,,0.235,2.0,0.3049,23.0,0.1907,17.0,0.3089,15.0,,,0.3301,6.0
2020-01-14,0.2016,14.0,0.1322,13.0,0.2598,9.0,,,0.2575,5.0,0.3046,23.0,0.1903,16.0,0.3385,25.0,,,0.3338,7.0
2020-01-13,0.3025,40.0,0.1412,16.0,0.2598,9.0,,,0.2575,5.0,0.3047,23.0,0.1905,17.0,0.3385,25.0,,,0.3338,7.0
2020-01-10,0.2128,18.0,0.1474,17.0,0.2543,8.0,,,0.3143,19.0,0.3031,23.0,0.1907,17.0,0.3075,14.0,,,0.3495,10.0
2020-01-09,0.2614,30.0,0.1284,12.0,0.6052,80.0,,,0.3029,16.0,0.303,23.0,0.1908,17.0,0.3126,16.0,,,0.3464,9.0
2020-01-08,0.2586,28.0,0.1328,13.0,0.3368,31.0,,,0.2911,13.0,0.3031,23.0,0.1909,17.0,0.3505,30.0,,,0.3558,12.0
2020-01-07,0.255,28.0,0.1144,8.0,0.2662,10.0,,,0.3341,25.0,0.3054,23.0,0.1904,17.0,0.3195,19.0,,,0.3649,15.0
2020-01-06,0.2596,28.0,0.1146,8.0,0.2806,15.0,,,0.2665,7.0,0.3054,23.0,0.1907,17.0,0.3286,22.0,,,0.3643,15.0
2020-01-03,0.2672,32.0,0.108,6.0,0.2798,15.0,,,0.2864,12.0,0.3051,23.0,0.1906,17.0,0.3304,22.0,,,0.3688,16.0
2020-01-02,0.1833,11.0,0.0869,3.0,0.2318,4.0,,,0.2401,3.0,0.3022,22.0,0.1902,16.0,0.3156,17.0,,,0.3581,13.0
2019-12-31,0.1322,3.0,0.0584,1.0,0.2302,3.0,,,0.2539,5.0,0.3025,23.0,0.1904,17.0,0.3237,20.0,,,0.353,11.0
2019-12-30,0.1103,2.0,0.0463,1.0,0.2369,4.0,,,0.2451,3.0,0.3023,22.0,0.1906,17.0,0.3239,20.0,,,0.3588,13.0
2019-12-27,0.0761,1.0,0.0687,1.0,0.2313,3.0,,,0.2222,1.0,0.3021,22.0,0.1904,17.0,0.305,13.0,,,0.3492,10.0
2019-12-26,0.0639,1.0,0.0673,1.0,0.2167,2.0,,,0.223,1.0,0.3024,22.0,0.1904,17.0,0.317,18.0,,,0.3358,7.0
2019-12-24,0.065,1.0,0.0761,2.0,0.2246,3.0,,,0.2097,1.0,0.3027,23.0,0.1908,17.0,0.3309,22.0,,,0.3445,9.0
2019-12-23,0.1756,9.0,0.1281,12.0,0.5754,77.0,,,0.2229,1.0,0.3031,23.0,0.1908,17.0,0.3184,18.0,,,0.3541,11.0
2019-12-20,0.265,31.0,0.1776,28.0,0.2373,5.0,,,0.2615,6.0,0.3028,23.0,0.1909,17.0,0.3436,27.0,,,0.3655,15.0
2019-12-19,0.2714,33.0,0.1775,28.0,0.4235,51.0,,,0.3853,39.0,0.3028,23.0,0.1911,17.0,0.3098,15.0,,,0.3631,14.0
2019-12-18,0.2902,37.0,0.1815,31.0,0.3487,34.0,,,0.2514,4.0,0.3026,23.0,0.1911,17.0,0.3058,14.0,,,0.3143,4.0
2019-12-17,0.289,37.0,0.1709,27.0,0.2218,2.0,,,0.242,3.0,0.3028,23.0,0.1911,17.0,0.3093,15.0,,,0.3509,11.0
2019-12-16,0.3166,43.0,0.1719,27.0,0.2243,3.0,,,0.2355,2.0,0.3028,23.0,0.1911,17.0,0.3125,16.0,,,0.3556,12.0
2019-12-13,0.3167,43.0,0.1697,26.0,0.2103,1.0,,,0.4475,54.0,0.3041,23.0,0.1911,17.0,0.3073,14.0,,,0.4233,37.0
2019-12-12,0.25,27.0,0.1456,17.0,0.4276,53.0,,,0.2505,4.0,0.3028,23.0,0.1899,16.0,0.342,27.0,,,0.3656,15.0
2019-12-11,0.2291,22.0,0.0962,4.0,0.3196,26.0,,,0.2767,9.0,0.3008,22.0,0.1891,16.0,0.3236,20.0,,,0.3654,15.0
2019-12-10,0.2396,24.0,0.1175,9.0,0.2819,15.0,,,0.2719,8.0,0.3016,22.0,0.1896,16.0,0.35,28.0,,,0.3809,21.0
2019-12-09,0.2365,24.0,0.1112,7.0,0.3059,22.0,,,0.3374,26.0,0.3016,22.0,0.1894,16.0,0.3592,32.0,,,0.3661,15.0
2019-12-06,0.2418,25.0,0.1158,8.0,0.2496,7.0,,,0.2926,13.0,0.3026,23.0,0.1897,16.0,0.3323,23.0,,,0.3764,19.0
2019-12-05,0.1713,8.0,0.1154,8.0,0.2977,20.0,,,0.288,12.0,0.3006,22.0,0.1899,16.0,0.3419,27.0,,,0.3755,18.0
2019-12-04,0.181,10.0,0.1116,7.0,0.2481,6.0,,,0.7578,91.0,0.3006,22.0,0.1902,16.0,0.2762,6.0,,,0.4367,42.0
2019-12-03,0.1829,10.0,0.0957,4.0,0.3738,40.0,,,0.2933,13.0,0.3007,22.0,0.1901,16.0,0.3348,24.0,,,0.375,18.0
2019-12-02,0.1541,6.0,0.0827,2.0,0.5145,69.0,,,0.4327,51.0,0.3005,22.0,0.1906,17.0,0.414,48.0,,,0.3978,28.0
2019-11-29,0.1864,11.0,0.0941,4.0,0.2694,11.0,,,0.2957,14.0,0.3002,22.0,0.1911,17.0,0.3051,14.0,,,0.3882,24.0
2019-11-27,0.1836,11.0,0.1026,5.0,0.2746,13.0,,,0.2229,1.0,0.3,22.0,0.1929,18.0,0.4106,47.0,,,0.391,25.0
2019-11-26,0.1806,10.0,0.0996,5.0,0.2704,12.0,,,0.2837,11.0,0.3113,24.0,0.1968,20.0,0.3208,19.0,,,0.3585,13.0
2019-11-25,0.1783,9.0,0.1045,6.0,0.2604,9.0,,,0.2888,12.0,0.325,26.0,0.2028,22.0,0.3293,22.0,,,0.3543,12.0
2019-11-22,0.158,6.0,0.1083,6.0,0.2607,9.0,,,0.2723,8.0,0.3274,27.0,0.2029,23.0,0.3358,24.0,,,0.3611,14.0
2019-11-21,0.1624,7.0,0.1149,8.0,0.2845,16.0,,,0.2811,10.0,0.3274,27.0,0.203,23.0,0.3304,22.0,,,0.3704,17.0
2019-11-20,0.1793,9.0,0.1169,9.0,0.2778,14.0,,,0.2863,12.0,0.3274,27.0,0.2042,24.0,0.323,20.0,,,0.3573,12.0
2019-11-19,0.1337,3.0,0.0876,3.0,0.259,9.0,,,0.2691,8.0,0.3267,27.0,0.2037,23.0,0.3381,25.0,,,0.3676,16.0
2019-11-18,0.138,4.0,0.0829,2.0,0.2527,8.0,,,0.2814,10.0,0.3268,27.0,0.2045,24.0,0.293,10.0,,,0.3449,9.0
2019-11-15,0.1811,10.0,0.0861,2.0,0.2703,12.0,,,0.2558,5.0,0.3297,28.0,0.2053,25.0,0.3164,18.0,,,0.3414,8.0
2019-11-14,0.1848,11.0,0.0819,2.0,0.2693,11.0,,,0.2959,14.0,0.3305,28.0,0.2056,25.0,0.3036,13.0,,,0.3451,9.0
2019-11-13,0.1886,12.0,0.0853,2.0,0.275,13.0,,,0.284,11.0,0.332,28.0,0.206,25.0,0.3111,16.0,,,0.35,10.0
2019-11-12,0.1882,11.0,0.0903,3.0,0.2704,12.0,,,0.2965,14.0,0.3329,30.0,0.2061,25.0,0.2993,12.0,,,0.355,12.0
2019-11-11,0.2372,24.0,0.096,4.0,0.2506,7.0,,,0.2634,7.0,0.3344,30.0,0.2066,26.0,0.327,21.0,,,0.3515,11.0
2019-11-08,0.2988,40.0,0.0969,4.0,0.3358,31.0,,,0.4487,55.0,0.3364,31.0,0.2065,26.0,0.3098,15.0,,,0.3499,10.0
2019-11-07,0.3143,43.0,0.1075,6.0,0.2848,16.0,,,0.2629,6.0,0.3364,31.0,0.207,26.0,0.3443,28.0,,,0.3518,11.0
2019-11-06,0.3051,41.0,0.104,5.0,0.3086,23.0,,,0.2592,6.0,0.3367,31.0,0.2077,26.0,0.324,20.0,,,0.3587,13.0
2019-11-05,0.2954,39.0,0.1125,7.0,0.2255,3.0,,,0.3004,15.0,0.3444,33.0,0.2088,26.0,0.3089,15.0,,,0.3444,9.0
2019-11-04,0.307,41.0,0.1112,7.0,0.2911,18.0,,,0.2864,12.0,0.3455,34.0,0.2117,28.0,0.3482,28.0,,,0.3521,11.0
2019-11-01,0.2854,36.0,0.1133,7.0,0.2561,8.0,,,0.2817,10.0,0.3445,33.0,0.2131,28.0,0.3364,24.0,,,0.3152,4.0
2019-10-31,0.2327,23.0,0.1043,6.0,0.2767,14.0,,,0.2643,7.0,0.3413,32.0,0.2131,28.0,0.3158,17.0,,,0.4056,31.0
2019-10-30,0.1885,12.0,0.1013,5.0,0.4347,54.0,,,0.3104,18.0,0.3452,34.0,0.2141,28.0,0.3329,23.0,,,0.3364,8.0
2019-10-29,0.1973,13.0,0.0903,3.0,0.2731,12.0,,,0.2884,12.0,0.3474,35.0,0.2141,28.0,0.3477,28.0,,,0.3719,17.0
2019-10-28,0.1936,12.0,0.1004,5.0,0.2909,18.0,,,0.2819,10.0,0.3492,35.0,0.2156,30.0,0.3445,28.0,,,0.3843,22.0
2019-10-25,0.1928,12.0,0.1057,6.0,0.2786,14.0,,,0.2658,7.0,0.3511,36.0,0.2162,30.0,0.3509,30.0,,,0.3696,16.0
2019-10-24,0.1384,4.0,0.1145,8.0,0.3208,27.0,,,0.2835,11.0,0.3532,37.0,0.2175,30.0,0.3335,23.0,,,0.3665,15.0
2019-10-23,0.1414,4.0,0.1133,7.0,0.3113,24.0,,,0.3223,22.0,0.353,37.0,0.2176,30.0,0.3719,36.0,,,0.3779,19.0
2019-10-22,0.1618,7.0,0.1185,9.0,0.2914,18.0,,,0.3329,24.0,0.3525,36.0,0.2176,30.0,0.3498,28.0,,,0.33,6.0
2019-10-21,0.3528,50.0,0.1446,16.0,0.2754,13.0,,,0.3543,31.0,0.3526,36.0,0.2177,30.0,0.3191,19.0,,,0.3806,21.0
2019-10-18,0.351,50.0,0.1584,22.0,0.3046,22.0,,,0.3443,28.0,0.3547,37.0,0.2177,30.0,0.3295,22.0,,,0.3762,18.0
2019-10-17,0.3428,49.0,0.1546,20.0,0.2836,16.0,,,0.3081,17.0,0.355,37.0,0.2176,30.0,0.3354,24.0,,,0.3799,20.0
2019-10-16,0.4677,70.0,0.1635,24.0,0.2922,18.0,,,0.6356,83.0,0.355,37.0,0.2172,30.0,0.341,26.0,,,0.3808,21.0
2019-10-15,0.4733,71.0,0.1555,20.0,0.3022,21.0,,,0.3174,20.0,0.3558,37.0,0.2168,30.0,0.3444,28.0,,,0.3838,22.0
2019-10-14,0.4724,71.0,0.15,18.0,0.2837,16.0,,,0.338,26.0,0.3555,37.0,0.2165,30.0,0.3641,33.0,,,0.3851,23.0
2019-10-11,0.4438,66.0,0.179,30.0,0.2701,12.0,,,0.3605,32.0,0.3546,37.0,0.2166,30.0,0.4318,51.0,,,0.3654,15.0
2019-10-10,0.3878,57.0,0.2112,40.0,0.3519,35.0,,,0.3512,28.0,0.3473,34.0,0.216,30.0,0.3667,34.0,,,0.3999,28.0
2019-10-09,0.4031,59.0,0.2872,59.0,0.3625,38.0,,,0.424,49.0,0.3455,34.0,0.2153,28.0,0.3011,12.0,,,0.4608,49.0
2019-10-08,0.4193,62.0,0.2857,57.0,0.4023,47.0,,,0.4122,46.0,0.3468,34.0,0.2152,28.0,0.3557,31.0,,,0.4093,32.0
2019-10-07,0.374,54.0,0.2818,57.0,0.6386,84.0,,,0.3668,34.0,0.3421,32.0,0.2144,28.0,0.2732,5.0,,,0.318,4.0
2019-10-04,0.3737,54.0,0.2852,57.0,0.3409,32.0,,,0.3192,21.0,0.342,32.0,0.2145,28.0,0.3937,42.0,,,0.3975,28.0
2019-10-03,0.381,55.0,0.2934,60.0,0.4887,64.0,,,0.3647,33.0,0.3427,33.0,0.2145,28.0,0.3536,30.0,,,0.3541,11.0
2019-10-02,0.3768,55.0,0.3011,62.0,0.427,52.0,,,0.4232,49.0,0.3425,33.0,0.213,28.0,0.3973,43.0,,,0.4288,39.0
2019-10-01,0.3485,49.0,0.2688,54.0,0.3905,44.0,,,1.0513,98.0,0.3392,32.0,0.2105,27.0,0.3573,32.0,,,0.4798,53.0
2019-09-30,0.2318,23.0,0.1802,30.0,0.3095,23.0,,,0.3289,23.0,0.3352,31.0,0.2052,25.0,0.3554,31.0,,,0.3903,24.0
2019-09-27,0.2016,14.0,0.1829,32.0,0.3425,33.0,,,0.3582,31.0,0.3366,31.0,0.2055,25.0,0.365,33.0,,,0.3989,28.0
2019-09-26,0.2018,14.0,0.18,30.0,0.3444,33.0,,,0.329,23.0,0.3366,31.0,0.2051,25.0,0.339,25.0,,,0.3893,24.0
2019-09-25,0.2113,17.0,0.1775,28.0,0.3869,43.0,,,0.323,22.0,0.3398,32.0,0.2054,25.0,0.3503,28.0,,,0.3877,24.0
2019-09-24,0.2148,18.0,0.1679,25.0,0.2817,15.0,,,0.3951,41.0,0.3399,32.0,0.205,25.0,0.3085,15.0,,,0.4041,30.0
2019-09-23,0.2271,22.0,0.1259,11.0,0.2947,19.0,,,0.3105,18.0,0.3383,32.0,0.2028,22.0,0.3319,23.0,,,0.4136,34.0
2019-09-20,0.2358,23.0,0.1504,18.0,0.2756,13.0,,,0.3487,28.0,0.3383,32.0,0.2029,23.0,0.3253,21.0,,,0.3996,28.0
2019-09-19,0.267,32.0,0.1766,28.0,0.2381,5.0,,,0.3555,31.0,0.3384,32.0,0.2031,23.0,0.2649,4.0,,,0.3936,26.0
2019-09-18,0.2827,35.0,0.1951,35.0,0.5977,80.0,,,0.3504,28.0,0.3385,32.0,0.2041,24.0,0.3269,21.0,,,0.4229,37.0
2019-09-17,0.2764,34.0,0.193,35.0,0.2977,20.0,,,0.3498,28.0,0.3498,36.0,0.2049,24.0,0.3401,26.0,,,0.3762,18.0
2019-09-16,0.2749,34.0,0.201,37.0,0.2837,16.0,,,0.4511,55.0,0.3511,36.0,0.2048,24.0,0.3706,35.0,,,0.3716,17.0
2019-09-13,0.1258,3.0,0.2016,37.0,0.2432,6.0,,,0.2955,14.0,0.3491,35.0,0.2051,25.0,0.3254,21.0,,,0.3658,15.0
2019-09-12,0.1391,4.0,0.1981,36.0,0.2606,9.0,,,0.2814,10.0,0.3482,35.0,0.2063,25.0,0.336,24.0,,,0.3777,19.0
2019-09-11,0.2434,25.0,0.182,31.0,0.2948,19.0,,,0.2609,6.0,0.3481,35.0,0.2057,25.0,0.3353,24.0,,,0.3786,20.0
2019-09-10,0.2243,21.0,0.1572,21.0,0.3259,28.0,,,0.3051,16.0,0.3464,34.0,0.2046,24.0,0.3521,30.0,,,0.3841,22.0
2019-09-09,0.246,26.0,0.1366,14.0,0.3217,27.0,,,0.2668,7.0,0.3471,34.0,0.2042,24.0,0.3433,27.0,,,0.368,16.0
2019-09-06,0.2519,27.0,0.1695,26.0,0.2776,14.0,,,0.2858,11.0,0.3476,35.0,0.2047,24.0,0.3435,27.0,,,0.3862,23.0
2019-09-05,0.2588,28.0,0.1929,35.0,0.3428,33.0,,,0.3944,41.0,0.3477,35.0,0.2053,25.0,0.3678,34.0,,,0.4066,31.0
2019-09-04,0.267,32.0,0.1697,26.0,0.4102,48.0,,,0.3525,30.0,0.3499,36.0,0.2049,24.0,0.3518,30.0,,,0.4161,35.0
2019-09-03,0.4278,64.0,0.272,55.0,0.4536,57.0,,,0.4285,50.0,0.3481,35.0,0.2069,26.0,0.3999,44.0,,,0.4137,34.0
2019-08-30,0.4224,63.0,0.2568,51.0,0.3477,34.0,,,0.3764,36.0,0.348,35.0,0.2077,26.0,0.3584,32.0,,,0.4244,38.0
2019-08-29,0.4223,62.0,0.2527,51.0,0.3666,38.0,,,0.3981,43.0,0.3476,35.0,0.2078,26.0,0.4777,60.0,,,0.3753,18.0
2019-08-28,0.3923,57.0,0.2655,54.0,0.4881,64.0,,,0.3722,35.0,0.3451,34.0,0.2077,26.0,0.4023,45.0,,,0.4339,41.0
2019-08-27,0.3811,56.0,0.2437,48.0,0.4307,53.0,,,0.4868,62.0,0.3435,33.0,0.2078,26.0,0.3824,39.0,,,0.4429,44.0
2019-08-26,0.4591,68.0,0.2543,51.0,0.4132,49.0,,,0.53,70.0,0.3435,33.0,0.2078,26.0,0.3939,42.0,,,0.438,42.0
2019-08-23,0.459,68.0,0.2626,53.0,0.2861,16.0,,,0.5007,65.0,0.345,34.0,0.2082,26.0,0.3373,24.0,,,0.478,52.0
2019-08-22,0.5016,74.0,0.2157,41.0,0.3379,32.0,,,0.4364,52.0,0.3378,31.0,0.2036,23.0,0.3259,21.0,,,0.4285,39.0
2019-08-21,0.5087,75.0,0.3203,66.0,0.3374,32.0,,,0.407,45.0,0.3375,31.0,0.2028,22.0,0.3647,33.0,,,0.4354,41.0
2019-08-20,0.5363,78.0,0.3344,68.0,0.3457,33.0,,,0.454,56.0,0.3378,31.0,0.2026,22.0,0.344,27.0,,,0.4211,37.0
2019-08-19,0.5302,77.0,0.3288,68.0,0.4133,49.0,,,0.4155,47.0,0.3362,31.0,0.2015,22.0,0.4025,45.0,,,0.4383,42.0
2019-08-16,0.5895,82.0,0.3469,70.0,0.4078,48.0,,,0.4354,52.0,0.3353,31.0,0.2016,22.0,0.4012,45.0,,,0.4514,46.0
2019-08-15,0.5594,80.0,0.3583,72.0,0.4506,57.0,,,0.4678,59.0,0.3358,31.0,0.2018,22.0,0.4227,49.0,,,0.4647,50.0
2019-08-14,0.5615,80.0,0.3739,74.0,0.5234,70.0,,,0.5341,71.0,0.3367,31.0,0.2013,21.0,0.4212,49.0,,,0.4632,49.0
2019-08-13,0.4639,69.0,0.3749,74.0,0.901,97.0,,,0.4525,56.0,0.3272,27.0,0.1996,21.0,0.3727,36.0,,,0.365,15.0
2019-08-12,0.4778,72.0,0.2959,61.0,0.4736,62.0,,,0.4408,53.0,0.3275,28.0,0.1907,17.0,0.4048,45.0,,,0.435,41.0
2019-08-09,0.4488,67.0,0.3291,68.0,0.371,39.0,,,0.3692,35.0,0.3236,26.0,0.1894,16.0,0.3899,41.0,,,0.4043,30.0
2019-08-08,0.4684,70.0,0.3545,71.0,0.4209,51.0,,,0.3499,28.0,0.3283,28.0,0.1901,16.0,0.3633,33.0,,,0.3993,28.0
2019-08-07,0.3532,50.0,0.3412,69.0,0.4678,60.0,,,0.4163,47.0,0.3233,26.0,0.1883,16.0,0.3951,43.0,,,0.3964,27.0
2019-08-06,0.2614,30.0,0.3139,65.0,0.5176,69.0,,,0.4645,57.0,0.3218,26.0,0.1867,15.0,0.4065,46.0,,,0.4188,36.0
2019-08-05,0.2657,31.0,0.2928,60.0,0.5211,70.0,,,0.4996,65.0,0.3262,27.0,0.1851,15.0,0.408,46.0,,,0.4361,42.0
2019-08-02,0.2513,27.0,0.2947,61.0,0.3735,40.0,,,0.4122,46.0,0.3233,26.0,0.1831,14.0,0.3496,28.0,,,0.3521,11.0
2019-08-01,0.2494,26.0,0.2786,56.0,0.3727,40.0,,,0.3856,39.0,0.3208,26.0,0.1817,13.0,0.3579,32.0,,,0.4177,35.0
2019-07-31,0.3249,45.0,0.2205,43.0,0.3627,38.0,,,0.3859,39.0,0.3191,25.0,0.1771,11.0,0.3056,14.0,,,0.3896,24.0
2019-07-30,0.26,28.0,0.1663,25.0,0.4191,50.0,,,0.2879,12.0,0.316,25.0,0.1737,10.0,0.3992,44.0,,,0.351,11.0
2019-07-29,0.2565,28.0,0.1558,20.0,0.3285,28.0,,,0.3272,23.0,0.321,26.0,0.1747,10.0,0.3287,22.0,,,0.3785,20.0
2019-07-26,0.2488,26.0,0.1613,23.0,0.3144,25.0,,,0.3158,20.0,0.3234,26.0,0.178,11.0,0.3497,28.0,,,0.373,18.0
2019-07-25,0.2744,33.0,0.1566,21.0,0.3006,21.0,,,0.338,26.0,0.3242,26.0,0.1773,11.0,0.3518,30.0,,,0.3809,21.0
2019-07-24,0.2146,18.0,0.1328,13.0,0.294,19.0,,,0.274,9.0,0.3221,26.0,0.1755,10.0,0.3373,24.0,,,0.3682,16.0
2019-07-23,0.2147,18.0,0.1359,14.0,0.2742,13.0,,,0.2966,14.0,0.3281,28.0,0.176,10.0,0.327,21.0,,,0.3723,17.0
2019-07-22,0.2052,15.0,0.1325,13.0,0.2875,17.0,,,0.298,15.0,0.3264,27.0,0.1759,10.0,0.3448,28.0,,,0.3807,21.0
2019-07-19,0.2006,14.0,0.1366,14.0,0.2876,17.0,,,0.3102,18.0,0.3273,27.0,0.1783,11.0,0.3366,24.0,,,0.3549,12.0
2019-07-18,0.2046,15.0,0.1405,15.0,0.3175,26.0,,,0.2884,12.0,0.3297,28.0,0.1796,12.0,0.3375,25.0,,,0.3761,18.0
2019-07-17,0.2567,28.0,0.1327,13.0,0.306,22.0,,,0.2446,3.0,0.3321,28.0,0.1814,13.0,0.3317,23.0,,,0.3649,15.0
2019-07-16,0.2664,31.0,0.1412,16.0,0.247,6.0,,,0.307,17.0,0.3342,30.0,0.1828,14.0,0.2831,7.0,,,0.3491,10.0
2019-07-15,0.2688,32.0,0.1215,10.0,0.3189,26.0,,,0.2915,13.0,0.3347,30.0,0.1821,13.0,0.3376,25.0,,,0.3344,7.0
2019-07-12,0.2708,33.0,0.118,9.0,0.317,25.0,,,0.2548,5.0,0.3354,31.0,0.1832,14.0,0.331,23.0,,,0.3525,11.0
2019-07-11,0.1823,10.0,0.1141,8.0,0.39,44.0,,,0.2714,8.0,0.3344,30.0,0.1832,14.0,0.3428,27.0,,,0.3485,10.0
2019-07-10,0.2007,14.0,0.1185,9.0,0.2615,9.0,,,0.336,25.0,0.3351,30.0,0.183,14.0,0.3281,22.0,,,0.3914,25.0
2019-07-09,0.2281,22.0,0.1128,7.0,0.3039,22.0,,,0.3195,21.0,0.3356,31.0,0.1845,14.0,0.3188,19.0,,,0.4026,30.0
2019-07-08,0.2017,14.0,0.1112,7.0,0.2388,5.0,,,0.368,34.0,0.3342,30.0,0.1844,14.0,0.2551,2.0,,,0.3201,5.0
2019-07-05,0.1495,5.0,0.0886,3.0,0.317,25.0,,,0.2518,4.0,0.3343,30.0,0.1837,14.0,0.3111,16.0,,,0.3542,11.0
2019-07-03,0.1111,2.0,0.0759,1.0,0.3261,28.0,,,0.2652,7.0,0.3339,30.0,0.1866,15.0,0.3365,24.0,,,0.3507,10.0
2019-07-02,0.11,2.0,0.0965,4.0,0.2415,5.0,,,0.2787,9.0,0.3518,36.0,0.1936,19.0,0.2701,5.0,,,0.3804,20.0
2019-07-01,0.0791,1.0,0.0963,4.0,0.3077,23.0,,,0.3209,21.0,0.3614,39.0,0.1951,19.0,0.3296,22.0,,,0.3842,22.0
2019-06-28,0.1232,3.0,0.0884,3.0,0.3699,39.0,,,0.2995,15.0,0.3624,39.0,0.2037,23.0,0.344,27.0,,,0.3417,8.0
2019-06-27,0.1559,6.0,0.1031,5.0,0.3332,30.0,,,0.2629,6.0,0.3622,39.0,0.2048,24.0,0.3739,36.0,,,0.3662,15.0
2019-06-26,0.2009,14.0,0.14,15.0,0.3221,27.0,,,0.3266,23.0,0.3628,39.0,0.2061,25.0,0.3529,30.0,,,0.3868,23.0
2019-06-25,0.2579,28.0,0.1459,17.0,0.2969,20.0,,,0.2824,10.0,0.3664,41.0,0.2146,28.0,0.341,26.0,,,0.3701,17.0
2019-06-24,0.2721,33.0,0.1475,17.0,0.306,22.0,,,0.2649,7.0,0.3838,44.0,0.234,38.0,0.3488,28.0,,,0.3441,9.0
2019-06-21,0.2879,37.0,0.1415,16.0,0.2705,12.0,,,0.3165,20.0,0.39,45.0,0.2375,38.0,0.3402,26.0,,,0.316,4.0
2019-06-20,0.2872,37.0,0.1455,17.0,0.2529,8.0,,,0.312,18.0,0.3901,45.0,0.2427,39.0,0.3189,19.0,,,0.3856,23.0
2019-06-19,0.2626,30.0,0.1491,18.0,0.2822,15.0,,,0.3622,33.0,0.3912,46.0,0.2478,40.0,0.3221,19.0,,,0.3784,20.0
2019-06-18,0.2478,26.0,0.1484,18.0,0.4525,57.0,,,0.3508,28.0,0.3942,47.0,0.2569,42.0,0.3842,40.0,,,0.3962,27.0
2019-06-17,0.2216,20.0,0.1398,15.0,0.2809,15.0,,,0.5354,71.0,0.3932,47.0,0.2567,42.0,0.3345,24.0,,,0.4342,41.0
2019-06-14,0.1543,6.0,0.1547,20.0,0.3418,33.0,,,0.3154,19.0,0.3946,47.0,0.2589,43.0,0.3253,21.0,,,0.459,48.0
2019-06-13,0.0783,1.0,0.189,34.0,0.4221,51.0,,,0.3172,20.0,0.3958,47.0,0.2599,43.0,0.3853,40.0,,,0.3812,21.0
2019-06-12,0.3068,41.0,0.2492,50.0,0.354,36.0,,,0.3333,24.0,0.3964,47.0,0.2606,44.0,0.3642,33.0,,,0.4141,34.0
2019-06-11,0.4175,62.0,0.3215,66.0,0.3492,34.0,,,0.6384,83.0,0.3973,48.0,0.2612,44.0,0.3001,12.0,,,0.4529,47.0
2019-06-10,0.519,76.0,0.3182,66.0,0.3063,22.0,,,0.4147,47.0,0.3975,48.0,0.2656,47.0,0.301,12.0,,,0.4073,32.0
2019-06-07,0.5301,77.0,0.3147,65.0,0.3171,25.0,,,0.3414,27.0,0.3974,48.0,0.2666,48.0,0.3159,17.0,,,0.363,14.0
2019-06-06,0.5459,79.0,0.3184,66.0,0.377,41.0,,,0.343,27.0,0.4031,48.0,0.275,51.0,0.3262,21.0,,,0.3561,12.0
2019-06-05,0.5837,81.0,0.3115,64.0,0.4167,50.0,,,0.3544,31.0,0.4101,50.0,0.2769,51.0,0.3326,23.0,,,0.4336,41.0
2019-06-04,0.5826,81.0,0.3038,63.0,0.9046,97.0,,,0.3113,18.0,0.4134,51.0,0.2757,51.0,0.3412,26.0,,,0.3848,22.0
2019-06-03,0.5281,77.0,0.2647,53.0,0.8524,95.0,,,0.2602,6.0,0.409,49.0,0.2753,51.0,0.4837,61.0,,,0.3517,11.0
2019-05-31,0.2502,27.0,0.1759,28.0,0.4354,54.0,,,0.4284,50.0,0.3974,48.0,0.2709,49.0,0.3754,37.0,,,0.4352,41.0
2019-05-30,0.2972,39.0,0.1846,32.0,0.3991,46.0,,,0.4192,48.0,0.3962,47.0,0.2716,49.0,0.3877,41.0,,,0.428,39.0
2019-05-29,0.3151,43.0,0.1902,34.0,0.5069,68.0,,,0.3594,32.0,0.3997,48.0,0.2753,51.0,0.4085,46.0,,,0.397,27.0
2019-05-28,0.3236,45.0,0.1768,28.0,0.3494,34.0,,,0.3589,32.0,0.4022,48.0,0.2746,51.0,0.3377,25.0,,,0.4487,46.0
2019-05-24,0.3863,56.0,0.1684,26.0,0.362,37.0,,,0.4446,54.0,0.402,48.0,0.2748,51.0,0.2585,3.0,,,0.322,5.0
2019-05-23,0.3672,53.0,0.1586,22.0,0.3337,30.0,,,0.4409,53.0,0.4025,48.0,0.2742,50.0,0.3556,31.0,,,0.4307,40.0
2019-05-22,0.3592,51.0,0.1592,22.0,0.3277,28.0,,,0.4444,54.0,0.4015,48.0,0.2736,50.0,0.2348,1.0,,,0.3378,8.0
2019-05-21,0.4691,70.0,0.1745,28.0,0.4299,53.0,,,0.3219,21.0,0.406,49.0,0.2735,50.0,0.3362,24.0,,,0.3961,27.0
2019-05-20,0.4643,69.0,0.2221,43.0,0.3533,36.0,,,0.4132,47.0,0.407,49.0,0.2757,51.0,0.3525,30.0,,,0.4114,33.0
2019-05-17,0.458,68.0,0.2446,49.0,0.3231,27.0,,,0.3958,42.0,0.4063,49.0,0.2764,51.0,0.3214,19.0,,,0.3868,23.0
2019-05-16,0.4394,65.0,0.2398,48.0,0.3693,39.0,,,0.3589,32.0,0.4075,49.0,0.2766,51.0,0.365,33.0,,,0.3821,21.0
2019-05-15,0.4502,67.0,0.257,52.0,0.5605,75.0,,,0.3663,34.0,0.4056,49.0,0.2779,51.0,0.3885,41.0,,,0.3727,17.0
2019-05-14,0.4593,68.0,0.2543,51.0,0.6018,80.0,,,0.3705,35.0,0.4059,49.0,0.2787,52.0,0.3715,36.0,,,0.3872,23.0
2019-05-13,0.4794,72.0,0.2639,53.0,0.3821,42.0,,,0.7324,90.0,0.4062,49.0,0.2792,52.0,0.3473,28.0,,,0.4186,36.0
2019-05-10,0.4197,62.0,0.2614,53.0,0.6015,80.0,,,0.3201,21.0,0.4032,48.0,0.2794,52.0,0.409,46.0,,,0.3144,4.0
2019-05-09,0.3834,56.0,0.2375,47.0,0.7599,92.0,,,0.4124,46.0,0.4019,48.0,0.2771,51.0,0.3332,23.0,,,0.2938,2.0
2019-05-08,0.4054,60.0,0.2167,41.0,0.425,52.0,,,0.4589,57.0,0.4028,48.0,0.2758,51.0,0.3522,30.0,,,0.4028,30.0
2019-05-07,0.4105,60.0,0.214,41.0,0.4568,57.0,,,0.5372,71.0,0.4037,49.0,0.2761,51.0,0.3415,26.0,,,0.4216,37.0
2019-05-06,0.3818,56.0,0.1946,35.0,0.4438,56.0,,,0.3211,21.0,0.3997,48.0,0.276,51.0,0.3669,34.0,,,0.3598,13.0
2019-05-03,0.3837,56.0,0.1877,33.0,0.4447,56.0,,,0.314,19.0,0.3978,48.0,0.277,51.0,0.3774,37.0,,,0.33,6.0
2019-05-02,0.293,38.0,0.1603,22.0,0.2969,20.0,,,0.4255,50.0,0.4071,49.0,0.2775,51.0,0.3255,21.0,,,0.404,30.0
2019-05-01,0.2886,37.0,0.136,14.0,0.3161,25.0,,,0.6404,83.0,0.4077,49.0,0.2777,51.0,0.3161,17.0,,,0.435,41.0
2019-04-30,0.2257,21.0,0.0901,3.0,0.3533,36.0,,,0.2977,15.0,0.4052,49.0,0.2776,51.0,0.3352,24.0,,,0.3893,24.0
2019-04-29,0.2146,18.0,0.0689,1.0,0.3157,25.0,,,0.3205,21.0,0.4052,49.0,0.2816,52.0,0.3227,20.0,,,0.3552,12.0
2019-04-26,0.2065,16.0,0.0781,2.0,0.4011,47.0,,,0.2288,2.0,0.4067,49.0,0.2837,53.0,0.3561,31.0,,,0.2785,1.0
2019-04-25,0.2145,18.0,0.0854,2.0,0.3125,24.0,,,0.3281,23.0,0.4097,50.0,0.2853,53.0,0.3127,16.0,,,0.3542,11.0
2019-04-24,0.1577,6.0,0.0828,2.0,0.2893,17.0,,,0.3333,24.0,0.4211,53.0,0.2899,53.0,0.1975,1.0,,,0.3374,8.0
2019-04-23,0.2146,18.0,0.075,1.0,0.2825,15.0,,,0.2651,7.0,0.4231,54.0,0.2915,54.0,0.2856,8.0,,,0.3258,5.0
2019-04-22,0.2146,18.0,0.075,1.0,0.2522,8.0,,,0.3134,19.0,0.4234,54.0,0.2923,54.0,0.3055,14.0,,,0.3534,11.0
2019-04-18,0.1784,9.0,0.0774,2.0,0.2901,18.0,,,0.2987,15.0,0.4229,54.0,0.2925,54.0,0.3438,27.0,,,0.3468,10.0
2019-04-17,0.2177,19.0,0.0816,2.0,0.2371,4.0,,,0.3358,25.0,0.4236,54.0,0.2928,55.0,0.2806,7.0,,,0.3887,24.0
2019-04-16,0.2144,18.0,0.0692,1.0,0.3084,23.0,,,0.3127,19.0,0.4244,54.0,0.2926,54.0,0.333,23.0,,,0.3282,6.0
2019-04-15,0.1982,13.0,0.0588,1.0,0.2466,6.0,,,0.3944,41.0,0.4252,54.0,0.2937,55.0,0.3029,13.0,,,0.3789,20.0
2019-04-12,0.2568,28.0,0.0854,2.0,0.2975,20.0,,,0.2551,5.0,0.4251,54.0,0.2938,55.0,0.3216,19.0,,,0.2812,1.0
2019-04-11,0.2711,33.0,0.0947,4.0,0.3019,21.0,,,0.3032,16.0,0.4243,54.0,0.2956,55.0,0.3312,23.0,,,0.3461,9.0
2019-04-10,0.2662,31.0,0.1029,5.0,0.3123,24.0,,,0.3182,20.0,0.4244,54.0,0.2972,55.0,0.315,17.0,,,0.3873,23.0
2019-04-09,0.3071,41.0,0.1168,8.0,0.2554,8.0,,,0.3403,26.0,0.4285,56.0,0.2997,55.0,0.3084,15.0,,,0.3849,22.0
2019-04-08,0.228,22.0,0.1261,11.0,0.2775,14.0,,,0.2834,11.0,0.4377,57.0,0.3004,55.0,0.2828,7.0,,,0.3381,8.0
2019-04-05,0.1927,12.0,0.1249,11.0,0.2797,15.0,,,0.2497,4.0,0.4379,57.0,0.3007,56.0,0.3201,19.0,,,0.3679,16.0
2019-04-04,0.2054,15.0,0.129,12.0,0.2822,15.0,,,0.2845,11.0,0.4391,57.0,0.3009,56.0,0.3337,23.0,,,0.3723,17.0
2019-04-03,0.1957,13.0,0.1329,13.0,0.268,11.0,,,0.2941,14.0,0.439,57.0,0.3007,56.0,0.31,15.0,,,0.3773,19.0
2019-04-02,0.2142,18.0,0.1521,19.0,0.4047,47.0,,,0.3982,43.0,0.4397,57.0,0.3005,56.0,0.3315,23.0,,,0.3578,13.0
2019-04-01,0.4808,72.0,0.175,28.0,0.2812,15.0,,,0.3502,28.0,0.4396,57.0,0.3004,55.0,0.3309,22.0,,,0.3599,13.0
2019-03-29,0.4539,67.0,0.1668,25.0,0.3022,21.0,,,0.3392,26.0,0.437,57.0,0.3,55.0,0.3428,27.0,,,0.3695,16.0
2019-03-28,0.4388,65.0,0.1704,27.0,0.3277,28.0,,,0.3358,25.0,0.4368,57.0,0.2999,55.0,0.3411,26.0,,,0.4036,30.0
2019-03-27,0.4201,62.0,0.2027,37.0,0.3553,36.0,,,0.3479,28.0,0.4364,57.0,0.3,55.0,0.3509,30.0,,,0.3967,27.0
2019-03-26,0.4327,64.0,0.2066,38.0,0.3747,40.0,,,0.3329,24.0,0.438,57.0,0.2999,55.0,0.3538,31.0,,,0.383,21.0
2019-03-25,0.423,63.0,0.2034,37.0,0.3766,41.0,,,0.3972,42.0,0.4377,57.0,0.2995,55.0,0.3326,23.0,,,0.3991,28.0
2019-03-22,0.4414,66.0,0.198,36.0,0.2701,12.0,,,0.3955,42.0,0.4393,57.0,0.2991,55.0,0.2707,5.0,,,0.3831,21.0
2019-03-21,0.2566,28.0,0.1875,33.0,0.3273,28.0,,,0.2927,13.0,0.4309,56.0,0.2982,55.0,0.2582,3.0,,,0.3371,8.0
2019-03-20,0.226,21.0,0.1898,34.0,0.3886,44.0,,,0.289,12.0,0.4315,56.0,0.2982,55.0,0.3402,26.0,,,0.3805,20.0
2019-03-19,0.2863,36.0,0.198,36.0,0.2762,13.0,,,0.3567,31.0,0.4326,57.0,0.2978,55.0,0.2999,12.0,,,0.4611,49.0
2019-03-18,0.2816,35.0,0.1759,28.0,0.3124,24.0,,,0.297,14.0,0.4324,57.0,0.2968,55.0,0.319,19.0,,,0.3141,4.0
2019-03-15,0.3043,41.0,0.2183,42.0,0.2761,13.0,,,0.32,21.0,0.4321,57.0,0.2965,55.0,0.3004,12.0,,,0.361,14.0
2019-03-14,0.3042,41.0,0.2208,43.0,0.2661,10.0,,,0.3845,39.0,0.4321,57.0,0.2961,55.0,0.3043,13.0,,,0.4078,32.0
2019-03-13,0.2476,26.0,0.2094,39.0,0.3328,30.0,,,0.3166,20.0,0.4305,56.0,0.2956,55.0,0.3288,22.0,,,0.3442,9.0
2019-03-12,0.2366,24.0,0.2261,44.0,0.3016,21.0,,,0.3373,26.0,0.4302,56.0,0.2951,55.0,0.3308,22.0,,,0.3825,21.0
2019-03-11,0.2316,23.0,0.2344,46.0,0.3469,34.0,,,0.3175,20.0,0.43,56.0,0.2949,55.0,0.328,22.0,,,0.3364,8.0
2019-03-08,0.1441,5.0,0.2303,45.0,0.3695,39.0,,,0.3181,20.0,0.428,55.0,0.2943,55.0,0.3533,30.0,,,0.3706,17.0
2019-03-07,0.1448,5.0,0.2235,43.0,0.3877,44.0,,,0.3236,22.0,0.4309,56.0,0.2939,55.0,0.3514,30.0,,,0.3788,20.0
2019-03-06,0.1317,3.0,0.174,28.0,0.3263,28.0,,,0.3576,31.0,0.4305,56.0,0.292,54.0,0.3278,21.0,,,0.3782,19.0
2019-03-05,0.1849,11.0,0.1611,23.0,0.2877,17.0,,,0.3678,34.0,0.4313,56.0,0.292,54.0,0.296,11.0,,,0.392,25.0
2019-03-04,0.2058,15.0,0.1599,22.0,0.3838,42.0,,,0.3694,35.0,0.4317,57.0,0.2921,54.0,0.3332,23.0,,,0.3746,18.0
2019-03-01,0.2086,16.0,0.1213,10.0,0.2416,5.0,,,0.4717,60.0,0.4317,57.0,0.2916,54.0,0.3158,17.0,,,0.3624,14.0
2019-02-28,0.3233,45.0,0.1468,17.0,0.2181,2.0,,,0.5084,67.0,0.4321,57.0,0.292,54.0,0.2737,5.0,,,0.3796,20.0
2019-02-27,0.2762,34.0,0.1366,14.0,0.3019,21.0,,,0.3175,20.0,0.4309,56.0,0.2915,54.0,0.3233,20.0,,,0.3724,17.0
2019-02-26,0.2709,33.0,0.1356,14.0,0.2703,12.0,,,0.3045,16.0,0.4309,56.0,0.2917,54.0,0.2948,10.0,,,0.3483,10.0
2019-02-25,0.2925,38.0,0.1364,14.0,0.3206,27.0,,,0.3632,33.0,0.4332,57.0,0.2925,54.0,0.3206,19.0,,,0.3632,14.0
2019-02-22,0.291,37.0,0.1414,16.0,0.2852,16.0,,,0.2917,13.0,0.4338,57.0,0.2927,54.0,0.3389,25.0,,,0.3504,10.0
2019-02-21,0.3564,51.0,0.1715,27.0,0.2603,9.0,,,0.3228,22.0,0.4342,57.0,0.2927,54.0,0.3152,17.0,,,0.3431,9.0
2019-02-20,0.3256,45.0,0.1679,25.0,0.3172,26.0,,,0.2716,8.0,0.4343,57.0,0.2926,54.0,0.3533,30.0,,,0.3263,6.0
2019-02-19,0.3142,43.0,0.1568,21.0,0.3409,32.0,,,0.2805,10.0,0.4315,56.0,0.2914,54.0,0.3666,34.0,,,0.3684,16.0
2019-02-15,0.4214,62.0,0.1696,26.0,0.3006,21.0,,,0.2451,3.0,0.4314,56.0,0.2914,54.0,0.3051,14.0,,,0.3405,8.0
2019-02-14,0.4042,59.0,0.1694,26.0,0.3295,28.0,,,0.303,16.0,0.4305,56.0,0.2918,54.0,0.3295,22.0,,,0.3596,13.0
2019-02-13,0.3953,57.0,0.168,25.0,0.3382,32.0,,,0.285,11.0,0.4308,56.0,0.2919,54.0,0.333,23.0,,,0.3981,28.0
2019-02-12,0.3917,57.0,0.1683,26.0,0.3493,34.0,,,0.2781,9.0,0.4332,57.0,0.2923,54.0,0.2972,11.0,,,0.2718,1.0
2019-02-11,0.2657,31.0,0.141,15.0,0.4715,61.0,,,0.5294,70.0,0.4288,56.0,0.2915,54.0,0.3635,33.0,,,0.4174,35.0
2019-02-08,0.3291,46.0,0.1712,27.0,0.5162,69.0,,,0.3643,33.0,0.4298,56.0,0.2924,54.0,0.442,53.0,,,0.4066,31.0
2019-02-07,0.4096,60.0,0.2055,38.0,0.3275,28.0,,,0.4807,61.0,0.431,56.0,0.2922,54.0,0.3231,20.0,,,0.4036,30.0
2019-02-06,0.3575,51.0,0.1888,33.0,0.5029,67.0,,,0.5474,73.0,0.4283,56.0,0.2915,54.0,0.3389,25.0,,,0.3706,17.0
2019-02-05,0.3479,49.0,0.1959,35.0,0.4196,50.0,,,0.3546,31.0,0.4282,55.0,0.2918,54.0,0.3524,30.0,,,0.411,33.0
2019-02-04,0.4277,64.0,0.2032,37.0,0.4977,66.0,,,0.3395,26.0,0.4281,55.0,0.2918,54.0,0.3342,24.0,,,0.3402,8.0
2019-02-01,0.4458,66.0,0.2022,37.0,0.4108,49.0,,,0.3407,27.0,0.4282,55.0,0.2919,54.0,0.3558,31.0,,,0.3819,21.0
2019-01-31,0.464,69.0,0.2368,47.0,0.4652,60.0,,,0.3393,26.0,0.4281,55.0,0.2918,54.0,0.3291,22.0,,,0.395,26.0
2019-01-30,0.4212,62.0,0.2344,46.0,0.4642,60.0,,,0.4352,52.0,0.4253,54.0,0.2915,54.0,0.4061,46.0,,,0.3736,18.0
2019-01-29,0.4194,62.0,0.2183,42.0,0.4424,55.0,,,0.3367,25.0,0.4241,54.0,0.2899,53.0,0.4112,47.0,,,0.3956,27.0
2019-01-28,0.449,67.0,0.2447,49.0,0.4722,61.0,,,0.4315,51.0,0.4248,54.0,0.2906,53.0,0.4377,53.0,,,0.366,15.0
2019-01-25,0.4449,66.0,0.2437,48.0,0.4198,51.0,,,0.3742,36.0,0.4248,54.0,0.2906,53.0,0.4206,49.0,,,0.4472,45.0
2019-01-24,0.3868,57.0,0.2532,51.0,0.4371,54.0,,,0.46,57.0,0.4196,53.0,0.2905,53.0,0.3941,42.0,,,0.4619,49.0
2019-01-23,0.3917,57.0,0.2532,51.0,0.4211,51.0,,,0.4593,57.0,0.4204,53.0,0.2909,54.0,0.3637,33.0,,,0.4395,43.0
2019-01-22,0.389,57.0,0.2218,43.0,0.4877,64.0,,,0.5584,74.0,0.4206,53.0,0.2898,53.0,0.3104,15.0,,,0.392,25.0
2019-01-18,0.3408,48.0,0.2267,44.0,0.38,41.0,,,0.4483,55.0,0.4201,53.0,0.289,53.0,0.38,38.0,,,0.3797,20.0
2019-01-17,0.3035,40.0,0.1922,34.0,0.5085,68.0,,,0.315,19.0,0.4177,52.0,0.2876,53.0,0.4836,61.0,,,0.3766,19.0
2019-01-16,0.2696,32.0,0.1607,22.0,0.485,64.0,,,0.4645,57.0,0.4147,51.0,0.2863,53.0,0.4156,48.0,,,0.3248,5.0
2019-01-15,0.2559,28.0,0.2108,40.0,0.4612,59.0,,,0.4892,63.0,0.4145,51.0,0.2862,53.0,0.383,39.0,,,0.4441,44.0
2019-01-14,0.5103,75.0,0.2888,59.0,0.4465,56.0,,,0.4313,51.0,0.4142,51.0,0.2855,53.0,0.3896,41.0,,,0.4187,36.0
2019-01-11,0.6516,86.0,0.3054,63.0,0.4953,66.0,,,0.4059,45.0,0.4162,51.0,0.2869,53.0,0.4135,48.0,,,0.4141,34.0
2019-01-10,0.6339,85.0,0.3947,77.0,0.6989,89.0,,,0.3638,33.0,0.4166,52.0,0.2871,53.0,0.4317,51.0,,,0.3616,14.0
2019-01-09,0.6356,85.0,0.3905,76.0,0.6193,82.0,,,0.6437,84.0,0.4159,51.0,0.286,53.0,0.388,41.0,,,0.4299,39.0
2019-01-08,0.6546,86.0,0.4032,78.0,0.5913,79.0,,,0.443,54.0,0.4158,51.0,0.2866,53.0,0.3566,32.0,,,0.3411,8.0
2019-01-07,0.6719,87.0,0.4753,84.0,0.4411,55.0,,,0.4382,52.0,0.4164,52.0,0.2865,53.0,0.4048,45.0,,,0.4111,33.0
2019-01-04,0.79,91.0,0.5985,91.0,0.8284,95.0,,,0.3201,21.0,0.4174,52.0,0.2846,53.0,0.4863,61.0,,,0.3321,7.0
2019-01-03,0.7693,91.0,0.5872,91.0,0.554,74.0,,,0.7672,91.0,0.401,48.0,0.2799,52.0,0.4062,46.0,,,0.5016,57.0
2019-01-02,0.6495,86.0,0.615,92.0,0.9568,97.0,,,0.5063,66.0,0.3939,47.0,0.2795,52.0,0.4673,57.0,,,0.3925,26.0
2018-12-31,0.681,87.0,0.6,91.0,0.6487,85.0,,,0.902,96.0,0.3926,46.0,0.2732,50.0,0.4495,55.0,,,0.5218,61.0
2018-12-28,0.721,89.0,0.6607,94.0,0.4967,66.0,,,0.6779,86.0,0.3926,46.0,0.2725,50.0,0.3783,38.0,,,0.4804,53.0
2018-12-27,0.7194,89.0,0.6586,93.0,0.955,97.0,,,0.4405,53.0,0.3928,46.0,0.2716,49.0,0.5662,76.0,,,0.3468,10.0
2018-12-26,0.7004,88.0,0.6262,92.0,1.0175,98.0,,,0.4721,60.0,0.3892,45.0,0.265,47.0,0.5638,76.0,,,0.4149,35.0
2018-12-24,0.3172,43.0,0.4986,86.0,0.5509,74.0,,,0.6644,86.0,0.3696,41.0,0.249,40.0,0.4135,48.0,,,0.5248,61.0
2018-12-21,0.2671,32.0,0.4735,84.0,0.5156,69.0,,,0.7154,89.0,0.3644,40.0,0.2475,40.0,0.3874,41.0,,,0.5164,60.0
2018-12-20,0.3533,50.0,0.4309,80.0,0.5184,69.0,,,0.9982,97.0,0.3651,40.0,0.2426,39.0,0.3985,44.0,,,0.4823,53.0
2018-12-19,0.3448,49.0,0.4298,80.0,0.4419,55.0,,,1.612,100.0,0.3671,41.0,0.2388,39.0,0.355,31.0,,,0.5252,61.0
2018-12-18,0.313,42.0,0.3347,68.0,0.518,69.0,,,0.5839,77.0,0.3669,41.0,0.2302,36.0,0.3982,44.0,,,0.4081,32.0
2018-12-17,0.3638,52.0,0.4388,81.0,0.5231,70.0,,,0.7942,92.0,0.3665,41.0,0.2293,36.0,0.4026,45.0,,,0.4405,43.0
2018-12-14,0.4271,63.0,0.442,82.0,0.4954,66.0,,,0.5364,71.0,0.3644,40.0,0.2299,36.0,0.3815,39.0,,,0.4539,47.0
2018-12-13,0.4416,66.0,0.4305,80.0,0.4465,56.0,,,0.6241,81.0,0.3668,41.0,0.2299,36.0,0.3767,37.0,,,0.4789,52.0
2018-12-12,0.581,81.0,0.4485,82.0,0.5378,72.0,,,0.6835,87.0,0.366,40.0,0.2291,36.0,0.3937,42.0,,,0.4566,48.0
2018-12-11,0.5413,78.0,0.4415,82.0,0.3741,40.0,,,0.699,88.0,0.3653,40.0,0.229,36.0,0.3502,28.0,,,0.5045,57.0
2018-12-10,0.5703,80.0,0.3971,77.0,0.5566,75.0,,,0.5139,67.0,0.3657,40.0,0.2238,34.0,0.4301,51.0,,,0.4307,40.0
2018-12-07,0.6371,85.0,0.4283,80.0,0.4058,47.0,,,0.7676,92.0,0.3657,40.0,0.2223,33.0,0.3133,16.0,,,0.5161,59.0
2018-12-06,0.5979,83.0,0.3125,65.0,0.6051,80.0,,,0.4208,49.0,0.3598,38.0,0.2108,28.0,0.417,48.0,,,0.4305,40.0
2018-12-04,0.4913,73.0,0.2758,56.0,0.3733,40.0,,,0.5082,66.0,0.3522,36.0,0.2083,26.0,0.3547,31.0,,,0.3933,26.0
2018-12-03,0.4377,65.0,0.2792,57.0,0.3367,31.0,,,0.3961,42.0,0.349,35.0,0.2089,26.0,0.3367,24.0,,,0.3961,27.0
2018-11-30,0.3845,56.0,0.2322,46.0,0.4654,60.0,,,0.3905,40.0,0.3433,33.0,0.2063,25.0,0.4023,45.0,,,0.3463,9.0
2018-11-29,0.4878,73.0,0.2382,47.0,0.5261,71.0,,,0.3396,26.0,0.3469,34.0,0.2074,26.0,0.3978,43.0,,,0.4489,46.0
2018-11-28,0.5032,74.0,0.2725,55.0,0.4566,57.0,,,0.3865,39.0,0.347,34.0,0.2069,26.0,0.4437,54.0,,,0.386,23.0
2018-11-27,0.4325,64.0,0.2154,41.0,0.4997,66.0,,,0.4598,57.0,0.3432,33.0,0.2018,22.0,0.3657,34.0,,,0.4122,33.0
2018-11-26,0.4688,70.0,0.2251,44.0,0.4702,61.0,,,0.4671,59.0,0.3416,32.0,0.202,22.0,0.3534,30.0,,,0.4091,32.0
2018-11-23,0.4541,68.0,0.2423,48.0,0.4902,65.0,,,0.4546,56.0,0.341,32.0,0.2014,21.0,0.405,45.0,,,0.4349,41.0
2018-11-21,0.4434,66.0,0.2639,53.0,0.362,37.0,,,0.4727,60.0,0.3413,32.0,0.2013,21.0,0.3667,34.0,,,0.4311,40.0
2018-11-20,0.421,62.0,0.2821,57.0,0.5127,69.0,,,0.6814,87.0,0.3405,32.0,0.202,22.0,0.3522,30.0,,,0.4165,35.0
2018-11-19,0.392,57.0,0.296,61.0,0.3344,31.0,,,0.4405,53.0,0.3356,31.0,0.2024,22.0,0.3311,23.0,,,0.4301,40.0
2018-11-16,0.3627,52.0,0.2513,50.0,0.6095,81.0,,,0.2731,8.0,0.3329,30.0,0.1989,20.0,0.4042,45.0,,,0.3122,4.0
2018-11-15,0.391,57.0,0.2322,46.0,0.393,45.0,,,0.4342,51.0,0.3334,30.0,0.1982,20.0,0.317,18.0,,,0.3004,2.0
2018-11-14,0.3537,50.0,0.2286,45.0,0.4438,56.0,,,0.4246,49.0,0.3301,28.0,0.1974,20.0,0.276,6.0,,,0.3996,28.0
2018-11-13,0.365,53.0,0.2181,42.0,0.7728,93.0,,,0.3834,39.0,0.3304,28.0,0.1957,19.0,0.367,34.0,,,0.4032,30.0
2018-11-12,0.3606,52.0,0.2182,42.0,0.383,42.0,,,0.6688,86.0,0.3302,28.0,0.1939,19.0,0.3337,23.0,,,0.4348,41.0
2018-11-09,0.4963,74.0,0.2299,45.0,0.6165,82.0,,,0.4016,43.0,0.3282,28.0,0.1927,18.0,0.3709,35.0,,,0.4016,28.0
2018-11-08,0.3735,54.0,0.2283,45.0,1.3513,99.0,,,0.662,85.0,0.3278,28.0,0.1915,18.0,0.3867,40.0,,,0.3801,20.0
2018-11-07,0.3527,50.0,0.2477,49.0,0.4222,51.0,,,0.36,32.0,0.3277,28.0,0.1915,18.0,0.3018,12.0,,,0.3362,8.0
2018-11-06,0.3904,57.0,0.3234,67.0,0.4259,52.0,,,0.381,38.0,0.3256,27.0,0.1919,18.0,0.4098,47.0,,,0.332,7.0
2018-11-05,0.4678,70.0,0.3479,70.0,0.555,74.0,,,0.4351,52.0,0.3244,26.0,0.1912,18.0,0.4085,46.0,,,0.3857,23.0
2018-11-02,0.486,72.0,0.3612,72.0,0.3153,25.0,,,0.5543,74.0,0.3251,26.0,0.191,17.0,0.3716,36.0,,,0.4122,33.0
2018-11-01,0.7316,89.0,0.4058,78.0,0.5543,74.0,,,0.3898,40.0,0.3266,27.0,0.1896,16.0,0.4149,48.0,,,0.3701,17.0
2018-10-31,0.6294,84.0,0.4095,79.0,0.558,75.0,,,0.4116,46.0,0.3113,24.0,0.1872,15.0,0.414,48.0,,,0.4116,33.0
2018-10-30,0.5734,81.0,0.4073,78.0,0.6226,82.0,,,0.5105,67.0,0.308,24.0,0.1858,15.0,0.4403,53.0,,,0.4038,30.0
2018-10-29,0.5254,77.0,0.3983,77.0,0.5531,74.0,,,0.6133,80.0,0.3091,24.0,0.1868,15.0,0.3637,33.0,,,0.4375,42.0
2018-10-26,0.5181,76.0,0.3437,70.0,0.5029,67.0,,,0.5284,70.0,0.3091,24.0,0.1801,12.0,0.3963,43.0,,,0.4089,32.0
2018-10-25,0.5173,76.0,0.3117,64.0,0.678,87.0,,,0.4869,63.0,0.3083,24.0,0.1771,11.0,0.4111,47.0,,,0.4203,36.0
2018-10-24,0.4518,67.0,0.3049,63.0,0.4786,63.0,,,0.8221,93.0,0.3048,23.0,0.1754,10.0,0.2954,11.0,,,0.511,59.0
2018-10-23,0.2665,32.0,0.2179,42.0,0.591,79.0,,,0.7724,92.0,0.2878,19.0,0.1681,8.0,0.4653,57.0,,,0.4606,49.0
2018-10-22,0.2243,21.0,0.2195,42.0,0.4484,57.0,,,0.5136,67.0,0.2848,18.0,0.1649,8.0,0.3449,28.0,,,0.3974,28.0
2018-10-19,0.2236,21.0,0.2383,47.0,0.4255,52.0,,,0.4999,65.0,0.2847,18.0,0.1637,8.0,0.3982,44.0,,,0.4424,44.0
2018-10-18,0.3046,41.0,0.2855,57.0,0.3646,38.0,,,0.5327,71.0,0.285,18.0,0.1643,8.0,0.375,37.0,,,0.3439,9.0
2018-10-17,0.4503,67.0,0.2946,61.0,0.4974,66.0,,,0.4407,53.0,0.2923,20.0,0.1681,8.0,0.3287,22.0,,,0.3846,22.0
2018-10-16,0.4748,71.0,0.2996,62.0,0.5911,79.0,,,0.3514,30.0,0.2916,20.0,0.1682,9.0,0.3697,35.0,,,0.3623,14.0
2018-10-15,0.4049,60.0,0.2831,57.0,0.4982,66.0,,,0.4363,52.0,0.2901,19.0,0.1665,8.0,0.3602,32.0,,,0.43,39.0
2018-10-12,0.3784,55.0,0.2835,57.0,0.3176,26.0,,,0.7,88.0,0.2913,20.0,0.1677,8.0,0.3176,18.0,,,0.4202,36.0
2018-10-11,0.5103,75.0,0.2261,44.0,0.6332,83.0,,,0.593,78.0,0.2921,20.0,0.1629,7.0,0.3843,40.0,,,0.3112,3.0
2018-10-10,0.5177,76.0,0.2096,39.0,0.328,28.0,,,0.7061,88.0,0.2937,20.0,0.1621,7.0,0.3163,18.0,,,0.4281,39.0
2018-10-09,0.4955,73.0,0.1296,12.0,0.484,64.0,,,0.3386,26.0,0.293,20.0,0.1583,6.0,0.3278,21.0,,,0.3454,9.0
2018-10-08,0.3286,46.0,0.1048,6.0,0.4664,60.0,,,0.3247,22.0,0.2778,15.0,0.1579,6.0,0.3269,21.0,,,0.3446,9.0
2018-10-05,0.3201,44.0,0.0883,3.0,0.2852,16.0,,,0.4787,61.0,0.2803,16.0,0.1584,6.0,0.2903,9.0,,,0.3729,18.0
2018-10-04,0.3316,47.0,0.0773,2.0,0.3163,25.0,,,0.3824,38.0,0.2802,16.0,0.1584,6.0,0.3399,26.0,,,0.4094,32.0
2018-10-03,0.3038,41.0,0.0646,1.0,0.3228,27.0,,,0.2578,5.0,0.2868,18.0,0.1611,7.0,0.2867,8.0,,,0.3941,26.0
2018-10-02,0.2062,16.0,0.0859,2.0,0.2476,6.0,,,0.5202,69.0,0.2838,17.0,0.1632,7.0,0.2619,3.0,,,0.3658,15.0
2018-10-01,0.198,13.0,0.0862,3.0,0.2598,9.0,,,0.4126,46.0,0.2917,20.0,0.1669,8.0,0.2598,3.0,,,0.4126,33.0
2018-09-28,0.3018,40.0,0.0957,4.0,0.2997,20.0,,,0.3356,25.0,0.2971,21.0,0.1691,9.0,0.307,14.0,,,0.3748,18.0
2018-09-27,0.3422,49.0,0.0829,2.0,0.315,25.0,,,0.3552,31.0,0.2969,21.0,0.173,10.0,0.2507,2.0,,,0.3365,8.0
2018-09-26,0.3366,48.0,0.0865,3.0,0.325,28.0,,,0.4404,53.0,0.2983,21.0,0.1754,10.0,0.2829,7.0,,,0.3324,7.0
2018-09-25,0.2833,36.0,0.0769,2.0,0.2462,6.0,,,0.3273,23.0,0.3025,23.0,0.1816,13.0,0.2846,8.0,,,0.3098,3.0
2018-09-24,0.2836,36.0,0.0769,2.0,0.2485,7.0,,,0.3842,39.0,0.3069,24.0,0.1841,14.0,0.2915,9.0,,,0.4176,35.0
2018-09-21,0.1984,13.0,0.0521,1.0,0.2349,4.0,,,0.2823,10.0,0.3068,24.0,0.1863,15.0,0.2758,5.0,,,0.3425,9.0
2018-09-20,0.1856,11.0,0.0516,1.0,0.2989,20.0,,,0.2278,2.0,0.3078,24.0,0.1882,16.0,0.2866,8.0,,,0.3443,9.0
2018-09-19,0.1345,4.0,0.0306,1.0,0.4097,48.0,,,0.3154,19.0,0.3113,24.0,0.1913,18.0,0.4177,48.0,,,0.2865,1.0
2018-09-18,0.0719,1.0,0.0416,1.0,0.2803,15.0,,,0.3772,37.0,0.3162,25.0,0.1971,20.0,0.3694,35.0,,,0.3815,21.0
2018-09-17,0.2465,26.0,0.0285,1.0,0.3301,30.0,,,0.274,9.0,0.333,30.0,0.2018,22.0,0.3301,22.0,,,0.3379,8.0
2018-09-14,0.2549,28.0,0.0285,1.0,0.3809,42.0,,,0.4041,44.0,0.3366,31.0,0.2023,22.0,0.3761,37.0,,,0.4076,32.0
2018-09-13,0.2797,35.0,0.0768,2.0,0.2741,13.0,,,0.4319,51.0,0.3366,31.0,0.2025,22.0,0.4553,56.0,,,0.3868,23.0
2018-09-12,0.2941,38.0,0.0882,3.0,0.4688,61.0,,,0.3914,40.0,0.3391,32.0,0.2044,24.0,0.3235,20.0,,,0.3914,25.0
2018-09-11,0.2873,37.0,0.1232,10.0,0.3745,40.0,,,0.3025,16.0,0.339,32.0,0.2046,24.0,0.3627,33.0,,,0.3446,9.0
2018-09-10,0.2941,38.0,0.1574,21.0,0.3066,22.0,,,0.3726,35.0,0.3427,33.0,0.2056,25.0,0.3141,17.0,,,0.3607,13.0
2018-09-07,0.28,35.0,0.1549,20.0,0.2015,1.0,,,0.4244,49.0,0.3434,33.0,0.2056,25.0,0.2985,12.0,,,0.3827,21.0
2018-09-06,0.1842,11.0,0.1648,24.0,0.4007,47.0,,,0.7773,92.0,0.3398,32.0,0.2058,25.0,0.4007,44.0,,,0.3975,28.0
2018-09-05,0.2717,33.0,0.19,34.0,0.4021,47.0,,,0.224,1.0,0.3397,32.0,0.2066,26.0,0.3503,28.0,,,0.283,1.0
2018-09-04,0.2859,36.0,0.1807,31.0,0.3902,44.0,,,0.3677,34.0,0.3411,32.0,0.2062,25.0,0.2927,10.0,,,0.3301,6.0
2018-08-31,0.292,38.0,0.1763,28.0,0.2762,13.0,,,0.3307,24.0,0.3405,32.0,0.2062,25.0,0.2953,11.0,,,0.3572,12.0
2018-08-30,0.3031,40.0,0.1567,21.0,0.2049,1.0,,,0.3818,38.0,0.3405,32.0,0.2055,25.0,0.289,9.0,,,0.3603,13.0
2018-08-29,0.2951,39.0,0.1241,10.0,0.2696,12.0,,,0.368,34.0,0.3414,32.0,0.2071,26.0,0.2677,4.0,,,0.3632,14.0
2018-08-28,0.2984,40.0,0.1362,14.0,0.2425,5.0,,,0.3214,21.0,0.3437,33.0,0.2102,27.0,0.2601,3.0,,,0.3556,12.0
2018-08-24,0.2486,26.0,0.1102,7.0,0.3287,28.0,,,0.2464,3.0,0.3425,33.0,0.2121,28.0,0.3206,19.0,,,0.3281,6.0
2018-08-22,0.322,44.0,0.1334,13.0,0.4084,48.0,,,0.365,33.0,0.3443,33.0,0.2148,28.0,0.2999,12.0,,,0.365,15.0
2018-08-21,0.3508,50.0,0.1607,22.0,0.3175,26.0,,,0.2633,6.0,0.344,33.0,0.2154,28.0,0.3098,15.0,,,0.3707,17.0
2018-08-17,0.3583,51.0,0.1726,27.0,0.3377,32.0,,,0.2924,13.0,0.345,34.0,0.2158,30.0,0.3383,25.0,,,0.3239,5.0
2018-08-16,0.3343,47.0,0.1687,26.0,0.3735,40.0,,,0.4032,44.0,0.3444,33.0,0.2158,30.0,0.3735,36.0,,,0.4032,30.0
2018-08-15,0.3139,43.0,0.1641,24.0,0.3041,22.0,,,0.616,80.0,0.3438,33.0,0.216,30.0,0.3704,35.0,,,0.407,31.0
2018-08-14,0.2584,28.0,0.1549,20.0,0.4235,51.0,,,0.3977,42.0,0.3402,32.0,0.2168,30.0,0.4235,50.0,,,0.3977,28.0
2018-08-13,0.2442,25.0,0.1516,19.0,0.2489,7.0,,,0.4403,53.0,0.3395,32.0,0.2184,31.0,0.3004,12.0,,,0.3794,20.0
2018-08-10,0.2217,20.0,0.1426,16.0,0.2732,13.0,,,0.3973,42.0,0.3428,33.0,0.2217,32.0,0.3281,22.0,,,0.4614,49.0
2018-08-09,0.2214,20.0,0.1339,13.0,0.3319,30.0,,,0.3917,41.0,0.3414,32.0,0.2211,32.0,0.3859,40.0,,,0.4072,32.0
2018-08-08,0.2677,32.0,0.161,23.0,0.2626,10.0,,,0.4128,47.0,0.3468,34.0,0.2236,34.0,0.3807,39.0,,,0.4326,40.0
2018-08-07,0.2643,31.0,0.162,23.0,0.2825,15.0,,,0.6297,82.0,0.3493,36.0,0.2306,37.0,0.2699,5.0,,,0.3556,12.0
2018-08-06,0.2636,31.0,0.1671,25.0,0.3688,39.0,,,0.2444,3.0,0.3624,39.0,0.2398,39.0,0.3733,36.0,,,0.3209,5.0
2018-08-03,0.2902,37.0,0.1734,28.0,0.4241,52.0,,,0.6781,86.0,0.3632,39.0,0.2408,39.0,0.4241,50.0,,,0.6781,85.0
2018-08-02,0.3004,40.0,0.1871,33.0,0.7053,89.0,,,0.5609,75.0,0.3742,42.0,0.2584,43.0,0.4103,47.0,,,0.4731,51.0
2018-08-01,0.2958,39.0,0.1705,27.0,0.2625,10.0,,,0.611,80.0,0.3838,44.0,0.2668,48.0,0.2917,10.0,,,0.4716,51.0
2018-07-31,0.2296,22.0,0.1554,20.0,0.3272,28.0,,,0.2524,5.0,0.3914,46.0,0.2693,48.0,0.3281,22.0,,,0.307,3.0
2018-07-30,0.2098,17.0,0.1275,12.0,0.2689,11.0,,,0.3137,19.0,0.3919,46.0,0.2692,48.0,0.3021,12.0,,,0.3391,8.0
2018-07-27,0.2439,25.0,0.1206,9.0,0.2475,6.0,,,0.4417,53.0,0.3923,46.0,0.2693,48.0,0.2797,6.0,,,0.3645,15.0
2018-07-26,0.2261,21.0,0.1157,8.0,0.3097,23.0,,,0.3284,23.0,0.394,47.0,0.2701,49.0,0.4177,48.0,,,0.4638,49.0
2018-07-25,0.2614,30.0,0.1523,19.0,0.3384,32.0,,,0.2897,12.0,0.394,47.0,0.2705,49.0,0.3136,17.0,,,0.3527,11.0
2018-07-24,0.2897,37.0,0.146,17.0,0.339,32.0,,,0.3904,40.0,0.3938,47.0,0.2703,49.0,0.339,25.0,,,0.3904,24.0
2018-07-23,0.2597,28.0,0.1448,17.0,0.3747,40.0,,,0.4099,46.0,0.393,46.0,0.2704,49.0,0.4623,57.0,,,0.3663,15.0
2018-07-20,0.2621,30.0,0.1633,23.0,0.3023,21.0,,,0.3221,22.0,0.3932,47.0,0.2708,49.0,0.3155,17.0,,,0.3558,12.0
2018-07-19,0.3259,45.0,0.1655,24.0,0.3571,36.0,,,0.3571,31.0,0.3932,47.0,0.271,49.0,0.3176,18.0,,,0.3639,14.0
2018-07-18,0.3409,48.0,0.1667,25.0,0.2944,19.0,,,0.5767,77.0,0.3923,46.0,0.271,49.0,0.3773,37.0,,,0.4407,43.0
2018-07-17,0.3501,50.0,0.1657,25.0,0.4077,48.0,,,0.2558,5.0,0.3927,46.0,0.2711,49.0,0.3972,43.0,,,0.3786,20.0
2018-07-16,0.3033,40.0,0.1396,15.0,0.2626,10.0,,,0.4649,57.0,0.3904,46.0,0.2695,48.0,0.3433,27.0,,,0.3778,19.0
2018-07-12,0.2747,33.0,0.1384,15.0,0.3124,24.0,,,0.3215,21.0,0.3912,46.0,0.2717,49.0,0.346,28.0,,,0.3905,25.0
2018-07-11,0.3016,40.0,0.1202,9.0,0.2834,16.0,,,0.3789,37.0,0.3912,46.0,0.2711,49.0,0.3121,16.0,,,0.3941,26.0
2018-07-10,0.1815,10.0,0.1264,11.0,0.3283,28.0,,,0.2908,13.0,0.3905,46.0,0.2716,49.0,0.3159,17.0,,,0.3582,13.0
2018-07-09,0.1593,6.0,0.1485,18.0,0.3373,31.0,,,0.34,26.0,0.3895,45.0,0.2716,49.0,0.315,17.0,,,0.3071,3.0
2018-07-06,0.1581,6.0,0.2045,38.0,0.3826,42.0,,,0.2783,9.0,0.389,45.0,0.2718,50.0,0.3714,36.0,,,0.333,7.0
2018-07-05,0.1643,7.0,0.1924,35.0,0.2483,6.0,,,0.3747,36.0,0.3887,45.0,0.2711,49.0,0.2483,2.0,,,0.3813,21.0
2018-07-03,0.2952,39.0,0.2177,42.0,0.4288,53.0,,,0.3851,39.0,0.3894,45.0,0.2712,49.0,0.3412,26.0,,,0.3771,19.0
2018-07-02,0.3437,49.0,0.2435,48.0,0.417,50.0,,,0.3751,36.0,0.3899,45.0,0.2716,49.0,0.3403,26.0,,,0.3763,19.0
2018-06-28,0.3333,47.0,0.2899,59.0,0.4646,60.0,,,0.3134,19.0,0.3913,46.0,0.2715,49.0,0.3405,26.0,,,0.3781,19.0
2018-06-27,0.3881,57.0,0.2947,61.0,0.4108,49.0,,,0.4451,54.0,0.3911,46.0,0.2707,49.0,0.3135,16.0,,,0.3923,25.0
2018-06-22,0.3293,46.0,0.2486,50.0,0.3468,34.0,,,0.2728,8.0,0.3871,45.0,0.2672,48.0,0.3149,17.0,,,0.3618,14.0
2018-06-21,0.2273,22.0,0.2221,43.0,0.2694,11.0,,,0.308,17.0,0.3851,45.0,0.2659,47.0,0.4619,57.0,,,0.4134,34.0
2018-06-20,0.2293,22.0,0.2213,43.0,0.3413,32.0,,,0.3717,35.0,0.3846,45.0,0.266,47.0,0.2469,2.0,,,0.3945,26.0
2018-06-19,0.2275,22.0,0.1666,25.0,0.3623,37.0,,,0.3409,27.0,0.3847,45.0,0.2631,46.0,0.3175,18.0,,,0.3692,16.0
2018-06-18,0.1756,9.0,0.1473,17.0,0.2853,16.0,,,0.2621,6.0,0.3807,44.0,0.262,45.0,0.3114,16.0,,,0.3697,16.0
2018-06-15,0.1662,7.0,0.1589,22.0,0.2367,4.0,,,0.359,32.0,0.3838,44.0,0.2628,46.0,0.2724,5.0,,,0.387,23.0
2018-06-14,0.2594,28.0,0.1658,25.0,0.2249,3.0,,,0.3047,16.0,0.3825,44.0,0.2622,45.0,0.2953,11.0,,,0.3725,17.0
2018-06-12,0.2422,25.0,0.1713,27.0,0.2323,4.0,,,0.2613,6.0,0.3828,44.0,0.2625,45.0,0.2719,5.0,,,0.395,26.0
2018-06-11,0.2235,20.0,0.1824,31.0,0.2653,10.0,,,0.3678,34.0,0.3826,44.0,0.2625,45.0,0.3283,22.0,,,0.3482,10.0
2018-06-08,0.2372,24.0,0.163,23.0,0.318,26.0,,,0.232,2.0,0.3826,44.0,0.2618,45.0,0.3092,15.0,,,0.3356,7.0
2018-06-07,0.2441,25.0,0.1507,19.0,0.2268,3.0,,,0.4189,48.0,0.3823,44.0,0.2614,44.0,0.2097,1.0,,,0.3767,19.0
2018-06-06,0.2853,36.0,0.1523,19.0,0.4328,53.0,,,0.2541,5.0,0.3822,44.0,0.261,44.0,0.3236,20.0,,,0.3217,5.0
2018-06-04,0.259,28.0,0.1301,12.0,0.2973,20.0,,,0.2936,14.0,0.3799,43.0,0.2603,44.0,0.2667,4.0,,,0.2907,2.0
2018-05-31,0.2205,20.0,0.1342,13.0,0.3235,27.0,,,0.4117,46.0,0.3805,44.0,0.2615,44.0,0.3051,14.0,,,0.3824,21.0
2018-05-30,0.2399,24.0,0.1342,13.0,0.3288,28.0,,,0.3126,19.0,0.3803,44.0,0.2616,44.0,0.3263,21.0,,,0.369,16.0
2018-05-25,0.168,7.0,0.1184,9.0,0.3023,21.0,,,0.3328,24.0,0.3799,43.0,0.2624,45.0,0.3023,13.0,,,0.3328,7.0
2018-05-22,0.1985,14.0,0.1015,5.0,0.2783,14.0,,,0.3546,31.0,0.3784,43.0,0.2617,45.0,0.2783,6.0,,,0.3546,12.0
2018-05-21,0.1895,12.0,0.0964,4.0,0.2869,17.0,,,0.3046,16.0,0.3788,43.0,0.2616,44.0,0.2991,12.0,,,0.3617,14.0
2018-05-18,0.2052,15.0,0.125,11.0,0.4752,62.0,,,0.3531,30.0,0.3787,43.0,0.2617,45.0,0.3326,23.0,,,0.3531,11.0
2018-05-17,0.2161,19.0,0.1359,14.0,0.2668,11.0,,,0.3441,28.0,0.3787,43.0,0.2623,45.0,0.2876,9.0,,,0.3639,14.0
2018-05-15,0.1633,7.0,0.1202,9.0,0.3288,28.0,,,0.3634,33.0,0.3785,43.0,0.2633,46.0,0.3237,20.0,,,0.324,5.0
2018-05-14,0.194,12.0,0.1716,27.0,0.2931,18.0,,,0.3538,30.0,0.3812,44.0,0.2635,46.0,0.3363,24.0,,,0.3538,11.0
2018-05-10,0.1783,9.0,0.1707,27.0,0.2702,12.0,,,0.2641,7.0,0.3814,44.0,0.2639,46.0,0.3048,13.0,,,0.3455,9.0
2018-05-09,0.2728,33.0,0.1708,27.0,0.2924,18.0,,,0.3091,18.0,0.3814,44.0,0.2637,46.0,0.3233,20.0,,,0.3472,10.0
2018-05-08,0.2722,33.0,0.1686,26.0,0.5574,75.0,,,0.6318,82.0,0.3803,44.0,0.2637,46.0,0.4542,56.0,,,0.7239,91.0
2018-05-07,0.2721,33.0,0.1696,26.0,0.4503,57.0,,,0.2896,12.0,0.3803,44.0,0.2637,46.0,0.3279,22.0,,,0.3287,6.0
2018-05-04,0.2678,32.0,0.1693,26.0,0.3184,26.0,,,0.3047,16.0,0.3802,43.0,0.2637,46.0,0.3203,19.0,,,0.3851,23.0
2018-05-03,0.2121,17.0,0.1375,14.0,2.0983,100.0,,,0.2843,11.0,0.3781,43.0,0.2622,45.0,0.6353,86.0,,,0.6757,85.0
2018-05-02,0.3593,52.0,0.2103,40.0,1.6369,100.0,,,1.0993,98.0,0.3783,43.0,0.2625,45.0,0.5729,77.0,,,0.6211,78.0
2018-05-01,0.3297,46.0,0.2065,38.0,0.3314,30.0,,,0.3703,35.0,0.378,43.0,0.2626,45.0,0.3426,27.0,,,0.38,20.0
2018-04-30,0.3184,44.0,0.1982,36.0,0.3319,30.0,,,0.5308,71.0,0.3765,43.0,0.2621,45.0,0.287,8.0,,,0.4258,38.0
2018-04-27,0.3241,45.0,0.213,40.0,0.8176,94.0,,,0.4949,64.0,0.3761,42.0,0.262,45.0,0.316,17.0,,,0.3953,27.0
2018-04-26,0.358,51.0,0.2149,41.0,0.3467,34.0,,,0.4285,50.0,0.3763,42.0,0.2626,45.0,0.3598,32.0,,,0.3953,27.0
2018-04-25,0.398,59.0,0.2187,42.0,0.4204,51.0,,,0.3937,41.0,0.378,43.0,0.263,46.0,0.3575,32.0,,,0.3801,20.0
2018-04-24,0.4626,69.0,0.2169,41.0,0.3702,39.0,,,0.4702,59.0,0.3781,43.0,0.2628,46.0,0.3392,25.0,,,0.5717,69.0
2018-04-23,0.3325,47.0,0.1663,25.0,0.3678,39.0,,,0.3628,33.0,0.3717,42.0,0.2606,44.0,0.3562,31.0,,,0.4125,33.0
2018-04-20,0.3381,48.0,0.1824,31.0,0.2946,19.0,,,0.4597,57.0,0.3713,42.0,0.2609,44.0,0.3241,20.0,,,0.4289,39.0
2018-04-19,0.3676,53.0,0.1822,31.0,0.3445,33.0,,,0.3832,38.0,0.3711,42.0,0.2616,44.0,0.3341,23.0,,,0.3914,25.0
2018-04-18,0.3886,57.0,0.2044,38.0,0.4463,56.0,,,0.335,25.0,0.37,41.0,0.261,44.0,0.3743,37.0,,,0.3502,10.0
2018-04-17,0.3893,57.0,0.23,45.0,0.3708,39.0,,,0.8162,93.0,0.3692,41.0,0.2609,44.0,0.3556,31.0,,,0.3556,12.0
2018-04-16,0.5453,79.0,0.2685,54.0,0.3535,36.0,,,0.3383,26.0,0.3685,41.0,0.2609,44.0,0.3428,27.0,,,0.3054,3.0
2018-04-13,0.5549,79.0,0.282,57.0,0.2938,19.0,,,0.4739,60.0,0.3651,40.0,0.2613,44.0,0.3256,21.0,,,0.4193,36.0
2018-04-12,0.5498,79.0,0.3152,65.0,0.5325,72.0,,,0.3413,27.0,0.3654,40.0,0.2607,44.0,0.3743,37.0,,,0.373,18.0
2018-04-11,0.547,79.0,0.3286,68.0,0.4392,55.0,,,0.4715,60.0,0.3635,40.0,0.26,43.0,0.3725,36.0,,,0.3897,24.0
2018-04-10,0.6153,84.0,0.3818,75.0,0.3643,38.0,,,0.4162,47.0,0.3621,39.0,0.2599,43.0,0.3215,19.0,,,0.3924,25.0
2018-04-09,0.5785,81.0,0.381,75.0,0.5077,68.0,,,0.4826,62.0,0.3546,37.0,0.2585,43.0,0.3949,42.0,,,0.3944,26.0
2018-04-06,0.6063,83.0,0.3874,76.0,0.3436,33.0,,,0.4634,57.0,0.354,37.0,0.2573,42.0,0.3441,27.0,,,0.461,49.0
2018-04-05,0.533,77.0,0.376,74.0,0.6008,80.0,,,0.3537,30.0,0.3478,35.0,0.2549,42.0,0.4749,60.0,,,0.3801,20.0
2018-04-04,0.5393,78.0,0.3884,76.0,0.6574,85.0,,,0.356,31.0,0.3433,33.0,0.2536,41.0,0.5117,66.0,,,0.384,22.0
2018-04-03,0.5977,83.0,0.4064,78.0,0.5201,70.0,,,0.4206,49.0,0.3426,33.0,0.2508,40.0,0.5189,67.0,,,0.3904,24.0
2018-04-02,0.6812,87.0,0.4291,80.0,0.3245,28.0,,,0.5894,78.0,0.3409,32.0,0.2494,40.0,0.3637,33.0,,,0.496,56.0
2018-03-29,0.7156,88.0,0.3836,75.0,0.4827,63.0,,,0.3659,34.0,0.3372,31.0,0.2458,40.0,0.4338,52.0,,,0.3882,24.0
2018-03-27,0.6497,86.0,0.3579,72.0,0.3319,30.0,,,0.4686,59.0,0.3309,28.0,0.2424,39.0,0.3042,13.0,,,0.4342,41.0
2018-03-26,0.6539,86.0,0.3418,70.0,0.4366,54.0,,,0.5335,71.0,0.3299,28.0,0.2417,39.0,0.3425,27.0,,,0.4618,49.0
2018-03-23,0.5518,79.0,0.3188,66.0,0.2711,12.0,,,0.6392,83.0,0.3245,26.0,0.2392,39.0,0.2709,5.0,,,0.5101,59.0
2018-03-22,0.5308,77.0,0.2493,50.0,0.3245,28.0,,,0.5268,70.0,0.3188,25.0,0.2346,38.0,0.3104,15.0,,,0.4549,47.0
2018-03-20,0.2441,25.0,0.1783,30.0,0.3314,30.0,,,0.4615,57.0,0.2974,21.0,0.2301,36.0,0.3391,25.0,,,0.4745,52.0
2018-03-19,0.3443,49.0,0.1817,31.0,0.2665,11.0,,,0.4297,50.0,0.2973,21.0,0.2303,36.0,0.3337,23.0,,,0.4224,37.0
2018-03-16,0.3147,43.0,0.1435,16.0,0.3459,34.0,,,0.3201,21.0,0.295,20.0,0.229,36.0,0.363,33.0,,,0.3881,24.0
2018-03-15,0.3127,42.0,0.1467,17.0,0.2956,19.0,,,0.3716,35.0,0.2962,20.0,0.2288,36.0,0.2494,2.0,,,0.3654,15.0
2018-03-13,0.262,30.0,0.241,48.0,0.3234,27.0,,,0.4016,43.0,0.2904,19.0,0.2283,35.0,0.2342,1.0,,,0.3494,10.0
2018-03-12,0.2504,27.0,0.2565,51.0,0.2753,13.0,,,0.3626,33.0,0.2899,19.0,0.2282,35.0,0.2726,5.0,,,0.3677,16.0
2018-03-08,0.33,46.0,0.2917,60.0,0.3242,28.0,,,0.3856,39.0,0.2907,19.0,0.2292,36.0,0.2799,6.0,,,0.4136,34.0
2018-03-07,0.3638,52.0,0.3087,64.0,0.4079,48.0,,,0.3707,35.0,0.2907,19.0,0.229,36.0,0.3502,28.0,,,0.3423,9.0
2018-03-06,0.3714,54.0,0.3141,65.0,0.3406,32.0,,,0.35,28.0,0.2906,19.0,0.2288,36.0,0.3652,34.0,,,0.3598,13.0
2018-03-05,0.3852,56.0,0.2867,57.0,0.3425,33.0,,,1.4754,100.0,0.2892,19.0,0.2266,35.0,0.3576,32.0,,,0.3865,23.0
2018-03-02,0.3325,47.0,0.2463,49.0,1.479,100.0,,,0.9143,96.0,0.2889,19.0,0.2246,34.0,0.428,51.0,,,0.4839,54.0
2018-03-01,0.3353,47.0,0.235,47.0,1.3091,99.0,,,1.3212,99.0,0.2889,19.0,0.2241,34.0,0.4627,57.0,,,0.484,54.0
2018-02-28,0.3123,42.0,0.2053,38.0,0.3268,28.0,,,0.3048,16.0,0.2879,19.0,0.2226,33.0,0.3512,30.0,,,0.3833,22.0
2018-02-27,0.2675,32.0,0.2097,39.0,0.2832,16.0,,,0.3397,26.0,0.2852,18.0,0.2213,32.0,0.3107,15.0,,,0.3801,20.0
2018-02-26,0.179,9.0,0.2131,40.0,0.3171,25.0,,,0.3136,19.0,0.2823,17.0,0.2202,32.0,0.3062,14.0,,,0.315,4.0
2018-02-23,0.2757,34.0,0.2731,55.0,0.4279,53.0,,,0.2779,9.0,0.2822,17.0,0.2195,31.0,0.2806,7.0,,,0.3608,13.0
2018-02-22,0.2722,33.0,0.2688,54.0,0.3587,37.0,,,0.3584,32.0,0.28,16.0,0.219,31.0,0.3142,17.0,,,0.3524,11.0
2018-02-21,0.3613,52.0,0.3002,62.0,0.2482,6.0,,,0.4289,50.0,0.2799,16.0,0.2189,31.0,0.3025,13.0,,,0.4047,31.0
2018-02-20,0.3763,55.0,0.3817,75.0,0.3373,31.0,,,0.3704,35.0,0.2799,16.0,0.2184,31.0,0.3515,30.0,,,0.5132,59.0
2018-02-16,0.6138,84.0,0.468,84.0,0.36,37.0,,,0.34,26.0,0.2823,17.0,0.2197,31.0,0.3533,30.0,,,0.3378,8.0
2018-02-15,0.6312,84.0,0.4672,84.0,0.3105,24.0,,,0.3623,33.0,0.2823,17.0,0.2182,31.0,0.354,31.0,,,0.3948,26.0
2018-02-14,0.7281,89.0,0.6009,91.0,0.4516,57.0,,,0.2445,3.0,0.2823,17.0,0.2169,30.0,0.3434,27.0,,,0.4082,32.0
2018-02-13,0.8121,92.0,0.6405,93.0,0.3117,24.0,,,0.3762,36.0,0.2793,16.0,0.2129,28.0,0.2918,10.0,,,0.3957,27.0
2018-02-12,0.8809,93.0,0.6613,94.0,0.4226,51.0,,,0.3529,30.0,0.2792,16.0,0.2136,28.0,0.3541,31.0,,,0.3427,9.0
2018-02-09,0.799,92.0,0.6513,93.0,0.3594,37.0,,,0.5517,73.0,0.2725,14.0,0.2112,28.0,0.4559,56.0,,,0.4298,39.0
2018-02-08,0.7556,90.0,0.6075,92.0,0.3228,27.0,,,0.6982,88.0,0.2698,13.0,0.2036,23.0,0.3577,32.0,,,0.4296,39.0
2018-02-07,0.6917,88.0,0.5489,89.0,0.2834,16.0,,,0.4056,44.0,0.2514,7.0,0.1928,18.0,0.2629,3.0,,,0.3747,18.0
2018-02-06,0.692,88.0,0.5468,89.0,0.7056,89.0,,,0.2808,10.0,0.2523,7.0,0.1918,18.0,0.5711,77.0,,,0.2808,1.0
2018-02-05,0.4678,70.0,0.3825,75.0,0.5552,74.0,,,0.6428,83.0,0.2361,4.0,0.1673,8.0,0.4038,45.0,,,0.4555,47.0
2018-02-02,0.4275,64.0,0.2514,50.0,0.3489,34.0,,,0.3424,27.0,0.2211,3.0,0.1533,5.0,0.2503,2.0,,,0.3695,16.0
2018-02-01,0.3089,42.0,0.1962,36.0,0.3118,24.0,,,0.2835,11.0,0.2034,1.0,0.1478,3.0,0.2929,10.0,,,0.2977,2.0
2018-01-31,0.262,30.0,0.1821,31.0,0.2978,20.0,,,0.2931,13.0,0.1988,1.0,0.1467,3.0,0.2978,12.0,,,0.2965,2.0
2018-01-30,0.2437,25.0,0.1742,28.0,0.2825,15.0,,,0.3185,20.0,0.1995,1.0,0.1461,3.0,0.2207,1.0,,,0.3377,8.0
2018-01-29,0.1827,10.0,0.1531,19.0,0.275,13.0,,,0.3292,23.0,0.1947,1.0,0.145,3.0,0.2153,1.0,,,0.3521,11.0
2018-01-26,0.1083,2.0,0.119,9.0,0.2526,8.0,,,0.2779,9.0,0.192,1.0,0.1434,2.0,0.2883,9.0,,,0.2843,1.0
2018-01-25,0.1043,2.0,0.1169,9.0,0.2435,6.0,,,0.2825,10.0,0.1923,1.0,0.143,2.0,0.2647,4.0,,,0.3076,3.0
2018-01-24,0.1973,13.0,0.1835,32.0,0.2404,5.0,,,0.259,6.0,0.1924,1.0,0.1431,2.0,0.2681,4.0,,,0.2917,2.0
2018-01-23,0.1882,11.0,0.1705,27.0,0.2533,8.0,,,0.2579,5.0,0.1928,1.0,0.1423,2.0,0.2122,1.0,,,0.2898,2.0
2018-01-22,0.2566,28.0,0.1838,32.0,0.2767,14.0,,,0.2391,3.0,0.1948,1.0,0.143,2.0,0.4211,49.0,,,0.3366,8.0
2018-01-19,0.2637,31.0,0.1837,32.0,0.2456,6.0,,,0.2688,8.0,0.1987,1.0,0.1432,2.0,0.2415,2.0,,,0.3104,3.0
2018-01-18,0.2544,28.0,0.1832,32.0,0.2539,8.0,,,0.278,9.0,0.1983,1.0,0.1429,2.0,0.2641,4.0,,,0.2978,2.0
2018-01-17,0.2531,27.0,0.1857,33.0,0.2518,7.0,,,0.2665,7.0,0.1999,1.0,0.1431,2.0,0.2631,3.0,,,0.2901,2.0
2018-01-16,0.2731,33.0,0.1862,33.0,0.2368,4.0,,,0.2693,8.0,0.1997,1.0,0.1425,2.0,0.19,1.0,,,0.4032,30.0
2018-01-12,0.2119,17.0,0.1337,13.0,0.2297,3.0,,,0.2314,2.0,0.1984,1.0,0.1392,1.0,0.2527,2.0,,,0.2662,1.0
2018-01-11,0.2092,16.0,0.1399,15.0,0.2253,3.0,,,0.2112,1.0,0.1989,1.0,0.1392,1.0,0.282,7.0,,,0.2976,2.0
2018-01-10,0.2003,14.0,0.1208,9.0,0.2319,4.0,,,0.2459,3.0,0.1956,1.0,0.138,1.0,0.2648,4.0,,,0.2761,1.0
2018-01-09,0.1803,10.0,0.1169,9.0,0.2241,2.0,,,0.2492,4.0,0.1953,1.0,0.138,1.0,0.2466,2.0,,,0.298,2.0
2018-01-08,0.1556,6.0,0.1132,7.0,0.2404,5.0,,,0.2297,2.0,0.1951,1.0,0.1378,1.0,0.5918,80.0,,,0.3034,3.0
2018-01-05,0.1593,6.0,0.1085,6.0,0.2253,3.0,,,0.2512,4.0,0.1989,1.0,0.1381,1.0,0.2347,1.0,,,0.2691,1.0
2018-01-04,0.1544,6.0,0.0962,4.0,0.2248,3.0,,,0.2237,1.0,0.1981,1.0,0.1375,1.0,0.2314,1.0,,,0.2749,1.0
2018-01-03,0.1509,5.0,0.075,1.0,0.2359,4.0,,,0.2289,2.0,0.1977,1.0,0.1379,1.0,0.2384,2.0,,,0.2841,1.0
2018-01-02,0.1423,4.0,0.0717,1.0,0.2294,3.0,,,0.2294,2.0,0.1973,1.0,0.1382,1.0,0.3014,12.0,,,0.3338,7.0
2017-12-29,0.0546,1.0,0.0696,1.0,0.2204,2.0,,,0.2195,1.0,0.195,1.0,0.1383,1.0,0.2312,1.0,,,0.3057,3.0
2017-12-28,0.0477,1.0,0.0684,1.0,0.2282,3.0,,,0.2377,2.0,0.1959,1.0,0.1386,1.0,0.8816,99.0,,,0.277,1.0
2017-12-27,0.0466,1.0,0.0612,1.0,0.2215,2.0,,,0.2457,3.0,0.1958,1.0,0.1384,1.0,0.3013,12.0,,,0.2904,2.0
2017-12-26,0.1815,10.0,0.1151,8.0,0.2591,9.0,,,0.2321,2.0,0.1979,1.0,0.1391,1.0,0.3016,12.0,,,0.3011,2.0
2017-12-22,0.244,25.0,0.1327,13.0,0.2284,3.0,,,0.2373,2.0,0.1997,1.0,0.1392,1.0,0.2563,3.0,,,0.2919,2.0
2017-12-21,0.2442,25.0,0.1303,12.0,0.2084,1.0,,,0.2252,1.0,0.2025,1.0,0.1396,2.0,0.2901,9.0,,,0.3057,3.0
2017-12-20,0.2443,25.0,0.1253,11.0,0.1951,1.0,,,0.2471,4.0,0.203,1.0,0.1394,2.0,0.1942,1.0,,,0.2826,1.0
2017-12-19,0.2443,25.0,0.1246,11.0,0.2028,1.0,,,0.2606,6.0,0.203,1.0,0.1395,2.0,0.2514,2.0,,,0.2949,2.0
2017-12-18,0.2437,25.0,0.1275,12.0,0.2064,1.0,,,0.2438,3.0,0.2033,1.0,0.1399,2.0,0.2523,2.0,,,0.3087,3.0
2017-12-15,0.1399,4.0,0.0926,3.0,0.209,1.0,,,0.2354,2.0,0.1979,1.0,0.138,1.0,0.2291,1.0,,,0.2658,1.0
2017-12-14,0.1719,8.0,0.1021,5.0,0.2118,2.0,,,0.255,5.0,0.2004,1.0,0.1396,2.0,0.2801,6.0,,,0.3161,4.0
2017-12-13,0.1424,4.0,0.0924,3.0,0.2328,4.0,,,0.2634,7.0,0.1994,1.0,0.1386,1.0,0.2328,1.0,,,0.2869,1.0
2017-12-12,0.1792,9.0,0.1278,12.0,0.9865,97.0,,,0.3055,17.0,0.2013,1.0,0.1389,1.0,0.9865,100.0,,,0.3055,3.0
2017-12-11,0.2154,18.0,0.1549,20.0,0.2321,4.0,,,0.247,4.0,0.2013,1.0,0.1391,1.0,0.2782,6.0,,,0.2948,2.0
2017-12-08,0.2145,18.0,0.1577,21.0,0.2232,2.0,,,0.2686,7.0,0.2045,1.0,0.14,2.0,0.4396,53.0,,,0.3002,2.0
2017-12-07,0.2123,17.0,0.1571,21.0,0.2337,4.0,,,0.2714,8.0,0.2071,2.0,0.1405,2.0,0.2656,4.0,,,0.4773,52.0
2017-12-06,0.264,31.0,0.19,34.0,0.2439,6.0,,,0.2952,14.0,0.2091,2.0,0.1415,2.0,0.2402,2.0,,,0.5943,73.0
2017-12-05,0.2536,28.0,0.1909,34.0,0.2821,15.0,,,0.2863,12.0,0.2082,2.0,0.1423,2.0,0.2682,4.0,,,0.3018,3.0
2017-12-04,0.2496,27.0,0.1852,32.0,0.2527,8.0,,,0.2768,9.0,0.2097,2.0,0.1422,2.0,0.2928,10.0,,,0.3298,6.0
2017-12-01,0.2287,22.0,0.1631,23.0,0.2456,6.0,,,0.2605,6.0,0.209,2.0,0.1409,2.0,0.2779,6.0,,,0.3145,4.0
2017-11-30,0.1985,14.0,0.139,15.0,0.3156,25.0,,,0.3186,20.0,0.2072,2.0,0.1398,2.0,0.6118,83.0,,,0.6986,88.0
2017-11-29,0.1984,13.0,0.1378,15.0,0.2203,2.0,,,0.2725,8.0,0.2072,2.0,0.1403,2.0,0.2922,10.0,,,0.313,4.0
2017-11-28,0.1864,11.0,0.153,19.0,0.4256,52.0,,,0.2922,13.0,0.207,2.0,0.1403,2.0,0.3058,14.0,,,0.2688,1.0
2017-11-27,0.2049,15.0,0.1459,17.0,0.2386,5.0,,,0.2334,2.0,0.2046,2.0,0.1379,1.0,0.2861,8.0,,,0.3166,4.0
2017-11-24,0.1781,9.0,0.1496,18.0,0.2348,4.0,,,0.2003,1.0,0.2077,2.0,0.138,1.0,0.3708,35.0,,,0.3608,13.0
2017-11-22,0.2907,37.0,0.1575,21.0,0.2327,4.0,,,0.2089,1.0,0.2076,2.0,0.1385,1.0,0.4364,52.0,,,0.4594,48.0
2017-11-21,0.2929,38.0,0.1698,26.0,0.2288,3.0,,,0.2274,2.0,0.2078,2.0,0.1386,1.0,0.294,10.0,,,0.327,6.0
2017-11-20,0.2865,36.0,0.1738,28.0,0.2172,2.0,,,0.2531,5.0,0.2071,2.0,0.1385,1.0,0.268,4.0,,,0.3104,3.0
2017-11-17,0.3035,40.0,0.1837,32.0,0.226,3.0,,,0.2534,5.0,0.2073,2.0,0.1398,2.0,0.2737,5.0,,,0.3141,4.0
2017-11-16,0.3011,40.0,0.1778,28.0,0.235,4.0,,,0.2617,6.0,0.2076,2.0,0.1391,1.0,0.2745,5.0,,,0.3048,3.0
2017-11-15,0.2164,19.0,0.1432,16.0,0.251,7.0,,,0.3064,17.0,0.2041,1.0,0.1375,1.0,0.273,5.0,,,0.3218,5.0
2017-11-14,0.2162,19.0,0.1343,14.0,0.2891,17.0,,,0.2843,11.0,0.2039,1.0,0.1369,1.0,0.2549,2.0,,,0.308,3.0
2017-11-13,0.1334,3.0,0.131,12.0,0.2548,8.0,,,0.2713,8.0,0.2003,1.0,0.1375,1.0,0.2851,8.0,,,0.2966,2.0
2017-11-10,0.0966,1.0,0.1256,11.0,0.2411,5.0,,,0.2835,11.0,0.2,1.0,0.137,1.0,0.2805,7.0,,,0.3091,3.0
2017-11-09,0.1285,3.0,0.1325,13.0,0.2388,5.0,,,0.2879,12.0,0.2099,2.0,0.1389,1.0,0.2769,6.0,,,0.3145,4.0
2017-11-08,0.0916,1.0,0.1189,9.0,0.2321,4.0,,,0.265,7.0,0.2082,2.0,0.1381,1.0,0.2804,7.0,,,0.298,2.0
2017-11-06,0.1012,1.0,0.1379,15.0,0.2383,5.0,,,0.2675,7.0,0.2096,2.0,0.1386,1.0,0.2745,5.0,,,0.2953,2.0
2017-11-03,0.1967,13.0,0.149,18.0,0.2756,13.0,,,0.2556,5.0,0.2095,2.0,0.1391,1.0,0.2775,6.0,,,0.3121,4.0
2017-11-02,0.2125,17.0,0.1577,21.0,0.2586,9.0,,,0.2517,4.0,0.2094,2.0,0.1387,1.0,0.263,3.0,,,0.3285,6.0
2017-10-31,0.2068,16.0,0.1632,23.0,0.2548,8.0,,,0.2653,7.0,0.2116,3.0,0.1389,1.0,0.2712,5.0,,,0.2872,2.0
2017-10-30,0.2141,18.0,0.1883,33.0,0.2258,3.0,,,0.2993,15.0,0.2157,3.0,0.141,2.0,0.2325,1.0,,,0.3017,3.0
2017-10-27,0.2096,17.0,0.1895,34.0,0.2364,4.0,,,0.2151,1.0,0.2156,3.0,0.1411,2.0,0.2463,2.0,,,0.2755,1.0
2017-10-26,0.1865,11.0,0.173,28.0,0.2295,3.0,,,0.2382,3.0,0.2175,3.0,0.1412,2.0,0.2513,2.0,,,0.2699,1.0
2017-10-25,0.1588,6.0,0.1698,26.0,0.2145,2.0,,,0.2527,5.0,0.216,3.0,0.1408,2.0,0.2249,1.0,,,0.2805,1.0
2017-10-24,0.1322,3.0,0.1803,31.0,0.2588,9.0,,,0.1975,1.0,0.2151,3.0,0.1402,2.0,0.2668,4.0,,,0.294,2.0
2017-10-23,0.1336,3.0,0.1685,26.0,0.2412,5.0,,,0.276,9.0,0.2159,3.0,0.1398,2.0,0.2163,1.0,,,0.2861,1.0
2017-10-20,0.1353,4.0,0.1587,22.0,0.2137,2.0,,,0.2283,2.0,0.2169,3.0,0.1395,2.0,0.2313,1.0,,,0.2747,1.0
2017-10-19,0.1226,3.0,0.1312,13.0,0.2273,3.0,,,0.2444,3.0,0.2166,3.0,0.1377,1.0,0.2596,3.0,,,0.2721,1.0
2017-10-18,0.1213,2.0,0.1385,15.0,0.2284,3.0,,,0.2466,3.0,0.2214,3.0,0.1385,1.0,0.2603,3.0,,,0.2893,2.0
2017-10-17,0.1215,2.0,0.1414,16.0,0.1531,1.0,,,0.2846,11.0,0.225,3.0,0.1391,1.0,0.2286,1.0,,,0.3031,3.0
2017-10-16,0.1016,1.0,0.1311,12.0,0.2075,1.0,,,0.2477,4.0,0.2241,3.0,0.1388,1.0,0.2596,3.0,,,0.3076,3.0
2017-10-13,0.105,2.0,0.0968,4.0,0.2209,2.0,,,0.222,1.0,0.2263,4.0,0.1383,1.0,0.2639,4.0,,,0.3007,2.0
2017-10-12,0.091,1.0,0.0985,4.0,0.2035,1.0,,,0.2455,3.0,0.2263,4.0,0.1388,1.0,0.9741,100.0,,,0.2455,1.0
2017-10-11,0.098,1.0,0.1115,7.0,0.7178,90.0,,,0.2376,2.0,0.2263,4.0,0.1393,1.0,0.2993,12.0,,,0.3236,5.0
2017-10-10,0.1814,10.0,0.1387,15.0,0.2147,2.0,,,0.2478,4.0,0.2266,4.0,0.1393,1.0,0.2736,5.0,,,0.3059,3.0
2017-10-09,0.1767,9.0,0.1251,11.0,0.2204,2.0,,,0.2536,5.0,0.2284,4.0,0.1398,2.0,0.2645,4.0,,,0.3114,4.0
2017-10-06,0.1761,9.0,0.1365,14.0,1.2076,99.0,,,0.8089,93.0,0.2339,4.0,0.141,2.0,0.67,90.0,,,0.2965,2.0
2017-10-05,0.1614,7.0,0.1585,22.0,0.2235,2.0,,,0.245,3.0,0.2336,4.0,0.1415,2.0,0.2748,5.0,,,0.3079,3.0
2017-10-04,0.1776,9.0,0.1576,21.0,0.2163,2.0,,,0.2507,4.0,0.2334,4.0,0.1414,2.0,0.2682,4.0,,,0.319,4.0
2017-10-03,0.1696,8.0,0.1598,22.0,0.2181,2.0,,,0.2439,3.0,0.2333,4.0,0.1416,2.0,0.2775,6.0,,,0.3024,3.0
2017-10-02,0.186,11.0,0.1522,19.0,0.1849,1.0,,,0.2488,4.0,0.2332,4.0,0.1414,2.0,0.2678,4.0,,,0.3265,6.0
2017-09-29,0.0945,1.0,0.1224,10.0,0.2174,2.0,,,0.2144,1.0,0.2307,4.0,0.1413,2.0,0.2728,5.0,,,0.3052,3.0
2017-09-28,0.0943,1.0,0.1271,11.0,0.2188,2.0,,,0.2014,1.0,0.2309,4.0,0.1416,2.0,0.2782,6.0,,,0.3025,3.0
2017-09-27,0.1171,2.0,0.125,11.0,0.2289,3.0,,,0.2344,2.0,0.2313,4.0,0.143,2.0,0.2749,5.0,,,0.2838,1.0
2017-09-26,0.1613,7.0,0.0982,4.0,0.2421,5.0,,,0.3904,40.0,0.2312,4.0,0.1419,2.0,0.2067,1.0,,,0.27,1.0
2017-09-25,0.1587,6.0,0.0991,5.0,0.2131,2.0,,,0.2484,4.0,0.2311,4.0,0.1421,2.0,0.2701,5.0,,,0.3027,3.0
2017-09-22,0.1615,7.0,0.1055,6.0,0.2113,2.0,,,0.2373,2.0,0.2312,4.0,0.1419,2.0,0.2583,3.0,,,0.3069,3.0
2017-09-21,0.1421,4.0,0.1078,6.0,0.2708,12.0,,,0.2373,2.0,0.234,4.0,0.1447,3.0,0.2591,3.0,,,0.306,3.0
2017-09-20,0.146,5.0,0.123,10.0,0.2084,1.0,,,0.3016,15.0,0.234,4.0,0.1479,3.0,0.4437,54.0,,,0.3964,27.0
2017-09-19,0.1754,8.0,0.1559,21.0,0.224,2.0,,,0.2426,3.0,0.2349,4.0,0.1491,3.0,0.2807,7.0,,,0.2799,1.0
2017-09-18,0.2011,14.0,0.1457,17.0,0.2255,3.0,,,0.2123,1.0,0.2344,4.0,0.1488,3.0,0.2785,6.0,,,0.2946,2.0
2017-09-15,0.1895,12.0,0.1462,17.0,0.203,1.0,,,0.2614,6.0,0.2329,4.0,0.1489,3.0,0.2668,4.0,,,0.3134,4.0
2017-09-14,0.1713,8.0,0.1541,20.0,0.2199,2.0,,,0.22,1.0,0.2384,4.0,0.153,5.0,0.3064,14.0,,,0.3066,3.0
2017-09-13,0.2596,28.0,0.1675,25.0,0.2232,2.0,,,0.2843,11.0,0.2382,4.0,0.1525,4.0,0.2962,11.0,,,0.3322,7.0
2017-09-12,0.2609,30.0,0.1794,30.0,0.235,4.0,,,0.2505,4.0,0.2387,4.0,0.1524,4.0,0.2851,8.0,,,0.3088,3.0
2017-09-11,0.2671,32.0,0.1811,31.0,0.2381,5.0,,,0.2667,7.0,0.2383,4.0,0.1531,5.0,0.2869,8.0,,,0.2899,2.0
2017-09-08,0.2178,19.0,0.1494,18.0,0.2559,8.0,,,0.2722,8.0,0.2416,5.0,0.1528,4.0,0.2857,8.0,,,0.3534,11.0
2017-09-07,0.218,19.0,0.1567,21.0,0.2477,6.0,,,0.28,10.0,0.2426,5.0,0.153,5.0,0.2813,7.0,,,0.3143,4.0
2017-09-06,0.2178,19.0,0.1559,21.0,0.27,12.0,,,0.2657,7.0,0.2429,5.0,0.1529,4.0,0.2909,9.0,,,0.3196,5.0
2017-09-05,0.219,19.0,0.15,18.0,0.2716,12.0,,,0.29,12.0,0.2429,5.0,0.1531,5.0,0.272,5.0,,,0.3285,6.0
2017-09-01,0.1361,4.0,0.1271,11.0,0.2378,5.0,,,0.2616,6.0,0.2406,4.0,0.1526,4.0,0.2779,6.0,,,0.3255,5.0
2017-08-31,0.1342,4.0,0.105,6.0,0.2303,3.0,,,0.2545,5.0,0.2403,4.0,0.1518,4.0,0.3051,14.0,,,0.2976,2.0
2017-08-30,0.1876,11.0,0.1401,15.0,0.2404,5.0,,,0.2794,10.0,0.2393,4.0,0.1515,4.0,0.3064,14.0,,,0.3293,6.0
2017-08-29,0.192,12.0,0.1403,15.0,0.2832,16.0,,,0.2763,9.0,0.2398,4.0,0.1516,4.0,0.3112,16.0,,,0.3214,5.0
2017-08-28,0.183,10.0,0.1427,16.0,0.2245,3.0,,,0.2798,10.0,0.2397,4.0,0.1512,4.0,0.3076,14.0,,,0.3362,8.0
2017-08-25,0.2547,28.0,0.1564,21.0,0.2367,4.0,,,0.2946,14.0,0.2429,5.0,0.1521,4.0,0.2897,9.0,,,0.3404,8.0
2017-08-24,0.2601,28.0,0.1747,28.0,0.2371,4.0,,,0.3063,17.0,0.2489,6.0,0.1522,4.0,0.258,3.0,,,0.3148,4.0
2017-08-23,0.2583,28.0,0.1774,28.0,0.2651,10.0,,,0.2923,13.0,0.2488,6.0,0.1523,4.0,0.3041,13.0,,,0.336,7.0
2017-08-22,0.2662,31.0,0.1861,33.0,0.2594,9.0,,,0.2905,13.0,0.2491,6.0,0.1529,4.0,0.3116,16.0,,,0.3488,10.0
2017-08-21,0.2079,16.0,0.1505,18.0,0.2772,14.0,,,0.3109,18.0,0.2454,5.0,0.1509,3.0,0.2834,7.0,,,0.323,5.0
2017-08-18,0.2516,27.0,0.1618,23.0,0.2769,14.0,,,0.2971,14.0,0.2473,6.0,0.1526,4.0,0.3009,12.0,,,0.3249,5.0
2017-08-17,0.2504,27.0,0.1521,19.0,0.295,19.0,,,0.293,13.0,0.2474,6.0,0.1532,5.0,0.2762,6.0,,,0.3397,8.0
2017-08-16,0.2469,26.0,0.1539,20.0,0.2442,6.0,,,0.2635,7.0,0.2458,5.0,0.1524,4.0,0.3031,13.0,,,0.3016,2.0
2017-08-15,0.2344,23.0,0.1278,12.0,0.2681,11.0,,,0.2797,10.0,0.2454,5.0,0.1512,4.0,0.2975,11.0,,,0.3156,4.0
2017-08-14,0.2398,24.0,0.1232,10.0,0.2769,14.0,,,0.2971,14.0,0.2453,5.0,0.1511,4.0,0.3512,30.0,,,0.3259,6.0
2017-08-11,0.2058,15.0,0.1159,8.0,0.2794,14.0,,,0.3261,23.0,0.2444,5.0,0.1507,3.0,0.3397,25.0,,,0.3553,12.0
2017-08-10,0.2129,18.0,0.1233,10.0,0.2924,18.0,,,0.3293,23.0,0.2443,5.0,0.1507,3.0,0.2535,2.0,,,0.3478,10.0
2017-08-09,0.1822,10.0,0.1102,7.0,0.2663,10.0,,,0.2422,3.0,0.2434,5.0,0.1507,3.0,0.254,2.0,,,0.3447,9.0
2017-08-08,0.1855,11.0,0.1141,8.0,0.2393,5.0,,,0.2727,8.0,0.2446,5.0,0.1509,3.0,0.2574,3.0,,,0.3202,5.0
2017-08-07,0.1321,3.0,0.0957,4.0,0.4833,63.0,,,0.326,23.0,0.2425,5.0,0.1501,3.0,0.2288,1.0,,,0.5341,63.0
2017-08-04,0.1248,3.0,0.1012,5.0,0.2403,5.0,,,0.2369,2.0,0.2424,5.0,0.1503,3.0,0.2159,1.0,,,0.309,3.0
2017-08-03,0.1169,2.0,0.1184,9.0,0.2129,2.0,,,0.2493,4.0,0.2428,5.0,0.1508,3.0,0.258,3.0,,,0.3089,3.0
2017-08-02,0.2405,24.0,0.1234,10.0,0.2432,6.0,,,0.2394,3.0,0.242,5.0,0.1505,3.0,0.2807,7.0,,,0.2917,2.0
2017-08-01,0.2398,24.0,0.1132,7.0,0.3031,21.0,,,0.2485,4.0,0.2421,5.0,0.1502,3.0,0.2373,2.0,,,0.3344,7.0
2017-07-31,0.2531,27.0,0.1108,7.0,0.2422,5.0,,,0.2717,8.0,0.2421,5.0,0.1501,3.0,0.2561,3.0,,,0.3375,8.0
2017-07-28,0.2521,27.0,0.1055,6.0,0.2425,5.0,,,0.266,7.0,0.242,5.0,0.1509,3.0,0.2565,3.0,,,0.3261,6.0
2017-07-27,0.2975,39.0,0.1192,9.0,0.269,11.0,,,0.2313,2.0,0.242,5.0,0.1514,4.0,0.253,2.0,,,0.3125,4.0
2017-07-26,0.2974,39.0,0.115,8.0,0.3215,27.0,,,0.4069,45.0,0.2439,5.0,0.1523,4.0,0.4985,64.0,,,0.5478,65.0
2017-07-25,0.2659,31.0,0.0959,4.0,0.2295,3.0,,,0.2418,3.0,0.2425,5.0,0.1516,4.0,0.2632,3.0,,,0.284,1.0
2017-07-24,0.206,16.0,0.0887,3.0,0.2484,7.0,,,0.2428,3.0,0.239,4.0,0.1517,4.0,0.2607,3.0,,,0.3041,3.0
2017-07-21,0.2045,15.0,0.0892,3.0,0.2519,7.0,,,0.235,2.0,0.239,4.0,0.1523,4.0,0.2545,2.0,,,0.3015,2.0
2017-07-19,0.2313,23.0,0.0988,4.0,0.2596,9.0,,,0.2221,1.0,0.2527,8.0,0.1576,6.0,0.2657,4.0,,,0.346,9.0
2017-07-18,0.2054,15.0,0.1089,6.0,0.2431,6.0,,,0.2598,6.0,0.2513,7.0,0.1572,6.0,0.2666,4.0,,,0.3003,2.0
2017-07-17,0.1817,10.0,0.1215,10.0,0.2607,9.0,,,0.2773,9.0,0.2519,7.0,0.1582,6.0,0.2771,6.0,,,0.2996,2.0
2017-07-13,0.2304,22.0,0.128,12.0,0.2399,5.0,,,0.2835,11.0,0.2529,8.0,0.1588,6.0,0.2584,3.0,,,0.3139,4.0
2017-07-12,0.2523,27.0,0.1357,14.0,0.313,24.0,,,0.2402,3.0,0.2529,8.0,0.1587,6.0,0.2975,11.0,,,0.2926,2.0
2017-07-10,0.2263,21.0,0.1329,13.0,0.3709,39.0,,,0.2196,1.0,0.2494,6.0,0.1585,6.0,0.3618,33.0,,,0.3263,6.0
2017-07-07,0.2609,30.0,0.1171,9.0,0.9293,97.0,,,0.272,8.0,0.2491,6.0,0.1577,6.0,0.3966,43.0,,,0.3134,4.0
2017-07-06,0.2693,32.0,0.1062,6.0,1.5189,100.0,,,0.7245,89.0,0.2492,6.0,0.1578,6.0,0.6565,88.0,,,0.569,69.0
2017-07-03,0.2447,26.0,0.1061,6.0,0.3001,21.0,,,0.2242,1.0,0.2487,6.0,0.1577,6.0,0.3162,18.0,,,0.4713,51.0
2017-06-30,0.219,19.0,0.0934,4.0,0.2788,14.0,,,0.2767,9.0,0.2573,10.0,0.16,7.0,0.2934,10.0,,,0.3186,4.0
2017-06-29,0.2532,27.0,0.1259,11.0,0.2565,8.0,,,0.3027,16.0,0.2571,10.0,0.1614,7.0,0.2876,9.0,,,0.3388,8.0
2017-06-28,0.2435,25.0,0.121,10.0,0.2434,6.0,,,0.2692,8.0,0.2568,9.0,0.1618,7.0,0.2794,6.0,,,0.3274,6.0
2017-06-27,0.2245,21.0,0.1159,8.0,0.2925,18.0,,,0.3452,28.0,0.2544,8.0,0.1614,7.0,0.3896,41.0,,,0.4217,37.0
2017-06-26,0.2175,19.0,0.1186,9.0,0.286,16.0,,,0.2735,8.0,0.2558,9.0,0.1634,7.0,0.2791,6.0,,,0.3181,4.0
2017-06-23,0.2609,30.0,0.1345,14.0,0.2997,20.0,,,0.2743,9.0,0.2562,9.0,0.1634,7.0,0.3094,15.0,,,0.328,6.0
2017-06-22,0.2627,30.0,0.1384,15.0,0.6148,81.0,,,0.8236,94.0,0.2559,9.0,0.1632,7.0,0.4367,52.0,,,0.4676,50.0
2017-06-21,0.3162,43.0,0.1607,22.0,0.2343,4.0,,,0.4379,52.0,0.2571,10.0,0.1636,7.0,0.2354,1.0,,,0.3645,15.0
2017-06-20,0.3012,40.0,0.1544,20.0,0.2553,8.0,,,0.2863,12.0,0.2553,9.0,0.1623,7.0,0.2006,1.0,,,0.312,4.0
2017-06-19,0.3285,46.0,0.1626,23.0,0.2517,7.0,,,0.2768,9.0,0.2546,8.0,0.1623,7.0,0.2582,3.0,,,0.3202,5.0
2017-06-16,0.3101,42.0,0.1621,23.0,0.2716,12.0,,,0.2806,10.0,0.253,8.0,0.1623,7.0,0.2614,3.0,,,0.3258,5.0
2017-06-15,0.3119,42.0,0.166,25.0,0.2727,12.0,,,0.2433,3.0,0.2538,8.0,0.1625,7.0,0.2632,3.0,,,0.3341,7.0
2017-06-13,0.2093,16.0,0.1544,20.0,0.2949,19.0,,,0.2121,1.0,0.252,7.0,0.1641,8.0,0.2895,9.0,,,0.2838,1.0
2017-06-12,0.1768,9.0,0.136,14.0,0.2384,5.0,,,0.2907,13.0,0.2504,7.0,0.1637,8.0,0.2577,3.0,,,0.3302,6.0
2017-06-09,0.2066,16.0,0.1227,10.0,0.3104,24.0,,,0.829,94.0,0.2501,7.0,0.1634,7.0,0.4245,50.0,,,0.4777,52.0
2017-06-08,0.2011,14.0,0.125,11.0,0.2734,13.0,,,0.2821,10.0,0.2484,6.0,0.1631,7.0,0.2882,9.0,,,0.3133,4.0
2017-06-07,0.2061,16.0,0.1241,10.0,0.2504,7.0,,,0.3329,24.0,0.2489,6.0,0.1633,7.0,0.2463,2.0,,,0.3466,10.0
2017-06-06,0.1967,13.0,0.1139,8.0,0.356,36.0,,,0.2626,6.0,0.2532,8.0,0.1651,8.0,0.2796,6.0,,,0.3213,5.0
2017-06-05,0.2069,16.0,0.1298,12.0,0.2975,20.0,,,0.2746,9.0,0.2531,8.0,0.165,8.0,0.2825,7.0,,,0.3673,16.0
2017-06-02,0.2076,16.0,0.1326,13.0,0.2545,8.0,,,0.3029,16.0,0.2546,8.0,0.1651,8.0,0.2646,4.0,,,0.3364,8.0
2017-06-01,0.2076,16.0,0.1392,15.0,0.7605,92.0,,,1.6487,100.0,0.2546,8.0,0.1653,8.0,0.7605,96.0,,,0.3779,19.0
2017-05-31,0.0969,1.0,0.1314,13.0,0.3288,28.0,,,0.291,13.0,0.251,7.0,0.1654,8.0,0.2879,9.0,,,0.3689,16.0
2017-05-30,0.1503,5.0,0.1417,16.0,0.3091,23.0,,,0.3005,15.0,0.2548,8.0,0.1662,8.0,0.2879,9.0,,,0.4217,37.0
2017-05-26,0.1402,4.0,0.145,17.0,0.2498,7.0,,,0.2514,4.0,0.2546,8.0,0.1674,8.0,0.2797,6.0,,,0.3337,7.0
2017-05-25,0.3186,44.0,0.1791,30.0,0.2594,9.0,,,0.3141,19.0,0.2547,8.0,0.1678,8.0,0.2588,3.0,,,0.3532,11.0
2017-05-24,0.3193,44.0,0.1582,22.0,0.2695,11.0,,,0.2964,14.0,0.2545,8.0,0.1667,8.0,0.3044,13.0,,,0.3301,6.0
2017-05-23,0.336,48.0,0.1682,26.0,0.3886,44.0,,,0.2777,9.0,0.2543,8.0,0.1668,8.0,0.3609,33.0,,,0.3361,7.0
2017-05-22,0.3348,47.0,0.1609,22.0,0.2904,18.0,,,0.2949,14.0,0.2556,9.0,0.1666,8.0,0.3747,37.0,,,0.3599,13.0
2017-05-19,0.3353,47.0,0.1697,26.0,0.278,14.0,,,0.8473,95.0,0.2584,10.0,0.1674,8.0,0.4884,62.0,,,0.5624,68.0
2017-05-18,0.3055,41.0,0.1527,19.0,0.3251,28.0,,,0.3199,21.0,0.2569,9.0,0.1665,8.0,0.3078,15.0,,,0.3311,7.0
2017-05-17,0.3102,42.0,0.154,20.0,0.2694,11.0,,,0.5096,67.0,0.2569,9.0,0.1662,8.0,0.2931,10.0,,,0.3636,14.0
2017-05-16,0.1954,13.0,0.1319,13.0,0.2695,11.0,,,0.2771,9.0,0.2488,6.0,0.1644,8.0,0.2852,8.0,,,0.3248,5.0
2017-05-15,0.2759,34.0,0.169,26.0,0.3134,25.0,,,0.2555,5.0,0.2491,6.0,0.1655,8.0,0.3163,18.0,,,0.3157,4.0
2017-05-12,0.2532,27.0,0.1612,23.0,0.2493,7.0,,,0.3061,17.0,0.248,6.0,0.1651,8.0,0.3119,16.0,,,0.3329,7.0
2017-05-11,0.2849,36.0,0.1785,30.0,0.385,43.0,,,0.2658,7.0,0.2502,7.0,0.1676,8.0,0.3067,14.0,,,0.32,5.0
2017-05-10,0.2925,38.0,0.175,28.0,0.2477,6.0,,,0.2457,3.0,0.2514,7.0,0.1677,8.0,0.2971,11.0,,,0.3317,7.0
2017-05-09,0.2844,36.0,0.1794,30.0,0.2498,7.0,,,0.3271,23.0,0.2596,11.0,0.1789,12.0,0.2648,4.0,,,0.3533,11.0
2017-05-08,0.2875,37.0,0.1801,30.0,0.2247,3.0,,,0.3066,17.0,0.259,10.0,0.1793,12.0,0.4805,60.0,,,0.5875,72.0
2017-05-05,0.2779,34.0,0.1719,27.0,0.4201,51.0,,,0.2183,1.0,0.2597,11.0,0.1785,12.0,0.3422,27.0,,,0.2914,2.0
2017-05-04,0.1198,2.0,0.1391,15.0,0.8503,95.0,,,0.5776,77.0,0.2565,9.0,0.1773,11.0,0.8503,98.0,,,0.5776,70.0
2017-05-03,0.2885,37.0,0.1511,19.0,1.4693,100.0,,,0.5212,69.0,0.2565,9.0,0.1771,11.0,0.6075,82.0,,,0.5212,61.0
2017-05-02,0.3289,46.0,0.1397,15.0,0.7503,92.0,,,1.5501,100.0,0.255,8.0,0.1765,10.0,0.7503,96.0,,,0.6359,80.0
2017-05-01,0.3116,42.0,0.1373,14.0,0.2664,11.0,,,0.3205,21.0,0.2549,8.0,0.177,11.0,0.5373,71.0,,,0.5867,72.0
2017-04-28,0.3306,46.0,0.1511,19.0,0.25,7.0,,,0.675,86.0,0.2548,8.0,0.1773,11.0,0.5344,71.0,,,0.5674,69.0
2017-04-27,0.3113,42.0,0.1528,19.0,0.4196,50.0,,,0.3464,28.0,0.2536,8.0,0.1779,11.0,0.2691,4.0,,,0.3461,9.0
2017-04-26,0.2876,37.0,0.1556,20.0,0.2663,10.0,,,0.2905,13.0,0.2527,8.0,0.1782,11.0,0.4935,63.0,,,0.4272,39.0
2017-04-25,0.2646,31.0,0.1573,21.0,0.8102,94.0,,,0.6806,87.0,0.2527,8.0,0.178,11.0,0.5792,79.0,,,0.6033,75.0
2017-04-24,0.2279,22.0,0.1363,14.0,0.2853,16.0,,,0.286,12.0,0.2488,6.0,0.177,11.0,0.2894,9.0,,,0.3354,7.0
2017-04-21,0.2154,18.0,0.1485,18.0,0.3048,22.0,,,0.3507,28.0,0.2464,5.0,0.1768,11.0,0.2963,11.0,,,0.3473,10.0
2017-04-20,0.3005,40.0,0.1677,25.0,1.2403,99.0,,,1.2365,99.0,0.2464,5.0,0.1771,11.0,0.5534,74.0,,,0.5823,71.0
2017-04-19,0.227,21.0,0.1568,21.0,0.2871,17.0,,,0.3636,33.0,0.2445,5.0,0.1766,11.0,0.281,7.0,,,0.3783,19.0
2017-04-18,0.2338,23.0,0.1479,18.0,0.4125,49.0,,,0.3134,19.0,0.2442,5.0,0.1771,11.0,0.3646,33.0,,,0.3649,15.0
2017-04-17,0.2504,27.0,0.1511,19.0,0.3347,31.0,,,0.3185,20.0,0.2476,6.0,0.1778,11.0,0.3186,18.0,,,0.3185,4.0
2017-04-13,0.2255,21.0,0.1711,27.0,0.2773,14.0,,,0.3959,42.0,0.2476,6.0,0.1777,11.0,0.283,7.0,,,0.4008,28.0
2017-04-12,0.2274,22.0,0.1578,21.0,0.2619,10.0,,,0.3596,32.0,0.2459,5.0,0.1771,11.0,0.2903,9.0,,,0.379,20.0
2017-04-11,0.112,2.0,0.1697,26.0,0.3052,22.0,,,0.2582,5.0,0.2416,5.0,0.1775,11.0,0.284,8.0,,,0.3421,9.0
2017-04-10,0.11,2.0,0.165,24.0,0.3062,22.0,,,0.2467,4.0,0.2417,5.0,0.1775,11.0,0.293,10.0,,,0.3348,7.0
2017-04-07,0.1176,2.0,0.1679,25.0,0.2689,11.0,,,0.2678,7.0,0.2458,5.0,0.1795,12.0,0.2822,7.0,,,0.3279,6.0
2017-04-06,0.1179,2.0,0.1657,25.0,0.2868,17.0,,,0.2314,2.0,0.2461,5.0,0.1796,12.0,0.3022,13.0,,,0.3472,10.0
2017-04-05,0.2079,16.0,0.1995,36.0,0.2596,9.0,,,0.5176,68.0,0.2508,7.0,0.1832,14.0,0.2474,2.0,,,0.3852,23.0
2017-04-04,0.1948,13.0,0.2212,43.0,0.331,30.0,,,0.2401,3.0,0.2508,7.0,0.1828,14.0,0.3153,17.0,,,0.3457,9.0
2017-04-03,0.2177,19.0,0.2334,46.0,0.2687,11.0,,,0.3046,16.0,0.252,7.0,0.1827,14.0,0.2997,12.0,,,0.3488,10.0
2017-03-31,0.2011,14.0,0.2133,40.0,0.2647,10.0,,,0.2475,4.0,0.256,9.0,0.1829,14.0,0.2775,6.0,,,0.3429,9.0
2017-03-30,0.1992,14.0,0.2138,41.0,0.3327,30.0,,,0.2576,5.0,0.256,9.0,0.183,14.0,0.2859,8.0,,,0.3521,11.0
2017-03-29,0.3094,42.0,0.2583,52.0,0.3205,26.0,,,0.2788,10.0,0.2567,9.0,0.1835,14.0,0.3147,17.0,,,0.3578,13.0
2017-03-28,0.3095,42.0,0.2569,51.0,0.4038,47.0,,,0.2515,4.0,0.2573,10.0,0.1846,15.0,0.309,15.0,,,0.3286,6.0
2017-03-27,0.2558,28.0,0.2284,45.0,0.351,35.0,,,0.287,12.0,0.2571,10.0,0.1843,14.0,0.3387,25.0,,,0.3041,3.0
2017-03-24,0.2559,28.0,0.2064,38.0,0.2383,5.0,,,0.3586,32.0,0.2573,10.0,0.1819,13.0,0.4832,61.0,,,0.3715,17.0
2017-03-23,0.3625,52.0,0.2106,40.0,0.3102,24.0,,,0.2942,14.0,0.2569,9.0,0.1809,13.0,0.3137,17.0,,,0.3355,7.0
2017-03-22,0.3739,54.0,0.2081,39.0,0.3043,22.0,,,0.2668,7.0,0.2577,10.0,0.1809,13.0,0.2956,11.0,,,0.3308,6.0
2017-03-21,0.3798,55.0,0.2063,38.0,0.1946,1.0,,,0.3882,40.0,0.2577,10.0,0.1817,13.0,0.2296,1.0,,,0.4183,36.0
2017-03-20,0.2897,37.0,0.1574,21.0,0.8262,95.0,,,0.8356,94.0,0.2561,9.0,0.1803,13.0,0.8262,98.0,,,0.8356,97.0
2017-03-17,0.2997,40.0,0.1693,26.0,0.2621,10.0,,,0.2742,9.0,0.2564,9.0,0.1804,13.0,0.292,10.0,,,0.3617,14.0
2017-03-16,0.296,39.0,0.1715,27.0,0.2507,7.0,,,0.3118,18.0,0.2563,9.0,0.1808,13.0,0.2653,4.0,,,0.3507,10.0
2017-03-14,0.154,6.0,0.1249,11.0,0.3077,23.0,,,0.3346,25.0,0.2507,7.0,0.1789,12.0,0.3077,14.0,,,0.3908,25.0
2017-03-13,0.133,3.0,0.1232,10.0,0.4252,52.0,,,0.2725,8.0,0.2496,6.0,0.1791,12.0,0.3007,12.0,,,0.3233,5.0
2017-03-10,0.176,9.0,0.1421,16.0,0.2434,6.0,,,0.3066,17.0,0.2579,10.0,0.1819,13.0,0.3214,19.0,,,0.3635,14.0
2017-03-09,0.3262,45.0,0.1325,13.0,0.2675,11.0,,,0.311,18.0,0.2586,10.0,0.1839,14.0,0.3265,21.0,,,0.365,15.0
2017-03-08,0.325,45.0,0.1203,9.0,0.2495,7.0,,,0.3171,20.0,0.2732,14.0,0.1871,15.0,0.2792,6.0,,,0.3582,13.0
2017-03-07,0.3265,45.0,0.1294,12.0,0.2032,1.0,,,0.3426,27.0,0.2735,15.0,0.1871,15.0,0.2736,5.0,,,0.36,13.0
2017-03-06,0.3191,44.0,0.1279,12.0,0.3499,35.0,,,0.3328,24.0,0.2729,14.0,0.1868,15.0,0.423,50.0,,,0.4694,51.0
2017-03-03,0.3387,48.0,0.1591,22.0,0.7685,93.0,,,0.285,11.0,0.2723,14.0,0.1867,15.0,0.2797,6.0,,,0.355,12.0
2017-03-02,0.3423,49.0,0.1762,28.0,0.2096,1.0,,,0.3546,31.0,0.2733,14.0,0.1867,15.0,0.2475,2.0,,,0.3722,17.0
2017-03-01,0.2961,39.0,0.1614,23.0,0.2786,14.0,,,0.3128,19.0,0.2701,13.0,0.1862,15.0,0.2725,5.0,,,0.3175,4.0
2017-02-28,0.1797,10.0,0.1573,21.0,0.271,12.0,,,0.3087,18.0,0.2659,12.0,0.1864,15.0,0.3089,15.0,,,0.3663,15.0
2017-02-27,0.1787,9.0,0.1584,22.0,0.2454,6.0,,,0.3345,25.0,0.2663,12.0,0.187,15.0,0.2914,9.0,,,0.3712,17.0
2017-02-24,0.1765,9.0,0.1512,19.0,0.3127,24.0,,,0.281,10.0,0.2678,13.0,0.1883,16.0,0.307,14.0,,,0.3198,5.0
2017-02-23,0.1762,9.0,0.1475,17.0,0.1998,1.0,,,0.3928,41.0,0.2685,13.0,0.1892,16.0,0.4621,57.0,,,0.5726,70.0
2017-02-22,0.1471,5.0,0.1264,11.0,0.2254,3.0,,,0.5393,72.0,0.2667,13.0,0.1876,15.0,0.3345,24.0,,,0.357,12.0
2017-02-21,0.1683,8.0,0.1038,5.0,1.3564,99.0,,,1.3395,99.0,0.2696,13.0,0.1871,15.0,0.5066,65.0,,,0.3433,9.0
2017-02-17,0.1591,6.0,0.1053,6.0,0.2558,8.0,,,0.219,1.0,0.27,13.0,0.1874,15.0,0.2823,7.0,,,0.3209,5.0
2017-02-16,0.1456,5.0,0.1086,6.0,0.2561,8.0,,,0.3024,16.0,0.2698,13.0,0.1874,15.0,0.2739,5.0,,,0.4061,31.0
2017-02-15,0.1751,8.0,0.116,8.0,0.2757,13.0,,,0.2626,6.0,0.2698,13.0,0.1872,15.0,0.2807,7.0,,,0.3232,5.0
2017-02-14,0.1817,10.0,0.11,6.0,0.2752,13.0,,,0.2701,8.0,0.2705,13.0,0.1872,15.0,0.6132,83.0,,,0.6124,76.0
2017-02-13,0.176,9.0,0.1115,7.0,0.3061,22.0,,,0.2505,4.0,0.2705,13.0,0.1881,16.0,0.2961,11.0,,,0.3066,3.0
2017-02-10,0.1509,5.0,0.0954,4.0,0.3118,24.0,,,0.2964,14.0,0.2699,13.0,0.1884,16.0,0.3346,24.0,,,0.3655,15.0
2017-02-08,0.1141,2.0,0.1273,11.0,0.2814,15.0,,,0.287,12.0,0.2735,15.0,0.1905,17.0,0.2449,2.0,,,0.2699,1.0
2017-02-07,0.1647,7.0,0.145,17.0,0.2574,8.0,,,0.3503,28.0,0.2738,15.0,0.1907,17.0,0.2794,6.0,,,0.3838,22.0
2017-02-06,0.1569,6.0,0.1352,14.0,1.7614,100.0,,,1.7675,100.0,0.2733,14.0,0.1904,17.0,0.7013,93.0,,,0.7112,90.0
2017-02-03,0.1569,6.0,0.1476,17.0,0.2814,15.0,,,0.2359,2.0,0.2734,15.0,0.1907,17.0,0.2928,10.0,,,0.3305,6.0
2017-02-02,0.1565,6.0,0.1548,20.0,0.2782,14.0,,,0.2912,13.0,0.2735,15.0,0.1905,17.0,0.4667,57.0,,,0.5118,59.0
2017-02-01,0.4174,62.0,0.2273,44.0,1.1525,99.0,,,1.5148,100.0,0.2735,15.0,0.1905,17.0,0.745,95.0,,,0.8359,97.0
2017-01-31,0.4168,61.0,0.2193,42.0,0.2738,13.0,,,0.3085,18.0,0.2733,14.0,0.1901,16.0,0.2871,8.0,,,0.3571,12.0
2017-01-30,0.4099,60.0,0.2146,41.0,0.2619,10.0,,,0.3143,19.0,0.2734,15.0,0.1901,16.0,0.2805,7.0,,,0.3488,10.0
2017-01-27,0.3884,57.0,0.2133,40.0,0.2763,13.0,,,0.283,11.0,0.2718,14.0,0.1905,17.0,0.2823,7.0,,,0.3299,6.0
2017-01-26,0.3795,55.0,0.2176,42.0,0.2504,7.0,,,0.3054,17.0,0.2721,14.0,0.191,17.0,0.2919,10.0,,,0.3188,4.0
2017-01-25,0.3943,57.0,0.2164,41.0,0.2881,17.0,,,0.2608,6.0,0.2727,14.0,0.1909,17.0,0.306,14.0,,,0.337,8.0
2017-01-24,0.3997,59.0,0.2083,39.0,0.2876,17.0,,,0.2148,1.0,0.2727,14.0,0.1908,17.0,0.3726,36.0,,,0.2644,1.0
2017-01-23,0.1796,9.0,0.1272,11.0,0.2692,11.0,,,0.2717,8.0,0.259,10.0,0.1877,16.0,0.3181,18.0,,,0.3514,11.0
2017-01-20,0.1792,9.0,0.1216,10.0,0.3013,21.0,,,0.2815,10.0,0.2597,11.0,0.1882,16.0,0.315,17.0,,,0.3508,10.0
2017-01-19,0.1564,6.0,0.1207,9.0,0.2516,7.0,,,0.3369,25.0,0.2591,11.0,0.188,16.0,0.2829,7.0,,,0.393,26.0
2017-01-18,0.1429,4.0,0.1128,7.0,0.3248,28.0,,,0.2793,10.0,0.2583,10.0,0.1876,15.0,0.2702,5.0,,,0.313,4.0
2017-01-17,0.1201,2.0,0.1025,5.0,0.2864,16.0,,,0.3511,28.0,0.2584,10.0,0.188,16.0,0.4278,51.0,,,0.491,55.0
2017-01-13,0.1091,2.0,0.1006,5.0,0.2623,10.0,,,0.3362,25.0,0.2579,10.0,0.1882,16.0,0.4296,51.0,,,0.4498,46.0
2017-01-12,0.326,45.0,0.1615,23.0,0.3257,28.0,,,0.2218,1.0,0.2593,11.0,0.1884,16.0,0.3065,14.0,,,0.3645,15.0
2017-01-11,0.3328,47.0,0.1814,31.0,0.2617,9.0,,,0.3759,36.0,0.2596,11.0,0.1889,16.0,0.5331,71.0,,,0.588,73.0
2017-01-10,0.3562,51.0,0.1907,34.0,0.9574,97.0,,,1.7226,100.0,0.2597,11.0,0.189,16.0,0.32,19.0,,,0.4523,47.0
2017-01-09,0.3503,50.0,0.1867,33.0,0.3157,25.0,,,0.3452,28.0,0.2608,11.0,0.1892,16.0,0.3183,18.0,,,0.3626,14.0
2017-01-06,0.3756,55.0,0.207,38.0,0.2668,11.0,,,0.9531,97.0,0.2605,11.0,0.1888,16.0,0.3318,23.0,,,0.3724,17.0
2017-01-05,0.3784,55.0,0.21,39.0,0.3024,21.0,,,0.321,21.0,0.2656,12.0,0.191,17.0,0.3058,14.0,,,0.3736,18.0
2017-01-04,0.3723,54.0,0.2065,38.0,0.4674,60.0,,,0.2215,1.0,0.2662,12.0,0.1908,17.0,0.3722,36.0,,,0.3286,6.0
2017-01-03,0.1855,11.0,0.1703,27.0,0.2608,9.0,,,0.4202,48.0,0.2675,13.0,0.1922,18.0,0.3179,18.0,,,0.4041,30.0
2016-12-30,0.1899,12.0,0.1439,16.0,0.3037,21.0,,,0.3066,17.0,0.2676,13.0,0.1914,18.0,0.3249,21.0,,,0.425,38.0
2016-12-29,0.1815,10.0,0.132,13.0,0.2621,10.0,,,0.3688,34.0,0.2665,13.0,0.1932,19.0,0.4058,46.0,,,0.4494,46.0
2016-12-28,0.1798,10.0,0.1362,14.0,0.2155,2.0,,,0.4104,46.0,0.2729,14.0,0.1954,19.0,0.2779,6.0,,,0.4382,42.0
2016-12-27,0.1578,6.0,0.094,4.0,0.3032,21.0,,,0.3315,24.0,0.2712,14.0,0.1946,19.0,0.3291,22.0,,,0.3677,16.0
2016-12-23,0.167,7.0,0.1382,15.0,0.3244,28.0,,,0.2936,14.0,0.2744,15.0,0.1969,20.0,0.3305,22.0,,,0.3699,17.0
2016-12-22,0.2002,14.0,0.1556,20.0,0.2805,15.0,,,0.3762,36.0,0.2792,16.0,0.1974,20.0,0.3037,13.0,,,0.3957,27.0
2016-12-21,0.1849,11.0,0.1635,24.0,0.3012,21.0,,,0.3081,17.0,0.2784,16.0,0.1995,21.0,0.3442,28.0,,,0.3887,24.0
2016-12-20,0.1823,10.0,0.1744,28.0,0.3418,33.0,,,0.319,21.0,0.2966,20.0,0.2063,25.0,0.4428,53.0,,,0.4826,53.0
2016-12-19,0.1722,8.0,0.1758,28.0,0.3098,23.0,,,0.3175,20.0,0.3242,26.0,0.21,27.0,0.4315,51.0,,,0.4524,47.0
2016-12-16,0.2213,20.0,0.1787,30.0,0.2323,4.0,,,0.3494,28.0,0.3272,27.0,0.2103,27.0,0.3252,21.0,,,0.4544,47.0
2016-12-15,0.2993,40.0,0.2066,38.0,0.382,42.0,,,0.2592,6.0,0.3265,27.0,0.2101,27.0,0.3701,35.0,,,0.3821,21.0
2016-12-14,0.2914,38.0,0.185,32.0,0.2382,5.0,,,0.4054,44.0,0.3263,27.0,0.2089,26.0,0.2987,12.0,,,0.4265,38.0
2016-12-13,0.2599,28.0,0.1735,28.0,0.3109,24.0,,,0.322,21.0,0.3249,26.0,0.2088,26.0,0.3473,28.0,,,0.4226,37.0
2016-12-12,0.251,27.0,0.1655,24.0,0.2396,5.0,,,0.3972,42.0,0.325,26.0,0.2091,27.0,0.2814,7.0,,,0.3875,24.0
2016-12-09,0.2395,24.0,0.164,24.0,0.3036,21.0,,,0.3082,17.0,0.3248,26.0,0.2104,27.0,0.3049,13.0,,,0.3982,28.0
2016-12-08,0.2541,28.0,0.184,32.0,0.2928,18.0,,,0.2869,12.0,0.3251,26.0,0.2109,28.0,0.4159,48.0,,,0.4516,46.0
2016-12-07,0.2703,32.0,0.1983,36.0,0.4839,64.0,,,0.2312,2.0,0.3261,27.0,0.2117,28.0,0.3615,33.0,,,0.3279,6.0
2016-12-06,0.2297,22.0,0.1711,27.0,0.3057,22.0,,,0.4674,59.0,0.3248,26.0,0.2106,27.0,0.3104,15.0,,,0.3713,17.0
2016-12-05,0.2256,21.0,0.1634,24.0,0.3024,21.0,,,0.3173,20.0,0.3252,27.0,0.2105,27.0,0.3162,18.0,,,0.4028,30.0
2016-12-02,0.2027,15.0,0.1649,24.0,0.292,18.0,,,0.3651,33.0,0.3253,27.0,0.2103,27.0,0.411,47.0,,,0.573,70.0
2016-12-01,0.2167,19.0,0.1658,25.0,0.2507,7.0,,,0.3086,18.0,0.3259,27.0,0.2104,27.0,0.3389,25.0,,,0.3738,18.0
2016-11-30,0.2365,24.0,0.17,26.0,0.4151,49.0,,,0.2517,4.0,0.3259,27.0,0.2102,27.0,0.3811,39.0,,,0.3749,18.0
2016-11-29,0.1987,14.0,0.1469,17.0,0.3307,30.0,,,0.3286,23.0,0.3243,26.0,0.2098,27.0,0.3489,28.0,,,0.3575,12.0
2016-11-28,0.1948,13.0,0.1164,8.0,0.2767,14.0,,,0.3593,32.0,0.3242,26.0,0.2088,26.0,0.3114,16.0,,,0.3938,26.0
2016-11-25,0.1816,10.0,0.1096,6.0,0.262,10.0,,,0.3168,20.0,0.3255,27.0,0.2099,27.0,0.3304,22.0,,,0.4109,33.0
2016-11-23,0.1783,9.0,0.1347,14.0,0.2955,19.0,,,0.2636,7.0,0.3256,27.0,0.2113,28.0,0.37,35.0,,,0.3842,22.0
2016-11-22,0.1773,9.0,0.1371,14.0,0.321,27.0,,,0.2974,14.0,0.3259,27.0,0.2116,28.0,0.374,36.0,,,0.3845,22.0
2016-11-21,0.236,23.0,0.1774,28.0,0.3621,37.0,,,0.3187,20.0,0.3249,26.0,0.2114,28.0,0.4375,52.0,,,0.405,31.0
2016-11-18,0.2038,15.0,0.175,28.0,0.3338,30.0,,,0.3312,24.0,0.3241,26.0,0.2122,28.0,0.3728,36.0,,,0.4513,46.0
2016-11-17,0.3351,47.0,0.3149,65.0,0.33,28.0,,,0.3306,24.0,0.3265,27.0,0.2129,28.0,0.3587,32.0,,,0.4022,28.0
2016-11-16,0.3304,46.0,0.3225,67.0,0.3482,34.0,,,0.3405,27.0,0.3269,27.0,0.2133,28.0,0.3453,28.0,,,0.3705,17.0
2016-11-15,0.3368,48.0,0.3212,66.0,0.3958,46.0,,,0.2944,14.0,0.3286,28.0,0.2143,28.0,0.3888,41.0,,,0.3844,22.0
2016-11-14,0.3371,48.0,0.3167,65.0,0.3865,43.0,,,0.3816,38.0,0.3286,28.0,0.2136,28.0,0.3695,35.0,,,0.4071,31.0
2016-11-11,0.3451,49.0,0.314,65.0,0.3215,27.0,,,0.4569,56.0,0.3292,28.0,0.2142,28.0,0.3091,15.0,,,0.4125,33.0
2016-11-10,0.3038,41.0,0.2932,60.0,0.3306,30.0,,,0.3097,18.0,0.3329,30.0,0.2149,28.0,0.3604,32.0,,,0.5096,57.0
2016-11-09,0.3381,48.0,0.2954,61.0,0.5082,68.0,,,0.2993,15.0,0.332,28.0,0.2153,28.0,0.468,59.0,,,0.2812,1.0
2016-11-08,0.214,18.0,0.1498,18.0,0.5793,78.0,,,0.371,35.0,0.3289,28.0,0.208,26.0,0.4317,51.0,,,0.435,41.0
2016-11-07,0.2119,17.0,0.1542,20.0,0.391,44.0,,,0.411,46.0,0.33,28.0,0.2082,26.0,0.3777,38.0,,,0.3791,20.0
2016-11-04,0.1274,3.0,0.1658,25.0,0.4951,66.0,,,0.4037,44.0,0.3278,28.0,0.2106,27.0,0.3531,30.0,,,0.4422,43.0
2016-11-03,0.1068,2.0,0.1546,20.0,0.3917,45.0,,,0.4209,49.0,0.3276,28.0,0.2105,27.0,0.3917,42.0,,,0.4209,37.0
2016-11-02,0.1121,2.0,0.1564,21.0,0.4554,57.0,,,0.4396,53.0,0.332,28.0,0.2119,28.0,0.407,46.0,,,0.4983,57.0
2016-11-01,0.113,2.0,0.1569,21.0,0.3862,43.0,,,0.4845,62.0,0.3368,31.0,0.2121,28.0,0.3389,25.0,,,0.4426,44.0
2016-10-31,0.0956,1.0,0.1502,18.0,0.3814,42.0,,,0.4195,48.0,0.3372,31.0,0.2125,28.0,0.3543,31.0,,,0.4003,28.0
2016-10-28,0.1014,1.0,0.1559,21.0,0.3559,36.0,,,0.3795,37.0,0.3379,31.0,0.2137,28.0,0.3518,30.0,,,0.4026,30.0
2016-10-27,0.1262,3.0,0.1505,18.0,0.3662,38.0,,,0.3539,30.0,0.3387,32.0,0.2141,28.0,0.3211,19.0,,,0.4021,28.0
2016-10-26,0.216,19.0,0.1465,17.0,0.9603,97.0,,,0.4606,57.0,0.3443,33.0,0.2147,28.0,0.3812,39.0,,,0.4172,35.0
2016-10-25,0.218,19.0,0.1501,18.0,0.2924,18.0,,,0.4091,45.0,0.3443,33.0,0.2153,28.0,0.3366,24.0,,,0.484,54.0
2016-10-24,0.194,12.0,0.1545,20.0,0.4003,46.0,,,0.5445,72.0,0.3441,33.0,0.2163,30.0,0.368,35.0,,,0.4255,38.0
2016-10-21,0.23,22.0,0.1751,28.0,0.3661,38.0,,,0.3184,20.0,0.3448,34.0,0.217,30.0,0.3737,36.0,,,0.3864,23.0
2016-10-20,0.2291,22.0,0.1739,28.0,0.3708,39.0,,,0.3251,22.0,0.3454,34.0,0.2174,30.0,0.3627,33.0,,,0.3586,13.0
2016-10-19,0.3003,40.0,0.1926,35.0,0.4755,62.0,,,0.3288,23.0,0.3474,35.0,0.2176,30.0,0.3808,39.0,,,0.4015,28.0
2016-10-18,0.2975,39.0,0.1868,33.0,0.3943,45.0,,,0.3441,28.0,0.3477,35.0,0.2176,30.0,0.3963,43.0,,,0.4219,37.0
2016-10-17,0.2557,28.0,0.2402,48.0,0.3504,35.0,,,0.4225,49.0,0.3456,34.0,0.2177,30.0,0.2369,1.0,,,0.426,38.0
2016-10-14,0.2877,37.0,0.2488,50.0,0.3502,35.0,,,0.403,44.0,0.3456,34.0,0.2182,31.0,0.3558,31.0,,,0.4045,30.0
2016-10-13,0.3269,46.0,0.2454,49.0,0.4733,62.0,,,0.354,31.0,0.3457,34.0,0.2182,31.0,0.4052,45.0,,,0.3713,17.0
2016-10-12,0.3623,52.0,0.252,50.0,0.4148,49.0,,,0.3635,33.0,0.3515,36.0,0.2185,31.0,0.3522,30.0,,,0.4014,28.0
2016-10-11,0.3635,52.0,0.2495,50.0,0.3411,32.0,,,0.4702,59.0,0.3515,36.0,0.219,31.0,0.3264,21.0,,,0.4385,42.0
2016-10-10,0.3503,50.0,0.2319,46.0,0.2925,18.0,,,0.4129,47.0,0.3491,35.0,0.2174,30.0,0.3377,25.0,,,0.413,34.0
2016-10-07,0.3437,49.0,0.2447,49.0,0.282,15.0,,,0.5664,75.0,0.3488,35.0,0.2172,30.0,0.3108,15.0,,,0.5255,62.0
2016-10-06,0.3293,46.0,0.2171,42.0,0.4101,48.0,,,0.2378,2.0,0.3479,35.0,0.2146,28.0,0.4147,48.0,,,0.3987,28.0
2016-10-05,0.327,46.0,0.2087,39.0,0.529,71.0,,,0.5105,67.0,0.3493,36.0,0.2149,28.0,0.413,47.0,,,0.4468,45.0
2016-10-04,0.3107,42.0,0.2075,39.0,0.3123,24.0,,,0.3732,36.0,0.349,35.0,0.2168,30.0,0.3782,38.0,,,0.4629,49.0
2016-10-03,0.2454,26.0,0.181,31.0,0.2938,19.0,,,0.3306,24.0,0.3466,34.0,0.2159,30.0,0.3941,42.0,,,0.5293,62.0
2016-09-30,0.2435,25.0,0.1933,35.0,0.2741,13.0,,,0.3147,19.0,0.3492,35.0,0.2168,30.0,0.3391,25.0,,,0.4141,34.0
2016-09-29,0.3003,40.0,0.2151,41.0,0.2976,20.0,,,0.334,24.0,0.3493,36.0,0.2187,31.0,0.4878,62.0,,,0.5545,67.0
2016-09-28,0.2874,37.0,0.1968,36.0,0.2892,17.0,,,0.2866,12.0,0.3493,36.0,0.2178,31.0,0.4495,55.0,,,0.4239,38.0
2016-09-27,0.2527,27.0,0.1703,27.0,0.3016,21.0,,,0.3222,22.0,0.3487,35.0,0.2167,30.0,0.4156,48.0,,,0.4487,46.0
2016-09-26,0.2598,28.0,0.1669,25.0,0.3106,24.0,,,0.3648,33.0,0.3489,35.0,0.2195,31.0,0.366,34.0,,,0.425,38.0
2016-09-23,0.2542,28.0,0.1791,30.0,0.2937,19.0,,,0.3465,28.0,0.3498,36.0,0.2205,32.0,0.4258,50.0,,,0.4893,55.0
2016-09-22,0.2335,23.0,0.1777,28.0,0.2865,16.0,,,0.3385,26.0,0.3499,36.0,0.2207,32.0,0.3806,39.0,,,0.4695,51.0
2016-09-21,0.3811,56.0,0.2087,39.0,0.3559,36.0,,,0.2999,15.0,0.3502,36.0,0.2219,33.0,0.4119,47.0,,,0.4351,41.0
2016-09-20,0.3234,45.0,0.2196,42.0,0.3362,31.0,,,0.4227,49.0,0.3473,34.0,0.2206,32.0,0.2748,5.0,,,0.4163,35.0
2016-09-19,0.4714,70.0,0.269,54.0,0.3374,32.0,,,0.3803,38.0,0.3472,34.0,0.2219,33.0,0.3725,36.0,,,0.4857,54.0
2016-09-16,0.448,67.0,0.2655,54.0,0.3864,43.0,,,0.3748,36.0,0.3502,36.0,0.222,33.0,0.3845,40.0,,,0.4244,38.0
2016-09-15,0.4505,67.0,0.2656,54.0,0.3765,41.0,,,0.3821,38.0,0.35,36.0,0.2226,33.0,0.3551,31.0,,,0.3919,25.0
2016-09-14,0.4269,63.0,0.2564,51.0,0.3727,40.0,,,0.4404,53.0,0.3498,36.0,0.2222,33.0,0.3563,31.0,,,0.4106,33.0
2016-09-13,0.469,70.0,0.2535,51.0,0.52,70.0,,,0.4249,49.0,0.3497,36.0,0.223,33.0,0.3589,32.0,,,0.4883,55.0
2016-09-12,0.4162,61.0,0.2198,42.0,0.4769,62.0,,,0.3451,28.0,0.35,36.0,0.2236,34.0,0.4137,48.0,,,0.4049,31.0
2016-09-09,0.3926,57.0,0.1847,32.0,0.3249,28.0,,,0.4229,49.0,0.3539,37.0,0.2252,34.0,0.3236,20.0,,,0.42,36.0
2016-09-08,0.1682,8.0,0.1182,9.0,0.3038,22.0,,,0.339,26.0,0.3438,33.0,0.2223,33.0,0.3272,21.0,,,0.4147,34.0
2016-09-07,0.2184,19.0,0.1581,21.0,0.2921,18.0,,,0.2621,6.0,0.3447,33.0,0.2225,33.0,0.3469,28.0,,,0.3974,28.0
2016-09-06,0.2312,22.0,0.1797,30.0,0.3071,23.0,,,0.3339,24.0,0.3509,36.0,0.2236,34.0,0.3438,27.0,,,0.4022,28.0
2016-09-02,0.2346,23.0,0.1777,28.0,0.2967,20.0,,,0.2431,3.0,0.3509,36.0,0.225,34.0,0.4095,47.0,,,0.4528,47.0
2016-09-01,0.2655,31.0,0.1841,32.0,0.3305,30.0,,,0.3351,25.0,0.3506,36.0,0.2259,35.0,0.3672,34.0,,,0.4557,48.0
2016-08-31,0.2925,38.0,0.1846,32.0,0.3275,28.0,,,0.3463,28.0,0.3574,38.0,0.2281,35.0,0.3574,32.0,,,0.4329,40.0
2016-08-30,0.2769,34.0,0.1764,28.0,0.2608,9.0,,,0.3397,26.0,0.3589,38.0,0.2295,36.0,0.3736,36.0,,,0.4658,50.0
2016-08-29,0.2721,33.0,0.1625,23.0,0.3326,30.0,,,0.276,9.0,0.3601,39.0,0.2325,37.0,0.3699,35.0,,,0.392,25.0
2016-08-26,0.2496,27.0,0.1252,11.0,0.2754,13.0,,,0.3646,33.0,0.3592,38.0,0.2312,37.0,0.3226,20.0,,,0.4574,48.0
2016-08-25,0.2372,24.0,0.1206,9.0,0.3103,24.0,,,0.3001,15.0,0.3587,38.0,0.2313,37.0,0.3879,41.0,,,0.4474,45.0
2016-08-24,0.2414,25.0,0.1456,17.0,0.2806,15.0,,,0.3364,25.0,0.3643,40.0,0.2341,38.0,0.3288,22.0,,,0.4211,37.0
2016-08-23,0.2047,15.0,0.1585,22.0,0.263,10.0,,,0.306,17.0,0.3621,39.0,0.2352,38.0,0.3399,26.0,,,0.4135,34.0
2016-08-22,0.2634,30.0,0.1795,30.0,0.2785,14.0,,,0.2909,13.0,0.3635,40.0,0.2356,38.0,0.3454,28.0,,,0.3918,25.0
2016-08-19,0.269,32.0,0.1837,32.0,0.2706,12.0,,,0.2531,5.0,0.3651,40.0,0.2381,39.0,0.3396,25.0,,,0.3894,24.0
2016-08-18,0.2698,32.0,0.1861,33.0,0.3258,28.0,,,0.2487,4.0,0.3655,40.0,0.2422,39.0,0.3735,36.0,,,0.3805,20.0
2016-08-17,0.2523,27.0,0.1884,33.0,0.3118,24.0,,,0.2825,10.0,0.3739,42.0,0.2446,40.0,0.3796,38.0,,,0.4151,35.0
2016-08-16,0.2567,28.0,0.1699,26.0,0.2516,7.0,,,0.5003,65.0,0.3777,43.0,0.2443,39.0,0.3227,20.0,,,0.4541,47.0
2016-08-15,0.2507,27.0,0.1515,19.0,0.2941,19.0,,,0.285,11.0,0.3788,43.0,0.2439,39.0,0.3776,38.0,,,0.388,24.0
2016-08-12,0.1889,12.0,0.1358,14.0,0.254,8.0,,,0.3516,30.0,0.3778,43.0,0.2438,39.0,0.3355,24.0,,,0.4452,44.0
2016-08-11,0.1152,2.0,0.1154,8.0,0.3273,28.0,,,0.3081,17.0,0.3801,43.0,0.2443,39.0,0.3688,35.0,,,0.4018,28.0
2016-08-10,0.1226,3.0,0.1413,16.0,0.2903,18.0,,,0.3032,16.0,0.3822,44.0,0.2458,40.0,0.351,30.0,,,0.4291,39.0
2016-08-09,0.1338,3.0,0.1499,18.0,0.2507,7.0,,,0.3457,28.0,0.3901,45.0,0.2493,40.0,0.3405,26.0,,,0.438,42.0
2016-08-08,0.1452,5.0,0.1521,19.0,0.29,18.0,,,0.3351,25.0,0.3937,47.0,0.2507,40.0,0.3747,37.0,,,0.4219,37.0
2016-08-05,0.1377,4.0,0.1611,23.0,0.3026,21.0,,,0.3469,28.0,0.3956,47.0,0.254,41.0,0.3688,35.0,,,0.4192,36.0
2016-08-04,0.1327,3.0,0.1814,31.0,0.3102,24.0,,,0.2887,12.0,0.3957,47.0,0.2565,42.0,0.3798,38.0,,,0.4216,37.0
2016-08-03,0.1669,7.0,0.1873,33.0,0.3355,31.0,,,0.2913,13.0,0.4034,48.0,0.2611,44.0,0.3947,42.0,,,0.4252,38.0
2016-08-02,0.146,5.0,0.1783,30.0,0.304,22.0,,,0.3521,30.0,0.4045,49.0,0.2616,44.0,0.3664,34.0,,,0.4526,47.0
2016-08-01,0.1445,5.0,0.1608,22.0,0.2943,19.0,,,0.354,31.0,0.4101,50.0,0.2669,48.0,0.3681,35.0,,,0.4436,44.0
2016-07-29,0.158,6.0,0.1646,24.0,0.3247,28.0,,,0.2996,15.0,0.4202,53.0,0.2738,50.0,0.375,37.0,,,0.4107,33.0
2016-07-28,0.1398,4.0,0.1686,26.0,0.3433,33.0,,,0.2945,14.0,0.4206,53.0,0.2746,51.0,0.3836,40.0,,,0.4165,35.0
2016-07-27,0.1799,10.0,0.1647,24.0,0.324,28.0,,,0.3001,15.0,0.4205,53.0,0.2766,51.0,0.3848,40.0,,,0.4101,32.0
2016-07-26,0.1959,13.0,0.1568,21.0,0.3598,37.0,,,0.2983,15.0,0.4281,55.0,0.2797,52.0,0.3879,41.0,,,0.3953,27.0
2016-07-25,0.1724,8.0,0.1435,16.0,0.3532,36.0,,,0.3372,26.0,0.4279,55.0,0.2804,52.0,0.3923,42.0,,,0.4139,34.0
2016-07-22,0.2112,17.0,0.1499,18.0,0.3415,32.0,,,0.3178,20.0,0.4291,56.0,0.2831,53.0,0.389,41.0,,,0.4197,36.0
2016-07-21,0.2115,17.0,0.1447,16.0,0.3095,23.0,,,0.3493,28.0,0.4318,57.0,0.2854,53.0,0.3633,33.0,,,0.438,42.0
2016-07-20,0.2687,32.0,0.1757,28.0,0.3021,21.0,,,0.3246,22.0,0.4386,57.0,0.2871,53.0,0.3805,38.0,,,0.4135,34.0
2016-07-19,0.2675,32.0,0.1669,25.0,0.2988,20.0,,,0.3514,30.0,0.4399,57.0,0.2896,53.0,0.3737,36.0,,,0.4302,40.0
2016-07-18,0.289,37.0,0.2276,45.0,0.3269,28.0,,,0.2869,12.0,0.4394,57.0,0.2921,54.0,0.3857,40.0,,,0.4008,28.0
2016-07-15,0.293,38.0,0.2228,43.0,0.3175,26.0,,,0.3314,24.0,0.4403,57.0,0.298,55.0,0.3578,32.0,,,0.4164,35.0
2016-07-14,0.302,40.0,0.2543,51.0,0.3043,22.0,,,0.3367,25.0,0.4422,57.0,0.3036,56.0,0.3623,33.0,,,0.4182,36.0
2016-07-13,0.4712,70.0,0.2784,56.0,0.3463,34.0,,,0.3251,22.0,0.4473,57.0,0.305,56.0,0.3806,39.0,,,0.4111,33.0
2016-07-12,0.4704,70.0,0.2869,59.0,0.3041,22.0,,,0.3355,25.0,0.4488,59.0,0.3092,57.0,0.3655,34.0,,,0.4192,36.0
2016-07-11,0.4591,68.0,0.2908,60.0,0.3842,43.0,,,0.345,28.0,0.4518,59.0,0.3134,57.0,0.4017,45.0,,,0.4274,39.0
2016-07-08,0.4856,72.0,0.2967,61.0,0.3616,37.0,,,0.3448,28.0,0.4514,59.0,0.3162,57.0,0.3983,44.0,,,0.4268,39.0
2016-07-07,0.3996,59.0,0.2816,57.0,0.3917,45.0,,,0.3753,36.0,0.4486,59.0,0.3177,59.0,0.4059,46.0,,,0.4694,51.0
2016-07-06,0.617,84.0,0.3547,71.0,0.3854,43.0,,,0.4131,47.0,0.4497,59.0,0.319,59.0,0.42,49.0,,,0.4865,54.0
2016-07-05,0.8087,92.0,0.3706,73.0,0.3678,39.0,,,0.4492,55.0,0.4574,60.0,0.3199,59.0,0.4063,46.0,,,0.5016,57.0
2016-07-01,0.8332,92.0,0.3544,71.0,0.3307,30.0,,,0.3594,32.0,0.4605,60.0,0.32,59.0,0.3928,42.0,,,0.4661,50.0
2016-06-30,0.8293,92.0,0.3466,70.0,0.4085,48.0,,,0.3173,20.0,0.4604,60.0,0.3197,59.0,0.399,44.0,,,0.4531,47.0
2016-06-29,0.7851,91.0,0.3245,67.0,0.3838,42.0,,,0.3735,36.0,0.4611,60.0,0.3187,59.0,0.4202,49.0,,,0.4824,53.0
2016-06-28,0.7271,89.0,0.3261,67.0,0.4643,60.0,,,0.392,41.0,0.4586,60.0,0.3186,59.0,0.4462,54.0,,,0.4953,56.0
2016-06-27,0.7223,89.0,0.3109,64.0,0.3866,43.0,,,0.6881,87.0,0.4593,60.0,0.3175,59.0,0.401,44.0,,,0.5341,63.0
2016-06-24,0.6263,84.0,0.2456,49.0,0.352,35.0,,,0.4796,61.0,0.4491,59.0,0.3134,57.0,0.3919,42.0,,,0.5136,59.0
2016-06-23,0.2056,15.0,0.1931,35.0,0.377,41.0,,,0.3576,31.0,0.4303,56.0,0.3112,57.0,0.3781,38.0,,,0.4327,40.0
2016-06-22,0.2067,16.0,0.2057,38.0,0.3621,37.0,,,0.4184,48.0,0.4282,55.0,0.3108,57.0,0.3777,38.0,,,0.4467,45.0
2016-06-21,0.2572,28.0,0.2149,41.0,0.381,42.0,,,0.3934,41.0,0.4334,57.0,0.3122,57.0,0.3825,39.0,,,0.4422,43.0
2016-06-20,0.2603,30.0,0.2141,41.0,0.3505,35.0,,,0.4189,48.0,0.4357,57.0,0.3136,57.0,0.3828,39.0,,,0.4652,50.0
2016-06-17,0.2603,30.0,0.2032,37.0,0.4008,47.0,,,0.401,43.0,0.4358,57.0,0.3135,57.0,0.3961,43.0,,,0.4451,44.0
2016-06-16,0.273,33.0,0.1918,34.0,0.4201,51.0,,,0.4014,43.0,0.4372,57.0,0.314,57.0,0.4161,48.0,,,0.4592,48.0
2016-06-15,0.2632,30.0,0.1587,22.0,0.3832,42.0,,,0.4028,44.0,0.4405,57.0,0.3146,57.0,0.3967,43.0,,,0.4794,53.0
2016-06-14,0.2897,37.0,0.1625,23.0,0.4202,51.0,,,0.4107,46.0,0.4409,57.0,0.3156,57.0,0.4295,51.0,,,0.4919,55.0
2016-06-13,0.3009,40.0,0.1532,19.0,0.3844,43.0,,,0.4639,57.0,0.4399,57.0,0.3155,57.0,0.4054,45.0,,,0.4877,55.0
2016-06-10,0.2473,26.0,0.1544,20.0,0.3516,35.0,,,0.3327,24.0,0.4413,57.0,0.3171,59.0,0.3835,40.0,,,0.441,43.0
2016-06-09,0.2202,20.0,0.1811,31.0,0.2954,19.0,,,0.3016,15.0,0.4481,59.0,0.3175,59.0,0.3683,35.0,,,0.43,39.0
2016-06-08,0.1796,9.0,0.1915,34.0,0.2656,10.0,,,0.3402,26.0,0.4477,59.0,0.3183,59.0,0.3567,32.0,,,0.4237,38.0
2016-06-07,0.18,10.0,0.1863,33.0,0.2577,9.0,,,0.322,21.0,0.4562,59.0,0.3215,59.0,0.3586,32.0,,,0.4367,42.0
2016-06-06,0.2434,25.0,0.2096,39.0,0.3076,23.0,,,0.2959,14.0,0.4601,60.0,0.3227,60.0,0.368,35.0,,,0.4244,38.0
2016-06-03,0.2683,32.0,0.2107,40.0,0.2962,19.0,,,0.2865,12.0,0.4627,60.0,0.3242,60.0,0.3714,36.0,,,0.4231,37.0
2016-06-02,0.2497,27.0,0.2036,37.0,0.3383,32.0,,,0.3149,19.0,0.4638,61.0,0.3252,60.0,0.3826,39.0,,,0.4318,40.0
2016-06-01,0.28,35.0,0.2122,40.0,0.3625,38.0,,,0.3494,28.0,0.4641,61.0,0.3259,61.0,0.3874,41.0,,,0.4387,42.0
2016-05-31,0.281,35.0,0.1886,33.0,0.3495,34.0,,,0.3916,41.0,0.4659,61.0,0.326,61.0,0.3712,36.0,,,0.4561,48.0
2016-05-27,0.2604,30.0,0.1952,35.0,0.3357,31.0,,,0.3589,32.0,0.4659,61.0,0.3258,60.0,0.3789,38.0,,,0.4431,44.0
2016-05-26,0.4016,59.0,0.2409,48.0,0.3311,30.0,,,0.3777,37.0,0.466,61.0,0.3257,60.0,0.3768,37.0,,,0.4539,47.0
2016-05-25,0.3735,54.0,0.2331,46.0,0.3283,28.0,,,0.3449,28.0,0.465,61.0,0.3248,60.0,0.3747,37.0,,,0.4387,42.0
2016-05-24,0.3887,57.0,0.2504,50.0,0.3391,32.0,,,0.3705,35.0,0.4636,61.0,0.3245,60.0,0.3823,39.0,,,0.4507,46.0
2016-05-23,0.4172,62.0,0.2573,52.0,0.347,34.0,,,0.4006,43.0,0.464,61.0,0.3264,61.0,0.3872,41.0,,,0.4483,46.0
2016-05-20,0.3888,57.0,0.2745,55.0,0.3863,43.0,,,0.4006,43.0,0.4628,60.0,0.326,61.0,0.4046,45.0,,,0.4616,49.0
2016-05-19,0.3821,56.0,0.278,56.0,0.441,55.0,,,0.3244,22.0,0.4628,60.0,0.3266,61.0,0.4251,50.0,,,0.4576,48.0
2016-05-18,0.4443,66.0,0.2856,57.0,0.3888,44.0,,,0.4621,57.0,0.4623,60.0,0.3261,61.0,0.4077,46.0,,,0.4729,51.0
2016-05-17,0.4454,66.0,0.2543,51.0,0.3698,39.0,,,0.4363,52.0,0.4614,60.0,0.325,60.0,0.3931,42.0,,,0.4639,50.0
2016-05-16,0.4526,67.0,0.2564,51.0,0.3822,42.0,,,0.3661,34.0,0.4613,60.0,0.3248,60.0,0.3955,43.0,,,0.4365,42.0
2016-05-13,0.4103,60.0,0.2555,51.0,0.3746,40.0,,,0.3856,39.0,0.4603,60.0,0.3244,60.0,0.3998,44.0,,,0.4603,49.0
2016-05-12,0.4055,60.0,0.2598,52.0,0.3503,35.0,,,0.4007,43.0,0.4607,60.0,0.3257,60.0,0.3869,40.0,,,0.4499,46.0
2016-05-11,0.4698,70.0,0.2417,48.0,0.3364,31.0,,,0.3844,39.0,0.4642,61.0,0.3245,60.0,0.3796,38.0,,,0.4423,44.0
2016-05-10,0.4767,71.0,0.2441,49.0,0.3834,42.0,,,0.3644,33.0,0.4642,61.0,0.3245,60.0,0.3979,43.0,,,0.4306,40.0
2016-05-09,0.3563,51.0,0.2405,48.0,0.3679,39.0,,,0.4226,49.0,0.4616,60.0,0.3239,60.0,0.3999,44.0,,,0.4668,50.0
2016-05-06,0.3055,41.0,0.2499,50.0,0.3828,42.0,,,0.3889,40.0,0.4581,60.0,0.3238,60.0,0.4149,48.0,,,0.4562,48.0
2016-05-05,0.2949,38.0,0.2453,49.0,0.3961,46.0,,,0.4451,54.0,0.4575,60.0,0.3243,60.0,0.4076,46.0,,,0.4763,52.0
2016-05-04,0.3689,53.0,0.2323,46.0,0.4084,48.0,,,0.423,49.0,0.4578,60.0,0.3239,60.0,0.4165,48.0,,,0.4614,49.0
2016-05-03,0.3674,53.0,0.2229,43.0,0.4058,47.0,,,0.4372,52.0,0.4577,60.0,0.3236,60.0,0.3893,41.0,,,0.4542,47.0
2016-05-02,0.2576,28.0,0.2118,40.0,0.3924,45.0,,,0.3804,38.0,0.454,59.0,0.324,60.0,0.3888,41.0,,,0.4339,41.0
2016-04-29,0.2647,31.0,0.213,40.0,0.4037,47.0,,,0.4034,44.0,0.4542,59.0,0.3244,60.0,0.4003,44.0,,,0.4516,46.0
2016-04-28,0.2641,31.0,0.1951,35.0,0.3429,33.0,,,0.394,41.0,0.4541,59.0,0.3238,60.0,0.3756,37.0,,,0.4455,45.0
2016-04-27,0.3507,50.0,0.2049,38.0,0.3636,38.0,,,0.37,35.0,0.4534,59.0,0.3231,60.0,0.3787,38.0,,,0.4191,36.0
2016-04-26,0.3495,50.0,0.2057,38.0,0.362,37.0,,,0.3724,35.0,0.455,59.0,0.3255,60.0,0.3754,37.0,,,0.4211,37.0
2016-04-25,0.3253,45.0,0.1878,33.0,0.3897,44.0,,,0.3787,37.0,0.454,59.0,0.3252,60.0,0.3774,37.0,,,0.4279,39.0
2016-04-22,0.2982,39.0,0.1782,30.0,0.3468,34.0,,,0.3753,36.0,0.4539,59.0,0.3254,60.0,0.3595,32.0,,,0.4199,36.0
2016-04-21,0.3241,45.0,0.1827,31.0,0.3239,28.0,,,0.3839,39.0,0.4541,59.0,0.3257,60.0,0.3472,28.0,,,0.426,38.0
2016-04-20,0.3053,41.0,0.1894,34.0,0.2994,20.0,,,0.3414,27.0,0.4602,60.0,0.3259,61.0,0.3348,24.0,,,0.4154,35.0
2016-04-19,0.2647,31.0,0.2234,43.0,0.3069,23.0,,,0.3002,15.0,0.461,60.0,0.3263,61.0,0.3403,26.0,,,0.3923,25.0
2016-04-18,0.1772,9.0,0.2084,39.0,0.3247,28.0,,,0.3291,23.0,0.4564,59.0,0.3256,60.0,0.373,36.0,,,0.4081,32.0
2016-04-15,0.3156,43.0,0.2143,41.0,0.3404,32.0,,,0.3334,24.0,0.4572,60.0,0.3253,60.0,0.373,36.0,,,0.4073,32.0
2016-04-14,0.3173,44.0,0.2529,51.0,0.3287,28.0,,,0.3525,30.0,0.4571,59.0,0.3262,61.0,0.3678,34.0,,,0.4224,37.0
2016-04-13,0.3396,48.0,0.2545,51.0,0.3457,33.0,,,0.3352,25.0,0.4572,60.0,0.3271,61.0,0.3825,39.0,,,0.4183,36.0
2016-04-12,0.3485,49.0,0.2523,50.0,0.3256,28.0,,,0.3244,22.0,0.4564,59.0,0.3272,61.0,0.3895,41.0,,,0.4374,42.0
2016-04-11,0.3201,44.0,0.281,57.0,0.3253,28.0,,,0.3907,40.0,0.4552,59.0,0.3277,61.0,0.3882,41.0,,,0.4564,48.0
2016-04-08,0.3143,43.0,0.2672,54.0,0.3122,24.0,,,0.3366,25.0,0.4554,59.0,0.3266,61.0,0.4057,46.0,,,0.4584,48.0
2016-04-07,0.3079,41.0,0.2647,53.0,0.3214,27.0,,,0.3953,41.0,0.4547,59.0,0.3265,61.0,0.4096,47.0,,,0.4623,49.0
2016-04-06,0.2724,33.0,0.2765,56.0,0.4239,51.0,,,0.3057,17.0,0.455,59.0,0.3278,61.0,0.4159,48.0,,,0.4332,40.0
2016-04-05,0.2606,30.0,0.2476,49.0,0.3447,33.0,,,0.4131,47.0,0.4562,59.0,0.3276,61.0,0.3995,44.0,,,0.4649,50.0
2016-04-04,0.2465,26.0,0.2651,53.0,0.2936,19.0,,,0.3773,37.0,0.4578,60.0,0.3291,61.0,0.383,39.0,,,0.4494,46.0
2016-04-01,0.2977,39.0,0.2643,53.0,0.3572,36.0,,,0.2764,9.0,0.465,61.0,0.3313,62.0,0.3978,43.0,,,0.4175,35.0
2016-03-31,0.2868,36.0,0.2282,45.0,0.3251,28.0,,,0.3341,25.0,0.4695,61.0,0.3361,64.0,0.3881,41.0,,,0.4357,41.0
2016-03-30,0.2625,30.0,0.2128,40.0,0.3244,28.0,,,0.3289,23.0,0.4688,61.0,0.3359,64.0,0.3849,40.0,,,0.44,43.0
2016-03-29,0.2364,24.0,0.2215,43.0,0.3721,40.0,,,0.3429,27.0,0.4717,62.0,0.3364,64.0,0.4056,46.0,,,0.4471,45.0
2016-03-28,0.3784,55.0,0.2391,47.0,0.384,43.0,,,0.3988,43.0,0.4716,62.0,0.3362,64.0,0.4103,47.0,,,0.4508,46.0
2016-03-24,0.4417,66.0,0.2904,60.0,0.4225,51.0,,,0.3438,28.0,0.4825,63.0,0.3394,66.0,0.4339,52.0,,,0.4449,44.0
2016-03-23,0.4706,70.0,0.2749,56.0,0.3501,35.0,,,0.4255,50.0,0.4827,63.0,0.3397,66.0,0.4017,45.0,,,0.4761,52.0
2016-03-22,0.4272,63.0,0.2734,55.0,0.3682,39.0,,,0.3786,37.0,0.4801,62.0,0.3418,67.0,0.4016,45.0,,,0.4521,47.0
2016-03-21,0.4882,73.0,0.2805,57.0,0.3947,45.0,,,0.3512,28.0,0.4838,63.0,0.3436,67.0,0.4084,46.0,,,0.4392,43.0
2016-03-18,0.4749,71.0,0.2971,61.0,0.3314,30.0,,,0.3771,36.0,0.4863,63.0,0.3442,68.0,0.382,39.0,,,0.4461,45.0
2016-03-17,0.4672,70.0,0.2967,61.0,0.3709,39.0,,,0.3389,26.0,0.4863,63.0,0.3439,68.0,0.3931,42.0,,,0.4428,44.0
2016-03-16,0.5404,78.0,0.2904,60.0,0.3932,45.0,,,0.3462,28.0,0.4848,63.0,0.3424,67.0,0.416,48.0,,,0.4559,48.0
2016-03-15,0.5144,76.0,0.2627,53.0,0.448,57.0,,,0.4233,49.0,0.4818,63.0,0.3411,66.0,0.4714,59.0,,,0.511,59.0
2016-03-14,0.5075,75.0,0.3096,64.0,0.3731,40.0,,,0.4788,61.0,0.4836,63.0,0.3417,67.0,0.4524,55.0,,,0.4945,56.0
2016-03-11,0.4751,71.0,0.3079,64.0,0.4364,54.0,,,0.3621,33.0,0.4834,63.0,0.3421,67.0,0.4424,53.0,,,0.4813,53.0
2016-03-10,0.4053,60.0,0.3078,64.0,0.4395,55.0,,,0.4974,65.0,0.4805,62.0,0.3426,67.0,0.4589,57.0,,,0.5222,61.0
2016-03-09,0.4762,71.0,0.3253,67.0,0.4547,57.0,,,0.5166,68.0,0.4806,62.0,0.3418,67.0,0.4637,57.0,,,0.5206,60.0
2016-03-08,0.49,73.0,0.3309,68.0,0.4503,57.0,,,0.5475,73.0,0.4803,62.0,0.3417,67.0,0.4563,56.0,,,0.5295,63.0
2016-03-07,0.3123,42.0,0.3099,64.0,0.4898,65.0,,,0.3768,36.0,0.4763,62.0,0.3424,67.0,0.4576,56.0,,,0.4834,54.0
2016-03-04,0.3069,41.0,0.3194,66.0,0.4191,50.0,,,0.4136,47.0,0.4792,62.0,0.3421,67.0,0.4493,55.0,,,0.5051,57.0
2016-03-03,0.3035,40.0,0.3294,68.0,0.4504,57.0,,,0.4127,46.0,0.4813,63.0,0.3402,66.0,0.4653,57.0,,,0.5151,59.0
2016-03-02,0.526,77.0,0.3582,72.0,0.4923,65.0,,,0.4163,47.0,0.4813,63.0,0.3409,66.0,0.4823,61.0,,,0.5119,59.0
2016-03-01,0.5531,79.0,0.3521,71.0,0.4722,61.0,,,0.4166,47.0,0.4822,63.0,0.3409,66.0,0.4829,61.0,,,0.5098,59.0
2016-02-29,0.5329,77.0,0.3222,67.0,0.4259,52.0,,,0.5623,75.0,0.486,63.0,0.341,66.0,0.4674,57.0,,,0.5664,69.0
2016-02-26,0.5311,77.0,0.3131,65.0,0.4926,65.0,,,0.5029,66.0,0.486,63.0,0.3414,67.0,0.4928,62.0,,,0.5339,63.0
2016-02-25,0.5663,80.0,0.3254,67.0,0.5814,78.0,,,0.4399,53.0,0.4845,63.0,0.3421,67.0,0.509,65.0,,,0.5379,64.0
2016-02-24,0.5749,81.0,0.3165,65.0,0.7051,89.0,,,0.4777,61.0,0.4972,65.0,0.346,68.0,0.5288,70.0,,,0.56,67.0
2016-02-23,0.6541,86.0,0.3096,64.0,0.4624,59.0,,,0.5882,78.0,0.5027,66.0,0.3445,68.0,0.5261,69.0,,,0.6107,76.0
2016-02-22,0.5802,81.0,0.2993,62.0,0.5748,77.0,,,0.5482,73.0,0.4996,65.0,0.3666,70.0,0.525,69.0,,,0.5583,67.0
2016-02-19,0.5938,82.0,0.338,69.0,0.6064,81.0,,,0.6361,83.0,0.5094,66.0,0.4025,74.0,0.5347,71.0,,,0.5907,73.0
2016-02-18,0.5591,80.0,0.3667,73.0,0.5608,75.0,,,0.5105,67.0,0.5132,66.0,0.4036,75.0,0.5455,73.0,,,0.5682,69.0
2016-02-17,0.6733,87.0,0.4158,79.0,0.5708,76.0,,,0.5294,70.0,0.5148,66.0,0.4037,75.0,0.5645,76.0,,,0.5598,67.0
2016-02-16,0.6257,84.0,0.4104,79.0,0.6639,86.0,,,0.4936,64.0,0.5118,66.0,0.4032,74.0,0.5802,79.0,,,0.5718,69.0
2016-02-12,0.6818,87.0,0.4592,83.0,0.6568,85.0,,,0.5169,68.0,0.51,66.0,0.4022,74.0,0.5728,77.0,,,0.5603,68.0
2016-02-11,0.7212,89.0,0.5003,86.0,0.6497,85.0,,,0.739,90.0,0.5029,66.0,0.4006,74.0,0.5808,79.0,,,0.6476,81.0
2016-02-10,0.6901,88.0,0.4947,86.0,0.6243,83.0,,,0.7078,88.0,0.5008,65.0,0.3996,74.0,0.4945,63.0,,,0.6551,82.0
2016-02-09,0.6652,86.0,0.4888,85.0,0.6742,87.0,,,0.6844,87.0,0.5,65.0,0.3977,74.0,0.5843,79.0,,,0.6007,74.0
2016-02-08,0.7389,89.0,0.5038,87.0,0.7121,90.0,,,0.6647,86.0,0.4997,65.0,0.3966,74.0,0.52,68.0,,,0.6117,76.0
2016-02-05,0.5881,82.0,0.4693,84.0,0.547,73.0,,,0.5788,77.0,0.4981,65.0,0.3941,73.0,0.4945,63.0,,,0.5711,69.0
2016-02-04,0.5866,82.0,0.4891,85.0,0.5483,74.0,,,0.4914,63.0,0.5039,66.0,0.397,74.0,0.5036,65.0,,,0.5232,61.0
2016-02-03,0.5646,80.0,0.4554,83.0,0.5318,72.0,,,0.4679,59.0,0.5001,65.0,0.3946,73.0,0.5874,80.0,,,0.4763,52.0
2016-02-02,0.597,83.0,0.3987,77.0,0.5297,71.0,,,0.5378,72.0,0.4896,64.0,0.3896,72.0,0.5441,73.0,,,0.5633,68.0
2016-02-01,0.5957,82.0,0.4222,80.0,0.5107,68.0,,,0.4894,63.0,0.4894,64.0,0.3896,72.0,0.5605,75.0,,,0.4795,53.0
2016-01-29,0.5986,83.0,0.4272,80.0,0.7135,90.0,,,0.431,51.0,0.4893,64.0,0.3885,72.0,0.6229,84.0,,,0.5033,57.0
2016-01-28,0.5108,75.0,0.46,83.0,0.5939,79.0,,,0.6609,85.0,0.4814,63.0,0.386,71.0,0.542,72.0,,,0.6007,74.0
2016-01-27,0.5285,77.0,0.5109,87.0,0.559,75.0,,,0.7603,91.0,0.4811,63.0,0.3859,71.0,0.5391,72.0,,,0.6089,76.0
2016-01-26,0.583,81.0,0.5005,86.0,0.6185,82.0,,,0.5758,76.0,0.4805,62.0,0.3841,71.0,0.5941,81.0,,,0.6063,75.0
2016-01-25,0.5527,79.0,0.5212,88.0,0.5717,77.0,,,0.7327,90.0,0.4778,62.0,0.3826,71.0,0.563,76.0,,,0.6451,81.0
2016-01-22,0.5337,77.0,0.5572,90.0,0.6062,81.0,,,0.5811,77.0,0.4775,62.0,0.3841,71.0,0.5654,76.0,,,0.594,73.0
2016-01-21,0.479,72.0,0.5604,90.0,0.6182,82.0,,,0.5937,78.0,0.4762,62.0,0.3827,71.0,0.5741,78.0,,,0.5948,74.0
2016-01-20,0.4327,64.0,0.5732,90.0,0.7207,90.0,,,0.6075,80.0,0.4788,62.0,0.3836,71.0,0.5657,76.0,,,0.6243,78.0
2016-01-19,0.432,64.0,0.5288,88.0,0.5858,78.0,,,0.7375,90.0,0.4794,62.0,0.3796,71.0,0.57,77.0,,,0.6012,74.0
2016-01-15,0.4845,72.0,0.4951,86.0,0.5524,74.0,,,0.613,80.0,0.4786,62.0,0.3752,71.0,0.5758,78.0,,,0.6124,76.0
2016-01-14,0.501,74.0,0.4935,86.0,0.519,70.0,,,0.5474,73.0,0.4749,62.0,0.3749,71.0,0.5245,69.0,,,0.5529,66.0
2016-01-13,0.3762,55.0,0.4457,82.0,0.5595,75.0,,,0.7283,90.0,0.4735,62.0,0.3717,70.0,0.5356,71.0,,,0.6535,82.0
2016-01-12,0.3618,52.0,0.3792,75.0,0.5768,77.0,,,0.5716,76.0,0.4704,61.0,0.3681,70.0,0.514,66.0,,,0.5571,67.0
2016-01-11,0.3139,43.0,0.3391,69.0,0.5958,79.0,,,0.6584,85.0,0.4703,61.0,0.3656,70.0,0.5276,69.0,,,0.5774,70.0
2016-01-08,0.3171,43.0,0.2783,56.0,0.5935,79.0,,,0.7033,88.0,0.469,61.0,0.3627,70.0,0.5108,66.0,,,0.5795,71.0
2016-01-07,0.4407,65.0,0.2498,50.0,0.6322,83.0,,,0.6735,86.0,0.4692,61.0,0.3616,70.0,0.5123,66.0,,,0.5585,67.0
2016-01-06,0.3744,54.0,0.1978,36.0,0.4992,66.0,,,0.522,69.0,0.4637,61.0,0.3598,70.0,0.4488,55.0,,,0.5211,60.0
2016-01-05,0.2778,34.0,0.1519,19.0,0.5239,70.0,,,0.458,56.0,0.4598,60.0,0.3587,70.0,0.4504,55.0,,,0.4836,54.0
2016-01-04,0.4522,67.0,0.1906,34.0,0.5802,78.0,,,0.4869,63.0,0.4598,60.0,0.3594,70.0,0.4601,57.0,,,0.4935,56.0
2015-12-31,0.4446,66.0,0.2191,42.0,0.3768,41.0,,,0.4427,54.0,0.4622,60.0,0.3599,70.0,0.4148,48.0,,,0.4648,50.0
2015-12-30,0.4185,62.0,0.2213,43.0,0.3739,40.0,,,0.399,43.0,0.4618,60.0,0.3611,70.0,0.4124,47.0,,,0.4553,47.0
2015-12-29,0.4299,64.0,0.2397,48.0,0.4453,56.0,,,0.3878,40.0,0.4619,60.0,0.3611,70.0,0.3758,37.0,,,0.4397,43.0
2015-12-28,0.4989,74.0,0.2728,55.0,0.4539,57.0,,,0.4291,50.0,0.4608,60.0,0.3616,70.0,0.408,46.0,,,0.4656,50.0
2015-12-24,0.4896,73.0,0.2941,61.0,0.3713,40.0,,,0.4125,46.0,0.4604,60.0,0.362,70.0,0.4097,47.0,,,0.481,53.0
2015-12-23,0.4829,72.0,0.3067,64.0,0.4744,62.0,,,0.3037,16.0,0.4604,60.0,0.3623,70.0,0.4434,54.0,,,0.4015,28.0
2015-12-22,0.4557,68.0,0.3186,66.0,0.5434,73.0,,,0.4532,56.0,0.4596,60.0,0.3623,70.0,0.4392,53.0,,,0.4451,44.0
2015-12-21,0.4625,69.0,0.3,62.0,0.4852,64.0,,,0.4799,61.0,0.4564,59.0,0.3611,70.0,0.4081,46.0,,,0.4699,51.0
2015-12-18,0.4237,63.0,0.3082,64.0,0.4292,53.0,,,0.5215,69.0,0.456,59.0,0.3609,70.0,0.3976,43.0,,,0.519,60.0
2015-12-17,0.6478,85.0,0.3481,70.0,0.3677,39.0,,,0.8992,96.0,0.456,59.0,0.3599,70.0,0.3556,31.0,,,0.5165,60.0
2015-12-16,0.656,86.0,0.3406,69.0,0.5285,71.0,,,0.4246,49.0,0.4535,59.0,0.3584,70.0,0.4255,50.0,,,0.4105,33.0
2015-12-15,0.6519,86.0,0.3516,71.0,0.5648,76.0,,,0.588,78.0,0.4525,59.0,0.3572,70.0,0.4409,53.0,,,0.5075,57.0
2015-12-14,0.692,88.0,0.3655,73.0,0.6182,82.0,,,0.614,80.0,0.4522,59.0,0.3568,69.0,0.4642,57.0,,,0.5124,59.0
2015-12-11,0.6758,87.0,0.3514,71.0,0.5407,73.0,,,0.5629,75.0,0.4509,59.0,0.355,69.0,0.4438,54.0,,,0.504,57.0
2015-12-10,0.6197,84.0,0.3602,72.0,0.4307,53.0,,,0.4583,56.0,0.4449,57.0,0.3547,69.0,0.4048,45.0,,,0.4612,49.0
2015-12-09,0.6241,84.0,0.3495,71.0,0.4512,57.0,,,0.4427,54.0,0.445,57.0,0.354,69.0,0.4057,46.0,,,0.4546,47.0
2015-12-08,0.4328,64.0,0.2883,59.0,0.43,53.0,,,0.4841,62.0,0.435,57.0,0.3509,69.0,0.3956,43.0,,,0.462,49.0
2015-12-07,0.3791,55.0,0.262,53.0,0.4271,52.0,,,0.4123,46.0,0.432,57.0,0.3497,68.0,0.3978,43.0,,,0.4439,44.0
2015-12-04,0.3041,41.0,0.2195,42.0,0.329,28.0,,,0.3405,27.0,0.4289,56.0,0.3479,68.0,0.3877,41.0,,,0.4325,40.0
2015-12-03,0.2545,28.0,0.2359,47.0,0.3974,46.0,,,0.3801,37.0,0.4273,55.0,0.3465,68.0,0.404,45.0,,,0.4496,46.0
2015-12-02,0.2444,25.0,0.2157,41.0,0.3313,30.0,,,0.3871,40.0,0.4271,55.0,0.3455,68.0,0.3895,41.0,,,0.4504,46.0
2015-12-01,0.1663,7.0,0.2043,38.0,0.3553,36.0,,,0.3125,19.0,0.4256,55.0,0.3446,68.0,0.3933,42.0,,,0.421,37.0
2015-11-30,0.157,6.0,0.2056,38.0,0.3427,33.0,,,0.3957,42.0,0.4252,54.0,0.3445,68.0,0.3844,40.0,,,0.4309,40.0
2015-11-27,0.2711,33.0,0.223,43.0,0.3543,36.0,,,0.3512,28.0,0.4265,55.0,0.3448,68.0,0.3823,39.0,,,0.4263,38.0
2015-11-25,0.2713,33.0,0.2332,46.0,0.3115,24.0,,,0.3609,32.0,0.4266,55.0,0.3448,68.0,0.3652,34.0,,,0.4377,42.0
2015-11-24,0.2814,35.0,0.2476,49.0,0.3491,34.0,,,0.3352,25.0,0.4269,55.0,0.3451,68.0,0.3862,40.0,,,0.4305,40.0
2015-11-23,0.2951,39.0,0.2392,47.0,0.2921,18.0,,,0.3654,34.0,0.4262,55.0,0.3433,67.0,0.3656,34.0,,,0.431,40.0
2015-11-20,0.4174,62.0,0.2413,48.0,0.321,27.0,,,0.4261,50.0,0.4262,55.0,0.343,67.0,0.3724,36.0,,,0.4534,47.0
2015-11-19,0.4106,60.0,0.2314,46.0,0.2804,15.0,,,0.3648,33.0,0.4262,55.0,0.3425,67.0,0.3741,36.0,,,0.4371,42.0
2015-11-18,0.4229,63.0,0.2364,47.0,0.4083,48.0,,,0.2999,15.0,0.4268,55.0,0.3425,67.0,0.3999,44.0,,,0.372,17.0
2015-11-17,0.3665,53.0,0.224,44.0,0.3758,41.0,,,0.4345,52.0,0.4247,54.0,0.3421,67.0,0.3937,42.0,,,0.4619,49.0
2015-11-16,0.3681,53.0,0.244,49.0,0.4844,64.0,,,0.3617,32.0,0.4247,54.0,0.3417,67.0,0.4262,50.0,,,0.431,40.0
2015-11-13,0.3208,44.0,0.2438,48.0,0.4213,51.0,,,0.3967,42.0,0.4228,54.0,0.341,66.0,0.4115,47.0,,,0.4479,45.0
2015-11-12,0.215,18.0,0.2104,40.0,0.3449,33.0,,,0.5152,68.0,0.4209,53.0,0.3392,66.0,0.3834,39.0,,,0.4853,54.0
2015-11-11,0.2055,15.0,0.2294,45.0,0.4038,47.0,,,0.347,28.0,0.418,52.0,0.3392,66.0,0.3931,42.0,,,0.4335,41.0
2015-11-10,0.2325,23.0,0.241,48.0,0.3849,43.0,,,0.372,35.0,0.4181,52.0,0.339,66.0,0.3899,41.0,,,0.4282,39.0
2015-11-09,0.2264,21.0,0.2365,47.0,0.3567,36.0,,,0.3961,42.0,0.418,52.0,0.3389,66.0,0.3806,39.0,,,0.4215,37.0
2015-11-06,0.2119,17.0,0.2348,46.0,0.3839,42.0,,,0.319,21.0,0.4189,52.0,0.339,66.0,0.4105,47.0,,,0.3998,28.0
2015-11-05,0.2841,36.0,0.271,55.0,0.351,35.0,,,0.3965,42.0,0.4189,52.0,0.3378,65.0,0.3714,36.0,,,0.4292,39.0
2015-11-04,0.2628,30.0,0.2632,53.0,0.3136,25.0,,,0.3777,37.0,0.4191,53.0,0.3371,65.0,0.3852,40.0,,,0.4295,39.0
2015-11-03,0.2599,28.0,0.2642,53.0,0.2882,17.0,,,0.3761,36.0,0.4188,52.0,0.3368,64.0,0.3508,30.0,,,0.4195,36.0
2015-11-02,0.2561,28.0,0.2544,51.0,0.3105,24.0,,,0.3704,35.0,0.4203,53.0,0.3362,64.0,0.4118,47.0,,,0.4024,30.0
2015-10-30,0.3939,57.0,0.252,50.0,0.3298,28.0,,,0.3799,37.0,0.42,53.0,0.336,64.0,0.3531,30.0,,,0.4034,30.0
2015-10-29,0.4344,65.0,0.2598,52.0,0.3528,35.0,,,0.3875,40.0,0.4199,53.0,0.336,64.0,0.3324,23.0,,,0.4244,38.0
2015-10-28,0.431,64.0,0.2662,54.0,0.3867,43.0,,,0.365,33.0,0.4208,53.0,0.3371,65.0,0.3683,35.0,,,0.3889,24.0
2015-10-27,0.4209,62.0,0.2005,37.0,0.401,47.0,,,0.4305,51.0,0.4181,52.0,0.3344,63.0,0.3805,38.0,,,0.447,45.0
2015-10-26,0.4129,61.0,0.215,41.0,0.3177,26.0,,,0.4295,50.0,0.4205,53.0,0.3345,63.0,0.3532,30.0,,,0.4208,37.0
2015-10-23,0.3958,59.0,0.2269,44.0,0.3535,36.0,,,0.3598,32.0,0.4209,53.0,0.3342,63.0,0.3609,33.0,,,0.403,30.0
2015-10-22,0.4024,59.0,0.2233,43.0,0.3843,43.0,,,0.404,44.0,0.4202,53.0,0.3335,63.0,0.4237,50.0,,,0.3745,18.0
2015-10-21,0.226,21.0,0.2358,47.0,0.3559,36.0,,,0.4239,49.0,0.4123,50.0,0.333,63.0,0.3758,37.0,,,0.4361,42.0
2015-10-20,0.2239,21.0,0.23,45.0,0.3726,40.0,,,0.4225,49.0,0.4129,50.0,0.3327,63.0,0.3665,34.0,,,0.4272,39.0
2015-10-19,0.2208,20.0,0.2322,46.0,0.3764,41.0,,,0.4513,55.0,0.4131,50.0,0.3323,62.0,0.3849,40.0,,,0.4344,41.0
2015-10-16,0.2762,34.0,0.2738,55.0,0.3286,28.0,,,0.4543,56.0,0.4132,50.0,0.3328,63.0,0.3857,40.0,,,0.4216,37.0
2015-10-15,0.3036,41.0,0.2838,57.0,0.4258,52.0,,,0.385,39.0,0.4132,50.0,0.3319,62.0,0.4085,46.0,,,0.4116,33.0
2015-10-14,0.3327,47.0,0.2965,61.0,0.3654,38.0,,,0.4124,46.0,0.4132,50.0,0.3309,62.0,0.3879,41.0,,,0.4237,38.0
2015-10-13,0.4542,68.0,0.3345,68.0,0.3506,35.0,,,0.4645,57.0,0.4126,50.0,0.3304,62.0,0.3846,40.0,,,0.4434,44.0
2015-10-12,0.4516,67.0,0.4224,80.0,0.391,44.0,,,0.4291,50.0,0.4129,50.0,0.3295,61.0,0.4005,44.0,,,0.4546,47.0
2015-10-09,0.3443,49.0,0.4251,80.0,0.3526,35.0,,,0.4257,50.0,0.4123,50.0,0.3293,61.0,0.3807,39.0,,,0.4642,50.0
2015-10-08,0.2412,25.0,0.431,80.0,0.5199,70.0,,,0.3417,27.0,0.4139,51.0,0.329,61.0,0.4086,46.0,,,0.4346,41.0
2015-10-07,0.2913,38.0,0.4194,80.0,0.4636,59.0,,,0.3442,28.0,0.4113,50.0,0.3272,61.0,0.4272,51.0,,,0.4357,41.0
2015-10-06,0.6886,88.0,0.4481,82.0,0.3474,34.0,,,0.3915,40.0,0.409,49.0,0.3259,61.0,0.401,44.0,,,0.4583,48.0
2015-10-05,0.6988,88.0,0.4429,82.0,0.8109,94.0,,,0.3654,34.0,0.4061,49.0,0.3242,60.0,0.4331,52.0,,,0.4418,43.0
2015-10-02,0.6143,84.0,0.4418,82.0,0.5033,67.0,,,0.4517,55.0,0.3954,47.0,0.3217,59.0,0.4443,54.0,,,0.4743,52.0
2015-10-01,0.5871,82.0,0.3778,75.0,0.4843,64.0,,,0.4086,45.0,0.3885,45.0,0.3147,57.0,0.478,60.0,,,0.5034,57.0
2015-09-30,0.5813,81.0,0.3809,75.0,0.563,76.0,,,0.512,67.0,0.3875,45.0,0.3141,57.0,0.4833,61.0,,,0.4739,51.0
2015-09-29,0.4634,69.0,0.373,74.0,0.6046,80.0,,,0.6902,87.0,0.3832,44.0,0.3137,57.0,0.481,61.0,,,0.5377,64.0
2015-09-28,0.4228,63.0,0.3629,72.0,0.547,73.0,,,0.7589,91.0,0.3829,44.0,0.3126,57.0,0.4332,52.0,,,0.5871,72.0
2015-09-25,0.2942,38.0,0.3239,67.0,0.4408,55.0,,,0.5762,77.0,0.3713,42.0,0.309,57.0,0.4077,46.0,,,0.5502,66.0
2015-09-24,0.436,65.0,0.316,65.0,0.6194,82.0,,,0.5017,65.0,0.3715,42.0,0.3078,57.0,0.4476,55.0,,,0.4978,57.0
2015-09-23,0.4682,70.0,0.2787,56.0,0.3366,31.0,,,0.6839,87.0,0.3742,42.0,0.3055,56.0,0.3834,39.0,,,0.5229,61.0
2015-09-22,0.4406,65.0,0.2568,51.0,0.4981,66.0,,,0.4523,55.0,0.3705,42.0,0.3031,56.0,0.4517,55.0,,,0.4819,53.0
2015-09-21,0.4029,59.0,0.2432,48.0,0.3893,44.0,,,0.4713,60.0,0.368,41.0,0.3034,56.0,0.4317,51.0,,,0.5177,60.0
2015-09-18,0.4017,59.0,0.2493,50.0,0.4728,61.0,,,0.5138,67.0,0.3687,41.0,0.3035,56.0,0.4263,50.0,,,0.4971,57.0
2015-09-17,0.3528,50.0,0.2903,59.0,0.3945,45.0,,,0.6056,79.0,0.3657,40.0,0.3029,56.0,0.4101,47.0,,,0.491,55.0
2015-09-16,0.4467,66.0,0.2851,57.0,0.7424,91.0,,,0.4425,54.0,0.3654,40.0,0.3017,56.0,0.5159,67.0,,,0.439,43.0
2015-09-15,0.4735,71.0,0.2783,56.0,0.6999,89.0,,,0.4754,60.0,0.3622,39.0,0.3018,56.0,0.4959,63.0,,,0.5239,61.0
2015-09-14,0.4617,69.0,0.2834,57.0,0.5239,70.0,,,0.7577,91.0,0.3638,40.0,0.3017,56.0,0.4486,55.0,,,0.589,73.0
2015-09-11,0.4502,67.0,0.2733,55.0,0.5926,79.0,,,0.5214,69.0,0.3657,40.0,0.3049,56.0,0.5377,71.0,,,0.5299,63.0
2015-09-10,0.6029,83.0,0.3104,64.0,0.6165,82.0,,,0.5595,75.0,0.3664,41.0,0.3055,56.0,0.4305,51.0,,,0.5183,60.0
2015-09-09,0.6003,83.0,0.3252,67.0,0.4129,49.0,,,0.8081,93.0,0.3663,41.0,0.3049,56.0,0.4594,57.0,,,0.6062,75.0
2015-09-08,0.6044,83.0,0.3022,63.0,0.6899,88.0,,,0.5331,71.0,0.3666,41.0,0.3025,56.0,0.5281,70.0,,,0.4871,54.0
2015-09-04,0.7432,90.0,0.3868,76.0,0.5192,70.0,,,0.6438,84.0,0.3607,39.0,0.3017,56.0,0.4668,57.0,,,0.5575,67.0
2015-09-03,0.7343,89.0,0.4009,78.0,0.4926,65.0,,,0.5546,74.0,0.357,38.0,0.3013,56.0,0.4524,55.0,,,0.5382,64.0
2015-09-02,0.8009,92.0,0.6714,94.0,0.6141,81.0,,,0.5344,71.0,0.359,38.0,0.3006,56.0,0.5153,67.0,,,0.5266,62.0
2015-09-01,0.9522,95.0,0.967,98.0,0.6758,87.0,,,0.6833,87.0,0.3573,38.0,0.2997,55.0,0.4959,63.0,,,0.5722,70.0
2015-08-31,0.9193,94.0,0.9642,98.0,0.5577,75.0,,,0.565,75.0,0.3489,35.0,0.2979,55.0,0.4641,57.0,,,0.5053,57.0
2015-08-28,0.9324,94.0,0.959,98.0,0.5854,78.0,,,0.556,74.0,0.3489,35.0,0.2966,55.0,0.4423,53.0,,,0.4765,52.0
2015-08-27,0.927,94.0,0.9553,98.0,0.7314,91.0,,,0.6243,81.0,0.3482,35.0,0.2956,55.0,0.4882,62.0,,,0.4643,50.0
2015-08-26,0.654,86.0,0.9192,98.0,0.7105,90.0,,,0.6122,80.0,0.326,27.0,0.2891,53.0,0.4644,57.0,,,0.5243,61.0
2015-08-25,0.4537,67.0,0.9144,98.0,0.4302,53.0,,,0.6603,85.0,0.3159,25.0,0.2882,53.0,0.413,47.0,,,0.6152,77.0
2015-08-24,0.5088,75.0,0.7333,95.0,0.7259,91.0,,,0.8401,94.0,0.3124,24.0,0.2573,42.0,0.4833,61.0,,,0.6057,75.0
2015-08-21,0.3418,48.0,0.2127,40.0,0.4482,57.0,,,0.6482,84.0,0.2931,20.0,0.1964,19.0,0.3532,30.0,,,0.4391,43.0
2015-08-20,0.2565,28.0,0.1868,33.0,0.3405,32.0,,,0.7845,92.0,0.2857,18.0,0.1939,19.0,0.3405,26.0,,,0.4146,34.0
2015-08-19,0.3099,42.0,0.1933,35.0,0.3613,37.0,,,0.4857,62.0,0.2836,17.0,0.1929,18.0,0.354,31.0,,,0.4351,41.0
2015-08-18,0.4761,71.0,0.2852,57.0,0.361,37.0,,,0.4721,60.0,0.2819,17.0,0.1923,18.0,0.3391,25.0,,,0.4361,42.0
2015-08-17,0.5099,75.0,0.3209,66.0,0.4459,56.0,,,0.3975,42.0,0.2813,17.0,0.1929,18.0,0.3788,38.0,,,0.3867,23.0
2015-08-14,0.5016,74.0,0.3097,64.0,0.4108,49.0,,,0.3539,30.0,0.281,16.0,0.1926,18.0,0.3778,38.0,,,0.3915,25.0
2015-08-13,0.5002,74.0,0.3247,67.0,0.3541,36.0,,,0.4125,46.0,0.2807,16.0,0.1927,18.0,0.37,35.0,,,0.415,35.0
2015-08-12,0.5011,74.0,0.3333,68.0,0.5035,67.0,,,0.3136,19.0,0.2806,16.0,0.1931,19.0,0.3997,44.0,,,0.3857,23.0
2015-08-11,0.5067,75.0,0.3283,68.0,0.3366,31.0,,,0.4181,48.0,0.2822,17.0,0.1928,18.0,0.3009,12.0,,,0.4085,32.0
2015-08-10,0.4327,64.0,0.3262,67.0,0.5971,79.0,,,0.3277,23.0,0.2762,15.0,0.1913,18.0,0.4012,45.0,,,0.3778,19.0
2015-08-07,0.2144,18.0,0.2451,49.0,0.3116,24.0,,,0.5499,73.0,0.2685,13.0,0.1846,15.0,0.292,10.0,,,0.4351,41.0
2015-08-06,0.1711,8.0,0.2065,38.0,0.3137,25.0,,,0.3873,40.0,0.2649,12.0,0.1816,13.0,0.3419,27.0,,,0.3959,27.0
2015-08-05,0.3139,43.0,0.2894,59.0,0.3008,21.0,,,0.3826,38.0,0.2651,12.0,0.1819,13.0,0.3186,18.0,,,0.4148,34.0
2015-08-04,0.361,52.0,0.2889,59.0,0.3064,22.0,,,0.3825,38.0,0.2649,12.0,0.1805,13.0,0.3319,23.0,,,0.4177,35.0
2015-08-03,0.4643,69.0,0.3412,69.0,0.2588,9.0,,,0.4665,59.0,0.2647,12.0,0.1797,12.0,0.3113,16.0,,,0.4258,38.0
2015-07-31,0.476,71.0,0.352,71.0,0.3551,36.0,,,0.6018,79.0,0.2738,15.0,0.1823,13.0,0.3063,14.0,,,0.4044,30.0
2015-07-30,0.4781,72.0,0.3433,70.0,0.3834,42.0,,,0.372,35.0,0.2744,15.0,0.1813,13.0,0.3388,25.0,,,0.3989,28.0
2015-07-29,0.4765,71.0,0.3559,71.0,0.3807,42.0,,,0.2967,14.0,0.2847,18.0,0.1826,14.0,0.3305,22.0,,,0.387,23.0
2015-07-28,0.4458,66.0,0.3545,71.0,0.6399,84.0,,,0.2694,8.0,0.2846,17.0,0.1832,14.0,0.4237,50.0,,,0.2988,2.0
2015-07-27,0.1788,9.0,0.3116,64.0,0.4196,50.0,,,0.4494,55.0,0.2767,15.0,0.1807,13.0,0.3677,34.0,,,0.4298,39.0
2015-07-24,0.2184,19.0,0.2962,61.0,0.2341,4.0,,,0.625,81.0,0.2766,15.0,0.1813,13.0,0.3081,15.0,,,0.4534,47.0
2015-07-23,0.1353,4.0,0.2259,44.0,0.2699,12.0,,,0.7667,91.0,0.2743,15.0,0.1801,12.0,0.2439,2.0,,,0.4266,38.0
2015-07-22,0.2329,23.0,0.2101,39.0,0.294,19.0,,,0.3738,36.0,0.2731,14.0,0.1807,13.0,0.3109,15.0,,,0.3864,23.0
2015-07-21,0.2875,37.0,0.2101,39.0,0.2644,10.0,,,0.3838,39.0,0.273,14.0,0.1812,13.0,0.3113,16.0,,,0.3841,22.0
2015-07-20,0.3544,51.0,0.1831,32.0,0.2701,12.0,,,0.4234,49.0,0.2803,16.0,0.1861,15.0,0.2979,12.0,,,0.3928,26.0
2015-07-17,0.3222,44.0,0.1988,36.0,0.4823,63.0,,,0.3253,22.0,0.2786,16.0,0.1866,15.0,0.3974,43.0,,,0.4001,28.0
2015-07-16,0.4199,62.0,0.1937,35.0,0.2586,9.0,,,0.3677,34.0,0.2811,16.0,0.1883,16.0,0.2901,9.0,,,0.3507,10.0
2015-07-15,0.4206,62.0,0.2364,47.0,0.2563,8.0,,,0.3068,17.0,0.2811,16.0,0.1902,16.0,0.2559,3.0,,,0.3124,4.0
2015-07-14,0.4193,62.0,0.2391,47.0,0.6387,84.0,,,0.3301,24.0,0.2817,17.0,0.1917,18.0,0.3303,22.0,,,0.3301,6.0
2015-07-13,0.4008,59.0,0.2489,50.0,0.3894,44.0,,,0.3516,30.0,0.2806,16.0,0.1909,17.0,0.3405,26.0,,,0.3543,12.0
2015-07-10,0.3758,55.0,0.2595,52.0,0.3559,36.0,,,0.3592,32.0,0.2811,16.0,0.1967,19.0,0.3443,28.0,,,0.3967,27.0
2015-07-09,0.2987,40.0,0.2632,53.0,0.2974,20.0,,,0.5938,78.0,0.2783,16.0,0.198,20.0,0.2872,8.0,,,0.4559,48.0
2015-07-08,0.3514,50.0,0.2704,55.0,0.3627,38.0,,,0.4479,55.0,0.2864,18.0,0.2006,21.0,0.2952,11.0,,,0.3807,21.0
2015-07-07,0.288,37.0,0.2522,50.0,0.6026,80.0,,,0.3345,25.0,0.2794,16.0,0.1996,21.0,0.3512,30.0,,,0.3247,5.0
2015-07-06,0.2926,38.0,0.2172,42.0,0.3365,31.0,,,0.4043,44.0,0.2805,16.0,0.1991,20.0,0.3127,16.0,,,0.3877,24.0
2015-07-02,0.2965,39.0,0.2071,39.0,0.4622,59.0,,,0.4933,64.0,0.2902,19.0,0.2017,22.0,0.3015,12.0,,,0.304,3.0
2015-07-01,0.3001,40.0,0.1815,31.0,0.2359,4.0,,,0.3708,35.0,0.2901,19.0,0.2009,21.0,0.3051,14.0,,,0.4469,45.0
2015-06-30,0.3036,41.0,0.159,22.0,0.3137,25.0,,,0.3735,36.0,0.2913,20.0,0.2013,21.0,0.2968,11.0,,,0.3933,26.0
2015-06-29,0.2862,36.0,0.1538,20.0,0.2789,14.0,,,0.4406,53.0,0.2913,20.0,0.2009,21.0,0.3027,13.0,,,0.4012,28.0
2015-06-26,0.2092,16.0,0.0942,4.0,0.2461,6.0,,,0.3168,20.0,0.2831,17.0,0.1989,20.0,0.2852,8.0,,,0.3641,15.0
2015-06-25,0.2169,19.0,0.0889,3.0,0.267,11.0,,,0.2591,6.0,0.2832,17.0,0.1985,20.0,0.3085,15.0,,,0.3629,14.0
2015-06-24,0.2342,23.0,0.0897,3.0,0.2471,6.0,,,0.2858,11.0,0.2833,17.0,0.1983,20.0,0.341,26.0,,,0.3638,14.0
2015-06-23,0.1921,12.0,0.0856,2.0,0.4427,55.0,,,0.3214,21.0,0.2821,17.0,0.1983,20.0,0.3487,28.0,,,0.3691,16.0
2015-06-22,0.2112,17.0,0.085,2.0,0.4246,52.0,,,0.3153,19.0,0.282,17.0,0.1988,20.0,0.3966,43.0,,,0.4248,38.0
2015-06-19,0.2093,16.0,0.0859,2.0,0.259,9.0,,,0.3299,24.0,0.2839,17.0,0.1995,21.0,0.259,3.0,,,0.3713,17.0
2015-06-18,0.2165,19.0,0.0719,1.0,0.3223,27.0,,,0.2546,5.0,0.2892,19.0,0.2007,21.0,0.31,15.0,,,0.3412,8.0
2015-06-17,0.198,13.0,0.0737,1.0,0.3077,23.0,,,0.334,24.0,0.2995,21.0,0.2073,26.0,0.3571,32.0,,,0.3382,8.0
2015-06-16,0.2064,16.0,0.0681,1.0,0.364,38.0,,,0.2935,13.0,0.3,22.0,0.2114,28.0,0.3324,23.0,,,0.383,21.0
2015-06-15,0.189,12.0,0.0645,1.0,0.3845,43.0,,,0.3147,19.0,0.3005,22.0,0.2122,28.0,0.315,17.0,,,0.3608,13.0
2015-06-12,0.2303,22.0,0.0874,3.0,0.2668,11.0,,,0.3386,26.0,0.3105,24.0,0.2143,28.0,0.2325,1.0,,,0.2687,1.0
2015-06-11,0.2256,21.0,0.0925,3.0,0.2774,14.0,,,0.3259,22.0,0.3099,24.0,0.2154,28.0,0.2948,10.0,,,0.3109,3.0
2015-06-10,0.2402,24.0,0.1159,8.0,0.2868,17.0,,,0.3042,16.0,0.3169,25.0,0.2176,30.0,0.2302,1.0,,,0.356,12.0
2015-06-09,0.2048,15.0,0.1307,12.0,0.2978,20.0,,,0.3659,34.0,0.3158,25.0,0.2189,31.0,0.3109,15.0,,,0.317,4.0
2015-06-08,0.2031,15.0,0.1365,14.0,0.2748,13.0,,,0.3468,28.0,0.3196,25.0,0.2207,32.0,0.2831,7.0,,,0.3668,16.0
2015-06-05,0.2313,23.0,0.1396,15.0,0.3099,23.0,,,0.3392,26.0,0.3193,25.0,0.2208,32.0,0.3215,19.0,,,0.3545,12.0
2015-06-04,0.2762,34.0,0.1423,16.0,0.2447,6.0,,,0.5387,72.0,0.3192,25.0,0.2209,32.0,0.276,6.0,,,0.3563,12.0
2015-06-03,0.2296,22.0,0.1323,13.0,0.2454,6.0,,,0.298,15.0,0.3204,26.0,0.2237,34.0,0.2928,10.0,,,0.386,23.0
2015-06-02,0.2301,22.0,0.1288,12.0,0.2869,17.0,,,0.245,3.0,0.3206,26.0,0.2241,34.0,0.3183,18.0,,,0.3361,7.0
2015-06-01,0.2135,18.0,0.1078,6.0,0.2914,18.0,,,0.3133,19.0,0.3219,26.0,0.2252,34.0,0.3122,16.0,,,0.3613,14.0
2015-05-28,0.215,18.0,0.1111,7.0,0.6639,86.0,,,0.294,14.0,0.3305,28.0,0.2267,35.0,0.315,17.0,,,0.3675,16.0
2015-05-27,0.2127,17.0,0.1023,5.0,0.3345,31.0,,,0.2268,2.0,0.3305,28.0,0.2267,35.0,0.3372,24.0,,,0.3292,6.0
2015-05-26,0.1896,12.0,0.1086,6.0,0.2618,9.0,,,0.2828,11.0,0.3299,28.0,0.2266,35.0,0.2973,11.0,,,0.3837,22.0
2015-05-22,0.1733,8.0,0.114,8.0,0.2735,13.0,,,0.2801,10.0,0.3281,28.0,0.2272,35.0,0.307,14.0,,,0.3519,11.0
2015-05-21,0.1793,9.0,0.1147,8.0,0.2938,19.0,,,0.2644,7.0,0.3299,28.0,0.2278,35.0,0.3039,13.0,,,0.3573,12.0
2015-05-20,0.2199,20.0,0.1157,8.0,0.2313,3.0,,,0.2991,15.0,0.3304,28.0,0.2292,36.0,0.2969,11.0,,,0.3894,24.0
2015-05-19,0.2218,20.0,0.1226,10.0,0.2352,4.0,,,0.2749,9.0,0.3307,28.0,0.2295,36.0,0.2946,10.0,,,0.4168,35.0
2015-05-18,0.2844,36.0,0.13,12.0,0.269,11.0,,,0.2954,14.0,0.3317,28.0,0.2292,36.0,0.2912,9.0,,,0.3491,10.0
2015-05-15,0.2782,34.0,0.1498,18.0,0.2831,16.0,,,0.2582,5.0,0.3315,28.0,0.2293,36.0,0.3013,12.0,,,0.3368,8.0
2015-05-14,0.2787,35.0,0.1461,17.0,0.3024,21.0,,,0.2734,8.0,0.3315,28.0,0.2291,36.0,0.296,11.0,,,0.3406,8.0
2015-05-13,0.2802,35.0,0.1802,30.0,0.2825,15.0,,,0.3424,27.0,0.3303,28.0,0.2294,36.0,0.3168,18.0,,,0.3604,13.0
2015-05-12,0.2801,35.0,0.1811,31.0,0.3009,21.0,,,0.3354,25.0,0.3303,28.0,0.2297,36.0,0.3042,13.0,,,0.3596,13.0
2015-05-11,0.3142,43.0,0.1946,35.0,0.2484,7.0,,,0.4198,48.0,0.329,28.0,0.2297,36.0,0.2871,8.0,,,0.3636,14.0
2015-05-08,0.3375,48.0,0.1968,36.0,0.2766,14.0,,,0.2839,11.0,0.3287,28.0,0.2296,36.0,0.2017,1.0,,,0.2813,1.0
2015-05-07,0.282,35.0,0.1802,30.0,0.4011,47.0,,,0.3111,18.0,0.3265,27.0,0.2289,36.0,0.337,24.0,,,0.2289,1.0
2015-05-06,0.2786,35.0,0.1679,25.0,0.2993,20.0,,,0.3288,23.0,0.3274,27.0,0.2293,36.0,0.2927,10.0,,,0.4422,43.0
2015-05-05,0.3097,42.0,0.1691,26.0,0.236,4.0,,,0.339,26.0,0.3284,28.0,0.2295,36.0,0.2853,8.0,,,0.44,43.0
2015-05-04,0.2658,31.0,0.1213,10.0,0.2269,3.0,,,0.5591,75.0,0.3288,28.0,0.2288,36.0,0.2682,4.0,,,0.4424,44.0
2015-05-01,0.257,28.0,0.145,17.0,0.304,22.0,,,0.2577,5.0,0.3294,28.0,0.2298,36.0,0.3061,14.0,,,0.3656,15.0
2015-04-30,0.2067,16.0,0.1251,11.0,0.269,11.0,,,0.3092,18.0,0.3315,28.0,0.2304,36.0,0.2882,9.0,,,0.3871,23.0
2015-04-29,0.1849,11.0,0.1156,8.0,0.2562,8.0,,,0.2676,7.0,0.3304,28.0,0.2316,37.0,0.3197,19.0,,,0.3554,12.0
2015-04-28,0.1895,12.0,0.1146,8.0,0.5086,68.0,,,0.7423,90.0,0.332,28.0,0.2326,37.0,0.2994,12.0,,,0.3879,24.0
2015-04-27,0.2231,20.0,0.1211,10.0,0.3564,36.0,,,0.2795,10.0,0.3338,30.0,0.2331,37.0,0.32,19.0,,,0.3233,5.0
2015-04-24,0.1947,13.0,0.115,8.0,0.2942,19.0,,,0.4343,51.0,0.3377,31.0,0.2343,38.0,0.3247,20.0,,,0.36,13.0
2015-04-23,0.2404,24.0,0.1193,9.0,0.321,27.0,,,0.2754,9.0,0.3379,31.0,0.2353,38.0,0.312,16.0,,,0.4154,35.0
2015-04-22,0.2313,23.0,0.0957,4.0,0.3225,27.0,,,0.341,27.0,0.3374,31.0,0.2358,38.0,0.3161,17.0,,,0.3751,18.0
2015-04-21,0.2333,23.0,0.1009,5.0,0.3354,31.0,,,0.3521,30.0,0.3385,32.0,0.2379,39.0,0.3172,18.0,,,0.3832,22.0
2015-04-20,0.2067,16.0,0.1,5.0,0.3727,40.0,,,0.2815,10.0,0.3445,33.0,0.2395,39.0,0.3176,18.0,,,0.3782,19.0
2015-04-17,0.2001,14.0,0.105,6.0,0.3095,23.0,,,0.334,24.0,0.3462,34.0,0.2403,39.0,0.31,15.0,,,0.3847,22.0
2015-04-16,0.1677,7.0,0.0962,4.0,0.3239,28.0,,,0.2904,13.0,0.3469,34.0,0.2408,39.0,0.3121,16.0,,,0.3839,22.0
2015-04-15,0.1596,6.0,0.0874,3.0,0.2811,15.0,,,0.2938,14.0,0.348,35.0,0.2473,40.0,0.3176,18.0,,,0.3657,15.0
2015-04-14,0.1308,3.0,0.1093,6.0,0.3296,28.0,,,0.2944,14.0,0.3471,34.0,0.2556,42.0,0.3175,18.0,,,0.3697,16.0
2015-04-13,0.128,3.0,0.1042,5.0,0.2865,16.0,,,0.4062,45.0,0.347,34.0,0.2582,43.0,0.3144,17.0,,,0.3874,23.0
2015-04-10,0.122,3.0,0.1076,6.0,0.2721,12.0,,,0.4141,47.0,0.3535,37.0,0.2641,47.0,0.3216,19.0,,,0.4096,32.0
2015-04-09,0.1603,6.0,0.1126,7.0,0.3161,25.0,,,0.2632,6.0,0.3568,37.0,0.266,47.0,0.3247,20.0,,,0.3931,26.0
2015-04-08,0.2224,20.0,0.1244,11.0,0.3228,27.0,,,0.3192,21.0,0.3654,40.0,0.2691,48.0,0.3036,13.0,,,0.3682,16.0
2015-04-07,0.2226,20.0,0.1248,11.0,0.3415,32.0,,,0.3572,31.0,0.367,41.0,0.2725,50.0,0.3156,17.0,,,0.4211,37.0
2015-04-06,0.2179,19.0,0.1681,26.0,0.3583,37.0,,,0.2997,15.0,0.3705,42.0,0.274,50.0,0.3472,28.0,,,0.3779,19.0
2015-04-02,0.2406,24.0,0.1651,24.0,0.3918,45.0,,,0.3102,18.0,0.3696,41.0,0.2741,50.0,0.3238,20.0,,,0.4037,30.0
2015-04-01,0.2423,25.0,0.1615,23.0,0.3346,31.0,,,0.3067,17.0,0.3695,41.0,0.2742,50.0,0.3412,26.0,,,0.3885,24.0
2015-03-31,0.2431,25.0,0.1582,22.0,0.3295,28.0,,,0.3141,19.0,0.3695,41.0,0.2756,51.0,0.2242,1.0,,,0.3685,16.0
2015-03-30,0.2448,26.0,0.1855,32.0,0.3549,36.0,,,0.303,16.0,0.3749,42.0,0.2787,52.0,0.3431,27.0,,,0.3377,8.0
2015-03-27,0.2633,30.0,0.1909,34.0,0.2961,19.0,,,0.3524,30.0,0.3743,42.0,0.2787,52.0,0.3235,20.0,,,0.3749,18.0
2015-03-26,0.3557,51.0,0.2923,60.0,0.373,40.0,,,0.4844,62.0,0.3743,42.0,0.2789,52.0,0.3627,33.0,,,0.3211,5.0
2015-03-25,0.3697,54.0,0.2863,57.0,0.254,8.0,,,0.3706,35.0,0.3744,42.0,0.2777,51.0,0.3191,19.0,,,0.4389,43.0
2015-03-24,0.3545,51.0,0.2792,57.0,0.3131,24.0,,,0.3583,31.0,0.376,42.0,0.2778,51.0,0.3222,19.0,,,0.4164,35.0
2015-03-23,0.3727,54.0,0.283,57.0,0.3218,27.0,,,0.325,22.0,0.3765,43.0,0.2784,52.0,0.3127,16.0,,,0.3288,6.0
2015-03-20,0.4006,59.0,0.2868,57.0,0.2863,16.0,,,0.3287,23.0,0.3767,43.0,0.2785,52.0,0.3468,28.0,,,0.3385,8.0
2015-03-19,0.384,56.0,0.2699,54.0,0.2528,8.0,,,0.4089,45.0,0.3762,42.0,0.2779,51.0,0.2959,11.0,,,0.41,32.0
2015-03-18,0.3792,55.0,0.2626,53.0,1.0195,98.0,,,0.2514,4.0,0.3731,42.0,0.2779,51.0,0.3465,28.0,,,0.3616,14.0
2015-03-17,0.2863,36.0,0.1396,15.0,0.45,57.0,,,0.4364,52.0,0.3702,41.0,0.2728,50.0,0.3246,20.0,,,0.3857,23.0
2015-03-16,0.3107,42.0,0.1225,10.0,0.4422,55.0,,,0.4033,44.0,0.3699,41.0,0.272,50.0,0.3034,13.0,,,0.3711,17.0
2015-03-13,0.3094,42.0,0.1314,13.0,0.4032,47.0,,,0.3651,33.0,0.3704,42.0,0.2727,50.0,0.3257,21.0,,,0.3629,14.0
2015-03-12,0.2983,39.0,0.1349,14.0,0.3933,45.0,,,0.3036,16.0,0.3692,41.0,0.2726,50.0,0.3393,25.0,,,0.3824,21.0
2015-03-11,0.2244,21.0,0.1315,13.0,0.3743,40.0,,,0.363,33.0,0.3682,41.0,0.2727,50.0,0.3265,21.0,,,0.4145,34.0
2015-03-10,0.2584,28.0,0.1543,20.0,0.3241,28.0,,,0.4043,44.0,0.3682,41.0,0.2725,50.0,0.3255,21.0,,,0.4347,41.0
2015-03-09,0.2062,16.0,0.1512,19.0,0.2688,11.0,,,0.3342,25.0,0.3652,40.0,0.2727,50.0,0.3137,17.0,,,0.4074,32.0
2015-03-06,0.2027,15.0,0.1645,24.0,0.2807,15.0,,,0.3707,35.0,0.3662,41.0,0.2729,50.0,0.3045,13.0,,,0.399,28.0
2015-03-05,0.1432,5.0,0.1536,20.0,0.2585,9.0,,,0.3074,17.0,0.3639,40.0,0.2726,50.0,0.2976,11.0,,,0.4053,31.0
2015-03-04,0.1632,7.0,0.1436,16.0,0.3132,24.0,,,0.2736,8.0,0.3638,40.0,0.2723,50.0,0.3244,20.0,,,0.3749,18.0
2015-03-03,0.1625,7.0,0.14,15.0,0.2404,5.0,,,0.3186,20.0,0.3639,40.0,0.272,50.0,0.3046,13.0,,,0.4061,31.0
2015-03-02,0.1484,5.0,0.1531,19.0,0.3674,39.0,,,0.2119,1.0,0.3635,40.0,0.2719,50.0,0.3336,23.0,,,0.3727,17.0
2015-02-27,0.138,4.0,0.1485,18.0,0.2407,5.0,,,0.3229,22.0,0.3632,39.0,0.2711,49.0,0.3095,15.0,,,0.3831,21.0
2015-02-26,0.1352,4.0,0.1502,18.0,0.2434,6.0,,,0.3225,22.0,0.3632,39.0,0.271,49.0,0.2946,10.0,,,0.404,30.0
2015-02-25,0.0762,1.0,0.1502,18.0,0.2713,12.0,,,0.3067,17.0,0.3625,39.0,0.2707,49.0,0.3037,13.0,,,0.4163,35.0
2015-02-24,0.1106,2.0,0.1639,24.0,0.3088,23.0,,,0.2718,8.0,0.3625,39.0,0.2705,49.0,0.3229,20.0,,,0.3183,4.0
2015-02-23,0.1983,13.0,0.1793,30.0,0.3674,39.0,,,0.3244,22.0,0.3624,39.0,0.2705,49.0,0.3206,19.0,,,0.3694,16.0
2015-02-20,0.2061,16.0,0.1843,32.0,0.5801,78.0,,,0.4378,52.0,0.3625,39.0,0.2703,49.0,0.3442,28.0,,,0.4422,43.0
2015-02-19,0.206,16.0,0.1762,28.0,0.8187,94.0,,,0.4234,49.0,0.3626,39.0,0.2697,48.0,0.35,28.0,,,0.382,21.0
2015-02-18,0.2119,17.0,0.1639,24.0,0.4831,63.0,,,0.3148,19.0,0.3624,39.0,0.2691,48.0,0.3584,32.0,,,0.3572,12.0
2015-02-17,0.222,20.0,0.1659,25.0,0.4986,66.0,,,0.2873,12.0,0.3624,39.0,0.2689,48.0,0.3425,27.0,,,0.3976,28.0
2015-02-13,0.3257,45.0,0.2099,39.0,0.564,76.0,,,0.2504,4.0,0.3625,39.0,0.2684,48.0,0.3865,40.0,,,0.3535,11.0
2015-02-12,0.3655,53.0,0.2007,37.0,0.7339,91.0,,,0.2428,3.0,0.3626,39.0,0.2679,48.0,0.3835,40.0,,,0.3315,7.0
2015-02-11,0.4294,64.0,0.2172,42.0,0.4334,54.0,,,0.3413,27.0,0.3595,38.0,0.2678,48.0,0.3479,28.0,,,0.3773,19.0
2015-02-10,0.4171,62.0,0.2303,45.0,0.4141,49.0,,,0.3614,32.0,0.3595,38.0,0.2675,48.0,0.3539,31.0,,,0.3738,18.0
2015-02-09,0.4265,63.0,0.2755,56.0,0.3168,25.0,,,0.4289,50.0,0.3599,38.0,0.2672,48.0,0.364,33.0,,,0.3969,27.0
2015-02-06,0.4167,61.0,0.2971,61.0,0.4434,55.0,,,0.2924,13.0,0.3599,38.0,0.267,48.0,0.4064,46.0,,,0.3311,7.0
2015-02-05,0.522,76.0,0.3449,70.0,0.8294,95.0,,,0.2477,4.0,0.3599,38.0,0.267,48.0,0.4404,53.0,,,0.3539,11.0
2015-02-04,0.4678,70.0,0.3368,69.0,0.3837,42.0,,,0.3651,33.0,0.3542,37.0,0.265,47.0,0.3557,31.0,,,0.4344,41.0
2015-02-03,0.4522,67.0,0.342,70.0,0.9622,97.0,,,0.2225,1.0,0.3543,37.0,0.2655,47.0,0.5075,65.0,,,0.2996,2.0
2015-02-02,0.366,53.0,0.3648,73.0,0.5695,76.0,,,0.4136,47.0,0.3466,34.0,0.265,47.0,0.468,59.0,,,0.3987,28.0
2015-01-30,0.3837,56.0,0.3681,73.0,0.5496,74.0,,,0.4455,54.0,0.3468,34.0,0.2643,47.0,0.4363,52.0,,,0.4343,41.0
2015-01-29,0.416,61.0,0.3374,69.0,0.6035,80.0,,,0.5318,71.0,0.3487,35.0,0.2623,45.0,0.4511,55.0,,,0.4295,39.0
2015-01-28,0.3918,57.0,0.3277,67.0,0.3442,33.0,,,0.7458,91.0,0.3476,35.0,0.2612,44.0,0.3564,32.0,,,0.5531,66.0
2015-01-27,0.3733,54.0,0.3178,66.0,0.7555,92.0,,,0.4184,48.0,0.3477,35.0,0.2592,43.0,0.3974,43.0,,,0.447,45.0
2015-01-26,0.3534,50.0,0.3127,65.0,0.4417,55.0,,,0.3849,39.0,0.3475,35.0,0.2576,43.0,0.4338,52.0,,,0.3866,23.0
2015-01-23,0.4063,60.0,0.3259,67.0,0.4153,49.0,,,0.5651,75.0,0.3477,35.0,0.2572,42.0,0.3135,16.0,,,0.4826,53.0
2015-01-22,0.3655,53.0,0.3274,67.0,0.3796,41.0,,,0.3797,37.0,0.3449,34.0,0.2544,41.0,0.3536,30.0,,,0.4078,32.0
2015-01-21,0.3446,49.0,0.3272,67.0,0.4783,63.0,,,0.4149,47.0,0.3432,33.0,0.253,41.0,0.4609,57.0,,,0.4414,43.0
2015-01-20,0.3117,42.0,0.3376,69.0,0.4879,64.0,,,0.4811,61.0,0.3418,32.0,0.2526,41.0,0.3989,44.0,,,0.4607,49.0
2015-01-16,0.4435,66.0,0.3684,73.0,0.5544,74.0,,,0.4067,45.0,0.3419,32.0,0.2519,40.0,0.4462,54.0,,,0.4063,31.0
2015-01-15,0.3955,57.0,0.3392,69.0,0.5062,68.0,,,0.6625,85.0,0.3381,31.0,0.249,40.0,0.4228,49.0,,,0.51,59.0
2015-01-14,0.409,60.0,0.3415,70.0,0.7697,93.0,,,0.5521,73.0,0.3381,31.0,0.2476,40.0,0.4205,49.0,,,0.5178,60.0
2015-01-13,0.5104,75.0,0.3559,71.0,0.3771,41.0,,,0.6063,79.0,0.3364,31.0,0.2462,40.0,0.3516,30.0,,,0.4804,53.0
2015-01-12,0.5056,75.0,0.3187,66.0,1.077,98.0,,,0.7914,92.0,0.3354,31.0,0.2431,39.0,0.3786,38.0,,,0.4476,45.0
2015-01-09,0.5127,76.0,0.3162,65.0,0.582,78.0,,,0.759,91.0,0.3358,31.0,0.2417,39.0,0.3525,30.0,,,0.4664,50.0
2015-01-08,0.5115,75.0,0.3004,62.0,0.5255,71.0,,,0.353,30.0,0.3355,31.0,0.2408,39.0,0.4194,49.0,,,0.4205,36.0
2015-01-07,0.3666,53.0,0.2471,49.0,0.5782,77.0,,,0.6034,79.0,0.3284,28.0,0.2374,38.0,0.3979,43.0,,,0.477,52.0
2015-01-06,0.3479,49.0,0.2361,47.0,0.3984,46.0,,,0.969,97.0,0.3276,28.0,0.2367,38.0,0.3976,43.0,,,0.4946,56.0
2015-01-05,0.3481,49.0,0.2038,38.0,0.3996,46.0,,,0.5905,78.0,0.327,27.0,0.2356,38.0,0.3881,41.0,,,0.4986,57.0
2015-01-02,0.1807,10.0,0.1377,15.0,1.0291,98.0,,,1.0348,98.0,0.3172,25.0,0.2328,37.0,0.3762,37.0,,,0.4304,40.0
2014-12-31,0.1797,10.0,0.1344,14.0,0.3537,36.0,,,0.4049,44.0,0.3173,25.0,0.2324,37.0,0.3837,40.0,,,0.4234,38.0
2014-12-30,0.1814,10.0,0.1118,7.0,0.5198,70.0,,,1.0223,98.0,0.3172,25.0,0.2313,37.0,0.3609,33.0,,,0.4022,28.0
2014-12-29,0.2702,32.0,0.1484,18.0,0.3797,41.0,,,0.4397,53.0,0.318,25.0,0.2312,37.0,0.362,33.0,,,0.3982,28.0
2014-12-26,0.364,52.0,0.2638,53.0,0.3594,37.0,,,0.3531,30.0,0.3181,25.0,0.2312,37.0,0.2621,3.0,,,0.4292,39.0
2014-12-24,0.4101,60.0,0.3188,66.0,0.3614,37.0,,,0.3471,28.0,0.3179,25.0,0.2312,37.0,0.3963,43.0,,,0.3526,11.0
2014-12-23,0.4379,65.0,0.3305,68.0,0.309,23.0,,,0.3294,23.0,0.3181,25.0,0.2315,37.0,0.3438,27.0,,,0.403,30.0
2014-12-22,0.612,83.0,0.3524,71.0,0.3823,42.0,,,0.4276,50.0,0.3172,25.0,0.2316,37.0,0.3754,37.0,,,0.4209,37.0
2014-12-19,0.6139,84.0,0.3587,72.0,0.402,47.0,,,0.3155,19.0,0.3172,25.0,0.2314,37.0,0.3804,38.0,,,0.3985,28.0
2014-12-18,0.6652,86.0,0.3752,74.0,0.5478,74.0,,,0.4892,63.0,0.3163,25.0,0.2309,37.0,0.409,46.0,,,0.4068,31.0
2014-12-17,0.5887,82.0,0.3745,74.0,2.1284,100.0,,,0.4229,49.0,0.3115,24.0,0.2305,36.0,0.4249,50.0,,,0.409,32.0
2014-12-16,0.358,51.0,0.327,67.0,0.636,83.0,,,0.8586,95.0,0.2999,22.0,0.2246,34.0,0.3783,38.0,,,0.4819,53.0
2014-12-15,0.3789,55.0,0.2768,56.0,0.4585,59.0,,,0.6684,86.0,0.3002,22.0,0.2205,32.0,0.3845,40.0,,,0.5219,61.0
2014-12-12,0.4047,60.0,0.2674,54.0,0.3958,46.0,,,0.7948,92.0,0.2995,21.0,0.2196,31.0,0.3493,28.0,,,0.4623,49.0
2014-12-11,0.4181,62.0,0.2837,57.0,0.6101,81.0,,,1.0335,98.0,0.2908,19.0,0.2181,31.0,0.3435,27.0,,,0.4315,40.0
2014-12-10,0.4286,64.0,0.2766,56.0,0.309,23.0,,,0.594,78.0,0.2908,19.0,0.2178,31.0,0.3227,20.0,,,0.46,49.0
2014-12-09,0.3504,50.0,0.2696,54.0,0.4925,65.0,,,0.3126,19.0,0.2836,17.0,0.2158,30.0,0.3452,28.0,,,0.3874,23.0
2014-12-08,0.4656,69.0,0.2813,57.0,0.3738,40.0,,,0.4388,53.0,0.2836,17.0,0.2146,28.0,0.3251,21.0,,,0.4122,33.0
2014-12-05,0.4338,64.0,0.2565,51.0,0.2437,6.0,,,0.3932,41.0,0.2806,16.0,0.2136,28.0,0.3322,23.0,,,0.4057,31.0
2014-12-04,0.433,64.0,0.2558,51.0,0.7279,91.0,,,0.3257,22.0,0.2808,16.0,0.2133,28.0,0.3309,22.0,,,0.3807,21.0
2014-12-03,0.4306,64.0,0.2645,53.0,0.5916,79.0,,,0.2471,4.0,0.2808,16.0,0.213,28.0,0.37,35.0,,,0.3609,14.0
2014-12-02,0.3969,59.0,0.2248,44.0,0.3417,33.0,,,0.3979,42.0,0.2768,15.0,0.2098,27.0,0.3753,37.0,,,0.3953,27.0
2014-12-01,0.4076,60.0,0.24,48.0,0.2667,11.0,,,0.398,42.0,0.2768,15.0,0.2093,27.0,0.2574,3.0,,,0.432,40.0
2014-11-28,0.3943,57.0,0.216,41.0,0.3135,25.0,,,0.6104,80.0,0.2754,15.0,0.2085,26.0,0.3135,16.0,,,0.407,31.0
2014-11-26,0.2362,24.0,0.1796,30.0,0.3367,31.0,,,0.2638,7.0,0.2646,12.0,0.2065,26.0,0.3588,32.0,,,0.4168,35.0
2014-11-25,0.238,24.0,0.1791,30.0,0.281,15.0,,,0.5081,66.0,0.2647,12.0,0.2064,26.0,0.303,13.0,,,0.4081,32.0
2014-11-24,0.2251,21.0,0.1795,30.0,0.3815,42.0,,,0.3138,19.0,0.2646,12.0,0.2064,26.0,0.3418,27.0,,,0.3931,26.0
2014-11-21,0.205,15.0,0.1756,28.0,0.3703,39.0,,,0.7527,91.0,0.2642,12.0,0.2056,25.0,0.2203,1.0,,,0.455,47.0
2014-11-20,0.1716,8.0,0.168,25.0,0.6492,85.0,,,0.2472,4.0,0.2638,12.0,0.2055,25.0,0.3783,38.0,,,0.2472,1.0
2014-11-19,0.1628,7.0,0.1333,13.0,0.2903,18.0,,,0.303,16.0,0.263,12.0,0.204,24.0,0.3122,16.0,,,0.3523,11.0
2014-11-18,0.1369,4.0,0.1268,11.0,0.3147,25.0,,,0.32,21.0,0.2627,12.0,0.2038,24.0,0.3109,15.0,,,0.3765,19.0
2014-11-17,0.0876,1.0,0.1218,10.0,0.4554,57.0,,,0.359,32.0,0.2618,11.0,0.2038,24.0,0.3307,22.0,,,0.4399,43.0
2014-11-14,0.1087,2.0,0.149,18.0,0.41,48.0,,,0.3205,21.0,0.2618,11.0,0.2039,24.0,0.3201,19.0,,,0.359,13.0
2014-11-13,0.1313,3.0,0.1556,20.0,0.3602,37.0,,,0.3642,33.0,0.262,11.0,0.2037,23.0,0.2704,5.0,,,0.4793,53.0
2014-11-12,0.2351,23.0,0.1651,24.0,0.3189,26.0,,,0.3127,19.0,0.2626,12.0,0.2036,23.0,0.2707,5.0,,,0.393,26.0
2014-11-11,0.2647,31.0,0.1836,32.0,0.3708,39.0,,,0.3267,23.0,0.2627,12.0,0.2038,24.0,0.3269,21.0,,,0.3651,15.0
2014-11-10,0.3494,50.0,0.2088,39.0,0.5429,73.0,,,0.3553,31.0,0.2626,12.0,0.2048,24.0,0.3338,23.0,,,0.5043,57.0
2014-11-07,0.3467,49.0,0.2339,46.0,0.4504,57.0,,,0.3253,22.0,0.2658,12.0,0.2053,25.0,0.3146,17.0,,,0.4376,42.0
2014-11-06,0.3898,57.0,0.2496,50.0,0.366,38.0,,,0.3533,30.0,0.2653,12.0,0.2053,25.0,0.3313,23.0,,,0.374,18.0
2014-11-05,0.4044,60.0,0.2429,48.0,0.3988,46.0,,,0.3982,43.0,0.264,12.0,0.2043,24.0,0.3851,40.0,,,0.4091,32.0
2014-11-04,0.4663,69.0,0.2605,52.0,0.3139,25.0,,,0.4306,51.0,0.2657,12.0,0.2052,25.0,0.3026,13.0,,,0.4563,48.0
2014-11-03,0.4484,67.0,0.2607,52.0,0.3209,27.0,,,0.4545,56.0,0.2633,12.0,0.2042,24.0,0.3186,18.0,,,0.3433,9.0
2014-10-31,0.4343,65.0,0.2659,54.0,0.421,51.0,,,0.3276,23.0,0.2629,12.0,0.204,24.0,0.3987,44.0,,,0.3353,7.0
2014-10-30,0.3669,53.0,0.2784,56.0,0.351,35.0,,,0.3217,21.0,0.2572,10.0,0.2032,23.0,0.2977,11.0,,,0.4205,36.0
2014-10-29,0.4822,72.0,0.2813,57.0,0.342,33.0,,,0.4024,44.0,0.2571,10.0,0.2018,22.0,0.3312,23.0,,,0.4384,42.0
2014-10-28,0.4741,71.0,0.2787,56.0,0.4391,55.0,,,0.3699,35.0,0.2554,9.0,0.2013,21.0,0.3815,39.0,,,0.3629,14.0
2014-10-27,0.4687,70.0,0.2815,57.0,0.3219,27.0,,,0.4148,47.0,0.2532,8.0,0.2008,21.0,0.3411,26.0,,,0.4324,40.0
2014-10-24,0.3291,46.0,0.3523,71.0,0.4066,48.0,,,0.4457,54.0,0.2471,6.0,0.1991,20.0,0.4367,52.0,,,0.334,7.0
2014-10-23,0.327,46.0,0.4367,81.0,0.2904,18.0,,,0.4066,45.0,0.2473,6.0,0.1982,20.0,0.2563,3.0,,,0.4216,37.0
2014-10-22,0.3241,45.0,0.4529,83.0,0.3033,21.0,,,0.5437,72.0,0.2482,6.0,0.1965,19.0,0.3121,16.0,,,0.4152,35.0
2014-10-21,0.4656,69.0,0.4928,86.0,0.4077,48.0,,,0.4257,50.0,0.2471,6.0,0.1945,19.0,0.3722,36.0,,,0.4154,35.0
2014-10-20,0.4697,70.0,0.4979,86.0,0.4973,66.0,,,0.3221,22.0,0.2384,4.0,0.1927,18.0,0.368,35.0,,,0.379,20.0
2014-10-17,0.539,78.0,0.5208,88.0,0.3771,41.0,,,0.4269,50.0,0.2354,4.0,0.1917,18.0,0.3307,22.0,,,0.4337,41.0
2014-10-16,0.5451,79.0,0.5455,89.0,0.5718,77.0,,,0.4242,49.0,0.2332,4.0,0.1907,17.0,0.3824,39.0,,,0.4013,28.0
2014-10-15,0.5133,76.0,0.504,87.0,1.2936,99.0,,,0.4427,54.0,0.2311,4.0,0.1823,13.0,0.4329,52.0,,,0.368,16.0
2014-10-14,0.4795,72.0,0.4315,81.0,0.706,89.0,,,0.8436,94.0,0.2299,4.0,0.1704,9.0,0.3425,27.0,,,0.4822,53.0
2014-10-13,0.4646,69.0,0.4023,78.0,0.2768,14.0,,,1.2307,99.0,0.2298,4.0,0.1662,8.0,0.2642,4.0,,,0.4849,54.0
2014-10-10,0.4354,65.0,0.3495,71.0,0.3369,31.0,,,0.7058,88.0,0.2245,3.0,0.1576,6.0,0.3388,25.0,,,0.4023,30.0
2014-10-09,0.4658,69.0,0.367,73.0,0.3083,23.0,,,0.9315,97.0,0.22,3.0,0.1562,5.0,0.221,1.0,,,0.4495,46.0
2014-10-08,0.3883,57.0,0.3292,68.0,0.3673,38.0,,,0.2277,2.0,0.206,2.0,0.1514,4.0,0.3673,34.0,,,0.3031,3.0
2014-10-07,0.3167,43.0,0.2806,57.0,0.2797,15.0,,,0.6975,88.0,0.2056,2.0,0.1471,3.0,0.3637,33.0,,,0.3324,7.0
2014-10-06,0.3014,40.0,0.2555,51.0,0.3388,32.0,,,0.3653,34.0,0.2074,2.0,0.1475,3.0,0.3041,13.0,,,0.3759,18.0
2014-10-03,0.3155,43.0,0.2521,50.0,0.334,31.0,,,0.4277,50.0,0.2116,3.0,0.1486,3.0,0.3139,17.0,,,0.3867,23.0
2014-10-02,0.3541,51.0,0.2593,52.0,0.3743,40.0,,,0.2961,14.0,0.2121,3.0,0.1488,3.0,0.3573,32.0,,,0.4185,36.0
2014-10-01,0.3493,50.0,0.2307,45.0,0.3211,27.0,,,0.4337,51.0,0.2167,3.0,0.1488,3.0,0.2164,1.0,,,0.397,27.0
2014-09-30,0.261,30.0,0.1626,23.0,0.2741,13.0,,,0.3943,41.0,0.2085,2.0,0.1475,3.0,0.286,8.0,,,0.391,25.0
2014-09-29,0.232,23.0,0.17,26.0,0.3163,25.0,,,0.32,21.0,0.2053,2.0,0.1475,3.0,0.2955,11.0,,,0.3777,19.0
2014-09-26,0.2494,26.0,0.1601,22.0,0.2654,10.0,,,0.3265,23.0,0.2063,2.0,0.1477,3.0,0.3392,25.0,,,0.4111,33.0
2014-09-25,0.2664,31.0,0.1612,23.0,0.2814,15.0,,,0.3291,23.0,0.2071,2.0,0.148,3.0,0.3467,28.0,,,0.38,20.0
2014-09-24,0.1844,11.0,0.167,25.0,0.2599,9.0,,,0.2341,2.0,0.2037,1.0,0.1473,3.0,0.31,15.0,,,0.3367,8.0
2014-09-23,0.1689,8.0,0.1511,19.0,0.2344,4.0,,,0.3034,16.0,0.2033,1.0,0.1469,3.0,0.2722,5.0,,,0.3527,11.0
2014-09-22,0.1656,7.0,0.1586,22.0,0.2426,5.0,,,0.6551,85.0,0.2029,1.0,0.1475,3.0,0.2426,2.0,,,0.445,44.0
2014-09-19,0.1499,5.0,0.1447,16.0,0.2109,1.0,,,0.3662,34.0,0.2065,2.0,0.1513,4.0,0.2621,3.0,,,0.3576,13.0
2014-09-18,0.1431,4.0,0.1345,14.0,0.239,5.0,,,0.2737,9.0,0.2069,2.0,0.1507,3.0,0.2864,8.0,,,0.3066,3.0
2014-09-17,0.1884,11.0,0.1429,16.0,0.3469,34.0,,,0.4182,48.0,0.2078,2.0,0.1529,4.0,0.3469,28.0,,,0.4005,28.0
2014-09-16,0.1662,7.0,0.1433,16.0,0.3457,33.0,,,0.2985,15.0,0.2074,2.0,0.153,5.0,0.3504,28.0,,,0.3275,6.0
2014-09-15,0.1143,2.0,0.1168,8.0,0.3436,33.0,,,0.3207,21.0,0.2068,2.0,0.1524,4.0,0.2795,6.0,,,0.2652,1.0
2014-09-12,0.1372,4.0,0.1128,7.0,0.222,2.0,,,0.3216,21.0,0.2079,2.0,0.1539,5.0,0.2586,3.0,,,0.3731,18.0
2014-09-11,0.1407,4.0,0.099,5.0,0.2487,7.0,,,0.4351,52.0,0.2083,2.0,0.1539,5.0,0.2869,8.0,,,0.3249,5.0
2014-09-10,0.1428,4.0,0.0982,4.0,0.3838,42.0,,,0.3431,27.0,0.2092,2.0,0.1542,5.0,0.3337,23.0,,,0.34,8.0
2014-09-09,0.1479,5.0,0.0781,2.0,0.2127,2.0,,,0.2638,7.0,0.2092,2.0,0.1538,5.0,0.2502,2.0,,,0.3548,12.0
2014-09-08,0.1029,1.0,0.0729,1.0,0.2249,3.0,,,0.2733,8.0,0.209,2.0,0.1562,5.0,0.2606,3.0,,,0.3678,16.0
2014-09-05,0.0934,1.0,0.0632,1.0,0.2343,4.0,,,0.2587,6.0,0.2086,2.0,0.1563,5.0,0.3646,33.0,,,0.3179,4.0
2014-09-04,0.0865,1.0,0.0573,1.0,0.2888,17.0,,,0.4464,54.0,0.21,2.0,0.1573,6.0,0.3175,18.0,,,0.3824,21.0
2014-09-03,0.0757,1.0,0.0572,1.0,0.1899,1.0,,,0.279,10.0,0.2098,2.0,0.158,6.0,0.3578,32.0,,,0.3407,8.0
2014-09-02,0.0909,1.0,0.0521,1.0,0.2249,3.0,,,0.2454,3.0,0.2104,2.0,0.1587,6.0,0.318,18.0,,,0.3224,5.0
2014-08-29,0.0835,1.0,0.0534,1.0,0.2139,2.0,,,0.2386,3.0,0.2106,3.0,0.1593,6.0,0.2636,4.0,,,0.3235,5.0
2014-08-28,0.0802,1.0,0.0536,1.0,0.4331,53.0,,,0.2108,1.0,0.2106,3.0,0.1595,7.0,0.2788,6.0,,,0.3705,17.0
2014-08-27,0.0889,1.0,0.0341,1.0,0.2035,1.0,,,0.2511,4.0,0.2144,3.0,0.1597,7.0,0.267,4.0,,,0.3665,15.0
2014-08-26,0.1426,4.0,0.0404,1.0,0.4394,55.0,,,0.2264,2.0,0.2145,3.0,0.1605,7.0,0.3082,15.0,,,0.2975,2.0
2014-08-25,0.1413,4.0,0.0781,2.0,0.1937,1.0,,,0.3449,28.0,0.2144,3.0,0.1609,7.0,0.2787,6.0,,,0.3329,7.0
2014-08-22,0.1424,4.0,0.0843,2.0,0.287,17.0,,,0.2247,1.0,0.2158,3.0,0.1617,7.0,0.2895,9.0,,,0.3602,13.0
2014-08-21,0.1301,3.0,0.0864,3.0,0.1772,1.0,,,0.2547,5.0,0.2164,3.0,0.1625,7.0,0.278,6.0,,,0.3849,22.0
2014-08-20,0.1157,2.0,0.0874,3.0,0.2137,2.0,,,0.2671,7.0,0.2163,3.0,0.1631,7.0,0.3128,16.0,,,0.3608,13.0
2014-08-19,0.1141,2.0,0.095,4.0,0.2275,3.0,,,0.3912,40.0,0.2169,3.0,0.1638,8.0,0.2576,3.0,,,0.3436,9.0
2014-08-18,0.1437,5.0,0.1087,6.0,0.239,5.0,,,0.3583,31.0,0.2168,3.0,0.1641,8.0,0.2755,5.0,,,0.403,30.0
2014-08-14,0.1889,12.0,0.1427,16.0,0.5392,73.0,,,0.598,79.0,0.218,3.0,0.1667,8.0,0.3412,26.0,,,0.3496,10.0
2014-08-13,0.2424,25.0,0.1512,19.0,0.2704,12.0,,,0.292,13.0,0.218,3.0,0.1667,8.0,0.2748,5.0,,,0.3441,9.0
2014-08-12,0.2756,34.0,0.1721,27.0,0.3303,30.0,,,0.3023,16.0,0.2183,3.0,0.1673,8.0,0.2657,4.0,,,0.349,10.0
2014-08-11,0.2756,34.0,0.183,32.0,0.252,7.0,,,0.3324,24.0,0.2197,3.0,0.1698,9.0,0.2715,5.0,,,0.3771,19.0
2014-08-08,0.372,54.0,0.216,41.0,0.255,8.0,,,0.3097,18.0,0.2198,3.0,0.1701,9.0,0.2899,9.0,,,0.3496,10.0
2014-08-07,0.3351,47.0,0.2117,40.0,0.23,3.0,,,0.391,40.0,0.2207,3.0,0.1712,9.0,0.2794,6.0,,,0.4045,30.0
2014-08-06,0.333,47.0,0.2016,37.0,0.9029,97.0,,,0.6723,86.0,0.2194,3.0,0.1706,9.0,0.3365,24.0,,,0.4656,50.0
2014-08-05,0.323,45.0,0.1893,34.0,0.3057,22.0,,,0.4849,62.0,0.2216,3.0,0.1708,9.0,0.2902,9.0,,,0.3678,16.0
2014-08-04,0.3157,43.0,0.1798,30.0,0.3959,46.0,,,0.2431,3.0,0.2228,3.0,0.1721,10.0,0.3054,14.0,,,0.3574,12.0
2014-08-01,0.2424,25.0,0.1584,22.0,0.36,37.0,,,0.3089,18.0,0.2203,3.0,0.1733,10.0,0.2786,6.0,,,0.3395,8.0
2014-07-31,0.2509,27.0,0.1522,19.0,0.2771,14.0,,,0.4536,56.0,0.2218,3.0,0.1741,10.0,0.2771,6.0,,,0.3995,28.0
2014-07-30,0.1381,4.0,0.0935,4.0,0.2203,2.0,,,0.2595,6.0,0.2268,4.0,0.1782,11.0,0.2694,4.0,,,0.4567,48.0
2014-07-29,0.1216,3.0,0.0936,4.0,0.1953,1.0,,,0.2669,7.0,0.2265,4.0,0.1797,12.0,0.1806,1.0,,,0.3843,22.0
2014-07-28,0.0844,1.0,0.0881,3.0,0.2454,6.0,,,0.275,9.0,0.2256,3.0,0.1804,13.0,0.3223,19.0,,,0.3355,7.0
2014-07-25,0.0913,1.0,0.0861,2.0,0.2122,2.0,,,0.2918,13.0,0.2256,3.0,0.1828,14.0,0.2319,1.0,,,0.2659,1.0
2014-07-24,0.1154,2.0,0.0899,3.0,0.2038,1.0,,,0.2554,5.0,0.2259,3.0,0.1829,14.0,0.2468,2.0,,,0.3582,13.0
2014-07-23,0.113,2.0,0.1065,6.0,0.2607,9.0,,,0.4147,47.0,0.2263,4.0,0.1845,14.0,0.268,4.0,,,0.3243,5.0
2014-07-22,0.1111,2.0,0.0968,4.0,0.2036,1.0,,,0.2502,4.0,0.2409,4.0,0.1872,15.0,0.2504,2.0,,,0.3393,8.0
2014-07-21,0.1105,2.0,0.0968,4.0,0.2656,10.0,,,0.3377,26.0,0.2446,5.0,0.1888,16.0,0.2656,4.0,,,0.3409,8.0
2014-07-18,0.1302,3.0,0.1166,8.0,0.233,4.0,,,0.2651,7.0,0.2455,5.0,0.1898,16.0,0.311,16.0,,,0.3122,4.0
2014-07-17,0.128,3.0,0.1141,8.0,0.2666,11.0,,,0.2615,6.0,0.2456,5.0,0.1906,17.0,0.2558,2.0,,,0.3532,11.0
2014-07-16,0.1279,3.0,0.1075,6.0,0.2365,4.0,,,0.2349,2.0,0.2455,5.0,0.1905,17.0,0.3646,33.0,,,0.3913,25.0
2014-07-15,0.1331,3.0,0.1142,8.0,0.2452,6.0,,,0.3246,22.0,0.245,5.0,0.1905,17.0,0.2793,6.0,,,0.2436,1.0
2014-07-14,0.1804,10.0,0.0981,4.0,0.2323,4.0,,,0.3184,20.0,0.246,5.0,0.1903,16.0,0.3024,13.0,,,0.3775,19.0
2014-07-11,0.1817,10.0,0.0983,4.0,0.2173,2.0,,,0.2895,12.0,0.2486,6.0,0.1913,18.0,0.3403,26.0,,,0.3717,17.0
2014-07-10,0.1867,11.0,0.101,5.0,0.6134,81.0,,,0.5334,71.0,0.2517,7.0,0.1925,18.0,0.394,42.0,,,0.3348,7.0
2014-07-09,0.1758,9.0,0.0883,3.0,0.2559,8.0,,,0.4881,63.0,0.2511,7.0,0.1919,18.0,0.3991,44.0,,,0.3386,8.0
2014-07-08,0.1774,9.0,0.0958,4.0,0.2903,18.0,,,0.2599,6.0,0.2513,7.0,0.1928,18.0,0.2811,7.0,,,0.3478,10.0
2014-07-07,0.1744,8.0,0.0996,5.0,0.1997,1.0,,,0.2824,10.0,0.2512,7.0,0.1932,19.0,0.2409,2.0,,,0.3947,26.0
2014-07-03,0.1308,3.0,0.0965,4.0,0.2097,1.0,,,0.213,1.0,0.2499,6.0,0.193,18.0,0.2595,3.0,,,0.3348,7.0
2014-07-02,0.1877,11.0,0.1285,12.0,0.169,1.0,,,0.2325,2.0,0.2498,6.0,0.1944,19.0,0.2646,4.0,,,0.3745,18.0
2014-07-01,0.1873,11.0,0.1288,12.0,0.1962,1.0,,,0.2542,5.0,0.2499,6.0,0.1945,19.0,0.2506,2.0,,,0.3464,9.0
2014-06-30,0.1997,14.0,0.1258,11.0,0.2361,4.0,,,0.2167,1.0,0.2508,7.0,0.1948,19.0,0.2794,6.0,,,0.3301,6.0
2014-06-27,0.1944,13.0,0.1165,8.0,0.252,7.0,,,0.2144,1.0,0.2507,7.0,0.1945,19.0,0.2813,7.0,,,0.3347,7.0
2014-06-26,0.2265,21.0,0.128,12.0,0.2082,1.0,,,0.2404,3.0,0.2506,7.0,0.1943,19.0,0.2742,5.0,,,0.3465,10.0
2014-06-25,0.2204,20.0,0.1447,16.0,0.2073,1.0,,,0.2761,9.0,0.2506,7.0,0.1942,19.0,0.2643,4.0,,,0.3198,5.0
2014-06-24,0.2097,17.0,0.1453,17.0,0.1731,1.0,,,0.4648,57.0,0.25,6.0,0.1941,19.0,0.269,4.0,,,0.3787,20.0
2014-06-23,0.1381,4.0,0.1228,10.0,0.2267,3.0,,,0.2516,4.0,0.2497,6.0,0.1939,19.0,0.2928,10.0,,,0.3453,9.0
2014-06-20,0.2016,14.0,0.1466,17.0,0.2256,3.0,,,0.2316,2.0,0.2499,6.0,0.1939,19.0,0.2734,5.0,,,0.3622,14.0
2014-06-19,0.1992,14.0,0.1468,17.0,0.2242,3.0,,,0.4549,56.0,0.2494,6.0,0.1942,19.0,0.2637,4.0,,,0.3495,10.0
2014-06-18,0.1986,14.0,0.1462,17.0,1.0571,98.0,,,0.3151,19.0,0.2494,6.0,0.1944,19.0,0.3481,28.0,,,0.2917,2.0
2014-06-17,0.1376,4.0,0.1335,13.0,0.3079,23.0,,,0.3597,32.0,0.2497,6.0,0.1971,20.0,0.3079,15.0,,,0.3493,10.0
2014-06-16,0.1538,5.0,0.1095,6.0,0.333,30.0,,,0.2704,8.0,0.25,6.0,0.1967,19.0,0.2875,8.0,,,0.3498,10.0
2014-06-13,0.1713,8.0,0.1335,13.0,0.2495,7.0,,,0.2606,6.0,0.2499,6.0,0.1969,20.0,0.2827,7.0,,,0.3417,8.0
2014-06-12,0.1713,8.0,0.136,14.0,0.2093,1.0,,,0.3541,31.0,0.25,6.0,0.1969,20.0,0.2532,2.0,,,0.4035,30.0
2014-06-11,0.125,3.0,0.1114,7.0,0.2571,8.0,,,0.2518,4.0,0.2485,6.0,0.1961,19.0,0.2398,2.0,,,0.3128,4.0
2014-06-10,0.1014,1.0,0.119,9.0,0.2832,16.0,,,0.2263,1.0,0.2532,8.0,0.1986,20.0,0.2988,12.0,,,0.3556,12.0
2014-06-09,0.1101,2.0,0.1215,10.0,0.2196,2.0,,,0.282,10.0,0.2532,8.0,0.1986,20.0,0.2747,5.0,,,0.3726,17.0
2014-06-06,0.143,4.0,0.1371,14.0,0.2505,7.0,,,0.2188,1.0,0.2534,8.0,0.1987,20.0,0.3377,25.0,,,0.3544,12.0
2014-06-05,0.1497,5.0,0.1369,14.0,0.2583,9.0,,,0.2871,12.0,0.2552,8.0,0.1988,20.0,0.2881,9.0,,,0.3501,10.0
2014-06-04,0.1467,5.0,0.1107,7.0,0.2603,9.0,,,0.2491,4.0,0.2555,9.0,0.198,20.0,0.2822,7.0,,,0.3567,12.0
2014-06-03,0.1667,7.0,0.1121,7.0,0.2515,7.0,,,0.2665,7.0,0.2556,9.0,0.1987,20.0,0.2751,5.0,,,0.3678,16.0
2014-06-02,0.1545,6.0,0.1178,9.0,0.2493,7.0,,,0.2622,6.0,0.2574,10.0,0.1997,21.0,0.2659,4.0,,,0.3658,15.0
2014-05-30,0.1569,6.0,0.1112,7.0,0.2618,9.0,,,0.2505,4.0,0.2575,10.0,0.1999,21.0,0.2779,6.0,,,0.3637,14.0
2014-05-29,0.1877,11.0,0.1277,12.0,0.2707,12.0,,,0.2295,2.0,0.2573,10.0,0.2004,21.0,0.2823,7.0,,,0.3533,11.0
2014-05-28,0.1532,5.0,0.127,11.0,0.2256,3.0,,,0.3225,22.0,0.2557,9.0,0.1997,21.0,0.2618,3.0,,,0.3847,22.0
2014-05-27,0.1494,5.0,0.1523,19.0,0.2432,6.0,,,0.2984,15.0,0.2558,9.0,0.1998,21.0,0.2721,5.0,,,0.37,17.0
2014-05-23,0.2508,27.0,0.1644,24.0,0.2626,10.0,,,0.254,5.0,0.2567,9.0,0.2009,21.0,0.2928,10.0,,,0.3512,11.0
2014-05-22,0.2252,21.0,0.1602,22.0,0.2526,8.0,,,0.2982,15.0,0.2562,9.0,0.2011,21.0,0.2886,9.0,,,0.3703,17.0
2014-05-21,0.2237,21.0,0.1569,21.0,0.2754,13.0,,,0.278,9.0,0.257,10.0,0.2011,21.0,0.2799,6.0,,,0.3796,20.0
2014-05-20,0.2823,35.0,0.1876,33.0,0.2172,2.0,,,0.3331,24.0,0.2581,10.0,0.2019,22.0,0.2807,7.0,,,0.3846,22.0
2014-05-19,0.2669,32.0,0.1793,30.0,0.2483,6.0,,,0.3034,16.0,0.2575,10.0,0.2017,22.0,0.2835,8.0,,,0.3963,27.0
2014-05-16,0.2724,33.0,0.1866,33.0,0.3163,25.0,,,0.2542,5.0,0.2583,10.0,0.202,22.0,0.2959,11.0,,,0.338,8.0
2014-05-15,0.2816,35.0,0.1802,30.0,0.2714,12.0,,,0.2686,7.0,0.2584,10.0,0.2011,21.0,0.2795,6.0,,,0.3778,19.0
2014-05-14,0.2121,17.0,0.1712,27.0,0.243,6.0,,,0.2974,14.0,0.2559,9.0,0.2008,21.0,0.2835,8.0,,,0.3616,14.0
2014-05-13,0.2107,17.0,0.1834,32.0,0.2463,6.0,,,0.3125,19.0,0.2563,9.0,0.2015,22.0,0.2834,7.0,,,0.3686,16.0
2014-05-12,0.2131,18.0,0.1849,32.0,0.2952,19.0,,,0.2583,6.0,0.2566,9.0,0.2014,21.0,0.287,8.0,,,0.3557,12.0
2014-05-09,0.1606,7.0,0.1556,20.0,0.2886,17.0,,,0.2492,4.0,0.2537,8.0,0.2,21.0,0.3122,16.0,,,0.3581,13.0
2014-05-08,0.1802,10.0,0.1572,21.0,0.2535,8.0,,,0.2845,11.0,0.2586,10.0,0.2028,22.0,0.2878,9.0,,,0.3685,16.0
2014-05-07,0.1707,8.0,0.1342,13.0,0.3153,25.0,,,0.2626,6.0,0.2608,11.0,0.2035,23.0,0.3076,14.0,,,0.3525,11.0
2014-05-06,0.1824,10.0,0.1253,11.0,0.2774,14.0,,,0.3184,20.0,0.2607,11.0,0.203,23.0,0.3131,16.0,,,0.365,15.0
2014-05-05,0.2033,15.0,0.1247,11.0,0.2652,10.0,,,0.2551,5.0,0.2609,11.0,0.203,23.0,0.3222,19.0,,,0.3533,11.0
2014-05-02,0.2164,19.0,0.1039,5.0,0.2489,7.0,,,0.3081,17.0,0.2611,11.0,0.2025,22.0,0.2954,11.0,,,0.3769,19.0
2014-05-01,0.2015,14.0,0.0969,4.0,0.2809,15.0,,,0.3171,20.0,0.2608,11.0,0.2029,23.0,0.3246,20.0,,,0.3761,18.0
2014-04-30,0.1992,14.0,0.104,5.0,0.2561,8.0,,,0.2771,9.0,0.2605,11.0,0.2032,23.0,0.2833,7.0,,,0.3433,9.0
2014-04-29,0.1765,9.0,0.0974,4.0,0.3033,21.0,,,0.3349,25.0,0.2605,11.0,0.2046,24.0,0.3083,15.0,,,0.3778,19.0
2014-04-28,0.1432,5.0,0.1002,5.0,0.3329,30.0,,,0.3487,28.0,0.2598,11.0,0.2048,24.0,0.3036,13.0,,,0.3793,20.0
2014-04-25,0.2304,22.0,0.1135,7.0,0.3069,23.0,,,0.3541,31.0,0.2601,11.0,0.2048,24.0,0.2887,9.0,,,0.3991,28.0
2014-04-24,0.194,12.0,0.1486,18.0,0.2872,17.0,,,0.3257,22.0,0.259,10.0,0.2051,25.0,0.3115,16.0,,,0.3746,18.0
2014-04-23,0.1501,5.0,0.1627,23.0,0.299,20.0,,,0.3084,17.0,0.2585,10.0,0.2055,25.0,0.3033,13.0,,,0.3602,13.0
2014-04-22,0.2439,25.0,0.1914,34.0,0.2947,19.0,,,0.3026,16.0,0.259,10.0,0.2057,25.0,0.2902,9.0,,,0.3572,12.0
2014-04-21,0.3692,53.0,0.2249,44.0,0.2835,16.0,,,0.3403,26.0,0.2612,11.0,0.2058,25.0,0.2956,11.0,,,0.3911,25.0
2014-04-17,0.4115,61.0,0.2512,50.0,0.2994,20.0,,,0.2897,12.0,0.2612,11.0,0.2058,25.0,0.3144,17.0,,,0.3621,14.0
2014-04-16,0.413,61.0,0.2549,51.0,0.2971,20.0,,,0.3037,16.0,0.2613,11.0,0.2058,25.0,0.3181,18.0,,,0.3837,22.0
2014-04-15,0.417,62.0,0.2727,55.0,0.4721,61.0,,,0.2903,13.0,0.2604,11.0,0.2069,26.0,0.3369,24.0,,,0.3778,19.0
2014-04-14,0.4161,61.0,0.2969,61.0,0.3281,28.0,,,0.3472,28.0,0.2614,11.0,0.206,25.0,0.32,19.0,,,0.3942,26.0
2014-04-11,0.3942,57.0,0.2955,61.0,0.2968,20.0,,,0.4916,63.0,0.2611,11.0,0.2055,25.0,0.2869,8.0,,,0.4257,38.0
2014-04-10,0.4106,60.0,0.2854,57.0,0.23,3.0,,,0.381,38.0,0.259,10.0,0.2049,24.0,0.2963,11.0,,,0.4113,33.0
2014-04-09,0.3409,48.0,0.2602,52.0,0.3014,21.0,,,0.228,2.0,0.2527,8.0,0.2034,23.0,0.3202,19.0,,,0.3526,11.0
2014-04-08,0.3129,42.0,0.2377,47.0,0.3202,26.0,,,0.3992,43.0,0.2553,9.0,0.2022,22.0,0.2954,11.0,,,0.3388,8.0
2014-04-07,0.3154,43.0,0.239,47.0,0.2836,16.0,,,0.353,30.0,0.2551,8.0,0.2029,23.0,0.303,13.0,,,0.405,31.0
2014-04-04,0.2331,23.0,0.2157,41.0,0.2016,1.0,,,0.4854,62.0,0.2558,9.0,0.2025,22.0,0.2639,4.0,,,0.4251,38.0
2014-04-03,0.2632,30.0,0.2152,41.0,0.241,5.0,,,0.3084,17.0,0.2557,9.0,0.1994,21.0,0.2801,6.0,,,0.3895,24.0
2014-04-02,0.2658,31.0,0.2139,41.0,0.2338,4.0,,,0.2252,1.0,0.2589,10.0,0.201,21.0,0.3183,18.0,,,0.3437,9.0
2014-04-01,0.2827,35.0,0.2313,46.0,0.2828,16.0,,,0.2482,4.0,0.2589,10.0,0.2016,22.0,0.3062,14.0,,,0.3771,19.0
2014-03-31,0.277,34.0,0.2297,45.0,0.2711,12.0,,,0.2789,10.0,0.2584,10.0,0.202,22.0,0.3117,16.0,,,0.3728,18.0
2014-03-28,0.2482,26.0,0.2344,46.0,0.2641,10.0,,,0.3091,18.0,0.2573,10.0,0.2021,22.0,0.3071,14.0,,,0.3911,25.0
2014-03-27,0.2403,24.0,0.2454,49.0,0.2764,14.0,,,0.3133,19.0,0.2571,10.0,0.2024,22.0,0.3108,15.0,,,0.4631,49.0
2014-03-26,0.2658,31.0,0.2437,48.0,0.2518,7.0,,,0.4078,45.0,0.2587,10.0,0.2021,22.0,0.2326,1.0,,,0.3584,13.0
2014-03-25,0.2116,17.0,0.1916,34.0,0.2527,8.0,,,0.3171,20.0,0.2558,9.0,0.1992,20.0,0.3064,14.0,,,0.3883,24.0
2014-03-24,0.206,16.0,0.1874,33.0,0.2367,4.0,,,0.3392,26.0,0.2555,9.0,0.1992,20.0,0.2822,7.0,,,0.3736,18.0
2014-03-21,0.2131,18.0,0.1956,35.0,0.2524,8.0,,,0.324,22.0,0.2543,8.0,0.1981,20.0,0.2991,12.0,,,0.3827,21.0
2014-03-20,0.2055,15.0,0.1964,36.0,0.3141,25.0,,,0.2607,6.0,0.2549,8.0,0.1983,20.0,0.4171,48.0,,,0.433,40.0
2014-03-19,0.2242,21.0,0.201,37.0,0.2395,5.0,,,0.2907,13.0,0.2578,10.0,0.1989,20.0,0.3242,20.0,,,0.3727,17.0
2014-03-18,0.2101,17.0,0.1873,33.0,0.4364,54.0,,,0.2795,10.0,0.2573,10.0,0.1984,20.0,0.3241,20.0,,,0.3632,14.0
2014-03-17,0.1837,11.0,0.1912,34.0,0.2934,19.0,,,0.3483,28.0,0.2653,12.0,0.2015,22.0,0.3814,39.0,,,0.4247,38.0
2014-03-14,0.1645,7.0,0.195,35.0,0.2986,20.0,,,0.352,30.0,0.2646,12.0,0.2013,21.0,0.3143,17.0,,,0.3914,25.0
2014-03-13,0.1704,8.0,0.1943,35.0,0.2883,17.0,,,0.3024,16.0,0.2659,12.0,0.2014,21.0,0.309,15.0,,,0.3999,28.0
2014-03-12,0.2416,25.0,0.158,21.0,0.2993,20.0,,,0.2751,9.0,0.2647,12.0,0.1996,21.0,0.314,17.0,,,0.3727,17.0
2014-03-11,0.2445,26.0,0.1659,25.0,0.2723,12.0,,,0.3269,23.0,0.2667,13.0,0.1999,21.0,0.299,12.0,,,0.3981,28.0
2014-03-10,0.209,16.0,0.1542,20.0,0.2734,13.0,,,0.292,13.0,0.2658,12.0,0.2,21.0,0.3239,20.0,,,0.3618,14.0
2014-03-07,0.2136,18.0,0.157,21.0,0.2648,10.0,,,0.2682,7.0,0.2664,12.0,0.1999,21.0,0.3081,15.0,,,0.3634,14.0
2014-03-06,0.175,8.0,0.155,20.0,0.2249,3.0,,,0.2932,13.0,0.2691,13.0,0.2007,21.0,0.2938,10.0,,,0.369,16.0
2014-03-05,0.1808,10.0,0.1566,21.0,0.2658,10.0,,,0.2726,8.0,0.2689,13.0,0.2014,21.0,0.3141,17.0,,,0.3567,12.0
2014-03-04,0.2172,19.0,0.1646,24.0,0.2686,11.0,,,0.2818,10.0,0.269,13.0,0.2013,21.0,0.3138,17.0,,,0.3695,16.0
2014-03-03,0.1659,7.0,0.1627,23.0,0.3148,25.0,,,0.2937,14.0,0.2672,13.0,0.2025,22.0,0.3112,16.0,,,0.3721,17.0
2014-02-28,0.1768,9.0,0.1771,28.0,0.2848,16.0,,,0.268,7.0,0.2672,13.0,0.2036,23.0,0.3196,19.0,,,0.3696,16.0
2014-02-27,0.2228,20.0,0.1992,36.0,0.3128,24.0,,,0.2374,2.0,0.2673,13.0,0.2036,23.0,0.3021,12.0,,,0.3551,12.0
2014-02-26,0.2003,14.0,0.1892,34.0,0.279,14.0,,,0.2845,11.0,0.2664,12.0,0.204,24.0,0.3166,18.0,,,0.366,15.0
2014-02-25,0.1995,14.0,0.1884,33.0,0.2847,16.0,,,0.2874,12.0,0.266,12.0,0.2037,23.0,0.3181,18.0,,,0.374,18.0
2014-02-24,0.2228,20.0,0.2175,42.0,0.234,4.0,,,0.3447,28.0,0.272,14.0,0.2045,24.0,0.3148,17.0,,,0.4031,30.0
2014-02-21,0.2058,15.0,0.2156,41.0,0.2628,10.0,,,0.309,18.0,0.2714,14.0,0.2045,24.0,0.2964,11.0,,,0.3801,20.0
2014-02-20,0.23,22.0,0.233,46.0,0.3107,24.0,,,0.2596,6.0,0.2725,14.0,0.2052,25.0,0.3309,22.0,,,0.3446,9.0
2014-02-19,0.2183,19.0,0.2174,42.0,0.2469,6.0,,,0.3124,18.0,0.2733,14.0,0.2045,24.0,0.2932,10.0,,,0.3881,24.0
2014-02-18,0.1725,8.0,0.2115,40.0,0.3105,24.0,,,0.3013,15.0,0.2731,14.0,0.204,24.0,0.3157,17.0,,,0.3591,13.0
2014-02-14,0.1787,9.0,0.2348,46.0,0.2674,11.0,,,0.2374,2.0,0.2735,15.0,0.2049,24.0,0.3416,26.0,,,0.3612,14.0
2014-02-13,0.1986,14.0,0.2573,52.0,0.2816,15.0,,,0.2459,3.0,0.2749,15.0,0.2052,25.0,0.35,28.0,,,0.3433,9.0
2014-02-12,0.1997,14.0,0.2438,48.0,0.2718,12.0,,,0.2802,10.0,0.2752,15.0,0.2036,23.0,0.3144,17.0,,,0.3773,19.0
2014-02-11,0.4393,65.0,0.3113,64.0,0.2789,14.0,,,0.2711,8.0,0.2763,15.0,0.2038,24.0,0.3479,28.0,,,0.3581,13.0
2014-02-10,0.4334,64.0,0.3122,65.0,0.3162,25.0,,,0.2835,11.0,0.2741,15.0,0.2032,23.0,0.3265,21.0,,,0.3813,21.0
2014-02-07,0.4341,65.0,0.3186,66.0,0.321,27.0,,,0.2663,7.0,0.2741,15.0,0.2033,23.0,0.3454,28.0,,,0.3752,18.0
2014-02-06,0.4088,60.0,0.333,68.0,0.3528,35.0,,,0.3188,21.0,0.272,14.0,0.203,23.0,0.3763,37.0,,,0.361,14.0
2014-02-05,0.3678,53.0,0.3169,65.0,0.3833,42.0,,,0.3574,31.0,0.2699,13.0,0.2031,23.0,0.3579,32.0,,,0.3889,24.0
2014-02-04,0.3692,53.0,0.3091,64.0,0.3457,33.0,,,0.3928,41.0,0.2742,15.0,0.2028,22.0,0.3574,32.0,,,0.4009,28.0
2014-02-03,0.4408,65.0,0.3276,67.0,0.3541,36.0,,,0.435,52.0,0.273,14.0,0.2022,22.0,0.3223,19.0,,,0.4626,49.0
2014-01-31,0.3825,56.0,0.2782,56.0,0.2905,18.0,,,0.3778,37.0,0.2649,12.0,0.1973,20.0,0.3409,26.0,,,0.3859,23.0
2014-01-30,0.3831,56.0,0.2733,55.0,0.3022,21.0,,,0.3249,22.0,0.2644,12.0,0.1961,19.0,0.3378,25.0,,,0.3674,16.0
2014-01-29,0.3803,55.0,0.2737,55.0,0.3048,22.0,,,0.3512,28.0,0.2643,12.0,0.1956,19.0,0.3242,20.0,,,0.4017,28.0
2014-01-28,0.3615,52.0,0.2422,48.0,0.3343,31.0,,,0.3194,21.0,0.2646,12.0,0.1933,19.0,0.3413,26.0,,,0.3802,20.0
2014-01-27,0.338,48.0,0.2412,48.0,0.2924,18.0,,,0.3801,37.0,0.2644,12.0,0.1938,19.0,0.3424,27.0,,,0.3998,28.0
2014-01-24,0.3917,57.0,0.2243,44.0,0.2931,18.0,,,0.3999,43.0,0.2641,12.0,0.1935,19.0,0.3171,18.0,,,0.4203,36.0
2014-01-23,0.2983,39.0,0.192,34.0,0.2715,12.0,,,0.2862,12.0,0.2512,7.0,0.1914,18.0,0.3134,16.0,,,0.3862,23.0
2014-01-22,0.2897,37.0,0.1863,33.0,0.2545,8.0,,,0.2739,9.0,0.2479,6.0,0.1903,16.0,0.2926,10.0,,,0.3775,19.0
2014-01-21,0.2689,32.0,0.1679,25.0,0.2321,4.0,,,0.288,12.0,0.2477,6.0,0.1911,17.0,0.2939,10.0,,,0.3772,19.0
2014-01-17,0.2743,33.0,0.1666,25.0,0.2358,4.0,,,0.2975,15.0,0.2501,7.0,0.1918,18.0,0.2963,11.0,,,0.3547,12.0
2014-01-16,0.2715,33.0,0.1723,27.0,0.2633,10.0,,,0.2655,7.0,0.2502,7.0,0.1925,18.0,0.3165,18.0,,,0.3655,15.0
2014-01-15,0.2784,34.0,0.1738,28.0,0.3145,25.0,,,0.2633,6.0,0.2502,7.0,0.1926,18.0,0.3093,15.0,,,0.3449,9.0
2014-01-14,0.2694,32.0,0.1941,35.0,0.2613,9.0,,,0.2502,4.0,0.2493,6.0,0.1925,18.0,0.3286,22.0,,,0.3509,11.0
2014-01-13,0.1884,11.0,0.1767,28.0,0.2716,12.0,,,0.3003,15.0,0.247,5.0,0.192,18.0,0.2896,9.0,,,0.4016,28.0
2014-01-10,0.1402,4.0,0.1604,22.0,0.2774,14.0,,,0.2197,1.0,0.245,5.0,0.1915,18.0,0.3252,21.0,,,0.3541,11.0
2014-01-09,0.1349,4.0,0.1604,22.0,0.2415,5.0,,,0.2378,2.0,0.2463,5.0,0.193,18.0,0.3041,13.0,,,0.3673,16.0
2014-01-08,0.1345,4.0,0.1396,15.0,0.2676,11.0,,,0.2366,2.0,0.246,5.0,0.1922,18.0,0.3236,20.0,,,0.3668,16.0
2014-01-07,0.1341,4.0,0.1292,12.0,0.2528,8.0,,,0.2543,5.0,0.2464,5.0,0.1923,18.0,0.3099,15.0,,,0.3676,16.0
2014-01-06,0.1521,5.0,0.1292,12.0,0.2499,7.0,,,0.2566,5.0,0.25,6.0,0.1926,18.0,0.3026,13.0,,,0.3794,20.0
2014-01-03,0.1807,10.0,0.1123,7.0,0.269,11.0,,,0.3137,19.0,0.2493,6.0,0.1917,18.0,0.318,18.0,,,0.3745,18.0
2014-01-02,0.1752,8.0,0.1125,7.0,0.2603,9.0,,,0.3077,17.0,0.2527,8.0,0.1925,18.0,0.3027,13.0,,,0.3929,26.0
2013-12-31,0.109,2.0,0.1072,6.0,0.2591,9.0,,,0.2885,12.0,0.2521,7.0,0.1923,18.0,0.3108,15.0,,,0.3634,14.0
2013-12-30,0.111,2.0,0.1121,7.0,0.2635,10.0,,,0.3098,18.0,0.2523,7.0,0.1942,19.0,0.3153,17.0,,,0.3706,17.0
2013-12-27,0.1192,2.0,0.1886,33.0,0.2424,5.0,,,0.2873,12.0,0.2523,7.0,0.1944,19.0,0.3019,12.0,,,0.3721,17.0
2013-12-26,0.1172,2.0,0.1959,35.0,0.2486,7.0,,,0.2928,13.0,0.2526,7.0,0.1958,19.0,0.3302,22.0,,,0.3694,16.0
2013-12-24,0.1216,3.0,0.2022,37.0,0.243,6.0,,,0.2254,1.0,0.2531,8.0,0.1974,20.0,0.3367,24.0,,,0.3617,14.0
2013-12-23,0.0973,1.0,0.1889,33.0,0.2596,9.0,,,0.2696,8.0,0.2524,7.0,0.1973,20.0,0.3248,21.0,,,0.3806,21.0
2013-12-20,0.1322,3.0,0.1919,34.0,0.2503,7.0,,,0.2833,11.0,0.2523,7.0,0.1975,20.0,0.3363,24.0,,,0.381,21.0
2013-12-19,0.2814,35.0,0.2281,45.0,0.2734,13.0,,,0.2781,9.0,0.2522,7.0,0.1982,20.0,0.3383,25.0,,,0.383,21.0
2013-12-18,0.2815,35.0,0.2256,44.0,0.3172,26.0,,,0.2799,10.0,0.2531,8.0,0.1985,20.0,0.3472,28.0,,,0.4101,32.0
2013-12-17,0.2541,28.0,0.1709,27.0,0.3275,28.0,,,0.3973,42.0,0.2588,10.0,0.1974,20.0,0.3613,33.0,,,0.4026,30.0
2013-12-16,0.29,37.0,0.165,24.0,0.3254,28.0,,,0.4,43.0,0.2589,10.0,0.2008,21.0,0.3417,26.0,,,0.4038,30.0
2013-12-13,0.2976,39.0,0.1587,22.0,0.3035,21.0,,,0.3432,27.0,0.2718,14.0,0.2023,22.0,0.3379,25.0,,,0.417,35.0
2013-12-12,0.2975,39.0,0.1778,28.0,0.3152,25.0,,,0.3689,35.0,0.2727,14.0,0.2031,23.0,0.3548,31.0,,,0.4006,28.0
2013-12-11,0.3217,44.0,0.1927,35.0,0.3273,28.0,,,0.3484,28.0,0.2728,14.0,0.203,23.0,0.3209,19.0,,,0.4359,42.0
2013-12-10,0.2364,24.0,0.1529,19.0,0.2585,9.0,,,0.326,23.0,0.2686,13.0,0.2023,22.0,0.3189,19.0,,,0.4001,28.0
2013-12-09,0.2359,23.0,0.1652,24.0,0.2887,17.0,,,0.2901,12.0,0.2699,13.0,0.204,24.0,0.3419,27.0,,,0.3882,24.0
2013-12-06,0.2257,21.0,0.1616,23.0,0.2918,18.0,,,0.3045,16.0,0.2732,14.0,0.2081,26.0,0.3273,21.0,,,0.4012,28.0
2013-12-05,0.1484,5.0,0.1599,22.0,0.3146,25.0,,,0.3231,22.0,0.2719,14.0,0.2105,27.0,0.324,20.0,,,0.4131,34.0
2013-12-04,0.1565,6.0,0.181,31.0,0.272,12.0,,,0.3145,19.0,0.2746,15.0,0.2113,28.0,0.3391,25.0,,,0.4137,34.0
2013-12-03,0.1677,7.0,0.1714,27.0,0.3082,23.0,,,0.2972,14.0,0.2744,15.0,0.2108,28.0,0.3374,25.0,,,0.4131,34.0
2013-12-02,0.1557,6.0,0.1547,20.0,0.27,12.0,,,0.3021,15.0,0.2727,14.0,0.2108,28.0,0.3291,22.0,,,0.3962,27.0
2013-11-29,0.1933,12.0,0.1648,24.0,0.2718,12.0,,,0.2954,14.0,0.273,14.0,0.2113,28.0,0.3361,24.0,,,0.3842,22.0
2013-11-27,0.1947,13.0,0.1609,22.0,0.2654,10.0,,,0.2919,13.0,0.2791,16.0,0.2125,28.0,0.3422,27.0,,,0.3966,27.0
2013-11-26,0.2093,16.0,0.1802,30.0,0.2634,10.0,,,0.2865,12.0,0.2793,16.0,0.2138,28.0,0.3231,20.0,,,0.3875,24.0
2013-11-25,0.2249,21.0,0.1795,30.0,0.2724,12.0,,,0.2831,11.0,0.2794,16.0,0.2145,28.0,0.3363,24.0,,,0.3835,22.0
2013-11-22,0.233,23.0,0.1639,24.0,0.257,8.0,,,0.2621,6.0,0.281,16.0,0.215,28.0,0.3478,28.0,,,0.3935,26.0
2013-11-21,0.2322,23.0,0.1679,25.0,0.2725,12.0,,,0.2682,7.0,0.2808,16.0,0.215,28.0,0.3318,23.0,,,0.3844,22.0
2013-11-20,0.218,19.0,0.1645,24.0,0.2762,13.0,,,0.2993,15.0,0.2802,16.0,0.2155,30.0,0.3377,25.0,,,0.4064,31.0
2013-11-19,0.1844,11.0,0.146,17.0,0.2888,17.0,,,0.3002,15.0,0.2802,16.0,0.2151,28.0,0.3437,27.0,,,0.4129,34.0
2013-11-18,0.2692,32.0,0.1997,36.0,0.2677,11.0,,,0.3063,17.0,0.2803,16.0,0.2149,28.0,0.3154,17.0,,,0.4127,33.0
2013-11-15,0.3086,41.0,0.213,40.0,0.2676,11.0,,,0.2731,8.0,0.2794,16.0,0.2163,30.0,0.3226,20.0,,,0.3469,10.0
2013-11-14,0.3095,42.0,0.2146,41.0,0.2971,20.0,,,0.2801,10.0,0.2811,16.0,0.221,32.0,0.3216,19.0,,,0.3505,10.0
2013-11-13,0.3146,43.0,0.2112,40.0,0.2827,16.0,,,0.2787,9.0,0.2803,16.0,0.2212,32.0,0.332,23.0,,,0.3571,12.0
2013-11-12,0.3134,42.0,0.2029,37.0,0.2748,13.0,,,0.2824,10.0,0.2801,16.0,0.2216,32.0,0.3248,21.0,,,0.3773,19.0
2013-11-11,0.3087,42.0,0.2116,40.0,0.2631,10.0,,,0.2716,8.0,0.2821,17.0,0.2222,33.0,0.3269,21.0,,,0.3658,15.0
2013-11-08,0.3123,42.0,0.2177,42.0,0.2678,11.0,,,0.2405,3.0,0.2823,17.0,0.2232,33.0,0.3287,22.0,,,0.3545,12.0
2013-11-07,0.2043,15.0,0.1946,35.0,0.3059,22.0,,,0.3088,18.0,0.278,16.0,0.2216,32.0,0.3195,19.0,,,0.3958,27.0
2013-11-06,0.1557,6.0,0.1647,24.0,0.3023,21.0,,,0.2765,9.0,0.2769,15.0,0.2209,32.0,0.3391,25.0,,,0.382,21.0
2013-11-05,0.147,5.0,0.1696,26.0,0.2838,16.0,,,0.2887,12.0,0.2779,16.0,0.2217,32.0,0.3397,25.0,,,0.3833,22.0
2013-11-04,0.1369,4.0,0.1758,28.0,0.3152,25.0,,,0.2698,8.0,0.2774,15.0,0.2225,33.0,0.3652,34.0,,,0.3697,16.0
2013-11-01,0.1251,3.0,0.18,30.0,0.2879,17.0,,,0.2824,10.0,0.2772,15.0,0.2228,33.0,0.3443,28.0,,,0.3804,20.0
2013-10-31,0.134,3.0,0.1716,27.0,0.2679,11.0,,,0.3104,18.0,0.2787,16.0,0.2234,33.0,0.3165,18.0,,,0.3968,27.0
2013-10-30,0.2179,19.0,0.1709,27.0,0.2964,19.0,,,0.2838,11.0,0.2792,16.0,0.2239,34.0,0.3435,27.0,,,0.388,24.0
2013-10-29,0.2019,15.0,0.1337,13.0,0.2976,20.0,,,0.2602,6.0,0.2787,16.0,0.2248,34.0,0.334,23.0,,,0.3592,13.0
2013-10-28,0.2002,14.0,0.1324,13.0,0.2801,15.0,,,0.3043,16.0,0.284,17.0,0.2258,34.0,0.3246,20.0,,,0.3978,28.0
2013-10-25,0.2099,17.0,0.1687,26.0,0.2907,18.0,,,0.2589,6.0,0.2838,17.0,0.2269,35.0,0.3488,28.0,,,0.3768,19.0
2013-10-24,0.2072,16.0,0.1681,26.0,0.2898,17.0,,,0.2628,6.0,0.2908,19.0,0.2286,36.0,0.3417,26.0,,,0.3663,15.0
2013-10-23,0.2353,23.0,0.1639,24.0,0.2894,17.0,,,0.2955,14.0,0.2908,19.0,0.2294,36.0,0.3251,21.0,,,0.384,22.0
2013-10-22,0.1963,13.0,0.1765,28.0,0.2772,14.0,,,0.2852,11.0,0.292,20.0,0.2308,37.0,0.3397,25.0,,,0.3737,18.0
2013-10-21,0.1716,8.0,0.1824,31.0,0.2956,19.0,,,0.2726,8.0,0.2928,20.0,0.232,37.0,0.3384,25.0,,,0.3954,27.0
2013-10-18,0.2402,24.0,0.1933,35.0,0.2854,16.0,,,0.3127,19.0,0.2935,20.0,0.233,37.0,0.3402,26.0,,,0.3892,24.0
2013-10-17,0.2444,25.0,0.2101,39.0,0.2851,16.0,,,0.3066,17.0,0.2989,21.0,0.2352,38.0,0.3628,33.0,,,0.394,26.0
2013-10-16,0.3626,52.0,0.2061,38.0,0.3575,37.0,,,0.3096,18.0,0.2978,21.0,0.2346,38.0,0.3542,31.0,,,0.3976,28.0
2013-10-15,0.3824,56.0,0.2026,37.0,0.3974,46.0,,,0.4172,48.0,0.2978,21.0,0.2366,38.0,0.3599,32.0,,,0.4098,32.0
2013-10-14,0.4154,61.0,0.2333,46.0,0.37,39.0,,,0.359,32.0,0.299,21.0,0.2369,38.0,0.3688,35.0,,,0.4106,33.0
2013-10-11,0.4255,63.0,0.2398,48.0,0.3254,28.0,,,0.3018,15.0,0.2989,21.0,0.2378,39.0,0.3859,40.0,,,0.4087,32.0
2013-10-10,0.4191,62.0,0.2399,48.0,0.3475,34.0,,,0.3537,30.0,0.3031,23.0,0.2386,39.0,0.3804,38.0,,,0.4122,33.0
2013-10-09,0.3319,47.0,0.2348,46.0,0.3878,44.0,,,0.4146,47.0,0.3021,22.0,0.2386,39.0,0.3848,40.0,,,0.4446,44.0
2013-10-08,0.3285,46.0,0.2306,45.0,0.4009,47.0,,,0.4094,45.0,0.3262,27.0,0.2443,39.0,0.3878,41.0,,,0.4401,43.0
2013-10-07,0.286,36.0,0.2086,39.0,0.37,39.0,,,0.3873,40.0,0.3247,26.0,0.2446,40.0,0.3643,33.0,,,0.4349,41.0
2013-10-04,0.2672,32.0,0.212,40.0,0.3278,28.0,,,0.3313,24.0,0.3231,26.0,0.2452,40.0,0.3784,38.0,,,0.3943,26.0
2013-10-03,0.1834,11.0,0.1825,31.0,0.3485,34.0,,,0.3773,37.0,0.3207,26.0,0.2438,39.0,0.3848,40.0,,,0.418,36.0
2013-10-02,0.1743,8.0,0.17,26.0,0.295,19.0,,,0.3708,35.0,0.3227,26.0,0.2453,40.0,0.3662,34.0,,,0.4116,33.0
2013-10-01,0.191,12.0,0.163,23.0,0.3345,31.0,,,0.3269,23.0,0.3227,26.0,0.2462,40.0,0.3701,35.0,,,0.4069,31.0
2013-09-30,0.2161,19.0,0.1807,31.0,0.3457,33.0,,,0.3468,28.0,0.3227,26.0,0.247,40.0,0.3742,36.0,,,0.4132,34.0
2013-09-27,0.2164,19.0,0.1797,30.0,0.3249,28.0,,,0.3406,27.0,0.3237,26.0,0.2488,40.0,0.3571,32.0,,,0.412,33.0
2013-09-26,0.3816,56.0,0.2341,46.0,0.3175,26.0,,,0.3173,20.0,0.3246,26.0,0.2507,40.0,0.3425,27.0,,,0.4015,28.0
2013-09-25,0.3734,54.0,0.2271,44.0,0.3036,21.0,,,0.3488,28.0,0.3262,27.0,0.2521,41.0,0.3556,31.0,,,0.4255,38.0
2013-09-24,0.3928,57.0,0.2253,44.0,0.311,24.0,,,0.3276,23.0,0.3287,28.0,0.2529,41.0,0.3724,36.0,,,0.4157,35.0
2013-09-23,0.3936,57.0,0.2204,43.0,0.3206,27.0,,,0.3516,30.0,0.3287,28.0,0.2527,41.0,0.3706,35.0,,,0.4122,33.0
2013-09-20,0.4101,60.0,0.2236,43.0,0.3042,22.0,,,0.335,25.0,0.3281,28.0,0.2538,41.0,0.3486,28.0,,,0.4595,48.0
2013-09-19,0.3576,51.0,0.2199,42.0,0.3063,22.0,,,0.3493,28.0,0.3258,27.0,0.2532,41.0,0.3435,27.0,,,0.4326,40.0
2013-09-18,0.3341,47.0,0.2131,40.0,0.4017,47.0,,,0.3096,18.0,0.326,27.0,0.2549,42.0,0.3743,37.0,,,0.3736,18.0
2013-09-17,0.2671,32.0,0.1764,28.0,0.3518,35.0,,,0.3382,26.0,0.3189,25.0,0.2524,41.0,0.3595,32.0,,,0.4259,38.0
2013-09-16,0.2714,33.0,0.1963,36.0,0.3379,32.0,,,0.3168,20.0,0.3212,26.0,0.2529,41.0,0.3456,28.0,,,0.4205,36.0
2013-09-13,0.2617,30.0,0.1922,34.0,0.2916,18.0,,,0.3048,16.0,0.3204,26.0,0.2529,41.0,0.3869,40.0,,,0.423,37.0
2013-09-12,0.2687,32.0,0.214,41.0,0.3253,28.0,,,0.311,18.0,0.3206,26.0,0.2547,42.0,0.3632,33.0,,,0.4337,41.0
2013-09-11,0.1708,8.0,0.2328,46.0,0.3165,25.0,,,0.284,11.0,0.3194,25.0,0.2549,42.0,0.3967,43.0,,,0.3979,28.0
2013-09-10,0.2035,15.0,0.2216,43.0,0.3287,28.0,,,0.312,18.0,0.3189,25.0,0.2542,41.0,0.3917,42.0,,,0.4388,43.0
2013-09-09,0.2017,14.0,0.2328,46.0,0.3277,28.0,,,0.3174,20.0,0.3185,25.0,0.2543,41.0,0.4059,46.0,,,0.4173,35.0
2013-09-06,0.138,4.0,0.2138,41.0,0.3185,26.0,,,0.3629,33.0,0.3157,25.0,0.2535,41.0,0.3973,43.0,,,0.4813,53.0
2013-09-05,0.2844,36.0,0.217,41.0,0.3123,24.0,,,0.346,28.0,0.3157,25.0,0.2532,41.0,0.4017,45.0,,,0.4641,50.0
2013-09-04,0.2805,35.0,0.2237,44.0,0.3397,32.0,,,0.3448,28.0,0.3157,25.0,0.2537,41.0,0.3941,42.0,,,0.4281,39.0
2013-09-03,0.284,36.0,0.214,41.0,0.3656,38.0,,,0.4194,48.0,0.316,25.0,0.2527,41.0,0.3729,36.0,,,0.4453,45.0
2013-08-30,0.3234,45.0,0.195,35.0,0.3624,38.0,,,0.3818,38.0,0.3158,25.0,0.2515,40.0,0.3823,39.0,,,0.459,48.0
2013-08-29,0.3326,47.0,0.2062,38.0,0.3455,33.0,,,0.3793,37.0,0.3185,25.0,0.2521,41.0,0.3967,43.0,,,0.4294,39.0
2013-08-28,0.3425,49.0,0.2055,38.0,0.3263,28.0,,,0.3814,38.0,0.3188,25.0,0.2517,40.0,0.3808,39.0,,,0.4366,42.0
2013-08-27,0.3655,53.0,0.2147,41.0,0.3341,31.0,,,0.3785,37.0,0.3186,25.0,0.2522,41.0,0.3557,31.0,,,0.4828,53.0
2013-08-26,0.295,39.0,0.2018,37.0,0.3054,22.0,,,0.3318,24.0,0.3143,24.0,0.2535,41.0,0.3538,31.0,,,0.43,39.0
2013-08-23,0.3121,42.0,0.2044,38.0,0.32,26.0,,,0.2872,12.0,0.3143,24.0,0.2535,41.0,0.3905,41.0,,,0.4018,28.0
2013-08-22,0.2784,34.0,0.2003,36.0,0.3247,28.0,,,0.3457,28.0,0.3171,25.0,0.2559,42.0,0.3713,36.0,,,0.4191,36.0
2013-08-21,0.2144,18.0,0.1953,35.0,0.3011,21.0,,,0.3632,33.0,0.3162,25.0,0.2561,42.0,0.3745,37.0,,,0.447,45.0
2013-08-20,0.2113,17.0,0.1947,35.0,0.3465,34.0,,,0.3412,27.0,0.3237,26.0,0.262,45.0,0.3766,37.0,,,0.4049,31.0
2013-08-19,0.2228,20.0,0.2041,38.0,0.2987,20.0,,,0.3643,33.0,0.3252,27.0,0.262,45.0,0.3457,28.0,,,0.4277,39.0
2013-08-16,0.2906,37.0,0.2221,43.0,0.3248,28.0,,,0.354,31.0,0.3252,27.0,0.2623,45.0,0.3633,33.0,,,0.4105,33.0
2013-08-15,0.2611,30.0,0.2217,43.0,0.3285,28.0,,,0.2992,15.0,0.3373,31.0,0.2667,48.0,0.3671,34.0,,,0.4004,28.0
2013-08-14,0.2793,35.0,0.224,44.0,0.2919,18.0,,,0.2714,8.0,0.3365,31.0,0.2665,47.0,0.3495,28.0,,,0.4019,28.0
2013-08-13,0.2811,35.0,0.2174,42.0,0.3196,26.0,,,0.2572,5.0,0.337,31.0,0.2665,47.0,0.3487,28.0,,,0.3825,21.0
2013-08-12,0.2804,35.0,0.2171,42.0,0.3337,30.0,,,0.3003,15.0,0.3369,31.0,0.2664,47.0,0.354,31.0,,,0.3958,27.0
2013-08-09,0.2821,35.0,0.207,38.0,0.2807,15.0,,,0.2914,13.0,0.337,31.0,0.2659,47.0,0.343,27.0,,,0.3958,27.0
2013-08-08,0.2773,34.0,0.1881,33.0,0.2614,9.0,,,0.312,18.0,0.3362,31.0,0.2649,47.0,0.3359,24.0,,,0.3991,28.0
2013-08-07,0.1663,7.0,0.1727,27.0,0.296,19.0,,,0.3282,23.0,0.3326,28.0,0.2635,46.0,0.3457,28.0,,,0.4096,32.0
2013-08-06,0.1805,10.0,0.1797,30.0,0.3068,23.0,,,0.3046,16.0,0.333,30.0,0.2633,46.0,0.3504,28.0,,,0.4095,32.0
2013-08-05,0.129,3.0,0.1722,27.0,0.2856,16.0,,,0.2905,13.0,0.3319,28.0,0.2634,46.0,0.3381,25.0,,,0.4044,30.0
2013-08-02,0.1597,6.0,0.2008,37.0,0.3077,23.0,,,0.2854,11.0,0.3322,28.0,0.2636,46.0,0.3547,31.0,,,0.3867,23.0
2013-08-01,0.2248,21.0,0.2215,43.0,0.3058,22.0,,,0.3437,28.0,0.3322,28.0,0.2635,46.0,0.3385,25.0,,,0.4159,35.0
2013-07-31,0.2205,20.0,0.2303,45.0,0.3179,26.0,,,0.3369,25.0,0.3331,30.0,0.2636,46.0,0.3436,27.0,,,0.4158,35.0
2013-07-30,0.2218,20.0,0.2231,43.0,0.3178,26.0,,,0.3368,25.0,0.3341,30.0,0.2638,46.0,0.3836,40.0,,,0.4,28.0
2013-07-29,0.219,19.0,0.2084,39.0,0.2989,20.0,,,0.3154,19.0,0.3347,30.0,0.2633,46.0,0.3715,36.0,,,0.383,21.0
2013-07-26,0.2159,19.0,0.2018,37.0,0.3193,26.0,,,0.308,17.0,0.335,30.0,0.2634,46.0,0.3755,37.0,,,0.3966,27.0
2013-07-25,0.2239,21.0,0.2066,38.0,0.2954,19.0,,,0.3059,17.0,0.3351,30.0,0.2634,46.0,0.3734,36.0,,,0.3894,24.0
2013-07-24,0.2434,25.0,0.2019,37.0,0.3178,26.0,,,0.3098,18.0,0.3352,31.0,0.2627,46.0,0.3666,34.0,,,0.4252,38.0
2013-07-23,0.1769,9.0,0.1738,28.0,0.2883,17.0,,,0.3057,17.0,0.3339,30.0,0.2618,45.0,0.331,23.0,,,0.4206,36.0
2013-07-22,0.1909,12.0,0.1682,26.0,0.2801,15.0,,,0.3252,22.0,0.3335,30.0,0.2618,45.0,0.3552,31.0,,,0.4229,37.0
2013-07-19,0.265,31.0,0.1744,28.0,0.3045,22.0,,,0.3078,17.0,0.3337,30.0,0.2621,45.0,0.3762,37.0,,,0.4052,31.0
2013-07-18,0.2723,33.0,0.1795,30.0,0.2795,14.0,,,0.3403,26.0,0.3349,30.0,0.2626,45.0,0.3636,33.0,,,0.4224,37.0
2013-07-17,0.3177,44.0,0.1866,33.0,0.2825,15.0,,,0.3051,16.0,0.3351,30.0,0.2625,45.0,0.3795,38.0,,,0.4067,31.0
2013-07-16,0.3101,42.0,0.1775,28.0,0.3061,22.0,,,0.3224,22.0,0.3347,30.0,0.2622,45.0,0.378,38.0,,,0.4508,46.0
2013-07-15,0.2594,28.0,0.1842,32.0,0.3068,23.0,,,0.3298,24.0,0.3346,30.0,0.2611,44.0,0.383,39.0,,,0.4059,31.0
2013-07-12,0.2678,32.0,0.1856,32.0,0.3129,24.0,,,0.2842,11.0,0.3345,30.0,0.2613,44.0,0.3711,36.0,,,0.4148,34.0
2013-07-11,0.2629,30.0,0.2025,37.0,0.2871,17.0,,,0.2962,14.0,0.3343,30.0,0.261,44.0,0.3701,35.0,,,0.4221,37.0
2013-07-10,0.2204,20.0,0.2227,43.0,0.3276,28.0,,,0.3203,21.0,0.3311,28.0,0.2612,44.0,0.3682,35.0,,,0.4203,36.0
2013-07-09,0.2379,24.0,0.2268,44.0,0.3078,23.0,,,0.3161,20.0,0.3314,28.0,0.2615,44.0,0.3914,42.0,,,0.4161,35.0
2013-07-08,0.1678,7.0,0.217,41.0,0.3362,31.0,,,0.3594,32.0,0.3285,28.0,0.2609,44.0,0.3815,39.0,,,0.454,47.0
2013-07-05,0.1486,5.0,0.228,45.0,0.3319,30.0,,,0.3366,25.0,0.3279,28.0,0.2613,44.0,0.4084,46.0,,,0.4533,47.0
2013-07-03,0.1704,8.0,0.2076,39.0,0.3716,40.0,,,0.3804,38.0,0.3275,28.0,0.2602,43.0,0.421,49.0,,,0.4701,51.0
2013-07-02,0.3102,42.0,0.2383,47.0,0.3793,41.0,,,0.3703,35.0,0.3299,28.0,0.2608,44.0,0.3953,43.0,,,0.4707,51.0
2013-07-01,0.3096,42.0,0.2703,54.0,0.3557,36.0,,,0.3779,37.0,0.3303,28.0,0.2607,44.0,0.3761,37.0,,,0.4772,52.0
2013-06-28,0.4119,61.0,0.2752,56.0,0.3518,35.0,,,0.4128,47.0,0.3381,31.0,0.2607,44.0,0.4076,46.0,,,0.4807,53.0
2013-06-27,0.4117,61.0,0.2769,56.0,0.3634,38.0,,,0.3944,41.0,0.3432,33.0,0.2642,47.0,0.3986,44.0,,,0.4831,54.0
2013-06-26,0.4287,64.0,0.2761,56.0,0.3816,42.0,,,0.4072,45.0,0.3451,34.0,0.2646,47.0,0.44,53.0,,,0.4677,50.0
2013-06-25,0.4502,67.0,0.2848,57.0,0.418,50.0,,,0.4425,54.0,0.3454,34.0,0.266,47.0,0.4574,56.0,,,0.4886,55.0
2013-06-24,0.4025,59.0,0.2998,62.0,0.4281,53.0,,,0.4908,63.0,0.3448,34.0,0.2659,47.0,0.4244,50.0,,,0.5218,61.0
2013-06-21,0.4542,68.0,0.3254,67.0,0.418,50.0,,,0.4587,57.0,0.3401,32.0,0.2647,47.0,0.4467,54.0,,,0.4941,56.0
2013-06-20,0.4553,68.0,0.3135,65.0,0.4456,56.0,,,0.482,61.0,0.3408,32.0,0.2623,45.0,0.4206,49.0,,,0.5125,59.0
2013-06-19,0.3421,48.0,0.3018,63.0,0.3711,40.0,,,0.4152,47.0,0.3319,28.0,0.2617,45.0,0.3672,34.0,,,0.4837,54.0
2013-06-18,0.3275,46.0,0.2965,61.0,0.3878,44.0,,,0.4423,53.0,0.3315,28.0,0.2615,44.0,0.4004,44.0,,,0.4556,48.0
2013-06-17,0.3238,45.0,0.3068,64.0,0.4124,49.0,,,0.4084,45.0,0.3335,30.0,0.2625,45.0,0.3882,41.0,,,0.4721,51.0
2013-06-14,0.3216,44.0,0.2985,62.0,0.3861,43.0,,,0.3955,42.0,0.3333,30.0,0.2616,44.0,0.3661,34.0,,,0.4916,55.0
2013-06-13,0.3895,57.0,0.3004,62.0,0.3505,35.0,,,0.3957,42.0,0.3338,30.0,0.2613,44.0,0.428,51.0,,,0.4423,44.0
2013-06-12,0.293,38.0,0.2616,53.0,0.4091,48.0,,,0.4377,52.0,0.331,28.0,0.259,43.0,0.3687,35.0,,,0.4843,54.0
2013-06-11,0.3098,42.0,0.2361,47.0,0.3959,46.0,,,0.4372,52.0,0.3307,28.0,0.2575,43.0,0.4033,45.0,,,0.4702,51.0
2013-06-10,0.3007,40.0,0.2468,49.0,0.3701,39.0,,,0.3963,42.0,0.3286,28.0,0.2571,42.0,0.3738,36.0,,,0.4556,48.0
2013-06-07,0.313,42.0,0.2477,49.0,0.3777,41.0,,,0.3717,35.0,0.3296,28.0,0.2575,43.0,0.3966,43.0,,,0.4465,45.0
2013-06-06,0.3037,41.0,0.2435,48.0,0.4307,53.0,,,0.409,45.0,0.3304,28.0,0.257,42.0,0.4503,55.0,,,0.4664,50.0
2013-06-05,0.326,45.0,0.2367,47.0,0.3876,44.0,,,0.4561,56.0,0.33,28.0,0.2567,42.0,0.3881,41.0,,,0.4845,54.0
2013-06-04,0.2316,23.0,0.2087,39.0,0.3864,43.0,,,0.398,42.0,0.3256,27.0,0.2563,42.0,0.3893,41.0,,,0.44,43.0
2013-06-03,0.2298,22.0,0.2274,45.0,0.3969,46.0,,,0.3745,36.0,0.3254,27.0,0.2561,42.0,0.4011,44.0,,,0.4493,46.0
2013-05-31,0.2512,27.0,0.2865,57.0,0.3579,37.0,,,0.4167,48.0,0.3287,28.0,0.2595,43.0,0.3479,28.0,,,0.4816,53.0
2013-05-30,0.2097,17.0,0.2739,55.0,0.347,34.0,,,0.3667,34.0,0.3266,27.0,0.2586,43.0,0.3651,34.0,,,0.4301,40.0
2013-05-29,0.2098,17.0,0.2811,57.0,0.3659,38.0,,,0.3665,34.0,0.3269,27.0,0.2587,43.0,0.3814,39.0,,,0.4107,33.0
2013-05-28,0.2642,31.0,0.2811,57.0,0.3492,34.0,,,0.3694,35.0,0.3269,27.0,0.2602,43.0,0.3588,32.0,,,0.4257,38.0
2013-05-24,0.2389,24.0,0.2908,60.0,0.3527,35.0,,,0.3755,36.0,0.326,27.0,0.2603,44.0,0.376,37.0,,,0.4321,40.0
2013-05-23,0.2365,24.0,0.303,63.0,0.3501,35.0,,,0.3671,34.0,0.3258,27.0,0.2606,44.0,0.4133,47.0,,,0.4473,45.0
2013-05-22,0.2602,30.0,0.2849,57.0,0.3537,36.0,,,0.3574,31.0,0.328,28.0,0.2593,43.0,0.3555,31.0,,,0.4469,45.0
2013-05-21,0.2463,26.0,0.2268,44.0,0.3115,24.0,,,0.3775,37.0,0.3263,27.0,0.2554,42.0,0.3543,31.0,,,0.4342,41.0
2013-05-20,0.2474,26.0,0.2329,46.0,0.3259,28.0,,,0.3614,32.0,0.3263,27.0,0.2557,42.0,0.3769,37.0,,,0.4056,31.0
2013-05-17,0.2537,28.0,0.2257,44.0,0.3513,35.0,,,0.3398,26.0,0.3365,31.0,0.2564,42.0,0.358,32.0,,,0.4126,33.0
2013-05-16,0.2387,24.0,0.2333,46.0,0.2873,17.0,,,0.3009,15.0,0.3348,30.0,0.2575,43.0,0.3671,34.0,,,0.4244,38.0
2013-05-15,0.2369,24.0,0.2289,45.0,0.3321,30.0,,,0.3425,27.0,0.336,31.0,0.2582,43.0,0.3647,33.0,,,0.4247,38.0
2013-05-14,0.2369,24.0,0.2512,50.0,0.3427,33.0,,,0.3534,30.0,0.3401,32.0,0.2598,43.0,0.3668,34.0,,,0.42,36.0
2013-05-13,0.3059,41.0,0.257,52.0,0.3661,38.0,,,0.3709,35.0,0.3392,32.0,0.26,43.0,0.3686,35.0,,,0.4204,36.0
2013-05-10,0.2425,25.0,0.2647,53.0,0.3193,26.0,,,0.3263,23.0,0.3381,31.0,0.2594,43.0,0.3596,32.0,,,0.418,36.0
2013-05-09,0.4121,61.0,0.2833,57.0,0.3216,27.0,,,0.3347,25.0,0.3382,32.0,0.2602,43.0,0.3551,31.0,,,0.4159,35.0
2013-05-08,0.4028,59.0,0.2921,60.0,0.3214,27.0,,,0.3368,25.0,0.3405,32.0,0.2619,45.0,0.3504,28.0,,,0.3993,28.0
2013-05-07,0.4061,60.0,0.2983,62.0,0.3211,27.0,,,0.3423,27.0,0.3441,33.0,0.2624,45.0,0.3444,28.0,,,0.3947,26.0
2013-05-06,0.4539,67.0,0.3077,64.0,0.3368,31.0,,,0.3576,31.0,0.3446,33.0,0.2628,46.0,0.3543,31.0,,,0.4131,34.0
2013-05-03,0.4599,68.0,0.2913,60.0,0.3347,31.0,,,0.3521,30.0,0.3448,34.0,0.2612,44.0,0.3558,31.0,,,0.4128,34.0
2013-05-02,0.465,69.0,0.3063,63.0,0.3579,37.0,,,0.3926,41.0,0.3464,34.0,0.2638,46.0,0.3666,34.0,,,0.434,41.0
2013-05-01,0.4666,69.0,0.3024,63.0,0.3826,42.0,,,0.4103,46.0,0.3535,37.0,0.265,47.0,0.3746,37.0,,,0.4481,45.0
2013-04-30,0.3271,46.0,0.3059,63.0,0.3511,35.0,,,0.3553,31.0,0.3481,35.0,0.264,47.0,0.3858,40.0,,,0.3975,28.0
2013-04-29,0.3272,46.0,0.2981,62.0,0.3386,32.0,,,0.3792,37.0,0.348,35.0,0.2635,46.0,0.3758,37.0,,,0.401,28.0
2013-04-26,0.3314,47.0,0.2983,62.0,0.3575,37.0,,,0.3808,38.0,0.3464,34.0,0.2637,46.0,0.3803,38.0,,,0.4345,41.0
2013-04-25,0.378,55.0,0.2971,61.0,0.344,33.0,,,0.3857,39.0,0.3444,33.0,0.2638,46.0,0.3471,28.0,,,0.4386,42.0
2013-04-24,0.4045,60.0,0.2901,59.0,0.3358,31.0,,,0.3611,32.0,0.3541,37.0,0.2634,46.0,0.3736,36.0,,,0.3911,25.0
2013-04-23,0.6707,87.0,0.3486,70.0,0.3602,37.0,,,0.383,38.0,0.3494,36.0,0.2627,46.0,0.3911,41.0,,,0.4305,40.0
2013-04-22,0.667,87.0,0.3572,72.0,0.3541,36.0,,,0.3921,41.0,0.3537,37.0,0.2638,46.0,0.3904,41.0,,,0.441,43.0
2013-04-19,0.6447,85.0,0.3385,69.0,0.3813,42.0,,,0.4059,45.0,0.3526,36.0,0.2624,45.0,0.4101,47.0,,,0.4489,46.0
2013-04-18,0.6204,84.0,0.3363,69.0,0.4094,48.0,,,0.4405,53.0,0.3527,36.0,0.2629,46.0,0.4184,49.0,,,0.4732,51.0
2013-04-17,0.668,87.0,0.3492,71.0,0.4269,52.0,,,0.4789,61.0,0.3598,38.0,0.2641,47.0,0.4092,47.0,,,0.4672,50.0
2013-04-16,0.6472,85.0,0.3508,71.0,0.4008,47.0,,,0.3687,34.0,0.3569,38.0,0.2641,47.0,0.398,44.0,,,0.4198,36.0
2013-04-15,0.5859,81.0,0.3566,72.0,0.4763,62.0,,,0.5213,69.0,0.3544,37.0,0.2648,47.0,0.3796,38.0,,,0.474,52.0
2013-04-12,0.2851,36.0,0.3047,63.0,0.3066,22.0,,,0.3158,20.0,0.3341,30.0,0.2594,43.0,0.3596,32.0,,,0.44,43.0
2013-04-11,0.2866,36.0,0.3111,64.0,0.2675,11.0,,,0.328,23.0,0.3332,30.0,0.2585,43.0,0.3488,28.0,,,0.4368,42.0
2013-04-10,0.3368,48.0,0.3259,67.0,0.3236,27.0,,,0.3109,18.0,0.3338,30.0,0.259,43.0,0.3743,37.0,,,0.4144,34.0
2013-04-09,0.3668,53.0,0.3367,69.0,0.2882,17.0,,,0.371,35.0,0.3336,30.0,0.2594,43.0,0.3804,38.0,,,0.4251,38.0
2013-04-08,0.3002,40.0,0.3069,64.0,0.3552,36.0,,,0.3382,26.0,0.3311,28.0,0.2581,43.0,0.3952,43.0,,,0.4101,32.0
2013-04-05,0.2897,37.0,0.3062,63.0,0.3444,33.0,,,0.3496,28.0,0.3332,30.0,0.2573,42.0,0.4174,48.0,,,0.4348,41.0
2013-04-04,0.2973,39.0,0.2965,61.0,0.3428,33.0,,,0.3436,27.0,0.3333,30.0,0.2567,42.0,0.387,40.0,,,0.4286,39.0
2013-04-03,0.2257,21.0,0.294,60.0,0.3184,26.0,,,0.3946,41.0,0.3328,28.0,0.2557,42.0,0.378,38.0,,,0.4357,41.0
2013-04-02,0.2081,16.0,0.2648,53.0,0.3343,31.0,,,0.372,35.0,0.3309,28.0,0.2549,42.0,0.3651,34.0,,,0.4356,41.0
2013-04-01,0.214,18.0,0.242,48.0,0.3328,30.0,,,0.3476,28.0,0.3297,28.0,0.2533,41.0,0.3682,35.0,,,0.4408,43.0
2013-03-28,0.2003,14.0,0.2241,44.0,0.2917,18.0,,,0.3224,22.0,0.3292,28.0,0.2532,41.0,0.365,33.0,,,0.385,23.0
2013-03-27,0.1925,12.0,0.2585,52.0,0.3016,21.0,,,0.3298,24.0,0.3293,28.0,0.2543,41.0,0.3803,38.0,,,0.3828,21.0
2013-03-26,0.192,12.0,0.2447,49.0,0.3047,22.0,,,0.3179,20.0,0.3337,30.0,0.2563,42.0,0.3463,28.0,,,0.392,25.0
2013-03-25,0.1927,12.0,0.2387,47.0,0.3215,27.0,,,0.3404,27.0,0.3345,30.0,0.2561,42.0,0.3504,28.0,,,0.407,31.0
2013-03-22,0.2161,19.0,0.1999,36.0,0.3431,33.0,,,0.3587,32.0,0.3345,30.0,0.2555,42.0,0.3493,28.0,,,0.4238,38.0
2013-03-21,0.22,20.0,0.2021,37.0,0.325,28.0,,,0.3541,31.0,0.3347,30.0,0.2564,42.0,0.3492,28.0,,,0.4207,37.0
2013-03-20,0.1642,7.0,0.2027,37.0,0.2964,19.0,,,0.3361,25.0,0.3327,28.0,0.2564,42.0,0.3662,34.0,,,0.4062,31.0
2013-03-19,0.149,5.0,0.2102,40.0,0.329,28.0,,,0.3378,26.0,0.3327,28.0,0.2566,42.0,0.3805,38.0,,,0.4155,35.0
2013-03-18,0.1756,9.0,0.1665,25.0,0.3069,23.0,,,0.3186,20.0,0.336,31.0,0.2559,42.0,0.3603,32.0,,,0.4055,31.0
2013-03-15,0.1502,5.0,0.154,20.0,0.2745,13.0,,,0.2954,14.0,0.3397,32.0,0.2571,42.0,0.3269,21.0,,,0.4041,30.0
2013-03-14,0.2057,15.0,0.1728,28.0,0.274,13.0,,,0.2622,6.0,0.3495,36.0,0.2658,47.0,0.3147,17.0,,,0.3606,13.0
2013-03-13,0.2049,15.0,0.1754,28.0,0.2714,12.0,,,0.2705,8.0,0.3492,35.0,0.2666,48.0,0.3344,24.0,,,0.4069,31.0
2013-03-12,0.1642,7.0,0.1849,32.0,0.2676,11.0,,,0.291,13.0,0.3491,35.0,0.2669,48.0,0.3272,21.0,,,0.4096,32.0
2013-03-11,0.213,18.0,0.2233,43.0,0.2658,10.0,,,0.2927,13.0,0.3492,35.0,0.2673,48.0,0.3536,30.0,,,0.3987,28.0
2013-03-08,0.2175,19.0,0.2194,42.0,0.2562,8.0,,,0.2749,9.0,0.3573,38.0,0.2689,48.0,0.3619,33.0,,,0.3963,27.0
2013-03-07,0.2651,31.0,0.2732,55.0,0.2746,13.0,,,0.3079,17.0,0.3645,40.0,0.2712,49.0,0.3203,19.0,,,0.4088,32.0
2013-03-06,0.2651,31.0,0.2827,57.0,0.3059,22.0,,,0.3109,18.0,0.3645,40.0,0.2716,49.0,0.3701,35.0,,,0.4195,36.0
2013-03-05,0.4249,63.0,0.3645,72.0,0.3161,25.0,,,0.3449,28.0,0.3652,40.0,0.2724,50.0,0.3582,32.0,,,0.4407,43.0
2013-03-04,0.4483,67.0,0.3691,73.0,0.3687,39.0,,,0.3644,33.0,0.3664,41.0,0.2732,50.0,0.3829,39.0,,,0.4315,40.0
2013-03-01,0.4718,71.0,0.3719,74.0,0.3332,30.0,,,0.3822,38.0,0.3674,41.0,0.2727,50.0,0.3825,39.0,,,0.4565,48.0
2013-02-28,0.6101,83.0,0.4027,78.0,0.3515,35.0,,,0.3674,34.0,0.3669,41.0,0.271,49.0,0.3692,35.0,,,0.4204,36.0
2013-02-27,0.6078,83.0,0.4023,78.0,0.3417,33.0,,,0.3683,34.0,0.3671,41.0,0.271,49.0,0.4032,45.0,,,0.4056,31.0
2013-02-26,0.5252,77.0,0.3712,73.0,0.4058,47.0,,,0.4106,46.0,0.3648,40.0,0.2687,48.0,0.4048,45.0,,,0.4385,42.0
2013-02-25,0.4832,72.0,0.3649,73.0,0.4173,50.0,,,0.4748,60.0,0.364,40.0,0.2685,48.0,0.3674,34.0,,,0.491,55.0
2013-02-22,0.4454,66.0,0.2733,55.0,0.3434,33.0,,,0.3371,26.0,0.3598,38.0,0.2635,46.0,0.3779,38.0,,,0.4037,30.0
2013-02-21,0.3843,56.0,0.2627,53.0,0.3521,35.0,,,0.3958,42.0,0.3586,38.0,0.264,47.0,0.3804,38.0,,,0.4394,43.0
2013-02-20,0.383,56.0,0.2451,49.0,0.3337,30.0,,,0.3783,37.0,0.3572,38.0,0.2648,47.0,0.3528,30.0,,,0.4399,43.0
2013-02-19,0.1317,3.0,0.1324,13.0,0.292,18.0,,,0.3077,17.0,0.3448,34.0,0.2604,44.0,0.3557,31.0,,,0.3996,28.0
2013-02-15,0.1419,4.0,0.1445,16.0,0.2952,19.0,,,0.2915,13.0,0.3447,33.0,0.2603,44.0,0.3287,22.0,,,0.3813,21.0
2013-02-14,0.1265,3.0,0.1422,16.0,0.3039,22.0,,,0.2564,5.0,0.3461,34.0,0.2613,44.0,0.3309,22.0,,,0.3845,22.0
2013-02-13,0.129,3.0,0.1402,15.0,0.2781,14.0,,,0.2508,4.0,0.3461,34.0,0.2616,44.0,0.336,24.0,,,0.3829,21.0
2013-02-12,0.1903,12.0,0.144,16.0,0.2768,14.0,,,0.283,11.0,0.3466,34.0,0.2627,46.0,0.3337,23.0,,,0.3982,28.0
2013-02-11,0.2219,20.0,0.1565,21.0,0.2787,14.0,,,0.2906,13.0,0.3473,34.0,0.2636,46.0,0.3364,24.0,,,0.3962,27.0
2013-02-08,0.2409,25.0,0.1674,25.0,0.2654,10.0,,,0.2694,8.0,0.3472,34.0,0.2643,47.0,0.3399,26.0,,,0.3832,22.0
2013-02-07,0.2375,24.0,0.1824,31.0,0.3154,25.0,,,0.2937,14.0,0.3473,34.0,0.2654,47.0,0.3488,28.0,,,0.3931,26.0
2013-02-06,0.2467,26.0,0.1735,28.0,0.2926,18.0,,,0.2967,14.0,0.347,34.0,0.2657,47.0,0.3493,28.0,,,0.3923,25.0
2013-02-05,0.2584,28.0,0.1777,28.0,0.2692,11.0,,,0.3056,17.0,0.3483,35.0,0.266,47.0,0.349,28.0,,,0.411,33.0
2013-02-04,0.2581,28.0,0.1815,31.0,0.3,20.0,,,0.3448,28.0,0.3499,36.0,0.2671,48.0,0.3279,22.0,,,0.4134,34.0
2013-02-01,0.2318,23.0,0.1917,34.0,0.2685,11.0,,,0.3039,16.0,0.3532,37.0,0.268,48.0,0.3684,35.0,,,0.3842,22.0
2013-01-31,0.1861,11.0,0.1839,32.0,0.3038,22.0,,,0.3189,21.0,0.3545,37.0,0.2694,48.0,0.3408,26.0,,,0.414,34.0
2013-01-30,0.2303,22.0,0.1917,34.0,0.3117,24.0,,,0.3088,18.0,0.3538,37.0,0.2699,48.0,0.3474,28.0,,,0.3899,24.0
2013-01-29,0.2187,19.0,0.179,30.0,0.2843,16.0,,,0.3049,16.0,0.3532,37.0,0.2695,48.0,0.3499,28.0,,,0.3731,18.0
2013-01-28,0.2313,23.0,0.1767,28.0,0.2997,20.0,,,0.3065,17.0,0.353,37.0,0.2699,48.0,0.3521,30.0,,,0.3843,22.0
2013-01-25,0.2178,19.0,0.1628,23.0,0.2742,13.0,,,0.2825,10.0,0.3573,38.0,0.2723,50.0,0.3458,28.0,,,0.3695,16.0
2013-01-24,0.217,19.0,0.1611,23.0,0.2529,8.0,,,0.301,15.0,0.3577,38.0,0.2738,50.0,0.33,22.0,,,0.3913,25.0
2013-01-23,0.2141,18.0,0.1452,17.0,0.2578,9.0,,,0.2762,9.0,0.3577,38.0,0.2742,50.0,0.341,26.0,,,0.3922,25.0
2013-01-22,0.2094,17.0,0.15,18.0,0.2663,10.0,,,0.279,10.0,0.3612,39.0,0.2777,51.0,0.3678,34.0,,,0.3838,22.0
2013-01-18,0.1802,10.0,0.1479,18.0,0.2814,15.0,,,0.2662,7.0,0.3634,40.0,0.2779,51.0,0.3771,37.0,,,0.3957,27.0
2013-01-17,0.1819,10.0,0.1425,16.0,0.2691,11.0,,,0.285,11.0,0.3647,40.0,0.2779,51.0,0.3736,36.0,,,0.4173,35.0
2013-01-16,0.1514,5.0,0.1528,19.0,0.2695,11.0,,,0.2872,12.0,0.3653,40.0,0.2786,52.0,0.3799,38.0,,,0.4201,36.0
2013-01-15,0.1197,2.0,0.158,21.0,0.2895,17.0,,,0.2756,9.0,0.3647,40.0,0.2801,52.0,0.3817,39.0,,,0.4232,37.0
2013-01-14,0.2025,15.0,0.1727,27.0,0.3187,26.0,,,0.268,7.0,0.3658,40.0,0.2816,52.0,0.3457,28.0,,,0.4084,32.0
2013-01-11,0.2292,22.0,0.1939,35.0,0.2639,10.0,,,0.2775,9.0,0.3665,41.0,0.2822,53.0,0.3796,38.0,,,0.4245,38.0
2013-01-10,0.3652,53.0,0.2118,40.0,0.2701,12.0,,,0.2856,11.0,0.3702,41.0,0.2833,53.0,0.3745,37.0,,,0.4222,37.0
2013-01-09,0.4107,61.0,0.2768,56.0,0.2819,15.0,,,0.2854,11.0,0.3709,42.0,0.2852,53.0,0.3595,32.0,,,0.3973,28.0
2013-01-08,0.48,72.0,0.2858,57.0,0.2976,20.0,,,0.2927,13.0,0.3712,42.0,0.2861,53.0,0.4024,45.0,,,0.4254,38.0
2013-01-07,0.4842,72.0,0.3097,64.0,0.2794,14.0,,,0.3055,17.0,0.3744,42.0,0.2917,54.0,0.3932,42.0,,,0.433,40.0
2013-01-04,0.4738,71.0,0.3103,64.0,0.2884,17.0,,,0.2907,13.0,0.3761,42.0,0.2922,54.0,0.4181,49.0,,,0.4062,31.0
2013-01-03,0.4624,69.0,0.3053,63.0,0.3141,25.0,,,0.3326,24.0,0.3769,43.0,0.2917,54.0,0.3867,40.0,,,0.4449,44.0
2013-01-02,0.4677,70.0,0.2974,61.0,0.3297,28.0,,,0.3138,19.0,0.3762,42.0,0.2918,54.0,0.404,45.0,,,0.4353,41.0
2012-12-31,0.3642,52.0,0.2913,60.0,0.3857,43.0,,,0.4281,50.0,0.3731,42.0,0.2925,54.0,0.4245,50.0,,,0.4651,50.0
2012-12-28,0.2486,26.0,0.2282,45.0,0.4373,54.0,,,0.4577,56.0,0.3687,41.0,0.2904,53.0,0.4094,47.0,,,0.4904,55.0
2012-12-27,0.2628,30.0,0.2379,47.0,0.3842,43.0,,,0.4084,45.0,0.3767,43.0,0.2908,54.0,0.4194,49.0,,,0.4642,50.0
2012-12-26,0.2489,26.0,0.1983,36.0,0.3844,43.0,,,0.3957,42.0,0.3764,43.0,0.2907,53.0,0.4475,54.0,,,0.4775,52.0
2012-12-24,0.2679,32.0,0.2176,42.0,0.4252,52.0,,,0.3529,30.0,0.3769,43.0,0.291,54.0,0.4344,52.0,,,0.455,47.0
2012-12-21,0.2905,37.0,0.2291,45.0,0.4819,63.0,,,0.346,28.0,0.3769,43.0,0.2917,54.0,0.4374,52.0,,,0.4626,49.0
2012-12-20,0.2491,26.0,0.2322,46.0,0.3428,33.0,,,0.3248,22.0,0.3788,43.0,0.2918,54.0,0.4427,53.0,,,0.438,42.0
2012-12-19,0.2458,26.0,0.2207,43.0,0.3193,26.0,,,0.3706,35.0,0.3782,43.0,0.2922,54.0,0.3984,44.0,,,0.4674,50.0
2012-12-18,0.2049,15.0,0.2257,44.0,0.3453,33.0,,,0.3299,24.0,0.3927,46.0,0.2983,55.0,0.4435,54.0,,,0.4301,40.0
2012-12-17,0.1817,10.0,0.2083,39.0,0.3648,38.0,,,0.3647,33.0,0.3909,46.0,0.299,55.0,0.4409,53.0,,,0.4437,44.0
2012-12-14,0.189,12.0,0.212,40.0,0.3398,32.0,,,0.3331,24.0,0.3965,48.0,0.3013,56.0,0.4395,53.0,,,0.4569,48.0
2012-12-13,0.2097,17.0,0.2103,40.0,0.3393,32.0,,,0.3607,32.0,0.3954,47.0,0.3014,56.0,0.4229,49.0,,,0.487,54.0
2012-12-12,0.1814,10.0,0.2054,38.0,0.333,30.0,,,0.3615,32.0,0.3975,48.0,0.3017,56.0,0.4168,48.0,,,0.4886,55.0
2012-12-11,0.2939,38.0,0.2725,55.0,0.3601,37.0,,,0.3585,32.0,0.3977,48.0,0.302,56.0,0.4355,52.0,,,0.4805,53.0
2012-12-10,0.2802,35.0,0.2731,55.0,0.3745,40.0,,,0.3865,39.0,0.3994,48.0,0.3034,56.0,0.4412,53.0,,,0.4688,51.0
2012-12-07,0.2661,31.0,0.2686,54.0,0.3663,38.0,,,0.3658,34.0,0.402,48.0,0.3046,56.0,0.4388,53.0,,,0.4824,53.0
2012-12-06,0.2412,25.0,0.2977,62.0,0.3951,46.0,,,0.4012,43.0,0.407,49.0,0.3107,57.0,0.4545,56.0,,,0.4949,56.0
2012-12-05,0.24,24.0,0.298,62.0,0.4003,46.0,,,0.4138,47.0,0.4072,49.0,0.3123,57.0,0.4462,54.0,,,0.4987,57.0
2012-12-04,0.2309,22.0,0.2886,59.0,0.3912,44.0,,,0.4244,49.0,0.4067,49.0,0.3148,57.0,0.4396,53.0,,,0.4926,56.0
2012-12-03,0.2982,39.0,0.2844,57.0,0.3962,46.0,,,0.4075,45.0,0.4119,50.0,0.3152,57.0,0.4264,50.0,,,0.5151,59.0
2012-11-30,0.1924,12.0,0.2108,40.0,0.3553,36.0,,,0.3841,39.0,0.4099,50.0,0.3129,57.0,0.4361,52.0,,,0.4882,55.0
2012-11-29,0.1981,13.0,0.2218,43.0,0.366,38.0,,,0.3776,37.0,0.4099,50.0,0.3147,57.0,0.4431,54.0,,,0.4838,54.0
2012-11-28,0.3848,56.0,0.2411,48.0,0.4023,47.0,,,0.382,38.0,0.4142,51.0,0.3152,57.0,0.4534,56.0,,,0.4885,55.0
2012-11-27,0.3869,57.0,0.2319,46.0,0.3743,40.0,,,0.3789,37.0,0.4149,51.0,0.3156,57.0,0.4296,51.0,,,0.5042,57.0
2012-11-26,0.416,61.0,0.255,51.0,0.3769,41.0,,,0.3726,35.0,0.4209,53.0,0.316,57.0,0.4643,57.0,,,0.4858,54.0
2012-11-23,0.4978,74.0,0.29,59.0,0.3709,39.0,,,0.3718,35.0,0.4253,54.0,0.3166,57.0,0.4654,57.0,,,0.4849,54.0
2012-11-21,0.4733,71.0,0.2958,61.0,0.3751,41.0,,,0.3882,40.0,0.4238,54.0,0.3168,57.0,0.4561,56.0,,,0.5024,57.0
2012-11-20,0.4734,71.0,0.2962,61.0,0.3882,44.0,,,0.3796,37.0,0.424,54.0,0.3185,59.0,0.4601,57.0,,,0.4897,55.0
2012-11-19,0.4736,71.0,0.309,64.0,0.3938,45.0,,,0.39,40.0,0.4251,54.0,0.3235,60.0,0.4743,59.0,,,0.5053,57.0
2012-11-16,0.231,22.0,0.3184,66.0,0.4365,54.0,,,0.4658,59.0,0.4175,52.0,0.3254,60.0,0.4764,60.0,,,0.5135,59.0
2012-11-15,0.2392,24.0,0.3154,65.0,0.4676,60.0,,,0.4914,63.0,0.4293,56.0,0.3293,61.0,0.4901,62.0,,,0.5271,62.0
2012-11-14,0.3349,47.0,0.308,64.0,0.4871,64.0,,,0.465,57.0,0.4292,56.0,0.3303,62.0,0.4903,62.0,,,0.5174,60.0
2012-11-13,0.3253,45.0,0.2762,56.0,0.4325,53.0,,,0.4643,57.0,0.4314,56.0,0.3319,62.0,0.4582,57.0,,,0.5004,57.0
2012-11-12,0.3988,59.0,0.3183,66.0,0.4341,54.0,,,0.4592,57.0,0.433,57.0,0.3352,63.0,0.4639,57.0,,,0.5031,57.0
2012-11-09,0.5562,79.0,0.3502,71.0,0.4556,57.0,,,0.451,55.0,0.4369,57.0,0.3377,65.0,0.4772,60.0,,,0.512,59.0
2012-11-08,0.5565,79.0,0.3389,69.0,0.425,52.0,,,0.467,59.0,0.4389,57.0,0.337,65.0,0.4695,59.0,,,0.516,59.0
2012-11-07,0.5344,78.0,0.3163,65.0,0.4441,56.0,,,0.4802,61.0,0.4373,57.0,0.3364,64.0,0.4568,56.0,,,0.5088,57.0
2012-11-06,0.4592,68.0,0.3187,66.0,0.4582,59.0,,,0.4923,64.0,0.4337,57.0,0.3368,64.0,0.4432,54.0,,,0.4903,55.0
2012-11-05,0.4526,67.0,0.3217,66.0,0.4612,59.0,,,0.4883,63.0,0.433,57.0,0.3388,65.0,0.4677,57.0,,,0.4885,55.0
2012-11-02,0.5743,81.0,0.3243,67.0,0.4205,51.0,,,0.5897,78.0,0.4334,57.0,0.3399,66.0,0.3994,44.0,,,0.542,64.0
2012-11-01,0.5154,76.0,0.2891,59.0,0.4359,54.0,,,0.4097,45.0,0.4284,56.0,0.338,65.0,0.4912,62.0,,,0.4444,44.0
2012-10-31,0.4257,63.0,0.2825,57.0,0.4483,57.0,,,0.4739,60.0,0.4255,55.0,0.3372,65.0,0.4197,49.0,,,0.5253,62.0
2012-10-26,0.4309,64.0,0.2805,57.0,0.4235,51.0,,,0.4496,55.0,0.4272,55.0,0.338,65.0,0.4572,56.0,,,0.4974,57.0
2012-10-25,0.474,71.0,0.2897,59.0,0.4465,56.0,,,0.465,57.0,0.4274,55.0,0.3379,65.0,0.4634,57.0,,,0.505,57.0
2012-10-24,0.5924,82.0,0.3046,63.0,0.4393,55.0,,,0.4694,59.0,0.4278,55.0,0.3377,65.0,0.4672,57.0,,,0.5064,57.0
2012-10-23,0.6006,83.0,0.3022,63.0,0.4365,54.0,,,0.4653,57.0,0.4283,56.0,0.337,65.0,0.4561,56.0,,,0.5063,57.0
2012-10-22,0.4704,70.0,0.3117,64.0,0.3986,46.0,,,0.3898,40.0,0.42,53.0,0.3368,64.0,0.4375,52.0,,,0.4759,52.0
2012-10-19,0.4761,71.0,0.3015,62.0,0.3811,42.0,,,0.4051,44.0,0.4197,53.0,0.3367,64.0,0.4383,53.0,,,0.4617,49.0
2012-10-18,0.392,57.0,0.281,57.0,0.3099,23.0,,,0.3367,25.0,0.421,53.0,0.3358,64.0,0.4259,50.0,,,0.4467,45.0
2012-10-17,0.4169,61.0,0.2893,59.0,0.3383,32.0,,,0.3267,23.0,0.421,53.0,0.3357,64.0,0.4285,51.0,,,0.4475,45.0
2012-10-16,0.4035,59.0,0.2829,57.0,0.3788,41.0,,,0.312,18.0,0.4216,53.0,0.3356,64.0,0.4321,51.0,,,0.4471,45.0
2012-10-15,0.2544,28.0,0.2569,51.0,0.3825,42.0,,,0.3849,39.0,0.4157,51.0,0.3341,63.0,0.4452,54.0,,,0.4578,48.0
2012-10-12,0.2954,39.0,0.2457,49.0,0.3594,37.0,,,0.3838,39.0,0.4151,51.0,0.3343,63.0,0.4414,53.0,,,0.4801,53.0
2012-10-11,0.2718,33.0,0.2283,45.0,0.3416,32.0,,,0.4018,43.0,0.4143,51.0,0.3335,63.0,0.4374,52.0,,,0.4816,53.0
2012-10-10,0.2541,28.0,0.2443,49.0,0.3873,43.0,,,0.4068,45.0,0.4161,51.0,0.3343,63.0,0.4521,55.0,,,0.4813,53.0
2012-10-09,0.2395,24.0,0.2516,50.0,0.3653,38.0,,,0.4201,48.0,0.4152,51.0,0.3347,63.0,0.4421,53.0,,,0.485,54.0
2012-10-08,0.2398,24.0,0.2333,46.0,0.3453,33.0,,,0.3943,41.0,0.416,51.0,0.3342,63.0,0.4539,56.0,,,0.4883,55.0
2012-10-04,0.2868,36.0,0.245,49.0,0.3691,39.0,,,0.3959,42.0,0.4276,55.0,0.3382,65.0,0.4683,59.0,,,0.4807,53.0
2012-10-03,0.3128,42.0,0.2914,60.0,0.4043,47.0,,,0.4474,54.0,0.4296,56.0,0.3403,66.0,0.4616,57.0,,,0.4949,56.0
2012-10-02,0.3172,43.0,0.2878,59.0,0.4056,47.0,,,0.4176,48.0,0.4311,56.0,0.3403,66.0,0.4668,57.0,,,0.4964,56.0
2012-10-01,0.3147,43.0,0.291,60.0,0.4116,49.0,,,0.4259,50.0,0.4309,56.0,0.3409,66.0,0.4643,57.0,,,0.5044,57.0
2012-09-28,0.2923,38.0,0.2903,59.0,0.3773,41.0,,,0.4314,51.0,0.4329,57.0,0.3403,66.0,0.4719,59.0,,,0.491,55.0
2012-09-27,0.3068,41.0,0.2931,60.0,0.386,43.0,,,0.3911,40.0,0.4336,57.0,0.3413,67.0,0.4613,57.0,,,0.4835,54.0
2012-09-26,0.211,17.0,0.2842,57.0,0.3876,44.0,,,0.4201,48.0,0.4341,57.0,0.3426,67.0,0.4701,59.0,,,0.5006,57.0
2012-09-25,0.2447,26.0,0.2854,57.0,0.3601,37.0,,,0.4226,49.0,0.4341,57.0,0.3425,67.0,0.4393,53.0,,,0.5233,61.0
2012-09-24,0.3532,50.0,0.2587,52.0,0.3611,37.0,,,0.3969,42.0,0.4309,56.0,0.3414,67.0,0.4475,54.0,,,0.4924,56.0
2012-09-21,0.5083,75.0,0.3821,75.0,0.346,34.0,,,0.4174,48.0,0.4325,57.0,0.3433,67.0,0.4369,52.0,,,0.5121,59.0
2012-09-20,0.4969,74.0,0.3771,74.0,0.3947,45.0,,,0.3502,28.0,0.4322,57.0,0.3427,67.0,0.4896,62.0,,,0.4825,53.0
2012-09-19,0.4859,72.0,0.3719,74.0,0.367,38.0,,,0.4034,44.0,0.4336,57.0,0.3421,67.0,0.4623,57.0,,,0.488,55.0
2012-09-18,0.4943,73.0,0.378,75.0,0.4461,56.0,,,0.4155,47.0,0.4349,57.0,0.3434,67.0,0.4829,61.0,,,0.5095,57.0
2012-09-17,0.5481,79.0,0.3988,77.0,0.3758,41.0,,,0.4614,57.0,0.4388,57.0,0.344,68.0,0.476,60.0,,,0.5233,61.0
2012-09-14,0.4538,67.0,0.4128,79.0,0.3598,37.0,,,0.3771,36.0,0.4359,57.0,0.3433,67.0,0.4671,57.0,,,0.5053,57.0
2012-09-13,0.4681,70.0,0.3993,77.0,0.3855,43.0,,,0.3798,37.0,0.4333,57.0,0.3427,67.0,0.4752,60.0,,,0.4959,56.0
2012-09-12,0.5053,75.0,0.3055,63.0,0.3975,46.0,,,0.4105,46.0,0.4253,54.0,0.3366,64.0,0.4894,62.0,,,0.5198,60.0
2012-09-11,0.4955,73.0,0.3068,64.0,0.3332,30.0,,,0.4047,44.0,0.4257,55.0,0.336,64.0,0.4598,57.0,,,0.6101,76.0
2012-09-10,0.5363,78.0,0.2988,62.0,0.3353,31.0,,,0.4295,50.0,0.4263,55.0,0.3361,64.0,0.476,60.0,,,0.5351,63.0
2012-09-07,0.527,77.0,0.2919,60.0,0.3606,37.0,,,0.3544,31.0,0.4267,55.0,0.3358,64.0,0.5184,67.0,,,0.5078,57.0
2012-09-06,0.4495,67.0,0.2596,52.0,0.3946,45.0,,,0.3325,24.0,0.4239,54.0,0.3353,63.0,0.5344,71.0,,,0.5282,62.0
2012-09-05,0.2911,38.0,0.2257,44.0,0.4103,49.0,,,0.4471,54.0,0.4172,52.0,0.3342,63.0,0.5589,75.0,,,0.614,76.0
2012-09-04,0.2781,34.0,0.2242,44.0,0.4007,47.0,,,0.4705,59.0,0.4172,52.0,0.335,63.0,0.5373,71.0,,,0.5795,71.0
2012-08-31,0.2812,35.0,0.2189,42.0,0.3579,37.0,,,0.3991,43.0,0.4177,52.0,0.3347,63.0,0.5471,73.0,,,0.5494,66.0
2012-08-30,0.2436,25.0,0.2213,43.0,0.3739,40.0,,,0.417,48.0,0.4165,52.0,0.3343,63.0,0.523,68.0,,,0.6073,75.0
2012-08-29,0.2402,24.0,0.2509,50.0,0.3755,41.0,,,0.4049,44.0,0.421,53.0,0.3346,63.0,0.5242,69.0,,,0.5429,64.0
2012-08-28,0.2413,25.0,0.2492,50.0,0.3424,33.0,,,0.3962,42.0,0.4248,54.0,0.3363,64.0,0.4939,63.0,,,0.5548,67.0
2012-08-27,0.2425,25.0,0.2481,50.0,0.3614,37.0,,,0.4009,43.0,0.4252,54.0,0.3371,65.0,0.4826,61.0,,,0.5493,66.0
2012-08-24,0.2903,37.0,0.2599,52.0,0.3376,32.0,,,0.387,40.0,0.4251,54.0,0.3368,64.0,0.4987,64.0,,,0.5398,64.0
2012-08-23,0.289,37.0,0.2615,53.0,0.3431,33.0,,,0.4123,46.0,0.4282,55.0,0.3394,66.0,0.4746,60.0,,,0.5495,66.0
2012-08-22,0.2005,14.0,0.2602,52.0,0.3511,35.0,,,0.3427,27.0,0.426,55.0,0.3387,65.0,0.4972,63.0,,,0.5183,60.0
2012-08-21,0.2191,20.0,0.2542,51.0,0.3485,34.0,,,0.3588,32.0,0.4254,55.0,0.3385,65.0,0.4585,57.0,,,0.5445,65.0
2012-08-20,0.2193,20.0,0.2363,47.0,0.3261,28.0,,,0.3451,28.0,0.4254,55.0,0.3375,65.0,0.4901,62.0,,,0.5236,61.0
2012-08-17,0.2306,22.0,0.254,51.0,0.3294,28.0,,,0.3524,30.0,0.4255,55.0,0.338,65.0,0.4298,51.0,,,0.5251,61.0
2012-08-16,0.2281,22.0,0.2667,54.0,0.385,43.0,,,0.3764,36.0,0.4257,55.0,0.3383,65.0,0.4583,57.0,,,0.4432,44.0
2012-08-15,0.2153,18.0,0.254,51.0,0.4257,52.0,,,0.3889,40.0,0.424,54.0,0.3379,65.0,0.4672,57.0,,,0.4976,57.0
2012-08-14,0.2538,28.0,0.2661,54.0,0.3867,43.0,,,0.4031,44.0,0.4238,54.0,0.3379,65.0,0.4524,55.0,,,0.5518,66.0
2012-08-13,0.2943,38.0,0.2652,53.0,0.4179,50.0,,,0.3957,42.0,0.4272,55.0,0.3395,66.0,0.4448,54.0,,,0.5158,59.0
2012-08-10,0.3367,48.0,0.2825,57.0,0.3381,32.0,,,0.3926,41.0,0.4268,55.0,0.3391,66.0,0.4671,57.0,,,0.5083,57.0
2012-08-09,0.3483,49.0,0.2839,57.0,0.2942,19.0,,,0.4034,44.0,0.4287,56.0,0.3402,66.0,0.4564,56.0,,,0.4996,57.0
2012-08-08,0.3647,53.0,0.2674,54.0,0.3648,38.0,,,0.4152,47.0,0.4284,56.0,0.3395,66.0,0.461,57.0,,,0.5146,59.0
2012-08-07,0.3666,53.0,0.2646,53.0,0.3509,35.0,,,0.4326,51.0,0.4317,57.0,0.3392,66.0,0.4401,53.0,,,0.4645,50.0
2012-08-06,0.426,63.0,0.3032,63.0,0.3282,28.0,,,0.4056,44.0,0.4302,56.0,0.3392,66.0,0.4909,62.0,,,0.5434,65.0
2012-08-03,0.4159,61.0,0.3128,65.0,0.3643,38.0,,,0.3903,40.0,0.4284,56.0,0.339,66.0,0.502,64.0,,,0.5133,59.0
2012-08-02,0.3534,50.0,0.3103,64.0,0.4356,54.0,,,0.4297,50.0,0.4237,54.0,0.3388,65.0,0.4581,57.0,,,0.6417,80.0
2012-08-01,0.3925,57.0,0.337,69.0,0.4196,50.0,,,0.4566,56.0,0.4226,54.0,0.3375,65.0,0.6187,83.0,,,0.5769,70.0
2012-07-31,0.4402,65.0,0.3377,69.0,0.4582,59.0,,,0.4588,57.0,0.4256,55.0,0.3373,65.0,0.5029,65.0,,,0.5732,70.0
2012-07-30,0.455,68.0,0.3374,69.0,0.4454,56.0,,,0.4581,56.0,0.4255,55.0,0.3377,65.0,0.5163,67.0,,,0.4881,55.0
2012-07-27,0.4831,72.0,0.3406,69.0,0.4143,49.0,,,0.4576,56.0,0.4276,55.0,0.3378,65.0,0.5613,75.0,,,0.5191,60.0
2012-07-26,0.3728,54.0,0.3197,66.0,0.4537,57.0,,,0.4782,61.0,0.4221,53.0,0.3378,65.0,0.5347,71.0,,,0.6112,76.0
2012-07-25,0.3894,57.0,0.3205,66.0,0.4685,61.0,,,0.5392,72.0,0.4214,53.0,0.3378,65.0,0.5484,73.0,,,0.5884,73.0
2012-07-24,0.3928,57.0,0.3163,65.0,0.4873,64.0,,,0.5615,75.0,0.4223,54.0,0.3379,65.0,0.5501,74.0,,,0.605,75.0
2012-07-23,0.4214,62.0,0.2807,57.0,0.4387,55.0,,,0.4598,57.0,0.4197,53.0,0.3377,65.0,0.5652,76.0,,,0.6089,76.0
2012-07-20,0.3737,54.0,0.3091,64.0,0.4054,47.0,,,0.4417,53.0,0.4211,53.0,0.3413,67.0,0.5119,66.0,,,0.4939,56.0
2012-07-19,0.3448,49.0,0.32,66.0,0.4644,60.0,,,0.4392,53.0,0.4202,53.0,0.3422,67.0,0.5092,65.0,,,0.4392,43.0
2012-07-18,0.4043,59.0,0.3942,77.0,0.4185,50.0,,,0.4162,47.0,0.4187,52.0,0.342,67.0,0.5151,67.0,,,0.5283,62.0
2012-07-17,0.4189,62.0,0.3842,75.0,0.4779,62.0,,,0.3905,40.0,0.4184,52.0,0.3409,66.0,0.5169,67.0,,,0.5229,61.0
2012-07-16,0.3932,57.0,0.3639,72.0,0.459,59.0,,,0.4873,63.0,0.4171,52.0,0.3398,66.0,0.5263,69.0,,,0.5477,65.0
2012-07-13,0.3989,59.0,0.3676,73.0,0.4183,50.0,,,0.3968,42.0,0.4191,53.0,0.3409,66.0,0.5289,70.0,,,0.546,65.0
2012-07-12,0.3919,57.0,0.3722,74.0,0.4273,53.0,,,0.4885,63.0,0.415,51.0,0.3409,66.0,0.5406,72.0,,,0.5766,70.0
2012-07-11,0.3906,57.0,0.3602,72.0,0.5,67.0,,,0.4521,55.0,0.4156,51.0,0.3397,66.0,0.5554,74.0,,,0.5514,66.0
2012-07-10,0.5782,81.0,0.3604,72.0,0.5124,68.0,,,0.4738,60.0,0.4186,52.0,0.3404,66.0,0.4558,56.0,,,0.6826,86.0
2012-07-09,0.5271,77.0,0.2924,60.0,0.4284,53.0,,,0.4708,60.0,0.417,52.0,0.3365,64.0,0.5303,70.0,,,0.5523,66.0
2012-07-06,0.4851,72.0,0.2909,60.0,0.4341,54.0,,,0.4159,47.0,0.4203,53.0,0.3363,64.0,0.5392,72.0,,,0.5871,72.0
2012-07-05,0.4045,60.0,0.304,63.0,0.3874,44.0,,,0.4263,50.0,0.4183,52.0,0.3364,64.0,0.5056,65.0,,,0.5384,64.0
2012-07-03,0.4886,73.0,0.2977,62.0,0.4243,52.0,,,0.4157,47.0,0.4184,52.0,0.3362,64.0,0.519,68.0,,,0.5168,60.0
2012-07-02,0.4502,67.0,0.2862,57.0,0.4376,54.0,,,0.4324,51.0,0.4146,51.0,0.3362,64.0,0.5353,71.0,,,0.5211,60.0
2012-06-29,0.6655,87.0,0.3665,73.0,0.4437,56.0,,,0.4338,51.0,0.4148,51.0,0.3361,64.0,0.5497,73.0,,,0.5356,63.0
2012-06-28,0.4981,74.0,0.3771,74.0,0.4981,66.0,,,0.5134,67.0,0.4181,52.0,0.3364,64.0,0.5522,74.0,,,0.5797,71.0
2012-06-27,0.6133,84.0,0.388,76.0,0.5248,71.0,,,0.5402,72.0,0.4181,52.0,0.3352,63.0,0.6945,92.0,,,0.6036,75.0
2012-06-26,0.5985,83.0,0.3957,77.0,0.4934,65.0,,,0.5483,73.0,0.4183,52.0,0.3354,64.0,0.6695,90.0,,,0.5793,71.0
2012-06-25,0.6422,85.0,0.3976,77.0,0.5381,73.0,,,0.5555,74.0,0.424,54.0,0.3377,65.0,0.5329,70.0,,,0.5817,71.0
2012-06-22,0.6124,83.0,0.4016,78.0,0.4849,64.0,,,0.5107,67.0,0.4219,53.0,0.3375,65.0,0.6858,91.0,,,0.6178,77.0
2012-06-21,0.6402,85.0,0.4077,78.0,0.4903,65.0,,,0.5467,73.0,0.4223,54.0,0.3369,64.0,0.6833,91.0,,,0.6501,82.0
2012-06-20,0.4187,62.0,0.3435,70.0,0.4679,60.0,,,0.4642,57.0,0.4104,50.0,0.3321,62.0,0.5458,73.0,,,0.5425,64.0
2012-06-19,0.5545,79.0,0.412,79.0,0.4265,52.0,,,0.4627,57.0,0.4104,50.0,0.3319,62.0,0.5528,74.0,,,0.5608,68.0
2012-06-18,0.4829,72.0,0.4062,78.0,0.4804,63.0,,,0.4876,63.0,0.4235,54.0,0.3327,63.0,0.5829,79.0,,,0.6163,77.0
2012-06-15,0.4821,72.0,0.4357,81.0,0.5718,77.0,,,0.5552,74.0,0.4289,56.0,0.3358,64.0,0.5997,81.0,,,0.6067,75.0
2012-06-14,0.5262,77.0,0.4356,81.0,0.6055,81.0,,,0.4536,56.0,0.4274,55.0,0.3367,64.0,0.6321,85.0,,,0.6315,79.0
2012-06-13,0.5318,77.0,0.4397,81.0,0.5934,79.0,,,0.5808,77.0,0.4273,55.0,0.3379,65.0,0.6211,84.0,,,0.6515,82.0
2012-06-12,0.4821,72.0,0.446,82.0,0.5713,77.0,,,0.5836,77.0,0.4276,55.0,0.3384,65.0,0.6063,82.0,,,0.6153,77.0
2012-06-11,0.5232,76.0,0.4346,81.0,0.5626,75.0,,,0.6752,86.0,0.4278,55.0,0.3454,68.0,0.5821,79.0,,,0.6416,80.0
2012-06-08,0.4412,66.0,0.3778,75.0,0.497,66.0,,,0.4911,63.0,0.4292,56.0,0.3414,67.0,0.6022,81.0,,,0.6037,75.0
2012-06-07,0.5334,77.0,0.3602,72.0,0.5199,70.0,,,0.5352,71.0,0.431,56.0,0.3437,67.0,0.5648,76.0,,,0.6262,78.0
2012-06-06,0.6122,83.0,0.3223,67.0,0.5421,73.0,,,0.4893,63.0,0.4405,57.0,0.3438,67.0,0.6306,85.0,,,0.6249,78.0
2012-06-05,0.5175,76.0,0.3146,65.0,0.6238,82.0,,,0.6138,80.0,0.4351,57.0,0.3438,67.0,0.6488,87.0,,,0.673,84.0
2012-06-04,0.5016,74.0,0.3272,67.0,0.6798,87.0,,,0.6527,85.0,0.4344,57.0,0.3452,68.0,0.6726,90.0,,,0.6726,84.0
2012-06-01,0.5362,78.0,0.3858,76.0,0.6703,87.0,,,0.7229,89.0,0.4358,57.0,0.3451,68.0,0.6673,89.0,,,0.6826,86.0
2012-05-31,0.4879,73.0,0.4164,79.0,0.5731,77.0,,,0.6381,83.0,0.4321,57.0,0.3464,68.0,0.6455,87.0,,,0.6611,83.0
2012-05-30,0.6385,85.0,0.459,83.0,0.5739,77.0,,,0.6252,82.0,0.4317,57.0,0.3464,68.0,0.6333,85.0,,,0.6522,82.0
2012-05-29,0.5382,78.0,0.4782,85.0,0.5149,69.0,,,0.5062,66.0,0.4749,62.0,0.3501,69.0,0.6246,84.0,,,0.6164,77.0
2012-05-25,0.5991,83.0,0.5101,87.0,0.5697,76.0,,,0.5938,78.0,0.4709,61.0,0.3502,69.0,0.6295,85.0,,,0.6434,81.0
2012-05-24,0.6198,84.0,0.5478,89.0,0.596,79.0,,,0.5661,75.0,0.4869,63.0,0.351,69.0,0.6531,88.0,,,0.6298,79.0
2012-05-23,0.6554,86.0,0.5573,90.0,0.57,76.0,,,0.5988,79.0,0.487,63.0,0.3503,69.0,0.6395,86.0,,,0.6328,79.0
2012-05-22,0.6257,84.0,0.503,87.0,0.5716,77.0,,,0.6222,81.0,0.4948,64.0,0.347,68.0,0.6378,86.0,,,0.6901,87.0
2012-05-21,0.6265,84.0,0.4796,85.0,0.5633,76.0,,,0.5621,75.0,0.4944,64.0,0.346,68.0,0.669,90.0,,,0.6075,75.0
2012-05-18,0.2379,24.0,0.4328,81.0,0.6611,86.0,,,0.7262,89.0,0.4872,63.0,0.3423,67.0,0.6104,82.0,,,0.7176,91.0
2012-05-17,0.2619,30.0,0.4428,82.0,0.6521,85.0,,,1.1536,99.0,0.4865,63.0,0.342,67.0,0.5992,81.0,,,0.6805,86.0
2012-05-16,0.2076,16.0,0.4131,79.0,0.6194,82.0,,,0.7955,92.0,0.4905,64.0,0.3449,68.0,0.5902,80.0,,,0.678,85.0
2012-05-15,0.2264,21.0,0.3668,73.0,0.6369,84.0,,,0.7096,89.0,0.4935,64.0,0.3431,67.0,0.534,71.0,,,0.641,80.0
2012-05-14,0.2093,16.0,0.3411,69.0,0.5992,80.0,,,0.6286,82.0,0.4901,64.0,0.3425,67.0,0.537,71.0,,,0.5882,73.0
2012-05-11,0.2052,15.0,0.3554,71.0,0.4928,65.0,,,0.5604,75.0,0.4891,64.0,0.3437,67.0,0.516,67.0,,,0.5812,71.0
2012-05-10,0.2028,15.0,0.3439,70.0,0.5565,74.0,,,0.6393,83.0,0.4936,64.0,0.3439,68.0,0.5117,66.0,,,0.5982,74.0
2012-05-09,0.2639,31.0,0.3346,68.0,0.5389,73.0,,,0.5726,76.0,0.4939,64.0,0.3453,68.0,0.5336,71.0,,,0.5602,68.0
2012-05-08,0.2611,30.0,0.2855,57.0,0.4704,61.0,,,0.4287,50.0,0.5136,66.0,0.3457,68.0,0.5508,74.0,,,0.5519,66.0
2012-05-07,0.2762,34.0,0.2615,53.0,0.4773,62.0,,,0.5121,67.0,0.5138,66.0,0.3463,68.0,0.528,69.0,,,0.5574,67.0
2012-05-04,0.2832,36.0,0.2595,52.0,0.4866,64.0,,,0.5116,67.0,0.5141,66.0,0.3478,68.0,0.4442,54.0,,,0.5849,72.0
2012-05-03,0.3899,57.0,0.2509,50.0,0.4552,57.0,,,0.4868,62.0,0.5113,66.0,0.3497,68.0,0.4955,63.0,,,0.5405,64.0
2012-05-02,0.3335,47.0,0.2273,44.0,0.4278,53.0,,,0.4252,49.0,0.5142,66.0,0.3528,69.0,0.5109,66.0,,,0.4947,56.0
2012-05-01,0.3803,55.0,0.2384,47.0,0.4059,48.0,,,0.4205,48.0,0.5194,67.0,0.3553,69.0,0.4462,54.0,,,0.48,53.0
2012-04-30,0.3763,55.0,0.2251,44.0,0.4241,52.0,,,0.4367,52.0,0.5254,67.0,0.3608,70.0,0.51,66.0,,,0.4853,54.0
2012-04-27,0.3592,51.0,0.243,48.0,0.392,45.0,,,0.4191,48.0,0.5406,69.0,0.3633,70.0,0.5006,64.0,,,0.4936,56.0
2012-04-26,0.3649,53.0,0.2401,48.0,0.4273,53.0,,,0.4112,46.0,0.5495,71.0,0.3668,70.0,0.565,76.0,,,0.4876,55.0
2012-04-25,0.4115,61.0,0.2508,50.0,0.4444,56.0,,,0.4202,48.0,0.5628,73.0,0.3741,71.0,0.5181,67.0,,,0.4699,51.0
2012-04-24,0.2867,36.0,0.2563,51.0,0.4747,62.0,,,0.4699,59.0,0.5622,73.0,0.3789,71.0,0.5196,68.0,,,0.5819,71.0
2012-04-23,0.3144,43.0,0.257,52.0,0.4662,60.0,,,0.4521,55.0,0.5677,73.0,0.3813,71.0,0.5332,71.0,,,0.4118,33.0
2012-04-20,0.4877,73.0,0.3354,69.0,0.4347,54.0,,,0.4636,57.0,0.5736,74.0,0.3838,71.0,0.5105,66.0,,,0.5237,61.0
2012-04-19,0.4779,72.0,0.3385,69.0,0.4702,61.0,,,0.4745,60.0,0.5798,74.0,0.3846,71.0,0.534,71.0,,,0.5206,60.0
2012-04-18,0.5684,80.0,0.3627,72.0,0.4452,56.0,,,0.4391,53.0,0.5801,74.0,0.3869,72.0,0.5302,70.0,,,0.5306,63.0
2012-04-17,0.5994,83.0,0.3654,73.0,0.41,48.0,,,0.4453,54.0,0.5878,75.0,0.3915,73.0,0.5003,64.0,,,0.5196,60.0
2012-04-16,0.5708,80.0,0.3715,73.0,0.4683,60.0,,,0.5207,69.0,0.5903,75.0,0.4016,74.0,0.5368,71.0,,,0.5555,67.0
2012-04-13,0.5919,82.0,0.3624,72.0,0.424,52.0,,,0.4477,55.0,0.5989,76.0,0.4045,75.0,0.522,68.0,,,0.5628,68.0
2012-04-12,0.5915,82.0,0.3733,74.0,0.4319,53.0,,,0.465,57.0,0.6035,76.0,0.4057,75.0,0.5606,75.0,,,0.5201,60.0
2012-04-11,0.3972,59.0,0.3293,68.0,0.4937,65.0,,,0.5142,67.0,0.5964,76.0,0.4042,75.0,0.5316,70.0,,,0.5696,69.0
2012-04-10,0.3782,55.0,0.3341,68.0,0.4937,65.0,,,0.5744,76.0,0.5971,76.0,0.4054,75.0,0.5024,64.0,,,0.593,73.0
2012-04-09,0.3438,49.0,0.3146,65.0,0.4532,57.0,,,0.4899,63.0,0.5942,76.0,0.4058,75.0,0.5033,65.0,,,0.5509,66.0
2012-04-05,0.3539,51.0,0.3452,70.0,0.4034,47.0,,,0.48,61.0,0.6065,76.0,0.4078,75.0,0.4538,56.0,,,0.5732,70.0
2012-04-04,0.3518,50.0,0.3273,67.0,0.4327,53.0,,,0.4248,49.0,0.6088,77.0,0.4131,76.0,0.539,72.0,,,0.5559,67.0
2012-04-03,0.3566,51.0,0.3243,67.0,0.4193,50.0,,,0.3852,39.0,0.6097,77.0,0.4172,76.0,0.5304,70.0,,,0.5156,59.0
2012-04-02,0.3396,48.0,0.3332,68.0,0.3833,42.0,,,0.3929,41.0,0.6219,78.0,0.4278,77.0,0.5148,67.0,,,0.5225,61.0
2012-03-30,0.4119,61.0,0.3138,65.0,0.3942,45.0,,,0.4057,45.0,0.6295,79.0,0.4441,78.0,0.5241,69.0,,,0.5356,63.0
2012-03-29,0.407,60.0,0.3027,63.0,0.3997,46.0,,,0.4248,49.0,0.6376,79.0,0.4513,79.0,0.5206,68.0,,,0.5212,61.0
2012-03-28,0.4077,60.0,0.2865,57.0,0.4183,50.0,,,0.4233,49.0,0.6476,80.0,0.4529,79.0,0.5107,66.0,,,0.5334,63.0
2012-03-27,0.3743,54.0,0.2558,51.0,0.3449,33.0,,,0.3862,39.0,0.6458,80.0,0.4583,79.0,0.4809,61.0,,,0.5538,66.0
2012-03-26,0.3787,55.0,0.2469,49.0,0.3738,40.0,,,0.3861,39.0,0.6614,81.0,0.4666,80.0,0.5136,66.0,,,0.5362,63.0
2012-03-23,0.3623,52.0,0.2569,51.0,0.389,44.0,,,0.4139,47.0,0.6633,81.0,0.4705,80.0,0.6348,85.0,,,0.5723,70.0
2012-03-22,0.3275,46.0,0.2284,45.0,0.4193,50.0,,,0.4156,47.0,0.6687,82.0,0.4774,81.0,0.5396,72.0,,,0.5327,63.0
2012-03-21,0.316,43.0,0.2319,46.0,0.3766,41.0,,,0.3844,39.0,0.6658,82.0,0.4799,81.0,0.5751,78.0,,,0.5057,57.0
2012-03-20,0.3541,51.0,0.2478,49.0,0.3592,37.0,,,0.3815,38.0,0.6886,83.0,0.4841,81.0,0.5712,77.0,,,0.5563,67.0
2012-03-19,0.3266,45.0,0.2597,52.0,0.3523,35.0,,,0.3867,39.0,0.7042,84.0,0.4894,82.0,0.5487,73.0,,,0.4939,56.0
2012-03-16,0.3585,51.0,0.2652,53.0,0.429,53.0,,,0.418,48.0,0.7059,84.0,0.4913,82.0,0.525,69.0,,,0.5467,65.0
2012-03-15,0.3584,51.0,0.272,55.0,0.3846,43.0,,,0.4366,52.0,0.7076,84.0,0.4923,82.0,0.5787,78.0,,,0.5161,59.0
2012-03-14,0.4907,73.0,0.2684,54.0,0.4629,59.0,,,0.3678,34.0,0.7072,84.0,0.4928,82.0,0.5244,69.0,,,0.5959,74.0
2012-03-13,0.5499,79.0,0.3015,62.0,0.4443,56.0,,,0.426,50.0,0.7083,84.0,0.4935,82.0,0.5829,79.0,,,0.5449,65.0
2012-03-12,0.4543,68.0,0.2977,62.0,0.4321,53.0,,,0.4888,63.0,0.7066,84.0,0.4976,82.0,0.5643,76.0,,,0.6418,80.0
2012-03-09,0.4724,71.0,0.2852,57.0,0.4135,49.0,,,0.3924,41.0,0.7071,84.0,0.499,82.0,0.5469,73.0,,,0.5878,73.0
2012-03-08,0.4971,74.0,0.3215,66.0,0.4886,64.0,,,0.4936,64.0,0.7078,84.0,0.5015,83.0,0.587,80.0,,,0.5709,69.0
2012-03-07,0.4153,61.0,0.3096,64.0,0.5393,73.0,,,0.5493,73.0,0.7115,84.0,0.5029,83.0,0.5995,81.0,,,0.6012,74.0
2012-03-06,0.3929,57.0,0.3164,65.0,0.5849,78.0,,,0.5584,74.0,0.7125,84.0,0.5039,83.0,0.6029,82.0,,,0.617,77.0
2012-03-05,0.3375,48.0,0.3119,65.0,0.4963,66.0,,,0.5587,74.0,0.7149,85.0,0.5045,83.0,0.5417,72.0,,,0.5877,72.0
2012-03-02,0.2763,34.0,0.2864,57.0,0.4252,52.0,,,0.5015,65.0,0.7128,84.0,0.505,83.0,0.5265,69.0,,,0.5736,70.0
2012-03-01,0.2673,32.0,0.2765,56.0,0.4548,57.0,,,0.4122,46.0,0.7154,85.0,0.5051,83.0,0.5365,71.0,,,0.5662,68.0
2012-02-29,0.2526,27.0,0.2845,57.0,0.4495,57.0,,,0.5803,77.0,0.7167,85.0,0.5067,84.0,0.5361,71.0,,,0.5949,74.0
2012-02-28,0.1021,1.0,0.2222,43.0,0.4428,55.0,,,0.4416,53.0,0.7146,85.0,0.5068,84.0,0.5377,71.0,,,0.5732,70.0
2012-02-27,0.2443,25.0,0.2784,56.0,0.4404,55.0,,,0.47,59.0,0.715,85.0,0.5082,84.0,0.5629,76.0,,,0.5718,69.0
2012-02-24,0.2511,27.0,0.2681,54.0,0.4395,55.0,,,0.474,60.0,0.7231,85.0,0.5097,84.0,0.6292,85.0,,,0.6565,82.0
2012-02-23,0.3268,46.0,0.2972,61.0,0.4435,55.0,,,0.449,55.0,0.7262,85.0,0.5167,85.0,0.5651,76.0,,,0.5871,72.0
2012-02-22,0.3267,45.0,0.2885,59.0,0.4654,60.0,,,0.4917,64.0,0.7267,85.0,0.5179,85.0,0.4774,60.0,,,0.6105,76.0
2012-02-21,0.4083,60.0,0.2855,57.0,0.4321,53.0,,,0.4548,56.0,0.7274,85.0,0.5194,85.0,0.5754,78.0,,,0.618,77.0
2012-02-17,0.4019,59.0,0.2825,57.0,0.473,62.0,,,0.4779,61.0,0.7336,85.0,0.5226,85.0,0.5429,72.0,,,0.6297,79.0
2012-02-16,0.403,59.0,0.2911,60.0,0.5018,67.0,,,0.5213,69.0,0.7336,85.0,0.5256,85.0,0.5766,78.0,,,0.5366,63.0
2012-02-15,0.2801,35.0,0.2493,50.0,0.5207,70.0,,,0.5113,67.0,0.734,85.0,0.528,86.0,0.5485,73.0,,,0.7035,89.0
2012-02-14,0.2799,35.0,0.2446,49.0,0.5076,68.0,,,0.479,61.0,0.7514,86.0,0.5315,86.0,0.5549,74.0,,,0.6025,75.0
2012-02-13,0.3445,49.0,0.2145,41.0,0.4462,56.0,,,0.541,72.0,0.75,86.0,0.5321,86.0,0.5255,69.0,,,0.5794,71.0
2012-02-10,0.3394,48.0,0.2231,43.0,0.4802,63.0,,,0.4646,57.0,0.7521,86.0,0.5334,86.0,1.0743,100.0,,,0.5471,65.0
2012-02-09,0.2635,31.0,0.2304,45.0,0.392,45.0,,,0.4119,46.0,0.7516,86.0,0.5339,86.0,0.5052,65.0,,,0.5272,62.0
2012-02-08,0.2796,35.0,0.2745,55.0,0.4559,57.0,,,0.4635,57.0,0.7518,86.0,0.5345,86.0,0.4813,61.0,,,0.4189,36.0
2012-02-07,0.29,37.0,0.288,59.0,0.4191,50.0,,,0.4597,57.0,0.7684,86.0,0.5463,86.0,0.5025,64.0,,,0.4708,51.0
2012-02-06,0.2775,34.0,0.2909,60.0,0.404,47.0,,,0.4176,48.0,0.7735,86.0,0.55,87.0,0.5251,69.0,,,0.5576,67.0
2012-02-03,0.2826,35.0,0.34,69.0,0.45,57.0,,,0.4122,46.0,0.7966,86.0,0.5643,87.0,0.7091,94.0,,,0.6589,83.0
2012-02-02,0.2953,39.0,0.4021,78.0,0.4171,50.0,,,0.4385,53.0,0.8254,87.0,0.5735,89.0,0.5012,64.0,,,0.4936,56.0
2012-02-01,0.2947,38.0,0.4092,79.0,0.4392,55.0,,,0.456,56.0,0.8262,87.0,0.5843,90.0,0.5131,66.0,,,0.579,71.0
2012-01-31,0.2621,30.0,0.408,78.0,0.4595,59.0,,,0.4889,63.0,0.8528,88.0,0.5917,91.0,0.5471,73.0,,,0.5262,62.0
2012-01-30,0.2575,28.0,0.3737,74.0,0.478,63.0,,,0.4642,57.0,0.8527,88.0,0.5931,91.0,0.5704,77.0,,,0.527,62.0
2012-01-27,0.2435,25.0,0.3565,72.0,0.4644,60.0,,,0.4625,57.0,0.8577,88.0,0.5953,92.0,0.4675,57.0,,,0.516,59.0
2012-01-26,0.2769,34.0,0.3694,73.0,0.4838,63.0,,,0.4801,61.0,0.8575,88.0,0.5975,92.0,0.662,89.0,,,0.5437,65.0
2012-01-25,0.2557,28.0,0.3431,70.0,0.4334,54.0,,,0.449,55.0,0.8577,88.0,0.5969,92.0,0.6007,81.0,,,0.6649,84.0
2012-01-24,0.249,26.0,0.2771,56.0,0.4692,61.0,,,0.4513,55.0,0.8562,88.0,0.5952,92.0,0.632,85.0,,,0.6816,86.0
2012-01-23,0.3155,43.0,0.2842,57.0,0.4666,60.0,,,0.5269,70.0,0.8589,88.0,0.5962,92.0,0.5437,73.0,,,0.6987,88.0
2012-01-20,0.3219,44.0,0.3005,62.0,0.4973,66.0,,,0.5112,67.0,0.8593,88.0,0.5962,92.0,0.5732,78.0,,,0.6095,76.0
2012-01-19,0.356,51.0,0.3038,63.0,0.5527,74.0,,,0.522,69.0,0.8594,88.0,0.5965,92.0,0.5797,79.0,,,0.6331,79.0
2012-01-18,0.3672,53.0,0.3031,63.0,0.4857,64.0,,,0.5347,71.0,0.8594,88.0,0.5965,92.0,0.645,87.0,,,0.5899,73.0
2012-01-17,0.3713,54.0,0.2804,57.0,0.4898,65.0,,,0.5753,76.0,0.8593,88.0,0.5961,92.0,0.55,74.0,,,0.5825,71.0
2012-01-13,0.3845,56.0,0.2877,59.0,0.4221,51.0,,,0.4031,44.0,0.8593,88.0,0.5955,92.0,0.5917,80.0,,,0.6304,79.0
2012-01-12,0.3178,44.0,0.294,60.0,0.5161,69.0,,,0.5293,70.0,0.8599,88.0,0.5951,92.0,0.5843,79.0,,,0.5862,72.0
2012-01-11,0.4664,69.0,0.2872,59.0,0.4841,64.0,,,0.4563,56.0,0.8588,88.0,0.595,91.0,0.6361,86.0,,,0.6397,80.0
2012-01-10,0.4773,71.0,0.2629,53.0,0.4774,62.0,,,0.4836,62.0,0.8591,88.0,0.5945,91.0,0.5826,79.0,,,0.6284,78.0
2012-01-09,0.4422,66.0,0.2723,55.0,0.4965,66.0,,,0.5059,66.0,0.8574,88.0,0.5956,92.0,0.6472,87.0,,,0.7219,91.0
2012-01-06,0.5769,81.0,0.3286,68.0,0.5216,70.0,,,0.5195,68.0,0.8581,88.0,0.5962,92.0,0.6353,86.0,,,0.7318,92.0
2012-01-05,0.5748,81.0,0.3238,67.0,0.5071,68.0,,,0.4998,65.0,0.8581,88.0,0.5962,92.0,0.6642,89.0,,,0.6866,87.0
2012-01-04,0.5685,80.0,0.2987,62.0,0.5351,72.0,,,0.5347,71.0,0.861,88.0,0.5959,92.0,0.6515,87.0,,,0.6874,87.0
2012-01-03,0.5752,81.0,0.2953,61.0,0.6108,81.0,,,0.5341,71.0,0.861,88.0,0.5956,92.0,0.634,85.0,,,0.6783,85.0
2011-12-30,0.3924,57.0,0.2973,61.0,0.5826,78.0,,,0.6054,79.0,0.8561,88.0,0.5953,92.0,0.6629,89.0,,,0.721,91.0
2011-12-29,0.6467,85.0,0.3489,70.0,0.5628,76.0,,,0.5758,76.0,0.8561,88.0,0.5956,92.0,0.6593,88.0,,,0.719,91.0
2011-12-28,0.7399,90.0,0.4017,78.0,0.5977,80.0,,,0.6621,85.0,0.8555,88.0,0.5954,92.0,0.6682,90.0,,,0.7611,94.0
2011-12-27,0.6381,85.0,0.3821,75.0,0.5233,70.0,,,0.5846,78.0,0.8534,88.0,0.5944,91.0,0.6111,82.0,,,0.6814,86.0
2011-12-23,0.6266,84.0,0.4067,78.0,0.5378,72.0,,,0.4815,61.0,0.8539,88.0,0.5948,91.0,0.6472,87.0,,,0.6701,84.0
2011-12-22,0.6865,87.0,0.4296,80.0,0.5596,75.0,,,0.5195,68.0,0.8546,88.0,0.5955,92.0,0.638,86.0,,,0.664,83.0
2011-12-21,0.7347,89.0,0.5263,88.0,0.5681,76.0,,,0.5411,72.0,0.8556,88.0,0.5957,92.0,0.6517,87.0,,,0.728,92.0
2011-12-20,0.7985,92.0,0.5317,88.0,0.5789,77.0,,,0.5923,78.0,0.8556,88.0,0.5958,92.0,0.6643,89.0,,,0.7339,92.0
2011-12-19,0.5407,78.0,0.5443,89.0,0.6394,84.0,,,0.7549,91.0,0.8462,88.0,0.5948,91.0,0.7134,94.0,,,0.8096,96.0
2011-12-16,0.5901,82.0,0.5343,89.0,0.6278,83.0,,,0.6668,86.0,0.8437,87.0,0.5944,91.0,0.8359,98.0,,,0.8241,97.0
2011-12-15,0.5418,78.0,0.5249,88.0,0.6738,87.0,,,0.7106,89.0,0.8432,87.0,0.5939,91.0,0.7964,97.0,,,0.7953,96.0
2011-12-14,0.5389,78.0,0.5305,88.0,0.7265,91.0,,,0.8738,95.0,0.8482,88.0,0.5943,91.0,0.7878,97.0,,,0.7965,96.0
2011-12-13,0.5946,82.0,0.5291,88.0,0.7382,91.0,,,0.7215,89.0,0.8475,88.0,0.5939,91.0,0.7076,93.0,,,0.7778,95.0
2011-12-12,0.569,80.0,0.4495,82.0,0.7271,91.0,,,0.6937,88.0,0.8457,88.0,0.5896,91.0,0.7277,95.0,,,0.7832,96.0
2011-12-09,0.4895,73.0,0.4524,83.0,0.6403,84.0,,,0.6592,85.0,0.8431,87.0,0.5907,91.0,0.7794,97.0,,,0.7582,94.0
2011-12-08,1.0328,96.0,0.4572,83.0,0.7857,93.0,,,0.7819,92.0,0.8443,87.0,0.5895,91.0,0.6729,90.0,,,0.7782,95.0
2011-12-07,0.8932,94.0,0.427,80.0,0.6614,86.0,,,0.6833,87.0,0.8417,87.0,0.5882,91.0,0.779,97.0,,,0.7776,95.0
2011-12-06,0.9505,95.0,0.433,81.0,0.6491,85.0,,,0.6929,88.0,0.8421,87.0,0.5891,91.0,0.6992,93.0,,,0.7628,94.0
2011-12-05,0.9776,95.0,0.4129,79.0,0.6773,87.0,,,0.6794,87.0,0.8429,87.0,0.5884,91.0,0.694,92.0,,,0.7315,92.0
2011-12-02,1.1396,97.0,0.415,79.0,0.5644,76.0,,,0.6828,87.0,0.8433,87.0,0.5881,90.0,0.5869,80.0,,,0.7466,93.0
2011-12-01,1.145,97.0,0.4098,79.0,0.6218,82.0,,,0.6536,85.0,0.8438,87.0,0.5872,90.0,0.6629,89.0,,,0.7361,92.0
2011-11-30,1.1842,98.0,0.4004,78.0,0.6342,83.0,,,0.6525,84.0,0.8437,87.0,0.5865,90.0,0.7558,96.0,,,0.7584,94.0
2011-11-29,0.7526,90.0,0.3589,72.0,0.7534,92.0,,,0.8233,93.0,0.8178,87.0,0.585,90.0,0.7465,96.0,,,0.8566,97.0
2011-11-28,0.829,92.0,0.4414,82.0,0.7656,92.0,,,0.8041,93.0,0.8188,87.0,0.5848,90.0,0.7236,95.0,,,0.8464,97.0
2011-11-25,0.4273,63.0,0.451,83.0,0.7937,94.0,,,0.8708,95.0,0.8085,87.0,0.5852,90.0,0.7808,97.0,,,0.8342,97.0
2011-11-23,0.4611,69.0,0.4637,84.0,0.7731,93.0,,,0.8569,95.0,0.8126,87.0,0.5867,90.0,0.7674,96.0,,,0.8695,98.0
2011-11-22,0.404,59.0,0.4611,83.0,0.7824,93.0,,,0.859,95.0,0.8083,87.0,0.5867,90.0,0.7618,96.0,,,0.8538,97.0
2011-11-21,0.598,83.0,0.4517,83.0,0.7916,94.0,,,0.8325,94.0,0.8091,87.0,0.5858,90.0,0.7901,97.0,,,0.8504,97.0
2011-11-18,0.6025,83.0,0.4727,84.0,0.7823,93.0,,,0.9084,96.0,0.8075,87.0,0.5855,90.0,0.7467,96.0,,,0.7709,95.0
2011-11-17,0.7963,92.0,0.4912,86.0,0.7916,94.0,,,0.9816,97.0,0.8091,87.0,0.5861,90.0,0.8181,98.0,,,0.9471,99.0
2011-11-16,0.7742,91.0,0.4345,81.0,0.7718,93.0,,,0.792,92.0,0.8042,87.0,0.5832,90.0,0.6972,93.0,,,0.7105,90.0
2011-11-15,0.7404,90.0,0.4373,81.0,0.6503,85.0,,,0.7322,90.0,0.8024,87.0,0.5823,90.0,0.6744,90.0,,,0.7662,95.0
2011-11-14,0.7403,90.0,0.4518,83.0,0.6733,87.0,,,0.6777,86.0,0.8028,87.0,0.5818,90.0,0.6954,92.0,,,0.7668,95.0
2011-11-11,0.7881,91.0,0.4887,85.0,0.6116,81.0,,,0.7065,88.0,0.8025,87.0,0.5815,90.0,0.7252,95.0,,,0.7519,94.0
2011-11-10,0.8026,92.0,0.5093,87.0,0.7849,93.0,,,0.8342,94.0,0.8017,87.0,0.5821,90.0,0.727,95.0,,,0.8001,96.0
2011-11-09,0.8819,93.0,0.5535,89.0,0.8094,94.0,,,0.8603,95.0,0.8015,87.0,0.5812,90.0,0.7268,95.0,,,0.822,97.0
2011-11-08,0.8424,92.0,0.5504,89.0,0.6463,84.0,,,0.6276,82.0,0.7893,86.0,0.5809,89.0,0.7471,96.0,,,0.7382,93.0
2011-11-07,0.9421,94.0,0.5717,90.0,0.8247,94.0,,,0.6342,82.0,0.79,86.0,0.5809,89.0,0.7455,95.0,,,0.751,94.0
2011-11-04,1.0596,96.0,0.6352,93.0,0.7818,93.0,,,0.6468,84.0,0.7898,86.0,0.5805,89.0,0.8019,97.0,,,0.7403,93.0
2011-11-03,1.0661,96.0,0.6632,94.0,0.7391,91.0,,,0.5311,71.0,0.7932,86.0,0.5807,89.0,0.7913,97.0,,,0.73,92.0
2011-11-02,1.1354,97.0,0.6501,93.0,0.844,95.0,,,0.7539,91.0,0.7902,86.0,0.5784,89.0,0.7105,94.0,,,0.7257,92.0
2011-11-01,1.1582,97.0,0.6557,93.0,0.8348,95.0,,,0.8524,95.0,0.7879,86.0,0.5775,89.0,0.7414,95.0,,,0.6589,83.0
2011-10-31,1.0937,97.0,0.6043,91.0,0.691,88.0,,,0.7571,91.0,0.7844,86.0,0.5748,89.0,0.6861,92.0,,,0.7704,95.0
2011-10-28,0.7523,90.0,0.6104,92.0,0.5793,78.0,,,0.5919,78.0,0.775,86.0,0.5745,89.0,0.6735,90.0,,,0.6439,81.0
2011-10-27,0.9467,94.0,0.6237,92.0,0.4393,55.0,,,0.8957,96.0,0.7699,86.0,0.5735,89.0,0.6157,83.0,,,0.7205,91.0
2011-10-26,0.8682,93.0,0.6641,94.0,0.7173,90.0,,,0.6351,82.0,0.7607,86.0,0.5694,88.0,0.7217,94.0,,,0.76,94.0
2011-10-25,0.9782,95.0,0.6493,93.0,0.7003,89.0,,,0.797,93.0,0.7578,86.0,0.5667,88.0,0.7196,94.0,,,0.7525,94.0
2011-10-24,0.9469,94.0,0.6367,93.0,0.6882,88.0,,,0.6174,81.0,0.7546,86.0,0.565,88.0,0.7484,96.0,,,0.7443,93.0
2011-10-21,0.8914,93.0,0.6309,92.0,0.7601,92.0,,,0.7659,91.0,0.7483,85.0,0.5632,87.0,0.8517,98.0,,,0.8622,98.0
2011-10-20,0.8218,92.0,0.637,93.0,0.7537,92.0,,,0.8192,93.0,0.7425,85.0,0.5634,87.0,0.8134,97.0,,,0.8886,98.0
2011-10-19,0.8166,92.0,0.63,92.0,0.8481,95.0,,,0.8961,96.0,0.7426,85.0,0.5616,87.0,0.8317,98.0,,,0.854,97.0
2011-10-18,0.8374,92.0,0.604,91.0,0.7873,93.0,,,0.7822,92.0,0.7375,85.0,0.5587,87.0,0.8112,97.0,,,0.7981,96.0
2011-10-17,0.8782,93.0,0.5516,89.0,0.8166,94.0,,,0.8409,94.0,0.7348,85.0,0.551,87.0,0.7639,96.0,,,0.8533,97.0
2011-10-14,0.6969,88.0,0.5625,90.0,0.6413,84.0,,,0.6179,81.0,0.7302,85.0,0.5485,87.0,0.7459,96.0,,,0.782,96.0
2011-10-13,0.7902,91.0,0.6824,94.0,0.6864,88.0,,,0.7228,89.0,0.7266,85.0,0.548,87.0,0.8401,98.0,,,0.8309,97.0
2011-10-12,0.7723,91.0,0.841,97.0,0.7178,90.0,,,0.7642,91.0,0.7275,85.0,0.5468,87.0,0.7866,97.0,,,0.8364,97.0
2011-10-11,1.0193,96.0,0.8991,97.0,0.8041,94.0,,,0.8207,93.0,0.7267,85.0,0.5459,86.0,0.7984,97.0,,,0.8575,97.0
2011-10-10,1.1997,98.0,0.9029,97.0,0.808,94.0,,,0.7698,92.0,0.7266,85.0,0.5444,86.0,0.9973,100.0,,,0.847,97.0
2011-10-07,1.0836,97.0,0.9459,98.0,0.8532,95.0,,,0.8791,95.0,0.7136,85.0,0.5438,86.0,0.8972,99.0,,,0.9272,99.0
2011-10-06,1.2293,98.0,0.9699,98.0,0.8453,95.0,,,0.838,94.0,0.7139,85.0,0.5394,86.0,0.8856,99.0,,,0.9028,98.0
2011-10-05,1.2295,98.0,0.9706,98.0,0.8994,96.0,,,0.8917,96.0,0.7117,84.0,0.5376,86.0,0.8943,99.0,,,0.9311,99.0
2011-10-04,1.1475,97.0,0.9523,98.0,1.0536,98.0,,,1.0519,98.0,0.6976,84.0,0.5295,86.0,0.9069,99.0,,,0.8783,98.0
2011-10-03,0.9867,95.0,0.8271,96.0,1.1065,98.0,,,1.2118,99.0,0.6876,83.0,0.5153,85.0,0.9316,99.0,,,1.0444,100.0
2011-09-30,1.1316,97.0,0.7966,96.0,1.0307,98.0,,,1.1279,98.0,0.6823,83.0,0.5094,84.0,0.8852,99.0,,,0.9877,99.0
2011-09-29,1.1898,98.0,0.8311,96.0,0.9971,98.0,,,0.9746,97.0,0.6761,82.0,0.5085,84.0,0.8365,98.0,,,0.9278,99.0
2011-09-28,1.1744,98.0,0.7869,96.0,0.9045,97.0,,,1.1503,99.0,0.6767,83.0,0.5023,83.0,0.7531,96.0,,,0.9332,99.0
2011-09-27,1.094,97.0,0.706,95.0,0.8577,96.0,,,0.9409,97.0,0.6636,81.0,0.4945,82.0,0.7217,94.0,,,0.8223,97.0
2011-09-26,1.0071,95.0,0.6681,94.0,1.2434,99.0,,,0.7673,91.0,0.6601,81.0,0.4909,82.0,0.9418,99.0,,,0.9115,98.0
2011-09-23,0.8803,93.0,0.5737,90.0,0.9425,97.0,,,0.9812,97.0,0.6531,80.0,0.4837,81.0,0.8506,98.0,,,0.9023,98.0
2011-09-22,0.9444,94.0,0.6002,91.0,0.9402,97.0,,,0.9418,97.0,0.6542,80.0,0.4814,81.0,0.844,98.0,,,0.977,99.0
2011-09-21,0.7753,91.0,0.5655,90.0,0.7292,91.0,,,0.8014,93.0,0.633,79.0,0.4774,81.0,0.7346,95.0,,,0.844,97.0
2011-09-20,0.4682,70.0,0.5289,88.0,0.6636,86.0,,,0.7462,91.0,0.6172,78.0,0.472,80.0,0.6813,91.0,,,0.7624,94.0
2011-09-19,0.5592,80.0,0.5242,88.0,0.7225,90.0,,,0.716,89.0,0.6159,77.0,0.4702,80.0,0.7146,94.0,,,0.7512,94.0
2011-09-16,0.5441,79.0,0.5272,88.0,0.7292,91.0,,,0.6958,88.0,0.6159,77.0,0.4706,80.0,0.8279,98.0,,,0.8458,97.0
2011-09-15,0.6776,87.0,0.5288,88.0,0.7442,92.0,,,0.7264,89.0,0.6158,77.0,0.47,80.0,0.7571,96.0,,,0.7575,94.0
2011-09-14,0.6607,86.0,0.5421,89.0,0.6709,87.0,,,0.8427,94.0,0.6161,77.0,0.4692,80.0,0.8333,98.0,,,0.8676,98.0
2011-09-13,0.6793,87.0,0.4709,84.0,0.8297,95.0,,,0.808,93.0,0.6151,77.0,0.4649,80.0,0.8024,97.0,,,0.7904,96.0
2011-09-12,0.6257,84.0,0.4692,84.0,1.0256,98.0,,,0.8403,94.0,0.6162,77.0,0.4634,79.0,0.9453,100.0,,,0.8509,97.0
2011-09-09,0.6378,85.0,0.445,82.0,0.8939,96.0,,,0.876,95.0,0.6168,77.0,0.4635,79.0,0.7308,95.0,,,0.7919,96.0
2011-09-08,0.589,82.0,0.4371,81.0,0.7325,91.0,,,0.8071,93.0,0.6116,77.0,0.4658,80.0,0.7013,93.0,,,0.742,93.0
2011-09-07,0.7405,90.0,0.4517,83.0,0.8089,94.0,,,0.7122,89.0,0.6108,77.0,0.4653,80.0,0.7599,96.0,,,0.7061,89.0
2011-09-06,0.7001,88.0,0.5632,90.0,0.8414,95.0,,,0.7393,90.0,0.6053,76.0,0.4669,80.0,0.7903,97.0,,,0.764,95.0
2011-09-02,0.6987,88.0,0.5618,90.0,0.7044,89.0,,,0.7117,89.0,0.6092,77.0,0.4658,80.0,0.7171,94.0,,,0.753,94.0
2011-09-01,0.5993,83.0,0.5805,91.0,0.6383,84.0,,,0.7177,89.0,0.6075,77.0,0.4659,80.0,0.6824,91.0,,,0.746,93.0
2011-08-31,0.5537,79.0,0.6084,92.0,0.7098,90.0,,,0.6794,87.0,0.6064,76.0,0.4657,80.0,0.6842,91.0,,,0.7485,93.0
2011-08-30,0.5696,80.0,0.628,92.0,0.6659,86.0,,,0.658,85.0,0.6085,77.0,0.4666,80.0,0.6923,92.0,,,0.6913,87.0
2011-08-29,0.6987,88.0,0.6637,94.0,0.73,91.0,,,0.6197,81.0,0.6082,77.0,0.4657,80.0,0.7307,95.0,,,0.7085,89.0
2011-08-26,0.9567,95.0,0.6886,94.0,0.7676,92.0,,,0.7042,88.0,0.6014,76.0,0.4638,80.0,0.7592,96.0,,,0.7401,93.0
2011-08-25,0.8849,93.0,0.6128,92.0,0.8492,95.0,,,0.8952,96.0,0.5971,76.0,0.4566,79.0,0.7076,93.0,,,0.7762,95.0
2011-08-24,0.9002,94.0,0.6106,92.0,0.813,94.0,,,0.7505,91.0,0.5997,76.0,0.4573,79.0,0.75,96.0,,,0.7342,92.0
2011-08-23,0.9246,94.0,0.5935,91.0,0.8298,95.0,,,0.755,91.0,0.5992,76.0,0.4556,79.0,0.8063,97.0,,,0.764,95.0
2011-08-22,0.7658,90.0,0.5494,89.0,0.9177,97.0,,,0.9443,97.0,0.592,75.0,0.4517,79.0,0.663,89.0,,,0.8704,98.0
2011-08-19,1.1131,97.0,0.6903,94.0,0.8957,96.0,,,0.988,97.0,0.592,75.0,0.4503,79.0,0.7448,95.0,,,0.7785,95.0
2011-08-18,1.1529,97.0,0.6945,94.0,0.9856,97.0,,,0.8667,95.0,0.5902,75.0,0.4483,79.0,0.7713,96.0,,,0.7978,96.0
2011-08-17,1.1672,97.0,0.8349,97.0,0.6533,85.0,,,0.6631,85.0,0.5774,74.0,0.4467,79.0,0.6851,91.0,,,0.6898,87.0
2011-08-16,1.5965,99.0,0.9248,98.0,0.6834,88.0,,,0.6908,88.0,0.5783,74.0,0.4457,78.0,0.8051,97.0,,,0.842,97.0
2011-08-15,1.5812,99.0,1.0282,99.0,0.6709,87.0,,,0.5778,77.0,0.5765,74.0,0.4445,78.0,0.7215,94.0,,,0.7485,93.0
2011-08-12,1.8183,99.0,1.0982,99.0,0.7446,92.0,,,0.7305,90.0,0.5747,74.0,0.4439,78.0,0.7419,95.0,,,0.7492,94.0
2011-08-11,1.8119,99.0,1.1166,99.0,0.7714,93.0,,,1.0118,98.0,0.5745,74.0,0.4431,78.0,0.7111,94.0,,,0.7229,91.0
2011-08-10,1.5653,99.0,1.0367,99.0,0.9911,98.0,,,1.1779,99.0,0.5518,72.0,0.4285,77.0,0.7,93.0,,,0.7917,96.0
2011-08-09,1.5751,99.0,1.0246,99.0,1.0061,98.0,,,0.775,92.0,0.546,71.0,0.4238,77.0,0.6883,92.0,,,0.6829,86.0
2011-08-08,1.0505,96.0,0.8867,97.0,1.1608,99.0,,,1.3534,99.0,0.5083,66.0,0.4054,75.0,0.7684,96.0,,,0.8052,96.0
2011-08-05,0.8535,93.0,0.7825,96.0,0.8724,96.0,,,0.8346,94.0,0.4636,61.0,0.3929,73.0,0.6912,92.0,,,0.6932,88.0
2011-08-04,0.8491,93.0,0.6449,93.0,0.7724,93.0,,,0.8601,95.0,0.463,61.0,0.3763,71.0,0.6224,84.0,,,0.6701,84.0
2011-08-03,0.3946,57.0,0.5104,87.0,0.5926,79.0,,,0.5033,66.0,0.413,50.0,0.3645,70.0,0.5964,81.0,,,0.5461,65.0
2011-08-02,0.362,52.0,0.4586,83.0,0.5683,76.0,,,0.6785,87.0,0.4129,50.0,0.3606,70.0,0.5315,70.0,,,0.4711,51.0
2011-08-01,0.2446,26.0,0.3899,76.0,0.6006,80.0,,,0.5553,74.0,0.4028,48.0,0.3568,69.0,0.4439,54.0,,,0.579,71.0
2011-07-29,0.3625,52.0,0.3269,67.0,0.5576,75.0,,,0.5737,76.0,0.4028,48.0,0.353,69.0,0.6193,83.0,,,0.6371,80.0
2011-07-28,0.3622,52.0,0.2968,61.0,0.5131,69.0,,,0.5845,77.0,0.4113,50.0,0.3532,69.0,0.6561,88.0,,,0.6986,88.0
2011-07-27,0.4345,65.0,0.2742,55.0,0.4713,61.0,,,0.5478,73.0,0.4135,51.0,0.3529,69.0,0.5292,70.0,,,0.5828,71.0
2011-07-26,0.3293,46.0,0.2345,46.0,0.4526,57.0,,,0.478,61.0,0.4089,49.0,0.3517,69.0,0.5075,65.0,,,0.523,61.0
2011-07-25,0.3248,45.0,0.2329,46.0,0.4397,55.0,,,0.4469,54.0,0.409,49.0,0.3524,69.0,0.5842,79.0,,,0.4873,54.0
2011-07-22,0.3589,51.0,0.2705,55.0,0.4303,53.0,,,0.4316,51.0,0.4144,51.0,0.354,69.0,0.5601,75.0,,,0.5019,57.0
2011-07-21,0.3659,53.0,0.2915,60.0,0.4429,55.0,,,0.4275,50.0,0.4144,51.0,0.3542,69.0,0.5256,69.0,,,0.4827,53.0
2011-07-20,0.3487,49.0,0.286,57.0,0.455,57.0,,,0.4779,61.0,0.4135,51.0,0.3547,69.0,0.5208,68.0,,,0.5306,63.0
2011-07-19,0.4795,72.0,0.3024,63.0,0.4712,61.0,,,0.4371,52.0,0.4141,51.0,0.3556,69.0,0.5907,80.0,,,0.5166,60.0
2011-07-18,0.4183,62.0,0.3098,64.0,0.4902,65.0,,,0.5196,68.0,0.4137,51.0,0.3563,69.0,0.545,73.0,,,0.551,66.0
2011-07-15,0.4861,73.0,0.3001,62.0,0.5128,69.0,,,0.4381,52.0,0.4193,53.0,0.3585,70.0,0.5567,75.0,,,0.6658,84.0
2011-07-14,0.449,67.0,0.3056,63.0,0.4865,64.0,,,0.7272,90.0,0.4181,52.0,0.3581,70.0,0.5522,74.0,,,0.4366,42.0
2011-07-13,0.4337,64.0,0.2646,53.0,0.472,61.0,,,0.4936,64.0,0.4169,52.0,0.3562,69.0,0.4959,63.0,,,0.546,65.0
2011-07-12,0.43,64.0,0.2658,54.0,0.4817,63.0,,,0.5651,75.0,0.4165,52.0,0.3555,69.0,0.5212,68.0,,,0.5424,64.0
2011-07-11,0.4458,66.0,0.2736,55.0,0.4546,57.0,,,0.513,67.0,0.4169,52.0,0.3551,69.0,0.681,91.0,,,0.5238,61.0
2011-07-08,0.2725,33.0,0.2838,57.0,0.4891,64.0,,,0.332,24.0,0.412,50.0,0.3542,69.0,0.5292,70.0,,,0.594,73.0
2011-07-07,0.2291,22.0,0.2976,62.0,0.4177,50.0,,,0.4198,48.0,0.4115,50.0,0.355,69.0,0.691,92.0,,,0.4686,50.0
2011-07-06,0.2245,21.0,0.3144,65.0,0.4523,57.0,,,0.3838,39.0,0.4087,49.0,0.3557,69.0,0.5305,70.0,,,0.5788,71.0
2011-07-05,0.2809,35.0,0.3212,66.0,0.4464,56.0,,,0.46,57.0,0.4095,50.0,0.3557,69.0,0.5113,66.0,,,0.4971,57.0
2011-07-01,0.2865,36.0,0.375,74.0,0.4378,54.0,,,0.3127,19.0,0.4096,50.0,0.3563,69.0,0.5953,81.0,,,0.5794,71.0
2011-06-30,0.298,39.0,0.3686,73.0,0.4373,54.0,,,0.4309,51.0,0.409,49.0,0.3578,70.0,0.5414,72.0,,,0.5936,73.0
2011-06-29,0.4409,65.0,0.3947,77.0,0.4723,61.0,,,0.4836,62.0,0.409,49.0,0.3574,70.0,0.4282,51.0,,,0.6222,78.0
2011-06-28,0.4347,65.0,0.3864,76.0,0.5937,79.0,,,0.4761,60.0,0.4072,49.0,0.356,69.0,0.5612,75.0,,,0.6695,84.0
2011-06-27,0.4108,61.0,0.3861,76.0,0.5904,79.0,,,0.505,66.0,0.4035,49.0,0.355,69.0,0.5855,80.0,,,0.6043,75.0
2011-06-24,0.4544,68.0,0.4196,80.0,0.476,62.0,,,0.5372,71.0,0.4039,49.0,0.3537,69.0,0.6065,82.0,,,0.6363,80.0
2011-06-23,0.5331,77.0,0.4305,80.0,0.5613,75.0,,,0.4061,45.0,0.4034,48.0,0.3526,69.0,0.7045,93.0,,,0.5573,67.0
2011-06-22,0.5903,82.0,0.3945,77.0,0.4239,51.0,,,0.5,65.0,0.4035,49.0,0.3495,68.0,0.582,79.0,,,0.5916,73.0
2011-06-21,0.6104,83.0,0.4182,79.0,0.5293,71.0,,,0.4388,53.0,0.4036,49.0,0.3488,68.0,0.6013,81.0,,,0.4616,49.0
2011-06-20,0.4702,70.0,0.3958,77.0,0.5242,70.0,,,0.5403,72.0,0.3931,47.0,0.3464,68.0,0.6914,92.0,,,0.6083,76.0
2011-06-17,0.5025,74.0,0.3988,77.0,0.5834,78.0,,,0.6121,80.0,0.3942,47.0,0.3457,68.0,0.6257,84.0,,,0.6553,82.0
2011-06-16,0.5109,75.0,0.3906,76.0,0.7437,92.0,,,0.6228,81.0,0.3945,47.0,0.3448,68.0,0.5971,81.0,,,0.6319,79.0
2011-06-15,0.506,75.0,0.34,69.0,0.527,71.0,,,0.7072,88.0,0.3936,47.0,0.3415,67.0,0.5212,68.0,,,0.6121,76.0
2011-06-14,0.4669,69.0,0.3399,69.0,0.3886,44.0,,,0.4696,59.0,0.3891,45.0,0.3403,66.0,0.5477,73.0,,,0.5612,68.0
2011-06-13,0.3528,50.0,0.3349,68.0,0.5089,68.0,,,0.5587,74.0,0.3848,45.0,0.3399,66.0,0.4726,59.0,,,0.5839,72.0
2011-06-10,0.3608,52.0,0.326,67.0,0.3913,44.0,,,0.5812,77.0,0.3837,44.0,0.3377,65.0,0.5947,81.0,,,0.6999,88.0
2011-06-09,0.461,69.0,0.3677,73.0,0.4125,49.0,,,0.4505,55.0,0.3818,44.0,0.3371,65.0,0.5694,77.0,,,0.5396,64.0
2011-06-08,0.4219,62.0,0.3777,75.0,0.5045,67.0,,,0.5695,76.0,0.3803,44.0,0.3367,64.0,0.5984,81.0,,,0.6362,80.0
2011-06-07,0.4844,72.0,0.3742,74.0,0.4181,50.0,,,0.5508,73.0,0.379,43.0,0.3366,64.0,0.5288,70.0,,,0.5812,71.0
2011-06-06,0.4887,73.0,0.3754,74.0,0.4252,52.0,,,0.5986,79.0,0.3802,43.0,0.3377,65.0,0.5309,70.0,,,0.623,78.0
2011-06-03,0.5279,77.0,0.3892,76.0,0.445,56.0,,,0.5118,67.0,0.3778,43.0,0.3372,65.0,0.5777,78.0,,,0.5655,68.0
2011-06-02,0.4861,73.0,0.4019,78.0,0.445,56.0,,,0.4617,57.0,0.3753,42.0,0.3367,64.0,0.6259,84.0,,,0.5216,61.0
2011-06-01,0.5261,77.0,0.3777,75.0,0.3378,32.0,,,0.5941,79.0,0.3766,43.0,0.3362,64.0,0.5984,81.0,,,0.584,72.0
2011-05-31,0.3599,52.0,0.3373,69.0,0.4487,57.0,,,0.3781,37.0,0.3689,41.0,0.3336,63.0,0.4954,63.0,,,0.5351,63.0
2011-05-27,0.3575,51.0,0.3238,67.0,0.3798,41.0,,,0.4388,53.0,0.3759,42.0,0.3323,62.0,0.5428,72.0,,,0.4958,56.0
2011-05-26,0.4072,60.0,0.357,72.0,0.412,49.0,,,0.4306,51.0,0.3747,42.0,0.3336,63.0,0.6264,84.0,,,0.5488,65.0
2011-05-25,0.4193,62.0,0.3664,73.0,0.4651,60.0,,,0.4363,52.0,0.3747,42.0,0.3358,64.0,0.543,72.0,,,0.5534,66.0
2011-05-24,0.3605,52.0,0.3664,73.0,0.4306,53.0,,,0.4916,63.0,0.3735,42.0,0.3331,63.0,0.5563,75.0,,,0.5945,73.0
2011-05-23,0.3784,55.0,0.3771,74.0,0.4889,64.0,,,0.5137,67.0,0.3771,43.0,0.3321,62.0,0.5243,69.0,,,0.5686,69.0
2011-05-20,0.356,51.0,0.3944,77.0,0.4808,63.0,,,0.5336,71.0,0.379,43.0,0.332,62.0,0.5904,80.0,,,0.6104,76.0
2011-05-19,0.4514,67.0,0.4274,80.0,0.4955,66.0,,,0.548,73.0,0.3779,43.0,0.3322,62.0,0.5139,66.0,,,0.5583,67.0
2011-05-18,0.4707,70.0,0.419,80.0,0.5109,68.0,,,0.4128,47.0,0.3789,43.0,0.3327,63.0,0.5143,67.0,,,0.5049,57.0
2011-05-17,0.4456,66.0,0.4041,78.0,0.576,77.0,,,0.556,74.0,0.3805,44.0,0.3313,62.0,0.5886,80.0,,,0.641,80.0
2011-05-16,0.4672,70.0,0.4179,79.0,0.5105,68.0,,,0.5727,76.0,0.3799,43.0,0.3311,62.0,0.5463,73.0,,,0.6239,78.0
2011-05-13,0.4853,72.0,0.4158,79.0,0.5249,71.0,,,0.611,80.0,0.3858,45.0,0.3305,62.0,0.556,74.0,,,0.5807,71.0
2011-05-12,0.4954,73.0,0.4186,79.0,0.5232,70.0,,,0.5419,72.0,0.3838,44.0,0.3291,61.0,0.5696,77.0,,,0.5852,72.0
2011-05-11,0.5128,76.0,0.4214,80.0,0.4543,57.0,,,0.5012,65.0,0.391,46.0,0.33,62.0,0.5638,76.0,,,0.564,68.0
2011-05-10,0.4299,64.0,0.3927,77.0,0.432,53.0,,,0.3885,40.0,0.3843,45.0,0.328,61.0,0.6939,92.0,,,0.7042,89.0
2011-05-09,0.4319,64.0,0.3903,76.0,0.5271,71.0,,,0.431,51.0,0.3847,45.0,0.3297,62.0,0.5983,81.0,,,0.5981,74.0
2011-05-06,0.3444,49.0,0.3777,75.0,0.4579,57.0,,,0.5065,66.0,0.386,45.0,0.3338,63.0,0.5343,71.0,,,0.5668,69.0
2011-05-05,0.3117,42.0,0.3675,73.0,0.4462,56.0,,,0.556,74.0,0.3859,45.0,0.3322,62.0,0.5398,72.0,,,0.5819,71.0
2011-05-04,0.3389,48.0,0.3349,68.0,0.4419,55.0,,,0.4973,65.0,0.3839,44.0,0.3302,62.0,0.5161,67.0,,,0.5768,70.0
2011-05-03,0.2726,33.0,0.3026,63.0,0.4448,56.0,,,0.4891,63.0,0.3922,46.0,0.3296,61.0,0.4268,50.0,,,0.5123,59.0
2011-05-02,0.235,23.0,0.2751,56.0,0.3283,28.0,,,0.472,60.0,0.3893,45.0,0.3295,61.0,0.4804,60.0,,,0.6141,77.0
2011-04-29,0.2305,22.0,0.2483,50.0,0.3985,46.0,,,0.3505,28.0,0.3892,45.0,0.3284,61.0,0.6534,88.0,,,0.6341,79.0
2011-04-28,0.2643,31.0,0.2632,53.0,0.3487,34.0,,,0.4028,44.0,0.3889,45.0,0.3294,61.0,0.5322,70.0,,,0.5719,70.0
2011-04-27,0.3732,54.0,0.2731,55.0,0.4529,57.0,,,0.4001,43.0,0.3893,45.0,0.3297,62.0,0.5734,78.0,,,0.543,64.0
2011-04-26,0.3679,53.0,0.2507,50.0,0.4079,48.0,,,0.4184,48.0,0.3893,45.0,0.3293,61.0,0.6277,85.0,,,0.5526,66.0
2011-04-25,0.3676,53.0,0.2454,49.0,0.425,52.0,,,0.4675,59.0,0.3901,45.0,0.3294,61.0,0.6946,92.0,,,0.7486,93.0
2011-04-21,0.3579,51.0,0.2719,55.0,0.4651,60.0,,,0.3551,31.0,0.3896,45.0,0.3301,62.0,0.6836,91.0,,,0.6067,75.0
2011-04-20,0.4417,66.0,0.2812,57.0,0.3574,37.0,,,0.3983,43.0,0.3904,46.0,0.3303,62.0,0.5747,78.0,,,0.6153,77.0
2011-04-19,0.4338,64.0,0.3271,67.0,0.4319,53.0,,,0.4051,44.0,0.3893,45.0,0.3306,62.0,0.5824,79.0,,,0.5792,71.0
2011-04-18,0.3249,45.0,0.3355,69.0,0.4498,57.0,,,0.469,59.0,0.3867,45.0,0.3317,62.0,0.6548,88.0,,,0.6696,84.0
2011-04-15,0.3133,42.0,0.3381,69.0,0.4574,57.0,,,0.4689,59.0,0.3893,45.0,0.3351,63.0,0.577,78.0,,,0.6105,76.0
2011-04-14,0.2653,31.0,0.3534,71.0,0.4771,62.0,,,0.5024,65.0,0.3961,47.0,0.3363,64.0,0.578,78.0,,,0.5947,73.0
2011-04-13,0.3349,47.0,0.3808,75.0,0.5013,67.0,,,0.5113,67.0,0.3961,47.0,0.3365,64.0,0.6215,84.0,,,0.6203,77.0
2011-04-12,0.3733,54.0,0.3547,71.0,0.5067,68.0,,,0.5163,68.0,0.396,47.0,0.3364,64.0,0.577,78.0,,,0.6241,78.0
2011-04-11,0.3034,40.0,0.3439,70.0,0.465,60.0,,,0.5549,74.0,0.3921,46.0,0.3366,64.0,0.575,78.0,,,0.6851,86.0
2011-04-08,0.2089,16.0,0.3025,63.0,0.3547,36.0,,,0.5021,65.0,0.3907,46.0,0.3347,63.0,0.5697,77.0,,,0.5604,68.0
2011-04-07,0.2208,20.0,0.2911,60.0,0.4528,57.0,,,0.4827,62.0,0.3905,46.0,0.3346,63.0,0.6658,89.0,,,0.5883,73.0
2011-04-06,0.2285,22.0,0.2927,60.0,0.4298,53.0,,,0.4785,61.0,0.3905,46.0,0.3338,63.0,0.6335,85.0,,,0.5494,66.0
2011-04-05,0.2133,18.0,0.2747,55.0,0.3442,33.0,,,0.4645,57.0,0.3934,47.0,0.3349,63.0,0.6319,85.0,,,0.5571,67.0
2011-04-04,0.1955,13.0,0.2398,48.0,0.3835,42.0,,,0.4333,51.0,0.3935,47.0,0.3352,63.0,0.6259,84.0,,,0.6608,83.0
2011-04-01,0.1896,12.0,0.2563,51.0,0.3496,35.0,,,0.4604,57.0,0.3939,47.0,0.3358,64.0,0.5174,67.0,,,0.555,67.0
2011-03-31,0.2312,22.0,0.301,62.0,0.4282,53.0,,,0.5026,66.0,0.4022,48.0,0.3376,65.0,0.5272,69.0,,,0.5641,68.0
2011-03-30,0.248,26.0,0.3004,62.0,0.5017,67.0,,,0.433,51.0,0.4055,49.0,0.3388,65.0,0.5383,72.0,,,0.5416,64.0
2011-03-29,0.2873,37.0,0.2904,60.0,0.481,63.0,,,0.3992,43.0,0.4065,49.0,0.3383,65.0,0.5799,79.0,,,0.5454,65.0
2011-03-28,0.2824,35.0,0.2904,60.0,0.3523,35.0,,,0.4498,55.0,0.406,49.0,0.3397,66.0,0.554,74.0,,,0.629,79.0
2011-03-25,0.2748,34.0,0.2954,61.0,0.3675,39.0,,,0.4387,53.0,0.4058,49.0,0.3394,66.0,0.5619,76.0,,,0.5722,70.0
2011-03-24,0.393,57.0,0.3715,73.0,0.4237,51.0,,,0.4042,44.0,0.4059,49.0,0.3413,67.0,0.5363,71.0,,,0.5684,69.0
2011-03-23,0.4095,60.0,0.4493,82.0,0.4221,51.0,,,0.3873,40.0,0.4061,49.0,0.3406,66.0,0.5561,75.0,,,0.5718,69.0
2011-03-22,0.3843,56.0,0.4364,81.0,0.5226,70.0,,,0.4962,64.0,0.4091,50.0,0.3391,66.0,0.5541,74.0,,,0.5952,74.0
2011-03-21,0.3959,59.0,0.4778,85.0,0.4799,63.0,,,0.4867,62.0,0.4099,50.0,0.3402,66.0,0.6083,82.0,,,0.5866,72.0
2011-03-18,0.5111,75.0,0.4874,85.0,0.5176,69.0,,,0.5881,78.0,0.4074,49.0,0.3406,66.0,0.5829,79.0,,,0.6206,77.0
2011-03-17,0.5416,78.0,0.4876,85.0,0.5436,73.0,,,0.6428,83.0,0.4077,49.0,0.3405,66.0,0.583,79.0,,,0.6134,76.0
2011-03-16,0.4737,71.0,0.507,87.0,0.648,84.0,,,0.7468,91.0,0.4054,49.0,0.3411,66.0,0.6333,85.0,,,0.6979,88.0
2011-03-15,0.4909,73.0,0.4996,86.0,0.6552,85.0,,,0.5561,74.0,0.4029,48.0,0.3367,64.0,0.5889,80.0,,,0.6058,75.0
2011-03-14,0.4909,73.0,0.4353,81.0,0.6282,83.0,,,0.5393,72.0,0.4031,48.0,0.3311,62.0,0.6285,85.0,,,0.6249,78.0
2011-03-11,0.5875,82.0,0.4222,80.0,0.5129,69.0,,,0.5244,69.0,0.403,48.0,0.33,62.0,0.6789,91.0,,,0.6116,76.0
2011-03-10,0.5477,79.0,0.3857,76.0,0.4647,60.0,,,0.6168,80.0,0.401,48.0,0.3274,61.0,0.5633,76.0,,,0.6332,79.0
2011-03-09,0.522,76.0,0.4206,80.0,0.4862,64.0,,,0.5563,74.0,0.3959,47.0,0.3265,61.0,0.5573,75.0,,,0.6421,80.0
2011-03-08,0.5177,76.0,0.4118,79.0,0.5008,67.0,,,0.4623,57.0,0.393,46.0,0.3257,60.0,0.5767,78.0,,,0.6249,78.0
2011-03-07,0.5443,79.0,0.3777,75.0,0.4942,66.0,,,0.5749,76.0,0.3936,47.0,0.3253,60.0,0.5604,75.0,,,0.6567,82.0
2011-03-04,0.482,72.0,0.359,72.0,0.4474,56.0,,,0.4812,61.0,0.3896,45.0,0.3215,59.0,0.5321,70.0,,,0.6778,85.0
2011-03-03,0.473,71.0,0.3985,77.0,0.4632,59.0,,,0.4255,50.0,0.3903,46.0,0.3208,59.0,0.5348,71.0,,,0.6187,77.0
2011-03-02,0.5665,80.0,0.445,82.0,0.4675,60.0,,,0.5178,68.0,0.3867,45.0,0.3207,59.0,0.5444,73.0,,,0.6349,79.0
2011-03-01,0.5504,79.0,0.4484,82.0,0.4172,50.0,,,0.5954,79.0,0.3872,45.0,0.3207,59.0,0.5195,68.0,,,0.6975,88.0
2011-02-28,0.5314,77.0,0.4096,79.0,0.4943,66.0,,,0.449,55.0,0.3921,46.0,0.319,59.0,0.5857,80.0,,,0.6784,85.0
2011-02-25,0.5346,78.0,0.4058,78.0,0.5286,71.0,,,0.5284,70.0,0.3925,46.0,0.3205,59.0,0.5284,70.0,,,0.6162,77.0
2011-02-24,0.471,70.0,0.4082,79.0,0.56,75.0,,,0.5442,72.0,0.3943,47.0,0.3217,59.0,0.5658,76.0,,,0.6189,77.0
2011-02-23,0.5394,78.0,0.3716,74.0,0.5675,76.0,,,0.5579,74.0,0.4032,48.0,0.325,60.0,0.628,85.0,,,0.6459,81.0
2011-02-22,0.5489,79.0,0.3221,66.0,0.4963,66.0,,,0.5879,78.0,0.403,48.0,0.3232,60.0,0.5155,67.0,,,0.6142,77.0
2011-02-18,0.3203,44.0,0.2729,55.0,0.4011,47.0,,,0.4686,59.0,0.3891,45.0,0.3222,60.0,0.5094,66.0,,,0.5972,74.0
2011-02-17,0.3291,46.0,0.2663,54.0,0.4521,57.0,,,0.4384,53.0,0.3958,47.0,0.3217,59.0,0.5897,80.0,,,0.5747,70.0
2011-02-16,0.3256,45.0,0.2585,52.0,0.4187,50.0,,,0.4605,57.0,0.3975,48.0,0.323,60.0,0.5015,64.0,,,0.5688,69.0
2011-02-15,0.3026,40.0,0.2627,53.0,0.4133,49.0,,,0.5117,67.0,0.3975,48.0,0.3233,60.0,0.4793,60.0,,,0.5694,69.0
2011-02-14,0.2799,35.0,0.2689,54.0,0.4733,62.0,,,0.4272,50.0,0.4019,48.0,0.3262,61.0,0.4891,62.0,,,0.4933,56.0
2011-02-11,0.213,18.0,0.2785,56.0,0.4115,49.0,,,0.449,55.0,0.4001,48.0,0.3268,61.0,0.475,60.0,,,0.5515,66.0
2011-02-10,0.2053,15.0,0.2749,56.0,0.3945,45.0,,,0.4142,47.0,0.4051,49.0,0.3277,61.0,0.4864,61.0,,,0.5795,71.0
2011-02-09,0.4258,63.0,0.2906,60.0,0.4579,57.0,,,0.4099,46.0,0.4051,49.0,0.3278,61.0,0.4875,61.0,,,0.6328,79.0
2011-02-08,0.3802,55.0,0.2909,60.0,0.3912,44.0,,,0.3992,43.0,0.4033,48.0,0.3272,61.0,0.4743,59.0,,,0.5332,63.0
2011-02-07,0.4364,65.0,0.3133,65.0,0.396,46.0,,,0.4399,53.0,0.4032,48.0,0.33,62.0,0.467,57.0,,,0.5555,67.0
2011-02-04,0.4697,70.0,0.3281,68.0,0.3936,45.0,,,0.3804,38.0,0.416,51.0,0.3309,62.0,0.5238,69.0,,,0.5484,65.0
2011-02-03,0.5263,77.0,0.3553,71.0,0.4241,52.0,,,0.4119,46.0,0.4178,52.0,0.3314,62.0,0.5337,71.0,,,0.5248,61.0
2011-02-02,0.528,77.0,0.3448,70.0,0.4013,47.0,,,0.4475,54.0,0.4178,52.0,0.3306,62.0,0.5004,64.0,,,0.5743,70.0
2011-02-01,0.5105,75.0,0.3579,72.0,0.4703,61.0,,,0.3964,42.0,0.4176,52.0,0.332,62.0,0.5189,67.0,,,0.5249,61.0
2011-01-31,0.4397,65.0,0.3444,70.0,0.4685,61.0,,,0.4757,60.0,0.4099,50.0,0.3302,62.0,0.5104,66.0,,,0.5634,68.0
2011-01-28,0.4424,66.0,0.3439,70.0,0.4657,60.0,,,0.5176,68.0,0.4088,49.0,0.3302,62.0,0.4879,62.0,,,0.5684,69.0
2011-01-27,0.5236,76.0,0.3751,74.0,0.4065,48.0,,,0.4605,57.0,0.4102,50.0,0.3293,61.0,0.48,60.0,,,0.5842,72.0
2011-01-26,0.5236,76.0,0.3549,71.0,0.394,45.0,,,0.4309,51.0,0.417,52.0,0.3294,61.0,0.4867,61.0,,,0.5647,68.0
2011-01-25,0.3891,57.0,0.3185,66.0,0.4683,60.0,,,0.4415,53.0,0.4122,50.0,0.3298,62.0,0.5348,71.0,,,0.58,71.0
2011-01-24,0.3875,57.0,0.3183,66.0,0.4573,57.0,,,0.4708,60.0,0.4122,50.0,0.3325,63.0,0.5105,66.0,,,0.6328,79.0
2011-01-21,0.3629,52.0,0.295,61.0,0.4555,57.0,,,0.5332,71.0,0.412,50.0,0.3319,62.0,0.5022,64.0,,,0.6191,77.0
2011-01-20,0.4265,63.0,0.272,55.0,0.5045,67.0,,,0.5151,67.0,0.4128,50.0,0.3337,63.0,0.5384,72.0,,,0.6424,81.0
2011-01-19,0.4037,59.0,0.2812,57.0,0.4697,61.0,,,0.5218,69.0,0.4109,50.0,0.3333,63.0,0.4989,64.0,,,0.6138,76.0
2011-01-18,0.2342,23.0,0.2321,46.0,0.4615,59.0,,,0.4877,63.0,0.4061,49.0,0.3322,62.0,0.5467,73.0,,,0.5849,72.0
2011-01-14,0.2545,28.0,0.2504,50.0,0.4106,49.0,,,0.4823,62.0,0.4158,51.0,0.3346,63.0,0.5671,77.0,,,0.5779,70.0
2011-01-13,0.2557,28.0,0.2659,54.0,0.3625,38.0,,,0.3998,43.0,0.4162,51.0,0.3384,65.0,0.5506,74.0,,,0.6166,77.0
2011-01-12,0.2426,25.0,0.3157,65.0,0.3924,45.0,,,0.3905,40.0,0.4234,54.0,0.3485,68.0,0.5519,74.0,,,0.5566,67.0
2011-01-11,0.254,28.0,0.3225,67.0,0.4675,60.0,,,0.4124,46.0,0.4232,54.0,0.3495,68.0,0.5982,81.0,,,0.5539,66.0
2011-01-10,0.1958,13.0,0.3199,66.0,0.4764,62.0,,,0.4842,62.0,0.4334,57.0,0.3525,69.0,0.6264,84.0,,,0.6522,82.0
2011-01-07,0.1953,13.0,0.2973,61.0,0.4559,57.0,,,0.4342,51.0,0.4338,57.0,0.3529,69.0,0.5795,79.0,,,0.6215,78.0
2011-01-06,0.2081,16.0,0.2715,55.0,0.4367,54.0,,,0.4604,57.0,0.4339,57.0,0.3529,69.0,0.5839,79.0,,,0.6623,83.0
2011-01-05,0.1643,7.0,0.2531,51.0,0.4757,62.0,,,0.4409,53.0,0.436,57.0,0.3532,69.0,0.6389,86.0,,,0.6853,86.0
2011-01-04,0.1759,9.0,0.2358,47.0,0.47,61.0,,,0.466,59.0,0.4396,57.0,0.354,69.0,0.6346,85.0,,,0.6488,81.0
2011-01-03,0.1324,3.0,0.1515,19.0,0.3976,46.0,,,0.4772,61.0,0.4421,57.0,0.3544,69.0,0.6001,81.0,,,0.6799,85.0
2010-12-31,0.1017,1.0,0.1355,14.0,0.3927,45.0,,,0.4059,45.0,0.4435,57.0,0.3555,69.0,0.5906,80.0,,,0.6328,79.0
2010-12-30,0.1715,8.0,0.1485,18.0,0.3703,39.0,,,0.3918,41.0,0.461,60.0,0.3652,70.0,0.546,73.0,,,0.613,76.0
2010-12-29,0.1694,8.0,0.1501,18.0,0.3655,38.0,,,0.3688,34.0,0.461,60.0,0.3707,70.0,0.5777,78.0,,,0.6246,78.0
2010-12-28,0.1704,8.0,0.1613,23.0,0.3742,40.0,,,0.4039,44.0,0.4617,60.0,0.3732,71.0,0.6431,86.0,,,0.6539,82.0
2010-12-27,0.173,8.0,0.1852,32.0,0.381,42.0,,,0.4024,44.0,0.4629,60.0,0.3793,71.0,0.6238,84.0,,,0.619,77.0
2010-12-23,0.2124,17.0,0.197,36.0,0.3711,40.0,,,0.3772,37.0,0.4648,61.0,0.383,71.0,0.5438,73.0,,,0.5844,72.0
2010-12-22,0.2175,19.0,0.2014,37.0,0.3686,39.0,,,0.3753,36.0,0.4809,62.0,0.3854,71.0,0.5304,70.0,,,0.5882,73.0
2010-12-21,0.2081,16.0,0.2101,39.0,0.3692,39.0,,,0.3665,34.0,0.4831,63.0,0.3867,71.0,0.5698,77.0,,,0.6003,74.0
2010-12-20,0.1785,9.0,0.2231,43.0,0.3711,40.0,,,0.3995,43.0,0.4841,63.0,0.3893,72.0,0.5509,74.0,,,0.6033,75.0
2010-12-17,0.178,9.0,0.2312,46.0,0.4376,54.0,,,0.4171,48.0,0.4904,64.0,0.3918,73.0,0.5669,77.0,,,0.6629,83.0
2010-12-16,0.2267,21.0,0.2638,53.0,0.5194,70.0,,,0.4158,47.0,0.4902,64.0,0.3939,73.0,0.5667,76.0,,,0.6608,83.0
2010-12-15,0.2099,17.0,0.2793,57.0,0.4321,53.0,,,0.4967,64.0,0.496,65.0,0.3969,74.0,0.548,73.0,,,0.6768,85.0
2010-12-14,0.1872,11.0,0.2715,55.0,0.4378,54.0,,,0.5035,66.0,0.4953,65.0,0.4005,74.0,0.5856,80.0,,,0.6745,85.0
2010-12-13,0.224,21.0,0.2955,61.0,0.4118,49.0,,,0.5463,73.0,0.4954,65.0,0.4006,74.0,0.5443,73.0,,,0.6745,85.0
2010-12-10,0.2742,33.0,0.3059,63.0,0.4253,52.0,,,0.4449,54.0,0.4959,65.0,0.4027,74.0,0.5698,77.0,,,0.6666,84.0
2010-12-09,0.3921,57.0,0.3017,63.0,0.4534,57.0,,,0.4921,64.0,0.4956,65.0,0.4032,74.0,0.5905,80.0,,,0.6855,86.0
2010-12-08,0.4086,60.0,0.3244,67.0,0.4542,57.0,,,0.4644,57.0,0.501,65.0,0.4047,75.0,0.5788,78.0,,,0.6824,86.0
2010-12-07,0.3432,49.0,0.3445,70.0,0.4213,51.0,,,0.5001,65.0,0.5003,65.0,0.4056,75.0,0.5731,78.0,,,0.6992,88.0
2010-12-06,0.4051,60.0,0.3216,66.0,0.4501,57.0,,,0.4672,59.0,0.5013,66.0,0.4065,75.0,0.5952,81.0,,,0.6872,87.0
2010-12-03,0.4263,63.0,0.3277,67.0,0.4478,57.0,,,0.4288,50.0,0.5142,66.0,0.4088,75.0,0.6341,85.0,,,0.682,86.0
2010-12-02,0.5419,78.0,0.3058,63.0,0.4915,65.0,,,0.5331,71.0,0.5136,66.0,0.4118,76.0,0.6549,88.0,,,0.7004,88.0
2010-12-01,0.5202,76.0,0.3118,64.0,0.5303,72.0,,,0.5126,67.0,0.5155,66.0,0.4139,76.0,0.6153,83.0,,,0.6753,85.0
2010-11-30,0.4172,62.0,0.3305,68.0,0.5746,77.0,,,0.5919,78.0,0.515,66.0,0.4164,76.0,0.6713,90.0,,,0.7115,90.0
2010-11-29,0.4961,74.0,0.317,65.0,0.5786,77.0,,,0.5308,71.0,0.5298,68.0,0.4186,76.0,0.6218,84.0,,,0.6847,86.0
2010-11-26,0.4975,74.0,0.2804,57.0,0.4823,63.0,,,0.508,66.0,0.5314,68.0,0.4205,77.0,0.6188,83.0,,,0.7077,89.0
2010-11-24,0.5729,81.0,0.3216,66.0,0.4895,64.0,,,0.4805,61.0,0.5396,69.0,0.4244,77.0,0.6226,84.0,,,0.6865,87.0
2010-11-23,0.5268,77.0,0.3272,67.0,0.4929,65.0,,,0.4982,65.0,0.5494,71.0,0.4291,77.0,0.6013,81.0,,,0.6949,88.0
2010-11-22,0.5647,80.0,0.363,72.0,0.4913,65.0,,,0.4728,60.0,0.549,71.0,0.431,78.0,0.6042,82.0,,,0.6664,84.0
2010-11-19,0.5896,82.0,0.3661,73.0,0.4868,64.0,,,0.4464,54.0,0.5689,73.0,0.4342,78.0,0.6329,85.0,,,0.6737,84.0
2010-11-18,0.5795,81.0,0.3743,74.0,0.4812,63.0,,,0.5348,71.0,0.5685,73.0,0.4363,78.0,0.6124,83.0,,,0.6957,88.0
2010-11-17,0.4836,72.0,0.4381,81.0,0.5644,76.0,,,0.5812,77.0,0.5672,73.0,0.4452,78.0,0.6273,85.0,,,0.7149,90.0
2010-11-16,0.5033,74.0,0.4334,81.0,0.6405,84.0,,,0.6478,84.0,0.5697,73.0,0.4461,78.0,0.6277,85.0,,,0.7074,89.0
2010-11-15,0.4679,70.0,0.4122,79.0,0.5266,71.0,,,0.6329,82.0,0.5701,73.0,0.454,79.0,0.6161,83.0,,,0.7339,92.0
2010-11-12,0.6391,85.0,0.4244,80.0,0.5377,72.0,,,0.5257,69.0,0.5856,75.0,0.4556,79.0,0.6305,85.0,,,0.7143,90.0
2010-11-11,0.515,76.0,0.4147,79.0,0.5218,70.0,,,0.4253,50.0,0.5815,74.0,0.4569,79.0,0.6032,82.0,,,0.6781,85.0
2010-11-10,0.5111,75.0,0.3985,77.0,0.504,67.0,,,0.4834,62.0,0.5828,74.0,0.4619,79.0,0.6048,82.0,,,0.6792,85.0
2010-11-09,0.5125,75.0,0.3868,76.0,0.5352,72.0,,,0.482,61.0,0.5841,75.0,0.465,80.0,0.605,82.0,,,0.7009,89.0
2010-11-08,0.3884,57.0,0.3071,64.0,0.4978,66.0,,,0.4621,57.0,0.5867,75.0,0.4641,80.0,0.6438,87.0,,,0.6967,88.0
2010-11-05,0.4062,60.0,0.3181,66.0,0.4741,62.0,,,0.4506,55.0,0.5875,75.0,0.4654,80.0,0.6408,86.0,,,0.7094,89.0
2010-11-04,0.4595,68.0,0.3198,66.0,0.5114,68.0,,,0.4815,61.0,0.5921,75.0,0.4666,80.0,0.6404,86.0,,,0.7063,89.0
2010-11-03,0.1978,13.0,0.313,65.0,0.5335,72.0,,,0.5236,69.0,0.5855,75.0,0.4663,80.0,0.6402,86.0,,,0.6579,83.0
2010-11-02,0.2712,33.0,0.2912,60.0,0.5241,70.0,,,0.5383,72.0,0.6078,77.0,0.4667,80.0,0.6458,87.0,,,0.7241,91.0
2010-11-01,0.2842,36.0,0.2957,61.0,0.5503,74.0,,,0.5253,69.0,0.6096,77.0,0.4736,81.0,0.643,86.0,,,0.727,92.0
2010-10-29,0.2846,36.0,0.3094,64.0,0.5164,69.0,,,0.5261,70.0,0.6164,77.0,0.5002,82.0,0.6502,87.0,,,0.7141,90.0
2010-10-28,0.3906,57.0,0.3725,74.0,0.5166,69.0,,,0.5459,73.0,0.6168,77.0,0.5028,83.0,0.6111,82.0,,,0.7068,89.0
2010-10-27,0.5169,76.0,0.3809,75.0,0.5226,70.0,,,0.5072,66.0,0.6266,78.0,0.5045,83.0,0.637,86.0,,,0.7005,89.0
2010-10-26,0.4989,74.0,0.3796,75.0,0.4732,62.0,,,0.468,59.0,0.6258,78.0,0.5051,83.0,0.6224,84.0,,,0.706,89.0
2010-10-25,0.4995,74.0,0.3845,75.0,0.4271,52.0,,,0.459,57.0,0.6292,79.0,0.5066,84.0,0.612,83.0,,,0.7104,90.0
2010-10-22,0.4536,67.0,0.3928,77.0,0.468,60.0,,,0.4568,56.0,0.628,79.0,0.5064,84.0,0.6335,85.0,,,0.6761,85.0
2010-10-21,0.4949,73.0,0.3933,77.0,0.4695,61.0,,,0.4665,59.0,0.6283,79.0,0.5068,84.0,0.6117,83.0,,,0.6991,88.0
2010-10-20,0.4947,73.0,0.3833,75.0,0.4586,59.0,,,0.4877,63.0,0.6351,79.0,0.5082,84.0,0.6396,86.0,,,0.7101,90.0
2010-10-19,0.382,56.0,0.3152,65.0,0.5055,68.0,,,0.5048,66.0,0.6318,79.0,0.5057,84.0,0.6303,85.0,,,0.7238,91.0
2010-10-18,0.3285,46.0,0.3287,68.0,0.4657,60.0,,,0.5013,65.0,0.6297,79.0,0.5055,83.0,0.6471,87.0,,,0.7115,90.0
2010-10-15,0.3598,52.0,0.36,72.0,0.5087,68.0,,,0.4918,64.0,0.6299,79.0,0.5071,84.0,0.6786,91.0,,,0.71,90.0
2010-10-14,0.3647,53.0,0.3446,70.0,0.5087,68.0,,,0.4773,61.0,0.6299,79.0,0.5069,84.0,0.6456,87.0,,,0.6877,87.0
2010-10-13,0.4291,64.0,0.3606,72.0,0.4782,63.0,,,0.4501,55.0,0.6294,79.0,0.5065,84.0,0.6376,86.0,,,0.6902,87.0
2010-10-12,0.519,76.0,0.3753,74.0,0.4774,62.0,,,0.4816,61.0,0.6282,79.0,0.5073,84.0,0.6432,86.0,,,0.689,87.0
2010-10-11,0.5245,77.0,0.3585,72.0,0.4732,62.0,,,0.4586,56.0,0.6316,79.0,0.5084,84.0,0.634,85.0,,,0.7095,90.0
2010-10-08,0.5367,78.0,0.3948,77.0,0.4049,47.0,,,0.4316,51.0,0.6317,79.0,0.5082,84.0,0.6294,85.0,,,0.6923,87.0
2010-10-07,0.5117,75.0,0.3592,72.0,0.472,61.0,,,0.4203,48.0,0.6294,79.0,0.5068,84.0,0.6469,87.0,,,0.7214,91.0
2010-10-06,0.4864,73.0,0.3614,72.0,0.4352,54.0,,,0.3701,35.0,0.6289,79.0,0.5055,83.0,0.6301,85.0,,,0.7007,89.0
2010-10-05,0.489,73.0,0.3524,71.0,0.3842,43.0,,,0.4206,49.0,0.6284,79.0,0.5053,83.0,0.6403,86.0,,,0.6875,87.0
2010-10-04,0.4327,64.0,0.3291,68.0,0.4984,66.0,,,0.5272,70.0,0.6227,78.0,0.504,83.0,0.6152,83.0,,,0.7261,92.0
2010-10-01,0.3841,56.0,0.3263,67.0,0.4245,52.0,,,0.4445,54.0,0.6209,78.0,0.5034,83.0,0.6571,88.0,,,0.6959,88.0
2010-09-30,0.3508,50.0,0.3344,68.0,0.4203,51.0,,,0.4652,57.0,0.6197,78.0,0.5037,83.0,0.6371,86.0,,,0.706,89.0
2010-09-29,0.3503,50.0,0.3067,64.0,0.4395,55.0,,,0.4606,57.0,0.6196,78.0,0.5024,83.0,0.6348,85.0,,,0.7053,89.0
2010-09-28,0.3487,49.0,0.3281,68.0,0.4262,52.0,,,0.4197,48.0,0.6209,78.0,0.5029,83.0,0.674,90.0,,,0.686,87.0
2010-09-27,0.3518,50.0,0.2869,59.0,0.4202,51.0,,,0.4647,57.0,0.6233,78.0,0.5015,83.0,0.6348,85.0,,,0.7261,92.0
2010-09-24,0.344,49.0,0.2968,61.0,0.3789,41.0,,,0.397,42.0,0.6235,78.0,0.5017,83.0,0.6269,84.0,,,0.6839,86.0
2010-09-23,0.2223,20.0,0.288,59.0,0.4251,52.0,,,0.4596,57.0,0.6199,78.0,0.5018,83.0,0.6499,87.0,,,0.7292,92.0
2010-09-22,0.1826,10.0,0.2779,56.0,0.4517,57.0,,,0.4732,60.0,0.6208,78.0,0.5014,82.0,0.6181,83.0,,,0.7222,91.0
2010-09-21,0.2594,28.0,0.2668,54.0,0.4481,57.0,,,0.4627,57.0,0.6211,78.0,0.5018,83.0,0.655,88.0,,,0.7002,88.0
2010-09-20,0.2314,23.0,0.2503,50.0,0.4805,63.0,,,0.4402,53.0,0.6242,78.0,0.5042,83.0,0.7143,94.0,,,0.7557,94.0
2010-09-17,0.2632,30.0,0.2675,54.0,0.4636,59.0,,,0.4942,64.0,0.6235,78.0,0.5038,83.0,0.6629,89.0,,,0.7412,93.0
2010-09-16,0.2639,31.0,0.2693,54.0,0.5035,67.0,,,0.4952,64.0,0.6249,78.0,0.5046,83.0,0.6512,87.0,,,0.7343,92.0
2010-09-15,0.3028,40.0,0.2659,54.0,0.5149,69.0,,,0.4824,62.0,0.6253,78.0,0.5065,84.0,0.6506,87.0,,,0.7312,92.0
2010-09-14,0.3219,44.0,0.266,54.0,0.3502,35.0,,,0.5032,66.0,0.627,79.0,0.5079,84.0,0.6447,87.0,,,0.7069,89.0
2010-09-13,0.3212,44.0,0.2688,54.0,0.4618,59.0,,,0.4333,51.0,0.6277,79.0,0.5083,84.0,0.6428,86.0,,,0.7185,91.0
2010-09-10,0.4604,68.0,0.3021,63.0,0.5011,67.0,,,0.54,72.0,0.626,78.0,0.5085,84.0,0.6548,88.0,,,0.7316,92.0
2010-09-09,0.4637,69.0,0.3314,68.0,0.4746,62.0,,,0.5163,68.0,0.6277,79.0,0.5086,84.0,0.6188,83.0,,,0.7296,92.0
2010-09-08,0.5231,76.0,0.318,66.0,0.4598,59.0,,,0.5039,66.0,0.6279,79.0,0.5075,84.0,0.67,90.0,,,0.741,93.0
2010-09-07,0.6047,83.0,0.4114,79.0,0.4378,54.0,,,0.5315,71.0,0.628,79.0,0.5075,84.0,0.638,86.0,,,0.7305,92.0
2010-09-03,0.5645,80.0,0.4317,81.0,0.4781,63.0,,,0.4365,52.0,0.6274,79.0,0.508,84.0,0.6733,90.0,,,0.7184,91.0
2010-09-02,0.5773,81.0,0.4633,83.0,0.5035,67.0,,,0.5182,68.0,0.6265,78.0,0.5086,84.0,0.6585,88.0,,,0.7359,92.0
2010-09-01,0.7312,89.0,0.461,83.0,0.5235,70.0,,,0.4875,63.0,0.6259,78.0,0.5085,84.0,0.689,92.0,,,0.7234,91.0
2010-08-31,0.6253,84.0,0.4619,83.0,0.5505,74.0,,,0.5538,74.0,0.6182,78.0,0.5077,84.0,0.7071,93.0,,,0.7528,94.0
2010-08-30,0.5949,82.0,0.4434,82.0,0.4965,66.0,,,0.6461,84.0,0.6199,78.0,0.5071,84.0,0.6416,86.0,,,0.7716,95.0
2010-08-27,0.6128,83.0,0.4675,84.0,0.5357,72.0,,,0.4831,62.0,0.6182,78.0,0.5066,84.0,0.7321,95.0,,,0.7569,94.0
2010-08-26,0.3651,53.0,0.3979,77.0,0.5455,73.0,,,0.6257,82.0,0.6114,77.0,0.5031,83.0,0.6536,88.0,,,0.8235,97.0
2010-08-25,0.5434,78.0,0.3937,77.0,0.6046,80.0,,,0.5449,73.0,0.6128,77.0,0.5025,83.0,0.7247,95.0,,,0.7523,94.0
2010-08-24,0.5522,79.0,0.3727,74.0,0.5248,71.0,,,0.6551,85.0,0.6154,77.0,0.5017,83.0,0.6531,88.0,,,0.7812,96.0
2010-08-23,0.4606,68.0,0.3657,73.0,0.51,68.0,,,0.6012,79.0,0.6107,77.0,0.5018,83.0,0.6452,87.0,,,0.7714,95.0
2010-08-20,0.442,66.0,0.3842,75.0,0.6091,81.0,,,0.5608,75.0,0.6099,77.0,0.5034,83.0,0.6737,90.0,,,0.7437,93.0
2010-08-19,0.6045,83.0,0.396,77.0,0.4722,61.0,,,0.6067,79.0,0.6096,77.0,0.5038,83.0,0.6629,89.0,,,0.7899,96.0
2010-08-18,0.5703,80.0,0.3641,72.0,0.5753,77.0,,,0.5207,69.0,0.6107,77.0,0.5033,83.0,0.6701,90.0,,,0.7149,90.0
2010-08-17,0.5738,81.0,0.3501,71.0,0.535,72.0,,,0.5611,75.0,0.6108,77.0,0.5031,83.0,0.6725,90.0,,,0.7343,92.0
2010-08-16,0.444,66.0,0.3553,71.0,0.6214,82.0,,,0.6298,82.0,0.6069,77.0,0.5032,83.0,0.6922,92.0,,,0.7864,96.0
2010-08-13,0.4274,63.0,0.3363,69.0,0.5253,71.0,,,0.6189,81.0,0.6075,77.0,0.5032,83.0,0.6674,89.0,,,0.7624,94.0
2010-08-12,0.4719,71.0,0.3465,70.0,0.553,74.0,,,0.577,77.0,0.6073,77.0,0.5038,83.0,0.7027,93.0,,,0.7366,93.0
2010-08-11,0.4774,71.0,0.2997,62.0,0.5423,73.0,,,0.599,79.0,0.6122,77.0,0.5024,83.0,0.6742,90.0,,,0.7681,95.0
2010-08-10,0.487,73.0,0.3005,62.0,0.5591,75.0,,,0.5294,70.0,0.6044,76.0,0.5037,83.0,0.6731,90.0,,,0.7041,89.0
2010-08-09,0.4423,66.0,0.3271,67.0,0.5034,67.0,,,0.4832,62.0,0.6066,76.0,0.5054,83.0,0.6346,85.0,,,0.705,89.0
2010-08-06,0.445,66.0,0.3752,74.0,0.4823,63.0,,,0.4676,59.0,0.6069,77.0,0.5067,84.0,0.6564,88.0,,,0.7216,91.0
2010-08-05,0.4604,68.0,0.3562,71.0,0.5227,70.0,,,0.4868,62.0,0.6133,77.0,0.5077,84.0,0.6557,88.0,,,0.6879,87.0
2010-08-04,0.4958,74.0,0.3987,77.0,0.5341,72.0,,,0.5186,68.0,0.6155,77.0,0.5098,84.0,0.6788,91.0,,,0.6899,87.0
2010-08-03,0.4899,73.0,0.3921,76.0,0.5301,71.0,,,0.5697,76.0,0.6168,77.0,0.5137,85.0,0.6547,88.0,,,0.7113,90.0
2010-08-02,0.454,67.0,0.4188,80.0,0.5501,74.0,,,0.4888,63.0,0.6287,79.0,0.5157,85.0,0.6723,90.0,,,0.6889,87.0
2010-07-30,0.4843,72.0,0.4335,81.0,0.7059,89.0,,,0.5125,67.0,0.6233,78.0,0.5161,85.0,0.7178,94.0,,,0.754,94.0
2010-07-29,0.505,75.0,0.4505,83.0,0.5856,78.0,,,0.5758,76.0,0.6231,78.0,0.5156,85.0,0.669,90.0,,,0.7368,93.0
2010-07-28,0.5897,82.0,0.5425,89.0,0.5789,77.0,,,0.5878,78.0,0.6366,79.0,0.5175,85.0,0.6728,90.0,,,0.7502,94.0
2010-07-27,0.5635,80.0,0.5476,89.0,0.5824,78.0,,,0.5712,76.0,0.6405,80.0,0.523,85.0,0.6516,87.0,,,0.7474,93.0
2010-07-26,0.7268,89.0,0.5502,89.0,0.6333,83.0,,,0.5257,69.0,0.6423,80.0,0.5251,85.0,0.6987,93.0,,,0.7119,90.0
2010-07-23,0.7428,90.0,0.5638,90.0,0.5746,77.0,,,0.5582,74.0,0.6423,80.0,0.5277,86.0,0.672,90.0,,,0.7523,94.0
2010-07-22,0.7302,89.0,0.552,89.0,0.5897,79.0,,,0.5975,79.0,0.6411,80.0,0.5279,86.0,0.6829,91.0,,,0.7399,93.0
2010-07-21,0.6517,86.0,0.537,89.0,0.614,81.0,,,0.6262,82.0,0.6343,79.0,0.5271,85.0,0.6582,88.0,,,0.769,95.0
2010-07-20,0.6873,87.0,0.5121,87.0,0.6258,83.0,,,0.4899,63.0,0.6375,79.0,0.528,86.0,0.7296,95.0,,,0.7112,90.0
2010-07-19,0.6074,83.0,0.4167,79.0,0.6801,87.0,,,0.645,84.0,0.6432,80.0,0.5261,85.0,0.7007,93.0,,,0.7802,95.0
2010-07-16,0.6495,86.0,0.4219,80.0,0.56,75.0,,,0.7053,88.0,0.6447,80.0,0.5262,85.0,0.6717,90.0,,,0.8228,97.0
2010-07-15,0.6848,87.0,0.5143,87.0,0.7603,92.0,,,0.4869,63.0,0.641,80.0,0.5251,85.0,0.7237,95.0,,,0.7615,94.0
2010-07-14,0.6615,86.0,0.5627,90.0,0.619,82.0,,,0.5672,76.0,0.6415,80.0,0.5244,85.0,0.7083,94.0,,,0.776,95.0
2010-07-13,0.6719,87.0,0.5783,90.0,0.5641,76.0,,,0.599,79.0,0.6419,80.0,0.5242,85.0,0.667,89.0,,,0.7491,94.0
2010-07-12,0.6997,88.0,0.6346,93.0,0.6984,89.0,,,0.7517,91.0,0.6394,79.0,0.5251,85.0,0.6692,90.0,,,0.7746,95.0
2010-07-09,0.6773,87.0,0.6589,94.0,0.6414,84.0,,,0.5083,66.0,0.6403,80.0,0.5251,85.0,0.7153,94.0,,,0.7484,93.0
2010-07-08,0.8613,93.0,0.6552,93.0,0.7217,90.0,,,0.4994,65.0,0.6372,79.0,0.5248,85.0,0.7339,95.0,,,0.7666,95.0
2010-07-07,0.8372,92.0,0.6546,93.0,0.9074,97.0,,,0.4772,61.0,0.6363,79.0,0.5248,85.0,0.759,96.0,,,0.7636,95.0
2010-07-06,0.5612,80.0,0.5866,91.0,0.8382,95.0,,,0.9232,96.0,0.6215,78.0,0.5184,85.0,0.7534,96.0,,,0.8358,97.0
2010-07-02,0.5639,80.0,0.5542,89.0,0.7382,91.0,,,0.8156,93.0,0.6243,78.0,0.5159,85.0,0.7345,95.0,,,0.8196,97.0
2010-07-01,0.5878,82.0,0.5551,89.0,0.8246,94.0,,,0.8056,93.0,0.6247,78.0,0.5144,85.0,0.7437,95.0,,,0.806,96.0
2010-06-30,0.6056,83.0,0.5257,88.0,0.7527,92.0,,,0.9626,97.0,0.6332,79.0,0.5112,84.0,0.7146,94.0,,,0.8369,97.0
2010-06-29,0.6485,86.0,0.5318,88.0,0.7239,90.0,,,0.8377,94.0,0.6333,79.0,0.5092,84.0,0.7235,95.0,,,0.7991,96.0
2010-06-28,0.5275,77.0,0.5018,86.0,0.6469,84.0,,,0.9006,96.0,0.6229,78.0,0.5074,84.0,0.6578,88.0,,,0.7499,94.0
2010-06-25,0.5118,75.0,0.5188,87.0,0.7025,89.0,,,0.5721,76.0,0.6217,78.0,0.5068,84.0,0.6854,91.0,,,0.7666,95.0
2010-06-24,0.4224,63.0,0.4938,86.0,0.5601,75.0,,,0.7644,91.0,0.6196,78.0,0.505,83.0,0.64,86.0,,,0.7671,95.0
2010-06-23,0.4979,74.0,0.4853,85.0,0.6726,87.0,,,0.6134,80.0,0.6158,77.0,0.503,83.0,0.6601,89.0,,,0.7239,91.0
2010-06-22,0.5054,75.0,0.4848,85.0,0.6041,80.0,,,0.6805,87.0,0.6182,78.0,0.5021,83.0,0.6129,83.0,,,0.7203,91.0
2010-06-21,0.3829,56.0,0.4629,83.0,0.4926,65.0,,,0.6279,82.0,0.6145,77.0,0.4997,82.0,0.6145,83.0,,,0.7097,90.0
2010-06-18,0.5844,81.0,0.4377,81.0,0.6128,81.0,,,0.5669,76.0,0.6154,77.0,0.4969,82.0,0.6297,85.0,,,0.6722,84.0
2010-06-17,0.5933,82.0,0.4985,86.0,0.8038,94.0,,,0.5673,76.0,0.6152,77.0,0.4977,82.0,0.6765,91.0,,,0.7111,90.0
2010-06-16,0.5641,80.0,0.5047,87.0,0.6799,87.0,,,0.6215,81.0,0.6189,78.0,0.4965,82.0,0.6795,91.0,,,0.7111,90.0
2010-06-15,0.6932,88.0,0.5324,88.0,0.823,94.0,,,0.4987,65.0,0.6197,78.0,0.4962,82.0,0.6859,91.0,,,0.7002,88.0
2010-06-14,0.8926,94.0,0.5553,89.0,0.5923,79.0,,,0.7392,90.0,0.6152,77.0,0.4956,82.0,0.6439,87.0,,,0.7506,94.0
2010-06-11,0.9052,94.0,0.58,91.0,0.7424,91.0,,,0.5967,79.0,0.6169,78.0,0.4944,82.0,0.6987,93.0,,,0.7202,91.0
2010-06-10,1.0012,95.0,0.6058,92.0,0.7507,92.0,,,0.5809,77.0,0.6157,77.0,0.4935,82.0,0.7178,94.0,,,0.7531,94.0
2010-06-09,0.9483,94.0,0.6402,93.0,0.7402,91.0,,,0.8309,94.0,0.6036,76.0,0.4923,82.0,0.6903,92.0,,,0.7889,96.0
2010-06-08,0.9464,94.0,0.6166,92.0,0.921,97.0,,,0.7054,88.0,0.6051,76.0,0.4903,82.0,0.7334,95.0,,,0.767,95.0
2010-06-07,1.1747,98.0,0.6347,93.0,0.7371,91.0,,,1.0468,98.0,0.6036,76.0,0.4885,82.0,0.708,94.0,,,0.7988,96.0
2010-06-04,1.1541,97.0,0.6397,93.0,0.6601,86.0,,,0.9471,97.0,0.6006,76.0,0.4869,82.0,0.7048,93.0,,,0.8128,96.0
2010-06-03,1.0385,96.0,0.7127,95.0,0.7692,93.0,,,0.6235,81.0,0.5906,75.0,0.4914,82.0,0.7043,93.0,,,0.758,94.0
2010-06-02,1.0515,96.0,0.6875,94.0,0.7706,93.0,,,0.6536,85.0,0.5917,75.0,0.4894,82.0,0.7152,94.0,,,0.7571,94.0
2010-06-01,1.0104,96.0,0.7511,95.0,0.6648,86.0,,,0.9294,97.0,0.5831,74.0,0.487,82.0,0.6958,92.0,,,0.8121,96.0
2010-05-28,1.065,96.0,0.7226,95.0,0.5906,79.0,,,0.6773,86.0,0.5746,74.0,0.4829,81.0,0.6818,91.0,,,0.763,94.0
2010-05-27,1.0455,96.0,0.7341,95.0,0.6885,88.0,,,0.534,71.0,0.5723,74.0,0.4817,81.0,0.7028,93.0,,,0.7267,92.0
2010-05-26,0.7794,91.0,0.7568,95.0,0.6905,88.0,,,0.7819,92.0,0.5557,72.0,0.48,81.0,0.6912,92.0,,,0.8027,96.0
2010-05-25,0.7825,91.0,0.7742,96.0,0.8716,96.0,,,0.6761,86.0,0.5575,72.0,0.4778,81.0,0.7463,96.0,,,0.7464,93.0
2010-05-24,0.7081,88.0,0.7045,95.0,0.7408,91.0,,,0.919,96.0,0.5547,72.0,0.4694,80.0,0.7126,94.0,,,0.7832,96.0
2010-05-21,0.7083,88.0,0.7061,95.0,0.8722,96.0,,,0.8386,94.0,0.553,72.0,0.4705,80.0,0.7397,95.0,,,0.7783,95.0
2010-05-20,0.7005,88.0,0.6126,92.0,0.8523,95.0,,,1.1872,99.0,0.5469,71.0,0.4622,79.0,0.7336,95.0,,,0.8186,97.0
2010-05-19,0.5371,78.0,0.5947,91.0,0.8638,96.0,,,0.7354,90.0,0.5334,68.0,0.4613,79.0,0.6943,92.0,,,0.7442,93.0
2010-05-18,0.9659,95.0,0.5767,90.0,0.7434,92.0,,,0.8485,95.0,0.5327,68.0,0.4593,79.0,0.6604,89.0,,,0.7429,93.0
2010-05-17,0.9689,95.0,0.5937,91.0,0.8655,96.0,,,0.7511,91.0,0.532,68.0,0.4547,79.0,0.7115,94.0,,,0.7319,92.0
2010-05-14,1.032,96.0,0.8669,97.0,0.7916,94.0,,,0.7122,89.0,0.5357,68.0,0.4514,79.0,0.6715,90.0,,,0.7157,90.0
2010-05-13,0.9797,95.0,0.8694,97.0,0.5594,75.0,,,0.6389,83.0,0.5303,68.0,0.4495,79.0,0.624,84.0,,,0.7064,89.0
2010-05-12,1.0825,96.0,0.879,97.0,0.698,89.0,,,0.5841,77.0,0.5299,68.0,0.4496,79.0,0.6778,91.0,,,0.717,91.0
2010-05-11,1.0009,95.0,0.8746,97.0,0.6678,86.0,,,0.7834,92.0,0.5246,67.0,0.4489,79.0,0.6773,91.0,,,0.7548,94.0
2010-05-10,1.0173,96.0,0.8907,97.0,0.797,94.0,,,0.7283,90.0,0.5234,67.0,0.4488,79.0,0.6862,92.0,,,0.7252,91.0
2010-05-07,0.5334,77.0,0.8772,97.0,0.8907,96.0,,,0.9165,96.0,0.5066,66.0,0.4483,79.0,0.6708,90.0,,,0.7023,89.0
2010-05-06,0.6167,84.0,0.8155,96.0,0.7846,93.0,,,0.825,94.0,0.5044,66.0,0.4435,78.0,0.7089,94.0,,,0.7113,90.0
2010-05-05,0.6222,84.0,0.4874,85.0,0.723,90.0,,,0.6992,88.0,0.5034,66.0,0.414,76.0,0.631,85.0,,,0.6814,86.0
2010-05-04,0.6332,85.0,0.438,81.0,0.6974,89.0,,,0.6404,83.0,0.5029,66.0,0.4128,76.0,0.6149,83.0,,,0.6221,78.0
2010-05-03,0.5817,81.0,0.4037,78.0,0.5532,74.0,,,0.5254,69.0,0.4934,64.0,0.4158,76.0,0.5847,79.0,,,0.6059,75.0
2010-04-30,0.5915,82.0,0.4253,80.0,0.4985,66.0,,,0.5544,74.0,0.4937,64.0,0.4217,77.0,0.5544,74.0,,,0.6328,79.0
2010-04-29,0.5175,76.0,0.3904,76.0,0.4964,66.0,,,0.5053,66.0,0.5013,66.0,0.4253,77.0,0.5672,77.0,,,0.6139,76.0
2010-04-28,0.5055,75.0,0.3938,77.0,0.5093,68.0,,,0.5293,70.0,0.5125,66.0,0.4277,77.0,0.5633,76.0,,,0.6444,81.0
2010-04-27,0.4847,72.0,0.4031,78.0,0.5346,72.0,,,0.5584,74.0,0.5234,67.0,0.4313,78.0,0.5711,77.0,,,0.6228,78.0
2010-04-26,0.3931,57.0,0.3878,76.0,0.419,50.0,,,0.4439,54.0,0.5164,66.0,0.429,77.0,0.5275,69.0,,,0.6018,75.0
2010-04-23,0.3948,57.0,0.3801,75.0,0.4476,56.0,,,0.3952,41.0,0.52,67.0,0.4355,78.0,0.5594,75.0,,,0.6166,77.0
2010-04-22,0.3276,46.0,0.3643,72.0,0.44,55.0,,,0.4527,56.0,0.5213,67.0,0.4378,78.0,0.5727,77.0,,,0.5766,70.0
2010-04-21,0.3043,41.0,0.3167,65.0,0.4664,60.0,,,0.4519,55.0,0.5219,67.0,0.4392,78.0,0.5796,79.0,,,0.5991,74.0
2010-04-20,0.3036,41.0,0.3007,62.0,0.4454,56.0,,,0.4648,57.0,0.523,67.0,0.4403,78.0,0.5583,75.0,,,0.5909,73.0
2010-04-19,0.3097,42.0,0.293,60.0,0.4894,64.0,,,0.484,62.0,0.5237,67.0,0.4424,78.0,0.5766,78.0,,,0.5832,72.0
2010-04-16,0.3114,42.0,0.2693,54.0,0.5091,68.0,,,0.5253,69.0,0.5251,67.0,0.4427,78.0,0.5633,76.0,,,0.5734,70.0
2010-04-14,0.1572,6.0,0.2266,44.0,0.5001,67.0,,,0.4921,64.0,0.522,67.0,0.4416,78.0,0.49,62.0,,,0.5815,71.0
2010-04-13,0.2206,20.0,0.2414,48.0,0.5248,71.0,,,0.499,65.0,0.5245,67.0,0.442,78.0,0.5709,77.0,,,0.5882,73.0
2010-04-12,0.3045,41.0,0.2423,48.0,0.5387,73.0,,,0.5231,69.0,0.5244,67.0,0.4431,78.0,0.5635,76.0,,,0.6606,83.0
2010-04-09,0.318,44.0,0.2439,49.0,0.5307,72.0,,,0.5576,74.0,0.5242,67.0,0.4442,78.0,0.6567,88.0,,,0.5899,73.0
2010-04-08,0.3236,45.0,0.2644,53.0,0.5169,69.0,,,0.5253,69.0,0.5242,67.0,0.445,78.0,0.6505,87.0,,,0.5971,74.0
2010-04-07,0.3418,48.0,0.2643,53.0,0.5546,74.0,,,0.5171,68.0,0.5283,67.0,0.4459,78.0,0.6025,82.0,,,0.5304,63.0
2010-04-06,0.3045,41.0,0.2763,56.0,0.5421,73.0,,,0.5538,74.0,0.5282,67.0,0.4459,78.0,0.6231,84.0,,,0.6528,82.0
2010-04-05,0.4734,71.0,0.3561,71.0,0.5287,71.0,,,0.532,71.0,0.5309,68.0,0.4476,79.0,0.6249,84.0,,,0.6803,85.0
2010-04-01,0.451,67.0,0.3528,71.0,0.5499,74.0,,,0.514,67.0,0.5352,68.0,0.4493,79.0,0.5952,81.0,,,0.5677,69.0
2010-03-31,0.4163,61.0,0.3709,73.0,0.5105,68.0,,,0.5182,68.0,0.5334,68.0,0.452,79.0,0.5768,78.0,,,0.596,74.0
2010-03-30,0.4194,62.0,0.4181,79.0,0.4921,65.0,,,0.5145,67.0,0.5449,70.0,0.4562,79.0,0.5262,69.0,,,0.5636,68.0
2010-03-29,0.4819,72.0,0.4374,81.0,0.4798,63.0,,,0.5329,71.0,0.5455,70.0,0.4581,79.0,0.6487,87.0,,,0.5848,72.0
2010-03-26,0.4537,67.0,0.4483,82.0,0.5222,70.0,,,0.4808,61.0,0.5441,70.0,0.4587,79.0,0.5477,73.0,,,0.5501,66.0
2010-03-25,0.4496,67.0,0.4384,81.0,0.5164,69.0,,,0.4849,62.0,0.5468,71.0,0.4604,79.0,0.5737,78.0,,,0.67,84.0
2010-03-24,0.4131,61.0,0.3759,74.0,0.4475,56.0,,,0.4632,57.0,0.5445,70.0,0.4584,79.0,0.5575,75.0,,,0.5855,72.0
2010-03-23,0.4357,65.0,0.371,73.0,0.4924,65.0,,,0.5455,73.0,0.549,71.0,0.4617,79.0,0.597,81.0,,,0.5575,67.0
2010-03-22,0.4109,61.0,0.3532,71.0,0.4492,57.0,,,0.5055,66.0,0.5519,72.0,0.4626,79.0,0.4886,62.0,,,0.6493,81.0
2010-03-19,0.3873,57.0,0.3105,64.0,0.5382,73.0,,,0.5456,73.0,0.5537,72.0,0.4604,79.0,0.5821,79.0,,,0.6739,85.0
2010-03-18,0.3158,43.0,0.2886,59.0,0.5644,76.0,,,0.5584,74.0,0.5519,72.0,0.4601,79.0,0.4778,60.0,,,0.706,89.0
2010-03-17,0.2799,35.0,0.2751,56.0,0.5824,78.0,,,0.5169,68.0,0.5512,72.0,0.4597,79.0,0.6348,85.0,,,0.6232,78.0
2010-03-16,0.2859,36.0,0.277,56.0,0.5807,78.0,,,0.5044,66.0,0.5515,72.0,0.4615,79.0,0.6795,91.0,,,0.6329,79.0
2010-03-15,0.3118,42.0,0.2866,57.0,0.5791,78.0,,,0.5492,73.0,0.5534,72.0,0.4621,79.0,0.6206,83.0,,,0.63,79.0
2010-03-12,0.2704,32.0,0.2916,60.0,0.575,77.0,,,0.4687,59.0,0.5559,72.0,0.4645,80.0,0.6033,82.0,,,0.5781,71.0
2010-03-11,0.265,31.0,0.3015,62.0,0.5802,78.0,,,0.5392,72.0,0.5573,72.0,0.4679,80.0,0.6657,89.0,,,0.6618,83.0
2010-03-10,0.2938,38.0,0.2978,62.0,0.4951,66.0,,,0.5362,71.0,0.5573,72.0,0.4687,80.0,0.6105,82.0,,,0.6782,85.0
2010-03-09,0.3314,47.0,0.3022,63.0,0.5233,70.0,,,0.5237,69.0,0.5595,73.0,0.4711,80.0,0.6215,84.0,,,0.6237,78.0
2010-03-08,0.2992,40.0,0.3037,63.0,0.5096,68.0,,,0.5131,67.0,0.5594,73.0,0.4715,80.0,0.5518,74.0,,,0.6076,75.0
2010-03-05,0.2597,28.0,0.3679,73.0,0.5105,68.0,,,0.5017,65.0,0.5619,73.0,0.4716,80.0,0.5753,78.0,,,0.6318,79.0
2010-03-04,0.2216,20.0,0.37,73.0,0.5326,72.0,,,0.5221,69.0,0.5602,73.0,0.4732,81.0,0.5579,75.0,,,0.5812,71.0
2010-03-03,0.4442,66.0,0.3997,77.0,0.5324,72.0,,,0.5612,75.0,0.5638,73.0,0.4743,81.0,0.6048,82.0,,,0.6676,84.0
2010-03-02,0.4483,67.0,0.399,77.0,0.5564,74.0,,,0.5613,75.0,0.5639,73.0,0.4753,81.0,0.5799,79.0,,,0.6236,78.0
2010-03-01,0.4211,62.0,0.4087,79.0,0.5566,75.0,,,0.5649,75.0,0.5689,73.0,0.4804,81.0,0.6444,87.0,,,0.5297,63.0
2010-02-26,0.3658,53.0,0.4078,78.0,0.532,72.0,,,0.5493,73.0,0.5696,73.0,0.4795,81.0,0.7512,96.0,,,0.5917,73.0
2010-02-25,0.3638,52.0,0.413,79.0,0.5906,79.0,,,0.5664,75.0,0.5697,73.0,0.4799,81.0,0.7382,95.0,,,0.549,65.0
2010-02-24,0.4959,74.0,0.3605,72.0,0.6278,83.0,,,0.576,76.0,0.5697,73.0,0.4801,81.0,0.5558,74.0,,,0.6651,84.0
2010-02-23,0.4958,74.0,0.3943,77.0,0.5724,77.0,,,0.5955,79.0,0.5699,73.0,0.4805,81.0,0.7256,95.0,,,0.5841,72.0
2010-02-22,0.3641,52.0,0.4117,79.0,0.5675,76.0,,,0.5836,77.0,0.5659,73.0,0.4812,81.0,0.5929,80.0,,,0.6357,79.0
2010-02-19,0.3896,57.0,0.4321,81.0,0.616,82.0,,,0.6119,80.0,0.5665,73.0,0.4824,81.0,0.649,87.0,,,0.6185,77.0
2010-02-18,0.4675,70.0,0.455,83.0,0.645,84.0,,,0.6471,84.0,0.5718,74.0,0.4822,81.0,0.6479,87.0,,,0.6388,80.0
2010-02-17,0.5954,82.0,0.4799,85.0,0.66,86.0,,,0.6391,83.0,0.5713,74.0,0.4816,81.0,0.6366,86.0,,,0.6455,81.0
2010-02-16,0.5922,82.0,0.5464,89.0,0.7106,90.0,,,0.663,85.0,0.5715,74.0,0.486,82.0,0.625,84.0,,,0.5957,74.0
2010-02-12,0.842,92.0,0.5748,90.0,0.6033,80.0,,,0.6543,85.0,0.5691,73.0,0.4862,82.0,0.6072,82.0,,,0.699,88.0
2010-02-11,0.8464,92.0,0.5617,90.0,0.6223,82.0,,,0.6791,87.0,0.5833,75.0,0.4843,81.0,0.6579,88.0,,,0.636,80.0
2010-02-10,0.7838,91.0,0.5391,89.0,0.696,89.0,,,0.7228,89.0,0.5837,75.0,0.4852,81.0,0.6147,83.0,,,0.6761,85.0
2010-02-09,0.9799,95.0,0.5796,91.0,0.7061,89.0,,,0.6702,86.0,0.5878,75.0,0.485,81.0,0.6277,85.0,,,0.6586,83.0
2010-02-08,0.9451,94.0,0.6376,93.0,0.7016,89.0,,,0.7774,92.0,0.5815,74.0,0.4855,82.0,0.624,84.0,,,0.6634,83.0
2010-02-05,0.9516,95.0,0.6627,94.0,0.7163,90.0,,,0.7011,88.0,0.5792,74.0,0.4837,81.0,0.6825,91.0,,,0.7185,91.0
2010-02-04,0.9009,94.0,0.641,93.0,0.712,90.0,,,0.7173,89.0,0.5774,74.0,0.4799,81.0,0.5986,81.0,,,0.6551,82.0
2010-02-03,0.7469,90.0,0.6332,93.0,0.6073,81.0,,,0.6216,81.0,0.5628,73.0,0.4796,81.0,0.6018,81.0,,,0.6327,79.0
2010-02-02,0.7565,90.0,0.6243,92.0,0.6037,80.0,,,0.5891,78.0,0.5625,73.0,0.4807,81.0,0.6258,84.0,,,0.6259,78.0
2010-02-01,0.798,92.0,0.658,93.0,0.6162,82.0,,,0.6052,79.0,0.5626,73.0,0.4811,81.0,0.6565,88.0,,,0.6134,76.0
2010-01-29,0.5279,77.0,0.6733,94.0,0.6225,82.0,,,0.6721,86.0,0.5474,71.0,0.4787,81.0,0.6144,83.0,,,0.7077,89.0
2010-01-28,0.5177,76.0,0.599,91.0,0.6301,83.0,,,0.6486,84.0,0.5538,72.0,0.4742,81.0,0.6033,82.0,,,0.6418,80.0
2010-01-27,0.6569,86.0,0.5508,89.0,0.6309,83.0,,,0.6215,81.0,0.5516,72.0,0.4725,81.0,0.6145,83.0,,,0.6255,78.0
2010-01-26,0.655,86.0,0.5072,87.0,0.623,82.0,,,0.6496,84.0,0.5583,72.0,0.4714,80.0,0.5846,79.0,,,0.6394,80.0
2010-01-25,0.6556,86.0,0.4859,85.0,0.5971,79.0,,,0.6331,82.0,0.5623,73.0,0.4702,80.0,0.5858,80.0,,,0.6386,80.0
2010-01-22,0.6529,86.0,0.5015,86.0,0.6154,82.0,,,0.6103,80.0,0.5633,73.0,0.4712,80.0,0.6044,82.0,,,0.6582,83.0
2010-01-21,0.6478,85.0,0.4558,83.0,0.5534,74.0,,,0.5551,74.0,0.559,73.0,0.4688,80.0,0.5397,72.0,,,0.6202,77.0
2010-01-20,0.4424,66.0,0.387,76.0,0.4841,64.0,,,0.4614,57.0,0.5433,70.0,0.4646,80.0,0.5639,76.0,,,0.5589,67.0
2010-01-19,0.4485,67.0,0.391,76.0,0.4734,62.0,,,0.4465,54.0,0.5489,71.0,0.4694,80.0,0.5802,79.0,,,0.5364,63.0
2010-01-15,0.3641,52.0,0.3758,74.0,0.4823,63.0,,,0.5047,66.0,0.5472,71.0,0.47,80.0,0.5601,75.0,,,0.5813,71.0
2010-01-14,0.4456,66.0,0.4003,77.0,0.7272,91.0,,,0.5202,69.0,0.5491,71.0,0.4749,81.0,0.5851,80.0,,,0.5776,70.0
2010-01-13,0.4316,64.0,0.3925,76.0,0.5063,68.0,,,0.497,65.0,0.5483,71.0,0.476,81.0,0.5879,80.0,,,0.5783,71.0
2010-01-12,0.5917,82.0,0.3853,75.0,0.5036,67.0,,,0.4961,64.0,0.5482,71.0,0.4762,81.0,0.5855,80.0,,,0.5983,74.0
2010-01-11,0.5366,78.0,0.3779,75.0,0.529,71.0,,,0.4947,64.0,0.5479,71.0,0.4784,81.0,0.5762,78.0,,,0.5806,71.0
2010-01-08,0.5347,78.0,0.3339,68.0,0.4711,61.0,,,0.4733,60.0,0.5617,73.0,0.4783,81.0,0.5782,78.0,,,0.5697,69.0
2010-01-07,0.5454,79.0,0.3148,65.0,0.5396,73.0,,,0.5016,65.0,0.5615,73.0,0.4789,81.0,0.5845,79.0,,,0.5876,72.0
2010-01-06,0.5283,77.0,0.3182,66.0,0.5607,75.0,,,0.4869,63.0,0.5642,73.0,0.486,82.0,0.5763,78.0,,,0.5827,71.0
2010-01-05,0.4949,73.0,0.2723,55.0,0.5683,76.0,,,0.4967,64.0,0.5629,73.0,0.4867,82.0,0.6056,82.0,,,0.5922,73.0
2010-01-04,0.5239,77.0,0.2947,61.0,0.5824,78.0,,,0.5582,74.0,0.5635,73.0,0.4877,82.0,0.6005,81.0,,,0.5947,73.0
2009-12-31,0.3271,46.0,0.2629,53.0,0.3988,46.0,,,0.4949,64.0,0.5562,72.0,0.492,82.0,0.568,77.0,,,0.6443,81.0
2009-12-30,0.2575,28.0,0.2545,51.0,0.5145,69.0,,,0.4408,53.0,0.561,73.0,0.4938,82.0,0.5867,80.0,,,0.5956,74.0
2009-12-29,0.2531,27.0,0.2813,57.0,0.4732,62.0,,,0.467,59.0,0.5645,73.0,0.4949,82.0,0.5668,77.0,,,0.6048,75.0
2009-12-28,0.4405,65.0,0.293,60.0,0.5267,71.0,,,0.495,64.0,0.5701,73.0,0.495,82.0,0.5933,80.0,,,0.6261,78.0
2009-12-24,0.4459,66.0,0.294,60.0,0.4909,65.0,,,0.4533,56.0,0.5701,73.0,0.4965,82.0,0.6139,83.0,,,0.5975,74.0
2009-12-23,0.4725,71.0,0.3219,66.0,0.5076,68.0,,,0.4428,54.0,0.5707,74.0,0.4987,82.0,0.5821,79.0,,,0.5448,65.0
2009-12-22,0.4646,69.0,0.3145,65.0,0.5147,69.0,,,0.4411,53.0,0.5689,73.0,0.499,82.0,0.5853,80.0,,,0.6009,74.0
2009-12-21,0.4571,68.0,0.3247,67.0,0.49,65.0,,,0.5106,67.0,0.5687,73.0,0.4994,82.0,0.627,84.0,,,0.6338,79.0
2009-12-18,0.4283,64.0,0.3324,68.0,0.5367,72.0,,,0.5295,70.0,0.5726,74.0,0.5038,83.0,0.6482,87.0,,,0.638,80.0
2009-12-17,0.4652,69.0,0.3452,70.0,0.5459,73.0,,,0.5678,76.0,0.5742,74.0,0.5051,83.0,0.6245,84.0,,,0.6498,82.0
2009-12-16,0.414,61.0,0.3396,69.0,0.5363,72.0,,,0.5328,71.0,0.5702,74.0,0.5075,84.0,0.5775,78.0,,,0.6093,76.0
2009-12-15,0.3948,57.0,0.3507,71.0,0.5724,77.0,,,0.5589,75.0,0.5984,76.0,0.513,84.0,0.6252,84.0,,,0.6564,82.0
2009-12-14,0.4386,65.0,0.4857,85.0,0.5751,77.0,,,0.5418,72.0,0.5976,76.0,0.5136,84.0,0.6545,88.0,,,0.6429,81.0
2009-12-11,0.4055,60.0,0.499,86.0,0.5733,77.0,,,0.4852,62.0,0.596,76.0,0.5157,85.0,0.658,88.0,,,0.6555,82.0
2009-12-10,0.4575,68.0,0.505,87.0,0.5976,80.0,,,0.5156,68.0,0.5985,76.0,0.5177,85.0,0.653,88.0,,,0.6733,84.0
2009-12-09,0.5129,76.0,0.497,86.0,0.5568,75.0,,,0.5787,77.0,0.6031,76.0,0.5222,85.0,0.6924,92.0,,,0.6651,84.0
2009-12-08,0.4709,70.0,0.4809,85.0,0.5962,79.0,,,0.5442,72.0,0.6165,77.0,0.5242,85.0,0.6669,89.0,,,0.6983,88.0
2009-12-07,0.5148,76.0,0.507,87.0,0.5825,78.0,,,0.5701,76.0,0.6158,77.0,0.5248,85.0,0.6651,89.0,,,0.6808,86.0
2009-12-04,0.5622,80.0,0.5038,87.0,0.5566,75.0,,,0.5437,72.0,0.6179,78.0,0.5263,85.0,0.6685,90.0,,,0.6922,87.0
2009-12-03,0.5227,76.0,0.3658,73.0,0.527,71.0,,,0.5659,75.0,0.6157,77.0,0.5234,85.0,0.6406,86.0,,,0.6883,87.0
2009-12-02,0.4569,68.0,0.3876,76.0,0.5287,71.0,,,0.5488,73.0,0.619,78.0,0.5246,85.0,0.6676,89.0,,,0.6727,84.0
2009-12-01,0.4422,66.0,0.382,75.0,0.5411,73.0,,,0.5736,76.0,0.6228,78.0,0.5256,85.0,0.6383,86.0,,,0.65,82.0
2009-11-30,0.4408,65.0,0.4007,78.0,0.6282,83.0,,,0.5934,78.0,0.6222,78.0,0.5301,86.0,0.6679,90.0,,,0.6761,85.0
2009-11-27,0.4308,64.0,0.4062,78.0,0.5719,77.0,,,0.6222,81.0,0.6265,78.0,0.5327,86.0,0.6836,91.0,,,0.7203,91.0
2009-11-25,0.3495,50.0,0.3916,76.0,0.5378,72.0,,,0.5268,70.0,0.633,79.0,0.5367,86.0,0.6561,88.0,,,0.6721,84.0
2009-11-24,0.4375,65.0,0.4041,78.0,0.5679,76.0,,,0.5474,73.0,0.6321,79.0,0.5369,86.0,0.652,88.0,,,0.6709,84.0
2009-11-23,0.4356,65.0,0.4141,79.0,0.5999,80.0,,,0.5825,77.0,0.6434,80.0,0.5404,86.0,0.6503,87.0,,,0.6823,86.0
2009-11-20,0.4542,68.0,0.3987,77.0,0.6371,84.0,,,0.5996,79.0,0.6458,80.0,0.5393,86.0,0.6904,92.0,,,0.6767,85.0
2009-11-19,0.4545,68.0,0.4015,78.0,0.6698,87.0,,,0.6172,80.0,0.6476,80.0,0.5409,86.0,0.6981,93.0,,,0.6778,85.0
2009-11-18,0.3668,53.0,0.39,76.0,0.6393,84.0,,,0.5928,78.0,0.648,80.0,0.5439,86.0,0.6736,90.0,,,0.6879,87.0
2009-11-17,0.4875,73.0,0.3949,77.0,0.6042,80.0,,,0.5988,79.0,0.65,80.0,0.5498,87.0,0.6797,91.0,,,0.6845,86.0
2009-11-16,0.4991,74.0,0.4179,79.0,0.6247,83.0,,,0.6354,83.0,0.6496,80.0,0.5502,87.0,0.6913,92.0,,,0.6633,83.0
2009-11-13,0.5233,76.0,0.4239,80.0,0.5859,78.0,,,0.529,70.0,0.6509,80.0,0.5511,87.0,0.6256,84.0,,,0.6387,80.0
2009-11-12,0.5508,79.0,0.4426,82.0,0.6671,86.0,,,0.6004,79.0,0.6509,80.0,0.5563,87.0,0.6426,86.0,,,0.6786,85.0
2009-11-11,0.5087,75.0,0.5041,87.0,0.6033,80.0,,,0.6297,82.0,0.6527,80.0,0.5569,87.0,0.6366,86.0,,,0.6625,83.0
2009-11-10,0.5077,75.0,0.5881,91.0,0.6809,88.0,,,0.605,79.0,0.665,82.0,0.5599,87.0,0.6555,88.0,,,0.6494,82.0
2009-11-09,0.7817,91.0,0.6561,93.0,0.6837,88.0,,,0.6109,80.0,0.6651,82.0,0.5627,87.0,0.6382,86.0,,,0.6579,83.0
2009-11-06,0.8044,92.0,0.671,94.0,0.6927,89.0,,,0.6405,83.0,0.659,81.0,0.5668,88.0,0.6637,89.0,,,0.6895,87.0
2009-11-05,0.9734,95.0,0.6896,94.0,0.7021,89.0,,,0.6834,87.0,0.6758,82.0,0.5683,88.0,0.6725,90.0,,,0.697,88.0
2009-11-04,0.9045,94.0,0.6793,94.0,0.741,91.0,,,0.7792,92.0,0.6711,82.0,0.5706,88.0,0.698,93.0,,,0.7438,93.0
2009-11-03,0.927,94.0,0.7293,95.0,0.7909,93.0,,,0.7355,90.0,0.6739,82.0,0.5698,88.0,0.6986,93.0,,,0.7211,91.0
2009-11-02,0.863,93.0,0.7045,95.0,0.7792,93.0,,,0.8206,93.0,0.6769,83.0,0.5681,88.0,0.7485,96.0,,,0.7452,93.0
2009-10-30,0.8785,93.0,0.6694,94.0,0.7922,94.0,,,0.8123,93.0,0.6822,83.0,0.573,89.0,0.7203,94.0,,,0.7489,93.0
2009-10-29,0.8009,92.0,0.6185,92.0,0.651,85.0,,,0.6247,81.0,0.6732,82.0,0.5699,88.0,0.6377,86.0,,,0.6461,81.0
2009-10-28,0.4658,69.0,0.6184,92.0,0.7356,91.0,,,0.734,90.0,0.6653,82.0,0.5701,88.0,0.641,86.0,,,0.6891,87.0
2009-10-27,0.457,68.0,0.5824,91.0,0.5969,79.0,,,0.6732,86.0,0.6835,83.0,0.5749,89.0,0.6057,82.0,,,0.6578,83.0
2009-10-26,0.4549,68.0,0.5741,90.0,0.6179,82.0,,,0.6178,81.0,0.6832,83.0,0.5777,89.0,0.5599,75.0,,,0.6701,84.0
2009-10-23,0.425,63.0,0.4895,85.0,0.6047,80.0,,,0.6184,81.0,0.6836,83.0,0.5743,89.0,0.6312,85.0,,,0.6491,81.0
2009-10-22,0.4266,63.0,0.4454,82.0,0.569,76.0,,,0.5951,79.0,0.6842,83.0,0.5747,89.0,0.6544,88.0,,,0.6174,77.0
2009-10-21,0.4097,60.0,0.401,78.0,0.5831,78.0,,,0.6009,79.0,0.6848,83.0,0.5734,89.0,0.6052,82.0,,,0.688,87.0
2009-10-20,0.3678,53.0,0.3897,76.0,0.6205,82.0,,,0.5946,79.0,0.6869,83.0,0.5736,89.0,0.6378,86.0,,,0.6603,83.0
2009-10-19,0.3311,46.0,0.3545,71.0,0.6005,80.0,,,0.6209,81.0,0.6946,84.0,0.5772,89.0,0.6416,86.0,,,0.6468,81.0
2009-10-16,0.392,57.0,0.3501,71.0,0.6166,82.0,,,0.6504,84.0,0.6938,84.0,0.5772,89.0,0.6543,88.0,,,0.6927,87.0
2009-10-15,0.2983,39.0,0.3581,72.0,0.6629,86.0,,,0.6329,82.0,0.6925,84.0,0.5861,90.0,0.6376,86.0,,,0.6534,82.0
2009-10-14,0.3161,43.0,0.3816,75.0,0.6054,80.0,,,0.6413,83.0,0.6958,84.0,0.5916,91.0,0.6449,87.0,,,0.671,84.0
2009-10-13,0.3703,54.0,0.4162,79.0,0.6572,85.0,,,0.5556,74.0,0.7155,85.0,0.5949,91.0,0.6601,89.0,,,0.662,83.0
2009-10-12,0.4425,66.0,0.4463,82.0,0.6735,87.0,,,0.6351,82.0,0.7155,85.0,0.5948,91.0,0.6296,85.0,,,0.6723,84.0
2009-10-09,0.7419,90.0,0.5008,86.0,0.6639,86.0,,,0.5178,68.0,0.7156,85.0,0.5962,92.0,0.6621,89.0,,,0.6595,83.0
2009-10-08,0.7566,90.0,0.5284,88.0,0.6125,81.0,,,0.6057,79.0,0.7158,85.0,0.5974,92.0,0.6802,91.0,,,0.6911,87.0
2009-10-07,0.6993,88.0,0.5245,88.0,0.6109,81.0,,,0.6214,81.0,0.7156,85.0,0.5985,92.0,0.6672,89.0,,,0.6863,87.0
2009-10-06,0.7413,90.0,0.5556,89.0,0.6732,87.0,,,0.6598,85.0,0.7163,85.0,0.6025,92.0,0.709,94.0,,,0.7083,89.0
2009-10-05,0.7164,88.0,0.549,89.0,0.7252,91.0,,,0.6556,85.0,0.7276,85.0,0.6025,92.0,0.6927,92.0,,,0.6946,88.0
2009-10-02,0.5912,82.0,0.5688,90.0,0.6905,88.0,,,0.7018,88.0,0.7245,85.0,0.6026,93.0,0.7129,94.0,,,0.7348,92.0
2009-10-01,0.6113,83.0,0.5571,90.0,0.6642,86.0,,,0.676,86.0,0.7334,85.0,0.6015,92.0,0.6905,92.0,,,0.7456,93.0
2009-09-30,0.5908,82.0,0.4928,86.0,0.6296,83.0,,,0.6346,82.0,0.7258,85.0,0.5993,92.0,0.6508,87.0,,,0.7029,89.0
2009-09-29,0.5898,82.0,0.4729,84.0,0.6144,81.0,,,0.6222,81.0,0.7271,85.0,0.5997,92.0,0.6483,87.0,,,0.7079,89.0
2009-09-28,0.5875,82.0,0.4666,84.0,0.6542,85.0,,,0.6397,83.0,0.7367,85.0,0.6018,92.0,0.7049,93.0,,,0.727,92.0
2009-09-25,0.4646,69.0,0.4584,83.0,0.667,86.0,,,0.6825,87.0,0.7417,85.0,0.6118,93.0,0.7084,94.0,,,0.732,92.0
2009-09-24,0.5948,82.0,0.4491,82.0,0.645,84.0,,,0.6953,88.0,0.7399,85.0,0.6132,93.0,0.6982,93.0,,,0.7279,92.0
2009-09-23,0.5838,81.0,0.4293,80.0,0.6524,85.0,,,0.6326,82.0,0.7475,85.0,0.6115,93.0,0.6596,89.0,,,0.7146,90.0
2009-09-22,0.4599,68.0,0.4597,83.0,0.661,86.0,,,0.6333,82.0,0.7463,85.0,0.6111,93.0,0.6725,90.0,,,0.6838,86.0
2009-09-21,0.4433,66.0,0.4819,85.0,0.6539,85.0,,,0.627,82.0,0.7498,86.0,0.6131,93.0,0.6873,92.0,,,0.6905,87.0
2009-09-18,0.4214,62.0,0.5158,87.0,0.6728,87.0,,,0.6681,86.0,0.7492,86.0,0.6205,93.0,0.6707,90.0,,,0.6932,88.0
2009-09-17,0.372,54.0,0.5204,88.0,0.7125,90.0,,,0.6783,86.0,0.7488,86.0,0.6228,93.0,0.6604,89.0,,,0.6806,86.0
2009-09-16,0.2715,33.0,0.4929,86.0,0.6897,88.0,,,0.6396,83.0,0.7653,86.0,0.6275,94.0,0.6662,89.0,,,0.6762,85.0
2009-09-15,0.2456,26.0,0.5148,87.0,0.6523,85.0,,,0.6868,87.0,0.7672,86.0,0.6302,94.0,0.6591,88.0,,,0.6801,85.0
2009-09-14,0.256,28.0,0.4985,86.0,0.7291,91.0,,,0.5437,72.0,0.7707,86.0,0.6301,94.0,0.6777,91.0,,,0.6638,83.0
2009-09-11,0.262,30.0,0.4627,83.0,0.5865,78.0,,,0.5911,78.0,0.7744,86.0,0.6365,94.0,0.6709,90.0,,,0.6931,87.0
2009-09-10,0.5494,79.0,0.534,89.0,0.632,83.0,,,0.5266,70.0,0.7743,86.0,0.6382,94.0,0.6923,92.0,,,0.6634,83.0
2009-09-09,0.6224,84.0,0.4823,85.0,0.5818,78.0,,,0.5883,78.0,0.7733,86.0,0.6391,94.0,0.6789,91.0,,,0.7005,89.0
2009-09-08,0.6216,84.0,0.4828,85.0,0.5783,77.0,,,0.6408,83.0,0.7733,86.0,0.6399,94.0,0.6974,93.0,,,0.7205,91.0
2009-09-04,0.5763,81.0,0.5289,88.0,0.6122,81.0,,,0.5826,77.0,0.7762,86.0,0.6456,94.0,0.7049,93.0,,,0.7116,90.0
2009-09-03,0.5548,79.0,0.5105,87.0,0.6634,86.0,,,0.6271,82.0,0.7759,86.0,0.6456,94.0,0.7193,94.0,,,0.711,90.0
2009-09-02,0.4309,64.0,0.5248,88.0,0.6763,87.0,,,0.6865,87.0,0.8009,87.0,0.6511,95.0,0.688,92.0,,,0.7078,89.0
2009-09-01,0.3824,56.0,0.5296,88.0,0.6524,85.0,,,0.6842,87.0,0.802,87.0,0.6531,95.0,0.6895,92.0,,,0.7356,92.0
2009-08-31,0.4904,73.0,0.4463,82.0,0.6305,83.0,,,0.649,84.0,0.7966,86.0,0.6554,95.0,0.6777,91.0,,,0.69,87.0
2009-08-28,0.4139,61.0,0.45,82.0,0.6063,81.0,,,0.6258,82.0,0.8052,87.0,0.6591,95.0,0.6943,92.0,,,0.7027,89.0
2009-08-27,0.4155,61.0,0.5246,88.0,0.6186,82.0,,,0.5805,77.0,0.8159,87.0,0.6608,95.0,0.6903,92.0,,,0.6803,85.0
2009-08-26,0.4585,68.0,0.4838,85.0,0.632,83.0,,,0.6292,82.0,0.8171,87.0,0.6628,95.0,0.6734,90.0,,,0.6836,86.0
2009-08-25,0.7522,90.0,0.4694,84.0,0.5945,79.0,,,0.6522,84.0,0.8481,88.0,0.6699,95.0,0.6554,88.0,,,0.6958,88.0
2009-08-24,0.796,91.0,0.4882,85.0,0.6127,81.0,,,0.6407,83.0,0.8476,88.0,0.6728,95.0,0.6186,83.0,,,0.6858,86.0
2009-08-21,0.8532,93.0,0.4806,85.0,0.6435,84.0,,,0.6146,80.0,0.8479,88.0,0.6759,95.0,0.706,93.0,,,0.6799,85.0
2009-08-20,0.7845,91.0,0.5134,87.0,0.6778,87.0,,,0.5403,72.0,0.8475,88.0,0.6781,95.0,0.7306,95.0,,,0.7082,89.0
2009-08-19,0.7793,91.0,0.5156,87.0,0.6198,82.0,,,0.6092,80.0,0.8536,88.0,0.6852,95.0,0.7161,94.0,,,0.708,89.0
2009-08-18,0.7719,91.0,0.4403,81.0,0.7952,94.0,,,0.6469,84.0,0.8733,88.0,0.6959,95.0,0.7089,94.0,,,0.6982,88.0
2009-08-17,0.7066,88.0,0.4658,84.0,0.7444,92.0,,,0.8119,93.0,0.8731,88.0,0.6982,96.0,0.6998,93.0,,,0.7239,91.0
2009-08-14,0.4777,71.0,0.5034,87.0,0.5976,80.0,,,0.6286,82.0,0.8629,88.0,0.702,96.0,0.6847,91.0,,,0.704,89.0
2009-08-13,0.3669,53.0,0.4696,84.0,0.5946,79.0,,,0.5828,77.0,0.8601,88.0,0.7021,96.0,0.7079,94.0,,,0.6951,88.0
2009-08-12,0.1814,10.0,0.4772,84.0,0.6369,84.0,,,0.6499,84.0,0.8766,89.0,0.703,96.0,0.6753,90.0,,,0.7167,90.0
2009-08-11,0.5156,76.0,0.4613,83.0,0.683,88.0,,,0.6397,83.0,0.8775,89.0,0.702,96.0,0.7003,93.0,,,0.6992,88.0
2009-08-10,0.5179,76.0,0.4996,86.0,0.706,89.0,,,0.7288,90.0,0.8779,89.0,0.7059,96.0,0.6864,92.0,,,0.7171,91.0
2009-08-07,0.5772,81.0,0.5178,87.0,0.501,67.0,,,0.8574,95.0,0.8776,89.0,0.7089,96.0,0.6282,85.0,,,0.7609,94.0
2009-08-06,0.7068,88.0,0.4934,86.0,0.6769,87.0,,,0.6598,85.0,0.8896,89.0,0.7184,96.0,0.7106,94.0,,,0.7218,91.0
2009-08-05,0.7343,89.0,0.4803,85.0,0.6644,86.0,,,0.676,86.0,0.8892,89.0,0.7198,96.0,0.6715,90.0,,,0.6745,85.0
2009-08-04,0.7332,89.0,0.4757,84.0,0.6818,88.0,,,0.644,84.0,0.8962,89.0,0.723,96.0,0.7,93.0,,,0.687,87.0
2009-08-03,0.7292,89.0,0.4678,84.0,0.6692,87.0,,,0.6878,87.0,0.8988,89.0,0.7274,96.0,0.6735,90.0,,,0.696,88.0
2009-07-31,0.6994,88.0,0.5289,88.0,0.627,83.0,,,0.6558,85.0,0.8939,89.0,0.7281,96.0,0.7017,93.0,,,0.6843,86.0
2009-07-30,0.7068,88.0,0.5116,87.0,0.686,88.0,,,0.6475,84.0,0.8944,89.0,0.7277,96.0,0.6827,91.0,,,0.6942,88.0
2009-07-29,0.6528,86.0,0.5625,90.0,0.675,87.0,,,0.642,83.0,0.8936,89.0,0.7283,96.0,0.7201,94.0,,,0.7095,90.0
2009-07-28,0.5011,74.0,0.5766,90.0,0.6633,86.0,,,0.6297,82.0,0.8973,89.0,0.7336,96.0,0.7016,93.0,,,0.7018,89.0
2009-07-27,0.4302,64.0,0.5786,91.0,0.6817,88.0,,,0.6188,81.0,0.9017,89.0,0.7336,96.0,0.6988,93.0,,,0.6887,87.0
2009-07-24,0.4539,67.0,0.6074,92.0,0.6567,85.0,,,0.6035,79.0,0.9081,89.0,0.7347,96.0,0.7311,95.0,,,0.6645,83.0
2009-07-23,0.5886,82.0,0.6154,92.0,0.6347,83.0,,,0.6046,79.0,0.9085,89.0,0.7358,96.0,0.6865,92.0,,,0.6427,81.0
2009-07-22,0.5513,79.0,0.5594,90.0,0.6587,85.0,,,0.6575,85.0,0.9067,89.0,0.7383,96.0,0.6853,91.0,,,0.6816,86.0
2009-07-21,0.4915,73.0,0.6412,93.0,0.7014,89.0,,,0.6183,81.0,0.9098,89.0,0.7472,96.0,0.6944,92.0,,,0.6647,84.0
2009-07-20,0.5735,81.0,0.6007,91.0,0.4841,64.0,,,0.816,93.0,0.9116,89.0,0.7462,96.0,0.5992,81.0,,,0.7731,95.0
2009-07-17,0.5659,80.0,0.5953,91.0,0.6039,80.0,,,0.7054,88.0,0.9214,89.0,0.7518,96.0,0.6369,86.0,,,0.7125,90.0
2009-07-16,0.594,82.0,0.6482,93.0,0.7069,89.0,,,0.611,80.0,0.9404,90.0,0.7572,96.0,0.6702,90.0,,,0.6884,87.0
2009-07-15,0.7624,90.0,0.6383,93.0,0.6915,88.0,,,0.5637,75.0,0.9395,89.0,0.7605,96.0,0.6996,93.0,,,0.6911,87.0
2009-07-14,0.5939,82.0,0.6304,92.0,0.6925,88.0,,,0.7212,89.0,0.9321,89.0,0.7695,96.0,0.7518,96.0,,,0.7605,94.0
2009-07-13,0.6331,85.0,0.6127,92.0,0.7185,90.0,,,0.7371,90.0,0.9422,90.0,0.7709,96.0,0.7333,95.0,,,0.7608,94.0
2009-07-10,0.468,70.0,0.5327,88.0,0.6749,87.0,,,0.7146,89.0,0.9398,89.0,0.7678,96.0,0.7517,96.0,,,0.7689,95.0
2009-07-09,0.4653,69.0,0.5325,88.0,0.753,92.0,,,0.771,92.0,0.9502,90.0,0.7704,96.0,0.7481,96.0,,,0.7771,95.0
2009-07-08,0.4012,59.0,0.5327,88.0,0.7585,92.0,,,0.7509,91.0,0.9536,90.0,0.7725,96.0,0.7814,97.0,,,0.8121,96.0
2009-07-07,0.4121,61.0,0.445,82.0,0.728,91.0,,,0.7901,92.0,0.9572,90.0,0.7727,96.0,0.6884,92.0,,,0.7694,95.0
2009-07-06,0.552,79.0,0.4914,86.0,0.8106,94.0,,,0.6506,84.0,0.965,90.0,0.7742,96.0,0.7419,95.0,,,0.7142,90.0
2009-07-02,0.5507,79.0,0.5101,87.0,0.6229,82.0,,,0.652,84.0,0.9688,90.0,0.7765,96.0,0.6754,91.0,,,0.7274,92.0
2009-07-01,0.4055,60.0,0.555,89.0,0.5974,80.0,,,0.7009,88.0,0.9656,90.0,0.7801,96.0,0.672,90.0,,,0.7479,93.0
2009-06-30,0.9339,94.0,0.6184,92.0,0.6924,88.0,,,0.6461,84.0,0.975,90.0,0.7848,96.0,0.7146,94.0,,,0.7276,92.0
2009-06-29,0.9293,94.0,0.6094,92.0,0.5943,79.0,,,0.7008,88.0,0.9754,90.0,0.7856,96.0,0.6976,93.0,,,0.7714,95.0
2009-06-26,0.928,94.0,0.6324,92.0,0.6797,87.0,,,0.7409,90.0,0.9785,91.0,0.7874,96.0,0.7237,95.0,,,0.7715,95.0
2009-06-25,0.951,95.0,0.6599,94.0,0.8435,95.0,,,0.7892,92.0,0.9794,91.0,0.7895,96.0,0.7612,96.0,,,0.7663,95.0
2009-06-24,0.884,93.0,0.6677,94.0,0.8329,95.0,,,0.8093,93.0,0.9787,91.0,0.788,96.0,0.8069,97.0,,,0.8107,96.0
2009-06-23,0.8839,93.0,0.6833,94.0,0.8278,95.0,,,0.896,96.0,0.9785,91.0,0.7869,96.0,0.7486,96.0,,,0.7797,95.0
2009-06-22,0.7518,90.0,0.6569,93.0,0.9177,97.0,,,0.9725,97.0,0.9778,91.0,0.787,96.0,0.7359,95.0,,,0.8337,97.0
2009-06-19,0.6676,87.0,0.6059,92.0,0.7303,91.0,,,0.8419,94.0,0.9695,90.0,0.7915,97.0,0.7192,94.0,,,0.7835,96.0
2009-06-18,0.6521,86.0,0.6436,93.0,0.7573,92.0,,,0.8392,94.0,0.9697,90.0,0.7923,97.0,0.7043,93.0,,,0.7996,96.0
2009-06-17,0.8321,92.0,0.6424,93.0,0.7833,93.0,,,0.8509,95.0,0.9799,91.0,0.7996,97.0,0.7013,93.0,,,0.7802,95.0
2009-06-16,0.8508,93.0,0.6334,93.0,0.7615,92.0,,,0.8707,95.0,0.9786,91.0,0.8008,97.0,0.6832,91.0,,,0.7739,95.0
2009-06-15,0.8228,92.0,0.6273,92.0,0.8809,96.0,,,0.8276,94.0,0.9907,91.0,0.8033,97.0,0.6906,92.0,,,0.7636,95.0
2009-06-12,0.704,88.0,0.6241,92.0,0.7354,91.0,,,0.7266,89.0,0.9816,91.0,0.8068,97.0,0.6904,92.0,,,0.733,92.0
2009-06-11,0.8598,93.0,0.6945,94.0,0.701,89.0,,,0.7166,89.0,0.9805,91.0,0.8162,97.0,0.6765,91.0,,,0.7213,91.0
2009-06-10,0.8301,92.0,0.6733,94.0,0.7726,93.0,,,0.7686,92.0,0.9852,91.0,0.8244,97.0,0.7167,94.0,,,0.7331,92.0
2009-06-09,0.988,95.0,0.675,94.0,0.6835,88.0,,,0.7163,89.0,0.9928,91.0,0.8244,97.0,0.6834,91.0,,,0.7139,90.0
2009-06-08,0.9491,95.0,0.6533,93.0,0.7364,91.0,,,0.8371,94.0,0.9893,91.0,0.8297,97.0,0.6919,92.0,,,0.7619,94.0
2009-06-05,0.8715,93.0,0.6588,93.0,0.772,93.0,,,0.622,81.0,1.0205,92.0,0.8356,97.0,0.641,86.0,,,0.7274,92.0
2009-06-04,0.9196,94.0,0.6511,93.0,0.8486,95.0,,,0.6399,83.0,1.0223,92.0,0.846,97.0,0.7453,95.0,,,0.7076,89.0
2009-06-03,0.9039,94.0,0.7029,95.0,0.9235,97.0,,,0.6965,88.0,1.0236,92.0,0.8496,97.0,0.6543,88.0,,,0.7446,93.0
2009-06-02,0.6252,84.0,0.6416,93.0,0.7825,93.0,,,0.6359,83.0,1.0165,92.0,0.8502,97.0,0.7073,93.0,,,0.7022,89.0
2009-06-01,0.7879,91.0,0.6615,94.0,0.7472,92.0,,,0.6523,84.0,1.0237,92.0,0.8536,97.0,0.6468,87.0,,,0.6754,85.0
2009-05-29,0.622,84.0,0.6923,94.0,0.743,92.0,,,0.7079,89.0,1.0528,92.0,0.8589,97.0,0.7101,94.0,,,0.6977,88.0
2009-05-28,0.6235,84.0,0.7076,95.0,0.8363,95.0,,,0.7112,89.0,1.0517,92.0,0.8591,97.0,0.7145,94.0,,,0.7136,90.0
2009-05-27,0.8042,92.0,0.7298,95.0,0.6751,87.0,,,0.8283,94.0,1.0593,92.0,0.87,97.0,0.6087,82.0,,,0.7865,96.0
2009-05-26,0.7407,90.0,0.7212,95.0,0.7664,92.0,,,0.7369,90.0,1.0602,93.0,0.8715,97.0,0.763,96.0,,,0.7484,93.0
2009-05-22,0.7225,89.0,0.7008,95.0,0.7043,89.0,,,0.7529,91.0,1.0783,93.0,0.8808,97.0,0.6606,89.0,,,0.7236,91.0
2009-05-21,1.0089,95.0,0.7313,95.0,0.6816,88.0,,,0.7189,89.0,1.1232,95.0,0.8959,97.0,0.6528,88.0,,,0.6969,88.0
2009-05-20,0.9443,94.0,0.7525,95.0,0.6921,88.0,,,0.6805,87.0,1.158,95.0,0.9117,97.0,0.5583,75.0,,,0.7355,92.0
2009-05-19,0.99,95.0,0.6827,94.0,0.7184,90.0,,,0.6228,81.0,1.1823,95.0,0.9214,97.0,0.6287,85.0,,,0.6294,79.0
2009-05-18,1.0245,96.0,0.6913,94.0,0.6783,87.0,,,0.6589,85.0,1.1824,95.0,0.9258,97.0,0.6537,88.0,,,0.6863,87.0
2009-05-15,0.8534,93.0,0.7796,96.0,0.7014,89.0,,,0.7424,90.0,1.18,95.0,0.9267,97.0,0.6343,85.0,,,0.682,86.0
2009-05-14,0.8735,93.0,0.7581,95.0,0.7333,91.0,,,0.8418,94.0,1.189,95.0,0.93,97.0,0.7254,95.0,,,0.6951,88.0
2009-05-13,0.8251,92.0,0.7192,95.0,0.9887,98.0,,,0.8127,93.0,1.225,95.0,0.9597,97.0,0.6842,91.0,,,0.7398,93.0
2009-05-12,1.0672,96.0,0.7805,96.0,0.7241,90.0,,,0.8057,93.0,1.2327,95.0,0.9616,97.0,0.6762,91.0,,,0.677,85.0
2009-05-11,1.0657,96.0,0.7787,96.0,0.8251,94.0,,,0.7949,92.0,1.2428,95.0,0.9623,97.0,0.6671,89.0,,,0.701,89.0
2009-05-08,0.9953,95.0,0.7896,96.0,0.9871,98.0,,,0.7259,89.0,1.241,95.0,0.9679,97.0,0.6994,93.0,,,0.6607,83.0
2009-05-07,0.9914,95.0,0.7937,96.0,0.8791,96.0,,,0.8831,96.0,1.242,95.0,0.9697,97.0,0.6274,85.0,,,0.7487,93.0
2009-05-06,0.8673,93.0,0.6768,94.0,0.9755,97.0,,,0.8177,93.0,1.2559,95.0,0.9703,98.0,0.675,90.0,,,0.7122,90.0
2009-05-05,0.9844,95.0,0.6756,94.0,0.9907,98.0,,,0.7639,91.0,1.2699,96.0,0.9753,98.0,0.702,93.0,,,0.681,86.0
2009-05-04,0.9618,95.0,0.7262,95.0,0.8895,96.0,,,0.6753,86.0,1.2803,96.0,0.9765,98.0,0.7638,96.0,,,0.6592,83.0
2009-05-01,0.7102,88.0,0.6212,92.0,0.7207,90.0,,,0.7619,91.0,1.2662,96.0,0.9737,98.0,0.7023,93.0,,,0.7212,91.0
2009-04-30,0.7113,88.0,0.7096,95.0,0.7069,89.0,,,0.806,93.0,1.266,96.0,0.9775,98.0,0.6664,89.0,,,0.7645,95.0
2009-04-29,0.7106,88.0,0.7721,96.0,0.782,93.0,,,0.8418,94.0,1.2682,96.0,0.9835,98.0,0.7361,95.0,,,0.7655,95.0
2009-04-28,1.028,96.0,0.7854,96.0,0.81,94.0,,,0.8982,96.0,1.2708,96.0,0.9985,98.0,0.7367,95.0,,,0.7888,96.0
2009-04-27,1.0224,96.0,0.7766,96.0,0.8767,96.0,,,0.9121,96.0,1.3199,96.0,1.0264,98.0,0.7362,95.0,,,0.7944,96.0
2009-04-24,0.9798,95.0,0.7884,96.0,0.7886,93.0,,,0.8472,95.0,1.3315,96.0,1.0337,98.0,0.7873,97.0,,,0.7443,93.0
2009-04-23,0.8427,92.0,0.738,95.0,0.8477,95.0,,,0.8372,94.0,1.3307,96.0,1.0413,98.0,0.7514,96.0,,,0.7749,95.0
2009-04-22,0.8657,93.0,0.7523,95.0,0.8078,94.0,,,0.8883,96.0,1.332,96.0,1.0538,98.0,0.6676,89.0,,,0.7994,96.0
2009-04-21,0.8854,93.0,0.6874,94.0,0.8722,96.0,,,0.8007,93.0,1.353,96.0,1.0583,98.0,0.7979,97.0,,,0.7619,94.0
2009-04-20,1.0461,96.0,0.6138,92.0,0.8584,96.0,,,0.927,96.0,1.3605,96.0,1.0579,98.0,0.6789,91.0,,,0.8303,97.0
2009-04-17,0.6472,85.0,0.5792,91.0,0.8288,95.0,,,0.7877,92.0,1.3754,96.0,1.064,98.0,0.76,96.0,,,0.7398,93.0
2009-04-16,0.8891,93.0,0.5847,91.0,0.6824,88.0,,,0.847,95.0,1.3754,96.0,1.0783,98.0,0.7506,96.0,,,0.7837,96.0
2009-04-15,0.9236,94.0,0.5628,90.0,0.8407,95.0,,,0.7976,93.0,1.3853,96.0,1.0908,98.0,0.7976,97.0,,,0.7933,96.0
2009-04-14,0.9521,95.0,0.5735,90.0,0.7884,93.0,,,0.9559,97.0,1.4244,96.0,1.1002,98.0,0.7469,96.0,,,0.844,97.0
2009-04-13,1.0083,95.0,0.5875,91.0,0.807,94.0,,,0.9727,97.0,1.4273,96.0,1.1158,98.0,0.7584,96.0,,,0.8178,97.0
2009-04-09,1.0536,96.0,0.7138,95.0,0.7554,92.0,,,0.7362,90.0,1.4933,100.0,1.1364,99.0,0.7912,97.0,,,0.8161,97.0
2009-04-08,0.9451,94.0,0.7294,95.0,0.8679,96.0,,,0.8069,93.0,1.4875,99.0,1.1508,99.0,0.8097,97.0,,,0.8247,97.0
2009-04-07,1.1232,97.0,0.7184,95.0,0.8613,96.0,,,0.9264,96.0,1.4995,100.0,1.1704,99.0,0.7673,96.0,,,0.8576,97.0
2009-04-06,1.0276,96.0,0.7181,95.0,0.9423,97.0,,,0.8234,94.0,1.4951,100.0,1.1845,99.0,0.8304,98.0,,,0.8127,96.0
2009-04-03,1.0375,96.0,0.7344,95.0,0.8566,96.0,,,0.8113,93.0,1.5035,100.0,1.1946,99.0,0.8176,98.0,,,0.8302,97.0
2009-04-02,1.0272,96.0,0.8211,96.0,0.8484,95.0,,,0.9019,96.0,1.5086,100.0,1.1994,100.0,0.7899,97.0,,,0.8893,98.0
2009-04-01,0.8923,94.0,0.8208,96.0,0.8389,95.0,,,0.9502,97.0,1.5033,100.0,1.2048,100.0,0.8007,97.0,,,0.8713,98.0
2009-03-31,1.0668,96.0,0.744,95.0,0.8991,96.0,,,1.0039,97.0,1.5181,100.0,1.2052,100.0,0.7834,97.0,,,0.8991,98.0
2009-03-30,1.1213,97.0,0.7589,96.0,1.0217,98.0,,,0.8659,95.0,1.5188,100.0,1.2051,100.0,0.8561,99.0,,,0.8571,97.0
2009-03-27,0.9791,95.0,0.7706,96.0,0.8421,95.0,,,0.851,95.0,1.5146,100.0,1.2072,100.0,0.7929,97.0,,,0.8537,97.0
2009-03-26,0.8827,93.0,0.8789,97.0,0.815,94.0,,,0.8749,95.0,1.5276,100.0,1.2166,100.0,0.7762,97.0,,,0.8359,97.0
2009-03-25,0.8881,93.0,0.8873,97.0,0.8935,96.0,,,0.8613,95.0,1.527,100.0,1.2162,100.0,0.8193,98.0,,,0.8457,97.0
2009-03-24,0.888,93.0,0.8246,96.0,0.8667,96.0,,,0.8967,96.0,1.5269,100.0,1.2126,100.0,0.7877,97.0,,,0.869,98.0
2009-03-23,0.8756,93.0,0.8077,96.0,0.9373,97.0,,,0.8827,95.0,1.5274,100.0,1.2125,100.0,0.8552,99.0,,,0.8603,98.0
2009-03-20,0.6865,87.0,0.8071,96.0,0.9545,97.0,,,0.9625,97.0,1.5211,100.0,1.2117,100.0,0.8454,98.0,,,0.9092,98.0
2009-03-19,0.4811,72.0,0.7823,96.0,0.8719,96.0,,,0.7977,93.0,1.5211,100.0,1.2109,100.0,0.8547,99.0,,,0.936,99.0
2009-03-18,0.8481,93.0,0.8515,97.0,0.9187,97.0,,,0.892,96.0,1.5305,100.0,1.2215,100.0,0.8141,97.0,,,0.8644,98.0
2009-03-17,0.9222,94.0,0.771,96.0,0.8814,96.0,,,0.8608,95.0,1.5286,100.0,1.2234,100.0,0.8526,99.0,,,0.8746,98.0
2009-03-16,0.9122,94.0,0.8239,96.0,0.8924,96.0,,,0.8362,94.0,1.5317,100.0,1.2253,100.0,0.8001,97.0,,,0.9017,98.0
2009-03-13,1.1711,97.0,0.8326,97.0,0.909,97.0,,,0.9027,96.0,1.5328,100.0,1.2278,100.0,0.8427,98.0,,,0.8855,98.0
2009-03-12,1.2608,98.0,0.846,97.0,0.9266,97.0,,,0.9115,96.0,1.5399,100.0,1.2297,100.0,0.8197,98.0,,,0.8693,98.0
2009-03-11,1.2446,98.0,0.8247,96.0,0.8995,96.0,,,1.1358,98.0,1.5416,100.0,1.2288,100.0,0.7965,97.0,,,0.9052,98.0
2009-03-10,1.6599,99.0,0.9092,98.0,1.1307,99.0,,,1.0386,98.0,1.5429,100.0,1.231,100.0,0.8557,99.0,,,0.8851,98.0
2009-03-09,1.312,98.0,0.8847,97.0,1.1832,99.0,,,1.1376,99.0,1.528,100.0,1.2297,100.0,0.8471,98.0,,,0.9261,99.0
2009-03-06,1.3121,98.0,0.904,97.0,1.1057,98.0,,,1.057,98.0,1.5352,100.0,1.2303,100.0,0.8664,99.0,,,0.8987,98.0
2009-03-05,1.2995,98.0,0.8574,97.0,1.1432,99.0,,,1.0416,98.0,1.5354,100.0,1.2321,100.0,0.8731,99.0,,,0.9176,98.0
2009-03-04,1.342,98.0,0.9078,98.0,1.1127,98.0,,,1.0426,98.0,1.532,100.0,1.2325,100.0,0.83,98.0,,,0.9075,98.0
2009-03-03,1.3023,98.0,1.0573,99.0,1.1279,99.0,,,1.036,98.0,1.5274,100.0,1.2344,100.0,0.8627,99.0,,,0.93,99.0
2009-03-02,1.2092,98.0,1.0426,99.0,1.0677,98.0,,,1.1268,98.0,1.5261,100.0,1.2339,100.0,0.8717,99.0,,,0.9661,99.0
2009-02-27,0.9294,94.0,1.0002,98.0,0.9944,98.0,,,0.962,97.0,1.5168,100.0,1.2305,100.0,0.8403,98.0,,,0.9254,99.0
2009-02-26,0.9273,94.0,0.9759,98.0,0.866,96.0,,,0.9992,97.0,1.5169,100.0,1.2282,100.0,0.8018,97.0,,,0.963,99.0
2009-02-25,1.098,97.0,0.945,98.0,0.8914,96.0,,,1.078,98.0,1.5181,100.0,1.2262,100.0,0.8299,98.0,,,0.9534,99.0
2009-02-24,1.1005,97.0,0.9212,98.0,0.9536,97.0,,,0.9404,97.0,1.518,100.0,1.2249,100.0,0.8921,99.0,,,0.8896,98.0
2009-02-23,0.9065,94.0,0.8811,97.0,1.0623,98.0,,,1.0486,98.0,1.5129,100.0,1.2209,100.0,0.8775,99.0,,,0.9833,99.0
2009-02-20,0.7343,89.0,0.7193,95.0,0.9033,97.0,,,1.0444,98.0,1.5055,100.0,1.214,100.0,0.823,98.0,,,0.9214,99.0
2009-02-19,0.8579,93.0,0.8507,97.0,0.8004,94.0,,,0.9171,96.0,1.5054,100.0,1.2127,100.0,0.8565,99.0,,,0.9484,99.0
2009-02-18,0.8881,93.0,0.8388,97.0,1.0255,98.0,,,1.0189,98.0,1.5062,100.0,1.2107,100.0,0.8524,98.0,,,0.9217,99.0
2009-02-17,1.1273,97.0,0.8655,97.0,0.7988,94.0,,,1.159,99.0,1.5079,100.0,1.2097,100.0,0.8232,98.0,,,0.9543,99.0
2009-02-13,0.9271,94.0,0.9192,98.0,0.6635,86.0,,,0.8255,94.0,1.4993,100.0,1.2093,100.0,0.7863,97.0,,,0.8694,98.0
2009-02-12,0.9115,94.0,0.9351,98.0,0.7876,93.0,,,0.7306,90.0,1.4992,100.0,1.2096,100.0,0.8467,98.0,,,0.8688,98.0
2009-02-11,0.9157,94.0,0.896,97.0,0.8317,95.0,,,0.8139,93.0,1.4986,100.0,1.2077,100.0,0.862,99.0,,,0.8853,98.0
2009-02-10,0.9935,95.0,0.8733,97.0,0.8597,96.0,,,0.8768,95.0,1.4987,100.0,1.206,100.0,0.8264,98.0,,,0.896,98.0
2009-02-09,0.8943,94.0,0.7971,96.0,0.7896,93.0,,,0.7947,92.0,1.497,100.0,1.2014,100.0,0.8432,98.0,,,0.8637,98.0
2009-02-06,1.0119,96.0,0.7651,96.0,0.7161,90.0,,,0.8089,93.0,1.497,100.0,1.1997,100.0,0.8656,99.0,,,0.8594,98.0
2009-02-05,1.0018,95.0,0.7272,95.0,0.8641,96.0,,,0.8545,95.0,1.4917,99.0,1.1984,100.0,0.8681,99.0,,,0.8612,98.0
2009-02-04,0.9541,95.0,0.6598,94.0,0.8119,94.0,,,1.0112,98.0,1.4891,99.0,1.196,100.0,0.8155,98.0,,,0.9282,99.0
2009-02-03,0.9459,94.0,0.7381,95.0,0.8924,96.0,,,0.9659,97.0,1.4884,99.0,1.1952,99.0,0.8719,99.0,,,0.9028,98.0
2009-02-02,1.0062,95.0,0.8781,97.0,0.8903,96.0,,,1.09,98.0,1.4891,99.0,1.1952,99.0,0.8523,98.0,,,0.9464,99.0
2009-01-30,1.0156,96.0,0.8845,97.0,0.8418,95.0,,,0.9049,96.0,1.4883,99.0,1.1954,100.0,0.8309,98.0,,,0.9644,99.0
2009-01-29,1.0827,97.0,0.9004,97.0,0.7775,93.0,,,0.8909,96.0,1.4916,99.0,1.1953,99.0,0.8201,98.0,,,0.942,99.0
2009-01-28,1.3155,98.0,0.9786,98.0,0.7955,94.0,,,0.8464,95.0,1.4908,99.0,1.1956,100.0,0.8476,98.0,,,0.9068,98.0
2009-01-27,1.2396,98.0,1.0247,99.0,0.8828,96.0,,,0.9083,96.0,1.4865,99.0,1.195,99.0,0.8988,99.0,,,0.9511,99.0
2009-01-26,1.2498,98.0,1.1307,99.0,0.8888,96.0,,,1.0705,98.0,1.4906,99.0,1.1955,100.0,0.837,98.0,,,1.0193,100.0
2009-01-23,1.3567,98.0,1.088,99.0,0.8973,96.0,,,0.9365,97.0,1.4907,99.0,1.192,99.0,0.8936,99.0,,,0.9178,99.0
2009-01-22,1.2885,98.0,0.9823,98.0,0.8807,96.0,,,1.0653,98.0,1.4877,99.0,1.1861,99.0,0.8809,99.0,,,1.0054,99.0
2009-01-21,1.371,98.0,1.0063,98.0,1.0753,98.0,,,0.9523,97.0,1.4874,99.0,1.1859,99.0,0.9398,99.0,,,0.9256,99.0
2009-01-20,1.1032,97.0,0.9551,98.0,0.8569,96.0,,,1.1899,99.0,1.481,99.0,1.1832,99.0,0.8372,98.0,,,1.082,100.0
2009-01-16,1.0652,96.0,0.9168,98.0,1.0536,98.0,,,0.9104,96.0,1.4723,99.0,1.1811,99.0,0.9645,100.0,,,0.9354,99.0
2009-01-15,1.0962,97.0,0.8834,97.0,0.8311,95.0,,,1.0138,98.0,1.4712,99.0,1.1784,99.0,0.8966,99.0,,,0.9318,99.0
2009-01-14,1.2155,98.0,0.7672,96.0,1.024,98.0,,,1.0928,98.0,1.4733,99.0,1.1731,99.0,0.8698,99.0,,,0.9354,99.0
2009-01-13,1.1397,97.0,0.7931,96.0,1.0287,98.0,,,0.7969,92.0,1.4681,99.0,1.1729,99.0,0.8631,99.0,,,0.8596,98.0
2009-01-12,1.327,98.0,0.8664,97.0,0.9787,97.0,,,0.8867,96.0,1.469,99.0,1.174,99.0,0.8436,98.0,,,0.957,99.0
2009-01-09,1.1596,97.0,0.8377,97.0,0.7543,92.0,,,0.9775,97.0,1.4635,99.0,1.1723,99.0,0.815,97.0,,,0.9554,99.0
2009-01-08,1.0474,96.0,0.8344,97.0,1.231,99.0,,,0.7723,92.0,1.4623,99.0,1.172,99.0,0.9258,99.0,,,0.8852,98.0
2009-01-07,1.0791,96.0,0.8136,96.0,0.9195,97.0,,,1.0537,98.0,1.4593,99.0,1.1703,99.0,0.8508,98.0,,,0.9544,99.0
2009-01-06,0.6602,86.0,0.7906,96.0,0.8851,96.0,,,0.892,96.0,1.453,99.0,1.1693,99.0,0.8413,98.0,,,0.958,99.0
2009-01-05,0.7121,88.0,0.7407,95.0,0.8135,94.0,,,0.98,97.0,1.4509,98.0,1.1686,99.0,0.8325,98.0,,,0.9634,99.0
2009-01-02,0.7328,89.0,0.7063,95.0,0.8169,94.0,,,0.8875,96.0,1.4508,98.0,1.1682,99.0,0.8638,99.0,,,0.9379,99.0
2008-11-28,2.4953,100.0,1.5657,100.0,1.0581,98.0,,,1.1292,98.0,1.3652,96.0,1.107,98.0,1.0071,100.0,,,1.116,100.0
2008-11-26,2.5101,100.0,1.6149,100.0,1.1165,99.0,,,1.0948,98.0,1.3653,96.0,1.1073,98.0,1.0395,100.0,,,1.1065,100.0
2008-11-25,2.4881,100.0,1.5283,100.0,1.2924,99.0,,,1.1915,99.0,1.3562,96.0,1.0989,98.0,1.1061,100.0,,,1.1452,100.0
2008-11-24,2.5023,100.0,1.5441,100.0,1.3987,99.0,,,1.3444,99.0,1.3523,96.0,1.0961,98.0,1.1284,100.0,,,1.1597,100.0
2008-11-21,2.7053,100.0,1.7508,100.0,1.9805,100.0,,,1.4686,100.0,1.3334,96.0,1.0854,98.0,1.4017,100.0,,,1.2674,100.0
2008-11-20,2.1539,100.0,1.6422,100.0,1.7465,100.0,,,1.7685,100.0,1.2887,96.0,1.0724,98.0,1.3293,100.0,,,1.3658,100.0
2008-11-19,1.9873,100.0,1.4983,100.0,1.6622,100.0,,,1.5378,100.0,1.2674,96.0,1.0608,98.0,1.2486,100.0,,,1.2856,100.0
2008-11-18,1.8728,99.0,1.4222,100.0,1.656,100.0,,,1.47,100.0,1.2498,95.0,1.0495,98.0,1.1929,100.0,,,1.203,100.0
2008-11-17,1.968,99.0,1.3974,100.0,1.5595,100.0,,,1.5635,100.0,1.2498,95.0,1.0452,98.0,1.1242,100.0,,,1.2198,100.0
2008-11-14,2.0921,100.0,1.4393,100.0,1.4078,99.0,,,1.5297,100.0,1.2474,95.0,1.043,98.0,1.0718,100.0,,,1.189,100.0
2008-11-13,2.1409,100.0,1.4509,100.0,1.8405,100.0,,,1.2805,99.0,1.2429,95.0,1.0401,98.0,1.1809,100.0,,,1.0853,100.0
2008-11-12,1.7376,99.0,1.0443,99.0,1.6266,100.0,,,1.6208,100.0,1.2015,95.0,1.0105,98.0,1.1116,100.0,,,1.1744,100.0
2008-11-11,1.612,99.0,1.0116,98.0,1.462,100.0,,,1.5589,100.0,1.1879,95.0,1.0073,98.0,1.0281,100.0,,,1.1069,100.0
2008-11-10,1.5324,99.0,1.0628,99.0,1.4573,100.0,,,1.39,99.0,1.1814,95.0,1.0051,98.0,1.051,100.0,,,1.0728,100.0
2008-11-07,1.6132,99.0,1.0779,99.0,1.3644,99.0,,,1.3547,99.0,1.1828,95.0,0.9994,98.0,1.0228,100.0,,,1.0534,100.0
2008-11-06,1.6343,99.0,1.2788,100.0,1.4891,100.0,,,1.4573,100.0,1.1772,95.0,0.9967,98.0,1.0392,100.0,,,1.111,100.0
2008-11-05,1.8789,99.0,1.5635,100.0,1.2727,99.0,,,1.2694,99.0,1.163,95.0,0.9908,98.0,0.9922,100.0,,,1.0236,100.0
2008-11-04,1.8725,99.0,1.5925,100.0,1.2422,99.0,,,1.2229,99.0,1.1515,95.0,0.9858,98.0,0.9412,99.0,,,0.97,99.0
2008-11-03,1.9517,99.0,1.687,100.0,1.3636,99.0,,,1.4574,100.0,1.1369,95.0,0.9839,98.0,0.9502,100.0,,,1.0474,100.0
2008-10-31,1.9818,99.0,1.8065,100.0,1.3271,99.0,,,1.4298,100.0,1.1397,95.0,0.9826,98.0,0.9641,100.0,,,1.0578,100.0
2008-10-30,2.2981,100.0,1.849,100.0,1.4166,100.0,,,1.5113,100.0,1.139,95.0,0.9775,98.0,0.9718,100.0,,,1.0534,100.0
2008-10-29,2.3205,100.0,1.8134,100.0,1.0875,98.0,,,1.9144,100.0,1.1337,95.0,0.9712,98.0,0.7985,97.0,,,1.1813,100.0
2008-10-28,2.5882,100.0,1.7343,100.0,1.655,100.0,,,1.5379,100.0,1.1288,95.0,0.9547,97.0,1.0435,100.0,,,1.0704,100.0
2008-10-27,1.8385,99.0,1.5935,100.0,1.6521,100.0,,,1.6634,100.0,1.0641,93.0,0.9242,97.0,1.0454,100.0,,,1.1391,100.0
2008-10-24,1.9738,99.0,1.6645,100.0,1.6117,100.0,,,1.674,100.0,1.0513,92.0,0.9161,97.0,1.0333,100.0,,,1.0907,100.0
2008-10-23,2.3683,100.0,1.6667,100.0,1.5942,100.0,,,1.411,99.0,1.0492,92.0,0.9047,97.0,1.0467,100.0,,,1.015,100.0
2008-10-22,2.3796,100.0,1.7163,100.0,1.3565,99.0,,,1.3637,99.0,1.0516,92.0,0.8901,97.0,0.9469,100.0,,,1.0303,100.0
2008-10-21,2.9647,100.0,1.8725,100.0,1.1262,99.0,,,1.2767,99.0,1.0289,92.0,0.8792,97.0,0.9,99.0,,,1.0029,99.0
2008-10-20,2.8412,100.0,2.0025,100.0,1.2044,99.0,,,1.2019,99.0,1.0245,92.0,0.8773,97.0,0.8956,99.0,,,0.9829,99.0
2008-10-17,2.7988,100.0,2.1323,100.0,1.3128,99.0,,,1.3795,99.0,0.9866,91.0,0.8683,97.0,0.9488,100.0,,,1.0313,100.0
2008-10-16,2.8002,100.0,2.1444,100.0,2.0453,100.0,,,1.44,100.0,0.9881,91.0,0.8506,97.0,1.0366,100.0,,,1.0239,100.0
2008-10-15,2.7195,100.0,2.125,100.0,1.8292,100.0,,,1.9108,100.0,0.9705,90.0,0.8338,97.0,0.9915,100.0,,,1.0892,100.0
2008-10-14,2.4248,100.0,2.0908,100.0,1.6088,100.0,,,1.841,100.0,0.9194,89.0,0.8204,97.0,0.8981,99.0,,,1.0404,100.0
2008-10-13,2.3942,100.0,2.001,100.0,1.8046,100.0,,,1.7236,100.0,0.9153,89.0,0.7984,97.0,0.9998,100.0,,,1.056,100.0
2008-10-10,1.0744,96.0,1.8343,100.0,2.004,100.0,,,1.9819,100.0,0.7921,86.0,0.7664,96.0,1.0608,100.0,,,1.109,100.0
2008-10-08,1.1383,97.0,1.4375,100.0,2.052,100.0,,,2.1353,100.0,0.7887,86.0,0.7145,96.0,0.9716,100.0,,,1.0707,100.0
2008-10-07,1.1468,97.0,1.3713,100.0,1.6007,100.0,,,1.6538,100.0,0.7883,86.0,0.6901,95.0,1.0087,100.0,,,1.0737,100.0
2008-10-06,1.1191,97.0,1.2105,99.0,1.8025,100.0,,,2.1828,100.0,0.7744,86.0,0.672,95.0,0.9351,99.0,,,1.0672,100.0
2008-10-03,1.1594,97.0,1.1115,99.0,1.371,99.0,,,1.3233,99.0,0.7644,86.0,0.6622,95.0,0.8135,97.0,,,0.8724,98.0
2008-10-02,1.126,97.0,1.0031,98.0,1.3528,99.0,,,1.3923,99.0,0.7644,86.0,0.6506,95.0,0.8198,98.0,,,0.8925,98.0
2008-10-01,0.8776,93.0,0.9117,98.0,1.0481,98.0,,,1.0908,98.0,0.7301,85.0,0.6397,94.0,0.7149,94.0,,,0.7974,96.0
2008-09-30,0.8719,93.0,0.9088,98.0,1.0266,98.0,,,1.1319,98.0,0.729,85.0,0.6402,94.0,0.6903,92.0,,,0.8103,96.0
2008-09-29,1.378,98.0,1.0991,99.0,1.5065,100.0,,,1.2008,99.0,0.7307,85.0,0.6364,94.0,0.7646,96.0,,,0.7468,93.0
2008-09-26,1.1966,98.0,1.0334,99.0,0.7776,93.0,,,0.8323,94.0,0.7054,84.0,0.6219,93.0,0.6429,86.0,,,0.7134,90.0
2008-09-25,1.2149,98.0,1.0856,99.0,0.7817,93.0,,,0.8455,94.0,0.7006,84.0,0.6216,93.0,0.6337,85.0,,,0.7188,91.0
2008-09-24,1.2505,98.0,1.1577,99.0,0.7825,93.0,,,0.8786,95.0,0.704,84.0,0.6239,94.0,0.6154,83.0,,,0.7146,90.0
2008-09-23,1.4072,98.0,1.1811,99.0,0.7558,92.0,,,0.8332,94.0,0.7028,84.0,0.6227,93.0,0.6163,83.0,,,0.719,91.0
2008-09-22,1.4096,99.0,1.1801,99.0,0.7417,91.0,,,0.7653,91.0,0.6933,84.0,0.6185,93.0,0.6215,84.0,,,0.7132,90.0
2008-09-19,1.3601,98.0,1.2163,99.0,0.8494,95.0,,,0.8147,93.0,0.6908,84.0,0.6173,93.0,0.6485,87.0,,,0.7017,89.0
2008-09-18,1.1404,97.0,1.0402,99.0,2.5914,100.0,,,0.5146,67.0,0.6628,81.0,0.595,91.0,0.8062,97.0,,,0.5856,72.0
2008-09-17,1.317,98.0,0.9456,98.0,0.5481,74.0,,,1.4531,100.0,0.6647,82.0,0.5839,90.0,0.5235,68.0,,,0.7169,91.0
2008-09-16,1.2618,98.0,0.9883,98.0,2.0583,100.0,,,0.4342,51.0,0.663,81.0,0.5877,90.0,0.7537,96.0,,,0.5694,69.0
2008-09-15,1.2402,98.0,0.9476,98.0,0.8398,95.0,,,0.8585,95.0,0.6609,81.0,0.5853,90.0,0.5532,74.0,,,0.6465,81.0
2008-09-12,1.1442,97.0,0.9589,98.0,0.6918,88.0,,,0.6428,83.0,0.6627,81.0,0.5967,92.0,0.5577,75.0,,,0.5999,74.0
2008-09-11,0.9818,95.0,0.9496,98.0,0.9508,97.0,,,0.5166,68.0,0.659,81.0,0.5948,91.0,0.6045,82.0,,,0.6045,75.0
2008-09-10,0.9304,94.0,0.8993,97.0,0.6782,87.0,,,0.6801,87.0,0.6586,81.0,0.5925,91.0,0.5583,75.0,,,0.65,82.0
2008-09-09,0.7287,89.0,0.8482,97.0,0.3605,37.0,,,1.0142,98.0,0.6556,80.0,0.5954,92.0,0.4995,64.0,,,0.7084,89.0
2008-09-08,0.7361,89.0,0.7986,96.0,0.8334,95.0,,,0.5188,68.0,0.6407,80.0,0.5968,92.0,0.5925,80.0,,,0.6035,75.0
2008-09-05,0.7845,91.0,0.6499,93.0,0.6406,84.0,,,0.6175,81.0,0.6392,79.0,0.587,90.0,0.5606,75.0,,,0.6129,76.0
2008-09-04,0.7455,90.0,0.5645,90.0,0.6066,81.0,,,0.6279,82.0,0.6603,81.0,0.5856,90.0,0.5792,79.0,,,0.6311,79.0
2008-09-03,0.6707,87.0,0.4854,85.0,0.5708,76.0,,,0.5176,68.0,0.6579,81.0,0.5832,90.0,0.5746,78.0,,,0.6016,75.0
2008-09-02,0.6691,87.0,0.4108,79.0,0.5457,73.0,,,0.5355,71.0,0.6646,81.0,0.5823,90.0,0.5639,76.0,,,0.613,76.0
2008-08-29,0.483,72.0,0.3763,74.0,0.5951,79.0,,,0.4989,65.0,0.6538,80.0,0.5812,90.0,0.5398,72.0,,,0.5986,74.0
2008-08-28,0.5011,74.0,0.3893,76.0,0.605,80.0,,,0.4788,61.0,0.6565,80.0,0.5838,90.0,0.5577,75.0,,,0.5788,71.0
2008-08-27,0.4706,70.0,0.403,78.0,0.4913,65.0,,,0.5605,75.0,0.6569,80.0,0.5871,90.0,0.5447,73.0,,,0.6244,78.0
2008-08-26,0.4726,71.0,0.4342,81.0,0.5889,79.0,,,0.5779,77.0,0.6571,81.0,0.5875,90.0,0.557,75.0,,,0.6165,77.0
2008-08-25,0.5016,74.0,0.457,83.0,0.6296,83.0,,,0.5827,77.0,0.6646,81.0,0.5902,91.0,0.5684,77.0,,,0.6313,79.0
2008-08-22,0.4056,60.0,0.4173,79.0,0.6607,86.0,,,0.5321,71.0,0.661,81.0,0.5883,91.0,0.5458,73.0,,,0.6,74.0
2008-08-21,0.5729,81.0,0.4892,85.0,0.6072,81.0,,,0.6233,81.0,0.6611,81.0,0.5886,91.0,0.5608,75.0,,,0.6102,76.0
2008-08-20,0.5649,80.0,0.4852,85.0,0.6219,82.0,,,0.623,81.0,0.6597,81.0,0.5893,91.0,0.5414,72.0,,,0.6015,75.0
2008-08-19,0.544,79.0,0.516,87.0,0.636,83.0,,,0.6431,83.0,0.6627,81.0,0.5921,91.0,0.5534,74.0,,,0.6341,79.0
2008-08-18,0.5413,78.0,0.5264,88.0,0.6315,83.0,,,0.6179,81.0,0.6628,81.0,0.5943,91.0,0.5626,76.0,,,0.6437,81.0
2008-08-15,0.5797,81.0,0.5086,87.0,0.6306,83.0,,,0.6349,82.0,0.6644,81.0,0.5941,91.0,0.6129,83.0,,,0.6531,82.0
2008-08-14,0.6325,85.0,0.5187,87.0,0.6357,83.0,,,0.6455,84.0,0.6641,81.0,0.5948,91.0,0.6027,82.0,,,0.6485,81.0
2008-08-13,0.6044,83.0,0.5588,90.0,0.6092,81.0,,,0.5729,76.0,0.6686,82.0,0.5958,92.0,0.5872,80.0,,,0.6356,79.0
2008-08-12,0.7473,90.0,0.6147,92.0,0.6043,80.0,,,0.6351,82.0,0.6613,81.0,0.593,91.0,0.5953,81.0,,,0.6573,83.0
2008-08-11,0.7681,91.0,0.64,93.0,0.6731,87.0,,,0.5924,78.0,0.6613,81.0,0.5942,91.0,0.6223,84.0,,,0.6514,82.0
2008-08-08,0.7811,91.0,0.6211,92.0,0.5621,75.0,,,0.567,76.0,0.6616,81.0,0.593,91.0,0.6133,83.0,,,0.6587,83.0
2008-08-07,0.9959,95.0,0.6459,93.0,0.5452,73.0,,,0.6672,86.0,0.6617,81.0,0.5942,91.0,0.6046,82.0,,,0.6731,84.0
2008-08-06,1.0199,96.0,0.6406,93.0,0.5811,78.0,,,0.5984,79.0,0.6621,81.0,0.595,91.0,0.5963,81.0,,,0.6295,79.0
2008-08-05,0.9572,95.0,0.6218,92.0,0.6051,80.0,,,0.6539,85.0,0.6606,81.0,0.5962,92.0,0.6182,83.0,,,0.654,82.0
2008-08-04,0.9893,95.0,0.6158,92.0,0.6269,83.0,,,0.6906,87.0,0.6607,81.0,0.5967,92.0,0.6276,85.0,,,0.6948,88.0
2008-08-01,0.8183,92.0,0.5494,89.0,0.5589,75.0,,,0.6154,80.0,0.6443,80.0,0.5918,91.0,0.6071,82.0,,,0.6735,84.0
2008-07-31,0.8015,92.0,0.5888,91.0,0.5877,78.0,,,0.6903,87.0,0.6485,80.0,0.5916,91.0,0.5977,81.0,,,0.6859,86.0
2008-07-30,0.7758,91.0,0.5937,91.0,0.6055,81.0,,,0.639,83.0,0.6456,80.0,0.5905,91.0,0.6212,84.0,,,0.6691,84.0
2008-07-29,0.7252,89.0,0.5807,91.0,0.6244,83.0,,,0.6796,87.0,0.6408,80.0,0.5883,91.0,0.6253,84.0,,,0.6769,85.0
2008-07-28,0.6875,87.0,0.6201,92.0,0.6639,86.0,,,0.7282,90.0,0.6398,79.0,0.5932,91.0,0.6061,82.0,,,0.6939,88.0
2008-07-25,0.7295,89.0,0.6799,94.0,0.6467,84.0,,,0.7113,89.0,0.6399,80.0,0.5964,92.0,0.5941,81.0,,,0.7017,89.0
2008-07-24,0.6679,87.0,0.6674,94.0,0.5605,75.0,,,0.6596,85.0,0.6381,79.0,0.5953,92.0,0.5997,81.0,,,0.7039,89.0
2008-07-23,0.6443,85.0,0.6649,94.0,0.6224,82.0,,,0.6199,81.0,0.637,79.0,0.5959,92.0,0.6383,86.0,,,0.6846,86.0
2008-07-22,0.6102,83.0,0.6258,92.0,0.6424,84.0,,,0.6179,81.0,0.6333,79.0,0.5949,91.0,0.6659,89.0,,,0.6842,86.0
2008-07-21,0.5784,81.0,0.6336,93.0,0.6578,85.0,,,0.5915,78.0,0.6514,80.0,0.5983,92.0,0.6644,89.0,,,0.6857,86.0
2008-07-18,0.5317,77.0,0.6329,92.0,0.6852,88.0,,,0.6841,87.0,0.6455,80.0,0.6136,93.0,0.6385,86.0,,,0.6835,86.0
2008-07-17,0.5321,77.0,0.6571,93.0,0.6745,87.0,,,0.7378,90.0,0.6476,80.0,0.6204,93.0,0.6268,84.0,,,0.6987,88.0
2008-07-16,0.4611,69.0,0.6542,93.0,0.7073,89.0,,,0.7666,91.0,0.6457,80.0,0.6196,93.0,0.6485,87.0,,,0.6947,88.0
2008-07-15,0.4607,69.0,0.6867,94.0,0.6922,88.0,,,0.7591,91.0,0.6639,81.0,0.6269,94.0,0.6118,83.0,,,0.7133,90.0
2008-07-14,0.3687,53.0,0.7019,95.0,0.5696,76.0,,,0.8471,95.0,0.6711,82.0,0.6292,94.0,0.6213,84.0,,,0.6965,88.0
2008-07-11,0.8883,93.0,0.861,97.0,0.6719,87.0,,,0.7287,90.0,0.6786,83.0,0.6306,94.0,0.6252,84.0,,,0.6932,88.0
2008-07-10,0.8812,93.0,0.8606,97.0,0.7545,92.0,,,0.5881,78.0,0.6865,83.0,0.6333,94.0,0.6236,84.0,,,0.6521,82.0
2008-07-09,0.7477,90.0,0.841,97.0,0.5688,76.0,,,0.7613,91.0,0.6829,83.0,0.6316,94.0,0.5803,79.0,,,0.6973,88.0
2008-07-08,0.7734,91.0,0.8052,96.0,0.7296,91.0,,,0.718,89.0,0.6838,83.0,0.6308,94.0,0.6573,88.0,,,0.6618,83.0
2008-07-07,0.7894,91.0,0.7778,96.0,0.6408,84.0,,,0.7414,90.0,0.6832,83.0,0.6296,94.0,0.618,83.0,,,0.6902,87.0
2008-07-03,0.7909,91.0,0.7604,96.0,0.7264,91.0,,,0.7387,90.0,0.6841,83.0,0.635,94.0,0.594,81.0,,,0.6363,80.0
2008-07-02,0.7738,91.0,0.7319,95.0,0.6248,83.0,,,0.7073,88.0,0.6861,83.0,0.6338,94.0,0.5414,72.0,,,0.6562,82.0
2008-07-01,0.4914,73.0,0.5234,88.0,0.5764,77.0,,,0.5896,78.0,0.6644,81.0,0.6218,93.0,0.584,79.0,,,0.6202,77.0
2008-06-30,0.4946,73.0,0.5001,86.0,0.5614,75.0,,,0.6683,86.0,0.6635,81.0,0.6203,93.0,0.5528,74.0,,,0.6523,82.0
2008-06-27,0.4844,72.0,0.491,86.0,0.5424,73.0,,,0.6168,80.0,0.6637,81.0,0.6199,93.0,0.5642,76.0,,,0.6396,80.0
2008-06-26,0.4797,72.0,0.4772,84.0,0.5526,74.0,,,0.6257,82.0,0.6643,81.0,0.6187,93.0,0.5513,74.0,,,0.6517,82.0
2008-06-25,0.4261,63.0,0.4468,82.0,0.5868,78.0,,,0.6316,82.0,0.6603,81.0,0.617,93.0,0.5491,73.0,,,0.6412,80.0
2008-06-24,0.4313,64.0,0.3892,76.0,0.5927,79.0,,,0.6379,83.0,0.6622,81.0,0.6149,93.0,0.5395,72.0,,,0.668,84.0
2008-06-23,0.4421,66.0,0.3903,76.0,0.5523,74.0,,,0.5938,78.0,0.6578,81.0,0.6132,93.0,0.5548,74.0,,,0.6168,77.0
2008-06-20,0.4321,64.0,0.3951,77.0,0.5587,75.0,,,0.6908,88.0,0.6582,81.0,0.6124,93.0,0.5238,69.0,,,0.6733,84.0
2008-06-19,0.4216,62.0,0.4081,78.0,0.5426,73.0,,,1.0817,98.0,0.6609,81.0,0.6121,93.0,0.511,66.0,,,0.6621,83.0
2008-06-18,0.4496,67.0,0.4002,77.0,0.6026,80.0,,,0.7757,92.0,0.6628,81.0,0.6125,93.0,0.5525,74.0,,,0.6315,79.0
2008-06-17,0.4739,71.0,0.4092,79.0,0.552,74.0,,,0.8169,93.0,0.663,81.0,0.6122,93.0,0.5189,67.0,,,0.6598,83.0
2008-06-16,0.5358,78.0,0.4286,80.0,0.6026,80.0,,,0.7438,90.0,0.6635,81.0,0.6131,93.0,0.5427,72.0,,,0.6485,81.0
2008-06-13,0.7166,89.0,0.4909,86.0,0.6804,87.0,,,0.6072,80.0,0.6691,82.0,0.6141,93.0,0.5848,80.0,,,0.6411,80.0
2008-06-12,0.6419,85.0,0.485,85.0,0.727,91.0,,,0.65,84.0,0.667,82.0,0.6126,93.0,0.557,75.0,,,0.6611,83.0
2008-06-11,0.6385,85.0,0.5098,87.0,0.5879,79.0,,,0.6942,88.0,0.667,82.0,0.612,93.0,0.53,70.0,,,0.6861,87.0
2008-06-10,0.6179,84.0,0.4984,86.0,0.6627,86.0,,,0.6783,86.0,0.6672,82.0,0.6123,93.0,0.5595,75.0,,,0.6582,83.0
2008-06-09,0.5863,81.0,0.494,86.0,0.6115,81.0,,,0.6873,87.0,0.6757,82.0,0.6162,93.0,0.568,77.0,,,0.6425,81.0
2008-06-06,0.6551,86.0,0.4781,85.0,0.5172,69.0,,,0.6215,81.0,0.675,82.0,0.6165,93.0,0.571,77.0,,,0.6874,87.0
2008-06-05,0.7175,89.0,0.5519,89.0,0.5576,75.0,,,0.4895,63.0,0.6735,82.0,0.6154,93.0,0.5685,77.0,,,0.6121,76.0
2008-06-04,0.5892,82.0,0.5027,87.0,0.553,74.0,,,0.6644,86.0,0.6669,82.0,0.6139,93.0,0.5246,69.0,,,0.6828,86.0
2008-06-03,0.6127,83.0,0.4918,86.0,0.5193,70.0,,,0.6246,81.0,0.6683,82.0,0.6129,93.0,0.5582,75.0,,,0.6606,83.0
2008-06-02,0.6138,84.0,0.4647,84.0,0.5564,74.0,,,0.6234,81.0,0.6684,82.0,0.6136,93.0,0.5529,74.0,,,0.678,85.0
2008-05-30,0.7039,88.0,0.5161,87.0,0.5377,72.0,,,0.6119,80.0,0.6687,82.0,0.6132,93.0,0.5614,76.0,,,0.6527,82.0
2008-05-29,0.6832,87.0,0.5338,89.0,0.5522,74.0,,,0.6067,79.0,0.668,82.0,0.6355,94.0,0.5476,73.0,,,0.6664,84.0
2008-05-28,0.6416,85.0,0.5473,89.0,0.6674,86.0,,,0.5454,73.0,0.6648,82.0,0.6363,94.0,0.5788,78.0,,,0.6361,80.0
2008-05-27,0.4464,66.0,0.4523,83.0,0.5996,80.0,,,0.5664,75.0,0.6718,82.0,0.6365,94.0,0.5871,80.0,,,0.6497,82.0
2008-05-23,0.5258,77.0,0.4538,83.0,0.5489,74.0,,,0.5804,77.0,0.6723,82.0,0.6368,94.0,0.5676,77.0,,,0.6576,83.0
2008-05-22,0.4933,73.0,0.4443,82.0,0.565,76.0,,,0.5798,77.0,0.6733,82.0,0.6387,94.0,0.5676,77.0,,,0.6527,82.0
2008-05-21,0.4995,74.0,0.4357,81.0,0.5434,73.0,,,0.5767,77.0,0.6748,82.0,0.6395,94.0,0.5456,73.0,,,0.6856,86.0
2008-05-20,0.2917,38.0,0.3958,77.0,0.5703,76.0,,,0.4851,62.0,0.6713,82.0,0.6371,94.0,0.6003,81.0,,,0.6385,80.0
2008-05-19,0.3855,56.0,0.3875,76.0,0.5254,71.0,,,0.5541,74.0,0.6725,82.0,0.6379,94.0,0.5435,72.0,,,0.6746,85.0
2008-05-16,0.4056,60.0,0.3874,76.0,0.5188,70.0,,,0.5255,69.0,0.6812,83.0,0.6402,94.0,0.5818,79.0,,,0.6406,80.0
2008-05-15,0.4821,72.0,0.4039,78.0,0.5611,75.0,,,0.581,77.0,0.6803,83.0,0.6404,94.0,0.5748,78.0,,,0.649,81.0
2008-05-14,0.4706,70.0,0.4178,79.0,0.5255,71.0,,,0.571,76.0,0.6837,83.0,0.6415,94.0,0.5313,70.0,,,0.6237,78.0
2008-05-13,0.5075,75.0,0.4296,80.0,0.5609,75.0,,,0.5522,74.0,0.684,83.0,0.6497,94.0,0.5327,70.0,,,0.5834,72.0
2008-05-12,0.5108,75.0,0.431,80.0,0.6012,80.0,,,0.6399,83.0,0.6846,83.0,0.6543,95.0,0.5394,72.0,,,0.5858,72.0
2008-05-09,0.5398,78.0,0.4332,81.0,0.5365,72.0,,,0.5231,69.0,0.6926,84.0,0.6558,95.0,0.5368,71.0,,,0.5999,74.0
2008-05-08,0.471,70.0,0.4423,82.0,0.5663,76.0,,,0.4947,64.0,0.6939,84.0,0.6622,95.0,0.5322,70.0,,,0.5611,68.0
2008-05-07,0.6322,85.0,0.4448,82.0,0.5412,73.0,,,0.6113,80.0,0.6911,84.0,0.6634,95.0,0.5201,68.0,,,0.5998,74.0
2008-05-06,0.6402,85.0,0.4278,80.0,0.5238,70.0,,,0.5519,73.0,0.6958,84.0,0.6633,95.0,0.5169,67.0,,,0.5675,69.0
2008-05-05,0.7517,90.0,0.4643,84.0,0.5563,74.0,,,0.5386,72.0,0.6999,84.0,0.6636,95.0,0.5196,68.0,,,0.5708,69.0
2008-05-02,0.7237,89.0,0.4651,84.0,0.4684,61.0,,,0.562,75.0,0.6981,84.0,0.6627,95.0,0.5087,65.0,,,0.5902,73.0
2008-05-01,0.7327,89.0,0.4745,84.0,0.5341,72.0,,,0.5538,74.0,0.6975,84.0,0.6633,95.0,0.5024,64.0,,,0.5695,69.0
2008-04-30,0.7339,89.0,0.4669,84.0,0.4976,66.0,,,0.7098,89.0,0.7036,84.0,0.6627,95.0,0.5164,67.0,,,0.5688,69.0
2008-04-29,0.7243,89.0,0.4502,83.0,0.636,83.0,,,0.5217,69.0,0.7031,84.0,0.6624,95.0,0.5292,70.0,,,0.5646,68.0
2008-04-28,0.6466,85.0,0.4481,82.0,0.579,78.0,,,0.615,80.0,0.6966,84.0,0.6622,95.0,0.5143,67.0,,,0.595,74.0
2008-04-25,0.6177,84.0,0.4692,84.0,0.761,92.0,,,0.5231,69.0,0.6949,84.0,0.6618,95.0,0.5316,70.0,,,0.5696,69.0
2008-04-24,0.7807,91.0,0.4893,85.0,0.5957,79.0,,,0.6069,80.0,0.6912,84.0,0.6597,95.0,0.4999,64.0,,,0.6157,77.0
2008-04-23,0.7463,90.0,0.4856,85.0,0.6072,81.0,,,0.5662,75.0,0.6898,83.0,0.6586,95.0,0.527,69.0,,,0.6267,78.0
2008-04-22,0.6385,85.0,0.4672,84.0,0.6363,84.0,,,0.5651,75.0,0.6864,83.0,0.6584,95.0,0.5307,70.0,,,0.606,75.0
2008-04-21,0.6557,86.0,0.4484,82.0,0.605,80.0,,,0.6553,85.0,0.6872,83.0,0.6578,95.0,0.5391,72.0,,,0.6138,76.0
2008-04-18,0.6591,86.0,0.466,84.0,0.6617,86.0,,,0.5511,73.0,0.6875,83.0,0.658,95.0,0.5507,74.0,,,0.6213,78.0
2008-04-17,0.6772,87.0,0.46,83.0,0.6903,88.0,,,0.5874,78.0,0.6903,84.0,0.6577,95.0,0.5361,71.0,,,0.5936,73.0
2008-04-16,0.669,87.0,0.4554,83.0,0.6627,86.0,,,0.6069,80.0,0.6909,84.0,0.6571,95.0,0.527,69.0,,,0.6014,75.0
2008-04-15,0.2663,31.0,0.4389,81.0,0.7264,91.0,,,0.6433,84.0,0.6758,82.0,0.6544,95.0,0.5478,73.0,,,0.6383,80.0
2008-04-14,0.3728,54.0,0.4429,82.0,0.6066,81.0,,,0.69,87.0,0.677,83.0,0.6533,95.0,0.6003,81.0,,,0.6388,80.0
2008-04-11,0.4434,66.0,0.5417,89.0,0.6422,84.0,,,0.6826,87.0,0.6772,83.0,0.6542,95.0,0.5979,81.0,,,0.6363,80.0
2008-04-10,0.362,52.0,0.5563,90.0,0.6847,88.0,,,0.6877,87.0,0.677,83.0,0.654,95.0,0.5509,74.0,,,0.6442,81.0
2008-04-09,0.3929,57.0,0.6019,91.0,0.7241,90.0,,,0.6538,85.0,0.678,83.0,0.6551,95.0,0.5603,75.0,,,0.628,78.0
2008-04-08,0.3743,54.0,0.614,92.0,0.6537,85.0,,,0.6746,86.0,0.6777,83.0,0.6545,95.0,0.5522,74.0,,,0.6451,81.0
2008-04-07,0.4143,61.0,0.6001,91.0,0.6523,85.0,,,0.7013,88.0,0.6792,83.0,0.6541,95.0,0.533,71.0,,,0.6485,81.0
2008-04-04,0.4486,67.0,0.5624,90.0,0.6211,82.0,,,0.5865,78.0,0.6793,83.0,0.6514,95.0,0.5346,71.0,,,0.6271,78.0
2008-04-03,0.4124,61.0,0.5525,89.0,0.6609,86.0,,,0.6313,82.0,0.679,83.0,0.6506,95.0,0.5588,75.0,,,0.5697,69.0
2008-04-02,0.4596,68.0,0.5076,87.0,0.7142,90.0,,,0.6059,79.0,0.6764,83.0,0.6461,94.0,0.5717,77.0,,,0.6407,80.0
2008-04-01,0.5421,78.0,0.673,94.0,0.6854,88.0,,,0.7046,88.0,0.6776,83.0,0.6451,94.0,0.5907,80.0,,,0.6637,83.0
2008-03-31,0.5588,80.0,0.7159,95.0,0.6824,88.0,,,0.7477,91.0,0.6747,82.0,0.6419,94.0,0.6149,83.0,,,0.6831,86.0
2008-03-28,0.9444,94.0,0.9128,98.0,0.6593,85.0,,,0.7245,89.0,0.6763,82.0,0.6407,94.0,0.6044,82.0,,,0.6771,85.0
2008-03-27,1.0301,96.0,0.9396,98.0,0.69,88.0,,,0.7753,92.0,0.6765,83.0,0.6405,94.0,0.6071,82.0,,,0.6831,86.0
2008-03-26,1.0686,96.0,0.9735,98.0,0.7192,90.0,,,0.6785,87.0,0.6763,82.0,0.6398,94.0,0.6026,82.0,,,0.6838,86.0
2008-03-25,1.0766,96.0,1.0439,99.0,0.6423,84.0,,,0.7333,90.0,0.6766,83.0,0.6392,94.0,0.6076,82.0,,,0.7001,88.0
2008-03-24,1.0564,96.0,1.079,99.0,0.6124,81.0,,,0.6862,87.0,0.6718,82.0,0.6369,94.0,0.6087,82.0,,,0.7266,92.0
2008-03-20,0.9473,94.0,0.9803,98.0,0.7136,90.0,,,0.8404,94.0,0.666,82.0,0.6273,94.0,0.6211,84.0,,,0.7498,94.0
2008-03-19,1.2361,98.0,0.9516,98.0,0.849,95.0,,,0.8392,94.0,0.6655,82.0,0.6211,93.0,0.6262,84.0,,,0.7432,93.0
2008-03-18,1.0694,96.0,0.7978,96.0,0.837,95.0,,,0.7363,90.0,0.6448,80.0,0.6049,93.0,0.5922,80.0,,,0.708,89.0
2008-03-17,1.0952,97.0,0.8007,96.0,0.7841,93.0,,,1.1131,98.0,0.6395,79.0,0.6031,93.0,0.5565,75.0,,,0.7174,91.0
2008-03-14,1.0699,96.0,0.7583,96.0,0.6966,89.0,,,0.7467,91.0,0.6463,80.0,0.6023,92.0,0.6069,82.0,,,0.7239,91.0
2008-03-13,1.1014,97.0,0.6918,94.0,0.6484,85.0,,,0.7135,89.0,0.6451,80.0,0.5952,92.0,0.5766,78.0,,,0.6922,87.0
2008-03-12,1.0834,97.0,0.6589,94.0,0.6607,86.0,,,0.6489,84.0,0.6419,80.0,0.589,91.0,0.5584,75.0,,,0.6808,86.0
2008-03-11,1.0963,97.0,0.6588,93.0,0.5933,79.0,,,0.6601,85.0,0.6419,80.0,0.5884,91.0,0.5722,77.0,,,0.6753,85.0
2008-03-10,0.7665,90.0,0.6427,93.0,0.9121,97.0,,,0.7469,91.0,0.6199,78.0,0.5848,90.0,0.6567,88.0,,,0.726,92.0
2008-03-07,0.7341,89.0,0.5845,91.0,0.785,93.0,,,0.9357,97.0,0.613,77.0,0.5809,89.0,0.6205,83.0,,,0.7126,90.0
2008-03-06,0.6252,84.0,0.5475,89.0,0.7121,90.0,,,0.7038,88.0,0.6042,76.0,0.5796,89.0,0.583,79.0,,,0.6958,88.0
2008-03-05,0.619,84.0,0.556,89.0,0.7332,91.0,,,0.7653,91.0,0.6067,76.0,0.5818,90.0,0.5555,74.0,,,0.6803,85.0
2008-03-04,0.6723,87.0,0.5696,90.0,0.5352,72.0,,,0.7012,88.0,0.6033,76.0,0.5789,89.0,0.5715,77.0,,,0.6851,86.0
2008-03-03,0.6305,84.0,0.5585,90.0,0.59,79.0,,,0.8039,93.0,0.6014,76.0,0.5747,89.0,0.557,75.0,,,0.6766,85.0
2008-02-29,0.6462,85.0,0.572,90.0,0.637,84.0,,,0.6494,84.0,0.6013,76.0,0.5746,89.0,0.5345,71.0,,,0.6513,82.0
2008-02-28,0.4686,70.0,0.5529,89.0,0.5907,79.0,,,0.6385,83.0,0.5939,76.0,0.5719,88.0,0.5104,66.0,,,0.6414,80.0
2008-02-27,0.5594,80.0,0.5758,90.0,0.4799,63.0,,,0.6422,83.0,0.5939,76.0,0.5717,88.0,0.4959,63.0,,,0.6453,81.0
2008-02-26,0.5857,81.0,0.5758,90.0,0.566,76.0,,,0.6389,83.0,0.597,76.0,0.5714,88.0,0.4955,63.0,,,0.636,80.0
2008-02-25,0.578,81.0,0.5813,91.0,0.4957,66.0,,,0.633,82.0,0.6034,76.0,0.5713,88.0,0.5028,65.0,,,0.6179,77.0
2008-02-22,0.4903,73.0,0.5322,88.0,0.5392,73.0,,,0.669,86.0,0.5981,76.0,0.5677,88.0,0.5272,69.0,,,0.6603,83.0
2008-02-21,0.4992,74.0,0.5242,88.0,0.6389,84.0,,,0.667,86.0,0.6004,76.0,0.565,88.0,0.5238,69.0,,,0.6507,82.0
2008-02-20,0.4376,65.0,0.5251,88.0,0.5664,76.0,,,0.6635,85.0,0.5986,76.0,0.5649,88.0,0.5218,68.0,,,0.6478,81.0
2008-02-19,0.4515,67.0,0.5475,89.0,0.6958,89.0,,,0.6676,86.0,0.6039,76.0,0.5661,88.0,0.5451,73.0,,,0.652,82.0
2008-02-15,0.3626,52.0,0.5755,90.0,0.633,83.0,,,0.6642,86.0,0.5989,76.0,0.5644,88.0,0.5288,70.0,,,0.6462,81.0
2008-02-14,0.3186,44.0,0.5933,91.0,0.6567,85.0,,,0.6541,85.0,0.5984,76.0,0.5644,88.0,0.5421,72.0,,,0.6368,80.0
