date,hv10,hv10_rank,phv10,phv10_rank,ivcall10,ivcall10_rank,ivmean10,ivmean10_rank,ivput10,ivput10_rank,hv180,hv180_rank,phv180,phv180_rank,ivcall1080,ivcall1080_rank,ivmean1080,ivmean1080_rank,ivput1080,ivput1080_rank
2025-08-12,0.4604,94.0,0.2404,70.0,0.1462,3.0,0.1656,4.0,0.1851,8.0,0.2549,61.0,0.2172,51.0,0.2252,25.0,0.226,21.0,0.2267,18.0
2025-08-08,0.4744,95.0,0.2501,74.0,0.1825,9.0,0.2008,11.0,0.2192,18.0,0.2562,62.0,0.2173,51.0,0.2302,28.0,0.2301,24.0,0.23,20.0
2025-08-07,0.4546,94.0,0.2268,64.0,0.1916,12.0,0.2009,11.0,0.2102,15.0,0.2534,60.0,0.2161,49.0,0.2312,28.0,0.2325,26.0,0.2338,22.0
2025-08-05,0.1902,44.0,0.1586,22.0,0.4729,97.0,0.481,97.0,0.489,97.0,0.237,52.0,0.2166,50.0,0.2481,44.0,0.2459,37.0,0.2437,31.0
2025-08-04,0.1796,39.0,0.1514,18.0,0.3887,90.0,0.4006,91.0,0.4125,91.0,0.2354,52.0,0.2159,49.0,0.2383,35.0,0.2378,30.0,0.2373,25.0
2025-08-01,0.1812,40.0,0.159,22.0,0.4038,92.0,0.417,93.0,0.4303,93.0,0.2353,52.0,0.2168,50.0,0.2374,34.0,0.2422,34.0,0.2469,34.0
2025-07-31,0.1861,42.0,0.1598,22.0,0.348,82.0,0.3401,79.0,0.3322,73.0,0.2358,52.0,0.2169,50.0,0.2402,36.0,0.2372,28.0,0.2342,23.0
2025-07-30,0.1584,31.0,0.1553,20.0,0.3041,68.0,0.3117,69.0,0.3194,69.0,0.2352,52.0,0.2176,51.0,0.2171,20.0,0.2346,27.0,0.2521,37.0
2025-07-29,0.1894,44.0,0.1593,22.0,0.2971,66.0,0.3075,68.0,0.3179,68.0,0.2353,52.0,0.2178,52.0,0.214,18.0,0.2332,26.0,0.2524,38.0
2025-07-28,0.1854,42.0,0.1656,26.0,0.3074,69.0,0.3085,68.0,0.3096,66.0,0.2351,52.0,0.2179,52.0,0.2224,23.0,0.235,27.0,0.2476,34.0
2025-07-25,0.1704,35.0,0.1604,22.0,0.3001,67.0,0.2966,64.0,0.2932,60.0,0.2338,51.0,0.2177,52.0,0.221,22.0,0.2336,27.0,0.2463,33.0
2025-07-24,0.1503,27.0,0.1592,22.0,0.2823,60.0,0.2862,60.0,0.29,57.0,0.2351,52.0,0.2177,52.0,0.2218,23.0,0.2376,30.0,0.2535,39.0
2025-07-22,0.1646,33.0,0.1473,15.0,0.2708,55.0,0.2732,54.0,0.2755,51.0,0.2348,52.0,0.218,52.0,0.2289,28.0,0.2432,35.0,0.2576,42.0
2025-07-21,0.163,32.0,0.1486,16.0,0.2888,63.0,0.2788,56.0,0.2689,48.0,0.2349,52.0,0.2186,53.0,0.2303,28.0,0.2433,35.0,0.2563,41.0
2025-07-18,0.1533,28.0,0.1482,16.0,0.2536,47.0,0.2587,45.0,0.2638,45.0,0.2392,53.0,0.2194,54.0,0.2157,19.0,0.2348,27.0,0.2538,39.0
2025-07-17,0.1428,24.0,0.1458,14.0,0.2574,49.0,0.2648,49.0,0.2721,50.0,0.2392,53.0,0.2191,53.0,0.2244,25.0,0.2392,31.0,0.2541,39.0
2025-07-16,0.1302,18.0,0.1436,13.0,0.2803,59.0,0.2911,62.0,0.3019,63.0,0.2395,53.0,0.2195,54.0,0.2113,17.0,0.2275,22.0,0.2438,31.0
2025-07-15,0.1568,30.0,0.1504,17.0,0.2432,39.0,0.2555,43.0,0.2678,48.0,0.2394,53.0,0.2193,54.0,0.2232,24.0,0.2316,25.0,0.2401,27.0
2025-07-14,0.092,6.0,0.1473,15.0,0.2662,53.0,0.2708,52.0,0.2754,51.0,0.2387,53.0,0.2193,54.0,0.2274,27.0,0.2411,32.0,0.2548,40.0
2025-07-11,0.1123,11.0,0.1628,24.0,0.1803,9.0,0.2306,24.0,0.2809,54.0,0.2385,53.0,0.2195,54.0,0.2193,21.0,0.2337,27.0,0.2481,35.0
2025-07-09,0.1716,36.0,0.1671,27.0,0.2634,52.0,0.2355,28.0,0.2076,14.0,0.24,53.0,0.2206,54.0,0.2216,23.0,0.2336,27.0,0.2457,33.0
2025-07-08,0.1874,43.0,0.1512,17.0,0.2778,57.0,0.2312,25.0,0.1845,8.0,0.2408,54.0,0.2201,54.0,0.2216,23.0,0.2312,25.0,0.2407,28.0
2025-07-07,0.1762,38.0,0.167,27.0,0.2621,51.0,0.2407,32.0,0.2193,18.0,0.2402,54.0,0.2208,55.0,0.2229,24.0,0.239,31.0,0.2551,40.0
2025-07-03,0.1818,40.0,0.1587,22.0,0.1738,7.0,0.1731,5.0,0.1724,5.0,0.2405,54.0,0.2208,55.0,0.2216,23.0,0.2337,27.0,0.2458,33.0
2025-07-02,0.1674,34.0,0.1754,33.0,0.1521,4.0,0.1488,2.0,0.1455,2.0,0.24,53.0,0.2215,55.0,0.2184,20.0,0.2321,26.0,0.2458,33.0
2025-07-01,0.1005,8.0,0.1608,23.0,0.2632,52.0,0.218,17.0,0.1729,5.0,0.2383,53.0,0.221,55.0,0.2159,19.0,0.2306,24.0,0.2453,32.0
2025-06-30,0.0974,7.0,0.1514,18.0,0.2436,40.0,0.1985,11.0,0.1534,3.0,0.239,53.0,0.2207,54.0,0.2169,20.0,0.2285,23.0,0.2401,27.0
2025-06-27,0.0996,7.0,0.1512,17.0,0.1617,5.0,0.2082,13.0,0.2547,39.0,0.239,53.0,0.2208,55.0,0.2185,20.0,0.2334,26.0,0.2484,35.0
2025-06-26,0.1472,26.0,0.1474,15.0,0.1636,5.0,0.193,9.0,0.2225,20.0,0.239,53.0,0.2207,54.0,0.2254,25.0,0.2372,28.0,0.2489,35.0
2025-06-25,0.1409,23.0,0.1476,15.0,0.2456,41.0,0.1982,11.0,0.1508,3.0,0.2387,53.0,0.2207,54.0,0.2277,27.0,0.2369,28.0,0.2461,33.0
2025-06-24,0.1396,23.0,0.1461,15.0,0.1557,4.0,0.1606,4.0,0.1654,4.0,0.2387,53.0,0.2206,54.0,0.2274,27.0,0.238,30.0,0.2487,35.0
2025-06-23,0.1244,15.0,0.1259,6.0,0.198,14.0,0.1996,11.0,0.2013,12.0,0.2391,53.0,0.2206,54.0,0.2337,31.0,0.2457,37.0,0.2578,42.0
2025-06-20,0.1142,12.0,0.126,6.0,0.1839,9.0,0.1899,9.0,0.1959,10.0,0.2399,53.0,0.221,55.0,0.237,34.0,0.2486,40.0,0.2602,45.0
2025-06-18,0.115,12.0,0.1237,6.0,0.2042,16.0,0.1952,10.0,0.1861,8.0,0.2405,54.0,0.2213,55.0,0.2463,42.0,0.251,42.0,0.2557,41.0
2025-06-17,0.1149,12.0,0.1272,6.0,0.2071,17.0,0.199,11.0,0.1908,9.0,0.2407,54.0,0.2218,55.0,0.2402,36.0,0.25,41.0,0.2598,44.0
2025-06-16,0.0706,2.0,0.1265,6.0,0.1954,13.0,0.1962,10.0,0.197,11.0,0.2404,54.0,0.2224,55.0,0.2391,35.0,0.2524,43.0,0.2658,49.0
2025-06-13,0.084,4.0,0.1273,7.0,0.1688,6.0,0.1788,6.0,0.1887,8.0,0.2409,54.0,0.2225,55.0,0.2425,38.0,0.251,42.0,0.2596,44.0
2025-06-12,0.0853,4.0,0.1174,4.0,0.191,11.0,0.205,12.0,0.2191,18.0,0.2448,56.0,0.2245,57.0,0.2326,30.0,0.2458,37.0,0.2591,43.0
2025-06-11,0.0793,3.0,0.1211,5.0,0.1859,10.0,0.1954,10.0,0.2048,13.0,0.2469,56.0,0.2265,57.0,0.2419,38.0,0.2476,39.0,0.2534,39.0
2025-06-10,0.1034,8.0,0.1251,6.0,0.189,11.0,0.1824,7.0,0.1759,6.0,0.2468,56.0,0.2275,59.0,0.2494,45.0,0.2454,37.0,0.2415,28.0
2025-06-09,0.1046,9.0,0.1278,7.0,0.1701,6.0,0.1786,6.0,0.1872,8.0,0.2468,56.0,0.2274,59.0,0.2495,45.0,0.2466,38.0,0.2438,31.0
2025-06-06,0.1028,8.0,0.1269,6.0,0.1825,9.0,0.1916,9.0,0.2007,12.0,0.247,56.0,0.228,60.0,0.2377,34.0,0.2409,32.0,0.2441,31.0
2025-06-05,0.105,9.0,0.1244,6.0,0.1724,7.0,0.1952,10.0,0.218,17.0,0.247,56.0,0.228,60.0,0.247,43.0,0.244,36.0,0.2411,28.0
2025-06-04,0.1314,19.0,0.1195,5.0,0.1878,11.0,0.1992,11.0,0.2105,15.0,0.2469,56.0,0.2286,60.0,0.2591,53.0,0.2522,43.0,0.2452,32.0
2025-06-03,0.1292,18.0,0.1161,4.0,0.1532,4.0,0.1723,5.0,0.1914,9.0,0.2473,57.0,0.2287,60.0,0.249,45.0,0.2496,41.0,0.2501,36.0
2025-06-02,0.1352,21.0,0.1138,4.0,0.1515,4.0,0.1754,6.0,0.1993,11.0,0.2472,57.0,0.2285,60.0,0.2493,45.0,0.2515,42.0,0.2537,39.0
2025-05-30,0.1487,26.0,0.1107,3.0,0.1761,8.0,0.1836,7.0,0.1912,9.0,0.2466,56.0,0.2287,60.0,0.2467,42.0,0.2496,41.0,0.2526,38.0
2025-05-29,0.1488,27.0,0.1069,2.0,0.1564,4.0,0.1802,7.0,0.2039,13.0,0.2467,56.0,0.229,61.0,0.2478,44.0,0.2473,39.0,0.2468,34.0
2025-05-28,0.1551,28.0,0.1123,3.0,0.187,10.0,0.195,10.0,0.2031,12.0,0.2467,56.0,0.2291,61.0,0.2554,50.0,0.2524,43.0,0.2494,36.0
2025-05-27,0.2055,51.0,0.1473,15.0,0.1851,10.0,0.1846,8.0,0.1842,8.0,0.2468,56.0,0.2293,61.0,0.2529,48.0,0.2516,42.0,0.2503,36.0
2025-05-23,0.5383,96.0,0.237,69.0,0.1687,6.0,0.1852,8.0,0.2017,12.0,0.2464,56.0,0.23,61.0,0.258,52.0,0.2548,45.0,0.2515,37.0
2025-05-22,0.5558,97.0,0.2496,73.0,0.1855,10.0,0.1992,11.0,0.2128,15.0,0.2473,57.0,0.2309,62.0,0.2612,54.0,0.2579,48.0,0.2545,40.0
2025-05-21,0.5533,97.0,0.2485,73.0,0.2048,16.0,0.215,16.0,0.2253,21.0,0.2468,56.0,0.2314,63.0,0.254,49.0,0.2544,45.0,0.2549,40.0
2025-05-20,0.5358,96.0,0.2535,75.0,0.147,3.0,0.1598,4.0,0.1725,5.0,0.2475,57.0,0.2314,63.0,0.2396,36.0,0.2376,30.0,0.2355,24.0
2025-05-19,0.5203,96.0,0.2536,75.0,0.1682,6.0,0.1845,8.0,0.2008,12.0,0.2481,57.0,0.232,63.0,0.2383,35.0,0.239,31.0,0.2396,27.0
2025-05-16,0.5204,96.0,0.2588,77.0,0.1772,8.0,0.1713,5.0,0.1654,4.0,0.2482,57.0,0.2318,63.0,0.2402,36.0,0.2376,30.0,0.235,23.0
2025-05-15,0.5205,96.0,0.2513,74.0,0.1971,13.0,0.2034,12.0,0.2098,15.0,0.247,56.0,0.2309,62.0,0.2431,39.0,0.2436,35.0,0.2441,31.0
2025-05-14,0.2389,62.0,0.1774,34.0,0.6836,100.0,0.722,100.0,0.7604,100.0,0.218,40.0,0.2266,57.0,0.2648,56.0,0.268,55.0,0.2712,53.0
2025-05-13,0.2079,51.0,0.1711,30.0,0.5778,99.0,0.5708,99.0,0.5637,99.0,0.2168,40.0,0.2261,57.0,0.2662,57.0,0.264,53.0,0.2617,46.0
2025-05-12,0.1918,45.0,0.1776,34.0,0.4911,98.0,0.5254,98.0,0.5598,99.0,0.2171,40.0,0.2265,57.0,0.258,52.0,0.2672,55.0,0.2764,57.0
2025-05-09,0.1413,23.0,0.186,40.0,0.4623,96.0,0.4712,97.0,0.48,97.0,0.2145,37.0,0.2284,60.0,0.2771,63.0,0.275,60.0,0.2728,55.0
2025-05-08,0.1416,24.0,0.1982,48.0,0.4907,98.0,0.4912,98.0,0.4917,97.0,0.2282,47.0,0.2345,64.0,0.2802,65.0,0.2805,63.0,0.2809,60.0
2025-05-07,0.1452,25.0,0.1908,44.0,0.4762,97.0,0.4824,97.0,0.4885,97.0,0.2281,47.0,0.2364,65.0,0.2682,59.0,0.2838,65.0,0.2993,69.0
2025-05-06,0.1218,15.0,0.1813,37.0,0.5228,98.0,0.4848,97.0,0.4469,95.0,0.2278,47.0,0.2365,65.0,0.2769,63.0,0.2874,66.0,0.298,68.0
2025-05-05,0.1172,13.0,0.1768,34.0,0.477,97.0,0.4597,96.0,0.4424,94.0,0.2275,47.0,0.2369,65.0,0.2719,61.0,0.2882,66.0,0.3044,71.0
2025-05-02,0.1337,20.0,0.1726,31.0,0.4034,91.0,0.4224,94.0,0.4414,94.0,0.2284,47.0,0.2369,65.0,0.2651,57.0,0.2828,64.0,0.3004,69.0
2025-05-01,0.1206,14.0,0.1863,41.0,0.4104,92.0,0.3973,90.0,0.3842,86.0,0.2285,47.0,0.2367,65.0,0.274,62.0,0.2871,66.0,0.3002,69.0
2025-04-30,0.1368,22.0,0.1724,31.0,0.3908,90.0,0.4147,93.0,0.4387,94.0,0.228,47.0,0.2361,65.0,0.2668,57.0,0.287,66.0,0.3072,72.0
2025-04-29,0.1803,39.0,0.1781,35.0,0.3948,90.0,0.4044,91.0,0.414,91.0,0.2279,47.0,0.2356,64.0,0.2729,61.0,0.2884,66.0,0.304,71.0
2025-04-28,0.1804,39.0,0.1839,39.0,0.3966,91.0,0.3912,90.0,0.3858,87.0,0.2278,47.0,0.2358,65.0,0.2775,64.0,0.2892,66.0,0.301,70.0
2025-04-25,0.1866,42.0,0.1892,43.0,0.3737,87.0,0.3852,89.0,0.3966,88.0,0.2286,47.0,0.2361,65.0,0.2659,57.0,0.2851,65.0,0.3043,71.0
2025-04-24,0.205,50.0,0.1985,48.0,0.3815,88.0,0.3842,89.0,0.3869,87.0,0.2318,50.0,0.2378,65.0,0.2735,62.0,0.2854,65.0,0.2972,68.0
2025-04-23,0.2095,52.0,0.1991,49.0,0.3738,87.0,0.3732,86.0,0.3727,84.0,0.2312,49.0,0.2376,65.0,0.2741,62.0,0.2872,66.0,0.3003,69.0
2025-04-22,0.2316,60.0,0.2258,63.0,0.3348,78.0,0.3567,83.0,0.3786,85.0,0.2319,50.0,0.2368,65.0,0.2748,62.0,0.2887,66.0,0.3026,70.0
2025-04-21,0.2667,71.0,0.2693,79.0,0.3447,81.0,0.3636,84.0,0.3825,86.0,0.2305,49.0,0.2365,65.0,0.2802,65.0,0.2942,68.0,0.3083,72.0
2025-04-17,0.4751,95.0,0.4023,95.0,0.3383,79.0,0.3345,77.0,0.3306,73.0,0.2295,48.0,0.2358,65.0,0.2814,65.0,0.2894,66.0,0.2974,68.0
2025-04-16,0.5058,95.0,0.4487,96.0,0.3322,77.0,0.2904,62.0,0.2487,35.0,0.2291,48.0,0.2359,65.0,0.2903,69.0,0.2998,70.0,0.3094,72.0
2025-04-15,0.5026,95.0,0.482,97.0,0.324,75.0,0.2792,56.0,0.2343,27.0,0.2291,48.0,0.236,65.0,0.2834,66.0,0.29,67.0,0.2965,68.0
2025-04-14,0.5679,97.0,0.4956,97.0,0.3236,75.0,0.3386,78.0,0.3537,79.0,0.2285,47.0,0.2368,65.0,0.2781,64.0,0.2881,66.0,0.298,68.0
2025-04-11,0.5854,97.0,0.5094,98.0,0.3653,86.0,0.3258,74.0,0.2862,57.0,0.2278,47.0,0.2369,65.0,0.3032,73.0,0.3117,74.0,0.3202,76.0
2025-04-10,0.5724,97.0,0.4952,97.0,0.3315,77.0,,,0.3437,77.0,0.2264,46.0,0.2349,64.0,0.2966,71.0,,,0.3242,77.0
2025-04-09,0.5535,97.0,0.4784,97.0,0.3341,78.0,,,0.3294,72.0,0.2233,44.0,0.2322,63.0,0.2816,65.0,,,0.3099,73.0
2025-04-08,0.3243,82.0,0.3777,93.0,0.4854,97.0,,,0.5022,97.0,0.2016,24.0,0.2203,54.0,0.3151,78.0,,,0.3384,82.0
2025-04-07,0.3163,80.0,0.3159,88.0,0.5034,98.0,,,0.5041,97.0,0.1998,22.0,0.2149,48.0,0.3231,80.0,,,0.3458,84.0
2025-04-04,0.3223,81.0,0.2583,77.0,0.4287,94.0,,,0.39,87.0,0.2022,24.0,0.2109,44.0,0.3205,79.0,,,0.3332,80.0
2025-04-03,0.2236,57.0,0.2251,63.0,0.2945,65.0,,,0.2847,56.0,0.1941,19.0,0.2087,42.0,0.2717,61.0,,,0.2923,66.0
2025-04-02,0.1312,19.0,0.2019,50.0,0.2182,22.0,,,0.2043,13.0,0.1905,18.0,0.2065,40.0,0.2511,46.0,,,0.2755,57.0
2025-04-01,0.1386,22.0,0.1954,46.0,0.2519,45.0,,,0.2388,28.0,0.1903,17.0,0.2065,40.0,0.26,53.0,,,0.2713,53.0
2025-03-31,0.2081,51.0,0.2138,57.0,0.2434,39.0,,,0.2327,26.0,0.1943,19.0,0.2075,41.0,0.2554,50.0,,,0.2719,54.0
2025-03-28,0.1783,38.0,0.1914,44.0,0.244,40.0,,,0.2344,27.0,0.194,19.0,0.2065,40.0,0.2546,49.0,,,0.2672,50.0
2025-03-27,0.1918,45.0,0.2102,55.0,0.2125,20.0,,,0.2269,22.0,0.1944,20.0,0.207,40.0,0.2473,43.0,,,0.2688,52.0
2025-03-26,0.1874,43.0,0.2075,54.0,0.2109,19.0,,,0.2503,36.0,0.1943,19.0,0.2068,40.0,0.2434,39.0,,,0.2709,53.0
2025-03-25,0.1864,42.0,0.206,53.0,0.1973,13.0,,,0.2622,44.0,0.1943,19.0,0.2067,40.0,0.2394,36.0,,,0.2828,61.0
2025-03-24,0.2253,57.0,0.2127,57.0,0.2464,42.0,,,0.249,35.0,0.1943,19.0,0.2058,39.0,0.2525,48.0,,,0.2731,55.0
2025-03-21,0.2156,55.0,0.2131,57.0,0.2381,36.0,,,0.2611,43.0,0.1941,19.0,0.2056,39.0,0.2573,51.0,,,0.2849,63.0
2025-03-20,0.1918,45.0,0.1855,40.0,0.2279,28.0,,,0.246,34.0,0.192,18.0,0.2038,38.0,0.2607,54.0,,,0.2808,60.0
2025-03-19,0.2065,51.0,0.1924,45.0,0.2428,39.0,,,0.2465,34.0,0.1922,18.0,0.2036,38.0,0.2628,55.0,,,0.2836,62.0
2025-03-18,0.1961,47.0,0.1957,47.0,0.3027,68.0,,,0.2657,47.0,0.1922,18.0,0.2034,37.0,0.2652,57.0,,,0.2802,60.0
2025-03-17,0.196,46.0,0.2134,57.0,0.2671,54.0,,,0.2551,39.0,0.1925,19.0,0.204,38.0,0.2638,56.0,,,0.2812,60.0
2025-03-14,0.2407,63.0,0.2376,69.0,0.3068,69.0,,,0.2876,57.0,0.1924,19.0,0.2042,38.0,0.2798,64.0,,,0.2813,60.0
2025-03-13,0.2103,52.0,0.2267,64.0,0.3572,84.0,,,0.3478,78.0,0.1906,18.0,0.2032,37.0,0.2826,66.0,,,0.2976,68.0
2025-03-12,0.2232,57.0,0.2297,65.0,0.3285,76.0,,,0.3356,74.0,0.1921,18.0,0.2035,38.0,0.2797,64.0,,,0.2972,68.0
2025-03-11,0.2013,49.0,0.2573,76.0,0.3566,84.0,,,0.3278,72.0,0.1931,19.0,0.2043,38.0,0.2821,65.0,,,0.2926,66.0
2025-03-10,0.1591,31.0,0.2704,80.0,0.3842,89.0,,,0.3569,80.0,0.1922,18.0,0.2037,38.0,0.2726,61.0,,,0.2816,61.0
2025-03-07,0.1908,44.0,0.2548,75.0,0.3202,74.0,,,0.305,64.0,0.1951,20.0,0.2034,37.0,0.2766,63.0,,,0.2915,66.0
2025-03-06,0.1981,47.0,0.2473,73.0,0.3029,68.0,,,0.3242,70.0,0.1951,20.0,0.2027,37.0,0.2688,59.0,,,0.2897,65.0
2025-03-05,0.1655,33.0,0.2249,63.0,0.3012,68.0,,,0.2933,60.0,0.1928,19.0,0.2014,36.0,0.269,59.0,,,0.2855,63.0
2025-03-04,0.1785,39.0,0.2327,67.0,0.3092,70.0,,,0.3135,67.0,0.1931,19.0,0.2023,37.0,0.2731,61.0,,,0.288,64.0
2025-03-03,0.1638,33.0,0.2274,64.0,0.2784,57.0,,,0.3165,68.0,0.1924,19.0,0.203,37.0,0.261,54.0,,,0.2881,64.0
2025-02-28,0.1293,18.0,0.1855,40.0,0.2704,55.0,,,0.3127,67.0,0.1922,18.0,0.2009,36.0,0.264,56.0,,,0.2849,63.0
2025-02-27,0.1388,22.0,0.1677,27.0,0.2752,57.0,,,0.2718,50.0,0.1922,18.0,0.1996,35.0,0.2615,54.0,,,0.2778,57.0
2025-02-26,0.1005,8.0,0.1848,40.0,0.3032,68.0,,,0.2841,56.0,0.1913,18.0,0.1995,35.0,0.2622,55.0,,,0.2804,60.0
2025-02-25,0.0938,6.0,0.1759,33.0,0.2791,59.0,,,0.2848,56.0,0.1915,18.0,0.1992,34.0,0.2513,46.0,,,0.2702,53.0
2025-02-24,0.0937,6.0,0.1778,35.0,0.2647,52.0,,,0.2732,50.0,0.1916,18.0,0.1991,34.0,0.2508,46.0,,,0.2688,52.0
2025-02-21,0.1327,19.0,0.1603,22.0,0.2587,49.0,,,0.2712,49.0,0.1908,18.0,0.1984,34.0,0.2498,45.0,,,0.271,53.0
2025-02-20,0.1333,20.0,0.1572,21.0,0.2556,48.0,,,0.2659,47.0,0.1908,18.0,0.1987,34.0,0.262,54.0,,,0.2549,40.0
2025-02-19,0.1397,23.0,0.1627,24.0,0.2744,57.0,,,0.2596,42.0,0.1909,18.0,0.1989,34.0,0.2635,56.0,,,0.2521,37.0
2025-02-18,0.1318,19.0,0.1709,30.0,0.2835,61.0,,,0.2834,56.0,0.1906,18.0,0.1982,34.0,0.261,54.0,,,0.2503,36.0
2025-02-14,0.1975,47.0,0.2222,61.0,0.2178,22.0,,,0.2621,44.0,0.1907,18.0,0.1972,33.0,0.2628,55.0,,,0.2564,41.0
2025-02-13,0.2025,49.0,0.224,62.0,0.2271,28.0,,,0.2488,35.0,0.1912,18.0,0.1973,33.0,0.2618,54.0,,,0.2523,38.0
2025-02-12,0.2048,50.0,0.235,68.0,0.236,34.0,,,0.2418,31.0,0.1917,18.0,0.1975,33.0,0.2655,57.0,,,0.2487,35.0
2025-02-11,0.1739,37.0,0.2373,69.0,0.235,33.0,,,0.2535,38.0,0.1899,17.0,0.1973,33.0,0.2567,51.0,,,0.2525,38.0
2025-02-10,0.1747,37.0,0.2536,75.0,0.236,34.0,,,0.2285,23.0,0.1898,17.0,0.1975,33.0,0.2574,51.0,,,0.2518,37.0
2025-02-07,0.1762,38.0,0.2552,75.0,0.2106,19.0,,,0.2733,50.0,0.19,17.0,0.1975,33.0,0.2534,48.0,,,0.2577,42.0
2025-02-06,0.162,32.0,0.2441,71.0,0.2246,26.0,,,0.2421,31.0,0.1908,18.0,0.1976,33.0,0.2516,47.0,,,0.2544,39.0
2025-02-05,0.1048,9.0,0.1839,39.0,0.3262,76.0,,,0.3667,82.0,0.1922,18.0,0.1957,32.0,0.2733,61.0,,,0.2674,51.0
2025-02-04,0.1697,35.0,0.1907,43.0,0.3394,79.0,,,0.3724,84.0,0.1948,20.0,0.2039,38.0,0.2738,62.0,,,0.2639,48.0
2025-02-03,0.1685,34.0,0.1714,30.0,0.364,86.0,,,0.3186,69.0,0.1948,20.0,0.2044,38.0,0.2745,62.0,,,0.2656,49.0
2025-01-31,0.1583,31.0,0.185,40.0,0.3659,86.0,,,0.2935,60.0,0.1962,21.0,0.2055,39.0,0.275,62.0,,,0.2564,41.0
2025-01-30,0.1549,28.0,0.1787,35.0,0.3104,70.0,,,0.3406,76.0,0.1964,21.0,0.206,39.0,0.2679,59.0,,,0.26,44.0
2025-01-29,0.2478,65.0,0.1928,45.0,0.3198,74.0,,,0.3112,66.0,0.1966,21.0,0.2062,39.0,0.2739,62.0,,,0.2613,46.0
2025-01-28,0.246,65.0,0.1908,44.0,0.3234,75.0,,,0.3253,71.0,0.1968,21.0,0.208,41.0,0.2572,51.0,,,0.2712,53.0
2025-01-27,0.239,62.0,0.2001,49.0,0.2883,63.0,,,0.3244,71.0,0.1969,21.0,0.2081,41.0,0.2474,43.0,,,0.2832,62.0
2025-01-24,0.2365,62.0,0.1945,46.0,0.251,45.0,,,0.2863,57.0,0.1955,20.0,0.2091,42.0,0.247,43.0,,,0.2731,55.0
2025-01-23,0.2344,61.0,0.195,46.0,0.2569,49.0,,,0.3134,67.0,0.1983,22.0,0.2108,44.0,0.2455,41.0,,,0.2779,57.0
2025-01-22,0.2163,55.0,0.182,38.0,0.2903,63.0,,,0.3285,72.0,0.1998,22.0,0.2124,46.0,0.2511,46.0,,,0.2733,55.0
2025-01-21,0.2689,71.0,0.1818,37.0,0.2532,46.0,,,0.2944,60.0,0.1995,22.0,0.2121,45.0,0.2444,40.0,,,0.2769,57.0
2025-01-17,0.1893,44.0,0.1769,34.0,0.334,78.0,,,0.3464,77.0,0.1938,19.0,0.2112,44.0,0.2599,53.0,,,0.2888,65.0
2025-01-16,0.1943,46.0,0.1828,38.0,0.2678,54.0,,,0.3295,72.0,0.196,21.0,0.2118,45.0,0.2485,44.0,,,0.2839,62.0
2025-01-15,0.1742,37.0,0.1741,32.0,0.2811,60.0,,,0.3768,85.0,0.1945,20.0,0.2115,45.0,0.2605,54.0,,,0.272,54.0
2025-01-14,0.1719,36.0,0.1763,34.0,0.2552,47.0,,,0.3757,84.0,0.1954,20.0,0.2123,45.0,0.255,50.0,,,0.2889,65.0
2025-01-13,0.2061,51.0,0.1988,49.0,0.2585,49.0,,,0.3281,72.0,0.1956,21.0,0.2132,46.0,0.2589,52.0,,,0.2953,67.0
2025-01-10,0.2012,49.0,0.1954,46.0,0.2925,64.0,,,0.2754,51.0,0.2007,23.0,0.2152,48.0,0.2633,55.0,,,0.279,59.0
2025-01-08,0.1878,43.0,0.185,40.0,0.2097,18.0,,,0.2366,28.0,0.1993,22.0,0.215,48.0,0.2571,51.0,,,0.2771,57.0
2025-01-07,0.1643,33.0,0.1725,31.0,0.275,57.0,,,0.2946,60.0,0.1998,22.0,0.2154,48.0,0.2552,50.0,,,0.2763,57.0
2025-01-06,0.1359,21.0,0.169,28.0,0.3052,69.0,,,0.2752,51.0,0.1997,22.0,0.2156,48.0,0.2692,59.0,,,0.2764,57.0
2025-01-03,0.1409,23.0,0.1646,25.0,0.249,44.0,,,0.2529,38.0,0.2002,23.0,0.2159,49.0,0.2569,51.0,,,0.2842,62.0
2025-01-02,0.1258,16.0,0.1636,25.0,0.2601,50.0,,,0.2502,36.0,0.204,26.0,0.2173,51.0,0.2636,56.0,,,0.2809,60.0
2024-12-31,0.1391,22.0,0.1532,18.0,0.2409,37.0,,,0.2325,25.0,0.2029,25.0,0.2161,49.0,0.2582,52.0,,,0.2771,57.0
2024-12-30,0.1609,32.0,0.1616,23.0,0.2198,23.0,,,0.216,17.0,0.2037,25.0,0.2168,50.0,0.2624,55.0,,,0.279,59.0
2024-12-27,0.1545,28.0,0.1662,26.0,0.2119,19.0,,,0.2618,44.0,0.2028,25.0,0.2165,50.0,0.2549,49.0,,,0.2778,57.0
2024-12-26,0.1585,31.0,0.1762,34.0,0.2328,32.0,,,0.1987,11.0,0.2028,25.0,0.2164,49.0,0.2645,56.0,,,0.275,56.0
2024-12-24,0.1766,38.0,0.1871,41.0,0.203,16.0,,,0.22,19.0,0.2028,25.0,0.2166,50.0,0.2532,48.0,,,0.28,60.0
2024-12-23,0.1726,36.0,0.191,44.0,0.2076,18.0,,,0.2238,20.0,0.2038,25.0,0.2168,50.0,0.2659,57.0,,,0.2849,63.0
2024-12-20,0.2846,75.0,0.2287,65.0,0.242,38.0,,,0.2519,37.0,0.2038,25.0,0.2164,49.0,0.2644,56.0,,,0.2847,63.0
2024-12-19,0.2797,74.0,0.2502,74.0,0.2558,48.0,,,0.4845,97.0,0.2026,24.0,0.2158,49.0,0.2762,63.0,,,0.2835,62.0
2024-12-18,0.2763,73.0,0.2592,77.0,0.4362,94.0,,,0.3387,75.0,0.202,24.0,0.2153,48.0,0.2834,66.0,,,0.2826,61.0
2024-12-17,0.2737,73.0,0.2531,75.0,0.4353,94.0,,,0.3124,67.0,0.2015,24.0,0.2151,48.0,0.2741,62.0,,,0.2717,54.0
2024-12-16,0.2737,73.0,0.255,75.0,0.3847,89.0,,,0.2168,17.0,0.2014,24.0,0.2149,48.0,0.269,59.0,,,0.2727,55.0
2024-12-13,0.2639,70.0,0.2457,72.0,0.2674,54.0,,,0.2789,53.0,0.2011,24.0,0.2155,48.0,0.2669,57.0,,,0.2758,57.0
2024-12-12,0.2585,68.0,0.2539,75.0,0.2212,24.0,,,0.3011,63.0,0.2006,23.0,0.2154,48.0,0.2531,48.0,,,0.2842,62.0
2024-12-11,0.1315,19.0,0.2171,59.0,0.3113,71.0,,,0.2237,20.0,0.1958,21.0,0.2136,47.0,0.2702,60.0,,,0.2658,49.0
2024-12-10,0.0755,3.0,0.1756,33.0,0.2663,53.0,,,0.25,36.0,0.1942,19.0,0.2119,45.0,0.262,54.0,,,0.2755,57.0
2024-12-09,0.0932,6.0,0.16,22.0,0.3019,68.0,,,0.2737,50.0,0.1964,21.0,0.2114,44.0,0.2642,56.0,,,0.2711,53.0
2024-12-06,0.1041,9.0,0.1722,30.0,0.2184,22.0,,,0.2221,19.0,0.1965,21.0,0.2115,45.0,0.2587,52.0,,,0.2733,55.0
2024-12-05,0.0922,6.0,0.1601,22.0,0.2277,28.0,,,0.2311,24.0,0.1963,21.0,0.2114,44.0,0.2602,53.0,,,0.2727,55.0
2024-12-04,0.1023,8.0,0.1623,24.0,0.238,36.0,,,0.2591,42.0,0.1967,21.0,0.2114,44.0,0.2618,54.0,,,0.2694,52.0
2024-12-03,0.114,12.0,0.1594,22.0,0.2589,50.0,,,0.2243,21.0,0.1979,22.0,0.2111,44.0,0.2699,60.0,,,0.2678,51.0
2024-12-02,0.1204,14.0,0.1771,34.0,0.2619,51.0,,,0.2518,37.0,0.1974,21.0,0.2112,44.0,0.2643,56.0,,,0.2722,54.0
2024-11-29,0.1171,13.0,0.1901,43.0,0.2213,24.0,,,0.2604,43.0,0.1976,22.0,0.2113,44.0,0.2511,46.0,,,0.2811,60.0
2024-11-27,0.1908,44.0,0.1856,40.0,0.2446,40.0,,,0.2344,27.0,0.1973,21.0,0.2108,44.0,0.2649,57.0,,,0.2715,54.0
2024-11-26,0.2032,50.0,0.1879,42.0,0.2094,18.0,,,0.2615,44.0,0.2002,23.0,0.2118,45.0,0.2545,49.0,,,0.2769,57.0
2024-11-25,0.2032,50.0,0.1852,40.0,0.2477,43.0,,,0.2247,21.0,0.2002,23.0,0.2117,45.0,0.2654,57.0,,,0.2725,54.0
2024-11-22,0.1874,43.0,0.1848,40.0,0.2464,42.0,,,0.2451,33.0,0.1999,23.0,0.2115,45.0,0.2645,56.0,,,0.2771,57.0
2024-11-21,0.1876,43.0,0.17,28.0,0.2416,38.0,,,0.2769,52.0,0.1996,22.0,0.211,44.0,0.2592,53.0,,,0.2866,63.0
2024-11-20,0.1384,22.0,0.1529,18.0,0.2275,28.0,,,0.2578,41.0,0.2014,24.0,0.2111,44.0,0.2649,57.0,,,0.2832,62.0
2024-11-19,0.1732,36.0,0.1491,16.0,0.292,64.0,,,0.2624,44.0,0.202,24.0,0.2109,44.0,0.2865,67.0,,,0.2646,48.0
2024-11-18,0.1698,35.0,0.199,49.0,0.2763,57.0,,,0.2557,40.0,0.2012,24.0,0.2112,44.0,0.2826,66.0,,,0.2604,45.0
2024-11-15,0.3718,88.0,0.2917,84.0,0.2432,39.0,,,0.2274,22.0,0.2003,23.0,0.2106,43.0,0.2745,62.0,,,0.2608,45.0
2024-11-14,0.373,88.0,0.3237,89.0,0.2377,35.0,,,0.2273,22.0,0.2006,23.0,0.2108,44.0,0.2752,62.0,,,0.2574,42.0
2024-11-13,0.3788,89.0,0.3313,90.0,0.2328,32.0,,,0.2306,24.0,0.2005,23.0,0.2107,44.0,0.2728,61.0,,,0.2564,41.0
2024-11-12,0.38,89.0,0.341,91.0,0.2162,21.0,,,0.3328,73.0,0.2008,23.0,0.2115,45.0,0.2713,61.0,,,0.256,41.0
2024-11-11,0.3922,90.0,0.3441,91.0,0.2323,31.0,,,0.301,63.0,0.2028,25.0,0.2119,45.0,0.2703,60.0,,,0.2588,43.0
2024-11-08,0.387,89.0,0.3398,91.0,0.2373,35.0,,,0.2214,19.0,0.202,24.0,0.213,46.0,0.2699,60.0,,,0.2528,38.0
2024-11-07,0.364,87.0,0.3133,87.0,0.2924,64.0,,,0.2918,59.0,0.2016,24.0,0.2108,44.0,0.2654,57.0,,,0.2583,43.0
2024-11-06,0.1267,16.0,0.2208,61.0,0.3996,91.0,,,0.4635,96.0,0.1864,16.0,0.2041,38.0,0.2745,62.0,,,0.2677,51.0
2024-11-05,0.1273,17.0,0.1775,34.0,0.4457,95.0,,,0.4426,94.0,0.1894,17.0,0.2033,37.0,0.2848,67.0,,,0.2795,59.0
2024-11-04,0.1521,28.0,0.1733,31.0,0.4081,92.0,,,0.4451,94.0,0.2158,39.0,0.2074,41.0,0.2823,66.0,,,0.279,59.0
2024-11-01,0.2282,59.0,0.1964,47.0,0.4023,91.0,,,0.3916,88.0,0.2167,39.0,0.2072,40.0,0.2842,67.0,,,0.2747,56.0
2024-10-31,0.2118,53.0,0.1877,42.0,0.4032,91.0,,,0.3899,87.0,0.2168,40.0,0.2073,41.0,0.278,64.0,,,0.29,65.0
2024-10-30,0.2148,54.0,0.1872,41.0,0.3797,88.0,,,0.3877,87.0,0.2164,39.0,0.2072,40.0,0.2675,57.0,,,0.2908,65.0
2024-10-29,0.2165,55.0,0.1827,38.0,0.3709,87.0,,,0.3849,86.0,0.2166,39.0,0.2071,40.0,0.2646,56.0,,,0.2919,66.0
2024-10-28,0.2179,55.0,0.1819,37.0,0.3962,91.0,,,0.3574,80.0,0.2167,39.0,0.2072,40.0,0.2688,59.0,,,0.2849,63.0
2024-10-25,0.219,56.0,0.1868,41.0,0.3244,75.0,,,0.3787,85.0,0.2167,39.0,0.2073,41.0,0.2667,57.0,,,0.2894,65.0
2024-10-24,0.2019,49.0,0.1853,40.0,0.3464,81.0,,,0.3207,69.0,0.2158,39.0,0.2067,40.0,0.2709,60.0,,,0.2797,59.0
2024-10-23,0.0756,3.0,0.1753,33.0,0.3339,78.0,,,0.3696,83.0,0.2127,34.0,0.2046,38.0,0.2647,56.0,,,0.2939,67.0
2024-10-22,0.0974,7.0,0.1837,39.0,0.313,71.0,,,0.3625,81.0,0.2132,35.0,0.2052,39.0,0.2677,57.0,,,0.287,64.0
2024-10-21,0.079,3.0,0.1875,41.0,0.3469,82.0,,,0.3464,77.0,0.2126,34.0,0.2051,39.0,0.2592,53.0,,,0.2872,64.0
2024-10-18,0.0762,3.0,0.1917,44.0,0.3289,76.0,,,0.3449,77.0,0.2137,36.0,0.2052,39.0,0.2598,53.0,,,0.2858,63.0
2024-10-17,0.0717,2.0,0.1931,45.0,0.3186,73.0,,,0.3274,71.0,0.2165,39.0,0.2071,40.0,0.2611,54.0,,,0.2871,64.0
2024-10-16,0.078,3.0,0.1836,38.0,0.3264,76.0,,,0.3399,76.0,0.2165,39.0,0.2069,40.0,0.2618,54.0,,,0.2789,59.0
2024-10-15,0.1538,28.0,0.1839,39.0,0.3588,84.0,,,0.3163,68.0,0.2167,39.0,0.2068,40.0,0.2644,56.0,,,0.2845,63.0
2024-10-14,0.1553,28.0,0.1549,19.0,0.31,70.0,,,0.3159,68.0,0.2164,39.0,0.2056,39.0,0.2525,48.0,,,0.2834,62.0
2024-10-11,0.1448,25.0,0.1453,14.0,0.2558,48.0,,,0.3118,67.0,0.2164,39.0,0.2057,39.0,0.2597,53.0,,,0.2886,64.0
2024-10-10,0.1336,20.0,0.1527,18.0,0.271,56.0,,,0.2562,40.0,0.2171,40.0,0.2055,39.0,0.2623,55.0,,,0.2926,66.0
2024-10-09,0.1877,43.0,0.1908,44.0,0.2942,65.0,,,0.2766,52.0,0.218,40.0,0.2072,40.0,0.2677,57.0,,,0.2876,64.0
2024-10-08,0.2332,60.0,0.1954,46.0,0.2454,41.0,,,0.297,61.0,0.2186,41.0,0.2072,40.0,0.2575,52.0,,,0.2946,67.0
2024-10-07,0.2443,64.0,0.2022,51.0,0.3034,68.0,,,0.2988,62.0,0.2196,41.0,0.2078,41.0,0.2781,64.0,,,0.2901,65.0
2024-10-04,0.2222,57.0,0.1913,44.0,0.3379,79.0,,,0.2198,19.0,0.2205,42.0,0.2078,41.0,0.268,59.0,,,0.2857,63.0
2024-10-03,0.222,57.0,0.1912,44.0,0.2854,61.0,,,0.2368,28.0,0.2206,42.0,0.2078,41.0,0.2708,60.0,,,0.2892,65.0
2024-10-02,0.2199,56.0,0.1889,42.0,0.2557,48.0,,,0.2447,33.0,0.2203,42.0,0.2078,41.0,0.2672,57.0,,,0.2878,64.0
2024-10-01,0.2323,60.0,0.178,35.0,0.2175,22.0,,,0.2535,38.0,0.2202,42.0,0.2073,41.0,0.2661,57.0,,,0.2848,63.0
2024-09-30,0.1553,28.0,0.1352,9.0,0.2221,25.0,,,0.2466,34.0,0.2174,40.0,0.2061,39.0,0.263,55.0,,,0.2902,65.0
2024-09-27,0.1307,18.0,0.1243,6.0,0.2514,45.0,,,0.2804,54.0,0.2165,39.0,0.2058,39.0,0.264,56.0,,,0.2811,60.0
2024-09-26,0.1364,21.0,0.1339,9.0,0.2328,32.0,,,0.2444,33.0,0.2185,41.0,0.206,39.0,0.2564,51.0,,,0.2871,64.0
2024-09-25,0.136,21.0,0.1502,17.0,0.2434,39.0,,,0.2246,21.0,0.2199,42.0,0.2071,40.0,0.2632,55.0,,,0.2823,61.0
2024-09-24,0.134,20.0,0.1555,20.0,0.2456,41.0,,,0.2131,16.0,0.2197,41.0,0.207,40.0,0.2614,54.0,,,0.2813,60.0
2024-09-23,0.135,21.0,0.162,24.0,0.2066,17.0,,,0.2297,23.0,0.221,42.0,0.2072,40.0,0.2534,48.0,,,0.2836,62.0
2024-09-20,0.1736,37.0,0.1743,32.0,0.2202,23.0,,,0.2361,28.0,0.2206,42.0,0.2074,41.0,0.2567,51.0,,,0.2768,57.0
2024-09-19,0.2015,49.0,0.195,46.0,0.2965,66.0,,,0.2083,14.0,0.2265,46.0,0.2097,43.0,0.2658,57.0,,,0.2758,57.0
2024-09-18,0.2061,51.0,0.1943,46.0,0.2737,57.0,,,0.2393,30.0,0.2267,46.0,0.21,43.0,0.2647,56.0,,,0.2822,61.0
2024-09-17,0.2498,66.0,0.196,47.0,0.215,21.0,,,0.298,62.0,0.2292,48.0,0.2111,44.0,0.2611,54.0,,,0.2808,60.0
2024-09-16,0.2407,63.0,0.191,44.0,0.2722,56.0,,,0.2292,23.0,0.2296,48.0,0.2107,44.0,0.263,55.0,,,0.2767,57.0
2024-09-13,0.2393,63.0,0.1898,43.0,0.2434,39.0,,,0.1708,5.0,0.2295,48.0,0.2103,43.0,0.2658,57.0,,,0.2784,59.0
2024-09-12,0.2485,66.0,0.2115,56.0,0.2239,26.0,,,0.2694,49.0,0.2292,48.0,0.2102,43.0,0.2562,50.0,,,0.2918,66.0
2024-09-11,0.2287,59.0,0.2211,61.0,0.219,23.0,,,0.2415,31.0,0.2281,47.0,0.2103,43.0,0.2646,56.0,,,0.2881,64.0
2024-09-10,0.1799,39.0,0.2056,53.0,0.225,27.0,,,0.233,26.0,0.2265,46.0,0.2091,42.0,0.2625,55.0,,,0.2925,66.0
2024-09-09,0.1808,40.0,0.2088,54.0,0.2601,50.0,,,0.2523,38.0,0.2263,46.0,0.2091,42.0,0.2698,60.0,,,0.2895,65.0
2024-09-06,0.1291,18.0,0.1915,44.0,0.2396,37.0,,,0.2425,31.0,0.2239,44.0,0.2081,41.0,0.2691,59.0,,,0.2891,65.0
2024-09-05,0.1307,18.0,0.1893,43.0,0.2555,48.0,,,0.2391,28.0,0.2238,44.0,0.2079,41.0,0.2742,62.0,,,0.2687,52.0
2024-09-04,0.1321,19.0,0.1847,39.0,0.2055,17.0,,,0.2778,53.0,0.2238,44.0,0.2077,41.0,0.2619,54.0,,,0.278,57.0
2024-09-03,0.0906,6.0,0.163,24.0,0.213,20.0,,,0.2158,17.0,0.2244,45.0,0.2066,40.0,0.2738,62.0,,,0.2627,47.0
2024-08-30,0.0949,6.0,0.1448,14.0,0.158,5.0,,,0.2253,21.0,0.2242,44.0,0.2055,39.0,0.2476,43.0,,,0.2728,55.0
2024-08-29,0.0648,2.0,0.1415,12.0,0.2041,16.0,,,0.2276,22.0,0.2254,45.0,0.2065,40.0,0.2682,59.0,,,0.2581,43.0
2024-08-28,0.069,2.0,0.1353,9.0,0.2378,35.0,,,0.2256,21.0,0.2254,45.0,0.2064,40.0,0.2623,55.0,,,0.2613,46.0
2024-08-27,0.0716,2.0,0.1359,10.0,0.1927,12.0,,,0.2466,34.0,0.2254,45.0,0.2065,40.0,0.2544,49.0,,,0.2555,40.0
2024-08-26,0.0791,3.0,0.1328,8.0,0.2032,16.0,,,0.2363,28.0,0.2254,45.0,0.2066,40.0,0.2704,60.0,,,0.2581,43.0
2024-08-23,0.1083,10.0,0.1424,13.0,0.1942,13.0,,,0.2137,16.0,0.2255,45.0,0.2065,40.0,0.2549,49.0,,,0.2727,55.0
2024-08-22,0.1047,9.0,0.1346,9.0,0.2135,20.0,,,0.2503,36.0,0.2253,45.0,0.2062,39.0,0.2624,55.0,,,0.271,53.0
2024-08-21,0.1046,9.0,0.1272,6.0,0.2034,16.0,,,0.2388,28.0,0.2257,46.0,0.2059,39.0,0.2668,57.0,,,0.2674,51.0
2024-08-20,0.1112,11.0,0.1296,7.0,0.2198,23.0,,,0.2468,34.0,0.2256,45.0,0.206,39.0,0.2692,59.0,,,0.2662,50.0
2024-08-19,0.1388,22.0,0.1589,22.0,0.1898,11.0,,,0.239,28.0,0.2267,46.0,0.2068,40.0,0.2587,52.0,,,0.2672,50.0
2024-08-16,0.2243,57.0,0.1966,47.0,0.1984,14.0,,,0.2394,30.0,0.2277,47.0,0.2075,41.0,0.264,56.0,,,0.2696,52.0
2024-08-15,0.2505,66.0,0.312,87.0,0.2349,33.0,,,0.2302,24.0,0.2277,47.0,0.2077,41.0,0.2717,61.0,,,0.2694,52.0
2024-08-14,0.2547,67.0,0.3238,89.0,0.2315,31.0,,,0.2404,30.0,0.2274,47.0,0.2077,41.0,0.2696,59.0,,,0.2745,56.0
2024-08-13,0.2735,72.0,0.3391,91.0,0.2378,35.0,,,0.2515,37.0,0.2298,48.0,0.2084,42.0,0.2772,63.0,,,0.2774,57.0
2024-08-12,0.2819,75.0,0.3536,92.0,0.2477,43.0,,,0.2331,26.0,0.2306,49.0,0.2086,42.0,0.2803,65.0,,,0.2836,62.0
2024-08-09,0.2907,77.0,0.3562,92.0,0.2423,39.0,,,0.2746,51.0,0.2303,49.0,0.2086,42.0,0.2819,65.0,,,0.281,60.0
2024-08-08,0.2762,73.0,0.366,93.0,0.2651,53.0,,,0.2603,43.0,0.2291,48.0,0.2076,41.0,0.2925,69.0,,,0.2867,63.0
2024-08-07,0.2198,56.0,0.3498,92.0,0.3113,71.0,,,0.2971,61.0,0.2276,47.0,0.2067,40.0,0.2922,69.0,,,0.3049,71.0
2024-08-06,0.1739,37.0,0.2727,80.0,0.5264,98.0,,,0.4827,97.0,0.2279,47.0,0.2029,37.0,0.3051,74.0,,,0.3051,71.0
2024-08-05,0.208,51.0,0.2761,81.0,0.5066,98.0,,,0.5455,99.0,0.2278,47.0,0.2017,36.0,0.3267,82.0,,,0.3291,79.0
2024-08-02,0.2005,48.0,0.2919,84.0,0.4155,93.0,,,0.457,95.0,0.2291,48.0,0.2018,36.0,0.2722,61.0,,,0.2798,60.0
2024-08-01,0.2042,50.0,0.2779,81.0,0.4322,94.0,,,0.4011,89.0,0.2295,48.0,0.2005,35.0,0.2707,60.0,,,0.2618,46.0
2024-07-31,0.2078,51.0,0.2723,80.0,0.422,93.0,,,0.3867,87.0,0.2293,48.0,0.2005,35.0,0.2515,47.0,,,0.2745,56.0
2024-07-30,0.2235,57.0,0.2543,75.0,0.4253,94.0,,,0.3849,86.0,0.2311,49.0,0.2002,35.0,0.2555,50.0,,,0.2781,57.0
2024-07-29,0.2367,62.0,0.2564,76.0,0.4179,93.0,,,0.3774,85.0,0.231,49.0,0.201,36.0,0.2559,50.0,,,0.2786,59.0
2024-07-26,0.2581,68.0,0.2488,73.0,0.3644,86.0,,,0.3653,82.0,0.2303,49.0,0.1994,35.0,0.2535,48.0,,,0.2767,57.0
2024-07-25,0.2184,55.0,0.2373,69.0,0.389,90.0,,,0.3685,83.0,0.2281,47.0,0.1977,33.0,0.2561,50.0,,,0.2821,61.0
2024-07-24,0.2486,66.0,0.2334,67.0,0.3693,86.0,,,0.3638,82.0,0.2266,46.0,0.195,31.0,0.2511,46.0,,,0.2773,57.0
2024-07-23,0.2573,68.0,0.2342,68.0,0.3465,82.0,,,0.3388,76.0,0.2269,46.0,0.195,31.0,0.2437,40.0,,,0.2741,56.0
2024-07-22,0.2641,70.0,0.2522,75.0,0.3045,68.0,,,0.3253,71.0,0.2266,46.0,0.195,31.0,0.2384,35.0,,,0.2703,53.0
2024-07-19,0.2515,67.0,0.2501,74.0,0.326,75.0,,,0.3081,65.0,0.226,46.0,0.1953,32.0,0.2455,41.0,,,0.2738,55.0
2024-07-18,0.2396,63.0,0.2519,74.0,0.4173,93.0,,,0.3075,65.0,0.226,46.0,0.1951,32.0,0.2438,40.0,,,0.2727,55.0
2024-07-17,0.3047,79.0,0.2622,78.0,0.3435,81.0,,,0.2876,57.0,0.2251,45.0,0.1945,31.0,0.2441,40.0,,,0.2714,54.0
2024-07-16,0.3074,79.0,0.247,72.0,0.2845,61.0,,,0.3075,65.0,0.2253,45.0,0.1937,31.0,0.2364,33.0,,,0.2673,51.0
2024-07-15,0.2526,67.0,0.2247,62.0,0.2963,66.0,,,0.294,60.0,0.2212,42.0,0.1913,28.0,0.2458,42.0,,,0.2628,47.0
2024-07-12,0.2512,67.0,0.2152,57.0,0.3016,68.0,,,0.2531,38.0,0.2215,42.0,0.1909,28.0,0.2409,37.0,,,0.2636,47.0
2024-07-11,0.2268,57.0,0.1919,44.0,0.2976,66.0,,,0.245,33.0,0.2201,42.0,0.1898,26.0,0.2441,40.0,,,0.2613,46.0
2024-07-10,0.2118,53.0,0.1902,43.0,0.2618,51.0,,,0.2617,44.0,0.2196,41.0,0.1894,26.0,0.2434,39.0,,,0.2697,52.0
2024-07-09,0.2262,57.0,0.1839,39.0,0.2476,43.0,,,0.2901,57.0,0.2197,41.0,0.1889,25.0,0.2435,39.0,,,0.2687,52.0
2024-07-08,0.1219,15.0,0.142,13.0,0.1882,11.0,,,0.2901,57.0,0.2158,39.0,0.1877,24.0,0.2431,39.0,,,0.267,50.0
2024-07-05,0.1195,14.0,0.1479,16.0,0.2829,60.0,,,0.1866,8.0,0.2182,41.0,0.1889,25.0,0.2428,39.0,,,0.266,49.0
2024-07-03,0.1086,10.0,0.1211,5.0,0.1956,13.0,,,0.2614,44.0,0.2175,40.0,0.1879,24.0,0.2442,40.0,,,0.2621,46.0
2024-07-02,0.115,12.0,0.1295,7.0,0.1733,7.0,,,0.268,48.0,0.218,40.0,0.1887,25.0,0.2368,33.0,,,0.2627,47.0
2024-07-01,0.1198,14.0,0.141,12.0,0.2164,21.0,,,0.2654,46.0,0.2193,41.0,0.1893,25.0,0.2422,38.0,,,0.2614,46.0
2024-06-28,0.1392,23.0,0.1624,24.0,0.2207,24.0,,,0.1766,6.0,0.2199,42.0,0.1893,25.0,0.2328,31.0,,,0.2653,49.0
2024-06-27,0.1103,11.0,0.1601,22.0,0.2312,31.0,,,0.2683,48.0,0.2193,41.0,0.1891,25.0,0.238,34.0,,,0.2655,49.0
2024-06-26,0.1251,16.0,0.1749,32.0,0.1943,13.0,,,0.1962,10.0,0.2195,41.0,0.1895,26.0,0.2413,37.0,,,0.2577,42.0
2024-06-25,0.1361,21.0,0.1805,36.0,0.2119,19.0,,,0.2232,20.0,0.2198,41.0,0.1893,25.0,0.2445,40.0,,,0.262,46.0
2024-06-24,0.1734,37.0,0.1926,45.0,0.2003,15.0,,,0.1984,11.0,0.22,42.0,0.1897,26.0,0.2496,45.0,,,0.2611,45.0
2024-06-21,0.1831,41.0,0.1917,44.0,0.1948,13.0,,,0.2583,41.0,0.2199,42.0,0.1895,26.0,0.246,42.0,,,0.266,49.0
2024-06-20,0.1878,43.0,0.1967,47.0,0.2332,32.0,,,0.2061,13.0,0.221,42.0,0.1894,26.0,0.2538,48.0,,,0.2677,51.0
2024-06-18,0.1516,28.0,0.1713,30.0,0.2248,26.0,,,0.2247,21.0,0.2219,43.0,0.1885,25.0,0.2511,46.0,,,0.269,52.0
2024-06-17,0.1489,27.0,0.1797,36.0,0.288,62.0,,,0.2181,18.0,0.2231,43.0,0.1886,25.0,0.2502,45.0,,,0.2678,51.0
2024-06-14,0.163,32.0,0.1696,28.0,0.2357,34.0,,,0.2489,35.0,0.2234,44.0,0.1881,24.0,0.2429,39.0,,,0.2713,53.0
2024-06-13,0.1748,37.0,0.1623,24.0,0.1911,12.0,,,0.1887,8.0,0.2231,43.0,0.1883,25.0,0.2489,44.0,,,0.264,48.0
2024-06-12,0.1285,17.0,0.1465,15.0,0.2657,53.0,,,0.1959,10.0,0.2221,43.0,0.1885,25.0,0.2566,51.0,,,0.2478,34.0
2024-06-11,0.2009,48.0,0.1779,35.0,0.2073,17.0,,,0.2653,46.0,0.225,45.0,0.1903,27.0,0.2481,44.0,,,0.2492,35.0
2024-06-10,0.2015,49.0,0.1675,27.0,0.223,25.0,,,0.2605,43.0,0.225,45.0,0.1897,26.0,0.2463,42.0,,,0.2479,34.0
2024-06-07,0.1899,44.0,0.1654,26.0,0.1867,10.0,,,0.2281,23.0,0.2246,45.0,0.1896,26.0,0.2423,38.0,,,0.242,28.0
2024-06-06,0.1449,25.0,0.1569,21.0,0.1778,8.0,,,0.1727,5.0,0.2236,44.0,0.1898,26.0,0.2437,40.0,,,0.2482,35.0
2024-06-05,0.2323,60.0,0.1764,34.0,0.1586,5.0,,,0.1976,11.0,0.2243,44.0,0.1899,27.0,0.2405,37.0,,,0.2461,33.0
2024-06-04,0.2379,62.0,0.1814,37.0,0.1861,10.0,,,0.1863,8.0,0.2242,44.0,0.1899,27.0,0.2434,39.0,,,0.2442,31.0
2024-06-03,0.2605,69.0,0.1941,46.0,0.2023,15.0,,,0.1819,7.0,0.2243,44.0,0.1905,27.0,0.2423,38.0,,,0.2402,28.0
2024-05-31,0.1914,44.0,0.1641,25.0,0.2159,21.0,,,0.2025,12.0,0.224,44.0,0.1901,27.0,0.2359,33.0,,,0.2458,33.0
2024-05-30,0.1913,44.0,0.164,25.0,0.2014,15.0,,,0.2182,18.0,0.2247,45.0,0.1911,28.0,0.2394,36.0,,,0.245,32.0
2024-05-29,0.1927,45.0,0.1677,27.0,0.2393,36.0,,,0.2228,20.0,0.2259,46.0,0.1924,28.0,0.2482,44.0,,,0.2403,28.0
2024-05-28,0.2093,52.0,0.181,37.0,0.2122,19.0,,,0.2156,17.0,0.2259,46.0,0.1924,28.0,0.243,39.0,,,0.24,27.0
2024-05-24,0.1886,43.0,0.1708,30.0,0.1544,4.0,,,0.1944,10.0,0.2244,45.0,0.192,28.0,0.2289,28.0,,,0.2359,24.0
2024-05-23,0.1619,32.0,0.1957,47.0,0.1746,7.0,,,0.2151,16.0,0.2244,45.0,0.1916,28.0,0.2427,39.0,,,0.2428,30.0
2024-05-22,0.181,40.0,0.1912,44.0,0.1222,1.0,,,0.1665,4.0,0.223,43.0,0.1911,28.0,0.2375,34.0,,,0.2393,27.0
2024-05-21,0.1853,42.0,0.1917,44.0,0.1851,10.0,,,0.1698,5.0,0.2232,44.0,0.1913,28.0,0.2408,37.0,,,0.2359,24.0
2024-05-20,0.2201,56.0,0.2246,62.0,0.1663,6.0,,,0.1735,5.0,0.2228,43.0,0.1915,28.0,0.2385,35.0,,,0.2353,24.0
2024-05-17,0.4632,94.0,0.2916,84.0,0.165,6.0,,,0.1584,3.0,0.2228,43.0,0.1914,28.0,0.2351,32.0,,,0.235,23.0
2024-05-16,0.4925,95.0,0.2903,84.0,0.1617,5.0,,,0.1767,6.0,0.2239,44.0,0.1922,28.0,0.2483,44.0,,,0.2353,24.0
2024-05-15,0.4393,93.0,0.2899,84.0,0.1602,5.0,,,0.1676,4.0,0.2218,43.0,0.1918,28.0,0.2387,35.0,,,0.2377,25.0
2024-05-14,0.4246,92.0,0.2689,79.0,0.1605,5.0,,,0.167,4.0,0.2223,43.0,0.1904,27.0,0.2382,35.0,,,0.2356,24.0
2024-05-13,0.4291,92.0,0.2653,79.0,0.1673,6.0,,,0.18,7.0,0.2226,43.0,0.1909,28.0,0.231,28.0,,,0.2364,24.0
2024-05-10,0.4285,92.0,0.2681,79.0,0.1587,5.0,,,0.1732,5.0,0.2234,44.0,0.1917,28.0,0.2305,28.0,,,0.2386,26.0
2024-05-09,0.4344,93.0,0.2452,72.0,0.1774,8.0,,,0.209,14.0,0.2214,42.0,0.1902,27.0,0.2356,32.0,,,0.2432,30.0
2024-05-08,0.1498,27.0,0.1571,21.0,0.4505,96.0,,,0.4898,97.0,0.1997,22.0,0.1864,22.0,0.267,57.0,,,0.265,49.0
2024-05-07,0.0969,7.0,0.1404,12.0,0.4682,97.0,,,0.4743,96.0,0.2145,37.0,0.1972,33.0,0.2485,44.0,,,0.2591,43.0
2024-05-06,0.0812,4.0,0.1416,13.0,0.4496,96.0,,,0.4632,96.0,0.2133,35.0,0.1967,32.0,0.2548,49.0,,,0.2578,42.0
2024-05-03,0.1044,9.0,0.1402,12.0,0.4426,95.0,,,0.4002,89.0,0.213,35.0,0.1967,32.0,0.266,57.0,,,0.2608,45.0
2024-05-02,0.1492,27.0,0.1408,12.0,0.3823,88.0,,,0.4213,92.0,0.2147,38.0,0.1969,33.0,0.2555,50.0,,,0.2839,62.0
2024-05-01,0.2113,53.0,0.1783,35.0,0.3922,90.0,,,0.3761,85.0,0.2145,37.0,0.1971,33.0,0.257,51.0,,,0.278,57.0
2024-04-30,0.2126,53.0,0.1793,36.0,0.4142,93.0,,,0.4128,91.0,0.2155,38.0,0.1971,33.0,0.2535,48.0,,,0.2838,62.0
2024-04-29,0.2165,55.0,0.1876,42.0,0.4,91.0,,,0.4158,91.0,0.2155,38.0,0.1972,33.0,0.2584,52.0,,,0.2814,60.0
2024-04-26,0.2145,54.0,0.1947,46.0,0.3418,80.0,,,0.3616,81.0,0.2152,38.0,0.1982,34.0,0.26,53.0,,,0.2877,64.0
2024-04-25,0.2072,51.0,0.1928,45.0,0.3429,80.0,,,0.3514,79.0,0.2145,37.0,0.1983,34.0,0.2597,53.0,,,0.2923,66.0
2024-04-24,0.2167,55.0,0.1958,47.0,0.3257,75.0,,,0.3262,71.0,0.2157,38.0,0.1987,34.0,0.2629,55.0,,,0.2881,64.0
2024-04-23,0.2109,53.0,0.2259,63.0,0.3343,78.0,,,0.336,75.0,0.2164,39.0,0.1991,34.0,0.2592,53.0,,,0.2783,59.0
2024-04-22,0.1406,23.0,0.1951,46.0,0.3338,78.0,,,0.349,78.0,0.2139,36.0,0.1973,33.0,0.2647,56.0,,,0.2943,67.0
2024-04-19,0.1295,18.0,0.2009,50.0,0.3432,81.0,,,0.3114,66.0,0.2141,37.0,0.1971,33.0,0.2588,52.0,,,0.2981,69.0
2024-04-18,0.1732,36.0,0.204,52.0,0.3318,77.0,,,0.2601,43.0,0.214,36.0,0.1968,33.0,0.2542,49.0,,,0.2917,66.0
2024-04-17,0.197,47.0,0.2,49.0,0.3036,68.0,,,0.2641,46.0,0.2163,39.0,0.1974,33.0,0.2536,48.0,,,0.279,59.0
2024-04-16,0.1732,36.0,0.1923,44.0,0.2647,52.0,,,0.2596,42.0,0.2161,39.0,0.197,33.0,0.2674,57.0,,,0.291,66.0
2024-04-15,0.1836,41.0,0.1901,43.0,0.288,62.0,,,0.2634,45.0,0.2157,38.0,0.1973,33.0,0.2746,62.0,,,0.2822,61.0
2024-04-12,0.1854,42.0,0.1689,28.0,0.2668,54.0,,,0.2641,46.0,0.2152,38.0,0.1961,32.0,0.2523,47.0,,,0.2814,60.0
2024-04-11,0.194,46.0,0.1681,28.0,0.2465,42.0,,,0.25,36.0,0.2154,38.0,0.1965,32.0,0.2553,50.0,,,0.2681,51.0
2024-04-10,0.2109,53.0,0.1669,27.0,0.2086,18.0,,,0.2136,16.0,0.2172,40.0,0.1974,33.0,0.2556,50.0,,,0.2688,52.0
2024-04-09,0.1835,41.0,0.1755,33.0,0.2121,19.0,,,0.2766,52.0,0.2146,37.0,0.198,33.0,0.2426,39.0,,,0.271,53.0
2024-04-08,0.1487,26.0,0.1753,33.0,0.2517,45.0,,,0.2152,16.0,0.2144,37.0,0.1983,34.0,0.2509,46.0,,,0.2624,46.0
2024-04-05,0.2178,55.0,0.1763,34.0,0.2036,16.0,,,0.1973,11.0,0.2146,37.0,0.1985,34.0,0.2499,45.0,,,0.2694,52.0
2024-04-04,0.2225,57.0,0.181,37.0,0.2632,52.0,,,0.213,16.0,0.215,38.0,0.1996,35.0,0.2496,45.0,,,0.2664,50.0
2024-04-03,0.293,77.0,0.2123,56.0,0.2068,17.0,,,0.2095,15.0,0.2139,36.0,0.1995,35.0,0.2434,39.0,,,0.2593,44.0
2024-04-02,0.3047,79.0,0.2155,57.0,0.1831,9.0,,,0.2044,13.0,0.2157,38.0,0.201,36.0,0.2409,37.0,,,0.2571,42.0
2024-04-01,0.3164,81.0,0.2356,68.0,0.1483,3.0,,,0.1878,8.0,0.2142,37.0,0.2011,36.0,0.2277,27.0,,,0.2608,45.0
2024-03-28,0.3313,82.0,0.2228,61.0,0.176,8.0,,,0.1747,6.0,0.2144,37.0,0.2005,35.0,0.2314,30.0,,,0.2549,40.0
2024-03-27,0.3321,83.0,0.2208,61.0,0.136,2.0,,,0.1734,5.0,0.2151,38.0,0.2009,36.0,0.2232,24.0,,,0.2551,40.0
2024-03-26,0.301,78.0,0.22,60.0,0.2215,24.0,,,0.1836,7.0,0.2154,38.0,0.2013,36.0,0.2375,34.0,,,0.2539,39.0
2024-03-25,0.294,77.0,0.2274,64.0,0.1967,13.0,,,0.2064,13.0,0.2181,41.0,0.2032,37.0,0.2324,30.0,,,0.2601,45.0
2024-03-22,0.2097,52.0,0.1831,38.0,0.1763,8.0,,,0.17,5.0,0.2121,34.0,0.2008,36.0,0.2315,30.0,,,0.2494,36.0
2024-03-21,0.1963,47.0,0.1756,33.0,0.1849,10.0,,,0.1768,6.0,0.2121,34.0,0.2008,36.0,0.2329,31.0,,,0.251,37.0
2024-03-20,0.1153,12.0,0.1272,6.0,0.1514,4.0,,,0.184,8.0,0.2095,30.0,0.2003,35.0,0.2216,23.0,,,0.2505,36.0
2024-03-19,0.0654,2.0,0.1256,6.0,0.1509,4.0,,,0.1762,6.0,0.2108,31.0,0.2004,35.0,0.2346,32.0,,,0.2484,35.0
2024-03-18,0.0708,2.0,0.1289,7.0,0.1783,8.0,,,0.1945,10.0,0.211,32.0,0.2007,36.0,0.2375,34.0,,,0.2487,35.0
2024-03-15,0.1347,21.0,0.1341,9.0,0.1991,14.0,,,0.1819,7.0,0.2112,32.0,0.2008,36.0,0.2282,27.0,,,0.2492,35.0
2024-03-14,0.1253,16.0,0.1163,4.0,0.2009,15.0,,,0.2539,39.0,0.2112,32.0,0.2002,35.0,0.2278,27.0,,,0.2495,36.0
2024-03-13,0.1783,38.0,0.1501,17.0,0.1909,11.0,,,0.3156,68.0,0.2107,31.0,0.2004,35.0,0.2249,25.0,,,0.2512,37.0
2024-03-12,0.1786,39.0,0.1545,19.0,0.1589,5.0,,,0.2734,50.0,0.2108,31.0,0.2007,36.0,0.2236,24.0,,,0.2483,35.0
2024-03-11,0.1787,39.0,0.157,21.0,0.2284,28.0,,,0.3093,66.0,0.2119,33.0,0.2013,36.0,0.2189,21.0,,,0.2548,40.0
2024-03-08,0.1826,40.0,0.1617,23.0,0.2615,51.0,,,0.1815,7.0,0.2123,34.0,0.2012,36.0,0.2277,27.0,,,0.2491,35.0
2024-03-07,0.1861,42.0,0.1596,22.0,0.2413,38.0,,,0.2597,42.0,0.2156,38.0,0.2031,37.0,0.2239,24.0,,,0.2557,41.0
2024-03-06,0.1454,25.0,0.1548,19.0,0.1999,14.0,,,0.2121,15.0,0.2145,37.0,0.2028,37.0,0.227,26.0,,,0.253,38.0
2024-03-05,0.143,24.0,0.1543,19.0,0.1873,10.0,,,0.223,20.0,0.2145,37.0,0.2028,37.0,0.2265,26.0,,,0.2515,37.0
2024-03-04,0.0836,4.0,0.1292,7.0,0.2311,31.0,,,0.1589,3.0,0.2123,34.0,0.2024,37.0,0.2322,30.0,,,0.2544,39.0
2024-03-01,0.1344,20.0,0.1464,15.0,0.1825,9.0,,,0.1829,7.0,0.2165,39.0,0.2036,38.0,0.2188,21.0,,,0.2463,33.0
2024-02-29,0.1622,32.0,0.1614,23.0,0.1764,8.0,,,0.1904,9.0,0.2167,39.0,0.2036,38.0,0.2195,21.0,,,0.2451,32.0
2024-02-28,0.1714,36.0,0.1613,23.0,0.1857,10.0,,,0.2234,20.0,0.217,40.0,0.2033,37.0,0.2185,20.0,,,0.244,31.0
2024-02-27,0.1759,38.0,0.1695,28.0,0.1775,8.0,,,0.1873,8.0,0.2169,40.0,0.2032,37.0,0.2261,26.0,,,0.2573,42.0
2024-02-26,0.2199,56.0,0.1839,39.0,0.1958,13.0,,,0.206,13.0,0.2179,40.0,0.2037,38.0,0.2278,27.0,,,0.2481,35.0
2024-02-23,0.2043,50.0,0.1899,43.0,0.1879,11.0,,,0.1812,7.0,0.2176,40.0,0.2037,38.0,0.2359,33.0,,,0.2362,24.0
2024-02-22,0.2063,51.0,0.1894,43.0,0.1772,8.0,,,0.2181,18.0,0.2179,40.0,0.2036,38.0,0.2344,32.0,,,0.2389,27.0
2024-02-21,0.1981,47.0,0.1752,33.0,0.1935,12.0,,,0.2105,15.0,0.2169,40.0,0.2033,37.0,0.2424,38.0,,,0.2408,28.0
2024-02-20,0.2039,50.0,0.1801,36.0,0.2116,19.0,,,0.2506,36.0,0.2162,39.0,0.2027,37.0,0.2391,35.0,,,0.2388,26.0
2024-02-16,0.2671,71.0,0.2488,73.0,0.1843,10.0,,,0.2069,14.0,0.2158,39.0,0.2024,37.0,0.2413,37.0,,,0.2435,30.0
2024-02-15,0.2574,68.0,0.2485,73.0,0.214,20.0,,,0.2223,20.0,0.2157,38.0,0.2024,37.0,0.2316,30.0,,,0.2334,22.0
2024-02-14,0.2686,71.0,0.2602,77.0,0.2014,15.0,,,0.21,15.0,0.2131,35.0,0.2017,36.0,0.2423,38.0,,,0.2406,28.0
2024-02-13,0.2743,73.0,0.2574,76.0,0.2427,39.0,,,0.2827,55.0,0.2131,35.0,0.2018,36.0,0.2373,34.0,,,0.2388,26.0
2024-02-12,0.2779,74.0,0.2611,78.0,0.2728,56.0,,,0.2547,39.0,0.2136,36.0,0.2016,36.0,0.234,31.0,,,0.237,25.0
2024-02-09,0.3037,79.0,0.2836,83.0,0.2333,32.0,,,0.229,23.0,0.2135,36.0,0.2015,36.0,0.233,31.0,,,0.2365,24.0
2024-02-08,0.2864,76.0,0.2849,83.0,0.2286,28.0,,,0.1834,7.0,0.2121,34.0,0.2006,35.0,0.2418,38.0,,,0.2442,31.0
2024-02-07,0.2182,55.0,0.2229,61.0,0.5386,99.0,,,0.5287,98.0,0.2091,30.0,0.196,32.0,0.2545,49.0,,,0.2523,38.0
2024-02-06,0.2154,55.0,0.2186,60.0,0.4518,96.0,,,0.4998,97.0,0.2091,30.0,0.1959,32.0,0.2487,44.0,,,0.2525,38.0
2024-02-05,0.1633,32.0,0.1931,45.0,0.5224,98.0,,,0.4662,96.0,0.2058,27.0,0.1945,31.0,0.2635,56.0,,,0.2637,47.0
2024-02-02,0.1404,23.0,0.1968,47.0,0.4723,97.0,,,0.4496,95.0,0.2053,27.0,0.1947,31.0,0.2597,53.0,,,0.2541,39.0
2024-02-01,0.1495,27.0,0.1886,42.0,0.4408,95.0,,,0.4136,91.0,0.2051,26.0,0.1942,31.0,0.2485,44.0,,,0.2648,49.0
2024-01-31,0.1372,22.0,0.1743,32.0,0.3926,90.0,,,0.4038,89.0,0.2029,25.0,0.1934,31.0,0.2626,55.0,,,0.253,38.0
2024-01-30,0.1369,22.0,0.1569,21.0,0.4018,91.0,,,0.3667,82.0,0.2033,25.0,0.1933,30.0,0.2215,23.0,,,0.2669,50.0
2024-01-29,0.1308,18.0,0.1667,27.0,0.3614,85.0,,,0.3348,74.0,0.2045,26.0,0.2167,50.0,0.2263,26.0,,,0.267,50.0
2024-01-26,0.1407,23.0,0.1693,28.0,0.3408,80.0,,,0.3357,74.0,0.2047,26.0,0.2168,50.0,0.2351,32.0,,,0.2692,52.0
2024-01-25,0.1509,28.0,0.1706,28.0,0.3222,74.0,,,0.3535,79.0,0.2065,28.0,0.2174,51.0,0.2203,22.0,,,0.2666,50.0
2024-01-24,0.1308,18.0,0.1635,25.0,0.3487,82.0,,,0.3334,74.0,0.2062,27.0,0.2174,51.0,0.2368,33.0,,,0.2595,44.0
2024-01-23,0.1384,22.0,0.1686,28.0,0.2956,66.0,,,0.3252,71.0,0.2062,27.0,0.2178,52.0,0.2281,27.0,,,0.2593,44.0
2024-01-22,0.1168,13.0,0.1493,16.0,0.3114,71.0,,,0.3271,71.0,0.2052,27.0,0.2171,51.0,0.2374,34.0,,,0.2538,39.0
2024-01-19,0.1314,19.0,0.1466,15.0,0.2909,64.0,,,0.3133,67.0,0.2051,26.0,0.2173,51.0,0.2236,24.0,,,0.2597,44.0
2024-01-18,0.133,20.0,0.1498,17.0,0.2759,57.0,,,0.2663,47.0,0.205,26.0,0.2167,50.0,0.2235,24.0,,,0.2616,46.0
2024-01-17,0.1879,43.0,0.1674,27.0,0.234,33.0,,,0.2851,56.0,0.2051,26.0,0.2168,50.0,0.2322,30.0,,,0.2612,45.0
2024-01-16,0.1672,34.0,0.1667,27.0,0.2759,57.0,,,0.2494,36.0,0.2053,27.0,0.2171,51.0,0.2295,28.0,,,0.2627,47.0
2024-01-12,0.1446,25.0,0.1786,35.0,0.2484,43.0,,,0.2204,19.0,0.2049,26.0,0.2173,51.0,0.2243,25.0,,,0.2595,44.0
2024-01-11,0.2006,48.0,0.1824,38.0,0.1856,10.0,,,0.1964,10.0,0.205,26.0,0.2172,51.0,0.2087,16.0,,,0.2505,36.0
2024-01-10,0.2171,55.0,0.189,42.0,0.2391,36.0,,,0.2497,36.0,0.2048,26.0,0.2171,51.0,0.2142,18.0,,,0.2447,32.0
2024-01-09,0.2211,56.0,0.1871,41.0,0.2026,16.0,,,0.2093,14.0,0.2044,26.0,0.217,51.0,0.2284,27.0,,,0.2539,39.0
2024-01-08,0.2216,57.0,0.1798,36.0,0.2149,21.0,,,0.2138,16.0,0.2047,26.0,0.2164,49.0,0.2343,32.0,,,0.2681,51.0
2024-01-05,0.1683,34.0,0.1582,21.0,0.2219,25.0,,,0.21,15.0,0.2029,25.0,0.2157,49.0,0.2311,28.0,,,0.2598,44.0
2024-01-04,0.1805,39.0,0.1632,24.0,0.2139,20.0,,,0.2081,14.0,0.203,25.0,0.2156,48.0,0.2438,40.0,,,0.2764,57.0
2024-01-03,0.1654,33.0,0.149,16.0,0.1925,12.0,,,0.2148,16.0,0.2052,27.0,0.2159,49.0,0.2385,35.0,,,0.2792,59.0
2024-01-02,0.1712,36.0,0.1441,14.0,0.1796,8.0,,,0.2259,21.0,0.2038,25.0,0.2156,48.0,0.2311,28.0,,,0.2612,45.0
2023-12-29,0.195,46.0,0.1449,14.0,0.2302,30.0,,,0.2363,28.0,0.2031,25.0,0.2157,49.0,0.2361,33.0,,,0.2649,49.0
2023-12-28,0.2029,49.0,0.1485,16.0,0.1676,6.0,,,0.1833,7.0,0.2027,25.0,0.2157,49.0,0.2394,36.0,,,0.2658,49.0
2023-12-27,0.1925,45.0,0.1448,14.0,0.2037,16.0,,,0.2321,25.0,0.2059,27.0,0.2162,49.0,0.2318,30.0,,,0.266,49.0
2023-12-26,0.1934,45.0,0.1602,22.0,0.2029,16.0,,,0.1961,10.0,0.2071,28.0,0.2167,50.0,0.2236,24.0,,,0.2721,54.0
2023-12-22,0.2024,49.0,0.1705,28.0,0.1859,10.0,,,0.1943,10.0,0.2086,28.0,0.2174,51.0,0.2246,25.0,,,0.2595,44.0
2023-12-21,0.2256,57.0,0.2043,52.0,0.1873,10.0,,,0.2181,18.0,0.2084,28.0,0.2175,51.0,0.2202,22.0,,,0.2575,42.0
2023-12-20,0.2332,60.0,0.2013,50.0,0.2027,16.0,,,0.2079,14.0,0.2096,30.0,0.2187,53.0,0.2258,26.0,,,0.2535,39.0
2023-12-19,0.135,21.0,0.1911,44.0,0.1977,14.0,,,0.1966,10.0,0.2079,28.0,0.2185,53.0,0.2231,24.0,,,0.2553,40.0
2023-12-18,0.1768,38.0,0.2019,50.0,0.2106,19.0,,,0.1986,11.0,0.2069,28.0,0.2184,53.0,0.2243,25.0,,,0.2599,44.0
2023-12-15,0.1767,38.0,0.2026,51.0,0.2242,26.0,,,0.1951,10.0,0.206,27.0,0.2182,52.0,0.2391,35.0,,,0.2642,48.0
2023-12-14,0.1794,39.0,0.1933,45.0,0.2647,52.0,,,0.3719,84.0,0.2058,27.0,0.2175,51.0,0.236,33.0,,,0.2797,59.0
2023-12-13,0.1797,39.0,0.1869,41.0,0.2262,27.0,,,0.2598,42.0,0.2043,26.0,0.217,51.0,0.2351,32.0,,,0.2658,49.0
2023-12-12,0.1749,37.0,0.1745,32.0,0.1644,5.0,,,0.24,30.0,0.2008,23.0,0.2157,49.0,0.2353,32.0,,,0.2702,53.0
2023-12-11,0.1945,46.0,0.1931,45.0,0.2579,49.0,,,0.2812,55.0,0.2008,23.0,0.2157,49.0,0.2377,34.0,,,0.2698,53.0
2023-12-08,0.2191,56.0,0.2159,57.0,0.187,10.0,,,0.2361,28.0,0.2042,26.0,0.2172,51.0,0.2319,30.0,,,0.2652,49.0
2023-12-07,0.2114,53.0,0.2051,52.0,0.2203,24.0,,,0.2461,34.0,0.2039,25.0,0.217,51.0,0.2334,31.0,,,0.2647,48.0
2023-12-06,0.229,59.0,0.2124,57.0,0.2599,50.0,,,0.2571,40.0,0.2031,25.0,0.2169,50.0,0.2395,36.0,,,0.2668,50.0
2023-12-05,0.2294,59.0,0.2098,55.0,0.235,33.0,,,0.2609,43.0,0.2031,25.0,0.2168,50.0,0.2493,45.0,,,0.2701,53.0
2023-12-04,0.2325,60.0,0.2045,52.0,0.2381,36.0,,,0.2279,22.0,0.2034,25.0,0.2165,50.0,0.2429,39.0,,,0.2683,51.0
2023-12-01,0.1954,46.0,0.1874,41.0,0.2331,32.0,,,0.2656,46.0,0.2012,24.0,0.2157,49.0,0.2364,33.0,,,0.26,44.0
2023-11-30,0.1844,41.0,0.1721,30.0,0.1952,13.0,,,0.2922,59.0,0.2006,23.0,0.2147,48.0,0.2318,30.0,,,0.2732,55.0
2023-11-29,0.1431,24.0,0.1459,14.0,0.2062,17.0,,,0.2149,16.0,0.199,22.0,0.2138,47.0,0.244,40.0,,,0.2604,45.0
2023-11-28,0.1666,34.0,0.1774,34.0,0.2605,50.0,,,0.1898,9.0,0.2002,23.0,0.2141,47.0,0.2528,48.0,,,0.2518,37.0
2023-11-27,0.1334,20.0,0.1666,27.0,0.2394,37.0,,,0.2259,21.0,0.1993,22.0,0.2142,47.0,0.2373,34.0,,,0.2561,41.0
2023-11-24,0.1374,22.0,0.1745,32.0,0.232,31.0,,,0.2254,21.0,0.1989,22.0,0.2148,48.0,0.2348,32.0,,,0.2526,38.0
2023-11-22,0.1755,37.0,0.1863,41.0,0.1972,13.0,,,0.2288,23.0,0.199,22.0,0.2147,48.0,0.2322,30.0,,,0.2575,42.0
2023-11-21,0.1922,45.0,0.1975,48.0,0.1922,12.0,,,0.1889,9.0,0.1988,22.0,0.215,48.0,0.2569,51.0,,,0.2555,40.0
2023-11-20,0.1945,46.0,0.2046,52.0,0.2144,21.0,,,0.1935,10.0,0.1986,22.0,0.2157,49.0,0.2596,53.0,,,0.2508,37.0
2023-11-17,0.2533,67.0,0.2276,64.0,0.218,22.0,,,0.2309,24.0,0.1987,22.0,0.2159,49.0,0.2709,60.0,,,0.2615,46.0
2023-11-16,0.4021,90.0,0.3445,91.0,0.2092,18.0,,,0.2281,23.0,0.2005,23.0,0.2154,48.0,0.2565,51.0,,,0.2509,37.0
2023-11-15,0.4066,91.0,0.3433,91.0,0.1811,9.0,,,0.2378,28.0,0.2007,23.0,0.2155,48.0,0.2567,51.0,,,0.2473,34.0
2023-11-14,0.4115,91.0,0.3394,91.0,0.28,59.0,,,0.2265,22.0,0.2003,23.0,0.2155,48.0,0.2476,43.0,,,0.2423,28.0
2023-11-13,0.4209,92.0,0.3347,90.0,0.2464,42.0,,,0.2711,49.0,0.199,22.0,0.2148,48.0,0.2524,47.0,,,0.2596,44.0
2023-11-10,0.3972,90.0,0.3304,90.0,0.2363,34.0,,,0.2494,36.0,0.1984,22.0,0.2144,47.0,0.2654,57.0,,,0.2567,41.0
2023-11-09,0.422,92.0,0.3278,89.0,0.2272,28.0,,,0.2225,20.0,0.1991,22.0,0.2141,47.0,0.2517,47.0,,,0.26,44.0
2023-11-08,0.3977,90.0,0.3125,87.0,0.246,41.0,,,0.2441,33.0,0.1952,20.0,0.2127,46.0,0.2569,51.0,,,0.2529,38.0
2023-11-07,0.1297,18.0,0.1625,24.0,0.4086,92.0,,,0.4385,94.0,0.1789,11.0,0.203,37.0,0.2605,54.0,,,0.2535,39.0
2023-11-06,0.134,20.0,0.1762,34.0,0.4206,93.0,,,0.4296,93.0,0.2229,43.0,0.2105,43.0,0.2626,55.0,,,0.2551,40.0
2023-11-03,0.1909,44.0,0.1844,39.0,0.3764,88.0,,,0.3439,77.0,0.2234,44.0,0.2108,44.0,0.277,63.0,,,0.2642,48.0
2023-11-02,0.1869,42.0,0.1879,42.0,0.3555,84.0,,,0.3782,85.0,0.2223,43.0,0.2106,43.0,0.279,64.0,,,0.2565,41.0
2023-11-01,0.2057,51.0,0.182,38.0,0.3691,86.0,,,0.3942,88.0,0.2223,43.0,0.2108,44.0,0.2837,66.0,,,0.2709,53.0
2023-10-31,0.1805,39.0,0.1791,35.0,0.3981,91.0,,,0.3661,82.0,0.2215,42.0,0.2112,44.0,0.261,54.0,,,0.2978,68.0
2023-10-30,0.1743,37.0,0.1802,36.0,0.3732,87.0,,,0.3725,84.0,0.2216,42.0,0.2116,45.0,0.27,60.0,,,0.299,69.0
2023-10-27,0.2005,48.0,0.1802,36.0,0.37,87.0,,,0.3764,85.0,0.2224,43.0,0.2116,45.0,0.2761,63.0,,,0.3084,72.0
2023-10-26,0.194,46.0,0.1674,27.0,0.3867,89.0,,,0.3987,89.0,0.223,43.0,0.2114,44.0,0.2698,60.0,,,0.3093,72.0
2023-10-25,0.1867,42.0,0.1694,28.0,0.3529,83.0,,,0.3579,80.0,0.223,43.0,0.2119,45.0,0.27,60.0,,,0.31,73.0
2023-10-24,0.1826,40.0,0.1733,31.0,0.3327,77.0,,,0.3279,72.0,0.2218,43.0,0.2118,45.0,0.2646,56.0,,,0.2918,66.0
2023-10-23,0.1847,41.0,0.1807,36.0,0.3513,83.0,,,0.3637,82.0,0.2224,43.0,0.2125,46.0,0.2674,57.0,,,0.2936,67.0
2023-10-20,0.2206,56.0,0.2057,53.0,0.3255,75.0,,,0.3299,72.0,0.2218,43.0,0.2125,46.0,0.2698,60.0,,,0.2937,67.0
2023-10-19,0.2189,56.0,0.2238,62.0,0.3878,89.0,,,0.3128,67.0,0.2265,46.0,0.2132,46.0,0.2569,51.0,,,0.2875,64.0
2023-10-18,0.2002,48.0,0.2145,57.0,0.3408,80.0,,,0.2998,62.0,0.2238,44.0,0.2124,46.0,0.2704,60.0,,,0.2802,60.0
2023-10-17,0.2067,51.0,0.2187,60.0,0.3462,81.0,,,0.2786,53.0,0.2239,44.0,0.2126,46.0,0.2608,54.0,,,0.2845,63.0
2023-10-16,0.2107,52.0,0.2279,64.0,0.3088,70.0,,,0.2831,55.0,0.224,44.0,0.2122,45.0,0.2693,59.0,,,0.2878,64.0
2023-10-13,0.2055,51.0,0.2281,65.0,0.2832,60.0,,,0.2669,47.0,0.2248,45.0,0.2122,45.0,0.2558,50.0,,,0.2921,66.0
2023-10-12,0.2277,59.0,0.2448,72.0,0.2883,63.0,,,0.2428,32.0,0.2272,47.0,0.2135,47.0,0.2646,56.0,,,0.2949,67.0
2023-10-11,0.1546,28.0,0.2336,67.0,0.286,62.0,,,0.2561,40.0,0.2245,45.0,0.2119,45.0,0.2752,62.0,,,0.2878,64.0
2023-10-10,0.1887,43.0,0.2207,60.0,0.2499,44.0,,,0.2654,46.0,0.2334,51.0,0.2121,45.0,0.2582,52.0,,,0.2909,66.0
2023-10-09,0.2148,54.0,0.2231,62.0,0.2822,60.0,,,0.2886,57.0,0.2335,51.0,0.2117,45.0,0.2654,57.0,,,0.2883,64.0
2023-10-06,0.2381,62.0,0.2263,63.0,0.2852,61.0,,,0.2715,50.0,0.2338,51.0,0.2121,45.0,0.2595,53.0,,,0.2797,59.0
2023-10-05,0.2888,76.0,0.2413,71.0,0.2752,57.0,,,0.2835,56.0,0.2346,52.0,0.2112,44.0,0.2751,62.0,,,0.2981,69.0
2023-10-04,0.2958,77.0,0.2336,67.0,0.2791,59.0,,,0.2546,39.0,0.2347,52.0,0.2105,43.0,0.2615,54.0,,,0.2871,64.0
2023-10-03,0.2676,71.0,0.2123,56.0,0.3053,69.0,,,0.2752,51.0,0.2333,51.0,0.2091,42.0,0.2774,63.0,,,0.2975,68.0
2023-10-02,0.2727,72.0,0.2223,61.0,0.274,57.0,,,0.2761,52.0,0.2328,50.0,0.2086,42.0,0.2586,52.0,,,0.2924,66.0
2023-09-29,0.2789,74.0,0.2204,60.0,0.2267,28.0,,,0.2319,25.0,0.2312,49.0,0.2083,42.0,0.2601,53.0,,,0.2902,65.0
2023-09-28,0.2735,72.0,0.2172,59.0,0.2448,40.0,,,0.2489,35.0,0.2305,49.0,0.208,41.0,0.2594,53.0,,,0.2838,62.0
2023-09-27,0.2239,57.0,0.2115,56.0,0.2897,63.0,,,0.2669,47.0,0.2296,48.0,0.2075,41.0,0.2654,57.0,,,0.2834,62.0
2023-09-26,0.1874,43.0,0.1746,32.0,0.2859,62.0,,,0.2568,40.0,0.2268,46.0,0.2056,39.0,0.2614,54.0,,,0.2819,61.0
2023-09-25,0.1807,39.0,0.1737,32.0,0.2625,51.0,,,0.2372,28.0,0.2266,46.0,0.2054,39.0,0.2474,43.0,,,0.2753,56.0
2023-09-22,0.1653,33.0,0.1729,31.0,0.2324,32.0,,,0.2686,48.0,0.2266,46.0,0.2053,39.0,0.2547,49.0,,,0.2754,56.0
2023-09-21,0.1696,35.0,0.1533,19.0,0.2365,34.0,,,0.2566,40.0,0.2259,46.0,0.204,38.0,0.2504,46.0,,,0.2885,64.0
2023-09-20,0.1305,18.0,0.1464,15.0,0.2125,20.0,,,0.2398,30.0,0.2253,45.0,0.2046,38.0,0.2404,37.0,,,0.2636,47.0
2023-09-19,0.2107,52.0,0.1827,38.0,0.2324,32.0,,,0.2271,22.0,0.225,45.0,0.2047,38.0,0.2436,39.0,,,0.2661,50.0
2023-09-18,0.2147,54.0,0.18,36.0,0.1967,13.0,,,0.2257,21.0,0.2263,46.0,0.2055,39.0,0.2456,41.0,,,0.2655,49.0
2023-09-15,0.2063,51.0,0.179,35.0,0.2307,30.0,,,0.243,32.0,0.2271,47.0,0.2056,39.0,0.2443,40.0,,,0.2604,45.0
2023-09-14,0.2042,50.0,0.1928,45.0,0.1888,11.0,,,0.1779,6.0,0.2297,48.0,0.2069,40.0,0.2371,34.0,,,0.2574,42.0
2023-09-13,0.2874,76.0,0.2115,56.0,0.2086,18.0,,,0.3198,69.0,0.2305,49.0,0.2069,40.0,0.2401,36.0,,,0.2617,46.0
2023-09-12,0.2703,72.0,0.2029,51.0,0.2037,16.0,,,0.2471,34.0,0.2302,49.0,0.2077,41.0,0.2353,32.0,,,0.2512,37.0
2023-09-11,0.2728,72.0,0.2035,51.0,0.2268,28.0,,,0.2506,36.0,0.2306,49.0,0.2081,41.0,0.2329,31.0,,,0.2563,41.0
2023-09-08,0.1947,46.0,0.1622,24.0,0.1858,10.0,,,0.1725,5.0,0.2279,47.0,0.2077,41.0,0.2519,47.0,,,0.2721,54.0
2023-09-07,0.2285,59.0,0.1727,31.0,0.2269,28.0,,,0.2591,42.0,0.2276,47.0,0.2108,44.0,0.2541,49.0,,,0.2733,55.0
2023-09-06,0.2322,60.0,0.1753,33.0,0.2352,33.0,,,0.2455,33.0,0.2315,50.0,0.2124,46.0,0.2578,52.0,,,0.2439,31.0
2023-09-05,0.2391,63.0,0.1589,22.0,0.2044,16.0,,,0.2311,24.0,0.232,50.0,0.2123,45.0,0.2528,48.0,,,0.2445,31.0
2023-09-01,0.1345,21.0,0.1402,12.0,0.1183,1.0,,,0.1753,6.0,0.228,47.0,0.2112,44.0,0.23,28.0,,,0.2374,25.0
2023-08-31,0.1397,23.0,0.1383,11.0,0.1974,13.0,,,0.1956,10.0,0.231,49.0,0.2126,46.0,0.2446,41.0,,,0.2437,31.0
2023-08-30,0.0994,7.0,0.1407,12.0,0.1589,5.0,,,0.1846,8.0,0.2325,50.0,0.2135,47.0,0.2432,39.0,,,0.2438,31.0
2023-08-29,0.1183,13.0,0.1522,18.0,0.176,8.0,,,0.1925,9.0,0.2327,50.0,0.2135,47.0,0.261,54.0,,,0.2479,34.0
2023-08-28,0.094,6.0,0.141,12.0,0.1888,11.0,,,0.2141,16.0,0.2319,50.0,0.2133,46.0,0.2575,52.0,,,0.2533,38.0
2023-08-25,0.1316,19.0,0.148,16.0,0.1781,8.0,,,0.2192,18.0,0.2318,50.0,0.2134,46.0,0.2541,49.0,,,0.2502,36.0
2023-08-24,0.1258,16.0,0.1463,15.0,0.1965,13.0,,,0.1991,11.0,0.2316,50.0,0.2135,47.0,0.2584,52.0,,,0.264,48.0
2023-08-23,0.1284,17.0,0.133,9.0,0.2118,19.0,,,0.2422,31.0,0.2319,50.0,0.2133,46.0,0.2509,46.0,,,0.255,40.0
2023-08-22,0.1117,11.0,0.1332,9.0,0.226,27.0,,,0.2459,33.0,0.2321,50.0,0.2134,46.0,0.2649,57.0,,,0.2586,43.0
2023-08-21,0.1135,12.0,0.1271,6.0,0.1949,13.0,,,0.235,27.0,0.2331,51.0,0.214,47.0,0.258,52.0,,,0.263,47.0
2023-08-18,0.1146,12.0,0.1263,6.0,0.2056,17.0,,,0.2281,23.0,0.2329,50.0,0.2138,47.0,0.261,54.0,,,0.2549,40.0
2023-08-17,0.1286,17.0,0.1313,8.0,0.213,20.0,,,0.2368,28.0,0.2359,52.0,0.2143,47.0,0.2672,57.0,,,0.2548,40.0
2023-08-16,0.0936,6.0,0.1299,7.0,0.2368,35.0,,,0.2112,15.0,0.2355,52.0,0.214,47.0,0.2581,52.0,,,0.2487,35.0
2023-08-15,0.0592,1.0,0.1275,7.0,0.1717,7.0,,,0.2019,12.0,0.24,53.0,0.2149,48.0,0.2537,48.0,,,0.2485,35.0
2023-08-14,0.059,1.0,0.1533,19.0,0.1992,14.0,,,0.2055,13.0,0.241,54.0,0.2158,49.0,0.2436,39.0,,,0.2414,28.0
2023-08-11,0.0911,6.0,0.1743,32.0,0.1975,14.0,,,0.2054,13.0,0.2413,54.0,0.2168,50.0,0.2428,39.0,,,0.2495,36.0
2023-08-10,0.1357,21.0,0.449,96.0,0.204,16.0,,,0.2084,14.0,0.2424,55.0,0.2178,52.0,0.2396,36.0,,,0.241,28.0
2023-08-09,0.146,25.0,0.4478,96.0,0.2649,53.0,,,0.2511,37.0,0.2425,55.0,0.2181,52.0,0.2543,49.0,,,0.2432,30.0
2023-08-08,0.181,40.0,0.4523,96.0,0.2481,43.0,,,0.2433,32.0,0.2939,70.0,0.2248,57.0,0.2523,47.0,,,0.2507,37.0
2023-08-07,0.1823,40.0,0.4514,96.0,0.2372,35.0,,,0.2578,41.0,0.2939,70.0,0.2247,57.0,0.2472,43.0,,,0.2524,38.0
2023-08-04,0.1849,42.0,0.4557,96.0,0.2355,34.0,,,0.2231,20.0,0.2943,70.0,0.2262,57.0,0.2452,41.0,,,0.2466,34.0
2023-08-03,0.1803,39.0,0.4501,96.0,0.2311,31.0,,,0.2651,46.0,0.2958,71.0,0.2257,57.0,0.2439,40.0,,,0.2524,38.0
2023-08-02,0.1817,40.0,0.4456,96.0,0.2074,17.0,,,0.2208,19.0,0.2956,71.0,0.2253,57.0,0.2486,44.0,,,0.2452,32.0
2023-08-01,0.1258,16.0,0.1669,27.0,0.381,88.0,,,0.3834,86.0,0.2976,71.0,0.205,39.0,0.2602,53.0,,,0.2602,45.0
2023-07-31,0.148,26.0,0.1692,28.0,0.3643,86.0,,,0.378,85.0,0.3022,72.0,0.2079,41.0,0.2507,46.0,,,0.2567,41.0
2023-07-28,0.1147,12.0,0.1633,24.0,0.2979,66.0,,,0.3664,82.0,0.3015,72.0,0.2077,41.0,0.2534,48.0,,,0.2687,52.0
2023-07-27,0.1147,12.0,0.1616,23.0,0.3111,71.0,,,0.2894,57.0,0.3023,72.0,0.2076,41.0,0.2546,49.0,,,0.2547,40.0
2023-07-26,0.1042,9.0,0.1553,20.0,0.3226,75.0,,,0.3325,73.0,0.302,72.0,0.2072,40.0,0.2378,34.0,,,0.2724,54.0
2023-07-25,0.0994,7.0,0.1514,18.0,0.3284,76.0,,,0.3322,73.0,0.3019,72.0,0.2071,40.0,0.2429,39.0,,,0.2725,54.0
2023-07-24,0.0992,7.0,0.1401,12.0,0.3062,69.0,,,0.33,73.0,0.3019,72.0,0.2071,40.0,0.2399,36.0,,,0.2654,49.0
2023-07-21,0.1059,9.0,0.1408,12.0,0.3154,72.0,,,0.2814,55.0,0.3023,72.0,0.2072,40.0,0.2353,32.0,,,0.2668,50.0
2023-07-20,0.1149,12.0,0.1391,11.0,0.3181,73.0,,,0.3073,65.0,0.3023,72.0,0.2076,41.0,0.2441,40.0,,,0.2741,56.0
2023-07-19,0.1009,8.0,0.1255,6.0,0.2696,55.0,,,0.3061,64.0,0.3046,73.0,0.2083,42.0,0.2411,37.0,,,0.271,53.0
2023-07-18,0.16,31.0,0.1474,15.0,0.2669,54.0,,,0.2962,61.0,0.3058,73.0,0.2092,42.0,0.2422,38.0,,,0.2668,50.0
2023-07-17,0.1503,27.0,0.1439,14.0,0.2074,17.0,,,0.3001,62.0,0.3078,73.0,0.2101,43.0,0.2477,43.0,,,0.2734,55.0
2023-07-14,0.1476,26.0,0.1564,20.0,0.1655,6.0,,,0.2623,44.0,0.3082,74.0,0.211,44.0,0.2444,40.0,,,0.2663,50.0
2023-07-13,0.1518,28.0,0.1584,21.0,0.188,11.0,,,0.2047,13.0,0.3084,74.0,0.2115,45.0,0.2477,43.0,,,0.2765,57.0
2023-07-12,0.2438,64.0,0.1748,32.0,0.2274,28.0,,,0.2247,21.0,0.3082,74.0,0.2122,45.0,0.2354,32.0,,,0.2629,47.0
2023-07-11,0.2571,68.0,0.181,37.0,0.2534,46.0,,,0.2073,14.0,0.3079,73.0,0.213,46.0,0.2452,41.0,,,0.2726,54.0
2023-07-10,0.2765,73.0,0.2019,50.0,0.2058,17.0,,,0.2521,37.0,0.3172,75.0,0.2175,51.0,0.2397,36.0,,,0.2709,53.0
2023-07-07,0.2401,63.0,0.1838,39.0,0.254,47.0,,,0.1963,10.0,0.3156,75.0,0.217,51.0,0.241,37.0,,,0.2597,44.0
2023-07-06,0.2708,72.0,0.2124,57.0,0.2311,31.0,,,0.1919,9.0,0.3172,75.0,0.2181,52.0,0.2399,36.0,,,0.2551,40.0
2023-07-05,0.267,71.0,0.207,54.0,0.172,7.0,,,0.1854,8.0,0.3188,76.0,0.2182,52.0,0.2328,31.0,,,0.2566,41.0
2023-07-03,0.2748,73.0,0.2061,53.0,0.2145,21.0,,,0.2195,18.0,0.3215,77.0,0.2187,53.0,0.2329,31.0,,,0.2578,42.0
2023-06-30,0.1781,38.0,0.1905,43.0,0.1978,14.0,,,0.1891,9.0,0.3191,76.0,0.2189,53.0,0.2379,34.0,,,0.2597,44.0
2023-06-29,0.1854,42.0,0.1795,36.0,0.2014,15.0,,,0.1852,8.0,0.3185,76.0,0.2185,53.0,0.2478,44.0,,,0.2761,57.0
2023-06-28,0.1588,31.0,0.1624,24.0,0.203,16.0,,,0.207,14.0,0.3188,76.0,0.2191,53.0,0.2539,49.0,,,0.2797,59.0
2023-06-27,0.1588,31.0,0.1674,27.0,0.185,10.0,,,0.1887,8.0,0.3189,76.0,0.2197,54.0,0.2508,46.0,,,0.2689,52.0
2023-06-26,0.0734,2.0,0.1322,8.0,0.2297,30.0,,,0.2073,14.0,0.3175,75.0,0.2189,53.0,0.2476,43.0,,,0.2669,50.0
2023-06-23,0.1784,38.0,0.1628,24.0,0.1692,6.0,,,0.1989,11.0,0.3175,75.0,0.2188,53.0,0.2401,36.0,,,0.2685,52.0
2023-06-22,0.168,34.0,0.1736,31.0,0.2174,22.0,,,0.2159,17.0,0.3173,75.0,0.2199,54.0,0.2463,42.0,,,0.2766,57.0
2023-06-21,0.1671,34.0,0.178,35.0,0.2034,16.0,,,0.1955,10.0,0.3174,75.0,0.2203,54.0,0.2288,28.0,,,0.254,39.0
2023-06-20,0.149,27.0,0.1787,35.0,0.2019,15.0,,,0.1941,10.0,0.3172,75.0,0.2209,55.0,0.2291,28.0,,,0.2574,42.0
2023-06-16,0.1685,34.0,0.1742,32.0,0.2205,24.0,,,0.2073,14.0,0.3179,76.0,0.2214,55.0,0.2522,47.0,,,0.2628,47.0
2023-06-15,0.1667,34.0,0.1749,32.0,0.2009,15.0,,,0.3263,71.0,0.3203,76.0,0.2223,55.0,0.2331,31.0,,,0.2654,49.0
2023-06-14,0.1658,33.0,0.1716,30.0,0.2185,22.0,,,0.3021,63.0,0.3235,77.0,0.2229,56.0,0.2453,41.0,,,0.2602,45.0
2023-06-13,0.0775,3.0,0.1424,13.0,0.214,20.0,,,0.2193,18.0,0.3239,77.0,0.223,56.0,0.2431,39.0,,,0.2492,35.0
2023-06-12,0.108,10.0,0.1402,12.0,0.2027,16.0,,,0.2566,40.0,0.3253,77.0,0.2237,56.0,0.2511,46.0,,,0.2669,50.0
2023-06-09,0.1193,14.0,0.1563,20.0,0.2229,25.0,,,0.279,53.0,0.3259,77.0,0.2245,57.0,0.2673,57.0,,,0.2638,48.0
2023-06-08,0.1204,14.0,0.1689,28.0,0.2175,22.0,,,0.2703,49.0,0.3261,77.0,0.2249,57.0,0.2585,52.0,,,0.2627,47.0
2023-06-07,0.104,9.0,0.1693,28.0,0.2004,15.0,,,0.3062,64.0,0.3277,78.0,0.2262,57.0,0.2582,52.0,,,0.2809,60.0
2023-06-06,0.1174,13.0,0.1739,32.0,0.2147,21.0,,,0.3203,69.0,0.3279,78.0,0.2263,57.0,0.2685,59.0,,,0.2729,55.0
2023-06-05,0.1175,13.0,0.193,45.0,0.2534,46.0,,,0.22,19.0,0.3283,78.0,0.2265,57.0,0.2658,57.0,,,0.2719,54.0
2023-06-02,0.1291,18.0,0.1945,46.0,0.2586,49.0,,,0.1822,7.0,0.332,78.0,0.2277,59.0,0.2659,57.0,,,0.2782,59.0
2023-06-01,0.1782,38.0,0.2047,52.0,0.2555,48.0,,,0.264,45.0,0.3314,78.0,0.2276,59.0,0.2775,64.0,,,0.28,60.0
2023-05-31,0.1585,31.0,0.1939,45.0,0.2458,41.0,,,0.2802,54.0,0.3346,79.0,0.2285,60.0,0.2757,63.0,,,0.2857,63.0
2023-05-30,0.1525,28.0,0.188,42.0,0.2303,30.0,,,0.2877,57.0,0.3393,80.0,0.2305,62.0,0.2852,67.0,,,0.2844,62.0
2023-05-26,0.1634,32.0,0.1874,41.0,0.2524,46.0,,,0.3112,66.0,0.3392,80.0,0.2305,62.0,0.2775,64.0,,,0.2843,62.0
2023-05-25,0.1679,34.0,0.1848,40.0,0.2346,33.0,,,0.2946,60.0,0.3398,80.0,0.2303,62.0,0.2711,60.0,,,0.2878,64.0
2023-05-24,0.1686,34.0,0.1711,30.0,0.2434,39.0,,,0.2658,47.0,0.3398,80.0,0.2294,61.0,0.2822,66.0,,,0.2919,66.0
2023-05-23,0.1735,37.0,0.1656,26.0,0.2313,31.0,,,0.2262,22.0,0.3402,81.0,0.2297,61.0,0.2823,66.0,,,0.2775,57.0
2023-05-22,0.1534,28.0,0.1619,23.0,0.2126,20.0,,,0.2356,27.0,0.3382,80.0,0.2295,61.0,0.2689,59.0,,,0.2828,61.0
2023-05-19,0.5918,97.0,0.2831,82.0,0.218,22.0,,,0.2191,18.0,0.3513,84.0,0.238,65.0,0.2705,60.0,,,0.2814,60.0
2023-05-18,0.58,97.0,0.2828,82.0,0.2305,30.0,,,0.275,51.0,0.3512,84.0,0.2384,66.0,0.2601,53.0,,,0.2783,59.0
2023-05-17,0.5964,98.0,0.2831,82.0,0.2894,63.0,,,0.2816,55.0,0.3512,84.0,0.2395,66.0,0.2648,56.0,,,0.285,63.0
2023-05-16,0.5844,97.0,0.2868,83.0,0.3381,79.0,,,0.3032,63.0,0.3511,84.0,0.2396,66.0,0.2811,65.0,,,0.2899,65.0
2023-05-15,0.5609,97.0,0.2932,84.0,0.2234,26.0,,,0.2285,23.0,0.3504,84.0,0.2399,66.0,0.2691,59.0,,,0.2878,64.0
2023-05-12,0.5546,97.0,0.298,85.0,0.2456,41.0,,,0.252,37.0,0.3529,85.0,0.2415,67.0,0.2826,66.0,,,0.2921,66.0
2023-05-11,0.5821,97.0,0.2994,85.0,0.2561,48.0,,,0.2739,51.0,0.3534,85.0,0.2415,67.0,0.2742,62.0,,,0.2894,65.0
2023-05-10,0.1495,27.0,0.1944,46.0,0.5736,99.0,,,0.555,99.0,0.3352,79.0,0.2389,66.0,0.2965,71.0,,,0.3055,71.0
2023-05-09,0.1784,38.0,0.2058,53.0,0.4997,98.0,,,0.5186,98.0,0.3357,79.0,0.2398,66.0,0.2975,71.0,,,0.3089,72.0
2023-05-08,0.1874,43.0,0.2121,56.0,0.4668,97.0,,,0.5142,98.0,0.3353,79.0,0.241,67.0,0.2947,71.0,,,0.3082,72.0
2023-05-05,0.2023,49.0,0.2127,57.0,0.4187,93.0,,,0.4595,95.0,0.3353,79.0,0.2411,67.0,0.289,68.0,,,0.3024,70.0
2023-05-04,0.201,49.0,0.2037,52.0,0.4398,95.0,,,0.4476,95.0,0.3354,79.0,0.241,67.0,0.2991,72.0,,,0.3064,71.0
2023-05-03,0.2946,77.0,0.2121,56.0,0.4204,93.0,,,0.4246,92.0,0.3373,79.0,0.241,67.0,0.2833,66.0,,,0.3123,74.0
2023-05-02,0.2809,74.0,0.1962,47.0,0.3547,83.0,,,0.3323,73.0,0.342,81.0,0.243,68.0,0.2793,64.0,,,0.3071,72.0
2023-05-01,0.2669,71.0,0.1908,44.0,0.3277,76.0,,,0.3141,67.0,0.3416,81.0,0.2435,68.0,0.2737,62.0,,,0.3089,72.0
2023-04-28,0.2561,68.0,0.176,33.0,0.3087,70.0,,,0.3057,64.0,0.3407,81.0,0.2434,68.0,0.2767,63.0,,,0.3101,73.0
2023-04-27,0.2598,69.0,0.1815,37.0,0.2969,66.0,,,0.3173,68.0,0.3403,81.0,0.2438,68.0,0.2778,64.0,,,0.3155,75.0
2023-04-26,0.2747,73.0,0.2023,51.0,0.3199,74.0,,,0.3437,77.0,0.3398,80.0,0.2437,68.0,0.2887,68.0,,,0.3211,76.0
2023-04-25,0.2797,74.0,0.196,47.0,0.3347,78.0,,,0.3151,68.0,0.3398,80.0,0.244,68.0,0.2821,65.0,,,0.3071,72.0
2023-04-24,0.3439,84.0,0.2038,52.0,0.305,69.0,,,0.2998,62.0,0.3373,79.0,0.2434,68.0,0.2666,57.0,,,0.2952,67.0
2023-04-21,0.3516,86.0,0.2027,51.0,0.3201,74.0,,,0.3215,70.0,0.3379,80.0,0.2435,68.0,0.2577,52.0,,,0.2942,67.0
2023-04-20,0.3388,83.0,0.2114,56.0,0.2952,65.0,,,0.3206,69.0,0.3379,80.0,0.2442,68.0,0.2672,57.0,,,0.2983,69.0
2023-04-19,0.3672,88.0,0.2106,55.0,0.3431,81.0,,,0.4051,90.0,0.3379,80.0,0.2446,68.0,0.2586,52.0,,,0.3009,70.0
2023-04-18,0.3393,84.0,0.1983,48.0,0.2792,59.0,,,0.3094,66.0,0.3387,80.0,0.245,69.0,0.2628,55.0,,,0.2987,69.0
2023-04-17,0.3235,82.0,0.1631,24.0,0.3659,86.0,,,0.3369,75.0,0.337,79.0,0.2442,68.0,0.2545,49.0,,,0.2956,67.0
2023-04-14,0.3189,81.0,0.173,31.0,0.2778,57.0,,,0.2416,31.0,0.3386,80.0,0.2452,69.0,0.271,60.0,,,0.3001,69.0
2023-04-13,0.1325,19.0,0.1434,13.0,0.1803,9.0,,,0.1942,10.0,0.3337,78.0,0.2461,69.0,0.2731,61.0,,,0.2923,66.0
2023-04-12,0.134,20.0,0.1479,16.0,0.212,19.0,,,0.2861,57.0,0.3389,80.0,0.2533,72.0,0.2728,61.0,,,0.2967,68.0
2023-04-11,0.1229,15.0,0.1291,7.0,0.2728,56.0,,,0.2276,22.0,0.3434,82.0,0.2549,72.0,0.2772,63.0,,,0.3036,71.0
2023-04-10,0.0977,7.0,0.1301,8.0,0.2603,50.0,,,0.2954,60.0,0.3427,82.0,0.2555,72.0,0.2774,63.0,,,0.3067,72.0
2023-04-06,0.089,5.0,0.1286,7.0,0.2505,45.0,,,0.2522,38.0,0.3429,82.0,0.2563,72.0,0.2836,66.0,,,0.3146,74.0
2023-04-05,0.1124,11.0,0.132,8.0,0.258,49.0,,,0.2502,36.0,0.3437,82.0,0.2565,72.0,0.2814,65.0,,,0.3052,71.0
2023-04-04,0.1128,11.0,0.1256,6.0,0.2554,48.0,,,0.2723,50.0,0.3436,82.0,0.2563,72.0,0.2766,63.0,,,0.302,70.0
2023-04-03,0.1476,26.0,0.1462,15.0,0.2423,39.0,,,0.2613,44.0,0.3444,82.0,0.2574,73.0,0.2671,57.0,,,0.3024,70.0
2023-03-31,0.137,22.0,0.1516,18.0,0.2663,53.0,,,0.2405,30.0,0.3475,83.0,0.2579,73.0,0.271,60.0,,,0.2969,68.0
2023-03-30,0.1919,45.0,0.1735,31.0,0.2439,40.0,,,0.2623,44.0,0.3484,84.0,0.259,73.0,0.2761,63.0,,,0.2971,68.0
2023-03-29,0.2102,52.0,0.1749,32.0,0.2949,65.0,,,0.2706,49.0,0.3484,84.0,0.2602,73.0,0.277,63.0,,,0.2972,68.0
2023-03-28,0.2457,65.0,0.2036,52.0,0.2822,60.0,,,0.2805,54.0,0.3499,84.0,0.2622,74.0,0.2876,68.0,,,0.3071,72.0
2023-03-27,0.2626,70.0,0.203,51.0,0.303,68.0,,,0.2942,60.0,0.3502,84.0,0.2627,74.0,0.3017,73.0,,,0.3066,71.0
2023-03-24,0.2661,71.0,0.2244,62.0,0.2893,63.0,,,0.2944,60.0,0.3515,84.0,0.2642,74.0,0.2922,69.0,,,0.3179,75.0
2023-03-23,0.268,71.0,0.2166,59.0,0.3038,68.0,,,0.2715,50.0,0.3516,84.0,0.2655,75.0,0.3034,73.0,,,0.3116,73.0
2023-03-22,0.2681,71.0,0.2365,69.0,0.3009,67.0,,,0.2797,54.0,0.3605,88.0,0.2705,77.0,0.291,69.0,,,0.306,71.0
2023-03-21,0.2331,60.0,0.2672,79.0,0.274,57.0,,,0.2947,60.0,0.3597,88.0,0.2699,77.0,0.2849,67.0,,,0.3148,74.0
2023-03-20,0.2874,76.0,0.2865,83.0,0.3242,75.0,,,0.3285,72.0,0.3615,88.0,0.2714,78.0,0.3027,73.0,,,0.3196,76.0
2023-03-17,0.24,63.0,0.2781,81.0,0.3193,73.0,,,0.324,70.0,0.3635,88.0,0.2719,78.0,0.3103,76.0,,,0.3306,79.0
2023-03-16,0.2343,61.0,0.2768,81.0,0.293,64.0,,,0.2986,62.0,0.364,88.0,0.2726,78.0,0.2941,70.0,,,0.3197,76.0
2023-03-15,0.2381,62.0,0.2786,82.0,0.3569,84.0,,,0.435,93.0,0.3657,89.0,0.272,78.0,0.294,70.0,,,0.3315,80.0
2023-03-14,0.249,66.0,0.2858,83.0,0.3522,83.0,,,0.4011,89.0,0.3665,89.0,0.2728,78.0,0.2843,67.0,,,0.3208,76.0
2023-03-13,0.2662,71.0,0.2628,78.0,0.4292,94.0,,,0.4167,91.0,0.3666,89.0,0.2718,78.0,0.3057,74.0,,,0.32,76.0
2023-03-10,0.2541,67.0,0.2209,61.0,0.3724,87.0,,,0.3458,77.0,0.3691,89.0,0.2702,77.0,0.3021,73.0,,,0.325,78.0
2023-03-09,0.2205,56.0,0.1967,47.0,0.3152,72.0,,,0.3042,64.0,0.3674,89.0,0.2691,76.0,0.2852,67.0,,,0.3074,72.0
2023-03-08,0.1904,44.0,0.1853,40.0,0.2793,59.0,,,0.2218,19.0,0.369,89.0,0.2694,77.0,0.2826,66.0,,,0.2986,69.0
2023-03-07,0.2179,55.0,0.1883,42.0,0.2966,66.0,,,0.2668,47.0,0.3689,89.0,0.2698,77.0,0.2824,66.0,,,0.2944,67.0
2023-03-06,0.171,36.0,0.1584,21.0,0.2308,30.0,,,0.263,45.0,0.3704,89.0,0.2699,77.0,0.2772,63.0,,,0.2942,67.0
2023-03-03,0.1389,22.0,0.1556,20.0,0.2634,52.0,,,0.2434,32.0,0.3695,89.0,0.2696,77.0,0.2803,65.0,,,0.283,62.0
2023-03-02,0.1358,21.0,0.1603,22.0,0.2862,62.0,,,0.2433,32.0,0.3693,89.0,0.2706,77.0,0.2892,68.0,,,0.3031,70.0
2023-03-01,0.2162,55.0,0.165,26.0,0.2523,46.0,,,0.2411,31.0,0.3694,89.0,0.2704,77.0,0.288,68.0,,,0.3046,71.0
2023-02-28,0.2227,57.0,0.1608,23.0,0.2633,52.0,,,0.2714,49.0,0.37,89.0,0.2705,77.0,0.2768,63.0,,,0.2953,67.0
2023-02-27,0.2885,76.0,0.1786,35.0,0.2785,59.0,,,0.2773,52.0,0.37,89.0,0.2704,77.0,0.2776,64.0,,,0.3012,70.0
2023-02-24,0.3032,79.0,0.1927,45.0,0.2762,57.0,,,0.2896,57.0,0.37,89.0,0.2707,77.0,0.2898,68.0,,,0.2937,67.0
2023-02-23,0.3027,79.0,0.2098,55.0,0.2784,57.0,,,0.2714,49.0,0.375,90.0,0.2732,79.0,0.2988,72.0,,,0.2896,65.0
2023-02-22,0.3072,79.0,0.2108,55.0,0.2819,60.0,,,0.2977,61.0,0.3757,90.0,0.273,79.0,0.2877,68.0,,,0.2916,66.0
2023-02-21,0.3086,79.0,0.221,61.0,0.2954,65.0,,,0.2954,60.0,0.3762,90.0,0.2732,79.0,0.2945,70.0,,,0.3031,70.0
2023-02-17,0.7325,99.0,0.3145,88.0,0.2532,46.0,,,0.3031,63.0,0.3751,90.0,0.2732,79.0,0.2834,66.0,,,0.2868,64.0
2023-02-16,0.7355,99.0,0.3166,88.0,0.3352,78.0,,,0.2674,48.0,0.376,90.0,0.2735,79.0,0.2946,70.0,,,0.277,57.0
2023-02-15,0.7444,99.0,0.3233,89.0,0.319,73.0,,,0.3279,72.0,0.3736,90.0,0.2727,78.0,0.2739,62.0,,,0.2726,54.0
2023-02-14,0.7182,99.0,0.3172,88.0,0.2875,62.0,,,0.2971,61.0,0.3728,90.0,0.2721,78.0,0.2896,68.0,,,0.2854,63.0
2023-02-13,0.7178,99.0,0.3102,87.0,0.3087,70.0,,,0.3294,72.0,0.3727,90.0,0.2712,78.0,0.2845,67.0,,,0.2901,65.0
2023-02-10,0.744,99.0,0.3254,89.0,0.2883,63.0,,,0.3655,82.0,0.3719,89.0,0.2709,77.0,0.2943,70.0,,,0.2951,67.0
2023-02-09,0.8068,99.0,0.3519,92.0,0.3563,84.0,,,0.3608,81.0,0.3719,89.0,0.2704,77.0,0.3045,74.0,,,0.2938,67.0
2023-02-08,0.3343,83.0,0.2711,80.0,0.4374,95.0,,,0.4285,93.0,0.3344,79.0,0.265,75.0,0.2789,64.0,,,0.2742,56.0
2023-02-07,0.353,86.0,0.2694,79.0,0.395,90.0,,,0.3743,84.0,0.3343,79.0,0.2652,75.0,0.2813,65.0,,,0.2782,59.0
2023-02-06,0.3521,86.0,0.2483,73.0,0.4028,91.0,,,0.3986,89.0,0.3341,79.0,0.2641,74.0,0.2821,65.0,,,0.2765,57.0
2023-02-03,0.3056,79.0,0.2453,72.0,0.3327,77.0,,,0.3668,82.0,0.3342,79.0,0.265,75.0,0.264,56.0,,,0.2755,57.0
2023-02-02,0.2876,76.0,0.2435,71.0,0.3398,80.0,,,0.3292,72.0,0.3341,79.0,0.2647,75.0,0.2734,61.0,,,0.2727,55.0
2023-02-01,0.2775,73.0,0.2099,55.0,0.3329,78.0,,,0.331,73.0,0.3326,78.0,0.264,74.0,0.2588,52.0,,,0.2834,62.0
2023-01-31,0.1651,33.0,0.1613,23.0,0.3385,79.0,,,0.3464,77.0,0.33,78.0,0.2635,74.0,0.2651,57.0,,,0.2928,66.0
2023-01-30,0.2249,57.0,0.177,34.0,0.3471,82.0,,,0.3467,78.0,0.359,87.0,0.2728,78.0,0.2695,59.0,,,0.2913,66.0
2023-01-27,0.2107,52.0,0.1953,46.0,0.321,74.0,,,0.3091,66.0,0.3587,87.0,0.2736,79.0,0.2601,53.0,,,0.2911,66.0
2023-01-26,0.2853,76.0,0.2133,57.0,0.333,78.0,,,0.3228,70.0,0.3591,87.0,0.2736,79.0,0.2669,57.0,,,0.2916,66.0
2023-01-25,0.2978,78.0,0.2279,64.0,0.3161,72.0,,,0.3149,67.0,0.3591,87.0,0.2736,79.0,0.2532,48.0,,,0.2798,60.0
2023-01-24,0.3003,78.0,0.2299,65.0,0.3418,80.0,,,0.3134,67.0,0.3599,88.0,0.2741,79.0,0.2515,47.0,,,0.2773,57.0
2023-01-23,0.2897,76.0,0.2384,69.0,0.3063,69.0,,,0.2899,57.0,0.36,88.0,0.2741,79.0,0.2575,52.0,,,0.2746,56.0
2023-01-20,0.292,77.0,0.2442,71.0,0.3268,76.0,,,0.3109,66.0,0.3599,88.0,0.2738,79.0,0.2605,54.0,,,0.2856,63.0
2023-01-19,0.4052,91.0,0.2923,84.0,0.3041,68.0,,,0.3726,84.0,0.3573,86.0,0.2728,78.0,0.2658,57.0,,,0.2936,67.0
2023-01-18,0.3958,90.0,0.2841,83.0,0.3857,89.0,,,0.397,88.0,0.3563,85.0,0.2732,79.0,0.2935,70.0,,,0.2987,69.0
2023-01-17,0.3636,87.0,0.2852,83.0,0.3204,74.0,,,0.28,54.0,0.3572,86.0,0.2734,79.0,0.279,64.0,,,0.2908,65.0
2023-01-13,0.3925,90.0,0.2814,82.0,0.3582,84.0,,,0.3489,78.0,0.357,86.0,0.2729,79.0,0.2931,70.0,,,0.3053,71.0
2023-01-12,0.4157,91.0,0.2828,82.0,0.3101,70.0,,,0.3063,65.0,0.3584,87.0,0.2726,78.0,0.2998,72.0,,,0.3174,75.0
2023-01-11,0.4084,91.0,0.2858,83.0,0.2995,67.0,,,0.2812,55.0,0.3585,87.0,0.2724,78.0,0.2802,65.0,,,0.3091,72.0
2023-01-10,0.4156,91.0,0.2742,81.0,0.3595,85.0,,,0.2807,54.0,0.3589,87.0,0.2716,78.0,0.301,72.0,,,0.2963,68.0
2023-01-09,0.303,79.0,0.2296,65.0,0.3158,72.0,,,0.3038,63.0,0.3504,84.0,0.2684,76.0,0.2892,68.0,,,0.2946,67.0
2023-01-06,0.303,79.0,0.2337,67.0,0.2498,44.0,,,0.245,33.0,0.3507,84.0,0.2682,76.0,0.2884,68.0,,,0.3112,73.0
2023-01-05,0.279,74.0,0.2262,63.0,0.293,64.0,,,0.2988,62.0,0.349,84.0,0.2681,76.0,0.3035,73.0,,,0.3115,73.0
2023-01-04,0.2196,56.0,0.2168,59.0,0.2814,60.0,,,0.3099,66.0,0.3478,83.0,0.2677,76.0,0.2905,69.0,,,0.3235,77.0
2023-01-03,0.1479,26.0,0.2268,64.0,0.3292,77.0,,,0.2813,55.0,0.3453,82.0,0.2674,76.0,0.3027,73.0,,,0.3206,76.0
2022-12-30,0.1498,27.0,0.2182,59.0,0.2674,54.0,,,0.2714,49.0,0.3458,83.0,0.2672,76.0,0.3127,77.0,,,0.3261,78.0
2022-12-29,0.1332,20.0,0.2254,63.0,0.3054,69.0,,,0.285,56.0,0.3459,83.0,0.2675,76.0,0.317,78.0,,,0.3259,78.0
2022-12-28,0.1152,12.0,0.2109,56.0,0.2898,63.0,,,0.2911,59.0,0.3447,82.0,0.2669,76.0,0.3214,80.0,,,0.3398,82.0
2022-12-27,0.1927,45.0,0.2202,60.0,0.2851,61.0,,,0.3023,63.0,0.3464,83.0,0.2677,76.0,0.3159,78.0,,,0.3236,77.0
2022-12-23,0.2362,61.0,0.2209,61.0,0.2758,57.0,,,0.272,50.0,0.3465,83.0,0.2676,76.0,0.3093,76.0,,,0.3274,79.0
2022-12-22,0.2471,65.0,0.2443,71.0,0.2762,57.0,,,0.3047,64.0,0.3476,83.0,0.268,76.0,0.3082,75.0,,,0.3448,83.0
2022-12-21,0.3162,80.0,0.2455,72.0,0.2935,65.0,,,0.2922,59.0,0.3482,84.0,0.268,76.0,0.318,78.0,,,0.3268,78.0
2022-12-20,0.3354,83.0,0.2545,75.0,0.3205,74.0,,,0.293,59.0,0.348,84.0,0.2678,76.0,0.33,83.0,,,0.3342,80.0
2022-12-19,0.3508,85.0,0.2507,74.0,0.2946,65.0,,,0.2848,56.0,0.3503,84.0,0.2679,76.0,0.3344,84.0,,,0.3384,82.0
2022-12-16,0.3962,90.0,0.2607,77.0,0.3094,70.0,,,0.2965,61.0,0.35,84.0,0.2681,76.0,0.3184,79.0,,,0.332,80.0
2022-12-15,0.3624,87.0,0.2501,74.0,0.2629,51.0,,,0.2782,53.0,0.3505,84.0,0.2696,77.0,0.3186,79.0,,,0.3341,80.0
2022-12-14,0.2966,78.0,0.2419,71.0,0.443,95.0,,,0.3629,81.0,0.3482,84.0,0.2697,77.0,0.3168,78.0,,,0.3122,74.0
2022-12-13,0.33,82.0,0.24,70.0,0.3689,86.0,,,0.3518,79.0,0.3464,83.0,0.2694,77.0,0.3117,76.0,,,0.3235,77.0
2022-12-12,0.3101,80.0,0.2255,63.0,0.3595,85.0,,,0.3886,87.0,0.3489,84.0,0.2694,77.0,0.3232,80.0,,,0.3325,80.0
2022-12-09,0.3639,87.0,0.2382,69.0,0.3671,86.0,,,0.3222,70.0,0.3484,84.0,0.2711,78.0,0.3085,75.0,,,0.3299,79.0
2022-12-08,0.4233,92.0,0.2729,80.0,0.3967,91.0,,,0.3237,70.0,0.3519,84.0,0.2741,79.0,0.3099,76.0,,,0.3296,79.0
2022-12-07,0.4099,91.0,0.2523,75.0,0.3583,84.0,,,0.3292,72.0,0.3549,85.0,0.2743,79.0,0.3133,77.0,,,0.3307,79.0
2022-12-06,0.4223,92.0,0.2504,74.0,0.3363,79.0,,,0.372,84.0,0.3545,85.0,0.2756,80.0,0.3099,76.0,,,0.3246,78.0
2022-12-05,0.4136,91.0,0.2457,72.0,0.332,77.0,,,0.3477,78.0,0.3563,85.0,0.276,80.0,0.3171,78.0,,,0.3177,75.0
2022-12-02,0.3181,81.0,0.2326,67.0,0.2963,66.0,,,0.309,66.0,0.3532,85.0,0.2751,79.0,0.3022,73.0,,,0.318,75.0
2022-12-01,0.3102,80.0,0.2386,69.0,0.3047,68.0,,,0.2923,59.0,0.355,85.0,0.276,80.0,0.3031,73.0,,,0.3114,73.0
2022-11-30,0.4474,93.0,0.3398,91.0,0.2985,67.0,,,0.3205,69.0,0.3514,84.0,0.2752,80.0,0.2945,70.0,,,0.3098,73.0
2022-11-29,0.4218,92.0,0.3174,88.0,0.3148,72.0,,,0.3211,70.0,0.3487,84.0,0.2739,79.0,0.303,73.0,,,0.3117,73.0
2022-11-28,0.4245,92.0,0.3317,90.0,0.3625,85.0,,,0.365,82.0,0.351,84.0,0.2763,80.0,0.3071,75.0,,,0.3246,78.0
2022-11-25,0.4144,91.0,0.3336,90.0,0.3181,73.0,,,0.3076,65.0,0.3529,85.0,0.2788,80.0,0.2956,71.0,,,0.3078,72.0
2022-11-23,0.4152,91.0,0.3411,91.0,0.2932,64.0,,,0.3173,68.0,0.3551,85.0,0.2796,81.0,0.2965,71.0,,,0.3111,73.0
2022-11-22,0.4731,95.0,0.3551,92.0,0.2938,65.0,,,0.3185,69.0,0.3555,85.0,0.2794,81.0,0.3129,77.0,,,0.291,66.0
2022-11-21,0.4806,95.0,0.3552,92.0,0.3514,83.0,,,0.3265,71.0,0.3558,85.0,0.2788,80.0,0.3184,79.0,,,0.3071,72.0
2022-11-18,0.3892,89.0,0.2962,85.0,0.3602,85.0,,,0.4015,89.0,0.3413,81.0,0.2717,78.0,0.3431,86.0,,,0.3264,78.0
2022-11-17,0.4083,91.0,0.3028,86.0,0.3892,90.0,,,0.3789,85.0,0.3414,81.0,0.2716,78.0,0.3413,86.0,,,0.3387,82.0
2022-11-16,0.4077,91.0,0.3047,86.0,0.3867,89.0,,,0.417,91.0,0.3417,81.0,0.2714,78.0,0.3344,84.0,,,0.3105,73.0
2022-11-15,0.4008,90.0,0.3088,86.0,0.4352,94.0,,,0.3877,87.0,0.3422,82.0,0.2716,78.0,0.3224,80.0,,,0.3154,75.0
2022-11-14,0.3996,90.0,0.3089,87.0,0.4029,91.0,,,0.3637,82.0,0.3435,82.0,0.2719,78.0,0.3318,83.0,,,0.3235,77.0
2022-11-11,0.3876,89.0,0.2901,84.0,0.302,68.0,,,0.3235,70.0,0.3418,81.0,0.2704,77.0,0.3197,79.0,,,0.3109,73.0
2022-11-10,0.4598,94.0,0.3205,88.0,0.3798,88.0,,,0.2996,62.0,0.3415,81.0,0.2701,77.0,0.3174,78.0,,,0.3131,74.0
2022-11-09,0.2815,75.0,0.2785,81.0,0.5312,98.0,,,0.5782,99.0,0.3335,78.0,0.267,76.0,0.3475,87.0,,,0.3281,79.0
2022-11-08,0.2815,75.0,0.2706,80.0,0.4363,94.0,,,0.422,92.0,0.3331,78.0,0.2676,76.0,0.3411,86.0,,,0.329,79.0
2022-11-07,0.2957,77.0,0.2628,78.0,0.4152,93.0,,,0.4006,89.0,0.3357,79.0,0.2719,78.0,0.3458,87.0,,,0.3272,78.0
2022-11-04,0.2863,76.0,0.26,77.0,0.4034,91.0,,,0.3947,88.0,0.336,79.0,0.2726,78.0,0.3484,88.0,,,0.3315,80.0
2022-11-03,0.2857,76.0,0.2603,77.0,0.4165,93.0,,,0.3909,87.0,0.3362,79.0,0.2732,79.0,0.3578,90.0,,,0.3254,78.0
2022-11-02,0.2858,76.0,0.2561,76.0,0.4306,94.0,,,0.3707,83.0,0.3424,82.0,0.2756,80.0,0.3388,85.0,,,0.3351,81.0
2022-11-01,0.1317,19.0,0.2063,53.0,0.4066,92.0,,,0.3898,87.0,0.3381,80.0,0.2737,79.0,0.332,83.0,,,0.3426,83.0
2022-10-31,0.1311,19.0,0.2059,53.0,0.4246,94.0,,,0.4097,90.0,0.3395,80.0,0.2739,79.0,0.3248,81.0,,,0.3474,84.0
2022-10-28,0.1489,27.0,0.2029,51.0,0.3932,90.0,,,0.3889,87.0,0.3421,81.0,0.276,80.0,0.3292,82.0,,,0.3417,82.0
2022-10-27,0.2136,54.0,0.2095,55.0,0.3801,88.0,,,0.4106,91.0,0.3421,81.0,0.2756,80.0,0.331,83.0,,,0.3459,84.0
2022-10-26,0.2042,50.0,0.2121,56.0,0.3853,89.0,,,0.4226,92.0,0.342,81.0,0.2763,80.0,0.3268,82.0,,,0.342,82.0
2022-10-25,0.2462,65.0,0.2195,60.0,0.3979,91.0,,,0.3955,88.0,0.3448,82.0,0.2768,80.0,0.3324,83.0,,,0.3484,84.0
2022-10-24,0.285,75.0,0.2551,75.0,0.406,92.0,,,0.4255,92.0,0.3441,82.0,0.2769,80.0,0.3404,85.0,,,0.3556,86.0
2022-10-21,0.3816,89.0,0.3576,92.0,0.4244,94.0,,,0.4146,91.0,0.3434,82.0,0.2773,80.0,0.3437,86.0,,,0.3632,88.0
2022-10-20,0.4574,94.0,0.373,93.0,0.4196,93.0,,,0.3967,88.0,0.3439,82.0,0.2767,80.0,0.3482,88.0,,,0.3688,89.0
2022-10-19,0.4561,94.0,0.3755,93.0,0.4405,95.0,,,0.4345,93.0,0.3453,82.0,0.2783,80.0,0.3644,91.0,,,0.3946,93.0
2022-10-18,0.4388,93.0,0.3732,93.0,0.409,92.0,,,0.4082,90.0,0.3539,85.0,0.2806,81.0,0.3639,91.0,,,0.3878,92.0
2022-10-17,0.4468,93.0,0.3678,93.0,0.442,95.0,,,0.4294,93.0,0.3546,85.0,0.2812,81.0,0.3633,91.0,,,0.3909,92.0
2022-10-14,0.405,91.0,0.3585,92.0,0.3609,85.0,,,0.4141,91.0,0.3541,85.0,0.2813,81.0,0.3551,89.0,,,0.3806,91.0
2022-10-13,0.3972,90.0,0.3492,92.0,0.4157,93.0,,,0.4103,90.0,0.355,85.0,0.28,81.0,0.3705,92.0,,,0.3792,91.0
2022-10-12,0.3465,84.0,0.2519,74.0,0.4449,95.0,,,0.3885,87.0,0.3489,84.0,0.2737,79.0,0.3662,91.0,,,0.3796,91.0
2022-10-11,0.3013,78.0,0.2333,67.0,0.4214,93.0,,,0.3884,87.0,0.346,83.0,0.2727,78.0,0.3701,92.0,,,0.39,92.0
2022-10-10,0.3043,79.0,0.2445,72.0,0.4277,94.0,,,0.4329,93.0,0.3466,83.0,0.2725,78.0,0.3707,92.0,,,0.3757,90.0
2022-10-07,0.3255,82.0,0.2662,79.0,0.3393,79.0,,,0.3764,85.0,0.3464,83.0,0.2724,78.0,0.3656,91.0,,,0.3696,89.0
2022-10-06,0.2903,76.0,0.2733,81.0,0.3318,77.0,,,0.3629,81.0,0.3461,83.0,0.2725,78.0,0.3531,89.0,,,0.3694,89.0
2022-10-05,0.3415,84.0,0.2975,85.0,0.4095,92.0,,,0.4097,90.0,0.3462,83.0,0.2728,78.0,0.3484,88.0,,,0.3627,88.0
2022-10-04,0.3514,86.0,0.3095,87.0,0.3593,85.0,,,0.3597,81.0,0.3457,83.0,0.2716,78.0,0.3404,85.0,,,0.3636,88.0
2022-10-03,0.4584,94.0,0.3754,93.0,0.403,91.0,,,0.3991,89.0,0.3425,82.0,0.2716,78.0,0.3588,90.0,,,0.3783,91.0
2022-09-30,0.4155,91.0,0.3634,93.0,0.4004,91.0,,,0.3632,81.0,0.3405,81.0,0.2709,77.0,0.3588,90.0,,,0.3834,91.0
2022-09-29,0.4315,92.0,0.3698,93.0,0.3692,86.0,,,0.3875,87.0,0.3406,81.0,0.2706,77.0,0.3698,92.0,,,0.3921,92.0
2022-09-28,0.3509,85.0,0.3653,93.0,0.4097,92.0,,,0.4052,90.0,0.3404,81.0,0.27,77.0,0.3588,90.0,,,0.3797,91.0
2022-09-27,0.2574,68.0,0.3683,93.0,0.3731,87.0,,,0.3961,88.0,0.3402,81.0,0.2699,77.0,0.3669,92.0,,,0.3859,92.0
2022-09-26,0.2542,67.0,0.3536,92.0,0.381,88.0,,,0.3844,86.0,0.3393,80.0,0.2685,76.0,0.3575,90.0,,,0.3676,89.0
2022-09-23,0.2516,67.0,0.3415,91.0,0.3936,90.0,,,0.3754,84.0,0.3395,80.0,0.2667,76.0,0.3394,85.0,,,0.3325,80.0
2022-09-22,0.1905,44.0,0.2609,78.0,0.3419,80.0,,,0.3085,65.0,0.333,78.0,0.2617,74.0,0.3268,82.0,,,0.3298,79.0
2022-09-21,0.1592,31.0,0.2725,80.0,0.35,82.0,,,0.3158,68.0,0.3352,79.0,0.2622,74.0,0.3149,77.0,,,0.3178,75.0
2022-09-20,0.2491,66.0,0.2451,72.0,0.3192,73.0,,,0.3381,75.0,0.3332,78.0,0.2605,74.0,0.3106,76.0,,,0.3211,76.0
2022-09-19,0.3356,83.0,0.2297,65.0,0.3133,71.0,,,0.2976,61.0,0.3305,78.0,0.2593,73.0,0.2931,70.0,,,0.3098,73.0
2022-09-16,0.3413,84.0,0.2209,61.0,0.3486,82.0,,,0.3305,73.0,0.3298,78.0,0.2587,73.0,0.3061,74.0,,,0.3002,69.0
2022-09-15,0.3765,88.0,0.2392,70.0,0.4465,96.0,,,0.2702,49.0,0.3275,78.0,0.2585,73.0,0.2988,72.0,,,0.2875,64.0
2022-09-14,0.3485,85.0,0.2249,63.0,0.3101,70.0,,,0.3567,80.0,0.3268,77.0,0.258,73.0,0.2857,67.0,,,0.3096,73.0
2022-09-13,0.3449,84.0,0.2403,70.0,0.4382,95.0,,,0.2765,52.0,0.3282,78.0,0.2588,73.0,0.2915,69.0,,,0.2955,67.0
2022-09-12,0.2537,67.0,0.2255,63.0,0.2207,24.0,,,0.297,61.0,0.3266,77.0,0.2586,73.0,0.2701,60.0,,,0.2944,67.0
2022-09-09,0.257,68.0,0.2264,63.0,0.2752,57.0,,,0.2382,28.0,0.3279,78.0,0.2588,73.0,0.2622,55.0,,,0.2886,64.0
2022-09-08,0.2275,57.0,0.2107,55.0,0.2277,28.0,,,0.2672,47.0,0.3257,77.0,0.2593,73.0,0.2745,62.0,,,0.2987,69.0
2022-09-07,0.2499,66.0,0.21,55.0,0.2827,60.0,,,0.2629,45.0,0.3263,77.0,0.2603,73.0,0.2816,65.0,,,0.2914,66.0
2022-09-06,0.2849,75.0,0.2384,69.0,0.286,62.0,,,0.3038,63.0,0.3253,77.0,0.2597,73.0,0.3038,73.0,,,0.3022,70.0
2022-09-02,0.3405,84.0,0.2402,70.0,0.2499,44.0,,,0.2465,34.0,0.3261,77.0,0.2598,73.0,0.2992,72.0,,,0.3015,70.0
2022-09-01,0.3568,86.0,0.226,63.0,0.2708,55.0,,,0.3413,76.0,0.3362,79.0,0.2632,74.0,0.2905,69.0,,,0.294,67.0
2022-08-31,0.3627,87.0,0.2318,66.0,0.2895,63.0,,,0.3071,65.0,0.3381,80.0,0.2644,75.0,0.3077,75.0,,,0.2958,68.0
2022-08-30,0.3548,86.0,0.2345,68.0,0.2522,46.0,,,0.3196,69.0,0.3375,79.0,0.2658,75.0,0.292,69.0,,,0.2887,65.0
2022-08-29,0.3515,86.0,0.2325,67.0,0.2652,53.0,,,0.2792,53.0,0.3377,80.0,0.2659,75.0,0.2862,67.0,,,0.2863,63.0
2022-08-26,0.3627,87.0,0.2254,63.0,0.2485,43.0,,,0.2626,45.0,0.3388,80.0,0.2663,76.0,0.2942,70.0,,,0.2806,60.0
2022-08-25,0.253,67.0,0.1584,21.0,0.1997,14.0,,,0.2482,35.0,0.3334,78.0,0.2644,75.0,0.2711,60.0,,,0.2705,53.0
2022-08-24,0.1906,44.0,0.1534,19.0,0.2365,34.0,,,0.2306,24.0,0.3322,78.0,0.2649,75.0,0.2635,56.0,,,0.2548,40.0
2022-08-23,0.1463,25.0,0.1469,15.0,0.2147,21.0,,,0.2552,39.0,0.3355,79.0,0.2666,76.0,0.2662,57.0,,,0.2657,49.0
2022-08-22,0.2024,49.0,0.1464,15.0,0.2254,27.0,,,0.2599,42.0,0.3365,79.0,0.2689,76.0,0.2745,62.0,,,0.2695,52.0
2022-08-19,0.1575,30.0,0.1458,14.0,0.2573,49.0,,,0.2308,24.0,0.3362,79.0,0.2695,77.0,0.2769,63.0,,,0.2673,51.0
2022-08-18,0.1279,17.0,0.1491,16.0,0.2223,25.0,,,0.3201,69.0,0.3364,79.0,0.2703,77.0,0.2707,60.0,,,0.2643,48.0
2022-08-17,0.188,43.0,0.1831,38.0,0.2383,36.0,,,0.3448,77.0,0.3363,79.0,0.2705,77.0,0.2736,62.0,,,0.2751,56.0
2022-08-16,0.1924,45.0,0.1843,39.0,0.2868,62.0,,,0.2804,54.0,0.3384,80.0,0.2711,78.0,0.2713,61.0,,,0.2726,54.0
2022-08-15,0.213,54.0,0.2016,50.0,0.2897,63.0,,,0.2888,57.0,0.3384,80.0,0.2718,78.0,0.2743,62.0,,,0.2743,56.0
2022-08-12,0.2419,64.0,0.242,71.0,0.2817,60.0,,,0.2691,48.0,0.3404,81.0,0.2722,78.0,0.2749,62.0,,,0.2743,56.0
2022-08-11,0.6781,98.0,0.3836,94.0,0.2574,49.0,,,0.2462,34.0,0.34,80.0,0.2731,79.0,0.2905,69.0,,,0.2682,51.0
2022-08-10,0.6852,98.0,0.3903,94.0,0.2502,44.0,,,0.2578,41.0,0.3406,81.0,0.2735,79.0,0.2873,68.0,,,0.2834,62.0
2022-08-09,0.6782,98.0,0.391,94.0,0.2589,50.0,,,0.2817,55.0,0.3412,81.0,0.2742,79.0,0.2901,69.0,,,0.286,63.0
2022-08-08,0.6781,98.0,0.3769,93.0,0.2998,67.0,,,0.2643,46.0,0.3426,82.0,0.2755,80.0,0.2788,64.0,,,0.2782,59.0
2022-08-05,0.6885,98.0,0.386,94.0,0.2587,49.0,,,0.2504,36.0,0.3433,82.0,0.2765,80.0,0.2671,57.0,,,0.2713,53.0
2022-08-04,0.676,98.0,0.3752,93.0,0.2523,46.0,,,0.2858,56.0,0.3422,82.0,0.2757,80.0,0.2718,61.0,,,0.2788,59.0
2022-08-03,0.6484,98.0,0.3518,92.0,0.2461,42.0,,,0.2359,27.0,0.3406,81.0,0.2741,79.0,0.2818,65.0,,,0.2703,53.0
2022-08-02,0.149,27.0,0.178,35.0,0.3052,69.0,,,0.2879,57.0,0.3092,74.0,0.2645,75.0,0.2889,68.0,,,0.276,57.0
2022-08-01,0.1678,34.0,0.185,40.0,0.2793,59.0,,,0.2942,60.0,0.3095,74.0,0.264,74.0,0.2857,67.0,,,0.2773,57.0
2022-07-29,0.1939,45.0,0.2086,54.0,0.2989,67.0,,,0.273,50.0,0.3089,74.0,0.264,74.0,0.2873,68.0,,,0.2744,56.0
2022-07-28,0.1942,46.0,0.2116,56.0,0.2727,56.0,,,0.2702,49.0,0.3103,74.0,0.2644,75.0,0.2708,60.0,,,0.282,61.0
2022-07-27,0.213,54.0,0.1972,48.0,0.2786,59.0,,,0.3066,65.0,0.311,74.0,0.2653,75.0,0.2839,66.0,,,0.2926,66.0
2022-07-26,0.2321,60.0,0.1995,49.0,0.2731,57.0,,,0.2778,53.0,0.3113,74.0,0.2673,76.0,0.284,67.0,,,0.3059,71.0
2022-07-25,0.234,61.0,0.197,47.0,0.3115,71.0,,,0.3048,64.0,0.3118,74.0,0.2689,76.0,0.2826,66.0,,,0.3027,70.0
2022-07-22,0.2315,60.0,0.2074,54.0,0.2988,67.0,,,0.2901,57.0,0.3124,75.0,0.2699,77.0,0.2814,65.0,,,0.3051,71.0
2022-07-21,0.2391,63.0,0.1822,38.0,0.2951,65.0,,,0.2993,62.0,0.3128,75.0,0.2703,77.0,0.2752,62.0,,,0.3048,71.0
2022-07-20,0.1969,47.0,0.1746,32.0,0.316,72.0,,,0.2938,60.0,0.31,74.0,0.2699,77.0,0.2906,69.0,,,0.303,70.0
2022-07-19,0.1987,48.0,0.1737,32.0,0.3128,71.0,,,0.3123,67.0,0.3115,74.0,0.2727,78.0,0.2859,67.0,,,0.3071,72.0
2022-07-18,0.1473,26.0,0.1743,32.0,0.3132,71.0,,,0.3112,66.0,0.3097,74.0,0.2731,79.0,0.3029,73.0,,,0.3052,71.0
2022-07-15,0.1724,36.0,0.1804,36.0,0.2875,62.0,,,0.3097,66.0,0.3105,74.0,0.2731,79.0,0.2981,72.0,,,0.3131,74.0
2022-07-14,0.1615,32.0,0.1881,42.0,0.308,69.0,,,0.3264,71.0,0.31,74.0,0.2732,79.0,0.3048,74.0,,,0.3174,75.0
2022-07-13,0.1588,31.0,0.1971,48.0,0.4137,93.0,,,0.3735,84.0,0.3123,75.0,0.274,79.0,0.3067,74.0,,,0.3122,74.0
2022-07-12,0.2124,53.0,0.2227,61.0,0.2684,54.0,,,0.3696,83.0,0.3149,75.0,0.2751,79.0,0.307,75.0,,,0.3207,76.0
2022-07-11,0.2211,56.0,0.2153,57.0,0.3415,80.0,,,0.3817,86.0,0.3155,75.0,0.275,79.0,0.3016,73.0,,,0.3077,72.0
2022-07-08,0.2442,64.0,0.2224,61.0,0.2938,65.0,,,0.3222,70.0,0.3161,75.0,0.2756,80.0,0.2893,68.0,,,0.2976,68.0
2022-07-07,0.262,69.0,0.2372,69.0,0.3176,73.0,,,0.3202,69.0,0.3163,75.0,0.276,80.0,0.2957,71.0,,,0.2962,68.0
2022-07-06,0.2409,63.0,0.2308,66.0,0.3251,75.0,,,0.3344,74.0,0.3157,75.0,0.2761,80.0,0.2973,71.0,,,0.3009,70.0
2022-07-05,0.2833,75.0,0.2355,68.0,0.3339,78.0,,,0.3705,83.0,0.3174,75.0,0.2766,80.0,0.2936,70.0,,,0.3146,74.0
2022-07-01,0.2633,70.0,0.2361,68.0,0.2804,59.0,,,0.3236,70.0,0.3175,75.0,0.2764,80.0,0.2986,72.0,,,0.2994,69.0
2022-06-30,0.279,74.0,0.258,76.0,0.3559,84.0,,,0.3036,63.0,0.3156,75.0,0.2754,80.0,0.3115,76.0,,,0.3025,70.0
2022-06-29,0.2479,65.0,0.2619,78.0,0.3341,78.0,,,0.2916,59.0,0.3155,75.0,0.2749,79.0,0.2973,71.0,,,0.3135,74.0
2022-06-28,0.2754,73.0,0.2706,80.0,0.2933,64.0,,,0.3119,67.0,0.3148,75.0,0.2746,79.0,0.3042,73.0,,,0.2853,63.0
2022-06-27,0.3604,87.0,0.2718,80.0,0.3197,74.0,,,0.3275,71.0,0.3142,75.0,0.2739,79.0,0.3007,72.0,,,0.2919,66.0
2022-06-24,0.3656,88.0,0.3098,87.0,0.2486,43.0,,,0.2829,55.0,0.3142,75.0,0.2737,79.0,0.2924,69.0,,,0.3064,71.0
2022-06-23,0.3892,89.0,0.3496,92.0,0.3159,72.0,,,0.2987,62.0,0.3127,75.0,0.2733,79.0,0.3096,76.0,,,0.3034,71.0
2022-06-22,0.4292,92.0,0.3565,92.0,0.3307,77.0,,,0.3039,63.0,0.3148,75.0,0.2737,79.0,0.3081,75.0,,,0.3055,71.0
2022-06-21,0.3298,82.0,0.347,92.0,0.3395,80.0,,,0.3047,64.0,0.3129,75.0,0.2715,78.0,0.3134,77.0,,,0.3078,72.0
2022-06-17,0.2548,67.0,0.3456,91.0,0.3813,88.0,,,0.3414,76.0,0.3136,75.0,0.2714,78.0,0.3216,80.0,,,0.3224,77.0
2022-06-16,0.2961,77.0,0.3355,90.0,0.3595,85.0,,,0.4579,95.0,0.3151,75.0,0.272,78.0,0.3247,81.0,,,0.3321,80.0
2022-06-15,0.3764,88.0,0.3392,91.0,0.4666,97.0,,,0.4391,94.0,0.3113,74.0,0.2718,78.0,0.3205,79.0,,,0.3198,76.0
2022-06-14,0.3935,90.0,0.3106,87.0,0.4736,97.0,,,0.4666,96.0,0.3115,74.0,0.2695,77.0,0.3284,82.0,,,0.3268,78.0
2022-06-13,0.3789,89.0,0.2693,79.0,0.4574,96.0,,,0.4863,97.0,0.3076,73.0,0.2665,76.0,0.3077,75.0,,,0.3096,73.0
2022-06-10,0.3553,86.0,0.2898,84.0,0.3608,85.0,,,0.3197,69.0,0.3022,72.0,0.2657,75.0,0.323,80.0,,,0.2943,67.0
2022-06-09,0.398,90.0,0.3068,86.0,0.3814,88.0,,,0.2805,54.0,0.3022,72.0,0.2641,74.0,0.3073,75.0,,,0.288,64.0
2022-06-08,0.4018,90.0,0.3099,87.0,0.2589,50.0,,,0.2746,51.0,0.3,72.0,0.2644,75.0,0.2949,71.0,,,0.285,63.0
2022-06-07,0.4237,92.0,0.3107,87.0,0.2236,26.0,,,0.316,68.0,0.3002,72.0,0.2643,75.0,0.2766,63.0,,,0.2888,65.0
2022-06-06,0.3963,90.0,0.2911,84.0,0.2895,63.0,,,0.3039,63.0,0.2986,71.0,0.2633,74.0,0.2894,68.0,,,0.2883,64.0
2022-06-03,0.3906,90.0,0.2858,83.0,0.225,27.0,,,0.2807,54.0,0.299,71.0,0.2631,74.0,0.2871,68.0,,,0.2812,60.0
2022-06-02,0.3492,85.0,0.2793,82.0,0.2302,30.0,,,0.2796,54.0,0.2982,71.0,0.263,74.0,0.2766,63.0,,,0.2832,62.0
2022-06-01,0.3049,79.0,0.2485,73.0,0.2685,54.0,,,0.2379,28.0,0.296,71.0,0.2611,74.0,0.2902,69.0,,,0.2831,62.0
2022-05-31,0.2455,65.0,0.2043,52.0,0.2968,66.0,,,0.2494,36.0,0.2946,70.0,0.2592,73.0,0.2864,67.0,,,0.2611,45.0
2022-05-27,0.1147,12.0,0.203,51.0,0.2148,21.0,,,0.2588,42.0,0.2921,70.0,0.2593,73.0,0.2694,59.0,,,0.265,49.0
2022-05-26,0.1553,28.0,0.1943,46.0,0.2428,39.0,,,0.2594,42.0,0.2958,71.0,0.2612,74.0,0.2834,66.0,,,0.2817,61.0
2022-05-25,0.168,34.0,0.2033,51.0,0.3054,69.0,,,0.3484,78.0,0.2955,71.0,0.2614,74.0,0.2941,70.0,,,0.2864,63.0
2022-05-24,0.1599,31.0,0.2071,54.0,0.3057,69.0,,,0.3142,67.0,0.2955,71.0,0.2614,74.0,0.2936,70.0,,,0.2962,68.0
2022-05-23,0.1939,45.0,0.2322,67.0,0.2668,54.0,,,0.2966,61.0,0.2955,71.0,0.2611,74.0,0.2915,69.0,,,0.2931,66.0
2022-05-20,0.2322,60.0,0.3132,87.0,0.3074,69.0,,,0.3388,76.0,0.2956,71.0,0.2604,74.0,0.2879,68.0,,,0.2992,69.0
2022-05-19,0.2646,70.0,0.3239,89.0,0.3178,73.0,,,0.342,76.0,0.2954,70.0,0.2598,73.0,0.2992,72.0,,,0.3063,71.0
2022-05-18,0.2494,66.0,0.3284,89.0,0.3417,80.0,,,0.3216,70.0,0.294,70.0,0.2591,73.0,0.3096,76.0,,,0.3087,72.0
2022-05-17,0.4208,92.0,0.3675,93.0,0.284,61.0,,,0.3173,68.0,0.294,70.0,0.2596,73.0,0.2949,71.0,,,0.2962,68.0
2022-05-16,0.4008,90.0,0.3704,93.0,0.3451,81.0,,,0.3802,86.0,0.2944,70.0,0.2601,73.0,0.3069,75.0,,,0.3048,71.0
2022-05-13,0.3995,90.0,0.379,94.0,0.3529,83.0,,,0.348,78.0,0.2951,70.0,0.2603,73.0,0.3071,75.0,,,0.2957,67.0
2022-05-12,0.4589,94.0,0.3926,94.0,0.3963,91.0,,,0.4149,91.0,0.2949,70.0,0.2588,73.0,0.3111,76.0,,,0.3134,74.0
2022-05-11,0.417,92.0,0.3233,89.0,0.5122,98.0,,,0.5241,98.0,0.2922,70.0,0.2533,72.0,0.3331,83.0,,,0.3101,73.0
2022-05-10,0.4171,92.0,0.3211,89.0,0.4333,94.0,,,0.471,96.0,0.2917,70.0,0.252,71.0,0.3222,80.0,,,0.3259,78.0
2022-05-09,0.4297,92.0,0.321,88.0,0.4887,98.0,,,0.4326,93.0,0.2919,70.0,0.2512,71.0,0.3216,80.0,,,0.3048,71.0
2022-05-06,0.3236,82.0,0.2797,82.0,0.4055,92.0,,,0.3914,88.0,0.2821,67.0,0.2485,70.0,0.3067,74.0,,,0.3035,71.0
2022-05-05,0.323,81.0,0.2784,81.0,0.3932,90.0,,,0.4096,90.0,0.2838,68.0,0.2486,70.0,0.2993,72.0,,,0.3004,69.0
2022-05-04,0.3149,80.0,0.2631,78.0,0.3542,83.0,,,0.3617,81.0,0.2822,67.0,0.248,70.0,0.2845,67.0,,,0.293,66.0
2022-05-03,0.2865,76.0,0.252,74.0,0.3821,88.0,,,0.3816,86.0,0.2796,67.0,0.2457,69.0,0.2936,70.0,,,0.3011,70.0
2022-05-02,0.4185,92.0,0.3053,86.0,0.4065,92.0,,,0.4221,92.0,0.2925,70.0,0.2506,71.0,0.2947,71.0,,,0.3128,74.0
2022-04-29,0.4065,91.0,0.3059,86.0,0.4011,91.0,,,0.3428,77.0,0.2926,70.0,0.2492,70.0,0.3026,73.0,,,0.3007,70.0
2022-04-28,0.4483,94.0,0.3035,86.0,0.3328,77.0,,,0.3633,81.0,0.2889,69.0,0.248,70.0,0.2903,69.0,,,0.2939,67.0
2022-04-27,0.485,95.0,0.3096,87.0,0.3644,86.0,,,0.3415,76.0,0.289,69.0,0.2482,70.0,0.2941,70.0,,,0.2915,66.0
2022-04-26,0.4853,95.0,0.3056,86.0,0.3796,88.0,,,0.3405,76.0,0.2887,69.0,0.2478,70.0,0.2997,72.0,,,0.293,66.0
2022-04-25,0.4852,95.0,0.3178,88.0,0.3369,79.0,,,0.3236,70.0,0.288,68.0,0.2478,70.0,0.2772,63.0,,,0.2946,67.0
2022-04-22,0.468,94.0,0.291,84.0,0.3403,80.0,,,0.3154,68.0,0.2866,68.0,0.2456,69.0,0.2927,70.0,,,0.2784,59.0
2022-04-21,0.2922,77.0,0.2428,71.0,0.2906,63.0,,,0.2728,50.0,0.2732,66.0,0.242,67.0,0.268,59.0,,,0.2676,51.0
2022-04-20,0.264,70.0,0.2238,62.0,0.2661,53.0,,,0.2615,44.0,0.2722,66.0,0.2407,67.0,0.2642,56.0,,,0.2675,51.0
2022-04-19,0.2246,57.0,0.2119,56.0,0.2778,57.0,,,0.2721,50.0,0.2731,66.0,0.2411,67.0,0.2613,54.0,,,0.2734,55.0
2022-04-18,0.1581,30.0,0.1995,49.0,0.2893,63.0,,,0.2831,55.0,0.2714,65.0,0.2413,67.0,0.2732,61.0,,,0.2825,61.0
2022-04-14,0.1784,38.0,0.2058,53.0,0.283,60.0,,,0.2749,51.0,0.2719,66.0,0.2415,67.0,0.2727,61.0,,,0.2676,51.0
2022-04-13,0.1215,15.0,0.1912,44.0,0.2705,55.0,,,0.2754,51.0,0.2706,65.0,0.2405,66.0,0.2703,60.0,,,0.282,61.0
2022-04-12,0.1101,10.0,0.2031,51.0,0.3701,87.0,,,0.293,59.0,0.2703,65.0,0.2402,66.0,0.2823,66.0,,,0.2834,62.0
2022-04-11,0.1902,44.0,0.2194,60.0,0.3108,70.0,,,0.2926,59.0,0.2714,65.0,0.2397,66.0,0.2795,64.0,,,0.28,60.0
2022-04-08,0.2184,55.0,0.2228,61.0,0.2658,53.0,,,0.2624,44.0,0.2713,65.0,0.2396,66.0,0.2774,63.0,,,0.278,57.0
2022-04-07,0.2223,57.0,0.2172,59.0,0.2471,42.0,,,0.2591,42.0,0.2723,66.0,0.2403,66.0,0.282,65.0,,,0.2796,59.0
2022-04-06,0.2369,62.0,0.22,60.0,0.235,33.0,,,0.2543,39.0,0.2725,66.0,0.2403,66.0,0.271,60.0,,,0.2812,60.0
2022-04-05,0.2579,68.0,0.2187,60.0,0.2143,20.0,,,0.2303,24.0,0.2723,66.0,0.2397,66.0,0.2682,59.0,,,0.2764,57.0
2022-04-04,0.279,74.0,0.2234,62.0,0.2396,37.0,,,0.2403,30.0,0.2742,66.0,0.2398,66.0,0.2716,61.0,,,0.2744,56.0
2022-04-01,0.2574,68.0,0.204,52.0,0.225,27.0,,,0.2284,23.0,0.2755,66.0,0.2406,67.0,0.2727,61.0,,,0.2816,61.0
2022-03-31,0.3009,78.0,0.1821,38.0,0.2716,56.0,,,0.2059,13.0,0.2735,66.0,0.2395,66.0,0.282,65.0,,,0.2657,49.0
2022-03-30,0.2637,70.0,0.1739,32.0,0.2226,25.0,,,0.2586,41.0,0.2725,66.0,0.2394,66.0,0.2653,57.0,,,0.274,56.0
2022-03-29,0.2601,69.0,0.1795,36.0,0.2362,34.0,,,0.2383,28.0,0.2732,66.0,0.2408,67.0,0.2534,48.0,,,0.268,51.0
2022-03-28,0.2567,68.0,0.1896,43.0,0.2458,41.0,,,0.2498,36.0,0.2748,66.0,0.2418,67.0,0.2537,48.0,,,0.2726,54.0
2022-03-25,0.2561,68.0,0.2042,52.0,0.2234,26.0,,,0.2503,36.0,0.2734,66.0,0.2418,67.0,0.253,48.0,,,0.276,57.0
2022-03-24,0.2465,65.0,0.2018,50.0,0.2357,34.0,,,0.261,43.0,0.273,66.0,0.2416,67.0,0.2583,52.0,,,0.2732,55.0
2022-03-23,0.2629,70.0,0.2119,56.0,0.2892,63.0,,,0.2598,42.0,0.2749,66.0,0.2427,67.0,0.2767,63.0,,,0.2592,44.0
2022-03-22,0.1881,43.0,0.2295,65.0,0.2518,45.0,,,0.2405,30.0,0.2729,66.0,0.2422,67.0,0.267,57.0,,,0.2656,49.0
2022-03-21,0.242,64.0,0.2526,75.0,0.2633,52.0,,,0.2858,56.0,0.2744,66.0,0.2424,67.0,0.2645,56.0,,,0.2701,53.0
2022-03-18,0.3272,82.0,0.2603,77.0,0.2481,43.0,,,0.2656,46.0,0.2753,66.0,0.2424,67.0,0.2675,57.0,,,0.2771,57.0
2022-03-17,0.3322,83.0,0.2585,77.0,0.2646,52.0,,,0.3251,71.0,0.2749,66.0,0.2421,67.0,0.2795,64.0,,,0.2908,65.0
2022-03-16,0.4744,95.0,0.313,87.0,0.3711,87.0,,,0.4346,93.0,0.2738,66.0,0.2413,67.0,0.2841,67.0,,,0.3043,71.0
2022-03-15,0.4398,93.0,0.3241,89.0,0.3733,87.0,,,0.4025,89.0,0.2722,66.0,0.2411,67.0,0.2947,71.0,,,0.3088,72.0
2022-03-14,0.391,90.0,0.3402,91.0,0.4374,95.0,,,0.4228,92.0,0.2705,65.0,0.2407,67.0,0.3137,77.0,,,0.3127,74.0
2022-03-11,0.4144,91.0,0.3259,89.0,0.4561,96.0,,,0.3188,69.0,0.2704,65.0,0.2397,66.0,0.3086,75.0,,,0.2952,67.0
2022-03-10,0.4645,94.0,0.3169,88.0,0.3811,88.0,,,0.3661,82.0,0.2722,66.0,0.2389,66.0,0.2968,71.0,,,0.2956,67.0
2022-03-09,0.444,93.0,0.3169,88.0,0.3979,91.0,,,0.3463,77.0,0.2688,65.0,0.2382,66.0,0.3029,73.0,,,0.2973,68.0
2022-03-08,0.4352,93.0,0.3254,89.0,0.4575,96.0,,,0.3518,79.0,0.269,65.0,0.2381,65.0,0.3052,74.0,,,0.2948,67.0
2022-03-07,0.3213,81.0,0.2883,84.0,0.3827,89.0,,,0.3725,84.0,0.2566,62.0,0.2338,64.0,0.2996,72.0,,,0.3018,70.0
2022-03-04,0.2326,60.0,0.3106,87.0,0.3087,70.0,,,0.3393,76.0,0.2539,60.0,0.2324,63.0,0.2877,68.0,,,0.2957,67.0
2022-03-03,0.3017,78.0,0.3011,85.0,0.2949,65.0,,,0.305,64.0,0.255,61.0,0.2309,62.0,0.2816,65.0,,,0.2771,57.0
2022-03-02,0.3032,79.0,0.3096,87.0,0.3176,73.0,,,0.2949,60.0,0.2548,61.0,0.2308,62.0,0.2786,64.0,,,0.2821,61.0
2022-03-01,0.3022,78.0,0.301,85.0,0.3318,77.0,,,0.3512,79.0,0.2534,60.0,0.2299,61.0,0.2823,66.0,,,0.2893,65.0
2022-02-28,0.3532,86.0,0.2986,85.0,0.2838,61.0,,,0.3206,69.0,0.2531,60.0,0.2293,61.0,0.2696,59.0,,,0.2762,57.0
2022-02-25,0.3501,85.0,0.298,85.0,0.2707,55.0,,,0.2549,39.0,0.2527,60.0,0.228,60.0,0.2772,63.0,,,0.2611,45.0
2022-02-24,0.3175,81.0,0.2745,81.0,0.308,69.0,,,0.3177,68.0,0.248,57.0,0.2258,57.0,0.2853,67.0,,,0.2838,62.0
2022-02-23,0.2996,78.0,0.248,73.0,0.335,78.0,,,0.3223,70.0,0.2464,56.0,0.2229,56.0,0.2969,71.0,,,0.2646,48.0
2022-02-22,0.29,76.0,0.243,71.0,0.3038,68.0,,,0.3045,64.0,0.2458,56.0,0.222,55.0,0.2859,67.0,,,0.2635,47.0
2022-02-18,0.2745,73.0,0.2439,71.0,0.286,62.0,,,0.2966,61.0,0.2455,56.0,0.2213,55.0,0.2883,68.0,,,0.2705,53.0
2022-02-17,0.3486,85.0,0.2853,83.0,0.4547,96.0,,,0.3637,82.0,0.2454,56.0,0.2212,55.0,0.2947,71.0,,,0.2604,45.0
2022-02-16,0.3152,80.0,0.2938,84.0,0.2603,50.0,,,0.2737,50.0,0.2424,55.0,0.2207,54.0,0.2746,62.0,,,0.2689,52.0
2022-02-15,0.3151,80.0,0.2795,82.0,0.2558,48.0,,,0.2972,61.0,0.2424,55.0,0.2195,54.0,0.2687,59.0,,,0.2689,52.0
2022-02-14,0.2851,75.0,0.2758,81.0,0.3519,83.0,,,0.3523,79.0,0.24,53.0,0.2191,53.0,0.2824,66.0,,,0.2668,50.0
2022-02-11,0.2704,72.0,0.2559,76.0,0.3348,78.0,,,0.3339,74.0,0.2471,57.0,0.2206,54.0,0.2886,68.0,,,0.2643,48.0
2022-02-10,0.2548,67.0,0.2496,73.0,0.3304,77.0,,,0.2641,46.0,0.2473,57.0,0.2201,54.0,0.2804,65.0,,,0.2611,45.0
2022-02-09,0.2021,49.0,0.235,68.0,0.2728,56.0,,,0.242,31.0,0.2467,56.0,0.2194,54.0,0.2821,65.0,,,0.2521,37.0
2022-02-08,0.1715,36.0,0.1912,44.0,0.377,88.0,,,0.3744,84.0,0.2435,55.0,0.2164,49.0,0.2838,66.0,,,0.2753,56.0
2022-02-07,0.1852,42.0,0.2029,51.0,0.3587,84.0,,,0.3628,81.0,0.2424,55.0,0.215,48.0,0.288,68.0,,,0.2773,57.0
2022-02-04,0.2255,57.0,0.2454,72.0,0.3804,88.0,,,0.3357,74.0,0.2423,54.0,0.2148,48.0,0.3024,73.0,,,0.2772,57.0
2022-02-03,0.2353,61.0,0.2724,80.0,0.3328,77.0,,,0.3644,82.0,0.2424,55.0,0.2182,52.0,0.2862,67.0,,,0.2832,62.0
2022-02-02,0.2603,69.0,0.2866,83.0,0.3372,79.0,,,0.3323,73.0,0.2426,55.0,0.2181,52.0,0.2777,64.0,,,0.2765,57.0
2022-02-01,0.2676,71.0,0.3054,86.0,0.3347,78.0,,,0.3435,77.0,0.2419,54.0,0.2176,51.0,0.2815,65.0,,,0.2792,59.0
2022-01-31,0.2658,71.0,0.3154,88.0,0.3357,78.0,,,0.3537,79.0,0.2419,54.0,0.2176,51.0,0.2817,65.0,,,0.2928,66.0
2022-01-28,0.2383,62.0,0.3517,92.0,0.3288,76.0,,,0.3845,86.0,0.2407,54.0,0.2172,51.0,0.2728,61.0,,,0.2953,67.0
2022-01-27,0.1671,34.0,0.3366,90.0,0.3601,85.0,,,0.3623,81.0,0.2388,53.0,0.2153,48.0,0.2861,67.0,,,0.2969,68.0
2022-01-26,0.173,36.0,0.3089,87.0,0.3641,86.0,,,0.3915,88.0,0.238,53.0,0.2125,46.0,0.2959,71.0,,,0.2964,68.0
2022-01-25,0.1787,39.0,0.2829,82.0,0.3831,89.0,,,0.3473,78.0,0.2373,52.0,0.2105,43.0,0.2931,70.0,,,0.2961,68.0
2022-01-24,0.215,54.0,0.287,83.0,0.3552,84.0,,,0.3527,79.0,0.2369,52.0,0.2095,43.0,0.282,65.0,,,0.2959,68.0
2022-01-21,0.3165,81.0,0.2828,82.0,0.3317,77.0,,,0.2979,61.0,0.2359,52.0,0.2074,41.0,0.283,66.0,,,0.2748,56.0
2022-01-20,0.3329,83.0,0.2827,82.0,0.3949,90.0,,,0.3414,76.0,0.2368,52.0,0.2067,40.0,0.276,63.0,,,0.2679,51.0
2022-01-19,0.3173,81.0,0.242,71.0,0.3941,90.0,,,0.2615,44.0,0.2347,52.0,0.203,37.0,0.28,64.0,,,0.2799,60.0
2022-01-18,0.3206,81.0,0.2424,71.0,0.2961,66.0,,,0.2746,51.0,0.2345,52.0,0.2023,37.0,0.2694,59.0,,,0.2712,53.0
2022-01-14,0.3077,79.0,0.2483,73.0,0.299,67.0,,,0.2506,36.0,0.2335,51.0,0.2019,37.0,0.2678,59.0,,,0.2648,49.0
2022-01-13,0.337,83.0,0.2621,78.0,0.3027,68.0,,,0.2483,35.0,0.2336,51.0,0.2019,37.0,0.2665,57.0,,,0.2591,43.0
2022-01-12,0.3079,79.0,0.2513,74.0,0.2806,59.0,,,0.2612,43.0,0.2312,49.0,0.2014,36.0,0.2641,56.0,,,0.2615,46.0
2022-01-11,0.2279,59.0,0.23,66.0,0.2627,51.0,,,0.2467,34.0,0.2291,48.0,0.2003,35.0,0.2545,49.0,,,0.269,52.0
2022-01-10,0.1851,42.0,0.2124,57.0,0.2426,39.0,,,0.2583,41.0,0.2285,47.0,0.1994,35.0,0.2532,48.0,,,0.261,45.0
2022-01-07,0.213,54.0,0.1993,49.0,0.2441,40.0,,,0.2269,22.0,0.2277,47.0,0.1985,34.0,0.2596,53.0,,,0.2606,45.0
2022-01-06,0.1998,48.0,0.1886,42.0,0.2473,42.0,,,0.2196,18.0,0.2266,46.0,0.1979,33.0,0.2524,47.0,,,0.2669,50.0
2022-01-05,0.1998,48.0,0.1714,30.0,0.2931,64.0,,,0.2046,13.0,0.2271,47.0,0.1972,33.0,0.2543,49.0,,,0.2476,34.0
2022-01-04,0.1577,30.0,0.1512,17.0,0.2464,42.0,,,0.2051,13.0,0.2238,44.0,0.1959,32.0,0.2479,44.0,,,0.2486,35.0
2022-01-03,0.2105,52.0,0.1689,28.0,0.2184,22.0,,,0.2112,15.0,0.2234,44.0,0.1952,32.0,0.2385,35.0,,,0.2428,30.0
2021-12-31,0.2108,53.0,0.1687,28.0,0.2142,20.0,,,0.1986,11.0,0.2239,44.0,0.1948,31.0,0.2372,34.0,,,0.2445,31.0
2021-12-30,0.1933,45.0,0.1867,41.0,0.2286,28.0,,,0.2193,18.0,0.2241,44.0,0.1954,32.0,0.2323,30.0,,,0.2506,36.0
2021-12-29,0.2904,77.0,0.218,59.0,0.2063,17.0,,,0.2235,20.0,0.2237,44.0,0.1951,32.0,0.2472,43.0,,,0.2575,42.0
2021-12-28,0.2782,74.0,0.2326,67.0,0.2265,28.0,,,0.2313,25.0,0.2235,44.0,0.195,31.0,0.2418,38.0,,,0.2511,37.0
2021-12-27,0.264,70.0,0.2368,69.0,0.1927,12.0,,,0.2247,21.0,0.2239,44.0,0.1952,32.0,0.2442,40.0,,,0.2508,37.0
2021-12-23,0.2602,69.0,0.2398,70.0,0.227,28.0,,,0.2078,14.0,0.2229,43.0,0.195,31.0,0.2524,47.0,,,0.2468,34.0
2021-12-22,0.2584,68.0,0.226,63.0,0.2243,26.0,,,0.2316,25.0,0.2201,42.0,0.1934,31.0,0.249,45.0,,,0.2609,45.0
2021-12-21,0.2428,64.0,0.224,62.0,0.2401,37.0,,,0.2542,39.0,0.2192,41.0,0.1931,30.0,0.2483,44.0,,,0.2605,45.0
2021-12-20,0.2125,53.0,0.2296,65.0,0.2826,60.0,,,0.2613,44.0,0.2182,41.0,0.1923,28.0,0.2524,47.0,,,0.269,52.0
2021-12-17,0.156,28.0,0.1984,48.0,0.243,39.0,,,0.2192,18.0,0.2153,38.0,0.1903,27.0,0.2522,47.0,,,0.26,44.0
2021-12-16,0.1613,32.0,0.1844,39.0,0.2495,44.0,,,0.2165,17.0,0.2153,38.0,0.1895,26.0,0.2516,47.0,,,0.2597,44.0
2021-12-15,0.1707,35.0,0.1893,43.0,0.2461,42.0,,,0.2269,22.0,0.216,39.0,0.1898,26.0,0.2496,45.0,,,0.2604,45.0
2021-12-14,0.2236,57.0,0.2004,49.0,0.3329,78.0,,,0.3067,65.0,0.2161,39.0,0.1898,26.0,0.241,37.0,,,0.2597,44.0
2021-12-13,0.1967,47.0,0.2015,50.0,0.2305,30.0,,,0.2213,19.0,0.2153,38.0,0.1892,25.0,0.2522,47.0,,,0.2593,44.0
2021-12-10,0.2164,55.0,0.2213,61.0,0.2509,45.0,,,0.2118,15.0,0.2155,38.0,0.1894,26.0,0.2483,44.0,,,0.253,38.0
2021-12-09,0.225,57.0,0.2207,60.0,0.2532,46.0,,,0.2469,34.0,0.2147,38.0,0.1883,25.0,0.2433,39.0,,,0.2544,39.0
2021-12-08,0.3542,86.0,0.2597,77.0,0.2578,49.0,,,0.2252,21.0,0.2146,37.0,0.1881,24.0,0.2474,43.0,,,0.2586,43.0
2021-12-07,0.3511,85.0,0.2599,77.0,0.2849,61.0,,,0.3053,64.0,0.2142,37.0,0.1878,24.0,0.2471,43.0,,,0.2618,46.0
2021-12-06,0.3414,84.0,0.2565,76.0,0.2924,64.0,,,0.282,55.0,0.2136,36.0,0.1873,23.0,0.2544,49.0,,,0.266,49.0
2021-12-03,0.279,74.0,0.244,71.0,0.3551,84.0,,,0.3146,67.0,0.2112,32.0,0.1864,22.0,0.2567,51.0,,,0.2776,57.0
2021-12-02,0.2794,74.0,0.2357,68.0,0.3205,74.0,,,0.292,59.0,0.2111,32.0,0.1856,21.0,0.2534,48.0,,,0.2633,47.0
2021-12-01,0.1893,44.0,0.2171,59.0,0.3461,81.0,,,0.2555,40.0,0.2091,30.0,0.1853,21.0,0.2674,57.0,,,0.2657,49.0
2021-11-30,0.196,46.0,0.1994,49.0,0.3269,76.0,,,0.2815,55.0,0.2081,28.0,0.1843,20.0,0.2563,51.0,,,0.2675,51.0
2021-11-29,0.1045,9.0,0.1538,19.0,0.2657,53.0,,,0.2485,35.0,0.2025,24.0,0.1813,16.0,0.2485,44.0,,,0.2559,41.0
2021-11-26,0.1479,26.0,0.1707,28.0,0.2964,66.0,,,0.2775,53.0,0.2027,25.0,0.1814,16.0,0.2531,48.0,,,0.2629,47.0
2021-11-24,0.1988,48.0,0.1814,37.0,0.2344,33.0,,,0.2289,23.0,0.2035,25.0,0.182,17.0,0.2368,33.0,,,0.257,42.0
2021-11-23,0.2016,49.0,0.1813,37.0,0.2367,35.0,,,0.2392,30.0,0.2044,26.0,0.1824,18.0,0.252,47.0,,,0.2377,25.0
2021-11-22,0.1983,47.0,0.1844,39.0,0.2519,45.0,,,0.2449,33.0,0.204,26.0,0.1824,18.0,0.2502,45.0,,,0.2448,32.0
2021-11-19,0.1845,41.0,0.1844,39.0,0.2274,28.0,,,0.2364,28.0,0.2046,26.0,0.1827,18.0,0.2558,50.0,,,0.2343,23.0
2021-11-18,0.1957,46.0,0.1909,44.0,0.2167,22.0,,,0.3865,87.0,0.2054,27.0,0.1834,19.0,0.2427,39.0,,,0.2393,27.0
2021-11-17,0.1924,45.0,0.1873,41.0,0.2226,25.0,,,0.2365,28.0,0.2051,26.0,0.1828,18.0,0.2467,42.0,,,0.242,28.0
2021-11-16,0.1692,35.0,0.1818,37.0,0.2687,54.0,,,0.2339,26.0,0.2028,25.0,0.1817,16.0,0.2444,40.0,,,0.2333,22.0
2021-11-15,0.1585,31.0,0.1803,36.0,0.2327,32.0,,,0.2658,47.0,0.2018,24.0,0.1817,16.0,0.247,43.0,,,0.2399,27.0
2021-11-12,0.1663,34.0,0.1935,45.0,0.2309,30.0,,,0.2151,16.0,0.2018,24.0,0.1818,17.0,0.2447,41.0,,,0.2408,28.0
2021-11-11,0.436,93.0,0.2828,82.0,0.2516,45.0,,,0.2087,14.0,0.2081,28.0,0.1833,19.0,0.2509,46.0,,,0.2395,27.0
2021-11-10,0.4381,93.0,0.2802,82.0,0.2159,21.0,,,0.2682,48.0,0.2082,28.0,0.1832,19.0,0.2498,45.0,,,0.2415,28.0
2021-11-09,0.4327,93.0,0.2735,81.0,0.2649,53.0,,,0.2622,44.0,0.2078,28.0,0.1828,18.0,0.247,43.0,,,0.2406,28.0
2021-11-08,0.4341,93.0,0.274,81.0,0.21,19.0,,,0.2065,13.0,0.2079,28.0,0.1825,18.0,0.2443,40.0,,,0.2415,28.0
2021-11-05,0.3993,90.0,0.2659,79.0,0.2345,33.0,,,0.2425,31.0,0.2054,27.0,0.1817,16.0,0.2431,39.0,,,0.2307,20.0
2021-11-04,0.387,89.0,0.2604,77.0,0.2334,32.0,,,0.2222,20.0,0.2111,32.0,0.1824,18.0,0.2392,35.0,,,0.2439,31.0
2021-11-03,0.3886,89.0,0.2498,74.0,0.2405,37.0,,,0.2125,15.0,0.2122,34.0,0.1818,17.0,0.2494,45.0,,,0.2354,24.0
2021-11-02,0.1131,11.0,0.1345,9.0,0.3109,70.0,,,0.2904,57.0,0.1948,20.0,0.1754,10.0,0.2423,38.0,,,0.2475,34.0
2021-11-01,0.1343,20.0,0.1412,12.0,0.2832,60.0,,,0.253,38.0,0.1949,20.0,0.1758,11.0,0.2461,42.0,,,0.2389,27.0
2021-10-29,0.2001,48.0,0.1801,36.0,0.2853,61.0,,,0.2574,41.0,0.1946,20.0,0.1758,11.0,0.2348,32.0,,,0.2505,36.0
2021-10-28,0.2071,51.0,0.1913,44.0,0.2519,45.0,,,0.2454,33.0,0.1955,20.0,0.1751,10.0,0.2353,32.0,,,0.2466,34.0
2021-10-27,0.222,57.0,0.1983,48.0,0.2531,46.0,,,0.252,37.0,0.1957,21.0,0.175,10.0,0.2304,28.0,,,0.244,31.0
2021-10-26,0.2034,50.0,0.1957,47.0,0.2565,48.0,,,0.2476,34.0,0.1952,20.0,0.175,10.0,0.2282,27.0,,,0.2393,27.0
2021-10-25,0.1995,48.0,0.1949,46.0,0.2389,36.0,,,0.2516,37.0,0.1957,21.0,0.1754,10.0,0.2226,23.0,,,0.2413,28.0
2021-10-22,0.204,50.0,0.1976,48.0,0.2416,38.0,,,0.2369,28.0,0.1962,21.0,0.176,11.0,0.2246,25.0,,,0.2386,26.0
2021-10-21,0.2027,49.0,0.2008,50.0,0.2301,30.0,,,0.2359,27.0,0.1958,21.0,0.1751,10.0,0.2223,23.0,,,0.2378,26.0
2021-10-20,0.203,50.0,0.1947,46.0,0.2249,27.0,,,0.2227,20.0,0.1941,19.0,0.1731,9.0,0.2265,26.0,,,0.2426,30.0
2021-10-19,0.1995,48.0,0.1769,34.0,0.2282,28.0,,,0.2269,22.0,0.1943,19.0,0.172,9.0,0.2293,28.0,,,0.239,27.0
2021-10-18,0.1853,42.0,0.164,25.0,0.2304,30.0,,,0.1996,11.0,0.1934,19.0,0.1727,9.0,0.2297,28.0,,,0.2365,24.0
2021-10-15,0.1967,47.0,0.1745,32.0,0.219,23.0,,,0.2014,12.0,0.193,19.0,0.1723,9.0,0.2307,28.0,,,0.2379,26.0
2021-10-14,0.2086,52.0,0.2125,57.0,0.2283,28.0,,,0.3209,69.0,0.194,19.0,0.1731,9.0,0.2273,27.0,,,0.241,28.0
2021-10-13,0.2019,49.0,0.2163,57.0,0.2248,26.0,,,0.2342,27.0,0.1924,19.0,0.1731,9.0,0.2212,22.0,,,0.2406,28.0
2021-10-12,0.2267,57.0,0.2192,60.0,0.2263,27.0,,,0.2522,38.0,0.192,18.0,0.1722,9.0,0.2405,37.0,,,0.238,26.0
2021-10-11,0.1677,34.0,0.2274,64.0,0.2299,30.0,,,0.2213,19.0,0.1909,18.0,0.1708,9.0,0.2391,35.0,,,0.2481,35.0
2021-10-08,0.2698,72.0,0.2471,72.0,0.1923,12.0,,,0.1502,3.0,0.1909,18.0,0.1708,9.0,0.2335,31.0,,,0.2374,25.0
2021-10-07,0.2804,74.0,0.2564,76.0,0.2138,20.0,,,0.2377,28.0,0.1909,18.0,0.1712,9.0,0.2188,21.0,,,0.2482,35.0
2021-10-06,0.28,74.0,0.2551,75.0,0.2693,55.0,,,0.2521,37.0,0.1886,17.0,0.1715,9.0,0.2246,25.0,,,0.2465,33.0
2021-10-05,0.2501,66.0,0.2443,71.0,0.2001,15.0,,,0.1961,10.0,0.1863,16.0,0.1684,8.0,0.2209,22.0,,,0.2386,26.0
2021-10-04,0.2317,60.0,0.2364,69.0,0.2416,38.0,,,0.2368,28.0,0.1862,16.0,0.1684,8.0,0.2416,38.0,,,0.2455,32.0
2021-10-01,0.2978,78.0,0.2367,69.0,0.2192,23.0,,,0.2307,24.0,0.1884,16.0,0.1686,8.0,0.2314,30.0,,,0.231,21.0
2021-09-30,0.2998,78.0,0.2142,57.0,0.2986,67.0,,,0.2271,22.0,0.1872,16.0,0.1666,7.0,0.2431,39.0,,,0.2314,21.0
2021-09-29,0.2721,72.0,0.1967,47.0,0.2206,24.0,,,0.2374,28.0,0.1843,15.0,0.1649,7.0,0.2399,36.0,,,0.2348,23.0
2021-09-28,0.2775,73.0,0.1925,45.0,0.2549,47.0,,,0.2366,28.0,0.1848,15.0,0.1648,7.0,0.2361,33.0,,,0.2407,28.0
2021-09-27,0.2473,65.0,0.19,43.0,0.1978,14.0,,,0.1927,9.0,0.1833,14.0,0.1663,7.0,0.2195,21.0,,,0.235,23.0
2021-09-24,0.1843,41.0,0.1663,26.0,0.2145,21.0,,,0.1928,9.0,0.1798,11.0,0.1649,7.0,0.2095,16.0,,,0.2195,14.0
2021-09-23,0.1893,44.0,0.1786,35.0,0.1987,14.0,,,0.2028,12.0,0.1812,12.0,0.1653,7.0,0.2186,20.0,,,0.2288,19.0
2021-09-22,0.2137,54.0,0.1828,38.0,0.2152,21.0,,,0.2168,17.0,0.179,11.0,0.1656,7.0,0.2267,26.0,,,0.2347,23.0
2021-09-21,0.1932,45.0,0.1791,35.0,0.2188,23.0,,,0.2131,16.0,0.1787,11.0,0.1663,7.0,0.2311,28.0,,,0.2407,28.0
2021-09-20,0.221,56.0,0.1811,37.0,0.2347,33.0,,,0.2413,31.0,0.18,12.0,0.1674,8.0,0.2318,30.0,,,0.2456,32.0
2021-09-17,0.2336,61.0,0.188,42.0,0.222,25.0,,,0.1987,11.0,0.1795,11.0,0.168,8.0,0.2288,28.0,,,0.2259,18.0
2021-09-16,0.2445,64.0,0.181,37.0,0.2193,23.0,,,0.2063,13.0,0.1796,11.0,0.167,8.0,0.2223,23.0,,,0.2253,17.0
2021-09-15,0.2632,70.0,0.1844,39.0,0.2125,20.0,,,0.1968,11.0,0.1797,11.0,0.1671,8.0,0.2313,30.0,,,0.2201,14.0
2021-09-14,0.2625,70.0,0.1789,35.0,0.2478,43.0,,,0.1974,11.0,0.1795,11.0,0.1666,7.0,0.2159,19.0,,,0.2275,19.0
2021-09-13,0.1867,42.0,0.1607,23.0,0.1824,9.0,,,0.1801,7.0,0.1757,9.0,0.1657,7.0,0.2214,23.0,,,0.2365,24.0
2021-09-10,0.2035,50.0,0.1622,24.0,0.1951,13.0,,,0.1803,7.0,0.1757,9.0,0.1654,7.0,0.2231,24.0,,,0.2132,11.0
2021-09-09,0.1834,41.0,0.1491,16.0,0.2204,24.0,,,0.1992,11.0,0.174,9.0,0.1655,7.0,0.2239,24.0,,,0.2208,15.0
2021-09-08,0.1448,25.0,0.1316,8.0,0.2125,20.0,,,0.1619,4.0,0.1733,9.0,0.1648,7.0,0.2228,24.0,,,0.2318,21.0
2021-09-07,0.1333,20.0,0.1403,12.0,0.203,16.0,,,0.2321,25.0,0.1737,9.0,0.1669,7.0,0.2299,28.0,,,0.2226,16.0
2021-09-03,0.1332,20.0,0.1386,11.0,0.1621,5.0,,,0.1767,6.0,0.1722,8.0,0.1667,7.0,0.2213,22.0,,,0.2227,16.0
2021-09-02,0.142,24.0,0.1398,11.0,0.1474,3.0,,,0.1728,5.0,0.1722,8.0,0.1672,8.0,0.2212,22.0,,,0.2234,16.0
2021-09-01,0.1419,24.0,0.1466,15.0,0.2367,35.0,,,0.1699,5.0,0.1791,11.0,0.169,8.0,0.2216,23.0,,,0.2257,17.0
2021-08-31,0.143,24.0,0.1452,14.0,0.1889,11.0,,,0.2051,13.0,0.183,14.0,0.1705,9.0,0.2304,28.0,,,0.2218,15.0
2021-08-30,0.1425,24.0,0.1469,15.0,0.1853,10.0,,,0.1966,10.0,0.1888,17.0,0.1724,9.0,0.2292,28.0,,,0.228,19.0
2021-08-27,0.1421,24.0,0.1511,17.0,0.1944,13.0,,,0.2092,14.0,0.1888,17.0,0.1752,10.0,0.2248,25.0,,,0.2247,17.0
2021-08-26,0.277,73.0,0.2071,54.0,0.2106,19.0,,,0.2126,15.0,0.1959,21.0,0.1779,12.0,0.2261,26.0,,,0.2325,22.0
2021-08-25,0.3098,80.0,0.2099,55.0,0.1764,8.0,,,0.2143,16.0,0.1944,20.0,0.1773,12.0,0.2192,21.0,,,0.2197,14.0
2021-08-24,0.3163,80.0,0.2119,56.0,0.1903,11.0,,,0.1984,11.0,0.1951,20.0,0.1776,12.0,0.2331,31.0,,,0.2208,15.0
2021-08-23,0.3173,81.0,0.2088,54.0,0.184,10.0,,,0.2124,15.0,0.1955,20.0,0.1782,13.0,0.2312,28.0,,,0.2214,15.0
2021-08-20,0.3172,81.0,0.2044,52.0,0.1938,12.0,,,0.1903,9.0,0.1951,20.0,0.1783,13.0,0.2306,28.0,,,0.2339,22.0
2021-08-19,0.3172,81.0,0.2042,52.0,0.2006,15.0,,,0.2627,45.0,0.1951,20.0,0.1785,13.0,0.2364,33.0,,,0.2365,24.0
2021-08-18,0.3252,82.0,0.2621,78.0,0.3197,74.0,,,0.2124,15.0,0.1956,21.0,0.1789,13.0,0.2387,35.0,,,0.2205,14.0
2021-08-17,0.1342,20.0,0.2154,57.0,0.2166,21.0,,,0.2311,24.0,0.1868,16.0,0.1766,11.0,0.2201,22.0,,,0.2261,18.0
2021-08-16,0.1096,10.0,0.2075,54.0,0.2026,16.0,,,0.224,20.0,0.1875,16.0,0.177,11.0,0.2318,30.0,,,0.2257,17.0
2021-08-13,0.0944,6.0,0.2032,51.0,0.1927,12.0,,,0.1775,6.0,0.1885,17.0,0.1775,12.0,0.2194,21.0,,,0.2215,15.0
2021-08-12,0.1206,14.0,0.2073,54.0,0.2182,22.0,,,0.1694,5.0,0.1893,17.0,0.178,12.0,0.2293,28.0,,,0.2164,12.0
2021-08-11,0.1207,14.0,0.2091,55.0,0.1983,14.0,,,0.1936,10.0,0.1894,17.0,0.1775,12.0,0.228,27.0,,,0.2292,20.0
2021-08-10,0.1215,15.0,0.2076,54.0,0.2228,25.0,,,0.1778,6.0,0.1894,17.0,0.1782,13.0,0.2349,32.0,,,0.222,15.0
2021-08-09,0.0974,7.0,0.1274,7.0,0.2879,62.0,,,0.3496,78.0,0.189,17.0,0.1731,9.0,0.2207,22.0,,,0.2295,20.0
2021-08-06,0.1162,13.0,0.1299,7.0,0.2653,53.0,,,0.2749,51.0,0.1887,17.0,0.1732,9.0,0.2135,18.0,,,0.2223,16.0
2021-08-05,0.1173,13.0,0.1272,6.0,0.2715,56.0,,,0.2581,41.0,0.189,17.0,0.1739,10.0,0.2179,20.0,,,0.2306,20.0
2021-08-04,0.1389,22.0,0.1318,8.0,0.2698,55.0,,,0.2741,51.0,0.1888,17.0,0.1743,10.0,0.2168,20.0,,,0.2321,21.0
2021-08-03,0.1098,10.0,0.1338,9.0,0.2282,28.0,,,0.2426,31.0,0.1891,17.0,0.1751,10.0,0.2149,19.0,,,0.225,17.0
2021-08-02,0.1109,11.0,0.13,8.0,0.2489,44.0,,,0.2568,40.0,0.1901,17.0,0.1764,11.0,0.2171,20.0,,,0.2286,19.0
2021-07-30,0.1164,13.0,0.1324,8.0,0.2535,47.0,,,0.2582,41.0,0.2008,23.0,0.1857,22.0,0.2115,17.0,,,0.2163,12.0
2021-07-29,0.1169,13.0,0.1312,8.0,0.2397,37.0,,,0.2296,23.0,0.2036,25.0,0.1874,23.0,0.2078,16.0,,,0.2218,15.0
2021-07-28,0.1415,23.0,0.1528,18.0,0.2176,22.0,,,0.264,45.0,0.2032,25.0,0.1885,25.0,0.2198,21.0,,,0.2255,17.0
2021-07-27,0.1947,46.0,0.1701,28.0,0.2277,28.0,,,0.2246,21.0,0.2057,27.0,0.1904,27.0,0.2094,16.0,,,0.2219,15.0
2021-07-26,0.1822,40.0,0.1652,26.0,0.2249,27.0,,,0.2303,24.0,0.205,26.0,0.1919,28.0,0.2186,20.0,,,0.2268,18.0
2021-07-23,0.1888,43.0,0.1645,25.0,0.2287,28.0,,,0.2168,17.0,0.205,26.0,0.1922,28.0,0.2097,16.0,,,0.227,19.0
2021-07-22,0.1928,45.0,0.1664,26.0,0.241,38.0,,,0.2354,27.0,0.2059,27.0,0.193,30.0,0.2097,16.0,,,0.2296,20.0
2021-07-21,0.1942,46.0,0.1678,27.0,0.2262,27.0,,,0.2335,26.0,0.2057,27.0,0.1931,30.0,0.213,18.0,,,0.2288,19.0
2021-07-20,0.1863,42.0,0.1621,24.0,0.2409,37.0,,,0.2518,37.0,0.2055,27.0,0.193,30.0,0.2166,20.0,,,0.2263,18.0
2021-07-19,0.1134,12.0,0.1408,12.0,0.2607,50.0,,,0.2649,46.0,0.204,26.0,0.1923,28.0,0.2217,23.0,,,0.2306,20.0
2021-07-16,0.0884,5.0,0.1192,5.0,0.215,21.0,,,0.2071,14.0,0.2026,24.0,0.1924,28.0,0.2081,16.0,,,0.2163,12.0
2021-07-15,0.1219,15.0,0.1305,8.0,0.2207,24.0,,,0.225,21.0,0.205,26.0,0.1942,31.0,0.2058,15.0,,,0.2222,16.0
2021-07-14,0.1263,16.0,0.1257,6.0,0.2181,22.0,,,0.2347,27.0,0.2091,30.0,0.1957,32.0,0.2082,16.0,,,0.2093,10.0
2021-07-13,0.1275,17.0,0.1233,5.0,0.2361,34.0,,,0.2127,15.0,0.2116,33.0,0.1989,34.0,0.216,19.0,,,0.2188,14.0
2021-07-12,0.1272,17.0,0.125,6.0,0.242,38.0,,,0.2202,19.0,0.2115,32.0,0.1995,35.0,0.2121,17.0,,,0.2113,11.0
2021-07-09,0.1252,16.0,0.1286,7.0,0.2164,21.0,,,0.172,5.0,0.2204,42.0,0.2048,38.0,0.2209,22.0,,,0.2337,22.0
2021-07-08,0.1309,18.0,0.1274,7.0,0.2127,20.0,,,0.187,8.0,0.2211,42.0,0.2052,39.0,0.2164,19.0,,,0.2308,21.0
2021-07-07,0.0992,7.0,0.129,7.0,0.2157,21.0,,,0.2041,13.0,0.2216,42.0,0.2062,39.0,0.2103,17.0,,,0.2312,21.0
2021-07-06,0.1012,8.0,0.1175,4.0,0.2279,28.0,,,0.203,12.0,0.2233,44.0,0.2068,40.0,0.2051,15.0,,,0.2308,21.0
2021-07-02,0.1224,15.0,0.1206,5.0,0.1538,4.0,,,0.1512,3.0,0.2245,45.0,0.2086,42.0,0.2031,14.0,,,0.2273,19.0
2021-07-01,0.1233,15.0,0.1293,7.0,0.14,2.0,,,0.1564,3.0,0.2257,46.0,0.21,43.0,0.2053,15.0,,,0.2344,23.0
2021-06-30,0.133,20.0,0.1372,10.0,0.1382,2.0,,,0.2093,14.0,0.2253,45.0,0.2116,45.0,0.2026,14.0,,,0.2267,18.0
2021-06-29,0.1363,21.0,0.1478,16.0,0.1803,9.0,,,0.1986,11.0,0.2265,46.0,0.2125,46.0,0.2099,16.0,,,0.2141,12.0
2021-06-28,0.1424,24.0,0.1508,17.0,0.1839,9.0,,,0.1834,7.0,0.2264,46.0,0.2125,46.0,0.2177,20.0,,,0.2233,16.0
2021-06-25,0.1415,23.0,0.1583,21.0,0.1725,7.0,,,0.1981,11.0,0.2265,46.0,0.2129,46.0,0.2106,17.0,,,0.2212,15.0
2021-06-24,0.132,19.0,0.1591,22.0,0.1812,9.0,,,0.1671,4.0,0.2258,46.0,0.2132,46.0,0.2203,22.0,,,0.2294,20.0
2021-06-23,0.1134,12.0,0.1569,21.0,0.1928,12.0,,,0.1879,8.0,0.226,46.0,0.2131,46.0,0.2041,14.0,,,0.2263,18.0
2021-06-22,0.1188,13.0,0.1498,17.0,0.198,14.0,,,0.1939,10.0,0.2262,46.0,0.213,46.0,0.2101,17.0,,,0.2145,12.0
2021-06-21,0.0891,5.0,0.1399,11.0,0.1933,12.0,,,0.1695,5.0,0.2256,45.0,0.2128,46.0,0.2145,19.0,,,0.2319,21.0
2021-06-18,0.1001,8.0,0.1343,9.0,0.204,16.0,,,0.1866,8.0,0.2252,45.0,0.2148,48.0,0.2227,23.0,,,0.2101,10.0
2021-06-17,0.0861,5.0,0.1289,7.0,0.1948,13.0,,,0.1887,8.0,0.2256,45.0,0.2145,48.0,0.2177,20.0,,,0.2326,22.0
2021-06-16,0.0918,6.0,0.1471,15.0,0.2333,32.0,,,0.2346,27.0,0.2255,45.0,0.2145,48.0,0.2255,25.0,,,0.2261,18.0
2021-06-15,0.0931,6.0,0.1494,17.0,0.2066,17.0,,,0.2749,51.0,0.2312,49.0,0.2167,50.0,0.2166,20.0,,,0.2266,18.0
2021-06-14,0.1262,16.0,0.1524,18.0,0.1934,12.0,,,0.2607,43.0,0.2316,50.0,0.2172,51.0,0.2226,23.0,,,0.2241,16.0
2021-06-11,0.1426,24.0,0.1617,23.0,0.2688,55.0,,,0.2146,16.0,0.2316,50.0,0.2176,51.0,0.2129,18.0,,,0.2293,20.0
2021-06-10,0.1489,27.0,0.1753,33.0,0.1715,7.0,,,0.2133,16.0,0.2332,51.0,0.2185,53.0,0.2204,22.0,,,0.2354,24.0
2021-06-09,0.182,40.0,0.1822,38.0,0.1379,2.0,,,0.1785,7.0,0.2327,50.0,0.2185,53.0,0.2222,23.0,,,0.2357,24.0
2021-06-08,0.1813,40.0,0.186,40.0,0.1754,7.0,,,0.2141,16.0,0.2328,50.0,0.2188,53.0,0.2276,27.0,,,0.2308,21.0
2021-06-07,0.2051,50.0,0.1752,33.0,0.2028,16.0,,,0.2016,12.0,0.2327,50.0,0.2184,53.0,0.2334,31.0,,,0.2392,27.0
2021-06-04,0.2232,57.0,0.1847,39.0,0.1788,8.0,,,0.194,10.0,0.2368,52.0,0.2206,54.0,0.2205,22.0,,,0.2297,20.0
2021-06-03,0.1946,46.0,0.1813,37.0,0.2123,19.0,,,0.1743,6.0,0.2353,52.0,0.2203,54.0,0.2223,23.0,,,0.2408,28.0
2021-06-02,0.1905,44.0,0.1758,33.0,0.2017,15.0,,,0.2288,23.0,0.2352,52.0,0.2204,54.0,0.227,26.0,,,0.2353,24.0
2021-06-01,0.1714,36.0,0.1765,34.0,0.2038,16.0,,,0.2046,13.0,0.2344,51.0,0.2199,54.0,0.227,26.0,,,0.2387,26.0
2021-05-28,0.1482,26.0,0.1695,28.0,0.193,12.0,,,0.2169,17.0,0.2337,51.0,0.2192,54.0,0.2352,32.0,,,0.2319,21.0
2021-05-27,0.26,69.0,0.1991,49.0,0.1925,12.0,,,0.1519,3.0,0.2342,51.0,0.2194,54.0,0.2365,33.0,,,0.2394,27.0
2021-05-26,0.2474,65.0,0.1919,44.0,0.1929,12.0,,,0.2083,14.0,0.2339,51.0,0.2193,54.0,0.2397,36.0,,,0.236,24.0
2021-05-25,0.2197,56.0,0.1807,36.0,0.1795,8.0,,,0.1992,11.0,0.2332,51.0,0.2188,53.0,0.2414,38.0,,,0.2334,22.0
2021-05-24,0.2034,50.0,0.1828,38.0,0.2087,18.0,,,0.2018,12.0,0.2333,51.0,0.2192,54.0,0.2306,28.0,,,0.2259,18.0
2021-05-21,0.2174,55.0,0.1815,37.0,0.2013,15.0,,,0.2246,21.0,0.2382,53.0,0.2221,55.0,0.2391,35.0,,,0.2385,26.0
2021-05-20,0.2586,69.0,0.1928,45.0,0.253,46.0,,,0.2117,15.0,0.2383,53.0,0.2217,55.0,0.2472,43.0,,,0.2456,32.0
2021-05-19,0.2479,65.0,0.1946,46.0,0.2591,50.0,,,0.3118,67.0,0.2392,53.0,0.2222,55.0,0.2541,49.0,,,0.2446,31.0
2021-05-18,0.2071,51.0,0.1731,31.0,0.3536,83.0,,,0.4395,94.0,0.2354,52.0,0.2212,55.0,0.2489,44.0,,,0.2557,41.0
2021-05-17,0.2267,57.0,0.177,34.0,0.3901,90.0,,,0.4112,91.0,0.2356,52.0,0.2215,55.0,0.2342,32.0,,,0.2513,37.0
2021-05-14,0.2414,63.0,0.1744,32.0,0.3652,86.0,,,0.3784,85.0,0.2363,52.0,0.2221,55.0,0.2337,31.0,,,0.2547,40.0
2021-05-13,0.2419,64.0,0.1758,33.0,0.4123,92.0,,,0.3653,82.0,0.2375,52.0,0.2226,56.0,0.2412,37.0,,,0.2573,42.0
2021-05-12,0.2186,55.0,0.1682,28.0,0.3569,84.0,,,0.3511,79.0,0.2376,53.0,0.223,56.0,0.2485,44.0,,,0.2637,47.0
2021-05-11,0.1826,40.0,0.1444,14.0,0.3625,85.0,,,0.3299,72.0,0.2323,50.0,0.2221,55.0,0.234,31.0,,,0.2476,34.0
2021-05-10,0.1728,36.0,0.1551,20.0,0.3295,77.0,,,0.2837,56.0,0.2311,49.0,0.2237,56.0,0.2342,32.0,,,0.2413,28.0
2021-05-07,0.1537,28.0,0.1362,10.0,0.2634,52.0,,,0.2713,49.0,0.2382,53.0,0.2239,57.0,0.2395,36.0,,,0.2354,24.0
2021-05-06,0.1549,28.0,0.1264,6.0,0.283,60.0,,,0.3343,74.0,0.2388,53.0,0.2241,57.0,0.2196,21.0,,,0.2474,34.0
2021-05-05,0.1794,39.0,0.1263,6.0,0.2968,66.0,,,0.2975,61.0,0.239,53.0,0.2241,57.0,0.2343,32.0,,,0.2405,28.0
2021-05-04,0.1844,41.0,0.1313,8.0,0.3271,76.0,,,0.3044,64.0,0.2383,53.0,0.2256,57.0,0.2298,28.0,,,0.2464,33.0
2021-05-03,0.1958,46.0,0.148,16.0,0.2597,50.0,,,0.2729,50.0,0.2419,54.0,0.2329,64.0,0.2337,31.0,,,0.2433,30.0
2021-04-30,0.1806,39.0,0.1465,15.0,0.2825,60.0,,,0.2949,60.0,0.2437,55.0,0.2337,64.0,0.2271,27.0,,,0.2522,38.0
2021-04-29,0.1918,45.0,0.1429,13.0,0.2613,51.0,,,0.2666,47.0,0.2431,55.0,0.2348,64.0,0.2272,27.0,,,0.2504,36.0
2021-04-28,0.185,42.0,0.1456,14.0,0.2807,59.0,,,0.248,35.0,0.2433,55.0,0.2353,64.0,0.223,24.0,,,0.2413,28.0
2021-04-27,0.1744,37.0,0.1491,16.0,0.2337,33.0,,,0.2545,39.0,0.2491,57.0,0.2363,65.0,0.2362,33.0,,,0.2433,30.0
2021-04-26,0.085,4.0,0.1531,18.0,0.2461,42.0,,,0.2536,38.0,0.2476,57.0,0.2366,65.0,0.2251,25.0,,,0.2413,28.0
2021-04-23,0.0861,5.0,0.1551,20.0,0.2453,41.0,,,0.2602,43.0,0.2475,57.0,0.2367,65.0,0.2213,22.0,,,0.2349,23.0
2021-04-22,0.0824,4.0,0.146,15.0,0.2551,47.0,,,0.2377,28.0,0.2471,57.0,0.2365,65.0,0.2257,25.0,,,0.2409,28.0
2021-04-21,0.0689,2.0,0.1485,16.0,0.2474,43.0,,,0.2667,47.0,0.2478,57.0,0.2366,65.0,0.2219,23.0,,,0.2381,26.0
2021-04-20,0.0511,1.0,0.142,13.0,0.2497,44.0,,,0.2876,57.0,0.247,56.0,0.2363,65.0,0.2216,23.0,,,0.2435,30.0
2021-04-19,0.0478,1.0,0.1468,15.0,0.2646,52.0,,,0.2605,43.0,0.247,56.0,0.2364,65.0,0.2209,22.0,,,0.2436,31.0
2021-04-16,0.0907,6.0,0.1619,23.0,0.2492,44.0,,,0.2416,31.0,0.2478,57.0,0.2375,65.0,0.2296,28.0,,,0.2439,31.0
2021-04-15,0.1231,15.0,0.1632,24.0,0.3379,79.0,,,0.236,28.0,0.2479,57.0,0.2376,65.0,0.2309,28.0,,,0.2396,27.0
2021-04-14,0.155,28.0,0.1619,23.0,0.2211,24.0,,,0.2548,39.0,0.2475,57.0,0.238,65.0,0.2307,28.0,,,0.242,28.0
2021-04-13,0.1582,31.0,0.1664,26.0,0.2024,15.0,,,0.2541,39.0,0.2473,57.0,0.2387,66.0,0.2305,28.0,,,0.2413,28.0
2021-04-12,0.1655,33.0,0.1947,46.0,0.2525,46.0,,,0.2361,28.0,0.2491,57.0,0.2389,66.0,0.2216,23.0,,,0.2459,33.0
2021-04-09,0.1683,34.0,0.197,47.0,0.1936,12.0,,,0.2229,20.0,0.2501,57.0,0.2395,66.0,0.2195,21.0,,,0.2589,43.0
2021-04-08,0.2109,53.0,0.1948,46.0,0.1771,8.0,,,0.2488,35.0,0.2503,57.0,0.2393,66.0,0.237,34.0,,,0.2605,45.0
2021-04-07,0.1706,35.0,0.1963,47.0,0.2198,23.0,,,0.2533,38.0,0.2486,57.0,0.2386,66.0,0.247,43.0,,,0.2639,48.0
2021-04-06,0.1885,43.0,0.2011,50.0,0.2394,37.0,,,0.2184,18.0,0.2507,59.0,0.2392,66.0,0.2669,57.0,,,0.2464,33.0
2021-04-05,0.1898,44.0,0.2231,62.0,0.2344,33.0,,,0.2559,40.0,0.2553,61.0,0.2427,67.0,0.247,43.0,,,0.2609,45.0
2021-04-01,0.1876,43.0,0.2289,65.0,0.2373,35.0,,,0.2313,25.0,0.2552,61.0,0.2422,67.0,0.2402,36.0,,,0.2517,37.0
2021-03-31,0.1809,40.0,0.2002,49.0,0.2566,48.0,,,0.2309,24.0,0.2548,61.0,0.241,67.0,0.2463,42.0,,,0.2606,45.0
2021-03-30,0.1853,42.0,0.2021,50.0,0.2275,28.0,,,0.2388,28.0,0.2551,61.0,0.2422,67.0,0.2511,46.0,,,0.2542,39.0
2021-03-29,0.1469,26.0,0.1985,48.0,0.2352,33.0,,,0.2661,47.0,0.2556,61.0,0.2428,67.0,0.26,53.0,,,0.2612,45.0
2021-03-26,0.1372,22.0,0.1844,39.0,0.231,31.0,,,0.2506,36.0,0.2556,61.0,0.2423,67.0,0.2407,37.0,,,0.2675,51.0
2021-03-25,0.12,14.0,0.1746,32.0,0.2358,34.0,,,0.2233,20.0,0.2558,61.0,0.2422,67.0,0.2433,39.0,,,0.255,40.0
2021-03-24,0.0763,3.0,0.1467,15.0,0.2474,43.0,,,0.2679,48.0,0.2559,62.0,0.2421,67.0,0.247,43.0,,,0.2591,43.0
2021-03-23,0.109,10.0,0.1411,12.0,0.2226,25.0,,,0.2403,30.0,0.2557,61.0,0.2422,67.0,0.2396,36.0,,,0.2596,44.0
2021-03-22,0.1232,15.0,0.1796,36.0,0.1991,14.0,,,0.2079,14.0,0.2581,63.0,0.2434,68.0,0.2386,35.0,,,0.2564,41.0
2021-03-19,0.1132,12.0,0.1769,34.0,0.2414,38.0,,,0.2326,26.0,0.2589,63.0,0.2447,68.0,0.2621,54.0,,,0.2633,47.0
2021-03-18,0.1092,10.0,0.1782,35.0,0.2456,41.0,,,0.2583,41.0,0.2608,64.0,0.2459,69.0,0.2652,57.0,,,0.2744,56.0
2021-03-17,0.2008,48.0,0.2047,52.0,0.1945,13.0,,,0.2597,42.0,0.2634,64.0,0.2469,69.0,0.2753,63.0,,,0.2811,60.0
2021-03-16,0.2988,78.0,0.2386,69.0,0.2701,55.0,,,0.3079,65.0,0.2636,64.0,0.2475,70.0,0.2561,50.0,,,0.2797,59.0
2021-03-15,0.329,82.0,0.2584,77.0,0.2449,40.0,,,0.2506,36.0,0.2636,64.0,0.2475,70.0,0.2587,52.0,,,0.274,56.0
2021-03-12,0.3397,84.0,0.2833,83.0,0.2635,52.0,,,0.2941,60.0,0.2632,64.0,0.2475,70.0,0.2731,61.0,,,0.2816,61.0
2021-03-11,0.4309,92.0,0.288,84.0,0.2901,63.0,,,0.2728,50.0,0.266,65.0,0.2468,69.0,0.2739,62.0,,,0.2892,65.0
2021-03-10,0.4292,92.0,0.2896,84.0,0.2551,47.0,,,0.2845,56.0,0.2657,65.0,0.247,69.0,0.2706,60.0,,,0.2923,66.0
2021-03-09,0.4387,93.0,0.2943,85.0,0.292,64.0,,,0.2813,55.0,0.2658,65.0,0.2476,70.0,0.2876,68.0,,,0.2997,69.0
2021-03-08,0.3809,89.0,0.2854,83.0,0.3376,79.0,,,0.3127,67.0,0.2632,64.0,0.2469,69.0,0.2942,70.0,,,0.2852,63.0
2021-03-05,0.3379,83.0,0.2628,78.0,0.251,45.0,,,0.2736,50.0,0.2606,63.0,0.2458,69.0,0.2658,57.0,,,0.2958,68.0
2021-03-04,0.2598,69.0,0.244,71.0,0.2944,65.0,,,0.242,31.0,0.2571,62.0,0.246,69.0,0.2925,69.0,,,0.2825,61.0
2021-03-03,0.2634,70.0,0.214,57.0,0.3153,72.0,,,0.3229,70.0,0.2587,63.0,0.2452,69.0,0.2795,64.0,,,0.2777,57.0
2021-03-02,0.1906,44.0,0.1964,47.0,0.2813,60.0,,,0.2481,35.0,0.257,62.0,0.2447,68.0,0.2646,56.0,,,0.2829,61.0
2021-03-01,0.2157,55.0,0.2059,53.0,0.2502,44.0,,,0.2789,53.0,0.2572,62.0,0.2446,68.0,0.2714,61.0,,,0.2818,61.0
2021-02-26,0.1732,36.0,0.2028,51.0,0.2638,52.0,,,0.2493,35.0,0.2566,62.0,0.2444,68.0,0.2809,65.0,,,0.2808,60.0
2021-02-25,0.1921,45.0,0.1964,47.0,0.3021,68.0,,,0.3167,68.0,0.2564,62.0,0.2442,68.0,0.2911,69.0,,,0.2972,68.0
2021-02-24,0.1895,44.0,0.192,44.0,0.2821,60.0,,,0.2706,49.0,0.2574,62.0,0.2447,68.0,0.3026,73.0,,,0.2889,65.0
2021-02-23,0.198,47.0,0.1906,43.0,0.2783,57.0,,,0.2893,57.0,0.2574,62.0,0.2448,68.0,0.2972,71.0,,,0.2902,65.0
2021-02-22,0.1916,44.0,0.1812,37.0,0.2781,57.0,,,0.2688,48.0,0.257,62.0,0.2443,68.0,0.3055,74.0,,,0.3036,71.0
2021-02-19,0.1792,39.0,0.1583,21.0,0.2946,65.0,,,0.269,48.0,0.2556,61.0,0.2437,68.0,0.2895,68.0,,,0.2954,67.0
2021-02-18,0.1523,28.0,0.1532,18.0,0.3868,89.0,,,0.2834,56.0,0.2545,61.0,0.2433,68.0,0.3068,74.0,,,0.2843,62.0
2021-02-17,0.1076,10.0,0.1561,20.0,0.216,21.0,,,0.3214,70.0,0.2542,61.0,0.2432,68.0,0.2791,64.0,,,0.2889,65.0
2021-02-16,0.0999,8.0,0.1699,28.0,0.2611,51.0,,,0.2766,52.0,0.2537,60.0,0.2428,67.0,0.2934,70.0,,,0.2861,63.0
2021-02-12,0.1437,25.0,0.1914,44.0,0.245,41.0,,,0.2546,39.0,0.2537,60.0,0.2434,68.0,0.2827,66.0,,,0.2867,63.0
2021-02-11,0.2966,78.0,0.3081,86.0,0.2486,43.0,,,0.2433,32.0,0.2538,60.0,0.2437,68.0,0.2936,70.0,,,0.2835,62.0
2021-02-10,0.3537,86.0,0.3276,89.0,0.2618,51.0,,,0.2609,43.0,0.2537,60.0,0.2436,68.0,0.289,68.0,,,0.2777,57.0
2021-02-09,0.3518,86.0,0.3396,91.0,0.2624,51.0,,,0.2602,43.0,0.2541,60.0,0.2436,68.0,0.3083,75.0,,,0.296,68.0
2021-02-08,0.3687,88.0,0.3511,92.0,0.2456,41.0,,,0.2694,49.0,0.2543,61.0,0.2432,68.0,0.2856,67.0,,,0.2902,65.0
2021-02-05,0.363,87.0,0.3582,92.0,0.2475,43.0,,,0.2396,30.0,0.2554,61.0,0.2435,68.0,0.2963,71.0,,,0.2872,64.0
2021-02-04,0.3605,87.0,0.359,92.0,0.2649,53.0,,,0.2748,51.0,0.2549,61.0,0.2432,68.0,0.2818,65.0,,,0.2747,56.0
2021-02-03,0.3595,87.0,0.3545,92.0,0.3195,74.0,,,0.2676,48.0,0.2548,61.0,0.2435,68.0,0.2974,71.0,,,0.2835,62.0
2021-02-02,0.2455,65.0,0.2602,77.0,0.3356,78.0,,,0.2734,50.0,0.247,56.0,0.2369,65.0,0.2945,70.0,,,0.2868,64.0
2021-02-01,0.1843,41.0,0.2349,68.0,0.3732,87.0,,,0.3649,82.0,0.2447,56.0,0.2356,64.0,0.2967,71.0,,,0.3094,72.0
2021-01-29,0.1861,42.0,0.2209,61.0,0.3422,80.0,,,0.3282,72.0,0.2463,56.0,0.2372,65.0,0.2961,71.0,,,0.3061,71.0
2021-01-28,0.1262,16.0,0.1956,47.0,0.3535,83.0,,,0.3278,72.0,0.2444,55.0,0.2361,65.0,0.3069,75.0,,,0.308,72.0
2021-01-27,0.1659,33.0,0.2163,57.0,0.3394,79.0,,,0.3782,85.0,0.2447,56.0,0.2356,64.0,0.2894,68.0,,,0.3187,76.0
2021-01-26,0.2669,71.0,0.2263,63.0,0.2975,66.0,,,0.2981,62.0,0.2446,56.0,0.2352,64.0,0.2853,67.0,,,0.3007,70.0
2021-01-25,0.2877,76.0,0.2613,78.0,0.3123,71.0,,,0.2971,61.0,0.2471,57.0,0.2362,65.0,0.2871,68.0,,,0.3066,71.0
2021-01-22,0.291,77.0,0.2692,79.0,0.2859,62.0,,,0.2683,48.0,0.247,56.0,0.2363,65.0,0.2801,65.0,,,0.2939,67.0
2021-01-21,0.374,88.0,0.3301,90.0,0.2947,65.0,,,0.2787,53.0,0.2472,57.0,0.2365,65.0,0.2713,61.0,,,0.2865,63.0
2021-01-20,0.3738,88.0,0.333,90.0,0.291,64.0,,,0.2904,57.0,0.2475,57.0,0.2367,65.0,0.2694,59.0,,,0.2874,64.0
2021-01-19,0.3954,90.0,0.3394,91.0,0.2938,65.0,,,0.2917,59.0,0.2475,57.0,0.2366,65.0,0.2819,65.0,,,0.3066,71.0
2021-01-15,0.3948,90.0,0.3254,89.0,0.2712,56.0,,,0.3111,66.0,0.2455,56.0,0.2346,64.0,0.2718,61.0,,,0.2898,65.0
2021-01-14,0.3902,90.0,0.3292,90.0,0.3205,74.0,,,0.2997,62.0,0.2416,54.0,0.2333,64.0,0.2861,67.0,,,0.2896,65.0
2021-01-13,0.3741,88.0,0.3102,87.0,0.2428,39.0,,,0.2825,55.0,0.2405,54.0,0.2312,62.0,0.2569,51.0,,,0.2755,57.0
2021-01-12,0.375,88.0,0.3217,89.0,0.4136,93.0,,,0.3792,85.0,0.2413,54.0,0.2312,62.0,0.2874,68.0,,,0.2875,64.0
2021-01-11,0.2123,53.0,0.2708,80.0,0.2498,44.0,,,0.2514,37.0,0.2328,50.0,0.2266,57.0,0.2855,67.0,,,0.307,72.0
2021-01-08,0.158,30.0,0.2651,78.0,0.2373,35.0,,,0.2056,13.0,0.2348,52.0,0.2266,57.0,0.2747,62.0,,,0.2729,55.0
2021-01-07,0.1754,37.0,0.2586,77.0,0.2222,25.0,,,0.2414,31.0,0.2356,52.0,0.2266,57.0,0.273,61.0,,,0.2869,64.0
2021-01-06,0.165,33.0,0.2492,73.0,0.3012,68.0,,,0.2403,30.0,0.2338,51.0,0.2266,57.0,0.284,67.0,,,0.2835,62.0
2021-01-05,0.1493,27.0,0.2144,57.0,0.2163,21.0,,,0.256,40.0,0.2328,50.0,0.2246,57.0,0.2762,63.0,,,0.2849,63.0
2021-01-04,0.1296,18.0,0.1968,47.0,0.3066,69.0,,,0.2942,60.0,0.2318,50.0,0.2248,57.0,0.2834,66.0,,,0.2993,69.0
2020-12-31,0.1395,23.0,0.1666,27.0,0.2325,32.0,,,0.2406,30.0,0.2318,50.0,0.2238,57.0,0.2717,61.0,,,0.2904,65.0
2020-12-30,0.1111,11.0,0.1888,42.0,0.2772,57.0,,,0.2689,48.0,0.2316,50.0,0.2234,56.0,0.2734,61.0,,,0.2784,59.0
2020-12-29,0.13,18.0,0.1935,45.0,0.2657,53.0,,,0.2939,60.0,0.2317,50.0,0.2237,56.0,0.2742,62.0,,,0.298,68.0
2020-12-28,0.1289,17.0,0.1925,45.0,0.2443,40.0,,,0.2722,50.0,0.2317,50.0,0.224,57.0,0.2724,61.0,,,0.2812,60.0
2020-12-24,0.2645,70.0,0.2272,64.0,0.2475,43.0,,,0.2759,52.0,0.2317,50.0,0.224,57.0,0.263,55.0,,,0.2957,67.0
2020-12-23,0.263,70.0,0.2368,69.0,0.2624,51.0,,,0.2493,35.0,0.2337,51.0,0.2254,57.0,0.2909,69.0,,,0.2916,66.0
2020-12-22,0.2542,67.0,0.2399,70.0,0.2836,61.0,,,0.2703,49.0,0.2337,51.0,0.2256,57.0,0.2844,67.0,,,0.2994,69.0
2020-12-21,0.271,72.0,0.2461,72.0,0.2635,52.0,,,0.2629,45.0,0.2335,51.0,0.2258,57.0,0.2814,65.0,,,0.2893,65.0
2020-12-18,0.2809,74.0,0.2248,62.0,0.2667,54.0,,,0.2672,47.0,0.2333,51.0,0.2245,57.0,0.2666,57.0,,,0.2914,66.0
2020-12-17,0.2609,69.0,0.2237,62.0,0.288,62.0,,,0.2842,56.0,0.2396,53.0,0.2258,57.0,0.2901,69.0,,,0.3019,70.0
2020-12-16,0.2661,71.0,0.2271,64.0,0.3538,83.0,,,0.3353,74.0,0.2399,53.0,0.226,57.0,0.2918,69.0,,,0.2928,66.0
2020-12-15,0.246,65.0,0.2292,65.0,0.258,49.0,,,0.3049,64.0,0.2342,51.0,0.2247,57.0,0.2799,64.0,,,0.281,60.0
2020-12-14,0.2337,61.0,0.2182,59.0,0.3291,77.0,,,0.2902,57.0,0.2342,51.0,0.2251,57.0,0.2788,64.0,,,0.2844,62.0
2020-12-11,0.2327,60.0,0.2131,57.0,0.2889,63.0,,,0.3364,75.0,0.2349,52.0,0.2248,57.0,0.2882,68.0,,,0.2858,63.0
2020-12-10,0.2124,53.0,0.2041,52.0,0.3284,76.0,,,0.2717,50.0,0.233,50.0,0.2245,57.0,0.2755,63.0,,,0.2823,61.0
2020-12-09,0.2005,48.0,0.1964,47.0,0.2671,54.0,,,0.2765,52.0,0.233,50.0,0.2243,57.0,0.2677,57.0,,,0.2823,61.0
2020-12-08,0.22,56.0,0.1978,48.0,0.2559,48.0,,,0.2505,36.0,0.2334,51.0,0.2266,57.0,0.2723,61.0,,,0.2783,59.0
2020-12-07,0.2306,59.0,0.195,46.0,0.2841,61.0,,,0.2899,57.0,0.2342,51.0,0.2278,59.0,0.2825,66.0,,,0.2945,67.0
2020-12-04,0.1212,14.0,0.1429,13.0,0.2305,30.0,,,0.2508,37.0,0.2482,57.0,0.23,61.0,0.2664,57.0,,,0.2817,61.0
2020-12-03,0.1262,16.0,0.154,19.0,0.2845,61.0,,,0.2598,42.0,0.2489,57.0,0.2304,62.0,0.2594,53.0,,,0.2804,60.0
2020-12-02,0.2558,68.0,0.2103,55.0,0.2395,37.0,,,0.2912,59.0,0.2515,59.0,0.2312,62.0,0.2739,62.0,,,0.2858,63.0
2020-12-01,0.274,73.0,0.2234,62.0,0.2602,50.0,,,0.2414,31.0,0.253,60.0,0.2317,63.0,0.2675,57.0,,,0.2815,61.0
2020-11-30,0.274,73.0,0.2234,62.0,0.3169,73.0,,,0.2131,16.0,0.253,60.0,0.2317,63.0,0.2869,68.0,,,0.2629,47.0
2020-11-29,0.2851,75.0,0.2309,66.0,0.2498,44.0,,,0.2792,53.0,0.2538,60.0,0.2322,63.0,0.2638,56.0,,,0.282,61.0
2020-11-28,0.2851,75.0,0.2309,66.0,0.2437,40.0,,,0.2725,50.0,0.2538,60.0,0.2322,63.0,0.2632,55.0,,,0.2813,60.0
2020-11-27,0.2659,71.0,0.2324,67.0,0.2381,36.0,,,0.2663,47.0,0.2536,60.0,0.232,63.0,0.2625,55.0,,,0.2806,60.0
2020-11-26,0.2659,71.0,0.2324,67.0,0.2638,52.0,,,0.2952,60.0,0.2536,60.0,0.232,63.0,0.2708,60.0,,,0.2804,60.0
2020-11-25,0.287,76.0,0.241,70.0,0.2583,49.0,,,0.289,57.0,0.2536,60.0,0.2333,64.0,0.2702,60.0,,,0.2797,59.0
2020-11-24,0.3106,80.0,0.2405,70.0,0.2178,22.0,,,0.1962,10.0,0.2534,60.0,0.2331,64.0,0.2907,69.0,,,0.2874,64.0
2020-11-23,0.2006,48.0,0.2055,53.0,0.2459,41.0,,,0.2456,33.0,0.2496,57.0,0.2319,63.0,0.2791,64.0,,,0.2683,51.0
2020-11-20,0.2039,50.0,0.2062,53.0,0.236,34.0,,,0.2665,47.0,0.2505,57.0,0.2327,64.0,0.275,62.0,,,0.2727,55.0
2020-11-19,0.1927,45.0,0.2226,61.0,0.2399,37.0,,,0.2453,33.0,0.25,57.0,0.2324,63.0,0.2724,61.0,,,0.2713,53.0
2020-11-18,0.2831,75.0,0.2266,63.0,0.311,71.0,,,0.2226,20.0,0.2487,57.0,0.232,63.0,0.2827,66.0,,,0.2676,51.0
2020-11-17,0.2831,75.0,0.2266,63.0,0.2233,25.0,,,0.262,44.0,0.2487,57.0,0.232,63.0,0.2771,63.0,,,0.2777,57.0
2020-11-16,0.2701,72.0,0.2262,63.0,0.4233,94.0,,,0.1853,8.0,0.2488,57.0,0.2319,63.0,0.3031,73.0,,,0.2469,34.0
2020-11-15,0.2707,72.0,0.2149,57.0,0.2506,45.0,,,0.2509,37.0,0.2488,57.0,0.2313,62.0,0.2631,55.0,,,0.2756,57.0
2020-11-14,0.2707,72.0,0.2149,57.0,0.236,34.0,,,0.2333,26.0,0.2488,57.0,0.2313,62.0,0.2717,61.0,,,0.2649,49.0
2020-11-13,0.2707,72.0,0.2149,57.0,0.4146,93.0,,,0.1326,1.0,0.2488,57.0,0.2313,62.0,0.3104,76.0,,,0.2493,35.0
2020-11-12,0.2655,70.0,0.2332,67.0,0.264,52.0,,,0.2845,56.0,0.2475,57.0,0.2311,62.0,0.2709,60.0,,,0.2828,61.0
2020-11-11,0.3527,86.0,0.3296,90.0,0.2621,51.0,,,0.2447,33.0,0.2482,57.0,0.2308,62.0,0.2751,62.0,,,0.2798,60.0
2020-11-10,0.364,87.0,0.3386,91.0,0.2914,64.0,,,0.2737,50.0,0.2588,63.0,0.2333,64.0,0.2685,59.0,,,0.2695,52.0
2020-11-09,0.361,87.0,0.3377,91.0,0.2794,59.0,,,0.2994,62.0,0.2587,63.0,0.2324,63.0,0.2658,57.0,,,0.2719,54.0
2020-11-06,0.2724,72.0,0.3342,90.0,0.254,47.0,,,0.2662,47.0,0.2535,60.0,0.2376,65.0,0.2784,64.0,,,0.2724,54.0
2020-11-05,0.344,84.0,0.3409,91.0,0.2408,37.0,,,0.2237,20.0,0.2539,60.0,0.2386,66.0,0.2839,66.0,,,0.2697,52.0
2020-11-04,0.3309,82.0,0.3438,91.0,0.2949,65.0,,,0.2979,61.0,0.2563,62.0,0.2399,66.0,0.3011,72.0,,,0.2816,61.0
2020-11-03,0.3168,81.0,0.3296,90.0,0.3427,80.0,,,0.3486,78.0,0.2594,63.0,0.2414,67.0,0.3112,76.0,,,0.3013,70.0
2020-11-02,0.2836,75.0,0.2269,64.0,0.4373,95.0,,,0.4448,94.0,0.2589,63.0,0.235,64.0,0.2955,71.0,,,0.3149,74.0
2020-10-30,0.2348,61.0,0.2138,57.0,0.4283,94.0,,,0.4346,93.0,0.2582,63.0,0.2343,64.0,0.3107,76.0,,,0.324,77.0
2020-10-29,0.2335,60.0,0.182,38.0,0.4217,93.0,,,0.3949,88.0,0.2583,63.0,0.2335,64.0,0.307,75.0,,,0.3073,72.0
2020-10-28,0.2368,62.0,0.1739,32.0,0.4127,92.0,,,0.4249,92.0,0.2587,63.0,0.2334,64.0,0.2855,67.0,,,0.306,71.0
2020-10-27,0.121,14.0,0.1783,35.0,0.3532,83.0,,,0.3572,80.0,0.2535,60.0,0.2329,64.0,0.2989,72.0,,,0.3158,75.0
2020-10-26,0.1345,21.0,0.1772,34.0,0.3535,83.0,,,0.3241,70.0,0.2537,60.0,0.2333,64.0,0.2811,65.0,,,0.2972,68.0
2020-10-23,0.1313,19.0,0.1863,41.0,0.3256,75.0,,,0.3233,70.0,0.2576,62.0,0.2348,64.0,0.2858,67.0,,,0.2946,67.0
2020-10-22,0.1353,21.0,0.2009,50.0,0.3335,78.0,,,0.2999,62.0,0.2575,62.0,0.2353,64.0,0.286,67.0,,,0.2943,67.0
2020-10-21,0.1629,32.0,0.2031,51.0,0.2996,67.0,,,0.3205,69.0,0.2596,63.0,0.2369,65.0,0.2869,68.0,,,0.2799,60.0
2020-10-20,0.2111,53.0,0.2174,59.0,0.3093,70.0,,,0.3176,68.0,0.26,63.0,0.2373,65.0,0.2695,59.0,,,0.2822,61.0
2020-10-19,0.2208,56.0,0.2139,57.0,0.3145,72.0,,,0.3295,72.0,0.2606,63.0,0.239,66.0,0.273,61.0,,,0.2993,69.0
2020-10-16,0.2049,50.0,0.1882,42.0,0.2833,61.0,,,0.2781,53.0,0.2602,63.0,0.2388,66.0,0.2831,66.0,,,0.2983,69.0
2020-10-15,0.2392,63.0,0.2008,50.0,0.2791,59.0,,,0.279,53.0,0.2615,64.0,0.2399,66.0,0.2859,67.0,,,0.2929,66.0
2020-10-14,0.3005,78.0,0.2571,76.0,0.3162,72.0,,,0.3117,67.0,0.2776,67.0,0.2446,68.0,0.2823,66.0,,,0.2883,64.0
2020-10-13,0.2808,74.0,0.2399,70.0,0.3034,68.0,,,0.3135,67.0,0.2781,67.0,0.2462,69.0,0.2778,64.0,,,0.2829,61.0
2020-10-12,0.2262,57.0,0.2361,68.0,0.2467,42.0,,,0.2875,57.0,0.2791,67.0,0.2478,70.0,0.2782,64.0,,,0.2738,55.0
2020-10-09,0.2622,70.0,0.2476,73.0,0.2337,33.0,,,0.2634,45.0,0.2816,67.0,0.2499,71.0,0.2809,65.0,,,0.2855,63.0
2020-10-08,0.2685,71.0,0.2608,77.0,0.2198,23.0,,,0.2598,42.0,0.2825,68.0,0.2506,71.0,0.2857,67.0,,,0.3186,76.0
2020-10-07,0.2777,74.0,0.2653,79.0,0.2816,60.0,,,0.2621,44.0,0.2907,69.0,0.2538,72.0,0.2912,69.0,,,0.2888,65.0
2020-10-06,0.2659,71.0,0.2564,76.0,0.3019,68.0,,,0.2982,62.0,0.2908,69.0,0.2571,73.0,0.3231,80.0,,,0.3122,74.0
2020-10-05,0.2057,51.0,0.2116,56.0,0.3398,80.0,,,0.3517,79.0,0.2883,69.0,0.2558,72.0,0.3077,75.0,,,0.3174,75.0
2020-10-02,0.2036,50.0,0.2277,64.0,0.2967,66.0,,,0.3151,68.0,0.2879,68.0,0.2569,73.0,0.3206,79.0,,,0.3374,81.0
2020-10-01,0.2556,68.0,0.2471,72.0,0.3002,67.0,,,0.3002,62.0,0.2875,68.0,0.2592,73.0,0.309,76.0,,,0.3094,72.0
2020-09-30,0.2673,71.0,0.2509,74.0,0.3213,74.0,,,0.3263,71.0,0.3028,72.0,0.2613,74.0,0.3072,75.0,,,0.3237,77.0
2020-09-29,0.2792,74.0,0.2576,76.0,0.3101,70.0,,,0.3309,73.0,0.302,72.0,0.2611,74.0,0.3221,80.0,,,0.3291,79.0
2020-09-28,0.3261,82.0,0.2711,80.0,0.3215,74.0,,,0.3103,66.0,0.3024,72.0,0.263,74.0,0.3221,80.0,,,0.3316,80.0
2020-09-25,0.314,80.0,0.2768,81.0,0.2444,40.0,,,0.266,47.0,0.3028,72.0,0.2655,75.0,0.2832,66.0,,,0.3037,71.0
2020-09-24,0.2915,77.0,0.2608,77.0,0.2757,57.0,,,0.2814,55.0,0.302,72.0,0.2658,75.0,0.2867,67.0,,,0.3083,72.0
2020-09-23,0.3014,78.0,0.2591,77.0,0.2789,59.0,,,0.2865,57.0,0.32,76.0,0.2714,78.0,0.2892,68.0,,,0.3084,72.0
2020-09-22,0.3062,79.0,0.2487,73.0,0.2933,64.0,,,0.2743,51.0,0.3179,76.0,0.2776,80.0,0.2852,67.0,,,0.2984,69.0
2020-09-21,0.2746,73.0,0.2349,68.0,0.2971,66.0,,,0.3033,63.0,0.3436,82.0,0.2872,81.0,0.2961,71.0,,,0.318,75.0
2020-09-18,0.2067,51.0,0.2145,57.0,0.248,43.0,,,0.2645,46.0,0.3418,81.0,0.2913,82.0,0.2775,64.0,,,0.2893,65.0
2020-09-17,0.2052,50.0,0.2061,53.0,0.2679,54.0,,,0.2756,52.0,0.363,88.0,0.2966,82.0,0.291,69.0,,,0.3018,70.0
2020-09-16,0.2059,51.0,0.2061,53.0,0.2456,41.0,,,0.2347,27.0,0.3783,90.0,0.3101,84.0,0.2892,68.0,,,0.2967,68.0
2020-09-15,0.2604,69.0,0.2318,66.0,0.232,31.0,,,0.2514,37.0,0.3849,91.0,0.3146,84.0,0.2839,66.0,,,0.2937,67.0
2020-09-14,0.2991,78.0,0.2456,72.0,0.2402,37.0,,,0.2463,34.0,0.3852,91.0,0.3198,85.0,0.2983,72.0,,,0.311,73.0
2020-09-11,0.299,78.0,0.2528,75.0,0.2527,46.0,,,0.1978,11.0,0.394,92.0,0.3465,91.0,0.2984,72.0,,,0.3066,71.0
2020-09-10,0.3034,79.0,0.2518,74.0,0.2593,50.0,,,0.2745,51.0,0.4097,93.0,0.3626,93.0,0.2941,70.0,,,0.3112,73.0
2020-09-09,0.3033,79.0,0.2436,71.0,0.2832,60.0,,,0.2693,49.0,0.447,94.0,0.3672,94.0,0.3028,73.0,,,0.3143,74.0
2020-09-08,0.2695,72.0,0.2398,70.0,0.2793,59.0,,,0.2808,54.0,0.449,94.0,0.3726,94.0,0.3024,73.0,,,0.3241,77.0
2020-09-04,0.284,75.0,0.2428,71.0,0.2575,49.0,,,0.2877,57.0,0.4729,96.0,0.3755,94.0,0.307,75.0,,,0.3203,76.0
2020-09-03,0.252,67.0,0.2264,63.0,0.2579,49.0,,,0.2369,28.0,0.4758,96.0,0.376,94.0,0.3139,77.0,,,0.3072,72.0
2020-09-02,0.1836,41.0,0.1946,46.0,0.2579,49.0,,,0.2872,57.0,0.4779,96.0,0.3765,94.0,0.3029,73.0,,,0.3289,79.0
2020-09-01,0.1307,18.0,0.1749,32.0,0.2472,42.0,,,0.2521,37.0,0.4886,97.0,0.3773,95.0,0.3015,72.0,,,0.3058,71.0
2020-08-31,0.1391,22.0,0.1763,34.0,0.2522,46.0,,,0.2553,39.0,0.4887,97.0,0.3781,95.0,0.278,64.0,,,0.3217,76.0
2020-08-28,0.1691,35.0,0.1734,31.0,0.2579,49.0,,,0.2479,35.0,0.4915,98.0,0.3796,95.0,0.2903,69.0,,,0.312,73.0
2020-08-27,0.1704,35.0,0.1642,25.0,0.2407,37.0,,,0.2538,39.0,0.4924,98.0,0.3806,95.0,0.2992,72.0,,,0.3006,69.0
2020-08-26,0.1189,14.0,0.1615,23.0,0.2416,38.0,,,0.254,39.0,0.4922,98.0,0.3821,95.0,0.2933,70.0,,,0.3081,72.0
2020-08-25,0.1161,12.0,0.1625,24.0,0.249,44.0,,,0.2479,35.0,0.4941,98.0,0.3838,95.0,0.2974,71.0,,,0.2933,67.0
2020-08-24,0.0713,2.0,0.1643,25.0,0.2257,27.0,,,0.2623,44.0,0.4958,98.0,0.386,95.0,0.3066,74.0,,,0.2936,67.0
2020-08-21,0.0685,2.0,0.1534,19.0,0.2441,40.0,,,0.2611,43.0,0.496,98.0,0.3867,96.0,0.3018,73.0,,,0.3042,71.0
2020-08-20,0.1245,15.0,0.149,16.0,0.2244,26.0,,,0.2576,41.0,0.496,98.0,0.3867,96.0,0.3047,74.0,,,0.2784,59.0
2020-08-19,0.1542,28.0,0.166,26.0,0.2519,45.0,,,0.2338,26.0,0.496,98.0,0.3874,96.0,0.3046,74.0,,,0.2947,67.0
2020-08-18,0.1573,30.0,0.1795,36.0,0.2242,26.0,,,0.2479,35.0,0.496,98.0,0.3878,96.0,0.3007,72.0,,,0.3022,70.0
2020-08-17,0.1786,39.0,0.193,45.0,0.2801,59.0,,,0.2707,49.0,0.496,98.0,0.3873,96.0,0.3104,76.0,,,0.3144,74.0
2020-08-14,0.1925,45.0,0.1933,45.0,0.245,41.0,,,0.2326,26.0,0.4959,98.0,0.3871,96.0,0.3122,76.0,,,0.3174,75.0
2020-08-13,0.1917,45.0,0.199,49.0,0.2807,59.0,,,0.258,41.0,0.4959,98.0,0.387,96.0,0.3143,77.0,,,0.3224,77.0
2020-08-12,0.223,57.0,0.248,73.0,0.2702,55.0,,,0.2715,50.0,0.4958,98.0,0.387,96.0,0.3245,81.0,,,0.3147,74.0
2020-08-11,0.2184,55.0,0.2519,74.0,0.2626,51.0,,,0.2752,51.0,0.4957,98.0,0.387,96.0,0.3288,82.0,,,0.3198,76.0
2020-08-10,0.177,38.0,0.2468,72.0,0.2827,60.0,,,0.2882,57.0,0.4951,98.0,0.3868,96.0,0.3319,83.0,,,0.3148,74.0
2020-08-07,0.1418,24.0,0.2458,72.0,0.2623,51.0,,,0.2689,48.0,0.4972,98.0,0.3873,96.0,0.3239,81.0,,,0.321,76.0
2020-08-06,0.2514,67.0,0.2521,75.0,0.2795,59.0,,,0.29,57.0,0.5028,99.0,0.3881,96.0,0.316,78.0,,,0.3116,73.0
2020-08-05,0.2434,64.0,0.2507,74.0,0.28,59.0,,,0.278,53.0,0.5026,99.0,0.3883,96.0,0.3193,79.0,,,0.3141,74.0
2020-08-04,0.2479,65.0,0.2491,73.0,0.3001,67.0,,,0.3053,64.0,0.5028,99.0,0.3882,96.0,0.3222,80.0,,,0.3184,75.0
2020-08-03,0.2217,57.0,0.2107,55.0,0.3596,85.0,,,0.3677,83.0,0.5021,99.0,0.3868,96.0,0.3194,79.0,,,0.3404,82.0
2020-07-31,0.2174,55.0,0.206,53.0,0.3437,81.0,,,0.3387,75.0,0.502,99.0,0.3866,96.0,0.314,77.0,,,0.3344,80.0
2020-07-30,0.2035,50.0,0.1958,47.0,0.3346,78.0,,,0.339,76.0,0.5019,99.0,0.3863,95.0,0.3168,78.0,,,0.3262,78.0
2020-07-29,0.2009,48.0,0.1887,42.0,0.3091,70.0,,,0.3229,70.0,0.5019,99.0,0.386,95.0,0.3074,75.0,,,0.324,77.0
2020-07-28,0.1341,20.0,0.1641,25.0,0.3022,68.0,,,0.3293,72.0,0.5009,98.0,0.3853,95.0,0.3042,73.0,,,0.3226,77.0
2020-07-27,0.1815,40.0,0.1718,30.0,0.3053,69.0,,,0.3121,67.0,0.5011,98.0,0.3854,95.0,0.3019,73.0,,,0.3197,76.0
2020-07-24,0.1732,36.0,0.1671,27.0,0.2953,65.0,,,0.3087,66.0,0.501,98.0,0.3854,95.0,0.2909,69.0,,,0.3148,74.0
2020-07-23,0.2275,57.0,0.167,27.0,0.2981,66.0,,,0.3129,67.0,0.5008,98.0,0.3851,95.0,0.2923,69.0,,,0.3089,72.0
2020-07-22,0.2459,65.0,0.1822,38.0,0.2915,64.0,,,0.2927,59.0,0.5009,98.0,0.3852,95.0,0.3087,75.0,,,0.326,78.0
2020-07-21,0.2523,67.0,0.2017,50.0,0.3078,69.0,,,0.2948,60.0,0.5009,98.0,0.3852,95.0,0.3017,73.0,,,0.3172,75.0
2020-07-20,0.2496,66.0,0.1997,49.0,0.3035,68.0,,,0.2861,57.0,0.501,98.0,0.385,95.0,0.3054,74.0,,,0.3202,76.0
2020-07-17,0.2091,52.0,0.2119,56.0,0.3139,72.0,,,0.318,68.0,0.5006,98.0,0.3847,95.0,0.2942,70.0,,,0.323,77.0
2020-07-16,0.213,54.0,0.2098,55.0,0.3228,75.0,,,0.3473,78.0,0.4999,98.0,0.3844,95.0,0.3088,75.0,,,0.3292,79.0
2020-07-15,0.2336,61.0,0.2193,60.0,0.2851,61.0,,,0.2857,56.0,0.4999,98.0,0.3843,95.0,0.3208,79.0,,,0.3425,83.0
2020-07-14,0.1638,33.0,0.2172,59.0,0.3249,75.0,,,0.3712,83.0,0.4986,98.0,0.384,95.0,0.3289,82.0,,,0.3568,86.0
2020-07-13,0.0667,2.0,0.2151,57.0,0.3585,84.0,,,0.3389,76.0,0.4977,98.0,0.3835,95.0,0.3392,85.0,,,0.3464,84.0
2020-07-10,0.0874,5.0,0.2028,51.0,0.3167,73.0,,,0.3075,65.0,0.4978,98.0,0.3831,95.0,0.3327,83.0,,,0.3575,87.0
2020-07-09,0.1886,43.0,0.2284,65.0,0.3214,74.0,,,0.2866,57.0,0.4978,98.0,0.383,95.0,0.3455,87.0,,,0.3555,86.0
2020-07-08,0.193,45.0,0.2121,56.0,0.3101,70.0,,,0.2941,60.0,0.4978,98.0,0.3823,95.0,0.3376,85.0,,,0.3465,84.0
2020-07-07,0.1914,44.0,0.2088,54.0,0.2941,65.0,,,0.3017,63.0,0.4978,98.0,0.382,95.0,0.3295,82.0,,,0.3515,85.0
2020-07-06,0.1632,32.0,0.2098,55.0,0.2987,67.0,,,0.2749,51.0,0.4975,98.0,0.3817,95.0,0.3249,81.0,,,0.3458,84.0
2020-07-02,0.304,79.0,0.2329,67.0,0.2727,56.0,,,0.2541,39.0,0.4975,98.0,0.3814,95.0,0.3311,83.0,,,0.3428,83.0
2020-07-01,0.3113,80.0,0.2298,65.0,0.2836,61.0,,,0.2943,60.0,0.4976,98.0,0.381,95.0,0.3308,83.0,,,0.3555,86.0
2020-06-30,0.3117,80.0,0.2399,70.0,0.2738,57.0,,,0.258,41.0,0.4976,98.0,0.381,95.0,0.3346,84.0,,,0.3584,87.0
2020-06-29,0.2653,70.0,0.2313,66.0,0.3644,86.0,,,0.3236,70.0,0.4964,98.0,0.3803,95.0,0.3284,82.0,,,0.3529,86.0
2020-06-26,0.252,67.0,0.2269,64.0,0.3338,78.0,,,0.3323,73.0,0.4963,98.0,0.38,95.0,0.3403,85.0,,,0.3537,86.0
2020-06-25,0.255,68.0,0.2239,62.0,0.3055,69.0,,,0.3171,68.0,0.4962,98.0,0.3798,95.0,0.33,83.0,,,0.3462,84.0
2020-06-24,0.2636,70.0,0.2209,61.0,0.3127,71.0,,,0.3102,66.0,0.4962,98.0,0.3794,95.0,0.3384,85.0,,,0.35,85.0
2020-06-23,0.1416,24.0,0.2373,69.0,0.2847,61.0,,,0.2921,59.0,0.4933,98.0,0.3786,95.0,0.3252,81.0,,,0.3446,83.0
2020-06-22,0.1587,31.0,0.257,76.0,0.3102,70.0,,,0.3092,66.0,0.4931,98.0,0.3782,95.0,0.3332,84.0,,,0.3302,79.0
2020-06-19,0.4347,93.0,0.3066,86.0,0.2813,60.0,,,0.3287,72.0,0.4932,98.0,0.3779,95.0,0.3242,81.0,,,0.356,86.0
2020-06-18,0.436,93.0,0.3014,86.0,0.3546,83.0,,,0.3606,81.0,0.4933,98.0,0.3778,95.0,0.3452,87.0,,,0.3647,88.0
2020-06-17,0.4473,93.0,0.3115,87.0,0.3152,72.0,,,0.3573,80.0,0.4931,98.0,0.3779,95.0,0.3469,87.0,,,0.3738,90.0
2020-06-16,0.4583,94.0,0.314,88.0,0.3577,84.0,,,0.3722,84.0,0.4936,98.0,0.3784,95.0,0.3588,90.0,,,0.3698,89.0
2020-06-15,0.4825,95.0,0.3126,87.0,0.3173,73.0,,,0.4529,95.0,0.4936,98.0,0.3782,95.0,0.3348,84.0,,,0.3888,92.0
2020-06-12,0.4654,94.0,0.2899,84.0,0.3816,88.0,,,0.3901,87.0,0.4934,98.0,0.377,94.0,0.3424,86.0,,,0.3714,89.0
2020-06-11,0.4411,93.0,0.2687,79.0,0.384,89.0,,,0.3751,84.0,0.4937,98.0,0.3762,94.0,0.3533,89.0,,,0.3245,78.0
2020-06-10,0.2392,63.0,0.2183,59.0,0.268,54.0,,,0.248,35.0,0.4844,97.0,0.3735,94.0,0.3266,82.0,,,0.3119,73.0
2020-06-09,0.2351,61.0,0.2129,57.0,0.2766,57.0,,,0.3325,73.0,0.4841,97.0,0.3733,94.0,0.3246,81.0,,,0.3158,75.0
2020-06-08,0.2217,57.0,0.2231,62.0,0.2772,57.0,,,0.3545,79.0,0.483,97.0,0.3728,94.0,0.3059,74.0,,,0.3205,76.0
2020-06-05,0.2377,62.0,0.2352,68.0,0.2514,45.0,,,0.2832,56.0,0.4831,97.0,0.3726,94.0,0.3173,78.0,,,0.3124,74.0
2020-06-04,0.2116,53.0,0.2352,68.0,0.2684,54.0,,,0.299,62.0,0.4824,97.0,0.3723,94.0,0.3248,81.0,,,0.3198,76.0
2020-06-03,0.1738,37.0,0.2283,65.0,0.2894,63.0,,,0.2971,61.0,0.482,97.0,0.3718,94.0,0.3239,81.0,,,0.3185,76.0
2020-06-02,0.1488,27.0,0.2297,65.0,0.2828,60.0,,,0.3102,66.0,0.4822,97.0,0.3717,94.0,0.3125,77.0,,,0.3221,77.0
2020-06-01,0.1647,33.0,0.2042,52.0,0.2703,55.0,,,0.2953,60.0,0.4823,97.0,0.371,94.0,0.3294,82.0,,,0.321,76.0
2020-05-29,0.1582,31.0,0.2033,51.0,0.2802,59.0,,,0.2794,54.0,0.4824,97.0,0.3711,94.0,0.314,77.0,,,0.3228,77.0
2020-05-28,0.1713,36.0,0.1809,37.0,0.2772,57.0,,,0.2928,59.0,0.482,97.0,0.3703,94.0,0.3171,78.0,,,0.3261,78.0
2020-05-27,0.3433,84.0,0.218,59.0,0.2878,62.0,,,0.294,60.0,0.4814,97.0,0.3696,94.0,0.3179,78.0,,,0.3309,80.0
2020-05-26,0.3446,84.0,0.2236,62.0,0.2834,61.0,,,0.2868,57.0,0.4813,97.0,0.3695,94.0,0.3214,80.0,,,0.3294,79.0
2020-05-22,0.3622,87.0,0.3123,87.0,0.2918,64.0,,,0.2988,62.0,0.4812,97.0,0.3692,94.0,0.3192,79.0,,,0.329,79.0
2020-05-21,0.3899,89.0,0.3273,89.0,0.2915,64.0,,,0.3172,68.0,0.4812,97.0,0.369,94.0,0.3338,84.0,,,0.3286,79.0
2020-05-20,0.4215,92.0,0.3437,91.0,0.2942,65.0,,,0.3232,70.0,0.481,97.0,0.3691,94.0,0.3323,83.0,,,0.3366,81.0
2020-05-19,0.4468,93.0,0.3754,93.0,0.2928,64.0,,,0.3206,69.0,0.481,97.0,0.3692,94.0,0.3281,82.0,,,0.3375,81.0
2020-05-18,0.436,93.0,0.3792,94.0,0.3028,68.0,,,0.3235,70.0,0.4812,97.0,0.3691,94.0,0.3241,81.0,,,0.3454,83.0
2020-05-15,0.3519,86.0,0.3527,92.0,0.3448,81.0,,,0.3583,80.0,0.4754,96.0,0.3673,94.0,0.3503,88.0,,,0.3557,86.0
2020-05-14,0.3613,87.0,0.3501,92.0,0.3567,84.0,,,0.4062,90.0,0.4757,96.0,0.3669,94.0,0.3613,91.0,,,0.362,88.0
2020-05-13,0.346,84.0,0.2772,81.0,0.6623,100.0,,,0.6998,100.0,0.4744,96.0,0.363,94.0,0.3342,84.0,,,0.3817,91.0
2020-05-12,0.3439,84.0,0.2617,78.0,0.6214,100.0,,,0.5821,99.0,0.474,96.0,0.3621,93.0,0.3185,79.0,,,0.341,82.0
2020-05-11,0.2904,77.0,0.2503,74.0,0.5702,99.0,,,0.5627,99.0,0.4728,96.0,0.3612,93.0,0.3146,77.0,,,0.345,83.0
2020-05-08,0.3362,83.0,0.2312,66.0,0.4383,95.0,,,0.4481,95.0,0.471,96.0,0.3596,93.0,0.3139,77.0,,,0.3419,82.0
2020-05-07,0.2736,73.0,0.2316,66.0,0.4197,93.0,,,0.4592,95.0,0.4691,96.0,0.3592,93.0,0.3311,83.0,,,0.348,84.0
2020-05-06,0.2468,65.0,0.2595,77.0,0.4442,95.0,,,0.426,92.0,0.4682,96.0,0.3592,93.0,0.3266,82.0,,,0.3427,83.0
2020-05-05,0.2775,73.0,0.2558,76.0,0.4579,96.0,,,0.4152,91.0,0.4682,96.0,0.359,93.0,0.3126,77.0,,,0.3368,81.0
2020-05-04,0.2348,61.0,0.2781,81.0,0.4352,94.0,,,0.4574,95.0,0.4703,96.0,0.3597,93.0,0.3466,87.0,,,0.3736,90.0
2020-05-01,0.2336,61.0,0.2855,83.0,0.45,96.0,,,0.5048,98.0,0.4702,96.0,0.3601,93.0,0.3567,90.0,,,0.3949,93.0
2020-04-30,0.2957,77.0,0.301,85.0,0.4717,97.0,,,0.4512,95.0,0.4701,96.0,0.3601,93.0,0.3224,80.0,,,0.3662,88.0
2020-04-29,0.4437,93.0,0.3424,91.0,0.4154,93.0,,,0.4268,93.0,0.4682,96.0,0.359,93.0,0.3119,76.0,,,0.3461,84.0
2020-04-28,0.4642,94.0,0.3652,93.0,0.4583,96.0,,,0.449,95.0,0.4683,96.0,0.3588,92.0,0.3237,81.0,,,0.3572,87.0
2020-04-27,0.5015,95.0,0.3672,93.0,0.404,92.0,,,0.4459,94.0,0.4675,96.0,0.3578,92.0,0.3209,80.0,,,0.3411,82.0
2020-04-24,0.5175,96.0,0.3946,94.0,0.389,90.0,,,0.3792,85.0,0.4674,96.0,0.3576,92.0,0.3249,81.0,,,0.3723,90.0
2020-04-23,0.5198,96.0,0.3826,94.0,0.3734,87.0,,,0.3919,88.0,0.4671,96.0,0.3565,92.0,0.3326,83.0,,,0.3819,91.0
2020-04-22,0.621,98.0,0.4072,95.0,0.385,89.0,,,0.3702,83.0,0.467,95.0,0.356,92.0,0.3389,85.0,,,0.3661,88.0
2020-04-21,0.6166,98.0,0.4378,96.0,0.3814,88.0,,,0.3977,88.0,0.4662,95.0,0.3551,92.0,0.3472,87.0,,,0.3894,92.0
2020-04-20,0.4717,94.0,0.4067,95.0,0.3318,77.0,,,0.3737,84.0,0.4586,95.0,0.353,92.0,0.3285,82.0,,,0.3747,90.0
2020-04-17,0.4685,94.0,0.391,94.0,0.3073,69.0,,,0.3072,65.0,0.4591,95.0,0.3517,92.0,0.2994,72.0,,,0.3321,80.0
2020-04-16,0.4359,93.0,0.3973,94.0,0.3199,74.0,,,0.3499,79.0,0.4571,94.0,0.3502,91.0,0.3661,91.0,,,0.3808,91.0
2020-04-15,0.5334,96.0,0.4061,95.0,0.3225,75.0,,,0.4812,97.0,0.4552,94.0,0.3483,91.0,0.3469,87.0,,,0.3691,89.0
2020-04-14,0.5128,96.0,0.4043,95.0,0.3063,69.0,,,0.3383,75.0,0.4547,94.0,0.3477,91.0,0.3142,77.0,,,0.3525,85.0
2020-04-13,0.4583,94.0,0.3932,94.0,0.3416,80.0,,,0.4272,93.0,0.4501,94.0,0.3457,91.0,0.3248,81.0,,,0.3665,89.0
2020-04-09,0.4448,93.0,0.3779,93.0,0.3278,76.0,,,0.3375,75.0,0.4491,94.0,0.3428,90.0,0.3177,78.0,,,0.361,88.0
2020-04-08,0.4436,93.0,0.3709,93.0,0.2985,67.0,,,0.2749,51.0,0.4481,94.0,0.3413,90.0,0.3237,81.0,,,0.3349,80.0
2020-04-07,0.5929,97.0,0.4321,96.0,0.2444,40.0,,,0.4275,93.0,0.4481,94.0,0.3405,89.0,0.3251,81.0,,,0.3772,90.0
2020-04-06,0.5926,97.0,0.4859,97.0,0.4389,95.0,,,0.3423,77.0,0.4483,94.0,0.3386,89.0,0.3336,84.0,,,0.3763,90.0
2020-04-03,0.6965,98.0,0.5567,99.0,0.4863,97.0,,,0.4674,96.0,0.4391,94.0,0.3363,88.0,0.3724,92.0,,,0.4139,95.0
2020-04-02,0.6906,98.0,0.6013,99.0,0.4026,91.0,,,0.4359,93.0,0.4391,94.0,0.3358,88.0,0.367,92.0,,,0.4494,97.0
2020-04-01,0.7931,99.0,0.6383,99.0,0.5124,98.0,,,0.5481,99.0,0.4389,94.0,0.3344,88.0,0.3817,93.0,,,0.4221,95.0
2020-03-31,0.9865,100.0,0.7294,100.0,0.4626,96.0,,,0.4417,94.0,0.4389,94.0,0.3328,88.0,0.3618,91.0,,,0.386,92.0
2020-03-30,1.0759,100.0,0.7548,100.0,0.5473,99.0,,,0.5405,98.0,0.4392,94.0,0.332,87.0,0.38,93.0,,,0.4472,97.0
2020-03-27,1.0138,100.0,0.7574,100.0,0.6389,100.0,,,0.5846,99.0,0.4271,93.0,0.328,87.0,0.4256,97.0,,,0.4318,96.0
2020-03-26,1.0986,100.0,0.9077,100.0,0.5875,99.0,,,0.6495,100.0,0.428,93.0,0.3222,86.0,0.3974,95.0,,,0.4674,98.0
2020-03-25,1.0468,100.0,0.961,100.0,0.6938,100.0,,,0.7049,100.0,0.4063,92.0,0.3142,84.0,0.4545,99.0,,,0.4376,96.0
2020-03-24,1.2698,100.0,0.9653,100.0,0.5869,99.0,,,0.6715,100.0,0.4065,92.0,0.3094,83.0,0.4023,96.0,,,0.467,98.0
2020-03-23,1.103,100.0,0.9712,100.0,0.7244,100.0,,,0.7499,100.0,0.3837,91.0,0.3039,83.0,0.4747,99.0,,,0.5133,99.0
2020-03-20,1.1695,100.0,0.9149,100.0,0.6967,100.0,,,0.6609,100.0,0.3709,89.0,0.2899,82.0,0.5037,99.0,,,0.4882,99.0
2020-03-19,1.1666,100.0,0.8964,100.0,1.0829,100.0,,,0.7434,100.0,0.3653,89.0,0.285,81.0,0.5208,100.0,,,0.539,99.0
2020-03-18,1.2377,100.0,0.8718,100.0,1.0948,100.0,,,0.7172,100.0,0.365,89.0,0.2787,80.0,0.5333,100.0,,,0.5231,99.0
2020-03-17,1.2588,100.0,0.6768,99.0,0.8395,100.0,,,0.9053,100.0,0.3548,85.0,0.2441,68.0,0.4421,98.0,,,0.4652,98.0
2020-03-16,1.0358,100.0,0.5163,98.0,1.4093,100.0,,,1.2545,100.0,0.335,79.0,0.2206,54.0,0.4629,99.0,,,0.4551,97.0
2020-03-13,0.8556,100.0,0.4722,97.0,0.493,98.0,,,0.7492,100.0,0.286,68.0,0.2123,45.0,0.3568,90.0,,,0.4234,95.0
2020-03-12,0.8022,99.0,0.4041,95.0,0.7591,100.0,,,0.5534,99.0,0.2803,67.0,0.2025,37.0,0.4042,96.0,,,0.3828,91.0
2020-03-11,0.6164,98.0,0.3838,94.0,0.5556,99.0,,,0.4613,96.0,0.2418,54.0,0.1978,33.0,0.3233,81.0,,,0.3527,86.0
2020-03-10,0.6486,98.0,0.3948,94.0,0.4035,91.0,,,0.5271,98.0,0.2374,52.0,0.1956,32.0,0.2907,69.0,,,0.328,79.0
2020-03-09,0.577,97.0,0.4068,95.0,0.5392,99.0,,,0.5426,98.0,0.2331,51.0,0.1944,31.0,0.3272,82.0,,,0.3172,75.0
2020-03-06,0.4002,90.0,0.3978,95.0,0.3655,86.0,,,0.4102,90.0,0.2089,30.0,0.1921,28.0,0.2579,52.0,,,0.2883,64.0
2020-03-05,0.4056,91.0,0.384,94.0,0.3403,80.0,,,0.3096,66.0,0.2253,45.0,0.1977,33.0,0.2462,42.0,,,0.2786,59.0
2020-03-04,0.3448,84.0,0.3687,93.0,0.2087,18.0,,,0.2485,35.0,0.2182,41.0,0.1946,31.0,0.2172,20.0,,,0.2423,28.0
2020-03-03,0.3046,79.0,0.3538,92.0,0.2266,28.0,,,0.3892,87.0,0.2165,39.0,0.1926,30.0,0.1941,11.0,,,0.2821,61.0
2020-03-02,0.2984,78.0,0.3109,87.0,0.344,81.0,,,0.3933,88.0,0.2154,38.0,0.1886,25.0,0.2145,19.0,,,0.2631,47.0
2020-02-28,0.1927,45.0,0.2668,79.0,0.3268,76.0,,,0.3746,84.0,0.2123,34.0,0.1856,21.0,0.2133,18.0,,,0.2619,46.0
2020-02-27,0.1131,11.0,0.2037,52.0,0.2856,62.0,,,0.2765,52.0,0.2077,28.0,0.1821,17.0,0.2265,26.0,,,0.2305,20.0
2020-02-26,0.0999,8.0,0.1648,26.0,0.2354,34.0,,,0.2327,26.0,0.2079,28.0,0.1802,14.0,0.2099,16.0,,,0.233,22.0
2020-02-25,0.1174,13.0,0.1624,24.0,0.2276,28.0,,,0.2196,18.0,0.2079,28.0,0.18,14.0,0.2224,23.0,,,0.2185,13.0
2020-02-24,0.0727,2.0,0.1395,11.0,0.224,26.0,,,0.2187,18.0,0.2088,28.0,0.1789,13.0,0.211,17.0,,,0.2161,12.0
2020-02-21,0.2141,54.0,0.1587,22.0,0.1811,9.0,,,0.1954,10.0,0.2091,30.0,0.178,12.0,0.2048,15.0,,,0.2043,8.0
2020-02-20,0.3509,85.0,0.2199,60.0,0.1798,8.0,,,0.1808,7.0,0.2108,31.0,0.1792,13.0,0.2018,14.0,,,0.1909,4.0
2020-02-19,0.3432,84.0,0.2315,66.0,0.1895,11.0,,,0.178,6.0,0.2108,31.0,0.1792,13.0,0.2027,14.0,,,0.1908,4.0
2020-02-18,0.3645,87.0,0.2368,69.0,0.1653,6.0,,,0.1722,5.0,0.2108,31.0,0.1792,13.0,0.2002,13.0,,,0.1958,6.0
2020-02-14,0.3497,85.0,0.2437,71.0,0.1491,4.0,,,0.1484,3.0,0.2118,33.0,0.1798,14.0,0.1968,12.0,,,0.1981,6.0
2020-02-13,0.3532,86.0,0.2414,71.0,0.1633,5.0,,,0.1637,4.0,0.2115,32.0,0.1796,14.0,0.2001,13.0,,,0.1995,7.0
2020-02-12,0.3332,83.0,0.2335,67.0,0.1635,5.0,,,0.1454,2.0,0.2114,32.0,0.1792,13.0,0.203,14.0,,,0.1903,4.0
2020-02-11,0.3124,80.0,0.2084,54.0,0.1713,7.0,,,0.1911,9.0,0.2061,27.0,0.1776,12.0,0.2147,19.0,,,0.2003,7.0
2020-02-10,0.1566,30.0,0.1569,21.0,0.2979,66.0,,,0.3029,63.0,0.1949,20.0,0.1744,10.0,0.2135,18.0,,,0.209,10.0
2020-02-07,0.1676,34.0,0.1541,19.0,0.2925,64.0,,,0.3081,65.0,0.1949,20.0,0.1737,10.0,0.2012,13.0,,,0.2214,15.0
2020-02-06,0.1515,28.0,0.1528,18.0,0.2789,59.0,,,0.2841,56.0,0.1945,20.0,0.1738,10.0,0.196,11.0,,,0.224,16.0
2020-02-05,0.1484,26.0,0.144,14.0,0.2645,52.0,,,0.2831,55.0,0.1942,19.0,0.1736,9.0,0.1991,13.0,,,0.2218,15.0
2020-02-04,0.1598,31.0,0.1502,17.0,0.2789,59.0,,,0.2802,54.0,0.1948,20.0,0.1737,10.0,0.2006,13.0,,,0.2235,16.0
2020-02-03,0.1529,28.0,0.1504,17.0,0.2796,59.0,,,0.2622,44.0,0.1945,20.0,0.1751,10.0,0.1967,12.0,,,0.2271,19.0
2020-01-31,0.1548,28.0,0.1484,16.0,0.2762,57.0,,,0.287,57.0,0.2081,28.0,0.1773,12.0,0.2129,18.0,,,0.2257,17.0
2020-01-30,0.1202,14.0,0.1394,11.0,0.2221,25.0,,,0.2234,20.0,0.2092,30.0,0.1775,12.0,0.1883,9.0,,,0.2193,14.0
2020-01-29,0.0845,4.0,0.1236,6.0,0.2347,33.0,,,0.2375,28.0,0.2088,28.0,0.1768,11.0,0.1971,12.0,,,0.2222,16.0
2020-01-28,0.0777,3.0,0.1158,4.0,0.2563,48.0,,,0.2576,41.0,0.2088,28.0,0.1769,11.0,0.2026,14.0,,,0.2245,17.0
2020-01-27,0.098,7.0,0.1141,4.0,0.2747,57.0,,,0.2799,54.0,0.2087,28.0,0.1772,11.0,0.2035,14.0,,,0.2327,22.0
2020-01-24,0.0913,6.0,0.1048,2.0,0.2541,47.0,,,0.2584,41.0,0.2086,28.0,0.1768,11.0,0.2173,20.0,,,0.2345,23.0
2020-01-23,0.0976,7.0,0.1088,3.0,0.2538,47.0,,,0.2534,38.0,0.2087,28.0,0.1767,11.0,0.2093,16.0,,,0.2299,20.0
2020-01-22,0.0866,5.0,0.1113,3.0,0.2508,45.0,,,0.2398,30.0,0.209,30.0,0.1772,11.0,0.1984,12.0,,,0.2371,25.0
2020-01-21,0.0806,4.0,0.1094,3.0,0.2464,42.0,,,0.2528,38.0,0.2088,28.0,0.1771,11.0,0.2073,15.0,,,0.23,20.0
2020-01-17,0.0776,3.0,0.1096,3.0,0.2252,27.0,,,0.2312,25.0,0.209,30.0,0.1776,12.0,0.2133,18.0,,,0.2134,11.0
2020-01-16,0.0787,3.0,0.1113,3.0,0.2933,64.0,,,0.2342,27.0,0.209,30.0,0.1777,12.0,0.1968,12.0,,,0.2219,15.0
2020-01-15,0.0684,2.0,0.1088,3.0,0.2271,28.0,,,0.2717,50.0,0.2087,28.0,0.1777,12.0,0.2113,17.0,,,0.2219,15.0
2020-01-14,0.0765,3.0,0.1115,3.0,0.3171,73.0,,,0.2674,48.0,0.2093,30.0,0.1781,12.0,0.2117,17.0,,,0.2269,18.0
2020-01-13,0.086,5.0,0.1127,3.0,0.3197,74.0,,,0.2685,48.0,0.2092,30.0,0.1778,12.0,0.2117,17.0,,,0.2269,18.0
2020-01-10,0.0855,5.0,0.1245,6.0,0.2623,51.0,,,0.2324,25.0,0.2092,30.0,0.1778,12.0,0.2201,22.0,,,0.2245,17.0
2020-01-09,0.0846,4.0,0.1189,5.0,0.2648,53.0,,,0.249,35.0,0.2091,30.0,0.1778,12.0,0.2137,18.0,,,0.2291,20.0
2020-01-08,0.0757,3.0,0.1162,4.0,0.2675,54.0,,,0.2355,27.0,0.2091,30.0,0.1783,13.0,0.2287,28.0,,,0.2354,24.0
2020-01-07,0.0792,3.0,0.1187,5.0,0.2133,20.0,,,0.2264,22.0,0.2102,31.0,0.1793,13.0,0.2176,20.0,,,0.2325,22.0
2020-01-06,0.0805,4.0,0.1274,7.0,0.2583,49.0,,,0.2233,20.0,0.2102,31.0,0.1794,14.0,0.2147,19.0,,,0.2356,24.0
2020-01-03,0.0713,2.0,0.1222,5.0,0.2151,21.0,,,0.2067,14.0,0.2116,33.0,0.18,14.0,0.2163,19.0,,,0.2225,16.0
2020-01-02,0.0851,4.0,0.1339,9.0,0.199,14.0,,,0.2127,15.0,0.2114,32.0,0.1796,14.0,0.2129,18.0,,,0.2282,19.0
2019-12-31,0.0829,4.0,0.1433,13.0,0.1916,12.0,,,0.2016,12.0,0.2114,32.0,0.1791,13.0,0.2132,18.0,,,0.221,15.0
2019-12-30,0.1015,8.0,0.1523,18.0,0.2081,18.0,,,0.2137,16.0,0.2114,32.0,0.1792,13.0,0.2048,15.0,,,0.2266,18.0
2019-12-27,0.1471,26.0,0.1765,34.0,0.2134,20.0,,,0.2023,12.0,0.2123,34.0,0.1796,14.0,0.2112,17.0,,,0.229,20.0
2019-12-26,0.1492,27.0,0.181,37.0,0.1851,10.0,,,0.1856,8.0,0.2125,34.0,0.1797,14.0,0.2016,14.0,,,0.2234,16.0
2019-12-24,0.1551,28.0,0.1897,43.0,0.1711,6.0,,,0.172,5.0,0.2126,34.0,0.1799,14.0,0.2058,15.0,,,0.2238,16.0
2019-12-23,0.1663,34.0,0.1964,47.0,0.1957,13.0,,,0.1727,5.0,0.2137,36.0,0.1805,15.0,0.2042,14.0,,,0.2139,12.0
2019-12-20,0.1417,24.0,0.187,41.0,0.2065,17.0,,,0.1806,7.0,0.2135,36.0,0.1797,14.0,0.2007,13.0,,,0.2099,10.0
2019-12-19,0.1095,10.0,0.1735,31.0,0.2208,24.0,,,0.2054,13.0,0.2132,35.0,0.1791,13.0,0.2185,20.0,,,0.2231,16.0
2019-12-18,0.1389,22.0,0.1712,30.0,0.1856,10.0,,,0.2011,12.0,0.2131,35.0,0.1788,13.0,0.2066,15.0,,,0.2234,16.0
2019-12-17,0.1273,17.0,0.1477,15.0,0.1789,8.0,,,0.1673,4.0,0.212,33.0,0.1776,12.0,0.2088,16.0,,,0.2229,16.0
2019-12-16,0.1381,22.0,0.1387,11.0,0.2008,15.0,,,0.2027,12.0,0.212,33.0,0.1775,12.0,0.2001,13.0,,,0.2255,17.0
2019-12-13,0.1373,22.0,0.119,5.0,0.2061,17.0,,,0.1742,6.0,0.2116,33.0,0.1774,12.0,0.2069,15.0,,,0.2319,21.0
2019-12-12,0.1452,25.0,0.1122,3.0,0.1668,6.0,,,0.201,12.0,0.2119,33.0,0.1777,12.0,0.2101,17.0,,,0.2177,13.0
2019-12-11,0.1577,30.0,0.1229,5.0,0.1703,6.0,,,0.1604,4.0,0.212,33.0,0.1777,12.0,0.2011,13.0,,,0.2222,16.0
2019-12-10,0.1653,33.0,0.1317,8.0,0.1538,4.0,,,0.1934,10.0,0.213,35.0,0.1781,12.0,0.2048,15.0,,,0.2219,15.0
2019-12-09,0.1736,37.0,0.1289,7.0,0.1583,5.0,,,0.1553,3.0,0.2132,35.0,0.1782,13.0,0.2142,18.0,,,0.2231,16.0
2019-12-06,0.1566,30.0,0.1281,7.0,0.1507,4.0,,,0.1675,4.0,0.2126,34.0,0.1785,13.0,0.2037,14.0,,,0.2176,13.0
2019-12-05,0.1501,27.0,0.1359,10.0,0.1721,7.0,,,0.1848,8.0,0.2131,35.0,0.1789,13.0,0.2037,14.0,,,0.2241,16.0
2019-12-04,0.1385,22.0,0.1359,10.0,0.1684,6.0,,,0.1653,4.0,0.2128,34.0,0.1799,14.0,0.2028,14.0,,,0.2203,14.0
2019-12-03,0.123,15.0,0.1359,10.0,0.2033,16.0,,,0.1769,6.0,0.214,36.0,0.1805,15.0,0.2086,16.0,,,0.2207,15.0
2019-12-02,0.1056,9.0,0.1297,7.0,0.1905,11.0,,,0.1756,6.0,0.2135,36.0,0.1803,14.0,0.2088,16.0,,,0.2305,20.0
2019-11-29,0.1002,8.0,0.1245,6.0,0.1779,8.0,,,0.1583,3.0,0.2133,35.0,0.1801,14.0,0.2096,16.0,,,0.2138,12.0
2019-11-27,0.1178,13.0,0.1304,8.0,0.1649,5.0,,,0.1692,5.0,0.2129,35.0,0.1801,14.0,0.1976,12.0,,,0.2235,16.0
2019-11-26,0.1165,13.0,0.1283,7.0,0.158,5.0,,,0.1672,4.0,0.2135,36.0,0.1801,14.0,0.2003,13.0,,,0.2165,13.0
2019-11-25,0.1309,18.0,0.1259,6.0,0.175,7.0,,,0.1643,4.0,0.2136,36.0,0.18,14.0,0.2141,18.0,,,0.206,9.0
2019-11-22,0.1267,16.0,0.1288,7.0,0.161,5.0,,,0.1977,11.0,0.2136,36.0,0.1814,16.0,0.2073,15.0,,,0.2261,18.0
2019-11-21,0.1312,19.0,0.1293,7.0,0.1899,11.0,,,0.1844,8.0,0.2134,36.0,0.1817,16.0,0.216,19.0,,,0.2056,8.0
2019-11-20,0.1014,8.0,0.1228,5.0,0.172,7.0,,,0.1678,5.0,0.2132,35.0,0.1818,17.0,0.2145,19.0,,,0.2114,11.0
2019-11-19,0.1306,18.0,0.1298,7.0,0.146,3.0,,,0.1901,9.0,0.2137,36.0,0.1841,20.0,0.2115,17.0,,,0.2143,12.0
2019-11-18,0.1063,9.0,0.1259,6.0,0.162,5.0,,,0.1835,7.0,0.2125,34.0,0.1838,20.0,0.2059,15.0,,,0.2146,12.0
2019-11-15,0.1124,11.0,0.1428,13.0,0.1682,6.0,,,0.175,6.0,0.213,35.0,0.184,20.0,0.2142,18.0,,,0.2092,10.0
2019-11-14,0.0858,5.0,0.146,15.0,0.1803,9.0,,,0.1852,8.0,0.2122,34.0,0.184,20.0,0.2128,18.0,,,0.2129,11.0
2019-11-13,0.2192,56.0,0.1874,41.0,0.1938,12.0,,,0.1898,9.0,0.2122,34.0,0.1844,20.0,0.2159,19.0,,,0.213,11.0
2019-11-12,0.24,63.0,0.2093,55.0,0.1893,11.0,,,0.2129,16.0,0.2126,34.0,0.1848,21.0,0.2188,21.0,,,0.2129,11.0
2019-11-11,0.2393,63.0,0.2135,57.0,0.1951,13.0,,,0.1828,7.0,0.2125,34.0,0.1858,22.0,0.2089,16.0,,,0.2072,9.0
2019-11-08,0.2391,63.0,0.2137,57.0,0.1888,11.0,,,0.175,6.0,0.2135,36.0,0.1868,23.0,0.2182,20.0,,,0.2151,12.0
2019-11-07,0.2414,63.0,0.2207,60.0,0.2014,15.0,,,0.1919,9.0,0.2136,36.0,0.1873,23.0,0.2293,28.0,,,0.2198,14.0
2019-11-06,0.2446,64.0,0.2224,61.0,0.1995,14.0,,,0.2272,22.0,0.222,43.0,0.1927,30.0,0.2229,24.0,,,0.2179,13.0
2019-11-05,0.2419,64.0,0.2194,60.0,0.2048,16.0,,,0.2577,41.0,0.2272,47.0,0.1932,30.0,0.2181,20.0,,,0.2135,11.0
2019-11-04,0.1505,27.0,0.1909,44.0,0.2813,60.0,,,0.3328,73.0,0.2222,43.0,0.1919,28.0,0.203,14.0,,,0.2359,24.0
2019-11-01,0.1229,15.0,0.172,30.0,0.2331,32.0,,,0.2383,28.0,0.2216,42.0,0.1912,28.0,0.2081,16.0,,,0.2311,21.0
2019-10-31,0.1236,15.0,0.1652,26.0,0.2624,51.0,,,0.2906,57.0,0.2217,43.0,0.1912,28.0,0.2017,14.0,,,0.2312,21.0
2019-10-30,0.2164,55.0,0.2047,52.0,0.2455,41.0,,,0.2567,40.0,0.2239,44.0,0.192,28.0,0.2107,17.0,,,0.2291,20.0
2019-10-29,0.246,65.0,0.2115,56.0,0.2655,53.0,,,0.2807,54.0,0.2238,44.0,0.1918,28.0,0.2114,17.0,,,0.232,21.0
2019-10-28,0.2217,57.0,0.199,49.0,0.263,52.0,,,0.2493,35.0,0.2233,44.0,0.1914,28.0,0.2022,14.0,,,0.2277,19.0
2019-10-25,0.2096,52.0,0.1982,48.0,0.2435,39.0,,,0.2526,38.0,0.2229,43.0,0.1916,28.0,0.2143,19.0,,,0.2327,22.0
2019-10-24,0.2001,48.0,0.1932,45.0,0.2379,35.0,,,0.2435,32.0,0.2228,43.0,0.1916,28.0,0.2074,15.0,,,0.2352,24.0
2019-10-23,0.259,69.0,0.1927,45.0,0.2507,45.0,,,0.2509,37.0,0.2229,43.0,0.1914,28.0,0.2132,18.0,,,0.2374,25.0
2019-10-22,0.2511,66.0,0.1993,49.0,0.2375,35.0,,,0.2904,57.0,0.2231,43.0,0.1916,28.0,0.2106,17.0,,,0.2432,30.0
2019-10-21,0.2014,49.0,0.1475,15.0,0.2548,47.0,,,0.2495,36.0,0.22,42.0,0.1893,25.0,0.2285,28.0,,,0.2353,24.0
2019-10-18,0.1404,23.0,0.1212,5.0,0.2324,32.0,,,0.2512,37.0,0.218,40.0,0.1886,25.0,0.2048,15.0,,,0.2288,19.0
2019-10-17,0.1435,24.0,0.1239,6.0,0.215,21.0,,,0.2517,37.0,0.2189,41.0,0.1891,25.0,0.2131,18.0,,,0.2339,22.0
2019-10-16,0.2437,64.0,0.1387,11.0,0.2422,38.0,,,0.2306,24.0,0.2205,42.0,0.1899,27.0,0.2121,17.0,,,0.2288,19.0
2019-10-15,0.2441,64.0,0.1355,9.0,0.2902,63.0,,,0.2696,49.0,0.2203,42.0,0.191,28.0,0.2124,18.0,,,0.2442,31.0
2019-10-14,0.211,53.0,0.1371,10.0,0.2702,55.0,,,0.2311,24.0,0.22,42.0,0.1917,28.0,0.2297,28.0,,,0.2435,30.0
2019-10-11,0.2316,60.0,0.1525,18.0,0.2703,55.0,,,0.2355,27.0,0.227,47.0,0.1966,32.0,0.2377,34.0,,,0.2398,27.0
2019-10-10,0.2403,63.0,0.1615,23.0,0.2429,39.0,,,0.2605,43.0,0.2304,49.0,0.199,34.0,0.225,25.0,,,0.2537,39.0
2019-10-09,0.285,75.0,0.1987,48.0,0.2562,48.0,,,0.2489,35.0,0.2304,49.0,0.1991,34.0,0.2267,26.0,,,0.2455,32.0
2019-10-08,0.3087,79.0,0.2118,56.0,0.2954,65.0,,,0.2236,20.0,0.23,49.0,0.199,34.0,0.2488,44.0,,,0.2494,36.0
2019-10-07,0.2946,77.0,0.2333,67.0,0.2492,44.0,,,0.2324,25.0,0.2271,47.0,0.1986,34.0,0.2263,26.0,,,0.2496,36.0
2019-10-04,0.2985,78.0,0.2458,72.0,0.2049,16.0,,,0.2194,18.0,0.227,47.0,0.1988,34.0,0.216,19.0,,,0.2515,37.0
2019-10-03,0.2835,75.0,0.249,73.0,0.2548,47.0,,,0.239,28.0,0.2266,46.0,0.1989,34.0,0.2197,21.0,,,0.2529,38.0
2019-10-02,0.252,67.0,0.2423,71.0,0.2683,54.0,,,0.2744,51.0,0.2257,46.0,0.1981,34.0,0.2273,27.0,,,0.2546,40.0
2019-10-01,0.2519,67.0,0.2375,69.0,0.2502,44.0,,,0.2659,47.0,0.225,45.0,0.1981,34.0,0.2224,23.0,,,0.2598,44.0
2019-09-30,0.21,52.0,0.2086,54.0,0.2356,34.0,,,0.2139,16.0,0.2214,42.0,0.1965,32.0,0.2302,28.0,,,0.2535,39.0
2019-09-27,0.1763,38.0,0.2013,50.0,0.2507,45.0,,,0.2373,28.0,0.2201,42.0,0.1957,32.0,0.2231,24.0,,,0.2423,28.0
2019-09-26,0.1146,12.0,0.1929,45.0,0.2232,25.0,,,0.2225,20.0,0.2176,40.0,0.1941,31.0,0.2198,21.0,,,0.2286,19.0
2019-09-25,0.0952,7.0,0.186,40.0,0.2277,28.0,,,0.2204,19.0,0.2171,40.0,0.1945,31.0,0.2122,17.0,,,0.2349,23.0
2019-09-24,0.0932,6.0,0.1835,38.0,0.2337,33.0,,,0.2274,22.0,0.2175,40.0,0.1942,31.0,0.2123,18.0,,,0.2346,23.0
2019-09-23,0.196,46.0,0.2034,51.0,0.2381,36.0,,,0.2244,21.0,0.2179,40.0,0.1944,31.0,0.2146,19.0,,,0.2295,20.0
2019-09-20,0.2465,65.0,0.2072,54.0,0.2255,27.0,,,0.2076,14.0,0.2189,41.0,0.1957,32.0,0.2187,21.0,,,0.2298,20.0
2019-09-19,0.2695,72.0,0.231,66.0,0.2213,24.0,,,0.2309,24.0,0.219,41.0,0.1956,32.0,0.2139,18.0,,,0.2319,21.0
2019-09-18,0.3181,81.0,0.2371,69.0,0.2734,57.0,,,0.2124,15.0,0.2188,41.0,0.1954,32.0,0.2295,28.0,,,0.2235,16.0
2019-09-17,0.4746,95.0,0.3119,87.0,0.2473,42.0,,,0.2039,13.0,0.2201,42.0,0.1941,31.0,0.2182,20.0,,,0.2274,19.0
2019-09-16,0.4723,95.0,0.3086,86.0,0.2915,64.0,,,0.2683,48.0,0.2208,42.0,0.1943,31.0,0.2115,17.0,,,0.2444,31.0
2019-09-13,0.4788,95.0,0.3069,86.0,0.2862,62.0,,,0.2314,25.0,0.2209,42.0,0.1942,31.0,0.2287,28.0,,,0.2325,22.0
2019-09-12,0.462,94.0,0.2904,84.0,0.1982,14.0,,,0.2654,46.0,0.2173,40.0,0.1925,30.0,0.2113,17.0,,,0.2395,27.0
2019-09-11,0.4227,92.0,0.2971,85.0,0.2032,16.0,,,0.2174,17.0,0.215,38.0,0.1925,30.0,0.2089,16.0,,,0.235,23.0
2019-09-10,0.3737,88.0,0.2892,84.0,0.2139,20.0,,,0.2448,33.0,0.2134,36.0,0.191,28.0,0.2209,22.0,,,0.238,26.0
2019-09-09,0.3917,90.0,0.2816,82.0,0.2051,16.0,,,0.2426,31.0,0.21,31.0,0.1904,27.0,0.2177,20.0,,,0.2332,22.0
2019-09-06,0.1465,25.0,0.1694,28.0,0.1395,2.0,,,0.1744,6.0,0.1913,18.0,0.1826,18.0,0.1973,12.0,,,0.2078,9.0
2019-09-05,0.1942,46.0,0.1778,35.0,0.1288,1.0,,,0.1812,7.0,0.1916,18.0,0.1827,18.0,0.1964,12.0,,,0.2112,11.0
2019-09-04,0.1941,46.0,0.1709,30.0,0.1726,7.0,,,0.2004,12.0,0.1923,19.0,0.1827,18.0,0.2023,14.0,,,0.2108,10.0
2019-09-03,0.2359,61.0,0.1876,42.0,0.1871,10.0,,,0.2109,15.0,0.1926,19.0,0.1827,18.0,0.2019,14.0,,,0.2309,21.0
2019-08-30,0.2117,53.0,0.1724,31.0,0.1514,4.0,,,0.1826,7.0,0.1913,18.0,0.1817,16.0,0.1955,11.0,,,0.22,14.0
2019-08-29,0.2048,50.0,0.1514,18.0,0.1519,4.0,,,0.1848,8.0,0.1918,18.0,0.1809,15.0,0.198,12.0,,,0.2113,11.0
2019-08-28,0.2141,54.0,0.1572,21.0,0.1724,7.0,,,0.1834,7.0,0.1914,18.0,0.1812,16.0,0.2042,14.0,,,0.2164,12.0
2019-08-27,0.215,54.0,0.1552,20.0,0.1689,6.0,,,0.1998,11.0,0.1916,18.0,0.1816,16.0,0.1977,12.0,,,0.2259,18.0
2019-08-26,0.1515,28.0,0.1467,15.0,0.1783,8.0,,,0.2132,16.0,0.1899,17.0,0.1816,16.0,0.1935,11.0,,,0.2251,17.0
2019-08-23,0.1447,25.0,0.1511,17.0,0.2501,44.0,,,0.2344,27.0,0.1898,17.0,0.1818,17.0,0.2108,17.0,,,0.2201,14.0
2019-08-22,0.1726,36.0,0.1344,9.0,0.1816,9.0,,,0.201,12.0,0.1877,16.0,0.1806,15.0,0.2139,18.0,,,0.2251,17.0
2019-08-21,0.1848,42.0,0.1395,11.0,0.1806,9.0,,,0.1926,9.0,0.1882,16.0,0.1805,15.0,0.196,11.0,,,0.218,13.0
2019-08-20,0.1862,42.0,0.1485,16.0,0.1876,10.0,,,0.2017,12.0,0.1884,16.0,0.1811,16.0,0.204,14.0,,,0.2188,14.0
2019-08-19,0.1701,35.0,0.1442,14.0,0.1907,11.0,,,0.2044,13.0,0.1871,16.0,0.1808,15.0,0.1985,12.0,,,0.2115,11.0
2019-08-16,0.1847,41.0,0.1446,14.0,0.219,23.0,,,0.1772,6.0,0.1872,16.0,0.1809,15.0,0.1932,11.0,,,0.2021,7.0
2019-08-15,0.1835,41.0,0.1703,28.0,0.2162,21.0,,,0.2187,18.0,0.1872,16.0,0.1808,15.0,0.1988,12.0,,,0.2102,10.0
2019-08-14,0.3649,87.0,0.2037,52.0,0.2069,17.0,,,0.1975,11.0,0.1872,16.0,0.1809,15.0,0.2116,17.0,,,0.2133,11.0
2019-08-13,0.3588,86.0,0.2098,55.0,0.2149,21.0,,,0.2067,14.0,0.1838,14.0,0.1804,15.0,0.2022,14.0,,,0.2197,14.0
2019-08-12,0.3701,88.0,0.2059,53.0,0.2123,19.0,,,0.2011,12.0,0.1838,14.0,0.1809,15.0,0.2041,14.0,,,0.2217,15.0
2019-08-09,0.3703,88.0,0.2067,53.0,0.1901,11.0,,,0.1773,6.0,0.184,15.0,0.1807,15.0,0.1993,13.0,,,0.2154,12.0
2019-08-08,0.3703,88.0,0.2073,54.0,0.1695,6.0,,,0.1837,8.0,0.184,15.0,0.1823,17.0,0.1862,9.0,,,0.2241,16.0
2019-08-07,0.3719,88.0,0.2044,52.0,0.209,18.0,,,0.2182,18.0,0.184,15.0,0.1826,18.0,0.208,16.0,,,0.2197,14.0
2019-08-06,0.3724,88.0,0.181,37.0,0.2217,24.0,,,0.2202,19.0,0.1842,15.0,0.1811,16.0,0.1949,11.0,,,0.2184,13.0
2019-08-05,0.1704,35.0,0.1462,15.0,0.3521,83.0,,,0.3624,81.0,0.1697,8.0,0.1794,14.0,0.2084,16.0,,,0.2413,28.0
2019-08-02,0.1062,9.0,0.1314,8.0,0.209,18.0,,,0.215,16.0,0.1662,6.0,0.1786,13.0,0.2077,15.0,,,0.2264,18.0
2019-08-01,0.0999,8.0,0.1427,13.0,0.2781,57.0,,,0.2781,53.0,0.1682,7.0,0.1799,14.0,0.2073,15.0,,,0.2308,21.0
2019-07-31,0.1003,8.0,0.1363,10.0,0.2399,37.0,,,0.2163,17.0,0.1683,7.0,0.1801,14.0,0.2017,14.0,,,0.2219,15.0
2019-07-30,0.0942,6.0,0.1275,7.0,0.2174,22.0,,,0.2358,27.0,0.1681,7.0,0.18,14.0,0.1913,10.0,,,0.2274,19.0
2019-07-29,0.1183,13.0,0.1383,11.0,0.2288,28.0,,,0.2345,27.0,0.1678,7.0,0.181,16.0,0.1969,12.0,,,0.2206,14.0
2019-07-26,0.1159,12.0,0.1364,10.0,0.2108,19.0,,,0.2203,19.0,0.1678,7.0,0.1821,17.0,0.192,10.0,,,0.2174,13.0
2019-07-25,0.1004,8.0,0.128,7.0,0.2214,24.0,,,0.2287,23.0,0.1682,7.0,0.1824,18.0,0.2074,15.0,,,0.2267,18.0
2019-07-24,0.0998,8.0,0.1271,6.0,0.2293,28.0,,,0.2337,26.0,0.1689,7.0,0.1826,18.0,0.1903,10.0,,,0.2269,18.0
2019-07-23,0.093,6.0,0.1287,7.0,0.2217,24.0,,,0.2371,28.0,0.1693,7.0,0.1826,18.0,0.1936,11.0,,,0.2216,15.0
2019-07-22,0.1258,16.0,0.149,16.0,0.2789,59.0,,,0.2397,30.0,0.1698,8.0,0.1826,18.0,0.2023,14.0,,,0.228,19.0
2019-07-19,0.1169,13.0,0.1507,17.0,0.2247,26.0,,,0.2104,15.0,0.1698,8.0,0.183,18.0,0.2061,15.0,,,0.2206,14.0
2019-07-18,0.1431,24.0,0.1562,20.0,0.244,40.0,,,0.2166,17.0,0.1688,7.0,0.1828,18.0,0.2027,14.0,,,0.2254,17.0
2019-07-17,0.1473,26.0,0.1551,20.0,0.2349,33.0,,,0.219,18.0,0.1688,7.0,0.1831,19.0,0.2096,16.0,,,0.2323,22.0
2019-07-16,0.1473,26.0,0.1527,18.0,0.1998,14.0,,,0.1868,8.0,0.1692,7.0,0.1845,20.0,0.206,15.0,,,0.2259,18.0
2019-07-15,0.1477,26.0,0.1506,17.0,0.1867,10.0,,,0.1647,4.0,0.1699,8.0,0.1846,21.0,0.1969,12.0,,,0.219,14.0
2019-07-12,0.1764,38.0,0.1477,15.0,0.1617,5.0,,,0.1638,4.0,0.1711,8.0,0.1845,20.0,0.1987,12.0,,,0.2161,12.0
2019-07-11,0.1618,32.0,0.1285,7.0,0.2097,18.0,,,0.1354,1.0,0.1723,8.0,0.1839,20.0,0.1998,13.0,,,0.2165,13.0
2019-07-10,0.1657,33.0,0.1397,11.0,0.1867,10.0,,,0.1974,11.0,0.1725,8.0,0.184,20.0,0.1919,10.0,,,0.2168,13.0
2019-07-09,0.1198,14.0,0.1363,10.0,0.1711,6.0,,,0.1533,3.0,0.1705,8.0,0.1842,20.0,0.1896,10.0,,,0.2189,14.0
2019-07-08,0.1186,13.0,0.1361,10.0,0.1614,5.0,,,0.1436,2.0,0.1707,8.0,0.1843,20.0,0.1991,13.0,,,0.2155,12.0
2019-07-05,0.1197,14.0,0.1434,13.0,0.1486,3.0,,,0.1505,3.0,0.1731,9.0,0.1856,21.0,0.1793,7.0,,,0.2071,9.0
2019-07-03,0.1062,9.0,0.144,14.0,0.1442,3.0,,,0.1215,1.0,0.1729,8.0,0.1864,22.0,0.1842,8.0,,,0.2205,14.0
2019-07-02,0.0993,7.0,0.1358,10.0,0.1261,1.0,,,0.1459,2.0,0.1747,9.0,0.1871,23.0,0.1808,8.0,,,0.2114,11.0
2019-07-01,0.1111,11.0,0.1386,11.0,0.1316,2.0,,,0.1461,2.0,0.1795,11.0,0.1881,24.0,0.1703,5.0,,,0.1882,4.0
2019-06-28,0.1106,11.0,0.1407,12.0,0.1721,7.0,,,0.1826,7.0,0.184,15.0,0.1886,25.0,0.1886,9.0,,,0.213,11.0
2019-06-27,0.1059,9.0,0.1438,14.0,0.1715,7.0,,,0.1613,4.0,0.184,15.0,0.1883,25.0,0.1936,11.0,,,0.2185,13.0
2019-06-26,0.101,8.0,0.15,17.0,0.1851,10.0,,,0.1693,5.0,0.1838,14.0,0.1896,26.0,0.205,15.0,,,0.2071,9.0
2019-06-25,0.111,11.0,0.1542,19.0,0.172,7.0,,,0.1705,5.0,0.1842,15.0,0.1923,28.0,0.2034,14.0,,,0.2304,20.0
2019-06-24,0.1452,25.0,0.1612,23.0,0.1688,6.0,,,0.1709,5.0,0.1905,18.0,0.1953,32.0,0.1889,10.0,,,0.2234,16.0
2019-06-21,0.152,28.0,0.1662,26.0,0.1413,3.0,,,0.1824,7.0,0.197,21.0,0.1967,32.0,0.1736,6.0,,,0.2149,12.0
2019-06-20,0.1598,31.0,0.168,28.0,0.1619,5.0,,,0.1651,4.0,0.1998,22.0,0.1991,34.0,0.1944,11.0,,,0.2013,7.0
2019-06-19,0.1627,32.0,0.1743,32.0,0.1833,9.0,,,0.1572,3.0,0.2049,26.0,0.2012,36.0,0.1808,8.0,,,0.2308,21.0
2019-06-18,0.181,40.0,0.1749,32.0,0.1734,7.0,,,0.1743,6.0,0.2047,26.0,0.2029,37.0,0.1872,9.0,,,0.209,10.0
2019-06-17,0.1794,39.0,0.1765,34.0,0.1682,6.0,,,0.282,55.0,0.2059,27.0,0.2046,38.0,0.1766,7.0,,,0.2211,15.0
2019-06-14,0.1664,34.0,0.1739,32.0,0.2011,15.0,,,0.1483,3.0,0.2081,28.0,0.2052,39.0,0.2069,15.0,,,0.2099,10.0
2019-06-13,0.1357,21.0,0.1679,27.0,0.1805,9.0,,,0.1617,4.0,0.2083,28.0,0.2058,39.0,0.2034,14.0,,,0.2107,10.0
2019-06-12,0.1194,14.0,0.1632,24.0,0.1317,2.0,,,0.1889,9.0,0.2109,32.0,0.2083,42.0,0.1963,12.0,,,0.2062,9.0
2019-06-11,0.1189,14.0,0.1587,22.0,0.1969,13.0,,,0.182,7.0,0.212,33.0,0.2088,42.0,0.205,15.0,,,0.228,19.0
2019-06-10,0.1108,11.0,0.1671,27.0,0.2321,31.0,,,0.215,16.0,0.2122,34.0,0.2088,42.0,0.1938,11.0,,,0.2184,13.0
2019-06-07,0.0751,3.0,0.1619,23.0,0.2143,20.0,,,0.2109,15.0,0.2108,31.0,0.2094,43.0,0.2005,13.0,,,0.2177,13.0
2019-06-06,0.0907,6.0,0.1628,24.0,0.1485,3.0,,,0.192,9.0,0.2174,40.0,0.2126,46.0,0.1789,7.0,,,0.2035,8.0
2019-06-05,0.1175,13.0,0.2025,51.0,0.1269,1.0,,,0.2016,12.0,0.2179,40.0,0.2161,49.0,0.1807,8.0,,,0.2081,9.0
2019-06-04,0.1105,11.0,0.2033,51.0,0.1508,4.0,,,0.2142,16.0,0.2182,41.0,0.2172,51.0,0.1702,5.0,,,0.207,9.0
2019-06-03,0.0854,4.0,0.2032,51.0,0.1555,4.0,,,0.2142,16.0,0.2179,40.0,0.2174,51.0,0.174,6.0,,,0.211,10.0
2019-05-31,0.0839,4.0,0.204,52.0,0.1507,4.0,,,0.1965,10.0,0.2179,40.0,0.2177,52.0,0.1845,8.0,,,0.2102,10.0
2019-05-30,0.1005,8.0,0.1893,43.0,0.1791,8.0,,,0.1814,7.0,0.218,40.0,0.2174,51.0,0.1709,5.0,,,0.2047,8.0
2019-05-29,0.1241,15.0,0.1919,44.0,0.1612,5.0,,,0.2159,17.0,0.2236,44.0,0.2188,53.0,0.174,6.0,,,0.1944,5.0
2019-05-28,0.1229,15.0,0.2027,51.0,0.1635,5.0,,,0.2098,15.0,0.2238,44.0,0.2189,53.0,0.176,6.0,,,0.2052,8.0
2019-05-24,0.1409,23.0,0.1865,41.0,0.2107,19.0,,,0.1886,8.0,0.2234,44.0,0.217,51.0,0.1857,9.0,,,0.2108,10.0
2019-05-23,0.1408,23.0,0.1965,47.0,0.2005,15.0,,,0.1836,7.0,0.2234,44.0,0.2172,51.0,0.1807,8.0,,,0.1918,5.0
2019-05-22,0.2421,64.0,0.2807,82.0,0.2056,17.0,,,0.1764,6.0,0.2229,43.0,0.2173,51.0,0.1769,7.0,,,0.1908,4.0
2019-05-21,0.3627,87.0,0.2874,83.0,0.1687,6.0,,,0.191,9.0,0.2265,46.0,0.2181,52.0,0.1694,4.0,,,0.2115,11.0
2019-05-20,0.37,88.0,0.292,84.0,0.1568,4.0,,,0.1924,9.0,0.2289,47.0,0.2188,53.0,0.1828,8.0,,,0.2058,9.0
2019-05-17,0.3703,88.0,0.2932,84.0,0.1778,8.0,,,0.1641,4.0,0.2285,47.0,0.2186,53.0,0.1891,10.0,,,0.1994,7.0
2019-05-16,0.3729,88.0,0.2862,83.0,0.1636,5.0,,,0.1748,6.0,0.2292,48.0,0.2187,53.0,0.1746,6.0,,,0.208,9.0
2019-05-15,0.3858,89.0,0.2839,83.0,0.1989,14.0,,,0.1868,8.0,0.2297,48.0,0.2191,53.0,0.2085,16.0,,,0.2052,8.0
2019-05-14,0.3857,89.0,0.2814,82.0,0.2396,37.0,,,0.208,14.0,0.2303,49.0,0.2193,54.0,0.2021,14.0,,,0.208,9.0
2019-05-13,0.2407,63.0,0.2003,49.0,0.4428,95.0,,,0.388,87.0,0.222,43.0,0.2144,47.0,0.1972,12.0,,,0.2368,25.0
2019-05-10,0.17,35.0,0.1932,45.0,0.3127,71.0,,,0.337,75.0,0.2169,40.0,0.2139,47.0,0.1846,8.0,,,0.2121,11.0
2019-05-09,0.1727,36.0,0.1862,41.0,0.2862,62.0,,,0.2869,57.0,0.2169,40.0,0.2134,46.0,0.1785,7.0,,,0.2216,15.0
2019-05-08,0.1761,38.0,0.1756,33.0,0.2123,19.0,,,0.3051,64.0,0.2187,41.0,0.214,47.0,0.19,10.0,,,0.2143,12.0
2019-05-07,0.1792,39.0,0.174,32.0,0.2669,54.0,,,0.2871,57.0,0.2282,47.0,0.2189,53.0,0.1732,6.0,,,0.2084,10.0
2019-05-06,0.0415,1.0,0.1536,19.0,0.1996,14.0,,,0.2958,61.0,0.2255,45.0,0.2179,52.0,0.1657,3.0,,,0.2096,10.0
2019-05-03,0.0468,1.0,0.151,17.0,0.2692,55.0,,,0.2371,28.0,0.2254,45.0,0.2183,52.0,0.173,5.0,,,0.2077,9.0
2019-05-02,0.069,2.0,0.1573,21.0,0.2318,31.0,,,0.2511,37.0,0.2271,47.0,0.2186,53.0,0.173,5.0,,,0.2049,8.0
2019-05-01,0.0984,7.0,0.1676,27.0,0.3198,74.0,,,0.2675,48.0,0.2277,47.0,0.2188,53.0,0.1845,8.0,,,0.2092,10.0
2019-04-30,0.0996,7.0,0.1809,37.0,0.226,27.0,,,0.2289,23.0,0.2277,47.0,0.2188,53.0,0.1771,7.0,,,0.1934,5.0
2019-04-29,0.1105,11.0,0.1988,49.0,0.1818,9.0,,,0.2428,32.0,0.2292,48.0,0.219,53.0,0.1826,8.0,,,0.2162,12.0
2019-04-26,0.3187,81.0,0.2722,80.0,0.1886,11.0,,,0.2066,13.0,0.2307,49.0,0.2194,54.0,0.1802,7.0,,,0.2039,8.0
2019-04-25,0.368,88.0,0.2978,85.0,0.1893,11.0,,,0.2054,13.0,0.2311,49.0,0.2202,54.0,0.1697,4.0,,,0.2002,7.0
2019-04-24,0.3672,88.0,0.2948,85.0,0.2067,17.0,,,0.21,15.0,0.2313,50.0,0.2206,54.0,0.1777,7.0,,,0.2123,11.0
2019-04-23,0.353,86.0,0.2886,84.0,0.2319,31.0,,,0.2157,17.0,0.2306,49.0,0.2214,55.0,0.1632,2.0,,,0.216,12.0
2019-04-22,0.3371,83.0,0.2814,82.0,0.2246,26.0,,,0.2185,18.0,0.2296,48.0,0.2207,54.0,0.1886,9.0,,,0.2108,10.0
2019-04-18,0.3393,84.0,0.2687,79.0,0.2195,23.0,,,0.2412,31.0,0.2312,49.0,0.221,55.0,0.164,3.0,,,0.2253,17.0
2019-04-17,0.3047,79.0,0.2614,78.0,0.1999,14.0,,,0.24,30.0,0.2305,49.0,0.2206,54.0,0.2096,16.0,,,0.1807,2.0
2019-04-16,0.2028,49.0,0.1836,38.0,0.2075,18.0,,,0.2007,12.0,0.2236,44.0,0.216,49.0,0.1994,13.0,,,0.183,3.0
2019-04-15,0.0827,4.0,0.1402,12.0,0.1746,7.0,,,0.1753,6.0,0.225,45.0,0.2153,48.0,0.1508,1.0,,,0.1763,1.0
2019-04-12,0.0854,4.0,0.1449,14.0,0.1826,9.0,,,0.192,9.0,0.225,45.0,0.2157,49.0,0.1732,6.0,,,0.1945,5.0
2019-04-11,0.0955,7.0,0.148,16.0,0.1793,8.0,,,0.1931,10.0,0.2256,45.0,0.2161,49.0,0.1664,4.0,,,0.1968,6.0
2019-04-10,0.0658,2.0,0.1513,17.0,0.245,41.0,,,0.1717,5.0,0.225,45.0,0.2167,50.0,0.1796,7.0,,,0.1919,5.0
2019-04-09,0.0474,1.0,0.1746,32.0,0.1988,14.0,,,0.1873,8.0,0.2283,47.0,0.2178,52.0,0.1731,6.0,,,0.1976,6.0
2019-04-08,0.0922,6.0,0.172,30.0,0.2012,15.0,,,0.2181,18.0,0.2283,47.0,0.2177,52.0,0.1781,7.0,,,0.1991,7.0
2019-04-05,0.1189,14.0,0.1806,36.0,0.1992,14.0,,,0.1956,10.0,0.229,48.0,0.2189,53.0,0.1724,5.0,,,0.1864,3.0
2019-04-04,0.15,27.0,0.1989,49.0,0.188,11.0,,,0.154,3.0,0.229,48.0,0.2187,53.0,0.1707,5.0,,,0.2011,7.0
2019-04-03,0.148,26.0,0.1946,46.0,0.2004,15.0,,,0.1931,10.0,0.2306,49.0,0.219,53.0,0.1945,11.0,,,0.1938,5.0
2019-04-02,0.1485,26.0,0.1944,46.0,0.1762,8.0,,,0.2329,26.0,0.2314,50.0,0.2195,54.0,0.1843,8.0,,,0.2009,7.0
2019-04-01,0.1881,43.0,0.1922,44.0,0.1665,6.0,,,0.2051,13.0,0.2319,50.0,0.2194,54.0,0.1858,9.0,,,0.1903,4.0
2019-03-29,0.1946,46.0,0.1821,38.0,0.1561,4.0,,,0.2048,13.0,0.2318,50.0,0.2184,53.0,0.1704,5.0,,,0.1995,7.0
2019-03-28,0.1938,45.0,0.183,38.0,0.1759,8.0,,,0.1881,8.0,0.2316,50.0,0.2183,52.0,0.1723,5.0,,,0.2048,8.0
2019-03-27,0.1873,42.0,0.1687,28.0,0.1956,13.0,,,0.1679,5.0,0.2311,49.0,0.2177,52.0,0.1884,9.0,,,0.2105,10.0
2019-03-26,0.1599,31.0,0.1462,15.0,0.1616,5.0,,,0.1735,5.0,0.2304,49.0,0.2166,50.0,0.1679,4.0,,,0.2133,11.0
2019-03-25,0.1529,28.0,0.1469,15.0,0.1616,5.0,,,0.164,4.0,0.2303,49.0,0.2165,50.0,0.1818,8.0,,,0.2028,8.0
2019-03-22,0.1563,30.0,0.1502,17.0,0.2426,39.0,,,0.1726,5.0,0.2301,49.0,0.2163,49.0,0.1848,9.0,,,0.1988,7.0
2019-03-21,0.0976,7.0,0.1446,14.0,0.1382,2.0,,,0.1633,4.0,0.2287,47.0,0.216,49.0,0.177,7.0,,,0.2041,8.0
2019-03-20,0.0711,2.0,0.1351,9.0,0.2002,15.0,,,0.1773,6.0,0.2279,47.0,0.2153,48.0,0.186,9.0,,,0.198,6.0
2019-03-19,0.098,7.0,0.1329,9.0,0.1968,13.0,,,0.2146,16.0,0.2282,47.0,0.2151,48.0,0.1958,11.0,,,0.2147,12.0
2019-03-18,0.1139,12.0,0.1374,10.0,0.1563,4.0,,,0.1664,4.0,0.2289,47.0,0.216,49.0,0.1846,8.0,,,0.2044,8.0
2019-03-15,0.1158,12.0,0.1288,7.0,0.1501,4.0,,,0.1657,4.0,0.2306,49.0,0.2161,49.0,0.1697,4.0,,,0.2129,11.0
2019-03-14,0.1415,23.0,0.1314,8.0,0.1476,3.0,,,0.1792,7.0,0.232,50.0,0.2167,50.0,0.1914,10.0,,,0.2102,10.0
2019-03-13,0.1481,26.0,0.137,10.0,0.1785,8.0,,,0.1736,6.0,0.2319,50.0,0.2166,50.0,0.1909,10.0,,,0.2173,13.0
2019-03-12,0.1486,26.0,0.1488,16.0,0.1465,3.0,,,0.2232,20.0,0.2319,50.0,0.2167,50.0,0.1829,8.0,,,0.2255,17.0
2019-03-11,0.1591,31.0,0.1561,20.0,0.1603,5.0,,,0.314,67.0,0.2317,50.0,0.2165,50.0,0.1887,10.0,,,0.2396,27.0
2019-03-08,0.1234,15.0,0.1513,17.0,0.2092,18.0,,,0.2091,14.0,0.2308,49.0,0.2162,49.0,0.2079,16.0,,,0.2045,8.0
2019-03-07,0.1213,14.0,0.1475,15.0,0.2134,20.0,,,0.1807,7.0,0.2307,49.0,0.2162,49.0,0.2215,23.0,,,0.2157,12.0
2019-03-06,0.1303,18.0,0.1479,16.0,0.2205,24.0,,,0.1642,4.0,0.2307,49.0,0.2163,49.0,0.2171,20.0,,,0.2028,8.0
2019-03-05,0.1181,13.0,0.1549,19.0,0.2234,26.0,,,0.1793,7.0,0.2304,49.0,0.2161,49.0,0.2064,15.0,,,0.2081,9.0
2019-03-04,0.1122,11.0,0.1485,16.0,0.1891,11.0,,,0.1615,4.0,0.2304,49.0,0.2159,49.0,0.2015,13.0,,,0.2058,9.0
2019-03-01,0.1109,11.0,0.1393,11.0,0.1487,3.0,,,0.2038,13.0,0.2303,49.0,0.2154,48.0,0.1742,6.0,,,0.2235,16.0
2019-02-28,0.0664,2.0,0.1275,7.0,0.1665,6.0,,,0.1655,4.0,0.2297,48.0,0.2148,48.0,0.1955,11.0,,,0.2167,13.0
2019-02-27,0.0641,2.0,0.1313,8.0,0.1834,9.0,,,0.1857,8.0,0.2297,48.0,0.2147,48.0,0.1932,11.0,,,0.2186,13.0
2019-02-26,0.0957,7.0,0.1308,8.0,0.1847,10.0,,,0.1675,4.0,0.2297,48.0,0.2147,48.0,0.1997,13.0,,,0.2071,9.0
2019-02-25,0.0823,4.0,0.1481,16.0,0.1346,2.0,,,0.2139,16.0,0.2293,48.0,0.2146,48.0,0.1872,9.0,,,0.2154,12.0
2019-02-22,0.0871,5.0,0.1398,11.0,0.172,7.0,,,0.1881,8.0,0.2294,48.0,0.2143,47.0,0.1788,7.0,,,0.2137,11.0
2019-02-21,0.0926,6.0,0.1745,32.0,0.1648,5.0,,,0.2063,13.0,0.2294,48.0,0.2141,47.0,0.194,11.0,,,0.2122,11.0
2019-02-20,0.0886,5.0,0.1796,36.0,0.1995,14.0,,,0.1956,10.0,0.2293,48.0,0.214,47.0,0.1905,10.0,,,0.2022,7.0
2019-02-19,0.1063,9.0,0.176,33.0,0.1791,8.0,,,0.1993,11.0,0.2294,48.0,0.2138,47.0,0.1917,10.0,,,0.2092,10.0
2019-02-15,0.1053,9.0,0.1786,35.0,0.193,12.0,,,0.2211,19.0,0.2294,48.0,0.2135,47.0,0.1891,10.0,,,0.22,14.0
2019-02-14,0.0972,7.0,0.1796,36.0,0.1726,7.0,,,0.1944,10.0,0.2292,48.0,0.2137,47.0,0.1862,9.0,,,0.2252,17.0
2019-02-13,0.1514,28.0,0.1899,43.0,0.1719,7.0,,,0.1935,10.0,0.229,48.0,0.2131,46.0,0.1986,12.0,,,0.2262,18.0
2019-02-12,0.1314,19.0,0.1979,48.0,0.2007,15.0,,,0.2918,59.0,0.2298,48.0,0.2133,46.0,0.1956,11.0,,,0.2159,12.0
2019-02-11,0.1316,19.0,0.1672,27.0,0.4337,94.0,,,0.4929,97.0,0.2295,48.0,0.2116,45.0,0.2195,21.0,,,0.2311,21.0
2019-02-08,0.1303,18.0,0.1767,34.0,0.3118,71.0,,,0.3381,75.0,0.2292,48.0,0.2115,45.0,0.1784,7.0,,,0.2145,12.0
2019-02-07,0.1246,16.0,0.1974,48.0,0.3223,74.0,,,0.3477,78.0,0.2291,48.0,0.2118,45.0,0.1871,9.0,,,0.2066,9.0
2019-02-06,0.1545,28.0,0.2012,50.0,0.2907,63.0,,,0.3074,65.0,0.2296,48.0,0.2122,45.0,0.1764,7.0,,,0.198,6.0
2019-02-05,0.1771,38.0,0.2074,54.0,0.3032,68.0,,,0.3056,64.0,0.2311,49.0,0.2207,54.0,0.177,7.0,,,0.2066,9.0
2019-02-04,0.1312,19.0,0.1941,46.0,0.2991,67.0,,,0.3282,72.0,0.229,48.0,0.2199,54.0,0.1606,2.0,,,0.2354,24.0
2019-02-01,0.143,24.0,0.1856,40.0,0.2825,60.0,,,0.3122,67.0,0.2289,47.0,0.2194,54.0,0.1751,6.0,,,0.2264,18.0
2019-01-31,0.144,25.0,0.1885,42.0,0.2873,62.0,,,0.2858,56.0,0.2288,47.0,0.2195,54.0,0.1712,5.0,,,0.2165,13.0
2019-01-30,0.144,25.0,0.1753,33.0,0.193,12.0,,,0.3374,75.0,0.2294,48.0,0.2194,54.0,0.1765,7.0,,,0.226,18.0
2019-01-29,0.1412,23.0,0.1597,22.0,0.2688,55.0,,,0.3123,67.0,0.2295,48.0,0.2186,53.0,0.1936,11.0,,,0.2257,17.0
2019-01-28,0.1327,19.0,0.1737,32.0,0.2569,49.0,,,0.2979,61.0,0.2309,49.0,0.2191,53.0,0.1825,8.0,,,0.2189,14.0
2019-01-25,0.0947,6.0,0.1715,30.0,0.2549,47.0,,,0.2513,37.0,0.2305,49.0,0.2188,53.0,0.1679,4.0,,,0.2307,20.0
2019-01-24,0.1066,9.0,0.1694,28.0,0.2492,44.0,,,0.2827,55.0,0.2301,49.0,0.2187,53.0,0.17,4.0,,,0.2421,28.0
2019-01-23,0.2002,48.0,0.1746,32.0,0.2694,55.0,,,0.2653,46.0,0.2296,48.0,0.2186,53.0,0.1882,9.0,,,0.2161,12.0
2019-01-22,0.2017,49.0,0.1711,30.0,0.2349,33.0,,,0.2671,47.0,0.2295,48.0,0.2183,52.0,0.1805,7.0,,,0.2307,20.0
2019-01-18,0.2035,50.0,0.1832,38.0,0.2422,38.0,,,0.2474,34.0,0.2295,48.0,0.2182,52.0,0.198,12.0,,,0.22,14.0
2019-01-17,0.1999,48.0,0.1785,35.0,0.2517,45.0,,,0.2437,32.0,0.2296,48.0,0.2183,52.0,0.1968,12.0,,,0.2294,20.0
2019-01-16,0.2231,57.0,0.1753,33.0,0.259,50.0,,,0.2528,38.0,0.229,48.0,0.2172,51.0,0.195,11.0,,,0.2339,22.0
2019-01-15,0.2237,57.0,0.1844,39.0,0.2718,56.0,,,0.2795,54.0,0.2283,47.0,0.2169,50.0,0.2099,16.0,,,0.241,28.0
2019-01-14,0.2387,62.0,0.1972,48.0,0.2973,66.0,,,0.2658,47.0,0.2271,47.0,0.2166,50.0,0.221,22.0,,,0.2344,23.0
2019-01-11,0.2693,71.0,0.2106,55.0,0.2304,30.0,,,0.2328,26.0,0.2254,45.0,0.2163,49.0,0.2118,17.0,,,0.2432,30.0
2019-01-10,0.3354,83.0,0.2236,62.0,0.2653,53.0,,,0.3469,78.0,0.2252,45.0,0.2163,49.0,0.2014,13.0,,,0.2762,57.0
2019-01-09,0.338,83.0,0.2138,57.0,0.2865,62.0,,,0.3214,70.0,0.2243,44.0,0.2157,49.0,0.212,17.0,,,0.2368,25.0
2019-01-08,0.3366,83.0,0.2318,66.0,0.2952,65.0,,,0.3281,72.0,0.2244,45.0,0.2157,49.0,0.1996,13.0,,,0.264,48.0
2019-01-07,0.313,80.0,0.2552,75.0,0.3658,86.0,,,0.3846,86.0,0.2217,43.0,0.2147,48.0,0.2186,20.0,,,0.2607,45.0
2019-01-04,0.3808,89.0,0.2855,83.0,0.3448,81.0,,,0.3722,84.0,0.2218,43.0,0.2141,47.0,0.2183,20.0,,,0.2579,42.0
2019-01-03,0.4176,92.0,0.2897,84.0,0.4567,96.0,,,0.3693,83.0,0.2192,41.0,0.213,46.0,0.2593,53.0,,,0.2504,36.0
2019-01-02,0.4072,91.0,0.3079,86.0,0.34,80.0,,,0.2689,48.0,0.2177,40.0,0.2123,45.0,0.2587,52.0,,,0.2461,33.0
2018-12-31,0.4165,91.0,0.3271,89.0,0.2786,59.0,,,0.3173,68.0,0.2147,38.0,0.2114,44.0,0.2151,19.0,,,0.2585,43.0
2018-12-28,0.3995,90.0,0.3485,92.0,0.257,49.0,,,0.2551,39.0,0.2136,36.0,0.2113,44.0,0.2353,32.0,,,0.2792,59.0
2018-12-27,0.3962,90.0,0.3562,92.0,0.2176,22.0,,,0.439,94.0,0.2148,38.0,0.2107,44.0,0.2027,14.0,,,0.297,68.0
2018-12-26,0.3735,88.0,0.3387,91.0,0.1891,11.0,,,0.3965,88.0,0.2149,38.0,0.2089,42.0,0.1957,11.0,,,0.3076,72.0
2018-12-24,0.1432,24.0,0.3164,88.0,0.437,95.0,,,0.2306,24.0,0.2082,28.0,0.2061,39.0,0.284,67.0,,,0.2309,21.0
2018-12-21,0.1182,13.0,0.333,90.0,0.3097,70.0,,,0.2589,42.0,0.2043,26.0,0.2052,39.0,0.257,51.0,,,0.232,21.0
2018-12-20,0.2623,70.0,0.3134,87.0,0.2815,60.0,,,0.3179,68.0,0.202,24.0,0.2029,37.0,0.2477,43.0,,,0.2421,28.0
2018-12-19,0.2364,62.0,0.2925,84.0,0.6131,99.0,,,0.2177,17.0,0.1987,22.0,0.2006,35.0,0.2421,38.0,,,0.2244,17.0
2018-12-18,0.2626,70.0,0.2796,82.0,0.4829,97.0,,,0.235,27.0,0.1983,22.0,0.1986,34.0,0.2488,44.0,,,0.2457,33.0
2018-12-17,0.3179,81.0,0.3006,85.0,0.227,28.0,,,0.2247,21.0,0.1974,21.0,0.1967,32.0,0.2401,36.0,,,0.2456,32.0
2018-12-14,0.3031,79.0,0.3337,90.0,0.2528,46.0,,,0.2343,27.0,0.1945,20.0,0.1958,32.0,0.226,26.0,,,0.2255,17.0
2018-12-13,0.3023,78.0,0.3374,90.0,0.3699,87.0,,,0.2011,12.0,0.194,19.0,0.1948,31.0,0.1952,11.0,,,0.2196,14.0
2018-12-12,0.2971,78.0,0.3085,86.0,0.2457,41.0,,,0.1998,11.0,0.1922,18.0,0.1926,30.0,0.1963,12.0,,,0.2044,8.0
2018-12-11,0.2471,65.0,0.3039,86.0,0.3459,81.0,,,0.2059,13.0,0.1901,17.0,0.1917,28.0,0.19,10.0,,,0.2107,10.0
2018-12-10,0.2553,68.0,0.304,86.0,0.1744,7.0,,,0.3806,86.0,0.1906,18.0,0.1908,28.0,0.165,3.0,,,0.2453,32.0
2018-12-07,0.3481,85.0,0.3121,87.0,0.3565,84.0,,,0.1928,9.0,0.1904,17.0,0.1899,27.0,0.2303,28.0,,,0.2067,9.0
2018-12-06,0.2494,66.0,0.2727,80.0,0.1944,13.0,,,0.2051,13.0,0.1834,14.0,0.1862,22.0,0.1834,8.0,,,0.2184,13.0
2018-12-04,0.2282,59.0,0.2191,60.0,0.188,11.0,,,0.2201,19.0,0.1828,14.0,0.1821,17.0,0.1786,7.0,,,0.2115,11.0
2018-12-03,0.203,50.0,0.2033,51.0,0.1814,9.0,,,0.1975,11.0,0.1838,14.0,0.1811,16.0,0.1707,5.0,,,0.2211,15.0
2018-11-30,0.2042,50.0,0.202,50.0,0.2746,57.0,,,0.153,3.0,0.1843,15.0,0.1814,16.0,0.1962,12.0,,,0.197,6.0
2018-11-29,0.2903,76.0,0.2121,56.0,0.1697,6.0,,,0.2066,13.0,0.1843,15.0,0.1809,15.0,0.1826,8.0,,,0.2048,8.0
2018-11-28,0.3339,83.0,0.2164,59.0,0.1693,6.0,,,0.2405,30.0,0.1843,15.0,0.1801,14.0,0.163,2.0,,,0.2327,22.0
2018-11-27,0.2326,60.0,0.1885,42.0,0.199,14.0,,,0.2383,28.0,0.1775,10.0,0.178,12.0,0.1813,8.0,,,0.2173,13.0
2018-11-26,0.2467,65.0,0.1998,49.0,0.1991,14.0,,,0.2238,20.0,0.1774,10.0,0.1776,12.0,0.197,12.0,,,0.2312,21.0
2018-11-23,0.2524,67.0,0.2255,63.0,0.2384,36.0,,,0.2565,40.0,0.1776,10.0,0.1773,12.0,0.1988,12.0,,,0.2228,16.0
2018-11-21,0.2484,66.0,0.2337,67.0,0.2242,26.0,,,0.2708,49.0,0.1777,10.0,0.1769,11.0,0.1945,11.0,,,0.212,11.0
2018-11-20,0.2342,61.0,0.2371,69.0,0.2498,44.0,,,0.2134,16.0,0.1776,10.0,0.177,11.0,0.1863,9.0,,,0.2088,10.0
2018-11-19,0.2009,48.0,0.2237,62.0,0.1324,2.0,,,0.2695,49.0,0.1736,9.0,0.1765,11.0,0.188,9.0,,,0.1981,6.0
2018-11-16,0.1754,37.0,0.2089,55.0,0.1385,2.0,,,0.1713,5.0,0.1704,8.0,0.1753,10.0,0.1752,6.0,,,0.2036,8.0
2018-11-15,0.2213,57.0,0.226,63.0,0.1572,4.0,,,0.1985,11.0,0.1705,8.0,0.1751,10.0,0.1699,4.0,,,0.1929,5.0
2018-11-14,0.3534,86.0,0.2881,84.0,0.1845,10.0,,,0.1853,8.0,0.1696,8.0,0.174,10.0,0.1841,8.0,,,0.206,9.0
2018-11-13,0.316,80.0,0.2671,79.0,0.1875,10.0,,,0.1854,8.0,0.168,7.0,0.1723,9.0,0.1629,2.0,,,0.1956,6.0
2018-11-12,0.2905,77.0,0.2676,79.0,0.4335,94.0,,,0.1684,5.0,0.167,6.0,0.1711,9.0,0.1661,3.0,,,0.1811,2.0
2018-11-09,0.2811,74.0,0.2699,80.0,0.1627,5.0,,,0.3586,80.0,0.1669,6.0,0.1706,9.0,0.1739,6.0,,,0.1895,4.0
2018-11-08,0.2563,68.0,0.2738,81.0,0.1683,6.0,,,0.3321,73.0,0.1682,7.0,0.171,9.0,0.1692,4.0,,,0.1923,5.0
2018-11-07,0.272,72.0,0.2761,81.0,0.3438,81.0,,,0.1721,5.0,0.1693,7.0,0.171,9.0,0.1793,7.0,,,0.1856,3.0
2018-11-06,0.2715,72.0,0.2629,78.0,0.3111,71.0,,,0.3315,73.0,0.1679,7.0,0.1699,9.0,0.1781,7.0,,,0.2062,9.0
2018-11-05,0.2254,57.0,0.1865,41.0,0.4399,95.0,,,0.4038,89.0,0.1548,3.0,0.1639,6.0,0.1814,8.0,,,0.218,13.0
2018-11-02,0.2276,59.0,0.2045,52.0,0.35,82.0,,,0.3564,80.0,0.1564,4.0,0.1646,7.0,0.212,17.0,,,0.2275,19.0
2018-11-01,0.2234,57.0,0.2022,51.0,0.3121,71.0,,,0.341,76.0,0.1615,5.0,0.1688,8.0,0.1871,9.0,,,0.2122,11.0
2018-10-31,0.2076,51.0,0.2147,57.0,0.2392,36.0,,,0.231,24.0,0.1593,4.0,0.1687,8.0,0.1886,9.0,,,0.2126,11.0
2018-10-30,0.2126,53.0,0.2079,54.0,0.2347,33.0,,,0.2464,34.0,0.1584,4.0,0.1682,8.0,0.1904,10.0,,,0.2163,12.0
2018-10-29,0.2439,64.0,0.2236,62.0,0.2272,28.0,,,0.3416,76.0,0.1612,5.0,0.1698,9.0,0.2005,13.0,,,0.2225,16.0
2018-10-26,0.2019,49.0,0.227,64.0,0.3218,74.0,,,0.3317,73.0,0.1592,4.0,0.1699,9.0,0.2037,14.0,,,0.2248,17.0
2018-10-25,0.1805,39.0,0.2181,59.0,0.261,51.0,,,0.2534,38.0,0.1568,4.0,0.169,8.0,0.1993,13.0,,,0.2206,14.0
2018-10-24,0.2823,75.0,0.2248,62.0,0.2496,44.0,,,0.2252,21.0,0.156,3.0,0.1679,8.0,0.1978,12.0,,,0.2121,11.0
2018-10-23,0.2762,73.0,0.2211,61.0,0.2346,33.0,,,0.2331,26.0,0.1562,3.0,0.1672,8.0,0.1846,8.0,,,0.2147,12.0
2018-10-22,0.2874,76.0,0.2049,52.0,0.2375,35.0,,,0.2435,32.0,0.1564,4.0,0.1659,7.0,0.1944,11.0,,,0.2163,12.0
2018-10-19,0.2791,74.0,0.2179,59.0,0.2384,36.0,,,0.2219,19.0,0.1561,3.0,0.1665,7.0,0.1952,11.0,,,0.2141,12.0
2018-10-18,0.305,79.0,0.217,59.0,0.2357,34.0,,,0.2186,18.0,0.1537,3.0,0.165,7.0,0.1928,10.0,,,0.2129,11.0
2018-10-17,0.2901,76.0,0.2149,57.0,0.2016,15.0,,,0.2056,13.0,0.1536,3.0,0.1658,7.0,0.1989,13.0,,,0.2059,9.0
2018-10-16,0.3029,79.0,0.2364,69.0,0.2896,63.0,,,0.2446,33.0,0.1536,3.0,0.166,7.0,0.2127,18.0,,,0.2226,16.0
2018-10-15,0.193,45.0,0.215,57.0,0.1949,13.0,,,0.2032,12.0,0.1458,2.0,0.1642,6.0,0.1908,10.0,,,0.2123,11.0
2018-10-12,0.2017,49.0,0.2149,57.0,0.2912,64.0,,,0.391,87.0,0.1461,2.0,0.1636,6.0,0.1925,10.0,,,0.2345,23.0
2018-10-11,0.1972,47.0,0.2204,60.0,0.279,59.0,,,0.2965,61.0,0.1459,2.0,0.1631,6.0,0.1813,8.0,,,0.2296,20.0
2018-10-10,0.1224,15.0,0.2022,51.0,0.233,32.0,,,0.3297,72.0,0.1445,1.0,0.1621,6.0,0.2186,20.0,,,0.2333,22.0
2018-10-09,0.1082,10.0,0.1885,42.0,0.2014,15.0,,,0.3367,75.0,0.1423,1.0,0.1612,5.0,0.1994,13.0,,,0.2048,8.0
2018-10-08,0.1415,23.0,0.1839,39.0,0.185,10.0,,,0.3161,68.0,0.1423,1.0,0.1607,5.0,0.1976,12.0,,,0.2055,8.0
2018-10-05,0.1421,24.0,0.1541,19.0,0.1876,10.0,,,0.1925,9.0,0.1413,1.0,0.1589,5.0,0.1856,9.0,,,0.2052,8.0
2018-10-04,0.1408,23.0,0.1515,18.0,0.2007,15.0,,,0.1994,11.0,0.1414,1.0,0.1587,5.0,0.1868,9.0,,,0.205,8.0
2018-10-03,0.1269,17.0,0.1365,10.0,0.161,5.0,,,0.1592,4.0,0.1397,1.0,0.158,4.0,0.1781,7.0,,,0.1957,6.0
2018-10-02,0.1073,9.0,0.1152,4.0,0.1542,4.0,,,0.1536,3.0,0.1384,1.0,0.1575,4.0,0.1762,7.0,,,0.1927,5.0
2018-10-01,0.0794,3.0,0.1057,2.0,0.1592,5.0,,,0.1469,2.0,0.1407,1.0,0.1591,5.0,0.1744,6.0,,,0.1896,4.0
2018-09-28,0.0853,4.0,0.095,1.0,0.1376,2.0,,,0.1346,1.0,0.1417,1.0,0.1597,5.0,0.1724,5.0,,,0.1872,3.0
2018-09-27,0.085,4.0,0.0969,1.0,0.1426,3.0,,,0.1425,2.0,0.1415,1.0,0.1603,5.0,0.174,6.0,,,0.1903,4.0
2018-09-26,0.12,14.0,0.1222,5.0,0.1374,2.0,,,0.1333,1.0,0.1428,1.0,0.1611,5.0,0.1719,5.0,,,0.1874,3.0
2018-09-25,0.1632,32.0,0.1346,9.0,0.1396,2.0,,,0.1399,2.0,0.1474,2.0,0.1643,7.0,0.1739,6.0,,,0.1872,3.0
2018-09-24,0.2022,49.0,0.1522,18.0,0.1429,3.0,,,0.1444,2.0,0.1506,2.0,0.1656,7.0,0.1747,6.0,,,0.1891,4.0
2018-09-21,0.2033,50.0,0.1558,20.0,0.1427,3.0,,,0.1376,2.0,0.1509,2.0,0.1659,7.0,0.1735,6.0,,,0.1878,4.0
2018-09-20,0.2048,50.0,0.162,24.0,0.1463,3.0,,,0.1449,2.0,0.1521,2.0,0.1665,7.0,0.1754,6.0,,,0.1901,4.0
2018-09-19,0.2058,51.0,0.166,26.0,0.1532,4.0,,,0.1478,3.0,0.1543,3.0,0.1674,8.0,0.1771,7.0,,,0.1898,4.0
2018-09-18,0.1976,47.0,0.1604,22.0,0.1559,4.0,,,0.151,3.0,0.1587,4.0,0.1691,9.0,0.1761,6.0,,,0.1898,4.0
2018-09-17,0.1814,40.0,0.1436,13.0,0.1697,6.0,,,0.159,3.0,0.1606,4.0,0.1688,8.0,0.1789,7.0,,,0.1907,4.0
2018-09-14,0.1268,16.0,0.1325,8.0,0.1473,3.0,,,0.1426,2.0,0.1586,4.0,0.1684,8.0,0.172,5.0,,,0.1897,4.0
2018-09-13,0.0742,3.0,0.1127,3.0,0.1309,2.0,,,0.1323,1.0,0.1567,4.0,0.1676,8.0,0.1654,3.0,,,0.1814,2.0
2018-09-12,0.0794,3.0,0.1162,4.0,0.1337,2.0,,,0.1363,2.0,0.157,4.0,0.1676,8.0,0.1651,3.0,,,0.1811,2.0
2018-09-11,0.078,3.0,0.1119,3.0,0.147,3.0,,,0.1359,1.0,0.1568,4.0,0.1673,8.0,0.165,3.0,,,0.1794,2.0
2018-09-10,0.0657,2.0,0.1077,2.0,0.1372,2.0,,,0.1466,2.0,0.1566,4.0,0.1671,8.0,0.1657,3.0,,,0.1823,2.0
2018-09-07,0.0681,2.0,0.1063,2.0,0.132,2.0,,,0.1347,1.0,0.1566,4.0,0.1672,8.0,0.1639,3.0,,,0.181,2.0
2018-09-06,0.0784,3.0,0.1001,2.0,0.1323,2.0,,,0.137,2.0,0.1572,4.0,0.1676,8.0,0.1648,3.0,,,0.1807,2.0
2018-09-05,0.0742,3.0,0.0953,1.0,0.1403,3.0,,,0.141,2.0,0.1574,4.0,0.1675,8.0,0.166,3.0,,,0.182,2.0
2018-09-04,0.0659,2.0,0.1023,2.0,0.1335,2.0,,,0.1258,1.0,0.1588,4.0,0.1679,8.0,0.1638,2.0,,,0.1813,2.0
2018-08-31,0.0581,1.0,0.0912,1.0,0.1243,1.0,,,0.1256,1.0,0.1586,4.0,0.1679,8.0,0.1621,2.0,,,0.1773,2.0
2018-08-30,0.062,2.0,0.0903,1.0,0.1313,2.0,,,0.1287,1.0,0.1589,4.0,0.1679,8.0,0.1638,2.0,,,0.1787,2.0
2018-08-29,0.0539,1.0,0.0914,1.0,0.1279,1.0,,,0.123,1.0,0.1616,5.0,0.1698,9.0,0.1625,2.0,,,0.1769,1.0
2018-08-28,0.05,1.0,0.0916,1.0,0.1102,1.0,,,0.1251,1.0,0.1623,5.0,0.1707,9.0,0.1623,2.0,,,0.1779,2.0
2018-08-27,0.0591,1.0,0.098,1.0,0.1244,1.0,,,0.1244,1.0,0.1625,5.0,0.1712,9.0,0.1642,3.0,,,0.1684,1.0
2018-08-24,0.0589,1.0,0.1041,2.0,0.1298,1.0,,,0.1299,1.0,0.1639,5.0,0.1725,9.0,0.1566,1.0,,,0.1678,1.0
2018-08-23,0.1096,10.0,0.1083,3.0,0.111,1.0,,,0.1514,3.0,0.1644,5.0,0.1727,9.0,0.1595,2.0,,,0.191,4.0
2018-08-22,0.1092,10.0,0.109,3.0,0.1278,1.0,,,0.1428,2.0,0.1644,5.0,0.1728,9.0,0.1649,3.0,,,0.1769,1.0
2018-08-21,0.1138,12.0,0.1158,4.0,0.1122,1.0,,,0.1383,2.0,0.1647,5.0,0.1733,9.0,0.1517,1.0,,,0.1775,2.0
2018-08-20,0.1059,9.0,0.1266,6.0,0.1204,1.0,,,0.1409,2.0,0.1652,6.0,0.1736,9.0,0.1537,1.0,,,0.1778,2.0
2018-08-17,0.1297,18.0,0.1497,17.0,0.1195,1.0,,,0.1366,2.0,0.1653,6.0,0.1742,10.0,0.1656,3.0,,,0.1719,1.0
2018-08-16,0.1661,33.0,0.2937,84.0,0.2273,28.0,,,0.1648,4.0,0.1653,6.0,0.1748,10.0,0.1746,6.0,,,0.1792,2.0
2018-08-15,0.1616,32.0,0.296,85.0,0.1549,4.0,,,0.1755,6.0,0.1658,6.0,0.1748,10.0,0.1687,4.0,,,0.1836,3.0
2018-08-14,0.1478,26.0,0.2937,84.0,0.1471,3.0,,,0.1673,4.0,0.1645,5.0,0.175,10.0,0.162,2.0,,,0.1745,1.0
2018-08-13,0.1489,27.0,0.297,85.0,0.1816,9.0,,,0.1856,8.0,0.1652,6.0,0.1758,11.0,0.1602,2.0,,,0.1935,5.0
2018-08-10,0.1711,36.0,0.3033,86.0,0.142,3.0,,,0.1768,6.0,0.1699,8.0,0.1779,12.0,0.1613,2.0,,,0.173,1.0
2018-08-09,0.1736,37.0,0.3005,85.0,0.1422,3.0,,,0.1635,4.0,0.17,8.0,0.1793,13.0,0.1577,1.0,,,0.1683,1.0
2018-08-08,0.2012,49.0,0.3047,86.0,0.1749,7.0,,,0.1818,7.0,0.1695,7.0,0.179,13.0,0.1543,1.0,,,0.1887,4.0
2018-08-07,0.1566,30.0,0.1674,27.0,0.1743,7.0,,,0.2038,13.0,0.1679,7.0,0.1716,9.0,0.1806,8.0,,,0.1848,3.0
2018-08-06,0.1569,30.0,0.1693,28.0,0.2738,57.0,,,0.2313,25.0,0.1715,8.0,0.1746,10.0,0.1659,3.0,,,0.1907,4.0
2018-08-03,0.1468,26.0,0.1678,27.0,0.2684,54.0,,,0.2805,54.0,0.1756,9.0,0.1808,15.0,0.1606,2.0,,,0.1939,5.0
2018-08-02,0.1465,25.0,0.1627,24.0,0.2672,54.0,,,0.2202,19.0,0.1756,9.0,0.1829,18.0,0.1569,1.0,,,0.1893,4.0
2018-08-01,0.1374,22.0,0.1467,15.0,0.3932,90.0,,,0.1502,3.0,0.1803,12.0,0.184,20.0,0.1688,4.0,,,0.1886,4.0
2018-07-31,0.1376,22.0,0.1538,19.0,0.3749,87.0,,,0.172,5.0,0.1809,12.0,0.184,20.0,0.1461,1.0,,,0.1688,1.0
2018-07-30,0.0779,3.0,0.1237,6.0,0.2399,37.0,,,0.2088,14.0,0.1791,11.0,0.1834,19.0,0.1665,4.0,,,0.1855,3.0
2018-07-27,0.0697,2.0,0.124,6.0,0.2451,41.0,,,0.2589,42.0,0.1804,12.0,0.1842,20.0,0.1662,3.0,,,0.1925,5.0
2018-07-26,0.0318,1.0,0.1123,3.0,0.1996,14.0,,,0.214,16.0,0.1803,12.0,0.1837,19.0,0.1604,2.0,,,0.1932,5.0
2018-07-25,0.0307,1.0,0.1118,3.0,0.2102,19.0,,,0.2348,27.0,0.1804,12.0,0.1837,19.0,0.1684,4.0,,,0.1905,4.0
2018-07-24,0.0698,2.0,0.1183,4.0,0.2085,18.0,,,0.2137,16.0,0.1804,12.0,0.1838,20.0,0.1657,3.0,,,0.19,4.0
2018-07-23,0.0696,2.0,0.1196,5.0,0.1999,14.0,,,0.2034,12.0,0.1804,12.0,0.1841,20.0,0.163,2.0,,,0.1916,5.0
2018-07-20,0.0766,3.0,0.1077,2.0,0.2004,15.0,,,0.2107,15.0,0.1803,12.0,0.1837,19.0,0.1708,5.0,,,0.1947,6.0
2018-07-19,0.0863,5.0,0.1086,3.0,0.2023,15.0,,,0.206,13.0,0.1803,12.0,0.1837,19.0,0.1702,5.0,,,0.193,5.0
2018-07-18,0.0833,4.0,0.1106,3.0,0.2124,19.0,,,0.1892,9.0,0.1802,12.0,0.1838,20.0,0.1702,5.0,,,0.1919,5.0
2018-07-17,0.0838,4.0,0.1069,2.0,0.2065,17.0,,,0.2106,15.0,0.1803,12.0,0.1839,20.0,0.164,3.0,,,0.1909,4.0
2018-07-16,0.1284,17.0,0.1171,4.0,0.2117,19.0,,,0.1992,11.0,0.1805,12.0,0.1839,20.0,0.1828,8.0,,,0.1933,5.0
2018-07-13,0.1082,10.0,0.1104,3.0,0.1795,8.0,,,0.1886,8.0,0.1801,12.0,0.1837,19.0,0.1718,5.0,,,0.1914,5.0
2018-07-12,0.1211,14.0,0.1089,3.0,0.2011,15.0,,,0.1984,11.0,0.1802,12.0,0.1849,21.0,0.1686,4.0,,,0.1994,7.0
2018-07-11,0.138,22.0,0.1269,6.0,0.1332,2.0,,,0.2082,14.0,0.1807,12.0,0.1851,21.0,0.1649,3.0,,,0.2012,7.0
2018-07-10,0.1287,17.0,0.1478,16.0,0.1485,3.0,,,0.2015,12.0,0.1806,12.0,0.185,21.0,0.176,6.0,,,0.1952,6.0
2018-07-09,0.1331,20.0,0.1474,15.0,0.169,6.0,,,0.1638,4.0,0.1805,12.0,0.185,21.0,0.1717,5.0,,,0.1943,5.0
2018-07-06,0.1913,44.0,0.1628,24.0,0.1452,3.0,,,0.2002,11.0,0.1811,12.0,0.1856,21.0,0.1767,7.0,,,0.1957,6.0
2018-07-05,0.1716,36.0,0.161,23.0,0.1786,8.0,,,0.2235,20.0,0.1818,13.0,0.1863,22.0,0.1595,2.0,,,0.18,2.0
2018-07-03,0.1964,47.0,0.1691,28.0,0.152,4.0,,,0.1758,6.0,0.1818,13.0,0.1863,22.0,0.1785,7.0,,,0.2016,7.0
2018-07-02,0.1958,46.0,0.1727,31.0,0.1483,3.0,,,0.1852,8.0,0.182,13.0,0.1865,22.0,0.1758,6.0,,,0.1947,6.0
2018-06-29,0.1607,32.0,0.1614,23.0,0.1688,6.0,,,0.2031,12.0,0.1821,13.0,0.1865,22.0,0.1777,7.0,,,0.1958,6.0
2018-06-28,0.1135,12.0,0.144,14.0,0.1553,4.0,,,0.1499,3.0,0.1814,12.0,0.1856,21.0,0.1881,9.0,,,0.1962,6.0
2018-06-27,0.1029,8.0,0.1432,13.0,0.1519,4.0,,,0.1729,5.0,0.182,13.0,0.1858,22.0,0.1724,5.0,,,0.1984,6.0
2018-06-26,0.1358,21.0,0.1468,15.0,0.2054,17.0,,,0.1462,2.0,0.1805,12.0,0.1853,21.0,0.172,5.0,,,0.1913,5.0
2018-06-25,0.1375,22.0,0.1402,12.0,0.1546,4.0,,,0.1539,3.0,0.1805,12.0,0.185,21.0,0.1711,5.0,,,0.1926,5.0
2018-06-22,0.1318,19.0,0.1316,8.0,0.1377,2.0,,,0.1354,1.0,0.1793,11.0,0.1846,21.0,0.1675,4.0,,,0.1887,4.0
2018-06-21,0.1381,22.0,0.1337,9.0,0.1402,3.0,,,0.1724,5.0,0.1792,11.0,0.1844,20.0,0.1538,1.0,,,0.1863,3.0
2018-06-20,0.1464,25.0,0.1386,11.0,0.1512,4.0,,,0.1363,2.0,0.1802,12.0,0.1847,21.0,0.1643,3.0,,,0.1908,4.0
2018-06-19,0.1466,26.0,0.139,11.0,0.1515,4.0,,,0.1445,2.0,0.1806,12.0,0.1851,21.0,0.164,3.0,,,0.19,4.0
2018-06-18,0.1676,34.0,0.1502,17.0,0.146,3.0,,,0.1425,2.0,0.1806,12.0,0.1851,21.0,0.1647,3.0,,,0.1897,4.0
2018-06-15,0.1752,37.0,0.1465,15.0,0.1487,3.0,,,0.156,3.0,0.1798,11.0,0.1848,21.0,0.1685,4.0,,,0.1936,5.0
2018-06-14,0.1741,37.0,0.1471,15.0,0.138,2.0,,,0.1418,2.0,0.1811,12.0,0.1857,22.0,0.1606,2.0,,,0.1881,4.0
2018-06-13,0.1614,32.0,0.1486,16.0,0.1416,3.0,,,0.139,2.0,0.1807,12.0,0.186,22.0,0.1676,4.0,,,0.1622,1.0
2018-06-12,0.1545,28.0,0.1404,12.0,0.1372,2.0,,,0.1308,1.0,0.1803,12.0,0.1857,22.0,0.1664,4.0,,,0.1841,3.0
2018-06-11,0.1403,23.0,0.1358,10.0,0.1355,2.0,,,0.1373,2.0,0.1799,11.0,0.1853,21.0,0.1615,2.0,,,0.191,4.0
2018-06-08,0.1565,30.0,0.1338,9.0,0.1392,2.0,,,0.1392,2.0,0.1803,12.0,0.1853,21.0,0.1686,4.0,,,0.1852,3.0
2018-06-07,0.1225,15.0,0.1214,5.0,0.1534,4.0,,,0.1497,3.0,0.1789,11.0,0.1848,21.0,0.173,5.0,,,0.1843,3.0
2018-06-06,0.0771,3.0,0.1126,3.0,0.1197,1.0,,,0.167,4.0,0.178,11.0,0.1841,20.0,0.1576,1.0,,,0.1807,2.0
2018-06-05,0.0985,7.0,0.1301,8.0,0.1611,5.0,,,0.395,88.0,0.1779,10.0,0.184,20.0,0.1611,2.0,,,0.1911,5.0
2018-06-04,0.0976,7.0,0.1301,8.0,0.1508,4.0,,,0.1745,6.0,0.178,11.0,0.1841,20.0,0.1508,1.0,,,0.1994,7.0
2018-06-01,0.0985,7.0,0.134,9.0,0.1922,12.0,,,0.1771,6.0,0.178,11.0,0.1843,20.0,0.1615,2.0,,,0.1771,1.0
2018-05-31,0.0932,6.0,0.1338,9.0,0.1601,5.0,,,0.1423,2.0,0.1779,10.0,0.1852,21.0,0.1682,4.0,,,0.1814,2.0
2018-05-30,0.1091,10.0,0.1392,11.0,0.1216,1.0,,,0.1596,4.0,0.1776,10.0,0.1853,21.0,0.1572,1.0,,,0.1898,4.0
2018-05-29,0.1052,9.0,0.1359,10.0,0.1516,4.0,,,0.1955,10.0,0.1776,10.0,0.1853,21.0,0.1691,4.0,,,0.1857,3.0
2018-05-25,0.1057,9.0,0.1305,8.0,0.1266,1.0,,,0.142,2.0,0.1777,10.0,0.185,21.0,0.1599,2.0,,,0.1801,2.0
2018-05-24,0.1201,14.0,0.1264,6.0,0.1304,2.0,,,0.1381,2.0,0.1773,10.0,0.1842,20.0,0.166,3.0,,,0.1819,2.0
2018-05-23,0.1592,31.0,0.1301,8.0,0.1248,1.0,,,0.1596,4.0,0.1774,10.0,0.1842,20.0,0.1679,4.0,,,0.1829,3.0
2018-05-22,0.1762,38.0,0.1385,11.0,0.1249,1.0,,,0.1481,3.0,0.1777,10.0,0.184,20.0,0.1703,5.0,,,0.1827,3.0
2018-05-21,0.1784,38.0,0.149,16.0,0.1431,3.0,,,0.1873,8.0,0.1777,10.0,0.1838,20.0,0.1538,1.0,,,0.193,5.0
2018-05-18,0.1899,44.0,0.161,23.0,0.1226,1.0,,,0.1499,3.0,0.1772,10.0,0.1836,19.0,0.1788,7.0,,,0.1864,3.0
2018-05-17,0.2442,64.0,0.2409,70.0,0.1396,2.0,,,0.1674,4.0,0.1772,10.0,0.1838,20.0,0.1633,2.0,,,0.1892,4.0
2018-05-16,0.2432,64.0,0.2478,73.0,0.139,2.0,,,0.1676,4.0,0.1772,10.0,0.1837,19.0,0.1702,5.0,,,0.1911,5.0
2018-05-15,0.237,62.0,0.2418,71.0,0.152,4.0,,,0.1811,7.0,0.1763,10.0,0.1832,19.0,0.1719,5.0,,,0.2201,14.0
2018-05-14,0.204,50.0,0.2629,78.0,0.1488,4.0,,,0.1683,5.0,0.1753,9.0,0.1832,19.0,0.1728,5.0,,,0.1943,5.0
2018-05-11,0.1784,38.0,0.2626,78.0,0.1315,2.0,,,0.1855,8.0,0.1747,9.0,0.1833,19.0,0.1764,7.0,,,0.1915,5.0
2018-05-10,0.1996,48.0,0.2552,75.0,0.184,10.0,,,0.1771,6.0,0.1758,10.0,0.1834,19.0,0.1732,6.0,,,0.2004,7.0
2018-05-09,0.1976,47.0,0.2469,72.0,0.1394,2.0,,,0.2957,61.0,0.1746,9.0,0.1827,18.0,0.1481,1.0,,,0.2451,32.0
2018-05-08,0.1688,34.0,0.1773,34.0,0.5065,98.0,,,0.4698,96.0,0.1699,8.0,0.1779,12.0,0.2184,20.0,,,0.2494,36.0
2018-05-07,0.1692,35.0,0.1708,30.0,0.1832,9.0,,,0.416,91.0,0.1693,7.0,0.1772,11.0,0.1766,7.0,,,0.2229,16.0
2018-05-04,0.1737,37.0,0.1807,36.0,0.2334,32.0,,,0.4984,97.0,0.171,8.0,0.1777,12.0,0.1656,3.0,,,0.2519,37.0
2018-05-03,0.1026,8.0,0.1472,15.0,0.2925,64.0,,,0.1989,11.0,0.1688,7.0,0.1766,11.0,0.189,10.0,,,0.2027,8.0
2018-05-02,0.1209,14.0,0.1649,26.0,0.1911,12.0,,,0.2005,12.0,0.1705,8.0,0.1779,12.0,0.1755,6.0,,,0.2049,8.0
2018-05-01,0.1268,16.0,0.1719,30.0,0.2045,16.0,,,0.271,49.0,0.1823,13.0,0.1831,19.0,0.1717,5.0,,,0.2071,9.0
2018-04-30,0.1154,12.0,0.1699,28.0,0.273,56.0,,,0.2522,38.0,0.183,14.0,0.1834,19.0,0.1728,5.0,,,0.2048,8.0
2018-04-27,0.1096,10.0,0.1662,26.0,0.2433,39.0,,,0.2236,20.0,0.1828,14.0,0.1832,19.0,0.1769,7.0,,,0.1996,7.0
2018-04-26,0.1072,9.0,0.1598,22.0,0.2576,49.0,,,0.2029,12.0,0.1842,15.0,0.1835,19.0,0.1791,7.0,,,0.2071,9.0
2018-04-25,0.1174,13.0,0.1573,21.0,0.2612,51.0,,,0.2438,32.0,0.1838,14.0,0.1829,18.0,0.1839,8.0,,,0.2176,13.0
2018-04-24,0.154,28.0,0.1584,21.0,0.2542,47.0,,,0.2464,34.0,0.1838,14.0,0.1828,18.0,0.1928,10.0,,,0.2165,13.0
2018-04-23,0.1238,15.0,0.1297,7.0,0.2353,34.0,,,0.236,28.0,0.183,14.0,0.1816,16.0,0.1746,6.0,,,0.2044,8.0
2018-04-20,0.1258,16.0,0.1229,5.0,0.2394,37.0,,,0.2323,25.0,0.1829,14.0,0.1814,16.0,0.1837,8.0,,,0.2087,10.0
2018-04-19,0.1334,20.0,0.1204,5.0,0.2318,31.0,,,0.2428,32.0,0.1831,14.0,0.1812,16.0,0.1745,6.0,,,0.2132,11.0
2018-04-18,0.1242,15.0,0.1186,4.0,0.2414,38.0,,,0.233,26.0,0.1828,14.0,0.1811,16.0,0.1879,9.0,,,0.2023,7.0
2018-04-17,0.116,12.0,0.131,8.0,0.2313,31.0,,,0.2193,18.0,0.1829,14.0,0.1811,16.0,0.1727,5.0,,,0.1981,6.0
2018-04-16,0.1991,48.0,0.1554,20.0,0.2271,28.0,,,0.2046,13.0,0.1823,13.0,0.1804,15.0,0.1761,6.0,,,0.1997,7.0
2018-04-13,0.1953,46.0,0.1641,25.0,0.2183,22.0,,,0.2261,21.0,0.1819,13.0,0.1803,14.0,0.1841,8.0,,,0.212,11.0
2018-04-12,0.195,46.0,0.177,34.0,0.219,23.0,,,0.2182,18.0,0.1828,14.0,0.1807,15.0,0.1987,12.0,,,0.2273,19.0
2018-04-11,0.2092,52.0,0.1897,43.0,0.1908,11.0,,,0.1393,2.0,0.1828,14.0,0.1807,15.0,0.2075,15.0,,,0.231,21.0
2018-04-10,0.2726,72.0,0.2354,68.0,0.2297,30.0,,,0.1635,4.0,0.1826,13.0,0.1806,15.0,0.1987,12.0,,,0.2209,15.0
2018-04-09,0.2983,78.0,0.2496,73.0,0.1845,10.0,,,0.1526,3.0,0.1818,13.0,0.1805,15.0,0.2034,14.0,,,0.2233,16.0
2018-04-06,0.2979,78.0,0.2479,73.0,0.2259,27.0,,,0.2005,12.0,0.1816,13.0,0.1801,14.0,0.1943,11.0,,,0.2169,13.0
2018-04-05,0.2721,72.0,0.2323,67.0,0.1884,11.0,,,0.1798,7.0,0.1793,11.0,0.1784,13.0,0.1963,12.0,,,0.2095,10.0
2018-04-04,0.284,75.0,0.2314,66.0,0.1589,5.0,,,0.2541,39.0,0.1785,11.0,0.1779,12.0,0.1622,2.0,,,0.1784,2.0
2018-04-03,0.3399,84.0,0.2466,72.0,0.2001,15.0,,,0.2273,22.0,0.1787,11.0,0.1774,12.0,0.1629,2.0,,,0.1934,5.0
2018-04-02,0.3387,83.0,0.2447,72.0,0.2408,37.0,,,0.2214,19.0,0.1778,10.0,0.1766,11.0,0.1822,8.0,,,0.2026,7.0
2018-03-29,0.3087,79.0,0.2045,52.0,0.1788,8.0,,,0.1649,4.0,0.1741,9.0,0.1735,9.0,0.23,28.0,,,0.2723,54.0
2018-03-28,0.2548,67.0,0.1881,42.0,0.1995,14.0,,,0.2134,16.0,0.1713,8.0,0.1725,9.0,0.2175,20.0,,,0.2392,27.0
2018-03-27,0.2354,61.0,0.1844,39.0,0.2099,18.0,,,0.1975,11.0,0.1709,8.0,0.1721,9.0,0.2087,16.0,,,0.233,22.0
2018-03-26,0.239,62.0,0.1751,33.0,0.2074,17.0,,,0.2064,13.0,0.1704,8.0,0.1719,9.0,0.2093,16.0,,,0.2479,34.0
2018-03-23,0.1715,36.0,0.1613,23.0,0.2132,20.0,,,0.1969,11.0,0.1681,7.0,0.1711,9.0,0.2655,57.0,,,0.2661,50.0
2018-03-22,0.1188,13.0,0.1205,5.0,0.2007,15.0,,,0.183,7.0,0.164,5.0,0.169,8.0,0.2086,16.0,,,0.2313,21.0
2018-03-21,0.075,3.0,0.1161,4.0,0.1941,12.0,,,0.2072,14.0,0.1617,5.0,0.1682,8.0,0.231,28.0,,,0.2452,32.0
2018-03-20,0.0829,4.0,0.1128,3.0,0.1555,4.0,,,0.1477,2.0,0.1612,5.0,0.1679,8.0,0.1932,11.0,,,0.2089,10.0
2018-03-19,0.143,24.0,0.1203,5.0,0.1662,6.0,,,0.1536,3.0,0.1612,5.0,0.1677,8.0,0.198,12.0,,,0.2236,16.0
2018-03-16,0.134,20.0,0.1242,6.0,0.1936,12.0,,,0.2861,57.0,0.161,4.0,0.1677,8.0,0.2318,30.0,,,0.2594,44.0
2018-03-15,0.1425,24.0,0.1281,7.0,0.1775,8.0,,,0.1737,6.0,0.1609,4.0,0.1677,8.0,0.2095,16.0,,,0.2286,19.0
2018-03-14,0.1905,44.0,0.1667,27.0,0.1882,11.0,,,0.1711,5.0,0.161,4.0,0.1678,8.0,0.1921,10.0,,,0.2042,8.0
2018-03-13,0.1864,42.0,0.1794,36.0,0.1989,14.0,,,0.195,10.0,0.1611,4.0,0.1677,8.0,0.2054,15.0,,,0.2139,12.0
2018-03-12,0.17,35.0,0.178,35.0,0.1856,10.0,,,0.1849,8.0,0.1606,4.0,0.167,8.0,0.2024,14.0,,,0.2057,8.0
2018-03-09,0.2153,54.0,0.1977,48.0,0.1946,13.0,,,0.1764,6.0,0.1604,4.0,0.1669,7.0,0.1849,9.0,,,0.2145,12.0
2018-03-08,0.209,52.0,0.1977,48.0,0.1738,7.0,,,0.1432,2.0,0.1585,4.0,0.1665,7.0,0.2015,13.0,,,0.2108,10.0
2018-03-07,0.2069,51.0,0.194,45.0,0.1754,7.0,,,0.1562,3.0,0.1582,4.0,0.1663,7.0,0.2284,27.0,,,0.2323,22.0
2018-03-06,0.2078,51.0,0.202,50.0,0.2088,18.0,,,0.1577,3.0,0.158,4.0,0.166,7.0,0.195,11.0,,,0.221,15.0
2018-03-05,0.1638,33.0,0.1765,34.0,0.1726,7.0,,,0.1859,8.0,0.1543,3.0,0.1642,6.0,0.2137,18.0,,,0.218,13.0
2018-03-02,0.1468,26.0,0.1717,30.0,0.2835,61.0,,,0.2005,12.0,0.1533,3.0,0.1635,6.0,0.2246,25.0,,,0.2371,25.0
2018-03-01,0.149,27.0,0.1783,35.0,0.1835,9.0,,,0.1644,4.0,0.1533,3.0,0.163,6.0,0.2006,13.0,,,0.2153,12.0
2018-02-28,0.1263,16.0,0.1585,21.0,0.2135,20.0,,,0.1435,2.0,0.1532,3.0,0.1617,6.0,0.2019,14.0,,,0.1922,5.0
2018-02-27,0.105,9.0,0.1607,23.0,0.1845,10.0,,,0.1267,1.0,0.1529,3.0,0.1613,5.0,0.2009,13.0,,,0.1875,3.0
2018-02-26,0.1038,9.0,0.1742,32.0,0.1451,3.0,,,0.1968,11.0,0.1529,3.0,0.1615,5.0,0.1856,9.0,,,0.1988,7.0
2018-02-23,0.1792,39.0,0.2041,52.0,0.1801,8.0,,,0.2093,14.0,0.1526,2.0,0.1608,5.0,0.1858,9.0,,,0.2123,11.0
2018-02-22,0.192,45.0,0.2274,64.0,0.1631,5.0,,,0.187,8.0,0.1517,2.0,0.1605,5.0,0.1934,11.0,,,0.1927,5.0
2018-02-21,0.1936,45.0,0.2289,65.0,0.2436,40.0,,,0.2101,15.0,0.1515,2.0,0.1598,5.0,0.2197,21.0,,,0.2152,12.0
2018-02-20,0.2005,48.0,0.2586,77.0,0.1483,3.0,,,0.1717,5.0,0.1525,2.0,0.1591,5.0,0.1872,9.0,,,0.179,2.0
2018-02-16,0.2675,71.0,0.2935,84.0,0.1451,3.0,,,0.2059,13.0,0.1536,3.0,0.1594,5.0,0.1997,13.0,,,0.1848,3.0
2018-02-15,0.326,82.0,0.3503,92.0,0.1484,3.0,,,0.1475,2.0,0.1533,3.0,0.1587,5.0,0.1758,6.0,,,0.1858,3.0
2018-02-14,0.3169,81.0,0.3657,93.0,0.1451,3.0,,,0.2035,12.0,0.1534,3.0,0.1583,4.0,0.1622,2.0,,,0.2259,18.0
2018-02-13,0.274,73.0,0.3621,93.0,0.1763,8.0,,,0.3024,63.0,0.1471,2.0,0.1557,4.0,0.1838,8.0,,,0.2484,35.0
2018-02-12,0.2712,72.0,0.3474,92.0,0.1866,10.0,,,0.1568,3.0,0.1474,2.0,0.1539,4.0,0.1921,10.0,,,0.1965,6.0
2018-02-09,0.2748,73.0,0.3484,92.0,0.1873,10.0,,,0.3125,67.0,0.1474,2.0,0.153,4.0,0.1889,10.0,,,0.2405,28.0
2018-02-08,0.2128,53.0,0.3274,89.0,0.2842,61.0,,,0.1458,2.0,0.1461,2.0,0.1499,4.0,0.2043,15.0,,,0.1968,6.0
2018-02-07,0.2051,50.0,0.2941,85.0,0.1451,3.0,,,0.1735,5.0,0.1423,1.0,0.1462,4.0,0.1773,7.0,,,0.196,6.0
2018-02-06,0.1999,48.0,0.2174,59.0,0.4653,97.0,,,0.5448,99.0,0.1403,1.0,0.139,3.0,0.1919,10.0,,,0.2333,22.0
2018-02-05,0.1996,48.0,0.1787,35.0,0.6313,100.0,,,0.4547,95.0,0.1405,1.0,0.1359,3.0,0.2441,40.0,,,0.2132,11.0
2018-02-02,0.1273,17.0,0.1484,16.0,0.3357,78.0,,,0.3563,80.0,0.1541,3.0,0.1357,3.0,0.1973,12.0,,,0.226,18.0
2018-02-01,0.118,13.0,0.1473,15.0,0.3055,69.0,,,0.2659,47.0,0.1536,3.0,0.1354,3.0,0.185,9.0,,,0.2341,23.0
2018-01-31,0.1119,11.0,0.1314,8.0,0.2165,21.0,,,0.1826,7.0,0.1535,3.0,0.1343,3.0,0.206,15.0,,,0.1899,4.0
2018-01-30,0.0586,1.0,0.1148,4.0,0.3276,76.0,,,0.3285,72.0,0.1518,2.0,0.1332,2.0,0.2225,23.0,,,0.2433,30.0
2018-01-29,0.0541,1.0,0.1167,4.0,0.3198,74.0,,,0.3314,73.0,0.1518,2.0,0.1334,2.0,0.2235,24.0,,,0.2515,37.0
2018-01-26,0.0574,1.0,0.1168,4.0,0.1935,12.0,,,0.2055,13.0,0.1522,2.0,0.1335,2.0,0.2046,15.0,,,0.2216,15.0
2018-01-25,0.0563,1.0,0.1177,4.0,0.2989,67.0,,,0.3125,67.0,0.1522,2.0,0.1333,2.0,0.1982,12.0,,,0.2199,14.0
2018-01-24,0.0555,1.0,0.1398,11.0,0.2236,26.0,,,0.2565,40.0,0.1522,2.0,0.1328,2.0,0.1894,10.0,,,0.211,10.0
2018-01-23,0.0991,7.0,0.1444,14.0,0.2603,50.0,,,0.2607,43.0,0.1526,2.0,0.1329,2.0,0.192,10.0,,,0.2095,10.0
2018-01-22,0.0945,6.0,0.1427,13.0,0.2594,50.0,,,0.2469,34.0,0.153,3.0,0.133,2.0,0.184,8.0,,,0.1967,6.0
2018-01-19,0.0913,6.0,0.141,12.0,0.2022,15.0,,,0.2424,31.0,0.153,3.0,0.1327,2.0,0.1729,5.0,,,0.2046,8.0
2018-01-18,0.1083,10.0,0.1518,18.0,0.2345,33.0,,,0.2607,43.0,0.1531,3.0,0.1328,2.0,0.1811,8.0,,,0.2052,8.0
2018-01-17,0.1269,17.0,0.1722,30.0,0.2488,43.0,,,0.2605,43.0,0.1529,3.0,0.1326,2.0,0.1863,9.0,,,0.1986,7.0
2018-01-16,0.1235,15.0,0.17,28.0,0.238,36.0,,,0.2332,26.0,0.1529,3.0,0.1324,2.0,0.1765,7.0,,,0.2027,8.0
2018-01-12,0.146,25.0,0.1497,17.0,0.2175,22.0,,,0.2207,19.0,0.1529,3.0,0.1306,1.0,0.1818,8.0,,,0.204,8.0
2018-01-11,0.1817,40.0,0.1591,22.0,0.214,20.0,,,0.2232,20.0,0.1522,2.0,0.1302,1.0,0.1822,8.0,,,0.2073,9.0
2018-01-10,0.1855,42.0,0.1597,22.0,0.2306,30.0,,,0.1159,1.0,0.1522,2.0,0.1302,1.0,0.1825,8.0,,,0.2218,15.0
2018-01-09,0.202,49.0,0.1643,25.0,0.1482,3.0,,,0.1967,10.0,0.1522,2.0,0.1303,1.0,0.1789,7.0,,,0.1948,6.0
2018-01-08,0.1894,44.0,0.1551,20.0,0.2008,15.0,,,0.2197,19.0,0.1518,2.0,0.1298,1.0,0.1768,7.0,,,0.1908,4.0
2018-01-05,0.133,20.0,0.131,8.0,0.2132,20.0,,,0.1468,2.0,0.1499,2.0,0.1284,1.0,0.1756,6.0,,,0.1985,6.0
2018-01-04,0.127,17.0,0.1317,8.0,0.2239,26.0,,,0.2119,15.0,0.1499,2.0,0.1285,1.0,0.1836,8.0,,,0.1983,6.0
2018-01-03,0.1242,15.0,0.1266,6.0,0.1954,13.0,,,0.1411,2.0,0.1496,2.0,0.1281,1.0,0.1587,1.0,,,0.1971,6.0
2018-01-02,0.1182,13.0,0.1206,5.0,0.1175,1.0,,,0.1559,3.0,0.1498,2.0,0.1277,1.0,0.1707,5.0,,,0.192,5.0
2017-12-29,0.0924,6.0,0.1312,8.0,0.2341,33.0,,,0.181,7.0,0.1519,2.0,0.1282,1.0,0.1742,6.0,,,0.1744,1.0
2017-12-28,0.1162,13.0,0.1263,6.0,0.1491,4.0,,,0.1993,11.0,0.1519,2.0,0.1287,1.0,0.174,6.0,,,0.1753,1.0
2017-12-27,0.1164,13.0,0.1187,5.0,0.1589,5.0,,,0.2376,28.0,0.1519,2.0,0.1283,1.0,0.1419,1.0,,,0.2185,13.0
2017-12-26,0.1641,33.0,0.1567,21.0,0.1758,8.0,,,0.092,1.0,0.1518,2.0,0.1288,1.0,0.1671,4.0,,,0.1807,2.0
2017-12-22,0.1653,33.0,0.1622,24.0,0.1139,1.0,,,0.1084,1.0,0.1523,2.0,0.1294,1.0,0.1589,1.0,,,0.1825,2.0
2017-12-21,0.1649,33.0,0.1632,24.0,0.1247,1.0,,,0.1767,6.0,0.1529,3.0,0.1302,1.0,0.1707,5.0,,,0.1745,1.0
2017-12-20,0.1411,23.0,0.1516,18.0,0.1261,1.0,,,0.1786,7.0,0.1547,3.0,0.131,2.0,0.176,6.0,,,0.1625,1.0
2017-12-19,0.1392,23.0,0.1442,14.0,0.0977,1.0,,,0.18,7.0,0.1545,3.0,0.1307,2.0,0.1661,3.0,,,0.179,2.0
2017-12-18,0.1317,19.0,0.1424,13.0,0.1169,1.0,,,0.1869,8.0,0.1543,3.0,0.1315,2.0,0.1636,2.0,,,0.1778,2.0
2017-12-15,0.1331,20.0,0.1305,8.0,0.1073,1.0,,,0.1201,1.0,0.1543,3.0,0.1311,2.0,0.1537,1.0,,,0.174,1.0
2017-12-14,0.0437,1.0,0.1016,2.0,0.1688,6.0,,,0.0993,1.0,0.1524,2.0,0.1301,1.0,0.1645,3.0,,,0.1772,1.0
2017-12-13,0.0441,1.0,0.1,2.0,0.1875,10.0,,,0.1331,1.0,0.1535,3.0,0.1307,2.0,0.1875,9.0,,,0.1905,4.0
2017-12-12,0.0398,1.0,0.1038,2.0,0.1349,2.0,,,0.1344,1.0,0.1538,3.0,0.1306,1.0,0.1682,4.0,,,0.1783,2.0
2017-12-11,0.0308,1.0,0.1335,9.0,0.1802,9.0,,,0.1081,1.0,0.1547,3.0,0.1312,2.0,0.1715,5.0,,,0.1756,1.0
2017-12-08,0.0546,1.0,0.1339,9.0,0.1562,4.0,,,0.1187,1.0,0.1543,3.0,0.1313,2.0,0.1716,5.0,,,0.1755,1.0
2017-12-07,0.068,2.0,0.1349,9.0,0.1442,3.0,,,0.1282,1.0,0.1543,3.0,0.1312,2.0,0.1624,2.0,,,0.1915,5.0
2017-12-06,0.0727,2.0,0.1368,10.0,0.1726,7.0,,,0.1257,1.0,0.1552,3.0,0.1317,2.0,0.1732,6.0,,,0.179,2.0
2017-12-05,0.0722,2.0,0.1357,10.0,0.1347,2.0,,,0.1261,1.0,0.1553,3.0,0.1321,2.0,0.1837,8.0,,,0.2056,8.0
2017-12-04,0.068,2.0,0.1315,8.0,0.1861,10.0,,,0.122,1.0,0.1553,3.0,0.1326,2.0,0.1807,8.0,,,0.1737,1.0
2017-12-01,0.0893,5.0,0.1257,6.0,0.1905,11.0,,,0.1905,9.0,0.1563,4.0,0.1331,2.0,0.167,4.0,,,0.1763,1.0
2017-11-30,0.0889,5.0,0.0937,1.0,0.1572,4.0,,,0.133,1.0,0.1561,3.0,0.1316,2.0,0.1769,7.0,,,0.1788,2.0
2017-11-29,0.0874,5.0,0.0934,1.0,0.1148,1.0,,,0.1254,1.0,0.156,3.0,0.1317,2.0,0.1705,5.0,,,0.1772,1.0
2017-11-28,0.0873,5.0,0.0917,1.0,0.1184,1.0,,,0.135,1.0,0.1559,3.0,0.132,2.0,0.1552,1.0,,,0.1856,3.0
2017-11-27,0.0849,4.0,0.0901,1.0,0.1457,3.0,,,0.1256,1.0,0.1558,3.0,0.1325,2.0,0.1675,4.0,,,0.1828,3.0
2017-11-24,0.1015,8.0,0.0955,1.0,0.133,2.0,,,0.1731,5.0,0.1586,4.0,0.1334,2.0,0.1856,9.0,,,0.2034,8.0
2017-11-22,0.106,9.0,0.1038,2.0,0.2004,15.0,,,0.1586,3.0,0.1586,4.0,0.1334,2.0,0.1755,6.0,,,0.1857,3.0
2017-11-21,0.0918,6.0,0.1205,5.0,0.1276,1.0,,,0.1325,1.0,0.1581,4.0,0.1334,2.0,0.1605,2.0,,,0.1773,2.0
2017-11-20,0.1338,20.0,0.1396,11.0,0.1586,5.0,,,0.1851,8.0,0.1579,4.0,0.1334,2.0,0.1637,2.0,,,0.187,3.0
2017-11-17,0.1363,21.0,0.1408,12.0,0.1119,1.0,,,0.1713,5.0,0.1582,4.0,0.1335,2.0,0.1725,5.0,,,0.1877,4.0
2017-11-16,0.1383,22.0,0.1431,13.0,0.1405,3.0,,,0.1659,4.0,0.1583,4.0,0.1335,2.0,0.1651,3.0,,,0.1871,3.0
2017-11-15,0.1375,22.0,0.1408,12.0,0.142,3.0,,,0.1795,7.0,0.1584,4.0,0.1334,2.0,0.168,4.0,,,0.1814,2.0
2017-11-14,0.1666,34.0,0.1534,19.0,0.1415,3.0,,,0.2177,17.0,0.158,4.0,0.1333,2.0,0.1654,3.0,,,0.1834,3.0
2017-11-13,0.1714,36.0,0.1635,25.0,0.1373,2.0,,,0.178,6.0,0.1585,4.0,0.133,2.0,0.1633,2.0,,,0.1711,1.0
2017-11-10,0.187,42.0,0.1861,40.0,0.1684,6.0,,,0.1381,2.0,0.1584,4.0,0.1325,2.0,0.1704,5.0,,,0.1983,6.0
2017-11-09,0.3074,79.0,0.2512,74.0,0.1349,2.0,,,0.1398,2.0,0.1584,4.0,0.1315,2.0,0.1659,3.0,,,0.1844,3.0
2017-11-08,0.3245,82.0,0.2556,76.0,0.1354,2.0,,,0.2305,24.0,0.1583,4.0,0.1314,2.0,0.1647,3.0,,,0.1882,4.0
2017-11-07,0.3147,80.0,0.2558,76.0,0.175,7.0,,,0.1955,10.0,0.1582,4.0,0.1316,2.0,0.171,5.0,,,0.1778,2.0
2017-11-06,0.3492,85.0,0.2639,78.0,0.1892,11.0,,,0.1685,5.0,0.1583,4.0,0.1317,2.0,0.164,3.0,,,0.184,3.0
2017-11-03,0.3444,84.0,0.2567,76.0,0.2534,46.0,,,0.1626,4.0,0.1582,4.0,0.1313,2.0,0.1617,2.0,,,0.1805,2.0
2017-11-02,0.3308,82.0,0.2472,72.0,0.1609,5.0,,,0.1513,3.0,0.1578,4.0,0.1306,1.0,0.169,4.0,,,0.1832,3.0
2017-11-01,0.3211,81.0,0.2254,63.0,0.1607,5.0,,,0.1782,6.0,0.1559,3.0,0.1306,1.0,0.1612,2.0,,,0.2184,13.0
2017-10-31,0.1383,22.0,0.1366,10.0,0.373,87.0,,,0.3486,78.0,0.1414,1.0,0.1234,1.0,0.1663,4.0,,,0.1758,1.0
2017-10-30,0.1248,16.0,0.1226,5.0,0.1797,8.0,,,0.2218,19.0,0.1407,1.0,0.1226,1.0,0.1648,3.0,,,0.178,2.0
2017-10-27,0.1064,9.0,0.117,4.0,0.1939,12.0,,,0.2774,52.0,0.1401,1.0,0.1225,1.0,0.1693,4.0,,,0.175,1.0
2017-10-26,0.0519,1.0,0.0994,1.0,0.2483,43.0,,,0.1769,6.0,0.139,1.0,0.1224,1.0,0.1641,3.0,,,0.1777,2.0
2017-10-25,0.0518,1.0,0.094,1.0,0.2391,36.0,,,0.1931,10.0,0.139,1.0,0.1223,1.0,0.1715,5.0,,,0.1825,2.0
2017-10-24,0.0874,5.0,0.0961,1.0,0.2068,17.0,,,0.1753,6.0,0.139,1.0,0.1228,1.0,0.1631,2.0,,,0.1904,4.0
2017-10-23,0.1261,16.0,0.1051,2.0,0.1962,13.0,,,0.1895,9.0,0.139,1.0,0.1237,1.0,0.1573,1.0,,,0.1587,1.0
2017-10-20,0.1302,18.0,0.103,2.0,0.206,17.0,,,0.1881,8.0,0.1398,1.0,0.124,1.0,0.1661,3.0,,,0.1783,2.0
2017-10-19,0.1253,16.0,0.1012,2.0,0.2023,15.0,,,0.2456,33.0,0.14,1.0,0.1243,1.0,0.1636,2.0,,,0.1762,1.0
2017-10-18,0.1255,16.0,0.1028,2.0,0.1654,6.0,,,0.2662,47.0,0.1402,1.0,0.1249,1.0,0.1679,4.0,,,0.1681,1.0
2017-10-17,0.1318,19.0,0.1042,2.0,0.3065,69.0,,,0.3241,70.0,0.1421,1.0,0.1254,1.0,0.1853,9.0,,,0.1965,6.0
2017-10-16,0.1364,21.0,0.1065,2.0,0.3074,69.0,,,0.3188,69.0,0.1427,1.0,0.1255,1.0,0.1745,6.0,,,0.2074,9.0
2017-10-13,0.116,12.0,0.1068,2.0,0.299,67.0,,,0.2006,12.0,0.142,1.0,0.1254,1.0,0.1722,5.0,,,0.174,1.0
2017-10-12,0.0965,7.0,0.1005,2.0,0.196,13.0,,,0.1378,2.0,0.1408,1.0,0.1248,1.0,0.1632,2.0,,,0.1827,3.0
2017-10-11,0.1038,9.0,0.0993,1.0,0.3924,90.0,,,0.3892,87.0,0.1407,1.0,0.1248,1.0,0.1734,6.0,,,0.1648,1.0
2017-10-10,0.1047,9.0,0.1049,2.0,0.1746,7.0,,,0.261,43.0,0.1414,1.0,0.1251,1.0,0.1672,4.0,,,0.1675,1.0
2017-10-09,0.1085,10.0,0.11,3.0,0.189,11.0,,,0.1933,10.0,0.142,1.0,0.1252,1.0,0.1612,2.0,,,0.1649,1.0
2017-10-06,0.0862,5.0,0.1093,3.0,0.1936,12.0,,,0.1732,5.0,0.1421,1.0,0.1257,1.0,0.1662,3.0,,,0.1754,1.0
2017-10-05,0.0511,1.0,0.1156,4.0,0.1915,12.0,,,0.1899,9.0,0.1418,1.0,0.1259,1.0,0.1449,1.0,,,0.1864,3.0
2017-10-03,0.0907,6.0,0.0952,1.0,0.1794,8.0,,,0.2244,21.0,0.1417,1.0,0.1251,1.0,0.1508,1.0,,,0.194,5.0
2017-10-02,0.0831,4.0,0.0921,1.0,0.1193,1.0,,,0.1537,3.0,0.1417,1.0,0.1254,1.0,0.162,2.0,,,0.1783,2.0
2017-09-29,0.0922,6.0,0.0886,1.0,0.1974,13.0,,,0.2614,44.0,0.1417,1.0,0.1253,1.0,0.1521,1.0,,,0.2093,10.0
2017-09-28,0.0813,4.0,0.0819,1.0,0.1251,1.0,,,0.14,2.0,0.1418,1.0,0.1254,1.0,0.1633,2.0,,,0.1795,2.0
2017-09-27,0.0813,4.0,0.0842,1.0,0.1107,1.0,,,0.1467,2.0,0.142,1.0,0.1256,1.0,0.1503,1.0,,,0.1678,1.0
2017-09-26,0.0587,1.0,0.0745,1.0,0.1354,2.0,,,0.1279,1.0,0.1416,1.0,0.1254,1.0,0.1592,1.0,,,0.1661,1.0
2017-09-25,0.0556,1.0,0.0785,1.0,0.1424,3.0,,,0.1724,5.0,0.1419,1.0,0.1263,1.0,0.1706,5.0,,,0.1784,2.0
2017-09-22,0.0447,1.0,0.0837,1.0,0.1251,1.0,,,0.1319,1.0,0.1424,1.0,0.1276,1.0,0.1692,4.0,,,0.1715,1.0
2017-09-21,0.0427,1.0,0.0826,1.0,0.127,1.0,,,0.1333,1.0,0.1429,1.0,0.1278,1.0,0.1673,4.0,,,0.1769,1.0
2017-09-20,0.0386,1.0,0.0828,1.0,0.2136,20.0,,,0.1742,6.0,0.1429,1.0,0.128,1.0,0.1636,2.0,,,0.1884,4.0
2017-09-19,0.0494,1.0,0.0858,1.0,0.1266,1.0,,,0.1312,1.0,0.143,1.0,0.1282,1.0,0.1691,4.0,,,0.1782,2.0
2017-09-18,0.0475,1.0,0.084,1.0,0.131,2.0,,,0.1343,1.0,0.143,1.0,0.1281,1.0,0.1697,4.0,,,0.1765,1.0
2017-09-15,0.0466,1.0,0.0807,1.0,0.1266,1.0,,,0.1617,4.0,0.1431,1.0,0.1282,1.0,0.1589,1.0,,,0.1662,1.0
2017-09-14,0.0459,1.0,0.081,1.0,0.1306,2.0,,,0.1338,1.0,0.1431,1.0,0.1287,1.0,0.1561,1.0,,,0.1739,1.0
2017-09-13,0.0438,1.0,0.088,1.0,0.1314,2.0,,,0.131,1.0,0.143,1.0,0.1288,1.0,0.1658,3.0,,,0.1718,1.0
2017-09-12,0.0417,1.0,0.089,1.0,0.1312,2.0,,,0.1382,2.0,0.1428,1.0,0.129,1.0,0.163,2.0,,,0.1782,2.0
2017-09-11,0.087,5.0,0.0941,1.0,0.1527,4.0,,,0.1329,1.0,0.1441,1.0,0.1296,1.0,0.159,1.0,,,0.1799,2.0
2017-09-08,0.089,5.0,0.0939,1.0,0.1416,3.0,,,0.1353,1.0,0.145,1.0,0.1299,1.0,0.164,3.0,,,0.1768,1.0
2017-09-07,0.0878,5.0,0.0989,1.0,0.1402,3.0,,,0.1408,2.0,0.1455,1.0,0.1302,1.0,0.162,2.0,,,0.18,2.0
2017-09-06,0.0855,5.0,0.1031,2.0,0.1493,4.0,,,0.1132,1.0,0.1456,1.0,0.1307,2.0,0.1584,1.0,,,0.1753,1.0
2017-09-05,0.0798,3.0,0.1017,2.0,0.1332,2.0,,,0.1415,2.0,0.1457,1.0,0.1312,2.0,0.161,2.0,,,0.1864,3.0
2017-09-01,0.0861,5.0,0.0905,1.0,0.1374,2.0,,,0.1374,2.0,0.1457,1.0,0.1308,2.0,0.1617,2.0,,,0.1819,2.0
2017-08-31,0.1293,18.0,0.0968,1.0,0.1469,3.0,,,0.1314,1.0,0.1457,1.0,0.1311,2.0,0.1601,2.0,,,0.1785,2.0
2017-08-30,0.1352,21.0,0.1091,3.0,0.1355,2.0,,,0.1268,1.0,0.1455,1.0,0.1309,2.0,0.1668,4.0,,,0.1824,2.0
2017-08-29,0.1337,20.0,0.1049,2.0,0.1444,3.0,,,0.1493,3.0,0.1461,2.0,0.1308,2.0,0.1574,1.0,,,0.1826,3.0
2017-08-28,0.1562,28.0,0.1125,3.0,0.1482,3.0,,,0.1235,1.0,0.1468,2.0,0.131,2.0,0.1651,3.0,,,0.1653,1.0
2017-08-25,0.153,28.0,0.1142,4.0,0.1316,2.0,,,0.1418,2.0,0.1472,2.0,0.1309,2.0,0.1647,3.0,,,0.1655,1.0
2017-08-24,0.1609,32.0,0.1205,5.0,0.1042,1.0,,,0.1251,1.0,0.1484,2.0,0.1312,2.0,0.1569,1.0,,,0.1705,1.0
2017-08-23,0.1639,33.0,0.1221,5.0,0.1331,2.0,,,0.1841,8.0,0.1485,2.0,0.1318,2.0,0.1564,1.0,,,0.1727,1.0
2017-08-22,0.1463,25.0,0.1286,7.0,0.1015,1.0,,,0.1618,4.0,0.1469,2.0,0.1317,2.0,0.1486,1.0,,,0.1664,1.0
2017-08-21,0.1178,13.0,0.1211,5.0,0.157,4.0,,,0.169,5.0,0.1471,2.0,0.1332,2.0,0.1523,1.0,,,0.159,1.0
2017-08-18,0.1655,33.0,0.1372,10.0,0.1579,5.0,,,0.1588,3.0,0.1471,2.0,0.1335,2.0,0.1572,1.0,,,0.1739,1.0
2017-08-17,0.1501,27.0,0.1287,7.0,0.1351,2.0,,,0.1701,5.0,0.146,2.0,0.1333,2.0,0.1554,1.0,,,0.1813,2.0
2017-08-16,0.3531,86.0,0.166,26.0,0.1253,1.0,,,0.165,4.0,0.1476,2.0,0.1342,3.0,0.1388,1.0,,,0.1803,2.0
2017-08-15,0.3589,87.0,0.1622,24.0,0.1492,4.0,,,0.1509,3.0,0.1475,2.0,0.1342,3.0,0.1503,1.0,,,0.1832,3.0
2017-08-14,0.3591,87.0,0.1615,23.0,0.1595,5.0,,,0.1421,2.0,0.1477,2.0,0.1345,3.0,0.1569,1.0,,,0.1827,3.0
2017-08-11,0.3603,87.0,0.1537,19.0,0.1752,7.0,,,0.1562,3.0,0.1475,2.0,0.1341,3.0,0.1605,2.0,,,0.1759,1.0
2017-08-10,0.3652,87.0,0.1527,18.0,0.1516,4.0,,,0.1647,4.0,0.1487,2.0,0.1355,3.0,0.1652,3.0,,,0.1927,5.0
2017-08-09,0.332,83.0,0.1444,14.0,0.1197,1.0,,,0.1696,5.0,0.1464,2.0,0.135,3.0,0.1471,1.0,,,0.1826,3.0
2017-08-08,0.3249,82.0,0.1409,12.0,0.1214,1.0,,,0.2144,16.0,0.146,2.0,0.135,3.0,0.1414,1.0,,,0.1794,2.0
2017-08-07,0.0812,4.0,0.0927,1.0,0.2603,50.0,,,0.2477,34.0,0.1266,1.0,0.1328,2.0,0.1727,5.0,,,0.1894,4.0
2017-08-04,0.0876,5.0,0.0992,1.0,0.2363,34.0,,,0.243,32.0,0.1264,1.0,0.1339,3.0,0.1642,3.0,,,0.1918,5.0
2017-08-03,0.0947,6.0,0.104,2.0,0.1931,12.0,,,0.1965,10.0,0.1634,5.0,0.1378,3.0,0.166,3.0,,,0.1925,5.0
2017-08-02,0.1012,8.0,0.1048,2.0,0.1979,14.0,,,0.2328,26.0,0.1648,5.0,0.1383,3.0,0.1651,3.0,,,0.1903,4.0
2017-08-01,0.1069,9.0,0.1033,2.0,0.199,14.0,,,0.2163,17.0,0.165,6.0,0.1382,3.0,0.1689,4.0,,,0.1905,4.0
2017-07-31,0.0844,4.0,0.0967,1.0,0.2092,18.0,,,0.2341,26.0,0.1646,5.0,0.1381,3.0,0.167,4.0,,,0.1954,6.0
2017-07-28,0.0865,5.0,0.0978,1.0,0.2571,49.0,,,0.2002,11.0,0.1653,6.0,0.1384,3.0,0.1656,3.0,,,0.1938,5.0
2017-07-27,0.086,5.0,0.0951,1.0,0.1724,7.0,,,0.1993,11.0,0.1659,6.0,0.1389,3.0,0.1668,4.0,,,0.1955,6.0
2017-07-26,0.0879,5.0,0.0888,1.0,0.1979,14.0,,,0.2249,21.0,0.1657,6.0,0.1389,3.0,0.1662,3.0,,,0.1975,6.0
2017-07-25,0.0708,2.0,0.0871,1.0,0.1421,3.0,,,0.2305,24.0,0.1652,6.0,0.139,3.0,0.1668,4.0,,,0.1822,2.0
2017-07-24,0.0698,2.0,0.093,1.0,0.1291,1.0,,,0.1102,1.0,0.1655,6.0,0.139,3.0,0.1664,4.0,,,0.1901,4.0
2017-07-21,0.0745,3.0,0.0962,1.0,0.1558,4.0,,,0.1889,9.0,0.1655,6.0,0.1388,3.0,0.1633,2.0,,,0.1898,4.0
2017-07-20,0.1129,11.0,0.1,2.0,0.1948,13.0,,,0.1974,11.0,0.1666,6.0,0.14,3.0,0.1642,3.0,,,0.1879,4.0
2017-07-19,0.1125,11.0,0.1034,2.0,0.1735,7.0,,,0.174,6.0,0.1666,6.0,0.1407,3.0,0.1639,3.0,,,0.1899,4.0
2017-07-18,0.1123,11.0,0.1056,2.0,0.2118,19.0,,,0.1887,8.0,0.168,7.0,0.1416,3.0,0.1671,4.0,,,0.1945,5.0
2017-07-17,0.1366,21.0,0.1193,5.0,0.1675,6.0,,,0.2128,15.0,0.1679,7.0,0.142,3.0,0.1671,4.0,,,0.1927,5.0
2017-07-14,0.1906,44.0,0.1281,7.0,0.1606,5.0,,,0.1955,10.0,0.1679,7.0,0.142,3.0,0.1699,4.0,,,0.1943,5.0
2017-07-13,0.2006,48.0,0.1405,12.0,0.1935,12.0,,,0.1882,8.0,0.1681,7.0,0.1424,3.0,0.1727,5.0,,,0.1958,6.0
2017-07-12,0.1882,43.0,0.1401,12.0,0.1522,4.0,,,0.1749,6.0,0.168,7.0,0.1424,3.0,0.1667,4.0,,,0.1972,6.0
2017-07-11,0.1751,37.0,0.1389,11.0,0.1986,14.0,,,0.1678,5.0,0.168,7.0,0.1427,3.0,0.1672,4.0,,,0.1935,5.0
2017-07-10,0.1831,41.0,0.1471,15.0,0.1773,8.0,,,0.1869,8.0,0.1681,7.0,0.1428,3.0,0.1645,3.0,,,0.1918,5.0
2017-07-07,0.1943,46.0,0.1602,22.0,0.1806,9.0,,,0.2031,12.0,0.1682,7.0,0.1435,3.0,0.1684,4.0,,,0.1914,5.0
2017-07-06,0.1999,48.0,0.172,30.0,0.1873,10.0,,,0.1659,4.0,0.1672,6.0,0.1434,3.0,0.1768,7.0,,,0.1827,3.0
2017-07-05,0.1773,38.0,0.1692,28.0,0.1461,3.0,,,0.2568,40.0,0.1646,5.0,0.1431,3.0,0.1537,1.0,,,0.1929,5.0
2017-07-03,0.1696,35.0,0.1689,28.0,0.1721,7.0,,,0.1615,4.0,0.1641,5.0,0.1423,3.0,0.1761,6.0,,,0.1917,5.0
2017-06-30,0.1697,35.0,0.1694,28.0,0.1836,9.0,,,0.15,3.0,0.1641,5.0,0.1423,3.0,0.1707,5.0,,,0.1804,2.0
2017-06-29,0.1739,37.0,0.1747,32.0,0.1688,6.0,,,0.1298,1.0,0.1648,5.0,0.1427,3.0,0.1607,2.0,,,0.1919,5.0
2017-06-28,0.1868,42.0,0.1795,36.0,0.1761,8.0,,,0.1321,1.0,0.1642,5.0,0.1422,3.0,0.1736,6.0,,,0.1886,4.0
2017-06-27,0.1796,39.0,0.168,28.0,0.1442,3.0,,,0.1656,4.0,0.1639,5.0,0.1416,3.0,0.1759,6.0,,,0.187,3.0
2017-06-26,0.1328,19.0,0.1546,19.0,0.1345,2.0,,,0.1377,2.0,0.163,5.0,0.1407,3.0,0.169,4.0,,,0.1844,3.0
2017-06-23,0.1324,19.0,0.1533,19.0,0.0965,1.0,,,0.1789,7.0,0.1629,5.0,0.1409,3.0,0.1606,2.0,,,0.1959,6.0
2017-06-22,0.1298,18.0,0.1382,11.0,0.1744,7.0,,,0.1541,3.0,0.1627,5.0,0.1404,3.0,0.172,5.0,,,0.1872,3.0
2017-06-21,0.1422,24.0,0.1398,11.0,0.1364,2.0,,,0.1804,7.0,0.1632,5.0,0.1405,3.0,0.1742,6.0,,,0.1927,5.0
2017-06-20,0.1501,27.0,0.1404,12.0,0.1886,11.0,,,0.1782,6.0,0.1639,5.0,0.1406,3.0,0.1837,8.0,,,0.1845,3.0
2017-06-19,0.1135,12.0,0.1372,10.0,0.1522,4.0,,,0.1219,1.0,0.1626,5.0,0.1397,3.0,0.1658,3.0,,,0.181,2.0
2017-06-16,0.1266,16.0,0.1495,17.0,0.1265,1.0,,,0.1084,1.0,0.1624,5.0,0.1403,3.0,0.1626,2.0,,,0.1892,4.0
2017-06-15,0.1175,13.0,0.1393,11.0,0.1354,2.0,,,0.174,6.0,0.1623,5.0,0.1407,3.0,0.1649,3.0,,,0.1884,4.0
2017-06-14,0.1192,14.0,0.1398,11.0,0.1673,6.0,,,0.1494,3.0,0.1627,5.0,0.1419,3.0,0.1767,7.0,,,0.2025,7.0
2017-06-13,0.121,14.0,0.1483,16.0,0.1664,6.0,,,0.1648,4.0,0.1628,5.0,0.1435,3.0,0.1652,3.0,,,0.1886,4.0
2017-06-12,0.097,7.0,0.1503,17.0,0.1677,6.0,,,0.1452,2.0,0.1635,5.0,0.1441,3.0,0.1711,5.0,,,0.1854,3.0
2017-06-09,0.1501,27.0,0.1565,20.0,0.1363,2.0,,,0.1433,2.0,0.164,5.0,0.1444,3.0,0.1622,2.0,,,0.1975,6.0
2017-06-08,0.1377,22.0,0.145,14.0,0.1401,3.0,,,0.2042,13.0,0.164,5.0,0.1438,3.0,0.1638,2.0,,,0.1936,5.0
2017-06-07,0.1309,18.0,0.1321,8.0,0.1593,5.0,,,0.152,3.0,0.1632,5.0,0.1434,3.0,0.1703,5.0,,,0.1859,3.0
2017-06-06,0.1377,22.0,0.1323,8.0,0.1507,4.0,,,0.1458,2.0,0.1639,5.0,0.1447,3.0,0.1732,6.0,,,0.1846,3.0
2017-06-05,0.1368,22.0,0.1318,8.0,0.1666,6.0,,,0.1548,3.0,0.1644,5.0,0.1448,3.0,0.1653,3.0,,,0.1837,3.0
2017-06-02,0.1296,18.0,0.124,6.0,0.1488,4.0,,,0.149,3.0,0.1645,5.0,0.1446,3.0,0.1716,5.0,,,0.1896,4.0
2017-06-01,0.1275,17.0,0.1123,3.0,0.1229,1.0,,,0.1622,4.0,0.1646,5.0,0.1451,4.0,0.1529,1.0,,,0.2066,9.0
2017-05-31,0.0681,2.0,0.0914,1.0,0.144,3.0,,,0.1966,10.0,0.1637,5.0,0.1458,4.0,0.1581,1.0,,,0.1964,6.0
2017-05-30,0.0869,5.0,0.0953,1.0,0.122,1.0,,,0.1775,6.0,0.1662,6.0,0.1471,4.0,0.1596,2.0,,,0.1884,4.0
2017-05-26,0.0797,3.0,0.1012,2.0,0.1241,1.0,,,0.1749,6.0,0.1662,6.0,0.1472,4.0,0.1553,1.0,,,0.1875,3.0
2017-05-25,0.1402,23.0,0.1031,2.0,0.1091,1.0,,,0.163,4.0,0.1662,6.0,0.1476,4.0,0.1581,1.0,,,0.1989,7.0
2017-05-24,0.1357,21.0,0.0992,1.0,0.1265,1.0,,,0.1895,9.0,0.1659,6.0,0.1474,4.0,0.1672,4.0,,,0.2044,8.0
2017-05-23,0.135,21.0,0.1076,2.0,0.1433,3.0,,,0.2278,22.0,0.1661,6.0,0.1477,4.0,0.1603,2.0,,,0.1915,5.0
2017-05-22,0.1357,21.0,0.1086,3.0,0.1604,5.0,,,0.1574,3.0,0.1663,6.0,0.1483,4.0,0.1549,1.0,,,0.203,8.0
2017-05-19,0.1674,34.0,0.1199,5.0,0.1525,4.0,,,0.1697,5.0,0.1669,6.0,0.149,4.0,0.1606,2.0,,,0.2107,10.0
2017-05-18,0.1469,26.0,0.1241,6.0,0.1555,4.0,,,0.1667,4.0,0.1662,6.0,0.1493,4.0,0.1679,4.0,,,0.2166,13.0
2017-05-17,0.1519,28.0,0.161,23.0,0.1685,6.0,,,0.1791,7.0,0.1661,6.0,0.149,4.0,0.181,8.0,,,0.1863,3.0
2017-05-16,0.1275,17.0,0.1617,23.0,0.1612,5.0,,,0.1537,3.0,0.1648,5.0,0.1498,4.0,0.1643,3.0,,,0.2114,11.0
2017-05-15,0.1337,20.0,0.1613,23.0,0.1624,5.0,,,0.1683,5.0,0.1679,7.0,0.1517,4.0,0.1612,2.0,,,0.2061,9.0
2017-05-12,0.1331,20.0,0.156,20.0,0.1252,1.0,,,0.1386,2.0,0.1682,7.0,0.1522,4.0,0.1628,2.0,,,0.201,7.0
2017-05-11,0.15,27.0,0.1663,26.0,0.1735,7.0,,,0.1488,3.0,0.1703,8.0,0.153,4.0,0.1765,7.0,,,0.1841,3.0
2017-05-10,0.0896,5.0,0.1595,22.0,0.1417,3.0,,,0.1785,7.0,0.1687,7.0,0.1533,4.0,0.1549,1.0,,,0.2081,9.0
2017-05-09,0.0889,5.0,0.1615,23.0,0.1733,7.0,,,0.153,3.0,0.1686,7.0,0.1542,4.0,0.179,7.0,,,0.2077,9.0
2017-05-08,0.0879,5.0,0.1406,12.0,0.1828,9.0,,,0.2828,55.0,0.1686,7.0,0.1524,4.0,0.1772,7.0,,,0.1892,4.0
2017-05-05,0.0823,4.0,0.1465,15.0,0.1839,9.0,,,0.3034,63.0,0.1706,8.0,0.1526,4.0,0.1666,4.0,,,0.2148,12.0
2017-05-04,0.0862,5.0,0.149,16.0,0.1675,6.0,,,0.218,17.0,0.1715,8.0,0.1541,4.0,0.1593,1.0,,,0.1994,7.0
2017-05-03,0.0758,3.0,0.1556,20.0,0.1749,7.0,,,0.2325,25.0,0.174,9.0,0.1557,4.0,0.1132,1.0,,,0.2195,14.0
2017-05-02,0.1042,9.0,0.1515,18.0,0.1809,9.0,,,0.2333,26.0,0.1742,9.0,0.1584,5.0,0.1695,4.0,,,0.2037,8.0
2017-05-01,0.1368,22.0,0.1515,18.0,0.1815,9.0,,,0.3046,64.0,0.1745,9.0,0.1594,5.0,0.1658,3.0,,,0.2125,11.0
2017-04-28,0.1365,21.0,0.1449,14.0,0.2831,60.0,,,0.1682,5.0,0.1744,9.0,0.1594,5.0,0.174,6.0,,,0.2122,11.0
2017-04-27,0.1264,16.0,0.1253,6.0,0.142,3.0,,,0.2554,40.0,0.1744,9.0,0.1586,5.0,0.1712,5.0,,,0.2154,12.0
2017-04-26,0.1336,20.0,0.1191,5.0,0.183,9.0,,,0.2466,34.0,0.1751,9.0,0.1591,5.0,0.1706,5.0,,,0.1934,5.0
2017-04-25,0.1364,21.0,0.1178,4.0,0.2096,18.0,,,0.1708,5.0,0.1749,9.0,0.159,5.0,0.1795,7.0,,,0.2073,9.0
2017-04-24,0.1411,23.0,0.102,2.0,0.184,10.0,,,0.1645,4.0,0.1747,9.0,0.1584,5.0,0.1741,6.0,,,0.1943,5.0
2017-04-21,0.1189,14.0,0.0945,1.0,0.1937,12.0,,,0.2051,13.0,0.1726,8.0,0.1583,4.0,0.1939,11.0,,,0.2024,7.0
2017-04-20,0.1196,14.0,0.1054,2.0,0.2038,16.0,,,0.2089,14.0,0.1724,8.0,0.1588,5.0,0.1732,6.0,,,0.2023,7.0
2017-04-19,0.1222,15.0,0.1069,2.0,0.1775,8.0,,,0.1818,7.0,0.173,9.0,0.1587,5.0,0.1734,6.0,,,0.2065,9.0
2017-04-18,0.1129,11.0,0.1049,2.0,0.1838,9.0,,,0.1928,9.0,0.1726,8.0,0.1587,5.0,0.1744,6.0,,,0.1896,4.0
2017-04-17,0.1258,16.0,0.1112,3.0,0.1736,7.0,,,0.205,13.0,0.1728,8.0,0.1588,5.0,0.1707,5.0,,,0.209,10.0
2017-04-13,0.1039,9.0,0.1104,3.0,0.1922,12.0,,,0.1919,9.0,0.1724,8.0,0.1589,5.0,0.1909,10.0,,,0.1986,7.0
2017-04-12,0.1003,8.0,0.114,4.0,0.2038,16.0,,,0.1197,1.0,0.1722,8.0,0.159,5.0,0.1867,9.0,,,0.201,7.0
2017-04-11,0.0933,6.0,0.1061,2.0,0.1686,6.0,,,0.2016,12.0,0.1718,8.0,0.1595,5.0,0.1744,6.0,,,0.2115,11.0
2017-04-10,0.084,4.0,0.1054,2.0,0.1372,2.0,,,0.1813,7.0,0.1715,8.0,0.1594,5.0,0.1844,8.0,,,0.1871,3.0
2017-04-07,0.0947,6.0,0.1199,5.0,0.1892,11.0,,,0.2038,13.0,0.1778,10.0,0.1617,6.0,0.1818,8.0,,,0.1984,6.0
2017-04-06,0.1111,11.0,0.1418,13.0,0.1697,6.0,,,0.189,9.0,0.1788,11.0,0.162,6.0,0.1705,5.0,,,0.2113,11.0
2017-04-05,0.1209,14.0,0.1395,11.0,0.2164,21.0,,,0.1759,6.0,0.1788,11.0,0.1627,6.0,0.1912,10.0,,,0.1947,6.0
2017-04-04,0.1253,16.0,0.1412,12.0,0.1778,8.0,,,0.1937,10.0,0.1788,11.0,0.1628,6.0,0.1787,7.0,,,0.1855,3.0
2017-04-03,0.1141,12.0,0.1386,11.0,0.1808,9.0,,,0.1823,7.0,0.1791,11.0,0.1628,6.0,0.2031,14.0,,,0.2038,8.0
2017-03-31,0.1139,12.0,0.1362,10.0,0.1954,13.0,,,0.1801,7.0,0.1794,11.0,0.1637,6.0,0.1798,7.0,,,0.1945,5.0
2017-03-30,0.1147,12.0,0.135,9.0,0.1651,6.0,,,0.1813,7.0,0.1802,12.0,0.1639,6.0,0.1794,7.0,,,0.1965,6.0
2017-03-29,0.1063,9.0,0.1307,8.0,0.1708,6.0,,,0.2471,34.0,0.1799,11.0,0.1637,6.0,0.1726,5.0,,,0.2223,16.0
2017-03-28,0.054,1.0,0.1123,3.0,0.1879,11.0,,,0.1787,7.0,0.1791,11.0,0.1635,6.0,0.1956,11.0,,,0.1958,6.0
2017-03-27,0.0477,1.0,0.1094,3.0,0.1834,9.0,,,0.2203,19.0,0.1789,11.0,0.1638,6.0,0.1961,11.0,,,0.2036,8.0
2017-03-24,0.081,4.0,0.1188,5.0,0.164,5.0,,,0.187,8.0,0.1788,11.0,0.1636,6.0,0.1934,11.0,,,0.1982,6.0
2017-03-23,0.1196,14.0,0.1235,6.0,0.1849,10.0,,,0.1949,10.0,0.1787,11.0,0.1635,6.0,0.1826,8.0,,,0.2005,7.0
2017-03-22,0.1264,16.0,0.1289,7.0,0.1885,11.0,,,0.1691,5.0,0.1793,11.0,0.1638,6.0,0.1869,9.0,,,0.2032,8.0
2017-03-21,0.1313,19.0,0.1332,9.0,0.1886,11.0,,,0.2057,13.0,0.1793,11.0,0.1639,6.0,0.1863,9.0,,,0.2057,8.0
2017-03-20,0.1317,19.0,0.1333,9.0,0.1494,4.0,,,0.1832,7.0,0.1801,12.0,0.1643,7.0,0.1858,9.0,,,0.2005,7.0
2017-03-17,0.1318,19.0,0.1303,8.0,0.1751,7.0,,,0.2913,59.0,0.1814,12.0,0.1647,7.0,0.1477,1.0,,,0.2314,21.0
2017-03-16,0.1326,19.0,0.1344,9.0,0.1784,8.0,,,0.1983,11.0,0.1817,13.0,0.1649,7.0,0.1948,11.0,,,0.2033,8.0
2017-03-15,0.1214,14.0,0.121,5.0,0.1634,5.0,,,0.3141,67.0,0.1816,13.0,0.1653,7.0,0.1764,7.0,,,0.2519,37.0
2017-03-14,0.081,4.0,0.113,4.0,0.1599,5.0,,,0.1538,3.0,0.1808,12.0,0.1652,7.0,0.189,10.0,,,0.2079,9.0
2017-03-13,0.0839,4.0,0.1159,4.0,0.14,2.0,,,0.1754,6.0,0.1806,12.0,0.1655,7.0,0.168,4.0,,,0.2208,15.0
2017-03-10,0.0603,1.0,0.1078,3.0,0.1565,4.0,,,0.1771,6.0,0.1824,13.0,0.1662,7.0,0.1778,7.0,,,0.2127,11.0
2017-03-09,0.1344,20.0,0.1037,2.0,0.1708,6.0,,,0.1721,5.0,0.1832,14.0,0.1666,7.0,0.1866,9.0,,,0.2107,10.0
2017-03-08,0.1304,18.0,0.112,3.0,0.2199,23.0,,,0.1721,5.0,0.1837,14.0,0.1667,7.0,0.1967,12.0,,,0.2133,11.0
2017-03-07,0.1339,20.0,0.1084,3.0,0.1937,12.0,,,0.2044,13.0,0.1837,14.0,0.1665,7.0,0.1884,9.0,,,0.2044,8.0
2017-03-06,0.1672,34.0,0.1513,17.0,0.1774,8.0,,,0.1677,5.0,0.1834,14.0,0.1668,7.0,0.1919,10.0,,,0.2198,14.0
2017-03-02,0.1482,26.0,0.1533,19.0,0.1719,7.0,,,0.1586,3.0,0.1835,14.0,0.1669,7.0,0.1869,9.0,,,0.1917,5.0
2017-03-01,0.1587,31.0,0.1688,28.0,0.1585,5.0,,,0.1869,8.0,0.1836,14.0,0.1675,8.0,0.1827,8.0,,,0.2285,19.0
2017-02-28,0.1486,26.0,0.1687,28.0,0.1823,9.0,,,0.1775,6.0,0.1826,13.0,0.1674,8.0,0.2159,19.0,,,0.2204,14.0
2017-02-27,0.1506,27.0,0.167,27.0,0.1682,6.0,,,0.1952,10.0,0.1827,14.0,0.167,8.0,0.2002,13.0,,,0.2273,19.0
2017-02-24,0.1563,30.0,0.168,28.0,0.1792,8.0,,,0.3854,87.0,0.1829,14.0,0.1672,8.0,0.1792,7.0,,,0.2312,21.0
2017-02-23,0.1529,28.0,0.1592,22.0,0.1719,7.0,,,0.1928,9.0,0.1823,13.0,0.1661,7.0,0.1874,9.0,,,0.2048,8.0
2017-02-22,0.1585,31.0,0.1613,23.0,0.1672,6.0,,,0.2025,12.0,0.1824,13.0,0.1666,7.0,0.1895,10.0,,,0.2157,12.0
2017-02-21,0.144,25.0,0.157,21.0,0.158,5.0,,,0.2163,17.0,0.1831,14.0,0.1667,7.0,0.158,1.0,,,0.2324,22.0
2017-02-17,0.1172,13.0,0.1446,14.0,0.1259,1.0,,,0.237,28.0,0.1813,12.0,0.1659,7.0,0.1722,5.0,,,0.2273,19.0
2017-02-16,0.1197,14.0,0.1571,21.0,0.1745,7.0,,,0.2127,15.0,0.1816,13.0,0.1658,7.0,0.1864,9.0,,,0.2065,9.0
2017-02-15,0.4712,94.0,0.2048,52.0,0.1567,4.0,,,0.222,19.0,0.1815,13.0,0.1655,7.0,0.1972,12.0,,,0.2135,11.0
2017-02-14,0.4737,95.0,0.2089,55.0,0.1691,6.0,,,0.1987,11.0,0.1819,13.0,0.1656,7.0,0.1916,10.0,,,0.2085,10.0
2017-02-13,0.465,94.0,0.1918,44.0,0.2114,19.0,,,0.2843,56.0,0.1811,12.0,0.1644,7.0,0.1809,8.0,,,0.2161,12.0
2017-02-10,0.4483,94.0,0.1891,42.0,0.2037,16.0,,,0.1467,2.0,0.1807,12.0,0.1643,7.0,0.2112,17.0,,,0.2153,12.0
2017-02-09,0.4645,94.0,0.1906,43.0,0.1193,1.0,,,0.2203,19.0,0.181,12.0,0.1641,6.0,0.1974,12.0,,,0.2058,9.0
2017-02-08,0.4693,94.0,0.1951,46.0,0.1928,12.0,,,0.2939,60.0,0.1806,12.0,0.1643,7.0,0.2022,14.0,,,0.2016,7.0
2017-02-07,0.4639,94.0,0.1844,39.0,0.2497,44.0,,,0.197,11.0,0.1806,12.0,0.1635,6.0,0.2444,40.0,,,0.1995,7.0
2017-02-06,0.1524,28.0,0.1288,7.0,0.2092,18.0,,,0.2271,22.0,0.1516,2.0,0.1609,5.0,0.2279,27.0,,,0.204,8.0
2017-02-03,0.1228,15.0,0.1198,5.0,0.2095,18.0,,,0.3489,78.0,0.1504,2.0,0.1619,6.0,0.2273,27.0,,,0.2552,40.0
2017-02-02,0.1189,14.0,0.1153,4.0,0.2292,28.0,,,0.2169,17.0,0.1497,2.0,0.1617,6.0,0.213,18.0,,,0.2118,11.0
2017-02-01,0.1292,18.0,0.1373,10.0,0.2078,18.0,,,0.279,53.0,0.154,3.0,0.1627,6.0,0.2124,18.0,,,0.2362,24.0
2017-01-31,0.1212,14.0,0.1445,14.0,0.2944,65.0,,,0.2922,59.0,0.1531,3.0,0.1625,6.0,0.2142,18.0,,,0.2231,16.0
2017-01-30,0.1497,27.0,0.1504,17.0,0.2531,46.0,,,0.225,21.0,0.1523,2.0,0.1621,6.0,0.2536,48.0,,,0.2461,33.0
2017-01-27,0.1511,28.0,0.1534,19.0,0.2819,60.0,,,0.2327,26.0,0.1527,3.0,0.1623,6.0,0.2558,50.0,,,0.2488,35.0
2017-01-26,0.1526,28.0,0.1507,17.0,0.3304,77.0,,,0.2059,13.0,0.153,3.0,0.1628,6.0,0.221,22.0,,,0.2421,28.0
2017-01-25,0.1494,27.0,0.1604,22.0,0.1987,14.0,,,0.2293,23.0,0.1533,3.0,0.1633,6.0,0.2101,17.0,,,0.2199,14.0
2017-01-24,0.1554,28.0,0.1651,26.0,0.2412,38.0,,,0.3176,68.0,0.1529,3.0,0.1637,6.0,0.2367,33.0,,,0.2565,41.0
2017-01-23,0.1461,25.0,0.153,18.0,0.2243,26.0,,,0.2359,27.0,0.1536,3.0,0.1641,6.0,0.2197,21.0,,,0.2359,24.0
2017-01-20,0.1455,25.0,0.1463,15.0,0.2738,57.0,,,0.2166,17.0,0.1543,3.0,0.1639,6.0,0.2604,54.0,,,0.2172,13.0
2017-01-19,0.1205,14.0,0.1438,14.0,0.2309,30.0,,,0.2332,26.0,0.155,3.0,0.1639,6.0,0.2196,21.0,,,0.2429,30.0
2017-01-18,0.1177,13.0,0.1454,14.0,0.2065,17.0,,,0.2656,46.0,0.1566,4.0,0.1641,6.0,0.2087,16.0,,,0.2213,15.0
2017-01-17,0.1176,13.0,0.1487,16.0,0.216,21.0,,,0.2081,14.0,0.1575,4.0,0.1644,7.0,0.216,19.0,,,0.2081,9.0
2017-01-13,0.1149,12.0,0.139,11.0,0.1574,5.0,,,0.2402,30.0,0.1576,4.0,0.1643,7.0,0.2004,13.0,,,0.2355,24.0
2017-01-12,0.0959,7.0,0.1376,10.0,0.2549,47.0,,,0.2292,23.0,0.157,4.0,0.1639,6.0,0.2566,51.0,,,0.2059,9.0
2017-01-11,0.0877,5.0,0.1394,11.0,0.2303,30.0,,,0.216,17.0,0.1564,4.0,0.1635,6.0,0.2096,16.0,,,0.216,12.0
2017-01-10,0.0808,4.0,0.1353,9.0,0.218,22.0,,,0.2343,27.0,0.1563,4.0,0.1638,6.0,0.221,22.0,,,0.2343,23.0
2017-01-09,0.0898,5.0,0.1275,7.0,0.3086,70.0,,,0.3326,73.0,0.1561,3.0,0.1633,6.0,0.2099,16.0,,,0.2191,14.0
2017-01-06,0.1356,21.0,0.1272,6.0,0.1762,8.0,,,0.2315,25.0,0.1559,3.0,0.1631,6.0,0.2105,17.0,,,0.2088,10.0
2017-01-05,0.1337,20.0,0.1313,8.0,0.2186,23.0,,,0.2086,14.0,0.1559,3.0,0.1628,6.0,0.2136,18.0,,,0.199,7.0
2017-01-04,0.1343,20.0,0.1368,10.0,0.2096,18.0,,,0.2772,52.0,0.1559,3.0,0.1627,6.0,0.2354,32.0,,,0.2472,34.0
2017-01-03,0.151,28.0,0.1418,13.0,0.1918,12.0,,,0.2836,56.0,0.1572,4.0,0.1628,6.0,0.1941,11.0,,,0.2211,15.0
2016-12-30,0.1327,19.0,0.1416,13.0,0.1921,12.0,,,0.1661,4.0,0.1563,4.0,0.1625,6.0,0.2157,19.0,,,0.1989,7.0
2016-12-29,0.1375,22.0,0.1414,12.0,0.2191,23.0,,,0.2091,14.0,0.1563,4.0,0.1628,6.0,0.2191,21.0,,,0.2116,11.0
2016-12-28,0.1389,22.0,0.146,15.0,0.2322,31.0,,,0.2292,23.0,0.158,4.0,0.1633,6.0,0.2544,49.0,,,0.2098,10.0
2016-12-27,0.1126,11.0,0.1544,19.0,0.2308,30.0,,,0.2373,28.0,0.1563,4.0,0.1636,6.0,0.2337,31.0,,,0.202,7.0
2016-12-23,0.1293,18.0,0.1698,28.0,0.2656,53.0,,,0.2595,42.0,0.1589,4.0,0.1643,7.0,0.2084,16.0,,,0.2188,14.0
2016-12-22,0.1328,19.0,0.1869,41.0,0.1479,3.0,,,0.2113,15.0,0.1665,6.0,0.1657,7.0,0.2154,19.0,,,0.221,15.0
2016-12-21,0.1579,30.0,0.193,45.0,0.2039,16.0,,,0.1921,9.0,0.1703,8.0,0.1665,7.0,0.2196,21.0,,,0.1988,7.0
2016-12-20,0.1462,25.0,0.1974,48.0,0.1419,3.0,,,0.174,6.0,0.1764,10.0,0.1679,8.0,0.1874,9.0,,,0.2107,10.0
2016-12-19,0.1537,28.0,0.1979,48.0,0.1872,10.0,,,0.1784,6.0,0.1955,20.0,0.1707,9.0,0.1995,13.0,,,0.1784,2.0
2016-12-16,0.1538,28.0,0.1947,46.0,0.2047,16.0,,,0.1807,7.0,0.201,24.0,0.1714,9.0,0.2304,28.0,,,0.1857,3.0
2016-12-15,0.1295,18.0,0.1985,48.0,0.1928,12.0,,,0.2755,51.0,0.2007,23.0,0.1707,9.0,0.1542,1.0,,,0.2253,17.0
2016-12-14,0.1305,18.0,0.1845,39.0,0.1929,12.0,,,0.2028,12.0,0.2003,23.0,0.1699,9.0,0.211,17.0,,,0.198,6.0
2016-12-13,0.1032,8.0,0.1656,26.0,0.166,6.0,,,0.2271,22.0,0.2002,23.0,0.169,8.0,0.2102,17.0,,,0.2271,19.0
2016-12-12,0.0866,5.0,0.1676,27.0,0.1662,6.0,,,0.2435,32.0,0.1995,22.0,0.169,8.0,0.1848,9.0,,,0.2366,25.0
2016-12-09,0.1508,27.0,0.1778,35.0,0.191,11.0,,,0.1816,7.0,0.1992,22.0,0.1687,8.0,0.197,12.0,,,0.1983,6.0
2016-12-08,0.202,49.0,0.1956,47.0,0.1822,9.0,,,0.2223,20.0,0.1995,22.0,0.1689,8.0,0.2047,15.0,,,0.2217,15.0
2016-12-07,0.1983,47.0,0.1936,45.0,0.1899,11.0,,,0.3543,79.0,0.1997,22.0,0.1691,9.0,0.1958,11.0,,,0.222,15.0
2016-12-06,0.1808,40.0,0.1806,36.0,0.2104,19.0,,,0.2176,17.0,0.2047,26.0,0.1702,9.0,0.2127,18.0,,,0.2266,18.0
2016-12-05,0.165,33.0,0.1758,33.0,0.2133,20.0,,,0.1972,11.0,0.2049,26.0,0.17,9.0,0.242,38.0,,,0.2095,10.0
2016-12-02,0.169,35.0,0.1777,35.0,0.1953,13.0,,,0.3425,77.0,0.2046,26.0,0.1699,9.0,0.2515,47.0,,,0.2041,8.0
2016-12-01,0.1583,31.0,0.1709,30.0,0.2296,30.0,,,0.1994,11.0,0.2049,26.0,0.1694,9.0,0.2382,35.0,,,0.2182,13.0
2016-11-30,0.164,33.0,0.1577,21.0,0.2263,27.0,,,0.2122,15.0,0.2043,26.0,0.1686,8.0,0.2363,33.0,,,0.2145,12.0
2016-11-29,0.1046,9.0,0.1425,13.0,0.1925,12.0,,,0.2779,53.0,0.2025,24.0,0.1676,8.0,0.2187,21.0,,,0.2145,12.0
2016-11-28,0.1048,9.0,0.1354,9.0,0.2063,17.0,,,0.2614,44.0,0.2025,24.0,0.1672,8.0,0.2248,25.0,,,0.2243,17.0
2016-11-25,0.1124,11.0,0.1493,16.0,0.2875,62.0,,,0.2144,16.0,0.203,25.0,0.1685,8.0,0.2224,23.0,,,0.2241,16.0
2016-11-23,0.1774,38.0,0.18,36.0,0.1963,13.0,,,0.2768,52.0,0.203,25.0,0.1688,8.0,0.2163,19.0,,,0.2302,20.0
2016-11-22,0.1772,38.0,0.1886,42.0,0.2376,35.0,,,0.1842,8.0,0.2026,24.0,0.1685,8.0,0.2462,42.0,,,0.2162,12.0
2016-11-21,0.2131,54.0,0.1916,44.0,0.2131,20.0,,,0.2274,22.0,0.2034,25.0,0.169,8.0,0.2157,19.0,,,0.2272,19.0
2016-11-18,0.2047,50.0,0.1942,46.0,0.2299,30.0,,,0.2223,20.0,0.2038,25.0,0.1692,9.0,0.2248,25.0,,,0.2092,10.0
2016-11-17,0.2044,50.0,0.2053,53.0,0.2051,16.0,,,0.2401,30.0,0.204,26.0,0.1692,9.0,0.2292,28.0,,,0.2261,18.0
2016-11-16,0.207,51.0,0.2098,55.0,0.2319,31.0,,,0.2223,20.0,0.2055,27.0,0.1708,9.0,0.2267,26.0,,,0.2244,17.0
2016-11-15,0.2363,62.0,0.2023,51.0,0.2206,24.0,,,0.2391,28.0,0.2067,28.0,0.171,9.0,0.222,23.0,,,0.2312,21.0
2016-11-14,0.2083,52.0,0.1987,48.0,0.31,70.0,,,0.262,44.0,0.2039,25.0,0.1696,9.0,0.2278,27.0,,,0.2261,18.0
2016-11-11,0.238,62.0,0.2086,54.0,0.4471,96.0,,,0.223,20.0,0.2052,27.0,0.1701,9.0,0.2361,33.0,,,0.2259,18.0
2016-11-10,0.221,56.0,0.24,70.0,0.2335,32.0,,,0.2241,20.0,0.2063,27.0,0.1813,16.0,0.2344,32.0,,,0.2296,20.0
2016-11-09,0.2237,57.0,0.2426,71.0,0.2172,22.0,,,0.2948,60.0,0.2099,31.0,0.1823,17.0,0.2247,25.0,,,0.236,24.0
2016-11-08,0.2236,57.0,0.2338,68.0,0.2207,24.0,,,0.2699,49.0,0.2114,32.0,0.1818,17.0,0.2226,23.0,,,0.226,18.0
2016-11-07,0.2217,57.0,0.2331,67.0,0.2176,22.0,,,0.2253,21.0,0.2116,33.0,0.1819,17.0,0.2157,19.0,,,0.2561,41.0
2016-11-04,0.1779,38.0,0.2405,70.0,0.2135,20.0,,,0.2472,34.0,0.2094,30.0,0.1818,17.0,0.2301,28.0,,,0.2314,21.0
2016-11-03,0.1108,11.0,0.2217,61.0,0.3157,72.0,,,0.2021,12.0,0.2088,28.0,0.1806,15.0,0.2456,41.0,,,0.2331,22.0
2016-11-02,0.0999,8.0,0.2033,51.0,0.251,45.0,,,0.2137,16.0,0.2073,28.0,0.1797,14.0,0.2574,51.0,,,0.228,19.0
2016-11-01,0.0927,6.0,0.1627,24.0,0.2797,59.0,,,0.3567,80.0,0.2074,28.0,0.1778,12.0,0.2492,45.0,,,0.2194,14.0
2016-10-31,0.1014,8.0,0.1436,13.0,0.291,64.0,,,0.2564,40.0,0.2072,28.0,0.1771,11.0,0.2267,26.0,,,0.2235,16.0
2016-10-28,0.1087,10.0,0.1362,10.0,0.234,33.0,,,0.2147,16.0,0.208,28.0,0.177,11.0,0.2305,28.0,,,0.2041,8.0
2016-10-27,0.1045,9.0,0.1298,7.0,0.2338,33.0,,,0.2388,28.0,0.2089,30.0,0.1777,12.0,0.2378,34.0,,,0.2054,8.0
2016-10-26,0.09,5.0,0.1118,3.0,0.2626,51.0,,,0.2486,35.0,0.2088,28.0,0.1773,12.0,0.2237,24.0,,,0.2177,13.0
2016-10-25,0.0938,6.0,0.1145,4.0,0.232,31.0,,,0.2499,36.0,0.2086,28.0,0.1776,12.0,0.2189,21.0,,,0.2384,26.0
2016-10-24,0.0847,4.0,0.1146,4.0,0.303,68.0,,,0.2349,27.0,0.209,30.0,0.1776,12.0,0.2321,30.0,,,0.2006,7.0
2016-10-21,0.0874,5.0,0.1214,5.0,0.2376,35.0,,,0.244,32.0,0.2099,31.0,0.1775,12.0,0.2238,24.0,,,0.2166,13.0
2016-10-20,0.0648,2.0,0.1236,6.0,0.2483,43.0,,,0.2535,38.0,0.2094,30.0,0.178,12.0,0.2309,28.0,,,0.2064,9.0
2016-10-19,0.1948,46.0,0.1683,28.0,0.2534,46.0,,,0.2363,28.0,0.2099,31.0,0.1784,13.0,0.2298,28.0,,,0.2093,10.0
2016-10-18,0.2272,57.0,0.1715,30.0,0.2541,47.0,,,0.1468,2.0,0.2106,31.0,0.1787,13.0,0.2308,28.0,,,0.2166,13.0
2016-10-17,0.2218,57.0,0.1857,40.0,0.2705,55.0,,,0.251,37.0,0.2105,31.0,0.1795,14.0,0.2226,23.0,,,0.2223,16.0
2016-10-14,0.2222,57.0,0.1857,40.0,0.3525,83.0,,,0.2298,24.0,0.2103,31.0,0.18,14.0,0.2308,28.0,,,0.2229,16.0
2016-10-13,0.2383,62.0,0.1857,40.0,0.2402,37.0,,,0.2411,31.0,0.2103,31.0,0.1801,14.0,0.2176,20.0,,,0.2178,13.0
2016-10-12,0.2392,63.0,0.1892,43.0,0.2869,62.0,,,0.241,30.0,0.2103,31.0,0.1794,14.0,0.2315,30.0,,,0.217,13.0
2016-10-11,0.2405,63.0,0.1922,44.0,0.3492,82.0,,,0.2415,31.0,0.212,33.0,0.1808,15.0,0.2356,32.0,,,0.2203,14.0
2016-10-10,0.1618,32.0,0.1606,23.0,0.2138,20.0,,,0.2488,35.0,0.2067,28.0,0.1789,13.0,0.2186,20.0,,,0.2208,15.0
2016-10-07,0.1327,19.0,0.1696,28.0,0.2154,21.0,,,0.2183,18.0,0.206,27.0,0.1788,13.0,0.2147,19.0,,,0.2009,7.0
2016-10-06,0.1266,16.0,0.16,22.0,0.2134,20.0,,,0.255,39.0,0.2062,27.0,0.1784,13.0,0.2128,18.0,,,0.2055,8.0
2016-10-05,0.1284,17.0,0.1579,21.0,0.2321,31.0,,,0.2297,23.0,0.2068,28.0,0.1791,13.0,0.2248,25.0,,,0.2189,14.0
2016-10-04,0.1057,9.0,0.1529,18.0,0.2234,26.0,,,0.2226,20.0,0.2065,28.0,0.179,13.0,0.2205,22.0,,,0.218,13.0
2016-10-03,0.1084,10.0,0.137,10.0,0.2713,56.0,,,0.2331,26.0,0.2062,27.0,0.178,12.0,0.2299,28.0,,,0.2082,9.0
2016-09-30,0.0944,6.0,0.1345,9.0,0.2299,30.0,,,0.224,20.0,0.2057,27.0,0.1778,12.0,0.2278,27.0,,,0.209,10.0
2016-09-29,0.1146,12.0,0.1434,13.0,0.2063,17.0,,,0.1772,6.0,0.2064,28.0,0.1783,13.0,0.2235,24.0,,,0.2115,11.0
2016-09-28,0.1338,20.0,0.1409,12.0,0.2004,15.0,,,0.2186,18.0,0.208,28.0,0.1783,13.0,0.2318,30.0,,,0.2112,11.0
2016-09-27,0.1346,21.0,0.1352,9.0,0.1956,13.0,,,0.2094,14.0,0.2109,32.0,0.1797,14.0,0.2311,28.0,,,0.2066,9.0
2016-09-26,0.1397,23.0,0.1549,19.0,0.1921,12.0,,,0.2354,27.0,0.2122,34.0,0.1808,15.0,0.2234,24.0,,,0.2134,11.0
2016-09-23,0.1325,19.0,0.1582,21.0,0.2649,53.0,,,0.153,3.0,0.2127,34.0,0.1816,16.0,0.2329,31.0,,,0.2086,10.0
2016-09-22,0.0824,4.0,0.1626,24.0,0.2202,23.0,,,0.1918,9.0,0.2121,34.0,0.1818,17.0,0.2268,26.0,,,0.2084,10.0
2016-09-21,0.1812,40.0,0.1779,35.0,0.197,13.0,,,0.2525,38.0,0.2143,37.0,0.1833,19.0,0.2169,20.0,,,0.2206,14.0
2016-09-20,0.1823,40.0,0.1768,34.0,0.1758,8.0,,,0.2101,15.0,0.2146,37.0,0.1831,19.0,0.2224,23.0,,,0.2177,13.0
2016-09-19,0.1833,41.0,0.1695,28.0,0.206,17.0,,,0.1789,7.0,0.2136,36.0,0.1828,18.0,0.2176,20.0,,,0.2193,14.0
2016-09-16,0.1811,40.0,0.1669,27.0,0.1893,11.0,,,0.2989,62.0,0.2135,36.0,0.1827,18.0,0.2223,23.0,,,0.2254,17.0
2016-09-15,0.166,33.0,0.1521,18.0,0.2277,28.0,,,0.2476,34.0,0.2133,35.0,0.1825,18.0,0.2146,19.0,,,0.2337,22.0
2016-09-14,0.1592,31.0,0.1565,20.0,0.2089,18.0,,,0.2299,24.0,0.2141,37.0,0.1834,19.0,0.2235,24.0,,,0.2373,25.0
2016-09-13,0.1823,40.0,0.1484,16.0,0.2556,48.0,,,0.2443,33.0,0.2156,38.0,0.1839,20.0,0.2453,41.0,,,0.2397,27.0
2016-09-12,0.1427,24.0,0.1381,11.0,0.2,15.0,,,0.2473,34.0,0.2143,37.0,0.1832,19.0,0.2131,18.0,,,0.2328,22.0
2016-09-09,0.1227,15.0,0.1227,5.0,0.2305,30.0,,,0.2098,15.0,0.2136,36.0,0.1828,18.0,0.224,24.0,,,0.2226,16.0
2016-09-08,0.1129,11.0,0.119,5.0,0.2361,34.0,,,0.2157,17.0,0.2141,37.0,0.1828,18.0,0.2224,23.0,,,0.2231,16.0
2016-09-07,0.1093,10.0,0.1243,6.0,0.2194,23.0,,,0.2644,46.0,0.2148,38.0,0.1839,20.0,0.2089,16.0,,,0.2256,17.0
2016-09-06,0.1222,15.0,0.1365,10.0,0.2171,22.0,,,0.2091,14.0,0.2194,41.0,0.1853,21.0,0.2144,19.0,,,0.2214,15.0
2016-09-02,0.1226,15.0,0.143,13.0,0.1859,10.0,,,0.2031,12.0,0.2204,42.0,0.1862,22.0,0.2199,21.0,,,0.2354,24.0
2016-09-01,0.142,24.0,0.1489,16.0,0.1941,12.0,,,0.2181,18.0,0.2197,41.0,0.1861,22.0,0.2743,62.0,,,0.2523,38.0
2016-08-31,0.1331,20.0,0.1389,11.0,0.2269,28.0,,,0.2015,12.0,0.2199,42.0,0.186,22.0,0.2392,35.0,,,0.2263,18.0
2016-08-30,0.1384,22.0,0.1381,11.0,0.1775,8.0,,,0.2147,16.0,0.2208,42.0,0.1869,23.0,0.2073,15.0,,,0.2279,19.0
2016-08-29,0.1341,20.0,0.138,11.0,0.222,25.0,,,0.2485,35.0,0.2215,42.0,0.1874,23.0,0.2331,31.0,,,0.2099,10.0
2016-08-26,0.1402,23.0,0.1384,11.0,0.2271,28.0,,,0.2299,24.0,0.2219,43.0,0.1875,23.0,0.2175,20.0,,,0.2219,15.0
2016-08-25,0.124,15.0,0.1253,6.0,0.1749,7.0,,,0.2619,44.0,0.2214,42.0,0.1871,23.0,0.197,12.0,,,0.2218,15.0
2016-08-24,0.1105,11.0,0.1109,3.0,0.2135,20.0,,,0.2167,17.0,0.2217,43.0,0.187,23.0,0.2181,20.0,,,0.2151,12.0
2016-08-23,0.1146,12.0,0.0977,1.0,0.1733,7.0,,,0.1552,3.0,0.221,42.0,0.1878,24.0,0.2251,25.0,,,0.2059,9.0
2016-08-22,0.1152,12.0,0.1066,2.0,0.197,13.0,,,0.2126,15.0,0.2212,42.0,0.188,24.0,0.197,12.0,,,0.2428,30.0
2016-08-19,0.1141,12.0,0.1085,3.0,0.124,1.0,,,0.1846,8.0,0.2246,45.0,0.1896,26.0,0.1933,11.0,,,0.25,36.0
2016-08-18,0.1499,27.0,0.1239,6.0,0.1991,14.0,,,0.2468,34.0,0.2249,45.0,0.1911,28.0,0.1927,10.0,,,0.2535,39.0
2016-08-17,0.1299,18.0,0.1477,15.0,0.2459,41.0,,,0.2009,12.0,0.2281,47.0,0.192,28.0,0.2007,13.0,,,0.2654,49.0
2016-08-16,0.1272,17.0,0.1447,14.0,0.2147,21.0,,,0.2072,14.0,0.2283,47.0,0.1924,28.0,0.2134,18.0,,,0.2389,27.0
2016-08-15,0.2041,50.0,0.1623,24.0,0.1685,6.0,,,0.2328,26.0,0.2279,47.0,0.1927,30.0,0.2012,13.0,,,0.2424,30.0
2016-08-12,0.2021,49.0,0.1646,25.0,0.2155,21.0,,,0.1831,7.0,0.2289,47.0,0.1939,31.0,0.2097,16.0,,,0.2388,26.0
2016-08-11,0.1991,48.0,0.1597,22.0,0.1713,7.0,,,0.2871,57.0,0.2292,48.0,0.194,31.0,0.2146,19.0,,,0.2453,32.0
2016-08-10,0.209,52.0,0.1632,24.0,0.2161,21.0,,,0.2294,23.0,0.2312,49.0,0.1947,31.0,0.221,22.0,,,0.2401,27.0
2016-08-09,0.1722,36.0,0.1654,26.0,0.2923,64.0,,,0.1785,7.0,0.2297,48.0,0.1957,32.0,0.2236,24.0,,,0.2069,9.0
2016-08-08,0.1739,37.0,0.1511,17.0,0.3216,74.0,,,0.3316,73.0,0.2333,51.0,0.1969,33.0,0.2105,17.0,,,0.2387,26.0
2016-08-05,0.1746,37.0,0.158,21.0,0.2085,18.0,,,0.4078,90.0,0.2388,53.0,0.2014,36.0,0.1893,10.0,,,0.2602,45.0
2016-08-04,0.1384,22.0,0.1658,26.0,0.1801,8.0,,,0.3193,69.0,0.237,52.0,0.2036,38.0,0.1974,12.0,,,0.2431,30.0
2016-08-03,0.1437,25.0,0.17,28.0,0.2327,32.0,,,0.3344,74.0,0.2388,53.0,0.2062,39.0,0.2417,38.0,,,0.25,36.0
2016-08-02,0.1939,45.0,0.1816,37.0,0.231,31.0,,,0.2035,12.0,0.2422,54.0,0.2075,41.0,0.2183,20.0,,,0.2368,25.0
2016-08-01,0.189,43.0,0.1843,39.0,0.2728,56.0,,,0.2987,62.0,0.2419,54.0,0.2075,41.0,0.2115,17.0,,,0.2662,50.0
2016-07-29,0.2187,56.0,0.1787,35.0,0.2301,30.0,,,0.3261,71.0,0.2418,54.0,0.2078,41.0,0.2231,24.0,,,0.2543,39.0
2016-07-28,0.2188,56.0,0.1762,34.0,0.2282,28.0,,,0.2809,54.0,0.242,54.0,0.2075,41.0,0.2074,15.0,,,0.2444,31.0
2016-07-27,0.2247,57.0,0.169,28.0,0.22,23.0,,,0.2605,43.0,0.2423,54.0,0.2081,41.0,0.219,21.0,,,0.2436,31.0
2016-07-26,0.1984,48.0,0.1402,12.0,0.2175,22.0,,,0.2883,57.0,0.2425,55.0,0.2072,40.0,0.204,14.0,,,0.2514,37.0
2016-07-25,0.1834,41.0,0.1438,14.0,0.2556,48.0,,,0.2109,15.0,0.243,55.0,0.21,43.0,0.2133,18.0,,,0.2384,26.0
2016-07-22,0.1488,27.0,0.1294,7.0,0.2029,16.0,,,0.248,35.0,0.2419,54.0,0.2104,43.0,0.2015,13.0,,,0.2462,33.0
2016-07-21,0.1015,8.0,0.1238,6.0,0.2417,38.0,,,0.2298,24.0,0.2408,54.0,0.2104,43.0,0.2122,17.0,,,0.2409,28.0
2016-07-20,0.0813,4.0,0.1135,4.0,0.2177,22.0,,,0.2617,44.0,0.2402,54.0,0.2106,43.0,0.2045,15.0,,,0.2403,28.0
2016-07-19,0.0526,1.0,0.1019,2.0,0.2453,41.0,,,0.2305,24.0,0.2433,55.0,0.2108,44.0,0.2111,17.0,,,0.2421,28.0
2016-07-18,0.101,8.0,0.113,4.0,0.2457,41.0,,,0.2506,36.0,0.2432,55.0,0.2117,45.0,0.2124,18.0,,,0.2362,24.0
2016-07-15,0.1007,8.0,0.1161,4.0,0.238,36.0,,,0.245,33.0,0.2438,55.0,0.216,49.0,0.2021,14.0,,,0.2047,8.0
2016-07-14,0.0954,7.0,0.1132,4.0,0.2407,37.0,,,0.2281,23.0,0.2438,55.0,0.2168,50.0,0.2151,19.0,,,0.2382,26.0
2016-07-13,0.1481,26.0,0.1286,7.0,0.3088,70.0,,,0.2111,15.0,0.2441,55.0,0.2176,51.0,0.2257,25.0,,,0.2451,32.0
2016-07-12,0.1434,24.0,0.1395,11.0,0.2759,57.0,,,0.3225,70.0,0.2448,56.0,0.2189,53.0,0.2236,24.0,,,0.2485,35.0
2016-07-11,0.1844,41.0,0.1615,23.0,0.3084,70.0,,,0.2303,24.0,0.2508,59.0,0.2225,55.0,0.2261,26.0,,,0.2387,26.0
2016-07-08,0.2597,69.0,0.1898,43.0,0.202,15.0,,,0.2495,36.0,0.2508,59.0,0.2233,56.0,0.2055,15.0,,,0.2514,37.0
2016-07-07,0.2816,75.0,0.2036,52.0,0.2502,44.0,,,0.233,26.0,0.2507,59.0,0.2253,57.0,0.2335,31.0,,,0.2528,38.0
2016-07-06,0.3882,89.0,0.2279,64.0,0.2814,60.0,,,0.3735,84.0,0.2536,60.0,0.2269,59.0,0.2476,43.0,,,0.2488,35.0
2016-07-05,0.548,96.0,0.2573,76.0,0.3978,91.0,,,0.2228,20.0,0.2562,62.0,0.2276,59.0,0.2492,45.0,,,0.2181,13.0
2016-07-01,0.5779,97.0,0.2636,78.0,0.2713,56.0,,,0.2796,54.0,0.2552,61.0,0.228,60.0,0.2042,14.0,,,0.2507,37.0
2016-06-30,0.5805,97.0,0.256,76.0,0.2645,52.0,,,0.3366,75.0,0.2552,61.0,0.228,60.0,0.1768,7.0,,,0.2789,59.0
2016-06-29,0.567,97.0,0.2489,73.0,0.2244,26.0,,,0.3489,78.0,0.254,60.0,0.2279,59.0,0.2169,20.0,,,0.2635,47.0
2016-06-28,0.512,96.0,0.2338,68.0,0.2273,28.0,,,0.3984,89.0,0.2502,57.0,0.2272,59.0,0.1925,10.0,,,0.268,51.0
2016-06-27,0.4786,95.0,0.2276,64.0,0.3254,75.0,,,0.2678,48.0,0.2472,57.0,0.2271,59.0,0.2626,55.0,,,0.2706,53.0
2016-06-24,0.443,93.0,0.2091,55.0,0.3162,72.0,,,0.3306,73.0,0.2443,55.0,0.2264,57.0,0.2708,60.0,,,0.2725,54.0
2016-06-23,0.2364,62.0,0.1693,28.0,0.2261,27.0,,,0.2375,28.0,0.23,49.0,0.2248,57.0,0.2053,15.0,,,0.2523,38.0
2016-06-22,0.1253,16.0,0.1545,19.0,0.2574,49.0,,,0.2267,22.0,0.2249,45.0,0.224,57.0,0.2241,25.0,,,0.2302,20.0
2016-06-21,0.2274,57.0,0.1915,44.0,0.2725,56.0,,,0.2287,23.0,0.2314,50.0,0.2255,57.0,0.222,23.0,,,0.2242,17.0
2016-06-20,0.2278,59.0,0.1856,40.0,0.2301,30.0,,,0.2184,18.0,0.2382,53.0,0.227,59.0,0.2301,28.0,,,0.2159,12.0
2016-06-17,0.223,57.0,0.1816,37.0,0.1584,5.0,,,0.2745,51.0,0.2381,53.0,0.2268,59.0,0.2076,15.0,,,0.2717,54.0
2016-06-16,0.2167,55.0,0.1757,33.0,0.2419,38.0,,,0.2794,54.0,0.2426,55.0,0.2282,60.0,0.2047,15.0,,,0.2464,33.0
2016-06-15,0.239,62.0,0.1752,33.0,0.2971,66.0,,,0.2227,20.0,0.2425,55.0,0.2281,60.0,0.2006,13.0,,,0.2171,13.0
2016-06-14,0.2415,64.0,0.1737,32.0,0.2536,47.0,,,0.2188,18.0,0.2459,56.0,0.229,61.0,0.2413,37.0,,,0.2545,40.0
2016-06-13,0.2544,67.0,0.1841,39.0,0.4035,91.0,,,0.1847,8.0,0.2457,56.0,0.2288,60.0,0.2745,62.0,,,0.228,19.0
2016-06-10,0.1277,17.0,0.1492,16.0,0.2526,46.0,,,0.201,12.0,0.2413,54.0,0.2286,60.0,0.2201,22.0,,,0.2577,42.0
2016-06-09,0.0659,2.0,0.155,19.0,0.2054,17.0,,,0.2271,22.0,0.2414,54.0,0.2288,60.0,0.2059,15.0,,,0.2167,13.0
2016-06-08,0.0682,2.0,0.1522,18.0,0.1839,9.0,,,0.312,67.0,0.2428,55.0,0.2291,61.0,0.1926,10.0,,,0.238,26.0
2016-06-07,0.084,4.0,0.1628,24.0,0.186,10.0,,,0.2737,50.0,0.2432,55.0,0.2299,61.0,0.1992,13.0,,,0.236,24.0
2016-06-06,0.1449,25.0,0.169,28.0,0.187,10.0,,,0.1961,10.0,0.2512,59.0,0.2346,64.0,0.204,14.0,,,0.2225,16.0
2016-06-03,0.1541,28.0,0.1728,31.0,0.2279,28.0,,,0.2034,12.0,0.2548,61.0,0.2364,65.0,0.2039,14.0,,,0.2492,35.0
2016-06-02,0.1757,38.0,0.1819,37.0,0.1748,7.0,,,0.2035,12.0,0.2548,61.0,0.2363,65.0,0.1989,13.0,,,0.2273,19.0
2016-06-01,0.2111,53.0,0.1935,45.0,0.2207,24.0,,,0.1906,9.0,0.2597,63.0,0.2392,66.0,0.1984,12.0,,,0.2252,17.0
2016-05-31,0.2088,52.0,0.1916,44.0,0.1958,13.0,,,0.2291,23.0,0.2599,63.0,0.2398,66.0,0.1836,8.0,,,0.2098,10.0
2016-05-27,0.239,62.0,0.2116,56.0,0.1981,14.0,,,0.2426,31.0,0.2601,63.0,0.24,66.0,0.1864,9.0,,,0.195,6.0
2016-05-26,0.2589,69.0,0.3366,90.0,0.3027,68.0,,,0.2163,17.0,0.2592,63.0,0.2393,66.0,0.2224,23.0,,,0.2259,18.0
2016-05-25,0.2916,77.0,0.3457,91.0,0.1892,11.0,,,0.1844,8.0,0.2585,63.0,0.2388,66.0,0.2018,14.0,,,0.2215,15.0
2016-05-24,0.3215,81.0,0.3477,92.0,0.1823,9.0,,,0.2142,16.0,0.2591,63.0,0.239,66.0,0.1906,10.0,,,0.2373,25.0
2016-05-23,0.2909,77.0,0.3368,90.0,0.2607,50.0,,,0.2303,24.0,0.2584,63.0,0.2386,66.0,0.2164,19.0,,,0.2282,19.0
2016-05-20,0.2829,75.0,0.3296,90.0,0.1942,13.0,,,0.2391,28.0,0.2576,62.0,0.2381,65.0,0.2194,21.0,,,0.2397,27.0
2016-05-19,0.2858,76.0,0.329,89.0,0.2194,23.0,,,0.2789,53.0,0.2576,62.0,0.2381,65.0,0.1941,11.0,,,0.2798,60.0
2016-05-18,0.2522,67.0,0.3213,89.0,0.1964,13.0,,,0.2829,55.0,0.2572,62.0,0.2379,65.0,0.1928,10.0,,,0.2878,64.0
2016-05-17,0.24,63.0,0.1883,42.0,0.3471,82.0,,,0.455,95.0,0.2553,61.0,0.229,61.0,0.2336,31.0,,,0.2292,20.0
2016-05-16,0.1579,30.0,0.1598,22.0,0.1836,9.0,,,0.3667,82.0,0.2523,59.0,0.2278,59.0,0.1975,12.0,,,0.2588,43.0
2016-05-13,0.1413,23.0,0.1554,20.0,0.4761,97.0,,,0.268,48.0,0.2523,59.0,0.2282,60.0,0.2186,20.0,,,0.2343,23.0
2016-05-12,0.1384,22.0,0.1665,27.0,0.2946,65.0,,,0.4172,91.0,0.2525,60.0,0.2284,60.0,0.2036,14.0,,,0.2343,23.0
2016-05-11,0.1779,38.0,0.1709,30.0,0.2372,35.0,,,0.2084,14.0,0.2526,60.0,0.2289,60.0,0.2219,23.0,,,0.2245,17.0
2016-05-10,0.1552,28.0,0.1725,31.0,0.1682,6.0,,,0.4008,89.0,0.2527,60.0,0.2292,61.0,0.2085,16.0,,,0.25,36.0
2016-05-09,0.1744,37.0,0.1665,27.0,0.1849,10.0,,,0.3034,63.0,0.253,60.0,0.2292,61.0,0.1761,6.0,,,0.2582,43.0
2016-05-06,0.1822,40.0,0.1563,20.0,0.1498,4.0,,,0.2906,57.0,0.2546,61.0,0.2299,61.0,0.1984,12.0,,,0.2421,28.0
2016-05-05,0.1828,41.0,0.1635,25.0,0.2322,31.0,,,0.4129,91.0,0.2558,61.0,0.2305,62.0,0.1992,13.0,,,0.2352,24.0
2016-05-04,0.177,38.0,0.1647,25.0,0.2099,18.0,,,0.3682,83.0,0.2562,62.0,0.2312,62.0,0.1984,12.0,,,0.2667,50.0
2016-05-03,0.1416,24.0,0.1521,18.0,0.2665,54.0,,,0.2215,19.0,0.2561,62.0,0.2328,64.0,0.2294,28.0,,,0.2284,19.0
2016-05-02,0.1354,21.0,0.1607,23.0,0.2955,66.0,,,0.2411,31.0,0.2578,62.0,0.2361,65.0,0.2379,34.0,,,0.238,26.0
2016-04-29,0.1476,26.0,0.1682,28.0,0.2488,43.0,,,0.3235,70.0,0.258,63.0,0.2378,65.0,0.2038,14.0,,,0.2692,52.0
2016-04-28,0.1413,23.0,0.1705,28.0,0.2787,59.0,,,0.1905,9.0,0.2756,66.0,0.2444,68.0,0.2233,24.0,,,0.227,19.0
2016-04-27,0.115,12.0,0.164,25.0,0.2197,23.0,,,0.2349,27.0,0.2757,67.0,0.2448,68.0,0.1875,9.0,,,0.2118,11.0
2016-04-26,0.1555,28.0,0.1817,37.0,0.2038,16.0,,,0.2568,40.0,0.2824,67.0,0.2471,69.0,0.1935,11.0,,,0.2458,33.0
2016-04-25,0.1495,27.0,0.1781,35.0,0.2893,63.0,,,0.21,15.0,0.2823,67.0,0.2476,70.0,0.2149,19.0,,,0.2315,21.0
2016-04-22,0.1246,16.0,0.1733,31.0,0.263,52.0,,,0.1865,8.0,0.2817,67.0,0.2489,70.0,0.2159,19.0,,,0.231,21.0
2016-04-21,0.1363,21.0,0.1664,26.0,0.1975,14.0,,,0.2687,48.0,0.2817,67.0,0.249,70.0,0.1987,12.0,,,0.2373,25.0
2016-04-20,0.1437,25.0,0.1691,28.0,0.2263,27.0,,,0.2247,21.0,0.2828,68.0,0.2499,71.0,0.2043,15.0,,,0.2249,17.0
2016-04-19,0.1445,25.0,0.1664,26.0,0.2249,27.0,,,0.2018,12.0,0.2828,68.0,0.2497,71.0,0.1947,11.0,,,0.2309,21.0
2016-04-18,0.1378,22.0,0.1642,25.0,0.179,8.0,,,0.2786,53.0,0.2841,68.0,0.2506,71.0,0.1988,12.0,,,0.2455,32.0
2016-04-15,0.1229,15.0,0.1331,9.0,0.2913,64.0,,,0.228,22.0,0.283,68.0,0.25,71.0,0.2198,21.0,,,0.2272,19.0
2016-04-14,0.1347,21.0,0.1486,16.0,0.2283,28.0,,,0.2339,26.0,0.283,68.0,0.25,71.0,0.2146,19.0,,,0.2336,22.0
2016-04-13,0.193,45.0,0.1605,22.0,0.2134,20.0,,,0.325,71.0,0.285,68.0,0.251,71.0,0.2156,19.0,,,0.2536,39.0
2016-04-12,0.2358,61.0,0.1844,39.0,0.1832,9.0,,,0.2789,53.0,0.2854,68.0,0.2518,71.0,0.2176,20.0,,,0.26,44.0
2016-04-11,0.2506,66.0,0.1904,43.0,0.2424,39.0,,,0.2159,17.0,0.2858,68.0,0.2517,71.0,0.2274,27.0,,,0.2279,19.0
2016-04-08,0.2545,67.0,0.2002,49.0,0.2355,34.0,,,0.2408,30.0,0.286,68.0,0.2519,71.0,0.2191,21.0,,,0.2323,22.0
2016-04-07,0.2473,65.0,0.2065,53.0,0.2265,28.0,,,0.3285,72.0,0.2862,68.0,0.2523,72.0,0.2211,22.0,,,0.2402,28.0
2016-04-06,0.2899,76.0,0.2301,66.0,0.2615,51.0,,,0.2746,51.0,0.2864,68.0,0.2529,72.0,0.2302,28.0,,,0.2744,56.0
2016-04-05,0.2888,76.0,0.2253,63.0,0.2297,30.0,,,0.2676,48.0,0.2874,68.0,0.2529,72.0,0.2261,26.0,,,0.2541,39.0
2016-04-04,0.2593,69.0,0.2202,60.0,0.3282,76.0,,,0.1974,11.0,0.2869,68.0,0.2532,72.0,0.2291,28.0,,,0.2215,15.0
2016-04-01,0.1819,40.0,0.1942,46.0,0.2391,36.0,,,0.338,75.0,0.2852,68.0,0.2523,72.0,0.2015,13.0,,,0.265,49.0
2016-03-31,0.1687,34.0,0.1858,40.0,0.2907,63.0,,,0.1904,9.0,0.2843,68.0,0.2527,72.0,0.2371,34.0,,,0.2397,27.0
2016-03-30,0.1392,23.0,0.1907,43.0,0.2578,49.0,,,0.2173,17.0,0.284,68.0,0.2543,72.0,0.2359,33.0,,,0.2334,22.0
2016-03-29,0.1344,20.0,0.1999,49.0,0.1746,7.0,,,0.3606,81.0,0.2842,68.0,0.2545,72.0,0.2046,15.0,,,0.2699,53.0
2016-03-28,0.1598,31.0,0.1772,34.0,0.237,35.0,,,0.3769,85.0,0.2828,68.0,0.2556,72.0,0.2047,15.0,,,0.2635,47.0
2016-03-24,0.1535,28.0,0.1722,30.0,0.2354,34.0,,,0.2275,22.0,0.2881,68.0,0.2577,73.0,0.2314,30.0,,,0.2506,36.0
2016-03-23,0.186,42.0,0.1701,28.0,0.2446,40.0,,,0.2576,41.0,0.2884,69.0,0.2585,73.0,0.2268,26.0,,,0.2418,28.0
2016-03-22,0.2101,52.0,0.1876,42.0,0.2076,18.0,,,0.3769,85.0,0.3085,74.0,0.2697,77.0,0.2203,22.0,,,0.2606,45.0
2016-03-21,0.2786,74.0,0.2038,52.0,0.1731,7.0,,,0.2894,57.0,0.3082,74.0,0.2695,77.0,0.2426,39.0,,,0.2651,49.0
2016-03-18,0.2884,76.0,0.2079,54.0,0.1934,12.0,,,0.291,59.0,0.308,73.0,0.2688,76.0,0.2311,28.0,,,0.2788,59.0
2016-03-17,0.2607,69.0,0.1908,44.0,0.2969,66.0,,,0.2128,15.0,0.307,73.0,0.269,76.0,0.2462,42.0,,,0.2593,44.0
2016-03-16,0.2611,69.0,0.1933,45.0,0.2614,51.0,,,0.3303,73.0,0.3068,73.0,0.2692,77.0,0.2467,42.0,,,0.2665,50.0
2016-03-15,0.2811,74.0,0.2052,52.0,0.3856,89.0,,,0.2392,30.0,0.3068,73.0,0.2693,77.0,0.2475,43.0,,,0.2587,43.0
2016-03-14,0.2768,73.0,0.2097,55.0,0.2657,53.0,,,0.2355,27.0,0.3062,73.0,0.2693,77.0,0.2564,51.0,,,0.2707,53.0
2016-03-11,0.2538,67.0,0.1986,48.0,0.2104,19.0,,,0.2547,39.0,0.3056,73.0,0.2691,76.0,0.2316,30.0,,,0.2734,55.0
2016-03-10,0.1854,42.0,0.175,32.0,0.301,67.0,,,0.2227,20.0,0.3026,72.0,0.2681,76.0,0.2582,52.0,,,0.266,49.0
2016-03-09,0.1419,24.0,0.1604,22.0,0.2586,49.0,,,0.2665,47.0,0.3019,72.0,0.2677,76.0,0.255,50.0,,,0.2727,55.0
2016-03-08,0.1506,27.0,0.1837,39.0,0.3547,83.0,,,0.4669,96.0,0.3024,72.0,0.2684,76.0,0.2464,42.0,,,0.2502,36.0
2016-03-07,0.1566,30.0,0.1799,36.0,0.1949,13.0,,,0.383,86.0,0.3033,72.0,0.2697,77.0,0.2368,33.0,,,0.2788,59.0
2016-03-04,0.2058,51.0,0.1915,44.0,0.2089,18.0,,,0.3235,70.0,0.3046,73.0,0.2694,77.0,0.24,36.0,,,0.2784,59.0
2016-03-03,0.2015,49.0,0.2096,55.0,0.2419,38.0,,,0.2717,50.0,0.3044,72.0,0.2693,77.0,0.2392,35.0,,,0.288,64.0
2016-03-02,0.2832,75.0,0.2212,61.0,0.2586,49.0,,,0.2496,36.0,0.3041,72.0,0.2695,77.0,0.2655,57.0,,,0.2769,57.0
2016-03-01,0.2917,77.0,0.226,63.0,0.2765,57.0,,,0.273,50.0,0.3059,73.0,0.27,77.0,0.2684,59.0,,,0.2825,61.0
2016-02-29,0.2875,76.0,0.2244,62.0,0.2771,57.0,,,0.3397,76.0,0.3081,74.0,0.2704,77.0,0.2663,57.0,,,0.2843,62.0
2016-02-26,0.3038,79.0,0.2256,63.0,0.3416,80.0,,,0.2625,45.0,0.3084,74.0,0.27,77.0,0.273,61.0,,,0.2839,62.0
2016-02-25,0.2987,78.0,0.2279,64.0,0.2384,36.0,,,0.3452,77.0,0.308,73.0,0.27,77.0,0.233,31.0,,,0.3034,71.0
2016-02-24,0.2754,73.0,0.2154,57.0,0.1982,14.0,,,0.4005,89.0,0.309,74.0,0.2708,77.0,0.2517,47.0,,,0.3086,72.0
2016-02-23,0.2697,72.0,0.2164,59.0,0.321,74.0,,,0.2808,54.0,0.3094,74.0,0.271,78.0,0.2768,63.0,,,0.2833,62.0
2016-02-22,0.2716,72.0,0.2367,69.0,0.2692,55.0,,,0.3236,70.0,0.307,73.0,0.2712,78.0,0.2508,46.0,,,0.2908,65.0
2016-02-19,0.3248,82.0,0.2892,84.0,0.2581,49.0,,,0.3431,77.0,0.311,74.0,0.2748,79.0,0.2585,52.0,,,0.298,68.0
2016-02-18,0.3498,85.0,0.3204,88.0,0.3362,78.0,,,0.2641,46.0,0.3118,74.0,0.2758,80.0,0.2805,65.0,,,0.283,62.0
2016-02-17,0.3569,86.0,0.3375,90.0,0.2335,32.0,,,0.2808,54.0,0.3151,75.0,0.2761,80.0,0.2826,66.0,,,0.3135,74.0
2016-02-16,0.3645,87.0,0.3484,92.0,0.2736,57.0,,,0.3698,83.0,0.3153,75.0,0.276,80.0,0.2692,59.0,,,0.3035,71.0
2016-02-12,0.2945,77.0,0.344,91.0,0.2636,52.0,,,0.4239,92.0,0.3137,75.0,0.2754,80.0,0.2766,63.0,,,0.3217,76.0
2016-02-11,0.2844,75.0,0.3371,90.0,0.3533,83.0,,,0.3507,79.0,0.3138,75.0,0.2747,79.0,0.2812,65.0,,,0.3125,74.0
2016-02-10,0.27,72.0,0.3137,87.0,0.5464,99.0,,,0.2242,21.0,0.3121,75.0,0.2734,79.0,0.3081,75.0,,,0.2671,50.0
2016-02-09,0.24,63.0,0.2711,80.0,0.4399,95.0,,,0.3108,66.0,0.3083,74.0,0.2703,77.0,0.2734,61.0,,,0.2781,57.0
2016-02-08,0.2577,68.0,0.2323,67.0,0.2997,67.0,,,0.4752,96.0,0.3077,73.0,0.2691,76.0,0.2632,55.0,,,0.2959,68.0
2016-02-05,0.2481,66.0,0.2389,70.0,0.471,97.0,,,0.3363,75.0,0.3065,73.0,0.2673,76.0,0.2934,70.0,,,0.2647,48.0
2016-02-04,0.1887,43.0,0.2347,68.0,0.3585,84.0,,,0.3287,72.0,0.3042,72.0,0.2664,76.0,0.2638,56.0,,,0.2983,69.0
2016-02-03,0.188,43.0,0.2354,68.0,0.4089,92.0,,,0.4154,91.0,0.3046,73.0,0.2664,76.0,0.2648,56.0,,,0.2884,64.0
2016-02-02,0.1878,43.0,0.2295,65.0,0.2908,63.0,,,0.3324,73.0,0.3054,73.0,0.2672,76.0,0.2565,51.0,,,0.2767,57.0
2016-02-01,0.2429,64.0,0.2361,68.0,0.2807,59.0,,,0.3729,84.0,0.3062,73.0,0.2675,76.0,0.2403,37.0,,,0.2878,64.0
2016-01-29,0.2461,65.0,0.2364,69.0,0.3862,89.0,,,0.3656,82.0,0.3065,73.0,0.2673,76.0,0.2441,40.0,,,0.2848,63.0
2016-01-28,0.2266,57.0,0.293,84.0,0.3562,84.0,,,0.3993,89.0,0.3054,73.0,0.2674,76.0,0.2564,51.0,,,0.2883,64.0
2016-01-27,0.2,48.0,0.2684,79.0,0.4508,96.0,,,0.3495,78.0,0.3047,73.0,0.2651,75.0,0.2478,44.0,,,0.2665,50.0
2016-01-26,0.2053,50.0,0.2664,79.0,0.3089,70.0,,,0.4188,92.0,0.3046,73.0,0.2642,74.0,0.2601,53.0,,,0.2651,49.0
2016-01-25,0.2122,53.0,0.2831,82.0,0.3051,69.0,,,0.2756,52.0,0.3047,73.0,0.2642,74.0,0.2616,54.0,,,0.2635,47.0
2016-01-22,0.3378,83.0,0.3238,89.0,0.2429,39.0,,,0.3162,68.0,0.3047,73.0,0.264,74.0,0.2648,56.0,,,0.2947,67.0
2016-01-21,0.2731,72.0,0.3269,89.0,0.332,77.0,,,0.3124,67.0,0.302,72.0,0.2637,74.0,0.2648,56.0,,,0.277,57.0
2016-01-20,0.2782,74.0,0.3427,91.0,0.2677,54.0,,,0.4,89.0,0.3026,72.0,0.2631,74.0,0.2421,38.0,,,0.3158,75.0
2016-01-19,0.275,73.0,0.3144,88.0,0.3844,89.0,,,0.3153,68.0,0.3025,72.0,0.2598,73.0,0.2832,66.0,,,0.2754,56.0
2016-01-15,0.2823,75.0,0.3131,87.0,0.2799,59.0,,,0.3958,88.0,0.3026,72.0,0.2589,73.0,0.2634,55.0,,,0.3326,80.0
2016-01-14,0.2973,78.0,0.3134,87.0,0.27,55.0,,,0.3543,79.0,0.3024,72.0,0.2582,73.0,0.2557,50.0,,,0.3009,70.0
2016-01-13,0.2519,67.0,0.3022,86.0,0.4049,92.0,,,0.227,22.0,0.302,72.0,0.257,73.0,0.3094,76.0,,,0.2565,41.0
2016-01-12,0.1915,44.0,0.2621,78.0,0.2702,55.0,,,0.3078,65.0,0.2969,71.0,0.2538,72.0,0.261,54.0,,,0.2749,56.0
2016-01-11,0.1814,40.0,0.2579,76.0,0.3469,82.0,,,0.3033,63.0,0.2971,71.0,0.2533,72.0,0.2764,63.0,,,0.2842,62.0
2016-01-08,0.1831,41.0,0.2369,69.0,0.3392,79.0,,,0.2533,38.0,0.2966,71.0,0.2514,71.0,0.2917,69.0,,,0.2575,42.0
2016-01-07,0.2345,61.0,0.2192,60.0,0.3848,89.0,,,0.2684,48.0,0.2941,70.0,0.2498,71.0,0.2825,66.0,,,0.264,48.0
2016-01-06,0.1955,46.0,0.209,55.0,0.2676,54.0,,,0.2459,33.0,0.2921,70.0,0.2491,70.0,0.246,42.0,,,0.2712,53.0
2016-01-05,0.1917,45.0,0.1938,45.0,0.2572,49.0,,,0.2781,53.0,0.2937,70.0,0.2486,70.0,0.25,45.0,,,0.266,49.0
2016-01-04,0.3195,81.0,0.2133,57.0,0.2696,55.0,,,0.3188,69.0,0.2937,70.0,0.248,70.0,0.2593,53.0,,,0.2766,57.0
2015-12-31,0.3737,88.0,0.2334,67.0,0.3137,72.0,,,0.1767,6.0,0.293,70.0,0.2476,70.0,0.2612,54.0,,,0.2449,32.0
2015-12-30,0.3193,81.0,0.2276,64.0,0.2935,65.0,,,0.2398,30.0,0.2912,69.0,0.2474,70.0,0.2501,45.0,,,0.2461,33.0
2015-12-29,0.4121,91.0,0.2463,72.0,0.2295,28.0,,,0.3456,77.0,0.2908,69.0,0.2469,69.0,0.2195,21.0,,,0.2744,56.0
2015-12-28,0.4146,91.0,0.2386,69.0,0.25,44.0,,,0.2549,39.0,0.2899,69.0,0.2463,69.0,0.2365,33.0,,,0.2657,49.0
2015-12-24,0.4352,93.0,0.2494,73.0,0.2076,18.0,,,0.173,5.0,0.2899,69.0,0.246,69.0,0.2398,36.0,,,0.2472,34.0
2015-12-23,0.4291,92.0,0.2507,74.0,0.2268,28.0,,,0.3083,65.0,0.2898,69.0,0.2463,69.0,0.239,35.0,,,0.2918,66.0
2015-12-22,0.3943,90.0,0.2482,73.0,0.1883,11.0,,,0.2902,57.0,0.2859,68.0,0.2451,69.0,0.2626,55.0,,,0.3014,70.0
2015-12-21,0.3125,80.0,0.2224,61.0,0.264,52.0,,,0.2715,50.0,0.2811,67.0,0.2437,68.0,0.248,44.0,,,0.2645,48.0
2015-12-18,0.3398,84.0,0.2277,64.0,0.2784,57.0,,,0.2497,36.0,0.2812,67.0,0.2436,68.0,0.2689,59.0,,,0.2567,41.0
2015-12-17,0.27,72.0,0.2116,56.0,0.2717,56.0,,,0.2044,13.0,0.2769,67.0,0.2421,67.0,0.2625,55.0,,,0.253,38.0
2015-12-16,0.3878,89.0,0.2899,84.0,0.2826,60.0,,,0.308,65.0,0.2767,67.0,0.2419,67.0,0.2268,26.0,,,0.2518,37.0
2015-12-15,0.3894,89.0,0.3022,86.0,0.3266,76.0,,,0.2392,30.0,0.2737,66.0,0.2409,67.0,0.2591,53.0,,,0.2672,50.0
2015-12-14,0.3955,90.0,0.3088,86.0,0.4068,92.0,,,0.3294,72.0,0.2737,66.0,0.2407,67.0,0.2754,63.0,,,0.2878,64.0
2015-12-11,0.4395,93.0,0.3316,90.0,0.3484,82.0,,,0.2659,47.0,0.2735,66.0,0.2394,66.0,0.2656,57.0,,,0.2534,39.0
2015-12-10,0.4372,93.0,0.34,91.0,0.3769,88.0,,,0.2575,41.0,0.2726,66.0,0.2392,66.0,0.245,41.0,,,0.264,48.0
2015-12-09,0.4152,91.0,0.337,90.0,0.3576,84.0,,,0.2363,28.0,0.272,66.0,0.2392,66.0,0.2562,50.0,,,0.2637,47.0
2015-12-08,0.4159,91.0,0.3242,89.0,0.2657,53.0,,,0.2391,28.0,0.2713,65.0,0.2388,66.0,0.2652,57.0,,,0.2565,41.0
2015-12-07,0.3154,80.0,0.2524,75.0,0.2096,18.0,,,0.3816,86.0,0.264,64.0,0.234,64.0,0.2268,26.0,,,0.2642,48.0
2015-12-04,0.2637,70.0,0.2275,64.0,0.2249,27.0,,,0.2602,43.0,0.261,64.0,0.2324,63.0,0.2399,36.0,,,0.2553,40.0
2015-12-03,0.2648,70.0,0.2299,65.0,0.3393,79.0,,,0.2154,16.0,0.261,64.0,0.2318,63.0,0.2697,60.0,,,0.2571,42.0
2015-12-02,0.127,17.0,0.1673,27.0,0.2371,35.0,,,0.2084,14.0,0.256,62.0,0.2288,60.0,0.231,28.0,,,0.2587,43.0
2015-12-01,0.0967,7.0,0.1486,16.0,0.1176,1.0,,,0.3609,81.0,0.2556,61.0,0.2281,60.0,0.2386,35.0,,,0.2535,39.0
2015-11-30,0.1544,28.0,0.1643,25.0,0.2258,27.0,,,0.3292,72.0,0.2556,61.0,0.228,60.0,0.2396,36.0,,,0.2374,25.0
2015-11-27,0.1573,30.0,0.166,26.0,0.2243,26.0,,,0.2568,40.0,0.2608,64.0,0.2299,61.0,0.2409,37.0,,,0.2623,46.0
2015-11-25,0.1569,30.0,0.1693,28.0,0.2096,18.0,,,0.2969,61.0,0.2608,64.0,0.2299,61.0,0.2489,44.0,,,0.2673,51.0
2015-11-24,0.1684,34.0,0.1776,34.0,0.21,19.0,,,0.2398,30.0,0.2606,63.0,0.2299,61.0,0.2252,25.0,,,0.2797,59.0
2015-11-23,0.1702,35.0,0.1699,28.0,0.2462,42.0,,,0.2504,36.0,0.2608,64.0,0.2305,62.0,0.2436,39.0,,,0.2645,48.0
2015-11-20,0.1718,36.0,0.1796,36.0,0.2703,55.0,,,0.2139,16.0,0.261,64.0,0.2318,63.0,0.2583,52.0,,,0.2549,40.0
2015-11-19,0.1913,44.0,0.1865,41.0,0.2477,43.0,,,0.2508,37.0,0.261,64.0,0.2336,64.0,0.2501,45.0,,,0.2582,43.0
2015-11-18,0.1598,31.0,0.1761,33.0,0.2304,30.0,,,0.5662,99.0,0.2654,65.0,0.237,65.0,0.2434,39.0,,,0.2789,59.0
2015-11-17,0.2243,57.0,0.2063,53.0,0.2663,53.0,,,0.2849,56.0,0.2656,65.0,0.2373,65.0,0.2499,45.0,,,0.2647,48.0
2015-11-16,0.2479,65.0,0.2181,59.0,0.2086,18.0,,,0.3742,84.0,0.2658,65.0,0.2375,65.0,0.2477,43.0,,,0.2726,54.0
2015-11-13,0.2504,66.0,0.2201,60.0,0.2329,32.0,,,0.2336,26.0,0.2651,65.0,0.2371,65.0,0.2468,42.0,,,0.2752,56.0
2015-11-12,0.2333,60.0,0.2514,74.0,0.2998,67.0,,,0.2458,33.0,0.2647,65.0,0.2369,65.0,0.2529,48.0,,,0.2642,48.0
2015-11-11,0.2961,77.0,0.2974,85.0,0.3478,82.0,,,0.2352,27.0,0.2647,65.0,0.2363,65.0,0.2491,45.0,,,0.2558,41.0
2015-11-10,0.2897,76.0,0.3167,88.0,0.1991,14.0,,,0.3254,71.0,0.2649,65.0,0.2365,65.0,0.2375,34.0,,,0.2647,48.0
2015-11-09,0.5093,95.0,0.3939,94.0,0.3606,85.0,,,0.1822,7.0,0.2647,65.0,0.2363,65.0,0.2556,50.0,,,0.2497,36.0
2015-11-06,0.4909,95.0,0.3876,94.0,0.3055,69.0,,,0.2026,12.0,0.2646,65.0,0.2355,64.0,0.2519,47.0,,,0.2556,41.0
2015-11-05,0.4897,95.0,0.4093,95.0,0.2167,22.0,,,0.3274,71.0,0.2633,64.0,0.235,64.0,0.2252,25.0,,,0.2619,46.0
2015-11-04,0.4924,95.0,0.4078,95.0,0.2422,38.0,,,0.279,53.0,0.2625,64.0,0.2343,64.0,0.2489,44.0,,,0.2393,27.0
2015-11-03,0.4752,95.0,0.4012,95.0,0.3225,75.0,,,0.2553,39.0,0.2624,64.0,0.2322,63.0,0.2233,24.0,,,0.2594,44.0
2015-11-02,0.4801,95.0,0.3704,93.0,0.2235,26.0,,,0.2625,45.0,0.2608,64.0,0.2288,60.0,0.2277,27.0,,,0.2431,30.0
2015-10-30,0.5033,95.0,0.3645,93.0,0.2348,33.0,,,0.2634,45.0,0.261,64.0,0.2276,59.0,0.2122,17.0,,,0.2585,43.0
2015-10-29,0.3193,81.0,0.2755,81.0,0.374,87.0,,,0.3324,73.0,0.2427,55.0,0.2208,55.0,0.262,54.0,,,0.2413,28.0
2015-10-28,0.304,79.0,0.2784,81.0,0.3991,91.0,,,0.492,97.0,0.2426,55.0,0.2203,54.0,0.2245,25.0,,,0.2845,63.0
2015-10-27,0.1777,38.0,0.2407,70.0,0.2261,27.0,,,0.429,93.0,0.2358,52.0,0.218,52.0,0.2306,28.0,,,0.2825,61.0
2015-10-26,0.1729,36.0,0.2297,65.0,0.2835,61.0,,,0.3754,84.0,0.2356,52.0,0.2177,52.0,0.2384,35.0,,,0.2651,49.0
2015-10-23,0.2182,55.0,0.2202,60.0,0.2772,57.0,,,0.3041,64.0,0.238,53.0,0.2168,50.0,0.2465,42.0,,,0.2645,48.0
2015-10-22,0.2507,66.0,0.2295,65.0,0.3329,78.0,,,0.2717,50.0,0.2398,53.0,0.2167,50.0,0.2541,49.0,,,0.2768,57.0
2015-10-21,0.2423,64.0,0.2124,57.0,0.2263,27.0,,,0.3024,63.0,0.2389,53.0,0.2161,49.0,0.2353,32.0,,,0.2714,54.0
2015-10-20,0.2435,64.0,0.2173,59.0,0.2282,28.0,,,0.2744,51.0,0.2418,54.0,0.2176,51.0,0.2207,22.0,,,0.2845,63.0
2015-10-19,0.2298,59.0,0.2046,52.0,0.2389,36.0,,,0.328,72.0,0.2402,54.0,0.2165,50.0,0.2416,38.0,,,0.2679,51.0
2015-10-16,0.2347,61.0,0.2096,55.0,0.2751,57.0,,,0.277,52.0,0.24,53.0,0.2164,49.0,0.2481,44.0,,,0.2648,49.0
2015-10-15,0.2681,71.0,0.2203,60.0,0.1966,13.0,,,0.3295,72.0,0.2401,53.0,0.2164,49.0,0.2322,30.0,,,0.265,49.0
2015-10-14,0.2411,63.0,0.2129,57.0,0.3147,72.0,,,0.248,35.0,0.2376,53.0,0.2152,48.0,0.2674,57.0,,,0.2718,54.0
2015-10-13,0.2375,62.0,0.1963,47.0,0.3366,79.0,,,0.2794,54.0,0.237,52.0,0.2144,47.0,0.2631,55.0,,,0.2739,55.0
2015-10-12,0.2094,52.0,0.2108,55.0,0.2705,55.0,,,0.3199,69.0,0.2361,52.0,0.2139,47.0,0.2298,28.0,,,0.2721,54.0
2015-10-09,0.2078,51.0,0.2479,73.0,0.329,76.0,,,0.2792,53.0,0.2359,52.0,0.2137,47.0,0.2515,47.0,,,0.2753,56.0
2015-10-08,0.1856,42.0,0.2499,74.0,0.2652,53.0,,,0.3278,72.0,0.2355,52.0,0.2135,47.0,0.2549,49.0,,,0.2835,62.0
2015-10-07,0.1958,46.0,0.2774,81.0,0.235,33.0,,,0.3175,68.0,0.2356,52.0,0.2133,46.0,0.2506,46.0,,,0.2833,62.0
2015-10-06,0.2912,77.0,0.3057,86.0,0.2987,67.0,,,0.2943,60.0,0.2335,51.0,0.2127,46.0,0.2734,61.0,,,0.282,61.0
2015-10-05,0.2843,75.0,0.3108,87.0,0.256,48.0,,,0.2715,50.0,0.2326,50.0,0.212,45.0,0.2494,45.0,,,0.2906,65.0
2015-10-02,0.5646,97.0,0.4453,96.0,0.3024,68.0,,,0.2919,59.0,0.2317,50.0,0.2121,45.0,0.2505,46.0,,,0.3023,70.0
2015-10-01,0.5649,97.0,0.4358,96.0,0.2644,52.0,,,0.3674,83.0,0.2323,50.0,0.211,44.0,0.2642,56.0,,,0.3024,70.0
2015-09-30,0.5732,97.0,0.413,95.0,0.32,74.0,,,0.3347,74.0,0.2322,50.0,0.2087,42.0,0.2785,64.0,,,0.3147,74.0
2015-09-29,0.5715,97.0,0.4176,95.0,0.319,73.0,,,0.3354,74.0,0.2322,50.0,0.2092,42.0,0.2846,67.0,,,0.308,72.0
2015-09-28,0.5711,97.0,0.3974,94.0,0.3864,89.0,,,0.3468,78.0,0.2323,50.0,0.2067,40.0,0.2901,69.0,,,0.299,69.0
2015-09-25,0.4903,95.0,0.3718,93.0,0.2984,67.0,,,0.2409,30.0,0.2275,47.0,0.2058,39.0,0.2901,69.0,,,0.2871,64.0
2015-09-24,0.4855,95.0,0.3604,92.0,0.2322,31.0,,,0.4235,92.0,0.2272,47.0,0.2047,38.0,0.2363,33.0,,,0.2899,65.0
2015-09-23,0.0756,3.0,0.1711,30.0,0.3441,81.0,,,0.3385,75.0,0.1998,22.0,0.1903,27.0,0.2899,69.0,,,0.3066,71.0
2015-09-22,0.0836,4.0,0.1705,28.0,0.349,82.0,,,0.3366,75.0,0.2006,23.0,0.1905,27.0,0.2888,68.0,,,0.3058,71.0
2015-09-21,0.0671,2.0,0.1801,36.0,0.3808,88.0,,,0.3054,64.0,0.2001,23.0,0.1905,27.0,0.3079,75.0,,,0.2941,67.0
2015-09-18,0.1125,11.0,0.1758,33.0,0.3082,70.0,,,0.29,57.0,0.2008,23.0,0.1906,27.0,0.3047,74.0,,,0.3074,72.0
2015-09-17,0.1572,30.0,0.2061,53.0,0.3225,75.0,,,0.3016,63.0,0.2007,23.0,0.1903,27.0,0.2899,69.0,,,0.2867,63.0
2015-09-16,0.2277,59.0,0.2079,54.0,0.3011,67.0,,,0.3104,66.0,0.2008,23.0,0.1899,27.0,0.2791,64.0,,,0.3022,70.0
2015-09-15,0.2372,62.0,0.2102,55.0,0.3033,68.0,,,0.3224,70.0,0.2026,24.0,0.1901,27.0,0.2811,65.0,,,0.3023,70.0
2015-09-14,0.2414,63.0,0.2089,55.0,0.4203,93.0,,,0.3061,64.0,0.2039,25.0,0.1903,27.0,0.3197,79.0,,,0.3053,71.0
2015-09-11,0.2636,70.0,0.2203,60.0,0.3269,76.0,,,0.332,73.0,0.2037,25.0,0.1904,27.0,0.2944,70.0,,,0.3112,73.0
2015-09-10,0.3301,82.0,0.2277,64.0,0.2285,28.0,,,0.3187,69.0,0.2039,25.0,0.1898,26.0,0.2757,63.0,,,0.3087,72.0
2015-09-09,0.3248,82.0,0.2213,61.0,0.3788,88.0,,,0.2641,46.0,0.2078,28.0,0.1911,28.0,0.3181,78.0,,,0.3019,70.0
2015-09-08,0.3046,79.0,0.1864,41.0,0.5384,99.0,,,0.4454,94.0,0.2067,28.0,0.1897,26.0,0.2559,50.0,,,0.3025,70.0
2015-09-04,0.3385,83.0,0.2226,61.0,0.5715,99.0,,,0.4699,96.0,0.2047,26.0,0.1896,26.0,0.3056,74.0,,,0.307,72.0
2015-09-03,0.3336,83.0,0.2458,72.0,0.2782,57.0,,,0.3491,78.0,0.2044,26.0,0.19,27.0,0.2738,62.0,,,0.2996,69.0
2015-09-02,0.3345,83.0,0.254,75.0,0.2649,53.0,,,0.4307,93.0,0.2051,26.0,0.1915,28.0,0.2732,61.0,,,0.308,72.0
2015-09-01,0.383,89.0,0.311,87.0,0.4381,95.0,,,0.336,75.0,0.2027,25.0,0.191,28.0,0.3286,82.0,,,0.3146,74.0
2015-08-31,0.3585,86.0,0.3206,88.0,0.3309,77.0,,,0.3332,73.0,0.1998,22.0,0.1902,27.0,0.3228,80.0,,,0.2911,66.0
2015-08-28,0.4087,91.0,0.331,90.0,0.2996,67.0,,,0.3085,65.0,0.2005,23.0,0.1906,27.0,0.2721,61.0,,,0.3023,70.0
2015-08-27,0.4111,91.0,0.3314,90.0,0.2762,57.0,,,0.3282,72.0,0.2003,23.0,0.1912,28.0,0.2462,42.0,,,0.3134,74.0
2015-08-26,0.2993,78.0,0.3029,86.0,0.2553,48.0,,,0.3982,89.0,0.1976,22.0,0.1896,26.0,0.253,48.0,,,0.2754,56.0
2015-08-25,0.2687,71.0,0.2869,83.0,0.4818,97.0,,,0.2659,47.0,0.1967,21.0,0.1885,25.0,0.2995,72.0,,,0.2815,61.0
2015-08-24,0.2867,76.0,0.2791,82.0,0.4876,98.0,,,0.4011,89.0,0.1943,19.0,0.1878,24.0,0.3026,73.0,,,0.2996,69.0
2015-08-21,0.2546,67.0,0.2016,50.0,0.4233,94.0,,,0.2986,62.0,0.1897,17.0,0.1821,17.0,0.2814,65.0,,,0.2569,42.0
2015-08-20,0.2625,70.0,0.1933,45.0,0.241,38.0,,,0.2265,22.0,0.1889,17.0,0.1807,15.0,0.2293,28.0,,,0.2256,17.0
2015-08-19,0.1524,28.0,0.1727,31.0,0.1894,11.0,,,0.1929,9.0,0.1819,13.0,0.1792,13.0,0.2226,23.0,,,0.2245,17.0
2015-08-18,0.127,17.0,0.1718,30.0,0.1753,7.0,,,0.1933,10.0,0.1813,12.0,0.1804,15.0,0.1959,11.0,,,0.2158,12.0
2015-08-14,0.1799,39.0,0.2033,51.0,0.1851,10.0,,,0.2495,36.0,0.1829,14.0,0.1817,16.0,0.1843,8.0,,,0.2399,27.0
2015-08-13,0.2005,48.0,0.205,52.0,0.1886,11.0,,,0.1997,11.0,0.1824,13.0,0.182,17.0,0.1961,11.0,,,0.2138,12.0
2015-08-12,0.2116,53.0,0.2128,57.0,0.1375,2.0,,,0.2612,43.0,0.1823,13.0,0.182,17.0,0.1799,7.0,,,0.2376,25.0
2015-08-11,0.2054,51.0,0.1961,47.0,0.1667,6.0,,,0.2086,14.0,0.1822,13.0,0.181,16.0,0.1787,7.0,,,0.2282,19.0
2015-08-10,0.2121,53.0,0.1894,43.0,0.2328,32.0,,,0.2101,15.0,0.182,13.0,0.1804,15.0,0.1819,8.0,,,0.2228,16.0
2015-08-07,0.1972,47.0,0.1864,41.0,0.1713,7.0,,,0.2675,48.0,0.1814,12.0,0.1805,15.0,0.1809,8.0,,,0.2178,13.0
2015-08-06,0.1907,44.0,0.1858,40.0,0.1923,12.0,,,0.209,14.0,0.1807,12.0,0.1804,15.0,0.1977,12.0,,,0.2259,18.0
2015-08-05,0.1612,32.0,0.1501,17.0,0.1789,8.0,,,0.2013,12.0,0.1796,11.0,0.1791,13.0,0.1882,9.0,,,0.205,8.0
2015-08-04,0.1113,11.0,0.1407,12.0,0.1943,13.0,,,0.1951,10.0,0.1799,11.0,0.1792,13.0,0.1738,6.0,,,0.2261,18.0
2015-08-03,0.1208,14.0,0.1278,7.0,0.2302,30.0,,,0.216,17.0,0.1798,11.0,0.1792,13.0,0.1905,10.0,,,0.1997,7.0
2015-07-31,0.1268,16.0,0.1222,5.0,0.2309,30.0,,,0.2388,28.0,0.1798,11.0,0.1794,14.0,0.1858,9.0,,,0.2077,9.0
2015-07-30,0.1303,18.0,0.12,5.0,0.1971,13.0,,,0.2533,38.0,0.1797,11.0,0.1804,15.0,0.1887,10.0,,,0.2183,13.0
2015-07-29,0.1307,18.0,0.1232,5.0,0.2209,24.0,,,0.216,17.0,0.1854,16.0,0.1823,17.0,0.1525,1.0,,,0.1916,5.0
2015-07-28,0.1353,21.0,0.1171,4.0,0.1734,7.0,,,0.263,45.0,0.1854,16.0,0.1831,19.0,0.1969,12.0,,,0.2193,14.0
2015-07-27,0.1316,19.0,0.1088,3.0,0.2053,17.0,,,0.2892,57.0,0.1874,16.0,0.1839,20.0,0.1928,10.0,,,0.2259,18.0
2015-07-24,0.1421,24.0,0.1067,2.0,0.2621,51.0,,,0.2,11.0,0.189,17.0,0.1845,20.0,0.1996,13.0,,,0.2132,11.0
2015-07-23,0.1085,10.0,0.1014,2.0,0.2689,55.0,,,0.1949,10.0,0.1901,17.0,0.1859,22.0,0.2011,13.0,,,0.213,11.0
2015-07-22,0.0772,3.0,0.0909,1.0,0.2232,25.0,,,0.2213,19.0,0.19,17.0,0.1859,22.0,0.1932,11.0,,,0.2195,14.0
2015-07-21,0.0929,6.0,0.0977,1.0,0.1896,11.0,,,0.215,16.0,0.1909,18.0,0.1876,24.0,0.1943,11.0,,,0.2316,21.0
2015-07-20,0.1362,21.0,0.1085,3.0,0.2041,16.0,,,0.2109,15.0,0.191,18.0,0.1879,24.0,0.1955,11.0,,,0.2189,14.0
2015-07-17,0.137,22.0,0.1069,2.0,0.2438,40.0,,,0.1955,10.0,0.1933,19.0,0.1893,25.0,0.208,16.0,,,0.1983,6.0
2015-07-16,0.1321,19.0,0.1046,2.0,0.19,11.0,,,0.2616,44.0,0.1933,19.0,0.1894,26.0,0.1837,8.0,,,0.1943,5.0
2015-07-15,0.1425,24.0,0.1202,5.0,0.2319,31.0,,,0.235,27.0,0.1932,19.0,0.1906,27.0,0.1994,13.0,,,0.2154,12.0
2015-07-14,0.1283,17.0,0.1282,7.0,0.2018,15.0,,,0.2297,23.0,0.1955,20.0,0.1921,28.0,0.1905,10.0,,,0.2218,15.0
2015-07-13,0.1396,23.0,0.1299,7.0,0.1365,2.0,,,0.2323,25.0,0.1969,21.0,0.1936,31.0,0.1743,6.0,,,0.2323,22.0
2015-07-10,0.1306,18.0,0.1313,8.0,0.1741,7.0,,,0.249,35.0,0.196,21.0,0.1933,30.0,0.1741,6.0,,,0.2584,43.0
2015-07-09,0.0427,1.0,0.1328,8.0,0.2234,26.0,,,0.249,35.0,0.1935,19.0,0.1944,31.0,0.2323,30.0,,,0.2378,26.0
2015-07-08,0.0901,6.0,0.1396,11.0,0.3456,81.0,,,0.3173,68.0,0.1953,20.0,0.1953,32.0,0.2327,31.0,,,0.2398,27.0
2015-07-07,0.1005,8.0,0.1422,13.0,0.3118,71.0,,,0.2341,26.0,0.1959,21.0,0.1953,32.0,0.2323,30.0,,,0.2341,23.0
2015-07-06,0.1163,13.0,0.1356,9.0,0.2181,22.0,,,0.2524,38.0,0.1994,22.0,0.1962,32.0,0.2153,19.0,,,0.2357,24.0
2015-07-02,0.1396,23.0,0.1387,11.0,0.2126,20.0,,,0.2487,35.0,0.1997,22.0,0.1961,32.0,0.2197,21.0,,,0.2536,39.0
2015-07-01,0.1396,23.0,0.1376,10.0,0.2067,17.0,,,0.2416,31.0,0.1997,22.0,0.1968,33.0,0.226,26.0,,,0.2415,28.0
2015-06-30,0.1394,23.0,0.1328,8.0,0.2454,41.0,,,0.2504,36.0,0.2001,23.0,0.1975,33.0,0.2223,23.0,,,0.2496,36.0
2015-06-29,0.1426,24.0,0.1193,5.0,0.2938,65.0,,,0.2433,32.0,0.2002,23.0,0.1977,33.0,0.244,40.0,,,0.2433,30.0
2015-06-26,0.1125,11.0,0.1131,4.0,0.235,33.0,,,0.3366,75.0,0.2005,23.0,0.1988,34.0,0.1986,12.0,,,0.2186,13.0
2015-06-25,0.0737,3.0,0.1068,2.0,0.2408,37.0,,,0.2822,55.0,0.2003,23.0,0.1991,34.0,0.1931,11.0,,,0.2262,18.0
2015-06-24,0.0829,4.0,0.1186,4.0,0.2184,22.0,,,0.2193,18.0,0.2002,23.0,0.1992,34.0,0.2074,15.0,,,0.2294,20.0
2015-06-23,0.0946,6.0,0.1306,8.0,0.2323,31.0,,,0.2493,35.0,0.1995,22.0,0.1989,34.0,0.213,18.0,,,0.2295,20.0
2015-06-19,0.1464,25.0,0.1431,13.0,0.2078,18.0,,,0.2187,18.0,0.2008,23.0,0.2006,35.0,0.2032,14.0,,,0.2213,15.0
2015-06-18,0.1518,28.0,0.1456,14.0,0.2954,65.0,,,0.2308,24.0,0.2007,23.0,0.2012,36.0,0.2081,16.0,,,0.2278,19.0
2015-06-17,0.1543,28.0,0.1486,16.0,0.9986,100.0,,,0.2807,54.0,0.202,24.0,0.2021,37.0,0.2591,53.0,,,0.2807,60.0
2015-06-16,0.1555,28.0,0.153,18.0,0.2059,17.0,,,0.3628,81.0,0.2021,24.0,0.2026,37.0,0.2558,50.0,,,0.2881,64.0
2015-06-15,0.1301,18.0,0.1462,15.0,0.2861,62.0,,,0.249,35.0,0.2047,26.0,0.204,38.0,0.2203,22.0,,,0.2686,52.0
2015-06-12,0.2327,60.0,0.1757,33.0,0.5479,99.0,,,0.2829,55.0,0.2067,28.0,0.2055,39.0,0.2149,19.0,,,0.2324,22.0
2015-06-11,0.2275,57.0,0.1733,31.0,0.2429,39.0,,,0.2372,28.0,0.2059,27.0,0.2073,41.0,0.2355,32.0,,,0.2604,45.0
2015-06-10,0.2124,53.0,0.1769,34.0,0.2245,26.0,,,0.2475,34.0,0.2063,27.0,0.2072,40.0,0.233,31.0,,,0.2652,49.0
2015-06-09,0.2266,57.0,0.2046,52.0,0.2675,54.0,,,0.2082,14.0,0.2061,27.0,0.2074,41.0,0.2219,23.0,,,0.2347,23.0
2015-06-08,0.248,66.0,0.2304,66.0,0.294,65.0,,,0.1884,8.0,0.2089,30.0,0.2087,42.0,0.2232,24.0,,,0.216,12.0
2015-06-05,0.2494,66.0,0.2597,77.0,0.2633,52.0,,,0.2433,32.0,0.216,39.0,0.2113,44.0,0.2032,14.0,,,0.2307,20.0
2015-06-04,0.3189,81.0,0.3183,88.0,0.4351,94.0,,,0.1591,3.0,0.2159,39.0,0.2115,45.0,0.2072,15.0,,,0.1591,1.0
2015-06-03,0.2603,69.0,0.2977,85.0,0.2068,17.0,,,0.226,21.0,0.2133,35.0,0.2112,44.0,0.2192,21.0,,,0.222,15.0
2015-06-02,0.2613,69.0,0.2959,85.0,0.2614,51.0,,,0.1878,8.0,0.2134,36.0,0.2117,45.0,0.2236,24.0,,,0.2252,17.0
2015-06-01,0.2606,69.0,0.2936,84.0,0.1681,6.0,,,0.344,77.0,0.213,35.0,0.2114,44.0,0.1821,8.0,,,0.2372,25.0
2015-05-29,0.2298,59.0,0.2863,83.0,0.1573,4.0,,,0.2764,52.0,0.2129,35.0,0.2104,43.0,0.2028,14.0,,,0.2353,24.0
2015-05-28,0.1981,47.0,0.2634,78.0,0.1801,8.0,,,0.2772,52.0,0.2128,34.0,0.2092,42.0,0.1912,10.0,,,0.2305,20.0
2015-05-27,0.2436,64.0,0.2424,71.0,0.1781,8.0,,,0.3406,76.0,0.2133,35.0,0.2074,41.0,0.1907,10.0,,,0.2636,47.0
2015-05-26,0.1398,23.0,0.1559,20.0,0.211,19.0,,,0.1884,8.0,0.2073,28.0,0.2035,38.0,0.1958,11.0,,,0.2177,13.0
2015-05-22,0.195,46.0,0.1666,27.0,0.1944,13.0,,,0.217,17.0,0.2094,30.0,0.2043,38.0,0.1946,11.0,,,0.217,13.0
2015-05-21,0.18,39.0,0.1633,24.0,0.1622,5.0,,,0.2039,13.0,0.209,30.0,0.2041,38.0,0.1899,10.0,,,0.2152,12.0
2015-05-20,0.1745,37.0,0.1566,21.0,0.1827,9.0,,,0.1827,7.0,0.2087,28.0,0.2039,38.0,0.1901,10.0,,,0.2166,13.0
2015-05-19,0.1922,45.0,0.1555,20.0,0.201,15.0,,,0.2121,15.0,0.2094,30.0,0.2044,38.0,0.201,13.0,,,0.1906,4.0
2015-05-18,0.1879,43.0,0.1639,25.0,0.1919,12.0,,,0.2926,59.0,0.2095,30.0,0.2054,39.0,0.1883,9.0,,,0.2236,16.0
2015-05-15,0.1827,41.0,0.1634,24.0,0.1803,9.0,,,0.218,17.0,0.2087,28.0,0.2048,38.0,0.1911,10.0,,,0.2224,16.0
2015-05-14,0.2013,49.0,0.1735,31.0,0.1822,9.0,,,0.2715,50.0,0.2107,31.0,0.2065,40.0,0.185,9.0,,,0.2265,18.0
2015-05-13,0.1751,37.0,0.1654,26.0,0.1626,5.0,,,0.2268,22.0,0.2083,28.0,0.2059,39.0,0.1817,8.0,,,0.2342,23.0
2015-05-12,0.2025,49.0,0.1764,34.0,0.1877,10.0,,,0.2306,24.0,0.2081,28.0,0.2059,39.0,0.1785,7.0,,,0.2277,19.0
2015-05-11,0.1971,47.0,0.184,39.0,0.2093,18.0,,,0.2179,17.0,0.2086,28.0,0.2061,39.0,0.2398,36.0,,,0.2414,28.0
2015-05-08,0.2453,65.0,0.1973,48.0,0.1948,13.0,,,0.2234,20.0,0.2099,31.0,0.2066,40.0,0.2003,13.0,,,0.2257,17.0
2015-05-07,0.2545,67.0,0.2034,51.0,0.2579,49.0,,,0.2558,40.0,0.2096,30.0,0.2066,40.0,0.2255,25.0,,,0.2695,52.0
2015-05-06,0.247,65.0,0.2072,54.0,0.2277,28.0,,,0.2347,27.0,0.2091,30.0,0.2059,39.0,0.2191,21.0,,,0.2169,13.0
2015-05-05,0.2785,74.0,0.2258,63.0,0.2035,16.0,,,0.2512,37.0,0.2088,28.0,0.2077,41.0,0.2239,24.0,,,0.241,28.0
2015-05-04,0.2785,74.0,0.2198,60.0,0.2122,19.0,,,0.2363,28.0,0.2122,34.0,0.2101,43.0,0.2209,22.0,,,0.2443,31.0
2015-05-01,0.2428,64.0,0.2139,57.0,0.2245,26.0,,,0.2921,59.0,0.2132,35.0,0.2105,43.0,0.2238,24.0,,,0.2507,37.0
2015-04-30,0.2397,63.0,0.2072,54.0,0.4109,92.0,,,0.2253,21.0,0.2142,37.0,0.2103,43.0,0.2236,24.0,,,0.2439,31.0
2015-04-29,0.2241,57.0,0.1888,42.0,0.2408,37.0,,,0.2297,23.0,0.2115,32.0,0.2102,43.0,0.2258,26.0,,,0.2293,20.0
2015-04-28,0.1952,46.0,0.1868,41.0,0.207,17.0,,,0.2247,21.0,0.2092,30.0,0.2104,43.0,0.1934,11.0,,,0.2289,20.0
2015-04-27,0.1873,42.0,0.1691,28.0,0.2547,47.0,,,0.2127,15.0,0.2094,30.0,0.2097,43.0,0.2302,28.0,,,0.2039,8.0
2015-04-24,0.0661,2.0,0.1328,8.0,0.2055,17.0,,,0.2266,22.0,0.2056,27.0,0.2082,41.0,0.2055,15.0,,,0.2198,14.0
2015-04-23,0.0657,2.0,0.137,10.0,0.2215,24.0,,,0.2585,41.0,0.2066,28.0,0.2087,42.0,0.2038,14.0,,,0.2264,18.0
2015-04-22,0.1085,10.0,0.1421,13.0,0.2121,19.0,,,0.255,39.0,0.2089,30.0,0.2102,43.0,0.2121,17.0,,,0.2617,46.0
2015-04-21,0.1137,12.0,0.1429,13.0,0.2057,17.0,,,0.2194,18.0,0.2158,39.0,0.2124,46.0,0.1943,11.0,,,0.2054,8.0
2015-04-20,0.0996,7.0,0.1468,15.0,0.2179,22.0,,,0.2049,13.0,0.2158,39.0,0.2125,46.0,0.1447,1.0,,,0.2049,8.0
2015-04-17,0.0737,3.0,0.147,15.0,0.2153,21.0,,,0.2531,38.0,0.2194,41.0,0.2136,47.0,0.1925,10.0,,,0.2206,14.0
2015-04-16,0.1115,11.0,0.148,16.0,0.3883,89.0,,,0.1895,9.0,0.2197,41.0,0.2143,47.0,0.1973,12.0,,,0.2196,14.0
2015-04-15,0.1128,11.0,0.1553,20.0,0.2368,35.0,,,0.2093,14.0,0.2196,41.0,0.2149,48.0,0.1725,5.0,,,0.2093,10.0
2015-04-14,0.1263,16.0,0.1745,32.0,0.2262,27.0,,,0.1929,9.0,0.2196,41.0,0.2195,54.0,0.2067,15.0,,,0.1929,5.0
2015-04-13,0.0964,7.0,0.1679,27.0,0.2407,37.0,,,0.2075,14.0,0.2229,43.0,0.2206,54.0,0.2155,19.0,,,0.2262,18.0
2015-04-10,0.1829,41.0,0.2048,52.0,0.1997,14.0,,,0.2024,12.0,0.2226,43.0,0.2234,56.0,0.1997,13.0,,,0.2143,12.0
2015-04-08,0.2059,51.0,0.2065,53.0,0.2828,60.0,,,0.2259,21.0,0.2248,45.0,0.2244,57.0,0.1804,7.0,,,0.206,9.0
2015-04-06,0.2084,52.0,0.2039,52.0,0.1652,6.0,,,0.2231,20.0,0.2282,47.0,0.2268,59.0,0.2106,17.0,,,0.2231,16.0
2015-04-02,0.2231,57.0,0.2068,53.0,0.2445,40.0,,,0.236,28.0,0.2284,47.0,0.2258,57.0,0.2163,19.0,,,0.2563,41.0
2015-04-01,0.2174,55.0,0.2063,53.0,0.2509,45.0,,,0.2181,18.0,0.2288,47.0,0.2259,57.0,0.2271,27.0,,,0.2181,13.0
2015-03-27,0.1837,41.0,0.1709,30.0,0.2023,15.0,,,0.2327,26.0,0.2256,45.0,0.2238,57.0,0.1594,2.0,,,0.2327,22.0
2015-03-26,0.1834,41.0,0.1686,28.0,0.2685,54.0,,,0.3062,64.0,0.2252,45.0,0.2238,57.0,0.2214,23.0,,,0.2528,38.0
2015-03-25,0.1925,45.0,0.1666,27.0,0.3216,74.0,,,0.261,43.0,0.2253,45.0,0.2238,57.0,0.2212,22.0,,,0.2228,16.0
2015-03-24,0.2367,62.0,0.1846,39.0,0.223,25.0,,,0.2496,36.0,0.226,46.0,0.223,56.0,0.1944,11.0,,,0.1962,6.0
2015-03-23,0.2331,60.0,0.1956,47.0,0.208,18.0,,,0.2088,14.0,0.2262,46.0,0.2229,56.0,0.1913,10.0,,,0.2088,10.0
2015-03-20,0.2154,55.0,0.2034,51.0,0.3278,76.0,,,0.24,30.0,0.2264,46.0,0.2229,56.0,0.2054,15.0,,,0.2344,23.0
2015-03-19,0.2344,61.0,0.208,54.0,0.1891,11.0,,,0.2625,45.0,0.2256,45.0,0.2227,56.0,0.2033,14.0,,,0.2523,38.0
2015-03-18,0.2318,60.0,0.228,65.0,0.2305,30.0,,,0.2002,11.0,0.2249,45.0,0.2225,55.0,0.2324,30.0,,,0.1972,6.0
2015-03-17,0.2152,54.0,0.23,66.0,0.2137,20.0,,,0.2135,16.0,0.2247,45.0,0.2223,55.0,0.2208,22.0,,,0.2059,9.0
2015-03-16,0.237,62.0,0.2341,68.0,0.1815,9.0,,,0.242,31.0,0.2247,45.0,0.2223,55.0,0.1682,4.0,,,0.2231,16.0
2015-03-13,0.1873,42.0,0.2142,57.0,0.2169,22.0,,,0.2624,44.0,0.2208,42.0,0.2206,54.0,0.2245,25.0,,,0.2459,33.0
2015-03-12,0.1889,43.0,0.2124,57.0,0.1644,5.0,,,0.4707,96.0,0.2204,42.0,0.2203,54.0,0.1644,3.0,,,0.2252,17.0
2015-03-11,0.237,62.0,0.2214,61.0,0.2309,30.0,,,0.2335,26.0,0.2202,42.0,0.2202,54.0,0.2229,24.0,,,0.2325,22.0
2015-03-10,0.2372,62.0,0.2243,62.0,0.2043,16.0,,,0.2362,28.0,0.2202,42.0,0.22,54.0,0.2074,15.0,,,0.2608,45.0
2015-03-09,0.2193,56.0,0.1991,49.0,0.2206,24.0,,,0.2833,56.0,0.2194,41.0,0.2184,53.0,0.2256,25.0,,,0.2571,42.0
2015-03-06,0.2131,54.0,0.1937,45.0,0.2081,18.0,,,0.1925,9.0,0.2197,41.0,0.2185,53.0,0.2305,28.0,,,0.2258,18.0
2015-03-05,0.2044,50.0,0.2009,50.0,0.1797,8.0,,,0.2167,17.0,0.2187,41.0,0.2183,52.0,0.2351,32.0,,,0.2557,41.0
2015-03-04,0.1636,32.0,0.1867,41.0,0.1794,8.0,,,0.2072,14.0,0.218,40.0,0.218,52.0,0.2237,24.0,,,0.2072,9.0
2015-03-03,0.1639,33.0,0.1959,47.0,0.319,73.0,,,0.1605,4.0,0.218,40.0,0.2176,51.0,0.2626,55.0,,,0.2096,10.0
2015-03-02,0.1504,27.0,0.2032,51.0,0.1847,10.0,,,0.2366,28.0,0.2154,38.0,0.2173,51.0,0.2268,26.0,,,0.2218,15.0
2015-02-27,0.1492,27.0,0.1949,46.0,0.1803,9.0,,,0.2267,22.0,0.2161,39.0,0.217,51.0,0.2016,14.0,,,0.2267,18.0
2015-02-26,0.1654,33.0,0.1998,49.0,0.2225,25.0,,,0.2205,19.0,0.2164,39.0,0.2167,50.0,0.2242,25.0,,,0.231,21.0
2015-02-25,0.1601,31.0,0.2006,49.0,0.1914,12.0,,,0.2132,16.0,0.216,39.0,0.2168,50.0,0.2194,21.0,,,0.2116,11.0
2015-02-24,0.1548,28.0,0.1972,48.0,0.2542,47.0,,,0.2096,15.0,0.2157,38.0,0.2161,49.0,0.2542,49.0,,,0.2185,13.0
2015-02-23,0.154,28.0,0.1994,49.0,0.221,24.0,,,0.2199,19.0,0.2156,38.0,0.2159,49.0,0.2399,36.0,,,0.2324,22.0
2015-02-20,0.144,25.0,0.1816,37.0,0.2034,16.0,,,0.2491,35.0,0.2154,38.0,0.2147,48.0,0.2213,22.0,,,0.218,13.0
2015-02-19,0.1114,11.0,0.1664,26.0,0.1806,9.0,,,0.2315,25.0,0.2144,37.0,0.2134,46.0,0.241,37.0,,,0.2287,19.0
2015-02-18,0.1553,28.0,0.176,33.0,0.1864,10.0,,,0.5005,97.0,0.214,36.0,0.2136,47.0,0.2263,26.0,,,0.2569,42.0
2015-02-17,0.1357,21.0,0.1718,30.0,0.2408,37.0,,,0.1997,11.0,0.2137,36.0,0.2128,46.0,0.217,20.0,,,0.2127,11.0
2015-02-13,0.1592,31.0,0.1809,37.0,0.244,40.0,,,0.1988,11.0,0.2137,36.0,0.2127,46.0,0.244,40.0,,,0.2275,19.0
2015-02-12,0.1621,32.0,0.1905,43.0,0.2191,23.0,,,0.2185,18.0,0.2148,38.0,0.2123,45.0,0.1951,11.0,,,0.2073,9.0
2015-02-11,0.2658,71.0,0.2154,57.0,0.1902,11.0,,,0.2339,26.0,0.2148,38.0,0.2123,45.0,0.1974,12.0,,,0.2066,9.0
2015-02-10,0.2671,71.0,0.2274,64.0,0.1712,7.0,,,0.2976,61.0,0.2147,38.0,0.212,45.0,0.2086,16.0,,,0.2303,20.0
2015-02-09,0.2918,77.0,0.2315,66.0,0.2518,45.0,,,0.1597,4.0,0.2156,38.0,0.2117,45.0,0.2518,47.0,,,0.1643,1.0
2015-02-06,0.2792,74.0,0.2323,67.0,0.2315,31.0,,,0.2015,12.0,0.2139,36.0,0.2111,44.0,0.2315,30.0,,,0.2068,9.0
2015-02-05,0.3032,79.0,0.2441,71.0,0.1558,4.0,,,0.194,10.0,0.213,35.0,0.2109,44.0,0.1558,1.0,,,0.2431,30.0
2015-02-04,0.3049,79.0,0.2391,70.0,0.1578,5.0,,,0.1958,10.0,0.2131,35.0,0.2109,44.0,0.1578,1.0,,,0.2499,36.0
2015-01-30,0.2817,75.0,0.234,68.0,0.2223,25.0,,,0.2359,27.0,0.2112,32.0,0.2125,46.0,0.2223,23.0,,,0.2318,21.0
2015-01-29,0.2415,64.0,0.2251,63.0,0.2356,34.0,,,0.2665,47.0,0.2103,31.0,0.2141,47.0,0.2356,32.0,,,0.2531,38.0
2015-01-28,0.23,59.0,0.2269,64.0,0.245,41.0,,,0.2314,25.0,0.2098,31.0,0.2137,47.0,0.245,41.0,,,0.1902,4.0
2015-01-27,0.2009,48.0,0.2279,64.0,0.2381,36.0,,,0.2092,14.0,0.2112,32.0,0.2131,46.0,0.2381,34.0,,,0.1912,5.0
2015-01-26,0.2221,57.0,0.2364,69.0,0.2098,18.0,,,0.228,22.0,0.2109,32.0,0.2134,46.0,0.2098,16.0,,,0.2429,30.0
2015-01-23,0.2302,59.0,0.2194,60.0,0.2073,17.0,,,0.2181,18.0,0.2102,31.0,0.2121,45.0,0.2073,15.0,,,0.215,12.0
2015-01-22,0.2309,60.0,0.2367,69.0,0.2099,18.0,,,0.2803,54.0,0.2103,31.0,0.212,45.0,0.189,10.0,,,0.2098,10.0
2015-01-21,0.2155,55.0,0.2285,65.0,0.1664,6.0,,,0.2188,18.0,0.2089,30.0,0.2108,44.0,0.2161,19.0,,,0.2188,14.0
2015-01-20,0.2149,54.0,0.226,63.0,0.2195,23.0,,,0.2083,14.0,0.2093,30.0,0.2105,43.0,0.2232,24.0,,,0.2083,10.0
2015-01-15,0.2479,65.0,0.2083,54.0,0.2357,34.0,,,0.1948,10.0,0.2085,28.0,0.209,42.0,0.2357,33.0,,,0.1948,6.0
2015-01-13,0.2364,62.0,0.2142,57.0,0.3349,78.0,,,0.1705,5.0,0.2082,28.0,0.2087,42.0,0.2257,25.0,,,0.1993,7.0
2015-01-12,0.2389,62.0,0.2003,49.0,0.3808,88.0,,,0.1709,5.0,0.2085,28.0,0.2075,41.0,0.2491,45.0,,,0.1709,1.0
2015-01-06,0.1081,10.0,0.1983,48.0,0.2771,57.0,,,0.2266,22.0,0.2051,26.0,0.2076,41.0,0.2086,16.0,,,0.2105,10.0
2014-12-31,0.1416,24.0,0.1975,48.0,0.2882,62.0,,,0.1782,6.0,0.205,26.0,0.2062,39.0,0.27,60.0,,,0.1782,2.0
2014-12-26,0.1991,48.0,0.22,60.0,0.204,16.0,,,0.2705,49.0,0.2049,26.0,0.2046,38.0,0.1868,9.0,,,0.1716,1.0
2014-12-24,0.2581,68.0,0.2525,75.0,0.2002,15.0,,,0.2195,18.0,0.2062,27.0,0.2054,39.0,0.2002,13.0,,,0.2195,14.0
2014-12-23,0.2585,68.0,0.2752,81.0,0.2231,25.0,,,0.1981,11.0,0.2056,27.0,0.2054,39.0,0.1979,12.0,,,0.2013,7.0
2014-12-22,0.2608,69.0,0.2618,78.0,0.2071,17.0,,,0.2185,18.0,0.2049,26.0,0.2045,38.0,0.2071,15.0,,,0.2185,13.0
2014-12-19,0.2615,69.0,0.257,76.0,0.2112,19.0,,,0.2695,49.0,0.2051,26.0,0.2041,38.0,0.2112,17.0,,,0.2165,13.0
2014-12-18,0.2744,73.0,0.2642,78.0,0.2239,26.0,,,0.2358,27.0,0.2042,26.0,0.2033,37.0,0.2239,24.0,,,0.2009,7.0
2014-12-17,0.3789,89.0,0.2954,85.0,0.1839,9.0,,,0.5799,99.0,0.2043,26.0,0.2035,38.0,0.1839,8.0,,,0.2469,34.0
2014-12-16,0.3361,83.0,0.2771,81.0,0.2966,66.0,,,0.1829,7.0,0.2021,24.0,0.2021,37.0,0.2485,44.0,,,0.1829,3.0
2014-12-15,0.3524,86.0,0.2712,80.0,0.2367,35.0,,,0.258,41.0,0.2,23.0,0.2003,35.0,0.2278,27.0,,,0.2241,16.0
2014-12-12,0.3482,85.0,0.2499,74.0,0.3357,78.0,,,0.3674,83.0,0.1996,22.0,0.1983,34.0,0.2402,36.0,,,0.2032,8.0
2014-12-11,0.3341,83.0,0.2501,74.0,0.2903,63.0,,,0.3758,84.0,0.1987,22.0,0.1982,34.0,0.2191,21.0,,,0.2129,11.0
2014-12-10,0.3346,83.0,0.25,74.0,0.3337,78.0,,,0.2284,23.0,0.1987,22.0,0.1982,34.0,0.2151,19.0,,,0.1824,2.0
2014-12-09,0.2743,73.0,0.2289,65.0,0.1827,9.0,,,0.2446,33.0,0.1948,20.0,0.1968,33.0,0.2131,18.0,,,0.2347,23.0
2014-12-08,0.1819,40.0,0.1862,41.0,0.187,10.0,,,0.1898,9.0,0.1879,16.0,0.194,31.0,0.2067,15.0,,,0.199,7.0
2014-12-05,0.1823,40.0,0.1861,40.0,0.1817,9.0,,,0.2745,51.0,0.1888,17.0,0.1936,31.0,0.1744,6.0,,,0.2335,22.0
2014-12-04,0.1454,25.0,0.1685,28.0,0.198,14.0,,,0.1266,1.0,0.1856,16.0,0.1922,28.0,0.2195,21.0,,,0.2107,10.0
2014-12-03,0.1901,44.0,0.1812,37.0,0.1688,6.0,,,0.2466,34.0,0.1856,16.0,0.1918,28.0,0.1975,12.0,,,0.2155,12.0
2014-12-02,0.1891,43.0,0.1802,36.0,0.1991,14.0,,,0.2651,46.0,0.1857,16.0,0.1919,28.0,0.1855,9.0,,,0.214,12.0
2014-12-01,0.1903,44.0,0.1815,37.0,0.2061,17.0,,,0.2154,16.0,0.1855,16.0,0.1919,28.0,0.1937,11.0,,,0.1854,3.0
2014-11-28,0.2017,49.0,0.1938,45.0,0.2119,19.0,,,0.2336,26.0,0.1852,16.0,0.1928,30.0,0.2003,13.0,,,0.2063,9.0
2014-11-26,0.2017,49.0,0.2025,51.0,0.1824,9.0,,,0.3012,63.0,0.1851,16.0,0.1929,30.0,0.1844,8.0,,,0.2358,24.0
2014-11-25,0.1886,43.0,0.1988,49.0,0.2303,30.0,,,0.2314,25.0,0.1848,15.0,0.1934,31.0,0.2199,21.0,,,0.1951,6.0
2014-11-24,0.2121,53.0,0.2149,57.0,0.269,55.0,,,0.3115,67.0,0.1855,16.0,0.1928,30.0,0.1903,10.0,,,0.242,28.0
2014-11-21,0.1423,24.0,0.1987,48.0,0.2428,39.0,,,0.2246,21.0,0.1831,14.0,0.1918,28.0,0.2081,16.0,,,0.1949,6.0
2014-11-20,0.1401,23.0,0.1984,48.0,0.2096,18.0,,,0.2426,31.0,0.1831,14.0,0.1916,28.0,0.2096,16.0,,,0.2144,12.0
2014-11-19,0.1803,39.0,0.2005,49.0,0.249,44.0,,,0.2498,36.0,0.1832,14.0,0.1914,28.0,0.2467,42.0,,,0.238,26.0
2014-11-18,0.2133,54.0,0.2004,49.0,0.2277,28.0,,,0.2157,17.0,0.1826,13.0,0.1913,28.0,0.212,17.0,,,0.1998,7.0
2014-11-17,0.2184,55.0,0.1904,43.0,0.2399,37.0,,,0.2169,17.0,0.1824,13.0,0.1903,27.0,0.2011,13.0,,,0.2108,10.0
2014-11-14,0.2153,54.0,0.1869,41.0,0.2245,26.0,,,0.217,17.0,0.1821,13.0,0.1905,27.0,0.2302,28.0,,,0.1999,7.0
2014-11-13,0.1461,25.0,0.196,47.0,0.182,9.0,,,0.2227,20.0,0.1795,11.0,0.1886,25.0,0.1893,10.0,,,0.2304,20.0
2014-11-12,0.2132,54.0,0.2416,71.0,0.3145,72.0,,,0.2264,22.0,0.1802,12.0,0.1889,25.0,0.1993,13.0,,,0.2101,10.0
2014-11-11,0.2767,73.0,0.2553,76.0,0.1828,9.0,,,0.2379,28.0,0.1802,12.0,0.1888,25.0,0.1818,8.0,,,0.2253,17.0
2014-11-10,0.2797,74.0,0.2559,76.0,0.1497,4.0,,,0.2509,37.0,0.1797,11.0,0.1893,25.0,0.1848,9.0,,,0.2377,25.0
2014-11-07,0.2651,70.0,0.2568,76.0,0.2679,54.0,,,0.2318,25.0,0.1785,11.0,0.1888,25.0,0.2132,18.0,,,0.2112,11.0
2014-11-06,0.2499,66.0,0.2623,78.0,0.2356,34.0,,,0.2478,34.0,0.1795,11.0,0.1893,25.0,0.2085,16.0,,,0.2123,11.0
2014-11-05,0.2515,67.0,0.2665,79.0,0.3414,80.0,,,0.217,17.0,0.1822,13.0,0.1904,27.0,0.2422,38.0,,,0.1958,6.0
2014-11-04,0.2531,67.0,0.2351,68.0,0.2009,15.0,,,0.2486,35.0,0.1847,15.0,0.189,25.0,0.1924,10.0,,,0.2387,26.0
2014-11-03,0.2064,51.0,0.1947,46.0,0.3614,85.0,,,0.3275,71.0,0.1875,16.0,0.1895,26.0,0.2684,59.0,,,0.2627,47.0
2014-10-31,0.1838,41.0,0.2078,54.0,0.2482,43.0,,,0.2887,57.0,0.2178,40.0,0.2033,37.0,0.2218,23.0,,,0.2124,11.0
2014-10-30,0.2683,71.0,0.2412,70.0,0.212,19.0,,,0.2759,52.0,0.2173,40.0,0.2038,38.0,0.212,17.0,,,0.234,23.0
2014-10-29,0.2681,71.0,0.2297,65.0,0.2075,18.0,,,0.2662,47.0,0.2175,40.0,0.2031,37.0,0.2075,15.0,,,0.2273,19.0
2014-10-28,0.283,75.0,0.2433,71.0,0.1985,14.0,,,0.3251,71.0,0.2175,40.0,0.2024,37.0,0.1985,12.0,,,0.2362,24.0
2014-10-27,0.3119,80.0,0.2505,74.0,0.2055,17.0,,,0.226,21.0,0.2171,40.0,0.2024,37.0,0.2025,14.0,,,0.2372,25.0
2014-10-23,0.2811,74.0,0.3178,88.0,0.2739,57.0,,,0.2678,48.0,0.2168,40.0,0.2025,37.0,0.2142,18.0,,,0.2457,33.0
2014-10-22,0.362,87.0,0.3164,88.0,0.2196,23.0,,,0.2521,37.0,0.2151,38.0,0.2009,36.0,0.1781,7.0,,,0.2498,36.0
2014-10-21,0.2763,73.0,0.3248,89.0,0.2526,46.0,,,0.2341,26.0,0.2081,28.0,0.1997,35.0,0.2122,17.0,,,0.2421,28.0
2014-10-20,0.2959,77.0,0.3413,91.0,0.2496,44.0,,,0.3783,85.0,0.2097,31.0,0.2003,35.0,0.1944,11.0,,,0.2731,55.0
2014-10-17,0.1856,42.0,0.3247,89.0,0.3271,76.0,,,0.2553,39.0,0.2055,27.0,0.1986,34.0,0.2643,56.0,,,0.2265,18.0
2014-10-16,0.2796,74.0,0.3354,90.0,0.2399,37.0,,,0.2668,47.0,0.2053,27.0,0.198,33.0,0.2304,28.0,,,0.231,21.0
2014-10-15,0.3026,79.0,0.3417,91.0,0.2157,21.0,,,0.2684,48.0,0.2054,27.0,0.1975,33.0,0.2157,19.0,,,0.2684,51.0
2014-10-14,0.3114,80.0,0.2833,83.0,0.362,85.0,,,0.202,12.0,0.2055,27.0,0.1923,28.0,0.2112,17.0,,,0.202,7.0
2014-10-13,0.2395,63.0,0.2641,78.0,0.2266,28.0,,,0.2205,19.0,0.2012,24.0,0.1907,28.0,0.2266,26.0,,,0.2205,14.0
2014-10-10,0.2416,64.0,0.2174,59.0,0.2517,45.0,,,0.2067,14.0,0.2015,24.0,0.1875,23.0,0.2517,47.0,,,0.2067,9.0
2014-10-08,0.1965,47.0,0.1943,46.0,0.2423,39.0,,,0.2905,57.0,0.2001,23.0,0.1876,24.0,0.2423,38.0,,,0.2698,53.0
2014-10-06,0.1274,17.0,0.135,9.0,0.1513,4.0,,,0.2549,39.0,0.1993,22.0,0.1894,26.0,0.1878,9.0,,,0.274,56.0
2014-10-03,0.1508,27.0,0.1432,13.0,0.3084,70.0,,,0.2348,27.0,0.1993,22.0,0.1897,26.0,0.2004,13.0,,,0.2348,23.0
2014-10-02,0.1338,20.0,0.1371,10.0,0.2632,52.0,,,0.2645,46.0,0.1986,22.0,0.1899,27.0,0.2131,18.0,,,0.2456,32.0
2014-09-29,0.1295,18.0,0.1377,10.0,0.2442,40.0,,,0.2654,46.0,0.2001,23.0,0.1917,28.0,0.183,8.0,,,0.2556,41.0
2014-09-26,0.1367,22.0,0.126,6.0,0.3529,83.0,,,0.2371,28.0,0.2111,32.0,0.1971,33.0,0.2226,23.0,,,0.2371,25.0
2014-09-17,0.1201,14.0,0.1543,19.0,0.2286,28.0,,,0.2215,19.0,0.2107,31.0,0.1988,34.0,0.2245,25.0,,,0.2215,15.0
2014-09-16,0.1137,12.0,0.1528,18.0,0.2142,20.0,,,0.2187,18.0,0.2103,31.0,0.1993,34.0,0.2293,28.0,,,0.2187,14.0
2014-09-12,0.1254,16.0,0.1553,20.0,0.2281,28.0,,,0.189,9.0,0.2109,32.0,0.1993,34.0,0.2146,19.0,,,0.2044,8.0
2014-09-11,0.1213,14.0,0.1623,24.0,0.193,12.0,,,0.3148,67.0,0.2111,32.0,0.1997,35.0,0.1711,5.0,,,0.2383,26.0
2014-09-10,0.1404,23.0,0.1636,25.0,0.2131,20.0,,,0.2223,20.0,0.2112,32.0,0.1993,34.0,0.2131,18.0,,,0.2223,16.0
2014-09-09,0.1488,27.0,0.1617,23.0,0.2299,30.0,,,0.2031,12.0,0.2114,32.0,0.1993,34.0,0.2299,28.0,,,0.2031,8.0
2014-09-08,0.1322,19.0,0.1542,19.0,0.2129,20.0,,,0.2251,21.0,0.2112,32.0,0.1999,35.0,0.2106,17.0,,,0.2244,17.0
2014-09-05,0.136,21.0,0.1518,18.0,0.1934,12.0,,,0.3116,67.0,0.2113,32.0,0.1998,35.0,0.1836,8.0,,,0.2289,20.0
2014-09-04,0.1306,18.0,0.137,10.0,0.2212,24.0,,,0.2062,13.0,0.2125,34.0,0.2003,35.0,0.2212,22.0,,,0.2179,13.0
2014-09-03,0.1344,20.0,0.1294,7.0,0.2012,15.0,,,0.1445,2.0,0.2124,34.0,0.2003,35.0,0.2468,42.0,,,0.2023,7.0
2014-09-02,0.1035,8.0,0.1092,3.0,0.1787,8.0,,,0.2411,31.0,0.2119,33.0,0.1998,35.0,0.1787,7.0,,,0.2428,30.0
2014-08-29,0.0815,4.0,0.1084,3.0,0.2065,17.0,,,0.3781,85.0,0.2114,32.0,0.1999,35.0,0.2065,15.0,,,0.2312,21.0
2014-08-28,0.0767,3.0,0.1022,2.0,0.2014,15.0,,,0.2651,46.0,0.2118,33.0,0.1997,35.0,0.2014,13.0,,,0.2221,16.0
2014-08-27,0.0703,2.0,0.0963,1.0,0.277,57.0,,,0.1913,9.0,0.2147,38.0,0.2002,35.0,0.2421,38.0,,,0.1669,1.0
2014-08-26,0.0946,6.0,0.1017,2.0,0.1988,14.0,,,0.3389,76.0,0.2146,37.0,0.2007,36.0,0.1988,12.0,,,0.2183,13.0
2014-08-22,0.0965,7.0,0.1123,3.0,0.1609,5.0,,,0.3195,69.0,0.2144,37.0,0.2012,36.0,0.1609,2.0,,,0.2062,9.0
2014-08-20,0.1152,12.0,0.1131,4.0,0.1835,9.0,,,0.1927,9.0,0.2156,38.0,0.2015,36.0,0.2062,15.0,,,0.2228,16.0
2014-08-19,0.104,9.0,0.125,6.0,0.1884,11.0,,,0.2097,15.0,0.2156,38.0,0.2017,36.0,0.1884,9.0,,,0.2196,14.0
2014-08-18,0.1022,8.0,0.14,12.0,0.2504,45.0,,,0.2203,19.0,0.2156,38.0,0.2018,36.0,0.1973,12.0,,,0.2203,14.0
2014-08-14,0.1809,40.0,0.1645,25.0,0.2127,20.0,,,0.2242,21.0,0.2177,40.0,0.2028,37.0,0.2127,18.0,,,0.2242,17.0
2014-08-13,0.1949,46.0,0.235,68.0,0.1974,13.0,,,0.2475,34.0,0.2177,40.0,0.203,37.0,0.1974,12.0,,,0.2475,34.0
2014-08-12,0.2002,48.0,0.2691,79.0,0.2019,15.0,,,0.3422,77.0,0.2166,39.0,0.203,37.0,0.2019,14.0,,,0.2244,17.0
2014-08-11,0.2085,52.0,0.2707,80.0,0.2537,47.0,,,0.2247,21.0,0.2167,39.0,0.2037,38.0,0.2243,25.0,,,0.2247,17.0
2014-08-08,0.2673,71.0,0.2754,81.0,0.2236,26.0,,,0.3415,76.0,0.2167,39.0,0.2035,38.0,0.2105,17.0,,,0.2434,30.0
2014-08-07,0.2533,67.0,0.2744,81.0,0.2322,31.0,,,0.2183,18.0,0.2176,40.0,0.2034,37.0,0.2322,30.0,,,0.1948,6.0
2014-08-06,0.2497,66.0,0.269,79.0,0.2403,37.0,,,0.2211,19.0,0.2174,40.0,0.2035,38.0,0.2311,28.0,,,0.2298,20.0
2014-08-05,0.2405,63.0,0.2628,78.0,0.22,23.0,,,0.233,26.0,0.2168,40.0,0.2032,37.0,0.22,21.0,,,0.235,23.0
2014-08-04,0.2127,53.0,0.2046,52.0,0.1999,14.0,,,0.5233,98.0,0.216,39.0,0.2002,35.0,0.2096,16.0,,,0.2475,34.0
2014-08-01,0.1309,18.0,0.1526,18.0,0.2391,36.0,,,0.2197,19.0,0.2145,37.0,0.2137,47.0,0.2391,35.0,,,0.2196,14.0
2014-07-31,0.1328,19.0,0.1471,15.0,0.2453,41.0,,,0.1945,10.0,0.2144,37.0,0.2137,47.0,0.2286,28.0,,,0.2303,20.0
2014-07-30,0.1496,27.0,0.1456,14.0,0.2423,39.0,,,0.2226,20.0,0.2199,42.0,0.218,52.0,0.2423,38.0,,,0.2096,10.0
2014-07-29,0.1563,30.0,0.1395,11.0,0.2305,30.0,,,0.2388,28.0,0.2212,42.0,0.2179,52.0,0.2299,28.0,,,0.2388,26.0
2014-07-28,0.1869,42.0,0.1501,17.0,0.223,25.0,,,0.242,31.0,0.221,42.0,0.2178,52.0,0.223,24.0,,,0.232,21.0
2014-07-25,0.1902,44.0,0.1512,17.0,0.4116,92.0,,,0.2105,15.0,0.2215,42.0,0.2176,51.0,0.2111,17.0,,,0.2105,10.0
2014-07-24,0.1866,42.0,0.1705,28.0,0.3481,82.0,,,0.3111,66.0,0.2209,42.0,0.2175,51.0,0.2227,23.0,,,0.2325,22.0
2014-07-23,0.198,47.0,0.184,39.0,0.4121,92.0,,,0.2174,17.0,0.2243,44.0,0.2188,53.0,0.2354,32.0,,,0.2208,15.0
2014-07-22,0.1969,47.0,0.1839,39.0,0.2115,19.0,,,0.2408,30.0,0.2266,46.0,0.2191,53.0,0.2141,18.0,,,0.2284,19.0
2014-07-21,0.1896,44.0,0.181,37.0,0.2325,32.0,,,0.2235,20.0,0.2257,46.0,0.2188,53.0,0.2182,20.0,,,0.209,10.0
2014-07-18,0.1847,41.0,0.1855,40.0,0.2347,33.0,,,0.2989,62.0,0.2253,45.0,0.2186,53.0,0.1996,13.0,,,0.252,37.0
2014-07-17,0.1565,30.0,0.1731,31.0,0.2639,52.0,,,0.2558,40.0,0.2244,45.0,0.2181,52.0,0.2215,23.0,,,0.227,19.0
2014-07-16,0.1558,28.0,0.1746,32.0,0.3117,71.0,,,0.2227,20.0,0.2244,45.0,0.218,52.0,0.242,38.0,,,0.2152,12.0
2014-07-15,0.1722,36.0,0.1564,20.0,0.294,65.0,,,0.2785,53.0,0.224,44.0,0.2171,51.0,0.2295,28.0,,,0.2099,10.0
2014-07-14,0.1714,36.0,0.143,13.0,0.3222,74.0,,,0.2541,39.0,0.2231,43.0,0.2167,50.0,0.1999,13.0,,,0.2382,26.0
2014-07-11,0.1727,36.0,0.1445,14.0,0.2042,16.0,,,0.2975,61.0,0.2235,44.0,0.2171,51.0,0.2039,14.0,,,0.2377,25.0
2014-07-10,0.1794,39.0,0.153,18.0,0.2091,18.0,,,0.3103,66.0,0.2224,43.0,0.2167,50.0,0.2092,16.0,,,0.2383,26.0
2014-07-09,0.1738,37.0,0.1516,18.0,0.2176,22.0,,,0.2347,27.0,0.2226,43.0,0.2166,50.0,0.2212,22.0,,,0.2261,18.0
2014-07-08,0.1715,36.0,0.1577,21.0,0.2292,28.0,,,0.2905,57.0,0.2232,44.0,0.2168,50.0,0.2089,16.0,,,0.2315,21.0
2014-07-07,0.1708,36.0,0.153,18.0,0.3461,81.0,,,0.2874,57.0,0.2233,44.0,0.2168,50.0,0.2454,41.0,,,0.1949,6.0
2014-07-03,0.1398,23.0,0.1564,20.0,0.3247,75.0,,,0.3345,74.0,0.2233,44.0,0.2171,51.0,0.2176,20.0,,,0.2417,28.0
2014-07-02,0.1356,21.0,0.1689,28.0,0.1996,14.0,,,0.306,64.0,0.223,43.0,0.2171,51.0,0.1673,4.0,,,0.2373,25.0
2014-07-01,0.1495,27.0,0.1739,32.0,0.2169,22.0,,,0.2486,35.0,0.2228,43.0,0.2169,50.0,0.2201,22.0,,,0.1909,4.0
2014-06-30,0.1269,17.0,0.1645,25.0,0.2913,64.0,,,0.297,61.0,0.2232,44.0,0.217,51.0,0.2137,18.0,,,0.2727,55.0
2014-06-27,0.1289,17.0,0.1569,21.0,0.2543,47.0,,,0.2964,61.0,0.2232,44.0,0.2168,50.0,0.2,13.0,,,0.217,13.0
2014-06-26,0.1276,17.0,0.153,18.0,0.2072,17.0,,,0.2296,23.0,0.2235,44.0,0.2166,50.0,0.2147,19.0,,,0.2382,26.0
2014-06-24,0.1061,9.0,0.1542,19.0,0.1897,11.0,,,0.2798,54.0,0.223,43.0,0.2164,49.0,0.2419,38.0,,,0.2019,7.0
2014-06-23,0.1109,11.0,0.1417,13.0,0.3332,78.0,,,0.2161,17.0,0.2229,43.0,0.2158,49.0,0.2264,26.0,,,0.2258,18.0
2014-06-20,0.1177,13.0,0.1325,8.0,0.1835,9.0,,,0.2699,49.0,0.2226,43.0,0.2155,48.0,0.1963,12.0,,,0.2432,30.0
2014-06-19,0.0979,7.0,0.1308,8.0,0.2751,57.0,,,0.3712,83.0,0.2241,44.0,0.2158,49.0,0.2159,19.0,,,0.2391,27.0
2014-06-18,0.0818,4.0,0.1332,9.0,0.1777,8.0,,,0.3684,83.0,0.224,44.0,0.2159,49.0,0.221,22.0,,,0.2409,28.0
2014-06-17,0.0854,4.0,0.1378,11.0,0.2135,20.0,,,0.2049,13.0,0.2258,46.0,0.2169,50.0,0.2158,19.0,,,0.2155,12.0
2014-06-16,0.0864,5.0,0.136,10.0,0.3194,74.0,,,0.3053,64.0,0.2261,46.0,0.2171,51.0,0.2838,66.0,,,0.2194,14.0
2014-06-13,0.1019,8.0,0.1562,20.0,0.3157,72.0,,,0.306,64.0,0.2264,46.0,0.2184,53.0,0.2364,33.0,,,0.2177,13.0
2014-06-12,0.1125,11.0,0.1644,25.0,0.3292,77.0,,,0.3032,63.0,0.2265,46.0,0.2184,53.0,0.2344,32.0,,,0.254,39.0
2014-06-11,0.0929,6.0,0.1821,38.0,0.234,33.0,,,0.3071,65.0,0.2259,46.0,0.2185,53.0,0.2107,17.0,,,0.2265,18.0
2014-06-10,0.1382,22.0,0.1811,37.0,0.316,72.0,,,0.2774,52.0,0.2282,47.0,0.2195,54.0,0.2353,32.0,,,0.2405,28.0
2014-06-09,0.1357,21.0,0.1811,37.0,0.4528,96.0,,,0.3043,64.0,0.2289,47.0,0.2195,54.0,0.2547,49.0,,,0.2745,56.0
2014-06-06,0.1272,17.0,0.1757,33.0,0.2196,23.0,,,0.2093,14.0,0.2289,47.0,0.2196,54.0,0.2212,22.0,,,0.2263,18.0
2014-06-05,0.1263,16.0,0.1721,30.0,0.2192,23.0,,,0.2059,13.0,0.2298,48.0,0.2195,54.0,0.2504,46.0,,,0.2453,32.0
2014-06-04,0.1362,21.0,0.1654,26.0,0.1802,9.0,,,0.308,65.0,0.23,49.0,0.2188,53.0,0.2172,20.0,,,0.2697,52.0
2014-06-03,0.1264,16.0,0.153,18.0,0.2421,38.0,,,0.2391,28.0,0.2308,49.0,0.2191,53.0,0.2167,20.0,,,0.2248,17.0
2014-06-02,0.1291,18.0,0.1406,12.0,0.3342,78.0,,,0.2001,11.0,0.2307,49.0,0.2184,53.0,0.2369,34.0,,,0.2245,17.0
2014-05-30,0.0788,3.0,0.1336,9.0,0.2196,23.0,,,0.21,15.0,0.2294,48.0,0.2183,52.0,0.2506,46.0,,,0.2195,14.0
2014-05-29,0.1088,10.0,0.1405,12.0,0.1984,14.0,,,0.2283,23.0,0.2296,48.0,0.2183,52.0,0.2186,20.0,,,0.2298,20.0
2014-05-28,0.1073,9.0,0.1429,13.0,0.282,60.0,,,0.2058,13.0,0.2296,48.0,0.2183,52.0,0.2402,36.0,,,0.2417,28.0
2014-05-27,0.1084,10.0,0.1619,23.0,0.2017,15.0,,,0.265,46.0,0.2296,48.0,0.2182,52.0,0.2121,17.0,,,0.2483,35.0
2014-05-23,0.1207,14.0,0.1533,19.0,0.1423,3.0,,,0.2208,19.0,0.2294,48.0,0.2176,51.0,0.1716,5.0,,,0.2303,20.0
2014-05-22,0.1535,28.0,0.1723,31.0,0.2013,15.0,,,0.2068,14.0,0.2297,48.0,0.218,52.0,0.2103,17.0,,,0.2262,18.0
2014-05-21,0.1854,42.0,0.1854,40.0,0.2044,16.0,,,0.2159,17.0,0.2302,49.0,0.2179,52.0,0.2384,35.0,,,0.2093,10.0
2014-05-20,0.2425,64.0,0.2021,50.0,0.2429,39.0,,,0.2087,14.0,0.2302,49.0,0.2183,52.0,0.2156,19.0,,,0.2242,17.0
2014-05-19,0.3397,84.0,0.2497,74.0,0.2319,31.0,,,0.17,5.0,0.2296,48.0,0.2181,52.0,0.2154,19.0,,,0.227,19.0
2014-05-16,0.5792,97.0,0.4071,95.0,0.1999,14.0,,,0.2711,49.0,0.2302,49.0,0.2183,52.0,0.2356,32.0,,,0.2575,42.0
2014-05-15,0.595,97.0,0.4079,95.0,0.2069,17.0,,,0.2051,13.0,0.23,49.0,0.2176,51.0,0.2165,20.0,,,0.1862,3.0
2014-05-14,0.5911,97.0,0.4063,95.0,0.2608,51.0,,,0.1887,8.0,0.2295,48.0,0.2173,51.0,0.2432,39.0,,,0.2034,8.0
2014-05-13,0.5657,97.0,0.4,95.0,0.2396,37.0,,,0.2133,16.0,0.2284,47.0,0.2166,50.0,0.2189,21.0,,,0.2001,7.0
2014-05-12,0.516,96.0,0.3931,94.0,0.1907,11.0,,,0.2826,55.0,0.2262,46.0,0.2158,49.0,0.2007,13.0,,,0.2349,23.0
2014-05-09,0.5261,96.0,0.3879,94.0,0.1828,9.0,,,0.294,60.0,0.2242,44.0,0.215,48.0,0.174,6.0,,,0.2348,23.0
2014-05-08,0.5179,96.0,0.3578,92.0,0.2254,27.0,,,0.158,3.0,0.218,40.0,0.2119,45.0,0.2501,45.0,,,0.1975,6.0
2014-05-07,0.0851,4.0,0.1621,24.0,0.4291,94.0,,,0.2885,57.0,0.1846,15.0,0.1977,33.0,0.2357,33.0,,,0.2071,9.0
2014-05-06,0.0822,4.0,0.1705,28.0,0.395,90.0,,,0.2292,23.0,0.1843,15.0,0.1967,32.0,0.232,30.0,,,0.2165,13.0
2014-05-05,0.1219,15.0,0.1819,37.0,0.3128,71.0,,,0.2986,62.0,0.1842,15.0,0.1965,32.0,0.2237,24.0,,,0.245,32.0
2014-05-02,0.1216,15.0,0.1784,35.0,0.2715,56.0,,,0.4621,96.0,0.1846,15.0,0.1964,32.0,0.2242,25.0,,,0.2535,39.0
2014-05-01,0.1079,10.0,0.1768,34.0,0.2261,27.0,,,0.2658,47.0,0.1847,15.0,0.1964,32.0,0.2218,23.0,,,0.2379,26.0
2014-04-30,0.121,14.0,0.1754,33.0,0.2235,26.0,,,0.2213,19.0,0.1847,15.0,0.1964,32.0,0.2203,22.0,,,0.235,23.0
2014-04-29,0.1342,20.0,0.1726,31.0,0.3626,85.0,,,0.234,26.0,0.1922,18.0,0.2009,36.0,0.2368,33.0,,,0.2246,17.0
2014-04-28,0.1275,17.0,0.17,28.0,0.2607,50.0,,,0.2526,38.0,0.1929,19.0,0.2011,36.0,0.2109,17.0,,,0.2124,11.0
2014-04-25,0.1295,18.0,0.1474,15.0,0.3521,83.0,,,0.2389,28.0,0.1929,19.0,0.1999,35.0,0.2303,28.0,,,0.2026,7.0
2014-04-24,0.0797,3.0,0.1687,28.0,0.2711,56.0,,,0.2337,26.0,0.1911,18.0,0.1997,35.0,0.2203,22.0,,,0.2439,31.0
2014-04-23,0.1147,12.0,0.1735,31.0,0.2131,20.0,,,0.2411,31.0,0.1917,18.0,0.1999,35.0,0.2169,20.0,,,0.2424,30.0
2014-04-22,0.1348,21.0,0.181,37.0,0.2297,30.0,,,0.2509,37.0,0.1922,18.0,0.2001,35.0,0.2146,19.0,,,0.2672,50.0
2014-04-21,0.199,48.0,0.2474,73.0,0.2351,33.0,,,0.3432,77.0,0.1922,18.0,0.1999,35.0,0.1859,9.0,,,0.2429,30.0
2014-04-17,0.2107,52.0,0.2504,74.0,0.266,53.0,,,0.2818,55.0,0.192,18.0,0.1997,35.0,0.2266,26.0,,,0.2249,17.0
2014-04-16,0.2107,52.0,0.2536,75.0,0.2124,19.0,,,0.2437,32.0,0.1923,19.0,0.2002,35.0,0.2403,37.0,,,0.2362,24.0
2014-04-15,0.2144,54.0,0.2564,76.0,0.2084,18.0,,,0.2516,37.0,0.1921,18.0,0.2,35.0,0.2294,28.0,,,0.2379,26.0
2014-04-14,0.2258,57.0,0.2547,75.0,0.2191,23.0,,,0.2312,25.0,0.193,19.0,0.1985,34.0,0.2211,22.0,,,0.2579,42.0
2014-04-11,0.1899,44.0,0.256,76.0,0.3306,77.0,,,0.2256,21.0,0.1923,19.0,0.1983,34.0,0.2411,37.0,,,0.2288,19.0
2014-04-10,0.3739,88.0,0.3185,88.0,0.2312,31.0,,,0.1907,9.0,0.1921,18.0,0.1981,34.0,0.2397,36.0,,,0.2061,9.0
2014-04-09,0.3449,84.0,0.2766,81.0,0.1905,11.0,,,0.2644,46.0,0.1902,17.0,0.1944,31.0,0.2121,17.0,,,0.2478,34.0
2014-04-08,0.344,84.0,0.2749,81.0,0.2058,17.0,,,0.2259,21.0,0.1906,18.0,0.1941,31.0,0.2459,42.0,,,0.2194,14.0
2014-04-07,0.3474,85.0,0.2739,81.0,0.3003,67.0,,,0.1927,9.0,0.1908,18.0,0.1937,31.0,0.2846,67.0,,,0.2217,15.0
2014-04-04,0.3324,83.0,0.2698,79.0,0.2693,55.0,,,0.2029,12.0,0.1902,17.0,0.1932,30.0,0.2709,60.0,,,0.2029,8.0
2014-04-03,0.3006,78.0,0.2558,76.0,0.2277,28.0,,,0.2629,45.0,0.1892,17.0,0.1916,28.0,0.2245,25.0,,,0.2079,9.0
2014-04-02,0.2999,78.0,0.2565,76.0,0.2209,24.0,,,0.2833,56.0,0.1894,17.0,0.1916,28.0,0.1988,12.0,,,0.2792,59.0
2014-04-01,0.1502,27.0,0.1666,27.0,0.1835,9.0,,,0.3395,76.0,0.1776,10.0,0.1863,22.0,0.1867,9.0,,,0.2885,64.0
2014-03-31,0.0758,3.0,0.1617,23.0,0.2285,28.0,,,0.2693,49.0,0.175,9.0,0.1855,21.0,0.2098,16.0,,,0.2596,44.0
2014-03-28,0.0924,6.0,0.1637,25.0,0.2634,52.0,,,0.2207,19.0,0.1765,10.0,0.1864,22.0,0.2278,27.0,,,0.2392,27.0
2014-03-27,0.0935,6.0,0.1634,24.0,0.2337,33.0,,,0.2513,37.0,0.1766,10.0,0.1866,23.0,0.2114,17.0,,,0.229,20.0
2014-03-26,0.1257,16.0,0.1733,31.0,0.2653,53.0,,,0.4068,90.0,0.1766,10.0,0.1865,22.0,0.2356,32.0,,,0.2321,21.0
2014-03-25,0.1175,13.0,0.1638,25.0,0.3422,80.0,,,0.2202,19.0,0.1764,10.0,0.1861,22.0,0.2271,27.0,,,0.2282,19.0
2014-03-24,0.1349,21.0,0.161,23.0,0.3556,84.0,,,0.3483,78.0,0.1769,10.0,0.1859,22.0,0.2554,50.0,,,0.2751,56.0
2014-03-21,0.1461,25.0,0.1774,34.0,0.2482,43.0,,,0.2541,39.0,0.1773,10.0,0.1859,22.0,0.2458,42.0,,,0.2406,28.0
2014-03-20,0.1497,27.0,0.1632,24.0,0.1979,14.0,,,0.4561,95.0,0.1777,10.0,0.1852,21.0,0.2172,20.0,,,0.2722,54.0
2014-03-19,0.1699,35.0,0.1785,35.0,0.2428,39.0,,,0.2278,22.0,0.1771,10.0,0.1852,21.0,0.235,32.0,,,0.2431,30.0
2014-03-18,0.1686,34.0,0.1765,34.0,0.1775,8.0,,,0.2968,61.0,0.1769,10.0,0.1848,21.0,0.2006,13.0,,,0.2531,38.0
2014-03-17,0.1298,18.0,0.1657,26.0,0.2026,16.0,,,0.2124,15.0,0.1759,10.0,0.1843,20.0,0.1822,8.0,,,0.2392,27.0
2014-03-14,0.1267,16.0,0.1758,33.0,0.2483,43.0,,,0.2195,18.0,0.1755,9.0,0.1844,20.0,0.2749,62.0,,,0.2592,44.0
2014-03-13,0.1317,19.0,0.1709,30.0,0.2641,52.0,,,0.2639,45.0,0.1758,10.0,0.1841,20.0,0.2502,45.0,,,0.236,24.0
2014-03-12,0.2194,56.0,0.162,24.0,0.2213,24.0,,,0.2532,38.0,0.1757,9.0,0.183,18.0,0.23,28.0,,,0.2595,44.0
2014-03-11,0.2184,55.0,0.1714,30.0,0.3005,67.0,,,0.2869,57.0,0.1757,9.0,0.183,18.0,0.2673,57.0,,,0.2243,17.0
2014-03-10,0.1883,43.0,0.1559,20.0,0.2613,51.0,,,0.2595,42.0,0.1741,9.0,0.1818,17.0,0.2327,31.0,,,0.2443,31.0
2014-03-07,0.1875,43.0,0.1504,17.0,0.2696,55.0,,,0.1882,8.0,0.1749,9.0,0.1814,16.0,0.2181,20.0,,,0.2565,41.0
2014-03-06,0.2015,49.0,0.1639,25.0,0.1906,11.0,,,0.2897,57.0,0.1772,10.0,0.182,17.0,0.211,17.0,,,0.29,65.0
2014-03-05,0.1999,48.0,0.1518,18.0,0.2613,51.0,,,0.2119,15.0,0.1768,10.0,0.182,17.0,0.2387,35.0,,,0.2693,52.0
2014-03-04,0.1719,36.0,0.1574,21.0,0.2164,21.0,,,0.2672,47.0,0.1762,10.0,0.182,17.0,0.2044,15.0,,,0.2853,63.0
2014-03-03,0.1177,13.0,0.1435,13.0,0.2333,32.0,,,0.4556,95.0,0.1724,8.0,0.1812,16.0,0.2374,34.0,,,0.2724,54.0
2014-02-28,0.1414,23.0,0.1468,15.0,0.2425,39.0,,,0.3962,88.0,0.1725,8.0,0.1818,17.0,0.2738,62.0,,,0.2291,20.0
2014-02-27,0.2075,51.0,0.1579,21.0,0.2205,24.0,,,0.4466,94.0,0.1747,9.0,0.182,17.0,0.2116,17.0,,,0.2633,47.0
2014-02-26,0.2075,51.0,0.1614,23.0,0.1992,14.0,,,0.4669,96.0,0.1747,9.0,0.182,17.0,0.2077,15.0,,,0.278,57.0
2014-02-25,0.1791,39.0,0.1481,16.0,0.2172,22.0,,,0.2682,48.0,0.1728,8.0,0.1812,16.0,0.2183,20.0,,,0.2306,20.0
2014-02-24,0.1955,46.0,0.169,28.0,0.2663,53.0,,,0.2088,14.0,0.1769,10.0,0.1815,16.0,0.2241,25.0,,,0.2647,48.0
2014-02-21,0.1976,47.0,0.1673,27.0,0.2577,49.0,,,0.215,16.0,0.1768,10.0,0.1813,16.0,0.241,37.0,,,0.2233,16.0
2014-02-20,0.2173,55.0,0.1769,34.0,0.2218,25.0,,,0.3116,67.0,0.1777,10.0,0.1815,16.0,0.1903,10.0,,,0.2567,41.0
2014-02-19,0.2048,50.0,0.1801,36.0,0.3008,67.0,,,0.2406,30.0,0.1793,11.0,0.1824,18.0,0.2642,56.0,,,0.2485,35.0
2014-02-18,0.1503,27.0,0.1735,31.0,0.2468,42.0,,,0.2173,17.0,0.1774,10.0,0.1818,17.0,0.2312,28.0,,,0.2449,32.0
2014-02-14,0.1504,27.0,0.187,41.0,0.2455,41.0,,,0.2496,36.0,0.1778,10.0,0.1817,16.0,0.2332,31.0,,,0.2596,44.0
2014-02-13,0.1497,27.0,0.3894,94.0,0.2893,63.0,,,0.2708,49.0,0.178,11.0,0.1817,16.0,0.2186,20.0,,,0.2557,41.0
2014-02-12,0.1528,28.0,0.3841,94.0,0.218,22.0,,,0.243,32.0,0.1777,10.0,0.1809,15.0,0.2298,28.0,,,0.2308,21.0
2014-02-11,0.3102,80.0,0.4297,96.0,0.2624,51.0,,,0.2703,49.0,0.179,11.0,0.1809,15.0,0.1983,12.0,,,0.2649,49.0
2014-02-10,0.2802,74.0,0.4284,96.0,0.2131,20.0,,,0.2449,33.0,0.1773,10.0,0.1803,14.0,0.2468,42.0,,,0.2507,37.0
2014-02-07,0.2605,69.0,0.4233,96.0,0.2596,50.0,,,0.2256,21.0,0.177,10.0,0.1799,14.0,0.26,53.0,,,0.2418,28.0
2014-02-06,0.2602,69.0,0.4199,95.0,0.2322,31.0,,,0.3088,66.0,0.1774,10.0,0.1811,16.0,0.2351,32.0,,,0.2773,57.0
2014-02-05,0.25,66.0,0.4127,95.0,0.2219,25.0,,,0.3083,65.0,0.1772,10.0,0.1806,15.0,0.2194,21.0,,,0.292,66.0
2014-02-04,0.2588,69.0,0.2493,73.0,0.4285,94.0,,,0.2453,33.0,0.1772,10.0,0.1617,6.0,0.261,54.0,,,0.2548,40.0
2014-02-03,0.2582,68.0,0.2499,74.0,0.4236,94.0,,,0.2183,18.0,0.1845,15.0,0.1666,7.0,0.3051,74.0,,,0.2332,22.0
2014-01-31,0.1826,40.0,0.1636,25.0,0.2541,47.0,,,0.2617,44.0,0.1746,9.0,0.1607,5.0,0.2239,24.0,,,0.2721,54.0
2014-01-30,0.1976,47.0,0.1568,21.0,0.2625,51.0,,,0.2664,47.0,0.1736,9.0,0.1609,5.0,0.2384,35.0,,,0.238,26.0
2014-01-29,0.1998,48.0,0.1581,21.0,0.2279,28.0,,,0.2913,59.0,0.1737,9.0,0.1607,5.0,0.2474,43.0,,,0.2347,23.0
2014-01-28,0.2006,48.0,0.161,23.0,0.2502,44.0,,,0.2925,59.0,0.175,9.0,0.1609,5.0,0.2422,38.0,,,0.2637,47.0
2014-01-27,0.2026,49.0,0.1597,22.0,0.4055,92.0,,,0.2501,36.0,0.1752,9.0,0.1609,5.0,0.2882,68.0,,,0.2312,21.0
2014-01-24,0.1539,28.0,0.1321,8.0,0.29,63.0,,,0.2281,23.0,0.1708,8.0,0.1597,5.0,0.264,56.0,,,0.2367,25.0
2014-01-23,0.109,10.0,0.1371,10.0,0.2775,57.0,,,0.2561,40.0,0.168,7.0,0.1597,5.0,0.255,50.0,,,0.2005,7.0
2014-01-22,0.0784,3.0,0.1295,7.0,0.2303,30.0,,,0.2428,32.0,0.1672,6.0,0.1594,5.0,0.223,24.0,,,0.2571,42.0
2014-01-21,0.1017,8.0,0.1372,10.0,0.2633,52.0,,,0.2575,41.0,0.1672,6.0,0.1593,5.0,0.2272,27.0,,,0.245,32.0
2014-01-17,0.1241,15.0,0.1403,12.0,0.2418,38.0,,,0.2311,24.0,0.1672,6.0,0.1591,5.0,0.2448,41.0,,,0.2311,21.0
2014-01-16,0.1176,13.0,0.1461,15.0,0.223,25.0,,,0.2825,55.0,0.167,6.0,0.1588,5.0,0.2336,31.0,,,0.2467,34.0
2014-01-15,0.1435,24.0,0.1579,21.0,0.2292,28.0,,,0.2655,46.0,0.167,6.0,0.1588,5.0,0.2504,46.0,,,0.2424,30.0
2014-01-14,0.1414,23.0,0.154,19.0,0.2076,18.0,,,0.2416,31.0,0.167,6.0,0.1584,5.0,0.2116,17.0,,,0.2614,46.0
2014-01-13,0.1385,22.0,0.1398,11.0,0.2185,22.0,,,0.26,42.0,0.1664,6.0,0.1581,4.0,0.2252,25.0,,,0.2546,40.0
2014-01-10,0.1968,47.0,0.162,24.0,0.2904,63.0,,,0.2117,15.0,0.1668,6.0,0.1584,5.0,0.2902,69.0,,,0.2642,48.0
2014-01-09,0.1821,40.0,0.1571,21.0,0.188,11.0,,,0.2675,48.0,0.1664,6.0,0.1583,4.0,0.188,9.0,,,0.2657,49.0
2014-01-08,0.1796,39.0,0.1534,19.0,0.203,16.0,,,0.2582,41.0,0.166,6.0,0.158,4.0,0.2362,33.0,,,0.2757,57.0
2014-01-07,0.178,38.0,0.1418,13.0,0.1948,13.0,,,0.2684,48.0,0.1657,6.0,0.1574,4.0,0.2098,16.0,,,0.2902,65.0
2014-01-06,0.1331,20.0,0.136,10.0,0.247,42.0,,,0.2814,55.0,0.1643,5.0,0.1567,4.0,0.2453,41.0,,,0.2593,44.0
2014-01-03,0.1319,19.0,0.1365,10.0,0.252,46.0,,,0.2839,56.0,0.1643,5.0,0.1565,4.0,0.2674,57.0,,,0.2379,26.0
2014-01-02,0.1417,24.0,0.1388,11.0,0.2608,51.0,,,0.2267,22.0,0.1643,5.0,0.1571,4.0,0.2813,65.0,,,0.228,19.0
2013-12-31,0.147,26.0,0.1314,8.0,0.2459,41.0,,,0.2432,32.0,0.1626,5.0,0.1558,4.0,0.2267,26.0,,,0.2609,45.0
2013-12-30,0.1462,25.0,0.1331,9.0,0.2598,50.0,,,0.2157,17.0,0.1631,5.0,0.156,4.0,0.245,41.0,,,0.2622,46.0
2013-12-27,0.155,28.0,0.1607,23.0,0.2224,25.0,,,0.2607,43.0,0.1631,5.0,0.1558,4.0,0.2248,25.0,,,0.2543,39.0
2013-12-26,0.1821,40.0,0.173,31.0,0.2594,50.0,,,0.2056,13.0,0.163,5.0,0.1566,4.0,0.2561,50.0,,,0.2261,18.0
2013-12-24,0.17,35.0,0.1981,48.0,0.2417,38.0,,,0.2611,43.0,0.1653,6.0,0.1578,4.0,0.2316,30.0,,,0.2439,31.0
2013-12-23,0.1649,33.0,0.1995,49.0,0.2336,33.0,,,0.2543,39.0,0.1653,6.0,0.1581,4.0,0.2541,49.0,,,0.2776,57.0
2013-12-20,0.1694,35.0,0.2007,50.0,0.1964,13.0,,,0.2563,40.0,0.1651,6.0,0.1583,4.0,0.2042,14.0,,,0.2626,46.0
2013-12-19,0.2195,56.0,0.214,57.0,0.2108,19.0,,,0.2577,41.0,0.1625,5.0,0.1577,4.0,0.2309,28.0,,,0.239,27.0
2013-12-18,0.2381,62.0,0.2146,57.0,0.215,21.0,,,0.349,78.0,0.1626,5.0,0.1576,4.0,0.2096,16.0,,,0.2827,61.0
2013-12-17,0.189,43.0,0.1986,48.0,0.2461,42.0,,,0.2135,16.0,0.1613,5.0,0.1571,4.0,0.2204,22.0,,,0.2587,43.0
2013-12-16,0.2152,54.0,0.1925,45.0,0.2518,45.0,,,0.3631,81.0,0.1616,5.0,0.1575,4.0,0.2265,26.0,,,0.2471,34.0
2013-12-13,0.216,55.0,0.1654,26.0,0.2302,30.0,,,0.2931,59.0,0.1652,6.0,0.1562,4.0,0.2224,23.0,,,0.2374,25.0
2013-12-12,0.2223,57.0,0.1812,37.0,0.2412,38.0,,,0.3838,86.0,0.1666,6.0,0.1567,4.0,0.2341,31.0,,,0.2553,40.0
2013-12-11,0.2196,56.0,0.1801,36.0,0.3071,69.0,,,0.2738,51.0,0.1667,6.0,0.1568,4.0,0.2383,35.0,,,0.2448,32.0
2013-12-10,0.1758,38.0,0.1537,19.0,0.2608,51.0,,,0.2777,53.0,0.1648,5.0,0.1552,4.0,0.2423,38.0,,,0.2325,22.0
2013-12-09,0.158,30.0,0.1513,17.0,0.212,19.0,,,0.2429,32.0,0.1636,5.0,0.1558,4.0,0.2058,15.0,,,0.2754,56.0
2013-12-06,0.1604,31.0,0.1442,14.0,0.2237,26.0,,,0.2133,16.0,0.1636,5.0,0.1554,4.0,0.2283,27.0,,,0.254,39.0
2013-12-05,0.1224,15.0,0.1399,11.0,0.2165,21.0,,,0.2368,28.0,0.1644,5.0,0.1575,4.0,0.223,24.0,,,0.2627,47.0
2013-12-04,0.099,7.0,0.1361,10.0,0.2274,28.0,,,0.263,45.0,0.1653,6.0,0.1578,4.0,0.224,24.0,,,0.2734,55.0
2013-12-03,0.0918,6.0,0.1211,5.0,0.2095,18.0,,,0.2392,30.0,0.1643,5.0,0.1569,4.0,0.1977,12.0,,,0.2497,36.0
2013-12-02,0.1124,11.0,0.1284,7.0,0.2362,34.0,,,0.2375,28.0,0.165,6.0,0.1568,4.0,0.2378,34.0,,,0.2704,53.0
2013-11-29,0.1104,11.0,0.1347,9.0,0.2327,32.0,,,0.2183,18.0,0.1651,6.0,0.1574,4.0,0.2234,24.0,,,0.2533,38.0
2013-11-27,0.0851,4.0,0.1354,9.0,0.2058,17.0,,,0.2235,20.0,0.1659,6.0,0.1575,4.0,0.2356,32.0,,,0.256,41.0
2013-11-26,0.1275,17.0,0.1446,14.0,0.221,24.0,,,0.2169,17.0,0.1658,6.0,0.1586,5.0,0.2356,32.0,,,0.256,41.0
2013-11-25,0.1293,18.0,0.1454,14.0,0.2215,24.0,,,0.2141,16.0,0.1659,6.0,0.1593,5.0,0.2025,14.0,,,0.2618,46.0
2013-11-22,0.1251,16.0,0.1441,14.0,0.2173,22.0,,,0.2459,33.0,0.1661,6.0,0.16,5.0,0.1753,6.0,,,0.2891,65.0
2013-11-21,0.1206,14.0,0.1369,10.0,0.2107,19.0,,,0.2329,26.0,0.1656,6.0,0.1596,5.0,0.2249,25.0,,,0.2752,56.0
2013-11-20,0.0974,7.0,0.134,9.0,0.2085,18.0,,,0.2315,25.0,0.165,6.0,0.1591,5.0,0.2731,61.0,,,0.3084,72.0
2013-11-19,0.09,5.0,0.1231,5.0,0.2109,19.0,,,0.2173,17.0,0.166,6.0,0.1586,5.0,0.228,27.0,,,0.2699,53.0
2013-11-18,0.1043,9.0,0.1233,5.0,0.2453,41.0,,,0.2559,40.0,0.166,6.0,0.1593,5.0,0.2437,40.0,,,0.2069,9.0
2013-11-15,0.0951,7.0,0.1184,4.0,0.236,34.0,,,0.2452,33.0,0.1655,6.0,0.1597,5.0,0.2323,30.0,,,0.2527,38.0
2013-11-14,0.0958,7.0,0.1156,4.0,0.2847,61.0,,,0.2307,24.0,0.1682,7.0,0.1622,6.0,0.241,37.0,,,0.2447,32.0
2013-11-13,0.1033,8.0,0.113,4.0,0.2314,31.0,,,0.3964,88.0,0.1683,7.0,0.1625,6.0,0.2527,48.0,,,0.2501,36.0
2013-11-12,0.1068,9.0,0.1113,3.0,0.2197,23.0,,,0.4441,94.0,0.1683,7.0,0.1624,6.0,0.1925,10.0,,,0.2977,68.0
2013-11-11,0.1135,12.0,0.1135,4.0,0.22,23.0,,,0.2324,25.0,0.1685,7.0,0.1621,6.0,0.2326,30.0,,,0.2541,39.0
2013-11-08,0.1105,11.0,0.1213,5.0,0.2231,25.0,,,0.2602,43.0,0.1688,7.0,0.1626,6.0,0.2337,31.0,,,0.2669,50.0
2013-11-07,0.2391,63.0,0.2186,60.0,0.2434,39.0,,,0.3069,65.0,0.1684,7.0,0.1625,6.0,0.2359,33.0,,,0.2583,43.0
2013-11-06,0.27,72.0,0.224,62.0,0.2118,19.0,,,0.2197,19.0,0.1684,7.0,0.1689,8.0,0.2258,26.0,,,0.2354,24.0
2013-11-05,0.2664,71.0,0.2268,64.0,0.2418,38.0,,,0.2261,21.0,0.1684,7.0,0.169,8.0,0.2371,34.0,,,0.2577,42.0
2013-11-04,0.2674,71.0,0.2357,68.0,0.2297,30.0,,,0.2461,34.0,0.1682,7.0,0.1691,9.0,0.2318,30.0,,,0.2619,46.0
2013-11-01,0.2572,68.0,0.2383,69.0,0.2019,15.0,,,0.3217,70.0,0.1678,7.0,0.169,8.0,0.2417,38.0,,,0.2519,37.0
2013-10-31,0.2772,73.0,0.2392,70.0,0.315,72.0,,,0.2275,22.0,0.1677,7.0,0.1699,9.0,0.2295,28.0,,,0.2456,32.0
2013-10-30,0.2803,74.0,0.235,68.0,0.3093,70.0,,,0.2822,55.0,0.2037,25.0,0.1799,14.0,0.243,39.0,,,0.2476,34.0
2013-10-29,0.1384,22.0,0.1455,14.0,0.2113,19.0,,,0.453,95.0,0.1961,21.0,0.1749,10.0,0.2246,25.0,,,0.2761,57.0
2013-10-28,0.1151,12.0,0.1486,16.0,0.223,25.0,,,0.3282,72.0,0.1951,20.0,0.1745,10.0,0.2353,32.0,,,0.234,23.0
2013-10-25,0.1126,11.0,0.1489,16.0,0.3267,76.0,,,0.541,98.0,0.196,21.0,0.1752,10.0,0.2378,34.0,,,0.2506,36.0
2013-10-24,0.1383,22.0,0.1414,12.0,0.2755,57.0,,,0.2293,23.0,0.1999,23.0,0.176,11.0,0.2441,40.0,,,0.2441,31.0
2013-10-23,0.1252,16.0,0.1355,9.0,0.2284,28.0,,,0.3394,76.0,0.2006,23.0,0.1765,11.0,0.2455,41.0,,,0.2532,38.0
2013-10-22,0.1218,15.0,0.1364,10.0,0.2496,44.0,,,0.2794,54.0,0.2009,23.0,0.1765,11.0,0.2602,53.0,,,0.2429,30.0
2013-10-21,0.1431,24.0,0.1526,18.0,0.2312,31.0,,,0.2744,51.0,0.2016,24.0,0.1767,11.0,0.2469,42.0,,,0.2558,41.0
2013-10-18,0.1385,22.0,0.1545,19.0,0.2559,48.0,,,0.2808,54.0,0.2016,24.0,0.1771,11.0,0.2376,34.0,,,0.2493,35.0
2013-10-17,0.1386,22.0,0.1401,12.0,0.251,45.0,,,0.2594,42.0,0.2014,24.0,0.1762,11.0,0.2405,37.0,,,0.2498,36.0
2013-10-16,0.1388,22.0,0.1376,10.0,0.2498,44.0,,,0.2863,57.0,0.2025,24.0,0.1764,11.0,0.2278,27.0,,,0.2576,42.0
2013-10-15,0.1691,35.0,0.132,8.0,0.2616,51.0,,,0.2597,42.0,0.2015,24.0,0.177,11.0,0.2502,45.0,,,0.2518,37.0
2013-10-14,0.1528,28.0,0.1405,12.0,0.2273,28.0,,,0.3697,83.0,0.2032,25.0,0.1783,13.0,0.2093,16.0,,,0.2595,44.0
2013-10-11,0.1656,33.0,0.1439,14.0,0.2329,32.0,,,0.2922,59.0,0.2033,25.0,0.1781,12.0,0.2329,31.0,,,0.2797,59.0
2013-10-10,0.1422,24.0,0.1284,7.0,0.2692,55.0,,,0.2721,50.0,0.2041,26.0,0.1793,13.0,0.1776,7.0,,,0.2449,32.0
2013-10-09,0.1564,30.0,0.1519,18.0,0.2778,57.0,,,0.2817,55.0,0.2033,25.0,0.1795,14.0,0.2294,28.0,,,0.2739,55.0
2013-10-08,0.1556,28.0,0.1634,24.0,0.2861,62.0,,,0.2788,53.0,0.2092,30.0,0.1815,16.0,0.247,43.0,,,0.2564,41.0
2013-10-07,0.1548,28.0,0.1651,26.0,0.2635,52.0,,,0.2505,36.0,0.2093,30.0,0.1814,16.0,0.2429,39.0,,,0.2514,37.0
2013-10-04,0.1322,19.0,0.1687,28.0,0.2305,30.0,,,0.2508,37.0,0.2086,28.0,0.1813,16.0,0.2139,18.0,,,0.2505,36.0
2013-10-03,0.1434,24.0,0.1649,26.0,0.2102,19.0,,,0.2614,44.0,0.2094,30.0,0.1813,16.0,0.2399,36.0,,,0.2408,28.0
2013-10-02,0.1486,26.0,0.1594,22.0,0.2266,28.0,,,0.2922,59.0,0.2092,30.0,0.1813,16.0,0.2224,23.0,,,0.271,53.0
2013-10-01,0.1572,30.0,0.1554,20.0,0.215,21.0,,,0.2903,57.0,0.2094,30.0,0.1811,16.0,0.2128,18.0,,,0.273,55.0
2013-09-30,0.0939,6.0,0.1388,11.0,0.2096,18.0,,,0.3268,71.0,0.208,28.0,0.1801,14.0,0.2037,14.0,,,0.2686,52.0
2013-09-27,0.079,3.0,0.1216,5.0,0.2226,25.0,,,0.2456,33.0,0.208,28.0,0.1799,14.0,0.2271,27.0,,,0.2631,47.0
2013-09-26,0.0934,6.0,0.1264,6.0,0.268,54.0,,,0.1868,8.0,0.2107,31.0,0.1819,17.0,0.2503,45.0,,,0.2403,28.0
2013-09-25,0.1118,11.0,0.1248,6.0,0.2519,45.0,,,0.2388,28.0,0.2106,31.0,0.1822,17.0,0.2511,46.0,,,0.2411,28.0
2013-09-24,0.1143,12.0,0.1202,5.0,0.2953,65.0,,,0.318,68.0,0.2109,32.0,0.1839,20.0,0.239,35.0,,,0.2472,34.0
2013-09-23,0.0951,7.0,0.1105,3.0,0.3979,91.0,,,0.2562,40.0,0.2111,32.0,0.184,20.0,0.244,40.0,,,0.2493,35.0
2013-09-20,0.0541,1.0,0.1101,3.0,0.2523,46.0,,,0.2411,31.0,0.2117,33.0,0.1852,21.0,0.2499,45.0,,,0.254,39.0
2013-09-19,0.0545,1.0,0.0969,1.0,0.2134,20.0,,,0.2483,35.0,0.2143,37.0,0.186,22.0,0.2289,28.0,,,0.2411,28.0
2013-09-18,0.0679,2.0,0.0978,1.0,0.1884,11.0,,,0.2347,27.0,0.2145,37.0,0.1866,23.0,0.2084,16.0,,,0.2543,39.0
2013-09-17,0.1081,10.0,0.111,3.0,0.2088,18.0,,,0.2775,53.0,0.2145,37.0,0.1863,22.0,0.234,31.0,,,0.2904,65.0
2013-09-16,0.1334,20.0,0.1235,6.0,0.2251,27.0,,,0.2529,38.0,0.2145,37.0,0.1862,22.0,0.2487,44.0,,,0.2698,53.0
2013-09-13,0.1349,21.0,0.1242,6.0,0.2026,16.0,,,0.2432,32.0,0.2142,37.0,0.1864,22.0,0.2371,34.0,,,0.2592,44.0
2013-09-12,0.1358,21.0,0.1229,5.0,0.239,36.0,,,0.2492,35.0,0.214,36.0,0.1868,23.0,0.2432,39.0,,,0.2774,57.0
2013-09-11,0.1436,24.0,0.1481,16.0,0.2044,16.0,,,0.2561,40.0,0.214,36.0,0.1868,23.0,0.2208,22.0,,,0.2748,56.0
2013-09-10,0.2036,50.0,0.1604,22.0,0.1979,14.0,,,0.3285,72.0,0.214,36.0,0.187,23.0,0.2625,55.0,,,0.2771,57.0
2013-09-09,0.1882,43.0,0.1614,23.0,0.1949,13.0,,,0.3854,87.0,0.2133,35.0,0.187,23.0,0.2252,25.0,,,0.2819,61.0
2013-09-06,0.1233,15.0,0.1472,15.0,0.2224,25.0,,,0.2521,37.0,0.2112,32.0,0.1864,22.0,0.2399,36.0,,,0.2541,39.0
2013-09-05,0.187,42.0,0.1404,12.0,0.2317,31.0,,,0.2309,24.0,0.2112,32.0,0.1858,22.0,0.2276,27.0,,,0.2713,53.0
2013-09-04,0.1805,39.0,0.1421,13.0,0.2303,30.0,,,0.263,45.0,0.2112,32.0,0.1857,22.0,0.2467,42.0,,,0.2656,49.0
2013-09-03,0.1714,36.0,0.1504,17.0,0.2566,48.0,,,0.195,10.0,0.2116,33.0,0.1859,22.0,0.2607,54.0,,,0.2344,23.0
2013-08-30,0.2603,69.0,0.159,22.0,0.2668,54.0,,,0.2419,31.0,0.2116,33.0,0.1852,21.0,0.2475,43.0,,,0.2476,34.0
2013-08-29,0.2446,64.0,0.1537,19.0,0.2311,31.0,,,0.2309,24.0,0.2101,31.0,0.1851,21.0,0.2565,51.0,,,0.2798,60.0
2013-08-28,0.2561,68.0,0.1569,21.0,0.2551,47.0,,,0.2215,19.0,0.2129,35.0,0.1865,22.0,0.2571,51.0,,,0.2583,43.0
2013-08-27,0.255,68.0,0.1593,22.0,0.2787,59.0,,,0.2366,28.0,0.2129,35.0,0.1866,23.0,0.2865,67.0,,,0.2682,51.0
2013-08-26,0.2109,53.0,0.1581,21.0,0.2629,51.0,,,0.1895,9.0,0.2097,31.0,0.1871,23.0,0.2919,69.0,,,0.2538,39.0
2013-08-23,0.228,59.0,0.1598,22.0,0.2471,42.0,,,0.1915,9.0,0.2097,31.0,0.1872,23.0,0.2683,59.0,,,0.2571,42.0
2013-08-22,0.2189,56.0,0.1526,18.0,0.2486,43.0,,,0.2565,40.0,0.2089,30.0,0.1869,23.0,0.289,68.0,,,0.3082,72.0
2013-08-21,0.1275,17.0,0.1289,7.0,0.2219,25.0,,,0.2189,18.0,0.2063,27.0,0.1855,21.0,0.2392,35.0,,,0.2454,32.0
2013-08-20,0.1577,30.0,0.1602,22.0,0.214,20.0,,,0.2621,44.0,0.2058,27.0,0.1856,21.0,0.2368,33.0,,,0.2764,57.0
2013-08-19,0.1294,18.0,0.1659,26.0,0.2543,47.0,,,0.2,11.0,0.2061,27.0,0.1856,21.0,0.255,50.0,,,0.2372,25.0
2013-08-16,0.1334,20.0,0.1716,30.0,0.2437,40.0,,,0.1668,4.0,0.2064,28.0,0.1858,22.0,0.2523,47.0,,,0.2572,42.0
2013-08-15,0.2373,62.0,0.2438,71.0,0.2201,23.0,,,0.2369,28.0,0.207,28.0,0.186,22.0,0.2632,55.0,,,0.2747,56.0
2013-08-14,0.247,65.0,0.2504,74.0,0.2201,23.0,,,0.2241,20.0,0.2061,27.0,0.1862,22.0,0.2401,36.0,,,0.2555,40.0
2013-08-13,0.2492,66.0,0.257,76.0,0.2139,20.0,,,0.22,19.0,0.2063,27.0,0.1865,22.0,0.2466,42.0,,,0.2549,40.0
2013-08-12,0.2488,66.0,0.2511,74.0,0.1848,10.0,,,0.2503,36.0,0.206,27.0,0.1862,22.0,0.2202,22.0,,,0.2698,53.0
2013-08-09,0.2721,72.0,0.2324,67.0,0.2268,28.0,,,0.2391,28.0,0.2055,27.0,0.1847,21.0,0.2487,44.0,,,0.2369,25.0
2013-08-08,0.2793,74.0,0.2266,63.0,0.1823,9.0,,,0.2364,28.0,0.206,27.0,0.1845,20.0,0.2421,38.0,,,0.2473,34.0
2013-08-07,0.2853,76.0,0.2264,63.0,0.2058,17.0,,,0.2504,36.0,0.2068,28.0,0.1844,20.0,0.2051,15.0,,,0.2556,41.0
2013-08-06,0.1604,31.0,0.1495,17.0,0.2514,45.0,,,0.4208,92.0,0.1996,22.0,0.1798,14.0,0.2204,22.0,,,0.2592,44.0
2013-08-05,0.1568,30.0,0.139,11.0,0.246,41.0,,,0.3753,84.0,0.2001,23.0,0.1797,14.0,0.2509,46.0,,,0.2347,23.0
2013-08-02,0.1302,18.0,0.1256,6.0,0.2384,36.0,,,0.3395,76.0,0.2124,34.0,0.1847,21.0,0.2263,26.0,,,0.2388,26.0
2013-08-01,0.128,17.0,0.1277,7.0,0.2393,36.0,,,0.3036,63.0,0.2124,34.0,0.1849,21.0,0.235,32.0,,,0.2351,23.0
2013-07-31,0.0791,3.0,0.1185,4.0,0.2397,37.0,,,0.2742,51.0,0.2119,33.0,0.1853,21.0,0.2387,35.0,,,0.2456,32.0
2013-07-30,0.0718,2.0,0.1157,4.0,0.2954,65.0,,,0.217,17.0,0.2119,33.0,0.1854,21.0,0.2561,50.0,,,0.2524,38.0
2013-07-29,0.0558,1.0,0.0997,2.0,0.3171,73.0,,,0.2711,49.0,0.2118,33.0,0.1849,21.0,0.2504,46.0,,,0.2544,39.0
2013-07-26,0.0357,1.0,0.1013,2.0,0.2289,28.0,,,0.2492,35.0,0.2116,33.0,0.1845,20.0,0.2459,42.0,,,0.2604,45.0
2013-07-25,0.0613,2.0,0.1041,2.0,0.2068,17.0,,,0.2298,24.0,0.2116,33.0,0.1845,20.0,0.254,49.0,,,0.2689,52.0
2013-07-24,0.0623,2.0,0.1146,4.0,0.2776,57.0,,,0.2378,28.0,0.2116,33.0,0.1845,20.0,0.2556,50.0,,,0.2641,48.0
2013-07-23,0.0869,5.0,0.1161,4.0,0.225,27.0,,,0.2201,19.0,0.2126,34.0,0.1854,21.0,0.2349,32.0,,,0.2408,28.0
2013-07-22,0.0854,4.0,0.1157,4.0,0.2839,61.0,,,0.2248,21.0,0.2132,35.0,0.1864,22.0,0.2444,40.0,,,0.2641,48.0
2013-07-19,0.1029,8.0,0.1153,4.0,0.4179,93.0,,,0.2605,43.0,0.2132,35.0,0.1863,22.0,0.238,34.0,,,0.2427,30.0
2013-07-18,0.1026,8.0,0.1148,4.0,0.2279,28.0,,,0.2289,23.0,0.2132,35.0,0.1865,22.0,0.2585,52.0,,,0.2668,50.0
2013-07-17,0.103,8.0,0.1176,4.0,0.282,60.0,,,0.2461,34.0,0.2144,37.0,0.1867,23.0,0.2629,55.0,,,0.2477,34.0
2013-07-16,0.0984,7.0,0.11,3.0,0.2797,59.0,,,0.2305,24.0,0.2141,37.0,0.1865,22.0,0.2623,55.0,,,0.2502,36.0
2013-07-15,0.0926,6.0,0.1086,3.0,0.2243,26.0,,,0.3001,62.0,0.2141,37.0,0.1862,22.0,0.2422,38.0,,,0.2763,57.0
2013-07-12,0.1052,9.0,0.1044,2.0,0.2712,56.0,,,0.2319,25.0,0.2139,36.0,0.1866,23.0,0.2595,53.0,,,0.2494,36.0
2013-07-11,0.1119,11.0,0.125,6.0,0.2497,44.0,,,0.2658,47.0,0.2148,38.0,0.1874,23.0,0.2639,56.0,,,0.2434,30.0
2013-07-10,0.1532,28.0,0.1565,20.0,0.266,53.0,,,0.2598,42.0,0.2168,40.0,0.1883,25.0,0.2517,47.0,,,0.2511,37.0
2013-07-09,0.1537,28.0,0.1649,26.0,0.2713,56.0,,,0.2543,39.0,0.2172,40.0,0.1886,25.0,0.2684,59.0,,,0.3026,70.0
2013-07-08,0.1481,26.0,0.1601,22.0,0.2721,56.0,,,0.2805,54.0,0.2195,41.0,0.189,25.0,0.2705,60.0,,,0.2647,48.0
2013-07-05,0.1542,28.0,0.1664,26.0,0.2379,35.0,,,0.264,45.0,0.22,42.0,0.19,27.0,0.2788,64.0,,,0.2638,48.0
2013-07-03,0.1454,25.0,0.1642,25.0,0.2589,50.0,,,0.2628,45.0,0.2197,41.0,0.1898,26.0,0.2544,49.0,,,0.2537,39.0
2013-07-02,0.1723,36.0,0.1829,38.0,0.2711,56.0,,,0.2513,37.0,0.2196,41.0,0.1904,27.0,0.2497,45.0,,,0.2582,43.0
2013-07-01,0.1785,39.0,0.1879,42.0,0.2272,28.0,,,0.2564,40.0,0.2195,41.0,0.19,27.0,0.242,38.0,,,0.2537,39.0
2013-06-28,0.1953,46.0,0.1738,32.0,0.2866,62.0,,,0.2427,32.0,0.2182,41.0,0.1895,26.0,0.2493,45.0,,,0.2457,33.0
2013-06-27,0.2086,52.0,0.1791,35.0,0.2751,57.0,,,0.2515,37.0,0.2182,41.0,0.1899,27.0,0.2568,51.0,,,0.2535,39.0
2013-06-26,0.2131,54.0,0.1786,35.0,0.2959,66.0,,,0.2557,40.0,0.2186,41.0,0.1898,26.0,0.2709,60.0,,,0.26,44.0
2013-06-25,0.2445,64.0,0.1784,35.0,0.246,41.0,,,0.2619,44.0,0.2188,41.0,0.1918,28.0,0.247,43.0,,,0.2551,40.0
2013-06-24,0.2429,64.0,0.1893,43.0,0.2328,32.0,,,0.2764,52.0,0.2192,41.0,0.1918,28.0,0.2622,55.0,,,0.2763,57.0
2013-06-21,0.2298,59.0,0.1732,31.0,0.1943,13.0,,,0.2608,43.0,0.218,40.0,0.1911,28.0,0.2369,34.0,,,0.2666,50.0
2013-06-20,0.2307,60.0,0.1922,44.0,0.2675,54.0,,,0.2549,39.0,0.2177,40.0,0.1937,31.0,0.2683,59.0,,,0.2512,37.0
2013-06-19,0.2033,50.0,0.1917,44.0,0.2542,47.0,,,0.2192,18.0,0.2149,38.0,0.1936,31.0,0.2689,59.0,,,0.2394,27.0
2013-06-18,0.189,43.0,0.1848,40.0,0.2145,21.0,,,0.2564,40.0,0.2133,35.0,0.1934,31.0,0.2328,31.0,,,0.266,49.0
2013-06-17,0.1998,48.0,0.1809,37.0,0.2286,28.0,,,0.2607,43.0,0.2136,36.0,0.1934,31.0,0.2384,35.0,,,0.2625,46.0
2013-06-14,0.1793,39.0,0.19,43.0,0.2254,27.0,,,0.2547,39.0,0.2136,36.0,0.1932,30.0,0.237,34.0,,,0.2631,47.0
2013-06-13,0.1867,42.0,0.1803,36.0,0.2215,24.0,,,0.2511,37.0,0.2144,37.0,0.1927,30.0,0.2537,48.0,,,0.2523,38.0
2013-06-12,0.1865,42.0,0.1953,46.0,0.3797,88.0,,,0.244,32.0,0.215,38.0,0.1932,30.0,0.269,59.0,,,0.2299,20.0
2013-06-11,0.1555,28.0,0.1714,30.0,0.2391,36.0,,,0.2361,28.0,0.2133,35.0,0.1917,28.0,0.2598,53.0,,,0.2398,27.0
2013-06-10,0.1325,19.0,0.1751,33.0,0.2311,31.0,,,0.2613,44.0,0.2125,34.0,0.1918,28.0,0.2356,32.0,,,0.2581,43.0
2013-06-07,0.1291,18.0,0.1718,30.0,0.2253,27.0,,,0.2592,42.0,0.2132,35.0,0.192,28.0,0.2304,28.0,,,0.2574,42.0
2013-06-06,0.1012,8.0,0.1719,30.0,0.2314,31.0,,,0.2552,39.0,0.213,35.0,0.192,28.0,0.2437,40.0,,,0.2871,64.0
2013-06-05,0.1413,23.0,0.1567,21.0,0.2751,57.0,,,0.202,12.0,0.2132,35.0,0.1915,28.0,0.2562,50.0,,,0.2402,28.0
2013-06-04,0.1251,16.0,0.1676,27.0,0.2692,55.0,,,0.2326,26.0,0.2127,34.0,0.1916,28.0,0.2528,48.0,,,0.2545,40.0
2013-06-03,0.1256,16.0,0.1656,26.0,0.2515,45.0,,,0.2455,33.0,0.2128,34.0,0.1918,28.0,0.2537,48.0,,,0.2416,28.0
2013-05-31,0.1845,41.0,0.1952,46.0,0.2332,32.0,,,0.2217,19.0,0.2139,36.0,0.1919,28.0,0.2503,45.0,,,0.2367,25.0
2013-05-30,0.1802,39.0,0.1873,41.0,0.2103,19.0,,,0.2047,13.0,0.2135,36.0,0.1916,28.0,0.2406,37.0,,,0.2464,33.0
2013-05-29,0.1791,39.0,0.1868,41.0,0.2058,17.0,,,0.2021,12.0,0.214,36.0,0.1917,28.0,0.2399,36.0,,,0.2446,31.0
2013-05-28,0.1812,40.0,0.1872,41.0,0.2045,16.0,,,0.2115,15.0,0.2135,36.0,0.1926,30.0,0.2312,28.0,,,0.25,36.0
2013-05-24,0.1661,33.0,0.1943,46.0,0.2023,15.0,,,0.2324,25.0,0.213,35.0,0.1927,30.0,0.2283,27.0,,,0.2463,33.0
2013-05-23,0.165,33.0,0.1832,38.0,0.2085,18.0,,,0.2007,12.0,0.2136,36.0,0.1923,28.0,0.2261,26.0,,,0.248,35.0
2013-05-22,0.1714,36.0,0.2592,77.0,0.207,17.0,,,0.2193,18.0,0.2145,37.0,0.1921,28.0,0.2606,54.0,,,0.2193,14.0
2013-05-21,0.0916,6.0,0.2303,66.0,0.1999,14.0,,,0.2186,18.0,0.2119,33.0,0.1902,27.0,0.2273,27.0,,,0.2208,15.0
2013-05-20,0.0832,4.0,0.2276,64.0,0.2145,21.0,,,0.2036,13.0,0.2118,33.0,0.1902,27.0,0.225,25.0,,,0.2265,18.0
2013-05-17,0.0625,2.0,0.2268,64.0,0.2078,18.0,,,0.1996,11.0,0.212,33.0,0.1904,27.0,0.214,18.0,,,0.2202,14.0
2013-05-16,0.0672,2.0,0.2418,71.0,0.2052,17.0,,,0.2313,25.0,0.2121,34.0,0.191,28.0,0.2123,18.0,,,0.2259,18.0
2013-05-15,0.4771,95.0,0.3461,91.0,0.208,18.0,,,0.2484,35.0,0.212,33.0,0.1909,28.0,0.2168,20.0,,,0.2213,15.0
2013-05-14,0.4725,95.0,0.3487,92.0,0.2028,16.0,,,0.2644,46.0,0.2138,36.0,0.192,28.0,0.2121,17.0,,,0.2233,16.0
2013-05-13,0.4759,95.0,0.2902,84.0,0.2145,21.0,,,0.2147,16.0,0.2141,37.0,0.1864,22.0,0.2145,19.0,,,0.2222,16.0
2013-05-10,0.4684,94.0,0.2982,85.0,0.214,20.0,,,0.1804,7.0,0.2143,37.0,0.1865,22.0,0.2172,20.0,,,0.2191,14.0
2013-05-09,0.5298,96.0,0.3117,87.0,0.1879,11.0,,,0.1989,11.0,0.2143,37.0,0.1871,23.0,0.2134,18.0,,,0.223,16.0
2013-05-08,0.5262,96.0,0.3205,88.0,0.2094,18.0,,,0.1917,9.0,0.2155,38.0,0.1874,23.0,0.212,17.0,,,0.2204,14.0
2013-05-07,0.5162,96.0,0.3131,87.0,0.2082,18.0,,,0.2089,14.0,0.2208,42.0,0.1892,25.0,0.2062,15.0,,,0.2215,15.0
2013-05-06,0.2542,67.0,0.1875,41.0,0.2447,40.0,,,0.2362,28.0,0.1897,17.0,0.1804,15.0,0.2342,32.0,,,0.2317,21.0
2013-05-03,0.254,67.0,0.1869,41.0,0.2749,57.0,,,0.2151,16.0,0.1898,17.0,0.1804,15.0,0.2401,36.0,,,0.221,15.0
2013-05-02,0.2537,67.0,0.1818,37.0,0.2322,31.0,,,0.3138,67.0,0.1943,19.0,0.1823,17.0,0.2291,28.0,,,0.235,23.0
2013-05-01,0.2574,68.0,0.1724,31.0,0.2355,34.0,,,0.2227,20.0,0.1935,19.0,0.1831,19.0,0.2365,33.0,,,0.2323,22.0
2013-04-30,0.1645,33.0,0.1625,24.0,0.1914,12.0,,,0.3395,76.0,0.191,18.0,0.1839,20.0,0.223,24.0,,,0.2374,25.0
2013-04-29,0.1762,38.0,0.1712,30.0,0.2257,27.0,,,0.289,57.0,0.1897,17.0,0.1835,19.0,0.2308,28.0,,,0.2397,27.0
2013-04-26,0.1879,43.0,0.1689,28.0,0.227,28.0,,,0.2265,22.0,0.1901,17.0,0.1833,19.0,0.2341,31.0,,,0.2336,22.0
2013-04-25,0.215,54.0,0.199,49.0,0.2354,34.0,,,0.2218,19.0,0.1896,17.0,0.1834,19.0,0.2331,31.0,,,0.2274,19.0
2013-04-24,0.2171,55.0,0.1974,48.0,0.2321,31.0,,,0.272,50.0,0.1896,17.0,0.1832,19.0,0.2311,28.0,,,0.2348,23.0
2013-04-23,0.3123,80.0,0.2303,66.0,0.2409,37.0,,,0.3663,82.0,0.1896,17.0,0.1833,19.0,0.2288,28.0,,,0.243,30.0
2013-04-22,0.2845,75.0,0.2251,63.0,0.2434,39.0,,,0.2285,23.0,0.1904,17.0,0.184,20.0,0.2409,37.0,,,0.2386,26.0
2013-04-19,0.2866,76.0,0.212,56.0,0.1905,11.0,,,0.3177,68.0,0.1905,18.0,0.1833,19.0,0.1905,10.0,,,0.235,23.0
2013-04-18,0.266,71.0,0.1972,48.0,0.3353,78.0,,,0.2581,41.0,0.1885,17.0,0.1828,18.0,0.2422,38.0,,,0.2364,24.0
2013-04-17,0.2699,72.0,0.2024,51.0,0.2568,48.0,,,0.2544,39.0,0.1931,19.0,0.1845,20.0,0.2604,54.0,,,0.2329,22.0
2013-04-16,0.2548,67.0,0.1683,28.0,0.2211,24.0,,,0.2282,23.0,0.1909,18.0,0.1826,18.0,0.1905,10.0,,,0.1841,3.0
2013-04-15,0.2492,66.0,0.1644,25.0,0.3057,69.0,,,0.2177,17.0,0.1909,18.0,0.1826,18.0,0.2712,61.0,,,0.2025,7.0
2013-04-12,0.1091,10.0,0.1284,7.0,0.2247,26.0,,,0.2297,23.0,0.184,15.0,0.1806,15.0,0.211,17.0,,,0.2192,14.0
2013-04-11,0.1921,45.0,0.1753,33.0,0.2375,35.0,,,0.2474,34.0,0.1839,15.0,0.1807,15.0,0.2089,16.0,,,0.2224,16.0
2013-04-10,0.1923,45.0,0.1854,40.0,0.2176,22.0,,,0.2725,50.0,0.1896,17.0,0.1827,18.0,0.2144,19.0,,,0.2267,18.0
2013-04-09,0.1703,35.0,0.209,55.0,0.2535,47.0,,,0.2409,30.0,0.1885,17.0,0.1825,18.0,0.2251,25.0,,,0.193,5.0
2013-04-08,0.1908,44.0,0.2066,53.0,0.2333,32.0,,,0.2509,37.0,0.1887,17.0,0.1826,18.0,0.1904,10.0,,,0.2317,21.0
2013-04-05,0.2107,52.0,0.2254,63.0,0.2229,25.0,,,0.2256,21.0,0.189,17.0,0.1828,18.0,0.2133,18.0,,,0.2375,25.0
2013-04-04,0.2563,68.0,0.2397,70.0,0.2181,22.0,,,0.228,22.0,0.1888,17.0,0.183,18.0,0.2215,23.0,,,0.2297,20.0
2013-04-03,0.2583,68.0,0.2413,71.0,0.2401,37.0,,,0.1996,11.0,0.1892,17.0,0.1826,18.0,0.2263,26.0,,,0.1996,7.0
2013-04-02,0.1939,45.0,0.2108,55.0,0.2324,32.0,,,0.2121,15.0,0.1865,16.0,0.1812,16.0,0.234,31.0,,,0.2686,52.0
2013-04-01,0.2028,49.0,0.204,52.0,0.2348,33.0,,,0.2285,23.0,0.1885,17.0,0.1814,16.0,0.2216,23.0,,,0.2285,19.0
2013-03-28,0.1704,35.0,0.1765,34.0,0.2238,26.0,,,0.2619,44.0,0.1882,16.0,0.1801,14.0,0.2187,21.0,,,0.2257,17.0
2013-03-27,0.1738,37.0,0.1763,34.0,0.2226,25.0,,,0.2578,41.0,0.1876,16.0,0.1798,14.0,0.2174,20.0,,,0.2326,22.0
2013-03-26,0.1653,33.0,0.1494,17.0,0.2197,23.0,,,0.2196,18.0,0.1875,16.0,0.1791,13.0,0.2144,19.0,,,0.2272,19.0
2013-03-25,0.074,3.0,0.1283,7.0,0.2396,37.0,,,0.2369,28.0,0.1845,15.0,0.1781,12.0,0.2324,30.0,,,0.2304,20.0
2013-03-22,0.07,2.0,0.1113,3.0,0.2016,15.0,,,0.2318,25.0,0.1853,16.0,0.178,12.0,0.22,21.0,,,0.2322,21.0
2013-03-21,0.0617,2.0,0.1151,4.0,0.2196,23.0,,,0.2345,27.0,0.1852,16.0,0.1781,12.0,0.2255,25.0,,,0.2364,24.0
2013-03-20,0.0473,1.0,0.1131,4.0,0.2004,15.0,,,0.2318,25.0,0.1849,15.0,0.178,12.0,0.2248,25.0,,,0.2389,27.0
2013-03-19,0.0265,1.0,0.1041,2.0,0.2343,33.0,,,0.2391,28.0,0.1852,16.0,0.1781,12.0,0.2206,22.0,,,0.2408,28.0
2013-03-18,0.0715,2.0,0.0936,1.0,0.1874,10.0,,,0.2329,26.0,0.1856,16.0,0.1778,12.0,0.2189,21.0,,,0.2355,24.0
2013-03-15,0.0753,3.0,0.1064,2.0,0.2239,26.0,,,0.2264,22.0,0.1857,16.0,0.1779,12.0,0.2227,23.0,,,0.2344,23.0
2013-03-14,0.0868,5.0,0.1141,4.0,0.2204,24.0,,,0.2334,26.0,0.1865,16.0,0.1781,12.0,0.2229,24.0,,,0.2372,25.0
2013-03-13,0.1739,37.0,0.1493,16.0,0.2058,17.0,,,0.2287,23.0,0.1865,16.0,0.1783,13.0,0.2266,26.0,,,0.2319,21.0
2013-03-12,0.1751,37.0,0.1509,17.0,0.2041,16.0,,,0.2312,25.0,0.1866,16.0,0.1781,12.0,0.2238,24.0,,,0.2379,26.0
2013-03-11,0.1787,39.0,0.1671,27.0,0.2251,27.0,,,0.2294,23.0,0.1868,16.0,0.1783,13.0,0.2258,26.0,,,0.2368,25.0
2013-03-08,0.1765,38.0,0.1733,31.0,0.2251,27.0,,,0.2239,20.0,0.1867,16.0,0.1784,13.0,0.2217,23.0,,,0.2294,20.0
2013-03-07,0.1697,35.0,0.1712,30.0,0.2186,23.0,,,0.2166,17.0,0.1871,16.0,0.1783,13.0,0.2284,27.0,,,0.2395,27.0
2013-03-06,0.1644,33.0,0.166,26.0,0.2528,46.0,,,0.2176,17.0,0.1871,16.0,0.1779,12.0,0.2327,31.0,,,0.2372,25.0
2013-03-05,0.1605,31.0,0.1639,25.0,0.2176,22.0,,,0.2162,17.0,0.1877,16.0,0.1781,12.0,0.2216,23.0,,,0.2381,26.0
2013-03-04,0.0963,7.0,0.139,11.0,0.1915,12.0,,,0.2271,22.0,0.1847,15.0,0.1769,11.0,0.2268,26.0,,,0.2502,36.0
2013-03-01,0.1171,13.0,0.1415,12.0,0.228,28.0,,,0.2266,22.0,0.1848,15.0,0.1767,11.0,0.2435,39.0,,,0.2405,28.0
2013-02-28,0.1465,25.0,0.133,9.0,0.2354,34.0,,,0.2111,15.0,0.1846,15.0,0.1758,11.0,0.2228,24.0,,,0.2579,42.0
2013-02-27,0.1576,30.0,0.1383,11.0,0.2424,39.0,,,0.2207,19.0,0.1846,15.0,0.1757,11.0,0.2344,32.0,,,0.2589,43.0
2013-02-26,0.1624,32.0,0.1436,13.0,0.2257,27.0,,,0.2246,21.0,0.1846,15.0,0.1758,11.0,0.2438,40.0,,,0.2523,38.0
2013-02-25,0.1585,31.0,0.1451,14.0,0.244,40.0,,,0.2372,28.0,0.1846,15.0,0.176,11.0,0.2211,22.0,,,0.2346,23.0
2013-02-22,0.1575,30.0,0.1414,12.0,0.2125,20.0,,,0.2192,18.0,0.1846,15.0,0.1757,11.0,0.2236,24.0,,,0.2381,26.0
2013-02-21,0.1246,16.0,0.141,12.0,0.2278,28.0,,,0.2282,23.0,0.1844,15.0,0.1756,11.0,0.2446,41.0,,,0.229,20.0
2013-02-20,0.1614,32.0,0.1435,13.0,0.3198,74.0,,,0.2168,17.0,0.1838,14.0,0.1754,10.0,0.2437,40.0,,,0.2002,7.0
2013-02-19,0.1351,21.0,0.1394,11.0,0.2104,19.0,,,0.2194,18.0,0.1825,13.0,0.1749,10.0,0.2264,26.0,,,0.2246,17.0
2013-02-15,0.127,17.0,0.1421,13.0,0.2454,41.0,,,0.227,22.0,0.1834,14.0,0.1747,10.0,0.2363,33.0,,,0.2337,22.0
2013-02-14,0.3505,85.0,0.2333,67.0,0.2221,25.0,,,0.2272,22.0,0.1831,14.0,0.1744,10.0,0.2381,34.0,,,0.2337,22.0
2013-02-13,0.3455,84.0,0.2328,67.0,0.2278,28.0,,,0.2319,25.0,0.1833,14.0,0.1747,10.0,0.2323,30.0,,,0.2292,20.0
2013-02-12,0.3604,87.0,0.2398,70.0,0.2794,59.0,,,0.2198,19.0,0.1836,14.0,0.1749,10.0,0.238,34.0,,,0.2259,18.0
2013-02-11,0.3449,84.0,0.2393,70.0,0.2188,23.0,,,0.2247,21.0,0.183,14.0,0.175,10.0,0.2255,25.0,,,0.2349,23.0
2013-02-08,0.347,85.0,0.2333,67.0,0.2886,63.0,,,0.2269,22.0,0.1823,13.0,0.1748,10.0,0.2371,34.0,,,0.2327,22.0
2013-02-07,0.3491,85.0,0.23,66.0,0.2149,21.0,,,0.2346,27.0,0.1829,14.0,0.1748,10.0,0.2292,28.0,,,0.2413,28.0
2013-02-06,0.3314,82.0,0.2243,62.0,0.2262,27.0,,,0.3099,66.0,0.1822,13.0,0.1747,10.0,0.2271,27.0,,,0.2345,23.0
2013-02-05,0.1076,10.0,0.1196,5.0,0.3532,83.0,,,0.2878,57.0,0.1688,7.0,0.1704,9.0,0.2403,37.0,,,0.2396,27.0
2013-02-04,0.1394,23.0,0.1419,13.0,0.4178,93.0,,,0.3416,76.0,0.1761,10.0,0.1751,10.0,0.2406,37.0,,,0.2439,31.0
2013-02-01,0.1167,13.0,0.1459,14.0,0.3163,72.0,,,0.2779,53.0,0.1784,11.0,0.177,11.0,0.2356,32.0,,,0.2362,24.0
2013-01-31,0.1175,13.0,0.1405,12.0,0.2227,25.0,,,0.263,45.0,0.1914,18.0,0.1795,14.0,0.2333,31.0,,,0.239,27.0
2013-01-30,0.1083,10.0,0.1421,13.0,0.2897,63.0,,,0.314,67.0,0.1916,18.0,0.18,14.0,0.2311,28.0,,,0.2392,27.0
2013-01-29,0.1056,9.0,0.1558,20.0,0.2705,55.0,,,0.3913,87.0,0.1923,19.0,0.1804,15.0,0.2278,27.0,,,0.2391,27.0
2013-01-28,0.1052,9.0,0.156,20.0,0.2645,52.0,,,0.294,60.0,0.1929,19.0,0.1804,15.0,0.2384,35.0,,,0.2398,27.0
2013-01-25,0.1239,15.0,0.1563,20.0,0.2197,23.0,,,0.369,83.0,0.1962,21.0,0.1821,17.0,0.2305,28.0,,,0.2412,28.0
2013-01-24,0.1106,11.0,0.1462,15.0,0.1759,8.0,,,0.3589,80.0,0.197,21.0,0.1831,19.0,0.2358,33.0,,,0.242,28.0
2013-01-23,0.1466,26.0,0.1409,12.0,0.2445,40.0,,,0.2805,54.0,0.1965,21.0,0.1829,18.0,0.2411,37.0,,,0.245,32.0
2013-01-22,0.205,50.0,0.1612,23.0,0.2264,28.0,,,0.3299,72.0,0.1975,21.0,0.1838,20.0,0.245,41.0,,,0.2523,38.0
2013-01-18,0.2129,53.0,0.1645,25.0,0.2323,31.0,,,0.3336,74.0,0.1978,22.0,0.184,20.0,0.2307,28.0,,,0.2675,51.0
2013-01-17,0.2381,62.0,0.1718,30.0,0.2491,44.0,,,0.2602,43.0,0.1975,21.0,0.1835,19.0,0.2519,47.0,,,0.2456,32.0
2013-01-16,0.2466,65.0,0.1874,41.0,0.2471,42.0,,,0.2779,53.0,0.1974,21.0,0.1836,19.0,0.2558,50.0,,,0.2429,30.0
2013-01-15,0.2484,66.0,0.1883,42.0,0.2472,42.0,,,0.2984,62.0,0.1973,21.0,0.184,20.0,0.2393,36.0,,,0.2487,35.0
2013-01-14,0.2484,66.0,0.1891,42.0,0.2508,45.0,,,0.2571,40.0,0.1971,21.0,0.184,20.0,0.2469,42.0,,,0.2494,36.0
2013-01-11,0.2324,60.0,0.1824,38.0,0.2567,48.0,,,0.2291,23.0,0.1963,21.0,0.1835,19.0,0.2502,45.0,,,0.2373,25.0
2013-01-10,0.1688,34.0,0.1803,36.0,0.2535,47.0,,,0.2632,45.0,0.1943,19.0,0.1832,19.0,0.2514,47.0,,,0.2495,36.0
2013-01-09,0.1689,35.0,0.1905,43.0,0.2355,34.0,,,0.3043,64.0,0.194,19.0,0.1832,19.0,0.2393,36.0,,,0.2562,41.0
2013-01-08,0.127,17.0,0.1764,34.0,0.2556,48.0,,,0.2502,36.0,0.1913,18.0,0.1824,18.0,0.2427,39.0,,,0.2502,36.0
2013-01-07,0.1061,9.0,0.1995,49.0,0.2409,37.0,,,0.2583,41.0,0.1912,18.0,0.182,17.0,0.2468,42.0,,,0.2488,35.0
2013-01-04,0.1263,16.0,0.201,50.0,0.2478,43.0,,,0.2494,36.0,0.1912,18.0,0.1821,17.0,0.2454,41.0,,,0.242,28.0
2013-01-03,0.1225,15.0,0.1958,47.0,0.2434,39.0,,,0.2381,28.0,0.1923,19.0,0.1817,16.0,0.2453,41.0,,,0.244,31.0
2013-01-02,0.1286,17.0,0.2454,72.0,0.2413,38.0,,,0.2367,28.0,0.1928,19.0,0.1817,16.0,0.2418,38.0,,,0.245,32.0
2012-12-31,0.1363,21.0,0.2422,71.0,0.2378,35.0,,,0.2626,45.0,0.1935,19.0,0.1816,16.0,0.2511,46.0,,,0.251,37.0
2012-12-28,0.1401,23.0,0.2359,68.0,0.2906,63.0,,,0.2653,46.0,0.1938,19.0,0.1808,15.0,0.2582,52.0,,,0.2479,34.0
2012-12-27,0.134,20.0,0.2371,69.0,0.2672,54.0,,,0.2624,44.0,0.1975,21.0,0.1812,16.0,0.2483,44.0,,,0.2459,33.0
2012-12-26,0.1404,23.0,0.2035,51.0,0.2647,52.0,,,0.2632,45.0,0.1976,22.0,0.1813,16.0,0.2562,50.0,,,0.2528,38.0
2012-12-24,0.1544,28.0,0.2056,53.0,0.2333,32.0,,,0.2587,42.0,0.1992,22.0,0.1818,17.0,0.2426,39.0,,,0.2533,38.0
2012-12-21,0.1733,37.0,0.2106,55.0,0.2393,36.0,,,0.2859,57.0,0.1992,22.0,0.1818,17.0,0.2393,36.0,,,0.2629,47.0
2012-12-20,0.1779,38.0,0.1535,19.0,0.2513,45.0,,,0.2662,47.0,0.2017,24.0,0.1786,13.0,0.2509,46.0,,,0.2569,42.0
2012-12-19,0.1798,39.0,0.156,20.0,0.2388,36.0,,,0.2529,38.0,0.2012,24.0,0.1781,12.0,0.24,36.0,,,0.2679,51.0
2012-12-18,0.1948,46.0,0.1564,20.0,0.275,57.0,,,0.2489,35.0,0.2045,26.0,0.1798,14.0,0.2757,63.0,,,0.2606,45.0
2012-12-17,0.1925,45.0,0.1517,18.0,0.2488,43.0,,,0.3235,70.0,0.2046,26.0,0.1797,14.0,0.2491,45.0,,,0.2735,55.0
2012-12-14,0.173,36.0,0.1563,20.0,0.2657,53.0,,,0.2304,24.0,0.2038,25.0,0.1796,14.0,0.2633,55.0,,,0.2607,45.0
2012-12-13,0.1667,34.0,0.1573,21.0,0.2829,60.0,,,0.2594,42.0,0.2033,25.0,0.1796,14.0,0.2625,55.0,,,0.2635,47.0
2012-12-12,0.1666,34.0,0.1684,28.0,0.2489,44.0,,,0.2568,40.0,0.2035,25.0,0.1798,14.0,0.268,59.0,,,0.2594,44.0
2012-12-11,0.1845,41.0,0.1751,33.0,0.2356,34.0,,,0.2505,36.0,0.2033,25.0,0.1795,14.0,0.2436,39.0,,,0.2786,59.0
2012-12-10,0.1614,32.0,0.17,28.0,0.2391,36.0,,,0.2463,34.0,0.2029,25.0,0.1791,13.0,0.2535,48.0,,,0.2828,61.0
2012-12-07,0.1553,28.0,0.1657,26.0,0.2511,45.0,,,0.2459,33.0,0.2021,24.0,0.179,13.0,0.2639,56.0,,,0.27,53.0
2012-12-06,0.1568,30.0,0.1827,38.0,0.3108,70.0,,,0.2591,42.0,0.2027,25.0,0.1797,14.0,0.2557,50.0,,,0.2751,56.0
2012-12-05,0.1544,28.0,0.1806,36.0,0.2452,41.0,,,0.2463,34.0,0.2038,25.0,0.1803,14.0,0.2678,59.0,,,0.2697,52.0
2012-12-04,0.1573,30.0,0.1825,38.0,0.2503,45.0,,,0.247,34.0,0.2034,25.0,0.1803,14.0,0.2632,55.0,,,0.2683,51.0
2012-12-03,0.1771,38.0,0.1726,31.0,0.2784,57.0,,,0.2601,43.0,0.2059,27.0,0.18,14.0,0.2705,60.0,,,0.2663,50.0
2012-11-30,0.1433,24.0,0.1638,25.0,0.2605,50.0,,,0.2384,28.0,0.206,27.0,0.1808,15.0,0.2587,52.0,,,0.2736,55.0
2012-11-29,0.1389,22.0,0.1615,23.0,0.2411,38.0,,,0.2399,30.0,0.2059,27.0,0.1805,15.0,0.2633,55.0,,,0.2688,52.0
2012-11-28,0.1391,22.0,0.1614,23.0,0.2497,44.0,,,0.2533,38.0,0.2082,28.0,0.1804,15.0,0.2518,47.0,,,0.262,46.0
2012-11-27,0.1419,24.0,0.1562,20.0,0.3184,73.0,,,0.2458,33.0,0.2082,28.0,0.1801,14.0,0.2786,64.0,,,0.2626,46.0
2012-11-26,0.1311,19.0,0.1619,23.0,0.2295,28.0,,,0.2554,40.0,0.2115,32.0,0.181,16.0,0.2638,56.0,,,0.271,53.0
2012-11-23,0.1734,37.0,0.1767,34.0,0.2208,24.0,,,0.2571,40.0,0.2123,34.0,0.1811,16.0,0.2304,28.0,,,0.3015,70.0
2012-11-21,0.1653,33.0,0.1706,28.0,0.2283,28.0,,,0.2452,33.0,0.2111,32.0,0.1806,15.0,0.2269,26.0,,,0.3144,74.0
2012-11-20,0.1676,34.0,0.1675,27.0,0.1795,8.0,,,0.2683,48.0,0.2116,33.0,0.181,16.0,0.2375,34.0,,,0.31,73.0
2012-11-19,0.1655,33.0,0.1762,34.0,0.219,23.0,,,0.2455,33.0,0.2134,36.0,0.1826,18.0,0.2477,43.0,,,0.2908,65.0
2012-11-16,0.1566,30.0,0.1787,35.0,0.2524,46.0,,,0.2776,53.0,0.2136,36.0,0.183,18.0,0.2706,60.0,,,0.2723,54.0
2012-11-15,0.1991,48.0,0.215,57.0,0.2816,60.0,,,0.3355,74.0,0.2138,36.0,0.1829,18.0,0.2816,65.0,,,0.2774,57.0
2012-11-14,0.2192,56.0,0.2243,62.0,0.2982,66.0,,,0.2464,34.0,0.2141,37.0,0.1827,18.0,0.2945,70.0,,,0.2691,52.0
2012-11-13,0.2116,53.0,0.2134,57.0,0.2835,61.0,,,0.2594,42.0,0.2129,35.0,0.1816,16.0,0.2946,70.0,,,0.279,59.0
2012-11-12,0.2454,65.0,0.2399,70.0,0.2892,63.0,,,0.2556,40.0,0.2126,34.0,0.1813,16.0,0.2875,68.0,,,0.2906,65.0
2012-11-09,0.246,65.0,0.2583,77.0,0.2671,54.0,,,0.1972,11.0,0.2129,35.0,0.1814,16.0,0.2817,65.0,,,0.2765,57.0
2012-11-08,0.2338,61.0,0.2752,81.0,0.3097,70.0,,,0.2522,38.0,0.213,35.0,0.1809,15.0,0.3088,75.0,,,0.2877,64.0
2012-11-07,0.2481,66.0,0.2767,81.0,0.2743,57.0,,,0.2531,38.0,0.212,33.0,0.1808,15.0,0.2814,65.0,,,0.2756,57.0
2012-11-06,0.2423,64.0,0.243,71.0,0.252,46.0,,,0.2701,49.0,0.2069,28.0,0.178,12.0,0.2682,59.0,,,0.2838,62.0
2012-11-05,0.2206,56.0,0.2332,67.0,0.2637,52.0,,,0.2576,41.0,0.2134,36.0,0.1784,13.0,0.2773,63.0,,,0.2824,61.0
2012-11-02,0.2214,57.0,0.2299,65.0,0.3006,67.0,,,0.2477,34.0,0.2137,36.0,0.1829,18.0,0.2955,71.0,,,0.2615,46.0
2012-11-01,0.1629,32.0,0.1982,48.0,0.2738,57.0,,,0.2616,44.0,0.2132,35.0,0.1836,19.0,0.2838,66.0,,,0.2684,51.0
2012-10-31,0.1937,45.0,0.1886,42.0,0.2568,48.0,,,0.2052,13.0,0.2169,40.0,0.1831,19.0,0.2825,66.0,,,0.2623,46.0
2012-10-26,0.1707,35.0,0.1514,18.0,0.2418,38.0,,,0.3165,68.0,0.2171,40.0,0.1822,17.0,0.2656,57.0,,,0.282,61.0
2012-10-25,0.177,38.0,0.1587,22.0,0.2248,26.0,,,0.3494,78.0,0.2171,40.0,0.1824,18.0,0.2595,53.0,,,0.2844,62.0
2012-10-24,0.2454,65.0,0.1914,44.0,0.2895,63.0,,,0.2576,41.0,0.216,39.0,0.1827,18.0,0.2808,65.0,,,0.2713,53.0
2012-10-23,0.2375,62.0,0.1866,41.0,0.2468,42.0,,,0.3054,64.0,0.2157,38.0,0.1826,18.0,0.2741,62.0,,,0.2894,65.0
2012-10-22,0.2401,63.0,0.1859,40.0,0.2381,36.0,,,0.5466,99.0,0.216,39.0,0.1831,19.0,0.2778,64.0,,,0.2785,59.0
2012-10-19,0.2401,63.0,0.1892,43.0,0.2733,57.0,,,0.3174,68.0,0.216,39.0,0.1833,19.0,0.3052,74.0,,,0.2496,36.0
2012-10-18,0.1966,47.0,0.172,30.0,0.2693,55.0,,,0.4845,97.0,0.2148,38.0,0.1829,18.0,0.2693,59.0,,,0.2675,51.0
2012-10-17,0.291,77.0,0.2016,50.0,0.2554,48.0,,,0.4858,97.0,0.2154,38.0,0.1835,19.0,0.267,57.0,,,0.2545,40.0
2012-10-16,0.2874,76.0,0.1911,44.0,0.2174,22.0,,,0.5221,98.0,0.2157,38.0,0.1831,19.0,0.2174,20.0,,,0.3115,73.0
2012-10-15,0.1784,38.0,0.168,28.0,0.2819,60.0,,,0.2781,53.0,0.2114,32.0,0.1812,16.0,0.2819,65.0,,,0.2643,48.0
2012-10-12,0.2038,50.0,0.1714,30.0,0.326,75.0,,,0.3899,87.0,0.2115,32.0,0.1814,16.0,0.326,81.0,,,0.2881,64.0
2012-10-11,0.205,50.0,0.1731,31.0,0.3199,74.0,,,0.3667,82.0,0.2118,33.0,0.1816,16.0,0.3199,79.0,,,0.3069,72.0
2012-10-10,0.223,57.0,0.1699,28.0,0.3092,70.0,,,0.2416,31.0,0.2129,35.0,0.1823,17.0,0.3092,76.0,,,0.3103,73.0
2012-10-09,0.2365,62.0,0.1836,38.0,0.3507,82.0,,,0.2646,46.0,0.2129,35.0,0.1829,18.0,0.3507,88.0,,,0.2646,48.0
2012-10-08,0.1709,36.0,0.1612,23.0,0.2872,62.0,,,0.2601,43.0,0.2107,31.0,0.1819,17.0,0.2872,68.0,,,0.2847,63.0
2012-10-05,0.1777,38.0,0.1681,28.0,0.2395,37.0,,,0.2166,17.0,0.2114,32.0,0.1826,18.0,0.2975,71.0,,,0.2568,42.0
2012-10-04,0.1709,36.0,0.1581,21.0,0.2139,20.0,,,0.3406,76.0,0.2122,34.0,0.182,17.0,0.3163,78.0,,,0.3337,80.0
2012-10-03,0.1846,41.0,0.1644,25.0,0.2363,34.0,,,0.2744,51.0,0.2121,34.0,0.1818,17.0,0.3205,79.0,,,0.3167,75.0
2012-10-02,0.1844,41.0,0.1624,24.0,0.2833,61.0,,,0.2928,59.0,0.2127,34.0,0.1818,17.0,0.2833,66.0,,,0.3058,71.0
2012-10-01,0.1925,45.0,0.1702,28.0,0.2968,66.0,,,0.4335,93.0,0.2124,34.0,0.1822,17.0,0.2968,71.0,,,0.305,71.0
2012-09-28,0.1815,40.0,0.1579,21.0,0.2808,59.0,,,0.2991,62.0,0.2128,34.0,0.1823,17.0,0.3134,77.0,,,0.2991,69.0
2012-09-27,0.1306,18.0,0.142,13.0,0.2415,38.0,,,0.3078,65.0,0.2117,33.0,0.1824,18.0,0.2878,68.0,,,0.3195,76.0
2012-09-26,0.1284,17.0,0.1364,10.0,0.2475,43.0,,,0.2551,39.0,0.2114,32.0,0.1819,17.0,0.2642,56.0,,,0.3397,82.0
2012-09-25,0.1439,25.0,0.1353,9.0,0.2979,66.0,,,0.3347,74.0,0.2114,32.0,0.1818,17.0,0.3089,76.0,,,0.3347,80.0
2012-09-24,0.1168,13.0,0.1213,5.0,0.2121,19.0,,,0.2452,33.0,0.2107,31.0,0.1816,16.0,0.2969,71.0,,,0.3376,81.0
2012-09-21,0.1292,18.0,0.1272,6.0,0.2182,22.0,,,0.2611,43.0,0.2116,33.0,0.1827,18.0,0.2568,51.0,,,0.2893,65.0
2012-09-20,0.1148,12.0,0.1197,5.0,0.2569,49.0,,,0.244,32.0,0.2108,31.0,0.1825,18.0,0.2569,51.0,,,0.3236,77.0
2012-09-19,0.1182,13.0,0.1159,4.0,0.2172,22.0,,,0.2275,22.0,0.2138,36.0,0.1833,19.0,0.3064,74.0,,,0.2813,60.0
2012-09-18,0.1276,17.0,0.1203,5.0,0.2846,61.0,,,0.2542,39.0,0.214,36.0,0.1836,19.0,0.2846,67.0,,,0.3088,72.0
2012-09-17,0.1163,13.0,0.1128,3.0,0.255,47.0,,,0.2917,59.0,0.2141,37.0,0.1837,19.0,0.2729,61.0,,,0.2958,68.0
2012-09-14,0.1208,14.0,0.1098,3.0,0.2628,51.0,,,0.267,47.0,0.2141,37.0,0.1837,19.0,0.2628,55.0,,,0.3164,75.0
2012-09-10,0.1329,20.0,0.1162,4.0,0.1903,11.0,,,0.3348,74.0,0.2139,36.0,0.1837,19.0,0.327,82.0,,,0.3348,80.0
2012-09-07,0.1241,15.0,0.112,3.0,0.2948,65.0,,,0.2242,21.0,0.2137,36.0,0.1836,19.0,0.2948,71.0,,,0.3376,81.0
2012-09-06,0.1211,14.0,0.1148,4.0,0.282,60.0,,,0.248,35.0,0.2173,40.0,0.1851,21.0,0.282,65.0,,,0.3383,82.0
2012-09-05,0.1017,8.0,0.1173,4.0,0.2499,44.0,,,0.2548,39.0,0.2174,40.0,0.1856,21.0,0.3092,76.0,,,0.3567,86.0
2012-09-04,0.0958,7.0,0.1235,6.0,0.2261,27.0,,,0.3016,63.0,0.2184,41.0,0.1875,23.0,0.2701,60.0,,,0.3767,90.0
2012-08-31,0.0536,1.0,0.1101,3.0,0.2001,15.0,,,0.3336,74.0,0.2176,40.0,0.1871,23.0,0.318,78.0,,,0.3248,78.0
2012-08-30,0.0798,3.0,0.107,2.0,0.2092,18.0,,,0.2595,42.0,0.2177,40.0,0.1871,23.0,0.2915,69.0,,,0.3372,81.0
2012-08-29,0.0772,3.0,0.1115,3.0,0.2286,28.0,,,0.3056,64.0,0.219,41.0,0.1877,24.0,0.3061,74.0,,,0.3177,75.0
2012-08-28,0.0795,3.0,0.1105,3.0,0.2721,56.0,,,0.2777,53.0,0.219,41.0,0.1879,24.0,0.2911,69.0,,,0.3338,80.0
2012-08-27,0.1251,16.0,0.1126,3.0,0.2236,26.0,,,0.2378,28.0,0.2202,42.0,0.189,25.0,0.3079,75.0,,,0.314,74.0
2012-08-24,0.1289,17.0,0.109,3.0,0.2711,56.0,,,0.3457,77.0,0.2202,42.0,0.1889,25.0,0.3199,79.0,,,0.3457,83.0
2012-08-23,0.1331,20.0,0.1155,4.0,0.1738,7.0,,,0.3042,64.0,0.2219,43.0,0.1895,26.0,0.3031,73.0,,,0.3179,75.0
2012-08-22,0.1435,24.0,0.1226,5.0,0.2058,17.0,,,0.2609,43.0,0.2219,43.0,0.1898,26.0,0.3397,85.0,,,0.3113,73.0
2012-08-21,0.13,18.0,0.1274,7.0,0.1856,10.0,,,0.2543,39.0,0.2215,42.0,0.1908,28.0,0.3396,85.0,,,0.314,74.0
2012-08-20,0.1318,19.0,0.1296,7.0,0.3028,68.0,,,0.3263,71.0,0.2215,42.0,0.1909,28.0,0.3334,84.0,,,0.3043,71.0
2012-08-17,0.1462,25.0,0.1371,10.0,0.281,60.0,,,0.3323,73.0,0.2226,43.0,0.192,28.0,0.3088,75.0,,,0.3194,76.0
2012-08-16,0.0963,7.0,0.1427,13.0,0.2988,67.0,,,0.2875,57.0,0.2215,42.0,0.1918,28.0,0.3188,79.0,,,0.3056,71.0
2012-08-15,0.161,32.0,0.1735,31.0,0.3009,67.0,,,0.2971,61.0,0.2219,43.0,0.1925,30.0,0.326,81.0,,,0.3254,78.0
2012-08-14,0.2669,71.0,0.2371,69.0,0.2791,59.0,,,0.2716,50.0,0.2217,43.0,0.192,28.0,0.3201,79.0,,,0.2919,66.0
2012-08-13,0.2728,72.0,0.2652,78.0,0.2622,51.0,,,0.3394,76.0,0.2227,43.0,0.1923,28.0,0.3091,76.0,,,0.2958,68.0
2012-08-10,0.343,84.0,0.292,84.0,0.2882,62.0,,,0.3857,87.0,0.223,43.0,0.1926,30.0,0.2794,64.0,,,0.3087,72.0
2012-08-09,0.3487,85.0,0.295,85.0,0.2688,55.0,,,0.2877,57.0,0.224,44.0,0.1931,30.0,0.3029,73.0,,,0.3477,84.0
2012-08-08,0.3549,86.0,0.2962,85.0,0.3037,68.0,,,0.3788,85.0,0.2253,45.0,0.193,30.0,0.2813,65.0,,,0.3508,85.0
2012-08-07,0.3851,89.0,0.2942,85.0,0.2853,61.0,,,0.3353,74.0,0.2258,46.0,0.1939,31.0,0.3037,73.0,,,0.312,73.0
2012-08-06,0.3905,90.0,0.2953,85.0,0.3146,72.0,,,0.3639,82.0,0.2247,45.0,0.193,30.0,0.2804,65.0,,,0.3629,88.0
2012-08-03,0.4056,91.0,0.2673,79.0,0.3013,68.0,,,0.3335,74.0,0.2209,42.0,0.1929,30.0,0.3809,93.0,,,0.3699,89.0
2012-08-02,0.3925,90.0,0.2433,71.0,0.2972,66.0,,,0.4143,91.0,0.218,40.0,0.1958,32.0,0.3251,81.0,,,0.3412,82.0
2012-08-01,0.2313,60.0,0.2175,59.0,0.8621,100.0,,,0.3686,83.0,0.2068,28.0,0.1937,31.0,0.4094,96.0,,,0.3821,91.0
2012-07-31,0.2316,60.0,0.2147,57.0,0.4524,96.0,,,0.3601,81.0,0.2068,28.0,0.1932,30.0,0.41,96.0,,,0.341,82.0
2012-07-30,0.2344,61.0,0.2113,56.0,0.383,89.0,,,0.3219,70.0,0.2062,27.0,0.1929,30.0,0.3628,91.0,,,0.373,90.0
2012-07-27,0.2343,61.0,0.2112,56.0,0.2985,67.0,,,0.3955,88.0,0.2057,27.0,0.1928,30.0,0.2816,65.0,,,0.3924,93.0
2012-07-26,0.1048,9.0,0.1921,44.0,0.5496,99.0,,,0.3138,67.0,0.2022,24.0,0.1917,28.0,0.3564,90.0,,,0.3445,83.0
2012-07-25,0.0971,7.0,0.1641,25.0,0.363,85.0,,,0.6807,100.0,0.2006,23.0,0.1905,27.0,0.3457,87.0,,,0.3631,88.0
2012-07-24,0.0982,7.0,0.1529,18.0,0.3806,88.0,,,0.422,92.0,0.2016,24.0,0.1908,28.0,0.3792,93.0,,,0.4037,94.0
2012-07-23,0.1166,13.0,0.1491,16.0,0.3604,85.0,,,0.7334,100.0,0.2008,23.0,0.1905,27.0,0.419,97.0,,,0.3904,92.0
2012-07-20,0.1126,11.0,0.1472,15.0,0.3882,89.0,,,0.3847,86.0,0.2007,23.0,0.1907,28.0,0.4326,98.0,,,0.3521,85.0
2012-07-19,0.0859,5.0,0.1482,16.0,0.3611,85.0,,,0.4922,97.0,0.1997,22.0,0.1905,27.0,0.3611,91.0,,,0.4175,95.0
2012-07-18,0.1112,11.0,0.1568,21.0,0.3489,82.0,,,0.4704,96.0,0.2,23.0,0.1912,28.0,0.3512,89.0,,,0.3675,89.0
2012-07-17,0.1125,11.0,0.1509,17.0,0.4987,98.0,,,0.457,95.0,0.2006,23.0,0.1912,28.0,0.3618,91.0,,,0.3816,91.0
2012-07-16,0.1477,26.0,0.1442,14.0,0.3811,88.0,,,0.352,79.0,0.2007,23.0,0.1908,28.0,0.3834,94.0,,,0.352,85.0
2012-07-13,0.1558,28.0,0.1487,16.0,0.339,79.0,,,0.796,100.0,0.2009,23.0,0.1908,28.0,0.3503,88.0,,,0.3488,85.0
2012-07-12,0.1776,38.0,0.1489,16.0,0.3218,74.0,,,0.4028,89.0,0.2032,25.0,0.191,28.0,0.3177,78.0,,,0.3461,84.0
2012-07-11,0.1862,42.0,0.1436,13.0,0.3705,87.0,,,0.3633,81.0,0.2031,25.0,0.1918,28.0,0.3705,92.0,,,0.4064,94.0
2012-07-10,0.253,67.0,0.1537,19.0,0.4273,94.0,,,0.3958,88.0,0.203,25.0,0.1925,30.0,0.4247,97.0,,,0.3265,78.0
2012-07-09,0.2536,67.0,0.1894,43.0,0.3249,75.0,,,0.4148,91.0,0.2025,24.0,0.1922,28.0,0.3331,83.0,,,0.2899,65.0
2012-07-06,0.2733,72.0,0.1969,47.0,0.3624,85.0,,,0.3131,67.0,0.2028,25.0,0.1929,30.0,0.3499,88.0,,,0.2726,54.0
2012-07-05,0.2356,61.0,0.1974,48.0,0.3669,86.0,,,0.3121,67.0,0.2145,37.0,0.1973,33.0,0.3809,93.0,,,0.3421,83.0
2012-07-03,0.2841,75.0,0.2004,49.0,0.2913,64.0,,,0.4404,94.0,0.2141,37.0,0.1973,33.0,0.3142,77.0,,,0.3241,77.0
2012-07-02,0.2769,73.0,0.1918,44.0,0.3145,72.0,,,0.4111,91.0,0.213,35.0,0.1971,33.0,0.3018,73.0,,,0.2982,69.0
2012-06-29,0.3302,82.0,0.2228,61.0,0.3743,87.0,,,0.3355,74.0,0.2128,34.0,0.1973,33.0,0.3359,84.0,,,0.3482,84.0
2012-06-28,0.2625,70.0,0.2161,57.0,0.331,77.0,,,0.5968,99.0,0.2091,30.0,0.1981,34.0,0.331,83.0,,,0.2633,47.0
2012-06-27,0.2629,70.0,0.1745,32.0,0.3194,74.0,,,0.4511,95.0,0.2086,28.0,0.196,32.0,0.3194,79.0,,,0.361,88.0
2012-06-26,0.2242,57.0,0.1681,28.0,0.3207,74.0,,,0.3713,83.0,0.208,28.0,0.196,32.0,0.3207,79.0,,,0.292,66.0
2012-06-25,0.2451,64.0,0.1789,35.0,0.35,82.0,,,0.3818,86.0,0.2101,31.0,0.1967,32.0,0.35,88.0,,,0.3145,74.0
2012-06-22,0.2123,53.0,0.1711,30.0,0.3084,70.0,,,0.3497,78.0,0.2078,28.0,0.1963,32.0,0.3491,88.0,,,0.3259,78.0
2012-06-21,0.2105,52.0,0.174,32.0,0.361,85.0,,,0.4289,93.0,0.2081,28.0,0.1964,32.0,0.361,91.0,,,0.2657,49.0
2012-06-20,0.1285,17.0,0.1391,11.0,0.3035,68.0,,,0.2867,57.0,0.2051,26.0,0.195,31.0,0.3035,73.0,,,0.3196,76.0
2012-06-19,0.1391,22.0,0.1507,17.0,0.3682,86.0,,,0.3281,72.0,0.2051,26.0,0.1959,32.0,0.3347,84.0,,,0.3299,79.0
2012-06-18,0.1614,32.0,0.1699,28.0,0.3499,82.0,,,0.4366,94.0,0.2117,33.0,0.1965,32.0,0.319,79.0,,,0.3528,86.0
2012-06-15,0.1609,32.0,0.1703,28.0,0.3487,82.0,,,0.4283,93.0,0.2121,34.0,0.1975,33.0,0.3215,80.0,,,0.3614,88.0
2012-06-14,0.2037,50.0,0.1704,28.0,0.3681,86.0,,,0.4001,89.0,0.2125,34.0,0.1994,35.0,0.3486,88.0,,,0.3672,89.0
2012-06-13,0.2139,54.0,0.1972,48.0,0.3915,90.0,,,0.341,76.0,0.2126,34.0,0.2003,35.0,0.3639,91.0,,,0.3467,84.0
2012-06-12,0.192,45.0,0.1946,46.0,0.3901,90.0,,,0.3557,80.0,0.2129,35.0,0.2009,36.0,0.3508,89.0,,,0.3385,82.0
2012-06-11,0.2704,72.0,0.191,44.0,0.4486,96.0,,,0.3565,80.0,0.2135,36.0,0.2027,37.0,0.391,95.0,,,0.3594,87.0
2012-06-08,0.2565,68.0,0.1902,43.0,0.3413,80.0,,,0.4785,97.0,0.2167,39.0,0.2031,37.0,0.3543,89.0,,,0.3703,89.0
2012-06-07,0.2989,78.0,0.1923,44.0,0.4098,92.0,,,0.3268,71.0,0.2183,41.0,0.2037,38.0,0.354,89.0,,,0.3394,82.0
2012-06-06,0.3177,81.0,0.1955,47.0,0.4369,95.0,,,0.4794,97.0,0.2259,46.0,0.2056,39.0,0.3115,76.0,,,0.4119,95.0
2012-06-05,0.2693,71.0,0.1849,40.0,0.3387,79.0,,,0.5046,98.0,0.2231,43.0,0.2061,39.0,0.3457,87.0,,,0.4159,95.0
2012-06-04,0.2582,68.0,0.1678,27.0,0.4707,97.0,,,0.4119,91.0,0.2218,43.0,0.205,39.0,0.3845,94.0,,,0.4119,95.0
2012-05-31,0.2658,71.0,0.2064,53.0,0.3995,91.0,,,0.3685,83.0,0.2214,42.0,0.2071,40.0,0.3495,88.0,,,0.3554,86.0
2012-05-25,0.2011,49.0,0.186,40.0,0.3075,69.0,,,0.2993,62.0,0.2319,50.0,0.2074,41.0,0.3418,86.0,,,0.3269,78.0
2012-05-24,0.2016,49.0,0.1829,38.0,0.2843,61.0,,,0.3724,84.0,0.2409,54.0,0.2085,42.0,0.325,81.0,,,0.3599,87.0
2012-05-23,0.1952,46.0,0.1758,33.0,0.2724,56.0,,,0.4085,90.0,0.2403,54.0,0.2083,42.0,0.2724,61.0,,,0.4039,94.0
2012-05-22,0.1262,16.0,0.142,13.0,0.3637,85.0,,,0.2873,57.0,0.2397,53.0,0.2074,41.0,0.3484,88.0,,,0.2873,64.0
2012-05-21,0.1104,11.0,0.1329,9.0,0.3427,80.0,,,0.4073,90.0,0.2391,53.0,0.2079,41.0,0.3184,79.0,,,0.3642,88.0
2012-05-17,0.2154,55.0,0.1512,17.0,0.3575,84.0,,,0.3743,84.0,0.2397,53.0,0.208,41.0,0.3499,88.0,,,0.3743,90.0
2012-05-16,0.2403,63.0,0.2318,66.0,0.4364,94.0,,,0.4265,93.0,0.2401,53.0,0.2088,42.0,0.3379,85.0,,,0.4265,96.0
2012-05-14,0.3491,85.0,0.2786,82.0,0.6881,100.0,,,0.3482,78.0,0.2415,54.0,0.211,44.0,0.3345,84.0,,,0.3274,79.0
2012-05-11,0.3589,87.0,0.2897,84.0,0.3622,85.0,,,0.2549,39.0,0.2419,54.0,0.2111,44.0,0.3805,93.0,,,0.3377,81.0
2012-05-10,0.3598,87.0,0.2952,85.0,0.3735,87.0,,,0.2743,51.0,0.2461,56.0,0.2127,46.0,0.3408,86.0,,,0.3369,81.0
2012-05-09,0.3549,86.0,0.2979,85.0,0.3887,90.0,,,0.3173,68.0,0.2466,56.0,0.2135,47.0,0.3649,91.0,,,0.3323,80.0
2012-05-08,0.2841,75.0,0.2846,83.0,0.2283,28.0,,,0.9229,100.0,0.2475,57.0,0.2133,46.0,0.2615,54.0,,,0.3661,88.0
2012-05-07,0.2833,75.0,0.2325,67.0,0.6852,100.0,,,1.2005,100.0,0.2479,57.0,0.211,44.0,0.2882,68.0,,,0.3945,93.0
2012-05-03,0.1593,31.0,0.1852,40.0,0.5676,99.0,,,0.5814,99.0,0.2417,54.0,0.2096,43.0,0.3693,92.0,,,0.3229,77.0
2012-05-02,0.1131,11.0,0.1765,34.0,0.4075,92.0,,,0.3477,78.0,0.2408,54.0,0.2104,43.0,0.3018,73.0,,,0.3477,84.0
2012-05-01,0.134,20.0,0.1715,30.0,0.5132,98.0,,,0.367,82.0,0.2489,57.0,0.2168,50.0,0.3698,92.0,,,0.3071,72.0
2012-04-30,0.1269,17.0,0.1654,26.0,0.503,98.0,,,0.361,81.0,0.2549,61.0,0.2177,52.0,0.3834,94.0,,,0.3789,91.0
2012-04-27,0.129,17.0,0.1651,26.0,0.518,98.0,,,0.3369,75.0,0.2631,64.0,0.2201,54.0,0.357,90.0,,,0.3565,86.0
2012-04-26,0.1462,25.0,0.1579,21.0,0.3921,90.0,,,0.3398,76.0,0.2628,64.0,0.2199,54.0,0.3601,90.0,,,0.3652,88.0
2012-04-25,0.1693,35.0,0.1718,30.0,0.3256,75.0,,,0.2971,61.0,0.2735,66.0,0.2217,55.0,0.3256,81.0,,,0.36,87.0
2012-04-24,0.1573,30.0,0.1711,30.0,0.3349,78.0,,,0.4655,96.0,0.2734,66.0,0.2229,56.0,0.3557,90.0,,,0.3716,89.0
2012-04-20,0.2143,54.0,0.1833,38.0,0.266,53.0,,,0.2542,39.0,0.2779,67.0,0.2265,57.0,0.3154,78.0,,,0.3257,78.0
2012-04-19,0.2344,61.0,0.1815,37.0,0.3617,85.0,,,0.3885,87.0,0.2822,67.0,0.2277,59.0,0.3524,89.0,,,0.3364,81.0
2012-04-18,0.2375,62.0,0.1794,36.0,0.3552,84.0,,,0.3263,71.0,0.2822,67.0,0.2287,60.0,0.3552,89.0,,,0.3263,78.0
2012-04-17,0.2394,63.0,0.1782,35.0,0.2673,54.0,,,0.3045,64.0,0.2837,68.0,0.2304,62.0,0.3311,83.0,,,0.3272,78.0
2012-04-16,0.2144,54.0,0.1675,27.0,0.3237,75.0,,,0.3624,81.0,0.2835,68.0,0.232,63.0,0.3176,78.0,,,0.3616,88.0
2012-04-13,0.2207,56.0,0.1723,31.0,0.3786,88.0,,,0.2919,59.0,0.288,68.0,0.2336,64.0,0.3528,89.0,,,0.2919,66.0
2012-04-12,0.1858,42.0,0.171,30.0,0.2753,57.0,,,0.4192,92.0,0.289,69.0,0.2355,64.0,0.2918,69.0,,,0.3263,78.0
2012-04-11,0.1479,26.0,0.154,19.0,0.3072,69.0,,,0.3486,78.0,0.2887,69.0,0.2354,64.0,0.3092,76.0,,,0.3509,85.0
2012-04-10,0.073,2.0,0.1551,20.0,0.3554,84.0,,,0.3288,72.0,0.2881,68.0,0.2357,65.0,0.3138,77.0,,,0.3156,75.0
2012-04-09,0.0939,6.0,0.1585,21.0,0.2964,66.0,,,0.3545,79.0,0.288,68.0,0.236,65.0,0.3,72.0,,,0.3314,80.0
2012-04-05,0.1002,8.0,0.1794,36.0,0.284,61.0,,,0.2894,57.0,0.2893,69.0,0.2363,65.0,0.301,72.0,,,0.3026,70.0
2012-04-04,0.1007,8.0,0.1754,33.0,0.2172,22.0,,,0.3103,66.0,0.2908,69.0,0.2375,65.0,0.2942,70.0,,,0.3011,70.0
2012-04-03,0.2041,50.0,0.1787,35.0,0.2719,56.0,,,0.2969,61.0,0.2905,69.0,0.2377,65.0,0.3097,76.0,,,0.3207,76.0
2012-04-02,0.1929,45.0,0.1667,27.0,0.2872,62.0,,,0.2872,57.0,0.2901,69.0,0.2389,66.0,0.3087,75.0,,,0.3105,73.0
2012-03-30,0.2013,49.0,0.1726,31.0,0.324,75.0,,,0.2774,52.0,0.302,72.0,0.2465,69.0,0.3297,83.0,,,0.3228,77.0
2012-03-29,0.2073,51.0,0.1739,32.0,0.2867,62.0,,,0.3347,74.0,0.3116,74.0,0.2522,72.0,0.3091,76.0,,,0.3212,76.0
2012-03-28,0.2048,50.0,0.1686,28.0,0.2948,65.0,,,0.2744,51.0,0.3117,74.0,0.2572,73.0,0.325,81.0,,,0.3302,79.0
2012-03-27,0.1923,45.0,0.1412,12.0,0.3051,69.0,,,0.313,67.0,0.3113,74.0,0.2584,73.0,0.308,75.0,,,0.3056,71.0
2012-03-26,0.1915,44.0,0.1388,11.0,0.3002,67.0,,,0.3524,79.0,0.3212,77.0,0.2646,75.0,0.3003,72.0,,,0.3265,78.0
2012-03-23,0.106,9.0,0.1258,6.0,0.2757,57.0,,,0.3355,74.0,0.3227,77.0,0.2662,76.0,0.312,76.0,,,0.3176,75.0
2012-03-22,0.1051,9.0,0.1206,5.0,0.276,57.0,,,0.226,21.0,0.326,77.0,0.2688,76.0,0.3118,76.0,,,0.3158,75.0
2012-03-21,0.2007,48.0,0.1493,16.0,0.3173,73.0,,,0.2621,44.0,0.3268,77.0,0.2699,77.0,0.3106,76.0,,,0.3092,72.0
2012-03-20,0.2096,52.0,0.1578,21.0,0.3086,70.0,,,0.2794,54.0,0.3279,78.0,0.2705,77.0,0.3383,85.0,,,0.35,85.0
2012-03-19,0.2213,57.0,0.1911,44.0,0.3281,76.0,,,0.2957,61.0,0.3331,78.0,0.2734,79.0,0.2971,71.0,,,0.3007,70.0
2012-03-16,0.213,54.0,0.1933,45.0,0.2852,61.0,,,0.2864,57.0,0.3332,78.0,0.2751,79.0,0.2806,65.0,,,0.3024,70.0
2012-03-15,0.2056,51.0,0.1964,47.0,0.2627,51.0,,,0.2958,61.0,0.3354,79.0,0.2754,80.0,0.2809,65.0,,,0.3207,76.0
2012-03-14,0.2478,65.0,0.199,49.0,0.3113,71.0,,,0.3029,63.0,0.3354,79.0,0.2761,80.0,0.2826,66.0,,,0.3097,73.0
2012-03-13,0.2455,65.0,0.2017,50.0,0.2994,67.0,,,0.3382,75.0,0.3356,79.0,0.2767,80.0,0.2923,69.0,,,0.3292,79.0
2012-03-12,0.1993,48.0,0.197,47.0,0.3046,68.0,,,0.2692,48.0,0.3337,78.0,0.2781,80.0,0.2793,64.0,,,0.306,71.0
2012-03-09,0.189,43.0,0.1891,42.0,0.3112,71.0,,,0.2923,59.0,0.3342,79.0,0.2782,80.0,0.3002,72.0,,,0.3114,73.0
2012-03-08,0.1744,37.0,0.1706,28.0,0.308,69.0,,,0.2596,42.0,0.3336,78.0,0.2777,80.0,0.3385,85.0,,,0.3559,86.0
2012-03-07,0.1599,31.0,0.1734,31.0,0.2816,60.0,,,0.3376,75.0,0.3364,79.0,0.2785,80.0,0.2816,65.0,,,0.3376,81.0
2012-03-06,0.1486,26.0,0.1903,43.0,0.2959,66.0,,,0.3257,71.0,0.3369,79.0,0.2788,80.0,0.3248,81.0,,,0.3257,78.0
2012-03-05,0.1394,23.0,0.1843,39.0,0.2443,40.0,,,0.3298,72.0,0.3391,80.0,0.2789,81.0,0.2833,66.0,,,0.3311,80.0
2012-03-02,0.1883,43.0,0.1993,49.0,0.2498,44.0,,,0.3381,75.0,0.3392,80.0,0.2798,81.0,0.2498,45.0,,,0.3381,81.0
2012-02-27,0.1525,28.0,0.179,35.0,0.195,13.0,,,0.3717,83.0,0.3454,83.0,0.2829,81.0,0.2579,52.0,,,0.4262,95.0
2012-02-24,0.1698,35.0,0.1687,28.0,0.1719,7.0,,,0.38,85.0,0.3523,84.0,0.2846,81.0,0.1719,5.0,,,0.38,91.0
2012-02-22,0.2141,54.0,0.1608,23.0,0.2668,54.0,,,0.4013,89.0,0.3526,85.0,0.2876,81.0,0.2839,66.0,,,0.3002,69.0
2012-02-21,0.2238,57.0,0.1866,41.0,0.3173,73.0,,,0.3139,67.0,0.3527,85.0,0.2889,81.0,0.3455,87.0,,,0.3377,81.0
2012-02-17,0.2243,57.0,0.1836,38.0,0.2595,50.0,,,0.3086,66.0,0.3583,87.0,0.2918,82.0,0.3058,74.0,,,0.2999,69.0
2012-02-16,0.2526,67.0,0.2498,74.0,0.2069,17.0,,,0.3503,79.0,0.3583,87.0,0.2928,82.0,0.284,67.0,,,0.3481,84.0
2012-02-15,0.241,63.0,0.307,86.0,0.2996,67.0,,,0.401,89.0,0.3575,86.0,0.2959,82.0,0.315,77.0,,,0.3245,78.0
2012-02-14,0.2359,61.0,0.3047,86.0,0.3049,69.0,,,0.282,55.0,0.3675,89.0,0.2976,82.0,0.31,76.0,,,0.3034,71.0
2012-02-13,0.1895,44.0,0.297,85.0,0.2712,56.0,,,0.2989,62.0,0.3669,89.0,0.298,82.0,0.2924,69.0,,,0.3154,75.0
2012-02-10,0.1787,39.0,0.2952,85.0,0.2642,52.0,,,0.3862,87.0,0.3659,89.0,0.2986,82.0,0.318,78.0,,,0.3352,81.0
2012-02-09,0.1734,37.0,0.281,82.0,0.2983,66.0,,,0.2962,61.0,0.3671,89.0,0.2983,82.0,0.3211,80.0,,,0.2882,64.0
2012-02-08,0.1464,25.0,0.2796,82.0,0.2863,62.0,,,0.3204,69.0,0.367,89.0,0.2994,82.0,0.2863,67.0,,,0.3337,80.0
2012-02-07,0.0889,5.0,0.2354,68.0,0.2666,54.0,,,0.4392,94.0,0.3729,90.0,0.3027,82.0,0.2666,57.0,,,0.346,84.0
2012-02-06,0.109,10.0,0.158,21.0,0.3121,71.0,,,0.598,99.0,0.3819,91.0,0.3015,82.0,0.2992,72.0,,,0.3226,77.0
2012-02-03,0.0859,5.0,0.1598,22.0,0.3339,78.0,,,0.3458,77.0,0.3849,91.0,0.3087,83.0,0.3639,91.0,,,0.3458,84.0
2012-02-02,0.0894,5.0,0.1703,28.0,0.4544,96.0,,,0.6579,100.0,0.3954,92.0,0.3123,84.0,0.3216,80.0,,,0.3185,76.0
2012-02-01,0.0911,6.0,0.1689,28.0,0.3539,83.0,,,0.2849,56.0,0.3957,92.0,0.3144,84.0,0.3608,91.0,,,0.3199,76.0
2012-01-31,0.1076,10.0,0.183,38.0,0.3628,85.0,,,0.3075,65.0,0.3988,92.0,0.3162,84.0,0.3628,91.0,,,0.2583,43.0
2012-01-30,0.1207,14.0,0.1828,38.0,0.2837,61.0,,,0.3494,78.0,0.4,92.0,0.3171,85.0,0.2977,72.0,,,0.3436,83.0
2012-01-27,0.1183,13.0,0.169,28.0,0.2455,41.0,,,0.3273,71.0,0.4066,92.0,0.3213,85.0,0.2455,41.0,,,0.3535,86.0
2012-01-23,0.1634,32.0,0.1877,42.0,0.3641,86.0,,,0.3836,86.0,0.4112,93.0,0.3255,87.0,0.3982,95.0,,,0.3836,91.0
2012-01-06,0.189,43.0,0.1861,40.0,0.342,80.0,,,0.44,94.0,0.408,92.0,0.323,86.0,0.342,86.0,,,0.3358,81.0
2012-01-03,0.1959,46.0,0.1827,38.0,0.3608,85.0,,,0.3181,68.0,0.4089,92.0,0.3233,86.0,0.3608,91.0,,,0.3181,75.0
2011-12-28,0.2925,77.0,0.1973,48.0,0.3637,85.0,,,0.2822,55.0,0.4085,92.0,0.3225,86.0,0.3773,93.0,,,0.2822,61.0
2011-12-21,0.3016,78.0,0.2717,80.0,0.5605,99.0,,,0.4606,95.0,0.4087,92.0,0.3223,86.0,0.4287,97.0,,,0.4606,98.0
2011-12-19,0.2757,73.0,0.2824,82.0,0.3863,89.0,,,0.43,93.0,0.4051,92.0,0.3217,85.0,0.3863,94.0,,,0.43,96.0
2011-12-16,0.3451,84.0,0.2943,85.0,0.4651,97.0,,,0.3648,82.0,0.4052,92.0,0.322,85.0,0.4651,99.0,,,0.3648,88.0
2011-12-14,0.3324,83.0,0.2702,80.0,0.3594,85.0,,,0.438,94.0,0.4049,92.0,0.3199,85.0,0.3594,90.0,,,0.3013,70.0
2011-12-12,0.3782,89.0,0.2607,77.0,0.6976,100.0,,,0.356,80.0,0.4044,92.0,0.3188,85.0,0.3934,95.0,,,0.3599,87.0
2011-12-09,0.3454,84.0,0.2577,76.0,0.2458,41.0,,,0.335,74.0,0.4029,92.0,0.3184,85.0,0.278,64.0,,,0.335,81.0
2011-12-08,0.4688,94.0,0.2507,74.0,0.6593,100.0,,,0.3284,72.0,0.4023,92.0,0.318,85.0,0.3909,95.0,,,0.3248,78.0
2011-12-07,0.3804,89.0,0.2271,64.0,0.343,81.0,,,0.3723,84.0,0.3985,92.0,0.3168,85.0,0.3522,89.0,,,0.3662,88.0
2011-12-06,0.4278,92.0,0.2279,64.0,0.3558,84.0,,,0.3789,85.0,0.3984,92.0,0.3161,84.0,0.3558,90.0,,,0.3623,88.0
2011-12-05,0.4274,92.0,0.2275,64.0,0.3181,73.0,,,0.5055,98.0,0.3984,92.0,0.3163,84.0,0.3181,78.0,,,0.3761,90.0
2011-11-30,0.4753,95.0,0.2155,57.0,0.3099,70.0,,,0.369,83.0,0.3973,92.0,0.3151,84.0,0.3099,76.0,,,0.3687,89.0
2011-11-29,0.3447,84.0,0.2063,53.0,0.4517,96.0,,,0.3371,75.0,0.3891,92.0,0.3146,84.0,0.4517,99.0,,,0.296,68.0
2011-11-28,0.3467,85.0,0.2112,56.0,0.3417,80.0,,,0.3728,84.0,0.3892,92.0,0.3142,84.0,0.3417,86.0,,,0.3811,91.0
2011-11-25,0.114,12.0,0.212,56.0,0.3882,89.0,,,0.3761,85.0,0.3833,91.0,0.3141,84.0,0.3882,94.0,,,0.3828,91.0
2011-11-23,0.1477,26.0,0.2266,63.0,0.3498,82.0,,,0.4633,96.0,0.3841,91.0,0.3143,84.0,0.3498,88.0,,,0.4409,96.0
2011-11-18,0.2817,75.0,0.2391,70.0,0.4282,94.0,,,0.4152,91.0,0.3855,91.0,0.3138,84.0,0.444,98.0,,,0.3684,89.0
2011-11-17,0.3728,88.0,0.2505,74.0,0.4221,93.0,,,0.3726,84.0,0.3856,91.0,0.3137,84.0,0.4463,99.0,,,0.3634,88.0
2011-11-16,0.3801,89.0,0.2653,79.0,0.5176,98.0,,,0.4079,90.0,0.3855,91.0,0.3133,84.0,0.4168,97.0,,,0.3533,86.0
2011-11-15,0.3602,87.0,0.2596,77.0,0.3462,81.0,,,0.4045,90.0,0.3872,92.0,0.3128,84.0,0.3462,87.0,,,0.4045,94.0
2011-11-14,0.3577,86.0,0.2588,77.0,0.4078,92.0,,,0.4145,91.0,0.3869,92.0,0.3122,84.0,0.3752,93.0,,,0.3776,90.0
2011-11-10,0.3992,90.0,0.3449,91.0,0.3774,88.0,,,0.3591,80.0,0.3844,91.0,0.3115,84.0,0.4172,97.0,,,0.3591,87.0
2011-11-09,0.4217,92.0,0.348,92.0,0.4111,92.0,,,0.4265,93.0,0.384,91.0,0.311,84.0,0.4111,96.0,,,0.4265,96.0
2011-11-08,0.4385,93.0,0.3643,93.0,0.408,92.0,,,0.4201,92.0,0.3806,91.0,0.3104,84.0,0.3438,87.0,,,0.4406,96.0
2011-11-07,0.4189,92.0,0.349,92.0,0.3896,90.0,,,0.4286,93.0,0.38,90.0,0.3093,83.0,0.389,94.0,,,0.4286,96.0
2011-11-04,0.5793,97.0,0.3622,93.0,0.3761,88.0,,,0.3827,86.0,0.3806,91.0,0.3098,83.0,0.3761,93.0,,,0.3414,82.0
2011-11-03,0.5878,97.0,0.3692,93.0,0.3796,88.0,,,0.3628,81.0,0.3806,91.0,0.3095,83.0,0.3796,93.0,,,0.3628,88.0
2011-11-02,0.5758,97.0,0.3642,93.0,0.4786,97.0,,,0.4317,93.0,0.3801,90.0,0.3091,83.0,0.43,97.0,,,0.4317,96.0
2011-11-01,0.5787,97.0,0.3243,89.0,0.5377,99.0,,,0.3864,87.0,0.3754,90.0,0.3053,83.0,0.3527,89.0,,,0.3864,92.0
2011-10-31,0.5379,96.0,0.3263,89.0,0.4496,96.0,,,0.4145,91.0,0.3723,90.0,0.3048,83.0,0.4088,96.0,,,0.3263,78.0
2011-10-28,0.3958,90.0,0.31,87.0,0.2576,49.0,,,0.4084,90.0,0.367,89.0,0.3034,82.0,0.3533,89.0,,,0.3486,84.0
2011-10-27,0.4574,94.0,0.33,90.0,0.27,55.0,,,0.4258,92.0,0.3671,89.0,0.3034,82.0,0.3472,87.0,,,0.4048,94.0
2011-10-26,0.363,87.0,0.3354,90.0,0.5219,98.0,,,0.4563,95.0,0.3589,87.0,0.3022,82.0,0.3784,93.0,,,0.3772,90.0
2011-10-25,0.4397,93.0,0.3407,91.0,0.3905,90.0,,,0.4082,90.0,0.3584,87.0,0.3009,82.0,0.3795,93.0,,,0.3831,91.0
2011-10-24,0.4495,94.0,0.3572,92.0,0.3403,80.0,,,0.6998,100.0,0.3578,86.0,0.3001,82.0,0.4121,96.0,,,0.3946,93.0
2011-10-21,0.4141,91.0,0.3269,89.0,0.3766,88.0,,,0.5348,98.0,0.3542,85.0,0.2977,82.0,0.3766,93.0,,,0.5348,99.0
2011-10-20,0.3469,85.0,0.3135,87.0,0.6806,100.0,,,0.7227,100.0,0.3511,84.0,0.2969,82.0,0.4844,99.0,,,0.5305,99.0
2011-10-19,0.3494,85.0,0.3037,86.0,0.7701,100.0,,,0.567,99.0,0.3527,85.0,0.2968,82.0,0.5199,99.0,,,0.4158,95.0
2011-10-18,0.3444,84.0,0.2835,83.0,0.5727,99.0,,,0.7789,100.0,0.3516,84.0,0.2954,82.0,0.4423,98.0,,,0.4273,96.0
2011-10-17,0.3669,88.0,0.2714,80.0,0.4569,96.0,,,0.2845,56.0,0.3511,84.0,0.2936,82.0,0.4569,99.0,,,0.2845,63.0
2011-10-14,0.2833,75.0,0.2516,74.0,0.3865,89.0,,,0.4852,97.0,0.3479,83.0,0.292,82.0,0.3865,94.0,,,0.3911,92.0
2011-10-13,0.2212,56.0,0.241,70.0,0.5547,99.0,,,0.3939,88.0,0.3453,82.0,0.2899,82.0,0.3874,94.0,,,0.434,96.0
2011-10-12,0.415,91.0,0.3443,91.0,0.438,95.0,,,0.3488,78.0,0.3455,83.0,0.2896,81.0,0.3672,92.0,,,0.3488,85.0
2011-10-11,0.5564,97.0,0.4081,95.0,0.3956,90.0,,,0.4495,95.0,0.3457,83.0,0.2898,82.0,0.3743,93.0,,,0.4495,97.0
2011-10-10,0.5575,97.0,0.4589,96.0,0.4007,91.0,,,0.4872,97.0,0.3457,83.0,0.2897,81.0,0.3876,94.0,,,0.4173,95.0
2011-10-06,0.6231,98.0,0.5212,98.0,0.4437,95.0,,,0.4643,96.0,0.3431,82.0,0.2884,81.0,0.441,98.0,,,0.4475,97.0
2011-10-04,0.6973,98.0,0.5442,99.0,0.36,85.0,,,0.6354,100.0,0.3434,82.0,0.287,81.0,0.36,90.0,,,0.6354,100.0
2011-10-03,0.5986,98.0,0.4935,97.0,0.7121,100.0,,,0.5043,98.0,0.3323,78.0,0.2808,81.0,0.4822,99.0,,,0.5043,99.0
2011-09-27,0.4763,95.0,0.3502,92.0,0.3562,84.0,,,0.3036,63.0,0.315,75.0,0.2632,74.0,0.3562,90.0,,,0.3036,71.0
2011-09-23,0.324,82.0,0.3015,86.0,0.5628,99.0,,,0.3982,89.0,0.307,73.0,0.2581,73.0,0.4443,98.0,,,0.4146,95.0
2011-09-12,0.4079,91.0,0.2795,82.0,0.4121,92.0,,,0.39,87.0,0.3014,72.0,0.2493,70.0,0.4121,96.0,,,0.39,92.0
2011-08-24,0.4894,95.0,0.374,93.0,0.3714,87.0,,,0.7913,100.0,0.2875,68.0,0.2422,67.0,0.3714,92.0,,,0.3403,82.0
2011-08-23,0.5156,96.0,0.3641,93.0,0.3776,88.0,,,0.766,100.0,0.2876,68.0,0.2411,67.0,0.3776,93.0,,,0.3747,90.0
2011-08-22,0.4134,91.0,0.3366,90.0,0.3935,90.0,,,0.442,94.0,0.2804,67.0,0.2374,65.0,0.3818,93.0,,,0.442,96.0
2011-08-19,0.537,96.0,0.4086,95.0,0.75,100.0,,,0.4593,95.0,0.2805,67.0,0.2368,65.0,0.377,93.0,,,0.3955,93.0
2011-08-18,0.6447,98.0,0.3908,94.0,0.7338,100.0,,,0.4079,90.0,0.2837,68.0,0.2342,64.0,0.3761,93.0,,,0.377,90.0
2011-08-17,0.5649,97.0,0.4604,96.0,0.4757,97.0,,,0.4098,90.0,0.2718,66.0,0.2318,63.0,0.4757,99.0,,,0.3366,81.0
2011-08-16,0.7091,98.0,0.4925,97.0,0.3991,91.0,,,0.8046,100.0,0.2725,66.0,0.2312,62.0,0.3991,96.0,,,0.365,88.0
2011-08-15,0.7112,99.0,0.5085,98.0,0.3993,91.0,,,0.439,94.0,0.2725,66.0,0.2309,62.0,0.3993,96.0,,,0.3552,86.0
2011-08-12,0.7198,99.0,0.5227,98.0,0.4081,92.0,,,0.6182,100.0,0.2706,65.0,0.2307,62.0,0.4081,96.0,,,0.3616,88.0
2011-08-11,0.7162,99.0,0.5206,98.0,0.3855,89.0,,,0.4055,90.0,0.2709,65.0,0.2291,61.0,0.3464,87.0,,,0.3432,83.0
2011-08-10,0.595,97.0,0.511,98.0,0.757,100.0,,,0.4107,91.0,0.261,64.0,0.2217,55.0,0.3954,95.0,,,0.3715,89.0
2011-08-09,0.5549,97.0,0.52,98.0,0.3618,85.0,,,1.1581,100.0,0.2485,57.0,0.219,53.0,0.3618,91.0,,,0.3244,77.0
2011-08-08,0.4558,94.0,0.4465,96.0,0.6865,100.0,,,0.3225,70.0,0.2431,55.0,0.2087,42.0,0.3635,91.0,,,0.3225,77.0
2011-08-05,0.3721,88.0,0.4053,95.0,0.4139,93.0,,,0.8208,100.0,0.2265,46.0,0.2038,38.0,0.3746,93.0,,,0.3106,73.0
2011-08-04,0.3208,81.0,0.3929,94.0,0.3998,91.0,,,0.3018,63.0,0.2363,52.0,0.2039,38.0,0.3998,96.0,,,0.2981,69.0
2011-08-03,0.3389,84.0,0.3683,93.0,0.5406,99.0,,,0.589,99.0,0.2321,50.0,0.2014,36.0,0.3716,92.0,,,0.2861,63.0
2011-08-02,0.3419,84.0,0.3522,92.0,0.4213,93.0,,,0.2977,61.0,0.2304,49.0,0.1998,35.0,0.3396,85.0,,,0.2768,57.0
2011-07-29,0.2813,75.0,0.2101,55.0,0.2868,62.0,,,0.4316,93.0,0.216,39.0,0.1889,25.0,0.2888,68.0,,,0.3382,82.0
2011-07-28,0.2659,71.0,0.1949,46.0,0.4213,93.0,,,0.2598,42.0,0.2164,39.0,0.1879,24.0,0.3265,82.0,,,0.2935,67.0
2011-07-27,0.3555,86.0,0.2031,51.0,0.346,81.0,,,0.2172,17.0,0.2156,38.0,0.1878,24.0,0.3222,80.0,,,0.2396,27.0
2011-07-26,0.2984,78.0,0.1907,43.0,0.2836,61.0,,,0.2972,61.0,0.2196,41.0,0.189,25.0,0.2853,67.0,,,0.2771,57.0
2011-07-25,0.2981,78.0,0.1905,43.0,0.2722,56.0,,,0.3089,66.0,0.2198,41.0,0.1892,25.0,0.2722,61.0,,,0.307,72.0
2011-07-22,0.285,75.0,0.1951,46.0,0.2588,50.0,,,0.3279,72.0,0.22,42.0,0.1899,27.0,0.264,56.0,,,0.2976,68.0
2011-07-21,0.2866,76.0,0.2026,51.0,0.2378,35.0,,,0.3036,63.0,0.22,42.0,0.1898,26.0,0.3003,72.0,,,0.352,85.0
2011-07-20,0.2733,72.0,0.2122,56.0,0.2967,66.0,,,0.313,67.0,0.2192,41.0,0.1897,26.0,0.2967,71.0,,,0.311,73.0
2011-07-19,0.2723,72.0,0.207,54.0,0.2403,37.0,,,0.3947,88.0,0.2178,40.0,0.1891,25.0,0.2569,51.0,,,0.3051,71.0
2011-07-18,0.1695,35.0,0.1878,42.0,0.2949,65.0,,,0.2629,45.0,0.2132,35.0,0.1885,25.0,0.2949,71.0,,,0.2735,55.0
2011-07-15,0.1439,25.0,0.1693,28.0,0.3226,75.0,,,0.3316,73.0,0.2135,36.0,0.189,25.0,0.3226,80.0,,,0.2773,57.0
2011-07-14,0.1686,34.0,0.1729,31.0,0.1933,12.0,,,0.294,60.0,0.2139,36.0,0.1892,25.0,0.3412,86.0,,,0.2581,43.0
2011-07-13,0.1676,34.0,0.1652,26.0,0.2795,59.0,,,0.2494,36.0,0.2138,36.0,0.1888,25.0,0.3107,76.0,,,0.2698,53.0
2011-07-12,0.2165,55.0,0.1707,28.0,0.2565,48.0,,,0.349,78.0,0.2138,36.0,0.1883,25.0,0.2664,57.0,,,0.3087,72.0
2011-07-11,0.2124,53.0,0.1492,16.0,0.293,64.0,,,0.2793,53.0,0.2133,35.0,0.1873,23.0,0.293,70.0,,,0.288,64.0
2011-07-08,0.1679,34.0,0.144,14.0,0.2925,64.0,,,0.2669,47.0,0.2121,34.0,0.1872,23.0,0.2925,69.0,,,0.288,64.0
2011-07-07,0.1446,25.0,0.145,14.0,0.3407,80.0,,,0.3079,65.0,0.2118,33.0,0.1873,23.0,0.3407,86.0,,,0.2934,67.0
2011-07-06,0.1477,26.0,0.1531,18.0,0.2789,59.0,,,0.3282,72.0,0.2118,33.0,0.1878,24.0,0.2789,64.0,,,0.3321,80.0
2011-07-05,0.1585,31.0,0.1453,14.0,0.209,18.0,,,0.3039,63.0,0.2119,33.0,0.1877,24.0,0.2962,71.0,,,0.2887,65.0
2011-07-01,0.143,24.0,0.1841,39.0,0.2603,50.0,,,0.3655,82.0,0.212,33.0,0.1878,24.0,0.2603,53.0,,,0.3208,76.0
2011-06-30,0.1317,19.0,0.1667,27.0,0.2635,52.0,,,0.3094,66.0,0.2105,31.0,0.1884,25.0,0.2897,68.0,,,0.3094,72.0
2011-06-29,0.1355,21.0,0.1652,26.0,0.2039,16.0,,,0.3486,78.0,0.2119,33.0,0.1892,25.0,0.2978,72.0,,,0.2973,68.0
2011-06-28,0.131,19.0,0.1668,27.0,0.348,82.0,,,0.3478,78.0,0.2129,35.0,0.1899,27.0,0.2902,69.0,,,0.3515,85.0
2011-06-27,0.1356,21.0,0.1854,40.0,0.2726,56.0,,,0.3435,77.0,0.2125,34.0,0.19,27.0,0.2827,66.0,,,0.3435,83.0
2011-06-24,0.1171,13.0,0.1826,38.0,0.3326,77.0,,,0.3349,74.0,0.2116,33.0,0.1896,26.0,0.3179,78.0,,,0.3349,80.0
2011-06-23,0.1876,43.0,0.1948,46.0,0.2933,64.0,,,0.4104,91.0,0.2118,33.0,0.1896,26.0,0.2317,30.0,,,0.3605,87.0
2011-06-22,0.1817,40.0,0.1654,26.0,0.5104,98.0,,,0.4364,93.0,0.2117,33.0,0.188,24.0,0.3227,80.0,,,0.3159,75.0
2011-06-21,0.1756,38.0,0.1661,26.0,0.2762,57.0,,,0.3361,75.0,0.2113,32.0,0.1882,24.0,0.3255,81.0,,,0.3361,81.0
2011-06-20,0.1598,31.0,0.1776,34.0,0.3042,68.0,,,0.3944,88.0,0.211,32.0,0.1884,25.0,0.3826,94.0,,,0.327,78.0
2011-06-17,0.1601,31.0,0.1779,35.0,0.2968,66.0,,,0.3491,78.0,0.211,32.0,0.1884,25.0,0.3988,95.0,,,0.3491,85.0
2011-06-16,0.1645,33.0,0.1636,25.0,0.2999,67.0,,,0.3963,88.0,0.2112,32.0,0.1876,24.0,0.2986,72.0,,,0.314,74.0
2011-06-15,0.1657,33.0,0.1701,28.0,0.3628,85.0,,,0.3533,79.0,0.2108,31.0,0.188,24.0,0.3477,87.0,,,0.2971,68.0
2011-06-14,0.1018,8.0,0.1571,21.0,0.2433,39.0,,,0.3093,66.0,0.2094,30.0,0.1877,24.0,0.3506,88.0,,,0.2722,54.0
2011-06-13,0.1231,15.0,0.1509,17.0,0.3401,80.0,,,0.318,68.0,0.2093,30.0,0.1875,23.0,0.3331,83.0,,,0.3015,70.0
2011-06-10,0.1301,18.0,0.1714,30.0,0.3375,79.0,,,0.3309,73.0,0.2104,31.0,0.1876,24.0,0.3324,83.0,,,0.3142,74.0
2011-06-09,0.1644,33.0,0.1724,31.0,0.2631,52.0,,,0.3089,66.0,0.2107,31.0,0.1871,23.0,0.3125,77.0,,,0.305,71.0
2011-06-08,0.2321,60.0,0.1818,37.0,0.2265,28.0,,,0.3482,78.0,0.2135,36.0,0.188,24.0,0.2895,68.0,,,0.3482,84.0
2011-06-07,0.2314,60.0,0.1743,32.0,0.297,66.0,,,0.3682,83.0,0.2136,36.0,0.1878,24.0,0.3278,82.0,,,0.2931,66.0
2011-06-06,0.2503,66.0,0.1807,36.0,0.3084,70.0,,,0.32,69.0,0.2134,36.0,0.1875,23.0,0.3466,87.0,,,0.32,76.0
2011-06-03,0.2473,65.0,0.1801,36.0,0.3658,86.0,,,0.33,73.0,0.2132,35.0,0.1889,25.0,0.3524,89.0,,,0.3309,80.0
2011-06-02,0.2442,64.0,0.1845,39.0,0.3207,74.0,,,0.1896,9.0,0.2124,34.0,0.1889,25.0,0.3277,82.0,,,0.2979,68.0
2011-06-01,0.3093,80.0,0.1761,33.0,0.3371,79.0,,,0.2982,62.0,0.2122,34.0,0.1882,24.0,0.3473,87.0,,,0.2662,50.0
2011-05-31,0.2864,76.0,0.1694,28.0,0.2662,53.0,,,0.3222,70.0,0.2115,32.0,0.1879,24.0,0.2681,59.0,,,0.3072,72.0
2011-05-27,0.244,64.0,0.1662,26.0,0.2907,63.0,,,0.3108,66.0,0.2128,34.0,0.1882,24.0,0.3033,73.0,,,0.2674,51.0
2011-05-26,0.2628,70.0,0.1792,36.0,0.3357,78.0,,,0.3795,85.0,0.2129,35.0,0.1885,25.0,0.3357,84.0,,,0.299,69.0
2011-05-25,0.234,61.0,0.1619,23.0,0.2834,61.0,,,0.3654,82.0,0.212,33.0,0.1879,24.0,0.2834,66.0,,,0.2619,46.0
2011-05-20,0.1792,39.0,0.1842,39.0,0.2924,64.0,,,0.2862,57.0,0.2082,28.0,0.1874,23.0,0.2877,68.0,,,0.2821,61.0
2011-05-19,0.1818,40.0,0.1928,45.0,0.3204,74.0,,,0.2825,55.0,0.2085,28.0,0.1875,23.0,0.3204,79.0,,,0.2464,33.0
2011-05-18,0.1803,39.0,0.2081,54.0,0.3015,68.0,,,0.3169,68.0,0.2084,28.0,0.1873,23.0,0.2789,64.0,,,0.3115,73.0
2011-05-16,0.1795,39.0,0.2305,66.0,0.3401,80.0,,,0.283,55.0,0.2091,30.0,0.1876,24.0,0.3128,77.0,,,0.2262,18.0
2011-05-13,0.1514,28.0,0.2398,70.0,0.2926,64.0,,,0.2222,20.0,0.2089,30.0,0.1877,24.0,0.2702,60.0,,,0.2812,60.0
2011-05-12,0.1626,32.0,0.2413,71.0,0.2697,55.0,,,0.4788,97.0,0.2088,28.0,0.1874,23.0,0.2697,60.0,,,0.2664,50.0
2011-05-11,0.1328,19.0,0.2201,60.0,0.316,72.0,,,0.34,76.0,0.2077,28.0,0.1859,22.0,0.316,78.0,,,0.2931,66.0
2011-05-10,0.127,17.0,0.2084,54.0,0.3125,71.0,,,0.2849,56.0,0.2076,28.0,0.1855,21.0,0.3076,75.0,,,0.3018,70.0
2011-05-06,0.1215,15.0,0.154,19.0,0.3173,73.0,,,0.3822,86.0,0.2083,28.0,0.1835,19.0,0.3036,73.0,,,0.2974,68.0
2011-05-04,0.1704,35.0,0.1597,22.0,0.2954,65.0,,,0.3379,75.0,0.2073,28.0,0.1824,18.0,0.3054,74.0,,,0.2993,69.0
2011-05-03,0.1422,24.0,0.154,19.0,0.3045,68.0,,,0.2785,53.0,0.207,28.0,0.185,21.0,0.3005,72.0,,,0.2921,66.0
2011-05-02,0.134,20.0,0.1492,16.0,0.2989,67.0,,,0.2952,60.0,0.2084,28.0,0.1868,23.0,0.3066,74.0,,,0.2936,67.0
2011-04-28,0.1077,10.0,0.1429,13.0,0.2914,64.0,,,0.5732,99.0,0.2118,33.0,0.1873,23.0,0.2914,69.0,,,0.2999,69.0
2011-04-27,0.1681,34.0,0.1484,16.0,0.2769,57.0,,,0.3281,72.0,0.2119,33.0,0.1878,24.0,0.2769,63.0,,,0.3294,79.0
2011-04-25,0.121,14.0,0.1342,9.0,0.2765,57.0,,,0.3185,69.0,0.2092,30.0,0.1875,23.0,0.2847,67.0,,,0.3185,76.0
2011-04-20,0.1392,23.0,0.1404,12.0,0.2674,54.0,,,0.3482,78.0,0.2093,30.0,0.1882,24.0,0.3017,73.0,,,0.3482,84.0
2011-04-19,0.1358,21.0,0.1434,13.0,0.3139,72.0,,,0.3276,72.0,0.2093,30.0,0.1881,24.0,0.3079,75.0,,,0.3276,79.0
2011-04-15,0.1377,22.0,0.1742,32.0,0.3423,80.0,,,0.3429,77.0,0.2089,30.0,0.1893,25.0,0.3573,90.0,,,0.3429,83.0
2011-04-06,0.08,3.0,0.1237,6.0,0.3441,81.0,,,0.3041,64.0,0.211,32.0,0.1894,26.0,0.3184,79.0,,,0.3041,71.0
2011-04-04,0.0747,3.0,0.1536,19.0,0.2898,63.0,,,0.3182,68.0,0.2104,31.0,0.1894,26.0,0.2946,70.0,,,0.3182,75.0
2011-04-01,0.0787,3.0,0.1556,20.0,0.247,42.0,,,0.2914,59.0,0.2104,31.0,0.1894,26.0,0.2905,69.0,,,0.3278,79.0
2011-03-31,0.0952,7.0,0.1441,14.0,0.2658,53.0,,,0.3009,63.0,0.2147,38.0,0.1898,26.0,0.3421,86.0,,,0.3009,70.0
2011-03-30,0.2073,51.0,0.1535,19.0,0.2844,61.0,,,0.3463,77.0,0.2164,39.0,0.1913,28.0,0.3412,86.0,,,0.3463,84.0
2011-03-29,0.2346,61.0,0.1858,40.0,0.2586,49.0,,,0.3477,78.0,0.2166,39.0,0.1924,28.0,0.3371,84.0,,,0.3477,84.0
2011-03-28,0.2263,57.0,0.1841,39.0,0.2947,65.0,,,0.3346,74.0,0.2166,39.0,0.1928,30.0,0.3715,92.0,,,0.3346,80.0
2011-03-25,0.2093,52.0,0.1943,46.0,0.2672,54.0,,,0.3237,70.0,0.2164,39.0,0.1934,31.0,0.2583,52.0,,,0.3237,77.0
2011-03-24,0.2606,69.0,0.175,32.0,0.2808,59.0,,,0.3362,75.0,0.2162,39.0,0.1925,30.0,0.2851,67.0,,,0.3362,81.0
2011-03-23,0.2635,70.0,0.2053,53.0,0.258,49.0,,,0.3014,63.0,0.2162,39.0,0.1928,30.0,0.294,70.0,,,0.3114,73.0
2011-03-22,0.3048,79.0,0.2291,65.0,0.2778,57.0,,,0.3712,83.0,0.2187,41.0,0.1934,31.0,0.3128,77.0,,,0.3733,90.0
2011-03-21,0.2499,66.0,0.2284,65.0,0.2552,47.0,,,0.3601,81.0,0.2154,38.0,0.1938,31.0,0.2552,50.0,,,0.3601,87.0
2011-03-18,0.2552,68.0,0.2145,57.0,0.2975,66.0,,,0.3356,74.0,0.2128,34.0,0.1929,30.0,0.2975,71.0,,,0.3183,75.0
2011-03-17,0.2176,55.0,0.2139,57.0,0.3668,86.0,,,0.2922,59.0,0.212,33.0,0.1928,30.0,0.3668,92.0,,,0.2834,62.0
2011-03-16,0.2831,75.0,0.2245,62.0,0.3445,81.0,,,0.3095,66.0,0.2142,37.0,0.1938,31.0,0.3494,88.0,,,0.3174,75.0
2011-03-15,0.281,74.0,0.2562,76.0,0.3063,69.0,,,0.37,83.0,0.2154,38.0,0.1943,31.0,0.2822,66.0,,,0.3574,87.0
2011-03-14,0.2742,73.0,0.2409,70.0,0.4809,97.0,,,0.3109,66.0,0.2165,39.0,0.1932,30.0,0.3492,88.0,,,0.3109,73.0
2011-03-10,0.3479,85.0,0.2403,70.0,0.4858,97.0,,,0.3095,66.0,0.2152,38.0,0.1925,30.0,0.3493,88.0,,,0.3225,77.0
2011-03-09,0.2598,69.0,0.2429,71.0,0.2769,57.0,,,0.2759,52.0,0.2118,33.0,0.1924,28.0,0.3403,85.0,,,0.2759,57.0
2011-03-08,0.2705,72.0,0.2504,74.0,0.2508,45.0,,,0.2841,56.0,0.2119,33.0,0.1924,28.0,0.2774,63.0,,,0.3313,80.0
2011-03-07,0.259,69.0,0.2366,69.0,0.48,97.0,,,0.2968,61.0,0.2102,31.0,0.1912,28.0,0.3661,91.0,,,0.2968,68.0
2011-03-04,0.2388,62.0,0.2089,55.0,0.3285,76.0,,,0.2769,52.0,0.2098,31.0,0.1893,25.0,0.3146,77.0,,,0.3366,81.0
2011-03-03,0.317,81.0,0.2308,66.0,0.3125,71.0,,,0.3882,87.0,0.21,31.0,0.1889,25.0,0.261,54.0,,,0.3761,90.0
2011-03-02,0.2407,63.0,0.2144,57.0,0.2996,67.0,,,0.3263,71.0,0.2074,28.0,0.1877,24.0,0.292,69.0,,,0.3806,91.0
2011-03-01,0.2603,69.0,0.2165,59.0,0.3362,78.0,,,0.2565,40.0,0.2097,31.0,0.1888,25.0,0.3237,81.0,,,0.3333,80.0
2011-02-28,0.2608,69.0,0.2131,57.0,0.3659,86.0,,,0.3062,64.0,0.2101,31.0,0.1883,25.0,0.3579,90.0,,,0.3724,90.0
2011-02-25,0.2672,71.0,0.2125,57.0,0.2455,41.0,,,0.3672,83.0,0.21,31.0,0.1881,24.0,0.3151,78.0,,,0.384,91.0
2011-02-24,0.2572,68.0,0.2121,56.0,0.3068,69.0,,,0.3731,84.0,0.2107,31.0,0.1881,24.0,0.3673,92.0,,,0.3446,83.0
2011-02-23,0.2741,73.0,0.2093,55.0,0.4702,97.0,,,0.2088,14.0,0.2122,34.0,0.1888,25.0,0.3783,93.0,,,0.3305,79.0
2011-02-22,0.1884,43.0,0.1756,33.0,0.3563,84.0,,,0.4081,90.0,0.2072,28.0,0.1867,23.0,0.3341,84.0,,,0.2969,68.0
2011-02-18,0.1575,30.0,0.179,35.0,0.3558,84.0,,,0.2993,62.0,0.2068,28.0,0.1875,23.0,0.2969,71.0,,,0.3417,82.0
2011-02-17,0.1695,35.0,0.1774,34.0,0.3416,80.0,,,0.4129,91.0,0.2093,30.0,0.1878,24.0,0.2941,70.0,,,0.3227,77.0
2011-02-16,0.3544,86.0,0.2237,62.0,0.3622,85.0,,,0.3802,86.0,0.2103,31.0,0.1889,25.0,0.3198,79.0,,,0.3129,74.0
2011-02-15,0.3581,86.0,0.2212,61.0,0.3532,83.0,,,0.3941,88.0,0.2108,31.0,0.1898,26.0,0.3176,78.0,,,0.3143,74.0
2011-02-14,0.3525,86.0,0.2198,60.0,0.2697,55.0,,,0.3309,73.0,0.2153,38.0,0.1925,30.0,0.2911,69.0,,,0.3119,73.0
2011-02-11,0.356,86.0,0.2308,66.0,0.3057,69.0,,,0.372,84.0,0.2147,38.0,0.1931,30.0,0.313,77.0,,,0.2916,66.0
2011-02-10,0.3527,86.0,0.2308,66.0,0.3341,78.0,,,0.2788,53.0,0.2165,39.0,0.1936,31.0,0.3355,84.0,,,0.3783,91.0
2011-02-09,0.3603,87.0,0.23,66.0,0.2664,53.0,,,0.3164,68.0,0.2161,39.0,0.1943,31.0,0.2994,72.0,,,0.3454,83.0
2011-02-08,0.3589,87.0,0.2302,66.0,0.3627,85.0,,,0.1937,10.0,0.2172,40.0,0.1942,31.0,0.3412,86.0,,,0.2846,63.0
2011-02-07,0.3379,83.0,0.225,63.0,0.3941,90.0,,,0.4815,97.0,0.2052,27.0,0.1914,28.0,0.2967,71.0,,,0.3231,77.0
2011-02-04,0.3271,82.0,0.2269,64.0,0.3603,85.0,,,0.2901,57.0,0.2134,36.0,0.1924,28.0,0.3844,94.0,,,0.2655,49.0
2011-02-03,0.3426,84.0,0.235,68.0,0.3409,80.0,,,0.4562,95.0,0.2135,36.0,0.1928,30.0,0.301,72.0,,,0.342,82.0
2011-02-02,0.3251,82.0,0.218,59.0,0.3512,83.0,,,0.3893,87.0,0.2133,35.0,0.1925,30.0,0.3165,78.0,,,0.3217,76.0
2011-02-01,0.3351,83.0,0.2221,61.0,0.3241,75.0,,,0.4225,92.0,0.2131,35.0,0.1932,30.0,0.3058,74.0,,,0.3316,80.0
2011-01-31,0.3182,81.0,0.2142,57.0,0.3648,86.0,,,0.3761,85.0,0.2123,34.0,0.1931,30.0,0.3245,81.0,,,0.3526,86.0
2011-01-28,0.3203,81.0,0.2141,57.0,0.2603,50.0,,,0.3514,79.0,0.2127,34.0,0.1928,30.0,0.3686,92.0,,,0.2751,56.0
2011-01-27,0.1872,42.0,0.1919,44.0,0.3054,69.0,,,0.3312,73.0,0.2022,24.0,0.192,28.0,0.3043,74.0,,,0.3107,73.0
2011-01-26,0.1915,44.0,0.1899,43.0,0.2887,63.0,,,0.3814,86.0,0.2025,24.0,0.1925,30.0,0.3061,74.0,,,0.3107,73.0
2011-01-25,0.169,35.0,0.1764,34.0,0.3066,69.0,,,0.3722,84.0,0.2026,24.0,0.1933,30.0,0.3238,81.0,,,0.3332,80.0
2011-01-24,0.17,35.0,0.1765,34.0,0.3128,71.0,,,0.3635,82.0,0.2032,25.0,0.1948,31.0,0.3215,80.0,,,0.3239,77.0
2011-01-21,0.1445,25.0,0.1709,30.0,0.3261,76.0,,,0.3362,75.0,0.2077,28.0,0.1972,33.0,0.3339,84.0,,,0.3039,71.0
2011-01-20,0.1501,27.0,0.1745,32.0,0.3618,85.0,,,0.3024,63.0,0.2083,28.0,0.1978,33.0,0.3618,91.0,,,0.3536,86.0
2011-01-19,0.1428,24.0,0.1665,27.0,0.3812,88.0,,,0.2782,53.0,0.2096,30.0,0.199,34.0,0.3899,95.0,,,0.2782,59.0
2011-01-18,0.0742,3.0,0.1426,13.0,0.3206,74.0,,,0.3979,88.0,0.2078,28.0,0.1981,34.0,0.323,80.0,,,0.3889,92.0
2011-01-14,0.1037,8.0,0.1424,13.0,0.3396,80.0,,,0.275,51.0,0.2107,31.0,0.1994,35.0,0.3396,85.0,,,0.3316,80.0
2011-01-13,0.1097,10.0,0.143,13.0,0.3268,76.0,,,0.3245,71.0,0.2132,35.0,0.2005,35.0,0.329,82.0,,,0.3277,79.0
2011-01-12,0.1382,22.0,0.1718,30.0,0.3281,76.0,,,0.3085,65.0,0.214,36.0,0.2068,40.0,0.3791,93.0,,,0.3366,81.0
2011-01-11,0.1864,42.0,0.1853,40.0,0.3387,79.0,,,0.3045,64.0,0.2142,37.0,0.2068,40.0,0.3302,83.0,,,0.3704,89.0
2011-01-10,0.198,47.0,0.196,47.0,0.3162,72.0,,,0.3783,85.0,0.2203,42.0,0.2084,42.0,0.3058,74.0,,,0.4024,94.0
2011-01-07,0.1977,47.0,0.1968,47.0,0.3155,72.0,,,0.3238,70.0,0.2222,43.0,0.2094,43.0,0.3105,76.0,,,0.3294,79.0
2011-01-06,0.1976,47.0,0.1884,42.0,0.3524,83.0,,,0.2868,57.0,0.2222,43.0,0.209,42.0,0.3884,94.0,,,0.3036,71.0
2011-01-05,0.1921,45.0,0.1844,39.0,0.2925,64.0,,,0.3242,70.0,0.224,44.0,0.2092,42.0,0.3202,79.0,,,0.379,91.0
2011-01-04,0.1924,45.0,0.1877,42.0,0.3323,77.0,,,0.2999,62.0,0.2243,44.0,0.2099,43.0,0.3334,84.0,,,0.3705,89.0
2011-01-03,0.1673,34.0,0.1635,25.0,0.2626,51.0,,,0.3367,75.0,0.223,43.0,0.2087,42.0,0.3008,72.0,,,0.351,85.0
2010-12-31,0.1152,12.0,0.1488,16.0,0.3102,70.0,,,0.265,46.0,0.2218,43.0,0.2083,42.0,0.3441,87.0,,,0.3157,75.0
2010-12-30,0.0845,4.0,0.1352,9.0,0.3155,72.0,,,0.2457,33.0,0.2235,44.0,0.2092,42.0,0.3682,92.0,,,0.3642,88.0
2010-12-29,0.09,5.0,0.136,10.0,0.3066,69.0,,,0.2308,24.0,0.2235,44.0,0.2109,44.0,0.346,87.0,,,0.3163,75.0
2010-12-28,0.0883,5.0,0.1513,17.0,0.2715,56.0,,,0.3026,63.0,0.2234,44.0,0.2109,44.0,0.3101,76.0,,,0.3519,85.0
2010-12-27,0.1224,15.0,0.1581,21.0,0.2329,32.0,,,0.337,75.0,0.2242,44.0,0.2134,46.0,0.3003,72.0,,,0.3301,79.0
2010-12-23,0.1157,12.0,0.1537,19.0,0.2726,56.0,,,0.2691,48.0,0.2251,45.0,0.2144,47.0,0.3597,90.0,,,0.3355,81.0
2010-12-22,0.1489,27.0,0.1524,18.0,0.2694,55.0,,,0.287,57.0,0.2266,46.0,0.2144,47.0,0.3214,80.0,,,0.337,81.0
2010-12-21,0.158,30.0,0.1507,17.0,0.2436,40.0,,,0.3337,74.0,0.2269,46.0,0.2153,48.0,0.3361,84.0,,,0.3726,90.0
2010-12-20,0.2013,49.0,0.1691,28.0,0.2883,63.0,,,0.233,26.0,0.2267,46.0,0.2166,50.0,0.3179,78.0,,,0.302,70.0
2010-12-17,0.1789,39.0,0.1683,28.0,0.2289,28.0,,,0.3028,63.0,0.2264,46.0,0.2167,50.0,0.2796,64.0,,,0.3327,80.0
2010-12-16,0.1753,37.0,0.1596,22.0,0.1922,12.0,,,0.4033,89.0,0.2275,47.0,0.2162,49.0,0.2583,52.0,,,0.3381,81.0
2010-12-15,0.1879,43.0,0.18,36.0,0.2828,60.0,,,0.2407,30.0,0.2274,47.0,0.2169,50.0,0.3305,83.0,,,0.2963,68.0
2010-12-14,0.1896,44.0,0.1795,36.0,0.2151,21.0,,,0.2882,57.0,0.2273,47.0,0.2174,51.0,0.2813,65.0,,,0.3054,71.0
2010-12-13,0.1762,38.0,0.1833,38.0,0.2706,55.0,,,0.2397,30.0,0.2265,46.0,0.218,52.0,0.3164,78.0,,,0.3147,74.0
2010-12-10,0.1652,33.0,0.1885,42.0,0.1917,12.0,,,0.3066,65.0,0.2263,46.0,0.2187,53.0,0.2783,64.0,,,0.3372,81.0
2010-12-09,0.1835,41.0,0.1851,40.0,0.2494,44.0,,,0.3246,71.0,0.2242,44.0,0.2179,52.0,0.3032,73.0,,,0.3233,77.0
2010-12-08,0.1995,48.0,0.187,41.0,0.2751,57.0,,,0.2964,61.0,0.2243,44.0,0.2183,52.0,0.3313,83.0,,,0.3142,74.0
2010-12-07,0.2155,55.0,0.1884,42.0,0.2468,42.0,,,0.3224,70.0,0.2264,46.0,0.2189,53.0,0.3056,74.0,,,0.3261,78.0
2010-12-06,0.2085,52.0,0.1596,22.0,0.2523,46.0,,,0.325,71.0,0.2304,49.0,0.221,55.0,0.3051,74.0,,,0.3275,79.0
2010-12-03,0.2177,55.0,0.1636,25.0,0.2324,32.0,,,0.3661,82.0,0.2305,49.0,0.2214,55.0,0.3277,82.0,,,0.3191,76.0
2010-12-02,0.2292,59.0,0.1603,22.0,0.243,39.0,,,0.3197,69.0,0.2304,49.0,0.2217,55.0,0.3014,72.0,,,0.3283,79.0
2010-12-01,0.221,56.0,0.1606,23.0,0.2495,44.0,,,0.284,56.0,0.2295,48.0,0.2216,55.0,0.304,73.0,,,0.3466,84.0
2010-11-30,0.1539,28.0,0.147,15.0,0.2733,57.0,,,0.3268,71.0,0.2269,46.0,0.2212,55.0,0.3205,79.0,,,0.3143,74.0
2010-11-29,0.1595,31.0,0.1513,17.0,0.2487,43.0,,,0.2828,55.0,0.2331,51.0,0.2223,55.0,0.3313,83.0,,,0.3152,75.0
2010-11-26,0.1799,39.0,0.1551,20.0,0.2964,66.0,,,0.3765,85.0,0.2329,50.0,0.2222,55.0,0.3685,92.0,,,0.3052,71.0
2010-11-24,0.2058,51.0,0.1601,22.0,0.3313,77.0,,,0.3617,81.0,0.2336,51.0,0.2237,56.0,0.3316,83.0,,,0.3241,77.0
2010-11-23,0.1697,35.0,0.155,19.0,0.2404,37.0,,,0.3191,69.0,0.2357,52.0,0.2248,57.0,0.3299,83.0,,,0.3931,93.0
2010-11-22,0.1685,34.0,0.1555,20.0,0.2626,51.0,,,0.3199,69.0,0.2359,52.0,0.2252,57.0,0.3079,75.0,,,0.3315,80.0
2010-11-19,0.1557,28.0,0.1558,20.0,0.2763,57.0,,,0.2423,31.0,0.238,53.0,0.225,57.0,0.3613,91.0,,,0.3695,89.0
2010-11-18,0.169,35.0,0.1651,26.0,0.3067,69.0,,,0.2812,55.0,0.238,53.0,0.2263,57.0,0.3516,89.0,,,0.3698,89.0
2010-11-17,0.1454,25.0,0.1653,26.0,0.3406,80.0,,,0.2262,22.0,0.2381,53.0,0.2274,59.0,0.3812,93.0,,,0.3408,82.0
2010-11-16,0.1283,17.0,0.1539,19.0,0.3692,86.0,,,0.2514,37.0,0.2373,52.0,0.2281,60.0,0.3584,90.0,,,0.3605,87.0
2010-11-15,0.1014,8.0,0.1499,17.0,0.3452,81.0,,,0.2627,45.0,0.2363,52.0,0.2302,62.0,0.3302,83.0,,,0.2897,65.0
2010-11-12,0.1097,10.0,0.2066,53.0,0.3594,85.0,,,0.2946,60.0,0.2414,54.0,0.231,62.0,0.3331,83.0,,,0.3552,86.0
2010-11-11,0.1426,24.0,0.2323,67.0,0.2373,35.0,,,0.2896,57.0,0.2422,54.0,0.2313,62.0,0.3159,78.0,,,0.3188,76.0
2010-11-10,0.2309,60.0,0.2374,69.0,0.2907,63.0,,,0.3119,67.0,0.2423,54.0,0.232,63.0,0.279,64.0,,,0.3381,81.0
2010-11-09,0.224,57.0,0.2277,64.0,0.3627,85.0,,,0.2211,19.0,0.243,55.0,0.2331,64.0,0.3255,81.0,,,0.3177,75.0
2010-11-08,0.2146,54.0,0.227,64.0,0.2685,54.0,,,0.2762,52.0,0.2429,55.0,0.2332,64.0,0.3548,89.0,,,0.3704,89.0
2010-11-05,0.2094,52.0,0.2388,69.0,0.2569,49.0,,,0.2551,39.0,0.2428,55.0,0.2339,64.0,0.2906,69.0,,,0.3319,80.0
2010-11-04,0.2211,56.0,0.2433,71.0,0.3483,82.0,,,0.2379,28.0,0.2427,55.0,0.2342,64.0,0.2982,72.0,,,0.3079,72.0
2010-11-03,0.2193,56.0,0.2054,53.0,0.3478,82.0,,,0.3623,81.0,0.2435,55.0,0.2354,64.0,0.3424,86.0,,,0.3472,84.0
2010-11-02,0.1808,40.0,0.1775,34.0,0.2535,47.0,,,0.3766,85.0,0.2447,56.0,0.2349,64.0,0.299,72.0,,,0.3447,83.0
2010-11-01,0.1004,8.0,0.1635,25.0,0.3023,68.0,,,0.3126,67.0,0.2451,56.0,0.2367,65.0,0.3582,90.0,,,0.3576,87.0
2010-10-29,0.1015,8.0,0.1827,38.0,0.2754,57.0,,,0.2805,54.0,0.2517,59.0,0.2521,72.0,0.3256,81.0,,,0.3739,90.0
2010-10-28,0.1132,12.0,0.1792,36.0,0.349,82.0,,,0.3347,74.0,0.2538,60.0,0.2541,72.0,0.3411,86.0,,,0.3425,83.0
2010-10-27,0.2175,55.0,0.1846,39.0,0.329,76.0,,,0.3232,70.0,0.2543,61.0,0.2539,72.0,0.3356,84.0,,,0.3336,80.0
2010-10-26,0.2098,52.0,0.182,38.0,0.3049,69.0,,,0.3172,68.0,0.2551,61.0,0.2547,72.0,0.3215,80.0,,,0.3291,79.0
2010-10-25,0.217,55.0,0.1846,39.0,0.3503,82.0,,,0.3051,64.0,0.2583,63.0,0.2557,72.0,0.3294,82.0,,,0.3187,76.0
2010-10-22,0.2088,52.0,0.1799,36.0,0.2843,61.0,,,0.329,72.0,0.2582,63.0,0.2557,72.0,0.3232,80.0,,,0.3342,80.0
2010-10-21,0.2102,52.0,0.1848,40.0,0.315,72.0,,,0.3061,64.0,0.258,63.0,0.2556,72.0,0.3389,85.0,,,0.3347,80.0
2010-10-20,0.2099,52.0,0.1758,33.0,0.3201,74.0,,,0.3227,70.0,0.2587,63.0,0.2558,72.0,0.3245,81.0,,,0.3273,79.0
2010-10-19,0.1914,44.0,0.1759,33.0,0.309,70.0,,,0.3236,70.0,0.2588,63.0,0.2559,72.0,0.3424,86.0,,,0.3072,72.0
2010-10-18,0.0841,4.0,0.155,19.0,0.3065,69.0,,,0.2979,61.0,0.2557,61.0,0.2551,72.0,0.3028,73.0,,,0.3237,77.0
2010-10-15,0.0864,5.0,0.1502,17.0,0.3249,75.0,,,0.3047,64.0,0.2567,62.0,0.2558,72.0,0.317,78.0,,,0.3074,72.0
2010-10-14,0.0519,1.0,0.1353,9.0,0.2944,65.0,,,0.3201,69.0,0.2581,63.0,0.2565,72.0,0.3121,76.0,,,0.3099,73.0
2010-10-13,0.1734,37.0,0.1542,19.0,0.2942,65.0,,,0.3035,63.0,0.2584,63.0,0.2577,73.0,0.3162,78.0,,,0.3123,74.0
2010-10-12,0.2285,59.0,0.1794,36.0,0.2855,61.0,,,0.3095,66.0,0.2582,63.0,0.2578,73.0,0.3133,77.0,,,0.3107,73.0
2010-10-11,0.2271,57.0,0.1902,43.0,0.2854,61.0,,,0.3203,69.0,0.2582,63.0,0.2579,73.0,0.3168,78.0,,,0.3124,74.0
2010-10-08,0.2255,57.0,0.1966,47.0,0.2692,55.0,,,0.302,63.0,0.2586,63.0,0.2579,73.0,0.3147,77.0,,,0.3149,74.0
2010-10-07,0.2302,59.0,0.2059,53.0,0.3031,68.0,,,0.3086,66.0,0.2593,63.0,0.258,73.0,0.3195,79.0,,,0.3119,73.0
2010-10-06,0.2304,59.0,0.2116,56.0,0.2958,66.0,,,0.3147,67.0,0.2593,63.0,0.2583,73.0,0.3137,77.0,,,0.3207,76.0
2010-10-05,0.2374,62.0,0.2174,59.0,0.2671,54.0,,,0.3589,80.0,0.2602,63.0,0.2588,73.0,0.3047,74.0,,,0.3263,78.0
2010-10-04,0.21,52.0,0.2123,56.0,0.3612,85.0,,,0.331,73.0,0.2571,62.0,0.2589,73.0,0.3577,90.0,,,0.3095,73.0
2010-10-01,0.1969,47.0,0.2019,50.0,0.2696,55.0,,,0.3217,70.0,0.2597,63.0,0.2589,73.0,0.3009,72.0,,,0.3244,77.0
2010-09-30,0.1978,47.0,0.1951,46.0,0.3364,79.0,,,0.3104,66.0,0.2702,65.0,0.2659,75.0,0.3159,78.0,,,0.315,75.0
2010-09-29,0.1987,48.0,0.1845,39.0,0.3047,68.0,,,0.3135,67.0,0.2705,65.0,0.2655,75.0,0.3135,77.0,,,0.3218,76.0
2010-09-28,0.235,61.0,0.2014,50.0,0.2751,57.0,,,0.3201,69.0,0.2705,65.0,0.2658,75.0,0.2814,65.0,,,0.3365,81.0
2010-09-27,0.2607,69.0,0.2078,54.0,0.266,53.0,,,0.3128,67.0,0.2711,65.0,0.2658,75.0,0.3133,77.0,,,0.3161,75.0
2010-09-24,0.2828,75.0,0.2121,56.0,0.2734,57.0,,,0.3504,79.0,0.2718,66.0,0.2658,75.0,0.2927,70.0,,,0.3365,81.0
2010-09-23,0.2542,67.0,0.2113,56.0,0.3451,81.0,,,0.2883,57.0,0.2695,65.0,0.2658,75.0,0.3406,86.0,,,0.3009,70.0
2010-09-22,0.2263,57.0,0.207,54.0,0.3319,77.0,,,0.2922,59.0,0.2688,65.0,0.2654,75.0,0.3139,77.0,,,0.3056,71.0
2010-09-21,0.2364,62.0,0.2058,53.0,0.2378,35.0,,,0.2824,55.0,0.2688,65.0,0.2653,75.0,0.3026,73.0,,,0.3131,74.0
2010-09-20,0.2192,56.0,0.2065,53.0,0.1785,8.0,,,0.3316,73.0,0.2702,65.0,0.2664,76.0,0.2771,63.0,,,0.3437,83.0
2010-09-17,0.2154,55.0,0.1805,36.0,0.1935,12.0,,,0.2905,57.0,0.2692,65.0,0.2653,75.0,0.297,71.0,,,0.3293,79.0
2010-09-16,0.1977,47.0,0.1766,34.0,0.301,67.0,,,0.2619,44.0,0.2675,65.0,0.2652,75.0,0.3208,79.0,,,0.3196,76.0
2010-09-15,0.1727,36.0,0.1707,28.0,0.226,27.0,,,0.2656,46.0,0.2669,65.0,0.2658,75.0,0.2989,72.0,,,0.3369,81.0
2010-09-14,0.1885,43.0,0.1646,25.0,0.2353,34.0,,,0.2728,50.0,0.2664,65.0,0.2662,76.0,0.3167,78.0,,,0.3302,79.0
2010-09-13,0.2056,51.0,0.1816,37.0,0.284,61.0,,,0.409,90.0,0.2667,65.0,0.2661,75.0,0.3126,77.0,,,0.3349,80.0
2010-09-10,0.1844,41.0,0.1766,34.0,0.2953,65.0,,,0.2767,52.0,0.2642,64.0,0.2656,75.0,0.327,82.0,,,0.3324,80.0
2010-09-09,0.2117,53.0,0.1832,38.0,0.294,65.0,,,0.3105,66.0,0.2653,65.0,0.266,75.0,0.3415,86.0,,,0.3385,82.0
2010-09-08,0.2592,69.0,0.1868,41.0,0.3148,72.0,,,0.3224,70.0,0.2654,65.0,0.2659,75.0,0.3408,86.0,,,0.3574,87.0
2010-09-07,0.2714,72.0,0.2012,50.0,0.3109,70.0,,,0.3376,75.0,0.2649,65.0,0.266,75.0,0.3475,87.0,,,0.3492,85.0
2010-09-03,0.2469,65.0,0.1958,47.0,0.2962,66.0,,,0.3195,69.0,0.2645,65.0,0.2661,75.0,0.3396,85.0,,,0.3546,86.0
2010-09-02,0.2345,61.0,0.2121,56.0,0.3188,73.0,,,0.3639,82.0,0.2632,64.0,0.2662,76.0,0.3454,87.0,,,0.3782,91.0
2010-09-01,0.2717,72.0,0.201,50.0,0.3494,82.0,,,0.3556,80.0,0.2612,64.0,0.2654,75.0,0.3393,85.0,,,0.3735,90.0
2010-08-31,0.2608,69.0,0.2234,62.0,0.4151,93.0,,,0.3612,81.0,0.2607,64.0,0.2656,75.0,0.3889,94.0,,,0.3713,89.0
2010-08-30,0.2662,71.0,0.2383,69.0,0.4177,93.0,,,0.3366,75.0,0.2621,64.0,0.2659,75.0,0.3821,93.0,,,0.3602,87.0
2010-08-27,0.313,80.0,0.2727,80.0,0.3163,72.0,,,0.361,81.0,0.2613,64.0,0.2658,75.0,0.3423,86.0,,,0.3727,90.0
2010-08-26,0.2735,72.0,0.2701,80.0,0.3736,87.0,,,0.3586,80.0,0.2609,64.0,0.2653,75.0,0.3847,94.0,,,0.3805,91.0
2010-08-25,0.316,80.0,0.2786,82.0,0.3366,79.0,,,0.4282,93.0,0.261,64.0,0.2657,75.0,0.3503,88.0,,,0.4081,94.0
2010-08-24,0.2904,77.0,0.279,82.0,0.4026,91.0,,,0.3984,89.0,0.2615,64.0,0.2656,75.0,0.39,95.0,,,0.4172,95.0
2010-08-23,0.2781,74.0,0.2728,80.0,0.4321,94.0,,,0.3386,75.0,0.2596,63.0,0.2651,75.0,0.3824,94.0,,,0.3612,88.0
2010-08-20,0.2752,73.0,0.2578,76.0,0.3506,82.0,,,0.4137,91.0,0.2592,63.0,0.2645,75.0,0.3363,84.0,,,0.3833,91.0
2010-08-19,0.3481,85.0,0.2579,76.0,0.4919,98.0,,,0.3208,69.0,0.26,63.0,0.2641,74.0,0.3881,94.0,,,0.3415,82.0
2010-08-18,0.3098,80.0,0.2253,63.0,0.3471,82.0,,,0.3588,80.0,0.2558,61.0,0.2619,74.0,0.3522,89.0,,,0.3476,84.0
2010-08-17,0.3277,82.0,0.2215,61.0,0.3472,82.0,,,0.4415,94.0,0.2562,62.0,0.2613,74.0,0.3408,86.0,,,0.3561,86.0
2010-08-16,0.2709,72.0,0.2246,62.0,0.3442,81.0,,,0.3852,86.0,0.2548,61.0,0.2613,74.0,0.3512,89.0,,,0.3713,89.0
2010-08-13,0.2667,71.0,0.211,56.0,0.3456,81.0,,,0.3304,73.0,0.2562,62.0,0.2611,74.0,0.3674,92.0,,,0.3577,87.0
2010-08-12,0.286,76.0,0.2093,55.0,0.3459,81.0,,,0.4067,90.0,0.255,61.0,0.2608,74.0,0.3536,89.0,,,0.3578,87.0
2010-08-11,0.2862,76.0,0.2336,67.0,0.3531,83.0,,,0.3357,74.0,0.2551,61.0,0.2608,74.0,0.3562,90.0,,,0.357,86.0
2010-08-10,0.1482,26.0,0.2289,65.0,0.313,71.0,,,0.3674,83.0,0.2482,57.0,0.2604,74.0,0.3454,87.0,,,0.3371,81.0
2010-08-09,0.1422,24.0,0.2419,71.0,0.2558,48.0,,,0.3303,73.0,0.2479,57.0,0.2602,73.0,0.3328,83.0,,,0.3417,82.0
2010-08-06,0.1403,23.0,0.2511,74.0,0.3227,75.0,,,0.2839,56.0,0.2472,57.0,0.2604,74.0,0.3399,85.0,,,0.3278,79.0
2010-08-05,0.256,68.0,0.2769,81.0,0.2953,65.0,,,0.3416,76.0,0.247,56.0,0.2602,73.0,0.3313,83.0,,,0.3394,82.0
2010-08-04,0.2617,69.0,0.2799,82.0,0.3102,70.0,,,0.3188,69.0,0.2484,57.0,0.2611,74.0,0.3345,84.0,,,0.3492,85.0
2010-08-03,0.2779,74.0,0.2971,85.0,0.3335,78.0,,,0.2918,59.0,0.248,57.0,0.2618,74.0,0.369,92.0,,,0.3646,88.0
2010-08-02,0.2704,72.0,0.2813,82.0,0.3373,79.0,,,0.3917,88.0,0.2482,57.0,0.261,74.0,0.3487,88.0,,,0.3514,85.0
2010-07-30,0.2972,78.0,0.289,84.0,0.291,64.0,,,0.3799,85.0,0.2487,57.0,0.263,74.0,0.3137,77.0,,,0.3926,93.0
2010-07-29,0.3442,84.0,0.285,83.0,0.3058,69.0,,,0.3981,89.0,0.3042,72.0,0.2845,81.0,0.3374,85.0,,,0.3629,88.0
2010-07-28,0.3479,85.0,0.3423,91.0,0.3682,86.0,,,0.3316,73.0,0.3038,72.0,0.2837,81.0,0.3565,90.0,,,0.3339,80.0
2010-07-27,0.2612,69.0,0.3135,87.0,0.3971,91.0,,,0.3267,71.0,0.3003,72.0,0.2824,81.0,0.3691,92.0,,,0.347,84.0
2010-07-26,0.3614,87.0,0.3266,89.0,0.3329,78.0,,,0.354,79.0,0.3005,72.0,0.2835,81.0,0.3311,83.0,,,0.3511,85.0
2010-07-23,0.3523,86.0,0.3214,89.0,0.3288,76.0,,,0.3633,81.0,0.2998,72.0,0.2829,81.0,0.3365,84.0,,,0.3491,85.0
2010-07-22,0.3431,84.0,0.3142,88.0,0.3381,79.0,,,0.3804,86.0,0.3,72.0,0.2825,81.0,0.3497,88.0,,,0.3407,82.0
2010-07-21,0.3426,84.0,0.302,86.0,0.3513,83.0,,,0.3443,77.0,0.2977,71.0,0.2818,81.0,0.3596,90.0,,,0.3488,85.0
2010-07-20,0.3265,82.0,0.298,85.0,0.3262,76.0,,,0.3687,83.0,0.2963,71.0,0.2812,81.0,0.3266,82.0,,,0.3694,89.0
2010-07-19,0.2985,78.0,0.2069,54.0,0.3481,82.0,,,0.3587,80.0,0.2962,71.0,0.2782,80.0,0.3832,94.0,,,0.3538,86.0
2010-07-16,0.3036,79.0,0.2131,57.0,0.3707,87.0,,,0.3818,86.0,0.2964,71.0,0.2785,80.0,0.3702,92.0,,,0.3591,87.0
2010-07-15,0.2749,73.0,0.2108,55.0,0.3601,85.0,,,0.3637,82.0,0.292,70.0,0.2776,80.0,0.3589,90.0,,,0.3458,84.0
2010-07-14,0.2402,63.0,0.2239,62.0,0.339,79.0,,,0.3624,81.0,0.2906,69.0,0.2768,80.0,0.3477,87.0,,,0.349,85.0
2010-07-13,0.2389,62.0,0.2228,61.0,0.3294,77.0,,,0.3631,81.0,0.2908,69.0,0.2768,80.0,0.3385,85.0,,,0.3443,83.0
2010-07-12,0.204,50.0,0.256,76.0,0.335,78.0,,,0.3917,88.0,0.2891,69.0,0.2767,80.0,0.355,89.0,,,0.3448,83.0
2010-07-09,0.2139,54.0,0.2637,78.0,0.3455,81.0,,,0.3699,83.0,0.2894,69.0,0.2761,80.0,0.3583,90.0,,,0.3523,85.0
2010-07-08,0.2362,61.0,0.2649,78.0,0.3494,82.0,,,0.3656,82.0,0.2894,69.0,0.2761,80.0,0.3656,91.0,,,0.3579,87.0
2010-07-07,0.2504,66.0,0.2728,80.0,0.3096,70.0,,,0.506,98.0,0.2895,69.0,0.276,80.0,0.3385,85.0,,,0.3643,88.0
2010-07-06,0.1556,28.0,0.272,80.0,0.3718,87.0,,,0.3821,86.0,0.288,68.0,0.2752,80.0,0.3975,95.0,,,0.3516,85.0
2010-07-02,0.1559,28.0,0.2492,73.0,0.3711,87.0,,,0.3804,86.0,0.2878,68.0,0.2739,79.0,0.3728,92.0,,,0.3664,89.0
2010-07-01,0.1628,32.0,0.2521,75.0,0.3427,80.0,,,0.3642,82.0,0.2877,68.0,0.2739,79.0,0.3622,91.0,,,0.3733,90.0
2010-06-30,0.1604,31.0,0.2276,64.0,0.421,93.0,,,0.3614,81.0,0.2875,68.0,0.2723,78.0,0.3868,94.0,,,0.3511,85.0
2010-06-29,0.158,30.0,0.2158,57.0,0.374,87.0,,,0.3835,86.0,0.288,68.0,0.272,78.0,0.3586,90.0,,,0.3582,87.0
2010-06-28,0.1313,19.0,0.2248,62.0,0.3274,76.0,,,0.3847,86.0,0.2873,68.0,0.2723,78.0,0.3357,84.0,,,0.35,85.0
2010-06-25,0.1239,15.0,0.2207,60.0,0.3438,81.0,,,0.3182,68.0,0.289,69.0,0.2723,78.0,0.3464,87.0,,,0.3631,88.0
2010-06-24,0.1225,15.0,0.197,47.0,0.324,75.0,,,0.3105,66.0,0.2892,69.0,0.2713,78.0,0.3519,89.0,,,0.3538,86.0
2010-06-23,0.1442,25.0,0.202,50.0,0.3463,81.0,,,0.2755,51.0,0.2891,69.0,0.2711,78.0,0.3593,90.0,,,0.3469,84.0
2010-06-22,0.1755,37.0,0.2145,57.0,0.3934,90.0,,,0.3321,73.0,0.2886,69.0,0.2714,78.0,0.3631,91.0,,,0.33,79.0
2010-06-21,0.2133,54.0,0.2539,75.0,0.3444,81.0,,,0.2629,45.0,0.2883,69.0,0.271,78.0,0.3557,90.0,,,0.3505,85.0
2010-06-18,0.2028,49.0,0.2508,74.0,0.2965,66.0,,,0.3446,77.0,0.2888,69.0,0.2716,78.0,0.36,90.0,,,0.3713,89.0
2010-06-17,0.196,46.0,0.2489,73.0,0.2517,45.0,,,0.374,84.0,0.2893,69.0,0.2711,78.0,0.3508,89.0,,,0.3813,91.0
2010-06-16,0.2093,52.0,0.2418,71.0,0.3181,73.0,,,0.3273,71.0,0.2893,69.0,0.2714,78.0,0.3547,89.0,,,0.3715,89.0
2010-06-15,0.2245,57.0,0.2452,72.0,0.2786,59.0,,,0.3595,81.0,0.2927,70.0,0.2735,79.0,0.3565,90.0,,,0.3776,90.0
2010-06-14,0.3579,86.0,0.2579,76.0,0.3539,83.0,,,0.3334,74.0,0.293,70.0,0.2738,79.0,0.3649,91.0,,,0.3777,90.0
2010-06-11,0.33,82.0,0.2483,73.0,0.3074,69.0,,,0.4093,90.0,0.2913,69.0,0.274,79.0,0.3644,91.0,,,0.3805,91.0
2010-06-10,0.2698,72.0,0.2163,57.0,0.3739,87.0,,,0.3766,85.0,0.2898,69.0,0.2738,79.0,0.3727,92.0,,,0.3829,91.0
2010-06-09,0.2949,77.0,0.2315,66.0,0.3741,87.0,,,0.3948,88.0,0.2916,70.0,0.2764,80.0,0.3771,93.0,,,0.3874,92.0
2010-06-08,0.2858,76.0,0.2317,66.0,0.3761,88.0,,,0.4319,93.0,0.292,70.0,0.2765,80.0,0.3764,93.0,,,0.3832,91.0
2010-06-07,0.35,85.0,0.2295,65.0,0.3933,90.0,,,0.3794,85.0,0.2922,70.0,0.2767,80.0,0.3797,93.0,,,0.3829,91.0
2010-06-04,0.3493,85.0,0.2494,73.0,0.4985,98.0,,,0.3942,88.0,0.2962,71.0,0.2823,81.0,0.4065,96.0,,,0.3803,91.0
2010-06-03,0.2759,73.0,0.2517,74.0,0.3789,88.0,,,0.4092,90.0,0.3487,84.0,0.3543,92.0,0.3658,91.0,,,0.3807,91.0
2010-06-02,0.2734,72.0,0.2663,79.0,0.3735,87.0,,,0.3853,87.0,0.3486,84.0,0.3541,92.0,0.3682,92.0,,,0.3841,91.0
2010-06-01,0.251,66.0,0.2786,82.0,0.5051,98.0,,,0.4081,90.0,0.3487,84.0,0.3538,92.0,0.4135,97.0,,,0.3884,92.0
2010-05-28,0.2775,73.0,0.2725,80.0,0.3614,85.0,,,0.342,76.0,0.3474,83.0,0.3532,92.0,0.3719,92.0,,,0.3796,91.0
2010-05-27,0.283,75.0,0.271,80.0,0.331,77.0,,,0.4034,89.0,0.3474,83.0,0.3534,92.0,0.3508,89.0,,,0.3913,92.0
2010-05-26,0.1923,45.0,0.2841,83.0,0.4737,97.0,,,0.3497,78.0,0.3459,83.0,0.3536,92.0,0.4239,97.0,,,0.3721,89.0
2010-05-25,0.2461,65.0,0.2872,83.0,0.4,91.0,,,0.4105,91.0,0.346,83.0,0.3527,92.0,0.3871,94.0,,,0.4086,94.0
2010-05-24,0.2434,64.0,0.2732,81.0,0.4203,93.0,,,0.4007,89.0,0.3459,83.0,0.3521,92.0,0.3926,95.0,,,0.4005,94.0
2010-05-21,0.2434,64.0,0.2668,79.0,0.3949,90.0,,,0.4247,92.0,0.3482,84.0,0.3524,92.0,0.3779,93.0,,,0.4034,94.0
2010-05-20,0.2423,64.0,0.235,68.0,0.4468,96.0,,,0.3906,87.0,0.3486,84.0,0.3514,92.0,0.4199,97.0,,,0.4046,94.0
2010-05-19,0.1814,40.0,0.2817,82.0,0.3519,83.0,,,0.3293,72.0,0.3461,83.0,0.3512,91.0,0.3736,93.0,,,0.3601,87.0
2010-05-18,0.1998,48.0,0.29,84.0,0.3516,83.0,,,0.3346,74.0,0.346,83.0,0.351,91.0,0.3686,92.0,,,0.3577,87.0
2010-05-17,0.2837,75.0,0.309,87.0,0.3272,76.0,,,0.3489,78.0,0.346,83.0,0.3505,91.0,0.3553,89.0,,,0.3628,88.0
2010-05-14,0.36,87.0,0.464,96.0,0.3463,81.0,,,0.355,80.0,0.3455,83.0,0.3495,91.0,0.3608,91.0,,,0.364,88.0
2010-05-13,0.3979,90.0,0.4812,97.0,0.3795,88.0,,,0.3255,71.0,0.3459,83.0,0.3497,91.0,0.3586,90.0,,,0.3541,86.0
2010-05-12,0.4023,91.0,0.4794,97.0,0.4153,93.0,,,0.3174,68.0,0.3466,83.0,0.3497,91.0,0.3653,91.0,,,0.3541,86.0
2010-05-11,0.4197,92.0,0.4868,97.0,0.3811,88.0,,,0.3383,75.0,0.3466,83.0,0.3496,91.0,0.3698,92.0,,,0.3586,87.0
2010-05-10,0.4359,93.0,0.4678,97.0,0.3537,83.0,,,0.4154,91.0,0.3462,83.0,0.3473,91.0,0.3573,90.0,,,0.3672,89.0
2010-05-07,0.3955,90.0,0.4604,96.0,0.3939,90.0,,,0.3866,87.0,0.3453,82.0,0.3467,91.0,0.3866,94.0,,,0.3716,89.0
2010-05-06,0.3717,88.0,0.438,96.0,0.4268,94.0,,,0.3735,84.0,0.3429,82.0,0.3455,91.0,0.364,91.0,,,0.354,86.0
2010-05-05,0.2913,77.0,0.2584,77.0,0.3538,83.0,,,0.3953,88.0,0.3406,81.0,0.3358,88.0,0.349,88.0,,,0.3481,84.0
2010-05-04,0.2412,63.0,0.2206,60.0,0.3795,88.0,,,0.4077,90.0,0.344,82.0,0.3377,88.0,0.3478,88.0,,,0.3522,85.0
2010-05-03,0.241,63.0,0.2115,56.0,0.3617,85.0,,,0.3877,87.0,0.354,85.0,0.3395,89.0,0.3428,86.0,,,0.3473,84.0
2010-04-30,0.1916,44.0,0.2072,54.0,0.3836,89.0,,,0.3567,80.0,0.3541,85.0,0.3395,89.0,0.3565,90.0,,,0.3423,83.0
2010-04-29,0.1628,32.0,0.2021,50.0,0.3348,78.0,,,0.3616,81.0,0.3519,84.0,0.3388,89.0,0.3319,83.0,,,0.3282,79.0
2010-04-28,0.1738,37.0,0.2242,62.0,0.3459,81.0,,,0.3538,79.0,0.3528,85.0,0.3397,89.0,0.3359,84.0,,,0.3311,80.0
2010-04-27,0.1858,42.0,0.233,67.0,0.338,79.0,,,0.3657,82.0,0.3568,86.0,0.3409,89.0,0.3372,85.0,,,0.3271,78.0
2010-04-26,0.1838,41.0,0.2234,62.0,0.3489,82.0,,,0.3489,78.0,0.3562,85.0,0.3407,89.0,0.3336,84.0,,,0.3161,75.0
2010-04-23,0.179,39.0,0.2217,61.0,0.3139,72.0,,,0.335,74.0,0.3558,85.0,0.3417,90.0,0.3243,81.0,,,0.3248,78.0
2010-04-22,0.2092,52.0,0.225,63.0,0.3162,72.0,,,0.3532,79.0,0.357,86.0,0.3426,90.0,0.3199,79.0,,,0.3237,77.0
2010-04-21,0.189,43.0,0.2124,57.0,0.3245,75.0,,,0.353,79.0,0.3584,87.0,0.3439,90.0,0.3167,78.0,,,0.3159,75.0
2010-04-20,0.1468,26.0,0.198,48.0,0.3219,74.0,,,0.3528,79.0,0.3605,88.0,0.3445,90.0,0.3195,79.0,,,0.3269,78.0
2010-04-19,0.1517,28.0,0.1868,41.0,0.3132,71.0,,,0.3468,78.0,0.3612,88.0,0.3445,90.0,0.3087,75.0,,,0.3161,75.0
2010-04-16,0.2654,70.0,0.2041,52.0,0.3266,76.0,,,0.3452,77.0,0.3611,88.0,0.3448,90.0,0.3177,78.0,,,0.314,74.0
2010-04-15,0.4131,91.0,0.3323,90.0,0.321,74.0,,,0.3355,74.0,0.3612,88.0,0.3446,90.0,0.3136,77.0,,,0.3152,75.0
2010-04-14,0.4134,91.0,0.3299,90.0,0.3042,68.0,,,0.3409,76.0,0.361,88.0,0.3446,90.0,0.3082,75.0,,,0.311,73.0
2010-04-13,0.4107,91.0,0.338,91.0,0.3309,77.0,,,0.3556,80.0,0.3611,88.0,0.3446,90.0,0.3087,75.0,,,0.3149,74.0
2010-04-12,0.4069,91.0,0.3386,91.0,0.3206,74.0,,,0.3463,77.0,0.3613,88.0,0.3449,90.0,0.3103,76.0,,,0.3085,72.0
2010-04-09,0.4245,92.0,0.3354,90.0,0.3003,67.0,,,0.2772,52.0,0.3614,88.0,0.3448,90.0,0.3026,73.0,,,0.3222,77.0
2010-04-08,0.4205,92.0,0.3315,90.0,0.2902,63.0,,,0.3358,74.0,0.3624,88.0,0.3448,90.0,0.3273,82.0,,,0.3001,69.0
2010-04-07,0.3493,85.0,0.3179,88.0,0.3062,69.0,,,0.3205,69.0,0.3613,88.0,0.3451,90.0,0.3134,77.0,,,0.3105,73.0
2010-04-06,0.1549,28.0,0.1791,35.0,0.3037,68.0,,,0.3063,65.0,0.354,85.0,0.3391,89.0,0.3027,73.0,,,0.2887,65.0
2010-04-05,0.1823,40.0,0.2065,53.0,0.2472,42.0,,,0.3126,67.0,0.3547,85.0,0.3399,89.0,0.2883,68.0,,,0.3062,71.0
2010-04-01,0.2072,51.0,0.1892,43.0,0.2753,57.0,,,0.3193,69.0,0.3558,85.0,0.3396,89.0,0.2921,69.0,,,0.3005,69.0
2010-03-31,0.1934,45.0,0.1932,45.0,0.3013,68.0,,,0.296,61.0,0.3561,85.0,0.3398,89.0,0.3081,75.0,,,0.2873,64.0
2010-03-30,0.1699,35.0,0.2112,56.0,0.2801,59.0,,,0.2963,61.0,0.3577,86.0,0.3404,89.0,0.2931,70.0,,,0.2906,65.0
2010-03-29,0.1696,35.0,0.2182,59.0,0.2748,57.0,,,0.2858,56.0,0.3577,86.0,0.341,89.0,0.2898,68.0,,,0.2911,66.0
2010-03-26,0.1807,39.0,0.2225,61.0,0.262,51.0,,,0.2732,50.0,0.3577,86.0,0.3409,89.0,0.2941,70.0,,,0.2925,66.0
2010-03-25,0.1754,37.0,0.2126,57.0,0.2919,64.0,,,0.261,43.0,0.3591,87.0,0.342,90.0,0.2958,71.0,,,0.2837,62.0
2010-03-24,0.1717,36.0,0.1984,48.0,0.3025,68.0,,,0.3033,63.0,0.3582,87.0,0.3416,90.0,0.3158,78.0,,,0.2992,69.0
2010-03-23,0.1152,12.0,0.196,47.0,0.2554,48.0,,,0.3152,68.0,0.3579,86.0,0.3419,90.0,0.2936,70.0,,,0.3095,73.0
2010-03-22,0.1255,16.0,0.1966,47.0,0.2568,48.0,,,0.3162,68.0,0.3578,86.0,0.3418,90.0,0.299,72.0,,,0.3111,73.0
2010-03-19,0.1285,17.0,0.1801,36.0,0.2319,31.0,,,0.2806,54.0,0.3577,86.0,0.3414,90.0,0.3036,73.0,,,0.3205,76.0
2010-03-18,0.1325,19.0,0.1657,26.0,0.2658,53.0,,,0.2609,43.0,0.3577,86.0,0.3409,89.0,0.3055,74.0,,,0.3128,74.0
2010-03-17,0.1199,14.0,0.1626,24.0,0.234,33.0,,,0.2536,38.0,0.358,87.0,0.3411,90.0,0.3101,76.0,,,0.3122,74.0
2010-03-16,0.1521,28.0,0.1755,33.0,0.254,47.0,,,0.2928,59.0,0.358,87.0,0.3418,90.0,0.3016,73.0,,,0.3189,76.0
2010-03-15,0.1578,30.0,0.18,36.0,0.263,52.0,,,0.2989,62.0,0.3575,86.0,0.3417,90.0,0.3052,74.0,,,0.3256,78.0
2010-03-12,0.1748,37.0,0.185,40.0,0.2587,49.0,,,0.3241,70.0,0.3578,86.0,0.3421,90.0,0.3057,74.0,,,0.332,80.0
2010-03-11,0.2119,53.0,0.1837,39.0,0.2728,56.0,,,0.317,68.0,0.3578,86.0,0.3422,90.0,0.3068,74.0,,,0.3309,80.0
2010-03-10,0.2188,56.0,0.1855,40.0,0.2654,53.0,,,0.3112,66.0,0.3579,86.0,0.3421,90.0,0.3067,74.0,,,0.3303,79.0
2010-03-09,0.2354,61.0,0.1994,49.0,0.2718,56.0,,,0.2901,57.0,0.3578,86.0,0.3422,90.0,0.3194,79.0,,,0.3229,77.0
2010-03-08,0.2362,61.0,0.1942,46.0,0.2728,56.0,,,0.309,66.0,0.3579,86.0,0.3423,90.0,0.3278,82.0,,,0.3252,78.0
2010-03-05,0.2247,57.0,0.2001,49.0,0.2189,23.0,,,0.2955,61.0,0.3588,87.0,0.3432,90.0,0.3146,77.0,,,0.3284,79.0
2010-03-04,0.2218,57.0,0.1985,48.0,0.2887,63.0,,,0.2773,52.0,0.3584,87.0,0.3441,90.0,0.3313,83.0,,,0.3215,76.0
2010-03-03,0.2165,55.0,0.1937,45.0,0.2932,64.0,,,0.2733,50.0,0.3582,87.0,0.3443,90.0,0.3258,81.0,,,0.3231,77.0
2010-03-02,0.1946,46.0,0.189,42.0,0.2639,52.0,,,0.2654,46.0,0.3571,86.0,0.3442,90.0,0.3214,80.0,,,0.3097,73.0
2010-03-01,0.1959,46.0,0.1913,44.0,0.2848,61.0,,,0.2958,61.0,0.3591,87.0,0.3454,90.0,0.3133,77.0,,,0.3255,78.0
2010-02-26,0.1991,48.0,0.1872,41.0,0.2908,63.0,,,0.2763,52.0,0.3584,87.0,0.3455,91.0,0.3175,78.0,,,0.3264,78.0
2010-02-25,0.1997,48.0,0.1856,40.0,0.2786,59.0,,,0.3046,64.0,0.3584,87.0,0.3458,91.0,0.3064,74.0,,,0.3457,83.0
2010-02-24,0.1872,42.0,0.1801,36.0,0.2788,59.0,,,0.2826,55.0,0.3582,87.0,0.3459,91.0,0.3132,77.0,,,0.3391,82.0
2010-02-23,0.1648,33.0,0.1806,36.0,0.3182,73.0,,,0.2958,61.0,0.3579,86.0,0.3457,91.0,0.3226,80.0,,,0.3394,82.0
2010-02-22,0.1499,27.0,0.187,41.0,0.2869,62.0,,,0.2863,57.0,0.3582,87.0,0.346,91.0,0.3196,79.0,,,0.3284,79.0
2010-02-19,0.1103,11.0,0.2019,50.0,0.324,75.0,,,0.3207,69.0,0.3583,87.0,0.3461,91.0,0.3133,77.0,,,0.3435,83.0
2010-02-18,0.1122,11.0,0.2014,50.0,0.2641,52.0,,,0.3638,82.0,0.3583,87.0,0.3463,91.0,0.3317,83.0,,,0.342,82.0
2010-02-17,0.1141,12.0,0.213,57.0,0.3438,81.0,,,0.3644,82.0,0.3575,86.0,0.3461,91.0,0.3327,83.0,,,0.3361,81.0
2010-02-16,0.1164,13.0,0.231,66.0,0.2861,62.0,,,0.3573,80.0,0.3587,87.0,0.347,91.0,0.3366,84.0,,,0.3472,84.0
2010-02-12,0.139,22.0,0.2361,68.0,0.3104,70.0,,,0.3263,71.0,0.3586,87.0,0.3473,91.0,0.3287,82.0,,,0.3569,86.0
2010-02-11,0.1561,28.0,0.2761,81.0,0.3328,77.0,,,0.3319,73.0,0.3586,87.0,0.3474,91.0,0.334,84.0,,,0.3488,85.0
2010-02-10,0.739,99.0,0.5416,99.0,0.338,79.0,,,0.3299,72.0,0.3599,88.0,0.3486,91.0,0.3496,88.0,,,0.3531,86.0
2010-02-09,0.736,99.0,0.5369,98.0,0.3543,83.0,,,0.3572,80.0,0.3603,88.0,0.3487,91.0,0.3501,88.0,,,0.3449,83.0
2010-02-08,0.7391,99.0,0.5387,98.0,0.3119,71.0,,,0.3763,85.0,0.3616,88.0,0.3493,91.0,0.3465,87.0,,,0.3424,83.0
2010-02-05,0.7659,99.0,0.5419,99.0,0.2877,62.0,,,0.3924,88.0,0.3609,88.0,0.3489,91.0,0.3529,89.0,,,0.3539,86.0
2010-02-04,0.7784,99.0,0.5404,98.0,0.4002,91.0,,,0.3304,73.0,0.3618,88.0,0.3492,91.0,0.364,91.0,,,0.3388,82.0
2010-02-03,0.7777,99.0,0.5348,98.0,0.3549,84.0,,,0.3547,80.0,0.3637,88.0,0.3494,91.0,0.3521,89.0,,,0.3377,81.0
2010-02-02,0.78,99.0,0.5144,98.0,0.3335,78.0,,,0.3697,83.0,0.3634,88.0,0.3493,91.0,0.3483,88.0,,,0.3403,82.0
2010-02-01,0.1044,9.0,0.2186,60.0,0.4718,97.0,,,0.5721,99.0,0.3188,76.0,0.3326,88.0,0.38,93.0,,,0.3743,90.0
2010-01-29,0.1057,9.0,0.25,74.0,0.4443,95.0,,,0.3814,86.0,0.3189,76.0,0.3326,88.0,0.3636,91.0,,,0.356,86.0
2010-01-28,0.0984,7.0,0.2432,71.0,0.3506,82.0,,,0.406,90.0,0.319,76.0,0.3324,87.0,0.3592,90.0,,,0.3475,84.0
2010-01-27,0.1086,10.0,0.2192,60.0,0.3616,85.0,,,0.3908,87.0,0.3308,78.0,0.3346,88.0,0.3402,85.0,,,0.338,81.0
2010-01-26,0.1081,10.0,0.2063,53.0,0.354,83.0,,,0.3583,80.0,0.3312,78.0,0.3355,88.0,0.3445,87.0,,,0.3382,82.0
2010-01-25,0.1066,9.0,0.2057,53.0,0.3889,90.0,,,0.4238,92.0,0.3311,78.0,0.3358,88.0,0.3404,85.0,,,0.335,81.0
2010-01-22,0.1534,28.0,0.2022,51.0,0.3568,84.0,,,0.3874,87.0,0.3314,78.0,0.3358,88.0,0.3417,86.0,,,0.339,82.0
2010-01-21,0.158,30.0,0.1977,48.0,0.3648,86.0,,,0.352,79.0,0.3312,78.0,0.3356,88.0,0.3397,85.0,,,0.3306,79.0
2010-01-20,0.1426,24.0,0.1493,16.0,0.3371,79.0,,,0.3736,84.0,0.3308,78.0,0.3343,88.0,0.335,84.0,,,0.3231,77.0
2010-01-19,0.1354,21.0,0.144,14.0,0.3518,83.0,,,0.3532,79.0,0.335,79.0,0.3361,88.0,0.3372,85.0,,,0.3221,77.0
2010-01-15,0.1567,30.0,0.147,15.0,0.3389,79.0,,,0.3889,87.0,0.3368,79.0,0.3373,88.0,0.3408,86.0,,,0.3218,76.0
2010-01-14,0.1553,28.0,0.147,15.0,0.3749,87.0,,,0.3763,85.0,0.337,79.0,0.3374,88.0,0.35,88.0,,,0.3416,82.0
2010-01-13,0.1541,28.0,0.146,15.0,0.3353,78.0,,,0.3609,81.0,0.3368,79.0,0.338,89.0,0.3403,85.0,,,0.3471,84.0
2010-01-12,0.1339,20.0,0.1504,17.0,0.3832,89.0,,,0.3698,83.0,0.3365,79.0,0.3384,89.0,0.3497,88.0,,,0.3459,84.0
2010-01-11,0.1517,28.0,0.1703,28.0,0.3661,86.0,,,0.3867,87.0,0.3366,79.0,0.3389,89.0,0.3451,87.0,,,0.3448,83.0
2010-01-08,0.1551,28.0,0.1816,37.0,0.3672,86.0,,,0.3856,87.0,0.3446,82.0,0.3408,89.0,0.3478,88.0,,,0.3364,81.0
2010-01-07,0.2419,64.0,0.1975,48.0,0.3712,87.0,,,0.3699,83.0,0.3463,83.0,0.3415,90.0,0.3518,89.0,,,0.3426,83.0
2010-01-06,0.2273,57.0,0.1906,43.0,0.401,91.0,,,0.3588,80.0,0.3473,83.0,0.3425,90.0,0.3471,87.0,,,0.3373,81.0
2010-01-05,0.2263,57.0,0.1876,42.0,0.3449,81.0,,,0.4396,94.0,0.3473,83.0,0.3429,90.0,0.3401,85.0,,,0.3448,83.0
2010-01-04,0.2363,62.0,0.1986,48.0,0.3315,77.0,,,0.421,92.0,0.3478,83.0,0.343,90.0,0.3398,85.0,,,0.3389,82.0
2009-12-31,0.2285,59.0,0.1997,49.0,0.4687,97.0,,,0.2839,56.0,0.3476,83.0,0.3433,90.0,0.3581,90.0,,,0.3238,77.0
2009-12-30,0.2098,52.0,0.2069,54.0,0.3873,89.0,,,0.3365,75.0,0.3484,84.0,0.3436,90.0,0.3486,88.0,,,0.3362,81.0
2009-12-29,0.1897,44.0,0.1977,48.0,0.3103,70.0,,,0.3995,89.0,0.348,84.0,0.3435,90.0,0.3216,80.0,,,0.3694,89.0
2009-12-28,0.1429,24.0,0.1984,48.0,0.3475,82.0,,,0.3877,87.0,0.3473,83.0,0.3436,90.0,0.3289,82.0,,,0.3417,82.0
2009-12-24,0.2483,66.0,0.245,72.0,0.321,74.0,,,0.3554,80.0,0.3472,83.0,0.3439,90.0,0.3444,87.0,,,0.3411,82.0
2009-12-23,0.2538,67.0,0.2585,77.0,0.349,82.0,,,0.3421,76.0,0.3472,83.0,0.3441,90.0,0.3517,89.0,,,0.3388,82.0
2009-12-22,0.2506,66.0,0.2681,79.0,0.3855,89.0,,,0.3346,74.0,0.35,84.0,0.3451,90.0,0.3553,89.0,,,0.3465,84.0
2009-12-21,0.282,75.0,0.3021,86.0,0.2971,66.0,,,0.3846,86.0,0.3499,84.0,0.3458,91.0,0.3394,85.0,,,0.3553,86.0
2009-12-18,0.276,73.0,0.3314,90.0,0.3342,78.0,,,0.4265,93.0,0.3496,84.0,0.3451,90.0,0.3434,86.0,,,0.3776,90.0
2009-12-17,0.2282,59.0,0.3383,91.0,0.3202,74.0,,,0.4072,90.0,0.3493,84.0,0.3456,91.0,0.3535,89.0,,,0.3819,91.0
2009-12-16,0.174,37.0,0.3319,90.0,0.4351,94.0,,,0.3474,78.0,0.3494,84.0,0.3454,90.0,0.3817,93.0,,,0.3779,90.0
2009-12-15,0.3196,81.0,0.382,94.0,0.3795,88.0,,,0.4626,96.0,0.3475,83.0,0.3439,90.0,0.3569,90.0,,,0.3568,86.0
2009-12-14,0.8371,100.0,0.9809,100.0,0.3749,87.0,,,0.4264,93.0,0.347,83.0,0.3442,90.0,0.3521,89.0,,,0.3607,88.0
2009-12-11,0.834,100.0,0.9762,100.0,0.3428,80.0,,,0.4723,96.0,0.3496,84.0,0.3454,90.0,0.3376,85.0,,,0.3742,90.0
2009-12-10,0.8651,100.0,0.9674,100.0,0.3722,87.0,,,0.382,86.0,0.3513,84.0,0.3465,91.0,0.3868,94.0,,,0.3696,89.0
2009-12-09,0.8898,100.0,0.9537,100.0,0.3882,89.0,,,0.5473,99.0,0.3501,84.0,0.3445,90.0,0.3644,91.0,,,0.3767,90.0
2009-12-08,0.8908,100.0,0.9545,100.0,0.4561,96.0,,,0.5317,98.0,0.3519,84.0,0.3454,90.0,0.3635,91.0,,,0.3947,93.0
2009-12-07,0.89,100.0,0.9547,100.0,0.5454,99.0,,,0.547,99.0,0.3524,85.0,0.3453,90.0,0.3639,91.0,,,0.3999,94.0
2009-12-04,0.8291,100.0,0.9247,100.0,0.5679,99.0,,,0.5597,99.0,0.3495,84.0,0.341,89.0,0.3859,94.0,,,0.4003,94.0
2009-12-03,0.1841,41.0,0.1898,43.0,0.3003,67.0,,,0.2386,28.0,0.2908,69.0,0.2652,75.0,0.3351,84.0,,,0.3358,81.0
2009-12-02,0.2347,61.0,0.2227,61.0,0.2273,28.0,,,0.242,31.0,0.2911,69.0,0.2659,75.0,0.3155,78.0,,,0.3574,87.0
2009-12-01,0.2497,66.0,0.2186,60.0,0.2696,55.0,,,0.254,39.0,0.2908,69.0,0.266,75.0,0.3206,79.0,,,0.3525,85.0
2009-11-30,0.2524,67.0,0.2222,61.0,0.4463,95.0,,,0.2825,55.0,0.2912,69.0,0.2673,76.0,0.3487,88.0,,,0.4433,96.0
2009-11-27,0.2587,69.0,0.2087,54.0,0.3957,90.0,,,0.2817,55.0,0.2921,70.0,0.2688,76.0,0.3502,88.0,,,0.3222,77.0
2009-11-25,0.2552,68.0,0.2039,52.0,0.272,56.0,,,0.2526,38.0,0.2931,70.0,0.2705,77.0,0.3405,86.0,,,0.3246,78.0
2009-11-24,0.2571,68.0,0.2052,52.0,0.2506,45.0,,,0.2558,40.0,0.2956,71.0,0.2739,79.0,0.2972,71.0,,,0.3477,84.0
2009-11-23,0.2649,70.0,0.2108,55.0,0.3228,75.0,,,0.2808,54.0,0.3006,72.0,0.2752,80.0,0.347,87.0,,,0.3424,83.0
2009-11-20,0.2089,52.0,0.1939,45.0,0.3508,82.0,,,0.2905,57.0,0.3045,72.0,0.278,80.0,0.3507,88.0,,,0.3364,81.0
2009-11-19,0.202,49.0,0.1809,37.0,0.243,39.0,,,0.3179,68.0,0.3041,72.0,0.2787,80.0,0.2951,71.0,,,0.3438,83.0
2009-11-18,0.1815,40.0,0.1787,35.0,0.2601,50.0,,,0.2992,62.0,0.3055,73.0,0.2794,81.0,0.3092,76.0,,,0.3518,85.0
2009-11-17,0.1784,38.0,0.1777,35.0,0.3183,73.0,,,0.3658,82.0,0.3056,73.0,0.2815,81.0,0.3149,77.0,,,0.3674,89.0
2009-11-16,0.1837,41.0,0.1844,39.0,0.3314,77.0,,,0.3582,80.0,0.3056,73.0,0.2822,81.0,0.3189,79.0,,,0.3671,89.0
2009-11-13,0.2403,63.0,0.2216,61.0,0.2812,60.0,,,0.3271,71.0,0.3114,74.0,0.2843,81.0,0.3347,84.0,,,0.4008,94.0
2009-11-12,0.3166,81.0,0.2916,84.0,0.3406,80.0,,,0.332,73.0,0.3118,74.0,0.2844,81.0,0.3289,82.0,,,0.3565,86.0
2009-11-11,0.3749,88.0,0.324,89.0,0.2865,62.0,,,0.3304,73.0,0.3112,74.0,0.2845,81.0,0.306,74.0,,,0.3476,84.0
2009-11-10,0.3337,83.0,0.3375,90.0,0.2969,66.0,,,0.3442,77.0,0.3148,75.0,0.2865,81.0,0.2968,71.0,,,0.3608,88.0
2009-11-09,0.3914,90.0,0.3389,91.0,0.2948,65.0,,,0.3406,76.0,0.3156,75.0,0.2867,81.0,0.2902,69.0,,,0.3555,86.0
2009-11-06,0.459,94.0,0.3549,92.0,0.2748,57.0,,,0.3352,74.0,0.3149,75.0,0.2868,81.0,0.3075,75.0,,,0.3421,83.0
2009-11-05,0.5523,96.0,0.3682,93.0,0.302,68.0,,,0.326,71.0,0.3181,76.0,0.288,81.0,0.2925,69.0,,,0.3502,85.0
2009-11-04,0.544,96.0,0.3548,92.0,0.3462,81.0,,,0.3694,83.0,0.3159,75.0,0.2868,81.0,0.3332,84.0,,,0.3449,83.0
2009-11-03,0.4914,95.0,0.3116,87.0,0.3079,69.0,,,0.4053,90.0,0.3113,74.0,0.2833,81.0,0.3251,81.0,,,0.375,90.0
2009-11-02,0.2629,70.0,0.2871,83.0,0.392,90.0,,,0.4171,91.0,0.2997,71.0,0.2819,81.0,0.2935,70.0,,,0.404,94.0
2009-10-30,0.3167,81.0,0.3107,87.0,0.4152,93.0,,,0.3748,84.0,0.3342,79.0,0.2965,82.0,0.3276,82.0,,,0.3748,90.0
2009-10-29,0.3504,85.0,0.3313,90.0,0.3871,89.0,,,0.3667,82.0,0.3346,79.0,0.2995,82.0,0.3343,84.0,,,0.3555,86.0
2009-10-28,0.3498,85.0,0.3296,90.0,0.3741,87.0,,,0.3913,87.0,0.3368,79.0,0.2999,82.0,0.3183,79.0,,,0.351,85.0
2009-10-27,0.3129,80.0,0.3192,88.0,0.3719,87.0,,,0.3421,76.0,0.3333,78.0,0.3,82.0,0.3458,87.0,,,0.3503,85.0
2009-10-26,0.3226,81.0,0.3118,87.0,0.3472,82.0,,,0.378,85.0,0.3332,78.0,0.2999,82.0,0.3072,75.0,,,0.324,77.0
2009-10-23,0.3227,81.0,0.2914,84.0,0.32,74.0,,,0.3557,80.0,0.333,78.0,0.2993,82.0,0.3009,72.0,,,0.3205,76.0
2009-10-22,0.3253,82.0,0.273,80.0,0.3168,73.0,,,0.3583,80.0,0.3373,79.0,0.3036,82.0,0.2725,61.0,,,0.364,88.0
2009-10-21,0.2481,66.0,0.2399,70.0,0.3685,86.0,,,0.3682,83.0,0.3353,79.0,0.3023,82.0,0.3422,86.0,,,0.3312,80.0
2009-10-20,0.1956,46.0,0.207,54.0,0.3383,79.0,,,0.3759,84.0,0.3313,78.0,0.3026,82.0,0.3095,76.0,,,0.3449,83.0
2009-10-19,0.1942,46.0,0.1963,47.0,0.3479,82.0,,,0.3781,85.0,0.3303,78.0,0.302,82.0,0.4099,96.0,,,0.3495,85.0
2009-10-16,0.226,57.0,0.2124,57.0,0.3504,82.0,,,0.3798,85.0,0.3366,79.0,0.304,83.0,0.3071,75.0,,,0.3348,80.0
2009-10-15,0.2353,61.0,0.2088,54.0,0.3412,80.0,,,0.3814,86.0,0.3371,79.0,0.3043,83.0,0.3159,78.0,,,0.3384,82.0
2009-10-14,0.2138,54.0,0.2277,64.0,0.3302,77.0,,,0.3761,85.0,0.3387,80.0,0.3066,83.0,0.2912,69.0,,,0.354,86.0
2009-10-13,0.2204,56.0,0.233,67.0,0.3432,81.0,,,0.3773,85.0,0.3443,82.0,0.3089,83.0,0.3198,79.0,,,0.3471,84.0
2009-10-12,0.2406,63.0,0.229,65.0,0.3353,78.0,,,0.3725,84.0,0.345,82.0,0.309,83.0,0.2968,71.0,,,0.356,86.0
2009-10-09,0.3411,84.0,0.2446,72.0,0.3419,80.0,,,0.3836,86.0,0.3449,82.0,0.3093,83.0,0.3119,76.0,,,0.3709,89.0
2009-10-08,0.3246,82.0,0.2517,74.0,0.3536,83.0,,,0.3878,87.0,0.344,82.0,0.3094,83.0,0.2215,23.0,,,0.3643,88.0
2009-10-07,0.2794,74.0,0.2251,63.0,0.3735,87.0,,,0.3441,77.0,0.3433,82.0,0.3085,83.0,0.3314,83.0,,,0.3657,88.0
2009-10-06,0.3163,80.0,0.2594,77.0,0.3737,87.0,,,0.3841,86.0,0.3435,82.0,0.3087,83.0,0.3083,75.0,,,0.3783,91.0
2009-10-05,0.2915,77.0,0.2517,74.0,0.3529,83.0,,,0.4027,89.0,0.3437,82.0,0.3083,83.0,0.3234,81.0,,,0.3445,83.0
2009-10-02,0.2522,67.0,0.2521,75.0,0.3396,80.0,,,0.3765,85.0,0.3452,82.0,0.3092,83.0,0.3469,87.0,,,0.3507,85.0
2009-10-01,0.2454,65.0,0.2484,73.0,0.3143,72.0,,,0.3674,83.0,0.3445,82.0,0.3098,83.0,0.335,84.0,,,0.3522,85.0
2009-09-30,0.1701,35.0,0.2383,69.0,0.3492,82.0,,,0.3079,65.0,0.3427,82.0,0.31,84.0,0.3141,77.0,,,0.3653,88.0
2009-09-29,0.1692,35.0,0.2171,59.0,0.3415,80.0,,,0.3194,69.0,0.3426,82.0,0.3097,83.0,0.3248,81.0,,,0.3429,83.0
2009-09-28,0.1819,40.0,0.2278,64.0,0.3418,80.0,,,0.322,70.0,0.3487,84.0,0.312,84.0,0.3081,75.0,,,0.3684,89.0
2009-09-25,0.1332,20.0,0.2052,52.0,0.3385,79.0,,,0.3752,84.0,0.3484,84.0,0.3114,84.0,0.2975,71.0,,,0.3492,85.0
2009-09-24,0.136,21.0,0.2007,50.0,0.3033,68.0,,,0.3724,84.0,0.3495,84.0,0.3128,84.0,0.3358,84.0,,,0.3513,85.0
2009-09-23,0.0843,4.0,0.1992,49.0,0.355,84.0,,,0.2945,60.0,0.3525,85.0,0.314,84.0,0.3019,73.0,,,0.326,78.0
2009-09-22,0.0773,3.0,0.2084,54.0,0.3549,84.0,,,0.2947,60.0,0.3534,85.0,0.3146,84.0,0.2999,72.0,,,0.3638,88.0
2009-09-21,0.1094,10.0,0.201,50.0,0.3417,80.0,,,0.3723,84.0,0.3631,88.0,0.3185,85.0,0.3107,76.0,,,0.3484,84.0
2009-09-18,0.1073,9.0,0.2074,54.0,0.3116,71.0,,,0.349,78.0,0.3647,88.0,0.3202,85.0,0.3082,75.0,,,0.3395,82.0
2009-09-17,0.1078,10.0,0.203,51.0,0.3001,67.0,,,0.3584,80.0,0.3647,88.0,0.3201,85.0,0.3211,80.0,,,0.3494,85.0
2009-09-16,0.1898,44.0,0.2203,60.0,0.3157,72.0,,,0.3347,74.0,0.3654,89.0,0.3205,85.0,0.3078,75.0,,,0.3585,87.0
2009-09-15,0.1999,48.0,0.2468,72.0,0.3249,75.0,,,0.3276,72.0,0.3654,89.0,0.3227,86.0,0.3193,79.0,,,0.3576,87.0
2009-09-14,0.188,43.0,0.2487,73.0,0.3237,75.0,,,0.3355,74.0,0.3662,89.0,0.3235,86.0,0.3242,81.0,,,0.3766,90.0
2009-09-11,0.1853,42.0,0.2411,70.0,0.3299,77.0,,,0.3257,71.0,0.3676,89.0,0.3264,87.0,0.3227,80.0,,,0.3598,87.0
2009-09-10,0.2412,63.0,0.2736,81.0,0.3117,71.0,,,0.3407,76.0,0.3691,89.0,0.3282,87.0,0.3218,80.0,,,0.3783,91.0
2009-09-09,0.2339,61.0,0.2827,82.0,0.3439,81.0,,,0.3376,75.0,0.3691,89.0,0.3284,87.0,0.3425,86.0,,,0.374,90.0
2009-09-08,0.2341,61.0,0.2819,82.0,0.3219,74.0,,,0.3429,77.0,0.3699,89.0,0.3298,87.0,0.3691,92.0,,,0.3455,83.0
2009-09-04,0.1997,48.0,0.2687,79.0,0.2945,65.0,,,0.3376,75.0,0.3731,90.0,0.3352,88.0,0.305,74.0,,,0.3887,92.0
2009-09-03,0.1749,37.0,0.2436,71.0,0.3061,69.0,,,0.351,79.0,0.3734,90.0,0.3364,88.0,0.3167,78.0,,,0.3851,92.0
2009-09-02,0.2019,49.0,0.2397,70.0,0.3413,80.0,,,0.3281,72.0,0.3776,90.0,0.3369,88.0,0.3524,89.0,,,0.36,87.0
2009-09-01,0.2072,51.0,0.2429,71.0,0.3157,72.0,,,0.3204,69.0,0.3911,92.0,0.3405,89.0,0.368,92.0,,,0.3421,83.0
2009-08-31,0.1656,33.0,0.2183,59.0,0.2984,67.0,,,0.3278,72.0,0.3901,92.0,0.3404,89.0,0.317,78.0,,,0.3834,91.0
2009-08-28,0.1713,36.0,0.2062,53.0,0.3005,67.0,,,0.3274,71.0,0.3949,92.0,0.3409,89.0,0.3232,80.0,,,0.3583,87.0
2009-08-27,0.2093,52.0,0.2222,61.0,0.2976,66.0,,,0.3324,73.0,0.3951,92.0,0.3431,90.0,0.3161,78.0,,,0.3714,89.0
2009-08-26,0.2085,52.0,0.2231,62.0,0.3117,71.0,,,0.3239,70.0,0.3952,92.0,0.3444,90.0,0.3234,81.0,,,0.3525,85.0
2009-08-25,0.185,42.0,0.2323,67.0,0.3037,68.0,,,0.3042,64.0,0.4235,93.0,0.3534,92.0,0.3188,79.0,,,0.3484,84.0
2009-08-24,0.2309,60.0,0.2594,77.0,0.3205,74.0,,,0.32,69.0,0.4255,93.0,0.3533,92.0,0.3425,86.0,,,0.3411,82.0
2009-08-21,0.2251,57.0,0.269,79.0,0.3177,73.0,,,0.3512,79.0,0.434,93.0,0.3579,92.0,0.3233,81.0,,,0.3462,84.0
2009-08-20,0.259,69.0,0.2775,81.0,0.3099,70.0,,,0.3202,69.0,0.4364,93.0,0.3591,93.0,0.3105,76.0,,,0.3663,89.0
2009-08-19,0.2621,70.0,0.2819,82.0,0.3128,71.0,,,0.3315,73.0,0.4365,93.0,0.3597,93.0,0.3004,72.0,,,0.3923,92.0
2009-08-18,0.2518,67.0,0.2836,83.0,0.3386,79.0,,,0.341,76.0,0.4373,94.0,0.3602,93.0,0.3202,79.0,,,0.3823,91.0
2009-08-17,0.3067,79.0,0.2858,83.0,0.3319,77.0,,,0.3466,78.0,0.4373,94.0,0.3614,93.0,0.3414,86.0,,,0.3678,89.0
2009-08-14,0.3097,80.0,0.3149,88.0,0.3133,71.0,,,0.3427,77.0,0.4372,93.0,0.361,93.0,0.3662,91.0,,,0.3501,85.0
2009-08-13,0.3125,80.0,0.3177,88.0,0.3129,71.0,,,0.3382,75.0,0.4363,93.0,0.3604,93.0,0.3082,75.0,,,0.3602,87.0
2009-08-12,0.2955,77.0,0.3071,86.0,0.3181,73.0,,,0.3181,68.0,0.4374,94.0,0.36,93.0,0.3265,82.0,,,0.3598,87.0
2009-08-11,0.271,72.0,0.2944,85.0,0.3414,80.0,,,0.3269,71.0,0.4363,93.0,0.3594,93.0,0.3555,89.0,,,0.3509,85.0
2009-08-10,0.4816,95.0,0.3477,92.0,0.3279,76.0,,,0.3244,71.0,0.4363,93.0,0.3598,93.0,0.3221,80.0,,,0.3744,90.0
2009-08-07,0.4772,95.0,0.3546,92.0,0.3289,76.0,,,0.3527,79.0,0.436,93.0,0.3591,93.0,0.3202,79.0,,,0.3749,90.0
2009-08-06,0.4166,92.0,0.3482,92.0,0.3283,76.0,,,0.3772,85.0,0.4372,93.0,0.3607,93.0,0.3222,80.0,,,0.3688,89.0
2009-08-05,0.4364,93.0,0.3183,88.0,0.3433,81.0,,,0.3557,80.0,0.4371,93.0,0.3591,93.0,0.3428,86.0,,,0.3513,85.0
2009-08-04,0.4237,92.0,0.2875,83.0,0.3538,83.0,,,0.3846,86.0,0.4366,93.0,0.3583,92.0,0.3313,83.0,,,0.3829,91.0
2009-08-03,0.4239,92.0,0.2871,83.0,0.3292,77.0,,,0.3925,88.0,0.4374,94.0,0.3589,93.0,0.3393,85.0,,,0.3923,92.0
2009-07-31,0.495,95.0,0.3196,88.0,0.3651,86.0,,,0.2847,56.0,0.4375,94.0,0.3596,93.0,0.4056,96.0,,,0.3431,83.0
2009-07-30,0.2402,63.0,0.2829,82.0,0.2966,66.0,,,0.3307,73.0,0.4281,93.0,0.3575,92.0,0.267,57.0,,,0.3943,93.0
2009-07-29,0.2398,63.0,0.2574,76.0,0.4313,94.0,,,0.4323,93.0,0.4295,93.0,0.358,92.0,0.3415,86.0,,,0.349,85.0
2009-07-28,0.2324,60.0,0.2619,78.0,0.4082,92.0,,,0.3955,88.0,0.4294,93.0,0.3585,92.0,0.2979,72.0,,,0.3721,89.0
2009-07-27,0.2327,60.0,0.2677,79.0,0.3287,76.0,,,0.3802,86.0,0.4295,93.0,0.3593,93.0,0.3161,78.0,,,0.3681,89.0
2009-07-24,0.2031,50.0,0.2805,82.0,0.3187,73.0,,,0.3595,81.0,0.4317,93.0,0.3616,93.0,0.3011,72.0,,,0.3602,87.0
2009-07-23,0.2943,77.0,0.3162,88.0,0.3187,73.0,,,0.356,80.0,0.4417,94.0,0.3703,94.0,0.276,63.0,,,0.3814,91.0
2009-07-22,0.3701,88.0,0.2942,85.0,0.3279,76.0,,,0.366,82.0,0.4392,94.0,0.369,94.0,0.3153,78.0,,,0.3448,83.0
2009-07-21,0.3711,88.0,0.2897,84.0,0.3251,75.0,,,0.3773,85.0,0.4384,94.0,0.3702,94.0,0.3191,79.0,,,0.3664,89.0
2009-07-20,0.3734,88.0,0.2952,85.0,0.3448,81.0,,,0.3876,87.0,0.4383,94.0,0.3708,94.0,0.3128,77.0,,,0.3735,90.0
2009-07-17,0.394,90.0,0.2857,83.0,0.3581,84.0,,,0.3982,89.0,0.4385,94.0,0.3706,94.0,0.3507,88.0,,,0.3592,87.0
2009-07-16,0.4034,91.0,0.2851,83.0,0.3506,82.0,,,0.3946,88.0,0.4403,94.0,0.371,94.0,0.3353,84.0,,,0.3661,88.0
2009-07-15,0.4421,93.0,0.2919,84.0,0.3477,82.0,,,0.6048,99.0,0.4399,94.0,0.3708,94.0,0.3446,87.0,,,0.379,91.0
2009-07-14,0.2782,74.0,0.2571,76.0,0.3504,82.0,,,0.3978,88.0,0.434,93.0,0.3702,94.0,0.3485,88.0,,,0.3703,89.0
2009-07-13,0.2631,70.0,0.254,75.0,0.3443,81.0,,,0.482,97.0,0.4345,93.0,0.37,94.0,0.3415,86.0,,,0.3842,91.0
2009-07-10,0.1873,42.0,0.2306,66.0,0.3082,70.0,,,0.3264,71.0,0.4358,93.0,0.3772,94.0,0.3552,89.0,,,0.3784,91.0
2009-07-09,0.1823,40.0,0.2244,62.0,0.3348,78.0,,,0.4041,90.0,0.4372,93.0,0.3788,95.0,0.3624,91.0,,,0.3775,90.0
2009-07-08,0.2955,77.0,0.2555,76.0,0.3543,83.0,,,0.3917,88.0,0.4371,93.0,0.3794,95.0,0.3584,90.0,,,0.3854,92.0
2009-07-07,0.2953,77.0,0.2652,78.0,0.3849,89.0,,,0.3792,85.0,0.4397,94.0,0.3803,95.0,0.3632,91.0,,,0.3721,89.0
2009-07-06,0.2452,64.0,0.2475,73.0,0.3725,87.0,,,0.3299,72.0,0.4383,94.0,0.3805,95.0,0.3523,89.0,,,0.3828,91.0
2009-07-02,0.2516,67.0,0.2545,75.0,0.3744,87.0,,,0.3718,83.0,0.4383,94.0,0.3805,95.0,0.3587,90.0,,,0.3725,90.0
2009-07-01,0.2233,57.0,0.2464,72.0,0.3523,83.0,,,0.3275,71.0,0.4375,94.0,0.3803,95.0,0.3467,87.0,,,0.3742,90.0
2009-06-30,0.2588,69.0,0.2464,72.0,0.3576,84.0,,,0.325,71.0,0.4375,94.0,0.3814,95.0,0.3518,89.0,,,0.3776,90.0
2009-06-29,0.2585,68.0,0.2612,78.0,0.3705,87.0,,,0.335,74.0,0.4396,94.0,0.3823,95.0,0.3574,90.0,,,0.3801,91.0
2009-06-26,0.2425,64.0,0.2741,81.0,0.3593,85.0,,,0.3383,75.0,0.4404,94.0,0.3824,95.0,0.3603,91.0,,,0.3872,92.0
2009-06-25,0.322,81.0,0.3171,88.0,0.3804,88.0,,,0.3766,85.0,0.4467,94.0,0.3876,96.0,0.3661,91.0,,,0.3949,93.0
2009-06-24,0.3435,84.0,0.3218,89.0,0.3925,90.0,,,0.366,82.0,0.4467,94.0,0.388,96.0,0.3713,92.0,,,0.3988,93.0
2009-06-23,0.3853,89.0,0.3342,90.0,0.3901,90.0,,,0.3316,73.0,0.4467,94.0,0.3879,96.0,0.3734,92.0,,,0.3946,93.0
2009-06-22,0.3903,90.0,0.3304,90.0,0.3902,90.0,,,0.3914,88.0,0.4546,94.0,0.3954,96.0,0.3705,92.0,,,0.3967,93.0
2009-06-19,0.3779,89.0,0.3331,90.0,0.3641,86.0,,,0.3313,73.0,0.4542,94.0,0.3961,96.0,0.3643,91.0,,,0.4028,94.0
2009-06-18,0.3868,89.0,0.3298,90.0,0.3662,86.0,,,0.3669,82.0,0.4544,94.0,0.3967,96.0,0.3642,91.0,,,0.4073,94.0
2009-06-17,0.3455,84.0,0.3034,86.0,0.3586,84.0,,,0.3849,86.0,0.4525,94.0,0.3959,96.0,0.3583,90.0,,,0.4117,95.0
2009-06-16,0.2328,60.0,0.2487,73.0,0.4095,92.0,,,0.3794,85.0,0.4494,94.0,0.3938,96.0,0.3797,93.0,,,0.4161,95.0
2009-06-15,0.237,62.0,0.2698,79.0,0.3714,87.0,,,0.3891,87.0,0.4494,94.0,0.3956,96.0,0.3724,92.0,,,0.4166,95.0
2009-06-12,0.2061,51.0,0.2789,82.0,0.3678,86.0,,,0.3488,78.0,0.4533,94.0,0.3982,96.0,0.3639,91.0,,,0.4085,94.0
2009-06-11,0.2593,69.0,0.3081,86.0,0.3805,88.0,,,0.3709,83.0,0.4537,94.0,0.4009,96.0,0.3824,94.0,,,0.4128,95.0
2009-06-10,0.3106,80.0,0.3515,92.0,0.3705,87.0,,,0.3584,80.0,0.4533,94.0,0.402,96.0,0.3692,92.0,,,0.4161,95.0
2009-06-09,0.37,88.0,0.3635,93.0,0.374,87.0,,,0.4074,90.0,0.4542,94.0,0.4042,96.0,0.3736,93.0,,,0.4303,96.0
2009-06-08,0.4266,92.0,0.4074,95.0,0.3806,88.0,,,0.3991,89.0,0.4608,95.0,0.4076,96.0,0.3901,95.0,,,0.4275,96.0
2009-06-05,0.4269,92.0,0.4135,95.0,0.3833,89.0,,,0.3755,84.0,0.4656,95.0,0.411,96.0,0.39,95.0,,,0.4314,96.0
2009-06-04,0.4592,94.0,0.4077,95.0,0.3804,88.0,,,0.4089,90.0,0.4652,95.0,0.4164,97.0,0.373,92.0,,,0.4363,96.0
2009-06-03,0.4117,91.0,0.4089,95.0,0.3677,86.0,,,0.4005,89.0,0.4668,95.0,0.4209,97.0,0.3718,92.0,,,0.4296,96.0
2009-06-02,0.4219,92.0,0.3957,94.0,0.3841,89.0,,,0.3814,86.0,0.4698,96.0,0.4311,97.0,0.3951,95.0,,,0.4353,96.0
2009-06-01,0.5112,96.0,0.3806,94.0,0.4036,91.0,,,0.4319,93.0,0.4702,96.0,0.432,98.0,0.3908,95.0,,,0.4646,98.0
2009-05-29,0.4493,94.0,0.3684,93.0,0.3968,91.0,,,0.4609,96.0,0.4786,96.0,0.4344,98.0,0.3985,95.0,,,0.4735,98.0
2009-05-28,0.2987,78.0,0.3209,88.0,0.4338,94.0,,,0.472,96.0,0.4739,96.0,0.4324,98.0,0.4125,96.0,,,0.4652,98.0
2009-05-27,0.3195,81.0,0.3317,90.0,0.4578,96.0,,,0.4879,97.0,0.4749,96.0,0.4345,98.0,0.4281,97.0,,,0.4637,98.0
2009-05-26,0.3083,79.0,0.3239,89.0,0.4575,96.0,,,0.4793,97.0,0.4737,96.0,0.4347,98.0,0.4162,97.0,,,0.4723,98.0
2009-05-22,0.2335,60.0,0.2919,84.0,0.4726,97.0,,,0.446,94.0,0.4729,96.0,0.436,98.0,0.4399,98.0,,,0.4605,98.0
2009-05-21,0.2166,55.0,0.3047,86.0,0.4389,95.0,,,0.4565,95.0,0.476,96.0,0.4383,98.0,0.4229,97.0,,,0.4559,97.0
2009-05-20,0.2387,62.0,0.2741,81.0,0.4526,96.0,,,0.4373,94.0,0.4987,98.0,0.4476,98.0,0.4185,97.0,,,0.454,97.0
2009-05-19,0.2387,62.0,0.2719,80.0,0.4228,94.0,,,0.4309,93.0,0.5027,99.0,0.4506,98.0,0.4089,96.0,,,0.4561,97.0
2009-05-18,0.2746,73.0,0.2803,82.0,0.4151,93.0,,,0.4168,91.0,0.5028,99.0,0.4526,98.0,0.3941,95.0,,,0.439,96.0
2009-05-15,0.7095,98.0,0.4662,97.0,0.3866,89.0,,,0.4039,89.0,0.5019,99.0,0.4527,98.0,0.3972,95.0,,,0.4466,97.0
2009-05-14,0.7105,99.0,0.4984,97.0,0.3772,88.0,,,0.4124,91.0,0.5017,99.0,0.4555,98.0,0.3836,94.0,,,0.432,96.0
2009-05-13,0.7521,99.0,0.5119,98.0,0.4068,92.0,,,0.4174,91.0,0.5018,99.0,0.4599,98.0,0.4061,96.0,,,0.4318,96.0
2009-05-12,0.7108,99.0,0.51,98.0,0.3791,88.0,,,0.4066,90.0,0.5014,99.0,0.4604,98.0,0.37,92.0,,,0.4438,97.0
2009-05-11,0.7158,99.0,0.5114,98.0,0.4135,93.0,,,0.4417,94.0,0.5029,99.0,0.4622,98.0,0.3962,95.0,,,0.4258,95.0
2009-05-08,0.7042,98.0,0.5121,98.0,0.3694,86.0,,,0.494,97.0,0.5027,99.0,0.4638,99.0,0.3778,93.0,,,0.4313,96.0
2009-05-07,0.7314,99.0,0.5544,99.0,0.4026,91.0,,,0.4131,91.0,0.5024,99.0,0.4677,99.0,0.3627,91.0,,,0.4467,97.0
2009-05-06,0.3896,89.0,0.3975,94.0,0.6235,100.0,,,0.7221,100.0,0.4797,97.0,0.4605,98.0,0.4128,96.0,,,0.4589,97.0
2009-05-05,0.3714,88.0,0.3771,93.0,0.4438,95.0,,,0.4911,97.0,0.4806,97.0,0.4598,98.0,0.4355,98.0,,,0.4434,97.0
2009-05-04,0.284,75.0,0.3611,92.0,0.4167,93.0,,,0.5008,97.0,0.4793,96.0,0.4595,98.0,0.3903,95.0,,,0.4669,98.0
2009-05-01,0.4112,91.0,0.3803,94.0,0.4227,94.0,,,0.4612,96.0,0.4807,97.0,0.4596,98.0,0.399,96.0,,,0.4607,98.0
2009-04-30,0.4167,92.0,0.3799,94.0,0.4556,96.0,,,0.4377,94.0,0.483,97.0,0.4628,98.0,0.4071,96.0,,,0.4507,97.0
2009-04-29,0.4365,93.0,0.4031,95.0,0.4111,92.0,,,0.4937,97.0,0.4856,97.0,0.477,99.0,0.4029,96.0,,,0.4626,98.0
2009-04-28,0.3209,81.0,0.3635,93.0,0.4721,97.0,,,0.5065,98.0,0.4882,97.0,0.4794,99.0,0.4167,97.0,,,0.4712,98.0
2009-04-27,0.3861,89.0,0.3609,92.0,0.4625,96.0,,,0.4846,97.0,0.4893,97.0,0.481,99.0,0.4223,97.0,,,0.469,98.0
2009-04-24,0.4055,91.0,0.3397,91.0,0.4471,96.0,,,0.5089,98.0,0.4934,98.0,0.4822,99.0,0.4102,96.0,,,0.4744,98.0
2009-04-23,0.4342,93.0,0.3441,91.0,0.4917,98.0,,,0.5062,98.0,0.4934,98.0,0.4939,99.0,0.4303,98.0,,,0.485,99.0
2009-04-22,0.3776,89.0,0.3062,86.0,0.4463,95.0,,,0.4506,95.0,0.49,97.0,0.4964,99.0,0.4073,96.0,,,0.4573,97.0
2009-04-21,0.3768,88.0,0.3032,86.0,0.4212,93.0,,,0.4814,97.0,0.491,98.0,0.4969,99.0,0.4026,96.0,,,0.4614,98.0
2009-04-20,0.39,90.0,0.2653,79.0,0.4262,94.0,,,0.4562,95.0,0.4946,98.0,0.4987,99.0,0.4023,96.0,,,0.4602,98.0
2009-04-17,0.2851,75.0,0.24,70.0,0.4193,93.0,,,0.4513,95.0,0.4949,98.0,0.499,99.0,0.3973,95.0,,,0.4443,97.0
2009-04-16,0.2784,74.0,0.2486,73.0,0.4189,93.0,,,0.4572,95.0,0.4952,98.0,0.501,99.0,0.394,95.0,,,0.4367,96.0
2009-04-15,0.3013,78.0,0.2593,77.0,0.3842,89.0,,,0.4604,95.0,0.517,99.0,0.5175,99.0,0.4087,96.0,,,0.4602,98.0
2009-04-14,0.2944,77.0,0.26,77.0,0.4252,94.0,,,0.4724,96.0,0.5304,99.0,0.5213,99.0,0.4204,97.0,,,0.4588,97.0
2009-04-13,0.3517,86.0,0.2983,85.0,0.4379,95.0,,,0.4672,96.0,0.5299,99.0,0.5241,99.0,0.4105,96.0,,,0.4677,98.0
2009-04-09,0.3774,89.0,0.31,87.0,0.4376,95.0,,,0.4145,91.0,0.5504,100.0,0.5303,99.0,0.4159,97.0,,,0.4637,98.0
2009-04-08,0.3771,88.0,0.337,90.0,0.3829,89.0,,,0.4403,94.0,0.5496,100.0,0.5373,100.0,0.4226,97.0,,,0.4722,98.0
2009-04-07,0.4237,92.0,0.3413,91.0,0.4461,95.0,,,0.4308,93.0,0.5568,100.0,0.5424,100.0,0.4644,99.0,,,0.472,98.0
2009-04-06,0.4346,93.0,0.3387,91.0,0.4236,94.0,,,0.4372,94.0,0.5567,100.0,0.5459,100.0,0.4446,98.0,,,0.4855,99.0
2009-04-03,0.5547,97.0,0.3894,94.0,0.3892,90.0,,,0.4538,95.0,0.5609,100.0,0.5477,100.0,0.4315,98.0,,,0.4853,99.0
2009-04-02,0.5601,97.0,0.4048,95.0,0.4019,91.0,,,0.4573,95.0,0.562,100.0,0.5517,100.0,0.4427,98.0,,,0.4905,99.0
2009-04-01,0.5187,96.0,0.378,93.0,0.3952,90.0,,,0.5325,98.0,0.5603,100.0,0.5526,100.0,0.436,98.0,,,0.5102,99.0
2009-03-31,0.5004,95.0,0.3802,94.0,0.4248,94.0,,,0.4076,90.0,0.5602,100.0,0.5526,100.0,0.4114,96.0,,,0.4468,97.0
2009-03-30,0.4988,95.0,0.3891,94.0,0.4115,92.0,,,0.4381,94.0,0.5613,100.0,0.5532,100.0,0.4126,96.0,,,0.4748,98.0
2009-03-27,0.4577,94.0,0.3829,94.0,0.4269,94.0,,,0.4231,92.0,0.5617,100.0,0.5544,100.0,0.4275,97.0,,,0.4531,97.0
2009-03-26,0.4342,93.0,0.4202,96.0,0.3824,89.0,,,0.4433,94.0,0.5651,100.0,0.5552,100.0,0.3943,95.0,,,0.4696,98.0
2009-03-25,0.3129,80.0,0.3893,94.0,0.4189,93.0,,,0.4526,95.0,0.5598,100.0,0.554,100.0,0.3988,95.0,,,0.4826,98.0
2009-03-24,0.2939,77.0,0.3708,93.0,0.4836,97.0,,,0.4659,96.0,0.5582,100.0,0.5533,100.0,0.4602,99.0,,,0.4816,98.0
2009-03-23,0.2781,74.0,0.3915,94.0,0.4262,94.0,,,0.5089,98.0,0.5581,100.0,0.5535,100.0,0.3942,95.0,,,0.4913,99.0
2009-03-20,0.3487,85.0,0.4684,97.0,0.4783,97.0,,,0.5231,98.0,0.5573,100.0,0.5534,100.0,0.4437,98.0,,,0.5028,99.0
2009-03-19,0.3711,88.0,0.4699,97.0,0.4921,98.0,,,0.4862,97.0,0.5576,100.0,0.5527,100.0,0.4646,99.0,,,0.4799,98.0
2009-03-18,0.3461,84.0,0.4675,97.0,0.4412,95.0,,,0.4853,97.0,0.5605,100.0,0.5562,100.0,0.414,97.0,,,0.4958,99.0
2009-03-17,0.6293,98.0,0.4744,97.0,0.4428,95.0,,,0.5343,98.0,0.563,100.0,0.5573,100.0,0.4049,96.0,,,0.5383,99.0
2009-03-16,0.626,98.0,0.4683,97.0,0.5062,98.0,,,0.4855,97.0,0.5667,100.0,0.5582,100.0,0.4507,99.0,,,0.4893,99.0
2009-03-13,0.6861,98.0,0.4774,97.0,0.5158,98.0,,,0.4078,90.0,0.5681,100.0,0.5591,100.0,0.4399,98.0,,,0.5363,99.0
2009-03-12,0.68,98.0,0.4877,97.0,0.5195,98.0,,,0.5432,98.0,0.5674,100.0,0.5601,100.0,0.4303,98.0,,,0.5494,100.0
2009-03-11,0.6048,98.0,0.427,96.0,0.5713,99.0,,,0.5449,99.0,0.5631,100.0,0.5563,100.0,0.5022,99.0,,,0.5293,99.0
2009-03-10,0.8486,100.0,0.5162,98.0,0.508,98.0,,,0.6247,100.0,0.563,100.0,0.5552,100.0,0.4574,99.0,,,0.5668,100.0
2009-03-09,0.7293,99.0,0.5087,98.0,0.6546,100.0,,,0.5303,98.0,0.5589,100.0,0.5553,100.0,0.5079,99.0,,,0.5132,99.0
2009-03-06,0.7127,99.0,0.5236,98.0,0.4685,97.0,,,0.5759,99.0,0.5522,100.0,0.5534,100.0,0.4737,99.0,,,0.5751,100.0
2009-03-05,0.6102,98.0,0.5286,98.0,0.6885,100.0,,,0.5158,98.0,0.5523,100.0,0.5529,100.0,0.5611,100.0,,,0.5717,100.0
2009-03-04,0.67,98.0,0.5252,98.0,0.5596,99.0,,,0.5021,97.0,0.55,100.0,0.5524,100.0,0.5097,99.0,,,0.5477,100.0
2009-03-03,0.5994,98.0,0.5123,98.0,0.5511,99.0,,,0.5345,98.0,0.5503,100.0,0.5513,100.0,0.5077,99.0,,,0.5498,100.0
2009-03-02,0.6087,98.0,0.5127,98.0,0.5702,99.0,,,0.5102,98.0,0.5517,100.0,0.5508,100.0,0.5268,100.0,,,0.5306,99.0
2009-02-27,0.3861,89.0,0.3876,94.0,0.5067,98.0,,,0.4519,95.0,0.5328,100.0,0.5457,100.0,0.4901,99.0,,,0.5027,99.0
2009-02-26,0.3853,89.0,0.3955,94.0,0.4652,97.0,,,0.4402,94.0,0.5316,99.0,0.5455,100.0,0.483,99.0,,,0.4848,99.0
2009-02-25,0.2529,67.0,0.3147,88.0,0.4553,96.0,,,0.4455,94.0,0.5271,99.0,0.5429,100.0,0.4675,99.0,,,0.4869,99.0
2009-02-24,0.2112,53.0,0.2845,83.0,0.4511,96.0,,,0.4646,96.0,0.5255,99.0,0.5418,100.0,0.4355,98.0,,,0.4969,99.0
2009-02-23,0.1994,48.0,0.2841,83.0,0.4412,95.0,,,0.4343,93.0,0.5253,99.0,0.5416,100.0,0.4451,98.0,,,0.4583,97.0
2009-02-20,0.1939,45.0,0.257,76.0,0.4054,92.0,,,0.4216,92.0,0.5268,99.0,0.5416,100.0,0.4402,98.0,,,0.488,99.0
2009-02-19,0.2807,74.0,0.2702,80.0,0.4168,93.0,,,0.398,89.0,0.5296,99.0,0.5414,100.0,0.4311,98.0,,,0.4716,98.0
2009-02-18,0.2773,73.0,0.2758,81.0,0.4187,93.0,,,0.4191,92.0,0.5306,99.0,0.5417,100.0,0.4225,97.0,,,0.476,98.0
2009-02-17,0.3126,80.0,0.2726,80.0,0.444,95.0,,,0.4135,91.0,0.5306,99.0,0.5416,100.0,0.4385,98.0,,,0.4666,98.0
2009-02-13,0.3092,79.0,0.2838,83.0,0.4128,93.0,,,0.4076,90.0,0.5297,99.0,0.5416,100.0,0.4363,98.0,,,0.4719,98.0
2009-02-12,0.3113,80.0,0.2991,85.0,0.4067,92.0,,,0.4597,95.0,0.5299,99.0,0.5417,100.0,0.4258,97.0,,,0.4764,98.0
2009-02-11,0.3098,80.0,0.3035,86.0,0.4097,92.0,,,0.4371,94.0,0.53,99.0,0.5413,100.0,0.4386,98.0,,,0.4877,99.0
2009-02-10,0.3466,85.0,0.3346,90.0,0.4328,94.0,,,0.4174,91.0,0.5294,99.0,0.5412,100.0,0.4304,98.0,,,0.4455,97.0
2009-02-09,0.2191,56.0,0.3037,86.0,0.3832,89.0,,,0.4603,95.0,0.5278,99.0,0.5398,100.0,0.4007,96.0,,,0.4817,98.0
2009-02-06,0.2381,62.0,0.322,89.0,0.3647,86.0,,,0.4063,90.0,0.528,99.0,0.5401,100.0,0.4351,98.0,,,0.4817,98.0
2009-02-05,0.2805,74.0,0.353,92.0,0.3959,90.0,,,0.4208,92.0,0.5286,99.0,0.5404,100.0,0.4263,97.0,,,0.481,98.0
2009-02-04,0.4465,93.0,0.4786,97.0,0.4419,95.0,,,0.3423,77.0,0.5281,99.0,0.5401,100.0,0.447,99.0,,,0.4583,97.0
2009-02-03,0.4151,91.0,0.4729,97.0,0.4465,96.0,,,0.4728,96.0,0.5281,99.0,0.5395,100.0,0.4375,98.0,,,0.5045,99.0
2009-02-02,0.3887,89.0,0.4933,97.0,0.4037,91.0,,,0.493,97.0,0.5292,99.0,0.5393,100.0,0.4309,98.0,,,0.4863,99.0
2009-01-30,0.4114,91.0,0.4806,97.0,0.4369,95.0,,,0.4568,95.0,0.5322,99.0,0.5399,100.0,0.441,98.0,,,0.4925,99.0
2009-01-29,0.4037,91.0,0.4744,97.0,0.4551,96.0,,,0.4365,93.0,0.5325,99.0,0.5397,100.0,0.4451,98.0,,,0.4883,99.0
2009-01-28,0.4668,94.0,0.472,97.0,0.5105,98.0,,,0.4341,93.0,0.5347,100.0,0.5397,100.0,0.4394,98.0,,,0.4892,99.0
2009-01-27,0.457,94.0,0.4458,96.0,0.4732,97.0,,,0.4596,95.0,0.5335,100.0,0.5397,100.0,0.4619,99.0,,,0.5062,99.0
2009-01-26,0.2586,69.0,0.3149,88.0,0.5677,99.0,,,0.6104,100.0,0.5442,100.0,0.5371,99.0,0.4918,99.0,,,0.5439,99.0
2009-01-23,0.2968,78.0,0.3148,88.0,0.4685,97.0,,,0.5693,99.0,0.5434,100.0,0.5369,99.0,0.477,99.0,,,0.553,100.0
2009-01-22,0.3634,87.0,0.4201,95.0,0.5057,98.0,,,0.5344,98.0,0.5462,100.0,0.5383,100.0,0.4913,99.0,,,0.5459,99.0
2009-01-21,0.3899,89.0,0.4406,96.0,0.484,97.0,,,0.5196,98.0,0.5463,100.0,0.538,100.0,0.5042,99.0,,,0.5569,100.0
2009-01-20,0.3962,90.0,0.4464,96.0,0.53,98.0,,,0.5001,97.0,0.5485,100.0,0.5385,100.0,0.5346,100.0,,,0.5402,99.0
2009-01-16,0.4113,91.0,0.453,96.0,0.4802,97.0,,,0.5402,98.0,0.5473,100.0,0.5379,100.0,0.4837,99.0,,,0.5674,100.0
2009-01-15,0.4111,91.0,0.462,96.0,0.486,97.0,,,0.5503,99.0,0.5476,100.0,0.5379,100.0,0.509,99.0,,,0.5614,100.0
2009-01-14,0.3986,90.0,0.4512,96.0,0.5629,99.0,,,0.5283,98.0,0.5471,100.0,0.5372,100.0,0.5376,100.0,,,0.5367,99.0
2009-01-13,0.3571,86.0,0.4491,96.0,0.4858,97.0,,,0.4806,97.0,0.5459,100.0,0.5373,100.0,0.5117,99.0,,,0.5406,99.0
2009-01-12,0.2728,72.0,0.3305,90.0,0.4856,97.0,,,0.5866,99.0,0.5436,100.0,0.532,99.0,0.4847,99.0,,,0.5556,100.0
2009-01-09,0.2974,78.0,0.3121,87.0,0.5456,99.0,,,0.4606,95.0,0.5427,100.0,0.5308,99.0,0.5221,100.0,,,0.5467,99.0
2009-01-08,0.3776,89.0,0.3252,89.0,0.536,99.0,,,0.5476,99.0,0.543,100.0,0.5315,99.0,0.5,99.0,,,0.521,99.0
2009-01-07,0.4626,94.0,0.4118,95.0,0.4829,97.0,,,0.5254,98.0,0.5413,100.0,0.5308,99.0,0.4844,99.0,,,0.51,99.0
2009-01-06,0.4634,94.0,0.4044,95.0,0.4549,96.0,,,0.4889,97.0,0.5418,100.0,0.531,99.0,0.4917,99.0,,,0.5021,99.0
2009-01-05,0.4637,94.0,0.4066,95.0,0.4444,95.0,,,0.5533,99.0,0.5429,100.0,0.5309,99.0,0.4842,99.0,,,0.5264,99.0
2009-01-02,0.6012,98.0,0.5185,98.0,0.4111,92.0,,,0.5204,98.0,0.5429,100.0,0.5312,99.0,0.4606,99.0,,,0.5212,99.0
2008-12-31,0.6019,98.0,0.514,98.0,0.4738,97.0,,,0.5075,98.0,0.5468,100.0,0.5313,99.0,0.4861,99.0,,,0.5429,99.0
2008-12-30,0.5466,96.0,0.5171,98.0,0.4908,98.0,,,0.5899,99.0,0.5452,100.0,0.5311,99.0,0.4792,99.0,,,0.5398,99.0
2008-12-29,0.4492,94.0,0.51,98.0,0.5307,98.0,,,0.6006,99.0,0.5424,100.0,0.5307,99.0,0.52,100.0,,,0.5223,99.0
2008-12-26,0.3752,88.0,0.4308,96.0,0.4939,98.0,,,0.4995,97.0,0.5377,100.0,0.5266,99.0,0.5308,100.0,,,0.5431,99.0
2008-12-24,0.3594,87.0,0.4571,96.0,0.5458,99.0,,,0.5498,99.0,0.5376,100.0,0.5266,99.0,0.5228,100.0,,,0.5435,99.0
2008-12-23,0.3935,90.0,0.5051,97.0,0.5763,99.0,,,0.5438,99.0,0.5384,100.0,0.5264,99.0,0.5338,100.0,,,0.5113,99.0
2008-12-22,0.3352,83.0,0.4318,96.0,0.5083,98.0,,,0.6053,99.0,0.5323,99.0,0.5212,99.0,0.4984,99.0,,,0.5022,99.0
2008-12-19,0.3352,83.0,0.4407,96.0,0.5984,99.0,,,0.5254,98.0,0.5327,99.0,0.5206,99.0,0.552,100.0,,,0.5634,100.0
2008-12-18,0.3473,85.0,0.463,96.0,0.5229,98.0,,,0.5714,99.0,0.5339,100.0,0.5203,99.0,0.5423,100.0,,,0.5676,100.0
2008-12-17,0.4219,92.0,0.5094,98.0,0.6526,100.0,,,0.5683,99.0,0.5342,100.0,0.52,99.0,0.5553,100.0,,,0.5715,100.0
2008-12-15,0.5856,97.0,0.6096,99.0,0.7167,100.0,,,0.6128,100.0,0.5356,100.0,0.519,99.0,0.5949,100.0,,,0.5689,100.0
2008-12-12,0.5415,96.0,0.6377,99.0,0.5667,99.0,,,0.681,100.0,0.5314,99.0,0.5166,99.0,0.5764,100.0,,,0.5991,100.0
2008-12-11,0.6084,98.0,0.7344,100.0,0.6164,100.0,,,0.5767,99.0,0.5309,99.0,0.5147,99.0,0.5775,100.0,,,0.5671,100.0
2008-12-10,0.6448,98.0,0.7524,100.0,0.5792,99.0,,,0.5523,99.0,0.5313,99.0,0.5137,99.0,0.5552,100.0,,,0.574,100.0
2008-12-09,0.7971,99.0,0.7626,100.0,0.6372,100.0,,,0.5985,99.0,0.5304,99.0,0.5122,99.0,0.5716,100.0,,,0.5777,100.0
2008-12-08,0.7113,99.0,0.7312,100.0,0.6951,100.0,,,0.605,99.0,0.5246,99.0,0.5094,99.0,0.5657,100.0,,,0.5589,100.0
2008-12-05,0.6616,98.0,0.7229,100.0,0.8562,100.0,,,0.5399,98.0,0.5204,99.0,0.5063,99.0,0.6407,100.0,,,0.5608,100.0
2008-12-04,0.6595,98.0,0.665,99.0,0.6088,99.0,,,0.6987,100.0,0.5296,99.0,0.5021,99.0,0.5776,100.0,,,0.5955,100.0
2008-12-03,0.6301,98.0,0.6303,99.0,0.655,100.0,,,0.5199,98.0,0.5279,99.0,0.4974,99.0,0.5911,100.0,,,0.5836,100.0
2008-12-02,0.6113,98.0,0.517,98.0,0.6614,100.0,,,0.6136,100.0,0.524,99.0,0.4879,99.0,0.5713,100.0,,,0.5706,100.0
2008-12-01,0.8552,100.0,0.6228,99.0,0.7233,100.0,,,0.647,100.0,0.5216,99.0,0.4853,99.0,0.6043,100.0,,,0.5778,100.0
2008-11-28,0.7912,99.0,0.6238,99.0,0.5911,99.0,,,0.6274,100.0,0.5146,99.0,0.4836,99.0,0.5462,100.0,,,0.5957,100.0
2008-11-26,0.789,99.0,0.6474,99.0,0.6024,99.0,,,0.6385,100.0,0.5172,99.0,0.485,99.0,0.5537,100.0,,,0.5954,100.0
2008-11-25,0.7845,99.0,0.6298,99.0,0.6085,99.0,,,0.6465,100.0,0.5166,99.0,0.4827,99.0,0.5653,100.0,,,0.5798,100.0
2008-11-24,0.7719,99.0,0.6581,99.0,0.6098,99.0,,,0.7361,100.0,0.5166,99.0,0.4823,99.0,0.5544,100.0,,,0.6291,100.0
2008-11-21,0.7726,99.0,0.6808,99.0,0.6229,100.0,,,0.7307,100.0,0.5164,99.0,0.4801,99.0,0.5623,100.0,,,0.6396,100.0
2008-11-20,0.6664,98.0,0.6675,99.0,0.73,100.0,,,0.6379,100.0,0.5139,99.0,0.4814,99.0,0.6171,100.0,,,0.5803,100.0
2008-11-19,0.334,83.0,0.557,99.0,0.753,100.0,,,0.593,99.0,0.4888,97.0,0.4715,99.0,0.5956,100.0,,,0.568,100.0
2008-11-18,0.258,68.0,0.536,98.0,0.573,99.0,,,0.6858,100.0,0.4841,97.0,0.4681,99.0,0.5337,100.0,,,0.5729,100.0
2008-11-17,0.2628,70.0,0.5704,99.0,0.6111,99.0,,,0.5884,99.0,0.4857,97.0,0.4664,99.0,0.5549,100.0,,,0.5746,100.0
2008-11-14,0.2158,55.0,0.586,99.0,0.6473,100.0,,,0.5406,98.0,0.486,97.0,0.4654,99.0,0.5852,100.0,,,0.5424,99.0
2008-11-13,0.2172,55.0,0.5642,99.0,0.5889,99.0,,,0.6713,100.0,0.4862,97.0,0.4633,98.0,0.5225,100.0,,,0.5756,100.0
2008-11-12,0.2735,72.0,0.5065,97.0,0.6885,100.0,,,0.5899,99.0,0.4862,97.0,0.4592,98.0,0.5814,100.0,,,0.5435,99.0
2008-11-11,0.3792,89.0,0.4973,97.0,0.6205,100.0,,,0.5537,99.0,0.4847,97.0,0.4579,98.0,0.5582,100.0,,,0.545,99.0
2008-11-10,0.3977,90.0,0.5205,98.0,0.5365,99.0,,,0.5634,99.0,0.4828,97.0,0.4563,98.0,0.5325,100.0,,,0.5493,100.0
2008-11-07,0.4393,93.0,0.6943,100.0,0.506,98.0,,,0.5885,99.0,0.4829,97.0,0.4544,98.0,0.5047,99.0,,,0.5626,100.0
2008-11-06,0.5294,96.0,0.71,100.0,0.5698,99.0,,,0.5572,99.0,0.4829,97.0,0.4498,98.0,0.5242,100.0,,,0.5593,100.0
2008-11-05,0.411,91.0,0.7068,100.0,0.5275,98.0,,,0.5039,97.0,0.4805,97.0,0.4474,98.0,0.5145,99.0,,,0.5244,99.0
2008-11-04,0.5203,96.0,0.7181,100.0,0.4839,97.0,,,0.4994,97.0,0.4795,96.0,0.446,98.0,0.5064,99.0,,,0.5306,99.0
2008-11-03,0.5373,96.0,0.8431,100.0,0.5282,98.0,,,0.5675,99.0,0.4828,97.0,0.4468,98.0,0.5386,100.0,,,0.5662,100.0
2008-10-31,0.5365,96.0,0.8755,100.0,0.5225,98.0,,,0.6176,100.0,0.481,97.0,0.4462,98.0,0.5205,100.0,,,0.5635,100.0
2008-10-30,0.5654,97.0,0.8516,100.0,0.5919,99.0,,,0.615,100.0,0.4928,98.0,0.457,98.0,0.5605,100.0,,,0.5783,100.0
2008-10-29,0.6051,98.0,0.7332,100.0,0.744,100.0,,,0.5593,99.0,0.4907,97.0,0.442,98.0,0.5709,100.0,,,0.5511,100.0
2008-10-28,0.5333,96.0,0.6866,99.0,0.6311,100.0,,,0.7038,100.0,0.4844,97.0,0.4358,98.0,0.5323,100.0,,,0.5827,100.0
2008-10-27,0.4948,95.0,0.6919,100.0,0.7653,100.0,,,0.6485,100.0,0.4848,97.0,0.4342,98.0,0.6082,100.0,,,0.5975,100.0
2008-10-24,0.8183,99.0,0.8611,100.0,0.6846,100.0,,,0.6434,100.0,0.4819,97.0,0.4327,98.0,0.5908,100.0,,,0.587,100.0
2008-10-23,0.9884,100.0,0.7818,100.0,0.656,100.0,,,0.6138,100.0,0.4819,97.0,0.4195,97.0,0.5842,100.0,,,0.586,100.0
2008-10-22,0.9878,100.0,0.7715,100.0,0.6175,100.0,,,0.6271,100.0,0.4822,97.0,0.415,97.0,0.5856,100.0,,,0.596,100.0
2008-10-21,1.1672,100.0,0.8366,100.0,0.59,99.0,,,0.5696,99.0,0.4808,97.0,0.4142,96.0,0.5695,100.0,,,0.58,100.0
2008-10-20,1.0909,100.0,0.8832,100.0,0.5775,99.0,,,0.6246,100.0,0.4755,96.0,0.4107,96.0,0.5357,100.0,,,0.5825,100.0
2008-10-17,1.2071,100.0,0.926,100.0,0.666,100.0,,,0.6355,100.0,0.4729,96.0,0.4105,96.0,0.5974,100.0,,,0.5969,100.0
2008-10-16,1.1903,100.0,0.9454,100.0,0.5517,99.0,,,0.6988,100.0,0.4718,96.0,0.4084,96.0,0.5433,100.0,,,0.6526,100.0
2008-10-15,1.0119,100.0,0.7977,100.0,1.0127,100.0,,,0.5733,99.0,0.4525,94.0,0.389,96.0,0.653,100.0,,,0.566,100.0
2008-10-14,0.8943,100.0,0.8029,100.0,0.6158,100.0,,,0.7081,100.0,0.435,93.0,0.3836,95.0,0.5679,100.0,,,0.5877,100.0
2008-10-13,0.9201,100.0,0.7949,100.0,0.5568,99.0,,,0.8007,100.0,0.4357,93.0,0.3797,95.0,0.4934,99.0,,,0.5888,100.0
2008-10-10,0.4551,94.0,0.7237,100.0,0.6137,100.0,,,0.6888,100.0,0.4109,93.0,0.3715,94.0,0.5745,100.0,,,0.6378,100.0
2008-10-09,0.3694,88.0,0.6481,99.0,0.7306,100.0,,,0.6068,99.0,0.4115,93.0,0.3611,93.0,0.5648,100.0,,,0.5881,100.0
2008-10-08,0.437,93.0,0.5913,99.0,0.586,99.0,,,0.5578,99.0,0.3977,92.0,0.3525,92.0,0.4672,99.0,,,0.4932,99.0
2008-10-07,0.4424,93.0,0.5446,99.0,0.6052,99.0,,,0.4947,97.0,0.3983,92.0,0.3463,91.0,0.4669,99.0,,,0.4601,97.0
2008-10-06,0.5291,96.0,0.5251,98.0,0.5173,98.0,,,0.4973,97.0,0.394,92.0,0.3433,90.0,0.4196,97.0,,,0.453,97.0
2008-10-03,0.5354,96.0,0.4423,96.0,0.5117,98.0,,,0.4246,92.0,0.3916,92.0,0.3362,88.0,0.4525,99.0,,,0.457,97.0
2008-10-02,0.4867,95.0,0.4019,95.0,0.4249,94.0,,,0.4367,94.0,0.3861,91.0,0.3329,88.0,0.4292,97.0,,,0.458,97.0
2008-10-01,0.4908,95.0,0.3987,95.0,0.4412,95.0,,,0.4709,96.0,0.3857,91.0,0.3319,87.0,0.3759,93.0,,,0.3932,93.0
2008-09-30,0.4392,93.0,0.3767,93.0,0.4054,92.0,,,0.4063,90.0,0.3809,91.0,0.3291,87.0,0.3533,89.0,,,0.378,90.0
2008-09-29,0.4683,94.0,0.4278,96.0,0.5318,99.0,,,0.4634,96.0,0.3793,90.0,0.3258,87.0,0.4026,96.0,,,0.3986,93.0
2008-09-26,0.3823,89.0,0.4669,97.0,0.3495,82.0,,,0.3508,79.0,0.3742,90.0,0.3242,86.0,0.3531,89.0,,,0.3692,89.0
2008-09-25,0.5522,96.0,0.4839,97.0,0.3501,82.0,,,0.3629,81.0,0.372,90.0,0.3221,85.0,0.3527,89.0,,,0.367,89.0
2008-09-24,0.5684,97.0,0.5015,97.0,0.3623,85.0,,,0.3707,83.0,0.373,90.0,0.3223,86.0,0.3484,88.0,,,0.3521,85.0
2008-09-23,0.58,97.0,0.5324,98.0,0.3524,83.0,,,0.394,88.0,0.3727,90.0,0.3224,86.0,0.3501,88.0,,,0.3589,87.0
2008-09-22,0.5857,97.0,0.5262,98.0,0.3732,87.0,,,0.3554,80.0,0.3728,90.0,0.3222,86.0,0.3497,88.0,,,0.3506,85.0
2008-09-19,0.5774,97.0,0.5188,98.0,0.3719,87.0,,,0.3572,80.0,0.3716,89.0,0.321,85.0,0.3433,86.0,,,0.3354,81.0
2008-09-18,0.5168,96.0,0.4481,96.0,0.2673,54.0,,,0.5191,98.0,0.3689,89.0,0.3141,84.0,0.3017,73.0,,,0.4061,94.0
2008-09-17,0.4158,91.0,0.3844,94.0,0.8123,100.0,,,0.3101,66.0,0.3643,88.0,0.3086,83.0,0.3963,95.0,,,0.323,77.0
2008-09-16,0.2978,78.0,0.339,91.0,0.218,22.0,,,0.4811,97.0,0.3536,85.0,0.3056,83.0,0.2846,67.0,,,0.3931,93.0
2008-09-15,0.2556,68.0,0.3106,87.0,0.3869,89.0,,,0.3505,79.0,0.3529,85.0,0.3051,83.0,0.3525,89.0,,,0.3544,86.0
2008-09-12,0.2815,75.0,0.2522,75.0,0.3224,74.0,,,0.3385,75.0,0.3519,84.0,0.3021,82.0,0.3318,83.0,,,0.346,84.0
2008-09-11,0.3111,80.0,0.2737,81.0,0.317,73.0,,,0.3515,79.0,0.3569,86.0,0.3034,82.0,0.325,81.0,,,0.3443,83.0
2008-09-10,0.3023,78.0,0.2844,83.0,0.3193,73.0,,,0.3364,75.0,0.3566,86.0,0.3034,82.0,0.3255,81.0,,,0.3438,83.0
2008-09-09,0.2948,77.0,0.2615,78.0,0.4434,95.0,,,0.2786,53.0,0.3572,86.0,0.3068,83.0,0.3559,90.0,,,0.3231,77.0
2008-09-08,0.3231,81.0,0.264,78.0,0.3552,84.0,,,0.3136,67.0,0.3571,86.0,0.3073,83.0,0.3397,85.0,,,0.3355,81.0
2008-09-05,0.2966,78.0,0.2528,75.0,0.3524,83.0,,,0.3138,67.0,0.3557,85.0,0.307,83.0,0.3425,86.0,,,0.3357,81.0
2008-09-04,0.3059,79.0,0.2597,77.0,0.3451,81.0,,,0.3235,70.0,0.3583,87.0,0.3073,83.0,0.3382,85.0,,,0.3404,82.0
2008-09-03,0.3594,87.0,0.2761,81.0,0.3196,74.0,,,0.3236,70.0,0.3561,85.0,0.3066,83.0,0.3278,82.0,,,0.3362,81.0
2008-09-02,0.398,90.0,0.2843,83.0,0.3132,71.0,,,0.3525,79.0,0.3551,85.0,0.3064,83.0,0.3293,82.0,,,0.3468,84.0
2008-08-29,0.426,92.0,0.2714,80.0,0.3094,70.0,,,0.3256,71.0,0.355,85.0,0.3053,83.0,0.3316,83.0,,,0.3401,82.0
2008-08-28,0.426,92.0,0.2832,82.0,0.2961,66.0,,,0.338,75.0,0.3548,85.0,0.3054,83.0,0.327,82.0,,,0.3439,83.0
2008-08-27,0.3771,88.0,0.2721,80.0,0.3257,75.0,,,0.3412,76.0,0.3533,85.0,0.3055,83.0,0.3297,83.0,,,0.3464,84.0
2008-08-26,0.3762,88.0,0.2807,82.0,0.3262,76.0,,,0.3514,79.0,0.3538,85.0,0.3059,83.0,0.3326,83.0,,,0.3476,84.0
2008-08-25,0.3874,89.0,0.273,80.0,0.3354,78.0,,,0.347,78.0,0.3534,85.0,0.3057,83.0,0.3336,84.0,,,0.3435,83.0
2008-08-22,0.2976,78.0,0.2413,71.0,0.3035,68.0,,,0.3265,71.0,0.3482,84.0,0.3045,83.0,0.3237,81.0,,,0.3363,81.0
2008-08-21,0.2182,55.0,0.2056,53.0,0.3237,75.0,,,0.3434,77.0,0.3452,82.0,0.3036,82.0,0.3282,82.0,,,0.3429,83.0
2008-08-20,0.1672,34.0,0.2153,57.0,0.317,73.0,,,0.3381,75.0,0.343,82.0,0.3038,83.0,0.3263,82.0,,,0.3416,82.0
2008-08-19,0.2174,55.0,0.2253,63.0,0.3159,72.0,,,0.3403,76.0,0.3443,82.0,0.3047,83.0,0.3239,81.0,,,0.3383,82.0
2008-08-18,0.2224,57.0,0.231,66.0,0.3187,73.0,,,0.3463,77.0,0.3443,82.0,0.3046,83.0,0.3341,84.0,,,0.3449,83.0
2008-08-15,0.2121,53.0,0.2158,57.0,0.3134,71.0,,,0.3185,69.0,0.3443,82.0,0.3057,83.0,0.3242,81.0,,,0.3333,80.0
2008-08-14,0.2823,75.0,0.233,67.0,0.3161,72.0,,,0.3349,74.0,0.3444,82.0,0.306,83.0,0.3266,82.0,,,0.3407,82.0
2008-08-13,0.3979,90.0,0.2952,85.0,0.3158,72.0,,,0.3288,72.0,0.3443,82.0,0.3061,83.0,0.3266,82.0,,,0.3361,81.0
2008-08-12,0.3944,90.0,0.2999,85.0,0.3398,80.0,,,0.3494,78.0,0.344,82.0,0.306,83.0,0.335,84.0,,,0.3486,84.0
2008-08-11,0.393,90.0,0.3085,86.0,0.3266,76.0,,,0.3429,77.0,0.345,82.0,0.3056,83.0,0.3392,85.0,,,0.3497,85.0
2008-08-08,0.4481,94.0,0.3339,90.0,0.3121,71.0,,,0.3824,86.0,0.3439,82.0,0.3046,83.0,0.3361,84.0,,,0.3457,83.0
2008-08-07,0.7197,99.0,0.4125,95.0,0.3251,75.0,,,0.412,91.0,0.3446,82.0,0.3049,83.0,0.3406,86.0,,,0.3497,85.0
2008-08-06,0.7063,98.0,0.4188,95.0,0.4077,92.0,,,0.3304,73.0,0.3447,82.0,0.3059,83.0,0.331,83.0,,,0.3395,82.0
2008-08-05,0.7618,99.0,0.4737,97.0,0.3738,87.0,,,0.3607,81.0,0.3431,82.0,0.3058,83.0,0.3384,85.0,,,0.3446,83.0
2008-08-04,0.7333,99.0,0.4405,96.0,0.346,81.0,,,0.3313,73.0,0.3375,79.0,0.3034,82.0,0.3232,80.0,,,0.329,79.0
2008-08-01,0.7457,99.0,0.4506,96.0,0.3347,78.0,,,0.3765,85.0,0.3382,80.0,0.3037,83.0,0.3302,83.0,,,0.3455,83.0
2008-07-31,0.7406,99.0,0.4342,96.0,0.3989,91.0,,,0.3113,66.0,0.3366,79.0,0.3025,82.0,0.3297,83.0,,,0.3257,78.0
2008-07-29,0.3769,88.0,0.3198,88.0,0.4225,94.0,,,0.3955,88.0,0.3044,72.0,0.2948,82.0,0.3155,78.0,,,0.3178,75.0
2008-07-28,0.3771,88.0,0.3264,89.0,0.3811,88.0,,,0.4185,92.0,0.3133,75.0,0.3399,89.0,0.3125,77.0,,,0.3228,77.0
2008-07-25,0.2138,54.0,0.2366,69.0,0.3449,81.0,,,0.3513,79.0,0.3805,91.0,0.3552,92.0,0.3059,74.0,,,0.3125,74.0
2008-07-24,0.2172,55.0,0.2399,70.0,0.351,83.0,,,0.365,82.0,0.3805,91.0,0.3551,92.0,0.3081,75.0,,,0.3183,75.0
2008-07-23,0.1334,20.0,0.2578,76.0,0.3472,82.0,,,0.3379,75.0,0.3776,90.0,0.3546,92.0,0.3099,76.0,,,0.3125,74.0
2008-07-22,0.1614,32.0,0.266,79.0,0.324,75.0,,,0.3362,75.0,0.3777,90.0,0.3548,92.0,0.3059,74.0,,,0.316,75.0
2008-07-21,0.1653,33.0,0.2868,83.0,0.3387,79.0,,,0.3356,74.0,0.3803,90.0,0.356,92.0,0.3072,75.0,,,0.3132,74.0
2008-07-18,0.1797,39.0,0.2914,84.0,0.3429,80.0,,,0.3241,70.0,0.3803,90.0,0.3574,92.0,0.3224,80.0,,,0.3208,76.0
2008-07-17,0.1851,42.0,0.2914,84.0,0.3365,79.0,,,0.3613,81.0,0.3816,91.0,0.3619,93.0,0.3125,77.0,,,0.327,78.0
2008-07-16,0.2834,75.0,0.3092,87.0,0.3366,79.0,,,0.347,78.0,0.3814,91.0,0.3617,93.0,0.319,79.0,,,0.3307,79.0
2008-07-15,0.3274,82.0,0.3206,88.0,0.3557,84.0,,,0.3801,86.0,0.3833,91.0,0.3626,93.0,0.3256,81.0,,,0.3262,78.0
2008-07-14,0.327,82.0,0.3,85.0,0.3591,85.0,,,0.3372,75.0,0.3847,91.0,0.3626,93.0,0.3339,84.0,,,0.3246,78.0
2008-07-11,0.3183,81.0,0.3003,85.0,0.3287,76.0,,,0.4264,93.0,0.3846,91.0,0.3623,93.0,0.3218,80.0,,,0.3394,82.0
2008-07-10,0.3177,81.0,0.2863,83.0,0.3313,77.0,,,0.3887,87.0,0.3855,91.0,0.3622,93.0,0.3232,80.0,,,0.3315,80.0
2008-07-09,0.3484,85.0,0.2839,83.0,0.3898,90.0,,,0.3337,74.0,0.3844,91.0,0.3621,93.0,0.3357,84.0,,,0.3331,80.0
2008-07-08,0.3482,85.0,0.2876,83.0,0.3334,78.0,,,0.3572,80.0,0.3852,91.0,0.3627,93.0,0.3286,82.0,,,0.336,81.0
2008-07-07,0.2243,57.0,0.2545,75.0,0.4114,92.0,,,0.3443,77.0,0.3814,91.0,0.3632,94.0,0.3437,86.0,,,0.335,81.0
2008-07-03,0.2769,73.0,0.259,77.0,0.355,84.0,,,0.3545,79.0,0.3813,91.0,0.3629,94.0,0.3393,85.0,,,0.3407,82.0
2008-07-02,0.2785,74.0,0.2465,72.0,0.3996,91.0,,,0.377,85.0,0.3817,91.0,0.3632,94.0,0.3489,88.0,,,0.3438,83.0
2008-07-01,0.2789,74.0,0.252,74.0,0.3737,87.0,,,0.3677,83.0,0.3821,91.0,0.3636,94.0,0.3506,88.0,,,0.3467,84.0
2008-06-30,0.3159,80.0,0.2616,78.0,0.3149,72.0,,,0.3857,87.0,0.3822,91.0,0.3632,94.0,0.3379,85.0,,,0.3517,85.0
2008-06-27,0.315,80.0,0.2705,80.0,0.3119,71.0,,,0.3682,83.0,0.3806,91.0,0.3633,94.0,0.3322,83.0,,,0.3483,84.0
2008-06-26,0.3045,79.0,0.2587,77.0,0.3628,85.0,,,0.3625,81.0,0.3815,91.0,0.3626,93.0,0.3463,87.0,,,0.3467,84.0
2008-06-25,0.2984,78.0,0.2627,78.0,0.3263,76.0,,,0.3528,79.0,0.3805,91.0,0.3626,93.0,0.3325,83.0,,,0.3398,82.0
2008-06-24,0.2208,56.0,0.2555,76.0,0.352,83.0,,,0.3483,78.0,0.3803,90.0,0.3622,93.0,0.3474,87.0,,,0.3424,83.0
2008-06-23,0.235,61.0,0.2576,76.0,0.3638,86.0,,,0.3516,79.0,0.3796,90.0,0.3621,93.0,0.3371,84.0,,,0.3399,82.0
2008-06-20,0.2415,64.0,0.244,71.0,0.3775,88.0,,,0.3407,76.0,0.3822,91.0,0.3624,93.0,0.3374,85.0,,,0.3375,81.0
2008-06-19,0.4528,94.0,0.2578,76.0,0.3297,77.0,,,0.4333,93.0,0.381,91.0,0.3636,94.0,0.3225,80.0,,,0.3302,79.0
2008-06-18,0.4398,93.0,0.2496,73.0,0.3465,82.0,,,0.3311,73.0,0.3837,91.0,0.3636,94.0,0.3173,78.0,,,0.3207,76.0
2008-06-17,0.4401,93.0,0.254,75.0,0.3519,83.0,,,0.3842,86.0,0.3837,91.0,0.3633,94.0,0.3162,78.0,,,0.322,77.0
2008-06-16,0.4389,93.0,0.2504,74.0,0.3392,79.0,,,0.4435,94.0,0.3833,91.0,0.3636,94.0,0.3044,74.0,,,0.3197,76.0
2008-06-13,0.5453,96.0,0.28,82.0,0.3118,71.0,,,0.4234,92.0,0.3833,91.0,0.3629,94.0,0.3017,73.0,,,0.3236,77.0
2008-06-12,0.5934,97.0,0.3237,89.0,0.3265,76.0,,,0.3696,83.0,0.3848,91.0,0.3628,94.0,0.3042,73.0,,,0.3173,75.0
2008-06-11,0.597,98.0,0.3301,90.0,0.3309,77.0,,,0.3055,64.0,0.3849,91.0,0.3628,94.0,0.31,76.0,,,0.3182,75.0
2008-06-10,0.3299,82.0,0.3097,87.0,0.3552,84.0,,,0.3196,69.0,0.3712,89.0,0.3622,93.0,0.2852,67.0,,,0.3006,69.0
2008-06-09,0.3316,83.0,0.3113,87.0,0.3519,83.0,,,0.3196,69.0,0.3727,90.0,0.363,94.0,0.2936,70.0,,,0.3005,69.0
2008-06-06,0.3437,84.0,0.3932,94.0,0.3177,73.0,,,0.3035,63.0,0.3739,90.0,0.363,94.0,0.2853,67.0,,,0.298,68.0
2008-06-05,0.3456,84.0,0.3928,94.0,0.2754,57.0,,,0.3137,67.0,0.3738,90.0,0.363,94.0,0.2797,64.0,,,0.3056,71.0
2008-06-04,0.2551,68.0,0.3567,92.0,0.2972,66.0,,,0.3544,79.0,0.3719,89.0,0.3625,93.0,0.2918,69.0,,,0.3084,72.0
2008-06-03,0.22,56.0,0.3256,89.0,0.3562,84.0,,,0.346,77.0,0.3685,89.0,0.3602,93.0,0.2966,71.0,,,0.301,70.0
2008-06-02,0.2563,68.0,0.3245,89.0,0.3457,81.0,,,0.3531,79.0,0.369,89.0,0.3598,93.0,0.2972,71.0,,,0.3068,72.0
2008-05-30,0.2636,70.0,0.3386,91.0,0.3329,78.0,,,0.3413,76.0,0.3696,89.0,0.3597,93.0,0.2929,70.0,,,0.3027,70.0
2008-05-29,0.258,68.0,0.3411,91.0,0.3339,78.0,,,0.3329,73.0,0.3696,89.0,0.3595,93.0,0.2984,72.0,,,0.3031,70.0
2008-05-28,0.2565,68.0,0.2348,68.0,0.3062,69.0,,,0.3509,79.0,0.3696,89.0,0.3546,92.0,0.2938,70.0,,,0.3029,70.0
2008-05-27,0.2587,69.0,0.2453,72.0,0.3022,68.0,,,0.3474,78.0,0.3743,90.0,0.3562,92.0,0.2893,68.0,,,0.3047,71.0
2008-05-23,0.2651,70.0,0.2522,75.0,0.2981,66.0,,,0.3349,74.0,0.3749,90.0,0.3565,92.0,0.2928,70.0,,,0.302,70.0
2008-05-22,0.1978,47.0,0.2354,68.0,0.2881,62.0,,,0.3355,74.0,0.3734,90.0,0.3559,92.0,0.2843,67.0,,,0.3007,70.0
2008-05-21,0.1294,18.0,0.229,65.0,0.2983,66.0,,,0.3267,71.0,0.3727,90.0,0.3557,92.0,0.2927,70.0,,,0.3002,69.0
2008-05-20,0.1554,28.0,0.1991,49.0,0.2966,66.0,,,0.3283,72.0,0.3729,90.0,0.3547,92.0,0.2898,68.0,,,0.3012,70.0
2008-05-19,0.2689,71.0,0.2403,70.0,0.3085,70.0,,,0.3272,71.0,0.3727,90.0,0.3546,92.0,0.2857,67.0,,,0.3018,70.0
2008-05-16,0.2779,74.0,0.2436,71.0,0.3289,76.0,,,0.3332,73.0,0.3729,90.0,0.3543,92.0,0.2899,69.0,,,0.2977,68.0
2008-05-15,0.49,95.0,0.5321,98.0,0.3168,73.0,,,0.3304,73.0,0.3727,90.0,0.3539,92.0,0.2824,66.0,,,0.2989,69.0
2008-05-14,0.5028,95.0,0.5341,98.0,0.3192,73.0,,,0.3378,75.0,0.3734,90.0,0.3544,92.0,0.2882,68.0,,,0.2993,69.0
2008-05-13,0.5267,96.0,0.5332,98.0,0.354,83.0,,,0.3511,79.0,0.3738,90.0,0.3546,92.0,0.2926,70.0,,,0.2988,69.0
2008-05-12,0.5817,97.0,0.542,99.0,0.3258,75.0,,,0.3567,80.0,0.3741,90.0,0.3544,92.0,0.2744,62.0,,,0.308,72.0
2008-05-09,0.5913,97.0,0.5554,99.0,0.3387,79.0,,,0.2895,57.0,0.3739,90.0,0.3552,92.0,0.2847,67.0,,,0.2954,67.0
2008-05-08,0.5665,97.0,0.5401,98.0,0.3222,74.0,,,0.3533,79.0,0.3695,89.0,0.3539,92.0,0.2945,70.0,,,0.2936,67.0
2008-05-07,0.5559,97.0,0.5392,98.0,0.3095,70.0,,,0.3406,76.0,0.3703,89.0,0.3543,92.0,0.2938,70.0,,,0.291,66.0
2008-05-06,0.2879,76.0,0.2528,75.0,0.4473,96.0,,,0.3918,88.0,0.3562,85.0,0.3368,88.0,0.3,72.0,,,0.3107,73.0
2008-05-05,0.2882,76.0,0.2528,75.0,0.3832,89.0,,,0.3943,88.0,0.3572,86.0,0.3385,89.0,0.3005,72.0,,,0.3011,70.0
2008-05-02,0.2717,72.0,0.3042,86.0,0.3888,90.0,,,0.367,82.0,0.3572,86.0,0.3387,89.0,0.302,73.0,,,0.3037,71.0
2008-05-01,0.1478,26.0,0.3073,86.0,0.3481,82.0,,,0.3779,85.0,0.3556,85.0,0.3388,89.0,0.2926,70.0,,,0.3046,71.0
2008-04-30,0.3293,82.0,0.3254,89.0,0.3776,88.0,,,0.364,82.0,0.3618,88.0,0.3398,89.0,0.2945,70.0,,,0.2986,69.0
2008-04-29,0.3321,83.0,0.3166,88.0,0.3719,87.0,,,0.3568,80.0,0.3618,88.0,0.3394,89.0,0.3011,72.0,,,0.3084,72.0
2008-04-28,0.3421,84.0,0.3147,88.0,0.3757,88.0,,,0.3701,83.0,0.3613,88.0,0.3393,89.0,0.2949,71.0,,,0.3092,72.0
2008-04-25,0.3409,84.0,0.324,89.0,0.3638,86.0,,,0.3625,81.0,0.362,88.0,0.3393,89.0,0.2971,71.0,,,0.3113,73.0
2008-04-24,0.353,86.0,0.3201,88.0,0.3631,85.0,,,0.3771,85.0,0.3648,88.0,0.3393,89.0,0.3045,74.0,,,0.309,72.0
2008-04-23,0.3425,84.0,0.2711,80.0,0.3668,86.0,,,0.3678,83.0,0.3639,88.0,0.3372,88.0,0.3071,75.0,,,0.311,73.0
2008-04-22,0.3326,83.0,0.2518,74.0,0.3758,88.0,,,0.3824,86.0,0.3628,88.0,0.3374,88.0,0.3023,73.0,,,0.3121,73.0
2008-04-21,0.2919,77.0,0.2075,54.0,0.363,85.0,,,0.3611,81.0,0.3585,87.0,0.3357,88.0,0.3009,72.0,,,0.313,74.0
2008-04-18,0.2921,77.0,0.2008,50.0,0.3471,82.0,,,0.3579,80.0,0.3595,88.0,0.3368,88.0,0.3078,75.0,,,0.3142,74.0
2008-04-17,0.2628,70.0,0.201,50.0,0.3631,85.0,,,0.3694,83.0,0.3607,88.0,0.3377,88.0,0.309,76.0,,,0.3248,78.0
2008-04-16,0.2649,70.0,0.1753,33.0,0.3549,84.0,,,0.3736,84.0,0.3607,88.0,0.3369,88.0,0.3091,76.0,,,0.3262,78.0
2008-04-15,0.2218,57.0,0.1715,30.0,0.3741,87.0,,,0.367,82.0,0.3598,88.0,0.3376,88.0,0.315,77.0,,,0.3193,76.0
2008-04-14,0.2151,54.0,0.1713,30.0,0.3812,88.0,,,0.3683,83.0,0.3596,88.0,0.3378,89.0,0.3175,78.0,,,0.3144,74.0
2008-04-11,0.2388,62.0,0.1824,38.0,0.3609,85.0,,,0.3671,82.0,0.3592,88.0,0.3383,89.0,0.3219,80.0,,,0.3192,76.0
2008-04-10,0.1727,36.0,0.1632,24.0,0.3325,77.0,,,0.4339,93.0,0.3564,86.0,0.3379,89.0,0.3049,74.0,,,0.3213,76.0
2008-04-09,0.2287,59.0,0.1836,38.0,0.3586,84.0,,,0.3801,86.0,0.3571,86.0,0.3394,89.0,0.3124,77.0,,,0.3122,74.0
2008-04-08,0.2372,62.0,0.1991,49.0,0.3634,85.0,,,0.3591,80.0,0.3572,86.0,0.3391,89.0,0.3071,75.0,,,0.3178,75.0
2008-04-07,0.2316,60.0,0.2169,59.0,0.3483,82.0,,,0.4321,93.0,0.3571,86.0,0.3392,89.0,0.3109,76.0,,,0.3211,76.0
2008-04-04,0.2308,60.0,0.2193,60.0,0.3433,81.0,,,0.388,87.0,0.3572,86.0,0.3391,89.0,0.3057,74.0,,,0.3199,76.0
2008-04-03,0.2461,65.0,0.2237,62.0,0.3565,84.0,,,0.3648,82.0,0.3586,87.0,0.3398,89.0,0.3146,77.0,,,0.3174,75.0
2008-04-02,0.1824,40.0,0.208,54.0,0.336,78.0,,,0.3779,85.0,0.3577,86.0,0.3396,89.0,0.2974,71.0,,,0.3172,75.0
2008-04-01,0.1827,41.0,0.2246,62.0,0.338,79.0,,,0.4131,91.0,0.3577,86.0,0.3397,89.0,0.2939,70.0,,,0.322,77.0
2008-03-31,0.1282,17.0,0.245,72.0,0.3502,82.0,,,0.3791,85.0,0.3563,85.0,0.3392,89.0,0.3188,79.0,,,0.3237,77.0
2008-03-28,0.0938,6.0,0.2433,71.0,0.3458,81.0,,,0.3754,84.0,0.3572,86.0,0.3387,89.0,0.3204,79.0,,,0.3299,79.0
2008-03-27,0.3305,82.0,0.2615,78.0,0.3585,84.0,,,0.3589,80.0,0.3575,86.0,0.3383,89.0,0.3217,80.0,,,0.3198,76.0
2008-03-26,0.3328,83.0,0.2732,81.0,0.3549,84.0,,,0.3704,83.0,0.3582,87.0,0.3384,89.0,0.317,78.0,,,0.3242,77.0
2008-03-25,0.3409,84.0,0.3481,92.0,0.3686,86.0,,,0.3703,83.0,0.3586,87.0,0.3385,89.0,0.3101,76.0,,,0.3096,73.0
2008-03-24,0.3347,83.0,0.366,93.0,0.363,85.0,,,0.3395,76.0,0.3587,87.0,0.3386,89.0,0.3236,81.0,,,0.316,75.0
2008-03-20,0.3333,83.0,0.3604,92.0,0.3295,77.0,,,0.347,78.0,0.3594,88.0,0.3383,89.0,0.3114,76.0,,,0.3224,77.0
2008-03-19,0.3362,83.0,0.3473,92.0,0.3566,84.0,,,0.3175,68.0,0.3592,88.0,0.3377,88.0,0.3381,85.0,,,0.318,75.0
2008-03-18,0.336,83.0,0.3354,90.0,0.3078,69.0,,,0.3374,75.0,0.3591,87.0,0.3371,88.0,0.313,77.0,,,0.3219,77.0
2008-03-17,0.2471,65.0,0.3272,89.0,0.3778,88.0,,,0.3442,77.0,0.3526,85.0,0.3359,88.0,0.3487,88.0,,,0.337,81.0
2008-03-14,0.2371,62.0,0.3188,88.0,0.3451,81.0,,,0.3021,63.0,0.3577,86.0,0.3365,88.0,0.3128,77.0,,,0.3112,73.0
2008-03-13,0.2197,56.0,0.2286,65.0,0.3523,83.0,,,0.3209,69.0,0.3584,87.0,0.333,88.0,0.3127,77.0,,,0.3195,76.0
2008-03-12,0.2199,56.0,0.2238,62.0,0.3457,81.0,,,0.3177,68.0,0.358,87.0,0.3322,87.0,0.3195,79.0,,,0.3242,77.0
2008-03-11,0.244,64.0,0.2277,64.0,0.3398,80.0,,,0.3404,76.0,0.3586,87.0,0.3323,87.0,0.3097,76.0,,,0.3239,77.0
2008-03-10,0.1338,20.0,0.224,62.0,0.3241,75.0,,,0.3242,70.0,0.3556,85.0,0.3322,87.0,0.3297,83.0,,,0.3265,78.0
2008-03-07,0.1225,15.0,0.2316,66.0,0.2734,57.0,,,0.3178,68.0,0.3553,85.0,0.3324,87.0,0.321,80.0,,,0.3194,76.0
2008-03-06,0.1185,13.0,0.2259,63.0,0.2838,61.0,,,0.3211,70.0,0.3553,85.0,0.3322,87.0,0.3212,80.0,,,0.3212,76.0
2008-03-05,0.1392,23.0,0.24,70.0,0.3034,68.0,,,0.3255,71.0,0.3565,86.0,0.3325,87.0,0.3123,77.0,,,0.331,80.0
2008-03-04,0.1968,47.0,0.2693,79.0,0.2744,57.0,,,0.3069,65.0,0.3566,86.0,0.3325,87.0,0.317,78.0,,,0.3232,77.0
2008-03-03,0.193,45.0,0.253,75.0,0.3006,67.0,,,0.3084,65.0,0.3584,87.0,0.3321,87.0,0.3207,79.0,,,0.3349,80.0
2008-02-29,0.1913,44.0,0.2773,81.0,0.301,67.0,,,0.2877,57.0,0.3581,87.0,0.3315,87.0,0.3217,80.0,,,0.3241,77.0
2008-02-28,0.1948,46.0,0.2795,82.0,0.3032,68.0,,,0.2934,60.0,0.3582,87.0,0.3311,87.0,0.3247,81.0,,,0.3211,76.0
2008-02-27,0.1769,38.0,0.2738,81.0,0.2913,64.0,,,0.3098,66.0,0.3583,87.0,0.3308,87.0,0.3128,77.0,,,0.3261,78.0
2008-02-26,0.1936,45.0,0.2604,77.0,0.3016,68.0,,,0.292,59.0,0.3598,88.0,0.3306,87.0,0.3184,79.0,,,0.3235,77.0
2008-02-25,0.2398,63.0,0.2549,75.0,0.3089,70.0,,,0.3098,66.0,0.36,88.0,0.3301,87.0,0.3203,79.0,,,0.3241,77.0
2008-02-22,0.1815,40.0,0.2245,62.0,0.3056,69.0,,,0.3107,66.0,0.3581,87.0,0.3287,87.0,0.3295,82.0,,,0.3382,82.0
2008-02-21,0.2288,59.0,0.2383,69.0,0.3115,71.0,,,0.3043,64.0,0.3583,87.0,0.3284,87.0,0.3317,83.0,,,0.3303,79.0
2008-02-20,0.2246,57.0,0.2209,61.0,0.3083,70.0,,,0.3283,72.0,0.3583,87.0,0.3272,87.0,0.3248,81.0,,,0.342,82.0
2008-02-19,0.2507,66.0,0.2286,65.0,0.3364,79.0,,,0.3196,69.0,0.3581,87.0,0.3268,87.0,0.3358,84.0,,,0.3328,80.0
2008-02-15,0.2503,66.0,0.2403,70.0,0.3305,77.0,,,0.3567,80.0,0.3579,86.0,0.3269,87.0,0.3413,86.0,,,0.3537,86.0
2008-02-14,0.2639,70.0,0.2558,76.0,0.4078,92.0,,,0.3852,86.0,0.3579,86.0,0.3271,87.0,0.3776,93.0,,,0.3782,91.0
2008-02-13,0.2511,66.0,0.2495,73.0,0.3886,89.0,,,0.3867,87.0,0.3571,86.0,0.3299,87.0,0.3666,92.0,,,0.377,90.0
2008-02-12,0.2471,65.0,0.2604,77.0,0.3754,87.0,,,0.3963,88.0,0.3578,86.0,0.3319,87.0,0.3526,89.0,,,0.391,92.0
2008-02-11,0.1785,39.0,0.2505,74.0,0.4824,97.0,,,0.5109,98.0,0.3564,86.0,0.3323,87.0,0.355,89.0,,,0.3933,93.0
2008-02-08,0.3964,90.0,0.7511,100.0,0.3967,91.0,,,0.4702,96.0,0.3572,86.0,0.3337,88.0,0.3649,91.0,,,0.3951,93.0
2008-02-07,1.0166,100.0,0.896,100.0,0.49,98.0,,,0.4393,94.0,0.3568,86.0,0.3336,88.0,0.3815,93.0,,,0.374,90.0
2008-02-06,1.0167,100.0,0.8929,100.0,0.4919,98.0,,,0.4116,91.0,0.3715,89.0,0.3465,91.0,0.3799,93.0,,,0.3807,91.0
2008-02-05,1.024,100.0,0.8921,100.0,0.4857,97.0,,,0.4394,94.0,0.3749,90.0,0.3514,92.0,0.3781,93.0,,,0.3737,90.0
2008-02-04,1.0269,100.0,0.893,100.0,0.4599,96.0,,,0.4618,96.0,0.3749,90.0,0.3535,92.0,0.3649,91.0,,,0.3798,91.0
2008-02-01,1.0279,100.0,0.8998,100.0,0.439,95.0,,,0.4616,96.0,0.3749,90.0,0.354,92.0,0.3556,90.0,,,0.3624,88.0
2008-01-31,1.0318,100.0,0.909,100.0,0.4911,98.0,,,0.5129,98.0,0.376,90.0,0.3551,92.0,0.364,91.0,,,0.367,89.0
2008-01-29,0.2009,48.0,0.3712,93.0,0.4996,98.0,,,0.5252,98.0,0.2968,71.0,0.2897,81.0,0.3408,86.0,,,0.3469,84.0
2008-01-28,0.2299,59.0,0.3907,94.0,0.478,97.0,,,0.5059,98.0,0.2972,71.0,0.2908,82.0,0.3524,89.0,,,0.3664,89.0
2008-01-25,0.3266,82.0,0.4105,95.0,0.5057,98.0,,,0.5064,98.0,0.3006,72.0,0.292,82.0,0.361,91.0,,,0.3572,87.0
2008-01-24,0.3259,82.0,0.407,95.0,0.5226,98.0,,,0.4638,96.0,0.3017,72.0,0.2937,82.0,0.3516,89.0,,,0.3481,84.0
2008-01-23,0.3023,78.0,0.4021,95.0,0.4635,97.0,,,0.4885,97.0,0.3006,72.0,0.293,82.0,0.3445,87.0,,,0.3622,88.0
2008-01-22,0.2922,77.0,0.3806,94.0,0.4856,97.0,,,0.4528,95.0,0.3036,72.0,0.2916,82.0,0.3288,82.0,,,0.336,81.0
2008-01-18,0.3214,81.0,0.3077,86.0,0.3845,89.0,,,0.3797,85.0,0.3021,72.0,0.2862,81.0,0.3183,79.0,,,0.3179,75.0
2008-01-17,0.3594,87.0,0.3386,91.0,0.503,98.0,,,0.3595,81.0,0.3059,73.0,0.2865,81.0,0.3301,83.0,,,0.3096,73.0
2008-01-16,0.3138,80.0,0.3269,89.0,0.3749,87.0,,,0.3672,83.0,0.3031,72.0,0.2849,81.0,0.3077,75.0,,,0.299,69.0
2008-01-15,0.2868,76.0,0.3136,87.0,0.3519,83.0,,,0.3027,63.0,0.3016,72.0,0.2829,81.0,0.2972,71.0,,,0.2848,63.0
2008-01-14,0.2855,76.0,0.3277,89.0,0.3062,69.0,,,0.2881,57.0,0.3015,72.0,0.2828,81.0,0.279,64.0,,,0.2768,57.0
2008-01-11,0.2176,55.0,0.3063,86.0,0.289,63.0,,,0.2732,50.0,0.2998,72.0,0.2817,81.0,0.2783,64.0,,,0.2635,47.0
2008-01-10,0.1998,48.0,0.3083,86.0,0.2867,62.0,,,0.2795,54.0,0.2996,71.0,0.2815,81.0,0.2812,65.0,,,0.2677,51.0
2008-01-09,0.2482,66.0,0.286,83.0,0.2785,59.0,,,0.2748,51.0,0.2985,71.0,0.2801,81.0,0.2637,56.0,,,0.2674,51.0
2008-01-08,0.2126,53.0,0.2403,70.0,0.3129,71.0,,,0.2833,56.0,0.2968,71.0,0.2775,80.0,0.2754,63.0,,,0.2673,51.0
2008-01-07,0.2467,65.0,0.2422,71.0,0.2879,62.0,,,0.2788,53.0,0.2964,71.0,0.2767,80.0,0.2674,57.0,,,0.265,49.0
2008-01-04,0.2205,56.0,0.2137,57.0,0.2962,66.0,,,0.2986,62.0,0.2956,71.0,0.2751,79.0,0.2704,60.0,,,0.2771,57.0
2008-01-03,0.2878,76.0,0.2198,60.0,0.29,63.0,,,0.2972,61.0,0.2975,71.0,0.2745,79.0,0.2815,65.0,,,0.273,55.0
2008-01-02,0.3126,80.0,0.2725,80.0,0.2742,57.0,,,0.2938,60.0,0.2977,71.0,0.2746,79.0,0.2693,59.0,,,0.2785,59.0
2007-12-31,0.3871,89.0,0.2781,81.0,0.331,77.0,,,0.2824,55.0,0.2977,71.0,0.2743,79.0,0.2793,64.0,,,0.2635,47.0
2007-12-28,0.36,87.0,0.2745,81.0,0.2524,46.0,,,0.2856,56.0,0.2965,71.0,0.2741,79.0,0.2684,59.0,,,0.2726,54.0
2007-12-27,0.362,87.0,0.2849,83.0,0.2936,65.0,,,0.2934,60.0,0.2965,71.0,0.274,79.0,0.2757,63.0,,,0.2688,52.0
2007-12-26,0.3135,80.0,0.2721,80.0,0.2636,52.0,,,0.2755,51.0,0.2953,70.0,0.273,79.0,0.2634,55.0,,,0.2598,44.0
2007-12-24,0.3723,88.0,0.2763,81.0,0.2858,62.0,,,0.2967,61.0,0.2964,71.0,0.2735,79.0,0.2589,52.0,,,0.2707,53.0
2007-12-21,0.3278,82.0,0.2542,75.0,0.2806,59.0,,,0.2706,49.0,0.2929,70.0,0.2724,78.0,0.2712,61.0,,,0.265,49.0
2007-12-20,0.2826,75.0,0.2181,59.0,0.2678,54.0,,,0.2837,56.0,0.2939,70.0,0.2716,78.0,0.2648,56.0,,,0.2721,54.0
2007-12-19,0.2542,67.0,0.2328,67.0,0.3127,71.0,,,0.3076,65.0,0.2899,69.0,0.2707,77.0,0.2787,64.0,,,0.2736,55.0
2007-12-18,0.2921,77.0,0.2485,73.0,0.2881,62.0,,,0.2999,62.0,0.2897,69.0,0.2711,78.0,0.2727,61.0,,,0.2795,59.0
2007-12-17,0.2818,75.0,0.2353,68.0,0.3359,78.0,,,0.2951,60.0,0.2892,69.0,0.2704,77.0,0.2895,68.0,,,0.2747,56.0
2007-12-14,0.3487,85.0,0.2716,80.0,0.3186,73.0,,,0.2905,57.0,0.2892,69.0,0.2705,77.0,0.2839,66.0,,,0.2689,52.0
2007-12-13,0.291,77.0,0.2675,79.0,0.2863,62.0,,,0.3064,65.0,0.2872,68.0,0.2704,77.0,0.2673,57.0,,,0.2795,59.0
2007-12-12,0.3257,82.0,0.2647,78.0,0.3833,89.0,,,0.3057,64.0,0.2874,68.0,0.2712,78.0,0.2702,60.0,,,0.2807,60.0
2007-12-11,0.3407,84.0,0.2544,75.0,0.3632,85.0,,,0.3079,65.0,0.2871,68.0,0.2703,77.0,0.2837,66.0,,,0.2796,59.0
2007-12-10,0.2988,78.0,0.2291,65.0,0.2757,57.0,,,0.3077,65.0,0.2857,68.0,0.2695,77.0,0.2669,57.0,,,0.2782,59.0
2007-12-07,0.2773,73.0,0.2174,59.0,0.2729,56.0,,,0.3031,63.0,0.2835,68.0,0.2686,76.0,0.262,54.0,,,0.2712,53.0
2007-12-06,0.3858,89.0,0.26,77.0,0.2943,65.0,,,0.3656,82.0,0.2844,68.0,0.2693,77.0,0.2609,54.0,,,0.2771,57.0
2007-12-05,0.3382,83.0,0.2247,62.0,0.2879,62.0,,,0.3637,82.0,0.28,67.0,0.2677,76.0,0.2671,57.0,,,0.2801,60.0
2007-12-04,0.3625,87.0,0.226,63.0,0.3625,85.0,,,0.3532,79.0,0.2801,67.0,0.2674,76.0,0.2721,61.0,,,0.273,55.0
2007-12-03,0.3538,86.0,0.2304,66.0,0.3331,78.0,,,0.3394,76.0,0.2798,67.0,0.2685,76.0,0.2669,57.0,,,0.2761,57.0
2007-11-30,0.3568,86.0,0.2274,64.0,0.3392,79.0,,,0.36,81.0,0.2797,67.0,0.2682,76.0,0.2669,57.0,,,0.2773,57.0
2007-11-29,0.3562,86.0,0.2331,67.0,0.3553,84.0,,,0.3417,76.0,0.2797,67.0,0.2682,76.0,0.2609,54.0,,,0.2716,54.0
2007-11-28,0.3443,84.0,0.2262,63.0,0.2996,67.0,,,0.3565,80.0,0.2798,67.0,0.268,76.0,0.2531,48.0,,,0.2764,57.0
2007-11-27,0.2296,59.0,0.1777,35.0,0.3649,86.0,,,0.3553,80.0,0.2727,66.0,0.2658,75.0,0.2757,63.0,,,0.2801,60.0
2007-11-26,0.222,57.0,0.1919,44.0,0.4101,92.0,,,0.3453,77.0,0.272,66.0,0.2654,75.0,0.2944,70.0,,,0.2759,57.0
2007-11-23,0.2011,49.0,0.1958,47.0,0.3517,83.0,,,0.361,81.0,0.2707,65.0,0.2652,75.0,0.2704,60.0,,,0.2818,61.0
2007-11-21,0.1966,47.0,0.1896,43.0,0.3861,89.0,,,0.3523,79.0,0.27,65.0,0.2651,75.0,0.2935,70.0,,,0.277,57.0
2007-11-20,0.1981,47.0,0.2131,57.0,0.3324,77.0,,,0.3797,85.0,0.2724,66.0,0.2656,75.0,0.2649,57.0,,,0.2848,63.0
2007-11-19,0.1964,47.0,0.2217,61.0,0.344,81.0,,,0.3507,79.0,0.2721,66.0,0.2655,75.0,0.2809,65.0,,,0.2761,57.0
2007-11-16,0.2225,57.0,0.2448,72.0,0.3231,75.0,,,0.3284,72.0,0.2719,66.0,0.2663,76.0,0.2671,57.0,,,0.279,59.0
2007-11-15,0.3296,82.0,0.2712,80.0,0.3253,75.0,,,0.3373,75.0,0.2716,66.0,0.2661,75.0,0.2704,60.0,,,0.2824,61.0
2007-11-14,0.3404,84.0,0.2993,85.0,0.2969,66.0,,,0.3382,75.0,0.2716,66.0,0.2658,75.0,0.2623,55.0,,,0.2763,57.0
2007-11-13,0.3428,84.0,0.2992,85.0,0.3142,72.0,,,0.3294,72.0,0.272,66.0,0.2659,75.0,0.2582,52.0,,,0.2755,57.0
2007-11-12,0.3364,83.0,0.3209,88.0,0.3151,72.0,,,0.3105,66.0,0.2723,66.0,0.2666,76.0,0.2655,57.0,,,0.2694,52.0
2007-11-09,0.4571,94.0,0.3445,91.0,0.323,75.0,,,0.3356,74.0,0.2716,66.0,0.2652,75.0,0.2734,61.0,,,0.2771,57.0
2007-11-08,0.4642,94.0,0.3365,90.0,0.3176,73.0,,,0.3218,70.0,0.2721,66.0,0.2646,75.0,0.2729,61.0,,,0.2835,62.0
2007-11-07,0.4279,92.0,0.3265,89.0,0.3467,82.0,,,0.3139,67.0,0.2706,65.0,0.2639,74.0,0.29,69.0,,,0.2806,60.0
2007-11-06,0.412,91.0,0.3065,86.0,0.419,93.0,,,0.4028,89.0,0.2655,65.0,0.2625,74.0,0.2704,60.0,,,0.2757,57.0
2007-11-05,0.4479,94.0,0.2731,80.0,0.3313,77.0,,,0.3813,86.0,0.2644,64.0,0.2602,73.0,0.2849,67.0,,,0.2797,59.0
2007-11-02,0.4413,93.0,0.2731,80.0,0.3676,86.0,,,0.3813,86.0,0.2638,64.0,0.2603,73.0,0.2742,62.0,,,0.2777,57.0
2007-11-01,0.44,93.0,0.2777,81.0,0.3882,89.0,,,0.3667,82.0,0.266,65.0,0.2602,73.0,0.2862,67.0,,,0.2865,63.0
2007-10-31,0.2427,64.0,0.2384,69.0,0.3277,76.0,,,0.3159,68.0,0.2534,60.0,0.2635,74.0,0.2614,54.0,,,0.2736,55.0
2007-10-30,0.2541,67.0,0.2626,78.0,0.2906,63.0,,,0.3672,83.0,0.254,60.0,0.2634,74.0,0.2655,57.0,,,0.2749,56.0
2007-10-29,0.3353,83.0,0.2816,82.0,0.4504,96.0,,,0.4202,92.0,0.2542,61.0,0.263,74.0,0.2665,57.0,,,0.2671,50.0
2007-10-26,0.3157,80.0,0.2762,81.0,0.391,90.0,,,0.3989,89.0,0.2531,60.0,0.2626,74.0,0.2689,59.0,,,0.2722,54.0
2007-10-25,0.2306,59.0,0.2861,83.0,0.387,89.0,,,0.4092,90.0,0.2517,59.0,0.2629,74.0,0.2642,56.0,,,0.2739,55.0
2007-10-24,0.2307,60.0,0.2831,82.0,0.3414,80.0,,,0.3446,77.0,0.2518,59.0,0.2627,74.0,0.2583,52.0,,,0.264,48.0
2007-10-23,0.2324,60.0,0.2718,80.0,0.319,73.0,,,0.2805,54.0,0.2569,62.0,0.2631,74.0,0.2538,48.0,,,0.2587,43.0
2007-10-22,0.2272,57.0,0.2635,78.0,0.312,71.0,,,0.2959,61.0,0.2566,62.0,0.2622,74.0,0.2551,50.0,,,0.2601,45.0
2007-10-19,0.185,42.0,0.2693,79.0,0.3011,67.0,,,0.2863,57.0,0.2553,61.0,0.2605,74.0,0.2648,56.0,,,0.2586,43.0
2007-10-18,0.1122,11.0,0.239,70.0,0.2944,65.0,,,0.3089,66.0,0.252,59.0,0.2589,73.0,0.252,47.0,,,0.2633,47.0
2007-10-17,0.1232,15.0,0.2411,70.0,0.2629,51.0,,,0.3043,64.0,0.252,59.0,0.259,73.0,0.2538,48.0,,,0.2715,54.0
2007-10-16,0.1084,10.0,0.2179,59.0,0.2723,56.0,,,0.2827,55.0,0.252,59.0,0.2578,73.0,0.2575,52.0,,,0.262,46.0
2007-10-15,0.203,50.0,0.2325,67.0,0.2762,57.0,,,0.2908,59.0,0.2519,59.0,0.2574,73.0,0.2438,40.0,,,0.2571,42.0
2007-10-12,0.2201,56.0,0.2214,61.0,0.2661,53.0,,,0.2849,56.0,0.2516,59.0,0.2573,73.0,0.2413,37.0,,,0.2496,36.0
2007-10-11,0.2193,56.0,0.2207,60.0,0.2824,60.0,,,0.2936,60.0,0.2538,60.0,0.2572,73.0,0.247,43.0,,,0.2577,42.0
2007-10-10,0.1732,36.0,0.1749,32.0,0.2639,52.0,,,0.2834,56.0,0.2527,60.0,0.2551,72.0,0.2412,37.0,,,0.252,37.0
2007-10-09,0.163,32.0,0.1878,42.0,0.2575,49.0,,,0.2558,40.0,0.2534,60.0,0.2555,72.0,0.2411,37.0,,,0.2533,38.0
2007-10-08,0.2096,52.0,0.1905,43.0,0.2887,63.0,,,0.2666,47.0,0.2533,60.0,0.2552,72.0,0.2449,41.0,,,0.2507,37.0
2007-10-05,0.1953,46.0,0.1977,48.0,0.2552,47.0,,,0.2851,56.0,0.2533,60.0,0.2553,72.0,0.2389,35.0,,,0.2536,39.0
2007-10-04,0.1825,40.0,0.1841,39.0,0.251,45.0,,,0.2759,52.0,0.2535,60.0,0.2552,72.0,0.2473,43.0,,,0.2552,40.0
2007-10-03,0.1765,38.0,0.1777,35.0,0.2694,55.0,,,0.2982,62.0,0.2527,60.0,0.2548,72.0,0.2489,44.0,,,0.2623,46.0
2007-10-02,0.2282,59.0,0.1831,38.0,0.2649,53.0,,,0.2786,53.0,0.2529,60.0,0.2548,72.0,0.2534,48.0,,,0.2611,45.0
2007-10-01,0.2291,59.0,0.2064,53.0,0.284,61.0,,,0.2842,56.0,0.2528,60.0,0.2548,72.0,0.2443,40.0,,,0.2613,46.0
2007-09-28,0.2117,53.0,0.2004,49.0,0.2855,61.0,,,0.3068,65.0,0.2512,59.0,0.2543,72.0,0.2612,54.0,,,0.2554,40.0
2007-09-27,0.1933,45.0,0.2001,49.0,0.2898,63.0,,,0.2988,62.0,0.2514,59.0,0.2541,72.0,0.2549,49.0,,,0.2644,48.0
2007-09-26,0.3043,79.0,0.2287,65.0,0.2774,57.0,,,0.3244,71.0,0.2508,59.0,0.2539,72.0,0.2551,50.0,,,0.2629,47.0
2007-09-25,0.352,86.0,0.2377,69.0,0.2786,59.0,,,0.3228,70.0,0.2495,57.0,0.2536,72.0,0.2591,53.0,,,0.2632,47.0
2007-09-24,0.3493,85.0,0.2412,70.0,0.281,60.0,,,0.3225,70.0,0.2495,57.0,0.2535,72.0,0.2649,57.0,,,0.2673,51.0
2007-09-21,0.3477,85.0,0.2409,70.0,0.2894,63.0,,,0.3195,69.0,0.2487,57.0,0.2529,72.0,0.2577,52.0,,,0.2589,43.0
2007-09-20,0.3548,86.0,0.2333,67.0,0.2984,67.0,,,0.3023,63.0,0.2489,57.0,0.2517,71.0,0.2632,55.0,,,0.2604,45.0
2007-09-19,0.3488,85.0,0.2364,69.0,0.2793,59.0,,,0.2861,57.0,0.2487,57.0,0.2518,71.0,0.2639,56.0,,,0.2569,42.0
2007-09-18,0.3495,85.0,0.2505,74.0,0.2788,59.0,,,0.3118,67.0,0.2487,57.0,0.2514,71.0,0.2469,42.0,,,0.2587,43.0
2007-09-17,0.2374,62.0,0.2314,66.0,0.2839,61.0,,,0.3124,67.0,0.2416,54.0,0.2497,71.0,0.2677,57.0,,,0.2677,51.0
2007-09-14,0.1881,43.0,0.2134,57.0,0.2807,59.0,,,0.3204,69.0,0.2392,53.0,0.2491,70.0,0.2528,48.0,,,0.2611,45.0
2007-09-13,0.2453,65.0,0.2194,60.0,0.2918,64.0,,,0.2963,61.0,0.2394,53.0,0.2487,70.0,0.2564,51.0,,,0.2551,40.0
2007-09-12,0.2396,63.0,0.2067,53.0,0.2864,62.0,,,0.2986,62.0,0.2386,53.0,0.248,70.0,0.2644,56.0,,,0.2639,48.0
2007-09-11,0.2266,57.0,0.1946,46.0,0.2854,61.0,,,0.31,66.0,0.2382,53.0,0.2479,70.0,0.25,45.0,,,0.2687,52.0
2007-09-10,0.2239,57.0,0.1878,42.0,0.2862,62.0,,,0.307,65.0,0.2386,53.0,0.2475,70.0,0.2477,43.0,,,0.2603,45.0
2007-09-07,0.2779,74.0,0.1801,36.0,0.2911,64.0,,,0.3365,75.0,0.2392,53.0,0.2471,69.0,0.246,42.0,,,0.2597,44.0
2007-09-06,0.266,71.0,0.1717,30.0,0.2725,56.0,,,0.3056,64.0,0.2388,53.0,0.2467,69.0,0.2409,37.0,,,0.2576,42.0
2007-09-05,0.2616,69.0,0.1679,27.0,0.287,62.0,,,0.3335,74.0,0.2388,53.0,0.2467,69.0,0.2508,46.0,,,0.2573,42.0
2007-09-04,0.2015,49.0,0.1476,15.0,0.2951,65.0,,,0.3066,65.0,0.2352,52.0,0.2461,69.0,0.2326,30.0,,,0.2544,39.0
2007-08-31,0.2103,52.0,0.1629,24.0,0.2562,48.0,,,0.2965,61.0,0.2352,52.0,0.2462,69.0,0.2386,35.0,,,0.2697,52.0
2007-08-30,0.2175,55.0,0.1659,26.0,0.2896,63.0,,,0.2961,61.0,0.2354,52.0,0.2466,69.0,0.2469,42.0,,,0.2603,45.0
2007-08-29,0.2121,53.0,0.1705,28.0,0.2362,34.0,,,0.3325,73.0,0.2359,52.0,0.2468,69.0,0.2161,19.0,,,0.2767,57.0
2007-08-28,0.1458,25.0,0.1644,25.0,0.3569,84.0,,,0.2739,51.0,0.2374,52.0,0.2475,70.0,0.2744,62.0,,,0.2501,36.0
2007-08-27,0.1226,15.0,0.2507,74.0,0.256,48.0,,,0.2994,62.0,0.238,53.0,0.2476,70.0,0.254,49.0,,,0.2561,41.0
2007-08-24,0.1473,26.0,0.296,85.0,0.2339,33.0,,,0.3196,69.0,0.2378,53.0,0.2488,70.0,0.2369,34.0,,,0.2724,54.0
2007-08-23,0.1542,28.0,0.3193,88.0,0.4096,92.0,,,0.2289,23.0,0.2379,53.0,0.2495,71.0,0.2674,57.0,,,0.2497,36.0
2007-08-22,0.2185,55.0,0.3534,92.0,0.2519,45.0,,,0.2997,62.0,0.2441,55.0,0.2504,71.0,0.2432,39.0,,,0.2722,54.0
2007-08-21,0.2126,53.0,0.3636,93.0,0.2938,65.0,,,0.2924,59.0,0.2438,55.0,0.2501,71.0,0.2583,52.0,,,0.264,48.0
2007-08-20,0.4962,95.0,0.5402,98.0,0.3126,71.0,,,0.3201,69.0,0.2438,55.0,0.2499,71.0,0.2678,59.0,,,0.2603,45.0
2007-08-17,0.5669,97.0,0.5976,99.0,0.4024,91.0,,,0.3643,82.0,0.2442,55.0,0.2497,71.0,0.2032,14.0,,,0.2539,39.0
2007-08-15,0.5661,97.0,0.5799,99.0,0.4119,92.0,,,0.2571,40.0,0.2433,55.0,0.2429,68.0,0.3172,78.0,,,0.2318,21.0
2007-08-14,0.5761,97.0,0.5833,99.0,0.953,100.0,,,0.2294,23.0,0.2432,55.0,0.2413,67.0,0.3126,77.0,,,0.234,23.0
2007-08-13,0.5888,97.0,0.57,99.0,0.3153,72.0,,,0.2933,60.0,0.2405,54.0,0.2383,66.0,0.2704,60.0,,,0.2631,47.0
2007-08-10,0.5847,97.0,0.5644,99.0,0.2263,27.0,,,0.3234,70.0,0.24,53.0,0.2373,65.0,0.2263,26.0,,,0.3441,83.0
2007-08-09,0.3765,88.0,0.4109,95.0,0.2822,60.0,,,0.3467,78.0,0.2181,41.0,0.2172,51.0,0.2555,50.0,,,0.2761,57.0
2007-08-08,0.3481,85.0,0.3451,91.0,0.2513,45.0,,,0.3795,85.0,0.2111,32.0,0.2083,42.0,0.2401,36.0,,,0.2914,66.0
2007-08-07,0.3601,87.0,0.3346,90.0,0.2783,57.0,,,0.2919,59.0,0.2104,31.0,0.2043,38.0,0.2513,46.0,,,0.2703,53.0
2007-08-06,0.3898,89.0,0.3335,90.0,0.2261,27.0,,,0.3526,79.0,0.2099,31.0,0.2026,37.0,0.225,25.0,,,0.2941,67.0
2007-08-03,0.3818,89.0,0.3147,88.0,0.3632,85.0,,,0.2321,25.0,0.2084,28.0,0.2002,35.0,0.2868,68.0,,,0.2492,35.0
2007-08-02,0.3631,87.0,0.3132,87.0,0.2258,27.0,,,0.3104,66.0,0.2036,25.0,0.1984,34.0,0.2428,39.0,,,0.272,54.0
2007-08-01,0.3742,88.0,0.3233,89.0,0.2369,35.0,,,0.3334,74.0,0.2031,25.0,0.198,33.0,0.2313,30.0,,,0.2731,55.0
2007-07-31,0.3564,86.0,0.3034,86.0,0.3691,86.0,,,0.2223,20.0,0.2029,25.0,0.1969,33.0,0.2898,68.0,,,0.2218,15.0
2007-07-30,0.3337,83.0,0.2754,81.0,0.2267,28.0,,,0.3381,75.0,0.1979,22.0,0.1943,31.0,0.2192,21.0,,,0.2735,55.0
2007-07-27,0.2629,70.0,0.2318,66.0,0.4457,95.0,,,0.2044,13.0,0.1961,21.0,0.1937,31.0,0.2746,62.0,,,0.22,14.0
2007-07-26,0.2678,71.0,0.2152,57.0,0.2712,56.0,,,0.2628,45.0,0.1922,18.0,0.1921,28.0,0.2344,32.0,,,0.2399,27.0
2007-07-25,0.2372,62.0,0.2048,52.0,0.3371,79.0,,,0.2435,32.0,0.1878,16.0,0.192,28.0,0.2709,60.0,,,0.2564,41.0
2007-07-24,0.2225,57.0,0.1839,39.0,0.3989,91.0,,,0.2499,36.0,0.1877,16.0,0.1903,27.0,0.2854,67.0,,,0.2605,45.0
2007-07-23,0.127,17.0,0.1591,22.0,0.2449,40.0,,,0.2993,62.0,0.1831,14.0,0.1895,26.0,0.2358,33.0,,,0.2818,61.0
2007-07-20,0.1294,18.0,0.1605,22.0,0.3198,74.0,,,0.2593,42.0,0.1837,14.0,0.1899,27.0,0.2626,55.0,,,0.2396,27.0
2007-07-19,0.0941,6.0,0.1476,15.0,0.2882,62.0,,,0.2375,28.0,0.1821,13.0,0.1899,27.0,0.2603,53.0,,,0.2375,25.0
2007-07-18,0.1933,45.0,0.1609,23.0,0.2412,38.0,,,0.3334,74.0,0.1826,13.0,0.1902,27.0,0.2293,28.0,,,0.2638,48.0
2007-07-17,0.202,49.0,0.156,20.0,0.283,60.0,,,0.24,30.0,0.1826,13.0,0.1897,26.0,0.2526,48.0,,,0.24,27.0
2007-07-16,0.2012,49.0,0.1574,21.0,0.2938,65.0,,,0.2384,28.0,0.1826,13.0,0.1896,26.0,0.2574,51.0,,,0.2384,26.0
2007-07-13,0.2023,49.0,0.1522,18.0,0.2562,48.0,,,0.3635,82.0,0.1824,13.0,0.1895,26.0,0.2313,30.0,,,0.2647,48.0
2007-07-12,0.2024,49.0,0.1519,18.0,0.2568,48.0,,,0.3332,73.0,0.1827,14.0,0.1896,26.0,0.2423,38.0,,,0.2498,36.0
2007-07-11,0.215,54.0,0.149,16.0,0.2446,40.0,,,0.346,77.0,0.1826,13.0,0.1898,26.0,0.2325,30.0,,,0.2538,39.0
2007-07-09,0.1651,33.0,0.1683,28.0,0.2726,56.0,,,0.39,87.0,0.1801,12.0,0.1897,26.0,0.2233,24.0,,,0.26,44.0
2007-07-06,0.2343,61.0,0.2112,56.0,0.3038,68.0,,,0.3048,64.0,0.1797,11.0,0.1913,28.0,0.2406,37.0,,,0.2373,25.0
2007-07-05,0.2355,61.0,0.2068,53.0,0.2545,47.0,,,0.2941,60.0,0.1799,11.0,0.1912,28.0,0.2358,33.0,,,0.2387,26.0
2007-07-03,0.2432,64.0,0.215,57.0,0.2713,56.0,,,0.223,20.0,0.1827,14.0,0.1932,30.0,0.2511,46.0,,,0.223,16.0
2007-07-02,0.242,64.0,0.216,57.0,0.2391,36.0,,,0.3303,73.0,0.1825,13.0,0.1932,30.0,0.2234,24.0,,,0.2498,36.0
2007-06-28,0.1929,45.0,0.2154,57.0,0.2932,64.0,,,0.2274,22.0,0.1829,14.0,0.1938,31.0,0.2523,47.0,,,0.2274,19.0
2007-06-27,0.1965,47.0,0.2288,65.0,0.1899,11.0,,,0.4065,90.0,0.183,14.0,0.1933,30.0,0.1957,11.0,,,0.2728,55.0
2007-06-26,0.1099,10.0,0.1893,43.0,0.2667,54.0,,,0.2853,56.0,0.1793,11.0,0.1906,27.0,0.2348,32.0,,,0.2411,28.0
2007-06-22,0.096,7.0,0.1944,46.0,0.2869,62.0,,,0.2301,24.0,0.1794,11.0,0.1903,27.0,0.2357,33.0,,,0.2301,20.0
2007-06-21,0.0984,7.0,0.2106,55.0,0.2478,43.0,,,0.3071,65.0,0.1798,11.0,0.191,28.0,0.227,26.0,,,0.2436,31.0
2007-06-20,0.1057,9.0,0.2159,57.0,0.2746,57.0,,,0.2615,44.0,0.1798,11.0,0.1911,28.0,0.2459,42.0,,,0.2276,19.0
2007-06-19,0.1237,15.0,0.2084,54.0,0.2268,28.0,,,0.3336,74.0,0.1814,12.0,0.1913,28.0,0.2173,20.0,,,0.2501,36.0
2007-06-18,0.1269,17.0,0.2105,55.0,0.2572,49.0,,,0.3021,63.0,0.182,13.0,0.1908,28.0,0.2198,21.0,,,0.2442,31.0
2007-06-15,0.1671,34.0,0.2096,55.0,0.2891,63.0,,,0.2463,34.0,0.1822,13.0,0.1905,27.0,0.2278,27.0,,,0.2287,19.0
2007-06-14,0.1568,30.0,0.1994,49.0,0.2877,62.0,,,0.2608,43.0,0.1817,13.0,0.1899,27.0,0.2295,28.0,,,0.24,27.0
2007-06-13,0.1823,40.0,0.2032,51.0,0.2155,21.0,,,0.2789,53.0,0.1817,13.0,0.1899,27.0,0.2155,19.0,,,0.2424,30.0
2007-06-12,0.1412,23.0,0.1861,40.0,0.3041,68.0,,,0.2661,47.0,0.1835,14.0,0.189,25.0,0.2457,41.0,,,0.2359,24.0
2007-06-11,0.1564,30.0,0.1696,28.0,0.2937,65.0,,,0.2806,54.0,0.1835,14.0,0.1881,24.0,0.2557,50.0,,,0.2526,38.0
2007-06-08,0.1577,30.0,0.172,30.0,0.2822,60.0,,,0.3048,64.0,0.1832,14.0,0.1885,25.0,0.2822,66.0,,,0.317,75.0
2007-06-07,0.137,22.0,0.1454,14.0,0.3371,79.0,,,0.2605,43.0,0.1828,14.0,0.1875,23.0,0.2661,57.0,,,0.2544,39.0
2007-06-06,0.2101,52.0,0.1658,26.0,0.2574,49.0,,,0.2716,50.0,0.1819,13.0,0.1871,23.0,0.2398,36.0,,,0.2598,44.0
2007-06-05,0.2109,53.0,0.1699,28.0,0.2413,38.0,,,0.259,42.0,0.1819,13.0,0.1868,23.0,0.2643,56.0,,,0.2475,34.0
2007-06-04,0.1733,37.0,0.1875,41.0,0.2557,48.0,,,0.2114,15.0,0.1815,13.0,0.1867,23.0,0.2465,42.0,,,0.2114,11.0
2007-06-01,0.1551,28.0,0.1855,40.0,0.2587,49.0,,,0.2527,38.0,0.1816,13.0,0.1871,23.0,0.2477,43.0,,,0.255,40.0
2007-05-30,0.1637,32.0,0.2124,57.0,0.2498,44.0,,,0.2749,51.0,0.1818,13.0,0.1881,24.0,0.2085,16.0,,,0.2439,31.0
2007-05-29,0.1602,31.0,0.224,62.0,0.2176,22.0,,,0.2635,45.0,0.1818,13.0,0.188,24.0,0.2176,20.0,,,0.2744,56.0
2007-05-25,0.1391,22.0,0.204,52.0,0.2377,35.0,,,0.2629,45.0,0.1833,14.0,0.1885,25.0,0.2476,43.0,,,0.2534,39.0
2007-05-24,0.137,22.0,0.2014,50.0,0.5381,99.0,,,0.2669,47.0,0.1833,14.0,0.1879,24.0,0.2586,52.0,,,0.2696,52.0
2007-05-23,0.1436,24.0,0.1931,45.0,0.2694,55.0,,,0.2647,46.0,0.1844,15.0,0.187,23.0,0.2478,44.0,,,0.2604,45.0
2007-05-22,0.1871,42.0,0.2003,49.0,0.2198,23.0,,,0.2675,48.0,0.1844,15.0,0.187,23.0,0.2416,38.0,,,0.2434,30.0
2007-05-21,0.1771,38.0,0.1935,45.0,0.2378,35.0,,,0.2741,51.0,0.1833,14.0,0.1865,22.0,0.229,28.0,,,0.2374,25.0
2007-05-18,0.1602,31.0,0.1949,46.0,0.2665,54.0,,,0.2737,50.0,0.1826,13.0,0.1863,22.0,0.2316,30.0,,,0.2424,30.0
2007-05-17,0.2009,48.0,0.2092,55.0,0.2848,61.0,,,0.2606,43.0,0.1822,13.0,0.1854,21.0,0.2364,33.0,,,0.2364,24.0
2007-05-16,0.1868,42.0,0.3207,88.0,0.2572,49.0,,,0.3113,66.0,0.1822,13.0,0.1858,22.0,0.2281,27.0,,,0.2442,31.0
2007-05-15,0.1883,43.0,0.3195,88.0,0.2586,49.0,,,0.2824,55.0,0.1847,15.0,0.1865,22.0,0.2291,28.0,,,0.2371,25.0
2007-05-14,0.1823,40.0,0.3129,87.0,0.2997,67.0,,,0.2942,60.0,0.1849,15.0,0.1859,22.0,0.2339,31.0,,,0.2373,25.0
2007-05-11,0.1627,32.0,0.3071,86.0,0.2737,57.0,,,0.2819,55.0,0.1848,15.0,0.1855,21.0,0.2337,31.0,,,0.2343,23.0
2007-05-10,0.1977,47.0,0.3154,88.0,0.2973,66.0,,,0.2494,36.0,0.1859,16.0,0.1856,21.0,0.2405,37.0,,,0.2359,24.0
2007-05-09,0.1892,44.0,0.3113,87.0,0.2411,38.0,,,0.2434,32.0,0.1859,16.0,0.1852,21.0,0.2295,28.0,,,0.2304,20.0
2007-05-08,0.3088,79.0,0.3217,89.0,0.2114,19.0,,,0.2079,14.0,0.1848,15.0,0.1849,21.0,0.2205,22.0,,,0.2185,13.0
2007-05-07,0.314,80.0,0.2112,56.0,0.2306,30.0,,,0.4858,97.0,0.1848,15.0,0.1759,11.0,0.2277,27.0,,,0.2231,16.0
2007-05-04,0.3009,78.0,0.2057,53.0,0.23,30.0,,,0.272,50.0,0.185,15.0,0.1758,11.0,0.2228,24.0,,,0.2257,17.0
2007-05-03,0.2989,78.0,0.2052,52.0,0.2442,40.0,,,0.3239,70.0,0.1848,15.0,0.1761,11.0,0.2326,30.0,,,0.2291,20.0
2007-05-02,0.2963,78.0,0.2084,54.0,0.2315,31.0,,,0.2391,28.0,0.1844,15.0,0.1773,12.0,0.2251,25.0,,,0.2239,16.0
2007-05-01,0.2311,60.0,0.1869,41.0,0.244,40.0,,,0.2299,24.0,0.1808,12.0,0.1763,11.0,0.2353,32.0,,,0.2209,15.0
2007-04-30,0.2241,57.0,0.1754,33.0,0.2385,36.0,,,0.2914,59.0,0.1808,12.0,0.1758,11.0,0.2344,32.0,,,0.2227,16.0
2007-04-27,0.0734,2.0,0.1419,13.0,0.2327,32.0,,,0.2596,42.0,0.1737,9.0,0.173,9.0,0.2278,27.0,,,0.2208,15.0
2007-04-26,0.1551,28.0,0.1524,18.0,0.2319,31.0,,,0.2301,24.0,0.174,9.0,0.1737,10.0,0.2207,22.0,,,0.2199,14.0
2007-04-25,0.1556,28.0,0.1526,18.0,0.2744,57.0,,,0.2279,22.0,0.174,9.0,0.1747,10.0,0.2284,27.0,,,0.2226,16.0
2007-04-24,0.1855,42.0,0.16,22.0,0.2304,30.0,,,0.2883,57.0,0.1738,9.0,0.1746,10.0,0.2213,22.0,,,0.2217,15.0
2007-04-23,0.1852,42.0,0.1537,19.0,0.2356,34.0,,,0.3048,64.0,0.1738,9.0,0.1748,10.0,0.2232,24.0,,,0.2222,16.0
2007-04-20,0.1885,43.0,0.1592,22.0,0.2409,37.0,,,0.2912,59.0,0.1738,9.0,0.1751,10.0,0.2409,37.0,,,0.2417,28.0
2007-04-19,0.2283,59.0,0.1845,39.0,0.2388,36.0,,,0.3009,63.0,0.1745,9.0,0.1758,11.0,0.2388,35.0,,,0.2462,33.0
2007-04-18,0.2378,62.0,0.1645,25.0,0.2636,52.0,,,0.2601,43.0,0.1752,9.0,0.1747,10.0,0.2412,37.0,,,0.2419,28.0
2007-04-17,0.1985,48.0,0.1657,26.0,0.2448,40.0,,,0.2809,54.0,0.1725,8.0,0.1742,10.0,0.2382,35.0,,,0.2356,24.0
2007-04-16,0.1971,47.0,0.165,26.0,0.2336,33.0,,,0.2758,52.0,0.1724,8.0,0.1742,10.0,0.2289,28.0,,,0.2318,21.0
2007-04-13,0.1669,34.0,0.1577,21.0,0.2373,35.0,,,0.2811,55.0,0.1722,8.0,0.1746,10.0,0.2292,28.0,,,0.2289,20.0
2007-04-12,0.1957,46.0,0.1626,24.0,0.2312,31.0,,,0.274,51.0,0.1737,9.0,0.1757,11.0,0.2278,27.0,,,0.2407,28.0
2007-04-11,0.1996,48.0,0.1618,23.0,0.2425,39.0,,,0.2394,30.0,0.1755,9.0,0.1766,11.0,0.2402,36.0,,,0.2275,19.0
2007-04-10,0.1137,12.0,0.1411,12.0,0.246,41.0,,,0.2542,39.0,0.1726,8.0,0.1753,10.0,0.2292,28.0,,,0.2331,22.0
2007-04-09,0.1116,11.0,0.1392,11.0,0.244,40.0,,,0.2604,43.0,0.1724,8.0,0.1753,10.0,0.2329,31.0,,,0.2315,21.0
2007-04-05,0.116,12.0,0.1269,6.0,0.2556,48.0,,,0.2317,25.0,0.1728,8.0,0.175,10.0,0.2333,31.0,,,0.2323,22.0
2007-04-04,0.1309,18.0,0.123,5.0,0.2404,37.0,,,0.2583,41.0,0.173,9.0,0.1752,10.0,0.2214,23.0,,,0.2359,24.0
2007-04-03,0.1321,19.0,0.1308,8.0,0.2259,27.0,,,0.2585,41.0,0.1741,9.0,0.1764,11.0,0.2301,28.0,,,0.2344,23.0
2007-04-02,0.1035,8.0,0.1238,6.0,0.234,33.0,,,0.3455,77.0,0.1731,9.0,0.1765,11.0,0.2296,28.0,,,0.2349,23.0
2007-03-30,0.1003,8.0,0.1223,5.0,0.2257,27.0,,,0.3419,76.0,0.1728,8.0,0.177,11.0,0.2223,23.0,,,0.2359,24.0
2007-03-29,0.1397,23.0,0.1268,6.0,0.2337,33.0,,,0.3157,68.0,0.1734,9.0,0.1772,11.0,0.2314,30.0,,,0.2362,24.0
2007-03-28,0.1415,23.0,0.1241,6.0,0.2447,40.0,,,0.3266,71.0,0.1734,9.0,0.1775,12.0,0.2303,28.0,,,0.2385,26.0
2007-03-27,0.1174,13.0,0.1218,5.0,0.2427,39.0,,,0.3167,68.0,0.173,9.0,0.1779,12.0,0.2295,28.0,,,0.2324,22.0
2007-03-26,0.0892,5.0,0.1424,13.0,0.228,28.0,,,0.3158,68.0,0.1727,8.0,0.1782,13.0,0.2216,23.0,,,0.2267,18.0
2007-03-23,0.0936,6.0,0.1363,10.0,0.2363,34.0,,,0.2819,55.0,0.1727,8.0,0.1784,13.0,0.2265,26.0,,,0.2321,21.0
2007-03-22,0.0759,3.0,0.1594,22.0,0.2201,23.0,,,0.3267,71.0,0.1729,8.0,0.179,13.0,0.222,23.0,,,0.235,23.0
2007-03-21,0.1903,44.0,0.1656,26.0,0.2306,30.0,,,0.3066,65.0,0.1742,9.0,0.18,14.0,0.2241,25.0,,,0.2335,22.0
2007-03-20,0.1753,37.0,0.1562,20.0,0.238,36.0,,,0.3135,67.0,0.1742,9.0,0.1797,14.0,0.2245,25.0,,,0.2356,24.0
2007-03-19,0.1781,38.0,0.1599,22.0,0.2426,39.0,,,0.3052,64.0,0.1747,9.0,0.1803,14.0,0.2283,27.0,,,0.2378,26.0
2007-03-16,0.1753,37.0,0.164,25.0,0.2733,57.0,,,0.2861,57.0,0.1746,9.0,0.1808,15.0,0.2325,30.0,,,0.2311,21.0
2007-03-15,0.1795,39.0,0.1627,24.0,0.2424,39.0,,,0.2968,61.0,0.1746,9.0,0.1805,15.0,0.2257,25.0,,,0.2332,22.0
2007-03-14,0.1867,42.0,0.1706,28.0,0.2317,31.0,,,0.28,54.0,0.1739,9.0,0.1804,15.0,0.2317,30.0,,,0.2298,20.0
2007-03-13,0.2526,67.0,0.1878,42.0,0.251,45.0,,,0.2892,57.0,0.1732,9.0,0.1797,14.0,0.2284,27.0,,,0.2278,19.0
2007-03-12,0.2554,68.0,0.1928,45.0,0.2409,37.0,,,0.3559,80.0,0.1825,13.0,0.1801,14.0,0.2283,27.0,,,0.235,23.0
2007-03-09,0.2554,68.0,0.2164,59.0,0.2351,33.0,,,0.341,76.0,0.1833,14.0,0.1807,15.0,0.2191,21.0,,,0.2343,23.0
2007-03-08,0.245,64.0,0.2271,64.0,0.2405,37.0,,,0.3002,62.0,0.1831,14.0,0.1807,15.0,0.2346,32.0,,,0.2269,18.0
2007-03-07,0.3132,80.0,0.2508,74.0,0.27,55.0,,,0.3002,62.0,0.184,15.0,0.1808,15.0,0.2313,30.0,,,0.2275,19.0
2007-03-06,0.2892,76.0,0.2432,71.0,0.2604,50.0,,,0.2747,51.0,0.1845,15.0,0.1806,15.0,0.2265,26.0,,,0.228,19.0
2007-03-05,0.2475,65.0,0.2374,69.0,0.3075,69.0,,,0.2747,51.0,0.1842,15.0,0.1807,15.0,0.2353,32.0,,,0.2293,20.0
2007-03-02,0.2651,70.0,0.217,59.0,0.2502,44.0,,,0.2738,51.0,0.1803,12.0,0.179,13.0,0.232,30.0,,,0.2242,17.0
2007-03-01,0.2515,67.0,0.2094,55.0,0.2438,40.0,,,0.3065,65.0,0.1778,10.0,0.1781,12.0,0.2255,25.0,,,0.2295,20.0
2007-02-28,0.257,68.0,0.1895,43.0,0.2506,45.0,,,0.3021,63.0,0.1777,10.0,0.1766,11.0,0.2239,24.0,,,0.2242,17.0
2007-02-27,0.2647,70.0,0.1757,33.0,0.4155,93.0,,,0.2773,52.0,0.1779,10.0,0.1762,11.0,0.2369,34.0,,,0.4136,95.0
2007-02-26,0.105,9.0,0.1434,13.0,0.2466,42.0,,,0.2676,48.0,0.1684,7.0,0.1746,10.0,0.2123,18.0,,,0.2248,17.0
2007-02-23,0.1001,8.0,0.1452,14.0,0.2437,40.0,,,0.2652,46.0,0.1683,7.0,0.1751,10.0,0.213,18.0,,,0.2213,15.0
2007-02-22,0.1124,11.0,0.1451,14.0,0.2216,24.0,,,0.2703,49.0,0.1683,7.0,0.1754,10.0,0.2108,17.0,,,0.2277,19.0
2007-02-21,0.1057,9.0,0.1439,14.0,0.2325,32.0,,,0.2982,62.0,0.1677,7.0,0.1753,10.0,0.2158,19.0,,,0.2244,17.0
2007-02-20,0.0876,5.0,0.1438,14.0,0.2363,34.0,,,0.3034,63.0,0.167,6.0,0.1752,10.0,0.2133,18.0,,,0.225,17.0
2007-02-16,0.0877,5.0,0.1367,10.0,0.2328,32.0,,,0.299,62.0,0.1673,7.0,0.175,10.0,0.2131,18.0,,,0.228,19.0
2007-02-15,0.0878,5.0,0.1362,10.0,0.2461,42.0,,,0.2585,41.0,0.1673,7.0,0.1758,11.0,0.2267,26.0,,,0.229,20.0
2007-02-14,0.0885,5.0,0.1274,7.0,0.2416,38.0,,,0.2594,42.0,0.1678,7.0,0.1759,11.0,0.2236,24.0,,,0.256,41.0
2007-02-13,0.11,10.0,0.1264,6.0,0.2249,27.0,,,0.2859,57.0,0.1694,7.0,0.1765,11.0,0.2265,26.0,,,0.2672,50.0
2007-02-12,0.1094,10.0,0.1409,12.0,0.2279,28.0,,,0.2868,57.0,0.1708,8.0,0.1768,11.0,0.2348,32.0,,,0.2665,50.0
2007-02-09,0.1067,9.0,0.1406,12.0,0.2427,39.0,,,0.2604,43.0,0.1711,8.0,0.1774,12.0,0.2354,32.0,,,0.2645,48.0
2007-02-08,0.0863,5.0,0.1924,45.0,0.2375,35.0,,,0.2283,23.0,0.171,8.0,0.1775,12.0,0.2398,36.0,,,0.2449,32.0
2007-02-07,0.0862,5.0,0.1942,46.0,0.2354,34.0,,,0.2526,38.0,0.1714,8.0,0.1784,13.0,0.2403,37.0,,,0.247,34.0
2007-02-06,0.1011,8.0,0.2046,52.0,0.2459,41.0,,,0.2675,48.0,0.1717,8.0,0.1787,13.0,0.2403,37.0,,,0.249,35.0
2007-02-05,0.1017,8.0,0.2053,53.0,0.2451,41.0,,,0.324,70.0,0.1719,8.0,0.1792,13.0,0.2459,42.0,,,0.2479,34.0
2007-02-02,0.1638,33.0,0.2149,57.0,0.2453,41.0,,,0.2491,35.0,0.172,8.0,0.1791,13.0,0.2458,42.0,,,0.2469,34.0
2007-02-01,0.1684,34.0,0.2101,55.0,0.2411,38.0,,,0.2435,32.0,0.1761,10.0,0.1821,17.0,0.2453,41.0,,,0.2462,33.0
2007-01-31,0.1673,34.0,0.2128,57.0,0.2492,44.0,,,0.2489,35.0,0.1758,10.0,0.183,18.0,0.2466,42.0,,,0.2457,33.0
2007-01-30,0.1886,43.0,0.1726,31.0,0.2495,44.0,,,0.3607,81.0,0.1777,10.0,0.1809,15.0,0.2449,41.0,,,0.2567,41.0
2007-01-29,0.1894,44.0,0.1734,31.0,0.244,40.0,,,0.2431,32.0,0.1785,11.0,0.181,16.0,0.2442,40.0,,,0.25,36.0
2007-01-26,0.1726,36.0,0.1616,23.0,0.2439,40.0,,,0.2746,51.0,0.178,11.0,0.1808,15.0,0.2401,36.0,,,0.2487,35.0
2007-01-25,0.1712,36.0,0.1688,28.0,0.2401,37.0,,,0.2788,53.0,0.1813,12.0,0.1814,16.0,0.2403,37.0,,,0.2443,31.0
2007-01-24,0.1278,17.0,0.161,23.0,0.2371,35.0,,,0.2828,55.0,0.1799,11.0,0.1821,17.0,0.2399,36.0,,,0.2461,33.0
2007-01-23,0.1035,8.0,0.157,21.0,0.2479,43.0,,,0.252,37.0,0.1792,11.0,0.1832,19.0,0.2464,42.0,,,0.2467,34.0
2007-01-22,0.1648,33.0,0.1548,19.0,0.2495,44.0,,,0.2412,31.0,0.1799,11.0,0.1839,20.0,0.2448,41.0,,,0.2412,28.0
2007-01-19,0.1401,23.0,0.1496,17.0,0.2368,35.0,,,0.248,35.0,0.1813,12.0,0.1844,20.0,0.2368,33.0,,,0.248,35.0
2007-01-18,0.1402,23.0,0.1871,41.0,0.2457,41.0,,,0.2448,33.0,0.1813,12.0,0.1845,20.0,0.2457,41.0,,,0.2448,32.0
2007-01-17,0.1477,26.0,0.1875,41.0,0.2479,43.0,,,0.2445,33.0,0.1818,13.0,0.1852,21.0,0.2479,44.0,,,0.2445,31.0
2007-01-16,0.2069,51.0,0.2191,60.0,0.2482,43.0,,,0.3022,63.0,0.1843,15.0,0.1862,22.0,0.2482,44.0,,,0.2405,28.0
2007-01-12,0.2053,50.0,0.218,59.0,0.2368,35.0,,,0.2849,56.0,0.1843,15.0,0.1867,23.0,0.2368,33.0,,,0.2538,39.0
2007-01-11,0.235,61.0,0.2348,68.0,0.2395,37.0,,,0.2631,45.0,0.1847,15.0,0.187,23.0,0.2395,36.0,,,0.2488,35.0
2007-01-10,0.2057,51.0,0.2335,67.0,0.2458,41.0,,,0.2538,39.0,0.1827,14.0,0.1868,23.0,0.2441,40.0,,,0.2487,35.0
2007-01-09,0.2058,51.0,0.2297,65.0,0.236,34.0,,,0.2493,35.0,0.185,15.0,0.1873,23.0,0.2436,39.0,,,0.2469,34.0
2007-01-08,0.2108,53.0,0.1991,49.0,0.2382,36.0,,,0.2318,25.0,0.1865,16.0,0.1858,22.0,0.2498,45.0,,,0.2428,30.0
2007-01-05,0.2323,60.0,0.2044,52.0,0.2537,47.0,,,0.2518,37.0,0.1863,16.0,0.1858,22.0,0.2392,35.0,,,0.2471,34.0
2007-01-04,0.1857,42.0,0.1633,24.0,0.2427,39.0,,,0.2469,34.0,0.1835,14.0,0.1835,19.0,0.2427,39.0,,,0.2463,33.0
2007-01-03,0.1952,46.0,0.1771,34.0,0.2391,36.0,,,0.2605,43.0,0.1834,14.0,0.1833,19.0,0.2391,35.0,,,0.2413,28.0
2006-12-29,0.151,28.0,0.1642,25.0,0.2417,38.0,,,0.2078,14.0,0.1817,13.0,0.1821,17.0,0.2417,38.0,,,0.2391,27.0
2006-12-28,0.1502,27.0,0.1716,30.0,0.2443,40.0,,,0.2156,17.0,0.1803,12.0,0.182,17.0,0.2443,40.0,,,0.2379,26.0
2006-12-27,0.162,32.0,0.1887,42.0,0.2379,35.0,,,0.234,26.0,0.1804,12.0,0.1819,17.0,0.2379,34.0,,,0.2436,31.0
2006-12-26,0.1496,27.0,0.1885,42.0,0.2392,36.0,,,0.2313,25.0,0.1804,12.0,0.1819,17.0,0.2392,35.0,,,0.2408,28.0
2006-12-22,0.1085,10.0,0.1864,41.0,0.2435,39.0,,,0.21,15.0,0.1868,16.0,0.1834,19.0,0.2435,39.0,,,0.2408,28.0
2006-12-21,0.1202,14.0,0.1869,41.0,0.2532,46.0,,,0.2181,18.0,0.1867,16.0,0.1835,19.0,0.2532,48.0,,,0.2406,28.0
2006-12-20,0.2073,51.0,0.1761,33.0,0.2389,36.0,,,0.2295,23.0,0.1861,16.0,0.1826,18.0,0.2389,35.0,,,0.2434,30.0
2006-12-19,0.208,51.0,0.1627,24.0,0.2534,46.0,,,0.2144,16.0,0.1866,16.0,0.182,17.0,0.2401,36.0,,,0.2374,25.0
2006-12-18,0.1817,40.0,0.1557,20.0,0.2436,40.0,,,0.2392,30.0,0.185,15.0,0.1814,16.0,0.2428,39.0,,,0.2471,34.0
2006-12-15,0.1642,33.0,0.1476,15.0,0.2552,47.0,,,0.2438,32.0,0.1841,15.0,0.1806,15.0,0.2475,43.0,,,0.2318,21.0
2006-12-14,0.1603,31.0,0.1459,14.0,0.2476,43.0,,,0.2577,41.0,0.1847,15.0,0.1814,16.0,0.2424,38.0,,,0.2355,24.0
2006-12-13,0.1601,31.0,0.1398,11.0,0.2422,38.0,,,0.2539,39.0,0.1848,15.0,0.181,16.0,0.2414,38.0,,,0.241,28.0
2006-12-12,0.1766,38.0,0.1414,12.0,0.2384,36.0,,,0.2611,43.0,0.1866,16.0,0.1819,17.0,0.2328,31.0,,,0.2421,28.0
2006-12-11,0.1145,12.0,0.1491,16.0,0.2461,42.0,,,0.2451,33.0,0.1867,16.0,0.1833,19.0,0.24,36.0,,,0.2421,28.0
2006-12-08,0.1179,13.0,0.1663,26.0,0.2469,42.0,,,0.2509,37.0,0.1893,17.0,0.1864,22.0,0.2372,34.0,,,0.239,27.0
2006-12-07,0.1272,17.0,0.1648,26.0,0.2557,48.0,,,0.2447,33.0,0.1895,17.0,0.1866,23.0,0.2461,42.0,,,0.2367,25.0
2006-12-06,0.1189,14.0,0.1585,21.0,0.2514,45.0,,,0.2421,31.0,0.1894,17.0,0.1871,23.0,0.2419,38.0,,,0.2419,28.0
2006-12-05,0.2347,61.0,0.1911,44.0,0.2418,38.0,,,0.254,39.0,0.19,17.0,0.1872,23.0,0.2405,37.0,,,0.2415,28.0
2006-12-04,0.2346,61.0,0.1891,42.0,0.2373,35.0,,,0.2762,52.0,0.1922,18.0,0.1879,24.0,0.2312,28.0,,,0.252,37.0
2006-12-01,0.2148,54.0,0.1931,45.0,0.2469,42.0,,,0.2378,28.0,0.1912,18.0,0.1884,25.0,0.2332,31.0,,,0.2397,27.0
2006-11-30,0.2149,54.0,0.182,38.0,0.2484,43.0,,,0.243,32.0,0.1911,18.0,0.1896,26.0,0.2397,36.0,,,0.2404,28.0
2006-11-29,0.2045,50.0,0.1753,33.0,0.2197,23.0,,,0.2421,31.0,0.1911,18.0,0.1902,27.0,0.2479,44.0,,,0.2725,54.0
2006-11-28,0.2104,52.0,0.1813,37.0,0.2361,34.0,,,0.2429,32.0,0.1936,19.0,0.1912,28.0,0.2284,27.0,,,0.2455,32.0
2006-11-27,0.2295,59.0,0.1815,37.0,0.2436,40.0,,,0.2219,19.0,0.1949,20.0,0.1914,28.0,0.2377,34.0,,,0.2405,28.0
2006-11-24,0.141,23.0,0.1549,19.0,0.2326,32.0,,,0.265,46.0,0.1926,19.0,0.1917,28.0,0.229,28.0,,,0.2402,28.0
2006-11-22,0.196,46.0,0.1782,35.0,0.2369,35.0,,,0.2218,19.0,0.1935,19.0,0.1927,30.0,0.2345,32.0,,,0.2382,26.0
2006-11-21,0.1717,36.0,0.1736,31.0,0.2218,25.0,,,0.231,24.0,0.1955,20.0,0.1928,30.0,0.2253,25.0,,,0.2365,24.0
2006-11-20,0.1637,32.0,0.1749,32.0,0.226,27.0,,,0.2383,28.0,0.1955,20.0,0.1932,30.0,0.2251,25.0,,,0.2379,26.0
2006-11-17,0.2128,53.0,0.1779,35.0,0.2222,25.0,,,0.2399,30.0,0.1961,21.0,0.1931,30.0,0.2221,23.0,,,0.2359,24.0
2006-11-16,0.2131,54.0,0.1751,33.0,0.231,31.0,,,0.2867,57.0,0.1968,21.0,0.1945,31.0,0.2444,40.0,,,0.225,17.0
2006-11-15,0.2299,59.0,0.2012,50.0,0.237,35.0,,,0.2284,23.0,0.198,22.0,0.195,31.0,0.2411,37.0,,,0.2453,32.0
2006-11-14,0.2303,59.0,0.1979,48.0,0.2338,33.0,,,0.2236,20.0,0.1979,22.0,0.1958,32.0,0.2312,28.0,,,0.2439,31.0
2006-11-13,0.2009,48.0,0.1819,37.0,0.2349,33.0,,,0.2306,24.0,0.1949,20.0,0.1949,31.0,0.2411,37.0,,,0.2433,30.0
2006-11-10,0.1877,43.0,0.1874,41.0,0.2514,45.0,,,0.809,100.0,0.1949,20.0,0.1952,32.0,0.2077,15.0,,,0.2497,36.0
2006-11-09,0.1838,41.0,0.2041,52.0,0.2485,43.0,,,0.1773,6.0,0.1949,20.0,0.1953,32.0,0.2439,40.0,,,0.2417,28.0
2006-11-08,0.121,14.0,0.1992,49.0,0.2398,37.0,,,0.2177,17.0,0.1938,19.0,0.1947,31.0,0.2396,36.0,,,0.2394,27.0
2006-11-07,0.1131,11.0,0.1924,45.0,0.2488,43.0,,,0.1693,5.0,0.1941,19.0,0.1952,32.0,0.2435,39.0,,,0.2375,25.0
2006-11-06,0.1063,9.0,0.1669,27.0,0.3893,90.0,,,0.2311,24.0,0.1924,19.0,0.194,31.0,0.2492,45.0,,,0.238,26.0
2006-11-03,0.1165,13.0,0.1756,33.0,0.2492,44.0,,,0.1945,10.0,0.1924,19.0,0.1952,32.0,0.3826,94.0,,,0.1945,5.0
2006-11-02,0.0956,7.0,0.1881,42.0,0.276,57.0,,,0.2547,39.0,0.1919,18.0,0.2006,35.0,0.2399,36.0,,,0.244,31.0
2006-11-01,0.0954,7.0,0.1815,37.0,0.2805,59.0,,,0.261,43.0,0.1929,19.0,0.2006,35.0,0.2415,38.0,,,0.242,28.0
2006-10-31,0.0931,6.0,0.1665,27.0,0.3011,67.0,,,0.2529,38.0,0.194,19.0,0.2,35.0,0.245,41.0,,,0.2428,30.0
2006-10-30,0.0945,6.0,0.1654,26.0,0.2923,64.0,,,0.3097,66.0,0.1955,20.0,0.2002,35.0,0.2433,39.0,,,0.2522,38.0
2006-10-27,0.1179,13.0,0.1748,32.0,0.2921,64.0,,,0.2824,55.0,0.1954,20.0,0.2005,35.0,0.2628,55.0,,,0.2618,46.0
2006-10-26,0.1217,15.0,0.175,32.0,0.2872,62.0,,,0.3084,65.0,0.1952,20.0,0.2006,35.0,0.2649,57.0,,,0.2752,56.0
2006-10-25,0.1272,17.0,0.1635,25.0,0.3109,70.0,,,0.3303,73.0,0.1944,20.0,0.2001,35.0,0.261,54.0,,,0.2695,52.0
2006-10-24,0.1284,17.0,0.1434,13.0,0.3246,75.0,,,0.3218,70.0,0.195,20.0,0.2011,36.0,0.2673,57.0,,,0.27,53.0
2006-10-23,0.1449,25.0,0.1598,22.0,0.3254,75.0,,,0.3357,74.0,0.1952,20.0,0.202,37.0,0.2713,61.0,,,0.2668,50.0
2006-10-20,0.1858,42.0,0.1702,28.0,0.291,64.0,,,0.2765,52.0,0.1952,20.0,0.2027,37.0,0.2697,60.0,,,0.2643,48.0
2006-10-19,0.2111,53.0,0.1856,40.0,0.2877,62.0,,,0.283,55.0,0.1953,20.0,0.2032,37.0,0.2696,59.0,,,0.2629,47.0
2006-10-18,0.2076,51.0,0.1767,34.0,0.2729,56.0,,,0.2868,57.0,0.1956,21.0,0.2037,38.0,0.2628,55.0,,,0.2637,47.0
2006-10-17,0.1902,44.0,0.175,32.0,0.2991,67.0,,,0.2762,52.0,0.196,21.0,0.2037,38.0,0.2731,61.0,,,0.2596,44.0
2006-10-16,0.1918,45.0,0.1796,36.0,0.2694,55.0,,,0.2917,59.0,0.1954,20.0,0.2048,38.0,0.2617,54.0,,,0.2654,49.0
2006-10-13,0.1972,47.0,0.1816,37.0,0.2682,54.0,,,0.2851,56.0,0.1957,21.0,0.2057,39.0,0.2666,57.0,,,0.2612,45.0
2006-10-12,0.2106,52.0,0.1895,43.0,0.2669,54.0,,,0.2825,55.0,0.1953,20.0,0.206,39.0,0.2582,52.0,,,0.2642,48.0
2006-10-11,0.1777,38.0,0.179,35.0,0.2834,61.0,,,0.2864,57.0,0.1967,21.0,0.206,39.0,0.2612,54.0,,,0.2614,46.0
2006-10-10,0.1441,25.0,0.1706,28.0,0.2717,56.0,,,0.276,52.0,0.1955,20.0,0.2053,39.0,0.2617,54.0,,,0.2586,43.0
2006-10-09,0.1475,26.0,0.1783,35.0,0.2591,50.0,,,0.2699,49.0,0.1952,20.0,0.2057,39.0,0.2541,49.0,,,0.2566,41.0
2006-10-06,0.1477,26.0,0.1823,38.0,0.2417,38.0,,,0.2628,45.0,0.1962,21.0,0.206,39.0,0.2616,54.0,,,0.2543,39.0
2006-10-05,0.1287,17.0,0.1853,40.0,0.2025,15.0,,,0.2759,52.0,0.1955,20.0,0.2065,40.0,0.2502,45.0,,,0.2548,40.0
2006-10-04,0.1249,16.0,0.1857,40.0,0.2164,21.0,,,0.2714,49.0,0.1955,20.0,0.2064,40.0,0.2536,48.0,,,0.2567,41.0
2006-10-03,0.0793,3.0,0.1716,30.0,0.2333,32.0,,,0.2609,43.0,0.1953,20.0,0.2081,41.0,0.2656,57.0,,,0.2525,38.0
2006-10-02,0.0826,4.0,0.1746,32.0,0.2492,44.0,,,0.2592,42.0,0.1968,21.0,0.2088,42.0,0.2635,56.0,,,0.2527,38.0
2006-09-29,0.102,8.0,0.1835,38.0,0.2461,42.0,,,0.2588,42.0,0.1971,21.0,0.2086,42.0,0.2642,56.0,,,0.2523,38.0
2006-09-28,0.1588,31.0,0.1782,35.0,0.2323,31.0,,,0.2663,47.0,0.1974,21.0,0.2086,42.0,0.2574,51.0,,,0.2529,38.0
2006-09-27,0.1683,34.0,0.1814,37.0,0.2152,21.0,,,0.2633,45.0,0.1974,21.0,0.2087,42.0,0.2547,49.0,,,0.2551,40.0
2006-09-26,0.1689,35.0,0.1815,37.0,0.2377,35.0,,,0.2615,44.0,0.1974,21.0,0.2087,42.0,0.2503,45.0,,,0.2523,38.0
2006-09-25,0.1689,35.0,0.1863,41.0,0.2573,49.0,,,0.2538,39.0,0.1974,21.0,0.2089,42.0,0.2581,52.0,,,0.2503,36.0
2006-09-22,0.1624,32.0,0.1776,34.0,0.2226,25.0,,,0.2589,42.0,0.1975,21.0,0.2088,42.0,0.2553,50.0,,,0.2548,40.0
2006-09-21,0.1696,35.0,0.1741,32.0,0.2409,37.0,,,0.2026,12.0,0.1987,22.0,0.2087,42.0,0.224,24.0,,,0.2266,18.0
2006-09-20,0.2988,78.0,0.1676,27.0,0.2228,25.0,,,0.2519,37.0,0.1978,22.0,0.2081,41.0,0.2458,42.0,,,0.2463,33.0
2006-09-19,0.2948,77.0,0.1755,33.0,0.2387,36.0,,,0.2501,36.0,0.1964,21.0,0.208,41.0,0.2504,46.0,,,0.2487,35.0
2006-09-18,0.2686,71.0,0.1678,27.0,0.2299,30.0,,,0.2524,38.0,0.1961,21.0,0.2083,42.0,0.2465,42.0,,,0.2454,32.0
2006-09-15,0.2875,76.0,0.1652,26.0,0.2175,22.0,,,0.2332,26.0,0.1978,22.0,0.2096,43.0,0.2543,49.0,,,0.2392,27.0
2006-09-14,0.3095,80.0,0.1642,25.0,0.2057,17.0,,,0.24,30.0,0.201,24.0,0.2104,43.0,0.2455,41.0,,,0.2514,37.0
2006-09-13,0.3288,82.0,0.1754,33.0,0.2179,22.0,,,0.2454,33.0,0.201,24.0,0.2108,44.0,0.2483,44.0,,,0.2454,32.0
2006-09-12,0.3302,82.0,0.1751,33.0,0.2267,28.0,,,0.2316,25.0,0.2009,23.0,0.2112,44.0,0.2485,44.0,,,0.2444,31.0
2006-09-11,0.1753,37.0,0.1568,21.0,0.2378,35.0,,,0.255,39.0,0.19,17.0,0.2108,44.0,0.2525,48.0,,,0.2555,40.0
2006-09-08,0.1469,26.0,0.1447,14.0,0.2446,40.0,,,0.2543,39.0,0.1895,17.0,0.211,44.0,0.2543,49.0,,,0.2543,39.0
2006-09-07,0.161,32.0,0.1536,19.0,0.2479,43.0,,,0.2423,31.0,0.1903,17.0,0.2118,45.0,0.2567,51.0,,,0.253,38.0
2006-09-06,0.1467,26.0,0.1534,19.0,0.2481,43.0,,,0.255,39.0,0.1899,17.0,0.2118,45.0,0.2597,53.0,,,0.2487,35.0
2006-09-05,0.1213,14.0,0.1562,20.0,0.2396,37.0,,,0.248,35.0,0.1905,18.0,0.2119,45.0,0.2503,45.0,,,0.2505,36.0
2006-09-01,0.0821,4.0,0.152,18.0,0.2314,31.0,,,0.2416,31.0,0.1907,18.0,0.2123,45.0,0.2468,42.0,,,0.2481,35.0
2006-08-31,0.0678,2.0,0.1554,20.0,0.2337,33.0,,,0.2401,30.0,0.1904,17.0,0.2123,45.0,0.2476,43.0,,,0.2487,35.0
2006-08-30,0.0638,2.0,0.1607,23.0,0.2359,34.0,,,0.2396,30.0,0.1912,18.0,0.2126,46.0,0.2504,46.0,,,0.2488,35.0
2006-08-29,0.0837,4.0,0.1613,23.0,0.2247,26.0,,,0.2504,36.0,0.1961,21.0,0.2156,48.0,0.2508,46.0,,,0.2518,37.0
2006-08-28,0.0489,1.0,0.1667,27.0,0.2323,31.0,,,0.2488,35.0,0.1954,20.0,0.2159,49.0,0.2472,43.0,,,0.2518,37.0
2006-08-25,0.0848,4.0,0.1697,28.0,0.2347,33.0,,,0.2417,31.0,0.1958,21.0,0.2164,49.0,0.2517,47.0,,,0.2528,38.0
2006-08-24,0.1296,18.0,0.1728,31.0,0.2394,37.0,,,0.2495,36.0,0.1989,22.0,0.2175,51.0,0.2446,41.0,,,0.2539,39.0
2006-08-23,0.1573,30.0,0.1728,31.0,0.2128,20.0,,,0.2502,36.0,0.2035,25.0,0.2183,52.0,0.2348,32.0,,,0.2594,44.0
2006-08-22,0.1785,39.0,0.1837,39.0,0.2416,38.0,,,0.2242,21.0,0.2036,25.0,0.2182,52.0,0.2486,44.0,,,0.2512,37.0
2006-08-21,0.1887,43.0,0.1867,41.0,0.2467,42.0,,,0.2333,26.0,0.2039,25.0,0.2186,53.0,0.2548,49.0,,,0.2515,37.0
2006-08-18,0.1754,37.0,0.1992,49.0,0.2348,33.0,,,0.2399,30.0,0.2041,26.0,0.2187,53.0,0.2448,41.0,,,0.2476,34.0
2006-08-17,0.1696,35.0,0.1921,44.0,0.2386,36.0,,,0.2321,25.0,0.2042,26.0,0.2179,52.0,0.247,43.0,,,0.246,33.0
2006-08-16,0.1851,42.0,0.1924,45.0,0.2423,39.0,,,0.238,28.0,0.2051,26.0,0.2186,53.0,0.251,46.0,,,0.2463,33.0
2006-08-15,0.1763,38.0,0.1808,37.0,0.2462,42.0,,,0.2423,31.0,0.2035,25.0,0.2191,53.0,0.2486,44.0,,,0.2489,35.0
2006-08-14,0.1954,46.0,0.2309,66.0,0.2522,46.0,,,0.2366,28.0,0.2014,24.0,0.2189,53.0,0.2524,47.0,,,0.2462,33.0
2006-08-11,0.198,47.0,0.236,68.0,0.2465,42.0,,,0.2265,22.0,0.2013,24.0,0.2185,53.0,0.2485,44.0,,,0.255,40.0
2006-08-10,0.2391,63.0,0.2421,71.0,0.2494,44.0,,,0.2591,42.0,0.2026,24.0,0.2186,53.0,0.2481,44.0,,,0.2507,37.0
2006-08-09,0.2358,61.0,0.2338,68.0,0.2457,41.0,,,0.2329,26.0,0.2027,25.0,0.2182,52.0,0.2563,51.0,,,0.245,32.0
2006-08-08,0.2208,56.0,0.2348,68.0,0.2412,38.0,,,0.242,31.0,0.2024,24.0,0.2183,52.0,0.2518,47.0,,,0.2445,31.0
2006-08-07,0.2854,76.0,0.2376,69.0,0.2403,37.0,,,0.2288,23.0,0.2023,24.0,0.2182,52.0,0.2452,41.0,,,0.2485,35.0
2006-08-04,0.2884,76.0,0.2553,76.0,0.2419,38.0,,,0.2273,22.0,0.2026,24.0,0.2192,54.0,0.2442,40.0,,,0.2496,36.0
2006-08-03,0.2322,60.0,0.2267,64.0,0.2297,30.0,,,0.2301,24.0,0.1993,22.0,0.218,52.0,0.2455,41.0,,,0.2488,35.0
2006-08-02,0.2395,63.0,0.2255,63.0,0.2333,32.0,,,0.249,35.0,0.1994,22.0,0.2178,52.0,0.2383,35.0,,,0.2465,33.0
2006-08-01,0.2473,65.0,0.2287,65.0,0.2538,47.0,,,0.264,45.0,0.1974,21.0,0.2178,52.0,0.2433,39.0,,,0.2419,28.0
2006-07-31,0.2287,59.0,0.2295,65.0,0.2461,42.0,,,0.2245,21.0,0.198,22.0,0.2182,52.0,0.2438,40.0,,,0.246,33.0
2006-07-28,0.2326,60.0,0.2344,68.0,0.2373,35.0,,,0.2258,21.0,0.2014,24.0,0.2193,54.0,0.2377,34.0,,,0.2486,35.0
2006-07-27,0.2242,57.0,0.2443,71.0,0.246,41.0,,,0.2164,17.0,0.2004,23.0,0.224,57.0,0.2409,37.0,,,0.2442,31.0
2006-07-26,0.1995,48.0,0.2365,69.0,0.2449,40.0,,,0.219,18.0,0.2012,24.0,0.2235,56.0,0.2418,38.0,,,0.2419,28.0
2006-07-25,0.2064,51.0,0.2223,61.0,0.2426,39.0,,,0.2389,28.0,0.202,24.0,0.2228,56.0,0.2377,34.0,,,0.2442,31.0
2006-07-24,0.2151,54.0,0.2073,54.0,0.2532,46.0,,,0.2476,34.0,0.2053,27.0,0.2224,55.0,0.246,42.0,,,0.2403,28.0
2006-07-21,0.2173,55.0,0.2044,52.0,0.2584,49.0,,,0.2494,36.0,0.2036,25.0,0.2221,55.0,0.2482,44.0,,,0.2401,27.0
2006-07-20,0.2321,60.0,0.2089,55.0,0.2604,50.0,,,0.2481,35.0,0.2048,26.0,0.2225,55.0,0.2449,41.0,,,0.2367,25.0
2006-07-19,0.2307,60.0,0.1982,48.0,0.2489,44.0,,,0.2461,34.0,0.2047,26.0,0.2229,56.0,0.242,38.0,,,0.2415,28.0
2006-07-18,0.1596,31.0,0.1729,31.0,0.2472,42.0,,,0.2686,48.0,0.2044,26.0,0.223,56.0,0.2584,52.0,,,0.2596,44.0
2006-07-17,0.1323,19.0,0.1586,22.0,0.2965,66.0,,,0.2714,49.0,0.2065,28.0,0.2242,57.0,0.268,59.0,,,0.2561,41.0
2006-07-14,0.1481,26.0,0.152,18.0,0.2668,54.0,,,0.2781,53.0,0.2064,28.0,0.2242,57.0,0.2672,57.0,,,0.253,38.0
2006-07-13,0.1482,26.0,0.1513,17.0,0.2228,25.0,,,0.2729,50.0,0.2079,28.0,0.2246,57.0,0.2635,56.0,,,0.2516,37.0
2006-07-12,0.1181,13.0,0.132,8.0,0.2485,43.0,,,0.1949,10.0,0.2069,28.0,0.2241,57.0,0.2572,51.0,,,0.2507,37.0
2006-07-11,0.061,2.0,0.1175,4.0,0.2577,49.0,,,0.2668,47.0,0.2063,27.0,0.2237,56.0,0.2509,46.0,,,0.259,43.0
2006-07-10,0.2201,56.0,0.1615,23.0,0.2608,51.0,,,0.2582,41.0,0.2063,27.0,0.2236,56.0,0.2572,51.0,,,0.2501,36.0
2006-07-07,0.2196,56.0,0.1631,24.0,0.2528,46.0,,,0.2062,13.0,0.2067,28.0,0.224,57.0,0.2476,43.0,,,0.2507,37.0
2006-07-06,0.2144,54.0,0.1632,24.0,0.2549,47.0,,,0.2151,16.0,0.2076,28.0,0.2243,57.0,0.245,41.0,,,0.2496,36.0
2006-07-05,0.214,54.0,0.1622,24.0,0.2402,37.0,,,0.2115,15.0,0.2085,28.0,0.2251,57.0,0.238,34.0,,,0.2493,35.0
2006-07-03,0.2032,50.0,0.1616,23.0,0.242,38.0,,,0.2025,12.0,0.2114,32.0,0.2262,57.0,0.239,35.0,,,0.2461,33.0
2006-06-30,0.2167,55.0,0.1644,25.0,0.2417,38.0,,,0.1942,10.0,0.2115,32.0,0.2269,59.0,0.2405,37.0,,,0.2464,33.0
2006-06-29,0.219,56.0,0.1811,37.0,0.2381,36.0,,,0.1872,8.0,0.2133,35.0,0.2297,61.0,0.2401,36.0,,,0.2487,35.0
2006-06-28,0.1113,11.0,0.1377,10.0,0.1773,8.0,,,0.2306,24.0,0.2068,28.0,0.2282,60.0,0.2546,49.0,,,0.2506,36.0
2006-06-27,0.1628,32.0,0.1574,21.0,0.2131,20.0,,,0.2527,38.0,0.2068,28.0,0.2282,60.0,0.2619,54.0,,,0.26,44.0
2006-06-26,0.2114,53.0,0.1895,43.0,0.2191,23.0,,,0.2597,42.0,0.2073,28.0,0.2286,60.0,0.2619,54.0,,,0.2619,46.0
2006-06-23,0.2546,67.0,0.2354,68.0,0.2306,30.0,,,0.2527,38.0,0.2087,28.0,0.2298,61.0,0.2653,57.0,,,0.2597,44.0
2006-06-22,0.2553,68.0,0.241,70.0,0.2358,34.0,,,0.2486,35.0,0.2091,30.0,0.2296,61.0,0.2678,59.0,,,0.2566,41.0
2006-06-21,0.255,68.0,0.253,75.0,0.2523,46.0,,,0.23,24.0,0.2091,30.0,0.2299,61.0,0.2734,61.0,,,0.2511,37.0
2006-06-20,0.2327,60.0,0.2427,71.0,0.2539,47.0,,,0.2421,31.0,0.2083,28.0,0.2292,61.0,0.2633,55.0,,,0.2583,43.0
2006-06-19,0.2463,65.0,0.2544,75.0,0.2641,52.0,,,0.2441,33.0,0.2083,28.0,0.2292,61.0,0.2631,55.0,,,0.2549,40.0
2006-06-16,0.2423,64.0,0.2504,74.0,0.2596,50.0,,,0.2327,26.0,0.2101,31.0,0.2289,60.0,0.2613,54.0,,,0.2535,39.0
2006-06-15,0.2117,53.0,0.253,75.0,0.2364,34.0,,,0.2528,38.0,0.2084,28.0,0.2278,59.0,0.2441,40.0,,,0.2542,39.0
2006-06-14,0.1314,19.0,0.2304,66.0,0.2468,42.0,,,0.2452,33.0,0.2099,31.0,0.2277,59.0,0.2615,54.0,,,0.2548,40.0
2006-06-13,0.1667,34.0,0.2405,70.0,0.2615,51.0,,,0.2305,24.0,0.2101,31.0,0.2276,59.0,0.2548,49.0,,,0.2547,40.0
2006-06-12,0.1649,33.0,0.2326,67.0,0.2459,41.0,,,0.2314,25.0,0.2106,31.0,0.2272,59.0,0.2545,49.0,,,0.2525,38.0
2006-06-09,0.2605,69.0,0.2584,77.0,0.2602,50.0,,,0.2631,45.0,0.2101,31.0,0.2273,59.0,0.2558,50.0,,,0.2553,40.0
2006-06-08,0.2596,69.0,0.2608,77.0,0.2418,38.0,,,0.2663,47.0,0.2093,30.0,0.2268,59.0,0.2434,39.0,,,0.2518,37.0
2006-06-07,0.2952,77.0,0.2593,77.0,0.2504,45.0,,,0.2453,33.0,0.2105,31.0,0.2277,59.0,0.2505,46.0,,,0.2488,35.0
2006-06-06,0.2946,77.0,0.2386,69.0,0.2434,39.0,,,0.2554,40.0,0.2106,31.0,0.2266,57.0,0.2448,41.0,,,0.2486,35.0
2006-06-05,0.3052,79.0,0.2246,62.0,0.2446,40.0,,,0.2537,38.0,0.2112,32.0,0.2258,57.0,0.2415,38.0,,,0.2516,37.0
2006-06-02,0.2807,74.0,0.2347,68.0,0.2393,36.0,,,0.2555,40.0,0.2094,30.0,0.2249,57.0,0.2505,46.0,,,0.2486,35.0
2006-06-01,0.2885,76.0,0.2401,70.0,0.233,32.0,,,0.2802,54.0,0.21,31.0,0.2264,57.0,0.2419,38.0,,,0.2545,40.0
2006-05-31,0.2498,66.0,0.2287,65.0,0.2414,38.0,,,0.2797,54.0,0.2077,28.0,0.225,57.0,0.242,38.0,,,0.2539,39.0
2006-05-30,0.2295,59.0,0.2169,59.0,0.252,46.0,,,0.2477,34.0,0.2065,28.0,0.2253,57.0,0.2544,49.0,,,0.2482,35.0
2006-05-26,0.1799,39.0,0.2148,57.0,0.2375,35.0,,,0.287,57.0,0.2041,26.0,0.2277,59.0,0.2464,42.0,,,0.2512,37.0
2006-05-25,0.1947,46.0,0.2131,57.0,0.2238,26.0,,,0.2513,37.0,0.2047,26.0,0.2287,60.0,0.2435,39.0,,,0.2489,35.0
2006-05-24,0.1732,36.0,0.2062,53.0,0.2515,45.0,,,0.2329,26.0,0.2039,25.0,0.2285,60.0,0.2514,47.0,,,0.2574,42.0
2006-05-23,0.1414,23.0,0.1885,42.0,0.2434,39.0,,,0.2584,41.0,0.2026,24.0,0.2276,59.0,0.2522,47.0,,,0.2691,52.0
2006-05-22,0.1253,16.0,0.184,39.0,0.2622,51.0,,,0.2524,38.0,0.2012,24.0,0.2271,59.0,0.2618,54.0,,,0.2587,43.0
2006-05-19,0.1252,16.0,0.1875,41.0,0.264,52.0,,,0.2926,59.0,0.2011,24.0,0.2263,57.0,0.261,54.0,,,0.2663,50.0
2006-05-18,0.1375,22.0,0.2694,79.0,0.2574,49.0,,,0.2775,53.0,0.2014,24.0,0.2262,57.0,0.2628,55.0,,,0.2647,48.0
2006-05-17,0.1534,28.0,0.2707,80.0,0.2723,56.0,,,0.3453,77.0,0.2064,28.0,0.2268,59.0,0.2577,52.0,,,0.2637,47.0
2006-05-16,0.1604,31.0,0.2729,80.0,0.2719,56.0,,,0.268,48.0,0.2058,27.0,0.2275,59.0,0.2597,53.0,,,0.256,41.0
2006-05-15,0.2011,49.0,0.2792,82.0,0.2661,53.0,,,0.2765,52.0,0.2063,27.0,0.228,60.0,0.26,53.0,,,0.2601,45.0
2006-05-12,0.1935,45.0,0.2734,81.0,0.2626,51.0,,,0.3136,67.0,0.2062,27.0,0.2275,59.0,0.2574,51.0,,,0.2596,44.0
2006-05-11,0.1845,41.0,0.2716,80.0,0.2683,54.0,,,0.2622,44.0,0.2059,27.0,0.2272,59.0,0.2519,47.0,,,0.2547,40.0
2006-05-10,0.179,39.0,0.2551,75.0,0.2738,57.0,,,0.289,57.0,0.2068,28.0,0.2271,59.0,0.2747,62.0,,,0.2713,53.0
2006-05-09,0.1877,43.0,0.1986,48.0,0.3873,89.0,,,0.3666,82.0,0.2297,48.0,0.2259,57.0,0.2827,66.0,,,0.2861,63.0
2006-05-08,0.1728,36.0,0.2075,54.0,0.3408,80.0,,,0.3077,65.0,0.2293,48.0,0.2261,57.0,0.2868,68.0,,,0.2818,61.0
2006-05-05,0.145,25.0,0.2163,57.0,0.3383,79.0,,,0.3064,65.0,0.2284,47.0,0.226,57.0,0.2739,62.0,,,0.2869,64.0
2006-05-04,0.0948,6.0,0.221,61.0,0.3207,74.0,,,0.2953,60.0,0.2273,47.0,0.2267,59.0,0.3029,73.0,,,0.299,69.0
2006-05-03,0.1176,13.0,0.2313,66.0,0.3221,74.0,,,0.3012,63.0,0.2274,47.0,0.2266,57.0,0.3023,73.0,,,0.2989,69.0
2006-05-02,0.1309,18.0,0.2294,65.0,0.3219,74.0,,,0.2919,59.0,0.2285,47.0,0.2267,59.0,0.3075,75.0,,,0.2992,69.0
2006-05-01,0.1304,18.0,0.245,72.0,0.3225,75.0,,,0.3026,63.0,0.2286,47.0,0.2279,59.0,0.3052,74.0,,,0.2982,69.0
2006-04-28,0.0774,3.0,0.2311,66.0,0.2916,64.0,,,0.2726,50.0,0.2302,49.0,0.2278,59.0,0.3089,76.0,,,0.299,69.0
2006-04-27,0.0785,3.0,0.2329,67.0,0.2832,60.0,,,0.2502,36.0,0.2318,50.0,0.2274,59.0,0.291,69.0,,,0.2819,61.0
2006-04-26,0.2047,50.0,0.2299,65.0,0.2754,57.0,,,0.27,49.0,0.2336,51.0,0.2273,59.0,0.2698,60.0,,,0.2654,49.0
2006-04-25,0.2063,51.0,0.2225,61.0,0.2599,50.0,,,0.2699,49.0,0.2343,51.0,0.2281,60.0,0.2574,51.0,,,0.2674,51.0
2006-04-24,0.1987,48.0,0.2129,57.0,0.2727,56.0,,,0.2615,44.0,0.2341,51.0,0.2278,59.0,0.2648,56.0,,,0.2669,50.0
2006-04-21,0.2022,49.0,0.2177,59.0,0.2606,50.0,,,0.2636,45.0,0.234,51.0,0.2279,59.0,0.2554,50.0,,,0.2687,52.0
2006-04-20,0.2035,50.0,0.2109,56.0,0.2646,52.0,,,0.2597,42.0,0.2345,52.0,0.2274,59.0,0.2621,54.0,,,0.2676,51.0
2006-04-19,0.1978,47.0,0.1955,47.0,0.2448,40.0,,,0.2622,44.0,0.2366,52.0,0.2286,60.0,0.2531,48.0,,,0.2729,55.0
2006-04-18,0.2094,52.0,0.2271,64.0,0.2489,44.0,,,0.2609,43.0,0.2362,52.0,0.2286,60.0,0.2597,53.0,,,0.2692,52.0
2006-04-17,0.1666,34.0,0.2296,65.0,0.2577,49.0,,,0.2571,40.0,0.2339,51.0,0.2282,60.0,0.2626,55.0,,,0.2663,50.0
2006-04-13,0.1671,34.0,0.2316,66.0,0.2697,55.0,,,0.2555,40.0,0.2336,51.0,0.2281,60.0,0.264,56.0,,,0.2643,48.0
2006-04-12,0.192,45.0,0.2309,66.0,0.2628,51.0,,,0.2599,42.0,0.2338,51.0,0.228,60.0,0.2622,55.0,,,0.2655,49.0
2006-04-11,0.1473,26.0,0.2298,65.0,0.2625,51.0,,,0.2738,51.0,0.2332,51.0,0.2281,60.0,0.2589,52.0,,,0.2721,54.0
2006-04-10,0.1464,25.0,0.225,63.0,0.2645,52.0,,,0.2964,61.0,0.2336,51.0,0.2298,61.0,0.2504,46.0,,,0.2742,56.0
2006-04-07,0.1491,27.0,0.2299,65.0,0.2628,51.0,,,0.2717,50.0,0.2338,51.0,0.2305,62.0,0.2542,49.0,,,0.268,51.0
2006-04-06,0.1539,28.0,0.1852,40.0,0.2248,26.0,,,0.2675,48.0,0.2343,51.0,0.2286,60.0,0.257,51.0,,,0.2665,50.0
2006-04-05,0.1494,27.0,0.1724,31.0,0.229,28.0,,,0.2649,46.0,0.2333,51.0,0.2279,59.0,0.2577,52.0,,,0.2638,48.0
2006-04-04,0.1479,26.0,0.1727,31.0,0.1997,14.0,,,0.2538,39.0,0.233,50.0,0.2288,60.0,0.2519,47.0,,,0.2604,45.0
2006-04-03,0.1156,12.0,0.1644,25.0,0.2131,20.0,,,0.2595,42.0,0.2338,51.0,0.229,61.0,0.2552,50.0,,,0.2649,49.0
2006-03-31,0.136,21.0,0.174,32.0,0.2059,17.0,,,0.2628,45.0,0.2344,51.0,0.2293,61.0,0.2517,47.0,,,0.2614,46.0
2006-03-30,0.1825,40.0,0.1996,49.0,0.234,33.0,,,0.2593,42.0,0.2343,51.0,0.2301,61.0,0.2476,43.0,,,0.2594,44.0
2006-03-29,0.2405,63.0,0.2143,57.0,0.2202,23.0,,,0.2473,34.0,0.2344,51.0,0.23,61.0,0.252,47.0,,,0.2568,42.0
2006-03-28,0.2327,60.0,0.2163,57.0,0.2109,19.0,,,0.2569,40.0,0.2342,51.0,0.2303,62.0,0.2487,44.0,,,0.2598,44.0
2006-03-27,0.2165,55.0,0.222,61.0,0.2442,40.0,,,0.222,19.0,0.2475,57.0,0.2324,63.0,0.2442,40.0,,,0.2576,42.0
2006-03-24,0.2103,52.0,0.2192,60.0,0.2568,48.0,,,0.2386,28.0,0.2473,57.0,0.2327,64.0,0.2568,51.0,,,0.2526,38.0
2006-03-23,0.2137,54.0,0.231,66.0,0.2445,40.0,,,0.2435,32.0,0.2475,57.0,0.2329,64.0,0.2445,40.0,,,0.2582,43.0
2006-03-22,0.2214,57.0,0.2324,67.0,0.2541,47.0,,,0.2393,30.0,0.2473,57.0,0.2321,63.0,0.2541,49.0,,,0.2568,42.0
2006-03-21,0.2036,50.0,0.21,55.0,0.2332,32.0,,,0.2548,39.0,0.2461,56.0,0.2314,63.0,0.259,53.0,,,0.2591,43.0
2006-03-20,0.1273,17.0,0.1952,46.0,0.2445,40.0,,,0.2442,33.0,0.2451,56.0,0.231,62.0,0.2445,40.0,,,0.2585,43.0
2006-03-17,0.1721,36.0,0.2035,51.0,0.2533,46.0,,,0.2493,35.0,0.2459,56.0,0.2328,64.0,0.2533,48.0,,,0.2605,45.0
2006-03-16,0.1729,36.0,0.1966,47.0,0.26,50.0,,,0.2534,38.0,0.2462,56.0,0.2331,64.0,0.26,53.0,,,0.2607,45.0
2006-03-15,0.2001,48.0,0.1958,47.0,0.1948,13.0,,,0.2318,25.0,0.248,57.0,0.2332,64.0,0.2538,48.0,,,0.2674,51.0
2006-03-14,0.2667,71.0,0.2351,68.0,0.2374,35.0,,,0.2497,36.0,0.248,57.0,0.2325,63.0,0.2516,47.0,,,0.2651,49.0
2006-03-13,0.2378,62.0,0.234,68.0,0.2398,37.0,,,0.2576,41.0,0.248,57.0,0.232,63.0,0.2588,52.0,,,0.2667,50.0
2006-03-10,0.2539,67.0,0.2403,70.0,0.2261,27.0,,,0.265,46.0,0.2477,57.0,0.2319,63.0,0.2519,47.0,,,0.27,53.0
2006-03-09,0.2844,75.0,0.2585,77.0,0.2689,55.0,,,0.265,46.0,0.2468,56.0,0.2317,63.0,0.2659,57.0,,,0.267,50.0
2006-03-08,0.3264,82.0,0.2634,78.0,0.2248,26.0,,,0.2632,45.0,0.2471,57.0,0.2313,62.0,0.2556,50.0,,,0.267,50.0
2006-03-07,0.3209,81.0,0.2622,78.0,0.233,32.0,,,0.2637,45.0,0.247,56.0,0.2315,63.0,0.255,50.0,,,0.271,53.0
2006-03-06,0.3268,82.0,0.2679,79.0,0.2335,32.0,,,0.2576,41.0,0.2464,56.0,0.2313,62.0,0.2558,50.0,,,0.2678,51.0
2006-03-03,0.2715,72.0,0.2238,62.0,0.2557,48.0,,,0.2428,32.0,0.2447,56.0,0.2292,61.0,0.2554,50.0,,,0.2585,43.0
2006-03-02,0.272,72.0,0.2085,54.0,0.2461,42.0,,,0.28,54.0,0.2447,56.0,0.2284,60.0,0.2488,44.0,,,0.2643,48.0
2006-03-01,0.2884,76.0,0.2152,57.0,0.2463,42.0,,,0.2551,39.0,0.2446,56.0,0.2282,60.0,0.2431,39.0,,,0.2633,47.0
2006-02-28,0.2211,56.0,0.2051,52.0,0.2713,56.0,,,0.2521,37.0,0.2457,56.0,0.2285,60.0,0.2586,52.0,,,0.2617,46.0
2006-02-27,0.1438,25.0,0.1856,40.0,0.252,46.0,,,0.249,35.0,0.2418,54.0,0.228,60.0,0.26,53.0,,,0.2579,42.0
2006-02-24,0.1483,26.0,0.1912,44.0,0.2484,43.0,,,0.2486,35.0,0.2422,54.0,0.2284,60.0,0.2493,45.0,,,0.2691,52.0
2006-02-23,0.1756,38.0,0.1866,41.0,0.2534,46.0,,,0.2435,32.0,0.2421,54.0,0.2288,60.0,0.2533,48.0,,,0.2617,46.0
2006-02-22,0.1807,39.0,0.1886,42.0,0.249,44.0,,,0.2751,51.0,0.2443,55.0,0.2303,62.0,0.2461,42.0,,,0.2668,50.0
2006-02-21,0.183,41.0,0.1988,49.0,0.2508,45.0,,,0.2851,56.0,0.2443,55.0,0.2306,62.0,0.2457,41.0,,,0.2678,51.0
2006-02-17,0.1392,23.0,0.1835,38.0,0.255,47.0,,,0.293,59.0,0.2438,55.0,0.2302,62.0,0.2549,49.0,,,0.2611,45.0
2006-02-16,0.1429,24.0,0.1831,38.0,0.2566,48.0,,,0.293,59.0,0.2447,56.0,0.23,61.0,0.2664,57.0,,,0.2616,46.0
2006-02-15,0.1519,28.0,0.215,57.0,0.2478,43.0,,,0.2994,62.0,0.2454,56.0,0.2302,62.0,0.2464,42.0,,,0.2823,61.0
2006-02-14,0.1585,31.0,0.2233,62.0,0.2486,43.0,,,0.2926,59.0,0.2605,63.0,0.2323,63.0,0.2519,47.0,,,0.2785,59.0
2006-02-13,0.1181,13.0,0.2289,65.0,0.2545,47.0,,,0.2995,62.0,0.2595,63.0,0.232,63.0,0.2478,44.0,,,0.2841,62.0
2006-02-10,0.1334,20.0,0.2346,68.0,0.246,41.0,,,0.2951,60.0,0.2608,64.0,0.2322,63.0,0.2443,40.0,,,0.2813,60.0
2006-02-09,0.1847,41.0,0.2507,74.0,0.2538,47.0,,,0.2835,56.0,0.2609,64.0,0.2323,63.0,0.2575,52.0,,,0.2854,63.0
2006-02-08,0.2508,66.0,0.3191,88.0,0.2565,48.0,,,0.2822,55.0,0.2613,64.0,0.2323,63.0,0.2535,48.0,,,0.2787,59.0
2006-02-07,0.2399,63.0,0.3153,88.0,0.2608,51.0,,,0.2672,47.0,0.261,64.0,0.2318,63.0,0.2507,46.0,,,0.2795,59.0
2006-02-06,0.2677,71.0,0.2981,85.0,0.2556,48.0,,,0.2943,60.0,0.2656,65.0,0.2335,64.0,0.2435,39.0,,,0.2762,57.0
2006-02-03,0.3322,83.0,0.2945,85.0,0.2659,53.0,,,0.2608,43.0,0.2655,65.0,0.2329,64.0,0.2658,57.0,,,0.2593,44.0
2006-02-02,0.3394,84.0,0.2925,84.0,0.2724,56.0,,,0.2617,44.0,0.2655,65.0,0.2323,63.0,0.264,56.0,,,0.261,45.0
2006-02-01,0.3231,81.0,0.2938,84.0,0.2562,48.0,,,0.2559,40.0,0.2647,65.0,0.232,63.0,0.2551,50.0,,,0.2697,52.0
2006-01-31,0.2462,65.0,0.2883,84.0,0.2452,41.0,,,0.2411,31.0,0.2624,64.0,0.2316,63.0,0.2455,41.0,,,0.2583,43.0
2006-01-30,0.2958,77.0,0.227,64.0,0.2532,46.0,,,0.3174,68.0,0.2608,64.0,0.2266,57.0,0.2498,45.0,,,0.2705,53.0
2006-01-27,0.2779,74.0,0.2468,72.0,0.2445,40.0,,,0.2614,44.0,0.2604,63.0,0.226,57.0,0.2425,38.0,,,0.2701,53.0
2006-01-26,0.2885,76.0,0.2455,72.0,0.2484,43.0,,,0.2602,43.0,0.2599,63.0,0.2257,57.0,0.2356,32.0,,,0.2856,63.0
2006-01-25,0.2758,73.0,0.2462,72.0,0.2541,47.0,,,0.2631,45.0,0.2577,62.0,0.2258,57.0,0.242,38.0,,,0.2796,59.0
2006-01-24,0.2748,73.0,0.2398,70.0,0.2583,49.0,,,0.28,54.0,0.2576,62.0,0.2256,57.0,0.2506,46.0,,,0.2723,54.0
2006-01-23,0.2543,67.0,0.2296,65.0,0.2587,49.0,,,0.2751,51.0,0.2568,62.0,0.2252,57.0,0.2529,48.0,,,0.2688,52.0
2006-01-20,0.2573,68.0,0.2117,56.0,0.2625,51.0,,,0.2713,49.0,0.2569,62.0,0.2248,57.0,0.2625,55.0,,,0.2616,46.0
2006-01-19,0.2219,57.0,0.1948,46.0,0.2519,45.0,,,0.2378,28.0,0.2549,61.0,0.224,57.0,0.2519,47.0,,,0.2677,51.0
2006-01-18,0.1925,45.0,0.1611,23.0,0.264,52.0,,,0.2636,45.0,0.2542,61.0,0.2226,56.0,0.264,56.0,,,0.2659,49.0
2006-01-17,0.2022,49.0,0.1749,32.0,0.2563,48.0,,,0.269,48.0,0.2545,61.0,0.2223,55.0,0.2563,51.0,,,0.2627,47.0
2006-01-13,0.2337,61.0,0.1888,42.0,0.2565,48.0,,,0.2488,35.0,0.2533,60.0,0.2224,55.0,0.2565,51.0,,,0.2629,47.0
2006-01-12,0.2281,59.0,0.201,50.0,0.2561,48.0,,,0.2561,40.0,0.2534,60.0,0.223,56.0,0.2561,50.0,,,0.2616,46.0
2006-01-11,0.2326,60.0,0.2497,74.0,0.2542,47.0,,,0.266,47.0,0.2538,60.0,0.2233,56.0,0.2542,49.0,,,0.2649,49.0
2006-01-10,0.2555,68.0,0.2515,74.0,0.2542,47.0,,,0.3118,67.0,0.2539,60.0,0.2236,56.0,0.2542,49.0,,,0.2639,48.0
2006-01-09,0.256,68.0,0.2464,72.0,0.2526,46.0,,,0.2705,49.0,0.254,60.0,0.2237,56.0,0.2526,48.0,,,0.2633,47.0
2006-01-06,0.2506,66.0,0.2478,73.0,0.256,48.0,,,0.2682,48.0,0.2555,61.0,0.224,57.0,0.256,50.0,,,0.2591,43.0
2006-01-05,0.2678,71.0,0.2536,75.0,0.26,50.0,,,0.2424,31.0,0.2547,61.0,0.2232,56.0,0.26,53.0,,,0.2649,49.0
2006-01-04,0.2272,57.0,0.2322,67.0,0.2558,48.0,,,0.2536,38.0,0.2541,60.0,0.2226,56.0,0.2558,50.0,,,0.256,41.0
2006-01-03,0.222,57.0,0.2253,63.0,0.2473,42.0,,,0.2594,42.0,0.2568,62.0,0.2233,56.0,0.2473,43.0,,,0.2597,44.0
2005-12-30,0.1898,44.0,0.1685,28.0,0.2494,44.0,,,0.2432,32.0,0.2553,61.0,0.222,55.0,0.2494,45.0,,,0.2669,50.0
2005-12-29,0.1782,38.0,0.1649,26.0,0.2512,45.0,,,0.258,41.0,0.2576,62.0,0.223,56.0,0.2512,46.0,,,0.2574,42.0
2005-12-28,0.2324,60.0,0.1726,31.0,0.2447,40.0,,,0.2725,50.0,0.2585,63.0,0.2232,56.0,0.2447,41.0,,,0.2682,51.0
2005-12-27,0.2292,59.0,0.1728,31.0,0.2659,53.0,,,0.2478,34.0,0.2587,63.0,0.2235,56.0,0.2599,53.0,,,0.2573,42.0
2005-12-23,0.2651,70.0,0.1956,47.0,0.2511,45.0,,,0.2751,51.0,0.2579,62.0,0.2227,56.0,0.2496,45.0,,,0.2596,44.0
2005-12-22,0.2599,69.0,0.2045,52.0,0.2529,46.0,,,0.2728,50.0,0.2582,63.0,0.2229,56.0,0.2529,48.0,,,0.2619,46.0
2005-12-21,0.2749,73.0,0.2063,53.0,0.2507,45.0,,,0.2713,49.0,0.2613,64.0,0.2234,56.0,0.2507,46.0,,,0.2603,45.0
2005-12-20,0.2607,69.0,0.2094,55.0,0.2631,52.0,,,0.2443,33.0,0.261,64.0,0.224,57.0,0.2518,47.0,,,0.2596,44.0
2005-12-19,0.2777,74.0,0.2119,56.0,0.2596,50.0,,,0.266,47.0,0.2617,64.0,0.2245,57.0,0.2518,47.0,,,0.2627,47.0
2005-12-16,0.2511,66.0,0.2318,66.0,0.2424,39.0,,,0.2824,55.0,0.2591,63.0,0.225,57.0,0.2435,39.0,,,0.264,48.0
2005-12-15,0.2515,67.0,0.2324,67.0,0.2506,45.0,,,0.3032,63.0,0.259,63.0,0.2255,57.0,0.2515,47.0,,,0.2614,46.0
2005-12-14,0.1238,15.0,0.1949,46.0,0.2656,53.0,,,0.2516,37.0,0.255,61.0,0.2234,56.0,0.2458,42.0,,,0.2651,49.0
2005-12-13,0.1553,28.0,0.1904,43.0,0.252,46.0,,,0.2699,49.0,0.2557,61.0,0.2235,56.0,0.2438,40.0,,,0.2576,42.0
2005-12-12,0.1728,36.0,0.2179,59.0,0.2604,50.0,,,0.2764,52.0,0.2554,61.0,0.224,57.0,0.2455,41.0,,,0.2581,43.0
2005-12-09,0.1692,35.0,0.2196,60.0,0.2518,45.0,,,0.2733,50.0,0.2563,62.0,0.2252,57.0,0.2382,35.0,,,0.2578,42.0
2005-12-08,0.1808,40.0,0.2375,69.0,0.2652,53.0,,,0.2819,55.0,0.2566,62.0,0.2253,57.0,0.2513,46.0,,,0.2751,56.0
2005-12-07,0.1678,34.0,0.258,76.0,0.2565,48.0,,,0.2891,57.0,0.2562,62.0,0.2242,57.0,0.2598,53.0,,,0.2702,53.0
2005-12-06,0.184,41.0,0.2712,80.0,0.2659,53.0,,,0.276,52.0,0.2561,62.0,0.2239,57.0,0.2595,53.0,,,0.2745,56.0
2005-12-05,0.1726,36.0,0.2676,79.0,0.272,56.0,,,0.273,50.0,0.2563,62.0,0.2239,57.0,0.264,56.0,,,0.2711,53.0
2005-12-02,0.1554,28.0,0.2761,81.0,0.2648,53.0,,,0.2801,54.0,0.2568,62.0,0.2248,57.0,0.2494,45.0,,,0.2765,57.0
2005-12-01,0.1212,14.0,0.2511,74.0,0.2691,55.0,,,0.2632,45.0,0.2557,61.0,0.2235,56.0,0.2603,53.0,,,0.2697,52.0
2005-11-30,0.0869,5.0,0.2505,74.0,0.2631,52.0,,,0.2429,32.0,0.2552,61.0,0.2238,57.0,0.2539,49.0,,,0.2786,59.0
2005-11-29,0.0981,7.0,0.232,67.0,0.2648,53.0,,,0.2727,50.0,0.2577,62.0,0.2245,57.0,0.2584,52.0,,,0.2834,62.0
2005-11-28,0.2087,52.0,0.1972,48.0,0.2695,55.0,,,0.2537,38.0,0.258,63.0,0.2222,55.0,0.2625,55.0,,,0.278,57.0
2005-11-25,0.1834,41.0,0.1891,42.0,0.2568,48.0,,,0.2879,57.0,0.2576,62.0,0.221,55.0,0.2497,45.0,,,0.2816,61.0
2005-11-23,0.2158,55.0,0.1965,47.0,0.2675,54.0,,,0.2631,45.0,0.2576,62.0,0.2223,55.0,0.2548,49.0,,,0.2762,57.0
2005-11-22,0.2271,57.0,0.1869,41.0,0.2422,38.0,,,0.264,45.0,0.2578,62.0,0.2221,55.0,0.2579,52.0,,,0.2782,59.0
2005-11-21,0.2305,59.0,0.187,41.0,0.2729,56.0,,,0.2741,51.0,0.2579,62.0,0.2221,55.0,0.2602,53.0,,,0.2752,56.0
2005-11-18,0.24,63.0,0.2034,51.0,0.2682,54.0,,,0.2777,53.0,0.258,63.0,0.2221,55.0,0.2602,53.0,,,0.2759,57.0
2005-11-17,0.4695,94.0,0.2658,79.0,0.265,53.0,,,0.2793,53.0,0.2586,63.0,0.2225,55.0,0.2518,47.0,,,0.2735,55.0
2005-11-16,0.4645,94.0,0.2606,77.0,0.2498,44.0,,,0.2798,54.0,0.256,62.0,0.2219,55.0,0.2595,53.0,,,0.284,62.0
2005-11-15,0.4619,94.0,0.2496,73.0,0.2544,47.0,,,0.2755,51.0,0.2601,63.0,0.2229,56.0,0.2623,55.0,,,0.284,62.0
2005-11-14,0.4559,94.0,0.26,77.0,0.2402,37.0,,,0.2836,56.0,0.2597,63.0,0.2239,57.0,0.2558,50.0,,,0.2679,51.0
2005-11-11,0.4429,93.0,0.2596,77.0,0.2395,37.0,,,0.2739,51.0,0.2594,63.0,0.2251,57.0,0.2517,47.0,,,0.269,52.0
2005-11-10,0.4322,93.0,0.2635,78.0,0.2616,51.0,,,0.2355,27.0,0.274,66.0,0.2335,64.0,0.2487,44.0,,,0.2777,57.0
2005-11-09,0.4339,93.0,0.268,79.0,0.2307,30.0,,,0.2686,48.0,0.3257,77.0,0.2489,70.0,0.2553,50.0,,,0.2727,55.0
2005-11-08,0.1844,41.0,0.2338,68.0,0.3593,85.0,,,0.2783,53.0,0.3109,74.0,0.2461,69.0,0.2775,64.0,,,0.2839,62.0
2005-11-07,0.1776,38.0,0.2317,66.0,0.3515,83.0,,,0.2833,56.0,0.3106,74.0,0.2465,69.0,0.2732,61.0,,,0.2898,65.0
2005-11-04,0.2479,65.0,0.2399,70.0,0.2777,57.0,,,0.3106,66.0,0.3109,74.0,0.2476,70.0,0.2754,63.0,,,0.2937,67.0
2005-11-03,0.2588,69.0,0.2448,72.0,0.3055,69.0,,,0.281,55.0,0.3107,74.0,0.2473,70.0,0.2691,59.0,,,0.4418,96.0
2005-11-02,0.2776,74.0,0.2514,74.0,0.2749,57.0,,,0.2896,57.0,0.3109,74.0,0.2472,70.0,0.2708,60.0,,,0.2931,66.0
2005-11-01,0.2733,72.0,0.25,74.0,0.2917,64.0,,,0.2528,38.0,0.31,74.0,0.2468,69.0,0.2753,63.0,,,0.296,68.0
2005-10-31,0.2782,74.0,0.2359,68.0,0.2828,60.0,,,0.2885,57.0,0.3099,74.0,0.2463,69.0,0.2736,62.0,,,0.296,68.0
2005-10-28,0.2838,75.0,0.2444,72.0,0.2806,59.0,,,0.3083,65.0,0.3083,74.0,0.2453,69.0,0.271,60.0,,,0.2898,65.0
2005-10-27,0.2373,62.0,0.2523,75.0,0.2983,66.0,,,0.3258,71.0,0.3081,74.0,0.246,69.0,0.2769,63.0,,,0.3007,70.0
2005-10-26,0.2151,54.0,0.2446,72.0,0.2915,64.0,,,0.3003,63.0,0.3069,73.0,0.2461,69.0,0.2748,62.0,,,0.2868,64.0
2005-10-25,0.206,51.0,0.2221,61.0,0.2853,61.0,,,0.2789,53.0,0.3081,74.0,0.2453,69.0,0.2598,53.0,,,0.2754,56.0
2005-10-24,0.1946,46.0,0.2166,59.0,0.2642,52.0,,,0.2958,61.0,0.308,73.0,0.246,69.0,0.2594,53.0,,,0.282,61.0
2005-10-21,0.1828,41.0,0.2215,61.0,0.2738,57.0,,,0.2787,53.0,0.3078,73.0,0.2471,69.0,0.2709,60.0,,,0.2912,66.0
2005-10-20,0.1645,33.0,0.2526,75.0,0.282,60.0,,,0.2854,56.0,0.3076,73.0,0.2487,70.0,0.2782,64.0,,,0.2882,64.0
2005-10-19,0.1067,9.0,0.2317,66.0,0.2835,61.0,,,0.2747,51.0,0.3072,73.0,0.2477,70.0,0.2757,63.0,,,0.2819,61.0
2005-10-18,0.1332,20.0,0.2277,64.0,0.2803,59.0,,,0.3059,64.0,0.3079,73.0,0.2474,70.0,0.2736,62.0,,,0.2846,63.0
2005-10-17,0.1611,32.0,0.2257,63.0,0.2783,57.0,,,0.3078,65.0,0.3079,73.0,0.2473,70.0,0.2762,63.0,,,0.2868,64.0
2005-10-14,0.1626,32.0,0.2436,71.0,0.2757,57.0,,,0.2835,56.0,0.3079,73.0,0.2475,70.0,0.2783,64.0,,,0.2842,62.0
2005-10-13,0.1649,33.0,0.2475,73.0,0.2834,61.0,,,0.2811,55.0,0.3077,73.0,0.2472,70.0,0.2733,61.0,,,0.2836,62.0
2005-10-12,0.1681,34.0,0.2496,73.0,0.2817,60.0,,,0.2867,57.0,0.3076,73.0,0.2467,69.0,0.28,64.0,,,0.2772,57.0
2005-10-11,0.1747,37.0,0.2307,66.0,0.2746,57.0,,,0.3073,65.0,0.3075,73.0,0.2452,69.0,0.2734,61.0,,,0.2854,63.0
2005-10-10,0.1832,41.0,0.2207,60.0,0.2863,62.0,,,0.2721,50.0,0.3072,73.0,0.2449,69.0,0.2739,62.0,,,0.2758,57.0
2005-10-07,0.1565,30.0,0.2198,60.0,0.2671,54.0,,,0.2451,33.0,0.3066,73.0,0.2449,69.0,0.2665,57.0,,,0.2832,62.0
2005-10-06,0.3591,87.0,0.258,76.0,0.2628,51.0,,,0.3001,62.0,0.3067,73.0,0.2451,69.0,0.272,61.0,,,0.2834,62.0
2005-10-05,0.3495,85.0,0.2496,73.0,0.2711,56.0,,,0.2724,50.0,0.3068,73.0,0.2457,69.0,0.2589,52.0,,,0.2667,50.0
2005-10-04,0.3644,87.0,0.2434,71.0,0.2454,41.0,,,0.3044,64.0,0.306,73.0,0.2451,69.0,0.2527,48.0,,,0.2775,57.0
2005-10-03,0.3673,88.0,0.2307,66.0,0.2449,40.0,,,0.2884,57.0,0.307,73.0,0.2449,69.0,0.2469,42.0,,,0.2732,55.0
2005-09-30,0.363,87.0,0.2258,63.0,0.2467,42.0,,,0.2428,32.0,0.3073,73.0,0.2446,68.0,0.2504,46.0,,,0.2725,54.0
2005-09-29,0.3569,86.0,0.2333,67.0,0.2538,47.0,,,0.2791,53.0,0.3072,73.0,0.2448,68.0,0.2471,43.0,,,0.2658,49.0
2005-09-28,0.348,85.0,0.2581,77.0,0.2526,46.0,,,0.2776,53.0,0.3079,73.0,0.2445,68.0,0.2518,47.0,,,0.2722,54.0
2005-09-27,0.1493,27.0,0.2334,67.0,0.238,36.0,,,0.2506,36.0,0.2965,71.0,0.2426,67.0,0.238,34.0,,,0.2545,40.0
2005-09-26,0.2203,56.0,0.2281,65.0,0.2482,43.0,,,0.2635,45.0,0.2992,71.0,0.2452,69.0,0.2482,44.0,,,0.2708,53.0
2005-09-23,0.2242,57.0,0.2241,62.0,0.2315,31.0,,,0.2519,37.0,0.2992,71.0,0.2454,69.0,0.2548,49.0,,,0.265,49.0
2005-09-22,0.2309,60.0,0.231,66.0,0.2436,40.0,,,0.247,34.0,0.2992,71.0,0.2455,69.0,0.2568,51.0,,,0.2627,47.0
2005-09-21,0.2336,61.0,0.2192,60.0,0.2475,43.0,,,0.2619,44.0,0.2991,71.0,0.2449,69.0,0.2475,43.0,,,0.2687,52.0
2005-09-20,0.2081,51.0,0.2095,55.0,0.2434,39.0,,,0.2688,48.0,0.2989,71.0,0.2447,68.0,0.2472,43.0,,,0.2631,47.0
2005-09-19,0.2086,52.0,0.1723,31.0,0.247,42.0,,,0.2641,46.0,0.299,71.0,0.2443,68.0,0.247,43.0,,,0.2552,40.0
2005-09-16,0.197,47.0,0.1589,22.0,0.2334,32.0,,,0.2865,57.0,0.2988,71.0,0.2437,68.0,0.2385,35.0,,,0.2642,48.0
2005-09-15,0.1562,28.0,0.1495,17.0,0.2408,37.0,,,0.268,48.0,0.2976,71.0,0.2443,68.0,0.2408,37.0,,,0.2542,39.0
2005-09-14,0.2044,50.0,0.1685,28.0,0.2424,39.0,,,0.2697,49.0,0.2974,71.0,0.2443,68.0,0.2424,38.0,,,0.2544,39.0
2005-09-13,0.1759,38.0,0.1585,21.0,0.24,37.0,,,0.2651,46.0,0.2967,71.0,0.2442,68.0,0.2192,21.0,,,0.258,42.0
2005-09-12,0.1753,37.0,0.166,26.0,0.2464,42.0,,,0.2791,53.0,0.2967,71.0,0.2439,68.0,0.2464,42.0,,,0.259,43.0
2005-09-09,0.2109,53.0,0.2014,50.0,0.2393,36.0,,,0.272,50.0,0.2969,71.0,0.2438,68.0,0.2365,33.0,,,0.256,41.0
2005-09-08,0.2246,57.0,0.2062,53.0,0.2358,34.0,,,0.2831,55.0,0.2961,71.0,0.2436,68.0,0.2358,33.0,,,0.2542,39.0
2005-09-07,0.2098,52.0,0.2103,55.0,0.2346,33.0,,,0.3067,65.0,0.2964,71.0,0.2436,68.0,0.2346,32.0,,,0.2567,41.0
2005-09-06,0.2237,57.0,0.2267,64.0,0.242,38.0,,,0.2812,55.0,0.2964,71.0,0.2439,68.0,0.2367,33.0,,,0.2553,40.0
2005-09-02,0.2316,60.0,0.2431,71.0,0.2495,44.0,,,0.2099,15.0,0.2946,70.0,0.2436,68.0,0.2372,34.0,,,0.2615,46.0
2005-09-01,0.2247,57.0,0.2487,73.0,0.2422,38.0,,,0.251,37.0,0.2954,70.0,0.2441,68.0,0.2422,38.0,,,0.2493,35.0
2005-08-31,0.2648,70.0,0.2492,73.0,0.2306,30.0,,,0.2636,45.0,0.2955,71.0,0.244,68.0,0.2361,33.0,,,0.2582,43.0
2005-08-30,0.2253,57.0,0.232,67.0,0.2201,23.0,,,0.2694,49.0,0.2926,70.0,0.2424,67.0,0.248,44.0,,,0.2633,47.0
2005-08-29,0.2399,63.0,0.2277,64.0,0.2173,22.0,,,0.2757,52.0,0.2927,70.0,0.2422,67.0,0.2425,38.0,,,0.2639,48.0
2005-08-26,0.4422,93.0,0.2606,77.0,0.2507,45.0,,,0.2661,47.0,0.2924,70.0,0.2423,67.0,0.2443,40.0,,,0.2634,47.0
2005-08-25,0.4458,93.0,0.2475,73.0,0.2153,21.0,,,0.2688,48.0,0.2924,70.0,0.2421,67.0,0.2381,34.0,,,0.2643,48.0
2005-08-24,0.3897,89.0,0.2253,63.0,0.2533,46.0,,,0.2937,60.0,0.2907,69.0,0.2409,67.0,0.2425,38.0,,,0.2692,52.0
2005-08-23,0.4044,91.0,0.2308,66.0,0.2442,40.0,,,0.2955,61.0,0.2913,69.0,0.2417,67.0,0.2459,42.0,,,0.2698,53.0
2005-08-22,0.4041,91.0,0.2264,63.0,0.2566,48.0,,,0.2799,54.0,0.2919,70.0,0.2423,67.0,0.246,42.0,,,0.2663,50.0
2005-08-19,0.3708,88.0,0.2209,61.0,0.2458,41.0,,,0.3062,64.0,0.291,69.0,0.2418,67.0,0.25,45.0,,,0.273,55.0
2005-08-18,0.3934,90.0,0.2715,80.0,0.247,42.0,,,0.2836,56.0,0.2905,69.0,0.2414,67.0,0.2513,46.0,,,0.2725,54.0
2005-08-17,0.2427,64.0,0.2352,68.0,0.2345,33.0,,,0.2783,53.0,0.2772,67.0,0.2391,66.0,0.2269,26.0,,,0.2473,34.0
2005-08-16,0.2445,64.0,0.234,68.0,0.2382,36.0,,,0.28,54.0,0.2776,67.0,0.24,66.0,0.2268,26.0,,,0.2515,37.0
2005-08-15,0.2266,57.0,0.2318,66.0,0.236,34.0,,,0.2933,60.0,0.2761,67.0,0.2399,66.0,0.2301,28.0,,,0.246,33.0
2005-08-12,0.2036,50.0,0.2389,70.0,0.2334,32.0,,,0.2728,50.0,0.2759,67.0,0.2404,66.0,0.2256,25.0,,,0.2589,43.0
2005-08-11,0.2052,50.0,0.2352,68.0,0.2331,32.0,,,0.2774,52.0,0.2756,66.0,0.2412,67.0,0.2247,25.0,,,0.2574,42.0
2005-08-10,0.24,63.0,0.2277,64.0,0.2208,24.0,,,0.2947,60.0,0.2759,67.0,0.2408,67.0,0.2128,18.0,,,0.2631,47.0
2005-08-09,0.1348,21.0,0.1583,21.0,0.2243,26.0,,,0.2256,21.0,0.2713,65.0,0.2381,65.0,0.2252,25.0,,,0.2429,30.0
2005-08-08,0.1572,30.0,0.1704,28.0,0.4043,92.0,,,0.2411,31.0,0.2712,65.0,0.238,65.0,0.2328,31.0,,,0.2375,25.0
2005-08-05,0.1771,38.0,0.1773,34.0,0.2288,28.0,,,0.2459,33.0,0.2737,66.0,0.239,66.0,0.2362,33.0,,,0.2427,30.0
2005-08-04,0.1787,39.0,0.1749,32.0,0.2308,30.0,,,0.2558,40.0,0.2741,66.0,0.2393,66.0,0.2312,28.0,,,0.2458,33.0
2005-08-03,0.1579,30.0,0.1662,26.0,0.2009,15.0,,,0.262,44.0,0.2735,66.0,0.2385,66.0,0.2228,24.0,,,0.2515,37.0
2005-08-02,0.1495,27.0,0.1765,34.0,0.1918,12.0,,,0.2524,38.0,0.2749,66.0,0.2401,66.0,0.227,26.0,,,0.2455,32.0
2005-08-01,0.1596,31.0,0.1842,39.0,0.2204,24.0,,,0.2568,40.0,0.2743,66.0,0.2401,66.0,0.2292,28.0,,,0.2472,34.0
2005-07-29,0.1817,40.0,0.1825,38.0,0.2294,28.0,,,0.2283,23.0,0.2753,66.0,0.2405,66.0,0.2323,30.0,,,0.2422,28.0
2005-07-28,0.1307,18.0,0.1827,38.0,0.22,23.0,,,0.2521,37.0,0.2743,66.0,0.24,66.0,0.2267,26.0,,,0.2385,26.0
2005-07-27,0.1345,21.0,0.1918,44.0,0.2145,21.0,,,0.2459,33.0,0.2788,67.0,0.2424,67.0,0.2297,28.0,,,0.2457,33.0
2005-07-26,0.1821,40.0,0.1941,46.0,0.2239,26.0,,,0.2377,28.0,0.2789,67.0,0.2429,68.0,0.2322,30.0,,,0.2396,27.0
2005-07-25,0.1813,40.0,0.1893,43.0,0.2243,26.0,,,0.2433,32.0,0.2787,67.0,0.2424,67.0,0.2336,31.0,,,0.2435,30.0
2005-07-22,0.1989,48.0,0.1868,41.0,0.2204,24.0,,,0.2365,28.0,0.2792,67.0,0.246,69.0,0.2252,25.0,,,0.2431,30.0
2005-07-21,0.2149,54.0,0.1931,45.0,0.2219,25.0,,,0.2412,31.0,0.2783,67.0,0.2469,69.0,0.2278,27.0,,,0.2424,30.0
2005-07-20,0.2124,53.0,0.1941,46.0,0.2221,25.0,,,0.2,11.0,0.2791,67.0,0.249,70.0,0.2284,27.0,,,0.2427,30.0
2005-07-19,0.2544,67.0,0.1928,45.0,0.2258,27.0,,,0.2254,21.0,0.2792,67.0,0.2489,70.0,0.2273,27.0,,,0.2455,32.0
2005-07-18,0.2949,77.0,0.206,53.0,0.2235,26.0,,,0.2303,24.0,0.2787,67.0,0.2487,70.0,0.228,27.0,,,0.2444,31.0
2005-07-15,0.276,73.0,0.229,65.0,0.2229,25.0,,,0.2403,30.0,0.2785,67.0,0.2491,70.0,0.2229,24.0,,,0.2427,30.0
2005-07-14,0.3269,82.0,0.2413,71.0,0.2241,26.0,,,0.2428,32.0,0.2789,67.0,0.2495,71.0,0.2241,25.0,,,0.2428,30.0
2005-07-13,0.3345,83.0,0.2381,69.0,0.2245,26.0,,,0.2207,19.0,0.2796,67.0,0.2497,71.0,0.2245,25.0,,,0.2444,31.0
2005-07-12,0.2837,75.0,0.2387,69.0,0.1994,14.0,,,0.2438,32.0,0.2792,67.0,0.2506,71.0,0.2185,20.0,,,0.237,25.0
2005-07-11,0.3172,81.0,0.2462,72.0,0.2203,24.0,,,0.2401,30.0,0.2795,67.0,0.2508,71.0,0.2203,22.0,,,0.2404,28.0
2005-07-08,0.3006,78.0,0.2367,69.0,0.2192,23.0,,,0.2262,22.0,0.2787,67.0,0.2503,71.0,0.2192,21.0,,,0.2412,28.0
2005-07-07,0.3054,79.0,0.2286,65.0,0.2271,28.0,,,0.2465,34.0,0.2762,67.0,0.2495,71.0,0.2271,27.0,,,0.2465,33.0
2005-07-06,0.3051,79.0,0.2108,55.0,0.2282,28.0,,,0.1995,11.0,0.2763,67.0,0.2483,70.0,0.2282,27.0,,,0.2425,30.0
2005-07-05,0.255,68.0,0.1983,48.0,0.2112,19.0,,,0.2434,32.0,0.2755,66.0,0.2485,70.0,0.2112,17.0,,,0.2479,34.0
2005-07-01,0.248,66.0,0.2117,56.0,0.2213,24.0,,,0.2348,27.0,0.275,66.0,0.2491,70.0,0.2213,22.0,,,0.2439,31.0
2005-06-30,0.2459,65.0,0.2149,57.0,0.2344,33.0,,,0.2293,23.0,0.2766,67.0,0.2505,71.0,0.2344,32.0,,,0.2372,25.0
2005-06-29,0.2137,54.0,0.2091,55.0,0.2212,24.0,,,0.2117,15.0,0.2777,67.0,0.2518,71.0,0.2212,22.0,,,0.2372,25.0
2005-06-28,0.2284,59.0,0.2155,57.0,0.2218,25.0,,,0.2839,56.0,0.2773,67.0,0.252,71.0,0.2218,23.0,,,0.2407,28.0
2005-06-27,0.1198,14.0,0.2161,57.0,0.2262,27.0,,,0.2138,16.0,0.2766,67.0,0.2519,71.0,0.2262,26.0,,,0.233,22.0
2005-06-24,0.1628,32.0,0.2308,66.0,0.221,24.0,,,0.2134,16.0,0.2772,67.0,0.2515,71.0,0.221,22.0,,,0.2415,28.0
2005-06-23,0.1651,33.0,0.2265,63.0,0.2266,28.0,,,0.2119,15.0,0.2774,67.0,0.2518,71.0,0.2266,26.0,,,0.2356,24.0
2005-06-22,0.1745,37.0,0.2165,59.0,0.2273,28.0,,,0.2263,22.0,0.2841,68.0,0.2533,72.0,0.2273,27.0,,,0.2361,24.0
2005-06-21,0.1608,32.0,0.2036,52.0,0.2261,27.0,,,0.2441,33.0,0.2849,68.0,0.2528,72.0,0.2261,26.0,,,0.2356,24.0
2005-06-20,0.1942,46.0,0.2041,52.0,0.2286,28.0,,,0.226,21.0,0.2852,68.0,0.2526,72.0,0.2286,28.0,,,0.226,18.0
2005-06-17,0.1696,35.0,0.2171,59.0,0.2186,23.0,,,0.2272,22.0,0.2845,68.0,0.2524,72.0,0.2186,20.0,,,0.2393,27.0
2005-06-16,0.1732,36.0,0.209,55.0,0.2207,24.0,,,0.2348,27.0,0.2847,68.0,0.252,71.0,0.2207,22.0,,,0.2387,26.0
2005-06-15,0.1735,37.0,0.1911,44.0,0.2143,20.0,,,0.2422,31.0,0.2844,68.0,0.251,71.0,0.2143,19.0,,,0.2402,28.0
2005-06-14,0.2144,54.0,0.2233,62.0,0.2194,23.0,,,0.2183,18.0,0.2841,68.0,0.251,71.0,0.2194,21.0,,,0.2346,23.0
2005-06-13,0.2202,56.0,0.2256,63.0,0.2119,19.0,,,0.2459,33.0,0.2837,68.0,0.2512,71.0,0.2191,21.0,,,0.2417,28.0
2005-06-10,0.2225,57.0,0.2241,62.0,0.2005,15.0,,,0.2476,34.0,0.2942,70.0,0.2528,72.0,0.225,25.0,,,0.2414,28.0
2005-06-09,0.1934,45.0,0.2437,71.0,0.2185,22.0,,,0.2138,16.0,0.2935,70.0,0.2525,72.0,0.2185,20.0,,,0.2347,23.0
2005-06-08,0.1828,41.0,0.2345,68.0,0.2421,38.0,,,0.2429,32.0,0.2928,70.0,0.2517,71.0,0.2274,27.0,,,0.2378,26.0
2005-06-07,0.186,42.0,0.2273,64.0,0.1952,13.0,,,0.2296,23.0,0.2928,70.0,0.2521,72.0,0.2199,21.0,,,0.2346,23.0
2005-06-06,0.1729,36.0,0.2232,62.0,0.2107,19.0,,,0.2266,22.0,0.2935,70.0,0.2521,72.0,0.2214,23.0,,,0.2289,20.0
2005-06-03,0.1245,15.0,0.1959,47.0,0.2365,34.0,,,0.2317,25.0,0.2914,70.0,0.2508,71.0,0.2194,21.0,,,0.2367,25.0
2005-06-02,0.1661,33.0,0.1914,44.0,0.1871,10.0,,,0.228,22.0,0.2915,70.0,0.2505,71.0,0.2167,20.0,,,0.2399,27.0
2005-06-01,0.2453,65.0,0.2264,63.0,0.2116,19.0,,,0.2199,19.0,0.2915,70.0,0.2507,71.0,0.2161,19.0,,,0.2344,23.0
2005-05-31,0.2452,64.0,0.2266,63.0,0.2042,16.0,,,0.2247,21.0,0.2915,70.0,0.2498,71.0,0.218,20.0,,,0.233,22.0
2005-05-27,0.2453,65.0,0.2419,71.0,0.208,18.0,,,0.2251,21.0,0.2918,70.0,0.2496,71.0,0.2197,21.0,,,0.2312,21.0
2005-05-26,0.4017,90.0,0.3566,92.0,0.1921,12.0,,,0.2314,25.0,0.2917,70.0,0.2498,71.0,0.2208,22.0,,,0.2323,22.0
2005-05-25,0.9315,100.0,0.5148,98.0,0.2234,26.0,,,0.2284,23.0,0.2937,70.0,0.2504,71.0,0.2305,28.0,,,0.2331,22.0
2005-05-24,0.9351,100.0,0.5162,98.0,0.222,25.0,,,0.2168,17.0,0.2932,70.0,0.2502,71.0,0.2356,32.0,,,0.2332,22.0
2005-05-23,0.9291,100.0,0.5218,98.0,0.2271,28.0,,,0.2676,48.0,0.2929,70.0,0.2502,71.0,0.2355,32.0,,,0.2369,25.0
2005-05-20,0.9022,100.0,0.5176,98.0,0.2545,47.0,,,0.2394,30.0,0.2894,69.0,0.2495,71.0,0.2469,42.0,,,0.2406,28.0
2005-05-19,0.898,100.0,0.5128,98.0,0.2512,45.0,,,0.2403,30.0,0.2894,69.0,0.2485,70.0,0.2469,42.0,,,0.2366,25.0
2005-05-18,0.8942,100.0,0.5018,97.0,0.2605,50.0,,,0.2307,24.0,0.2911,69.0,0.2478,70.0,0.2529,48.0,,,0.2394,27.0
2005-05-17,0.7478,99.0,0.4276,96.0,0.3167,73.0,,,0.2531,38.0,0.2777,67.0,0.2406,67.0,0.2664,57.0,,,0.2612,45.0
2005-05-16,0.1563,30.0,0.2218,61.0,0.2309,30.0,,,0.3209,69.0,0.2149,38.0,0.2248,57.0,0.2503,45.0,,,0.2469,34.0
2005-05-13,0.0716,2.0,0.2187,60.0,0.2087,18.0,,,0.2335,26.0,0.2141,37.0,0.2245,57.0,0.2486,44.0,,,0.2504,36.0
2005-05-12,0.1595,31.0,0.2219,61.0,0.2151,21.0,,,0.2358,27.0,0.2144,37.0,0.224,57.0,0.251,46.0,,,0.2536,39.0
2005-05-11,0.1483,26.0,0.2107,55.0,0.2217,24.0,,,0.2503,36.0,0.2142,37.0,0.2238,57.0,0.2463,42.0,,,0.2473,34.0
2005-05-10,0.1979,47.0,0.2055,53.0,0.2113,19.0,,,0.2206,19.0,0.2152,38.0,0.2232,56.0,0.241,37.0,,,0.245,32.0
2005-05-09,0.1951,46.0,0.23,66.0,0.2207,24.0,,,0.2382,28.0,0.2154,38.0,0.2234,56.0,0.2448,41.0,,,0.2404,28.0
2005-05-06,0.2159,55.0,0.255,75.0,0.2064,17.0,,,0.2357,27.0,0.2162,39.0,0.2236,56.0,0.2404,37.0,,,0.2378,26.0
2005-05-05,0.21,52.0,0.2759,81.0,0.1654,6.0,,,0.2013,12.0,0.2159,39.0,0.2229,56.0,0.2434,39.0,,,0.2331,22.0
2005-05-04,0.2581,68.0,0.2841,83.0,0.2029,16.0,,,0.221,19.0,0.2171,40.0,0.2227,56.0,0.2448,41.0,,,0.2356,24.0
2005-05-03,0.2468,65.0,0.2752,81.0,0.2374,35.0,,,0.2356,27.0,0.2159,39.0,0.2222,55.0,0.243,39.0,,,0.2393,27.0
2005-05-02,0.2472,65.0,0.2651,78.0,0.218,22.0,,,0.2327,26.0,0.2166,39.0,0.2216,55.0,0.2434,39.0,,,0.2427,30.0
2005-04-29,0.1967,47.0,0.2624,78.0,0.2549,47.0,,,0.2346,27.0,0.2145,37.0,0.2222,55.0,0.2534,48.0,,,0.2451,32.0
2005-04-28,0.1912,44.0,0.2391,70.0,0.2291,28.0,,,0.2652,46.0,0.2143,37.0,0.2208,55.0,0.2452,41.0,,,0.2465,33.0
2005-04-27,0.1792,39.0,0.2136,57.0,0.2282,28.0,,,0.228,22.0,0.2137,36.0,0.2209,55.0,0.2469,42.0,,,0.2388,26.0
2005-04-26,0.1707,35.0,0.1818,37.0,0.2324,32.0,,,0.2299,24.0,0.2138,36.0,0.2194,54.0,0.2484,44.0,,,0.2447,32.0
2005-04-25,0.1073,9.0,0.17,28.0,0.1897,11.0,,,0.2286,23.0,0.2123,34.0,0.2197,54.0,0.2416,38.0,,,0.2447,32.0
2005-04-22,0.0773,3.0,0.1718,30.0,0.2064,17.0,,,0.2268,22.0,0.2114,32.0,0.2196,54.0,0.2387,35.0,,,0.2429,30.0
2005-04-21,0.0997,7.0,0.1785,35.0,0.2321,31.0,,,0.2231,20.0,0.2114,32.0,0.2196,54.0,0.2471,43.0,,,0.2395,27.0
2005-04-20,0.1158,12.0,0.2075,54.0,0.2273,28.0,,,0.2354,27.0,0.2144,37.0,0.2201,54.0,0.2438,40.0,,,0.2462,33.0
2005-04-19,0.1193,14.0,0.2074,54.0,0.2211,24.0,,,0.2381,28.0,0.2143,37.0,0.2207,54.0,0.2453,41.0,,,0.2417,28.0
2005-04-18,0.1593,31.0,0.2163,57.0,0.2268,28.0,,,0.2441,33.0,0.2166,39.0,0.222,55.0,0.2453,41.0,,,0.2427,30.0
2005-04-15,0.1758,38.0,0.2191,60.0,0.2029,16.0,,,0.2382,28.0,0.2231,43.0,0.2238,57.0,0.2361,33.0,,,0.2455,32.0
2005-04-14,0.1733,37.0,0.219,60.0,0.2327,32.0,,,0.2367,28.0,0.2317,50.0,0.2264,57.0,0.2423,38.0,,,0.242,28.0
2005-04-13,0.2002,48.0,0.2123,56.0,0.2271,28.0,,,0.2427,32.0,0.2333,51.0,0.2279,59.0,0.2464,42.0,,,0.2445,31.0
2005-04-12,0.1899,44.0,0.2117,56.0,0.2212,24.0,,,0.2338,26.0,0.234,51.0,0.2285,60.0,0.2369,34.0,,,0.2446,31.0
2005-04-11,0.2475,65.0,0.2402,70.0,0.2301,30.0,,,0.2402,30.0,0.234,51.0,0.227,59.0,0.241,37.0,,,0.2456,32.0
2005-04-08,0.2472,65.0,0.2483,73.0,0.2027,16.0,,,0.2393,30.0,0.234,51.0,0.2284,60.0,0.2393,36.0,,,0.248,35.0
2005-04-07,0.2227,57.0,0.2408,70.0,0.2326,32.0,,,0.2502,36.0,0.232,50.0,0.2278,59.0,0.2326,30.0,,,0.2422,28.0
2005-04-06,0.2116,53.0,0.2314,66.0,0.2271,28.0,,,0.2269,22.0,0.2328,50.0,0.2281,60.0,0.2397,36.0,,,0.2412,28.0
2005-04-05,0.2413,63.0,0.231,66.0,0.2376,35.0,,,0.2181,18.0,0.2344,51.0,0.2282,60.0,0.2376,34.0,,,0.2365,24.0
2005-04-04,0.2481,66.0,0.2544,75.0,0.2223,25.0,,,0.245,33.0,0.2337,51.0,0.2284,60.0,0.2382,35.0,,,0.2467,34.0
2005-04-01,0.2518,67.0,0.2534,75.0,0.2218,25.0,,,0.2457,33.0,0.2343,51.0,0.2281,60.0,0.2409,37.0,,,0.2464,33.0
2005-03-31,0.1739,37.0,0.2116,56.0,0.2286,28.0,,,0.2696,49.0,0.2307,49.0,0.2249,57.0,0.2286,28.0,,,0.2494,36.0
2005-03-30,0.1608,32.0,0.2034,51.0,0.2344,33.0,,,0.2712,49.0,0.2306,49.0,0.2249,57.0,0.2344,32.0,,,0.2447,32.0
2005-03-29,0.1665,34.0,0.2052,52.0,0.2371,35.0,,,0.2588,42.0,0.2306,49.0,0.2258,57.0,0.2371,34.0,,,0.2431,30.0
2005-03-28,0.1682,34.0,0.1992,49.0,0.2371,35.0,,,0.2422,31.0,0.2307,49.0,0.2268,59.0,0.2371,34.0,,,0.2397,27.0
2005-03-24,0.1406,23.0,0.1899,43.0,0.2159,21.0,,,0.2431,32.0,0.2385,53.0,0.2283,60.0,0.2384,35.0,,,0.2426,30.0
2005-03-23,0.0805,4.0,0.1544,19.0,0.2173,22.0,,,0.2469,34.0,0.2414,54.0,0.2277,59.0,0.2372,34.0,,,0.2472,34.0
2005-03-22,0.1086,10.0,0.1559,20.0,0.2325,32.0,,,0.2349,27.0,0.2422,54.0,0.228,60.0,0.2418,38.0,,,0.2464,33.0
2005-03-21,0.0964,7.0,0.1366,10.0,0.2156,21.0,,,0.2532,38.0,0.242,54.0,0.2282,60.0,0.2256,25.0,,,0.2484,35.0
2005-03-18,0.095,7.0,0.1482,16.0,0.2079,18.0,,,0.237,28.0,0.2483,57.0,0.2306,62.0,0.2398,36.0,,,0.2471,34.0
2005-03-17,0.1319,19.0,0.1573,21.0,0.2195,23.0,,,0.2321,25.0,0.2489,57.0,0.2307,62.0,0.2408,37.0,,,0.2466,34.0
2005-03-16,0.1368,22.0,0.1691,28.0,0.2137,20.0,,,0.2281,23.0,0.2492,57.0,0.2309,62.0,0.2382,35.0,,,0.2442,31.0
2005-03-15,0.1331,20.0,0.1693,28.0,0.2188,23.0,,,0.2285,23.0,0.2489,57.0,0.2315,63.0,0.2339,31.0,,,0.2448,32.0
2005-03-14,0.145,25.0,0.1757,33.0,0.2026,16.0,,,0.229,23.0,0.2496,57.0,0.2317,63.0,0.2334,31.0,,,0.2418,28.0
2005-03-11,0.1133,12.0,0.1806,36.0,0.2262,27.0,,,0.2315,25.0,0.2491,57.0,0.2313,62.0,0.2378,34.0,,,0.2387,26.0
2005-03-10,0.1265,16.0,0.1887,42.0,0.2077,18.0,,,0.2571,40.0,0.2491,57.0,0.2314,63.0,0.2326,30.0,,,0.2466,34.0
2005-03-09,0.1602,31.0,0.1887,42.0,0.2187,23.0,,,0.2308,24.0,0.2491,57.0,0.231,62.0,0.2431,39.0,,,0.2468,34.0
2005-03-08,0.1526,28.0,0.2024,51.0,0.2332,32.0,,,0.2715,50.0,0.248,57.0,0.2304,62.0,0.2332,31.0,,,0.2441,31.0
2005-03-07,0.1781,38.0,0.2182,59.0,0.2355,34.0,,,0.294,60.0,0.2482,57.0,0.2301,61.0,0.2355,32.0,,,0.2455,32.0
2005-03-04,0.1681,34.0,0.2199,60.0,0.2385,36.0,,,0.2625,45.0,0.2482,57.0,0.2303,62.0,0.2385,35.0,,,0.2448,32.0
2005-03-03,0.1687,34.0,0.2108,55.0,0.2336,33.0,,,0.2621,44.0,0.2485,57.0,0.2301,61.0,0.2336,31.0,,,0.2436,31.0
2005-03-02,0.1747,37.0,0.202,50.0,0.2391,36.0,,,0.2699,49.0,0.2485,57.0,0.2301,61.0,0.2391,35.0,,,0.2467,34.0
2005-03-01,0.18,39.0,0.2081,54.0,0.231,31.0,,,0.2666,47.0,0.2512,59.0,0.2312,62.0,0.231,28.0,,,0.2462,33.0
2005-02-28,0.1796,39.0,0.2056,53.0,0.2225,25.0,,,0.2383,28.0,0.2541,60.0,0.2321,63.0,0.2387,35.0,,,0.2465,33.0
2005-02-24,0.1038,9.0,0.2034,51.0,0.2188,23.0,,,0.2491,35.0,0.2525,60.0,0.2304,62.0,0.2294,28.0,,,0.2546,40.0
2005-02-23,0.1173,13.0,0.2009,50.0,0.2165,21.0,,,0.2475,34.0,0.2535,60.0,0.231,62.0,0.2356,32.0,,,0.2563,41.0
2005-02-22,0.1298,18.0,0.214,57.0,0.2233,25.0,,,0.2588,42.0,0.2536,60.0,0.2311,62.0,0.2399,36.0,,,0.2511,37.0
2005-02-18,0.1221,15.0,0.2149,57.0,0.2222,25.0,,,0.2366,28.0,0.2558,61.0,0.2325,63.0,0.2356,32.0,,,0.2531,38.0
2005-02-17,0.1862,42.0,0.2153,57.0,0.2237,26.0,,,0.2291,23.0,0.2554,61.0,0.2317,63.0,0.2383,35.0,,,0.2536,39.0
2005-02-16,0.2024,49.0,0.2204,60.0,0.2153,21.0,,,0.2351,27.0,0.2557,61.0,0.2319,63.0,0.2365,33.0,,,0.2546,40.0
2005-02-15,0.2041,50.0,0.2027,51.0,0.1985,14.0,,,0.2438,32.0,0.2569,62.0,0.2315,63.0,0.2324,30.0,,,0.2576,42.0
2005-02-14,0.244,64.0,0.2142,57.0,0.2397,37.0,,,0.2338,26.0,0.2568,62.0,0.2304,62.0,0.2446,41.0,,,0.2512,37.0
2005-02-11,0.2361,61.0,0.2137,57.0,0.2133,20.0,,,0.2448,33.0,0.2565,62.0,0.2307,62.0,0.2355,32.0,,,0.2543,39.0
2005-02-10,0.2507,66.0,0.2137,57.0,0.236,34.0,,,0.2386,28.0,0.2564,62.0,0.2303,62.0,0.2439,40.0,,,0.2539,39.0
2005-02-09,0.2505,66.0,0.2147,57.0,0.2417,38.0,,,0.2471,34.0,0.2578,62.0,0.2309,62.0,0.2441,40.0,,,0.2523,38.0
2005-02-08,0.231,60.0,0.2464,72.0,0.1986,14.0,,,0.2521,37.0,0.255,61.0,0.2301,61.0,0.2403,37.0,,,0.251,37.0
2005-02-07,0.2509,66.0,0.2479,73.0,0.2299,30.0,,,0.236,28.0,0.2546,61.0,0.2301,61.0,0.2376,34.0,,,0.253,38.0
2005-02-04,0.2302,59.0,0.247,72.0,0.216,21.0,,,0.2516,37.0,0.2583,63.0,0.2339,64.0,0.2394,36.0,,,0.2572,42.0
2005-02-03,0.2208,56.0,0.2864,83.0,0.1875,10.0,,,0.2559,40.0,0.2572,62.0,0.2329,64.0,0.2458,42.0,,,0.2584,43.0
2005-02-02,0.2185,55.0,0.3054,86.0,0.187,10.0,,,0.2575,41.0,0.2578,62.0,0.2331,64.0,0.2398,36.0,,,0.265,49.0
2005-02-01,0.2667,71.0,0.3274,89.0,0.2509,45.0,,,0.2558,40.0,0.2569,62.0,0.2329,64.0,0.2453,41.0,,,0.2556,41.0
2005-01-31,0.2789,74.0,0.3325,90.0,0.2367,35.0,,,0.2582,41.0,0.2574,62.0,0.2327,64.0,0.2446,41.0,,,0.2556,41.0
2005-01-28,0.1574,30.0,0.302,86.0,0.2547,47.0,,,0.2423,31.0,0.2522,59.0,0.2307,62.0,0.2588,52.0,,,0.2533,38.0
2005-01-27,0.1706,35.0,0.3032,86.0,0.2428,39.0,,,0.2688,48.0,0.2542,61.0,0.2306,62.0,0.2509,46.0,,,0.2603,45.0
2005-01-26,0.1907,44.0,0.313,87.0,0.2466,42.0,,,0.2672,47.0,0.2546,61.0,0.2314,63.0,0.2455,41.0,,,0.2602,45.0
2005-01-25,0.2101,52.0,0.2601,77.0,0.2539,47.0,,,0.2527,38.0,0.2541,60.0,0.2278,59.0,0.2496,45.0,,,0.2558,41.0
2005-01-24,0.2448,64.0,0.263,78.0,0.2655,53.0,,,0.2648,46.0,0.2541,60.0,0.2269,59.0,0.2613,54.0,,,0.2589,43.0
2005-01-21,0.2336,61.0,0.2299,65.0,0.2476,43.0,,,0.2443,33.0,0.2612,64.0,0.2332,64.0,0.2489,44.0,,,0.2511,37.0
2005-01-20,0.2428,64.0,0.2224,61.0,0.2268,28.0,,,0.2346,27.0,0.2626,64.0,0.2377,65.0,0.24,36.0,,,0.2467,34.0
2005-01-19,0.2409,63.0,0.2239,62.0,0.2432,39.0,,,0.2604,43.0,0.2628,64.0,0.2375,65.0,0.2486,44.0,,,0.255,40.0
2005-01-18,0.229,59.0,0.2122,56.0,0.2378,35.0,,,0.2375,28.0,0.2622,64.0,0.237,65.0,0.2474,43.0,,,0.2531,38.0
2005-01-14,0.2643,70.0,0.2207,60.0,0.2317,31.0,,,0.2477,34.0,0.2622,64.0,0.2366,65.0,0.2435,39.0,,,0.2491,35.0
2005-01-13,0.2416,64.0,0.2263,63.0,0.2481,43.0,,,0.2566,40.0,0.2644,64.0,0.2375,65.0,0.2574,51.0,,,0.2479,34.0
2005-01-12,0.2457,65.0,0.2372,69.0,0.2507,45.0,,,0.2647,46.0,0.2644,64.0,0.2366,65.0,0.2482,44.0,,,0.255,40.0
2005-01-11,0.2631,70.0,0.2637,78.0,0.2441,40.0,,,0.268,48.0,0.264,64.0,0.2363,65.0,0.2523,47.0,,,0.2549,40.0
2005-01-10,0.2648,70.0,0.2662,79.0,0.2388,36.0,,,0.2514,37.0,0.2634,64.0,0.2362,65.0,0.2457,41.0,,,0.2554,40.0
2005-01-07,0.3148,80.0,0.2713,80.0,0.2362,34.0,,,0.2767,52.0,0.2634,64.0,0.2358,65.0,0.2417,38.0,,,0.2537,39.0
2005-01-06,0.3239,82.0,0.2701,80.0,0.2392,36.0,,,0.2614,44.0,0.2633,64.0,0.2357,65.0,0.2414,38.0,,,0.254,39.0
2005-01-05,0.297,78.0,0.263,78.0,0.2517,45.0,,,0.2518,37.0,0.2609,64.0,0.2343,64.0,0.2538,48.0,,,0.2471,34.0
2005-01-04,0.3805,89.0,0.2873,83.0,0.2494,44.0,,,0.2314,25.0,0.2608,64.0,0.2335,64.0,0.2506,46.0,,,0.2528,38.0
2005-01-03,0.3921,90.0,0.2594,77.0,0.2459,41.0,,,0.2534,38.0,0.2589,63.0,0.2318,63.0,0.2504,46.0,,,0.2532,38.0
2004-12-31,0.3671,88.0,0.2263,63.0,0.2211,24.0,,,0.2615,44.0,0.2566,62.0,0.2302,62.0,0.2439,40.0,,,0.2619,46.0
2004-12-30,0.3684,88.0,0.2229,61.0,0.2237,26.0,,,0.25,36.0,0.2565,62.0,0.2298,61.0,0.2431,39.0,,,0.2537,39.0
2004-12-29,0.3269,82.0,0.2175,59.0,0.2493,44.0,,,0.2524,38.0,0.2548,61.0,0.2291,61.0,0.2495,45.0,,,0.2578,42.0
2004-12-28,0.3249,82.0,0.2209,61.0,0.221,24.0,,,0.2538,39.0,0.2547,61.0,0.2293,61.0,0.2505,46.0,,,0.2552,40.0
2004-12-27,0.2916,77.0,0.2089,55.0,0.2523,46.0,,,0.2567,40.0,0.2536,60.0,0.2287,60.0,0.255,50.0,,,0.26,44.0
2004-12-23,0.1644,33.0,0.1657,26.0,0.2295,28.0,,,0.251,37.0,0.2462,56.0,0.2263,57.0,0.2479,44.0,,,0.2568,42.0
2004-12-22,0.3738,88.0,0.202,50.0,0.2456,41.0,,,0.2516,37.0,0.2451,56.0,0.2262,57.0,0.2496,45.0,,,0.2534,39.0
2004-12-21,0.3651,87.0,0.2023,51.0,0.2258,27.0,,,0.2648,46.0,0.2451,56.0,0.2264,57.0,0.2483,44.0,,,0.2625,46.0
2004-12-20,0.365,87.0,0.2029,51.0,0.2237,26.0,,,0.246,34.0,0.2489,57.0,0.2289,60.0,0.2446,41.0,,,0.2598,44.0
2004-12-17,0.3591,87.0,0.2118,56.0,0.2203,24.0,,,0.2429,32.0,0.2497,57.0,0.2293,61.0,0.2441,40.0,,,0.2645,48.0
2004-12-16,0.3461,84.0,0.2151,57.0,0.23,30.0,,,0.2411,31.0,0.2493,57.0,0.2293,61.0,0.254,49.0,,,0.2566,41.0
2004-12-15,0.3354,83.0,0.2192,60.0,0.2234,26.0,,,0.2394,30.0,0.249,57.0,0.2292,61.0,0.2476,43.0,,,0.2572,42.0
2004-12-14,0.3474,85.0,0.212,56.0,0.2169,22.0,,,0.2475,34.0,0.2499,57.0,0.2299,61.0,0.2396,36.0,,,0.259,43.0
2004-12-13,0.1366,21.0,0.1791,35.0,0.2442,40.0,,,0.2523,38.0,0.2391,53.0,0.2295,61.0,0.254,49.0,,,0.2666,50.0
2004-12-10,0.1385,22.0,0.1873,41.0,0.2376,35.0,,,0.244,32.0,0.2394,53.0,0.2296,61.0,0.2478,44.0,,,0.2641,48.0
2004-12-09,0.1574,30.0,0.1913,44.0,0.2464,42.0,,,0.2552,39.0,0.2399,53.0,0.2302,62.0,0.2493,45.0,,,0.2605,45.0
2004-12-08,0.1574,30.0,0.1749,32.0,0.2347,33.0,,,0.2697,49.0,0.2446,56.0,0.2311,62.0,0.2451,41.0,,,0.2644,48.0
2004-12-07,0.1975,47.0,0.186,40.0,0.2519,45.0,,,0.2604,43.0,0.2434,55.0,0.2305,62.0,0.2518,47.0,,,0.2683,51.0
2004-12-06,0.1968,47.0,0.1817,37.0,0.2499,44.0,,,0.2586,41.0,0.2434,55.0,0.23,61.0,0.2471,43.0,,,0.2612,45.0
2004-12-03,0.1835,41.0,0.1843,39.0,0.2423,39.0,,,0.24,30.0,0.2432,55.0,0.2299,61.0,0.2514,47.0,,,0.2561,41.0
2004-12-02,0.1632,32.0,0.2012,50.0,0.2343,33.0,,,0.2652,46.0,0.2431,55.0,0.2296,61.0,0.239,35.0,,,0.2614,46.0
2004-12-01,0.1387,22.0,0.1999,49.0,0.2319,31.0,,,0.2586,41.0,0.2431,55.0,0.2294,61.0,0.2469,42.0,,,0.2583,43.0
2004-11-30,0.2345,61.0,0.2059,53.0,0.2463,42.0,,,0.2414,31.0,0.2426,55.0,0.229,61.0,0.2481,44.0,,,0.2582,43.0
2004-11-29,0.2369,62.0,0.2174,59.0,0.2262,27.0,,,0.267,47.0,0.2427,55.0,0.2291,61.0,0.2432,39.0,,,0.2632,47.0
2004-11-26,0.2205,56.0,0.2241,62.0,0.2432,39.0,,,0.2612,43.0,0.2405,54.0,0.2286,60.0,0.254,49.0,,,0.262,46.0
2004-11-24,0.2285,59.0,0.2258,63.0,0.2547,47.0,,,0.2688,48.0,0.2406,54.0,0.2284,60.0,0.2547,49.0,,,0.2649,49.0
2004-11-23,0.2136,54.0,0.2281,65.0,0.1967,13.0,,,0.2896,57.0,0.2406,54.0,0.2286,60.0,0.2423,38.0,,,0.2782,59.0
2004-11-22,0.2233,57.0,0.2289,65.0,0.2392,36.0,,,0.294,60.0,0.2503,57.0,0.2315,63.0,0.2536,48.0,,,0.2684,51.0
2004-11-19,0.2404,63.0,0.2276,64.0,0.2582,49.0,,,0.2811,55.0,0.252,59.0,0.2329,64.0,0.2569,51.0,,,0.2681,51.0
2004-11-18,0.1845,41.0,0.2194,60.0,0.2603,50.0,,,0.2686,48.0,0.2503,57.0,0.2324,63.0,0.2568,51.0,,,0.2649,49.0
2004-11-17,0.1839,41.0,0.2088,54.0,0.2484,43.0,,,0.2802,54.0,0.2495,57.0,0.2318,63.0,0.2548,49.0,,,0.27,53.0
2004-11-16,0.1431,24.0,0.1837,39.0,0.2285,28.0,,,0.282,55.0,0.249,57.0,0.2305,62.0,0.254,49.0,,,0.2659,49.0
2004-11-15,0.1916,44.0,0.1831,38.0,0.2593,50.0,,,0.2858,56.0,0.2483,57.0,0.2301,61.0,0.2534,48.0,,,0.2695,52.0
2004-11-12,0.1937,45.0,0.1877,42.0,0.2664,53.0,,,0.2871,57.0,0.2486,57.0,0.2303,62.0,0.2583,52.0,,,0.2707,53.0
2004-11-11,0.1713,36.0,0.1647,25.0,0.2564,48.0,,,0.2762,52.0,0.2483,57.0,0.229,61.0,0.2556,50.0,,,0.2666,50.0
2004-11-10,0.1707,35.0,0.1856,40.0,0.2495,44.0,,,0.2827,55.0,0.2473,57.0,0.2288,60.0,0.2571,51.0,,,0.2755,57.0
2004-11-09,0.1725,36.0,0.1799,36.0,0.2642,52.0,,,0.2928,59.0,0.2464,56.0,0.229,61.0,0.2569,51.0,,,0.2743,56.0
2004-11-08,0.1575,30.0,0.2086,54.0,0.2593,50.0,,,0.3152,68.0,0.247,56.0,0.2299,61.0,0.2663,57.0,,,0.2785,59.0
2004-11-05,0.167,34.0,0.2209,61.0,0.2711,56.0,,,0.3,62.0,0.2469,56.0,0.2301,61.0,0.2654,57.0,,,0.2737,55.0
2004-11-04,0.1268,16.0,0.2383,69.0,0.2663,53.0,,,0.2933,60.0,0.2466,56.0,0.2298,61.0,0.256,50.0,,,0.2734,55.0
2004-11-03,0.1293,18.0,0.2353,68.0,0.2582,49.0,,,0.3059,64.0,0.2472,57.0,0.2295,61.0,0.2648,56.0,,,0.2741,56.0
2004-11-02,0.117,13.0,0.2336,67.0,0.2579,49.0,,,0.3094,66.0,0.2463,56.0,0.2298,61.0,0.2611,54.0,,,0.2743,56.0
2004-11-01,0.2023,49.0,0.2276,64.0,0.2892,63.0,,,0.2978,61.0,0.2466,56.0,0.2287,60.0,0.2629,55.0,,,0.272,54.0
2004-10-29,0.1957,46.0,0.2383,69.0,0.2811,60.0,,,0.2947,60.0,0.2478,57.0,0.2295,61.0,0.2622,55.0,,,0.273,55.0
2004-10-28,0.2391,63.0,0.2323,67.0,0.2833,61.0,,,0.2921,59.0,0.2478,57.0,0.2283,60.0,0.2668,57.0,,,0.2726,54.0
2004-10-27,0.3316,83.0,0.2602,77.0,0.2772,57.0,,,0.3043,64.0,0.2474,57.0,0.2276,59.0,0.2666,57.0,,,0.275,56.0
2004-10-26,0.3838,89.0,0.2868,83.0,0.2916,64.0,,,0.3101,66.0,0.2466,56.0,0.2266,57.0,0.2695,59.0,,,0.2707,53.0
2004-10-25,0.4315,92.0,0.3093,87.0,0.2665,54.0,,,0.314,67.0,0.2466,56.0,0.2267,59.0,0.2661,57.0,,,0.2772,57.0
2004-10-22,0.4302,92.0,0.3201,88.0,0.2715,56.0,,,0.3019,63.0,0.2515,59.0,0.2283,60.0,0.2668,57.0,,,0.2741,56.0
2004-10-21,0.4196,92.0,0.3137,87.0,0.2732,57.0,,,0.3001,62.0,0.2506,59.0,0.2279,59.0,0.2654,57.0,,,0.2727,55.0
2004-10-20,0.4287,92.0,0.322,89.0,0.2716,56.0,,,0.2982,62.0,0.2545,61.0,0.2295,61.0,0.2615,54.0,,,0.2738,55.0
2004-10-19,0.382,89.0,0.3059,86.0,0.2738,57.0,,,0.2919,59.0,0.3386,80.0,0.2324,63.0,0.2749,62.0,,,0.2685,52.0
2004-10-18,0.3392,84.0,0.2872,83.0,0.2836,61.0,,,0.2916,59.0,0.3352,79.0,0.2305,62.0,0.2669,57.0,,,0.2614,46.0
2004-10-15,0.2497,66.0,0.2489,73.0,0.2631,52.0,,,0.2594,42.0,0.3307,78.0,0.2275,59.0,0.2536,48.0,,,0.2571,42.0
2004-10-14,0.1817,40.0,0.2211,61.0,0.2755,57.0,,,0.238,28.0,0.3289,78.0,0.2255,57.0,0.2596,53.0,,,0.258,42.0
2004-10-13,0.1693,35.0,0.2032,51.0,0.2589,50.0,,,0.2585,41.0,0.3283,78.0,0.2248,57.0,0.2541,49.0,,,0.2584,43.0
2004-10-12,0.1821,40.0,0.2008,50.0,0.2521,46.0,,,0.2662,47.0,0.3291,78.0,0.2254,57.0,0.251,46.0,,,0.2615,46.0
2004-10-11,0.1765,38.0,0.1844,39.0,0.2619,51.0,,,0.2701,49.0,0.3287,78.0,0.2243,57.0,0.2522,47.0,,,0.2626,46.0
2004-10-08,0.1723,36.0,0.2051,52.0,0.2543,47.0,,,0.2686,48.0,0.3287,78.0,0.2243,57.0,0.2517,47.0,,,0.2646,48.0
2004-10-07,0.1624,32.0,0.2067,53.0,0.2559,48.0,,,0.2629,45.0,0.3283,78.0,0.2232,56.0,0.2478,44.0,,,0.2585,43.0
2004-10-06,0.3001,78.0,0.234,68.0,0.2386,36.0,,,0.2653,46.0,0.3275,78.0,0.2227,56.0,0.2461,42.0,,,0.2584,43.0
2004-10-05,0.3306,82.0,0.2427,71.0,0.233,32.0,,,0.261,43.0,0.3281,78.0,0.2227,56.0,0.2508,46.0,,,0.2619,46.0
2004-10-04,0.3623,87.0,0.2523,75.0,0.2452,41.0,,,0.2652,46.0,0.328,78.0,0.2229,56.0,0.2495,45.0,,,0.256,41.0
2004-10-01,0.3543,86.0,0.2677,79.0,0.2552,47.0,,,0.2504,36.0,0.3278,78.0,0.2226,56.0,0.2519,47.0,,,0.2599,44.0
2004-09-30,0.386,89.0,0.2957,85.0,0.2428,39.0,,,0.2423,31.0,0.3293,78.0,0.2228,56.0,0.2543,49.0,,,0.2587,43.0
2004-09-29,0.4094,91.0,0.2856,83.0,0.2808,59.0,,,0.233,26.0,0.3292,78.0,0.2218,55.0,0.2591,53.0,,,0.2524,38.0
2004-09-28,0.3903,90.0,0.2697,79.0,0.2573,49.0,,,0.259,42.0,0.3304,78.0,0.221,55.0,0.2542,49.0,,,0.2596,44.0
2004-09-27,0.3279,82.0,0.2482,73.0,0.2519,45.0,,,0.2474,34.0,0.3245,77.0,0.2188,53.0,0.2532,48.0,,,0.2592,44.0
2004-09-24,0.3021,78.0,0.2374,69.0,0.244,40.0,,,0.2384,28.0,0.3219,77.0,0.2176,51.0,0.2464,42.0,,,0.2527,38.0
2004-09-23,0.2787,74.0,0.2266,63.0,0.2565,48.0,,,0.2482,35.0,0.3222,77.0,0.2175,51.0,0.2573,51.0,,,0.2449,32.0
2004-09-22,0.281,74.0,0.2114,56.0,0.2372,35.0,,,0.2503,36.0,0.3223,77.0,0.2164,49.0,0.2496,45.0,,,0.2585,43.0
2004-09-21,0.1194,14.0,0.1572,21.0,0.2174,22.0,,,0.2412,31.0,0.3181,76.0,0.2139,47.0,0.2402,36.0,,,0.2525,38.0
2004-09-20,0.0966,7.0,0.1484,16.0,0.2486,43.0,,,0.2182,18.0,0.3175,75.0,0.2137,47.0,0.248,44.0,,,0.2505,36.0
2004-09-17,0.0878,5.0,0.1506,17.0,0.2104,19.0,,,0.2389,28.0,0.3184,76.0,0.214,47.0,0.2405,37.0,,,0.2588,43.0
2004-09-16,0.0954,7.0,0.1389,11.0,0.2287,28.0,,,0.2204,19.0,0.3186,76.0,0.2134,46.0,0.2464,42.0,,,0.2537,39.0
2004-09-15,0.0903,6.0,0.1335,9.0,0.2373,35.0,,,0.2417,31.0,0.318,76.0,0.213,46.0,0.2475,43.0,,,0.256,41.0
2004-09-14,0.0893,5.0,0.1514,18.0,0.2458,41.0,,,0.2313,25.0,0.318,76.0,0.2131,46.0,0.2559,50.0,,,0.2566,41.0
2004-09-13,0.1652,33.0,0.184,39.0,0.2388,36.0,,,0.2455,33.0,0.3183,76.0,0.2129,46.0,0.2491,45.0,,,0.2588,43.0
2004-09-10,0.2751,73.0,0.2126,57.0,0.2426,39.0,,,0.2312,25.0,0.3192,76.0,0.2134,46.0,0.2531,48.0,,,0.2571,42.0
2004-09-08,0.28,74.0,0.2238,62.0,0.2462,42.0,,,0.2464,34.0,0.319,76.0,0.2137,47.0,0.2573,51.0,,,0.2591,43.0
2004-09-07,0.292,77.0,0.232,67.0,0.2373,35.0,,,0.2771,52.0,0.3194,76.0,0.2134,46.0,0.2509,46.0,,,0.2642,48.0
2004-09-03,0.2902,76.0,0.2306,66.0,0.2384,36.0,,,0.2412,31.0,0.3193,76.0,0.2135,47.0,0.256,50.0,,,0.2639,48.0
2004-09-02,0.323,81.0,0.2444,72.0,0.2389,36.0,,,0.2493,35.0,0.3234,77.0,0.2155,48.0,0.2569,51.0,,,0.2599,44.0
2004-09-01,0.281,74.0,0.218,59.0,0.2245,26.0,,,0.2594,42.0,0.321,77.0,0.2145,48.0,0.267,57.0,,,0.2743,56.0
2004-08-31,0.2157,55.0,0.2015,50.0,0.2479,43.0,,,0.2358,27.0,0.3185,76.0,0.2132,46.0,0.2597,53.0,,,0.2684,51.0
2004-08-30,0.2326,60.0,0.2121,56.0,0.2422,38.0,,,0.2503,36.0,0.3186,76.0,0.2132,46.0,0.2602,53.0,,,0.2725,54.0
2004-08-27,0.2153,54.0,0.2018,50.0,0.2426,39.0,,,0.2433,32.0,0.3187,76.0,0.2136,47.0,0.2569,51.0,,,0.2718,54.0
2004-08-26,0.2056,51.0,0.1952,46.0,0.2465,42.0,,,0.2385,28.0,0.3178,76.0,0.2129,46.0,0.2607,54.0,,,0.2722,54.0
2004-08-25,0.1966,47.0,0.1969,47.0,0.2423,39.0,,,0.2572,41.0,0.3184,76.0,0.2134,46.0,0.2642,56.0,,,0.2715,54.0
2004-08-24,0.1755,37.0,0.183,38.0,0.2579,49.0,,,0.2574,41.0,0.3163,75.0,0.2119,45.0,0.2654,57.0,,,0.2758,57.0
2004-08-23,0.179,39.0,0.1825,38.0,0.2746,57.0,,,0.2555,40.0,0.3163,75.0,0.2116,45.0,0.2688,59.0,,,0.2692,52.0
2004-08-20,0.1476,26.0,0.1825,38.0,0.2419,38.0,,,0.2645,46.0,0.3159,75.0,0.2109,44.0,0.2665,57.0,,,0.2726,54.0
2004-08-19,0.2108,53.0,0.2458,72.0,0.2451,41.0,,,0.264,45.0,0.3148,75.0,0.2101,43.0,0.2667,57.0,,,0.2768,57.0
2004-08-18,0.2029,49.0,0.2577,76.0,0.2474,43.0,,,0.2609,43.0,0.3148,75.0,0.2103,43.0,0.2681,59.0,,,0.2738,55.0
2004-08-17,0.191,44.0,0.2558,76.0,0.2511,45.0,,,0.26,42.0,0.3156,75.0,0.2105,43.0,0.2701,60.0,,,0.2764,57.0
2004-08-16,0.2081,51.0,0.2595,77.0,0.2452,41.0,,,0.2616,44.0,0.3157,75.0,0.2106,43.0,0.2673,57.0,,,0.281,60.0
2004-08-13,0.2301,59.0,0.2474,73.0,0.2585,49.0,,,0.2577,41.0,0.3143,75.0,0.2099,43.0,0.2719,61.0,,,0.2771,57.0
2004-08-12,0.2251,57.0,0.2551,75.0,0.2588,50.0,,,0.2609,43.0,0.3148,75.0,0.21,43.0,0.2702,60.0,,,0.2766,57.0
2004-08-11,0.2832,75.0,0.2561,76.0,0.258,49.0,,,0.2579,41.0,0.3157,75.0,0.2097,43.0,0.2745,62.0,,,0.2759,57.0
2004-08-10,0.2128,53.0,0.2011,50.0,0.2687,54.0,,,0.2512,37.0,0.3119,74.0,0.2056,39.0,0.2719,61.0,,,0.2791,59.0
2004-08-09,0.1978,47.0,0.2028,51.0,0.2627,51.0,,,0.2631,45.0,0.3112,74.0,0.2049,38.0,0.2723,61.0,,,0.2813,60.0
2004-08-06,0.1694,35.0,0.2068,53.0,0.2565,48.0,,,0.2437,32.0,0.3104,74.0,0.2046,38.0,0.2775,64.0,,,0.2829,61.0
2004-08-05,0.3038,79.0,0.3305,90.0,0.2606,50.0,,,0.2341,26.0,0.3105,74.0,0.2041,38.0,0.2765,63.0,,,0.2813,60.0
2004-08-04,0.3101,80.0,0.3898,94.0,0.2578,49.0,,,0.2775,53.0,0.3102,74.0,0.2041,38.0,0.271,60.0,,,0.2821,61.0
2004-08-03,0.2952,77.0,0.3847,94.0,0.2566,48.0,,,0.2632,45.0,0.3102,74.0,0.2035,38.0,0.2764,63.0,,,0.284,62.0
2004-08-02,0.2998,78.0,0.3813,94.0,0.2471,42.0,,,0.2614,44.0,0.3089,74.0,0.2031,37.0,0.2758,63.0,,,0.2837,62.0
2004-07-30,0.3017,78.0,0.3757,93.0,0.2706,55.0,,,0.2677,48.0,0.3115,74.0,0.2038,38.0,0.2761,63.0,,,0.285,63.0
2004-07-29,0.3248,82.0,0.3837,94.0,0.2557,48.0,,,0.2628,45.0,0.3117,74.0,0.2029,37.0,0.2667,57.0,,,0.2792,59.0
2004-07-28,0.3794,89.0,0.3855,94.0,0.2572,49.0,,,0.2287,23.0,0.3117,74.0,0.2027,37.0,0.269,59.0,,,0.2783,59.0
2004-07-27,0.2859,76.0,0.2816,82.0,0.2445,40.0,,,0.264,45.0,0.306,73.0,0.1933,30.0,0.2645,56.0,,,0.2743,56.0
2004-07-26,0.2599,69.0,0.1913,44.0,0.2293,28.0,,,0.2618,44.0,0.3049,73.0,0.1871,23.0,0.2701,60.0,,,0.2739,55.0
2004-07-23,0.2545,67.0,0.1889,42.0,0.2202,23.0,,,0.2633,45.0,0.3048,73.0,0.187,23.0,0.2691,59.0,,,0.2731,55.0
2004-07-22,0.254,67.0,0.1856,40.0,0.2374,35.0,,,0.2613,44.0,0.306,73.0,0.1881,24.0,0.2676,57.0,,,0.2747,56.0
2004-07-21,0.2407,63.0,0.1723,31.0,0.2596,50.0,,,0.2682,48.0,0.3061,73.0,0.1881,24.0,0.2729,61.0,,,0.2733,55.0
2004-07-20,0.1304,18.0,0.1329,9.0,0.2291,28.0,,,0.2456,33.0,0.3107,74.0,0.2003,35.0,0.2641,56.0,,,0.2721,54.0
2004-07-19,0.0387,1.0,0.1291,7.0,0.1973,13.0,,,0.2623,44.0,0.3144,75.0,0.2008,36.0,0.2693,59.0,,,0.2759,57.0
2004-07-16,0.0471,1.0,0.136,10.0,0.2332,32.0,,,0.2652,46.0,0.3159,75.0,0.2015,36.0,0.2587,52.0,,,0.267,50.0
2004-07-15,0.047,1.0,0.1339,9.0,0.2317,31.0,,,0.2602,43.0,0.3167,75.0,0.2016,36.0,0.2578,52.0,,,0.2677,51.0
2004-07-14,0.0825,4.0,0.1361,10.0,0.2156,21.0,,,0.2642,46.0,0.3168,75.0,0.2016,36.0,0.2586,52.0,,,0.267,50.0
2004-07-13,0.1011,8.0,0.1401,12.0,0.2129,20.0,,,0.2696,49.0,0.3174,75.0,0.2017,36.0,0.2519,47.0,,,0.2639,48.0
2004-07-12,0.0999,8.0,0.1534,19.0,0.2127,20.0,,,0.2665,47.0,0.3175,75.0,0.2019,37.0,0.2486,44.0,,,0.266,49.0
2004-07-09,0.1005,8.0,0.1551,20.0,0.2324,32.0,,,0.251,37.0,0.3175,75.0,0.202,37.0,0.2551,50.0,,,0.2612,45.0
2004-07-08,0.1131,11.0,0.1455,14.0,0.2321,31.0,,,0.2559,40.0,0.3175,75.0,0.2016,36.0,0.2529,48.0,,,0.2602,45.0
2004-07-07,0.129,17.0,0.1447,14.0,0.2372,35.0,,,0.2471,34.0,0.3176,76.0,0.2014,36.0,0.2612,54.0,,,0.2604,45.0
2004-07-06,0.2158,55.0,0.2069,54.0,0.2484,43.0,,,0.243,32.0,0.3178,76.0,0.2014,36.0,0.2649,57.0,,,0.258,42.0
2004-07-02,0.2222,57.0,0.2206,60.0,0.2345,33.0,,,0.2345,27.0,0.3175,75.0,0.2018,36.0,0.2597,53.0,,,0.2624,46.0
2004-07-01,0.2281,59.0,0.2206,60.0,0.2488,43.0,,,0.2595,42.0,0.3207,77.0,0.2047,38.0,0.2682,59.0,,,0.2632,47.0
2004-06-30,0.2331,60.0,0.2176,59.0,0.2457,41.0,,,0.1859,8.0,0.3212,77.0,0.2052,39.0,0.2663,57.0,,,0.2713,53.0
2004-06-29,0.2574,68.0,0.238,69.0,0.252,46.0,,,0.2557,40.0,0.3227,77.0,0.2063,40.0,0.2665,57.0,,,0.2657,49.0
2004-06-28,0.2862,76.0,0.2596,77.0,0.253,46.0,,,0.2714,49.0,0.3248,77.0,0.2071,40.0,0.2624,55.0,,,0.2686,52.0
2004-06-25,0.2839,75.0,0.258,76.0,0.3366,79.0,,,0.2092,14.0,0.3245,77.0,0.2069,40.0,0.296,71.0,,,0.2441,31.0
2004-06-24,0.2075,51.0,0.2275,64.0,0.253,46.0,,,0.1962,10.0,0.3218,77.0,0.2039,38.0,0.2552,50.0,,,0.256,41.0
2004-06-23,0.2881,76.0,0.2436,71.0,0.2353,34.0,,,0.2587,42.0,0.321,77.0,0.2028,37.0,0.2512,46.0,,,0.2564,41.0
2004-06-22,0.2865,76.0,0.2381,69.0,0.2442,40.0,,,0.2566,40.0,0.321,77.0,0.2024,37.0,0.256,50.0,,,0.2552,40.0
2004-06-21,0.286,76.0,0.2343,68.0,0.2517,45.0,,,0.2692,48.0,0.3218,77.0,0.2035,38.0,0.2548,49.0,,,0.2629,47.0
2004-06-18,0.2677,71.0,0.212,56.0,0.2506,45.0,,,0.2897,57.0,0.3225,77.0,0.2034,37.0,0.2552,50.0,,,0.2752,56.0
2004-06-17,0.2214,57.0,0.1823,38.0,0.2735,57.0,,,0.2797,54.0,0.3212,77.0,0.2015,36.0,0.2685,59.0,,,0.2753,56.0
2004-06-16,0.2141,54.0,0.1835,38.0,0.282,60.0,,,0.2707,49.0,0.3212,77.0,0.2013,36.0,0.2727,61.0,,,0.2747,56.0
2004-06-15,0.211,53.0,0.1638,25.0,0.2747,57.0,,,0.2687,48.0,0.3209,77.0,0.2015,36.0,0.275,62.0,,,0.275,56.0
2004-06-14,0.0795,3.0,0.1222,5.0,0.268,54.0,,,0.2838,56.0,0.3175,75.0,0.1996,35.0,0.2774,63.0,,,0.2714,54.0
2004-06-10,0.1074,10.0,0.1363,10.0,0.2701,55.0,,,0.2429,32.0,0.3175,75.0,0.1998,35.0,0.2724,61.0,,,0.281,60.0
2004-06-09,0.1208,14.0,0.1399,11.0,0.2704,55.0,,,0.2572,41.0,0.3175,75.0,0.1997,35.0,0.2834,66.0,,,0.2785,59.0
2004-06-08,0.1543,28.0,0.1525,18.0,0.2654,53.0,,,0.2852,56.0,0.3174,75.0,0.1995,35.0,0.2761,63.0,,,0.2806,60.0
2004-06-07,0.3366,83.0,0.2376,69.0,0.2636,52.0,,,0.2915,59.0,0.3174,75.0,0.2,35.0,0.2749,62.0,,,0.2816,61.0
2004-06-04,0.351,85.0,0.2615,78.0,0.2594,50.0,,,0.2741,51.0,0.3179,76.0,0.2,35.0,0.2821,65.0,,,0.2817,61.0
2004-06-03,0.3401,84.0,0.2652,78.0,0.2784,57.0,,,0.278,53.0,0.3186,76.0,0.2005,35.0,0.2721,61.0,,,0.2799,60.0
2004-06-02,0.3436,84.0,0.2631,78.0,0.2709,56.0,,,0.2806,54.0,0.3186,76.0,0.2007,36.0,0.281,65.0,,,0.28,60.0
2004-06-01,0.3223,81.0,0.2563,76.0,0.2662,53.0,,,0.2609,43.0,0.3192,76.0,0.2015,36.0,0.276,63.0,,,0.2779,57.0
2004-05-28,0.3345,83.0,0.2544,75.0,0.2687,54.0,,,0.2647,46.0,0.3206,77.0,0.2021,37.0,0.2744,62.0,,,0.2784,59.0
2004-05-27,0.3187,81.0,0.2561,76.0,0.2597,50.0,,,0.2806,54.0,0.3202,76.0,0.2017,36.0,0.2744,62.0,,,0.2825,61.0
2004-05-26,0.1668,34.0,0.1778,35.0,0.2611,51.0,,,0.2949,60.0,0.3129,75.0,0.1968,33.0,0.2781,64.0,,,0.2869,64.0
2004-05-25,0.1008,8.0,0.1342,9.0,0.2734,57.0,,,0.2934,60.0,0.3114,74.0,0.1953,32.0,0.2824,66.0,,,0.2915,66.0
2004-05-24,0.0678,2.0,0.1408,12.0,0.3006,67.0,,,0.294,60.0,0.3119,74.0,0.1952,32.0,0.2847,67.0,,,0.2837,62.0
2004-05-21,0.1131,11.0,0.1678,27.0,0.2944,65.0,,,0.2765,52.0,0.3177,76.0,0.1969,33.0,0.2901,69.0,,,0.2858,63.0
2004-05-20,0.1113,11.0,0.1758,33.0,0.2893,63.0,,,0.2981,62.0,0.3178,76.0,0.1969,33.0,0.2829,66.0,,,0.2853,63.0
2004-05-19,0.147,26.0,0.1769,34.0,0.2864,62.0,,,0.2833,56.0,0.3179,76.0,0.197,33.0,0.2836,66.0,,,0.2859,63.0
2004-05-18,0.1602,31.0,0.1694,28.0,0.2794,59.0,,,0.2869,57.0,0.3175,75.0,0.1969,33.0,0.2847,67.0,,,0.2842,62.0
2004-05-17,0.1587,31.0,0.1825,38.0,0.275,57.0,,,0.2977,61.0,0.3191,76.0,0.1982,34.0,0.284,67.0,,,0.2893,65.0
2004-05-14,0.16,31.0,0.1852,40.0,0.2922,64.0,,,0.2895,57.0,0.3197,76.0,0.1987,34.0,0.2814,65.0,,,0.2833,62.0
2004-05-13,0.2106,52.0,0.191,44.0,0.281,60.0,,,0.3059,64.0,0.3205,76.0,0.1989,34.0,0.278,64.0,,,0.2867,63.0
2004-05-12,0.183,41.0,0.1729,31.0,0.2412,38.0,,,0.2802,54.0,0.3201,76.0,0.1983,34.0,0.2792,64.0,,,0.2735,55.0
2004-05-11,0.1842,41.0,0.1676,27.0,0.2223,25.0,,,0.2752,51.0,0.3207,77.0,0.1984,34.0,0.273,61.0,,,0.2777,57.0
2004-05-10,0.1788,39.0,0.1757,33.0,0.2511,45.0,,,0.2808,54.0,0.3206,77.0,0.1983,34.0,0.2804,65.0,,,0.2758,57.0
2004-05-07,0.1357,21.0,0.1815,37.0,0.2928,64.0,,,0.2469,34.0,0.3209,77.0,0.1986,34.0,0.2833,66.0,,,0.2733,55.0
2004-05-06,0.2683,71.0,0.206,53.0,0.269,55.0,,,0.2627,45.0,0.3209,77.0,0.198,33.0,0.2806,65.0,,,0.2744,56.0
2004-05-05,0.2841,75.0,0.2117,56.0,0.2934,65.0,,,0.287,57.0,0.3209,77.0,0.1982,34.0,0.2784,64.0,,,0.271,53.0
2004-05-04,0.3211,81.0,0.2392,70.0,0.2536,47.0,,,0.2927,59.0,0.3202,76.0,0.1979,33.0,0.2786,64.0,,,0.2748,56.0
2004-05-03,0.9628,100.0,0.297,85.0,0.2859,62.0,,,0.2918,59.0,0.3202,76.0,0.1979,33.0,0.2809,65.0,,,0.2786,59.0
2004-04-28,0.9804,100.0,0.2941,85.0,0.2962,66.0,,,0.2761,52.0,0.3226,77.0,0.1977,33.0,0.2908,69.0,,,0.2803,60.0
2004-04-27,0.9958,100.0,0.2736,81.0,0.2704,55.0,,,0.2963,61.0,0.3215,77.0,0.1974,33.0,0.2762,63.0,,,0.2768,57.0
2004-04-26,0.9938,100.0,0.2798,82.0,0.2836,61.0,,,0.249,35.0,0.3207,77.0,0.1974,33.0,0.2641,56.0,,,0.2686,52.0
2004-04-23,0.9968,100.0,0.2487,73.0,0.2578,49.0,,,0.2532,38.0,0.3175,75.0,0.1952,32.0,0.2685,59.0,,,0.2716,54.0
2004-04-22,0.0997,7.0,0.1668,27.0,0.2143,20.0,,,0.2591,42.0,0.2241,44.0,0.1949,31.0,0.2374,34.0,,,0.2475,34.0
2004-04-21,0.1259,16.0,0.1548,19.0,0.2168,22.0,,,0.257,40.0,0.2486,57.0,0.2083,42.0,0.2362,33.0,,,0.2465,33.0
2004-04-20,0.1173,13.0,0.1544,19.0,0.2284,28.0,,,0.2498,36.0,0.2496,57.0,0.2088,42.0,0.2374,34.0,,,0.2479,34.0
2004-04-19,0.1578,30.0,0.162,24.0,0.2386,36.0,,,0.2386,28.0,0.2527,60.0,0.2102,43.0,0.2325,30.0,,,0.2353,24.0
2004-04-16,0.1637,32.0,0.1615,23.0,0.2405,37.0,,,0.2374,28.0,0.2527,60.0,0.21,43.0,0.2401,36.0,,,0.2438,31.0
2004-04-15,0.1301,18.0,0.1363,10.0,0.2453,41.0,,,0.2359,27.0,0.2519,59.0,0.2092,42.0,0.2466,42.0,,,0.2447,32.0
2004-04-14,0.1869,42.0,0.1487,16.0,0.2402,37.0,,,0.2515,37.0,0.2518,59.0,0.209,42.0,0.2434,39.0,,,0.2486,35.0
2004-04-13,0.1907,44.0,0.1491,16.0,0.2461,42.0,,,0.2305,24.0,0.252,59.0,0.2092,42.0,0.245,41.0,,,0.246,33.0
2004-04-12,0.2062,51.0,0.1584,21.0,0.2405,37.0,,,0.2544,39.0,0.2517,59.0,0.2091,42.0,0.2443,40.0,,,0.2448,32.0
2004-04-08,0.2084,52.0,0.155,19.0,0.253,46.0,,,0.2453,33.0,0.2519,59.0,0.2096,43.0,0.2435,39.0,,,0.2409,28.0
2004-04-07,0.1712,36.0,0.1399,11.0,0.2642,52.0,,,0.2412,31.0,0.2507,59.0,0.2091,42.0,0.237,34.0,,,0.2415,28.0
2004-04-06,0.1888,43.0,0.1471,15.0,0.231,31.0,,,0.2459,33.0,0.2507,59.0,0.2092,42.0,0.2397,36.0,,,0.2453,32.0
2004-04-05,0.2061,51.0,0.1516,18.0,0.2339,33.0,,,0.2409,30.0,0.2509,59.0,0.2092,42.0,0.2313,30.0,,,0.2455,32.0
2004-04-02,0.1814,40.0,0.1352,9.0,0.2355,34.0,,,0.249,35.0,0.2493,57.0,0.209,42.0,0.24,36.0,,,0.2423,28.0
2004-04-01,0.1704,35.0,0.1372,10.0,0.2262,27.0,,,0.2503,36.0,0.2508,59.0,0.2092,42.0,0.2389,35.0,,,0.2451,32.0
2004-03-31,0.1652,33.0,0.137,10.0,0.2359,34.0,,,0.2369,28.0,0.2497,57.0,0.2094,43.0,0.2462,42.0,,,0.2399,27.0
2004-03-30,0.184,41.0,0.1424,13.0,0.2344,33.0,,,0.2423,31.0,0.25,57.0,0.2096,43.0,0.2446,41.0,,,0.2455,32.0
2004-03-29,0.1776,38.0,0.1444,14.0,0.2293,28.0,,,0.2368,28.0,0.2499,57.0,0.2097,43.0,0.2399,36.0,,,0.2457,33.0
2004-03-26,0.1505,27.0,0.1335,9.0,0.2386,36.0,,,0.2317,25.0,0.2489,57.0,0.2107,44.0,0.2407,37.0,,,0.2435,30.0
2004-03-25,0.1395,23.0,0.1338,9.0,0.2401,37.0,,,0.2344,27.0,0.2494,57.0,0.2107,44.0,0.2374,34.0,,,0.2463,33.0
2004-03-24,0.1816,40.0,0.1444,14.0,0.2361,34.0,,,0.2392,30.0,0.2491,57.0,0.2108,44.0,0.2402,36.0,,,0.2414,28.0
2004-03-23,0.1807,39.0,0.1491,16.0,0.2325,32.0,,,0.2284,23.0,0.2533,60.0,0.2135,47.0,0.2423,38.0,,,0.2471,34.0
2004-03-22,0.1522,28.0,0.1418,13.0,0.2217,24.0,,,0.2389,28.0,0.2522,59.0,0.2131,46.0,0.2425,38.0,,,0.2447,32.0
2004-03-19,0.1576,30.0,0.1388,11.0,0.2321,31.0,,,0.2379,28.0,0.2519,59.0,0.2131,46.0,0.2377,34.0,,,0.2453,32.0
2004-03-18,0.1646,33.0,0.1465,15.0,0.206,17.0,,,0.2314,25.0,0.2519,59.0,0.2132,46.0,0.2378,34.0,,,0.2476,34.0
2004-03-17,0.2918,77.0,0.2026,51.0,0.2353,34.0,,,0.2391,28.0,0.2523,59.0,0.2133,46.0,0.2402,36.0,,,0.243,30.0
2004-03-16,0.2879,76.0,0.2159,57.0,0.2232,25.0,,,0.2285,23.0,0.2521,59.0,0.2134,46.0,0.2421,38.0,,,0.2406,28.0
2004-03-15,0.2686,71.0,0.2101,55.0,0.2281,28.0,,,0.2356,27.0,0.2508,59.0,0.2134,46.0,0.2372,34.0,,,0.2438,31.0
2004-03-12,0.2724,72.0,0.2083,54.0,0.2254,27.0,,,0.2332,26.0,0.2518,59.0,0.2139,47.0,0.2363,33.0,,,0.2459,33.0
2004-03-11,0.272,72.0,0.2234,62.0,0.2268,28.0,,,0.2336,26.0,0.2519,59.0,0.2143,47.0,0.2392,35.0,,,0.2441,31.0
2004-03-10,0.2645,70.0,0.2238,62.0,0.216,21.0,,,0.2325,25.0,0.2515,59.0,0.2143,47.0,0.2423,38.0,,,0.2443,31.0
2004-03-09,0.2657,71.0,0.2297,65.0,0.2149,21.0,,,0.2351,27.0,0.2514,59.0,0.215,48.0,0.2387,35.0,,,0.2421,28.0
2004-03-08,0.1334,20.0,0.1791,35.0,0.223,25.0,,,0.2252,21.0,0.2457,56.0,0.2124,46.0,0.2348,32.0,,,0.2445,31.0
2004-03-05,0.1315,19.0,0.159,22.0,0.2428,39.0,,,0.232,25.0,0.2459,56.0,0.2123,45.0,0.2334,31.0,,,0.2483,35.0
2004-03-04,0.1315,19.0,0.1519,18.0,0.232,31.0,,,0.2312,25.0,0.2462,56.0,0.2123,45.0,0.2329,31.0,,,0.2474,34.0
2004-03-03,0.122,15.0,0.1475,15.0,0.1829,9.0,,,0.1889,9.0,0.2464,56.0,0.2123,45.0,0.2343,32.0,,,0.253,38.0
2004-03-02,0.0997,7.0,0.1245,6.0,0.2041,16.0,,,0.2385,28.0,0.2473,57.0,0.2118,45.0,0.2329,31.0,,,0.2516,37.0
2004-03-01,0.1343,20.0,0.1412,12.0,0.1922,12.0,,,0.2346,27.0,0.2496,57.0,0.2129,46.0,0.2304,28.0,,,0.248,35.0
2004-02-27,0.1232,15.0,0.1328,8.0,0.2264,28.0,,,0.2344,27.0,0.2502,57.0,0.213,46.0,0.2264,26.0,,,0.247,34.0
2004-02-26,0.1102,10.0,0.1361,10.0,0.2351,33.0,,,0.2256,21.0,0.2503,57.0,0.2131,46.0,0.2336,31.0,,,0.2441,31.0
2004-02-25,0.1179,13.0,0.146,15.0,0.2233,25.0,,,0.2373,28.0,0.2519,59.0,0.214,47.0,0.228,27.0,,,0.2446,31.0
2004-02-24,0.1701,35.0,0.1546,19.0,0.2298,30.0,,,0.1915,9.0,0.252,59.0,0.2142,47.0,0.2305,28.0,,,0.2466,34.0
2004-02-23,0.176,38.0,0.1642,25.0,0.2313,31.0,,,0.2337,26.0,0.2521,59.0,0.2149,48.0,0.2316,30.0,,,0.244,31.0
2004-02-20,0.1764,38.0,0.1642,25.0,0.2214,24.0,,,0.2232,20.0,0.2521,59.0,0.2149,48.0,0.2268,26.0,,,0.2453,32.0
2004-02-19,0.1523,28.0,0.1494,17.0,0.226,27.0,,,0.234,26.0,0.2515,59.0,0.2154,48.0,0.2334,31.0,,,0.2407,28.0
2004-02-18,0.1426,24.0,0.1396,11.0,0.2288,28.0,,,0.2325,25.0,0.2509,59.0,0.2153,48.0,0.2281,27.0,,,0.2388,26.0
2004-02-17,0.1399,23.0,0.1372,10.0,0.2246,26.0,,,0.2306,24.0,0.2508,59.0,0.2153,48.0,0.2224,23.0,,,0.2358,24.0
2004-02-13,0.1097,10.0,0.1318,8.0,0.2213,24.0,,,0.2223,20.0,0.2499,57.0,0.2151,48.0,0.2208,22.0,,,0.2351,23.0
2004-02-12,0.0549,1.0,0.1331,9.0,0.2258,27.0,,,0.2322,25.0,0.2495,57.0,0.2155,48.0,0.2193,21.0,,,0.2355,24.0
2004-02-11,0.193,45.0,0.1651,26.0,0.2246,26.0,,,0.2238,20.0,0.2496,57.0,0.2151,48.0,0.2232,24.0,,,0.2334,22.0
2004-02-10,0.1891,43.0,0.1622,24.0,0.2224,25.0,,,0.2306,24.0,0.2497,57.0,0.2152,48.0,0.2206,22.0,,,0.2348,23.0
2004-02-09,0.1849,42.0,0.1688,28.0,0.2108,19.0,,,0.2312,25.0,0.2508,59.0,0.2167,50.0,0.2094,16.0,,,0.2385,26.0
2004-02-06,0.2228,57.0,0.1818,37.0,0.2182,22.0,,,0.2309,24.0,0.2508,59.0,0.2168,50.0,0.2156,19.0,,,0.2358,24.0
2004-02-05,0.2227,57.0,0.1853,40.0,0.2166,21.0,,,0.2188,18.0,0.2508,59.0,0.217,51.0,0.2169,20.0,,,0.2381,26.0
2004-02-04,0.22,56.0,0.1847,39.0,0.2133,20.0,,,0.2261,21.0,0.2509,59.0,0.2171,51.0,0.2202,22.0,,,0.2374,25.0
2004-02-03,0.238,62.0,0.2029,51.0,0.2171,22.0,,,0.2203,19.0,0.2514,59.0,0.2171,51.0,0.2167,20.0,,,0.2312,21.0
2004-02-02,0.1954,46.0,0.1794,36.0,0.2177,22.0,,,0.2151,16.0,0.2484,57.0,0.2162,49.0,0.2177,20.0,,,0.2375,25.0
2004-01-30,0.3479,85.0,0.3587,92.0,0.2238,26.0,,,0.2378,28.0,0.2487,57.0,0.2168,50.0,0.2238,24.0,,,0.2387,26.0
2004-01-29,0.4038,91.0,0.368,93.0,0.2164,21.0,,,0.2255,21.0,0.2502,57.0,0.2174,51.0,0.2164,19.0,,,0.2345,23.0
2004-01-28,0.3623,87.0,0.3704,93.0,0.208,18.0,,,0.2347,27.0,0.25,57.0,0.217,51.0,0.2097,16.0,,,0.2342,23.0
2004-01-27,0.3508,85.0,0.3696,93.0,0.2137,20.0,,,0.2165,17.0,0.2501,57.0,0.2169,50.0,0.2142,18.0,,,0.237,25.0
2004-01-26,0.3501,85.0,0.3693,93.0,0.2067,17.0,,,0.2315,25.0,0.2516,59.0,0.2176,51.0,0.2163,19.0,,,0.2329,22.0
2004-01-23,0.3504,85.0,0.3588,92.0,0.2197,23.0,,,0.2315,25.0,0.2511,59.0,0.2178,52.0,0.2211,22.0,,,0.2334,22.0
2004-01-21,0.2334,60.0,0.1725,31.0,0.2031,16.0,,,0.2322,25.0,0.2414,54.0,0.2047,38.0,0.2136,18.0,,,0.2407,28.0
2004-01-20,0.1442,25.0,0.1505,17.0,0.2236,26.0,,,0.258,41.0,0.2359,52.0,0.2055,39.0,0.2266,26.0,,,0.2429,30.0
2004-01-16,0.1102,10.0,0.1317,8.0,0.2229,25.0,,,0.2579,41.0,0.2339,51.0,0.2056,39.0,0.2313,30.0,,,0.2404,28.0
2004-01-15,0.115,12.0,0.1274,7.0,0.2235,26.0,,,0.2693,49.0,0.2331,51.0,0.2062,39.0,0.2265,26.0,,,0.2414,28.0
2004-01-14,0.1046,9.0,0.1404,12.0,0.2111,19.0,,,0.2803,54.0,0.2334,51.0,0.2065,40.0,0.2219,23.0,,,0.2477,34.0
2004-01-13,0.232,60.0,0.2019,50.0,0.2295,28.0,,,0.2509,37.0,0.2346,52.0,0.2067,40.0,0.2308,28.0,,,0.2457,33.0
2004-01-12,0.2469,65.0,0.2184,60.0,0.2458,41.0,,,0.2552,39.0,0.2367,52.0,0.2082,41.0,0.2343,32.0,,,0.2459,33.0
2004-01-09,0.2741,73.0,0.2357,68.0,0.2504,45.0,,,0.237,28.0,0.238,53.0,0.2084,42.0,0.2341,31.0,,,0.2469,34.0
2004-01-08,0.33,82.0,0.2464,72.0,0.2356,34.0,,,0.2774,52.0,0.2379,53.0,0.2085,42.0,0.2368,33.0,,,0.2432,30.0
2004-01-07,0.328,82.0,0.2472,72.0,0.2463,42.0,,,0.2595,42.0,0.2419,54.0,0.2107,44.0,0.2388,35.0,,,0.2527,38.0
2004-01-06,0.3285,82.0,0.2469,72.0,0.2555,48.0,,,0.2762,52.0,0.2419,54.0,0.211,44.0,0.2365,33.0,,,0.2515,37.0
2004-01-05,0.3255,82.0,0.2371,69.0,0.2676,54.0,,,0.2656,46.0,0.2417,54.0,0.2109,44.0,0.2459,42.0,,,0.2535,39.0
2004-01-02,0.2319,60.0,0.1808,37.0,0.2481,43.0,,,0.2093,14.0,0.2369,52.0,0.208,41.0,0.2325,30.0,,,0.2602,45.0
2003-12-31,0.2401,63.0,0.1864,41.0,0.2311,31.0,,,0.2693,49.0,0.2362,52.0,0.2077,41.0,0.2372,34.0,,,0.25,36.0
2003-12-30,0.2354,61.0,0.1888,42.0,0.2411,38.0,,,0.2192,18.0,0.2341,51.0,0.2064,40.0,0.2249,25.0,,,0.258,42.0
2003-12-29,0.1846,41.0,0.1642,25.0,0.1921,12.0,,,0.223,20.0,0.2312,49.0,0.2058,39.0,0.2457,41.0,,,0.2455,32.0
2003-12-26,0.1925,45.0,0.1614,23.0,0.2495,44.0,,,0.2699,49.0,0.232,50.0,0.2061,39.0,0.2297,28.0,,,0.2662,50.0
2003-12-24,0.1887,43.0,0.1859,40.0,0.2539,47.0,,,0.2678,48.0,0.2324,50.0,0.2072,40.0,0.2442,40.0,,,0.267,50.0
2003-12-23,0.1931,45.0,0.1901,43.0,0.2464,42.0,,,0.2694,49.0,0.2334,51.0,0.2086,42.0,0.2391,35.0,,,0.2683,51.0
2003-12-22,0.1907,44.0,0.194,45.0,0.2386,36.0,,,0.2766,52.0,0.2333,51.0,0.2092,42.0,0.2446,41.0,,,0.267,50.0
2003-12-19,0.1428,24.0,0.1671,27.0,0.2388,36.0,,,0.2629,45.0,0.2319,50.0,0.2085,42.0,0.2621,54.0,,,0.2702,53.0
2003-12-18,0.0812,4.0,0.1314,8.0,0.2268,28.0,,,0.2594,42.0,0.231,49.0,0.2079,41.0,0.2491,45.0,,,0.2691,52.0
2003-12-17,0.0825,4.0,0.1502,17.0,0.2468,42.0,,,0.262,44.0,0.2313,50.0,0.2083,42.0,0.2506,46.0,,,0.2681,51.0
2003-12-16,0.1017,8.0,0.1556,20.0,0.2471,42.0,,,0.2556,40.0,0.2365,52.0,0.2118,45.0,0.2466,42.0,,,0.2634,47.0
2003-12-15,0.1462,25.0,0.1406,12.0,0.2366,35.0,,,0.2032,12.0,0.2379,53.0,0.2122,45.0,0.2429,39.0,,,0.2649,49.0
2003-12-12,0.1437,25.0,0.1512,17.0,0.1948,13.0,,,0.2489,35.0,0.2378,53.0,0.2123,45.0,0.2539,49.0,,,0.2635,47.0
2003-12-11,0.1703,35.0,0.1758,33.0,0.2447,40.0,,,0.2648,46.0,0.2381,53.0,0.2126,46.0,0.2511,46.0,,,0.2721,54.0
2003-12-10,0.2069,51.0,0.1904,43.0,0.2373,35.0,,,0.2599,42.0,0.2424,55.0,0.2134,46.0,0.2514,47.0,,,0.2682,51.0
2003-12-09,0.2279,59.0,0.1956,47.0,0.2481,43.0,,,0.2573,41.0,0.2436,55.0,0.2148,48.0,0.2516,47.0,,,0.2702,53.0
2003-12-08,0.239,62.0,0.1836,38.0,0.1713,7.0,,,0.2616,44.0,0.2445,55.0,0.2147,48.0,0.2511,46.0,,,0.2666,50.0
2003-12-05,0.2061,51.0,0.1882,42.0,0.2016,15.0,,,0.2489,35.0,0.2453,56.0,0.2159,49.0,0.2569,51.0,,,0.2732,55.0
2003-12-04,0.2315,60.0,0.1825,38.0,0.1931,12.0,,,0.2664,47.0,0.2443,55.0,0.2157,49.0,0.2503,45.0,,,0.2676,51.0
2003-12-03,0.3493,85.0,0.2056,53.0,0.2036,16.0,,,0.2666,47.0,0.2443,55.0,0.2165,50.0,0.2499,45.0,,,0.271,53.0
2003-12-02,0.3135,80.0,0.1826,38.0,0.2441,40.0,,,0.242,31.0,0.2449,56.0,0.2166,50.0,0.2477,43.0,,,0.285,63.0
2003-12-01,0.2563,68.0,0.1703,28.0,0.2477,43.0,,,0.2465,34.0,0.2427,55.0,0.2165,50.0,0.2459,42.0,,,0.2829,61.0
2003-11-28,0.2693,71.0,0.1782,35.0,0.254,47.0,,,0.2668,47.0,0.2422,54.0,0.2165,50.0,0.2439,40.0,,,0.2888,65.0
2003-11-26,0.2831,75.0,0.2044,52.0,0.2622,51.0,,,0.2676,48.0,0.2423,54.0,0.2168,50.0,0.2526,48.0,,,0.2877,64.0
2003-11-25,0.2668,71.0,0.204,52.0,0.2603,50.0,,,0.2753,51.0,0.2424,55.0,0.2169,50.0,0.2484,44.0,,,0.2889,65.0
2003-11-24,0.2671,71.0,0.2134,57.0,0.2672,54.0,,,0.2759,52.0,0.2462,56.0,0.218,52.0,0.2584,52.0,,,0.2902,65.0
2003-11-21,0.2249,57.0,0.1945,46.0,0.2194,23.0,,,0.28,54.0,0.2387,53.0,0.2169,50.0,0.294,70.0,,,0.2966,68.0
2003-11-20,0.2328,60.0,0.2025,51.0,0.2288,28.0,,,0.276,52.0,0.2388,53.0,0.2173,51.0,0.2976,72.0,,,0.2948,67.0
2003-11-19,0.2303,59.0,0.2018,50.0,0.2121,19.0,,,0.2991,62.0,0.2389,53.0,0.2175,51.0,0.2885,68.0,,,0.2977,68.0
2003-11-18,0.2723,72.0,0.202,50.0,0.2375,35.0,,,0.2739,51.0,0.2397,53.0,0.2175,51.0,0.2964,71.0,,,0.2923,66.0
2003-11-17,0.2379,62.0,0.1777,35.0,0.2597,50.0,,,0.2628,45.0,0.2374,52.0,0.2166,50.0,0.3011,72.0,,,0.2962,68.0
2003-11-14,0.2278,59.0,0.1765,34.0,0.2832,60.0,,,0.2698,49.0,0.2375,52.0,0.2173,51.0,0.3019,73.0,,,0.2969,68.0
2003-11-13,0.2079,51.0,0.1716,30.0,0.2702,55.0,,,0.2524,38.0,0.2364,52.0,0.2164,49.0,0.31,76.0,,,0.2991,69.0
2003-11-12,0.1841,41.0,0.1643,25.0,0.2805,59.0,,,0.2755,51.0,0.2354,52.0,0.2157,49.0,0.3041,73.0,,,0.296,68.0
2003-11-11,0.1622,32.0,0.1618,23.0,0.2808,59.0,,,0.2923,59.0,0.2357,52.0,0.2156,48.0,0.3071,75.0,,,0.3005,69.0
2003-11-10,0.1623,32.0,0.1656,26.0,0.2892,63.0,,,0.2607,43.0,0.2356,52.0,0.2157,49.0,0.3075,75.0,,,0.2862,63.0
2003-11-07,0.1485,26.0,0.1643,25.0,0.2639,52.0,,,0.2525,38.0,0.2354,52.0,0.2161,49.0,0.3071,75.0,,,0.2945,67.0
2003-11-06,0.2777,74.0,0.1953,46.0,0.2616,51.0,,,0.2661,47.0,0.2404,54.0,0.2214,55.0,0.3,72.0,,,0.2957,67.0
2003-11-05,0.2758,73.0,0.1979,48.0,0.2675,54.0,,,0.2626,45.0,0.2408,54.0,0.2218,55.0,0.3039,73.0,,,0.296,68.0
2003-11-04,0.2815,75.0,0.1963,47.0,0.2844,61.0,,,0.2737,50.0,0.2409,54.0,0.2218,55.0,0.3067,74.0,,,0.2974,68.0
2003-11-03,0.3693,88.0,0.2605,77.0,0.2623,51.0,,,0.2574,41.0,0.2413,54.0,0.2217,55.0,0.3045,74.0,,,0.3011,70.0
2003-10-31,0.6031,98.0,0.4067,95.0,0.2465,42.0,,,0.2372,28.0,0.2415,54.0,0.2217,55.0,0.3079,75.0,,,0.2968,68.0
2003-10-30,0.599,98.0,0.4107,95.0,0.2847,61.0,,,0.2863,57.0,0.2429,55.0,0.2223,55.0,0.3076,75.0,,,0.2985,69.0
2003-10-29,0.5481,96.0,0.4202,96.0,0.312,71.0,,,0.2877,57.0,0.2393,53.0,0.2233,56.0,0.3142,77.0,,,0.3,69.0
2003-10-28,0.5437,96.0,0.4075,95.0,0.2872,62.0,,,0.2854,56.0,0.2448,56.0,0.2233,56.0,0.3037,73.0,,,0.3006,69.0
2003-10-27,0.5435,96.0,0.4035,95.0,0.3098,70.0,,,0.2626,45.0,0.2456,56.0,0.2232,56.0,0.3153,78.0,,,0.2918,66.0
2003-10-24,0.549,96.0,0.4002,95.0,0.2949,65.0,,,0.286,57.0,0.2465,56.0,0.2238,57.0,0.3093,76.0,,,0.3006,69.0
2003-10-22,0.1842,41.0,0.1724,31.0,0.2545,47.0,,,0.2649,46.0,0.2177,40.0,0.2095,43.0,0.2934,70.0,,,0.2941,67.0
2003-10-21,0.169,35.0,0.1724,31.0,0.2526,46.0,,,0.2578,41.0,0.2166,39.0,0.2094,43.0,0.2971,71.0,,,0.2946,67.0
2003-10-20,0.07,2.0,0.1332,9.0,0.2442,40.0,,,0.2506,36.0,0.2269,46.0,0.2105,43.0,0.2955,71.0,,,0.294,67.0
2003-10-17,0.0733,2.0,0.1423,13.0,0.2807,59.0,,,0.2538,39.0,0.2517,59.0,0.2346,64.0,0.3087,75.0,,,0.2889,65.0
2003-10-16,0.0794,3.0,0.1385,11.0,0.2625,51.0,,,0.2783,53.0,0.2657,65.0,0.2399,66.0,0.296,71.0,,,0.2844,62.0
2003-10-15,0.0838,4.0,0.1503,17.0,0.2661,53.0,,,0.2419,31.0,0.2678,65.0,0.2415,67.0,0.3139,77.0,,,0.2859,63.0
2003-10-14,0.1343,20.0,0.1477,15.0,0.2666,54.0,,,0.2621,44.0,0.2692,65.0,0.2437,68.0,0.3039,73.0,,,0.2906,65.0
2003-10-13,0.1199,14.0,0.1642,25.0,0.2246,26.0,,,0.2698,49.0,0.2707,65.0,0.2461,69.0,0.3049,74.0,,,0.2882,64.0
2003-10-10,0.1461,25.0,0.155,19.0,0.2352,33.0,,,0.276,52.0,0.2847,68.0,0.2596,73.0,0.3073,75.0,,,0.2893,65.0
2003-10-09,0.1415,23.0,0.1568,21.0,0.2648,53.0,,,0.2588,42.0,0.2892,69.0,0.2906,82.0,0.2875,68.0,,,0.2885,64.0
2003-10-08,0.1641,33.0,0.1807,36.0,0.1996,14.0,,,0.2379,28.0,0.2892,69.0,0.2903,82.0,0.2864,67.0,,,0.2891,65.0
2003-10-07,0.175,37.0,0.1841,39.0,0.2819,60.0,,,0.2662,47.0,0.2894,69.0,0.291,82.0,0.295,71.0,,,0.2971,68.0
2003-10-06,0.1696,35.0,0.1769,34.0,0.2704,55.0,,,0.2726,50.0,0.2893,69.0,0.2907,82.0,0.2901,69.0,,,0.2953,67.0
2003-10-03,0.2263,57.0,0.2261,63.0,0.3392,79.0,,,0.2298,24.0,0.2885,69.0,0.2916,82.0,0.3103,76.0,,,0.2816,61.0
2003-10-02,0.2254,57.0,0.2162,57.0,0.2996,67.0,,,0.2457,33.0,0.2895,69.0,0.2924,82.0,0.2877,68.0,,,0.2934,67.0
2003-10-01,0.2123,53.0,0.2157,57.0,0.2827,60.0,,,0.2618,44.0,0.2894,69.0,0.2929,82.0,0.2779,64.0,,,0.2991,69.0
2003-09-30,0.2132,54.0,0.2172,59.0,0.2879,62.0,,,0.2767,52.0,0.3209,77.0,0.3087,83.0,0.2918,69.0,,,0.2963,68.0
2003-09-29,0.2146,54.0,0.193,45.0,0.3032,68.0,,,0.2615,44.0,0.3235,77.0,0.3089,83.0,0.3024,73.0,,,0.2936,67.0
2003-09-25,0.2102,52.0,0.2006,49.0,0.2824,60.0,,,0.274,51.0,0.3276,78.0,0.3129,84.0,0.3053,74.0,,,0.3021,70.0
2003-09-24,0.1219,15.0,0.1581,21.0,0.2241,26.0,,,0.2867,57.0,0.3246,77.0,0.312,84.0,0.2755,63.0,,,0.2978,68.0
2003-09-23,0.1431,24.0,0.17,28.0,0.2332,32.0,,,0.2806,54.0,0.3263,77.0,0.3131,84.0,0.2769,63.0,,,0.2936,67.0
2003-09-22,0.1459,25.0,0.1688,28.0,0.2205,24.0,,,0.2999,62.0,0.3264,77.0,0.3138,84.0,0.2674,57.0,,,0.2997,69.0
2003-09-19,0.1547,28.0,0.1875,41.0,0.2216,24.0,,,0.308,65.0,0.3265,77.0,0.3141,84.0,0.2694,59.0,,,0.3034,71.0
2003-09-18,0.1359,21.0,0.1857,40.0,0.2485,43.0,,,0.2828,55.0,0.3313,78.0,0.3161,84.0,0.2831,66.0,,,0.2993,69.0
2003-09-17,0.1477,26.0,0.1956,47.0,0.2188,23.0,,,0.315,67.0,0.3337,78.0,0.3169,85.0,0.2736,62.0,,,0.3173,75.0
2003-09-16,0.1572,30.0,0.1902,43.0,0.2431,39.0,,,0.2896,57.0,0.3348,79.0,0.318,85.0,0.281,65.0,,,0.3145,74.0
2003-09-12,0.1568,30.0,0.1763,34.0,0.249,44.0,,,0.3017,63.0,0.3361,79.0,0.3198,85.0,0.278,64.0,,,0.3136,74.0
2003-09-11,0.2234,57.0,0.198,48.0,0.26,50.0,,,0.2935,60.0,0.336,79.0,0.3215,85.0,0.2872,68.0,,,0.3146,74.0
2003-09-10,0.2476,65.0,0.1936,45.0,0.2464,42.0,,,0.3072,65.0,0.3375,79.0,0.3215,85.0,0.2819,65.0,,,0.3129,74.0
2003-09-09,0.2458,65.0,0.1927,45.0,0.2626,51.0,,,0.2966,61.0,0.3377,80.0,0.3217,85.0,0.2895,68.0,,,0.3111,73.0
2003-09-08,0.2646,70.0,0.194,45.0,0.2636,52.0,,,0.3006,63.0,0.3407,81.0,0.3221,85.0,0.2906,69.0,,,0.313,74.0
2003-09-05,0.2633,70.0,0.1926,45.0,0.2572,49.0,,,0.3074,65.0,0.3404,81.0,0.3221,85.0,0.3037,73.0,,,0.3161,75.0
2003-09-04,0.2437,64.0,0.203,51.0,0.2502,44.0,,,0.302,63.0,0.341,81.0,0.3221,85.0,0.2931,70.0,,,0.3167,75.0
2003-09-03,0.2374,62.0,0.1985,48.0,0.2653,53.0,,,0.2373,28.0,0.3417,81.0,0.3225,86.0,0.3015,72.0,,,0.3146,74.0
2003-09-02,0.1885,43.0,0.1975,48.0,0.273,56.0,,,0.3062,64.0,0.3404,81.0,0.322,85.0,0.296,71.0,,,0.3116,73.0
2003-08-29,0.1612,32.0,0.1871,41.0,0.2553,48.0,,,0.2692,48.0,0.3396,80.0,0.322,85.0,0.298,72.0,,,0.325,78.0
2003-08-28,0.1627,32.0,0.1874,41.0,0.2744,57.0,,,0.2679,48.0,0.3409,81.0,0.3226,86.0,0.3042,73.0,,,0.3272,78.0
2003-08-27,0.1139,12.0,0.1731,31.0,0.2907,63.0,,,0.2633,45.0,0.3396,80.0,0.3222,86.0,0.3241,81.0,,,0.3348,80.0
2003-08-26,0.126,16.0,0.1848,40.0,0.2824,60.0,,,0.2782,53.0,0.3397,80.0,0.3223,86.0,0.3213,80.0,,,0.332,80.0
2003-08-25,0.1216,15.0,0.1698,28.0,0.2942,65.0,,,0.2396,30.0,0.34,80.0,0.3222,86.0,0.3269,82.0,,,0.336,81.0
2003-08-22,0.1279,17.0,0.1712,30.0,0.2917,64.0,,,0.2757,52.0,0.3402,81.0,0.3222,86.0,0.323,80.0,,,0.3293,79.0
2003-08-21,0.1224,15.0,0.1791,35.0,0.2917,64.0,,,0.3155,68.0,0.3398,80.0,0.3218,85.0,0.3215,80.0,,,0.3331,80.0
2003-08-20,0.1236,15.0,0.176,33.0,0.2879,62.0,,,0.2858,56.0,0.342,81.0,0.3227,86.0,0.321,80.0,,,0.3324,80.0
2003-08-19,0.1245,15.0,0.1783,35.0,0.2922,64.0,,,0.2937,60.0,0.342,81.0,0.3227,86.0,0.3228,80.0,,,0.3333,80.0
2003-08-18,0.1441,25.0,0.1811,37.0,0.3101,70.0,,,0.2881,57.0,0.3419,81.0,0.3226,86.0,0.3319,83.0,,,0.3302,79.0
2003-08-15,0.1491,27.0,0.1738,32.0,0.2736,57.0,,,0.3075,65.0,0.3415,81.0,0.3223,86.0,0.3346,84.0,,,0.3392,82.0
2003-08-14,0.1622,32.0,0.1881,42.0,0.2888,63.0,,,0.3037,63.0,0.3414,81.0,0.3223,86.0,0.3357,84.0,,,0.3366,81.0
2003-08-13,0.1671,34.0,0.1956,47.0,0.271,56.0,,,0.3177,68.0,0.3416,81.0,0.3228,86.0,0.3341,84.0,,,0.3291,79.0
2003-08-12,0.1548,28.0,0.1839,39.0,0.2749,57.0,,,0.3289,72.0,0.3406,81.0,0.3226,86.0,0.3239,81.0,,,0.3551,86.0
2003-08-11,0.1588,31.0,0.186,40.0,0.3126,71.0,,,0.3067,65.0,0.3414,81.0,0.323,86.0,0.339,85.0,,,0.359,87.0
2003-08-08,0.1547,28.0,0.1841,39.0,0.2753,57.0,,,0.3061,64.0,0.3414,81.0,0.3234,86.0,0.3422,86.0,,,0.358,87.0
2003-08-07,0.1719,36.0,0.1952,46.0,0.3057,69.0,,,0.3161,68.0,0.3419,81.0,0.3242,86.0,0.3391,85.0,,,0.3619,88.0
2003-08-06,0.1838,41.0,0.215,57.0,0.2705,55.0,,,0.3158,68.0,0.3414,81.0,0.3242,86.0,0.3413,86.0,,,0.36,87.0
2003-08-05,0.196,46.0,0.202,50.0,0.3166,73.0,,,0.3034,63.0,0.3412,81.0,0.3238,86.0,0.3414,86.0,,,0.36,87.0
2003-08-04,0.1968,47.0,0.1954,46.0,0.289,63.0,,,0.3084,65.0,0.3413,81.0,0.3235,86.0,0.3451,87.0,,,0.3606,87.0
2003-08-01,0.2139,54.0,0.2165,59.0,0.3206,74.0,,,0.321,69.0,0.3404,81.0,0.3234,86.0,0.3412,86.0,,,0.358,87.0
2003-07-31,0.1953,46.0,0.2279,64.0,0.3016,68.0,,,0.323,70.0,0.3401,81.0,0.3235,86.0,0.3363,84.0,,,0.354,86.0
2003-07-30,0.197,47.0,0.2377,69.0,0.3164,73.0,,,0.2719,50.0,0.3406,81.0,0.3238,86.0,0.3343,84.0,,,0.3508,85.0
2003-07-29,0.1605,31.0,0.2292,65.0,0.2656,53.0,,,0.2931,59.0,0.3402,81.0,0.3237,86.0,0.3217,80.0,,,0.3468,84.0
2003-07-28,0.1887,43.0,0.2133,57.0,0.3176,73.0,,,0.3034,63.0,0.3396,80.0,0.3229,86.0,0.3304,83.0,,,0.342,82.0
2003-07-25,0.2424,64.0,0.2375,69.0,0.2921,64.0,,,0.4053,90.0,0.3399,80.0,0.3236,86.0,0.3184,79.0,,,0.364,88.0
2003-07-24,0.2625,70.0,0.239,70.0,0.3164,73.0,,,0.3054,64.0,0.34,80.0,0.3243,86.0,0.3294,82.0,,,0.3393,82.0
2003-07-23,0.2346,61.0,0.2109,56.0,0.3252,75.0,,,0.3203,69.0,0.3394,80.0,0.3238,86.0,0.3362,84.0,,,0.3487,85.0
2003-07-22,0.3182,81.0,0.2332,67.0,0.3278,76.0,,,0.3276,72.0,0.3445,82.0,0.3258,87.0,0.3381,85.0,,,0.3506,85.0
2003-07-21,0.3179,81.0,0.2273,64.0,0.3122,71.0,,,0.3053,64.0,0.3468,83.0,0.3261,87.0,0.3342,84.0,,,0.3462,84.0
2003-07-18,0.3114,80.0,0.2287,65.0,0.3138,72.0,,,0.335,74.0,0.3479,83.0,0.3277,87.0,0.3167,78.0,,,0.2973,68.0
2003-07-17,0.2758,73.0,0.2237,62.0,0.3306,77.0,,,0.3431,77.0,0.3484,84.0,0.3283,87.0,0.3243,81.0,,,0.3299,79.0
2003-07-16,0.2354,61.0,0.2094,55.0,0.3148,72.0,,,0.3263,71.0,0.3469,83.0,0.3275,87.0,0.3225,80.0,,,0.3248,78.0
2003-07-15,0.196,46.0,0.2023,51.0,0.2922,64.0,,,0.3406,76.0,0.3461,83.0,0.3278,87.0,0.3179,78.0,,,0.327,78.0
2003-07-14,0.2055,51.0,0.2023,51.0,0.295,65.0,,,0.3515,79.0,0.3462,83.0,0.3279,87.0,0.3178,78.0,,,0.3256,78.0
2003-07-11,0.1082,10.0,0.1657,26.0,0.3332,78.0,,,0.3561,80.0,0.3536,85.0,0.3305,87.0,0.3262,82.0,,,0.3282,79.0
2003-07-10,0.126,16.0,0.1796,36.0,0.3273,76.0,,,0.2962,61.0,0.3546,85.0,0.3309,87.0,0.3225,80.0,,,0.3274,79.0
2003-07-09,0.1547,28.0,0.1975,48.0,0.3185,73.0,,,0.3056,64.0,0.3547,85.0,0.3307,87.0,0.3186,79.0,,,0.3279,79.0
2003-07-08,0.1556,28.0,0.2043,52.0,0.3243,75.0,,,0.2954,60.0,0.3548,85.0,0.3308,87.0,0.3207,79.0,,,0.3292,79.0
2003-07-07,0.1543,28.0,0.202,50.0,0.3135,72.0,,,0.3191,69.0,0.3573,86.0,0.3315,87.0,0.3196,79.0,,,0.3302,79.0
2003-07-03,0.1822,40.0,0.2156,57.0,0.319,73.0,,,0.3333,73.0,0.3579,86.0,0.3322,87.0,0.3231,80.0,,,0.3285,79.0
2003-07-02,0.1897,44.0,0.2119,56.0,0.3173,73.0,,,0.3285,72.0,0.3581,87.0,0.3328,88.0,0.3169,78.0,,,0.3291,79.0
2003-07-01,0.2599,69.0,0.2606,77.0,0.3028,68.0,,,0.32,69.0,0.358,87.0,0.333,88.0,0.3263,82.0,,,0.3316,80.0
2003-06-30,0.269,71.0,0.2685,79.0,0.3444,81.0,,,0.2841,56.0,0.3581,87.0,0.3331,88.0,0.3308,83.0,,,0.3227,77.0
2003-06-27,0.2643,70.0,0.2528,75.0,0.2933,64.0,,,0.3248,71.0,0.359,87.0,0.3334,88.0,0.3267,82.0,,,0.3278,79.0
2003-06-26,0.2655,70.0,0.2512,74.0,0.3,67.0,,,0.3218,70.0,0.3589,87.0,0.3335,88.0,0.328,82.0,,,0.3233,77.0
2003-06-25,0.3528,86.0,0.2543,75.0,0.2842,61.0,,,0.3351,74.0,0.3591,87.0,0.3332,88.0,0.3263,82.0,,,0.3253,78.0
2003-06-24,0.3584,86.0,0.2625,78.0,0.3124,71.0,,,0.3161,68.0,0.3588,87.0,0.3328,88.0,0.3328,83.0,,,0.337,81.0
2003-06-23,0.368,88.0,0.2663,79.0,0.3242,75.0,,,0.3333,73.0,0.359,87.0,0.3328,88.0,0.3331,83.0,,,0.3424,83.0
2003-06-20,0.2904,77.0,0.2362,69.0,0.2825,60.0,,,0.3534,79.0,0.3569,86.0,0.3312,87.0,0.3168,78.0,,,0.349,85.0
2003-06-19,0.2339,61.0,0.2141,57.0,0.2802,59.0,,,0.3432,77.0,0.3564,86.0,0.3306,87.0,0.3345,84.0,,,0.3453,83.0
2003-06-18,0.2303,59.0,0.2346,68.0,0.298,66.0,,,0.3593,81.0,0.3567,86.0,0.3311,87.0,0.3269,82.0,,,0.3509,85.0
2003-06-17,0.2735,72.0,0.248,73.0,0.2939,65.0,,,0.3719,84.0,0.3564,86.0,0.3314,87.0,0.3254,81.0,,,0.3535,86.0
2003-06-16,0.232,60.0,0.2444,72.0,0.2922,64.0,,,0.3631,81.0,0.3539,85.0,0.3319,87.0,0.332,83.0,,,0.3534,86.0
2003-06-13,0.2152,54.0,0.2255,63.0,0.3154,72.0,,,0.3421,76.0,0.3538,85.0,0.3329,88.0,0.3412,86.0,,,0.3583,87.0
2003-06-12,0.1989,48.0,0.222,61.0,0.3202,74.0,,,0.2978,61.0,0.3554,85.0,0.3337,88.0,0.3463,87.0,,,0.362,88.0
2003-06-11,0.1503,27.0,0.2064,53.0,0.3255,75.0,,,0.3497,78.0,0.3543,85.0,0.333,88.0,0.3383,85.0,,,0.3592,87.0
2003-06-10,0.2695,72.0,0.2266,63.0,0.3312,77.0,,,0.3379,75.0,0.3567,86.0,0.3339,88.0,0.3383,85.0,,,0.3677,89.0
2003-06-09,0.2676,71.0,0.2117,56.0,0.329,76.0,,,0.3433,77.0,0.3573,86.0,0.3332,88.0,0.3385,85.0,,,0.3561,86.0
2003-06-06,0.2113,53.0,0.1966,47.0,0.3152,72.0,,,0.3422,77.0,0.3579,86.0,0.3335,88.0,0.3335,84.0,,,0.3593,87.0
2003-06-05,0.1936,45.0,0.1911,44.0,0.2998,67.0,,,0.3398,76.0,0.3587,87.0,0.3343,88.0,0.3335,84.0,,,0.3594,87.0
2003-06-04,0.2273,57.0,0.1996,49.0,0.2976,66.0,,,0.3393,76.0,0.368,89.0,0.3377,88.0,0.3353,84.0,,,0.3561,86.0
2003-06-03,0.2296,59.0,0.2014,50.0,0.3191,73.0,,,0.3493,78.0,0.3692,89.0,0.3392,89.0,0.3379,85.0,,,0.3606,87.0
2003-06-02,0.2358,61.0,0.2112,56.0,0.3164,73.0,,,0.3587,80.0,0.3699,89.0,0.3391,89.0,0.3326,83.0,,,0.3622,88.0
2003-05-30,0.1442,25.0,0.1828,38.0,0.3387,79.0,,,0.3432,77.0,0.3681,89.0,0.3403,89.0,0.3437,86.0,,,0.3668,89.0
2003-05-29,0.1496,27.0,0.1697,28.0,0.3412,80.0,,,0.3411,76.0,0.3682,89.0,0.3408,89.0,0.3418,86.0,,,0.3642,88.0
2003-05-28,0.1887,43.0,0.1676,27.0,0.264,52.0,,,0.3619,81.0,0.3705,89.0,0.3411,90.0,0.3415,86.0,,,0.3662,88.0
2003-05-27,0.1764,38.0,0.1646,25.0,0.2834,61.0,,,0.3699,83.0,0.3723,90.0,0.3439,90.0,0.3235,81.0,,,0.3641,88.0
2003-05-23,0.1899,44.0,0.1732,31.0,0.3432,81.0,,,0.3445,77.0,0.3798,90.0,0.3481,91.0,0.3441,87.0,,,0.3629,88.0
2003-05-22,0.2886,76.0,0.2623,78.0,0.2966,66.0,,,0.3353,74.0,0.3809,91.0,0.3485,91.0,0.3487,88.0,,,0.3574,87.0
2003-05-21,0.2626,70.0,0.2585,77.0,0.2919,64.0,,,0.3444,77.0,0.3812,91.0,0.3484,91.0,0.3595,90.0,,,0.3673,89.0
2003-05-20,0.2763,73.0,0.2668,79.0,0.3115,71.0,,,0.354,79.0,0.3827,91.0,0.3491,91.0,0.3612,91.0,,,0.3685,89.0
2003-05-19,0.2972,78.0,0.2717,80.0,0.3092,70.0,,,0.3465,77.0,0.3834,91.0,0.3496,91.0,0.3575,90.0,,,0.3729,90.0
2003-05-16,0.2846,75.0,0.2708,80.0,0.3375,79.0,,,0.4304,93.0,0.3826,91.0,0.35,91.0,0.3558,90.0,,,0.371,89.0
2003-05-15,0.3047,79.0,0.2805,82.0,0.358,84.0,,,0.3903,87.0,0.3828,91.0,0.3503,91.0,0.3557,90.0,,,0.3678,89.0
2003-05-14,0.2631,70.0,0.2887,84.0,0.3945,90.0,,,0.4274,93.0,0.3832,91.0,0.3506,91.0,0.3587,90.0,,,0.3693,89.0
2003-05-13,0.3547,86.0,0.2305,66.0,0.3444,81.0,,,0.3773,85.0,0.3804,90.0,0.3484,91.0,0.3623,91.0,,,0.3629,88.0
2003-05-12,0.3351,83.0,0.2238,62.0,0.3379,79.0,,,0.3732,84.0,0.3799,90.0,0.3484,91.0,0.3587,90.0,,,0.3636,88.0
2003-05-09,0.3643,87.0,0.2338,68.0,0.3458,81.0,,,0.3307,73.0,0.3798,90.0,0.3493,91.0,0.3693,92.0,,,0.3624,88.0
2003-05-08,0.3741,88.0,0.2614,78.0,0.3516,83.0,,,0.3393,76.0,0.382,91.0,0.3508,91.0,0.3708,92.0,,,0.3594,87.0
2003-05-07,0.3645,87.0,0.2681,79.0,0.3566,84.0,,,0.347,78.0,0.3819,91.0,0.351,91.0,0.3716,92.0,,,0.3611,88.0
2003-05-06,0.3133,80.0,0.2638,78.0,0.3474,82.0,,,0.3802,86.0,0.3814,91.0,0.3518,92.0,0.3695,92.0,,,0.3569,86.0
2003-05-05,0.3977,90.0,0.2795,82.0,0.3387,79.0,,,0.4232,92.0,0.3816,91.0,0.3512,91.0,0.3601,90.0,,,0.3596,87.0
2003-05-02,0.6348,98.0,0.5076,97.0,0.396,90.0,,,0.4141,91.0,0.3793,90.0,0.3557,92.0,0.3788,93.0,,,0.3562,86.0
2003-05-01,0.7294,99.0,0.5476,99.0,0.3931,90.0,,,0.4232,92.0,0.3797,90.0,0.3568,92.0,0.3842,94.0,,,0.3592,87.0
2003-04-30,0.737,99.0,0.5531,99.0,0.3798,88.0,,,0.398,89.0,0.3802,90.0,0.3565,92.0,0.3735,92.0,,,0.3612,88.0
2003-04-29,0.7462,99.0,0.5579,99.0,0.4037,91.0,,,0.4221,92.0,0.3889,92.0,0.3583,92.0,0.384,94.0,,,0.3764,90.0
2003-04-28,0.756,99.0,0.5704,99.0,0.4416,95.0,,,0.4383,94.0,0.3923,92.0,0.3594,93.0,0.3844,94.0,,,0.3721,89.0
2003-04-25,0.8492,100.0,0.6689,99.0,0.4314,94.0,,,0.432,93.0,0.3925,92.0,0.3596,93.0,0.3826,94.0,,,0.3762,90.0
2003-04-24,0.743,99.0,0.8536,100.0,0.4974,98.0,,,0.4128,91.0,0.3862,92.0,0.3606,93.0,0.3919,95.0,,,0.3749,90.0
2003-04-23,0.6332,98.0,0.7335,100.0,0.3815,88.0,,,0.4219,92.0,0.3715,89.0,0.3489,91.0,0.3797,93.0,,,0.3828,91.0
2003-04-22,0.4191,92.0,0.7064,100.0,0.4431,95.0,,,0.4369,94.0,0.3613,88.0,0.3508,91.0,0.3872,94.0,,,0.3747,90.0
2003-04-21,0.4315,92.0,0.6975,100.0,0.4138,93.0,,,0.4198,92.0,0.3601,88.0,0.3502,91.0,0.3825,94.0,,,0.3814,91.0
2003-04-17,0.4306,92.0,0.6898,99.0,0.4422,95.0,,,0.4118,91.0,0.36,88.0,0.3491,91.0,0.3817,93.0,,,0.3834,91.0
2003-04-16,0.4243,92.0,0.6843,99.0,0.4182,93.0,,,0.4076,90.0,0.3587,87.0,0.3481,91.0,0.3812,93.0,,,0.3828,91.0
2003-04-15,0.2705,72.0,0.5914,99.0,0.4229,94.0,,,0.4067,90.0,0.3481,84.0,0.3395,89.0,0.3762,93.0,,,0.3626,88.0
2003-04-14,0.6102,98.0,0.4657,96.0,0.3724,87.0,,,0.3753,84.0,0.3451,82.0,0.3143,84.0,0.3401,85.0,,,0.3513,85.0
2003-04-11,0.61,98.0,0.4799,97.0,0.3704,87.0,,,0.4105,91.0,0.3457,83.0,0.3161,84.0,0.3391,85.0,,,0.3517,85.0
2003-04-10,0.622,98.0,0.4962,97.0,0.3662,86.0,,,0.384,86.0,0.3458,83.0,0.3162,84.0,0.3433,86.0,,,0.3459,84.0
2003-04-09,0.6959,98.0,0.5183,98.0,0.3688,86.0,,,0.4247,92.0,0.3462,83.0,0.3164,85.0,0.3422,86.0,,,0.3529,86.0
2003-04-08,0.7019,98.0,0.5194,98.0,0.3582,84.0,,,0.3984,89.0,0.3475,83.0,0.3174,85.0,0.3444,87.0,,,0.3482,84.0
2003-04-07,0.6782,98.0,0.5181,98.0,0.4167,93.0,,,0.3938,88.0,0.3465,83.0,0.317,85.0,0.3546,89.0,,,0.3426,83.0
2003-04-04,0.678,98.0,0.5206,98.0,0.4097,92.0,,,0.4156,91.0,0.3568,86.0,0.3202,85.0,0.3407,86.0,,,0.3446,83.0
2003-04-03,0.3559,86.0,0.3262,89.0,0.3078,69.0,,,0.3437,77.0,0.3283,78.0,0.3062,83.0,0.3051,74.0,,,0.3525,85.0
2003-04-02,0.3633,87.0,0.3413,91.0,0.3134,71.0,,,0.3572,80.0,0.3269,78.0,0.3059,83.0,0.3113,76.0,,,0.3571,86.0
2003-04-01,0.4283,92.0,0.3237,89.0,0.3053,69.0,,,0.3506,79.0,0.3287,78.0,0.3065,83.0,0.3057,74.0,,,0.3573,87.0
2003-03-31,0.3807,89.0,0.3113,87.0,0.3106,70.0,,,0.3696,83.0,0.3247,77.0,0.3053,83.0,0.3059,74.0,,,0.3626,88.0
2003-03-28,0.4065,91.0,0.3257,89.0,0.2811,60.0,,,0.3677,83.0,0.3262,77.0,0.3081,83.0,0.3109,76.0,,,0.3585,87.0
2003-03-27,0.3774,89.0,0.3239,89.0,0.3219,74.0,,,0.3449,77.0,0.3311,78.0,0.3122,84.0,0.3188,79.0,,,0.3552,86.0
2003-03-26,0.381,89.0,0.3396,91.0,0.306,69.0,,,0.3531,79.0,0.3414,81.0,0.3171,85.0,0.3054,74.0,,,0.355,86.0
2003-03-25,0.3852,89.0,0.3452,91.0,0.3154,72.0,,,0.3594,81.0,0.3413,81.0,0.3177,85.0,0.3134,77.0,,,0.3558,86.0
2003-03-24,0.3247,82.0,0.3134,87.0,0.3148,72.0,,,0.3721,84.0,0.3395,80.0,0.3168,85.0,0.3147,77.0,,,0.3571,86.0
2003-03-21,0.288,76.0,0.312,87.0,0.3107,70.0,,,0.3664,82.0,0.3367,79.0,0.3164,85.0,0.3084,75.0,,,0.3579,87.0
2003-03-20,0.2939,77.0,0.2878,83.0,0.312,71.0,,,0.374,84.0,0.3374,79.0,0.3164,85.0,0.3284,82.0,,,0.3634,88.0
2003-03-19,0.2953,77.0,0.253,75.0,0.3223,74.0,,,0.4334,93.0,0.3358,79.0,0.3148,84.0,0.3276,82.0,,,0.3575,87.0
2003-03-18,0.327,82.0,0.2481,73.0,0.3122,71.0,,,0.3472,78.0,0.3397,80.0,0.3153,84.0,0.3146,77.0,,,0.3725,90.0
2003-03-17,0.3308,82.0,0.2116,56.0,0.3108,70.0,,,0.4232,92.0,0.3401,81.0,0.3144,84.0,0.3206,79.0,,,0.3761,90.0
2003-03-14,0.3045,79.0,0.2062,53.0,0.3336,78.0,,,0.3741,84.0,0.3399,80.0,0.3146,84.0,0.3272,82.0,,,0.3573,87.0
2003-03-13,0.3351,83.0,0.2176,59.0,0.3155,72.0,,,0.3908,87.0,0.3399,80.0,0.3145,84.0,0.3245,81.0,,,0.3889,92.0
2003-03-12,0.2495,66.0,0.1988,49.0,0.3568,84.0,,,0.3921,88.0,0.3371,79.0,0.3141,84.0,0.3397,85.0,,,0.3653,88.0
2003-03-11,0.2604,69.0,0.1983,48.0,0.3384,79.0,,,0.3669,82.0,0.3391,80.0,0.3148,84.0,0.3374,85.0,,,0.3808,91.0
2003-03-10,0.2554,68.0,0.2057,53.0,0.326,75.0,,,0.3493,78.0,0.3398,80.0,0.315,84.0,0.3264,82.0,,,0.3562,86.0
2003-03-07,0.1825,40.0,0.1893,43.0,0.3135,72.0,,,0.3724,84.0,0.3392,80.0,0.3154,84.0,0.3246,81.0,,,0.3851,92.0
2003-03-06,0.181,40.0,0.1912,44.0,0.3154,72.0,,,0.3603,81.0,0.339,80.0,0.3151,84.0,0.3296,82.0,,,0.3875,92.0
2003-03-05,0.1673,34.0,0.2079,54.0,0.3308,77.0,,,0.3758,84.0,0.3395,80.0,0.315,84.0,0.323,80.0,,,0.3835,91.0
2003-03-04,0.1597,31.0,0.19,43.0,0.3284,76.0,,,0.3985,89.0,0.3385,80.0,0.3158,84.0,0.3294,82.0,,,0.391,92.0
2003-03-03,0.1417,24.0,0.1862,41.0,0.315,72.0,,,0.4111,91.0,0.3384,80.0,0.3169,85.0,0.3257,81.0,,,0.3645,88.0
2003-02-28,0.1559,28.0,0.1854,40.0,0.3399,80.0,,,0.3713,83.0,0.3387,80.0,0.317,85.0,0.3256,81.0,,,0.3901,92.0
2003-02-27,0.1572,30.0,0.1723,31.0,0.3069,69.0,,,0.3649,82.0,0.3385,80.0,0.3169,85.0,0.3486,88.0,,,0.3605,87.0
2003-02-26,0.1586,31.0,0.1886,42.0,0.3284,76.0,,,0.3785,85.0,0.3392,80.0,0.3181,85.0,0.3325,83.0,,,0.4013,94.0
2003-02-25,0.1592,31.0,0.2027,51.0,0.341,80.0,,,0.3864,87.0,0.3399,80.0,0.3184,85.0,0.3529,89.0,,,0.3956,93.0
2003-02-24,0.1276,17.0,0.1846,39.0,0.341,80.0,,,0.3839,86.0,0.3383,80.0,0.3179,85.0,0.3679,92.0,,,0.3959,93.0
2003-02-21,0.128,17.0,0.2001,49.0,0.344,81.0,,,0.3992,89.0,0.3388,80.0,0.3187,85.0,0.3633,91.0,,,0.385,92.0
2003-02-20,0.1558,28.0,0.2245,62.0,0.359,85.0,,,0.4145,91.0,0.3396,80.0,0.319,85.0,0.3852,94.0,,,0.3975,93.0
2003-02-19,0.1547,28.0,0.2282,65.0,0.4806,97.0,,,0.4151,91.0,0.3401,81.0,0.3194,85.0,0.3773,93.0,,,0.3915,92.0
2003-02-18,0.1552,28.0,0.2294,65.0,0.3671,86.0,,,0.4197,92.0,0.3402,81.0,0.3196,85.0,0.3846,94.0,,,0.3989,94.0
2003-02-14,0.1553,28.0,0.2164,59.0,0.3552,84.0,,,0.3941,88.0,0.3402,81.0,0.319,85.0,0.3855,94.0,,,0.4007,94.0
2003-02-13,0.1556,28.0,0.2079,54.0,0.3457,81.0,,,0.4042,90.0,0.3402,81.0,0.3182,85.0,0.3909,95.0,,,0.3969,93.0
2003-02-12,0.1232,15.0,0.2022,51.0,0.3894,90.0,,,0.3993,89.0,0.3393,80.0,0.3178,85.0,0.3833,94.0,,,0.3914,92.0
2003-02-11,0.1358,21.0,0.195,46.0,0.3623,85.0,,,0.3929,88.0,0.3413,81.0,0.3188,85.0,0.3807,93.0,,,0.3941,93.0
2003-02-10,0.1397,23.0,0.1815,37.0,0.375,87.0,,,0.4009,89.0,0.341,81.0,0.319,85.0,0.3835,94.0,,,0.3958,93.0
2003-02-07,0.1365,21.0,0.1773,34.0,0.401,91.0,,,0.3468,78.0,0.343,82.0,0.3197,85.0,0.3942,95.0,,,0.3934,93.0
2003-02-06,0.1651,33.0,0.1964,47.0,0.3782,88.0,,,0.3617,81.0,0.3478,83.0,0.3247,86.0,0.3774,93.0,,,0.4016,94.0
2003-02-05,0.1616,32.0,0.2171,59.0,0.4094,92.0,,,0.4032,89.0,0.3476,83.0,0.325,86.0,0.3897,95.0,,,0.3918,92.0
2003-02-04,0.1632,32.0,0.2275,64.0,0.3771,88.0,,,0.3862,87.0,0.3479,83.0,0.3249,86.0,0.3767,93.0,,,0.4001,94.0
2003-02-03,0.3168,81.0,0.2791,82.0,0.401,91.0,,,0.3936,88.0,0.3576,86.0,0.3278,87.0,0.3892,94.0,,,0.3883,92.0
2003-01-31,0.3536,86.0,0.2878,83.0,0.3525,83.0,,,0.4562,95.0,0.3577,86.0,0.3295,87.0,0.3815,93.0,,,0.4092,94.0
2003-01-30,0.3636,87.0,0.3143,88.0,0.4101,92.0,,,0.4227,92.0,0.3581,87.0,0.3297,87.0,0.3924,95.0,,,0.3925,93.0
2003-01-29,0.4021,90.0,0.3279,89.0,0.4145,93.0,,,0.4084,90.0,0.3612,88.0,0.3324,87.0,0.3942,95.0,,,0.391,92.0
2003-01-28,0.3969,90.0,0.3172,88.0,0.4399,95.0,,,0.3952,88.0,0.3608,88.0,0.3326,88.0,0.3963,95.0,,,0.388,92.0
2003-01-27,0.3961,90.0,0.3127,87.0,0.4298,94.0,,,0.4368,94.0,0.3653,89.0,0.3346,88.0,0.3945,95.0,,,0.3981,93.0
2003-01-24,0.3946,90.0,0.3022,86.0,0.4128,93.0,,,0.4239,92.0,0.3682,89.0,0.3354,88.0,0.396,95.0,,,0.3911,92.0
2003-01-23,0.4752,95.0,0.3298,90.0,0.3987,91.0,,,0.4355,93.0,0.3673,89.0,0.3349,88.0,0.3861,94.0,,,0.4044,94.0
2003-01-22,0.4204,92.0,0.3293,90.0,0.3962,91.0,,,0.4381,94.0,0.367,89.0,0.3346,88.0,0.3936,95.0,,,0.4019,94.0
2003-01-21,0.4239,92.0,0.2939,84.0,0.3938,90.0,,,0.4532,95.0,0.3664,89.0,0.3346,88.0,0.3869,94.0,,,0.4017,94.0
2003-01-17,0.3668,88.0,0.2808,82.0,0.3959,90.0,,,0.437,94.0,0.406,92.0,0.3571,92.0,0.3874,94.0,,,0.4166,95.0
2003-01-16,0.4406,93.0,0.3013,86.0,0.4062,92.0,,,0.4313,93.0,0.4073,92.0,0.359,93.0,0.3925,95.0,,,0.4147,95.0
2003-01-15,0.4354,93.0,0.3033,86.0,0.4062,92.0,,,0.428,93.0,0.4144,93.0,0.3615,93.0,0.3956,95.0,,,0.4114,95.0
2003-01-14,0.4352,93.0,0.313,87.0,0.3782,88.0,,,0.4128,91.0,0.4175,93.0,0.3627,93.0,0.3835,94.0,,,0.4106,94.0
2003-01-13,0.2747,73.0,0.2394,70.0,0.3501,82.0,,,0.4201,92.0,0.41,93.0,0.3598,93.0,0.3706,92.0,,,0.4026,94.0
2003-01-10,0.2366,62.0,0.2399,70.0,0.3527,83.0,,,0.3929,88.0,0.4099,93.0,0.3596,93.0,0.3731,92.0,,,0.4081,94.0
2003-01-09,0.2589,69.0,0.2669,79.0,0.3539,83.0,,,0.4205,92.0,0.4122,93.0,0.361,93.0,0.3759,93.0,,,0.4071,94.0
2003-01-08,0.2607,69.0,0.2716,80.0,0.3249,75.0,,,0.4381,94.0,0.4122,93.0,0.3626,93.0,0.3746,93.0,,,0.4084,94.0
2003-01-07,0.2276,59.0,0.2465,72.0,0.3544,83.0,,,0.427,93.0,0.4176,93.0,0.3705,94.0,0.3821,93.0,,,0.3972,93.0
2003-01-06,0.2058,51.0,0.2324,67.0,0.3283,76.0,,,0.425,92.0,0.4168,93.0,0.3726,94.0,0.3729,92.0,,,0.4089,94.0
2003-01-03,0.2177,55.0,0.2126,57.0,0.3481,82.0,,,0.4292,93.0,0.4201,93.0,0.3749,94.0,0.3788,93.0,,,0.4036,94.0
2003-01-02,0.2431,64.0,0.2148,57.0,0.3266,76.0,,,0.4431,94.0,0.4257,93.0,0.3797,95.0,0.3709,92.0,,,0.4127,95.0
2002-12-31,0.2456,65.0,0.2078,54.0,0.3233,75.0,,,0.4394,94.0,0.4265,93.0,0.3799,95.0,0.3663,91.0,,,0.4205,95.0
2002-12-30,0.2206,56.0,0.1929,45.0,0.3807,88.0,,,0.4568,95.0,0.4259,93.0,0.3809,95.0,0.3844,94.0,,,0.4086,94.0
2002-12-27,0.2214,57.0,0.1968,47.0,0.3985,91.0,,,0.405,90.0,0.4261,93.0,0.3825,95.0,0.3836,94.0,,,0.4035,94.0
2002-12-26,0.2201,56.0,0.2217,61.0,0.3389,79.0,,,0.4251,92.0,0.4264,93.0,0.3857,95.0,0.3766,93.0,,,0.4056,94.0
2002-12-24,0.2358,61.0,0.2647,78.0,0.3649,86.0,,,0.4466,94.0,0.4262,93.0,0.3863,95.0,0.38,93.0,,,0.4038,94.0
2002-12-23,0.2878,76.0,0.2861,83.0,0.3324,77.0,,,0.4295,93.0,0.426,93.0,0.3875,96.0,0.3744,93.0,,,0.4111,94.0
2002-12-20,0.2409,63.0,0.2786,82.0,0.4028,91.0,,,0.4478,95.0,0.4252,93.0,0.3968,96.0,0.3851,94.0,,,0.4134,95.0
2002-12-19,0.2957,77.0,0.29,84.0,0.4056,92.0,,,0.4406,94.0,0.4456,94.0,0.4091,96.0,0.3859,94.0,,,0.41,94.0
2002-12-18,0.2996,78.0,0.2828,82.0,0.4037,91.0,,,0.4331,93.0,0.4533,94.0,0.4147,96.0,0.3824,94.0,,,0.4116,95.0
2002-12-17,0.3436,84.0,0.2921,84.0,0.3996,91.0,,,0.4372,94.0,0.4573,94.0,0.4171,97.0,0.3806,93.0,,,0.4092,94.0
2002-12-16,0.3541,86.0,0.2984,85.0,0.398,91.0,,,0.4364,93.0,0.4582,94.0,0.4179,97.0,0.4013,96.0,,,0.4069,94.0
2002-12-13,0.4847,95.0,0.3285,89.0,0.4112,92.0,,,0.4584,95.0,0.4599,95.0,0.4185,97.0,0.3948,95.0,,,0.4168,95.0
2002-12-12,0.4129,91.0,0.339,91.0,0.4257,94.0,,,0.4524,95.0,0.4631,95.0,0.4215,97.0,0.4002,96.0,,,0.4035,94.0
2002-12-11,0.4459,93.0,0.3401,91.0,0.4189,93.0,,,0.4642,96.0,0.4646,95.0,0.423,97.0,0.3885,94.0,,,0.4056,94.0
2002-11-29,0.4035,91.0,0.3753,93.0,0.3842,89.0,,,0.4062,90.0,0.4608,95.0,0.4287,97.0,0.3867,94.0,,,0.4243,95.0
2002-11-27,0.395,90.0,0.3692,93.0,0.4221,93.0,,,0.407,90.0,0.4609,95.0,0.4281,97.0,0.3878,94.0,,,0.4272,96.0
2002-11-26,0.2466,65.0,0.3692,93.0,0.3857,89.0,,,0.4025,89.0,0.4626,95.0,0.4299,97.0,0.4111,96.0,,,0.4485,97.0
2002-11-25,0.3065,79.0,0.3261,89.0,0.3747,87.0,,,0.3897,87.0,0.4614,95.0,0.4297,97.0,0.4074,96.0,,,0.4311,96.0
2002-11-22,0.2737,73.0,0.246,72.0,0.3702,87.0,,,0.4032,89.0,0.4604,95.0,0.4312,98.0,0.4133,97.0,,,0.4174,95.0
2002-11-21,0.2592,69.0,0.2603,77.0,0.3639,86.0,,,0.4024,89.0,0.4638,95.0,0.4334,98.0,0.4132,97.0,,,0.407,94.0
2002-11-20,0.2443,64.0,0.258,76.0,0.3999,91.0,,,0.4239,92.0,0.4634,95.0,0.4341,98.0,0.4144,97.0,,,0.4161,95.0
2002-11-19,0.1961,47.0,0.2715,80.0,0.4293,94.0,,,0.4258,92.0,0.4623,95.0,0.435,98.0,0.4102,96.0,,,0.4017,94.0
2002-11-18,0.2656,70.0,0.2968,85.0,0.4496,96.0,,,0.4557,95.0,0.4617,95.0,0.4347,98.0,0.4003,96.0,,,0.413,95.0
2002-11-15,0.2675,71.0,0.2942,85.0,0.4595,96.0,,,0.4652,96.0,0.4621,95.0,0.4352,98.0,0.413,96.0,,,0.415,95.0
2002-11-14,0.2786,74.0,0.3127,87.0,0.4454,95.0,,,0.4757,97.0,0.4641,95.0,0.4361,98.0,0.4141,97.0,,,0.4124,95.0
2002-11-13,0.2472,65.0,0.3011,85.0,0.4752,97.0,,,0.5367,98.0,0.4649,95.0,0.4364,98.0,0.4103,96.0,,,0.4177,95.0
2002-11-11,0.3542,86.0,0.3937,94.0,0.4664,97.0,,,0.4713,96.0,0.4647,95.0,0.435,98.0,0.414,97.0,,,0.414,95.0
2002-11-08,0.3792,89.0,0.3814,94.0,0.4408,95.0,,,0.5021,97.0,0.4646,95.0,0.4342,98.0,0.4145,97.0,,,0.4149,95.0
2002-11-07,0.4644,94.0,0.4033,95.0,0.4101,92.0,,,0.532,98.0,0.4622,95.0,0.4337,98.0,0.4046,96.0,,,0.4198,95.0
2002-11-06,0.5423,96.0,0.4213,96.0,0.4406,95.0,,,0.4586,95.0,0.4655,95.0,0.4349,98.0,0.4201,97.0,,,0.4106,94.0
2002-11-05,0.5502,96.0,0.4091,95.0,0.4402,95.0,,,0.438,94.0,0.4652,95.0,0.4344,98.0,0.4151,97.0,,,0.4115,95.0
2002-11-04,0.5661,97.0,0.4442,96.0,0.472,97.0,,,0.424,92.0,0.4667,95.0,0.4358,98.0,0.4108,96.0,,,0.412,95.0
2002-11-01,0.503,95.0,0.4157,95.0,0.4301,94.0,,,0.4613,96.0,0.4637,95.0,0.4315,98.0,0.4242,97.0,,,0.4041,94.0
2002-10-31,0.51,96.0,0.4735,97.0,0.4402,95.0,,,0.475,96.0,0.4632,95.0,0.4304,97.0,0.4303,98.0,,,0.4123,95.0
2002-10-30,0.4987,95.0,0.4762,97.0,0.4764,97.0,,,0.4447,94.0,0.4624,95.0,0.4301,97.0,0.419,97.0,,,0.4435,97.0
2002-10-29,0.3095,80.0,0.4435,96.0,0.4518,96.0,,,0.4463,94.0,0.455,94.0,0.4284,97.0,0.4361,98.0,,,0.4559,97.0
2002-10-28,0.2424,64.0,0.4289,96.0,0.4546,96.0,,,0.4808,97.0,0.4521,94.0,0.4276,97.0,0.4145,97.0,,,0.4495,97.0
2002-10-25,0.2339,61.0,0.446,96.0,0.4619,96.0,,,0.4607,96.0,0.4525,94.0,0.4277,97.0,0.4316,98.0,,,0.4517,97.0
2002-10-24,0.1891,43.0,0.4188,95.0,0.4619,96.0,,,0.475,96.0,0.4514,94.0,0.426,97.0,0.4355,98.0,,,0.4484,97.0
2002-10-23,0.1954,46.0,0.3882,94.0,0.4521,96.0,,,0.4831,97.0,0.4544,94.0,0.4254,97.0,0.434,98.0,,,0.4517,97.0
2002-10-22,0.2051,50.0,0.3009,85.0,0.4779,97.0,,,0.4724,96.0,0.4583,95.0,0.4221,97.0,0.4133,97.0,,,0.446,97.0
2002-10-21,0.2148,54.0,0.294,84.0,0.4628,97.0,,,0.4635,96.0,0.4796,97.0,0.4318,98.0,0.4339,98.0,,,0.4408,96.0
2002-10-18,0.234,61.0,0.318,88.0,0.4296,94.0,,,0.4705,96.0,0.4815,97.0,0.4321,98.0,0.4173,97.0,,,0.4607,98.0
2002-10-17,0.2323,60.0,0.3186,88.0,0.4509,96.0,,,0.4629,96.0,0.483,97.0,0.4327,98.0,0.4334,98.0,,,0.458,97.0
2002-10-16,0.4241,92.0,0.3518,92.0,0.4475,96.0,,,0.4659,96.0,0.4836,97.0,0.4326,98.0,0.4214,97.0,,,0.469,98.0
2002-10-15,0.4221,92.0,0.3563,92.0,0.4522,96.0,,,0.453,95.0,0.484,97.0,0.4324,98.0,0.4304,98.0,,,0.4566,97.0
2002-10-14,0.4461,93.0,0.3434,91.0,0.4627,97.0,,,0.4656,96.0,0.4849,97.0,0.4315,98.0,0.4353,98.0,,,0.4362,96.0
2002-10-11,0.4764,95.0,0.3732,93.0,0.4391,95.0,,,0.4312,93.0,0.4847,97.0,0.431,97.0,0.4285,97.0,,,0.4485,97.0
2002-10-10,0.4722,94.0,0.3833,94.0,0.4425,95.0,,,0.4223,92.0,0.4857,97.0,0.4311,97.0,0.4268,97.0,,,0.4616,98.0
2002-10-09,0.4558,94.0,0.4085,95.0,0.4393,95.0,,,0.4427,94.0,0.4845,97.0,0.4297,97.0,0.4226,97.0,,,0.4307,96.0
2002-10-08,0.5159,96.0,0.463,96.0,0.4334,94.0,,,0.4475,95.0,0.4853,97.0,0.4296,97.0,0.4038,96.0,,,0.4567,97.0
2002-10-07,0.5159,96.0,0.4863,97.0,0.4245,94.0,,,0.4348,93.0,0.4785,96.0,0.4273,97.0,0.436,98.0,,,0.4367,96.0
2002-10-04,0.5148,96.0,0.4839,97.0,0.4265,94.0,,,0.4384,94.0,0.4788,96.0,0.4265,97.0,0.4288,97.0,,,0.4432,96.0
2002-10-03,0.4488,94.0,0.4872,97.0,0.3666,86.0,,,0.472,96.0,0.4774,96.0,0.4258,97.0,0.4289,97.0,,,0.4295,96.0
2002-10-02,0.3526,86.0,0.4623,96.0,0.4589,96.0,,,0.4941,97.0,0.4764,96.0,0.4238,97.0,0.4305,98.0,,,0.4336,96.0
2002-10-01,0.4392,93.0,0.4685,97.0,0.4986,98.0,,,0.4512,95.0,0.4771,96.0,0.4233,97.0,0.4284,97.0,,,0.4303,96.0
2002-09-30,0.4629,94.0,0.4239,96.0,0.4886,98.0,,,0.4153,91.0,0.4761,96.0,0.4208,97.0,0.4174,97.0,,,0.4352,96.0
2002-09-27,0.5096,96.0,0.3744,93.0,0.3948,90.0,,,0.4137,91.0,0.4724,96.0,0.4174,97.0,0.4003,96.0,,,0.4285,96.0
2002-09-26,0.3583,86.0,0.2907,84.0,0.3891,90.0,,,0.4158,91.0,0.4657,95.0,0.414,96.0,0.39,95.0,,,0.4348,96.0
2002-09-25,0.3701,88.0,0.2912,84.0,0.3882,89.0,,,0.4223,92.0,0.4662,95.0,0.4142,96.0,0.3922,95.0,,,0.4402,96.0
2002-09-24,0.2957,77.0,0.268,79.0,0.3698,87.0,,,0.4367,94.0,0.4645,95.0,0.4151,97.0,0.3951,95.0,,,0.4405,96.0
2002-09-23,0.3087,79.0,0.2679,79.0,0.3881,89.0,,,0.426,92.0,0.4645,95.0,0.4153,97.0,0.3913,95.0,,,0.4456,97.0
2002-09-20,0.317,81.0,0.2536,75.0,0.3944,90.0,,,0.4187,92.0,0.4635,95.0,0.4143,96.0,0.3946,95.0,,,0.437,96.0
2002-09-19,0.3684,88.0,0.257,76.0,0.3981,91.0,,,0.415,91.0,0.4655,95.0,0.4149,97.0,0.3897,95.0,,,0.4522,97.0
2002-09-18,0.3161,80.0,0.25,74.0,0.3881,89.0,,,0.4384,94.0,0.466,95.0,0.4159,97.0,0.3935,95.0,,,0.4464,97.0
2002-09-17,0.2991,78.0,0.2296,65.0,0.3939,90.0,,,0.3722,84.0,0.4656,95.0,0.4153,97.0,0.3905,95.0,,,0.4584,97.0
2002-09-16,0.3045,79.0,0.216,57.0,0.3678,86.0,,,0.3946,88.0,0.4651,95.0,0.4147,96.0,0.3961,95.0,,,0.4367,96.0
2002-09-13,0.3043,79.0,0.2488,73.0,0.3779,88.0,,,0.3883,87.0,0.4654,95.0,0.4148,96.0,0.3891,94.0,,,0.4377,96.0
2002-09-12,0.2988,78.0,0.2653,79.0,0.385,89.0,,,0.4156,91.0,0.4652,95.0,0.4144,96.0,0.3859,94.0,,,0.4366,96.0
2002-09-11,0.2596,69.0,0.2547,75.0,0.3823,88.0,,,0.4208,92.0,0.4638,95.0,0.4139,96.0,0.3901,95.0,,,0.433,96.0
2002-09-10,0.2186,55.0,0.2527,75.0,0.3689,86.0,,,0.4195,92.0,0.4627,95.0,0.4138,96.0,0.3889,94.0,,,0.4364,96.0
2002-09-09,0.1848,42.0,0.256,76.0,0.3705,87.0,,,0.4097,90.0,0.4616,95.0,0.413,96.0,0.3848,94.0,,,0.4329,96.0
2002-09-06,0.1916,44.0,0.2719,80.0,0.3849,89.0,,,0.4158,91.0,0.4621,95.0,0.4132,96.0,0.3951,95.0,,,0.4297,96.0
2002-09-05,0.1972,47.0,0.2754,81.0,0.391,90.0,,,0.4063,90.0,0.4613,95.0,0.4135,96.0,0.3903,95.0,,,0.4318,96.0
2002-09-04,0.1943,46.0,0.2638,78.0,0.3925,90.0,,,0.3757,84.0,0.4613,95.0,0.413,96.0,0.3914,95.0,,,0.4387,96.0
2002-09-03,0.2305,59.0,0.2419,71.0,0.3956,90.0,,,0.3618,81.0,0.4618,95.0,0.4122,96.0,0.4016,96.0,,,0.4459,97.0
2002-08-30,0.22,56.0,0.2471,72.0,0.3175,73.0,,,0.4215,92.0,0.4615,95.0,0.4132,96.0,0.4034,96.0,,,0.4412,96.0
2002-08-29,0.2274,57.0,0.2443,71.0,0.3345,78.0,,,0.3969,88.0,0.4614,95.0,0.4134,96.0,0.4061,96.0,,,0.4368,96.0
2002-08-28,0.2132,54.0,0.2147,57.0,0.3423,80.0,,,0.4203,92.0,0.4631,95.0,0.4134,96.0,0.3888,94.0,,,0.4637,98.0
2002-08-27,0.1932,45.0,0.196,47.0,0.4153,93.0,,,0.4057,90.0,0.4653,95.0,0.415,97.0,0.4267,97.0,,,0.4437,97.0
2002-08-26,0.1745,37.0,0.182,38.0,0.4171,93.0,,,0.3999,89.0,0.4649,95.0,0.4151,97.0,0.4244,97.0,,,0.4456,97.0
2002-08-23,0.2254,57.0,0.202,50.0,0.4027,91.0,,,0.4033,89.0,0.4647,95.0,0.4145,96.0,0.4233,97.0,,,0.4641,98.0
2002-08-22,0.1986,48.0,0.2243,62.0,0.4063,92.0,,,0.4066,90.0,0.4675,96.0,0.4156,97.0,0.4099,96.0,,,0.4456,97.0
2002-08-21,0.2507,66.0,0.2359,68.0,0.4301,94.0,,,0.4603,95.0,0.4673,96.0,0.4157,97.0,0.4262,97.0,,,0.453,97.0
2002-08-20,0.3521,86.0,0.3332,90.0,0.4031,91.0,,,0.4555,95.0,0.4673,96.0,0.4159,97.0,0.4313,98.0,,,0.4561,97.0
2002-08-19,0.3536,86.0,0.3403,91.0,0.4194,93.0,,,0.415,91.0,0.468,96.0,0.4162,97.0,0.4334,98.0,,,0.4586,97.0
2002-08-16,0.351,85.0,0.3453,91.0,0.4384,95.0,,,0.4429,94.0,0.468,96.0,0.4167,97.0,0.4337,98.0,,,0.4685,98.0
2002-08-15,0.4676,94.0,0.3928,94.0,0.4271,94.0,,,0.4451,94.0,0.4778,96.0,0.421,97.0,0.4335,98.0,,,0.4482,97.0
2002-08-14,0.4857,95.0,0.4012,95.0,0.4503,96.0,,,0.4195,92.0,0.4775,96.0,0.4202,97.0,0.4423,98.0,,,0.4518,97.0
2002-08-13,0.5027,95.0,0.3955,94.0,0.4284,94.0,,,0.6041,99.0,0.4773,96.0,0.4196,97.0,0.4314,98.0,,,0.4722,98.0
2002-08-12,0.5253,96.0,0.4223,96.0,0.4367,95.0,,,0.5282,98.0,0.4762,96.0,0.4199,97.0,0.4457,98.0,,,0.4524,97.0
2002-08-09,0.4673,94.0,0.3622,93.0,0.4531,96.0,,,0.519,98.0,0.473,96.0,0.417,97.0,0.4364,98.0,,,0.4689,98.0
2002-08-08,0.5237,96.0,0.3978,95.0,0.4496,96.0,,,0.5306,98.0,0.4744,96.0,0.417,97.0,0.4417,98.0,,,0.4558,97.0
2002-08-07,0.5735,97.0,0.4181,95.0,0.4486,96.0,,,0.5592,99.0,0.4743,96.0,0.417,97.0,0.4337,98.0,,,0.4694,98.0
2002-08-06,0.4927,95.0,0.4016,95.0,0.4651,97.0,,,0.4777,97.0,0.4715,96.0,0.417,97.0,0.4514,99.0,,,0.461,98.0
2002-08-05,0.5098,96.0,0.3771,93.0,0.4838,97.0,,,0.448,95.0,0.4735,96.0,0.4161,97.0,0.4511,99.0,,,0.4621,98.0
2002-08-02,0.4946,95.0,0.3951,94.0,0.4478,96.0,,,0.4417,94.0,0.4753,96.0,0.4166,97.0,0.4302,97.0,,,0.4707,98.0
2002-08-01,0.7729,99.0,0.6397,99.0,0.4138,93.0,,,0.4678,96.0,0.474,96.0,0.415,97.0,0.4309,98.0,,,0.4616,98.0
2002-07-31,0.7479,99.0,0.6508,99.0,0.4302,94.0,,,0.4953,97.0,0.4754,96.0,0.4151,97.0,0.4359,98.0,,,0.4627,98.0
