date,hv10,hv10_rank,phv10,phv10_rank,ivcall10,ivcall10_rank,ivmean10,ivmean10_rank,ivput10,ivput10_rank,hv180,hv180_rank,phv180,phv180_rank,ivcall1080,ivcall1080_rank,ivmean1080,ivmean1080_rank,ivput1080,ivput1080_rank
2025-08-18,0.6457,87.0,0.6723,95.0,0.5304,72.0,0.5648,78.0,0.5992,82.0,0.7451,97.0,0.6957,97.0,0.5304,82.0,0.5544,88.0,0.5783,88.0
2025-08-15,0.5583,82.0,0.616,93.0,,,,,0.915,99.0,0.7402,96.0,0.6912,97.0,,,,,0.915,100.0
2025-08-13,0.6119,86.0,0.9706,100.0,,,,,0.9692,100.0,0.7406,96.0,0.6892,97.0,,,,,0.9692,100.0
2025-08-12,0.6359,87.0,0.985,100.0,,,,,0.7882,96.0,0.7396,96.0,0.6862,97.0,,,,,0.7882,100.0
2025-08-08,0.5805,84.0,0.9737,100.0,,,,,0.8735,99.0,0.7358,96.0,0.683,97.0,,,,,0.8735,100.0
2025-08-07,0.5806,84.0,0.9694,100.0,,,,,0.9532,99.0,0.7337,96.0,0.6817,97.0,,,,,0.9532,100.0
2025-08-05,0.5718,84.0,0.8908,99.0,,,,,1.1561,100.0,0.7388,96.0,0.6769,97.0,,,,,1.1561,100.0
2025-08-04,0.5859,85.0,0.5512,90.0,,,,,1.2781,100.0,0.7379,96.0,0.6568,96.0,,,,,1.2781,100.0
2025-08-01,0.579,84.0,0.4698,83.0,,,,,0.6906,91.0,0.7434,96.0,0.6569,96.0,,,,,0.6906,96.0
2025-07-31,0.47,75.0,0.4538,81.0,,,,,,,0.7364,96.0,0.6555,96.0,,,,,,
2025-07-30,0.6073,86.0,0.5133,87.0,,,,,,,0.7364,96.0,0.6549,96.0,,,,,,
2025-07-29,0.604,86.0,0.5146,87.0,,,,,,,0.7361,96.0,0.6539,96.0,,,,,,
2025-07-28,0.5885,85.0,0.4957,85.0,,,,,,,0.7349,96.0,0.653,96.0,,,,,,
2025-07-25,0.6517,88.0,0.5691,91.0,,,,,0.7311,94.0,0.7346,96.0,0.6531,96.0,,,,,0.7311,98.0
2025-07-24,0.658,89.0,0.592,92.0,,,,,0.5868,81.0,0.7374,96.0,0.6549,96.0,,,,,0.5868,90.0
2025-07-22,0.5668,83.0,0.5691,91.0,,,,,,,0.7353,96.0,0.6544,96.0,,,,,,
2025-07-21,0.6039,86.0,0.5076,86.0,,,,,,,0.7303,96.0,0.6507,96.0,,,,,,
2025-07-18,0.6429,88.0,0.5042,86.0,,,,,,,0.73,96.0,0.6495,96.0,,,,,,
2025-07-17,0.6538,88.0,0.5005,86.0,,,,,,,0.7303,96.0,0.651,96.0,,,,,,
2025-07-16,0.4625,74.0,0.4086,75.0,,,,,,,0.7246,96.0,0.6479,96.0,,,,,,
2025-07-15,0.3226,51.0,0.3774,69.0,,,,,,,0.7241,96.0,0.6464,96.0,,,,,,
2025-07-14,0.2931,42.0,0.3476,63.0,0.8724,98.0,,,,,0.7242,96.0,0.6463,96.0,0.8724,100.0,,,,
2025-07-11,0.2896,41.0,0.3617,66.0,0.8034,96.0,,,,,0.7236,96.0,0.6458,96.0,0.8034,100.0,,,,
2025-07-09,0.2484,31.0,0.4071,75.0,,,,,,,0.7227,96.0,0.6447,96.0,,,,,,
2025-07-08,0.2665,35.0,0.4037,75.0,,,,,,,0.7249,96.0,0.6472,96.0,,,,,,
2025-07-07,0.2642,35.0,0.3979,74.0,,,,,,,0.7247,96.0,0.647,96.0,,,,,,
2025-07-03,0.4097,67.0,0.4612,82.0,,,,,,,0.7328,96.0,0.6513,96.0,,,,,,
2025-07-02,0.4021,67.0,0.48,84.0,,,,,,,0.7327,96.0,0.6521,96.0,,,,,,
2025-07-01,0.4077,67.0,0.4818,84.0,,,,,0.6656,90.0,0.7363,96.0,0.6522,96.0,,,,,0.6656,95.0
2025-06-30,0.4126,68.0,0.474,84.0,,,,,0.6059,83.0,0.7362,96.0,0.651,96.0,,,,,0.6059,92.0
2025-06-27,0.5237,80.0,0.5078,86.0,,,,,,,0.737,96.0,0.6524,96.0,,,,,,
2025-06-26,0.5233,80.0,0.4989,85.0,,,,,,,0.7375,96.0,0.6524,96.0,,,,,,
2025-06-25,0.5956,85.0,0.5696,91.0,,,,,,,0.7368,96.0,0.6528,96.0,,,,,,
2025-06-24,0.5884,85.0,0.5685,91.0,,,,,,,0.7384,96.0,0.6546,96.0,,,,,,
2025-06-23,0.5672,84.0,0.58,91.0,,,,,,,0.7364,96.0,0.6526,96.0,,,,,,
2025-06-20,0.6352,87.0,0.5992,92.0,,,,,,,0.7368,96.0,0.6528,96.0,,,,,,
2025-06-18,0.533,80.0,0.5567,90.0,,,,,,,0.7354,96.0,0.6525,96.0,,,,,,
2025-06-17,0.6596,89.0,0.5919,92.0,,,,,,,0.7337,96.0,0.652,96.0,,,,,,
2025-06-16,0.7439,92.0,0.6407,94.0,,,,,,,0.7332,96.0,0.652,96.0,,,,,,
2025-06-13,0.7281,91.0,0.5818,91.0,,,,,0.6799,91.0,0.73,96.0,0.6491,96.0,,,,,0.6799,96.0
2025-06-12,0.6975,90.0,0.5811,91.0,,,,,,,0.7297,96.0,0.6486,96.0,,,,,,
2025-06-11,0.6969,90.0,0.5637,90.0,,,,,,,0.7294,96.0,0.6456,96.0,,,,,,
2025-06-10,0.7008,90.0,0.5613,90.0,0.7993,96.0,,,,,0.7259,96.0,0.6452,96.0,0.7993,100.0,,,,
2025-06-09,0.7023,90.0,0.5651,90.0,,,,,0.5219,70.0,0.7291,96.0,0.6465,96.0,,,,,0.5219,79.0
2025-06-06,0.5891,85.0,0.4949,85.0,,,,,,,0.7252,96.0,0.6429,96.0,,,,,,
2025-06-05,0.3622,59.0,0.4532,81.0,,,,,0.5432,74.0,0.717,96.0,0.641,96.0,,,,,0.5432,83.0
2025-06-04,0.5433,81.0,0.4955,85.0,,,,,0.6422,88.0,0.72,96.0,0.6415,96.0,,,,,0.6422,94.0
2025-06-03,0.542,81.0,0.5266,88.0,0.5731,79.0,0.5583,78.0,0.5435,74.0,0.7203,96.0,0.6422,96.0,0.5731,90.0,0.6083,93.0,0.6435,94.0
2025-06-02,0.5083,79.0,0.4841,84.0,,,,,1.2604,100.0,0.7236,96.0,0.643,96.0,,,,,2.0729,100.0
2025-05-30,0.4312,70.0,0.4982,85.0,,,,,,,0.722,96.0,0.6417,96.0,,,,,,
2025-05-29,0.6026,86.0,0.5336,88.0,,,,,,,0.7234,96.0,0.6416,96.0,,,,,,
2025-05-28,0.7231,91.0,0.6207,93.0,,,,,,,0.7233,96.0,0.6416,96.0,,,,,,
2025-05-27,0.8178,94.0,0.6899,96.0,,,,,0.9834,100.0,0.7233,96.0,0.6413,96.0,,,,,0.5514,85.0
2025-05-23,0.8288,95.0,0.6974,96.0,,,,,,,0.7176,96.0,0.6394,96.0,,,,,,
2025-05-22,0.873,95.0,0.7122,97.0,,,,,,,0.7183,96.0,0.6376,96.0,,,,,,
2025-05-21,1.3094,99.0,0.7945,98.0,,,,,,,0.7187,96.0,0.6372,96.0,,,,,,
2025-05-20,1.3068,99.0,0.7909,98.0,,,,,,,0.7188,96.0,0.635,96.0,,,,,,
2025-05-19,1.1227,99.0,0.787,98.0,0.7505,94.0,0.7755,97.0,0.8005,97.0,0.7136,96.0,0.633,96.0,0.6676,96.0,0.6314,95.0,0.5952,90.0
2025-05-16,1.1237,99.0,0.7786,98.0,,,,,0.7976,97.0,0.7068,96.0,0.6286,96.0,,,,,0.7976,100.0
2025-05-15,1.0944,98.0,0.7954,98.0,0.6956,92.0,0.6487,89.0,0.6018,83.0,0.6964,95.0,0.6246,96.0,0.6956,98.0,0.6487,95.0,0.6018,91.0
2025-05-14,1.3806,99.0,1.0186,100.0,1.25,100.0,,,,,0.6955,95.0,0.6224,96.0,1.25,100.0,,,,
2025-05-13,1.379,99.0,0.9912,100.0,1.5327,100.0,1.0892,100.0,0.6457,88.0,0.6981,95.0,0.6206,96.0,1.5327,100.0,1.0599,100.0,0.5871,90.0
2025-05-12,0.9896,97.0,0.9437,100.0,0.7493,94.0,,,,,0.6538,94.0,0.6146,96.0,0.701,98.0,,,,
2025-05-09,0.9354,97.0,0.945,100.0,0.7836,96.0,,,,,0.6489,94.0,0.6132,96.0,0.7836,100.0,,,,
2025-05-08,0.9164,96.0,0.9424,100.0,0.7968,96.0,,,,,0.647,94.0,0.6113,96.0,0.7968,100.0,,,,
2025-05-07,0.7726,93.0,0.8979,99.0,,,,,,,0.6578,94.0,0.6099,96.0,,,,,,
2025-05-06,0.711,91.0,0.8418,99.0,2.1881,100.0,,,,,0.6576,94.0,0.6157,96.0,2.0147,100.0,,,,
2025-05-05,0.3524,57.0,0.5098,86.0,0.964,99.0,,,,,0.6402,94.0,0.595,95.0,0.7168,98.0,,,,
2025-05-02,0.2999,44.0,0.5102,86.0,0.6811,91.0,,,,,0.6392,94.0,0.5948,95.0,0.6811,97.0,,,,
2025-05-01,0.2968,43.0,0.5315,88.0,0.7135,93.0,0.6673,91.0,0.6211,86.0,0.6389,94.0,0.5927,95.0,0.7135,98.0,0.6673,96.0,0.6211,93.0
2025-04-30,0.3621,59.0,0.5917,92.0,0.6722,90.0,,,,,0.6387,94.0,0.5907,95.0,0.6722,97.0,,,,
2025-04-29,0.3671,60.0,0.5705,91.0,1.4415,100.0,1.0327,100.0,0.6239,86.0,0.6387,94.0,0.5889,95.0,0.7268,99.0,0.6754,96.0,0.6239,93.0
2025-04-28,0.3718,61.0,0.5758,91.0,0.8129,97.0,,,,,0.6405,94.0,0.5886,95.0,0.8129,100.0,,,,
2025-04-25,0.3866,64.0,0.5736,91.0,0.7652,95.0,,,,,0.6418,94.0,0.5873,95.0,0.7652,99.0,,,,
2025-04-24,0.3677,61.0,0.585,91.0,0.9746,99.0,,,,,0.6401,94.0,0.5882,95.0,0.7411,99.0,,,,
2025-04-23,0.5019,78.0,0.6344,94.0,0.7941,96.0,,,,,0.6396,94.0,0.5882,95.0,0.7941,100.0,,,,
2025-04-22,0.6149,86.0,0.7156,97.0,0.768,95.0,,,,,0.641,94.0,0.5857,95.0,0.768,100.0,,,,
2025-04-21,0.8369,95.0,0.8083,99.0,0.8648,98.0,,,,,0.642,94.0,0.5812,95.0,0.8648,100.0,,,,
2025-04-17,0.9032,96.0,0.87,99.0,0.7244,93.0,,,,,0.642,94.0,0.5806,95.0,0.7244,99.0,,,,
2025-04-16,0.8893,96.0,0.9251,99.0,0.7807,96.0,,,,,0.6417,94.0,0.5798,95.0,0.7807,100.0,,,,
2025-04-15,0.8875,96.0,1.0358,100.0,0.868,98.0,,,,,0.6449,94.0,0.5786,95.0,0.868,100.0,,,,
2025-04-14,0.9273,96.0,1.1075,100.0,0.7995,96.0,,,,,0.647,94.0,0.5797,95.0,0.7995,100.0,,,,
2025-04-11,1.0425,98.0,1.13,100.0,1.0626,100.0,0.8901,99.0,0.7176,93.0,0.6411,94.0,0.5764,95.0,0.7518,99.0,0.7347,99.0,0.7176,98.0
2025-04-10,1.2077,99.0,1.1018,100.0,0.8412,98.0,,,,,0.6387,94.0,0.5678,95.0,0.8412,100.0,,,,
2025-04-09,1.0628,98.0,0.9941,100.0,,,,,,,0.6234,93.0,0.5563,95.0,,,,,,
2025-04-02,0.7644,92.0,0.5994,92.0,0.567,78.0,,,0.6127,84.0,0.5849,88.0,0.5152,93.0,0.567,89.0,,,0.6127,92.0
2025-04-01,0.7489,92.0,0.5438,89.0,0.6002,83.0,,,0.6961,92.0,0.579,87.0,0.5098,92.0,0.6002,92.0,,,0.5985,91.0
2025-03-28,0.7001,90.0,0.5508,89.0,0.6491,88.0,,,0.5708,78.0,0.578,87.0,0.5094,92.0,0.6491,95.0,,,0.622,93.0
2025-03-06,0.8959,96.0,0.709,97.0,0.6292,86.0,,,0.6195,85.0,0.557,84.0,0.4987,92.0,0.6545,96.0,,,0.5959,90.0
2025-02-27,1.0323,98.0,0.9688,100.0,0.5349,73.0,,,0.6253,86.0,0.5239,75.0,0.4795,90.0,0.5349,84.0,,,0.6253,93.0
2025-02-18,0.3939,65.0,0.3614,66.0,0.606,83.0,,,0.6085,84.0,0.4794,67.0,0.4309,81.0,0.606,93.0,,,0.6085,92.0
2025-02-14,0.5285,80.0,0.4232,77.0,0.5896,81.0,,,0.5849,81.0,0.4798,68.0,0.4314,82.0,0.5896,91.0,,,0.5849,90.0
2025-02-03,0.4806,76.0,0.4238,78.0,0.6421,87.0,,,0.6035,83.0,0.6072,91.0,0.4479,85.0,0.6421,95.0,,,0.6035,91.0
2025-01-31,0.4235,69.0,0.4225,77.0,0.5457,75.0,,,0.8077,97.0,0.6089,91.0,0.4471,84.0,0.5457,87.0,,,0.5768,88.0
2025-01-29,0.4299,70.0,0.405,75.0,0.5298,72.0,,,0.5997,83.0,0.6111,92.0,0.4492,85.0,0.5298,83.0,,,0.4833,70.0
2025-01-27,0.457,74.0,0.4522,81.0,0.5669,78.0,,,0.5969,82.0,0.6115,92.0,0.4477,85.0,0.5669,89.0,,,0.5969,91.0
2025-01-24,0.4485,73.0,0.3933,73.0,0.5236,70.0,,,0.6217,86.0,0.6076,91.0,0.445,84.0,0.5236,82.0,,,0.6217,93.0
2025-01-15,0.4628,74.0,0.3831,70.0,0.5681,79.0,,,0.5735,79.0,0.6063,91.0,0.4428,83.0,0.5681,89.0,,,0.5735,88.0
2024-12-10,0.5289,80.0,0.5078,86.0,0.4989,66.0,,,0.572,79.0,0.6156,92.0,0.4295,81.0,0.4989,75.0,,,0.572,88.0
2024-10-28,0.4824,76.0,0.3923,72.0,0.63,86.0,,,0.5773,79.0,0.5818,88.0,0.3955,74.0,0.5499,87.0,,,0.5773,89.0
2024-10-24,0.4904,77.0,0.3886,72.0,0.4871,63.0,,,0.6328,87.0,0.579,87.0,0.3938,74.0,0.4871,71.0,,,0.6328,93.0
2024-10-23,0.5396,81.0,0.4079,75.0,0.6342,87.0,,,0.7038,92.0,0.5785,87.0,0.3916,73.0,0.4842,71.0,,,0.5652,87.0
2024-10-22,0.5392,81.0,0.4003,74.0,0.5105,68.0,,,0.7911,97.0,0.5784,87.0,0.3906,73.0,0.5105,78.0,,,0.6131,92.0
2024-10-10,0.3251,51.0,0.3266,57.0,0.7922,96.0,,,0.549,75.0,0.5697,86.0,0.3876,71.0,0.587,91.0,,,0.549,84.0
2024-09-25,0.5853,85.0,0.414,76.0,0.5413,74.0,,,0.6485,88.0,0.5778,87.0,0.3876,71.0,0.5557,88.0,,,0.6485,94.0
2024-08-20,0.4436,72.0,0.4083,75.0,0.7581,95.0,,,0.8269,97.0,0.5659,85.0,0.373,66.0,0.5991,92.0,,,0.8269,100.0
2024-07-24,0.5257,80.0,0.415,76.0,0.7518,95.0,,,1.1624,100.0,0.432,52.0,0.3557,61.0,0.7518,99.0,,,1.1624,100.0
2024-05-09,0.3507,57.0,0.3966,73.0,0.452,54.0,,,0.4949,64.0,0.3845,41.0,0.3222,45.0,0.4711,67.0,,,0.4949,73.0
2024-05-08,0.1299,5.0,0.3391,61.0,0.4803,61.0,,,0.5883,81.0,0.3751,37.0,0.3184,42.0,0.4803,70.0,,,0.5883,90.0
2024-04-30,0.2827,39.0,0.2848,44.0,0.772,95.0,,,0.7127,93.0,0.4051,47.0,0.3202,43.0,0.495,74.0,,,0.5082,76.0
2024-04-29,0.368,61.0,0.3092,52.0,0.963,99.0,,,0.8964,99.0,0.4057,47.0,0.3207,43.0,0.4729,68.0,,,0.5017,74.0
2024-04-26,0.3684,61.0,0.306,51.0,0.9789,99.0,,,0.7619,96.0,0.4057,47.0,0.3213,44.0,0.4913,72.0,,,0.4969,73.0
2024-04-25,0.3831,63.0,0.3311,57.0,0.8532,98.0,,,0.7184,93.0,0.4057,47.0,0.3222,45.0,0.6141,93.0,,,0.5058,75.0
2024-04-24,0.2657,35.0,0.3345,59.0,0.6522,88.0,,,0.6741,90.0,0.4022,46.0,0.3234,46.0,0.4317,56.0,,,0.5166,77.0
2024-04-23,0.303,45.0,0.3357,60.0,1.0324,100.0,,,0.687,91.0,0.4019,46.0,0.3245,47.0,0.4818,70.0,,,0.5113,76.0
2024-04-22,0.3061,46.0,0.3448,62.0,0.8454,98.0,,,0.6267,86.0,0.5318,77.0,0.3454,57.0,0.4687,67.0,,,0.4962,73.0
2024-04-19,0.3145,49.0,0.3112,52.0,0.7774,96.0,,,0.539,73.0,0.5321,77.0,0.3442,56.0,0.6014,92.0,,,0.4625,65.0
2024-04-18,0.5719,84.0,0.397,73.0,0.7861,96.0,,,0.5839,81.0,0.5301,76.0,0.344,56.0,0.5097,78.0,,,0.5042,75.0
2024-04-17,0.582,85.0,0.4004,74.0,0.7059,92.0,,,0.6359,87.0,0.5305,76.0,0.3441,56.0,0.6086,93.0,,,0.5083,76.0
2024-04-16,0.597,85.0,0.3924,73.0,0.7335,94.0,,,0.6361,87.0,0.5306,77.0,0.343,55.0,0.4628,65.0,,,0.4983,74.0
2024-04-15,0.5921,85.0,0.372,68.0,0.7492,94.0,,,0.5491,75.0,0.5307,77.0,0.3417,55.0,0.4573,64.0,,,0.4229,51.0
2024-04-12,0.5944,85.0,0.3644,67.0,0.7902,96.0,,,0.5368,72.0,0.5301,76.0,0.3411,54.0,0.4595,65.0,,,0.4992,74.0
2024-04-11,0.5797,84.0,0.3464,63.0,0.5414,74.0,,,0.5484,75.0,0.5307,77.0,0.3409,54.0,0.4428,60.0,,,0.4842,70.0
2024-04-10,0.5792,84.0,0.3543,65.0,0.653,88.0,,,0.5721,79.0,0.5306,77.0,0.341,54.0,0.5044,77.0,,,0.493,72.0
2024-04-09,0.1993,19.0,0.2399,25.0,0.6431,87.0,,,0.3738,30.0,0.5132,73.0,0.3344,51.0,0.3951,40.0,,,0.3738,32.0
2024-04-08,0.1826,15.0,0.2283,20.0,0.8523,98.0,,,0.5393,73.0,0.5132,73.0,0.3339,51.0,0.5297,83.0,,,0.4661,66.0
2024-04-05,0.2724,37.0,0.2178,16.0,0.7979,96.0,,,0.5373,73.0,0.5134,73.0,0.3334,51.0,0.5154,80.0,,,0.4915,72.0
2024-04-04,0.2623,35.0,0.2156,15.0,0.6165,85.0,,,0.5829,80.0,0.513,73.0,0.3335,51.0,0.506,77.0,,,0.4754,68.0
2024-04-03,0.2593,34.0,0.2127,14.0,0.6653,90.0,,,0.3947,36.0,0.513,73.0,0.3334,51.0,0.4711,67.0,,,0.4083,44.0
2024-04-02,0.2803,39.0,0.224,18.0,0.5592,77.0,,,0.5206,70.0,0.513,73.0,0.3334,51.0,0.4045,44.0,,,0.5132,77.0
2024-04-01,0.3376,54.0,0.2563,32.0,0.5976,82.0,,,0.5503,75.0,0.5126,73.0,0.3326,51.0,0.3978,41.0,,,0.5503,85.0
2024-03-28,0.3156,49.0,0.2657,36.0,0.5607,78.0,,,0.4702,59.0,0.5123,73.0,0.3324,50.0,0.4161,49.0,,,0.4983,74.0
2024-03-27,0.3272,52.0,0.2667,37.0,0.4243,46.0,,,0.5262,71.0,0.5122,73.0,0.3325,50.0,0.4833,70.0,,,0.4414,59.0
2024-03-26,0.3407,55.0,0.2825,43.0,0.4683,57.0,,,0.4636,57.0,0.5117,72.0,0.3325,50.0,0.4272,54.0,,,0.4645,65.0
2024-03-25,0.3443,56.0,0.3135,53.0,0.4797,61.0,,,0.5014,66.0,0.5143,74.0,0.3331,51.0,0.4152,49.0,,,0.6206,93.0
2024-03-22,0.3437,56.0,0.3177,54.0,0.4528,54.0,,,0.4914,64.0,0.5157,74.0,0.334,51.0,0.4952,74.0,,,0.4669,66.0
2024-03-21,0.2981,44.0,0.3098,52.0,0.4175,44.0,,,0.5148,69.0,0.5151,74.0,0.3335,51.0,0.4713,67.0,,,0.6311,93.0
2024-03-20,0.3004,45.0,0.2776,41.0,0.525,71.0,,,0.4824,62.0,0.5132,73.0,0.3322,50.0,0.4662,66.0,,,0.477,69.0
2024-03-19,0.222,25.0,0.2718,39.0,0.6445,87.0,,,0.5877,81.0,0.5125,73.0,0.3318,50.0,0.5661,89.0,,,0.4685,66.0
2024-03-18,0.3303,53.0,0.2846,43.0,0.6153,85.0,,,0.4086,41.0,0.5126,73.0,0.3319,50.0,0.4727,68.0,,,0.4415,59.0
2024-03-15,0.3139,49.0,0.2767,41.0,0.496,65.0,,,0.497,65.0,0.5129,73.0,0.3313,50.0,0.4448,61.0,,,0.5081,76.0
2024-03-14,0.3313,53.0,0.2661,37.0,0.5028,66.0,,,0.4919,64.0,0.5125,73.0,0.3305,50.0,0.4772,69.0,,,0.4919,72.0
2024-03-13,0.3824,63.0,0.2822,43.0,0.5561,77.0,,,0.5046,66.0,0.5126,73.0,0.3305,50.0,0.5263,82.0,,,0.5236,79.0
2024-03-12,0.3841,63.0,0.3492,64.0,0.5058,67.0,,,0.4691,57.0,0.513,73.0,0.3304,49.0,0.4976,74.0,,,0.4691,67.0
2024-03-11,0.3593,59.0,0.3617,66.0,0.6052,83.0,,,0.4971,65.0,0.5122,73.0,0.3304,49.0,0.4543,64.0,,,0.5114,76.0
2024-03-08,0.3271,52.0,0.3594,66.0,0.4811,61.0,,,0.5142,68.0,0.5118,72.0,0.3299,49.0,0.4744,68.0,,,0.4899,72.0
2024-03-07,0.2888,41.0,0.3733,69.0,0.5312,72.0,,,0.5038,66.0,0.5093,72.0,0.3293,49.0,0.4756,69.0,,,0.4861,71.0
2024-03-06,0.393,65.0,0.3882,72.0,0.5283,72.0,,,0.538,73.0,0.5094,72.0,0.329,49.0,0.5055,77.0,,,0.538,82.0
2024-03-05,0.3796,63.0,0.4042,75.0,0.631,86.0,,,0.662,89.0,0.5088,72.0,0.329,49.0,0.4924,73.0,,,0.4761,68.0
2024-03-04,0.3249,51.0,0.4162,76.0,0.5014,66.0,,,0.4985,65.0,0.5084,72.0,0.329,49.0,0.5139,79.0,,,0.4434,59.0
2024-03-01,0.8338,95.0,0.6708,95.0,0.7179,93.0,,,0.3716,28.0,0.5105,72.0,0.3299,49.0,0.4296,55.0,,,0.4732,68.0
2024-02-29,0.8374,95.0,0.6778,96.0,0.4498,53.0,,,0.4369,50.0,0.5104,72.0,0.3286,49.0,0.3426,19.0,,,0.4532,63.0
2024-02-28,0.8335,95.0,0.6763,96.0,0.5917,82.0,,,0.363,26.0,0.5105,72.0,0.3279,49.0,0.4184,51.0,,,0.4512,62.0
2024-02-27,0.8323,95.0,0.6655,95.0,0.5232,70.0,,,0.5196,69.0,0.5098,72.0,0.3263,48.0,0.4999,75.0,,,0.4435,60.0
2024-02-26,0.8018,94.0,0.6589,95.0,0.6734,90.0,,,0.2424,1.0,0.506,71.0,0.3247,47.0,0.4448,61.0,,,0.4868,71.0
2024-02-23,0.7874,93.0,0.6456,94.0,0.4275,47.0,,,0.5111,68.0,0.5056,71.0,0.3225,45.0,0.3965,40.0,,,0.3867,35.0
2024-02-22,0.8147,94.0,0.6595,95.0,0.692,92.0,,,0.8179,97.0,0.5047,71.0,0.3205,43.0,0.4569,64.0,,,0.4778,69.0
2024-02-21,0.5724,84.0,0.3503,64.0,0.5464,75.0,,,0.6958,92.0,0.4765,66.0,0.2913,20.0,0.6341,95.0,,,0.6958,96.0
2024-02-20,0.5529,82.0,0.314,53.0,0.7863,96.0,,,0.7615,96.0,0.475,65.0,0.2904,19.0,0.4761,69.0,,,0.5119,77.0
2024-02-16,0.5605,83.0,0.3176,54.0,0.6144,84.0,,,0.6966,92.0,0.4786,67.0,0.2913,20.0,0.4916,73.0,,,0.4849,70.0
2024-02-15,0.5625,83.0,0.3248,57.0,0.5943,82.0,,,0.6235,86.0,0.4784,67.0,0.2916,20.0,0.4842,71.0,,,0.5006,74.0
2024-02-14,0.5249,80.0,0.3139,53.0,0.5816,80.0,,,0.6043,83.0,0.4765,66.0,0.2908,20.0,0.4867,71.0,,,0.6632,95.0
2024-02-13,0.5434,81.0,0.3124,53.0,0.6157,85.0,,,0.7477,95.0,0.4765,66.0,0.2903,19.0,0.4892,72.0,,,0.4894,71.0
2024-02-12,0.3398,55.0,0.2387,25.0,0.6493,88.0,,,0.5444,74.0,0.4647,64.0,0.2866,18.0,0.4849,71.0,,,0.4874,71.0
2024-02-09,0.3069,46.0,0.2469,28.0,0.5661,78.0,,,0.544,74.0,0.4635,64.0,0.2868,18.0,0.611,93.0,,,0.5028,75.0
2024-02-08,0.3095,47.0,0.2638,36.0,0.6457,88.0,,,0.5945,82.0,0.4636,64.0,0.2874,18.0,0.5028,76.0,,,0.5166,77.0
2024-02-07,0.2826,39.0,0.2515,31.0,0.5628,78.0,,,0.5331,72.0,0.4632,64.0,0.2865,17.0,0.5176,80.0,,,0.4955,73.0
2024-02-06,0.2812,39.0,0.2335,22.0,0.5578,77.0,,,0.5532,76.0,0.4624,63.0,0.2864,17.0,0.5149,79.0,,,0.5134,77.0
2024-02-05,0.2458,30.0,0.2347,22.0,0.406,40.0,,,0.5412,73.0,0.4623,63.0,0.2863,17.0,0.3799,34.0,,,0.433,56.0
2024-02-02,0.2043,20.0,0.2382,24.0,0.5866,81.0,,,0.8958,99.0,0.4619,63.0,0.2865,17.0,0.5313,83.0,,,0.4691,67.0
2024-02-01,0.2168,24.0,0.2355,23.0,0.4978,65.0,,,0.5325,72.0,0.4637,64.0,0.2874,18.0,0.5751,90.0,,,0.4693,67.0
2024-01-31,0.1751,13.0,0.216,15.0,0.7569,95.0,,,0.6869,91.0,0.4634,64.0,0.2864,17.0,0.4893,72.0,,,0.4715,67.0
2024-01-30,0.2577,33.0,0.2059,12.0,0.8433,98.0,,,0.824,97.0,0.4642,64.0,0.2874,18.0,0.5337,84.0,,,0.4685,66.0
2024-01-29,0.207,21.0,0.2103,13.0,0.6892,91.0,,,0.6825,91.0,0.4632,64.0,0.2871,18.0,0.4491,62.0,,,0.4715,67.0
2024-01-26,0.2101,22.0,0.2124,14.0,0.5463,75.0,,,0.6726,90.0,0.4632,64.0,0.2882,18.0,0.369,30.0,,,0.4761,68.0
2024-01-25,0.194,18.0,0.204,11.0,0.6665,90.0,,,0.6192,85.0,0.4629,63.0,0.2879,18.0,0.4724,68.0,,,0.4746,68.0
2024-01-24,0.2116,22.0,0.1784,5.0,0.6246,86.0,,,0.4378,50.0,0.4631,63.0,0.2877,18.0,0.4719,67.0,,,0.3975,39.0
2024-01-23,0.2146,23.0,0.1901,7.0,0.7853,96.0,,,0.617,85.0,0.4648,64.0,0.2887,18.0,0.4949,74.0,,,0.4622,65.0
2024-01-22,0.2103,22.0,0.1943,8.0,0.5993,83.0,,,0.6148,85.0,0.4657,64.0,0.2927,21.0,0.4953,74.0,,,0.4647,65.0
2024-01-19,0.1317,6.0,0.1914,8.0,0.5772,80.0,,,0.5957,82.0,0.547,81.0,0.3167,40.0,0.469,67.0,,,0.4728,68.0
2024-01-18,0.2434,30.0,0.1855,6.0,0.6127,84.0,,,0.6152,85.0,0.5472,81.0,0.3165,40.0,0.4449,61.0,,,0.5122,77.0
2024-01-17,0.2261,26.0,0.1896,7.0,0.6073,84.0,,,0.7235,93.0,0.5475,81.0,0.3175,41.0,0.4519,63.0,,,0.4156,48.0
2024-01-16,0.2272,26.0,0.19,7.0,0.5985,82.0,,,0.6799,91.0,0.5484,81.0,0.3177,41.0,0.424,53.0,,,0.4703,67.0
2024-01-12,0.2259,26.0,0.1995,10.0,0.53,72.0,,,0.5041,66.0,0.5485,81.0,0.318,41.0,0.456,64.0,,,0.4651,66.0
2024-01-11,0.3642,60.0,0.2497,30.0,0.5406,74.0,,,0.5177,69.0,0.55,82.0,0.3184,42.0,0.454,64.0,,,0.458,64.0
2024-01-10,0.3597,59.0,0.2476,28.0,0.4919,64.0,,,0.5726,79.0,0.5502,82.0,0.3187,42.0,0.4339,56.0,,,0.4696,67.0
2024-01-09,0.3393,55.0,0.2442,27.0,0.5695,79.0,,,0.5939,82.0,0.5509,82.0,0.3191,42.0,0.4773,69.0,,,0.4316,55.0
2024-01-08,0.3273,52.0,0.2331,22.0,0.8069,97.0,,,0.4123,43.0,0.5491,82.0,0.3187,42.0,0.4174,50.0,,,0.4771,69.0
2024-01-05,0.2999,44.0,0.2311,21.0,0.8127,97.0,,,0.7508,95.0,0.5488,81.0,0.3187,42.0,0.4312,55.0,,,0.3304,12.0
2024-01-04,0.3076,47.0,0.2285,20.0,0.5806,80.0,,,0.4513,54.0,0.5489,81.0,0.3186,42.0,0.4724,68.0,,,0.4433,59.0
2024-01-03,0.306,46.0,0.2308,21.0,0.4741,60.0,,,0.5633,78.0,0.549,81.0,0.3189,42.0,0.359,27.0,,,0.4802,69.0
2024-01-02,0.1743,13.0,0.1628,3.0,0.5063,67.0,,,0.4778,60.0,0.5445,80.0,0.317,41.0,0.5081,77.0,,,0.4498,62.0
2023-12-29,0.2121,22.0,0.2077,12.0,0.4661,57.0,,,0.4781,60.0,0.5452,80.0,0.317,41.0,0.4241,53.0,,,0.4151,47.0
2023-12-28,0.2183,24.0,0.2035,11.0,0.4737,60.0,,,0.4807,61.0,0.5448,80.0,0.3175,41.0,0.446,61.0,,,0.4555,63.0
2023-12-27,0.2155,23.0,0.2155,15.0,0.478,61.0,,,0.4728,59.0,0.5448,80.0,0.3177,41.0,0.4847,71.0,,,0.3427,18.0
2023-12-26,0.2162,23.0,0.2429,27.0,0.5461,75.0,,,0.6623,89.0,0.5447,80.0,0.3177,41.0,0.4793,69.0,,,0.3821,34.0
2023-12-22,0.2846,40.0,0.2614,34.0,0.4892,63.0,,,0.5229,70.0,0.545,80.0,0.3182,41.0,0.4457,61.0,,,0.4424,59.0
2023-12-21,0.2776,38.0,0.2918,46.0,0.4314,49.0,,,0.5925,82.0,0.5448,80.0,0.3181,41.0,0.4367,57.0,,,0.3502,22.0
2023-12-20,0.2753,38.0,0.3028,50.0,0.4755,60.0,,,0.5294,71.0,0.5443,80.0,0.3181,41.0,0.4503,62.0,,,0.4208,50.0
2023-12-19,0.1739,13.0,0.2671,37.0,0.315,13.0,,,0.4269,47.0,0.5434,80.0,0.3163,40.0,0.3564,25.0,,,0.4145,47.0
2023-12-18,0.1907,17.0,0.2771,41.0,0.4541,55.0,,,0.5161,69.0,0.5431,79.0,0.317,41.0,0.4542,64.0,,,0.4447,60.0
2023-12-15,0.1739,13.0,0.2751,40.0,0.3831,33.0,,,0.4672,57.0,0.5432,79.0,0.3169,40.0,0.5297,83.0,,,0.4538,63.0
2023-12-14,0.2882,41.0,0.293,47.0,0.2866,6.0,,,0.3103,11.0,0.5431,79.0,0.3164,40.0,0.4829,70.0,,,0.4675,66.0
2023-12-13,0.316,49.0,0.3138,53.0,0.4562,55.0,,,0.3194,13.0,0.5411,79.0,0.316,40.0,0.4519,63.0,,,0.5736,88.0
2023-12-12,0.3683,61.0,0.3331,59.0,0.3274,17.0,,,0.573,79.0,0.5401,79.0,0.3147,39.0,0.4547,64.0,,,0.4713,67.0
2023-12-11,0.4417,72.0,0.3646,67.0,0.3541,25.0,,,0.4181,45.0,0.5407,79.0,0.3147,39.0,0.4701,67.0,,,0.4077,44.0
2023-12-08,0.4544,73.0,0.3748,69.0,0.319,14.0,,,0.3234,14.0,0.5432,79.0,0.3182,41.0,0.4581,65.0,,,0.5845,89.0
2023-12-07,0.4681,75.0,0.3717,68.0,0.5382,74.0,,,0.3304,16.0,0.5433,80.0,0.3179,41.0,0.4532,63.0,,,0.465,66.0
2023-12-06,0.4689,75.0,0.3676,67.0,0.3888,34.0,,,0.422,46.0,0.5429,79.0,0.3184,42.0,0.481,70.0,,,0.4552,63.0
2023-12-05,0.4208,69.0,0.3334,59.0,0.3815,32.0,,,0.3246,15.0,0.5424,79.0,0.3165,40.0,0.4366,57.0,,,0.4696,67.0
2023-12-04,0.3234,51.0,0.3031,50.0,0.311,12.0,,,0.4559,55.0,0.5412,79.0,0.3147,39.0,0.4511,63.0,,,0.4449,60.0
2023-12-01,0.3031,45.0,0.2596,34.0,0.6234,86.0,,,0.3245,15.0,0.5443,80.0,0.3148,39.0,0.5033,76.0,,,0.5299,80.0
2023-11-30,0.2131,23.0,0.202,11.0,0.3551,25.0,,,0.3376,19.0,0.5436,80.0,0.3152,40.0,0.4734,68.0,,,0.6016,91.0
2023-11-29,0.2062,21.0,0.1868,7.0,0.3323,19.0,,,0.4079,41.0,0.5453,80.0,0.315,39.0,0.4754,69.0,,,0.4584,64.0
2023-11-28,0.2029,20.0,0.2065,12.0,0.3439,22.0,,,0.5482,75.0,0.5482,81.0,0.316,40.0,0.5509,87.0,,,0.5197,78.0
2023-11-27,0.2103,22.0,0.2129,14.0,0.4452,52.0,,,0.3581,25.0,0.5484,81.0,0.317,41.0,0.5554,88.0,,,0.462,65.0
2023-11-24,0.2167,24.0,0.2204,17.0,0.3508,24.0,,,0.4485,53.0,0.5491,82.0,0.3176,41.0,0.5603,89.0,,,0.4893,71.0
2023-11-22,0.3123,48.0,0.22,17.0,0.5106,68.0,,,0.5695,78.0,0.549,81.0,0.3176,41.0,0.564,89.0,,,0.4392,57.0
2023-11-21,0.3539,57.0,0.2378,24.0,0.4823,62.0,,,0.5175,69.0,0.5489,81.0,0.3172,41.0,0.5434,86.0,,,0.4856,70.0
2023-11-20,0.3301,53.0,0.2393,25.0,0.3082,11.0,,,0.3657,27.0,0.5487,81.0,0.3175,41.0,0.4659,66.0,,,0.4717,67.0
2023-11-17,0.3282,52.0,0.2395,25.0,0.3342,19.0,,,0.3621,26.0,0.5484,81.0,0.3175,41.0,0.5308,83.0,,,0.5862,90.0
2023-11-16,0.3857,64.0,0.246,28.0,0.3142,13.0,,,0.3792,31.0,0.5473,81.0,0.3181,41.0,0.5211,81.0,,,0.5349,81.0
2023-11-15,0.4263,70.0,0.2566,33.0,0.4884,63.0,,,0.4973,65.0,0.562,85.0,0.3213,44.0,0.6098,93.0,,,0.6188,92.0
2023-11-14,0.5699,84.0,0.3595,66.0,0.377,31.0,,,0.4924,64.0,0.5617,85.0,0.3217,45.0,0.5378,85.0,,,0.4706,67.0
2023-11-13,0.544,81.0,0.3666,67.0,0.53,72.0,,,0.5359,72.0,0.5596,84.0,0.3227,46.0,0.5613,89.0,,,0.5734,88.0
2023-11-10,0.5619,83.0,0.3659,67.0,0.3375,20.0,,,0.3914,35.0,0.5602,84.0,0.3223,45.0,0.5094,78.0,,,0.5128,77.0
2023-11-09,0.5559,82.0,0.3672,67.0,0.4878,63.0,,,0.3555,24.0,0.5604,85.0,0.3224,45.0,0.4668,66.0,,,0.5738,88.0
2023-11-08,0.5436,81.0,0.3757,69.0,0.4765,60.0,,,0.4626,57.0,0.5604,85.0,0.3221,45.0,0.5411,86.0,,,0.4752,68.0
2023-11-07,0.5426,81.0,0.373,68.0,0.5225,70.0,,,0.7517,95.0,0.5567,84.0,0.321,44.0,0.4585,65.0,,,0.6662,95.0
2023-11-06,0.4897,77.0,0.3746,69.0,0.4637,57.0,,,0.4615,57.0,0.5559,83.0,0.3206,43.0,0.4937,73.0,,,0.4677,66.0
2023-11-03,0.3582,59.0,0.3191,55.0,0.5082,68.0,,,0.5766,79.0,0.5473,81.0,0.3153,40.0,0.5307,83.0,,,0.6237,93.0
2023-11-02,0.3679,61.0,0.3393,61.0,0.4086,41.0,,,0.4374,50.0,0.5472,81.0,0.3147,39.0,0.5426,86.0,,,0.5796,89.0
2023-11-01,1.5085,100.0,0.5963,92.0,0.3849,33.0,,,0.4107,42.0,0.5393,78.0,0.3138,38.0,0.4795,69.0,,,0.465,66.0
2023-10-31,1.4949,100.0,0.6026,93.0,0.4472,53.0,,,0.3697,28.0,0.5395,78.0,0.3143,39.0,0.4309,55.0,,,0.4539,63.0
2023-10-30,1.4545,100.0,0.6085,93.0,0.4482,53.0,,,0.4151,44.0,0.5387,78.0,0.3138,38.0,0.4957,74.0,,,0.5871,90.0
2023-10-27,1.4332,100.0,0.6017,93.0,0.5365,73.0,,,0.486,62.0,0.5387,78.0,0.3134,38.0,0.3591,27.0,,,0.4479,61.0
2023-10-26,1.4215,100.0,0.5958,92.0,0.3181,14.0,,,0.6279,86.0,0.539,78.0,0.3135,38.0,0.3338,14.0,,,0.4598,64.0
2023-10-25,1.405,100.0,0.5727,91.0,0.4218,46.0,,,0.4491,53.0,0.5383,78.0,0.3111,36.0,0.2954,3.0,,,0.4229,51.0
2023-10-24,1.411,100.0,0.5557,90.0,0.5181,69.0,,,0.581,80.0,0.5387,78.0,0.3099,35.0,0.4791,69.0,,,0.5762,88.0
2023-10-23,0.2044,20.0,0.2531,31.0,0.7205,93.0,,,0.6704,90.0,0.4123,49.0,0.2859,17.0,0.4682,67.0,,,0.4756,68.0
2023-10-20,0.2019,19.0,0.2416,26.0,0.662,89.0,,,0.5334,72.0,0.4126,49.0,0.2868,18.0,0.5671,89.0,,,0.5649,87.0
2023-10-19,0.1928,17.0,0.2039,11.0,0.5739,79.0,,,0.5585,77.0,0.4558,62.0,0.3216,44.0,0.4775,69.0,,,0.6509,94.0
2023-10-18,0.2108,22.0,0.1943,8.0,0.5385,74.0,,,0.4974,65.0,0.4553,62.0,0.3215,44.0,0.5107,78.0,,,0.6468,94.0
2023-10-17,0.2051,20.0,0.1989,10.0,0.6447,87.0,,,0.628,86.0,0.4553,62.0,0.3217,45.0,0.3386,17.0,,,0.6428,94.0
2023-10-16,0.1972,18.0,0.2017,10.0,0.5173,69.0,,,0.8031,97.0,0.4558,62.0,0.3216,44.0,0.4904,72.0,,,0.5585,86.0
2023-10-13,0.1949,18.0,0.2002,10.0,0.6158,85.0,,,0.852,98.0,0.4558,62.0,0.3214,44.0,0.5556,88.0,,,0.5329,81.0
2023-10-12,0.1154,3.0,0.1726,4.0,1.0528,100.0,,,0.5612,77.0,0.455,62.0,0.3211,44.0,0.375,32.0,,,0.4202,50.0
2023-10-11,0.0986,2.0,0.1573,2.0,0.5389,74.0,,,0.9374,99.0,0.4553,62.0,0.3206,43.0,0.4994,75.0,,,0.5132,77.0
2023-10-10,0.1259,5.0,0.1868,7.0,0.5922,82.0,,,0.7578,95.0,0.4553,62.0,0.3212,44.0,0.3569,25.0,,,0.5834,89.0
2023-10-09,0.1298,5.0,0.1898,7.0,0.6579,89.0,,,0.5199,69.0,0.456,62.0,0.3214,44.0,0.5176,80.0,,,0.5646,87.0
2023-10-06,0.1702,12.0,0.1908,7.0,0.8931,98.0,,,0.7498,95.0,0.4557,62.0,0.321,44.0,0.4421,60.0,,,0.5437,83.0
2023-10-05,0.2399,28.0,0.2039,11.0,0.5185,70.0,,,0.7431,95.0,0.4562,62.0,0.321,44.0,0.5074,77.0,,,0.4517,62.0
2023-10-04,0.3324,53.0,0.2298,20.0,0.4683,57.0,,,0.6979,92.0,0.4565,62.0,0.3211,44.0,0.5129,79.0,,,0.6713,95.0
2023-10-03,0.3377,54.0,0.2291,20.0,0.5037,66.0,,,0.6697,90.0,0.4568,62.0,0.3212,44.0,0.4232,52.0,,,0.4352,57.0
2023-10-02,0.3606,59.0,0.2469,28.0,0.5985,82.0,,,0.7879,96.0,0.4571,62.0,0.3214,44.0,0.4731,68.0,,,0.5655,87.0
2023-09-28,0.3809,63.0,0.2541,32.0,0.5766,80.0,,,0.5744,79.0,0.4569,62.0,0.3208,43.0,0.2956,3.0,,,0.6894,96.0
2023-09-27,0.3763,62.0,0.2573,33.0,0.9168,99.0,,,0.5818,80.0,0.4564,62.0,0.3205,43.0,0.5334,84.0,,,0.5323,81.0
2023-09-26,0.3104,47.0,0.2592,34.0,0.614,84.0,,,0.5858,81.0,0.4534,61.0,0.32,43.0,0.5469,87.0,,,0.5805,89.0
2023-09-25,0.2418,28.0,0.2433,27.0,0.7526,95.0,,,0.6545,89.0,0.4518,60.0,0.3189,42.0,0.456,64.0,,,0.5482,84.0
2023-09-22,0.2417,28.0,0.2422,26.0,0.5483,75.0,,,0.5821,80.0,0.4521,61.0,0.3189,42.0,0.4395,59.0,,,0.4569,64.0
2023-09-21,0.2135,23.0,0.237,24.0,0.6427,87.0,,,0.5894,81.0,0.4519,61.0,0.3182,41.0,0.5432,86.0,,,0.596,90.0
2023-09-20,0.197,18.0,0.2273,19.0,0.6591,89.0,,,0.6201,85.0,0.4501,60.0,0.3179,41.0,0.4892,72.0,,,0.4934,72.0
2023-09-19,0.1974,18.0,0.2248,18.0,0.4098,41.0,,,0.4851,62.0,0.4501,60.0,0.318,41.0,0.5502,87.0,,,0.4789,69.0
2023-09-18,0.1666,11.0,0.2206,17.0,0.4545,55.0,,,0.7162,93.0,0.4494,59.0,0.3184,42.0,0.5816,90.0,,,0.7162,98.0
2023-09-15,0.1953,18.0,0.2309,21.0,0.5269,71.0,,,0.425,47.0,0.45,60.0,0.3182,41.0,0.4641,66.0,,,0.4232,51.0
2023-09-12,0.2413,28.0,0.3322,59.0,0.668,90.0,,,0.5515,75.0,0.4527,61.0,0.3221,45.0,0.5339,84.0,,,0.5149,77.0
2023-09-11,0.2417,28.0,0.3253,57.0,0.4986,65.0,,,0.7629,96.0,0.4526,61.0,0.3223,45.0,0.4588,65.0,,,0.5554,86.0
2023-09-08,0.2446,30.0,0.3227,56.0,0.5102,68.0,,,0.4155,44.0,0.4531,61.0,0.3236,46.0,0.4315,56.0,,,0.5724,88.0
2023-09-06,0.2389,28.0,0.2974,48.0,0.7055,92.0,,,0.5995,83.0,0.4567,62.0,0.3237,46.0,0.5161,80.0,,,0.4053,43.0
2023-09-05,0.2278,26.0,0.2747,40.0,0.4871,63.0,,,0.5163,69.0,0.4558,62.0,0.323,46.0,0.4871,71.0,,,0.4811,69.0
2023-09-01,0.1149,3.0,0.158,2.0,0.499,66.0,,,0.5833,80.0,0.4537,61.0,0.3184,42.0,0.517,80.0,,,0.5434,83.0
2023-08-31,0.1273,5.0,0.2002,10.0,0.3774,31.0,,,0.4181,45.0,0.4538,61.0,0.319,42.0,0.3392,17.0,,,0.3668,28.0
2023-08-30,0.2767,38.0,0.2359,23.0,0.34,21.0,,,0.4608,56.0,0.4539,61.0,0.3195,42.0,0.4792,69.0,,,0.4811,69.0
2023-08-29,0.2979,44.0,0.2505,30.0,0.6053,83.0,,,0.7381,94.0,0.454,61.0,0.3209,44.0,0.4622,65.0,,,0.4526,63.0
2023-08-28,0.2899,41.0,0.2523,31.0,0.4964,65.0,,,0.473,59.0,0.4541,61.0,0.3207,43.0,0.4497,62.0,,,0.4812,69.0
2023-08-25,0.2894,41.0,0.2595,34.0,0.5733,79.0,,,0.5113,68.0,0.454,61.0,0.3208,43.0,0.447,61.0,,,0.5616,86.0
2023-08-24,0.2898,41.0,0.2656,36.0,0.4619,57.0,,,0.4996,65.0,0.4541,61.0,0.321,44.0,0.4221,52.0,,,0.4854,70.0
2023-08-23,0.3042,46.0,0.2766,41.0,0.5947,82.0,,,0.7044,92.0,0.4543,61.0,0.3212,44.0,0.2795,2.0,,,0.3964,38.0
2023-08-22,0.2897,41.0,0.2608,34.0,0.6357,87.0,,,0.5193,69.0,0.4544,61.0,0.3199,43.0,0.3422,18.0,,,0.3878,36.0
2023-08-21,0.1283,5.0,0.2269,19.0,0.4817,61.0,,,0.3904,35.0,0.4504,60.0,0.3196,43.0,0.431,55.0,,,0.5378,82.0
2023-08-18,0.1,2.0,0.2299,20.0,0.3816,32.0,,,0.9016,99.0,0.4501,60.0,0.3194,42.0,0.4346,57.0,,,0.4883,71.0
2023-08-15,0.3195,50.0,0.255,32.0,0.3987,38.0,,,0.7897,96.0,0.4501,60.0,0.3201,43.0,0.3987,41.0,,,0.4919,72.0
2023-08-14,0.3139,49.0,0.239,25.0,0.6308,86.0,,,0.635,87.0,0.4514,60.0,0.3212,44.0,0.5125,79.0,,,0.596,90.0
2023-08-11,0.3441,56.0,0.2629,35.0,0.7642,95.0,,,0.4514,54.0,0.4514,60.0,0.3213,44.0,0.4656,66.0,,,0.6026,91.0
2023-08-10,0.3414,55.0,0.2645,36.0,0.6245,86.0,,,0.6912,91.0,0.4522,61.0,0.3213,44.0,0.441,59.0,,,0.587,90.0
2023-08-09,0.3409,55.0,0.269,38.0,0.4527,54.0,,,0.5441,74.0,0.4524,61.0,0.3214,44.0,0.444,60.0,,,0.5443,83.0
2023-08-08,0.3408,55.0,0.267,37.0,0.3627,27.0,,,0.5953,82.0,0.4523,61.0,0.3224,45.0,0.4954,74.0,,,0.5203,78.0
2023-08-07,0.2651,35.0,0.2628,35.0,0.4682,57.0,,,0.675,90.0,0.4513,60.0,0.322,45.0,0.3985,41.0,,,0.6392,93.0
2023-08-04,0.2448,30.0,0.2616,35.0,0.5389,74.0,,,0.5992,83.0,0.4484,59.0,0.3221,45.0,0.5389,85.0,,,0.4676,66.0
2023-08-03,0.2822,39.0,0.3334,59.0,0.4211,45.0,,,0.6078,84.0,0.4486,59.0,0.3224,45.0,0.4539,63.0,,,0.3925,37.0
2023-08-02,1.2508,99.0,0.5967,92.0,0.3102,12.0,,,0.4384,51.0,0.4506,60.0,0.327,48.0,0.4806,70.0,,,0.4992,74.0
2023-08-01,1.2583,99.0,0.5984,92.0,0.6842,91.0,,,0.5801,80.0,0.4742,65.0,0.3376,53.0,0.5,75.0,,,0.4759,68.0
2023-07-31,1.2472,99.0,0.5999,92.0,0.5244,71.0,,,0.4466,53.0,0.4756,66.0,0.338,53.0,0.4667,66.0,,,0.5418,83.0
2023-07-28,1.2289,99.0,0.6012,93.0,0.3475,23.0,,,0.5234,70.0,0.479,67.0,0.3386,54.0,0.3987,41.0,,,0.4476,61.0
2023-07-27,1.2452,99.0,0.5968,92.0,0.3652,27.0,,,0.3623,26.0,0.479,67.0,0.3381,53.0,0.6896,97.0,,,0.4889,71.0
2023-07-26,1.2381,99.0,0.5968,92.0,0.4421,51.0,,,0.4542,55.0,0.4772,66.0,0.3381,53.0,0.3557,25.0,,,0.5217,79.0
2023-07-25,1.2618,99.0,0.565,90.0,0.4671,57.0,,,0.8728,98.0,0.4764,66.0,0.3348,52.0,0.4548,64.0,,,0.5178,78.0
2023-07-24,0.3163,49.0,0.2525,31.0,0.6219,85.0,,,0.5361,72.0,0.3784,38.0,0.3126,37.0,0.5062,77.0,,,0.4527,63.0
2023-07-21,0.3127,48.0,0.2441,27.0,0.5744,79.0,,,0.6061,83.0,0.3783,38.0,0.3127,37.0,0.4983,75.0,,,0.4537,63.0
2023-07-20,0.2566,33.0,0.2229,18.0,0.5439,75.0,,,0.8076,97.0,0.377,38.0,0.3118,37.0,0.4487,62.0,,,0.4832,70.0
2023-07-19,0.1477,8.0,0.2148,15.0,0.5553,77.0,,,0.7854,96.0,0.3757,37.0,0.3124,37.0,0.5391,85.0,,,0.4967,73.0
2023-07-18,0.1478,8.0,0.2249,18.0,0.6832,91.0,,,0.5719,79.0,0.3755,37.0,0.3124,37.0,0.4484,62.0,,,0.4732,68.0
2023-07-17,0.0994,2.0,0.2154,15.0,0.8256,97.0,,,0.6418,88.0,0.3735,36.0,0.3122,37.0,0.4776,69.0,,,0.5747,88.0
2023-07-14,0.2,19.0,0.2039,11.0,0.3953,37.0,,,0.5952,82.0,0.3764,37.0,0.313,37.0,0.4647,66.0,,,0.5359,81.0
2023-07-13,0.1766,13.0,0.2057,11.0,0.5057,67.0,,,0.4016,39.0,0.3754,37.0,0.3123,37.0,0.5057,77.0,,,0.4016,40.0
2023-07-12,0.1738,13.0,0.2075,12.0,0.3962,37.0,,,0.4774,60.0,0.3761,37.0,0.3124,37.0,0.5188,81.0,,,0.5035,75.0
2023-07-11,0.1753,13.0,0.2037,11.0,0.8332,97.0,,,0.7653,96.0,0.3761,37.0,0.3124,37.0,0.5265,82.0,,,0.4181,49.0
2023-07-10,0.1905,17.0,0.2191,17.0,0.5582,77.0,,,0.4991,65.0,0.3773,38.0,0.3129,37.0,0.5168,80.0,,,0.4295,54.0
2023-07-07,0.1873,16.0,0.2095,13.0,0.402,38.0,,,0.7924,97.0,0.3824,40.0,0.3154,40.0,0.4651,66.0,,,0.456,64.0
2023-07-06,0.1579,10.0,0.1975,9.0,0.6194,85.0,,,0.5008,66.0,0.3844,41.0,0.3156,40.0,0.4911,72.0,,,0.4468,61.0
2023-07-05,0.0975,2.0,0.1893,7.0,0.5139,69.0,,,0.3364,18.0,0.3837,40.0,0.316,40.0,0.4872,71.0,,,0.4578,64.0
2023-07-03,0.1031,2.0,0.1873,7.0,0.5999,83.0,,,0.3385,19.0,0.3854,41.0,0.3165,40.0,0.4945,73.0,,,0.4425,59.0
2023-06-30,0.101,2.0,0.1939,8.0,0.6011,83.0,,,0.6656,90.0,0.3859,42.0,0.3165,40.0,0.5388,85.0,,,0.5874,90.0
2023-06-29,0.1031,2.0,0.211,13.0,0.5976,82.0,,,0.3348,18.0,0.3863,42.0,0.3165,40.0,0.5059,77.0,,,0.4414,59.0
2023-06-28,0.0648,1.0,0.2085,13.0,0.5643,78.0,,,0.3225,14.0,0.3896,43.0,0.3166,40.0,0.5031,76.0,,,0.385,35.0
2023-06-27,0.0909,1.0,0.2182,16.0,0.562,78.0,,,0.3062,10.0,0.3896,43.0,0.3169,40.0,0.5373,85.0,,,0.4161,48.0
2023-06-26,0.1341,6.0,0.2324,21.0,0.6312,86.0,,,0.2947,8.0,0.3896,43.0,0.3173,41.0,0.5181,80.0,,,0.4414,59.0
2023-06-23,0.2922,42.0,0.3039,50.0,0.5819,80.0,,,0.3366,18.0,0.3903,44.0,0.3177,41.0,0.5033,76.0,,,0.6383,93.0
2023-06-22,0.2924,42.0,0.2957,47.0,0.5482,75.0,,,0.3376,19.0,0.3925,44.0,0.3181,41.0,0.4826,70.0,,,0.6045,91.0
2023-06-21,0.2953,43.0,0.3035,50.0,0.6984,92.0,,,0.4335,49.0,0.3926,44.0,0.3181,41.0,0.43,55.0,,,0.4335,56.0
2023-06-20,0.307,47.0,0.2947,47.0,0.4271,47.0,,,0.3897,35.0,0.395,45.0,0.3199,43.0,0.5734,90.0,,,0.6654,95.0
2023-06-16,0.3121,48.0,0.2904,46.0,0.7134,93.0,,,0.3471,22.0,0.396,45.0,0.3199,43.0,0.4446,60.0,,,0.4353,57.0
2023-06-15,0.4794,76.0,0.3343,59.0,0.495,65.0,,,0.3392,19.0,0.3978,45.0,0.3215,44.0,0.495,74.0,,,0.5066,75.0
2023-06-14,0.5215,80.0,0.3717,68.0,0.3506,24.0,,,0.5762,79.0,0.407,47.0,0.3248,47.0,0.4476,62.0,,,0.5762,88.0
2023-06-13,0.498,78.0,0.3242,57.0,0.5715,79.0,,,0.3726,30.0,0.4033,46.0,0.3221,45.0,0.5715,90.0,,,0.4506,62.0
2023-06-12,0.5517,82.0,0.3409,61.0,0.5494,76.0,,,0.3348,18.0,0.4035,46.0,0.3235,46.0,0.4551,64.0,,,0.4315,55.0
2023-06-09,0.5506,82.0,0.3446,62.0,0.3977,37.0,,,0.376,31.0,0.4034,46.0,0.3241,47.0,0.5227,81.0,,,0.5134,77.0
2023-06-08,0.5625,83.0,0.3515,64.0,0.4575,56.0,,,0.4273,47.0,0.4028,46.0,0.3242,47.0,0.5046,77.0,,,0.4556,64.0
2023-06-07,0.5536,82.0,0.3515,64.0,0.3767,31.0,,,0.4974,65.0,0.4028,46.0,0.3247,47.0,0.5087,78.0,,,0.454,63.0
2023-06-06,0.4664,75.0,0.3067,51.0,0.4874,63.0,,,0.452,54.0,0.3962,45.0,0.3225,45.0,0.4968,74.0,,,0.4686,66.0
2023-06-05,0.4025,67.0,0.2577,33.0,0.3721,30.0,,,0.4171,44.0,0.3926,44.0,0.3197,43.0,0.5243,82.0,,,0.6324,93.0
2023-06-01,0.1504,8.0,0.2581,33.0,0.4211,45.0,,,0.4305,48.0,0.3867,42.0,0.3196,43.0,0.4951,74.0,,,0.4305,55.0
2023-05-30,0.5652,83.0,0.3085,52.0,0.5794,80.0,,,0.5787,80.0,0.3921,44.0,0.3231,46.0,0.4462,61.0,,,0.6267,93.0
2023-05-26,0.5625,83.0,0.327,57.0,0.4065,40.0,,,0.4257,47.0,0.3933,44.0,0.3242,47.0,0.5167,80.0,,,0.4318,55.0
2023-05-25,0.5543,82.0,0.3388,61.0,0.4633,57.0,,,0.4376,50.0,0.3938,44.0,0.3244,47.0,0.4946,73.0,,,0.5736,88.0
2023-05-24,0.5616,83.0,0.3352,60.0,0.5544,76.0,,,0.4475,53.0,0.3939,44.0,0.3239,47.0,0.4844,71.0,,,0.4307,55.0
2023-05-23,0.5397,81.0,0.3319,59.0,0.6785,91.0,,,0.6463,88.0,0.3938,44.0,0.324,47.0,0.5459,87.0,,,0.4172,48.0
2023-05-22,0.5353,81.0,0.3059,51.0,0.4067,40.0,,,0.4816,61.0,0.3939,44.0,0.323,46.0,0.4067,45.0,,,0.482,70.0
2023-05-19,0.2261,26.0,0.241,26.0,0.491,64.0,,,0.6684,90.0,0.3734,36.0,0.3201,43.0,0.491,72.0,,,0.4726,68.0
2023-05-17,0.2242,25.0,0.2093,13.0,0.5325,73.0,,,0.5374,73.0,0.3724,36.0,0.3192,42.0,0.4796,69.0,,,0.4917,72.0
2023-05-16,0.1804,14.0,0.1953,8.0,0.6288,86.0,,,0.4136,43.0,0.3711,36.0,0.3186,42.0,0.6288,94.0,,,0.4666,66.0
2023-05-15,0.1604,10.0,0.2103,13.0,0.4978,65.0,,,0.6861,91.0,0.3725,36.0,0.3189,42.0,0.4972,74.0,,,0.6861,96.0
2023-05-11,0.1629,11.0,0.2319,21.0,0.65,88.0,,,0.4,38.0,0.3728,36.0,0.3205,43.0,0.453,63.0,,,0.4,40.0
2023-05-10,0.1991,19.0,0.2469,28.0,0.6509,88.0,,,0.442,52.0,0.3837,40.0,0.3215,44.0,0.4883,72.0,,,0.4998,74.0
2023-05-09,0.1374,6.0,0.2349,22.0,0.2678,3.0,,,0.4674,57.0,0.3824,40.0,0.3217,45.0,0.4429,60.0,,,0.4674,66.0
2023-05-08,0.1627,11.0,0.2491,28.0,0.6794,91.0,,,0.7156,93.0,0.3824,40.0,0.3225,45.0,0.5334,84.0,,,0.4911,72.0
2023-05-05,0.1648,11.0,0.2432,27.0,0.4841,62.0,,,0.4623,57.0,0.3861,42.0,0.3227,46.0,0.4556,64.0,,,0.4977,74.0
2023-05-04,0.1988,19.0,0.2642,36.0,0.3583,26.0,,,0.5008,66.0,0.3857,41.0,0.323,46.0,0.4286,54.0,,,0.4803,69.0
2023-05-03,0.8524,95.0,0.6766,96.0,0.7651,95.0,,,1.0751,100.0,0.3866,42.0,0.3239,47.0,0.5375,85.0,,,0.485,70.0
2023-05-02,0.8394,95.0,0.6726,95.0,0.473,60.0,,,0.4575,56.0,0.3866,42.0,0.3243,47.0,0.3975,41.0,,,0.464,65.0
2023-05-01,0.8386,95.0,0.6681,95.0,0.513,69.0,,,0.5196,69.0,0.3862,42.0,0.3238,46.0,0.5186,80.0,,,0.4736,68.0
2023-04-28,0.82,94.0,0.6677,95.0,0.5248,71.0,,,0.3879,34.0,0.3911,44.0,0.325,47.0,0.5264,82.0,,,0.4743,68.0
2023-04-27,0.8266,94.0,0.6608,95.0,0.4944,65.0,,,0.5595,77.0,0.3938,44.0,0.3274,48.0,0.4944,73.0,,,0.4676,66.0
2023-04-26,0.8071,94.0,0.6648,95.0,0.316,13.0,,,0.3886,34.0,0.3939,44.0,0.328,49.0,0.5376,85.0,,,0.4973,74.0
2023-04-25,0.7882,93.0,0.6502,95.0,0.6625,89.0,,,0.3159,12.0,0.3929,44.0,0.3301,49.0,0.5261,82.0,,,0.4864,71.0
2023-04-24,0.1687,12.0,0.1935,8.0,0.8423,98.0,,,0.3059,10.0,0.3662,34.0,0.3146,39.0,0.5333,84.0,,,0.3161,6.0
2023-04-21,0.2405,28.0,0.1908,7.0,0.6029,83.0,,,0.45,54.0,0.3663,34.0,0.3153,40.0,0.4864,71.0,,,0.5221,79.0
2023-04-20,0.2214,24.0,0.1786,5.0,0.6227,86.0,,,0.5369,72.0,0.3658,34.0,0.3171,41.0,0.495,74.0,,,0.4548,63.0
2023-04-19,0.2092,22.0,0.1828,6.0,0.6073,84.0,,,0.6576,89.0,0.3652,34.0,0.318,41.0,0.5082,78.0,,,0.4546,63.0
2023-04-18,0.2051,20.0,0.1921,8.0,0.5369,73.0,,,0.5192,69.0,0.3652,34.0,0.3194,42.0,0.4907,72.0,,,0.5212,78.0
2023-04-17,0.1374,6.0,0.1778,5.0,0.561,78.0,,,0.6873,91.0,0.3718,36.0,0.3193,42.0,0.4842,71.0,,,0.5056,75.0
2023-04-14,0.1904,17.0,0.1841,6.0,0.4751,60.0,,,0.4012,39.0,0.3754,37.0,0.3196,43.0,0.4947,73.0,,,0.4542,63.0
2023-04-13,0.2169,24.0,0.1729,4.0,0.4854,62.0,,,0.4579,56.0,0.3767,38.0,0.3207,43.0,0.4806,70.0,,,0.4554,63.0
2023-04-12,0.191,17.0,0.1738,4.0,0.5566,77.0,,,0.506,67.0,0.3784,38.0,0.3286,49.0,0.5112,78.0,,,0.4835,70.0
2023-04-11,0.2035,20.0,0.1771,5.0,0.5196,70.0,,,0.6976,92.0,0.3784,38.0,0.3293,49.0,0.511,78.0,,,0.471,67.0
2023-04-10,0.1944,18.0,0.1765,5.0,0.5308,72.0,,,0.6419,88.0,0.3782,38.0,0.3296,49.0,0.4964,74.0,,,0.6127,92.0
2023-04-06,0.1888,16.0,0.1675,3.0,0.5266,71.0,,,0.3998,38.0,0.3789,39.0,0.3297,49.0,0.5113,79.0,,,0.4535,63.0
2023-04-05,0.1857,15.0,0.1611,3.0,0.4782,61.0,,,0.4488,53.0,0.381,40.0,0.3304,49.0,0.4946,73.0,,,0.4605,65.0
2023-04-04,0.1597,10.0,0.1536,2.0,0.5909,81.0,,,0.4606,56.0,0.3807,39.0,0.3307,50.0,0.503,76.0,,,0.5562,86.0
2023-04-03,0.0867,1.0,0.174,4.0,0.6133,84.0,,,0.7275,94.0,0.3806,39.0,0.3306,50.0,0.4863,71.0,,,0.4498,62.0
2023-03-31,0.1088,3.0,0.1792,5.0,0.3615,26.0,,,0.4393,51.0,0.3825,40.0,0.3306,50.0,0.4839,71.0,,,0.5138,77.0
2023-03-30,0.1398,7.0,0.2039,11.0,0.2437,1.0,,,0.6229,86.0,0.3882,43.0,0.3333,51.0,0.5182,80.0,,,0.6189,92.0
2023-03-29,0.1575,10.0,0.2143,15.0,0.5843,81.0,,,0.552,76.0,0.3883,43.0,0.3338,51.0,0.5263,82.0,,,0.5724,88.0
2023-03-28,0.1705,12.0,0.2475,28.0,0.4269,47.0,,,0.4495,54.0,0.3889,43.0,0.3343,51.0,0.4884,72.0,,,0.5425,83.0
2023-03-27,0.2973,44.0,0.2694,38.0,0.6812,91.0,,,0.6401,88.0,0.3893,43.0,0.3349,52.0,0.5074,77.0,,,0.5632,87.0
2023-03-24,0.2926,42.0,0.3186,55.0,0.4244,46.0,,,0.6,83.0,0.3888,43.0,0.3357,52.0,0.4638,66.0,,,0.5015,74.0
2023-03-23,0.2952,43.0,0.3188,55.0,0.5015,66.0,,,0.7198,93.0,0.389,43.0,0.3353,52.0,0.477,69.0,,,0.415,47.0
2023-03-22,0.3122,48.0,0.3376,60.0,0.387,34.0,,,0.4621,57.0,0.3896,43.0,0.3351,52.0,0.387,37.0,,,0.443,59.0
2023-03-21,0.3738,62.0,0.328,57.0,0.398,37.0,,,0.3639,27.0,0.3904,44.0,0.3348,52.0,0.5104,78.0,,,0.5419,83.0
2023-03-20,0.376,62.0,0.341,61.0,0.5601,77.0,,,0.479,61.0,0.3897,43.0,0.335,52.0,0.4521,63.0,,,0.4037,42.0
2023-03-17,0.3236,51.0,0.3267,57.0,0.5962,82.0,,,0.679,91.0,0.3894,43.0,0.3339,51.0,0.4498,62.0,,,0.4639,65.0
2023-03-16,0.3281,52.0,0.3117,53.0,0.5952,82.0,,,0.387,34.0,0.3903,44.0,0.3351,52.0,0.3114,6.0,,,0.3677,28.0
2023-03-15,0.305,46.0,0.2728,39.0,0.4494,53.0,,,0.6189,85.0,0.3908,44.0,0.333,51.0,0.4701,67.0,,,0.502,75.0
2023-03-14,0.308,47.0,0.2725,39.0,1.1821,100.0,,,0.4505,54.0,0.3908,44.0,0.3341,51.0,0.4686,67.0,,,0.4505,62.0
2023-03-10,0.2301,27.0,0.2635,35.0,0.4548,55.0,,,0.5697,78.0,0.3918,44.0,0.3342,51.0,0.4548,64.0,,,0.5376,82.0
2023-03-09,0.1796,14.0,0.2353,23.0,0.3596,26.0,,,0.4324,49.0,0.3904,44.0,0.333,51.0,0.4176,50.0,,,0.3411,17.0
2023-03-08,0.1766,13.0,0.2308,21.0,0.4334,49.0,,,0.4314,48.0,0.3909,44.0,0.3326,51.0,0.5013,75.0,,,0.4655,66.0
2023-03-07,0.1506,8.0,0.237,24.0,0.5461,75.0,,,0.5467,74.0,0.3904,44.0,0.3335,51.0,0.4144,48.0,,,0.3483,21.0
2023-03-03,0.1382,7.0,0.2382,24.0,0.5461,75.0,,,0.5673,78.0,0.39,43.0,0.3332,51.0,0.3868,37.0,,,0.6111,92.0
2023-03-02,0.125,4.0,0.2127,14.0,0.4242,46.0,,,0.5504,75.0,0.3901,44.0,0.3328,51.0,0.5856,91.0,,,0.5376,82.0
2023-03-01,0.1314,5.0,0.2223,18.0,0.6373,87.0,,,0.9167,99.0,0.39,43.0,0.3332,51.0,0.4816,70.0,,,0.4673,66.0
2023-02-28,0.1279,5.0,0.2353,23.0,0.6539,89.0,,,0.6685,90.0,0.3903,44.0,0.3332,51.0,0.588,91.0,,,0.6234,93.0
2023-02-24,0.1959,18.0,0.2775,41.0,0.6717,90.0,,,0.537,73.0,0.3905,44.0,0.3332,51.0,0.6323,94.0,,,0.4005,40.0
2023-02-23,0.1709,12.0,0.2906,46.0,0.3521,24.0,,,0.7146,93.0,0.3979,45.0,0.3367,53.0,0.4431,60.0,,,0.4226,51.0
2023-02-22,0.1894,16.0,0.2667,37.0,0.6778,91.0,,,0.6491,88.0,0.4018,46.0,0.3368,53.0,0.4934,73.0,,,0.5027,75.0
2023-02-21,0.1702,12.0,0.274,39.0,0.477,60.0,,,0.7179,93.0,0.4018,46.0,0.3365,53.0,0.4443,60.0,,,0.5088,76.0
2023-02-17,0.1797,14.0,0.2939,47.0,0.4699,59.0,,,0.4234,46.0,0.4018,46.0,0.3368,53.0,0.3988,41.0,,,0.4627,65.0
2023-02-16,0.2465,30.0,0.2919,46.0,0.6873,91.0,,,0.4048,39.0,0.4018,46.0,0.3366,53.0,0.3498,22.0,,,0.4631,65.0
2023-02-15,0.2468,31.0,0.296,48.0,0.6277,86.0,,,0.504,66.0,0.4019,46.0,0.3365,53.0,0.4502,62.0,,,0.5413,83.0
2023-02-14,0.2151,23.0,0.2665,37.0,0.3893,35.0,,,0.5776,79.0,0.4,45.0,0.3346,51.0,0.4919,73.0,,,0.5494,84.0
2023-02-13,0.3105,47.0,0.3665,67.0,0.5661,78.0,,,0.4534,55.0,0.4004,45.0,0.3342,51.0,0.4064,45.0,,,0.4922,72.0
2023-02-10,0.7135,91.0,0.5097,86.0,0.6257,86.0,,,0.5297,71.0,0.4008,45.0,0.3354,52.0,0.5468,87.0,,,0.5279,80.0
2023-02-09,0.736,92.0,0.5162,87.0,0.5578,77.0,,,0.7379,94.0,0.4013,46.0,0.3358,52.0,0.4603,65.0,,,0.463,65.0
2023-02-08,0.7929,93.0,0.5112,87.0,0.5819,80.0,,,0.4755,60.0,0.4026,46.0,0.3356,52.0,0.4016,43.0,,,0.581,89.0
2023-02-07,0.7856,93.0,0.5073,86.0,0.4503,54.0,,,0.6221,86.0,0.4016,46.0,0.3354,52.0,0.4884,72.0,,,0.5082,76.0
2023-02-06,0.7848,93.0,0.5059,86.0,0.3713,28.0,,,0.5946,82.0,0.4046,47.0,0.335,52.0,0.5406,86.0,,,0.443,59.0
2023-02-03,0.7839,93.0,0.5054,86.0,0.4681,57.0,,,0.4178,44.0,0.4042,46.0,0.3345,51.0,0.5098,78.0,,,0.5648,87.0
2023-02-02,0.728,91.0,0.4392,80.0,0.3878,34.0,,,0.4972,65.0,0.4006,45.0,0.3293,49.0,0.3637,28.0,,,0.5361,81.0
2023-02-01,0.3202,50.0,0.2663,37.0,0.4884,63.0,,,0.5738,79.0,0.3714,36.0,0.3185,42.0,0.5478,87.0,,,0.4888,71.0
2023-01-31,0.2901,41.0,0.242,26.0,0.7051,92.0,,,0.6079,84.0,0.3714,36.0,0.3194,42.0,0.52,81.0,,,0.4483,61.0
2023-01-30,0.1222,4.0,0.2443,27.0,0.8287,97.0,,,0.764,96.0,0.3674,35.0,0.3192,42.0,0.4126,47.0,,,0.5037,75.0
2023-01-27,0.1257,5.0,0.2451,28.0,0.5266,71.0,,,0.4646,57.0,0.3698,35.0,0.3198,43.0,0.5595,88.0,,,0.4726,68.0
2023-01-26,0.1024,2.0,0.2407,26.0,0.6673,90.0,,,0.4839,62.0,0.3694,35.0,0.3209,44.0,0.5496,87.0,,,0.5305,80.0
2023-01-25,0.214,23.0,0.2632,35.0,0.5988,83.0,,,0.7141,93.0,0.3694,35.0,0.3208,43.0,0.5109,78.0,,,0.4309,55.0
2023-01-24,0.2147,23.0,0.2466,28.0,0.511,68.0,,,0.5437,74.0,0.3694,35.0,0.3207,43.0,0.3896,38.0,,,0.4848,70.0
2023-01-23,0.2546,32.0,0.2374,24.0,0.5258,71.0,,,0.4742,60.0,0.3735,36.0,0.3224,45.0,0.4167,50.0,,,0.4852,70.0
2023-01-19,0.2853,40.0,0.2264,19.0,0.5195,70.0,,,0.5876,81.0,0.3885,43.0,0.3297,49.0,0.5238,82.0,,,0.5639,87.0
2023-01-18,0.3915,65.0,0.2881,45.0,0.6222,85.0,,,0.478,60.0,0.3911,44.0,0.332,50.0,0.4435,60.0,,,0.5893,90.0
2023-01-17,0.4512,73.0,0.2904,46.0,0.635,87.0,,,0.5198,69.0,0.3914,44.0,0.3319,50.0,0.4607,65.0,,,0.4739,68.0
2023-01-13,0.4011,66.0,0.274,39.0,0.6761,90.0,,,0.486,62.0,0.392,44.0,0.3333,51.0,0.4539,63.0,,,0.5178,78.0
2023-01-12,0.4201,69.0,0.2975,48.0,0.4988,66.0,,,0.5184,69.0,0.3948,45.0,0.3343,51.0,0.5137,79.0,,,0.5193,78.0
2023-01-11,0.4186,69.0,0.2991,49.0,0.6092,84.0,,,0.5166,69.0,0.3955,45.0,0.3355,52.0,0.4696,67.0,,,0.4506,62.0
2023-01-10,0.4312,70.0,0.2947,47.0,0.5385,74.0,,,0.4623,57.0,0.3957,45.0,0.3399,54.0,0.534,84.0,,,0.4584,64.0
2023-01-09,0.4685,75.0,0.2991,49.0,0.5862,81.0,,,0.6456,88.0,0.3968,45.0,0.3401,54.0,0.415,49.0,,,0.4587,64.0
2023-01-06,0.3237,51.0,0.248,28.0,0.4249,46.0,,,0.5946,82.0,0.3914,44.0,0.3375,53.0,0.4363,57.0,,,0.4143,47.0
2023-01-05,0.3049,46.0,0.2393,25.0,0.3188,14.0,,,0.5141,68.0,0.3894,43.0,0.3378,53.0,0.5154,80.0,,,0.3934,38.0
2023-01-04,0.2767,38.0,0.2322,21.0,0.3898,35.0,,,0.6939,92.0,0.3905,44.0,0.3376,53.0,0.4284,54.0,,,0.4073,44.0
2023-01-03,0.3479,57.0,0.2317,21.0,0.366,28.0,,,0.481,61.0,0.3891,43.0,0.3369,53.0,0.4173,50.0,,,0.481,69.0
2022-12-30,0.3399,55.0,0.2353,23.0,0.5312,72.0,,,0.5799,80.0,0.3902,44.0,0.3373,53.0,0.453,63.0,,,0.4255,52.0
2022-12-29,0.3716,61.0,0.2874,45.0,0.4073,40.0,,,0.4229,46.0,0.3898,43.0,0.3386,54.0,0.3054,5.0,,,0.4035,42.0
2022-12-28,0.322,51.0,0.2838,43.0,0.504,67.0,,,0.516,69.0,0.3866,42.0,0.3395,54.0,0.4458,61.0,,,0.3649,28.0
2022-12-27,0.3482,57.0,0.3147,54.0,0.5096,68.0,,,0.4799,61.0,0.387,42.0,0.3396,54.0,0.5625,89.0,,,0.5518,85.0
2022-12-23,0.5513,82.0,0.373,68.0,0.4607,56.0,,,0.4537,55.0,0.3877,43.0,0.3411,54.0,0.466,66.0,,,0.4675,66.0
2022-12-22,0.5409,81.0,0.3784,70.0,0.5572,77.0,,,0.5427,73.0,0.3882,43.0,0.3436,56.0,0.4259,53.0,,,0.4082,44.0
2022-12-21,0.5139,79.0,0.3855,71.0,0.5641,78.0,,,0.4477,53.0,0.386,42.0,0.3437,56.0,0.4218,52.0,,,0.5046,75.0
2022-12-20,0.5134,79.0,0.4009,74.0,0.3566,25.0,,,0.435,49.0,0.3865,42.0,0.3452,57.0,0.4656,66.0,,,0.4177,48.0
2022-12-16,0.4398,72.0,0.3732,69.0,0.5065,67.0,,,0.5486,75.0,0.4051,47.0,0.3518,59.0,0.4139,48.0,,,0.4698,67.0
2022-12-15,0.3621,59.0,0.3509,64.0,0.4369,50.0,,,0.6501,89.0,0.4035,46.0,0.3509,59.0,0.482,70.0,,,0.5601,86.0
2022-12-14,0.1612,10.0,0.2837,43.0,0.4711,59.0,,,0.4847,62.0,0.396,45.0,0.3505,59.0,0.3932,39.0,,,0.4847,70.0
2022-12-13,0.2082,21.0,0.2888,45.0,0.537,73.0,,,0.4129,43.0,0.3975,45.0,0.3543,60.0,0.3692,30.0,,,0.5236,79.0
2022-12-12,0.2092,22.0,0.2681,37.0,0.4346,49.0,,,0.4485,53.0,0.4265,51.0,0.3668,65.0,0.4683,67.0,,,0.468,66.0
2022-12-09,0.212,22.0,0.2601,34.0,0.5174,69.0,,,0.4727,59.0,0.4338,52.0,0.3705,66.0,0.5548,88.0,,,0.4727,68.0
2022-12-08,0.4166,68.0,0.3345,59.0,0.5077,67.0,,,0.5098,67.0,0.4349,52.0,0.3714,66.0,0.3765,33.0,,,0.5115,76.0
2022-12-07,0.4281,70.0,0.342,62.0,0.829,97.0,,,0.6027,83.0,0.4383,54.0,0.3712,66.0,0.3386,17.0,,,0.4581,64.0
2022-12-06,0.4174,68.0,0.3404,61.0,0.3882,34.0,,,0.5757,79.0,0.4478,57.0,0.3733,66.0,0.3882,37.0,,,0.3555,24.0
2022-12-05,0.4249,70.0,0.3378,60.0,0.3873,34.0,,,0.6125,84.0,0.4497,59.0,0.3741,67.0,0.3873,37.0,,,0.5368,82.0
2022-12-02,0.3856,64.0,0.3249,57.0,0.3412,21.0,,,0.4887,63.0,0.4477,57.0,0.3735,67.0,0.3938,40.0,,,0.4887,71.0
2022-12-01,0.3796,63.0,0.3246,57.0,0.6624,89.0,,,0.4488,53.0,0.4476,57.0,0.3736,67.0,0.4509,63.0,,,0.5077,76.0
2022-11-30,0.3693,61.0,0.3148,54.0,0.5662,78.0,,,0.5018,66.0,0.4465,57.0,0.3736,67.0,0.2956,3.0,,,0.4254,52.0
2022-11-29,0.2502,32.0,0.2443,27.0,0.4084,41.0,,,0.4642,57.0,0.4423,56.0,0.3706,66.0,0.462,65.0,,,0.5521,85.0
2022-11-28,0.1981,18.0,0.2236,18.0,0.6182,85.0,,,0.4634,57.0,0.4412,55.0,0.3705,66.0,0.396,40.0,,,0.3711,31.0
2022-11-25,0.2216,25.0,0.2211,17.0,0.4256,47.0,,,0.4036,39.0,0.4407,55.0,0.3704,66.0,0.4394,57.0,,,0.4422,59.0
2022-11-23,0.2527,32.0,0.2351,22.0,0.3328,19.0,,,0.4841,62.0,0.4423,56.0,0.3724,66.0,0.379,34.0,,,0.3372,15.0
2022-11-22,0.257,33.0,0.2347,22.0,0.3894,35.0,,,0.3881,34.0,0.4422,56.0,0.3724,66.0,0.459,65.0,,,0.5461,84.0
2022-11-21,0.2692,36.0,0.2548,32.0,0.4724,59.0,,,0.5547,76.0,0.4489,59.0,0.3874,71.0,0.5604,89.0,,,0.4688,66.0
2022-11-18,0.4453,72.0,0.2732,39.0,0.4407,51.0,,,0.5853,81.0,0.4482,59.0,0.3872,71.0,0.4687,67.0,,,0.421,50.0
2022-11-17,0.4431,72.0,0.2751,40.0,0.3998,38.0,,,0.483,62.0,0.4481,57.0,0.3887,72.0,0.4071,45.0,,,0.483,70.0
2022-11-16,0.4453,72.0,0.2868,44.0,0.4477,53.0,,,0.4665,57.0,0.4481,57.0,0.389,72.0,0.4988,75.0,,,0.4665,66.0
2022-11-15,0.4253,70.0,0.2906,46.0,0.4716,59.0,,,0.4164,44.0,0.4479,57.0,0.3909,73.0,0.3732,32.0,,,0.4164,48.0
2022-11-14,0.4288,70.0,0.3016,49.0,0.4853,62.0,,,0.3594,25.0,0.447,57.0,0.3915,73.0,0.4464,61.0,,,0.3594,26.0
2022-11-10,0.448,73.0,0.3119,53.0,0.4313,48.0,,,0.5012,66.0,0.4501,60.0,0.3922,73.0,0.4313,55.0,,,0.5012,74.0
2022-11-09,0.2751,38.0,0.2954,47.0,0.4139,43.0,,,0.4733,59.0,0.4413,55.0,0.3914,73.0,0.3899,38.0,,,0.4497,62.0
2022-11-08,0.3928,65.0,0.3061,51.0,0.4902,64.0,,,0.5532,76.0,0.4412,55.0,0.3912,73.0,0.3313,13.0,,,0.6104,92.0
2022-11-07,0.4563,74.0,0.3439,62.0,0.598,82.0,,,0.5801,80.0,0.4456,57.0,0.3944,74.0,0.4437,60.0,,,0.5468,84.0
2022-11-04,0.3857,64.0,0.3467,63.0,0.6117,84.0,,,0.3858,33.0,0.4439,56.0,0.3957,75.0,0.5727,90.0,,,0.5906,90.0
2022-11-03,0.3924,65.0,0.3903,72.0,0.5895,81.0,,,0.5553,76.0,0.444,56.0,0.396,75.0,0.4967,74.0,,,0.5998,91.0
2022-11-02,0.6755,89.0,0.5943,92.0,0.632,86.0,,,0.725,93.0,0.4441,56.0,0.3953,74.0,0.5955,92.0,,,0.4226,51.0
2022-11-01,0.6749,89.0,0.592,92.0,0.5968,82.0,,,0.7171,93.0,0.4444,57.0,0.3949,74.0,0.4411,59.0,,,0.4857,71.0
2022-10-31,0.6801,90.0,0.6082,93.0,0.6019,83.0,,,0.476,60.0,0.4457,57.0,0.3954,74.0,0.3898,38.0,,,0.4434,59.0
2022-10-28,0.6442,88.0,0.6043,93.0,0.6968,92.0,,,0.4968,65.0,0.4415,55.0,0.3955,74.0,0.6968,98.0,,,0.4126,46.0
2022-10-27,0.5739,84.0,0.5871,92.0,0.5119,68.0,,,0.6675,90.0,0.4401,55.0,0.3943,74.0,0.5186,80.0,,,0.4034,41.0
2022-10-26,0.6926,90.0,0.585,91.0,0.406,40.0,,,0.5048,66.0,0.4401,55.0,0.3945,74.0,0.5111,78.0,,,0.4725,68.0
2022-10-25,0.7424,92.0,0.5492,89.0,0.6864,91.0,,,0.6297,87.0,0.4401,55.0,0.3921,73.0,0.4632,65.0,,,0.4677,66.0
2022-10-24,0.4371,71.0,0.3257,57.0,0.6668,90.0,,,0.6512,89.0,0.425,50.0,0.3788,68.0,0.4539,63.0,,,0.4187,49.0
2022-10-21,0.4382,71.0,0.4339,79.0,0.5776,80.0,,,0.7851,96.0,0.4352,53.0,0.3833,69.0,0.3514,23.0,,,0.4299,54.0
2022-10-20,0.4429,72.0,0.414,76.0,0.6371,87.0,,,0.6487,88.0,0.4524,61.0,0.3936,74.0,0.556,88.0,,,0.424,52.0
2022-10-19,0.421,69.0,0.4077,75.0,0.6743,90.0,,,0.5967,82.0,0.4524,61.0,0.3935,74.0,0.3996,42.0,,,0.4134,47.0
2022-10-18,0.3915,65.0,0.3944,73.0,0.7082,93.0,,,0.4406,51.0,0.4539,61.0,0.3934,74.0,0.4668,66.0,,,0.4104,45.0
2022-10-17,0.4146,68.0,0.3997,74.0,0.6505,88.0,,,0.6782,91.0,0.4489,59.0,0.3931,73.0,0.4494,62.0,,,0.5807,89.0
2022-10-14,0.3582,59.0,0.4017,74.0,0.5731,79.0,,,0.7012,92.0,0.4456,57.0,0.3931,73.0,0.447,61.0,,,0.4541,63.0
2022-10-13,0.3341,54.0,0.3786,70.0,0.5504,76.0,,,0.7576,95.0,0.4468,57.0,0.3926,73.0,0.5355,85.0,,,0.5158,77.0
2022-10-12,0.3206,50.0,0.2305,21.0,0.6211,85.0,,,0.5227,70.0,0.4443,56.0,0.3861,70.0,0.4092,46.0,,,0.4608,65.0
2022-10-11,0.428,70.0,0.28,42.0,0.9757,99.0,,,0.5881,81.0,0.4444,57.0,0.386,70.0,0.5017,76.0,,,0.4452,60.0
2022-10-10,0.4381,71.0,0.2851,44.0,0.7865,96.0,,,0.7888,96.0,0.4451,57.0,0.3862,70.0,0.4154,49.0,,,0.4522,62.0
2022-10-07,0.4411,72.0,0.2872,44.0,0.676,90.0,,,0.522,70.0,0.4444,57.0,0.3861,70.0,0.4933,73.0,,,0.4797,69.0
2022-10-06,0.3889,64.0,0.2801,42.0,0.4407,51.0,,,0.4751,60.0,0.4431,56.0,0.3856,70.0,0.3435,19.0,,,0.488,71.0
2022-10-05,0.3783,62.0,0.2873,44.0,0.6577,89.0,,,0.5551,76.0,0.4431,56.0,0.3857,70.0,0.5419,86.0,,,0.3592,26.0
2022-10-04,0.3775,62.0,0.2943,47.0,0.622,85.0,,,0.6178,85.0,0.4429,56.0,0.3859,70.0,0.5448,87.0,,,0.3894,36.0
2022-10-03,0.3728,62.0,0.2917,46.0,0.449,53.0,,,0.6116,84.0,0.4411,55.0,0.3859,70.0,0.449,62.0,,,0.5395,82.0
2022-09-30,0.2006,19.0,0.2431,27.0,0.8901,98.0,,,0.4827,62.0,0.4357,53.0,0.3838,69.0,0.5341,84.0,,,0.4914,72.0
2022-09-29,0.2046,20.0,0.2439,27.0,0.5127,68.0,,,0.418,44.0,0.4359,53.0,0.3835,69.0,0.4644,66.0,,,0.4624,65.0
2022-09-28,0.2048,20.0,0.2358,23.0,0.4455,52.0,,,0.4987,65.0,0.4356,53.0,0.3832,69.0,0.5606,89.0,,,0.5086,76.0
2022-09-27,0.3185,50.0,0.2747,40.0,0.6712,90.0,,,0.489,63.0,0.4357,53.0,0.383,69.0,0.3978,41.0,,,0.6002,91.0
2022-09-26,0.3266,52.0,0.2637,36.0,0.7287,94.0,,,0.7596,95.0,0.4359,53.0,0.3823,68.0,0.4936,73.0,,,0.7596,100.0
2022-09-23,0.3265,52.0,0.2955,47.0,0.7721,95.0,,,0.6794,91.0,0.4382,54.0,0.3829,69.0,0.4733,68.0,,,0.4788,69.0
2022-09-21,0.4046,67.0,0.3172,54.0,0.5963,82.0,,,0.4112,42.0,0.4383,54.0,0.3834,69.0,0.4129,47.0,,,0.4506,62.0
2022-09-20,0.4185,69.0,0.3055,51.0,0.4861,63.0,,,0.6763,91.0,0.4404,55.0,0.3842,69.0,0.455,64.0,,,0.4291,54.0
2022-09-19,0.4147,68.0,0.3031,50.0,0.47,59.0,,,0.3726,30.0,0.4416,55.0,0.3844,69.0,0.5395,85.0,,,0.4855,70.0
2022-09-16,0.3476,57.0,0.2788,42.0,0.4454,52.0,,,0.5787,80.0,0.438,54.0,0.3823,68.0,0.4387,57.0,,,0.4399,57.0
2022-09-15,0.3226,51.0,0.2809,42.0,0.5066,67.0,,,0.3729,30.0,0.4374,53.0,0.3824,69.0,0.4443,60.0,,,0.4546,63.0
2022-09-14,0.326,52.0,0.2508,30.0,0.458,56.0,,,0.6501,89.0,0.4372,53.0,0.381,68.0,0.4671,66.0,,,0.5407,82.0
2022-09-12,0.192,17.0,0.2396,25.0,0.4391,50.0,,,0.5631,77.0,0.435,52.0,0.3801,68.0,0.4391,57.0,,,0.5631,87.0
2022-09-09,0.18,14.0,0.2411,26.0,0.4374,50.0,,,0.6339,87.0,0.4348,52.0,0.381,68.0,0.4374,57.0,,,0.4616,65.0
2022-09-08,0.1202,4.0,0.2492,28.0,0.4839,62.0,,,0.5347,72.0,0.4385,54.0,0.3833,69.0,0.4351,57.0,,,0.4611,65.0
2022-09-07,0.0857,1.0,0.2313,21.0,0.5012,66.0,,,0.4943,64.0,0.4389,54.0,0.3847,70.0,0.4841,71.0,,,0.5049,75.0
2022-09-06,0.2734,37.0,0.2999,49.0,0.7748,96.0,,,0.703,92.0,0.4415,55.0,0.3856,70.0,0.6259,94.0,,,0.6048,92.0
2022-09-02,0.4309,70.0,0.3162,54.0,0.3592,26.0,,,0.613,85.0,0.4443,56.0,0.3856,70.0,0.6228,94.0,,,0.613,92.0
2022-09-01,0.4315,70.0,0.2984,48.0,0.4077,40.0,,,0.4805,61.0,0.4445,57.0,0.3864,71.0,0.456,64.0,,,0.4711,67.0
2022-08-31,0.431,70.0,0.3045,50.0,0.6456,88.0,,,0.6974,92.0,0.4473,57.0,0.3881,72.0,0.4536,63.0,,,0.4782,69.0
2022-08-30,0.4314,70.0,0.3088,52.0,0.5218,70.0,,,0.4494,54.0,0.4471,57.0,0.3881,72.0,0.4919,73.0,,,0.4274,53.0
2022-08-29,0.4304,70.0,0.3117,53.0,0.4631,57.0,,,0.4416,52.0,0.4469,57.0,0.3878,72.0,0.4722,67.0,,,0.4326,56.0
2022-08-26,0.4315,70.0,0.3048,50.0,0.4866,63.0,,,0.6321,87.0,0.449,59.0,0.3887,72.0,0.4866,71.0,,,0.4377,57.0
2022-08-25,0.2727,37.0,0.2323,21.0,0.3111,12.0,,,0.6494,88.0,0.4452,57.0,0.3886,72.0,0.3818,35.0,,,0.5449,84.0
2022-08-24,0.1802,14.0,0.2336,22.0,0.4086,41.0,,,0.4417,52.0,0.4417,55.0,0.3876,71.0,0.4086,46.0,,,0.4256,53.0
2022-08-23,0.2086,21.0,0.2589,33.0,0.7003,92.0,,,0.6164,85.0,0.4432,56.0,0.3884,72.0,0.5291,83.0,,,0.3758,33.0
2022-08-22,0.2342,28.0,0.2684,38.0,0.4472,53.0,,,0.4712,59.0,0.4435,56.0,0.3892,72.0,0.4438,60.0,,,0.4284,54.0
2022-08-19,0.2233,25.0,0.2661,37.0,0.49,64.0,,,0.5952,82.0,0.4436,56.0,0.3891,72.0,0.4831,70.0,,,0.4442,60.0
2022-08-18,0.2568,33.0,0.2639,36.0,0.544,75.0,,,0.4538,55.0,0.444,56.0,0.3889,72.0,0.5541,88.0,,,0.4538,63.0
2022-08-17,0.2679,36.0,0.2641,36.0,0.5272,71.0,,,0.4843,62.0,0.444,56.0,0.3891,72.0,0.5917,91.0,,,0.4217,51.0
2022-08-16,0.2223,25.0,0.2776,41.0,0.5211,70.0,,,0.3964,37.0,0.4437,56.0,0.3896,73.0,0.5211,81.0,,,0.4667,66.0
2022-08-15,0.2302,27.0,0.2536,32.0,0.6326,86.0,,,0.6492,88.0,0.4426,56.0,0.3887,72.0,0.4109,47.0,,,0.457,64.0
2022-08-12,0.2963,43.0,0.2755,40.0,0.4173,44.0,,,0.4957,65.0,0.4422,56.0,0.3879,72.0,0.3817,35.0,,,0.4957,73.0
2022-08-11,0.272,37.0,0.2661,37.0,0.5461,75.0,,,0.5245,70.0,0.4412,55.0,0.3873,71.0,0.4345,57.0,,,0.4511,62.0
2022-08-10,0.3392,55.0,0.2765,41.0,0.5179,69.0,,,0.365,27.0,0.4412,55.0,0.3878,72.0,0.4274,54.0,,,0.4342,56.0
2022-08-09,0.234,28.0,0.3038,50.0,0.5205,70.0,,,0.5366,72.0,0.4396,54.0,0.3882,72.0,0.4364,57.0,,,0.4016,40.0
2022-08-08,0.2392,28.0,0.3117,53.0,0.4894,63.0,,,0.6676,90.0,0.4396,54.0,0.3885,72.0,0.4297,55.0,,,0.471,67.0
2022-08-05,0.2501,32.0,0.3075,51.0,0.3381,20.0,,,0.4376,50.0,0.4428,56.0,0.3895,72.0,0.514,79.0,,,0.3693,30.0
2022-08-04,0.3696,61.0,0.338,60.0,0.6946,92.0,,,0.4331,49.0,0.4437,56.0,0.3895,72.0,0.4206,51.0,,,0.457,64.0
2022-08-03,0.5342,80.0,0.4268,78.0,0.5379,74.0,,,0.4283,47.0,0.4473,57.0,0.3894,72.0,0.4478,62.0,,,0.4688,66.0
2022-08-02,0.5312,80.0,0.4249,78.0,0.308,11.0,,,0.3307,17.0,0.4598,63.0,0.3973,75.0,0.4225,52.0,,,0.4197,50.0
2022-08-01,0.5256,80.0,0.4474,81.0,0.7227,93.0,,,0.384,33.0,0.4579,62.0,0.3972,75.0,0.4244,53.0,,,0.4036,42.0
2022-07-29,0.549,82.0,0.4301,79.0,0.5353,73.0,,,0.5044,66.0,0.4581,62.0,0.3959,75.0,0.3805,34.0,,,0.4187,49.0
2022-07-28,0.5593,83.0,0.4621,82.0,0.7053,92.0,,,0.5051,66.0,0.4619,63.0,0.3981,75.0,0.36,27.0,,,0.4475,61.0
2022-07-27,0.5595,83.0,0.4669,83.0,0.6487,88.0,,,0.4369,50.0,0.4618,63.0,0.3992,75.0,0.4097,46.0,,,0.4503,62.0
2022-07-26,0.5472,82.0,0.4583,82.0,0.53,72.0,,,0.7281,94.0,0.4608,63.0,0.4001,76.0,0.4455,61.0,,,0.4892,71.0
2022-07-25,0.3942,65.0,0.4152,76.0,0.4096,41.0,,,0.5145,68.0,0.4476,57.0,0.3975,75.0,0.4267,54.0,,,0.3615,27.0
2022-07-22,0.4561,74.0,0.4171,77.0,0.6837,91.0,,,0.5116,68.0,0.4489,59.0,0.398,75.0,0.4477,62.0,,,0.5677,87.0
2022-07-21,0.3834,63.0,0.3849,71.0,0.7142,93.0,,,0.5397,73.0,0.4491,59.0,0.3986,75.0,0.3859,36.0,,,0.5542,85.0
2022-07-20,0.3521,57.0,0.3927,73.0,0.6642,89.0,,,0.7078,92.0,0.4489,59.0,0.4002,76.0,0.2917,3.0,,,0.7078,97.0
2022-07-19,0.3658,60.0,0.3553,65.0,0.5574,77.0,,,0.6282,86.0,0.4471,57.0,0.399,75.0,0.3928,39.0,,,0.5083,76.0
2022-07-18,0.3008,45.0,0.3459,63.0,0.6963,92.0,,,0.7784,96.0,0.4454,57.0,0.3992,75.0,0.4308,55.0,,,0.4941,73.0
2022-07-15,0.3063,46.0,0.3322,59.0,0.6461,88.0,,,0.7098,92.0,0.4449,57.0,0.3985,75.0,0.4384,57.0,,,0.4579,64.0
2022-07-14,0.2985,44.0,0.2673,37.0,0.6327,86.0,,,0.7696,96.0,0.4476,57.0,0.3965,75.0,0.6327,95.0,,,0.4854,70.0
2022-07-13,0.2481,31.0,0.2872,44.0,0.4534,55.0,,,0.528,71.0,0.4468,57.0,0.396,75.0,0.4297,55.0,,,0.4965,73.0
2022-07-12,0.2593,34.0,0.2947,47.0,0.5265,71.0,,,0.5391,73.0,0.4474,57.0,0.396,75.0,0.4955,74.0,,,0.4756,68.0
2022-07-11,0.2704,36.0,0.3126,53.0,0.5372,73.0,,,0.557,77.0,0.4469,57.0,0.3955,74.0,0.5372,85.0,,,0.4512,62.0
2022-07-08,0.2105,22.0,0.356,65.0,0.4464,53.0,,,0.8263,97.0,0.4462,57.0,0.3959,75.0,0.4464,61.0,,,0.8263,100.0
2022-07-07,0.241,28.0,0.3677,67.0,0.8057,97.0,,,0.581,80.0,0.4498,59.0,0.3976,75.0,0.4455,61.0,,,0.471,67.0
2022-07-06,0.2399,28.0,0.3877,71.0,0.6615,89.0,,,1.1254,100.0,0.4481,57.0,0.3971,75.0,0.4053,44.0,,,0.4629,65.0
2022-07-05,0.5572,82.0,0.4579,82.0,0.7393,94.0,,,0.6361,87.0,0.4481,57.0,0.3964,75.0,0.4878,71.0,,,0.3711,31.0
2022-07-01,0.6087,86.0,0.4814,84.0,0.5732,79.0,,,0.6263,86.0,0.4487,59.0,0.3952,74.0,0.4343,57.0,,,0.4956,73.0
2022-06-29,0.6379,87.0,0.5033,86.0,0.4909,64.0,,,0.5185,69.0,0.4485,59.0,0.3941,74.0,0.4909,72.0,,,0.4279,53.0
2022-06-28,0.6695,89.0,0.5244,88.0,0.7304,94.0,,,0.448,53.0,0.4477,57.0,0.3922,73.0,0.508,77.0,,,0.3963,38.0
2022-06-24,0.9944,97.0,0.6943,96.0,0.5054,67.0,,,0.5825,80.0,0.4482,59.0,0.3907,73.0,0.5054,77.0,,,0.5233,79.0
2022-06-22,0.7706,92.0,0.6228,93.0,0.5941,82.0,,,0.5087,67.0,0.4286,51.0,0.3829,69.0,0.4883,72.0,,,0.5087,76.0
2022-06-17,0.6359,87.0,0.6193,93.0,0.8465,98.0,,,0.7063,92.0,0.426,51.0,0.3796,68.0,0.5979,92.0,,,0.5474,84.0
2022-06-16,0.6715,89.0,0.576,91.0,0.9056,99.0,,,0.7007,92.0,0.4249,50.0,0.3766,67.0,0.5617,89.0,,,0.6749,95.0
2022-06-15,0.5338,80.0,0.4011,74.0,0.7454,94.0,,,0.9032,99.0,0.3983,45.0,0.364,65.0,0.599,92.0,,,0.9032,100.0
2022-06-14,0.5166,79.0,0.3289,57.0,1.0783,100.0,,,0.497,65.0,0.3912,44.0,0.36,63.0,0.5806,90.0,,,0.497,73.0
2022-06-13,0.4465,72.0,0.319,55.0,0.5223,70.0,,,0.5327,72.0,0.3909,44.0,0.3609,64.0,0.5703,90.0,,,0.5022,75.0
2022-06-10,0.4532,73.0,0.3286,57.0,0.4435,52.0,,,0.5113,68.0,0.3885,43.0,0.3622,64.0,0.5219,81.0,,,0.5113,76.0
2022-06-09,0.2375,28.0,0.2792,42.0,0.5658,78.0,,,0.5071,67.0,0.3768,38.0,0.361,64.0,0.5689,90.0,,,0.4434,59.0
2022-06-08,0.2109,22.0,0.3032,50.0,0.4063,40.0,,,0.3132,12.0,0.3762,37.0,0.3612,64.0,0.4299,55.0,,,0.3132,6.0
2022-06-07,0.2063,21.0,0.2998,49.0,0.5334,73.0,,,0.4765,60.0,0.3764,37.0,0.3615,64.0,0.4338,56.0,,,0.5582,86.0
2022-06-06,0.4097,67.0,0.54,89.0,0.4719,59.0,,,0.3952,36.0,0.3763,37.0,0.3613,64.0,0.4166,50.0,,,0.3982,39.0
2022-06-03,0.4013,66.0,0.5323,88.0,0.4702,59.0,,,0.3114,11.0,0.3761,37.0,0.3614,64.0,0.439,57.0,,,0.4231,51.0
2022-06-02,0.4108,68.0,0.5499,89.0,0.496,65.0,,,0.3315,17.0,0.3764,37.0,0.362,64.0,0.496,74.0,,,0.5672,87.0
2022-05-31,0.419,69.0,0.5695,91.0,0.6387,87.0,,,0.5609,77.0,0.3778,38.0,0.3628,64.0,0.3745,32.0,,,0.5335,81.0
2022-05-27,0.355,57.0,0.5599,90.0,0.6062,83.0,,,0.4116,42.0,0.3757,37.0,0.3626,64.0,0.3719,31.0,,,0.4116,46.0
2022-05-26,0.3549,57.0,0.5762,91.0,0.4495,53.0,,,0.5307,71.0,0.3762,37.0,0.3636,65.0,0.5124,79.0,,,0.5668,87.0
2022-05-25,0.3094,47.0,0.3616,66.0,0.4391,50.0,,,0.4399,51.0,0.3685,35.0,0.3475,57.0,0.426,53.0,,,0.4551,63.0
2022-05-24,0.3155,49.0,0.363,67.0,0.3656,27.0,,,0.4398,51.0,0.3787,39.0,0.3484,57.0,0.3391,17.0,,,0.3755,33.0
2022-05-23,0.3004,45.0,0.3312,57.0,0.6342,87.0,,,0.6544,89.0,0.3789,39.0,0.3472,57.0,0.4513,63.0,,,0.4953,73.0
2022-05-20,0.3854,64.0,0.3968,73.0,0.5581,77.0,,,0.6027,83.0,0.3847,41.0,0.3487,57.0,0.4349,57.0,,,0.4195,49.0
2022-05-19,0.3963,66.0,0.39,72.0,0.5568,77.0,,,1.0837,100.0,0.3838,40.0,0.3475,57.0,0.3401,18.0,,,0.4024,41.0
2022-05-18,0.3963,66.0,0.3916,72.0,0.4415,51.0,,,0.5079,67.0,0.3838,40.0,0.3473,57.0,0.4872,71.0,,,0.4386,57.0
2022-05-17,0.3968,66.0,0.3687,68.0,0.5305,72.0,,,0.4233,46.0,0.3829,40.0,0.3468,57.0,0.4671,66.0,,,0.4224,51.0
2022-05-16,0.2397,28.0,0.3673,67.0,0.6922,92.0,,,0.671,90.0,0.3831,40.0,0.3482,57.0,0.4522,63.0,,,0.419,49.0
2022-05-13,0.2358,28.0,0.3775,69.0,0.6895,92.0,,,0.7426,94.0,0.3829,40.0,0.3483,57.0,0.4862,71.0,,,0.4056,43.0
2022-05-12,0.2573,33.0,0.3925,73.0,0.6504,88.0,,,1.0319,100.0,0.3829,40.0,0.349,59.0,0.5045,77.0,,,0.4275,53.0
2022-05-11,0.2958,43.0,0.3426,62.0,0.8887,98.0,,,0.5882,81.0,0.3785,39.0,0.3452,57.0,0.5186,80.0,,,0.4426,59.0
2022-05-10,0.2793,38.0,0.3202,55.0,0.818,97.0,,,0.6035,83.0,0.377,38.0,0.3436,56.0,0.4794,69.0,,,0.5065,75.0
2022-05-09,0.2819,39.0,0.3136,53.0,0.7098,93.0,,,0.5819,80.0,0.3788,39.0,0.3432,55.0,0.4088,46.0,,,0.3653,28.0
2022-05-06,0.4015,66.0,0.3568,65.0,0.5309,72.0,,,0.4369,50.0,0.3788,39.0,0.3431,55.0,0.3922,39.0,,,0.3482,21.0
2022-05-05,0.5826,85.0,0.4365,79.0,0.46,56.0,,,0.4876,63.0,0.3783,38.0,0.3436,56.0,0.4454,61.0,,,0.3765,33.0
2022-05-04,0.7737,93.0,0.5883,92.0,0.5673,78.0,,,0.9849,100.0,0.3793,39.0,0.3439,56.0,0.5673,89.0,,,0.4231,51.0
2022-05-03,0.7614,92.0,0.5805,91.0,0.5628,78.0,,,0.934,99.0,0.3802,39.0,0.3431,55.0,0.3525,23.0,,,0.4578,64.0
2022-05-02,0.7162,91.0,0.5764,91.0,0.4136,43.0,,,0.8556,98.0,0.3788,39.0,0.3422,55.0,0.4136,48.0,,,0.4006,40.0
2022-04-29,0.7497,92.0,0.5684,91.0,0.4669,57.0,,,0.6115,84.0,0.3812,40.0,0.3434,55.0,0.4734,68.0,,,0.466,66.0
2022-04-28,0.7696,92.0,0.5619,90.0,0.4739,60.0,,,0.4944,64.0,0.3813,40.0,0.3436,56.0,0.4739,68.0,,,0.4362,57.0
2022-04-27,0.7128,91.0,0.5424,89.0,0.527,71.0,,,0.5987,83.0,0.3767,38.0,0.3424,55.0,0.4568,64.0,,,0.3732,32.0
2022-04-26,0.6334,87.0,0.4755,84.0,0.5058,67.0,,,0.5272,71.0,0.3655,34.0,0.3374,53.0,0.3635,28.0,,,0.411,46.0
2022-04-25,0.3121,48.0,0.2552,32.0,0.5187,70.0,,,0.5479,74.0,0.3451,30.0,0.3255,48.0,0.3634,28.0,,,0.3924,37.0
2022-04-22,0.3172,50.0,0.2559,32.0,0.5543,76.0,,,0.6729,90.0,0.3892,43.0,0.3357,52.0,0.4261,53.0,,,0.376,33.0
2022-04-21,0.2039,20.0,0.2343,22.0,0.6202,85.0,,,0.4067,40.0,0.3882,43.0,0.3354,52.0,0.4107,46.0,,,0.3646,28.0
2022-04-20,0.1934,17.0,0.2387,25.0,0.3413,21.0,,,0.3536,24.0,0.3872,42.0,0.3356,52.0,0.4137,48.0,,,0.3536,23.0
2022-04-19,0.2294,27.0,0.2444,27.0,0.3601,26.0,,,0.5316,72.0,0.3873,42.0,0.3361,52.0,0.3351,15.0,,,0.5316,80.0
2022-04-18,0.1823,15.0,0.2252,19.0,0.4801,61.0,,,0.5348,72.0,0.386,42.0,0.3357,52.0,0.444,60.0,,,0.4174,48.0
2022-04-14,0.2115,22.0,0.2269,19.0,0.556,77.0,,,0.5528,76.0,0.3859,42.0,0.3364,53.0,0.352,23.0,,,0.3992,40.0
2022-04-13,0.2399,28.0,0.2228,18.0,0.5499,76.0,,,0.4175,44.0,0.3857,41.0,0.3358,52.0,0.4014,43.0,,,0.453,63.0
2022-04-12,0.2075,21.0,0.2114,14.0,0.5646,78.0,,,0.4163,44.0,0.3854,41.0,0.3369,53.0,0.4439,60.0,,,0.3837,35.0
2022-04-11,0.1864,16.0,0.2051,11.0,0.4264,47.0,,,0.6068,84.0,0.385,41.0,0.3369,53.0,0.3932,39.0,,,0.4018,41.0
2022-04-08,0.1539,9.0,0.2065,12.0,0.4865,63.0,,,0.5693,78.0,0.3863,42.0,0.3382,53.0,0.413,47.0,,,0.3996,40.0
2022-04-07,0.1546,9.0,0.1911,7.0,0.5298,72.0,,,0.4115,42.0,0.3872,42.0,0.3383,54.0,0.3624,28.0,,,0.4115,46.0
2022-04-06,0.2891,41.0,0.2164,16.0,0.5827,80.0,,,0.4247,46.0,0.3877,43.0,0.339,54.0,0.4574,64.0,,,0.4296,54.0
2022-04-05,0.2855,40.0,0.2284,20.0,0.5887,81.0,,,0.4459,53.0,0.3896,43.0,0.3412,55.0,0.4213,52.0,,,0.4797,69.0
2022-04-04,0.3096,47.0,0.2314,21.0,0.5865,81.0,,,0.5196,69.0,0.3969,45.0,0.3431,55.0,0.3593,27.0,,,0.3598,26.0
2022-04-01,0.332,53.0,0.2622,35.0,0.4786,61.0,,,0.427,47.0,0.3981,45.0,0.3439,56.0,0.4228,52.0,,,0.4634,65.0
2022-03-31,0.3921,65.0,0.268,37.0,0.4883,63.0,,,0.5239,70.0,0.3993,45.0,0.344,56.0,0.4313,55.0,,,0.409,45.0
2022-03-30,0.3599,59.0,0.2568,33.0,0.6947,92.0,,,0.584,81.0,0.3984,45.0,0.3438,56.0,0.4259,53.0,,,0.4141,47.0
2022-03-28,0.3023,45.0,0.2483,28.0,0.6431,87.0,,,0.5506,75.0,0.4062,47.0,0.3468,57.0,0.4149,49.0,,,0.4628,65.0
2022-03-25,0.304,46.0,0.2401,25.0,0.6131,84.0,,,0.4456,53.0,0.406,47.0,0.3464,57.0,0.4399,59.0,,,0.4138,47.0
2022-03-24,0.3036,45.0,0.236,23.0,0.2893,6.0,,,0.4127,43.0,0.4058,47.0,0.3464,57.0,0.3433,19.0,,,0.4127,46.0
2022-03-23,0.2657,35.0,0.2245,18.0,0.4606,56.0,,,0.5842,81.0,0.4051,47.0,0.3457,57.0,0.4264,53.0,,,0.5842,89.0
2022-03-22,0.2604,34.0,0.277,41.0,0.4583,56.0,,,0.377,31.0,0.4041,46.0,0.3465,57.0,0.4205,51.0,,,0.4048,42.0
2022-03-17,0.3154,49.0,0.3534,65.0,0.4122,42.0,,,0.4081,41.0,0.4091,48.0,0.35,59.0,0.3755,32.0,,,0.4081,44.0
2022-03-16,0.3745,62.0,0.3786,70.0,0.4641,57.0,,,0.584,81.0,0.4196,50.0,0.3565,62.0,0.357,26.0,,,0.584,89.0
2022-03-15,0.4855,77.0,0.4072,75.0,0.4347,49.0,,,0.5936,82.0,0.4189,50.0,0.3565,62.0,0.37,30.0,,,0.5936,90.0
2022-03-14,0.4921,77.0,0.3928,73.0,0.3333,19.0,,,0.5752,79.0,0.4185,50.0,0.3556,61.0,0.3265,11.0,,,0.5752,88.0
2022-03-11,0.4169,68.0,0.3531,64.0,0.344,22.0,,,0.6391,87.0,0.4146,49.0,0.3536,60.0,0.4406,59.0,,,0.4872,71.0
2022-03-09,0.4579,74.0,0.3618,66.0,0.5013,66.0,,,0.4272,47.0,0.4124,49.0,0.35,59.0,0.5013,75.0,,,0.3353,14.0
2022-03-08,0.3769,62.0,0.3576,66.0,0.4323,49.0,,,0.6246,86.0,0.4093,48.0,0.3497,59.0,0.4323,56.0,,,0.4172,48.0
2022-03-04,0.3611,59.0,0.3292,57.0,0.4749,60.0,,,0.6719,90.0,0.4055,47.0,0.3468,57.0,0.4749,68.0,,,0.4363,57.0
2022-03-03,0.3622,59.0,0.3312,57.0,0.5461,75.0,,,0.5655,78.0,0.4072,47.0,0.3471,57.0,0.5267,82.0,,,0.5175,78.0
2022-03-01,0.317,49.0,0.3145,54.0,0.4989,66.0,,,0.376,31.0,0.4059,47.0,0.3463,57.0,0.4774,69.0,,,0.5011,74.0
2022-02-28,0.2126,22.0,0.261,34.0,0.3916,36.0,,,0.4887,63.0,0.4025,46.0,0.344,56.0,0.3711,31.0,,,0.4482,61.0
2022-02-25,0.2179,24.0,0.2616,35.0,0.4217,46.0,,,0.6047,83.0,0.4024,46.0,0.3437,56.0,0.3738,32.0,,,0.3675,28.0
2022-02-24,0.1615,10.0,0.247,28.0,0.3286,17.0,,,0.5868,81.0,0.401,46.0,0.343,55.0,0.3939,40.0,,,0.4716,67.0
2022-02-23,0.1563,9.0,0.2131,14.0,0.5129,69.0,,,0.4283,47.0,0.406,47.0,0.343,55.0,0.4351,57.0,,,0.4018,41.0
2022-02-22,0.1511,8.0,0.2307,21.0,0.4563,55.0,,,0.5242,70.0,0.4058,47.0,0.3434,55.0,0.4255,53.0,,,0.4172,48.0
2022-02-15,0.3355,54.0,0.2759,40.0,0.38,32.0,,,0.3929,36.0,0.4073,47.0,0.345,57.0,0.38,34.0,,,0.4425,59.0
2022-02-14,0.4229,69.0,0.3102,52.0,0.3151,13.0,,,0.4277,47.0,0.4075,48.0,0.3449,57.0,0.3404,18.0,,,0.443,59.0
2022-02-11,0.6473,88.0,0.4585,82.0,0.2912,7.0,,,0.3409,20.0,0.4078,48.0,0.3448,56.0,0.2912,3.0,,,0.3409,17.0
2022-02-10,0.6513,88.0,0.4547,82.0,0.5068,67.0,,,0.5002,66.0,0.4078,48.0,0.3441,56.0,0.4281,54.0,,,0.3937,38.0
2022-02-09,0.6251,87.0,0.4454,80.0,0.5047,67.0,,,0.4251,47.0,0.4061,47.0,0.3445,56.0,0.5047,77.0,,,0.4251,52.0
2022-02-08,0.6555,88.0,0.4816,84.0,0.2986,9.0,,,0.5021,66.0,0.4061,47.0,0.3442,56.0,0.2986,4.0,,,0.4335,56.0
2022-02-07,0.6334,87.0,0.4795,84.0,0.5457,75.0,,,0.5733,79.0,0.4032,46.0,0.3423,55.0,0.4731,68.0,,,0.5733,88.0
2022-02-04,0.6658,89.0,0.5124,87.0,0.4599,56.0,,,0.5217,70.0,0.4018,46.0,0.342,55.0,0.4956,74.0,,,0.46,64.0
2022-02-03,0.5773,84.0,0.5434,89.0,0.6649,90.0,,,0.756,95.0,0.3967,45.0,0.3406,54.0,0.4709,67.0,,,0.5015,74.0
2022-02-02,0.4138,68.0,0.4369,80.0,0.7603,95.0,,,0.6628,89.0,0.3834,40.0,0.3312,50.0,0.4263,53.0,,,0.4321,55.0
2022-02-01,0.4514,73.0,0.4697,83.0,0.5776,80.0,,,0.5982,82.0,0.383,40.0,0.3313,50.0,0.5095,78.0,,,0.4345,56.0
2022-01-31,0.4471,72.0,0.4966,85.0,0.8367,97.0,,,0.442,52.0,0.3863,42.0,0.3324,50.0,0.4312,55.0,,,0.4595,64.0
2022-01-28,0.3725,61.0,0.4755,84.0,0.4351,49.0,,,0.8523,98.0,0.3873,42.0,0.3304,49.0,0.4351,57.0,,,0.4498,62.0
2022-01-27,0.3698,61.0,0.4675,83.0,0.7314,94.0,,,0.7426,94.0,0.3876,43.0,0.3296,49.0,0.5596,88.0,,,0.4971,73.0
2022-01-26,0.3491,57.0,0.4328,79.0,0.5057,67.0,,,0.7553,95.0,0.3842,41.0,0.3274,48.0,0.4406,59.0,,,0.4453,60.0
2022-01-25,0.4544,73.0,0.3975,73.0,0.6729,90.0,,,0.7102,93.0,0.3868,42.0,0.3238,46.0,0.4424,60.0,,,0.53,80.0
2022-01-24,0.4342,71.0,0.3819,70.0,0.8294,97.0,,,0.7284,94.0,0.3848,41.0,0.3231,46.0,0.395,40.0,,,0.5028,75.0
2022-01-21,0.4055,67.0,0.3325,59.0,0.4246,46.0,,,0.6446,88.0,0.3838,40.0,0.322,45.0,0.4467,61.0,,,0.4254,52.0
2022-01-20,0.4058,67.0,0.2962,48.0,0.5316,73.0,,,0.4804,61.0,0.3861,42.0,0.3239,47.0,0.4614,65.0,,,0.4671,66.0
2022-01-19,0.3568,57.0,0.2859,44.0,0.442,51.0,,,0.6266,86.0,0.3863,42.0,0.3238,46.0,0.442,59.0,,,0.6266,93.0
2022-01-18,0.4129,68.0,0.3109,52.0,0.7532,95.0,,,0.6113,84.0,0.3841,41.0,0.3235,46.0,0.423,52.0,,,0.4202,50.0
2022-01-14,0.3712,61.0,0.3015,49.0,0.4079,41.0,,,0.5169,69.0,0.3854,41.0,0.3246,47.0,0.4168,50.0,,,0.482,70.0
2022-01-13,0.3129,48.0,0.2651,36.0,0.4727,60.0,,,0.4038,39.0,0.383,40.0,0.3228,46.0,0.4387,57.0,,,0.4038,42.0
2022-01-12,0.3184,50.0,0.265,36.0,0.5434,75.0,,,0.5067,67.0,0.3829,40.0,0.3238,46.0,0.4292,55.0,,,0.4238,52.0
2022-01-11,0.3333,53.0,0.2825,43.0,0.4714,59.0,,,0.5258,71.0,0.3824,40.0,0.3248,47.0,0.4699,67.0,,,0.4311,55.0
2022-01-10,0.3334,53.0,0.2783,42.0,0.5507,76.0,,,0.6256,86.0,0.3839,41.0,0.3254,47.0,0.435,57.0,,,0.4393,57.0
2022-01-07,0.3476,57.0,0.2754,40.0,0.6395,87.0,,,0.5044,66.0,0.3839,41.0,0.3247,47.0,0.3537,24.0,,,0.4142,47.0
2022-01-06,0.2288,26.0,0.2372,24.0,0.3416,21.0,,,0.5386,73.0,0.3788,39.0,0.3224,45.0,0.4015,43.0,,,0.5113,76.0
2022-01-05,0.2488,31.0,0.2456,28.0,0.8509,98.0,,,0.4672,57.0,0.3787,39.0,0.3223,45.0,0.451,63.0,,,0.5197,78.0
2021-12-31,0.2232,25.0,0.2288,20.0,0.4131,42.0,,,0.6187,85.0,0.3804,39.0,0.3217,45.0,0.4408,59.0,,,0.5023,75.0
2021-12-30,0.2419,28.0,0.2354,23.0,0.5415,74.0,,,0.5245,70.0,0.3808,40.0,0.3219,45.0,0.3682,30.0,,,0.4966,73.0
2021-12-29,0.1982,19.0,0.2493,30.0,0.5168,69.0,,,0.4052,40.0,0.3808,40.0,0.3222,45.0,0.4101,46.0,,,0.4008,40.0
2021-12-28,0.1877,16.0,0.2562,32.0,0.4222,46.0,,,0.4515,54.0,0.3818,40.0,0.3224,45.0,0.4607,65.0,,,0.4495,62.0
2021-12-27,0.1824,15.0,0.2731,39.0,0.4411,51.0,,,0.4525,55.0,0.3814,40.0,0.322,45.0,0.4055,44.0,,,0.4525,63.0
2021-12-23,0.1878,16.0,0.3074,51.0,0.4958,65.0,,,0.3749,30.0,0.3807,39.0,0.3216,44.0,0.4749,68.0,,,0.3749,32.0
2021-12-22,0.259,34.0,0.3387,61.0,0.4547,55.0,,,0.4932,64.0,0.3806,39.0,0.3215,44.0,0.4547,64.0,,,0.4097,45.0
2021-12-21,0.2606,34.0,0.3672,67.0,0.5193,70.0,,,0.5084,67.0,0.3843,41.0,0.3245,47.0,0.4186,51.0,,,0.427,53.0
2021-12-20,0.2831,40.0,0.376,69.0,0.4033,39.0,,,0.5795,80.0,0.3836,40.0,0.3242,47.0,0.4115,47.0,,,0.469,67.0
2021-12-17,0.2857,40.0,0.3664,67.0,0.3955,37.0,,,0.4041,39.0,0.3839,41.0,0.3232,46.0,0.3583,26.0,,,0.4416,59.0
2021-12-16,0.2835,40.0,0.3547,65.0,0.4516,54.0,,,0.5083,67.0,0.3839,41.0,0.3224,45.0,0.4564,64.0,,,0.3963,38.0
2021-12-15,0.2801,39.0,0.3539,65.0,0.4238,46.0,,,0.4011,39.0,0.3838,40.0,0.3223,45.0,0.459,65.0,,,0.4074,44.0
2021-12-14,0.2656,35.0,0.3401,61.0,0.4423,51.0,,,0.5599,77.0,0.3844,41.0,0.321,44.0,0.4461,61.0,,,0.4356,57.0
2021-12-13,0.1929,17.0,0.3178,54.0,0.3457,22.0,,,0.3995,38.0,0.3845,41.0,0.3199,43.0,0.4591,65.0,,,0.4172,48.0
2021-12-10,0.228,26.0,0.3167,54.0,0.4814,61.0,,,0.4619,57.0,0.3863,42.0,0.3189,42.0,0.3928,39.0,,,0.4499,62.0
2021-12-09,0.1938,17.0,0.332,59.0,0.39,35.0,,,0.3943,36.0,0.3847,41.0,0.318,41.0,0.4663,66.0,,,0.4798,69.0
2021-12-08,0.2095,22.0,0.3427,62.0,0.4141,43.0,,,0.3966,37.0,0.3844,41.0,0.3174,41.0,0.3683,30.0,,,0.4266,53.0
2021-12-07,0.2099,22.0,0.3451,62.0,0.4805,61.0,,,0.5511,75.0,0.3845,41.0,0.317,41.0,0.4632,65.0,,,0.3992,40.0
2021-12-06,0.4506,73.0,0.3471,63.0,0.5591,77.0,,,0.6558,89.0,0.3843,41.0,0.3159,40.0,0.4679,66.0,,,0.4299,54.0
2021-12-03,0.4543,73.0,0.3404,61.0,0.5957,82.0,,,0.5995,83.0,0.3838,40.0,0.3145,39.0,0.5413,86.0,,,0.3909,37.0
2021-12-02,0.543,81.0,0.3675,67.0,0.4013,38.0,,,0.6493,88.0,0.3848,41.0,0.3144,39.0,0.4472,61.0,,,0.4459,61.0
2021-12-01,0.5215,80.0,0.3637,67.0,0.432,49.0,,,0.445,52.0,0.384,41.0,0.3131,38.0,0.4233,52.0,,,0.3471,20.0
2021-11-30,0.5248,80.0,0.348,63.0,0.6436,87.0,,,0.6762,91.0,0.384,41.0,0.3111,36.0,0.4752,68.0,,,0.4307,55.0
2021-11-29,0.5146,79.0,0.3458,63.0,0.5144,69.0,,,0.4557,55.0,0.3836,40.0,0.3101,35.0,0.462,65.0,,,0.3942,38.0
2021-11-26,0.5641,83.0,0.373,68.0,0.6224,85.0,,,0.3834,33.0,0.3851,41.0,0.3115,36.0,0.5685,90.0,,,0.4435,60.0
2021-11-24,0.394,65.0,0.3602,66.0,0.51,68.0,,,0.5762,79.0,0.3748,37.0,0.3105,36.0,0.4369,57.0,,,0.4583,64.0
2021-11-23,0.3857,64.0,0.364,67.0,0.5354,73.0,,,0.5031,66.0,0.3747,37.0,0.3102,36.0,0.4475,62.0,,,0.3839,35.0
2021-11-22,0.256,33.0,0.3385,61.0,0.4775,61.0,,,0.4393,51.0,0.3694,35.0,0.3088,35.0,0.4516,63.0,,,0.4118,46.0
2021-11-19,0.2737,37.0,0.3222,56.0,0.4679,57.0,,,0.4602,56.0,0.3715,36.0,0.3085,34.0,0.4049,44.0,,,0.3977,39.0
2021-11-18,0.2838,40.0,0.3208,55.0,0.5293,72.0,,,0.4062,40.0,0.3718,36.0,0.3076,33.0,0.4745,68.0,,,0.4199,50.0
2021-11-17,0.2818,39.0,0.302,49.0,0.4824,62.0,,,0.4161,44.0,0.3724,36.0,0.3074,33.0,0.4569,64.0,,,0.3881,36.0
2021-11-16,0.2236,25.0,0.2797,42.0,0.3956,37.0,,,0.5128,68.0,0.3685,35.0,0.3053,32.0,0.4041,43.0,,,0.4428,59.0
2021-11-15,0.3317,53.0,0.2989,49.0,0.4005,38.0,,,0.455,55.0,0.3711,36.0,0.3054,32.0,0.3758,33.0,,,0.3647,28.0
2021-11-12,0.3601,59.0,0.2846,43.0,0.4408,51.0,,,0.4466,53.0,0.372,36.0,0.3049,31.0,0.4998,75.0,,,0.4195,49.0
2021-11-11,0.3443,56.0,0.2841,43.0,0.6237,86.0,,,0.463,57.0,0.3727,36.0,0.305,31.0,0.4438,60.0,,,0.5042,75.0
2021-11-10,0.3809,63.0,0.3177,54.0,0.4784,61.0,,,0.3806,32.0,0.3729,36.0,0.3048,31.0,0.5487,87.0,,,0.4203,50.0
2021-11-09,0.3569,57.0,0.3217,56.0,0.7591,95.0,,,0.4052,40.0,0.3707,36.0,0.3043,31.0,0.5373,85.0,,,0.4578,64.0
2021-11-08,0.3665,60.0,0.3456,63.0,0.5427,74.0,,,0.4239,46.0,0.3695,35.0,0.3041,30.0,0.4889,72.0,,,0.4239,52.0
2021-11-05,0.3718,61.0,0.341,61.0,0.555,77.0,,,0.3949,36.0,0.3708,36.0,0.3043,31.0,0.43,55.0,,,0.4933,72.0
2021-11-04,0.3641,60.0,0.3571,66.0,0.3021,10.0,,,0.4188,45.0,0.3685,35.0,0.3037,30.0,0.4344,57.0,,,0.4202,50.0
2021-11-03,0.7812,93.0,0.4991,85.0,0.477,60.0,,,0.5984,82.0,0.3688,35.0,0.3038,30.0,0.3858,36.0,,,0.4657,66.0
2021-11-02,0.8114,94.0,0.5005,86.0,0.3977,37.0,,,0.519,69.0,0.3704,36.0,0.3042,30.0,0.4128,47.0,,,0.4084,44.0
2021-11-01,0.8299,95.0,0.4783,84.0,0.5418,74.0,,,0.454,55.0,0.3684,35.0,0.302,28.0,0.467,66.0,,,0.4167,48.0
2021-10-29,0.826,94.0,0.4749,84.0,0.4214,46.0,,,0.4762,60.0,0.3684,35.0,0.3014,27.0,0.4538,63.0,,,0.4097,45.0
2021-10-28,0.8489,95.0,0.4621,82.0,0.427,47.0,,,0.5317,72.0,0.3672,35.0,0.3,26.0,0.4433,60.0,,,0.4096,45.0
2021-10-27,0.8267,94.0,0.4623,83.0,0.3351,19.0,,,0.4758,60.0,0.3678,35.0,0.2998,26.0,0.4196,51.0,,,0.465,66.0
2021-10-26,0.822,94.0,0.4318,79.0,0.4387,50.0,,,0.4352,50.0,0.3685,35.0,0.2993,26.0,0.468,67.0,,,0.4456,60.0
2021-10-25,0.2134,23.0,0.2807,42.0,0.5383,74.0,,,0.4968,65.0,0.3206,20.0,0.2893,19.0,0.4445,60.0,,,0.4528,63.0
2021-10-22,0.1883,16.0,0.2707,38.0,0.3929,36.0,,,0.4165,44.0,0.3209,20.0,0.2899,19.0,0.4042,44.0,,,0.3602,26.0
2021-10-21,0.248,31.0,0.2967,48.0,0.3436,22.0,,,0.4643,57.0,0.3207,20.0,0.2926,21.0,0.3976,41.0,,,0.3646,28.0
2021-10-20,0.2699,36.0,0.2922,46.0,0.4229,46.0,,,0.3961,37.0,0.4499,60.0,0.3275,48.0,0.4068,45.0,,,0.4255,52.0
2021-10-19,0.2561,33.0,0.3001,49.0,0.4837,62.0,,,0.5089,67.0,0.4494,59.0,0.3273,48.0,0.3722,31.0,,,0.3412,17.0
2021-10-18,0.3183,50.0,0.3299,57.0,0.4658,57.0,,,0.4016,39.0,0.4509,60.0,0.3281,49.0,0.355,24.0,,,0.3912,37.0
2021-10-15,0.4491,73.0,0.3702,68.0,0.4134,43.0,,,0.4405,51.0,0.4508,60.0,0.3283,49.0,0.348,21.0,,,0.3642,28.0
2021-10-14,0.473,75.0,0.3604,66.0,0.429,48.0,,,0.3939,36.0,0.45,60.0,0.3268,48.0,0.377,33.0,,,0.3808,34.0
2021-10-13,0.4746,75.0,0.3566,65.0,0.4389,50.0,,,0.3336,17.0,0.4511,60.0,0.3274,48.0,0.3859,36.0,,,0.3354,14.0
2021-10-12,0.3894,64.0,0.3316,57.0,0.417,44.0,,,0.4708,59.0,0.45,60.0,0.3274,48.0,0.361,27.0,,,0.369,30.0
2021-10-11,0.447,72.0,0.3649,67.0,0.3885,34.0,,,0.457,56.0,0.4497,59.0,0.3282,49.0,0.3612,27.0,,,0.4027,41.0
2021-10-08,0.5659,83.0,0.3762,69.0,0.3404,21.0,,,0.5603,77.0,0.4496,59.0,0.3269,48.0,0.3687,30.0,,,0.377,33.0
2021-10-07,0.5661,83.0,0.34,61.0,0.4736,60.0,,,0.3446,21.0,0.448,57.0,0.3245,47.0,0.4711,67.0,,,0.4002,40.0
2021-10-06,0.4916,77.0,0.3068,51.0,0.5776,80.0,,,0.5264,71.0,0.4413,55.0,0.3224,45.0,0.4226,52.0,,,0.403,41.0
2021-10-05,0.4625,74.0,0.3006,49.0,0.4889,63.0,,,0.5188,69.0,0.4394,54.0,0.3216,44.0,0.377,33.0,,,0.368,30.0
2021-10-04,0.4636,75.0,0.3206,55.0,0.5917,82.0,,,0.4728,59.0,0.4386,54.0,0.3217,45.0,0.3978,41.0,,,0.3884,36.0
2021-10-01,0.4924,77.0,0.3414,61.0,0.5046,67.0,,,0.4555,55.0,0.4389,54.0,0.3223,45.0,0.381,34.0,,,0.3911,37.0
2021-09-30,0.4015,66.0,0.317,54.0,0.5217,70.0,,,0.5536,76.0,0.4337,52.0,0.3211,44.0,0.4234,52.0,,,0.4078,44.0
2021-09-29,0.3486,57.0,0.3177,54.0,0.4989,66.0,,,0.3998,38.0,0.4308,51.0,0.3195,42.0,0.4161,49.0,,,0.4033,41.0
2021-09-28,0.5704,84.0,0.4287,78.0,0.4626,57.0,,,0.4545,55.0,0.4316,52.0,0.319,42.0,0.4823,70.0,,,0.4431,59.0
2021-09-27,0.5601,83.0,0.4249,78.0,0.4627,57.0,,,0.4375,50.0,0.4318,52.0,0.319,42.0,0.3824,35.0,,,0.4022,41.0
2021-09-24,0.5469,82.0,0.4168,76.0,0.4118,42.0,,,0.4112,42.0,0.4315,52.0,0.3186,42.0,0.3998,42.0,,,0.3973,39.0
2021-09-23,0.5346,80.0,0.4059,75.0,0.319,14.0,,,0.371,28.0,0.431,52.0,0.3179,41.0,0.4296,55.0,,,0.3258,10.0
2021-09-22,0.4923,77.0,0.3861,71.0,0.4636,57.0,,,0.5065,67.0,0.4299,51.0,0.3183,42.0,0.4098,46.0,,,0.3904,36.0
2021-09-21,0.4732,75.0,0.3718,68.0,0.4468,53.0,,,0.3563,24.0,0.4339,52.0,0.3201,43.0,0.4468,61.0,,,0.3495,21.0
2021-09-20,0.4608,74.0,0.348,63.0,0.4505,54.0,,,0.4511,54.0,0.4333,52.0,0.3207,43.0,0.4377,57.0,,,0.4198,50.0
2021-09-17,0.1209,4.0,0.207,12.0,0.3404,21.0,,,0.3369,18.0,0.4225,50.0,0.3152,40.0,0.3198,9.0,,,0.3772,33.0
2021-09-16,0.1283,5.0,0.2118,14.0,0.4198,45.0,,,0.2595,2.0,0.4231,50.0,0.3153,40.0,0.4065,45.0,,,0.3704,31.0
2021-09-15,0.2349,28.0,0.2184,16.0,0.3001,9.0,,,0.3519,23.0,0.4261,51.0,0.3171,41.0,0.3298,13.0,,,0.4041,42.0
2021-09-14,0.222,25.0,0.2105,13.0,0.3164,14.0,,,0.3534,24.0,0.4258,51.0,0.3184,42.0,0.339,17.0,,,0.3901,36.0
2021-09-13,0.2323,27.0,0.221,17.0,0.3959,37.0,,,0.4122,43.0,0.4254,50.0,0.3192,42.0,0.3747,32.0,,,0.3915,37.0
2021-09-10,0.2265,26.0,0.2412,26.0,0.5301,72.0,,,0.3851,33.0,0.4253,50.0,0.3206,43.0,0.4621,65.0,,,0.4532,63.0
2021-09-09,0.2282,26.0,0.233,22.0,0.4529,54.0,,,0.4076,40.0,0.426,51.0,0.3208,43.0,0.4776,69.0,,,0.322,9.0
2021-09-08,0.2253,25.0,0.2211,17.0,0.4871,63.0,,,0.3505,23.0,0.4266,51.0,0.3212,44.0,0.4423,60.0,,,0.3724,31.0
2021-09-07,0.3699,61.0,0.2503,30.0,0.4722,59.0,,,0.6589,89.0,0.4268,51.0,0.322,45.0,0.4152,49.0,,,0.4056,43.0
2021-09-03,0.3043,46.0,0.2548,32.0,0.2765,4.0,,,0.3844,33.0,0.4252,50.0,0.322,45.0,0.3393,17.0,,,0.4714,67.0
2021-09-02,0.2938,42.0,0.2608,34.0,0.3798,32.0,,,0.474,60.0,0.4262,51.0,0.3233,46.0,0.3798,34.0,,,0.4473,61.0
2021-09-01,0.3042,46.0,0.2549,32.0,0.3727,30.0,,,0.2911,7.0,0.4315,52.0,0.3257,48.0,0.3727,31.0,,,0.4463,61.0
2021-08-31,0.3008,45.0,0.2423,26.0,0.4949,65.0,,,0.3164,12.0,0.4363,53.0,0.3265,48.0,0.4607,65.0,,,0.4443,60.0
2021-08-30,0.3124,48.0,0.2902,46.0,0.3634,27.0,,,0.4482,53.0,0.4386,54.0,0.3283,49.0,0.3857,36.0,,,0.4072,43.0
2021-08-27,0.3271,52.0,0.2905,46.0,0.3683,28.0,,,0.4093,41.0,0.4384,54.0,0.3303,49.0,0.3371,16.0,,,0.412,46.0
2021-08-26,0.2388,28.0,0.26,34.0,0.5231,70.0,,,0.3118,11.0,0.4346,52.0,0.3305,50.0,0.3885,37.0,,,0.3739,32.0
2021-08-25,0.2406,28.0,0.2476,28.0,0.2233,1.0,,,0.5351,72.0,0.4355,53.0,0.3306,50.0,0.3861,36.0,,,0.4026,41.0
2021-08-24,0.2405,28.0,0.2664,37.0,0.4112,42.0,,,0.3608,26.0,0.4355,53.0,0.3307,50.0,0.415,49.0,,,0.3855,35.0
2021-08-23,0.2305,27.0,0.2632,35.0,0.4979,65.0,,,0.3977,37.0,0.4352,53.0,0.3311,50.0,0.4387,57.0,,,0.4924,72.0
2021-08-20,0.1998,19.0,0.2531,31.0,0.3164,14.0,,,0.4558,55.0,0.4365,53.0,0.3317,50.0,0.3164,8.0,,,0.4904,72.0
2021-08-19,0.0806,1.0,0.2002,10.0,0.4428,52.0,,,0.3116,11.0,0.4353,53.0,0.3312,50.0,0.4428,60.0,,,0.3867,35.0
2021-08-18,0.147,8.0,0.2105,13.0,0.5081,68.0,,,0.513,68.0,0.435,52.0,0.3336,51.0,0.444,60.0,,,0.4383,57.0
2021-08-17,0.1453,7.0,0.2162,15.0,0.397,37.0,,,0.4077,40.0,0.435,52.0,0.3342,51.0,0.4673,66.0,,,0.5063,75.0
2021-08-16,0.1447,7.0,0.2329,22.0,0.3927,36.0,,,0.4226,46.0,0.4374,53.0,0.3367,53.0,0.3269,11.0,,,0.4353,57.0
2021-08-13,0.2667,36.0,0.2325,22.0,0.4276,47.0,,,0.3176,13.0,0.4374,53.0,0.336,52.0,0.4497,62.0,,,0.4128,46.0
2021-08-12,0.3964,66.0,0.2597,34.0,0.4564,55.0,,,0.2951,8.0,0.4378,54.0,0.3387,54.0,0.4564,64.0,,,0.3661,28.0
2021-08-11,0.3991,66.0,0.2809,42.0,0.5287,72.0,,,0.3451,21.0,0.4376,54.0,0.3394,54.0,0.3901,38.0,,,0.3087,4.0
2021-08-10,0.4001,66.0,0.2992,49.0,0.3499,23.0,,,0.4316,48.0,0.4382,54.0,0.3397,54.0,0.3946,40.0,,,0.3961,38.0
2021-08-09,0.4065,67.0,0.3119,53.0,0.4846,62.0,,,0.3627,26.0,0.4401,55.0,0.3413,55.0,0.4682,67.0,,,0.4337,56.0
2021-08-06,0.4336,71.0,0.3123,53.0,0.4068,40.0,,,0.2872,6.0,0.4396,54.0,0.3418,55.0,0.4068,45.0,,,0.4174,48.0
2021-08-05,0.4594,74.0,0.3355,60.0,0.4183,44.0,,,0.4349,49.0,0.4396,54.0,0.3424,55.0,0.4322,56.0,,,0.4213,50.0
2021-08-04,0.4346,71.0,0.384,71.0,0.5456,75.0,,,0.3603,25.0,0.4395,54.0,0.3428,55.0,0.5478,87.0,,,0.3918,37.0
2021-08-03,0.3914,65.0,0.3872,71.0,0.3269,17.0,,,0.4064,40.0,0.4378,54.0,0.3466,57.0,0.402,43.0,,,0.3943,38.0
2021-08-02,0.3726,62.0,0.3846,71.0,0.3053,11.0,,,0.534,72.0,0.4398,55.0,0.3524,60.0,0.4126,47.0,,,0.3877,36.0
2021-07-30,0.4474,72.0,0.3923,72.0,0.3009,9.0,,,0.4681,57.0,0.4397,55.0,0.3521,60.0,0.4112,47.0,,,0.4159,48.0
2021-07-29,0.3559,57.0,0.3825,70.0,0.3057,11.0,,,0.4755,60.0,0.4372,53.0,0.3531,60.0,0.3707,31.0,,,0.3677,28.0
2021-07-28,0.3559,57.0,0.3913,72.0,0.3698,28.0,,,0.4853,62.0,0.4404,55.0,0.3554,61.0,0.3322,14.0,,,0.3635,27.0
2021-07-27,0.3606,59.0,0.3788,70.0,0.4949,65.0,,,0.419,45.0,0.444,56.0,0.3562,61.0,0.3457,20.0,,,0.4013,40.0
2021-07-26,0.3681,61.0,0.3243,57.0,0.6627,89.0,,,0.6775,91.0,0.4483,59.0,0.3556,61.0,0.4503,62.0,,,0.3741,32.0
2021-07-23,0.2802,39.0,0.3027,50.0,0.5752,79.0,,,0.5556,76.0,0.4477,57.0,0.3597,63.0,0.4579,65.0,,,0.4569,64.0
2021-07-22,0.2658,35.0,0.2888,45.0,0.6477,88.0,,,0.5909,82.0,0.4476,57.0,0.3595,63.0,0.4124,47.0,,,0.3641,28.0
2021-07-21,0.185,15.0,0.2551,32.0,0.568,79.0,,,0.5019,66.0,0.4462,57.0,0.3602,63.0,0.4423,60.0,,,0.4533,63.0
2021-07-20,0.1647,11.0,0.2467,28.0,0.5375,73.0,,,0.5212,70.0,0.4467,57.0,0.3604,63.0,0.3738,32.0,,,0.442,59.0
2021-07-19,0.217,24.0,0.2289,20.0,0.5499,76.0,,,0.5738,79.0,0.4467,57.0,0.3598,63.0,0.4539,63.0,,,0.4752,68.0
2021-07-16,0.2685,36.0,0.2092,13.0,0.586,81.0,,,0.5424,73.0,0.447,57.0,0.3591,63.0,0.5022,76.0,,,0.4565,64.0
2021-07-15,0.2452,30.0,0.1937,8.0,0.5875,81.0,,,0.5284,71.0,0.4459,57.0,0.359,63.0,0.3713,31.0,,,0.4064,43.0
2021-07-14,0.2662,35.0,0.2178,16.0,0.4958,65.0,,,0.5144,68.0,0.4473,57.0,0.3585,62.0,0.419,51.0,,,0.3849,35.0
2021-07-13,0.2883,41.0,0.2381,24.0,0.4766,60.0,,,0.5069,67.0,0.4476,57.0,0.3591,63.0,0.4013,43.0,,,0.4358,57.0
2021-07-12,0.2867,40.0,0.2382,24.0,0.4943,65.0,,,0.5288,71.0,0.449,59.0,0.3595,63.0,0.4518,63.0,,,0.4049,42.0
2021-07-09,0.2709,36.0,0.2378,24.0,0.4479,53.0,,,0.5059,67.0,0.451,60.0,0.3603,63.0,0.4342,57.0,,,0.3932,37.0
2021-07-08,0.1647,11.0,0.2324,21.0,0.4096,41.0,,,0.5221,70.0,0.4509,60.0,0.3609,64.0,0.417,50.0,,,0.4502,62.0
2021-07-07,0.2068,21.0,0.2906,46.0,0.7892,96.0,,,0.4969,65.0,0.4496,59.0,0.3607,64.0,0.4391,57.0,,,0.4071,43.0
2021-07-06,0.2422,28.0,0.2859,44.0,0.4989,66.0,,,0.4359,50.0,0.4491,59.0,0.3607,64.0,0.3937,39.0,,,0.4397,57.0
2021-07-02,0.2814,39.0,0.2698,38.0,0.7332,94.0,,,0.5453,74.0,0.4543,61.0,0.3628,64.0,0.4089,46.0,,,0.3851,35.0
2021-07-01,0.2667,36.0,0.2551,32.0,0.5664,78.0,,,0.5192,69.0,0.4532,61.0,0.363,64.0,0.4032,43.0,,,0.4069,43.0
2021-06-30,0.2743,37.0,0.2789,42.0,0.3825,32.0,,,0.4185,45.0,0.454,61.0,0.365,65.0,0.4208,52.0,,,0.3689,30.0
2021-06-29,0.312,48.0,0.2948,47.0,0.6401,87.0,,,0.3911,35.0,0.4538,61.0,0.3647,65.0,0.4491,62.0,,,0.4255,52.0
2021-06-28,0.358,59.0,0.311,52.0,0.401,38.0,,,0.4792,61.0,0.4538,61.0,0.3649,65.0,0.4275,54.0,,,0.4285,54.0
2021-06-24,0.3144,49.0,0.2663,37.0,0.4206,45.0,,,0.4311,48.0,0.4527,61.0,0.3641,65.0,0.397,41.0,,,0.4182,49.0
2021-06-23,0.2973,44.0,0.2629,35.0,0.3493,23.0,,,0.4802,61.0,0.4525,61.0,0.3643,65.0,0.4564,64.0,,,0.419,49.0
2021-06-22,0.2957,43.0,0.2541,32.0,0.3159,13.0,,,0.4755,60.0,0.4539,61.0,0.3646,65.0,0.4494,62.0,,,0.4053,43.0
2021-06-21,0.2877,41.0,0.2308,21.0,0.4492,53.0,,,0.4144,43.0,0.454,61.0,0.3637,65.0,0.4294,55.0,,,0.4133,47.0
2021-06-18,0.2193,24.0,0.2081,13.0,0.4948,65.0,,,0.4237,46.0,0.4536,61.0,0.3631,64.0,0.4403,59.0,,,0.3936,38.0
2021-06-17,0.2215,24.0,0.1993,10.0,0.4639,57.0,,,0.4918,64.0,0.4518,60.0,0.3633,64.0,0.3778,33.0,,,0.3532,23.0
2021-06-16,0.1458,7.0,0.1855,6.0,0.3295,18.0,,,0.2422,1.0,0.4502,60.0,0.3631,64.0,0.3902,38.0,,,0.404,42.0
2021-06-15,0.128,5.0,0.1825,6.0,0.4279,47.0,,,0.4063,40.0,0.4501,60.0,0.3633,64.0,0.3631,28.0,,,0.3873,36.0
2021-06-14,0.1508,8.0,0.1908,7.0,0.3228,16.0,,,0.3947,36.0,0.4504,60.0,0.3645,65.0,0.4435,60.0,,,0.4087,44.0
2021-06-11,0.1883,16.0,0.242,26.0,0.4056,40.0,,,0.3337,17.0,0.4663,64.0,0.3702,65.0,0.4019,43.0,,,0.4067,43.0
2021-06-10,0.1802,14.0,0.2466,28.0,0.4181,44.0,,,0.2899,7.0,0.4667,64.0,0.3709,66.0,0.3902,38.0,,,0.4047,42.0
2021-06-09,0.1776,14.0,0.2616,35.0,0.4437,52.0,,,0.2939,7.0,0.4671,64.0,0.3712,66.0,0.4163,50.0,,,0.3534,23.0
2021-06-08,0.2127,22.0,0.2711,38.0,0.337,20.0,,,0.3051,10.0,0.467,64.0,0.3717,66.0,0.4115,47.0,,,0.3937,38.0
2021-06-07,0.243,30.0,0.2864,44.0,0.4367,50.0,,,0.3144,12.0,0.4667,64.0,0.3719,66.0,0.4556,64.0,,,0.3979,39.0
2021-06-04,0.2434,30.0,0.2881,45.0,0.326,17.0,,,0.2931,7.0,0.4671,64.0,0.3722,66.0,0.4115,47.0,,,0.3839,35.0
2021-06-03,0.2661,35.0,0.2987,48.0,0.506,67.0,,,0.3173,13.0,0.4695,65.0,0.3732,66.0,0.4084,45.0,,,0.4292,54.0
2021-06-02,0.24,28.0,0.2667,37.0,0.4131,42.0,,,0.4231,46.0,0.4687,64.0,0.3723,66.0,0.4055,44.0,,,0.4006,40.0
2021-06-01,0.2823,39.0,0.2721,39.0,0.3706,28.0,,,0.346,21.0,0.4688,64.0,0.3726,66.0,0.3896,38.0,,,0.4095,45.0
2021-05-28,0.3239,51.0,0.2728,39.0,0.3359,20.0,,,0.3843,33.0,0.4685,64.0,0.373,66.0,0.467,66.0,,,0.3584,25.0
2021-05-27,0.353,57.0,0.2707,38.0,0.3672,28.0,,,0.3248,15.0,0.4763,66.0,0.3754,67.0,0.4032,43.0,,,0.3895,36.0
2021-05-26,0.3166,49.0,0.2515,31.0,0.3604,26.0,,,0.3341,18.0,0.475,65.0,0.3748,67.0,0.4095,46.0,,,0.3994,40.0
2021-05-25,0.2964,43.0,0.2582,33.0,0.3757,31.0,,,0.365,27.0,0.4749,65.0,0.3747,67.0,0.4033,43.0,,,0.4027,41.0
2021-05-24,0.2888,41.0,0.2363,23.0,0.3472,23.0,,,0.4025,39.0,0.4786,67.0,0.377,67.0,0.408,45.0,,,0.4036,42.0
2021-05-21,0.3326,53.0,0.2592,34.0,0.3728,30.0,,,0.4019,39.0,0.4993,70.0,0.3801,68.0,0.4005,42.0,,,0.4203,50.0
2021-05-20,0.2556,33.0,0.2654,36.0,0.5066,67.0,,,0.5504,75.0,0.4983,70.0,0.38,68.0,0.425,53.0,,,0.4154,48.0
2021-05-19,0.2628,35.0,0.2624,35.0,0.3893,35.0,,,0.3598,25.0,0.4973,70.0,0.3798,68.0,0.4134,48.0,,,0.4135,47.0
2021-05-18,0.2648,35.0,0.2684,38.0,0.3289,17.0,,,0.3947,36.0,0.4963,70.0,0.3803,68.0,0.4279,54.0,,,0.4103,45.0
2021-05-17,0.2874,41.0,0.2667,37.0,0.368,28.0,,,0.4042,39.0,0.496,70.0,0.3813,68.0,0.4136,48.0,,,0.413,46.0
2021-05-14,0.2941,43.0,0.2695,38.0,0.3417,21.0,,,0.394,36.0,0.4985,70.0,0.3811,68.0,0.4177,50.0,,,0.4073,44.0
2021-05-13,0.2958,43.0,0.2677,37.0,0.3889,34.0,,,0.4693,59.0,0.5003,70.0,0.3818,68.0,0.4186,51.0,,,0.4127,46.0
2021-05-12,0.2147,23.0,0.2615,34.0,0.4411,51.0,,,0.4088,41.0,0.5012,71.0,0.3835,69.0,0.4072,45.0,,,0.4159,48.0
2021-05-11,0.3507,57.0,0.2843,43.0,0.4699,59.0,,,0.482,61.0,0.5051,71.0,0.3867,71.0,0.417,50.0,,,0.408,44.0
2021-05-10,0.3404,55.0,0.3026,50.0,0.3794,32.0,,,0.3488,22.0,0.5051,71.0,0.3876,71.0,0.4112,47.0,,,0.3934,38.0
2021-05-07,0.3285,52.0,0.3164,54.0,0.3762,31.0,,,0.431,48.0,0.53,76.0,0.3941,74.0,0.4115,47.0,,,0.3993,40.0
2021-05-06,0.3064,46.0,0.3606,66.0,0.4268,47.0,,,0.3982,37.0,0.5299,76.0,0.3944,74.0,0.4072,45.0,,,0.4044,42.0
2021-05-05,1.3875,100.0,0.7187,97.0,0.4153,43.0,,,0.4324,49.0,0.5293,76.0,0.3942,74.0,0.4025,43.0,,,0.3964,38.0
2021-05-04,1.3738,99.0,0.7225,97.0,0.3745,30.0,,,0.4065,40.0,0.5333,77.0,0.3967,75.0,0.4162,49.0,,,0.3996,40.0
2021-05-03,1.3206,99.0,0.7271,97.0,0.4111,42.0,,,0.3998,38.0,0.5326,77.0,0.3963,75.0,0.3996,42.0,,,0.3923,37.0
2021-04-30,1.3408,99.0,0.7138,97.0,0.408,41.0,,,0.3935,36.0,0.5311,77.0,0.3957,75.0,0.4091,46.0,,,0.3925,37.0
2021-04-29,1.3383,99.0,0.7026,97.0,0.3981,38.0,,,0.3898,35.0,0.5312,77.0,0.3944,74.0,0.3988,41.0,,,0.3985,39.0
2021-04-28,1.3387,99.0,0.695,96.0,0.4176,44.0,,,0.4256,47.0,0.5303,76.0,0.3948,74.0,0.4215,52.0,,,0.3894,36.0
2021-04-27,1.3565,99.0,0.6815,96.0,0.5043,67.0,,,0.4203,45.0,0.5324,77.0,0.3932,74.0,0.4058,44.0,,,0.4055,43.0
2021-04-26,0.2672,36.0,0.2973,48.0,0.489,63.0,,,0.5608,77.0,0.4499,60.0,0.3849,70.0,0.4106,46.0,,,0.4241,52.0
2021-04-23,0.2756,38.0,0.2914,46.0,0.4076,40.0,,,0.5243,70.0,0.4626,63.0,0.3881,72.0,0.3876,37.0,,,0.4454,60.0
2021-04-22,0.1908,17.0,0.2603,34.0,0.4836,62.0,,,0.4902,63.0,0.4612,63.0,0.3872,71.0,0.3971,41.0,,,0.329,12.0
2021-04-21,0.1992,19.0,0.2626,35.0,0.4842,62.0,,,0.6256,86.0,0.4627,63.0,0.3873,71.0,0.4275,54.0,,,0.4353,57.0
2021-04-20,0.1879,16.0,0.2641,36.0,0.5844,81.0,,,0.5226,70.0,0.4626,63.0,0.3874,71.0,0.3985,41.0,,,0.414,47.0
2021-04-19,0.1533,9.0,0.2474,28.0,0.4338,49.0,,,0.566,78.0,0.4617,63.0,0.3868,71.0,0.5125,79.0,,,0.4112,46.0
2021-04-16,0.1377,6.0,0.2391,25.0,0.4825,62.0,,,0.4342,49.0,0.4609,63.0,0.386,70.0,0.3812,35.0,,,0.3739,32.0
2021-04-15,0.1948,18.0,0.2266,19.0,0.4186,44.0,,,0.4612,56.0,0.4606,63.0,0.3848,70.0,0.4412,59.0,,,0.493,72.0
2021-04-14,0.1919,17.0,0.2291,20.0,0.4898,63.0,,,0.5465,74.0,0.4614,63.0,0.3862,70.0,0.4096,46.0,,,0.3944,38.0
2021-04-13,0.2291,26.0,0.2284,20.0,0.3765,31.0,,,0.4565,55.0,0.4614,63.0,0.3862,70.0,0.3985,41.0,,,0.404,42.0
2021-04-12,0.2638,35.0,0.2341,22.0,0.5807,80.0,,,0.5437,74.0,0.4616,63.0,0.3863,71.0,0.4605,65.0,,,0.3957,38.0
2021-04-09,0.2731,37.0,0.2378,24.0,0.5833,80.0,,,0.5476,74.0,0.4626,63.0,0.3865,71.0,0.4702,67.0,,,0.4826,70.0
2021-04-08,0.2707,36.0,0.2334,22.0,0.5213,70.0,,,0.4534,55.0,0.4626,63.0,0.3865,71.0,0.3777,33.0,,,0.3886,36.0
2021-04-07,0.3274,52.0,0.2561,32.0,0.6487,88.0,,,0.4454,53.0,0.4628,63.0,0.3859,70.0,0.426,53.0,,,0.3862,35.0
2021-04-06,0.359,59.0,0.3055,51.0,0.5721,79.0,,,0.3622,26.0,0.4616,63.0,0.385,70.0,0.4033,43.0,,,0.3853,35.0
2021-04-05,0.3317,53.0,0.3447,62.0,0.5332,73.0,,,0.493,64.0,0.462,63.0,0.3854,70.0,0.4245,53.0,,,0.4711,67.0
2021-04-01,0.3667,60.0,0.3754,69.0,0.3509,24.0,,,0.434,49.0,0.4632,64.0,0.3858,70.0,0.3573,26.0,,,0.4332,56.0
2021-03-31,0.3936,65.0,0.3733,69.0,0.3965,37.0,,,0.4114,42.0,0.4631,63.0,0.3868,71.0,0.3797,34.0,,,0.42,50.0
2021-03-30,0.451,73.0,0.3895,72.0,0.5106,68.0,,,0.5843,81.0,0.4633,64.0,0.3877,72.0,0.3982,41.0,,,0.4229,51.0
2021-03-29,0.4368,71.0,0.4197,77.0,0.4844,62.0,,,0.3966,37.0,0.4631,63.0,0.3899,73.0,0.4582,65.0,,,0.3814,34.0
2021-03-26,0.4147,68.0,0.4058,75.0,0.5101,68.0,,,0.3878,34.0,0.4618,63.0,0.3888,72.0,0.4469,61.0,,,0.4457,60.0
2021-03-25,0.2567,33.0,0.3724,68.0,0.3768,31.0,,,0.462,57.0,0.4585,62.0,0.3865,71.0,0.3583,26.0,,,0.4335,56.0
2021-03-24,0.184,15.0,0.3432,62.0,0.502,66.0,,,0.5667,78.0,0.4579,62.0,0.3849,70.0,0.435,57.0,,,0.3791,34.0
2021-03-23,0.1839,15.0,0.3248,57.0,0.4573,56.0,,,0.3821,33.0,0.4576,62.0,0.3836,69.0,0.4177,50.0,,,0.4001,40.0
2021-03-22,0.2316,27.0,0.3476,63.0,0.4389,50.0,,,0.3807,32.0,0.4601,63.0,0.3859,70.0,0.401,42.0,,,0.4098,45.0
2021-03-19,0.1878,16.0,0.3292,57.0,0.4144,43.0,,,0.4949,64.0,0.4584,62.0,0.3853,70.0,0.4058,44.0,,,0.431,55.0
2021-03-18,0.2415,28.0,0.3083,52.0,0.4792,61.0,,,0.4724,59.0,0.462,63.0,0.3842,69.0,0.3883,37.0,,,0.4036,42.0
2021-03-17,0.3919,65.0,0.3426,62.0,0.3892,35.0,,,0.4595,56.0,0.4624,63.0,0.3839,69.0,0.3649,28.0,,,0.414,47.0
2021-03-16,0.4994,78.0,0.3624,67.0,0.4778,61.0,,,0.3331,17.0,0.4625,63.0,0.3835,69.0,0.4502,62.0,,,0.3886,36.0
2021-03-15,0.5113,79.0,0.3811,70.0,0.5494,76.0,,,0.4441,52.0,0.4619,63.0,0.3837,69.0,0.4508,63.0,,,0.4387,57.0
2021-03-12,0.4913,77.0,0.3982,74.0,0.5123,68.0,,,0.5769,79.0,0.4613,63.0,0.3831,69.0,0.4012,43.0,,,0.438,57.0
2021-03-11,0.4924,77.0,0.4013,74.0,0.4289,48.0,,,0.5284,71.0,0.4612,63.0,0.3817,68.0,0.4072,45.0,,,0.4359,57.0
2021-03-10,0.524,80.0,0.4048,75.0,0.4881,63.0,,,0.4893,63.0,0.461,63.0,0.3814,68.0,0.4384,57.0,,,0.4427,59.0
2021-03-09,0.5136,79.0,0.3978,74.0,0.5718,79.0,,,0.3879,34.0,0.4601,63.0,0.3807,68.0,0.5026,76.0,,,0.4211,50.0
2021-03-08,0.3735,62.0,0.3656,67.0,0.4057,40.0,,,0.5522,76.0,0.4543,61.0,0.3785,67.0,0.3171,8.0,,,0.4808,69.0
2021-03-05,0.3212,51.0,0.3463,63.0,0.3882,34.0,,,0.4296,48.0,0.4501,60.0,0.3769,67.0,0.3656,28.0,,,0.4413,57.0
2021-03-04,0.2177,24.0,0.336,60.0,0.4667,57.0,,,0.4804,61.0,0.4481,57.0,0.3765,67.0,0.4281,54.0,,,0.3973,39.0
2021-03-03,0.2392,28.0,0.3517,64.0,0.476,60.0,,,0.4113,42.0,0.4486,59.0,0.3748,67.0,0.4411,59.0,,,0.4601,64.0
2021-03-02,0.2361,28.0,0.3332,59.0,0.4408,51.0,,,0.4429,52.0,0.4481,57.0,0.3732,66.0,0.4462,61.0,,,0.3776,33.0
2021-03-01,0.3005,45.0,0.3659,67.0,0.4764,60.0,,,0.4059,40.0,0.4477,57.0,0.3741,67.0,0.3939,40.0,,,0.3645,28.0
2021-02-26,0.2993,44.0,0.3656,67.0,0.4982,65.0,,,0.3995,38.0,0.4478,57.0,0.3736,67.0,0.4008,42.0,,,0.3872,36.0
2021-02-25,0.2944,43.0,0.398,74.0,0.6059,83.0,,,0.3403,20.0,0.4487,59.0,0.3737,67.0,0.4295,55.0,,,0.3444,19.0
2021-02-24,0.1746,13.0,0.3933,73.0,0.4499,53.0,,,0.2742,4.0,0.4475,57.0,0.3729,66.0,0.3595,27.0,,,0.4109,46.0
2021-02-23,0.2286,26.0,0.3821,70.0,0.4505,54.0,,,0.4658,57.0,0.4483,59.0,0.3727,66.0,0.3958,40.0,,,0.3235,9.0
2021-02-22,0.3355,54.0,0.3692,68.0,0.414,43.0,,,0.4408,51.0,0.4481,57.0,0.3702,65.0,0.4197,51.0,,,0.4679,66.0
2021-02-19,0.3277,52.0,0.3707,68.0,0.4187,44.0,,,0.474,60.0,0.4495,59.0,0.3707,66.0,0.4723,68.0,,,0.4913,72.0
2021-02-18,0.2526,32.0,0.3499,64.0,0.4693,59.0,,,0.3846,33.0,0.4474,57.0,0.3687,65.0,0.4354,57.0,,,0.4545,63.0
2021-02-17,0.3309,53.0,0.3692,68.0,0.4085,41.0,,,0.5455,74.0,0.4472,57.0,0.3685,65.0,0.3885,37.0,,,0.4433,59.0
2021-02-16,0.3829,63.0,0.4052,75.0,0.4204,45.0,,,0.4595,56.0,0.4468,57.0,0.3663,65.0,0.417,50.0,,,0.3531,23.0
2021-02-12,0.4503,73.0,0.4891,85.0,0.4604,56.0,,,0.4169,44.0,0.4468,57.0,0.3658,65.0,0.4516,63.0,,,0.4191,49.0
2021-02-11,0.4427,72.0,0.4921,85.0,0.5559,77.0,,,0.4647,57.0,0.4464,57.0,0.3654,65.0,0.5395,85.0,,,0.4439,60.0
2021-02-10,0.3977,66.0,0.4919,85.0,0.4883,63.0,,,0.7293,94.0,0.4442,56.0,0.3639,65.0,0.4732,68.0,,,0.4618,65.0
2021-02-09,0.4478,73.0,0.5153,87.0,0.4247,46.0,,,0.4005,38.0,0.4455,57.0,0.3635,65.0,0.4247,53.0,,,0.4721,67.0
2021-02-08,0.5443,81.0,0.5325,88.0,0.7269,93.0,,,0.9055,99.0,0.4456,57.0,0.3624,64.0,0.4822,70.0,,,0.4997,74.0
2021-02-05,0.5919,85.0,0.5524,90.0,0.5181,69.0,,,0.4443,52.0,0.443,56.0,0.3612,64.0,0.5847,91.0,,,0.4443,60.0
2021-02-04,0.5789,84.0,0.5602,90.0,0.5437,75.0,,,0.7373,94.0,0.44,55.0,0.357,62.0,0.5963,92.0,,,0.4785,69.0
2021-02-03,0.54,81.0,0.4862,85.0,0.7518,95.0,,,0.8407,98.0,0.4391,54.0,0.3518,59.0,0.5201,81.0,,,0.5068,75.0
2021-02-02,0.5598,83.0,0.5007,86.0,0.7234,93.0,,,0.5144,68.0,0.4391,54.0,0.3514,59.0,0.412,47.0,,,0.4049,42.0
2021-02-01,0.5633,83.0,0.4895,85.0,0.4502,54.0,,,0.7512,95.0,0.4397,55.0,0.3502,59.0,0.5196,81.0,,,0.4954,73.0
2021-01-29,0.4692,75.0,0.4571,82.0,0.5517,76.0,,,0.5361,72.0,0.4361,53.0,0.3478,57.0,0.4745,68.0,,,0.4309,55.0
2021-01-28,0.4343,71.0,0.4254,78.0,0.5289,72.0,,,0.6394,88.0,0.4323,52.0,0.3466,57.0,0.4304,55.0,,,0.4342,56.0
2021-01-27,0.292,42.0,0.3781,70.0,0.5563,77.0,,,0.7734,96.0,0.4268,51.0,0.3446,56.0,0.4175,50.0,,,0.4988,74.0
2021-01-26,0.2963,43.0,0.275,40.0,0.6734,90.0,,,0.573,79.0,0.4265,51.0,0.3396,54.0,0.4527,63.0,,,0.3729,32.0
2021-01-25,0.3084,47.0,0.2805,42.0,0.5856,81.0,,,0.6701,90.0,0.4329,52.0,0.3425,55.0,0.3739,32.0,,,0.4705,67.0
2021-01-22,0.3006,45.0,0.2489,28.0,0.5685,79.0,,,0.6443,88.0,0.5236,75.0,0.3704,66.0,0.3915,39.0,,,0.4751,68.0
2021-01-21,0.3368,54.0,0.243,27.0,0.6017,83.0,,,0.5646,78.0,0.523,75.0,0.3697,65.0,0.4006,42.0,,,0.421,50.0
2021-01-20,0.3562,57.0,0.246,28.0,0.5901,81.0,,,0.4477,53.0,0.5246,75.0,0.3707,66.0,0.4274,54.0,,,0.4878,71.0
2021-01-19,0.3569,57.0,0.2532,31.0,0.6132,84.0,,,0.5207,70.0,0.5246,75.0,0.3709,66.0,0.4799,70.0,,,0.4456,60.0
2021-01-15,0.3361,54.0,0.2547,32.0,0.6216,85.0,,,0.4734,59.0,0.525,76.0,0.3719,66.0,0.5015,76.0,,,0.4295,54.0
2021-01-14,0.4574,74.0,0.312,53.0,0.5361,73.0,,,0.4597,56.0,0.5415,79.0,0.3771,67.0,0.4244,53.0,,,0.4425,59.0
2021-01-13,0.4631,74.0,0.3264,57.0,0.5827,80.0,,,0.4071,40.0,0.5425,79.0,0.3768,67.0,0.447,61.0,,,0.4071,43.0
2021-01-12,0.4473,72.0,0.349,64.0,0.4869,63.0,,,0.4696,59.0,0.5417,79.0,0.3771,67.0,0.3898,38.0,,,0.4673,66.0
2021-01-11,0.42,69.0,0.3367,60.0,0.5499,76.0,,,0.5202,70.0,0.5402,79.0,0.377,67.0,0.4194,51.0,,,0.4146,47.0
2021-01-08,0.399,66.0,0.3324,59.0,0.5489,76.0,,,0.4161,44.0,0.5414,79.0,0.3781,67.0,0.4958,74.0,,,0.4193,49.0
2021-01-07,0.4437,72.0,0.3512,64.0,0.409,41.0,,,0.3883,34.0,0.5407,79.0,0.3778,67.0,0.4766,69.0,,,0.4132,47.0
2021-01-06,0.4452,72.0,0.3531,64.0,0.6049,83.0,,,0.514,68.0,0.5419,79.0,0.3805,68.0,0.401,42.0,,,0.4476,61.0
2021-01-05,0.2666,36.0,0.297,48.0,0.4701,59.0,,,0.5231,70.0,0.5367,78.0,0.3778,67.0,0.3812,35.0,,,0.4279,53.0
2021-01-04,0.2991,44.0,0.2922,46.0,0.5397,74.0,,,0.5247,70.0,0.5411,79.0,0.3802,68.0,0.4684,67.0,,,0.4521,62.0
2020-12-31,0.2826,39.0,0.2569,33.0,0.4656,57.0,,,0.4293,48.0,0.5439,80.0,0.3818,68.0,0.4862,71.0,,,0.4028,41.0
2020-12-30,0.2936,42.0,0.2556,32.0,0.5156,69.0,,,0.429,48.0,0.5513,82.0,0.3841,69.0,0.4484,62.0,,,0.4268,53.0
2020-12-29,0.3073,47.0,0.2771,41.0,0.4357,50.0,,,0.4311,48.0,0.5512,82.0,0.3847,70.0,0.4232,52.0,,,0.3125,5.0
2020-12-28,0.2363,28.0,0.2496,30.0,0.4258,47.0,,,0.4028,39.0,0.5494,82.0,0.3845,70.0,0.403,43.0,,,0.4174,48.0
2020-12-24,0.2336,27.0,0.247,28.0,0.5086,68.0,,,0.4263,47.0,0.5534,83.0,0.387,71.0,0.5172,80.0,,,0.511,76.0
2020-12-23,0.2456,30.0,0.2765,41.0,0.5014,66.0,,,0.4594,56.0,0.5537,83.0,0.3872,71.0,0.4757,69.0,,,0.498,74.0
2020-12-22,0.5171,79.0,0.3721,68.0,0.488,63.0,,,0.4418,52.0,0.5536,83.0,0.3873,71.0,0.5275,82.0,,,0.499,74.0
2020-12-21,0.5432,81.0,0.3835,71.0,0.4558,55.0,,,0.4814,61.0,0.5536,83.0,0.388,72.0,0.4396,59.0,,,0.473,68.0
2020-12-18,0.5427,81.0,0.3858,71.0,0.4698,59.0,,,0.4403,51.0,0.5533,83.0,0.3882,72.0,0.5443,86.0,,,0.5384,82.0
2020-12-17,0.5193,80.0,0.3859,71.0,0.3922,36.0,,,0.4459,53.0,0.5568,84.0,0.3881,72.0,0.4139,48.0,,,0.3886,36.0
2020-12-16,0.5386,81.0,0.3869,71.0,0.5039,66.0,,,0.4676,57.0,0.5568,84.0,0.3876,71.0,0.4237,52.0,,,0.4254,52.0
2020-12-15,0.5367,81.0,0.386,71.0,0.4918,64.0,,,0.4308,48.0,0.5573,84.0,0.3885,72.0,0.4262,53.0,,,0.3906,37.0
2020-12-14,0.5952,85.0,0.3867,71.0,0.4011,38.0,,,0.4462,53.0,0.557,84.0,0.388,72.0,0.4422,60.0,,,0.3756,33.0
2020-12-11,0.2919,42.0,0.2924,46.0,0.4309,48.0,,,0.5166,69.0,0.5446,80.0,0.3829,69.0,0.3665,28.0,,,0.3678,28.0
2020-12-10,0.285,40.0,0.289,45.0,0.7216,93.0,,,0.4104,42.0,0.5452,80.0,0.3829,69.0,0.4494,62.0,,,0.359,26.0
2020-12-09,0.2629,35.0,0.304,50.0,0.3979,37.0,,,0.4141,43.0,0.5451,80.0,0.3834,69.0,0.4209,52.0,,,0.4238,52.0
2020-12-08,0.4781,76.0,0.3483,63.0,0.4182,44.0,,,0.3826,33.0,0.5448,80.0,0.3842,69.0,0.3905,38.0,,,0.3833,34.0
2020-12-07,0.4725,75.0,0.3451,62.0,0.3128,13.0,,,0.4089,41.0,0.5455,80.0,0.3886,72.0,0.4916,73.0,,,0.3849,35.0
2020-12-04,0.4701,75.0,0.3418,62.0,0.3483,23.0,,,0.3886,34.0,0.5527,82.0,0.3907,73.0,0.3483,21.0,,,0.4078,44.0
2020-12-03,0.5047,78.0,0.3735,69.0,0.6388,87.0,,,0.4329,49.0,0.5541,83.0,0.3916,73.0,0.4132,48.0,,,0.3492,21.0
2020-12-02,0.7981,93.0,0.4181,77.0,0.6128,84.0,,,0.4496,54.0,0.5541,83.0,0.391,73.0,0.3408,18.0,,,0.3642,28.0
2020-12-01,0.8144,94.0,0.4065,75.0,0.6585,89.0,,,0.4441,52.0,0.5557,83.0,0.3903,73.0,0.3966,40.0,,,0.4062,43.0
2020-11-30,0.8144,94.0,0.4065,75.0,0.4094,41.0,,,0.6084,84.0,0.5557,83.0,0.3903,73.0,0.4094,46.0,,,0.5514,85.0
2020-11-24,0.6647,89.0,0.3467,63.0,0.4296,48.0,,,0.387,34.0,0.5474,81.0,0.3862,70.0,0.4296,55.0,,,0.3998,40.0
2020-11-23,0.3923,65.0,0.3369,60.0,0.3622,26.0,,,0.494,64.0,0.5285,76.0,0.383,69.0,0.4203,51.0,,,0.494,72.0
2020-11-20,0.4729,75.0,0.4027,74.0,0.4329,49.0,,,0.2982,8.0,0.5307,77.0,0.3849,70.0,0.4047,44.0,,,0.4567,64.0
2020-11-19,0.5078,79.0,0.4187,77.0,0.3726,30.0,,,0.3672,28.0,0.5366,78.0,0.3864,71.0,0.4119,47.0,,,0.4024,41.0
2020-11-18,0.8553,95.0,0.5119,87.0,0.4037,39.0,,,0.3218,14.0,0.5373,78.0,0.3856,70.0,0.4037,43.0,,,0.3941,38.0
2020-11-17,0.8553,95.0,0.5119,87.0,0.4284,48.0,,,0.4674,57.0,0.5373,78.0,0.3856,70.0,0.3771,33.0,,,0.4096,45.0
2020-11-16,0.8459,95.0,0.5009,86.0,0.5288,72.0,,,0.3629,26.0,0.5372,78.0,0.3844,69.0,0.4313,55.0,,,0.3629,27.0
2020-11-15,0.8382,95.0,0.5026,86.0,0.3896,35.0,,,0.4534,55.0,0.5347,78.0,0.3843,69.0,0.3492,22.0,,,0.4628,65.0
2020-11-14,0.8382,95.0,0.5026,86.0,0.3876,34.0,,,0.4511,54.0,0.5347,78.0,0.3843,69.0,0.3483,21.0,,,0.4616,65.0
2020-11-13,0.8382,95.0,0.5026,86.0,0.5635,78.0,,,0.4083,41.0,0.5347,78.0,0.3843,69.0,0.4215,52.0,,,0.4079,44.0
2020-11-12,0.9043,96.0,0.5262,88.0,0.4554,55.0,,,0.4009,38.0,0.5332,77.0,0.3842,69.0,0.44,59.0,,,0.4009,40.0
2020-11-11,0.8772,96.0,0.4949,85.0,0.3654,27.0,,,0.3293,16.0,0.5319,77.0,0.3832,69.0,0.444,60.0,,,0.3293,12.0
2020-11-10,0.7842,93.0,0.4538,81.0,0.3884,34.0,,,0.638,87.0,0.5338,77.0,0.3807,68.0,0.3912,38.0,,,0.4338,56.0
2020-11-09,0.7925,93.0,0.4303,79.0,0.3013,10.0,,,0.6515,89.0,0.5325,77.0,0.3802,68.0,0.4293,55.0,,,0.4012,40.0
2020-11-06,0.3597,59.0,0.3312,57.0,0.4126,42.0,,,0.4353,50.0,0.5048,71.0,0.3729,66.0,0.4132,48.0,,,0.4008,40.0
2020-11-05,0.41,67.0,0.3367,60.0,0.4636,57.0,,,0.3929,36.0,0.5054,71.0,0.3727,66.0,0.4368,57.0,,,0.4182,49.0
2020-11-04,0.6417,88.0,0.623,93.0,0.355,25.0,,,0.3942,36.0,0.5054,71.0,0.3727,66.0,0.406,44.0,,,0.401,40.0
2020-11-03,0.7164,91.0,0.635,94.0,0.4199,45.0,,,0.5632,77.0,0.5018,71.0,0.3703,65.0,0.3914,39.0,,,0.4134,47.0
2020-11-02,0.685,90.0,0.6342,94.0,0.5544,76.0,,,0.3944,36.0,0.5008,70.0,0.3698,65.0,0.4244,53.0,,,0.3975,39.0
2020-10-30,0.7244,91.0,0.6271,94.0,0.4198,45.0,,,0.5994,83.0,0.5007,70.0,0.3695,65.0,0.4307,55.0,,,0.386,35.0
2020-10-29,0.7208,91.0,0.63,94.0,0.3692,28.0,,,0.4257,47.0,0.5014,71.0,0.3704,66.0,0.3692,30.0,,,0.4096,45.0
2020-10-28,0.6868,90.0,0.6095,93.0,0.296,8.0,,,0.3848,33.0,0.5017,71.0,0.3734,67.0,0.3996,42.0,,,0.4301,55.0
2020-10-27,0.694,90.0,0.6041,93.0,0.5316,73.0,,,0.589,81.0,0.5004,70.0,0.3733,66.0,0.4304,55.0,,,0.419,49.0
2020-10-26,0.5059,78.0,0.2947,47.0,0.6487,88.0,,,0.5961,82.0,0.4852,69.0,0.356,61.0,0.4484,62.0,,,0.4108,46.0
2020-10-23,0.2065,21.0,0.2416,26.0,0.7032,92.0,,,0.5974,82.0,0.4739,65.0,0.3528,60.0,0.4089,46.0,,,0.4399,57.0
2020-10-22,0.2058,21.0,0.2341,22.0,0.6008,83.0,,,0.4951,64.0,0.4753,65.0,0.3531,60.0,0.4331,56.0,,,0.4563,64.0
2020-10-21,0.166,11.0,0.2346,22.0,0.5413,74.0,,,0.4786,61.0,0.4744,65.0,0.3527,60.0,0.4209,52.0,,,0.4399,57.0
2020-10-20,0.204,20.0,0.2404,25.0,0.492,64.0,,,0.4868,63.0,0.4767,66.0,0.3535,60.0,0.4153,49.0,,,0.3921,37.0
2020-10-19,0.193,17.0,0.2388,25.0,0.4454,52.0,,,0.4046,39.0,0.4768,66.0,0.3537,60.0,0.3806,34.0,,,0.3688,30.0
2020-10-16,0.1934,17.0,0.2354,23.0,0.4221,46.0,,,0.4917,64.0,0.4772,66.0,0.3547,61.0,0.4247,53.0,,,0.4169,48.0
2020-10-15,0.1892,16.0,0.2356,23.0,0.4702,59.0,,,0.4781,60.0,0.4772,66.0,0.3554,61.0,0.3892,37.0,,,0.4461,61.0
2020-10-14,0.1791,14.0,0.2026,11.0,0.4674,57.0,,,0.4293,48.0,0.4764,66.0,0.3551,61.0,0.3721,31.0,,,0.4293,54.0
2020-10-13,0.2087,22.0,0.2145,15.0,0.618,85.0,,,0.4623,57.0,0.4763,66.0,0.3566,62.0,0.3936,39.0,,,0.3998,40.0
2020-10-12,0.1353,6.0,0.2472,28.0,0.5787,80.0,,,0.4196,45.0,0.477,66.0,0.3567,62.0,0.3917,39.0,,,0.4347,56.0
2020-10-09,0.2343,28.0,0.2688,38.0,0.485,62.0,,,0.4191,45.0,0.4763,66.0,0.3586,63.0,0.3949,40.0,,,0.4041,42.0
2020-10-08,0.2621,34.0,0.3198,55.0,0.3697,28.0,,,0.4107,42.0,0.4785,67.0,0.3592,63.0,0.3921,39.0,,,0.4258,53.0
2020-10-07,0.2807,39.0,0.3249,57.0,0.431,48.0,,,0.4605,56.0,0.4778,67.0,0.3596,63.0,0.4076,45.0,,,0.418,49.0
2020-10-06,0.2976,44.0,0.3377,60.0,0.4975,65.0,,,0.447,53.0,0.4779,67.0,0.3598,63.0,0.3714,31.0,,,0.4084,44.0
2020-10-05,0.291,42.0,0.3348,60.0,0.4126,42.0,,,0.4434,52.0,0.478,67.0,0.3607,64.0,0.4297,55.0,,,0.3937,38.0
2020-10-02,0.2425,30.0,0.3336,59.0,0.3481,23.0,,,0.4853,62.0,0.479,67.0,0.3633,64.0,0.3681,30.0,,,0.4936,72.0
2020-10-01,0.3002,45.0,0.3573,66.0,0.4404,51.0,,,0.5227,70.0,0.478,67.0,0.3629,64.0,0.4404,59.0,,,0.4436,60.0
2020-09-30,0.3127,48.0,0.3459,63.0,0.5952,82.0,,,0.5467,74.0,0.4797,68.0,0.3628,64.0,0.4344,57.0,,,0.4328,56.0
2020-09-29,0.371,61.0,0.3135,53.0,0.604,83.0,,,0.51,67.0,0.4796,68.0,0.363,64.0,0.4265,54.0,,,0.423,51.0
2020-09-28,0.4112,68.0,0.3127,53.0,0.3848,33.0,,,0.4808,61.0,0.4798,68.0,0.3651,65.0,0.3832,35.0,,,0.4379,57.0
2020-09-25,0.3562,57.0,0.3119,53.0,0.5495,76.0,,,0.4307,48.0,0.4787,67.0,0.372,66.0,0.4107,46.0,,,0.3725,31.0
2020-09-24,0.3551,57.0,0.3185,55.0,0.3743,30.0,,,0.3867,34.0,0.479,67.0,0.3732,66.0,0.3928,39.0,,,0.4084,44.0
2020-09-23,0.3451,56.0,0.3138,53.0,0.4282,48.0,,,0.4992,65.0,0.4792,67.0,0.3743,67.0,0.4701,67.0,,,0.4233,51.0
2020-09-22,0.313,48.0,0.2527,31.0,0.4287,48.0,,,0.4284,48.0,0.477,66.0,0.3723,66.0,0.44,59.0,,,0.4174,48.0
2020-09-21,0.2905,41.0,0.2347,22.0,0.6285,86.0,,,0.4659,57.0,0.4762,66.0,0.3723,66.0,0.4925,73.0,,,0.5527,85.0
2020-09-18,0.1532,9.0,0.216,15.0,0.4391,50.0,,,0.5135,68.0,0.4733,65.0,0.3732,66.0,0.4774,69.0,,,0.4175,48.0
2020-09-17,0.0975,2.0,0.2107,13.0,0.6307,86.0,,,0.3291,16.0,0.4727,65.0,0.3805,68.0,0.4545,64.0,,,0.4271,53.0
2020-09-16,0.1198,4.0,0.206,12.0,0.4871,63.0,,,0.3754,30.0,0.4728,65.0,0.3821,68.0,0.413,47.0,,,0.3696,30.0
2020-09-15,0.1173,4.0,0.2198,17.0,0.3227,16.0,,,0.3768,31.0,0.4884,69.0,0.3906,73.0,0.4501,62.0,,,0.4353,57.0
2020-09-14,0.1302,5.0,0.2192,17.0,0.307,11.0,,,0.3473,22.0,0.4885,69.0,0.3939,74.0,0.4149,49.0,,,0.4141,47.0
2020-09-11,0.1207,4.0,0.2169,16.0,0.3436,22.0,,,0.3578,25.0,0.4899,69.0,0.4044,76.0,0.4619,65.0,,,0.4573,64.0
2020-09-10,0.1256,4.0,0.2566,33.0,0.4636,57.0,,,0.5537,76.0,0.5069,71.0,0.4141,79.0,0.4894,72.0,,,0.4925,72.0
2020-09-09,0.1256,4.0,0.2531,31.0,0.4638,57.0,,,0.3539,24.0,0.5091,72.0,0.4163,79.0,0.4171,50.0,,,0.4153,47.0
2020-09-08,0.2139,23.0,0.2648,36.0,0.6154,85.0,,,0.5232,70.0,0.5199,75.0,0.421,80.0,0.4288,54.0,,,0.4721,67.0
2020-09-04,0.2404,28.0,0.2588,33.0,0.8723,98.0,,,0.3998,38.0,0.541,79.0,0.4282,81.0,0.4152,49.0,,,0.4655,66.0
2020-09-03,0.2548,33.0,0.2497,30.0,0.7,92.0,,,0.4744,60.0,0.5428,79.0,0.4283,81.0,0.4944,73.0,,,0.3983,39.0
2020-09-02,0.2388,28.0,0.249,28.0,0.7674,95.0,,,0.5835,81.0,0.543,79.0,0.4294,81.0,0.4874,71.0,,,0.4671,66.0
2020-09-01,0.2937,42.0,0.2796,42.0,0.5622,78.0,,,0.5543,76.0,0.55,82.0,0.4342,82.0,0.437,57.0,,,0.3937,38.0
2020-08-31,0.2832,40.0,0.253,31.0,0.5906,81.0,,,0.4394,51.0,0.5499,82.0,0.4341,82.0,0.446,61.0,,,0.4166,48.0
2020-08-28,0.2716,37.0,0.2568,33.0,0.3843,33.0,,,0.4442,52.0,0.5527,82.0,0.4346,82.0,0.4387,57.0,,,0.4445,60.0
2020-08-27,0.2572,33.0,0.2467,28.0,0.3975,37.0,,,0.4069,40.0,0.5549,83.0,0.4354,82.0,0.3658,28.0,,,0.4476,61.0
2020-08-26,0.2372,28.0,0.2472,28.0,0.3993,38.0,,,0.3216,14.0,0.555,83.0,0.4373,82.0,0.4459,61.0,,,0.4238,52.0
2020-08-25,0.2082,21.0,0.2263,19.0,0.5504,76.0,,,0.4401,51.0,0.5547,83.0,0.4372,82.0,0.4403,59.0,,,0.4149,47.0
2020-08-24,0.2083,21.0,0.2347,22.0,0.429,48.0,,,0.5553,76.0,0.5549,83.0,0.4398,83.0,0.4647,66.0,,,0.3984,39.0
2020-08-21,0.155,9.0,0.2078,12.0,0.4169,44.0,,,0.444,52.0,0.5533,83.0,0.4406,83.0,0.4169,50.0,,,0.4343,56.0
2020-08-20,0.1736,13.0,0.2009,10.0,0.5077,67.0,,,0.4371,50.0,0.5539,83.0,0.4406,83.0,0.4384,57.0,,,0.4785,69.0
2020-08-19,0.1788,14.0,0.206,12.0,0.4808,61.0,,,0.4767,60.0,0.5592,84.0,0.4427,83.0,0.4856,71.0,,,0.4301,55.0
2020-08-18,0.1935,17.0,0.2155,15.0,0.5879,81.0,,,0.3845,33.0,0.56,84.0,0.4433,84.0,0.4424,60.0,,,0.4672,66.0
2020-08-17,0.2495,31.0,0.2483,28.0,0.5868,81.0,,,0.4933,64.0,0.56,84.0,0.4433,84.0,0.3786,34.0,,,0.4944,73.0
2020-08-14,0.2487,31.0,0.2531,31.0,0.4738,60.0,,,0.434,49.0,0.5601,84.0,0.4433,84.0,0.4443,60.0,,,0.435,57.0
2020-08-13,0.2761,38.0,0.2629,35.0,0.6482,88.0,,,0.5974,82.0,0.5601,84.0,0.4428,83.0,0.4559,64.0,,,0.4348,56.0
2020-08-12,0.2171,24.0,0.2603,34.0,0.624,86.0,,,0.558,77.0,0.5597,84.0,0.4426,83.0,0.4211,52.0,,,0.432,55.0
2020-08-11,0.226,26.0,0.2911,46.0,0.6618,89.0,,,0.4929,64.0,0.5596,84.0,0.4426,83.0,0.4331,56.0,,,0.4197,50.0
2020-08-10,0.262,34.0,0.3114,53.0,0.6205,85.0,,,0.5175,69.0,0.5598,84.0,0.4425,83.0,0.4327,56.0,,,0.4242,52.0
2020-08-07,0.31,47.0,0.3131,53.0,0.5728,79.0,,,0.4936,64.0,0.5602,84.0,0.4423,83.0,0.4158,49.0,,,0.373,32.0
2020-08-06,0.3676,61.0,0.3492,64.0,0.5001,66.0,,,0.5678,78.0,0.5598,84.0,0.4419,83.0,0.4151,49.0,,,0.4608,65.0
2020-08-05,1.3801,99.0,0.7024,97.0,0.5563,77.0,,,0.5438,74.0,0.5615,85.0,0.4432,84.0,0.4341,57.0,,,0.5123,77.0
2020-08-04,1.3834,99.0,0.6986,96.0,0.5468,75.0,,,0.5085,67.0,0.5606,85.0,0.4446,84.0,0.4685,67.0,,,0.425,52.0
2020-08-03,1.4004,100.0,0.7077,97.0,0.7815,96.0,,,0.4171,44.0,0.7013,95.0,0.481,90.0,0.4517,63.0,,,0.4826,70.0
2020-07-31,1.4042,100.0,0.7002,96.0,0.4846,62.0,,,0.5083,67.0,0.7028,96.0,0.4802,90.0,0.4527,63.0,,,0.4637,65.0
2020-07-30,1.4082,100.0,0.7003,96.0,0.7621,95.0,,,0.6102,84.0,0.7029,96.0,0.4792,90.0,0.441,59.0,,,0.4691,67.0
2020-07-29,1.4679,100.0,0.7429,97.0,0.8305,97.0,,,0.5694,78.0,0.7023,96.0,0.4787,90.0,0.4739,68.0,,,0.4737,68.0
2020-07-28,1.4127,100.0,0.7179,97.0,0.6147,84.0,,,0.6303,87.0,0.7005,95.0,0.4772,90.0,0.4235,52.0,,,0.4373,57.0
2020-07-27,0.6961,90.0,0.3881,72.0,0.7369,94.0,,,0.6535,89.0,0.6307,94.0,0.4546,86.0,0.4416,59.0,,,0.4351,57.0
2020-07-24,0.6976,90.0,0.3947,73.0,0.7865,96.0,,,0.6591,89.0,0.631,94.0,0.4545,86.0,0.4669,66.0,,,0.4853,70.0
2020-07-23,0.6928,90.0,0.398,74.0,0.7335,94.0,,,0.5515,75.0,0.631,94.0,0.4538,86.0,0.4303,55.0,,,0.4776,69.0
2020-07-22,0.6854,90.0,0.3941,73.0,0.6742,90.0,,,0.6194,85.0,0.631,94.0,0.4534,86.0,0.5075,77.0,,,0.448,61.0
2020-07-21,0.6582,89.0,0.4238,78.0,0.6848,91.0,,,0.7619,96.0,0.6308,94.0,0.4525,86.0,0.5183,80.0,,,0.4697,67.0
2020-07-20,0.3368,54.0,0.3474,63.0,0.8358,97.0,,,0.5452,74.0,0.6132,92.0,0.4481,85.0,0.4967,74.0,,,0.4976,74.0
2020-07-17,0.4357,71.0,0.3898,72.0,0.7696,95.0,,,0.5711,78.0,0.6126,92.0,0.4477,85.0,0.5205,81.0,,,0.474,68.0
2020-07-16,0.5055,78.0,0.4309,79.0,0.848,98.0,,,0.7939,97.0,0.6126,92.0,0.4472,84.0,0.4507,63.0,,,0.5679,87.0
2020-07-15,0.6187,87.0,0.4568,82.0,0.6213,85.0,,,0.5341,72.0,0.6126,92.0,0.4465,84.0,0.4829,70.0,,,0.5424,83.0
2020-07-14,0.5449,82.0,0.4481,81.0,0.7592,95.0,,,0.7509,95.0,0.6103,92.0,0.4453,84.0,0.4436,60.0,,,0.4554,63.0
2020-07-13,0.5365,81.0,0.4623,83.0,0.7053,92.0,,,1.549,100.0,0.6108,92.0,0.4454,84.0,0.9874,100.0,,,0.5901,90.0
2020-07-10,0.4547,73.0,0.4612,82.0,0.815,97.0,,,0.7202,93.0,0.6089,91.0,0.4427,83.0,0.4931,73.0,,,0.5646,87.0
2020-07-09,0.4435,72.0,0.4547,82.0,1.0142,100.0,,,0.9666,100.0,0.6084,91.0,0.4421,83.0,0.5777,90.0,,,0.5577,86.0
2020-07-08,0.5223,80.0,0.4257,78.0,0.8716,98.0,,,0.9645,100.0,0.6056,91.0,0.4397,83.0,0.5738,90.0,,,0.5441,83.0
2020-07-07,0.4958,78.0,0.386,71.0,1.5346,100.0,,,0.8324,98.0,0.6034,91.0,0.4369,82.0,0.4731,68.0,,,0.4273,53.0
2020-07-06,0.365,60.0,0.3481,63.0,1.2454,100.0,,,1.3771,100.0,0.598,90.0,0.4345,82.0,0.456,64.0,,,0.3912,37.0
2020-07-02,0.4425,72.0,0.3506,64.0,1.2585,100.0,,,0.8347,98.0,0.598,90.0,0.4338,82.0,0.4164,50.0,,,0.3964,38.0
2020-07-01,0.4607,74.0,0.325,57.0,0.5,66.0,,,0.3766,31.0,0.5984,90.0,0.4327,82.0,0.3475,21.0,,,0.3766,33.0
2020-06-30,0.3738,62.0,0.2863,44.0,0.45,54.0,,,0.736,94.0,0.5955,89.0,0.4302,81.0,0.296,3.0,,,0.4727,68.0
2020-06-29,0.3708,61.0,0.2948,47.0,0.6762,91.0,,,0.4669,57.0,0.595,89.0,0.43,81.0,0.4418,59.0,,,0.5144,77.0
2020-06-25,0.3556,57.0,0.2776,41.0,0.4083,41.0,,,0.3724,28.0,0.5939,89.0,0.4288,81.0,0.5983,92.0,,,0.3724,31.0
2020-06-24,0.3628,59.0,0.2899,45.0,0.4129,42.0,,,0.4897,63.0,0.5936,89.0,0.4283,81.0,0.4215,52.0,,,0.4897,71.0
2020-06-23,0.2448,30.0,0.3106,52.0,0.5501,76.0,,,0.4935,64.0,0.591,89.0,0.4274,81.0,0.4143,48.0,,,0.4326,56.0
2020-06-22,0.2547,32.0,0.4039,75.0,0.5164,69.0,,,0.4616,57.0,0.5906,89.0,0.4272,81.0,0.413,47.0,,,0.4424,59.0
2020-06-19,0.389,64.0,0.4236,78.0,0.9478,99.0,,,0.5133,68.0,0.5897,89.0,0.426,80.0,0.4243,53.0,,,0.2867,1.0
2020-06-18,0.4133,68.0,0.4472,81.0,0.3429,21.0,,,0.4943,64.0,0.5901,89.0,0.4254,80.0,0.4466,61.0,,,0.4275,53.0
2020-06-17,0.4146,68.0,0.4433,80.0,0.55,76.0,,,0.7685,96.0,0.5899,89.0,0.425,80.0,0.4491,62.0,,,0.4531,63.0
2020-06-16,0.4392,71.0,0.434,79.0,0.3697,28.0,,,0.4622,57.0,0.5894,89.0,0.4245,80.0,0.526,82.0,,,0.4344,56.0
2020-06-15,0.4985,78.0,0.4266,78.0,0.3757,31.0,,,0.6753,90.0,0.5889,89.0,0.4233,80.0,0.4266,54.0,,,0.4529,63.0
2020-06-12,0.5315,80.0,0.4255,78.0,0.8233,97.0,,,0.4942,64.0,0.5889,89.0,0.4224,80.0,0.5601,88.0,,,0.2922,2.0
2020-06-11,0.5844,85.0,0.3448,62.0,0.6331,86.0,,,0.751,95.0,0.5885,89.0,0.4178,79.0,0.6522,96.0,,,0.4821,70.0
2020-06-10,0.426,70.0,0.299,49.0,0.5617,78.0,,,0.6981,92.0,0.5829,88.0,0.4156,79.0,0.4065,45.0,,,0.429,54.0
2020-06-09,0.2526,32.0,0.2544,32.0,0.3751,31.0,,,0.4,38.0,0.5803,88.0,0.4139,78.0,0.4121,47.0,,,0.44,57.0
2020-06-08,0.269,36.0,0.2558,32.0,0.6705,90.0,,,0.4305,48.0,0.5803,88.0,0.4139,78.0,0.4253,53.0,,,0.4253,52.0
2020-06-05,0.3975,66.0,0.3092,52.0,0.3963,37.0,,,0.443,52.0,0.5803,88.0,0.4139,78.0,0.4186,51.0,,,0.431,55.0
2020-06-04,0.4806,76.0,0.3354,60.0,0.3693,28.0,,,0.4851,62.0,0.5793,87.0,0.4132,78.0,0.3796,34.0,,,0.4751,68.0
2020-06-03,0.4843,76.0,0.3134,53.0,0.5376,74.0,,,0.6608,89.0,0.5786,87.0,0.4119,78.0,0.5376,85.0,,,0.6608,95.0
2020-06-02,0.4708,75.0,0.3071,51.0,0.6519,88.0,,,0.3912,35.0,0.5765,87.0,0.4118,78.0,0.5996,92.0,,,0.5058,75.0
2020-06-01,0.4725,75.0,0.2985,48.0,0.8716,98.0,,,0.396,37.0,0.5761,87.0,0.4114,78.0,0.8716,100.0,,,0.7031,97.0
2020-05-29,0.4812,76.0,0.3045,50.0,0.6463,88.0,,,0.3558,24.0,0.5761,87.0,0.4113,78.0,0.5188,81.0,,,0.4755,68.0
2020-05-28,0.4585,74.0,0.3402,61.0,0.5212,70.0,,,0.4456,53.0,0.5758,87.0,0.411,78.0,0.508,77.0,,,0.4488,61.0
2020-05-27,0.4156,68.0,0.3222,56.0,0.3755,31.0,,,0.3478,22.0,0.5739,86.0,0.409,78.0,0.3674,30.0,,,0.4136,47.0
2020-05-26,0.3457,56.0,0.3009,49.0,0.4386,50.0,,,0.3349,18.0,0.5677,85.0,0.4072,77.0,0.4192,51.0,,,0.3595,26.0
2020-05-22,0.3535,57.0,0.303,50.0,0.5023,66.0,,,0.3339,18.0,0.5673,85.0,0.4073,77.0,0.4381,57.0,,,0.4283,54.0
2020-05-21,0.3789,62.0,0.3053,51.0,0.4543,55.0,,,0.3653,27.0,0.5676,85.0,0.4071,77.0,0.351,22.0,,,0.3653,28.0
2020-05-20,0.3901,65.0,0.3114,53.0,0.5333,73.0,,,0.3929,36.0,0.5678,85.0,0.4073,77.0,0.3524,23.0,,,0.4457,60.0
2020-05-19,0.4022,67.0,0.302,49.0,0.3928,36.0,,,0.3017,9.0,0.567,85.0,0.407,77.0,0.3928,39.0,,,0.3737,32.0
2020-05-18,0.4048,67.0,0.2565,33.0,0.3452,22.0,,,0.4691,57.0,0.5667,85.0,0.4052,77.0,0.4282,54.0,,,0.4691,67.0
2020-05-15,0.1698,12.0,0.2396,25.0,0.4497,53.0,,,0.4322,49.0,0.5607,85.0,0.4046,76.0,0.4497,62.0,,,0.5072,76.0
2020-05-14,0.174,13.0,0.2348,22.0,0.5265,71.0,,,0.4026,39.0,0.5608,85.0,0.4037,76.0,0.4121,47.0,,,0.4526,63.0
2020-05-13,0.1855,15.0,0.3413,61.0,0.4311,48.0,,,0.4626,57.0,0.5609,85.0,0.4032,76.0,0.4311,55.0,,,0.4626,65.0
2020-05-12,0.1823,15.0,0.3493,64.0,0.5339,73.0,,,0.3962,37.0,0.5608,85.0,0.4031,76.0,0.4474,61.0,,,0.4376,57.0
2020-05-11,0.1901,16.0,0.4162,76.0,0.5314,73.0,,,0.404,39.0,0.5607,85.0,0.4028,76.0,0.39,38.0,,,0.4168,48.0
2020-05-08,0.1899,16.0,0.4237,78.0,0.4434,52.0,,,0.3959,37.0,0.5606,85.0,0.4028,76.0,0.4374,57.0,,,0.4092,45.0
2020-05-07,0.2777,38.0,0.434,79.0,0.9526,99.0,,,0.5103,68.0,0.5601,84.0,0.4028,76.0,0.4386,57.0,,,0.5291,80.0
2020-05-06,0.3182,50.0,0.4234,78.0,0.6889,91.0,,,0.3827,33.0,0.5601,84.0,0.4022,76.0,0.4139,48.0,,,0.2616,1.0
2020-05-05,0.3809,63.0,0.4234,78.0,0.8282,97.0,,,0.4095,41.0,0.5599,84.0,0.4019,76.0,0.43,55.0,,,0.4095,45.0
2020-05-04,0.3499,57.0,0.3432,62.0,0.7055,92.0,,,0.8659,98.0,0.5594,84.0,0.3974,75.0,0.4352,57.0,,,0.4722,68.0
2020-05-01,0.3195,50.0,0.3526,64.0,1.0193,100.0,,,0.8163,97.0,0.5597,84.0,0.3974,75.0,0.3892,37.0,,,0.4358,57.0
2020-04-30,0.2499,31.0,0.2772,41.0,0.6676,90.0,,,0.7319,94.0,0.56,84.0,0.3936,74.0,0.4845,71.0,,,0.4714,67.0
2020-04-28,0.205,20.0,0.3145,54.0,0.4451,52.0,,,0.758,95.0,0.5586,84.0,0.3935,74.0,0.4737,68.0,,,0.4383,57.0
2020-04-27,0.2128,22.0,0.3239,56.0,0.4737,60.0,,,0.7272,94.0,0.5618,85.0,0.4019,76.0,0.4737,68.0,,,0.4837,70.0
2020-04-24,0.182,15.0,0.351,64.0,0.5324,73.0,,,0.5593,77.0,0.5595,84.0,0.4011,76.0,0.4,42.0,,,0.4047,42.0
2020-04-23,0.2812,39.0,0.3542,65.0,0.4512,54.0,,,0.5369,72.0,0.5591,84.0,0.4006,76.0,0.4503,62.0,,,0.5369,82.0
2020-04-22,0.2622,34.0,0.3427,62.0,0.6771,91.0,,,0.5913,82.0,0.5584,84.0,0.4,76.0,0.5313,83.0,,,0.5913,90.0
2020-04-20,0.2957,43.0,0.3365,60.0,0.5196,70.0,,,0.6508,89.0,0.5585,84.0,0.3983,75.0,0.4715,67.0,,,0.4784,69.0
2020-04-17,0.3787,62.0,0.3629,67.0,0.4729,60.0,,,0.5315,72.0,0.5591,84.0,0.397,75.0,0.3761,33.0,,,0.5315,80.0
2020-04-16,0.3605,59.0,0.3744,69.0,0.715,93.0,,,0.6471,88.0,0.5579,84.0,0.3967,75.0,0.5737,90.0,,,0.6395,94.0
2020-04-15,0.3886,64.0,0.3537,65.0,0.7173,93.0,,,0.6049,83.0,0.5584,84.0,0.3945,74.0,0.7173,98.0,,,0.6323,93.0
2020-04-14,0.2829,39.0,0.3885,72.0,0.5191,70.0,,,0.6536,89.0,0.557,84.0,0.3941,74.0,0.4893,72.0,,,0.428,53.0
2020-04-13,0.2774,38.0,0.4193,77.0,0.4669,57.0,,,0.7371,94.0,0.5575,84.0,0.3939,74.0,0.4189,51.0,,,0.4029,41.0
2020-04-09,0.2238,25.0,0.5221,87.0,0.5394,74.0,,,0.5133,68.0,0.5574,84.0,0.394,74.0,0.4757,69.0,,,0.5133,77.0
2020-04-08,0.2853,40.0,0.5237,88.0,0.6445,87.0,,,0.6325,87.0,0.5577,84.0,0.394,74.0,0.4517,63.0,,,0.6425,94.0
2020-04-07,0.2202,24.0,0.5042,86.0,0.4813,61.0,,,0.6484,88.0,0.5548,83.0,0.3911,73.0,0.4974,74.0,,,0.6484,94.0
2020-04-06,0.2681,36.0,0.4995,86.0,0.7132,93.0,,,0.7807,96.0,0.5546,83.0,0.3904,73.0,0.5955,92.0,,,0.4745,68.0
2020-04-03,0.2003,19.0,0.4927,85.0,0.8091,97.0,,,0.8645,98.0,0.5524,82.0,0.3905,73.0,0.5764,90.0,,,0.4787,69.0
2020-03-26,0.5771,84.0,0.7111,97.0,0.5696,79.0,,,0.5324,72.0,0.5541,83.0,0.3785,67.0,0.4855,71.0,,,0.4728,68.0
2020-03-25,0.8403,95.0,0.7994,98.0,0.6335,86.0,,,0.7339,94.0,0.5536,83.0,0.3782,67.0,0.5348,84.0,,,0.4903,72.0
2020-03-24,0.862,95.0,0.8066,99.0,0.8261,97.0,,,0.6166,85.0,0.5539,83.0,0.377,67.0,0.8261,100.0,,,0.6166,92.0
2020-03-20,1.1954,99.0,0.8388,99.0,0.9163,99.0,,,0.5767,79.0,0.5552,83.0,0.3676,65.0,0.9163,100.0,,,0.4368,57.0
2020-03-19,1.0788,98.0,0.7715,98.0,0.6331,86.0,,,0.7371,94.0,0.5437,80.0,0.3588,63.0,0.5051,77.0,,,0.6001,91.0
2020-03-18,1.0823,98.0,0.7522,98.0,0.5124,68.0,,,1.0201,100.0,0.5435,80.0,0.3552,61.0,0.5124,79.0,,,1.0201,100.0
2020-03-17,1.1368,99.0,0.699,96.0,0.7136,93.0,,,0.8461,98.0,0.5416,79.0,0.3441,56.0,0.5629,89.0,,,0.8022,100.0
2020-03-11,0.5525,82.0,0.4538,81.0,0.7154,93.0,,,0.6182,85.0,0.4901,69.0,0.3155,40.0,0.5104,78.0,,,0.7314,98.0
2020-03-10,0.5384,81.0,0.4472,81.0,0.7874,96.0,,,0.6287,87.0,0.4885,69.0,0.3141,39.0,0.4621,65.0,,,0.5089,76.0
2020-03-09,0.5218,80.0,0.4724,84.0,0.7289,94.0,,,0.5967,82.0,0.4875,69.0,0.3128,37.0,0.4895,72.0,,,0.5065,75.0
2020-03-06,0.4018,67.0,0.4212,77.0,2.3318,100.0,,,0.7118,93.0,0.4819,68.0,0.3078,34.0,0.4731,68.0,,,0.4206,50.0
2020-03-05,0.4107,68.0,0.4065,75.0,0.5474,75.0,,,0.5471,74.0,0.4853,69.0,0.3088,35.0,0.4384,57.0,,,0.6087,92.0
2020-03-04,0.4681,75.0,0.4389,80.0,0.4381,50.0,,,0.5441,74.0,0.4826,68.0,0.3084,34.0,0.4037,43.0,,,0.4716,67.0
2020-03-03,0.3188,50.0,0.4288,78.0,0.4587,56.0,,,0.4415,52.0,0.4812,68.0,0.3083,34.0,0.2744,1.0,,,0.4415,59.0
2020-02-26,0.2767,38.0,0.2751,40.0,0.4594,56.0,,,0.4414,52.0,0.4813,68.0,0.2996,26.0,0.3865,37.0,,,0.4414,59.0
2020-02-25,0.2845,40.0,0.2687,38.0,0.4409,51.0,,,0.4175,44.0,0.481,68.0,0.3006,26.0,0.3907,38.0,,,0.4175,48.0
2020-02-24,0.1193,4.0,0.1991,10.0,0.4347,49.0,,,0.7785,96.0,0.4754,66.0,0.2981,25.0,0.4153,49.0,,,0.5604,86.0
2020-02-21,0.1982,19.0,0.1742,4.0,0.3239,16.0,,,0.2913,7.0,0.4747,65.0,0.2979,24.0,0.3446,19.0,,,0.3474,20.0
2020-02-20,0.253,32.0,0.1984,9.0,0.303,10.0,,,0.2786,5.0,0.4769,66.0,0.2996,26.0,0.3899,38.0,,,0.3338,14.0
2020-02-19,0.3145,49.0,0.2494,30.0,0.2933,8.0,,,0.3016,9.0,0.4768,66.0,0.2997,26.0,0.3491,22.0,,,0.3539,23.0
2020-02-18,0.3183,50.0,0.3111,52.0,0.3701,28.0,,,0.3462,21.0,0.477,66.0,0.3007,27.0,0.3422,18.0,,,0.3379,16.0
2020-02-14,1.7848,100.0,0.8343,99.0,0.3376,20.0,,,0.355,24.0,0.477,66.0,0.3015,28.0,0.3308,13.0,,,0.3413,17.0
2020-02-13,1.8304,100.0,0.8367,99.0,0.3354,19.0,,,0.2819,5.0,0.477,66.0,0.3016,28.0,0.3455,20.0,,,0.3393,16.0
2020-02-12,1.8514,100.0,0.8342,99.0,0.5095,68.0,,,0.3387,19.0,0.4773,66.0,0.3015,28.0,0.3373,16.0,,,0.3333,13.0
2020-02-11,1.8336,100.0,0.8325,99.0,0.3241,16.0,,,0.385,33.0,0.4764,66.0,0.3012,27.0,0.3364,16.0,,,0.3401,17.0
2020-02-10,1.7837,100.0,0.8352,99.0,0.5092,68.0,,,0.3369,18.0,0.4773,66.0,0.3006,26.0,0.3367,16.0,,,0.3388,16.0
2020-02-07,1.8065,100.0,0.8212,99.0,0.4383,50.0,,,0.3551,24.0,0.4754,66.0,0.2998,26.0,0.3068,6.0,,,0.3237,9.0
2020-02-05,0.3472,56.0,0.2246,18.0,0.2625,3.0,,,0.4839,62.0,0.2167,1.0,0.2347,2.0,0.3283,12.0,,,0.3627,27.0
2020-02-04,0.2911,42.0,0.2158,15.0,0.4999,66.0,,,0.5312,72.0,0.2168,1.0,0.2363,3.0,0.3418,18.0,,,0.3059,4.0
2020-02-03,0.2744,37.0,0.2216,17.0,0.4474,53.0,,,0.3563,24.0,0.2163,1.0,0.2374,3.0,0.3461,20.0,,,0.3477,20.0
2020-01-31,0.2603,34.0,0.2225,18.0,0.3786,31.0,,,0.3814,32.0,0.2168,1.0,0.2379,3.0,0.2994,4.0,,,0.3971,39.0
2020-01-30,0.1865,16.0,0.1809,5.0,0.4462,52.0,,,0.4117,42.0,0.212,1.0,0.2364,3.0,0.2897,3.0,,,0.347,20.0
2020-01-29,0.182,15.0,0.1821,6.0,0.5891,81.0,,,0.5475,74.0,0.2125,1.0,0.2378,3.0,0.2862,2.0,,,0.2665,1.0
2020-01-28,0.1653,11.0,0.1674,3.0,0.5228,70.0,,,0.4355,50.0,0.2114,1.0,0.2425,4.0,0.2795,2.0,,,0.2974,3.0
2020-01-27,0.1062,2.0,0.1519,2.0,0.3539,25.0,,,0.4682,57.0,0.2105,1.0,0.2467,5.0,0.3467,20.0,,,0.3295,12.0
2020-01-24,0.1589,10.0,0.167,3.0,0.4619,57.0,,,0.3801,32.0,0.2925,8.0,0.2653,9.0,0.3626,28.0,,,0.3176,7.0
2020-01-23,0.1422,7.0,0.1547,2.0,0.4439,52.0,,,0.3927,35.0,0.292,8.0,0.2653,9.0,0.3394,17.0,,,0.3152,6.0
2020-01-22,0.1378,7.0,0.1596,3.0,0.5092,68.0,,,0.5555,76.0,0.2926,8.0,0.2656,9.0,0.3257,11.0,,,0.3091,5.0
2020-01-21,0.1311,5.0,0.1592,3.0,0.3694,28.0,,,0.4085,41.0,0.2943,9.0,0.2661,9.0,0.3268,11.0,,,0.3127,5.0
2020-01-17,0.1237,4.0,0.1538,2.0,0.4311,48.0,,,0.366,28.0,0.2991,10.0,0.2685,10.0,0.3201,9.0,,,0.3046,4.0
2020-01-16,0.1177,4.0,0.1492,2.0,0.307,11.0,,,0.3556,24.0,0.2994,10.0,0.2685,10.0,0.3109,6.0,,,0.3066,4.0
2020-01-15,0.1218,4.0,0.1465,2.0,0.3856,33.0,,,0.4082,41.0,0.2992,10.0,0.2685,10.0,0.3143,7.0,,,0.3377,16.0
2020-01-14,0.1359,6.0,0.1276,1.0,0.3748,31.0,,,0.3715,28.0,0.2986,9.0,0.2677,10.0,0.3274,12.0,,,0.329,12.0
2020-01-13,0.1362,6.0,0.1416,1.0,0.3748,31.0,,,0.3715,28.0,0.2986,9.0,0.268,10.0,0.3274,12.0,,,0.329,12.0
2020-01-10,0.1181,4.0,0.1418,1.0,0.3507,24.0,,,0.3619,26.0,0.2988,9.0,0.2679,10.0,0.3551,25.0,,,0.34,17.0
2020-01-09,0.1564,9.0,0.1563,2.0,0.3597,26.0,,,0.3428,20.0,0.2988,9.0,0.2679,10.0,0.3334,14.0,,,0.318,7.0
2020-01-08,0.1653,11.0,0.1585,2.0,0.3654,27.0,,,0.3399,19.0,0.2987,9.0,0.2683,10.0,0.3303,13.0,,,0.3331,13.0
2020-01-07,0.1667,11.0,0.159,3.0,0.3592,26.0,,,0.3704,28.0,0.2991,10.0,0.269,10.0,0.3263,11.0,,,0.339,16.0
2020-01-06,0.1675,12.0,0.1559,2.0,0.3259,17.0,,,0.3355,18.0,0.3,10.0,0.27,11.0,0.3235,10.0,,,0.3042,4.0
2020-01-03,0.108,3.0,0.147,2.0,0.3439,22.0,,,0.3639,27.0,0.2985,9.0,0.2699,11.0,0.3046,5.0,,,0.3237,9.0
2020-01-02,0.1287,5.0,0.1371,1.0,0.4382,50.0,,,0.3478,22.0,0.2989,10.0,0.2699,11.0,0.3162,8.0,,,0.3251,10.0
2019-12-31,0.1382,7.0,0.1318,1.0,0.3179,14.0,,,0.3272,16.0,0.2989,10.0,0.2698,11.0,0.3256,11.0,,,0.3051,4.0
2019-12-30,0.119,4.0,0.1097,1.0,0.3498,23.0,,,0.3392,19.0,0.2991,10.0,0.2696,11.0,0.3474,21.0,,,0.3325,13.0
2019-12-27,0.1223,4.0,0.1146,1.0,0.3079,11.0,,,0.3252,15.0,0.2992,10.0,0.2697,11.0,0.3257,11.0,,,0.3369,15.0
2019-12-26,0.1168,3.0,0.1165,1.0,0.2441,2.0,,,0.3107,11.0,0.2992,10.0,0.2701,11.0,0.3246,11.0,,,0.3256,10.0
2019-12-24,0.1344,6.0,0.1467,2.0,0.3135,13.0,,,0.1775,1.0,0.2995,10.0,0.2714,11.0,0.3242,10.0,,,0.3244,10.0
2019-12-23,0.1234,4.0,0.1473,2.0,0.1814,1.0,,,0.2963,8.0,0.3003,11.0,0.2724,12.0,0.3363,15.0,,,0.332,13.0
2019-12-20,0.1287,5.0,0.1592,3.0,0.2041,1.0,,,0.2461,1.0,0.3005,11.0,0.2724,12.0,0.3489,21.0,,,0.3135,6.0
2019-12-19,0.1275,5.0,0.1683,3.0,0.3503,23.0,,,0.248,2.0,0.3011,11.0,0.2726,12.0,0.3022,5.0,,,0.2898,2.0
2019-12-18,0.1348,6.0,0.1752,4.0,0.3697,28.0,,,0.2259,1.0,0.3015,11.0,0.2729,12.0,0.3041,5.0,,,0.3165,7.0
2019-12-17,0.1396,7.0,0.1721,4.0,0.2164,1.0,,,0.2521,2.0,0.302,11.0,0.2731,12.0,0.3092,6.0,,,0.2961,2.0
2019-12-16,0.1844,15.0,0.1802,5.0,0.3256,17.0,,,0.2203,1.0,0.3031,12.0,0.2736,12.0,0.3125,7.0,,,0.3166,7.0
2019-12-13,0.1477,8.0,0.1633,3.0,0.3183,14.0,,,0.2503,2.0,0.3026,11.0,0.2732,12.0,0.288,2.0,,,0.3118,5.0
2019-12-12,0.1704,12.0,0.1785,5.0,0.2472,2.0,,,0.3206,13.0,0.3026,11.0,0.2733,12.0,0.3049,5.0,,,0.3174,7.0
2019-12-11,0.1792,14.0,0.1707,4.0,0.2466,2.0,,,0.2375,1.0,0.3028,12.0,0.2732,12.0,0.3155,8.0,,,0.3096,5.0
2019-12-10,0.1856,15.0,0.1628,3.0,0.2407,1.0,,,0.2544,2.0,0.3028,12.0,0.2729,12.0,0.3259,11.0,,,0.321,8.0
2019-12-09,0.1886,16.0,0.1553,2.0,0.2624,3.0,,,0.2083,1.0,0.3027,12.0,0.273,12.0,0.3386,17.0,,,0.3439,19.0
2019-12-06,0.1825,15.0,0.1554,2.0,0.301,9.0,,,0.3355,18.0,0.3048,12.0,0.2749,13.0,0.3063,5.0,,,0.3355,15.0
2019-12-04,0.1674,12.0,0.1757,4.0,0.4969,65.0,,,0.3054,10.0,0.3033,12.0,0.2756,13.0,0.3369,16.0,,,0.3001,3.0
2019-12-03,0.1689,12.0,0.161,3.0,0.2151,1.0,,,0.2721,4.0,0.304,12.0,0.2752,13.0,0.3165,8.0,,,0.3226,9.0
2019-12-02,0.1668,11.0,0.1682,3.0,0.2958,8.0,,,0.23,1.0,0.3039,12.0,0.2752,13.0,0.3404,18.0,,,0.3151,6.0
2019-11-29,0.1512,8.0,0.1733,4.0,0.2861,6.0,,,0.2368,1.0,0.3073,13.0,0.2772,14.0,0.3382,17.0,,,0.3119,5.0
2019-11-27,0.1282,5.0,0.1761,4.0,0.318,14.0,,,0.3179,13.0,0.307,13.0,0.2778,14.0,0.3364,16.0,,,0.3078,4.0
2019-11-26,0.2056,20.0,0.2008,10.0,0.2559,2.0,,,0.2883,7.0,0.3091,14.0,0.278,14.0,0.3025,5.0,,,0.3361,15.0
2019-11-25,0.2068,21.0,0.2018,10.0,0.2125,1.0,,,0.265,3.0,0.3091,14.0,0.2783,14.0,0.2924,3.0,,,0.34,17.0
2019-11-22,0.169,12.0,0.1836,6.0,0.3264,17.0,,,0.3291,16.0,0.3093,14.0,0.2776,14.0,0.3264,11.0,,,0.3282,11.0
2019-11-21,0.1784,14.0,0.1877,7.0,0.3122,12.0,,,0.2988,8.0,0.3096,14.0,0.2789,14.0,0.3122,7.0,,,0.335,14.0
2019-11-20,0.1607,10.0,0.1799,5.0,0.2943,8.0,,,0.217,1.0,0.3094,14.0,0.2787,14.0,0.3132,7.0,,,0.3332,13.0
2019-11-19,0.1644,11.0,0.1786,5.0,0.3232,16.0,,,0.276,4.0,0.3103,14.0,0.2791,15.0,0.324,10.0,,,0.325,10.0
2019-11-18,0.1648,11.0,0.1791,5.0,0.3703,28.0,,,0.2841,6.0,0.3104,14.0,0.2791,15.0,0.347,21.0,,,0.2749,1.0
2019-11-15,0.1088,3.0,0.1563,2.0,0.3114,12.0,,,0.3302,16.0,0.3155,17.0,0.28,15.0,0.3216,9.0,,,0.325,10.0
2019-11-14,0.1132,3.0,0.1724,4.0,0.3047,10.0,,,0.3605,26.0,0.3164,17.0,0.2801,15.0,0.3179,8.0,,,0.3165,7.0
2019-11-13,0.1046,2.0,0.182,6.0,0.3366,20.0,,,0.2978,8.0,0.3169,18.0,0.2802,15.0,0.3347,15.0,,,0.3112,5.0
2019-11-12,0.1243,4.0,0.2043,11.0,0.3611,26.0,,,0.3047,10.0,0.3162,17.0,0.2804,15.0,0.276,1.0,,,0.3095,5.0
2019-11-11,0.157,9.0,0.2095,13.0,0.2313,1.0,,,0.1959,1.0,0.3167,17.0,0.2804,15.0,0.3208,9.0,,,0.3146,6.0
2019-11-08,0.201,19.0,0.2173,16.0,0.2525,2.0,,,0.2516,2.0,0.3171,18.0,0.2806,15.0,0.2852,2.0,,,0.2599,1.0
2019-11-07,0.2216,25.0,0.2391,25.0,0.2629,3.0,,,0.2672,3.0,0.3171,18.0,0.2809,15.0,0.3078,6.0,,,0.318,7.0
2019-11-06,0.3556,57.0,0.4177,77.0,0.2219,1.0,,,0.2384,1.0,0.3175,18.0,0.2809,15.0,0.2885,2.0,,,0.3169,7.0
2019-11-05,0.338,54.0,0.4098,76.0,0.2807,5.0,,,0.283,5.0,0.3198,20.0,0.2805,15.0,0.3101,6.0,,,0.3143,6.0
2019-11-04,0.3348,54.0,0.4051,75.0,0.1947,1.0,,,0.2852,6.0,0.3198,20.0,0.2806,15.0,0.3005,4.0,,,0.3093,5.0
2019-11-01,0.3343,54.0,0.4003,74.0,0.2481,2.0,,,0.35,23.0,0.3192,19.0,0.2802,15.0,0.3153,7.0,,,0.2967,2.0
2019-10-31,0.3253,52.0,0.4003,74.0,0.276,4.0,,,0.2835,5.0,0.319,19.0,0.2802,15.0,0.2963,4.0,,,0.3204,8.0
2019-10-30,0.2939,42.0,0.3932,73.0,0.2638,3.0,,,0.2908,7.0,0.3195,19.0,0.2802,15.0,0.3079,6.0,,,0.3162,7.0
2019-10-29,0.2537,32.0,0.3838,71.0,0.4934,64.0,,,0.3657,27.0,0.3192,19.0,0.2807,15.0,0.367,28.0,,,0.3433,18.0
2019-10-28,0.1225,4.0,0.1782,5.0,0.4356,50.0,,,0.4803,61.0,0.3131,16.0,0.2687,10.0,0.3281,12.0,,,0.335,14.0
2019-10-25,0.1326,6.0,0.1738,4.0,0.4148,43.0,,,0.5086,67.0,0.3128,16.0,0.2689,10.0,0.3198,9.0,,,0.3347,14.0
2019-10-24,0.1456,7.0,0.1807,5.0,0.3383,20.0,,,0.4579,56.0,0.3138,16.0,0.2696,11.0,0.3263,11.0,,,0.3397,17.0
2019-10-23,0.1591,10.0,0.1799,5.0,0.4554,55.0,,,0.5476,74.0,0.3231,21.0,0.2777,14.0,0.3298,13.0,,,0.3321,13.0
2019-10-22,0.1601,10.0,0.1849,6.0,0.3886,34.0,,,0.4227,46.0,0.3229,21.0,0.2776,14.0,0.3287,12.0,,,0.3326,13.0
2019-10-21,0.1824,15.0,0.2275,19.0,0.6977,92.0,,,0.3392,19.0,0.3247,22.0,0.278,14.0,0.3335,14.0,,,0.3295,12.0
2019-10-18,0.1751,13.0,0.2245,18.0,0.3915,35.0,,,0.3807,32.0,0.324,22.0,0.2781,14.0,0.3319,14.0,,,0.3345,14.0
2019-10-17,0.1805,14.0,0.2275,19.0,0.4073,40.0,,,0.3921,35.0,0.324,22.0,0.2778,14.0,0.3277,12.0,,,0.3363,15.0
2019-10-16,0.1762,13.0,0.2623,35.0,0.4187,44.0,,,0.3701,28.0,0.3252,22.0,0.2782,14.0,0.3278,12.0,,,0.3376,16.0
2019-10-15,0.1534,9.0,0.2745,40.0,0.3882,34.0,,,0.4336,49.0,0.3251,22.0,0.2778,14.0,0.3135,7.0,,,0.3351,14.0
2019-10-14,0.1907,17.0,0.2772,41.0,0.4138,43.0,,,0.3673,28.0,0.3244,22.0,0.2773,14.0,0.3382,17.0,,,0.3358,15.0
2019-10-11,0.2411,28.0,0.2751,40.0,0.4471,53.0,,,0.4345,49.0,0.3246,22.0,0.2769,13.0,0.3209,9.0,,,0.3457,19.0
2019-10-10,0.2357,28.0,0.2482,28.0,0.4995,66.0,,,0.3962,37.0,0.3231,21.0,0.275,13.0,0.3379,17.0,,,0.3495,21.0
2019-10-09,0.2914,42.0,0.3026,50.0,0.3856,33.0,,,0.398,37.0,0.3228,21.0,0.2748,13.0,0.3173,8.0,,,0.3774,33.0
2019-10-08,0.2885,41.0,0.2952,47.0,0.4404,51.0,,,0.4895,63.0,0.3228,21.0,0.2743,12.0,0.2663,1.0,,,0.3882,36.0
2019-10-04,0.2887,41.0,0.2721,39.0,0.3716,30.0,,,0.4645,57.0,0.3225,21.0,0.2716,12.0,0.3043,5.0,,,0.371,31.0
2019-10-03,0.2286,26.0,0.265,36.0,0.3001,9.0,,,0.4029,39.0,0.32,20.0,0.2708,11.0,0.473,68.0,,,0.2896,2.0
2019-10-02,0.2468,31.0,0.2686,38.0,0.5289,72.0,,,0.3785,31.0,0.3195,19.0,0.2704,11.0,0.3336,14.0,,,0.3033,3.0
2019-10-01,0.2855,40.0,0.2843,43.0,0.453,54.0,,,0.3219,14.0,0.3201,20.0,0.27,11.0,0.3765,33.0,,,0.355,24.0
2019-09-30,0.2312,27.0,0.2301,21.0,0.4208,45.0,,,0.3581,25.0,0.3182,19.0,0.2668,9.0,0.3462,20.0,,,0.3482,21.0
2019-09-27,0.2337,28.0,0.2557,32.0,0.4247,46.0,,,0.3025,9.0,0.319,19.0,0.2668,9.0,0.3522,23.0,,,0.3223,9.0
2019-09-26,0.2515,32.0,0.2566,33.0,0.35,23.0,,,0.3249,15.0,0.3198,20.0,0.2665,9.0,0.3488,21.0,,,0.3403,17.0
2019-09-25,0.2335,27.0,0.2431,27.0,0.2674,3.0,,,0.2987,8.0,0.3199,20.0,0.2656,9.0,0.3209,9.0,,,0.3308,12.0
2019-09-24,0.2244,25.0,0.2757,40.0,0.3365,20.0,,,0.3485,22.0,0.3194,19.0,0.2655,9.0,0.2873,2.0,,,0.3323,13.0
2019-09-23,0.1883,16.0,0.2707,38.0,0.354,25.0,,,0.2869,6.0,0.3197,20.0,0.2654,9.0,0.3157,8.0,,,0.3391,16.0
2019-09-20,0.1319,6.0,0.2497,30.0,0.3144,13.0,,,0.315,12.0,0.318,18.0,0.2645,9.0,0.3372,16.0,,,0.3359,15.0
2019-09-19,0.1409,7.0,0.2523,31.0,0.4862,63.0,,,0.3121,11.0,0.3187,19.0,0.2644,9.0,0.3718,31.0,,,0.3364,15.0
2019-09-17,0.2422,28.0,0.3042,50.0,0.3194,15.0,,,0.3087,10.0,0.3238,22.0,0.265,9.0,0.3175,8.0,,,0.3339,14.0
2019-09-16,0.2347,28.0,0.3111,52.0,0.3709,28.0,,,0.3213,14.0,0.3245,22.0,0.266,9.0,0.3332,14.0,,,0.3437,19.0
2019-09-13,0.2754,38.0,0.3125,53.0,0.3776,31.0,,,0.2774,4.0,0.3244,22.0,0.2647,9.0,0.3347,15.0,,,0.3373,16.0
2019-09-12,0.2702,36.0,0.3102,52.0,0.3443,22.0,,,0.2353,1.0,0.3243,22.0,0.2645,9.0,0.3249,11.0,,,0.3365,15.0
2019-09-11,0.2951,43.0,0.3191,55.0,0.2934,8.0,,,0.2653,3.0,0.3258,22.0,0.265,9.0,0.2982,4.0,,,0.3082,4.0
2019-09-10,0.2987,44.0,0.3264,57.0,0.3545,25.0,,,0.3449,21.0,0.3262,23.0,0.2648,9.0,0.322,10.0,,,0.3868,36.0
2019-09-09,0.2952,43.0,0.2991,49.0,0.3541,25.0,,,0.3782,31.0,0.3249,22.0,0.2627,8.0,0.3249,11.0,,,0.3657,28.0
2019-09-06,0.2351,28.0,0.2761,41.0,0.3857,33.0,,,0.3426,20.0,0.3208,20.0,0.2597,8.0,0.3651,28.0,,,0.3448,19.0
2019-09-05,0.245,30.0,0.2865,44.0,0.3496,23.0,,,0.3465,22.0,0.3209,20.0,0.2594,8.0,0.3496,22.0,,,0.3799,34.0
2019-09-04,0.1592,10.0,0.2683,38.0,0.3556,25.0,,,0.3588,25.0,0.3198,20.0,0.2583,8.0,0.3605,27.0,,,0.368,30.0
2019-09-03,0.2687,36.0,0.303,50.0,0.385,33.0,,,0.3725,30.0,0.3195,19.0,0.2583,8.0,0.3589,27.0,,,0.3632,27.0
2019-08-30,0.2617,34.0,0.2947,47.0,0.4069,40.0,,,0.3277,16.0,0.3201,20.0,0.2579,7.0,0.3609,27.0,,,0.3495,21.0
2019-08-29,0.2682,36.0,0.2938,47.0,0.2868,6.0,,,0.3256,15.0,0.3227,21.0,0.259,8.0,0.3288,12.0,,,0.3507,22.0
2019-08-28,0.2591,34.0,0.3096,52.0,0.4614,56.0,,,0.349,22.0,0.3223,21.0,0.2589,8.0,0.3671,30.0,,,0.3397,17.0
2019-08-27,0.2435,30.0,0.2889,45.0,0.3537,24.0,,,0.3543,24.0,0.3218,21.0,0.2572,7.0,0.3647,28.0,,,0.3585,25.0
2019-08-26,0.272,37.0,0.2759,40.0,0.3667,28.0,,,0.362,26.0,0.3216,21.0,0.2565,7.0,0.3559,25.0,,,0.3614,27.0
2019-08-23,0.2755,38.0,0.2562,32.0,0.4691,59.0,,,0.4514,54.0,0.3217,21.0,0.2555,7.0,0.3493,22.0,,,0.3582,25.0
2019-08-22,0.2673,36.0,0.2232,18.0,0.3005,9.0,,,0.3246,15.0,0.3184,19.0,0.2532,7.0,0.3311,13.0,,,0.3456,19.0
2019-08-21,0.2673,36.0,0.2505,30.0,0.3878,34.0,,,0.35,23.0,0.3186,19.0,0.254,7.0,0.3503,22.0,,,0.3478,20.0
2019-08-20,0.2601,34.0,0.2413,26.0,0.2663,3.0,,,0.3277,16.0,0.3183,19.0,0.253,7.0,0.3553,25.0,,,0.3415,18.0
2019-08-19,0.2808,39.0,0.2478,28.0,0.3007,9.0,,,0.3884,34.0,0.3179,18.0,0.2519,6.0,0.3535,24.0,,,0.351,22.0
2019-08-16,0.3454,56.0,0.2788,42.0,0.3254,16.0,,,0.332,17.0,0.318,18.0,0.2527,6.0,0.3486,21.0,,,0.3259,10.0
2019-08-15,0.3297,53.0,0.289,45.0,0.2806,5.0,,,0.3591,25.0,0.3172,18.0,0.2522,6.0,0.3568,25.0,,,0.3467,20.0
2019-08-14,0.3361,54.0,0.2967,48.0,0.5357,73.0,,,0.3504,23.0,0.3169,18.0,0.2523,6.0,0.3847,36.0,,,0.3504,22.0
2019-08-13,0.2826,39.0,0.296,48.0,0.3148,13.0,,,0.3617,26.0,0.3142,16.0,0.2525,6.0,0.3439,19.0,,,0.3483,21.0
2019-08-12,0.2902,41.0,0.2894,45.0,0.3426,21.0,,,0.3513,23.0,0.3142,16.0,0.2508,6.0,0.3473,21.0,,,0.3364,15.0
2019-08-09,0.2979,44.0,0.3536,65.0,0.335,19.0,,,0.3835,33.0,0.3143,17.0,0.2505,5.0,0.337,16.0,,,0.3557,24.0
2019-08-08,0.2453,30.0,0.3904,72.0,0.3564,25.0,,,0.2955,8.0,0.3126,16.0,0.2494,5.0,0.3491,22.0,,,0.3329,13.0
2019-08-07,0.8767,96.0,0.5515,90.0,0.4182,44.0,,,0.335,18.0,0.3179,18.0,0.251,6.0,0.3472,21.0,,,0.3469,20.0
2019-08-06,0.8718,95.0,0.5454,89.0,0.4594,56.0,,,0.1954,1.0,0.3538,31.0,0.2653,9.0,0.3498,22.0,,,0.3383,16.0
2019-08-05,0.8795,96.0,0.5451,89.0,0.4115,42.0,,,0.3495,23.0,0.3532,31.0,0.2654,9.0,0.3529,23.0,,,0.3637,27.0
2019-08-02,0.8794,96.0,0.5451,89.0,0.6712,90.0,,,0.3074,10.0,0.3531,31.0,0.265,9.0,0.374,32.0,,,0.3229,9.0
2019-07-31,0.9479,97.0,0.5135,87.0,0.3245,16.0,,,0.2562,2.0,0.3528,31.0,0.2594,8.0,0.3551,25.0,,,0.2562,1.0
2019-07-30,0.9373,97.0,0.4715,83.0,0.3026,10.0,,,0.3537,24.0,0.3522,31.0,0.2548,7.0,0.3183,9.0,,,0.3537,23.0
2019-07-29,0.3096,47.0,0.2248,18.0,0.8458,98.0,,,0.3887,34.0,0.2899,7.0,0.2353,2.0,0.3576,26.0,,,0.3413,17.0
2019-07-26,0.2998,44.0,0.2222,17.0,0.4859,63.0,,,0.4371,50.0,0.2902,8.0,0.2358,2.0,0.3451,20.0,,,0.3479,20.0
2019-07-25,0.3036,45.0,0.2173,16.0,0.7188,93.0,,,0.5778,80.0,0.2893,7.0,0.2356,2.0,0.3021,4.0,,,0.3433,18.0
2019-07-24,0.2492,31.0,0.2061,12.0,0.4099,41.0,,,0.4409,51.0,0.2877,7.0,0.2356,2.0,0.3354,15.0,,,0.354,23.0
2019-07-23,0.1012,2.0,0.1466,2.0,0.4503,54.0,,,0.3548,24.0,0.2821,6.0,0.233,1.0,0.3258,11.0,,,0.3493,21.0
2019-07-22,0.1075,3.0,0.1649,3.0,0.4169,44.0,,,0.4266,47.0,0.2817,6.0,0.233,1.0,0.3524,23.0,,,0.3509,22.0
2019-07-19,0.1526,9.0,0.1893,7.0,0.4566,55.0,,,0.4275,47.0,0.2817,6.0,0.2334,1.0,0.3364,16.0,,,0.3353,14.0
2019-07-18,0.1526,9.0,0.1937,8.0,0.4251,46.0,,,0.4416,52.0,0.2823,6.0,0.2338,2.0,0.3238,10.0,,,0.329,12.0
2019-07-17,0.161,10.0,0.1968,9.0,0.4077,40.0,,,0.37,28.0,0.2824,6.0,0.2336,1.0,0.3604,27.0,,,0.3197,8.0
2019-07-16,0.1597,10.0,0.1947,8.0,0.4623,57.0,,,0.4516,54.0,0.2822,6.0,0.2336,1.0,0.3503,22.0,,,0.3065,4.0
2019-07-15,0.1861,15.0,0.2002,10.0,0.4206,45.0,,,0.3788,31.0,0.2827,6.0,0.234,2.0,0.3372,16.0,,,0.3394,16.0
2019-07-12,0.1902,17.0,0.1963,9.0,0.3693,28.0,,,0.409,41.0,0.2828,6.0,0.2337,2.0,0.3124,7.0,,,0.3598,26.0
2019-07-11,0.1712,12.0,0.1899,7.0,0.4353,49.0,,,0.3918,35.0,0.2833,7.0,0.2335,1.0,0.3602,27.0,,,0.3473,20.0
2019-07-10,0.1482,8.0,0.1931,8.0,0.4564,55.0,,,0.4164,44.0,0.2826,6.0,0.2332,1.0,0.2867,2.0,,,0.34,17.0
2019-07-09,0.1869,16.0,0.2125,14.0,0.3967,37.0,,,0.3505,23.0,0.2827,6.0,0.2334,1.0,0.3395,17.0,,,0.337,15.0
2019-07-08,0.1796,14.0,0.2074,12.0,0.4151,43.0,,,0.4035,39.0,0.2827,6.0,0.2336,1.0,0.3232,10.0,,,0.3525,23.0
2019-07-05,0.1945,18.0,0.2098,13.0,0.3497,23.0,,,0.4051,40.0,0.2843,7.0,0.2338,2.0,0.3131,7.0,,,0.35,21.0
2019-07-03,0.2047,20.0,0.2104,13.0,0.4135,43.0,,,0.3749,30.0,0.2841,7.0,0.2349,2.0,0.3631,28.0,,,0.3378,16.0
2019-07-02,0.2232,25.0,0.2139,14.0,0.3216,15.0,,,0.3632,26.0,0.2912,8.0,0.236,2.0,0.3502,22.0,,,0.3512,22.0
2019-07-01,0.2484,31.0,0.216,15.0,0.3813,32.0,,,0.3666,28.0,0.2914,8.0,0.2362,3.0,0.3374,16.0,,,0.3283,11.0
2019-06-28,0.2417,28.0,0.1975,9.0,0.351,24.0,,,0.3451,21.0,0.2919,8.0,0.2353,2.0,0.3372,16.0,,,0.3454,19.0
2019-06-27,0.2143,23.0,0.1737,4.0,0.2786,4.0,,,0.3031,9.0,0.2922,8.0,0.2361,2.0,0.3273,12.0,,,0.3594,26.0
2019-06-26,0.2111,22.0,0.1802,5.0,0.285,6.0,,,0.3356,18.0,0.2918,8.0,0.2377,3.0,0.3071,6.0,,,0.353,23.0
2019-06-25,0.1693,12.0,0.1768,5.0,0.4755,60.0,,,0.421,45.0,0.2909,8.0,0.2398,3.0,0.3719,31.0,,,0.3165,7.0
2019-06-24,0.1656,11.0,0.1769,5.0,0.4354,49.0,,,0.2431,1.0,0.2961,9.0,0.2443,4.0,0.3828,35.0,,,0.3458,19.0
2019-06-21,0.233,27.0,0.2169,16.0,0.4609,56.0,,,0.3658,28.0,0.2959,9.0,0.2445,4.0,0.3823,35.0,,,0.3218,9.0
2019-06-20,0.2065,21.0,0.2059,12.0,0.4047,39.0,,,0.312,11.0,0.3034,12.0,0.2505,5.0,0.296,3.0,,,0.361,26.0
2019-06-19,0.2073,21.0,0.2229,18.0,0.5492,76.0,,,0.4937,64.0,0.3043,12.0,0.2519,6.0,0.3419,18.0,,,0.3456,19.0
2019-06-18,0.2224,25.0,0.2251,19.0,0.3374,20.0,,,0.3761,31.0,0.3058,13.0,0.2558,7.0,0.3583,26.0,,,0.3561,24.0
2019-06-17,0.2143,23.0,0.221,17.0,0.3671,28.0,,,0.3122,11.0,0.3059,13.0,0.256,7.0,0.3677,30.0,,,0.3421,18.0
2019-06-14,0.3006,45.0,0.2617,35.0,0.3446,22.0,,,0.3442,21.0,0.3085,14.0,0.2577,7.0,0.3583,26.0,,,0.3414,18.0
2019-06-13,0.2986,44.0,0.2658,37.0,0.3914,35.0,,,0.3955,36.0,0.3093,14.0,0.2587,8.0,0.3355,15.0,,,0.3517,22.0
2019-06-12,0.2973,44.0,0.2351,22.0,0.3311,18.0,,,0.3056,10.0,0.3096,14.0,0.2593,8.0,0.356,25.0,,,0.3393,16.0
2019-06-11,0.2923,42.0,0.2463,28.0,0.3667,28.0,,,0.3837,33.0,0.3095,14.0,0.2596,8.0,0.3554,25.0,,,0.3536,23.0
2019-06-10,0.3196,50.0,0.2247,18.0,0.3242,16.0,,,0.3539,24.0,0.3097,14.0,0.2595,8.0,0.4003,42.0,,,0.3607,26.0
2019-06-07,0.296,43.0,0.2486,28.0,0.4023,39.0,,,0.3691,28.0,0.3088,14.0,0.2598,8.0,0.3561,25.0,,,0.3474,20.0
2019-06-06,0.2921,42.0,0.2506,30.0,0.4255,47.0,,,0.2885,7.0,0.3089,14.0,0.2601,8.0,0.3602,27.0,,,0.385,35.0
2019-06-05,0.2448,30.0,0.2209,17.0,0.3828,33.0,,,0.3442,21.0,0.3062,13.0,0.261,8.0,0.3458,20.0,,,0.3478,20.0
2019-06-04,0.2484,31.0,0.2111,13.0,0.3082,11.0,,,0.3461,21.0,0.3157,17.0,0.2643,9.0,0.3359,15.0,,,0.3549,24.0
2019-06-03,0.2531,32.0,0.2447,27.0,0.3621,26.0,,,0.3452,21.0,0.3133,16.0,0.2663,9.0,0.3666,28.0,,,0.3604,26.0
2019-05-31,0.2423,28.0,0.2423,26.0,0.3559,25.0,,,0.3844,33.0,0.3143,17.0,0.2667,9.0,0.3561,25.0,,,0.36,26.0
2019-05-30,0.2916,42.0,0.2444,27.0,0.4519,54.0,,,0.2711,3.0,0.3138,16.0,0.2672,10.0,0.3808,34.0,,,0.3383,16.0
2019-05-29,0.3002,45.0,0.2248,18.0,0.3922,36.0,,,0.4083,41.0,0.3191,19.0,0.2694,11.0,0.399,42.0,,,0.3584,25.0
2019-05-28,0.2982,44.0,0.2226,18.0,0.4061,40.0,,,0.3404,20.0,0.3194,19.0,0.2693,10.0,0.3785,34.0,,,0.3187,8.0
2019-05-24,0.3239,51.0,0.2163,15.0,0.3224,15.0,,,0.3371,18.0,0.3186,19.0,0.269,10.0,0.3278,12.0,,,0.3365,15.0
2019-05-23,0.317,49.0,0.2218,17.0,0.4044,39.0,,,0.2836,5.0,0.3186,19.0,0.2694,11.0,0.3806,34.0,,,0.3074,4.0
2019-05-22,0.197,18.0,0.1813,5.0,0.458,56.0,,,0.2715,4.0,0.3141,16.0,0.269,10.0,0.2764,1.0,,,0.3239,9.0
2019-05-21,0.2434,30.0,0.1821,6.0,0.2648,3.0,,,0.2885,7.0,0.3135,16.0,0.2693,10.0,0.3361,15.0,,,0.3215,8.0
2019-05-20,0.2272,26.0,0.1937,8.0,0.2908,7.0,,,0.2501,2.0,0.314,16.0,0.2699,11.0,0.3261,11.0,,,0.3402,17.0
2019-05-17,0.2265,26.0,0.1988,9.0,0.2915,7.0,,,0.2694,3.0,0.3145,17.0,0.2705,11.0,0.3564,25.0,,,0.3203,8.0
2019-05-16,0.2335,27.0,0.203,11.0,0.2976,9.0,,,0.3059,10.0,0.3152,17.0,0.2712,11.0,0.3297,13.0,,,0.3322,13.0
2019-05-15,0.2287,26.0,0.2072,12.0,0.3053,11.0,,,0.2779,5.0,0.3147,17.0,0.2713,11.0,0.3368,16.0,,,0.3277,11.0
2019-05-14,0.2563,33.0,0.2352,22.0,0.2882,6.0,,,0.3275,16.0,0.3148,17.0,0.2715,11.0,0.3259,11.0,,,0.3433,18.0
2019-05-13,0.2483,31.0,0.2366,23.0,0.3661,28.0,,,0.3236,14.0,0.3145,17.0,0.2717,12.0,0.3643,28.0,,,0.3315,13.0
2019-05-10,0.1931,17.0,0.2352,22.0,0.3774,31.0,,,0.368,28.0,0.312,15.0,0.2718,12.0,0.3171,8.0,,,0.3376,16.0
2019-05-09,0.2274,26.0,0.2381,24.0,0.2828,5.0,,,0.345,21.0,0.312,15.0,0.2716,12.0,0.322,10.0,,,0.3489,21.0
2019-05-08,0.3945,66.0,0.3683,68.0,0.3522,24.0,,,0.2461,1.0,0.3179,18.0,0.2733,12.0,0.3705,31.0,,,0.316,6.0
2019-05-07,0.3942,65.0,0.3674,67.0,0.3205,15.0,,,0.317,12.0,0.3185,19.0,0.2868,18.0,0.3478,21.0,,,0.3235,9.0
2019-05-06,0.4095,67.0,0.3655,67.0,0.2682,4.0,,,0.2646,3.0,0.317,18.0,0.2871,18.0,0.3364,16.0,,,0.3301,12.0
2019-05-03,0.4055,67.0,0.3491,64.0,0.212,1.0,,,0.2664,3.0,0.3168,18.0,0.2859,17.0,0.3238,10.0,,,0.3223,9.0
2019-05-02,0.3992,66.0,0.3459,63.0,0.2929,7.0,,,0.2501,2.0,0.3197,20.0,0.2868,18.0,0.3367,16.0,,,0.3101,5.0
2019-05-01,0.4326,71.0,0.3472,63.0,0.3092,12.0,,,0.2381,1.0,0.3202,20.0,0.2877,18.0,0.3212,9.0,,,0.3039,3.0
2019-04-30,0.4161,68.0,0.3351,60.0,0.3098,12.0,,,0.3849,33.0,0.3213,20.0,0.2887,18.0,0.2838,2.0,,,0.381,34.0
2019-04-29,0.2025,20.0,0.168,3.0,0.3137,13.0,,,0.5331,72.0,0.3117,15.0,0.2851,17.0,0.3459,20.0,,,0.3358,15.0
2019-04-26,0.2247,25.0,0.1635,3.0,0.2781,4.0,,,0.4914,64.0,0.3123,15.0,0.2858,17.0,0.2923,3.0,,,0.372,31.0
2019-04-25,0.1873,16.0,0.148,2.0,0.4595,56.0,,,0.4059,40.0,0.3142,16.0,0.2865,17.0,0.3392,17.0,,,0.3248,10.0
2019-04-24,0.1769,13.0,0.1349,1.0,0.3245,16.0,,,0.4244,46.0,0.3193,19.0,0.2885,18.0,0.334,14.0,,,0.3307,12.0
2019-04-23,0.1767,13.0,0.1347,1.0,0.3029,10.0,,,0.4639,57.0,0.3201,20.0,0.2904,19.0,0.3193,9.0,,,0.3608,26.0
2019-04-22,0.1092,3.0,0.1139,1.0,0.3571,25.0,,,0.3812,32.0,0.3198,20.0,0.291,20.0,0.3365,16.0,,,0.3482,21.0
2019-04-18,0.1205,4.0,0.1231,1.0,0.3624,27.0,,,0.3776,31.0,0.3205,20.0,0.2913,20.0,0.3409,18.0,,,0.3276,11.0
2019-04-17,0.138,7.0,0.1178,1.0,0.4291,48.0,,,0.3818,32.0,0.3229,21.0,0.2926,21.0,0.3586,26.0,,,0.3141,6.0
2019-04-16,0.1123,3.0,0.1127,1.0,0.3334,19.0,,,0.3754,30.0,0.3228,21.0,0.2925,21.0,0.3307,13.0,,,0.3404,17.0
2019-04-15,0.1318,6.0,0.1168,1.0,0.4138,43.0,,,0.3316,17.0,0.3254,22.0,0.2935,22.0,0.3532,23.0,,,0.3194,8.0
2019-04-12,0.1161,3.0,0.1194,1.0,0.3823,32.0,,,0.3537,24.0,0.3258,22.0,0.2941,22.0,0.3261,11.0,,,0.331,12.0
2019-04-11,0.1287,5.0,0.1202,1.0,0.3531,24.0,,,0.3536,24.0,0.326,22.0,0.296,24.0,0.3396,17.0,,,0.3541,24.0
2019-04-10,0.1974,18.0,0.1339,1.0,0.3738,30.0,,,0.2924,7.0,0.3297,24.0,0.2978,24.0,0.3226,10.0,,,0.3369,15.0
2019-04-09,0.2075,21.0,0.1289,1.0,0.3443,22.0,,,0.3261,15.0,0.3305,25.0,0.2981,25.0,0.3489,21.0,,,0.3396,17.0
2019-04-08,0.1922,17.0,0.1403,1.0,0.3258,17.0,,,0.3363,18.0,0.3303,25.0,0.2984,25.0,0.3274,12.0,,,0.3347,14.0
2019-04-05,0.2114,22.0,0.1582,2.0,0.2672,3.0,,,0.3795,32.0,0.3327,25.0,0.3002,26.0,0.3271,12.0,,,0.3592,26.0
2019-04-04,0.2143,23.0,0.1699,4.0,0.3143,13.0,,,0.3448,21.0,0.3327,25.0,0.3015,28.0,0.3249,11.0,,,0.3408,17.0
2019-04-03,0.2228,25.0,0.174,4.0,0.321,15.0,,,0.3678,28.0,0.3329,26.0,0.3018,28.0,0.2935,3.0,,,0.342,18.0
2019-04-02,0.2262,26.0,0.1986,9.0,0.4195,45.0,,,0.3058,10.0,0.3328,25.0,0.302,28.0,0.3705,31.0,,,0.3311,12.0
2019-04-01,0.3356,54.0,0.2292,20.0,0.3506,24.0,,,0.3556,24.0,0.3336,26.0,0.3033,30.0,0.3275,12.0,,,0.3527,23.0
2019-03-29,0.3353,54.0,0.2513,30.0,0.3465,22.0,,,0.3154,12.0,0.3334,26.0,0.3044,31.0,0.3454,20.0,,,0.3395,17.0
2019-03-28,0.3412,55.0,0.2628,35.0,0.3689,28.0,,,0.2844,6.0,0.3352,26.0,0.3055,32.0,0.3304,13.0,,,0.348,20.0
2019-03-27,0.3173,50.0,0.2539,32.0,0.3726,30.0,,,0.3595,25.0,0.3339,26.0,0.3052,31.0,0.3473,21.0,,,0.3466,20.0
2019-03-26,0.3436,56.0,0.2582,33.0,0.3655,27.0,,,0.2812,5.0,0.3341,26.0,0.3051,31.0,0.3372,16.0,,,0.3481,20.0
2019-03-25,0.3405,55.0,0.2596,34.0,0.37,28.0,,,0.2923,7.0,0.3339,26.0,0.3059,32.0,0.3356,15.0,,,0.3447,19.0
2019-03-22,0.3266,52.0,0.2416,26.0,0.3634,27.0,,,0.2682,3.0,0.333,26.0,0.3056,32.0,0.3537,24.0,,,0.3268,11.0
2019-03-21,0.1671,12.0,0.2076,12.0,0.264,3.0,,,0.2643,3.0,0.3291,24.0,0.3048,31.0,0.3367,16.0,,,0.3415,18.0
2019-03-20,0.16,10.0,0.1881,7.0,0.3798,32.0,,,0.2692,3.0,0.3299,24.0,0.3055,32.0,0.3485,21.0,,,0.3306,12.0
2019-03-19,0.1743,13.0,0.1944,8.0,0.3562,25.0,,,0.3581,25.0,0.3407,28.0,0.3096,35.0,0.3521,23.0,,,0.3545,24.0
2019-03-18,0.1884,16.0,0.1968,9.0,0.3577,25.0,,,0.4099,42.0,0.3408,28.0,0.3103,36.0,0.3163,8.0,,,0.3508,22.0
2019-03-15,0.2403,28.0,0.1903,7.0,0.3481,23.0,,,0.3397,19.0,0.3405,28.0,0.3105,36.0,0.3273,12.0,,,0.3492,21.0
2019-03-14,0.3118,48.0,0.2301,21.0,0.3592,26.0,,,0.3028,9.0,0.34,28.0,0.3105,36.0,0.344,19.0,,,0.3288,11.0
2019-03-13,0.3196,50.0,0.2318,21.0,0.3326,19.0,,,0.3409,20.0,0.34,28.0,0.3107,36.0,0.3354,15.0,,,0.3308,12.0
2019-03-12,0.3019,45.0,0.2306,21.0,0.2918,7.0,,,0.3375,19.0,0.3405,28.0,0.3112,36.0,0.3489,21.0,,,0.3445,19.0
2019-03-11,0.2967,43.0,0.2355,23.0,0.4009,38.0,,,0.3323,17.0,0.3408,28.0,0.3111,36.0,0.3399,17.0,,,0.353,23.0
2019-03-08,0.1731,13.0,0.2155,15.0,0.3018,10.0,,,0.3528,24.0,0.338,28.0,0.3105,36.0,0.3522,23.0,,,0.3471,20.0
2019-03-07,0.1681,12.0,0.2139,14.0,0.3132,13.0,,,0.3299,16.0,0.3398,28.0,0.3113,36.0,0.3563,25.0,,,0.3568,25.0
2019-03-06,0.1602,10.0,0.2272,19.0,0.3195,15.0,,,0.2699,3.0,0.339,28.0,0.3111,36.0,0.3577,26.0,,,0.3474,20.0
2019-03-05,0.0956,2.0,0.179,5.0,0.3392,20.0,,,0.2304,1.0,0.3367,27.0,0.3097,35.0,0.3467,20.0,,,0.3419,18.0
2019-03-04,0.1177,4.0,0.1808,5.0,0.2955,8.0,,,0.2765,4.0,0.3364,27.0,0.3096,35.0,0.3387,17.0,,,0.3611,27.0
2019-03-01,0.1216,4.0,0.2069,12.0,0.295,8.0,,,0.2584,2.0,0.3363,27.0,0.3097,35.0,0.339,17.0,,,0.3392,16.0
2019-02-28,0.1206,4.0,0.1933,8.0,0.3227,16.0,,,0.3383,19.0,0.3363,27.0,0.3094,35.0,0.334,14.0,,,0.3348,14.0
2019-02-27,0.1126,3.0,0.1925,8.0,0.2399,1.0,,,0.3124,12.0,0.3361,27.0,0.3092,35.0,0.2997,4.0,,,0.3442,19.0
2019-02-26,0.1277,5.0,0.2088,13.0,0.3005,9.0,,,0.3269,15.0,0.336,27.0,0.3091,35.0,0.3688,30.0,,,0.3266,10.0
2019-02-25,0.1104,3.0,0.1844,6.0,0.312,12.0,,,0.2887,7.0,0.3359,27.0,0.3082,34.0,0.3451,20.0,,,0.3184,7.0
2019-02-22,0.1122,3.0,0.1888,7.0,0.2447,2.0,,,0.263,3.0,0.3359,27.0,0.3086,35.0,0.3304,13.0,,,0.3354,14.0
2019-02-21,0.1016,2.0,0.1974,9.0,0.2438,2.0,,,0.251,2.0,0.3355,26.0,0.3089,35.0,0.3347,15.0,,,0.3323,13.0
2019-02-20,0.288,41.0,0.2506,30.0,0.2786,4.0,,,0.2123,1.0,0.3355,26.0,0.308,34.0,0.334,14.0,,,0.3331,13.0
2019-02-19,0.7793,93.0,0.4512,81.0,0.248,2.0,,,0.2497,2.0,0.3361,27.0,0.3084,34.0,0.3409,18.0,,,0.3378,16.0
2019-02-15,0.779,93.0,0.4561,82.0,0.2239,1.0,,,0.2169,1.0,0.3372,27.0,0.3088,35.0,0.3359,15.0,,,0.3323,13.0
2019-02-14,0.7804,93.0,0.4496,81.0,0.247,2.0,,,0.23,1.0,0.3369,27.0,0.3082,34.0,0.3384,17.0,,,0.3396,17.0
2019-02-13,0.7779,93.0,0.4535,81.0,0.2577,2.0,,,0.2358,1.0,0.3368,27.0,0.3084,34.0,0.3389,17.0,,,0.3457,19.0
2019-02-12,0.7809,93.0,0.4535,81.0,0.2665,3.0,,,0.2233,1.0,0.3367,27.0,0.3084,34.0,0.3431,19.0,,,0.3381,16.0
2019-02-11,0.779,93.0,0.4481,81.0,0.2537,2.0,,,0.2528,2.0,0.3373,27.0,0.3083,34.0,0.3439,19.0,,,0.3414,18.0
2019-02-08,0.6902,90.0,0.411,76.0,0.4085,41.0,,,0.2811,5.0,0.3294,24.0,0.3054,32.0,0.3522,23.0,,,0.3497,21.0
2019-02-07,0.1096,3.0,0.1885,7.0,0.591,81.0,,,0.6302,87.0,0.2911,8.0,0.2931,22.0,0.337,16.0,,,0.3554,24.0
2019-02-06,0.1201,4.0,0.1824,6.0,0.6525,88.0,,,0.6595,89.0,0.2912,8.0,0.2928,22.0,0.3736,32.0,,,0.3771,33.0
2019-02-05,0.1114,3.0,0.1916,8.0,0.6343,87.0,,,0.6389,87.0,0.2907,8.0,0.2928,22.0,0.3705,31.0,,,0.3812,34.0
2019-02-04,0.1002,2.0,0.185,6.0,0.5765,80.0,,,0.6277,86.0,0.2923,8.0,0.2938,22.0,0.3732,32.0,,,0.3853,35.0
2019-02-01,0.0952,2.0,0.1827,6.0,0.5933,82.0,,,0.58,80.0,0.3042,12.0,0.2979,24.0,0.3781,34.0,,,0.3841,35.0
2019-01-31,0.0921,1.0,0.193,8.0,0.5224,70.0,,,0.5432,74.0,0.3044,12.0,0.2989,25.0,0.3651,28.0,,,0.3753,32.0
2019-01-30,0.1261,5.0,0.1935,8.0,0.5164,69.0,,,0.531,71.0,0.3049,12.0,0.2993,26.0,0.364,28.0,,,0.3709,31.0
2019-01-29,0.1128,3.0,0.1766,5.0,0.515,69.0,,,0.514,68.0,0.3062,13.0,0.3003,26.0,0.3866,37.0,,,0.3829,34.0
2019-01-28,0.1064,2.0,0.1744,4.0,0.5263,71.0,,,0.5268,71.0,0.3064,13.0,0.3187,42.0,0.3779,33.0,,,0.3832,34.0
2019-01-25,0.121,4.0,0.1719,4.0,0.4922,64.0,,,0.4773,60.0,0.3065,13.0,0.3188,42.0,0.3862,36.0,,,0.3833,34.0
2019-01-24,0.1231,4.0,0.1665,3.0,0.4532,54.0,,,0.4879,63.0,0.3071,13.0,0.3197,43.0,0.3829,35.0,,,0.3836,35.0
2019-01-23,0.1774,14.0,0.1768,5.0,0.4551,55.0,,,0.481,61.0,0.307,13.0,0.3202,43.0,0.3775,33.0,,,0.3879,36.0
2019-01-22,0.1821,15.0,0.1846,6.0,0.4463,53.0,,,0.4795,61.0,0.3071,13.0,0.3201,43.0,0.3795,34.0,,,0.387,36.0
2019-01-18,0.1624,11.0,0.1848,6.0,0.4117,42.0,,,0.4199,45.0,0.3066,13.0,0.3209,44.0,0.3724,31.0,,,0.3819,34.0
2019-01-17,0.1686,12.0,0.1957,9.0,0.4427,52.0,,,0.4455,53.0,0.307,13.0,0.3213,44.0,0.3853,36.0,,,0.3854,35.0
2019-01-16,0.2051,20.0,0.1996,10.0,0.3904,35.0,,,0.4776,60.0,0.3075,13.0,0.3216,44.0,0.3822,35.0,,,0.4088,44.0
2019-01-15,0.2075,21.0,0.2179,16.0,0.3804,32.0,,,0.4384,51.0,0.3085,14.0,0.3226,45.0,0.3667,28.0,,,0.4042,42.0
2019-01-14,0.319,50.0,0.2403,25.0,0.4484,53.0,,,0.396,37.0,0.3083,14.0,0.3231,46.0,0.3973,41.0,,,0.3776,33.0
2019-01-11,0.2894,41.0,0.2428,27.0,0.3444,22.0,,,0.4553,55.0,0.3121,15.0,0.3246,47.0,0.344,19.0,,,0.3982,39.0
2019-01-10,0.3296,53.0,0.2337,22.0,0.3635,27.0,,,0.4438,52.0,0.3129,16.0,0.3248,47.0,0.3538,24.0,,,0.3967,39.0
2019-01-09,0.3181,50.0,0.2602,34.0,0.4113,42.0,,,0.462,57.0,0.3128,16.0,0.3247,47.0,0.3678,30.0,,,0.3773,33.0
2019-01-08,0.3181,50.0,0.2778,41.0,0.4082,41.0,,,0.3954,36.0,0.3125,15.0,0.3248,47.0,0.3755,32.0,,,0.3979,39.0
2019-01-07,0.3293,53.0,0.3065,51.0,0.5017,66.0,,,0.4607,56.0,0.3122,15.0,0.3248,47.0,0.3769,33.0,,,0.3747,32.0
2019-01-04,0.3817,63.0,0.352,64.0,0.358,25.0,,,0.4439,52.0,0.3134,16.0,0.3246,47.0,0.3399,17.0,,,0.4413,57.0
2019-01-03,0.3203,50.0,0.3429,62.0,0.4779,61.0,,,0.4167,44.0,0.3074,13.0,0.3238,46.0,0.3137,7.0,,,0.3924,37.0
2019-01-02,0.4543,73.0,0.4122,76.0,0.4256,47.0,,,0.3711,28.0,0.3073,13.0,0.3234,46.0,0.3858,36.0,,,0.3923,37.0
2018-12-31,0.4574,74.0,0.4275,78.0,0.4087,41.0,,,0.3687,28.0,0.3086,14.0,0.3242,47.0,0.3849,36.0,,,0.3942,38.0
2018-12-28,0.4419,72.0,0.4495,81.0,0.3797,32.0,,,0.3901,35.0,0.3084,14.0,0.3239,47.0,0.3946,40.0,,,0.4077,44.0
2018-12-27,0.4509,73.0,0.4386,80.0,0.3789,32.0,,,0.4389,51.0,0.3105,14.0,0.3238,46.0,0.3707,31.0,,,0.4068,43.0
2018-12-26,0.469,75.0,0.4353,79.0,0.3833,33.0,,,0.4983,65.0,0.3104,14.0,0.3222,45.0,0.3728,32.0,,,0.3826,34.0
2018-12-24,0.3091,47.0,0.3992,74.0,0.4865,63.0,,,0.3997,38.0,0.3084,14.0,0.3206,43.0,0.441,59.0,,,0.3933,38.0
2018-12-21,0.3102,47.0,0.4233,78.0,0.4703,59.0,,,0.3479,22.0,0.3108,14.0,0.3213,44.0,0.4703,67.0,,,0.3684,30.0
2018-12-20,0.2728,37.0,0.352,64.0,0.3625,27.0,,,0.3622,26.0,0.3035,12.0,0.3167,40.0,0.4072,45.0,,,0.3854,35.0
2018-12-19,0.2923,42.0,0.3442,62.0,0.5567,77.0,,,0.5205,70.0,0.3039,12.0,0.3167,40.0,0.442,59.0,,,0.412,46.0
2018-12-18,0.2972,43.0,0.2956,47.0,0.3812,32.0,,,0.3767,31.0,0.3026,11.0,0.3138,38.0,0.3665,28.0,,,0.3878,36.0
2018-12-17,0.2711,37.0,0.2949,47.0,0.3886,34.0,,,0.352,23.0,0.3021,11.0,0.314,38.0,0.4296,55.0,,,0.3538,23.0
2018-12-14,0.2483,31.0,0.314,53.0,0.4151,43.0,,,0.3589,25.0,0.3058,13.0,0.3167,40.0,0.3956,40.0,,,0.3499,21.0
2018-12-13,0.3996,66.0,0.3504,64.0,0.6601,89.0,,,0.2677,3.0,0.3095,14.0,0.3174,41.0,0.4537,63.0,,,0.3236,9.0
2018-12-12,0.3665,60.0,0.3475,63.0,0.394,36.0,,,0.3411,20.0,0.3091,14.0,0.3166,40.0,0.3954,40.0,,,0.3501,22.0
2018-12-11,0.3846,63.0,0.3573,66.0,0.4899,64.0,,,0.3589,25.0,0.3093,14.0,0.3169,40.0,0.3791,34.0,,,0.3733,32.0
2018-12-10,0.3878,64.0,0.3497,64.0,0.3541,25.0,,,0.3849,33.0,0.31,14.0,0.3163,40.0,0.3733,32.0,,,0.3953,38.0
2018-12-07,0.4754,76.0,0.3892,72.0,0.5321,73.0,,,0.2917,7.0,0.3109,14.0,0.3165,40.0,0.476,69.0,,,0.4909,72.0
2018-12-06,0.4781,76.0,0.3853,71.0,0.3254,16.0,,,0.5601,77.0,0.3109,14.0,0.316,40.0,0.3613,28.0,,,0.4719,67.0
2018-12-04,0.4685,75.0,0.3515,64.0,0.6206,85.0,,,0.2682,3.0,0.3107,14.0,0.3133,38.0,0.4711,67.0,,,0.3525,23.0
2018-11-30,0.3188,50.0,0.292,46.0,0.3233,16.0,,,0.3134,12.0,0.301,11.0,0.3086,35.0,0.34,18.0,,,0.3852,35.0
2018-11-29,0.3355,54.0,0.2876,45.0,0.2749,4.0,,,0.3381,19.0,0.2999,10.0,0.3085,34.0,0.3831,35.0,,,0.3105,5.0
2018-11-28,0.3406,55.0,0.2924,46.0,0.3164,14.0,,,0.2763,4.0,0.2994,10.0,0.3086,35.0,0.3164,8.0,,,0.3963,38.0
2018-11-27,0.2276,26.0,0.2471,28.0,0.3331,19.0,,,0.3372,18.0,0.2953,9.0,0.307,33.0,0.3862,36.0,,,0.3508,22.0
2018-11-26,0.2583,34.0,0.2609,34.0,0.3131,13.0,,,0.3664,28.0,0.2987,9.0,0.3078,34.0,0.3702,31.0,,,0.3641,28.0
2018-11-23,0.2579,33.0,0.2623,35.0,0.3521,24.0,,,0.3086,10.0,0.3013,11.0,0.3085,34.0,0.3909,38.0,,,0.3669,28.0
2018-11-21,0.2597,34.0,0.2633,35.0,0.3147,13.0,,,0.358,25.0,0.3046,12.0,0.3086,35.0,0.3569,25.0,,,0.395,38.0
2018-11-20,0.1918,17.0,0.2417,26.0,0.3685,28.0,,,0.3443,21.0,0.3026,11.0,0.3092,35.0,0.3982,41.0,,,0.369,30.0
2018-11-19,0.1853,15.0,0.2405,25.0,0.3769,31.0,,,0.3416,20.0,0.3021,11.0,0.3086,35.0,0.3911,38.0,,,0.3444,19.0
2018-11-16,0.165,11.0,0.2315,21.0,0.3394,20.0,,,0.3467,22.0,0.3012,11.0,0.308,34.0,0.3811,35.0,,,0.3591,26.0
2018-11-15,0.2945,43.0,0.2591,34.0,0.3174,14.0,,,0.3464,21.0,0.3006,11.0,0.3076,33.0,0.3458,20.0,,,0.3985,39.0
2018-11-14,0.3181,50.0,0.4421,80.0,0.3344,19.0,,,0.3143,12.0,0.2994,10.0,0.3072,33.0,0.3893,38.0,,,0.3706,31.0
2018-11-13,0.3189,50.0,0.4465,80.0,0.4197,45.0,,,0.3088,10.0,0.2994,10.0,0.3069,33.0,0.3659,28.0,,,0.3628,27.0
2018-11-12,0.3171,49.0,0.4447,80.0,0.3719,30.0,,,0.3076,10.0,0.2994,10.0,0.3064,33.0,0.3788,34.0,,,0.357,25.0
2018-11-09,0.3494,57.0,0.4531,81.0,0.2922,7.0,,,0.3134,12.0,0.2997,10.0,0.3066,33.0,0.3755,32.0,,,0.3649,28.0
2018-11-08,0.361,59.0,0.4608,82.0,0.2938,8.0,,,0.2919,7.0,0.3001,10.0,0.3063,33.0,0.3454,20.0,,,0.3455,19.0
2018-11-07,0.3718,61.0,0.4758,84.0,0.3086,12.0,,,0.3031,9.0,0.3006,11.0,0.3064,33.0,0.3518,23.0,,,0.3576,25.0
2018-11-06,0.3108,48.0,0.502,86.0,0.2926,7.0,,,0.3312,17.0,0.297,9.0,0.3054,32.0,0.347,21.0,,,0.3694,30.0
2018-11-05,0.2871,40.0,0.3537,65.0,0.6517,88.0,,,0.6598,89.0,0.2958,9.0,0.2927,21.0,0.3827,35.0,,,0.3951,38.0
2018-11-02,0.3345,54.0,0.3566,65.0,0.6038,83.0,,,0.5753,79.0,0.2958,9.0,0.2919,21.0,0.3869,37.0,,,0.3978,39.0
2018-11-01,0.4462,72.0,0.3841,71.0,0.6114,84.0,,,0.6249,86.0,0.2965,9.0,0.2936,22.0,0.3843,36.0,,,0.3911,37.0
2018-10-31,0.403,67.0,0.396,73.0,0.7351,94.0,,,0.5288,71.0,0.296,9.0,0.2945,23.0,0.4391,57.0,,,0.4008,40.0
2018-10-30,0.4258,70.0,0.3929,73.0,1.0513,100.0,,,0.6208,85.0,0.2982,9.0,0.2946,23.0,0.36,27.0,,,0.4218,51.0
2018-10-29,0.3949,66.0,0.373,68.0,0.9194,99.0,,,0.4699,59.0,0.3015,11.0,0.2975,24.0,0.4816,70.0,,,0.3467,20.0
2018-10-26,0.4163,68.0,0.3231,56.0,0.5045,67.0,,,0.5869,81.0,0.3021,11.0,0.2951,23.0,0.3923,39.0,,,0.4081,44.0
2018-10-25,0.4151,68.0,0.3078,51.0,0.4515,54.0,,,0.6643,90.0,0.3018,11.0,0.2947,23.0,0.3458,20.0,,,0.4369,57.0
2018-10-24,0.4014,66.0,0.3063,51.0,0.6751,90.0,,,0.3893,34.0,0.3278,23.0,0.3097,35.0,0.4342,57.0,,,0.3452,19.0
2018-10-23,0.3451,56.0,0.2765,41.0,0.3814,32.0,,,0.6255,86.0,0.3236,22.0,0.3083,34.0,0.3483,21.0,,,0.4289,54.0
2018-10-22,0.334,53.0,0.2755,40.0,0.4005,38.0,,,0.5455,74.0,0.3231,21.0,0.3069,33.0,0.3727,31.0,,,0.3787,33.0
2018-10-19,0.3572,57.0,0.2898,45.0,0.4813,61.0,,,0.3886,34.0,0.3215,21.0,0.3063,33.0,0.3889,37.0,,,0.3619,27.0
2018-10-18,0.3619,59.0,0.2926,46.0,0.5233,70.0,,,0.365,27.0,0.3217,21.0,0.307,33.0,0.4437,60.0,,,0.3505,22.0
2018-10-17,0.3367,54.0,0.2734,39.0,0.4474,53.0,,,0.3931,36.0,0.3196,20.0,0.3063,33.0,0.4051,44.0,,,0.3708,31.0
2018-10-16,0.384,63.0,0.307,51.0,0.3624,27.0,,,0.4956,65.0,0.3195,19.0,0.307,33.0,0.3348,15.0,,,0.4333,56.0
2018-10-15,0.3339,53.0,0.3131,53.0,0.4565,55.0,,,0.4731,59.0,0.319,19.0,0.3072,33.0,0.3764,33.0,,,0.3698,30.0
2018-10-12,0.3071,47.0,0.3087,52.0,0.895,99.0,,,0.3437,21.0,0.3189,19.0,0.3068,33.0,0.4221,52.0,,,0.3825,34.0
2018-10-11,0.2726,37.0,0.2576,33.0,0.8172,97.0,,,0.4376,50.0,0.3156,17.0,0.304,30.0,0.4072,45.0,,,0.3526,23.0
2018-10-10,0.292,42.0,0.2754,40.0,0.3476,23.0,,,0.3832,33.0,0.3151,17.0,0.3036,30.0,0.4164,50.0,,,0.3709,31.0
2018-10-09,0.2907,41.0,0.2909,46.0,0.3498,23.0,,,0.3725,30.0,0.3147,17.0,0.3037,30.0,0.3589,27.0,,,0.3604,26.0
2018-10-08,0.334,53.0,0.3103,52.0,0.421,45.0,,,0.2968,8.0,0.3147,17.0,0.3037,30.0,0.3634,28.0,,,0.3478,20.0
2018-10-05,0.2699,36.0,0.2795,42.0,0.355,25.0,,,0.4185,45.0,0.3123,15.0,0.3021,28.0,0.3725,31.0,,,0.355,24.0
2018-10-04,0.267,36.0,0.2603,34.0,0.4185,44.0,,,0.3265,15.0,0.3128,16.0,0.3013,27.0,0.354,24.0,,,0.3615,27.0
2018-10-03,0.2679,36.0,0.2738,39.0,0.425,46.0,,,0.3382,19.0,0.3181,19.0,0.3024,28.0,0.3643,28.0,,,0.3506,22.0
2018-10-02,0.2581,33.0,0.2786,42.0,0.4541,55.0,,,0.2734,4.0,0.3179,18.0,0.3033,30.0,0.3991,42.0,,,0.3328,13.0
2018-10-01,0.2314,27.0,0.2623,35.0,0.4209,45.0,,,0.3306,16.0,0.3165,17.0,0.3028,28.0,0.3593,27.0,,,0.3458,19.0
2018-09-28,0.2279,26.0,0.2733,39.0,0.3645,27.0,,,0.4905,63.0,0.317,18.0,0.3022,28.0,0.3667,28.0,,,0.4141,47.0
2018-09-27,0.4338,71.0,0.3361,60.0,0.381,32.0,,,0.2873,6.0,0.3155,17.0,0.3012,27.0,0.3498,22.0,,,0.3494,21.0
2018-09-26,0.4333,71.0,0.3465,63.0,0.3837,33.0,,,0.3802,32.0,0.3182,19.0,0.3023,28.0,0.4204,51.0,,,0.3515,22.0
2018-09-25,0.4304,70.0,0.355,65.0,0.4056,40.0,,,0.3851,33.0,0.318,18.0,0.3025,28.0,0.3721,31.0,,,0.3598,26.0
2018-09-24,0.41,67.0,0.342,62.0,0.3056,11.0,,,0.311,11.0,0.3175,18.0,0.3017,28.0,0.3747,32.0,,,0.3684,30.0
2018-09-21,0.4032,67.0,0.3385,61.0,0.3399,20.0,,,0.3107,11.0,0.3181,19.0,0.3019,28.0,0.3699,30.0,,,0.3719,31.0
2018-09-20,0.4059,67.0,0.3361,60.0,0.3814,32.0,,,0.3575,25.0,0.318,18.0,0.3042,30.0,0.3746,32.0,,,0.3659,28.0
2018-09-19,0.3234,51.0,0.311,52.0,0.3309,18.0,,,0.3375,19.0,0.3175,18.0,0.3035,30.0,0.3696,30.0,,,0.3712,31.0
2018-09-18,0.1694,12.0,0.2204,17.0,0.4,38.0,,,0.345,21.0,0.3072,13.0,0.3006,26.0,0.3772,33.0,,,0.3698,30.0
2018-09-17,0.1969,18.0,0.2236,18.0,0.3498,23.0,,,0.3432,20.0,0.3132,16.0,0.3023,28.0,0.3774,33.0,,,0.3591,26.0
2018-09-14,0.1838,15.0,0.2068,12.0,0.2876,6.0,,,0.2855,6.0,0.3118,15.0,0.3016,28.0,0.358,26.0,,,0.3513,22.0
2018-09-13,0.1749,13.0,0.2108,13.0,0.2939,8.0,,,0.3032,9.0,0.3134,16.0,0.3027,28.0,0.3719,31.0,,,0.3618,27.0
2018-09-12,0.1784,14.0,0.2039,11.0,0.3452,22.0,,,0.3428,20.0,0.3135,16.0,0.3029,28.0,0.3718,31.0,,,0.3764,33.0
2018-09-11,0.1634,11.0,0.1906,7.0,0.4149,43.0,,,0.3282,16.0,0.3125,15.0,0.3025,28.0,0.3814,35.0,,,0.367,28.0
2018-09-10,0.158,10.0,0.1918,8.0,0.2545,2.0,,,0.3644,27.0,0.3118,15.0,0.3026,28.0,0.3301,13.0,,,0.3678,28.0
2018-09-07,0.1456,7.0,0.1795,5.0,0.337,20.0,,,0.2605,2.0,0.3119,15.0,0.3026,28.0,0.3875,37.0,,,0.3357,15.0
2018-09-06,0.0377,1.0,0.1466,2.0,0.4531,54.0,,,0.3395,19.0,0.3097,14.0,0.3023,28.0,0.37,30.0,,,0.3356,15.0
2018-09-05,0.0426,1.0,0.1401,1.0,0.3605,26.0,,,0.3065,10.0,0.3101,14.0,0.303,28.0,0.3582,26.0,,,0.3405,17.0
2018-09-04,0.0425,1.0,0.1428,1.0,0.4263,47.0,,,0.2994,9.0,0.3115,15.0,0.304,30.0,0.3669,28.0,,,0.3372,15.0
2018-08-31,0.0412,1.0,0.1591,3.0,0.3193,15.0,,,0.2882,7.0,0.3124,15.0,0.3049,31.0,0.3617,28.0,,,0.363,27.0
2018-08-30,0.0742,1.0,0.1569,2.0,0.2892,6.0,,,0.2843,6.0,0.3138,16.0,0.306,32.0,0.3358,15.0,,,0.3528,23.0
2018-08-29,0.1077,3.0,0.1618,3.0,0.3345,19.0,,,0.2815,5.0,0.3147,17.0,0.3073,33.0,0.3344,15.0,,,0.339,16.0
2018-08-28,0.1458,7.0,0.18,5.0,0.3094,12.0,,,0.2746,4.0,0.3147,17.0,0.3078,34.0,0.3407,18.0,,,0.3137,6.0
2018-08-27,0.1391,7.0,0.1828,6.0,0.2912,7.0,,,0.2801,5.0,0.3148,17.0,0.309,35.0,0.3386,17.0,,,0.3177,7.0
2018-08-24,0.1411,7.0,0.1891,7.0,0.3025,10.0,,,0.2889,7.0,0.3175,18.0,0.3102,36.0,0.3332,14.0,,,0.328,11.0
2018-08-23,0.1445,7.0,0.1826,6.0,0.3038,10.0,,,0.286,6.0,0.3186,19.0,0.3104,36.0,0.3641,28.0,,,0.3632,27.0
2018-08-22,0.1574,9.0,0.1781,5.0,0.2968,9.0,,,0.2813,5.0,0.3195,19.0,0.3106,36.0,0.3467,20.0,,,0.3202,8.0
2018-08-21,0.1659,11.0,0.186,6.0,0.307,11.0,,,0.2757,4.0,0.3193,19.0,0.3107,36.0,0.3515,23.0,,,0.32,8.0
2018-08-20,0.161,10.0,0.2019,10.0,0.3467,22.0,,,0.3263,15.0,0.3189,19.0,0.3106,36.0,0.3407,18.0,,,0.3263,10.0
2018-08-17,0.1318,6.0,0.1918,8.0,0.3019,10.0,,,0.3387,19.0,0.318,18.0,0.3114,36.0,0.3296,13.0,,,0.3229,9.0
2018-08-16,0.1324,6.0,0.1972,9.0,0.3075,11.0,,,0.3509,23.0,0.3192,19.0,0.312,37.0,0.3412,18.0,,,0.3523,23.0
2018-08-15,0.1984,19.0,0.2232,18.0,0.4651,57.0,,,0.3382,19.0,0.32,20.0,0.3133,38.0,0.3309,13.0,,,0.362,27.0
2018-08-14,0.4112,68.0,0.3051,50.0,0.3088,12.0,,,0.3453,21.0,0.3205,20.0,0.3148,39.0,0.3417,18.0,,,0.3449,19.0
2018-08-13,0.4084,67.0,0.3165,54.0,0.3613,26.0,,,0.3346,18.0,0.3199,20.0,0.3151,40.0,0.3596,27.0,,,0.348,20.0
2018-08-10,0.4211,69.0,0.3218,56.0,0.3189,14.0,,,0.3498,23.0,0.3213,20.0,0.3171,41.0,0.3359,15.0,,,0.3498,21.0
2018-08-09,0.4329,71.0,0.3331,59.0,0.2981,9.0,,,0.3445,21.0,0.3215,21.0,0.3172,41.0,0.3324,14.0,,,0.3189,8.0
2018-08-08,0.444,72.0,0.5601,90.0,0.3489,23.0,,,0.3463,21.0,0.3248,22.0,0.3193,42.0,0.3524,23.0,,,0.3406,17.0
2018-08-07,0.4499,73.0,0.564,90.0,0.3628,27.0,,,0.3341,18.0,0.3252,22.0,0.3227,46.0,0.3676,30.0,,,0.3341,14.0
2018-08-06,0.4351,71.0,0.5622,90.0,0.232,1.0,,,0.3556,24.0,0.3303,25.0,0.3323,50.0,0.2995,4.0,,,0.3861,35.0
2018-08-03,0.2239,25.0,0.5261,88.0,0.2868,6.0,,,0.3759,31.0,0.3199,20.0,0.3297,49.0,0.33,13.0,,,0.3985,39.0
2018-08-02,0.2174,24.0,0.5195,87.0,0.3158,13.0,,,0.3419,20.0,0.3198,20.0,0.3307,50.0,0.3658,28.0,,,0.3485,21.0
2018-08-01,0.1928,17.0,0.5241,88.0,0.3401,21.0,,,0.3496,23.0,0.3235,21.0,0.3319,50.0,0.3541,24.0,,,0.3859,35.0
2018-07-31,0.148,8.0,0.5126,87.0,0.3686,28.0,,,0.2859,6.0,0.3255,22.0,0.3317,50.0,0.3798,34.0,,,0.3462,20.0
2018-07-30,0.1601,10.0,0.2528,31.0,0.6178,85.0,,,0.5821,80.0,0.3253,22.0,0.3144,39.0,0.378,33.0,,,0.3899,36.0
2018-07-27,0.2092,22.0,0.269,38.0,0.6626,89.0,,,0.5336,72.0,0.3257,22.0,0.3144,39.0,0.4099,46.0,,,0.399,40.0
2018-07-26,0.1789,14.0,0.2569,33.0,0.4764,60.0,,,0.4147,43.0,0.3249,22.0,0.3134,38.0,0.3655,28.0,,,0.3966,39.0
2018-07-25,0.2712,37.0,0.2856,44.0,0.4435,52.0,,,0.4817,61.0,0.325,22.0,0.3131,38.0,0.3831,35.0,,,0.4018,41.0
2018-07-24,0.3144,49.0,0.2951,47.0,0.4914,64.0,,,0.4073,40.0,0.3255,22.0,0.3139,38.0,0.3771,33.0,,,0.3809,34.0
2018-07-23,0.3122,48.0,0.2779,41.0,0.4894,63.0,,,0.5634,78.0,0.3259,22.0,0.3134,38.0,0.3707,31.0,,,0.3907,37.0
2018-07-20,0.3075,47.0,0.2788,42.0,0.5038,66.0,,,0.3787,31.0,0.3265,23.0,0.3135,38.0,0.3854,36.0,,,0.3715,31.0
2018-07-19,0.3291,52.0,0.2768,41.0,0.4208,45.0,,,0.4393,51.0,0.3277,23.0,0.3138,38.0,0.3625,28.0,,,0.4085,44.0
2018-07-18,0.3405,55.0,0.2656,36.0,0.5285,72.0,,,0.4119,42.0,0.3267,23.0,0.3133,38.0,0.3922,39.0,,,0.3849,35.0
2018-07-17,0.3647,60.0,0.2567,33.0,0.436,50.0,,,0.5765,79.0,0.3284,24.0,0.3141,39.0,0.352,23.0,,,0.4181,49.0
2018-07-16,0.2569,33.0,0.2142,14.0,0.5307,72.0,,,0.4252,47.0,0.3253,22.0,0.3129,37.0,0.4115,47.0,,,0.3729,32.0
2018-07-13,0.2855,40.0,0.2203,17.0,0.3901,35.0,,,0.4787,61.0,0.3249,22.0,0.3126,37.0,0.3817,35.0,,,0.394,38.0
2018-07-12,0.3133,48.0,0.2428,27.0,0.4669,57.0,,,0.5447,74.0,0.3253,22.0,0.3131,38.0,0.3971,41.0,,,0.4223,51.0
2018-07-11,0.3586,59.0,0.2559,32.0,0.5545,77.0,,,0.4239,46.0,0.3269,23.0,0.3131,38.0,0.436,57.0,,,0.3922,37.0
2018-07-10,0.3251,51.0,0.2539,32.0,0.5188,70.0,,,0.4122,43.0,0.3284,24.0,0.3137,38.0,0.4113,47.0,,,0.3656,28.0
2018-07-09,0.298,44.0,0.2796,42.0,0.3898,35.0,,,0.4234,46.0,0.3266,23.0,0.3131,38.0,0.3983,41.0,,,0.4077,44.0
2018-07-06,0.3801,63.0,0.2981,48.0,0.4716,59.0,,,0.5046,66.0,0.3266,23.0,0.3135,38.0,0.3878,37.0,,,0.4137,47.0
2018-07-05,0.394,65.0,0.3058,51.0,0.4626,57.0,,,0.4942,64.0,0.3271,23.0,0.3147,39.0,0.404,43.0,,,0.5184,78.0
2018-07-03,0.3854,64.0,0.3112,52.0,0.4184,44.0,,,0.554,76.0,0.3263,23.0,0.314,38.0,0.3804,34.0,,,0.4905,72.0
2018-07-02,0.3652,60.0,0.2951,47.0,0.4135,43.0,,,0.5355,72.0,0.3248,22.0,0.3129,37.0,0.3744,32.0,,,0.4848,70.0
2018-06-29,0.3206,50.0,0.2873,44.0,0.5019,66.0,,,0.4671,57.0,0.3229,21.0,0.3122,37.0,0.3829,35.0,,,0.4264,53.0
2018-06-28,0.4312,70.0,0.356,65.0,0.4499,53.0,,,0.5531,76.0,0.323,21.0,0.3121,37.0,0.3852,36.0,,,0.4497,62.0
2018-06-27,0.4199,69.0,0.3514,64.0,0.4239,46.0,,,0.4257,47.0,0.3199,20.0,0.3103,36.0,0.4594,65.0,,,0.3973,39.0
2018-06-26,0.416,68.0,0.3558,65.0,0.4878,63.0,,,0.4116,42.0,0.3171,18.0,0.3092,35.0,0.3897,38.0,,,0.3818,34.0
2018-06-25,0.4286,70.0,0.3554,65.0,0.3485,23.0,,,0.5133,68.0,0.3172,18.0,0.3088,35.0,0.4446,60.0,,,0.4491,61.0
2018-06-22,0.4321,71.0,0.3373,60.0,0.4639,57.0,,,0.4562,55.0,0.316,17.0,0.3077,34.0,0.4209,52.0,,,0.4016,40.0
2018-06-21,0.4476,73.0,0.3431,62.0,0.4058,40.0,,,0.4212,46.0,0.3176,18.0,0.3086,35.0,0.4124,47.0,,,0.3688,30.0
2018-06-20,0.4381,71.0,0.3307,57.0,0.3908,35.0,,,0.3901,35.0,0.3173,18.0,0.3079,34.0,0.3564,25.0,,,0.4035,42.0
2018-06-19,0.351,57.0,0.2469,28.0,0.437,50.0,,,0.3504,23.0,0.3116,15.0,0.3039,30.0,0.4251,53.0,,,0.385,35.0
2018-06-18,0.2481,31.0,0.2098,13.0,0.3871,34.0,,,0.3052,10.0,0.3075,13.0,0.3023,28.0,0.3972,41.0,,,0.3126,5.0
2018-06-15,0.1287,5.0,0.1798,5.0,0.2871,6.0,,,0.3484,22.0,0.305,12.0,0.3017,28.0,0.3156,8.0,,,0.3581,25.0
2018-06-14,0.1376,6.0,0.1851,6.0,0.2804,5.0,,,0.3486,22.0,0.3071,13.0,0.3037,30.0,0.3055,5.0,,,0.3564,25.0
2018-06-13,0.1248,4.0,0.1946,8.0,0.2978,9.0,,,0.3574,24.0,0.3068,13.0,0.3045,31.0,0.3,4.0,,,0.3576,25.0
2018-06-12,0.1455,7.0,0.2176,16.0,0.3174,14.0,,,0.3376,19.0,0.3057,13.0,0.3047,31.0,0.3202,9.0,,,0.3356,15.0
2018-06-11,0.2183,24.0,0.2393,25.0,0.3127,13.0,,,0.343,20.0,0.306,13.0,0.3049,31.0,0.334,14.0,,,0.3482,21.0
2018-06-08,0.3147,49.0,0.2643,36.0,0.3423,21.0,,,0.3175,13.0,0.3057,13.0,0.3052,31.0,0.3316,13.0,,,0.3304,12.0
2018-06-07,0.3435,55.0,0.2711,38.0,0.3308,18.0,,,0.328,16.0,0.3065,13.0,0.3053,32.0,0.3465,20.0,,,0.328,11.0
2018-06-06,0.3416,55.0,0.3031,50.0,0.3113,12.0,,,0.3383,19.0,0.3065,13.0,0.3053,32.0,0.3236,10.0,,,0.3409,17.0
2018-06-05,0.3355,54.0,0.2907,46.0,0.3234,16.0,,,0.3349,18.0,0.3066,13.0,0.305,31.0,0.3297,13.0,,,0.3385,16.0
2018-06-04,0.3431,55.0,0.2801,42.0,0.3062,11.0,,,0.374,30.0,0.308,13.0,0.305,31.0,0.3049,5.0,,,0.3537,23.0
2018-06-01,0.3307,53.0,0.2587,33.0,0.3206,15.0,,,0.2473,1.0,0.3069,13.0,0.3054,32.0,0.3267,11.0,,,0.3241,9.0
2018-05-31,0.2736,37.0,0.2482,28.0,0.3322,18.0,,,0.3291,16.0,0.3035,12.0,0.3076,33.0,0.3418,18.0,,,0.3406,17.0
2018-05-30,0.1811,14.0,0.2278,19.0,0.3312,18.0,,,0.3249,15.0,0.3022,11.0,0.3076,33.0,0.3339,14.0,,,0.3333,13.0
2018-05-29,0.0454,1.0,0.2138,14.0,0.3281,17.0,,,0.2681,3.0,0.2991,10.0,0.3076,33.0,0.3431,19.0,,,0.3369,15.0
2018-05-25,0.0671,1.0,0.1727,4.0,0.3138,13.0,,,0.2679,3.0,0.2995,10.0,0.3059,32.0,0.3272,12.0,,,0.3468,20.0
2018-05-24,0.0954,2.0,0.1805,5.0,0.3243,16.0,,,0.3186,13.0,0.2994,10.0,0.3061,32.0,0.3399,17.0,,,0.3352,14.0
2018-05-23,0.0944,1.0,0.1914,8.0,0.3309,18.0,,,0.2501,2.0,0.2996,10.0,0.3062,32.0,0.3247,11.0,,,0.3389,16.0
2018-05-22,0.2288,26.0,0.2096,13.0,0.3225,15.0,,,0.3127,12.0,0.3024,11.0,0.3068,33.0,0.3328,14.0,,,0.3289,12.0
2018-05-21,0.2313,27.0,0.2032,11.0,0.3049,10.0,,,0.3288,16.0,0.3037,12.0,0.3068,33.0,0.3332,14.0,,,0.3365,15.0
2018-05-18,0.2313,27.0,0.2007,10.0,0.3248,16.0,,,0.2638,3.0,0.3042,12.0,0.3071,33.0,0.3353,15.0,,,0.3288,11.0
2018-05-17,0.2434,30.0,0.2486,28.0,0.3227,16.0,,,0.2482,2.0,0.3045,12.0,0.3081,34.0,0.3473,21.0,,,0.3367,15.0
2018-05-16,0.2826,39.0,0.2768,41.0,0.3216,15.0,,,0.2644,3.0,0.3058,13.0,0.3083,34.0,0.338,17.0,,,0.3369,15.0
2018-05-15,0.3523,57.0,0.2956,47.0,0.2546,2.0,,,0.2809,5.0,0.3061,13.0,0.3083,34.0,0.3358,15.0,,,0.3389,16.0
2018-05-14,0.4182,69.0,0.3618,66.0,0.3958,37.0,,,0.2557,2.0,0.3061,13.0,0.308,34.0,0.3371,16.0,,,0.3404,17.0
2018-05-11,0.3839,63.0,0.377,69.0,0.325,16.0,,,0.3178,13.0,0.3037,12.0,0.3074,33.0,0.3352,15.0,,,0.3318,13.0
2018-05-10,0.394,65.0,0.3816,70.0,0.3344,19.0,,,0.2627,3.0,0.3033,12.0,0.3077,34.0,0.322,10.0,,,0.3401,17.0
2018-05-09,0.7252,91.0,0.5631,90.0,0.325,16.0,,,0.233,1.0,0.3042,12.0,0.3086,35.0,0.3364,16.0,,,0.3404,17.0
2018-05-08,0.7028,90.0,0.5512,90.0,0.2935,8.0,,,0.2833,5.0,0.305,12.0,0.3086,35.0,0.3331,14.0,,,0.3392,16.0
2018-05-07,0.6397,88.0,0.5378,88.0,0.3354,19.0,,,0.2769,4.0,0.302,11.0,0.3072,33.0,0.3456,20.0,,,0.3296,12.0
2018-05-04,0.6469,88.0,0.5283,88.0,0.3151,13.0,,,0.2515,2.0,0.3012,11.0,0.3083,34.0,0.3381,17.0,,,0.3308,12.0
2018-05-03,0.5724,84.0,0.4905,85.0,0.2853,6.0,,,0.2863,6.0,0.2963,9.0,0.3051,31.0,0.3421,18.0,,,0.3437,19.0
2018-05-02,0.5777,84.0,0.4727,84.0,0.2879,6.0,,,0.2649,3.0,0.2965,9.0,0.3057,32.0,0.3428,19.0,,,0.3379,16.0
2018-05-01,0.5772,84.0,0.4759,84.0,0.299,9.0,,,0.2837,5.0,0.3014,11.0,0.3112,36.0,0.3395,17.0,,,0.3452,19.0
2018-04-30,0.2157,23.0,0.2568,33.0,0.5092,68.0,,,0.4235,46.0,0.3278,23.0,0.3123,37.0,0.3764,33.0,,,0.3564,25.0
2018-04-27,0.237,28.0,0.2452,28.0,0.4404,51.0,,,0.4384,51.0,0.3298,24.0,0.3148,39.0,0.3577,26.0,,,0.3647,28.0
2018-04-26,0.2363,28.0,0.2384,24.0,0.443,52.0,,,0.4537,55.0,0.3296,24.0,0.3151,40.0,0.3585,26.0,,,0.3599,26.0
2018-04-25,0.2478,31.0,0.2353,23.0,0.44,51.0,,,0.3995,38.0,0.3299,24.0,0.3152,40.0,0.3576,26.0,,,0.3553,24.0
2018-04-24,0.2355,28.0,0.2243,18.0,0.4669,57.0,,,0.4207,45.0,0.3295,24.0,0.3147,39.0,0.3645,28.0,,,0.3559,24.0
2018-04-23,0.2334,27.0,0.2172,16.0,0.4035,39.0,,,0.4217,46.0,0.3294,24.0,0.3142,39.0,0.3573,26.0,,,0.3536,23.0
2018-04-20,0.2278,26.0,0.2024,11.0,0.4226,46.0,,,0.4125,43.0,0.3292,24.0,0.3137,38.0,0.3554,25.0,,,0.3583,25.0
2018-04-19,0.179,14.0,0.186,6.0,0.3965,37.0,,,0.4037,39.0,0.3282,23.0,0.3133,38.0,0.3476,21.0,,,0.3547,24.0
2018-04-18,0.2882,41.0,0.2195,17.0,0.4251,46.0,,,0.4183,45.0,0.328,23.0,0.3132,38.0,0.3567,25.0,,,0.3565,25.0
2018-04-17,0.3097,47.0,0.2426,27.0,0.3735,30.0,,,0.4034,39.0,0.3281,23.0,0.3132,38.0,0.3358,15.0,,,0.3549,24.0
2018-04-16,0.3244,51.0,0.2603,34.0,0.3935,36.0,,,0.4063,40.0,0.3279,23.0,0.313,37.0,0.3472,21.0,,,0.3616,27.0
2018-04-13,0.3382,54.0,0.2616,35.0,0.4162,44.0,,,0.4028,39.0,0.3284,24.0,0.3134,38.0,0.3616,28.0,,,0.3561,24.0
2018-04-12,0.3466,56.0,0.262,35.0,0.4107,42.0,,,0.4142,43.0,0.3284,24.0,0.3133,38.0,0.3607,27.0,,,0.3622,27.0
2018-04-11,0.382,63.0,0.2846,43.0,0.3953,37.0,,,0.387,34.0,0.3283,23.0,0.3133,38.0,0.3641,28.0,,,0.3654,28.0
2018-04-10,0.3417,55.0,0.2836,43.0,0.3726,30.0,,,0.4081,41.0,0.3271,23.0,0.3131,38.0,0.3425,19.0,,,0.3725,31.0
2018-04-09,0.2527,32.0,0.2599,34.0,0.3877,34.0,,,0.4106,42.0,0.3221,21.0,0.3116,37.0,0.3537,24.0,,,0.3663,28.0
2018-04-06,0.2407,28.0,0.2496,30.0,0.3677,28.0,,,0.4086,41.0,0.3224,21.0,0.3108,36.0,0.3532,23.0,,,0.3674,28.0
2018-04-05,0.256,33.0,0.2887,45.0,0.4362,50.0,,,0.5239,70.0,0.3221,21.0,0.31,35.0,0.3496,22.0,,,0.3694,30.0
2018-04-04,0.2533,32.0,0.2982,48.0,0.4493,53.0,,,0.486,62.0,0.3215,21.0,0.3101,35.0,0.3659,28.0,,,0.3651,28.0
2018-04-03,0.2961,43.0,0.3278,57.0,0.4249,46.0,,,0.5129,68.0,0.3215,21.0,0.3104,36.0,0.3522,23.0,,,0.3698,30.0
2018-04-02,0.3443,56.0,0.3465,63.0,0.3681,28.0,,,0.4707,59.0,0.3191,19.0,0.3092,35.0,0.3576,26.0,,,0.3769,33.0
2018-03-29,0.355,57.0,0.3415,62.0,0.3976,37.0,,,0.4145,43.0,0.3215,21.0,0.3098,35.0,0.3549,24.0,,,0.3766,33.0
2018-03-28,0.3632,60.0,0.3572,66.0,0.3679,28.0,,,0.4206,45.0,0.3215,21.0,0.3098,35.0,0.3577,26.0,,,0.3696,30.0
2018-03-27,0.3277,52.0,0.3537,65.0,0.4532,54.0,,,0.351,23.0,0.3211,20.0,0.3095,35.0,0.3745,32.0,,,0.3508,22.0
2018-03-26,0.3564,57.0,0.3083,52.0,0.3695,28.0,,,0.4411,51.0,0.3222,21.0,0.3094,35.0,0.3413,18.0,,,0.3772,33.0
2018-03-23,0.3149,49.0,0.2946,47.0,0.3845,33.0,,,0.4059,40.0,0.3215,21.0,0.3086,35.0,0.3739,32.0,,,0.365,28.0
2018-03-22,0.3027,45.0,0.2641,36.0,0.3955,37.0,,,0.3469,22.0,0.3197,20.0,0.3069,33.0,0.3637,28.0,,,0.3574,25.0
2018-03-21,0.1885,16.0,0.2223,18.0,0.4026,39.0,,,0.3423,20.0,0.3132,16.0,0.3045,31.0,0.3543,24.0,,,0.3521,22.0
2018-03-20,0.1815,15.0,0.2412,26.0,0.3657,27.0,,,0.3515,23.0,0.313,16.0,0.3044,31.0,0.3539,24.0,,,0.3508,22.0
2018-03-19,0.1955,18.0,0.2402,25.0,0.3985,38.0,,,0.3553,24.0,0.3121,15.0,0.3036,30.0,0.344,19.0,,,0.3378,16.0
2018-03-16,0.2189,24.0,0.251,30.0,0.3189,14.0,,,0.349,22.0,0.3136,16.0,0.3034,30.0,0.3282,12.0,,,0.3435,18.0
2018-03-15,0.2459,30.0,0.2726,39.0,0.3446,22.0,,,0.3339,18.0,0.3147,17.0,0.3044,31.0,0.3442,19.0,,,0.34,17.0
2018-03-14,0.2599,34.0,0.2966,48.0,0.3338,19.0,,,0.3721,28.0,0.3147,17.0,0.3053,32.0,0.3343,14.0,,,0.3515,22.0
2018-03-13,0.2485,31.0,0.2974,48.0,0.3175,14.0,,,0.3476,22.0,0.3174,18.0,0.3061,32.0,0.343,19.0,,,0.3427,18.0
2018-03-12,0.2496,31.0,0.3061,51.0,0.3553,25.0,,,0.3708,28.0,0.3175,18.0,0.3057,32.0,0.3418,18.0,,,0.3565,25.0
2018-03-09,0.3081,47.0,0.3126,53.0,0.329,17.0,,,0.3691,28.0,0.3177,18.0,0.3053,32.0,0.3408,18.0,,,0.357,25.0
2018-03-08,0.3042,46.0,0.3012,49.0,0.387,34.0,,,0.369,28.0,0.3168,18.0,0.3042,30.0,0.3489,21.0,,,0.3531,23.0
2018-03-07,0.3038,45.0,0.2958,48.0,0.3581,26.0,,,0.4014,39.0,0.3176,18.0,0.3062,32.0,0.3382,17.0,,,0.3621,27.0
2018-03-06,0.255,33.0,0.2758,40.0,0.3441,22.0,,,0.3953,36.0,0.3164,17.0,0.3057,32.0,0.3345,15.0,,,0.3609,26.0
2018-03-05,0.2056,20.0,0.2492,28.0,0.3859,33.0,,,0.3918,35.0,0.3157,17.0,0.3044,31.0,0.3633,28.0,,,0.3652,28.0
2018-03-02,0.1946,18.0,0.2669,37.0,0.3988,38.0,,,0.3975,37.0,0.3169,18.0,0.3056,32.0,0.3794,34.0,,,0.354,23.0
2018-03-01,0.2398,28.0,0.2585,33.0,0.3702,28.0,,,0.3408,20.0,0.3168,18.0,0.3049,31.0,0.3644,28.0,,,0.3638,28.0
2018-02-28,0.2066,21.0,0.2648,36.0,0.3984,38.0,,,0.3476,22.0,0.3145,17.0,0.3043,31.0,0.3869,37.0,,,0.3441,19.0
2018-02-27,0.1951,18.0,0.2871,44.0,0.4108,42.0,,,0.3153,12.0,0.3132,16.0,0.3037,30.0,0.3843,36.0,,,0.3405,17.0
2018-02-26,0.1836,15.0,0.2867,44.0,0.365,27.0,,,0.3324,17.0,0.3121,15.0,0.3032,30.0,0.3592,27.0,,,0.3343,14.0
2018-02-23,0.2431,30.0,0.3247,57.0,0.3723,30.0,,,0.3403,20.0,0.3119,15.0,0.3035,30.0,0.35,22.0,,,0.3337,14.0
2018-02-22,0.2476,31.0,0.337,60.0,0.2812,5.0,,,0.3485,22.0,0.312,15.0,0.3036,30.0,0.3453,20.0,,,0.3384,16.0
2018-02-21,0.2939,42.0,0.3537,65.0,0.3676,28.0,,,0.3478,22.0,0.3118,15.0,0.3023,28.0,0.3332,14.0,,,0.3561,24.0
2018-02-20,0.3043,46.0,0.3995,74.0,0.3821,32.0,,,0.3384,19.0,0.3109,14.0,0.3021,28.0,0.3486,21.0,,,0.3317,13.0
2018-02-16,0.3578,57.0,0.5159,87.0,0.2698,4.0,,,0.3496,23.0,0.3099,14.0,0.3006,26.0,0.335,15.0,,,0.347,20.0
2018-02-15,0.3152,49.0,0.5128,87.0,0.2302,1.0,,,0.3456,21.0,0.3099,14.0,0.2998,26.0,0.33,13.0,,,0.3514,22.0
2018-02-14,0.3081,47.0,0.5275,88.0,0.3268,17.0,,,0.335,18.0,0.3099,14.0,0.2995,26.0,0.3411,18.0,,,0.3416,18.0
2018-02-13,0.4436,72.0,0.5236,88.0,0.2394,1.0,,,0.325,15.0,0.3091,14.0,0.2975,24.0,0.3349,15.0,,,0.3616,27.0
2018-02-12,0.5059,78.0,0.5274,88.0,0.3394,20.0,,,0.353,24.0,0.3091,14.0,0.2991,25.0,0.3506,22.0,,,0.3638,28.0
2018-02-09,0.4578,74.0,0.5094,86.0,0.3428,21.0,,,0.6666,90.0,0.3081,13.0,0.2983,25.0,0.3387,17.0,,,0.3684,30.0
2018-02-08,0.4617,74.0,0.4731,84.0,0.2857,6.0,,,0.3772,31.0,0.3085,14.0,0.2951,23.0,0.346,20.0,,,0.3723,31.0
2018-02-07,0.3291,52.0,0.3176,54.0,0.4017,38.0,,,0.5375,73.0,0.3023,11.0,0.2844,16.0,0.3672,30.0,,,0.3611,27.0
2018-02-06,0.3139,49.0,0.2963,48.0,0.4242,46.0,,,0.6962,92.0,0.3066,13.0,0.2839,16.0,0.3954,40.0,,,0.4004,40.0
2018-02-05,0.33,53.0,0.2791,42.0,0.468,57.0,,,0.4886,63.0,0.3071,13.0,0.2826,16.0,0.4222,52.0,,,0.3356,15.0
2018-02-02,0.2552,33.0,0.2494,30.0,0.4281,48.0,,,0.3835,33.0,0.3026,11.0,0.2808,15.0,0.3928,39.0,,,0.3354,14.0
2018-02-01,0.1889,16.0,0.2334,22.0,0.3786,31.0,,,0.4237,46.0,0.299,10.0,0.2803,15.0,0.3647,28.0,,,0.3724,31.0
2018-01-31,0.2293,26.0,0.2391,25.0,0.4608,56.0,,,0.3851,33.0,0.2998,10.0,0.2803,15.0,0.3706,31.0,,,0.3671,28.0
2018-01-30,0.2165,24.0,0.2447,27.0,0.3852,33.0,,,0.4019,39.0,0.2994,10.0,0.2801,15.0,0.3667,28.0,,,0.3772,33.0
2018-01-29,0.2808,39.0,0.2708,38.0,0.3966,37.0,,,0.4113,42.0,0.3006,11.0,0.2804,15.0,0.3804,34.0,,,0.3616,27.0
2018-01-26,0.2993,44.0,0.282,43.0,0.3597,26.0,,,0.4254,47.0,0.3624,33.0,0.317,41.0,0.3348,15.0,,,0.3613,27.0
2018-01-25,0.3029,45.0,0.2705,38.0,0.3968,37.0,,,0.371,28.0,0.3621,33.0,0.3168,40.0,0.3787,34.0,,,0.3638,28.0
2018-01-24,0.3097,47.0,0.272,39.0,0.3838,33.0,,,0.4001,38.0,0.3626,33.0,0.3169,40.0,0.367,28.0,,,0.3676,28.0
2018-01-23,0.3234,51.0,0.2717,39.0,0.4063,40.0,,,0.3841,33.0,0.3621,33.0,0.3171,41.0,0.3743,32.0,,,0.3728,32.0
2018-01-22,0.3269,52.0,0.2748,40.0,0.3496,23.0,,,0.3792,31.0,0.3623,33.0,0.3174,41.0,0.3305,13.0,,,0.3677,28.0
2018-01-19,0.3362,54.0,0.2633,35.0,0.4316,49.0,,,0.3803,32.0,0.3621,33.0,0.3167,40.0,0.3459,20.0,,,0.3651,28.0
2018-01-18,0.3285,52.0,0.2424,26.0,0.3901,35.0,,,0.3648,27.0,0.3607,33.0,0.3155,40.0,0.3734,32.0,,,0.3588,26.0
2018-01-17,0.3111,48.0,0.2554,32.0,0.3292,17.0,,,0.3846,33.0,0.3599,32.0,0.315,39.0,0.3295,13.0,,,0.3726,32.0
2018-01-16,0.3116,48.0,0.2517,31.0,0.4392,51.0,,,0.4244,46.0,0.3593,32.0,0.3144,39.0,0.3555,25.0,,,0.3419,18.0
2018-01-12,0.3065,46.0,0.2381,24.0,0.4765,60.0,,,0.3692,28.0,0.3593,32.0,0.3139,38.0,0.3693,30.0,,,0.3461,20.0
2018-01-11,0.267,36.0,0.2339,22.0,0.3926,36.0,,,0.4048,39.0,0.3584,32.0,0.3142,39.0,0.3366,16.0,,,0.3379,16.0
2018-01-10,0.1894,16.0,0.2167,16.0,0.4201,45.0,,,0.3912,35.0,0.3569,32.0,0.3142,39.0,0.3376,16.0,,,0.349,21.0
2018-01-09,0.1919,17.0,0.2174,16.0,0.4066,40.0,,,0.3741,30.0,0.3567,32.0,0.314,38.0,0.337,16.0,,,0.3393,16.0
2018-01-08,0.1553,9.0,0.2054,11.0,0.3759,31.0,,,0.4009,38.0,0.3558,31.0,0.3137,38.0,0.3489,21.0,,,0.3421,18.0
2018-01-05,0.157,9.0,0.169,4.0,0.3683,28.0,,,0.3898,35.0,0.3554,31.0,0.3126,37.0,0.3371,16.0,,,0.3416,18.0
2018-01-04,0.1014,2.0,0.1653,3.0,0.3851,33.0,,,0.3694,28.0,0.3549,31.0,0.3125,37.0,0.3541,24.0,,,0.3492,21.0
2018-01-03,0.1329,6.0,0.2007,10.0,0.395,37.0,,,0.3401,20.0,0.3561,31.0,0.313,37.0,0.3431,19.0,,,0.3421,18.0
2018-01-02,0.1624,11.0,0.1881,7.0,0.3496,23.0,,,0.3473,22.0,0.3581,32.0,0.3142,39.0,0.3562,25.0,,,0.3585,25.0
2017-12-29,0.1771,13.0,0.1919,8.0,0.3644,27.0,,,0.3258,15.0,0.3591,32.0,0.314,38.0,0.355,24.0,,,0.3281,11.0
2017-12-28,0.1843,15.0,0.19,7.0,0.3371,20.0,,,0.3422,20.0,0.3591,32.0,0.314,38.0,0.3435,19.0,,,0.3493,21.0
2017-12-27,0.1779,14.0,0.1872,7.0,0.381,32.0,,,0.3501,23.0,0.359,32.0,0.3139,38.0,0.3557,25.0,,,0.346,20.0
2017-12-26,0.2554,33.0,0.2673,37.0,0.3594,26.0,,,0.3359,18.0,0.3587,32.0,0.3149,39.0,0.3506,22.0,,,0.3499,21.0
2017-12-22,0.2597,34.0,0.2827,43.0,0.4281,48.0,,,0.3405,20.0,0.3597,32.0,0.3152,40.0,0.354,24.0,,,0.3436,19.0
2017-12-21,0.1951,18.0,0.2734,39.0,0.2386,1.0,,,0.3335,17.0,0.3606,33.0,0.3148,39.0,0.3358,15.0,,,0.3324,13.0
2017-12-20,0.2138,23.0,0.2784,42.0,0.3678,28.0,,,0.3198,13.0,0.3614,33.0,0.315,39.0,0.3407,18.0,,,0.3357,15.0
2017-12-19,0.2134,23.0,0.274,39.0,0.3077,11.0,,,0.3283,16.0,0.3617,33.0,0.3149,39.0,0.3373,16.0,,,0.3345,14.0
2017-12-18,0.1862,15.0,0.2761,41.0,0.4069,40.0,,,0.3542,24.0,0.3618,33.0,0.3151,40.0,0.3456,20.0,,,0.3542,24.0
2017-12-15,0.1895,16.0,0.2667,37.0,0.3317,18.0,,,0.351,23.0,0.3628,33.0,0.3152,40.0,0.3238,10.0,,,0.3517,22.0
2017-12-14,0.1304,5.0,0.2177,16.0,0.3525,24.0,,,0.3321,17.0,0.3609,33.0,0.3131,38.0,0.3376,16.0,,,0.347,20.0
2017-12-13,0.1888,16.0,0.2071,12.0,0.3661,28.0,,,0.3349,18.0,0.3607,33.0,0.3122,37.0,0.3661,28.0,,,0.3349,14.0
2017-12-12,0.2051,20.0,0.2344,22.0,0.3782,31.0,,,0.3169,12.0,0.3636,33.0,0.3126,37.0,0.364,28.0,,,0.3372,15.0
2017-12-11,0.2049,20.0,0.2935,47.0,0.3336,19.0,,,0.3453,21.0,0.3642,34.0,0.3126,37.0,0.3336,14.0,,,0.3453,19.0
2017-12-08,0.2245,25.0,0.3086,52.0,0.2847,6.0,,,0.2934,7.0,0.3642,34.0,0.3124,37.0,0.3272,12.0,,,0.3519,22.0
2017-12-07,0.189,16.0,0.3142,54.0,0.3232,16.0,,,0.2717,4.0,0.3635,33.0,0.3121,37.0,0.3256,11.0,,,0.3412,17.0
2017-12-06,0.2128,22.0,0.3129,53.0,0.2813,5.0,,,0.2534,2.0,0.3641,34.0,0.3123,37.0,0.3449,20.0,,,0.3345,14.0
2017-12-05,0.2026,20.0,0.3113,52.0,0.3223,15.0,,,0.261,2.0,0.3682,35.0,0.314,38.0,0.3847,36.0,,,0.3663,28.0
2017-12-04,0.19,16.0,0.3019,49.0,0.3821,32.0,,,0.2643,3.0,0.3669,34.0,0.3137,38.0,0.375,32.0,,,0.3725,31.0
2017-12-01,0.2416,28.0,0.287,44.0,0.2695,4.0,,,0.3097,11.0,0.3674,35.0,0.3136,38.0,0.361,27.0,,,0.3837,35.0
2017-11-30,0.2798,39.0,0.2291,20.0,0.3496,23.0,,,0.2782,5.0,0.3676,35.0,0.3109,36.0,0.3377,16.0,,,0.3349,14.0
2017-11-29,0.2527,32.0,0.2167,16.0,0.3432,21.0,,,0.3407,20.0,0.3669,34.0,0.3099,35.0,0.3645,28.0,,,0.361,26.0
2017-11-28,0.256,33.0,0.2269,19.0,0.2993,9.0,,,0.2484,2.0,0.37,35.0,0.3105,36.0,0.3361,15.0,,,0.3335,14.0
2017-11-27,0.2761,38.0,0.2387,25.0,0.302,10.0,,,0.2558,2.0,0.3704,36.0,0.3112,36.0,0.3302,13.0,,,0.3286,11.0
2017-11-24,0.3076,47.0,0.2377,24.0,0.2765,4.0,,,0.3122,11.0,0.374,37.0,0.313,37.0,0.324,10.0,,,0.3375,16.0
2017-11-22,0.3227,51.0,0.2378,24.0,0.3812,32.0,,,0.2744,4.0,0.3741,37.0,0.3135,38.0,0.3546,24.0,,,0.3498,21.0
2017-11-21,0.2471,31.0,0.2255,19.0,0.2665,3.0,,,0.2525,2.0,0.3716,36.0,0.3129,37.0,0.3253,11.0,,,0.3261,10.0
2017-11-20,0.2284,26.0,0.2261,19.0,0.4021,39.0,,,0.3224,14.0,0.3707,36.0,0.3141,39.0,0.333,14.0,,,0.3289,12.0
2017-11-17,0.2364,28.0,0.2381,24.0,0.3119,12.0,,,0.3184,13.0,0.3705,36.0,0.3139,38.0,0.3434,19.0,,,0.3278,11.0
2017-11-16,0.2606,34.0,0.2573,33.0,0.3191,15.0,,,0.3111,11.0,0.3702,35.0,0.3132,38.0,0.3421,18.0,,,0.3251,10.0
2017-11-15,0.2336,27.0,0.2532,31.0,0.3182,14.0,,,0.3262,15.0,0.369,35.0,0.3126,37.0,0.3343,14.0,,,0.3336,14.0
2017-11-14,0.2257,26.0,0.2952,47.0,0.3048,10.0,,,0.324,14.0,0.3681,35.0,0.3123,37.0,0.3271,12.0,,,0.3256,10.0
2017-11-13,0.1775,14.0,0.3142,54.0,0.3112,12.0,,,0.323,14.0,0.3675,35.0,0.3126,37.0,0.3298,13.0,,,0.334,14.0
2017-11-10,0.1757,13.0,0.3508,64.0,0.2786,4.0,,,0.3269,15.0,0.3684,35.0,0.3127,37.0,0.3435,19.0,,,0.341,17.0
2017-11-09,0.354,57.0,0.4293,79.0,0.2632,3.0,,,0.3199,13.0,0.373,36.0,0.3131,38.0,0.3487,21.0,,,0.3302,12.0
2017-11-08,0.8381,95.0,0.5978,92.0,0.3079,11.0,,,0.2827,5.0,0.3723,36.0,0.3123,37.0,0.329,12.0,,,0.3265,10.0
2017-11-07,0.8948,96.0,0.6109,93.0,0.2743,4.0,,,0.2799,5.0,0.3717,36.0,0.311,36.0,0.329,12.0,,,0.3263,10.0
2017-11-06,0.8859,96.0,0.6137,93.0,0.2764,4.0,,,0.3126,12.0,0.3733,36.0,0.3113,36.0,0.3389,17.0,,,0.3369,15.0
2017-11-03,0.8858,96.0,0.596,92.0,0.3252,16.0,,,0.349,22.0,0.3729,36.0,0.311,36.0,0.3454,20.0,,,0.3472,20.0
2017-11-02,0.8873,96.0,0.5882,92.0,0.3297,18.0,,,0.2969,8.0,0.3724,36.0,0.3101,35.0,0.3408,18.0,,,0.3358,15.0
2017-11-01,0.8894,96.0,0.5628,90.0,0.3455,22.0,,,0.423,46.0,0.3722,36.0,0.3078,34.0,0.3582,26.0,,,0.3634,27.0
2017-10-31,0.8268,94.0,0.5043,86.0,0.3188,14.0,,,0.2347,1.0,0.3679,35.0,0.3018,28.0,0.3237,10.0,,,0.3253,10.0
2017-10-30,0.2685,36.0,0.2784,42.0,0.501,66.0,,,0.5538,76.0,0.3153,17.0,0.2844,16.0,0.3555,25.0,,,0.3598,26.0
2017-10-27,0.1735,13.0,0.2049,11.0,0.4082,41.0,,,0.4784,61.0,0.3127,16.0,0.2808,15.0,0.3519,23.0,,,0.3536,23.0
2017-10-26,0.1742,13.0,0.1869,7.0,0.4353,49.0,,,0.4436,52.0,0.3126,16.0,0.2802,15.0,0.3451,20.0,,,0.3528,23.0
2017-10-25,0.1803,14.0,0.178,5.0,0.4145,43.0,,,0.3612,26.0,0.3127,16.0,0.2921,21.0,0.3561,25.0,,,0.3626,27.0
2017-10-24,0.2039,20.0,0.1895,7.0,0.4493,53.0,,,0.4306,48.0,0.3125,15.0,0.292,21.0,0.3529,23.0,,,0.3541,24.0
2017-10-23,0.2049,20.0,0.1938,8.0,0.4542,55.0,,,0.3974,37.0,0.3131,16.0,0.2926,21.0,0.3535,24.0,,,0.3475,20.0
2017-10-20,0.201,19.0,0.1914,8.0,0.4398,51.0,,,0.4453,52.0,0.3131,16.0,0.2926,21.0,0.3447,20.0,,,0.3482,21.0
2017-10-19,0.1293,5.0,0.1781,5.0,0.413,42.0,,,0.4431,52.0,0.3123,15.0,0.2924,21.0,0.3597,27.0,,,0.3574,25.0
2017-10-18,0.1241,4.0,0.1757,4.0,0.396,37.0,,,0.4374,50.0,0.3124,15.0,0.2925,21.0,0.3573,26.0,,,0.351,22.0
2017-10-17,0.1553,9.0,0.1818,6.0,0.3967,37.0,,,0.4072,40.0,0.3125,15.0,0.2927,21.0,0.3588,27.0,,,0.3526,23.0
2017-10-16,0.1642,11.0,0.1844,6.0,0.407,40.0,,,0.4171,44.0,0.3125,15.0,0.293,22.0,0.3471,21.0,,,0.3497,21.0
2017-10-13,0.1573,9.0,0.1789,5.0,0.3679,28.0,,,0.415,43.0,0.3123,15.0,0.293,22.0,0.353,23.0,,,0.3677,28.0
2017-10-12,0.1611,10.0,0.19,7.0,0.3923,36.0,,,0.399,38.0,0.3167,17.0,0.2945,23.0,0.3472,21.0,,,0.3514,22.0
2017-10-11,0.1611,10.0,0.1881,7.0,0.4576,56.0,,,0.5472,74.0,0.317,18.0,0.2946,23.0,0.3512,22.0,,,0.3389,16.0
2017-10-10,0.2215,24.0,0.2113,13.0,0.4636,57.0,,,0.4626,57.0,0.3168,18.0,0.2946,23.0,0.3496,22.0,,,0.3552,24.0
2017-10-09,0.2202,24.0,0.2185,16.0,0.3701,28.0,,,0.4143,43.0,0.3174,18.0,0.295,23.0,0.3536,24.0,,,0.3496,21.0
2017-10-06,0.2144,23.0,0.2195,17.0,0.3621,26.0,,,0.406,40.0,0.3164,17.0,0.2949,23.0,0.3498,22.0,,,0.3524,23.0
2017-10-05,0.2358,28.0,0.2771,41.0,0.3907,35.0,,,0.4249,47.0,0.3162,17.0,0.295,23.0,0.3766,33.0,,,0.3641,28.0
2017-10-04,0.1939,18.0,0.2706,38.0,0.4275,47.0,,,0.3649,27.0,0.3167,17.0,0.2951,23.0,0.3512,22.0,,,0.3519,22.0
2017-10-03,0.1958,18.0,0.2644,36.0,0.4072,40.0,,,0.4103,42.0,0.3196,20.0,0.2957,23.0,0.3567,25.0,,,0.3601,26.0
2017-10-02,0.1953,18.0,0.2636,36.0,0.3546,25.0,,,0.404,39.0,0.3195,19.0,0.2962,24.0,0.3428,19.0,,,0.3517,22.0
2017-09-29,0.1552,9.0,0.2392,25.0,0.3737,30.0,,,0.3806,32.0,0.3175,18.0,0.2957,23.0,0.3482,21.0,,,0.3537,23.0
2017-09-28,0.1682,12.0,0.245,28.0,0.3661,28.0,,,0.3457,21.0,0.3176,18.0,0.296,24.0,0.3455,20.0,,,0.3547,24.0
2017-09-27,0.2404,28.0,0.2425,26.0,0.3319,18.0,,,0.3832,33.0,0.3217,21.0,0.2982,25.0,0.3392,17.0,,,0.3449,19.0
2017-09-26,0.2288,26.0,0.2016,10.0,0.4052,40.0,,,0.3686,28.0,0.3192,19.0,0.2953,23.0,0.3612,27.0,,,0.3568,25.0
2017-09-25,0.2289,26.0,0.2255,19.0,0.3324,19.0,,,0.4122,43.0,0.319,19.0,0.2951,23.0,0.3592,27.0,,,0.3731,32.0
2017-09-22,0.3043,46.0,0.2461,28.0,0.3315,18.0,,,0.373,30.0,0.319,19.0,0.2951,23.0,0.3578,26.0,,,0.356,24.0
2017-09-21,0.3039,46.0,0.2501,30.0,0.3656,27.0,,,0.3506,23.0,0.3189,19.0,0.2952,23.0,0.3533,23.0,,,0.3584,25.0
2017-09-20,0.3266,52.0,0.2605,34.0,0.3462,22.0,,,0.3212,13.0,0.3189,19.0,0.2962,24.0,0.3682,30.0,,,0.3743,32.0
2017-09-19,0.3131,48.0,0.252,31.0,0.4034,39.0,,,0.3276,16.0,0.3176,18.0,0.2961,24.0,0.3782,34.0,,,0.3605,26.0
2017-09-18,0.3063,46.0,0.3049,50.0,0.3414,21.0,,,0.3523,23.0,0.3165,17.0,0.2959,24.0,0.3564,25.0,,,0.3523,23.0
2017-09-15,0.284,40.0,0.2971,48.0,0.3425,21.0,,,0.3332,17.0,0.3146,17.0,0.2949,23.0,0.3587,26.0,,,0.3571,25.0
2017-09-14,0.2838,40.0,0.2784,42.0,0.4024,39.0,,,0.3116,11.0,0.3145,17.0,0.2939,22.0,0.3786,34.0,,,0.35,21.0
2017-09-13,0.2326,27.0,0.2882,45.0,0.3524,24.0,,,0.3154,12.0,0.3127,16.0,0.2934,22.0,0.3488,21.0,,,0.3486,21.0
2017-09-12,0.2208,24.0,0.2913,46.0,0.3167,14.0,,,0.3929,36.0,0.3127,16.0,0.2937,22.0,0.3473,21.0,,,0.3707,31.0
2017-09-11,0.2178,24.0,0.2953,47.0,0.3315,18.0,,,0.3615,26.0,0.3149,17.0,0.2941,22.0,0.3562,25.0,,,0.3523,23.0
2017-09-08,0.2155,23.0,0.2934,47.0,0.3699,28.0,,,0.3256,15.0,0.3148,17.0,0.294,22.0,0.3647,28.0,,,0.3638,28.0
2017-09-07,0.1673,12.0,0.2353,23.0,0.3638,27.0,,,0.3869,34.0,0.3122,15.0,0.2911,20.0,0.3804,34.0,,,0.3759,33.0
2017-09-06,0.168,12.0,0.2289,20.0,0.3318,18.0,,,0.3322,17.0,0.3121,15.0,0.2905,20.0,0.3601,27.0,,,0.3537,23.0
2017-09-05,0.1743,13.0,0.2318,21.0,0.3389,20.0,,,0.3093,11.0,0.3122,15.0,0.2906,20.0,0.3612,27.0,,,0.3619,27.0
2017-09-01,0.1099,3.0,0.1898,7.0,0.3378,20.0,,,0.3793,32.0,0.3115,15.0,0.2891,19.0,0.3434,19.0,,,0.3746,32.0
2017-08-31,0.1112,3.0,0.191,7.0,0.316,13.0,,,0.3007,9.0,0.3115,15.0,0.2892,19.0,0.3604,27.0,,,0.3461,20.0
2017-08-30,0.0828,1.0,0.1747,4.0,0.3021,10.0,,,0.3208,13.0,0.3124,15.0,0.2898,19.0,0.3638,28.0,,,0.3562,25.0
2017-08-29,0.1248,4.0,0.2006,10.0,0.3525,24.0,,,0.3369,18.0,0.3122,15.0,0.2908,20.0,0.3695,30.0,,,0.3607,26.0
2017-08-28,0.1223,4.0,0.2055,11.0,0.2832,5.0,,,0.3041,9.0,0.3125,15.0,0.292,21.0,0.3627,28.0,,,0.3534,23.0
2017-08-25,0.1502,8.0,0.2057,11.0,0.294,8.0,,,0.3144,12.0,0.3145,17.0,0.2924,21.0,0.3568,25.0,,,0.3571,25.0
2017-08-24,0.1502,8.0,0.2573,33.0,0.3193,15.0,,,0.3395,19.0,0.3163,17.0,0.2924,21.0,0.3656,28.0,,,0.3569,25.0
2017-08-23,0.2018,19.0,0.2871,44.0,0.3025,10.0,,,0.3471,22.0,0.3168,18.0,0.293,22.0,0.3567,25.0,,,0.3625,27.0
2017-08-22,0.2451,30.0,0.2921,46.0,0.3415,21.0,,,0.3598,25.0,0.3179,18.0,0.293,22.0,0.3758,33.0,,,0.354,23.0
2017-08-21,0.2372,28.0,0.3131,53.0,0.3604,26.0,,,0.3554,24.0,0.3184,19.0,0.2929,22.0,0.3775,33.0,,,0.3644,28.0
2017-08-18,0.2993,44.0,0.315,54.0,0.3148,13.0,,,0.3659,28.0,0.3183,19.0,0.2923,21.0,0.3587,26.0,,,0.3657,28.0
2017-08-17,0.2931,42.0,0.3227,56.0,0.2877,6.0,,,0.3703,28.0,0.3182,19.0,0.2918,21.0,0.3563,25.0,,,0.3694,30.0
2017-08-16,0.2942,43.0,0.3196,55.0,0.4062,40.0,,,0.3807,32.0,0.318,18.0,0.2913,20.0,0.3678,30.0,,,0.3628,27.0
2017-08-15,0.2622,34.0,0.2915,46.0,0.3339,19.0,,,0.3337,17.0,0.318,18.0,0.2888,18.0,0.3665,28.0,,,0.3634,27.0
2017-08-14,0.2528,32.0,0.274,39.0,0.3704,28.0,,,0.4307,48.0,0.3167,17.0,0.2871,18.0,0.3713,31.0,,,0.3664,28.0
2017-08-11,0.1716,12.0,0.2673,37.0,0.4631,57.0,,,0.3687,28.0,0.3172,18.0,0.2882,18.0,0.3746,32.0,,,0.3924,37.0
2017-08-10,0.1718,12.0,0.2465,28.0,0.3754,31.0,,,0.4288,48.0,0.317,18.0,0.2868,18.0,0.3832,35.0,,,0.3743,32.0
2017-08-09,0.7824,93.0,0.6628,95.0,0.2878,6.0,,,0.451,54.0,0.3136,16.0,0.2858,17.0,0.3526,23.0,,,0.3695,30.0
2017-08-08,0.8099,94.0,0.6642,95.0,0.3301,18.0,,,0.3938,36.0,0.3165,17.0,0.2877,18.0,0.372,31.0,,,0.3529,23.0
2017-08-07,0.8079,94.0,0.667,95.0,0.3301,18.0,,,0.402,39.0,0.3181,19.0,0.2908,20.0,0.3567,25.0,,,0.3713,31.0
2017-08-04,0.808,94.0,0.6661,95.0,0.3642,27.0,,,0.3188,13.0,0.3178,18.0,0.2902,19.0,0.3618,28.0,,,0.359,26.0
2017-08-03,0.8026,94.0,0.6705,95.0,0.3232,16.0,,,0.3592,25.0,0.3176,18.0,0.2906,20.0,0.3732,32.0,,,0.3542,24.0
2017-08-02,0.805,94.0,0.6682,95.0,0.3435,21.0,,,0.335,18.0,0.3203,20.0,0.2916,20.0,0.3549,24.0,,,0.354,23.0
2017-08-01,0.82,94.0,0.6668,95.0,0.3118,12.0,,,0.3797,32.0,0.3203,20.0,0.2914,20.0,0.3446,19.0,,,0.3576,25.0
2017-07-31,0.1925,17.0,0.2392,25.0,0.4034,39.0,,,0.3978,37.0,0.2499,2.0,0.2513,6.0,0.3764,33.0,,,0.367,28.0
2017-07-28,0.1695,12.0,0.2146,15.0,0.3932,36.0,,,0.4186,45.0,0.2496,2.0,0.2509,6.0,0.388,37.0,,,0.3576,25.0
2017-07-27,0.1959,18.0,0.2013,10.0,0.4785,61.0,,,0.4353,50.0,0.2503,2.0,0.2511,6.0,0.3652,28.0,,,0.3507,22.0
2017-07-26,0.2013,19.0,0.2034,11.0,0.4253,47.0,,,0.3335,17.0,0.2509,3.0,0.2507,6.0,0.3757,32.0,,,0.3523,23.0
2017-07-25,0.1941,18.0,0.2005,10.0,0.3638,27.0,,,0.4346,49.0,0.2504,2.0,0.2506,6.0,0.3576,26.0,,,0.3545,24.0
2017-07-24,0.1934,17.0,0.1974,9.0,0.3611,26.0,,,0.3441,21.0,0.2506,3.0,0.2516,6.0,0.3588,27.0,,,0.3604,26.0
2017-07-21,0.1931,17.0,0.1954,8.0,0.3701,28.0,,,0.3486,22.0,0.2521,3.0,0.2517,6.0,0.3507,22.0,,,0.3436,19.0
2017-07-20,0.1716,12.0,0.1982,9.0,0.3895,35.0,,,0.403,39.0,0.2519,3.0,0.2519,6.0,0.3547,24.0,,,0.3522,23.0
2017-07-19,0.1767,13.0,0.2059,12.0,0.3623,27.0,,,0.3792,31.0,0.2523,3.0,0.2524,6.0,0.3588,27.0,,,0.3481,20.0
2017-07-18,0.217,24.0,0.215,15.0,0.3955,37.0,,,0.416,44.0,0.252,3.0,0.2525,6.0,0.3489,21.0,,,0.3556,24.0
2017-07-17,0.253,32.0,0.2342,22.0,0.346,22.0,,,0.3974,37.0,0.251,3.0,0.2521,6.0,0.3429,19.0,,,0.3667,28.0
2017-07-14,0.2626,35.0,0.2117,14.0,0.3617,26.0,,,0.3641,27.0,0.2496,2.0,0.251,6.0,0.3613,28.0,,,0.3553,24.0
2017-07-13,0.2693,36.0,0.2186,16.0,0.3785,31.0,,,0.36,25.0,0.2497,2.0,0.2516,6.0,0.3618,28.0,,,0.3649,28.0
2017-07-12,0.2686,36.0,0.217,16.0,0.4227,46.0,,,0.3575,25.0,0.2501,2.0,0.2518,6.0,0.3529,23.0,,,0.3547,24.0
2017-07-11,0.273,37.0,0.2309,21.0,0.3622,26.0,,,0.398,37.0,0.2512,3.0,0.2521,6.0,0.3567,25.0,,,0.3598,26.0
2017-07-10,0.2964,43.0,0.2402,25.0,0.3762,31.0,,,0.364,27.0,0.2513,3.0,0.252,6.0,0.3531,23.0,,,0.3502,22.0
2017-07-07,0.3181,50.0,0.2453,28.0,0.2987,9.0,,,0.3904,35.0,0.2502,2.0,0.2529,6.0,0.3354,15.0,,,0.366,28.0
2017-07-06,0.2973,44.0,0.2091,13.0,0.4187,44.0,,,0.3614,26.0,0.2473,2.0,0.2521,6.0,0.3662,28.0,,,0.3514,22.0
2017-07-05,0.2783,38.0,0.2152,15.0,0.3888,34.0,,,0.3734,30.0,0.2466,2.0,0.2526,6.0,0.3548,24.0,,,0.3748,32.0
2017-07-03,0.2922,42.0,0.2199,17.0,0.3672,28.0,,,0.3751,30.0,0.2546,3.0,0.2567,7.0,0.3591,27.0,,,0.3586,25.0
2017-06-30,0.3169,49.0,0.2377,24.0,0.352,24.0,,,0.3523,23.0,0.2551,3.0,0.257,7.0,0.3454,20.0,,,0.3606,26.0
2017-06-29,0.3083,47.0,0.2265,19.0,0.3932,36.0,,,0.3338,17.0,0.2555,3.0,0.2565,7.0,0.3585,26.0,,,0.3455,19.0
2017-06-28,0.2902,41.0,0.2141,14.0,0.3384,20.0,,,0.3641,27.0,0.2542,3.0,0.256,7.0,0.3399,17.0,,,0.3613,27.0
2017-06-27,0.2979,44.0,0.2252,19.0,0.3523,24.0,,,0.3525,23.0,0.251,3.0,0.2553,7.0,0.3476,21.0,,,0.3422,18.0
2017-06-26,0.2977,44.0,0.2251,19.0,0.363,27.0,,,0.3349,18.0,0.2498,2.0,0.256,7.0,0.3509,22.0,,,0.3468,20.0
2017-06-23,0.2927,42.0,0.2177,16.0,0.333,19.0,,,0.3284,16.0,0.2497,2.0,0.2557,7.0,0.3569,25.0,,,0.3478,20.0
2017-06-22,0.2702,36.0,0.2058,12.0,0.3479,23.0,,,0.3482,22.0,0.2488,2.0,0.2557,7.0,0.3562,25.0,,,0.3498,21.0
2017-06-21,0.2607,34.0,0.1988,9.0,0.3397,20.0,,,0.3658,28.0,0.2472,2.0,0.2552,7.0,0.3424,19.0,,,0.3541,24.0
2017-06-20,0.3423,55.0,0.2402,25.0,0.3216,15.0,,,0.2978,8.0,0.2473,2.0,0.2564,7.0,0.3321,14.0,,,0.3559,24.0
2017-06-19,0.3474,56.0,0.2451,28.0,0.318,14.0,,,0.3068,10.0,0.2471,2.0,0.2566,7.0,0.3516,23.0,,,0.366,28.0
2017-06-16,0.2971,43.0,0.2578,33.0,0.3603,26.0,,,0.3009,9.0,0.2435,2.0,0.2578,7.0,0.3645,28.0,,,0.3514,22.0
2017-06-15,0.3072,47.0,0.2607,34.0,0.3445,22.0,,,0.3104,11.0,0.2422,1.0,0.258,7.0,0.3543,24.0,,,0.3613,27.0
2017-06-14,0.3137,49.0,0.2611,34.0,0.3425,21.0,,,0.3395,19.0,0.2423,1.0,0.2595,8.0,0.3435,19.0,,,0.3604,26.0
2017-06-13,0.3555,57.0,0.2859,44.0,0.3734,30.0,,,0.3114,11.0,0.2426,2.0,0.2601,8.0,0.3858,36.0,,,0.3342,14.0
2017-06-12,0.3818,63.0,0.292,46.0,0.3382,20.0,,,0.2982,8.0,0.2416,1.0,0.2602,8.0,0.3769,33.0,,,0.3439,19.0
2017-06-09,0.3694,61.0,0.2926,46.0,0.3235,16.0,,,0.2962,8.0,0.2351,1.0,0.2591,8.0,0.3505,22.0,,,0.3396,17.0
2017-06-08,0.3695,61.0,0.2978,48.0,0.2975,9.0,,,0.311,11.0,0.2391,1.0,0.2602,8.0,0.3446,19.0,,,0.3513,22.0
2017-06-07,0.359,59.0,0.2718,39.0,0.2918,7.0,,,0.2762,4.0,0.2424,1.0,0.2602,8.0,0.3392,17.0,,,0.3402,17.0
2017-06-06,0.3539,57.0,0.2973,48.0,0.3054,11.0,,,0.3046,10.0,0.2423,1.0,0.2603,8.0,0.3581,26.0,,,0.3515,22.0
2017-06-05,0.3384,55.0,0.3008,49.0,0.3321,18.0,,,0.2954,8.0,0.2485,2.0,0.2645,9.0,0.3691,30.0,,,0.3375,16.0
2017-06-02,0.2035,20.0,0.2844,43.0,0.2884,6.0,,,0.342,20.0,0.2469,2.0,0.2636,9.0,0.3244,11.0,,,0.3762,33.0
2017-06-01,0.2026,20.0,0.2698,38.0,0.2884,6.0,,,0.3233,14.0,0.2465,2.0,0.2627,8.0,0.3161,8.0,,,0.3677,28.0
2017-05-31,0.0555,1.0,0.221,17.0,0.3301,18.0,,,0.3652,27.0,0.2419,1.0,0.2608,8.0,0.3668,28.0,,,0.3555,24.0
2017-05-30,0.0454,1.0,0.2162,15.0,0.3168,14.0,,,0.3831,33.0,0.2417,1.0,0.2611,8.0,0.3469,20.0,,,0.3666,28.0
2017-05-26,0.1055,2.0,0.222,17.0,0.3681,28.0,,,0.2992,9.0,0.2425,2.0,0.2615,8.0,0.3861,36.0,,,0.3328,13.0
2017-05-25,0.2963,43.0,0.1973,9.0,0.341,21.0,,,0.3303,16.0,0.2425,2.0,0.2605,8.0,0.3406,18.0,,,0.3755,33.0
2017-05-24,0.2919,42.0,0.1974,9.0,0.3843,33.0,,,0.3209,13.0,0.2449,2.0,0.2618,8.0,0.3859,36.0,,,0.3695,30.0
2017-05-23,0.3074,47.0,0.2059,12.0,0.3395,20.0,,,0.3331,17.0,0.2453,2.0,0.2624,8.0,0.352,23.0,,,0.3692,30.0
2017-05-22,0.34,55.0,0.2231,18.0,0.3324,19.0,,,0.3209,13.0,0.2478,2.0,0.2633,8.0,0.3486,21.0,,,0.3569,25.0
2017-05-19,0.3461,56.0,0.2696,38.0,0.3588,26.0,,,0.3177,13.0,0.2478,2.0,0.2637,9.0,0.3548,24.0,,,0.3678,28.0
2017-05-18,0.3461,56.0,0.2656,36.0,0.342,21.0,,,0.3178,13.0,0.2479,2.0,0.2641,9.0,0.3541,24.0,,,0.3788,33.0
2017-05-17,0.3323,53.0,0.2622,35.0,0.3538,24.0,,,0.3398,19.0,0.2466,2.0,0.2636,9.0,0.3674,30.0,,,0.3556,24.0
2017-05-16,0.2399,28.0,0.2486,28.0,0.3328,19.0,,,0.3432,20.0,0.2392,1.0,0.2632,8.0,0.3431,19.0,,,0.3682,30.0
2017-05-15,0.2385,28.0,0.2501,30.0,0.3499,23.0,,,0.277,4.0,0.2392,1.0,0.2642,9.0,0.3591,27.0,,,0.3606,26.0
2017-05-12,0.2069,21.0,0.2367,23.0,0.3712,28.0,,,0.3484,22.0,0.2386,1.0,0.2668,9.0,0.3723,31.0,,,0.3533,23.0
2017-05-11,0.1538,9.0,0.2258,19.0,0.3744,30.0,,,0.2647,3.0,0.2389,1.0,0.2672,10.0,0.3831,35.0,,,0.3403,17.0
2017-05-10,0.1364,6.0,0.392,72.0,0.3318,18.0,,,0.3069,10.0,0.2464,2.0,0.268,10.0,0.3531,23.0,,,0.3587,25.0
2017-05-09,0.137,6.0,0.3914,72.0,0.3172,14.0,,,0.3285,16.0,0.2586,3.0,0.2736,12.0,0.3377,16.0,,,0.3626,27.0
2017-05-08,0.1227,4.0,0.394,73.0,0.355,25.0,,,0.3056,10.0,0.2581,3.0,0.2748,13.0,0.363,28.0,,,0.3705,31.0
2017-05-05,0.1316,6.0,0.3962,73.0,0.2949,8.0,,,0.2867,6.0,0.2595,3.0,0.2755,13.0,0.3707,31.0,,,0.3587,25.0
2017-05-04,0.1947,18.0,0.4,74.0,0.2587,3.0,,,0.3151,12.0,0.2599,3.0,0.2772,14.0,0.3576,26.0,,,0.3654,28.0
2017-05-03,0.2005,19.0,0.4014,74.0,0.3369,20.0,,,0.2838,6.0,0.2622,4.0,0.2789,14.0,0.3535,24.0,,,0.3638,28.0
2017-05-02,0.2075,21.0,0.4014,74.0,0.257,2.0,,,0.3981,37.0,0.2639,4.0,0.2789,14.0,0.3373,16.0,,,0.383,34.0
2017-05-01,0.1733,13.0,0.2022,11.0,0.5459,75.0,,,0.5637,78.0,0.2629,4.0,0.2676,10.0,0.3967,41.0,,,0.3984,39.0
2017-04-28,0.1918,17.0,0.2163,15.0,0.5378,74.0,,,0.4709,59.0,0.266,4.0,0.2691,10.0,0.4018,43.0,,,0.3709,31.0
2017-04-27,0.2282,26.0,0.2388,25.0,0.4794,61.0,,,0.5283,71.0,0.2646,4.0,0.2692,10.0,0.384,36.0,,,0.4025,41.0
2017-04-26,0.2238,25.0,0.2403,25.0,0.4392,51.0,,,0.5639,78.0,0.266,4.0,0.2705,11.0,0.3618,28.0,,,0.4111,46.0
2017-04-25,0.2165,24.0,0.2329,22.0,0.5292,72.0,,,0.4873,63.0,0.2662,4.0,0.2704,11.0,0.3831,35.0,,,0.3911,37.0
2017-04-24,0.2224,25.0,0.2251,19.0,0.5073,67.0,,,0.4491,53.0,0.2663,4.0,0.27,11.0,0.39,38.0,,,0.3979,39.0
2017-04-21,0.2563,33.0,0.2264,19.0,0.5148,69.0,,,0.4823,62.0,0.2701,5.0,0.2714,11.0,0.4198,51.0,,,0.4062,43.0
2017-04-20,0.2639,35.0,0.2225,18.0,0.5337,73.0,,,0.4844,62.0,0.2704,5.0,0.2754,13.0,0.419,51.0,,,0.398,39.0
2017-04-19,0.2496,31.0,0.21,13.0,0.4537,55.0,,,0.5292,71.0,0.2763,5.0,0.276,13.0,0.3893,38.0,,,0.4274,53.0
2017-04-18,0.1542,9.0,0.187,7.0,0.4072,40.0,,,0.5043,66.0,0.294,9.0,0.2806,15.0,0.3963,40.0,,,0.4249,52.0
2017-04-17,0.2453,30.0,0.2278,19.0,0.498,65.0,,,0.5096,67.0,0.3062,13.0,0.2899,19.0,0.4134,48.0,,,0.4167,48.0
2017-04-13,0.2675,36.0,0.2364,23.0,0.4409,51.0,,,0.4653,57.0,0.3064,13.0,0.2902,19.0,0.4152,49.0,,,0.4321,55.0
2017-04-12,0.2619,34.0,0.2408,26.0,0.4827,62.0,,,0.4518,54.0,0.3056,13.0,0.2904,19.0,0.412,47.0,,,0.3902,36.0
2017-04-11,0.3351,54.0,0.2892,45.0,0.4539,55.0,,,0.5761,79.0,0.3073,13.0,0.2903,19.0,0.4051,44.0,,,0.4206,50.0
2017-04-10,0.3373,54.0,0.284,43.0,0.4526,54.0,,,0.5755,79.0,0.3073,13.0,0.2902,19.0,0.3957,40.0,,,0.4237,52.0
2017-04-07,0.3137,49.0,0.2696,38.0,0.4661,57.0,,,0.3863,34.0,0.3109,14.0,0.291,20.0,0.4246,53.0,,,0.3885,36.0
2017-04-06,0.2728,37.0,0.2515,31.0,0.4327,49.0,,,0.5337,72.0,0.311,15.0,0.2906,20.0,0.4059,44.0,,,0.4068,43.0
2017-04-05,0.2753,38.0,0.2447,27.0,0.4715,59.0,,,0.4007,38.0,0.3125,15.0,0.2906,20.0,0.4117,47.0,,,0.3992,40.0
2017-04-04,0.2493,31.0,0.2505,30.0,0.4325,49.0,,,0.4508,54.0,0.3122,15.0,0.2904,19.0,0.3975,41.0,,,0.4043,42.0
2017-04-03,0.2477,31.0,0.2472,28.0,0.4658,57.0,,,0.3921,35.0,0.3118,15.0,0.29,19.0,0.3975,41.0,,,0.3892,36.0
2017-03-31,0.0804,1.0,0.1863,6.0,0.4492,53.0,,,0.4649,57.0,0.3071,13.0,0.2876,18.0,0.4021,43.0,,,0.4051,43.0
2017-03-30,0.1111,3.0,0.1909,7.0,0.4616,56.0,,,0.4868,63.0,0.3071,13.0,0.288,18.0,0.4042,44.0,,,0.4041,42.0
2017-03-29,0.1043,2.0,0.1981,9.0,0.4133,43.0,,,0.478,60.0,0.3086,14.0,0.2888,18.0,0.3906,38.0,,,0.4093,45.0
2017-03-28,0.1058,2.0,0.208,12.0,0.4342,49.0,,,0.4604,56.0,0.3121,15.0,0.2899,19.0,0.3911,38.0,,,0.4076,44.0
2017-03-27,0.0964,2.0,0.2145,15.0,0.467,57.0,,,0.473,59.0,0.3127,16.0,0.2899,19.0,0.3898,38.0,,,0.4083,44.0
2017-03-24,0.2365,28.0,0.213,14.0,0.4251,46.0,,,0.371,28.0,0.3129,16.0,0.2892,19.0,0.4018,43.0,,,0.396,38.0
2017-03-23,0.2375,28.0,0.2037,11.0,0.4032,39.0,,,0.4244,46.0,0.3128,16.0,0.2889,19.0,0.4,42.0,,,0.4047,42.0
2017-03-22,0.2375,28.0,0.2053,11.0,0.4221,46.0,,,0.3378,19.0,0.3154,17.0,0.2896,19.0,0.4186,51.0,,,0.403,41.0
2017-03-21,0.2234,25.0,0.2056,11.0,0.3929,36.0,,,0.3655,27.0,0.324,22.0,0.2926,21.0,0.4017,43.0,,,0.4074,44.0
2017-03-20,0.2207,24.0,0.2062,12.0,0.3974,37.0,,,0.3806,32.0,0.326,22.0,0.2931,22.0,0.3884,37.0,,,0.4109,46.0
2017-03-17,0.1955,18.0,0.198,9.0,0.3676,28.0,,,0.3756,30.0,0.326,22.0,0.293,22.0,0.3974,41.0,,,0.41,45.0
2017-03-16,0.1906,17.0,0.1982,9.0,0.3373,20.0,,,0.429,48.0,0.3262,23.0,0.2924,21.0,0.3718,31.0,,,0.4197,50.0
2017-03-15,0.1492,8.0,0.2089,13.0,0.3863,34.0,,,0.3804,32.0,0.3242,22.0,0.2918,21.0,0.3965,40.0,,,0.4116,46.0
2017-03-14,0.1448,7.0,0.2322,21.0,0.3675,28.0,,,0.3883,34.0,0.3273,23.0,0.2935,22.0,0.397,41.0,,,0.4156,48.0
2017-03-13,0.1761,13.0,0.2553,32.0,0.4392,51.0,,,0.3314,17.0,0.3273,23.0,0.2937,22.0,0.4178,50.0,,,0.4053,43.0
2017-03-10,0.2508,32.0,0.2686,38.0,0.3997,38.0,,,0.3658,28.0,0.3293,24.0,0.2942,22.0,0.3938,40.0,,,0.4286,54.0
2017-03-09,0.2913,42.0,0.2704,38.0,0.3908,35.0,,,0.4584,56.0,0.3302,25.0,0.2946,23.0,0.3996,42.0,,,0.4098,45.0
2017-03-08,0.2909,42.0,0.2749,40.0,0.398,37.0,,,0.3881,34.0,0.3329,26.0,0.2949,23.0,0.4003,42.0,,,0.4149,47.0
2017-03-07,0.3023,45.0,0.2748,40.0,0.4045,39.0,,,0.4699,59.0,0.3339,26.0,0.2945,23.0,0.3921,39.0,,,0.4318,55.0
2017-03-06,0.3084,47.0,0.2498,30.0,0.398,37.0,,,0.4113,42.0,0.3327,25.0,0.2933,22.0,0.3987,41.0,,,0.4244,52.0
2017-03-03,0.3114,48.0,0.2355,23.0,0.393,36.0,,,0.3646,27.0,0.3332,26.0,0.2927,21.0,0.395,40.0,,,0.4099,45.0
2017-03-02,0.3114,48.0,0.2007,10.0,0.3694,28.0,,,0.3174,13.0,0.3332,26.0,0.2915,20.0,0.4231,52.0,,,0.4092,45.0
2017-03-01,0.2366,28.0,0.1762,5.0,0.3797,32.0,,,0.4109,42.0,0.3305,25.0,0.2912,20.0,0.399,42.0,,,0.4114,46.0
2017-02-28,0.2022,20.0,0.168,3.0,0.3415,21.0,,,0.3592,25.0,0.3295,24.0,0.2914,20.0,0.3854,36.0,,,0.4255,52.0
2017-02-27,0.1945,18.0,0.1495,2.0,0.3747,31.0,,,0.3507,23.0,0.3294,24.0,0.2913,20.0,0.3833,35.0,,,0.4255,52.0
2017-02-24,0.2187,24.0,0.1884,7.0,0.3678,28.0,,,0.3824,33.0,0.3287,24.0,0.2915,20.0,0.4155,49.0,,,0.4017,41.0
2017-02-23,0.167,11.0,0.1868,7.0,0.4215,46.0,,,0.3774,31.0,0.3276,23.0,0.2924,21.0,0.3999,42.0,,,0.3824,34.0
2017-02-22,0.1554,9.0,0.1798,5.0,0.3629,27.0,,,0.3446,21.0,0.3273,23.0,0.292,21.0,0.4136,48.0,,,0.4132,47.0
2017-02-21,0.2159,23.0,0.2492,28.0,0.3933,36.0,,,0.3922,35.0,0.3275,23.0,0.292,21.0,0.4046,44.0,,,0.4169,48.0
2017-02-17,0.2299,27.0,0.3117,53.0,0.3719,30.0,,,0.3525,23.0,0.3276,23.0,0.2922,21.0,0.3833,35.0,,,0.4234,51.0
2017-02-16,0.2573,33.0,0.3164,54.0,0.398,37.0,,,0.3993,38.0,0.3286,24.0,0.293,22.0,0.4128,47.0,,,0.4176,48.0
2017-02-15,0.2795,38.0,0.333,59.0,0.3974,37.0,,,0.3031,9.0,0.3293,24.0,0.2934,22.0,0.4102,46.0,,,0.4181,49.0
2017-02-14,0.3333,53.0,0.3258,57.0,0.4106,41.0,,,0.3942,36.0,0.3323,25.0,0.293,22.0,0.4052,44.0,,,0.4042,42.0
2017-02-13,0.3462,56.0,0.3287,57.0,0.3998,38.0,,,0.3881,34.0,0.3327,25.0,0.2934,22.0,0.407,45.0,,,0.4102,45.0
2017-02-10,0.352,57.0,0.3335,59.0,0.3954,37.0,,,0.3091,11.0,0.3328,25.0,0.2933,22.0,0.3875,37.0,,,0.4198,50.0
2017-02-09,0.2899,41.0,0.2991,49.0,0.318,14.0,,,0.3233,14.0,0.3319,25.0,0.2914,20.0,0.4045,44.0,,,0.4402,57.0
2017-02-08,0.2825,39.0,0.2521,31.0,0.774,95.0,,,0.7348,94.0,0.3302,25.0,0.2879,18.0,0.4425,60.0,,,0.4504,62.0
2017-02-07,0.2935,42.0,0.2542,32.0,0.7107,93.0,,,0.7479,95.0,0.331,25.0,0.2877,18.0,0.4406,59.0,,,0.4483,61.0
2017-02-06,0.3176,50.0,0.2562,32.0,0.6996,92.0,,,0.7082,92.0,0.3306,25.0,0.2867,18.0,0.4512,63.0,,,0.4358,57.0
2017-02-03,0.2681,36.0,0.2481,28.0,0.654,89.0,,,0.6951,92.0,0.3279,23.0,0.2859,17.0,0.4139,48.0,,,0.4524,62.0
2017-02-02,0.2796,39.0,0.2507,30.0,0.664,89.0,,,0.6278,86.0,0.3274,23.0,0.2861,17.0,0.4546,64.0,,,0.4452,60.0
2017-02-01,0.2834,40.0,0.2507,30.0,0.667,90.0,,,0.6126,84.0,0.3285,24.0,0.286,17.0,0.4184,51.0,,,0.443,59.0
2017-01-31,0.289,41.0,0.2439,27.0,0.5853,81.0,,,0.6633,90.0,0.329,24.0,0.2856,17.0,0.4241,53.0,,,0.4634,65.0
2017-01-30,0.2552,33.0,0.2297,20.0,0.6297,86.0,,,0.6578,89.0,0.3275,23.0,0.2852,17.0,0.4354,57.0,,,0.4499,62.0
2017-01-27,0.2198,24.0,0.2325,22.0,0.5938,82.0,,,0.5797,80.0,0.3276,23.0,0.2862,17.0,0.4429,60.0,,,0.439,57.0
2017-01-26,0.1388,7.0,0.2098,13.0,0.444,52.0,,,0.556,77.0,0.326,22.0,0.2856,17.0,0.4432,60.0,,,0.4482,61.0
2017-01-25,0.1231,4.0,0.1982,9.0,0.5548,77.0,,,0.586,81.0,0.3258,22.0,0.2854,17.0,0.4374,57.0,,,0.4534,63.0
2017-01-24,0.0912,1.0,0.1968,9.0,0.4986,65.0,,,0.5422,73.0,0.3255,22.0,0.2854,17.0,0.4325,56.0,,,0.4502,62.0
2017-01-23,0.1564,9.0,0.2012,10.0,0.5307,72.0,,,0.5918,82.0,0.3256,22.0,0.2853,17.0,0.4237,52.0,,,0.4609,65.0
2017-01-20,0.1525,8.0,0.1988,9.0,0.534,73.0,,,0.5344,72.0,0.3253,22.0,0.2849,17.0,0.4506,63.0,,,0.4406,57.0
2017-01-19,0.1702,12.0,0.2231,18.0,0.5271,71.0,,,0.5425,73.0,0.3252,22.0,0.2852,17.0,0.438,57.0,,,0.4438,60.0
2017-01-18,0.1751,13.0,0.2338,22.0,0.5091,68.0,,,0.5493,75.0,0.3256,22.0,0.2851,17.0,0.4369,57.0,,,0.452,62.0
2017-01-17,0.1952,18.0,0.2433,27.0,0.5228,70.0,,,0.4136,43.0,0.3566,31.0,0.2898,19.0,0.4193,51.0,,,0.4229,51.0
2017-01-13,0.3281,52.0,0.3066,51.0,0.3959,37.0,,,0.5124,68.0,0.3569,32.0,0.2895,19.0,0.4424,60.0,,,0.4442,60.0
2017-01-12,0.3315,53.0,0.3076,51.0,0.4195,45.0,,,0.5089,67.0,0.3582,32.0,0.2905,20.0,0.4386,57.0,,,0.442,59.0
2017-01-11,0.3429,55.0,0.3046,50.0,0.5087,68.0,,,0.5074,67.0,0.3575,32.0,0.2907,20.0,0.4437,60.0,,,0.4545,63.0
2017-01-10,0.3355,54.0,0.306,51.0,0.4175,44.0,,,0.4731,59.0,0.3575,32.0,0.2906,20.0,0.4432,60.0,,,0.4468,61.0
2017-01-09,0.3259,52.0,0.2858,44.0,0.3789,32.0,,,0.4506,54.0,0.357,32.0,0.2898,19.0,0.4411,59.0,,,0.424,52.0
2017-01-06,0.326,52.0,0.2817,43.0,0.3873,34.0,,,0.3249,15.0,0.3574,32.0,0.2892,19.0,0.4521,63.0,,,0.3988,39.0
2017-01-05,0.3265,52.0,0.2718,39.0,0.389,35.0,,,0.3643,27.0,0.3573,32.0,0.2891,19.0,0.4569,64.0,,,0.3886,36.0
2017-01-04,0.1326,6.0,0.1972,9.0,0.4121,42.0,,,0.3814,32.0,0.3527,31.0,0.2858,17.0,0.403,43.0,,,0.4261,53.0
2017-01-03,0.1264,5.0,0.1985,9.0,0.3822,32.0,,,0.4535,55.0,0.3587,32.0,0.2874,18.0,0.4189,51.0,,,0.4093,45.0
2016-12-30,0.1084,3.0,0.2251,19.0,0.2805,5.0,,,0.4408,51.0,0.3583,32.0,0.2879,18.0,0.3686,30.0,,,0.4036,42.0
2016-12-29,0.0872,1.0,0.2255,19.0,0.2754,4.0,,,0.4508,54.0,0.3586,32.0,0.2891,19.0,0.393,39.0,,,0.4142,47.0
2016-12-28,0.0881,1.0,0.2708,38.0,0.2867,6.0,,,0.4357,50.0,0.361,33.0,0.2898,19.0,0.4142,48.0,,,0.3988,39.0
2016-12-27,0.0413,1.0,0.2629,35.0,0.3744,30.0,,,0.4285,48.0,0.3611,33.0,0.2908,20.0,0.3846,36.0,,,0.4139,47.0
2016-12-23,0.0765,1.0,0.2867,44.0,0.2784,4.0,,,0.3323,17.0,0.3628,33.0,0.292,21.0,0.3878,37.0,,,0.4157,48.0
2016-12-22,0.1067,2.0,0.2875,45.0,0.2539,2.0,,,0.3549,24.0,0.3654,34.0,0.2926,21.0,0.3978,41.0,,,0.4155,48.0
2016-12-21,0.1105,3.0,0.2921,46.0,0.3409,21.0,,,0.32,13.0,0.3658,34.0,0.293,22.0,0.4072,45.0,,,0.4122,46.0
2016-12-20,0.1161,3.0,0.2869,44.0,0.2817,5.0,,,0.2642,3.0,0.3709,36.0,0.2931,22.0,0.3812,35.0,,,0.3632,27.0
2016-12-19,0.2225,25.0,0.3058,51.0,0.3303,18.0,,,0.3738,30.0,0.3846,41.0,0.2934,22.0,0.4146,48.0,,,0.3856,35.0
2016-12-16,0.2907,41.0,0.2981,48.0,0.3023,10.0,,,0.3269,15.0,0.3846,41.0,0.2916,20.0,0.3909,38.0,,,0.4074,44.0
2016-12-15,0.3069,46.0,0.2983,48.0,0.341,21.0,,,0.3263,15.0,0.3846,41.0,0.2912,20.0,0.4162,49.0,,,0.3983,39.0
2016-12-14,0.3691,61.0,0.3379,60.0,0.3711,28.0,,,0.3266,15.0,0.385,41.0,0.291,20.0,0.3982,41.0,,,0.3922,37.0
2016-12-13,0.3559,57.0,0.3378,60.0,0.3481,23.0,,,0.3308,17.0,0.3853,41.0,0.2909,20.0,0.4182,50.0,,,0.4261,53.0
2016-12-12,0.3687,61.0,0.3301,57.0,0.3301,18.0,,,0.3564,24.0,0.3853,41.0,0.2905,20.0,0.3988,41.0,,,0.434,56.0
2016-12-09,0.335,54.0,0.3186,55.0,0.2631,3.0,,,0.3769,31.0,0.3852,41.0,0.29,19.0,0.3696,30.0,,,0.4477,61.0
2016-12-08,0.3413,55.0,0.3114,53.0,0.2587,3.0,,,0.3478,22.0,0.3834,40.0,0.29,19.0,0.3724,31.0,,,0.4433,59.0
2016-12-07,0.3431,55.0,0.2927,47.0,0.3014,10.0,,,0.3678,28.0,0.3804,39.0,0.2884,18.0,0.414,48.0,,,0.4046,42.0
2016-12-06,0.3233,51.0,0.2997,49.0,0.4284,48.0,,,0.4905,63.0,0.3801,39.0,0.2882,18.0,0.3564,25.0,,,0.4552,63.0
2016-12-05,0.2642,35.0,0.2566,33.0,0.3191,15.0,,,0.4371,50.0,0.3761,37.0,0.2847,17.0,0.4199,51.0,,,0.4443,60.0
2016-12-02,0.2114,22.0,0.2641,36.0,0.3452,22.0,,,0.2905,7.0,0.3746,37.0,0.2848,17.0,0.4487,62.0,,,0.426,53.0
2016-12-01,0.2434,30.0,0.2792,42.0,0.3264,17.0,,,0.3559,24.0,0.3745,37.0,0.2847,17.0,0.4241,53.0,,,0.4524,62.0
2016-11-30,0.2444,30.0,0.2754,40.0,0.394,36.0,,,0.2995,9.0,0.3742,37.0,0.2845,16.0,0.4574,64.0,,,0.4295,54.0
2016-11-29,0.2472,31.0,0.2724,39.0,0.3708,28.0,,,0.304,9.0,0.3756,37.0,0.2845,16.0,0.4446,60.0,,,0.4131,46.0
2016-11-28,0.2217,25.0,0.2558,32.0,0.2996,9.0,,,0.3857,33.0,0.3752,37.0,0.2836,16.0,0.4289,54.0,,,0.4442,60.0
2016-11-25,0.2266,26.0,0.2525,31.0,0.2821,5.0,,,0.3983,38.0,0.3785,39.0,0.285,17.0,0.3934,39.0,,,0.4474,61.0
2016-11-23,0.178,14.0,0.2463,28.0,0.3312,18.0,,,0.3235,14.0,0.3784,38.0,0.2856,17.0,0.4304,55.0,,,0.4408,57.0
2016-11-22,0.1657,11.0,0.2897,45.0,0.315,13.0,,,0.4373,50.0,0.3791,39.0,0.2849,17.0,0.3971,41.0,,,0.4547,63.0
2016-11-21,0.1854,15.0,0.2944,47.0,0.439,50.0,,,0.2441,1.0,0.3778,38.0,0.2842,16.0,0.4323,56.0,,,0.4364,57.0
2016-11-18,0.3216,51.0,0.3368,60.0,0.4483,53.0,,,0.3338,17.0,0.3779,38.0,0.2839,16.0,0.4485,62.0,,,0.4447,60.0
2016-11-17,0.4023,67.0,0.4008,74.0,0.4443,52.0,,,0.34,19.0,0.378,38.0,0.2831,16.0,0.4377,57.0,,,0.4264,53.0
2016-11-16,0.4015,66.0,0.4184,77.0,0.4442,52.0,,,0.3826,33.0,0.3793,39.0,0.2834,16.0,0.4289,54.0,,,0.4429,59.0
2016-11-15,0.3666,60.0,0.4238,78.0,0.4225,46.0,,,0.6014,83.0,0.3793,39.0,0.2836,16.0,0.4233,52.0,,,0.4625,65.0
2016-11-14,0.3341,54.0,0.433,79.0,0.4325,49.0,,,0.3147,12.0,0.3806,39.0,0.2834,16.0,0.4358,57.0,,,0.4565,64.0
2016-11-11,0.4294,70.0,0.4152,76.0,0.3676,28.0,,,0.4308,48.0,0.3826,40.0,0.2821,16.0,0.368,30.0,,,0.4307,55.0
2016-11-10,0.4871,77.0,0.4046,75.0,0.2876,6.0,,,0.457,56.0,0.3816,40.0,0.2818,16.0,0.3686,30.0,,,0.4564,64.0
2016-11-09,0.435,71.0,0.3873,71.0,0.3524,24.0,,,0.5394,73.0,0.3757,37.0,0.2801,15.0,0.3423,18.0,,,0.47,67.0
2016-11-08,0.3195,50.0,0.333,59.0,0.4191,45.0,,,0.4102,42.0,0.3676,35.0,0.2756,13.0,0.4063,45.0,,,0.4288,54.0
2016-11-07,0.3225,51.0,0.3193,55.0,0.4841,62.0,,,0.3652,27.0,0.3682,35.0,0.2749,13.0,0.4507,63.0,,,0.4388,57.0
2016-11-04,0.315,49.0,0.3299,57.0,0.5684,79.0,,,0.4548,55.0,0.3677,35.0,0.2772,14.0,0.4518,63.0,,,0.4454,60.0
2016-11-03,0.3062,46.0,0.3069,51.0,0.6116,84.0,,,0.4171,44.0,0.3678,35.0,0.2754,13.0,0.4751,68.0,,,0.4594,64.0
2016-11-02,0.327,52.0,0.3055,51.0,0.4112,42.0,,,0.3778,31.0,0.3673,35.0,0.2741,12.0,0.459,65.0,,,0.4437,60.0
2016-11-01,0.3162,49.0,0.3651,67.0,0.437,50.0,,,0.4968,65.0,0.3666,34.0,0.2741,12.0,0.4445,60.0,,,0.4519,62.0
2016-10-31,0.3799,63.0,0.3633,67.0,0.2497,2.0,,,0.5512,75.0,0.3668,34.0,0.2731,12.0,0.4164,50.0,,,0.4588,64.0
2016-10-28,0.4421,72.0,0.421,77.0,0.3475,23.0,,,0.3813,32.0,0.3641,34.0,0.2716,12.0,0.4176,50.0,,,0.4537,63.0
2016-10-27,0.3984,66.0,0.4963,85.0,0.4751,60.0,,,0.3622,26.0,0.3636,33.0,0.2717,12.0,0.442,59.0,,,0.431,55.0
2016-10-26,0.3954,66.0,0.5,86.0,0.4654,57.0,,,0.4055,40.0,0.364,34.0,0.2715,11.0,0.4562,64.0,,,0.4406,57.0
2016-10-25,0.4142,68.0,0.5014,86.0,0.4368,50.0,,,0.357,24.0,0.3648,34.0,0.2718,12.0,0.4312,55.0,,,0.4418,59.0
2016-10-24,0.4633,74.0,0.4905,85.0,0.4063,40.0,,,0.4516,54.0,0.3854,41.0,0.2816,15.0,0.4132,48.0,,,0.4418,59.0
2016-10-21,0.4395,71.0,0.4466,80.0,0.4303,48.0,,,0.4271,47.0,0.386,42.0,0.278,14.0,0.4693,67.0,,,0.4279,53.0
2016-10-20,0.4716,75.0,0.4313,79.0,0.5115,68.0,,,0.4225,46.0,0.3834,40.0,0.2773,14.0,0.424,53.0,,,0.401,40.0
2016-10-19,0.3314,53.0,0.3737,69.0,3.562,100.0,,,2.0579,100.0,0.3684,35.0,0.271,11.0,0.4474,61.0,,,0.4124,46.0
2016-10-18,0.3577,57.0,0.2677,37.0,1.1766,100.0,,,0.8625,98.0,0.3599,32.0,0.2632,8.0,0.4803,70.0,,,0.4099,45.0
2016-10-17,0.3631,60.0,0.244,27.0,0.9578,99.0,,,0.9834,100.0,0.3592,32.0,0.2653,9.0,0.452,63.0,,,0.4485,61.0
2016-10-14,0.3635,60.0,0.2404,25.0,0.9307,99.0,,,0.7921,97.0,0.5151,74.0,0.2741,12.0,0.4488,62.0,,,0.455,63.0
2016-10-13,0.3638,60.0,0.2317,21.0,0.9085,99.0,,,0.7952,97.0,0.5152,74.0,0.2741,12.0,0.4624,65.0,,,0.439,57.0
2016-10-12,0.3473,56.0,0.2356,23.0,0.7436,94.0,,,0.712,93.0,0.5145,74.0,0.2742,12.0,0.436,57.0,,,0.4311,55.0
2016-10-11,0.3521,57.0,0.2402,25.0,0.701,92.0,,,0.6209,85.0,0.5148,74.0,0.2755,13.0,0.4653,66.0,,,0.4169,48.0
2016-10-10,0.3057,46.0,0.2239,18.0,0.5255,71.0,,,0.5187,69.0,0.5125,73.0,0.2739,12.0,0.4077,45.0,,,0.4786,69.0
2016-10-07,0.2844,40.0,0.2352,22.0,0.5171,69.0,,,0.4661,57.0,0.5099,72.0,0.2734,12.0,0.4269,54.0,,,0.4461,61.0
2016-10-06,0.283,40.0,0.2288,20.0,0.4523,54.0,,,0.4549,55.0,0.5127,73.0,0.2738,12.0,0.4352,57.0,,,0.4196,49.0
2016-10-05,0.2803,39.0,0.2227,18.0,0.53,72.0,,,0.4666,57.0,0.5131,73.0,0.274,12.0,0.4351,57.0,,,0.4435,60.0
2016-10-04,0.2824,39.0,0.2231,18.0,0.4633,57.0,,,0.3761,31.0,0.5136,73.0,0.2754,13.0,0.4264,53.0,,,0.4388,57.0
2016-10-03,0.323,51.0,0.2352,22.0,0.4749,60.0,,,0.4991,65.0,0.5148,74.0,0.2755,13.0,0.4068,45.0,,,0.4325,56.0
2016-09-30,0.4812,76.0,0.2911,46.0,0.4569,56.0,,,0.4597,56.0,0.5154,74.0,0.2757,13.0,0.4152,49.0,,,0.4377,57.0
2016-09-29,0.489,77.0,0.2896,45.0,0.4679,57.0,,,0.3623,26.0,0.5144,74.0,0.2751,13.0,0.44,59.0,,,0.4291,54.0
2016-09-28,0.4415,72.0,0.2744,40.0,0.3466,22.0,,,0.494,64.0,0.513,73.0,0.2746,13.0,0.4055,44.0,,,0.4276,53.0
2016-09-27,0.4391,71.0,0.2677,37.0,0.3905,35.0,,,0.3795,32.0,0.5129,73.0,0.2756,13.0,0.4326,56.0,,,0.4149,47.0
2016-09-26,0.4496,73.0,0.2698,38.0,0.4161,44.0,,,0.3809,32.0,0.513,73.0,0.2758,13.0,0.4172,50.0,,,0.4325,56.0
2016-09-23,0.4734,75.0,0.2983,48.0,0.4795,61.0,,,0.3418,20.0,0.5133,73.0,0.2761,13.0,0.4358,57.0,,,0.398,39.0
2016-09-22,0.4092,67.0,0.2904,46.0,0.2931,7.0,,,0.4413,51.0,0.5121,73.0,0.2759,13.0,0.3519,23.0,,,0.4477,61.0
2016-09-21,0.3481,57.0,0.2422,26.0,0.3408,21.0,,,0.4651,57.0,0.5123,73.0,0.2775,14.0,0.3973,41.0,,,0.4386,57.0
2016-09-20,0.3297,53.0,0.2403,25.0,0.4813,61.0,,,0.3666,28.0,0.5108,72.0,0.2773,14.0,0.4369,57.0,,,0.409,45.0
2016-09-19,0.3704,61.0,0.2436,27.0,0.4247,46.0,,,0.4147,43.0,0.5111,72.0,0.278,14.0,0.4215,52.0,,,0.4249,52.0
2016-09-16,0.3726,62.0,0.2464,28.0,0.3862,34.0,,,0.4009,38.0,0.5118,72.0,0.2786,14.0,0.414,48.0,,,0.4324,56.0
2016-09-15,0.3684,61.0,0.2424,26.0,0.3416,21.0,,,0.4533,55.0,0.5122,73.0,0.2788,14.0,0.3862,36.0,,,0.4496,62.0
2016-09-14,0.2939,42.0,0.2136,14.0,0.381,32.0,,,0.4101,42.0,0.5103,72.0,0.2773,14.0,0.4216,52.0,,,0.4251,52.0
2016-09-13,0.3065,46.0,0.206,12.0,0.3827,32.0,,,0.386,33.0,0.5103,72.0,0.2776,14.0,0.4295,55.0,,,0.4105,45.0
2016-09-12,0.288,41.0,0.2029,11.0,0.3565,25.0,,,0.4597,56.0,0.5108,72.0,0.2796,15.0,0.3944,40.0,,,0.4439,60.0
2016-09-09,0.2555,33.0,0.2017,10.0,0.4463,53.0,,,0.3583,25.0,0.51,72.0,0.2792,15.0,0.4407,59.0,,,0.3863,35.0
2016-09-08,0.1935,17.0,0.1952,8.0,0.4129,42.0,,,0.3616,26.0,0.5089,72.0,0.2803,15.0,0.4329,56.0,,,0.3874,36.0
2016-09-07,0.1632,11.0,0.2112,13.0,0.3651,27.0,,,0.349,22.0,0.5089,72.0,0.2809,15.0,0.4106,46.0,,,0.3975,39.0
2016-09-06,0.1597,10.0,0.23,20.0,0.3607,26.0,,,0.3738,30.0,0.5107,72.0,0.2816,15.0,0.3842,36.0,,,0.4152,47.0
2016-09-02,0.1405,7.0,0.2192,17.0,0.2793,5.0,,,0.3576,25.0,0.0,1.0,0.0,1.0,0.4181,50.0,,,0.4001,40.0
2016-09-01,0.1307,5.0,0.2142,14.0,0.3235,16.0,,,0.3645,27.0,0.5131,73.0,0.2861,17.0,0.3744,32.0,,,0.4329,56.0
2016-08-31,0.1188,4.0,0.2038,11.0,0.382,32.0,,,0.3452,21.0,0.5138,73.0,0.2862,17.0,0.4179,50.0,,,0.3982,39.0
2016-08-30,0.1656,11.0,0.212,14.0,0.335,19.0,,,0.3705,28.0,0.5136,73.0,0.2862,17.0,0.4171,50.0,,,0.3924,37.0
2016-08-29,0.1901,16.0,0.21,13.0,0.2685,4.0,,,0.4097,41.0,0.5137,73.0,0.2861,17.0,0.4133,48.0,,,0.4099,45.0
2016-08-26,0.2891,41.0,0.2267,19.0,0.3595,26.0,,,0.3312,17.0,0.5162,74.0,0.2869,18.0,0.4132,48.0,,,0.3885,36.0
2016-08-25,0.2901,41.0,0.2135,14.0,0.3131,13.0,,,0.3727,30.0,0.5161,74.0,0.2862,17.0,0.4006,42.0,,,0.3958,38.0
2016-08-24,0.2989,44.0,0.2141,14.0,0.3498,23.0,,,0.3347,18.0,0.5205,75.0,0.2888,18.0,0.4068,45.0,,,0.3846,35.0
2016-08-23,0.3505,57.0,0.2352,22.0,0.2494,2.0,,,0.3278,16.0,0.5205,75.0,0.2895,19.0,0.3931,39.0,,,0.3958,38.0
2016-08-22,0.3455,56.0,0.2294,20.0,0.3531,24.0,,,0.4283,47.0,0.5205,75.0,0.2897,19.0,0.3676,30.0,,,0.4701,67.0
2016-08-19,0.3426,55.0,0.213,14.0,0.362,26.0,,,0.3773,31.0,0.5198,75.0,0.289,19.0,0.4033,43.0,,,0.3994,40.0
2016-08-18,0.331,53.0,0.2066,12.0,0.2897,7.0,,,0.3907,35.0,0.5197,75.0,0.2906,20.0,0.4112,47.0,,,0.4003,40.0
2016-08-17,0.2173,24.0,0.1813,5.0,0.3715,28.0,,,0.2854,6.0,0.5183,74.0,0.2908,20.0,0.4245,53.0,,,0.3904,36.0
2016-08-16,0.2075,21.0,0.1816,6.0,0.358,25.0,,,0.366,28.0,0.5191,75.0,0.2912,20.0,0.3724,31.0,,,0.4156,48.0
2016-08-15,0.23,27.0,0.1913,8.0,0.3418,21.0,,,0.5377,73.0,0.5199,75.0,0.2935,22.0,0.385,36.0,,,0.4154,48.0
2016-08-12,0.214,23.0,0.1752,4.0,0.225,1.0,,,0.3929,36.0,0.5187,74.0,0.2941,22.0,0.3789,34.0,,,0.4022,41.0
2016-08-11,0.2142,23.0,0.1884,7.0,0.2623,3.0,,,0.3184,13.0,0.5187,74.0,0.2943,23.0,0.3682,30.0,,,0.4117,46.0
2016-08-10,0.2132,23.0,0.2206,17.0,0.3269,17.0,,,0.3411,20.0,0.5198,75.0,0.2953,23.0,0.4041,43.0,,,0.3988,39.0
2016-08-09,0.2195,24.0,0.2315,21.0,0.4369,50.0,,,0.2949,8.0,0.5242,75.0,0.2972,24.0,0.4193,51.0,,,0.3863,35.0
2016-08-08,0.2138,23.0,0.2385,24.0,0.4197,45.0,,,0.2936,7.0,0.5244,75.0,0.2974,24.0,0.4466,61.0,,,0.4059,43.0
2016-08-05,0.2292,26.0,0.2358,23.0,0.2533,2.0,,,0.3265,15.0,0.5245,75.0,0.298,25.0,0.3937,39.0,,,0.4129,46.0
2016-08-04,0.1555,9.0,0.2358,23.0,0.4364,50.0,,,0.3034,9.0,0.5239,75.0,0.2994,26.0,0.4337,56.0,,,0.3934,38.0
2016-08-03,0.1542,9.0,0.2287,20.0,0.363,27.0,,,0.3996,38.0,0.5237,75.0,0.3012,27.0,0.4112,47.0,,,0.414,47.0
2016-08-02,0.1426,7.0,0.2298,20.0,0.4487,53.0,,,0.2869,6.0,0.5321,77.0,0.3039,30.0,0.4473,61.0,,,0.3908,37.0
2016-08-01,0.1459,8.0,0.2072,12.0,0.3123,12.0,,,0.3089,11.0,0.5348,78.0,0.3302,49.0,0.4022,43.0,,,0.403,41.0
2016-07-29,0.6486,88.0,0.2957,47.0,0.2998,9.0,,,0.3333,17.0,0.5349,78.0,0.3326,51.0,0.3853,36.0,,,0.4071,43.0
2016-07-28,0.6399,88.0,0.2848,44.0,0.3509,24.0,,,0.2809,5.0,0.5355,78.0,0.3324,50.0,0.4315,56.0,,,0.3914,37.0
2016-07-27,0.6536,88.0,0.3028,50.0,0.305,11.0,,,0.3428,20.0,0.538,78.0,0.3338,51.0,0.3973,41.0,,,0.4039,42.0
2016-07-26,0.6357,87.0,0.3094,52.0,0.2861,6.0,,,0.3386,19.0,0.5426,79.0,0.3364,53.0,0.3989,42.0,,,0.4101,45.0
2016-07-25,0.6415,88.0,0.3114,53.0,0.3544,25.0,,,0.3339,18.0,0.5439,80.0,0.3381,53.0,0.4124,47.0,,,0.3975,39.0
2016-07-22,0.6383,87.0,0.312,53.0,0.3227,16.0,,,0.3973,37.0,0.5453,80.0,0.3387,54.0,0.3941,40.0,,,0.4093,45.0
2016-07-21,0.6605,89.0,0.3118,53.0,0.423,46.0,,,0.3794,32.0,0.5476,81.0,0.3393,54.0,0.4456,61.0,,,0.3938,38.0
2016-07-20,0.223,25.0,0.2277,19.0,0.5273,71.0,,,0.5486,75.0,0.5289,76.0,0.3366,53.0,0.4227,52.0,,,0.4418,59.0
2016-07-19,0.2589,34.0,0.2369,23.0,0.6023,83.0,,,0.4852,62.0,0.5337,77.0,0.3387,54.0,0.4708,67.0,,,0.3776,33.0
2016-07-18,0.3245,51.0,0.2498,30.0,0.5338,73.0,,,0.5554,76.0,0.5333,77.0,0.3383,54.0,0.4053,44.0,,,0.4618,65.0
2016-07-15,0.3252,51.0,0.2529,31.0,0.5289,72.0,,,0.458,56.0,0.5331,77.0,0.3404,54.0,0.4387,57.0,,,0.4304,55.0
2016-07-14,0.3012,45.0,0.2803,42.0,0.547,75.0,,,0.461,56.0,0.5331,77.0,0.3407,54.0,0.4282,54.0,,,0.4367,57.0
2016-07-13,0.394,65.0,0.285,44.0,0.533,73.0,,,0.4437,52.0,0.0,1.0,0.0,1.0,0.4466,61.0,,,0.4301,55.0
2016-07-12,0.3619,59.0,0.3081,52.0,0.4586,56.0,,,0.5005,66.0,0.5342,77.0,0.3434,55.0,0.4323,56.0,,,0.4439,60.0
2016-07-11,0.3711,61.0,0.3227,56.0,0.4437,52.0,,,0.5835,81.0,0.5461,81.0,0.357,62.0,0.3904,38.0,,,0.456,64.0
2016-07-08,0.3838,63.0,0.3299,57.0,0.2794,5.0,,,0.4897,63.0,0.5449,80.0,0.3586,63.0,0.4538,63.0,,,0.4716,67.0
2016-07-07,0.3118,48.0,0.3115,53.0,0.5242,71.0,,,0.4832,62.0,0.5403,79.0,0.3583,62.0,0.4381,57.0,,,0.4381,57.0
2016-07-06,0.445,72.0,0.3233,56.0,0.4461,52.0,,,0.5361,72.0,0.5413,79.0,0.3592,63.0,0.4071,45.0,,,0.4492,62.0
2016-07-05,0.6181,86.0,0.3092,52.0,0.516,69.0,,,0.4235,46.0,0.541,79.0,0.3588,63.0,0.4886,72.0,,,0.416,48.0
2016-07-01,0.6073,86.0,0.303,50.0,0.4526,54.0,,,0.4641,57.0,0.5409,79.0,0.3585,62.0,0.3944,40.0,,,0.4259,53.0
2016-06-30,0.5992,86.0,0.2718,39.0,0.4249,46.0,,,0.5683,78.0,0.541,79.0,0.3574,62.0,0.3871,37.0,,,0.4665,66.0
2016-06-29,0.5584,83.0,0.2674,37.0,0.4606,56.0,,,0.5121,68.0,0.5421,79.0,0.3567,62.0,0.4189,51.0,,,0.4583,64.0
2016-06-28,0.5108,79.0,0.2537,32.0,0.4353,49.0,,,0.3243,14.0,0.5396,79.0,0.3564,62.0,0.4656,66.0,,,0.448,61.0
2016-06-27,0.4946,78.0,0.2432,27.0,0.5553,77.0,,,0.4424,52.0,0.5394,78.0,0.3561,61.0,0.4791,69.0,,,0.4324,56.0
2016-06-24,0.4569,74.0,0.2231,18.0,0.5222,70.0,,,0.4623,57.0,0.5374,78.0,0.3552,61.0,0.4688,67.0,,,0.4235,51.0
2016-06-23,0.1772,13.0,0.2422,26.0,0.3281,17.0,,,0.4325,49.0,0.5296,76.0,0.3552,61.0,0.4324,56.0,,,0.4035,42.0
2016-06-22,0.1606,10.0,0.2382,24.0,0.3567,25.0,,,0.4382,50.0,0.5293,76.0,0.355,61.0,0.4246,53.0,,,0.4063,43.0
2016-06-21,0.1603,10.0,0.2405,25.0,0.4847,62.0,,,0.4366,50.0,0.5312,77.0,0.3557,61.0,0.432,56.0,,,0.4123,46.0
2016-06-20,0.1706,12.0,0.2235,18.0,0.3537,24.0,,,0.4179,44.0,0.5311,77.0,0.3554,61.0,0.4365,57.0,,,0.4038,42.0
2016-06-17,0.1539,9.0,0.2289,20.0,0.4234,46.0,,,0.4488,53.0,0.5305,76.0,0.3558,61.0,0.4332,56.0,,,0.4277,53.0
2016-06-16,0.1565,9.0,0.225,18.0,0.3552,25.0,,,0.4653,57.0,0.531,77.0,0.356,61.0,0.4414,59.0,,,0.4446,60.0
2016-06-15,0.1566,9.0,0.2152,15.0,0.457,56.0,,,0.4193,45.0,0.5319,77.0,0.3563,62.0,0.4697,67.0,,,0.4127,46.0
2016-06-14,0.2319,27.0,0.2017,10.0,0.4381,50.0,,,0.4688,57.0,0.5334,77.0,0.3558,61.0,0.4501,62.0,,,0.419,49.0
2016-06-13,0.304,46.0,0.2413,26.0,0.525,71.0,,,0.3801,32.0,0.5341,77.0,0.3566,62.0,0.4784,69.0,,,0.4243,52.0
2016-06-10,0.3127,48.0,0.239,25.0,0.466,57.0,,,0.3783,31.0,0.5343,77.0,0.3572,62.0,0.4261,53.0,,,0.4148,47.0
2016-06-09,0.3502,57.0,0.2735,39.0,0.4971,65.0,,,0.395,36.0,0.5356,78.0,0.3582,62.0,0.4771,69.0,,,0.3987,39.0
2016-06-08,0.3244,51.0,0.2663,37.0,0.3338,19.0,,,0.4186,45.0,0.5351,78.0,0.3581,62.0,0.4138,48.0,,,0.4184,49.0
2016-06-07,0.3292,52.0,0.2691,38.0,0.3321,18.0,,,0.4683,57.0,0.5372,78.0,0.3592,63.0,0.4241,53.0,,,0.409,45.0
2016-06-06,0.3236,51.0,0.2629,35.0,0.4101,41.0,,,0.4785,61.0,0.5375,78.0,0.3592,63.0,0.3933,39.0,,,0.4298,54.0
2016-06-03,0.3065,46.0,0.244,27.0,0.352,24.0,,,0.2955,8.0,0.5362,78.0,0.3586,63.0,0.4562,64.0,,,0.3642,28.0
2016-06-02,0.1279,5.0,0.2145,15.0,0.296,8.0,,,0.4493,54.0,0.5346,78.0,0.3575,62.0,0.4067,45.0,,,0.4242,52.0
2016-06-01,0.1411,7.0,0.2244,18.0,0.3787,32.0,,,0.4723,59.0,0.5354,78.0,0.3589,63.0,0.3787,34.0,,,0.4809,69.0
2016-05-31,0.1335,6.0,0.1969,9.0,0.2757,4.0,,,0.3209,13.0,0.5344,78.0,0.3579,62.0,0.3832,35.0,,,0.4295,54.0
2016-05-27,0.286,40.0,0.2357,23.0,0.2808,5.0,,,0.4043,39.0,0.5349,78.0,0.3592,63.0,0.4348,57.0,,,0.4033,41.0
2016-05-26,0.3146,49.0,0.2505,30.0,0.345,22.0,,,0.3671,28.0,0.5344,78.0,0.3591,63.0,0.4443,60.0,,,0.4384,57.0
2016-05-25,0.335,54.0,0.2747,40.0,0.3082,11.0,,,0.3652,27.0,0.5343,77.0,0.3591,63.0,0.398,41.0,,,0.4094,45.0
2016-05-24,0.3627,59.0,0.2951,47.0,0.4421,51.0,,,0.4372,50.0,0.5343,77.0,0.3591,63.0,0.4079,45.0,,,0.4061,43.0
2016-05-23,0.3446,56.0,0.3004,49.0,0.3924,36.0,,,0.3376,19.0,0.533,77.0,0.359,63.0,0.4272,54.0,,,0.4221,51.0
2016-05-20,0.3641,60.0,0.3404,61.0,0.3991,38.0,,,0.4131,43.0,0.5329,77.0,0.3587,63.0,0.3968,41.0,,,0.4419,59.0
2016-05-19,0.3163,49.0,0.3292,57.0,0.4605,56.0,,,0.3631,26.0,0.5317,77.0,0.3579,62.0,0.4695,67.0,,,0.4332,56.0
2016-05-18,0.3078,47.0,0.3067,51.0,0.4396,51.0,,,0.3916,35.0,0.5305,76.0,0.3565,62.0,0.4539,63.0,,,0.4143,47.0
2016-05-17,0.2893,41.0,0.2962,48.0,0.4031,39.0,,,0.3384,19.0,0.5302,76.0,0.3558,61.0,0.4491,62.0,,,0.4088,44.0
2016-05-16,0.2681,36.0,0.2853,44.0,0.3244,16.0,,,0.469,57.0,0.5301,76.0,0.3552,61.0,0.4012,43.0,,,0.4255,52.0
2016-05-13,0.2369,28.0,0.2688,38.0,0.3254,16.0,,,0.4625,57.0,0.5294,76.0,0.3545,60.0,0.3954,40.0,,,0.4375,57.0
2016-05-12,0.215,23.0,0.2678,37.0,0.4153,43.0,,,0.3891,34.0,0.5287,76.0,0.3543,60.0,0.4517,63.0,,,0.4024,41.0
2016-05-11,0.2065,21.0,0.2314,21.0,0.5231,70.0,,,0.3609,26.0,0.5292,76.0,0.3524,60.0,0.4405,59.0,,,0.4043,42.0
2016-05-10,0.212,22.0,0.2423,26.0,0.2909,7.0,,,0.4111,42.0,0.529,76.0,0.3524,60.0,0.4011,42.0,,,0.4214,50.0
2016-05-09,0.6029,86.0,0.4077,75.0,0.3809,32.0,,,0.3689,28.0,0.5286,76.0,0.3527,60.0,0.3741,32.0,,,0.4132,47.0
2016-05-06,0.6018,86.0,0.4137,76.0,0.3294,18.0,,,0.434,49.0,0.529,76.0,0.3534,60.0,0.4057,44.0,,,0.4254,52.0
2016-05-05,0.5829,85.0,0.4169,77.0,0.4349,49.0,,,0.3957,36.0,0.5317,77.0,0.3542,60.0,0.4363,57.0,,,0.4187,49.0
2016-05-04,0.575,84.0,0.4141,76.0,0.4284,48.0,,,0.4578,56.0,0.5314,77.0,0.3542,60.0,0.4134,48.0,,,0.4273,53.0
2016-05-03,0.5891,85.0,0.4061,75.0,0.5175,69.0,,,0.4082,41.0,0.5317,77.0,0.3536,60.0,0.4353,57.0,,,0.415,47.0
2016-05-02,0.6019,86.0,0.4363,79.0,0.3893,35.0,,,0.4974,65.0,0.5314,77.0,0.3529,60.0,0.405,44.0,,,0.4235,51.0
2016-04-29,1.5419,100.0,0.5233,87.0,0.5452,75.0,,,0.2919,7.0,0.5308,77.0,0.3526,60.0,0.5,75.0,,,0.3677,28.0
2016-04-28,1.5343,100.0,0.4094,76.0,0.4711,59.0,,,0.3493,23.0,0.5153,74.0,0.3436,56.0,0.4241,53.0,,,0.3798,34.0
2016-04-27,1.5556,100.0,0.4036,75.0,0.4248,46.0,,,0.3862,34.0,0.515,74.0,0.3438,56.0,0.4,42.0,,,0.4124,46.0
2016-04-26,1.5815,100.0,0.4096,76.0,0.3061,11.0,,,0.415,43.0,0.5145,74.0,0.3432,55.0,0.391,38.0,,,0.4043,42.0
2016-04-25,1.5752,100.0,0.409,76.0,0.3686,28.0,,,0.4238,46.0,0.5145,74.0,0.3435,56.0,0.3741,32.0,,,0.4063,43.0
2016-04-22,1.5709,100.0,0.4106,76.0,0.4102,41.0,,,0.4113,42.0,0.5143,74.0,0.344,56.0,0.4136,48.0,,,0.405,43.0
2016-04-21,1.6236,100.0,0.3762,69.0,0.3615,26.0,,,0.4875,63.0,0.5179,74.0,0.3425,55.0,0.3991,42.0,,,0.425,52.0
2016-04-20,0.2537,32.0,0.2385,24.0,0.5306,72.0,,,0.4721,59.0,0.4532,61.0,0.3463,57.0,0.4003,42.0,,,0.4259,53.0
2016-04-19,0.2828,39.0,0.2564,32.0,0.4836,62.0,,,0.503,66.0,0.4539,61.0,0.3463,57.0,0.4094,46.0,,,0.3931,37.0
2016-04-18,0.298,44.0,0.2597,34.0,0.4513,54.0,,,0.455,55.0,0.4554,62.0,0.3468,57.0,0.3807,34.0,,,0.3808,34.0
2016-04-15,0.3483,57.0,0.2446,27.0,0.4271,47.0,,,0.4602,56.0,0.4553,62.0,0.3475,57.0,0.3964,40.0,,,0.4022,41.0
2016-04-14,0.3438,56.0,0.2493,30.0,0.4045,39.0,,,0.4569,56.0,0.4807,68.0,0.356,61.0,0.3878,37.0,,,0.4029,41.0
2016-04-13,0.3734,62.0,0.2587,33.0,0.3294,18.0,,,0.5306,71.0,0.4825,68.0,0.3568,62.0,0.3545,24.0,,,0.4135,47.0
2016-04-12,0.288,41.0,0.2628,35.0,0.4312,48.0,,,0.4553,55.0,0.479,67.0,0.3563,62.0,0.3868,37.0,,,0.3918,37.0
2016-04-11,0.2734,37.0,0.2594,34.0,0.5153,69.0,,,0.3881,34.0,0.4792,67.0,0.3561,61.0,0.4318,56.0,,,0.3752,32.0
2016-04-08,0.2711,37.0,0.239,25.0,0.3928,36.0,,,0.4772,60.0,0.4785,67.0,0.355,61.0,0.3839,36.0,,,0.3995,40.0
2016-04-07,0.222,25.0,0.2443,27.0,0.4774,60.0,,,0.4144,43.0,0.4774,67.0,0.3546,60.0,0.4036,43.0,,,0.3937,38.0
2016-04-06,0.3817,63.0,0.3196,55.0,0.4006,38.0,,,0.4786,61.0,0.477,66.0,0.3545,60.0,0.3847,36.0,,,0.403,41.0
2016-04-05,0.3916,65.0,0.3239,56.0,0.465,57.0,,,0.3975,37.0,0.4792,67.0,0.3556,61.0,0.4147,48.0,,,0.377,33.0
2016-04-04,0.3589,59.0,0.3296,57.0,0.4698,59.0,,,0.3589,25.0,0.4786,67.0,0.3556,61.0,0.4271,54.0,,,0.3671,28.0
2016-04-01,0.384,63.0,0.3183,55.0,0.3454,22.0,,,0.5005,66.0,0.4857,69.0,0.3573,62.0,0.3586,26.0,,,0.3999,40.0
2016-03-31,0.4225,69.0,0.319,55.0,0.367,28.0,,,0.388,34.0,0.4858,69.0,0.3574,62.0,0.3811,35.0,,,0.3885,36.0
2016-03-30,0.4258,70.0,0.3164,54.0,0.4551,55.0,,,0.3997,38.0,0.4859,69.0,0.3581,62.0,0.3878,37.0,,,0.385,35.0
2016-03-29,0.4273,70.0,0.3169,54.0,0.3842,33.0,,,0.476,60.0,0.4863,69.0,0.358,62.0,0.3521,23.0,,,0.407,43.0
2016-03-28,0.3037,45.0,0.2824,43.0,0.4521,54.0,,,0.3441,21.0,0.4802,68.0,0.3546,60.0,0.4048,44.0,,,0.3918,37.0
2016-03-24,0.2997,44.0,0.2769,41.0,0.2966,9.0,,,0.4443,52.0,0.4874,69.0,0.3572,62.0,0.3935,39.0,,,0.4017,41.0
2016-03-23,0.2986,44.0,0.2865,44.0,0.4719,59.0,,,0.2589,2.0,0.4869,69.0,0.3566,62.0,0.4322,56.0,,,0.384,35.0
2016-03-22,0.2752,38.0,0.2901,45.0,0.4325,49.0,,,0.4107,42.0,0.4858,69.0,0.3562,61.0,0.4257,53.0,,,0.3929,37.0
2016-03-21,0.2688,36.0,0.2955,47.0,0.4043,39.0,,,0.3673,28.0,0.485,69.0,0.356,61.0,0.3879,37.0,,,0.3977,39.0
2016-03-18,0.3882,64.0,0.3411,61.0,0.3941,36.0,,,0.3641,27.0,0.4861,69.0,0.356,61.0,0.4117,47.0,,,0.387,36.0
2016-03-17,0.397,66.0,0.3576,66.0,0.2575,2.0,,,0.4203,45.0,0.4862,69.0,0.3556,61.0,0.3977,41.0,,,0.397,39.0
2016-03-16,0.3692,61.0,0.3271,57.0,0.4195,45.0,,,0.4304,48.0,0.4889,69.0,0.3545,60.0,0.4087,46.0,,,0.4185,49.0
2016-03-15,0.369,61.0,0.3327,59.0,0.3512,24.0,,,0.4404,51.0,0.4889,69.0,0.3543,60.0,0.4042,44.0,,,0.4185,49.0
2016-03-14,0.354,57.0,0.3108,52.0,0.4018,38.0,,,0.3746,30.0,0.4885,69.0,0.353,60.0,0.4336,56.0,,,0.4092,45.0
2016-03-11,0.4275,70.0,0.3225,56.0,0.3289,17.0,,,0.4037,39.0,0.488,69.0,0.3524,60.0,0.3935,39.0,,,0.4215,51.0
2016-03-10,0.369,61.0,0.3149,54.0,0.4691,59.0,,,0.319,13.0,0.486,69.0,0.352,60.0,0.4598,65.0,,,0.4091,45.0
2016-03-09,0.3971,66.0,0.305,50.0,0.3948,36.0,,,0.3489,22.0,0.4831,68.0,0.3495,59.0,0.4285,54.0,,,0.418,49.0
2016-03-08,0.3782,62.0,0.2843,43.0,0.5137,69.0,,,0.4058,40.0,0.4829,68.0,0.3479,57.0,0.4731,68.0,,,0.3937,38.0
2016-03-07,0.3061,46.0,0.2782,42.0,0.4126,42.0,,,0.3801,32.0,0.4818,68.0,0.3475,57.0,0.4145,48.0,,,0.4124,46.0
2016-03-04,0.2906,41.0,0.2716,39.0,0.3904,35.0,,,0.3213,14.0,0.4827,68.0,0.3472,57.0,0.4119,47.0,,,0.3998,40.0
2016-03-03,0.2851,40.0,0.3004,49.0,0.292,7.0,,,0.359,25.0,0.4828,68.0,0.3471,57.0,0.395,40.0,,,0.4029,41.0
2016-03-02,0.3471,56.0,0.303,50.0,0.3729,30.0,,,0.3906,35.0,0.4811,68.0,0.3462,57.0,0.4104,46.0,,,0.413,46.0
2016-03-01,0.3518,57.0,0.3103,52.0,0.2551,2.0,,,0.4949,64.0,0.4824,68.0,0.3462,57.0,0.374,32.0,,,0.4242,52.0
2016-02-29,0.2616,34.0,0.3073,51.0,0.3615,26.0,,,0.3165,12.0,0.4782,67.0,0.3443,56.0,0.4276,54.0,,,0.4041,42.0
2016-02-26,0.2739,37.0,0.3198,55.0,0.4089,41.0,,,0.451,54.0,0.4785,67.0,0.3444,56.0,0.4316,56.0,,,0.4195,49.0
2016-02-25,0.2749,37.0,0.3158,54.0,0.4287,48.0,,,0.4332,49.0,0.4784,67.0,0.3444,56.0,0.4308,55.0,,,0.4185,49.0
2016-02-24,0.3164,49.0,0.3316,57.0,0.3742,30.0,,,0.4806,61.0,0.4802,68.0,0.3456,57.0,0.4175,50.0,,,0.4313,55.0
2016-02-23,0.3998,66.0,0.3335,59.0,0.4733,60.0,,,0.4118,42.0,0.4819,68.0,0.3451,57.0,0.4331,56.0,,,0.4067,43.0
2016-02-22,0.3492,57.0,0.3189,55.0,0.3889,34.0,,,0.5167,69.0,0.4804,68.0,0.3444,56.0,0.406,44.0,,,0.4219,51.0
2016-02-19,0.3751,62.0,0.3228,56.0,0.3892,35.0,,,0.4943,64.0,0.4824,68.0,0.3478,57.0,0.4281,54.0,,,0.4302,55.0
2016-02-18,0.3837,63.0,0.3138,53.0,0.4626,57.0,,,0.4524,54.0,0.4831,68.0,0.3474,57.0,0.4462,61.0,,,0.4313,55.0
2016-02-17,0.3742,62.0,0.3246,57.0,0.471,59.0,,,0.4124,43.0,0.4838,69.0,0.3464,57.0,0.4343,57.0,,,0.4235,51.0
2016-02-16,0.5796,84.0,0.3706,68.0,0.5945,82.0,,,0.5095,67.0,0.4841,69.0,0.3465,57.0,0.4505,62.0,,,0.4413,57.0
2016-02-12,0.6118,86.0,0.6601,95.0,0.507,67.0,,,0.5608,77.0,0.4821,68.0,0.3456,57.0,0.4549,64.0,,,0.455,63.0
2016-02-11,0.5094,79.0,0.6697,95.0,0.5036,66.0,,,0.6084,84.0,0.4768,66.0,0.3445,56.0,0.4671,66.0,,,0.4732,68.0
2016-02-10,0.5111,79.0,0.6684,95.0,0.5618,78.0,,,0.4121,43.0,0.4775,67.0,0.3443,56.0,0.5053,77.0,,,0.4279,53.0
2016-02-09,0.5437,81.0,0.6754,96.0,0.5281,71.0,,,0.451,54.0,0.4774,67.0,0.3441,56.0,0.4946,73.0,,,0.4311,55.0
2016-02-08,0.6648,89.0,0.6874,96.0,0.4631,57.0,,,0.5405,73.0,0.4772,66.0,0.3429,55.0,0.4559,64.0,,,0.4436,60.0
2016-02-05,0.6697,89.0,0.6861,96.0,0.4915,64.0,,,0.4964,65.0,0.4779,67.0,0.3415,55.0,0.4454,61.0,,,0.4397,57.0
2016-02-04,0.5644,83.0,0.6703,95.0,0.3422,21.0,,,0.5432,74.0,0.4694,65.0,0.3391,54.0,0.3894,38.0,,,0.4206,50.0
2016-02-03,0.5457,82.0,0.389,72.0,0.7003,92.0,,,0.7279,94.0,0.466,64.0,0.3128,37.0,0.4395,59.0,,,0.4504,62.0
2016-02-02,0.5648,83.0,0.3675,67.0,0.7053,92.0,,,0.6755,90.0,0.4662,64.0,0.3111,36.0,0.4642,66.0,,,0.4473,61.0
2016-02-01,0.6562,88.0,0.3949,73.0,0.7132,93.0,,,0.5683,78.0,0.4658,64.0,0.3124,37.0,0.4884,72.0,,,0.4046,42.0
2016-01-29,0.6071,86.0,0.3812,70.0,0.4888,63.0,,,0.6681,90.0,0.4625,63.0,0.311,36.0,0.3873,37.0,,,0.4691,67.0
2016-01-28,0.5208,80.0,0.3781,70.0,0.6709,90.0,,,0.555,76.0,0.4567,62.0,0.308,34.0,0.4996,75.0,,,0.4204,50.0
2016-01-27,0.4937,77.0,0.3587,66.0,0.6474,88.0,,,0.536,72.0,0.4556,62.0,0.3065,33.0,0.4399,59.0,,,0.4096,45.0
2016-01-26,0.4649,75.0,0.3532,65.0,0.4857,62.0,,,0.6366,87.0,0.4543,61.0,0.307,33.0,0.3968,41.0,,,0.4282,54.0
2016-01-25,0.4304,70.0,0.3824,70.0,0.5741,79.0,,,0.5237,70.0,0.4511,60.0,0.3064,33.0,0.4557,64.0,,,0.4085,44.0
2016-01-22,0.6506,88.0,0.5495,89.0,0.4604,56.0,,,0.6393,88.0,0.4495,59.0,0.3055,32.0,0.3829,35.0,,,0.431,55.0
2016-01-21,0.5255,80.0,0.5504,89.0,0.6324,86.0,,,0.5521,76.0,0.4434,56.0,0.304,30.0,0.4589,65.0,,,0.418,49.0
2016-01-20,0.5357,81.0,0.5559,90.0,0.5241,71.0,,,0.5544,76.0,0.4433,56.0,0.3042,30.0,0.4206,51.0,,,0.4384,57.0
2016-01-19,0.5405,81.0,0.5459,89.0,0.6123,84.0,,,0.527,71.0,0.4545,61.0,0.3226,45.0,0.4398,59.0,,,0.4081,44.0
2016-01-15,0.5369,81.0,0.5493,89.0,0.507,67.0,,,0.5278,71.0,0.4547,61.0,0.3229,46.0,0.4288,54.0,,,0.4267,53.0
2016-01-14,0.5421,81.0,0.5466,89.0,0.4234,46.0,,,0.6055,83.0,0.4582,62.0,0.325,47.0,0.3863,37.0,,,0.4449,60.0
2016-01-13,0.5137,79.0,0.5184,87.0,0.5915,81.0,,,0.4228,46.0,0.4567,62.0,0.3223,45.0,0.4481,62.0,,,0.3694,30.0
2016-01-12,0.323,51.0,0.3169,54.0,0.4463,53.0,,,0.5039,66.0,0.4424,56.0,0.3074,33.0,0.4164,50.0,,,0.4106,45.0
2016-01-11,0.3107,48.0,0.2833,43.0,0.4553,55.0,,,0.4972,65.0,0.4425,56.0,0.3052,31.0,0.4138,48.0,,,0.4045,42.0
2016-01-08,0.2798,39.0,0.2619,35.0,0.5308,72.0,,,0.4383,50.0,0.4423,56.0,0.3039,30.0,0.4615,65.0,,,0.3821,34.0
2016-01-07,0.3277,52.0,0.2312,21.0,0.4922,64.0,,,0.4782,61.0,0.4409,55.0,0.302,28.0,0.4193,51.0,,,0.4023,41.0
2016-01-06,0.3358,54.0,0.2253,19.0,0.4804,61.0,,,0.4193,45.0,0.4409,55.0,0.3015,28.0,0.4277,54.0,,,0.3914,37.0
2016-01-05,0.3256,52.0,0.2161,15.0,0.4414,51.0,,,0.3723,28.0,0.4404,55.0,0.3019,28.0,0.406,44.0,,,0.4022,41.0
2016-01-04,0.3773,62.0,0.2287,20.0,0.4691,59.0,,,0.422,46.0,0.44,55.0,0.3018,28.0,0.4331,56.0,,,0.3813,34.0
2015-12-31,0.2847,40.0,0.2358,23.0,0.4597,56.0,,,0.4032,39.0,0.4434,56.0,0.3053,32.0,0.4161,49.0,,,0.3839,35.0
2015-12-30,0.284,40.0,0.2386,24.0,0.4819,61.0,,,0.3958,37.0,0.4439,56.0,0.3072,33.0,0.4306,55.0,,,0.3706,31.0
2015-12-29,0.296,43.0,0.241,26.0,0.3908,35.0,,,0.4391,51.0,0.4448,57.0,0.3078,34.0,0.3902,38.0,,,0.4004,40.0
2015-12-28,0.3051,46.0,0.2507,30.0,0.4958,65.0,,,0.3952,36.0,0.4445,57.0,0.308,34.0,0.4376,57.0,,,0.3684,30.0
2015-12-24,0.3351,54.0,0.2573,33.0,0.4159,44.0,,,0.3451,21.0,0.4437,56.0,0.3076,33.0,0.4049,44.0,,,0.4076,44.0
2015-12-23,0.3457,56.0,0.2772,41.0,0.3906,35.0,,,0.4313,48.0,0.4438,56.0,0.3079,34.0,0.3785,34.0,,,0.4256,53.0
2015-12-22,0.3051,46.0,0.2769,41.0,0.3881,34.0,,,0.356,24.0,0.4446,57.0,0.3082,34.0,0.3939,40.0,,,0.3955,38.0
2015-12-21,0.3475,56.0,0.2914,46.0,0.4083,41.0,,,0.3188,13.0,0.4448,57.0,0.3077,34.0,0.3999,42.0,,,0.3969,39.0
2015-12-18,0.3488,57.0,0.2845,43.0,0.4683,57.0,,,0.4083,41.0,0.4448,57.0,0.307,33.0,0.4448,61.0,,,0.3924,37.0
2015-12-17,0.3845,63.0,0.3029,50.0,0.4703,59.0,,,0.3697,28.0,0.4445,57.0,0.3068,33.0,0.4477,62.0,,,0.3779,33.0
2015-12-16,0.374,62.0,0.2884,45.0,0.3767,31.0,,,0.4067,40.0,0.4433,56.0,0.3059,32.0,0.3809,34.0,,,0.4306,55.0
2015-12-15,0.2754,38.0,0.2754,40.0,0.3892,35.0,,,0.3485,22.0,0.4425,56.0,0.3058,32.0,0.3938,40.0,,,0.4041,42.0
2015-12-14,0.2505,32.0,0.264,36.0,0.4355,49.0,,,0.3922,35.0,0.4434,56.0,0.3067,33.0,0.434,56.0,,,0.4207,50.0
2015-12-11,0.2569,33.0,0.2812,42.0,0.4305,48.0,,,0.3469,22.0,0.4442,56.0,0.3064,33.0,0.4233,52.0,,,0.4067,43.0
2015-12-10,0.2381,28.0,0.2665,37.0,0.3725,30.0,,,0.2851,6.0,0.4421,55.0,0.305,31.0,0.4189,51.0,,,0.3823,34.0
2015-12-09,0.3294,53.0,0.2921,46.0,0.4038,39.0,,,0.3629,26.0,0.4418,55.0,0.3046,31.0,0.4307,55.0,,,0.3647,28.0
2015-12-08,0.2788,38.0,0.267,37.0,0.3405,21.0,,,0.3782,31.0,0.4391,54.0,0.304,30.0,0.4041,43.0,,,0.3728,32.0
2015-12-07,0.2711,37.0,0.2608,34.0,0.3716,30.0,,,0.3935,36.0,0.4386,54.0,0.3043,31.0,0.3774,33.0,,,0.3917,37.0
2015-12-04,0.2746,37.0,0.2563,32.0,0.2774,4.0,,,0.3705,28.0,0.4386,54.0,0.304,30.0,0.386,36.0,,,0.3692,30.0
2015-12-03,0.2691,36.0,0.2564,32.0,0.4599,56.0,,,0.3613,26.0,0.4391,54.0,0.3046,31.0,0.4064,45.0,,,0.37,31.0
2015-12-02,0.2171,24.0,0.2176,16.0,0.4083,41.0,,,0.3682,28.0,0.4377,54.0,0.3029,28.0,0.3848,36.0,,,0.3664,28.0
2015-12-01,0.1489,8.0,0.1978,9.0,0.358,25.0,,,0.3802,32.0,0.4366,53.0,0.3024,28.0,0.3612,27.0,,,0.3666,28.0
2015-11-30,0.0891,1.0,0.1444,1.0,0.3166,14.0,,,0.3757,31.0,0.4358,53.0,0.3011,27.0,0.3919,39.0,,,0.3757,33.0
2015-11-27,0.0893,1.0,0.1415,1.0,0.3156,13.0,,,0.3736,30.0,0.4365,53.0,0.3014,27.0,0.3639,28.0,,,0.3685,30.0
2015-11-25,0.1017,2.0,0.1635,3.0,0.3147,13.0,,,0.3707,28.0,0.4368,53.0,0.3024,28.0,0.3678,30.0,,,0.3678,28.0
2015-11-24,0.117,4.0,0.172,4.0,0.2723,4.0,,,0.3801,32.0,0.4372,53.0,0.303,28.0,0.3703,31.0,,,0.3734,32.0
2015-11-23,0.1046,2.0,0.1741,4.0,0.3578,25.0,,,0.365,27.0,0.437,53.0,0.3028,28.0,0.3834,35.0,,,0.3808,34.0
2015-11-20,0.2185,24.0,0.1921,8.0,0.3169,14.0,,,0.3674,28.0,0.4373,53.0,0.3032,30.0,0.3746,32.0,,,0.3769,33.0
2015-11-19,0.2257,26.0,0.1984,9.0,0.2968,9.0,,,0.3732,30.0,0.4372,53.0,0.3033,30.0,0.3849,36.0,,,0.3828,34.0
2015-11-18,0.2309,27.0,0.2164,16.0,0.3134,13.0,,,0.3832,33.0,0.4374,53.0,0.3036,30.0,0.3743,32.0,,,0.3703,31.0
2015-11-17,0.235,28.0,0.2401,25.0,0.3682,28.0,,,0.3756,30.0,0.4373,53.0,0.3035,30.0,0.3961,40.0,,,0.3867,35.0
2015-11-16,0.3422,55.0,0.2623,35.0,0.3628,27.0,,,0.4022,39.0,0.4371,53.0,0.3031,30.0,0.3771,33.0,,,0.3976,39.0
2015-11-13,0.3215,51.0,0.2609,34.0,0.3403,21.0,,,0.3786,31.0,0.4366,53.0,0.303,28.0,0.3908,38.0,,,0.3928,37.0
2015-11-12,0.3329,53.0,0.2527,31.0,0.385,33.0,,,0.3601,25.0,0.4366,53.0,0.3024,28.0,0.3938,40.0,,,0.365,28.0
2015-11-11,0.3017,45.0,0.2436,27.0,0.3325,19.0,,,0.3565,24.0,0.435,52.0,0.3019,28.0,0.3952,40.0,,,0.3722,31.0
2015-11-10,0.3058,46.0,0.2465,28.0,0.3226,15.0,,,0.3647,27.0,0.4346,52.0,0.3018,28.0,0.3822,35.0,,,0.3774,33.0
2015-11-09,0.2951,43.0,0.2328,22.0,0.3958,37.0,,,0.3615,26.0,0.4344,52.0,0.3011,27.0,0.3893,38.0,,,0.3725,31.0
2015-11-06,0.2586,34.0,0.2315,21.0,0.3494,23.0,,,0.3877,34.0,0.4339,52.0,0.3003,26.0,0.3514,23.0,,,0.3645,28.0
2015-11-05,0.1554,9.0,0.1926,8.0,0.3374,20.0,,,0.3596,25.0,0.4309,51.0,0.2991,25.0,0.3837,35.0,,,0.3689,30.0
2015-11-04,0.1477,8.0,0.1972,9.0,0.3527,24.0,,,0.3695,28.0,0.4309,51.0,0.2999,26.0,0.3616,28.0,,,0.3777,33.0
2015-11-03,0.147,8.0,0.2153,15.0,0.3488,23.0,,,0.3628,26.0,0.4308,51.0,0.3003,26.0,0.3853,36.0,,,0.3688,30.0
2015-11-02,0.2429,30.0,0.2494,30.0,0.2603,3.0,,,0.3751,30.0,0.4305,51.0,0.3006,26.0,0.3799,34.0,,,0.3791,34.0
2015-10-30,1.1142,99.0,0.4421,80.0,0.3136,13.0,,,0.3171,13.0,0.4301,51.0,0.3002,26.0,0.3673,30.0,,,0.3795,34.0
2015-10-29,1.1448,99.0,0.4484,81.0,0.3169,14.0,,,0.3664,28.0,0.4301,51.0,0.3003,26.0,0.3798,34.0,,,0.3742,32.0
2015-10-28,1.122,99.0,0.4467,80.0,0.3099,12.0,,,0.3726,30.0,0.4306,51.0,0.3001,26.0,0.3693,30.0,,,0.3783,33.0
2015-10-27,1.125,99.0,0.4706,83.0,0.3024,10.0,,,0.3396,19.0,0.4304,51.0,0.3019,28.0,0.3638,28.0,,,0.3812,34.0
2015-10-26,1.414,100.0,0.5685,91.0,0.284,5.0,,,0.3218,14.0,0.4304,51.0,0.3018,28.0,0.3488,21.0,,,0.3657,28.0
2015-10-23,1.4054,100.0,0.5716,91.0,0.2895,6.0,,,0.3188,13.0,0.4322,52.0,0.3014,27.0,0.3228,10.0,,,0.3707,31.0
2015-10-22,1.4084,100.0,0.5592,90.0,0.3836,33.0,,,0.4138,43.0,0.4282,51.0,0.3001,26.0,0.401,42.0,,,0.3739,32.0
2015-10-21,0.7323,92.0,0.4238,78.0,0.5096,68.0,,,0.3598,25.0,0.3299,24.0,0.2875,18.0,0.3931,39.0,,,0.3455,19.0
2015-10-20,0.7351,92.0,0.4166,76.0,0.3413,21.0,,,0.4942,64.0,0.3291,24.0,0.2905,20.0,0.337,16.0,,,0.3938,38.0
2015-10-19,0.7045,90.0,0.4057,75.0,0.4052,40.0,,,0.3914,35.0,0.4024,46.0,0.3234,46.0,0.3827,35.0,,,0.3567,25.0
2015-10-16,0.7141,91.0,0.3824,70.0,0.5079,67.0,,,0.3047,10.0,0.4064,47.0,0.3234,46.0,0.5515,88.0,,,0.4096,45.0
2015-10-15,0.2779,38.0,0.2381,24.0,0.3341,19.0,,,0.4695,59.0,0.3778,38.0,0.3147,39.0,0.3496,22.0,,,0.3816,34.0
2015-10-14,0.2506,32.0,0.2285,20.0,0.4133,43.0,,,0.3749,30.0,0.3763,37.0,0.3145,39.0,0.3997,42.0,,,0.3222,9.0
2015-10-13,0.4087,67.0,0.2856,44.0,0.415,43.0,,,0.3617,26.0,0.3775,38.0,0.3147,39.0,0.3664,28.0,,,0.3346,14.0
2015-10-12,0.3888,64.0,0.2885,45.0,0.3465,22.0,,,0.3906,35.0,0.3774,38.0,0.3145,39.0,0.3385,17.0,,,0.3541,24.0
2015-10-09,0.4178,69.0,0.3093,52.0,0.4015,38.0,,,0.3467,22.0,0.3777,38.0,0.3149,39.0,0.3463,20.0,,,0.3279,11.0
2015-10-08,0.4162,68.0,0.3186,55.0,0.3734,30.0,,,0.3715,28.0,0.3796,39.0,0.3161,40.0,0.3435,19.0,,,0.362,27.0
2015-10-07,0.4162,68.0,0.3228,56.0,0.3083,12.0,,,0.3978,37.0,0.3794,39.0,0.316,40.0,0.326,11.0,,,0.3703,31.0
2015-10-06,0.5701,84.0,0.3542,65.0,0.418,44.0,,,0.3819,32.0,0.3774,38.0,0.315,39.0,0.3746,32.0,,,0.3553,24.0
2015-10-05,0.5701,84.0,0.3473,63.0,0.3014,10.0,,,0.5505,75.0,0.3775,38.0,0.3145,39.0,0.3263,11.0,,,0.3689,30.0
2015-10-02,0.3897,65.0,0.2962,48.0,0.3687,28.0,,,0.369,28.0,0.3673,35.0,0.3119,37.0,0.3481,21.0,,,0.3557,24.0
2015-10-01,0.3897,65.0,0.2896,45.0,0.413,42.0,,,0.3335,17.0,0.3673,35.0,0.3115,36.0,0.3668,28.0,,,0.3196,8.0
2015-09-30,0.4101,68.0,0.2718,39.0,0.3364,20.0,,,0.4039,39.0,0.3669,34.0,0.3104,36.0,0.3138,7.0,,,0.3331,13.0
2015-09-29,0.3888,64.0,0.2646,36.0,0.3218,15.0,,,0.3946,36.0,0.3662,34.0,0.3108,36.0,0.3516,23.0,,,0.3531,23.0
2015-09-28,0.3989,66.0,0.2784,42.0,0.5383,74.0,,,0.3479,22.0,0.3659,34.0,0.3106,36.0,0.3838,35.0,,,0.3369,15.0
2015-09-25,0.2994,44.0,0.2001,10.0,0.4477,53.0,,,0.3103,11.0,0.3566,31.0,0.3078,34.0,0.3844,36.0,,,0.3389,16.0
2015-09-24,0.3125,48.0,0.1917,8.0,0.3684,28.0,,,0.4062,40.0,0.3571,32.0,0.3078,34.0,0.3547,24.0,,,0.3326,13.0
2015-09-23,0.3088,47.0,0.1911,7.0,0.3848,33.0,,,0.3515,23.0,0.357,32.0,0.3085,34.0,0.3929,39.0,,,0.3621,27.0
2015-09-22,0.3072,47.0,0.1954,8.0,0.4087,41.0,,,0.3219,14.0,0.3573,32.0,0.3083,34.0,0.3928,39.0,,,0.3438,19.0
2015-09-21,0.2888,41.0,0.1865,6.0,0.3583,26.0,,,0.3582,25.0,0.3552,31.0,0.3087,35.0,0.3579,26.0,,,0.3365,15.0
2015-09-18,0.2781,38.0,0.1817,6.0,0.4057,40.0,,,0.3062,10.0,0.359,32.0,0.3107,36.0,0.387,37.0,,,0.316,6.0
2015-09-17,0.0774,1.0,0.1429,1.0,0.3952,37.0,,,0.348,22.0,0.3533,31.0,0.3095,35.0,0.3387,17.0,,,0.33,12.0
2015-09-16,0.1498,8.0,0.1465,2.0,0.3358,20.0,,,0.3909,35.0,0.3533,31.0,0.3096,35.0,0.344,19.0,,,0.3521,22.0
2015-09-15,0.1626,11.0,0.1542,2.0,0.3374,20.0,,,0.3646,27.0,0.3552,31.0,0.3107,36.0,0.3578,26.0,,,0.3355,15.0
2015-09-14,0.2074,21.0,0.1651,3.0,0.4092,41.0,,,0.3532,24.0,0.3552,31.0,0.3115,36.0,0.3765,33.0,,,0.3446,19.0
2015-09-11,0.2234,25.0,0.1652,3.0,0.3148,13.0,,,0.3691,28.0,0.3558,31.0,0.3122,37.0,0.3468,20.0,,,0.3517,22.0
2015-09-10,0.2665,35.0,0.1699,4.0,0.3914,35.0,,,0.3243,14.0,0.3558,31.0,0.3125,37.0,0.3523,23.0,,,0.3471,20.0
2015-09-09,0.2585,34.0,0.1945,8.0,0.4391,50.0,,,0.3241,14.0,0.3558,31.0,0.3127,37.0,0.3845,36.0,,,0.3432,18.0
2015-09-08,0.2647,35.0,0.1991,10.0,0.3891,35.0,,,0.4258,47.0,0.3573,32.0,0.3141,39.0,0.3891,37.0,,,0.3924,37.0
2015-09-04,0.292,42.0,0.2332,22.0,0.3786,31.0,,,0.424,46.0,0.3705,36.0,0.3193,42.0,0.3863,37.0,,,0.3845,35.0
2015-09-03,0.2884,41.0,0.2564,32.0,0.351,24.0,,,0.44,51.0,0.3703,36.0,0.3201,43.0,0.3906,38.0,,,0.4082,44.0
2015-09-02,0.2872,40.0,0.2637,36.0,0.4033,39.0,,,0.4694,59.0,0.373,36.0,0.321,44.0,0.3894,38.0,,,0.4288,54.0
2015-09-01,0.3932,65.0,0.3407,61.0,0.4551,55.0,,,0.4278,47.0,0.3777,38.0,0.3233,46.0,0.3859,36.0,,,0.4184,49.0
2015-08-31,0.4259,70.0,0.3638,67.0,0.3847,33.0,,,0.4912,63.0,0.377,38.0,0.3236,46.0,0.3712,31.0,,,0.42,50.0
2015-08-28,0.4352,71.0,0.3548,65.0,0.428,47.0,,,0.4418,52.0,0.3769,38.0,0.323,46.0,0.3998,42.0,,,0.3959,38.0
2015-08-27,0.4384,71.0,0.3533,65.0,0.3668,28.0,,,0.4504,54.0,0.3776,38.0,0.3236,46.0,0.3704,31.0,,,0.4069,43.0
2015-08-26,0.3628,59.0,0.3324,59.0,0.3694,28.0,,,0.4951,64.0,0.3787,39.0,0.3239,47.0,0.3611,27.0,,,0.4051,43.0
2015-08-25,0.2448,30.0,0.3221,56.0,0.4858,63.0,,,0.4006,38.0,0.3812,40.0,0.3252,47.0,0.4157,49.0,,,0.3744,32.0
2015-08-24,0.2749,37.0,0.3178,54.0,0.4521,54.0,,,0.5202,70.0,0.3796,39.0,0.3253,47.0,0.4016,43.0,,,0.4032,41.0
2015-08-21,0.2477,31.0,0.242,26.0,0.3941,36.0,,,0.3382,19.0,0.3775,38.0,0.3214,44.0,0.3763,33.0,,,0.3278,11.0
2015-08-20,0.2002,19.0,0.2093,13.0,0.3608,26.0,,,0.3643,27.0,0.3755,37.0,0.3203,43.0,0.3608,27.0,,,0.3188,8.0
2015-08-19,0.2043,20.0,0.2139,14.0,0.36,26.0,,,0.3107,11.0,0.3777,38.0,0.3229,46.0,0.3614,28.0,,,0.3128,5.0
2015-08-18,0.2227,25.0,0.2201,17.0,0.3547,25.0,,,0.3021,9.0,0.3804,39.0,0.3254,47.0,0.3547,24.0,,,0.3329,13.0
2015-08-14,0.2614,34.0,0.2455,28.0,0.2916,7.0,,,0.3014,9.0,0.3828,40.0,0.3261,48.0,0.3429,19.0,,,0.339,16.0
2015-08-13,0.2047,20.0,0.274,39.0,0.3524,24.0,,,0.3005,9.0,0.3823,40.0,0.3261,48.0,0.3419,18.0,,,0.3242,9.0
2015-08-12,0.2079,21.0,0.2681,37.0,0.3529,24.0,,,0.3722,28.0,0.3826,40.0,0.3259,48.0,0.3292,12.0,,,0.3337,14.0
2015-08-11,0.202,19.0,0.2659,37.0,0.4001,38.0,,,0.3105,11.0,0.3827,40.0,0.3266,48.0,0.3538,24.0,,,0.3102,5.0
2015-08-10,0.181,14.0,0.2634,35.0,0.2831,5.0,,,0.3085,10.0,0.3869,42.0,0.3293,49.0,0.3312,13.0,,,0.3402,17.0
2015-08-07,0.1508,8.0,0.2851,44.0,0.3862,34.0,,,0.3396,19.0,0.3867,42.0,0.3295,49.0,0.3467,20.0,,,0.3306,12.0
2015-08-06,0.1247,4.0,0.2846,43.0,0.3412,21.0,,,0.2428,1.0,0.3863,42.0,0.3299,49.0,0.3412,18.0,,,0.3417,18.0
2015-08-05,0.1274,5.0,0.2728,39.0,0.3272,17.0,,,0.3132,12.0,0.3864,42.0,0.3308,50.0,0.3343,14.0,,,0.3313,12.0
2015-08-04,0.1355,6.0,0.2531,31.0,0.3649,27.0,,,0.2874,6.0,0.3939,44.0,0.3442,56.0,0.3344,15.0,,,0.3163,7.0
2015-08-03,0.1521,8.0,0.2678,37.0,0.3503,23.0,,,0.327,15.0,0.394,45.0,0.3449,57.0,0.3541,24.0,,,0.3288,11.0
2015-07-31,0.4344,71.0,0.5531,90.0,0.4075,40.0,,,0.2599,2.0,0.3942,45.0,0.3453,57.0,0.3545,24.0,,,0.3283,11.0
2015-07-30,0.4344,71.0,0.5578,90.0,0.3487,23.0,,,0.3128,12.0,0.3945,45.0,0.346,57.0,0.3581,26.0,,,0.3248,10.0
2015-07-29,0.4323,71.0,0.571,91.0,0.3496,23.0,,,0.3499,23.0,0.3948,45.0,0.3464,57.0,0.3767,33.0,,,0.337,15.0
2015-07-28,0.4332,71.0,0.5686,91.0,0.3354,19.0,,,0.3599,25.0,0.4098,48.0,0.3543,60.0,0.3561,25.0,,,0.3579,25.0
2015-07-27,0.3952,66.0,0.5681,91.0,0.3715,28.0,,,0.3511,23.0,0.41,48.0,0.3547,61.0,0.3588,27.0,,,0.3247,10.0
2015-07-24,0.425,70.0,0.5627,90.0,0.3764,31.0,,,0.2783,5.0,0.4107,49.0,0.3557,61.0,0.3636,28.0,,,0.3461,20.0
2015-07-23,0.4372,71.0,0.5527,90.0,0.4,38.0,,,0.3136,12.0,0.41,48.0,0.356,61.0,0.3585,26.0,,,0.346,20.0
2015-07-22,0.2518,32.0,0.2648,36.0,0.536,73.0,,,0.3482,22.0,0.3962,45.0,0.3374,53.0,0.3935,39.0,,,0.334,14.0
2015-07-21,0.2713,37.0,0.2562,32.0,0.5262,71.0,,,0.3657,27.0,0.3956,45.0,0.3373,53.0,0.3688,30.0,,,0.3306,12.0
2015-07-20,0.1557,9.0,0.2064,12.0,0.4372,50.0,,,0.3578,25.0,0.391,44.0,0.3361,52.0,0.35,22.0,,,0.3588,26.0
2015-07-17,0.1525,8.0,0.203,11.0,0.3721,30.0,,,0.32,13.0,0.3909,44.0,0.336,52.0,0.3633,28.0,,,0.3287,11.0
2015-07-16,0.3909,65.0,0.2681,37.0,0.3325,19.0,,,0.3433,20.0,0.3914,44.0,0.3357,52.0,0.3603,27.0,,,0.3457,19.0
2015-07-15,0.4041,67.0,0.3182,55.0,0.3673,28.0,,,0.3745,30.0,0.3914,44.0,0.3361,52.0,0.3505,22.0,,,0.3423,18.0
2015-07-14,0.4309,70.0,0.3329,59.0,0.3317,18.0,,,0.3383,19.0,0.395,45.0,0.3388,54.0,0.3353,15.0,,,0.3435,18.0
2015-07-13,0.4418,72.0,0.3428,62.0,0.3486,23.0,,,0.3742,30.0,0.397,45.0,0.3398,54.0,0.3368,16.0,,,0.343,18.0
2015-07-10,0.4428,72.0,0.3415,62.0,0.3673,28.0,,,0.3953,36.0,0.397,45.0,0.3409,54.0,0.3168,8.0,,,0.3579,25.0
2015-07-09,0.4236,69.0,0.3333,59.0,0.3741,30.0,,,0.3453,21.0,0.3966,45.0,0.3408,54.0,0.3527,23.0,,,0.3453,19.0
2015-07-08,0.4675,75.0,0.3499,64.0,0.4072,40.0,,,0.3437,21.0,0.3968,45.0,0.3411,54.0,0.3498,22.0,,,0.3341,14.0
2015-07-07,0.3267,52.0,0.2849,44.0,0.298,9.0,,,0.4338,49.0,0.388,43.0,0.3385,54.0,0.3158,8.0,,,0.3545,24.0
2015-07-06,0.3128,48.0,0.2345,22.0,0.3125,12.0,,,0.4048,39.0,0.3879,43.0,0.3365,53.0,0.3021,4.0,,,0.3388,16.0
2015-07-02,0.2712,37.0,0.2175,16.0,0.3459,22.0,,,0.3108,11.0,0.3875,43.0,0.337,53.0,0.343,19.0,,,0.2913,2.0
2015-07-01,0.267,36.0,0.2003,10.0,0.307,11.0,,,0.2946,8.0,0.3873,42.0,0.3369,53.0,0.3342,14.0,,,0.322,9.0
2015-06-30,0.3023,45.0,0.215,15.0,0.3357,20.0,,,0.3315,17.0,0.3901,44.0,0.3392,54.0,0.3117,7.0,,,0.318,7.0
2015-06-29,0.3468,56.0,0.253,31.0,0.3925,36.0,,,0.3085,10.0,0.3904,44.0,0.3393,54.0,0.3489,21.0,,,0.3085,4.0
2015-06-26,0.2496,31.0,0.2369,23.0,0.3179,14.0,,,0.286,6.0,0.3863,42.0,0.3381,53.0,0.3226,10.0,,,0.318,7.0
2015-06-25,0.2585,34.0,0.2369,23.0,0.2951,8.0,,,0.2608,2.0,0.3864,42.0,0.3382,53.0,0.318,9.0,,,0.3192,8.0
2015-06-24,0.2539,32.0,0.2358,23.0,0.3252,16.0,,,0.3018,9.0,0.3864,42.0,0.3381,53.0,0.33,13.0,,,0.3328,13.0
2015-06-23,0.2403,28.0,0.2475,28.0,0.3358,20.0,,,0.3061,10.0,0.386,42.0,0.3385,54.0,0.3236,10.0,,,0.3468,20.0
2015-06-22,0.2328,27.0,0.2569,33.0,0.3307,18.0,,,0.3291,16.0,0.3862,42.0,0.3389,54.0,0.3307,13.0,,,0.3356,15.0
2015-06-19,0.2142,23.0,0.2373,24.0,0.3171,14.0,,,0.3343,18.0,0.3862,42.0,0.339,54.0,0.3369,16.0,,,0.3313,12.0
2015-06-18,0.1876,16.0,0.2167,16.0,0.3344,19.0,,,0.3269,15.0,0.3859,42.0,0.338,53.0,0.3344,15.0,,,0.3269,11.0
2015-06-16,0.1515,8.0,0.2072,12.0,0.2122,1.0,,,0.3372,18.0,0.3894,43.0,0.3411,54.0,0.3289,12.0,,,0.3372,15.0
2015-06-15,0.1664,11.0,0.218,16.0,0.318,14.0,,,0.3478,22.0,0.3899,43.0,0.3421,55.0,0.3418,18.0,,,0.3478,20.0
2015-06-10,0.2074,21.0,0.2357,23.0,0.2899,7.0,,,0.3278,16.0,0.3979,45.0,0.3464,57.0,0.3206,9.0,,,0.3089,4.0
2015-06-09,0.188,16.0,0.2161,15.0,0.3082,11.0,,,0.3218,14.0,0.4008,45.0,0.3464,57.0,0.3231,10.0,,,0.3218,9.0
2015-06-08,0.2035,20.0,0.225,18.0,0.3142,13.0,,,0.3585,25.0,0.4008,45.0,0.347,57.0,0.3156,8.0,,,0.3065,4.0
2015-06-05,0.2032,20.0,0.2218,17.0,0.2409,1.0,,,0.3409,20.0,0.4011,46.0,0.347,57.0,0.2963,4.0,,,0.3409,17.0
2015-06-04,0.1911,17.0,0.2171,16.0,0.369,28.0,,,0.3127,12.0,0.4019,46.0,0.3471,57.0,0.3279,12.0,,,0.3127,5.0
2015-06-03,0.1473,8.0,0.2064,12.0,0.2919,7.0,,,0.3094,11.0,0.4017,46.0,0.3474,57.0,0.3135,7.0,,,0.3205,8.0
2015-06-02,0.1339,6.0,0.1857,6.0,0.3106,12.0,,,0.333,17.0,0.402,46.0,0.3474,57.0,0.3043,5.0,,,0.333,13.0
2015-06-01,0.0888,1.0,0.1719,4.0,0.3481,23.0,,,0.3072,10.0,0.4017,46.0,0.347,57.0,0.3238,10.0,,,0.3072,4.0
2015-05-29,0.0876,1.0,0.1612,3.0,0.3271,17.0,,,0.3228,14.0,0.4043,46.0,0.3476,57.0,0.3098,6.0,,,0.3228,9.0
2015-05-28,0.0731,1.0,0.1494,2.0,0.2953,8.0,,,0.3358,18.0,0.4041,46.0,0.3477,57.0,0.3004,4.0,,,0.3267,10.0
2015-05-27,0.0724,1.0,0.1529,2.0,0.263,3.0,,,0.3265,15.0,0.4042,46.0,0.3479,57.0,0.2733,1.0,,,0.3094,5.0
2015-05-26,0.0473,1.0,0.1436,1.0,0.2841,5.0,,,0.3018,9.0,0.4043,46.0,0.348,57.0,0.3117,7.0,,,0.3045,4.0
2015-05-22,0.1026,2.0,0.1527,2.0,0.2966,9.0,,,0.2966,8.0,0.4042,46.0,0.3481,57.0,0.316,8.0,,,0.3022,3.0
2015-05-21,0.0987,2.0,0.1638,3.0,0.2889,6.0,,,0.321,13.0,0.4045,47.0,0.3487,57.0,0.3,4.0,,,0.321,8.0
2015-05-20,0.0999,2.0,0.1852,6.0,0.3051,11.0,,,0.2802,5.0,0.4045,47.0,0.3487,57.0,0.3103,6.0,,,0.312,5.0
2015-05-19,0.0938,1.0,0.2022,11.0,0.2972,9.0,,,0.3561,24.0,0.408,48.0,0.3501,59.0,0.3292,12.0,,,0.3344,14.0
2015-05-18,0.0977,2.0,0.214,14.0,0.2905,7.0,,,0.3222,14.0,0.4086,48.0,0.3504,59.0,0.2955,3.0,,,0.3074,4.0
2015-05-15,0.097,2.0,0.2078,12.0,0.2593,3.0,,,0.3233,14.0,0.4096,48.0,0.3514,59.0,0.3084,6.0,,,0.3099,5.0
2015-05-14,0.0893,1.0,0.2137,14.0,0.2888,6.0,,,0.3029,9.0,0.4096,48.0,0.3513,59.0,0.3057,5.0,,,0.3367,15.0
2015-05-13,0.1244,4.0,0.2251,19.0,0.2793,5.0,,,0.3304,16.0,0.4096,48.0,0.3514,59.0,0.3089,6.0,,,0.3304,12.0
2015-05-12,0.1246,4.0,0.2571,33.0,0.2888,6.0,,,0.3476,22.0,0.4097,48.0,0.3518,59.0,0.2744,1.0,,,0.3545,24.0
2015-05-11,0.1246,4.0,0.2435,27.0,0.3318,18.0,,,0.3275,16.0,0.4097,48.0,0.351,59.0,0.3012,4.0,,,0.3275,11.0
2015-05-08,0.1919,17.0,0.2415,26.0,0.3225,15.0,,,0.3273,16.0,0.4097,48.0,0.3505,59.0,0.3271,12.0,,,0.3273,11.0
2015-05-07,0.1709,12.0,0.2394,25.0,0.3301,18.0,,,0.3488,22.0,0.4103,49.0,0.3508,59.0,0.2962,4.0,,,0.3488,21.0
2015-05-06,0.1959,18.0,0.2517,31.0,0.3041,10.0,,,0.3093,11.0,0.4103,49.0,0.3511,59.0,0.3038,5.0,,,0.3093,5.0
2015-05-05,0.2009,19.0,0.3141,53.0,0.3303,18.0,,,0.3228,14.0,0.4104,49.0,0.3511,59.0,0.33,13.0,,,0.2991,3.0
2015-05-04,1.0166,97.0,0.6764,96.0,0.3818,32.0,,,0.2897,7.0,0.4098,48.0,0.3507,59.0,0.3511,22.0,,,0.2947,2.0
2015-05-01,1.0776,98.0,0.6785,96.0,0.3372,20.0,,,0.3143,12.0,0.41,48.0,0.3498,59.0,0.3139,7.0,,,0.317,7.0
2015-04-30,1.0707,98.0,0.681,96.0,0.3145,13.0,,,0.3021,9.0,0.41,48.0,0.3499,59.0,0.3114,6.0,,,0.287,1.0
2015-04-29,1.0553,98.0,0.6855,96.0,0.251,2.0,,,0.3126,12.0,0.4079,48.0,0.3495,59.0,0.2876,2.0,,,0.3126,5.0
2015-04-28,1.045,98.0,0.6869,96.0,0.2674,3.0,,,0.3249,15.0,0.4079,48.0,0.35,59.0,0.3064,5.0,,,0.3249,10.0
2015-04-27,1.0674,98.0,0.6841,96.0,0.2896,7.0,,,0.3334,17.0,0.4093,48.0,0.3505,59.0,0.2945,3.0,,,0.3334,13.0
2015-04-24,1.0819,98.0,0.6595,95.0,0.374,30.0,,,0.3009,9.0,0.4092,48.0,0.3475,57.0,0.3366,16.0,,,0.3041,3.0
2015-04-23,0.4029,67.0,0.286,44.0,0.493,64.0,,,0.3368,18.0,0.3372,27.0,0.3168,40.0,0.3701,31.0,,,0.3268,11.0
2015-04-22,0.3021,45.0,0.2488,28.0,0.2768,4.0,,,0.5131,68.0,0.3586,32.0,0.3353,52.0,0.2768,2.0,,,0.3608,26.0
2015-04-21,0.3062,46.0,0.245,28.0,0.4141,43.0,,,0.3747,30.0,0.358,32.0,0.3354,52.0,0.3609,27.0,,,0.326,10.0
2015-04-20,0.2598,34.0,0.2291,20.0,0.3201,15.0,,,0.4482,53.0,0.3591,32.0,0.3349,52.0,0.313,7.0,,,0.3767,33.0
2015-04-17,0.2676,36.0,0.224,18.0,0.3212,15.0,,,0.365,27.0,0.358,32.0,0.3348,52.0,0.3348,15.0,,,0.341,17.0
2015-04-16,0.2337,28.0,0.2222,17.0,0.3285,17.0,,,0.3561,24.0,0.3576,32.0,0.3347,52.0,0.3244,11.0,,,0.3302,12.0
2015-04-15,0.2043,20.0,0.2126,14.0,0.2897,7.0,,,0.4212,46.0,0.3574,32.0,0.3354,52.0,0.3004,4.0,,,0.3496,21.0
2015-04-13,0.1519,8.0,0.2101,13.0,0.2998,9.0,,,0.4683,57.0,0.3565,31.0,0.3386,54.0,0.287,2.0,,,0.3452,19.0
2015-04-10,0.1088,3.0,0.2162,15.0,0.3898,35.0,,,0.3249,15.0,0.3557,31.0,0.341,54.0,0.3031,5.0,,,0.3286,11.0
2015-04-09,0.132,6.0,0.2153,15.0,0.4168,44.0,,,0.3258,15.0,0.356,31.0,0.3413,55.0,0.3163,8.0,,,0.3166,7.0
2015-04-08,0.111,3.0,0.223,18.0,0.3877,34.0,,,0.3495,23.0,0.3574,32.0,0.3418,55.0,0.3345,15.0,,,0.3198,8.0
2015-04-07,0.1181,4.0,0.2216,17.0,0.4117,42.0,,,0.3337,17.0,0.3609,33.0,0.3438,56.0,0.3442,19.0,,,0.337,15.0
2015-04-06,0.1236,4.0,0.2369,23.0,0.4015,38.0,,,0.3321,17.0,0.3633,33.0,0.344,56.0,0.3332,14.0,,,0.3472,20.0
2015-04-02,0.2632,35.0,0.2616,35.0,0.3375,20.0,,,0.3745,30.0,0.3637,33.0,0.3433,55.0,0.3393,17.0,,,0.3324,13.0
2015-04-01,0.2502,32.0,0.2554,32.0,0.3447,22.0,,,0.3364,18.0,0.3672,35.0,0.3448,56.0,0.3235,10.0,,,0.3336,14.0
2015-03-31,0.2543,32.0,0.2446,27.0,0.3867,34.0,,,0.3166,12.0,0.3673,35.0,0.3444,56.0,0.3448,20.0,,,0.3141,6.0
2015-03-30,0.306,46.0,0.2623,35.0,0.2984,9.0,,,0.3354,18.0,0.3709,36.0,0.3453,57.0,0.3045,5.0,,,0.3086,4.0
2015-03-27,0.3069,46.0,0.2638,36.0,0.2978,9.0,,,0.3371,18.0,0.3709,36.0,0.3448,56.0,0.2813,2.0,,,0.3325,13.0
2015-03-26,0.3184,50.0,0.2852,44.0,0.3471,22.0,,,0.329,16.0,0.3708,36.0,0.3448,56.0,0.3167,8.0,,,0.3385,16.0
2015-03-25,0.3167,49.0,0.2769,41.0,0.417,44.0,,,0.2706,3.0,0.3711,36.0,0.3442,56.0,0.3669,28.0,,,0.3054,4.0
2015-03-24,0.1643,11.0,0.2338,22.0,0.3001,9.0,,,0.3091,11.0,0.3689,35.0,0.3432,55.0,0.3124,7.0,,,0.2915,2.0
2015-03-23,0.2402,28.0,0.2678,37.0,0.2928,7.0,,,0.3402,20.0,0.3689,35.0,0.3432,55.0,0.2928,3.0,,,0.293,2.0
2015-03-20,0.4635,74.0,0.3598,66.0,0.2845,6.0,,,0.3687,28.0,0.3711,36.0,0.3437,56.0,0.2845,2.0,,,0.3076,4.0
2015-03-19,0.4696,75.0,0.3585,66.0,0.3012,9.0,,,0.3527,24.0,0.3699,35.0,0.3439,56.0,0.325,11.0,,,0.3527,23.0
2015-03-18,0.5523,82.0,0.3655,67.0,0.2434,1.0,,,0.4503,54.0,0.3701,35.0,0.3476,57.0,0.2921,3.0,,,0.3865,35.0
2015-03-17,0.611,86.0,0.3897,72.0,0.311,12.0,,,0.3834,33.0,0.371,36.0,0.3473,57.0,0.3325,14.0,,,0.3557,24.0
2015-03-16,0.6107,86.0,0.3915,72.0,0.2939,8.0,,,0.341,20.0,0.3711,36.0,0.3471,57.0,0.3232,10.0,,,0.341,17.0
2015-03-13,0.6223,87.0,0.3928,73.0,0.3094,12.0,,,0.3664,28.0,0.3712,36.0,0.3472,57.0,0.3051,5.0,,,0.3256,10.0
2015-03-12,0.6103,86.0,0.3837,71.0,0.3234,16.0,,,0.3753,30.0,0.3698,35.0,0.3458,57.0,0.3021,4.0,,,0.3781,33.0
2015-03-11,0.461,74.0,0.3262,57.0,0.2953,8.0,,,0.4061,40.0,0.3549,31.0,0.3409,54.0,0.2953,3.0,,,0.3177,7.0
2015-03-10,0.5555,82.0,0.3514,64.0,0.4148,43.0,,,0.3564,24.0,0.3549,31.0,0.34,54.0,0.3358,15.0,,,0.3237,9.0
2015-03-09,0.4972,78.0,0.3451,62.0,0.3153,13.0,,,0.3704,28.0,0.3514,30.0,0.339,54.0,0.305,5.0,,,0.3645,28.0
2015-03-06,0.3894,64.0,0.3061,51.0,0.3468,22.0,,,0.4129,43.0,0.3443,30.0,0.3365,53.0,0.2859,2.0,,,0.3419,18.0
2015-03-05,0.3986,66.0,0.308,51.0,0.3624,27.0,,,0.2665,3.0,0.3443,30.0,0.3361,52.0,0.3452,20.0,,,0.3163,7.0
2015-03-04,0.4472,72.0,0.3537,65.0,0.3219,15.0,,,0.2875,6.0,0.3447,30.0,0.3362,53.0,0.3219,10.0,,,0.316,6.0
2015-03-03,0.4911,77.0,0.3807,70.0,0.3487,23.0,,,0.3441,21.0,0.3445,30.0,0.3356,52.0,0.3487,21.0,,,0.2709,1.0
2015-03-02,0.4226,69.0,0.3736,69.0,0.2955,8.0,,,0.3904,35.0,0.3415,28.0,0.3347,52.0,0.2634,1.0,,,0.3672,28.0
2015-02-27,0.3761,62.0,0.3383,61.0,0.3395,20.0,,,0.2909,7.0,0.3355,26.0,0.3325,50.0,0.3305,13.0,,,0.316,6.0
2015-02-26,0.388,64.0,0.3321,59.0,0.2823,5.0,,,0.299,8.0,0.3363,27.0,0.3324,50.0,0.3233,10.0,,,0.3278,11.0
2015-02-25,0.3999,66.0,0.3332,59.0,0.3082,11.0,,,0.3906,35.0,0.3365,27.0,0.3321,50.0,0.3182,9.0,,,0.3274,11.0
2015-02-24,0.3939,65.0,0.3413,61.0,0.3562,25.0,,,0.366,28.0,0.3365,27.0,0.332,50.0,0.2872,2.0,,,0.3642,28.0
2015-02-23,0.4369,71.0,0.3449,62.0,0.3735,30.0,,,0.3475,22.0,0.3346,26.0,0.3297,49.0,0.3395,17.0,,,0.3323,13.0
2015-02-20,0.3636,60.0,0.3109,52.0,0.3348,19.0,,,0.3807,32.0,0.3322,25.0,0.3278,48.0,0.2917,3.0,,,0.3478,20.0
2015-02-19,0.3538,57.0,0.3058,51.0,0.4285,48.0,,,0.3172,13.0,0.3292,24.0,0.3266,48.0,0.3471,21.0,,,0.3172,7.0
2015-02-18,0.3551,57.0,0.3385,61.0,0.7475,94.0,,,0.2695,3.0,0.3291,24.0,0.3265,48.0,0.3576,26.0,,,0.2655,1.0
2015-02-17,0.4951,78.0,0.5384,89.0,0.3669,28.0,,,0.3028,9.0,0.3287,24.0,0.3261,48.0,0.3441,19.0,,,0.3327,13.0
2015-02-13,0.4878,77.0,0.5451,89.0,0.2678,3.0,,,0.5508,75.0,0.3286,24.0,0.3259,48.0,0.283,2.0,,,0.3852,35.0
2015-02-12,0.496,78.0,0.5411,89.0,0.2108,1.0,,,0.8294,98.0,0.3302,25.0,0.325,47.0,0.2108,1.0,,,0.4058,43.0
2015-02-11,0.4025,67.0,0.5196,87.0,0.3092,12.0,,,0.3543,24.0,0.3234,21.0,0.3229,46.0,0.333,14.0,,,0.3674,28.0
2015-02-10,0.4052,67.0,0.5321,88.0,0.5283,72.0,,,0.2492,2.0,0.3227,21.0,0.3223,45.0,0.385,36.0,,,0.3013,3.0
2015-02-09,0.6276,87.0,0.6144,93.0,0.2961,8.0,,,0.3579,25.0,0.322,21.0,0.3217,45.0,0.32,9.0,,,0.3557,24.0
2015-02-06,0.6255,87.0,0.6045,93.0,1.0268,100.0,,,0.2497,2.0,0.3209,20.0,0.3199,43.0,0.4698,67.0,,,0.2497,1.0
2015-02-05,0.5075,79.0,0.4541,82.0,0.3399,20.0,,,0.3321,17.0,0.3129,16.0,0.3041,30.0,0.3497,22.0,,,0.3053,4.0
2015-02-04,0.5069,78.0,0.4582,82.0,0.4096,41.0,,,0.3122,11.0,0.3139,16.0,0.3033,30.0,0.3553,25.0,,,0.3008,3.0
2015-02-03,0.4898,77.0,0.4584,82.0,0.2941,8.0,,,0.5513,75.0,0.3134,16.0,0.3028,28.0,0.2987,4.0,,,0.3928,37.0
2015-02-02,0.4949,78.0,0.4536,81.0,0.3155,13.0,,,0.4739,60.0,0.3125,15.0,0.302,28.0,0.2438,1.0,,,0.3929,37.0
2015-01-30,0.4981,78.0,0.4484,81.0,0.3262,17.0,,,0.4169,44.0,0.3126,16.0,0.3002,26.0,0.2713,1.0,,,0.3732,32.0
2015-01-29,0.1996,19.0,0.3144,54.0,0.3126,12.0,,,0.413,43.0,0.2907,8.0,0.2906,20.0,0.3317,13.0,,,0.3661,28.0
2015-01-28,0.2141,23.0,0.3094,52.0,0.3527,24.0,,,0.3036,9.0,0.2906,8.0,0.2902,19.0,0.3608,27.0,,,0.3433,18.0
2015-01-27,0.1805,14.0,0.2784,42.0,0.3109,12.0,,,0.39,35.0,0.293,8.0,0.2889,19.0,0.3035,5.0,,,0.3587,25.0
2015-01-26,0.2847,40.0,0.3066,51.0,0.3239,16.0,,,0.3855,33.0,0.2929,8.0,0.2875,18.0,0.3538,24.0,,,0.3431,18.0
2015-01-23,0.3118,48.0,0.3151,54.0,0.3212,15.0,,,0.3342,18.0,0.2929,8.0,0.2868,18.0,0.3071,6.0,,,0.3422,18.0
2015-01-22,0.3249,51.0,0.3299,57.0,0.3885,34.0,,,0.3401,20.0,0.2931,8.0,0.2867,18.0,0.3747,32.0,,,0.3332,13.0
2015-01-21,0.2652,35.0,0.3146,54.0,0.3635,27.0,,,0.3494,23.0,0.2924,8.0,0.2858,17.0,0.3492,22.0,,,0.3659,28.0
2015-01-20,0.2567,33.0,0.3211,55.0,0.3909,35.0,,,0.3507,23.0,0.3021,11.0,0.2903,19.0,0.3559,25.0,,,0.3288,11.0
2015-01-16,0.2887,41.0,0.3254,57.0,0.3856,33.0,,,0.3717,28.0,0.302,11.0,0.2898,19.0,0.3856,36.0,,,0.3935,38.0
2015-01-15,0.3044,46.0,0.324,56.0,0.3716,30.0,,,0.2907,7.0,0.3018,11.0,0.2898,19.0,0.3976,41.0,,,0.3835,35.0
2015-01-14,0.2384,28.0,0.2987,48.0,0.3148,13.0,,,0.3802,32.0,0.2997,10.0,0.2869,18.0,0.3318,14.0,,,0.3531,23.0
2015-01-13,0.1966,18.0,0.2879,45.0,0.357,25.0,,,0.3802,32.0,0.2992,10.0,0.2859,17.0,0.3309,13.0,,,0.35,21.0
2015-01-12,0.2473,31.0,0.3092,52.0,0.3956,37.0,,,0.3835,33.0,0.2987,9.0,0.2845,16.0,0.3642,28.0,,,0.3649,28.0
2015-01-09,0.2473,31.0,0.3056,51.0,0.3761,31.0,,,0.3642,27.0,0.3002,11.0,0.2843,16.0,0.3538,24.0,,,0.324,9.0
2015-01-08,0.2482,31.0,0.2926,46.0,0.3534,24.0,,,0.3774,31.0,0.3001,10.0,0.2841,16.0,0.3006,4.0,,,0.3255,10.0
2015-01-07,0.2108,22.0,0.2765,41.0,0.3904,35.0,,,0.3796,32.0,0.3005,11.0,0.2832,16.0,0.3417,18.0,,,0.3636,27.0
2015-01-06,0.1818,15.0,0.2739,39.0,0.4163,44.0,,,0.3738,30.0,0.3,10.0,0.2835,16.0,0.3548,24.0,,,0.383,34.0
2015-01-05,0.1802,14.0,0.2539,32.0,0.3648,27.0,,,0.3636,27.0,0.2995,10.0,0.283,16.0,0.3772,33.0,,,0.3289,12.0
2015-01-02,0.224,25.0,0.2518,31.0,0.3601,26.0,,,0.327,15.0,0.2995,10.0,0.2823,16.0,0.3453,20.0,,,0.309,5.0
2014-12-31,0.1993,19.0,0.2087,13.0,0.3899,35.0,,,0.3123,11.0,0.2969,9.0,0.2795,15.0,0.3793,34.0,,,0.3234,9.0
2014-12-30,0.2164,24.0,0.2215,17.0,0.3223,15.0,,,0.3242,14.0,0.2978,9.0,0.2798,15.0,0.3321,14.0,,,0.3242,9.0
2014-12-29,0.2407,28.0,0.244,27.0,0.3101,12.0,,,0.292,7.0,0.3049,12.0,0.2813,15.0,0.3364,16.0,,,0.3206,8.0
2014-12-26,0.2498,31.0,0.3035,50.0,0.3054,11.0,,,0.3381,19.0,0.3088,14.0,0.2823,16.0,0.3248,11.0,,,0.336,15.0
2014-12-24,0.2978,44.0,0.322,56.0,0.3254,16.0,,,0.2721,4.0,0.3107,14.0,0.2837,16.0,0.3164,8.0,,,0.2926,2.0
2014-12-23,0.2834,40.0,0.3267,57.0,0.2951,8.0,,,0.3232,14.0,0.3104,14.0,0.2836,16.0,0.3497,22.0,,,0.349,21.0
2014-12-22,0.4785,76.0,0.3766,69.0,0.2956,8.0,,,0.346,21.0,0.3112,15.0,0.284,16.0,0.303,5.0,,,0.342,18.0
2014-12-19,0.4838,76.0,0.383,70.0,0.2964,8.0,,,0.365,27.0,0.3106,14.0,0.2835,16.0,0.2773,2.0,,,0.3543,24.0
2014-12-18,0.4924,77.0,0.3845,71.0,0.3352,19.0,,,0.395,36.0,0.3087,14.0,0.2829,16.0,0.2822,2.0,,,0.379,33.0
2014-12-17,0.4409,72.0,0.3828,70.0,0.3288,17.0,,,0.3678,28.0,0.3058,13.0,0.2828,16.0,0.3288,12.0,,,0.357,25.0
2014-12-16,0.2976,44.0,0.3385,61.0,0.3323,19.0,,,0.3834,33.0,0.3009,11.0,0.2793,15.0,0.3528,23.0,,,0.4043,42.0
2014-12-15,0.3862,64.0,0.3298,57.0,0.3206,15.0,,,0.2939,7.0,0.3015,11.0,0.2781,14.0,0.3206,9.0,,,0.3158,6.0
2014-12-12,0.3847,64.0,0.3263,57.0,0.3445,22.0,,,0.3455,21.0,0.3015,11.0,0.2772,14.0,0.3445,19.0,,,0.3549,24.0
2014-12-11,0.3344,54.0,0.2753,40.0,0.3736,30.0,,,0.2828,5.0,0.2937,8.0,0.2733,12.0,0.3421,18.0,,,0.3035,3.0
2014-12-10,0.3212,51.0,0.2513,30.0,0.4551,55.0,,,0.269,3.0,0.2927,8.0,0.2718,12.0,0.3513,22.0,,,0.322,9.0
2014-12-09,0.3015,45.0,0.248,28.0,0.3134,13.0,,,0.3959,37.0,0.2889,7.0,0.2708,11.0,0.3106,6.0,,,0.3322,13.0
2014-12-08,0.2996,44.0,0.2451,28.0,0.3216,15.0,,,0.3034,9.0,0.2886,7.0,0.27,11.0,0.3286,12.0,,,0.3262,10.0
2014-12-05,0.3027,45.0,0.2453,28.0,0.2957,8.0,,,0.3407,20.0,0.2893,7.0,0.2701,11.0,0.2704,1.0,,,0.3654,28.0
2014-12-04,0.2592,34.0,0.24,25.0,0.3015,10.0,,,0.3406,20.0,0.2888,7.0,0.2697,11.0,0.3026,5.0,,,0.3104,5.0
2014-12-03,0.246,30.0,0.227,19.0,0.3012,9.0,,,0.2407,1.0,0.2886,7.0,0.269,10.0,0.2999,4.0,,,0.3109,5.0
2014-12-02,0.2094,22.0,0.2241,18.0,0.2949,8.0,,,0.3383,19.0,0.2892,7.0,0.2686,10.0,0.3263,11.0,,,0.3652,28.0
2014-12-01,0.1964,18.0,0.2235,18.0,0.4141,43.0,,,0.2934,7.0,0.2894,7.0,0.2684,10.0,0.3167,8.0,,,0.2852,1.0
2014-11-28,0.228,26.0,0.2383,24.0,0.338,20.0,,,0.2953,8.0,0.289,7.0,0.2694,11.0,0.3297,13.0,,,0.2683,1.0
2014-11-26,0.2305,27.0,0.2348,22.0,0.2789,5.0,,,0.3747,30.0,0.2891,7.0,0.2693,10.0,0.3364,16.0,,,0.3659,28.0
2014-11-25,0.1992,19.0,0.2585,33.0,0.3076,11.0,,,0.289,7.0,0.2887,7.0,0.2694,11.0,0.3516,23.0,,,0.3123,5.0
2014-11-24,0.2153,23.0,0.2491,28.0,0.3175,14.0,,,0.2292,1.0,0.2889,7.0,0.2698,11.0,0.3572,26.0,,,0.3159,6.0
2014-11-21,0.1957,18.0,0.2532,31.0,0.3713,28.0,,,0.2439,1.0,0.2891,7.0,0.27,11.0,0.37,30.0,,,0.3284,11.0
2014-11-20,0.2405,28.0,0.2557,32.0,0.3307,18.0,,,0.3238,14.0,0.2888,7.0,0.2691,10.0,0.3391,17.0,,,0.3434,18.0
2014-11-19,0.2433,30.0,0.2507,30.0,0.4204,45.0,,,0.2899,7.0,0.2888,7.0,0.2688,10.0,0.3934,39.0,,,0.3152,6.0
2014-11-18,0.1656,11.0,0.2153,15.0,0.3013,10.0,,,0.2957,8.0,0.2861,7.0,0.2683,10.0,0.3293,12.0,,,0.3166,7.0
2014-11-17,0.2015,19.0,0.2261,19.0,0.3228,16.0,,,0.2827,5.0,0.2873,7.0,0.2687,10.0,0.3462,20.0,,,0.2893,2.0
2014-11-14,0.146,8.0,0.1983,9.0,0.3883,34.0,,,0.2853,6.0,0.2862,7.0,0.2678,10.0,0.3131,7.0,,,0.3153,6.0
2014-11-13,0.1567,9.0,0.2081,13.0,0.42,45.0,,,0.2668,3.0,0.2867,7.0,0.2683,10.0,0.3985,41.0,,,0.3284,11.0
2014-11-12,0.1284,5.0,0.2061,12.0,0.2949,8.0,,,0.433,49.0,0.2865,7.0,0.2681,10.0,0.2949,3.0,,,0.349,21.0
2014-11-11,0.1446,7.0,0.2015,10.0,0.6127,84.0,,,0.2738,4.0,0.2864,7.0,0.2674,10.0,0.3242,10.0,,,0.2738,1.0
2014-11-10,0.1431,7.0,0.2128,14.0,0.3088,12.0,,,0.533,72.0,0.2867,7.0,0.2675,10.0,0.3088,6.0,,,0.3232,9.0
2014-11-07,0.1431,7.0,0.213,14.0,0.2045,1.0,,,0.241,1.0,0.2893,7.0,0.2682,10.0,0.2992,4.0,,,0.3713,31.0
2014-11-06,0.0879,1.0,0.2169,16.0,0.3945,36.0,,,0.5859,81.0,0.2898,7.0,0.2679,10.0,0.3209,9.0,,,0.3181,7.0
2014-11-05,0.187,16.0,0.236,23.0,0.7847,96.0,,,0.3623,26.0,0.2909,8.0,0.2682,10.0,0.3548,24.0,,,0.2726,1.0
2014-11-04,0.1794,14.0,0.2323,21.0,0.7234,93.0,,,0.4444,52.0,0.2969,9.0,0.2707,11.0,0.4384,57.0,,,0.4444,60.0
2014-11-03,0.1828,15.0,0.2377,24.0,0.3105,12.0,,,0.296,8.0,0.2969,9.0,0.2708,11.0,0.3039,5.0,,,0.3268,11.0
2014-10-31,0.6162,86.0,0.5333,88.0,0.2861,6.0,,,0.2953,8.0,0.2966,9.0,0.2727,12.0,0.4084,45.0,,,0.4435,60.0
2014-10-30,0.6088,86.0,0.5368,88.0,0.4071,40.0,,,0.3506,23.0,0.2966,9.0,0.273,12.0,0.3304,13.0,,,0.3388,16.0
2014-10-29,0.6477,88.0,0.5415,89.0,0.4047,39.0,,,0.325,15.0,0.3007,11.0,0.2749,13.0,0.2967,4.0,,,0.3094,5.0
2014-10-28,0.656,88.0,0.5365,88.0,0.278,4.0,,,0.4185,45.0,0.3007,11.0,0.2743,12.0,0.278,2.0,,,0.4185,49.0
2014-10-27,0.6268,87.0,0.5259,88.0,0.3531,24.0,,,0.3139,12.0,0.301,11.0,0.2745,13.0,0.3725,31.0,,,0.3758,33.0
2014-10-24,0.6347,87.0,0.5367,88.0,0.404,39.0,,,0.5127,68.0,0.301,11.0,0.276,13.0,0.3203,9.0,,,0.3946,38.0
2014-10-23,0.6561,88.0,0.5656,90.0,0.3544,25.0,,,0.4473,53.0,0.3012,11.0,0.2766,13.0,0.4018,43.0,,,0.3988,39.0
2014-10-22,0.1811,14.0,0.3183,55.0,0.4627,57.0,,,0.2853,6.0,0.2693,5.0,0.2515,6.0,0.3878,37.0,,,0.3511,22.0
2014-10-21,0.1062,2.0,0.357,66.0,0.4407,51.0,,,0.5487,75.0,0.2689,4.0,0.2516,6.0,0.2295,1.0,,,0.3435,18.0
2014-10-20,0.1536,9.0,0.3604,66.0,0.3512,24.0,,,0.9045,99.0,0.2677,4.0,0.2515,6.0,0.3512,22.0,,,0.4354,57.0
2014-10-17,0.2527,32.0,0.3659,67.0,0.3514,24.0,,,0.3212,13.0,0.2674,4.0,0.2518,6.0,0.3548,24.0,,,0.325,10.0
2014-10-16,0.3186,50.0,0.3975,73.0,0.2234,1.0,,,0.5095,67.0,0.2702,5.0,0.2535,7.0,0.2937,3.0,,,0.3667,28.0
2014-10-15,0.385,64.0,0.3859,71.0,0.3192,15.0,,,0.4534,55.0,0.2706,5.0,0.2632,8.0,0.3288,12.0,,,0.3753,32.0
2014-10-13,0.4316,71.0,0.3456,63.0,0.3647,27.0,,,0.3378,19.0,0.2692,4.0,0.2585,8.0,0.2465,1.0,,,0.3479,20.0
2014-10-10,0.4292,70.0,0.2955,47.0,0.5811,80.0,,,0.4697,59.0,0.2712,5.0,0.2553,7.0,0.3534,24.0,,,0.3194,8.0
2014-10-09,0.486,77.0,0.3079,51.0,1.2364,100.0,,,0.3601,25.0,0.2708,5.0,0.2565,7.0,0.384,36.0,,,0.4379,57.0
2014-10-08,0.4618,74.0,0.2938,47.0,0.4988,66.0,,,0.3895,35.0,0.2691,4.0,0.2566,7.0,0.2179,1.0,,,0.3679,30.0
2014-10-07,0.3889,64.0,0.2488,28.0,0.4495,53.0,,,0.4177,44.0,0.2647,4.0,0.2542,7.0,0.3759,33.0,,,0.3013,3.0
2014-10-06,0.366,60.0,0.2425,26.0,0.3483,23.0,,,0.3261,15.0,0.2656,4.0,0.2566,7.0,0.3473,21.0,,,0.3213,8.0
2014-10-03,0.3897,65.0,0.2596,34.0,0.3229,16.0,,,0.9998,100.0,0.2657,4.0,0.2571,7.0,0.3229,10.0,,,0.3692,30.0
2014-10-02,0.2862,40.0,0.2135,14.0,0.3663,28.0,,,0.4622,57.0,0.2609,4.0,0.2556,7.0,0.4093,46.0,,,0.3811,34.0
2014-10-01,0.2865,40.0,0.2288,20.0,0.6066,84.0,,,0.472,59.0,0.2607,4.0,0.2575,7.0,0.4258,53.0,,,0.3632,27.0
2014-09-30,0.2301,27.0,0.2278,19.0,0.4543,55.0,,,0.5567,77.0,0.2584,3.0,0.2589,8.0,0.3572,26.0,,,0.4292,54.0
2014-09-29,0.2213,24.0,0.3221,56.0,0.4316,49.0,,,0.3397,19.0,0.2608,4.0,0.2599,8.0,0.3282,12.0,,,0.3397,17.0
2014-09-26,0.311,48.0,0.334,59.0,0.3082,11.0,,,0.3678,28.0,0.2631,4.0,0.2616,8.0,0.3082,6.0,,,0.3592,26.0
2014-09-24,0.2594,34.0,0.3216,56.0,0.4117,42.0,,,0.309,11.0,0.2688,4.0,0.2645,9.0,0.3484,21.0,,,0.3017,3.0
2014-09-22,0.2164,24.0,0.3077,51.0,0.308,11.0,,,0.4365,50.0,0.2659,4.0,0.2641,9.0,0.308,6.0,,,0.4044,42.0
2014-09-18,0.1911,17.0,0.1693,4.0,0.3042,10.0,,,0.4092,41.0,0.2651,4.0,0.2567,7.0,0.3042,5.0,,,0.4085,44.0
2014-09-16,0.1044,2.0,0.1401,1.0,0.4079,41.0,,,0.3795,32.0,0.2629,4.0,0.2562,7.0,0.4079,45.0,,,0.3152,6.0
2014-09-12,0.1444,7.0,0.1573,2.0,0.3089,12.0,,,0.2959,8.0,0.2629,4.0,0.2565,7.0,0.3291,12.0,,,0.3051,4.0
2014-09-11,0.1794,14.0,0.1808,5.0,0.3347,19.0,,,0.3001,9.0,0.2643,4.0,0.257,7.0,0.461,65.0,,,0.3001,3.0
2014-09-09,0.1938,17.0,0.2031,11.0,0.4265,47.0,,,0.2852,6.0,0.2643,4.0,0.2583,8.0,0.4265,54.0,,,0.2813,1.0
2014-09-08,0.1943,18.0,0.2054,11.0,0.3319,18.0,,,0.3215,14.0,0.2671,4.0,0.2609,8.0,0.3129,7.0,,,0.3189,8.0
2014-09-05,0.2211,24.0,0.2151,15.0,0.4176,44.0,,,0.5454,74.0,0.2671,4.0,0.2612,8.0,0.53,83.0,,,0.5454,84.0
2014-09-04,0.2647,35.0,0.2216,17.0,0.5788,80.0,,,0.7266,94.0,0.2732,5.0,0.2648,9.0,0.5788,90.0,,,0.7266,98.0
2014-09-03,0.2743,37.0,0.2313,21.0,0.5575,77.0,,,0.3607,26.0,0.2726,5.0,0.2646,9.0,0.4625,65.0,,,0.4305,55.0
2014-09-02,0.2548,33.0,0.2122,14.0,0.346,22.0,,,0.5181,69.0,0.2716,5.0,0.2642,9.0,0.4517,63.0,,,0.5345,81.0
2014-08-28,0.2332,27.0,0.1895,7.0,0.3656,27.0,,,0.4149,43.0,0.2714,5.0,0.2631,8.0,0.3656,28.0,,,0.3519,22.0
2014-08-27,0.2313,27.0,0.1948,8.0,0.4867,63.0,,,0.3811,32.0,0.2743,5.0,0.2637,9.0,0.4227,52.0,,,0.3617,27.0
2014-08-26,0.2334,27.0,0.1867,6.0,0.2749,4.0,,,0.4001,38.0,0.2736,5.0,0.264,9.0,0.3899,38.0,,,0.4962,73.0
2014-08-25,0.2029,20.0,0.2009,10.0,0.5518,76.0,,,0.2512,2.0,0.2782,5.0,0.2666,9.0,0.408,45.0,,,0.3379,16.0
2014-08-20,0.1725,13.0,0.1974,9.0,0.3238,16.0,,,0.2739,4.0,0.2797,6.0,0.268,10.0,0.3204,9.0,,,0.3132,6.0
2014-08-19,0.1784,14.0,0.211,13.0,0.317,14.0,,,0.3243,14.0,0.2796,6.0,0.2679,10.0,0.317,8.0,,,0.3236,9.0
2014-08-18,0.1951,18.0,0.2127,14.0,0.2522,2.0,,,0.3875,34.0,0.2795,6.0,0.2676,10.0,0.2522,1.0,,,0.2991,3.0
2014-08-12,0.1891,16.0,0.2005,10.0,0.3357,20.0,,,0.3322,17.0,0.2812,6.0,0.2694,11.0,0.3194,9.0,,,0.2995,3.0
2014-08-07,0.2116,22.0,0.2128,14.0,0.3862,34.0,,,0.4055,40.0,0.281,6.0,0.2699,11.0,0.3862,36.0,,,0.4055,43.0
2014-08-04,0.1748,13.0,0.2279,20.0,0.4134,43.0,,,0.5927,82.0,0.3261,23.0,0.2911,20.0,0.3778,33.0,,,0.3767,33.0
2014-07-29,0.3419,55.0,0.2966,48.0,0.5897,81.0,,,0.6458,88.0,0.3383,28.0,0.3003,26.0,0.5897,91.0,,,0.6458,94.0
2014-07-23,0.2272,26.0,0.1999,10.0,0.4654,57.0,,,0.3634,26.0,0.3321,25.0,0.297,24.0,0.4654,66.0,,,0.3634,27.0
2014-07-21,0.2437,30.0,0.203,11.0,0.5616,78.0,,,0.3409,20.0,0.3368,27.0,0.2989,25.0,0.5616,89.0,,,0.2877,2.0
2014-07-17,0.1547,9.0,0.216,15.0,0.3267,17.0,,,0.3027,9.0,0.3367,27.0,0.2988,25.0,0.3208,9.0,,,0.3006,3.0
2014-07-16,0.1624,11.0,0.2145,15.0,0.2839,5.0,,,0.3597,25.0,0.3366,27.0,0.299,25.0,0.2839,2.0,,,0.3394,16.0
2014-07-15,0.1869,16.0,0.2179,16.0,0.3364,20.0,,,0.3464,21.0,0.3357,26.0,0.2988,25.0,0.3364,16.0,,,0.3174,7.0
2014-07-11,0.3541,57.0,0.2595,34.0,0.3321,18.0,,,0.36,25.0,0.3351,26.0,0.2985,25.0,0.2984,4.0,,,0.4017,41.0
2014-07-10,0.3652,60.0,0.2776,41.0,0.3155,13.0,,,0.3718,28.0,0.3373,27.0,0.2993,26.0,0.2744,1.0,,,0.3447,19.0
2014-07-09,0.3597,59.0,0.2659,37.0,0.2437,1.0,,,0.3226,14.0,0.3409,28.0,0.2985,25.0,0.3125,7.0,,,0.3226,9.0
2014-07-07,0.3963,66.0,0.2898,45.0,0.2438,2.0,,,0.3176,13.0,0.3407,28.0,0.299,25.0,0.304,5.0,,,0.315,6.0
2014-07-03,0.3517,57.0,0.2832,43.0,0.3076,11.0,,,0.3079,10.0,0.3415,28.0,0.2998,26.0,0.2937,3.0,,,0.3208,8.0
2014-07-02,0.3004,45.0,0.2718,39.0,0.3035,10.0,,,0.3201,13.0,0.3365,27.0,0.2989,25.0,0.3057,5.0,,,0.3069,4.0
2014-07-01,0.2421,28.0,0.2489,28.0,0.3341,19.0,,,0.309,11.0,0.3341,26.0,0.2982,25.0,0.3196,9.0,,,0.3088,4.0
2014-06-30,0.2089,22.0,0.2178,16.0,0.3168,14.0,,,0.4323,49.0,0.3326,25.0,0.2974,24.0,0.3122,7.0,,,0.3157,6.0
2014-06-27,0.2093,22.0,0.2088,13.0,0.311,12.0,,,0.3347,18.0,0.3329,26.0,0.2974,24.0,0.3058,5.0,,,0.3182,7.0
2014-06-26,0.163,11.0,0.191,7.0,0.316,13.0,,,0.275,4.0,0.3318,25.0,0.297,24.0,0.3137,7.0,,,0.3165,7.0
2014-06-25,0.1102,3.0,0.1759,4.0,0.3177,14.0,,,0.2381,1.0,0.3306,25.0,0.2972,24.0,0.3138,7.0,,,0.3106,5.0
2014-06-24,0.1097,3.0,0.1701,4.0,0.306,11.0,,,0.282,5.0,0.3308,25.0,0.2971,24.0,0.3159,8.0,,,0.3083,4.0
2014-06-23,0.106,2.0,0.1455,1.0,0.2938,8.0,,,0.2867,6.0,0.3308,25.0,0.2966,24.0,0.3127,7.0,,,0.3095,5.0
2014-06-20,0.1555,9.0,0.158,2.0,0.2673,3.0,,,0.2808,5.0,0.3324,25.0,0.297,24.0,0.3212,9.0,,,0.3164,7.0
2014-06-19,0.1607,10.0,0.1651,3.0,0.2942,8.0,,,0.2783,5.0,0.3339,26.0,0.2982,25.0,0.3214,9.0,,,0.3152,6.0
2014-06-18,0.1427,7.0,0.1632,3.0,0.2924,7.0,,,0.2861,6.0,0.3342,26.0,0.2982,25.0,0.3225,10.0,,,0.3183,7.0
2014-06-17,0.236,28.0,0.1759,4.0,0.2875,6.0,,,0.2739,4.0,0.3341,26.0,0.2988,25.0,0.3234,10.0,,,0.3158,6.0
2014-06-16,0.2531,32.0,0.1768,5.0,0.274,4.0,,,0.282,5.0,0.3339,26.0,0.2988,25.0,0.3188,9.0,,,0.3245,10.0
2014-06-13,0.3039,46.0,0.2197,17.0,0.2936,8.0,,,0.2848,6.0,0.3409,28.0,0.301,27.0,0.3199,9.0,,,0.319,8.0
2014-06-12,0.3069,46.0,0.2322,21.0,0.2857,6.0,,,0.2566,2.0,0.3409,28.0,0.3013,27.0,0.3263,11.0,,,0.3081,4.0
2014-06-11,0.2762,38.0,0.2315,21.0,0.3002,9.0,,,0.2658,3.0,0.34,28.0,0.3012,27.0,0.3157,8.0,,,0.3141,6.0
2014-06-10,0.2013,19.0,0.2421,26.0,0.2926,7.0,,,0.2998,9.0,0.3393,28.0,0.3017,28.0,0.3174,8.0,,,0.3139,6.0
2014-06-09,0.183,15.0,0.2479,28.0,0.2839,5.0,,,0.3058,10.0,0.3393,28.0,0.302,28.0,0.3046,5.0,,,0.3128,5.0
2014-06-06,0.1637,11.0,0.2341,22.0,0.2682,4.0,,,0.3023,9.0,0.3395,28.0,0.3023,28.0,0.3079,6.0,,,0.3128,5.0
2014-06-05,0.1653,11.0,0.2316,21.0,0.2398,1.0,,,0.2762,4.0,0.3395,28.0,0.3029,28.0,0.3147,7.0,,,0.3103,5.0
2014-06-04,0.1473,8.0,0.2163,15.0,0.2527,2.0,,,0.2728,4.0,0.3387,28.0,0.3014,27.0,0.3147,7.0,,,0.3161,6.0
2014-06-03,0.1821,15.0,0.2219,17.0,0.2743,4.0,,,0.2556,2.0,0.3403,28.0,0.3016,28.0,0.3223,10.0,,,0.3139,6.0
2014-06-02,0.1768,13.0,0.2281,20.0,0.2641,3.0,,,0.482,61.0,0.3404,28.0,0.3015,28.0,0.3166,8.0,,,0.317,7.0
2014-05-30,0.1789,14.0,0.2189,17.0,0.2761,4.0,,,0.3634,26.0,0.3415,28.0,0.3017,28.0,0.3219,10.0,,,0.3147,6.0
2014-05-29,0.1749,13.0,0.2149,15.0,0.2648,3.0,,,0.3192,13.0,0.3413,28.0,0.3014,27.0,0.3168,8.0,,,0.3125,5.0
2014-05-28,0.1684,12.0,0.2221,17.0,0.263,3.0,,,0.2725,4.0,0.3413,28.0,0.3014,27.0,0.3168,8.0,,,0.319,8.0
2014-05-27,0.156,9.0,0.2239,18.0,0.2902,7.0,,,0.2584,2.0,0.3416,28.0,0.3018,28.0,0.3205,9.0,,,0.3149,6.0
2014-05-23,0.2551,33.0,0.2136,14.0,0.2634,3.0,,,0.3547,24.0,0.3405,28.0,0.3008,27.0,0.3174,8.0,,,0.3194,8.0
2014-05-22,0.2599,34.0,0.2085,13.0,0.2802,5.0,,,0.274,4.0,0.3399,28.0,0.3009,27.0,0.326,11.0,,,0.3189,8.0
2014-05-21,0.2638,35.0,0.2082,13.0,0.2783,4.0,,,0.301,9.0,0.3398,28.0,0.3006,26.0,0.3228,10.0,,,0.3167,7.0
2014-05-20,0.3829,63.0,0.2579,33.0,0.3119,12.0,,,0.2727,4.0,0.3397,28.0,0.3004,26.0,0.3244,11.0,,,0.3177,7.0
2014-05-19,0.3819,63.0,0.2609,34.0,0.2884,6.0,,,0.3043,10.0,0.3399,28.0,0.3012,27.0,0.3273,12.0,,,0.3161,6.0
2014-05-16,0.3742,62.0,0.3015,49.0,0.3092,12.0,,,0.3001,9.0,0.3398,28.0,0.302,28.0,0.3228,10.0,,,0.3281,11.0
2014-05-15,0.3658,60.0,0.3137,53.0,0.3219,15.0,,,0.3162,12.0,0.3396,28.0,0.3019,28.0,0.3301,13.0,,,0.3296,12.0
2014-05-14,0.3893,64.0,0.3313,57.0,0.3136,13.0,,,0.3103,11.0,0.3373,27.0,0.3016,28.0,0.3259,11.0,,,0.324,9.0
2014-05-13,0.3725,61.0,0.3291,57.0,0.3021,10.0,,,0.2782,5.0,0.3356,26.0,0.3011,27.0,0.3286,12.0,,,0.3181,7.0
2014-05-12,0.3913,65.0,0.3402,61.0,0.2943,8.0,,,0.2739,4.0,0.3345,26.0,0.3008,27.0,0.3314,13.0,,,0.3207,8.0
2014-05-09,0.2926,42.0,0.3238,56.0,0.3062,11.0,,,0.4962,65.0,0.3309,25.0,0.2991,25.0,0.3306,13.0,,,0.3325,13.0
2014-05-08,0.2971,43.0,0.3352,60.0,0.3041,10.0,,,0.2975,8.0,0.3323,25.0,0.2996,26.0,0.3315,13.0,,,0.3265,10.0
2014-05-07,0.2992,44.0,0.296,48.0,0.3026,10.0,,,0.3798,32.0,0.3367,27.0,0.2994,26.0,0.328,12.0,,,0.3338,14.0
2014-05-06,0.3008,45.0,0.2989,49.0,0.3106,12.0,,,0.2905,7.0,0.3367,27.0,0.2992,26.0,0.3325,14.0,,,0.3296,12.0
2014-05-05,0.2288,26.0,0.2737,39.0,0.2997,9.0,,,0.2922,7.0,0.3348,26.0,0.2977,24.0,0.3282,12.0,,,0.3265,10.0
2014-05-02,0.2288,26.0,0.2804,42.0,0.296,8.0,,,0.2829,5.0,0.3348,26.0,0.2972,24.0,0.3281,12.0,,,0.3243,9.0
2014-05-01,0.2109,22.0,0.2829,43.0,0.2841,5.0,,,0.3889,34.0,0.3326,25.0,0.2967,24.0,0.3256,11.0,,,0.3359,15.0
2014-04-30,0.2435,30.0,0.4079,75.0,0.3061,11.0,,,0.4385,51.0,0.3338,26.0,0.2954,23.0,0.3198,9.0,,,0.3306,12.0
2014-04-29,0.2312,27.0,0.4001,74.0,0.3079,11.0,,,0.2978,8.0,0.3339,26.0,0.2947,23.0,0.3345,15.0,,,0.3233,9.0
2014-04-28,0.2546,32.0,0.406,75.0,0.3173,14.0,,,0.2973,8.0,0.3338,26.0,0.2948,23.0,0.336,15.0,,,0.3275,11.0
2014-04-25,0.3083,47.0,0.4,74.0,0.3044,10.0,,,0.3035,9.0,0.3338,26.0,0.294,22.0,0.3269,11.0,,,0.3263,10.0
2014-04-24,0.2832,40.0,0.4176,77.0,0.2964,8.0,,,0.2996,9.0,0.3334,26.0,0.2946,23.0,0.3318,14.0,,,0.3268,11.0
2014-04-23,0.2952,43.0,0.4205,77.0,0.302,10.0,,,0.2975,8.0,0.3341,26.0,0.3011,27.0,0.3324,14.0,,,0.318,7.0
2014-04-22,0.2439,30.0,0.4053,75.0,0.343,21.0,,,0.3328,17.0,0.3323,25.0,0.3,26.0,0.3214,9.0,,,0.3219,9.0
2014-04-21,0.2984,44.0,0.2963,48.0,0.3811,32.0,,,0.4121,43.0,0.3326,25.0,0.2904,19.0,0.3383,17.0,,,0.3413,17.0
2014-04-17,0.3111,48.0,0.2989,49.0,0.3875,34.0,,,0.3735,30.0,0.336,27.0,0.2917,21.0,0.3407,18.0,,,0.3339,14.0
2014-04-16,0.3107,48.0,0.3051,50.0,0.3621,26.0,,,0.393,36.0,0.3382,28.0,0.2924,21.0,0.3318,14.0,,,0.3423,18.0
2014-04-15,0.2435,30.0,0.3275,57.0,0.3967,37.0,,,0.3645,27.0,0.3369,27.0,0.2922,21.0,0.3455,20.0,,,0.3457,19.0
2014-04-14,0.2769,38.0,0.3418,62.0,0.3727,30.0,,,0.3617,26.0,0.3394,28.0,0.2916,20.0,0.3516,23.0,,,0.3386,16.0
2014-04-11,0.2922,42.0,0.3415,62.0,0.3685,28.0,,,0.3572,24.0,0.3399,28.0,0.2919,21.0,0.3519,23.0,,,0.3346,14.0
2014-04-10,0.304,46.0,0.36,66.0,0.3721,30.0,,,0.3484,22.0,0.3393,28.0,0.2918,21.0,0.3436,19.0,,,0.3347,14.0
2014-04-09,0.4214,69.0,0.3717,68.0,0.36,26.0,,,0.3432,20.0,0.3451,30.0,0.2927,21.0,0.3353,15.0,,,0.3349,14.0
2014-04-08,0.43,70.0,0.3692,68.0,0.3267,17.0,,,0.3471,22.0,0.3455,30.0,0.292,21.0,0.3362,15.0,,,0.3351,14.0
2014-04-07,0.4202,69.0,0.3602,66.0,0.3531,24.0,,,0.3657,27.0,0.3452,30.0,0.2915,20.0,0.321,9.0,,,0.3432,18.0
2014-04-04,0.4202,69.0,0.337,60.0,0.3278,17.0,,,0.3512,23.0,0.3472,30.0,0.2904,19.0,0.3389,17.0,,,0.3303,12.0
2014-04-03,0.3813,63.0,0.2926,46.0,0.2776,4.0,,,0.344,21.0,0.3451,30.0,0.2876,18.0,0.3267,11.0,,,0.3255,10.0
2014-04-02,0.338,54.0,0.2734,39.0,0.2727,4.0,,,0.3248,15.0,0.3443,30.0,0.2874,18.0,0.3188,9.0,,,0.3246,10.0
2014-04-01,0.2638,35.0,0.245,28.0,0.3173,14.0,,,0.2723,4.0,0.3421,28.0,0.2861,17.0,0.3075,6.0,,,0.3236,9.0
2014-03-31,0.1329,6.0,0.1707,4.0,0.2929,7.0,,,0.3155,12.0,0.3374,28.0,0.283,16.0,0.3151,7.0,,,0.3198,8.0
2014-03-28,0.107,2.0,0.1635,3.0,0.2449,2.0,,,0.3221,14.0,0.3369,27.0,0.2829,16.0,0.3179,8.0,,,0.3205,8.0
2014-03-27,0.1053,2.0,0.1645,3.0,0.3209,15.0,,,0.3155,12.0,0.3372,27.0,0.2827,16.0,0.3149,7.0,,,0.3113,5.0
2014-03-26,0.1169,3.0,0.1705,4.0,0.293,7.0,,,0.3802,32.0,0.3371,27.0,0.2826,16.0,0.3742,32.0,,,0.3729,32.0
2014-03-25,0.1103,3.0,0.195,8.0,0.2985,9.0,,,0.4309,48.0,0.3375,28.0,0.2831,16.0,0.3649,28.0,,,0.3721,31.0
2014-03-24,0.1073,3.0,0.2074,12.0,0.2922,7.0,,,0.4306,48.0,0.3372,27.0,0.2833,16.0,0.3684,30.0,,,0.3602,26.0
2014-03-21,0.2434,30.0,0.2569,33.0,0.3042,10.0,,,0.3396,19.0,0.3373,27.0,0.2833,16.0,0.3383,17.0,,,0.3396,17.0
2014-03-20,0.2376,28.0,0.2569,33.0,0.307,11.0,,,0.3535,24.0,0.3372,27.0,0.2831,16.0,0.3337,14.0,,,0.3438,19.0
2014-03-19,0.3555,57.0,0.3168,54.0,0.3,9.0,,,0.3606,26.0,0.3377,28.0,0.283,16.0,0.3216,9.0,,,0.3495,21.0
2014-03-18,0.3491,57.0,0.3158,54.0,0.2909,7.0,,,0.3482,22.0,0.3376,28.0,0.2826,16.0,0.3153,7.0,,,0.359,26.0
2014-03-17,0.3036,45.0,0.3151,54.0,0.325,16.0,,,0.3244,15.0,0.3375,28.0,0.2828,16.0,0.337,16.0,,,0.3407,17.0
2014-03-14,0.3119,48.0,0.3012,49.0,0.3556,25.0,,,0.3462,21.0,0.3376,28.0,0.282,16.0,0.3316,13.0,,,0.3449,19.0
2014-03-13,0.2987,44.0,0.2924,46.0,0.4943,65.0,,,0.3643,27.0,0.3381,28.0,0.2816,15.0,0.4622,65.0,,,0.3694,30.0
2014-03-12,0.3444,56.0,0.2624,35.0,0.3703,28.0,,,0.4734,59.0,0.3356,26.0,0.2795,15.0,0.3988,41.0,,,0.4061,43.0
2014-03-11,0.3439,56.0,0.2693,38.0,0.3535,24.0,,,0.3093,11.0,0.3358,26.0,0.2791,15.0,0.4814,70.0,,,0.3163,7.0
2014-03-10,0.3167,49.0,0.2565,33.0,0.3088,12.0,,,0.4931,64.0,0.331,25.0,0.2759,13.0,0.3241,10.0,,,0.3426,18.0
2014-03-07,0.3231,51.0,0.2769,41.0,0.4023,39.0,,,0.2963,8.0,0.3324,25.0,0.2766,13.0,0.3516,23.0,,,0.3744,32.0
2014-03-06,0.3166,49.0,0.2763,41.0,0.335,19.0,,,0.4249,47.0,0.3324,25.0,0.2766,13.0,0.3884,37.0,,,0.4056,43.0
2014-03-05,0.3211,50.0,0.2851,44.0,0.378,31.0,,,0.3878,34.0,0.3323,25.0,0.2778,14.0,0.3771,33.0,,,0.3064,4.0
2014-03-04,0.2951,43.0,0.2854,44.0,0.3406,21.0,,,0.4259,47.0,0.3319,25.0,0.2784,14.0,0.2954,3.0,,,0.3573,25.0
2014-03-03,0.2793,38.0,0.273,39.0,0.3059,11.0,,,0.3281,16.0,0.3299,24.0,0.2784,14.0,0.3836,35.0,,,0.384,35.0
2014-02-28,0.257,33.0,0.2928,47.0,0.2634,3.0,,,0.3967,37.0,0.33,24.0,0.2781,14.0,0.2713,1.0,,,0.3897,36.0
2014-02-27,0.2475,31.0,0.248,28.0,0.2815,5.0,,,0.4372,50.0,0.3261,23.0,0.2757,13.0,0.3408,18.0,,,0.4467,61.0
2014-02-26,0.2129,23.0,0.2238,18.0,0.3573,25.0,,,0.3024,9.0,0.3243,22.0,0.2748,13.0,0.3548,24.0,,,0.418,49.0
2014-02-25,0.2138,23.0,0.2332,22.0,0.3537,24.0,,,0.4073,40.0,0.3245,22.0,0.2746,13.0,0.3457,20.0,,,0.3456,19.0
2014-02-24,0.2204,24.0,0.2534,31.0,0.3571,25.0,,,0.3337,17.0,0.3295,24.0,0.2758,13.0,0.3935,39.0,,,0.335,14.0
2014-02-21,0.2258,26.0,0.2597,34.0,0.4042,39.0,,,0.376,31.0,0.3295,24.0,0.2764,13.0,0.4042,44.0,,,0.4324,56.0
2014-02-20,0.2275,26.0,0.2593,34.0,0.3112,12.0,,,0.4065,40.0,0.3297,24.0,0.2767,13.0,0.3112,6.0,,,0.3759,33.0
2014-02-19,0.2062,21.0,0.2373,24.0,0.3715,28.0,,,0.4183,45.0,0.3286,24.0,0.2748,13.0,0.3715,31.0,,,0.3688,30.0
2014-02-18,0.1406,7.0,0.2399,25.0,0.3154,13.0,,,0.3851,33.0,0.3281,23.0,0.2748,13.0,0.3154,8.0,,,0.3435,18.0
2014-02-14,0.6988,90.0,0.5097,86.0,0.2793,5.0,,,0.3753,30.0,0.3275,23.0,0.2746,13.0,0.2793,2.0,,,0.2965,2.0
2014-02-13,0.7311,91.0,0.5108,87.0,0.3015,10.0,,,0.6751,90.0,0.3297,24.0,0.2743,12.0,0.3015,4.0,,,0.4116,46.0
2014-02-12,0.7328,92.0,0.507,86.0,0.355,25.0,,,0.4651,57.0,0.3306,25.0,0.2734,12.0,0.355,24.0,,,0.3822,34.0
2014-02-11,0.8885,96.0,0.5928,92.0,0.3611,26.0,,,0.5594,77.0,0.3308,25.0,0.2732,12.0,0.3611,27.0,,,0.3697,30.0
2014-02-10,0.8975,96.0,0.5932,92.0,0.3679,28.0,,,0.5432,74.0,0.332,25.0,0.2737,12.0,0.3679,30.0,,,0.401,40.0
2014-02-07,0.8974,96.0,0.5882,92.0,0.3998,38.0,,,0.2632,3.0,0.332,25.0,0.2731,12.0,0.3998,42.0,,,0.3917,37.0
2014-02-06,0.9151,96.0,0.5866,92.0,0.2295,1.0,,,0.6155,85.0,0.3332,26.0,0.2733,12.0,0.2295,1.0,,,0.4449,60.0
2014-02-05,0.4106,68.0,0.3777,69.0,0.5126,68.0,,,0.288,6.0,0.2866,7.0,0.2528,6.0,0.355,24.0,,,0.3096,5.0
2014-02-04,0.4213,69.0,0.3892,72.0,0.3639,27.0,,,0.4614,57.0,0.2856,7.0,0.2518,6.0,0.3549,24.0,,,0.32,8.0
2014-02-03,0.3891,64.0,0.3931,73.0,0.609,84.0,,,0.3198,13.0,0.2864,7.0,0.2507,6.0,0.4093,46.0,,,0.2814,1.0
2014-01-31,0.2904,41.0,0.2652,36.0,0.4322,49.0,,,0.3271,16.0,0.2706,5.0,0.24,3.0,0.3486,21.0,,,0.3255,10.0
2014-01-30,0.2986,44.0,0.265,36.0,0.4529,54.0,,,0.4079,41.0,0.2719,5.0,0.2414,4.0,0.2837,2.0,,,0.2391,1.0
2014-01-29,0.3866,64.0,0.271,38.0,0.513,69.0,,,0.3162,12.0,0.2719,5.0,0.2412,4.0,0.3757,32.0,,,0.3269,11.0
2014-01-28,0.3643,60.0,0.2703,38.0,0.3357,20.0,,,0.4101,42.0,0.2695,5.0,0.2407,4.0,0.3281,12.0,,,0.352,22.0
2014-01-27,0.3597,59.0,0.2703,38.0,0.3943,36.0,,,0.3226,14.0,0.2696,5.0,0.2404,4.0,0.3943,40.0,,,0.3032,3.0
2014-01-24,0.3175,50.0,0.2368,23.0,0.4328,49.0,,,0.3727,30.0,0.2659,4.0,0.2382,3.0,0.3845,36.0,,,0.3105,5.0
2014-01-23,0.1802,14.0,0.2128,14.0,0.3429,21.0,,,0.3795,32.0,0.2604,3.0,0.2368,3.0,0.3506,22.0,,,0.3432,18.0
2014-01-22,0.2624,35.0,0.2122,14.0,0.3918,36.0,,,0.3123,11.0,0.2609,4.0,0.2368,3.0,0.3374,16.0,,,0.3434,18.0
2014-01-17,0.2948,43.0,0.2141,14.0,0.3566,25.0,,,0.3312,17.0,0.296,9.0,0.246,5.0,0.3566,25.0,,,0.3293,12.0
2014-01-16,0.2959,43.0,0.2149,15.0,0.3544,25.0,,,0.3978,37.0,0.2964,9.0,0.2456,5.0,0.3544,24.0,,,0.3324,13.0
2014-01-15,0.3309,53.0,0.2423,26.0,0.3435,21.0,,,0.3199,13.0,0.2964,9.0,0.2453,4.0,0.3435,19.0,,,0.3047,4.0
2014-01-14,0.3449,56.0,0.2508,30.0,0.3031,10.0,,,0.3064,10.0,0.2963,9.0,0.2453,4.0,0.3153,7.0,,,0.3222,9.0
2014-01-13,0.3528,57.0,0.2527,31.0,0.3649,27.0,,,0.2482,2.0,0.2972,9.0,0.2455,4.0,0.3518,23.0,,,0.2692,1.0
2014-01-10,0.2897,41.0,0.2386,24.0,0.2749,4.0,,,0.2944,8.0,0.2949,9.0,0.244,4.0,0.2765,1.0,,,0.3049,4.0
2014-01-09,0.2316,27.0,0.2434,27.0,0.298,9.0,,,0.38,32.0,0.291,8.0,0.2437,4.0,0.2924,3.0,,,0.2968,2.0
2014-01-08,0.2305,27.0,0.2471,28.0,0.3247,16.0,,,0.3906,35.0,0.2912,8.0,0.2436,4.0,0.3078,6.0,,,0.2952,2.0
2014-01-07,0.2306,27.0,0.2545,32.0,0.2913,7.0,,,0.4434,52.0,0.2911,8.0,0.2431,4.0,0.2755,1.0,,,0.2991,3.0
2014-01-06,0.1632,11.0,0.2258,19.0,0.3261,17.0,,,0.3615,26.0,0.2898,7.0,0.2414,4.0,0.324,10.0,,,0.2855,1.0
2014-01-03,0.1493,8.0,0.2219,17.0,0.2946,8.0,,,0.3477,22.0,0.2894,7.0,0.2409,4.0,0.2834,2.0,,,0.3004,3.0
2014-01-02,0.1856,15.0,0.2215,17.0,0.2988,9.0,,,0.3986,38.0,0.2897,7.0,0.2406,4.0,0.3028,5.0,,,0.3104,5.0
2013-12-31,0.2138,23.0,0.236,23.0,0.3195,15.0,,,0.282,5.0,0.2897,7.0,0.2398,3.0,0.3205,9.0,,,0.282,1.0
2013-12-30,0.2101,22.0,0.2298,20.0,0.2484,2.0,,,0.4098,41.0,0.2909,8.0,0.2397,3.0,0.2848,2.0,,,0.3063,4.0
2013-12-27,0.2168,24.0,0.2354,23.0,0.2941,8.0,,,0.3884,34.0,0.2909,8.0,0.2457,5.0,0.3103,6.0,,,0.2914,2.0
2013-12-26,0.2064,21.0,0.2185,16.0,0.2357,1.0,,,0.4069,40.0,0.2908,8.0,0.245,4.0,0.2987,4.0,,,0.2998,3.0
2013-12-24,0.3222,51.0,0.2665,37.0,0.2591,3.0,,,0.2777,4.0,0.2935,8.0,0.2477,5.0,0.2998,4.0,,,0.296,2.0
2013-12-23,0.3366,54.0,0.266,37.0,0.2537,2.0,,,0.4824,62.0,0.2938,8.0,0.2473,5.0,0.3123,7.0,,,0.3124,5.0
2013-12-20,0.3443,56.0,0.2651,36.0,0.1951,1.0,,,0.5079,67.0,0.292,8.0,0.2469,5.0,0.278,2.0,,,0.3018,3.0
2013-12-19,0.3477,57.0,0.2555,32.0,0.3654,27.0,,,0.3333,17.0,0.29,8.0,0.2457,5.0,0.3077,6.0,,,0.3038,3.0
2013-12-18,0.3536,57.0,0.2589,33.0,0.2439,2.0,,,0.2715,4.0,0.2896,7.0,0.2455,4.0,0.2956,3.0,,,0.3077,4.0
2013-12-17,0.3769,62.0,0.2628,35.0,0.3058,11.0,,,0.386,33.0,0.2936,8.0,0.2453,4.0,0.2789,2.0,,,0.3047,4.0
2013-12-16,0.3813,63.0,0.2749,40.0,0.2571,2.0,,,0.3172,13.0,0.2936,8.0,0.2475,5.0,0.2716,1.0,,,0.328,11.0
2013-12-13,0.2198,24.0,0.2284,20.0,0.3295,18.0,,,0.3001,9.0,0.2929,8.0,0.2466,5.0,0.3316,13.0,,,0.2896,2.0
2013-12-12,0.2423,28.0,0.2397,25.0,0.4024,39.0,,,0.2817,5.0,0.2978,9.0,0.2497,5.0,0.2966,4.0,,,0.2948,2.0
2013-12-11,0.2449,30.0,0.2371,24.0,0.4985,65.0,,,0.367,28.0,0.3001,10.0,0.2501,5.0,0.3027,5.0,,,0.295,2.0
2013-12-10,0.2489,31.0,0.2409,26.0,0.3888,34.0,,,0.1751,1.0,0.2993,10.0,0.2498,5.0,0.3256,11.0,,,0.2951,2.0
2013-12-09,0.2539,32.0,0.2329,22.0,0.3073,11.0,,,0.2628,3.0,0.2988,9.0,0.2497,5.0,0.2939,3.0,,,0.2795,1.0
2013-12-06,0.1782,14.0,0.2116,14.0,0.3252,16.0,,,0.2045,1.0,0.2995,10.0,0.2497,5.0,0.3437,19.0,,,0.3127,5.0
2013-12-05,0.2141,23.0,0.2037,11.0,0.3266,17.0,,,0.2751,4.0,0.2995,10.0,0.2496,5.0,0.3392,17.0,,,0.3036,3.0
2013-12-04,0.2144,23.0,0.2019,10.0,0.4934,64.0,,,0.2113,1.0,0.3008,11.0,0.2504,5.0,0.3187,9.0,,,0.3072,4.0
2013-12-03,0.1844,15.0,0.2029,11.0,0.2803,5.0,,,0.413,43.0,0.299,10.0,0.2498,5.0,0.2591,1.0,,,0.3184,7.0
2013-12-02,0.1805,14.0,0.207,12.0,0.2823,5.0,,,0.2843,6.0,0.2995,10.0,0.2504,5.0,0.2823,2.0,,,0.2843,1.0
2013-11-29,0.1158,3.0,0.1851,6.0,0.2917,7.0,,,0.2604,2.0,0.2989,10.0,0.2502,5.0,0.2917,3.0,,,0.3372,15.0
2013-11-27,0.1585,10.0,0.2096,13.0,0.2856,6.0,,,0.2854,6.0,0.3022,11.0,0.2523,6.0,0.2856,2.0,,,0.2981,3.0
2013-11-26,0.1594,10.0,0.2353,23.0,0.2948,8.0,,,0.2645,3.0,0.3033,12.0,0.2531,7.0,0.2948,3.0,,,0.2887,2.0
2013-11-25,0.1525,8.0,0.2271,19.0,0.2568,2.0,,,0.4355,50.0,0.3031,12.0,0.2535,7.0,0.2568,1.0,,,0.3237,9.0
2013-11-22,0.1488,8.0,0.232,21.0,0.281,5.0,,,0.2931,7.0,0.303,12.0,0.2535,7.0,0.2465,1.0,,,0.3533,23.0
2013-11-21,0.1093,3.0,0.2144,15.0,0.295,8.0,,,0.2681,3.0,0.3032,12.0,0.2529,6.0,0.2825,2.0,,,0.3233,9.0
2013-11-20,0.1157,3.0,0.212,14.0,0.3279,17.0,,,0.2771,4.0,0.3034,12.0,0.2528,6.0,0.3014,4.0,,,0.3051,4.0
2013-11-19,0.1621,11.0,0.2282,20.0,0.3667,28.0,,,0.2645,3.0,0.3039,12.0,0.2529,6.0,0.2982,4.0,,,0.3516,22.0
2013-11-18,0.1546,9.0,0.2259,19.0,0.2687,4.0,,,0.2669,3.0,0.3041,12.0,0.2529,6.0,0.284,2.0,,,0.3265,10.0
2013-11-15,0.3176,50.0,0.2521,31.0,0.2659,3.0,,,0.2969,8.0,0.3044,12.0,0.2522,6.0,0.2847,2.0,,,0.3023,3.0
2013-11-14,0.3178,50.0,0.2638,36.0,0.2786,4.0,,,0.3209,13.0,0.3049,12.0,0.2525,6.0,0.2723,1.0,,,0.3153,6.0
2013-11-13,0.3608,59.0,0.262,35.0,0.2406,1.0,,,0.309,11.0,0.3049,12.0,0.2523,6.0,0.2651,1.0,,,0.3055,4.0
2013-11-12,0.3618,59.0,0.2598,34.0,0.246,2.0,,,0.2998,9.0,0.3049,12.0,0.2522,6.0,0.2774,2.0,,,0.3022,3.0
2013-11-11,0.3579,57.0,0.2685,38.0,0.2148,1.0,,,0.422,46.0,0.3048,12.0,0.2521,6.0,0.2737,1.0,,,0.3146,6.0
2013-11-08,0.3298,53.0,0.2584,33.0,0.2485,2.0,,,0.398,37.0,0.3033,12.0,0.2514,6.0,0.2894,3.0,,,0.3385,16.0
2013-11-07,0.2512,32.0,0.2483,28.0,0.3714,28.0,,,0.3076,10.0,0.3017,11.0,0.2505,5.0,0.3306,13.0,,,0.3088,4.0
2013-11-06,0.1821,15.0,0.1986,9.0,0.369,28.0,,,0.2723,4.0,0.2989,10.0,0.249,5.0,0.299,4.0,,,0.3566,25.0
2013-11-05,0.1791,14.0,0.1843,6.0,0.3655,27.0,,,0.3095,11.0,0.2989,10.0,0.2482,5.0,0.3075,6.0,,,0.303,3.0
2013-11-04,0.1429,7.0,0.2052,11.0,0.2595,3.0,,,0.308,10.0,0.2966,9.0,0.2482,5.0,0.2742,1.0,,,0.3003,3.0
2013-11-01,0.1264,5.0,0.3464,63.0,0.2382,1.0,,,0.3443,21.0,0.2968,9.0,0.2482,5.0,0.3002,4.0,,,0.3284,11.0
2013-10-31,0.1025,2.0,0.3389,61.0,0.3753,31.0,,,0.2656,3.0,0.2974,9.0,0.248,5.0,0.3225,10.0,,,0.2924,2.0
2013-10-30,0.1831,15.0,0.3374,60.0,0.2793,5.0,,,0.288,6.0,0.2972,9.0,0.2484,5.0,0.3341,14.0,,,0.2794,1.0
2013-10-29,0.2496,31.0,0.3581,66.0,0.302,10.0,,,0.2615,3.0,0.2969,9.0,0.2483,5.0,0.3414,18.0,,,0.2869,1.0
2013-10-28,0.3467,56.0,0.3743,69.0,0.3033,10.0,,,0.2612,3.0,0.299,10.0,0.2491,5.0,0.3087,6.0,,,0.2824,1.0
2013-10-25,0.3668,60.0,0.3762,69.0,0.2838,5.0,,,0.2775,4.0,0.2996,10.0,0.2496,5.0,0.3004,4.0,,,0.273,1.0
2013-10-24,0.4007,66.0,0.3781,70.0,0.2941,8.0,,,0.2957,8.0,0.3042,12.0,0.2502,5.0,0.2941,3.0,,,0.3769,33.0
2013-10-23,0.407,67.0,0.2818,43.0,0.2865,6.0,,,0.3843,33.0,0.3034,12.0,0.2412,4.0,0.2891,3.0,,,0.2926,2.0
2013-10-22,0.3872,64.0,0.2808,42.0,0.2998,9.0,,,0.2999,9.0,0.3028,12.0,0.2415,4.0,0.2789,2.0,,,0.2933,2.0
2013-10-21,0.4958,78.0,0.3337,59.0,0.4194,45.0,,,0.228,1.0,0.3023,11.0,0.2413,4.0,0.337,16.0,,,0.2629,1.0
2013-10-18,0.3811,63.0,0.3042,50.0,0.2804,5.0,,,0.4371,50.0,0.2977,9.0,0.2448,4.0,0.2726,1.0,,,0.302,3.0
2013-10-17,0.381,63.0,0.2878,45.0,0.2818,5.0,,,0.3646,27.0,0.2955,9.0,0.2434,4.0,0.3036,5.0,,,0.3155,6.0
2013-10-16,0.4494,73.0,0.2972,48.0,0.2788,5.0,,,0.3711,28.0,0.295,9.0,0.2433,4.0,0.2639,1.0,,,0.308,4.0
2013-10-15,0.4408,72.0,0.2763,41.0,0.3171,14.0,,,0.2877,6.0,0.294,9.0,0.2428,4.0,0.3421,18.0,,,0.2788,1.0
2013-10-14,0.4288,70.0,0.2656,36.0,0.2924,7.0,,,0.3295,16.0,0.2931,8.0,0.2416,4.0,0.3298,13.0,,,0.3022,3.0
2013-10-11,0.4319,71.0,0.2672,37.0,0.2656,3.0,,,0.565,78.0,0.2932,8.0,0.2416,4.0,0.2525,1.0,,,0.3405,17.0
2013-10-10,0.2767,38.0,0.1995,10.0,0.3038,10.0,,,0.3236,14.0,0.2826,6.0,0.2381,3.0,0.2767,1.0,,,0.2989,3.0
2013-10-09,0.2625,35.0,0.2081,13.0,0.3346,19.0,,,0.32,13.0,0.2824,6.0,0.2385,3.0,0.29,3.0,,,0.3015,3.0
2013-10-08,0.2675,36.0,0.2017,10.0,0.4444,52.0,,,0.2825,5.0,0.2829,6.0,0.2383,3.0,0.3081,6.0,,,0.2874,2.0
2013-10-07,0.2074,21.0,0.1874,7.0,0.3035,10.0,,,0.3163,12.0,0.2804,6.0,0.2374,3.0,0.313,7.0,,,0.3196,8.0
2013-10-04,0.1949,18.0,0.1988,9.0,0.2805,5.0,,,0.3486,22.0,0.2796,6.0,0.2375,3.0,0.2797,2.0,,,0.3005,3.0
2013-10-03,0.1427,7.0,0.1825,6.0,0.2856,6.0,,,0.3212,13.0,0.2781,5.0,0.2363,3.0,0.3009,4.0,,,0.3092,5.0
2013-10-02,0.1432,7.0,0.1781,5.0,0.2925,7.0,,,0.3608,26.0,0.2789,6.0,0.2363,3.0,0.2995,4.0,,,0.319,8.0
2013-10-01,0.1119,3.0,0.173,4.0,0.3107,12.0,,,0.254,2.0,0.2793,6.0,0.2361,2.0,0.3112,6.0,,,0.3045,4.0
2013-09-30,0.084,1.0,0.1689,4.0,0.2523,2.0,,,0.3083,10.0,0.2823,6.0,0.2362,3.0,0.2972,4.0,,,0.3148,6.0
2013-09-27,0.0941,1.0,0.1631,3.0,0.2673,3.0,,,0.3294,16.0,0.282,6.0,0.2359,2.0,0.2965,4.0,,,0.3259,10.0
2013-09-26,0.1032,2.0,0.1757,4.0,0.3445,22.0,,,0.2777,4.0,0.2829,6.0,0.236,2.0,0.3379,17.0,,,0.279,1.0
2013-09-25,0.1379,7.0,0.1665,3.0,0.3223,15.0,,,0.2889,7.0,0.2829,6.0,0.2361,2.0,0.3169,8.0,,,0.2982,3.0
2013-09-24,0.1797,14.0,0.1611,3.0,0.282,5.0,,,0.3052,10.0,0.283,7.0,0.2358,2.0,0.3242,10.0,,,0.3173,7.0
2013-09-23,0.1916,17.0,0.1659,3.0,0.2928,7.0,,,0.2801,5.0,0.2828,6.0,0.2356,2.0,0.3114,6.0,,,0.3039,3.0
2013-09-20,0.1927,17.0,0.1606,3.0,0.33,18.0,,,0.2951,8.0,0.2829,6.0,0.2353,2.0,0.3347,15.0,,,0.2971,3.0
2013-09-19,0.206,21.0,0.1717,4.0,0.3087,12.0,,,0.2965,8.0,0.2822,6.0,0.2351,2.0,0.3087,6.0,,,0.2924,2.0
2013-09-18,0.2524,32.0,0.1988,9.0,0.3162,13.0,,,0.2875,6.0,0.2822,6.0,0.2353,2.0,0.3162,8.0,,,0.2875,2.0
2013-09-17,0.2116,22.0,0.1945,8.0,0.3109,12.0,,,0.319,13.0,0.2808,6.0,0.2344,2.0,0.3109,6.0,,,0.3422,18.0
2013-09-16,0.2113,22.0,0.2197,17.0,0.3329,19.0,,,0.3115,11.0,0.2811,6.0,0.2343,2.0,0.3329,14.0,,,0.324,9.0
2013-09-13,0.201,19.0,0.2322,21.0,0.2417,1.0,,,0.3115,11.0,0.2805,6.0,0.2343,2.0,0.3008,4.0,,,0.3261,10.0
2013-09-12,0.2068,21.0,0.2414,26.0,0.3206,15.0,,,0.2889,7.0,0.2805,6.0,0.2339,2.0,0.327,12.0,,,0.3306,12.0
2013-09-11,0.2064,21.0,0.2504,30.0,0.3562,25.0,,,0.2902,7.0,0.2808,6.0,0.2339,2.0,0.3185,9.0,,,0.3215,8.0
2013-09-10,0.2326,27.0,0.2532,31.0,0.3166,14.0,,,0.3969,37.0,0.2798,6.0,0.2335,1.0,0.3166,8.0,,,0.3476,20.0
2013-09-09,0.1957,18.0,0.2433,27.0,0.2958,8.0,,,0.2998,9.0,0.2783,5.0,0.2322,1.0,0.3228,10.0,,,0.2908,2.0
2013-09-06,0.2001,19.0,0.2372,24.0,0.262,3.0,,,0.3269,15.0,0.2783,5.0,0.2318,1.0,0.2909,3.0,,,0.3149,6.0
2013-09-05,0.2984,44.0,0.2482,28.0,0.2414,1.0,,,0.2978,8.0,0.2783,5.0,0.2304,1.0,0.3128,7.0,,,0.3174,7.0
2013-09-04,0.2925,42.0,0.248,28.0,0.3593,26.0,,,0.2941,8.0,0.2785,5.0,0.2297,1.0,0.3214,9.0,,,0.3146,6.0
2013-09-03,0.2926,42.0,0.2415,26.0,0.3372,20.0,,,0.2725,4.0,0.2785,5.0,0.2289,1.0,0.3306,13.0,,,0.3024,3.0
2013-08-30,0.2777,38.0,0.2328,22.0,0.3223,15.0,,,0.2873,6.0,0.2783,5.0,0.2284,1.0,0.3358,15.0,,,0.2897,2.0
2013-08-29,0.2702,36.0,0.2297,20.0,0.2338,1.0,,,0.3164,12.0,0.2777,5.0,0.229,1.0,0.3164,8.0,,,0.3519,22.0
2013-08-28,0.2561,33.0,0.2193,17.0,0.3254,16.0,,,0.2789,5.0,0.2777,5.0,0.2287,1.0,0.3243,11.0,,,0.2843,1.0
2013-08-27,0.2758,38.0,0.2279,20.0,0.4275,47.0,,,0.2784,5.0,0.2775,5.0,0.2291,1.0,0.3617,28.0,,,0.2915,2.0
2013-08-26,0.2542,32.0,0.2025,11.0,0.2966,9.0,,,0.3234,14.0,0.2721,5.0,0.2293,1.0,0.2879,2.0,,,0.2915,2.0
2013-08-23,0.2647,35.0,0.191,7.0,0.3196,15.0,,,0.2567,2.0,0.2723,5.0,0.2286,1.0,0.3561,25.0,,,0.2899,2.0
2013-08-22,0.2783,38.0,0.1952,8.0,0.3096,12.0,,,0.2777,4.0,0.2735,5.0,0.2294,1.0,0.3052,5.0,,,0.297,3.0
2013-08-21,0.2662,35.0,0.1984,9.0,0.3166,14.0,,,0.2752,4.0,0.2735,5.0,0.2295,1.0,0.2928,3.0,,,0.2813,1.0
2013-08-20,0.3047,46.0,0.2079,12.0,0.2905,7.0,,,0.2654,3.0,0.2723,5.0,0.2292,1.0,0.2715,1.0,,,0.2889,2.0
2013-08-19,0.3002,45.0,0.2377,24.0,0.3259,17.0,,,0.2528,2.0,0.2729,5.0,0.2293,1.0,0.3052,5.0,,,0.2792,1.0
2013-08-16,0.2574,33.0,0.2268,19.0,0.2527,2.0,,,0.3455,21.0,0.2711,5.0,0.2289,1.0,0.2582,1.0,,,0.3129,6.0
2013-08-15,0.2378,28.0,0.2166,16.0,0.3262,17.0,,,0.2692,3.0,0.2708,5.0,0.2285,1.0,0.3053,5.0,,,0.2806,1.0
2013-08-14,0.2253,25.0,0.2236,18.0,0.3003,9.0,,,0.2556,2.0,0.2718,5.0,0.2305,1.0,0.314,7.0,,,0.2669,1.0
2013-08-13,0.2469,31.0,0.2378,24.0,0.2836,5.0,,,0.2744,4.0,0.2697,5.0,0.2302,1.0,0.2805,2.0,,,0.2843,1.0
2013-08-12,0.245,30.0,0.2355,23.0,0.2938,8.0,,,0.3153,12.0,0.2696,5.0,0.2302,1.0,0.2752,1.0,,,0.3103,5.0
2013-08-09,0.2234,25.0,0.2172,16.0,0.2778,4.0,,,0.3051,10.0,0.2685,4.0,0.2289,1.0,0.2863,2.0,,,0.2906,2.0
2013-08-08,0.2236,25.0,0.185,6.0,0.2927,7.0,,,0.2823,5.0,0.2685,4.0,0.2273,1.0,0.2856,2.0,,,0.2944,2.0
2013-08-07,0.2273,26.0,0.1819,6.0,0.3056,11.0,,,0.2452,1.0,0.2685,4.0,0.2274,1.0,0.2913,3.0,,,0.2763,1.0
2013-08-06,0.191,17.0,0.1858,6.0,0.256,2.0,,,0.2828,5.0,0.2667,4.0,0.2275,1.0,0.3061,5.0,,,0.2634,1.0
2013-08-05,0.1649,11.0,0.2078,12.0,0.1903,1.0,,,0.3383,19.0,0.2662,4.0,0.2273,1.0,0.2553,1.0,,,0.3122,5.0
2013-08-02,0.5764,84.0,0.3093,52.0,0.2843,6.0,,,0.3084,10.0,0.2877,7.0,0.246,5.0,0.2763,1.0,,,0.3002,3.0
2013-08-01,0.6252,87.0,0.3388,61.0,0.2865,6.0,,,0.2869,6.0,0.2894,7.0,0.2476,5.0,0.303,5.0,,,0.282,1.0
2013-07-31,0.625,87.0,0.3395,61.0,0.2911,7.0,,,0.2787,5.0,0.2903,8.0,0.2479,5.0,0.2697,1.0,,,0.2949,2.0
2013-07-30,0.6256,87.0,0.3395,61.0,0.2769,4.0,,,0.3225,14.0,0.2905,8.0,0.2482,5.0,0.2894,3.0,,,0.3092,5.0
2013-07-29,0.6287,87.0,0.3418,62.0,0.3066,11.0,,,0.2894,7.0,0.2905,8.0,0.2486,5.0,0.3072,6.0,,,0.2975,3.0
2013-07-26,0.607,86.0,0.3454,63.0,0.3013,10.0,,,0.2596,2.0,0.2899,7.0,0.2487,5.0,0.2878,2.0,,,0.2929,2.0
2013-07-25,0.6077,86.0,0.3253,57.0,0.3209,15.0,,,0.3045,10.0,0.2896,7.0,0.2473,5.0,0.2513,1.0,,,0.3727,32.0
2013-07-24,0.2291,26.0,0.2032,11.0,0.342,21.0,,,0.3733,30.0,0.2553,3.0,0.2402,4.0,0.3062,5.0,,,0.2924,2.0
2013-07-23,0.1547,9.0,0.1583,2.0,0.3525,24.0,,,0.3711,28.0,0.2531,3.0,0.2386,3.0,0.2895,3.0,,,0.3372,15.0
2013-07-22,0.1451,7.0,0.1572,2.0,0.3438,22.0,,,0.3912,35.0,0.2537,3.0,0.2399,3.0,0.3161,8.0,,,0.3281,11.0
2013-07-19,0.1728,13.0,0.1582,2.0,0.2855,6.0,,,0.3772,31.0,0.2539,3.0,0.2399,3.0,0.3221,10.0,,,0.338,16.0
2013-07-18,0.1727,13.0,0.1574,2.0,0.268,4.0,,,0.4173,44.0,0.2539,3.0,0.24,3.0,0.2618,1.0,,,0.3217,8.0
2013-07-17,0.1749,13.0,0.1479,2.0,0.303,10.0,,,0.3898,35.0,0.253,3.0,0.2435,4.0,0.3067,6.0,,,0.3292,12.0
2013-07-16,0.1714,12.0,0.1469,2.0,0.3492,23.0,,,0.3306,16.0,0.2528,3.0,0.2435,4.0,0.3409,18.0,,,0.3268,11.0
2013-07-15,0.1717,12.0,0.1584,2.0,0.3332,19.0,,,0.3225,14.0,0.2548,3.0,0.2441,4.0,0.3227,10.0,,,0.3248,10.0
2013-07-12,0.1595,10.0,0.2817,43.0,0.3435,21.0,,,0.3219,14.0,0.256,3.0,0.2448,4.0,0.3187,9.0,,,0.3249,10.0
2013-07-11,0.1604,10.0,0.2844,43.0,0.3223,15.0,,,0.3523,23.0,0.2561,3.0,0.2447,4.0,0.3049,5.0,,,0.3313,12.0
2013-07-10,0.196,18.0,0.3255,57.0,0.3293,17.0,,,0.3071,10.0,0.2557,3.0,0.2449,4.0,0.3145,7.0,,,0.3281,11.0
2013-07-09,0.2304,27.0,0.3241,56.0,0.3217,15.0,,,0.3423,20.0,0.2561,3.0,0.2452,4.0,0.3383,17.0,,,0.3282,11.0
2013-07-08,0.2244,25.0,0.3212,55.0,0.2918,7.0,,,0.3108,11.0,0.255,3.0,0.2448,4.0,0.3205,9.0,,,0.3215,8.0
2013-07-05,0.2354,28.0,0.326,57.0,0.2377,1.0,,,0.3609,26.0,0.2553,3.0,0.2453,4.0,0.2702,1.0,,,0.3421,18.0
2013-07-03,0.2027,20.0,0.3214,56.0,0.2548,2.0,,,0.4025,39.0,0.2535,3.0,0.2451,4.0,0.2855,2.0,,,0.3678,28.0
2013-07-02,0.2983,44.0,0.2273,19.0,0.2668,3.0,,,0.3577,25.0,0.2534,3.0,0.2392,3.0,0.3012,4.0,,,0.3641,28.0
2013-07-01,0.2965,43.0,0.2643,36.0,0.319,14.0,,,0.3336,17.0,0.2536,3.0,0.2389,3.0,0.3097,6.0,,,0.3146,6.0
2013-06-28,0.308,47.0,0.2465,28.0,0.3468,22.0,,,0.2743,4.0,0.2605,4.0,0.2381,3.0,0.3259,11.0,,,0.3217,8.0
2013-06-27,0.3418,55.0,0.3029,50.0,0.3118,12.0,,,0.3072,10.0,0.2604,3.0,0.2391,3.0,0.3152,7.0,,,0.3244,10.0
2013-06-26,0.4198,69.0,0.3143,54.0,0.3753,31.0,,,0.3154,12.0,0.2604,3.0,0.2392,3.0,0.3198,9.0,,,0.3172,7.0
2013-06-25,0.4383,71.0,0.3178,54.0,0.3838,33.0,,,0.317,12.0,0.2604,3.0,0.2395,3.0,0.3401,18.0,,,0.3342,14.0
2013-06-24,0.4284,70.0,0.322,56.0,0.4441,52.0,,,0.3524,23.0,0.2604,3.0,0.2396,3.0,0.3471,21.0,,,0.3494,21.0
2013-06-21,0.4599,74.0,0.3287,57.0,0.2494,2.0,,,0.3893,34.0,0.2559,3.0,0.2397,3.0,0.2977,4.0,,,0.3507,22.0
2013-06-20,0.4594,74.0,0.3067,51.0,0.3207,15.0,,,0.3255,15.0,0.2559,3.0,0.2381,3.0,0.3304,13.0,,,0.3506,22.0
2013-06-19,0.392,65.0,0.2932,47.0,0.3009,9.0,,,0.2978,8.0,0.2551,3.0,0.2399,3.0,0.3235,10.0,,,0.3243,9.0
2013-06-18,0.3002,45.0,0.2414,26.0,0.2499,2.0,,,0.3981,37.0,0.2492,2.0,0.2373,3.0,0.3072,6.0,,,0.3396,17.0
2013-06-17,0.2673,36.0,0.2416,26.0,0.3307,18.0,,,0.3286,16.0,0.2472,2.0,0.2368,3.0,0.3297,13.0,,,0.3273,11.0
2013-06-14,0.2776,38.0,0.2491,28.0,0.3507,24.0,,,0.275,4.0,0.2471,2.0,0.2362,3.0,0.3343,14.0,,,0.3198,8.0
2013-06-13,0.3435,55.0,0.2783,42.0,0.2583,3.0,,,0.398,37.0,0.2471,2.0,0.236,2.0,0.3176,8.0,,,0.3313,12.0
2013-06-12,0.3025,45.0,0.2743,40.0,0.2687,4.0,,,0.3016,9.0,0.2454,2.0,0.2349,2.0,0.3222,10.0,,,0.3293,12.0
2013-06-11,0.3026,45.0,0.2753,40.0,0.333,19.0,,,0.3052,10.0,0.2474,2.0,0.235,2.0,0.3438,19.0,,,0.322,9.0
2013-06-10,0.2725,37.0,0.2619,35.0,0.2932,8.0,,,0.3299,16.0,0.2474,2.0,0.236,2.0,0.2959,3.0,,,0.3224,9.0
2013-06-07,0.2943,43.0,0.2626,35.0,0.2705,4.0,,,0.2834,5.0,0.2473,2.0,0.2357,2.0,0.3054,5.0,,,0.3196,8.0
2013-06-06,0.2781,38.0,0.2532,31.0,0.2979,9.0,,,0.371,28.0,0.2469,2.0,0.2363,3.0,0.2925,3.0,,,0.33,12.0
2013-06-05,0.2754,38.0,0.2415,26.0,0.2904,7.0,,,0.2861,6.0,0.2462,2.0,0.2355,2.0,0.3289,12.0,,,0.3041,3.0
2013-06-04,0.2244,25.0,0.2219,17.0,0.3322,18.0,,,0.2419,1.0,0.2417,1.0,0.2339,2.0,0.332,14.0,,,0.2975,3.0
2013-06-03,0.2038,20.0,0.2176,16.0,0.2786,4.0,,,0.2844,6.0,0.2397,1.0,0.2335,1.0,0.3159,8.0,,,0.2964,2.0
2013-05-31,0.2012,19.0,0.2072,12.0,0.2684,4.0,,,0.2949,8.0,0.2399,1.0,0.2329,1.0,0.3133,7.0,,,0.3115,5.0
2013-05-30,0.2004,19.0,0.2066,12.0,0.2417,1.0,,,0.3323,17.0,0.2399,1.0,0.2327,1.0,0.2957,3.0,,,0.3281,11.0
2013-05-29,0.1783,14.0,0.1994,10.0,0.2878,6.0,,,0.2533,2.0,0.2391,1.0,0.2326,1.0,0.3121,7.0,,,0.3143,6.0
2013-05-28,0.1596,10.0,0.1973,9.0,0.2747,4.0,,,0.2867,6.0,0.2386,1.0,0.2328,1.0,0.3117,7.0,,,0.328,11.0
2013-05-24,0.1411,7.0,0.1965,9.0,0.2622,3.0,,,0.2987,8.0,0.2388,1.0,0.2331,1.0,0.3124,7.0,,,0.3212,8.0
2013-05-23,0.0707,1.0,0.1723,4.0,0.2624,3.0,,,0.3102,11.0,0.2376,1.0,0.2326,1.0,0.2975,4.0,,,0.3627,27.0
2013-05-22,0.1337,6.0,0.1866,6.0,0.2843,6.0,,,0.2445,1.0,0.2383,1.0,0.2326,1.0,0.31,6.0,,,0.3069,4.0
2013-05-21,0.1309,5.0,0.1779,5.0,0.2732,4.0,,,0.292,7.0,0.238,1.0,0.234,2.0,0.2994,4.0,,,0.3073,4.0
2013-05-20,0.1265,5.0,0.1788,5.0,0.2698,4.0,,,0.2707,3.0,0.2388,1.0,0.234,2.0,0.2922,3.0,,,0.3097,5.0
2013-05-17,0.1541,9.0,0.178,5.0,0.2991,9.0,,,0.2891,7.0,0.2388,1.0,0.2352,2.0,0.3121,7.0,,,0.3168,7.0
2013-05-16,0.1631,11.0,0.1892,7.0,0.2636,3.0,,,0.288,6.0,0.2389,1.0,0.2354,2.0,0.3119,7.0,,,0.3337,14.0
2013-05-15,0.1759,13.0,0.201,10.0,0.2343,1.0,,,0.3079,10.0,0.2389,1.0,0.2354,2.0,0.2942,3.0,,,0.3206,8.0
2013-05-14,0.178,14.0,0.2041,11.0,0.2663,3.0,,,0.2888,7.0,0.2393,1.0,0.2355,2.0,0.3093,6.0,,,0.3218,9.0
2013-05-13,0.1846,15.0,0.2001,10.0,0.2645,3.0,,,0.2975,8.0,0.2377,1.0,0.2346,2.0,0.308,6.0,,,0.3251,10.0
2013-05-10,0.181,14.0,0.2134,14.0,0.2848,6.0,,,0.2789,5.0,0.2377,1.0,0.235,2.0,0.3114,6.0,,,0.3319,13.0
2013-05-09,0.3572,57.0,0.2456,28.0,0.2785,4.0,,,0.2834,5.0,0.238,1.0,0.2352,2.0,0.3104,6.0,,,0.3268,11.0
2013-05-08,0.346,56.0,0.2435,27.0,0.2333,1.0,,,0.3224,14.0,0.2375,1.0,0.2352,2.0,0.2901,3.0,,,0.3211,8.0
2013-05-07,0.3459,56.0,0.2421,26.0,0.2449,2.0,,,0.3271,16.0,0.2421,1.0,0.235,2.0,0.2962,4.0,,,0.3343,14.0
2013-05-06,0.3349,54.0,0.2284,20.0,0.2928,7.0,,,0.287,6.0,0.2468,2.0,0.239,3.0,0.3176,8.0,,,0.3231,9.0
2013-05-03,0.3349,54.0,0.3124,53.0,0.2905,7.0,,,0.2813,5.0,0.2469,2.0,0.2395,3.0,0.3114,6.0,,,0.3268,11.0
2013-05-02,0.3098,47.0,0.3014,49.0,0.2912,7.0,,,0.3358,18.0,0.2491,2.0,0.2423,4.0,0.3197,9.0,,,0.3564,25.0
2013-05-01,0.2913,42.0,0.2951,47.0,0.3474,23.0,,,0.2889,7.0,0.2485,2.0,0.2426,4.0,0.3572,26.0,,,0.3311,12.0
2013-04-30,0.1886,16.0,0.2796,42.0,0.2806,5.0,,,0.3159,12.0,0.2413,1.0,0.2418,4.0,0.3231,10.0,,,0.3329,13.0
2013-04-29,0.1987,19.0,0.288,45.0,0.2693,4.0,,,0.3421,20.0,0.2515,3.0,0.2475,5.0,0.3247,11.0,,,0.349,21.0
2013-04-26,0.1819,15.0,0.2821,43.0,0.2854,6.0,,,0.3306,16.0,0.3507,30.0,0.2817,16.0,0.3338,14.0,,,0.3515,22.0
2013-04-25,0.1718,12.0,0.2902,46.0,0.3301,18.0,,,0.3259,15.0,0.3506,30.0,0.2817,16.0,0.357,26.0,,,0.3429,18.0
2013-04-24,0.191,17.0,0.1985,9.0,0.4412,51.0,,,0.3587,25.0,0.351,30.0,0.2772,14.0,0.3528,23.0,,,0.3567,25.0
2013-04-23,0.1965,18.0,0.1978,9.0,0.3437,22.0,,,0.4112,42.0,0.3507,30.0,0.277,14.0,0.3491,22.0,,,0.3732,32.0
2013-04-22,0.1984,19.0,0.1937,8.0,0.4457,52.0,,,0.3883,34.0,0.3508,30.0,0.2776,14.0,0.3795,34.0,,,0.3458,19.0
2013-04-19,0.1591,10.0,0.176,4.0,0.3594,26.0,,,0.3776,31.0,0.3496,30.0,0.277,14.0,0.3363,15.0,,,0.3577,25.0
2013-04-18,0.1393,7.0,0.1613,3.0,0.3567,25.0,,,0.4203,45.0,0.3497,30.0,0.277,14.0,0.3497,22.0,,,0.3661,28.0
2013-04-17,0.1677,12.0,0.1621,3.0,0.3771,31.0,,,0.3636,27.0,0.3498,30.0,0.2768,13.0,0.3766,33.0,,,0.3587,25.0
2013-04-16,0.1983,19.0,0.1505,2.0,0.3537,24.0,,,0.3975,37.0,0.3501,30.0,0.2767,13.0,0.3289,12.0,,,0.3533,23.0
2013-04-15,0.2448,30.0,0.1532,2.0,0.3858,33.0,,,0.3723,28.0,0.3503,30.0,0.277,14.0,0.3767,33.0,,,0.3446,19.0
2013-04-12,0.2409,28.0,0.1432,1.0,0.3836,33.0,,,0.3633,26.0,0.3499,30.0,0.2768,13.0,0.3557,25.0,,,0.3716,31.0
2013-04-11,0.251,32.0,0.1547,2.0,0.3736,30.0,,,0.3653,27.0,0.3498,30.0,0.2769,13.0,0.3473,21.0,,,0.374,32.0
2013-04-10,0.2348,28.0,0.1682,3.0,0.3404,21.0,,,0.3412,20.0,0.3517,31.0,0.278,14.0,0.3687,30.0,,,0.357,25.0
2013-04-09,0.2198,24.0,0.1701,4.0,0.398,37.0,,,0.3677,28.0,0.3518,31.0,0.278,14.0,0.3906,38.0,,,0.3505,22.0
2013-04-08,0.2234,25.0,0.161,3.0,0.3679,28.0,,,0.3661,28.0,0.3511,30.0,0.2789,14.0,0.3455,20.0,,,0.3723,31.0
2013-04-05,0.1502,8.0,0.1514,2.0,0.348,23.0,,,0.377,31.0,0.3518,31.0,0.2802,15.0,0.4048,44.0,,,0.3734,32.0
2013-04-04,0.105,2.0,0.1391,1.0,0.3869,34.0,,,0.341,20.0,0.3494,30.0,0.2801,15.0,0.3651,28.0,,,0.372,31.0
2013-04-03,0.1135,3.0,0.1458,2.0,0.4,38.0,,,0.3693,28.0,0.3493,30.0,0.2806,15.0,0.3735,32.0,,,0.3656,28.0
2013-04-02,0.0919,1.0,0.1324,1.0,0.3994,38.0,,,0.2929,7.0,0.3485,30.0,0.2807,15.0,0.3966,40.0,,,0.335,14.0
2013-04-01,0.0862,1.0,0.1129,1.0,0.3301,18.0,,,0.3491,23.0,0.3489,30.0,0.2803,15.0,0.367,28.0,,,0.3729,32.0
2013-03-28,0.088,1.0,0.1155,1.0,0.3275,17.0,,,0.3158,12.0,0.3486,30.0,0.2809,15.0,0.3688,30.0,,,0.3726,32.0
2013-03-27,0.1025,2.0,0.1173,1.0,0.3249,16.0,,,0.3198,13.0,0.3493,30.0,0.2812,15.0,0.3776,33.0,,,0.3802,34.0
2013-03-26,0.1202,4.0,0.1213,1.0,0.3247,16.0,,,0.3198,13.0,0.3509,30.0,0.2832,16.0,0.369,30.0,,,0.3685,30.0
2013-03-25,0.1288,5.0,0.1269,1.0,0.3226,15.0,,,0.3374,18.0,0.3514,30.0,0.2876,18.0,0.3642,28.0,,,0.3805,34.0
2013-03-22,0.1365,6.0,0.12,1.0,0.3306,18.0,,,0.3426,20.0,0.3525,31.0,0.289,19.0,0.3793,34.0,,,0.3798,34.0
2013-03-21,0.1377,6.0,0.1267,1.0,0.3318,18.0,,,0.3285,16.0,0.3531,31.0,0.2895,19.0,0.3753,32.0,,,0.375,32.0
2013-03-20,0.1246,4.0,0.1269,1.0,0.3275,17.0,,,0.3319,17.0,0.3529,31.0,0.2899,19.0,0.3596,27.0,,,0.3754,32.0
2013-03-19,0.1343,6.0,0.1266,1.0,0.3129,13.0,,,0.3429,20.0,0.3529,31.0,0.2899,19.0,0.3608,27.0,,,0.3807,34.0
2013-03-18,0.1387,7.0,0.1308,1.0,0.3041,10.0,,,0.3433,20.0,0.353,31.0,0.2898,19.0,0.381,34.0,,,0.3843,35.0
2013-03-15,0.0929,1.0,0.1329,1.0,0.3071,11.0,,,0.3386,19.0,0.3535,31.0,0.29,19.0,0.3668,28.0,,,0.3672,28.0
2013-03-14,0.1391,7.0,0.1667,3.0,0.3326,19.0,,,0.3279,16.0,0.3547,31.0,0.2919,21.0,0.3718,31.0,,,0.3721,31.0
2013-03-13,0.1399,7.0,0.1736,4.0,0.3053,11.0,,,0.3365,18.0,0.3546,31.0,0.2921,21.0,0.357,26.0,,,0.3729,32.0
2013-03-12,0.1401,7.0,0.1846,6.0,0.3318,18.0,,,0.3252,15.0,0.3546,31.0,0.2921,21.0,0.3686,30.0,,,0.3712,31.0
2013-03-11,0.1278,5.0,0.2285,20.0,0.3207,15.0,,,0.3658,28.0,0.3549,31.0,0.2924,21.0,0.3503,22.0,,,0.3721,31.0
2013-03-08,0.1281,5.0,0.2294,20.0,0.3326,19.0,,,0.3625,26.0,0.3552,31.0,0.2929,22.0,0.3575,26.0,,,0.3175,7.0
2013-03-07,0.1478,8.0,0.2495,30.0,0.329,17.0,,,0.3254,15.0,0.3635,33.0,0.2961,24.0,0.3597,27.0,,,0.3769,33.0
2013-03-06,0.1654,11.0,0.2511,30.0,0.3281,17.0,,,0.3536,24.0,0.3634,33.0,0.2962,24.0,0.3573,26.0,,,0.3687,30.0
2013-03-05,0.1898,16.0,0.2331,22.0,0.3447,22.0,,,0.3285,16.0,0.3623,33.0,0.2962,24.0,0.3677,30.0,,,0.3816,34.0
2013-03-04,0.1955,18.0,0.2299,20.0,0.3485,23.0,,,0.344,21.0,0.3621,33.0,0.2965,24.0,0.3564,25.0,,,0.3655,28.0
2013-03-01,0.2421,28.0,0.2256,19.0,0.2941,8.0,,,0.3732,30.0,0.363,33.0,0.296,24.0,0.3334,14.0,,,0.3987,39.0
2013-02-28,0.2441,30.0,0.1858,6.0,0.3176,14.0,,,0.344,21.0,0.3621,33.0,0.2943,23.0,0.3963,40.0,,,0.4063,43.0
2013-02-27,0.2922,42.0,0.228,20.0,0.3146,13.0,,,0.3625,26.0,0.3619,33.0,0.2944,23.0,0.3821,35.0,,,0.3845,35.0
2013-02-26,0.2581,33.0,0.2117,14.0,0.3573,25.0,,,0.3291,16.0,0.3606,33.0,0.2936,22.0,0.359,27.0,,,0.3661,28.0
2013-02-25,0.2581,33.0,0.2113,13.0,0.363,27.0,,,0.316,12.0,0.3613,33.0,0.2939,22.0,0.3826,35.0,,,0.3725,31.0
2013-02-22,0.2474,31.0,0.2022,11.0,0.3001,9.0,,,0.3645,27.0,0.3612,33.0,0.2937,22.0,0.4222,52.0,,,0.3904,36.0
2013-02-21,0.2344,28.0,0.2007,10.0,0.3636,27.0,,,0.3314,17.0,0.3619,33.0,0.2941,22.0,0.371,31.0,,,0.3742,32.0
2013-02-20,0.1995,19.0,0.1968,9.0,0.3695,28.0,,,0.3298,16.0,0.361,33.0,0.2948,23.0,0.3781,34.0,,,0.3636,27.0
2013-02-19,0.1592,10.0,0.197,9.0,0.325,16.0,,,0.3413,20.0,0.3605,33.0,0.2951,23.0,0.3647,28.0,,,0.3938,38.0
2013-02-15,0.0683,1.0,0.1556,2.0,0.3415,21.0,,,0.3251,15.0,0.3602,32.0,0.2944,23.0,0.3884,37.0,,,0.3841,35.0
2013-02-14,0.4834,76.0,0.4359,79.0,0.3429,21.0,,,0.3475,22.0,0.3604,32.0,0.2946,23.0,0.3777,33.0,,,0.3834,34.0
2013-02-13,0.5175,79.0,0.4501,81.0,0.339,20.0,,,0.3771,31.0,0.3625,33.0,0.2957,23.0,0.3891,37.0,,,0.4032,41.0
2013-02-12,0.5396,81.0,0.4549,82.0,0.3331,19.0,,,0.3492,23.0,0.3635,33.0,0.2968,24.0,0.3845,36.0,,,0.3841,35.0
2013-02-11,0.5396,81.0,0.4585,82.0,0.3293,17.0,,,0.3713,28.0,0.3637,33.0,0.2975,24.0,0.3751,32.0,,,0.3931,37.0
2013-02-08,0.5392,81.0,0.4603,82.0,0.3233,16.0,,,0.3584,25.0,0.3637,33.0,0.2985,25.0,0.3768,33.0,,,0.3892,36.0
2013-02-07,0.5396,81.0,0.4622,83.0,0.3664,28.0,,,0.3382,19.0,0.3636,33.0,0.2984,25.0,0.3979,41.0,,,0.3878,36.0
2013-02-06,0.5342,80.0,0.4597,82.0,0.3732,30.0,,,0.3121,11.0,0.3657,34.0,0.3,26.0,0.4071,45.0,,,0.3785,33.0
2013-02-05,0.1768,13.0,0.2143,15.0,0.5599,77.0,,,0.3874,34.0,0.3477,30.0,0.2851,17.0,0.4225,52.0,,,0.3849,35.0
2013-02-04,0.153,9.0,0.1946,8.0,0.4685,59.0,,,0.3988,38.0,0.3467,30.0,0.2846,17.0,0.3976,41.0,,,0.4049,42.0
2013-02-01,0.1636,11.0,0.2163,15.0,0.4266,47.0,,,0.4127,43.0,0.3538,31.0,0.2865,17.0,0.3179,8.0,,,0.4025,41.0
2013-01-31,0.1573,9.0,0.2088,13.0,0.4368,50.0,,,0.424,46.0,0.3553,31.0,0.2874,18.0,0.4155,49.0,,,0.4006,40.0
2013-01-30,0.1568,9.0,0.2071,12.0,0.399,38.0,,,0.3979,37.0,0.3589,32.0,0.289,19.0,0.3904,38.0,,,0.4086,44.0
2013-01-29,0.1535,9.0,0.2728,39.0,0.3821,32.0,,,0.387,34.0,0.3593,32.0,0.2893,19.0,0.3824,35.0,,,0.3774,33.0
2013-01-28,0.1551,9.0,0.2698,38.0,0.4229,46.0,,,0.3684,28.0,0.3595,32.0,0.2898,19.0,0.3824,35.0,,,0.3879,36.0
2013-01-25,0.2072,21.0,0.2729,39.0,0.4173,44.0,,,0.3648,27.0,0.3612,33.0,0.2916,20.0,0.5317,84.0,,,0.3943,38.0
2013-01-24,0.2348,28.0,0.2797,42.0,0.3743,30.0,,,0.3782,31.0,0.3657,34.0,0.3012,27.0,0.4498,62.0,,,0.3969,39.0
2013-01-23,0.2097,22.0,0.2567,33.0,0.4176,44.0,,,0.3716,28.0,0.365,34.0,0.3002,26.0,0.4288,54.0,,,0.3875,36.0
2013-01-22,0.2279,26.0,0.2607,34.0,0.3755,31.0,,,0.3912,35.0,0.3655,34.0,0.3004,26.0,0.3849,36.0,,,0.3964,38.0
2013-01-18,0.2351,28.0,0.2631,35.0,0.3242,16.0,,,0.3992,38.0,0.3662,34.0,0.3013,27.0,0.3422,18.0,,,0.4375,57.0
2013-01-17,0.2351,28.0,0.1822,6.0,0.3751,31.0,,,0.3893,34.0,0.3675,35.0,0.2982,25.0,0.3909,38.0,,,0.3995,40.0
2013-01-16,0.2369,28.0,0.192,8.0,0.4122,42.0,,,0.38,32.0,0.3674,35.0,0.2984,25.0,0.3916,39.0,,,0.3995,40.0
2013-01-15,0.1799,14.0,0.183,6.0,0.3773,31.0,,,0.4313,48.0,0.3659,34.0,0.2982,25.0,0.3785,34.0,,,0.4153,47.0
2013-01-14,0.1344,6.0,0.1757,4.0,0.4659,57.0,,,0.4001,38.0,0.3647,34.0,0.2982,25.0,0.3961,40.0,,,0.4023,41.0
2013-01-11,0.1334,6.0,0.1764,5.0,0.51,68.0,,,0.3928,35.0,0.3648,34.0,0.2982,25.0,0.3911,38.0,,,0.4046,42.0
2013-01-10,0.3236,51.0,0.2191,17.0,0.4237,46.0,,,0.3755,30.0,0.3641,34.0,0.2984,25.0,0.4007,42.0,,,0.4074,44.0
2013-01-09,0.3066,46.0,0.2296,20.0,0.4846,62.0,,,0.477,60.0,0.3649,34.0,0.3007,27.0,0.3968,41.0,,,0.4023,41.0
2013-01-08,0.3029,45.0,0.2331,22.0,0.5472,75.0,,,0.5787,80.0,0.3652,34.0,0.3009,27.0,0.3947,40.0,,,0.3988,39.0
2013-01-07,0.2924,42.0,0.2378,24.0,0.4178,44.0,,,0.4401,51.0,0.3654,34.0,0.3019,28.0,0.3859,36.0,,,0.4118,46.0
2013-01-04,0.2969,43.0,0.2374,24.0,0.4026,39.0,,,0.3817,32.0,0.3662,34.0,0.3021,28.0,0.3939,40.0,,,0.4041,42.0
2013-01-03,0.3205,50.0,0.237,24.0,0.4552,55.0,,,0.5214,70.0,0.3661,34.0,0.3026,28.0,0.3909,38.0,,,0.4104,45.0
2013-01-02,0.321,50.0,0.251,30.0,0.3247,16.0,,,0.6267,86.0,0.3661,34.0,0.303,28.0,0.3799,34.0,,,0.413,46.0
2012-12-31,0.3071,47.0,0.2753,40.0,0.3725,30.0,,,0.4106,42.0,0.3586,32.0,0.3013,27.0,0.4102,46.0,,,0.4185,49.0
2012-12-28,0.3133,48.0,0.2767,41.0,0.3227,16.0,,,0.4265,47.0,0.3595,32.0,0.303,28.0,0.4443,60.0,,,0.4301,55.0
2012-12-27,0.3084,47.0,0.2805,42.0,0.3496,23.0,,,0.4262,47.0,0.3757,37.0,0.3068,33.0,0.4758,69.0,,,0.4287,54.0
2012-12-26,0.3002,45.0,0.2711,38.0,0.2521,2.0,,,0.4401,51.0,0.3764,37.0,0.3078,34.0,0.4154,49.0,,,0.4261,53.0
2012-12-24,0.3148,49.0,0.2712,39.0,0.3762,31.0,,,0.6622,89.0,0.3774,38.0,0.3082,34.0,0.4372,57.0,,,0.4486,61.0
2012-12-21,0.3147,49.0,0.2606,34.0,0.3806,32.0,,,0.3992,38.0,0.3776,38.0,0.3082,34.0,0.4132,48.0,,,0.4135,47.0
2012-12-20,0.3663,60.0,0.2609,34.0,0.3225,15.0,,,0.5378,73.0,0.3801,39.0,0.3079,34.0,0.3717,31.0,,,0.4491,61.0
2012-12-19,0.2859,40.0,0.2301,21.0,0.3839,33.0,,,0.4094,41.0,0.3737,37.0,0.305,31.0,0.4065,45.0,,,0.4233,51.0
2012-12-18,0.2662,35.0,0.2119,14.0,0.3923,36.0,,,0.3943,36.0,0.3757,37.0,0.3076,33.0,0.5143,79.0,,,0.4206,50.0
2012-12-17,0.2571,33.0,0.2335,22.0,0.5585,77.0,,,0.4349,49.0,0.3755,37.0,0.3075,33.0,0.5298,83.0,,,0.4227,51.0
2012-12-14,0.2574,33.0,0.2373,24.0,0.454,55.0,,,0.4223,46.0,0.378,38.0,0.3093,35.0,0.4327,56.0,,,0.4223,51.0
2012-12-13,0.2552,33.0,0.2445,27.0,0.5304,72.0,,,0.387,34.0,0.3779,38.0,0.3097,35.0,0.6147,93.0,,,0.4099,45.0
2012-12-12,0.2465,30.0,0.2516,31.0,0.5048,67.0,,,0.3986,38.0,0.3781,38.0,0.3101,35.0,0.4314,56.0,,,0.4068,43.0
2012-12-11,0.2095,22.0,0.2411,26.0,0.3727,30.0,,,0.3997,38.0,0.3775,38.0,0.3101,35.0,0.4813,70.0,,,0.4128,46.0
2012-12-10,0.0936,1.0,0.2044,11.0,0.383,33.0,,,0.4001,38.0,0.3777,38.0,0.3097,35.0,0.5394,85.0,,,0.5496,84.0
2012-12-07,0.0987,2.0,0.2084,13.0,0.4849,62.0,,,0.3861,34.0,0.3783,38.0,0.3107,36.0,0.4118,47.0,,,0.4167,48.0
2012-12-06,0.1025,2.0,0.1868,7.0,0.4088,41.0,,,0.4262,47.0,0.3807,39.0,0.3119,37.0,0.4086,46.0,,,0.4214,50.0
2012-12-05,0.116,3.0,0.1956,9.0,0.5321,73.0,,,0.4059,40.0,0.381,40.0,0.314,38.0,0.517,80.0,,,0.4465,61.0
2012-12-04,0.133,6.0,0.1957,9.0,0.3318,18.0,,,0.4169,44.0,0.3813,40.0,0.3152,40.0,0.4056,44.0,,,0.4144,47.0
2012-12-03,0.168,12.0,0.1995,10.0,0.6319,86.0,,,0.3896,35.0,0.3849,41.0,0.3176,41.0,0.5177,80.0,,,0.4117,46.0
2012-11-30,0.1456,7.0,0.2281,20.0,0.4857,62.0,,,0.4097,41.0,0.388,43.0,0.3198,43.0,0.3653,28.0,,,0.3317,13.0
2012-11-29,0.1714,12.0,0.2316,21.0,0.518,69.0,,,0.4064,40.0,0.3889,43.0,0.3219,45.0,0.5229,81.0,,,0.4295,54.0
2012-11-28,0.17,12.0,0.2465,28.0,0.3845,33.0,,,0.4083,41.0,0.4041,46.0,0.3262,48.0,0.4125,47.0,,,0.432,55.0
2012-11-27,0.167,11.0,0.2461,28.0,0.4567,56.0,,,0.3983,38.0,0.4044,47.0,0.3269,48.0,0.4379,57.0,,,0.4202,50.0
2012-11-26,0.146,8.0,0.2405,25.0,0.4065,40.0,,,0.4298,48.0,0.4052,47.0,0.3266,48.0,0.4595,65.0,,,0.4385,57.0
2012-11-23,0.148,8.0,0.2323,21.0,0.3533,24.0,,,0.3227,14.0,0.4053,47.0,0.327,48.0,0.4025,43.0,,,0.4394,57.0
2012-11-21,0.1202,4.0,0.2262,19.0,0.3425,21.0,,,0.5454,74.0,0.4044,47.0,0.3265,48.0,0.393,39.0,,,0.45,62.0
2012-11-20,0.1077,3.0,0.1997,10.0,0.4449,52.0,,,0.4121,43.0,0.4043,46.0,0.3271,48.0,0.4182,50.0,,,0.4211,50.0
2012-11-19,0.0941,1.0,0.204,11.0,0.4471,53.0,,,0.3758,31.0,0.4043,46.0,0.3281,49.0,0.4391,57.0,,,0.4166,48.0
2012-11-16,0.0944,1.0,0.1796,5.0,0.446,52.0,,,0.5756,79.0,0.4051,47.0,0.3281,49.0,0.4031,43.0,,,0.5208,78.0
2012-11-15,0.2128,22.0,0.1793,5.0,0.3476,23.0,,,0.4254,47.0,0.4065,47.0,0.3289,49.0,0.4052,44.0,,,0.445,60.0
2012-11-14,0.3464,56.0,0.2662,37.0,0.3884,34.0,,,0.381,32.0,0.4072,47.0,0.3296,49.0,0.4294,55.0,,,0.4325,56.0
2012-11-13,0.343,55.0,0.2746,40.0,0.4047,39.0,,,0.3931,36.0,0.4093,48.0,0.331,50.0,0.4993,75.0,,,0.4406,57.0
2012-11-12,0.3987,66.0,0.324,56.0,0.4046,39.0,,,0.3951,36.0,0.4095,48.0,0.3315,50.0,0.4317,56.0,,,0.4371,57.0
2012-11-09,0.3973,66.0,0.3321,59.0,0.4106,41.0,,,0.3792,31.0,0.4095,48.0,0.3315,50.0,0.4329,56.0,,,0.4326,56.0
2012-11-08,0.3887,64.0,0.3408,61.0,0.4045,39.0,,,0.3957,36.0,0.4095,48.0,0.3314,50.0,0.4342,57.0,,,0.436,57.0
2012-11-07,0.5143,79.0,0.4056,75.0,0.5698,79.0,,,0.4318,49.0,0.4096,48.0,0.3318,50.0,0.5037,76.0,,,0.4739,68.0
2012-11-06,1.1569,99.0,0.6975,96.0,0.3143,13.0,,,0.4252,47.0,0.4083,48.0,0.3323,50.0,0.4625,65.0,,,0.4632,65.0
2012-11-05,1.0948,98.0,0.6679,95.0,0.4758,60.0,,,0.4815,61.0,0.4042,46.0,0.3293,49.0,0.4592,65.0,,,0.4944,73.0
2012-11-02,1.0874,98.0,0.6654,95.0,0.5448,75.0,,,0.4316,48.0,0.4043,46.0,0.329,49.0,0.5232,81.0,,,0.4205,50.0
2012-11-01,1.0225,98.0,0.6408,94.0,0.4113,42.0,,,0.4308,48.0,0.4006,45.0,0.3265,48.0,0.4357,57.0,,,0.4539,63.0
2012-10-31,1.0069,97.0,0.6401,94.0,0.4679,57.0,,,0.6756,90.0,0.4028,46.0,0.3266,48.0,0.4679,66.0,,,0.5242,79.0
2012-10-26,0.9964,97.0,0.6335,94.0,0.5956,82.0,,,0.562,77.0,0.4023,46.0,0.3265,48.0,0.5463,87.0,,,0.4503,62.0
2012-10-25,1.0286,98.0,0.5971,92.0,0.4854,62.0,,,0.5827,80.0,0.3976,45.0,0.323,46.0,0.4555,64.0,,,0.5398,82.0
2012-10-24,0.1436,7.0,0.1757,4.0,0.4342,49.0,,,0.418,44.0,0.3175,18.0,0.2939,22.0,0.5105,78.0,,,0.4395,57.0
2012-10-23,0.1506,8.0,0.1857,6.0,0.4391,50.0,,,0.4349,49.0,0.3175,18.0,0.295,23.0,0.417,50.0,,,0.4321,55.0
2012-10-22,0.1604,10.0,0.1921,8.0,0.4206,45.0,,,0.437,50.0,0.3173,18.0,0.2963,24.0,0.414,48.0,,,0.4293,54.0
2012-10-19,0.159,10.0,0.1912,8.0,0.4019,38.0,,,0.4107,42.0,0.3186,19.0,0.2991,25.0,0.4146,48.0,,,0.4279,53.0
2012-10-18,0.1498,8.0,0.1733,4.0,0.4107,42.0,,,0.4115,42.0,0.3186,19.0,0.2998,26.0,0.4153,49.0,,,0.4259,53.0
2012-10-17,0.2378,28.0,0.2021,11.0,0.4142,43.0,,,0.4062,40.0,0.3203,20.0,0.3007,27.0,0.4106,46.0,,,0.4295,54.0
2012-10-16,0.2156,23.0,0.19,7.0,0.4076,40.0,,,0.4155,44.0,0.3265,23.0,0.3016,28.0,0.4184,51.0,,,0.43,55.0
2012-10-15,0.1983,19.0,0.2166,16.0,0.4107,42.0,,,0.4106,42.0,0.327,23.0,0.3026,28.0,0.4172,50.0,,,0.4326,56.0
2012-10-12,0.2444,30.0,0.2379,24.0,0.4091,41.0,,,0.4161,44.0,0.3274,23.0,0.3031,30.0,0.4182,50.0,,,0.4269,53.0
2012-10-11,0.2335,27.0,0.2338,22.0,0.4094,41.0,,,0.4103,42.0,0.327,23.0,0.303,28.0,0.4212,52.0,,,0.4297,54.0
2012-10-10,0.2325,27.0,0.2415,26.0,0.4161,44.0,,,0.4225,46.0,0.3284,24.0,0.3039,30.0,0.416,49.0,,,0.4296,54.0
2012-10-09,0.2279,26.0,0.2494,30.0,0.4196,45.0,,,0.416,44.0,0.3285,24.0,0.305,31.0,0.4183,51.0,,,0.4286,54.0
2012-10-08,0.1912,17.0,0.227,19.0,0.409,41.0,,,0.4193,45.0,0.3285,24.0,0.3045,31.0,0.4159,49.0,,,0.4295,54.0
2012-10-05,0.1901,16.0,0.2396,25.0,0.4167,44.0,,,0.4111,42.0,0.3304,25.0,0.3057,32.0,0.4147,48.0,,,0.4273,53.0
2012-10-04,0.2068,21.0,0.2206,17.0,0.4106,41.0,,,0.4176,44.0,0.3312,25.0,0.3047,31.0,0.4132,48.0,,,0.4322,56.0
2012-10-03,0.161,10.0,0.2299,20.0,0.419,45.0,,,0.3646,27.0,0.3328,25.0,0.3052,31.0,0.4147,48.0,,,0.4359,57.0
2012-10-02,0.1624,11.0,0.3072,51.0,0.4124,42.0,,,0.417,44.0,0.3344,26.0,0.3054,32.0,0.414,48.0,,,0.4274,53.0
2012-10-01,0.1608,10.0,0.3263,57.0,0.4052,40.0,,,0.4202,45.0,0.3344,26.0,0.3051,31.0,0.4118,47.0,,,0.4358,57.0
2012-09-28,0.1294,5.0,0.3254,57.0,0.4139,43.0,,,0.3903,35.0,0.3358,26.0,0.305,31.0,0.4152,49.0,,,0.4326,56.0
2012-09-27,0.133,6.0,0.3305,57.0,0.398,37.0,,,0.4098,41.0,0.3368,27.0,0.3057,32.0,0.4139,48.0,,,0.4312,55.0
2012-09-26,0.1289,5.0,0.323,56.0,0.4186,44.0,,,0.4063,40.0,0.3374,28.0,0.3062,32.0,0.417,50.0,,,0.4338,56.0
2012-09-25,0.1311,5.0,0.3172,54.0,0.4154,43.0,,,0.4039,39.0,0.337,27.0,0.3061,32.0,0.4159,49.0,,,0.4277,53.0
2012-09-24,0.2042,20.0,0.29,45.0,0.3977,37.0,,,0.4206,45.0,0.3362,27.0,0.3056,32.0,0.4238,53.0,,,0.4285,54.0
2012-09-21,0.2527,32.0,0.2452,28.0,0.4133,43.0,,,0.3758,31.0,0.3358,26.0,0.3016,28.0,0.4193,51.0,,,0.4064,43.0
2012-09-20,0.2216,25.0,0.2138,14.0,0.3977,37.0,,,0.403,39.0,0.3372,27.0,0.3009,27.0,0.4079,45.0,,,0.4038,42.0
2012-09-19,0.1956,18.0,0.2068,12.0,0.3864,34.0,,,0.4107,42.0,0.3393,28.0,0.3013,27.0,0.3988,41.0,,,0.4103,45.0
2012-09-18,0.2042,20.0,0.2037,11.0,0.3677,28.0,,,0.4094,41.0,0.3416,28.0,0.3022,28.0,0.3929,39.0,,,0.4084,44.0
2012-09-17,0.2131,23.0,0.2165,16.0,0.4021,39.0,,,0.398,37.0,0.3419,28.0,0.3022,28.0,0.3984,41.0,,,0.4032,41.0
2012-09-14,0.3479,57.0,0.2881,45.0,0.3546,25.0,,,0.395,36.0,0.3419,28.0,0.3025,28.0,0.401,42.0,,,0.4043,42.0
2012-09-13,0.3494,57.0,0.2867,44.0,0.3942,36.0,,,0.3868,34.0,0.3428,28.0,0.3029,28.0,0.4073,45.0,,,0.4067,43.0
2012-09-12,0.3506,57.0,0.2704,38.0,0.3937,36.0,,,0.4094,41.0,0.342,28.0,0.302,28.0,0.4046,44.0,,,0.4124,46.0
2012-09-11,0.3484,57.0,0.2769,41.0,0.4025,39.0,,,0.4146,43.0,0.342,28.0,0.3018,28.0,0.4065,45.0,,,0.4131,46.0
2012-09-10,0.3822,63.0,0.2743,40.0,0.4098,41.0,,,0.3968,37.0,0.3422,28.0,0.302,28.0,0.407,45.0,,,0.4127,46.0
2012-09-07,0.3659,60.0,0.2692,38.0,0.3711,28.0,,,0.4079,41.0,0.3444,30.0,0.3028,28.0,0.4089,46.0,,,0.4104,45.0
2012-09-06,0.3647,60.0,0.2617,35.0,0.3725,30.0,,,0.4108,42.0,0.3451,30.0,0.3031,30.0,0.4119,47.0,,,0.4171,48.0
2012-09-05,0.1177,4.0,0.1901,7.0,0.422,46.0,,,0.3932,36.0,0.3354,26.0,0.3005,26.0,0.4161,49.0,,,0.4232,51.0
2012-09-04,0.1324,6.0,0.1968,9.0,0.42,45.0,,,0.4184,45.0,0.338,28.0,0.3024,28.0,0.4157,49.0,,,0.428,53.0
2012-08-31,0.1327,6.0,0.1652,3.0,0.4186,44.0,,,0.3736,30.0,0.3407,28.0,0.3023,28.0,0.42,51.0,,,0.4251,52.0
2012-08-30,0.1508,8.0,0.1657,3.0,0.42,45.0,,,0.361,26.0,0.3413,28.0,0.302,28.0,0.4202,51.0,,,0.4229,51.0
2012-08-29,0.1458,7.0,0.1955,9.0,0.4181,44.0,,,0.3908,35.0,0.3414,28.0,0.3022,28.0,0.4142,48.0,,,0.4187,49.0
2012-08-28,0.1337,6.0,0.2063,12.0,0.4115,42.0,,,0.378,31.0,0.3414,28.0,0.3027,28.0,0.4099,46.0,,,0.423,51.0
2012-08-27,0.2373,28.0,0.2276,19.0,0.4268,47.0,,,0.3773,31.0,0.3427,28.0,0.3047,31.0,0.4159,49.0,,,0.4203,50.0
2012-08-24,0.2491,31.0,0.2352,22.0,0.414,43.0,,,0.3655,27.0,0.3433,28.0,0.3048,31.0,0.4168,50.0,,,0.4207,50.0
2012-08-23,0.2844,40.0,0.2519,31.0,0.4125,42.0,,,0.377,31.0,0.3429,28.0,0.306,32.0,0.4149,49.0,,,0.4132,47.0
2012-08-22,0.3066,46.0,0.2708,38.0,0.4027,39.0,,,0.3908,35.0,0.3429,28.0,0.3068,33.0,0.4106,46.0,,,0.4196,49.0
2012-08-21,0.2777,38.0,0.2757,40.0,0.4,38.0,,,0.3925,35.0,0.3418,28.0,0.3072,33.0,0.4087,46.0,,,0.4189,49.0
2012-08-20,0.2768,38.0,0.2788,42.0,0.4088,41.0,,,0.3967,37.0,0.3418,28.0,0.3062,32.0,0.4022,43.0,,,0.4189,49.0
2012-08-17,0.2762,38.0,0.2714,39.0,0.3823,32.0,,,0.4051,40.0,0.3425,28.0,0.3065,33.0,0.4031,43.0,,,0.4218,51.0
2012-08-16,0.2839,40.0,0.2898,45.0,0.3939,36.0,,,0.3756,30.0,0.3406,28.0,0.3063,33.0,0.4062,44.0,,,0.4219,51.0
2012-08-15,0.2971,43.0,0.3031,50.0,0.3917,36.0,,,0.417,44.0,0.3403,28.0,0.3058,32.0,0.4048,44.0,,,0.4232,51.0
2012-08-14,0.2598,34.0,0.2974,48.0,0.3962,37.0,,,0.4257,47.0,0.3378,28.0,0.3051,31.0,0.4129,47.0,,,0.4333,56.0
2012-08-13,0.356,57.0,0.3183,55.0,0.3906,35.0,,,0.4208,45.0,0.3372,27.0,0.3043,31.0,0.4062,44.0,,,0.4286,54.0
2012-08-10,0.4033,67.0,0.3245,57.0,0.4072,40.0,,,0.4091,41.0,0.3371,27.0,0.3041,30.0,0.4066,45.0,,,0.4275,53.0
2012-08-09,0.4856,77.0,0.3353,60.0,0.4131,42.0,,,0.4017,39.0,0.3373,27.0,0.3044,31.0,0.4123,47.0,,,0.4237,52.0
2012-08-08,0.4837,76.0,0.3451,62.0,0.4164,44.0,,,0.3976,37.0,0.3373,27.0,0.3053,32.0,0.4107,46.0,,,0.4263,53.0
2012-08-07,0.4623,74.0,0.3224,56.0,0.4304,48.0,,,0.407,40.0,0.3365,27.0,0.3042,30.0,0.4103,46.0,,,0.4239,52.0
2012-08-06,0.4723,75.0,0.3361,60.0,0.4189,45.0,,,0.4094,41.0,0.3357,26.0,0.3076,33.0,0.4187,51.0,,,0.4297,54.0
2012-08-03,0.5503,82.0,0.4582,82.0,0.3929,36.0,,,0.3839,33.0,0.3361,27.0,0.3072,33.0,0.4194,51.0,,,0.431,55.0
2012-08-02,0.4257,70.0,0.4343,79.0,0.4199,45.0,,,0.4236,46.0,0.3273,23.0,0.3051,31.0,0.4319,56.0,,,0.4447,60.0
2012-08-01,0.4098,67.0,0.4228,77.0,0.4319,49.0,,,0.3956,36.0,0.3272,23.0,0.3047,31.0,0.4193,51.0,,,0.4347,56.0
2012-07-31,0.3641,60.0,0.4138,76.0,0.3951,37.0,,,0.4321,49.0,0.3269,23.0,0.3034,30.0,0.4162,49.0,,,0.4351,57.0
2012-07-30,0.3621,59.0,0.4083,75.0,0.4206,45.0,,,0.422,46.0,0.3267,23.0,0.3047,31.0,0.418,50.0,,,0.4373,57.0
2012-07-27,0.3457,56.0,0.404,75.0,0.4078,41.0,,,0.4169,44.0,0.3286,24.0,0.3058,32.0,0.4177,50.0,,,0.432,55.0
2012-07-26,0.264,35.0,0.3783,70.0,0.4168,44.0,,,0.4263,47.0,0.3262,23.0,0.3048,31.0,0.4247,53.0,,,0.4473,61.0
2012-07-25,0.1712,12.0,0.2157,15.0,0.4425,52.0,,,0.5562,77.0,0.3221,21.0,0.295,23.0,0.4438,60.0,,,0.4489,61.0
2012-07-24,0.1311,5.0,0.211,13.0,0.5102,68.0,,,0.4491,53.0,0.3218,21.0,0.2959,24.0,0.4412,59.0,,,0.4409,57.0
2012-07-23,0.1316,6.0,0.2174,16.0,0.4467,53.0,,,0.514,68.0,0.3215,21.0,0.2962,24.0,0.4472,61.0,,,0.4451,60.0
2012-07-20,0.1847,15.0,0.2504,30.0,0.4311,48.0,,,0.4501,54.0,0.3209,20.0,0.2956,23.0,0.4336,56.0,,,0.4545,63.0
2012-07-19,0.145,7.0,0.2489,28.0,0.4357,50.0,,,0.4431,52.0,0.3198,20.0,0.2961,24.0,0.431,55.0,,,0.4468,61.0
2012-07-18,0.158,10.0,0.2723,39.0,0.4439,52.0,,,0.4407,51.0,0.3204,20.0,0.2974,24.0,0.4327,56.0,,,0.4501,62.0
2012-07-17,0.1823,15.0,0.2733,39.0,0.4524,54.0,,,0.4458,53.0,0.3218,21.0,0.2977,24.0,0.4357,57.0,,,0.4465,61.0
2012-07-16,0.1841,15.0,0.2797,42.0,0.4472,53.0,,,0.4318,49.0,0.3219,21.0,0.297,24.0,0.4348,57.0,,,0.4464,61.0
2012-07-13,0.1928,17.0,0.2872,44.0,0.4276,47.0,,,0.4292,48.0,0.3232,21.0,0.2982,25.0,0.428,54.0,,,0.4479,61.0
2012-07-12,0.207,21.0,0.2812,42.0,0.4454,52.0,,,0.4608,56.0,0.3233,21.0,0.298,25.0,0.4304,55.0,,,0.4421,59.0
2012-07-11,0.2223,25.0,0.2791,42.0,0.4281,48.0,,,0.434,49.0,0.3222,21.0,0.2957,23.0,0.4303,55.0,,,0.4493,62.0
2012-07-10,0.4934,77.0,0.3441,62.0,0.4253,47.0,,,0.4383,50.0,0.322,21.0,0.2956,23.0,0.4286,54.0,,,0.4499,62.0
2012-07-09,0.4651,75.0,0.3466,63.0,0.4517,54.0,,,0.4424,52.0,0.3263,23.0,0.299,25.0,0.4268,54.0,,,0.4489,61.0
2012-07-06,0.3989,66.0,0.3497,64.0,0.4347,49.0,,,0.4399,51.0,0.3298,24.0,0.2996,26.0,0.4264,53.0,,,0.4425,59.0
2012-07-05,0.435,71.0,0.3422,62.0,0.4284,48.0,,,0.4288,48.0,0.3301,25.0,0.2987,25.0,0.4235,52.0,,,0.4429,59.0
2012-07-03,0.5295,80.0,0.3413,61.0,0.4332,49.0,,,0.4442,52.0,0.3301,25.0,0.2988,25.0,0.4315,56.0,,,0.4466,61.0
2012-07-02,0.5298,80.0,0.3399,61.0,0.4301,48.0,,,0.4389,51.0,0.3301,25.0,0.3009,27.0,0.4313,55.0,,,0.4492,62.0
2012-06-29,0.5983,85.0,0.3558,65.0,0.4254,47.0,,,0.4282,47.0,0.3288,24.0,0.2992,26.0,0.4303,55.0,,,0.4423,59.0
2012-06-28,0.3465,56.0,0.2941,47.0,0.4187,44.0,,,0.4632,57.0,0.3141,16.0,0.2956,23.0,0.4417,59.0,,,0.4611,65.0
2012-06-27,0.3884,64.0,0.2989,49.0,0.4341,49.0,,,0.4593,56.0,0.3132,16.0,0.2942,22.0,0.4469,61.0,,,0.4588,64.0
2012-06-26,0.3552,57.0,0.3012,49.0,0.4457,52.0,,,0.4544,55.0,0.3142,16.0,0.2945,23.0,0.45,62.0,,,0.4642,65.0
2012-06-25,0.3558,57.0,0.2965,48.0,0.4527,54.0,,,0.4451,52.0,0.3164,17.0,0.2949,23.0,0.4808,70.0,,,0.4667,66.0
2012-06-22,0.3281,52.0,0.3026,50.0,0.435,49.0,,,0.4511,54.0,0.3134,16.0,0.2955,23.0,0.3805,34.0,,,0.4603,64.0
2012-06-21,0.3716,61.0,0.3224,56.0,0.4497,53.0,,,0.4586,56.0,0.3132,16.0,0.2955,23.0,0.4983,75.0,,,0.4309,55.0
2012-06-20,0.3355,54.0,0.2792,42.0,0.4383,50.0,,,0.4777,60.0,0.312,15.0,0.2929,22.0,0.4616,65.0,,,0.4956,73.0
2012-06-19,0.3813,63.0,0.3191,55.0,0.4208,45.0,,,0.4603,56.0,0.3117,15.0,0.2935,22.0,0.5006,75.0,,,0.7058,97.0
2012-06-18,0.3275,52.0,0.3286,57.0,0.347,22.0,,,0.4935,64.0,0.3315,25.0,0.2954,23.0,0.5082,78.0,,,0.574,88.0
2012-06-15,0.3262,52.0,0.3462,63.0,0.4607,56.0,,,0.4916,64.0,0.3389,28.0,0.301,27.0,0.577,90.0,,,0.559,86.0
2012-06-14,0.4132,68.0,0.3835,71.0,0.413,42.0,,,0.4961,65.0,0.341,28.0,0.3015,28.0,0.5134,79.0,,,0.6612,95.0
2012-06-13,0.4616,74.0,0.4088,75.0,0.4789,61.0,,,0.5081,67.0,0.3428,28.0,0.3013,27.0,0.5406,86.0,,,0.5365,81.0
2012-06-12,0.3878,64.0,0.4223,77.0,0.4078,41.0,,,0.4744,60.0,0.3427,28.0,0.3011,27.0,0.5163,80.0,,,0.5803,89.0
2012-06-11,0.651,88.0,0.468,83.0,0.601,83.0,,,0.4251,47.0,0.3436,30.0,0.3025,28.0,0.6351,95.0,,,0.501,74.0
2012-06-08,0.6265,87.0,0.4524,81.0,0.4539,55.0,,,0.4346,49.0,0.3426,28.0,0.3008,27.0,0.4886,72.0,,,0.6023,91.0
2012-06-07,0.6328,87.0,0.4263,78.0,0.4863,63.0,,,0.4327,49.0,0.3474,30.0,0.3021,28.0,0.6026,92.0,,,0.5125,77.0
2012-06-06,0.6371,87.0,0.4152,76.0,0.4211,45.0,,,0.5033,66.0,0.3525,31.0,0.3017,28.0,0.5093,78.0,,,0.5855,90.0
2012-06-05,0.5806,84.0,0.3762,69.0,0.4062,40.0,,,0.5106,68.0,0.3488,30.0,0.3007,27.0,0.4722,67.0,,,0.6234,93.0
2012-06-04,0.5015,78.0,0.3684,68.0,0.4506,54.0,,,0.5053,66.0,0.3452,30.0,0.2989,25.0,0.5183,80.0,,,0.6027,91.0
2012-06-01,0.4745,75.0,0.3538,65.0,0.5084,68.0,,,0.4201,45.0,0.3449,30.0,0.2982,25.0,0.6953,98.0,,,0.5184,78.0
2012-05-31,0.2016,19.0,0.2879,45.0,0.4417,51.0,,,0.4398,51.0,0.3293,24.0,0.2957,23.0,0.5085,78.0,,,0.5168,78.0
2012-05-30,0.2574,33.0,0.2896,45.0,0.4671,57.0,,,0.4227,46.0,0.3293,24.0,0.2961,24.0,0.5175,80.0,,,0.5121,77.0
2012-05-29,0.249,31.0,0.3051,50.0,0.4255,47.0,,,0.4888,63.0,0.3513,30.0,0.3006,26.0,0.5127,79.0,,,0.5228,79.0
2012-05-25,0.2824,39.0,0.3183,55.0,0.434,49.0,,,0.4453,52.0,0.3514,30.0,0.3006,26.0,0.5137,79.0,,,0.5044,75.0
2012-05-24,0.287,40.0,0.3303,57.0,0.4051,39.0,,,0.4812,61.0,0.3612,33.0,0.302,28.0,0.4779,69.0,,,0.533,81.0
2012-05-23,0.2894,41.0,0.3019,49.0,0.4118,42.0,,,0.5007,66.0,0.3645,34.0,0.3017,28.0,0.4235,52.0,,,0.6782,96.0
2012-05-22,0.2695,36.0,0.2824,43.0,0.4236,46.0,,,0.4429,52.0,0.3661,34.0,0.3008,27.0,0.4386,57.0,,,0.6082,92.0
2012-05-21,0.2737,37.0,0.2736,39.0,0.4246,46.0,,,0.4744,60.0,0.3657,34.0,0.3007,27.0,0.7842,100.0,,,0.6224,93.0
2012-05-18,0.2585,34.0,0.2698,38.0,0.3751,31.0,,,0.3266,15.0,0.3649,34.0,0.301,27.0,0.6494,95.0,,,0.5771,89.0
2012-05-17,0.2525,32.0,0.2578,33.0,0.3891,35.0,,,0.5876,81.0,0.3638,34.0,0.3005,26.0,0.3891,37.0,,,0.5876,90.0
2012-05-16,0.1913,17.0,0.2273,19.0,0.4532,54.0,,,0.3924,35.0,0.3625,33.0,0.3,26.0,0.6031,92.0,,,0.3924,37.0
2012-05-15,0.1667,11.0,0.2163,15.0,0.5262,71.0,,,0.407,40.0,0.3646,34.0,0.3008,27.0,0.591,91.0,,,0.407,43.0
2012-05-14,0.2506,32.0,0.23,20.0,0.408,41.0,,,0.52,70.0,0.3652,34.0,0.3029,28.0,0.4132,48.0,,,0.4568,64.0
2012-05-11,0.2506,32.0,0.2423,26.0,0.3435,21.0,,,0.4289,48.0,0.3696,35.0,0.3042,30.0,0.3903,38.0,,,0.4289,54.0
2012-05-10,0.256,33.0,0.2507,30.0,0.3924,36.0,,,0.4206,45.0,0.3742,37.0,0.3049,31.0,0.4056,44.0,,,0.4206,50.0
2012-05-09,0.1892,16.0,0.246,28.0,0.4156,43.0,,,0.4168,44.0,0.375,37.0,0.306,32.0,0.4033,43.0,,,0.4168,48.0
2012-05-08,0.2001,19.0,0.26,34.0,0.383,33.0,,,0.441,51.0,0.3806,39.0,0.3067,33.0,0.5079,77.0,,,0.5054,75.0
2012-05-07,0.2139,23.0,0.2841,43.0,0.4195,45.0,,,0.4024,39.0,0.3805,39.0,0.3082,34.0,0.4195,51.0,,,0.4054,43.0
2012-05-04,0.2652,35.0,0.3269,57.0,0.4363,50.0,,,0.3875,34.0,0.382,40.0,0.3099,35.0,0.5114,79.0,,,0.5322,81.0
2012-05-03,0.1587,10.0,0.3343,59.0,0.4308,48.0,,,0.381,32.0,0.3794,39.0,0.3097,35.0,0.4397,59.0,,,0.4122,46.0
2012-05-02,0.1802,14.0,0.3391,61.0,0.3538,24.0,,,0.419,45.0,0.3792,39.0,0.3129,37.0,0.4109,47.0,,,0.4322,56.0
2012-05-01,0.3761,62.0,0.3466,63.0,0.4103,41.0,,,0.3618,26.0,0.3824,40.0,0.3134,38.0,0.4294,55.0,,,0.4292,54.0
2012-04-30,0.3818,63.0,0.3499,64.0,0.3925,36.0,,,0.4005,38.0,0.3866,42.0,0.3146,39.0,0.4136,48.0,,,0.4348,56.0
2012-04-27,0.4009,66.0,0.3467,63.0,0.3658,28.0,,,0.3644,27.0,0.3924,44.0,0.3145,39.0,0.428,54.0,,,0.414,47.0
2012-04-26,0.4006,66.0,0.3282,57.0,0.411,42.0,,,0.4133,43.0,0.3953,45.0,0.3158,40.0,0.4203,51.0,,,0.4649,66.0
2012-04-25,0.402,67.0,0.2972,48.0,0.4522,54.0,,,0.394,36.0,0.4277,51.0,0.3235,46.0,0.435,57.0,,,0.4187,49.0
2012-04-24,0.4052,67.0,0.2931,47.0,0.3795,32.0,,,0.4566,55.0,0.4314,52.0,0.3283,49.0,0.4274,54.0,,,0.4483,61.0
2012-04-23,0.3977,66.0,0.2849,44.0,0.3963,37.0,,,0.4281,47.0,0.4376,54.0,0.3301,49.0,0.4534,63.0,,,0.4495,62.0
2012-04-20,0.3007,45.0,0.2829,43.0,0.4355,49.0,,,0.4358,50.0,0.4344,52.0,0.3307,50.0,0.4686,67.0,,,0.4358,57.0
2012-04-19,0.3006,45.0,0.2635,35.0,0.4443,52.0,,,0.4196,45.0,0.4345,52.0,0.3311,50.0,0.4412,59.0,,,0.4361,57.0
2012-04-18,0.3616,59.0,0.2803,42.0,0.3971,37.0,,,0.4116,42.0,0.4345,52.0,0.3325,50.0,0.4342,57.0,,,0.4354,57.0
2012-04-17,0.3934,65.0,0.2839,43.0,0.4306,48.0,,,0.4146,43.0,0.4363,53.0,0.3342,51.0,0.4329,56.0,,,0.4227,51.0
2012-04-16,0.3629,60.0,0.2657,36.0,0.4024,39.0,,,0.3977,37.0,0.4377,54.0,0.3383,54.0,0.4087,46.0,,,0.4135,47.0
2012-04-13,0.3625,59.0,0.2492,28.0,0.4034,39.0,,,0.3995,38.0,0.4443,56.0,0.3395,54.0,0.4152,49.0,,,0.413,46.0
2012-04-12,0.3618,59.0,0.2557,32.0,0.3917,36.0,,,0.4335,49.0,0.4482,59.0,0.341,54.0,0.4178,50.0,,,0.4201,50.0
2012-04-11,0.323,51.0,0.2495,30.0,0.3877,34.0,,,0.4479,53.0,0.4473,57.0,0.3417,55.0,0.4036,43.0,,,0.4245,52.0
2012-04-10,0.2859,40.0,0.2522,31.0,0.4401,51.0,,,0.4232,46.0,0.4471,57.0,0.3425,55.0,0.4275,54.0,,,0.4457,60.0
2012-04-09,0.2796,39.0,0.2396,25.0,0.4259,47.0,,,0.428,47.0,0.4442,56.0,0.3419,55.0,0.4161,49.0,,,0.4194,49.0
2012-04-05,0.2502,32.0,0.2318,21.0,0.39,35.0,,,0.4104,42.0,0.4461,57.0,0.3423,55.0,0.4051,44.0,,,0.4154,48.0
2012-04-04,0.293,42.0,0.2493,30.0,0.381,32.0,,,0.4211,45.0,0.4464,57.0,0.3452,57.0,0.4063,45.0,,,0.4227,51.0
2012-04-03,0.3292,52.0,0.2582,33.0,0.4143,43.0,,,0.3592,25.0,0.4466,57.0,0.3475,57.0,0.4187,51.0,,,0.4095,45.0
2012-04-02,0.3032,45.0,0.2666,37.0,0.383,33.0,,,0.4139,43.0,0.445,57.0,0.3473,57.0,0.4121,47.0,,,0.4243,52.0
2012-03-30,0.3237,51.0,0.2468,28.0,0.3915,35.0,,,0.385,33.0,0.4624,63.0,0.3589,63.0,0.4147,48.0,,,0.4158,48.0
2012-03-29,0.3236,51.0,0.2501,30.0,0.4023,39.0,,,0.4063,40.0,0.4751,65.0,0.3663,65.0,0.3808,34.0,,,0.4551,63.0
2012-03-28,0.3721,61.0,0.2356,23.0,0.3855,33.0,,,0.4075,40.0,0.4787,67.0,0.3672,65.0,0.4193,51.0,,,0.4708,67.0
2012-03-27,0.3842,63.0,0.2529,31.0,0.4099,41.0,,,0.3978,37.0,0.4807,68.0,0.3695,65.0,0.4786,69.0,,,0.4391,57.0
2012-03-26,0.3293,53.0,0.2352,22.0,0.3846,33.0,,,0.4141,43.0,0.4821,68.0,0.3713,66.0,0.4133,48.0,,,0.4648,65.0
2012-03-23,0.2884,41.0,0.2229,18.0,0.4204,45.0,,,0.4157,44.0,0.4833,69.0,0.3732,66.0,0.4165,50.0,,,0.4255,52.0
2012-03-22,0.2808,39.0,0.2186,16.0,0.4031,39.0,,,0.4084,41.0,0.4822,68.0,0.3742,67.0,0.4992,75.0,,,0.4393,57.0
2012-03-21,0.3204,50.0,0.2384,24.0,0.4194,45.0,,,0.3887,34.0,0.4826,68.0,0.3775,67.0,0.4573,64.0,,,0.433,56.0
2012-03-20,0.3159,49.0,0.2476,28.0,0.4158,43.0,,,0.3947,36.0,0.4893,69.0,0.3816,68.0,0.4519,63.0,,,0.4292,54.0
2012-03-19,0.316,49.0,0.2772,41.0,0.3822,32.0,,,0.3657,27.0,0.489,69.0,0.3831,69.0,0.3822,35.0,,,0.461,65.0
2012-03-16,0.3443,56.0,0.2766,41.0,0.4042,39.0,,,0.4072,40.0,0.4899,69.0,0.3846,70.0,0.3993,42.0,,,0.4072,43.0
2012-03-15,0.3386,55.0,0.2792,42.0,0.3519,24.0,,,0.3604,25.0,0.4935,70.0,0.3857,70.0,0.3766,33.0,,,0.3604,26.0
2012-03-14,0.375,62.0,0.279,42.0,0.4158,43.0,,,0.3491,23.0,0.4935,70.0,0.3862,70.0,0.4038,43.0,,,0.3886,36.0
2012-03-13,0.2882,41.0,0.2678,37.0,0.3643,27.0,,,0.4351,49.0,0.4915,70.0,0.3859,70.0,0.3643,28.0,,,0.3985,39.0
2012-03-12,0.3314,53.0,0.2937,47.0,0.3889,34.0,,,0.4189,45.0,0.4908,70.0,0.3868,71.0,0.3991,42.0,,,0.4198,50.0
2012-03-09,0.3258,52.0,0.2875,45.0,0.3589,26.0,,,0.4169,44.0,0.4907,70.0,0.388,72.0,0.3928,39.0,,,0.4224,51.0
2012-03-08,0.2969,43.0,0.2776,41.0,0.3855,33.0,,,0.4177,44.0,0.4898,69.0,0.3883,72.0,0.3978,41.0,,,0.4278,53.0
2012-03-07,0.2297,27.0,0.2766,41.0,0.3865,34.0,,,0.435,49.0,0.5299,76.0,0.3937,74.0,0.4009,42.0,,,0.4189,49.0
2012-03-06,0.1916,17.0,0.29,45.0,0.437,50.0,,,0.4161,44.0,0.5297,76.0,0.3938,74.0,0.4262,53.0,,,0.4204,50.0
2012-03-05,0.1763,13.0,0.2859,44.0,0.3905,35.0,,,0.433,49.0,0.5316,77.0,0.3943,74.0,0.4089,46.0,,,0.4269,53.0
2012-03-02,0.2104,22.0,0.2894,45.0,0.3914,35.0,,,0.4011,39.0,0.5327,77.0,0.395,74.0,0.4043,44.0,,,0.4095,45.0
2012-03-01,0.1698,12.0,0.2621,35.0,0.4216,46.0,,,0.4086,41.0,0.534,77.0,0.3951,74.0,0.4108,47.0,,,0.3907,37.0
2012-02-29,0.138,7.0,0.2563,32.0,0.4432,52.0,,,0.3982,37.0,0.5361,78.0,0.3994,75.0,0.4184,51.0,,,0.4075,44.0
2012-02-28,0.1371,6.0,0.2328,22.0,0.378,31.0,,,0.4036,39.0,0.5367,78.0,0.4009,76.0,0.3996,42.0,,,0.4168,48.0
2012-02-27,0.1268,5.0,0.2134,14.0,0.4042,39.0,,,0.41,42.0,0.5366,78.0,0.4029,76.0,0.4098,46.0,,,0.4077,44.0
2012-02-24,0.1362,6.0,0.2058,12.0,0.3827,32.0,,,0.4008,38.0,0.5399,79.0,0.4044,76.0,0.3688,30.0,,,0.3881,36.0
2012-02-23,0.1517,8.0,0.2396,25.0,0.3795,32.0,,,0.4025,39.0,0.541,79.0,0.4072,77.0,0.3429,19.0,,,0.3944,38.0
2012-02-22,0.111,3.0,0.2461,28.0,0.3948,36.0,,,0.3719,28.0,0.5433,80.0,0.4092,78.0,0.4048,44.0,,,0.3675,28.0
2012-02-21,0.1813,15.0,0.2466,28.0,0.3845,33.0,,,0.4127,43.0,0.5434,80.0,0.4114,78.0,0.3826,35.0,,,0.3802,34.0
2012-02-17,0.2049,20.0,0.334,59.0,0.4305,48.0,,,0.4094,41.0,0.553,82.0,0.4178,79.0,0.4238,53.0,,,0.4094,45.0
2012-02-16,0.2147,23.0,0.3324,59.0,0.366,28.0,,,0.4251,47.0,0.5532,83.0,0.4184,79.0,0.4032,43.0,,,0.4251,52.0
2012-02-15,0.2145,23.0,0.3313,57.0,0.3758,31.0,,,0.4207,45.0,0.5531,82.0,0.4231,80.0,0.4013,43.0,,,0.4191,49.0
2012-02-14,0.25,32.0,0.3339,59.0,0.3796,32.0,,,0.4306,48.0,0.5628,85.0,0.4242,80.0,0.3919,39.0,,,0.4277,53.0
2012-02-13,0.3209,50.0,0.3191,55.0,0.4223,46.0,,,0.408,41.0,0.5626,85.0,0.4237,80.0,0.428,54.0,,,0.408,44.0
2012-02-10,0.3347,54.0,0.3348,60.0,0.3792,32.0,,,0.4268,47.0,0.5626,85.0,0.4252,80.0,0.4049,44.0,,,0.4196,49.0
2012-02-09,0.313,48.0,0.3491,64.0,0.3913,35.0,,,0.4078,41.0,0.5667,85.0,0.4263,80.0,0.4892,72.0,,,0.4153,47.0
2012-02-08,0.3118,48.0,0.2874,45.0,0.4984,65.0,,,0.4329,49.0,0.5665,85.0,0.4245,80.0,0.3959,40.0,,,0.4192,49.0
2012-02-07,0.3368,54.0,0.283,43.0,0.3715,28.0,,,0.4167,44.0,0.5723,86.0,0.429,81.0,0.403,43.0,,,0.4201,50.0
2012-02-06,0.3348,54.0,0.3023,49.0,0.4485,53.0,,,0.4279,47.0,0.5782,87.0,0.431,81.0,0.4145,48.0,,,0.4227,51.0
2012-02-03,0.2883,41.0,0.2979,48.0,0.441,51.0,,,0.3966,37.0,0.579,87.0,0.4407,83.0,0.416,49.0,,,0.4109,46.0
2012-02-02,0.228,26.0,0.2983,48.0,0.4848,62.0,,,0.383,33.0,0.599,90.0,0.4504,85.0,0.4211,52.0,,,0.4145,47.0
2012-02-01,0.2058,21.0,0.2754,40.0,0.4953,65.0,,,0.4,38.0,0.5992,90.0,0.4532,86.0,0.4268,54.0,,,0.4124,46.0
2012-01-31,0.1596,10.0,0.2699,38.0,0.4274,47.0,,,0.4198,45.0,0.6,90.0,0.4528,86.0,0.4064,45.0,,,0.4289,54.0
2012-01-30,0.2115,22.0,0.2599,34.0,0.4858,63.0,,,0.4134,43.0,0.6011,90.0,0.4564,87.0,0.4181,50.0,,,0.4224,51.0
2012-01-27,0.1731,13.0,0.2605,34.0,0.3722,30.0,,,0.4261,47.0,0.6054,91.0,0.459,87.0,0.377,33.0,,,0.4241,52.0
2012-01-26,0.2018,19.0,0.2615,34.0,0.4364,50.0,,,0.4084,41.0,0.6076,91.0,0.4612,88.0,0.4169,50.0,,,0.4023,41.0
2012-01-25,0.2025,20.0,0.2562,32.0,0.3691,28.0,,,0.4411,51.0,0.6078,91.0,0.462,88.0,0.3884,37.0,,,0.4182,49.0
2012-01-24,0.2028,20.0,0.2528,31.0,0.3861,33.0,,,0.3586,25.0,0.6214,93.0,0.4671,88.0,0.39,38.0,,,0.4041,42.0
2012-01-23,0.2025,20.0,0.2363,23.0,0.4258,47.0,,,0.4066,40.0,0.6238,93.0,0.4677,88.0,0.4084,45.0,,,0.4031,41.0
2012-01-20,0.2279,26.0,0.3021,49.0,0.3955,37.0,,,0.4863,62.0,0.624,93.0,0.467,88.0,0.3955,40.0,,,0.4317,55.0
2012-01-19,0.2738,37.0,0.3069,51.0,0.4282,48.0,,,0.4764,60.0,0.6238,93.0,0.4669,88.0,0.4092,46.0,,,0.4245,52.0
2012-01-18,0.2691,36.0,0.3104,52.0,0.3936,36.0,,,0.4851,62.0,0.6239,93.0,0.4669,88.0,0.3936,39.0,,,0.4375,57.0
2012-01-17,0.2902,41.0,0.298,48.0,0.4616,56.0,,,0.411,42.0,0.6305,93.0,0.4695,89.0,0.4156,49.0,,,0.4212,50.0
2012-01-13,0.2829,39.0,0.3313,57.0,0.4152,43.0,,,0.4734,59.0,0.6305,93.0,0.4693,88.0,0.3916,39.0,,,0.435,57.0
2012-01-12,0.2604,34.0,0.3382,61.0,0.4285,48.0,,,0.4652,57.0,0.6306,94.0,0.4691,88.0,0.3957,40.0,,,0.3976,39.0
2012-01-11,0.2722,37.0,0.3447,62.0,0.4336,49.0,,,0.4618,57.0,0.6308,94.0,0.4692,88.0,0.3937,39.0,,,0.4191,49.0
2012-01-10,0.2637,35.0,0.2647,36.0,0.4473,53.0,,,0.4865,63.0,0.6285,93.0,0.4666,88.0,0.4121,47.0,,,0.4205,50.0
2012-01-09,0.2243,25.0,0.2625,35.0,0.4412,51.0,,,0.4077,40.0,0.6269,93.0,0.4673,88.0,0.3914,39.0,,,0.4077,44.0
2012-01-06,0.3321,53.0,0.2761,41.0,0.4973,65.0,,,0.4215,46.0,0.6267,93.0,0.4674,88.0,0.4401,59.0,,,0.4196,49.0
2012-01-05,0.3258,52.0,0.2859,44.0,0.3669,28.0,,,0.4655,57.0,0.627,93.0,0.4678,88.0,0.4411,59.0,,,0.4314,55.0
2012-01-04,0.3349,54.0,0.2423,26.0,0.4552,55.0,,,0.4962,65.0,0.6282,93.0,0.4669,88.0,0.4227,52.0,,,0.4391,57.0
2012-01-03,0.3632,60.0,0.2453,28.0,0.4212,46.0,,,0.4623,57.0,0.6294,93.0,0.4668,88.0,0.4275,54.0,,,0.4323,56.0
2011-12-30,0.3155,49.0,0.2542,32.0,0.4009,38.0,,,0.4586,56.0,0.6285,93.0,0.4671,88.0,0.4789,69.0,,,0.4763,68.0
2011-12-29,0.5816,84.0,0.3196,55.0,0.4139,43.0,,,0.4545,55.0,0.629,93.0,0.4674,88.0,0.4824,70.0,,,0.4843,70.0
2011-12-28,0.6827,90.0,0.3992,74.0,0.4986,65.0,,,0.4712,59.0,0.6278,93.0,0.467,88.0,0.4408,59.0,,,0.5403,82.0
2011-12-27,0.6561,88.0,0.3978,74.0,0.4207,45.0,,,0.4328,49.0,0.6272,93.0,0.4667,88.0,0.3549,24.0,,,0.4328,56.0
2011-12-23,0.6588,89.0,0.3917,72.0,0.4281,48.0,,,0.355,24.0,0.6272,93.0,0.4662,88.0,0.3513,22.0,,,0.355,24.0
2011-12-22,0.7129,91.0,0.4047,75.0,0.3599,26.0,,,0.3696,28.0,0.6272,93.0,0.4666,88.0,0.3415,18.0,,,0.3696,30.0
2011-12-21,0.7291,91.0,0.4243,78.0,0.3494,23.0,,,0.3674,28.0,0.626,93.0,0.4662,88.0,0.3494,22.0,,,0.3674,28.0
2011-12-20,0.7496,92.0,0.4226,77.0,0.3225,15.0,,,0.4843,62.0,0.6263,93.0,0.4659,88.0,0.3438,19.0,,,0.404,42.0
2011-12-19,0.5781,84.0,0.4222,77.0,0.4942,64.0,,,0.3437,21.0,0.6143,92.0,0.4639,88.0,0.4942,73.0,,,0.3437,19.0
2011-12-16,0.5605,83.0,0.3566,65.0,0.4795,61.0,,,0.8954,99.0,0.611,92.0,0.4617,88.0,0.4795,69.0,,,0.8954,100.0
2011-12-15,0.514,79.0,0.3716,68.0,0.4894,63.0,,,0.4543,55.0,0.6096,92.0,0.4613,88.0,0.4894,72.0,,,0.5033,75.0
2011-12-13,0.4532,73.0,0.3838,71.0,0.5245,71.0,,,0.4684,57.0,0.6066,91.0,0.4612,88.0,0.5238,82.0,,,0.4684,66.0
2011-12-12,0.4771,76.0,0.383,70.0,0.4126,42.0,,,0.5186,69.0,0.6061,91.0,0.4598,87.0,0.4662,66.0,,,0.5316,80.0
2011-12-09,0.4503,73.0,0.3941,73.0,0.4366,50.0,,,0.4717,59.0,0.606,91.0,0.4603,88.0,0.4872,71.0,,,0.5128,77.0
2011-12-08,0.6567,89.0,0.4079,75.0,0.4934,64.0,,,0.3901,35.0,0.6028,91.0,0.4587,87.0,0.6223,94.0,,,0.4875,71.0
2011-12-07,0.5643,83.0,0.4003,74.0,0.419,45.0,,,0.4377,50.0,0.6005,90.0,0.4586,87.0,0.4689,67.0,,,0.5213,78.0
2011-12-06,0.609,86.0,0.3948,73.0,0.4506,54.0,,,0.4632,57.0,0.6008,90.0,0.4577,87.0,0.479,69.0,,,0.5012,74.0
2011-12-05,0.6964,90.0,0.4075,75.0,0.5031,66.0,,,0.4595,56.0,0.6027,91.0,0.4579,87.0,0.5031,76.0,,,0.4998,74.0
2011-12-02,0.743,92.0,0.3906,72.0,0.4458,52.0,,,0.4112,42.0,0.6024,90.0,0.4574,87.0,0.522,81.0,,,0.4774,69.0
2011-12-01,0.7508,92.0,0.3682,68.0,0.5416,74.0,,,0.4387,51.0,0.6007,90.0,0.4572,87.0,0.5416,86.0,,,0.4848,70.0
2011-11-29,0.4861,77.0,0.3021,49.0,0.5536,76.0,,,0.519,69.0,0.5862,89.0,0.4543,86.0,0.5083,78.0,,,0.5089,76.0
2011-11-28,0.4971,78.0,0.3093,52.0,0.4631,57.0,,,0.5431,74.0,0.5868,89.0,0.4548,87.0,0.492,73.0,,,0.5431,83.0
2011-11-25,0.1889,16.0,0.3104,52.0,0.5297,72.0,,,0.4145,43.0,0.5801,88.0,0.4538,86.0,0.5274,82.0,,,0.4577,64.0
2011-11-23,0.2584,34.0,0.3215,56.0,0.4624,57.0,,,0.4914,64.0,0.5807,88.0,0.4544,86.0,0.5294,83.0,,,0.4914,72.0
2011-11-22,0.2996,44.0,0.3408,61.0,0.4844,62.0,,,0.5064,67.0,0.5801,88.0,0.4548,87.0,0.5204,81.0,,,0.5064,75.0
2011-11-21,0.4557,73.0,0.3454,63.0,0.4605,56.0,,,0.5126,68.0,0.5799,88.0,0.4544,86.0,0.4995,75.0,,,0.5029,75.0
2011-11-15,0.5382,81.0,0.381,70.0,0.5157,69.0,,,0.6915,91.0,0.5812,88.0,0.4577,87.0,0.5157,80.0,,,0.5753,88.0
2011-11-14,0.5198,80.0,0.3566,65.0,0.5757,80.0,,,0.4336,49.0,0.5807,88.0,0.4579,87.0,0.5757,90.0,,,0.5456,84.0
2011-11-11,0.4784,76.0,0.3928,73.0,0.4414,51.0,,,0.681,91.0,0.5784,87.0,0.4584,87.0,0.5277,82.0,,,0.5843,89.0
2011-11-10,0.4561,74.0,0.3948,73.0,0.497,65.0,,,0.5896,82.0,0.5751,86.0,0.4579,87.0,0.531,83.0,,,0.5738,88.0
2011-11-09,0.4556,73.0,0.3936,73.0,0.6862,91.0,,,0.5299,71.0,0.574,86.0,0.4568,87.0,0.5817,91.0,,,0.5299,80.0
2011-11-08,0.4514,73.0,0.3913,72.0,0.4608,56.0,,,0.6093,84.0,0.5753,86.0,0.4582,87.0,0.5215,81.0,,,0.604,91.0
2011-11-07,0.4617,74.0,0.4051,75.0,0.5519,76.0,,,0.6531,89.0,0.5756,87.0,0.4574,87.0,0.5759,90.0,,,0.6412,94.0
2011-11-04,0.9126,96.0,0.5087,86.0,0.5942,82.0,,,0.538,73.0,0.5753,86.0,0.457,87.0,0.5991,92.0,,,0.6015,91.0
2011-11-03,0.9268,96.0,0.5675,91.0,0.5842,81.0,,,0.5923,82.0,0.5752,86.0,0.4569,87.0,0.5356,85.0,,,0.6106,92.0
2011-11-02,1.0092,97.0,0.5568,90.0,0.5876,81.0,,,0.6057,83.0,0.5784,87.0,0.4551,87.0,0.5574,88.0,,,0.5517,85.0
2011-11-01,1.0073,97.0,0.5642,90.0,0.5501,76.0,,,0.5831,80.0,0.5759,87.0,0.4544,86.0,0.5979,92.0,,,0.5476,84.0
2011-10-31,0.9627,97.0,0.5581,90.0,0.6407,87.0,,,0.5365,72.0,0.5741,86.0,0.4536,86.0,0.5425,86.0,,,0.4855,70.0
2011-10-28,0.9062,96.0,0.5719,91.0,0.5425,74.0,,,0.4387,51.0,0.5711,86.0,0.4568,87.0,0.5287,83.0,,,0.4715,67.0
2011-10-27,0.8909,96.0,0.5658,90.0,0.5353,73.0,,,0.4803,61.0,0.5719,86.0,0.4577,87.0,0.5275,82.0,,,0.4882,71.0
2011-10-26,0.5818,85.0,0.5127,87.0,0.7263,93.0,,,0.6201,85.0,0.5472,81.0,0.4514,86.0,0.5469,87.0,,,0.5508,85.0
2011-10-25,0.6018,86.0,0.4674,83.0,0.666,90.0,,,0.5418,73.0,0.544,80.0,0.4476,84.0,0.5728,90.0,,,0.5331,81.0
2011-10-24,0.6021,86.0,0.4594,82.0,0.5619,78.0,,,0.5841,81.0,0.5427,79.0,0.4476,84.0,0.5116,79.0,,,0.5738,88.0
2011-10-21,0.5694,84.0,0.4592,82.0,0.5876,81.0,,,0.5501,75.0,0.5557,83.0,0.4558,87.0,0.5611,89.0,,,0.5501,85.0
2011-10-20,0.5626,83.0,0.453,81.0,0.5961,82.0,,,0.5871,81.0,0.555,83.0,0.455,87.0,0.5537,88.0,,,0.5642,87.0
2011-10-19,0.5513,82.0,0.4366,80.0,0.6918,92.0,,,0.5394,73.0,0.5583,84.0,0.4552,87.0,0.5701,90.0,,,0.5594,86.0
2011-10-18,0.5644,83.0,0.4217,77.0,0.5839,81.0,,,0.6097,84.0,0.558,84.0,0.4544,86.0,0.5213,81.0,,,0.5247,79.0
2011-10-17,0.5519,82.0,0.3916,72.0,0.634,87.0,,,0.5504,75.0,0.5559,83.0,0.4513,86.0,0.5564,88.0,,,0.5504,85.0
2011-10-14,0.3937,65.0,0.3998,74.0,0.5285,72.0,,,0.5862,81.0,0.5532,83.0,0.4501,85.0,0.5139,79.0,,,0.5671,87.0
2011-10-13,0.3264,52.0,0.377,69.0,0.5373,73.0,,,0.5729,79.0,0.548,81.0,0.4503,85.0,0.5428,86.0,,,0.5387,82.0
2011-10-12,0.5734,84.0,0.5253,88.0,0.5937,82.0,,,0.5485,75.0,0.5488,81.0,0.4491,85.0,0.5631,89.0,,,0.5497,85.0
2011-10-11,0.8137,94.0,0.6021,93.0,0.5523,76.0,,,0.604,83.0,0.549,81.0,0.4492,85.0,0.5464,87.0,,,0.5711,88.0
2011-10-10,0.8664,95.0,0.6123,93.0,0.5679,79.0,,,0.7459,95.0,0.5493,82.0,0.4498,85.0,0.5347,84.0,,,0.5779,89.0
2011-10-07,0.8521,95.0,0.6301,94.0,0.6292,86.0,,,0.5833,80.0,0.5456,80.0,0.4502,85.0,0.5973,92.0,,,0.5609,86.0
2011-10-06,0.8866,96.0,0.6278,94.0,0.5015,66.0,,,0.7121,93.0,0.547,81.0,0.4486,85.0,0.5372,85.0,,,0.5819,89.0
2011-10-05,0.899,96.0,0.6276,94.0,0.5952,82.0,,,0.6866,91.0,0.5451,80.0,0.4467,84.0,0.5672,89.0,,,0.5695,88.0
2011-10-04,0.8994,96.0,0.6442,94.0,0.5911,81.0,,,0.7011,92.0,0.5464,81.0,0.4484,85.0,0.5501,87.0,,,0.6451,94.0
2011-10-03,0.6843,90.0,0.5509,89.0,0.6772,91.0,,,0.5998,83.0,0.5297,76.0,0.4394,83.0,0.6772,97.0,,,0.7491,99.0
2011-09-30,0.6123,86.0,0.5146,87.0,0.6495,88.0,,,0.5009,66.0,0.5207,75.0,0.4333,82.0,0.6036,92.0,,,0.5642,87.0
2011-09-29,0.5826,85.0,0.5175,87.0,0.4281,48.0,,,0.5977,82.0,0.5188,74.0,0.4324,82.0,0.4804,70.0,,,0.5916,90.0
2011-09-28,0.5678,84.0,0.5146,87.0,0.7038,92.0,,,0.5181,69.0,0.5161,74.0,0.4302,81.0,0.5625,89.0,,,0.5387,82.0
2011-09-27,0.573,84.0,0.4986,85.0,0.6185,85.0,,,0.5563,77.0,0.5144,74.0,0.429,81.0,0.5384,85.0,,,0.5374,82.0
2011-09-26,0.5109,79.0,0.474,84.0,0.5668,78.0,,,0.6777,91.0,0.5124,73.0,0.4273,81.0,0.6031,92.0,,,0.6573,95.0
2011-09-23,0.5076,79.0,0.4538,81.0,0.6039,83.0,,,0.6436,88.0,0.5131,73.0,0.4257,80.0,0.6329,95.0,,,0.6446,94.0
2011-09-22,0.475,76.0,0.4277,78.0,0.6881,91.0,,,0.5781,80.0,0.5119,73.0,0.4229,80.0,0.5985,92.0,,,0.5385,82.0
2011-09-21,0.3612,59.0,0.3855,71.0,0.6481,88.0,,,0.5264,71.0,0.5069,71.0,0.4193,80.0,0.7516,99.0,,,0.5884,90.0
2011-09-20,0.3421,55.0,0.3833,70.0,0.6116,84.0,,,0.5246,70.0,0.5073,71.0,0.4185,79.0,0.541,86.0,,,0.5129,77.0
2011-09-19,0.903,96.0,0.4493,81.0,0.6344,87.0,,,0.6151,85.0,0.5064,71.0,0.4166,79.0,0.5378,85.0,,,0.5077,76.0
2011-09-16,0.8952,96.0,0.4351,79.0,0.6197,85.0,,,0.5502,75.0,0.5037,71.0,0.4159,79.0,0.5899,91.0,,,0.5218,79.0
2011-09-15,0.9438,97.0,0.4362,79.0,0.5867,81.0,,,0.5581,77.0,0.5035,71.0,0.4155,79.0,0.5329,84.0,,,0.5436,83.0
2011-09-14,0.9333,97.0,0.4443,80.0,0.6333,86.0,,,0.5963,82.0,0.508,72.0,0.4157,79.0,0.5923,91.0,,,0.5425,83.0
2011-09-13,0.9237,96.0,0.4482,81.0,0.6172,85.0,,,0.589,81.0,0.5081,72.0,0.4156,79.0,0.5879,91.0,,,0.5385,82.0
2011-09-12,0.9179,96.0,0.4918,85.0,0.5419,74.0,,,0.6192,85.0,0.5081,72.0,0.4145,79.0,0.5579,88.0,,,0.5503,85.0
2011-09-09,0.8651,95.0,0.5032,86.0,0.6033,83.0,,,0.5234,70.0,0.5084,72.0,0.4132,78.0,0.4958,74.0,,,0.4797,69.0
2011-09-08,0.4051,67.0,0.454,82.0,0.5548,77.0,,,0.5734,79.0,0.4693,64.0,0.4079,77.0,0.5544,88.0,,,0.5172,78.0
2011-09-07,0.5206,80.0,0.4842,84.0,0.5452,75.0,,,0.657,89.0,0.4698,65.0,0.4085,77.0,0.5388,85.0,,,0.5369,82.0
2011-09-06,0.4837,76.0,0.5149,87.0,0.5431,74.0,,,0.6432,88.0,0.4664,64.0,0.4085,77.0,0.5506,87.0,,,0.5285,80.0
2011-09-02,0.511,79.0,0.5344,88.0,0.5486,76.0,,,0.4993,65.0,0.4709,65.0,0.4092,78.0,0.5453,87.0,,,0.486,71.0
2011-09-01,0.4858,77.0,0.5493,89.0,0.5703,79.0,,,0.5367,72.0,0.4689,64.0,0.4077,77.0,0.5015,76.0,,,0.5202,78.0
2011-08-31,0.5921,85.0,0.5755,91.0,0.5473,75.0,,,0.5503,75.0,0.4708,65.0,0.4063,77.0,0.515,79.0,,,0.4621,65.0
2011-08-30,0.5425,81.0,0.5556,90.0,0.6071,84.0,,,0.5492,75.0,0.4733,65.0,0.4061,77.0,0.4743,68.0,,,0.4815,69.0
2011-08-29,0.5445,82.0,0.585,91.0,0.5063,67.0,,,0.5675,78.0,0.4733,65.0,0.4038,76.0,0.4691,67.0,,,0.4842,70.0
2011-08-26,0.7323,92.0,0.5765,91.0,0.5331,73.0,,,0.6203,85.0,0.4724,65.0,0.4023,76.0,0.5061,77.0,,,0.529,80.0
2011-08-25,0.7149,91.0,0.5479,89.0,0.6101,84.0,,,0.5284,71.0,0.4727,65.0,0.4002,76.0,0.5225,81.0,,,0.5142,77.0
2011-08-24,0.6719,89.0,0.5456,89.0,0.5061,67.0,,,0.5974,82.0,0.4707,65.0,0.3986,75.0,0.4965,74.0,,,0.5168,78.0
2011-08-23,0.7436,92.0,0.5307,88.0,0.536,73.0,,,0.6241,86.0,0.4703,65.0,0.396,75.0,0.5041,76.0,,,0.5263,79.0
2011-08-22,0.5988,85.0,0.4605,82.0,0.5693,79.0,,,0.6371,87.0,0.4595,62.0,0.3899,73.0,0.5435,86.0,,,0.5461,84.0
2011-08-19,0.6966,90.0,0.5195,87.0,0.6404,87.0,,,0.6241,86.0,0.4596,63.0,0.3896,73.0,0.5378,85.0,,,0.5462,84.0
2011-08-18,0.794,93.0,0.4779,84.0,0.8175,97.0,,,0.5438,74.0,0.4635,64.0,0.3871,71.0,0.5436,86.0,,,0.5544,85.0
2011-08-17,0.6388,88.0,0.6031,93.0,0.5435,75.0,,,0.5667,78.0,0.4563,62.0,0.388,72.0,0.5285,83.0,,,0.534,81.0
2011-08-16,0.983,97.0,0.7178,97.0,0.6129,84.0,,,0.5629,77.0,0.4562,62.0,0.3876,71.0,0.5233,81.0,,,0.5214,78.0
2011-08-12,0.9015,96.0,0.7313,97.0,0.5476,75.0,,,0.8229,97.0,0.449,59.0,0.3839,69.0,0.5335,84.0,,,0.5776,89.0
2011-08-11,0.9287,96.0,0.7619,98.0,0.6389,87.0,,,0.8332,98.0,0.4493,59.0,0.3828,69.0,0.6216,94.0,,,0.6043,91.0
2011-08-10,0.7935,93.0,0.743,98.0,0.9097,99.0,,,0.5242,70.0,0.4407,55.0,0.378,67.0,0.5669,89.0,,,0.5841,89.0
2011-08-09,0.7748,93.0,0.7539,98.0,0.6352,87.0,,,0.7808,96.0,0.4343,52.0,0.3762,67.0,0.5307,83.0,,,0.539,82.0
2011-08-08,0.6568,89.0,0.6558,95.0,0.7967,96.0,,,0.4892,63.0,0.4517,60.0,0.3804,68.0,0.5336,84.0,,,0.542,83.0
2011-08-05,0.7771,93.0,0.5998,92.0,0.6017,83.0,,,0.6267,86.0,0.4259,51.0,0.3691,65.0,0.5235,81.0,,,0.5248,79.0
2011-08-04,0.7992,94.0,0.5595,90.0,0.5723,79.0,,,0.4966,65.0,0.4258,51.0,0.3646,65.0,0.5513,87.0,,,0.5851,90.0
2011-08-03,0.7865,93.0,0.5514,90.0,0.564,78.0,,,0.533,72.0,0.425,50.0,0.365,65.0,0.4701,67.0,,,0.4762,68.0
2011-08-02,0.7563,92.0,0.4894,85.0,0.6204,85.0,,,0.5807,80.0,0.4232,50.0,0.3598,63.0,0.4736,68.0,,,0.4719,67.0
2011-08-01,0.6993,90.0,0.4444,80.0,0.5464,75.0,,,0.5258,71.0,0.4188,50.0,0.358,62.0,0.4634,66.0,,,0.4739,68.0
2011-07-29,0.7792,93.0,0.453,81.0,0.528,71.0,,,0.5319,72.0,0.4166,50.0,0.356,61.0,0.4613,65.0,,,0.4604,64.0
2011-07-28,0.772,93.0,0.4317,79.0,0.5266,71.0,,,0.5342,72.0,0.4271,51.0,0.3592,63.0,0.4615,65.0,,,0.4629,65.0
2011-07-27,0.5302,80.0,0.3121,53.0,0.5804,80.0,,,0.5516,75.0,0.4058,47.0,0.3532,60.0,0.4745,68.0,,,0.471,67.0
2011-07-26,0.4759,76.0,0.285,44.0,0.5107,68.0,,,0.4626,57.0,0.4141,49.0,0.356,61.0,0.4707,67.0,,,0.4676,66.0
2011-07-25,0.4519,73.0,0.2907,46.0,0.4933,64.0,,,0.4199,45.0,0.4136,49.0,0.3561,61.0,0.4744,68.0,,,0.4627,65.0
2011-07-22,0.465,75.0,0.3168,54.0,0.4622,57.0,,,0.4095,41.0,0.4133,49.0,0.3566,62.0,0.4523,63.0,,,0.4571,64.0
2011-07-21,0.4559,73.0,0.3217,56.0,0.4253,47.0,,,0.44,51.0,0.4162,50.0,0.3592,63.0,0.4496,62.0,,,0.4723,68.0
2011-07-20,0.1662,11.0,0.2466,28.0,0.4446,52.0,,,0.4644,57.0,0.4043,46.0,0.3554,61.0,0.4744,68.0,,,0.4835,70.0
2011-07-19,0.2181,24.0,0.2647,36.0,0.4561,55.0,,,0.4495,54.0,0.4043,46.0,0.3562,61.0,0.4723,68.0,,,0.476,68.0
2011-07-18,0.2068,21.0,0.2769,41.0,0.4693,59.0,,,0.4367,50.0,0.4046,47.0,0.3575,62.0,0.495,74.0,,,0.4961,73.0
2011-07-15,0.3159,49.0,0.2889,45.0,0.3837,33.0,,,0.5189,69.0,0.4069,47.0,0.3594,63.0,0.4102,46.0,,,0.4089,44.0
2011-07-14,0.3533,57.0,0.2905,46.0,0.5007,66.0,,,0.4296,48.0,0.4086,48.0,0.3604,63.0,0.4441,60.0,,,0.4028,41.0
2011-07-13,0.3393,55.0,0.2529,31.0,0.4149,43.0,,,0.4375,50.0,0.4114,49.0,0.3606,64.0,0.4022,43.0,,,0.411,46.0
2011-07-12,0.3689,61.0,0.2567,33.0,0.4322,49.0,,,0.4681,57.0,0.4113,49.0,0.3602,63.0,0.3994,42.0,,,0.4053,43.0
2011-07-11,0.3598,59.0,0.2355,23.0,0.4713,59.0,,,0.4508,54.0,0.4122,49.0,0.3601,63.0,0.4403,59.0,,,0.4587,64.0
2011-07-08,0.2978,44.0,0.2292,20.0,0.4271,47.0,,,0.4742,60.0,0.4109,49.0,0.3598,63.0,0.4251,53.0,,,0.4282,54.0
2011-07-07,0.1799,14.0,0.2238,18.0,0.4429,52.0,,,0.4215,46.0,0.4088,48.0,0.3598,63.0,0.5395,85.0,,,0.5819,89.0
2011-07-06,0.195,18.0,0.2099,13.0,0.4277,47.0,,,0.446,53.0,0.4097,48.0,0.3614,64.0,0.409,46.0,,,0.4426,59.0
2011-07-05,0.1871,16.0,0.2083,13.0,0.5474,75.0,,,0.4742,60.0,0.4088,48.0,0.3609,64.0,0.6171,93.0,,,0.6479,94.0
2011-07-01,0.2065,21.0,0.2682,38.0,0.4259,47.0,,,0.4768,60.0,0.4089,48.0,0.3609,64.0,0.4073,45.0,,,0.4293,54.0
2011-06-30,0.1886,16.0,0.262,35.0,0.4004,38.0,,,0.438,50.0,0.4098,48.0,0.3648,65.0,0.4386,57.0,,,0.4353,57.0
2011-06-29,0.1956,18.0,0.2758,40.0,0.4397,51.0,,,0.4592,56.0,0.4113,49.0,0.3655,65.0,0.428,54.0,,,0.4309,55.0
2011-06-28,0.1987,19.0,0.275,40.0,0.5145,69.0,,,0.4357,50.0,0.4113,49.0,0.3655,65.0,0.6477,95.0,,,0.6836,96.0
2011-06-27,0.1987,19.0,0.2744,40.0,0.411,42.0,,,0.4477,53.0,0.4116,49.0,0.3653,65.0,0.442,59.0,,,0.4391,57.0
2011-06-24,0.2057,21.0,0.2948,47.0,0.3867,34.0,,,0.451,54.0,0.4113,49.0,0.3652,65.0,0.4252,53.0,,,0.4368,57.0
2011-06-23,0.1795,14.0,0.3059,51.0,0.4403,51.0,,,0.4511,54.0,0.4115,49.0,0.3655,65.0,0.4097,46.0,,,0.4523,62.0
2011-06-22,0.1902,17.0,0.2767,41.0,0.4249,46.0,,,0.4378,50.0,0.4108,49.0,0.3634,65.0,0.4342,57.0,,,0.4294,54.0
2011-06-21,0.1115,3.0,0.2821,43.0,0.3281,17.0,,,0.4564,55.0,0.4104,49.0,0.3632,64.0,0.4166,50.0,,,0.4309,55.0
2011-06-20,0.292,42.0,0.2879,45.0,0.3943,36.0,,,0.4482,53.0,0.4111,49.0,0.3632,64.0,0.4232,52.0,,,0.4469,61.0
2011-06-17,0.2933,42.0,0.2925,46.0,0.4254,47.0,,,0.471,59.0,0.4115,49.0,0.3629,64.0,0.4052,44.0,,,0.4327,56.0
2011-06-16,0.3038,45.0,0.3215,56.0,0.4309,48.0,,,0.4847,62.0,0.4111,49.0,0.3631,64.0,0.3887,37.0,,,0.4483,61.0
2011-06-15,0.2795,38.0,0.315,54.0,0.3956,37.0,,,0.4547,55.0,0.4105,49.0,0.3626,64.0,0.4344,57.0,,,0.4367,57.0
2011-06-14,0.2792,38.0,0.3086,52.0,0.3909,35.0,,,0.4568,55.0,0.4104,49.0,0.362,64.0,0.4143,48.0,,,0.4233,51.0
2011-06-13,0.2711,37.0,0.3138,53.0,0.4382,50.0,,,0.4324,49.0,0.4094,48.0,0.3623,64.0,0.4467,61.0,,,0.6769,95.0
2011-06-10,0.2537,32.0,0.3034,50.0,0.4712,59.0,,,0.4099,42.0,0.4088,48.0,0.3619,64.0,0.4509,63.0,,,0.4274,53.0
2011-06-09,0.2861,40.0,0.3304,57.0,0.4536,55.0,,,0.4439,52.0,0.4068,47.0,0.3613,64.0,0.4438,60.0,,,0.4392,57.0
2011-06-08,0.2725,37.0,0.3327,59.0,0.4555,55.0,,,0.4209,45.0,0.4063,47.0,0.3606,64.0,0.4355,57.0,,,0.4103,45.0
2011-06-07,0.2825,39.0,0.3012,49.0,0.4658,57.0,,,0.3963,37.0,0.4064,47.0,0.3597,63.0,0.4434,60.0,,,0.4179,49.0
2011-06-06,0.3589,59.0,0.3303,57.0,0.4431,52.0,,,0.4284,48.0,0.4067,47.0,0.3589,63.0,0.4304,55.0,,,0.4081,44.0
2011-06-03,0.4122,68.0,0.3688,68.0,0.4776,61.0,,,0.3964,37.0,0.4101,48.0,0.3591,63.0,0.4292,55.0,,,0.3972,39.0
2011-06-02,0.3766,62.0,0.3594,66.0,0.4124,42.0,,,0.4548,55.0,0.4099,48.0,0.3585,62.0,0.4072,45.0,,,0.4164,48.0
2011-06-01,0.3915,65.0,0.4002,74.0,0.3823,32.0,,,0.4478,53.0,0.4097,48.0,0.3586,63.0,0.4152,49.0,,,0.4215,51.0
2011-05-31,0.2655,35.0,0.4005,74.0,0.457,56.0,,,0.4344,49.0,0.4074,48.0,0.3577,62.0,0.4715,67.0,,,0.4739,68.0
2011-05-27,0.2938,42.0,0.418,77.0,0.4148,43.0,,,0.4504,54.0,0.421,50.0,0.3597,63.0,0.4554,64.0,,,0.4821,70.0
2011-05-26,0.2937,42.0,0.4201,77.0,0.3889,34.0,,,0.4951,64.0,0.421,50.0,0.3604,63.0,0.4599,65.0,,,0.4395,57.0
2011-05-25,0.242,28.0,0.3898,72.0,0.4629,57.0,,,0.4671,57.0,0.4186,50.0,0.3585,62.0,0.457,64.0,,,0.4785,69.0
2011-05-24,0.3415,55.0,0.3889,72.0,0.4658,57.0,,,0.413,43.0,0.4164,50.0,0.3556,61.0,0.4548,64.0,,,0.4563,64.0
2011-05-23,0.3579,57.0,0.3868,71.0,0.4576,56.0,,,0.4616,57.0,0.4245,50.0,0.3574,62.0,0.4326,56.0,,,0.4369,57.0
2011-05-20,0.3836,63.0,0.3667,67.0,0.3765,31.0,,,0.4971,65.0,0.4246,50.0,0.3561,61.0,0.4375,57.0,,,0.4786,69.0
2011-05-19,0.3872,64.0,0.3317,57.0,0.4919,64.0,,,0.4383,50.0,0.4246,50.0,0.3539,60.0,0.4362,57.0,,,0.4074,44.0
2011-05-18,0.4753,76.0,0.3181,55.0,0.5011,66.0,,,0.5984,82.0,0.4243,50.0,0.3523,60.0,0.6079,93.0,,,0.5984,91.0
2011-05-17,0.4754,76.0,0.3156,54.0,0.383,33.0,,,0.5833,80.0,0.4249,50.0,0.3521,60.0,0.4768,69.0,,,0.5395,82.0
2011-05-16,0.4887,77.0,0.3213,56.0,0.6109,84.0,,,0.5743,79.0,0.4247,50.0,0.3519,60.0,0.6109,93.0,,,0.5743,88.0
2011-05-12,0.4214,69.0,0.4104,76.0,0.5951,82.0,,,0.4124,43.0,0.4206,50.0,0.3507,59.0,0.5951,92.0,,,0.4124,46.0
2011-05-11,0.4408,72.0,0.4101,76.0,0.4381,50.0,,,0.6024,83.0,0.4215,50.0,0.3501,59.0,0.4381,57.0,,,0.6024,91.0
2011-05-10,0.4391,71.0,0.417,77.0,0.5684,79.0,,,0.6103,84.0,0.4212,50.0,0.3505,59.0,0.5684,89.0,,,0.567,87.0
2011-04-19,0.2638,35.0,0.3243,57.0,0.5485,75.0,,,0.4879,63.0,0.4126,49.0,0.3356,52.0,0.5485,87.0,,,0.4879,71.0
2011-04-11,0.283,40.0,0.2969,48.0,1.5944,100.0,,,0.6322,87.0,0.4138,49.0,0.3352,52.0,0.6103,93.0,,,0.5823,89.0
2011-04-08,0.3187,50.0,0.305,50.0,0.4746,60.0,,,0.5239,70.0,0.4162,50.0,0.3372,53.0,0.4997,75.0,,,0.4492,62.0
2011-04-06,0.136,6.0,0.224,18.0,0.4494,53.0,,,0.6587,89.0,0.4135,49.0,0.3347,52.0,0.5326,84.0,,,0.5253,79.0
2011-04-05,0.1924,17.0,0.232,21.0,0.4301,48.0,,,0.6141,85.0,0.4175,50.0,0.338,53.0,0.5638,89.0,,,0.517,78.0
2011-04-04,0.2095,22.0,0.2405,25.0,0.4521,54.0,,,0.8939,99.0,0.4171,50.0,0.3377,53.0,0.5373,85.0,,,0.3896,36.0
2011-03-30,0.206,21.0,0.2213,17.0,0.4303,48.0,,,0.5994,83.0,0.4338,52.0,0.3441,56.0,0.566,89.0,,,0.5777,89.0
2011-03-29,0.3054,46.0,0.2388,25.0,0.4965,65.0,,,0.5677,78.0,0.433,52.0,0.3443,56.0,0.5166,80.0,,,0.5079,76.0
2011-03-25,0.3136,48.0,0.2778,41.0,0.57,79.0,,,0.5192,69.0,0.4331,52.0,0.3477,57.0,0.57,90.0,,,0.5192,78.0
2011-03-23,0.4103,68.0,0.2743,40.0,0.5584,77.0,,,0.3987,38.0,0.4332,52.0,0.3493,59.0,0.5584,88.0,,,0.6384,93.0
2011-03-21,0.4182,69.0,0.2966,48.0,0.7436,94.0,,,0.5508,75.0,0.442,55.0,0.3514,59.0,0.7436,99.0,,,0.5349,81.0
2011-03-09,0.4976,78.0,0.366,67.0,0.6541,89.0,,,0.6098,84.0,0.4334,52.0,0.3541,60.0,0.6083,93.0,,,0.6098,92.0
2011-03-08,0.4923,77.0,0.3673,67.0,0.431,48.0,,,0.8686,98.0,0.4333,52.0,0.3546,60.0,0.5532,88.0,,,0.8686,100.0
2011-03-07,0.4511,73.0,0.316,54.0,0.6808,91.0,,,0.4608,56.0,0.4307,51.0,0.354,60.0,0.6905,97.0,,,0.4608,65.0
2011-03-03,0.4666,75.0,0.328,57.0,0.4043,39.0,,,0.5875,81.0,0.4329,52.0,0.3551,61.0,0.5721,90.0,,,0.5875,90.0
2011-03-02,0.4816,76.0,0.3626,67.0,0.4436,52.0,,,0.6045,83.0,0.4862,69.0,0.3796,68.0,0.4891,72.0,,,0.5169,78.0
2011-02-22,0.2946,43.0,0.2843,43.0,0.552,76.0,,,0.4349,49.0,0.4933,70.0,0.3843,69.0,0.5318,84.0,,,0.4557,64.0
2011-02-18,0.6036,86.0,0.5103,86.0,0.406,40.0,,,0.4086,41.0,0.4891,69.0,0.3829,69.0,0.4736,68.0,,,0.4857,71.0
2011-02-17,0.6011,86.0,0.5171,87.0,0.7031,92.0,,,0.3744,30.0,0.4892,69.0,0.3844,69.0,0.4831,70.0,,,0.4867,71.0
2011-02-16,0.6235,87.0,0.5227,87.0,0.4317,49.0,,,0.464,57.0,0.4894,69.0,0.3866,71.0,0.4647,66.0,,,0.4925,72.0
2011-02-15,0.6426,88.0,0.5334,88.0,0.6723,90.0,,,0.4375,50.0,0.4893,69.0,0.3872,71.0,0.5041,76.0,,,0.4679,66.0
2011-02-14,0.6457,88.0,0.527,88.0,0.4451,52.0,,,0.4595,56.0,0.4999,70.0,0.3907,73.0,0.4837,70.0,,,0.4468,61.0
2011-02-11,0.6702,89.0,0.5401,89.0,0.3926,36.0,,,0.473,59.0,0.5001,70.0,0.3907,73.0,0.4484,62.0,,,0.4969,73.0
2011-02-10,0.6695,89.0,0.5541,90.0,0.4051,39.0,,,0.5885,81.0,0.5014,71.0,0.3911,73.0,0.4387,57.0,,,0.5176,78.0
2011-02-09,0.4254,70.0,0.3903,72.0,0.4501,54.0,,,0.4527,55.0,0.4798,68.0,0.376,67.0,0.4363,57.0,,,0.4741,68.0
2011-02-07,0.657,89.0,0.4513,81.0,0.462,57.0,,,0.6683,90.0,0.4802,68.0,0.3782,67.0,0.462,65.0,,,0.6683,95.0
2011-01-28,0.4977,78.0,0.3893,72.0,1.1891,100.0,,,0.3624,26.0,0.502,71.0,0.3817,68.0,0.6175,94.0,,,0.3624,27.0
2011-01-24,0.3766,62.0,0.3404,61.0,0.5974,82.0,,,0.5348,72.0,0.4901,69.0,0.3829,69.0,0.5974,92.0,,,0.5348,81.0
2011-01-21,0.3956,66.0,0.3476,63.0,0.5245,71.0,,,0.9153,99.0,0.4946,70.0,0.3862,70.0,0.5245,82.0,,,0.4577,64.0
2011-01-19,0.3651,60.0,0.3258,57.0,0.5911,81.0,,,0.4954,65.0,0.4957,70.0,0.387,71.0,0.5911,91.0,,,0.4954,73.0
2011-01-14,0.3504,57.0,0.3011,49.0,0.4258,47.0,,,0.5345,72.0,0.5386,78.0,0.3972,75.0,0.4258,53.0,,,0.5345,81.0
2011-01-04,0.2753,38.0,0.3222,56.0,0.589,81.0,,,0.4413,51.0,0.5477,81.0,0.4047,76.0,0.589,91.0,,,0.4413,57.0
2010-12-31,0.157,9.0,0.2135,14.0,0.4745,60.0,,,0.446,53.0,0.5484,81.0,0.4051,76.0,0.5407,86.0,,,0.5409,83.0
2010-12-30,0.1998,19.0,0.2036,11.0,0.5484,75.0,,,0.6023,83.0,0.5608,85.0,0.4109,78.0,0.5484,87.0,,,0.4718,67.0
2010-12-29,0.1816,15.0,0.2146,15.0,0.485,62.0,,,0.4884,63.0,0.5616,85.0,0.4147,79.0,0.485,71.0,,,0.4884,71.0
2010-12-28,0.2093,22.0,0.23,20.0,0.5572,77.0,,,0.5178,69.0,0.5657,85.0,0.4179,79.0,0.5572,88.0,,,0.5178,78.0
2010-12-23,0.2048,20.0,0.2485,28.0,0.4438,52.0,,,0.5038,66.0,0.5692,86.0,0.424,80.0,0.4981,74.0,,,0.4799,69.0
2010-12-22,0.2056,20.0,0.2493,30.0,0.5558,77.0,,,0.4745,60.0,0.5782,87.0,0.4263,80.0,0.5597,88.0,,,0.469,67.0
2010-12-21,0.1783,14.0,0.2416,26.0,0.4924,64.0,,,0.634,87.0,0.5771,87.0,0.4264,81.0,0.4924,73.0,,,0.5441,83.0
2010-12-20,0.1561,9.0,0.2378,24.0,0.5341,73.0,,,0.4102,42.0,0.578,87.0,0.4281,81.0,0.5341,84.0,,,0.5329,81.0
2010-12-17,0.1603,10.0,0.244,27.0,0.3889,34.0,,,0.4424,52.0,0.5783,87.0,0.4285,81.0,0.3889,37.0,,,0.4424,59.0
2010-12-15,0.2697,36.0,0.2424,26.0,0.7059,92.0,,,0.5107,68.0,0.5788,87.0,0.4294,81.0,0.5491,87.0,,,0.5681,87.0
2010-12-14,0.2646,35.0,0.2242,18.0,0.5065,67.0,,,0.5551,76.0,0.5784,87.0,0.429,81.0,0.5395,85.0,,,0.5812,89.0
2010-12-13,0.2634,35.0,0.2259,19.0,0.5159,69.0,,,0.7386,94.0,0.5783,87.0,0.4295,81.0,0.5327,84.0,,,0.5662,87.0
2010-12-10,0.2435,30.0,0.253,31.0,0.4759,60.0,,,0.4949,64.0,0.5779,87.0,0.4295,81.0,0.508,77.0,,,0.4997,74.0
2010-12-09,0.4396,72.0,0.3144,54.0,0.6056,83.0,,,0.4677,57.0,0.5808,88.0,0.4309,81.0,0.5513,87.0,,,0.505,75.0
2010-12-08,0.4338,71.0,0.3155,54.0,0.479,61.0,,,0.5829,80.0,0.5806,88.0,0.4309,81.0,0.5014,76.0,,,0.5569,86.0
2010-12-06,0.4874,77.0,0.3027,50.0,0.4591,56.0,,,0.7323,94.0,0.5802,88.0,0.4332,82.0,0.5011,75.0,,,0.5564,86.0
2010-12-02,0.5804,84.0,0.3571,66.0,0.6559,89.0,,,0.7039,92.0,0.581,88.0,0.4347,82.0,0.5001,75.0,,,0.5448,83.0
2010-12-01,0.5853,85.0,0.3352,60.0,0.4903,64.0,,,0.6532,89.0,0.5814,88.0,0.4375,82.0,0.4903,72.0,,,0.4569,64.0
2010-11-30,0.3969,66.0,0.2852,44.0,0.5399,74.0,,,0.5783,80.0,0.5752,86.0,0.4372,82.0,0.685,97.0,,,0.5783,89.0
2010-11-29,0.3988,66.0,0.2685,38.0,0.4621,57.0,,,0.5046,66.0,0.5852,88.0,0.4387,83.0,0.5397,86.0,,,0.538,82.0
2010-11-26,0.3941,65.0,0.264,36.0,0.5353,73.0,,,0.5019,66.0,0.585,88.0,0.4391,83.0,0.4684,67.0,,,0.5019,74.0
2010-11-24,0.4544,73.0,0.3029,50.0,0.3172,14.0,,,0.4523,54.0,0.5862,89.0,0.4405,83.0,0.4312,55.0,,,0.4523,62.0
2010-11-23,0.2562,33.0,0.2568,33.0,0.4671,57.0,,,0.5957,82.0,0.5842,88.0,0.4397,83.0,0.5624,89.0,,,0.5847,90.0
2010-11-22,0.2863,40.0,0.2435,27.0,0.5161,69.0,,,0.7014,92.0,0.5846,88.0,0.4398,83.0,0.5161,80.0,,,0.7014,97.0
2010-11-19,0.2831,40.0,0.2602,34.0,0.438,50.0,,,0.5515,75.0,0.5846,88.0,0.4408,83.0,0.5295,83.0,,,0.5068,75.0
2010-11-18,0.419,69.0,0.2913,46.0,0.5178,69.0,,,0.551,75.0,0.5853,88.0,0.4431,83.0,0.5178,80.0,,,0.551,85.0
2010-11-17,0.4001,66.0,0.2967,48.0,0.9718,99.0,,,0.492,64.0,0.5859,89.0,0.444,84.0,0.5605,89.0,,,0.492,72.0
2010-11-16,0.4049,67.0,0.3065,51.0,0.675,90.0,,,0.559,77.0,0.5874,89.0,0.4445,84.0,0.675,97.0,,,0.559,86.0
2010-11-12,0.5086,79.0,0.3292,57.0,0.9586,99.0,,,0.6069,84.0,0.5979,90.0,0.4479,85.0,0.6415,95.0,,,0.6069,92.0
2010-11-11,0.4512,73.0,0.3582,66.0,0.4175,44.0,,,0.6392,88.0,0.5974,90.0,0.4491,85.0,0.5086,78.0,,,0.6392,93.0
2010-11-10,0.391,65.0,0.3601,66.0,0.5894,81.0,,,0.5714,78.0,0.5991,90.0,0.4506,85.0,0.5894,91.0,,,0.5714,88.0
2010-11-08,0.5596,83.0,0.3646,67.0,0.5186,70.0,,,0.6283,86.0,0.5989,90.0,0.454,86.0,0.5403,86.0,,,0.6283,93.0
2010-11-05,0.6249,87.0,0.3843,71.0,0.7553,95.0,,,0.6118,84.0,0.5988,90.0,0.4539,86.0,0.6241,94.0,,,0.6118,92.0
2010-10-26,0.3457,56.0,0.3185,55.0,0.5674,78.0,,,0.5852,81.0,0.6093,92.0,0.4756,89.0,0.5674,89.0,,,0.5693,88.0
2010-10-21,0.3883,64.0,0.3518,64.0,0.5407,74.0,,,0.4822,62.0,0.611,92.0,0.4763,90.0,0.7437,99.0,,,0.7372,98.0
2010-10-20,0.3867,64.0,0.3255,57.0,0.6089,84.0,,,0.6116,84.0,0.6131,92.0,0.4761,90.0,0.6426,95.0,,,0.6557,94.0
2010-10-19,0.3848,64.0,0.3301,57.0,0.6815,91.0,,,0.5275,71.0,0.6124,92.0,0.4759,89.0,0.6053,93.0,,,0.5666,87.0
2010-10-14,0.3521,57.0,0.3518,64.0,0.5996,83.0,,,0.7484,95.0,0.6141,92.0,0.4777,90.0,0.5971,92.0,,,0.6016,91.0
2010-10-13,0.481,76.0,0.401,74.0,0.5612,78.0,,,0.8224,97.0,0.6202,93.0,0.4801,90.0,0.5963,92.0,,,0.6621,95.0
2010-10-12,0.6337,87.0,0.4203,77.0,0.6524,88.0,,,0.679,91.0,0.6183,92.0,0.4794,90.0,0.6056,93.0,,,0.6233,93.0
2010-10-11,0.6294,87.0,0.414,76.0,0.8478,98.0,,,0.5871,81.0,0.6211,93.0,0.4811,90.0,0.6324,95.0,,,0.5967,91.0
2010-10-08,0.6149,86.0,0.4472,81.0,0.5134,69.0,,,0.7493,95.0,0.6205,93.0,0.4809,90.0,0.5309,83.0,,,0.6254,93.0
2010-10-07,0.5706,84.0,0.4133,76.0,0.6958,92.0,,,0.6751,90.0,0.6204,93.0,0.4795,90.0,0.6417,95.0,,,0.6132,92.0
2010-10-06,0.5909,85.0,0.4398,80.0,0.6,83.0,,,0.7048,92.0,0.6207,93.0,0.4795,90.0,0.5443,86.0,,,0.6036,91.0
2010-10-05,0.5931,85.0,0.4387,80.0,0.571,79.0,,,0.7531,95.0,0.6207,93.0,0.4792,90.0,0.5011,75.0,,,0.6334,93.0
2010-10-04,0.5402,81.0,0.3944,73.0,0.842,98.0,,,0.5307,71.0,0.6133,92.0,0.4767,90.0,0.6785,97.0,,,0.5482,84.0
2010-10-01,0.437,71.0,0.3717,68.0,0.6355,87.0,,,0.6204,85.0,0.609,92.0,0.4745,89.0,0.587,91.0,,,0.5802,89.0
2010-09-30,0.478,76.0,0.4043,75.0,0.7471,94.0,,,0.6021,83.0,0.6089,91.0,0.4746,89.0,0.6208,94.0,,,0.5859,90.0
2010-09-29,0.4889,77.0,0.3686,68.0,0.583,80.0,,,0.6486,88.0,0.6101,92.0,0.4731,89.0,0.6145,93.0,,,0.5915,90.0
2010-09-28,0.518,79.0,0.4034,75.0,0.4504,54.0,,,0.8434,98.0,0.6102,92.0,0.4727,89.0,0.4998,75.0,,,0.6412,94.0
2010-09-27,0.493,77.0,0.383,70.0,0.5833,80.0,,,0.6834,91.0,0.6089,91.0,0.471,89.0,0.5734,90.0,,,0.5981,91.0
2010-09-24,0.5213,80.0,0.3905,72.0,0.5817,80.0,,,0.6891,91.0,0.6089,91.0,0.4717,89.0,0.5121,79.0,,,0.6067,92.0
2010-09-23,0.3841,63.0,0.4005,74.0,0.8504,98.0,,,0.6536,89.0,0.6041,91.0,0.4732,89.0,0.6307,94.0,,,0.5597,86.0
2010-09-22,0.3478,57.0,0.3757,69.0,0.6439,87.0,,,0.5575,77.0,0.6027,91.0,0.4721,89.0,0.6234,94.0,,,0.5768,88.0
2010-09-21,0.3537,57.0,0.3426,62.0,0.7974,96.0,,,0.5027,66.0,0.6025,90.0,0.4718,89.0,0.5857,91.0,,,0.5649,87.0
2010-09-20,0.3249,51.0,0.3435,62.0,0.4728,60.0,,,0.6918,91.0,0.6023,90.0,0.4729,89.0,0.5303,83.0,,,0.6108,92.0
2010-09-17,0.3061,46.0,0.3404,61.0,0.5985,82.0,,,0.6109,84.0,0.6028,91.0,0.4714,89.0,0.5639,89.0,,,0.6246,93.0
2010-09-16,0.3121,48.0,0.3418,62.0,0.6222,85.0,,,0.5461,74.0,0.6025,90.0,0.4709,89.0,0.5998,92.0,,,0.564,87.0
2010-09-15,0.4067,67.0,0.3785,70.0,0.571,79.0,,,0.6534,89.0,0.6016,90.0,0.4707,89.0,0.5967,92.0,,,0.6462,94.0
2010-09-14,1.0851,98.0,0.6734,96.0,0.6059,83.0,,,0.7787,96.0,0.6059,91.0,0.4707,89.0,0.612,93.0,,,0.5773,89.0
2010-09-13,1.0675,98.0,0.6787,96.0,0.6114,84.0,,,0.8239,97.0,0.6074,91.0,0.4724,89.0,0.5983,92.0,,,0.6058,92.0
2010-09-10,1.1101,98.0,0.7174,97.0,0.664,89.0,,,0.546,74.0,0.6062,91.0,0.4723,89.0,0.6327,95.0,,,0.5788,89.0
2010-09-09,1.1051,98.0,0.7244,97.0,0.6926,92.0,,,0.5362,72.0,0.6062,91.0,0.472,89.0,0.6976,98.0,,,0.603,91.0
2010-09-08,1.1558,99.0,0.7154,97.0,0.6309,86.0,,,0.6142,85.0,0.6054,91.0,0.4703,89.0,0.6187,94.0,,,0.5965,91.0
2010-09-07,1.1545,99.0,0.7226,97.0,0.7029,92.0,,,0.5382,73.0,0.6063,91.0,0.4707,89.0,0.6562,96.0,,,0.5811,89.0
2010-09-03,1.0577,98.0,0.7008,96.0,0.5164,69.0,,,0.9533,99.0,0.6026,90.0,0.4688,88.0,0.4205,51.0,,,0.7048,97.0
2010-09-02,0.5436,81.0,0.42,77.0,0.551,76.0,,,0.6358,87.0,0.5561,83.0,0.4495,85.0,0.6494,95.0,,,0.5725,88.0
2010-09-01,0.5518,82.0,0.432,79.0,0.4639,57.0,,,0.7185,93.0,0.5577,84.0,0.4505,85.0,0.5287,83.0,,,0.6935,96.0
2010-08-31,0.3555,57.0,0.3968,73.0,0.6753,90.0,,,0.6926,91.0,0.5483,81.0,0.4469,84.0,0.7483,99.0,,,0.6604,95.0
2010-08-30,0.3526,57.0,0.3898,72.0,0.8448,98.0,,,0.5526,76.0,0.5561,83.0,0.4533,86.0,0.7109,98.0,,,0.5946,90.0
2010-08-27,0.4853,76.0,0.4313,79.0,0.4879,63.0,,,0.726,93.0,0.5538,83.0,0.4523,86.0,0.6238,94.0,,,0.6691,95.0
2010-08-26,0.4252,70.0,0.4123,76.0,0.6688,90.0,,,0.6262,86.0,0.5527,82.0,0.4517,86.0,0.6057,93.0,,,0.5816,89.0
2010-08-25,0.4924,77.0,0.4165,76.0,0.5709,79.0,,,0.6996,92.0,0.5527,82.0,0.4516,86.0,0.6653,96.0,,,0.6373,93.0
2010-08-24,0.4776,76.0,0.4095,76.0,0.5627,78.0,,,0.7131,93.0,0.5526,82.0,0.4509,85.0,0.6067,93.0,,,0.6507,94.0
2010-08-23,0.4765,76.0,0.4128,76.0,0.6692,90.0,,,0.6416,88.0,0.5527,82.0,0.4497,85.0,0.6292,94.0,,,0.6069,92.0
2010-08-20,0.4752,76.0,0.3991,74.0,0.5639,78.0,,,0.686,91.0,0.5532,83.0,0.4486,85.0,0.5902,91.0,,,0.6204,92.0
2010-08-19,0.5972,85.0,0.4276,78.0,0.8307,97.0,,,0.8592,98.0,0.555,83.0,0.4488,85.0,1.0961,100.0,,,0.8592,100.0
2010-08-18,0.5115,79.0,0.3773,69.0,0.5873,81.0,,,0.5973,82.0,0.5463,81.0,0.4458,84.0,0.5843,91.0,,,0.5812,89.0
2010-08-17,0.6732,89.0,0.4281,78.0,0.5229,70.0,,,0.6093,84.0,0.5479,81.0,0.4464,84.0,0.5864,91.0,,,0.6337,93.0
2010-08-16,0.7022,90.0,0.4712,83.0,0.7662,95.0,,,0.9425,99.0,0.5467,81.0,0.4464,84.0,0.5779,90.0,,,0.9425,100.0
2010-08-13,0.7256,91.0,0.4766,84.0,0.4832,62.0,,,0.7155,93.0,0.5502,82.0,0.4481,85.0,0.5835,91.0,,,0.6152,92.0
2010-08-12,0.7562,92.0,0.4663,83.0,0.5301,72.0,,,0.6037,83.0,0.551,82.0,0.4468,84.0,0.6079,93.0,,,0.6665,95.0
2010-08-11,0.7679,92.0,0.4818,84.0,0.9917,99.0,,,0.5799,80.0,0.5509,82.0,0.4456,84.0,0.6528,96.0,,,0.5719,88.0
2010-08-10,0.6425,88.0,0.4636,83.0,0.6491,88.0,,,0.6772,91.0,0.5413,79.0,0.4446,84.0,0.5775,90.0,,,0.5999,91.0
2010-08-09,0.5922,85.0,0.4614,82.0,0.4577,56.0,,,0.8772,99.0,0.5394,78.0,0.4448,84.0,0.553,88.0,,,0.6382,93.0
2010-08-06,0.4618,74.0,0.4623,83.0,0.6184,85.0,,,0.5182,69.0,0.5335,77.0,0.4439,84.0,0.5857,91.0,,,0.5609,86.0
2010-08-05,0.3501,57.0,0.4634,83.0,0.4542,55.0,,,0.6878,91.0,0.5292,76.0,0.4443,84.0,0.535,84.0,,,0.5703,88.0
2010-08-04,0.3314,53.0,0.4515,81.0,0.4689,59.0,,,0.7103,93.0,0.53,76.0,0.4442,84.0,0.5254,82.0,,,0.6164,92.0
2010-08-03,0.3879,64.0,0.4718,83.0,0.5597,77.0,,,0.7447,95.0,0.5366,78.0,0.4485,85.0,0.4887,72.0,,,0.6188,92.0
2010-08-02,0.4234,69.0,0.4598,82.0,0.5578,77.0,,,0.4666,57.0,0.5416,79.0,0.4489,85.0,0.6102,93.0,,,0.5726,88.0
2010-07-30,1.0213,98.0,0.5959,92.0,0.5821,80.0,,,0.6342,87.0,0.5417,79.0,0.4487,85.0,0.5351,84.0,,,0.6085,92.0
2010-07-29,0.9859,97.0,0.5942,92.0,0.5607,78.0,,,0.4702,59.0,0.5427,79.0,0.45,85.0,0.6081,93.0,,,0.5786,89.0
2010-07-28,0.9589,97.0,0.5838,91.0,0.611,84.0,,,0.4497,54.0,0.5435,80.0,0.4481,85.0,0.6408,95.0,,,0.5093,76.0
2010-07-27,0.8302,95.0,0.5544,90.0,0.4838,62.0,,,0.4913,63.0,0.5414,79.0,0.4459,84.0,0.5889,91.0,,,0.5781,89.0
2010-07-26,1.0026,97.0,0.5953,92.0,0.4591,56.0,,,0.606,83.0,0.5491,82.0,0.4499,85.0,0.4955,74.0,,,0.661,95.0
2010-07-23,1.0344,98.0,0.5749,91.0,0.3885,34.0,,,0.5624,77.0,0.5472,81.0,0.4485,85.0,0.5341,84.0,,,0.6071,92.0
2010-07-22,1.0533,98.0,0.5582,90.0,0.529,72.0,,,0.6688,90.0,0.547,81.0,0.4476,84.0,0.526,82.0,,,0.6514,94.0
2010-07-21,0.5391,81.0,0.4087,75.0,0.6345,87.0,,,0.6758,91.0,0.5016,71.0,0.4398,83.0,0.6211,94.0,,,0.5945,90.0
2010-07-20,0.519,80.0,0.4321,79.0,0.5051,67.0,,,0.7591,95.0,0.5006,70.0,0.4422,83.0,0.5417,86.0,,,0.644,94.0
2010-07-19,0.5744,84.0,0.4347,79.0,0.6099,84.0,,,0.6549,89.0,0.4995,70.0,0.4418,83.0,0.6083,93.0,,,0.6505,94.0
2010-07-16,0.5816,84.0,0.4509,81.0,0.6406,87.0,,,0.6295,87.0,0.4999,70.0,0.4412,83.0,0.6959,98.0,,,0.5689,87.0
2010-07-15,0.6834,90.0,0.4923,85.0,0.5882,81.0,,,0.6316,87.0,0.4939,70.0,0.4383,83.0,0.6323,94.0,,,0.6579,95.0
2010-07-14,0.7112,91.0,0.539,89.0,0.6033,83.0,,,0.6106,84.0,0.4944,70.0,0.438,83.0,0.6104,93.0,,,0.5746,88.0
2010-07-13,0.7787,93.0,0.5781,91.0,0.6163,85.0,,,0.6216,86.0,0.4944,70.0,0.4379,82.0,0.5746,90.0,,,0.6398,94.0
2010-07-12,0.7768,93.0,0.6289,94.0,0.6159,85.0,,,0.6192,85.0,0.4899,69.0,0.4369,82.0,0.6388,95.0,,,0.602,91.0
2010-07-09,0.765,92.0,0.6218,93.0,0.5915,81.0,,,0.6352,87.0,0.4887,69.0,0.4349,82.0,0.5547,88.0,,,0.6906,96.0
2010-07-08,0.7834,93.0,0.6178,93.0,0.5885,81.0,,,0.6753,90.0,0.4847,69.0,0.4331,82.0,0.5771,90.0,,,0.5677,87.0
2010-07-07,0.7921,93.0,0.6,93.0,0.6114,84.0,,,0.7102,93.0,0.4841,69.0,0.4316,82.0,0.59,91.0,,,0.6566,94.0
2010-07-06,0.4988,78.0,0.5451,89.0,0.6766,91.0,,,0.6347,87.0,0.4664,64.0,0.4265,81.0,0.7019,98.0,,,0.5964,91.0
2010-07-02,0.5038,78.0,0.5027,86.0,0.6759,90.0,,,0.6646,90.0,0.4809,68.0,0.4317,82.0,0.6386,95.0,,,0.5117,76.0
2010-07-01,0.4927,77.0,0.4614,82.0,0.6494,88.0,,,0.6414,88.0,0.4777,67.0,0.4285,81.0,0.5979,92.0,,,0.6204,92.0
2010-06-30,0.4599,74.0,0.3886,72.0,0.6397,87.0,,,0.6085,84.0,0.4786,67.0,0.4237,80.0,0.6114,93.0,,,0.602,91.0
2010-06-29,0.4608,74.0,0.3706,68.0,0.595,82.0,,,0.6112,84.0,0.4789,67.0,0.4231,80.0,0.5933,91.0,,,0.6048,92.0
2010-06-28,0.2184,24.0,0.3331,59.0,0.5528,76.0,,,0.6112,84.0,0.4697,65.0,0.4214,80.0,0.5938,91.0,,,0.5916,90.0
2010-06-25,0.2306,27.0,0.3242,57.0,0.5554,77.0,,,0.5799,80.0,0.47,65.0,0.421,80.0,0.5906,91.0,,,0.5874,90.0
2010-06-24,0.2496,31.0,0.3168,54.0,0.6244,86.0,,,0.5716,79.0,0.4682,64.0,0.4196,80.0,0.6121,93.0,,,0.5925,90.0
2010-06-23,0.2725,37.0,0.3109,52.0,0.5703,79.0,,,0.5827,80.0,0.4681,64.0,0.4189,79.0,0.5991,92.0,,,0.6009,91.0
2010-06-22,0.2719,37.0,0.3439,62.0,0.6181,85.0,,,0.5394,73.0,0.4692,64.0,0.4198,80.0,0.6187,94.0,,,0.6027,91.0
2010-06-21,0.3227,51.0,0.3421,62.0,0.5947,82.0,,,0.5898,82.0,0.4727,65.0,0.4209,80.0,0.6138,93.0,,,0.6044,91.0
2010-06-18,0.3576,57.0,0.344,62.0,0.5787,80.0,,,0.5822,80.0,0.4727,65.0,0.4207,80.0,0.5927,91.0,,,0.595,90.0
2010-06-17,0.3642,60.0,0.361,66.0,0.5793,80.0,,,0.6218,86.0,0.4753,65.0,0.422,80.0,0.597,92.0,,,0.6229,93.0
2010-06-16,0.3892,64.0,0.4314,79.0,0.909,99.0,,,0.5995,83.0,0.4781,67.0,0.4228,80.0,0.6265,94.0,,,0.6018,91.0
2010-06-15,0.381,63.0,0.441,80.0,0.6894,91.0,,,0.6274,86.0,0.4764,66.0,0.4221,80.0,0.6004,92.0,,,0.6035,91.0
2010-06-14,0.5837,85.0,0.4677,83.0,0.7666,95.0,,,0.6254,86.0,0.4761,66.0,0.4221,80.0,0.6098,93.0,,,0.5926,90.0
2010-06-11,0.586,85.0,0.4468,81.0,0.6271,86.0,,,0.6419,88.0,0.4778,67.0,0.4214,80.0,0.5984,92.0,,,0.62,92.0
2010-06-10,0.6069,86.0,0.4516,81.0,0.679,91.0,,,0.6701,90.0,0.4766,66.0,0.4212,80.0,0.6087,93.0,,,0.6393,94.0
2010-06-09,0.5848,85.0,0.4609,82.0,0.7635,95.0,,,0.6725,90.0,0.4754,66.0,0.4208,80.0,0.6335,95.0,,,0.6296,93.0
2010-06-08,0.5345,80.0,0.4541,82.0,0.7696,95.0,,,0.831,98.0,0.4749,65.0,0.4202,80.0,0.6139,93.0,,,0.6387,93.0
2010-06-07,0.5571,82.0,0.4056,75.0,0.9377,99.0,,,0.6258,86.0,0.4743,65.0,0.4168,79.0,0.6587,96.0,,,0.6366,93.0
2010-06-04,0.546,82.0,0.4179,77.0,0.7327,94.0,,,0.6151,85.0,0.4719,65.0,0.4152,79.0,0.7086,98.0,,,0.6211,93.0
2010-06-03,0.381,63.0,0.3934,73.0,0.8045,97.0,,,0.7426,94.0,0.4802,68.0,0.4203,80.0,0.6308,94.0,,,0.6531,94.0
2010-06-02,0.3917,65.0,0.3931,73.0,0.5722,79.0,,,0.7919,97.0,0.4803,68.0,0.4198,80.0,0.5747,90.0,,,0.6693,95.0
2010-06-01,0.359,59.0,0.4183,77.0,0.786,96.0,,,0.5802,80.0,0.478,67.0,0.4191,79.0,0.6536,96.0,,,0.5935,90.0
2010-05-28,0.5301,80.0,0.4409,80.0,0.6879,91.0,,,0.628,86.0,0.4753,65.0,0.4187,79.0,0.5832,91.0,,,0.5595,86.0
2010-05-27,0.5303,80.0,0.4538,81.0,0.6756,90.0,,,0.6186,85.0,0.4749,65.0,0.4187,79.0,0.586,91.0,,,0.586,90.0
2010-05-26,0.5046,78.0,0.4705,83.0,0.7842,96.0,,,0.6351,87.0,0.4769,66.0,0.4181,79.0,0.6622,96.0,,,0.5997,91.0
2010-05-25,0.5104,79.0,0.4807,84.0,0.6528,88.0,,,0.7595,95.0,0.4765,66.0,0.4156,79.0,0.6027,92.0,,,0.6517,94.0
2010-05-24,0.5165,79.0,0.4982,85.0,0.7515,94.0,,,0.5977,82.0,0.4763,66.0,0.4157,79.0,0.6538,96.0,,,0.5883,90.0
2010-05-21,0.5381,81.0,0.4929,85.0,0.5089,68.0,,,0.7743,96.0,0.4767,66.0,0.4156,79.0,0.5634,89.0,,,0.642,94.0
2010-05-20,0.7382,92.0,0.4569,82.0,0.812,97.0,,,0.6521,89.0,0.4752,65.0,0.4134,78.0,0.7109,98.0,,,0.6575,95.0
2010-05-19,0.5921,85.0,0.4497,81.0,0.5329,73.0,,,0.5641,78.0,0.4624,63.0,0.411,78.0,0.5302,83.0,,,0.5527,85.0
2010-05-18,0.7299,91.0,0.4698,83.0,0.5433,75.0,,,0.5068,67.0,0.4631,63.0,0.4107,78.0,0.5315,83.0,,,0.5282,80.0
2010-05-17,0.8049,94.0,0.5115,87.0,0.4941,64.0,,,0.5485,75.0,0.4607,63.0,0.4086,77.0,0.5312,83.0,,,0.5616,86.0
2010-05-14,0.8106,94.0,0.7079,97.0,0.4395,51.0,,,0.4878,63.0,0.4665,64.0,0.4082,77.0,0.4837,70.0,,,0.4996,74.0
2010-05-13,0.769,92.0,0.6939,96.0,0.4655,57.0,,,0.4607,56.0,0.4633,64.0,0.4068,77.0,0.4846,71.0,,,0.4942,73.0
2010-05-12,0.8274,95.0,0.7024,97.0,0.3819,32.0,,,0.4781,60.0,0.4667,64.0,0.4084,77.0,0.4863,71.0,,,0.5011,74.0
2010-05-11,0.7464,92.0,0.7204,97.0,0.5244,71.0,,,0.5132,68.0,0.4561,62.0,0.4086,77.0,0.5053,77.0,,,0.5215,79.0
2010-05-10,0.7842,93.0,0.7186,97.0,0.4486,53.0,,,0.6361,87.0,0.4565,62.0,0.4075,77.0,0.4776,69.0,,,0.521,78.0
2010-05-07,0.5601,83.0,0.6945,96.0,0.5399,74.0,,,0.5718,79.0,0.446,57.0,0.405,76.0,0.5081,77.0,,,0.5205,78.0
2010-05-06,0.4905,77.0,0.6425,94.0,0.5683,79.0,,,0.5724,79.0,0.4383,54.0,0.4008,76.0,0.5323,84.0,,,0.5248,79.0
2010-05-05,0.5171,79.0,0.3852,71.0,0.4901,64.0,,,0.481,61.0,0.4489,59.0,0.3856,70.0,0.503,76.0,,,0.4947,73.0
2010-05-04,0.5167,79.0,0.3717,68.0,0.4539,55.0,,,0.4884,63.0,0.4506,60.0,0.3862,70.0,0.4867,71.0,,,0.495,73.0
2010-05-03,0.4729,75.0,0.3537,65.0,0.443,52.0,,,0.4553,55.0,0.4483,59.0,0.3867,71.0,0.4807,70.0,,,0.4886,71.0
2010-04-30,0.3386,55.0,0.3293,57.0,0.4967,65.0,,,0.4508,54.0,0.4448,57.0,0.3872,71.0,0.4926,73.0,,,0.4824,70.0
2010-04-29,0.4229,69.0,0.3555,65.0,0.4329,49.0,,,0.4875,63.0,0.4397,55.0,0.3856,70.0,0.4702,67.0,,,0.4856,70.0
2010-04-28,0.5478,82.0,0.4099,76.0,0.4719,59.0,,,0.4671,57.0,0.4398,55.0,0.3852,70.0,0.4852,71.0,,,0.4907,72.0
2010-04-27,0.5501,82.0,0.4186,77.0,0.4806,61.0,,,0.4395,51.0,0.458,62.0,0.3944,74.0,0.4999,75.0,,,0.4732,68.0
2010-04-26,0.5711,84.0,0.4374,80.0,0.4243,46.0,,,0.4317,48.0,0.4557,62.0,0.3934,74.0,0.4626,65.0,,,0.4775,69.0
2010-04-23,0.5688,84.0,0.4391,80.0,0.4295,48.0,,,0.4287,48.0,0.4573,62.0,0.3976,75.0,0.4687,67.0,,,0.4795,69.0
2010-04-22,0.5941,85.0,0.4538,81.0,0.4183,44.0,,,0.4645,57.0,0.4574,62.0,0.3996,75.0,0.4678,66.0,,,0.4872,71.0
2010-04-21,0.5871,85.0,0.443,80.0,0.467,57.0,,,0.4916,64.0,0.4651,64.0,0.4138,78.0,0.4724,68.0,,,0.4847,70.0
2010-04-20,0.5304,80.0,0.3863,71.0,0.4773,60.0,,,0.4856,62.0,0.4595,62.0,0.4114,78.0,0.4813,70.0,,,0.4985,74.0
2010-04-19,0.4077,67.0,0.3217,56.0,0.5025,66.0,,,0.5068,67.0,0.4516,60.0,0.4081,77.0,0.4882,72.0,,,0.4995,74.0
2010-04-16,0.4227,69.0,0.3075,51.0,0.5189,70.0,,,0.4612,56.0,0.4518,60.0,0.4077,77.0,0.5057,77.0,,,0.4766,69.0
2010-04-15,0.3195,50.0,0.2456,28.0,0.4917,64.0,,,0.4874,63.0,0.4483,59.0,0.405,76.0,0.4951,74.0,,,0.4819,70.0
2010-04-14,0.3802,63.0,0.2625,35.0,0.4464,53.0,,,0.5012,66.0,0.4483,59.0,0.4054,77.0,0.4663,66.0,,,0.5091,76.0
2010-04-13,0.2744,37.0,0.2362,23.0,0.4827,62.0,,,0.4873,63.0,0.4469,57.0,0.4055,77.0,0.4861,71.0,,,0.4978,74.0
2010-04-12,0.2736,37.0,0.2229,18.0,0.4774,60.0,,,0.5377,73.0,0.4465,57.0,0.4055,77.0,0.4739,68.0,,,0.4863,71.0
2010-04-09,0.2646,35.0,0.2566,33.0,0.5239,71.0,,,0.4785,61.0,0.4465,57.0,0.4056,77.0,0.4782,69.0,,,0.485,70.0
2010-04-08,0.2677,36.0,0.3094,52.0,0.5159,69.0,,,0.4932,64.0,0.4468,57.0,0.4058,77.0,0.4918,73.0,,,0.48,69.0
2010-04-07,0.2552,33.0,0.3124,53.0,0.4794,61.0,,,0.5389,73.0,0.448,57.0,0.407,77.0,0.4798,70.0,,,0.4912,72.0
2010-04-06,0.2795,38.0,0.342,62.0,0.4744,60.0,,,0.524,70.0,0.448,57.0,0.4069,77.0,0.4781,69.0,,,0.4952,73.0
2010-04-05,0.1898,16.0,0.3643,67.0,0.4914,64.0,,,0.5344,72.0,0.4463,57.0,0.4064,77.0,0.4903,72.0,,,0.5043,75.0
2010-04-01,0.3181,50.0,0.3759,69.0,0.5041,67.0,,,0.5212,70.0,0.4468,57.0,0.4065,77.0,0.4913,72.0,,,0.499,74.0
2010-03-31,0.3031,45.0,0.3801,70.0,0.5226,70.0,,,0.5054,67.0,0.4477,57.0,0.4069,77.0,0.5059,77.0,,,0.4952,73.0
2010-03-30,0.3033,45.0,0.3692,68.0,0.4681,57.0,,,0.5259,71.0,0.4477,57.0,0.4088,77.0,0.4874,71.0,,,0.5109,76.0
2010-03-29,0.4213,69.0,0.3446,62.0,0.4686,59.0,,,0.5042,66.0,0.454,61.0,0.4098,78.0,0.494,73.0,,,0.5059,75.0
2010-03-26,0.4466,72.0,0.3829,70.0,0.5006,66.0,,,0.4501,54.0,0.4541,61.0,0.4101,78.0,0.4991,75.0,,,0.49,72.0
2010-03-25,0.4478,73.0,0.3538,65.0,0.5095,68.0,,,0.4633,57.0,0.4534,61.0,0.4089,78.0,0.5005,75.0,,,0.4925,72.0
2010-03-24,0.4503,73.0,0.3201,55.0,0.525,71.0,,,0.4546,55.0,0.4537,61.0,0.4074,77.0,0.4996,75.0,,,0.494,72.0
2010-03-23,0.3429,55.0,0.3108,52.0,0.482,61.0,,,0.4913,63.0,0.4504,60.0,0.4068,77.0,0.4933,73.0,,,0.4967,73.0
2010-03-22,0.4187,69.0,0.3371,60.0,0.4372,50.0,,,0.5069,67.0,0.4506,60.0,0.407,77.0,0.4809,70.0,,,0.4964,73.0
2010-03-19,0.416,68.0,0.3348,60.0,0.4207,45.0,,,0.5155,69.0,0.4509,60.0,0.4066,77.0,0.4838,71.0,,,0.5011,74.0
2010-03-18,0.2925,42.0,0.3294,57.0,0.4973,65.0,,,0.545,74.0,0.4452,57.0,0.4061,77.0,0.4869,71.0,,,0.5022,75.0
2010-03-17,0.2822,39.0,0.32,55.0,0.4896,63.0,,,0.5113,68.0,0.4441,56.0,0.4049,76.0,0.4981,74.0,,,0.5083,76.0
2010-03-16,0.2836,40.0,0.3183,55.0,0.519,70.0,,,0.5127,68.0,0.4447,57.0,0.4051,76.0,0.4985,75.0,,,0.4872,71.0
2010-03-15,0.4567,74.0,0.4664,83.0,0.4811,61.0,,,0.5463,74.0,0.4455,57.0,0.4056,77.0,0.4833,70.0,,,0.4924,72.0
2010-03-12,0.4437,72.0,0.4677,83.0,0.5131,69.0,,,0.5079,67.0,0.4455,57.0,0.4056,77.0,0.4948,73.0,,,0.4725,68.0
2010-03-11,0.3765,62.0,0.461,82.0,0.4854,62.0,,,0.4542,55.0,0.4438,56.0,0.4047,76.0,0.4781,69.0,,,0.4918,72.0
2010-03-10,0.3865,64.0,0.4576,82.0,0.4787,61.0,,,0.4698,59.0,0.4446,57.0,0.4047,76.0,0.4749,68.0,,,0.479,69.0
2010-03-09,0.3889,64.0,0.4461,80.0,0.4476,53.0,,,0.5193,69.0,0.4448,57.0,0.4042,76.0,0.4767,69.0,,,0.48,69.0
2010-03-08,0.4117,68.0,0.4175,77.0,0.4914,64.0,,,0.5149,69.0,0.443,56.0,0.403,76.0,0.4836,70.0,,,0.4892,71.0
2010-03-05,0.4632,74.0,0.4292,78.0,0.4557,55.0,,,0.4521,54.0,0.4442,56.0,0.4045,76.0,0.4825,70.0,,,0.4648,65.0
2010-03-04,0.3128,48.0,0.2835,43.0,0.483,62.0,,,0.4858,62.0,0.4351,53.0,0.3967,75.0,0.488,72.0,,,0.4925,72.0
2010-03-03,0.2848,40.0,0.2857,44.0,0.5203,70.0,,,0.5096,67.0,0.4371,53.0,0.3999,75.0,0.4904,72.0,,,0.4883,71.0
2010-03-02,0.3285,52.0,0.2914,46.0,0.5042,67.0,,,0.5295,71.0,0.4369,53.0,0.4001,76.0,0.4928,73.0,,,0.5012,74.0
2010-03-01,0.3504,57.0,0.3025,50.0,0.5036,66.0,,,0.558,77.0,0.4392,54.0,0.403,76.0,0.4883,72.0,,,0.4962,73.0
2010-02-26,0.4105,68.0,0.3488,63.0,0.5386,74.0,,,0.48,61.0,0.4395,54.0,0.403,76.0,0.5084,78.0,,,0.488,71.0
2010-02-25,0.4558,73.0,0.3521,64.0,0.5286,72.0,,,0.467,57.0,0.4395,54.0,0.4039,76.0,0.5021,76.0,,,0.4796,69.0
2010-02-24,0.4427,72.0,0.3355,60.0,0.5077,67.0,,,0.5004,66.0,0.4383,54.0,0.404,76.0,0.5017,76.0,,,0.5068,75.0
2010-02-23,0.3835,63.0,0.341,61.0,0.531,72.0,,,0.546,74.0,0.4424,56.0,0.4063,77.0,0.5085,78.0,,,0.4962,73.0
2010-02-22,0.4205,69.0,0.3575,66.0,0.492,64.0,,,0.515,69.0,0.4418,55.0,0.4061,77.0,0.5101,78.0,,,0.4966,73.0
2010-02-19,0.3696,61.0,0.3798,70.0,0.5375,73.0,,,0.514,68.0,0.4464,57.0,0.4085,77.0,0.5026,76.0,,,0.5044,75.0
2010-02-18,0.4642,75.0,0.4345,79.0,0.5402,74.0,,,0.5047,66.0,0.4463,57.0,0.4095,78.0,0.5044,77.0,,,0.4988,74.0
2010-02-17,0.4047,67.0,0.4077,75.0,0.498,65.0,,,0.5656,78.0,0.4424,56.0,0.4127,78.0,0.4964,74.0,,,0.5117,76.0
2010-02-16,0.508,79.0,0.4943,85.0,0.5197,70.0,,,0.5385,73.0,0.4421,55.0,0.4144,79.0,0.4958,74.0,,,0.4927,72.0
2010-02-12,0.6385,88.0,0.5327,88.0,0.4903,64.0,,,0.5609,77.0,0.4421,55.0,0.4155,79.0,0.4861,71.0,,,0.5154,77.0
2010-02-11,0.6438,88.0,0.529,88.0,0.508,68.0,,,0.5602,77.0,0.4425,56.0,0.4158,79.0,0.5028,76.0,,,0.5243,79.0
2010-02-10,0.6505,88.0,0.5421,89.0,0.5132,69.0,,,0.6482,88.0,0.4412,55.0,0.4149,79.0,0.5013,75.0,,,0.5237,79.0
2010-02-09,0.6462,88.0,0.5289,88.0,0.5208,70.0,,,0.5644,78.0,0.4414,55.0,0.4138,78.0,0.5059,77.0,,,0.4959,73.0
2010-02-08,0.6254,87.0,0.4902,85.0,0.6173,85.0,,,0.5073,67.0,0.4375,53.0,0.4118,78.0,0.5228,81.0,,,0.4895,71.0
2010-02-05,0.7291,91.0,0.5424,89.0,0.5534,76.0,,,0.5115,68.0,0.4394,54.0,0.4124,78.0,0.5076,77.0,,,0.5015,74.0
2010-02-04,0.6085,86.0,0.4717,83.0,0.5026,66.0,,,0.4802,61.0,0.4328,52.0,0.4145,79.0,0.4862,71.0,,,0.4981,74.0
2010-02-03,0.5439,81.0,0.4372,80.0,0.5527,76.0,,,0.5248,70.0,0.4301,51.0,0.413,78.0,0.4943,73.0,,,0.4968,73.0
2010-02-02,0.5646,83.0,0.4643,83.0,0.5447,75.0,,,0.5114,68.0,0.431,52.0,0.4136,78.0,0.4994,75.0,,,0.4957,73.0
2010-02-01,0.4976,78.0,0.4802,84.0,0.59,81.0,,,0.5049,66.0,0.4296,51.0,0.4129,78.0,0.5198,81.0,,,0.4895,71.0
2010-01-29,0.5055,78.0,0.492,85.0,0.5116,68.0,,,0.5708,78.0,0.4287,51.0,0.4128,78.0,0.4833,70.0,,,0.5218,79.0
2010-01-28,0.3927,65.0,0.4829,84.0,0.6197,85.0,,,0.5305,71.0,0.427,51.0,0.4126,78.0,0.5286,83.0,,,0.4898,71.0
2010-01-27,0.2881,41.0,0.4148,76.0,0.5836,81.0,,,0.5223,70.0,0.4169,50.0,0.4093,78.0,0.4824,70.0,,,0.5177,78.0
2010-01-26,0.2949,43.0,0.4072,75.0,0.5189,70.0,,,0.4809,61.0,0.4166,50.0,0.4088,77.0,0.5148,79.0,,,0.4819,70.0
2010-01-25,0.3,44.0,0.3997,74.0,0.4926,64.0,,,0.4623,57.0,0.415,50.0,0.411,78.0,0.5009,75.0,,,0.4815,69.0
2010-01-22,0.2469,31.0,0.3498,64.0,0.4781,61.0,,,0.4719,59.0,0.4131,49.0,0.409,78.0,0.5026,76.0,,,0.4849,70.0
2010-01-21,0.175,13.0,0.2709,38.0,0.5138,69.0,,,0.4372,50.0,0.4105,49.0,0.4081,77.0,0.5042,76.0,,,0.4751,68.0
2010-01-20,0.1764,13.0,0.2315,21.0,0.493,64.0,,,0.4447,52.0,0.411,49.0,0.4091,78.0,0.5,75.0,,,0.4804,69.0
2010-01-19,0.1271,5.0,0.2355,23.0,0.474,60.0,,,0.4763,60.0,0.6315,94.0,0.4348,82.0,0.4907,72.0,,,0.482,70.0
2010-01-15,0.1329,6.0,0.2472,28.0,0.4341,49.0,,,0.4974,65.0,0.6314,94.0,0.436,82.0,0.4744,68.0,,,0.5003,74.0
2010-01-14,0.5076,79.0,0.4392,80.0,0.4736,60.0,,,0.4706,59.0,0.6339,94.0,0.438,83.0,0.491,72.0,,,0.4859,71.0
2010-01-13,0.506,78.0,0.4365,79.0,0.4734,60.0,,,0.4702,59.0,0.6348,94.0,0.4393,83.0,0.4938,73.0,,,0.4867,71.0
2010-01-12,0.5348,81.0,0.441,80.0,0.4581,56.0,,,0.486,62.0,0.6366,94.0,0.4416,83.0,0.4851,71.0,,,0.4953,73.0
2010-01-11,0.5585,83.0,0.4548,82.0,0.4959,65.0,,,0.4648,57.0,0.6366,94.0,0.4432,84.0,0.4912,72.0,,,0.4854,70.0
2010-01-08,0.5485,82.0,0.4527,81.0,0.4703,59.0,,,0.4819,61.0,0.6524,94.0,0.4512,86.0,0.5008,75.0,,,0.4932,72.0
2010-01-07,0.5406,81.0,0.4468,81.0,0.4676,57.0,,,0.4668,57.0,0.6529,94.0,0.4518,86.0,0.5106,78.0,,,0.493,72.0
2010-01-06,0.5352,81.0,0.4406,80.0,0.4361,50.0,,,0.4938,64.0,0.6531,94.0,0.4543,86.0,0.506,77.0,,,0.4895,71.0
2010-01-05,0.3022,45.0,0.2466,28.0,0.4756,60.0,,,0.4613,56.0,0.6443,94.0,0.4477,85.0,0.4987,75.0,,,0.4979,74.0
2010-01-04,0.3193,50.0,0.2863,44.0,0.4621,57.0,,,0.4617,57.0,0.6444,94.0,0.4483,85.0,0.4887,72.0,,,0.5124,77.0
2009-12-31,0.3207,50.0,0.3299,57.0,0.4702,59.0,,,0.4771,60.0,0.6428,94.0,0.4486,85.0,0.5108,78.0,,,0.4901,72.0
2009-12-30,0.2822,39.0,0.3184,55.0,0.4622,57.0,,,0.4479,53.0,0.643,94.0,0.4483,85.0,0.488,72.0,,,0.5071,75.0
2009-12-29,0.3145,49.0,0.3465,63.0,0.4737,60.0,,,0.4255,47.0,0.6442,94.0,0.4498,85.0,0.4891,72.0,,,0.4934,72.0
2009-12-28,0.4451,72.0,0.3638,67.0,0.4551,55.0,,,0.4843,62.0,0.6534,94.0,0.453,86.0,0.4941,73.0,,,0.5103,76.0
2009-12-24,0.4486,73.0,0.3711,68.0,0.4095,41.0,,,0.4889,63.0,0.6559,94.0,0.4551,87.0,0.4928,73.0,,,0.5112,76.0
2009-12-23,0.4419,72.0,0.38,70.0,0.493,64.0,,,0.4133,43.0,0.6556,94.0,0.4556,87.0,0.4948,73.0,,,0.5061,75.0
2009-12-22,0.4541,73.0,0.3757,69.0,0.4161,44.0,,,0.5011,66.0,0.6552,94.0,0.458,87.0,0.4976,74.0,,,0.5163,77.0
2009-12-21,0.4206,69.0,0.3476,63.0,0.5042,67.0,,,0.4929,64.0,0.6542,94.0,0.4586,87.0,0.533,84.0,,,0.4917,72.0
2009-12-18,0.4195,69.0,0.3477,63.0,0.4059,40.0,,,0.4981,65.0,0.655,94.0,0.4599,88.0,0.5096,78.0,,,0.5365,81.0
2009-12-17,0.3738,62.0,0.3211,55.0,0.463,57.0,,,0.4423,52.0,0.6543,94.0,0.4589,87.0,0.5311,83.0,,,0.5165,77.0
2009-12-16,0.2451,30.0,0.3097,52.0,0.4331,49.0,,,0.4805,61.0,0.6512,94.0,0.4587,87.0,0.5141,79.0,,,0.5221,79.0
2009-12-15,0.2246,25.0,0.3033,50.0,0.5045,67.0,,,0.4579,56.0,0.656,94.0,0.4599,88.0,0.5484,87.0,,,0.52,78.0
2009-12-14,0.5804,84.0,0.4382,80.0,0.5037,66.0,,,0.5162,69.0,0.6638,95.0,0.4669,88.0,0.5342,84.0,,,0.5472,84.0
2009-12-11,0.5833,85.0,0.4192,77.0,0.5064,67.0,,,0.5823,80.0,0.6628,94.0,0.4667,88.0,0.5494,87.0,,,0.5409,83.0
2009-12-10,0.5706,84.0,0.4166,76.0,0.467,57.0,,,0.6081,84.0,0.663,95.0,0.4686,88.0,0.5271,82.0,,,0.5439,83.0
2009-12-09,0.5701,84.0,0.4251,78.0,0.4867,63.0,,,0.5621,77.0,0.6648,95.0,0.4718,89.0,0.5282,82.0,,,0.5527,85.0
2009-12-08,0.6024,86.0,0.4289,78.0,0.4919,64.0,,,0.5759,79.0,0.6691,95.0,0.4738,89.0,0.5346,84.0,,,0.564,87.0
2009-12-07,0.6554,88.0,0.4291,78.0,0.4984,65.0,,,0.5112,68.0,0.6694,95.0,0.4756,89.0,0.5443,86.0,,,0.5392,82.0
2009-12-04,0.6709,89.0,0.4248,78.0,0.512,68.0,,,0.5322,72.0,0.6696,95.0,0.4757,89.0,0.5463,87.0,,,0.5366,81.0
2009-12-03,0.2633,35.0,0.2939,47.0,0.5211,70.0,,,0.4845,62.0,0.6562,94.0,0.4709,89.0,0.5658,89.0,,,0.5473,84.0
2009-12-02,0.3644,60.0,0.3041,50.0,0.5068,67.0,,,0.5275,71.0,0.6564,94.0,0.4724,89.0,0.5749,90.0,,,0.5423,83.0
2009-12-01,0.3646,60.0,0.3015,49.0,0.5131,69.0,,,0.5194,69.0,0.657,94.0,0.4721,89.0,0.549,87.0,,,0.5743,88.0
2009-11-30,0.3525,57.0,0.2842,43.0,0.5081,68.0,,,0.5451,74.0,0.6588,94.0,0.4739,89.0,0.5564,88.0,,,0.5589,86.0
2009-11-27,0.3674,60.0,0.298,48.0,0.547,75.0,,,0.5086,67.0,0.6583,94.0,0.4756,89.0,0.5787,90.0,,,0.5519,85.0
2009-11-25,0.3484,57.0,0.2872,44.0,0.5189,70.0,,,0.4838,62.0,0.6583,94.0,0.4767,90.0,0.5651,89.0,,,0.5484,84.0
2009-11-24,0.5108,79.0,0.3508,64.0,0.5012,66.0,,,0.5061,67.0,0.6581,94.0,0.4789,90.0,0.5334,84.0,,,0.5591,86.0
2009-11-23,0.4943,78.0,0.344,62.0,0.5265,71.0,,,0.5122,68.0,0.6684,95.0,0.4829,90.0,0.5412,86.0,,,0.5508,85.0
2009-11-20,0.5128,79.0,0.3718,68.0,0.51,68.0,,,0.5841,81.0,0.667,95.0,0.4832,90.0,0.5304,83.0,,,0.5774,89.0
2009-11-19,0.5117,79.0,0.372,68.0,0.5668,78.0,,,0.4933,64.0,0.667,95.0,0.4851,90.0,0.5586,88.0,,,0.5396,82.0
2009-11-18,0.4877,77.0,0.3898,72.0,0.4834,62.0,,,0.5687,78.0,0.6714,95.0,0.4885,91.0,0.5458,87.0,,,0.56,86.0
2009-11-17,0.4894,77.0,0.3713,68.0,0.5417,74.0,,,0.5401,73.0,0.6754,95.0,0.4962,91.0,0.5398,86.0,,,0.5616,86.0
2009-11-16,0.4866,77.0,0.3865,71.0,0.496,65.0,,,0.5491,75.0,0.6774,95.0,0.4975,91.0,0.5351,84.0,,,0.5584,86.0
2009-11-13,0.5616,83.0,0.4282,78.0,0.4993,66.0,,,0.591,82.0,0.6736,95.0,0.4957,91.0,0.5297,83.0,,,0.5751,88.0
2009-11-12,0.6096,86.0,0.4383,80.0,0.5515,76.0,,,0.4997,65.0,0.6744,95.0,0.4961,91.0,0.5597,88.0,,,0.5446,83.0
2009-11-11,0.5553,82.0,0.4331,79.0,0.5266,71.0,,,0.5895,81.0,0.673,95.0,0.4948,91.0,0.5436,86.0,,,0.5523,85.0
2009-11-10,0.5657,83.0,0.4664,83.0,0.5159,69.0,,,0.5483,75.0,0.6731,95.0,0.4951,91.0,0.5426,86.0,,,0.5459,84.0
2009-11-09,0.5438,81.0,0.4567,82.0,0.5033,66.0,,,0.6207,85.0,0.6732,95.0,0.495,91.0,0.5351,84.0,,,0.5688,87.0
2009-11-06,0.5419,81.0,0.454,82.0,0.5154,69.0,,,0.5439,74.0,0.672,95.0,0.4952,91.0,0.5435,86.0,,,0.5612,86.0
2009-11-05,0.7879,93.0,0.5677,91.0,0.5061,67.0,,,0.5273,71.0,0.6732,95.0,0.4948,91.0,0.561,89.0,,,0.5551,86.0
2009-11-04,0.5706,84.0,0.5057,86.0,0.6277,86.0,,,0.5078,67.0,0.6658,95.0,0.4921,91.0,0.5947,92.0,,,0.5515,85.0
2009-11-03,0.5667,83.0,0.5439,89.0,0.5492,76.0,,,0.5529,76.0,0.666,95.0,0.4955,91.0,0.5496,87.0,,,0.563,87.0
2009-11-02,0.4637,75.0,0.5517,90.0,0.5506,76.0,,,0.5599,77.0,0.6686,95.0,0.4964,91.0,0.5583,88.0,,,0.5637,87.0
2009-10-30,0.4955,78.0,0.6963,96.0,0.5308,72.0,,,0.5527,76.0,0.6706,95.0,0.4986,91.0,0.5552,88.0,,,0.5603,86.0
2009-10-29,0.4761,76.0,0.7007,96.0,0.543,74.0,,,0.5209,70.0,0.6743,95.0,0.5029,92.0,0.5735,90.0,,,0.5438,83.0
2009-10-28,0.4716,75.0,0.6996,96.0,0.5522,76.0,,,0.5465,74.0,0.6786,95.0,0.5049,92.0,0.5496,87.0,,,0.566,87.0
2009-10-27,0.3284,52.0,0.6042,93.0,0.544,75.0,,,0.5528,76.0,0.6704,95.0,0.4999,92.0,0.5479,87.0,,,0.5471,84.0
2009-10-26,0.3283,52.0,0.5968,92.0,0.5288,72.0,,,0.5447,74.0,0.6707,95.0,0.4999,92.0,0.5441,86.0,,,0.5477,84.0
2009-10-23,0.3428,55.0,0.551,90.0,0.5563,77.0,,,0.5231,70.0,0.6704,95.0,0.4984,91.0,0.5439,86.0,,,0.5441,83.0
2009-10-22,0.4433,72.0,0.5386,89.0,0.5099,68.0,,,0.5362,72.0,0.6745,95.0,0.5002,92.0,0.5357,85.0,,,0.5461,84.0
2009-10-21,0.2764,38.0,0.2762,41.0,0.5429,74.0,,,0.5426,73.0,0.6689,95.0,0.4915,91.0,0.5096,78.0,,,0.6824,96.0
2009-10-20,0.2617,34.0,0.2556,32.0,0.5606,78.0,,,0.5422,73.0,0.6693,95.0,0.492,91.0,0.5458,87.0,,,0.552,85.0
2009-10-19,0.2641,35.0,0.2657,36.0,0.5282,72.0,,,0.549,75.0,0.67,95.0,0.4963,91.0,0.7208,99.0,,,0.6577,95.0
2009-10-16,0.3043,46.0,0.2898,45.0,0.5537,76.0,,,0.5547,76.0,0.6761,95.0,0.509,92.0,0.5216,81.0,,,0.5364,81.0
2009-10-15,0.2529,32.0,0.2962,48.0,0.5077,67.0,,,0.5533,76.0,0.6862,95.0,0.5246,94.0,0.5105,78.0,,,0.5548,85.0
2009-10-14,0.2466,31.0,0.2888,45.0,0.5133,69.0,,,0.6019,83.0,0.6866,95.0,0.5277,95.0,0.525,82.0,,,0.5557,86.0
2009-10-13,0.2118,22.0,0.2664,37.0,0.5284,72.0,,,0.5585,77.0,0.7042,96.0,0.5321,95.0,0.5468,87.0,,,0.5476,84.0
2009-10-12,0.2828,39.0,0.2651,36.0,0.4743,60.0,,,0.553,76.0,0.7074,96.0,0.5339,95.0,0.5413,86.0,,,0.5568,86.0
2009-10-09,0.2777,38.0,0.3345,59.0,0.5813,80.0,,,0.5427,73.0,0.7089,96.0,0.5358,95.0,0.5246,82.0,,,0.5874,90.0
2009-10-08,0.4619,74.0,0.392,72.0,0.5609,78.0,,,0.5279,71.0,0.7106,96.0,0.5379,95.0,0.5231,81.0,,,0.5771,89.0
2009-10-07,0.406,67.0,0.3787,70.0,0.5356,73.0,,,0.5668,78.0,0.7147,96.0,0.5388,95.0,0.4481,62.0,,,0.5495,84.0
2009-10-06,0.4038,67.0,0.3817,70.0,0.5499,76.0,,,0.5887,81.0,0.7151,96.0,0.5402,95.0,0.4464,61.0,,,0.5473,84.0
2009-10-05,0.3733,62.0,0.3849,71.0,0.5702,79.0,,,0.6133,85.0,0.7167,96.0,0.5413,95.0,0.6195,94.0,,,0.5545,85.0
2009-10-02,0.3382,54.0,0.3821,70.0,0.6031,83.0,,,0.5402,73.0,0.7193,96.0,0.5426,95.0,0.5646,89.0,,,0.4998,74.0
2009-10-01,0.3318,53.0,0.3809,70.0,0.5398,74.0,,,0.6091,84.0,0.7236,96.0,0.5454,95.0,0.5967,92.0,,,0.5547,85.0
2009-09-30,0.36,59.0,0.322,56.0,0.7172,93.0,,,0.5017,66.0,0.7262,96.0,0.5434,95.0,0.6161,93.0,,,0.495,73.0
2009-09-29,0.1616,10.0,0.2535,32.0,0.5247,71.0,,,0.3985,38.0,0.7218,96.0,0.5416,95.0,0.5211,81.0,,,0.3985,39.0
2009-09-28,0.2083,21.0,0.2669,37.0,0.7104,93.0,,,0.5731,79.0,0.7325,96.0,0.5521,95.0,0.6505,96.0,,,0.6091,92.0
2009-09-25,0.2234,25.0,0.264,36.0,0.4833,62.0,,,0.619,85.0,0.7327,96.0,0.5551,95.0,0.4831,70.0,,,0.4939,72.0
2009-09-24,0.1852,15.0,0.2752,40.0,0.4724,59.0,,,0.5236,70.0,0.7321,96.0,0.5564,95.0,0.5893,91.0,,,0.5689,87.0
2009-09-23,0.2018,19.0,0.2815,42.0,0.5373,73.0,,,0.392,35.0,0.7351,96.0,0.5588,95.0,0.5438,86.0,,,0.5312,80.0
2009-09-22,0.1617,10.0,0.2837,43.0,0.442,51.0,,,0.5198,69.0,0.7405,96.0,0.5621,95.0,0.4925,73.0,,,0.5204,78.0
2009-09-21,0.1721,13.0,0.2924,46.0,0.4401,51.0,,,0.5826,80.0,0.7502,97.0,0.566,95.0,0.4788,69.0,,,0.5247,79.0
2009-09-18,0.14,7.0,0.2853,44.0,0.483,62.0,,,0.5595,77.0,0.7581,97.0,0.5706,95.0,0.4451,61.0,,,0.5291,80.0
2009-09-17,0.1315,5.0,0.2743,40.0,1.5852,100.0,,,0.6805,91.0,0.7623,97.0,0.5729,95.0,0.5743,90.0,,,0.6805,96.0
2009-09-16,0.2469,31.0,0.3044,50.0,1.6204,100.0,,,0.6299,87.0,0.7792,97.0,0.5807,95.0,0.4823,70.0,,,0.5156,77.0
2009-09-15,0.2356,28.0,0.3016,49.0,0.9461,99.0,,,0.5567,77.0,0.7808,97.0,0.5836,95.0,0.4762,69.0,,,0.4524,62.0
2009-09-14,0.3069,46.0,0.3694,68.0,0.4904,64.0,,,0.6122,84.0,0.781,97.0,0.5844,95.0,0.4821,70.0,,,0.5379,82.0
2009-09-11,0.3063,46.0,0.3844,71.0,0.4259,47.0,,,0.4549,55.0,0.7839,98.0,0.5914,95.0,0.6283,94.0,,,0.4549,63.0
2009-09-10,0.3718,61.0,0.4305,79.0,0.5171,69.0,,,0.707,92.0,0.7849,98.0,0.5939,95.0,0.5298,83.0,,,0.4938,72.0
2009-09-09,0.3713,61.0,0.4261,78.0,0.5905,81.0,,,0.5798,80.0,0.7874,98.0,0.5947,95.0,0.5496,87.0,,,0.5301,80.0
2009-09-08,0.3668,60.0,0.4321,79.0,0.5274,71.0,,,0.5485,75.0,0.7874,98.0,0.5951,95.0,0.4741,68.0,,,0.4382,57.0
2009-09-04,0.3452,56.0,0.4215,77.0,0.5182,69.0,,,0.6034,83.0,0.7927,98.0,0.6026,95.0,0.5131,79.0,,,0.5399,82.0
2009-09-03,0.4706,75.0,0.466,83.0,0.4835,62.0,,,0.6491,88.0,0.7953,98.0,0.6054,95.0,0.501,75.0,,,0.5845,89.0
2009-09-02,0.4116,68.0,0.4137,76.0,0.6662,90.0,,,0.6719,90.0,0.8021,98.0,0.607,95.0,0.5698,90.0,,,0.5836,89.0
2009-09-01,0.5198,80.0,0.4527,81.0,0.5754,79.0,,,0.4832,62.0,0.8035,98.0,0.607,95.0,0.6163,93.0,,,0.5071,75.0
2009-08-31,0.5067,78.0,0.4297,79.0,0.5592,77.0,,,0.491,63.0,0.8018,98.0,0.6067,95.0,0.5158,80.0,,,0.5584,86.0
2009-08-28,0.511,79.0,0.5122,87.0,0.5488,76.0,,,0.5836,81.0,0.8133,98.0,0.6096,96.0,0.6583,96.0,,,0.5542,85.0
2009-08-27,0.5072,78.0,0.5252,88.0,0.5332,73.0,,,0.5555,76.0,0.8141,98.0,0.6111,96.0,0.5428,86.0,,,0.5325,81.0
2009-08-26,0.5072,78.0,0.5278,88.0,0.4145,43.0,,,0.5619,77.0,0.816,98.0,0.6138,96.0,0.5264,82.0,,,0.5298,80.0
2009-08-25,0.4057,67.0,0.5046,86.0,0.542,74.0,,,0.4256,47.0,0.819,98.0,0.6142,96.0,0.5477,87.0,,,0.4999,74.0
2009-08-24,0.4056,67.0,0.5056,86.0,0.6358,87.0,,,0.4932,64.0,0.8197,98.0,0.6181,96.0,0.5966,92.0,,,0.502,75.0
2009-08-21,0.1881,16.0,0.4712,83.0,0.5523,76.0,,,0.4772,60.0,0.8165,98.0,0.62,96.0,0.4516,63.0,,,0.5746,88.0
2009-08-20,0.2037,20.0,0.4712,83.0,0.4976,65.0,,,0.6447,88.0,0.8208,98.0,0.6235,96.0,0.5432,86.0,,,0.495,73.0
2009-08-19,0.3331,53.0,0.4025,74.0,0.5444,75.0,,,0.6885,91.0,0.8222,98.0,0.6232,96.0,0.3446,19.0,,,0.4645,65.0
2009-08-18,0.3871,64.0,0.4968,85.0,0.4829,62.0,,,0.5788,80.0,0.8246,99.0,0.6243,96.0,0.5306,83.0,,,0.5779,89.0
2009-08-17,0.4381,71.0,0.4976,85.0,0.5229,70.0,,,0.5691,78.0,0.8248,99.0,0.6239,96.0,0.4991,75.0,,,0.6084,92.0
2009-08-14,0.4539,73.0,0.4974,85.0,0.5419,74.0,,,0.4711,59.0,0.8273,99.0,0.6257,96.0,0.5705,90.0,,,0.61,92.0
2009-08-13,0.466,75.0,0.5147,87.0,0.4841,62.0,,,0.5681,78.0,0.8289,99.0,0.6275,96.0,0.513,79.0,,,0.5643,87.0
2009-08-12,0.4642,75.0,0.5148,87.0,0.5269,71.0,,,0.4712,59.0,0.8334,99.0,0.6286,96.0,0.5393,85.0,,,0.6296,93.0
2009-08-11,0.4513,73.0,0.5026,86.0,0.5193,70.0,,,0.5894,81.0,0.833,99.0,0.6295,96.0,0.5566,88.0,,,0.5459,84.0
2009-08-10,0.3648,60.0,0.4994,86.0,0.5147,69.0,,,0.6067,84.0,0.8357,99.0,0.6349,96.0,0.5518,88.0,,,0.5914,90.0
2009-08-07,0.3057,46.0,0.373,68.0,0.4052,40.0,,,0.7024,92.0,0.836,99.0,0.6312,96.0,0.5251,82.0,,,0.593,90.0
2009-08-06,0.2146,23.0,0.4017,74.0,0.5535,76.0,,,0.5688,78.0,0.8378,99.0,0.6344,96.0,0.5602,88.0,,,0.6046,92.0
2009-08-05,0.2438,30.0,0.3863,71.0,0.5475,75.0,,,0.616,85.0,0.8379,99.0,0.635,96.0,0.5417,86.0,,,0.606,92.0
2009-08-04,0.2322,27.0,0.4001,74.0,0.4991,66.0,,,0.5584,77.0,0.8432,99.0,0.642,96.0,0.5141,79.0,,,0.5736,88.0
2009-08-03,0.2483,31.0,0.4338,79.0,0.4017,38.0,,,0.6593,89.0,0.8531,99.0,0.6609,96.0,0.5084,78.0,,,0.5511,85.0
2009-07-31,2.0467,100.0,0.7521,98.0,0.5518,76.0,,,0.5078,67.0,0.8542,99.0,0.6643,97.0,0.5391,85.0,,,0.5365,81.0
2009-07-30,2.0352,100.0,0.7558,98.0,0.5796,80.0,,,0.582,80.0,0.8544,99.0,0.6647,97.0,0.501,75.0,,,0.5489,84.0
2009-07-29,2.09,100.0,0.7771,98.0,0.6616,89.0,,,0.5375,73.0,0.8552,99.0,0.6672,97.0,0.572,90.0,,,0.6441,94.0
2009-07-28,2.0833,100.0,0.7659,98.0,0.5556,77.0,,,0.5375,73.0,0.856,100.0,0.6677,97.0,0.5463,87.0,,,0.5384,82.0
2009-07-27,2.0855,100.0,0.7831,98.0,0.4554,55.0,,,0.5925,82.0,0.8674,100.0,0.6717,97.0,0.5022,76.0,,,0.5304,80.0
2009-07-24,2.0713,100.0,0.7763,98.0,0.459,56.0,,,0.5773,79.0,0.8711,100.0,0.6716,97.0,0.5051,77.0,,,0.5478,84.0
2009-07-23,2.0844,100.0,0.8332,99.0,0.6285,86.0,,,0.6549,89.0,0.8712,100.0,0.6717,97.0,0.4331,56.0,,,0.5712,88.0
2009-07-22,0.7444,92.0,0.5682,91.0,0.7665,95.0,,,0.6647,90.0,0.7277,96.0,0.6572,96.0,0.6062,93.0,,,0.6505,94.0
2009-07-21,0.7361,92.0,0.5912,92.0,0.7955,96.0,,,0.553,76.0,0.7278,96.0,0.6578,96.0,0.656,96.0,,,0.6064,92.0
2009-07-20,0.6302,87.0,0.5866,92.0,0.6449,88.0,,,0.7407,94.0,0.7285,96.0,0.6587,96.0,0.5347,84.0,,,0.6137,92.0
2009-07-17,0.654,88.0,0.576,91.0,0.6638,89.0,,,0.6338,87.0,0.7331,96.0,0.6617,96.0,0.6295,94.0,,,0.6321,93.0
2009-07-16,0.5963,85.0,0.5518,90.0,0.6498,88.0,,,0.6359,87.0,0.7403,96.0,0.663,97.0,0.6235,94.0,,,0.6272,93.0
2009-07-15,0.6638,89.0,0.5364,88.0,0.6288,86.0,,,0.6492,88.0,0.7401,96.0,0.6653,97.0,0.6228,94.0,,,0.6355,93.0
2009-07-14,0.3214,51.0,0.4287,78.0,0.6079,84.0,,,0.7872,96.0,0.7309,96.0,0.6651,97.0,0.6061,93.0,,,0.6882,96.0
2009-07-13,0.4993,78.0,0.4686,83.0,0.6644,89.0,,,0.6957,92.0,0.733,96.0,0.6714,97.0,0.6461,95.0,,,0.6617,95.0
2009-07-10,0.579,84.0,0.4548,82.0,0.6174,85.0,,,0.8356,98.0,0.7328,96.0,0.6702,97.0,0.6136,93.0,,,0.7038,97.0
2009-07-09,0.5558,82.0,0.4326,79.0,0.6859,91.0,,,0.665,90.0,0.7326,96.0,0.6704,97.0,0.6335,95.0,,,0.6702,95.0
2009-07-08,0.5671,83.0,0.4882,85.0,0.7528,95.0,,,0.6632,90.0,0.7429,96.0,0.6748,97.0,0.6858,97.0,,,0.6774,96.0
2009-07-07,0.6179,86.0,0.519,87.0,0.7191,93.0,,,0.6453,88.0,0.7429,96.0,0.6774,97.0,0.6609,96.0,,,0.668,95.0
2009-07-06,0.632,87.0,0.5362,88.0,0.6258,86.0,,,0.8241,97.0,0.7456,97.0,0.6789,97.0,0.6108,93.0,,,0.6622,95.0
2009-07-02,0.6152,86.0,0.515,87.0,0.6454,88.0,,,0.6538,89.0,0.748,97.0,0.6795,97.0,0.6234,94.0,,,0.6563,94.0
2009-07-01,0.2771,38.0,0.473,84.0,0.6026,83.0,,,0.6073,84.0,0.7412,96.0,0.6784,97.0,0.6179,94.0,,,0.6329,93.0
2009-06-30,0.4591,74.0,0.4643,83.0,0.6603,89.0,,,0.5425,73.0,0.7398,96.0,0.6782,97.0,0.6516,96.0,,,0.6453,94.0
2009-06-29,0.6331,87.0,0.5747,91.0,0.6542,89.0,,,0.622,86.0,0.7437,96.0,0.6822,97.0,0.6434,95.0,,,0.6441,94.0
2009-06-26,0.6339,87.0,0.5327,88.0,0.6077,84.0,,,0.6949,92.0,0.7459,97.0,0.6819,97.0,0.6171,93.0,,,0.6568,95.0
2009-06-25,0.6241,87.0,0.5344,88.0,0.6255,86.0,,,0.6796,91.0,0.7476,97.0,0.683,97.0,0.6402,95.0,,,0.6596,95.0
2009-06-24,0.5901,85.0,0.563,90.0,0.6837,91.0,,,0.6643,90.0,0.7478,97.0,0.6825,97.0,0.6438,95.0,,,0.6563,94.0
2009-06-23,0.562,83.0,0.5919,92.0,0.7182,93.0,,,0.6937,91.0,0.7472,97.0,0.6826,97.0,0.66,96.0,,,0.6712,95.0
2009-06-22,0.5474,82.0,0.6124,93.0,0.7685,95.0,,,0.6414,88.0,0.7474,97.0,0.6853,97.0,0.6543,96.0,,,0.6835,96.0
2009-06-19,0.5155,79.0,0.5958,92.0,0.8441,98.0,,,0.5552,76.0,0.7491,97.0,0.6926,97.0,0.7603,99.0,,,0.6177,92.0
2009-06-18,0.3929,65.0,0.508,86.0,0.6423,87.0,,,0.6591,89.0,0.7436,96.0,0.6898,97.0,0.6733,97.0,,,0.6909,96.0
2009-06-17,0.3699,61.0,0.5202,87.0,0.6551,89.0,,,0.6309,87.0,0.7437,96.0,0.6938,97.0,0.6978,98.0,,,0.6946,96.0
2009-06-16,0.2496,31.0,0.4821,84.0,0.7157,93.0,,,0.6306,87.0,0.7446,97.0,0.695,97.0,0.6841,97.0,,,0.6978,97.0
2009-06-15,0.4231,69.0,0.466,83.0,0.7258,93.0,,,0.6237,86.0,0.7654,97.0,0.7023,97.0,0.6956,98.0,,,0.6953,96.0
2009-06-12,0.3224,51.0,0.4631,83.0,0.6369,87.0,,,0.6231,86.0,0.7645,97.0,0.7032,97.0,0.6732,97.0,,,0.6821,96.0
2009-06-11,0.3631,60.0,0.4516,81.0,0.6489,88.0,,,0.6466,88.0,0.7736,97.0,0.7129,97.0,0.6797,97.0,,,0.6838,96.0
2009-06-10,0.3732,62.0,0.483,84.0,0.6196,85.0,,,0.6333,87.0,0.7964,98.0,0.7208,97.0,0.6708,96.0,,,0.6876,96.0
2009-06-09,0.6392,88.0,0.5382,89.0,0.655,89.0,,,0.6258,86.0,0.7981,98.0,0.7208,97.0,0.6925,97.0,,,0.6778,96.0
2009-06-08,0.6344,87.0,0.5235,88.0,0.7612,95.0,,,0.6335,87.0,0.7996,98.0,0.7251,98.0,0.6823,97.0,,,0.6932,96.0
2009-06-05,0.5991,85.0,0.5577,90.0,0.6089,84.0,,,0.6085,84.0,0.799,98.0,0.7264,98.0,0.6834,97.0,,,0.6783,96.0
2009-06-04,0.7209,91.0,0.5735,91.0,0.5696,79.0,,,0.6317,87.0,0.8033,98.0,0.7299,98.0,0.6718,96.0,,,0.6981,97.0
2009-06-03,0.8116,94.0,0.6651,95.0,0.6218,85.0,,,0.6409,88.0,0.8034,98.0,0.7302,98.0,0.6478,95.0,,,0.6905,96.0
2009-06-02,0.8187,94.0,0.6633,95.0,0.6147,84.0,,,0.6155,85.0,0.8056,98.0,0.7328,98.0,0.6844,97.0,,,0.6809,96.0
2009-06-01,0.8255,94.0,0.6435,94.0,0.6339,87.0,,,0.6416,88.0,0.8129,98.0,0.7353,98.0,0.6877,97.0,,,0.699,97.0
2009-05-29,0.6074,86.0,0.5884,92.0,0.6547,89.0,,,0.6863,91.0,0.823,99.0,0.7377,98.0,0.6841,97.0,,,0.7165,98.0
2009-05-28,0.6098,86.0,0.5831,91.0,0.7118,93.0,,,0.6869,91.0,0.8262,99.0,0.7386,98.0,0.7017,98.0,,,0.7104,97.0
2009-05-27,0.6298,87.0,0.5584,90.0,0.8107,97.0,,,0.5388,73.0,0.8326,99.0,0.7446,98.0,0.7189,98.0,,,0.643,94.0
2009-05-26,0.5328,80.0,0.516,87.0,0.6443,87.0,,,0.6915,91.0,0.8294,99.0,0.746,98.0,0.6811,97.0,,,0.7052,97.0
2009-05-22,0.2803,39.0,0.3465,63.0,0.7741,95.0,,,0.6067,84.0,0.8309,99.0,0.7451,98.0,0.7282,99.0,,,0.6613,95.0
2009-05-21,0.2606,34.0,0.3213,56.0,0.6912,92.0,,,0.7351,94.0,0.8346,99.0,0.7555,98.0,0.6921,97.0,,,0.7061,97.0
2009-05-20,0.2676,36.0,0.346,63.0,0.7745,95.0,,,0.6056,83.0,0.8456,99.0,0.7624,98.0,0.7023,98.0,,,0.6771,96.0
2009-05-19,0.3686,61.0,0.4266,78.0,0.7148,93.0,,,0.7161,93.0,0.8489,99.0,0.7647,98.0,0.7222,99.0,,,0.7225,98.0
2009-05-18,0.4514,73.0,0.4634,83.0,0.5748,79.0,,,0.7325,94.0,0.8481,99.0,0.7681,98.0,0.6614,96.0,,,0.7145,97.0
2009-05-15,0.5267,80.0,0.5282,88.0,0.7504,94.0,,,0.7283,94.0,0.8536,99.0,0.7725,98.0,0.7198,98.0,,,0.7153,98.0
2009-05-14,0.5982,85.0,0.5893,92.0,0.7274,94.0,,,0.713,93.0,0.865,100.0,0.7762,98.0,0.7136,98.0,,,0.7159,98.0
2009-05-13,0.6621,89.0,0.6153,93.0,0.7187,93.0,,,0.7231,93.0,0.8732,100.0,0.7897,99.0,0.7367,99.0,,,0.7489,99.0
2009-05-12,0.7495,92.0,0.641,94.0,0.5958,82.0,,,0.737,94.0,0.8794,100.0,0.7918,99.0,0.7106,98.0,,,0.7895,100.0
2009-05-11,0.7643,92.0,0.6274,94.0,0.5929,82.0,,,0.8148,97.0,0.8799,100.0,0.7918,99.0,0.6679,96.0,,,0.7989,100.0
2009-05-08,0.7159,91.0,0.5896,92.0,0.7466,94.0,,,0.7316,94.0,0.8811,100.0,0.7929,99.0,0.7418,99.0,,,0.7319,98.0
2009-05-07,0.7288,91.0,0.6106,93.0,0.8932,98.0,,,0.6063,83.0,0.8787,100.0,0.7932,99.0,0.7732,100.0,,,0.7264,98.0
2009-05-06,0.708,91.0,0.6009,93.0,0.8225,97.0,,,0.6655,90.0,0.8774,100.0,0.7912,99.0,0.7723,100.0,,,0.7494,99.0
2009-05-05,0.6567,89.0,0.5465,89.0,0.9411,99.0,,,0.6636,90.0,0.8792,100.0,0.79,99.0,0.7495,99.0,,,0.7294,98.0
2009-05-04,0.5641,83.0,0.581,91.0,0.6908,92.0,,,0.7273,94.0,0.8767,100.0,0.7894,99.0,0.7072,98.0,,,0.7334,98.0
2009-05-01,0.6131,86.0,0.7264,97.0,0.8543,98.0,,,0.654,89.0,0.874,100.0,0.7895,99.0,0.7353,99.0,,,0.738,98.0
2009-04-30,0.8074,94.0,0.8965,99.0,0.7847,96.0,,,0.6484,88.0,0.8742,100.0,0.7922,99.0,0.7448,99.0,,,0.7225,98.0
2009-04-29,0.7734,93.0,0.9143,99.0,0.6817,91.0,,,0.7165,93.0,0.8745,100.0,0.7925,99.0,0.7147,98.0,,,0.7357,98.0
2009-04-28,1.0203,97.0,0.9341,100.0,0.6955,92.0,,,0.7494,95.0,0.8728,100.0,0.7944,99.0,0.7181,98.0,,,0.7774,100.0
2009-04-27,1.0782,98.0,0.9197,99.0,0.7503,94.0,,,0.7277,94.0,0.8777,100.0,0.7981,99.0,0.7233,99.0,,,0.7587,99.0
2009-04-24,1.0871,98.0,0.9289,99.0,0.7365,94.0,,,0.7157,93.0,0.8817,100.0,0.799,99.0,0.7136,98.0,,,0.7343,98.0
2009-04-23,1.0996,98.0,0.9118,99.0,0.784,96.0,,,0.7537,95.0,0.8849,100.0,0.8005,99.0,0.7047,98.0,,,0.7114,97.0
2009-04-22,1.0877,98.0,0.7992,98.0,0.8053,97.0,,,0.7028,92.0,0.8876,100.0,0.7972,99.0,0.6806,97.0,,,0.7566,99.0
2009-04-21,0.9452,97.0,0.6183,93.0,0.7305,94.0,,,0.7512,95.0,0.8811,100.0,0.7893,99.0,0.7104,98.0,,,0.7762,100.0
2009-04-20,0.9711,97.0,0.5842,91.0,0.9256,99.0,,,0.5517,75.0,0.882,100.0,0.7877,99.0,0.8266,100.0,,,0.7003,97.0
2009-04-17,0.6424,88.0,0.5203,87.0,0.5979,82.0,,,0.6994,92.0,0.8685,100.0,0.7889,99.0,0.5918,91.0,,,0.6725,95.0
2009-04-16,0.7497,92.0,0.5384,89.0,0.6196,85.0,,,0.7536,95.0,0.8657,100.0,0.795,99.0,0.6752,97.0,,,0.7435,99.0
2009-04-15,0.7571,92.0,0.5068,86.0,0.5917,82.0,,,0.7718,96.0,0.8641,100.0,0.8001,99.0,0.671,96.0,,,0.7431,99.0
2009-04-14,0.7085,91.0,0.4737,84.0,0.715,93.0,,,0.7104,93.0,0.8714,100.0,0.8034,99.0,0.7206,99.0,,,0.7203,98.0
2009-04-13,0.8421,95.0,0.6323,94.0,0.6154,85.0,,,0.7276,94.0,0.8803,100.0,0.8317,100.0,0.6811,97.0,,,0.7378,98.0
2009-04-09,0.8198,94.0,0.66,95.0,0.5891,81.0,,,0.6571,89.0,0.8801,100.0,0.8372,100.0,0.7031,98.0,,,0.7297,98.0
2009-04-08,0.8059,94.0,0.6641,95.0,0.6029,83.0,,,0.7654,96.0,0.8803,100.0,0.8646,100.0,0.6996,98.0,,,0.7729,100.0
2009-04-07,0.8158,94.0,0.6793,96.0,0.7769,96.0,,,0.6067,84.0,0.8936,100.0,0.8751,100.0,0.7736,100.0,,,0.7005,97.0
2009-04-06,0.8215,94.0,0.6878,96.0,0.7914,96.0,,,0.6305,87.0,0.8911,100.0,0.8745,100.0,0.7503,99.0,,,0.7346,98.0
2009-04-03,0.9213,96.0,0.7405,97.0,0.6048,83.0,,,0.7034,92.0,0.8909,100.0,0.8775,100.0,0.68,97.0,,,0.7331,98.0
2009-04-02,0.9993,97.0,0.7974,98.0,0.6522,88.0,,,0.6184,85.0,0.8962,100.0,0.882,100.0,0.6777,97.0,,,0.7592,99.0
2009-04-01,0.9782,97.0,0.6963,96.0,0.6335,86.0,,,0.7842,96.0,0.8859,100.0,0.877,100.0,0.6892,97.0,,,0.762,100.0
2009-03-31,1.1936,99.0,0.7646,98.0,0.7482,94.0,,,0.623,86.0,0.892,100.0,0.8778,100.0,0.7615,99.0,,,0.7475,99.0
2009-03-30,1.2342,99.0,0.7903,98.0,0.7086,93.0,,,0.7705,96.0,0.8919,100.0,0.8773,100.0,0.7317,99.0,,,0.7593,99.0
2009-03-27,1.1692,99.0,0.7738,98.0,0.7378,94.0,,,0.5619,77.0,0.8948,100.0,0.8774,100.0,0.7692,100.0,,,0.715,97.0
2009-03-26,1.0212,98.0,0.8245,99.0,0.6326,86.0,,,0.6819,91.0,0.8944,100.0,0.8773,100.0,0.7209,99.0,,,0.7597,100.0
2009-03-25,0.9616,97.0,0.8117,99.0,0.5752,79.0,,,0.796,97.0,0.8848,100.0,0.8762,100.0,0.7021,98.0,,,0.7721,100.0
2009-03-24,0.9721,97.0,0.7617,98.0,0.7224,93.0,,,0.7225,93.0,0.8761,100.0,0.8733,100.0,0.811,100.0,,,0.7388,98.0
2009-03-23,0.8508,95.0,0.731,97.0,0.6603,89.0,,,0.7436,95.0,0.8738,100.0,0.8717,100.0,0.7026,98.0,,,0.7772,100.0
2009-03-20,0.6732,89.0,0.7422,97.0,0.7989,96.0,,,0.6925,91.0,0.8554,99.0,0.8666,100.0,0.7699,100.0,,,0.7358,98.0
2009-03-19,0.6968,90.0,0.7421,97.0,0.6595,89.0,,,0.723,93.0,0.8547,99.0,0.865,100.0,0.7534,99.0,,,0.7602,100.0
2009-03-18,0.8114,94.0,0.7825,98.0,0.7003,92.0,,,0.7784,96.0,0.8551,99.0,0.8662,100.0,0.7472,99.0,,,0.7918,100.0
2009-03-17,0.8402,95.0,0.6918,96.0,0.7029,92.0,,,0.8188,97.0,0.8549,99.0,0.8692,100.0,0.7211,99.0,,,0.7951,100.0
2009-03-16,0.8269,94.0,0.6771,96.0,0.7864,96.0,,,0.7335,94.0,0.8557,99.0,0.8682,100.0,0.7716,100.0,,,0.7448,99.0
2009-03-13,1.0052,97.0,0.7063,97.0,0.7364,94.0,,,0.7966,97.0,0.858,100.0,0.8694,100.0,0.7317,99.0,,,0.7767,100.0
2009-03-12,1.0236,98.0,0.7283,97.0,0.6574,89.0,,,0.8323,98.0,0.8602,100.0,0.8698,100.0,0.7438,99.0,,,0.8149,100.0
2009-03-11,0.9246,96.0,0.6471,94.0,0.8392,98.0,,,0.7391,94.0,0.8522,99.0,0.8639,100.0,0.829,100.0,,,0.7498,99.0
2009-03-10,0.9667,97.0,0.638,94.0,0.7641,95.0,,,0.8106,97.0,0.8511,99.0,0.8619,100.0,0.766,99.0,,,0.7924,100.0
2009-03-09,0.695,90.0,0.6422,94.0,0.938,99.0,,,0.7842,96.0,0.8407,99.0,0.8595,100.0,0.806,100.0,,,0.7579,99.0
2009-03-06,0.695,90.0,0.6971,96.0,0.7433,94.0,,,0.8546,98.0,0.8403,99.0,0.8601,100.0,0.7532,99.0,,,0.7655,100.0
2009-03-05,0.6393,88.0,0.7408,97.0,1.1261,100.0,,,0.6419,88.0,0.8397,99.0,0.8606,100.0,0.7958,100.0,,,0.7456,99.0
2009-03-04,0.6456,88.0,0.7475,98.0,0.7759,96.0,,,0.8384,98.0,0.8312,99.0,0.8588,100.0,0.7701,100.0,,,0.7528,99.0
2009-03-03,0.5354,81.0,0.7502,98.0,0.8763,98.0,,,0.7363,94.0,0.8297,99.0,0.858,100.0,0.797,100.0,,,0.7485,99.0
2009-03-02,0.5488,82.0,0.7075,97.0,0.9964,99.0,,,0.676,91.0,0.8294,99.0,0.8559,100.0,0.806,100.0,,,0.7464,99.0
2009-02-27,0.5065,78.0,0.7122,97.0,0.72,93.0,,,0.7615,96.0,0.8273,99.0,0.8547,100.0,0.7795,100.0,,,0.7509,99.0
2009-02-26,0.6324,87.0,0.6813,96.0,0.8566,98.0,,,0.7191,93.0,0.8271,99.0,0.8519,100.0,0.8248,100.0,,,0.7032,97.0
2009-02-25,0.6842,90.0,0.642,94.0,0.8156,97.0,,,0.7339,94.0,0.8284,99.0,0.85,100.0,0.8413,100.0,,,0.7161,98.0
2009-02-24,0.6381,87.0,0.5976,92.0,0.6712,90.0,,,0.7024,92.0,0.8258,99.0,0.8468,100.0,0.7379,99.0,,,0.7342,98.0
2009-02-23,0.589,85.0,0.6501,95.0,0.8544,98.0,,,0.648,88.0,0.8233,99.0,0.8445,100.0,0.8393,100.0,,,0.6959,96.0
2009-02-20,0.6787,89.0,0.6339,94.0,0.7271,93.0,,,0.7119,93.0,0.8219,98.0,0.8431,100.0,0.7582,99.0,,,0.7518,99.0
2009-02-19,0.7098,91.0,0.6946,96.0,0.8728,98.0,,,0.653,89.0,0.8232,99.0,0.8431,100.0,0.7959,100.0,,,0.7063,97.0
2009-02-18,0.6882,90.0,0.6751,96.0,0.7529,95.0,,,0.742,94.0,0.8216,98.0,0.8414,100.0,0.7343,99.0,,,0.7402,99.0
2009-02-17,0.8027,94.0,0.769,98.0,0.732,94.0,,,0.9885,100.0,0.819,98.0,0.8402,100.0,0.7461,99.0,,,0.7449,99.0
2009-02-13,0.8949,96.0,1.0018,100.0,0.7271,93.0,,,0.9415,99.0,0.8163,98.0,0.8398,100.0,0.702,98.0,,,0.71,97.0
2009-02-12,0.9386,97.0,1.0245,100.0,0.6787,91.0,,,0.9229,99.0,0.8169,98.0,0.8391,100.0,0.6948,98.0,,,0.7225,98.0
2009-02-11,0.8843,96.0,0.9675,100.0,0.6485,88.0,,,1.0307,100.0,0.8132,98.0,0.8352,100.0,0.6879,97.0,,,0.7402,99.0
2009-02-10,0.869,95.0,0.9829,100.0,0.746,94.0,,,0.8525,98.0,0.811,98.0,0.8343,100.0,0.7997,100.0,,,0.7071,97.0
2009-02-09,0.8258,94.0,0.9641,100.0,0.8071,97.0,,,0.9085,99.0,0.8089,98.0,0.8316,100.0,0.6882,97.0,,,0.7139,97.0
2009-02-06,1.0288,98.0,0.9987,100.0,0.8041,97.0,,,0.835,98.0,0.8104,98.0,0.8312,99.0,0.6779,97.0,,,0.7065,97.0
2009-02-05,0.9922,97.0,0.9208,99.0,0.8321,97.0,,,0.9184,99.0,0.8067,98.0,0.8265,99.0,0.6754,97.0,,,0.6885,96.0
2009-02-04,0.8352,95.0,0.6654,95.0,0.9124,99.0,,,0.8722,98.0,0.8022,98.0,0.813,99.0,0.6722,97.0,,,0.6951,96.0
2009-02-03,0.8589,95.0,0.6321,94.0,0.7715,95.0,,,1.0663,100.0,0.8005,98.0,0.8101,99.0,0.593,91.0,,,0.6913,96.0
2009-02-02,0.8575,95.0,0.6394,94.0,0.7801,96.0,,,0.9049,99.0,0.8006,98.0,0.8098,99.0,0.6532,96.0,,,0.7503,99.0
2009-01-30,0.8737,95.0,0.6355,94.0,1.0548,100.0,,,0.8297,98.0,0.8019,98.0,0.8082,99.0,0.7292,99.0,,,0.689,96.0
2009-01-29,0.9534,97.0,0.6663,95.0,1.0935,100.0,,,0.7779,96.0,0.8017,98.0,0.8081,99.0,0.7571,99.0,,,0.6894,96.0
2009-01-28,0.8548,95.0,0.6392,94.0,0.795,96.0,,,0.7834,96.0,0.7905,98.0,0.805,99.0,0.6653,96.0,,,0.6704,95.0
2009-01-27,0.7871,93.0,0.6728,95.0,0.807,97.0,,,0.8275,97.0,0.7854,98.0,0.8044,99.0,0.6608,96.0,,,0.7051,97.0
2009-01-26,0.8863,96.0,0.7336,97.0,0.7365,94.0,,,0.8615,98.0,0.7846,98.0,0.803,99.0,0.647,95.0,,,0.7242,98.0
2009-01-23,0.8787,96.0,0.8107,99.0,0.9328,99.0,,,0.8174,97.0,0.7838,97.0,0.803,99.0,0.7163,98.0,,,0.7076,97.0
2009-01-22,0.8928,96.0,0.8016,98.0,0.8493,98.0,,,0.7948,97.0,0.7838,97.0,0.8018,99.0,0.6931,97.0,,,0.6937,96.0
2009-01-21,0.8582,95.0,0.7872,98.0,0.7077,92.0,,,0.8567,98.0,0.7819,97.0,0.8002,99.0,0.6251,94.0,,,0.7552,99.0
2009-01-20,0.8621,95.0,0.8021,98.0,0.9109,99.0,,,0.7905,96.0,0.7759,97.0,0.7971,99.0,0.7567,99.0,,,0.7091,97.0
2009-01-16,0.7788,93.0,0.8029,98.0,0.6884,91.0,,,0.8166,97.0,0.7691,97.0,0.7951,99.0,0.6117,93.0,,,0.7168,98.0
2009-01-15,0.8165,94.0,0.7827,98.0,0.7315,94.0,,,0.8056,97.0,0.7691,97.0,0.7927,99.0,0.6212,94.0,,,0.707,97.0
2009-01-14,0.7252,91.0,0.727,97.0,0.659,89.0,,,0.8427,98.0,0.7623,97.0,0.788,99.0,0.6606,96.0,,,0.7402,99.0
2009-01-13,0.6995,90.0,0.6216,93.0,0.7461,94.0,,,0.7799,96.0,0.7602,97.0,0.7827,99.0,0.6578,96.0,,,0.7143,97.0
2009-01-12,0.7302,91.0,0.6304,94.0,0.8335,97.0,,,0.7545,95.0,0.775,97.0,0.7835,99.0,0.679,97.0,,,0.6749,95.0
2009-01-09,0.8239,94.0,0.6861,96.0,1.0254,100.0,,,0.6951,92.0,0.7765,97.0,0.7839,99.0,0.7127,98.0,,,0.6516,94.0
2009-01-08,0.5904,85.0,0.6381,94.0,0.7633,95.0,,,0.7288,94.0,0.767,97.0,0.7804,99.0,0.6736,97.0,,,0.6769,95.0
2009-01-07,0.7071,90.0,0.6372,94.0,0.7463,94.0,,,0.8267,97.0,0.7686,97.0,0.7799,99.0,0.672,96.0,,,0.6689,95.0
2009-01-06,0.5744,84.0,0.612,93.0,0.7431,94.0,,,0.8728,98.0,0.7656,97.0,0.7788,98.0,0.6192,94.0,,,0.7098,97.0
2009-01-05,0.5492,82.0,0.5824,91.0,0.8547,98.0,,,0.7166,93.0,0.7628,97.0,0.7785,98.0,0.6576,96.0,,,0.6713,95.0
2009-01-02,0.5535,82.0,0.6253,93.0,0.6702,90.0,,,0.7676,96.0,0.7636,97.0,0.7788,98.0,0.6193,94.0,,,0.7016,97.0
2008-12-31,0.7119,91.0,0.7515,98.0,0.7442,94.0,,,0.7628,96.0,0.7653,97.0,0.7789,98.0,0.6467,95.0,,,0.6696,95.0
2008-12-30,0.6328,87.0,0.7175,97.0,0.6859,91.0,,,0.9382,99.0,0.7612,97.0,0.7757,98.0,0.5954,92.0,,,0.7243,98.0
2008-12-29,0.5535,82.0,0.7579,98.0,0.7665,95.0,,,0.8243,97.0,0.7597,97.0,0.7748,98.0,0.6638,96.0,,,0.6665,95.0
2008-12-26,0.5468,82.0,0.7599,98.0,0.7316,94.0,,,0.8426,98.0,0.7591,97.0,0.7738,98.0,0.6291,94.0,,,0.7093,97.0
2008-12-24,0.938,97.0,0.8953,99.0,0.8201,97.0,,,0.8517,98.0,0.7576,97.0,0.7746,98.0,0.6056,93.0,,,0.6511,94.0
2008-12-23,1.0,97.0,0.9252,99.0,0.7212,93.0,,,0.7708,96.0,0.7576,97.0,0.7756,98.0,0.6645,96.0,,,0.6484,94.0
2008-12-22,1.0891,98.0,1.0285,100.0,0.695,92.0,,,0.8323,98.0,0.7575,97.0,0.7735,98.0,0.6306,94.0,,,0.6644,95.0
2008-12-19,1.3521,99.0,1.0298,100.0,0.7541,95.0,,,0.7131,93.0,0.7549,97.0,0.767,98.0,0.6407,95.0,,,0.6549,94.0
2008-12-18,1.3621,99.0,1.0159,100.0,0.7619,95.0,,,0.7949,97.0,0.7614,97.0,0.7684,98.0,0.6453,95.0,,,0.6832,96.0
2008-12-17,1.3521,99.0,1.0289,100.0,0.7933,96.0,,,0.7948,97.0,0.7623,97.0,0.7653,98.0,0.6388,95.0,,,0.6915,96.0
2008-12-16,1.3544,99.0,1.012,100.0,0.8009,96.0,,,0.9094,99.0,0.7604,97.0,0.7629,98.0,0.5866,91.0,,,0.7014,97.0
2008-12-15,1.1912,99.0,0.9578,100.0,0.8689,98.0,,,0.8372,98.0,0.7371,96.0,0.7563,98.0,0.7154,98.0,,,0.6964,97.0
2008-12-12,1.1379,99.0,0.949,100.0,0.6688,90.0,,,1.4123,100.0,0.7391,96.0,0.7552,98.0,0.5726,90.0,,,0.7988,100.0
2008-12-11,1.0735,98.0,0.8454,99.0,1.0034,99.0,,,0.6994,92.0,0.7281,96.0,0.7452,98.0,0.8104,100.0,,,0.6866,96.0
2008-12-10,0.4725,75.0,0.7794,98.0,0.7842,96.0,,,1.0132,100.0,0.7057,96.0,0.7376,98.0,0.6473,95.0,,,0.733,98.0
2008-12-09,1.0894,98.0,0.8519,99.0,0.9318,99.0,,,0.8342,98.0,0.704,96.0,0.7371,98.0,0.6965,98.0,,,0.7262,98.0
2008-12-08,1.1514,99.0,0.7891,98.0,0.9766,99.0,,,0.8585,98.0,0.7043,96.0,0.7325,98.0,0.7221,99.0,,,0.7451,99.0
2008-12-05,1.2155,99.0,0.8854,99.0,0.8327,97.0,,,0.9965,100.0,0.7045,96.0,0.7315,98.0,0.6349,95.0,,,0.7513,99.0
2008-12-04,1.1674,99.0,0.8658,99.0,0.9065,99.0,,,1.0299,100.0,0.6992,95.0,0.7276,98.0,0.7054,98.0,,,0.7255,98.0
2008-12-03,1.223,99.0,0.9115,99.0,0.8871,98.0,,,1.0922,100.0,0.6998,95.0,0.7262,98.0,0.6492,95.0,,,0.7519,99.0
2008-12-02,1.2418,99.0,1.0181,100.0,0.7576,95.0,,,1.0456,100.0,0.6947,95.0,0.7231,98.0,0.6474,95.0,,,0.7953,100.0
2008-12-01,1.3384,99.0,1.0646,100.0,1.1929,100.0,,,0.875,99.0,0.6922,95.0,0.7217,98.0,0.8375,100.0,,,0.7047,97.0
2008-11-28,1.1322,99.0,1.033,100.0,1.0058,100.0,,,0.7957,97.0,0.6736,95.0,0.7165,97.0,0.7422,99.0,,,0.6885,96.0
2008-11-26,1.061,98.0,1.0619,100.0,0.8004,96.0,,,0.9253,99.0,0.6719,95.0,0.7163,97.0,0.6278,94.0,,,0.7501,99.0
2008-11-25,1.056,98.0,1.0305,100.0,0.8177,97.0,,,0.9892,100.0,0.6632,95.0,0.7095,97.0,0.6525,96.0,,,0.7522,99.0
2008-11-24,1.2335,99.0,1.0399,100.0,0.8188,97.0,,,0.9773,100.0,0.661,94.0,0.7068,97.0,0.6181,94.0,,,0.7738,100.0
2008-11-21,1.269,99.0,1.1541,100.0,0.8033,96.0,,,1.0602,100.0,0.6521,94.0,0.7022,97.0,0.6473,95.0,,,0.8191,100.0
2008-11-20,1.2249,99.0,1.048,100.0,1.1709,100.0,,,0.9905,100.0,0.6451,94.0,0.6912,97.0,0.8183,100.0,,,0.7759,100.0
2008-11-19,1.124,99.0,0.9643,100.0,1.1287,100.0,,,0.9525,99.0,0.6335,94.0,0.6831,97.0,0.7785,100.0,,,0.7333,98.0
2008-11-18,1.1097,98.0,0.9788,100.0,0.9485,99.0,,,1.0172,100.0,0.6315,94.0,0.6805,97.0,0.7116,98.0,,,0.7422,99.0
2008-11-17,1.106,98.0,0.953,100.0,0.9252,99.0,,,1.0445,100.0,0.6332,94.0,0.6777,97.0,0.6497,96.0,,,0.7919,100.0
2008-11-14,0.9298,97.0,0.8924,99.0,1.4962,100.0,,,0.8511,98.0,0.6258,93.0,0.6727,97.0,0.8237,100.0,,,0.6891,96.0
2008-11-13,0.8352,95.0,0.8536,99.0,0.6877,91.0,,,1.0955,100.0,0.6118,92.0,0.6684,97.0,0.6368,95.0,,,0.8381,100.0
2008-11-12,0.5459,82.0,0.6094,93.0,1.347,100.0,,,0.8699,98.0,0.5978,90.0,0.6523,96.0,0.8015,100.0,,,0.7377,98.0
2008-11-11,0.4459,72.0,0.5903,92.0,1.0421,100.0,,,0.905,99.0,0.5893,89.0,0.6501,96.0,0.725,99.0,,,0.7361,98.0
2008-11-10,0.5444,82.0,0.636,94.0,0.9209,99.0,,,0.8466,98.0,0.5889,89.0,0.6503,96.0,0.7883,100.0,,,0.7024,97.0
2008-11-07,0.5572,82.0,0.5819,91.0,0.8859,98.0,,,0.8612,98.0,0.5862,89.0,0.6458,96.0,0.7195,98.0,,,0.7272,98.0
2008-11-06,0.5967,85.0,0.6378,94.0,0.887,98.0,,,0.779,96.0,0.587,89.0,0.6445,96.0,0.7624,99.0,,,0.7455,99.0
2008-11-05,0.676,89.0,0.7465,98.0,0.9639,99.0,,,0.8029,97.0,0.5869,89.0,0.6436,96.0,0.6901,97.0,,,0.6849,96.0
2008-11-04,0.6727,89.0,0.7429,97.0,0.812,97.0,,,0.9636,100.0,0.5875,89.0,0.6434,96.0,0.6208,94.0,,,0.6967,97.0
2008-11-03,0.7983,93.0,0.8055,99.0,0.8873,98.0,,,0.7595,95.0,0.5858,89.0,0.6424,96.0,0.6918,97.0,,,0.6937,96.0
2008-10-31,0.9321,97.0,0.862,99.0,0.8426,98.0,,,0.9621,99.0,0.5854,89.0,0.641,96.0,0.6114,93.0,,,0.7731,100.0
2008-10-30,0.928,96.0,0.85,99.0,0.746,94.0,,,0.9272,99.0,0.5836,88.0,0.6376,96.0,0.6393,95.0,,,0.7224,98.0
2008-10-29,0.876,96.0,0.8368,99.0,0.8968,99.0,,,0.8928,99.0,0.5826,88.0,0.6364,96.0,0.6789,97.0,,,0.7141,97.0
2008-10-28,0.7562,92.0,0.8486,99.0,0.7795,96.0,,,0.9328,99.0,0.5793,87.0,0.6312,96.0,0.6184,94.0,,,0.7436,99.0
2008-10-27,0.481,76.0,0.871,99.0,1.079,100.0,,,0.8322,98.0,0.5702,86.0,0.6236,96.0,0.7457,99.0,,,0.7256,98.0
2008-10-24,0.4919,77.0,0.9461,100.0,0.9187,99.0,,,0.8043,97.0,0.5645,85.0,0.6217,96.0,0.6761,97.0,,,0.7449,99.0
2008-10-23,0.5901,85.0,0.9565,100.0,0.8351,97.0,,,0.8497,98.0,0.5594,84.0,0.6168,96.0,0.6767,97.0,,,0.7068,97.0
2008-10-22,0.6835,90.0,1.2783,100.0,0.7921,96.0,,,0.7968,97.0,0.5503,82.0,0.611,96.0,0.6969,98.0,,,0.7392,99.0
2008-10-21,0.7228,91.0,1.3274,100.0,0.8037,97.0,,,0.8136,97.0,0.547,81.0,0.6082,96.0,0.6512,96.0,,,0.6916,96.0
2008-10-20,0.8514,95.0,1.6101,100.0,0.753,95.0,,,0.7855,96.0,0.5452,80.0,0.6078,96.0,0.5998,92.0,,,0.6566,94.0
2008-10-17,1.0307,98.0,1.6764,100.0,0.7774,96.0,,,0.747,95.0,0.5454,80.0,0.6025,95.0,0.6815,97.0,,,0.709,97.0
2008-10-16,0.9653,97.0,1.6249,100.0,0.7678,95.0,,,0.9588,99.0,0.5449,80.0,0.5932,95.0,0.6433,95.0,,,0.7168,98.0
2008-10-15,0.9323,97.0,1.5994,100.0,0.8246,97.0,,,0.741,94.0,0.545,80.0,0.5856,95.0,0.7401,99.0,,,0.6932,96.0
2008-10-14,0.9077,96.0,1.6032,100.0,0.831,97.0,,,0.8134,97.0,0.5307,77.0,0.5793,95.0,0.7192,98.0,,,0.66,95.0
2008-10-13,0.82,94.0,1.3306,100.0,0.966,99.0,,,1.2403,100.0,0.5107,72.0,0.5376,95.0,0.5883,91.0,,,0.7034,97.0
2008-10-10,0.8163,94.0,1.2926,100.0,0.8548,98.0,,,1.052,100.0,0.514,73.0,0.5318,95.0,0.5834,91.0,,,0.6487,94.0
2008-10-09,0.6054,86.0,0.9126,99.0,1.3858,100.0,,,0.9744,100.0,0.5153,74.0,0.4862,90.0,0.6562,96.0,,,0.6527,94.0
2008-10-08,0.7209,91.0,0.7306,97.0,0.758,95.0,,,0.7434,95.0,0.4884,69.0,0.4666,88.0,0.593,91.0,,,0.6129,92.0
2008-10-07,0.7386,92.0,0.7488,98.0,1.0506,100.0,,,0.8902,99.0,0.4863,69.0,0.4646,88.0,0.5974,92.0,,,0.588,90.0
2008-10-06,0.7932,93.0,0.7122,97.0,0.927,99.0,,,0.9471,99.0,0.4835,69.0,0.4589,87.0,0.5492,87.0,,,0.6388,93.0
2008-10-03,0.7303,91.0,0.6039,93.0,0.8802,98.0,,,0.7287,94.0,0.4714,65.0,0.4507,85.0,0.5682,89.0,,,0.572,88.0
2008-10-02,0.7295,91.0,0.5668,91.0,0.648,88.0,,,0.6008,83.0,0.4779,67.0,0.452,86.0,0.5567,88.0,,,0.5696,88.0
2008-10-01,0.5614,83.0,0.4858,84.0,0.6009,83.0,,,0.7076,92.0,0.4639,64.0,0.4462,84.0,0.5125,79.0,,,0.5549,85.0
2008-09-30,0.5611,83.0,0.4934,85.0,0.5993,83.0,,,0.6756,90.0,0.4638,64.0,0.4456,84.0,0.503,76.0,,,0.5955,90.0
2008-09-29,0.4347,71.0,0.5027,86.0,0.7605,95.0,,,0.7148,93.0,0.4577,62.0,0.4427,83.0,0.5961,92.0,,,0.6027,91.0
2008-09-26,0.4093,67.0,0.6543,95.0,0.578,80.0,,,0.6713,90.0,0.4506,60.0,0.4392,83.0,0.5169,80.0,,,0.5929,90.0
2008-09-25,0.5626,83.0,0.6422,94.0,0.6341,87.0,,,0.6104,84.0,0.4501,60.0,0.438,83.0,0.5225,81.0,,,0.5619,87.0
2008-09-24,0.6362,87.0,0.679,96.0,0.6467,88.0,,,0.5958,82.0,0.4503,60.0,0.4387,83.0,0.5394,85.0,,,0.5228,79.0
2008-09-23,0.711,91.0,0.6895,96.0,0.6083,84.0,,,0.6108,84.0,0.4498,59.0,0.4381,83.0,0.5153,80.0,,,0.5306,80.0
2008-09-22,0.7144,91.0,0.6848,96.0,0.6144,84.0,,,0.5745,79.0,0.4508,60.0,0.4382,83.0,0.529,83.0,,,0.5305,80.0
2008-09-19,0.7105,91.0,0.6769,96.0,0.4836,62.0,,,0.5559,76.0,0.4509,60.0,0.4382,83.0,0.4462,61.0,,,0.4785,69.0
2008-09-18,0.6945,90.0,0.6388,94.0,0.3454,22.0,,,1.4597,100.0,0.4506,60.0,0.4346,82.0,0.466,66.0,,,0.5975,91.0
2008-09-17,0.5867,85.0,0.4462,80.0,0.738,94.0,,,0.4851,62.0,0.445,57.0,0.419,79.0,0.5667,89.0,,,0.5349,81.0
2008-09-16,0.4935,77.0,0.4731,84.0,0.4548,55.0,,,0.6413,88.0,0.4401,55.0,0.4208,80.0,0.4477,62.0,,,0.5485,84.0
2008-09-15,0.3475,56.0,0.416,76.0,0.6053,83.0,,,0.5558,76.0,0.4361,53.0,0.4206,80.0,0.536,85.0,,,0.5353,81.0
2008-09-12,0.2639,35.0,0.4097,76.0,0.5216,70.0,,,0.5523,76.0,0.4291,51.0,0.4194,80.0,0.5221,81.0,,,0.5492,84.0
2008-09-11,0.2617,34.0,0.4201,77.0,0.5334,73.0,,,0.4731,59.0,0.4384,54.0,0.4219,80.0,0.5077,77.0,,,0.5617,86.0
2008-09-10,0.3385,55.0,0.4319,79.0,0.5251,71.0,,,0.4877,63.0,0.4388,54.0,0.4235,80.0,0.5221,81.0,,,0.5345,81.0
2008-09-09,0.3308,53.0,0.4251,78.0,0.5949,82.0,,,0.4879,63.0,0.4411,55.0,0.4257,80.0,0.5672,89.0,,,0.521,78.0
2008-09-08,0.3836,63.0,0.4252,78.0,0.5259,71.0,,,0.5704,78.0,0.4489,59.0,0.4291,81.0,0.5283,82.0,,,0.5414,83.0
2008-09-05,0.351,57.0,0.3628,67.0,0.4511,54.0,,,0.4202,45.0,0.4504,60.0,0.4274,81.0,0.515,79.0,,,0.5396,82.0
2008-09-04,0.3495,57.0,0.3583,66.0,0.4681,57.0,,,0.4096,41.0,0.4708,65.0,0.4343,82.0,0.5361,85.0,,,0.5245,79.0
2008-09-03,0.2733,37.0,0.3406,61.0,0.4777,61.0,,,0.5298,71.0,0.4688,64.0,0.4334,82.0,0.5033,76.0,,,0.5443,83.0
2008-09-02,0.2957,43.0,0.3394,61.0,0.4856,62.0,,,0.5254,71.0,0.4693,64.0,0.4331,82.0,0.522,81.0,,,0.5364,81.0
2008-08-29,0.3134,48.0,0.3277,57.0,0.4381,50.0,,,0.43,48.0,0.4751,65.0,0.4346,82.0,0.529,83.0,,,0.532,81.0
2008-08-28,0.3092,47.0,0.3379,60.0,0.3861,33.0,,,0.3848,33.0,0.4754,66.0,0.4365,82.0,0.5112,78.0,,,0.5459,84.0
2008-08-27,0.3096,47.0,0.3255,57.0,0.4114,42.0,,,0.4454,53.0,0.4742,65.0,0.4364,82.0,0.5141,79.0,,,0.5321,81.0
2008-08-26,0.3308,53.0,0.3562,65.0,0.4051,39.0,,,0.5093,67.0,0.4778,67.0,0.4474,84.0,0.5347,84.0,,,0.5466,84.0
2008-08-25,0.3155,49.0,0.3809,70.0,0.4359,50.0,,,0.4819,61.0,0.4783,67.0,0.4512,86.0,0.5275,82.0,,,0.54,82.0
2008-08-22,0.3285,52.0,0.3752,69.0,0.4185,44.0,,,0.4475,53.0,0.4803,68.0,0.4516,86.0,0.5188,81.0,,,0.5448,83.0
2008-08-21,0.2626,35.0,0.3743,69.0,0.4507,54.0,,,0.4403,51.0,0.4796,68.0,0.4532,86.0,0.5313,83.0,,,0.5431,83.0
2008-08-20,0.335,54.0,0.3917,72.0,0.4191,45.0,,,0.4662,57.0,0.4789,67.0,0.4543,86.0,0.535,84.0,,,0.5483,84.0
2008-08-19,0.4926,77.0,0.4313,79.0,0.4432,52.0,,,0.4463,53.0,0.479,67.0,0.4547,86.0,0.5553,88.0,,,0.5325,81.0
2008-08-18,0.5752,84.0,0.469,83.0,0.4404,51.0,,,0.4911,63.0,0.4771,66.0,0.4538,86.0,0.5461,87.0,,,0.5412,83.0
2008-08-15,0.5432,81.0,0.451,81.0,0.4198,45.0,,,0.4614,57.0,0.4752,65.0,0.4538,86.0,0.5325,84.0,,,0.5301,80.0
2008-08-14,0.534,80.0,0.4432,80.0,0.4252,47.0,,,0.4475,53.0,0.4755,66.0,0.4535,86.0,0.5126,79.0,,,0.5545,85.0
2008-08-13,0.5638,83.0,0.4528,81.0,0.436,50.0,,,0.4748,60.0,0.4764,66.0,0.455,87.0,0.5175,80.0,,,0.5464,84.0
2008-08-12,0.6093,86.0,0.496,85.0,0.5775,80.0,,,0.4474,53.0,0.4771,66.0,0.455,87.0,0.5376,85.0,,,0.5217,79.0
2008-08-11,0.4691,75.0,0.4893,85.0,0.4281,48.0,,,0.4734,59.0,0.4734,65.0,0.4565,87.0,0.4981,74.0,,,0.568,87.0
2008-08-08,0.44,72.0,0.4571,82.0,0.4514,54.0,,,0.4936,64.0,0.4719,65.0,0.4547,86.0,0.5205,81.0,,,0.5737,88.0
2008-08-07,0.3502,57.0,0.3971,73.0,0.4504,54.0,,,0.4852,62.0,0.4662,64.0,0.4511,86.0,0.5333,84.0,,,0.5424,83.0
2008-08-06,0.3795,62.0,0.4428,80.0,0.4507,54.0,,,0.5526,76.0,0.4658,64.0,0.4512,86.0,0.5116,79.0,,,0.5707,88.0
2008-08-05,0.3812,63.0,0.424,78.0,0.4545,55.0,,,0.5254,71.0,0.465,64.0,0.4527,86.0,0.5245,82.0,,,0.5528,85.0
2008-08-04,0.3072,47.0,0.4189,77.0,0.5068,67.0,,,0.4994,65.0,0.4618,63.0,0.4528,86.0,0.5272,82.0,,,0.5541,85.0
2008-08-01,0.2804,39.0,0.3647,67.0,0.4595,56.0,,,0.5093,67.0,0.4803,68.0,0.4586,87.0,0.5223,81.0,,,0.5679,87.0
2008-07-31,0.275,38.0,0.3589,66.0,0.4896,63.0,,,0.4792,61.0,0.4848,69.0,0.4586,87.0,0.5357,85.0,,,0.5505,85.0
2008-07-30,0.2752,38.0,0.3484,63.0,0.4628,57.0,,,0.5316,72.0,0.4909,70.0,0.4624,88.0,0.5423,86.0,,,0.5506,85.0
2008-07-29,0.2673,36.0,0.3361,60.0,0.4681,57.0,,,0.49,63.0,0.4941,70.0,0.4654,88.0,0.5331,84.0,,,0.569,87.0
2008-07-28,0.1704,12.0,0.2943,47.0,0.5084,68.0,,,0.5136,68.0,0.4949,70.0,0.4807,90.0,0.5501,87.0,,,0.5625,87.0
2008-07-25,0.6611,89.0,0.3594,66.0,0.5265,71.0,,,0.4834,62.0,0.5041,71.0,0.484,90.0,0.5592,88.0,,,0.5406,82.0
2008-07-24,0.6608,89.0,0.4053,75.0,0.4856,62.0,,,0.5004,66.0,0.5067,71.0,0.4854,90.0,0.5525,88.0,,,0.5568,86.0
2008-07-23,0.6331,87.0,0.4188,77.0,0.4774,60.0,,,0.5135,68.0,0.5086,72.0,0.4871,90.0,0.5258,82.0,,,0.5652,87.0
2008-07-22,0.7234,91.0,0.4674,83.0,0.4853,62.0,,,0.513,68.0,0.5087,72.0,0.488,91.0,0.5366,85.0,,,0.565,87.0
2008-07-21,0.7237,91.0,0.4768,84.0,0.4648,57.0,,,0.51,67.0,0.5085,72.0,0.4891,91.0,0.5392,85.0,,,0.5589,86.0
2008-07-18,0.7193,91.0,0.5149,87.0,0.4696,59.0,,,0.5074,67.0,0.5251,76.0,0.5038,92.0,0.5924,91.0,,,0.5795,89.0
2008-07-17,0.7354,92.0,0.5294,88.0,0.4719,59.0,,,0.4889,63.0,0.5247,75.0,0.5079,92.0,0.5526,88.0,,,0.5665,87.0
2008-07-16,0.4763,76.0,0.5201,87.0,0.6022,83.0,,,1.2045,100.0,0.5063,71.0,0.5113,92.0,0.5646,89.0,,,0.5805,89.0
2008-07-15,0.4402,72.0,0.4938,85.0,0.6126,84.0,,,0.553,76.0,0.5051,71.0,0.5129,92.0,0.5504,87.0,,,0.568,87.0
2008-07-14,0.4625,74.0,0.5021,86.0,0.565,78.0,,,0.9012,99.0,0.5053,71.0,0.5146,93.0,0.5518,88.0,,,0.531,80.0
2008-07-11,0.4828,76.0,0.4888,85.0,0.6619,89.0,,,0.9853,100.0,0.5036,71.0,0.5124,92.0,0.5052,77.0,,,0.5591,86.0
2008-07-10,0.4842,76.0,0.5081,86.0,0.8218,97.0,,,0.7486,95.0,0.5036,71.0,0.5125,92.0,0.5522,88.0,,,0.5427,83.0
2008-07-09,0.4917,77.0,0.5107,86.0,0.8653,98.0,,,0.7759,96.0,0.5041,71.0,0.5115,92.0,0.5444,86.0,,,0.5132,77.0
2008-07-08,0.4652,75.0,0.4939,85.0,0.7042,92.0,,,0.9164,99.0,0.5031,71.0,0.5115,92.0,0.4835,70.0,,,0.5557,86.0
2008-07-07,0.3903,65.0,0.4892,85.0,0.6827,91.0,,,0.6287,87.0,0.499,70.0,0.5108,92.0,0.513,79.0,,,0.5221,79.0
2008-07-03,0.6364,87.0,0.5596,90.0,0.6221,85.0,,,0.5795,80.0,0.5048,71.0,0.5134,92.0,0.4792,69.0,,,0.5249,79.0
2008-07-02,0.622,87.0,0.5631,90.0,0.626,86.0,,,0.581,80.0,0.5062,71.0,0.5129,92.0,0.5311,83.0,,,0.5169,78.0
2008-07-01,0.5823,85.0,0.5309,88.0,0.6113,84.0,,,0.5961,82.0,0.5082,72.0,0.513,92.0,0.5159,80.0,,,0.5303,80.0
2008-06-30,0.5881,85.0,0.5528,90.0,0.6556,89.0,,,0.5438,74.0,0.5131,73.0,0.5165,93.0,0.5392,85.0,,,0.4961,73.0
2008-06-27,0.6754,89.0,0.5502,89.0,0.6148,85.0,,,0.6508,89.0,0.5201,75.0,0.5174,93.0,0.5101,78.0,,,0.5299,80.0
2008-06-26,0.6793,90.0,0.5456,89.0,0.6743,90.0,,,0.5738,79.0,0.5209,75.0,0.517,93.0,0.5311,83.0,,,0.5149,77.0
2008-06-25,0.6341,87.0,0.5262,88.0,0.5645,78.0,,,0.6301,87.0,0.5189,74.0,0.5182,93.0,0.4951,74.0,,,0.4914,72.0
2008-06-24,0.4698,75.0,0.4467,80.0,0.5834,80.0,,,0.477,60.0,0.5094,72.0,0.5149,93.0,0.5396,86.0,,,0.4951,73.0
2008-06-23,0.4809,76.0,0.4332,79.0,0.5578,77.0,,,0.5231,70.0,0.5076,72.0,0.5132,92.0,0.5327,84.0,,,0.5077,76.0
2008-06-20,0.4712,75.0,0.4365,79.0,0.4644,57.0,,,0.545,74.0,0.5075,71.0,0.5178,93.0,0.5065,77.0,,,0.5271,79.0
2008-06-19,0.5687,84.0,0.403,75.0,0.4708,59.0,,,0.5243,70.0,0.5115,72.0,0.5174,93.0,0.4982,75.0,,,0.5311,80.0
2008-06-18,0.4922,77.0,0.3748,69.0,0.4914,64.0,,,0.7402,94.0,0.5067,71.0,0.516,93.0,0.5043,76.0,,,0.5081,76.0
2008-06-17,0.4972,78.0,0.3742,69.0,0.5302,72.0,,,0.4996,65.0,0.5079,72.0,0.5178,93.0,0.5203,81.0,,,0.51,76.0
2008-06-16,0.6845,90.0,0.4418,80.0,0.5154,69.0,,,0.6155,85.0,0.5087,72.0,0.519,93.0,0.5118,79.0,,,0.5335,81.0
2008-06-13,0.6944,90.0,0.4416,80.0,0.4708,59.0,,,0.5114,68.0,0.508,72.0,0.5187,93.0,0.5013,75.0,,,0.5274,79.0
2008-06-12,0.6614,89.0,0.4537,81.0,0.5079,67.0,,,0.5044,66.0,0.5164,74.0,0.5201,93.0,0.522,81.0,,,0.5215,79.0
2008-06-11,0.6535,88.0,0.472,84.0,0.5411,74.0,,,0.4502,54.0,0.5161,74.0,0.5198,93.0,0.5382,85.0,,,0.5012,74.0
2008-06-10,0.6141,86.0,0.4703,83.0,0.4648,57.0,,,0.5724,79.0,0.5127,73.0,0.5206,93.0,0.4845,71.0,,,0.5435,83.0
2008-06-09,0.6037,86.0,0.4706,83.0,0.4968,65.0,,,0.4293,48.0,0.5123,73.0,0.5213,94.0,0.5129,79.0,,,0.5103,76.0
2008-06-06,0.6467,88.0,0.487,85.0,0.5543,76.0,,,0.4471,53.0,0.5125,73.0,0.5216,94.0,0.5176,80.0,,,0.5076,76.0
2008-06-05,0.3774,62.0,0.4174,77.0,0.4258,47.0,,,0.4412,51.0,0.5028,71.0,0.5212,94.0,0.4947,73.0,,,0.5236,79.0
2008-06-04,0.3858,64.0,0.4178,77.0,0.4319,49.0,,,0.4612,56.0,0.5076,72.0,0.5234,94.0,0.5037,76.0,,,0.5109,76.0
2008-06-03,0.3933,65.0,0.4185,77.0,0.4834,62.0,,,0.4007,38.0,0.5068,71.0,0.5226,94.0,0.5143,79.0,,,0.509,76.0
2008-06-02,0.4575,74.0,0.4022,74.0,0.4151,43.0,,,0.477,60.0,0.5059,71.0,0.5211,93.0,0.5011,75.0,,,0.5106,76.0
2008-05-30,0.4238,69.0,0.3836,71.0,0.4134,43.0,,,0.4952,65.0,0.5046,71.0,0.5198,93.0,0.4766,69.0,,,0.5304,80.0
2008-05-29,0.4221,69.0,0.3684,68.0,0.3744,30.0,,,0.4449,52.0,0.5044,71.0,0.519,93.0,0.499,75.0,,,0.5374,82.0
2008-05-28,0.3961,66.0,0.3488,63.0,0.39,35.0,,,0.4072,40.0,0.5029,71.0,0.5173,93.0,0.5018,76.0,,,0.5207,78.0
2008-05-27,0.3929,65.0,0.3927,73.0,0.4369,50.0,,,0.4514,54.0,0.5058,71.0,0.5183,93.0,0.4962,74.0,,,0.532,81.0
2008-05-23,0.3338,53.0,0.3779,69.0,0.4785,61.0,,,0.433,49.0,0.5047,71.0,0.5187,93.0,0.5065,77.0,,,0.5395,82.0
2008-05-22,0.3151,49.0,0.3608,66.0,0.4987,65.0,,,0.4091,41.0,0.5068,71.0,0.5185,93.0,0.5124,79.0,,,0.5157,77.0
2008-05-21,0.1892,16.0,0.3433,62.0,0.4365,50.0,,,0.3987,38.0,0.5084,72.0,0.5197,93.0,0.5298,83.0,,,0.5257,79.0
2008-05-20,0.356,57.0,0.3835,71.0,0.4087,41.0,,,0.4176,44.0,0.5106,72.0,0.5197,93.0,0.5252,82.0,,,0.5374,82.0
2008-05-19,0.3764,62.0,0.3784,70.0,0.4313,48.0,,,0.4493,54.0,0.5108,72.0,0.521,93.0,0.5241,82.0,,,0.5309,80.0
2008-05-16,0.3695,61.0,0.374,69.0,0.4032,39.0,,,0.4445,52.0,0.5145,74.0,0.5211,93.0,0.5001,75.0,,,0.5291,80.0
2008-05-15,0.3581,59.0,0.3412,61.0,0.4048,39.0,,,0.4244,46.0,0.5154,74.0,0.5203,93.0,0.4949,74.0,,,0.5297,80.0
2008-05-14,0.3575,57.0,0.3548,65.0,0.4185,44.0,,,0.4248,46.0,0.5176,74.0,0.5212,94.0,0.498,74.0,,,0.5303,80.0
2008-05-13,0.3821,63.0,0.3262,57.0,0.3928,36.0,,,0.4874,63.0,0.5169,74.0,0.5211,93.0,0.5016,76.0,,,0.5225,79.0
2008-05-12,0.3847,64.0,0.3286,57.0,0.4113,42.0,,,0.4717,59.0,0.5222,75.0,0.5224,94.0,0.4891,72.0,,,0.5576,86.0
2008-05-09,0.1726,13.0,0.2564,32.0,0.4478,53.0,,,0.4176,44.0,0.5155,74.0,0.5211,93.0,0.5119,79.0,,,0.5421,83.0
2008-05-08,0.1882,16.0,0.2826,43.0,0.4633,57.0,,,0.465,57.0,0.5161,74.0,0.5216,94.0,0.5025,76.0,,,0.5274,79.0
2008-05-07,0.214,23.0,0.2789,42.0,0.4657,57.0,,,0.4485,53.0,0.5161,74.0,0.5216,94.0,0.5137,79.0,,,0.5177,78.0
2008-05-06,0.2206,24.0,0.2683,38.0,0.443,52.0,,,0.3687,28.0,0.5196,75.0,0.522,94.0,0.5035,76.0,,,0.5324,81.0
2008-05-05,0.1681,12.0,0.2667,37.0,0.4656,57.0,,,0.4566,55.0,0.5187,74.0,0.5218,94.0,0.5227,81.0,,,0.5161,77.0
2008-05-02,0.2011,19.0,0.3064,51.0,0.4511,54.0,,,0.4317,48.0,0.5194,75.0,0.5223,94.0,0.5186,80.0,,,0.5353,81.0
2008-05-01,0.2083,21.0,0.3218,56.0,0.4401,51.0,,,0.4215,46.0,0.5194,75.0,0.5225,94.0,0.5197,81.0,,,0.5387,82.0
2008-04-30,0.2183,24.0,0.35,64.0,0.4664,57.0,,,0.4613,56.0,0.521,75.0,0.5226,94.0,0.5046,77.0,,,0.5425,83.0
2008-04-29,0.2155,23.0,0.3444,62.0,0.4904,64.0,,,0.4425,52.0,0.5217,75.0,0.5226,94.0,0.5051,77.0,,,0.5423,83.0
2008-04-28,0.2322,27.0,0.3756,69.0,0.4777,61.0,,,0.4831,62.0,0.5212,75.0,0.5227,94.0,0.5269,82.0,,,0.5414,83.0
2008-04-25,0.3294,53.0,0.4693,83.0,0.4904,64.0,,,0.4541,55.0,0.5216,75.0,0.5235,94.0,0.5198,81.0,,,0.5429,83.0
2008-04-24,0.4687,75.0,0.4852,84.0,0.4815,61.0,,,0.4564,55.0,0.5222,75.0,0.5232,94.0,0.5065,77.0,,,0.5493,84.0
2008-04-23,0.5106,79.0,0.486,84.0,0.4906,64.0,,,0.4881,63.0,0.5213,75.0,0.5225,94.0,0.5172,80.0,,,0.5312,80.0
2008-04-22,0.5056,78.0,0.4808,84.0,0.4922,64.0,,,0.5,65.0,0.5221,75.0,0.5225,94.0,0.5047,77.0,,,0.5426,83.0
2008-04-21,0.5049,78.0,0.462,82.0,0.5235,70.0,,,0.5496,75.0,0.5244,75.0,0.5248,94.0,0.5025,76.0,,,0.5511,85.0
2008-04-18,0.4992,78.0,0.4743,84.0,0.5789,80.0,,,0.6158,85.0,0.53,76.0,0.5271,94.0,0.5244,82.0,,,0.5428,83.0
2008-04-17,0.6095,86.0,0.5193,87.0,0.5923,82.0,,,0.6429,88.0,0.5326,77.0,0.5271,94.0,0.5101,78.0,,,0.5544,85.0
2008-04-16,0.5562,82.0,0.4337,79.0,0.5413,74.0,,,1.2201,100.0,0.5561,83.0,0.5238,94.0,0.5004,75.0,,,0.5486,84.0
2008-04-15,0.4714,75.0,0.4025,74.0,0.586,81.0,,,0.9027,99.0,0.556,83.0,0.5243,94.0,0.5185,80.0,,,0.5454,84.0
2008-04-14,0.3756,62.0,0.3847,71.0,0.8929,98.0,,,0.6168,85.0,0.5531,82.0,0.5232,94.0,0.5289,83.0,,,0.546,84.0
2008-04-11,0.3687,61.0,0.3925,73.0,0.7881,96.0,,,0.5938,82.0,0.5532,83.0,0.5228,94.0,0.5338,84.0,,,0.5549,85.0
2008-04-10,0.3841,63.0,0.4187,77.0,0.6002,83.0,,,0.6935,91.0,0.5543,83.0,0.523,94.0,0.5422,86.0,,,0.5269,79.0
2008-04-09,0.4107,68.0,0.4178,77.0,0.6035,83.0,,,0.5771,79.0,0.5543,83.0,0.5231,94.0,0.5287,83.0,,,0.5306,80.0
2008-04-08,0.2325,27.0,0.3201,55.0,0.5549,77.0,,,0.6243,86.0,0.5486,81.0,0.5194,93.0,0.4969,74.0,,,0.5295,80.0
2008-04-07,0.2538,32.0,0.3326,59.0,0.6812,91.0,,,0.6446,88.0,0.5495,82.0,0.5195,93.0,0.5015,76.0,,,0.5149,77.0
2008-04-04,0.2114,22.0,0.3564,65.0,0.6391,87.0,,,0.5643,78.0,0.5487,81.0,0.52,93.0,0.5304,83.0,,,0.5257,79.0
2008-04-03,0.2104,22.0,0.3574,66.0,0.5681,79.0,,,0.6382,87.0,0.5512,82.0,0.5244,94.0,0.5043,76.0,,,0.5349,81.0
2008-04-02,0.2625,35.0,0.3462,63.0,0.5464,75.0,,,0.6264,86.0,0.5511,82.0,0.5236,94.0,0.5043,76.0,,,0.5293,80.0
2008-04-01,0.3713,61.0,0.3891,72.0,0.5688,79.0,,,0.6098,84.0,0.5514,82.0,0.5226,94.0,0.501,75.0,,,0.5322,81.0
2008-03-31,0.3855,64.0,0.4318,79.0,0.7074,92.0,,,0.5697,78.0,0.5509,82.0,0.5216,94.0,0.5375,85.0,,,0.5152,77.0
2008-03-28,0.3675,60.0,0.4369,80.0,0.6148,85.0,,,0.5849,81.0,0.5523,82.0,0.5227,94.0,0.5155,80.0,,,0.5167,77.0
2008-03-27,0.486,77.0,0.4683,83.0,0.657,89.0,,,0.5599,77.0,0.5522,82.0,0.523,94.0,0.5558,88.0,,,0.5128,77.0
2008-03-26,0.4827,76.0,0.4846,84.0,0.6463,88.0,,,0.5736,79.0,0.5523,82.0,0.523,94.0,0.5249,82.0,,,0.5118,76.0
2008-03-25,0.5185,80.0,0.5219,87.0,0.5633,78.0,,,0.5974,82.0,0.5519,82.0,0.5232,94.0,0.4796,69.0,,,0.5155,77.0
2008-03-24,0.596,85.0,0.593,92.0,0.5787,80.0,,,0.6098,84.0,0.5513,82.0,0.5236,94.0,0.5466,87.0,,,0.5491,84.0
2008-03-20,0.6518,88.0,0.5685,91.0,0.5451,75.0,,,0.6581,89.0,0.5483,81.0,0.5216,94.0,0.5094,78.0,,,0.539,82.0
2008-03-19,0.8451,95.0,0.6171,93.0,0.6508,88.0,,,0.5507,75.0,0.5473,81.0,0.5191,93.0,0.5147,79.0,,,0.5104,76.0
2008-03-18,0.8746,95.0,0.6155,93.0,0.5852,81.0,,,0.5998,83.0,0.5506,82.0,0.5206,93.0,0.5027,76.0,,,0.5107,76.0
2008-03-17,0.8215,94.0,0.5883,92.0,0.6685,90.0,,,0.6027,83.0,0.5427,79.0,0.5192,93.0,0.5204,81.0,,,0.5066,75.0
2008-03-14,0.8947,96.0,0.5952,92.0,0.6212,85.0,,,0.6221,86.0,0.5441,80.0,0.5184,93.0,0.5405,86.0,,,0.5518,85.0
2008-03-13,0.8741,95.0,0.5879,92.0,0.5829,80.0,,,0.5078,67.0,0.5438,80.0,0.5162,93.0,0.4993,75.0,,,0.5213,78.0
2008-03-12,0.7758,93.0,0.5411,89.0,0.5806,80.0,,,0.5533,76.0,0.5359,78.0,0.5118,92.0,0.5573,88.0,,,0.5154,77.0
2008-03-11,0.8054,94.0,0.6641,95.0,0.5678,79.0,,,0.5249,71.0,0.5343,77.0,0.5105,92.0,0.5024,76.0,,,0.5345,81.0
2008-03-10,0.4608,74.0,0.6269,93.0,0.6167,85.0,,,0.586,81.0,0.514,73.0,0.5047,92.0,0.5638,89.0,,,0.5505,85.0
2008-03-07,0.4808,76.0,0.6335,94.0,0.5655,78.0,,,0.6131,85.0,0.5175,74.0,0.5048,92.0,0.5212,81.0,,,0.5225,79.0
2008-03-06,0.5206,80.0,0.6562,95.0,0.5934,82.0,,,0.6141,85.0,0.5177,74.0,0.505,92.0,0.5292,83.0,,,0.5336,81.0
2008-03-05,0.4174,68.0,0.647,94.0,0.5835,80.0,,,0.5768,79.0,0.5179,74.0,0.5039,92.0,0.5117,79.0,,,0.5265,79.0
2008-03-04,0.4115,68.0,0.6328,94.0,0.5657,78.0,,,0.5636,78.0,0.5179,74.0,0.5025,92.0,0.5172,80.0,,,0.5529,85.0
2008-03-03,0.3951,66.0,0.617,93.0,0.5797,80.0,,,0.5523,76.0,0.5177,74.0,0.501,92.0,0.5083,78.0,,,0.5266,79.0
2008-02-29,0.289,41.0,0.4787,84.0,0.4864,63.0,,,0.5697,78.0,0.5136,73.0,0.4911,91.0,0.5106,78.0,,,0.5204,78.0
2008-02-28,0.2988,44.0,0.427,78.0,0.5964,82.0,,,0.5546,76.0,0.5136,73.0,0.4874,90.0,0.5158,80.0,,,0.4977,74.0
2008-02-27,0.166,11.0,0.4421,80.0,0.5647,78.0,,,0.4786,61.0,0.512,73.0,0.487,90.0,0.4928,73.0,,,0.5304,80.0
2008-02-26,0.2226,25.0,0.4125,76.0,0.5734,79.0,,,0.4175,44.0,0.5119,73.0,0.4852,90.0,0.497,74.0,,,0.5192,78.0
2008-02-25,0.2562,33.0,0.4335,79.0,0.5523,76.0,,,0.5448,74.0,0.5188,74.0,0.4867,90.0,0.4963,74.0,,,0.5212,78.0
2008-02-22,0.3443,56.0,0.4312,79.0,0.5536,76.0,,,0.5155,69.0,0.5223,75.0,0.4877,91.0,0.497,74.0,,,0.5161,77.0
2008-02-21,0.3439,56.0,0.4202,77.0,0.5768,80.0,,,0.511,68.0,0.5259,76.0,0.4879,91.0,0.5241,82.0,,,0.5163,77.0
2008-02-20,0.3407,55.0,0.4023,74.0,0.5067,67.0,,,0.5797,80.0,0.5263,76.0,0.4867,90.0,0.4845,71.0,,,0.5266,79.0
2008-02-19,0.3342,54.0,0.4278,78.0,0.4985,65.0,,,0.5248,70.0,0.5279,76.0,0.487,90.0,0.5258,82.0,,,0.5333,81.0
2008-02-15,0.3174,50.0,0.4127,76.0,0.5122,68.0,,,0.5617,77.0,0.5265,76.0,0.486,90.0,0.5289,83.0,,,0.5413,83.0
2008-02-14,0.6444,88.0,0.552,90.0,0.6291,86.0,,,0.5485,75.0,0.5273,76.0,0.4864,90.0,0.5352,85.0,,,0.5274,79.0
2008-02-13,0.6792,90.0,0.5233,87.0,0.5378,74.0,,,0.8205,97.0,0.5272,76.0,0.4916,91.0,0.4873,71.0,,,0.5443,83.0
2008-02-12,0.5792,84.0,0.578,91.0,0.6105,84.0,,,0.62,85.0,0.5257,76.0,0.4942,91.0,0.5101,78.0,,,0.5327,81.0
2008-02-11,0.6914,90.0,0.6239,93.0,0.6055,83.0,,,0.6156,85.0,0.5266,76.0,0.4949,91.0,0.5098,78.0,,,0.5454,84.0
2008-02-08,0.6842,90.0,0.8262,99.0,0.5578,77.0,,,0.5951,82.0,0.5267,76.0,0.4951,91.0,0.5417,86.0,,,0.5366,81.0
2008-02-07,0.8959,96.0,0.8365,99.0,0.6705,90.0,,,0.6051,83.0,0.5285,76.0,0.5001,92.0,0.5436,86.0,,,0.5378,82.0
2008-02-06,0.9611,97.0,0.8465,99.0,0.7149,93.0,,,0.5507,75.0,0.5566,83.0,0.5308,95.0,0.5695,90.0,,,0.5136,77.0
2008-02-05,0.8083,94.0,0.7813,98.0,0.6859,91.0,,,0.5425,73.0,0.5472,81.0,0.5253,94.0,0.5312,83.0,,,0.518,78.0
2008-02-04,0.7225,91.0,0.7884,98.0,0.5307,72.0,,,0.5774,79.0,0.5476,81.0,0.528,95.0,0.5176,80.0,,,0.5061,75.0
2008-02-01,0.5709,84.0,0.7569,98.0,0.4984,65.0,,,0.5629,77.0,0.5434,80.0,0.5255,94.0,0.4743,68.0,,,0.5269,79.0
2008-01-31,0.7161,91.0,0.8784,99.0,0.5113,68.0,,,0.6099,84.0,0.5404,79.0,0.5235,94.0,0.4881,72.0,,,0.5346,81.0
2008-01-30,0.5175,79.0,0.7501,98.0,0.5009,66.0,,,0.7818,96.0,0.5556,83.0,0.5196,93.0,0.4632,65.0,,,0.527,79.0
2008-01-29,0.6181,86.0,0.7811,98.0,0.6807,91.0,,,0.697,92.0,0.5462,81.0,0.5177,93.0,0.5081,77.0,,,0.5371,82.0
2008-01-28,0.6568,89.0,0.807,99.0,0.6852,91.0,,,0.8022,97.0,0.5434,80.0,0.5181,93.0,0.5184,80.0,,,0.5552,86.0
2008-01-25,0.6426,88.0,0.8144,99.0,0.6721,90.0,,,0.7034,92.0,0.5407,79.0,0.5168,93.0,0.536,85.0,,,0.5298,80.0
2008-01-24,0.6783,89.0,0.807,99.0,0.6604,89.0,,,0.7207,93.0,0.5407,79.0,0.5164,93.0,0.5084,78.0,,,0.519,78.0
2008-01-23,0.6775,89.0,0.8012,98.0,0.5236,70.0,,,0.9314,99.0,0.5424,79.0,0.5163,93.0,0.4825,70.0,,,0.5818,89.0
2008-01-22,0.3219,51.0,0.635,94.0,0.7859,96.0,,,0.7437,95.0,0.5259,76.0,0.5034,92.0,0.562,89.0,,,0.5828,89.0
2008-01-18,0.3241,51.0,0.5888,92.0,0.7768,96.0,,,0.7321,94.0,0.525,76.0,0.4985,91.0,0.5321,84.0,,,0.5356,81.0
2008-01-17,0.288,41.0,0.5113,87.0,0.7155,93.0,,,0.7499,95.0,0.5249,75.0,0.4933,91.0,0.5184,80.0,,,0.5482,84.0
2008-01-16,0.4181,69.0,0.5026,86.0,0.697,92.0,,,0.7591,95.0,0.5249,75.0,0.4908,91.0,0.527,82.0,,,0.5503,85.0
2008-01-15,0.4802,76.0,0.4703,83.0,0.709,93.0,,,0.7063,92.0,0.526,76.0,0.4892,91.0,0.5358,85.0,,,0.552,85.0
2008-01-14,0.5586,83.0,0.5004,86.0,0.687,91.0,,,0.7295,94.0,0.5964,90.0,0.4951,91.0,0.5159,80.0,,,0.5421,83.0
2008-01-11,0.601,86.0,0.5758,91.0,0.7592,95.0,,,0.6754,90.0,0.5975,90.0,0.4947,91.0,0.5568,88.0,,,0.5524,85.0
2008-01-10,0.6652,89.0,0.608,93.0,0.676,90.0,,,0.6763,91.0,0.5975,90.0,0.4937,91.0,0.5058,77.0,,,0.5402,82.0
2008-01-09,0.6057,86.0,0.5864,92.0,0.6995,92.0,,,0.6984,92.0,0.5966,90.0,0.492,91.0,0.5049,77.0,,,0.5507,85.0
2008-01-08,0.5346,80.0,0.612,93.0,0.6845,91.0,,,0.6975,92.0,0.5961,89.0,0.4908,91.0,0.5343,84.0,,,0.5336,81.0
2008-01-07,0.5702,84.0,0.5833,91.0,0.6534,88.0,,,0.6725,90.0,0.5936,89.0,0.487,90.0,0.4951,74.0,,,0.5566,86.0
2008-01-04,0.4179,69.0,0.5673,91.0,0.6822,91.0,,,0.689,91.0,0.5911,89.0,0.4861,90.0,0.5779,90.0,,,0.6024,91.0
2008-01-03,0.4121,68.0,0.6082,93.0,0.6502,88.0,,,0.5453,74.0,0.5879,89.0,0.4837,90.0,0.5216,81.0,,,0.5309,80.0
2008-01-02,0.5498,82.0,0.5678,91.0,0.6099,84.0,,,0.5208,70.0,0.5843,88.0,0.4778,90.0,0.5149,79.0,,,0.4924,72.0
2007-12-31,0.4183,69.0,0.5258,88.0,0.6448,87.0,,,0.4405,51.0,0.5783,87.0,0.4743,89.0,0.508,77.0,,,0.5047,75.0
2007-12-28,0.4305,70.0,0.5594,90.0,0.5482,75.0,,,0.4961,65.0,0.5778,87.0,0.4739,89.0,0.5142,79.0,,,0.5017,74.0
2007-12-27,0.427,70.0,0.5395,89.0,0.5262,71.0,,,0.4405,51.0,0.5765,87.0,0.471,89.0,0.4941,73.0,,,0.5168,78.0
2007-12-26,0.4379,71.0,0.5185,87.0,0.5041,67.0,,,0.4994,65.0,0.577,87.0,0.4692,88.0,0.4935,73.0,,,0.5172,78.0
2007-12-24,0.6483,88.0,0.5604,90.0,0.4471,53.0,,,0.5292,71.0,0.577,87.0,0.4694,89.0,0.4507,63.0,,,0.5029,75.0
2007-12-21,0.648,88.0,0.4758,84.0,0.4149,43.0,,,0.5837,81.0,0.577,87.0,0.4637,88.0,0.4824,70.0,,,0.5163,77.0
2007-12-20,0.5636,83.0,0.4688,83.0,0.5285,72.0,,,0.5041,66.0,0.5729,86.0,0.4611,88.0,0.4915,73.0,,,0.5131,77.0
2007-12-19,0.5654,83.0,0.4883,85.0,0.5411,74.0,,,0.509,67.0,0.5726,86.0,0.4603,88.0,0.4913,72.0,,,0.5249,79.0
